time,ts,utm_x,utm_y,z,utm_zone_n,utm_zone_l,heading,inx_x,inx_y,inx_z,inx_yaw,raw
1785191210067,6731150000000000,88D0AA01,0781A033,662D0000,12000000,4C000000,6E730000,00000000,00000000,00000000,F0FEFFFF,673115000000000088D0AA010781A033662D0000120000004C0000006E730000000000000000000000000000F0FEFFFF
1785191210067,CB31150000000000,88D0AA01,0781A033,662D0000,12000000,4C000000,6E730000,00000000,00000000,00000000,F0FEFFFF,CB3115000000000088D0AA010781A033662D0000120000004C0000006E730000000000000000000000000000F0FEFFFF
1785191210067,2F32150000000000,88D0AA01,0781A033,662D0000,12000000,4C000000,6E730000,00000000,00000000,00000000,F0FEFFFF,2F3215000000000088D0AA010781A033662D0000120000004C0000006E730000000000000000000000000000F0FEFFFF
1785191210067,9332150000000000,88D0AA01,0781A033,662D0000,12000000,4C000000,6E730000,00000000,00000000,00000000,F0FEFFFF,933215000000000088D0AA010781A033662D0000120000004C0000006E730000000000000000000000000000F0FEFFFF
1785191211067,F732150000000000,88D0AA01,0781A033,662D0000,12000000,4C000000,6E730000,00000000,00000000,00000000,F0FEFFFF,F73215000000000088D0AA010781A033662D0000120000004C0000006E730000000000000000000000000000F0FEFFFF
1785191211067,5C33150000000000,88D0AA01,0781A033,662D0000,12000000,4C000000,6E730000,00000000,00000000,00000000,F0FEFFFF,5C3315000000000088D0AA010781A033662D0000120000004C0000006E730000000000000000000000000000F0FEFFFF
1785191211067,C033150000000000,88D0AA01,0781A033,662D0000,12000000,4C000000,6E730000,00000000,00000000,00000000,F0FEFFFF,C03315000000000088D0AA010781A033662D0000120000004C0000006E730000000000000000000000000000F0FEFFFF
1785191211067,2434150000000000,88D0AA01,0781A033,662D0000,12000000,4C000000,6E730000,00000000,00000000,00000000,F0FEFFFF,243415000000000088D0AA010781A033662D0000120000004C0000006E730000000000000000000000000000F0FEFFFF
1785191211067,8834150000000000,88D0AA01,0781A033,662D0000,12000000,4C000000,6E730000,00000000,00000000,00000000,F0FEFFFF,883415000000000088D0AA010781A033662D0000120000004C0000006E730000000000000000000000000000F0FEFFFF
1785191211067,EC34150000000000,88D0AA01,0781A033,662D0000,12000000,4C000000,6E730000,00000000,00000000,00000000,F0FEFFFF,EC3415000000000088D0AA010781A033662D0000120000004C0000006E730000000000000000000000000000F0FEFFFF
1785191211067,5035150000000000,88D0AA01,0781A033,662D0000,12000000,4C000000,6E730000,00000000,00000000,00000000,F0FEFFFF,503515000000000088D0AA010781A033662D0000120000004C0000006E730000000000000000000000000000F0FEFFFF
1785191211067,B435150000000000,88D0AA01,0781A033,662D0000,12000000,4C000000,6E730000,00000000,00000000,00000000,F0FEFFFF,B43515000000000088D0AA010781A033662D0000120000004C0000006E730000000000000000000000000000F0FEFFFF
1785191211067,1936150000000000,88D0AA01,0781A033,662D0000,12000000,4C000000,6E730000,00000000,00000000,00000000,F0FEFFFF,193615000000000088D0AA010781A033662D0000120000004C0000006E730000000000000000000000000000F0FEFFFF
1785191211067,7D36150000000000,88D0AA01,0781A033,662D0000,12000000,4C000000,6E730000,00000000,00000000,00000000,F0FEFFFF,7D3615000000000088D0AA010781A033662D0000120000004C0000006E730000000000000000000000000000F0FEFFFF
1785191212067,E136150000000000,88D0AA01,0781A033,662D0000,12000000,4C000000,6E730000,00000000,00000000,00000000,F0FEFFFF,E13615000000000088D0AA010781A033662D0000120000004C0000006E730000000000000000000000000000F0FEFFFF
1785191212067,4537150000000000,88D0AA01,0781A033,662D0000,12000000,4C000000,6E730000,00000000,00000000,00000000,F0FEFFFF,453715000000000088D0AA010781A033662D0000120000004C0000006E730000000000000000000000000000F0FEFFFF
1785191212067,AA37150000000000,88D0AA01,0781A033,662D0000,12000000,4C000000,6E730000,00000000,00000000,00000000,F0FEFFFF,AA3715000000000088D0AA010781A033662D0000120000004C0000006E730000000000000000000000000000F0FEFFFF
1785191212067,0D38150000000000,88D0AA01,0781A033,662D0000,12000000,4C000000,6D730000,00000000,00000000,00000000,EFFEFFFF,0D3815000000000088D0AA010781A033662D0000120000004C0000006D730000000000000000000000000000EFFEFFFF
1785191212067,7138150000000000,88D0AA01,0781A033,662D0000,12000000,4C000000,6E730000,00000000,00000000,00000000,F0FEFFFF,713815000000000088D0AA010781A033662D0000120000004C0000006E730000000000000000000000000000F0FEFFFF
1785191212067,D538150000000000,88D0AA01,0781A033,662D0000,12000000,4C000000,6E730000,00000000,00000000,00000000,F0FEFFFF,D53815000000000088D0AA010781A033662D0000120000004C0000006E730000000000000000000000000000F0FEFFFF
1785191212067,3A39150000000000,88D0AA01,0781A033,662D0000,12000000,4C000000,6E730000,00000000,00000000,00000000,F0FEFFFF,3A3915000000000088D0AA010781A033662D0000120000004C0000006E730000000000000000000000000000F0FEFFFF
1785191212067,9E39150000000000,88D0AA01,0781A033,662D0000,12000000,4C000000,6E730000,00000000,00000000,00000000,F0FEFFFF,9E3915000000000088D0AA010781A033662D0000120000004C0000006E730000000000000000000000000000F0FEFFFF
1785191212067,023A150000000000,88D0AA01,0781A033,662D0000,12000000,4C000000,6E730000,00000000,00000000,00000000,F0FEFFFF,023A15000000000088D0AA010781A033662D0000120000004C0000006E730000000000000000000000000000F0FEFFFF
1785191212067,663A150000000000,88D0AA01,0781A033,662D0000,12000000,4C000000,6E730000,00000000,00000000,00000000,F0FEFFFF,663A15000000000088D0AA010781A033662D0000120000004C0000006E730000000000000000000000000000F0FEFFFF
1785191213067,CA3A150000000000,88D0AA01,0781A033,662D0000,12000000,4C000000,6E730000,00000000,00000000,00000000,F0FEFFFF,CA3A15000000000088D0AA010781A033662D0000120000004C0000006E730000000000000000000000000000F0FEFFFF
1785191213067,2E3B150000000000,88D0AA01,0781A033,662D0000,12000000,4C000000,6E730000,00000000,00000000,00000000,F0FEFFFF,2E3B15000000000088D0AA010781A033662D0000120000004C0000006E730000000000000000000000000000F0FEFFFF
1785191213067,923B150000000000,88D0AA01,0781A033,662D0000,12000000,4C000000,6E730000,00000000,00000000,00000000,F0FEFFFF,923B15000000000088D0AA010781A033662D0000120000004C0000006E730000000000000000000000000000F0FEFFFF
1785191213067,F73B150000000000,88D0AA01,0781A033,662D0000,12000000,4C000000,6E730000,00000000,00000000,00000000,F0FEFFFF,F73B15000000000088D0AA010781A033662D0000120000004C0000006E730000000000000000000000000000F0FEFFFF
1785191213067,5B3C150000000000,88D0AA01,0781A033,662D0000,12000000,4C000000,6E730000,00000000,00000000,00000000,F0FEFFFF,5B3C15000000000088D0AA010781A033662D0000120000004C0000006E730000000000000000000000000000F0FEFFFF
1785191213067,C23C150000000000,88D0AA01,0781A033,662D0000,12000000,4C000000,6E730000,00000000,00000000,00000000,F0FEFFFF,C23C15000000000088D0AA010781A033662D0000120000004C0000006E730000000000000000000000000000F0FEFFFF
1785191213067,233D150000000000,88D0AA01,0781A033,662D0000,12000000,4C000000,6E730000,00000000,00000000,00000000,F0FEFFFF,233D15000000000088D0AA010781A033662D0000120000004C0000006E730000000000000000000000000000F0FEFFFF
1785191213067,873D150000000000,88D0AA01,0781A033,662D0000,12000000,4C000000,6E730000,00000000,00000000,00000000,F0FEFFFF,873D15000000000088D0AA010781A033662D0000120000004C0000006E730000000000000000000000000000F0FEFFFF
1785191213067,EB3D150000000000,88D0AA01,0781A033,662D0000,12000000,4C000000,6E730000,00000000,00000000,00000000,F0FEFFFF,EB3D15000000000088D0AA010781A033662D0000120000004C0000006E730000000000000000000000000000F0FEFFFF
1785191213067,4F3E150000000000,88D0AA01,0781A033,662D0000,12000000,4C000000,6E730000,00000000,00000000,00000000,F0FEFFFF,4F3E15000000000088D0AA010781A033662D0000120000004C0000006E730000000000000000000000000000F0FEFFFF
1785191214067,183F150000000000,88D0AA01,0781A033,662D0000,12000000,4C000000,6E730000,00000000,00000000,00000000,F0FEFFFF,183F15000000000088D0AA010781A033662D0000120000004C0000006E730000000000000000000000000000F0FEFFFF
1785191214067,7C3F150000000000,88D0AA01,0781A033,662D0000,12000000,4C000000,6E730000,00000000,00000000,00000000,F0FEFFFF,7C3F15000000000088D0AA010781A033662D0000120000004C0000006E730000000000000000000000000000F0FEFFFF
1785191214067,E03F150000000000,88D0AA01,0781A033,662D0000,12000000,4C000000,6E730000,00000000,00000000,00000000,F0FEFFFF,E03F15000000000088D0AA010781A033662D0000120000004C0000006E730000000000000000000000000000F0FEFFFF
1785191214067,4440150000000000,88D0AA01,0781A033,662D0000,12000000,4C000000,6D730000,00000000,00000000,00000000,EFFEFFFF,444015000000000088D0AA010781A033662D0000120000004C0000006D730000000000000000000000000000EFFEFFFF
1785191214067,0C41150000000000,88D0AA01,0781A033,662D0000,12000000,4C000000,6D730000,00000000,00000000,00000000,EFFEFFFF,0C4115000000000088D0AA010781A033662D0000120000004C0000006D730000000000000000000000000000EFFEFFFF
1785191214067,7041150000000000,88D0AA01,0781A033,662D0000,12000000,4C000000,6D730000,00000000,00000000,00000000,EFFEFFFF,704115000000000088D0AA010781A033662D0000120000004C0000006D730000000000000000000000000000EFFEFFFF
1785191214067,D541150000000000,88D0AA01,0781A033,662D0000,12000000,4C000000,6D730000,00000000,00000000,00000000,EFFEFFFF,D54115000000000088D0AA010781A033662D0000120000004C0000006D730000000000000000000000000000EFFEFFFF
1785191214067,3942150000000000,88D0AA01,0781A033,662D0000,12000000,4C000000,6D730000,00000000,00000000,00000000,EFFEFFFF,394215000000000088D0AA010781A033662D0000120000004C0000006D730000000000000000000000000000EFFEFFFF
1785191215067,9D42150000000000,88D0AA01,0781A033,662D0000,12000000,4C000000,6D730000,00000000,00000000,00000000,EFFEFFFF,9D4215000000000088D0AA010781A033662D0000120000004C0000006D730000000000000000000000000000EFFEFFFF
1785191215067,0143150000000000,88D0AA01,0781A033,662D0000,12000000,4C000000,6D730000,00000000,00000000,00000000,EFFEFFFF,014315000000000088D0AA010781A033662D0000120000004C0000006D730000000000000000000000000000EFFEFFFF
1785191215067,6543150000000000,88D0AA01,0781A033,662D0000,12000000,4C000000,6D730000,00000000,00000000,00000000,EFFEFFFF,654315000000000088D0AA010781A033662D0000120000004C0000006D730000000000000000000000000000EFFEFFFF
1785191215067,C943150000000000,88D0AA01,0781A033,662D0000,12000000,4C000000,6D730000,00000000,00000000,00000000,EFFEFFFF,C94315000000000088D0AA010781A033662D0000120000004C0000006D730000000000000000000000000000EFFEFFFF
1785191215067,2D44150000000000,88D0AA01,0781A033,662D0000,12000000,4C000000,6D730000,00000000,00000000,00000000,EFFEFFFF,2D4415000000000088D0AA010781A033662D0000120000004C0000006D730000000000000000000000000000EFFEFFFF
1785191215067,9244150000000000,88D0AA01,0781A033,662D0000,12000000,4C000000,6D730000,00000000,00000000,00000000,EFFEFFFF,924415000000000088D0AA010781A033662D0000120000004C0000006D730000000000000000000000000000EFFEFFFF
1785191215067,F644150000000000,88D0AA01,0781A033,662D0000,12000000,4C000000,6D730000,00000000,00000000,00000000,EFFEFFFF,F64415000000000088D0AA010781A033662D0000120000004C0000006D730000000000000000000000000000EFFEFFFF
1785191215067,5A45150000000000,88D0AA01,0781A033,662D0000,12000000,4C000000,6D730000,00000000,00000000,00000000,EFFEFFFF,5A4515000000000088D0AA010781A033662D0000120000004C0000006D730000000000000000000000000000EFFEFFFF
1785191215067,BE45150000000000,88D0AA01,0781A033,662D0000,12000000,4C000000,6D730000,00000000,00000000,00000000,EFFEFFFF,BE4515000000000088D0AA010781A033662D0000120000004C0000006D730000000000000000000000000000EFFEFFFF
1785191215067,2246150000000000,88D0AA01,0781A033,662D0000,12000000,4C000000,6D730000,00000000,00000000,00000000,EFFEFFFF,224615000000000088D0AA010781A033662D0000120000004C0000006D730000000000000000000000000000EFFEFFFF
1785191216067,8646150000000000,88D0AA01,0781A033,662D0000,12000000,4C000000,6D730000,00000000,00000000,00000000,EFFEFFFF,864615000000000088D0AA010781A033662D0000120000004C0000006D730000000000000000000000000000EFFEFFFF
1785191216067,EA46150000000000,88D0AA01,0781A033,662D0000,12000000,4C000000,6D730000,00000000,00000000,00000000,EFFEFFFF,EA4615000000000088D0AA010781A033662D0000120000004C0000006D730000000000000000000000000000EFFEFFFF
1785191216067,4E47150000000000,88D0AA01,0781A033,662D0000,12000000,4C000000,6D730000,00000000,00000000,00000000,EFFEFFFF,4E4715000000000088D0AA010781A033662D0000120000004C0000006D730000000000000000000000000000EFFEFFFF
1785191216067,B347150000000000,88D0AA01,0781A033,662D0000,12000000,4C000000,6D730000,00000000,00000000,00000000,EFFEFFFF,B34715000000000088D0AA010781A033662D0000120000004C0000006D730000000000000000000000000000EFFEFFFF
1785191216067,1748150000000000,88D0AA01,0781A033,662D0000,12000000,4C000000,6D730000,00000000,00000000,00000000,EFFEFFFF,174815000000000088D0AA010781A033662D0000120000004C0000006D730000000000000000000000000000EFFEFFFF
1785191216067,7B48150000000000,88D0AA01,0781A033,662D0000,12000000,4C000000,6D730000,00000000,00000000,00000000,EFFEFFFF,7B4815000000000088D0AA010781A033662D0000120000004C0000006D730000000000000000000000000000EFFEFFFF
1785191216067,DF48150000000000,88D0AA01,0781A033,662D0000,12000000,4C000000,6D730000,00000000,00000000,00000000,EFFEFFFF,DF4815000000000088D0AA010781A033662D0000120000004C0000006D730000000000000000000000000000EFFEFFFF
1785191216067,4349150000000000,88D0AA01,0781A033,662D0000,12000000,4C000000,6D730000,00000000,00000000,00000000,EFFEFFFF,434915000000000088D0AA010781A033662D0000120000004C0000006D730000000000000000000000000000EFFEFFFF
1785191216067,A749150000000000,88D0AA01,0781A033,662D0000,12000000,4C000000,6D730000,00000000,00000000,00000000,EFFEFFFF,A74915000000000088D0AA010781A033662D0000120000004C0000006D730000000000000000000000000000EFFEFFFF
1785191216067,0C4A150000000000,88D0AA01,0781A033,662D0000,12000000,4C000000,6D730000,00000000,00000000,00000000,EFFEFFFF,0C4A15000000000088D0AA010781A033662D0000120000004C0000006D730000000000000000000000000000EFFEFFFF
1785191217067,714A150000000000,88D0AA01,0781A033,662D0000,12000000,4C000000,6D730000,00000000,00000000,00000000,EFFEFFFF,714A15000000000088D0AA010781A033662D0000120000004C0000006D730000000000000000000000000000EFFEFFFF
1785191217067,D44A150000000000,88D0AA01,0781A033,662D0000,12000000,4C000000,6D730000,00000000,00000000,00000000,EFFEFFFF,D44A15000000000088D0AA010781A033662D0000120000004C0000006D730000000000000000000000000000EFFEFFFF
1785191217067,384B150000000000,88D0AA01,0781A033,662D0000,12000000,4C000000,6D730000,00000000,00000000,00000000,EFFEFFFF,384B15000000000088D0AA010781A033662D0000120000004C0000006D730000000000000000000000000000EFFEFFFF
1785191217067,9C4B150000000000,88D0AA01,0781A033,662D0000,12000000,4C000000,6C730000,00000000,00000000,00000000,EEFEFFFF,9C4B15000000000088D0AA010781A033662D0000120000004C0000006C730000000000000000000000000000EEFEFFFF
1785191217067,004C150000000000,88D0AA01,0781A033,662D0000,12000000,4C000000,6D730000,00000000,00000000,00000000,EFFEFFFF,004C15000000000088D0AA010781A033662D0000120000004C0000006D730000000000000000000000000000EFFEFFFF
1785191217067,644C150000000000,88D0AA01,0781A033,662D0000,12000000,4C000000,6D730000,00000000,00000000,00000000,EFFEFFFF,644C15000000000088D0AA010781A033662D0000120000004C0000006D730000000000000000000000000000EFFEFFFF
1785191217067,C84C150000000000,88D0AA01,0781A033,662D0000,12000000,4C000000,6D730000,00000000,00000000,00000000,EFFEFFFF,C84C15000000000088D0AA010781A033662D0000120000004C0000006D730000000000000000000000000000EFFEFFFF
1785191217067,2D4D150000000000,88D0AA01,0781A033,662D0000,12000000,4C000000,6D730000,00000000,00000000,00000000,EFFEFFFF,2D4D15000000000088D0AA010781A033662D0000120000004C0000006D730000000000000000000000000000EFFEFFFF
1785191217067,914D150000000000,88D0AA01,0781A033,662D0000,12000000,4C000000,6D730000,00000000,00000000,00000000,EFFEFFFF,914D15000000000088D0AA010781A033662D0000120000004C0000006D730000000000000000000000000000EFFEFFFF
1785191217067,F54D150000000000,88D0AA01,0781A033,662D0000,12000000,4C000000,6D730000,00000000,00000000,00000000,EFFEFFFF,F54D15000000000088D0AA010781A033662D0000120000004C0000006D730000000000000000000000000000EFFEFFFF
1785191218067,BD4E150000000000,88D0AA01,0781A033,662D0000,12000000,4C000000,6D730000,00000000,00000000,00000000,EFFEFFFF,BD4E15000000000088D0AA010781A033662D0000120000004C0000006D730000000000000000000000000000EFFEFFFF
1785191218067,214F150000000000,88D0AA01,0781A033,662D0000,12000000,4C000000,6D730000,00000000,00000000,00000000,EFFEFFFF,214F15000000000088D0AA010781A033662D0000120000004C0000006D730000000000000000000000000000EFFEFFFF
1785191218067,854F150000000000,88D0AA01,0781A033,662D0000,12000000,4C000000,6D730000,00000000,00000000,00000000,EFFEFFFF,854F15000000000088D0AA010781A033662D0000120000004C0000006D730000000000000000000000000000EFFEFFFF
1785191218067,E94F150000000000,88D0AA01,0781A033,662D0000,12000000,4C000000,6D730000,00000000,00000000,00000000,EFFEFFFF,E94F15000000000088D0AA010781A033662D0000120000004C0000006D730000000000000000000000000000EFFEFFFF
1785191218067,4E50150000000000,88D0AA01,0781A033,662D0000,12000000,4C000000,6D730000,00000000,00000000,00000000,EFFEFFFF,4E5015000000000088D0AA010781A033662D0000120000004C0000006D730000000000000000000000000000EFFEFFFF
1785191218067,B250150000000000,88D0AA01,0781A033,662D0000,12000000,4C000000,6D730000,00000000,00000000,00000000,EFFEFFFF,B25015000000000088D0AA010781A033662D0000120000004C0000006D730000000000000000000000000000EFFEFFFF
1785191218067,1651150000000000,88D0AA01,0781A033,662D0000,12000000,4C000000,6D730000,00000000,00000000,00000000,EFFEFFFF,165115000000000088D0AA010781A033662D0000120000004C0000006D730000000000000000000000000000EFFEFFFF
1785191218067,7A51150000000000,88D0AA01,0781A033,662D0000,12000000,4C000000,6D730000,00000000,00000000,00000000,EFFEFFFF,7A5115000000000088D0AA010781A033662D0000120000004C0000006D730000000000000000000000000000EFFEFFFF
1785191218067,DE51150000000000,88D0AA01,0781A033,662D0000,12000000,4C000000,6D730000,00000000,00000000,00000000,EFFEFFFF,DE5115000000000088D0AA010781A033662D0000120000004C0000006D730000000000000000000000000000EFFEFFFF
1785191219067,4252150000000000,88D0AA01,0781A033,662D0000,12000000,4C000000,6D730000,00000000,00000000,00000000,EFFEFFFF,425215000000000088D0AA010781A033662D0000120000004C0000006D730000000000000000000000000000EFFEFFFF
1785191219067,A652150000000000,88D0AA01,0781A033,662D0000,12000000,4C000000,6D730000,00000000,00000000,00000000,EFFEFFFF,A65215000000000088D0AA010781A033662D0000120000004C0000006D730000000000000000000000000000EFFEFFFF
1785191219067,0B53150000000000,88D0AA01,0781A033,662D0000,12000000,4C000000,6D730000,00000000,00000000,00000000,EFFEFFFF,0B5315000000000088D0AA010781A033662D0000120000004C0000006D730000000000000000000000000000EFFEFFFF
1785191219067,6F53150000000000,88D0AA01,0781A033,662D0000,12000000,4C000000,6D730000,00000000,00000000,00000000,EFFEFFFF,6F5315000000000088D0AA010781A033662D0000120000004C0000006D730000000000000000000000000000EFFEFFFF
1785191219067,D353150000000000,88D0AA01,0781A033,662D0000,12000000,4C000000,6D730000,00000000,00000000,00000000,EFFEFFFF,D35315000000000088D0AA010781A033662D0000120000004C0000006D730000000000000000000000000000EFFEFFFF
1785191219067,3854150000000000,88D0AA01,0781A033,662D0000,12000000,4C000000,6D730000,00000000,00000000,00000000,EFFEFFFF,385415000000000088D0AA010781A033662D0000120000004C0000006D730000000000000000000000000000EFFEFFFF
1785191219067,9B54150000000000,88D0AA01,0781A033,662D0000,12000000,4C000000,6D730000,00000000,00000000,00000000,EFFEFFFF,9B5415000000000088D0AA010781A033662D0000120000004C0000006D730000000000000000000000000000EFFEFFFF
1785191219067,FF54150000000000,88D0AA01,0781A033,662D0000,12000000,4C000000,6D730000,00000000,00000000,00000000,EFFEFFFF,FF5415000000000088D0AA010781A033662D0000120000004C0000006D730000000000000000000000000000EFFEFFFF
1785191219067,6455150000000000,88D0AA01,0781A033,662D0000,12000000,4C000000,6D730000,00000000,00000000,00000000,EFFEFFFF,645515000000000088D0AA010781A033662D0000120000004C0000006D730000000000000000000000000000EFFEFFFF
1785191219067,C755150000000000,88D0AA01,0781A033,662D0000,12000000,4C000000,6D730000,00000000,00000000,00000000,EFFEFFFF,C75515000000000088D0AA010781A033662D0000120000004C0000006D730000000000000000000000000000EFFEFFFF
1785191220067,2C56150000000000,88D0AA01,0781A033,662D0000,12000000,4C000000,6D730000,00000000,00000000,00000000,EFFEFFFF,2C5615000000000088D0AA010781A033662D0000120000004C0000006D730000000000000000000000000000EFFEFFFF
1785191220067,9056150000000000,88D0AA01,0781A033,662D0000,12000000,4C000000,6D730000,00000000,00000000,00000000,EFFEFFFF,905615000000000088D0AA010781A033662D0000120000004C0000006D730000000000000000000000000000EFFEFFFF
1785191220067,F456150000000000,88D0AA01,0781A033,662D0000,12000000,4C000000,6D730000,00000000,00000000,00000000,EFFEFFFF,F45615000000000088D0AA010781A033662D0000120000004C0000006D730000000000000000000000000000EFFEFFFF
1785191220067,5857150000000000,88D0AA01,0781A033,662D0000,12000000,4C000000,6D730000,00000000,00000000,00000000,EFFEFFFF,585715000000000088D0AA010781A033662D0000120000004C0000006D730000000000000000000000000000EFFEFFFF
1785191220067,BC57150000000000,88D0AA01,0781A033,662D0000,12000000,4C000000,6D730000,00000000,00000000,00000000,EFFEFFFF,BC5715000000000088D0AA010781A033662D0000120000004C0000006D730000000000000000000000000000EFFEFFFF
1785191220067,8558150000000000,88D0AA01,0781A033,662D0000,12000000,4C000000,6C730000,00000000,00000000,00000000,EEFEFFFF,855815000000000088D0AA010781A033662D0000120000004C0000006C730000000000000000000000000000EEFEFFFF
1785191220067,E958150000000000,88D0AA01,0781A033,662D0000,12000000,4C000000,6C730000,00000000,00000000,00000000,EEFEFFFF,E95815000000000088D0AA010781A033662D0000120000004C0000006C730000000000000000000000000000EEFEFFFF
1785191220067,4D59150000000000,88D0AA01,0781A033,662D0000,12000000,4C000000,6C730000,00000000,00000000,00000000,EEFEFFFF,4D5915000000000088D0AA010781A033662D0000120000004C0000006C730000000000000000000000000000EEFEFFFF
1785191220067,B159150000000000,88D0AA01,0781A033,662D0000,12000000,4C000000,6C730000,00000000,00000000,00000000,EEFEFFFF,B15915000000000088D0AA010781A033662D0000120000004C0000006C730000000000000000000000000000EEFEFFFF
1785191221067,155A150000000000,88D0AA01,0781A033,662D0000,12000000,4C000000,6C730000,00000000,00000000,00000000,EEFEFFFF,155A15000000000088D0AA010781A033662D0000120000004C0000006C730000000000000000000000000000EEFEFFFF
1785191221067,795A150000000000,88D0AA01,0781A033,662D0000,12000000,4C000000,6C730000,00000000,00000000,00000000,EEFEFFFF,795A15000000000088D0AA010781A033662D0000120000004C0000006C730000000000000000000000000000EEFEFFFF
1785191221067,DD5A150000000000,88D0AA01,0781A033,662D0000,12000000,4C000000,6C730000,00000000,00000000,00000000,EEFEFFFF,DD5A15000000000088D0AA010781A033662D0000120000004C0000006C730000000000000000000000000000EEFEFFFF
1785191221067,415B150000000000,88D0AA01,0781A033,662D0000,12000000,4C000000,6C730000,00000000,00000000,00000000,EEFEFFFF,415B15000000000088D0AA010781A033662D0000120000004C0000006C730000000000000000000000000000EEFEFFFF
1785191221067,A65B150000000000,88D0AA01,0781A033,662D0000,12000000,4C000000,6C730000,00000000,00000000,00000000,EEFEFFFF,A65B15000000000088D0AA010781A033662D0000120000004C0000006C730000000000000000000000000000EEFEFFFF
1785191221067,0A5C150000000000,88D0AA01,0781A033,662D0000,12000000,4C000000,6C730000,00000000,00000000,00000000,EEFEFFFF,0A5C15000000000088D0AA010781A033662D0000120000004C0000006C730000000000000000000000000000EEFEFFFF
1785191221067,6E5C150000000000,88D0AA01,0781A033,662D0000,12000000,4C000000,6C730000,00000000,00000000,00000000,EEFEFFFF,6E5C15000000000088D0AA010781A033662D0000120000004C0000006C730000000000000000000000000000EEFEFFFF
1785191221067,D25C150000000000,88D0AA01,0781A033,662D0000,12000000,4C000000,6C730000,00000000,00000000,00000000,EEFEFFFF,D25C15000000000088D0AA010781A033662D0000120000004C0000006C730000000000000000000000000000EEFEFFFF
1785191221067,365D150000000000,88D0AA01,0781A033,662D0000,12000000,4C000000,6C730000,00000000,00000000,00000000,EEFEFFFF,365D15000000000088D0AA010781A033662D0000120000004C0000006C730000000000000000000000000000EEFEFFFF
1785191221067,9A5D150000000000,88D0AA01,0781A033,662D0000,12000000,4C000000,6C730000,00000000,00000000,00000000,EEFEFFFF,9A5D15000000000088D0AA010781A033662D0000120000004C0000006C730000000000000000000000000000EEFEFFFF
1785191222067,FE5D150000000000,88D0AA01,0781A033,662D0000,12000000,4C000000,6C730000,00000000,00000000,00000000,EEFEFFFF,FE5D15000000000088D0AA010781A033662D0000120000004C0000006C730000000000000000000000000000EEFEFFFF
1785191222067,635E150000000000,88D0AA01,0781A033,662D0000,12000000,4C000000,6C730000,00000000,00000000,00000000,EEFEFFFF,635E15000000000088D0AA010781A033662D0000120000004C0000006C730000000000000000000000000000EEFEFFFF
1785191222067,C75E150000000000,88D0AA01,0781A033,662D0000,12000000,4C000000,6C730000,00000000,00000000,00000000,EEFEFFFF,C75E15000000000088D0AA010781A033662D0000120000004C0000006C730000000000000000000000000000EEFEFFFF
1785191222067,2B5F150000000000,88D0AA01,0781A033,662D0000,12000000,4C000000,6C730000,00000000,00000000,00000000,EEFEFFFF,2B5F15000000000088D0AA010781A033662D0000120000004C0000006C730000000000000000000000000000EEFEFFFF
1785191222067,8F5F150000000000,88D0AA01,0781A033,662D0000,12000000,4C000000,6C730000,00000000,00000000,00000000,EEFEFFFF,8F5F15000000000088D0AA010781A033662D0000120000004C0000006C730000000000000000000000000000EEFEFFFF
1785191222067,F45F150000000000,88D0AA01,0781A033,662D0000,12000000,4C000000,6C730000,00000000,00000000,00000000,EEFEFFFF,F45F15000000000088D0AA010781A033662D0000120000004C0000006C730000000000000000000000000000EEFEFFFF
1785191222067,5760150000000000,88D0AA01,0781A033,662D0000,12000000,4C000000,6C730000,00000000,00000000,00000000,EEFEFFFF,576015000000000088D0AA010781A033662D0000120000004C0000006C730000000000000000000000000000EEFEFFFF
1785191222067,BB60150000000000,88D0AA01,0781A033,662D0000,12000000,4C000000,6C730000,00000000,00000000,00000000,EEFEFFFF,BB6015000000000088D0AA010781A033662D0000120000004C0000006C730000000000000000000000000000EEFEFFFF
1785191222067,1F61150000000000,88D0AA01,0781A033,662D0000,12000000,4C000000,6C730000,00000000,00000000,00000000,EEFEFFFF,1F6115000000000088D0AA010781A033662D0000120000004C0000006C730000000000000000000000000000EEFEFFFF
1785191222067,8461150000000000,88D0AA01,0781A033,662D0000,12000000,4C000000,6C730000,00000000,00000000,00000000,EEFEFFFF,846115000000000088D0AA010781A033662D0000120000004C0000006C730000000000000000000000000000EEFEFFFF
1785191223067,E861150000000000,88D0AA01,0781A033,662D0000,12000000,4C000000,6C730000,00000000,00000000,00000000,EEFEFFFF,E86115000000000088D0AA010781A033662D0000120000004C0000006C730000000000000000000000000000EEFEFFFF
1785191223067,4C62150000000000,88D0AA01,0781A033,662D0000,12000000,4C000000,6C730000,00000000,00000000,00000000,EEFEFFFF,4C6215000000000088D0AA010781A033662D0000120000004C0000006C730000000000000000000000000000EEFEFFFF
1785191223067,B062150000000000,88D0AA01,0781A033,662D0000,12000000,4C000000,6C730000,00000000,00000000,00000000,EEFEFFFF,B06215000000000088D0AA010781A033662D0000120000004C0000006C730000000000000000000000000000EEFEFFFF
1785191223067,1463150000000000,88D0AA01,0781A033,662D0000,12000000,4C000000,6C730000,00000000,00000000,00000000,EEFEFFFF,146315000000000088D0AA010781A033662D0000120000004C0000006C730000000000000000000000000000EEFEFFFF
1785191223067,7863150000000000,88D0AA01,0781A033,662D0000,12000000,4C000000,6C730000,00000000,00000000,00000000,EEFEFFFF,786315000000000088D0AA010781A033662D0000120000004C0000006C730000000000000000000000000000EEFEFFFF
1785191223067,DC63150000000000,88D0AA01,0781A033,662D0000,12000000,4C000000,6C730000,00000000,00000000,00000000,EEFEFFFF,DC6315000000000088D0AA010781A033662D0000120000004C0000006C730000000000000000000000000000EEFEFFFF
1785191223067,4064150000000000,88D0AA01,0781A033,662D0000,12000000,4C000000,6C730000,00000000,00000000,00000000,EEFEFFFF,406415000000000088D0AA010781A033662D0000120000004C0000006C730000000000000000000000000000EEFEFFFF
1785191223067,A564150000000000,88D0AA01,0781A033,662D0000,12000000,4C000000,6C730000,00000000,00000000,00000000,EEFEFFFF,A56415000000000088D0AA010781A033662D0000120000004C0000006C730000000000000000000000000000EEFEFFFF
1785191223067,0965150000000000,88D0AA01,0781A033,662D0000,12000000,4C000000,6C730000,00000000,00000000,00000000,EEFEFFFF,096515000000000088D0AA010781A033662D0000120000004C0000006C730000000000000000000000000000EEFEFFFF
1785191223067,6D65150000000000,88D0AA01,0781A033,662D0000,12000000,4C000000,6C730000,00000000,00000000,00000000,EEFEFFFF,6D6515000000000088D0AA010781A033662D0000120000004C0000006C730000000000000000000000000000EEFEFFFF
1785191224067,D165150000000000,88D0AA01,0781A033,662D0000,12000000,4C000000,6C730000,00000000,00000000,00000000,EEFEFFFF,D16515000000000088D0AA010781A033662D0000120000004C0000006C730000000000000000000000000000EEFEFFFF
1785191224067,3566150000000000,88D0AA01,0781A033,662D0000,12000000,4C000000,6C730000,00000000,00000000,00000000,EEFEFFFF,356615000000000088D0AA010781A033662D0000120000004C0000006C730000000000000000000000000000EEFEFFFF
1785191224067,9966150000000000,88D0AA01,0781A033,662D0000,12000000,4C000000,6C730000,00000000,00000000,00000000,EEFEFFFF,996615000000000088D0AA010781A033662D0000120000004C0000006C730000000000000000000000000000EEFEFFFF
1785191224067,FD66150000000000,88D0AA01,0781A033,662D0000,12000000,4C000000,6C730000,00000000,00000000,00000000,EEFEFFFF,FD6615000000000088D0AA010781A033662D0000120000004C0000006C730000000000000000000000000000EEFEFFFF
1785191224067,6267150000000000,88D0AA01,0781A033,662D0000,12000000,4C000000,6C730000,00000000,00000000,00000000,EEFEFFFF,626715000000000088D0AA010781A033662D0000120000004C0000006C730000000000000000000000000000EEFEFFFF
1785191224067,C667150000000000,88D0AA01,0781A033,662D0000,12000000,4C000000,6C730000,00000000,00000000,00000000,EEFEFFFF,C66715000000000088D0AA010781A033662D0000120000004C0000006C730000000000000000000000000000EEFEFFFF
1785191224067,2A68150000000000,88D0AA01,0781A033,662D0000,12000000,4C000000,6C730000,00000000,00000000,00000000,EEFEFFFF,2A6815000000000088D0AA010781A033662D0000120000004C0000006C730000000000000000000000000000EEFEFFFF
1785191224067,8E68150000000000,88D0AA01,0781A033,662D0000,12000000,4C000000,6C730000,00000000,00000000,00000000,EEFEFFFF,8E6815000000000088D0AA010781A033662D0000120000004C0000006C730000000000000000000000000000EEFEFFFF
1785191224067,F268150000000000,88D0AA01,0781A033,662D0000,12000000,4C000000,6C730000,00000000,00000000,00000000,EEFEFFFF,F26815000000000088D0AA010781A033662D0000120000004C0000006C730000000000000000000000000000EEFEFFFF
1785191224067,5669150000000000,88D0AA01,0781A033,662D0000,12000000,4C000000,6C730000,00000000,00000000,00000000,EEFEFFFF,566915000000000088D0AA010781A033662D0000120000004C0000006C730000000000000000000000000000EEFEFFFF
1785191225067,BB69150000000000,88D0AA01,0781A033,662D0000,12000000,4C000000,6C730000,00000000,00000000,00000000,EEFEFFFF,BB6915000000000088D0AA010781A033662D0000120000004C0000006C730000000000000000000000000000EEFEFFFF
1785191225067,1F6A150000000000,88D0AA01,0781A033,662D0000,12000000,4C000000,6C730000,00000000,00000000,00000000,EEFEFFFF,1F6A15000000000088D0AA010781A033662D0000120000004C0000006C730000000000000000000000000000EEFEFFFF
1785191225067,846A150000000000,88D0AA01,0781A033,662D0000,12000000,4C000000,6C730000,00000000,00000000,00000000,EEFEFFFF,846A15000000000088D0AA010781A033662D0000120000004C0000006C730000000000000000000000000000EEFEFFFF
1785191225067,E76A150000000000,88D0AA01,0781A033,662D0000,12000000,4C000000,6B730000,00000000,00000000,00000000,EDFEFFFF,E76A15000000000088D0AA010781A033662D0000120000004C0000006B730000000000000000000000000000EDFEFFFF
1785191225067,4B6B150000000000,88D0AA01,0781A033,662D0000,12000000,4C000000,6B730000,00000000,00000000,00000000,EDFEFFFF,4B6B15000000000088D0AA010781A033662D0000120000004C0000006B730000000000000000000000000000EDFEFFFF
1785191225067,AF6B150000000000,88D0AA01,0781A033,662D0000,12000000,4C000000,6B730000,00000000,00000000,00000000,EDFEFFFF,AF6B15000000000088D0AA010781A033662D0000120000004C0000006B730000000000000000000000000000EDFEFFFF
1785191225067,156C150000000000,88D0AA01,0781A033,662D0000,12000000,4C000000,6B730000,00000000,00000000,00000000,EDFEFFFF,156C15000000000088D0AA010781A033662D0000120000004C0000006B730000000000000000000000000000EDFEFFFF
1785191225067,776C150000000000,88D0AA01,0781A033,662D0000,12000000,4C000000,6B730000,00000000,00000000,00000000,EDFEFFFF,776C15000000000088D0AA010781A033662D0000120000004C0000006B730000000000000000000000000000EDFEFFFF
1785191225067,DC6C150000000000,88D0AA01,0781A033,662D0000,12000000,4C000000,6B730000,00000000,00000000,00000000,EDFEFFFF,DC6C15000000000088D0AA010781A033662D0000120000004C0000006B730000000000000000000000000000EDFEFFFF
1785191225067,406D150000000000,88D0AA01,0781A033,662D0000,12000000,4C000000,6B730000,00000000,00000000,00000000,EDFEFFFF,406D15000000000088D0AA010781A033662D0000120000004C0000006B730000000000000000000000000000EDFEFFFF
1785191226067,A46D150000000000,88D0AA01,0781A033,662D0000,12000000,4C000000,6B730000,00000000,00000000,00000000,EDFEFFFF,A46D15000000000088D0AA010781A033662D0000120000004C0000006B730000000000000000000000000000EDFEFFFF
1785191226067,086E150000000000,88D0AA01,0781A033,662D0000,12000000,4C000000,6B730000,00000000,00000000,00000000,EDFEFFFF,086E15000000000088D0AA010781A033662D0000120000004C0000006B730000000000000000000000000000EDFEFFFF
1785191226067,6C6E150000000000,88D0AA01,0781A033,662D0000,12000000,4C000000,6B730000,00000000,00000000,00000000,EDFEFFFF,6C6E15000000000088D0AA010781A033662D0000120000004C0000006B730000000000000000000000000000EDFEFFFF
1785191226067,D06E150000000000,88D0AA01,0781A033,662D0000,12000000,4C000000,6B730000,00000000,00000000,00000000,EDFEFFFF,D06E15000000000088D0AA010781A033662D0000120000004C0000006B730000000000000000000000000000EDFEFFFF
1785191226067,346F150000000000,88D0AA01,0781A033,662D0000,12000000,4C000000,6B730000,00000000,00000000,00000000,EDFEFFFF,346F15000000000088D0AA010781A033662D0000120000004C0000006B730000000000000000000000000000EDFEFFFF
1785191226067,986F150000000000,88D0AA01,0781A033,662D0000,12000000,4C000000,6B730000,00000000,00000000,00000000,EDFEFFFF,986F15000000000088D0AA010781A033662D0000120000004C0000006B730000000000000000000000000000EDFEFFFF
1785191226067,FD6F150000000000,88D0AA01,0781A033,662D0000,12000000,4C000000,6B730000,00000000,00000000,00000000,EDFEFFFF,FD6F15000000000088D0AA010781A033662D0000120000004C0000006B730000000000000000000000000000EDFEFFFF
1785191226067,6170150000000000,88D0AA01,0781A033,662D0000,12000000,4C000000,6B730000,00000000,00000000,00000000,EDFEFFFF,617015000000000088D0AA010781A033662D0000120000004C0000006B730000000000000000000000000000EDFEFFFF
1785191226067,C570150000000000,88D0AA01,0781A033,662D0000,12000000,4C000000,6B730000,00000000,00000000,00000000,EDFEFFFF,C57015000000000088D0AA010781A033662D0000120000004C0000006B730000000000000000000000000000EDFEFFFF
1785191226067,2971150000000000,88D0AA01,0781A033,662D0000,12000000,4C000000,6B730000,00000000,00000000,00000000,EDFEFFFF,297115000000000088D0AA010781A033662D0000120000004C0000006B730000000000000000000000000000EDFEFFFF
1785191227067,8D71150000000000,88D0AA01,0781A033,662D0000,12000000,4C000000,6B730000,00000000,00000000,00000000,EDFEFFFF,8D7115000000000088D0AA010781A033662D0000120000004C0000006B730000000000000000000000000000EDFEFFFF
1785191227067,F171150000000000,88D0AA01,0781A033,662D0000,12000000,4C000000,6B730000,00000000,00000000,00000000,EDFEFFFF,F17115000000000088D0AA010781A033662D0000120000004C0000006B730000000000000000000000000000EDFEFFFF
1785191227067,BA72150000000000,88D0AA01,0781A033,662D0000,12000000,4C000000,6B730000,00000000,00000000,00000000,EDFEFFFF,BA7215000000000088D0AA010781A033662D0000120000004C0000006B730000000000000000000000000000EDFEFFFF
1785191227067,1E73150000000000,88D0AA01,0781A033,662D0000,12000000,4C000000,6B730000,00000000,00000000,00000000,EDFEFFFF,1E7315000000000088D0AA010781A033662D0000120000004C0000006B730000000000000000000000000000EDFEFFFF
1785191227067,8273150000000000,88D0AA01,0781A033,662D0000,12000000,4C000000,6B730000,00000000,00000000,00000000,EDFEFFFF,827315000000000088D0AA010781A033662D0000120000004C0000006B730000000000000000000000000000EDFEFFFF
1785191227067,E873150000000000,88D0AA01,0781A033,662D0000,12000000,4C000000,6B730000,00000000,00000000,00000000,EDFEFFFF,E87315000000000088D0AA010781A033662D0000120000004C0000006B730000000000000000000000000000EDFEFFFF
1785191227067,4A74150000000000,88D0AA01,0781A033,662D0000,12000000,4C000000,6B730000,00000000,00000000,00000000,EDFEFFFF,4A7415000000000088D0AA010781A033662D0000120000004C0000006B730000000000000000000000000000EDFEFFFF
1785191227067,AE74150000000000,88D0AA01,0781A033,662D0000,12000000,4C000000,6B730000,00000000,00000000,00000000,EDFEFFFF,AE7415000000000088D0AA010781A033662D0000120000004C0000006B730000000000000000000000000000EDFEFFFF
1785191227067,1275150000000000,88D0AA01,0781A033,662D0000,12000000,4C000000,6B730000,00000000,00000000,00000000,EDFEFFFF,127515000000000088D0AA010781A033662D0000120000004C0000006B730000000000000000000000000000EDFEFFFF
1785191228067,7675150000000000,88D0AA01,0781A033,662D0000,12000000,4C000000,6B730000,00000000,00000000,00000000,EDFEFFFF,767515000000000088D0AA010781A033662D0000120000004C0000006B730000000000000000000000000000EDFEFFFF
1785191228067,DB75150000000000,88D0AA01,0781A033,662D0000,12000000,4C000000,6B730000,00000000,00000000,00000000,EDFEFFFF,DB7515000000000088D0AA010781A033662D0000120000004C0000006B730000000000000000000000000000EDFEFFFF
1785191228067,4176150000000000,88D0AA01,0781A033,662D0000,12000000,4C000000,6B730000,00000000,00000000,00000000,EDFEFFFF,417615000000000088D0AA010781A033662D0000120000004C0000006B730000000000000000000000000000EDFEFFFF
1785191228067,A376150000000000,88D0AA01,0781A033,662D0000,12000000,4C000000,6B730000,00000000,00000000,00000000,EDFEFFFF,A37615000000000088D0AA010781A033662D0000120000004C0000006B730000000000000000000000000000EDFEFFFF
1785191228067,0777150000000000,88D0AA01,0781A033,662D0000,12000000,4C000000,6B730000,00000000,00000000,00000000,EDFEFFFF,077715000000000088D0AA010781A033662D0000120000004C0000006B730000000000000000000000000000EDFEFFFF
1785191228067,6B77150000000000,88D0AA01,0781A033,662D0000,12000000,4C000000,6B730000,00000000,00000000,00000000,EDFEFFFF,6B7715000000000088D0AA010781A033662D0000120000004C0000006B730000000000000000000000000000EDFEFFFF
1785191228067,CF77150000000000,88D0AA01,0781A033,662D0000,12000000,4C000000,6B730000,00000000,00000000,00000000,EDFEFFFF,CF7715000000000088D0AA010781A033662D0000120000004C0000006B730000000000000000000000000000EDFEFFFF
1785191228067,3378150000000000,88D0AA01,0781A033,662D0000,12000000,4C000000,6B730000,00000000,00000000,00000000,EDFEFFFF,337815000000000088D0AA010781A033662D0000120000004C0000006B730000000000000000000000000000EDFEFFFF
1785191228067,9778150000000000,88D0AA01,0781A033,662D0000,12000000,4C000000,6B730000,00000000,00000000,00000000,EDFEFFFF,977815000000000088D0AA010781A033662D0000120000004C0000006B730000000000000000000000000000EDFEFFFF
1785191228067,FC78150000000000,88D0AA01,0781A033,662D0000,12000000,4C000000,6B730000,00000000,00000000,00000000,EDFEFFFF,FC7815000000000088D0AA010781A033662D0000120000004C0000006B730000000000000000000000000000EDFEFFFF
1785191229067,6079150000000000,88D0AA01,0781A033,662D0000,12000000,4C000000,6B730000,00000000,00000000,00000000,EDFEFFFF,607915000000000088D0AA010781A033662D0000120000004C0000006B730000000000000000000000000000EDFEFFFF
1785191229067,C479150000000000,88D0AA01,0781A033,662D0000,12000000,4C000000,6B730000,00000000,00000000,00000000,EDFEFFFF,C47915000000000088D0AA010781A033662D0000120000004C0000006B730000000000000000000000000000EDFEFFFF
1785191229067,287A150000000000,88D0AA01,0781A033,662D0000,12000000,4C000000,6B730000,00000000,00000000,00000000,EDFEFFFF,287A15000000000088D0AA010781A033662D0000120000004C0000006B730000000000000000000000000000EDFEFFFF
1785191229067,8C7A150000000000,88D0AA01,0781A033,662D0000,12000000,4C000000,6B730000,00000000,00000000,00000000,EDFEFFFF,8C7A15000000000088D0AA010781A033662D0000120000004C0000006B730000000000000000000000000000EDFEFFFF
1785191229067,F07A150000000000,88D0AA01,0781A033,662D0000,12000000,4C000000,6B730000,00000000,00000000,00000000,EDFEFFFF,F07A15000000000088D0AA010781A033662D0000120000004C0000006B730000000000000000000000000000EDFEFFFF
1785191229067,557B150000000000,88D0AA01,0781A033,662D0000,12000000,4C000000,6B730000,00000000,00000000,00000000,EDFEFFFF,557B15000000000088D0AA010781A033662D0000120000004C0000006B730000000000000000000000000000EDFEFFFF
1785191229067,B97B150000000000,88D0AA01,0781A033,662D0000,12000000,4C000000,6B730000,00000000,00000000,00000000,EDFEFFFF,B97B15000000000088D0AA010781A033662D0000120000004C0000006B730000000000000000000000000000EDFEFFFF
1785191229067,1D7C150000000000,88D0AA01,0781A033,662D0000,12000000,4C000000,6B730000,00000000,00000000,00000000,EDFEFFFF,1D7C15000000000088D0AA010781A033662D0000120000004C0000006B730000000000000000000000000000EDFEFFFF
1785191229067,817C150000000000,88D0AA01,0781A033,662D0000,12000000,4C000000,6B730000,00000000,00000000,00000000,EDFEFFFF,817C15000000000088D0AA010781A033662D0000120000004C0000006B730000000000000000000000000000EDFEFFFF
1785191229067,E57C150000000000,88D0AA01,0781A033,662D0000,12000000,4C000000,6B730000,00000000,00000000,00000000,EDFEFFFF,E57C15000000000088D0AA010781A033662D0000120000004C0000006B730000000000000000000000000000EDFEFFFF
1785191230067,497D150000000000,88D0AA01,0781A033,662D0000,12000000,4C000000,6A730000,00000000,00000000,00000000,ECFEFFFF,497D15000000000088D0AA010781A033662D0000120000004C0000006A730000000000000000000000000000ECFEFFFF
1785191230067,AD7D150000000000,88D0AA01,0781A033,662D0000,12000000,4C000000,6A730000,00000000,00000000,00000000,ECFEFFFF,AD7D15000000000088D0AA010781A033662D0000120000004C0000006A730000000000000000000000000000ECFEFFFF
1785191230067,117E150000000000,88D0AA01,0781A033,662D0000,12000000,4C000000,6B730000,00000000,00000000,00000000,EDFEFFFF,117E15000000000088D0AA010781A033662D0000120000004C0000006B730000000000000000000000000000EDFEFFFF
1785191230067,767E150000000000,88D0AA01,0781A033,662D0000,12000000,4C000000,6B730000,00000000,00000000,00000000,EDFEFFFF,767E15000000000088D0AA010781A033662D0000120000004C0000006B730000000000000000000000000000EDFEFFFF
1785191230067,DA7E150000000000,88D0AA01,0781A033,662D0000,12000000,4C000000,6A730000,00000000,00000000,00000000,ECFEFFFF,DA7E15000000000088D0AA010781A033662D0000120000004C0000006A730000000000000000000000000000ECFEFFFF
1785191230067,3E7F150000000000,88D0AA01,0781A033,662D0000,12000000,4C000000,6B730000,00000000,00000000,00000000,EDFEFFFF,3E7F15000000000088D0AA010781A033662D0000120000004C0000006B730000000000000000000000000000EDFEFFFF
1785191230067,A27F150000000000,88D0AA01,0781A033,662D0000,12000000,4C000000,6A730000,00000000,00000000,00000000,ECFEFFFF,A27F15000000000088D0AA010781A033662D0000120000004C0000006A730000000000000000000000000000ECFEFFFF
1785191230067,0680150000000000,88D0AA01,0781A033,662D0000,12000000,4C000000,6A730000,00000000,00000000,00000000,ECFEFFFF,068015000000000088D0AA010781A033662D0000120000004C0000006A730000000000000000000000000000ECFEFFFF
1785191230067,6A80150000000000,88D0AA01,0781A033,662D0000,12000000,4C000000,6B730000,00000000,00000000,00000000,EDFEFFFF,6A8015000000000088D0AA010781A033662D0000120000004C0000006B730000000000000000000000000000EDFEFFFF
1785191230067,CE80150000000000,88D0AA01,0781A033,662D0000,12000000,4C000000,6B730000,00000000,00000000,00000000,EDFEFFFF,CE8015000000000088D0AA010781A033662D0000120000004C0000006B730000000000000000000000000000EDFEFFFF
1785191231067,3281150000000000,88D0AA01,0781A033,662D0000,12000000,4C000000,6A730000,00000000,00000000,00000000,ECFEFFFF,328115000000000088D0AA010781A033662D0000120000004C0000006A730000000000000000000000000000ECFEFFFF
1785191231067,9781150000000000,88D0AA01,0781A033,662D0000,12000000,4C000000,6B730000,00000000,00000000,00000000,EDFEFFFF,978115000000000088D0AA010781A033662D0000120000004C0000006B730000000000000000000000000000EDFEFFFF
1785191231067,FB81150000000000,88D0AA01,0781A033,662D0000,12000000,4C000000,6A730000,00000000,00000000,00000000,ECFEFFFF,FB8115000000000088D0AA010781A033662D0000120000004C0000006A730000000000000000000000000000ECFEFFFF
1785191231067,5F82150000000000,88D0AA01,0781A033,662D0000,12000000,4C000000,6A730000,00000000,00000000,00000000,ECFEFFFF,5F8215000000000088D0AA010781A033662D0000120000004C0000006A730000000000000000000000000000ECFEFFFF
1785191231067,C382150000000000,88D0AA01,0781A033,662D0000,12000000,4C000000,6A730000,00000000,00000000,00000000,ECFEFFFF,C38215000000000088D0AA010781A033662D0000120000004C0000006A730000000000000000000000000000ECFEFFFF
1785191231067,2783150000000000,88D0AA01,0781A033,662D0000,12000000,4C000000,6A730000,00000000,00000000,00000000,ECFEFFFF,278315000000000088D0AA010781A033662D0000120000004C0000006A730000000000000000000000000000ECFEFFFF
1785191231067,8B83150000000000,88D0AA01,0781A033,662D0000,12000000,4C000000,6A730000,00000000,00000000,00000000,ECFEFFFF,8B8315000000000088D0AA010781A033662D0000120000004C0000006A730000000000000000000000000000ECFEFFFF
1785191231067,EF83150000000000,88D0AA01,0781A033,662D0000,12000000,4C000000,6B730000,00000000,00000000,00000000,EDFEFFFF,EF8315000000000088D0AA010781A033662D0000120000004C0000006B730000000000000000000000000000EDFEFFFF
1785191231067,5484150000000000,88D0AA01,0781A033,662D0000,12000000,4C000000,6A730000,00000000,00000000,00000000,ECFEFFFF,548415000000000088D0AA010781A033662D0000120000004C0000006A730000000000000000000000000000ECFEFFFF
1785191231067,B884150000000000,88D0AA01,0781A033,662D0000,12000000,4C000000,6A730000,00000000,00000000,00000000,ECFEFFFF,B88415000000000088D0AA010781A033662D0000120000004C0000006A730000000000000000000000000000ECFEFFFF
1785191232067,1C85150000000000,88D0AA01,0781A033,662D0000,12000000,4C000000,6A730000,00000000,00000000,00000000,ECFEFFFF,1C8515000000000088D0AA010781A033662D0000120000004C0000006A730000000000000000000000000000ECFEFFFF
1785191232067,8085150000000000,88D0AA01,0781A033,662D0000,12000000,4C000000,6A730000,00000000,00000000,00000000,ECFEFFFF,808515000000000088D0AA010781A033662D0000120000004C0000006A730000000000000000000000000000ECFEFFFF
1785191232067,E485150000000000,88D0AA01,0781A033,662D0000,12000000,4C000000,6A730000,00000000,00000000,00000000,ECFEFFFF,E48515000000000088D0AA010781A033662D0000120000004C0000006A730000000000000000000000000000ECFEFFFF
1785191232067,4886150000000000,88D0AA01,0781A033,662D0000,12000000,4C000000,6A730000,00000000,00000000,00000000,ECFEFFFF,488615000000000088D0AA010781A033662D0000120000004C0000006A730000000000000000000000000000ECFEFFFF
1785191232067,AD86150000000000,88D0AA01,0781A033,662D0000,12000000,4C000000,6A730000,00000000,00000000,00000000,ECFEFFFF,AD8615000000000088D0AA010781A033662D0000120000004C0000006A730000000000000000000000000000ECFEFFFF
1785191232067,1187150000000000,88D0AA01,0781A033,662D0000,12000000,4C000000,6A730000,00000000,00000000,00000000,ECFEFFFF,118715000000000088D0AA010781A033662D0000120000004C0000006A730000000000000000000000000000ECFEFFFF
1785191232067,7587150000000000,88D0AA01,0781A033,662D0000,12000000,4C000000,6B730000,00000000,00000000,00000000,EDFEFFFF,758715000000000088D0AA010781A033662D0000120000004C0000006B730000000000000000000000000000EDFEFFFF
1785191232067,D987150000000000,88D0AA01,0781A033,662D0000,12000000,4C000000,6B730000,00000000,00000000,00000000,EDFEFFFF,D98715000000000088D0AA010781A033662D0000120000004C0000006B730000000000000000000000000000EDFEFFFF
1785191232067,3D88150000000000,88D0AA01,0781A033,662D0000,12000000,4C000000,6A730000,00000000,00000000,00000000,ECFEFFFF,3D8815000000000088D0AA010781A033662D0000120000004C0000006A730000000000000000000000000000ECFEFFFF
1785191232067,A188150000000000,88D0AA01,0781A033,662D0000,12000000,4C000000,6B730000,00000000,00000000,00000000,EDFEFFFF,A18815000000000088D0AA010781A033662D0000120000004C0000006B730000000000000000000000000000EDFEFFFF
1785191233067,0589150000000000,88D0AA01,0781A033,662D0000,12000000,4C000000,6A730000,00000000,00000000,00000000,ECFEFFFF,058915000000000088D0AA010781A033662D0000120000004C0000006A730000000000000000000000000000ECFEFFFF
1785191233067,6989150000000000,88D0AA01,0781A033,662D0000,12000000,4C000000,6B730000,00000000,00000000,00000000,EDFEFFFF,698915000000000088D0AA010781A033662D0000120000004C0000006B730000000000000000000000000000EDFEFFFF
1785191233067,CE89150000000000,88D0AA01,0781A033,662D0000,12000000,4C000000,6B730000,00000000,00000000,00000000,EDFEFFFF,CE8915000000000088D0AA010781A033662D0000120000004C0000006B730000000000000000000000000000EDFEFFFF
1785191233067,328A150000000000,88D0AA01,0781A033,662D0000,12000000,4C000000,6B730000,00000000,00000000,00000000,EDFEFFFF,328A15000000000088D0AA010781A033662D0000120000004C0000006B730000000000000000000000000000EDFEFFFF
1785191233067,968A150000000000,88D0AA01,0781A033,662D0000,12000000,4C000000,6B730000,00000000,00000000,00000000,EDFEFFFF,968A15000000000088D0AA010781A033662D0000120000004C0000006B730000000000000000000000000000EDFEFFFF
1785191233067,FA8A150000000000,88D0AA01,0781A033,662D0000,12000000,4C000000,6B730000,00000000,00000000,00000000,EDFEFFFF,FA8A15000000000088D0AA010781A033662D0000120000004C0000006B730000000000000000000000000000EDFEFFFF
1785191233067,608B150000000000,88D0AA01,0781A033,662D0000,12000000,4C000000,6B730000,00000000,00000000,00000000,EDFEFFFF,608B15000000000088D0AA010781A033662D0000120000004C0000006B730000000000000000000000000000EDFEFFFF
1785191233067,C28B150000000000,88D0AA01,0781A033,662D0000,12000000,4C000000,6B730000,00000000,00000000,00000000,EDFEFFFF,C28B15000000000088D0AA010781A033662D0000120000004C0000006B730000000000000000000000000000EDFEFFFF
1785191233067,268C150000000000,88D0AA01,0781A033,662D0000,12000000,4C000000,6B730000,00000000,00000000,00000000,EDFEFFFF,268C15000000000088D0AA010781A033662D0000120000004C0000006B730000000000000000000000000000EDFEFFFF
1785191233067,8A8C150000000000,88D0AA01,0781A033,662D0000,12000000,4C000000,6B730000,00000000,00000000,00000000,EDFEFFFF,8A8C15000000000088D0AA010781A033662D0000120000004C0000006B730000000000000000000000000000EDFEFFFF
1785191234067,EF8C150000000000,88D0AA01,0781A033,662D0000,12000000,4C000000,6B730000,00000000,00000000,00000000,EDFEFFFF,EF8C15000000000088D0AA010781A033662D0000120000004C0000006B730000000000000000000000000000EDFEFFFF
1785191234067,538D150000000000,88D0AA01,0781A033,662D0000,12000000,4C000000,6B730000,00000000,00000000,00000000,EDFEFFFF,538D15000000000088D0AA010781A033662D0000120000004C0000006B730000000000000000000000000000EDFEFFFF
1785191234067,B78D150000000000,88D0AA01,0781A033,662D0000,12000000,4C000000,6B730000,00000000,00000000,00000000,EDFEFFFF,B78D15000000000088D0AA010781A033662D0000120000004C0000006B730000000000000000000000000000EDFEFFFF
1785191234067,1B8E150000000000,88D0AA01,0781A033,662D0000,12000000,4C000000,6B730000,00000000,00000000,00000000,EDFEFFFF,1B8E15000000000088D0AA010781A033662D0000120000004C0000006B730000000000000000000000000000EDFEFFFF
1785191234067,7F8E150000000000,88D0AA01,0781A033,662D0000,12000000,4C000000,6B730000,00000000,00000000,00000000,EDFEFFFF,7F8E15000000000088D0AA010781A033662D0000120000004C0000006B730000000000000000000000000000EDFEFFFF
1785191234067,E38E150000000000,88D0AA01,0781A033,662D0000,12000000,4C000000,6B730000,00000000,00000000,00000000,EDFEFFFF,E38E15000000000088D0AA010781A033662D0000120000004C0000006B730000000000000000000000000000EDFEFFFF
1785191234067,478F150000000000,88D0AA01,0781A033,662D0000,12000000,4C000000,6B730000,00000000,00000000,00000000,EDFEFFFF,478F15000000000088D0AA010781A033662D0000120000004C0000006B730000000000000000000000000000EDFEFFFF
1785191234067,AB8F150000000000,88D0AA01,0781A033,662D0000,12000000,4C000000,6B730000,00000000,00000000,00000000,EDFEFFFF,AB8F15000000000088D0AA010781A033662D0000120000004C0000006B730000000000000000000000000000EDFEFFFF
1785191234067,1090150000000000,88D0AA01,0781A033,662D0000,12000000,4C000000,6B730000,00000000,00000000,00000000,EDFEFFFF,109015000000000088D0AA010781A033662D0000120000004C0000006B730000000000000000000000000000EDFEFFFF
1785191234067,7490150000000000,88D0AA01,0781A033,662D0000,12000000,4C000000,6B730000,00000000,00000000,00000000,EDFEFFFF,749015000000000088D0AA010781A033662D0000120000004C0000006B730000000000000000000000000000EDFEFFFF
1785191235067,D890150000000000,88D0AA01,0781A033,662D0000,12000000,4C000000,6B730000,00000000,00000000,00000000,EDFEFFFF,D89015000000000088D0AA010781A033662D0000120000004C0000006B730000000000000000000000000000EDFEFFFF
1785191235067,3C91150000000000,88D0AA01,0781A033,662D0000,12000000,4C000000,6B730000,00000000,00000000,00000000,EDFEFFFF,3C9115000000000088D0AA010781A033662D0000120000004C0000006B730000000000000000000000000000EDFEFFFF
1785191235067,A091150000000000,88D0AA01,0781A033,662D0000,12000000,4C000000,6B730000,00000000,00000000,00000000,EDFEFFFF,A09115000000000088D0AA010781A033662D0000120000004C0000006B730000000000000000000000000000EDFEFFFF
1785191235067,0492150000000000,88D0AA01,0781A033,662D0000,12000000,4C000000,6B730000,00000000,00000000,00000000,EDFEFFFF,049215000000000088D0AA010781A033662D0000120000004C0000006B730000000000000000000000000000EDFEFFFF
1785191235067,6892150000000000,88D0AA01,0781A033,662D0000,12000000,4C000000,6B730000,00000000,00000000,00000000,EDFEFFFF,689215000000000088D0AA010781A033662D0000120000004C0000006B730000000000000000000000000000EDFEFFFF
1785191235067,CD92150000000000,88D0AA01,0781A033,662D0000,12000000,4C000000,6B730000,00000000,00000000,00000000,EDFEFFFF,CD9215000000000088D0AA010781A033662D0000120000004C0000006B730000000000000000000000000000EDFEFFFF
1785191235067,3193150000000000,88D0AA01,0781A033,662D0000,12000000,4C000000,6B730000,00000000,00000000,00000000,EDFEFFFF,319315000000000088D0AA010781A033662D0000120000004C0000006B730000000000000000000000000000EDFEFFFF
1785191235067,9593150000000000,88D0AA01,0781A033,662D0000,12000000,4C000000,6A730000,00000000,00000000,00000000,ECFEFFFF,959315000000000088D0AA010781A033662D0000120000004C0000006A730000000000000000000000000000ECFEFFFF
1785191235067,F993150000000000,88D0AA01,0781A033,662D0000,12000000,4C000000,6B730000,00000000,00000000,00000000,EDFEFFFF,F99315000000000088D0AA010781A033662D0000120000004C0000006B730000000000000000000000000000EDFEFFFF
1785191235067,5D94150000000000,88D0AA01,0781A033,662D0000,12000000,4C000000,6B730000,00000000,00000000,00000000,EDFEFFFF,5D9415000000000088D0AA010781A033662D0000120000004C0000006B730000000000000000000000000000EDFEFFFF
1785191236067,C194150000000000,88D0AA01,0781A033,662D0000,12000000,4C000000,6B730000,00000000,00000000,00000000,EDFEFFFF,C19415000000000088D0AA010781A033662D0000120000004C0000006B730000000000000000000000000000EDFEFFFF
1785191236067,2695150000000000,88D0AA01,0781A033,662D0000,12000000,4C000000,6B730000,00000000,00000000,00000000,EDFEFFFF,269515000000000088D0AA010781A033662D0000120000004C0000006B730000000000000000000000000000EDFEFFFF
1785191236067,8A95150000000000,88D0AA01,0781A033,662D0000,12000000,4C000000,6B730000,00000000,00000000,00000000,EDFEFFFF,8A9515000000000088D0AA010781A033662D0000120000004C0000006B730000000000000000000000000000EDFEFFFF
1785191236067,EE95150000000000,88D0AA01,0781A033,662D0000,12000000,4C000000,6A730000,00000000,00000000,00000000,ECFEFFFF,EE9515000000000088D0AA010781A033662D0000120000004C0000006A730000000000000000000000000000ECFEFFFF
1785191236067,5296150000000000,88D0AA01,0781A033,662D0000,12000000,4C000000,6B730000,00000000,00000000,00000000,EDFEFFFF,529615000000000088D0AA010781A033662D0000120000004C0000006B730000000000000000000000000000EDFEFFFF
1785191236067,B696150000000000,88D0AA01,0781A033,662D0000,12000000,4C000000,6B730000,00000000,00000000,00000000,EDFEFFFF,B69615000000000088D0AA010781A033662D0000120000004C0000006B730000000000000000000000000000EDFEFFFF
1785191236067,1A97150000000000,88D0AA01,0781A033,662D0000,12000000,4C000000,6A730000,00000000,00000000,00000000,ECFEFFFF,1A9715000000000088D0AA010781A033662D0000120000004C0000006A730000000000000000000000000000ECFEFFFF
1785191236067,7E97150000000000,88D0AA01,0781A033,662D0000,12000000,4C000000,6B730000,00000000,00000000,00000000,EDFEFFFF,7E9715000000000088D0AA010781A033662D0000120000004C0000006B730000000000000000000000000000EDFEFFFF
1785191236067,E297150000000000,88D0AA01,0781A033,662D0000,12000000,4C000000,6A730000,00000000,00000000,00000000,ECFEFFFF,E29715000000000088D0AA010781A033662D0000120000004C0000006A730000000000000000000000000000ECFEFFFF
1785191236067,4798150000000000,88D0AA01,0781A033,662D0000,12000000,4C000000,6A730000,00000000,00000000,00000000,ECFEFFFF,479815000000000088D0AA010781A033662D0000120000004C0000006A730000000000000000000000000000ECFEFFFF
1785191237067,AB98150000000000,88D0AA01,0781A033,662D0000,12000000,4C000000,6B730000,00000000,00000000,00000000,EDFEFFFF,AB9815000000000088D0AA010781A033662D0000120000004C0000006B730000000000000000000000000000EDFEFFFF
1785191237067,0F99150000000000,88D0AA01,0781A033,662D0000,12000000,4C000000,6B730000,00000000,00000000,00000000,EDFEFFFF,0F9915000000000088D0AA010781A033662D0000120000004C0000006B730000000000000000000000000000EDFEFFFF
1785191237067,7399150000000000,88D0AA01,0781A033,662D0000,12000000,4C000000,6B730000,00000000,00000000,00000000,EDFEFFFF,739915000000000088D0AA010781A033662D0000120000004C0000006B730000000000000000000000000000EDFEFFFF
1785191237067,D799150000000000,88D0AA01,0781A033,662D0000,12000000,4C000000,6B730000,00000000,00000000,00000000,EDFEFFFF,D79915000000000088D0AA010781A033662D0000120000004C0000006B730000000000000000000000000000EDFEFFFF
1785191237067,3B9A150000000000,88D0AA01,0781A033,662D0000,12000000,4C000000,6B730000,00000000,00000000,00000000,EDFEFFFF,3B9A15000000000088D0AA010781A033662D0000120000004C0000006B730000000000000000000000000000EDFEFFFF
1785191237067,9F9A150000000000,88D0AA01,0781A033,662D0000,12000000,4C000000,6B730000,00000000,00000000,00000000,EDFEFFFF,9F9A15000000000088D0AA010781A033662D0000120000004C0000006B730000000000000000000000000000EDFEFFFF
1785191237067,039B150000000000,88D0AA01,0781A033,662D0000,12000000,4C000000,6B730000,00000000,00000000,00000000,EDFEFFFF,039B15000000000088D0AA010781A033662D0000120000004C0000006B730000000000000000000000000000EDFEFFFF
1785191237067,689B150000000000,88D0AA01,0781A033,662D0000,12000000,4C000000,6B730000,00000000,00000000,00000000,EDFEFFFF,689B15000000000088D0AA010781A033662D0000120000004C0000006B730000000000000000000000000000EDFEFFFF
1785191237067,CC9B150000000000,88D0AA01,0781A033,662D0000,12000000,4C000000,6B730000,00000000,00000000,00000000,EDFEFFFF,CC9B15000000000088D0AA010781A033662D0000120000004C0000006B730000000000000000000000000000EDFEFFFF
1785191237067,309C150000000000,88D0AA01,0781A033,662D0000,12000000,4C000000,6B730000,00000000,00000000,00000000,EDFEFFFF,309C15000000000088D0AA010781A033662D0000120000004C0000006B730000000000000000000000000000EDFEFFFF
1785191238067,949C150000000000,88D0AA01,0781A033,662D0000,12000000,4C000000,6B730000,00000000,00000000,00000000,EDFEFFFF,949C15000000000088D0AA010781A033662D0000120000004C0000006B730000000000000000000000000000EDFEFFFF
1785191238067,F89C150000000000,88D0AA01,0781A033,662D0000,12000000,4C000000,6A730000,00000000,00000000,00000000,ECFEFFFF,F89C15000000000088D0AA010781A033662D0000120000004C0000006A730000000000000000000000000000ECFEFFFF
1785191238067,5C9D150000000000,88D0AA01,0781A033,662D0000,12000000,4C000000,6B730000,00000000,00000000,00000000,EDFEFFFF,5C9D15000000000088D0AA010781A033662D0000120000004C0000006B730000000000000000000000000000EDFEFFFF
1785191238067,C09D150000000000,88D0AA01,0781A033,662D0000,12000000,4C000000,6A730000,00000000,00000000,00000000,ECFEFFFF,C09D15000000000088D0AA010781A033662D0000120000004C0000006A730000000000000000000000000000ECFEFFFF
1785191238067,259E150000000000,88D0AA01,0781A033,662D0000,12000000,4C000000,6A730000,00000000,00000000,00000000,ECFEFFFF,259E15000000000088D0AA010781A033662D0000120000004C0000006A730000000000000000000000000000ECFEFFFF
1785191238067,899E150000000000,88D0AA01,0781A033,662D0000,12000000,4C000000,6B730000,00000000,00000000,00000000,EDFEFFFF,899E15000000000088D0AA010781A033662D0000120000004C0000006B730000000000000000000000000000EDFEFFFF
1785191238067,ED9E150000000000,88D0AA01,0781A033,662D0000,12000000,4C000000,6B730000,00000000,00000000,00000000,EDFEFFFF,ED9E15000000000088D0AA010781A033662D0000120000004C0000006B730000000000000000000000000000EDFEFFFF
1785191238067,519F150000000000,88D0AA01,0781A033,662D0000,12000000,4C000000,6A730000,00000000,00000000,00000000,ECFEFFFF,519F15000000000088D0AA010781A033662D0000120000004C0000006A730000000000000000000000000000ECFEFFFF
1785191238067,B59F150000000000,88D0AA01,0781A033,662D0000,12000000,4C000000,6B730000,00000000,00000000,00000000,EDFEFFFF,B59F15000000000088D0AA010781A033662D0000120000004C0000006B730000000000000000000000000000EDFEFFFF
1785191238067,19A0150000000000,88D0AA01,0781A033,662D0000,12000000,4C000000,6B730000,00000000,00000000,00000000,EDFEFFFF,19A015000000000088D0AA010781A033662D0000120000004C0000006B730000000000000000000000000000EDFEFFFF
1785191239067,7DA0150000000000,88D0AA01,0781A033,662D0000,12000000,4C000000,6A730000,00000000,00000000,00000000,ECFEFFFF,7DA015000000000088D0AA010781A033662D0000120000004C0000006A730000000000000000000000000000ECFEFFFF
1785191239067,E1A0150000000000,88D0AA01,0781A033,662D0000,12000000,4C000000,6B730000,00000000,00000000,00000000,EDFEFFFF,E1A015000000000088D0AA010781A033662D0000120000004C0000006B730000000000000000000000000000EDFEFFFF
1785191239067,46A1150000000000,88D0AA01,0781A033,662D0000,12000000,4C000000,6B730000,00000000,00000000,00000000,EDFEFFFF,46A115000000000088D0AA010781A033662D0000120000004C0000006B730000000000000000000000000000EDFEFFFF
1785191239067,AAA1150000000000,88D0AA01,0781A033,662D0000,12000000,4C000000,6B730000,00000000,00000000,00000000,EDFEFFFF,AAA115000000000088D0AA010781A033662D0000120000004C0000006B730000000000000000000000000000EDFEFFFF
1785191239067,0EA2150000000000,88D0AA01,0781A033,662D0000,12000000,4C000000,6B730000,00000000,00000000,00000000,EDFEFFFF,0EA215000000000088D0AA010781A033662D0000120000004C0000006B730000000000000000000000000000EDFEFFFF
1785191239067,72A2150000000000,88D0AA01,0781A033,662D0000,12000000,4C000000,6A730000,00000000,00000000,00000000,ECFEFFFF,72A215000000000088D0AA010781A033662D0000120000004C0000006A730000000000000000000000000000ECFEFFFF
1785191239067,D6A2150000000000,88D0AA01,0781A033,662D0000,12000000,4C000000,6B730000,00000000,00000000,00000000,EDFEFFFF,D6A215000000000088D0AA010781A033662D0000120000004C0000006B730000000000000000000000000000EDFEFFFF
1785191239067,3AA3150000000000,88D0AA01,0781A033,662D0000,12000000,4C000000,6B730000,00000000,00000000,00000000,EDFEFFFF,3AA315000000000088D0AA010781A033662D0000120000004C0000006B730000000000000000000000000000EDFEFFFF
1785191239067,9EA3150000000000,88D0AA01,0781A033,662D0000,12000000,4C000000,6B730000,00000000,00000000,00000000,EDFEFFFF,9EA315000000000088D0AA010781A033662D0000120000004C0000006B730000000000000000000000000000EDFEFFFF
1785191239067,02A4150000000000,88D0AA01,0781A033,662D0000,12000000,4C000000,6B730000,00000000,00000000,00000000,EDFEFFFF,02A415000000000088D0AA010781A033662D0000120000004C0000006B730000000000000000000000000000EDFEFFFF
1785191240067,67A4150000000000,88D0AA01,0781A033,662D0000,12000000,4C000000,6B730000,00000000,00000000,00000000,EDFEFFFF,67A415000000000088D0AA010781A033662D0000120000004C0000006B730000000000000000000000000000EDFEFFFF
1785191240067,CBA4150000000000,88D0AA01,0781A033,662D0000,12000000,4C000000,6B730000,00000000,00000000,00000000,EDFEFFFF,CBA415000000000088D0AA010781A033662D0000120000004C0000006B730000000000000000000000000000EDFEFFFF
1785191240067,2FA5150000000000,88D0AA01,0781A033,662D0000,12000000,4C000000,6B730000,00000000,00000000,00000000,EDFEFFFF,2FA515000000000088D0AA010781A033662D0000120000004C0000006B730000000000000000000000000000EDFEFFFF
1785191240067,93A5150000000000,88D0AA01,0781A033,662D0000,12000000,4C000000,6B730000,00000000,00000000,00000000,EDFEFFFF,93A515000000000088D0AA010781A033662D0000120000004C0000006B730000000000000000000000000000EDFEFFFF
1785191240067,F7A5150000000000,88D0AA01,0781A033,662D0000,12000000,4C000000,6B730000,00000000,00000000,00000000,EDFEFFFF,F7A515000000000088D0AA010781A033662D0000120000004C0000006B730000000000000000000000000000EDFEFFFF
1785191240067,5BA6150000000000,88D0AA01,0781A033,662D0000,12000000,4C000000,6B730000,00000000,00000000,00000000,EDFEFFFF,5BA615000000000088D0AA010781A033662D0000120000004C0000006B730000000000000000000000000000EDFEFFFF
1785191240067,C0A6150000000000,88D0AA01,0781A033,662D0000,12000000,4C000000,6B730000,00000000,00000000,00000000,EDFEFFFF,C0A615000000000088D0AA010781A033662D0000120000004C0000006B730000000000000000000000000000EDFEFFFF
1785191240067,24A7150000000000,88D0AA01,0781A033,662D0000,12000000,4C000000,6B730000,00000000,00000000,00000000,EDFEFFFF,24A715000000000088D0AA010781A033662D0000120000004C0000006B730000000000000000000000000000EDFEFFFF
1785191240067,88A7150000000000,88D0AA01,0781A033,662D0000,12000000,4C000000,6A730000,00000000,00000000,00000000,ECFEFFFF,88A715000000000088D0AA010781A033662D0000120000004C0000006A730000000000000000000000000000ECFEFFFF
1785191240067,ECA7150000000000,88D0AA01,0781A033,662D0000,12000000,4C000000,6B730000,00000000,00000000,00000000,EDFEFFFF,ECA715000000000088D0AA010781A033662D0000120000004C0000006B730000000000000000000000000000EDFEFFFF
1785191241067,51A8150000000000,88D0AA01,0781A033,662D0000,12000000,4C000000,6A730000,00000000,00000000,00000000,ECFEFFFF,51A815000000000088D0AA010781A033662D0000120000004C0000006A730000000000000000000000000000ECFEFFFF
1785191241067,B4A8150000000000,88D0AA01,0781A033,662D0000,12000000,4C000000,6A730000,00000000,00000000,00000000,ECFEFFFF,B4A815000000000088D0AA010781A033662D0000120000004C0000006A730000000000000000000000000000ECFEFFFF
1785191241067,18A9150000000000,88D0AA01,0781A033,662D0000,12000000,4C000000,6B730000,00000000,00000000,00000000,EDFEFFFF,18A915000000000088D0AA010781A033662D0000120000004C0000006B730000000000000000000000000000EDFEFFFF
1785191241067,7CA9150000000000,88D0AA01,0781A033,662D0000,12000000,4C000000,6A730000,00000000,00000000,00000000,ECFEFFFF,7CA915000000000088D0AA010781A033662D0000120000004C0000006A730000000000000000000000000000ECFEFFFF
1785191241067,E1A9150000000000,88D0AA01,0781A033,662D0000,12000000,4C000000,6A730000,00000000,00000000,00000000,ECFEFFFF,E1A915000000000088D0AA010781A033662D0000120000004C0000006A730000000000000000000000000000ECFEFFFF
1785191241067,45AA150000000000,88D0AA01,0781A033,662D0000,12000000,4C000000,6A730000,00000000,00000000,00000000,ECFEFFFF,45AA15000000000088D0AA010781A033662D0000120000004C0000006A730000000000000000000000000000ECFEFFFF
1785191241067,A9AA150000000000,88D0AA01,0781A033,662D0000,12000000,4C000000,6A730000,00000000,00000000,00000000,ECFEFFFF,A9AA15000000000088D0AA010781A033662D0000120000004C0000006A730000000000000000000000000000ECFEFFFF
1785191241067,0DAB150000000000,88D0AA01,0781A033,662D0000,12000000,4C000000,6A730000,00000000,00000000,00000000,ECFEFFFF,0DAB15000000000088D0AA010781A033662D0000120000004C0000006A730000000000000000000000000000ECFEFFFF
1785191241067,71AB150000000000,88D0AA01,0781A033,662D0000,12000000,4C000000,6A730000,00000000,00000000,00000000,ECFEFFFF,71AB15000000000088D0AA010781A033662D0000120000004C0000006A730000000000000000000000000000ECFEFFFF
1785191241067,D5AB150000000000,88D0AA01,0781A033,662D0000,12000000,4C000000,6A730000,00000000,00000000,00000000,ECFEFFFF,D5AB15000000000088D0AA010781A033662D0000120000004C0000006A730000000000000000000000000000ECFEFFFF
1785191242067,3AAC150000000000,88D0AA01,0781A033,662D0000,12000000,4C000000,6A730000,00000000,00000000,00000000,ECFEFFFF,3AAC15000000000088D0AA010781A033662D0000120000004C0000006A730000000000000000000000000000ECFEFFFF
1785191242067,9DAC150000000000,88D0AA01,0781A033,662D0000,12000000,4C000000,6A730000,00000000,00000000,00000000,ECFEFFFF,9DAC15000000000088D0AA010781A033662D0000120000004C0000006A730000000000000000000000000000ECFEFFFF
1785191242067,02AD150000000000,88D0AA01,0781A033,662D0000,12000000,4C000000,6A730000,00000000,00000000,00000000,ECFEFFFF,02AD15000000000088D0AA010781A033662D0000120000004C0000006A730000000000000000000000000000ECFEFFFF
1785191242067,66AD150000000000,88D0AA01,0781A033,662D0000,12000000,4C000000,6A730000,00000000,00000000,00000000,ECFEFFFF,66AD15000000000088D0AA010781A033662D0000120000004C0000006A730000000000000000000000000000ECFEFFFF
1785191242067,CAAD150000000000,88D0AA01,0781A033,662D0000,12000000,4C000000,6A730000,00000000,00000000,00000000,ECFEFFFF,CAAD15000000000088D0AA010781A033662D0000120000004C0000006A730000000000000000000000000000ECFEFFFF
1785191242067,2EAE150000000000,88D0AA01,0781A033,662D0000,12000000,4C000000,6A730000,00000000,00000000,00000000,ECFEFFFF,2EAE15000000000088D0AA010781A033662D0000120000004C0000006A730000000000000000000000000000ECFEFFFF
1785191242067,92AE150000000000,88D0AA01,0781A033,662D0000,12000000,4C000000,6A730000,00000000,00000000,00000000,ECFEFFFF,92AE15000000000088D0AA010781A033662D0000120000004C0000006A730000000000000000000000000000ECFEFFFF
1785191242067,F6AE150000000000,88D0AA01,0781A033,662D0000,12000000,4C000000,6A730000,00000000,00000000,00000000,ECFEFFFF,F6AE15000000000088D0AA010781A033662D0000120000004C0000006A730000000000000000000000000000ECFEFFFF
1785191242067,5AAF150000000000,88D0AA01,0781A033,662D0000,12000000,4C000000,6A730000,00000000,00000000,00000000,ECFEFFFF,5AAF15000000000088D0AA010781A033662D0000120000004C0000006A730000000000000000000000000000ECFEFFFF
1785191242067,BFAF150000000000,88D0AA01,0781A033,662D0000,12000000,4C000000,6A730000,00000000,00000000,00000000,ECFEFFFF,BFAF15000000000088D0AA010781A033662D0000120000004C0000006A730000000000000000000000000000ECFEFFFF
1785191243067,23B0150000000000,88D0AA01,0781A033,662D0000,12000000,4C000000,6A730000,00000000,00000000,00000000,ECFEFFFF,23B015000000000088D0AA010781A033662D0000120000004C0000006A730000000000000000000000000000ECFEFFFF
1785191243067,87B0150000000000,88D0AA01,0781A033,662D0000,12000000,4C000000,6A730000,00000000,00000000,00000000,ECFEFFFF,87B015000000000088D0AA010781A033662D0000120000004C0000006A730000000000000000000000000000ECFEFFFF
1785191243067,EBB0150000000000,88D0AA01,0781A033,662D0000,12000000,4C000000,6A730000,00000000,00000000,00000000,ECFEFFFF,EBB015000000000088D0AA010781A033662D0000120000004C0000006A730000000000000000000000000000ECFEFFFF
1785191243067,4FB1150000000000,88D0AA01,0781A033,662D0000,12000000,4C000000,6A730000,00000000,00000000,00000000,ECFEFFFF,4FB115000000000088D0AA010781A033662D0000120000004C0000006A730000000000000000000000000000ECFEFFFF
1785191243067,B3B1150000000000,88D0AA01,0781A033,662D0000,12000000,4C000000,6A730000,00000000,00000000,00000000,ECFEFFFF,B3B115000000000088D0AA010781A033662D0000120000004C0000006A730000000000000000000000000000ECFEFFFF
1785191243067,18B2150000000000,88D0AA01,0781A033,662D0000,12000000,4C000000,6A730000,00000000,00000000,00000000,ECFEFFFF,18B215000000000088D0AA010781A033662D0000120000004C0000006A730000000000000000000000000000ECFEFFFF
1785191243067,7CB2150000000000,88D0AA01,0781A033,662D0000,12000000,4C000000,6A730000,00000000,00000000,00000000,ECFEFFFF,7CB215000000000088D0AA010781A033662D0000120000004C0000006A730000000000000000000000000000ECFEFFFF
1785191243067,E0B2150000000000,88D0AA01,0781A033,662D0000,12000000,4C000000,6A730000,00000000,00000000,00000000,ECFEFFFF,E0B215000000000088D0AA010781A033662D0000120000004C0000006A730000000000000000000000000000ECFEFFFF
1785191243067,44B3150000000000,88D0AA01,0781A033,662D0000,12000000,4C000000,6A730000,00000000,00000000,00000000,ECFEFFFF,44B315000000000088D0AA010781A033662D0000120000004C0000006A730000000000000000000000000000ECFEFFFF
1785191243067,A8B3150000000000,88D0AA01,0781A033,662D0000,12000000,4C000000,6A730000,00000000,00000000,00000000,ECFEFFFF,A8B315000000000088D0AA010781A033662D0000120000004C0000006A730000000000000000000000000000ECFEFFFF
1785191244067,0CB4150000000000,88D0AA01,0781A033,662D0000,12000000,4C000000,6A730000,00000000,00000000,00000000,ECFEFFFF,0CB415000000000088D0AA010781A033662D0000120000004C0000006A730000000000000000000000000000ECFEFFFF
1785191244067,70B4150000000000,88D0AA01,0781A033,662D0000,12000000,4C000000,6A730000,00000000,00000000,00000000,ECFEFFFF,70B415000000000088D0AA010781A033662D0000120000004C0000006A730000000000000000000000000000ECFEFFFF
1785191244067,D4B4150000000000,88D0AA01,0781A033,662D0000,12000000,4C000000,6A730000,00000000,00000000,00000000,ECFEFFFF,D4B415000000000088D0AA010781A033662D0000120000004C0000006A730000000000000000000000000000ECFEFFFF
1785191244067,39B5150000000000,88D0AA01,0781A033,662D0000,12000000,4C000000,6A730000,00000000,00000000,00000000,ECFEFFFF,39B515000000000088D0AA010781A033662D0000120000004C0000006A730000000000000000000000000000ECFEFFFF
1785191244067,9DB5150000000000,88D0AA01,0781A033,662D0000,12000000,4C000000,6A730000,00000000,00000000,00000000,ECFEFFFF,9DB515000000000088D0AA010781A033662D0000120000004C0000006A730000000000000000000000000000ECFEFFFF
1785191244067,01B6150000000000,88D0AA01,0781A033,662D0000,12000000,4C000000,6A730000,00000000,00000000,00000000,ECFEFFFF,01B615000000000088D0AA010781A033662D0000120000004C0000006A730000000000000000000000000000ECFEFFFF
1785191244067,65B6150000000000,88D0AA01,0781A033,662D0000,12000000,4C000000,6A730000,00000000,00000000,00000000,ECFEFFFF,65B615000000000088D0AA010781A033662D0000120000004C0000006A730000000000000000000000000000ECFEFFFF
1785191244067,C9B6150000000000,88D0AA01,0781A033,662D0000,12000000,4C000000,6A730000,00000000,00000000,00000000,ECFEFFFF,C9B615000000000088D0AA010781A033662D0000120000004C0000006A730000000000000000000000000000ECFEFFFF
1785191244067,2DB7150000000000,88D0AA01,0781A033,662D0000,12000000,4C000000,6A730000,00000000,00000000,00000000,ECFEFFFF,2DB715000000000088D0AA010781A033662D0000120000004C0000006A730000000000000000000000000000ECFEFFFF
1785191244067,91B7150000000000,88D0AA01,0781A033,662D0000,12000000,4C000000,6A730000,00000000,00000000,00000000,ECFEFFFF,91B715000000000088D0AA010781A033662D0000120000004C0000006A730000000000000000000000000000ECFEFFFF
1785191245067,F5B7150000000000,88D0AA01,0781A033,662D0000,12000000,4C000000,6A730000,00000000,00000000,00000000,ECFEFFFF,F5B715000000000088D0AA010781A033662D0000120000004C0000006A730000000000000000000000000000ECFEFFFF
1785191245067,5AB8150000000000,88D0AA01,0781A033,662D0000,12000000,4C000000,6A730000,00000000,00000000,00000000,ECFEFFFF,5AB815000000000088D0AA010781A033662D0000120000004C0000006A730000000000000000000000000000ECFEFFFF
1785191245067,BEB8150000000000,88D0AA01,0781A033,662D0000,12000000,4C000000,6A730000,00000000,00000000,00000000,ECFEFFFF,BEB815000000000088D0AA010781A033662D0000120000004C0000006A730000000000000000000000000000ECFEFFFF
1785191245067,23B9150000000000,88D0AA01,0781A033,662D0000,12000000,4C000000,6A730000,00000000,00000000,00000000,ECFEFFFF,23B915000000000088D0AA010781A033662D0000120000004C0000006A730000000000000000000000000000ECFEFFFF
1785191245067,86B9150000000000,88D0AA01,0781A033,662D0000,12000000,4C000000,6A730000,00000000,00000000,00000000,ECFEFFFF,86B915000000000088D0AA010781A033662D0000120000004C0000006A730000000000000000000000000000ECFEFFFF
1785191245067,EAB9150000000000,88D0AA01,0781A033,662D0000,12000000,4C000000,6A730000,00000000,00000000,00000000,ECFEFFFF,EAB915000000000088D0AA010781A033662D0000120000004C0000006A730000000000000000000000000000ECFEFFFF
1785191245067,4EBA150000000000,88D0AA01,0781A033,662D0000,12000000,4C000000,6A730000,00000000,00000000,00000000,ECFEFFFF,4EBA15000000000088D0AA010781A033662D0000120000004C0000006A730000000000000000000000000000ECFEFFFF
1785191245067,B2BA150000000000,88D0AA01,0781A033,662D0000,12000000,4C000000,6A730000,00000000,00000000,00000000,ECFEFFFF,B2BA15000000000088D0AA010781A033662D0000120000004C0000006A730000000000000000000000000000ECFEFFFF
1785191245067,17BB150000000000,88D0AA01,0781A033,662D0000,12000000,4C000000,6A730000,00000000,00000000,00000000,ECFEFFFF,17BB15000000000088D0AA010781A033662D0000120000004C0000006A730000000000000000000000000000ECFEFFFF
1785191245067,7BBB150000000000,88D0AA01,0781A033,662D0000,12000000,4C000000,6A730000,00000000,00000000,00000000,ECFEFFFF,7BBB15000000000088D0AA010781A033662D0000120000004C0000006A730000000000000000000000000000ECFEFFFF
1785191246067,DFBB150000000000,88D0AA01,0781A033,662D0000,12000000,4C000000,6A730000,00000000,00000000,00000000,ECFEFFFF,DFBB15000000000088D0AA010781A033662D0000120000004C0000006A730000000000000000000000000000ECFEFFFF
1785191246067,43BC150000000000,88D0AA01,0781A033,662D0000,12000000,4C000000,6A730000,00000000,00000000,00000000,ECFEFFFF,43BC15000000000088D0AA010781A033662D0000120000004C0000006A730000000000000000000000000000ECFEFFFF
1785191246067,A7BC150000000000,88D0AA01,0781A033,662D0000,12000000,4C000000,6A730000,00000000,00000000,00000000,ECFEFFFF,A7BC15000000000088D0AA010781A033662D0000120000004C0000006A730000000000000000000000000000ECFEFFFF
1785191246067,0BBD150000000000,88D0AA01,0781A033,662D0000,12000000,4C000000,6A730000,00000000,00000000,00000000,ECFEFFFF,0BBD15000000000088D0AA010781A033662D0000120000004C0000006A730000000000000000000000000000ECFEFFFF
1785191246067,D3BD150000000000,88D0AA01,0781A033,662D0000,12000000,4C000000,6A730000,00000000,00000000,00000000,ECFEFFFF,D3BD15000000000088D0AA010781A033662D0000120000004C0000006A730000000000000000000000000000ECFEFFFF
1785191246067,38BE150000000000,88D0AA01,0781A033,662D0000,12000000,4C000000,6A730000,00000000,00000000,00000000,ECFEFFFF,38BE15000000000088D0AA010781A033662D0000120000004C0000006A730000000000000000000000000000ECFEFFFF
1785191246067,9CBE150000000000,88D0AA01,0781A033,662D0000,12000000,4C000000,6A730000,00000000,00000000,00000000,ECFEFFFF,9CBE15000000000088D0AA010781A033662D0000120000004C0000006A730000000000000000000000000000ECFEFFFF
1785191246067,00BF150000000000,88D0AA01,0781A033,662D0000,12000000,4C000000,6A730000,00000000,00000000,00000000,ECFEFFFF,00BF15000000000088D0AA010781A033662D0000120000004C0000006A730000000000000000000000000000ECFEFFFF
1785191246067,64BF150000000000,88D0AA01,0781A033,662D0000,12000000,4C000000,6A730000,00000000,00000000,00000000,ECFEFFFF,64BF15000000000088D0AA010781A033662D0000120000004C0000006A730000000000000000000000000000ECFEFFFF
1785191247067,C8BF150000000000,88D0AA01,0781A033,662D0000,12000000,4C000000,6A730000,00000000,00000000,00000000,ECFEFFFF,C8BF15000000000088D0AA010781A033662D0000120000004C0000006A730000000000000000000000000000ECFEFFFF
1785191247067,2CC0150000000000,88D0AA01,0781A033,662D0000,12000000,4C000000,6A730000,00000000,00000000,00000000,ECFEFFFF,2CC015000000000088D0AA010781A033662D0000120000004C0000006A730000000000000000000000000000ECFEFFFF
1785191247067,91C0150000000000,88D0AA01,0781A033,662D0000,12000000,4C000000,6A730000,00000000,00000000,00000000,ECFEFFFF,91C015000000000088D0AA010781A033662D0000120000004C0000006A730000000000000000000000000000ECFEFFFF
1785191247067,F5C0150000000000,88D0AA01,0781A033,662D0000,12000000,4C000000,6A730000,00000000,00000000,00000000,ECFEFFFF,F5C015000000000088D0AA010781A033662D0000120000004C0000006A730000000000000000000000000000ECFEFFFF
1785191247067,59C1150000000000,88D0AA01,0781A033,662D0000,12000000,4C000000,6A730000,00000000,00000000,00000000,ECFEFFFF,59C115000000000088D0AA010781A033662D0000120000004C0000006A730000000000000000000000000000ECFEFFFF
1785191247067,BDC1150000000000,88D0AA01,0781A033,662D0000,12000000,4C000000,6A730000,00000000,00000000,00000000,ECFEFFFF,BDC115000000000088D0AA010781A033662D0000120000004C0000006A730000000000000000000000000000ECFEFFFF
1785191247067,21C2150000000000,88D0AA01,0781A033,662D0000,12000000,4C000000,6A730000,00000000,00000000,00000000,ECFEFFFF,21C215000000000088D0AA010781A033662D0000120000004C0000006A730000000000000000000000000000ECFEFFFF
1785191247067,85C2150000000000,88D0AA01,0781A033,662D0000,12000000,4C000000,6A730000,00000000,00000000,00000000,ECFEFFFF,85C215000000000088D0AA010781A033662D0000120000004C0000006A730000000000000000000000000000ECFEFFFF
1785191247067,E9C2150000000000,88D0AA01,0781A033,662D0000,12000000,4C000000,6A730000,00000000,00000000,00000000,ECFEFFFF,E9C215000000000088D0AA010781A033662D0000120000004C0000006A730000000000000000000000000000ECFEFFFF
1785191247067,4DC3150000000000,88D0AA01,0781A033,662D0000,12000000,4C000000,6A730000,00000000,00000000,00000000,ECFEFFFF,4DC315000000000088D0AA010781A033662D0000120000004C0000006A730000000000000000000000000000ECFEFFFF
1785191248067,B2C3150000000000,88D0AA01,0781A033,662D0000,12000000,4C000000,6A730000,00000000,00000000,00000000,ECFEFFFF,B2C315000000000088D0AA010781A033662D0000120000004C0000006A730000000000000000000000000000ECFEFFFF
1785191248067,16C4150000000000,88D0AA01,0781A033,662D0000,12000000,4C000000,6A730000,00000000,00000000,00000000,ECFEFFFF,16C415000000000088D0AA010781A033662D0000120000004C0000006A730000000000000000000000000000ECFEFFFF
1785191248067,7AC4150000000000,88D0AA01,0781A033,662D0000,12000000,4C000000,6A730000,00000000,00000000,00000000,ECFEFFFF,7AC415000000000088D0AA010781A033662D0000120000004C0000006A730000000000000000000000000000ECFEFFFF
1785191248067,DEC4150000000000,88D0AA01,0781A033,662D0000,12000000,4C000000,6A730000,00000000,00000000,00000000,ECFEFFFF,DEC415000000000088D0AA010781A033662D0000120000004C0000006A730000000000000000000000000000ECFEFFFF
1785191248067,42C5150000000000,8BD0AA01,0781A033,662D0000,12000000,4C000000,6A730000,03000000,00000000,00000000,ECFEFFFF,42C51500000000008BD0AA010781A033662D0000120000004C0000006A730000030000000000000000000000ECFEFFFF
1785191248067,A6C5150000000000,8ED0AA01,0681A033,662D0000,12000000,4C000000,6A730000,06000000,00000000,00000000,ECFEFFFF,A6C51500000000008ED0AA010681A033662D0000120000004C0000006A730000060000000000000000000000ECFEFFFF
1785191248067,0AC6150000000000,92D0AA01,0681A033,662D0000,12000000,4C000000,6A730000,09000000,00000000,00000000,ECFEFFFF,0AC615000000000092D0AA010681A033662D0000120000004C0000006A730000090000000000000000000000ECFEFFFF
1785191248067,6EC6150000000000,95D0AA01,0681A033,662D0000,12000000,4C000000,6A730000,0D000000,FFFFFFFF,00000000,ECFEFFFF,6EC615000000000095D0AA010681A033662D0000120000004C0000006A7300000D000000FFFFFFFF00000000ECFEFFFF
1785191248067,D3C6150000000000,9AD0AA01,0581A033,662D0000,12000000,4C000000,6A730000,12000000,FFFFFFFF,00000000,ECFEFFFF,D3C61500000000009AD0AA010581A033662D0000120000004C0000006A73000012000000FFFFFFFF00000000ECFEFFFF
1785191248067,37C7150000000000,9FD0AA01,0481A033,662D0000,12000000,4C000000,6A730000,17000000,FEFFFFFF,FFFFFFFF,ECFEFFFF,37C71500000000009FD0AA010481A033662D0000120000004C0000006A73000017000000FEFFFFFFFFFFFFFFECFEFFFF
1785191249067,9BC7150000000000,A4D0AA01,0481A033,662D0000,12000000,4C000000,6B730000,1C000000,FDFFFFFF,FFFFFFFF,EDFEFFFF,9BC7150000000000A4D0AA010481A033662D0000120000004C0000006B7300001C000000FDFFFFFFFFFFFFFFEDFEFFFF
1785191249067,FFC7150000000000,ACD0AA01,0281A033,662D0000,12000000,4C000000,6B730000,23000000,FCFFFFFF,FEFFFFFF,EDFEFFFF,FFC7150000000000ACD0AA010281A033662D0000120000004C0000006B73000023000000FCFFFFFFFEFFFFFFEDFEFFFF
1785191249067,63C8150000000000,B3D0AA01,0181A033,662D0000,12000000,4C000000,6A730000,2B000000,FBFFFFFF,FEFFFFFF,ECFEFFFF,63C8150000000000B3D0AA010181A033662D0000120000004C0000006A7300002B000000FBFFFFFFFEFFFFFFECFEFFFF
1785191249067,C7C8150000000000,BBD0AA01,0081A033,662D0000,12000000,4C000000,6B730000,33000000,FAFFFFFF,FDFFFFFF,EDFEFFFF,C7C8150000000000BBD0AA010081A033662D0000120000004C0000006B73000033000000FAFFFFFFFDFFFFFFEDFEFFFF
1785191249067,2BC9150000000000,C3D0AA01,FF80A033,662D0000,12000000,4C000000,6B730000,3A000000,F9FFFFFF,FCFFFFFF,EDFEFFFF,2BC9150000000000C3D0AA01FF80A033662D0000120000004C0000006B7300003A000000F9FFFFFFFCFFFFFFEDFEFFFF
1785191249067,90C9150000000000,CED0AA01,FE80A033,662D0000,12000000,4C000000,6C730000,46000000,F7FFFFFF,FCFFFFFF,EEFEFFFF,90C9150000000000CED0AA01FE80A033662D0000120000004C0000006C73000046000000F7FFFFFFFCFFFFFFEEFEFFFF
1785191249067,F4C9150000000000,DBD0AA01,FC80A033,662D0000,12000000,4C000000,6D730000,53000000,F5FFFFFF,FBFFFFFF,EFFEFFFF,F4C9150000000000DBD0AA01FC80A033662D0000120000004C0000006D73000053000000F5FFFFFFFBFFFFFFEFFEFFFF
1785191249067,58CA150000000000,E8D0AA01,FA80A033,662D0000,12000000,4C000000,6D730000,60000000,F4FFFFFF,F9FFFFFF,EFFEFFFF,58CA150000000000E8D0AA01FA80A033662D0000120000004C0000006D73000060000000F4FFFFFFF9FFFFFFEFFEFFFF
1785191249067,BCCA150000000000,F6D0AA01,F880A033,662D0000,12000000,4C000000,6E730000,6E000000,F2FFFFFF,F8FFFFFF,F0FEFFFF,BCCA150000000000F6D0AA01F880A033662D0000120000004C0000006E7300006E000000F2FFFFFFF8FFFFFFF0FEFFFF
1785191249067,20CB150000000000,0BD1AA01,F580A033,662D0000,12000000,4C000000,71730000,82000000,EEFFFFFF,F7FFFFFF,F3FEFFFF,20CB1500000000000BD1AA01F580A033662D0000120000004C0000007173000082000000EEFFFFFFF7FFFFFFF3FEFFFF
1785191250067,84CB150000000000,20D1AA01,F280A033,662D0000,12000000,4C000000,73730000,97000000,EBFFFFFF,F5FFFFFF,F5FEFFFF,84CB15000000000020D1AA01F280A033662D0000120000004C0000007373000097000000EBFFFFFFF5FFFFFFF5FEFFFF
1785191250067,E8CB150000000000,35D1AA01,EE80A033,662D0000,12000000,4C000000,77730000,AC000000,E8FFFFFF,F3FFFFFF,F9FEFFFF,E8CB15000000000035D1AA01EE80A033662D0000120000004C00000077730000AC000000E8FFFFFFF3FFFFFFF9FEFFFF
1785191250067,4CCC150000000000,49D1AA01,EB80A033,662D0000,12000000,4C000000,7A730000,C1000000,E5FFFFFF,F1FFFFFF,FCFEFFFF,4CCC15000000000049D1AA01EB80A033662D0000120000004C0000007A730000C1000000E5FFFFFFF1FFFFFFFCFEFFFF
1785191250067,B1CC150000000000,69D1AA01,E680A033,662D0000,12000000,4C000000,7D730000,E1000000,E0FFFFFF,EEFFFFFF,FFFEFFFF,B1CC15000000000069D1AA01E680A033662D0000120000004C0000007D730000E1000000E0FFFFFFEEFFFFFFFFFEFFFF
1785191250067,15CD150000000000,89D1AA01,E180A033,662D0000,12000000,4C000000,82730000,01010000,DBFFFFFF,EBFFFFFF,04FFFFFF,15CD15000000000089D1AA01E180A033662D0000120000004C0000008273000001010000DBFFFFFFEBFFFFFF04FFFFFF
1785191250067,79CD150000000000,A9D1AA01,DC80A033,662D0000,12000000,4C000000,87730000,20010000,D5FFFFFF,E9FFFFFF,09FFFFFF,79CD150000000000A9D1AA01DC80A033662D0000120000004C0000008773000020010000D5FFFFFFE9FFFFFF09FFFFFF
1785191250067,DDCD150000000000,CED1AA01,D580A033,662D0000,12000000,4C000000,8C730000,46010000,CFFFFFFF,E5FFFFFF,0EFFFFFF,DDCD150000000000CED1AA01D580A033662D0000120000004C0000008C73000046010000CFFFFFFFE5FFFFFF0EFFFFFF
1785191250067,41CE150000000000,F5D1AA01,CF80A033,662D0000,12000000,4C000000,91730000,6D010000,C9FFFFFF,E2FFFFFF,13FFFFFF,41CE150000000000F5D1AA01CF80A033662D0000120000004C000000917300006D010000C9FFFFFFE2FFFFFF13FFFFFF
1785191250067,A5CE150000000000,D1D1AA01,E180A033,662D0000,12000000,4C000000,95730000,95010000,C2FFFFFF,DFFFFFFF,17FFFFFF,A5CE150000000000D1D1AA01E180A033662D0000120000004C0000009573000095010000C2FFFFFFDFFFFFFF17FFFFFF
1785191250067,0ACF150000000000,ADD1AA01,F380A033,662D0000,12000000,4C000000,99730000,BD010000,BBFFFFFF,DBFFFFFF,1BFFFFFF,0ACF150000000000ADD1AA01F380A033662D0000120000004C00000099730000BD010000BBFFFFFFDBFFFFFF1BFFFFFF
1785191251067,6ECF150000000000,88D1AA01,0681A033,662D0000,12000000,4C000000,A0730000,E6010000,B4FFFFFF,D8FFFFFF,22FFFFFF,6ECF15000000000088D1AA010681A033662D0000120000004C000000A0730000E6010000B4FFFFFFD8FFFFFF22FFFFFF
1785191251067,D2CF150000000000,64D1AA01,1881A033,662D0000,12000000,4C000000,AA730000,0E020000,ACFFFFFF,D5FFFFFF,2CFFFFFF,D2CF15000000000064D1AA011881A033662D0000120000004C000000AA7300000E020000ACFFFFFFD5FFFFFF2CFFFFFF
1785191251067,36D0150000000000,3FD1AA01,2C81A033,662D0000,12000000,4C000000,B2730000,37020000,A5FFFFFF,D1FFFFFF,34FFFFFF,36D01500000000003FD1AA012C81A033662D0000120000004C000000B273000037020000A5FFFFFFD1FFFFFF34FFFFFF
1785191251067,9AD0150000000000,18D1AA01,3F81A033,662D0000,12000000,4C000000,BF730000,61020000,9DFFFFFF,CEFFFFFF,41FFFFFF,9AD015000000000018D1AA013F81A033662D0000120000004C000000BF730000610200009DFFFFFFCEFFFFFF41FFFFFF
1785191251067,FED0150000000000,F2D0AA01,5381A033,662D0000,12000000,4C000000,D0730000,8C020000,95FFFFFF,CAFFFFFF,52FFFFFF,FED0150000000000F2D0AA015381A033662D0000120000004C000000D07300008C02000095FFFFFFCAFFFFFF52FFFFFF
1785191251067,62D1150000000000,CBD0AA01,6781A033,662D0000,12000000,4C000000,E6730000,B7020000,8EFFFFFF,C6FFFFFF,68FFFFFF,62D1150000000000CBD0AA016781A033662D0000120000004C000000E6730000B70200008EFFFFFFC6FFFFFF68FFFFFF
1785191251067,C6D1150000000000,A6D0AA01,7B81A033,662D0000,12000000,4C000000,F9730000,E0020000,86FFFFFF,C3FFFFFF,7BFFFFFF,C6D1150000000000A6D0AA017B81A033662D0000120000004C000000F9730000E002000086FFFFFFC3FFFFFF7BFFFFFF
1785191251067,2BD2150000000000,7BD0AA01,9181A033,662D0000,12000000,4C000000,04740000,10030000,7DFFFFFF,BEFFFFFF,86FFFFFF,2BD21500000000007BD0AA019181A033662D0000120000004C00000004740000100300007DFFFFFFBEFFFFFF86FFFFFF
1785191251067,8FD2150000000000,50D0AA01,A781A033,662D0000,12000000,4C000000,0A740000,3F030000,74FFFFFF,BAFFFFFF,8CFFFFFF,8FD215000000000050D0AA01A781A033662D0000120000004C0000000A7400003F03000074FFFFFFBAFFFFFF8CFFFFFF
1785191251067,F3D2150000000000,24D0AA01,BE81A033,662D0000,12000000,4C000000,10740000,70030000,6BFFFFFF,B5FFFFFF,92FFFFFF,F3D215000000000024D0AA01BE81A033662D0000120000004C00000010740000700300006BFFFFFFB5FFFFFF92FFFFFF
1785191252067,57D3150000000000,F2CFAA01,D881A033,662D0000,12000000,4C000000,22740000,A8030000,61FFFFFF,B0FFFFFF,A4FFFFFF,57D3150000000000F2CFAA01D881A033662D0000120000004C00000022740000A803000061FFFFFFB0FFFFFFA4FFFFFF
1785191252067,BBD3150000000000,BFCFAA01,F281A033,662D0000,12000000,4C000000,3D740000,E0030000,57FFFFFF,ABFFFFFF,BFFFFFFF,BBD3150000000000BFCFAA01F281A033662D0000120000004C0000003D740000E003000057FFFFFFABFFFFFFBFFFFFFF
1785191252067,1FD4150000000000,8DCFAA01,0C82A033,662D0000,12000000,4C000000,53740000,18040000,4DFFFFFF,A7FFFFFF,D5FFFFFF,1FD41500000000008DCFAA010C82A033662D0000120000004C00000053740000180400004DFFFFFFA7FFFFFFD5FFFFFF
1785191252067,83D4150000000000,59CFAA01,2682A033,662D0000,12000000,4C000000,5B740000,51040000,42FFFFFF,A2FFFFFF,DDFFFFFF,83D415000000000059CFAA012682A033662D0000120000004C0000005B7400005104000042FFFFFFA2FFFFFFDDFFFFFF
1785191252067,E7D4150000000000,22CFAA01,4282A033,662D0000,12000000,4C000000,5A740000,8D040000,38FFFFFF,9DFFFFFF,DCFFFFFF,E7D415000000000022CFAA014282A033662D0000120000004C0000005A7400008D04000038FFFFFF9DFFFFFFDCFFFFFF
1785191252067,4CD5150000000000,EBCEAA01,5E82A033,662D0000,12000000,4C000000,5E740000,CA040000,2DFFFFFF,98FFFFFF,E0FFFFFF,4CD5150000000000EBCEAA015E82A033662D0000120000004C0000005E740000CA0400002DFFFFFF98FFFFFFE0FFFFFF
1785191252067,B0D5150000000000,B4CEAA01,7982A033,662D0000,12000000,4C000000,68740000,06050000,23FFFFFF,93FFFFFF,EAFFFFFF,B0D5150000000000B4CEAA017982A033662D0000120000004C000000687400000605000023FFFFFF93FFFFFFEAFFFFFF
1785191252067,14D6150000000000,7BCEAA01,9682A033,662D0000,12000000,4C000000,68740000,45050000,18FFFFFF,8DFFFFFF,EAFFFFFF,14D61500000000007BCEAA019682A033662D0000120000004C000000687400004505000018FFFFFF8DFFFFFFEAFFFFFF
1785191252067,78D6150000000000,42CEAA01,B282A033,662D0000,12000000,4C000000,65740000,84050000,0DFFFFFF,87FFFFFF,E7FFFFFF,78D615000000000042CEAA01B282A033662D0000120000004C00000065740000840500000DFFFFFF87FFFFFFE7FFFFFF
1785191252067,DCD6150000000000,0ACEAA01,CE82A033,662D0000,12000000,4C000000,68740000,C2050000,03FFFFFF,81FFFFFF,EAFFFFFF,DCD61500000000000ACEAA01CE82A033662D0000120000004C00000068740000C205000003FFFFFF81FFFFFFEAFFFFFF
1785191253067,40D7150000000000,D1CDAA01,EB82A033,662D0000,12000000,4C000000,67740000,01060000,F9FEFFFF,7BFFFFFF,E9FFFFFF,40D7150000000000D1CDAA01EB82A033662D0000120000004C0000006774000001060000F9FEFFFF7BFFFFFFE9FFFFFF
1785191253067,A4D7150000000000,97CDAA01,0783A033,662D0000,12000000,4C000000,5D740000,40060000,EFFEFFFF,75FFFFFF,DFFFFFFF,A4D715000000000097CDAA010783A033662D0000120000004C0000005D74000040060000EFFEFFFF75FFFFFFDFFFFFFF
1785191253067,08D8150000000000,5FCDAA01,2283A033,662D0000,12000000,4C000000,59740000,7E060000,E4FEFFFF,6FFFFFFF,DBFFFFFF,08D81500000000005FCDAA012283A033662D0000120000004C000000597400007E060000E4FEFFFF6FFFFFFFDBFFFFFF
1785191253067,6DD8150000000000,27CDAA01,3E83A033,662D0000,12000000,4C000000,5C740000,BC060000,DBFEFFFF,6AFFFFFF,DEFFFFFF,6DD815000000000027CDAA013E83A033662D0000120000004C0000005C740000BC060000DBFEFFFF6AFFFFFFDEFFFFFF
1785191253067,D1D8150000000000,EDCCAA01,5A83A033,662D0000,12000000,4C000000,55740000,FC060000,D0FEFFFF,65FFFFFF,D7FFFFFF,D1D8150000000000EDCCAA015A83A033662D0000120000004C00000055740000FC060000D0FEFFFF65FFFFFFD7FFFFFF
1785191253067,35D9150000000000,B7CCAA01,7483A033,662D0000,12000000,4C000000,4D740000,37070000,C7FEFFFF,61FFFFFF,CFFFFFFF,35D9150000000000B7CCAA017483A033662D0000120000004C0000004D74000037070000C7FEFFFF61FFFFFFCFFFFFFF
1785191253067,99D9150000000000,7FCCAA01,8F83A033,662D0000,12000000,4C000000,48740000,74070000,BEFEFFFF,5DFFFFFF,CAFFFFFF,99D91500000000007FCCAA018F83A033662D0000120000004C0000004874000074070000BEFEFFFF5DFFFFFFCAFFFFFF
1785191253067,FDD9150000000000,47CCAA01,AA83A033,662D0000,12000000,4C000000,36740000,B1070000,B4FEFFFF,58FFFFFF,B8FFFFFF,FDD915000000000047CCAA01AA83A033662D0000120000004C00000036740000B1070000B4FEFFFF58FFFFFFB8FFFFFF
1785191253067,61DA150000000000,0FCCAA01,C483A033,662D0000,12000000,4C000000,24740000,EF070000,ABFEFFFF,53FFFFFF,A6FFFFFF,61DA1500000000000FCCAA01C483A033662D0000120000004C00000024740000EF070000ABFEFFFF53FFFFFFA6FFFFFF
1785191253067,C5DA150000000000,D7CBAA01,DF83A033,662D0000,12000000,4C000000,16740000,2C080000,A2FEFFFF,4DFFFFFF,98FFFFFF,C5DA150000000000D7CBAA01DF83A033662D0000120000004C000000167400002C080000A2FEFFFF4DFFFFFF98FFFFFF
1785191254067,2ADB150000000000,9ECBAA01,FB83A033,662D0000,12000000,4C000000,04740000,6B080000,98FEFFFF,48FFFFFF,86FFFFFF,2ADB1500000000009ECBAA01FB83A033662D0000120000004C000000047400006B08000098FEFFFF48FFFFFF86FFFFFF
1785191254067,8EDB150000000000,67CBAA01,1584A033,662D0000,12000000,4C000000,F5730000,A7080000,8FFEFFFF,42FFFFFF,77FFFFFF,8EDB15000000000067CBAA011584A033662D0000120000004C000000F5730000A70800008FFEFFFF42FFFFFF77FFFFFF
1785191254067,F2DB150000000000,31CBAA01,2F84A033,662D0000,12000000,4C000000,EB730000,E2080000,86FEFFFF,3DFFFFFF,6DFFFFFF,F2DB15000000000031CBAA012F84A033662D0000120000004C000000EB730000E208000086FEFFFF3DFFFFFF6DFFFFFF
1785191254067,56DC150000000000,FBCAAA01,4984A033,662D0000,12000000,4C000000,E7730000,1D090000,7DFEFFFF,37FFFFFF,69FFFFFF,56DC150000000000FBCAAA014984A033662D0000120000004C000000E77300001D0900007DFEFFFF37FFFFFF69FFFFFF
1785191254067,BADC150000000000,C5CAAA01,6384A033,662D0000,12000000,4C000000,EA730000,59090000,74FEFFFF,32FFFFFF,6CFFFFFF,BADC150000000000C5CAAA016384A033662D0000120000004C000000EA7300005909000074FEFFFF32FFFFFF6CFFFFFF
1785191254067,1EDD150000000000,8DCAAA01,7E84A033,662D0000,12000000,4C000000,EF730000,96090000,6AFEFFFF,2BFFFFFF,71FFFFFF,1EDD1500000000008DCAAA017E84A033662D0000120000004C000000EF730000960900006AFEFFFF2BFFFFFF71FFFFFF
1785191254067,83DD150000000000,57CAAA01,9884A033,662D0000,12000000,4C000000,F8730000,D1090000,61FEFFFF,24FFFFFF,7AFFFFFF,83DD15000000000057CAAA019884A033662D0000120000004C000000F8730000D109000061FEFFFF24FFFFFF7AFFFFFF
1785191254067,E7DD150000000000,21CAAA01,B284A033,662D0000,12000000,4C000000,F2730000,0D0A0000,57FEFFFF,1DFFFFFF,74FFFFFF,E7DD15000000000021CAAA01B284A033662D0000120000004C000000F27300000D0A000057FEFFFF1DFFFFFF74FFFFFF
1785191254067,4BDE150000000000,EAC9AA01,CD84A033,662D0000,12000000,4C000000,E1730000,490A0000,4EFEFFFF,17FFFFFF,63FFFFFF,4BDE150000000000EAC9AA01CD84A033662D0000120000004C000000E1730000490A00004EFEFFFF17FFFFFF63FFFFFF
1785191254067,AFDE150000000000,B4C9AA01,E784A033,662D0000,12000000,4C000000,D1730000,840A0000,44FEFFFF,10FFFFFF,53FFFFFF,AFDE150000000000B4C9AA01E784A033662D0000120000004C000000D1730000840A000044FEFFFF10FFFFFF53FFFFFF
1785191255067,13DF150000000000,7EC9AA01,0285A033,662D0000,12000000,4C000000,BE730000,C00A0000,3BFEFFFF,0AFFFFFF,40FFFFFF,13DF1500000000007EC9AA010285A033662D0000120000004C000000BE730000C00A00003BFEFFFF0AFFFFFF40FFFFFF
1785191255067,77DF150000000000,48C9AA01,1C85A033,662D0000,12000000,4C000000,B7730000,FB0A0000,31FEFFFF,03FFFFFF,39FFFFFF,77DF15000000000048C9AA011C85A033662D0000120000004C000000B7730000FB0A000031FEFFFF03FFFFFF39FFFFFF
1785191255067,DBDF150000000000,12C9AA01,3685A033,662D0000,12000000,4C000000,BB730000,360B0000,28FEFFFF,FCFEFFFF,3DFFFFFF,DBDF15000000000012C9AA013685A033662D0000120000004C000000BB730000360B000028FEFFFFFCFEFFFF3DFFFFFF
1785191255067,3FE0150000000000,DCC8AA01,5185A033,662D0000,12000000,4C000000,C2730000,720B0000,1EFEFFFF,F6FEFFFF,44FFFFFF,3FE0150000000000DCC8AA015185A033662D0000120000004C000000C2730000720B00001EFEFFFFF6FEFFFF44FFFFFF
1785191255067,A3E0150000000000,A5C8AA01,6C85A033,662D0000,12000000,4C000000,C3730000,AE0B0000,14FEFFFF,EFFEFFFF,45FFFFFF,A3E0150000000000A5C8AA016C85A033662D0000120000004C000000C3730000AE0B000014FEFFFFEFFEFFFF45FFFFFF
1785191255067,08E1150000000000,70C8AA01,8685A033,662D0000,12000000,4C000000,C4730000,E90B0000,0AFEFFFF,E9FEFFFF,46FFFFFF,08E115000000000070C8AA018685A033662D0000120000004C000000C4730000E90B00000AFEFFFFE9FEFFFF46FFFFFF
1785191255067,6CE1150000000000,3BC8AA01,A185A033,662D0000,12000000,4C000000,C6730000,230C0000,01FEFFFF,E5FEFFFF,48FFFFFF,6CE11500000000003BC8AA01A185A033662D0000120000004C000000C6730000230C000001FEFFFFE5FEFFFF48FFFFFF
1785191255067,D0E1150000000000,06C8AA01,BB85A033,662D0000,12000000,4C000000,C9730000,5D0C0000,F7FDFFFF,E1FEFFFF,4BFFFFFF,D0E115000000000006C8AA01BB85A033662D0000120000004C000000C97300005D0C0000F7FDFFFFE1FEFFFF4BFFFFFF
1785191255067,34E2150000000000,D1C7AA01,D585A033,662D0000,12000000,4C000000,D2730000,970C0000,EEFDFFFF,DDFEFFFF,54FFFFFF,34E2150000000000D1C7AA01D585A033662D0000120000004C000000D2730000970C0000EEFDFFFFDDFEFFFF54FFFFFF
1785191255067,98E2150000000000,9CC7AA01,EF85A033,662D0000,12000000,4C000000,D8730000,D20C0000,E4FDFFFF,DAFEFFFF,5AFFFFFF,98E21500000000009CC7AA01EF85A033662D0000120000004C000000D8730000D20C0000E4FDFFFFDAFEFFFF5AFFFFFF
1785191256067,FCE2150000000000,67C7AA01,0A86A033,662D0000,12000000,4C000000,DE730000,0C0D0000,DAFDFFFF,D5FEFFFF,60FFFFFF,FCE215000000000067C7AA010A86A033662D0000120000004C000000DE7300000C0D0000DAFDFFFFD5FEFFFF60FFFFFF
1785191256067,61E3150000000000,32C7AA01,2686A033,662D0000,12000000,4C000000,E4730000,470D0000,CEFDFFFF,D0FEFFFF,66FFFFFF,61E315000000000032C7AA012686A033662D0000120000004C000000E4730000470D0000CEFDFFFFD0FEFFFF66FFFFFF
1785191256067,C5E3150000000000,FFC6AA01,4186A033,662D0000,12000000,4C000000,E8730000,800D0000,C3FDFFFF,C9FEFFFF,6AFFFFFF,C5E3150000000000FFC6AA014186A033662D0000120000004C000000E8730000800D0000C3FDFFFFC9FEFFFF6AFFFFFF
1785191256067,29E4150000000000,CBC6AA01,5E86A033,662D0000,12000000,4C000000,EE730000,BA0D0000,B7FDFFFF,C2FEFFFF,70FFFFFF,29E4150000000000CBC6AA015E86A033662D0000120000004C000000EE730000BA0D0000B7FDFFFFC2FEFFFF70FFFFFF
1785191256067,8DE4150000000000,98C6AA01,7B86A033,662D0000,12000000,4C000000,EE730000,F30D0000,AAFDFFFF,BCFEFFFF,70FFFFFF,8DE415000000000098C6AA017B86A033662D0000120000004C000000EE730000F30D0000AAFDFFFFBCFEFFFF70FFFFFF
1785191256067,F1E4150000000000,66C6AA01,9886A033,662D0000,12000000,4C000000,F4730000,2B0E0000,9CFDFFFF,B5FEFFFF,76FFFFFF,F1E415000000000066C6AA019886A033662D0000120000004C000000F47300002B0E00009CFDFFFFB5FEFFFF76FFFFFF
1785191256067,55E5150000000000,36C6AA01,B586A033,662D0000,12000000,4C000000,00740000,620E0000,8FFDFFFF,AFFEFFFF,82FFFFFF,55E515000000000036C6AA01B586A033662D0000120000004C00000000740000620E00008FFDFFFFAFFEFFFF82FFFFFF
1785191256067,B9E5150000000000,06C6AA01,D286A033,662D0000,12000000,4C000000,17740000,980E0000,81FDFFFF,A9FEFFFF,99FFFFFF,B9E515000000000006C6AA01D286A033662D0000120000004C00000017740000980E000081FDFFFFA9FEFFFF99FFFFFF
1785191256067,1DE6150000000000,D6C5AA01,EF86A033,662D0000,12000000,4C000000,37740000,CF0E0000,73FDFFFF,A3FEFFFF,B9FFFFFF,1DE6150000000000D6C5AA01EF86A033662D0000120000004C00000037740000CF0E000073FDFFFFA3FEFFFFB9FFFFFF
1785191256067,82E6150000000000,A6C5AA01,0D87A033,662D0000,12000000,4C000000,55740000,050F0000,65FDFFFF,9EFEFFFF,D7FFFFFF,82E6150000000000A6C5AA010D87A033662D0000120000004C00000055740000050F000065FDFFFF9EFEFFFFD7FFFFFF
1785191257067,E6E6150000000000,75C5AA01,2B87A033,662D0000,12000000,4C000000,66740000,3D0F0000,56FDFFFF,98FEFFFF,E8FFFFFF,E6E615000000000075C5AA012B87A033662D0000120000004C000000667400003D0F000056FDFFFF98FEFFFFE8FFFFFF
1785191257067,4AE7150000000000,44C5AA01,4987A033,662D0000,12000000,4C000000,66740000,740F0000,47FDFFFF,92FEFFFF,E8FFFFFF,4AE715000000000044C5AA014987A033662D0000120000004C00000066740000740F000047FDFFFF92FEFFFFE8FFFFFF
1785191257067,AEE7150000000000,14C5AA01,6687A033,662D0000,12000000,4C000000,73740000,AB0F0000,39FDFFFF,8CFEFFFF,F5FFFFFF,AEE715000000000014C5AA016687A033662D0000120000004C00000073740000AB0F000039FDFFFF8CFEFFFFF5FFFFFF
1785191257067,12E8150000000000,E3C4AA01,8487A033,662D0000,12000000,4C000000,98740000,E30F0000,2CFDFFFF,86FEFFFF,19000000,12E8150000000000E3C4AA018487A033662D0000120000004C00000098740000E30F00002CFDFFFF86FEFFFF19000000
1785191257067,76E8150000000000,B1C4AA01,A187A033,662D0000,12000000,4C000000,D0740000,1A100000,1EFDFFFF,80FEFFFF,51000000,76E8150000000000B1C4AA01A187A033662D0000120000004C000000D07400001A1000001EFDFFFF80FEFFFF51000000
1785191257067,DAE8150000000000,80C4AA01,BD87A033,662D0000,12000000,4C000000,0D750000,52100000,12FDFFFF,7BFEFFFF,8E000000,DAE815000000000080C4AA01BD87A033662D0000120000004C0000000D7500005210000012FDFFFF7BFEFFFF8E000000
1785191257067,3FE9150000000000,4EC4AA01,D987A033,662D0000,12000000,4C000000,4F750000,8A100000,05FDFFFF,76FEFFFF,D0000000,3FE91500000000004EC4AA01D987A033662D0000120000004C0000004F7500008A10000005FDFFFF76FEFFFFD0000000
1785191257067,A3E9150000000000,1CC4AA01,F487A033,662D0000,12000000,4C000000,90750000,C2100000,FAFCFFFF,70FEFFFF,11010000,A3E91500000000001CC4AA01F487A033662D0000120000004C00000090750000C2100000FAFCFFFF70FEFFFF11010000
1785191257067,07EA150000000000,EAC3AA01,0E88A033,662D0000,12000000,4C000000,D3750000,F9100000,EFFCFFFF,6BFEFFFF,54010000,07EA150000000000EAC3AA010E88A033662D0000120000004C000000D3750000F9100000EFFCFFFF6BFEFFFF54010000
1785191257067,6BEA150000000000,B8C3AA01,2888A033,662D0000,12000000,4C000000,01760000,30110000,E5FCFFFF,66FEFFFF,82010000,6BEA150000000000B8C3AA012888A033662D0000120000004C0000000176000030110000E5FCFFFF66FEFFFF82010000
1785191258067,CFEA150000000000,86C3AA01,4188A033,662D0000,12000000,4C000000,1D760000,67110000,DCFCFFFF,61FEFFFF,9E010000,CFEA15000000000086C3AA014188A033662D0000120000004C0000001D76000067110000DCFCFFFF61FEFFFF9E010000
1785191258067,33EB150000000000,54C3AA01,5988A033,662D0000,12000000,4C000000,22760000,9E110000,D3FCFFFF,5CFEFFFF,A3010000,33EB15000000000054C3AA015988A033662D0000120000004C000000227600009E110000D3FCFFFF5CFEFFFFA3010000
1785191258067,97EB150000000000,22C3AA01,7188A033,662D0000,12000000,4C000000,16760000,D5110000,CBFCFFFF,57FEFFFF,97010000,97EB15000000000022C3AA017188A033662D0000120000004C00000016760000D5110000CBFCFFFF57FEFFFF97010000
1785191258067,FBEB150000000000,F0C2AA01,8888A033,662D0000,12000000,4C000000,01760000,0C120000,C3FCFFFF,53FEFFFF,82010000,FBEB150000000000F0C2AA018888A033662D0000120000004C000000017600000C120000C3FCFFFF53FEFFFF82010000
1785191258067,60EC150000000000,BCC2AA01,A088A033,662D0000,12000000,4C000000,E7750000,44120000,BCFCFFFF,4EFEFFFF,68010000,60EC150000000000BCC2AA01A088A033662D0000120000004C000000E775000044120000BCFCFFFF4EFEFFFF68010000
1785191258067,C4EC150000000000,89C2AA01,B688A033,662D0000,12000000,4C000000,C5750000,7B120000,B5FCFFFF,49FEFFFF,46010000,C4EC15000000000089C2AA01B688A033662D0000120000004C000000C57500007B120000B5FCFFFF49FEFFFF46010000
1785191258067,28ED150000000000,56C2AA01,CD88A033,662D0000,12000000,4C000000,98750000,B3120000,AFFCFFFF,45FEFFFF,19010000,28ED15000000000056C2AA01CD88A033662D0000120000004C00000098750000B3120000AFFCFFFF45FEFFFF19010000
1785191258067,8EED150000000000,23C2AA01,E388A033,662D0000,12000000,4C000000,66750000,EA120000,A8FCFFFF,40FEFFFF,E7000000,8EED15000000000023C2AA01E388A033662D0000120000004C00000066750000EA120000A8FCFFFF40FEFFFFE7000000
1785191258067,F2ED150000000000,F0C1AA01,F988A033,662D0000,12000000,4C000000,2D750000,21130000,A2FCFFFF,3CFEFFFF,AE000000,F2ED150000000000F0C1AA01F988A033662D0000120000004C0000002D75000021130000A2FCFFFF3CFEFFFFAE000000
1785191258067,54EE150000000000,BCC1AA01,0F89A033,662D0000,12000000,4C000000,EA740000,59130000,9CFCFFFF,38FEFFFF,6B000000,54EE150000000000BCC1AA010F89A033662D0000120000004C000000EA740000591300009CFCFFFF38FEFFFF6B000000
1785191259067,B8EE150000000000,88C1AA01,2689A033,662D0000,12000000,4C000000,A3740000,92130000,95FCFFFF,34FEFFFF,24000000,B8EE15000000000088C1AA012689A033662D0000120000004C000000A37400009213000095FCFFFF34FEFFFF24000000
1785191259067,1CEF150000000000,54C1AA01,3D89A033,662D0000,12000000,4C000000,5C740000,CB130000,8FFCFFFF,2FFEFFFF,DEFFFFFF,1CEF15000000000054C1AA013D89A033662D0000120000004C0000005C740000CB1300008FFCFFFF2FFEFFFFDEFFFFFF
1785191259067,81EF150000000000,1EC1AA01,5489A033,662D0000,12000000,4C000000,1A740000,05140000,88FCFFFF,2BFEFFFF,9CFFFFFF,81EF1500000000001EC1AA015489A033662D0000120000004C0000001A7400000514000088FCFFFF2BFEFFFF9CFFFFFF
1785191259067,E5EF150000000000,E8C0AA01,6B89A033,662D0000,12000000,4C000000,E1730000,3F140000,82FCFFFF,27FEFFFF,63FFFFFF,E5EF150000000000E8C0AA016B89A033662D0000120000004C000000E17300003F14000082FCFFFF27FEFFFF63FFFFFF
1785191259067,49F0150000000000,B1C0AA01,8389A033,662D0000,12000000,4C000000,A7730000,7B140000,7BFCFFFF,22FEFFFF,29FFFFFF,49F0150000000000B1C0AA018389A033662D0000120000004C000000A77300007B1400007BFCFFFF22FEFFFF29FFFFFF
1785191259067,ADF0150000000000,79C0AA01,9B89A033,662D0000,12000000,4C000000,76730000,B7140000,74FCFFFF,1DFEFFFF,F8FEFFFF,ADF015000000000079C0AA019B89A033662D0000120000004C00000076730000B714000074FCFFFF1DFEFFFFF8FEFFFF
1785191259067,11F1150000000000,42C0AA01,B389A033,662D0000,12000000,4C000000,4B730000,F3140000,6DFCFFFF,19FEFFFF,CDFEFFFF,11F115000000000042C0AA01B389A033662D0000120000004C0000004B730000F31400006DFCFFFF19FEFFFFCDFEFFFF
1785191259067,75F1150000000000,09C0AA01,CC89A033,662D0000,12000000,4C000000,25730000,30150000,66FCFFFF,14FEFFFF,A7FEFFFF,75F115000000000009C0AA01CC89A033662D0000120000004C000000257300003015000066FCFFFF14FEFFFFA7FEFFFF
1785191259067,E4F1150000000000,D0BFAA01,E589A033,662D0000,12000000,4C000000,06730000,6F150000,5FFCFFFF,10FEFFFF,88FEFFFF,E4F1150000000000D0BFAA01E589A033662D0000120000004C000000067300006F1500005FFCFFFF10FEFFFF88FEFFFF
1785191259067,3EF2150000000000,96BFAA01,FE89A033,662D0000,12000000,4C000000,F4720000,AD150000,58FCFFFF,0CFEFFFF,76FEFFFF,3EF215000000000096BFAA01FE89A033662D0000120000004C000000F4720000AD15000058FCFFFF0CFEFFFF76FEFFFF
1785191260067,A2F2150000000000,5CBFAA01,178AA033,662D0000,12000000,4C000000,F1720000,EC150000,51FCFFFF,07FEFFFF,73FEFFFF,A2F21500000000005CBFAA01178AA033662D0000120000004C000000F1720000EC15000051FCFFFF07FEFFFF73FEFFFF
1785191260067,06F3150000000000,24BFAA01,2F8AA033,662D0000,12000000,4C000000,F5720000,29160000,4AFCFFFF,03FEFFFF,77FEFFFF,06F315000000000024BFAA012F8AA033662D0000120000004C000000F5720000291600004AFCFFFF03FEFFFF77FEFFFF
1785191260067,6AF3150000000000,ECBEAA01,478AA033,662D0000,12000000,4C000000,F5720000,65160000,43FCFFFF,FFFDFFFF,77FEFFFF,6AF3150000000000ECBEAA01478AA033662D0000120000004C000000F57200006516000043FCFFFFFFFDFFFF77FEFFFF
1785191260067,CEF3150000000000,BABEAA01,5D8AA033,662D0000,12000000,4C000000,F1720000,9C160000,3DFCFFFF,FCFDFFFF,73FEFFFF,CEF3150000000000BABEAA015D8AA033662D0000120000004C000000F17200009C1600003DFCFFFFFCFDFFFF73FEFFFF
1785191260067,32F4150000000000,85BEAA01,738AA033,662D0000,12000000,4C000000,EE720000,D5160000,37FCFFFF,F9FDFFFF,70FEFFFF,32F415000000000085BEAA01738AA033662D0000120000004C000000EE720000D516000037FCFFFFF9FDFFFF70FEFFFF
1785191260067,96F4150000000000,51BEAA01,8A8AA033,662D0000,12000000,4C000000,E9720000,0D170000,30FCFFFF,F6FDFFFF,6BFEFFFF,96F415000000000051BEAA018A8AA033662D0000120000004C000000E97200000D17000030FCFFFFF6FDFFFF6BFEFFFF
1785191260067,FBF4150000000000,1EBEAA01,A08AA033,662D0000,12000000,4C000000,DF720000,44170000,2AFCFFFF,F3FDFFFF,61FEFFFF,FBF41500000000001EBEAA01A08AA033662D0000120000004C000000DF720000441700002AFCFFFFF3FDFFFF61FEFFFF
1785191260067,5FF5150000000000,EBBDAA01,B68AA033,662D0000,12000000,4C000000,DE720000,7B170000,24FCFFFF,EFFDFFFF,60FEFFFF,5FF5150000000000EBBDAA01B68AA033662D0000120000004C000000DE7200007B17000024FCFFFFEFFDFFFF60FEFFFF
1785191260067,C4F5150000000000,B8BDAA01,CC8AA033,662D0000,12000000,4C000000,E2720000,B3170000,1EFCFFFF,EBFDFFFF,64FEFFFF,C4F5150000000000B8BDAA01CC8AA033662D0000120000004C000000E2720000B31700001EFCFFFFEBFDFFFF64FEFFFF
1785191260067,27F6150000000000,85BDAA01,E28AA033,662D0000,12000000,4C000000,E6720000,EA170000,17FCFFFF,E7FDFFFF,68FEFFFF,27F615000000000085BDAA01E28AA033662D0000120000004C000000E6720000EA17000017FCFFFFE7FDFFFF68FEFFFF
1785191261067,8BF6150000000000,51BDAA01,F88AA033,662D0000,12000000,4C000000,EC720000,22180000,11FCFFFF,E4FDFFFF,6EFEFFFF,8BF615000000000051BDAA01F88AA033662D0000120000004C000000EC7200002218000011FCFFFFE4FDFFFF6EFEFFFF
1785191261067,EFF6150000000000,1EBDAA01,0E8BA033,662D0000,12000000,4C000000,ED720000,59180000,0BFCFFFF,E0FDFFFF,6FFEFFFF,EFF61500000000001EBDAA010E8BA033662D0000120000004C000000ED720000591800000BFCFFFFE0FDFFFF6FFEFFFF
1785191261067,53F7150000000000,EBBCAA01,248BA033,662D0000,12000000,4C000000,E5720000,90180000,05FCFFFF,DCFDFFFF,67FEFFFF,53F7150000000000EBBCAA01248BA033662D0000120000004C000000E57200009018000005FCFFFFDCFDFFFF67FEFFFF
1785191261067,B7F7150000000000,B9BCAA01,3A8BA033,662D0000,12000000,4C000000,E8720000,C7180000,FEFBFFFF,D8FDFFFF,6AFEFFFF,B7F7150000000000B9BCAA013A8BA033662D0000120000004C000000E8720000C7180000FEFBFFFFD8FDFFFF6AFEFFFF
1785191261067,1CF8150000000000,86BCAA01,508BA033,662D0000,12000000,4C000000,EC720000,FE180000,F8FBFFFF,D4FDFFFF,6EFEFFFF,1CF815000000000086BCAA01508BA033662D0000120000004C000000EC720000FE180000F8FBFFFFD4FDFFFF6EFEFFFF
1785191261067,80F8150000000000,53BCAA01,678BA033,662D0000,12000000,4C000000,FB720000,35190000,F1FBFFFF,CFFDFFFF,7DFEFFFF,80F815000000000053BCAA01678BA033662D0000120000004C000000FB72000035190000F1FBFFFFCFFDFFFF7DFEFFFF
1785191261067,E4F8150000000000,1FBCAA01,7E8BA033,662D0000,12000000,4C000000,02730000,6E190000,EBFBFFFF,CBFDFFFF,84FEFFFF,E4F81500000000001FBCAA017E8BA033662D0000120000004C000000027300006E190000EBFBFFFFCBFDFFFF84FEFFFF
1785191261067,48F9150000000000,EABBAA01,958BA033,662D0000,12000000,4C000000,04730000,A7190000,E4FBFFFF,C7FDFFFF,86FEFFFF,48F9150000000000EABBAA01958BA033662D0000120000004C00000004730000A7190000E4FBFFFFC7FDFFFF86FEFFFF
1785191261067,ACF9150000000000,B6BBAA01,AC8BA033,662D0000,12000000,4C000000,FA720000,DF190000,DDFBFFFF,C3FDFFFF,7CFEFFFF,ACF9150000000000B6BBAA01AC8BA033662D0000120000004C000000FA720000DF190000DDFBFFFFC3FDFFFF7CFEFFFF
1785191261067,10FA150000000000,82BBAA01,C38BA033,662D0000,12000000,4C000000,EB720000,181A0000,D6FBFFFF,C0FDFFFF,6DFEFFFF,10FA15000000000082BBAA01C38BA033662D0000120000004C000000EB720000181A0000D6FBFFFFC0FDFFFF6DFEFFFF
1785191262067,74FA150000000000,50BBAA01,D98BA033,662D0000,12000000,4C000000,E1720000,4E1A0000,D0FBFFFF,BCFDFFFF,63FEFFFF,74FA15000000000050BBAA01D98BA033662D0000120000004C000000E17200004E1A0000D0FBFFFFBCFDFFFF63FEFFFF
1785191262067,3DFB150000000000,ECBAAA01,058CA033,662D0000,12000000,4C000000,EB720000,BB1A0000,C2FBFFFF,B5FDFFFF,6DFEFFFF,3DFB150000000000ECBAAA01058CA033662D0000120000004C000000EB720000BB1A0000C2FBFFFFB5FDFFFF6DFEFFFF
1785191262067,A1FB150000000000,BABAAA01,1B8CA033,662D0000,12000000,4C000000,EB720000,F11A0000,BCFBFFFF,B2FDFFFF,6DFEFFFF,A1FB150000000000BABAAA011B8CA033662D0000120000004C000000EB720000F11A0000BCFBFFFFB2FDFFFF6DFEFFFF
1785191262067,05FC150000000000,88BAAA01,318CA033,662D0000,12000000,4C000000,E3720000,271B0000,B5FBFFFF,AEFDFFFF,65FEFFFF,05FC15000000000088BAAA01318CA033662D0000120000004C000000E3720000271B0000B5FBFFFFAEFDFFFF65FEFFFF
1785191262067,69FC150000000000,56BAAA01,488CA033,662D0000,12000000,4C000000,E1720000,5E1B0000,AEFBFFFF,ABFDFFFF,63FEFFFF,69FC15000000000056BAAA01488CA033662D0000120000004C000000E17200005E1B0000AEFBFFFFABFDFFFF63FEFFFF
1785191262067,CDFC150000000000,23BAAA01,5E8CA033,662D0000,12000000,4C000000,EB720000,941B0000,A8FBFFFF,A8FDFFFF,6DFEFFFF,CDFC15000000000023BAAA015E8CA033662D0000120000004C000000EB720000941B0000A8FBFFFFA8FDFFFF6DFEFFFF
1785191262067,33FD150000000000,F1B9AA01,748CA033,662D0000,12000000,4C000000,F7720000,CB1B0000,A1FBFFFF,A5FDFFFF,79FEFFFF,33FD150000000000F1B9AA01748CA033662D0000120000004C000000F7720000CB1B0000A1FBFFFFA5FDFFFF79FEFFFF
1785191262067,96FD150000000000,BEB9AA01,8B8CA033,662D0000,12000000,4C000000,03730000,021C0000,9AFBFFFF,A1FDFFFF,85FEFFFF,96FD150000000000BEB9AA018B8CA033662D0000120000004C00000003730000021C00009AFBFFFFA1FDFFFF85FEFFFF
1785191262067,FAFD150000000000,8DB9AA01,A18CA033,662D0000,12000000,4C000000,0B730000,381C0000,94FBFFFF,9EFDFFFF,8DFEFFFF,FAFD1500000000008DB9AA01A18CA033662D0000120000004C0000000B730000381C000094FBFFFF9EFDFFFF8DFEFFFF
1785191263067,5EFE150000000000,5BB9AA01,B78CA033,662D0000,12000000,4C000000,14730000,6E1C0000,8DFBFFFF,9BFDFFFF,96FEFFFF,5EFE1500000000005BB9AA01B78CA033662D0000120000004C000000147300006E1C00008DFBFFFF9BFDFFFF96FEFFFF
1785191263067,C3FE150000000000,29B9AA01,CD8CA033,662D0000,12000000,4C000000,10730000,A41C0000,86FBFFFF,98FDFFFF,92FEFFFF,C3FE15000000000029B9AA01CD8CA033662D0000120000004C00000010730000A41C000086FBFFFF98FDFFFF92FEFFFF
1785191263067,26FF150000000000,F7B8AA01,E38CA033,662D0000,12000000,4C000000,12730000,DA1C0000,80FBFFFF,95FDFFFF,94FEFFFF,26FF150000000000F7B8AA01E38CA033662D0000120000004C00000012730000DA1C000080FBFFFF95FDFFFF94FEFFFF
1785191263067,8AFF150000000000,C6B8AA01,F98CA033,662D0000,12000000,4C000000,15730000,101D0000,79FBFFFF,91FDFFFF,97FEFFFF,8AFF150000000000C6B8AA01F98CA033662D0000120000004C00000015730000101D000079FBFFFF91FDFFFF97FEFFFF
1785191263067,EEFF150000000000,94B8AA01,0F8DA033,662D0000,12000000,4C000000,1B730000,461D0000,72FBFFFF,8EFDFFFF,9DFEFFFF,EEFF15000000000094B8AA010F8DA033662D0000120000004C0000001B730000461D000072FBFFFF8EFDFFFF9DFEFFFF
1785191263067,5300160000000000,61B8AA01,268DA033,662D0000,12000000,4C000000,26730000,7D1D0000,6BFBFFFF,8BFDFFFF,A8FEFFFF,530016000000000061B8AA01268DA033662D0000120000004C000000267300007D1D00006BFBFFFF8BFDFFFFA8FEFFFF
1785191263067,B700160000000000,32B8AA01,3B8DA033,662D0000,12000000,4C000000,30730000,B11D0000,65FBFFFF,88FDFFFF,B2FEFFFF,B70016000000000032B8AA013B8DA033662D0000120000004C00000030730000B11D000065FBFFFF88FDFFFFB2FEFFFF
1785191263067,1B01160000000000,01B8AA01,518DA033,662D0000,12000000,4C000000,30730000,E61D0000,5EFBFFFF,85FDFFFF,B2FEFFFF,1B0116000000000001B8AA01518DA033662D0000120000004C00000030730000E61D00005EFBFFFF85FDFFFFB2FEFFFF
1785191263067,7F01160000000000,D1B7AA01,678DA033,662D0000,12000000,4C000000,2B730000,1A1E0000,57FBFFFF,81FDFFFF,ADFEFFFF,7F01160000000000D1B7AA01678DA033662D0000120000004C0000002B7300001A1E000057FBFFFF81FDFFFFADFEFFFF
1785191263067,E301160000000000,A0B7AA01,7C8DA033,662D0000,12000000,4C000000,29730000,501E0000,51FBFFFF,7EFDFFFF,ABFEFFFF,E301160000000000A0B7AA017C8DA033662D0000120000004C00000029730000501E000051FBFFFF7EFDFFFFABFEFFFF
1785191264067,4702160000000000,70B7AA01,928DA033,662D0000,12000000,4C000000,28730000,841E0000,4AFBFFFF,7AFDFFFF,AAFEFFFF,470216000000000070B7AA01928DA033662D0000120000004C00000028730000841E00004AFBFFFF7AFDFFFFAAFEFFFF
1785191264067,AC02160000000000,3EB7AA01,A88DA033,662D0000,12000000,4C000000,26730000,BA1E0000,43FBFFFF,76FDFFFF,A8FEFFFF,AC021600000000003EB7AA01A88DA033662D0000120000004C00000026730000BA1E000043FBFFFF76FDFFFFA8FEFFFF
1785191264067,0F03160000000000,0CB7AA01,BF8DA033,662D0000,12000000,4C000000,2B730000,F01E0000,3CFBFFFF,72FDFFFF,ADFEFFFF,0F031600000000000CB7AA01BF8DA033662D0000120000004C0000002B730000F01E00003CFBFFFF72FDFFFFADFEFFFF
1785191264067,7403160000000000,DBB6AA01,D58DA033,662D0000,12000000,4C000000,31730000,251F0000,35FBFFFF,6FFDFFFF,B3FEFFFF,7403160000000000DBB6AA01D58DA033662D0000120000004C00000031730000251F000035FBFFFF6FFDFFFFB3FEFFFF
1785191264067,D803160000000000,AAB6AA01,EB8DA033,662D0000,12000000,4C000000,32730000,5B1F0000,2EFBFFFF,6CFDFFFF,B4FEFFFF,D803160000000000AAB6AA01EB8DA033662D0000120000004C000000327300005B1F00002EFBFFFF6CFDFFFFB4FEFFFF
1785191264067,3C04160000000000,77B6AA01,028EA033,662D0000,12000000,4C000000,33730000,921F0000,27FBFFFF,69FDFFFF,B5FEFFFF,3C0416000000000077B6AA01028EA033662D0000120000004C00000033730000921F000027FBFFFF69FDFFFFB5FEFFFF
1785191264067,A004160000000000,45B6AA01,198EA033,662D0000,12000000,4C000000,35730000,C91F0000,20FBFFFF,66FDFFFF,B7FEFFFF,A00416000000000045B6AA01198EA033662D0000120000004C00000035730000C91F000020FBFFFF66FDFFFFB7FEFFFF
1785191264067,0405160000000000,13B6AA01,308EA033,662D0000,12000000,4C000000,37730000,00200000,19FBFFFF,63FDFFFF,B9FEFFFF,040516000000000013B6AA01308EA033662D0000120000004C000000377300000020000019FBFFFF63FDFFFFB9FEFFFF
1785191264067,6805160000000000,E0B5AA01,478EA033,662D0000,12000000,4C000000,39730000,37200000,11FBFFFF,60FDFFFF,BBFEFFFF,6805160000000000E0B5AA01478EA033662D0000120000004C000000397300003720000011FBFFFF60FDFFFFBBFEFFFF
1785191264067,CC05160000000000,ADB5AA01,5E8EA033,662D0000,12000000,4C000000,3A730000,6E200000,0AFBFFFF,5CFDFFFF,BCFEFFFF,CC05160000000000ADB5AA015E8EA033662D0000120000004C0000003A7300006E2000000AFBFFFF5CFDFFFFBCFEFFFF
1785191265067,3106160000000000,7AB5AA01,758EA033,662D0000,12000000,4C000000,3A730000,A6200000,03FBFFFF,59FDFFFF,BCFEFFFF,31061600000000007AB5AA01758EA033662D0000120000004C0000003A730000A620000003FBFFFF59FDFFFFBCFEFFFF
1785191265067,9506160000000000,47B5AA01,8D8EA033,662D0000,12000000,4C000000,34730000,DE200000,FBFAFFFF,55FDFFFF,B6FEFFFF,950616000000000047B5AA018D8EA033662D0000120000004C00000034730000DE200000FBFAFFFF55FDFFFFB6FEFFFF
1785191265067,F906160000000000,14B5AA01,A48EA033,662D0000,12000000,4C000000,23730000,15210000,F3FAFFFF,51FDFFFF,A5FEFFFF,F90616000000000014B5AA01A48EA033662D0000120000004C0000002373000015210000F3FAFFFF51FDFFFFA5FEFFFF
1785191265067,5D07160000000000,E1B4AA01,BC8EA033,662D0000,12000000,4C000000,29730000,4D210000,ECFAFFFF,4DFDFFFF,ABFEFFFF,5D07160000000000E1B4AA01BC8EA033662D0000120000004C000000297300004D210000ECFAFFFF4DFDFFFFABFEFFFF
1785191265067,C207160000000000,AEB4AA01,D38EA033,662D0000,12000000,4C000000,3D730000,84210000,E4FAFFFF,49FDFFFF,BFFEFFFF,C207160000000000AEB4AA01D38EA033662D0000120000004C0000003D73000084210000E4FAFFFF49FDFFFFBFFEFFFF
1785191265067,2508160000000000,7BB4AA01,EB8EA033,662D0000,12000000,4C000000,51730000,BC210000,DCFAFFFF,45FDFFFF,D3FEFFFF,25081600000000007BB4AA01EB8EA033662D0000120000004C00000051730000BC210000DCFAFFFF45FDFFFFD3FEFFFF
1785191265067,8908160000000000,49B4AA01,028FA033,662D0000,12000000,4C000000,59730000,F3210000,D5FAFFFF,41FDFFFF,DBFEFFFF,890816000000000049B4AA01028FA033662D0000120000004C00000059730000F3210000D5FAFFFF41FDFFFFDBFEFFFF
1785191265067,ED08160000000000,16B4AA01,1A8FA033,662D0000,12000000,4C000000,60730000,2B220000,CDFAFFFF,3EFDFFFF,E2FEFFFF,ED0816000000000016B4AA011A8FA033662D0000120000004C000000607300002B220000CDFAFFFF3EFDFFFFE2FEFFFF
1785191265067,5209160000000000,E3B3AA01,328FA033,662D0000,12000000,4C000000,6E730000,63220000,C5FAFFFF,3AFDFFFF,F0FEFFFF,5209160000000000E3B3AA01328FA033662D0000120000004C0000006E73000063220000C5FAFFFF3AFDFFFFF0FEFFFF
1785191265067,B609160000000000,B0B3AA01,498FA033,662D0000,12000000,4C000000,6A730000,99220000,BDFAFFFF,36FDFFFF,ECFEFFFF,B609160000000000B0B3AA01498FA033662D0000120000004C0000006A73000099220000BDFAFFFF36FDFFFFECFEFFFF
1785191266067,1A0A160000000000,7EB3AA01,618FA033,662D0000,12000000,4C000000,60730000,D0220000,B5FAFFFF,33FDFFFF,E2FEFFFF,1A0A1600000000007EB3AA01618FA033662D0000120000004C00000060730000D0220000B5FAFFFF33FDFFFFE2FEFFFF
1785191266067,7F0A160000000000,4CB3AA01,788FA033,662D0000,12000000,4C000000,5F730000,08230000,ADFAFFFF,2FFDFFFF,E1FEFFFF,7F0A1600000000004CB3AA01788FA033662D0000120000004C0000005F73000008230000ADFAFFFF2FFDFFFFE1FEFFFF
1785191266067,E20A160000000000,19B3AA01,908FA033,662D0000,12000000,4C000000,5D730000,3F230000,A5FAFFFF,2BFDFFFF,DFFEFFFF,E20A16000000000019B3AA01908FA033662D0000120000004C0000005D7300003F230000A5FAFFFF2BFDFFFFDFFEFFFF
1785191266067,460B160000000000,E7B2AA01,A88FA033,662D0000,12000000,4C000000,62730000,75230000,9DFAFFFF,27FDFFFF,E4FEFFFF,460B160000000000E7B2AA01A88FA033662D0000120000004C00000062730000752300009DFAFFFF27FDFFFFE4FEFFFF
1785191266067,AA0B160000000000,B6B2AA01,C08FA033,662D0000,12000000,4C000000,67730000,AC230000,95FAFFFF,24FDFFFF,E9FEFFFF,AA0B160000000000B6B2AA01C08FA033662D0000120000004C00000067730000AC23000095FAFFFF24FDFFFFE9FEFFFF
1785191266067,0E0C160000000000,84B2AA01,D78FA033,662D0000,12000000,4C000000,6B730000,E2230000,8CFAFFFF,20FDFFFF,EDFEFFFF,0E0C16000000000084B2AA01D78FA033662D0000120000004C0000006B730000E22300008CFAFFFF20FDFFFFEDFEFFFF
1785191266067,730C160000000000,50B2AA01,F08FA033,662D0000,12000000,4C000000,72730000,1B240000,84FAFFFF,1CFDFFFF,F4FEFFFF,730C16000000000050B2AA01F08FA033662D0000120000004C000000727300001B24000084FAFFFF1CFDFFFFF4FEFFFF
1785191266067,D70C160000000000,1BB2AA01,0A90A033,662D0000,12000000,4C000000,7B730000,55240000,7BFAFFFF,19FDFFFF,FDFEFFFF,D70C1600000000001BB2AA010A90A033662D0000120000004C0000007B730000552400007BFAFFFF19FDFFFFFDFEFFFF
1785191266067,3B0D160000000000,E6B1AA01,2390A033,662D0000,12000000,4C000000,84730000,90240000,72FAFFFF,15FDFFFF,06FFFFFF,3B0D160000000000E6B1AA012390A033662D0000120000004C000000847300009024000072FAFFFF15FDFFFF06FFFFFF
1785191266067,9F0D160000000000,B1B1AA01,3D90A033,662D0000,12000000,4C000000,8B730000,CA240000,69FAFFFF,11FDFFFF,0DFFFFFF,9F0D160000000000B1B1AA013D90A033662D0000120000004C0000008B730000CA24000069FAFFFF11FDFFFF0DFFFFFF
1785191267067,030E160000000000,7AB1AA01,5790A033,662D0000,12000000,4C000000,8E730000,06250000,5FFAFFFF,0DFDFFFF,10FFFFFF,030E1600000000007AB1AA015790A033662D0000120000004C0000008E730000062500005FFAFFFF0DFDFFFF10FFFFFF
1785191267067,670E160000000000,44B1AA01,7190A033,662D0000,12000000,4C000000,8E730000,41250000,56FAFFFF,08FDFFFF,10FFFFFF,670E16000000000044B1AA017190A033662D0000120000004C0000008E7300004125000056FAFFFF08FDFFFF10FFFFFF
1785191267067,CC0E160000000000,0FB1AA01,8C90A033,662D0000,12000000,4C000000,91730000,7C250000,4DFAFFFF,04FDFFFF,13FFFFFF,CC0E1600000000000FB1AA018C90A033662D0000120000004C000000917300007C2500004DFAFFFF04FDFFFF13FFFFFF
1785191267067,300F160000000000,D6B0AA01,A890A033,662D0000,12000000,4C000000,97730000,BA250000,42FAFFFF,FFFCFFFF,19FFFFFF,300F160000000000D6B0AA01A890A033662D0000120000004C00000097730000BA25000042FAFFFFFFFCFFFF19FFFFFF
1785191267067,940F160000000000,9DB0AA01,C390A033,662D0000,12000000,4C000000,A9730000,F9250000,38FAFFFF,FAFCFFFF,2BFFFFFF,940F1600000000009DB0AA01C390A033662D0000120000004C000000A9730000F925000038FAFFFFFAFCFFFF2BFFFFFF
1785191267067,F90F160000000000,64B0AA01,E090A033,662D0000,12000000,4C000000,B5730000,38260000,2EFAFFFF,F5FCFFFF,37FFFFFF,F90F16000000000064B0AA01E090A033662D0000120000004C000000B5730000382600002EFAFFFFF5FCFFFF37FFFFFF
1785191267067,5C10160000000000,2CB0AA01,FB90A033,662D0000,12000000,4C000000,B9730000,76260000,24FAFFFF,F1FCFFFF,3BFFFFFF,5C101600000000002CB0AA01FB90A033662D0000120000004C000000B97300007626000024FAFFFFF1FCFFFF3BFFFFFF
1785191267067,C010160000000000,F4AFAA01,1791A033,662D0000,12000000,4C000000,C0730000,B3260000,19FAFFFF,ECFCFFFF,42FFFFFF,C010160000000000F4AFAA011791A033662D0000120000004C000000C0730000B326000019FAFFFFECFCFFFF42FFFFFF
1785191267067,2411160000000000,BDAFAA01,3391A033,662D0000,12000000,4C000000,C5730000,F0260000,0FFAFFFF,E7FCFFFF,47FFFFFF,2411160000000000BDAFAA013391A033662D0000120000004C000000C5730000F02600000FFAFFFFE7FCFFFF47FFFFFF
1785191267067,8811160000000000,85AFAA01,4E91A033,662D0000,12000000,4C000000,C8730000,2D270000,05FAFFFF,E3FCFFFF,4AFFFFFF,881116000000000085AFAA014E91A033662D0000120000004C000000C87300002D27000005FAFFFFE3FCFFFF4AFFFFFF
1785191268067,ED11160000000000,50AFAA01,6991A033,662D0000,12000000,4C000000,CC730000,68270000,FBF9FFFF,DFFCFFFF,4EFFFFFF,ED1116000000000050AFAA016991A033662D0000120000004C000000CC73000068270000FBF9FFFFDFFCFFFF4EFFFFFF
1785191268067,5112160000000000,1BAFAA01,8491A033,662D0000,12000000,4C000000,CE730000,A2270000,F1F9FFFF,DAFCFFFF,50FFFFFF,51121600000000001BAFAA018491A033662D0000120000004C000000CE730000A2270000F1F9FFFFDAFCFFFF50FFFFFF
1785191268067,B512160000000000,E6AEAA01,9E91A033,662D0000,12000000,4C000000,D4730000,DC270000,E7F9FFFF,D6FCFFFF,56FFFFFF,B512160000000000E6AEAA019E91A033662D0000120000004C000000D4730000DC270000E7F9FFFFD6FCFFFF56FFFFFF
1785191268067,1913160000000000,B4AEAA01,B891A033,662D0000,12000000,4C000000,D7730000,14280000,DDF9FFFF,D3FCFFFF,59FFFFFF,1913160000000000B4AEAA01B891A033662D0000120000004C000000D773000014280000DDF9FFFFD3FCFFFF59FFFFFF
1785191268067,7E13160000000000,81AEAA01,D191A033,662D0000,12000000,4C000000,DE730000,4C280000,D3F9FFFF,CFFCFFFF,60FFFFFF,7E1316000000000081AEAA01D191A033662D0000120000004C000000DE7300004C280000D3F9FFFFCFFCFFFF60FFFFFF
1785191268067,E113160000000000,4EAEAA01,EC91A033,662D0000,12000000,4C000000,E4730000,85280000,C9F9FFFF,CBFCFFFF,66FFFFFF,E1131600000000004EAEAA01EC91A033662D0000120000004C000000E473000085280000C9F9FFFFCBFCFFFF66FFFFFF
1785191268067,4514160000000000,1CAEAA01,0592A033,662D0000,12000000,4C000000,ED730000,BC280000,BFF9FFFF,C7FCFFFF,6FFFFFFF,45141600000000001CAEAA010592A033662D0000120000004C000000ED730000BC280000BFF9FFFFC7FCFFFF6FFFFFFF
1785191268067,AA14160000000000,EBADAA01,1E92A033,662D0000,12000000,4C000000,F3730000,F2280000,B5F9FFFF,C3FCFFFF,75FFFFFF,AA14160000000000EBADAA011E92A033662D0000120000004C000000F3730000F2280000B5F9FFFFC3FCFFFF75FFFFFF
1785191268067,0E15160000000000,BDADAA01,3692A033,662D0000,12000000,4C000000,FB730000,24290000,ACF9FFFF,BFFCFFFF,7DFFFFFF,0E15160000000000BDADAA013692A033662D0000120000004C000000FB73000024290000ACF9FFFFBFFCFFFF7DFFFFFF
1785191269067,7215160000000000,8EADAA01,4E92A033,662D0000,12000000,4C000000,02740000,59290000,A2F9FFFF,BCFCFFFF,84FFFFFF,72151600000000008EADAA014E92A033662D0000120000004C0000000274000059290000A2F9FFFFBCFCFFFF84FFFFFF
1785191269067,D615160000000000,5EADAA01,6792A033,662D0000,12000000,4C000000,09740000,8E290000,99F9FFFF,B8FCFFFF,8BFFFFFF,D6151600000000005EADAA016792A033662D0000120000004C000000097400008E29000099F9FFFFB8FCFFFF8BFFFFFF
1785191269067,3A16160000000000,30ADAA01,7F92A033,662D0000,12000000,4C000000,17740000,C1290000,8FF9FFFF,B5FCFFFF,99FFFFFF,3A1616000000000030ADAA017F92A033662D0000120000004C00000017740000C12900008FF9FFFFB5FCFFFF99FFFFFF
1785191269067,9E16160000000000,01ADAA01,9792A033,662D0000,12000000,4C000000,24740000,F4290000,86F9FFFF,B2FCFFFF,A6FFFFFF,9E1616000000000001ADAA019792A033662D0000120000004C00000024740000F429000086F9FFFFB2FCFFFFA6FFFFFF
1785191269067,0217160000000000,D3ACAA01,AF92A033,662D0000,12000000,4C000000,30740000,282A0000,7CF9FFFF,AEFCFFFF,B2FFFFFF,0217160000000000D3ACAA01AF92A033662D0000120000004C00000030740000282A00007CF9FFFFAEFCFFFFB2FFFFFF
1785191269067,6617160000000000,A4ACAA01,C892A033,662D0000,12000000,4C000000,3D740000,5C2A0000,72F9FFFF,ABFCFFFF,BFFFFFFF,6617160000000000A4ACAA01C892A033662D0000120000004C0000003D7400005C2A000072F9FFFFABFCFFFFBFFFFFFF
1785191269067,CB17160000000000,74ACAA01,E192A033,662D0000,12000000,4C000000,48740000,922A0000,68F9FFFF,A8FCFFFF,CAFFFFFF,CB1716000000000074ACAA01E192A033662D0000120000004C00000048740000922A000068F9FFFFA8FCFFFFCAFFFFFF
1785191269067,2F18160000000000,44ACAA01,FA92A033,662D0000,12000000,4C000000,51740000,C62A0000,5EF9FFFF,A4FCFFFF,D3FFFFFF,2F1816000000000044ACAA01FA92A033662D0000120000004C00000051740000C62A00005EF9FFFFA4FCFFFFD3FFFFFF
1785191269067,9318160000000000,14ACAA01,1393A033,662D0000,12000000,4C000000,54740000,FC2A0000,54F9FFFF,A0FCFFFF,D6FFFFFF,931816000000000014ACAA011393A033662D0000120000004C00000054740000FC2A000054F9FFFFA0FCFFFFD6FFFFFF
1785191269067,F718160000000000,E3ABAA01,2D93A033,662D0000,12000000,4C000000,5B740000,322B0000,49F9FFFF,9CFCFFFF,DDFFFFFF,F718160000000000E3ABAA012D93A033662D0000120000004C0000005B740000322B000049F9FFFF9CFCFFFFDDFFFFFF
1785191270067,5C19160000000000,B3ABAA01,4793A033,662D0000,12000000,4C000000,67740000,682B0000,3FF9FFFF,98FCFFFF,E9FFFFFF,5C19160000000000B3ABAA014793A033662D0000120000004C00000067740000682B00003FF9FFFF98FCFFFFE9FFFFFF
1785191270067,BF19160000000000,83ABAA01,6093A033,662D0000,12000000,4C000000,71740000,9D2B0000,34F9FFFF,95FCFFFF,F3FFFFFF,BF1916000000000083ABAA016093A033662D0000120000004C000000717400009D2B000034F9FFFF95FCFFFFF3FFFFFF
1785191270067,251A160000000000,53ABAA01,7A93A033,662D0000,12000000,4C000000,7D740000,D22B0000,2AF9FFFF,92FCFFFF,FFFFFFFF,251A16000000000053ABAA017A93A033662D0000120000004C0000007D740000D22B00002AF9FFFF92FCFFFFFFFFFFFF
1785191270067,881A160000000000,24ABAA01,9393A033,662D0000,12000000,4C000000,83740000,072C0000,20F9FFFF,8FFCFFFF,04000000,881A16000000000024ABAA019393A033662D0000120000004C00000083740000072C000020F9FFFF8FFCFFFF04000000
1785191270067,EC1A160000000000,F6AAAA01,AC93A033,662D0000,12000000,4C000000,8C740000,3A2C0000,15F9FFFF,8CFCFFFF,0D000000,EC1A160000000000F6AAAA01AC93A033662D0000120000004C0000008C7400003A2C000015F9FFFF8CFCFFFF0D000000
1785191270067,511B160000000000,C8AAAA01,C493A033,662D0000,12000000,4C000000,93740000,6D2C0000,0BF9FFFF,89FCFFFF,14000000,511B160000000000C8AAAA01C493A033662D0000120000004C000000937400006D2C00000BF9FFFF89FCFFFF14000000
1785191270067,B41B160000000000,9CAAAA01,DC93A033,662D0000,12000000,4C000000,99740000,9E2C0000,02F9FFFF,87FCFFFF,1A000000,B41B1600000000009CAAAA01DC93A033662D0000120000004C000000997400009E2C000002F9FFFF87FCFFFF1A000000
1785191270067,181C160000000000,72AAAA01,F293A033,662D0000,12000000,4C000000,9A740000,CD2C0000,F8F8FFFF,84FCFFFF,1B000000,181C16000000000072AAAA01F293A033662D0000120000004C0000009A740000CD2C0000F8F8FFFF84FCFFFF1B000000
1785191270067,7C1C160000000000,47AAAA01,0994A033,662D0000,12000000,4C000000,98740000,FD2C0000,EFF8FFFF,82FCFFFF,19000000,7C1C16000000000047AAAA010994A033662D0000120000004C00000098740000FD2C0000EFF8FFFF82FCFFFF19000000
1785191270067,E01C160000000000,1CAAAA01,2094A033,662D0000,12000000,4C000000,95740000,2C2D0000,E6F8FFFF,7FFCFFFF,16000000,E01C1600000000001CAAAA012094A033662D0000120000004C000000957400002C2D0000E6F8FFFF7FFCFFFF16000000
1785191271067,451D160000000000,F3A9AA01,3594A033,662D0000,12000000,4C000000,92740000,592D0000,DDF8FFFF,7DFCFFFF,13000000,451D160000000000F3A9AA013594A033662D0000120000004C00000092740000592D0000DDF8FFFF7DFCFFFF13000000
1785191271067,A91D160000000000,CBA9AA01,4B94A033,662D0000,12000000,4C000000,96740000,862D0000,D4F8FFFF,7BFCFFFF,17000000,A91D160000000000CBA9AA014B94A033662D0000120000004C00000096740000862D0000D4F8FFFF7BFCFFFF17000000
1785191271067,0E1E160000000000,A3A9AA01,6194A033,662D0000,12000000,4C000000,A3740000,B32D0000,CBF8FFFF,78FCFFFF,24000000,0E1E160000000000A3A9AA016194A033662D0000120000004C000000A3740000B32D0000CBF8FFFF78FCFFFF24000000
1785191271067,721E160000000000,7CA9AA01,7594A033,662D0000,12000000,4C000000,B0740000,DE2D0000,C2F8FFFF,76FCFFFF,31000000,721E1600000000007CA9AA017594A033662D0000120000004C000000B0740000DE2D0000C2F8FFFF76FCFFFF31000000
1785191271067,D51E160000000000,57A9AA01,8994A033,662D0000,12000000,4C000000,B5740000,072E0000,BAF8FFFF,74FCFFFF,36000000,D51E16000000000057A9AA018994A033662D0000120000004C000000B5740000072E0000BAF8FFFF74FCFFFF36000000
1785191271067,391F160000000000,31A9AA01,9D94A033,662D0000,12000000,4C000000,B7740000,312E0000,B2F8FFFF,72FCFFFF,38000000,391F16000000000031A9AA019D94A033662D0000120000004C000000B7740000312E0000B2F8FFFF72FCFFFF38000000
1785191271067,9D1F160000000000,0CA9AA01,B194A033,662D0000,12000000,4C000000,B9740000,5B2E0000,AAF8FFFF,70FCFFFF,3A000000,9D1F1600000000000CA9AA01B194A033662D0000120000004C000000B97400005B2E0000AAF8FFFF70FCFFFF3A000000
1785191271067,0120160000000000,E8A8AA01,C394A033,662D0000,12000000,4C000000,BD740000,822E0000,A3F8FFFF,6EFCFFFF,3E000000,0120160000000000E8A8AA01C394A033662D0000120000004C000000BD740000822E0000A3F8FFFF6EFCFFFF3E000000
1785191271067,6620160000000000,C4A8AA01,D694A033,662D0000,12000000,4C000000,C1740000,AA2E0000,9BF8FFFF,6CFCFFFF,42000000,6620160000000000C4A8AA01D694A033662D0000120000004C000000C1740000AA2E00009BF8FFFF6CFCFFFF42000000
1785191271067,CB20160000000000,A1A8AA01,E994A033,662D0000,12000000,4C000000,C1740000,D22E0000,93F8FFFF,6AFCFFFF,42000000,CB20160000000000A1A8AA01E994A033662D0000120000004C000000C1740000D22E000093F8FFFF6AFCFFFF42000000
1785191272067,2E21160000000000,7EA8AA01,FC94A033,662D0000,12000000,4C000000,BF740000,F82E0000,8CF8FFFF,68FCFFFF,40000000,2E211600000000007EA8AA01FC94A033662D0000120000004C000000BF740000F82E00008CF8FFFF68FCFFFF40000000
1785191272067,9221160000000000,5BA8AA01,0E95A033,662D0000,12000000,4C000000,BC740000,1F2F0000,84F8FFFF,67FCFFFF,3D000000,92211600000000005BA8AA010E95A033662D0000120000004C000000BC7400001F2F000084F8FFFF67FCFFFF3D000000
1785191272067,F721160000000000,39A8AA01,2095A033,662D0000,12000000,4C000000,BA740000,452F0000,7DF8FFFF,65FCFFFF,3B000000,F72116000000000039A8AA012095A033662D0000120000004C000000BA740000452F00007DF8FFFF65FCFFFF3B000000
1785191272067,5B22160000000000,16A8AA01,3395A033,662D0000,12000000,4C000000,B8740000,6C2F0000,75F8FFFF,63FCFFFF,39000000,5B2216000000000016A8AA013395A033662D0000120000004C000000B87400006C2F000075F8FFFF63FCFFFF39000000
1785191272067,BE22160000000000,F6A7AA01,4495A033,662D0000,12000000,4C000000,B7740000,8F2F0000,6EF8FFFF,61FCFFFF,38000000,BE22160000000000F6A7AA014495A033662D0000120000004C000000B77400008F2F00006EF8FFFF61FCFFFF38000000
1785191272067,2323160000000000,D5A7AA01,5595A033,662D0000,12000000,4C000000,B7740000,B42F0000,67F8FFFF,60FCFFFF,38000000,2323160000000000D5A7AA015595A033662D0000120000004C000000B7740000B42F000067F8FFFF60FCFFFF38000000
1785191272067,8723160000000000,B5A7AA01,6695A033,662D0000,12000000,4C000000,B4740000,D82F0000,60F8FFFF,5EFCFFFF,35000000,8723160000000000B5A7AA016695A033662D0000120000004C000000B4740000D82F000060F8FFFF5EFCFFFF35000000
1785191272067,EB23160000000000,93A7AA01,7795A033,662D0000,12000000,4C000000,B0740000,FD2F0000,5AF8FFFF,5DFCFFFF,31000000,EB2316000000000093A7AA017795A033662D0000120000004C000000B0740000FD2F00005AF8FFFF5DFCFFFF31000000
1785191272067,4F24160000000000,72A7AA01,8895A033,662D0000,12000000,4C000000,AE740000,22300000,53F8FFFF,5BFCFFFF,2F000000,4F2416000000000072A7AA018895A033662D0000120000004C000000AE7400002230000053F8FFFF5BFCFFFF2F000000
1785191272067,B324160000000000,50A7AA01,9A95A033,662D0000,12000000,4C000000,AE740000,47300000,4CF8FFFF,59FCFFFF,2F000000,B32416000000000050A7AA019A95A033662D0000120000004C000000AE740000473000004CF8FFFF59FCFFFF2F000000
1785191273067,1725160000000000,2EA7AA01,AB95A033,662D0000,12000000,4C000000,AE740000,6D300000,46F8FFFF,57FCFFFF,2F000000,17251600000000002EA7AA01AB95A033662D0000120000004C000000AE7400006D30000046F8FFFF57FCFFFF2F000000
1785191273067,7B25160000000000,0BA7AA01,BD95A033,662D0000,12000000,4C000000,AC740000,93300000,3FF8FFFF,55FCFFFF,2D000000,7B251600000000000BA7AA01BD95A033662D0000120000004C000000AC740000933000003FF8FFFF55FCFFFF2D000000
1785191273067,E025160000000000,E7A6AA01,CE95A033,662D0000,12000000,4C000000,AB740000,BA300000,39F8FFFF,52FCFFFF,2C000000,E025160000000000E7A6AA01CE95A033662D0000120000004C000000AB740000BA30000039F8FFFF52FCFFFF2C000000
1785191273067,4426160000000000,C3A6AA01,E095A033,662D0000,12000000,4C000000,AE740000,E2300000,32F8FFFF,50FCFFFF,2F000000,4426160000000000C3A6AA01E095A033662D0000120000004C000000AE740000E230000032F8FFFF50FCFFFF2F000000
1785191273067,A826160000000000,A0A6AA01,F195A033,662D0000,12000000,4C000000,B3740000,09310000,2CF8FFFF,4DFCFFFF,34000000,A826160000000000A0A6AA01F195A033662D0000120000004C000000B3740000093100002CF8FFFF4DFCFFFF34000000
1785191273067,0C27160000000000,7EA6AA01,0296A033,662D0000,12000000,4C000000,B5740000,2F310000,26F8FFFF,4BFCFFFF,36000000,0C271600000000007EA6AA010296A033662D0000120000004C000000B57400002F31000026F8FFFF4BFCFFFF36000000
1785191273067,7027160000000000,5CA6AA01,1296A033,662D0000,12000000,4C000000,AC740000,54310000,20F8FFFF,48FCFFFF,2D000000,70271600000000005CA6AA011296A033662D0000120000004C000000AC7400005431000020F8FFFF48FCFFFF2D000000
1785191273067,D427160000000000,3AA6AA01,2296A033,662D0000,12000000,4C000000,9B740000,79310000,1BF8FFFF,45FCFFFF,1C000000,D4271600000000003AA6AA012296A033662D0000120000004C0000009B740000793100001BF8FFFF45FCFFFF1C000000
1785191273067,3828160000000000,16A6AA01,3296A033,662D0000,12000000,4C000000,8A740000,A0310000,15F8FFFF,42FCFFFF,0B000000,382816000000000016A6AA013296A033662D0000120000004C0000008A740000A031000015F8FFFF42FCFFFF0B000000
1785191273067,9D28160000000000,F2A5AA01,4396A033,662D0000,12000000,4C000000,7A740000,C7310000,10F8FFFF,3FFCFFFF,FCFFFFFF,9D28160000000000F2A5AA014396A033662D0000120000004C0000007A740000C731000010F8FFFF3FFCFFFFFCFFFFFF
1785191274067,0229160000000000,CDA5AA01,5496A033,662D0000,12000000,4C000000,63740000,F0310000,0BF8FFFF,3BFCFFFF,E5FFFFFF,0229160000000000CDA5AA015496A033662D0000120000004C00000063740000F03100000BF8FFFF3BFCFFFFE5FFFFFF
1785191274067,6629160000000000,A7A5AA01,6596A033,662D0000,12000000,4C000000,46740000,19320000,06F8FFFF,37FCFFFF,C8FFFFFF,6629160000000000A7A5AA016596A033662D0000120000004C000000467400001932000006F8FFFF37FCFFFFC8FFFFFF
1785191274067,C929160000000000,7EA5AA01,7796A033,662D0000,12000000,4C000000,29740000,45320000,00F8FFFF,34FCFFFF,ABFFFFFF,C9291600000000007EA5AA017796A033662D0000120000004C000000297400004532000000F8FFFF34FCFFFFABFFFFFF
1785191274067,2F2A160000000000,55A5AA01,8896A033,662D0000,12000000,4C000000,11740000,72320000,FCF7FFFF,30FCFFFF,93FFFFFF,2F2A16000000000055A5AA018896A033662D0000120000004C0000001174000072320000FCF7FFFF30FCFFFF93FFFFFF
1785191274067,912A160000000000,2BA5AA01,9996A033,662D0000,12000000,4C000000,F6730000,9E320000,F8F7FFFF,2DFCFFFF,78FFFFFF,912A1600000000002BA5AA019996A033662D0000120000004C000000F67300009E320000F8F7FFFF2DFCFFFF78FFFFFF
1785191274067,F52A160000000000,FEA4AA01,AB96A033,662D0000,12000000,4C000000,DD730000,CF320000,F4F7FFFF,29FCFFFF,5FFFFFFF,F52A160000000000FEA4AA01AB96A033662D0000120000004C000000DD730000CF320000F4F7FFFF29FCFFFF5FFFFFFF
1785191274067,592B160000000000,CFA4AA01,BC96A033,662D0000,12000000,4C000000,C4730000,00330000,F1F7FFFF,26FCFFFF,46FFFFFF,592B160000000000CFA4AA01BC96A033662D0000120000004C000000C473000000330000F1F7FFFF26FCFFFF46FFFFFF
1785191274067,BE2B160000000000,A0A4AA01,CC96A033,662D0000,12000000,4C000000,A9730000,32330000,EFF7FFFF,23FCFFFF,2BFFFFFF,BE2B160000000000A0A4AA01CC96A033662D0000120000004C000000A973000032330000EFF7FFFF23FCFFFF2BFFFFFF
1785191274067,222C160000000000,71A4AA01,DB96A033,662D0000,12000000,4C000000,8D730000,64330000,EFF7FFFF,1FFCFFFF,0FFFFFFF,222C16000000000071A4AA01DB96A033662D0000120000004C0000008D73000064330000EFF7FFFF1FFCFFFF0FFFFFFF
1785191274067,862C160000000000,3CA4AA01,EA96A033,662D0000,12000000,4C000000,6F730000,9B330000,F0F7FFFF,1CFCFFFF,F1FEFFFF,862C1600000000003CA4AA01EA96A033662D0000120000004C0000006F7300009B330000F0F7FFFF1CFCFFFFF1FEFFFF
1785191275067,EA2C160000000000,06A4AA01,F896A033,662D0000,12000000,4C000000,49730000,D3330000,F2F7FFFF,18FCFFFF,CBFEFFFF,EA2C16000000000006A4AA01F896A033662D0000120000004C00000049730000D3330000F2F7FFFF18FCFFFFCBFEFFFF
1785191275067,4E2D160000000000,CEA3AA01,0497A033,662D0000,12000000,4C000000,21730000,0C340000,F7F7FFFF,14FCFFFF,A3FEFFFF,4E2D160000000000CEA3AA010497A033662D0000120000004C000000217300000C340000F7F7FFFF14FCFFFFA3FEFFFF
1785191275067,B22D160000000000,97A3AA01,0E97A033,662D0000,12000000,4C000000,F4720000,43340000,FDF7FFFF,10FCFFFF,76FEFFFF,B22D16000000000097A3AA010E97A033662D0000120000004C000000F472000043340000FDF7FFFF10FCFFFF76FEFFFF
1785191275067,162E160000000000,5FA3AA01,1697A033,662D0000,12000000,4C000000,C9720000,7B340000,06F8FFFF,0CFCFFFF,4BFEFFFF,162E1600000000005FA3AA011697A033662D0000120000004C000000C97200007B34000006F8FFFF0CFCFFFF4BFEFFFF
1785191275067,7A2E160000000000,26A3AA01,1C97A033,662D0000,12000000,4C000000,A4720000,B4340000,10F8FFFF,08FCFFFF,26FEFFFF,7A2E16000000000026A3AA011C97A033662D0000120000004C000000A4720000B434000010F8FFFF08FCFFFF26FEFFFF
1785191275067,DF2E160000000000,ECA2AA01,2097A033,662D0000,12000000,4C000000,75720000,EC340000,1EF8FFFF,04FCFFFF,F7FDFFFF,DF2E160000000000ECA2AA012097A033662D0000120000004C00000075720000EC3400001EF8FFFF04FCFFFFF7FDFFFF
1785191275067,432F160000000000,B5A2AA01,2297A033,662D0000,12000000,4C000000,2C720000,21350000,2CF8FFFF,00FCFFFF,AEFDFFFF,432F160000000000B5A2AA012297A033662D0000120000004C0000002C720000213500002CF8FFFF00FCFFFFAEFDFFFF
1785191275067,A72F160000000000,7DA2AA01,2197A033,662D0000,12000000,4C000000,D0710000,56350000,3EF8FFFF,FCFBFFFF,52FDFFFF,A72F1600000000007DA2AA012197A033662D0000120000004C000000D0710000563500003EF8FFFFFCFBFFFF52FDFFFF
1785191275067,0B30160000000000,46A2AA01,1E97A033,662D0000,12000000,4C000000,65710000,8A350000,50F8FFFF,F7FBFFFF,E7FCFFFF,0B3016000000000046A2AA011E97A033662D0000120000004C000000657100008A35000050F8FFFFF7FBFFFFE7FCFFFF
1785191275067,6F30160000000000,0FA2AA01,1897A033,662D0000,12000000,4C000000,EA700000,BD350000,66F8FFFF,F3FBFFFF,6CFCFFFF,6F301600000000000FA2AA011897A033662D0000120000004C000000EA700000BD35000066F8FFFFF3FBFFFF6CFCFFFF
1785191276067,D430160000000000,D7A1AA01,1197A033,662D0000,12000000,4C000000,60700000,F0350000,7DF8FFFF,EEFBFFFF,E2FBFFFF,D430160000000000D7A1AA011197A033662D0000120000004C00000060700000F03500007DF8FFFFEEFBFFFFE2FBFFFF
1785191276067,3731160000000000,A1A1AA01,0797A033,662D0000,12000000,4C000000,BE6F0000,21360000,96F8FFFF,E9FBFFFF,40FBFFFF,3731160000000000A1A1AA010797A033662D0000120000004C000000BE6F00002136000096F8FFFFE9FBFFFF40FBFFFF
1785191276067,9C31160000000000,6AA1AA01,FB96A033,662D0000,12000000,4C000000,0F6F0000,52360000,B2F8FFFF,E4FBFFFF,91FAFFFF,9C311600000000006AA1AA01FB96A033662D0000120000004C0000000F6F000052360000B2F8FFFFE4FBFFFF91FAFFFF
1785191276067,0132160000000000,34A1AA01,ED96A033,662D0000,12000000,4C000000,586E0000,82360000,CFF8FFFF,DFFBFFFF,DAF9FFFF,013216000000000034A1AA01ED96A033662D0000120000004C000000586E000082360000CFF8FFFFDFFBFFFFDAF9FFFF
1785191276067,6432160000000000,FBA0AA01,DB96A033,662D0000,12000000,4C000000,916D0000,B3360000,F0F8FFFF,D9FBFFFF,13F9FFFF,6432160000000000FBA0AA01DB96A033662D0000120000004C000000916D0000B3360000F0F8FFFFD9FBFFFF13F9FFFF
1785191276067,C832160000000000,C8A0AA01,C996A033,662D0000,12000000,4C000000,BD6C0000,DF360000,10F9FFFF,D4FBFFFF,3FF8FFFF,C832160000000000C8A0AA01C996A033662D0000120000004C000000BD6C0000DF36000010F9FFFFD4FBFFFF3FF8FFFF
1785191276067,2C33160000000000,93A0AA01,B496A033,662D0000,12000000,4C000000,D96B0000,0C370000,34F9FFFF,CFFBFFFF,5BF7FFFF,2C3316000000000093A0AA01B496A033662D0000120000004C000000D96B00000C37000034F9FFFFCFFBFFFF5BF7FFFF
1785191276067,9033160000000000,5EA0AA01,9E96A033,662D0000,12000000,4C000000,F36A0000,37370000,59F9FFFF,C9FBFFFF,75F6FFFF,90331600000000005EA0AA019E96A033662D0000120000004C000000F36A00003737000059F9FFFFC9FBFFFF75F6FFFF
1785191276067,F433160000000000,2BA0AA01,8596A033,662D0000,12000000,4C000000,1B6A0000,61370000,80F9FFFF,C4FBFFFF,9DF5FFFF,F4331600000000002BA0AA018596A033662D0000120000004C0000001B6A00006137000080F9FFFFC4FBFFFF9DF5FFFF
1785191276067,5834160000000000,F89FAA01,6A96A033,662D0000,12000000,4C000000,47690000,8A370000,A8F9FFFF,BEFBFFFF,C9F4FFFF,5834160000000000F89FAA016A96A033662D0000120000004C000000476900008A370000A8F9FFFFBEFBFFFFC9F4FFFF
1785191277067,BE34160000000000,C59FAA01,4D96A033,662D0000,12000000,4C000000,6D680000,B2370000,D3F9FFFF,B9FBFFFF,EFF3FFFF,BE34160000000000C59FAA014D96A033662D0000120000004C0000006D680000B2370000D3F9FFFFB9FBFFFFEFF3FFFF
1785191277067,2135160000000000,949FAA01,2E96A033,662D0000,12000000,4C000000,85670000,D8370000,FEF9FFFF,B3FBFFFF,07F3FFFF,2135160000000000949FAA012E96A033662D0000120000004C00000085670000D8370000FEF9FFFFB3FBFFFF07F3FFFF
1785191277067,8535160000000000,649FAA01,0E96A033,662D0000,12000000,4C000000,A7660000,FD370000,2BFAFFFF,ADFBFFFF,29F2FFFF,8535160000000000649FAA010E96A033662D0000120000004C000000A7660000FD3700002BFAFFFFADFBFFFF29F2FFFF
1785191277067,EA35160000000000,359FAA01,EB95A033,662D0000,12000000,4C000000,D2650000,20380000,5AFAFFFF,A7FBFFFF,54F1FFFF,EA35160000000000359FAA01EB95A033662D0000120000004C000000D2650000203800005AFAFFFFA7FBFFFF54F1FFFF
1785191277067,4D36160000000000,069FAA01,C695A033,662D0000,12000000,4C000000,FC640000,42380000,8BFAFFFF,A1FBFFFF,7EF0FFFF,4D36160000000000069FAA01C695A033662D0000120000004C000000FC640000423800008BFAFFFFA1FBFFFF7EF0FFFF
1785191277067,B136160000000000,D89EAA01,A095A033,662D0000,12000000,4C000000,2B640000,63380000,BDFAFFFF,9BFBFFFF,ADEFFFFF,B136160000000000D89EAA01A095A033662D0000120000004C0000002B64000063380000BDFAFFFF9BFBFFFFADEFFFFF
1785191277067,1737160000000000,AB9EAA01,7895A033,662D0000,12000000,4C000000,5C630000,82380000,F0FAFFFF,95FBFFFF,DEEEFFFF,1737160000000000AB9EAA017895A033662D0000120000004C0000005C63000082380000F0FAFFFF95FBFFFFDEEEFFFF
1785191277067,7A37160000000000,7F9EAA01,4E95A033,662D0000,12000000,4C000000,8B620000,A1380000,25FBFFFF,8EFBFFFF,0DEEFFFF,7A371600000000007F9EAA014E95A033662D0000120000004C0000008B620000A138000025FBFFFF8EFBFFFF0DEEFFFF
1785191277067,DE37160000000000,539EAA01,2295A033,662D0000,12000000,4C000000,BA610000,BE380000,5CFBFFFF,87FBFFFF,3CEDFFFF,DE37160000000000539EAA012295A033662D0000120000004C000000BA610000BE3800005CFBFFFF87FBFFFF3CEDFFFF
1785191277067,4338160000000000,289EAA01,F594A033,662D0000,12000000,4C000000,F2600000,DA380000,93FBFFFF,80FBFFFF,74ECFFFF,4338160000000000289EAA01F594A033662D0000120000004C000000F2600000DA38000093FBFFFF80FBFFFF74ECFFFF
1785191278067,A738160000000000,FF9DAA01,C794A033,662D0000,12000000,4C000000,32600000,F4380000,CCFBFFFF,79FBFFFF,B4EBFFFF,A738160000000000FF9DAA01C794A033662D0000120000004C00000032600000F4380000CCFBFFFF79FBFFFFB4EBFFFF
1785191278067,0B39160000000000,D59DAA01,9694A033,662D0000,12000000,4C000000,725F0000,0E390000,07FCFFFF,71FBFFFF,F4EAFFFF,0B39160000000000D59DAA019694A033662D0000120000004C000000725F00000E39000007FCFFFF71FBFFFFF4EAFFFF
1785191278067,6E39160000000000,AB9DAA01,6494A033,662D0000,12000000,4C000000,AB5E0000,27390000,43FCFFFF,69FBFFFF,2DEAFFFF,6E39160000000000AB9DAA016494A033662D0000120000004C000000AB5E00002739000043FCFFFF69FBFFFF2DEAFFFF
1785191278067,D239160000000000,839DAA01,3194A033,662D0000,12000000,4C000000,EA5D0000,3E390000,7FFCFFFF,62FBFFFF,6CE9FFFF,D239160000000000839DAA013194A033662D0000120000004C000000EA5D00003E3900007FFCFFFF62FBFFFF6CE9FFFF
1785191278067,373A160000000000,5B9DAA01,FD93A033,662D0000,12000000,4C000000,265D0000,55390000,BDFCFFFF,59FBFFFF,A8E8FFFF,373A1600000000005B9DAA01FD93A033662D0000120000004C000000265D000055390000BDFCFFFF59FBFFFFA8E8FFFF
1785191278067,9B3A160000000000,359DAA01,C893A033,662D0000,12000000,4C000000,705C0000,6B390000,FBFCFFFF,51FBFFFF,F2E7FFFF,9B3A160000000000359DAA01C893A033662D0000120000004C000000705C00006B390000FBFCFFFF51FBFFFFF2E7FFFF
1785191278067,FF3A160000000000,0D9DAA01,9293A033,662D0000,12000000,4C000000,B85B0000,81390000,3AFDFFFF,49FBFFFF,3AE7FFFF,FF3A1600000000000D9DAA019293A033662D0000120000004C000000B85B0000813900003AFDFFFF49FBFFFF3AE7FFFF
1785191278067,633B160000000000,E99CAA01,5D93A033,662D0000,12000000,4C000000,035B0000,95390000,77FDFFFF,40FBFFFF,85E6FFFF,633B160000000000E99CAA015D93A033662D0000120000004C000000035B00009539000077FDFFFF40FBFFFF85E6FFFF
1785191278067,C73B160000000000,C39CAA01,2893A033,662D0000,12000000,4C000000,535A0000,A9390000,B5FDFFFF,38FBFFFF,D5E5FFFF,C73B160000000000C39CAA012893A033662D0000120000004C000000535A0000A9390000B5FDFFFF38FBFFFFD5E5FFFF
1785191278067,2B3C160000000000,9F9CAA01,F292A033,662D0000,12000000,4C000000,AF590000,BC390000,F3FDFFFF,2FFBFFFF,31E5FFFF,2B3C1600000000009F9CAA01F292A033662D0000120000004C000000AF590000BC390000F3FDFFFF2FFBFFFF31E5FFFF
1785191279067,8F3C160000000000,7B9CAA01,BC92A033,662D0000,12000000,4C000000,0E590000,CF390000,31FEFFFF,27FBFFFF,90E4FFFF,8F3C1600000000007B9CAA01BC92A033662D0000120000004C0000000E590000CF39000031FEFFFF27FBFFFF90E4FFFF
1785191279067,F33C160000000000,579CAA01,8692A033,662D0000,12000000,4C000000,78580000,E2390000,6FFEFFFF,1EFBFFFF,FAE3FFFF,F33C160000000000579CAA018692A033662D0000120000004C00000078580000E23900006FFEFFFF1EFBFFFFFAE3FFFF
1785191279067,583D160000000000,349CAA01,5192A033,662D0000,12000000,4C000000,F3570000,F3390000,ADFEFFFF,16FBFFFF,75E3FFFF,583D160000000000349CAA015192A033662D0000120000004C000000F3570000F3390000ADFEFFFF16FBFFFF75E3FFFF
1785191279067,BC3D160000000000,129CAA01,1B92A033,662D0000,12000000,4C000000,79570000,053A0000,EAFEFFFF,0DFBFFFF,FBE2FFFF,BC3D160000000000129CAA011B92A033662D0000120000004C00000079570000053A0000EAFEFFFF0DFBFFFFFBE2FFFF
1785191279067,203E160000000000,F09BAA01,E591A033,662D0000,12000000,4C000000,09570000,153A0000,27FFFFFF,05FBFFFF,8BE2FFFF,203E160000000000F09BAA01E591A033662D0000120000004C00000009570000153A000027FFFFFF05FBFFFF8BE2FFFF
1785191279067,843E160000000000,CE9BAA01,AF91A033,662D0000,12000000,4C000000,A3560000,253A0000,65FFFFFF,FCFAFFFF,25E2FFFF,843E160000000000CE9BAA01AF91A033662D0000120000004C000000A3560000253A000065FFFFFFFCFAFFFF25E2FFFF
1785191279067,E93E160000000000,AD9BAA01,7891A033,662D0000,12000000,4C000000,48560000,353A0000,A3FFFFFF,F4FAFFFF,CAE1FFFF,E93E160000000000AD9BAA017891A033662D0000120000004C00000048560000353A0000A3FFFFFFF4FAFFFFCAE1FFFF
1785191279067,4D3F160000000000,8D9BAA01,4191A033,662D0000,12000000,4C000000,FB550000,443A0000,E1FFFFFF,EBFAFFFF,7DE1FFFF,4D3F1600000000008D9BAA014191A033662D0000120000004C000000FB550000443A0000E1FFFFFFEBFAFFFF7DE1FFFF
1785191279067,B03F160000000000,6D9BAA01,0B91A033,662D0000,12000000,4C000000,BB550000,533A0000,1D000000,E3FAFFFF,3DE1FFFF,B03F1600000000006D9BAA010B91A033662D0000120000004C000000BB550000533A00001D000000E3FAFFFF3DE1FFFF
1785191279067,1640160000000000,4E9BAA01,D590A033,662D0000,12000000,4C000000,87550000,613A0000,5A000000,DAFAFFFF,09E1FFFF,16401600000000004E9BAA01D590A033662D0000120000004C00000087550000613A00005A000000DAFAFFFF09E1FFFF
1785191280067,7940160000000000,309BAA01,9E90A033,662D0000,12000000,4C000000,5E550000,6E3A0000,97000000,D2FAFFFF,E0E0FFFF,7940160000000000309BAA019E90A033662D0000120000004C0000005E5500006E3A000097000000D2FAFFFFE0E0FFFF
1785191280067,DD40160000000000,129BAA01,6890A033,662D0000,12000000,4C000000,39550000,7B3A0000,D4000000,CAFAFFFF,BBE0FFFF,DD40160000000000129BAA016890A033662D0000120000004C000000395500007B3A0000D4000000CAFAFFFFBBE0FFFF
1785191280067,4141160000000000,F49AAA01,3190A033,662D0000,12000000,4C000000,13550000,873A0000,10010000,C1FAFFFF,95E0FFFF,4141160000000000F49AAA013190A033662D0000120000004C00000013550000873A000010010000C1FAFFFF95E0FFFF
1785191280067,A641160000000000,D79AAA01,FA8FA033,662D0000,12000000,4C000000,EA540000,933A0000,4E010000,B9FAFFFF,6CE0FFFF,A641160000000000D79AAA01FA8FA033662D0000120000004C000000EA540000933A00004E010000B9FAFFFF6CE0FFFF
1785191280067,0942160000000000,BA9AAA01,C48FA033,662D0000,12000000,4C000000,BE540000,9F3A0000,8A010000,B1FAFFFF,40E0FFFF,0942160000000000BA9AAA01C48FA033662D0000120000004C000000BE5400009F3A00008A010000B1FAFFFF40E0FFFF
1785191280067,6D42160000000000,9D9AAA01,8D8FA033,662D0000,12000000,4C000000,90540000,AB3A0000,C7010000,A8FAFFFF,12E0FFFF,6D421600000000009D9AAA018D8FA033662D0000120000004C00000090540000AB3A0000C7010000A8FAFFFF12E0FFFF
1785191280067,D142160000000000,7F9AAA01,568FA033,662D0000,12000000,4C000000,61540000,B73A0000,05020000,9FFAFFFF,E3DFFFFF,D1421600000000007F9AAA01568FA033662D0000120000004C00000061540000B73A0000050200009FFAFFFFE3DFFFFF
1785191280067,3743160000000000,619AAA01,1D8FA033,662D0000,12000000,4C000000,2E540000,C43A0000,43020000,96FAFFFF,B0DFFFFF,3743160000000000619AAA011D8FA033662D0000120000004C0000002E540000C43A00004302000096FAFFFFB0DFFFFF
1785191280067,9A43160000000000,439AAA01,E68EA033,662D0000,12000000,4C000000,FD530000,D03A0000,81020000,8DFAFFFF,7FDFFFFF,9A43160000000000439AAA01E68EA033662D0000120000004C000000FD530000D03A0000810200008DFAFFFF7FDFFFFF
1785191280067,FE43160000000000,259AAA01,AD8EA033,662D0000,12000000,4C000000,CF530000,DC3A0000,C0020000,84FAFFFF,51DFFFFF,FE43160000000000259AAA01AD8EA033662D0000120000004C000000CF530000DC3A0000C002000084FAFFFF51DFFFFF
1785191281067,6344160000000000,079AAA01,758EA033,662D0000,12000000,4C000000,A2530000,E93A0000,FE020000,7AFAFFFF,24DFFFFF,6344160000000000079AAA01758EA033662D0000120000004C000000A2530000E93A0000FE0200007AFAFFFF24DFFFFF
1785191281067,C644160000000000,E999AA01,3C8EA033,662D0000,12000000,4C000000,75530000,F53A0000,3D030000,70FAFFFF,F7DEFFFF,C644160000000000E999AA013C8EA033662D0000120000004C00000075530000F53A00003D03000070FAFFFFF7DEFFFF
1785191281067,2A45160000000000,CB99AA01,048EA033,662D0000,12000000,4C000000,4E530000,013B0000,7C030000,66FAFFFF,D0DEFFFF,2A45160000000000CB99AA01048EA033662D0000120000004C0000004E530000013B00007C03000066FAFFFFD0DEFFFF
1785191281067,8F45160000000000,AD99AA01,CA8DA033,662D0000,12000000,4C000000,2B530000,0E3B0000,BC030000,5CFAFFFF,ADDEFFFF,8F45160000000000AD99AA01CA8DA033662D0000120000004C0000002B5300000E3B0000BC0300005CFAFFFFADDEFFFF
1785191281067,F445160000000000,8E99AA01,908DA033,662D0000,12000000,4C000000,0E530000,1A3B0000,FC030000,4FFAFFFF,90DEFFFF,F4451600000000008E99AA01908DA033662D0000120000004C0000000E5300001A3B0000FC0300004FFAFFFF90DEFFFF
1785191281067,5746160000000000,7099AA01,578DA033,662D0000,12000000,4C000000,FE520000,263B0000,3C040000,43FAFFFF,80DEFFFF,57461600000000007099AA01578DA033662D0000120000004C000000FE520000263B00003C04000043FAFFFF80DEFFFF
1785191281067,BC46160000000000,5299AA01,1D8DA033,662D0000,12000000,4C000000,FA520000,323B0000,7C040000,38FAFFFF,7CDEFFFF,BC461600000000005299AA011D8DA033662D0000120000004C000000FA520000323B00007C04000038FAFFFF7CDEFFFF
1785191281067,2047160000000000,3399AA01,E28CA033,662D0000,12000000,4C000000,FB520000,3E3B0000,BE040000,2BFAFFFF,7DDEFFFF,20471600000000003399AA01E28CA033662D0000120000004C000000FB5200003E3B0000BE0400002BFAFFFF7DDEFFFF
1785191281067,8347160000000000,1599AA01,A88CA033,662D0000,12000000,4C000000,FA520000,4A3B0000,FE040000,20FAFFFF,7CDEFFFF,83471600000000001599AA01A88CA033662D0000120000004C000000FA5200004A3B0000FE04000020FAFFFF7CDEFFFF
1785191281067,E747160000000000,F798AA01,6D8CA033,662D0000,12000000,4C000000,F7520000,563B0000,3F050000,14FAFFFF,79DEFFFF,E747160000000000F798AA016D8CA033662D0000120000004C000000F7520000563B00003F05000014FAFFFF79DEFFFF
1785191282067,4B48160000000000,D998AA01,328CA033,662D0000,12000000,4C000000,F3520000,613B0000,80050000,08FAFFFF,75DEFFFF,4B48160000000000D998AA01328CA033662D0000120000004C000000F3520000613B00008005000008FAFFFF75DEFFFF
1785191282067,B048160000000000,BB98AA01,F78BA033,662D0000,12000000,4C000000,F1520000,6D3B0000,C1050000,FCF9FFFF,73DEFFFF,B048160000000000BB98AA01F78BA033662D0000120000004C000000F15200006D3B0000C1050000FCF9FFFF73DEFFFF
1785191282067,1549160000000000,9E98AA01,BC8BA033,662D0000,12000000,4C000000,ED520000,783B0000,02060000,F0F9FFFF,6FDEFFFF,15491600000000009E98AA01BC8BA033662D0000120000004C000000ED520000783B000002060000F0F9FFFF6FDEFFFF
1785191282067,7949160000000000,8098AA01,818BA033,662D0000,12000000,4C000000,E8520000,833B0000,43060000,E4F9FFFF,6ADEFFFF,79491600000000008098AA01818BA033662D0000120000004C000000E8520000833B000043060000E4F9FFFF6ADEFFFF
1785191282067,DC49160000000000,6398AA01,468BA033,662D0000,12000000,4C000000,E3520000,8D3B0000,84060000,D8F9FFFF,65DEFFFF,DC491600000000006398AA01468BA033662D0000120000004C000000E35200008D3B000084060000D8F9FFFF65DEFFFF
1785191282067,404A160000000000,4698AA01,0B8BA033,662D0000,12000000,4C000000,D7520000,983B0000,C5060000,CCF9FFFF,59DEFFFF,404A1600000000004698AA010B8BA033662D0000120000004C000000D7520000983B0000C5060000CCF9FFFF59DEFFFF
1785191282067,A54A160000000000,2998AA01,D08AA033,662D0000,12000000,4C000000,C8520000,A23B0000,06070000,C0F9FFFF,4ADEFFFF,A54A1600000000002998AA01D08AA033662D0000120000004C000000C8520000A23B000006070000C0F9FFFF4ADEFFFF
1785191282067,094B160000000000,0D98AA01,958AA033,662D0000,12000000,4C000000,BE520000,AC3B0000,47070000,B4F9FFFF,40DEFFFF,094B1600000000000D98AA01958AA033662D0000120000004C000000BE520000AC3B000047070000B4F9FFFF40DEFFFF
1785191282067,6C4B160000000000,F097AA01,598AA033,662D0000,12000000,4C000000,B5520000,B63B0000,88070000,A8F9FFFF,37DEFFFF,6C4B160000000000F097AA01598AA033662D0000120000004C000000B5520000B63B000088070000A8F9FFFF37DEFFFF
1785191282067,D24B160000000000,D497AA01,1E8AA033,662D0000,12000000,4C000000,A9520000,C13B0000,C9070000,9DF9FFFF,2BDEFFFF,D24B160000000000D497AA011E8AA033662D0000120000004C000000A9520000C13B0000C90700009DF9FFFF2BDEFFFF
1785191283067,364C160000000000,B797AA01,E389A033,662D0000,12000000,4C000000,99520000,CB3B0000,0A080000,91F9FFFF,1BDEFFFF,364C160000000000B797AA01E389A033662D0000120000004C00000099520000CB3B00000A08000091F9FFFF1BDEFFFF
1785191283067,994C160000000000,9A97AA01,A789A033,662D0000,12000000,4C000000,8D520000,D53B0000,4C080000,85F9FFFF,0FDEFFFF,994C1600000000009A97AA01A789A033662D0000120000004C0000008D520000D53B00004C08000085F9FFFF0FDEFFFF
1785191283067,FD4C160000000000,7E97AA01,6C89A033,662D0000,12000000,4C000000,7E520000,DF3B0000,8D080000,79F9FFFF,00DEFFFF,FD4C1600000000007E97AA016C89A033662D0000120000004C0000007E520000DF3B00008D08000079F9FFFF00DEFFFF
1785191283067,624D160000000000,6197AA01,3089A033,662D0000,12000000,4C000000,6E520000,E93B0000,CE080000,6DF9FFFF,F0DDFFFF,624D1600000000006197AA013089A033662D0000120000004C0000006E520000E93B0000CE0800006DF9FFFFF0DDFFFF
1785191283067,C54D160000000000,4597AA01,F588A033,662D0000,12000000,4C000000,60520000,F33B0000,0F090000,62F9FFFF,E2DDFFFF,C54D1600000000004597AA01F588A033662D0000120000004C00000060520000F33B00000F09000062F9FFFFE2DDFFFF
1785191283067,2A4E160000000000,2897AA01,BA88A033,662D0000,12000000,4C000000,4F520000,FD3B0000,50090000,56F9FFFF,D1DDFFFF,2A4E1600000000002897AA01BA88A033662D0000120000004C0000004F520000FD3B00005009000056F9FFFFD1DDFFFF
1785191283067,8F4E160000000000,0C97AA01,7F88A033,662D0000,12000000,4C000000,3D520000,073C0000,91090000,4AF9FFFF,BFDDFFFF,8F4E1600000000000C97AA017F88A033662D0000120000004C0000003D520000073C0000910900004AF9FFFFBFDDFFFF
1785191283067,F34E160000000000,EF96AA01,4488A033,662D0000,12000000,4C000000,2F520000,113C0000,D2090000,3FF9FFFF,B1DDFFFF,F34E160000000000EF96AA014488A033662D0000120000004C0000002F520000113C0000D20900003FF9FFFFB1DDFFFF
1785191283067,564F160000000000,D396AA01,0888A033,662D0000,12000000,4C000000,24520000,1B3C0000,130A0000,33F9FFFF,A6DDFFFF,564F160000000000D396AA010888A033662D0000120000004C000000245200001B3C0000130A000033F9FFFFA6DDFFFF
1785191283067,BA4F160000000000,B696AA01,CD87A033,662D0000,12000000,4C000000,1E520000,253C0000,540A0000,27F9FFFF,A0DDFFFF,BA4F160000000000B696AA01CD87A033662D0000120000004C0000001E520000253C0000540A000027F9FFFFA0DDFFFF
1785191284067,1E50160000000000,9996AA01,9187A033,662D0000,12000000,4C000000,1D520000,2F3C0000,950A0000,1BF9FFFF,9FDDFFFF,1E501600000000009996AA019187A033662D0000120000004C0000001D5200002F3C0000950A00001BF9FFFF9FDDFFFF
1785191284067,8250160000000000,7D96AA01,5587A033,662D0000,12000000,4C000000,1B520000,393C0000,D70A0000,0FF9FFFF,9DDDFFFF,82501600000000007D96AA015587A033662D0000120000004C0000001B520000393C0000D70A00000FF9FFFF9DDDFFFF
1785191284067,E650160000000000,6096AA01,1A87A033,662D0000,12000000,4C000000,1A520000,433C0000,180B0000,03F9FFFF,9CDDFFFF,E6501600000000006096AA011A87A033662D0000120000004C0000001A520000433C0000180B000003F9FFFF9CDDFFFF
1785191284067,4C51160000000000,4496AA01,DF86A033,662D0000,12000000,4C000000,19520000,4D3C0000,590B0000,F7F8FFFF,9BDDFFFF,4C511600000000004496AA01DF86A033662D0000120000004C000000195200004D3C0000590B0000F7F8FFFF9BDDFFFF
1785191284067,AF51160000000000,2796AA01,A386A033,662D0000,12000000,4C000000,17520000,573C0000,9A0B0000,EBF8FFFF,99DDFFFF,AF511600000000002796AA01A386A033662D0000120000004C00000017520000573C00009A0B0000EBF8FFFF99DDFFFF
1785191284067,1352160000000000,0A96AA01,6786A033,662D0000,12000000,4C000000,17520000,613C0000,DC0B0000,DFF8FFFF,99DDFFFF,13521600000000000A96AA016786A033662D0000120000004C00000017520000613C0000DC0B0000DFF8FFFF99DDFFFF
1785191284067,7852160000000000,EE95AA01,2B86A033,662D0000,12000000,4C000000,15520000,6B3C0000,1E0C0000,D3F8FFFF,97DDFFFF,7852160000000000EE95AA012B86A033662D0000120000004C000000155200006B3C00001E0C0000D3F8FFFF97DDFFFF
1785191284067,DC52160000000000,D195AA01,F085A033,662D0000,12000000,4C000000,14520000,753C0000,5F0C0000,C7F8FFFF,96DDFFFF,DC52160000000000D195AA01F085A033662D0000120000004C00000014520000753C00005F0C0000C7F8FFFF96DDFFFF
1785191284067,3F53160000000000,B495AA01,B385A033,662D0000,12000000,4C000000,14520000,7F3C0000,A10C0000,BBF8FFFF,96DDFFFF,3F53160000000000B495AA01B385A033662D0000120000004C000000145200007F3C0000A10C0000BBF8FFFF96DDFFFF
1785191284067,A353160000000000,9795AA01,7785A033,662D0000,12000000,4C000000,12520000,8A3C0000,E30C0000,AFF8FFFF,94DDFFFF,A3531600000000009795AA017785A033662D0000120000004C000000125200008A3C0000E30C0000AFF8FFFF94DDFFFF
1785191285067,0954160000000000,7A95AA01,3A85A033,662D0000,12000000,4C000000,10520000,943C0000,260D0000,A3F8FFFF,92DDFFFF,09541600000000007A95AA013A85A033662D0000120000004C00000010520000943C0000260D0000A3F8FFFF92DDFFFF
1785191285067,6D54160000000000,5D95AA01,FE84A033,662D0000,12000000,4C000000,0F520000,9E3C0000,680D0000,97F8FFFF,91DDFFFF,6D541600000000005D95AA01FE84A033662D0000120000004C0000000F5200009E3C0000680D000097F8FFFF91DDFFFF
1785191285067,D054160000000000,4195AA01,C284A033,662D0000,12000000,4C000000,0D520000,A83C0000,AA0D0000,8BF8FFFF,8FDDFFFF,D0541600000000004195AA01C284A033662D0000120000004C0000000D520000A83C0000AA0D00008BF8FFFF8FDDFFFF
1785191285067,3555160000000000,2495AA01,8584A033,662D0000,12000000,4C000000,0E520000,B23C0000,EC0D0000,7FF8FFFF,90DDFFFF,35551600000000002495AA018584A033662D0000120000004C0000000E520000B23C0000EC0D00007FF8FFFF90DDFFFF
1785191285067,9955160000000000,0795AA01,4884A033,662D0000,12000000,4C000000,0D520000,BC3C0000,2F0E0000,74F8FFFF,8FDDFFFF,99551600000000000795AA014884A033662D0000120000004C0000000D520000BC3C00002F0E000074F8FFFF8FDDFFFF
1785191285067,FC55160000000000,EA94AA01,0C84A033,662D0000,12000000,4C000000,0C520000,C63C0000,710E0000,68F8FFFF,8EDDFFFF,FC55160000000000EA94AA010C84A033662D0000120000004C0000000C520000C63C0000710E000068F8FFFF8EDDFFFF
1785191285067,6056160000000000,CD94AA01,CF83A033,662D0000,12000000,4C000000,0E520000,D03C0000,B40E0000,5CF8FFFF,90DDFFFF,6056160000000000CD94AA01CF83A033662D0000120000004C0000000E520000D03C0000B40E00005CF8FFFF90DDFFFF
1785191285067,C556160000000000,B094AA01,9283A033,662D0000,12000000,4C000000,0E520000,DA3C0000,F60E0000,50F8FFFF,90DDFFFF,C556160000000000B094AA019283A033662D0000120000004C0000000E520000DA3C0000F60E000050F8FFFF90DDFFFF
1785191285067,2957160000000000,9294AA01,5583A033,662D0000,12000000,4C000000,0D520000,E43C0000,3A0F0000,44F8FFFF,8FDDFFFF,29571600000000009294AA015583A033662D0000120000004C0000000D520000E43C00003A0F000044F8FFFF8FDDFFFF
1785191285067,8D57160000000000,7694AA01,1983A033,662D0000,12000000,4C000000,0E520000,EE3C0000,7C0F0000,38F8FFFF,90DDFFFF,8D571600000000007694AA011983A033662D0000120000004C0000000E520000EE3C00007C0F000038F8FFFF90DDFFFF
1785191286067,F157160000000000,5994AA01,DB82A033,662D0000,12000000,4C000000,10520000,F83C0000,BF0F0000,2CF8FFFF,92DDFFFF,F1571600000000005994AA01DB82A033662D0000120000004C00000010520000F83C0000BF0F00002CF8FFFF92DDFFFF
1785191286067,5658160000000000,3B94AA01,9E82A033,662D0000,12000000,4C000000,11520000,023D0000,02100000,20F8FFFF,93DDFFFF,56581600000000003B94AA019E82A033662D0000120000004C00000011520000023D00000210000020F8FFFF93DDFFFF
1785191286067,BA58160000000000,1E94AA01,6182A033,662D0000,12000000,4C000000,10520000,0D3D0000,45100000,14F8FFFF,92DDFFFF,BA581600000000001E94AA016182A033662D0000120000004C000000105200000D3D00004510000014F8FFFF92DDFFFF
1785191286067,1E59160000000000,0194AA01,2482A033,662D0000,12000000,4C000000,10520000,173D0000,88100000,07F8FFFF,92DDFFFF,1E591600000000000194AA012482A033662D0000120000004C00000010520000173D00008810000007F8FFFF92DDFFFF
1785191286067,8259160000000000,E493AA01,E781A033,662D0000,12000000,4C000000,10520000,213D0000,CA100000,FBF7FFFF,92DDFFFF,8259160000000000E493AA01E781A033662D0000120000004C00000010520000213D0000CA100000FBF7FFFF92DDFFFF
1785191286067,E559160000000000,C793AA01,AA81A033,662D0000,12000000,4C000000,10520000,2A3D0000,0D110000,EFF7FFFF,92DDFFFF,E559160000000000C793AA01AA81A033662D0000120000004C000000105200002A3D00000D110000EFF7FFFF92DDFFFF
1785191286067,4B5A160000000000,AA93AA01,6D81A033,662D0000,12000000,4C000000,10520000,343D0000,50110000,E3F7FFFF,92DDFFFF,4B5A160000000000AA93AA016D81A033662D0000120000004C00000010520000343D000050110000E3F7FFFF92DDFFFF
1785191286067,AF5A160000000000,8D93AA01,2F81A033,662D0000,12000000,4C000000,11520000,3E3D0000,93110000,D6F7FFFF,93DDFFFF,AF5A1600000000008D93AA012F81A033662D0000120000004C000000115200003E3D000093110000D6F7FFFF93DDFFFF
1785191286067,135B160000000000,7093AA01,F280A033,662D0000,12000000,4C000000,11520000,483D0000,D7110000,CAF7FFFF,93DDFFFF,135B1600000000007093AA01F280A033662D0000120000004C00000011520000483D0000D7110000CAF7FFFF93DDFFFF
1785191286067,775B160000000000,5393AA01,B480A033,662D0000,12000000,4C000000,0F520000,523D0000,1A120000,BEF7FFFF,91DDFFFF,775B1600000000005393AA01B480A033662D0000120000004C0000000F520000523D00001A120000BEF7FFFF91DDFFFF
1785191287067,DB5B160000000000,3693AA01,7780A033,662D0000,12000000,4C000000,0F520000,5C3D0000,5D120000,B2F7FFFF,91DDFFFF,DB5B1600000000003693AA017780A033662D0000120000004C0000000F5200005C3D00005D120000B2F7FFFF91DDFFFF
1785191287067,3F5C160000000000,1993AA01,3980A033,662D0000,12000000,4C000000,0F520000,663D0000,A1120000,A5F7FFFF,91DDFFFF,3F5C1600000000001993AA013980A033662D0000120000004C0000000F520000663D0000A1120000A5F7FFFF91DDFFFF
1785191287067,A35C160000000000,FD92AA01,FC7FA033,662D0000,12000000,4C000000,0F520000,6F3D0000,E3120000,9AF7FFFF,91DDFFFF,A35C160000000000FD92AA01FC7FA033662D0000120000004C0000000F5200006F3D0000E31200009AF7FFFF91DDFFFF
1785191287067,085D160000000000,E092AA01,BE7FA033,662D0000,12000000,4C000000,0F520000,783D0000,27130000,8DF7FFFF,91DDFFFF,085D160000000000E092AA01BE7FA033662D0000120000004C0000000F520000783D0000271300008DF7FFFF91DDFFFF
1785191287067,6B5D160000000000,C392AA01,7F7FA033,662D0000,12000000,4C000000,0F520000,823D0000,6C130000,81F7FFFF,91DDFFFF,6B5D160000000000C392AA017F7FA033662D0000120000004C0000000F520000823D00006C13000081F7FFFF91DDFFFF
1785191287067,D05D160000000000,A792AA01,417FA033,662D0000,12000000,4C000000,0C520000,8B3D0000,B0130000,75F7FFFF,8EDDFFFF,D05D160000000000A792AA01417FA033662D0000120000004C0000000C5200008B3D0000B013000075F7FFFF8EDDFFFF
1785191287067,345E160000000000,8B92AA01,037FA033,662D0000,12000000,4C000000,0A520000,943D0000,F3130000,69F7FFFF,8CDDFFFF,345E1600000000008B92AA01037FA033662D0000120000004C0000000A520000943D0000F313000069F7FFFF8CDDFFFF
1785191287067,975E160000000000,6E92AA01,C57EA033,662D0000,12000000,4C000000,08520000,9D3D0000,37140000,5DF7FFFF,8ADDFFFF,975E1600000000006E92AA01C57EA033662D0000120000004C000000085200009D3D0000371400005DF7FFFF8ADDFFFF
1785191287067,FC5E160000000000,5292AA01,877EA033,662D0000,12000000,4C000000,06520000,A63D0000,7A140000,51F7FFFF,88DDFFFF,FC5E1600000000005292AA01877EA033662D0000120000004C00000006520000A63D00007A14000051F7FFFF88DDFFFF
1785191287067,605F160000000000,3692AA01,487EA033,662D0000,12000000,4C000000,01520000,AF3D0000,BE140000,45F7FFFF,83DDFFFF,605F1600000000003692AA01487EA033662D0000120000004C00000001520000AF3D0000BE14000045F7FFFF83DDFFFF
1785191288067,C45F160000000000,1992AA01,0A7EA033,662D0000,12000000,4C000000,FB510000,B83D0000,02150000,38F7FFFF,7DDDFFFF,C45F1600000000001992AA010A7EA033662D0000120000004C000000FB510000B83D00000215000038F7FFFF7DDDFFFF
1785191288067,2960160000000000,FD91AA01,CC7DA033,662D0000,12000000,4C000000,F8510000,C13D0000,46150000,2CF7FFFF,7ADDFFFF,2960160000000000FD91AA01CC7DA033662D0000120000004C000000F8510000C13D0000461500002CF7FFFF7ADDFFFF
1785191288067,8D60160000000000,E091AA01,8D7DA033,662D0000,12000000,4C000000,F1510000,CA3D0000,8A150000,1FF7FFFF,73DDFFFF,8D60160000000000E091AA018D7DA033662D0000120000004C000000F1510000CA3D00008A1500001FF7FFFF73DDFFFF
1785191288067,F160160000000000,C491AA01,4F7DA033,662D0000,12000000,4C000000,E5510000,D33D0000,CE150000,13F7FFFF,67DDFFFF,F160160000000000C491AA014F7DA033662D0000120000004C000000E5510000D33D0000CE15000013F7FFFF67DDFFFF
1785191288067,5561160000000000,A791AA01,107DA033,662D0000,12000000,4C000000,D2510000,DD3D0000,13160000,07F7FFFF,54DDFFFF,5561160000000000A791AA01107DA033662D0000120000004C000000D2510000DD3D00001316000007F7FFFF54DDFFFF
1785191288067,B961160000000000,8A91AA01,D17CA033,662D0000,12000000,4C000000,C1510000,E63D0000,57160000,FBF6FFFF,43DDFFFF,B9611600000000008A91AA01D17CA033662D0000120000004C000000C1510000E63D000057160000FBF6FFFF43DDFFFF
1785191288067,1D62160000000000,6D91AA01,917CA033,662D0000,12000000,4C000000,B9510000,EF3D0000,9D160000,EEF6FFFF,3BDDFFFF,1D621600000000006D91AA01917CA033662D0000120000004C000000B9510000EF3D00009D160000EEF6FFFF3BDDFFFF
1785191288067,8162160000000000,5191AA01,547CA033,662D0000,12000000,4C000000,B7510000,F83D0000,E0160000,E2F6FFFF,39DDFFFF,81621600000000005191AA01547CA033662D0000120000004C000000B7510000F83D0000E0160000E2F6FFFF39DDFFFF
1785191288067,E662160000000000,3491AA01,157CA033,662D0000,12000000,4C000000,B8510000,013E0000,24170000,D6F6FFFF,3ADDFFFF,E6621600000000003491AA01157CA033662D0000120000004C000000B8510000013E000024170000D6F6FFFF3ADDFFFF
1785191288067,4A63160000000000,1891AA01,D67BA033,662D0000,12000000,4C000000,B9510000,0A3E0000,68170000,CAF6FFFF,3BDDFFFF,4A631600000000001891AA01D67BA033662D0000120000004C000000B95100000A3E000068170000CAF6FFFF3BDDFFFF
1785191289067,AE63160000000000,FC90AA01,997BA033,662D0000,12000000,4C000000,B7510000,133E0000,AC170000,BEF6FFFF,39DDFFFF,AE63160000000000FC90AA01997BA033662D0000120000004C000000B7510000133E0000AC170000BEF6FFFF39DDFFFF
1785191289067,1264160000000000,E090AA01,5B7BA033,662D0000,12000000,4C000000,B5510000,1C3E0000,EF170000,B2F6FFFF,37DDFFFF,1264160000000000E090AA015B7BA033662D0000120000004C000000B55100001C3E0000EF170000B2F6FFFF37DDFFFF
1785191289067,7664160000000000,C590AA01,217BA033,662D0000,12000000,4C000000,B4510000,243E0000,2E180000,A7F6FFFF,36DDFFFF,7664160000000000C590AA01217BA033662D0000120000004C000000B4510000243E00002E180000A7F6FFFF36DDFFFF
1785191289067,DA64160000000000,AA90AA01,E67AA033,662D0000,12000000,4C000000,B3510000,2D3E0000,6E180000,9BF6FFFF,35DDFFFF,DA64160000000000AA90AA01E67AA033662D0000120000004C000000B35100002D3E00006E1800009BF6FFFF35DDFFFF
1785191289067,4065160000000000,8F90AA01,AB7AA033,662D0000,12000000,4C000000,B5510000,353E0000,AF180000,90F6FFFF,37DDFFFF,40651600000000008F90AA01AB7AA033662D0000120000004C000000B5510000353E0000AF18000090F6FFFF37DDFFFF
1785191289067,A265160000000000,7590AA01,707AA033,662D0000,12000000,4C000000,B7510000,3E3E0000,EF180000,85F6FFFF,39DDFFFF,A2651600000000007590AA01707AA033662D0000120000004C000000B75100003E3E0000EF18000085F6FFFF39DDFFFF
1785191289067,0766160000000000,5A90AA01,347AA033,662D0000,12000000,4C000000,BA510000,473E0000,30190000,7AF6FFFF,3CDDFFFF,07661600000000005A90AA01347AA033662D0000120000004C000000BA510000473E0000301900007AF6FFFF3CDDFFFF
1785191289067,6B66160000000000,3F90AA01,F979A033,662D0000,12000000,4C000000,BA510000,4F3E0000,70190000,6EF6FFFF,3CDDFFFF,6B661600000000003F90AA01F979A033662D0000120000004C000000BA5100004F3E0000701900006EF6FFFF3CDDFFFF
1785191290067,9767160000000000,EE8FAA01,4779A033,662D0000,12000000,4C000000,B8510000,693E0000,321A0000,4CF6FFFF,3ADDFFFF,9767160000000000EE8FAA014779A033662D0000120000004C000000B8510000693E0000321A00004CF6FFFF3ADDFFFF
1785191290067,FB67160000000000,D28FAA01,0C79A033,662D0000,12000000,4C000000,B6510000,713E0000,731A0000,41F6FFFF,38DDFFFF,FB67160000000000D28FAA010C79A033662D0000120000004C000000B6510000713E0000731A000041F6FFFF38DDFFFF
1785191290067,6068160000000000,B88FAA01,D178A033,662D0000,12000000,4C000000,B5510000,7A3E0000,B31A0000,36F6FFFF,37DDFFFF,6068160000000000B88FAA01D178A033662D0000120000004C000000B55100007A3E0000B31A000036F6FFFF37DDFFFF
1785191290067,C468160000000000,9D8FAA01,9778A033,662D0000,12000000,4C000000,B5510000,833E0000,F21A0000,2BF6FFFF,37DDFFFF,C4681600000000009D8FAA019778A033662D0000120000004C000000B5510000833E0000F21A00002BF6FFFF37DDFFFF
1785191290067,2869160000000000,828FAA01,5D78A033,662D0000,12000000,4C000000,B6510000,8B3E0000,311B0000,20F6FFFF,38DDFFFF,2869160000000000828FAA015D78A033662D0000120000004C000000B65100008B3E0000311B000020F6FFFF38DDFFFF
1785191290067,8C69160000000000,688FAA01,2278A033,662D0000,12000000,4C000000,B5510000,943E0000,711B0000,15F6FFFF,37DDFFFF,8C69160000000000688FAA012278A033662D0000120000004C000000B5510000943E0000711B000015F6FFFF37DDFFFF
1785191290067,F069160000000000,4D8FAA01,E877A033,662D0000,12000000,4C000000,B4510000,9D3E0000,B11B0000,0AF6FFFF,36DDFFFF,F0691600000000004D8FAA01E877A033662D0000120000004C000000B45100009D3E0000B11B00000AF6FFFF36DDFFFF
1785191290067,546A160000000000,328FAA01,AD77A033,662D0000,12000000,4C000000,B4510000,A53E0000,F11B0000,FEF5FFFF,36DDFFFF,546A160000000000328FAA01AD77A033662D0000120000004C000000B4510000A53E0000F11B0000FEF5FFFF36DDFFFF
1785191290067,B86A160000000000,178FAA01,7477A033,662D0000,12000000,4C000000,B3510000,AE3E0000,2F1C0000,F3F5FFFF,35DDFFFF,B86A160000000000178FAA017477A033662D0000120000004C000000B3510000AE3E00002F1C0000F3F5FFFF35DDFFFF
1785191290067,1C6B160000000000,FC8EAA01,3A77A033,662D0000,12000000,4C000000,B3510000,B73E0000,6E1C0000,E9F5FFFF,35DDFFFF,1C6B160000000000FC8EAA013A77A033662D0000120000004C000000B3510000B73E00006E1C0000E9F5FFFF35DDFFFF
1785191291067,816B160000000000,E28EAA01,0177A033,662D0000,12000000,4C000000,B2510000,C03E0000,AD1C0000,DEF5FFFF,34DDFFFF,816B160000000000E28EAA010177A033662D0000120000004C000000B2510000C03E0000AD1C0000DEF5FFFF34DDFFFF
1785191291067,E56B160000000000,C78EAA01,C776A033,662D0000,12000000,4C000000,B6510000,C93E0000,EC1C0000,D3F5FFFF,38DDFFFF,E56B160000000000C78EAA01C776A033662D0000120000004C000000B6510000C93E0000EC1C0000D3F5FFFF38DDFFFF
1785191291067,496C160000000000,AC8EAA01,8E76A033,662D0000,12000000,4C000000,BC510000,D13E0000,2A1D0000,C8F5FFFF,3EDDFFFF,496C160000000000AC8EAA018E76A033662D0000120000004C000000BC510000D13E00002A1D0000C8F5FFFF3EDDFFFF
1785191291067,AD6C160000000000,928EAA01,5576A033,662D0000,12000000,4C000000,BE510000,DA3E0000,691D0000,BEF5FFFF,40DDFFFF,AD6C160000000000928EAA015576A033662D0000120000004C000000BE510000DA3E0000691D0000BEF5FFFF40DDFFFF
1785191291067,116D160000000000,778EAA01,1B76A033,662D0000,12000000,4C000000,C3510000,E33E0000,A81D0000,B3F5FFFF,45DDFFFF,116D160000000000778EAA011B76A033662D0000120000004C000000C3510000E33E0000A81D0000B3F5FFFF45DDFFFF
1785191291067,756D160000000000,5C8EAA01,E275A033,662D0000,12000000,4C000000,C9510000,EC3E0000,E61D0000,A8F5FFFF,4BDDFFFF,756D1600000000005C8EAA01E275A033662D0000120000004C000000C9510000EC3E0000E61D0000A8F5FFFF4BDDFFFF
1785191291067,D96D160000000000,418EAA01,A975A033,662D0000,12000000,4C000000,D0510000,F53E0000,241E0000,9DF5FFFF,52DDFFFF,D96D160000000000418EAA01A975A033662D0000120000004C000000D0510000F53E0000241E00009DF5FFFF52DDFFFF
1785191291067,3D6E160000000000,278EAA01,7075A033,662D0000,12000000,4C000000,D4510000,FE3E0000,631E0000,93F5FFFF,56DDFFFF,3D6E160000000000278EAA017075A033662D0000120000004C000000D4510000FE3E0000631E000093F5FFFF56DDFFFF
1785191291067,A26E160000000000,0C8EAA01,3775A033,662D0000,12000000,4C000000,D9510000,073F0000,A11E0000,88F5FFFF,5BDDFFFF,A26E1600000000000C8EAA013775A033662D0000120000004C000000D9510000073F0000A11E000088F5FFFF5BDDFFFF
1785191291067,066F160000000000,F18DAA01,FF74A033,662D0000,12000000,4C000000,DD510000,103F0000,DF1E0000,7DF5FFFF,5FDDFFFF,066F160000000000F18DAA01FF74A033662D0000120000004C000000DD510000103F0000DF1E00007DF5FFFF5FDDFFFF
1785191292067,6A6F160000000000,D68DAA01,C674A033,662D0000,12000000,4C000000,E2510000,1A3F0000,1D1F0000,73F5FFFF,64DDFFFF,6A6F160000000000D68DAA01C674A033662D0000120000004C000000E25100001A3F00001D1F000073F5FFFF64DDFFFF
1785191292067,CE6F160000000000,BB8DAA01,8D74A033,662D0000,12000000,4C000000,E5510000,233F0000,5C1F0000,68F5FFFF,67DDFFFF,CE6F160000000000BB8DAA018D74A033662D0000120000004C000000E5510000233F00005C1F000068F5FFFF67DDFFFF
1785191292067,3270160000000000,A18DAA01,5574A033,662D0000,12000000,4C000000,EB510000,2C3F0000,991F0000,5EF5FFFF,6DDDFFFF,3270160000000000A18DAA015574A033662D0000120000004C000000EB5100002C3F0000991F00005EF5FFFF6DDDFFFF
1785191292067,9670160000000000,868DAA01,1D74A033,662D0000,12000000,4C000000,EF510000,353F0000,D61F0000,53F5FFFF,71DDFFFF,9670160000000000868DAA011D74A033662D0000120000004C000000EF510000353F0000D61F000053F5FFFF71DDFFFF
1785191292067,FA70160000000000,6B8DAA01,E473A033,662D0000,12000000,4C000000,F1510000,3E3F0000,14200000,49F5FFFF,73DDFFFF,FA701600000000006B8DAA01E473A033662D0000120000004C000000F15100003E3F00001420000049F5FFFF73DDFFFF
1785191292067,5F71160000000000,508DAA01,AB73A033,662D0000,12000000,4C000000,F5510000,473F0000,52200000,3EF5FFFF,77DDFFFF,5F71160000000000508DAA01AB73A033662D0000120000004C000000F5510000473F0000522000003EF5FFFF77DDFFFF
1785191292067,C371160000000000,368DAA01,7373A033,662D0000,12000000,4C000000,F8510000,513F0000,90200000,33F5FFFF,7ADDFFFF,C371160000000000368DAA017373A033662D0000120000004C000000F8510000513F00009020000033F5FFFF7ADDFFFF
1785191292067,2772160000000000,1B8DAA01,3A73A033,662D0000,12000000,4C000000,FD510000,5A3F0000,CE200000,29F5FFFF,7FDDFFFF,27721600000000001B8DAA013A73A033662D0000120000004C000000FD5100005A3F0000CE20000029F5FFFF7FDDFFFF
1785191292067,8B72160000000000,008DAA01,0273A033,662D0000,12000000,4C000000,01520000,633F0000,0C210000,1EF5FFFF,83DDFFFF,8B72160000000000008DAA010273A033662D0000120000004C00000001520000633F00000C2100001EF5FFFF83DDFFFF
1785191292067,EF72160000000000,E68CAA01,C972A033,662D0000,12000000,4C000000,05520000,6C3F0000,4A210000,14F5FFFF,87DDFFFF,EF72160000000000E68CAA01C972A033662D0000120000004C000000055200006C3F00004A21000014F5FFFF87DDFFFF
1785191293067,5373160000000000,CB8CAA01,9172A033,662D0000,12000000,4C000000,08520000,753F0000,87210000,0AF5FFFF,8ADDFFFF,5373160000000000CB8CAA019172A033662D0000120000004C00000008520000753F0000872100000AF5FFFF8ADDFFFF
1785191293067,B873160000000000,B08CAA01,5872A033,662D0000,12000000,4C000000,0E520000,7E3F0000,C6210000,FFF4FFFF,90DDFFFF,B873160000000000B08CAA015872A033662D0000120000004C0000000E5200007E3F0000C6210000FFF4FFFF90DDFFFF
1785191293067,1B74160000000000,958CAA01,2072A033,662D0000,12000000,4C000000,0F520000,873F0000,03220000,F5F4FFFF,91DDFFFF,1B74160000000000958CAA012072A033662D0000120000004C0000000F520000873F000003220000F5F4FFFF91DDFFFF
1785191293067,8074160000000000,7C8CAA01,E871A033,662D0000,12000000,4C000000,14520000,903F0000,40220000,EAF4FFFF,96DDFFFF,80741600000000007C8CAA01E871A033662D0000120000004C00000014520000903F000040220000EAF4FFFF96DDFFFF
1785191293067,E474160000000000,618CAA01,AF71A033,662D0000,12000000,4C000000,14520000,993F0000,7E220000,DFF4FFFF,96DDFFFF,E474160000000000618CAA01AF71A033662D0000120000004C00000014520000993F00007E220000DFF4FFFF96DDFFFF
1785191293067,AC75160000000000,2C8CAA01,3F71A033,662D0000,12000000,4C000000,0F520000,AB3F0000,F9220000,CBF4FFFF,91DDFFFF,AC751600000000002C8CAA013F71A033662D0000120000004C0000000F520000AB3F0000F9220000CBF4FFFF91DDFFFF
1785191293067,1076160000000000,128CAA01,0771A033,662D0000,12000000,4C000000,0B520000,B33F0000,36230000,C1F4FFFF,8DDDFFFF,1076160000000000128CAA010771A033662D0000120000004C0000000B520000B33F000036230000C1F4FFFF8DDDFFFF
1785191293067,7476160000000000,F78BAA01,CF70A033,662D0000,12000000,4C000000,09520000,BC3F0000,73230000,B7F4FFFF,8BDDFFFF,7476160000000000F78BAA01CF70A033662D0000120000004C00000009520000BC3F000073230000B7F4FFFF8BDDFFFF
1785191293067,D976160000000000,DD8BAA01,9770A033,662D0000,12000000,4C000000,07520000,C53F0000,B0230000,ADF4FFFF,89DDFFFF,D976160000000000DD8BAA019770A033662D0000120000004C00000007520000C53F0000B0230000ADF4FFFF89DDFFFF
1785191294067,3D77160000000000,C28BAA01,5E70A033,662D0000,12000000,4C000000,09520000,CE3F0000,EF230000,A2F4FFFF,8BDDFFFF,3D77160000000000C28BAA015E70A033662D0000120000004C00000009520000CE3F0000EF230000A2F4FFFF8BDDFFFF
1785191294067,A177160000000000,A88BAA01,2670A033,662D0000,12000000,4C000000,0A520000,D73F0000,2D240000,97F4FFFF,8CDDFFFF,A177160000000000A88BAA012670A033662D0000120000004C0000000A520000D73F00002D24000097F4FFFF8CDDFFFF
1785191294067,0578160000000000,8E8BAA01,EE6FA033,662D0000,12000000,4C000000,06520000,E03F0000,69240000,8DF4FFFF,88DDFFFF,05781600000000008E8BAA01EE6FA033662D0000120000004C00000006520000E03F0000692400008DF4FFFF88DDFFFF
1785191294067,6978160000000000,738BAA01,B56FA033,662D0000,12000000,4C000000,FE510000,E93F0000,A7240000,82F4FFFF,80DDFFFF,6978160000000000738BAA01B56FA033662D0000120000004C000000FE510000E93F0000A724000082F4FFFF80DDFFFF
1785191294067,CD78160000000000,598BAA01,7E6FA033,662D0000,12000000,4C000000,F6510000,F23F0000,E4240000,78F4FFFF,78DDFFFF,CD78160000000000598BAA017E6FA033662D0000120000004C000000F6510000F23F0000E424000078F4FFFF78DDFFFF
1785191294067,3179160000000000,3F8BAA01,476FA033,662D0000,12000000,4C000000,F2510000,FA3F0000,20250000,6EF4FFFF,74DDFFFF,31791600000000003F8BAA01476FA033662D0000120000004C000000F2510000FA3F0000202500006EF4FFFF74DDFFFF
1785191294067,9579160000000000,258BAA01,0F6FA033,662D0000,12000000,4C000000,F7510000,03400000,5D250000,65F4FFFF,79DDFFFF,9579160000000000258BAA010F6FA033662D0000120000004C000000F7510000034000005D25000065F4FFFF79DDFFFF
1785191294067,FA79160000000000,0A8BAA01,D66EA033,662D0000,12000000,4C000000,FD510000,0C400000,9C250000,5BF4FFFF,7FDDFFFF,FA791600000000000A8BAA01D66EA033662D0000120000004C000000FD5100000C4000009C2500005BF4FFFF7FDDFFFF
1785191294067,5E7A160000000000,EF8AAA01,9B6EA033,662D0000,12000000,4C000000,FE510000,15400000,DC250000,52F4FFFF,80DDFFFF,5E7A160000000000EF8AAA019B6EA033662D0000120000004C000000FE51000015400000DC25000052F4FFFF80DDFFFF
1785191294067,C27A160000000000,D48AAA01,626EA033,662D0000,12000000,4C000000,FC510000,1E400000,1B260000,48F4FFFF,7EDDFFFF,C27A160000000000D48AAA01626EA033662D0000120000004C000000FC5100001E4000001B26000048F4FFFF7EDDFFFF
1785191295067,8A7B160000000000,9E8AAA01,EC6DA033,662D0000,12000000,4C000000,F1510000,30400000,9B260000,34F4FFFF,73DDFFFF,8A7B1600000000009E8AAA01EC6DA033662D0000120000004C000000F1510000304000009B26000034F4FFFF73DDFFFF
1785191295067,EE7B160000000000,828AAA01,B06DA033,662D0000,12000000,4C000000,ED510000,39400000,DC260000,2AF4FFFF,6FDDFFFF,EE7B160000000000828AAA01B06DA033662D0000120000004C000000ED51000039400000DC2600002AF4FFFF6FDDFFFF
1785191295067,527C160000000000,678AAA01,766DA033,662D0000,12000000,4C000000,EC510000,42400000,1C270000,21F4FFFF,6EDDFFFF,527C160000000000678AAA01766DA033662D0000120000004C000000EC510000424000001C27000021F4FFFF6EDDFFFF
1785191295067,B77C160000000000,4C8AAA01,3B6DA033,662D0000,12000000,4C000000,EA510000,4B400000,5C270000,18F4FFFF,6CDDFFFF,B77C1600000000004C8AAA013B6DA033662D0000120000004C000000EA5100004B4000005C27000018F4FFFF6CDDFFFF
1785191295067,1B7D160000000000,318AAA01,006DA033,662D0000,12000000,4C000000,EC510000,54400000,9D270000,0FF4FFFF,6EDDFFFF,1B7D160000000000318AAA01006DA033662D0000120000004C000000EC510000544000009D2700000FF4FFFF6EDDFFFF
1785191295067,7F7D160000000000,158AAA01,C46CA033,662D0000,12000000,4C000000,F4510000,5D400000,DD270000,09F4FFFF,76DDFFFF,7F7D160000000000158AAA01C46CA033662D0000120000004C000000F45100005D400000DD27000009F4FFFF76DDFFFF
1785191295067,E37D160000000000,FA89AA01,896CA033,662D0000,12000000,4C000000,FB510000,66400000,1F280000,03F4FFFF,7DDDFFFF,E37D160000000000FA89AA01896CA033662D0000120000004C000000FB510000664000001F28000003F4FFFF7DDDFFFF
1785191295067,477E160000000000,DE89AA01,4D6CA033,662D0000,12000000,4C000000,FE510000,6F400000,60280000,FDF3FFFF,80DDFFFF,477E160000000000DE89AA014D6CA033662D0000120000004C000000FE5100006F40000060280000FDF3FFFF80DDFFFF
1785191295067,AB7E160000000000,C389AA01,116CA033,662D0000,12000000,4C000000,F6510000,78400000,A1280000,F7F3FFFF,78DDFFFF,AB7E160000000000C389AA01116CA033662D0000120000004C000000F651000078400000A1280000F7F3FFFF78DDFFFF
1785191296067,0F7F160000000000,A789AA01,D66BA033,662D0000,12000000,4C000000,E9510000,80400000,E2280000,F1F3FFFF,6BDDFFFF,0F7F160000000000A789AA01D66BA033662D0000120000004C000000E951000080400000E2280000F1F3FFFF6BDDFFFF
1785191296067,737F160000000000,8C89AA01,9B6BA033,662D0000,12000000,4C000000,DE510000,89400000,22290000,ECF3FFFF,60DDFFFF,737F1600000000008C89AA019B6BA033662D0000120000004C000000DE5100008940000022290000ECF3FFFF60DDFFFF
1785191296067,D87F160000000000,7189AA01,616BA033,662D0000,12000000,4C000000,DA510000,92400000,61290000,E6F3FFFF,5CDDFFFF,D87F1600000000007189AA01616BA033662D0000120000004C000000DA5100009240000061290000E6F3FFFF5CDDFFFF
1785191296067,3C80160000000000,5689AA01,276BA033,662D0000,12000000,4C000000,D9510000,9B400000,A1290000,E1F3FFFF,5BDDFFFF,3C801600000000005689AA01276BA033662D0000120000004C000000D95100009B400000A1290000E1F3FFFF5BDDFFFF
1785191296067,A080160000000000,3C89AA01,ED6AA033,662D0000,12000000,4C000000,DB510000,A4400000,E0290000,DCF3FFFF,5DDDFFFF,A0801600000000003C89AA01ED6AA033662D0000120000004C000000DB510000A4400000E0290000DCF3FFFF5DDDFFFF
1785191296067,0481160000000000,2189AA01,B36AA033,662D0000,12000000,4C000000,D8510000,AC400000,1F2A0000,D7F3FFFF,5ADDFFFF,04811600000000002189AA01B36AA033662D0000120000004C000000D8510000AC4000001F2A0000D7F3FFFF5ADDFFFF
1785191296067,6881160000000000,0689AA01,7A6AA033,662D0000,12000000,4C000000,D5510000,B5400000,5E2A0000,D1F3FFFF,57DDFFFF,68811600000000000689AA017A6AA033662D0000120000004C000000D5510000B54000005E2A0000D1F3FFFF57DDFFFF
1785191296067,CC81160000000000,EC88AA01,416AA033,662D0000,12000000,4C000000,D4510000,BE400000,9C2A0000,CCF3FFFF,56DDFFFF,CC81160000000000EC88AA01416AA033662D0000120000004C000000D4510000BE4000009C2A0000CCF3FFFF56DDFFFF
1785191296067,3082160000000000,D188AA01,076AA033,662D0000,12000000,4C000000,D4510000,C7400000,DB2A0000,C6F3FFFF,56DDFFFF,3082160000000000D188AA01076AA033662D0000120000004C000000D4510000C7400000DB2A0000C6F3FFFF56DDFFFF
1785191296067,9482160000000000,B788AA01,D069A033,662D0000,12000000,4C000000,D5510000,D0400000,182B0000,C2F3FFFF,57DDFFFF,9482160000000000B788AA01D069A033662D0000120000004C000000D5510000D0400000182B0000C2F3FFFF57DDFFFF
1785191297067,5D83160000000000,8388AA01,6069A033,662D0000,12000000,4C000000,D8510000,E1400000,912B0000,B9F3FFFF,5ADDFFFF,5D831600000000008388AA016069A033662D0000120000004C000000D8510000E1400000912B0000B9F3FFFF5ADDFFFF
1785191297067,C183160000000000,6988AA01,2969A033,662D0000,12000000,4C000000,DB510000,EA400000,CD2B0000,B4F3FFFF,5DDDFFFF,C1831600000000006988AA012969A033662D0000120000004C000000DB510000EA400000CD2B0000B4F3FFFF5DDDFFFF
1785191297067,2584160000000000,4F88AA01,F268A033,662D0000,12000000,4C000000,DB510000,F3400000,0A2C0000,B0F3FFFF,5DDDFFFF,25841600000000004F88AA01F268A033662D0000120000004C000000DB510000F34000000A2C0000B0F3FFFF5DDDFFFF
1785191297067,8984160000000000,3588AA01,BB68A033,662D0000,12000000,4C000000,DC510000,FC400000,462C0000,ABF3FFFF,5EDDFFFF,89841600000000003588AA01BB68A033662D0000120000004C000000DC510000FC400000462C0000ABF3FFFF5EDDFFFF
1785191297067,ED84160000000000,1B88AA01,8468A033,662D0000,12000000,4C000000,DE510000,04410000,822C0000,A6F3FFFF,60DDFFFF,ED841600000000001B88AA018468A033662D0000120000004C000000DE51000004410000822C0000A6F3FFFF60DDFFFF
1785191297067,5285160000000000,0188AA01,4C68A033,662D0000,12000000,4C000000,E3510000,0D410000,BF2C0000,A1F3FFFF,65DDFFFF,52851600000000000188AA014C68A033662D0000120000004C000000E35100000D410000BF2C0000A1F3FFFF65DDFFFF
1785191297067,B685160000000000,E787AA01,1568A033,662D0000,12000000,4C000000,E7510000,16410000,FC2C0000,9DF3FFFF,69DDFFFF,B685160000000000E787AA011568A033662D0000120000004C000000E751000016410000FC2C00009DF3FFFF69DDFFFF
1785191297067,1A86160000000000,CD87AA01,DE67A033,662D0000,12000000,4C000000,EB510000,1E410000,382D0000,98F3FFFF,6DDDFFFF,1A86160000000000CD87AA01DE67A033662D0000120000004C000000EB5100001E410000382D000098F3FFFF6DDDFFFF
1785191297067,7E86160000000000,B487AA01,A767A033,662D0000,12000000,4C000000,F2510000,27410000,732D0000,94F3FFFF,74DDFFFF,7E86160000000000B487AA01A767A033662D0000120000004C000000F251000027410000732D000094F3FFFF74DDFFFF
1785191298067,E286160000000000,9A87AA01,7067A033,662D0000,12000000,4C000000,FF510000,30410000,AF2D0000,90F3FFFF,81DDFFFF,E2861600000000009A87AA017067A033662D0000120000004C000000FF51000030410000AF2D000090F3FFFF81DDFFFF
1785191298067,4687160000000000,8087AA01,3A67A033,662D0000,12000000,4C000000,0C520000,38410000,EB2D0000,8BF3FFFF,8EDDFFFF,46871600000000008087AA013A67A033662D0000120000004C0000000C52000038410000EB2D00008BF3FFFF8EDDFFFF
1785191298067,AA87160000000000,6787AA01,0367A033,662D0000,12000000,4C000000,11520000,41410000,272E0000,86F3FFFF,93DDFFFF,AA871600000000006787AA010367A033662D0000120000004C0000001152000041410000272E000086F3FFFF93DDFFFF
1785191298067,0E88160000000000,4C87AA01,CB66A033,662D0000,12000000,4C000000,0D520000,4A410000,652E0000,81F3FFFF,8FDDFFFF,0E881600000000004C87AA01CB66A033662D0000120000004C0000000D5200004A410000652E000081F3FFFF8FDDFFFF
1785191298067,7388160000000000,3287AA01,9366A033,662D0000,12000000,4C000000,08520000,53410000,A22E0000,7DF3FFFF,8ADDFFFF,73881600000000003287AA019366A033662D0000120000004C0000000852000053410000A22E00007DF3FFFF8ADDFFFF
1785191298067,D788160000000000,1887AA01,5B66A033,662D0000,12000000,4C000000,03520000,5C410000,DE2E0000,78F3FFFF,85DDFFFF,D7881600000000001887AA015B66A033662D0000120000004C000000035200005C410000DE2E000078F3FFFF85DDFFFF
1785191298067,3B89160000000000,FC86AA01,2266A033,662D0000,12000000,4C000000,FF510000,65410000,1D2F0000,73F3FFFF,81DDFFFF,3B89160000000000FC86AA012266A033662D0000120000004C000000FF510000654100001D2F000073F3FFFF81DDFFFF
1785191298067,9F89160000000000,E186AA01,EA65A033,662D0000,12000000,4C000000,FD510000,6F410000,5B2F0000,6EF3FFFF,7FDDFFFF,9F89160000000000E186AA01EA65A033662D0000120000004C000000FD5100006F4100005B2F00006EF3FFFF7FDDFFFF
1785191298067,038A160000000000,C686AA01,B165A033,662D0000,12000000,4C000000,00520000,78410000,992F0000,69F3FFFF,82DDFFFF,038A160000000000C686AA01B165A033662D0000120000004C0000000052000078410000992F000069F3FFFF82DDFFFF
1785191298067,678A160000000000,AA86AA01,7965A033,662D0000,12000000,4C000000,05520000,83410000,D72F0000,64F3FFFF,87DDFFFF,678A160000000000AA86AA017965A033662D0000120000004C0000000552000083410000D72F000064F3FFFF87DDFFFF
1785191299067,CB8A160000000000,8F86AA01,4165A033,662D0000,12000000,4C000000,08520000,8D410000,14300000,5FF3FFFF,8ADDFFFF,CB8A1600000000008F86AA014165A033662D0000120000004C000000085200008D410000143000005FF3FFFF8ADDFFFF
1785191299067,2F8B160000000000,7386AA01,0965A033,662D0000,12000000,4C000000,0A520000,97410000,52300000,5AF3FFFF,8CDDFFFF,2F8B1600000000007386AA010965A033662D0000120000004C0000000A52000097410000523000005AF3FFFF8CDDFFFF
1785191299067,948B160000000000,5886AA01,D364A033,662D0000,12000000,4C000000,0B520000,A1410000,8D300000,56F3FFFF,8DDDFFFF,948B1600000000005886AA01D364A033662D0000120000004C0000000B520000A14100008D30000056F3FFFF8DDDFFFF
1785191299067,F88B160000000000,3D86AA01,9D64A033,662D0000,12000000,4C000000,09520000,AB410000,C9300000,52F3FFFF,8BDDFFFF,F88B1600000000003D86AA019D64A033662D0000120000004C00000009520000AB410000C930000052F3FFFF8BDDFFFF
1785191299067,5C8C160000000000,2286AA01,6764A033,662D0000,12000000,4C000000,08520000,B5410000,05310000,4EF3FFFF,8ADDFFFF,5C8C1600000000002286AA016764A033662D0000120000004C00000008520000B5410000053100004EF3FFFF8ADDFFFF
1785191299067,C08C160000000000,0786AA01,3164A033,662D0000,12000000,4C000000,0A520000,BF410000,40310000,4BF3FFFF,8CDDFFFF,C08C1600000000000786AA013164A033662D0000120000004C0000000A520000BF410000403100004BF3FFFF8CDDFFFF
1785191299067,248D160000000000,EB85AA01,F863A033,662D0000,12000000,4C000000,11520000,CA410000,7F310000,48F3FFFF,93DDFFFF,248D160000000000EB85AA01F863A033662D0000120000004C00000011520000CA4100007F31000048F3FFFF93DDFFFF
1785191299067,888D160000000000,D185AA01,C363A033,662D0000,12000000,4C000000,1E520000,D3410000,B9310000,44F3FFFF,A0DDFFFF,888D160000000000D185AA01C363A033662D0000120000004C0000001E520000D3410000B931000044F3FFFFA0DDFFFF
1785191299067,EC8D160000000000,B585AA01,8C63A033,662D0000,12000000,4C000000,2F520000,DD410000,F6310000,40F3FFFF,B1DDFFFF,EC8D160000000000B585AA018C63A033662D0000120000004C0000002F520000DD410000F631000040F3FFFFB1DDFFFF
1785191299067,568E160000000000,9A85AA01,5463A033,662D0000,12000000,4C000000,43520000,E7410000,33320000,3DF3FFFF,C5DDFFFF,568E1600000000009A85AA015463A033662D0000120000004C00000043520000E7410000333200003DF3FFFFC5DDFFFF
1785191300067,B58E160000000000,7F85AA01,1D63A033,662D0000,12000000,4C000000,5C520000,F1410000,70320000,39F3FFFF,DEDDFFFF,B58E1600000000007F85AA011D63A033662D0000120000004C0000005C520000F14100007032000039F3FFFFDEDDFFFF
1785191300067,198F160000000000,6585AA01,E662A033,662D0000,12000000,4C000000,6C520000,FA410000,AC320000,35F3FFFF,EEDDFFFF,198F1600000000006585AA01E662A033662D0000120000004C0000006C520000FA410000AC32000035F3FFFFEEDDFFFF
1785191300067,7D8F160000000000,4A85AA01,AE62A033,662D0000,12000000,4C000000,82520000,03420000,E9320000,32F3FFFF,04DEFFFF,7D8F1600000000004A85AA01AE62A033662D0000120000004C0000008252000003420000E932000032F3FFFF04DEFFFF
1785191300067,E18F160000000000,2F85AA01,7662A033,662D0000,12000000,4C000000,92520000,0D420000,27330000,2EF3FFFF,14DEFFFF,E18F1600000000002F85AA017662A033662D0000120000004C000000925200000D420000273300002EF3FFFF14DEFFFF
1785191300067,4590160000000000,1485AA01,3D62A033,662D0000,12000000,4C000000,93520000,16420000,65330000,2AF3FFFF,15DEFFFF,45901600000000001485AA013D62A033662D0000120000004C0000009352000016420000653300002AF3FFFF15DEFFFF
1785191300067,AA90160000000000,F984AA01,0362A033,662D0000,12000000,4C000000,85520000,20420000,A4330000,26F3FFFF,07DEFFFF,AA90160000000000F984AA010362A033662D0000120000004C0000008552000020420000A433000026F3FFFF07DEFFFF
1785191300067,0D91160000000000,DD84AA01,C861A033,662D0000,12000000,4C000000,81520000,29420000,E5330000,22F3FFFF,03DEFFFF,0D91160000000000DD84AA01C861A033662D0000120000004C0000008152000029420000E533000022F3FFFF03DEFFFF
1785191300067,7291160000000000,C284AA01,9061A033,662D0000,12000000,4C000000,78520000,32420000,23340000,1EF3FFFF,FADDFFFF,7291160000000000C284AA019061A033662D0000120000004C0000007852000032420000233400001EF3FFFFFADDFFFF
1785191300067,D691160000000000,A784AA01,5561A033,662D0000,12000000,4C000000,6D520000,3B420000,63340000,1AF3FFFF,EFDDFFFF,D691160000000000A784AA015561A033662D0000120000004C0000006D5200003B420000633400001AF3FFFFEFDDFFFF
1785191300067,3A92160000000000,8B84AA01,1A61A033,662D0000,12000000,4C000000,63520000,44420000,A4340000,17F3FFFF,E5DDFFFF,3A921600000000008B84AA011A61A033662D0000120000004C0000006352000044420000A434000017F3FFFFE5DDFFFF
1785191301067,9E92160000000000,7084AA01,DE60A033,662D0000,12000000,4C000000,5B520000,4D420000,E4340000,13F3FFFF,DDDDFFFF,9E921600000000007084AA01DE60A033662D0000120000004C0000005B5200004D420000E434000013F3FFFFDDDDFFFF
1785191301067,0293160000000000,5584AA01,A460A033,662D0000,12000000,4C000000,4F520000,56420000,24350000,0FF3FFFF,D1DDFFFF,02931600000000005584AA01A460A033662D0000120000004C0000004F52000056420000243500000FF3FFFFD1DDFFFF
1785191301067,6693160000000000,3984AA01,6A60A033,662D0000,12000000,4C000000,3F520000,5F420000,64350000,0BF3FFFF,C1DDFFFF,66931600000000003984AA016A60A033662D0000120000004C0000003F5200005F420000643500000BF3FFFFC1DDFFFF
1785191301067,CB93160000000000,1F84AA01,3060A033,662D0000,12000000,4C000000,31520000,68420000,A3350000,07F3FFFF,B3DDFFFF,CB931600000000001F84AA013060A033662D0000120000004C0000003152000068420000A335000007F3FFFFB3DDFFFF
1785191301067,2F94160000000000,0484AA01,F65FA033,662D0000,12000000,4C000000,26520000,71420000,E2350000,03F3FFFF,A8DDFFFF,2F941600000000000484AA01F65FA033662D0000120000004C0000002652000071420000E235000003F3FFFFA8DDFFFF
1785191301067,9394160000000000,E983AA01,BD5FA033,662D0000,12000000,4C000000,1B520000,7A420000,21360000,FFF2FFFF,9DDDFFFF,9394160000000000E983AA01BD5FA033662D0000120000004C0000001B5200007A42000021360000FFF2FFFF9DDDFFFF
1785191301067,F794160000000000,CE83AA01,835FA033,662D0000,12000000,4C000000,10520000,83420000,60360000,FBF2FFFF,92DDFFFF,F794160000000000CE83AA01835FA033662D0000120000004C000000105200008342000060360000FBF2FFFF92DDFFFF
1785191301067,5B95160000000000,B283AA01,495FA033,662D0000,12000000,4C000000,04520000,8D420000,9F360000,F7F2FFFF,86DDFFFF,5B95160000000000B283AA01495FA033662D0000120000004C000000045200008D4200009F360000F7F2FFFF86DDFFFF
1785191301067,BF95160000000000,9783AA01,0F5FA033,662D0000,12000000,4C000000,F6510000,96420000,DF360000,F3F2FFFF,78DDFFFF,BF951600000000009783AA010F5FA033662D0000120000004C000000F651000096420000DF360000F3F2FFFF78DDFFFF
1785191301067,2396160000000000,7C83AA01,D55EA033,662D0000,12000000,4C000000,F0510000,9F420000,1E370000,EEF2FFFF,72DDFFFF,23961600000000007C83AA01D55EA033662D0000120000004C000000F05100009F4200001E370000EEF2FFFF72DDFFFF
1785191302067,8796160000000000,6083AA01,9B5EA033,662D0000,12000000,4C000000,EC510000,A8420000,5E370000,EAF2FFFF,6EDDFFFF,87961600000000006083AA019B5EA033662D0000120000004C000000EC510000A84200005E370000EAF2FFFF6EDDFFFF
1785191302067,EC96160000000000,4583AA01,605EA033,662D0000,12000000,4C000000,E8510000,B2420000,9E370000,E6F2FFFF,6ADDFFFF,EC961600000000004583AA01605EA033662D0000120000004C000000E8510000B24200009E370000E6F2FFFF6ADDFFFF
1785191302067,5097160000000000,2983AA01,265EA033,662D0000,12000000,4C000000,E8510000,BB420000,DD370000,E2F2FFFF,6ADDFFFF,50971600000000002983AA01265EA033662D0000120000004C000000E8510000BB420000DD370000E2F2FFFF6ADDFFFF
1785191302067,B497160000000000,0E83AA01,EC5DA033,662D0000,12000000,4C000000,EB510000,C5420000,1D380000,DEF2FFFF,6DDDFFFF,B4971600000000000E83AA01EC5DA033662D0000120000004C000000EB510000C54200001D380000DEF2FFFF6DDDFFFF
1785191302067,1898160000000000,F282AA01,B25DA033,662D0000,12000000,4C000000,ED510000,CE420000,5D380000,D9F2FFFF,6FDDFFFF,1898160000000000F282AA01B25DA033662D0000120000004C000000ED510000CE4200005D380000D9F2FFFF6FDDFFFF
1785191302067,7C98160000000000,D782AA01,785DA033,662D0000,12000000,4C000000,F0510000,D7420000,9C380000,D5F2FFFF,72DDFFFF,7C98160000000000D782AA01785DA033662D0000120000004C000000F0510000D74200009C380000D5F2FFFF72DDFFFF
1785191302067,E098160000000000,BB82AA01,3D5DA033,662D0000,12000000,4C000000,F5510000,E1420000,DC380000,D1F2FFFF,77DDFFFF,E098160000000000BB82AA013D5DA033662D0000120000004C000000F5510000E1420000DC380000D1F2FFFF77DDFFFF
1785191302067,4499160000000000,A082AA01,035DA033,662D0000,12000000,4C000000,FA510000,EA420000,1C390000,CDF2FFFF,7CDDFFFF,4499160000000000A082AA01035DA033662D0000120000004C000000FA510000EA4200001C390000CDF2FFFF7CDDFFFF
1785191302067,A899160000000000,8582AA01,C95CA033,662D0000,12000000,4C000000,FE510000,F3420000,5C390000,C9F2FFFF,80DDFFFF,A8991600000000008582AA01C95CA033662D0000120000004C000000FE510000F34200005C390000C9F2FFFF80DDFFFF
1785191302067,0D9A160000000000,6982AA01,8E5CA033,662D0000,12000000,4C000000,01520000,FD420000,9B390000,C5F2FFFF,83DDFFFF,0D9A1600000000006982AA018E5CA033662D0000120000004C00000001520000FD4200009B390000C5F2FFFF83DDFFFF
1785191303067,719A160000000000,4E82AA01,545CA033,662D0000,12000000,4C000000,04520000,06430000,DB390000,C1F2FFFF,86DDFFFF,719A1600000000004E82AA01545CA033662D0000120000004C0000000452000006430000DB390000C1F2FFFF86DDFFFF
1785191303067,D59A160000000000,3282AA01,1A5CA033,662D0000,12000000,4C000000,05520000,0F430000,1B3A0000,BDF2FFFF,87DDFFFF,D59A1600000000003282AA011A5CA033662D0000120000004C000000055200000F4300001B3A0000BDF2FFFF87DDFFFF
1785191303067,399B160000000000,1782AA01,E05BA033,662D0000,12000000,4C000000,08520000,18430000,5B3A0000,B8F2FFFF,8ADDFFFF,399B1600000000001782AA01E05BA033662D0000120000004C00000008520000184300005B3A0000B8F2FFFF8ADDFFFF
1785191303067,9D9B160000000000,FC81AA01,A75BA033,662D0000,12000000,4C000000,0B520000,22430000,993A0000,B4F2FFFF,8DDDFFFF,9D9B160000000000FC81AA01A75BA033662D0000120000004C0000000B52000022430000993A0000B4F2FFFF8DDDFFFF
1785191303067,019C160000000000,E181AA01,6E5BA033,662D0000,12000000,4C000000,0E520000,2B430000,D73A0000,B0F2FFFF,90DDFFFF,019C160000000000E181AA016E5BA033662D0000120000004C0000000E5200002B430000D73A0000B0F2FFFF90DDFFFF
1785191303067,659C160000000000,C681AA01,355BA033,662D0000,12000000,4C000000,0E520000,34430000,153B0000,ACF2FFFF,90DDFFFF,659C160000000000C681AA01355BA033662D0000120000004C0000000E52000034430000153B0000ACF2FFFF90DDFFFF
1785191303067,CA9C160000000000,AC81AA01,FD5AA033,662D0000,12000000,4C000000,0F520000,3D430000,533B0000,A8F2FFFF,91DDFFFF,CA9C160000000000AC81AA01FD5AA033662D0000120000004C0000000F5200003D430000533B0000A8F2FFFF91DDFFFF
1785191303067,2E9D160000000000,9181AA01,C55AA033,662D0000,12000000,4C000000,0F520000,46430000,903B0000,A4F2FFFF,91DDFFFF,2E9D1600000000009181AA01C55AA033662D0000120000004C0000000F52000046430000903B0000A4F2FFFF91DDFFFF
1785191303067,929D160000000000,7781AA01,8D5AA033,662D0000,12000000,4C000000,0E520000,4E430000,CD3B0000,A0F2FFFF,90DDFFFF,929D1600000000007781AA018D5AA033662D0000120000004C0000000E5200004E430000CD3B0000A0F2FFFF90DDFFFF
1785191303067,F69D160000000000,5D81AA01,555AA033,662D0000,12000000,4C000000,0A520000,57430000,0A3C0000,9BF2FFFF,8CDDFFFF,F69D1600000000005D81AA01555AA033662D0000120000004C0000000A520000574300000A3C00009BF2FFFF8CDDFFFF
1785191304067,5A9E160000000000,4481AA01,1E5AA033,662D0000,12000000,4C000000,0A520000,5F430000,463C0000,95F2FFFF,8CDDFFFF,5A9E1600000000004481AA011E5AA033662D0000120000004C0000000A5200005F430000463C000095F2FFFF8CDDFFFF
1785191304067,BE9E160000000000,2B81AA01,E759A033,662D0000,12000000,4C000000,0A520000,67430000,823C0000,8EF2FFFF,8CDDFFFF,BE9E1600000000002B81AA01E759A033662D0000120000004C0000000A52000067430000823C00008EF2FFFF8CDDFFFF
1785191304067,229F160000000000,1281AA01,B059A033,662D0000,12000000,4C000000,0B520000,6F430000,BE3C0000,88F2FFFF,8DDDFFFF,229F1600000000001281AA01B059A033662D0000120000004C0000000B5200006F430000BE3C000088F2FFFF8DDDFFFF
1785191304067,869F160000000000,F980AA01,7959A033,662D0000,12000000,4C000000,0E520000,77430000,F93C0000,82F2FFFF,90DDFFFF,869F160000000000F980AA017959A033662D0000120000004C0000000E52000077430000F93C000082F2FFFF90DDFFFF
1785191304067,EB9F160000000000,E180AA01,4359A033,662D0000,12000000,4C000000,0F520000,7E430000,343D0000,7BF2FFFF,91DDFFFF,EB9F160000000000E180AA014359A033662D0000120000004C0000000F5200007E430000343D00007BF2FFFF91DDFFFF
1785191304067,4FA0160000000000,C980AA01,0C59A033,662D0000,12000000,4C000000,0E520000,85430000,703D0000,75F2FFFF,90DDFFFF,4FA0160000000000C980AA010C59A033662D0000120000004C0000000E52000085430000703D000075F2FFFF90DDFFFF
1785191304067,B3A0160000000000,B280AA01,D558A033,662D0000,12000000,4C000000,0D520000,8B430000,AB3D0000,6FF2FFFF,8FDDFFFF,B3A0160000000000B280AA01D558A033662D0000120000004C0000000D5200008B430000AB3D00006FF2FFFF8FDDFFFF
1785191304067,17A1160000000000,9A80AA01,9E58A033,662D0000,12000000,4C000000,0B520000,92430000,E73D0000,68F2FFFF,8DDDFFFF,17A11600000000009A80AA019E58A033662D0000120000004C0000000B52000092430000E73D000068F2FFFF8DDDFFFF
1785191304067,7BA1160000000000,8280AA01,6758A033,662D0000,12000000,4C000000,06520000,99430000,233E0000,62F2FFFF,88DDFFFF,7BA11600000000008280AA016758A033662D0000120000004C0000000652000099430000233E000062F2FFFF88DDFFFF
1785191304067,DFA1160000000000,6A80AA01,2F58A033,662D0000,12000000,4C000000,00520000,A0430000,5F3E0000,5CF2FFFF,82DDFFFF,DFA11600000000006A80AA012F58A033662D0000120000004C00000000520000A04300005F3E00005CF2FFFF82DDFFFF
1785191305067,44A2160000000000,5280AA01,F757A033,662D0000,12000000,4C000000,F5510000,A6430000,9B3E0000,56F2FFFF,77DDFFFF,44A21600000000005280AA01F757A033662D0000120000004C000000F5510000A64300009B3E000056F2FFFF77DDFFFF
1785191305067,A8A2160000000000,3A80AA01,C057A033,662D0000,12000000,4C000000,E3510000,AD430000,D73E0000,4FF2FFFF,65DDFFFF,A8A21600000000003A80AA01C057A033662D0000120000004C000000E3510000AD430000D73E00004FF2FFFF65DDFFFF
1785191305067,0CA3160000000000,2280AA01,8857A033,662D0000,12000000,4C000000,CC510000,B4430000,143F0000,49F2FFFF,4EDDFFFF,0CA31600000000002280AA018857A033662D0000120000004C000000CC510000B4430000143F000049F2FFFF4EDDFFFF
1785191305067,70A3160000000000,0A80AA01,5057A033,662D0000,12000000,4C000000,B2510000,BA430000,503F0000,42F2FFFF,34DDFFFF,70A31600000000000A80AA015057A033662D0000120000004C000000B2510000BA430000503F000042F2FFFF34DDFFFF
1785191305067,D4A3160000000000,F27FAA01,1757A033,662D0000,12000000,4C000000,96510000,C1430000,8E3F0000,3CF2FFFF,18DDFFFF,D4A3160000000000F27FAA011757A033662D0000120000004C00000096510000C14300008E3F00003CF2FFFF18DDFFFF
1785191305067,38A4160000000000,D87FAA01,DC56A033,662D0000,12000000,4C000000,7B510000,C8430000,CE3F0000,35F2FFFF,FDDCFFFF,38A4160000000000D87FAA01DC56A033662D0000120000004C0000007B510000C8430000CE3F000035F2FFFFFDDCFFFF
1785191305067,9CA4160000000000,C07FAA01,A456A033,662D0000,12000000,4C000000,63510000,CF430000,0B400000,2FF2FFFF,E5DCFFFF,9CA4160000000000C07FAA01A456A033662D0000120000004C00000063510000CF4300000B4000002FF2FFFFE5DCFFFF
1785191305067,00A5160000000000,A87FAA01,6B56A033,662D0000,12000000,4C000000,54510000,D6430000,48400000,29F2FFFF,D6DCFFFF,00A5160000000000A87FAA016B56A033662D0000120000004C00000054510000D64300004840000029F2FFFFD6DCFFFF
1785191305067,65A5160000000000,8F7FAA01,3156A033,662D0000,12000000,4C000000,4D510000,DD430000,87400000,24F2FFFF,CFDCFFFF,65A51600000000008F7FAA013156A033662D0000120000004C0000004D510000DD4300008740000024F2FFFFCFDCFFFF
1785191305067,C9A5160000000000,767FAA01,F755A033,662D0000,12000000,4C000000,4E510000,E4430000,C5400000,1DF2FFFF,D0DCFFFF,C9A5160000000000767FAA01F755A033662D0000120000004C0000004E510000E4430000C54000001DF2FFFFD0DCFFFF
1785191306067,2DA6160000000000,5D7FAA01,BD55A033,662D0000,12000000,4C000000,4C510000,EB430000,04410000,18F2FFFF,CEDCFFFF,2DA61600000000005D7FAA01BD55A033662D0000120000004C0000004C510000EB4300000441000018F2FFFFCEDCFFFF
1785191306067,91A6160000000000,447FAA01,8455A033,662D0000,12000000,4C000000,49510000,F2430000,42410000,12F2FFFF,CBDCFFFF,91A6160000000000447FAA018455A033662D0000120000004C00000049510000F24300004241000012F2FFFFCBDCFFFF
1785191306067,F5A6160000000000,2B7FAA01,4A55A033,662D0000,12000000,4C000000,46510000,FA430000,81410000,0CF2FFFF,C8DCFFFF,F5A61600000000002B7FAA014A55A033662D0000120000004C00000046510000FA430000814100000CF2FFFFC8DCFFFF
1785191306067,59A7160000000000,127FAA01,1155A033,662D0000,12000000,4C000000,44510000,01440000,BF410000,06F2FFFF,C6DCFFFF,59A7160000000000127FAA011155A033662D0000120000004C0000004451000001440000BF41000006F2FFFFC6DCFFFF
1785191306067,BDA7160000000000,F97EAA01,D854A033,662D0000,12000000,4C000000,41510000,08440000,FC410000,00F2FFFF,C3DCFFFF,BDA7160000000000F97EAA01D854A033662D0000120000004C0000004151000008440000FC41000000F2FFFFC3DCFFFF
1785191306067,21A8160000000000,DF7EAA01,9D54A033,662D0000,12000000,4C000000,40510000,10440000,3C420000,FAF1FFFF,C2DCFFFF,21A8160000000000DF7EAA019D54A033662D0000120000004C00000040510000104400003C420000FAF1FFFFC2DCFFFF
1785191306067,86A8160000000000,C77EAA01,6654A033,662D0000,12000000,4C000000,40510000,17440000,78420000,F4F1FFFF,C2DCFFFF,86A8160000000000C77EAA016654A033662D0000120000004C000000405100001744000078420000F4F1FFFFC2DCFFFF
1785191306067,EAA8160000000000,AE7EAA01,2E54A033,662D0000,12000000,4C000000,42510000,1E440000,B5420000,EEF1FFFF,C4DCFFFF,EAA8160000000000AE7EAA012E54A033662D0000120000004C000000425100001E440000B5420000EEF1FFFFC4DCFFFF
1785191306067,4EA9160000000000,957EAA01,F653A033,662D0000,12000000,4C000000,47510000,26440000,F2420000,E8F1FFFF,C9DCFFFF,4EA9160000000000957EAA01F653A033662D0000120000004C0000004751000026440000F2420000E8F1FFFFC9DCFFFF
1785191306067,B2A9160000000000,7B7EAA01,BD53A033,662D0000,12000000,4C000000,4E510000,2E440000,30430000,E2F1FFFF,D0DCFFFF,B2A91600000000007B7EAA01BD53A033662D0000120000004C0000004E5100002E44000030430000E2F1FFFFD0DCFFFF
1785191307067,16AA160000000000,627EAA01,8453A033,662D0000,12000000,4C000000,53510000,36440000,6D430000,DDF1FFFF,D5DCFFFF,16AA160000000000627EAA018453A033662D0000120000004C00000053510000364400006D430000DDF1FFFFD5DCFFFF
1785191307067,7AAA160000000000,497EAA01,4C53A033,662D0000,12000000,4C000000,59510000,3D440000,AB430000,D7F1FFFF,DBDCFFFF,7AAA160000000000497EAA014C53A033662D0000120000004C000000595100003D440000AB430000D7F1FFFFDBDCFFFF
1785191307067,DEAA160000000000,2F7EAA01,1353A033,662D0000,12000000,4C000000,5D510000,45440000,E9430000,D1F1FFFF,DFDCFFFF,DEAA1600000000002F7EAA011353A033662D0000120000004C0000005D51000045440000E9430000D1F1FFFFDFDCFFFF
1785191307067,43AB160000000000,167EAA01,DA52A033,662D0000,12000000,4C000000,63510000,4D440000,26440000,CCF1FFFF,E5DCFFFF,43AB160000000000167EAA01DA52A033662D0000120000004C000000635100004D44000026440000CCF1FFFFE5DCFFFF
1785191307067,A7AB160000000000,E27DAA01,6952A033,662D0000,12000000,4C000000,69510000,5D440000,A2440000,C0F1FFFF,EBDCFFFF,A7AB160000000000E27DAA016952A033662D0000120000004C000000695100005D440000A2440000C0F1FFFFEBDCFFFF
1785191307067,0BAC160000000000,E27DAA01,6952A033,662D0000,12000000,4C000000,6D510000,5D440000,A2440000,C0F1FFFF,EFDCFFFF,0BAC160000000000E27DAA016952A033662D0000120000004C0000006D5100005D440000A2440000C0F1FFFFEFDCFFFF
1785191307067,6FAC160000000000,AF7DAA01,F851A033,662D0000,12000000,4C000000,73510000,6D440000,1D450000,B5F1FFFF,F5DCFFFF,6FAC160000000000AF7DAA01F851A033662D0000120000004C000000735100006D4400001D450000B5F1FFFFF5DCFFFF
1785191307067,D3AC160000000000,967DAA01,BF51A033,662D0000,12000000,4C000000,7C510000,75440000,5A450000,B0F1FFFF,FEDCFFFF,D3AC160000000000967DAA01BF51A033662D0000120000004C0000007C510000754400005A450000B0F1FFFFFEDCFFFF
1785191307067,37AD160000000000,7C7DAA01,8751A033,662D0000,12000000,4C000000,84510000,7D440000,98450000,AAF1FFFF,06DDFFFF,37AD1600000000007C7DAA018751A033662D0000120000004C000000845100007D44000098450000AAF1FFFF06DDFFFF
1785191307067,9BAD160000000000,627DAA01,4E51A033,662D0000,12000000,4C000000,8C510000,86440000,D5450000,A4F1FFFF,0EDDFFFF,9BAD160000000000627DAA014E51A033662D0000120000004C0000008C51000086440000D5450000A4F1FFFF0EDDFFFF
1785191308067,FFAD160000000000,487DAA01,1551A033,662D0000,12000000,4C000000,95510000,8E440000,13460000,9EF1FFFF,17DDFFFF,FFAD160000000000487DAA011551A033662D0000120000004C000000955100008E440000134600009EF1FFFF17DDFFFF
1785191308067,64AE160000000000,2F7DAA01,DD50A033,662D0000,12000000,4C000000,9C510000,96440000,51460000,98F1FFFF,1EDDFFFF,64AE1600000000002F7DAA01DD50A033662D0000120000004C0000009C510000964400005146000098F1FFFF1EDDFFFF
1785191308067,C8AE160000000000,2F7DAA01,DD50A033,662D0000,12000000,4C000000,A1510000,96440000,51460000,98F1FFFF,23DDFFFF,C8AE1600000000002F7DAA01DD50A033662D0000120000004C000000A1510000964400005146000098F1FFFF23DDFFFF
1785191308067,2CAF160000000000,FB7CAA01,6C50A033,662D0000,12000000,4C000000,A7510000,A6440000,CC460000,8DF1FFFF,29DDFFFF,2CAF160000000000FB7CAA016C50A033662D0000120000004C000000A7510000A6440000CC4600008DF1FFFF29DDFFFF
1785191308067,90AF160000000000,E17CAA01,3350A033,662D0000,12000000,4C000000,AD510000,AF440000,0A470000,87F1FFFF,2FDDFFFF,90AF160000000000E17CAA013350A033662D0000120000004C000000AD510000AF4400000A47000087F1FFFF2FDDFFFF
1785191308067,F4AF160000000000,C77CAA01,FB4FA033,662D0000,12000000,4C000000,B2510000,B7440000,47470000,81F1FFFF,34DDFFFF,F4AF160000000000C77CAA01FB4FA033662D0000120000004C000000B2510000B74400004747000081F1FFFF34DDFFFF
1785191308067,58B0160000000000,AE7CAA01,C34FA033,662D0000,12000000,4C000000,B4510000,BF440000,84470000,7CF1FFFF,36DDFFFF,58B0160000000000AE7CAA01C34FA033662D0000120000004C000000B4510000BF440000844700007CF1FFFF36DDFFFF
1785191308067,BDB0160000000000,947CAA01,8C4FA033,662D0000,12000000,4C000000,B7510000,C7440000,C0470000,76F1FFFF,39DDFFFF,BDB0160000000000947CAA018C4FA033662D0000120000004C000000B7510000C7440000C047000076F1FFFF39DDFFFF
1785191308067,21B1160000000000,7B7CAA01,544FA033,662D0000,12000000,4C000000,B8510000,CF440000,FD470000,71F1FFFF,3ADDFFFF,21B11600000000007B7CAA01544FA033662D0000120000004C000000B8510000CF440000FD47000071F1FFFF3ADDFFFF
1785191308067,85B1160000000000,637CAA01,1F4FA033,662D0000,12000000,4C000000,B9510000,D7440000,37480000,6CF1FFFF,3BDDFFFF,85B1160000000000637CAA011F4FA033662D0000120000004C000000B9510000D7440000374800006CF1FFFF3BDDFFFF
1785191309067,E9B1160000000000,4A7CAA01,E94EA033,662D0000,12000000,4C000000,BE510000,DF440000,71480000,66F1FFFF,40DDFFFF,E9B11600000000004A7CAA01E94EA033662D0000120000004C000000BE510000DF4400007148000066F1FFFF40DDFFFF
1785191309067,4DB2160000000000,317CAA01,B34EA033,662D0000,12000000,4C000000,C1510000,E7440000,AD480000,61F1FFFF,43DDFFFF,4DB2160000000000317CAA01B34EA033662D0000120000004C000000C1510000E7440000AD48000061F1FFFF43DDFFFF
1785191309067,B1B2160000000000,187CAA01,7C4EA033,662D0000,12000000,4C000000,C4510000,EF440000,E9480000,5BF1FFFF,46DDFFFF,B1B2160000000000187CAA017C4EA033662D0000120000004C000000C4510000EF440000E94800005BF1FFFF46DDFFFF
1785191309067,15B3160000000000,007CAA01,474EA033,662D0000,12000000,4C000000,C7510000,F7440000,22490000,56F1FFFF,49DDFFFF,15B3160000000000007CAA01474EA033662D0000120000004C000000C7510000F74400002249000056F1FFFF49DDFFFF
1785191309067,79B3160000000000,E87BAA01,124EA033,662D0000,12000000,4C000000,C8510000,FF440000,5C490000,50F1FFFF,4ADDFFFF,79B3160000000000E87BAA01124EA033662D0000120000004C000000C8510000FF4400005C49000050F1FFFF4ADDFFFF
1785191309067,DEB3160000000000,CF7BAA01,DD4DA033,662D0000,12000000,4C000000,CA510000,07450000,96490000,4BF1FFFF,4CDDFFFF,DEB3160000000000CF7BAA01DD4DA033662D0000120000004C000000CA51000007450000964900004BF1FFFF4CDDFFFF
1785191309067,42B4160000000000,B77BAA01,A94DA033,662D0000,12000000,4C000000,CD510000,0E450000,CE490000,45F1FFFF,4FDDFFFF,42B4160000000000B77BAA01A94DA033662D0000120000004C000000CD5100000E450000CE49000045F1FFFF4FDDFFFF
1785191309067,A6B4160000000000,A07BAA01,764DA033,662D0000,12000000,4C000000,CE510000,16450000,074A0000,40F1FFFF,50DDFFFF,A6B4160000000000A07BAA01764DA033662D0000120000004C000000CE51000016450000074A000040F1FFFF50DDFFFF
1785191309067,0AB5160000000000,887BAA01,414DA033,662D0000,12000000,4C000000,D0510000,1E450000,404A0000,3BF1FFFF,52DDFFFF,0AB5160000000000887BAA01414DA033662D0000120000004C000000D05100001E450000404A00003BF1FFFF52DDFFFF
1785191309067,6EB5160000000000,707BAA01,0E4DA033,662D0000,12000000,4C000000,D1510000,25450000,774A0000,35F1FFFF,53DDFFFF,6EB5160000000000707BAA010E4DA033662D0000120000004C000000D151000025450000774A000035F1FFFF53DDFFFF
1785191310067,D2B5160000000000,597BAA01,DB4CA033,662D0000,12000000,4C000000,D0510000,2D450000,AF4A0000,30F1FFFF,52DDFFFF,D2B5160000000000597BAA01DB4CA033662D0000120000004C000000D05100002D450000AF4A000030F1FFFF52DDFFFF
1785191310067,36B6160000000000,417BAA01,A84CA033,662D0000,12000000,4C000000,D1510000,35450000,E64A0000,2BF1FFFF,53DDFFFF,36B6160000000000417BAA01A84CA033662D0000120000004C000000D151000035450000E64A00002BF1FFFF53DDFFFF
1785191310067,9AB6160000000000,2A7BAA01,754CA033,662D0000,12000000,4C000000,D3510000,3C450000,1E4B0000,26F1FFFF,55DDFFFF,9AB61600000000002A7BAA01754CA033662D0000120000004C000000D35100003C4500001E4B000026F1FFFF55DDFFFF
1785191310067,FFB6160000000000,137BAA01,444CA033,662D0000,12000000,4C000000,D1510000,44450000,534B0000,21F1FFFF,53DDFFFF,FFB6160000000000137BAA01444CA033662D0000120000004C000000D151000044450000534B000021F1FFFF53DDFFFF
1785191310067,63B7160000000000,FD7AAA01,144CA033,662D0000,12000000,4C000000,D0510000,4B450000,894B0000,1DF1FFFF,52DDFFFF,63B7160000000000FD7AAA01144CA033662D0000120000004C000000D05100004B450000894B00001DF1FFFF52DDFFFF
1785191310067,C7B7160000000000,E67AAA01,E34BA033,662D0000,12000000,4C000000,D0510000,52450000,BE4B0000,18F1FFFF,52DDFFFF,C7B7160000000000E67AAA01E34BA033662D0000120000004C000000D051000052450000BE4B000018F1FFFF52DDFFFF
1785191310067,2BB8160000000000,D07AAA01,B24BA033,662D0000,12000000,4C000000,D0510000,5A450000,F34B0000,14F1FFFF,52DDFFFF,2BB8160000000000D07AAA01B24BA033662D0000120000004C000000D05100005A450000F34B000014F1FFFF52DDFFFF
1785191310067,8FB8160000000000,B97AAA01,804BA033,662D0000,12000000,4C000000,D0510000,61450000,294C0000,0FF1FFFF,52DDFFFF,8FB8160000000000B97AAA01804BA033662D0000120000004C000000D051000061450000294C00000FF1FFFF52DDFFFF
1785191310067,F3B8160000000000,A27AAA01,4E4BA033,662D0000,12000000,4C000000,D3510000,69450000,604C0000,0BF1FFFF,55DDFFFF,F3B8160000000000A27AAA014E4BA033662D0000120000004C000000D351000069450000604C00000BF1FFFF55DDFFFF
1785191310067,57B9160000000000,8B7AAA01,1C4BA033,662D0000,12000000,4C000000,D3510000,70450000,964C0000,06F1FFFF,55DDFFFF,57B91600000000008B7AAA011C4BA033662D0000120000004C000000D351000070450000964C000006F1FFFF55DDFFFF
1785191311067,BCB9160000000000,737AAA01,EA4AA033,662D0000,12000000,4C000000,D5510000,78450000,CE4C0000,02F1FFFF,57DDFFFF,BCB9160000000000737AAA01EA4AA033662D0000120000004C000000D551000078450000CE4C000002F1FFFF57DDFFFF
1785191311067,20BA160000000000,5C7AAA01,B74AA033,662D0000,12000000,4C000000,D5510000,80450000,054D0000,FDF0FFFF,57DDFFFF,20BA1600000000005C7AAA01B74AA033662D0000120000004C000000D551000080450000054D0000FDF0FFFF57DDFFFF
1785191311067,84BA160000000000,447AAA01,854AA033,662D0000,12000000,4C000000,D7510000,87450000,3C4D0000,F8F0FFFF,59DDFFFF,84BA160000000000447AAA01854AA033662D0000120000004C000000D7510000874500003C4D0000F8F0FFFF59DDFFFF
1785191311067,E8BA160000000000,2D7AAA01,524AA033,662D0000,12000000,4C000000,DA510000,8F450000,734D0000,F4F0FFFF,5CDDFFFF,E8BA1600000000002D7AAA01524AA033662D0000120000004C000000DA5100008F450000734D0000F4F0FFFF5CDDFFFF
1785191311067,4CBB160000000000,157AAA01,1F4AA033,662D0000,12000000,4C000000,DE510000,97450000,AB4D0000,EFF0FFFF,60DDFFFF,4CBB160000000000157AAA011F4AA033662D0000120000004C000000DE51000097450000AB4D0000EFF0FFFF60DDFFFF
1785191311067,B0BB160000000000,FD79AA01,EB49A033,662D0000,12000000,4C000000,E2510000,9F450000,E44D0000,EAF0FFFF,64DDFFFF,B0BB160000000000FD79AA01EB49A033662D0000120000004C000000E25100009F450000E44D0000EAF0FFFF64DDFFFF
1785191311067,14BC160000000000,E579AA01,B849A033,662D0000,12000000,4C000000,E7510000,A7450000,1C4E0000,E5F0FFFF,69DDFFFF,14BC160000000000E579AA01B849A033662D0000120000004C000000E7510000A74500001C4E0000E5F0FFFF69DDFFFF
1785191311067,78BC160000000000,CD79AA01,8449A033,662D0000,12000000,4C000000,EB510000,AF450000,544E0000,E1F0FFFF,6DDDFFFF,78BC160000000000CD79AA018449A033662D0000120000004C000000EB510000AF450000544E0000E1F0FFFF6DDDFFFF
1785191311067,DDBC160000000000,B579AA01,5149A033,662D0000,12000000,4C000000,EB510000,B7450000,8B4E0000,DCF0FFFF,6DDDFFFF,DDBC160000000000B579AA015149A033662D0000120000004C000000EB510000B74500008B4E0000DCF0FFFF6DDDFFFF
1785191311067,41BD160000000000,9E79AA01,1F49A033,662D0000,12000000,4C000000,ED510000,BE450000,C34E0000,D8F0FFFF,6FDDFFFF,41BD1600000000009E79AA011F49A033662D0000120000004C000000ED510000BE450000C34E0000D8F0FFFF6FDDFFFF
1785191312067,A5BD160000000000,8679AA01,ED48A033,662D0000,12000000,4C000000,EE510000,C6450000,FA4E0000,D4F0FFFF,70DDFFFF,A5BD1600000000008679AA01ED48A033662D0000120000004C000000EE510000C6450000FA4E0000D4F0FFFF70DDFFFF
1785191312067,0ABE160000000000,7079AA01,BC48A033,662D0000,12000000,4C000000,EF510000,CE450000,2E4F0000,D1F0FFFF,71DDFFFF,0ABE1600000000007079AA01BC48A033662D0000120000004C000000EF510000CE4500002E4F0000D1F0FFFF71DDFFFF
1785191312067,6DBE160000000000,5979AA01,8C48A033,662D0000,12000000,4C000000,F0510000,D5450000,634F0000,CFF0FFFF,72DDFFFF,6DBE1600000000005979AA018C48A033662D0000120000004C000000F0510000D5450000634F0000CFF0FFFF72DDFFFF
1785191312067,D1BE160000000000,4379AA01,5C48A033,662D0000,12000000,4C000000,F0510000,DD450000,984F0000,CCF0FFFF,72DDFFFF,D1BE1600000000004379AA015C48A033662D0000120000004C000000F0510000DD450000984F0000CCF0FFFF72DDFFFF
1785191312067,35BF160000000000,2D79AA01,2E48A033,662D0000,12000000,4C000000,F3510000,E4450000,CA4F0000,C9F0FFFF,75DDFFFF,35BF1600000000002D79AA012E48A033662D0000120000004C000000F3510000E4450000CA4F0000C9F0FFFF75DDFFFF
1785191312067,9ABF160000000000,1879AA01,FF47A033,662D0000,12000000,4C000000,F3510000,EB450000,FD4F0000,C6F0FFFF,75DDFFFF,9ABF1600000000001879AA01FF47A033662D0000120000004C000000F3510000EB450000FD4F0000C6F0FFFF75DDFFFF
1785191312067,FEBF160000000000,0279AA01,D147A033,662D0000,12000000,4C000000,F3510000,F2450000,2F500000,C4F0FFFF,75DDFFFF,FEBF1600000000000279AA01D147A033662D0000120000004C000000F3510000F24500002F500000C4F0FFFF75DDFFFF
1785191312067,62C0160000000000,ED78AA01,A347A033,662D0000,12000000,4C000000,F4510000,FA450000,61500000,C1F0FFFF,76DDFFFF,62C0160000000000ED78AA01A347A033662D0000120000004C000000F4510000FA45000061500000C1F0FFFF76DDFFFF
1785191312067,C6C0160000000000,D878AA01,7747A033,662D0000,12000000,4C000000,F6510000,01460000,92500000,BEF0FFFF,78DDFFFF,C6C0160000000000D878AA017747A033662D0000120000004C000000F65100000146000092500000BEF0FFFF78DDFFFF
1785191312067,2AC1160000000000,C378AA01,4C47A033,662D0000,12000000,4C000000,F5510000,08460000,C1500000,BBF0FFFF,77DDFFFF,2AC1160000000000C378AA014C47A033662D0000120000004C000000F551000008460000C1500000BBF0FFFF77DDFFFF
1785191313067,8EC1160000000000,AE78AA01,2047A033,662D0000,12000000,4C000000,F6510000,0F460000,F1500000,B9F0FFFF,78DDFFFF,8EC1160000000000AE78AA012047A033662D0000120000004C000000F65100000F460000F1500000B9F0FFFF78DDFFFF
1785191313067,F2C1160000000000,9978AA01,F546A033,662D0000,12000000,4C000000,FB510000,17460000,20510000,B6F0FFFF,7DDDFFFF,F2C11600000000009978AA01F546A033662D0000120000004C000000FB5100001746000020510000B6F0FFFF7DDDFFFF
1785191313067,58C2160000000000,8578AA01,CC46A033,662D0000,12000000,4C000000,FD510000,1E460000,4E510000,B3F0FFFF,7FDDFFFF,58C21600000000008578AA01CC46A033662D0000120000004C000000FD5100001E4600004E510000B3F0FFFF7FDDFFFF
1785191313067,BBC2160000000000,7278AA01,A446A033,662D0000,12000000,4C000000,FE510000,25460000,7A510000,B0F0FFFF,80DDFFFF,BBC21600000000007278AA01A446A033662D0000120000004C000000FE510000254600007A510000B0F0FFFF80DDFFFF
1785191313067,1FC3160000000000,5E78AA01,7B46A033,662D0000,12000000,4C000000,FF510000,2D460000,A6510000,ADF0FFFF,81DDFFFF,1FC31600000000005E78AA017B46A033662D0000120000004C000000FF5100002D460000A6510000ADF0FFFF81DDFFFF
1785191313067,83C3160000000000,4A78AA01,5546A033,662D0000,12000000,4C000000,FE510000,34460000,D0510000,ABF0FFFF,80DDFFFF,83C31600000000004A78AA015546A033662D0000120000004C000000FE51000034460000D0510000ABF0FFFF80DDFFFF
1785191313067,E7C3160000000000,3778AA01,3046A033,662D0000,12000000,4C000000,FD510000,3B460000,FA510000,A8F0FFFF,7FDDFFFF,E7C31600000000003778AA013046A033662D0000120000004C000000FD5100003B460000FA510000A8F0FFFF7FDDFFFF
1785191313067,4BC4160000000000,2478AA01,0A46A033,662D0000,12000000,4C000000,00520000,43460000,23520000,A5F0FFFF,82DDFFFF,4BC41600000000002478AA010A46A033662D0000120000004C000000005200004346000023520000A5F0FFFF82DDFFFF
1785191313067,AFC4160000000000,1078AA01,E545A033,662D0000,12000000,4C000000,0A520000,4B460000,4D520000,A2F0FFFF,8CDDFFFF,AFC41600000000001078AA01E545A033662D0000120000004C0000000A5200004B4600004D520000A2F0FFFF8CDDFFFF
1785191313067,13C5160000000000,FC77AA01,C145A033,662D0000,12000000,4C000000,15520000,54460000,75520000,A0F0FFFF,97DDFFFF,13C5160000000000FC77AA01C145A033662D0000120000004C000000155200005446000075520000A0F0FFFF97DDFFFF
1785191314067,78C5160000000000,E777AA01,9C45A033,662D0000,12000000,4C000000,1E520000,5D460000,9E520000,9DF0FFFF,A0DDFFFF,78C5160000000000E777AA019C45A033662D0000120000004C0000001E5200005D4600009E5200009DF0FFFFA0DDFFFF
1785191314067,DCC5160000000000,D277AA01,7845A033,662D0000,12000000,4C000000,2B520000,66460000,C7520000,9AF0FFFF,ADDDFFFF,DCC5160000000000D277AA017845A033662D0000120000004C0000002B52000066460000C75200009AF0FFFFADDDFFFF
1785191314067,40C6160000000000,BF77AA01,5745A033,662D0000,12000000,4C000000,39520000,70460000,EC520000,97F0FFFF,BBDDFFFF,40C6160000000000BF77AA015745A033662D0000120000004C0000003952000070460000EC52000097F0FFFFBBDDFFFF
1785191314067,A4C6160000000000,A977AA01,3545A033,662D0000,12000000,4C000000,49520000,7A460000,12530000,94F0FFFF,CBDDFFFF,A4C6160000000000A977AA013545A033662D0000120000004C000000495200007A4600001253000094F0FFFFCBDDFFFF
1785191314067,08C7160000000000,9377AA01,1345A033,662D0000,12000000,4C000000,5C520000,85460000,3A530000,92F0FFFF,DEDDFFFF,08C71600000000009377AA011345A033662D0000120000004C0000005C520000854600003A53000092F0FFFFDEDDFFFF
1785191314067,6CC7160000000000,7B77AA01,EF44A033,662D0000,12000000,4C000000,72520000,92460000,63530000,8FF0FFFF,F4DDFFFF,6CC71600000000007B77AA01EF44A033662D0000120000004C0000007252000092460000635300008FF0FFFFF4DDFFFF
1785191314067,D0C7160000000000,6377AA01,CD44A033,662D0000,12000000,4C000000,8B520000,9F460000,8B530000,8CF0FFFF,0DDEFFFF,D0C71600000000006377AA01CD44A033662D0000120000004C0000008B5200009F4600008B5300008CF0FFFF0DDEFFFF
1785191314067,35C8160000000000,4A77AA01,AB44A033,662D0000,12000000,4C000000,A9520000,AD460000,B2530000,89F0FFFF,2BDEFFFF,35C81600000000004A77AA01AB44A033662D0000120000004C000000A9520000AD460000B253000089F0FFFF2BDEFFFF
1785191314067,99C8160000000000,3177AA01,8B44A033,662D0000,12000000,4C000000,D2520000,BB460000,D9530000,86F0FFFF,54DEFFFF,99C81600000000003177AA018B44A033662D0000120000004C000000D2520000BB460000D953000086F0FFFF54DEFFFF
1785191314067,FDC8160000000000,1877AA01,6B44A033,662D0000,12000000,4C000000,FF520000,CB460000,FF530000,83F0FFFF,81DEFFFF,FDC81600000000001877AA016B44A033662D0000120000004C000000FF520000CB460000FF53000083F0FFFF81DEFFFF
1785191315067,61C9160000000000,FD76AA01,4B44A033,662D0000,12000000,4C000000,2E530000,DB460000,24540000,80F0FFFF,B0DEFFFF,61C9160000000000FD76AA014B44A033662D0000120000004C0000002E530000DB4600002454000080F0FFFFB0DEFFFF
1785191315067,C5C9160000000000,E176AA01,2C44A033,662D0000,12000000,4C000000,67530000,EC460000,4A540000,7DF0FFFF,E9DEFFFF,C5C9160000000000E176AA012C44A033662D0000120000004C00000067530000EC4600004A5400007DF0FFFFE9DEFFFF
1785191315067,29CA160000000000,C476AA01,0D44A033,662D0000,12000000,4C000000,AB530000,FF460000,71540000,7AF0FFFF,2DDFFFFF,29CA160000000000C476AA010D44A033662D0000120000004C000000AB530000FF460000715400007AF0FFFF2DDFFFFF
1785191315067,8DCA160000000000,A676AA01,EE43A033,662D0000,12000000,4C000000,F8530000,13470000,97540000,76F0FFFF,7ADFFFFF,8DCA160000000000A676AA01EE43A033662D0000120000004C000000F8530000134700009754000076F0FFFF7ADFFFFF
1785191315067,F1CA160000000000,8776AA01,D043A033,662D0000,12000000,4C000000,4F540000,28470000,BD540000,73F0FFFF,D1DFFFFF,F1CA1600000000008776AA01D043A033662D0000120000004C0000004F54000028470000BD54000073F0FFFFD1DFFFFF
1785191315067,56CB160000000000,6676AA01,B343A033,662D0000,12000000,4C000000,AD540000,3F470000,E2540000,70F0FFFF,2FE0FFFF,56CB1600000000006676AA01B343A033662D0000120000004C000000AD5400003F470000E254000070F0FFFF2FE0FFFF
1785191315067,BACB160000000000,4676AA01,9943A033,662D0000,12000000,4C000000,0F550000,56470000,05550000,6DF0FFFF,91E0FFFF,BACB1600000000004676AA019943A033662D0000120000004C0000000F55000056470000055500006DF0FFFF91E0FFFF
1785191315067,1ECC160000000000,2476AA01,7E43A033,662D0000,12000000,4C000000,75550000,6F470000,29550000,69F0FFFF,F7E0FFFF,1ECC1600000000002476AA017E43A033662D0000120000004C000000755500006F4700002955000069F0FFFFF7E0FFFF
1785191315067,82CC160000000000,0176AA01,6443A033,662D0000,12000000,4C000000,E7550000,89470000,4C550000,66F0FFFF,69E1FFFF,82CC1600000000000176AA016443A033662D0000120000004C000000E7550000894700004C55000066F0FFFF69E1FFFF
1785191315067,E6CC160000000000,DD75AA01,4B43A033,662D0000,12000000,4C000000,5E560000,A4470000,6E550000,63F0FFFF,E0E1FFFF,E6CC160000000000DD75AA014B43A033662D0000120000004C0000005E560000A44700006E55000063F0FFFFE0E1FFFF
1785191316067,4ACD160000000000,B775AA01,3343A033,662D0000,12000000,4C000000,D5560000,C1470000,90550000,5FF0FFFF,57E2FFFF,4ACD160000000000B775AA013343A033662D0000120000004C000000D5560000C1470000905500005FF0FFFF57E2FFFF
1785191316067,AECD160000000000,9075AA01,1D43A033,662D0000,12000000,4C000000,4F570000,E0470000,B0550000,5CF0FFFF,D1E2FFFF,AECD1600000000009075AA011D43A033662D0000120000004C0000004F570000E0470000B05500005CF0FFFFD1E2FFFF
1785191316067,13CE160000000000,6875AA01,0843A033,662D0000,12000000,4C000000,CC570000,00480000,D0550000,59F0FFFF,4EE3FFFF,13CE1600000000006875AA010843A033662D0000120000004C000000CC57000000480000D055000059F0FFFF4EE3FFFF
1785191316067,77CE160000000000,3F75AA01,F442A033,662D0000,12000000,4C000000,5A580000,21480000,EE550000,56F0FFFF,DCE3FFFF,77CE1600000000003F75AA01F442A033662D0000120000004C0000005A58000021480000EE55000056F0FFFFDCE3FFFF
1785191316067,DBCE160000000000,1575AA01,E342A033,662D0000,12000000,4C000000,EB580000,45480000,0C560000,52F0FFFF,6DE4FFFF,DBCE1600000000001575AA01E342A033662D0000120000004C000000EB580000454800000C56000052F0FFFF6DE4FFFF
1785191316067,3FCF160000000000,EB74AA01,D242A033,662D0000,12000000,4C000000,84590000,69480000,27560000,4FF0FFFF,06E5FFFF,3FCF160000000000EB74AA01D242A033662D0000120000004C0000008459000069480000275600004FF0FFFF06E5FFFF
1785191316067,A3CF160000000000,BF74AA01,C442A033,662D0000,12000000,4C000000,265A0000,8E480000,42560000,4CF0FFFF,A8E5FFFF,A3CF160000000000BF74AA01C442A033662D0000120000004C000000265A00008E480000425600004CF0FFFFA8E5FFFF
1785191316067,07D0160000000000,9474AA01,B842A033,662D0000,12000000,4C000000,D65A0000,B4480000,5A560000,48F0FFFF,58E6FFFF,07D01600000000009474AA01B842A033662D0000120000004C000000D65A0000B44800005A56000048F0FFFF58E6FFFF
1785191316067,6BD0160000000000,6874AA01,AD42A033,662D0000,12000000,4C000000,895B0000,DB480000,71560000,45F0FFFF,0BE7FFFF,6BD01600000000006874AA01AD42A033662D0000120000004C000000895B0000DB4800007156000045F0FFFF0BE7FFFF
1785191316067,D0D0160000000000,3B74AA01,A442A033,662D0000,12000000,4C000000,375C0000,03490000,87560000,42F0FFFF,B9E7FFFF,D0D01600000000003B74AA01A442A033662D0000120000004C000000375C0000034900008756000042F0FFFFB9E7FFFF
1785191317067,34D1160000000000,0F74AA01,9D42A033,662D0000,12000000,4C000000,EB5C0000,2B490000,9B560000,3EF0FFFF,6DE8FFFF,34D11600000000000F74AA019D42A033662D0000120000004C000000EB5C00002B4900009B5600003EF0FFFF6DE8FFFF
1785191317067,98D1160000000000,E073AA01,9742A033,662D0000,12000000,4C000000,AB5D0000,56490000,AE560000,3BF0FFFF,2DE9FFFF,98D1160000000000E073AA019742A033662D0000120000004C000000AB5D000056490000AE5600003BF0FFFF2DE9FFFF
1785191317067,FCD1160000000000,B173AA01,9242A033,662D0000,12000000,4C000000,795E0000,82490000,C0560000,37F0FFFF,FBE9FFFF,FCD1160000000000B173AA019242A033662D0000120000004C000000795E000082490000C056000037F0FFFFFBE9FFFF
1785191317067,60D2160000000000,8273AA01,9042A033,662D0000,12000000,4C000000,4F5F0000,AE490000,D0560000,33F0FFFF,D1EAFFFF,60D21600000000008273AA019042A033662D0000120000004C0000004F5F0000AE490000D056000033F0FFFFD1EAFFFF
1785191317067,C4D2160000000000,5273AA01,8F42A033,662D0000,12000000,4C000000,27600000,DB490000,DF560000,30F0FFFF,A9EBFFFF,C4D21600000000005273AA018F42A033662D0000120000004C00000027600000DB490000DF56000030F0FFFFA9EBFFFF
1785191317067,28D3160000000000,2173AA01,8F42A033,662D0000,12000000,4C000000,04610000,0A4A0000,ED560000,2CF0FFFF,86ECFFFF,28D31600000000002173AA018F42A033662D0000120000004C000000046100000A4A0000ED5600002CF0FFFF86ECFFFF
1785191317067,8CD3160000000000,F172AA01,9242A033,662D0000,12000000,4C000000,E2610000,394A0000,F9560000,28F0FFFF,64EDFFFF,8CD3160000000000F172AA019242A033662D0000120000004C000000E2610000394A0000F956000028F0FFFF64EDFFFF
1785191317067,F0D3160000000000,C172AA01,9642A033,662D0000,12000000,4C000000,C5620000,684A0000,03570000,24F0FFFF,47EEFFFF,F0D3160000000000C172AA019642A033662D0000120000004C000000C5620000684A00000357000024F0FFFF47EEFFFF
1785191317067,55D4160000000000,8C72AA01,9C42A033,662D0000,12000000,4C000000,A4630000,9D4A0000,0C570000,20F0FFFF,26EFFFFF,55D41600000000008C72AA019C42A033662D0000120000004C000000A46300009D4A00000C57000020F0FFFF26EFFFFF
1785191317067,B9D4160000000000,5572AA01,A442A033,662D0000,12000000,4C000000,7A640000,D44A0000,14570000,1CF0FFFF,FCEFFFFF,B9D41600000000005572AA01A442A033662D0000120000004C0000007A640000D44A0000145700001CF0FFFFFCEFFFFF
1785191318067,1DD5160000000000,1F72AA01,AE42A033,662D0000,12000000,4C000000,4B650000,0B4B0000,1A570000,17F0FFFF,CDF0FFFF,1DD51600000000001F72AA01AE42A033662D0000120000004C0000004B6500000B4B00001A57000017F0FFFFCDF0FFFF
1785191318067,81D5160000000000,E971AA01,BB42A033,662D0000,12000000,4C000000,15660000,424B0000,1E570000,12F0FFFF,97F1FFFF,81D5160000000000E971AA01BB42A033662D0000120000004C00000015660000424B00001E57000012F0FFFF97F1FFFF
1785191318067,E5D5160000000000,AB71AA01,CB42A033,662D0000,12000000,4C000000,D7660000,824B0000,21570000,0CF0FFFF,59F2FFFF,E5D5160000000000AB71AA01CB42A033662D0000120000004C000000D7660000824B0000215700000CF0FFFF59F2FFFF
1785191318067,49D6160000000000,6D71AA01,DD42A033,662D0000,12000000,4C000000,9C670000,C24B0000,21570000,06F0FFFF,1EF3FFFF,49D61600000000006D71AA01DD42A033662D0000120000004C0000009C670000C24B00002157000006F0FFFF1EF3FFFF
1785191318067,ADD6160000000000,3071AA01,F342A033,662D0000,12000000,4C000000,64680000,034C0000,1E570000,00F0FFFF,E6F3FFFF,ADD61600000000003071AA01F342A033662D0000120000004C00000064680000034C00001E57000000F0FFFFE6F3FFFF
1785191318067,12D7160000000000,F070AA01,0C43A033,662D0000,12000000,4C000000,24690000,484C0000,19570000,F9EFFFFF,A6F4FFFF,12D7160000000000F070AA010C43A033662D0000120000004C00000024690000484C000019570000F9EFFFFFA6F4FFFF
1785191318067,76D7160000000000,B370AA01,2643A033,662D0000,12000000,4C000000,E3690000,8A4C0000,11570000,F2EFFFFF,65F5FFFF,76D7160000000000B370AA012643A033662D0000120000004C000000E36900008A4C000011570000F2EFFFFF65F5FFFF
1785191318067,DAD7160000000000,7570AA01,4443A033,662D0000,12000000,4C000000,A36A0000,CE4C0000,07570000,EBEFFFFF,25F6FFFF,DAD71600000000007570AA014443A033662D0000120000004C000000A36A0000CE4C000007570000EBEFFFFF25F6FFFF
1785191318067,3ED8160000000000,3970AA01,6443A033,662D0000,12000000,4C000000,596B0000,104D0000,F9560000,E4EFFFFF,DBF6FFFF,3ED81600000000003970AA016443A033662D0000120000004C000000596B0000104D0000F9560000E4EFFFFFDBF6FFFF
1785191318067,A2D8160000000000,FD6FAA01,8843A033,662D0000,12000000,4C000000,0F6C0000,554D0000,E9560000,DDEFFFFF,91F7FFFF,A2D8160000000000FD6FAA018843A033662D0000120000004C0000000F6C0000554D0000E9560000DDEFFFFF91F7FFFF
1785191319067,06D9160000000000,C16FAA01,AD43A033,662D0000,12000000,4C000000,CD6C0000,984D0000,D7560000,D5EFFFFF,4FF8FFFF,06D9160000000000C16FAA01AD43A033662D0000120000004C000000CD6C0000984D0000D7560000D5EFFFFF4FF8FFFF
1785191319067,6AD9160000000000,876FAA01,D343A033,662D0000,12000000,4C000000,856D0000,DB4D0000,C3560000,CEEFFFFF,07F9FFFF,6AD9160000000000876FAA01D343A033662D0000120000004C000000856D0000DB4D0000C3560000CEEFFFFF07F9FFFF
1785191319067,CFD9160000000000,4E6FAA01,FB43A033,662D0000,12000000,4C000000,456E0000,1D4E0000,AE560000,C6EFFFFF,C7F9FFFF,CFD91600000000004E6FAA01FB43A033662D0000120000004C000000456E00001D4E0000AE560000C6EFFFFFC7F9FFFF
1785191319067,33DA160000000000,196FAA01,2244A033,662D0000,12000000,4C000000,006F0000,5C4E0000,98560000,BFEFFFFF,82FAFFFF,33DA160000000000196FAA012244A033662D0000120000004C000000006F00005C4E000098560000BFEFFFFF82FAFFFF
1785191319067,97DA160000000000,E46EAA01,4B44A033,662D0000,12000000,4C000000,C06F0000,9A4E0000,80560000,B8EFFFFF,42FBFFFF,97DA160000000000E46EAA014B44A033662D0000120000004C000000C06F00009A4E000080560000B8EFFFFF42FBFFFF
1785191319067,FBDA160000000000,B06EAA01,7544A033,662D0000,12000000,4C000000,89700000,D84E0000,67560000,B0EFFFFF,0BFCFFFF,FBDA160000000000B06EAA017544A033662D0000120000004C00000089700000D84E000067560000B0EFFFFF0BFCFFFF
1785191319067,C3DB160000000000,4C6EAA01,C944A033,662D0000,12000000,4C000000,40720000,504F0000,34560000,A1EFFFFF,C2FDFFFF,C3DB1600000000004C6EAA01C944A033662D0000120000004C00000040720000504F000034560000A1EFFFFFC2FDFFFF
1785191319067,27DC160000000000,1B6EAA01,F444A033,662D0000,12000000,4C000000,24730000,8C4F0000,19560000,9AEFFFFF,A6FEFFFF,27DC1600000000001B6EAA01F444A033662D0000120000004C000000247300008C4F0000195600009AEFFFFFA6FEFFFF
1785191319067,8CDC160000000000,EA6DAA01,2045A033,662D0000,12000000,4C000000,08740000,C74F0000,FD550000,92EFFFFF,8AFFFFFF,8CDC160000000000EA6DAA012045A033662D0000120000004C00000008740000C74F0000FD55000092EFFFFF8AFFFFFF
1785191320067,F0DC160000000000,BA6DAA01,4B45A033,662D0000,12000000,4C000000,DE740000,02500000,E2550000,8AEFFFFF,5F000000,F0DC160000000000BA6DAA014B45A033662D0000120000004C000000DE74000002500000E25500008AEFFFFF5F000000
1785191320067,54DD160000000000,8A6DAA01,7745A033,662D0000,12000000,4C000000,A7750000,3C500000,C6550000,83EFFFFF,28010000,54DD1600000000008A6DAA017745A033662D0000120000004C000000A77500003C500000C655000083EFFFFF28010000
1785191320067,B8DD160000000000,5A6DAA01,A245A033,662D0000,12000000,4C000000,5C760000,77500000,AA550000,7BEFFFFF,DD010000,B8DD1600000000005A6DAA01A245A033662D0000120000004C0000005C76000077500000AA5500007BEFFFFFDD010000
1785191320067,1CDE160000000000,2B6DAA01,CD45A033,662D0000,12000000,4C000000,FA760000,B0500000,8F550000,74EFFFFF,7B020000,1CDE1600000000002B6DAA01CD45A033662D0000120000004C000000FA760000B05000008F55000074EFFFFF7B020000
1785191320067,80DE160000000000,FD6CAA01,F845A033,662D0000,12000000,4C000000,86770000,E9500000,73550000,6DEFFFFF,07030000,80DE160000000000FD6CAA01F845A033662D0000120000004C00000086770000E9500000735500006DEFFFFF07030000
1785191320067,E4DE160000000000,CE6CAA01,2346A033,662D0000,12000000,4C000000,05780000,22510000,58550000,65EFFFFF,86030000,E4DE160000000000CE6CAA012346A033662D0000120000004C00000005780000225100005855000065EFFFFF86030000
1785191320067,48DF160000000000,A06CAA01,4E46A033,662D0000,12000000,4C000000,87780000,5B510000,3D550000,5EEFFFFF,08040000,48DF160000000000A06CAA014E46A033662D0000120000004C000000877800005B5100003D5500005EEFFFFF08040000
1785191320067,ADDF160000000000,716CAA01,7946A033,662D0000,12000000,4C000000,08790000,94510000,21550000,56EFFFFF,89040000,ADDF160000000000716CAA017946A033662D0000120000004C00000008790000945100002155000056EFFFFF89040000
1785191320067,11E0160000000000,426CAA01,A346A033,662D0000,12000000,4C000000,71790000,CD510000,06550000,4FEFFFFF,F2040000,11E0160000000000426CAA01A346A033662D0000120000004C00000071790000CD510000065500004FEFFFFFF2040000
1785191320067,75E0160000000000,146CAA01,CE46A033,662D0000,12000000,4C000000,C3790000,07520000,EA540000,48EFFFFF,44050000,75E0160000000000146CAA01CE46A033662D0000120000004C000000C379000007520000EA54000048EFFFFF44050000
1785191321067,D9E0160000000000,E56BAA01,F946A033,662D0000,12000000,4C000000,027A0000,40520000,CE540000,40EFFFFF,83050000,D9E0160000000000E56BAA01F946A033662D0000120000004C000000027A000040520000CE54000040EFFFFF83050000
1785191321067,3DE1160000000000,B66BAA01,2447A033,662D0000,12000000,4C000000,317A0000,79520000,B3540000,39EFFFFF,B2050000,3DE1160000000000B66BAA012447A033662D0000120000004C000000317A000079520000B354000039EFFFFFB2050000
1785191321067,A2E1160000000000,886BAA01,4F47A033,662D0000,12000000,4C000000,507A0000,B2520000,97540000,32EFFFFF,D1050000,A2E1160000000000886BAA014F47A033662D0000120000004C000000507A0000B25200009754000032EFFFFFD1050000
1785191321067,05E2160000000000,596BAA01,7A47A033,662D0000,12000000,4C000000,6A7A0000,EB520000,7C540000,2BEFFFFF,EB050000,05E2160000000000596BAA017A47A033662D0000120000004C0000006A7A0000EB5200007C5400002BEFFFFFEB050000
1785191321067,6AE2160000000000,2A6BAA01,A547A033,662D0000,12000000,4C000000,797A0000,24530000,60540000,23EFFFFF,FA050000,6AE21600000000002A6BAA01A547A033662D0000120000004C000000797A0000245300006054000023EFFFFFFA050000
1785191321067,CEE2160000000000,FC6AAA01,D047A033,662D0000,12000000,4C000000,847A0000,5D530000,45540000,1BEFFFFF,05060000,CEE2160000000000FC6AAA01D047A033662D0000120000004C000000847A00005D530000455400001BEFFFFF05060000
1785191321067,3DE3160000000000,CD6AAA01,FB47A033,662D0000,12000000,4C000000,8B7A0000,96530000,29540000,14EFFFFF,0C060000,3DE3160000000000CD6AAA01FB47A033662D0000120000004C0000008B7A0000965300002954000014EFFFFF0C060000
1785191321067,96E3160000000000,9F6AAA01,2748A033,662D0000,12000000,4C000000,8A7A0000,CF530000,0D540000,0CEFFFFF,0B060000,96E31600000000009F6AAA012748A033662D0000120000004C0000008A7A0000CF5300000D5400000CEFFFFF0B060000
1785191321067,FAE3160000000000,706AAA01,5248A033,662D0000,12000000,4C000000,867A0000,09540000,F2530000,04EFFFFF,07060000,FAE3160000000000706AAA015248A033662D0000120000004C000000867A000009540000F253000004EFFFFF07060000
1785191321067,5EE4160000000000,416AAA01,7D48A033,662D0000,12000000,4C000000,897A0000,42540000,D6530000,FDEEFFFF,0A060000,5EE4160000000000416AAA017D48A033662D0000120000004C000000897A000042540000D6530000FDEEFFFF0A060000
1785191322067,C2E4160000000000,126AAA01,A948A033,662D0000,12000000,4C000000,8A7A0000,7B540000,BA530000,F5EEFFFF,0B060000,C2E4160000000000126AAA01A948A033662D0000120000004C0000008A7A00007B540000BA530000F5EEFFFF0B060000
1785191322067,27E5160000000000,E569AA01,D348A033,662D0000,12000000,4C000000,8C7A0000,B4540000,9F530000,EDEEFFFF,0D060000,27E5160000000000E569AA01D348A033662D0000120000004C0000008C7A0000B45400009F530000EDEEFFFF0D060000
1785191322067,8BE5160000000000,B669AA01,FD48A033,662D0000,12000000,4C000000,917A0000,EC540000,83530000,E5EEFFFF,12060000,8BE5160000000000B669AA01FD48A033662D0000120000004C000000917A0000EC54000083530000E5EEFFFF12060000
1785191322067,EFE5160000000000,8869AA01,2849A033,662D0000,12000000,4C000000,947A0000,25550000,68530000,DCEEFFFF,15060000,EFE51600000000008869AA012849A033662D0000120000004C000000947A00002555000068530000DCEEFFFF15060000
1785191322067,53E6160000000000,5A69AA01,5349A033,662D0000,12000000,4C000000,967A0000,5E550000,4C530000,D4EEFFFF,17060000,53E61600000000005A69AA015349A033662D0000120000004C000000967A00005E5500004C530000D4EEFFFF17060000
1785191322067,B7E6160000000000,2C69AA01,7D49A033,662D0000,12000000,4C000000,967A0000,96550000,31530000,CCEEFFFF,17060000,B7E61600000000002C69AA017D49A033662D0000120000004C000000967A00009655000031530000CCEEFFFF17060000
1785191322067,1BE7160000000000,FE68AA01,A749A033,662D0000,12000000,4C000000,977A0000,CE550000,16530000,C4EEFFFF,18060000,1BE7160000000000FE68AA01A749A033662D0000120000004C000000977A0000CE55000016530000C4EEFFFF18060000
1785191322067,7FE7160000000000,D068AA01,D249A033,662D0000,12000000,4C000000,9A7A0000,06560000,FB520000,B9EEFFFF,1B060000,7FE7160000000000D068AA01D249A033662D0000120000004C0000009A7A000006560000FB520000B9EEFFFF1B060000
1785191322067,E3E7160000000000,A368AA01,FC49A033,662D0000,12000000,4C000000,9C7A0000,3E560000,E0520000,AFEEFFFF,1D060000,E3E7160000000000A368AA01FC49A033662D0000120000004C0000009C7A00003E560000E0520000AFEEFFFF1D060000
1785191322067,48E8160000000000,7568AA01,264AA033,662D0000,12000000,4C000000,9C7A0000,76560000,C5520000,A5EEFFFF,1D060000,48E81600000000007568AA01264AA033662D0000120000004C0000009C7A000076560000C5520000A5EEFFFF1D060000
1785191323067,ACE8160000000000,4868AA01,504AA033,662D0000,12000000,4C000000,9C7A0000,AE560000,AA520000,9BEEFFFF,1D060000,ACE81600000000004868AA01504AA033662D0000120000004C0000009C7A0000AE560000AA5200009BEEFFFF1D060000
1785191323067,10E9160000000000,1A68AA01,7A4AA033,662D0000,12000000,4C000000,987A0000,E5560000,8F520000,91EEFFFF,19060000,10E91600000000001A68AA017A4AA033662D0000120000004C000000987A0000E55600008F52000091EEFFFF19060000
1785191323067,74E9160000000000,ED67AA01,A44AA033,662D0000,12000000,4C000000,967A0000,1D570000,74520000,87EEFFFF,17060000,74E9160000000000ED67AA01A44AA033662D0000120000004C000000967A00001D5700007452000087EEFFFF17060000
1785191323067,D8E9160000000000,C067AA01,CE4AA033,662D0000,12000000,4C000000,957A0000,54570000,59520000,7DEEFFFF,16060000,D8E9160000000000C067AA01CE4AA033662D0000120000004C000000957A000054570000595200007DEEFFFF16060000
1785191323067,3CEA160000000000,9267AA01,F84AA033,662D0000,12000000,4C000000,927A0000,8C570000,3E520000,73EEFFFF,13060000,3CEA1600000000009267AA01F84AA033662D0000120000004C000000927A00008C5700003E52000073EEFFFF13060000
1785191323067,A0EA160000000000,6567AA01,214BA033,662D0000,12000000,4C000000,907A0000,C3570000,24520000,6AEEFFFF,11060000,A0EA1600000000006567AA01214BA033662D0000120000004C000000907A0000C3570000245200006AEEFFFF11060000
1785191323067,05EB160000000000,3967AA01,4B4BA033,662D0000,12000000,4C000000,927A0000,FA570000,09520000,60EEFFFF,13060000,05EB1600000000003967AA014B4BA033662D0000120000004C000000927A0000FA5700000952000060EEFFFF13060000
1785191323067,69EB160000000000,0C67AA01,744BA033,662D0000,12000000,4C000000,927A0000,31580000,EF510000,56EEFFFF,13060000,69EB1600000000000C67AA01744BA033662D0000120000004C000000927A000031580000EF51000056EEFFFF13060000
1785191323067,CDEB160000000000,DF66AA01,9D4BA033,662D0000,12000000,4C000000,8F7A0000,68580000,D4510000,4CEEFFFF,10060000,CDEB160000000000DF66AA019D4BA033662D0000120000004C0000008F7A000068580000D45100004CEEFFFF10060000
1785191323067,31EC160000000000,B266AA01,C74BA033,662D0000,12000000,4C000000,8E7A0000,9E580000,BA510000,43EEFFFF,0F060000,31EC160000000000B266AA01C74BA033662D0000120000004C0000008E7A00009E580000BA51000043EEFFFF0F060000
1785191324067,95EC160000000000,8666AA01,F04BA033,662D0000,12000000,4C000000,8D7A0000,D5580000,9F510000,39EEFFFF,0E060000,95EC1600000000008666AA01F04BA033662D0000120000004C0000008D7A0000D55800009F51000039EEFFFF0E060000
1785191324067,F9EC160000000000,5966AA01,194CA033,662D0000,12000000,4C000000,8C7A0000,0C590000,85510000,2FEEFFFF,0D060000,F9EC1600000000005966AA01194CA033662D0000120000004C0000008C7A00000C590000855100002FEEFFFF0D060000
1785191324067,5DED160000000000,2B66AA01,434CA033,662D0000,12000000,4C000000,897A0000,43590000,6A510000,25EEFFFF,0A060000,5DED1600000000002B66AA01434CA033662D0000120000004C000000897A0000435900006A51000025EEFFFF0A060000
1785191324067,C1ED160000000000,FF65AA01,6C4CA033,662D0000,12000000,4C000000,897A0000,7A590000,50510000,1CEEFFFF,0A060000,C1ED160000000000FF65AA016C4CA033662D0000120000004C000000897A00007A590000505100001CEEFFFF0A060000
1785191324067,26EE160000000000,D265AA01,954CA033,662D0000,12000000,4C000000,877A0000,B1590000,35510000,12EEFFFF,08060000,26EE160000000000D265AA01954CA033662D0000120000004C000000877A0000B15900003551000012EEFFFF08060000
1785191324067,8AEE160000000000,A565AA01,BE4CA033,662D0000,12000000,4C000000,877A0000,E8590000,1B510000,08EEFFFF,08060000,8AEE160000000000A565AA01BE4CA033662D0000120000004C000000877A0000E85900001B51000008EEFFFF08060000
1785191324067,EEEE160000000000,7865AA01,E84CA033,662D0000,12000000,4C000000,857A0000,1F5A0000,01510000,FFEDFFFF,06060000,EEEE1600000000007865AA01E84CA033662D0000120000004C000000857A00001F5A000001510000FFEDFFFF06060000
1785191324067,52EF160000000000,4B65AA01,114DA033,662D0000,12000000,4C000000,857A0000,565A0000,E6500000,F5EDFFFF,06060000,52EF1600000000004B65AA01114DA033662D0000120000004C000000857A0000565A0000E6500000F5EDFFFF06060000
1785191324067,B6EF160000000000,1E65AA01,3A4DA033,662D0000,12000000,4C000000,877A0000,8D5A0000,CC500000,ECEDFFFF,08060000,B6EF1600000000001E65AA013A4DA033662D0000120000004C000000877A00008D5A0000CC500000ECEDFFFF08060000
1785191324067,1AF0160000000000,F164AA01,644DA033,662D0000,12000000,4C000000,857A0000,C55A0000,B1500000,E2EDFFFF,06060000,1AF0160000000000F164AA01644DA033662D0000120000004C000000857A0000C55A0000B1500000E2EDFFFF06060000
1785191325067,7FF0160000000000,C464AA01,8D4DA033,662D0000,12000000,4C000000,817A0000,FB5A0000,96500000,D8EDFFFF,02060000,7FF0160000000000C464AA018D4DA033662D0000120000004C000000817A0000FB5A000096500000D8EDFFFF02060000
1785191325067,E2F0160000000000,9764AA01,B64DA033,662D0000,12000000,4C000000,7B7A0000,325B0000,7C500000,CFEDFFFF,FC050000,E2F01600000000009764AA01B64DA033662D0000120000004C0000007B7A0000325B00007C500000CFEDFFFFFC050000
1785191325067,47F1160000000000,6B64AA01,E04DA033,662D0000,12000000,4C000000,7A7A0000,695B0000,62500000,C5EDFFFF,FB050000,47F11600000000006B64AA01E04DA033662D0000120000004C0000007A7A0000695B000062500000C5EDFFFFFB050000
1785191325067,ABF1160000000000,3E64AA01,084EA033,662D0000,12000000,4C000000,7B7A0000,A05B0000,48500000,BCEDFFFF,FC050000,ABF11600000000003E64AA01084EA033662D0000120000004C0000007B7A0000A05B000048500000BCEDFFFFFC050000
1785191325067,0FF2160000000000,1164AA01,324EA033,662D0000,12000000,4C000000,817A0000,D75B0000,2D500000,B2EDFFFF,02060000,0FF21600000000001164AA01324EA033662D0000120000004C000000817A0000D75B00002D500000B2EDFFFF02060000
1785191325067,73F2160000000000,E363AA01,5C4EA033,662D0000,12000000,4C000000,7E7A0000,0F5C0000,12500000,A8EDFFFF,FF050000,73F2160000000000E363AA015C4EA033662D0000120000004C0000007E7A00000F5C000012500000A8EDFFFFFF050000
1785191325067,D7F2160000000000,B563AA01,864EA033,662D0000,12000000,4C000000,807A0000,475C0000,F74F0000,9FEDFFFF,01060000,D7F2160000000000B563AA01864EA033662D0000120000004C000000807A0000475C0000F74F00009FEDFFFF01060000
1785191325067,3BF3160000000000,8863AA01,B04EA033,662D0000,12000000,4C000000,7D7A0000,7F5C0000,DC4F0000,95EDFFFF,FE050000,3BF31600000000008863AA01B04EA033662D0000120000004C0000007D7A00007F5C0000DC4F000095EDFFFFFE050000
1785191325067,A0F3160000000000,5A63AA01,DA4EA033,662D0000,12000000,4C000000,807A0000,B75C0000,C14F0000,8BEDFFFF,01060000,A0F31600000000005A63AA01DA4EA033662D0000120000004C000000807A0000B75C0000C14F00008BEDFFFF01060000
1785191325067,04F4160000000000,2D63AA01,044FA033,662D0000,12000000,4C000000,837A0000,EE5C0000,A74F0000,82EDFFFF,04060000,04F41600000000002D63AA01044FA033662D0000120000004C000000837A0000EE5C0000A74F000082EDFFFF04060000
1785191326067,68F4160000000000,FE62AA01,2F4FA033,662D0000,12000000,4C000000,817A0000,285D0000,8B4F0000,78EDFFFF,02060000,68F4160000000000FE62AA012F4FA033662D0000120000004C000000817A0000285D00008B4F000078EDFFFF02060000
1785191326067,CCF4160000000000,D262AA01,574FA033,662D0000,12000000,4C000000,7F7A0000,5D5D0000,714F0000,6FEDFFFF,00060000,CCF4160000000000D262AA01574FA033662D0000120000004C0000007F7A00005D5D0000714F00006FEDFFFF00060000
1785191326067,30F5160000000000,A562AA01,814FA033,662D0000,12000000,4C000000,7F7A0000,945D0000,574F0000,65EDFFFF,00060000,30F5160000000000A562AA01814FA033662D0000120000004C0000007F7A0000945D0000574F000065EDFFFF00060000
1785191326067,94F5160000000000,7762AA01,AB4FA033,662D0000,12000000,4C000000,7F7A0000,CC5D0000,3C4F0000,5CEDFFFF,00060000,94F51600000000007762AA01AB4FA033662D0000120000004C0000007F7A0000CC5D00003C4F00005CEDFFFF00060000
1785191326067,F8F5160000000000,4A62AA01,D54FA033,662D0000,12000000,4C000000,807A0000,045E0000,214F0000,52EDFFFF,01060000,F8F51600000000004A62AA01D54FA033662D0000120000004C000000807A0000045E0000214F000052EDFFFF01060000
1785191326067,5CF6160000000000,1C62AA01,FF4FA033,662D0000,12000000,4C000000,817A0000,3C5E0000,064F0000,48EDFFFF,02060000,5CF61600000000001C62AA01FF4FA033662D0000120000004C000000817A00003C5E0000064F000048EDFFFF02060000
1785191326067,C1F6160000000000,EE61AA01,2950A033,662D0000,12000000,4C000000,817A0000,745E0000,EB4E0000,3FEDFFFF,02060000,C1F6160000000000EE61AA012950A033662D0000120000004C000000817A0000745E0000EB4E00003FEDFFFF02060000
1785191326067,25F7160000000000,C161AA01,5350A033,662D0000,12000000,4C000000,817A0000,AC5E0000,D04E0000,35EDFFFF,02060000,25F7160000000000C161AA015350A033662D0000120000004C000000817A0000AC5E0000D04E000035EDFFFF02060000
1785191326067,89F7160000000000,9361AA01,7C50A033,662D0000,12000000,4C000000,807A0000,E35E0000,B64E0000,2CEDFFFF,01060000,89F71600000000009361AA017C50A033662D0000120000004C000000807A0000E35E0000B64E00002CEDFFFF01060000
1785191326067,EDF7160000000000,6661AA01,A650A033,662D0000,12000000,4C000000,7E7A0000,1B5F0000,9B4E0000,22EDFFFF,FF050000,EDF71600000000006661AA01A650A033662D0000120000004C0000007E7A00001B5F00009B4E000022EDFFFFFF050000
1785191327067,51F8160000000000,3861AA01,D050A033,662D0000,12000000,4C000000,817A0000,545F0000,804E0000,19EDFFFF,02060000,51F81600000000003861AA01D050A033662D0000120000004C000000817A0000545F0000804E000019EDFFFF02060000
1785191327067,B5F8160000000000,0B61AA01,F950A033,662D0000,12000000,4C000000,827A0000,8A5F0000,664E0000,10EDFFFF,03060000,B5F81600000000000B61AA01F950A033662D0000120000004C000000827A00008A5F0000664E000010EDFFFF03060000
1785191327067,19F9160000000000,DD60AA01,2251A033,662D0000,12000000,4C000000,837A0000,C25F0000,4C4E0000,07EDFFFF,04060000,19F9160000000000DD60AA012251A033662D0000120000004C000000837A0000C25F00004C4E000007EDFFFF04060000
1785191327067,7EF9160000000000,B060AA01,4C51A033,662D0000,12000000,4C000000,837A0000,FA5F0000,314E0000,FDECFFFF,04060000,7EF9160000000000B060AA014C51A033662D0000120000004C000000837A0000FA5F0000314E0000FDECFFFF04060000
1785191327067,E2F9160000000000,8260AA01,7651A033,662D0000,12000000,4C000000,817A0000,32600000,164E0000,F4ECFFFF,02060000,E2F91600000000008260AA017651A033662D0000120000004C000000817A000032600000164E0000F4ECFFFF02060000
1785191327067,46FA160000000000,5460AA01,A051A033,662D0000,12000000,4C000000,827A0000,6A600000,FC4D0000,EBECFFFF,03060000,46FA1600000000005460AA01A051A033662D0000120000004C000000827A00006A600000FC4D0000EBECFFFF03060000
1785191327067,AAFA160000000000,2760AA01,C951A033,662D0000,12000000,4C000000,817A0000,A1600000,E14D0000,E2ECFFFF,02060000,AAFA1600000000002760AA01C951A033662D0000120000004C000000817A0000A1600000E14D0000E2ECFFFF02060000
1785191327067,0EFB160000000000,F95FAA01,F351A033,662D0000,12000000,4C000000,7D7A0000,D9600000,C74D0000,D9ECFFFF,FE050000,0EFB160000000000F95FAA01F351A033662D0000120000004C0000007D7A0000D9600000C74D0000D9ECFFFFFE050000
1785191327067,72FB160000000000,CC5FAA01,1C52A033,662D0000,12000000,4C000000,787A0000,10610000,AD4D0000,D1ECFFFF,F9050000,72FB160000000000CC5FAA011C52A033662D0000120000004C000000787A000010610000AD4D0000D1ECFFFFF9050000
1785191327067,D6FB160000000000,9E5FAA01,4552A033,662D0000,12000000,4C000000,747A0000,48610000,924D0000,C8ECFFFF,F5050000,D6FB1600000000009E5FAA014552A033662D0000120000004C000000747A000048610000924D0000C8ECFFFFF5050000
1785191328067,3AFC160000000000,715FAA01,6E52A033,662D0000,12000000,4C000000,717A0000,7F610000,784D0000,BFECFFFF,F2050000,3AFC160000000000715FAA016E52A033662D0000120000004C000000717A00007F610000784D0000BFECFFFFF2050000
1785191328067,9FFC160000000000,445FAA01,9752A033,662D0000,12000000,4C000000,707A0000,B6610000,5E4D0000,B7ECFFFF,F1050000,9FFC160000000000445FAA019752A033662D0000120000004C000000707A0000B66100005E4D0000B7ECFFFFF1050000
1785191328067,03FD160000000000,175FAA01,C052A033,662D0000,12000000,4C000000,707A0000,ED610000,444D0000,AEECFFFF,F1050000,03FD160000000000175FAA01C052A033662D0000120000004C000000707A0000ED610000444D0000AEECFFFFF1050000
1785191328067,67FD160000000000,EA5EAA01,E952A033,662D0000,12000000,4C000000,707A0000,24620000,2A4D0000,A6ECFFFF,F1050000,67FD160000000000EA5EAA01E952A033662D0000120000004C000000707A0000246200002A4D0000A6ECFFFFF1050000
1785191328067,CBFD160000000000,BB5EAA01,1353A033,662D0000,12000000,4C000000,6D7A0000,5D620000,0F4D0000,9DECFFFF,EE050000,CBFD160000000000BB5EAA011353A033662D0000120000004C0000006D7A00005D6200000F4D00009DECFFFFEE050000
1785191328067,2FFE160000000000,8E5EAA01,3C53A033,662D0000,12000000,4C000000,6F7A0000,94620000,F54C0000,94ECFFFF,F0050000,2FFE1600000000008E5EAA013C53A033662D0000120000004C0000006F7A000094620000F54C000094ECFFFFF0050000
1785191328067,93FE160000000000,615EAA01,6553A033,662D0000,12000000,4C000000,717A0000,CB620000,DC4C0000,8BECFFFF,F2050000,93FE160000000000615EAA016553A033662D0000120000004C000000717A0000CB620000DC4C00008BECFFFFF2050000
1785191328067,F8FE160000000000,345EAA01,8E53A033,662D0000,12000000,4C000000,6F7A0000,02630000,C14C0000,83ECFFFF,F0050000,F8FE160000000000345EAA018E53A033662D0000120000004C0000006F7A000002630000C14C000083ECFFFFF0050000
1785191328067,5CFF160000000000,075EAA01,B653A033,662D0000,12000000,4C000000,6E7A0000,39630000,A84C0000,7AECFFFF,EF050000,5CFF160000000000075EAA01B653A033662D0000120000004C0000006E7A000039630000A84C00007AECFFFFEF050000
1785191328067,C0FF160000000000,DB5DAA01,DE53A033,662D0000,12000000,4C000000,6C7A0000,6E630000,8F4C0000,72ECFFFF,ED050000,C0FF160000000000DB5DAA01DE53A033662D0000120000004C0000006C7A00006E6300008F4C000072ECFFFFED050000
1785191329067,2400170000000000,B05DAA01,0454A033,662D0000,12000000,4C000000,6A7A0000,A3630000,764C0000,6AECFFFF,EB050000,2400170000000000B05DAA010454A033662D0000120000004C0000006A7A0000A3630000764C00006AECFFFFEB050000
1785191329067,8800170000000000,855DAA01,2B54A033,662D0000,12000000,4C000000,6C7A0000,D7630000,5D4C0000,61ECFFFF,ED050000,8800170000000000855DAA012B54A033662D0000120000004C0000006C7A0000D76300005D4C000061ECFFFFED050000
1785191329067,EC00170000000000,5A5DAA01,5254A033,662D0000,12000000,4C000000,6D7A0000,0B640000,454C0000,59ECFFFF,EE050000,EC001700000000005A5DAA015254A033662D0000120000004C0000006D7A00000B640000454C000059ECFFFFEE050000
1785191329067,5001170000000000,2E5DAA01,7A54A033,662D0000,12000000,4C000000,687A0000,41640000,2C4C0000,51ECFFFF,E9050000,50011700000000002E5DAA017A54A033662D0000120000004C000000687A0000416400002C4C000051ECFFFFE9050000
1785191329067,B401170000000000,035DAA01,A154A033,662D0000,12000000,4C000000,647A0000,76640000,134C0000,49ECFFFF,E5050000,B401170000000000035DAA01A154A033662D0000120000004C000000647A000076640000134C000049ECFFFFE5050000
1785191329067,1902170000000000,D75CAA01,C954A033,662D0000,12000000,4C000000,607A0000,AC640000,FA4B0000,41ECFFFF,E1050000,1902170000000000D75CAA01C954A033662D0000120000004C000000607A0000AC640000FA4B000041ECFFFFE1050000
1785191329067,7D02170000000000,AB5CAA01,F054A033,662D0000,12000000,4C000000,5E7A0000,E1640000,E14B0000,39ECFFFF,DF050000,7D02170000000000AB5CAA01F054A033662D0000120000004C0000005E7A0000E1640000E14B000039ECFFFFDF050000
1785191329067,E102170000000000,805CAA01,1755A033,662D0000,12000000,4C000000,5D7A0000,16650000,C84B0000,31ECFFFF,DE050000,E102170000000000805CAA011755A033662D0000120000004C0000005D7A000016650000C84B000031ECFFFFDE050000
1785191329067,4503170000000000,545CAA01,3E55A033,662D0000,12000000,4C000000,587A0000,4B650000,AF4B0000,29ECFFFF,D9050000,4503170000000000545CAA013E55A033662D0000120000004C000000587A00004B650000AF4B000029ECFFFFD9050000
1785191329067,A903170000000000,285CAA01,6655A033,662D0000,12000000,4C000000,557A0000,80650000,964B0000,22ECFFFF,D6050000,A903170000000000285CAA016655A033662D0000120000004C000000557A000080650000964B000022ECFFFFD6050000
1785191330067,0D04170000000000,FE5BAA01,8C55A033,662D0000,12000000,4C000000,547A0000,B4650000,7E4B0000,1AECFFFF,D5050000,0D04170000000000FE5BAA018C55A033662D0000120000004C000000547A0000B46500007E4B00001AECFFFFD5050000
1785191330067,7104170000000000,D55BAA01,B155A033,662D0000,12000000,4C000000,537A0000,E6650000,674B0000,13ECFFFF,D4050000,7104170000000000D55BAA01B155A033662D0000120000004C000000537A0000E6650000674B000013ECFFFFD4050000
1785191330067,D504170000000000,AC5BAA01,D655A033,662D0000,12000000,4C000000,517A0000,18660000,4F4B0000,0CECFFFF,D2050000,D504170000000000AC5BAA01D655A033662D0000120000004C000000517A0000186600004F4B00000CECFFFFD2050000
1785191330067,3A05170000000000,825BAA01,FB55A033,662D0000,12000000,4C000000,4E7A0000,4B660000,374B0000,06ECFFFF,CF050000,3A05170000000000825BAA01FB55A033662D0000120000004C0000004E7A00004B660000374B000006ECFFFFCF050000
1785191330067,9E05170000000000,595BAA01,2056A033,662D0000,12000000,4C000000,4E7A0000,7D660000,204B0000,FFEBFFFF,CF050000,9E05170000000000595BAA012056A033662D0000120000004C0000004E7A00007D660000204B0000FFEBFFFFCF050000
1785191330067,0206170000000000,2F5BAA01,4556A033,662D0000,12000000,4C000000,4F7A0000,B0660000,094B0000,F8EBFFFF,D0050000,02061700000000002F5BAA014556A033662D0000120000004C0000004F7A0000B0660000094B0000F8EBFFFFD0050000
1785191330067,6606170000000000,065BAA01,6A56A033,662D0000,12000000,4C000000,4E7A0000,E1660000,F14A0000,F1EBFFFF,CF050000,6606170000000000065BAA016A56A033662D0000120000004C0000004E7A0000E1660000F14A0000F1EBFFFFCF050000
1785191330067,CA06170000000000,DD5AAA01,8F56A033,662D0000,12000000,4C000000,4B7A0000,13670000,DA4A0000,EBEBFFFF,CC050000,CA06170000000000DD5AAA018F56A033662D0000120000004C0000004B7A000013670000DA4A0000EBEBFFFFCC050000
1785191330067,2E07170000000000,B45AAA01,B456A033,662D0000,12000000,4C000000,497A0000,46670000,C24A0000,E4EBFFFF,CA050000,2E07170000000000B45AAA01B456A033662D0000120000004C000000497A000046670000C24A0000E4EBFFFFCA050000
1785191330067,9207170000000000,8B5AAA01,DA56A033,662D0000,12000000,4C000000,497A0000,78670000,AA4A0000,DEEBFFFF,CA050000,92071700000000008B5AAA01DA56A033662D0000120000004C000000497A000078670000AA4A0000DEEBFFFFCA050000
1785191331067,F607170000000000,615AAA01,0057A033,662D0000,12000000,4C000000,487A0000,AB670000,924A0000,D8EBFFFF,C9050000,F607170000000000615AAA010057A033662D0000120000004C000000487A0000AB670000924A0000D8EBFFFFC9050000
1785191331067,5B08170000000000,375AAA01,2757A033,662D0000,12000000,4C000000,467A0000,DF670000,794A0000,D2EBFFFF,C7050000,5B08170000000000375AAA012757A033662D0000120000004C000000467A0000DF670000794A0000D2EBFFFFC7050000
1785191331067,BF08170000000000,0D5AAA01,4F57A033,662D0000,12000000,4C000000,467A0000,12680000,5F4A0000,CDEBFFFF,C7050000,BF081700000000000D5AAA014F57A033662D0000120000004C000000467A0000126800005F4A0000CDEBFFFFC7050000
1785191331067,2309170000000000,E459AA01,7657A033,662D0000,12000000,4C000000,447A0000,45680000,454A0000,C7EBFFFF,C5050000,2309170000000000E459AA017657A033662D0000120000004C000000447A000045680000454A0000C7EBFFFFC5050000
1785191331067,8709170000000000,BD59AA01,9D57A033,662D0000,12000000,4C000000,417A0000,76680000,2B4A0000,C2EBFFFF,C2050000,8709170000000000BD59AA019D57A033662D0000120000004C000000417A0000766800002B4A0000C2EBFFFFC2050000
1785191331067,EB09170000000000,9759AA01,C557A033,662D0000,12000000,4C000000,3F7A0000,A6680000,114A0000,BDEBFFFF,C0050000,EB091700000000009759AA01C557A033662D0000120000004C0000003F7A0000A6680000114A0000BDEBFFFFC0050000
1785191331067,4F0A170000000000,7259AA01,EC57A033,662D0000,12000000,4C000000,3D7A0000,D5680000,F6490000,B8EBFFFF,BE050000,4F0A1700000000007259AA01EC57A033662D0000120000004C0000003D7A0000D5680000F6490000B8EBFFFFBE050000
1785191331067,B30A170000000000,4E59AA01,1358A033,662D0000,12000000,4C000000,3E7A0000,03690000,DB490000,B4EBFFFF,BF050000,B30A1700000000004E59AA011358A033662D0000120000004C0000003E7A000003690000DB490000B4EBFFFFBF050000
1785191331067,180B170000000000,2B59AA01,3C58A033,662D0000,12000000,4C000000,3F7A0000,2F690000,BE490000,AFEBFFFF,C0050000,180B1700000000002B59AA013C58A033662D0000120000004C0000003F7A00002F690000BE490000AFEBFFFFC0050000
1785191331067,7C0B170000000000,0A59AA01,6558A033,662D0000,12000000,4C000000,427A0000,5C690000,A1490000,ABEBFFFF,C3050000,7C0B1700000000000A59AA016558A033662D0000120000004C000000427A00005C690000A1490000ABEBFFFFC3050000
1785191332067,E00B170000000000,E958AA01,8F58A033,662D0000,12000000,4C000000,4D7A0000,87690000,82490000,A7EBFFFF,CE050000,E00B170000000000E958AA018F58A033662D0000120000004C0000004D7A00008769000082490000A7EBFFFFCE050000
1785191332067,440C170000000000,C958AA01,BA58A033,662D0000,12000000,4C000000,607A0000,B2690000,61490000,A2EBFFFF,E1050000,440C170000000000C958AA01BA58A033662D0000120000004C000000607A0000B269000061490000A2EBFFFFE1050000
1785191332067,A80C170000000000,AA58AA01,E858A033,662D0000,12000000,4C000000,7D7A0000,DD690000,3F490000,9EEBFFFF,FE050000,A80C170000000000AA58AA01E858A033662D0000120000004C0000007D7A0000DD6900003F4900009EEBFFFFFE050000
1785191332067,0C0D170000000000,8C58AA01,1759A033,662D0000,12000000,4C000000,A77A0000,086A0000,1B490000,9CEBFFFF,28060000,0C0D1700000000008C58AA011759A033662D0000120000004C000000A77A0000086A00001B4900009CEBFFFF28060000
1785191332067,710D170000000000,6D58AA01,4959A033,662D0000,12000000,4C000000,DB7A0000,346A0000,F3480000,9AEBFFFF,5C060000,710D1700000000006D58AA014959A033662D0000120000004C000000DB7A0000346A0000F34800009AEBFFFF5C060000
1785191332067,D50D170000000000,5058AA01,7E59A033,662D0000,12000000,4C000000,1E7B0000,5F6A0000,C9480000,97EBFFFF,9F060000,D50D1700000000005058AA017E59A033662D0000120000004C0000001E7B00005F6A0000C948000097EBFFFF9F060000
1785191332067,390E170000000000,3558AA01,B559A033,662D0000,12000000,4C000000,6B7B0000,896A0000,9D480000,94EBFFFF,EC060000,390E1700000000003558AA01B559A033662D0000120000004C0000006B7B0000896A00009D48000094EBFFFFEC060000
1785191332067,9D0E170000000000,1B58AA01,ED59A033,662D0000,12000000,4C000000,D07B0000,B26A0000,6F480000,91EBFFFF,51070000,9D0E1700000000001B58AA01ED59A033662D0000120000004C000000D07B0000B26A00006F48000091EBFFFF51070000
1785191332067,010F170000000000,0258AA01,285AA033,662D0000,12000000,4C000000,4C7C0000,DB6A0000,3D480000,8EEBFFFF,CD070000,010F1700000000000258AA01285AA033662D0000120000004C0000004C7C0000DB6A00003D4800008EEBFFFFCD070000
1785191332067,650F170000000000,EC57AA01,655AA033,662D0000,12000000,4C000000,D67C0000,026B0000,09480000,8BEBFFFF,57080000,650F170000000000EC57AA01655AA033662D0000120000004C000000D67C0000026B0000094800008BEBFFFF57080000
1785191333067,CB0F170000000000,D857AA01,A35AA033,662D0000,12000000,4C000000,5D7D0000,276B0000,D4470000,87EBFFFF,DE080000,CB0F170000000000D857AA01A35AA033662D0000120000004C0000005D7D0000276B0000D447000087EBFFFFDE080000
1785191333067,2D10170000000000,C657AA01,E45AA033,662D0000,12000000,4C000000,F27D0000,4B6B0000,9B470000,84EBFFFF,73090000,2D10170000000000C657AA01E45AA033662D0000120000004C000000F27D00004B6B00009B47000084EBFFFF73090000
1785191333067,9210170000000000,B757AA01,2B5BA033,662D0000,12000000,4C000000,9B7E0000,6E6B0000,5C470000,81EBFFFF,1C0A0000,9210170000000000B757AA012B5BA033662D0000120000004C0000009B7E00006E6B00005C47000081EBFFFF1C0A0000
1785191333067,F610170000000000,AA57AA01,735BA033,662D0000,12000000,4C000000,467F0000,906B0000,1A470000,7DEBFFFF,C70A0000,F610170000000000AA57AA01735BA033662D0000120000004C000000467F0000906B00001A4700007DEBFFFFC70A0000
1785191333067,5A11170000000000,A157AA01,BC5BA033,662D0000,12000000,4C000000,FE7F0000,AD6B0000,D8460000,79EBFFFF,7F0B0000,5A11170000000000A157AA01BC5BA033662D0000120000004C000000FE7F0000AD6B0000D846000079EBFFFF7F0B0000
1785191333067,BE11170000000000,9C57AA01,075CA033,662D0000,12000000,4C000000,CB800000,C86B0000,91460000,75EBFFFF,4C0C0000,BE111700000000009C57AA01075CA033662D0000120000004C000000CB800000C86B00009146000075EBFFFF4C0C0000
1785191333067,2212170000000000,9A57AA01,525CA033,662D0000,12000000,4C000000,99810000,E06B0000,49460000,71EBFFFF,1A0D0000,22121700000000009A57AA01525CA033662D0000120000004C00000099810000E06B00004946000071EBFFFF1A0D0000
1785191333067,8612170000000000,9C57AA01,9E5CA033,662D0000,12000000,4C000000,7A820000,F46B0000,01460000,6CEBFFFF,FB0D0000,86121700000000009C57AA019E5CA033662D0000120000004C0000007A820000F46B0000014600006CEBFFFFFB0D0000
1785191333067,EA12170000000000,A357AA01,E95CA033,662D0000,12000000,4C000000,59830000,046C0000,B7450000,66EBFFFF,DA0E0000,EA12170000000000A357AA01E95CA033662D0000120000004C00000059830000046C0000B745000066EBFFFFDA0E0000
1785191333067,4E13170000000000,AD57AA01,345DA033,662D0000,12000000,4C000000,45840000,106C0000,6C450000,60EBFFFF,C60F0000,4E13170000000000AD57AA01345DA033662D0000120000004C00000045840000106C00006C45000060EBFFFFC60F0000
1785191334067,B313170000000000,BA57AA01,7E5DA033,662D0000,12000000,4C000000,39850000,186C0000,22450000,5AEBFFFF,BA100000,B313170000000000BA57AA017E5DA033662D0000120000004C00000039850000186C0000224500005AEBFFFFBA100000
1785191334067,1714170000000000,CC57AA01,C75DA033,662D0000,12000000,4C000000,42860000,1D6C0000,D7440000,53EBFFFF,C3110000,1714170000000000CC57AA01C75DA033662D0000120000004C000000428600001D6C0000D744000053EBFFFFC3110000
1785191334067,7B14170000000000,E057AA01,0B5EA033,662D0000,12000000,4C000000,5C870000,1E6C0000,8F440000,4DEBFFFF,DD120000,7B14170000000000E057AA010B5EA033662D0000120000004C0000005C8700001E6C00008F4400004DEBFFFFDD120000
1785191334067,DF14170000000000,F757AA01,505EA033,662D0000,12000000,4C000000,7E880000,1B6C0000,47440000,46EBFFFF,FF130000,DF14170000000000F757AA01505EA033662D0000120000004C0000007E8800001B6C00004744000046EBFFFFFF130000
1785191334067,4315170000000000,1058AA01,915EA033,662D0000,12000000,4C000000,A7890000,166C0000,02440000,3EEBFFFF,28150000,43151700000000001058AA01915EA033662D0000120000004C000000A7890000166C0000024400003EEBFFFF28150000
1785191334067,A715170000000000,2C58AA01,D15EA033,662D0000,12000000,4C000000,D48A0000,0E6C0000,BB430000,37EBFFFF,55160000,A7151700000000002C58AA01D15EA033662D0000120000004C000000D48A00000E6C0000BB43000037EBFFFF55160000
1785191334067,0B16170000000000,4958AA01,0E5FA033,662D0000,12000000,4C000000,148C0000,046C0000,79430000,30EBFFFF,95170000,0B161700000000004958AA010E5FA033662D0000120000004C000000148C0000046C00007943000030EBFFFF95170000
1785191334067,7016170000000000,6758AA01,4A5FA033,662D0000,12000000,4C000000,608D0000,F96B0000,37430000,28EBFFFF,E1180000,70161700000000006758AA014A5FA033662D0000120000004C000000608D0000F96B00003743000028EBFFFFE1180000
1785191334067,D416170000000000,8658AA01,865FA033,662D0000,12000000,4C000000,A48E0000,ED6B0000,F5420000,20EBFFFF,251A0000,D4161700000000008658AA01865FA033662D0000120000004C000000A48E0000ED6B0000F542000020EBFFFF251A0000
1785191334067,3817170000000000,A658AA01,C05FA033,662D0000,12000000,4C000000,EC8F0000,DF6B0000,B4420000,18EBFFFF,6D1B0000,3817170000000000A658AA01C05FA033662D0000120000004C000000EC8F0000DF6B0000B442000018EBFFFF6D1B0000
1785191335067,0018170000000000,E658AA01,3260A033,662D0000,12000000,4C000000,7C920000,C36B0000,34420000,09EBFFFF,FD1D0000,0018170000000000E658AA013260A033662D0000120000004C0000007C920000C36B00003442000009EBFFFFFD1D0000
1785191335067,6418170000000000,0759AA01,6B60A033,662D0000,12000000,4C000000,BE930000,B46B0000,F4410000,02EBFFFF,3F1F0000,64181700000000000759AA016B60A033662D0000120000004C000000BE930000B46B0000F441000002EBFFFF3F1F0000
1785191335067,C818170000000000,2859AA01,A560A033,662D0000,12000000,4C000000,F1940000,A56B0000,B3410000,FAEAFFFF,72200000,C8181700000000002859AA01A560A033662D0000120000004C000000F1940000A56B0000B3410000FAEAFFFF72200000
1785191335067,2C19170000000000,4959AA01,DE60A033,662D0000,12000000,4C000000,1D960000,966B0000,72410000,F3EAFFFF,9E210000,2C191700000000004959AA01DE60A033662D0000120000004C0000001D960000966B000072410000F3EAFFFF9E210000
1785191335067,9119170000000000,6959AA01,1861A033,662D0000,12000000,4C000000,35970000,886B0000,32410000,EBEAFFFF,B6220000,91191700000000006959AA011861A033662D0000120000004C00000035970000886B000032410000EBEAFFFFB6220000
1785191335067,F519170000000000,8959AA01,5261A033,662D0000,12000000,4C000000,36980000,7B6B0000,F1400000,E3EAFFFF,B7230000,F5191700000000008959AA015261A033662D0000120000004C000000369800007B6B0000F1400000E3EAFFFFB7230000
1785191335067,591A170000000000,A959AA01,8D61A033,662D0000,12000000,4C000000,03990000,6D6B0000,B0400000,DBEAFFFF,84240000,591A170000000000A959AA018D61A033662D0000120000004C000000039900006D6B0000B0400000DBEAFFFF84240000
1785191335067,BD1A170000000000,C859AA01,C661A033,662D0000,12000000,4C000000,AE990000,616B0000,70400000,D3EAFFFF,2F250000,BD1A170000000000C859AA01C661A033662D0000120000004C000000AE990000616B000070400000D3EAFFFF2F250000
1785191335067,221B170000000000,E659AA01,0162A033,662D0000,12000000,4C000000,379A0000,546B0000,2F400000,CAEAFFFF,B8250000,221B170000000000E659AA010162A033662D0000120000004C000000379A0000546B00002F400000CAEAFFFFB8250000
1785191336067,851B170000000000,055AAA01,3B62A033,662D0000,12000000,4C000000,A39A0000,486B0000,EE3F0000,C1EAFFFF,24260000,851B170000000000055AAA013B62A033662D0000120000004C000000A39A0000486B0000EE3F0000C1EAFFFF24260000
1785191336067,E91B170000000000,235AAA01,7662A033,662D0000,12000000,4C000000,FB9A0000,3C6B0000,AD3F0000,B8EAFFFF,7C260000,E91B170000000000235AAA017662A033662D0000120000004C000000FB9A00003C6B0000AD3F0000B8EAFFFF7C260000
1785191336067,4D1C170000000000,415AAA01,B262A033,662D0000,12000000,4C000000,359B0000,316B0000,6B3F0000,AFEAFFFF,B6260000,4D1C170000000000415AAA01B262A033662D0000120000004C000000359B0000316B00006B3F0000AFEAFFFFB6260000
1785191336067,B21C170000000000,5E5AAA01,EC62A033,662D0000,12000000,4C000000,509B0000,266B0000,2B3F0000,A1EAFFFF,D1260000,B21C1700000000005E5AAA01EC62A033662D0000120000004C000000509B0000266B00002B3F0000A1EAFFFFD1260000
1785191336067,161D170000000000,7B5AAA01,2663A033,662D0000,12000000,4C000000,589B0000,1B6B0000,EB3E0000,92EAFFFF,D9260000,161D1700000000007B5AAA012663A033662D0000120000004C000000589B00001B6B0000EB3E000092EAFFFFD9260000
1785191336067,7A1D170000000000,985AAA01,6163A033,662D0000,12000000,4C000000,499B0000,106B0000,AA3E0000,84EAFFFF,CA260000,7A1D170000000000985AAA016163A033662D0000120000004C000000499B0000106B0000AA3E000084EAFFFFCA260000
1785191336067,DE1D170000000000,B55AAA01,9B63A033,662D0000,12000000,4C000000,2D9B0000,066B0000,6A3E0000,75EAFFFF,AE260000,DE1D170000000000B55AAA019B63A033662D0000120000004C0000002D9B0000066B00006A3E000075EAFFFFAE260000
1785191336067,421E170000000000,D25AAA01,D563A033,662D0000,12000000,4C000000,0B9B0000,FB6A0000,2A3E0000,66EAFFFF,8C260000,421E170000000000D25AAA01D563A033662D0000120000004C0000000B9B0000FB6A00002A3E000066EAFFFF8C260000
1785191336067,A61E170000000000,EF5AAA01,0F64A033,662D0000,12000000,4C000000,E59A0000,F06A0000,EA3D0000,58EAFFFF,66260000,A61E170000000000EF5AAA010F64A033662D0000120000004C000000E59A0000F06A0000EA3D000058EAFFFF66260000
1785191336067,0B1F170000000000,0C5BAA01,4964A033,662D0000,12000000,4C000000,BE9A0000,E66A0000,AA3D0000,49EAFFFF,3F260000,0B1F1700000000000C5BAA014964A033662D0000120000004C000000BE9A0000E66A0000AA3D000049EAFFFF3F260000
1785191337067,6F1F170000000000,285BAA01,8364A033,662D0000,12000000,4C000000,979A0000,DB6A0000,6A3D0000,3BEAFFFF,18260000,6F1F170000000000285BAA018364A033662D0000120000004C000000979A0000DB6A00006A3D00003BEAFFFF18260000
1785191337067,D31F170000000000,455BAA01,BE64A033,662D0000,12000000,4C000000,709A0000,D16A0000,2A3D0000,2DEAFFFF,F1250000,D31F170000000000455BAA01BE64A033662D0000120000004C000000709A0000D16A00002A3D00002DEAFFFFF1250000
1785191337067,3720170000000000,625BAA01,F864A033,662D0000,12000000,4C000000,479A0000,C66A0000,EA3C0000,1EEAFFFF,C8250000,3720170000000000625BAA01F864A033662D0000120000004C000000479A0000C66A0000EA3C00001EEAFFFFC8250000
1785191337067,9B20170000000000,7E5BAA01,3265A033,662D0000,12000000,4C000000,1F9A0000,BC6A0000,AA3C0000,10EAFFFF,A0250000,9B201700000000007E5BAA013265A033662D0000120000004C0000001F9A0000BC6A0000AA3C000010EAFFFFA0250000
1785191337067,FF20170000000000,9B5BAA01,6D65A033,662D0000,12000000,4C000000,FE990000,B16A0000,6A3C0000,01EAFFFF,7F250000,FF201700000000009B5BAA016D65A033662D0000120000004C000000FE990000B16A00006A3C000001EAFFFF7F250000
1785191337067,C721170000000000,D45BAA01,E265A033,662D0000,12000000,4C000000,E8990000,9D6A0000,E93B0000,E4E9FFFF,69250000,C721170000000000D45BAA01E265A033662D0000120000004C000000E89900009D6A0000E93B0000E4E9FFFF69250000
1785191337067,2C22170000000000,F05BAA01,1C66A033,662D0000,12000000,4C000000,E6990000,936A0000,A93B0000,D5E9FFFF,67250000,2C22170000000000F05BAA011C66A033662D0000120000004C000000E6990000936A0000A93B0000D5E9FFFF67250000
1785191337067,9022170000000000,0C5CAA01,5666A033,662D0000,12000000,4C000000,E3990000,896A0000,693B0000,C7E9FFFF,64250000,90221700000000000C5CAA015666A033662D0000120000004C000000E3990000896A0000693B0000C7E9FFFF64250000
1785191337067,F422170000000000,295CAA01,9066A033,662D0000,12000000,4C000000,E0990000,7F6A0000,2A3B0000,B9E9FFFF,61250000,F422170000000000295CAA019066A033662D0000120000004C000000E09900007F6A00002A3B0000B9E9FFFF61250000
1785191338067,5823170000000000,445CAA01,CB66A033,662D0000,12000000,4C000000,DA990000,756A0000,EA3A0000,ABE9FFFF,5B250000,5823170000000000445CAA01CB66A033662D0000120000004C000000DA990000756A0000EA3A0000ABE9FFFF5B250000
1785191338067,BC23170000000000,615CAA01,0567A033,662D0000,12000000,4C000000,D5990000,6B6A0000,A93A0000,9DE9FFFF,56250000,BC23170000000000615CAA010567A033662D0000120000004C000000D59900006B6A0000A93A00009DE9FFFF56250000
1785191338067,2024170000000000,7D5CAA01,4167A033,662D0000,12000000,4C000000,D0990000,616A0000,683A0000,8FE9FFFF,51250000,20241700000000007D5CAA014167A033662D0000120000004C000000D0990000616A0000683A00008FE9FFFF51250000
1785191338067,8424170000000000,995CAA01,7C67A033,662D0000,12000000,4C000000,CA990000,576A0000,283A0000,80E9FFFF,4B250000,8424170000000000995CAA017C67A033662D0000120000004C000000CA990000576A0000283A000080E9FFFF4B250000
1785191338067,E924170000000000,B55CAA01,B767A033,662D0000,12000000,4C000000,C7990000,4E6A0000,E7390000,72E9FFFF,48250000,E924170000000000B55CAA01B767A033662D0000120000004C000000C79900004E6A0000E739000072E9FFFF48250000
1785191338067,4D25170000000000,D15CAA01,F167A033,662D0000,12000000,4C000000,C2990000,456A0000,A7390000,64E9FFFF,43250000,4D25170000000000D15CAA01F167A033662D0000120000004C000000C2990000456A0000A739000064E9FFFF43250000
1785191338067,B125170000000000,EC5CAA01,2C68A033,662D0000,12000000,4C000000,BD990000,3B6A0000,67390000,55E9FFFF,3E250000,B125170000000000EC5CAA012C68A033662D0000120000004C000000BD9900003B6A00006739000055E9FFFF3E250000
1785191338067,1526170000000000,085DAA01,6768A033,662D0000,12000000,4C000000,B5990000,326A0000,26390000,47E9FFFF,36250000,1526170000000000085DAA016768A033662D0000120000004C000000B5990000326A00002639000047E9FFFF36250000
1785191338067,7926170000000000,245DAA01,A268A033,662D0000,12000000,4C000000,AD990000,296A0000,E6380000,39E9FFFF,2E250000,7926170000000000245DAA01A268A033662D0000120000004C000000AD990000296A0000E638000039E9FFFF2E250000
1785191338067,DD26170000000000,3E5DAA01,DB68A033,662D0000,12000000,4C000000,A5990000,206A0000,A8380000,2BE9FFFF,26250000,DD261700000000003E5DAA01DB68A033662D0000120000004C000000A5990000206A0000A83800002BE9FFFF26250000
1785191339067,4127170000000000,585DAA01,1369A033,662D0000,12000000,4C000000,9C990000,176A0000,6A380000,1EE9FFFF,1D250000,4127170000000000585DAA011369A033662D0000120000004C0000009C990000176A00006A3800001EE9FFFF1D250000
1785191339067,A527170000000000,735DAA01,4E69A033,662D0000,12000000,4C000000,90990000,0E6A0000,2A380000,10E9FFFF,11250000,A527170000000000735DAA014E69A033662D0000120000004C000000909900000E6A00002A38000010E9FFFF11250000
1785191339067,0A28170000000000,8D5DAA01,8669A033,662D0000,12000000,4C000000,85990000,066A0000,ED370000,03E9FFFF,06250000,0A281700000000008D5DAA018669A033662D0000120000004C00000085990000066A0000ED37000003E9FFFF06250000
1785191339067,6E28170000000000,A85DAA01,BF69A033,662D0000,12000000,4C000000,7B990000,FD690000,AF370000,F6E8FFFF,FC240000,6E28170000000000A85DAA01BF69A033662D0000120000004C0000007B990000FD690000AF370000F6E8FFFFFC240000
1785191339067,D228170000000000,C25DAA01,F869A033,662D0000,12000000,4C000000,76990000,F4690000,71370000,E8E8FFFF,F7240000,D228170000000000C25DAA01F869A033662D0000120000004C00000076990000F469000071370000E8E8FFFFF7240000
1785191339067,3629170000000000,DD5DAA01,316AA033,662D0000,12000000,4C000000,71990000,EC690000,32370000,DBE8FFFF,F2240000,3629170000000000DD5DAA01316AA033662D0000120000004C00000071990000EC69000032370000DBE8FFFFF2240000
1785191339067,9A29170000000000,F75DAA01,6B6AA033,662D0000,12000000,4C000000,6D990000,E3690000,F3360000,CDE8FFFF,EE240000,9A29170000000000F75DAA016B6AA033662D0000120000004C0000006D990000E3690000F3360000CDE8FFFFEE240000
1785191339067,FE29170000000000,125EAA01,A46AA033,662D0000,12000000,4C000000,65990000,DA690000,B4360000,C0E8FFFF,E6240000,FE29170000000000125EAA01A46AA033662D0000120000004C00000065990000DA690000B4360000C0E8FFFFE6240000
1785191339067,632A170000000000,2D5EAA01,DD6AA033,662D0000,12000000,4C000000,5C990000,D1690000,76360000,B2E8FFFF,DD240000,632A1700000000002D5EAA01DD6AA033662D0000120000004C0000005C990000D169000076360000B2E8FFFFDD240000
1785191339067,C72A170000000000,485EAA01,186BA033,662D0000,12000000,4C000000,50990000,C8690000,36360000,A5E8FFFF,D1240000,C72A170000000000485EAA01186BA033662D0000120000004C00000050990000C869000036360000A5E8FFFFD1240000
1785191340067,2B2B170000000000,645EAA01,516BA033,662D0000,12000000,4C000000,47990000,BE690000,F7350000,98E8FFFF,C8240000,2B2B170000000000645EAA01516BA033662D0000120000004C00000047990000BE690000F735000098E8FFFFC8240000
1785191340067,8F2B170000000000,7F5EAA01,8A6BA033,662D0000,12000000,4C000000,3F990000,B5690000,B9350000,8BE8FFFF,C0240000,8F2B1700000000007F5EAA018A6BA033662D0000120000004C0000003F990000B5690000B93500008BE8FFFFC0240000
1785191340067,F32B170000000000,9A5EAA01,C36BA033,662D0000,12000000,4C000000,37990000,AB690000,7A350000,7EE8FFFF,B8240000,F32B1700000000009A5EAA01C36BA033662D0000120000004C00000037990000AB6900007A3500007EE8FFFFB8240000
1785191340067,572C170000000000,B55EAA01,FC6BA033,662D0000,12000000,4C000000,31990000,A2690000,3C350000,70E8FFFF,B2240000,572C170000000000B55EAA01FC6BA033662D0000120000004C00000031990000A26900003C35000070E8FFFFB2240000
1785191340067,BB2C170000000000,D05EAA01,346CA033,662D0000,12000000,4C000000,27990000,98690000,FE340000,63E8FFFF,A8240000,BB2C170000000000D05EAA01346CA033662D0000120000004C0000002799000098690000FE34000063E8FFFFA8240000
1785191340067,1F2D170000000000,EC5EAA01,6C6CA033,662D0000,12000000,4C000000,25990000,8E690000,C0340000,56E8FFFF,A6240000,1F2D170000000000EC5EAA016C6CA033662D0000120000004C000000259900008E690000C034000056E8FFFFA6240000
1785191340067,842D170000000000,085FAA01,A56CA033,662D0000,12000000,4C000000,2A990000,84690000,82340000,4AE8FFFF,AB240000,842D170000000000085FAA01A56CA033662D0000120000004C0000002A99000084690000823400004AE8FFFFAB240000
1785191340067,E82D170000000000,245FAA01,DD6CA033,662D0000,12000000,4C000000,31990000,79690000,45340000,3DE8FFFF,B2240000,E82D170000000000245FAA01DD6CA033662D0000120000004C0000003199000079690000453400003DE8FFFFB2240000
1785191340067,4C2E170000000000,405FAA01,156DA033,662D0000,12000000,4C000000,36990000,6F690000,07340000,31E8FFFF,B7240000,4C2E170000000000405FAA01156DA033662D0000120000004C000000369900006F6900000734000031E8FFFFB7240000
1785191340067,B02E170000000000,5C5FAA01,4D6DA033,662D0000,12000000,4C000000,3B990000,65690000,C9330000,25E8FFFF,BC240000,B02E1700000000005C5FAA014D6DA033662D0000120000004C0000003B99000065690000C933000025E8FFFFBC240000
1785191341067,142F170000000000,785FAA01,846DA033,662D0000,12000000,4C000000,46990000,5A690000,8C330000,18E8FFFF,C7240000,142F170000000000785FAA01846DA033662D0000120000004C000000469900005A6900008C33000018E8FFFFC7240000
1785191341067,782F170000000000,935FAA01,BA6DA033,662D0000,12000000,4C000000,4B990000,50690000,51330000,0DE8FFFF,CC240000,782F170000000000935FAA01BA6DA033662D0000120000004C0000004B99000050690000513300000DE8FFFFCC240000
1785191341067,DC2F170000000000,AE5FAA01,F06DA033,662D0000,12000000,4C000000,54990000,46690000,15330000,01E8FFFF,D5240000,DC2F170000000000AE5FAA01F06DA033662D0000120000004C00000054990000466900001533000001E8FFFFD5240000
1785191341067,4030170000000000,C95FAA01,266EA033,662D0000,12000000,4C000000,5C990000,3B690000,DA320000,F5E7FFFF,DD240000,4030170000000000C95FAA01266EA033662D0000120000004C0000005C9900003B690000DA320000F5E7FFFFDD240000
1785191341067,A530170000000000,E55FAA01,5C6EA033,662D0000,12000000,4C000000,64990000,31690000,9E320000,E9E7FFFF,E5240000,A530170000000000E55FAA015C6EA033662D0000120000004C00000064990000316900009E320000E9E7FFFFE5240000
1785191341067,0931170000000000,0060AA01,936EA033,662D0000,12000000,4C000000,6F990000,26690000,61320000,DEE7FFFF,F0240000,09311700000000000060AA01936EA033662D0000120000004C0000006F9900002669000061320000DEE7FFFFF0240000
1785191341067,6D31170000000000,1C60AA01,CA6EA033,662D0000,12000000,4C000000,79990000,1B690000,25320000,D2E7FFFF,FA240000,6D311700000000001C60AA01CA6EA033662D0000120000004C000000799900001B69000025320000D2E7FFFFFA240000
1785191341067,D131170000000000,3960AA01,026FA033,662D0000,12000000,4C000000,7E990000,10690000,E7310000,C7E7FFFF,FF240000,D1311700000000003960AA01026FA033662D0000120000004C0000007E99000010690000E7310000C7E7FFFFFF240000
1785191341067,3532170000000000,5560AA01,396FA033,662D0000,12000000,4C000000,81990000,06690000,AA310000,BBE7FFFF,02250000,35321700000000005560AA01396FA033662D0000120000004C0000008199000006690000AA310000BBE7FFFF02250000
1785191341067,9932170000000000,7160AA01,706FA033,662D0000,12000000,4C000000,84990000,FB680000,6D310000,AFE7FFFF,05250000,99321700000000007160AA01706FA033662D0000120000004C00000084990000FB6800006D310000AFE7FFFF05250000
1785191342067,FD32170000000000,8E60AA01,AA6FA033,662D0000,12000000,4C000000,88990000,F0680000,2D310000,A3E7FFFF,09250000,FD321700000000008E60AA01AA6FA033662D0000120000004C00000088990000F06800002D310000A3E7FFFF09250000
1785191342067,6133170000000000,A960AA01,E06FA033,662D0000,12000000,4C000000,8E990000,E5680000,F2300000,97E7FFFF,0F250000,6133170000000000A960AA01E06FA033662D0000120000004C0000008E990000E5680000F230000097E7FFFF0F250000
1785191342067,C633170000000000,C560AA01,1770A033,662D0000,12000000,4C000000,93990000,DB680000,B5300000,8CE7FFFF,14250000,C633170000000000C560AA011770A033662D0000120000004C00000093990000DB680000B53000008CE7FFFF14250000
1785191342067,2A34170000000000,E160AA01,4E70A033,662D0000,12000000,4C000000,9D990000,D0680000,78300000,80E7FFFF,1E250000,2A34170000000000E160AA014E70A033662D0000120000004C0000009D990000D06800007830000080E7FFFF1E250000
1785191342067,8E34170000000000,FD60AA01,8670A033,662D0000,12000000,4C000000,A3990000,C5680000,3A300000,74E7FFFF,24250000,8E34170000000000FD60AA018670A033662D0000120000004C000000A3990000C56800003A30000074E7FFFF24250000
1785191342067,F234170000000000,1A61AA01,BE70A033,662D0000,12000000,4C000000,A4990000,BA680000,FD2F0000,68E7FFFF,25250000,F2341700000000001A61AA01BE70A033662D0000120000004C000000A4990000BA680000FD2F000068E7FFFF25250000
1785191342067,5635170000000000,3661AA01,F570A033,662D0000,12000000,4C000000,A0990000,B0680000,BF2F0000,5CE7FFFF,21250000,56351700000000003661AA01F570A033662D0000120000004C000000A0990000B0680000BF2F00005CE7FFFF21250000
1785191342067,BA35170000000000,5261AA01,2D71A033,662D0000,12000000,4C000000,9B990000,A5680000,822F0000,50E7FFFF,1C250000,BA351700000000005261AA012D71A033662D0000120000004C0000009B990000A5680000822F000050E7FFFF1C250000
1785191342067,1E36170000000000,6E61AA01,6471A033,662D0000,12000000,4C000000,9D990000,9A680000,452F0000,44E7FFFF,1E250000,1E361700000000006E61AA016471A033662D0000120000004C0000009D9900009A680000452F000044E7FFFF1E250000
1785191343067,8A36170000000000,8961AA01,9B71A033,662D0000,12000000,4C000000,A7990000,90680000,082F0000,39E7FFFF,28250000,8A361700000000008961AA019B71A033662D0000120000004C000000A799000090680000082F000039E7FFFF28250000
1785191343067,E736170000000000,A561AA01,D271A033,662D0000,12000000,4C000000,A9990000,86680000,CC2E0000,2DE7FFFF,2A250000,E736170000000000A561AA01D271A033662D0000120000004C000000A999000086680000CC2E00002DE7FFFF2A250000
1785191343067,4B37170000000000,C061AA01,0B72A033,662D0000,12000000,4C000000,B0990000,7C680000,8E2E0000,21E7FFFF,31250000,4B37170000000000C061AA010B72A033662D0000120000004C000000B09900007C6800008E2E000021E7FFFF31250000
1785191343067,AF37170000000000,DC61AA01,4372A033,662D0000,12000000,4C000000,A6990000,72680000,502E0000,15E7FFFF,27250000,AF37170000000000DC61AA014372A033662D0000120000004C000000A699000072680000502E000015E7FFFF27250000
1785191343067,1338170000000000,F761AA01,7A72A033,662D0000,12000000,4C000000,A8990000,68680000,132E0000,09E7FFFF,29250000,1338170000000000F761AA017A72A033662D0000120000004C000000A899000068680000132E000009E7FFFF29250000
1785191343067,7738170000000000,1362AA01,B272A033,662D0000,12000000,4C000000,A2990000,5E680000,D52D0000,FDE6FFFF,23250000,77381700000000001362AA01B272A033662D0000120000004C000000A29900005E680000D52D0000FDE6FFFF23250000
1785191343067,DC38170000000000,2D62AA01,E872A033,662D0000,12000000,4C000000,A0990000,55680000,9A2D0000,F2E6FFFF,21250000,DC381700000000002D62AA01E872A033662D0000120000004C000000A0990000556800009A2D0000F2E6FFFF21250000
1785191343067,3F39170000000000,4762AA01,1E73A033,662D0000,12000000,4C000000,A2990000,4B680000,5F2D0000,E7E6FFFF,23250000,3F391700000000004762AA011E73A033662D0000120000004C000000A29900004B6800005F2D0000E7E6FFFF23250000
1785191343067,A439170000000000,6162AA01,5473A033,662D0000,12000000,4C000000,A6990000,42680000,242D0000,DCE6FFFF,27250000,A4391700000000006162AA015473A033662D0000120000004C000000A699000042680000242D0000DCE6FFFF27250000
1785191343067,083A170000000000,7A62AA01,8B73A033,662D0000,12000000,4C000000,A7990000,3A680000,E82C0000,D1E6FFFF,28250000,083A1700000000007A62AA018B73A033662D0000120000004C000000A79900003A680000E82C0000D1E6FFFF28250000
1785191344067,6C3A170000000000,9462AA01,C173A033,662D0000,12000000,4C000000,A2990000,31680000,AD2C0000,C7E6FFFF,23250000,6C3A1700000000009462AA01C173A033662D0000120000004C000000A299000031680000AD2C0000C7E6FFFF23250000
1785191344067,D03A170000000000,AE62AA01,F773A033,662D0000,12000000,4C000000,95990000,28680000,712C0000,BCE6FFFF,16250000,D03A170000000000AE62AA01F773A033662D0000120000004C0000009599000028680000712C0000BCE6FFFF16250000
1785191344067,343B170000000000,C762AA01,2E74A033,662D0000,12000000,4C000000,84990000,1F680000,362C0000,B1E6FFFF,05250000,343B170000000000C762AA012E74A033662D0000120000004C000000849900001F680000362C0000B1E6FFFF05250000
1785191344067,983B170000000000,E062AA01,6274A033,662D0000,12000000,4C000000,72990000,17680000,FD2B0000,A7E6FFFF,F3240000,983B170000000000E062AA016274A033662D0000120000004C0000007299000017680000FD2B0000A7E6FFFFF3240000
1785191344067,FD3B170000000000,F862AA01,9774A033,662D0000,12000000,4C000000,67990000,0F680000,C32B0000,9CE6FFFF,E8240000,FD3B170000000000F862AA019774A033662D0000120000004C000000679900000F680000C32B00009CE6FFFFE8240000
1785191344067,613C170000000000,1163AA01,CB74A033,662D0000,12000000,4C000000,5E990000,07680000,8A2B0000,91E6FFFF,DF240000,613C1700000000001163AA01CB74A033662D0000120000004C0000005E990000076800008A2B000091E6FFFFDF240000
1785191344067,C53C170000000000,2963AA01,0175A033,662D0000,12000000,4C000000,52990000,FF670000,502B0000,87E6FFFF,D3240000,C53C1700000000002963AA010175A033662D0000120000004C00000052990000FF670000502B000087E6FFFFD3240000
1785191344067,293D170000000000,4263AA01,3675A033,662D0000,12000000,4C000000,47990000,F7670000,152B0000,7CE6FFFF,C8240000,293D1700000000004263AA013675A033662D0000120000004C00000047990000F7670000152B00007CE6FFFFC8240000
1785191344067,8D3D170000000000,5B63AA01,6C75A033,662D0000,12000000,4C000000,38990000,EF670000,DB2A0000,72E6FFFF,B9240000,8D3D1700000000005B63AA016C75A033662D0000120000004C00000038990000EF670000DB2A000072E6FFFFB9240000
1785191344067,F13D170000000000,7463AA01,A175A033,662D0000,12000000,4C000000,27990000,E6670000,A02A0000,68E6FFFF,A8240000,F13D1700000000007463AA01A175A033662D0000120000004C00000027990000E6670000A02A000068E6FFFFA8240000
1785191345067,553E170000000000,8E63AA01,DA75A033,662D0000,12000000,4C000000,18990000,DE670000,632A0000,67E6FFFF,99240000,553E1700000000008E63AA01DA75A033662D0000120000004C00000018990000DE670000632A000067E6FFFF99240000
1785191345067,B93E170000000000,A863AA01,1276A033,662D0000,12000000,4C000000,0A990000,D5670000,252A0000,65E6FFFF,8B240000,B93E170000000000A863AA011276A033662D0000120000004C0000000A990000D5670000252A000065E6FFFF8B240000
1785191345067,1E3F170000000000,C263AA01,4A76A033,662D0000,12000000,4C000000,FE980000,CD670000,E8290000,63E6FFFF,7F240000,1E3F170000000000C263AA014A76A033662D0000120000004C000000FE980000CD670000E829000063E6FFFF7F240000
1785191345067,823F170000000000,DD63AA01,8476A033,662D0000,12000000,4C000000,FB980000,C4670000,A9290000,61E6FFFF,7C240000,823F170000000000DD63AA018476A033662D0000120000004C000000FB980000C4670000A929000061E6FFFF7C240000
1785191345067,E63F170000000000,F863AA01,BE76A033,662D0000,12000000,4C000000,FA980000,BB670000,69290000,5EE6FFFF,7B240000,E63F170000000000F863AA01BE76A033662D0000120000004C000000FA980000BB670000692900005EE6FFFF7B240000
1785191345067,4A40170000000000,1364AA01,F876A033,662D0000,12000000,4C000000,F8980000,B2670000,2A290000,5CE6FFFF,79240000,4A401700000000001364AA01F876A033662D0000120000004C000000F8980000B26700002A2900005CE6FFFF79240000
1785191345067,AE40170000000000,2E64AA01,3177A033,662D0000,12000000,4C000000,F0980000,A9670000,EB280000,5AE6FFFF,71240000,AE401700000000002E64AA013177A033662D0000120000004C000000F0980000A9670000EB2800005AE6FFFF71240000
1785191345067,1241170000000000,4964AA01,6A77A033,662D0000,12000000,4C000000,EB980000,A0670000,AD280000,58E6FFFF,6C240000,12411700000000004964AA016A77A033662D0000120000004C000000EB980000A0670000AD28000058E6FFFF6C240000
1785191345067,7641170000000000,6364AA01,A277A033,662D0000,12000000,4C000000,EC980000,97670000,70280000,56E6FFFF,6D240000,76411700000000006364AA01A277A033662D0000120000004C000000EC980000976700007028000056E6FFFF6D240000
1785191345067,DB41170000000000,7E64AA01,DA77A033,662D0000,12000000,4C000000,EB980000,8E670000,32280000,54E6FFFF,6C240000,DB411700000000007E64AA01DA77A033662D0000120000004C000000EB9800008E6700003228000054E6FFFF6C240000
1785191346067,3F42170000000000,9864AA01,1278A033,662D0000,12000000,4C000000,EA980000,85670000,F5270000,51E6FFFF,6B240000,3F421700000000009864AA011278A033662D0000120000004C000000EA98000085670000F527000051E6FFFF6B240000
1785191346067,A342170000000000,B364AA01,4B78A033,662D0000,12000000,4C000000,EE980000,7C670000,B8270000,4FE6FFFF,6F240000,A342170000000000B364AA014B78A033662D0000120000004C000000EE9800007C670000B82700004FE6FFFF6F240000
1785191346067,0743170000000000,CD64AA01,8378A033,662D0000,12000000,4C000000,F2980000,72670000,7A270000,4CE6FFFF,73240000,0743170000000000CD64AA018378A033662D0000120000004C000000F2980000726700007A2700004CE6FFFF73240000
1785191346067,6B43170000000000,E964AA01,BB78A033,662D0000,12000000,4C000000,F9980000,69670000,3C270000,4AE6FFFF,7A240000,6B43170000000000E964AA01BB78A033662D0000120000004C000000F9980000696700003C2700004AE6FFFF7A240000
1785191346067,CF43170000000000,0465AA01,F378A033,662D0000,12000000,4C000000,03990000,5F670000,FF260000,47E6FFFF,84240000,CF431700000000000465AA01F378A033662D0000120000004C000000039900005F670000FF26000047E6FFFF84240000
1785191346067,3344170000000000,1F65AA01,2C79A033,662D0000,12000000,4C000000,0D990000,55670000,C1260000,45E6FFFF,8E240000,33441700000000001F65AA012C79A033662D0000120000004C0000000D99000055670000C126000045E6FFFF8E240000
1785191346067,9744170000000000,3A65AA01,6479A033,662D0000,12000000,4C000000,10990000,4C670000,83260000,44E6FFFF,91240000,97441700000000003A65AA016479A033662D0000120000004C000000109900004C6700008326000044E6FFFF91240000
1785191346067,FC44170000000000,5665AA01,9D79A033,662D0000,12000000,4C000000,11990000,42670000,45260000,41E6FFFF,92240000,FC441700000000005665AA019D79A033662D0000120000004C00000011990000426700004526000041E6FFFF92240000
1785191346067,6045170000000000,7165AA01,D679A033,662D0000,12000000,4C000000,14990000,38670000,06260000,3FE6FFFF,95240000,60451700000000007165AA01D679A033662D0000120000004C0000001499000038670000062600003FE6FFFF95240000
1785191346067,C445170000000000,8D65AA01,0E7AA033,662D0000,12000000,4C000000,18990000,2E670000,C8250000,3CE6FFFF,99240000,C4451700000000008D65AA010E7AA033662D0000120000004C000000189900002E670000C82500003CE6FFFF99240000
1785191347067,2846170000000000,A965AA01,477AA033,662D0000,12000000,4C000000,20990000,24670000,89250000,3AE6FFFF,A1240000,2846170000000000A965AA01477AA033662D0000120000004C0000002099000024670000892500003AE6FFFFA1240000
1785191347067,8C46170000000000,C565AA01,817AA033,662D0000,12000000,4C000000,2E990000,1A670000,4A250000,37E6FFFF,AF240000,8C46170000000000C565AA01817AA033662D0000120000004C0000002E9900001A6700004A25000037E6FFFFAF240000
1785191347067,F046170000000000,E065AA01,B97AA033,662D0000,12000000,4C000000,3F990000,10670000,0C250000,35E6FFFF,C0240000,F046170000000000E065AA01B97AA033662D0000120000004C0000003F990000106700000C25000035E6FFFFC0240000
1785191347067,5447170000000000,FC65AA01,F27AA033,662D0000,12000000,4C000000,4C990000,06670000,CE240000,32E6FFFF,CD240000,5447170000000000FC65AA01F27AA033662D0000120000004C0000004C99000006670000CE24000032E6FFFFCD240000
1785191347067,B847170000000000,1866AA01,2B7BA033,662D0000,12000000,4C000000,54990000,FC660000,90240000,2FE6FFFF,D5240000,B8471700000000001866AA012B7BA033662D0000120000004C00000054990000FC660000902400002FE6FFFFD5240000
1785191347067,1D48170000000000,3366AA01,647BA033,662D0000,12000000,4C000000,57990000,F3660000,51240000,2DE6FFFF,D8240000,1D481700000000003366AA01647BA033662D0000120000004C00000057990000F3660000512400002DE6FFFFD8240000
1785191347067,8148170000000000,4E66AA01,9C7BA033,662D0000,12000000,4C000000,5F990000,E9660000,13240000,2AE6FFFF,E0240000,81481700000000004E66AA019C7BA033662D0000120000004C0000005F990000E9660000132400002AE6FFFFE0240000
1785191347067,E548170000000000,6A66AA01,D57BA033,662D0000,12000000,4C000000,63990000,DF660000,D4230000,29E6FFFF,E4240000,E5481700000000006A66AA01D57BA033662D0000120000004C00000063990000DF660000D423000029E6FFFFE4240000
1785191347067,4949170000000000,8566AA01,0E7CA033,662D0000,12000000,4C000000,69990000,D6660000,96230000,27E6FFFF,EA240000,49491700000000008566AA010E7CA033662D0000120000004C00000069990000D66600009623000027E6FFFFEA240000
1785191347067,AD49170000000000,A166AA01,477CA033,662D0000,12000000,4C000000,6E990000,CC660000,57230000,25E6FFFF,EF240000,AD49170000000000A166AA01477CA033662D0000120000004C0000006E990000CC6600005723000025E6FFFFEF240000
1785191348067,114A170000000000,BC66AA01,817CA033,662D0000,12000000,4C000000,75990000,C2660000,18230000,23E6FFFF,F6240000,114A170000000000BC66AA01817CA033662D0000120000004C00000075990000C26600001823000023E6FFFFF6240000
1785191348067,764A170000000000,D866AA01,BA7CA033,662D0000,12000000,4C000000,7E990000,B8660000,D9220000,21E6FFFF,FF240000,764A170000000000D866AA01BA7CA033662D0000120000004C0000007E990000B8660000D922000021E6FFFFFF240000
1785191348067,DA4A170000000000,F466AA01,F47CA033,662D0000,12000000,4C000000,7F990000,AE660000,9A220000,1EE6FFFF,00250000,DA4A170000000000F466AA01F47CA033662D0000120000004C0000007F990000AE6600009A2200001EE6FFFF00250000
1785191348067,3E4B170000000000,1067AA01,2D7DA033,662D0000,12000000,4C000000,7F990000,A4660000,5B220000,1BE6FFFF,00250000,3E4B1700000000001067AA012D7DA033662D0000120000004C0000007F990000A46600005B2200001BE6FFFF00250000
1785191348067,A24B170000000000,2C67AA01,667DA033,662D0000,12000000,4C000000,7B990000,9A660000,1C220000,18E6FFFF,FC240000,A24B1700000000002C67AA01667DA033662D0000120000004C0000007B9900009A6600001C22000018E6FFFFFC240000
1785191348067,064C170000000000,4867AA01,A07DA033,662D0000,12000000,4C000000,71990000,90660000,DD210000,16E6FFFF,F2240000,064C1700000000004867AA01A07DA033662D0000120000004C0000007199000090660000DD21000016E6FFFFF2240000
1785191348067,6A4C170000000000,6467AA01,DA7DA033,662D0000,12000000,4C000000,66990000,86660000,9E210000,14E6FFFF,E7240000,6A4C1700000000006467AA01DA7DA033662D0000120000004C00000066990000866600009E21000014E6FFFFE7240000
1785191348067,CE4C170000000000,8067AA01,147EA033,662D0000,12000000,4C000000,5E990000,7C660000,5E210000,12E6FFFF,DF240000,CE4C1700000000008067AA01147EA033662D0000120000004C0000005E9900007C6600005E21000012E6FFFFDF240000
1785191348067,324D170000000000,9D67AA01,4E7EA033,662D0000,12000000,4C000000,53990000,72660000,1E210000,0FE6FFFF,D4240000,324D1700000000009D67AA014E7EA033662D0000120000004C00000053990000726600001E2100000FE6FFFFD4240000
1785191348067,974D170000000000,B967AA01,887EA033,662D0000,12000000,4C000000,48990000,68660000,DE200000,0BE6FFFF,C9240000,974D170000000000B967AA01887EA033662D0000120000004C0000004899000068660000DE2000000BE6FFFFC9240000
1785191349067,FB4D170000000000,D567AA01,C27EA033,662D0000,12000000,4C000000,48990000,5E660000,9E200000,08E6FFFF,C9240000,FB4D170000000000D567AA01C27EA033662D0000120000004C000000489900005E6600009E20000008E6FFFFC9240000
1785191349067,5F4E170000000000,F067AA01,FC7EA033,662D0000,12000000,4C000000,51990000,54660000,5F200000,04E6FFFF,D2240000,5F4E170000000000F067AA01FC7EA033662D0000120000004C00000051990000546600005F20000004E6FFFFD2240000
1785191349067,C34E170000000000,0D68AA01,377FA033,662D0000,12000000,4C000000,62990000,4A660000,1E200000,01E6FFFF,E3240000,C34E1700000000000D68AA01377FA033662D0000120000004C000000629900004A6600001E20000001E6FFFFE3240000
1785191349067,274F170000000000,2868AA01,707FA033,662D0000,12000000,4C000000,72990000,41660000,E01F0000,FFE5FFFF,F3240000,274F1700000000002868AA01707FA033662D0000120000004C0000007299000041660000E01F0000FFE5FFFFF3240000
1785191349067,8B4F170000000000,4468AA01,AA7FA033,662D0000,12000000,4C000000,76990000,37660000,A01F0000,FCE5FFFF,F7240000,8B4F1700000000004468AA01AA7FA033662D0000120000004C0000007699000037660000A01F0000FCE5FFFFF7240000
1785191349067,EF4F170000000000,6068AA01,E47FA033,662D0000,12000000,4C000000,73990000,2D660000,601F0000,F9E5FFFF,F4240000,EF4F1700000000006068AA01E47FA033662D0000120000004C000000739900002D660000601F0000F9E5FFFFF4240000
1785191349067,5350170000000000,7C68AA01,1F80A033,662D0000,12000000,4C000000,69990000,23660000,1F1F0000,F6E5FFFF,EA240000,53501700000000007C68AA011F80A033662D0000120000004C00000069990000236600001F1F0000F6E5FFFFEA240000
1785191349067,B850170000000000,9868AA01,5980A033,662D0000,12000000,4C000000,5F990000,1A660000,E01E0000,F3E5FFFF,E0240000,B8501700000000009868AA015980A033662D0000120000004C0000005F9900001A660000E01E0000F3E5FFFFE0240000
1785191349067,1C51170000000000,B468AA01,9380A033,662D0000,12000000,4C000000,60990000,10660000,A01E0000,F0E5FFFF,E1240000,1C51170000000000B468AA019380A033662D0000120000004C0000006099000010660000A01E0000F0E5FFFFE1240000
1785191349067,8051170000000000,D068AA01,CE80A033,662D0000,12000000,4C000000,6A990000,06660000,601E0000,EDE5FFFF,EB240000,8051170000000000D068AA01CE80A033662D0000120000004C0000006A99000006660000601E0000EDE5FFFFEB240000
1785191350067,E451170000000000,EB68AA01,0881A033,662D0000,12000000,4C000000,70990000,FC650000,211E0000,E9E5FFFF,F1240000,E451170000000000EB68AA010881A033662D0000120000004C00000070990000FC650000211E0000E9E5FFFFF1240000
1785191350067,4852170000000000,0769AA01,4281A033,662D0000,12000000,4C000000,71990000,F3650000,E11D0000,E6E5FFFF,F2240000,48521700000000000769AA014281A033662D0000120000004C00000071990000F3650000E11D0000E6E5FFFFF2240000
1785191350067,AC52170000000000,2369AA01,7C81A033,662D0000,12000000,4C000000,73990000,E9650000,A11D0000,E2E5FFFF,F4240000,AC521700000000002369AA017C81A033662D0000120000004C00000073990000E9650000A11D0000E2E5FFFFF4240000
1785191350067,1053170000000000,3F69AA01,B781A033,662D0000,12000000,4C000000,69990000,DF650000,611D0000,DFE5FFFF,EA240000,10531700000000003F69AA01B781A033662D0000120000004C00000069990000DF650000611D0000DFE5FFFFEA240000
1785191350067,7553170000000000,5B69AA01,F181A033,662D0000,12000000,4C000000,59990000,D6650000,211D0000,DBE5FFFF,DA240000,75531700000000005B69AA01F181A033662D0000120000004C00000059990000D6650000211D0000DBE5FFFFDA240000
1785191350067,D953170000000000,7769AA01,2B82A033,662D0000,12000000,4C000000,4C990000,CC650000,E11C0000,D7E5FFFF,CD240000,D9531700000000007769AA012B82A033662D0000120000004C0000004C990000CC650000E11C0000D7E5FFFFCD240000
1785191350067,3D54170000000000,9369AA01,6582A033,662D0000,12000000,4C000000,4C990000,C2650000,A21C0000,D3E5FFFF,CD240000,3D541700000000009369AA016582A033662D0000120000004C0000004C990000C2650000A21C0000D3E5FFFFCD240000
1785191350067,A154170000000000,AE69AA01,9F82A033,662D0000,12000000,4C000000,4B990000,B8650000,631C0000,CFE5FFFF,CC240000,A154170000000000AE69AA019F82A033662D0000120000004C0000004B990000B8650000631C0000CFE5FFFFCC240000
1785191350067,0555170000000000,CA69AA01,D882A033,662D0000,12000000,4C000000,49990000,AF650000,241C0000,C9E5FFFF,CA240000,0555170000000000CA69AA01D882A033662D0000120000004C00000049990000AF650000241C0000C9E5FFFFCA240000
1785191350067,6955170000000000,E569AA01,1183A033,662D0000,12000000,4C000000,4A990000,A5650000,E51B0000,C4E5FFFF,CB240000,6955170000000000E569AA011183A033662D0000120000004C0000004A990000A5650000E51B0000C4E5FFFFCB240000
1785191351067,CD55170000000000,016AAA01,4A83A033,662D0000,12000000,4C000000,47990000,9B650000,A61B0000,BFE5FFFF,C8240000,CD55170000000000016AAA014A83A033662D0000120000004C000000479900009B650000A61B0000BFE5FFFFC8240000
1785191351067,3256170000000000,1C6AAA01,8383A033,662D0000,12000000,4C000000,42990000,92650000,681B0000,BBE5FFFF,C3240000,32561700000000001C6AAA018383A033662D0000120000004C0000004299000092650000681B0000BBE5FFFFC3240000
1785191351067,9656170000000000,376AAA01,BD83A033,662D0000,12000000,4C000000,43990000,88650000,291B0000,B6E5FFFF,C4240000,9656170000000000376AAA01BD83A033662D0000120000004C0000004399000088650000291B0000B6E5FFFFC4240000
1785191351067,FA56170000000000,536AAA01,F683A033,662D0000,12000000,4C000000,48990000,7F650000,EB1A0000,B2E5FFFF,C9240000,FA56170000000000536AAA01F683A033662D0000120000004C000000489900007F650000EB1A0000B2E5FFFFC9240000
1785191351067,5E57170000000000,6E6AAA01,2F84A033,662D0000,12000000,4C000000,4E990000,75650000,AC1A0000,ADE5FFFF,CF240000,5E571700000000006E6AAA012F84A033662D0000120000004C0000004E99000075650000AC1A0000ADE5FFFFCF240000
1785191351067,C257170000000000,8A6AAA01,6884A033,662D0000,12000000,4C000000,52990000,6C650000,6D1A0000,A8E5FFFF,D3240000,C2571700000000008A6AAA016884A033662D0000120000004C000000529900006C6500006D1A0000A8E5FFFFD3240000
1785191351067,2658170000000000,A56AAA01,A184A033,662D0000,12000000,4C000000,54990000,62650000,2F1A0000,A3E5FFFF,D5240000,2658170000000000A56AAA01A184A033662D0000120000004C00000054990000626500002F1A0000A3E5FFFFD5240000
1785191351067,8A58170000000000,C06AAA01,D984A033,662D0000,12000000,4C000000,52990000,59650000,F1190000,9FE5FFFF,D3240000,8A58170000000000C06AAA01D984A033662D0000120000004C0000005299000059650000F11900009FE5FFFFD3240000
1785191351067,EF58170000000000,DC6AAA01,1385A033,662D0000,12000000,4C000000,52990000,4F650000,B2190000,9AE5FFFF,D3240000,EF58170000000000DC6AAA011385A033662D0000120000004C000000529900004F650000B21900009AE5FFFFD3240000
1785191351067,5359170000000000,F76AAA01,4C85A033,662D0000,12000000,4C000000,56990000,45650000,74190000,95E5FFFF,D7240000,5359170000000000F76AAA014C85A033662D0000120000004C00000056990000456500007419000095E5FFFFD7240000
1785191352067,B759170000000000,126BAA01,8585A033,662D0000,12000000,4C000000,52990000,3C650000,35190000,91E5FFFF,D3240000,B759170000000000126BAA018585A033662D0000120000004C000000529900003C6500003519000091E5FFFFD3240000
1785191352067,1B5A170000000000,2E6BAA01,BE85A033,662D0000,12000000,4C000000,49990000,32650000,F6180000,8CE5FFFF,CA240000,1B5A1700000000002E6BAA01BE85A033662D0000120000004C0000004999000032650000F61800008CE5FFFFCA240000
1785191352067,7F5A170000000000,486BAA01,F785A033,662D0000,12000000,4C000000,41990000,29650000,B8180000,87E5FFFF,C2240000,7F5A170000000000486BAA01F785A033662D0000120000004C0000004199000029650000B818000087E5FFFFC2240000
1785191352067,E35A170000000000,636BAA01,2F86A033,662D0000,12000000,4C000000,40990000,20650000,7A180000,83E5FFFF,C1240000,E35A170000000000636BAA012F86A033662D0000120000004C00000040990000206500007A18000083E5FFFFC1240000
1785191352067,AB5B170000000000,986BAA01,A086A033,662D0000,12000000,4C000000,49990000,0E650000,FF170000,79E5FFFF,CA240000,AB5B170000000000986BAA01A086A033662D0000120000004C000000499900000E650000FF17000079E5FFFFCA240000
1785191352067,0F5C170000000000,B26BAA01,D986A033,662D0000,12000000,4C000000,4F990000,06650000,C2170000,74E5FFFF,D0240000,0F5C170000000000B26BAA01D986A033662D0000120000004C0000004F99000006650000C217000074E5FFFFD0240000
1785191352067,745C170000000000,CC6BAA01,1287A033,662D0000,12000000,4C000000,4F990000,FE640000,83170000,70E5FFFF,D0240000,745C170000000000CC6BAA011287A033662D0000120000004C0000004F990000FE6400008317000070E5FFFFD0240000
1785191352067,D85C170000000000,E56BAA01,4B87A033,662D0000,12000000,4C000000,4B990000,F6640000,46170000,6BE5FFFF,CC240000,D85C170000000000E56BAA014B87A033662D0000120000004C0000004B990000F6640000461700006BE5FFFFCC240000
1785191352067,3C5D170000000000,FE6BAA01,8387A033,662D0000,12000000,4C000000,48990000,EF640000,08170000,67E5FFFF,C9240000,3C5D170000000000FE6BAA018387A033662D0000120000004C00000048990000EF6400000817000067E5FFFFC9240000
1785191353067,A05D170000000000,176CAA01,BC87A033,662D0000,12000000,4C000000,45990000,E8640000,CB160000,62E5FFFF,C6240000,A05D170000000000176CAA01BC87A033662D0000120000004C00000045990000E8640000CB16000062E5FFFFC6240000
1785191353067,045E170000000000,306CAA01,F587A033,662D0000,12000000,4C000000,43990000,E1640000,8C160000,5EE5FFFF,C4240000,045E170000000000306CAA01F587A033662D0000120000004C00000043990000E16400008C1600005EE5FFFFC4240000
1785191353067,685E170000000000,486CAA01,2F88A033,662D0000,12000000,4C000000,3F990000,DA640000,4E160000,59E5FFFF,C0240000,685E170000000000486CAA012F88A033662D0000120000004C0000003F990000DA6400004E16000059E5FFFFC0240000
1785191353067,CD5E170000000000,616CAA01,6988A033,662D0000,12000000,4C000000,3A990000,D3640000,0F160000,54E5FFFF,BB240000,CD5E170000000000616CAA016988A033662D0000120000004C0000003A990000D36400000F16000054E5FFFFBB240000
1785191353067,315F170000000000,796CAA01,A488A033,662D0000,12000000,4C000000,30990000,CD640000,D1150000,4FE5FFFF,B1240000,315F170000000000796CAA01A488A033662D0000120000004C00000030990000CD640000D11500004FE5FFFFB1240000
1785191353067,955F170000000000,916CAA01,DE88A033,662D0000,12000000,4C000000,20990000,C7640000,92150000,4BE5FFFF,A1240000,955F170000000000916CAA01DE88A033662D0000120000004C00000020990000C7640000921500004BE5FFFFA1240000
1785191353067,F95F170000000000,A86CAA01,1889A033,662D0000,12000000,4C000000,09990000,C2640000,53150000,46E5FFFF,8A240000,F95F170000000000A86CAA011889A033662D0000120000004C00000009990000C26400005315000046E5FFFF8A240000
1785191353067,5D60170000000000,C06CAA01,5289A033,662D0000,12000000,4C000000,ED980000,BC640000,15150000,41E5FFFF,6E240000,5D60170000000000C06CAA015289A033662D0000120000004C000000ED980000BC6400001515000041E5FFFF6E240000
1785191353067,C160170000000000,D76CAA01,8D89A033,662D0000,12000000,4C000000,CE980000,B7640000,D6140000,3CE5FFFF,4F240000,C160170000000000D76CAA018D89A033662D0000120000004C000000CE980000B7640000D61400003CE5FFFF4F240000
1785191353067,2561170000000000,EE6CAA01,C789A033,662D0000,12000000,4C000000,AF980000,B1640000,98140000,38E5FFFF,30240000,2561170000000000EE6CAA01C789A033662D0000120000004C000000AF980000B16400009814000038E5FFFF30240000
1785191354067,8961170000000000,056DAA01,008AA033,662D0000,12000000,4C000000,93980000,AC640000,5A140000,34E5FFFF,14240000,8961170000000000056DAA01008AA033662D0000120000004C00000093980000AC6400005A14000034E5FFFF14240000
1785191354067,EE61170000000000,1C6DAA01,3A8AA033,662D0000,12000000,4C000000,79980000,A7640000,1C140000,30E5FFFF,FA230000,EE611700000000001C6DAA013A8AA033662D0000120000004C00000079980000A76400001C14000030E5FFFFFA230000
1785191354067,5262170000000000,336DAA01,748AA033,662D0000,12000000,4C000000,61980000,A2640000,DE130000,2BE5FFFF,E2230000,5262170000000000336DAA01748AA033662D0000120000004C00000061980000A2640000DE1300002BE5FFFFE2230000
1785191354067,B662170000000000,4A6DAA01,AF8AA033,662D0000,12000000,4C000000,4C980000,9D640000,9F130000,27E5FFFF,CD230000,B6621700000000004A6DAA01AF8AA033662D0000120000004C0000004C9800009D6400009F13000027E5FFFFCD230000
1785191354067,1A63170000000000,626DAA01,E98AA033,662D0000,12000000,4C000000,34980000,98640000,61130000,23E5FFFF,B5230000,1A63170000000000626DAA01E98AA033662D0000120000004C00000034980000986400006113000023E5FFFFB5230000
1785191354067,7E63170000000000,796DAA01,238BA033,662D0000,12000000,4C000000,16980000,92640000,22130000,1FE5FFFF,97230000,7E63170000000000796DAA01238BA033662D0000120000004C0000001698000092640000221300001FE5FFFF97230000
1785191354067,E263170000000000,906DAA01,5D8BA033,662D0000,12000000,4C000000,F8970000,8D640000,E4120000,1BE5FFFF,79230000,E263170000000000906DAA015D8BA033662D0000120000004C000000F89700008D640000E41200001BE5FFFF79230000
1785191354067,4664170000000000,A76DAA01,988BA033,662D0000,12000000,4C000000,DA970000,88640000,A5120000,17E5FFFF,5B230000,4664170000000000A76DAA01988BA033662D0000120000004C000000DA97000088640000A512000017E5FFFF5B230000
1785191354067,AA64170000000000,BF6DAA01,D28BA033,662D0000,12000000,4C000000,CB970000,82640000,67120000,13E5FFFF,4C230000,AA64170000000000BF6DAA01D28BA033662D0000120000004C000000CB970000826400006712000013E5FFFF4C230000
1785191354067,0F65170000000000,D66DAA01,0C8CA033,662D0000,12000000,4C000000,BC970000,7D640000,29120000,0FE5FFFF,3D230000,0F65170000000000D66DAA010C8CA033662D0000120000004C000000BC9700007D640000291200000FE5FFFF3D230000
1785191355067,7365170000000000,ED6DAA01,468CA033,662D0000,12000000,4C000000,B6970000,78640000,EA110000,0BE5FFFF,37230000,7365170000000000ED6DAA01468CA033662D0000120000004C000000B697000078640000EA1100000BE5FFFF37230000
1785191355067,D765170000000000,046EAA01,808CA033,662D0000,12000000,4C000000,B0970000,73640000,AC110000,07E5FFFF,31230000,D765170000000000046EAA01808CA033662D0000120000004C000000B097000073640000AC11000007E5FFFF31230000
1785191355067,3B66170000000000,1B6EAA01,B98CA033,662D0000,12000000,4C000000,A5970000,6E640000,6E110000,03E5FFFF,26230000,3B661700000000001B6EAA01B98CA033662D0000120000004C000000A59700006E6400006E11000003E5FFFF26230000
1785191355067,9F66170000000000,326EAA01,F38CA033,662D0000,12000000,4C000000,A4970000,68640000,30110000,FFE4FFFF,25230000,9F66170000000000326EAA01F38CA033662D0000120000004C000000A49700006864000030110000FFE4FFFF25230000
1785191355067,0367170000000000,496EAA01,2D8DA033,662D0000,12000000,4C000000,A7970000,63640000,F2100000,FBE4FFFF,28230000,0367170000000000496EAA012D8DA033662D0000120000004C000000A797000063640000F2100000FBE4FFFF28230000
1785191355067,6767170000000000,606EAA01,678DA033,662D0000,12000000,4C000000,AC970000,5E640000,B4100000,F7E4FFFF,2D230000,6767170000000000606EAA01678DA033662D0000120000004C000000AC9700005E640000B4100000F7E4FFFF2D230000
1785191355067,CC67170000000000,776EAA01,A18DA033,662D0000,12000000,4C000000,AC970000,59640000,76100000,F2E4FFFF,2D230000,CC67170000000000776EAA01A18DA033662D0000120000004C000000AC9700005964000076100000F2E4FFFF2D230000
1785191355067,3068170000000000,8E6EAA01,DB8DA033,662D0000,12000000,4C000000,AB970000,54640000,37100000,EEE4FFFF,2C230000,30681700000000008E6EAA01DB8DA033662D0000120000004C000000AB9700005464000037100000EEE4FFFF2C230000
1785191355067,9468170000000000,A56EAA01,168EA033,662D0000,12000000,4C000000,AC970000,4F640000,F90F0000,EAE4FFFF,2D230000,9468170000000000A56EAA01168EA033662D0000120000004C000000AC9700004F640000F90F0000EAE4FFFF2D230000
1785191355067,F868170000000000,BC6EAA01,508EA033,662D0000,12000000,4C000000,A7970000,49640000,BB0F0000,E6E4FFFF,28230000,F868170000000000BC6EAA01508EA033662D0000120000004C000000A797000049640000BB0F0000E6E4FFFF28230000
1785191356067,5C69170000000000,D36EAA01,898EA033,662D0000,12000000,4C000000,A7970000,44640000,7D0F0000,E2E4FFFF,28230000,5C69170000000000D36EAA01898EA033662D0000120000004C000000A7970000446400007D0F0000E2E4FFFF28230000
1785191356067,C069170000000000,EB6EAA01,C38EA033,662D0000,12000000,4C000000,A6970000,3E640000,3E0F0000,DFE4FFFF,27230000,C069170000000000EB6EAA01C38EA033662D0000120000004C000000A69700003E6400003E0F0000DFE4FFFF27230000
1785191356067,256A170000000000,026FAA01,FD8EA033,662D0000,12000000,4C000000,A8970000,39640000,000F0000,DBE4FFFF,29230000,256A170000000000026FAA01FD8EA033662D0000120000004C000000A897000039640000000F0000DBE4FFFF29230000
1785191356067,886A170000000000,1A6FAA01,378FA033,662D0000,12000000,4C000000,AA970000,33640000,C30E0000,D7E4FFFF,2B230000,886A1700000000001A6FAA01378FA033662D0000120000004C000000AA97000033640000C30E0000D7E4FFFF2B230000
1785191356067,ED6A170000000000,316FAA01,708FA033,662D0000,12000000,4C000000,A9970000,2D640000,850E0000,D4E4FFFF,2A230000,ED6A170000000000316FAA01708FA033662D0000120000004C000000A99700002D640000850E0000D4E4FFFF2A230000
1785191356067,516B170000000000,496FAA01,A98FA033,662D0000,12000000,4C000000,AA970000,27640000,470E0000,D1E4FFFF,2B230000,516B170000000000496FAA01A98FA033662D0000120000004C000000AA97000027640000470E0000D1E4FFFF2B230000
1785191356067,B56B170000000000,616FAA01,E38FA033,662D0000,12000000,4C000000,A9970000,21640000,080E0000,CDE4FFFF,2A230000,B56B170000000000616FAA01E38FA033662D0000120000004C000000A997000021640000080E0000CDE4FFFF2A230000
1785191356067,196C170000000000,7A6FAA01,1C90A033,662D0000,12000000,4C000000,B0970000,1A640000,CB0D0000,CAE4FFFF,31230000,196C1700000000007A6FAA011C90A033662D0000120000004C000000B09700001A640000CB0D0000CAE4FFFF31230000
1785191356067,816C170000000000,926FAA01,5590A033,662D0000,12000000,4C000000,B0970000,13640000,8D0D0000,C6E4FFFF,31230000,816C170000000000926FAA015590A033662D0000120000004C000000B0970000136400008D0D0000C6E4FFFF31230000
1785191356067,E16C170000000000,AC6FAA01,8F90A033,662D0000,12000000,4C000000,B1970000,0C640000,4F0D0000,C2E4FFFF,32230000,E16C170000000000AC6FAA018F90A033662D0000120000004C000000B19700000C6400004F0D0000C2E4FFFF32230000
1785191357067,466D170000000000,C56FAA01,C790A033,662D0000,12000000,4C000000,AF970000,04640000,110D0000,BFE4FFFF,30230000,466D170000000000C56FAA01C790A033662D0000120000004C000000AF97000004640000110D0000BFE4FFFF30230000
1785191357067,AA6D170000000000,DE6FAA01,0091A033,662D0000,12000000,4C000000,B3970000,FC630000,D40C0000,BBE4FFFF,34230000,AA6D170000000000DE6FAA010091A033662D0000120000004C000000B3970000FC630000D40C0000BBE4FFFF34230000
1785191357067,0E6E170000000000,F86FAA01,3891A033,662D0000,12000000,4C000000,BE970000,F4630000,960C0000,B7E4FFFF,3F230000,0E6E170000000000F86FAA013891A033662D0000120000004C000000BE970000F4630000960C0000B7E4FFFF3F230000
1785191357067,726E170000000000,1370AA01,7091A033,662D0000,12000000,4C000000,CB970000,EB630000,590C0000,B4E4FFFF,4C230000,726E1700000000001370AA017091A033662D0000120000004C000000CB970000EB630000590C0000B4E4FFFF4C230000
1785191357067,D66E170000000000,2D70AA01,A891A033,662D0000,12000000,4C000000,D5970000,E2630000,1C0C0000,B0E4FFFF,56230000,D66E1700000000002D70AA01A891A033662D0000120000004C000000D5970000E26300001C0C0000B0E4FFFF56230000
1785191357067,3A6F170000000000,4870AA01,E091A033,662D0000,12000000,4C000000,DE970000,D8630000,DE0B0000,ADE4FFFF,5F230000,3A6F1700000000004870AA01E091A033662D0000120000004C000000DE970000D8630000DE0B0000ADE4FFFF5F230000
1785191357067,9E6F170000000000,6370AA01,1892A033,662D0000,12000000,4C000000,F3970000,CE630000,A10B0000,A9E4FFFF,74230000,9E6F1700000000006370AA011892A033662D0000120000004C000000F3970000CE630000A10B0000A9E4FFFF74230000
1785191357067,0270170000000000,7F70AA01,5092A033,662D0000,12000000,4C000000,12980000,C4630000,630B0000,A6E4FFFF,93230000,02701700000000007F70AA015092A033662D0000120000004C00000012980000C4630000630B0000A6E4FFFF93230000
1785191357067,6770170000000000,9B70AA01,8892A033,662D0000,12000000,4C000000,30980000,BA630000,260B0000,A3E4FFFF,B1230000,67701700000000009B70AA018892A033662D0000120000004C00000030980000BA630000260B0000A3E4FFFFB1230000
1785191357067,CB70170000000000,B770AA01,C092A033,662D0000,12000000,4C000000,52980000,AF630000,E80A0000,9FE4FFFF,D3230000,CB70170000000000B770AA01C092A033662D0000120000004C00000052980000AF630000E80A00009FE4FFFFD3230000
1785191358067,2F71170000000000,D370AA01,F792A033,662D0000,12000000,4C000000,72980000,A4630000,AB0A0000,9CE4FFFF,F3230000,2F71170000000000D370AA01F792A033662D0000120000004C00000072980000A4630000AB0A00009CE4FFFFF3230000
1785191358067,9371170000000000,EF70AA01,2F93A033,662D0000,12000000,4C000000,93980000,99630000,6E0A0000,99E4FFFF,14240000,9371170000000000EF70AA012F93A033662D0000120000004C00000093980000996300006E0A000099E4FFFF14240000
1785191358067,F771170000000000,0C71AA01,6693A033,662D0000,12000000,4C000000,B4980000,8E630000,300A0000,96E4FFFF,35240000,F7711700000000000C71AA016693A033662D0000120000004C000000B49800008E630000300A000096E4FFFF35240000
1785191358067,5B72170000000000,2971AA01,9D93A033,662D0000,12000000,4C000000,DA980000,82630000,F3090000,92E4FFFF,5B240000,5B721700000000002971AA019D93A033662D0000120000004C000000DA98000082630000F309000092E4FFFF5B240000
1785191358067,BF72170000000000,4671AA01,D493A033,662D0000,12000000,4C000000,02990000,77630000,B6090000,8FE4FFFF,83240000,BF721700000000004671AA01D493A033662D0000120000004C0000000299000077630000B60900008FE4FFFF83240000
1785191358067,2373170000000000,6371AA01,0B94A033,662D0000,12000000,4C000000,2A990000,6B630000,79090000,8CE4FFFF,AB240000,23731700000000006371AA010B94A033662D0000120000004C0000002A9900006B630000790900008CE4FFFFAB240000
1785191358067,8873170000000000,8171AA01,4294A033,662D0000,12000000,4C000000,49990000,5E630000,3C090000,89E4FFFF,CA240000,88731700000000008171AA014294A033662D0000120000004C000000499900005E6300003C09000089E4FFFFCA240000
1785191358067,EC73170000000000,9E71AA01,7894A033,662D0000,12000000,4C000000,62990000,52630000,FF080000,86E4FFFF,E3240000,EC731700000000009E71AA017894A033662D0000120000004C0000006299000052630000FF08000086E4FFFFE3240000
1785191358067,5574170000000000,BC71AA01,AF94A033,662D0000,12000000,4C000000,79990000,45630000,C3080000,83E4FFFF,FA240000,5574170000000000BC71AA01AF94A033662D0000120000004C0000007999000045630000C308000083E4FFFFFA240000
1785191358067,B474170000000000,DB71AA01,E694A033,662D0000,12000000,4C000000,91990000,38630000,85080000,80E4FFFF,12250000,B474170000000000DB71AA01E694A033662D0000120000004C00000091990000386300008508000080E4FFFF12250000
1785191359067,1875170000000000,F871AA01,1A95A033,662D0000,12000000,4C000000,AB990000,2B630000,4A080000,7DE4FFFF,2C250000,1875170000000000F871AA011A95A033662D0000120000004C000000AB9900002B6300004A0800007DE4FFFF2C250000
1785191359067,7C75170000000000,1672AA01,5095A033,662D0000,12000000,4C000000,C6990000,1E630000,0E080000,7AE4FFFF,47250000,7C751700000000001672AA015095A033662D0000120000004C000000C69900001E6300000E0800007AE4FFFF47250000
1785191359067,E075170000000000,3372AA01,8595A033,662D0000,12000000,4C000000,DE990000,11630000,D3070000,76E4FFFF,5F250000,E0751700000000003372AA018595A033662D0000120000004C000000DE99000011630000D307000076E4FFFF5F250000
1785191359067,4576170000000000,5172AA01,B995A033,662D0000,12000000,4C000000,F9990000,05630000,99070000,73E4FFFF,7A250000,45761700000000005172AA01B995A033662D0000120000004C000000F9990000056300009907000073E4FFFF7A250000
1785191359067,A976170000000000,6E72AA01,ED95A033,662D0000,12000000,4C000000,119A0000,F8620000,5F070000,70E4FFFF,92250000,A9761700000000006E72AA01ED95A033662D0000120000004C000000119A0000F86200005F07000070E4FFFF92250000
1785191359067,0D77170000000000,8B72AA01,2096A033,662D0000,12000000,4C000000,289A0000,EB620000,26070000,6CE4FFFF,A9250000,0D771700000000008B72AA012096A033662D0000120000004C000000289A0000EB620000260700006CE4FFFFA9250000
1785191359067,7177170000000000,A972AA01,5496A033,662D0000,12000000,4C000000,3D9A0000,DD620000,EA060000,69E4FFFF,BE250000,7177170000000000A972AA015496A033662D0000120000004C0000003D9A0000DD620000EA06000069E4FFFFBE250000
1785191359067,D577170000000000,C772AA01,8996A033,662D0000,12000000,4C000000,519A0000,CF620000,B0060000,65E4FFFF,D2250000,D577170000000000C772AA018996A033662D0000120000004C000000519A0000CF620000B006000065E4FFFFD2250000
1785191359067,3978170000000000,E672AA01,BD96A033,662D0000,12000000,4C000000,689A0000,C2620000,75060000,62E4FFFF,E9250000,3978170000000000E672AA01BD96A033662D0000120000004C000000689A0000C26200007506000062E4FFFFE9250000
1785191359067,9D78170000000000,0573AA01,F196A033,662D0000,12000000,4C000000,819A0000,B3620000,3A060000,5EE4FFFF,02260000,9D781700000000000573AA01F196A033662D0000120000004C000000819A0000B36200003A0600005EE4FFFF02260000
1785191360067,0179170000000000,2473AA01,2697A033,662D0000,12000000,4C000000,989A0000,A5620000,FE050000,5BE4FFFF,19260000,01791700000000002473AA012697A033662D0000120000004C000000989A0000A5620000FE0500005BE4FFFF19260000
1785191360067,6679170000000000,4273AA01,5A97A033,662D0000,12000000,4C000000,A89A0000,96620000,C4050000,58E4FFFF,29260000,66791700000000004273AA015A97A033662D0000120000004C000000A89A000096620000C405000058E4FFFF29260000
1785191360067,CA79170000000000,6173AA01,8E97A033,662D0000,12000000,4C000000,B79A0000,88620000,89050000,54E4FFFF,38260000,CA791700000000006173AA018E97A033662D0000120000004C000000B79A0000886200008905000054E4FFFF38260000
1785191360067,2E7A170000000000,8173AA01,C297A033,662D0000,12000000,4C000000,C99A0000,79620000,4E050000,51E4FFFF,4A260000,2E7A1700000000008173AA01C297A033662D0000120000004C000000C99A0000796200004E05000051E4FFFF4A260000
1785191360067,927A170000000000,A173AA01,F797A033,662D0000,12000000,4C000000,D59A0000,6A620000,12050000,4DE4FFFF,56260000,927A170000000000A173AA01F797A033662D0000120000004C000000D59A00006A620000120500004DE4FFFF56260000
1785191360067,F77A170000000000,C173AA01,2C98A033,662D0000,12000000,4C000000,E19A0000,5B620000,D6040000,49E4FFFF,62260000,F77A170000000000C173AA012C98A033662D0000120000004C000000E19A00005B620000D604000049E4FFFF62260000
1785191360067,5A7B170000000000,E173AA01,6298A033,662D0000,12000000,4C000000,EF9A0000,4B620000,99040000,46E4FFFF,70260000,5A7B170000000000E173AA016298A033662D0000120000004C000000EF9A00004B6200009904000046E4FFFF70260000
1785191360067,BF7B170000000000,0174AA01,9698A033,662D0000,12000000,4C000000,039B0000,3D620000,5D040000,42E4FFFF,84260000,BF7B1700000000000174AA019698A033662D0000120000004C000000039B00003D6200005D04000042E4FFFF84260000
1785191360067,237C170000000000,2174AA01,CC98A033,662D0000,12000000,4C000000,119B0000,2E620000,21040000,3EE4FFFF,92260000,237C1700000000002174AA01CC98A033662D0000120000004C000000119B00002E620000210400003EE4FFFF92260000
1785191360067,877C170000000000,4074AA01,0099A033,662D0000,12000000,4C000000,269B0000,1F620000,E6030000,3AE4FFFF,A7260000,877C1700000000004074AA010099A033662D0000120000004C000000269B00001F620000E60300003AE4FFFFA7260000
1785191361067,EB7C170000000000,6074AA01,3599A033,662D0000,12000000,4C000000,3B9B0000,10620000,AA030000,37E4FFFF,BC260000,EB7C1700000000006074AA013599A033662D0000120000004C0000003B9B000010620000AA03000037E4FFFFBC260000
1785191361067,4F7D170000000000,7F74AA01,6A99A033,662D0000,12000000,4C000000,4D9B0000,01620000,6E030000,33E4FFFF,CE260000,4F7D1700000000007F74AA016A99A033662D0000120000004C0000004D9B0000016200006E03000033E4FFFFCE260000
1785191361067,B37D170000000000,9F74AA01,9E99A033,662D0000,12000000,4C000000,5A9B0000,F2610000,33030000,2FE4FFFF,DB260000,B37D1700000000009F74AA019E99A033662D0000120000004C0000005A9B0000F2610000330300002FE4FFFFDB260000
1785191361067,177E170000000000,BF74AA01,D399A033,662D0000,12000000,4C000000,6A9B0000,E2610000,F7020000,2CE4FFFF,EB260000,177E170000000000BF74AA01D399A033662D0000120000004C0000006A9B0000E2610000F70200002CE4FFFFEB260000
1785191361067,7B7E170000000000,DF74AA01,079AA033,662D0000,12000000,4C000000,7A9B0000,D3610000,BC020000,28E4FFFF,FB260000,7B7E170000000000DF74AA01079AA033662D0000120000004C0000007A9B0000D3610000BC02000028E4FFFFFB260000
1785191361067,E07E170000000000,FE74AA01,3B9AA033,662D0000,12000000,4C000000,809B0000,C5610000,81020000,25E4FFFF,01270000,E07E170000000000FE74AA013B9AA033662D0000120000004C000000809B0000C56100008102000025E4FFFF01270000
1785191361067,447F170000000000,1E75AA01,709AA033,662D0000,12000000,4C000000,819B0000,B6610000,46020000,21E4FFFF,02270000,447F1700000000001E75AA01709AA033662D0000120000004C000000819B0000B66100004602000021E4FFFF02270000
1785191361067,A87F170000000000,3C75AA01,A39AA033,662D0000,12000000,4C000000,829B0000,A7610000,0C020000,1EE4FFFF,03270000,A87F1700000000003C75AA01A39AA033662D0000120000004C000000829B0000A76100000C0200001EE4FFFF03270000
1785191361067,0C80170000000000,5B75AA01,D69AA033,662D0000,12000000,4C000000,829B0000,99610000,D2010000,1AE4FFFF,03270000,0C801700000000005B75AA01D69AA033662D0000120000004C000000829B000099610000D20100001AE4FFFF03270000
1785191361067,7080170000000000,7975AA01,099BA033,662D0000,12000000,4C000000,7F9B0000,8B610000,99010000,17E4FFFF,00270000,70801700000000007975AA01099BA033662D0000120000004C0000007F9B00008B6100009901000017E4FFFF00270000
1785191362067,D480170000000000,9775AA01,3C9BA033,662D0000,12000000,4C000000,7E9B0000,7D610000,5F010000,14E4FFFF,FF260000,D4801700000000009775AA013C9BA033662D0000120000004C0000007E9B00007D6100005F01000014E4FFFFFF260000
1785191362067,3881170000000000,B475AA01,6D9BA033,662D0000,12000000,4C000000,7D9B0000,6F610000,28010000,11E4FFFF,FE260000,3881170000000000B475AA016D9BA033662D0000120000004C0000007D9B00006F6100002801000011E4FFFFFE260000
1785191362067,9C81170000000000,D075AA01,9C9BA033,662D0000,12000000,4C000000,7F9B0000,62610000,F2000000,0FE4FFFF,00270000,9C81170000000000D075AA019C9BA033662D0000120000004C0000007F9B000062610000F20000000FE4FFFF00270000
1785191362067,0182170000000000,EC75AA01,CD9BA033,662D0000,12000000,4C000000,8C9B0000,56610000,BC000000,0CE4FFFF,0D270000,0182170000000000EC75AA01CD9BA033662D0000120000004C0000008C9B000056610000BC0000000CE4FFFF0D270000
1785191362067,6582170000000000,0876AA01,FD9BA033,662D0000,12000000,4C000000,959B0000,49610000,85000000,09E4FFFF,16270000,65821700000000000876AA01FD9BA033662D0000120000004C000000959B0000496100008500000009E4FFFF16270000
1785191362067,CA82170000000000,2376AA01,2D9CA033,662D0000,12000000,4C000000,939B0000,3D610000,50000000,07E4FFFF,14270000,CA821700000000002376AA012D9CA033662D0000120000004C000000939B00003D6100005000000007E4FFFF14270000
1785191362067,2D83170000000000,3E76AA01,5C9CA033,662D0000,12000000,4C000000,8E9B0000,31610000,1B000000,05E4FFFF,0F270000,2D831700000000003E76AA015C9CA033662D0000120000004C0000008E9B0000316100001B00000005E4FFFF0F270000
1785191362067,9183170000000000,5876AA01,8A9CA033,662D0000,12000000,4C000000,859B0000,26610000,E8FFFFFF,02E4FFFF,06270000,91831700000000005876AA018A9CA033662D0000120000004C000000859B000026610000E8FFFFFF02E4FFFF06270000
1785191362067,F683170000000000,7276AA01,B99CA033,662D0000,12000000,4C000000,7E9B0000,1A610000,B4FFFFFF,00E4FFFF,FF260000,F6831700000000007276AA01B99CA033662D0000120000004C0000007E9B00001A610000B4FFFFFF00E4FFFFFF260000
1785191362067,5984170000000000,8D76AA01,E89CA033,662D0000,12000000,4C000000,7A9B0000,0E610000,7FFFFFFF,FDE3FFFF,FB260000,59841700000000008D76AA01E89CA033662D0000120000004C0000007A9B00000E6100007FFFFFFFFDE3FFFFFB260000
1785191363067,BE84170000000000,A776AA01,189DA033,662D0000,12000000,4C000000,729B0000,03610000,49FFFFFF,FAE3FFFF,F3260000,BE84170000000000A776AA01189DA033662D0000120000004C000000729B00000361000049FFFFFFFAE3FFFFF3260000
1785191363067,2285170000000000,C276AA01,489DA033,662D0000,12000000,4C000000,649B0000,F8600000,14FFFFFF,F8E3FFFF,E5260000,2285170000000000C276AA01489DA033662D0000120000004C000000649B0000F860000014FFFFFFF8E3FFFFE5260000
1785191363067,8685170000000000,DE76AA01,7B9DA033,662D0000,12000000,4C000000,4E9B0000,EB600000,DBFEFFFF,F5E3FFFF,CF260000,8685170000000000DE76AA017B9DA033662D0000120000004C0000004E9B0000EB600000DBFEFFFFF5E3FFFFCF260000
1785191363067,EA85170000000000,FA76AA01,AE9DA033,662D0000,12000000,4C000000,309B0000,DF600000,A1FEFFFF,F2E3FFFF,B1260000,EA85170000000000FA76AA01AE9DA033662D0000120000004C000000309B0000DF600000A1FEFFFFF2E3FFFFB1260000
1785191363067,4E86170000000000,1777AA01,E29DA033,662D0000,12000000,4C000000,149B0000,D3600000,68FEFFFF,F0E3FFFF,95260000,4E861700000000001777AA01E29DA033662D0000120000004C000000149B0000D360000068FEFFFFF0E3FFFF95260000
1785191363067,B286170000000000,3377AA01,159EA033,662D0000,12000000,4C000000,FF9A0000,C7600000,2EFEFFFF,EFE3FFFF,80260000,B2861700000000003377AA01159EA033662D0000120000004C000000FF9A0000C76000002EFEFFFFEFE3FFFF80260000
1785191363067,1687170000000000,4F77AA01,499EA033,662D0000,12000000,4C000000,F09A0000,BB600000,F5FDFFFF,EDE3FFFF,71260000,16871700000000004F77AA01499EA033662D0000120000004C000000F09A0000BB600000F5FDFFFFEDE3FFFF71260000
1785191363067,7A87170000000000,6B77AA01,7C9EA033,662D0000,12000000,4C000000,E29A0000,B0600000,BCFDFFFF,ECE3FFFF,63260000,7A871700000000006B77AA017C9EA033662D0000120000004C000000E29A0000B0600000BCFDFFFFECE3FFFF63260000
1785191363067,DF87170000000000,8677AA01,B09EA033,662D0000,12000000,4C000000,D59A0000,A4600000,82FDFFFF,EBE3FFFF,56260000,DF871700000000008677AA01B09EA033662D0000120000004C000000D59A0000A460000082FDFFFFEBE3FFFF56260000
1785191363067,4388170000000000,A277AA01,E39EA033,662D0000,12000000,4C000000,C99A0000,99600000,49FDFFFF,E9E3FFFF,4A260000,4388170000000000A277AA01E39EA033662D0000120000004C000000C99A00009960000049FDFFFFE9E3FFFF4A260000
1785191364067,A788170000000000,BC77AA01,139FA033,662D0000,12000000,4C000000,C29A0000,8E600000,14FDFFFF,E8E3FFFF,43260000,A788170000000000BC77AA01139FA033662D0000120000004C000000C29A00008E60000014FDFFFFE8E3FFFF43260000
1785191364067,0B89170000000000,D577AA01,439FA033,662D0000,12000000,4C000000,B79A0000,84600000,DEFCFFFF,E6E3FFFF,38260000,0B89170000000000D577AA01439FA033662D0000120000004C000000B79A000084600000DEFCFFFFE6E3FFFF38260000
1785191364067,7089170000000000,EF77AA01,739FA033,662D0000,12000000,4C000000,AB9A0000,79600000,A9FCFFFF,E5E3FFFF,2C260000,7089170000000000EF77AA01739FA033662D0000120000004C000000AB9A000079600000A9FCFFFFE5E3FFFF2C260000
1785191364067,D389170000000000,0878AA01,A49FA033,662D0000,12000000,4C000000,A39A0000,6F600000,73FCFFFF,E4E3FFFF,24260000,D3891700000000000878AA01A49FA033662D0000120000004C000000A39A00006F60000073FCFFFFE4E3FFFF24260000
1785191364067,388A170000000000,2178AA01,D39FA033,662D0000,12000000,4C000000,9D9A0000,65600000,3EFCFFFF,E2E3FFFF,1E260000,388A1700000000002178AA01D39FA033662D0000120000004C0000009D9A0000656000003EFCFFFFE2E3FFFF1E260000
1785191364067,9B8A170000000000,3A78AA01,03A0A033,662D0000,12000000,4C000000,929A0000,5B600000,0AFCFFFF,E1E3FFFF,13260000,9B8A1700000000003A78AA0103A0A033662D0000120000004C000000929A00005B6000000AFCFFFFE1E3FFFF13260000
1785191364067,008B170000000000,5478AA01,34A0A033,662D0000,12000000,4C000000,879A0000,50600000,D3FBFFFF,E0E3FFFF,08260000,008B1700000000005478AA0134A0A033662D0000120000004C000000879A000050600000D3FBFFFFE0E3FFFF08260000
1785191364067,648B170000000000,6978AA01,5CA0A033,662D0000,12000000,4C000000,7C9A0000,48600000,A7FBFFFF,E0E3FFFF,FD250000,648B1700000000006978AA015CA0A033662D0000120000004C0000007C9A000048600000A7FBFFFFE0E3FFFFFD250000
1785191364067,C88B170000000000,7E78AA01,85A0A033,662D0000,12000000,4C000000,709A0000,40600000,79FBFFFF,DEE3FFFF,F1250000,C88B1700000000007E78AA0185A0A033662D0000120000004C000000709A00004060000079FBFFFFDEE3FFFFF1250000
1785191364067,2C8C170000000000,9378AA01,ADA0A033,662D0000,12000000,4C000000,659A0000,37600000,4DFBFFFF,DDE3FFFF,E6250000,2C8C1700000000009378AA01ADA0A033662D0000120000004C000000659A0000376000004DFBFFFFDDE3FFFFE6250000
1785191365067,918C170000000000,A678AA01,D1A0A033,662D0000,12000000,4C000000,5B9A0000,30600000,25FBFFFF,DDE3FFFF,DC250000,918C170000000000A678AA01D1A0A033662D0000120000004C0000005B9A00003060000025FBFFFFDDE3FFFFDC250000
1785191365067,F48C170000000000,B878AA01,F6A0A033,662D0000,12000000,4C000000,549A0000,29600000,FCFAFFFF,DCE3FFFF,D5250000,F48C170000000000B878AA01F6A0A033662D0000120000004C000000549A000029600000FCFAFFFFDCE3FFFFD5250000
1785191365067,598D170000000000,CA78AA01,18A1A033,662D0000,12000000,4C000000,4A9A0000,22600000,D7FAFFFF,DBE3FFFF,CB250000,598D170000000000CA78AA0118A1A033662D0000120000004C0000004A9A000022600000D7FAFFFFDBE3FFFFCB250000
1785191365067,BD8D170000000000,DB78AA01,39A1A033,662D0000,12000000,4C000000,3F9A0000,1B600000,B1FAFFFF,DAE3FFFF,C0250000,BD8D170000000000DB78AA0139A1A033662D0000120000004C0000003F9A00001B600000B1FAFFFFDAE3FFFFC0250000
1785191365067,218E170000000000,E978AA01,54A1A033,662D0000,12000000,4C000000,359A0000,16600000,94FAFFFF,DAE3FFFF,B6250000,218E170000000000E978AA0154A1A033662D0000120000004C000000359A00001660000094FAFFFFDAE3FFFFB6250000
1785191365067,858E170000000000,F678AA01,6DA1A033,662D0000,12000000,4C000000,2C9A0000,11600000,78FAFFFF,D9E3FFFF,AD250000,858E170000000000F678AA016DA1A033662D0000120000004C0000002C9A00001160000078FAFFFFD9E3FFFFAD250000
1785191365067,E98E170000000000,0279AA01,85A1A033,662D0000,12000000,4C000000,229A0000,0C600000,5EFAFFFF,D8E3FFFF,A3250000,E98E1700000000000279AA0185A1A033662D0000120000004C000000229A00000C6000005EFAFFFFD8E3FFFFA3250000
1785191365067,4D8F170000000000,0979AA01,94A1A033,662D0000,12000000,4C000000,189A0000,09600000,4EFAFFFF,D8E3FFFF,99250000,4D8F1700000000000979AA0194A1A033662D0000120000004C000000189A0000096000004EFAFFFFD8E3FFFF99250000
1785191365067,B18F170000000000,1179AA01,A2A1A033,662D0000,12000000,4C000000,119A0000,06600000,3EFAFFFF,D7E3FFFF,92250000,B18F1700000000001179AA01A2A1A033662D0000120000004C000000119A0000066000003EFAFFFFD7E3FFFF92250000
1785191365067,1590170000000000,1779AA01,AFA1A033,662D0000,12000000,4C000000,099A0000,04600000,2FFAFFFF,D7E3FFFF,8A250000,15901700000000001779AA01AFA1A033662D0000120000004C000000099A0000046000002FFAFFFFD7E3FFFF8A250000
1785191366067,7A90170000000000,1E79AA01,BDA1A033,662D0000,12000000,4C000000,019A0000,01600000,20FAFFFF,D6E3FFFF,82250000,7A901700000000001E79AA01BDA1A033662D0000120000004C000000019A00000160000020FAFFFFD6E3FFFF82250000
1785191366067,DE90170000000000,2479AA01,C7A1A033,662D0000,12000000,4C000000,FB990000,FF5F0000,15FAFFFF,D6E3FFFF,7C250000,DE901700000000002479AA01C7A1A033662D0000120000004C000000FB990000FF5F000015FAFFFFD6E3FFFF7C250000
1785191366067,4291170000000000,2979AA01,D1A1A033,662D0000,12000000,4C000000,F5990000,FD5F0000,0AFAFFFF,D5E3FFFF,76250000,42911700000000002979AA01D1A1A033662D0000120000004C000000F5990000FD5F00000AFAFFFFD5E3FFFF76250000
1785191366067,A691170000000000,2E79AA01,DCA1A033,662D0000,12000000,4C000000,EC990000,FB5F0000,FEF9FFFF,D5E3FFFF,6D250000,A6911700000000002E79AA01DCA1A033662D0000120000004C000000EC990000FB5F0000FEF9FFFFD5E3FFFF6D250000
1785191366067,0A92170000000000,3279AA01,E4A1A033,662D0000,12000000,4C000000,E4990000,FA5F0000,F5F9FFFF,D4E3FFFF,65250000,0A921700000000003279AA01E4A1A033662D0000120000004C000000E4990000FA5F0000F5F9FFFFD4E3FFFF65250000
1785191366067,6E92170000000000,3679AA01,EBA1A033,662D0000,12000000,4C000000,E0990000,F85F0000,EDF9FFFF,D4E3FFFF,61250000,6E921700000000003679AA01EBA1A033662D0000120000004C000000E0990000F85F0000EDF9FFFFD4E3FFFF61250000
1785191366067,D292170000000000,3979AA01,F2A1A033,662D0000,12000000,4C000000,DB990000,F75F0000,E5F9FFFF,D4E3FFFF,5C250000,D2921700000000003979AA01F2A1A033662D0000120000004C000000DB990000F75F0000E5F9FFFFD4E3FFFF5C250000
1785191366067,3693170000000000,3D79AA01,F9A1A033,662D0000,12000000,4C000000,DD990000,F55F0000,DEF9FFFF,D3E3FFFF,5E250000,36931700000000003D79AA01F9A1A033662D0000120000004C000000DD990000F55F0000DEF9FFFFD3E3FFFF5E250000
1785191366067,9B93170000000000,4179AA01,00A2A033,662D0000,12000000,4C000000,E5990000,F45F0000,D6F9FFFF,D3E3FFFF,66250000,9B931700000000004179AA0100A2A033662D0000120000004C000000E5990000F45F0000D6F9FFFFD3E3FFFF66250000
1785191366067,FF93170000000000,4479AA01,08A2A033,662D0000,12000000,4C000000,E9990000,F35F0000,CEF9FFFF,D2E3FFFF,6A250000,FF931700000000004479AA0108A2A033662D0000120000004C000000E9990000F35F0000CEF9FFFFD2E3FFFF6A250000
1785191367067,6394170000000000,4879AA01,0FA2A033,662D0000,12000000,4C000000,EB990000,F15F0000,C5F9FFFF,D2E3FFFF,6C250000,63941700000000004879AA010FA2A033662D0000120000004C000000EB990000F15F0000C5F9FFFFD2E3FFFF6C250000
1785191367067,C794170000000000,4C79AA01,17A2A033,662D0000,12000000,4C000000,EF990000,F05F0000,BDF9FFFF,D2E3FFFF,70250000,C7941700000000004C79AA0117A2A033662D0000120000004C000000EF990000F05F0000BDF9FFFFD2E3FFFF70250000
1785191367067,2B95170000000000,5279AA01,22A2A033,662D0000,12000000,4C000000,F0990000,ED5F0000,B0F9FFFF,D1E3FFFF,71250000,2B951700000000005279AA0122A2A033662D0000120000004C000000F0990000ED5F0000B0F9FFFFD1E3FFFF71250000
1785191367067,8F95170000000000,5779AA01,2DA2A033,662D0000,12000000,4C000000,F0990000,EB5F0000,A4F9FFFF,D0E3FFFF,71250000,8F951700000000005779AA012DA2A033662D0000120000004C000000F0990000EB5F0000A4F9FFFFD0E3FFFF71250000
1785191367067,F395170000000000,5D79AA01,39A2A033,662D0000,12000000,4C000000,F2990000,E95F0000,98F9FFFF,D0E3FFFF,73250000,F3951700000000005D79AA0139A2A033662D0000120000004C000000F2990000E95F000098F9FFFFD0E3FFFF73250000
1785191367067,5896170000000000,6579AA01,49A2A033,662D0000,12000000,4C000000,F4990000,E65F0000,86F9FFFF,CFE3FFFF,75250000,58961700000000006579AA0149A2A033662D0000120000004C000000F4990000E65F000086F9FFFFCFE3FFFF75250000
1785191367067,BC96170000000000,6E79AA01,5AA2A033,662D0000,12000000,4C000000,F4990000,E35F0000,73F9FFFF,CEE3FFFF,75250000,BC961700000000006E79AA015AA2A033662D0000120000004C000000F4990000E35F000073F9FFFFCEE3FFFF75250000
1785191367067,2097170000000000,7779AA01,6CA2A033,662D0000,12000000,4C000000,F5990000,DF5F0000,5FF9FFFF,CDE3FFFF,76250000,20971700000000007779AA016CA2A033662D0000120000004C000000F5990000DF5F00005FF9FFFFCDE3FFFF76250000
1785191367067,8497170000000000,8079AA01,7EA2A033,662D0000,12000000,4C000000,F6990000,DC5F0000,4BF9FFFF,CDE3FFFF,77250000,84971700000000008079AA017EA2A033662D0000120000004C000000F6990000DC5F00004BF9FFFFCDE3FFFF77250000
1785191367067,E897170000000000,8C79AA01,96A2A033,662D0000,12000000,4C000000,F6990000,D85F0000,30F9FFFF,CCE3FFFF,77250000,E8971700000000008C79AA0196A2A033662D0000120000004C000000F6990000D85F000030F9FFFFCCE3FFFF77250000
1785191368067,4C98170000000000,9979AA01,B1A2A033,662D0000,12000000,4C000000,F6990000,D35F0000,13F9FFFF,CBE3FFFF,77250000,4C981700000000009979AA01B1A2A033662D0000120000004C000000F6990000D35F000013F9FFFFCBE3FFFF77250000
1785191368067,B098170000000000,A679AA01,CBA2A033,662D0000,12000000,4C000000,F6990000,CE5F0000,F6F8FFFF,CAE3FFFF,77250000,B098170000000000A679AA01CBA2A033662D0000120000004C000000F6990000CE5F0000F6F8FFFFCAE3FFFF77250000
1785191368067,1499170000000000,B579AA01,EAA2A033,662D0000,12000000,4C000000,F5990000,C85F0000,D4F8FFFF,C9E3FFFF,76250000,1499170000000000B579AA01EAA2A033662D0000120000004C000000F5990000C85F0000D4F8FFFFC9E3FFFF76250000
1785191368067,7999170000000000,C579AA01,0AA3A033,662D0000,12000000,4C000000,F4990000,C35F0000,B1F8FFFF,C8E3FFFF,75250000,7999170000000000C579AA010AA3A033662D0000120000004C000000F4990000C35F0000B1F8FFFFC8E3FFFF75250000
1785191368067,DD99170000000000,D479AA01,29A3A033,662D0000,12000000,4C000000,F1990000,BD5F0000,8FF8FFFF,C7E3FFFF,72250000,DD99170000000000D479AA0129A3A033662D0000120000004C000000F1990000BD5F00008FF8FFFFC7E3FFFF72250000
1785191368067,419A170000000000,E479AA01,49A3A033,662D0000,12000000,4C000000,EB990000,B85F0000,6CF8FFFF,C6E3FFFF,6C250000,419A170000000000E479AA0149A3A033662D0000120000004C000000EB990000B85F00006CF8FFFFC6E3FFFF6C250000
1785191368067,A59A170000000000,F579AA01,6DA3A033,662D0000,12000000,4C000000,E1990000,B15F0000,44F8FFFF,C4E3FFFF,62250000,A59A170000000000F579AA016DA3A033662D0000120000004C000000E1990000B15F000044F8FFFFC4E3FFFF62250000
1785191368067,099B170000000000,077AAA01,91A3A033,662D0000,12000000,4C000000,D5990000,AB5F0000,1DF8FFFF,C3E3FFFF,56250000,099B170000000000077AAA0191A3A033662D0000120000004C000000D5990000AB5F00001DF8FFFFC3E3FFFF56250000
1785191368067,6D9B170000000000,187AAA01,B4A3A033,662D0000,12000000,4C000000,C5990000,A55F0000,F6F7FFFF,C3E3FFFF,46250000,6D9B170000000000187AAA01B4A3A033662D0000120000004C000000C5990000A55F0000F6F7FFFFC3E3FFFF46250000
1785191368067,D29B170000000000,297AAA01,D9A3A033,662D0000,12000000,4C000000,B3990000,9F5F0000,CEF7FFFF,C3E3FFFF,34250000,D29B170000000000297AAA01D9A3A033662D0000120000004C000000B39900009F5F0000CEF7FFFFC3E3FFFF34250000
1785191369067,369C170000000000,3C7AAA01,FEA3A033,662D0000,12000000,4C000000,A4990000,985F0000,A5F7FFFF,C2E3FFFF,25250000,369C1700000000003C7AAA01FEA3A033662D0000120000004C000000A4990000985F0000A5F7FFFFC2E3FFFF25250000
1785191369067,9A9C170000000000,4F7AAA01,26A4A033,662D0000,12000000,4C000000,9D990000,915F0000,7AF7FFFF,C1E3FFFF,1E250000,9A9C1700000000004F7AAA0126A4A033662D0000120000004C0000009D990000915F00007AF7FFFFC1E3FFFF1E250000
1785191369067,FE9C170000000000,627AAA01,4DA4A033,662D0000,12000000,4C000000,9E990000,8B5F0000,4EF7FFFF,BFE3FFFF,1F250000,FE9C170000000000627AAA014DA4A033662D0000120000004C0000009E9900008B5F00004EF7FFFFBFE3FFFF1F250000
1785191369067,629D170000000000,757AAA01,75A4A033,662D0000,12000000,4C000000,9D990000,845F0000,23F7FFFF,BDE3FFFF,1E250000,629D170000000000757AAA0175A4A033662D0000120000004C0000009D990000845F000023F7FFFFBDE3FFFF1E250000
1785191369067,C69D170000000000,8B7AAA01,A5A4A033,662D0000,12000000,4C000000,97990000,7C5F0000,EEF6FFFF,BBE3FFFF,18250000,C69D1700000000008B7AAA01A5A4A033662D0000120000004C000000979900007C5F0000EEF6FFFFBBE3FFFF18250000
1785191369067,2A9E170000000000,A27AAA01,D4A4A033,662D0000,12000000,4C000000,93990000,745F0000,BBF6FFFF,B9E3FFFF,14250000,2A9E170000000000A27AAA01D4A4A033662D0000120000004C00000093990000745F0000BBF6FFFFB9E3FFFF14250000
1785191369067,909E170000000000,B97AAA01,03A5A033,662D0000,12000000,4C000000,89990000,6D5F0000,87F6FFFF,B6E3FFFF,0A250000,909E170000000000B97AAA0103A5A033662D0000120000004C000000899900006D5F000087F6FFFFB6E3FFFF0A250000
1785191369067,F39E170000000000,D07AAA01,34A5A033,662D0000,12000000,4C000000,7B990000,655F0000,51F6FFFF,B5E3FFFF,FC240000,F39E170000000000D07AAA0134A5A033662D0000120000004C0000007B990000655F000051F6FFFFB5E3FFFFFC240000
1785191369067,579F170000000000,E77AAA01,65A5A033,662D0000,12000000,4C000000,69990000,5D5F0000,1CF6FFFF,B2E3FFFF,EA240000,579F170000000000E77AAA0165A5A033662D0000120000004C000000699900005D5F00001CF6FFFFB2E3FFFFEA240000
1785191369067,BB9F170000000000,FE7AAA01,96A5A033,662D0000,12000000,4C000000,56990000,555F0000,E7F5FFFF,B0E3FFFF,D7240000,BB9F170000000000FE7AAA0196A5A033662D0000120000004C00000056990000555F0000E7F5FFFFB0E3FFFFD7240000
1785191370067,1FA0170000000000,157BAA01,C7A5A033,662D0000,12000000,4C000000,45990000,4D5F0000,B0F5FFFF,AEE3FFFF,C6240000,1FA0170000000000157BAA01C7A5A033662D0000120000004C000000459900004D5F0000B0F5FFFFAEE3FFFFC6240000
1785191370067,83A0170000000000,2C7BAA01,F8A5A033,662D0000,12000000,4C000000,45990000,455F0000,7BF5FFFF,ACE3FFFF,C6240000,83A01700000000002C7BAA01F8A5A033662D0000120000004C00000045990000455F00007BF5FFFFACE3FFFFC6240000
1785191370067,E7A0170000000000,437BAA01,29A6A033,662D0000,12000000,4C000000,55990000,3E5F0000,46F5FFFF,AAE3FFFF,D6240000,E7A0170000000000437BAA0129A6A033662D0000120000004C000000559900003E5F000046F5FFFFAAE3FFFFD6240000
1785191370067,4BA1170000000000,5A7BAA01,5AA6A033,662D0000,12000000,4C000000,66990000,365F0000,10F5FFFF,A8E3FFFF,E7240000,4BA11700000000005A7BAA015AA6A033662D0000120000004C00000066990000365F000010F5FFFFA8E3FFFFE7240000
1785191370067,AFA1170000000000,717BAA01,8BA6A033,662D0000,12000000,4C000000,6E990000,2E5F0000,DAF4FFFF,A6E3FFFF,EF240000,AFA1170000000000717BAA018BA6A033662D0000120000004C0000006E9900002E5F0000DAF4FFFFA6E3FFFFEF240000
1785191370067,14A2170000000000,877BAA01,BBA6A033,662D0000,12000000,4C000000,61990000,275F0000,A6F4FFFF,A3E3FFFF,E2240000,14A2170000000000877BAA01BBA6A033662D0000120000004C00000061990000275F0000A6F4FFFFA3E3FFFFE2240000
1785191370067,78A2170000000000,9E7BAA01,ECA6A033,662D0000,12000000,4C000000,52990000,205F0000,70F4FFFF,A1E3FFFF,D3240000,78A21700000000009E7BAA01ECA6A033662D0000120000004C00000052990000205F000070F4FFFFA1E3FFFFD3240000
1785191370067,DCA2170000000000,B47BAA01,1DA7A033,662D0000,12000000,4C000000,4C990000,195F0000,3BF4FFFF,9EE3FFFF,CD240000,DCA2170000000000B47BAA011DA7A033662D0000120000004C0000004C990000195F00003BF4FFFF9EE3FFFFCD240000
1785191370067,40A3170000000000,CB7BAA01,4FA7A033,662D0000,12000000,4C000000,48990000,115F0000,05F4FFFF,9BE3FFFF,C9240000,40A3170000000000CB7BAA014FA7A033662D0000120000004C00000048990000115F000005F4FFFF9BE3FFFFC9240000
1785191370067,A4A3170000000000,E17BAA01,80A7A033,662D0000,12000000,4C000000,41990000,0A5F0000,CFF3FFFF,98E3FFFF,C2240000,A4A3170000000000E17BAA0180A7A033662D0000120000004C000000419900000A5F0000CFF3FFFF98E3FFFFC2240000
1785191371067,08A4170000000000,F87BAA01,B1A7A033,662D0000,12000000,4C000000,39990000,035F0000,9AF3FFFF,95E3FFFF,BA240000,08A4170000000000F87BAA01B1A7A033662D0000120000004C00000039990000035F00009AF3FFFF95E3FFFFBA240000
1785191371067,6CA4170000000000,0F7CAA01,E5A7A033,662D0000,12000000,4C000000,2F990000,FC5E0000,62F3FFFF,92E3FFFF,B0240000,6CA41700000000000F7CAA01E5A7A033662D0000120000004C0000002F990000FC5E000062F3FFFF92E3FFFFB0240000
1785191371067,D1A4170000000000,267CAA01,18A8A033,662D0000,12000000,4C000000,23990000,F45E0000,2AF3FFFF,8EE3FFFF,A4240000,D1A4170000000000267CAA0118A8A033662D0000120000004C00000023990000F45E00002AF3FFFF8EE3FFFFA4240000
1785191371067,35A5170000000000,3E7CAA01,4CA8A033,662D0000,12000000,4C000000,1A990000,ED5E0000,F1F2FFFF,8BE3FFFF,9B240000,35A51700000000003E7CAA014CA8A033662D0000120000004C0000001A990000ED5E0000F1F2FFFF8BE3FFFF9B240000
1785191371067,99A5170000000000,567CAA01,81A8A033,662D0000,12000000,4C000000,13990000,E55E0000,B7F2FFFF,86E3FFFF,94240000,99A5170000000000567CAA0181A8A033662D0000120000004C00000013990000E55E0000B7F2FFFF86E3FFFF94240000
1785191371067,FDA5170000000000,6E7CAA01,B6A8A033,662D0000,12000000,4C000000,0D990000,DE5E0000,7DF2FFFF,82E3FFFF,8E240000,FDA51700000000006E7CAA01B6A8A033662D0000120000004C0000000D990000DE5E00007DF2FFFF82E3FFFF8E240000
1785191371067,61A6170000000000,867CAA01,ECA8A033,662D0000,12000000,4C000000,03990000,D65E0000,43F2FFFF,7EE3FFFF,84240000,61A6170000000000867CAA01ECA8A033662D0000120000004C00000003990000D65E000043F2FFFF7EE3FFFF84240000
1785191371067,C5A6170000000000,9F7CAA01,21A9A033,662D0000,12000000,4C000000,FB980000,CE5E0000,09F2FFFF,7AE3FFFF,7C240000,C5A61700000000009F7CAA0121A9A033662D0000120000004C000000FB980000CE5E000009F2FFFF7AE3FFFF7C240000
1785191371067,29A7170000000000,B87CAA01,58A9A033,662D0000,12000000,4C000000,F7980000,C65E0000,CEF1FFFF,75E3FFFF,78240000,29A7170000000000B87CAA0158A9A033662D0000120000004C000000F7980000C65E0000CEF1FFFF75E3FFFF78240000
1785191371067,8DA7170000000000,D17CAA01,8EA9A033,662D0000,12000000,4C000000,EF980000,BE5E0000,92F1FFFF,70E3FFFF,70240000,8DA7170000000000D17CAA018EA9A033662D0000120000004C000000EF980000BE5E000092F1FFFF70E3FFFF70240000
1785191372067,F2A7170000000000,EB7CAA01,C6A9A033,662D0000,12000000,4C000000,E7980000,B55E0000,55F1FFFF,68E3FFFF,68240000,F2A7170000000000EB7CAA01C6A9A033662D0000120000004C000000E7980000B55E000055F1FFFF68E3FFFF68240000
1785191372067,56A8170000000000,057DAA01,FDA9A033,662D0000,12000000,4C000000,E3980000,AD5E0000,19F1FFFF,60E3FFFF,64240000,56A8170000000000057DAA01FDA9A033662D0000120000004C000000E3980000AD5E000019F1FFFF60E3FFFF64240000
1785191372067,BAA8170000000000,1F7DAA01,34AAA033,662D0000,12000000,4C000000,DD980000,A35E0000,DDF0FFFF,59E3FFFF,5E240000,BAA81700000000001F7DAA0134AAA033662D0000120000004C000000DD980000A35E0000DDF0FFFF59E3FFFF5E240000
1785191372067,1EA9170000000000,397DAA01,6AAAA033,662D0000,12000000,4C000000,DA980000,9A5E0000,A1F0FFFF,51E3FFFF,5B240000,1EA9170000000000397DAA016AAAA033662D0000120000004C000000DA9800009A5E0000A1F0FFFF51E3FFFF5B240000
1785191372067,82A9170000000000,537DAA01,A1AAA033,662D0000,12000000,4C000000,E2980000,915E0000,65F0FFFF,4AE3FFFF,63240000,82A9170000000000537DAA01A1AAA033662D0000120000004C000000E2980000915E000065F0FFFF4AE3FFFF63240000
1785191372067,E7A9170000000000,6E7DAA01,D8AAA033,662D0000,12000000,4C000000,DE980000,875E0000,29F0FFFF,43E3FFFF,5F240000,E7A91700000000006E7DAA01D8AAA033662D0000120000004C000000DE980000875E000029F0FFFF43E3FFFF5F240000
1785191372067,4BAA170000000000,897DAA01,10ABA033,662D0000,12000000,4C000000,DC980000,7E5E0000,EBEFFFFF,3CE3FFFF,5D240000,4BAA170000000000897DAA0110ABA033662D0000120000004C000000DC9800007E5E0000EBEFFFFF3CE3FFFF5D240000
1785191372067,AFAA170000000000,A47DAA01,46ABA033,662D0000,12000000,4C000000,E4980000,745E0000,AFEFFFFF,35E3FFFF,65240000,AFAA170000000000A47DAA0146ABA033662D0000120000004C000000E4980000745E0000AFEFFFFF35E3FFFF65240000
1785191372067,13AB170000000000,C07DAA01,7EABA033,662D0000,12000000,4C000000,EE980000,6A5E0000,73EFFFFF,2EE3FFFF,6F240000,13AB170000000000C07DAA017EABA033662D0000120000004C000000EE9800006A5E000073EFFFFF2EE3FFFF6F240000
1785191372067,77AB170000000000,DB7DAA01,B5ABA033,662D0000,12000000,4C000000,F8980000,5F5E0000,35EFFFFF,27E3FFFF,79240000,77AB170000000000DB7DAA01B5ABA033662D0000120000004C000000F89800005F5E000035EFFFFF27E3FFFF79240000
1785191373067,DBAB170000000000,F77DAA01,EDABA033,662D0000,12000000,4C000000,07990000,555E0000,F7EEFFFF,20E3FFFF,88240000,DBAB170000000000F77DAA01EDABA033662D0000120000004C00000007990000555E0000F7EEFFFF20E3FFFF88240000
1785191373067,3FAC170000000000,137EAA01,25ACA033,662D0000,12000000,4C000000,17990000,4A5E0000,BAEEFFFF,19E3FFFF,98240000,3FAC170000000000137EAA0125ACA033662D0000120000004C000000179900004A5E0000BAEEFFFF19E3FFFF98240000
1785191373067,A3AC170000000000,2F7EAA01,5DACA033,662D0000,12000000,4C000000,2C990000,405E0000,7CEEFFFF,11E3FFFF,AD240000,A3AC1700000000002F7EAA015DACA033662D0000120000004C0000002C990000405E00007CEEFFFF11E3FFFFAD240000
1785191373067,07AD170000000000,4C7EAA01,95ACA033,662D0000,12000000,4C000000,46990000,355E0000,3EEEFFFF,0AE3FFFF,C7240000,07AD1700000000004C7EAA0195ACA033662D0000120000004C00000046990000355E00003EEEFFFF0AE3FFFFC7240000
1785191373067,6CAD170000000000,687EAA01,CDACA033,662D0000,12000000,4C000000,58990000,2A5E0000,01EEFFFF,03E3FFFF,D9240000,6CAD170000000000687EAA01CDACA033662D0000120000004C000000589900002A5E000001EEFFFF03E3FFFFD9240000
1785191373067,D0AD170000000000,857EAA01,04ADA033,662D0000,12000000,4C000000,63990000,1F5E0000,C3EDFFFF,FCE2FFFF,E4240000,D0AD170000000000857EAA0104ADA033662D0000120000004C000000639900001F5E0000C3EDFFFFFCE2FFFFE4240000
1785191373067,34AE170000000000,A27EAA01,3CADA033,662D0000,12000000,4C000000,78990000,135E0000,85EDFFFF,F5E2FFFF,F9240000,34AE170000000000A27EAA013CADA033662D0000120000004C00000078990000135E000085EDFFFFF5E2FFFFF9240000
1785191373067,98AE170000000000,BF7EAA01,75ADA033,662D0000,12000000,4C000000,88990000,075E0000,47EDFFFF,EEE2FFFF,09250000,98AE170000000000BF7EAA0175ADA033662D0000120000004C00000088990000075E000047EDFFFFEEE2FFFF09250000
1785191373067,FCAE170000000000,DC7EAA01,ACADA033,662D0000,12000000,4C000000,8F990000,FC5D0000,09EDFFFF,E7E2FFFF,10250000,FCAE170000000000DC7EAA01ACADA033662D0000120000004C0000008F990000FC5D000009EDFFFFE7E2FFFF10250000
1785191373067,60AF170000000000,F87EAA01,E1ADA033,662D0000,12000000,4C000000,99990000,F05D0000,CEECFFFF,E1E2FFFF,1A250000,60AF170000000000F87EAA01E1ADA033662D0000120000004C00000099990000F05D0000CEECFFFFE1E2FFFF1A250000
1785191374067,C4AF170000000000,147FAA01,16AEA033,662D0000,12000000,4C000000,A5990000,E55D0000,94ECFFFF,DAE2FFFF,26250000,C4AF170000000000147FAA0116AEA033662D0000120000004C000000A5990000E55D000094ECFFFFDAE2FFFF26250000
1785191374067,28B0170000000000,307FAA01,4AAEA033,662D0000,12000000,4C000000,AC990000,DA5D0000,5AECFFFF,D4E2FFFF,2D250000,28B0170000000000307FAA014AAEA033662D0000120000004C000000AC990000DA5D00005AECFFFFD4E2FFFF2D250000
1785191374067,8DB0170000000000,4C7FAA01,7DAEA033,662D0000,12000000,4C000000,B7990000,CE5D0000,21ECFFFF,CDE2FFFF,38250000,8DB01700000000004C7FAA017DAEA033662D0000120000004C000000B7990000CE5D000021ECFFFFCDE2FFFF38250000
1785191374067,F1B0170000000000,667FAA01,ADAEA033,662D0000,12000000,4C000000,CA990000,C35D0000,EBEBFFFF,C7E2FFFF,4B250000,F1B0170000000000667FAA01ADAEA033662D0000120000004C000000CA990000C35D0000EBEBFFFFC7E2FFFF4B250000
1785191374067,55B1170000000000,807FAA01,DDAEA033,662D0000,12000000,4C000000,E2990000,B85D0000,B6EBFFFF,C0E2FFFF,63250000,55B1170000000000807FAA01DDAEA033662D0000120000004C000000E2990000B85D0000B6EBFFFFC0E2FFFF63250000
1785191374067,B9B1170000000000,9C7FAA01,0EAFA033,662D0000,12000000,4C000000,F1990000,AC5D0000,7FEBFFFF,BAE2FFFF,72250000,B9B11700000000009C7FAA010EAFA033662D0000120000004C000000F1990000AC5D00007FEBFFFFBAE2FFFF72250000
1785191374067,1DB2170000000000,B77FAA01,3FAFA033,662D0000,12000000,4C000000,FF990000,A05D0000,49EBFFFF,B4E2FFFF,80250000,1DB2170000000000B77FAA013FAFA033662D0000120000004C000000FF990000A05D000049EBFFFFB4E2FFFF80250000
1785191374067,81B2170000000000,D27FAA01,6EAFA033,662D0000,12000000,4C000000,109A0000,945D0000,14EBFFFF,ADE2FFFF,91250000,81B2170000000000D27FAA016EAFA033662D0000120000004C000000109A0000945D000014EBFFFFADE2FFFF91250000
1785191374067,E5B2170000000000,ED7FAA01,9CAFA033,662D0000,12000000,4C000000,1B9A0000,875D0000,DFEAFFFF,A7E2FFFF,9C250000,E5B2170000000000ED7FAA019CAFA033662D0000120000004C0000001B9A0000875D0000DFEAFFFFA7E2FFFF9C250000
1785191374067,4AB3170000000000,0980AA01,CCAFA033,662D0000,12000000,4C000000,229A0000,7A5D0000,AAEAFFFF,A1E2FFFF,A3250000,4AB31700000000000980AA01CCAFA033662D0000120000004C000000229A00007A5D0000AAEAFFFFA1E2FFFFA3250000
1785191375067,AEB3170000000000,2780AA01,FCAFA033,662D0000,12000000,4C000000,309A0000,6C5D0000,73EAFFFF,9BE2FFFF,B1250000,AEB31700000000002780AA01FCAFA033662D0000120000004C000000309A00006C5D000073EAFFFF9BE2FFFFB1250000
1785191375067,12B4170000000000,4480AA01,2BB0A033,662D0000,12000000,4C000000,429A0000,5D5D0000,3DEAFFFF,94E2FFFF,C3250000,12B41700000000004480AA012BB0A033662D0000120000004C000000429A00005D5D00003DEAFFFF94E2FFFFC3250000
1785191375067,76B4170000000000,6380AA01,5BB0A033,662D0000,12000000,4C000000,589A0000,4E5D0000,07EAFFFF,8EE2FFFF,D9250000,76B41700000000006380AA015BB0A033662D0000120000004C000000589A00004E5D000007EAFFFF8EE2FFFFD9250000
1785191375067,DEB4170000000000,8280AA01,89B0A033,662D0000,12000000,4C000000,709A0000,3E5D0000,D2E9FFFF,88E2FFFF,F1250000,DEB41700000000008280AA0189B0A033662D0000120000004C000000709A00003E5D0000D2E9FFFF88E2FFFFF1250000
1785191375067,3EB5170000000000,A280AA01,B7B0A033,662D0000,12000000,4C000000,8B9A0000,2C5D0000,9CE9FFFF,82E2FFFF,0C260000,3EB5170000000000A280AA01B7B0A033662D0000120000004C0000008B9A00002C5D00009CE9FFFF82E2FFFF0C260000
1785191375067,A2B5170000000000,C380AA01,E4B0A033,662D0000,12000000,4C000000,AA9A0000,1A5D0000,67E9FFFF,7CE2FFFF,2B260000,A2B5170000000000C380AA01E4B0A033662D0000120000004C000000AA9A00001A5D000067E9FFFF7CE2FFFF2B260000
1785191375067,06B6170000000000,E580AA01,12B1A033,662D0000,12000000,4C000000,C09A0000,065D0000,32E9FFFF,75E2FFFF,41260000,06B6170000000000E580AA0112B1A033662D0000120000004C000000C09A0000065D000032E9FFFF75E2FFFF41260000
1785191375067,6BB6170000000000,0981AA01,3FB1A033,662D0000,12000000,4C000000,DA9A0000,F15C0000,FDE8FFFF,6FE2FFFF,5B260000,6BB61700000000000981AA013FB1A033662D0000120000004C000000DA9A0000F15C0000FDE8FFFF6FE2FFFF5B260000
1785191375067,CFB6170000000000,2D81AA01,6BB1A033,662D0000,12000000,4C000000,FE9A0000,DC5C0000,C8E8FFFF,69E2FFFF,7F260000,CFB61700000000002D81AA016BB1A033662D0000120000004C000000FE9A0000DC5C0000C8E8FFFF69E2FFFF7F260000
1785191375067,33B7170000000000,5181AA01,95B1A033,662D0000,12000000,4C000000,349B0000,C55C0000,94E8FFFF,63E2FFFF,B5260000,33B71700000000005181AA0195B1A033662D0000120000004C000000349B0000C55C000094E8FFFF63E2FFFFB5260000
1785191376067,97B7170000000000,7781AA01,C0B1A033,662D0000,12000000,4C000000,729B0000,AD5C0000,60E8FFFF,5DE2FFFF,F3260000,97B71700000000007781AA01C0B1A033662D0000120000004C000000729B0000AD5C000060E8FFFF5DE2FFFFF3260000
1785191376067,FBB7170000000000,9D81AA01,E9B1A033,662D0000,12000000,4C000000,AF9B0000,955C0000,2FE8FFFF,57E2FFFF,30270000,FBB71700000000009D81AA01E9B1A033662D0000120000004C000000AF9B0000955C00002FE8FFFF57E2FFFF30270000
1785191376067,5FB8170000000000,C281AA01,10B2A033,662D0000,12000000,4C000000,F09B0000,7D5C0000,FFE7FFFF,51E2FFFF,71270000,5FB8170000000000C281AA0110B2A033662D0000120000004C000000F09B00007D5C0000FFE7FFFF51E2FFFF71270000
1785191376067,C3B8170000000000,E981AA01,36B2A033,662D0000,12000000,4C000000,429C0000,635C0000,CFE7FFFF,4BE2FFFF,C3270000,C3B8170000000000E981AA0136B2A033662D0000120000004C000000429C0000635C0000CFE7FFFF4BE2FFFFC3270000
1785191376067,27B9170000000000,1182AA01,5BB2A033,662D0000,12000000,4C000000,A19C0000,485C0000,9FE7FFFF,45E2FFFF,22280000,27B91700000000001182AA015BB2A033662D0000120000004C000000A19C0000485C00009FE7FFFF45E2FFFF22280000
1785191376067,8CB9170000000000,3882AA01,7FB2A033,662D0000,12000000,4C000000,0A9D0000,2C5C0000,72E7FFFF,3FE2FFFF,8B280000,8CB91700000000003882AA017FB2A033662D0000120000004C0000000A9D00002C5C000072E7FFFF3FE2FFFF8B280000
1785191376067,F0B9170000000000,6282AA01,A3B2A033,662D0000,12000000,4C000000,729D0000,0F5C0000,44E7FFFF,38E2FFFF,F3280000,F0B91700000000006282AA01A3B2A033662D0000120000004C000000729D00000F5C000044E7FFFF38E2FFFFF3280000
1785191376067,54BA170000000000,8D82AA01,C5B2A033,662D0000,12000000,4C000000,E99D0000,F05B0000,16E7FFFF,32E2FFFF,6A290000,54BA1700000000008D82AA01C5B2A033662D0000120000004C000000E99D0000F05B000016E7FFFF32E2FFFF6A290000
1785191376067,B8BA170000000000,B882AA01,E6B2A033,662D0000,12000000,4C000000,569E0000,D05B0000,EBE6FFFF,2BE2FFFF,D7290000,B8BA170000000000B882AA01E6B2A033662D0000120000004C000000569E0000D05B0000EBE6FFFF2BE2FFFFD7290000
1785191376067,1CBB170000000000,E382AA01,05B3A033,662D0000,12000000,4C000000,C69E0000,AF5B0000,C0E6FFFF,25E2FFFF,472A0000,1CBB170000000000E382AA0105B3A033662D0000120000004C000000C69E0000AF5B0000C0E6FFFF25E2FFFF472A0000
1785191377067,80BB170000000000,1083AA01,22B3A033,662D0000,12000000,4C000000,359F0000,8D5B0000,97E6FFFF,1EE2FFFF,B62A0000,80BB1700000000001083AA0122B3A033662D0000120000004C000000359F00008D5B000097E6FFFF1EE2FFFFB62A0000
1785191377067,E5BB170000000000,4083AA01,3FB3A033,662D0000,12000000,4C000000,AC9F0000,685B0000,6DE6FFFF,18E2FFFF,2D2B0000,E5BB1700000000004083AA013FB3A033662D0000120000004C000000AC9F0000685B00006DE6FFFF18E2FFFF2D2B0000
1785191377067,49BC170000000000,6F83AA01,59B3A033,662D0000,12000000,4C000000,24A00000,425B0000,47E6FFFF,11E2FFFF,A52B0000,49BC1700000000006F83AA0159B3A033662D0000120000004C00000024A00000425B000047E6FFFF11E2FFFFA52B0000
1785191377067,ADBC170000000000,A183AA01,72B3A033,662D0000,12000000,4C000000,A4A00000,1A5B0000,20E6FFFF,0BE2FFFF,252C0000,ADBC170000000000A183AA0172B3A033662D0000120000004C000000A4A000001A5B000020E6FFFF0BE2FFFF252C0000
1785191377067,11BD170000000000,D583AA01,8AB3A033,662D0000,12000000,4C000000,25A10000,EF5A0000,FAE5FFFF,05E2FFFF,A62C0000,11BD170000000000D583AA018AB3A033662D0000120000004C00000025A10000EF5A0000FAE5FFFF05E2FFFFA62C0000
1785191377067,75BD170000000000,0B84AA01,A0B3A033,662D0000,12000000,4C000000,A6A10000,C25A0000,D5E5FFFF,FEE1FFFF,272D0000,75BD1700000000000B84AA01A0B3A033662D0000120000004C000000A6A10000C25A0000D5E5FFFFFEE1FFFF272D0000
1785191377067,D9BD170000000000,4384AA01,B5B3A033,662D0000,12000000,4C000000,31A20000,935A0000,B2E5FFFF,F7E1FFFF,B22D0000,D9BD1700000000004384AA01B5B3A033662D0000120000004C00000031A20000935A0000B2E5FFFFF7E1FFFFB22D0000
1785191377067,3DBE170000000000,7A84AA01,C6B3A033,662D0000,12000000,4C000000,D4A20000,635A0000,91E5FFFF,F1E1FFFF,552E0000,3DBE1700000000007A84AA01C6B3A033662D0000120000004C000000D4A20000635A000091E5FFFFF1E1FFFF552E0000
1785191377067,A1BE170000000000,B184AA01,D5B3A033,662D0000,12000000,4C000000,78A30000,325A0000,72E5FFFF,EAE1FFFF,F92E0000,A1BE170000000000B184AA01D5B3A033662D0000120000004C00000078A30000325A000072E5FFFFEAE1FFFFF92E0000
1785191377067,06BF170000000000,EC84AA01,E3B3A033,662D0000,12000000,4C000000,18A40000,FE590000,54E5FFFF,E4E1FFFF,992F0000,06BF170000000000EC84AA01E3B3A033662D0000120000004C00000018A40000FE59000054E5FFFFE4E1FFFF992F0000
1785191378067,6ABF170000000000,2985AA01,EEB3A033,662D0000,12000000,4C000000,C6A40000,C7590000,38E5FFFF,DEE1FFFF,47300000,6ABF1700000000002985AA01EEB3A033662D0000120000004C000000C6A40000C759000038E5FFFFDEE1FFFF47300000
1785191378067,CEBF170000000000,6685AA01,F6B3A033,662D0000,12000000,4C000000,85A50000,8F590000,1EE5FFFF,D8E1FFFF,06310000,CEBF1700000000006685AA01F6B3A033662D0000120000004C00000085A500008F5900001EE5FFFFD8E1FFFF06310000
1785191378067,32C0170000000000,A485AA01,FDB3A033,662D0000,12000000,4C000000,51A60000,55590000,06E5FFFF,D1E1FFFF,D2310000,32C0170000000000A485AA01FDB3A033662D0000120000004C00000051A600005559000006E5FFFFD1E1FFFFD2310000
1785191378067,96C0170000000000,E485AA01,01B4A033,662D0000,12000000,4C000000,1FA70000,1A590000,F0E4FFFF,CBE1FFFF,A0320000,96C0170000000000E485AA0101B4A033662D0000120000004C0000001FA700001A590000F0E4FFFFCBE1FFFFA0320000
1785191378067,FAC0170000000000,2386AA01,02B4A033,662D0000,12000000,4C000000,F6A70000,DD580000,DCE4FFFF,C5E1FFFF,77330000,FAC01700000000002386AA0102B4A033662D0000120000004C000000F6A70000DD580000DCE4FFFFC5E1FFFF77330000
1785191378067,5EC1170000000000,6186AA01,00B4A033,662D0000,12000000,4C000000,BEA80000,A1580000,CCE4FFFF,BEE1FFFF,3F340000,5EC11700000000006186AA0100B4A033662D0000120000004C000000BEA80000A1580000CCE4FFFFBEE1FFFF3F340000
1785191378067,C2C1170000000000,A086AA01,FBB3A033,662D0000,12000000,4C000000,90A90000,64580000,BEE4FFFF,B6E1FFFF,11350000,C2C1170000000000A086AA01FBB3A033662D0000120000004C00000090A9000064580000BEE4FFFFB6E1FFFF11350000
1785191378067,27C2170000000000,DE86AA01,F4B3A033,662D0000,12000000,4C000000,7AAA0000,26580000,B3E4FFFF,AEE1FFFF,FB350000,27C2170000000000DE86AA01F4B3A033662D0000120000004C0000007AAA000026580000B3E4FFFFAEE1FFFFFB350000
1785191378067,8BC2170000000000,1C87AA01,EAB3A033,662D0000,12000000,4C000000,5DAB0000,E8570000,ABE4FFFF,A6E1FFFF,DE360000,8BC21700000000001C87AA01EAB3A033662D0000120000004C0000005DAB0000E8570000ABE4FFFFA6E1FFFFDE360000
1785191378067,EFC2170000000000,5887AA01,DDB3A033,662D0000,12000000,4C000000,2BAC0000,AB570000,A5E4FFFF,9EE1FFFF,AC370000,EFC21700000000005887AA01DDB3A033662D0000120000004C0000002BAC0000AB570000A5E4FFFF9EE1FFFFAC370000
1785191379067,53C3170000000000,9487AA01,CFB3A033,662D0000,12000000,4C000000,04AD0000,6D570000,A2E4FFFF,95E1FFFF,85380000,53C31700000000009487AA01CFB3A033662D0000120000004C00000004AD00006D570000A2E4FFFF95E1FFFF85380000
1785191379067,B7C3170000000000,CF87AA01,BEB3A033,662D0000,12000000,4C000000,DEAD0000,31570000,A0E4FFFF,8DE1FFFF,5F390000,B7C3170000000000CF87AA01BEB3A033662D0000120000004C000000DEAD000031570000A0E4FFFF8DE1FFFF5F390000
1785191379067,1BC4170000000000,0988AA01,ACB3A033,662D0000,12000000,4C000000,B0AE0000,F4560000,A1E4FFFF,85E1FFFF,313A0000,1BC41700000000000988AA01ACB3A033662D0000120000004C000000B0AE0000F4560000A1E4FFFF85E1FFFF313A0000
1785191379067,7FC4170000000000,4488AA01,98B3A033,662D0000,12000000,4C000000,88AF0000,B5560000,A3E4FFFF,7DE1FFFF,093B0000,7FC41700000000004488AA0198B3A033662D0000120000004C00000088AF0000B5560000A3E4FFFF7DE1FFFF093B0000
1785191379067,E4C4170000000000,7F88AA01,81B3A033,662D0000,12000000,4C000000,64B00000,76560000,A8E4FFFF,74E1FFFF,E53B0000,E4C41700000000007F88AA0181B3A033662D0000120000004C00000064B0000076560000A8E4FFFF74E1FFFFE53B0000
1785191379067,48C5170000000000,B888AA01,69B3A033,662D0000,12000000,4C000000,4BB10000,38560000,AEE4FFFF,6CE1FFFF,CC3C0000,48C5170000000000B888AA0169B3A033662D0000120000004C0000004BB1000038560000AEE4FFFF6CE1FFFFCC3C0000
1785191379067,ACC5170000000000,F188AA01,4FB3A033,662D0000,12000000,4C000000,48B20000,FA550000,B7E4FFFF,64E1FFFF,C93D0000,ACC5170000000000F188AA014FB3A033662D0000120000004C00000048B20000FA550000B7E4FFFF64E1FFFFC93D0000
1785191379067,10C6170000000000,2989AA01,33B3A033,662D0000,12000000,4C000000,52B30000,BD550000,C1E4FFFF,5CE1FFFF,D33E0000,10C61700000000002989AA0133B3A033662D0000120000004C00000052B30000BD550000C1E4FFFF5CE1FFFFD33E0000
1785191379067,74C6170000000000,6089AA01,16B3A033,662D0000,12000000,4C000000,60B40000,80550000,CCE4FFFF,54E1FFFF,E13F0000,74C61700000000006089AA0116B3A033662D0000120000004C00000060B4000080550000CCE4FFFF54E1FFFFE13F0000
1785191379067,D8C6170000000000,9689AA01,F8B2A033,662D0000,12000000,4C000000,4FB50000,43550000,D9E4FFFF,4CE1FFFF,D0400000,D8C61700000000009689AA01F8B2A033662D0000120000004C0000004FB5000043550000D9E4FFFF4CE1FFFFD0400000
1785191380067,3DC7170000000000,CD89AA01,DAB2A033,662D0000,12000000,4C000000,25B60000,06550000,E6E4FFFF,44E1FFFF,A6410000,3DC7170000000000CD89AA01DAB2A033662D0000120000004C00000025B6000006550000E6E4FFFF44E1FFFFA6410000
1785191380067,A1C7170000000000,038AAA01,BBB2A033,662D0000,12000000,4C000000,DBB60000,CA540000,F4E4FFFF,3DE1FFFF,5C420000,A1C7170000000000038AAA01BBB2A033662D0000120000004C000000DBB60000CA540000F4E4FFFF3DE1FFFF5C420000
1785191380067,05C8170000000000,378AAA01,9CB2A033,662D0000,12000000,4C000000,90B70000,8E540000,03E5FFFF,36E1FFFF,11430000,05C8170000000000378AAA019CB2A033662D0000120000004C00000090B700008E54000003E5FFFF36E1FFFF11430000
1785191380067,69C8170000000000,6E8AAA01,7CB2A033,662D0000,12000000,4C000000,37B80000,50540000,11E5FFFF,2EE1FFFF,B8430000,69C81700000000006E8AAA017CB2A033662D0000120000004C00000037B800005054000011E5FFFF2EE1FFFFB8430000
1785191380067,CDC8170000000000,A68AAA01,5BB2A033,662D0000,12000000,4C000000,DFB80000,12540000,21E5FFFF,28E1FFFF,60440000,CDC8170000000000A68AAA015BB2A033662D0000120000004C000000DFB800001254000021E5FFFF28E1FFFF60440000
1785191380067,31C9170000000000,DC8AAA01,3BB2A033,662D0000,12000000,4C000000,86B90000,D4530000,30E5FFFF,21E1FFFF,07450000,31C9170000000000DC8AAA013BB2A033662D0000120000004C00000086B90000D453000030E5FFFF21E1FFFF07450000
1785191380067,95C9170000000000,148BAA01,1AB2A033,662D0000,12000000,4C000000,38BA0000,96530000,3FE5FFFF,19E1FFFF,B9450000,95C9170000000000148BAA011AB2A033662D0000120000004C00000038BA0000965300003FE5FFFF19E1FFFFB9450000
1785191380067,F9C9170000000000,4A8BAA01,F9B1A033,662D0000,12000000,4C000000,4C2E0000,58530000,4EE5FFFF,12E1FFFF,CEB9FFFF,F9C91700000000004A8BAA01F9B1A033662D0000120000004C0000004C2E0000585300004EE5FFFF12E1FFFFCEB9FFFF
1785191380067,5ECA170000000000,808BAA01,DAB1A033,662D0000,12000000,4C000000,EB2E0000,1B530000,5DE5FFFF,0BE1FFFF,6DBAFFFF,5ECA170000000000808BAA01DAB1A033662D0000120000004C000000EB2E00001B5300005DE5FFFF0BE1FFFF6DBAFFFF
1785191380067,C2CA170000000000,B78BAA01,BAB1A033,662D0000,12000000,4C000000,682F0000,DD520000,6CE5FFFF,03E1FFFF,EABAFFFF,C2CA170000000000B78BAA01BAB1A033662D0000120000004C000000682F0000DD5200006CE5FFFF03E1FFFFEABAFFFF
1785191381067,26CB170000000000,EE8BAA01,99B1A033,662D0000,12000000,4C000000,C12F0000,9F520000,7AE5FFFF,FBE0FFFF,43BBFFFF,26CB170000000000EE8BAA0199B1A033662D0000120000004C000000C12F00009F5200007AE5FFFFFBE0FFFF43BBFFFF
1785191381067,8ACB170000000000,5A8CAA01,5AB1A033,662D0000,12000000,4C000000,05300000,25520000,98E5FFFF,EDE0FFFF,87BBFFFF,8ACB1700000000005A8CAA015AB1A033662D0000120000004C000000053000002552000098E5FFFFEDE0FFFF87BBFFFF
1785191381067,EECB170000000000,908CAA01,3BB1A033,662D0000,12000000,4C000000,2E300000,E8510000,A6E5FFFF,E6E0FFFF,B0BBFFFF,EECB170000000000908CAA013BB1A033662D0000120000004C0000002E300000E8510000A6E5FFFFE6E0FFFFB0BBFFFF
1785191381067,52CC170000000000,908CAA01,3BB1A033,662D0000,12000000,4C000000,4D300000,E8510000,A6E5FFFF,E6E0FFFF,CFBBFFFF,52CC170000000000908CAA013BB1A033662D0000120000004C0000004D300000E8510000A6E5FFFFE6E0FFFFCFBBFFFF
1785191381067,B6CC170000000000,FE8CAA01,FBB0A033,662D0000,12000000,4C000000,60300000,6D510000,C2E5FFFF,D8E0FFFF,E2BBFFFF,B6CC170000000000FE8CAA01FBB0A033662D0000120000004C000000603000006D510000C2E5FFFFD8E0FFFFE2BBFFFF
1785191381067,1ACD170000000000,358DAA01,DCB0A033,662D0000,12000000,4C000000,64300000,30510000,D1E5FFFF,D2E0FFFF,E6BBFFFF,1ACD170000000000358DAA01DCB0A033662D0000120000004C0000006430000030510000D1E5FFFFD2E0FFFFE6BBFFFF
1785191381067,7FCD170000000000,358DAA01,DCB0A033,662D0000,12000000,4C000000,5D300000,30510000,D1E5FFFF,D2E0FFFF,DFBBFFFF,7FCD170000000000358DAA01DCB0A033662D0000120000004C0000005D30000030510000D1E5FFFFD2E0FFFFDFBBFFFF
1785191381067,E3CD170000000000,A48DAA01,9DB0A033,662D0000,12000000,4C000000,59300000,B3500000,EDE5FFFF,C4E0FFFF,DBBBFFFF,E3CD170000000000A48DAA019DB0A033662D0000120000004C00000059300000B3500000EDE5FFFFC4E0FFFFDBBBFFFF
1785191381067,47CE170000000000,DC8DAA01,7DB0A033,662D0000,12000000,4C000000,56300000,74500000,FAE5FFFF,BEE0FFFF,D8BBFFFF,47CE170000000000DC8DAA017DB0A033662D0000120000004C0000005630000074500000FAE5FFFFBEE0FFFFD8BBFFFF
1785191381067,ABCE170000000000,158EAA01,5EB0A033,662D0000,12000000,4C000000,5D300000,35500000,08E6FFFF,B6E0FFFF,DFBBFFFF,ABCE170000000000158EAA015EB0A033662D0000120000004C0000005D3000003550000008E6FFFFB6E0FFFFDFBBFFFF
1785191382067,0FCF170000000000,4E8EAA01,3DB0A033,662D0000,12000000,4C000000,63300000,F44F0000,16E6FFFF,AFE0FFFF,E5BBFFFF,0FCF1700000000004E8EAA013DB0A033662D0000120000004C00000063300000F44F000016E6FFFFAFE0FFFFE5BBFFFF
1785191382067,73CF170000000000,878EAA01,1EB0A033,662D0000,12000000,4C000000,5E300000,B54F0000,24E6FFFF,A7E0FFFF,E0BBFFFF,73CF170000000000878EAA011EB0A033662D0000120000004C0000005E300000B54F000024E6FFFFA7E0FFFFE0BBFFFF
1785191382067,D7CF170000000000,C18EAA01,FEAFA033,662D0000,12000000,4C000000,56300000,744F0000,31E6FFFF,A0E0FFFF,D8BBFFFF,D7CF170000000000C18EAA01FEAFA033662D0000120000004C00000056300000744F000031E6FFFFA0E0FFFFD8BBFFFF
1785191382067,3CD0170000000000,FB8EAA01,DFAFA033,662D0000,12000000,4C000000,47300000,334F0000,3EE6FFFF,98E0FFFF,C9BBFFFF,3CD0170000000000FB8EAA01DFAFA033662D0000120000004C00000047300000334F00003EE6FFFF98E0FFFFC9BBFFFF
1785191382067,A0D0170000000000,348FAA01,C0AFA033,662D0000,12000000,4C000000,2F300000,F34E0000,4BE6FFFF,90E0FFFF,B1BBFFFF,A0D0170000000000348FAA01C0AFA033662D0000120000004C0000002F300000F34E00004BE6FFFF90E0FFFFB1BBFFFF
1785191382067,04D1170000000000,6E8FAA01,A1AFA033,662D0000,12000000,4C000000,26300000,B34E0000,58E6FFFF,88E0FFFF,A8BBFFFF,04D11700000000006E8FAA01A1AFA033662D0000120000004C00000026300000B34E000058E6FFFF88E0FFFFA8BBFFFF
1785191382067,68D1170000000000,A88FAA01,83AFA033,662D0000,12000000,4C000000,17300000,734E0000,64E6FFFF,81E0FFFF,99BBFFFF,68D1170000000000A88FAA0183AFA033662D0000120000004C00000017300000734E000064E6FFFF81E0FFFF99BBFFFF
1785191382067,CCD1170000000000,E28FAA01,64AFA033,662D0000,12000000,4C000000,05300000,334E0000,71E6FFFF,79E0FFFF,87BBFFFF,CCD1170000000000E28FAA0164AFA033662D0000120000004C00000005300000334E000071E6FFFF79E0FFFF87BBFFFF
1785191382067,30D2170000000000,1B90AA01,46AFA033,662D0000,12000000,4C000000,F42F0000,F34D0000,7DE6FFFF,71E0FFFF,76BBFFFF,30D21700000000001B90AA0146AFA033662D0000120000004C000000F42F0000F34D00007DE6FFFF71E0FFFF76BBFFFF
1785191382067,94D2170000000000,5590AA01,27AFA033,662D0000,12000000,4C000000,EF2F0000,B34D0000,8AE6FFFF,69E0FFFF,71BBFFFF,94D21700000000005590AA0127AFA033662D0000120000004C000000EF2F0000B34D00008AE6FFFF69E0FFFF71BBFFFF
1785191383067,F8D2170000000000,8F90AA01,08AFA033,662D0000,12000000,4C000000,E22F0000,734D0000,96E6FFFF,61E0FFFF,64BBFFFF,F8D21700000000008F90AA0108AFA033662D0000120000004C000000E22F0000734D000096E6FFFF61E0FFFF64BBFFFF
1785191383067,5DD3170000000000,C890AA01,EAAEA033,662D0000,12000000,4C000000,DD2F0000,334D0000,A2E6FFFF,59E0FFFF,5FBBFFFF,5DD3170000000000C890AA01EAAEA033662D0000120000004C000000DD2F0000334D0000A2E6FFFF59E0FFFF5FBBFFFF
1785191383067,C1D3170000000000,0191AA01,CCAEA033,662D0000,12000000,4C000000,D12F0000,F44C0000,AFE6FFFF,52E0FFFF,53BBFFFF,C1D31700000000000191AA01CCAEA033662D0000120000004C000000D12F0000F44C0000AFE6FFFF52E0FFFF53BBFFFF
1785191383067,25D4170000000000,3B91AA01,ADAEA033,662D0000,12000000,4C000000,C22F0000,B34C0000,BCE6FFFF,4AE0FFFF,44BBFFFF,25D41700000000003B91AA01ADAEA033662D0000120000004C000000C22F0000B34C0000BCE6FFFF4AE0FFFF44BBFFFF
1785191383067,89D4170000000000,7491AA01,8FAEA033,662D0000,12000000,4C000000,AC2F0000,744C0000,C8E6FFFF,42E0FFFF,2EBBFFFF,89D41700000000007491AA018FAEA033662D0000120000004C000000AC2F0000744C0000C8E6FFFF42E0FFFF2EBBFFFF
1785191383067,EDD4170000000000,AE91AA01,70AEA033,662D0000,12000000,4C000000,972F0000,344C0000,D4E6FFFF,3AE0FFFF,19BBFFFF,EDD4170000000000AE91AA0170AEA033662D0000120000004C000000972F0000344C0000D4E6FFFF3AE0FFFF19BBFFFF
1785191383067,51D5170000000000,E791AA01,52AEA033,662D0000,12000000,4C000000,852F0000,F44B0000,E1E6FFFF,31E0FFFF,07BBFFFF,51D5170000000000E791AA0152AEA033662D0000120000004C000000852F0000F44B0000E1E6FFFF31E0FFFF07BBFFFF
1785191383067,B5D5170000000000,2092AA01,34AEA033,662D0000,12000000,4C000000,712F0000,B54B0000,EDE6FFFF,29E0FFFF,F3BAFFFF,B5D51700000000002092AA0134AEA033662D0000120000004C000000712F0000B54B0000EDE6FFFF29E0FFFFF3BAFFFF
1785191383067,19D6170000000000,5A92AA01,15AEA033,662D0000,12000000,4C000000,642F0000,754B0000,F9E6FFFF,21E0FFFF,E6BAFFFF,19D61700000000005A92AA0115AEA033662D0000120000004C000000642F0000754B0000F9E6FFFF21E0FFFFE6BAFFFF
1785191383067,7ED6170000000000,9492AA01,F7ADA033,662D0000,12000000,4C000000,5F2F0000,344B0000,05E7FFFF,19E0FFFF,E1BAFFFF,7ED61700000000009492AA01F7ADA033662D0000120000004C0000005F2F0000344B000005E7FFFF19E0FFFFE1BAFFFF
1785191384067,E2D6170000000000,CD92AA01,D8ADA033,662D0000,12000000,4C000000,622F0000,F44A0000,12E7FFFF,11E0FFFF,E4BAFFFF,E2D6170000000000CD92AA01D8ADA033662D0000120000004C000000622F0000F44A000012E7FFFF11E0FFFFE4BAFFFF
1785191384067,46D7170000000000,0793AA01,BAADA033,662D0000,12000000,4C000000,662F0000,B44A0000,1EE7FFFF,09E0FFFF,E8BAFFFF,46D71700000000000793AA01BAADA033662D0000120000004C000000662F0000B44A00001EE7FFFF09E0FFFFE8BAFFFF
1785191384067,ABD7170000000000,4193AA01,9CADA033,662D0000,12000000,4C000000,6A2F0000,744A0000,2AE7FFFF,01E0FFFF,ECBAFFFF,ABD71700000000004193AA019CADA033662D0000120000004C0000006A2F0000744A00002AE7FFFF01E0FFFFECBAFFFF
1785191384067,0ED8170000000000,7B93AA01,7EADA033,662D0000,12000000,4C000000,6A2F0000,344A0000,36E7FFFF,F7DFFFFF,ECBAFFFF,0ED81700000000007B93AA017EADA033662D0000120000004C0000006A2F0000344A000036E7FFFFF7DFFFFFECBAFFFF
1785191384067,72D8170000000000,B493AA01,60ADA033,662D0000,12000000,4C000000,662F0000,F5490000,42E7FFFF,EEDFFFFF,E8BAFFFF,72D8170000000000B493AA0160ADA033662D0000120000004C000000662F0000F549000042E7FFFFEEDFFFFFE8BAFFFF
1785191384067,D6D8170000000000,ED93AA01,42ADA033,662D0000,12000000,4C000000,612F0000,B5490000,4EE7FFFF,E4DFFFFF,E3BAFFFF,D6D8170000000000ED93AA0142ADA033662D0000120000004C000000612F0000B54900004EE7FFFFE4DFFFFFE3BAFFFF
1785191384067,3BD9170000000000,2794AA01,24ADA033,662D0000,12000000,4C000000,622F0000,75490000,5AE7FFFF,DBDFFFFF,E4BAFFFF,3BD91700000000002794AA0124ADA033662D0000120000004C000000622F0000754900005AE7FFFFDBDFFFFFE4BAFFFF
1785191384067,9FD9170000000000,6294AA01,05ADA033,662D0000,12000000,4C000000,6D2F0000,34490000,66E7FFFF,D2DFFFFF,EFBAFFFF,9FD91700000000006294AA0105ADA033662D0000120000004C0000006D2F00003449000066E7FFFFD2DFFFFFEFBAFFFF
1785191384067,03DA170000000000,9B94AA01,E7ACA033,662D0000,12000000,4C000000,722F0000,F4480000,72E7FFFF,CADFFFFF,F4BAFFFF,03DA1700000000009B94AA01E7ACA033662D0000120000004C000000722F0000F448000072E7FFFFCADFFFFFF4BAFFFF
1785191384067,67DA170000000000,D694AA01,C9ACA033,662D0000,12000000,4C000000,662F0000,B4480000,7EE7FFFF,C1DFFFFF,E8BAFFFF,67DA170000000000D694AA01C9ACA033662D0000120000004C000000662F0000B44800007EE7FFFFC1DFFFFFE8BAFFFF
1785191385067,CBDA170000000000,1195AA01,ABACA033,662D0000,12000000,4C000000,582F0000,72480000,8AE7FFFF,B7DFFFFF,DABAFFFF,CBDA1700000000001195AA01ABACA033662D0000120000004C000000582F0000724800008AE7FFFFB7DFFFFFDABAFFFF
1785191385067,2FDB170000000000,4B95AA01,8DACA033,662D0000,12000000,4C000000,4A2F0000,32480000,95E7FFFF,AEDFFFFF,CCBAFFFF,2FDB1700000000004B95AA018DACA033662D0000120000004C0000004A2F00003248000095E7FFFFAEDFFFFFCCBAFFFF
1785191385067,93DB170000000000,8695AA01,6FACA033,662D0000,12000000,4C000000,4C2F0000,F1470000,A1E7FFFF,A5DFFFFF,CEBAFFFF,93DB1700000000008695AA016FACA033662D0000120000004C0000004C2F0000F1470000A1E7FFFFA5DFFFFFCEBAFFFF
1785191385067,F8DB170000000000,C195AA01,51ACA033,662D0000,12000000,4C000000,4D2F0000,B0470000,ADE7FFFF,9CDFFFFF,CFBAFFFF,F8DB170000000000C195AA0151ACA033662D0000120000004C0000004D2F0000B0470000ADE7FFFF9CDFFFFFCFBAFFFF
1785191385067,5CDC170000000000,FA95AA01,33ACA033,662D0000,12000000,4C000000,502F0000,70470000,B8E7FFFF,94DFFFFF,D2BAFFFF,5CDC170000000000FA95AA0133ACA033662D0000120000004C000000502F000070470000B8E7FFFF94DFFFFFD2BAFFFF
1785191385067,C0DC170000000000,3596AA01,15ACA033,662D0000,12000000,4C000000,512F0000,2F470000,C4E7FFFF,8BDFFFFF,D3BAFFFF,C0DC1700000000003596AA0115ACA033662D0000120000004C000000512F00002F470000C4E7FFFF8BDFFFFFD3BAFFFF
1785191385067,25DD170000000000,6E96AA01,F8ABA033,662D0000,12000000,4C000000,512F0000,F0460000,CFE7FFFF,82DFFFFF,D3BAFFFF,25DD1700000000006E96AA01F8ABA033662D0000120000004C000000512F0000F0460000CFE7FFFF82DFFFFFD3BAFFFF
1785191385067,88DD170000000000,A796AA01,DBABA033,662D0000,12000000,4C000000,492F0000,B1460000,DBE7FFFF,79DFFFFF,CBBAFFFF,88DD170000000000A796AA01DBABA033662D0000120000004C000000492F0000B1460000DBE7FFFF79DFFFFFCBBAFFFF
1785191385067,ECDD170000000000,E096AA01,BDABA033,662D0000,12000000,4C000000,3C2F0000,72460000,E6E7FFFF,6FDFFFFF,BEBAFFFF,ECDD170000000000E096AA01BDABA033662D0000120000004C0000003C2F000072460000E6E7FFFF6FDFFFFFBEBAFFFF
1785191385067,50DE170000000000,1997AA01,A1ABA033,662D0000,12000000,4C000000,312F0000,33460000,F1E7FFFF,66DFFFFF,B3BAFFFF,50DE1700000000001997AA01A1ABA033662D0000120000004C000000312F000033460000F1E7FFFF66DFFFFFB3BAFFFF
1785191386067,B5DE170000000000,5197AA01,84ABA033,662D0000,12000000,4C000000,2A2F0000,F5450000,FCE7FFFF,5DDFFFFF,ACBAFFFF,B5DE1700000000005197AA0184ABA033662D0000120000004C0000002A2F0000F5450000FCE7FFFF5DDFFFFFACBAFFFF
1785191386067,19DF170000000000,8997AA01,68ABA033,662D0000,12000000,4C000000,282F0000,B8450000,07E8FFFF,54DFFFFF,AABAFFFF,19DF1700000000008997AA0168ABA033662D0000120000004C000000282F0000B845000007E8FFFF54DFFFFFAABAFFFF
1785191386067,7DDF170000000000,BF97AA01,4DABA033,662D0000,12000000,4C000000,2B2F0000,7B450000,11E8FFFF,4CDFFFFF,ADBAFFFF,7DDF170000000000BF97AA014DABA033662D0000120000004C0000002B2F00007B45000011E8FFFF4CDFFFFFADBAFFFF
1785191386067,E1DF170000000000,F797AA01,31ABA033,662D0000,12000000,4C000000,292F0000,3E450000,1CE8FFFF,43DFFFFF,ABBAFFFF,E1DF170000000000F797AA0131ABA033662D0000120000004C000000292F00003E4500001CE8FFFF43DFFFFFABBAFFFF
1785191386067,45E0170000000000,2F98AA01,14ABA033,662D0000,12000000,4C000000,202F0000,00450000,26E8FFFF,3BDFFFFF,A2BAFFFF,45E01700000000002F98AA0114ABA033662D0000120000004C000000202F00000045000026E8FFFF3BDFFFFFA2BAFFFF
1785191386067,A9E0170000000000,6898AA01,F8AAA033,662D0000,12000000,4C000000,182F0000,C2440000,30E8FFFF,32DFFFFF,9ABAFFFF,A9E01700000000006898AA01F8AAA033662D0000120000004C000000182F0000C244000030E8FFFF32DFFFFF9ABAFFFF
1785191386067,0DE1170000000000,A098AA01,DDAAA033,662D0000,12000000,4C000000,142F0000,84440000,3BE8FFFF,29DFFFFF,96BAFFFF,0DE1170000000000A098AA01DDAAA033662D0000120000004C000000142F0000844400003BE8FFFF29DFFFFF96BAFFFF
1785191386067,71E1170000000000,D898AA01,C1AAA033,662D0000,12000000,4C000000,132F0000,46440000,45E8FFFF,20DFFFFF,95BAFFFF,71E1170000000000D898AA01C1AAA033662D0000120000004C000000132F00004644000045E8FFFF20DFFFFF95BAFFFF
1785191386067,D6E1170000000000,0F99AA01,A6AAA033,662D0000,12000000,4C000000,122F0000,0A440000,4FE8FFFF,18DFFFFF,94BAFFFF,D6E11700000000000F99AA01A6AAA033662D0000120000004C000000122F00000A4400004FE8FFFF18DFFFFF94BAFFFF
1785191386067,3AE2170000000000,4699AA01,8BAAA033,662D0000,12000000,4C000000,1B2F0000,CD430000,59E8FFFF,0FDFFFFF,9DBAFFFF,3AE21700000000004699AA018BAAA033662D0000120000004C0000001B2F0000CD43000059E8FFFF0FDFFFFF9DBAFFFF
1785191387067,9EE2170000000000,7F99AA01,6FAAA033,662D0000,12000000,4C000000,212F0000,8F430000,63E8FFFF,06DFFFFF,A3BAFFFF,9EE21700000000007F99AA016FAAA033662D0000120000004C000000212F00008F43000063E8FFFF06DFFFFFA3BAFFFF
1785191387067,02E3170000000000,B799AA01,54AAA033,662D0000,12000000,4C000000,1C2F0000,52430000,6CE8FFFF,FEDEFFFF,9EBAFFFF,02E3170000000000B799AA0154AAA033662D0000120000004C0000001C2F0000524300006CE8FFFFFEDEFFFF9EBAFFFF
1785191387067,66E3170000000000,EE99AA01,39AAA033,662D0000,12000000,4C000000,0C2F0000,15430000,76E8FFFF,F5DEFFFF,8EBAFFFF,66E3170000000000EE99AA0139AAA033662D0000120000004C0000000C2F00001543000076E8FFFFF5DEFFFF8EBAFFFF
1785191387067,CAE3170000000000,269AAA01,1EAAA033,662D0000,12000000,4C000000,FB2E0000,D8420000,80E8FFFF,EDDEFFFF,7DBAFFFF,CAE3170000000000269AAA011EAAA033662D0000120000004C000000FB2E0000D842000080E8FFFFEDDEFFFF7DBAFFFF
1785191387067,2EE4170000000000,5D9AAA01,04AAA033,662D0000,12000000,4C000000,EC2E0000,9B420000,89E8FFFF,E5DEFFFF,6EBAFFFF,2EE41700000000005D9AAA0104AAA033662D0000120000004C000000EC2E00009B42000089E8FFFFE5DEFFFF6EBAFFFF
1785191387067,92E4170000000000,939AAA01,EAA9A033,662D0000,12000000,4C000000,EC2E0000,60420000,92E8FFFF,DDDEFFFF,6EBAFFFF,92E4170000000000939AAA01EAA9A033662D0000120000004C000000EC2E00006042000092E8FFFFDDDEFFFF6EBAFFFF
1785191387067,F7E4170000000000,CA9AAA01,D0A9A033,662D0000,12000000,4C000000,E92E0000,24420000,9BE8FFFF,D5DEFFFF,6BBAFFFF,F7E4170000000000CA9AAA01D0A9A033662D0000120000004C000000E92E0000244200009BE8FFFFD5DEFFFF6BBAFFFF
1785191387067,5BE5170000000000,019BAA01,B5A9A033,662D0000,12000000,4C000000,E52E0000,E8410000,A4E8FFFF,CDDEFFFF,67BAFFFF,5BE5170000000000019BAA01B5A9A033662D0000120000004C000000E52E0000E8410000A4E8FFFFCDDEFFFF67BAFFFF
1785191387067,BFE5170000000000,379BAA01,9BA9A033,662D0000,12000000,4C000000,E02E0000,AC410000,ADE8FFFF,C4DEFFFF,62BAFFFF,BFE5170000000000379BAA019BA9A033662D0000120000004C000000E02E0000AC410000ADE8FFFFC4DEFFFF62BAFFFF
1785191387067,23E6170000000000,6F9BAA01,81A9A033,662D0000,12000000,4C000000,CF2E0000,6F410000,B6E8FFFF,BCDEFFFF,51BAFFFF,23E61700000000006F9BAA0181A9A033662D0000120000004C000000CF2E00006F410000B6E8FFFFBCDEFFFF51BAFFFF
1785191388067,87E6170000000000,A89BAA01,66A9A033,662D0000,12000000,4C000000,DB2E0000,31410000,BFE8FFFF,B4DEFFFF,5DBAFFFF,87E6170000000000A89BAA0166A9A033662D0000120000004C000000DB2E000031410000BFE8FFFFB4DEFFFF5DBAFFFF
1785191388067,EBE6170000000000,DF9BAA01,4CA9A033,662D0000,12000000,4C000000,D72E0000,F4400000,C8E8FFFF,ACDEFFFF,59BAFFFF,EBE6170000000000DF9BAA014CA9A033662D0000120000004C000000D72E0000F4400000C8E8FFFFACDEFFFF59BAFFFF
1785191388067,50E7170000000000,169CAA01,32A9A033,662D0000,12000000,4C000000,D12E0000,B8400000,D1E8FFFF,A5DEFFFF,53BAFFFF,50E7170000000000169CAA0132A9A033662D0000120000004C000000D12E0000B8400000D1E8FFFFA5DEFFFF53BAFFFF
1785191388067,B4E7170000000000,4F9CAA01,18A9A033,662D0000,12000000,4C000000,BD2E0000,7A400000,D9E8FFFF,9EDEFFFF,3FBAFFFF,B4E71700000000004F9CAA0118A9A033662D0000120000004C000000BD2E00007A400000D9E8FFFF9EDEFFFF3FBAFFFF
1785191388067,18E8170000000000,889CAA01,FEA8A033,662D0000,12000000,4C000000,AA2E0000,3C400000,E2E8FFFF,97DEFFFF,2CBAFFFF,18E8170000000000889CAA01FEA8A033662D0000120000004C000000AA2E00003C400000E2E8FFFF97DEFFFF2CBAFFFF
1785191388067,7CE8170000000000,C09CAA01,E5A8A033,662D0000,12000000,4C000000,982E0000,FF3F0000,EAE8FFFF,8FDEFFFF,1ABAFFFF,7CE8170000000000C09CAA01E5A8A033662D0000120000004C000000982E0000FF3F0000EAE8FFFF8FDEFFFF1ABAFFFF
1785191388067,E0E8170000000000,F99CAA01,CCA8A033,662D0000,12000000,4C000000,912E0000,C13F0000,F1E8FFFF,87DEFFFF,13BAFFFF,E0E8170000000000F99CAA01CCA8A033662D0000120000004C000000912E0000C13F0000F1E8FFFF87DEFFFF13BAFFFF
1785191388067,44E9170000000000,329DAA01,B2A8A033,662D0000,12000000,4C000000,902E0000,833F0000,F8E8FFFF,7EDEFFFF,12BAFFFF,44E9170000000000329DAA01B2A8A033662D0000120000004C000000902E0000833F0000F8E8FFFF7EDEFFFF12BAFFFF
1785191388067,A8E9170000000000,699DAA01,9BA8A033,662D0000,12000000,4C000000,8C2E0000,473F0000,FFE8FFFF,76DEFFFF,0EBAFFFF,A8E9170000000000699DAA019BA8A033662D0000120000004C0000008C2E0000473F0000FFE8FFFF76DEFFFF0EBAFFFF
1785191388067,0CEA170000000000,A19DAA01,83A8A033,662D0000,12000000,4C000000,852E0000,0B3F0000,06E9FFFF,6EDEFFFF,07BAFFFF,0CEA170000000000A19DAA0183A8A033662D0000120000004C000000852E00000B3F000006E9FFFF6EDEFFFF07BAFFFF
1785191389067,70EA170000000000,DA9DAA01,6BA8A033,662D0000,12000000,4C000000,7A2E0000,CE3E0000,0CE9FFFF,66DEFFFF,FCB9FFFF,70EA170000000000DA9DAA016BA8A033662D0000120000004C0000007A2E0000CE3E00000CE9FFFF66DEFFFFFCB9FFFF
1785191389067,D5EA170000000000,129EAA01,54A8A033,662D0000,12000000,4C000000,782E0000,923E0000,11E9FFFF,5DDEFFFF,FAB9FFFF,D5EA170000000000129EAA0154A8A033662D0000120000004C000000782E0000923E000011E9FFFF5DDEFFFFFAB9FFFF
1785191389067,39EB170000000000,489EAA01,3EA8A033,662D0000,12000000,4C000000,662E0000,573E0000,17E9FFFF,55DEFFFF,E8B9FFFF,39EB170000000000489EAA013EA8A033662D0000120000004C000000662E0000573E000017E9FFFF55DEFFFFE8B9FFFF
1785191389067,9DEB170000000000,7F9EAA01,28A8A033,662D0000,12000000,4C000000,522E0000,1C3E0000,1CE9FFFF,4CDEFFFF,D4B9FFFF,9DEB1700000000007F9EAA0128A8A033662D0000120000004C000000522E00001C3E00001CE9FFFF4CDEFFFFD4B9FFFF
1785191389067,01EC170000000000,B69EAA01,12A8A033,662D0000,12000000,4C000000,352E0000,E13D0000,21E9FFFF,44DEFFFF,B7B9FFFF,01EC170000000000B69EAA0112A8A033662D0000120000004C000000352E0000E13D000021E9FFFF44DEFFFFB7B9FFFF
1785191389067,65EC170000000000,ED9EAA01,FCA7A033,662D0000,12000000,4C000000,BDBA0000,A73D0000,26E9FFFF,3BDEFFFF,3E460000,65EC170000000000ED9EAA01FCA7A033662D0000120000004C000000BDBA0000A73D000026E9FFFF3BDEFFFF3E460000
1785191389067,C9EC170000000000,249FAA01,E5A7A033,662D0000,12000000,4C000000,ACBA0000,6B3D0000,2CE9FFFF,33DEFFFF,2D460000,C9EC170000000000249FAA01E5A7A033662D0000120000004C000000ACBA00006B3D00002CE9FFFF33DEFFFF2D460000
1785191389067,2EED170000000000,5C9FAA01,CFA7A033,662D0000,12000000,4C000000,98BA0000,2F3D0000,31E9FFFF,2BDEFFFF,19460000,2EED1700000000005C9FAA01CFA7A033662D0000120000004C00000098BA00002F3D000031E9FFFF2BDEFFFF19460000
1785191389067,92ED170000000000,949FAA01,B8A7A033,662D0000,12000000,4C000000,80BA0000,F23C0000,37E9FFFF,23DEFFFF,01460000,92ED170000000000949FAA01B8A7A033662D0000120000004C00000080BA0000F23C000037E9FFFF23DEFFFF01460000
1785191389067,F6ED170000000000,CE9FAA01,A0A7A033,662D0000,12000000,4C000000,66BA0000,B53C0000,3DE9FFFF,1BDEFFFF,E7450000,F6ED170000000000CE9FAA01A0A7A033662D0000120000004C00000066BA0000B53C00003DE9FFFF1BDEFFFFE7450000
1785191390067,5AEE170000000000,08A0AA01,89A7A033,662D0000,12000000,4C000000,4ABA0000,763C0000,42E9FFFF,12DEFFFF,CB450000,5AEE17000000000008A0AA0189A7A033662D0000120000004C0000004ABA0000763C000042E9FFFF12DEFFFFCB450000
1785191390067,BEEE170000000000,43A0AA01,71A7A033,662D0000,12000000,4C000000,2BBA0000,373C0000,48E9FFFF,09DEFFFF,AC450000,BEEE17000000000043A0AA0171A7A033662D0000120000004C0000002BBA0000373C000048E9FFFF09DEFFFFAC450000
1785191390067,22EF170000000000,7EA0AA01,59A7A033,662D0000,12000000,4C000000,10BA0000,F83B0000,4EE9FFFF,FFDDFFFF,91450000,22EF1700000000007EA0AA0159A7A033662D0000120000004C00000010BA0000F83B00004EE9FFFFFFDDFFFF91450000
1785191390067,86EF170000000000,B8A0AA01,40A7A033,662D0000,12000000,4C000000,FCB90000,B83B0000,54E9FFFF,F6DDFFFF,7D450000,86EF170000000000B8A0AA0140A7A033662D0000120000004C000000FCB90000B83B000054E9FFFFF6DDFFFF7D450000
1785191390067,EAEF170000000000,F3A0AA01,28A7A033,662D0000,12000000,4C000000,ECB90000,793B0000,5BE9FFFF,EDDDFFFF,6D450000,EAEF170000000000F3A0AA0128A7A033662D0000120000004C000000ECB90000793B00005BE9FFFFEDDDFFFF6D450000
1785191390067,4FF0170000000000,2EA1AA01,0FA7A033,662D0000,12000000,4C000000,E2B90000,393B0000,61E9FFFF,E4DDFFFF,63450000,4FF01700000000002EA1AA010FA7A033662D0000120000004C000000E2B90000393B000061E9FFFFE4DDFFFF63450000
1785191390067,B3F0170000000000,68A1AA01,F6A6A033,662D0000,12000000,4C000000,DEB90000,FA3A0000,68E9FFFF,DBDDFFFF,5F450000,B3F017000000000068A1AA01F6A6A033662D0000120000004C000000DEB90000FA3A000068E9FFFFDBDDFFFF5F450000
1785191390067,17F1170000000000,A3A1AA01,DEA6A033,662D0000,12000000,4C000000,E1B90000,BC3A0000,6FE9FFFF,D2DDFFFF,62450000,17F1170000000000A3A1AA01DEA6A033662D0000120000004C000000E1B90000BC3A00006FE9FFFFD2DDFFFF62450000
1785191390067,7BF1170000000000,DDA1AA01,C4A6A033,662D0000,12000000,4C000000,E6B90000,7C3A0000,76E9FFFF,C9DDFFFF,67450000,7BF1170000000000DDA1AA01C4A6A033662D0000120000004C000000E6B900007C3A000076E9FFFFC9DDFFFF67450000
1785191390067,DFF1170000000000,17A2AA01,ABA6A033,662D0000,12000000,4C000000,E8B90000,3D3A0000,7DE9FFFF,C0DDFFFF,69450000,DFF117000000000017A2AA01ABA6A033662D0000120000004C000000E8B900003D3A00007DE9FFFFC0DDFFFF69450000
1785191391067,43F2170000000000,51A2AA01,92A6A033,662D0000,12000000,4C000000,EAB90000,FF390000,84E9FFFF,B7DDFFFF,6B450000,43F217000000000051A2AA0192A6A033662D0000120000004C000000EAB90000FF39000084E9FFFFB7DDFFFF6B450000
1785191391067,A7F2170000000000,8AA2AA01,79A6A033,662D0000,12000000,4C000000,F3B90000,C0390000,8CE9FFFF,ADDDFFFF,74450000,A7F21700000000008AA2AA0179A6A033662D0000120000004C000000F3B90000C03900008CE9FFFFADDDFFFF74450000
1785191391067,0BF3170000000000,C3A2AA01,5FA6A033,662D0000,12000000,4C000000,01BA0000,82390000,93E9FFFF,A4DDFFFF,82450000,0BF3170000000000C3A2AA015FA6A033662D0000120000004C00000001BA00008239000093E9FFFFA4DDFFFF82450000
1785191391067,70F3170000000000,FCA2AA01,46A6A033,662D0000,12000000,4C000000,0EBA0000,45390000,9BE9FFFF,96DDFFFF,8F450000,70F3170000000000FCA2AA0146A6A033662D0000120000004C0000000EBA0000453900009BE9FFFF96DDFFFF8F450000
1785191391067,D4F3170000000000,35A3AA01,2CA6A033,662D0000,12000000,4C000000,16BA0000,07390000,A3E9FFFF,88DDFFFF,97450000,D4F317000000000035A3AA012CA6A033662D0000120000004C00000016BA000007390000A3E9FFFF88DDFFFF97450000
1785191391067,38F4170000000000,6CA3AA01,13A6A033,662D0000,12000000,4C000000,1EBA0000,CA380000,ACE9FFFF,7ADDFFFF,9F450000,38F41700000000006CA3AA0113A6A033662D0000120000004C0000001EBA0000CA380000ACE9FFFF7ADDFFFF9F450000
1785191391067,9CF4170000000000,A5A3AA01,F8A5A033,662D0000,12000000,4C000000,29BA0000,8D380000,B4E9FFFF,6CDDFFFF,AA450000,9CF4170000000000A5A3AA01F8A5A033662D0000120000004C00000029BA00008D380000B4E9FFFF6CDDFFFFAA450000
1785191391067,01F5170000000000,DDA3AA01,DEA5A033,662D0000,12000000,4C000000,2FBA0000,50380000,BDE9FFFF,5EDDFFFF,B0450000,01F5170000000000DDA3AA01DEA5A033662D0000120000004C0000002FBA000050380000BDE9FFFF5EDDFFFFB0450000
1785191391067,64F5170000000000,15A4AA01,C3A5A033,662D0000,12000000,4C000000,38BA0000,12380000,C7E9FFFF,4FDDFFFF,B9450000,64F517000000000015A4AA01C3A5A033662D0000120000004C00000038BA000012380000C7E9FFFF4FDDFFFFB9450000
1785191391067,C8F5170000000000,4DA4AA01,A8A5A033,662D0000,12000000,4C000000,47BA0000,D5370000,D0E9FFFF,41DDFFFF,C8450000,C8F51700000000004DA4AA01A8A5A033662D0000120000004C00000047BA0000D5370000D0E9FFFF41DDFFFFC8450000
1785191392067,2CF6170000000000,85A4AA01,8DA5A033,662D0000,12000000,4C000000,5ABA0000,97370000,DAE9FFFF,33DDFFFF,DB450000,2CF617000000000085A4AA018DA5A033662D0000120000004C0000005ABA000097370000DAE9FFFF33DDFFFFDB450000
1785191392067,91F6170000000000,BEA4AA01,70A5A033,662D0000,12000000,4C000000,68BA0000,58370000,E4E9FFFF,25DDFFFF,E9450000,91F6170000000000BEA4AA0170A5A033662D0000120000004C00000068BA000058370000E4E9FFFF25DDFFFFE9450000
1785191392067,F5F6170000000000,F5A4AA01,55A5A033,662D0000,12000000,4C000000,77BA0000,1C370000,EFE9FFFF,17DDFFFF,F8450000,F5F6170000000000F5A4AA0155A5A033662D0000120000004C00000077BA00001C370000EFE9FFFF17DDFFFFF8450000
1785191392067,59F7170000000000,2DA5AA01,39A5A033,662D0000,12000000,4C000000,85BA0000,DE360000,F9E9FFFF,0ADDFFFF,06460000,59F71700000000002DA5AA0139A5A033662D0000120000004C00000085BA0000DE360000F9E9FFFF0ADDFFFF06460000
1785191392067,BDF7170000000000,65A5AA01,1CA5A033,662D0000,12000000,4C000000,91BA0000,A0360000,04EAFFFF,FCDCFFFF,12460000,BDF717000000000065A5AA011CA5A033662D0000120000004C00000091BA0000A036000004EAFFFFFCDCFFFF12460000
1785191392067,21F8170000000000,9EA5AA01,00A5A033,662D0000,12000000,4C000000,9FBA0000,61360000,0FEAFFFF,EEDCFFFF,20460000,21F81700000000009EA5AA0100A5A033662D0000120000004C0000009FBA0000613600000FEAFFFFEEDCFFFF20460000
1785191392067,85F8170000000000,D5A5AA01,E3A4A033,662D0000,12000000,4C000000,B4BA0000,24360000,1AEAFFFF,DFDCFFFF,35460000,85F8170000000000D5A5AA01E3A4A033662D0000120000004C000000B4BA0000243600001AEAFFFFDFDCFFFF35460000
1785191392067,E9F8170000000000,0EA6AA01,C6A4A033,662D0000,12000000,4C000000,332E0000,E6350000,26EAFFFF,D0DCFFFF,B5B9FFFF,E9F81700000000000EA6AA01C6A4A033662D0000120000004C000000332E0000E635000026EAFFFFD0DCFFFFB5B9FFFF
1785191392067,4EF9170000000000,45A6AA01,A9A4A033,662D0000,12000000,4C000000,522E0000,A8350000,32EAFFFF,C0DCFFFF,D4B9FFFF,4EF917000000000045A6AA01A9A4A033662D0000120000004C000000522E0000A835000032EAFFFFC0DCFFFFD4B9FFFF
1785191392067,B2F9170000000000,7DA6AA01,8BA4A033,662D0000,12000000,4C000000,6F2E0000,69350000,3EEAFFFF,B1DCFFFF,F1B9FFFF,B2F91700000000007DA6AA018BA4A033662D0000120000004C0000006F2E0000693500003EEAFFFFB1DCFFFFF1B9FFFF
1785191393067,16FA170000000000,B6A6AA01,6DA4A033,662D0000,12000000,4C000000,872E0000,2A350000,4AEAFFFF,A2DCFFFF,09BAFFFF,16FA170000000000B6A6AA016DA4A033662D0000120000004C000000872E00002A3500004AEAFFFFA2DCFFFF09BAFFFF
1785191393067,7AFA170000000000,EDA6AA01,4FA4A033,662D0000,12000000,4C000000,9B2E0000,ED340000,57EAFFFF,94DCFFFF,1DBAFFFF,7AFA170000000000EDA6AA014FA4A033662D0000120000004C0000009B2E0000ED34000057EAFFFF94DCFFFF1DBAFFFF
1785191393067,DEFA170000000000,25A7AA01,30A4A033,662D0000,12000000,4C000000,B32E0000,AF340000,64EAFFFF,86DCFFFF,35BAFFFF,DEFA17000000000025A7AA0130A4A033662D0000120000004C000000B32E0000AF34000064EAFFFF86DCFFFF35BAFFFF
1785191393067,42FB170000000000,5CA7AA01,12A4A033,662D0000,12000000,4C000000,C92E0000,71340000,71EAFFFF,78DCFFFF,4BBAFFFF,42FB1700000000005CA7AA0112A4A033662D0000120000004C000000C92E00007134000071EAFFFF78DCFFFF4BBAFFFF
1785191393067,A7FB170000000000,94A7AA01,F3A3A033,662D0000,12000000,4C000000,D72E0000,33340000,7FEAFFFF,69DCFFFF,59BAFFFF,A7FB17000000000094A7AA01F3A3A033662D0000120000004C000000D72E0000333400007FEAFFFF69DCFFFF59BAFFFF
1785191393067,0AFC170000000000,CCA7AA01,D3A3A033,662D0000,12000000,4C000000,E12E0000,F4330000,8CEAFFFF,5ADCFFFF,63BAFFFF,0AFC170000000000CCA7AA01D3A3A033662D0000120000004C000000E12E0000F43300008CEAFFFF5ADCFFFF63BAFFFF
1785191393067,6FFC170000000000,05A8AA01,B3A3A033,662D0000,12000000,4C000000,EA2E0000,B4330000,9BEAFFFF,4BDCFFFF,6CBAFFFF,6FFC17000000000005A8AA01B3A3A033662D0000120000004C000000EA2E0000B43300009BEAFFFF4BDCFFFF6CBAFFFF
1785191393067,D3FC170000000000,3DA8AA01,93A3A033,662D0000,12000000,4C000000,062F0000,75330000,A9EAFFFF,3DDCFFFF,88BAFFFF,D3FC1700000000003DA8AA0193A3A033662D0000120000004C000000062F000075330000A9EAFFFF3DDCFFFF88BAFFFF
1785191393067,37FD170000000000,77A8AA01,73A3A033,662D0000,12000000,4C000000,302F0000,35330000,B7EAFFFF,2DDCFFFF,B2BAFFFF,37FD17000000000077A8AA0173A3A033662D0000120000004C000000302F000035330000B7EAFFFF2DDCFFFFB2BAFFFF
1785191393067,9BFD170000000000,B0A8AA01,52A3A033,662D0000,12000000,4C000000,5B2F0000,F4320000,C5EAFFFF,1EDCFFFF,DDBAFFFF,9BFD170000000000B0A8AA0152A3A033662D0000120000004C0000005B2F0000F4320000C5EAFFFF1EDCFFFFDDBAFFFF
1785191394067,FFFD170000000000,EBA8AA01,31A3A033,662D0000,12000000,4C000000,722F0000,B3320000,D4EAFFFF,0FDCFFFF,F4BAFFFF,FFFD170000000000EBA8AA0131A3A033662D0000120000004C000000722F0000B3320000D4EAFFFF0FDCFFFFF4BAFFFF
1785191394067,63FE170000000000,22A9AA01,12A3A033,662D0000,12000000,4C000000,782F0000,74320000,E1EAFFFF,00DCFFFF,FABAFFFF,63FE17000000000022A9AA0112A3A033662D0000120000004C000000782F000074320000E1EAFFFF00DCFFFFFABAFFFF
1785191394067,C8FE170000000000,5CA9AA01,F1A2A033,662D0000,12000000,4C000000,792F0000,33320000,F0EAFFFF,F1DBFFFF,FBBAFFFF,C8FE1700000000005CA9AA01F1A2A033662D0000120000004C000000792F000033320000F0EAFFFFF1DBFFFFFBBAFFFF
1785191394067,2CFF170000000000,96A9AA01,D1A2A033,662D0000,12000000,4C000000,8C2F0000,F2310000,FEEAFFFF,E1DBFFFF,0EBBFFFF,2CFF17000000000096A9AA01D1A2A033662D0000120000004C0000008C2F0000F2310000FEEAFFFFE1DBFFFF0EBBFFFF
1785191394067,90FF170000000000,D0A9AA01,B0A2A033,662D0000,12000000,4C000000,AC2F0000,B1310000,0DEBFFFF,D2DBFFFF,2EBBFFFF,90FF170000000000D0A9AA01B0A2A033662D0000120000004C000000AC2F0000B13100000DEBFFFFD2DBFFFF2EBBFFFF
1785191394067,F4FF170000000000,0BAAAA01,8FA2A033,662D0000,12000000,4C000000,CA2F0000,70310000,1BEBFFFF,C2DBFFFF,4CBBFFFF,F4FF1700000000000BAAAA018FA2A033662D0000120000004C000000CA2F0000703100001BEBFFFFC2DBFFFF4CBBFFFF
1785191394067,5800180000000000,44AAAA01,6FA2A033,662D0000,12000000,4C000000,E72F0000,2F310000,29EBFFFF,B3DBFFFF,69BBFFFF,580018000000000044AAAA016FA2A033662D0000120000004C000000E72F00002F31000029EBFFFFB3DBFFFF69BBFFFF
1785191394067,BC00180000000000,7EAAAA01,4EA2A033,662D0000,12000000,4C000000,F52F0000,EF300000,37EBFFFF,A3DBFFFF,77BBFFFF,BC001800000000007EAAAA014EA2A033662D0000120000004C000000F52F0000EF30000037EBFFFFA3DBFFFF77BBFFFF
1785191394067,2001180000000000,B7AAAA01,2EA2A033,662D0000,12000000,4C000000,FD2F0000,AE300000,45EBFFFF,93DBFFFF,7FBBFFFF,2001180000000000B7AAAA012EA2A033662D0000120000004C000000FD2F0000AE30000045EBFFFF93DBFFFF7FBBFFFF
1785191394067,8401180000000000,EFAAAA01,0FA2A033,662D0000,12000000,4C000000,FE2F0000,70300000,53EBFFFF,85DBFFFF,80BBFFFF,8401180000000000EFAAAA010FA2A033662D0000120000004C000000FE2F00007030000053EBFFFF85DBFFFF80BBFFFF
1785191395067,E901180000000000,27ABAA01,F0A1A033,662D0000,12000000,4C000000,02300000,32300000,60EBFFFF,77DBFFFF,84BBFFFF,E90118000000000027ABAA01F0A1A033662D0000120000004C000000023000003230000060EBFFFF77DBFFFF84BBFFFF
1785191395067,4D02180000000000,60ABAA01,D1A1A033,662D0000,12000000,4C000000,00300000,F22F0000,6EEBFFFF,68DBFFFF,82BBFFFF,4D0218000000000060ABAA01D1A1A033662D0000120000004C00000000300000F22F00006EEBFFFF68DBFFFF82BBFFFF
1785191395067,B102180000000000,97ABAA01,B2A1A033,662D0000,12000000,4C000000,FA2F0000,B42F0000,7BEBFFFF,5BDBFFFF,7CBBFFFF,B10218000000000097ABAA01B2A1A033662D0000120000004C000000FA2F0000B42F00007BEBFFFF5BDBFFFF7CBBFFFF
1785191395067,1503180000000000,D0ABAA01,93A1A033,662D0000,12000000,4C000000,FB2F0000,752F0000,88EBFFFF,4CDBFFFF,7DBBFFFF,1503180000000000D0ABAA0193A1A033662D0000120000004C000000FB2F0000752F000088EBFFFF4CDBFFFF7DBBFFFF
1785191395067,7903180000000000,09ACAA01,74A1A033,662D0000,12000000,4C000000,01300000,352F0000,95EBFFFF,3EDBFFFF,83BBFFFF,790318000000000009ACAA0174A1A033662D0000120000004C00000001300000352F000095EBFFFF3EDBFFFF83BBFFFF
1785191395067,DD03180000000000,41ACAA01,56A1A033,662D0000,12000000,4C000000,04300000,F72E0000,A2EBFFFF,2FDBFFFF,86BBFFFF,DD0318000000000041ACAA0156A1A033662D0000120000004C00000004300000F72E0000A2EBFFFF2FDBFFFF86BBFFFF
1785191395067,4104180000000000,7AACAA01,37A1A033,662D0000,12000000,4C000000,03300000,B82E0000,AFEBFFFF,20DBFFFF,85BBFFFF,41041800000000007AACAA0137A1A033662D0000120000004C00000003300000B82E0000AFEBFFFF20DBFFFF85BBFFFF
1785191395067,A604180000000000,B2ACAA01,19A1A033,662D0000,12000000,4C000000,08300000,792E0000,BBEBFFFF,12DBFFFF,8ABBFFFF,A604180000000000B2ACAA0119A1A033662D0000120000004C00000008300000792E0000BBEBFFFF12DBFFFF8ABBFFFF
1785191395067,0A05180000000000,EAACAA01,FBA0A033,662D0000,12000000,4C000000,0B300000,3A2E0000,C8EBFFFF,04DBFFFF,8DBBFFFF,0A05180000000000EAACAA01FBA0A033662D0000120000004C0000000B3000003A2E0000C8EBFFFF04DBFFFF8DBBFFFF
1785191395067,6E05180000000000,23ADAA01,DDA0A033,662D0000,12000000,4C000000,0F300000,FB2D0000,D4EBFFFF,F5DAFFFF,91BBFFFF,6E0518000000000023ADAA01DDA0A033662D0000120000004C0000000F300000FB2D0000D4EBFFFFF5DAFFFF91BBFFFF
1785191396067,D305180000000000,5BADAA01,BFA0A033,662D0000,12000000,4C000000,01300000,BD2D0000,E0EBFFFF,E6DAFFFF,83BBFFFF,D3051800000000005BADAA01BFA0A033662D0000120000004C00000001300000BD2D0000E0EBFFFFE6DAFFFF83BBFFFF
1785191396067,3606180000000000,94ADAA01,A1A0A033,662D0000,12000000,4C000000,EC2F0000,7E2D0000,ECEBFFFF,D8DAFFFF,6EBBFFFF,360618000000000094ADAA01A1A0A033662D0000120000004C000000EC2F00007E2D0000ECEBFFFFD8DAFFFF6EBBFFFF
1785191396067,9A06180000000000,CCADAA01,84A0A033,662D0000,12000000,4C000000,CD2F0000,402D0000,F8EBFFFF,C9DAFFFF,4FBBFFFF,9A06180000000000CCADAA0184A0A033662D0000120000004C000000CD2F0000402D0000F8EBFFFFC9DAFFFF4FBBFFFF
1785191396067,FE06180000000000,04AEAA01,67A0A033,662D0000,12000000,4C000000,C32F0000,022D0000,03ECFFFF,BBDAFFFF,45BBFFFF,FE0618000000000004AEAA0167A0A033662D0000120000004C000000C32F0000022D000003ECFFFFBBDAFFFF45BBFFFF
1785191396067,6207180000000000,3CAEAA01,4AA0A033,662D0000,12000000,4C000000,BC2F0000,C32C0000,0FECFFFF,ADDAFFFF,3EBBFFFF,62071800000000003CAEAA014AA0A033662D0000120000004C000000BC2F0000C32C00000FECFFFFADDAFFFF3EBBFFFF
1785191396067,C707180000000000,74AEAA01,2DA0A033,662D0000,12000000,4C000000,BB2F0000,862C0000,1AECFFFF,A0DAFFFF,3DBBFFFF,C70718000000000074AEAA012DA0A033662D0000120000004C000000BB2F0000862C00001AECFFFFA0DAFFFF3DBBFFFF
1785191396067,2B08180000000000,ACAEAA01,10A0A033,662D0000,12000000,4C000000,B82F0000,482C0000,25ECFFFF,93DAFFFF,3ABBFFFF,2B08180000000000ACAEAA0110A0A033662D0000120000004C000000B82F0000482C000025ECFFFF93DAFFFF3ABBFFFF
1785191396067,8F08180000000000,E4AEAA01,F39FA033,662D0000,12000000,4C000000,AF2F0000,0A2C0000,31ECFFFF,85DAFFFF,31BBFFFF,8F08180000000000E4AEAA01F39FA033662D0000120000004C000000AF2F00000A2C000031ECFFFF85DAFFFF31BBFFFF
1785191396067,F308180000000000,1CAFAA01,D79FA033,662D0000,12000000,4C000000,A52F0000,CC2B0000,3CECFFFF,77DAFFFF,27BBFFFF,F3081800000000001CAFAA01D79FA033662D0000120000004C000000A52F0000CC2B00003CECFFFF77DAFFFF27BBFFFF
1785191396067,5709180000000000,55AFAA01,BA9FA033,662D0000,12000000,4C000000,992F0000,8E2B0000,47ECFFFF,68DAFFFF,1BBBFFFF,570918000000000055AFAA01BA9FA033662D0000120000004C000000992F00008E2B000047ECFFFF68DAFFFF1BBBFFFF
1785191397067,BB09180000000000,8CAFAA01,9D9FA033,662D0000,12000000,4C000000,932F0000,502B0000,52ECFFFF,5ADAFFFF,15BBFFFF,BB091800000000008CAFAA019D9FA033662D0000120000004C000000932F0000502B000052ECFFFF5ADAFFFF15BBFFFF
1785191397067,200A180000000000,C4AFAA01,819FA033,662D0000,12000000,4C000000,8C2F0000,132B0000,5DECFFFF,4CDAFFFF,0EBBFFFF,200A180000000000C4AFAA01819FA033662D0000120000004C0000008C2F0000132B00005DECFFFF4CDAFFFF0EBBFFFF
1785191397067,830A180000000000,FBAFAA01,659FA033,662D0000,12000000,4C000000,7A2F0000,D52A0000,68ECFFFF,3EDAFFFF,FCBAFFFF,830A180000000000FBAFAA01659FA033662D0000120000004C0000007A2F0000D52A000068ECFFFF3EDAFFFFFCBAFFFF
1785191397067,E80A180000000000,33B0AA01,499FA033,662D0000,12000000,4C000000,682F0000,982A0000,73ECFFFF,30DAFFFF,EABAFFFF,E80A18000000000033B0AA01499FA033662D0000120000004C000000682F0000982A000073ECFFFF30DAFFFFEABAFFFF
1785191397067,4C0B180000000000,6AB0AA01,2D9FA033,662D0000,12000000,4C000000,5B2F0000,5B2A0000,7DECFFFF,22DAFFFF,DDBAFFFF,4C0B1800000000006AB0AA012D9FA033662D0000120000004C0000005B2F00005B2A00007DECFFFF22DAFFFFDDBAFFFF
1785191397067,B00B180000000000,A1B0AA01,119FA033,662D0000,12000000,4C000000,422F0000,1E2A0000,88ECFFFF,14DAFFFF,C4BAFFFF,B00B180000000000A1B0AA01119FA033662D0000120000004C000000422F00001E2A000088ECFFFF14DAFFFFC4BAFFFF
1785191397067,140C180000000000,D8B0AA01,F59EA033,662D0000,12000000,4C000000,2F2F0000,E1290000,93ECFFFF,07DAFFFF,B1BAFFFF,140C180000000000D8B0AA01F59EA033662D0000120000004C0000002F2F0000E129000093ECFFFF07DAFFFFB1BAFFFF
1785191397067,780C180000000000,10B1AA01,D99EA033,662D0000,12000000,4C000000,272F0000,A4290000,9DECFFFF,F9D9FFFF,A9BAFFFF,780C18000000000010B1AA01D99EA033662D0000120000004C000000272F0000A42900009DECFFFFF9D9FFFFA9BAFFFF
1785191397067,DC0C180000000000,46B1AA01,BE9EA033,662D0000,12000000,4C000000,2C2F0000,68290000,A8ECFFFF,EBD9FFFF,AEBAFFFF,DC0C18000000000046B1AA01BE9EA033662D0000120000004C0000002C2F000068290000A8ECFFFFEBD9FFFFAEBAFFFF
1785191397067,410D180000000000,7DB1AA01,A29EA033,662D0000,12000000,4C000000,342F0000,2C290000,B2ECFFFF,DDD9FFFF,B6BAFFFF,410D1800000000007DB1AA01A29EA033662D0000120000004C000000342F00002C290000B2ECFFFFDDD9FFFFB6BAFFFF
1785191398067,A50D180000000000,B4B1AA01,879EA033,662D0000,12000000,4C000000,302F0000,EF280000,BCECFFFF,CED9FFFF,B2BAFFFF,A50D180000000000B4B1AA01879EA033662D0000120000004C000000302F0000EF280000BCECFFFFCED9FFFFB2BAFFFF
1785191398067,090E180000000000,EAB1AA01,6B9EA033,662D0000,12000000,4C000000,2E2F0000,B4280000,C7ECFFFF,C0D9FFFF,B0BAFFFF,090E180000000000EAB1AA016B9EA033662D0000120000004C0000002E2F0000B4280000C7ECFFFFC0D9FFFFB0BAFFFF
1785191398067,6D0E180000000000,1FB2AA01,509EA033,662D0000,12000000,4C000000,2A2F0000,79280000,D1ECFFFF,B2D9FFFF,ACBAFFFF,6D0E1800000000001FB2AA01509EA033662D0000120000004C0000002A2F000079280000D1ECFFFFB2D9FFFFACBAFFFF
1785191398067,D10E180000000000,56B2AA01,359EA033,662D0000,12000000,4C000000,292F0000,3C280000,DBECFFFF,A7D9FFFF,ABBAFFFF,D10E18000000000056B2AA01359EA033662D0000120000004C000000292F00003C280000DBECFFFFA7D9FFFFABBAFFFF
1785191398067,350F180000000000,8DB2AA01,199EA033,662D0000,12000000,4C000000,2C2F0000,00280000,E6ECFFFF,9CD9FFFF,AEBAFFFF,350F1800000000008DB2AA01199EA033662D0000120000004C0000002C2F000000280000E6ECFFFF9CD9FFFFAEBAFFFF
1785191398067,990F180000000000,C4B2AA01,FE9DA033,662D0000,12000000,4C000000,282F0000,C2270000,F0ECFFFF,90D9FFFF,AABAFFFF,990F180000000000C4B2AA01FE9DA033662D0000120000004C000000282F0000C2270000F0ECFFFF90D9FFFFAABAFFFF
1785191398067,FD0F180000000000,FDB2AA01,E19DA033,662D0000,12000000,4C000000,1D2F0000,84270000,FBECFFFF,83D9FFFF,9FBAFFFF,FD0F180000000000FDB2AA01E19DA033662D0000120000004C0000001D2F000084270000FBECFFFF83D9FFFF9FBAFFFF
1785191398067,6210180000000000,35B3AA01,C59DA033,662D0000,12000000,4C000000,0F2F0000,46270000,05EDFFFF,74D9FFFF,91BAFFFF,621018000000000035B3AA01C59DA033662D0000120000004C0000000F2F00004627000005EDFFFF74D9FFFF91BAFFFF
1785191398067,C610180000000000,6CB3AA01,AA9DA033,662D0000,12000000,4C000000,012F0000,09270000,10EDFFFF,66D9FFFF,83BAFFFF,C6101800000000006CB3AA01AA9DA033662D0000120000004C000000012F00000927000010EDFFFF66D9FFFF83BAFFFF
1785191398067,2A11180000000000,A4B3AA01,8E9DA033,662D0000,12000000,4C000000,FD2E0000,CC260000,1AEDFFFF,58D9FFFF,7FBAFFFF,2A11180000000000A4B3AA018E9DA033662D0000120000004C000000FD2E0000CC2600001AEDFFFF58D9FFFF7FBAFFFF
1785191399067,8E11180000000000,DCB3AA01,729DA033,662D0000,12000000,4C000000,072F0000,8E260000,24EDFFFF,4AD9FFFF,89BAFFFF,8E11180000000000DCB3AA01729DA033662D0000120000004C000000072F00008E26000024EDFFFF4AD9FFFF89BAFFFF
1785191399067,F211180000000000,14B4AA01,579DA033,662D0000,12000000,4C000000,1D2F0000,51260000,2EEDFFFF,3DD9FFFF,9FBAFFFF,F21118000000000014B4AA01579DA033662D0000120000004C0000001D2F0000512600002EEDFFFF3DD9FFFF9FBAFFFF
1785191399067,5612180000000000,4CB4AA01,3B9DA033,662D0000,12000000,4C000000,2C2F0000,13260000,38EDFFFF,2FD9FFFF,AEBAFFFF,56121800000000004CB4AA013B9DA033662D0000120000004C0000002C2F00001326000038EDFFFF2FD9FFFFAEBAFFFF
1785191399067,BA12180000000000,85B4AA01,1F9DA033,662D0000,12000000,4C000000,272F0000,D5250000,42EDFFFF,22D9FFFF,A9BAFFFF,BA1218000000000085B4AA011F9DA033662D0000120000004C000000272F0000D525000042EDFFFF22D9FFFFA9BAFFFF
1785191399067,1E13180000000000,BEB4AA01,039DA033,662D0000,12000000,4C000000,FC2E0000,96250000,4DEDFFFF,14D9FFFF,7EBAFFFF,1E13180000000000BEB4AA01039DA033662D0000120000004C000000FC2E0000962500004DEDFFFF14D9FFFF7EBAFFFF
1785191399067,8313180000000000,F6B4AA01,E79CA033,662D0000,12000000,4C000000,CD2E0000,58250000,57EDFFFF,06D9FFFF,4FBAFFFF,8313180000000000F6B4AA01E79CA033662D0000120000004C000000CD2E00005825000057EDFFFF06D9FFFF4FBAFFFF
1785191399067,E713180000000000,2DB5AA01,CD9CA033,662D0000,12000000,4C000000,B52E0000,1C250000,60EDFFFF,F9D8FFFF,37BAFFFF,E7131800000000002DB5AA01CD9CA033662D0000120000004C000000B52E00001C25000060EDFFFFF9D8FFFF37BAFFFF
1785191399067,4B14180000000000,64B5AA01,B29CA033,662D0000,12000000,4C000000,C42E0000,DF240000,6AEDFFFF,ECD8FFFF,46BAFFFF,4B1418000000000064B5AA01B29CA033662D0000120000004C000000C42E0000DF2400006AEDFFFFECD8FFFF46BAFFFF
1785191399067,AF14180000000000,9BB5AA01,979CA033,662D0000,12000000,4C000000,F82E0000,A3240000,74EDFFFF,DFD8FFFF,7ABAFFFF,AF141800000000009BB5AA01979CA033662D0000120000004C000000F82E0000A324000074EDFFFFDFD8FFFF7ABAFFFF
1785191399067,1315180000000000,D2B5AA01,7C9CA033,662D0000,12000000,4C000000,0D2F0000,66240000,7EEDFFFF,D2D8FFFF,8FBAFFFF,1315180000000000D2B5AA017C9CA033662D0000120000004C0000000D2F0000662400007EEDFFFFD2D8FFFF8FBAFFFF
1785191400067,8215180000000000,0AB6AA01,609CA033,662D0000,12000000,4C000000,002F0000,29240000,88EDFFFF,C5D8FFFF,82BAFFFF,82151800000000000AB6AA01609CA033662D0000120000004C000000002F00002924000088EDFFFFC5D8FFFF82BAFFFF
1785191400067,DB15180000000000,42B6AA01,459CA033,662D0000,12000000,4C000000,EB2E0000,EC230000,92EDFFFF,B7D8FFFF,6DBAFFFF,DB1518000000000042B6AA01459CA033662D0000120000004C000000EB2E0000EC23000092EDFFFFB7D8FFFF6DBAFFFF
1785191400067,3F16180000000000,79B6AA01,2A9CA033,662D0000,12000000,4C000000,DA2E0000,AF230000,9CEDFFFF,AAD8FFFF,5CBAFFFF,3F1618000000000079B6AA012A9CA033662D0000120000004C000000DA2E0000AF2300009CEDFFFFAAD8FFFF5CBAFFFF
1785191400067,A416180000000000,B0B6AA01,0F9CA033,662D0000,12000000,4C000000,D12E0000,72230000,A6EDFFFF,9DD8FFFF,53BAFFFF,A416180000000000B0B6AA010F9CA033662D0000120000004C000000D12E000072230000A6EDFFFF9DD8FFFF53BAFFFF
1785191400067,0917180000000000,E8B6AA01,F39BA033,662D0000,12000000,4C000000,D12E0000,34230000,B0EDFFFF,90D8FFFF,53BAFFFF,0917180000000000E8B6AA01F39BA033662D0000120000004C000000D12E000034230000B0EDFFFF90D8FFFF53BAFFFF
1785191400067,6C17180000000000,20B7AA01,D89BA033,662D0000,12000000,4C000000,D32E0000,F7220000,BAEDFFFF,83D8FFFF,55BAFFFF,6C1718000000000020B7AA01D89BA033662D0000120000004C000000D32E0000F7220000BAEDFFFF83D8FFFF55BAFFFF
1785191400067,D017180000000000,57B7AA01,BD9BA033,662D0000,12000000,4C000000,D72E0000,BB220000,C3EDFFFF,77D8FFFF,59BAFFFF,D01718000000000057B7AA01BD9BA033662D0000120000004C000000D72E0000BB220000C3EDFFFF77D8FFFF59BAFFFF
1785191400067,3418180000000000,8FB7AA01,A19BA033,662D0000,12000000,4C000000,D02E0000,7D220000,CDEDFFFF,6AD8FFFF,52BAFFFF,34181800000000008FB7AA01A19BA033662D0000120000004C000000D02E00007D220000CDEDFFFF6AD8FFFF52BAFFFF
1785191400067,9818180000000000,C6B7AA01,869BA033,662D0000,12000000,4C000000,C52E0000,40220000,D7EDFFFF,5CD8FFFF,47BAFFFF,9818180000000000C6B7AA01869BA033662D0000120000004C000000C52E000040220000D7EDFFFF5CD8FFFF47BAFFFF
1785191400067,FC18180000000000,FEB7AA01,6B9BA033,662D0000,12000000,4C000000,BE2E0000,03220000,E1EDFFFF,4DD8FFFF,40BAFFFF,FC18180000000000FEB7AA016B9BA033662D0000120000004C000000BE2E000003220000E1EDFFFF4DD8FFFF40BAFFFF
1785191401067,6119180000000000,35B8AA01,509BA033,662D0000,12000000,4C000000,BD2E0000,C7210000,EBEDFFFF,3ED8FFFF,3FBAFFFF,611918000000000035B8AA01509BA033662D0000120000004C000000BD2E0000C7210000EBEDFFFF3ED8FFFF3FBAFFFF
1785191401067,C519180000000000,6CB8AA01,359BA033,662D0000,12000000,4C000000,C12E0000,8A210000,F5EDFFFF,30D8FFFF,43BAFFFF,C5191800000000006CB8AA01359BA033662D0000120000004C000000C12E00008A210000F5EDFFFF30D8FFFF43BAFFFF
1785191401067,291A180000000000,A3B8AA01,1A9BA033,662D0000,12000000,4C000000,CF2E0000,4E210000,FEEDFFFF,22D8FFFF,51BAFFFF,291A180000000000A3B8AA011A9BA033662D0000120000004C000000CF2E00004E210000FEEDFFFF22D8FFFF51BAFFFF
1785191401067,8D1A180000000000,DAB8AA01,FF9AA033,662D0000,12000000,4C000000,D52E0000,11210000,08EEFFFF,15D8FFFF,57BAFFFF,8D1A180000000000DAB8AA01FF9AA033662D0000120000004C000000D52E00001121000008EEFFFF15D8FFFF57BAFFFF
1785191401067,F11A180000000000,11B9AA01,E49AA033,662D0000,12000000,4C000000,D02E0000,D4200000,12EEFFFF,09D8FFFF,52BAFFFF,F11A18000000000011B9AA01E49AA033662D0000120000004C000000D02E0000D420000012EEFFFF09D8FFFF52BAFFFF
1785191401067,551B180000000000,49B9AA01,C99AA033,662D0000,12000000,4C000000,C72E0000,97200000,1CEEFFFF,FDD7FFFF,49BAFFFF,551B18000000000049B9AA01C99AA033662D0000120000004C000000C72E0000972000001CEEFFFFFDD7FFFF49BAFFFF
1785191401067,BA1B180000000000,81B9AA01,AD9AA033,662D0000,12000000,4C000000,C02E0000,5A200000,26EEFFFF,F1D7FFFF,42BAFFFF,BA1B18000000000081B9AA01AD9AA033662D0000120000004C000000C02E00005A20000026EEFFFFF1D7FFFF42BAFFFF
1785191401067,1E1C180000000000,BAB9AA01,909AA033,662D0000,12000000,4C000000,BB2E0000,1A200000,31EEFFFF,E5D7FFFF,3DBAFFFF,1E1C180000000000BAB9AA01909AA033662D0000120000004C000000BB2E00001A20000031EEFFFFE5D7FFFF3DBAFFFF
1785191401067,821C180000000000,F4B9AA01,739AA033,662D0000,12000000,4C000000,BC2E0000,DB1F0000,3CEEFFFF,D8D7FFFF,3EBAFFFF,821C180000000000F4B9AA01739AA033662D0000120000004C000000BC2E0000DB1F00003CEEFFFFD8D7FFFF3EBAFFFF
1785191401067,E61C180000000000,2EBAAA01,569AA033,662D0000,12000000,4C000000,CB2E0000,9B1F0000,47EEFFFF,CAD7FFFF,4DBAFFFF,E61C1800000000002EBAAA01569AA033662D0000120000004C000000CB2E00009B1F000047EEFFFFCAD7FFFF4DBAFFFF
1785191402067,4A1D180000000000,68BAAA01,399AA033,662D0000,12000000,4C000000,E12E0000,5A1F0000,52EEFFFF,BDD7FFFF,63BAFFFF,4A1D18000000000068BAAA01399AA033662D0000120000004C000000E12E00005A1F000052EEFFFFBDD7FFFF63BAFFFF
1785191402067,AE1D180000000000,A2BAAA01,1C9AA033,662D0000,12000000,4C000000,F02E0000,1B1F0000,5DEEFFFF,B0D7FFFF,72BAFFFF,AE1D180000000000A2BAAA011C9AA033662D0000120000004C000000F02E00001B1F00005DEEFFFFB0D7FFFF72BAFFFF
1785191402067,121E180000000000,DABAAA01,FF99A033,662D0000,12000000,4C000000,F12E0000,DD1E0000,68EEFFFF,A4D7FFFF,73BAFFFF,121E180000000000DABAAA01FF99A033662D0000120000004C000000F12E0000DD1E000068EEFFFFA4D7FFFF73BAFFFF
1785191402067,761E180000000000,14BBAA01,E299A033,662D0000,12000000,4C000000,EC2E0000,9D1E0000,73EEFFFF,98D7FFFF,6EBAFFFF,761E18000000000014BBAA01E299A033662D0000120000004C000000EC2E00009D1E000073EEFFFF98D7FFFF6EBAFFFF
1785191402067,DB1E180000000000,4DBBAA01,C599A033,662D0000,12000000,4C000000,DD2E0000,5E1E0000,7EEEFFFF,8CD7FFFF,5FBAFFFF,DB1E1800000000004DBBAA01C599A033662D0000120000004C000000DD2E00005E1E00007EEEFFFF8CD7FFFF5FBAFFFF
1785191402067,3F1F180000000000,86BBAA01,A899A033,662D0000,12000000,4C000000,D02E0000,1F1E0000,89EEFFFF,80D7FFFF,52BAFFFF,3F1F18000000000086BBAA01A899A033662D0000120000004C000000D02E00001F1E000089EEFFFF80D7FFFF52BAFFFF
1785191402067,A31F180000000000,C0BBAA01,8B99A033,662D0000,12000000,4C000000,C92E0000,DF1D0000,94EEFFFF,74D7FFFF,4BBAFFFF,A31F180000000000C0BBAA018B99A033662D0000120000004C000000C92E0000DF1D000094EEFFFF74D7FFFF4BBAFFFF
1785191402067,0820180000000000,F9BBAA01,6E99A033,662D0000,12000000,4C000000,C72E0000,A01D0000,A0EEFFFF,68D7FFFF,49BAFFFF,0820180000000000F9BBAA016E99A033662D0000120000004C000000C72E0000A01D0000A0EEFFFF68D7FFFF49BAFFFF
1785191402067,6C20180000000000,32BCAA01,5199A033,662D0000,12000000,4C000000,CD2E0000,621D0000,ABEEFFFF,5DD7FFFF,4FBAFFFF,6C2018000000000032BCAA015199A033662D0000120000004C000000CD2E0000621D0000ABEEFFFF5DD7FFFF4FBAFFFF
1785191402067,CF20180000000000,6ABCAA01,3499A033,662D0000,12000000,4C000000,DD2E0000,231D0000,B6EEFFFF,51D7FFFF,5FBAFFFF,CF201800000000006ABCAA013499A033662D0000120000004C000000DD2E0000231D0000B6EEFFFF51D7FFFF5FBAFFFF
1785191403067,3321180000000000,A3BCAA01,1799A033,662D0000,12000000,4C000000,F72E0000,E41C0000,C1EEFFFF,45D7FFFF,79BAFFFF,3321180000000000A3BCAA011799A033662D0000120000004C000000F72E0000E41C0000C1EEFFFF45D7FFFF79BAFFFF
1785191403067,9721180000000000,DBBCAA01,FB98A033,662D0000,12000000,4C000000,082F0000,A71C0000,CCEEFFFF,39D7FFFF,8ABAFFFF,9721180000000000DBBCAA01FB98A033662D0000120000004C000000082F0000A71C0000CCEEFFFF39D7FFFF8ABAFFFF
1785191403067,FC21180000000000,14BDAA01,DD98A033,662D0000,12000000,4C000000,0B2F0000,671C0000,D8EEFFFF,2ED7FFFF,8DBAFFFF,FC2118000000000014BDAA01DD98A033662D0000120000004C0000000B2F0000671C0000D8EEFFFF2ED7FFFF8DBAFFFF
1785191403067,6022180000000000,4CBDAA01,C198A033,662D0000,12000000,4C000000,032F0000,291C0000,E3EEFFFF,22D7FFFF,85BAFFFF,60221800000000004CBDAA01C198A033662D0000120000004C000000032F0000291C0000E3EEFFFF22D7FFFF85BAFFFF
1785191403067,C522180000000000,85BDAA01,A398A033,662D0000,12000000,4C000000,FB2E0000,EB1B0000,EEEEFFFF,16D7FFFF,7DBAFFFF,C52218000000000085BDAA01A398A033662D0000120000004C000000FB2E0000EB1B0000EEEEFFFF16D7FFFF7DBAFFFF
1785191403067,2823180000000000,BEBDAA01,8698A033,662D0000,12000000,4C000000,FE2E0000,AB1B0000,FAEEFFFF,11D7FFFF,80BAFFFF,2823180000000000BEBDAA018698A033662D0000120000004C000000FE2E0000AB1B0000FAEEFFFF11D7FFFF80BAFFFF
1785191403067,8C23180000000000,F7BDAA01,6898A033,662D0000,12000000,4C000000,032F0000,6C1B0000,06EFFFFF,0BD7FFFF,85BAFFFF,8C23180000000000F7BDAA016898A033662D0000120000004C000000032F00006C1B000006EFFFFF0BD7FFFF85BAFFFF
1785191403067,F023180000000000,30BEAA01,4B98A033,662D0000,12000000,4C000000,0C2F0000,2D1B0000,11EFFFFF,06D7FFFF,8EBAFFFF,F02318000000000030BEAA014B98A033662D0000120000004C0000000C2F00002D1B000011EFFFFF06D7FFFF8EBAFFFF
1785191403067,5424180000000000,69BEAA01,2D98A033,662D0000,12000000,4C000000,182F0000,EE1A0000,1DEFFFFF,00D7FFFF,9ABAFFFF,542418000000000069BEAA012D98A033662D0000120000004C000000182F0000EE1A00001DEFFFFF00D7FFFF9ABAFFFF
1785191403067,B824180000000000,A2BEAA01,1098A033,662D0000,12000000,4C000000,202F0000,AF1A0000,28EFFFFF,FBD6FFFF,A2BAFFFF,B824180000000000A2BEAA011098A033662D0000120000004C000000202F0000AF1A000028EFFFFFFBD6FFFFA2BAFFFF
1785191404067,1D25180000000000,DBBEAA01,F397A033,662D0000,12000000,4C000000,272F0000,701A0000,34EFFFFF,F6D6FFFF,A9BAFFFF,1D25180000000000DBBEAA01F397A033662D0000120000004C000000272F0000701A000034EFFFFFF6D6FFFFA9BAFFFF
1785191404067,8125180000000000,14BFAA01,D597A033,662D0000,12000000,4C000000,2C2F0000,301A0000,3FEFFFFF,F1D6FFFF,AEBAFFFF,812518000000000014BFAA01D597A033662D0000120000004C0000002C2F0000301A00003FEFFFFFF1D6FFFFAEBAFFFF
1785191404067,E525180000000000,4EBFAA01,B897A033,662D0000,12000000,4C000000,302F0000,F1190000,4BEFFFFF,EBD6FFFF,B2BAFFFF,E5251800000000004EBFAA01B897A033662D0000120000004C000000302F0000F11900004BEFFFFFEBD6FFFFB2BAFFFF
1785191404067,4926180000000000,87BFAA01,9A97A033,662D0000,12000000,4C000000,342F0000,B1190000,56EFFFFF,E6D6FFFF,B6BAFFFF,492618000000000087BFAA019A97A033662D0000120000004C000000342F0000B119000056EFFFFFE6D6FFFFB6BAFFFF
1785191404067,AD26180000000000,C1BFAA01,7D97A033,662D0000,12000000,4C000000,412F0000,71190000,62EFFFFF,E0D6FFFF,C3BAFFFF,AD26180000000000C1BFAA017D97A033662D0000120000004C000000412F00007119000062EFFFFFE0D6FFFFC3BAFFFF
1785191404067,1127180000000000,FBBFAA01,5F97A033,662D0000,12000000,4C000000,4B2F0000,31190000,6DEFFFFF,DBD6FFFF,CDBAFFFF,1127180000000000FBBFAA015F97A033662D0000120000004C0000004B2F0000311900006DEFFFFFDBD6FFFFCDBAFFFF
1785191404067,7527180000000000,34C0AA01,4297A033,662D0000,12000000,4C000000,522F0000,F2180000,78EFFFFF,D5D6FFFF,D4BAFFFF,752718000000000034C0AA014297A033662D0000120000004C000000522F0000F218000078EFFFFFD5D6FFFFD4BAFFFF
1785191404067,D927180000000000,6EC0AA01,2597A033,662D0000,12000000,4C000000,532F0000,B2180000,83EFFFFF,D0D6FFFF,D5BAFFFF,D9271800000000006EC0AA012597A033662D0000120000004C000000532F0000B218000083EFFFFFD0D6FFFFD5BAFFFF
1785191404067,3E28180000000000,A8C0AA01,0897A033,662D0000,12000000,4C000000,572F0000,72180000,8EEFFFFF,CBD6FFFF,D9BAFFFF,3E28180000000000A8C0AA010897A033662D0000120000004C000000572F0000721800008EEFFFFFCBD6FFFFD9BAFFFF
1785191404067,A228180000000000,E1C0AA01,EC96A033,662D0000,12000000,4C000000,542F0000,33180000,99EFFFFF,C6D6FFFF,D6BAFFFF,A228180000000000E1C0AA01EC96A033662D0000120000004C000000542F00003318000099EFFFFFC6D6FFFFD6BAFFFF
1785191405067,0629180000000000,1BC1AA01,CF96A033,662D0000,12000000,4C000000,512F0000,F4170000,A3EFFFFF,C0D6FFFF,D3BAFFFF,06291800000000001BC1AA01CF96A033662D0000120000004C000000512F0000F4170000A3EFFFFFC0D6FFFFD3BAFFFF
1785191405067,6B29180000000000,55C1AA01,B396A033,662D0000,12000000,4C000000,4D2F0000,B4170000,AEEFFFFF,BBD6FFFF,CFBAFFFF,6B2918000000000055C1AA01B396A033662D0000120000004C0000004D2F0000B4170000AEEFFFFFBBD6FFFFCFBAFFFF
1785191405067,CE29180000000000,8FC1AA01,9696A033,662D0000,12000000,4C000000,462F0000,74170000,B8EFFFFF,B6D6FFFF,C8BAFFFF,CE291800000000008FC1AA019696A033662D0000120000004C000000462F000074170000B8EFFFFFB6D6FFFFC8BAFFFF
1785191405067,322A180000000000,C7C1AA01,7B96A033,662D0000,12000000,4C000000,402F0000,37170000,C1EFFFFF,B1D6FFFF,C2BAFFFF,322A180000000000C7C1AA017B96A033662D0000120000004C000000402F000037170000C1EFFFFFB1D6FFFFC2BAFFFF
1785191405067,962A180000000000,FEC1AA01,6096A033,662D0000,12000000,4C000000,472F0000,FA160000,CBEFFFFF,ACD6FFFF,C9BAFFFF,962A180000000000FEC1AA016096A033662D0000120000004C000000472F0000FA160000CBEFFFFFACD6FFFFC9BAFFFF
1785191405067,FB2A180000000000,36C2AA01,4596A033,662D0000,12000000,4C000000,492F0000,BD160000,D5EFFFFF,A7D6FFFF,CBBAFFFF,FB2A18000000000036C2AA014596A033662D0000120000004C000000492F0000BD160000D5EFFFFFA7D6FFFFCBBAFFFF
1785191405067,5F2B180000000000,6DC2AA01,2B96A033,662D0000,12000000,4C000000,412F0000,80160000,DEEFFFFF,A2D6FFFF,C3BAFFFF,5F2B1800000000006DC2AA012B96A033662D0000120000004C000000412F000080160000DEEFFFFFA2D6FFFFC3BAFFFF
1785191405067,C32B180000000000,A4C2AA01,1196A033,662D0000,12000000,4C000000,342F0000,44160000,E7EFFFFF,9ED6FFFF,B6BAFFFF,C32B180000000000A4C2AA011196A033662D0000120000004C000000342F000044160000E7EFFFFF9ED6FFFFB6BAFFFF
1785191405067,272C180000000000,DCC2AA01,F695A033,662D0000,12000000,4C000000,212F0000,07160000,F0EFFFFF,99D6FFFF,A3BAFFFF,272C180000000000DCC2AA01F695A033662D0000120000004C000000212F000007160000F0EFFFFF99D6FFFFA3BAFFFF
1785191405067,8B2C180000000000,12C3AA01,DC95A033,662D0000,12000000,4C000000,122F0000,CB150000,F9EFFFFF,95D6FFFF,94BAFFFF,8B2C18000000000012C3AA01DC95A033662D0000120000004C000000122F0000CB150000F9EFFFFF95D6FFFF94BAFFFF
1785191406067,EF2C180000000000,48C3AA01,C395A033,662D0000,12000000,4C000000,082F0000,90150000,02F0FFFF,90D6FFFF,8ABAFFFF,EF2C18000000000048C3AA01C395A033662D0000120000004C000000082F00009015000002F0FFFF90D6FFFF8ABAFFFF
1785191406067,542D180000000000,7FC3AA01,A995A033,662D0000,12000000,4C000000,FE2E0000,55150000,0BF0FFFF,8CD6FFFF,80BAFFFF,542D1800000000007FC3AA01A995A033662D0000120000004C000000FE2E0000551500000BF0FFFF8CD6FFFF80BAFFFF
1785191406067,B82D180000000000,B4C3AA01,8F95A033,662D0000,12000000,4C000000,F02E0000,1A150000,14F0FFFF,88D6FFFF,72BAFFFF,B82D180000000000B4C3AA018F95A033662D0000120000004C000000F02E00001A15000014F0FFFF88D6FFFF72BAFFFF
1785191406067,1C2E180000000000,EBC3AA01,7595A033,662D0000,12000000,4C000000,E52E0000,DF140000,1DF0FFFF,84D6FFFF,67BAFFFF,1C2E180000000000EBC3AA017595A033662D0000120000004C000000E52E0000DF1400001DF0FFFF84D6FFFF67BAFFFF
1785191406067,812E180000000000,21C4AA01,5C95A033,662D0000,12000000,4C000000,CF2E0000,A3140000,25F0FFFF,7FD6FFFF,51BAFFFF,812E18000000000021C4AA015C95A033662D0000120000004C000000CF2E0000A314000025F0FFFF7FD6FFFF51BAFFFF
1785191406067,E42E180000000000,57C4AA01,4195A033,662D0000,12000000,4C000000,B92E0000,68140000,2FF0FFFF,7BD6FFFF,3BBAFFFF,E42E18000000000057C4AA014195A033662D0000120000004C000000B92E0000681400002FF0FFFF7BD6FFFF3BBAFFFF
1785191406067,482F180000000000,8DC4AA01,2895A033,662D0000,12000000,4C000000,B12E0000,2D140000,37F0FFFF,76D6FFFF,33BAFFFF,482F1800000000008DC4AA012895A033662D0000120000004C000000B12E00002D14000037F0FFFF76D6FFFF33BAFFFF
1785191406067,AC2F180000000000,C2C4AA01,0E95A033,662D0000,12000000,4C000000,AD2E0000,F3130000,40F0FFFF,72D6FFFF,2FBAFFFF,AC2F180000000000C2C4AA010E95A033662D0000120000004C000000AD2E0000F313000040F0FFFF72D6FFFF2FBAFFFF
1785191406067,1030180000000000,F7C4AA01,F494A033,662D0000,12000000,4C000000,A42E0000,B8130000,4AF0FFFF,6ED6FFFF,26BAFFFF,1030180000000000F7C4AA01F494A033662D0000120000004C000000A42E0000B81300004AF0FFFF6ED6FFFF26BAFFFF
1785191406067,7530180000000000,2CC5AA01,DA94A033,662D0000,12000000,4C000000,9B2E0000,7E130000,54F0FFFF,69D6FFFF,1DBAFFFF,75301800000000002CC5AA01DA94A033662D0000120000004C0000009B2E00007E13000054F0FFFF69D6FFFF1DBAFFFF
1785191407067,D930180000000000,61C5AA01,BF94A033,662D0000,12000000,4C000000,942E0000,43130000,5EF0FFFF,65D6FFFF,16BAFFFF,D93018000000000061C5AA01BF94A033662D0000120000004C000000942E0000431300005EF0FFFF65D6FFFF16BAFFFF
1785191407067,3D31180000000000,94C5AA01,A594A033,662D0000,12000000,4C000000,872E0000,0B130000,68F0FFFF,60D6FFFF,09BAFFFF,3D3118000000000094C5AA01A594A033662D0000120000004C000000872E00000B13000068F0FFFF60D6FFFF09BAFFFF
1785191407067,A131180000000000,C8C5AA01,8A94A033,662D0000,12000000,4C000000,852E0000,D1120000,73F0FFFF,5BD6FFFF,07BAFFFF,A131180000000000C8C5AA018A94A033662D0000120000004C000000852E0000D112000073F0FFFF5BD6FFFF07BAFFFF
1785191407067,0532180000000000,FDC5AA01,6E94A033,662D0000,12000000,4C000000,8B2E0000,97120000,7EF0FFFF,56D6FFFF,0DBAFFFF,0532180000000000FDC5AA016E94A033662D0000120000004C0000008B2E0000971200007EF0FFFF56D6FFFF0DBAFFFF
1785191407067,6A32180000000000,31C6AA01,5194A033,662D0000,12000000,4C000000,7F2E0000,5D120000,8BF0FFFF,51D6FFFF,01BAFFFF,6A3218000000000031C6AA015194A033662D0000120000004C0000007F2E00005D1200008BF0FFFF51D6FFFF01BAFFFF
1785191407067,CD32180000000000,64C6AA01,3494A033,662D0000,12000000,4C000000,892E0000,23120000,97F0FFFF,4CD6FFFF,0BBAFFFF,CD3218000000000064C6AA013494A033662D0000120000004C000000892E00002312000097F0FFFF4CD6FFFF0BBAFFFF
1785191407067,3133180000000000,96C6AA01,1794A033,662D0000,12000000,4C000000,8C2E0000,EB110000,A4F0FFFF,47D6FFFF,0EBAFFFF,313318000000000096C6AA011794A033662D0000120000004C0000008C2E0000EB110000A4F0FFFF47D6FFFF0EBAFFFF
1785191407067,9633180000000000,C9C6AA01,FA93A033,662D0000,12000000,4C000000,972E0000,B2110000,B2F0FFFF,44D6FFFF,19BAFFFF,9633180000000000C9C6AA01FA93A033662D0000120000004C000000972E0000B2110000B2F0FFFF44D6FFFF19BAFFFF
1785191407067,FA33180000000000,FAC6AA01,DD93A033,662D0000,12000000,4C000000,9D2E0000,7A110000,C0F0FFFF,40D6FFFF,1FBAFFFF,FA33180000000000FAC6AA01DD93A033662D0000120000004C0000009D2E00007A110000C0F0FFFF40D6FFFF1FBAFFFF
1785191407067,5E34180000000000,2CC7AA01,BF93A033,662D0000,12000000,4C000000,B22E0000,42110000,CDF0FFFF,3DD6FFFF,34BAFFFF,5E341800000000002CC7AA01BF93A033662D0000120000004C000000B22E000042110000CDF0FFFF3DD6FFFF34BAFFFF
1785191408067,C234180000000000,5DC7AA01,A293A033,662D0000,12000000,4C000000,CA2E0000,0A110000,DBF0FFFF,39D6FFFF,4CBAFFFF,C2341800000000005DC7AA01A293A033662D0000120000004C000000CA2E00000A110000DBF0FFFF39D6FFFF4CBAFFFF
1785191408067,2635180000000000,8EC7AA01,8493A033,662D0000,12000000,4C000000,EC2E0000,D3100000,E9F0FFFF,35D6FFFF,6EBAFFFF,26351800000000008EC7AA018493A033662D0000120000004C000000EC2E0000D3100000E9F0FFFF35D6FFFF6EBAFFFF
1785191408067,8A35180000000000,C0C7AA01,6793A033,662D0000,12000000,4C000000,0F2F0000,9B100000,F7F0FFFF,31D6FFFF,91BAFFFF,8A35180000000000C0C7AA016793A033662D0000120000004C0000000F2F00009B100000F7F0FFFF31D6FFFF91BAFFFF
1785191408067,EE35180000000000,F0C7AA01,4A93A033,662D0000,12000000,4C000000,402F0000,64100000,05F1FFFF,2ED6FFFF,C2BAFFFF,EE35180000000000F0C7AA014A93A033662D0000120000004C000000402F00006410000005F1FFFF2ED6FFFFC2BAFFFF
1785191408067,5436180000000000,21C8AA01,2C93A033,662D0000,12000000,4C000000,822F0000,2D100000,13F1FFFF,2AD6FFFF,04BBFFFF,543618000000000021C8AA012C93A033662D0000120000004C000000822F00002D10000013F1FFFF2AD6FFFF04BBFFFF
1785191408067,B736180000000000,51C8AA01,0F93A033,662D0000,12000000,4C000000,C52F0000,F70F0000,21F1FFFF,27D6FFFF,47BBFFFF,B73618000000000051C8AA010F93A033662D0000120000004C000000C52F0000F70F000021F1FFFF27D6FFFF47BBFFFF
1785191408067,1B37180000000000,80C8AA01,F192A033,662D0000,12000000,4C000000,FD2F0000,C10F0000,30F1FFFF,23D6FFFF,7FBBFFFF,1B3718000000000080C8AA01F192A033662D0000120000004C000000FD2F0000C10F000030F1FFFF23D6FFFF7FBBFFFF
1785191408067,7F37180000000000,AFC8AA01,D292A033,662D0000,12000000,4C000000,32300000,8B0F0000,3FF1FFFF,20D6FFFF,B4BBFFFF,7F37180000000000AFC8AA01D292A033662D0000120000004C000000323000008B0F00003FF1FFFF20D6FFFFB4BBFFFF
1785191408067,E337180000000000,DCC8AA01,B492A033,662D0000,12000000,4C000000,59300000,570F0000,4FF1FFFF,1ED6FFFF,DBBBFFFF,E337180000000000DCC8AA01B492A033662D0000120000004C00000059300000570F00004FF1FFFF1ED6FFFFDBBBFFFF
1785191408067,4738180000000000,08C9AA01,9592A033,662D0000,12000000,4C000000,70300000,240F0000,60F1FFFF,1BD6FFFF,F2BBFFFF,473818000000000008C9AA019592A033662D0000120000004C00000070300000240F000060F1FFFF1BD6FFFFF2BBFFFF
1785191409067,AB38180000000000,33C9AA01,7692A033,662D0000,12000000,4C000000,7E300000,F10E0000,71F1FFFF,18D6FFFF,00BCFFFF,AB3818000000000033C9AA017692A033662D0000120000004C0000007E300000F10E000071F1FFFF18D6FFFF00BCFFFF
1785191409067,0F39180000000000,5EC9AA01,5592A033,662D0000,12000000,4C000000,8F300000,BF0E0000,84F1FFFF,16D6FFFF,11BCFFFF,0F391800000000005EC9AA015592A033662D0000120000004C0000008F300000BF0E000084F1FFFF16D6FFFF11BCFFFF
1785191409067,7439180000000000,89C9AA01,3392A033,662D0000,12000000,4C000000,A0300000,8B0E0000,99F1FFFF,13D6FFFF,22BCFFFF,743918000000000089C9AA013392A033662D0000120000004C000000A03000008B0E000099F1FFFF13D6FFFF22BCFFFF
1785191409067,D839180000000000,B4C9AA01,0F92A033,662D0000,12000000,4C000000,A7300000,580E0000,AFF1FFFF,11D6FFFF,29BCFFFF,D839180000000000B4C9AA010F92A033662D0000120000004C000000A7300000580E0000AFF1FFFF11D6FFFF29BCFFFF
1785191409067,3F3A180000000000,DEC9AA01,E991A033,662D0000,12000000,4C000000,A9300000,250E0000,C6F1FFFF,0ED6FFFF,2BBCFFFF,3F3A180000000000DEC9AA01E991A033662D0000120000004C000000A9300000250E0000C6F1FFFF0ED6FFFF2BBCFFFF
1785191409067,A13A180000000000,06CAAA01,C391A033,662D0000,12000000,4C000000,BB300000,F40D0000,DFF1FFFF,0CD6FFFF,3DBCFFFF,A13A18000000000006CAAA01C391A033662D0000120000004C000000BB300000F40D0000DFF1FFFF0CD6FFFF3DBCFFFF
1785191409067,043B180000000000,2CCAAA01,9B91A033,662D0000,12000000,4C000000,D5300000,C40D0000,FAF1FFFF,09D6FFFF,57BCFFFF,043B1800000000002CCAAA019B91A033662D0000120000004C000000D5300000C40D0000FAF1FFFF09D6FFFF57BCFFFF
1785191409067,683B180000000000,50CAAA01,7291A033,662D0000,12000000,4C000000,FC300000,950D0000,17F2FFFF,06D6FFFF,7EBCFFFF,683B18000000000050CAAA017291A033662D0000120000004C000000FC300000950D000017F2FFFF06D6FFFF7EBCFFFF
1785191409067,CC3B180000000000,73CAAA01,4991A033,662D0000,12000000,4C000000,3A310000,680D0000,35F2FFFF,03D6FFFF,BCBCFFFF,CC3B18000000000073CAAA014991A033662D0000120000004C0000003A310000680D000035F2FFFF03D6FFFFBCBCFFFF
1785191409067,313C180000000000,92CAAA01,1E91A033,662D0000,12000000,4C000000,84310000,3D0D0000,54F2FFFF,FFD5FFFF,06BDFFFF,313C18000000000092CAAA011E91A033662D0000120000004C000000843100003D0D000054F2FFFFFFD5FFFF06BDFFFF
1785191410067,953C180000000000,B1CAAA01,F190A033,662D0000,12000000,4C000000,DC310000,130D0000,76F2FFFF,FCD5FFFF,5EBDFFFF,953C180000000000B1CAAA01F190A033662D0000120000004C000000DC310000130D000076F2FFFFFCD5FFFF5EBDFFFF
1785191410067,F93C180000000000,CCCAAA01,C490A033,662D0000,12000000,4C000000,45320000,EC0C0000,9AF2FFFF,F9D5FFFF,C7BDFFFF,F93C180000000000CCCAAA01C490A033662D0000120000004C00000045320000EC0C00009AF2FFFFF9D5FFFFC7BDFFFF
1785191410067,5D3D180000000000,E6CAAA01,9490A033,662D0000,12000000,4C000000,AE320000,C50C0000,BFF2FFFF,F5D5FFFF,30BEFFFF,5D3D180000000000E6CAAA019490A033662D0000120000004C000000AE320000C50C0000BFF2FFFFF5D5FFFF30BEFFFF
1785191410067,C13D180000000000,FFCAAA01,6390A033,662D0000,12000000,4C000000,27330000,9F0C0000,E7F2FFFF,F1D5FFFF,A9BEFFFF,C13D180000000000FFCAAA016390A033662D0000120000004C000000273300009F0C0000E7F2FFFFF1D5FFFFA9BEFFFF
1785191410067,253E180000000000,14CBAA01,3290A033,662D0000,12000000,4C000000,A9330000,7C0C0000,10F3FFFF,EDD5FFFF,2BBFFFFF,253E18000000000014CBAA013290A033662D0000120000004C000000A93300007C0C000010F3FFFFEDD5FFFF2BBFFFFF
1785191410067,893E180000000000,28CBAA01,FE8FA033,662D0000,12000000,4C000000,46340000,5A0C0000,3CF3FFFF,E8D5FFFF,C8BFFFFF,893E18000000000028CBAA01FE8FA033662D0000120000004C000000463400005A0C00003CF3FFFFE8D5FFFFC8BFFFFF
1785191410067,EE3E180000000000,38CBAA01,CF8FA033,662D0000,12000000,4C000000,03350000,3D0C0000,65F3FFFF,E4D5FFFF,85C0FFFF,EE3E18000000000038CBAA01CF8FA033662D0000120000004C000000033500003D0C000065F3FFFFE4D5FFFF85C0FFFF
1785191410067,523F180000000000,46CBAA01,9C8FA033,662D0000,12000000,4C000000,D1350000,210C0000,91F3FFFF,E0D5FFFF,53C1FFFF,523F18000000000046CBAA019C8FA033662D0000120000004C000000D1350000210C000091F3FFFFE0D5FFFF53C1FFFF
1785191410067,B63F180000000000,52CBAA01,678FA033,662D0000,12000000,4C000000,A8360000,060C0000,C1F3FFFF,DBD5FFFF,2AC2FFFF,B63F18000000000052CBAA01678FA033662D0000120000004C000000A8360000060C0000C1F3FFFFDBD5FFFF2AC2FFFF
1785191410067,1A40180000000000,5CCBAA01,308FA033,662D0000,12000000,4C000000,8D370000,EC0B0000,F2F3FFFF,D6D5FFFF,0FC3FFFF,1A401800000000005CCBAA01308FA033662D0000120000004C0000008D370000EC0B0000F2F3FFFFD6D5FFFF0FC3FFFF
1785191411067,7E40180000000000,64CBAA01,F28EA033,662D0000,12000000,4C000000,7F380000,D30B0000,2BF4FFFF,D1D5FFFF,01C4FFFF,7E4018000000000064CBAA01F28EA033662D0000120000004C0000007F380000D30B00002BF4FFFFD1D5FFFF01C4FFFF
1785191411067,E240180000000000,69CBAA01,B58EA033,662D0000,12000000,4C000000,81390000,BD0B0000,64F4FFFF,CCD5FFFF,03C5FFFF,E24018000000000069CBAA01B58EA033662D0000120000004C00000081390000BD0B000064F4FFFFCCD5FFFF03C5FFFF
1785191411067,4641180000000000,6BCBAA01,788EA033,662D0000,12000000,4C000000,A03A0000,A90B0000,9EF4FFFF,C6D5FFFF,22C6FFFF,46411800000000006BCBAA01788EA033662D0000120000004C000000A03A0000A90B00009EF4FFFFC6D5FFFF22C6FFFF
1785191411067,AA41180000000000,69CBAA01,388EA033,662D0000,12000000,4C000000,BD3B0000,980B0000,DCF4FFFF,C0D5FFFF,3FC7FFFF,AA4118000000000069CBAA01388EA033662D0000120000004C000000BD3B0000980B0000DCF4FFFFC0D5FFFF3FC7FFFF
1785191411067,0F42180000000000,64CBAA01,F98DA033,662D0000,12000000,4C000000,BE3C0000,8B0B0000,19F5FFFF,BAD5FFFF,40C8FFFF,0F4218000000000064CBAA01F98DA033662D0000120000004C000000BE3C00008B0B000019F5FFFFBAD5FFFF40C8FFFF
1785191411067,7342180000000000,5BCBAA01,BA8DA033,662D0000,12000000,4C000000,C23D0000,810B0000,58F5FFFF,B3D5FFFF,44C9FFFF,73421800000000005BCBAA01BA8DA033662D0000120000004C000000C23D0000810B000058F5FFFFB3D5FFFF44C9FFFF
1785191411067,D742180000000000,4FCBAA01,7D8DA033,662D0000,12000000,4C000000,CF3E0000,7A0B0000,96F5FFFF,ADD5FFFF,51CAFFFF,D7421800000000004FCBAA017D8DA033662D0000120000004C000000CF3E00007A0B000096F5FFFFADD5FFFF51CAFFFF
1785191411067,3B43180000000000,42CBAA01,478DA033,662D0000,12000000,4C000000,EC3F0000,770B0000,CEF5FFFF,A7D5FFFF,6ECBFFFF,3B4318000000000042CBAA01478DA033662D0000120000004C000000EC3F0000770B0000CEF5FFFFA7D5FFFF6ECBFFFF
1785191411067,9F43180000000000,33CBAA01,128DA033,662D0000,12000000,4C000000,F7400000,760B0000,05F6FFFF,A1D5FFFF,79CCFFFF,9F4318000000000033CBAA01128DA033662D0000120000004C000000F7400000760B000005F6FFFFA1D5FFFF79CCFFFF
1785191411067,0344180000000000,21CBAA01,DD8CA033,662D0000,12000000,4C000000,15420000,780B0000,3CF6FFFF,9CD5FFFF,97CDFFFF,034418000000000021CBAA01DD8CA033662D0000120000004C00000015420000780B00003CF6FFFF9CD5FFFF97CDFFFF
1785191412067,6744180000000000,0DCBAA01,A98CA033,662D0000,12000000,4C000000,33430000,7C0B0000,74F6FFFF,96D5FFFF,B5CEFFFF,67441800000000000DCBAA01A98CA033662D0000120000004C000000334300007C0B000074F6FFFF96D5FFFFB5CEFFFF
1785191412067,CC44180000000000,F6CAAA01,768CA033,662D0000,12000000,4C000000,51440000,830B0000,ACF6FFFF,90D5FFFF,D3CFFFFF,CC44180000000000F6CAAA01768CA033662D0000120000004C00000051440000830B0000ACF6FFFF90D5FFFFD3CFFFFF
1785191412067,3045180000000000,DDCAAA01,438CA033,662D0000,12000000,4C000000,82450000,8D0B0000,E3F6FFFF,8AD5FFFF,04D1FFFF,3045180000000000DDCAAA01438CA033662D0000120000004C000000824500008D0B0000E3F6FFFF8AD5FFFF04D1FFFF
1785191412067,9445180000000000,C1CAAA01,138CA033,662D0000,12000000,4C000000,B1460000,990B0000,1AF7FFFF,83D5FFFF,33D2FFFF,9445180000000000C1CAAA01138CA033662D0000120000004C000000B1460000990B00001AF7FFFF83D5FFFF33D2FFFF
1785191412067,F845180000000000,A5CAAA01,E68BA033,662D0000,12000000,4C000000,EC470000,A70B0000,4DF7FFFF,7CD5FFFF,6ED3FFFF,F845180000000000A5CAAA01E68BA033662D0000120000004C000000EC470000A70B00004DF7FFFF7CD5FFFF6ED3FFFF
1785191412067,5C46180000000000,86CAAA01,BB8BA033,662D0000,12000000,4C000000,3A490000,B80B0000,7FF7FFFF,76D5FFFF,BCD4FFFF,5C4618000000000086CAAA01BB8BA033662D0000120000004C0000003A490000B80B00007FF7FFFF76D5FFFFBCD4FFFF
1785191412067,C046180000000000,66CAAA01,918BA033,662D0000,12000000,4C000000,794A0000,CB0B0000,B0F7FFFF,6FD5FFFF,FBD5FFFF,C04618000000000066CAAA01918BA033662D0000120000004C000000794A0000CB0B0000B0F7FFFF6FD5FFFFFBD5FFFF
1785191412067,2447180000000000,43CAAA01,698BA033,662D0000,12000000,4C000000,AD4B0000,E00B0000,E1F7FFFF,68D5FFFF,2FD7FFFF,244718000000000043CAAA01698BA033662D0000120000004C000000AD4B0000E00B0000E1F7FFFF68D5FFFF2FD7FFFF
1785191412067,8847180000000000,1ECAAA01,418BA033,662D0000,12000000,4C000000,C44C0000,F80B0000,12F8FFFF,60D5FFFF,46D8FFFF,88471800000000001ECAAA01418BA033662D0000120000004C000000C44C0000F80B000012F8FFFF60D5FFFF46D8FFFF
1785191412067,ED47180000000000,F6C9AA01,1B8BA033,662D0000,12000000,4C000000,D04D0000,130C0000,42F8FFFF,59D5FFFF,52D9FFFF,ED47180000000000F6C9AA011B8BA033662D0000120000004C000000D04D0000130C000042F8FFFF59D5FFFF52D9FFFF
1785191413067,5148180000000000,CCC9AA01,F68AA033,662D0000,12000000,4C000000,E04E0000,300C0000,72F8FFFF,51D5FFFF,62DAFFFF,5148180000000000CCC9AA01F68AA033662D0000120000004C000000E04E0000300C000072F8FFFF51D5FFFF62DAFFFF
1785191413067,B548180000000000,A3C9AA01,D58AA033,662D0000,12000000,4C000000,EE4F0000,4E0C0000,9EF8FFFF,4AD5FFFF,70DBFFFF,B548180000000000A3C9AA01D58AA033662D0000120000004C000000EE4F00004E0C00009EF8FFFF4AD5FFFF70DBFFFF
1785191413067,1949180000000000,78C9AA01,B58AA033,662D0000,12000000,4C000000,07510000,6E0C0000,C8F8FFFF,43D5FFFF,89DCFFFF,194918000000000078C9AA01B58AA033662D0000120000004C000000075100006E0C0000C8F8FFFF43D5FFFF89DCFFFF
1785191413067,7D49180000000000,4BC9AA01,988AA033,662D0000,12000000,4C000000,15520000,900C0000,F1F8FFFF,3BD5FFFF,97DDFFFF,7D491800000000004BC9AA01988AA033662D0000120000004C00000015520000900C0000F1F8FFFF3BD5FFFF97DDFFFF
1785191413067,E149180000000000,1EC9AA01,7C8AA033,662D0000,12000000,4C000000,23530000,B30C0000,18F9FFFF,34D5FFFF,A5DEFFFF,E1491800000000001EC9AA017C8AA033662D0000120000004C00000023530000B30C000018F9FFFF34D5FFFFA5DEFFFF
1785191413067,454A180000000000,EFC8AA01,638AA033,662D0000,12000000,4C000000,37540000,D90C0000,3FF9FFFF,2CD5FFFF,B9DFFFFF,454A180000000000EFC8AA01638AA033662D0000120000004C00000037540000D90C00003FF9FFFF2CD5FFFFB9DFFFFF
1785191413067,A94A180000000000,BDC8AA01,4B8AA033,662D0000,12000000,4C000000,41550000,020D0000,64F9FFFF,23D5FFFF,C3E0FFFF,A94A180000000000BDC8AA014B8AA033662D0000120000004C00000041550000020D000064F9FFFF23D5FFFFC3E0FFFF
1785191413067,0E4B180000000000,8BC8AA01,348AA033,662D0000,12000000,4C000000,55560000,2C0D0000,88F9FFFF,1BD5FFFF,D7E1FFFF,0E4B1800000000008BC8AA01348AA033662D0000120000004C000000555600002C0D000088F9FFFF1BD5FFFFD7E1FFFF
1785191413067,724B180000000000,56C8AA01,208AA033,662D0000,12000000,4C000000,5B570000,590D0000,ABF9FFFF,12D5FFFF,DDE2FFFF,724B18000000000056C8AA01208AA033662D0000120000004C0000005B570000590D0000ABF9FFFF12D5FFFFDDE2FFFF
1785191413067,D64B180000000000,1FC8AA01,0E8AA033,662D0000,12000000,4C000000,57580000,870D0000,CCF9FFFF,09D5FFFF,D9E3FFFF,D64B1800000000001FC8AA010E8AA033662D0000120000004C00000057580000870D0000CCF9FFFF09D5FFFFD9E3FFFF
1785191414067,3A4C180000000000,E9C7AA01,FE89A033,662D0000,12000000,4C000000,58590000,B70D0000,ECF9FFFF,00D5FFFF,DAE4FFFF,3A4C180000000000E9C7AA01FE89A033662D0000120000004C00000058590000B70D0000ECF9FFFF00D5FFFFDAE4FFFF
1785191414067,9F4C180000000000,B1C7AA01,F089A033,662D0000,12000000,4C000000,625A0000,E80D0000,09FAFFFF,F6D4FFFF,E4E5FFFF,9F4C180000000000B1C7AA01F089A033662D0000120000004C000000625A0000E80D000009FAFFFFF6D4FFFFE4E5FFFF
1785191414067,024D180000000000,79C7AA01,E489A033,662D0000,12000000,4C000000,695B0000,1A0E0000,25FAFFFF,EDD4FFFF,EBE6FFFF,024D18000000000079C7AA01E489A033662D0000120000004C000000695B00001A0E000025FAFFFFEDD4FFFFEBE6FFFF
1785191414067,674D180000000000,41C7AA01,DB89A033,662D0000,12000000,4C000000,645C0000,4D0E0000,3EFAFFFF,E4D4FFFF,E6E7FFFF,674D18000000000041C7AA01DB89A033662D0000120000004C000000645C00004D0E00003EFAFFFFE4D4FFFFE6E7FFFF
1785191414067,CB4D180000000000,08C7AA01,D389A033,662D0000,12000000,4C000000,585D0000,810E0000,56FAFFFF,DBD4FFFF,DAE8FFFF,CB4D18000000000008C7AA01D389A033662D0000120000004C000000585D0000810E000056FAFFFFDBD4FFFFDAE8FFFF
1785191414067,2F4E180000000000,CEC6AA01,CC89A033,662D0000,12000000,4C000000,465E0000,B60E0000,6DFAFFFF,D1D4FFFF,C8E9FFFF,2F4E180000000000CEC6AA01CC89A033662D0000120000004C000000465E0000B60E00006DFAFFFFD1D4FFFFC8E9FFFF
1785191414067,934E180000000000,96C6AA01,C889A033,662D0000,12000000,4C000000,395F0000,EB0E0000,82FAFFFF,C9D4FFFF,BBEAFFFF,934E18000000000096C6AA01C889A033662D0000120000004C000000395F0000EB0E000082FAFFFFC9D4FFFFBBEAFFFF
1785191414067,F74E180000000000,5EC6AA01,C689A033,662D0000,12000000,4C000000,21600000,200F0000,94FAFFFF,C0D4FFFF,A3EBFFFF,F74E1800000000005EC6AA01C689A033662D0000120000004C00000021600000200F000094FAFFFFC0D4FFFFA3EBFFFF
1785191414067,5B4F180000000000,26C6AA01,C589A033,662D0000,12000000,4C000000,0D610000,550F0000,A5FAFFFF,B7D4FFFF,8FECFFFF,5B4F18000000000026C6AA01C589A033662D0000120000004C0000000D610000550F0000A5FAFFFFB7D4FFFF8FECFFFF
1785191414067,BF4F180000000000,EEC5AA01,C589A033,662D0000,12000000,4C000000,F2610000,8B0F0000,B5FAFFFF,AFD4FFFF,74EDFFFF,BF4F180000000000EEC5AA01C589A033662D0000120000004C000000F26100008B0F0000B5FAFFFFAFD4FFFF74EDFFFF
1785191415067,2350180000000000,B6C5AA01,C789A033,662D0000,12000000,4C000000,D1620000,C10F0000,C4FAFFFF,A6D4FFFF,53EEFFFF,2350180000000000B6C5AA01C789A033662D0000120000004C000000D1620000C10F0000C4FAFFFFA6D4FFFF53EEFFFF
1785191415067,8950180000000000,7EC5AA01,CA89A033,662D0000,12000000,4C000000,AC630000,F70F0000,D1FAFFFF,9DD4FFFF,2EEFFFFF,89501800000000007EC5AA01CA89A033662D0000120000004C000000AC630000F70F0000D1FAFFFF9DD4FFFF2EEFFFFF
1785191415067,ED50180000000000,47C5AA01,CE89A033,662D0000,12000000,4C000000,7E640000,2E100000,DDFAFFFF,94D4FFFF,00F0FFFF,ED5018000000000047C5AA01CE89A033662D0000120000004C0000007E6400002E100000DDFAFFFF94D4FFFF00F0FFFF
1785191415067,5051180000000000,0FC5AA01,D489A033,662D0000,12000000,4C000000,48650000,65100000,E8FAFFFF,8BD4FFFF,CAF0FFFF,50511800000000000FC5AA01D489A033662D0000120000004C0000004865000065100000E8FAFFFF8BD4FFFFCAF0FFFF
1785191415067,B451180000000000,D6C4AA01,DA89A033,662D0000,12000000,4C000000,10660000,9D100000,F3FAFFFF,81D4FFFF,92F1FFFF,B451180000000000D6C4AA01DA89A033662D0000120000004C000000106600009D100000F3FAFFFF81D4FFFF92F1FFFF
1785191415067,1852180000000000,9DC4AA01,E289A033,662D0000,12000000,4C000000,C6660000,D6100000,FCFAFFFF,77D4FFFF,48F2FFFF,18521800000000009DC4AA01E289A033662D0000120000004C000000C6660000D6100000FCFAFFFF77D4FFFF48F2FFFF
1785191415067,7C52180000000000,65C4AA01,EA89A033,662D0000,12000000,4C000000,7E670000,0E110000,04FBFFFF,6ED4FFFF,00F3FFFF,7C5218000000000065C4AA01EA89A033662D0000120000004C0000007E6700000E11000004FBFFFF6ED4FFFF00F3FFFF
1785191415067,E052180000000000,28C4AA01,F489A033,662D0000,12000000,4C000000,2E680000,4B110000,0CFBFFFF,64D4FFFF,B0F3FFFF,E05218000000000028C4AA01F489A033662D0000120000004C0000002E6800004B1100000CFBFFFF64D4FFFFB0F3FFFF
1785191415067,4453180000000000,ECC3AA01,FF89A033,662D0000,12000000,4C000000,D8680000,87110000,13FBFFFF,5AD4FFFF,5AF4FFFF,4453180000000000ECC3AA01FF89A033662D0000120000004C000000D86800008711000013FBFFFF5AD4FFFF5AF4FFFF
1785191416067,AA53180000000000,B0C3AA01,0B8AA033,662D0000,12000000,4C000000,79690000,C4110000,19FBFFFF,51D4FFFF,FBF4FFFF,AA53180000000000B0C3AA010B8AA033662D0000120000004C00000079690000C411000019FBFFFF51D4FFFFFBF4FFFF
1785191416067,0D54180000000000,72C3AA01,188AA033,662D0000,12000000,4C000000,076A0000,04120000,1FFBFFFF,48D4FFFF,89F5FFFF,0D5418000000000072C3AA01188AA033662D0000120000004C000000076A0000041200001FFBFFFF48D4FFFF89F5FFFF
1785191416067,7254180000000000,34C3AA01,268AA033,662D0000,12000000,4C000000,916A0000,43120000,23FBFFFF,3FD4FFFF,13F6FFFF,725418000000000034C3AA01268AA033662D0000120000004C000000916A00004312000023FBFFFF3FD4FFFF13F6FFFF
1785191416067,D554180000000000,F8C2AA01,358AA033,662D0000,12000000,4C000000,096B0000,81120000,27FBFFFF,36D4FFFF,8BF6FFFF,D554180000000000F8C2AA01358AA033662D0000120000004C000000096B00008112000027FBFFFF36D4FFFF8BF6FFFF
1785191416067,3955180000000000,BCC2AA01,448AA033,662D0000,12000000,4C000000,7C6B0000,BE120000,29FBFFFF,2DD4FFFF,FEF6FFFF,3955180000000000BCC2AA01448AA033662D0000120000004C0000007C6B0000BE12000029FBFFFF2DD4FFFFFEF6FFFF
1785191416067,9E55180000000000,81C2AA01,548AA033,662D0000,12000000,4C000000,F06B0000,FB120000,2CFBFFFF,24D4FFFF,72F7FFFF,9E5518000000000081C2AA01548AA033662D0000120000004C000000F06B0000FB1200002CFBFFFF24D4FFFF72F7FFFF
1785191416067,0156180000000000,47C2AA01,648AA033,662D0000,12000000,4C000000,5A6C0000,38130000,2DFBFFFF,1BD4FFFF,DCF7FFFF,015618000000000047C2AA01648AA033662D0000120000004C0000005A6C0000381300002DFBFFFF1BD4FFFFDCF7FFFF
1785191416067,6656180000000000,0CC2AA01,758AA033,662D0000,12000000,4C000000,BC6C0000,75130000,2FFBFFFF,13D4FFFF,3EF8FFFF,66561800000000000CC2AA01758AA033662D0000120000004C000000BC6C0000751300002FFBFFFF13D4FFFF3EF8FFFF
1785191416067,CA56180000000000,D8C1AA01,848AA033,662D0000,12000000,4C000000,116D0000,AC130000,2FFBFFFF,0BD4FFFF,93F8FFFF,CA56180000000000D8C1AA01848AA033662D0000120000004C000000116D0000AC1300002FFBFFFF0BD4FFFF93F8FFFF
1785191416067,2E57180000000000,A3C1AA01,948AA033,662D0000,12000000,4C000000,646D0000,E3130000,2FFBFFFF,02D4FFFF,E6F8FFFF,2E57180000000000A3C1AA01948AA033662D0000120000004C000000646D0000E31300002FFBFFFF02D4FFFFE6F8FFFF
1785191417067,9257180000000000,6EC1AA01,A48AA033,662D0000,12000000,4C000000,B76D0000,1A140000,2FFBFFFF,FAD3FFFF,39F9FFFF,92571800000000006EC1AA01A48AA033662D0000120000004C000000B76D00001A1400002FFBFFFFFAD3FFFF39F9FFFF
1785191417067,F757180000000000,3AC1AA01,B48AA033,662D0000,12000000,4C000000,0F6E0000,50140000,2FFBFFFF,F2D3FFFF,91F9FFFF,F7571800000000003AC1AA01B48AA033662D0000120000004C0000000F6E0000501400002FFBFFFFF2D3FFFF91F9FFFF
1785191417067,5B58180000000000,05C1AA01,C58AA033,662D0000,12000000,4C000000,706E0000,88140000,2FFBFFFF,EAD3FFFF,F2F9FFFF,5B5818000000000005C1AA01C58AA033662D0000120000004C000000706E0000881400002FFBFFFFEAD3FFFFF2F9FFFF
1785191417067,BE58180000000000,D0C0AA01,D58AA033,662D0000,12000000,4C000000,C86E0000,BF140000,2EFBFFFF,E2D3FFFF,4AFAFFFF,BE58180000000000D0C0AA01D58AA033662D0000120000004C000000C86E0000BF1400002EFBFFFFE2D3FFFF4AFAFFFF
1785191417067,2259180000000000,9CC0AA01,E68AA033,662D0000,12000000,4C000000,166F0000,F7140000,2EFBFFFF,DAD3FFFF,98FAFFFF,22591800000000009CC0AA01E68AA033662D0000120000004C000000166F0000F71400002EFBFFFFDAD3FFFF98FAFFFF
1785191417067,8759180000000000,67C0AA01,F68AA033,662D0000,12000000,4C000000,5A6F0000,2D150000,2DFBFFFF,D2D3FFFF,DCFAFFFF,875918000000000067C0AA01F68AA033662D0000120000004C0000005A6F00002D1500002DFBFFFFD2D3FFFFDCFAFFFF
1785191417067,EB59180000000000,32C0AA01,078BA033,662D0000,12000000,4C000000,946F0000,65150000,2DFBFFFF,CAD3FFFF,16FBFFFF,EB5918000000000032C0AA01078BA033662D0000120000004C000000946F0000651500002DFBFFFFCAD3FFFF16FBFFFF
1785191417067,4F5A180000000000,FEBFAA01,178BA033,662D0000,12000000,4C000000,BF6F0000,9C150000,2CFBFFFF,C2D3FFFF,41FBFFFF,4F5A180000000000FEBFAA01178BA033662D0000120000004C000000BF6F00009C1500002CFBFFFFC2D3FFFF41FBFFFF
1785191417067,B35A180000000000,C9BFAA01,278BA033,662D0000,12000000,4C000000,EE6F0000,D3150000,2CFBFFFF,BBD3FFFF,70FBFFFF,B35A180000000000C9BFAA01278BA033662D0000120000004C000000EE6F0000D31500002CFBFFFFBBD3FFFF70FBFFFF
1785191417067,175B180000000000,94BFAA01,388BA033,662D0000,12000000,4C000000,1E700000,0A160000,2CFBFFFF,B2D3FFFF,A0FBFFFF,175B18000000000094BFAA01388BA033662D0000120000004C0000001E7000000A1600002CFBFFFFB2D3FFFFA0FBFFFF
1785191418067,7B5B180000000000,5EBFAA01,488BA033,662D0000,12000000,4C000000,4D700000,43160000,2CFBFFFF,AAD3FFFF,CFFBFFFF,7B5B1800000000005EBFAA01488BA033662D0000120000004C0000004D700000431600002CFBFFFFAAD3FFFFCFFBFFFF
1785191418067,DF5B180000000000,28BFAA01,588BA033,662D0000,12000000,4C000000,72700000,7B160000,2DFBFFFF,A2D3FFFF,F4FBFFFF,DF5B18000000000028BFAA01588BA033662D0000120000004C000000727000007B1600002DFBFFFFA2D3FFFFF4FBFFFF
1785191418067,445C180000000000,F5BEAA01,678BA033,662D0000,12000000,4C000000,89700000,B0160000,2DFBFFFF,9AD3FFFF,0BFCFFFF,445C180000000000F5BEAA01678BA033662D0000120000004C00000089700000B01600002DFBFFFF9AD3FFFF0BFCFFFF
1785191418067,A85C180000000000,C1BEAA01,768BA033,662D0000,12000000,4C000000,94700000,E6160000,2DFBFFFF,92D3FFFF,16FCFFFF,A85C180000000000C1BEAA01768BA033662D0000120000004C00000094700000E61600002DFBFFFF92D3FFFF16FCFFFF
1785191418067,0C5D180000000000,8EBEAA01,858BA033,662D0000,12000000,4C000000,A1700000,1C170000,2EFBFFFF,8AD3FFFF,23FCFFFF,0C5D1800000000008EBEAA01858BA033662D0000120000004C000000A17000001C1700002EFBFFFF8AD3FFFF23FCFFFF
1785191418067,705D180000000000,5BBEAA01,958BA033,662D0000,12000000,4C000000,AC700000,51170000,2EFBFFFF,82D3FFFF,2EFCFFFF,705D1800000000005BBEAA01958BA033662D0000120000004C000000AC700000511700002EFBFFFF82D3FFFF2EFCFFFF
1785191418067,D45D180000000000,26BEAA01,A48BA033,662D0000,12000000,4C000000,B2700000,88170000,2EFBFFFF,7AD3FFFF,34FCFFFF,D45D18000000000026BEAA01A48BA033662D0000120000004C000000B2700000881700002EFBFFFF7AD3FFFF34FCFFFF
1785191418067,385E180000000000,F2BDAA01,B48BA033,662D0000,12000000,4C000000,AA700000,BE170000,2FFBFFFF,72D3FFFF,2CFCFFFF,385E180000000000F2BDAA01B48BA033662D0000120000004C000000AA700000BE1700002FFBFFFF72D3FFFF2CFCFFFF
1785191418067,9C5E180000000000,BEBDAA01,C48BA033,662D0000,12000000,4C000000,A2700000,F5170000,2EFBFFFF,6AD3FFFF,24FCFFFF,9C5E180000000000BEBDAA01C48BA033662D0000120000004C000000A2700000F51700002EFBFFFF6AD3FFFF24FCFFFF
1785191418067,005F180000000000,8BBDAA01,D48BA033,662D0000,12000000,4C000000,96700000,2B180000,2EFBFFFF,62D3FFFF,18FCFFFF,005F1800000000008BBDAA01D48BA033662D0000120000004C000000967000002B1800002EFBFFFF62D3FFFF18FCFFFF
1785191419067,655F180000000000,58BDAA01,E58BA033,662D0000,12000000,4C000000,80700000,60180000,2DFBFFFF,5BD3FFFF,02FCFFFF,655F18000000000058BDAA01E58BA033662D0000120000004C00000080700000601800002DFBFFFF5BD3FFFF02FCFFFF
1785191419067,C95F180000000000,26BDAA01,F68BA033,662D0000,12000000,4C000000,6D700000,95180000,2BFBFFFF,53D3FFFF,EFFBFFFF,C95F18000000000026BDAA01F68BA033662D0000120000004C0000006D700000951800002BFBFFFF53D3FFFFEFFBFFFF
1785191419067,2E60180000000000,F3BCAA01,088CA033,662D0000,12000000,4C000000,60700000,CB180000,29FBFFFF,4BD3FFFF,E2FBFFFF,2E60180000000000F3BCAA01088CA033662D0000120000004C00000060700000CB18000029FBFFFF4BD3FFFFE2FBFFFF
1785191419067,9160180000000000,C2BCAA01,1A8CA033,662D0000,12000000,4C000000,51700000,FF180000,25FBFFFF,44D3FFFF,D3FBFFFF,9160180000000000C2BCAA011A8CA033662D0000120000004C00000051700000FF18000025FBFFFF44D3FFFFD3FBFFFF
1785191419067,F560180000000000,92BCAA01,2D8CA033,662D0000,12000000,4C000000,42700000,33190000,21FBFFFF,3DD3FFFF,C4FBFFFF,F56018000000000092BCAA012D8CA033662D0000120000004C000000427000003319000021FBFFFF3DD3FFFFC4FBFFFF
1785191419067,5961180000000000,61BCAA01,408CA033,662D0000,12000000,4C000000,3A700000,67190000,1DFBFFFF,35D3FFFF,BCFBFFFF,596118000000000061BCAA01408CA033662D0000120000004C0000003A700000671900001DFBFFFF35D3FFFFBCFBFFFF
1785191419067,BE61180000000000,2FBCAA01,558CA033,662D0000,12000000,4C000000,37700000,9D190000,18FBFFFF,2ED3FFFF,B9FBFFFF,BE611800000000002FBCAA01558CA033662D0000120000004C000000377000009D19000018FBFFFF2ED3FFFFB9FBFFFF
