date,ref_id,pos_x,pos_y,pos_z,yaw
2026-08-04 14:24:38,10000,0,0,0,-195
2026-08-04 14:24:38,10000,0,0,0,-195
2026-08-04 14:24:38,10000,0,0,0,-195
2026-08-04 14:24:38,10000,0,0,0,-196
2026-08-04 14:24:38,10000,0,0,0,-196
2026-08-04 14:24:38,10000,0,0,0,-196
2026-08-04 14:24:38,10000,0,0,0,-196
2026-08-04 14:24:38,10000,0,0,0,-196
2026-08-04 14:24:38,10000,0,0,0,-196
2026-08-04 14:24:38,10000,0,0,0,-196
2026-08-04 14:24:39,10000,0,0,0,-196
2026-08-04 14:24:39,10000,0,0,0,-196
2026-08-04 14:24:39,10000,0,0,0,-196
2026-08-04 14:24:39,10000,0,0,0,-196
2026-08-04 14:24:39,10000,0,0,0,-196
2026-08-04 14:24:39,10000,0,0,0,-197
2026-08-04 14:24:39,10000,0,0,0,-197
2026-08-04 14:24:39,10000,0,0,0,-197
2026-08-04 14:24:39,10000,0,0,0,-197
2026-08-04 14:24:39,10000,0,0,0,-197
2026-08-04 14:24:40,10000,0,0,0,-197
2026-08-04 14:24:40,10000,0,0,0,-197
2026-08-04 14:24:40,10000,0,0,0,-197
2026-08-04 14:24:40,10000,0,0,0,-197
2026-08-04 14:24:40,10000,0,0,0,-197
2026-08-04 14:24:40,10000,0,0,0,-197
2026-08-04 14:24:40,10000,0,0,0,-197
2026-08-04 14:24:40,10000,0,0,0,-197
2026-08-04 14:24:40,10000,0,0,0,-198
2026-08-04 14:24:40,10000,0,0,0,-198
2026-08-04 14:24:41,10000,0,0,0,-198
2026-08-04 14:24:41,10000,0,0,0,-198
2026-08-04 14:24:41,10000,0,0,0,-198
2026-08-04 14:24:41,10000,0,0,0,-198
2026-08-04 14:24:41,10000,0,0,0,-198
2026-08-04 14:24:41,10000,0,0,0,-198
2026-08-04 14:24:41,10000,0,0,0,-199
2026-08-04 14:24:41,10000,0,0,0,-199
2026-08-04 14:24:41,10000,0,0,0,-199
2026-08-04 14:24:41,10000,0,0,0,-199
2026-08-04 14:24:42,10000,0,0,0,-199
2026-08-04 14:24:42,10000,0,0,0,-199
2026-08-04 14:24:42,10000,0,0,0,-199
2026-08-04 14:24:42,10000,0,0,0,-199
2026-08-04 14:24:42,10000,0,0,0,-199
2026-08-04 14:24:42,10000,0,0,0,-199
2026-08-04 14:24:42,10000,0,0,0,-200
2026-08-04 14:24:42,10000,0,0,0,-199
2026-08-04 14:24:42,10000,0,0,0,-200
2026-08-04 14:24:42,10000,0,0,0,-200
2026-08-04 14:24:43,10000,0,0,0,-200
2026-08-04 14:24:43,10000,0,0,0,-200
2026-08-04 14:24:43,10000,0,0,0,-200
2026-08-04 14:24:43,10000,0,0,0,-200
2026-08-04 14:24:43,10000,0,0,0,-200
2026-08-04 14:24:43,10000,0,0,0,-200
2026-08-04 14:24:43,10000,0,0,0,-201
2026-08-04 14:24:43,10000,0,0,0,-201
2026-08-04 14:24:43,10000,0,0,0,-201
2026-08-04 14:24:43,10000,0,0,0,-201
2026-08-04 14:24:44,10000,0,0,0,-201
2026-08-04 14:24:44,10000,0,0,0,-201
2026-08-04 14:24:44,10000,0,0,0,-202
2026-08-04 14:24:44,10000,0,0,0,-201
2026-08-04 14:24:44,10000,0,0,0,-202
2026-08-04 14:24:44,10000,0,0,0,-202
2026-08-04 14:24:44,10000,0,0,0,-202
2026-08-04 14:24:44,10000,0,0,0,-202
2026-08-04 14:24:44,10000,0,0,0,-202
2026-08-04 14:24:44,10000,0,0,0,-202
2026-08-04 14:24:45,10000,0,0,0,-202
2026-08-04 14:24:45,10000,0,0,0,-202
2026-08-04 14:24:45,10000,0,0,0,-202
2026-08-04 14:24:45,10000,0,0,0,-202
2026-08-04 14:24:45,10000,0,0,0,-203
2026-08-04 14:24:45,10000,0,0,0,-203
2026-08-04 14:24:45,10000,0,0,0,-203
2026-08-04 14:24:45,10000,0,0,0,-203
2026-08-04 14:24:45,10000,0,0,0,-203
2026-08-04 14:24:45,10000,0,0,0,-203
2026-08-04 14:24:46,10000,0,0,0,-203
2026-08-04 14:24:46,10000,0,0,0,-203
2026-08-04 14:24:46,10000,0,0,0,-204
2026-08-04 14:24:46,10000,0,0,0,-204
2026-08-04 14:24:46,10000,0,0,0,-204
2026-08-04 14:24:46,10000,0,0,0,-204
2026-08-04 14:24:46,10000,0,0,0,-204
2026-08-04 14:24:46,10000,0,0,0,-204
2026-08-04 14:24:46,10000,0,0,0,-204
2026-08-04 14:24:46,10000,0,0,0,-204
2026-08-04 14:24:47,10000,0,0,0,-205
2026-08-04 14:24:47,10000,0,0,0,-205
2026-08-04 14:24:47,10000,0,0,0,-205
2026-08-04 14:24:47,10000,0,0,0,-205
2026-08-04 14:24:47,10000,0,0,0,-205
2026-08-04 14:24:47,10000,0,0,0,-205
2026-08-04 14:24:47,10000,0,0,0,-205
2026-08-04 14:24:47,10000,0,0,0,-205
2026-08-04 14:24:47,10000,0,0,0,-206
2026-08-04 14:24:47,10000,0,0,0,-206
2026-08-04 14:24:48,10000,0,0,0,-206
2026-08-04 14:24:48,10000,0,0,0,-206
2026-08-04 14:24:48,10000,0,0,0,-206
2026-08-04 14:24:48,10000,0,0,0,-206
2026-08-04 14:24:48,10000,0,0,0,-206
2026-08-04 14:24:48,10000,0,0,0,-206
2026-08-04 14:24:48,10000,0,0,0,-206
2026-08-04 14:24:48,10000,0,0,0,-206
2026-08-04 14:24:48,10000,0,0,0,-207
2026-08-04 14:24:48,10000,0,0,0,-207
2026-08-04 14:24:49,10000,0,0,0,-207
2026-08-04 14:24:49,10000,0,0,0,-207
2026-08-04 14:24:49,10000,0,0,0,-207
2026-08-04 14:24:49,10000,0,0,0,-207
2026-08-04 14:24:49,10000,0,0,0,-207
2026-08-04 14:24:49,10000,0,0,0,-207
2026-08-04 14:24:49,10000,0,0,0,-207
2026-08-04 14:24:49,10000,0,0,0,-207
2026-08-04 14:24:49,10000,0,0,0,-208
2026-08-04 14:24:49,10000,0,0,0,-208
2026-08-04 14:24:50,10000,0,0,0,-208
2026-08-04 14:24:50,10000,0,0,0,-208
2026-08-04 14:24:50,10000,0,0,0,-208
2026-08-04 14:24:50,10000,0,0,0,-208
2026-08-04 14:24:50,10000,0,0,0,-209
2026-08-04 14:24:50,10000,0,0,0,-208
2026-08-04 14:24:50,10000,0,0,0,-209
2026-08-04 14:24:50,10000,0,0,0,-209
2026-08-04 14:24:50,10000,0,0,0,-209
2026-08-04 14:24:51,10000,0,0,0,-209
2026-08-04 14:24:51,10000,0,0,0,-209
2026-08-04 14:24:51,10000,0,0,0,-209
2026-08-04 14:24:51,10000,0,0,0,-210
2026-08-04 14:24:51,10000,0,0,0,-210
2026-08-04 14:24:51,10000,0,0,0,-210
2026-08-04 14:24:51,10000,0,0,0,-210
2026-08-04 14:24:51,10000,0,0,0,-210
2026-08-04 14:24:51,10000,0,0,0,-210
2026-08-04 14:24:51,10000,0,0,0,-210
2026-08-04 14:24:52,10000,0,0,0,-211
2026-08-04 14:24:52,10000,0,0,0,-211
2026-08-04 14:24:52,10000,0,0,0,-211
2026-08-04 14:24:52,10000,0,0,0,-211
2026-08-04 14:24:52,10000,0,0,0,-211
2026-08-04 14:24:52,10000,0,0,0,-211
2026-08-04 14:24:52,10000,0,0,0,-211
2026-08-04 14:24:52,10000,0,0,0,-212
2026-08-04 14:24:52,10000,0,0,0,-212
2026-08-04 14:24:52,10000,0,0,0,-212
2026-08-04 14:24:53,10000,0,0,0,-212
2026-08-04 14:24:53,10000,0,0,0,-212
2026-08-04 14:24:53,10000,0,0,0,-213
2026-08-04 14:24:53,10000,0,0,0,-213
2026-08-04 14:24:53,10000,0,0,0,-213
2026-08-04 14:24:53,10000,0,0,0,-213
2026-08-04 14:24:53,10000,0,0,0,-213
2026-08-04 14:24:53,10000,0,0,0,-213
2026-08-04 14:24:53,10000,0,0,0,-214
2026-08-04 14:24:53,10000,0,0,0,-214
2026-08-04 14:24:54,10000,0,0,0,-214
2026-08-04 14:24:54,10000,0,0,0,-215
2026-08-04 14:24:54,10000,0,0,0,-214
2026-08-04 14:24:54,10000,0,0,0,-215
2026-08-04 14:24:54,10000,0,0,0,-215
2026-08-04 14:24:54,10000,0,0,0,-215
2026-08-04 14:24:54,10000,0,0,0,-215
2026-08-04 14:24:54,10000,0,0,0,-216
2026-08-04 14:24:54,10000,0,0,0,-215
2026-08-04 14:24:54,10000,0,0,0,-216
2026-08-04 14:24:55,10000,0,0,0,-216
2026-08-04 14:24:55,10000,0,0,0,-216
2026-08-04 14:24:55,10000,0,0,0,-216
2026-08-04 14:24:55,10000,0,0,0,-217
2026-08-04 14:24:55,10000,0,0,0,-217
2026-08-04 14:24:55,10000,0,0,0,-217
2026-08-04 14:24:55,10000,0,0,0,-217
2026-08-04 14:24:55,10000,0,0,0,-217
2026-08-04 14:24:55,10000,0,0,0,-217
2026-08-04 14:24:55,10000,0,0,0,-218
2026-08-04 14:24:56,10000,0,0,0,-218
2026-08-04 14:24:56,10000,0,0,0,-218
2026-08-04 14:24:56,10000,0,0,0,-218
2026-08-04 14:24:56,10000,0,0,0,-219
2026-08-04 14:24:56,10000,0,0,0,-218
2026-08-04 14:24:56,10000,0,0,0,-219
2026-08-04 14:24:56,10000,0,0,0,-219
2026-08-04 14:24:56,10000,0,0,0,-220
2026-08-04 14:24:56,10000,0,0,0,-220
2026-08-04 14:24:56,10000,0,0,0,-220
2026-08-04 14:24:57,10000,0,0,0,-220
2026-08-04 14:24:57,10000,0,0,0,-221
2026-08-04 14:24:57,10000,0,0,0,-221
2026-08-04 14:24:57,10000,0,0,0,-221
2026-08-04 14:24:57,10000,0,0,0,-222
2026-08-04 14:24:57,10000,0,0,0,-222
2026-08-04 14:24:57,10000,0,0,0,-222
2026-08-04 14:24:57,10000,0,0,0,-223
2026-08-04 14:24:57,10000,0,0,0,-223
2026-08-04 14:24:57,10000,0,0,0,-224
2026-08-04 14:24:58,10000,0,0,0,-224
2026-08-04 14:24:58,10000,0,0,0,-224
2026-08-04 14:24:58,10000,0,0,0,-225
2026-08-04 14:24:58,10000,0,0,0,-225
2026-08-04 14:24:58,10000,0,0,0,-226
2026-08-04 14:24:58,10000,0,0,0,-226
2026-08-04 14:24:58,10000,0,0,0,-226
2026-08-04 14:24:58,10000,0,0,0,-226
2026-08-04 14:24:58,10000,0,0,0,-227
2026-08-04 14:24:59,10000,0,0,0,-227
2026-08-04 14:24:59,10000,0,0,0,-227
2026-08-04 14:24:59,10000,0,0,0,-228
2026-08-04 14:24:59,10000,0,0,0,-228
2026-08-04 14:24:59,10000,0,0,0,-228
2026-08-04 14:24:59,10000,0,0,0,-228
2026-08-04 14:24:59,10000,0,0,0,-228
2026-08-04 14:24:59,10000,0,0,0,-229
2026-08-04 14:24:59,10000,0,0,0,-229
2026-08-04 14:24:59,10000,0,0,0,-229
2026-08-04 14:25:00,10000,0,0,0,-229
2026-08-04 14:25:00,10000,0,0,0,-229
2026-08-04 14:25:00,10000,0,0,0,-229
2026-08-04 14:25:00,10000,0,0,0,-230
2026-08-04 14:25:00,10000,0,0,0,-230
2026-08-04 14:25:00,10000,0,0,0,-230
2026-08-04 14:25:00,10000,0,0,0,-230
2026-08-04 14:25:00,10000,0,0,0,-230
2026-08-04 14:25:00,10000,0,0,0,-230
2026-08-04 14:25:00,10000,0,0,0,-231
2026-08-04 14:25:01,10000,0,0,0,-231
2026-08-04 14:25:01,10000,0,0,0,-231
2026-08-04 14:25:01,10000,0,0,0,-231
2026-08-04 14:25:01,10000,0,0,0,-231
2026-08-04 14:25:01,10000,0,0,0,-231
2026-08-04 14:25:01,10000,0,0,0,-231
2026-08-04 14:25:01,10000,0,0,0,-232
2026-08-04 14:25:01,10000,0,0,0,-232
2026-08-04 14:25:01,10000,0,0,0,-232
2026-08-04 14:25:01,10000,0,0,0,-232
2026-08-04 14:25:02,10000,0,0,0,-232
2026-08-04 14:25:02,10000,0,0,0,-232
2026-08-04 14:25:02,10000,0,0,0,-233
2026-08-04 14:25:02,10000,0,0,0,-233
2026-08-04 14:25:02,10000,0,0,0,-233
2026-08-04 14:25:02,10000,0,0,0,-233
2026-08-04 14:25:02,10000,0,0,0,-233
2026-08-04 14:25:02,10000,0,0,0,-233
2026-08-04 14:25:02,10000,0,0,0,-233
2026-08-04 14:25:02,10000,0,0,0,-233
2026-08-04 14:25:03,10000,0,0,0,-233
2026-08-04 14:25:03,10000,0,0,0,-234
2026-08-04 14:25:03,10000,0,0,0,-233
2026-08-04 14:25:03,10000,0,0,0,-234
2026-08-04 14:25:03,10000,0,0,0,-234
2026-08-04 14:25:03,10000,0,0,0,-234
2026-08-04 14:25:03,10000,0,0,0,-234
2026-08-04 14:25:03,10000,0,0,0,-234
2026-08-04 14:25:03,10000,0,0,0,-234
2026-08-04 14:25:03,10000,0,0,0,-234
2026-08-04 14:25:04,10000,0,0,0,-234
2026-08-04 14:25:04,10000,0,0,0,-235
2026-08-04 14:25:04,10000,0,0,0,-235
2026-08-04 14:25:04,10000,0,0,0,-235
2026-08-04 14:25:04,10000,0,0,0,-235
2026-08-04 14:25:04,10000,0,0,0,-235
2026-08-04 14:25:04,10000,0,0,0,-235
2026-08-04 14:25:04,10000,0,0,0,-235
2026-08-04 14:25:04,10000,0,0,0,-235
2026-08-04 14:25:04,10000,0,0,0,-236
2026-08-04 14:25:05,10000,0,0,0,-236
2026-08-04 14:25:05,10000,0,0,0,-236
2026-08-04 14:25:05,10000,0,0,0,-236
2026-08-04 14:25:05,10000,0,0,0,-236
2026-08-04 14:25:05,10000,0,0,0,-236
2026-08-04 14:25:05,10000,0,0,0,-236
2026-08-04 14:25:05,10000,0,0,0,-236
2026-08-04 14:25:05,10000,0,0,0,-236
2026-08-04 14:25:05,10000,0,0,0,-236
2026-08-04 14:25:05,10000,0,0,0,-236
2026-08-04 14:25:06,10000,0,0,0,-236
2026-08-04 14:25:06,10000,0,0,0,-236
2026-08-04 14:25:06,10000,0,0,0,-236
2026-08-04 14:25:06,10000,0,0,0,-237
2026-08-04 14:25:06,10000,0,0,0,-237
2026-08-04 14:25:06,10000,0,0,0,-237
2026-08-04 14:25:06,10000,0,0,0,-237
2026-08-04 14:25:06,10000,0,0,0,-237
2026-08-04 14:25:06,10000,0,0,0,-237
2026-08-04 14:25:06,10000,0,0,0,-237
2026-08-04 14:25:07,10000,0,0,0,-237
2026-08-04 14:25:07,10000,0,0,0,-237
2026-08-04 14:25:07,10000,0,0,0,-237
2026-08-04 14:25:07,10000,0,0,0,-238
2026-08-04 14:25:07,10000,0,0,0,-238
2026-08-04 14:25:07,10000,0,0,0,-238
2026-08-04 14:25:07,10000,0,0,0,-238
2026-08-04 14:25:07,10000,0,0,0,-238
2026-08-04 14:25:07,10000,0,0,0,-238
2026-08-04 14:25:07,10000,0,0,0,-238
2026-08-04 14:25:08,10000,0,0,0,-239
2026-08-04 14:25:08,10000,0,0,0,-239
2026-08-04 14:25:08,10000,0,0,0,-239
2026-08-04 14:25:08,10000,0,0,0,-239
2026-08-04 14:25:08,10000,0,0,0,-239
2026-08-04 14:25:08,10000,0,0,0,-239
2026-08-04 14:25:08,10000,0,0,0,-239
2026-08-04 14:25:08,10000,0,0,0,-239
2026-08-04 14:25:08,10000,0,0,0,-239
2026-08-04 14:25:08,10000,0,0,0,-239
2026-08-04 14:25:09,10000,0,0,0,-239
2026-08-04 14:25:09,10000,0,0,0,-239
2026-08-04 14:25:09,10000,0,0,0,-240
2026-08-04 14:25:09,10000,0,0,0,-240
2026-08-04 14:25:09,10000,0,0,0,-240
2026-08-04 14:25:09,10000,0,0,0,-240
2026-08-04 14:25:09,10000,0,0,0,-240
2026-08-04 14:25:09,10000,0,0,0,-240
2026-08-04 14:25:09,10000,0,0,0,-240
2026-08-04 14:25:09,10000,0,0,0,-240
2026-08-04 14:25:10,10000,0,0,0,-240
2026-08-04 14:25:10,10000,0,0,0,-241
2026-08-04 14:25:10,10000,0,0,0,-241
2026-08-04 14:25:10,10000,0,0,0,-241
2026-08-04 14:25:10,10000,0,0,0,-241
2026-08-04 14:25:10,10000,0,0,0,-241
2026-08-04 14:25:10,10000,0,0,0,-241
2026-08-04 14:25:10,10000,0,0,0,-241
2026-08-04 14:25:10,10000,0,0,0,-241
2026-08-04 14:25:10,10000,0,0,0,-241
2026-08-04 14:25:11,10000,0,0,0,-242
2026-08-04 14:25:11,10000,0,0,0,-242
2026-08-04 14:25:11,10000,0,0,0,-242
2026-08-04 14:25:11,10000,0,0,0,-242
2026-08-04 14:25:11,10000,0,0,0,-242
2026-08-04 14:25:11,10000,0,0,0,-242
2026-08-04 14:25:11,10000,0,0,0,-242
2026-08-04 14:25:11,10000,0,0,0,-242
2026-08-04 14:25:11,10000,0,0,0,-242
2026-08-04 14:25:11,10000,0,0,0,-242
2026-08-04 14:25:12,10000,0,0,0,-242
2026-08-04 14:25:12,10000,0,0,0,-242
2026-08-04 14:25:12,10000,0,0,0,-243
2026-08-04 14:25:12,10000,0,0,0,-243
2026-08-04 14:25:12,10000,0,0,0,-243
2026-08-04 14:25:12,10000,0,0,0,-243
2026-08-04 14:25:12,10000,0,0,0,-243
2026-08-04 14:25:12,10000,0,0,0,-243
2026-08-04 14:25:12,10000,0,0,0,-243
2026-08-04 14:25:12,10000,0,0,0,-243
2026-08-04 14:25:13,10000,0,0,0,-243
2026-08-04 14:25:13,10000,0,0,0,-243
2026-08-04 14:25:13,10000,0,0,0,-243
2026-08-04 14:25:13,10000,0,0,0,-243
2026-08-04 14:25:13,10000,0,0,0,-244
2026-08-04 14:25:13,10000,0,0,0,-244
2026-08-04 14:25:13,10000,0,0,0,-244
2026-08-04 14:25:13,10000,0,0,0,-244
2026-08-04 14:25:13,10000,0,0,0,-244
2026-08-04 14:25:13,10000,0,0,0,-244
2026-08-04 14:25:14,10000,0,0,0,-244
2026-08-04 14:25:14,10000,0,0,0,-244
2026-08-04 14:25:14,10000,0,0,0,-244
2026-08-04 14:25:14,10000,0,0,0,-245
2026-08-04 14:25:14,10000,0,0,0,-245
2026-08-04 14:25:14,10000,0,0,0,-245
2026-08-04 14:25:14,10000,0,0,0,-245
2026-08-04 14:25:14,10000,0,0,0,-245
2026-08-04 14:25:14,10000,0,0,0,-245
2026-08-04 14:25:14,10000,0,0,0,-245
2026-08-04 14:25:15,10000,0,0,0,-245
2026-08-04 14:25:15,10000,0,0,0,-245
2026-08-04 14:25:15,10000,0,0,0,-245
2026-08-04 14:25:15,10000,0,0,0,-245
2026-08-04 14:25:15,10000,0,0,0,-245
2026-08-04 14:25:15,10000,0,0,0,-246
2026-08-04 14:25:15,10000,0,0,0,-246
2026-08-04 14:25:15,10000,0,0,0,-246
2026-08-04 14:25:15,10000,0,0,0,-246
2026-08-04 14:25:15,10000,0,0,0,-246
2026-08-04 14:25:16,10000,0,0,0,-246
2026-08-04 14:25:16,10000,0,0,0,-246
2026-08-04 14:25:16,10000,0,0,0,-246
2026-08-04 14:25:16,10000,0,0,0,-246
2026-08-04 14:25:16,10000,0,0,0,-246
2026-08-04 14:25:16,10000,0,0,0,-246
2026-08-04 14:25:16,10000,0,0,0,-247
2026-08-04 14:25:16,10000,0,0,0,-247
2026-08-04 14:25:16,10000,0,0,0,-247
2026-08-04 14:25:16,10000,0,0,0,-247
2026-08-04 14:25:17,10000,0,0,0,-247
2026-08-04 14:25:17,10000,0,0,0,-247
2026-08-04 14:25:17,10000,0,0,0,-247
2026-08-04 14:25:17,10000,0,0,0,-247
2026-08-04 14:25:17,10000,0,0,0,-247
2026-08-04 14:25:17,10000,0,0,0,-247
2026-08-04 14:25:17,10000,0,0,0,-247
2026-08-04 14:25:17,10000,0,0,0,-247
2026-08-04 14:25:17,10000,0,0,0,-248
2026-08-04 14:25:17,10000,0,0,0,-248
2026-08-04 14:25:18,10000,0,0,0,-248
2026-08-04 14:25:18,10000,0,0,0,-248
2026-08-04 14:25:18,10000,0,0,0,-248
2026-08-04 14:25:18,10000,0,0,0,-248
2026-08-04 14:25:18,10000,0,0,0,-248
2026-08-04 14:25:18,10000,0,0,0,-248
2026-08-04 14:25:18,10000,0,0,0,-248
2026-08-04 14:25:18,10000,0,0,0,-248
2026-08-04 14:25:18,10000,0,0,0,-248
2026-08-04 14:25:18,10000,0,0,0,-248
2026-08-04 14:25:19,10000,0,0,0,-248
2026-08-04 14:25:19,10000,0,0,0,-248
2026-08-04 14:25:19,10000,0,0,0,-248
2026-08-04 14:25:19,10000,0,0,0,-249
2026-08-04 14:25:19,10000,0,0,0,-249
2026-08-04 14:25:19,10000,0,0,0,-249
2026-08-04 14:25:19,10000,0,0,0,-249
2026-08-04 14:25:19,10000,0,0,0,-249
2026-08-04 14:25:19,10000,0,0,0,-249
2026-08-04 14:25:19,10000,0,0,0,-249
2026-08-04 14:25:20,10000,0,0,0,-249
2026-08-04 14:25:20,10000,0,0,0,-249
2026-08-04 14:25:20,10000,0,0,0,-249
2026-08-04 14:25:20,10000,0,0,0,-249
2026-08-04 14:25:20,10000,0,0,0,-250
2026-08-04 14:25:20,10000,0,0,0,-250
2026-08-04 14:25:20,10000,0,0,0,-250
2026-08-04 14:25:20,10000,0,0,0,-250
2026-08-04 14:25:20,10000,0,0,0,-250
2026-08-04 14:25:20,10000,0,0,0,-250
2026-08-04 14:25:21,10000,0,0,0,-250
2026-08-04 14:25:21,10000,0,0,0,-250
2026-08-04 14:25:21,10000,0,0,0,-250
2026-08-04 14:25:21,10000,0,0,0,-250
2026-08-04 14:25:21,10000,0,0,0,-251
2026-08-04 14:25:21,10000,0,0,0,-251
2026-08-04 14:25:21,10000,0,0,0,-251
2026-08-04 14:25:21,10000,0,0,0,-251
2026-08-04 14:25:21,10000,0,0,0,-251
2026-08-04 14:25:22,10000,0,0,0,-251
2026-08-04 14:25:22,10000,0,0,0,-251
2026-08-04 14:25:22,10000,0,0,0,-251
2026-08-04 14:25:22,10000,0,0,0,-252
2026-08-04 14:25:22,10000,0,0,0,-251
2026-08-04 14:25:22,10000,0,0,0,-252
2026-08-04 14:25:22,10000,0,0,0,-252
2026-08-04 14:25:22,10000,0,0,0,-252
2026-08-04 14:25:22,10000,0,0,0,-252
2026-08-04 14:25:22,10000,0,0,0,-252
2026-08-04 14:25:23,10000,0,0,0,-252
2026-08-04 14:25:23,10000,0,0,0,-252
2026-08-04 14:25:23,10000,0,0,0,-252
2026-08-04 14:25:23,10000,0,0,0,-252
2026-08-04 14:25:23,10000,0,0,0,-252
2026-08-04 14:25:23,10000,0,0,0,-252
2026-08-04 14:25:23,10000,0,0,0,-252
2026-08-04 14:25:23,10000,0,0,0,-253
2026-08-04 14:25:23,10000,0,0,0,-253
2026-08-04 14:25:23,10000,0,0,0,-253
2026-08-04 14:25:24,10000,0,0,0,-253
2026-08-04 14:25:24,10000,0,0,0,-253
2026-08-04 14:25:24,10000,0,0,0,-253
2026-08-04 14:25:24,10000,0,0,0,-253
2026-08-04 14:25:24,10000,0,0,0,-253
2026-08-04 14:25:24,10000,0,0,0,-253
2026-08-04 14:25:24,10000,0,0,0,-253
2026-08-04 14:25:24,10000,0,0,0,-254
2026-08-04 14:25:24,10000,0,0,0,-254
2026-08-04 14:25:24,10000,0,0,0,-254
2026-08-04 14:25:25,10000,0,0,0,-254
2026-08-04 14:25:25,10000,0,0,0,-254
2026-08-04 14:25:25,10000,0,0,0,-254
2026-08-04 14:25:25,10000,0,0,0,-254
2026-08-04 14:25:25,10000,0,0,0,-254
2026-08-04 14:25:25,10000,0,0,0,-254
2026-08-04 14:25:25,10000,0,0,0,-255
2026-08-04 14:25:25,10000,0,0,0,-254
2026-08-04 14:25:25,10000,0,0,0,-254
2026-08-04 14:25:25,10000,0,0,0,-255
2026-08-04 14:25:26,10000,0,0,0,-255
2026-08-04 14:25:26,10000,0,0,0,-255
2026-08-04 14:25:26,10000,0,0,0,-255
2026-08-04 14:25:26,10000,0,0,0,-255
2026-08-04 14:25:26,10000,0,0,0,-255
2026-08-04 14:25:26,10000,0,0,0,-255
2026-08-04 14:25:26,10000,0,0,0,-255
2026-08-04 14:25:26,10000,0,0,0,-255
2026-08-04 14:25:26,10000,0,0,0,-256
2026-08-04 14:25:26,10000,0,0,0,-256
2026-08-04 14:25:27,10000,0,0,0,-256
2026-08-04 14:25:27,10000,0,0,0,-256
2026-08-04 14:25:27,10000,0,0,0,-256
2026-08-04 14:25:27,10000,0,0,0,-256
2026-08-04 14:25:27,10000,0,0,0,-256
2026-08-04 14:25:27,10000,0,0,0,-256
2026-08-04 14:25:27,10000,0,0,0,-256
2026-08-04 14:25:27,10000,0,0,0,-257
2026-08-04 14:25:27,10000,0,0,0,-256
2026-08-04 14:25:27,11,0,0,0,-256
2026-08-04 14:25:28,11,0,0,0,-257
2026-08-04 14:25:28,11,0,0,0,-257
2026-08-04 14:25:28,11,0,0,0,-257
2026-08-04 14:25:28,11,0,0,0,-257
2026-08-04 14:25:28,11,0,0,0,-257
2026-08-04 14:25:28,11,0,0,0,-257
2026-08-04 14:25:28,11,0,0,0,-257
2026-08-04 14:25:28,11,0,0,0,-257
2026-08-04 14:25:28,11,0,0,0,-257
2026-08-04 14:25:28,11,0,0,0,-257
2026-08-04 14:25:29,11,0,0,0,-257
2026-08-04 14:25:29,11,0,0,0,-257
2026-08-04 14:25:29,11,0,0,0,-258
2026-08-04 14:25:29,11,0,0,0,-258
2026-08-04 14:25:29,11,0,0,0,-258
2026-08-04 14:25:29,11,0,0,0,-258
2026-08-04 14:25:29,11,0,0,0,-258
2026-08-04 14:25:29,11,0,0,0,-258
2026-08-04 14:25:29,11,0,0,0,-258
2026-08-04 14:25:29,11,0,0,0,-258
2026-08-04 14:25:30,11,0,0,0,-258
2026-08-04 14:25:30,11,0,0,0,-258
2026-08-04 14:25:30,11,0,0,0,-258
2026-08-04 14:25:30,11,0,0,0,-259
2026-08-04 14:25:30,11,0,0,0,-259
2026-08-04 14:25:30,11,0,0,0,-259
2026-08-04 14:25:30,11,0,0,0,-259
2026-08-04 14:25:30,11,0,0,0,-259
2026-08-04 14:25:30,11,0,0,0,-259
2026-08-04 14:25:30,11,0,0,0,-259
2026-08-04 14:25:31,11,0,0,0,-259
2026-08-04 14:25:31,11,0,0,0,-259
2026-08-04 14:25:31,11,0,0,0,-259
2026-08-04 14:25:31,11,0,0,0,-260
2026-08-04 14:25:31,11,0,0,0,-260
2026-08-04 14:25:31,11,0,0,0,-260
2026-08-04 14:25:31,11,0,0,0,-260
2026-08-04 14:25:31,11,0,0,0,-260
2026-08-04 14:25:31,11,0,0,0,-260
2026-08-04 14:25:31,11,0,0,0,-260
2026-08-04 14:25:32,11,0,0,0,-260
2026-08-04 14:25:32,11,0,0,0,-260
2026-08-04 14:25:32,11,0,0,0,-260
2026-08-04 14:25:32,11,0,0,0,-260
2026-08-04 14:25:32,11,0,0,0,-260
2026-08-04 14:25:32,11,0,0,0,-261
2026-08-04 14:25:32,11,0,0,0,-261
2026-08-04 14:25:32,11,0,0,0,-261
2026-08-04 14:25:32,11,0,0,0,-261
2026-08-04 14:25:32,11,0,0,0,-261
2026-08-04 14:25:33,11,0,0,0,-261
2026-08-04 14:25:33,11,0,0,0,-261
2026-08-04 14:25:33,11,0,0,0,-261
2026-08-04 14:25:33,11,0,0,0,-261
2026-08-04 14:25:33,11,0,0,0,-261
2026-08-04 14:25:33,11,0,0,0,-262
2026-08-04 14:25:33,11,0,0,0,-262
2026-08-04 14:25:33,11,0,0,0,-262
2026-08-04 14:25:33,11,0,0,0,-262
2026-08-04 14:25:33,11,0,0,0,-262
2026-08-04 14:25:34,11,0,0,0,-262
2026-08-04 14:25:34,11,0,0,0,-262
2026-08-04 14:25:34,11,0,0,0,-262
2026-08-04 14:25:34,11,0,0,0,-262
2026-08-04 14:25:34,11,0,0,0,-262
2026-08-04 14:25:34,11,0,0,0,-262
2026-08-04 14:25:34,11,0,0,0,-262
2026-08-04 14:25:34,11,0,0,0,-262
2026-08-04 14:25:34,11,0,0,0,-262
2026-08-04 14:25:34,11,0,0,0,-262
2026-08-04 14:25:35,11,0,0,0,-262
2026-08-04 14:25:35,11,0,0,0,-262
2026-08-04 14:25:35,11,0,0,0,-262
2026-08-04 14:25:35,11,0,0,0,-262
2026-08-04 14:25:35,11,0,0,0,-263
2026-08-04 14:25:35,11,0,0,0,-263
2026-08-04 14:25:35,11,0,0,0,-263
2026-08-04 14:25:35,11,0,0,0,-263
2026-08-04 14:25:35,11,0,0,0,-263
2026-08-04 14:25:35,11,0,0,0,-263
2026-08-04 14:25:36,11,0,0,0,-263
2026-08-04 14:25:36,11,0,0,0,-263
2026-08-04 14:25:36,11,0,0,0,-263
2026-08-04 14:25:36,11,0,0,0,-264
2026-08-04 14:25:36,11,0,0,0,-263
2026-08-04 14:25:36,11,0,0,0,-264
2026-08-04 14:25:36,11,0,0,0,-264
2026-08-04 14:25:36,11,0,0,0,-264
2026-08-04 14:25:36,11,0,0,0,-264
2026-08-04 14:25:36,11,0,0,0,-264
2026-08-04 14:25:37,11,0,0,0,-264
2026-08-04 14:25:37,11,0,0,0,-264
2026-08-04 14:25:37,11,0,0,0,-264
2026-08-04 14:25:37,11,0,0,0,-264
2026-08-04 14:25:37,11,0,0,0,-265
2026-08-04 14:25:37,11,0,0,0,-265
2026-08-04 14:25:37,11,0,0,0,-265
2026-08-04 14:25:37,11,0,0,0,-265
2026-08-04 14:25:37,11,0,0,0,-265
2026-08-04 14:25:37,11,0,0,0,-265
2026-08-04 14:25:38,11,0,0,0,-265
2026-08-04 14:25:38,11,0,0,0,-265
2026-08-04 14:25:38,11,0,0,0,-265
2026-08-04 14:25:38,11,0,0,0,-265
2026-08-04 14:25:38,11,0,0,0,-265
2026-08-04 14:25:38,11,0,0,0,-265
2026-08-04 14:25:38,11,0,0,0,-265
2026-08-04 14:25:38,11,0,0,0,-266
2026-08-04 14:25:38,11,0,0,0,-266
2026-08-04 14:25:38,11,0,0,0,-266
2026-08-04 14:25:39,11,0,0,0,-266
2026-08-04 14:25:39,11,0,0,0,-266
2026-08-04 14:25:39,11,0,0,0,-266
2026-08-04 14:25:39,11,0,0,0,-266
2026-08-04 14:25:39,11,0,0,0,-266
2026-08-04 14:25:39,11,0,0,0,-266
2026-08-04 14:25:39,11,0,0,0,-266
2026-08-04 14:25:39,11,0,0,0,-267
2026-08-04 14:25:39,11,0,0,0,-267
2026-08-04 14:25:39,11,0,0,0,-267
2026-08-04 14:25:40,11,0,0,0,-267
2026-08-04 14:25:40,11,0,0,0,-267
2026-08-04 14:25:40,11,0,0,0,-267
2026-08-04 14:25:40,11,0,0,0,-267
2026-08-04 14:25:40,11,0,0,0,-267
2026-08-04 14:25:40,11,0,0,0,-267
2026-08-04 14:25:40,11,0,0,0,-267
2026-08-04 14:25:40,11,0,0,0,-267
2026-08-04 14:25:40,11,0,0,0,-267
2026-08-04 14:25:41,11,0,0,0,-267
2026-08-04 14:25:41,11,0,0,0,-267
2026-08-04 14:25:41,11,0,0,0,-267
2026-08-04 14:25:41,11,0,0,0,-268
2026-08-04 14:25:41,11,0,0,0,-267
2026-08-04 14:25:41,11,0,0,0,-268
2026-08-04 14:25:41,11,0,0,0,-268
2026-08-04 14:25:41,11,0,0,0,-268
2026-08-04 14:25:41,11,0,0,0,-268
2026-08-04 14:25:42,11,0,0,0,-268
2026-08-04 14:25:42,11,0,0,0,-268
2026-08-04 14:25:42,11,0,0,0,-268
2026-08-04 14:25:42,11,0,0,0,-268
2026-08-04 14:25:42,11,0,0,0,-269
2026-08-04 14:25:42,11,0,0,0,-269
2026-08-04 14:25:42,11,0,0,0,-269
2026-08-04 14:25:42,11,0,0,0,-269
2026-08-04 14:25:42,11,0,0,0,-269
2026-08-04 14:25:43,11,0,0,0,-269
2026-08-04 14:25:43,11,0,0,0,-269
2026-08-04 14:25:43,11,0,0,0,-269
2026-08-04 14:25:43,11,0,0,0,-269
2026-08-04 14:25:43,11,0,0,0,-269
2026-08-04 14:25:43,11,0,0,0,-269
2026-08-04 14:25:43,11,0,0,0,-270
2026-08-04 14:25:43,11,0,0,0,-270
2026-08-04 14:25:43,11,0,0,0,-270
2026-08-04 14:25:43,11,0,0,0,-270
2026-08-04 14:25:44,11,0,0,0,-270
2026-08-04 14:25:44,11,0,0,0,-270
2026-08-04 14:25:44,11,0,0,0,-270
2026-08-04 14:25:44,11,0,0,0,-270
2026-08-04 14:25:44,11,0,0,0,-270
2026-08-04 14:25:44,11,0,0,0,-270
2026-08-04 14:25:44,11,0,0,0,-270
2026-08-04 14:25:44,11,0,0,0,-271
2026-08-04 14:25:44,11,0,0,0,-271
2026-08-04 14:25:45,11,0,0,0,-271
2026-08-04 14:25:45,11,0,0,0,-271
2026-08-04 14:25:45,11,0,0,0,-271
2026-08-04 14:25:45,11,0,0,0,-271
2026-08-04 14:25:45,11,0,0,0,-271
2026-08-04 14:25:45,11,0,0,0,-271
2026-08-04 14:25:45,11,0,0,0,-271
2026-08-04 14:25:45,11,0,0,0,-271
2026-08-04 14:25:45,11,0,0,0,-272
2026-08-04 14:25:45,11,0,0,0,-272
2026-08-04 14:25:46,11,0,0,0,-272
2026-08-04 14:25:46,11,0,0,0,-272
2026-08-04 14:25:46,11,0,0,0,-272
2026-08-04 14:25:46,11,0,0,0,-272
2026-08-04 14:25:46,11,0,0,0,-272
2026-08-04 14:25:46,11,0,0,0,-272
2026-08-04 14:25:46,11,0,0,0,-272
2026-08-04 14:25:46,11,0,0,0,-272
2026-08-04 14:25:46,11,0,0,0,-272
2026-08-04 14:25:47,11,0,0,0,-272
2026-08-04 14:25:47,11,0,0,0,-272
2026-08-04 14:25:47,11,0,0,0,-273
2026-08-04 14:25:47,11,0,0,0,-273
2026-08-04 14:25:47,11,0,0,0,-273
2026-08-04 14:25:47,11,0,0,0,-273
2026-08-04 14:25:47,11,0,0,0,-273
2026-08-04 14:25:47,11,0,0,0,-273
2026-08-04 14:25:47,11,0,0,0,-273
2026-08-04 14:25:47,11,0,0,0,-273
2026-08-04 14:25:48,11,0,0,0,-273
2026-08-04 14:25:48,11,0,0,0,-274
2026-08-04 14:25:48,11,0,0,0,-274
2026-08-04 14:25:48,11,0,0,0,-274
2026-08-04 14:25:48,11,0,0,0,-274
2026-08-04 14:25:48,11,0,0,0,-274
2026-08-04 14:25:48,11,0,0,0,-274
2026-08-04 14:25:48,11,0,0,0,-274
2026-08-04 14:25:48,11,0,0,0,-274
2026-08-04 14:25:49,11,0,0,0,-274
2026-08-04 14:25:49,11,0,0,0,-274
2026-08-04 14:25:49,11,0,0,0,-275
2026-08-04 14:25:49,11,0,0,0,-275
2026-08-04 14:25:49,11,0,0,0,-275
2026-08-04 14:25:49,11,0,0,0,-275
2026-08-04 14:25:49,11,0,0,0,-275
2026-08-04 14:25:49,11,0,0,0,-275
2026-08-04 14:25:49,11,0,0,0,-276
2026-08-04 14:25:50,11,0,0,0,-275
2026-08-04 14:25:50,11,0,0,0,-276
2026-08-04 14:25:50,11,0,0,0,-276
2026-08-04 14:25:50,11,0,0,0,-276
2026-08-04 14:25:50,11,0,0,0,-276
2026-08-04 14:25:50,11,0,0,0,-276
2026-08-04 14:25:50,11,0,0,0,-276
2026-08-04 14:25:50,11,0,0,0,-276
2026-08-04 14:25:50,11,0,0,0,-277
2026-08-04 14:25:50,11,0,0,0,-277
2026-08-04 14:25:51,11,0,0,0,-277
2026-08-04 14:25:51,11,0,0,0,-277
2026-08-04 14:25:51,11,0,0,0,-277
2026-08-04 14:25:51,11,0,0,0,-277
2026-08-04 14:25:51,11,0,0,0,-277
2026-08-04 14:25:51,11,0,0,0,-277
2026-08-04 14:25:51,11,0,0,0,-278
2026-08-04 14:25:51,11,0,0,0,-277
2026-08-04 14:25:51,11,0,0,0,-278
2026-08-04 14:25:51,11,0,0,0,-278
2026-08-04 14:25:52,11,0,0,0,-278
2026-08-04 14:25:52,11,0,0,0,-278
2026-08-04 14:25:52,11,0,0,0,-278
2026-08-04 14:25:52,11,0,0,0,-278
2026-08-04 14:25:52,11,0,0,0,-279
2026-08-04 14:25:52,11,0,0,0,-279
2026-08-04 14:25:52,11,0,0,0,-279
2026-08-04 14:25:52,11,0,0,0,-279
2026-08-04 14:25:52,11,0,0,0,-279
2026-08-04 14:25:52,11,0,0,0,-279
2026-08-04 14:25:53,11,0,0,0,-279
2026-08-04 14:25:53,11,0,0,0,-279
2026-08-04 14:25:53,11,0,0,0,-279
2026-08-04 14:25:53,11,0,0,0,-280
2026-08-04 14:25:53,11,0,0,0,-280
2026-08-04 14:25:53,11,0,0,0,-280
2026-08-04 14:25:53,11,0,0,0,-280
2026-08-04 14:25:53,11,0,0,0,-280
2026-08-04 14:25:53,11,0,0,0,-280
2026-08-04 14:25:53,11,0,0,0,-280
2026-08-04 14:25:54,11,0,0,0,-280
2026-08-04 14:25:54,11,0,0,0,-280
2026-08-04 14:25:54,11,0,0,0,-280
2026-08-04 14:25:54,11,0,0,0,-280
2026-08-04 14:25:54,11,0,0,0,-281
2026-08-04 14:25:54,11,0,0,0,-281
2026-08-04 14:25:54,11,0,0,0,-281
2026-08-04 14:25:54,11,0,0,0,-281
2026-08-04 14:25:54,11,0,0,0,-281
2026-08-04 14:25:54,11,0,0,0,-281
2026-08-04 14:25:55,11,0,0,0,-281
2026-08-04 14:25:55,11,0,0,0,-281
2026-08-04 14:25:55,11,0,0,0,-281
2026-08-04 14:25:55,11,0,0,0,-282
2026-08-04 14:25:55,11,0,0,0,-282
2026-08-04 14:25:55,11,0,0,0,-282
2026-08-04 14:25:55,11,0,0,0,-282
2026-08-04 14:25:55,11,0,0,0,-282
2026-08-04 14:25:55,11,0,0,0,-282
2026-08-04 14:25:55,11,0,0,0,-282
2026-08-04 14:25:56,11,0,0,0,-282
2026-08-04 14:25:56,11,0,0,0,-282
2026-08-04 14:25:56,11,0,0,0,-283
2026-08-04 14:25:56,11,0,0,0,-282
2026-08-04 14:25:56,11,0,0,0,-283
2026-08-04 14:25:56,11,0,0,0,-283
2026-08-04 14:25:56,11,0,0,0,-283
2026-08-04 14:25:56,11,0,0,0,-283
2026-08-04 14:25:56,11,0,0,0,-283
2026-08-04 14:25:56,11,0,0,0,-283
2026-08-04 14:25:57,11,0,0,0,-283
2026-08-04 14:25:57,11,0,0,0,-283
2026-08-04 14:25:57,11,0,0,0,-283
2026-08-04 14:25:57,11,0,0,0,-283
2026-08-04 14:25:57,11,0,0,0,-283
2026-08-04 14:25:57,11,0,0,0,-283
2026-08-04 14:25:57,11,0,0,0,-284
2026-08-04 14:25:57,11,0,0,0,-284
2026-08-04 14:25:57,11,0,0,0,-284
2026-08-04 14:25:57,11,0,0,0,-284
2026-08-04 14:25:58,11,0,0,0,-284
2026-08-04 14:25:58,11,0,0,0,-284
2026-08-04 14:25:58,11,0,0,0,-284
2026-08-04 14:25:58,11,0,0,0,-284
2026-08-04 14:25:58,11,0,0,0,-284
2026-08-04 14:25:58,11,0,0,0,-285
2026-08-04 14:25:58,11,0,0,0,-285
2026-08-04 14:25:58,11,0,0,0,-285
2026-08-04 14:25:58,11,0,0,0,-285
2026-08-04 14:25:58,11,0,0,0,-285
2026-08-04 14:25:59,11,0,0,0,-285
2026-08-04 14:25:59,11,0,0,0,-285
2026-08-04 14:25:59,11,0,0,0,-285
2026-08-04 14:25:59,11,0,0,0,-285
2026-08-04 14:25:59,11,0,0,0,-285
2026-08-04 14:25:59,11,0,0,0,-285
2026-08-04 14:25:59,11,0,0,0,-285
2026-08-04 14:25:59,11,0,0,0,-286
2026-08-04 14:25:59,11,0,0,0,-286
2026-08-04 14:25:59,11,0,0,0,-286
2026-08-04 14:26:00,11,0,0,0,-286
2026-08-04 14:26:00,11,0,0,0,-286
2026-08-04 14:26:00,11,0,0,0,-286
2026-08-04 14:26:00,11,0,0,0,-286
2026-08-04 14:26:00,11,0,0,0,-286
2026-08-04 14:26:00,11,0,0,0,-286
2026-08-04 14:26:00,11,0,0,0,-286
2026-08-04 14:26:00,11,0,0,0,-287
2026-08-04 14:26:00,11,0,0,0,-287
2026-08-04 14:26:00,11,0,0,0,-287
2026-08-04 14:26:01,11,0,0,0,-287
2026-08-04 14:26:01,11,0,0,0,-287
2026-08-04 14:26:01,11,0,0,0,-287
2026-08-04 14:26:01,11,0,0,0,-287
2026-08-04 14:26:01,11,0,0,0,-287
2026-08-04 14:26:01,11,0,0,0,-287
2026-08-04 14:26:01,11,0,0,0,-288
2026-08-04 14:26:01,11,0,0,0,-288
2026-08-04 14:26:01,11,0,0,0,-288
2026-08-04 14:26:01,11,0,0,0,-288
2026-08-04 14:26:02,11,0,0,0,-288
2026-08-04 14:26:02,11,0,0,0,-288
2026-08-04 14:26:02,11,0,0,0,-288
2026-08-04 14:26:02,11,0,0,0,-288
2026-08-04 14:26:02,11,0,0,0,-288
2026-08-04 14:26:02,11,0,0,0,-288
2026-08-04 14:26:02,11,0,0,0,-288
2026-08-04 14:26:02,11,0,0,0,-288
2026-08-04 14:26:02,11,0,0,0,-289
2026-08-04 14:26:02,11,0,0,0,-288
2026-08-04 14:26:03,11,0,0,0,-289
2026-08-04 14:26:03,11,0,0,0,-289
2026-08-04 14:26:03,11,0,0,0,-289
2026-08-04 14:26:03,11,0,0,0,-289
2026-08-04 14:26:03,11,0,0,0,-289
2026-08-04 14:26:03,11,0,0,0,-289
2026-08-04 14:26:03,11,0,0,0,-289
2026-08-04 14:26:03,11,0,0,0,-289
2026-08-04 14:26:03,11,0,0,0,-289
2026-08-04 14:26:03,11,0,0,0,-289
2026-08-04 14:26:04,11,0,0,0,-290
2026-08-04 14:26:04,11,0,0,0,-290
2026-08-04 14:26:04,11,0,0,0,-290
2026-08-04 14:26:04,11,0,0,0,-290
2026-08-04 14:26:04,11,0,0,0,-290
2026-08-04 14:26:04,11,0,0,0,-290
2026-08-04 14:26:04,11,0,0,0,-290
2026-08-04 14:26:04,11,0,0,0,-290
2026-08-04 14:26:04,11,0,0,0,-290
2026-08-04 14:26:04,11,0,0,0,-290
2026-08-04 14:26:05,11,0,0,0,-290
2026-08-04 14:26:05,11,0,0,0,-291
2026-08-04 14:26:05,11,0,0,0,-291
2026-08-04 14:26:05,11,0,0,0,-291
2026-08-04 14:26:05,11,0,0,0,-291
2026-08-04 14:26:05,11,0,0,0,-291
2026-08-04 14:26:05,11,0,0,0,-291
2026-08-04 14:26:05,11,0,0,0,-291
2026-08-04 14:26:05,11,0,0,0,-291
2026-08-04 14:26:05,11,0,0,0,-291
2026-08-04 14:26:06,11,0,0,0,-292
2026-08-04 14:26:06,11,0,0,0,-292
2026-08-04 14:26:06,11,0,0,0,-292
2026-08-04 14:26:06,11,0,0,0,-292
2026-08-04 14:26:06,11,0,0,0,-292
2026-08-04 14:26:06,11,0,0,0,-292
2026-08-04 14:26:06,11,0,0,0,-292
2026-08-04 14:26:06,11,0,0,0,-292
2026-08-04 14:26:06,11,0,0,0,-292
2026-08-04 14:26:06,11,0,0,0,-293
2026-08-04 14:26:07,11,0,0,0,-293
2026-08-04 14:26:07,11,0,0,0,-293
2026-08-04 14:26:07,11,0,0,0,-293
2026-08-04 14:26:07,11,0,0,0,-293
2026-08-04 14:26:07,11,0,0,0,-293
2026-08-04 14:26:07,11,0,0,0,-293
2026-08-04 14:26:07,11,0,0,0,-293
2026-08-04 14:26:07,11,0,0,0,-293
2026-08-04 14:26:07,11,0,0,0,-293
2026-08-04 14:26:07,11,0,0,0,-293
2026-08-04 14:26:08,11,0,0,0,-294
2026-08-04 14:26:08,11,0,0,0,-294
2026-08-04 14:26:08,11,0,0,0,-294
2026-08-04 14:26:08,11,0,0,0,-294
2026-08-04 14:26:08,11,0,0,0,-294
2026-08-04 14:26:08,11,0,0,0,-294
2026-08-04 14:26:08,11,0,0,0,-294
2026-08-04 14:26:08,11,0,0,0,-294
2026-08-04 14:26:08,11,0,0,0,-294
2026-08-04 14:26:08,11,0,0,0,-295
2026-08-04 14:26:09,11,0,0,0,-295
2026-08-04 14:26:09,11,0,0,0,-294
2026-08-04 14:26:09,11,0,0,0,-295
2026-08-04 14:26:09,11,0,0,0,-295
2026-08-04 14:26:09,11,0,0,0,-295
2026-08-04 14:26:09,11,0,0,0,-295
2026-08-04 14:26:09,11,0,0,0,-295
2026-08-04 14:26:09,11,0,0,0,-295
2026-08-04 14:26:09,11,0,0,0,-295
2026-08-04 14:26:09,11,0,0,0,-295
2026-08-04 14:26:10,11,0,0,0,-295
2026-08-04 14:26:10,11,0,0,0,-295
2026-08-04 14:26:10,11,0,0,0,-295
2026-08-04 14:26:10,11,0,0,0,-295
2026-08-04 14:26:10,11,0,0,0,-296
2026-08-04 14:26:10,11,0,0,0,-296
2026-08-04 14:26:10,11,0,0,0,-296
2026-08-04 14:26:10,11,0,0,0,-296
2026-08-04 14:26:10,11,0,0,0,-296
2026-08-04 14:26:10,11,0,0,0,-296
2026-08-04 14:26:11,11,0,0,0,-296
2026-08-04 14:26:11,11,0,0,0,-296
2026-08-04 14:26:11,11,0,0,0,-296
2026-08-04 14:26:11,11,0,0,0,-296
2026-08-04 14:26:11,11,0,0,0,-296
2026-08-04 14:26:11,11,0,0,0,-296
2026-08-04 14:26:11,11,0,0,0,-297
2026-08-04 14:26:11,11,0,0,0,-297
2026-08-04 14:26:11,11,0,0,0,-297
2026-08-04 14:26:12,11,0,0,0,-297
2026-08-04 14:26:12,11,0,0,0,-297
2026-08-04 14:26:12,11,0,0,0,-297
2026-08-04 14:26:12,11,0,0,0,-297
2026-08-04 14:26:12,11,0,0,0,-297
2026-08-04 14:26:12,11,0,0,0,-298
2026-08-04 14:26:12,11,0,0,0,-298
2026-08-04 14:26:12,11,0,0,0,-297
2026-08-04 14:26:12,11,0,0,0,-298
2026-08-04 14:26:12,11,0,0,0,-298
2026-08-04 14:26:13,11,0,0,0,-298
2026-08-04 14:26:13,11,0,0,0,-298
2026-08-04 14:26:13,11,0,0,0,-298
2026-08-04 14:26:13,11,0,0,0,-298
2026-08-04 14:26:13,11,0,0,0,-298
2026-08-04 14:26:13,11,0,0,0,-298
2026-08-04 14:26:13,11,0,0,0,-298
2026-08-04 14:26:13,11,0,0,0,-298
2026-08-04 14:26:13,11,0,0,0,-298
2026-08-04 14:26:13,11,0,0,0,-298
2026-08-04 14:26:14,11,0,0,0,-298
2026-08-04 14:26:14,11,0,0,0,-298
2026-08-04 14:26:14,11,0,0,0,-299
2026-08-04 14:26:14,11,0,0,0,-299
2026-08-04 14:26:14,11,0,0,0,-299
2026-08-04 14:26:14,11,0,0,0,-299
2026-08-04 14:26:14,11,0,0,0,-299
2026-08-04 14:26:14,11,0,0,0,-299
2026-08-04 14:26:14,11,0,0,0,-299
2026-08-04 14:26:14,11,0,0,0,-299
2026-08-04 14:26:15,11,0,0,0,-299
2026-08-04 14:26:15,11,0,0,0,-299
2026-08-04 14:26:15,11,0,0,0,-299
2026-08-04 14:26:15,11,0,0,0,-300
2026-08-04 14:26:15,11,0,0,0,-299
2026-08-04 14:26:15,11,0,0,0,-299
2026-08-04 14:26:15,11,0,0,0,-300
2026-08-04 14:26:15,11,0,0,0,-300
2026-08-04 14:26:15,11,0,0,0,-300
2026-08-04 14:26:16,11,0,0,0,-300
2026-08-04 14:26:16,11,0,0,0,-300
2026-08-04 14:26:16,11,0,0,0,-300
2026-08-04 14:26:16,11,0,0,0,-300
2026-08-04 14:26:16,11,0,0,0,-300
2026-08-04 14:26:16,11,0,0,0,-300
2026-08-04 14:26:16,11,0,0,0,-300
2026-08-04 14:26:16,11,0,0,0,-300
2026-08-04 14:26:16,11,0,0,0,-301
2026-08-04 14:26:16,11,0,0,0,-301
2026-08-04 14:26:17,11,0,0,0,-301
2026-08-04 14:26:17,11,0,0,0,-301
2026-08-04 14:26:17,11,0,0,0,-301
2026-08-04 14:26:17,11,0,0,0,-301
2026-08-04 14:26:17,11,0,0,0,-301
2026-08-04 14:26:17,11,0,0,0,-301
2026-08-04 14:26:17,11,0,0,0,-301
2026-08-04 14:26:17,11,0,0,0,-301
2026-08-04 14:26:17,11,0,0,0,-302
2026-08-04 14:26:17,11,0,0,0,-302
2026-08-04 14:26:18,11,0,0,0,-302
2026-08-04 14:26:18,11,0,0,0,-302
2026-08-04 14:26:18,11,0,0,0,-302
2026-08-04 14:26:18,11,0,0,0,-302
2026-08-04 14:26:18,11,0,0,0,-302
2026-08-04 14:26:18,11,0,0,0,-302
2026-08-04 14:26:18,11,0,0,0,-302
2026-08-04 14:26:18,11,0,0,0,-303
2026-08-04 14:26:18,11,0,0,0,-302
2026-08-04 14:26:18,11,0,0,0,-303
2026-08-04 14:26:19,11,0,0,0,-303
2026-08-04 14:26:19,11,0,0,0,-303
2026-08-04 14:26:19,11,0,0,0,-303
2026-08-04 14:26:19,11,0,0,0,-303
2026-08-04 14:26:19,11,0,0,0,-303
2026-08-04 14:26:19,11,0,0,0,-303
2026-08-04 14:26:19,11,0,0,0,-303
2026-08-04 14:26:19,11,0,0,0,-303
2026-08-04 14:26:19,11,0,0,0,-303
2026-08-04 14:26:19,11,0,0,0,-304
2026-08-04 14:26:20,11,0,0,0,-304
2026-08-04 14:26:20,11,0,0,0,-304
2026-08-04 14:26:20,11,0,0,0,-304
2026-08-04 14:26:20,11,0,0,0,-304
2026-08-04 14:26:20,11,0,0,0,-304
2026-08-04 14:26:20,11,0,0,0,-304
2026-08-04 14:26:20,11,0,0,0,-304
2026-08-04 14:26:20,11,0,0,0,-304
2026-08-04 14:26:20,11,0,0,0,-304
2026-08-04 14:26:20,11,0,0,0,-304
2026-08-04 14:26:21,11,0,0,0,-304
2026-08-04 14:26:21,11,0,0,0,-305
2026-08-04 14:26:21,11,0,0,0,-305
2026-08-04 14:26:21,11,0,0,0,-305
2026-08-04 14:26:21,11,0,0,0,-305
2026-08-04 14:26:21,11,0,0,0,-305
2026-08-04 14:26:21,11,0,0,0,-305
2026-08-04 14:26:21,11,0,0,0,-305
2026-08-04 14:26:21,11,0,0,0,-305
2026-08-04 14:26:21,11,0,0,0,-305
2026-08-04 14:26:22,11,0,0,0,-306
2026-08-04 14:26:22,11,0,0,0,-306
2026-08-04 14:26:22,11,0,0,0,-306
2026-08-04 14:26:22,11,0,0,0,-306
2026-08-04 14:26:22,11,0,0,0,-306
2026-08-04 14:26:22,11,0,0,0,-306
2026-08-04 14:26:22,11,0,0,0,-306
2026-08-04 14:26:22,11,0,0,0,-306
2026-08-04 14:26:22,11,0,0,0,-306
2026-08-04 14:26:22,11,0,0,0,-307
2026-08-04 14:26:23,11,0,0,0,-307
2026-08-04 14:26:23,11,0,0,0,-307
2026-08-04 14:26:23,11,0,0,0,-307
2026-08-04 14:26:23,11,0,0,0,-307
2026-08-04 14:26:23,11,0,0,0,-307
2026-08-04 14:26:23,11,0,0,0,-307
2026-08-04 14:26:23,11,0,0,0,-307
2026-08-04 14:26:23,11,0,0,0,-307
2026-08-04 14:26:23,11,0,0,0,-307
2026-08-04 14:26:23,11,0,0,0,-308
2026-08-04 14:26:24,11,0,0,0,-307
2026-08-04 14:26:24,11,0,0,0,-308
2026-08-04 14:26:24,11,0,0,0,-308
2026-08-04 14:26:24,11,0,0,0,-308
2026-08-04 14:26:24,11,0,0,0,-308
2026-08-04 14:26:24,11,0,0,0,-308
2026-08-04 14:26:24,11,0,0,0,-308
2026-08-04 14:26:24,11,0,0,0,-308
2026-08-04 14:26:24,11,0,0,0,-308
2026-08-04 14:26:24,11,0,0,0,-308
2026-08-04 14:26:25,11,0,0,0,-308
2026-08-04 14:26:25,11,0,0,0,-309
2026-08-04 14:26:25,11,0,0,0,-309
2026-08-04 14:26:25,11,0,0,0,-309
2026-08-04 14:26:25,11,0,0,0,-309
2026-08-04 14:26:25,11,0,0,0,-309
2026-08-04 14:26:25,11,0,0,0,-309
2026-08-04 14:26:25,11,0,0,0,-309
2026-08-04 14:26:25,11,0,0,0,-309
2026-08-04 14:26:25,11,0,0,0,-309
2026-08-04 14:26:26,11,0,0,0,-309
2026-08-04 14:26:26,11,0,0,0,-310
2026-08-04 14:26:26,11,0,0,0,-310
2026-08-04 14:26:26,11,0,0,0,-310
2026-08-04 14:26:26,11,0,0,0,-310
2026-08-04 14:26:26,11,0,0,0,-310
2026-08-04 14:26:26,11,0,0,0,-310
2026-08-04 14:26:26,11,0,0,0,-310
2026-08-04 14:26:26,11,0,0,0,-310
2026-08-04 14:26:26,11,0,0,0,-310
2026-08-04 14:26:27,11,0,0,0,-311
2026-08-04 14:26:27,11,0,0,0,-311
2026-08-04 14:26:27,11,0,0,0,-311
2026-08-04 14:26:27,11,0,0,0,-311
2026-08-04 14:26:27,11,0,0,0,-311
2026-08-04 14:26:27,11,0,0,0,-311
2026-08-04 14:26:27,11,0,0,0,-312
2026-08-04 14:26:27,11,0,0,0,-311
2026-08-04 14:26:27,11,0,0,0,-311
2026-08-04 14:26:27,11,0,0,0,-312
2026-08-04 14:26:28,11,0,0,0,-312
2026-08-04 14:26:28,11,0,0,0,-312
2026-08-04 14:26:28,11,0,0,0,-312
2026-08-04 14:26:28,11,0,0,0,-312
2026-08-04 14:26:28,11,0,0,0,-312
2026-08-04 14:26:28,11,0,0,0,-312
2026-08-04 14:26:28,11,0,0,0,-312
2026-08-04 14:26:28,11,0,0,0,-312
2026-08-04 14:26:28,11,0,0,0,-313
2026-08-04 14:26:28,11,0,0,0,-313
2026-08-04 14:26:29,11,0,0,0,-313
2026-08-04 14:26:29,11,0,0,0,-313
2026-08-04 14:26:29,11,0,0,0,-313
2026-08-04 14:26:29,11,0,0,0,-313
2026-08-04 14:26:29,11,0,0,0,-313
2026-08-04 14:26:29,11,0,0,0,-313
2026-08-04 14:26:29,11,0,0,0,-313
2026-08-04 14:26:29,11,0,0,0,-314
2026-08-04 14:26:29,11,0,0,0,-314
2026-08-04 14:26:29,11,0,0,0,-314
2026-08-04 14:26:30,11,0,0,0,-314
2026-08-04 14:26:30,11,0,0,0,-314
2026-08-04 14:26:30,11,0,0,0,-314
2026-08-04 14:26:30,11,0,0,0,-314
2026-08-04 14:26:30,11,0,0,0,-314
2026-08-04 14:26:30,11,0,0,0,-314
2026-08-04 14:26:30,11,0,0,0,-314
2026-08-04 14:26:30,11,0,0,0,-315
2026-08-04 14:26:30,11,0,0,0,-314
2026-08-04 14:26:30,11,0,0,0,-314
2026-08-04 14:26:31,11,0,0,0,-315
2026-08-04 14:26:31,11,0,0,0,-315
2026-08-04 14:26:31,11,0,0,0,-315
2026-08-04 14:26:31,11,0,0,0,-315
2026-08-04 14:26:31,11,0,0,0,-315
2026-08-04 14:26:31,11,0,0,0,-315
2026-08-04 14:26:31,11,0,0,0,-315
2026-08-04 14:26:31,11,0,0,0,-315
2026-08-04 14:26:31,11,0,0,0,-315
2026-08-04 14:26:31,11,0,0,0,-316
2026-08-04 14:26:32,11,0,0,0,-315
2026-08-04 14:26:32,11,0,0,0,-316
2026-08-04 14:26:32,11,0,0,0,-316
2026-08-04 14:26:32,11,0,0,0,-316
2026-08-04 14:26:32,11,0,0,0,-316
2026-08-04 14:26:32,11,0,0,0,-316
2026-08-04 14:26:32,11,0,0,0,-316
2026-08-04 14:26:32,11,0,0,0,-316
2026-08-04 14:26:32,11,0,0,0,-317
2026-08-04 14:26:32,11,0,0,0,-316
2026-08-04 14:26:33,11,0,0,0,-316
2026-08-04 14:26:33,11,0,0,0,-317
2026-08-04 14:26:33,11,0,0,0,-317
2026-08-04 14:26:33,11,0,0,0,-317
2026-08-04 14:26:33,11,0,0,0,-317
2026-08-04 14:26:33,11,0,0,0,-317
2026-08-04 14:26:33,11,0,0,0,-317
2026-08-04 14:26:33,11,0,0,0,-317
2026-08-04 14:26:33,11,0,0,0,-317
2026-08-04 14:26:33,11,0,0,0,-317
2026-08-04 14:26:34,11,0,0,0,-318
2026-08-04 14:26:34,11,0,0,0,-318
2026-08-04 14:26:34,11,0,0,0,-318
2026-08-04 14:26:34,11,0,0,0,-318
2026-08-04 14:26:34,11,0,0,0,-318
2026-08-04 14:26:34,11,0,0,0,-318
2026-08-04 14:26:34,11,0,0,0,-318
2026-08-04 14:26:34,11,0,0,0,-318
2026-08-04 14:26:34,11,0,0,0,-318
2026-08-04 14:26:34,11,0,0,0,-319
2026-08-04 14:26:35,11,0,0,0,-319
2026-08-04 14:26:35,11,0,0,0,-319
2026-08-04 14:26:35,11,0,0,0,-319
2026-08-04 14:26:35,11,0,0,0,-319
2026-08-04 14:26:35,11,0,0,0,-319
2026-08-04 14:26:35,11,0,0,0,-319
2026-08-04 14:26:35,11,0,0,0,-319
2026-08-04 14:26:35,11,0,0,0,-319
2026-08-04 14:26:35,11,0,0,0,-319
2026-08-04 14:26:35,11,0,0,0,-319
2026-08-04 14:26:36,11,0,0,0,-319
2026-08-04 14:26:36,11,0,0,0,-320
2026-08-04 14:26:36,11,0,0,0,-320
2026-08-04 14:26:36,11,0,0,0,-320
2026-08-04 14:26:36,11,0,0,0,-320
2026-08-04 14:26:36,11,0,0,0,-320
2026-08-04 14:26:36,11,0,0,0,-320
2026-08-04 14:26:36,11,0,0,0,-320
2026-08-04 14:26:36,11,0,0,0,-320
2026-08-04 14:26:36,11,0,0,0,-320
2026-08-04 14:26:37,11,0,0,0,-320
2026-08-04 14:26:37,11,0,0,0,-320
2026-08-04 14:26:37,11,0,0,0,-320
2026-08-04 14:26:37,11,0,0,0,-320
2026-08-04 14:26:37,11,0,0,0,-320
2026-08-04 14:26:37,11,0,0,0,-320
2026-08-04 14:26:37,11,0,0,0,-321
2026-08-04 14:26:37,11,0,0,0,-321
2026-08-04 14:26:37,11,0,0,0,-321
2026-08-04 14:26:37,11,0,0,0,-321
2026-08-04 14:26:38,11,0,0,0,-321
2026-08-04 14:26:38,11,0,0,0,-321
2026-08-04 14:26:38,11,0,0,0,-321
2026-08-04 14:26:38,11,0,0,0,-321
2026-08-04 14:26:38,11,0,0,0,-321
2026-08-04 14:26:38,11,0,0,0,-322
2026-08-04 14:26:38,11,0,0,0,-321
2026-08-04 14:26:38,11,0,0,0,-322
2026-08-04 14:26:38,11,0,0,0,-322
2026-08-04 14:26:38,11,0,0,0,-322
2026-08-04 14:26:39,11,0,0,0,-322
2026-08-04 14:26:39,11,0,0,0,-322
2026-08-04 14:26:39,11,0,0,0,-322
2026-08-04 14:26:39,11,0,0,0,-322
2026-08-04 14:26:39,11,0,0,0,-322
2026-08-04 14:26:39,11,0,0,0,-322
2026-08-04 14:26:39,11,0,0,0,-322
2026-08-04 14:26:39,11,0,0,0,-322
2026-08-04 14:26:39,11,0,0,0,-322
2026-08-04 14:26:39,11,0,0,0,-322
2026-08-04 14:26:40,11,0,0,0,-323
2026-08-04 14:26:40,11,0,0,0,-323
2026-08-04 14:26:40,11,0,0,0,-323
2026-08-04 14:26:40,11,0,0,0,-323
2026-08-04 14:26:40,11,0,0,0,-323
2026-08-04 14:26:40,11,0,0,0,-323
2026-08-04 14:26:40,11,0,0,0,-323
2026-08-04 14:26:40,11,0,0,0,-323
2026-08-04 14:26:40,11,0,0,0,-323
2026-08-04 14:26:40,11,0,0,0,-324
2026-08-04 14:26:41,11,0,0,0,-324
2026-08-04 14:26:41,11,0,0,0,-324
2026-08-04 14:26:41,11,0,0,0,-324
2026-08-04 14:26:41,11,0,0,0,-324
2026-08-04 14:26:41,11,0,0,0,-324
2026-08-04 14:26:41,11,0,0,0,-324
2026-08-04 14:26:41,11,0,0,0,-324
2026-08-04 14:26:41,11,0,0,0,-324
2026-08-04 14:26:41,11,0,0,0,-324
2026-08-04 14:26:41,11,0,0,0,-324
2026-08-04 14:26:42,11,0,0,0,-325
2026-08-04 14:26:42,11,0,0,0,-325
2026-08-04 14:26:42,11,0,0,0,-325
2026-08-04 14:26:42,11,0,0,0,-325
2026-08-04 14:26:42,11,0,0,0,-325
2026-08-04 14:26:42,11,0,0,0,-325
2026-08-04 14:26:42,11,0,0,0,-325
2026-08-04 14:26:42,11,0,0,0,-325
2026-08-04 14:26:42,11,0,0,0,-325
2026-08-04 14:26:42,11,0,0,0,-325
2026-08-04 14:26:43,11,0,0,0,-325
2026-08-04 14:26:43,11,0,0,0,-326
2026-08-04 14:26:43,11,0,0,0,-326
2026-08-04 14:26:43,11,0,0,0,-326
2026-08-04 14:26:43,11,0,0,0,-326
2026-08-04 14:26:43,11,0,0,0,-326
2026-08-04 14:26:43,11,0,0,0,-326
2026-08-04 14:26:43,11,0,0,0,-326
2026-08-04 14:26:43,11,0,0,0,-326
2026-08-04 14:26:43,11,0,0,0,-326
2026-08-04 14:26:44,11,0,0,0,-326
2026-08-04 14:26:44,11,0,0,0,-326
2026-08-04 14:26:44,11,0,0,0,-326
2026-08-04 14:26:44,11,0,0,0,-327
2026-08-04 14:26:44,11,0,0,0,-327
2026-08-04 14:26:44,11,0,0,0,-327
2026-08-04 14:26:44,11,0,0,0,-327
2026-08-04 14:26:44,11,0,0,0,-327
2026-08-04 14:26:44,11,0,0,0,-327
2026-08-04 14:26:44,11,0,0,0,-327
2026-08-04 14:26:45,11,0,0,0,-327
2026-08-04 14:26:45,11,0,0,0,-327
2026-08-04 14:26:45,11,0,0,0,-327
2026-08-04 14:26:45,11,0,0,0,-327
2026-08-04 14:26:45,11,0,0,0,-327
2026-08-04 14:26:45,11,0,0,0,-327
2026-08-04 14:26:45,11,0,0,0,-328
2026-08-04 14:26:45,11,0,0,0,-328
2026-08-04 14:26:45,11,0,0,0,-328
2026-08-04 14:26:45,11,0,0,0,-328
2026-08-04 14:26:46,11,0,0,0,-328
2026-08-04 14:26:46,11,0,0,0,-328
2026-08-04 14:26:46,11,0,0,0,-328
2026-08-04 14:26:46,11,0,0,0,-328
2026-08-04 14:26:46,11,0,0,0,-329
2026-08-04 14:26:46,11,0,0,0,-329
2026-08-04 14:26:46,11,0,0,0,-329
2026-08-04 14:26:46,11,0,0,0,-329
2026-08-04 14:26:46,11,0,0,0,-329
2026-08-04 14:26:46,11,0,0,0,-329
2026-08-04 14:26:47,11,0,0,0,-329
2026-08-04 14:26:47,11,0,0,0,-329
2026-08-04 14:26:47,11,0,0,0,-329
2026-08-04 14:26:47,11,0,0,0,-329
2026-08-04 14:26:47,11,0,0,0,-329
2026-08-04 14:26:47,11,0,0,0,-329
2026-08-04 14:26:47,11,0,0,0,-329
2026-08-04 14:26:47,11,0,0,0,-329
2026-08-04 14:26:47,11,0,0,0,-329
2026-08-04 14:26:47,11,0,0,0,-330
2026-08-04 14:26:48,11,0,0,0,-330
2026-08-04 14:26:48,11,0,0,0,-330
2026-08-04 14:26:48,11,0,0,0,-330
2026-08-04 14:26:48,11,0,0,0,-330
2026-08-04 14:26:48,11,0,0,0,-330
2026-08-04 14:26:48,11,0,0,0,-330
2026-08-04 14:26:48,11,0,0,0,-330
2026-08-04 14:26:48,11,0,0,0,-330
2026-08-04 14:26:48,11,0,0,0,-330
2026-08-04 14:26:48,11,0,0,0,-330
2026-08-04 14:26:49,11,0,0,0,-330
2026-08-04 14:26:49,11,0,0,0,-331
2026-08-04 14:26:49,11,0,0,0,-331
2026-08-04 14:26:49,11,0,0,0,-331
2026-08-04 14:26:49,11,0,0,0,-331
2026-08-04 14:26:49,11,0,0,0,-331
2026-08-04 14:26:49,11,0,0,0,-331
2026-08-04 14:26:49,11,0,0,0,-331
2026-08-04 14:26:49,11,0,0,0,-331
2026-08-04 14:26:49,11,0,0,0,-331
2026-08-04 14:26:50,11,0,0,0,-331
2026-08-04 14:26:50,11,0,0,0,-332
2026-08-04 14:26:50,11,0,0,0,-332
2026-08-04 14:26:50,11,0,0,0,-332
2026-08-04 14:26:50,11,0,0,0,-332
2026-08-04 14:26:50,11,0,0,0,-332
2026-08-04 14:26:50,11,0,0,0,-332
2026-08-04 14:26:50,11,0,0,0,-332
2026-08-04 14:26:50,11,0,0,0,-332
2026-08-04 14:26:50,11,0,0,0,-332
2026-08-04 14:26:51,11,0,0,0,-332
2026-08-04 14:26:51,11,0,0,0,-332
2026-08-04 14:26:51,11,0,0,0,-332
2026-08-04 14:26:51,11,0,0,0,-333
2026-08-04 14:26:51,11,0,0,0,-333
2026-08-04 14:26:51,11,0,0,0,-333
2026-08-04 14:26:51,11,0,0,0,-333
2026-08-04 14:26:51,11,0,0,0,-333
2026-08-04 14:26:51,11,0,0,0,-333
2026-08-04 14:26:51,11,0,0,0,-333
2026-08-04 14:26:52,11,0,0,0,-333
2026-08-04 14:26:52,11,0,0,0,-333
2026-08-04 14:26:52,11,0,0,0,-333
2026-08-04 14:26:52,11,0,0,0,-333
2026-08-04 14:26:52,11,0,0,0,-333
2026-08-04 14:26:52,11,0,0,0,-333
2026-08-04 14:26:52,11,0,0,0,-333
2026-08-04 14:26:52,11,0,0,0,-333
2026-08-04 14:26:52,11,0,0,0,-333
2026-08-04 14:26:52,11,0,0,0,-334
2026-08-04 14:26:53,11,0,0,0,-334
2026-08-04 14:26:53,11,0,0,0,-334
2026-08-04 14:26:53,11,0,0,0,-334
2026-08-04 14:26:53,11,0,0,0,-334
2026-08-04 14:26:53,11,0,0,0,-334
2026-08-04 14:26:53,11,0,0,0,-334
2026-08-04 14:26:53,11,0,0,0,-334
2026-08-04 14:26:53,11,0,0,0,-334
2026-08-04 14:26:53,11,0,0,0,-334
2026-08-04 14:26:53,11,0,0,0,-334
2026-08-04 14:26:54,11,0,0,0,-334
2026-08-04 14:26:54,11,0,0,0,-334
2026-08-04 14:26:54,11,0,0,0,-335
2026-08-04 14:26:54,11,0,0,0,-335
2026-08-04 14:26:54,11,0,0,0,-335
2026-08-04 14:26:54,11,0,0,0,-335
2026-08-04 14:26:54,11,0,0,0,-335
2026-08-04 14:26:54,11,0,0,0,-335
2026-08-04 14:26:54,11,0,0,0,-335
2026-08-04 14:26:54,11,0,0,0,-335
2026-08-04 14:26:55,11,0,0,0,-335
2026-08-04 14:26:55,11,0,0,0,-335
2026-08-04 14:26:55,11,0,0,0,-335
2026-08-04 14:26:55,11,0,0,0,-336
2026-08-04 14:26:55,11,0,0,0,-336
2026-08-04 14:26:55,11,0,0,0,-336
2026-08-04 14:26:55,11,0,0,0,-336
2026-08-04 14:26:55,11,0,0,0,-336
2026-08-04 14:26:55,11,0,0,0,-336
2026-08-04 14:26:55,11,0,0,0,-336
2026-08-04 14:26:56,11,0,0,0,-336
2026-08-04 14:26:56,11,0,0,0,-336
2026-08-04 14:26:56,11,0,0,0,-336
2026-08-04 14:26:56,11,0,0,0,-336
2026-08-04 14:26:56,11,0,0,0,-336
2026-08-04 14:26:56,11,0,0,0,-336
2026-08-04 14:26:56,11,0,0,0,-337
2026-08-04 14:26:56,11,0,0,0,-336
2026-08-04 14:26:56,11,0,0,0,-336
2026-08-04 14:26:56,11,0,0,0,-336
2026-08-04 14:26:57,11,0,0,0,-336
2026-08-04 14:26:57,11,0,0,0,-337
2026-08-04 14:26:57,11,0,0,0,-337
2026-08-04 14:26:57,11,0,0,0,-337
2026-08-04 14:26:57,11,0,0,0,-337
2026-08-04 14:26:57,11,0,0,0,-337
2026-08-04 14:26:57,11,0,0,0,-337
2026-08-04 14:26:57,11,0,0,0,-337
2026-08-04 14:26:57,11,0,0,0,-337
2026-08-04 14:26:57,11,0,0,0,-338
2026-08-04 14:26:58,11,0,0,0,-338
2026-08-04 14:26:58,11,0,0,0,-338
2026-08-04 14:26:58,11,0,0,0,-338
2026-08-04 14:26:58,11,0,0,0,-338
2026-08-04 14:26:58,11,0,0,0,-338
2026-08-04 14:26:58,11,0,0,0,-338
2026-08-04 14:26:58,11,0,0,0,-338
2026-08-04 14:26:58,11,0,0,0,-338
2026-08-04 14:26:58,11,0,0,0,-338
2026-08-04 14:26:58,11,0,0,0,-338
2026-08-04 14:26:59,11,0,0,0,-339
2026-08-04 14:26:59,11,0,0,0,-339
2026-08-04 14:26:59,11,0,0,0,-339
2026-08-04 14:26:59,11,0,0,0,-339
2026-08-04 14:26:59,11,0,0,0,-339
2026-08-04 14:26:59,11,0,0,0,-339
2026-08-04 14:26:59,11,0,0,0,-339
2026-08-04 14:26:59,11,0,0,0,-339
2026-08-04 14:26:59,11,0,0,0,-339
2026-08-04 14:26:59,11,0,0,0,-339
2026-08-04 14:27:00,11,0,0,0,-339
2026-08-04 14:27:00,11,0,0,0,-339
2026-08-04 14:27:00,11,0,0,0,-339
2026-08-04 14:27:00,11,0,0,0,-339
2026-08-04 14:27:00,11,0,0,0,-340
2026-08-04 14:27:00,11,0,0,0,-340
2026-08-04 14:27:00,11,0,0,0,-340
2026-08-04 14:27:00,11,0,0,0,-340
2026-08-04 14:27:00,11,0,0,0,-340
2026-08-04 14:27:00,11,0,0,0,-340
2026-08-04 14:27:01,11,0,0,0,-340
2026-08-04 14:27:01,11,0,0,0,-340
2026-08-04 14:27:01,11,0,0,0,-340
2026-08-04 14:27:01,11,0,0,0,-341
2026-08-04 14:27:01,11,0,0,0,-340
2026-08-04 14:27:01,11,0,0,0,-341
2026-08-04 14:27:01,11,0,0,0,-341
2026-08-04 14:27:01,11,0,0,0,-341
2026-08-04 14:27:01,11,0,0,0,-341
2026-08-04 14:27:02,11,0,0,0,-341
2026-08-04 14:27:02,11,0,0,0,-341
2026-08-04 14:27:02,11,0,0,0,-341
2026-08-04 14:27:02,11,0,0,0,-342
2026-08-04 14:27:02,11,0,0,0,-342
2026-08-04 14:27:02,11,0,0,0,-342
2026-08-04 14:27:02,11,0,0,0,-342
2026-08-04 14:27:02,11,0,0,0,-342
2026-08-04 14:27:03,11,0,0,0,-342
2026-08-04 14:27:03,11,0,0,0,-342
2026-08-04 14:27:03,11,0,0,0,-342
2026-08-04 14:27:03,11,0,0,0,-342
2026-08-04 14:27:03,11,0,0,0,-343
2026-08-04 14:27:03,11,0,0,0,-343
2026-08-04 14:27:03,11,0,0,0,-343
2026-08-04 14:27:03,11,0,0,0,-343
2026-08-04 14:27:03,11,0,0,0,-343
2026-08-04 14:27:04,11,0,0,0,-343
2026-08-04 14:27:04,11,0,0,0,-343
2026-08-04 14:27:04,11,0,0,0,-343
2026-08-04 14:27:04,11,0,0,0,-343
2026-08-04 14:27:04,11,0,0,0,-343
2026-08-04 14:27:04,11,0,0,0,-344
2026-08-04 14:27:04,11,0,0,0,-344
2026-08-04 14:27:04,11,0,0,0,-344
2026-08-04 14:27:04,11,0,0,0,-344
2026-08-04 14:27:05,11,0,0,0,-344
2026-08-04 14:27:05,11,0,0,0,-344
2026-08-04 14:27:05,11,0,0,0,-344
2026-08-04 14:27:05,11,0,0,0,-344
2026-08-04 14:27:05,11,0,0,0,-344
2026-08-04 14:27:05,11,0,0,0,-344
2026-08-04 14:27:05,11,0,0,0,-344
2026-08-04 14:27:05,11,0,0,0,-344
2026-08-04 14:27:05,11,0,0,0,-345
2026-08-04 14:27:05,11,0,0,0,-345
2026-08-04 14:27:06,11,0,0,0,-345
2026-08-04 14:27:06,11,0,0,0,-345
2026-08-04 14:27:06,11,0,0,0,-345
2026-08-04 14:27:06,11,0,0,0,-345
2026-08-04 14:27:06,11,0,0,0,-346
2026-08-04 14:27:06,11,0,0,0,-345
2026-08-04 14:27:06,11,0,0,0,-346
2026-08-04 14:27:06,11,0,0,0,-346
2026-08-04 14:27:06,11,0,0,0,-346
2026-08-04 14:27:07,11,0,0,0,-346
2026-08-04 14:27:07,11,0,0,0,-346
2026-08-04 14:27:07,11,0,0,0,-346
2026-08-04 14:27:07,11,0,0,0,-346
2026-08-04 14:27:07,11,0,0,0,-346
2026-08-04 14:27:07,11,0,0,0,-346
2026-08-04 14:27:07,11,0,0,0,-346
2026-08-04 14:27:07,11,0,0,0,-346
2026-08-04 14:27:07,11,0,0,0,-346
2026-08-04 14:27:07,11,0,0,0,-346
2026-08-04 14:27:08,11,0,0,0,-346
2026-08-04 14:27:08,11,0,0,0,-346
2026-08-04 14:27:08,11,0,0,0,-347
2026-08-04 14:27:08,11,0,0,0,-347
2026-08-04 14:27:08,11,0,0,0,-346
2026-08-04 14:27:08,11,0,0,0,-347
2026-08-04 14:27:08,11,0,0,0,-347
2026-08-04 14:27:08,11,0,0,0,-347
2026-08-04 14:27:08,11,0,0,0,-347
2026-08-04 14:27:08,11,0,0,0,-347
2026-08-04 14:27:09,11,0,0,0,-347
2026-08-04 14:27:09,11,0,0,0,-347
2026-08-04 14:27:09,11,0,0,0,-347
2026-08-04 14:27:09,11,0,0,0,-347
2026-08-04 14:27:09,11,0,0,0,-347
2026-08-04 14:27:09,11,0,0,0,-347
2026-08-04 14:27:09,11,0,0,0,-347
2026-08-04 14:27:09,11,0,0,0,-347
2026-08-04 14:27:09,11,0,0,0,-348
2026-08-04 14:27:09,11,0,0,0,-348
2026-08-04 14:27:10,11,0,0,0,-348
2026-08-04 14:27:10,11,0,0,0,-348
2026-08-04 14:27:10,11,0,0,0,-348
2026-08-04 14:27:10,11,0,0,0,-348
2026-08-04 14:27:10,11,0,0,0,-348
2026-08-04 14:27:10,11,0,0,0,-348
2026-08-04 14:27:10,11,0,0,0,-349
2026-08-04 14:27:10,11,0,0,0,-349
2026-08-04 14:27:10,11,0,0,0,-348
2026-08-04 14:27:11,11,0,0,0,-349
2026-08-04 14:27:11,11,0,0,0,-349
2026-08-04 14:27:11,11,0,0,0,-349
2026-08-04 14:27:11,11,0,0,0,-349
2026-08-04 14:27:11,11,0,0,0,-349
2026-08-04 14:27:11,11,0,0,0,-349
2026-08-04 14:27:11,11,0,0,0,-349
2026-08-04 14:27:11,11,0,0,0,-350
2026-08-04 14:27:11,11,0,0,0,-349
2026-08-04 14:27:11,11,0,0,0,-349
2026-08-04 14:27:12,11,0,0,0,-350
2026-08-04 14:27:12,11,0,0,0,-349
2026-08-04 14:27:12,11,0,0,0,-350
2026-08-04 14:27:12,11,0,0,0,-350
2026-08-04 14:27:12,11,0,0,0,-350
2026-08-04 14:27:12,11,0,0,0,-350
2026-08-04 14:27:12,11,0,0,0,-350
2026-08-04 14:27:12,11,0,0,0,-350
2026-08-04 14:27:12,11,0,0,0,-350
2026-08-04 14:27:12,11,0,0,0,-350
2026-08-04 14:27:13,11,0,0,0,-350
2026-08-04 14:27:13,11,0,0,0,-351
2026-08-04 14:27:13,11,0,0,0,-351
2026-08-04 14:27:13,11,0,0,0,-351
2026-08-04 14:27:13,11,0,0,0,-351
2026-08-04 14:27:13,11,0,0,0,-351
2026-08-04 14:27:13,11,0,0,0,-351
2026-08-04 14:27:13,11,0,0,0,-351
2026-08-04 14:27:13,11,0,0,0,-351
2026-08-04 14:27:13,11,0,0,0,-352
2026-08-04 14:27:14,11,0,0,0,-352
2026-08-04 14:27:14,11,0,0,0,-352
2026-08-04 14:27:14,11,0,0,0,-352
2026-08-04 14:27:14,11,0,0,0,-352
2026-08-04 14:27:14,11,0,0,0,-352
2026-08-04 14:27:14,11,0,0,0,-352
2026-08-04 14:27:14,11,0,0,0,-352
2026-08-04 14:27:14,11,0,0,0,-352
2026-08-04 14:27:14,11,0,0,0,-352
2026-08-04 14:27:14,11,0,0,0,-352
2026-08-04 14:27:15,11,0,0,0,-353
2026-08-04 14:27:15,11,0,0,0,-353
2026-08-04 14:27:15,11,0,0,0,-353
2026-08-04 14:27:15,11,0,0,0,-353
2026-08-04 14:27:15,11,0,0,0,-354
2026-08-04 14:27:15,11,0,0,0,-352
2026-08-04 14:27:15,11,0,0,0,-353
2026-08-04 14:27:15,11,0,0,0,-354
2026-08-04 14:27:15,11,0,0,0,-353
2026-08-04 14:27:15,11,0,0,0,-353
2026-08-04 14:27:16,11,0,0,0,-353
2026-08-04 14:27:16,11,0,0,0,-354
2026-08-04 14:27:16,11,0,0,0,-354
2026-08-04 14:27:16,11,0,0,0,-353
2026-08-04 14:27:16,11,0,0,0,-354
2026-08-04 14:27:16,11,0,0,0,-354
2026-08-04 14:27:16,11,0,0,0,-354
2026-08-04 14:27:16,11,0,0,0,-354
2026-08-04 14:27:16,11,0,0,0,-354
2026-08-04 14:27:16,11,0,0,0,-354
2026-08-04 14:27:17,11,0,0,0,-354
2026-08-04 14:27:17,11,0,0,0,-354
2026-08-04 14:27:17,11,0,0,0,-354
2026-08-04 14:27:17,11,0,0,0,-354
2026-08-04 14:27:17,11,0,0,0,-354
2026-08-04 14:27:17,11,0,0,0,-354
2026-08-04 14:27:17,11,0,0,0,-355
2026-08-04 14:27:17,11,0,0,0,-354
2026-08-04 14:27:17,11,0,0,0,-354
2026-08-04 14:27:17,11,0,0,0,-355
2026-08-04 14:27:18,11,0,0,0,-355
2026-08-04 14:27:18,11,0,0,0,-355
2026-08-04 14:27:18,11,0,0,0,-355
2026-08-04 14:27:18,11,0,0,0,-355
2026-08-04 14:27:18,11,0,0,0,-355
2026-08-04 14:27:18,11,0,0,0,-355
2026-08-04 14:27:18,11,0,0,0,-355
2026-08-04 14:27:18,11,0,0,0,-355
2026-08-04 14:27:18,11,0,0,0,-356
2026-08-04 14:27:18,11,0,0,0,-356
2026-08-04 14:27:19,11,0,0,0,-356
2026-08-04 14:27:19,11,0,0,0,-356
2026-08-04 14:27:19,11,0,0,0,-356
2026-08-04 14:27:19,11,0,0,0,-356
2026-08-04 14:27:19,11,0,0,0,-356
2026-08-04 14:27:19,11,0,0,0,-356
2026-08-04 14:27:19,11,0,0,0,-356
2026-08-04 14:27:19,11,0,0,0,-356
2026-08-04 14:27:19,11,0,0,0,-356
2026-08-04 14:27:19,11,0,0,0,-356
2026-08-04 14:27:20,11,0,0,0,-356
2026-08-04 14:27:20,11,0,0,0,-356
2026-08-04 14:27:20,11,0,0,0,-357
2026-08-04 14:27:20,11,0,0,0,-357
2026-08-04 14:27:20,11,0,0,0,-357
2026-08-04 14:27:20,11,0,0,0,-357
2026-08-04 14:27:20,11,0,0,0,-357
2026-08-04 14:27:20,11,0,0,0,-357
2026-08-04 14:27:20,11,0,0,0,-357
2026-08-04 14:27:20,11,0,0,0,-357
2026-08-04 14:27:21,11,0,0,0,-357
2026-08-04 14:27:21,11,0,0,0,-358
2026-08-04 14:27:21,11,0,0,0,-357
2026-08-04 14:27:21,11,0,0,0,-357
2026-08-04 14:27:21,11,0,0,0,-358
2026-08-04 14:27:21,11,0,0,0,-358
2026-08-04 14:27:21,11,0,0,0,-358
2026-08-04 14:27:21,11,0,0,0,-358
2026-08-04 14:27:21,11,0,0,0,-358
2026-08-04 14:27:21,11,0,0,0,-358
2026-08-04 14:27:22,11,0,0,0,-358
2026-08-04 14:27:22,11,0,0,0,-358
2026-08-04 14:27:22,11,0,0,0,-358
2026-08-04 14:27:22,11,0,0,0,-359
2026-08-04 14:27:22,11,0,0,0,-359
2026-08-04 14:27:22,11,0,0,0,-359
2026-08-04 14:27:22,11,0,0,0,-359
2026-08-04 14:27:22,11,0,0,0,-359
2026-08-04 14:27:22,11,0,0,0,-359
2026-08-04 14:27:22,11,0,0,0,-359
2026-08-04 14:27:23,11,0,0,0,-359
2026-08-04 14:27:23,11,0,0,0,-359
2026-08-04 14:27:23,11,0,0,0,-359
2026-08-04 14:27:23,11,0,0,0,-359
2026-08-04 14:27:23,11,0,0,0,-359
2026-08-04 14:27:23,11,0,0,0,-360
2026-08-04 14:27:23,11,0,0,0,-360
2026-08-04 14:27:23,11,0,0,0,-360
2026-08-04 14:27:23,11,0,0,0,-360
2026-08-04 14:27:23,11,0,0,0,-360
2026-08-04 14:27:24,11,0,0,0,-360
2026-08-04 14:27:24,11,0,0,0,-360
2026-08-04 14:27:24,11,0,0,0,-360
2026-08-04 14:27:24,11,0,0,0,-360
2026-08-04 14:27:24,11,0,0,0,-360
2026-08-04 14:27:24,11,0,0,0,-361
2026-08-04 14:27:24,11,0,0,0,-361
2026-08-04 14:27:24,11,0,0,0,-361
2026-08-04 14:27:24,11,0,0,0,-361
2026-08-04 14:27:24,11,0,0,0,-361
2026-08-04 14:27:25,11,0,0,0,-361
2026-08-04 14:27:25,11,0,0,0,-361
2026-08-04 14:27:25,11,0,0,0,-361
2026-08-04 14:27:25,11,0,0,0,-361
2026-08-04 14:27:25,11,0,0,0,-362
2026-08-04 14:27:25,11,0,0,0,-362
2026-08-04 14:27:25,11,0,0,0,-362
2026-08-04 14:27:25,11,0,0,0,-362
2026-08-04 14:27:25,11,0,0,0,-362
2026-08-04 14:27:25,11,0,0,0,-362
2026-08-04 14:27:26,11,0,0,0,-362
2026-08-04 14:27:26,11,0,0,0,-362
2026-08-04 14:27:26,11,0,0,0,-363
2026-08-04 14:27:26,11,0,0,0,-362
2026-08-04 14:27:26,11,0,0,0,-363
2026-08-04 14:27:26,11,0,0,0,-363
2026-08-04 14:27:26,11,0,0,0,-363
2026-08-04 14:27:26,11,0,0,0,-363
2026-08-04 14:27:26,11,0,0,0,-363
2026-08-04 14:27:26,11,0,0,0,-363
2026-08-04 14:27:27,11,0,0,0,-363
2026-08-04 14:27:27,11,0,0,0,-363
2026-08-04 14:27:27,11,0,0,0,-363
2026-08-04 14:27:27,11,0,0,0,-364
2026-08-04 14:27:27,11,0,0,0,-364
2026-08-04 14:27:27,11,0,0,0,-364
2026-08-04 14:27:27,11,0,0,0,-364
2026-08-04 14:27:27,11,0,0,0,-364
2026-08-04 14:27:27,11,0,0,0,-364
2026-08-04 14:27:27,11,0,0,0,-364
2026-08-04 14:27:28,11,0,0,0,-365
2026-08-04 14:27:28,11,0,0,0,-365
2026-08-04 14:27:28,11,0,0,0,-365
2026-08-04 14:27:28,11,0,0,0,-365
2026-08-04 14:27:28,11,0,0,0,-365
2026-08-04 14:27:28,11,0,0,0,-365
2026-08-04 14:27:28,11,0,0,0,-365
2026-08-04 14:27:28,11,0,0,0,-365
2026-08-04 14:27:28,11,0,0,0,-365
2026-08-04 14:27:28,11,0,0,0,-365
2026-08-04 14:27:29,11,0,0,0,-365
2026-08-04 14:27:29,11,0,0,0,-365
2026-08-04 14:27:29,11,0,0,0,-365
2026-08-04 14:27:29,11,0,0,0,-365
2026-08-04 14:27:29,11,0,0,0,-365
2026-08-04 14:27:29,11,0,0,0,-366
2026-08-04 14:27:29,11,0,0,0,-366
2026-08-04 14:27:29,11,0,0,0,-366
2026-08-04 14:27:29,11,0,0,0,-366
2026-08-04 14:27:29,11,0,0,0,-366
2026-08-04 14:27:30,11,0,0,0,-366
2026-08-04 14:27:30,11,0,0,0,-366
2026-08-04 14:27:30,11,0,0,0,-366
2026-08-04 14:27:30,11,0,0,0,-366
2026-08-04 14:27:30,11,0,0,0,-366
2026-08-04 14:27:30,11,0,0,0,-367
2026-08-04 14:27:30,11,0,0,0,-367
2026-08-04 14:27:30,11,0,0,0,-367
2026-08-04 14:27:30,11,0,0,0,-367
2026-08-04 14:27:31,11,0,0,0,-367
2026-08-04 14:27:31,11,0,0,0,-367
2026-08-04 14:27:31,11,0,0,0,-367
2026-08-04 14:27:31,11,0,0,0,-367
2026-08-04 14:27:31,11,0,0,0,-367
2026-08-04 14:27:31,11,0,0,0,-367
2026-08-04 14:27:31,11,0,0,0,-367
2026-08-04 14:27:31,11,0,0,0,-367
2026-08-04 14:27:31,11,0,0,0,-368
2026-08-04 14:27:31,11,0,0,0,-368
2026-08-04 14:27:32,11,0,0,0,-368
2026-08-04 14:27:32,11,0,0,0,-368
2026-08-04 14:27:32,11,0,0,0,-368
2026-08-04 14:27:32,11,0,0,0,-368
2026-08-04 14:27:32,11,0,0,0,-368
2026-08-04 14:27:32,11,0,0,0,-368
2026-08-04 14:27:32,11,0,0,0,-368
2026-08-04 14:27:32,11,0,0,0,-369
2026-08-04 14:27:32,11,0,0,0,-369
2026-08-04 14:27:32,11,0,0,0,-369
2026-08-04 14:27:33,11,0,0,0,-369
2026-08-04 14:27:33,11,0,0,0,-369
2026-08-04 14:27:33,11,0,0,0,-369
2026-08-04 14:27:33,11,0,0,0,-369
2026-08-04 14:27:33,11,0,0,0,-369
2026-08-04 14:27:33,11,0,0,0,-369
2026-08-04 14:27:33,11,0,0,0,-370
2026-08-04 14:27:33,11,0,0,0,-370
2026-08-04 14:27:33,11,0,0,0,-370
2026-08-04 14:27:33,11,0,0,0,-370
2026-08-04 14:27:34,11,0,0,0,-370
2026-08-04 14:27:34,11,0,0,0,-370
2026-08-04 14:27:34,11,0,0,0,-370
2026-08-04 14:27:34,11,0,0,0,-370
2026-08-04 14:27:34,11,0,0,0,-371
2026-08-04 14:27:34,11,0,0,0,-371
2026-08-04 14:27:34,11,0,0,0,-371
2026-08-04 14:27:34,11,0,0,0,-371
2026-08-04 14:27:34,11,0,0,0,-371
2026-08-04 14:27:34,11,0,0,0,-371
2026-08-04 14:27:35,11,0,0,0,-371
2026-08-04 14:27:35,11,0,0,0,-371
2026-08-04 14:27:35,11,0,0,0,-371
2026-08-04 14:27:35,11,0,0,0,-372
2026-08-04 14:27:35,11,0,0,0,-372
2026-08-04 14:27:35,11,0,0,0,-372
2026-08-04 14:27:35,11,0,0,0,-372
2026-08-04 14:27:35,11,0,0,0,-372
2026-08-04 14:27:35,11,0,0,0,-372
2026-08-04 14:27:36,11,0,0,0,-372
2026-08-04 14:27:36,11,0,0,0,-372
2026-08-04 14:27:36,11,0,0,0,-372
2026-08-04 14:27:36,11,0,0,0,-373
2026-08-04 14:27:36,11,0,0,0,-372
2026-08-04 14:27:36,11,0,0,0,-373
2026-08-04 14:27:36,11,0,0,0,-373
2026-08-04 14:27:36,11,0,0,0,-373
2026-08-04 14:27:36,11,0,0,0,-373
2026-08-04 14:27:36,11,0,0,0,-373
2026-08-04 14:27:37,11,0,0,0,-373
2026-08-04 14:27:37,11,0,0,0,-373
2026-08-04 14:27:37,11,0,0,0,-374
2026-08-04 14:27:37,11,0,0,0,-374
2026-08-04 14:27:37,11,0,0,0,-374
2026-08-04 14:27:37,11,0,0,0,-374
2026-08-04 14:27:37,11,0,0,0,-374
2026-08-04 14:27:37,11,0,0,0,-374
2026-08-04 14:27:37,11,0,0,0,-374
2026-08-04 14:27:37,11,0,0,0,-375
2026-08-04 14:27:38,11,0,0,0,-374
2026-08-04 14:27:38,11,0,0,0,-374
2026-08-04 14:27:38,11,0,0,0,-375
2026-08-04 14:27:38,11,0,0,0,-375
2026-08-04 14:27:38,11,0,0,0,-375
2026-08-04 14:27:38,11,0,0,0,-375
2026-08-04 14:27:38,11,0,0,0,-375
2026-08-04 14:27:38,11,0,0,0,-375
2026-08-04 14:27:38,11,0,0,0,-376
2026-08-04 14:27:38,11,0,0,0,-376
2026-08-04 14:27:39,11,0,0,0,-376
2026-08-04 14:27:39,11,0,0,0,-376
2026-08-04 14:27:39,11,0,0,0,-376
2026-08-04 14:27:39,11,0,0,0,-376
2026-08-04 14:27:39,11,0,0,0,-376
2026-08-04 14:27:39,11,0,0,0,-376
2026-08-04 14:27:39,11,0,0,0,-376
2026-08-04 14:27:39,11,0,0,0,-376
2026-08-04 14:27:39,11,0,0,0,-377
2026-08-04 14:27:39,11,0,0,0,-377
2026-08-04 14:27:40,11,0,0,0,-377
2026-08-04 14:27:40,11,0,0,0,-377
2026-08-04 14:27:40,11,0,0,0,-377
2026-08-04 14:27:40,11,0,0,0,-377
2026-08-04 14:27:40,11,0,0,0,-377
2026-08-04 14:27:40,11,0,0,0,-377
2026-08-04 14:27:40,11,0,0,0,-378
2026-08-04 14:27:40,11,0,0,0,-378
2026-08-04 14:27:40,11,0,0,0,-378
2026-08-04 14:27:40,11,0,0,0,-378
2026-08-04 14:27:41,11,0,0,0,-378
2026-08-04 14:27:41,11,0,0,0,-378
2026-08-04 14:27:41,11,0,0,0,-378
2026-08-04 14:27:41,11,0,0,0,-378
2026-08-04 14:27:41,11,0,0,0,-378
2026-08-04 14:27:41,11,0,0,0,-379
2026-08-04 14:27:41,11,0,0,0,-379
2026-08-04 14:27:41,11,0,0,0,-379
2026-08-04 14:27:41,11,0,0,0,-379
2026-08-04 14:27:41,11,0,0,0,-379
2026-08-04 14:27:42,11,0,0,0,-379
2026-08-04 14:27:42,11,0,0,0,-379
2026-08-04 14:27:42,11,0,0,0,-379
2026-08-04 14:27:42,11,0,0,0,-380
2026-08-04 14:27:42,11,0,0,0,-380
2026-08-04 14:27:42,11,0,0,0,-380
2026-08-04 14:27:42,11,0,0,0,-380
2026-08-04 14:27:42,11,0,0,0,-380
2026-08-04 14:27:42,11,0,0,0,-380
2026-08-04 14:27:42,11,0,0,0,-380
2026-08-04 14:27:43,11,0,0,0,-380
2026-08-04 14:27:43,11,0,0,0,-381
2026-08-04 14:27:43,11,0,0,0,-381
2026-08-04 14:27:43,11,0,0,0,-381
2026-08-04 14:27:43,11,0,0,0,-381
2026-08-04 14:27:43,11,0,0,0,-381
2026-08-04 14:27:43,11,0,0,0,-381
2026-08-04 14:27:43,11,0,0,0,-381
2026-08-04 14:27:43,11,0,0,0,-381
2026-08-04 14:27:43,11,0,0,0,-381
2026-08-04 14:27:44,11,0,0,0,-382
2026-08-04 14:27:44,11,0,0,0,-382
2026-08-04 14:27:44,11,0,0,0,-382
2026-08-04 14:27:44,11,0,0,0,-382
2026-08-04 14:27:44,11,0,0,0,-382
2026-08-04 14:27:44,11,0,0,0,-382
2026-08-04 14:27:44,11,0,0,0,-382
2026-08-04 14:27:44,11,0,0,0,-382
2026-08-04 14:27:44,11,0,0,0,-382
2026-08-04 14:27:44,11,0,0,0,-383
2026-08-04 14:27:45,11,0,0,0,-382
2026-08-04 14:27:45,11,0,0,0,-383
2026-08-04 14:27:45,11,0,0,0,-383
2026-08-04 14:27:45,11,0,0,0,-383
2026-08-04 14:27:45,11,0,0,0,-383
2026-08-04 14:27:45,11,0,0,0,-383
2026-08-04 14:27:45,11,0,0,0,-383
2026-08-04 14:27:45,11,0,0,0,-383
2026-08-04 14:27:45,11,0,0,0,-383
2026-08-04 14:27:45,11,0,0,0,-383
2026-08-04 14:27:46,11,0,0,0,-384
2026-08-04 14:27:46,11,0,0,0,-384
2026-08-04 14:27:46,11,0,0,0,-384
2026-08-04 14:27:46,11,0,0,0,-384
2026-08-04 14:27:46,11,0,0,0,-384
2026-08-04 14:27:46,11,0,0,0,-384
2026-08-04 14:27:46,11,0,0,0,-384
2026-08-04 14:27:46,11,0,0,0,-384
2026-08-04 14:27:46,11,0,0,0,-384
2026-08-04 14:27:46,11,0,0,0,-385
2026-08-04 14:27:47,11,0,0,0,-385
2026-08-04 14:27:47,11,0,0,0,-385
2026-08-04 14:27:47,11,0,0,0,-385
2026-08-04 14:27:47,11,0,0,0,-385
2026-08-04 14:27:47,11,0,0,0,-385
2026-08-04 14:27:47,11,0,0,0,-385
2026-08-04 14:27:47,11,0,0,0,-385
2026-08-04 14:27:47,11,0,0,0,-386
2026-08-04 14:27:47,11,0,0,0,-386
2026-08-04 14:27:47,11,0,0,0,-386
2026-08-04 14:27:48,11,0,0,0,-386
2026-08-04 14:27:48,11,0,0,0,-386
2026-08-04 14:27:48,11,0,0,0,-386
2026-08-04 14:27:48,11,0,0,0,-387
2026-08-04 14:27:48,11,0,0,0,-387
2026-08-04 14:27:48,11,0,0,0,-387
2026-08-04 14:27:48,11,0,0,0,-387
2026-08-04 14:27:48,11,0,0,0,-387
2026-08-04 14:27:48,11,0,0,0,-387
2026-08-04 14:27:48,11,0,0,0,-387
2026-08-04 14:27:49,11,0,0,0,-387
2026-08-04 14:27:49,11,0,0,0,-387
2026-08-04 14:27:49,11,0,0,0,-388
2026-08-04 14:27:49,11,0,0,0,-388
2026-08-04 14:27:49,11,0,0,0,-388
2026-08-04 14:27:49,11,0,0,0,-388
2026-08-04 14:27:49,11,0,0,0,-388
2026-08-04 14:27:49,11,0,0,0,-388
2026-08-04 14:27:49,11,0,0,0,-388
2026-08-04 14:27:49,11,0,0,0,-388
2026-08-04 14:27:50,11,0,0,0,-388
2026-08-04 14:27:50,11,0,0,0,-389
2026-08-04 14:27:50,11,0,0,0,-389
2026-08-04 14:27:50,11,0,0,0,-389
2026-08-04 14:27:50,11,0,0,0,-389
2026-08-04 14:27:50,11,0,0,0,-389
2026-08-04 14:27:50,11,0,0,0,-389
2026-08-04 14:27:50,11,0,0,0,-389
2026-08-04 14:27:50,11,0,0,0,-389
2026-08-04 14:27:50,11,0,0,0,-390
2026-08-04 14:27:51,11,0,0,0,-390
2026-08-04 14:27:51,11,0,0,0,-390
2026-08-04 14:27:51,11,0,0,0,-390
2026-08-04 14:27:51,11,0,0,0,-390
2026-08-04 14:27:51,11,0,0,0,-390
2026-08-04 14:27:51,11,0,0,0,-390
2026-08-04 14:27:51,11,0,0,0,-391
2026-08-04 14:27:51,11,19,-1,-3,-391
2026-08-04 14:27:51,11,19,-1,-3,-391
2026-08-04 14:27:51,11,19,-1,-3,-391
2026-08-04 14:27:52,11,19,-1,-3,-391
2026-08-04 14:27:52,11,19,-1,-3,-391
2026-08-04 14:27:52,11,19,-1,-3,-391
2026-08-04 14:27:52,11,19,-1,-3,-391
2026-08-04 14:27:52,11,19,-1,-3,-391
2026-08-04 14:27:52,11,19,-1,-3,-391
2026-08-04 14:27:52,11,19,-1,-3,-392
2026-08-04 14:27:52,11,19,-1,-3,-392
2026-08-04 14:27:52,11,19,-1,-3,-392
2026-08-04 14:27:52,11,19,-1,-3,-392
2026-08-04 14:27:53,11,19,-1,-3,-392
2026-08-04 14:27:53,11,19,-1,-3,-392
2026-08-04 14:27:53,11,19,-1,-3,-392
2026-08-04 14:27:53,11,19,-1,-3,-392
2026-08-04 14:27:53,11,19,-1,-3,-392
2026-08-04 14:27:53,11,19,-1,-3,-392
2026-08-04 14:27:53,11,19,-1,-3,-393
2026-08-04 14:27:53,11,19,-1,-3,-393
2026-08-04 14:27:53,11,19,-1,-3,-393
2026-08-04 14:27:53,11,19,-1,-3,-393
2026-08-04 14:27:54,11,19,-1,-3,-393
2026-08-04 14:27:54,11,19,-1,-3,-393
2026-08-04 14:27:54,11,19,-1,-3,-393
2026-08-04 14:27:54,11,19,-1,-3,-393
2026-08-04 14:27:54,11,19,-1,-3,-393
2026-08-04 14:27:54,11,19,-1,-3,-393
2026-08-04 14:27:54,11,19,-1,-3,-393
2026-08-04 14:27:54,11,19,-1,-3,-393
2026-08-04 14:27:54,11,19,-1,-3,-393
2026-08-04 14:27:54,11,19,-1,-3,-393
2026-08-04 14:27:55,11,19,-1,-3,-394
2026-08-04 14:27:55,11,19,-1,-3,-395
2026-08-04 14:27:55,11,19,-1,-3,-396
2026-08-04 14:27:55,11,19,-1,-3,-396
2026-08-04 14:27:55,11,19,-1,-3,-396
2026-08-04 14:27:55,11,19,-1,-3,-396
2026-08-04 14:27:55,11,19,-1,-3,-397
2026-08-04 14:27:55,11,19,-1,-3,-398
2026-08-04 14:27:55,11,19,-1,-3,-399
2026-08-04 14:27:55,11,19,-1,-3,-400
2026-08-04 14:27:56,11,19,-1,-3,-400
2026-08-04 14:27:56,11,19,-1,-3,-402
2026-08-04 14:27:56,11,19,-1,-3,-403
2026-08-04 14:27:56,11,19,-1,-3,-404
2026-08-04 14:27:56,11,19,-1,-3,-404
2026-08-04 14:27:56,11,19,-1,-3,-404
2026-08-04 14:27:56,11,19,-1,-3,-404
2026-08-04 14:27:56,11,19,-1,-3,-405
2026-08-04 14:27:56,11,19,-1,-3,-405
2026-08-04 14:27:56,11,19,-1,-3,-405
2026-08-04 14:27:57,11,19,-1,-3,-405
2026-08-04 14:27:57,11,19,-1,-3,-405
2026-08-04 14:27:57,11,19,-1,-3,-405
2026-08-04 14:27:57,11,19,-1,-3,-406
2026-08-04 14:27:57,11,19,-1,-3,-406
2026-08-04 14:27:57,11,19,-1,-3,-406
2026-08-04 14:27:57,11,19,-1,-3,-406
2026-08-04 14:27:57,11,19,-1,-3,-406
2026-08-04 14:27:58,11,19,-1,-3,-406
2026-08-04 14:27:58,11,19,-1,-3,-406
2026-08-04 14:27:58,11,19,-1,-3,-406
2026-08-04 14:27:58,11,19,-1,-3,-407
2026-08-04 14:27:58,11,19,-1,-3,-407
2026-08-04 14:27:58,11,19,-1,-3,-407
2026-08-04 14:27:58,11,19,-1,-3,-407
2026-08-04 14:27:58,11,19,-1,-3,-407
2026-08-04 14:27:58,11,19,-1,-3,-407
2026-08-04 14:27:58,11,19,-1,-3,-407
2026-08-04 14:27:59,11,19,-1,-3,-407
2026-08-04 14:27:59,11,19,-1,-3,-408
2026-08-04 14:27:59,11,19,-1,-3,-408
2026-08-04 14:27:59,11,19,-1,-3,-408
2026-08-04 14:27:59,11,19,-1,-3,-408
2026-08-04 14:27:59,11,19,-1,-3,-408
2026-08-04 14:27:59,11,19,-1,-3,-408
2026-08-04 14:27:59,11,19,-1,-3,-409
2026-08-04 14:27:59,11,19,-1,-3,-409
2026-08-04 14:27:59,11,19,-1,-3,-409
2026-08-04 14:28:00,11,19,-1,-3,-409
2026-08-04 14:28:00,11,19,-1,-3,-409
2026-08-04 14:28:00,11,19,-1,-3,-409
2026-08-04 14:28:00,11,19,-1,-3,-409
2026-08-04 14:28:00,11,19,-1,-3,-409
2026-08-04 14:28:00,11,19,-1,-3,-410
2026-08-04 14:28:00,11,19,-1,-3,-410
2026-08-04 14:28:00,11,19,-1,-3,-410
2026-08-04 14:28:00,11,19,-1,-3,-410
2026-08-04 14:28:00,11,19,-1,-3,-410
2026-08-04 14:28:01,11,19,-1,-3,-410
2026-08-04 14:28:01,11,19,-1,-3,-411
2026-08-04 14:28:01,11,19,-1,-3,-411
2026-08-04 14:28:01,11,19,-1,-3,-411
2026-08-04 14:28:01,11,19,-1,-3,-411
2026-08-04 14:28:01,11,19,-1,-3,-411
2026-08-04 14:28:01,11,19,-1,-3,-411
2026-08-04 14:28:01,11,19,-1,-3,-411
2026-08-04 14:28:01,11,19,-1,-3,-411
2026-08-04 14:28:01,11,19,-1,-3,-411
2026-08-04 14:28:02,11,19,-1,-3,-411
2026-08-04 14:28:02,11,19,-1,-3,-412
2026-08-04 14:28:02,11,19,-1,-3,-412
2026-08-04 14:28:02,11,19,-1,-3,-412
2026-08-04 14:28:02,11,19,-1,-3,-412
2026-08-04 14:28:02,11,19,-1,-3,-412
2026-08-04 14:28:02,11,19,-1,-3,-412
2026-08-04 14:28:02,11,19,-1,-3,-412
2026-08-04 14:28:02,11,19,-1,-3,-412
2026-08-04 14:28:02,11,19,-1,-3,-413
2026-08-04 14:28:03,11,19,-1,-3,-413
2026-08-04 14:28:03,11,19,-1,-3,-413
2026-08-04 14:28:03,11,19,-1,-3,-413
2026-08-04 14:28:03,11,19,-1,-3,-413
2026-08-04 14:28:03,11,19,-1,-3,-414
2026-08-04 14:28:03,11,19,-1,-3,-414
2026-08-04 14:28:03,11,19,-1,-3,-414
2026-08-04 14:28:03,11,19,-1,-3,-414
2026-08-04 14:28:03,11,19,-1,-3,-414
2026-08-04 14:28:03,11,19,-1,-3,-414
2026-08-04 14:28:04,11,19,-1,-3,-415
2026-08-04 14:28:04,11,19,-1,-3,-415
2026-08-04 14:28:04,11,19,-1,-3,-415
2026-08-04 14:28:04,11,19,-1,-3,-415
2026-08-04 14:28:04,11,19,-1,-3,-415
2026-08-04 14:28:04,11,19,-1,-3,-415
2026-08-04 14:28:04,11,19,-1,-3,-415
2026-08-04 14:28:04,11,19,-1,-3,-415
2026-08-04 14:28:04,11,19,-1,-3,-415
2026-08-04 14:28:04,11,19,-1,-3,-416
2026-08-04 14:28:05,11,19,-1,-3,-415
2026-08-04 14:28:05,11,19,-1,-3,-416
2026-08-04 14:28:05,11,19,-1,-3,-416
2026-08-04 14:28:05,11,19,-1,-3,-416
2026-08-04 14:28:05,11,19,-1,-3,-416
2026-08-04 14:28:05,11,19,-1,-3,-416
2026-08-04 14:28:05,11,19,-1,-3,-416
2026-08-04 14:28:05,11,19,-1,-3,-416
2026-08-04 14:28:05,11,19,-1,-3,-417
2026-08-04 14:28:05,11,19,-1,-3,-417
2026-08-04 14:28:06,11,19,-1,-3,-417
2026-08-04 14:28:06,11,19,-1,-3,-417
2026-08-04 14:28:06,11,19,-1,-3,-417
2026-08-04 14:28:06,11,19,-1,-3,-418
2026-08-04 14:28:06,11,19,-1,-3,-418
2026-08-04 14:28:06,11,19,-1,-3,-418
2026-08-04 14:28:06,11,19,-1,-3,-418
2026-08-04 14:28:06,11,19,-1,-3,-418
2026-08-04 14:28:06,11,19,-1,-3,-418
2026-08-04 14:28:06,11,19,-1,-3,-418
2026-08-04 14:28:07,11,19,-1,-3,-419
2026-08-04 14:28:07,11,19,-1,-3,-419
2026-08-04 14:28:07,11,19,-1,-3,-420
2026-08-04 14:28:07,11,19,-1,-3,-420
2026-08-04 14:28:07,11,19,-1,-3,-420
2026-08-04 14:28:07,11,19,-1,-3,-420
2026-08-04 14:28:07,11,19,-1,-3,-420
2026-08-04 14:28:07,11,19,-1,-3,-421
2026-08-04 14:28:07,11,19,-1,-3,-421
2026-08-04 14:28:07,11,19,-1,-3,-421
2026-08-04 14:28:08,11,19,-1,-3,-421
2026-08-04 14:28:08,11,19,-1,-3,-421
2026-08-04 14:28:08,11,19,-1,-3,-422
2026-08-04 14:28:08,11,19,-1,-3,-422
2026-08-04 14:28:08,11,19,-1,-3,-422
2026-08-04 14:28:08,11,19,-1,-3,-422
2026-08-04 14:28:08,11,19,-1,-3,-422
2026-08-04 14:28:08,11,19,-1,-3,-422
2026-08-04 14:28:08,11,19,-1,-3,-422
2026-08-04 14:28:08,11,19,-1,-3,-422
2026-08-04 14:28:09,11,19,-1,-3,-422
2026-08-04 14:28:09,11,19,-1,-3,-423
2026-08-04 14:28:09,11,19,-1,-3,-423
2026-08-04 14:28:09,11,19,-1,-3,-423
2026-08-04 14:28:09,11,19,-1,-3,-423
2026-08-04 14:28:09,11,19,-1,-3,-423
2026-08-04 14:28:09,11,19,-1,-3,-423
2026-08-04 14:28:09,11,19,-1,-3,-424
2026-08-04 14:28:09,11,19,-1,-3,-424
2026-08-04 14:28:09,11,19,-1,-3,-424
2026-08-04 14:28:10,11,19,-1,-3,-424
2026-08-04 14:28:10,11,19,-1,-3,-424
2026-08-04 14:28:10,11,19,-1,-3,-424
2026-08-04 14:28:10,11,19,-1,-3,-424
2026-08-04 14:28:10,11,19,-1,-3,-425
2026-08-04 14:28:10,11,19,-1,-3,-425
2026-08-04 14:28:10,11,19,-1,-3,-425
2026-08-04 14:28:10,11,19,-1,-3,-425
2026-08-04 14:28:10,11,19,-1,-3,-425
2026-08-04 14:28:10,11,19,-1,-3,-425
2026-08-04 14:28:11,11,19,-1,-3,-426
2026-08-04 14:28:11,11,19,-1,-3,-426
2026-08-04 14:28:11,11,19,-1,-3,-426
2026-08-04 14:28:11,11,19,-1,-3,-426
2026-08-04 14:28:11,11,19,-1,-3,-426
2026-08-04 14:28:11,11,19,-1,-3,-426
2026-08-04 14:28:11,11,19,-1,-3,-426
2026-08-04 14:28:11,11,19,-1,-3,-427
2026-08-04 14:28:11,11,19,-1,-3,-427
2026-08-04 14:28:11,11,19,-1,-3,-428
2026-08-04 14:28:12,11,19,-1,-3,-427
2026-08-04 14:28:12,11,19,-1,-3,-428
2026-08-04 14:28:12,11,19,-1,-3,-428
2026-08-04 14:28:12,11,19,-1,-3,-428
2026-08-04 14:28:12,11,19,-1,-3,-428
2026-08-04 14:28:12,11,19,-1,-3,-429
2026-08-04 14:28:12,11,19,-1,-3,-429
2026-08-04 14:28:12,11,19,-1,-3,-429
2026-08-04 14:28:12,11,19,-1,-3,-430
2026-08-04 14:28:12,11,19,-1,-3,-430
2026-08-04 14:28:13,11,19,-1,-3,-430
2026-08-04 14:28:13,11,19,-1,-3,-431
2026-08-04 14:28:13,11,19,-1,-3,-431
2026-08-04 14:28:13,11,19,-1,-3,-431
2026-08-04 14:28:13,11,19,-1,-3,-432
2026-08-04 14:28:13,11,19,-1,-3,-432
2026-08-04 14:28:13,11,19,-1,-3,-432
2026-08-04 14:28:13,11,19,-1,-3,-433
2026-08-04 14:28:13,11,19,-1,-3,-433
2026-08-04 14:28:13,11,19,-1,-3,-433
2026-08-04 14:28:14,11,19,-1,-3,-433
2026-08-04 14:28:14,11,19,-1,-3,-433
2026-08-04 14:28:14,11,19,-1,-3,-434
2026-08-04 14:28:14,11,19,-1,-3,-434
2026-08-04 14:28:14,11,19,-1,-3,-434
2026-08-04 14:28:14,11,19,-1,-3,-434
2026-08-04 14:28:14,11,19,-1,-3,-435
2026-08-04 14:28:14,11,19,-1,-3,-435
2026-08-04 14:28:14,11,19,-1,-3,-435
2026-08-04 14:28:14,11,19,-1,-3,-435
2026-08-04 14:28:15,11,19,-1,-3,-435
2026-08-04 14:28:15,11,19,-1,-3,-436
2026-08-04 14:28:15,11,19,-1,-3,-436
2026-08-04 14:28:15,11,19,-1,-3,-436
2026-08-04 14:28:15,11,19,-1,-3,-436
2026-08-04 14:28:15,11,19,-1,-3,-436
2026-08-04 14:28:15,11,19,-1,-3,-436
2026-08-04 14:28:15,11,19,-1,-3,-437
2026-08-04 14:28:15,11,19,-1,-3,-437
2026-08-04 14:28:15,11,19,-1,-3,-437
2026-08-04 14:28:16,11,19,-1,-3,-437
2026-08-04 14:28:16,11,19,-1,-3,-437
2026-08-04 14:28:16,11,19,-1,-3,-437
2026-08-04 14:28:16,11,19,-1,-3,-438
2026-08-04 14:28:16,11,19,-1,-3,-438
2026-08-04 14:28:16,11,19,-1,-3,-438
2026-08-04 14:28:16,11,19,-1,-3,-438
2026-08-04 14:28:16,11,19,-1,-3,-438
2026-08-04 14:28:16,11,19,-1,-3,-438
2026-08-04 14:28:16,11,19,-1,-3,-439
2026-08-04 14:28:17,11,19,-1,-3,-439
2026-08-04 14:28:17,11,19,-1,-3,-439
2026-08-04 14:28:17,11,19,-1,-3,-439
2026-08-04 14:28:17,11,19,-1,-3,-440
2026-08-04 14:28:17,11,19,-1,-3,-444
2026-08-04 14:28:17,11,19,-1,-3,-450
2026-08-04 14:28:17,11,19,-1,-3,-455
2026-08-04 14:28:17,11,19,-1,-3,-462
2026-08-04 14:28:17,11,19,-1,-3,-470
2026-08-04 14:28:17,11,19,-1,-3,-478
2026-08-04 14:28:18,11,37,-2,-6,-487
2026-08-04 14:28:18,11,55,-4,-10,-495
2026-08-04 14:28:18,11,73,-5,-13,-505
2026-08-04 14:28:18,11,94,-7,-17,-517
2026-08-04 14:28:18,11,115,-9,-21,-532
2026-08-04 14:28:18,11,132,-11,-24,-554
2026-08-04 14:28:18,11,149,-12,-28,-581
2026-08-04 14:28:18,11,192,-17,-36,-613
2026-08-04 14:28:18,11,238,-22,-45,-649
2026-08-04 14:28:18,11,290,-28,-55,-689
2026-08-04 14:28:19,11,340,-34,-64,-735
2026-08-04 14:28:19,11,413,-43,-78,-787
2026-08-04 14:28:19,11,487,-54,-92,-845
2026-08-04 14:28:19,11,565,-65,-107,-908
2026-08-04 14:28:19,11,674,-83,-128,-974
2026-08-04 14:28:19,11,787,-102,-149,-1048
2026-08-04 14:28:19,11,904,-124,-172,-1145
2026-08-04 14:28:19,11,1021,-148,-194,-1243
2026-08-04 14:28:19,11,1175,-183,-223,-1325
2026-08-04 14:28:19,11,1333,-220,-253,-1409
2026-08-04 14:28:20,11,1489,-259,-282,-1501
2026-08-04 14:28:20,11,1654,-304,-313,-1600
2026-08-04 14:28:20,11,1821,-352,-345,-1698
2026-08-04 14:28:20,11,1991,-404,-377,-1801
2026-08-04 14:28:20,11,2168,-462,-411,-1905
2026-08-04 14:28:20,11,2341,-522,-444,-2000
2026-08-04 14:28:20,11,2521,-588,-479,-2092
2026-08-04 14:28:20,11,2695,-655,-513,-2190
2026-08-04 14:28:20,11,2870,-726,-547,-2287
2026-08-04 14:28:20,11,3040,-798,-581,-2384
2026-08-04 14:28:21,11,3205,-871,-614,-2474
2026-08-04 14:28:21,11,3369,-947,-647,-2561
2026-08-04 14:28:21,11,3532,-1026,-680,-2644
2026-08-04 14:28:21,11,3854,-1189,-746,-2795
2026-08-04 14:28:21,11,4013,-1274,-779,-2862
2026-08-04 14:28:21,11,4171,-1360,-812,-2925
2026-08-04 14:28:21,11,4481,-1536,-876,-2989
2026-08-04 14:28:21,11,4481,-1536,-876,-3049
2026-08-04 14:28:21,11,4639,-1630,-909,-3099
2026-08-04 14:28:22,11,4952,-1820,-976,-3156
2026-08-04 14:28:22,11,5106,-1917,-1009,-3210
2026-08-04 14:28:22,11,5106,-1917,-1009,-3250
2026-08-04 14:28:22,11,5562,-2210,-1110,-3297
2026-08-04 14:28:22,11,5706,-2304,-1142,-3309
2026-08-04 14:28:22,11,5706,-2304,-1142,-3317
2026-08-04 14:28:22,11,5986,-2487,-1204,-3320
2026-08-04 14:28:22,11,6128,-2580,-1235,-3324
2026-08-04 14:28:22,11,6267,-2671,-1266,-3329
2026-08-04 14:28:23,11,6406,-2762,-1297,-3325
2026-08-04 14:28:23,11,6546,-2854,-1329,-3315
2026-08-04 14:28:23,11,6687,-2945,-1360,-3306
2026-08-04 14:28:23,11,6963,-3124,-1423,-3273
2026-08-04 14:28:23,11,7102,-3212,-1454,-3242
2026-08-04 14:28:23,11,7231,-3294,-1483,-3223
2026-08-04 14:28:23,11,7359,-3374,-1511,-3202
2026-08-04 14:28:23,11,7618,-3531,-1568,-3117
2026-08-04 14:28:24,11,7759,-3615,-1599,-3073
2026-08-04 14:28:24,11,7903,-3699,-1631,-3018
2026-08-04 14:28:24,11,8052,-3784,-1663,-2962
2026-08-04 14:28:24,11,8209,-3871,-1698,-2905
2026-08-04 14:28:24,11,8361,-3953,-1731,-2843
2026-08-04 14:28:24,11,8516,-4035,-1764,-2776
2026-08-04 14:28:24,11,8671,-4114,-1797,-2703
2026-08-04 14:28:24,11,8833,-4194,-1832,-2627
2026-08-04 14:28:24,11,9170,-4352,-1905,-2467
2026-08-04 14:28:25,11,9342,-4428,-1941,-2388
2026-08-04 14:28:25,11,9529,-4508,-1981,-2310
2026-08-04 14:28:25,11,9721,-4587,-2022,-2224
2026-08-04 14:28:25,11,9914,-4662,-2062,-2140
2026-08-04 14:28:25,11,10139,-4746,-2109,-2056
2026-08-04 14:28:25,11,10366,-4828,-2157,-1971
2026-08-04 14:28:25,11,10594,-4906,-2204,-1886
2026-08-04 14:28:25,11,10861,-4992,-2259,-1801
2026-08-04 14:28:25,11,11136,-5077,-2316,-1719
2026-08-04 14:28:25,11,11421,-5161,-2374,-1638
2026-08-04 14:28:26,11,11705,-5241,-2433,-1564
2026-08-04 14:28:26,11,12046,-5332,-2505,-1491
2026-08-04 14:28:26,11,12397,-5420,-2578,-1406
2026-08-04 14:28:26,11,13139,-5595,-2731,-1305
2026-08-04 14:28:26,11,13547,-5685,-2815,-1252
2026-08-04 14:28:26,11,13944,-5770,-2897,-1206
2026-08-04 14:28:26,11,14353,-5855,-2982,-1176
2026-08-04 14:28:26,11,14799,-5946,-3073,-1146
2026-08-04 14:28:26,11,15251,-6035,-3166,-1118
2026-08-04 14:28:27,11,15699,-6122,-3258,-1097
2026-08-04 14:28:27,11,16152,-6208,-3350,-1079
2026-08-04 14:28:27,11,16651,-6303,-3451,-1071
2026-08-04 14:28:27,11,17152,-6398,-3553,-1069
2026-08-04 14:28:27,11,17658,-6493,-3657,-1070
2026-08-04 14:28:27,11,18206,-6596,-3769,-1065
2026-08-04 14:28:27,11,18758,-6700,-3879,-1062
2026-08-04 14:28:27,11,19313,-6804,-3987,-1060
2026-08-04 14:28:27,11,19877,-6909,-4097,-1053
2026-08-04 14:28:27,11,20460,-7016,-4211,-1044
2026-08-04 14:28:28,11,21038,-7121,-4323,-1032
2026-08-04 14:28:28,11,21623,-7226,-4436,-1014
2026-08-04 14:28:28,11,22209,-7330,-4549,-1002
2026-08-04 14:28:28,11,22797,-7432,-4660,-989
2026-08-04 14:28:28,11,23385,-7533,-4773,-977
2026-08-04 14:28:28,11,23975,-7634,-4888,-966
2026-08-04 14:28:28,11,24590,-7737,-5009,-955
2026-08-04 14:28:28,11,25201,-7839,-5129,-946
2026-08-04 14:28:28,11,25802,-7939,-5247,-937
2026-08-04 14:28:28,11,26413,-8038,-5367,-926
2026-08-04 14:28:29,11,27028,-8138,-5488,-920
2026-08-04 14:28:29,11,27646,-8237,-5610,-911
2026-08-04 14:28:29,11,28262,-8334,-5732,-898
2026-08-04 14:28:29,11,28885,-8432,-5856,-889
2026-08-04 14:28:29,11,29493,-8525,-5978,-870
2026-08-04 14:28:29,11,30111,-8617,-6100,-851
2026-08-04 14:28:29,11,30730,-8708,-6218,-836
2026-08-04 14:28:29,11,31345,-8797,-6334,-821
2026-08-04 14:28:29,11,31963,-8885,-6450,-806
2026-08-04 14:28:29,11,32582,-8971,-6564,-792
2026-08-04 14:28:30,11,33204,-9056,-6678,-779
2026-08-04 14:28:30,11,33825,-9140,-6794,-767
2026-08-04 14:28:30,11,34445,-9222,-6913,-752
2026-08-04 14:28:30,11,35061,-9302,-7033,-741
2026-08-04 14:28:30,11,35681,-9382,-7154,-729
2026-08-04 14:28:30,11,36297,-9459,-7276,-716
2026-08-04 14:28:30,11,36912,-9535,-7398,-702
2026-08-04 14:28:30,11,37519,-9609,-7520,-687
2026-08-04 14:28:30,11,38132,-9681,-7644,-674
2026-08-04 14:28:30,11,38736,-9752,-7768,-666
2026-08-04 14:28:31,11,39337,-9822,-7888,-665
2026-08-04 14:28:31,11,39935,-9891,-8002,-656
2026-08-04 14:28:31,11,40535,-9959,-8113,-646
2026-08-04 14:28:31,11,41135,-10026,-8223,-637
2026-08-04 14:28:31,11,41735,-10092,-8332,-628
2026-08-04 14:28:31,11,42345,-10158,-8446,-616
2026-08-04 14:28:31,11,42960,-10224,-8565,-605
2026-08-04 14:28:31,11,43564,-10287,-8685,-600
2026-08-04 14:28:31,11,44178,-10351,-8809,-591
2026-08-04 14:28:31,11,44790,-10413,-8930,-585
2026-08-04 14:28:32,11,45406,-10477,-9053,-585
2026-08-04 14:28:32,11,46007,-10538,-9174,-584
2026-08-04 14:28:32,11,46613,-10600,-9298,-580
2026-08-04 14:28:32,11,47226,-10662,-9425,-577
2026-08-04 14:28:32,11,47828,-10722,-9548,-574
2026-08-04 14:28:32,11,48438,-10783,-9671,-567
2026-08-04 14:28:32,11,49048,-10843,-9792,-566
2026-08-04 14:28:32,11,49667,-10904,-9916,-564
2026-08-04 14:28:32,11,50274,-10964,-10039,-561
2026-08-04 14:28:32,11,50893,-11025,-10163,-556
2026-08-04 14:28:33,11,51514,-11085,-10287,-555
2026-08-04 14:28:33,11,52141,-11146,-10410,-552
2026-08-04 14:28:33,11,52762,-11205,-10531,-547
2026-08-04 14:28:33,11,53394,-11265,-10654,-542
2026-08-04 14:28:33,11,54012,-11323,-10778,-537
2026-08-04 14:28:33,11,54634,-11382,-10906,-536
2026-08-04 14:28:33,11,55260,-11440,-11034,-533
2026-08-04 14:28:33,11,55882,-11498,-11160,-531
2026-08-04 14:28:33,11,56498,-11555,-11283,-527
2026-08-04 14:28:33,11,57115,-11611,-11405,-519
2026-08-04 14:28:34,11,57729,-11667,-11527,-516
2026-08-04 14:28:34,11,58338,-11722,-11650,-514
2026-08-04 14:28:34,11,58946,-11776,-11775,-511
2026-08-04 14:28:34,11,59567,-11831,-11903,-507
2026-08-04 14:28:34,11,60177,-11885,-12027,-503
2026-08-04 14:28:34,11,60789,-11939,-12151,-501
2026-08-04 14:28:34,11,61416,-11994,-12278,-499
2026-08-04 14:28:34,11,62028,-12047,-12403,-494
2026-08-04 14:28:34,11,62650,-12100,-12529,-490
2026-08-04 14:28:34,11,63273,-12153,-12657,-484
2026-08-04 14:28:35,11,63900,-12206,-12784,-479
2026-08-04 14:28:35,11,64520,-12257,-12912,-473
2026-08-04 14:28:35,11,65146,-12308,-13041,-469
2026-08-04 14:28:35,11,65774,-12360,-13170,-467
2026-08-04 14:28:35,11,66387,-12409,-13296,-463
2026-08-04 14:28:35,11,67007,-12459,-13424,-460
2026-08-04 14:28:35,11,67626,-12510,-13552,-464
2026-08-04 14:28:35,11,68251,-12561,-13683,-470
2026-08-04 14:28:35,11,68861,-12612,-13811,-476
2026-08-04 14:28:35,11,69477,-12664,-13942,-481
2026-08-04 14:28:36,11,70092,-12716,-14070,-485
2026-08-04 14:28:36,11,70713,-12769,-14196,-488
2026-08-04 14:28:36,11,71333,-12822,-14321,-491
2026-08-04 14:28:36,11,71958,-12877,-14447,-499
2026-08-04 14:28:36,11,72576,-12932,-14573,-509
2026-08-04 14:28:36,11,73202,-12988,-14704,-516
2026-08-04 14:28:36,11,73832,-13046,-14836,-525
2026-08-04 14:28:36,11,74451,-13104,-14967,-539
2026-08-04 14:28:36,11,75071,-13165,-15098,-556
2026-08-04 14:28:36,11,75690,-13227,-15227,-575
2026-08-04 14:28:37,11,76310,-13292,-15355,-597
2026-08-04 14:28:37,11,76931,-13358,-15479,-613
2026-08-04 14:28:37,11,77552,-13426,-15604,-624
2026-08-04 14:28:37,11,78181,-13496,-15731,-633
2026-08-04 14:28:37,11,78797,-13564,-15856,-636
2026-08-04 14:28:37,11,79419,-13634,-15982,-637
2026-08-04 14:28:37,11,80040,-13704,-16110,-642
2026-08-04 14:28:37,11,80661,-13773,-16237,-640
2026-08-04 14:28:37,11,81282,-13843,-16365,-635
2026-08-04 14:28:37,11,81905,-13912,-16496,-634
2026-08-04 14:28:38,11,82537,-13983,-16629,-634
2026-08-04 14:28:38,11,83157,-14052,-16757,-634
2026-08-04 14:28:38,11,83781,-14121,-16884,-631
2026-08-04 14:28:38,11,84407,-14190,-17011,-628
2026-08-04 14:28:38,11,85021,-14257,-17135,-624
2026-08-04 14:28:38,11,85638,-14324,-17263,-621
2026-08-04 14:28:38,11,86257,-14392,-17393,-622
2026-08-04 14:28:38,11,86872,-14459,-17523,-620
2026-08-04 14:28:38,11,87487,-14525,-17653,-617
2026-08-04 14:28:38,11,88104,-14592,-17782,-620
2026-08-04 14:28:39,11,88730,-14661,-17911,-621
2026-08-04 14:28:39,11,89342,-14727,-18035,-620
2026-08-04 14:28:39,11,89959,-14794,-18158,-621
2026-08-04 14:28:39,11,90583,-14862,-18284,-618
2026-08-04 14:28:39,11,91193,-14928,-18409,-614
2026-08-04 14:28:39,11,91810,-14994,-18538,-615
2026-08-04 14:28:39,11,92427,-15061,-18667,-616
2026-08-04 14:28:39,11,93047,-15128,-18795,-617
2026-08-04 14:28:39,11,93666,-15195,-18923,-620
2026-08-04 14:28:39,11,94289,-15263,-19049,-620
2026-08-04 14:28:40,11,94903,-15330,-19173,-622
2026-08-04 14:28:40,11,95517,-15397,-19298,-624
2026-08-04 14:28:40,11,96132,-15465,-19425,-626
2026-08-04 14:28:40,11,96746,-15532,-19553,-623
2026-08-04 14:28:40,11,97374,-15601,-19684,-625
2026-08-04 14:28:40,11,97988,-15668,-19812,-628
2026-08-04 14:28:40,11,98612,-15737,-19940,-628
2026-08-04 14:28:40,11,99233,-15805,-20069,-628
2026-08-04 14:28:40,11,99853,-15874,-20199,-629
2026-08-04 14:28:40,11,100472,-15942,-20329,-632
2026-08-04 14:28:41,11,101096,-16012,-20457,-634
2026-08-04 14:28:41,11,101712,-16080,-20579,-634
2026-08-04 14:28:41,11,102333,-16149,-20699,-633
2026-08-04 14:28:41,11,102949,-16217,-20821,-631
2026-08-04 14:28:41,11,103575,-16286,-20948,-630
2026-08-04 14:28:41,11,104199,-16356,-21076,-633
2026-08-04 14:28:41,11,104819,-16425,-21204,-636
2026-08-04 14:28:41,11,105436,-16493,-21332,-637
2026-08-04 14:28:41,11,106054,-16563,-21458,-638
2026-08-04 14:28:41,11,106647,-16629,-21577,-635
2026-08-04 14:28:42,11,107259,-16697,-21698,-635
2026-08-04 14:28:42,11,107859,-16764,-21815,-636
2026-08-04 14:28:42,11,108451,-16830,-21934,-637
2026-08-04 14:28:42,11,109049,-16897,-22055,-641
2026-08-04 14:28:42,11,109660,-16966,-22180,-640
2026-08-04 14:28:42,11,110251,-17032,-22301,-638
2026-08-04 14:28:42,11,110849,-17099,-22424,-635
2026-08-04 14:28:42,11,111455,-17166,-22550,-632
2026-08-04 14:28:42,11,112045,-17231,-22673,-628
2026-08-04 14:28:42,11,112650,-17297,-22796,-626
2026-08-04 14:28:43,11,113254,-17363,-22916,-625
2026-08-04 14:28:43,11,113861,-17430,-23036,-622
2026-08-04 14:28:43,11,114483,-17497,-23161,-616
2026-08-04 14:28:43,11,115112,-17565,-23289,-613
2026-08-04 14:28:43,11,115715,-17629,-23413,-612
2026-08-04 14:28:43,11,116333,-17696,-23537,-611
2026-08-04 14:28:43,11,116947,-17762,-23660,-612
2026-08-04 14:28:43,11,117557,-17827,-23781,-607
2026-08-04 14:28:43,11,118168,-17891,-23902,-603
2026-08-04 14:28:43,11,118781,-17956,-24024,-601
2026-08-04 14:28:44,11,119387,-18020,-24145,-598
2026-08-04 14:28:44,11,119992,-18083,-24265,-594
2026-08-04 14:28:44,11,120594,-18145,-24385,-591
2026-08-04 14:28:44,11,121203,-18208,-24507,-586
2026-08-04 14:28:44,11,121813,-18270,-24628,-583
2026-08-04 14:28:44,11,122427,-18333,-24750,-583
2026-08-04 14:28:44,11,123040,-18396,-24872,-584
2026-08-04 14:28:44,11,123651,-18458,-24996,-579
2026-08-04 14:28:44,11,124264,-18520,-25121,-575
2026-08-04 14:28:44,11,124850,-18578,-25239,-571
2026-08-04 14:28:45,11,125427,-18636,-25355,-572
2026-08-04 14:28:45,11,126001,-18694,-25471,-571
2026-08-04 14:28:45,11,126577,-18751,-25587,-572
2026-08-04 14:28:45,11,127151,-18809,-25703,-568
2026-08-04 14:28:45,11,127699,-18863,-25814,-564
2026-08-04 14:28:45,11,128252,-18918,-25925,-565
2026-08-04 14:28:45,11,128812,-18973,-26036,-568
2026-08-04 14:28:45,11,129345,-19026,-26140,-563
2026-08-04 14:28:45,11,129875,-19078,-26244,-559
2026-08-04 14:28:45,11,130403,-19129,-26346,-557
2026-08-04 14:28:46,11,130931,-19181,-26449,-559
2026-08-04 14:28:46,11,131443,-19232,-26549,-564
2026-08-04 14:28:46,11,131955,-19282,-26650,-565
2026-08-04 14:28:46,11,132468,-19333,-26750,-561
2026-08-04 14:28:46,11,132997,-19385,-26853,-556
2026-08-04 14:28:46,11,133523,-19436,-26955,-555
2026-08-04 14:28:46,11,134051,-19487,-27057,-558
2026-08-04 14:28:46,11,134581,-19540,-27159,-574
2026-08-04 14:28:46,11,135128,-19597,-27265,-593
2026-08-04 14:28:46,11,135672,-19654,-27370,-607
2026-08-04 14:28:47,11,136216,-19713,-27475,-631
2026-08-04 14:28:47,11,136758,-19775,-27580,-658
2026-08-04 14:28:47,11,137276,-19837,-27679,-692
2026-08-04 14:28:47,11,137791,-19902,-27778,-734
2026-08-04 14:28:47,11,138305,-19971,-27877,-779
2026-08-04 14:28:47,11,138819,-20044,-27975,-819
2026-08-04 14:28:47,11,139300,-20116,-28068,-858
2026-08-04 14:28:47,11,139779,-20190,-28160,-895
2026-08-04 14:28:47,11,140260,-20268,-28255,-937
2026-08-04 14:28:47,11,140696,-20343,-28341,-987
2026-08-04 14:28:48,11,141136,-20423,-28428,-1044
2026-08-04 14:28:48,11,141576,-20508,-28514,-1115
2026-08-04 14:28:48,11,141996,-20595,-28596,-1192
2026-08-04 14:28:48,11,142840,-20787,-28761,-1339
2026-08-04 14:28:48,11,143253,-20890,-28842,-1420
2026-08-04 14:28:48,11,143656,-20996,-28921,-1501
2026-08-04 14:28:48,11,144056,-21107,-28999,-1580
2026-08-04 14:28:48,11,144453,-21224,-29077,-1658
2026-08-04 14:28:49,11,144849,-21346,-29155,-1736
2026-08-04 14:28:49,11,145227,-21468,-29228,-1801
2026-08-04 14:28:49,11,145601,-21594,-29302,-1877
2026-08-04 14:28:49,11,145973,-21724,-29375,-1947
2026-08-04 14:28:49,11,146307,-21845,-29441,-2007
2026-08-04 14:28:49,11,146633,-21966,-29506,-2063
2026-08-04 14:28:49,11,146936,-22083,-29567,-2125
2026-08-04 14:28:49,11,147233,-22201,-29627,-2186
2026-08-04 14:28:49,11,147515,-22316,-29684,-2233
2026-08-04 14:28:49,11,147770,-22423,-29736,-2276
2026-08-04 14:28:50,11,148021,-22529,-29788,-2319
2026-08-04 14:28:50,11,148200,-22607,-29825,-2352
2026-08-04 14:28:50,11,148372,-22683,-29860,-2380
2026-08-04 14:28:50,11,148531,-22754,-29892,-2407
2026-08-04 14:28:50,11,148683,-22822,-29924,-2428
2026-08-04 14:28:50,11,148772,-22862,-29942,-2439
2026-08-04 14:28:50,11,148859,-22902,-29959,-2449
2026-08-04 14:28:50,11,148946,-22942,-29977,-2456
2026-08-04 14:28:50,11,148976,-22955,-29983,-2456
2026-08-04 14:28:50,11,148998,-22965,-29988,-2455
2026-08-04 14:28:51,11,149020,-22976,-29992,-2456
2026-08-04 14:28:51,11,149042,-22986,-29998,-2473
2026-08-04 14:28:51,11,149064,-22996,-30004,-2473
2026-08-04 14:28:51,11,149064,-22996,-30004,-2475
2026-08-04 14:28:51,11,149064,-22996,-30004,-2474
2026-08-04 14:28:51,11,149064,-22996,-30004,-2475
2026-08-04 14:28:51,11,149064,-22996,-30004,-2475
2026-08-04 14:28:51,11,149064,-22996,-30004,-2476
2026-08-04 14:28:51,11,149064,-22996,-30004,-2476
2026-08-04 14:28:51,11,149064,-22996,-30004,-2477
2026-08-04 14:28:52,11,149064,-22996,-30004,-2477
2026-08-04 14:28:52,11,149064,-22996,-30004,-2479
2026-08-04 14:28:52,11,149064,-22996,-30004,-2478
2026-08-04 14:28:52,11,149064,-22996,-30004,-2480
2026-08-04 14:28:52,11,149064,-22996,-30004,-2480
2026-08-04 14:28:52,11,149064,-22996,-30004,-2481
2026-08-04 14:28:52,11,149064,-22996,-30004,-2481
2026-08-04 14:28:52,11,149064,-22996,-30004,-2483
2026-08-04 14:28:52,11,149064,-22996,-30004,-2483
2026-08-04 14:28:52,11,149064,-22996,-30004,-2485
2026-08-04 14:28:53,11,149064,-22996,-30004,-2485
2026-08-04 14:28:53,11,149064,-22996,-30004,-2488
2026-08-04 14:28:53,11,149064,-22996,-30004,-2488
2026-08-04 14:28:53,11,149064,-22996,-30004,-2492
2026-08-04 14:28:53,11,149064,-22996,-30004,-2492
2026-08-04 14:28:53,11,149064,-22996,-30004,-2497
2026-08-04 14:28:53,11,149064,-22996,-30004,-2497
2026-08-04 14:28:53,11,149064,-22996,-30004,-2497
2026-08-04 14:28:53,11,149064,-22996,-30004,-2497
2026-08-04 14:28:53,11,149064,-22996,-30004,-2497
2026-08-04 14:28:54,11,149064,-22996,-30004,-2497
2026-08-04 14:28:54,11,149064,-22996,-30004,-2497
2026-08-04 14:28:54,11,149064,-22996,-30004,-2498
2026-08-04 14:28:54,11,149064,-22996,-30004,-2497
2026-08-04 14:28:54,11,149064,-22996,-30004,-2497
2026-08-04 14:28:54,11,149064,-22996,-30004,-2497
2026-08-04 14:28:54,11,149064,-22996,-30004,-2498
2026-08-04 14:28:54,11,149064,-22996,-30004,-2497
2026-08-04 14:28:54,11,149064,-22996,-30004,-2498
2026-08-04 14:28:54,11,149064,-22996,-30004,-2499
2026-08-04 14:28:55,11,149064,-22996,-30004,-2501
2026-08-04 14:28:55,11,149064,-22996,-30004,-2502
2026-08-04 14:28:55,11,149064,-22996,-30004,-2505
2026-08-04 14:28:55,11,149064,-22996,-30004,-2508
2026-08-04 14:28:55,11,149064,-22996,-30004,-2514
2026-08-04 14:28:55,11,149094,-23010,-30012,-2520
2026-08-04 14:28:55,11,149128,-23026,-30021,-2532
2026-08-04 14:28:55,11,149166,-23044,-30031,-2549
2026-08-04 14:28:55,11,149261,-23090,-30056,-2572
2026-08-04 14:28:56,11,149465,-23189,-30111,-2639
2026-08-04 14:28:56,11,149570,-23242,-30139,-2687
2026-08-04 14:28:56,11,149731,-23325,-30183,-2740
2026-08-04 14:28:56,11,149903,-23415,-30230,-2807
2026-08-04 14:28:56,11,150089,-23517,-30281,-2881
2026-08-04 14:28:56,11,150366,-23672,-30359,-2965
2026-08-04 14:28:56,11,150642,-23832,-30437,-3061
2026-08-04 14:28:56,11,150918,-24000,-30516,-3166
2026-08-04 14:28:56,11,151194,-24175,-30597,-3285
2026-08-04 14:28:56,11,151560,-24418,-30705,-3429
2026-08-04 14:28:57,11,151925,-24676,-30818,-3574
2026-08-04 14:28:57,11,152290,-24948,-30932,-3778
2026-08-04 14:28:57,11,152648,-25236,-31063,-3954
2026-08-04 14:28:57,11,153063,-25592,-31220,-4124
2026-08-04 14:28:57,11,153475,-25967,-31376,-4302
2026-08-04 14:28:57,11,153885,-26364,-31534,-4486
2026-08-04 14:28:57,11,154281,-26776,-31689,-4687
2026-08-04 14:28:57,11,154666,-27204,-31842,-4892
2026-08-04 14:28:57,11,155035,-27645,-31992,-5086
2026-08-04 14:28:57,11,155391,-28103,-32142,-5294
2026-08-04 14:28:58,11,155710,-28545,-32281,-5501
2026-08-04 14:28:58,11,156013,-28997,-32422,-5697
2026-08-04 14:28:58,11,156298,-29457,-32562,-5900
2026-08-04 14:28:58,11,156558,-29910,-32696,-6093
2026-08-04 14:28:58,11,156800,-30368,-32827,-6289
2026-08-04 14:28:58,11,157027,-30835,-32956,-6465
2026-08-04 14:28:58,11,157239,-31308,-33104,-6657
2026-08-04 14:28:58,11,157436,-31786,-33251,-6847
2026-08-04 14:28:58,11,157616,-32271,-33397,-7039
2026-08-04 14:28:58,11,157780,-32764,-33544,-7234
2026-08-04 14:28:59,11,157927,-33259,-33688,-7423
2026-08-04 14:28:59,11,158058,-33760,-33832,-7595
2026-08-04 14:28:59,11,158175,-34264,-33976,-7765
2026-08-04 14:28:59,11,158276,-34768,-34119,-7934
2026-08-04 14:28:59,11,158365,-35287,-34266,-8084
2026-08-04 14:28:59,11,158441,-35809,-34412,-8228
2026-08-04 14:28:59,11,158504,-36333,-34556,-8367
2026-08-04 14:28:59,11,158555,-36860,-34699,-8511
2026-08-04 14:28:59,11,158594,-37424,-34850,-8661
2026-08-04 14:28:59,11,158619,-37988,-35002,-8812
2026-08-04 14:29:00,11,158628,-38565,-35157,-8969
2026-08-04 14:29:00,11,158621,-39169,-35319,-9129
2026-08-04 14:29:00,11,158597,-39787,-35484,-9273
2026-08-04 14:29:00,11,158559,-40414,-35650,-9404
2026-08-04 14:29:00,11,158506,-41044,-35815,-9518
2026-08-04 14:29:00,11,158443,-41677,-35979,-9609
2026-08-04 14:29:00,11,158370,-42307,-36142,-9692
2026-08-04 14:29:00,11,158289,-42928,-36301,-9774
2026-08-04 14:29:00,11,158200,-43542,-36457,-9858
2026-08-04 14:29:00,11,158102,-44152,-36613,-9945
2026-08-04 14:29:01,11,157997,-44747,-36766,-10027
2026-08-04 14:29:01,11,157884,-45351,-36922,-10092
2026-08-04 14:29:01,11,157765,-45947,-37074,-10140
2026-08-04 14:29:01,11,157643,-46542,-37226,-10171
2026-08-04 14:29:01,11,157519,-47133,-37375,-10185
2026-08-04 14:29:01,11,157396,-47720,-37532,-10179
2026-08-04 14:29:01,11,157276,-48302,-37688,-10155
2026-08-04 14:29:01,11,157161,-48880,-37843,-10110
2026-08-04 14:29:01,11,157050,-49456,-37999,-10070
2026-08-04 14:29:02,11,156837,-50645,-38330,-9969
2026-08-04 14:29:02,11,156738,-51234,-38498,-9897
2026-08-04 14:29:02,11,156647,-51831,-38668,-9848
2026-08-04 14:29:02,11,156560,-52428,-38837,-9805
2026-08-04 14:29:02,11,156477,-53025,-39003,-9772
2026-08-04 14:29:02,11,156397,-53625,-39170,-9731
2026-08-04 14:29:02,11,156321,-54236,-39341,-9688
2026-08-04 14:29:02,11,156249,-54851,-39514,-9645
2026-08-04 14:29:02,11,156181,-55467,-39688,-9612
2026-08-04 14:29:02,11,156116,-56089,-39861,-9588
2026-08-04 14:29:03,11,156054,-56700,-40027,-9568
2026-08-04 14:29:03,11,155994,-57316,-40194,-9554
2026-08-04 14:29:03,11,155935,-57932,-40362,-9543
2026-08-04 14:29:03,11,155877,-58546,-40530,-9528
2026-08-04 14:29:03,11,155820,-59178,-40704,-9515
2026-08-04 14:29:03,11,155765,-59798,-40877,-9501
2026-08-04 14:29:03,11,155710,-60421,-41052,-9490
2026-08-04 14:29:03,11,155658,-61046,-41228,-9475
2026-08-04 14:29:03,11,155606,-61670,-41402,-9462
2026-08-04 14:29:03,11,155556,-62300,-41579,-9449
2026-08-04 14:29:04,11,155508,-62919,-41752,-9436
2026-08-04 14:29:04,11,155461,-63538,-41923,-9427
2026-08-04 14:29:04,11,155416,-64151,-42092,-9417
2026-08-04 14:29:04,11,155371,-64767,-42259,-9406
2026-08-04 14:29:04,11,155328,-65383,-42425,-9394
2026-08-04 14:29:04,11,155286,-65998,-42590,-9386
2026-08-04 14:29:04,11,155245,-66612,-42755,-9380
2026-08-04 14:29:04,11,155204,-67237,-42925,-9374
2026-08-04 14:29:04,11,155164,-67862,-43096,-9368
2026-08-04 14:29:04,11,155124,-68488,-43266,-9364
2026-08-04 14:29:05,11,155084,-69113,-43433,-9356
2026-08-04 14:29:05,11,155045,-69738,-43599,-9349
2026-08-04 14:29:05,11,155008,-70359,-43765,-9345
2026-08-04 14:29:05,11,154970,-70978,-43934,-9343
2026-08-04 14:29:05,11,154934,-71595,-44104,-9340
2026-08-04 14:29:05,11,154897,-72216,-44275,-9338
2026-08-04 14:29:05,11,154860,-72840,-44442,-9335
2026-08-04 14:29:05,11,154823,-73463,-44607,-9335
2026-08-04 14:29:05,11,154786,-74088,-44772,-9342
2026-08-04 14:29:05,11,154749,-74712,-44939,-9351
2026-08-04 14:29:06,11,154708,-75357,-45110,-9358
2026-08-04 14:29:06,11,154670,-75966,-45273,-9361
2026-08-04 14:29:06,11,154630,-76592,-45441,-9368
2026-08-04 14:29:06,11,154589,-77218,-45609,-9378
2026-08-04 14:29:06,11,154547,-77845,-45776,-9389
2026-08-04 14:29:06,11,154504,-78466,-45943,-9394
2026-08-04 14:29:06,11,154461,-79089,-46113,-9400
2026-08-04 14:29:06,11,154417,-79714,-46285,-9406
2026-08-04 14:29:06,11,154372,-80338,-46456,-9409
2026-08-04 14:29:06,11,154328,-80955,-46621,-9419
2026-08-04 14:29:07,11,154282,-81575,-46785,-9425
2026-08-04 14:29:07,11,154235,-82192,-46947,-9432
2026-08-04 14:29:07,11,154187,-82817,-47109,-9442
2026-08-04 14:29:07,11,154138,-83452,-47273,-9455
2026-08-04 14:29:07,11,154088,-84076,-47435,-9464
2026-08-04 14:29:07,11,154036,-84706,-47598,-9471
2026-08-04 14:29:07,11,153984,-85335,-47762,-9479
2026-08-04 14:29:07,11,153930,-85964,-47924,-9486
2026-08-04 14:29:07,11,153877,-86592,-48085,-9494
2026-08-04 14:29:07,11,153821,-87234,-48245,-9498
2026-08-04 14:29:08,11,153766,-87868,-48403,-9502
2026-08-04 14:29:08,11,153710,-88497,-48561,-9507
2026-08-04 14:29:08,11,153653,-89130,-48723,-9517
2026-08-04 14:29:08,11,153596,-89759,-48885,-9526
2026-08-04 14:29:08,11,153538,-90383,-49047,-9538
2026-08-04 14:29:08,11,153478,-91008,-49204,-9547
2026-08-04 14:29:08,11,153418,-91633,-49356,-9556
2026-08-04 14:29:08,11,153356,-92263,-49505,-9568
2026-08-04 14:29:08,11,153292,-92896,-49654,-9579
2026-08-04 14:29:08,11,153228,-93529,-49806,-9590
2026-08-04 14:29:09,11,153160,-94173,-49963,-9604
2026-08-04 14:29:09,11,153093,-94803,-50115,-9619
2026-08-04 14:29:09,11,153023,-95438,-50267,-9632
2026-08-04 14:29:09,11,152953,-96070,-50418,-9642
2026-08-04 14:29:09,11,152881,-96702,-50559,-9655
2026-08-04 14:29:09,11,152808,-97333,-50704,-9667
2026-08-04 14:29:09,11,152733,-97964,-50849,-9680
2026-08-04 14:29:09,11,152656,-98604,-50995,-9691
2026-08-04 14:29:09,11,152578,-99246,-51136,-9704
2026-08-04 14:29:09,11,152498,-99888,-51273,-9710
2026-08-04 14:29:10,11,152418,-100533,-51413,-9708
2026-08-04 14:29:10,11,152340,-101161,-51549,-9708
2026-08-04 14:29:10,11,152261,-101794,-51689,-9712
2026-08-04 14:29:10,11,152182,-102426,-51828,-9716
2026-08-04 14:29:10,11,152101,-103065,-51969,-9719
2026-08-04 14:29:10,11,152021,-103698,-52111,-9723
2026-08-04 14:29:10,11,151940,-104335,-52257,-9730
2026-08-04 14:29:10,11,151858,-104972,-52404,-9734
2026-08-04 14:29:10,11,151775,-105607,-52550,-9742
2026-08-04 14:29:10,11,151691,-106247,-52693,-9746
2026-08-04 14:29:11,11,151609,-106874,-52831,-9753
2026-08-04 14:29:11,11,151525,-107507,-52972,-9758
2026-08-04 14:29:11,11,151439,-108148,-53115,-9765
2026-08-04 14:29:11,11,151352,-108796,-53262,-9770
2026-08-04 14:29:11,11,151264,-109444,-53408,-9769
2026-08-04 14:29:11,11,151179,-110073,-53549,-9762
2026-08-04 14:29:11,11,151094,-110707,-53696,-9760
2026-08-04 14:29:11,11,151009,-111343,-53843,-9757
2026-08-04 14:29:11,11,150924,-111984,-53987,-9759
2026-08-04 14:29:11,11,150838,-112631,-54128,-9756
2026-08-04 14:29:12,11,150753,-113266,-54267,-9756
2026-08-04 14:29:12,11,150668,-113907,-54408,-9754
2026-08-04 14:29:12,11,150583,-114548,-54552,-9753
2026-08-04 14:29:12,11,150498,-115190,-54699,-9747
2026-08-04 14:29:12,11,150413,-115839,-54847,-9745
2026-08-04 14:29:12,11,150331,-116475,-54989,-9735
2026-08-04 14:29:12,11,150248,-117114,-55130,-9727
2026-08-04 14:29:12,11,150168,-117750,-55272,-9719
2026-08-04 14:29:12,11,150087,-118388,-55418,-9717
2026-08-04 14:29:12,11,150007,-119025,-55565,-9713
2026-08-04 14:29:13,11,149927,-119665,-55712,-9710
2026-08-04 14:29:13,11,149847,-120304,-55854,-9701
2026-08-04 14:29:13,11,149769,-120944,-55995,-9694
2026-08-04 14:29:13,11,149691,-121586,-56137,-9681
2026-08-04 14:29:13,11,149614,-122233,-56282,-9678
2026-08-04 14:29:13,11,149538,-122867,-56424,-9668
2026-08-04 14:29:13,11,149463,-123508,-56569,-9661
2026-08-04 14:29:13,11,149389,-124151,-56715,-9653
2026-08-04 14:29:13,11,149315,-124795,-56860,-9649
2026-08-04 14:29:13,11,149242,-125439,-57006,-9646
2026-08-04 14:29:14,11,149169,-126084,-57152,-9642
2026-08-04 14:29:14,11,149095,-126741,-57302,-9639
2026-08-04 14:29:14,11,149025,-127371,-57445,-9635
2026-08-04 14:29:14,11,148954,-128011,-57590,-9633
2026-08-04 14:29:14,11,148882,-128652,-57736,-9632
2026-08-04 14:29:14,11,148812,-129294,-57879,-9624
2026-08-04 14:29:14,11,148741,-129940,-58022,-9621
2026-08-04 14:29:14,11,148671,-130590,-58165,-9616
2026-08-04 14:29:14,11,148602,-131227,-58306,-9617
2026-08-04 14:29:14,11,148533,-131869,-58450,-9610
2026-08-04 14:29:15,11,148464,-132511,-58595,-9612
2026-08-04 14:29:15,11,148396,-133149,-58738,-9609
2026-08-04 14:29:15,11,148328,-133785,-58879,-9611
2026-08-04 14:29:15,11,148260,-134421,-59018,-9607
2026-08-04 14:29:15,11,148193,-135050,-59155,-9606
2026-08-04 14:29:15,11,148129,-135656,-59287,-9603
2026-08-04 14:29:15,11,148064,-136273,-59421,-9601
2026-08-04 14:29:15,11,147999,-136891,-59557,-9594
2026-08-04 14:29:15,11,147936,-137498,-59690,-9592
2026-08-04 14:29:15,11,147872,-138115,-59828,-9590
2026-08-04 14:29:16,11,147809,-138718,-59963,-9590
2026-08-04 14:29:16,11,147746,-139328,-60097,-9595
2026-08-04 14:29:16,11,147682,-139935,-60228,-9595
2026-08-04 14:29:16,11,147619,-140539,-60358,-9594
2026-08-04 14:29:16,11,147556,-141150,-60490,-9592
2026-08-04 14:29:16,11,147494,-141750,-60619,-9591
2026-08-04 14:29:16,11,147433,-142337,-60746,-9587
2026-08-04 14:29:16,11,147373,-142933,-60875,-9575
2026-08-04 14:29:16,11,147312,-143538,-61009,-9575
2026-08-04 14:29:16,11,147249,-144159,-61145,-9577
2026-08-04 14:29:17,11,147187,-144778,-61281,-9578
2026-08-04 14:29:17,11,147127,-145372,-61412,-9579
2026-08-04 14:29:17,11,147062,-146004,-61555,-9584
2026-08-04 14:29:17,11,146998,-146635,-61697,-9592
2026-08-04 14:29:17,11,146930,-147276,-61843,-9602
2026-08-04 14:29:17,11,146865,-147891,-61979,-9608
2026-08-04 14:29:17,11,146798,-148517,-62113,-9610
2026-08-04 14:29:17,11,146732,-149139,-62246,-9615
2026-08-04 14:29:17,11,146665,-149761,-62376,-9616
2026-08-04 14:29:17,11,146597,-150384,-62505,-9615
2026-08-04 14:29:18,11,146531,-151000,-62631,-9621
2026-08-04 14:29:18,11,146463,-151621,-62756,-9623
2026-08-04 14:29:18,11,146395,-152236,-62880,-9621
2026-08-04 14:29:18,11,146329,-152849,-63007,-9623
2026-08-04 14:29:18,11,146261,-153473,-63136,-9624
2026-08-04 14:29:18,11,146194,-154082,-63265,-9620
2026-08-04 14:29:18,11,146127,-154696,-63398,-9618
2026-08-04 14:29:18,11,146062,-155293,-63529,-9616
2026-08-04 14:29:18,11,145998,-155887,-63661,-9616
2026-08-04 14:29:18,11,145934,-156477,-63791,-9616
2026-08-04 14:29:19,11,145873,-157049,-63914,-9618
2026-08-04 14:29:19,11,145810,-157628,-64035,-9616
2026-08-04 14:29:19,11,145750,-158186,-64150,-9611
2026-08-04 14:29:19,11,145691,-158733,-64261,-9610
2026-08-04 14:29:19,11,145633,-159278,-64371,-9608
2026-08-04 14:29:19,11,145575,-159820,-64480,-9612
2026-08-04 14:29:19,11,145517,-160364,-64589,-9615
2026-08-04 14:29:19,11,145459,-160902,-64696,-9614
2026-08-04 14:29:19,11,145401,-161442,-64805,-9607
2026-08-04 14:29:19,11,145344,-161980,-64913,-9607
2026-08-04 14:29:20,11,145286,-162518,-65022,-9610
2026-08-04 14:29:20,11,145228,-163064,-65133,-9612
2026-08-04 14:29:20,11,145169,-163608,-65244,-9613
2026-08-04 14:29:20,11,145111,-164153,-65356,-9616
2026-08-04 14:29:20,11,145057,-164651,-65459,-9619
2026-08-04 14:29:20,11,145004,-165142,-65561,-9613
2026-08-04 14:29:20,11,144952,-165623,-65661,-9608
2026-08-04 14:29:20,11,144901,-166101,-65760,-9608
2026-08-04 14:29:20,11,144862,-166470,-65837,-9610
2026-08-04 14:29:20,11,144822,-166839,-65913,-9611
2026-08-04 14:29:21,11,144783,-167209,-65988,-9613
2026-08-04 14:29:21,11,144744,-167570,-66061,-9617
2026-08-04 14:29:21,11,144705,-167929,-66132,-9620
2026-08-04 14:29:21,11,144666,-168286,-66204,-9618
2026-08-04 14:29:21,11,144627,-168642,-66274,-9620
2026-08-04 14:29:21,11,144597,-168924,-66328,-9624
2026-08-04 14:29:21,11,144566,-169202,-66382,-9626
2026-08-04 14:29:21,11,144536,-169473,-66434,-9623
2026-08-04 14:29:21,11,144521,-169612,-66460,-9621
2026-08-04 14:29:21,11,144508,-169734,-66483,-9625
2026-08-04 14:29:22,11,144496,-169846,-66504,-9626
2026-08-04 14:29:22,11,144481,-169976,-66529,-9629
2026-08-04 14:29:22,11,144481,-169976,-66529,-9643
2026-08-04 14:29:22,11,144481,-169976,-66529,-9642
2026-08-04 14:29:22,11,144481,-169976,-66529,-9642
2026-08-04 14:29:22,11,144481,-169976,-66529,-9642
2026-08-04 14:29:22,11,144481,-169976,-66529,-9640
2026-08-04 14:29:22,11,144481,-169976,-66529,-9641
2026-08-04 14:29:22,11,144481,-169976,-66529,-9638
2026-08-04 14:29:23,11,144481,-169976,-66529,-9637
2026-08-04 14:29:23,11,144481,-169976,-66529,-9633
2026-08-04 14:29:23,11,144481,-169976,-66529,-9633
2026-08-04 14:29:23,11,144481,-169976,-66529,-9628
2026-08-04 14:29:23,11,144481,-169976,-66529,-9628
2026-08-04 14:29:23,11,144481,-169976,-66529,-9628
2026-08-04 14:29:23,11,144481,-169976,-66529,-9628
2026-08-04 14:29:23,11,144481,-169976,-66529,-9628
2026-08-04 14:29:23,11,144481,-169976,-66529,-9628
2026-08-04 14:29:23,11,144481,-169976,-66529,-9630
2026-08-04 14:29:24,11,144481,-169976,-66529,-9629
2026-08-04 14:29:24,11,144486,-169933,-66516,-9632
2026-08-04 14:29:24,11,144491,-169889,-66503,-9633
2026-08-04 14:29:24,11,144496,-169845,-66490,-9635
2026-08-04 14:29:24,11,144502,-169789,-66474,-9636
2026-08-04 14:29:24,11,144508,-169735,-66458,-9635
2026-08-04 14:29:24,11,144514,-169679,-66442,-9636
2026-08-04 14:29:24,11,144527,-169564,-66408,-9639
2026-08-04 14:29:24,11,144541,-169441,-66372,-9637
2026-08-04 14:29:24,11,144556,-169313,-66334,-9639
2026-08-04 14:29:25,11,144575,-169143,-66284,-9640
2026-08-04 14:29:25,11,144594,-168973,-66235,-9638
2026-08-04 14:29:25,11,144613,-168801,-66185,-9637
2026-08-04 14:29:25,11,144633,-168625,-66134,-9639
2026-08-04 14:29:25,11,144659,-168389,-66065,-9639
2026-08-04 14:29:25,11,144686,-168149,-65996,-9636
2026-08-04 14:29:25,11,144713,-167905,-65925,-9633
2026-08-04 14:29:25,11,144745,-167620,-65843,-9630
2026-08-04 14:29:25,11,144776,-167335,-65761,-9622
2026-08-04 14:29:25,11,144807,-167048,-65679,-9620
2026-08-04 14:29:26,11,144839,-166757,-65595,-9613
2026-08-04 14:29:26,11,144876,-166411,-65496,-9607
2026-08-04 14:29:26,11,144913,-166068,-65397,-9603
2026-08-04 14:29:26,11,144949,-165722,-65297,-9592
2026-08-04 14:29:26,11,144984,-165378,-65197,-9576
2026-08-04 14:29:26,11,145021,-165018,-65093,-9565
2026-08-04 14:29:26,11,145056,-164657,-64990,-9551
2026-08-04 14:29:26,11,145091,-164298,-64888,-9536
2026-08-04 14:29:26,11,145125,-163929,-64784,-9528
2026-08-04 14:29:26,11,145159,-163567,-64682,-9516
2026-08-04 14:29:27,11,145192,-163199,-64578,-9500
2026-08-04 14:29:27,11,145223,-162836,-64477,-9484
2026-08-04 14:29:27,11,145255,-162458,-64373,-9467
2026-08-04 14:29:27,11,145286,-162081,-64269,-9449
2026-08-04 14:29:27,11,145316,-161700,-64166,-9433
2026-08-04 14:29:27,11,145344,-161317,-64063,-9411
2026-08-04 14:29:27,11,145370,-160950,-63964,-9392
2026-08-04 14:29:27,11,145396,-160581,-63865,-9371
2026-08-04 14:29:27,11,145419,-160211,-63767,-9350
2026-08-04 14:29:27,11,145442,-159843,-63670,-9327
2026-08-04 14:29:28,11,145463,-159472,-63573,-9312
2026-08-04 14:29:28,11,145483,-159102,-63476,-9299
2026-08-04 14:29:28,11,145501,-158743,-63385,-9290
2026-08-04 14:29:28,11,145520,-158375,-63291,-9287
2026-08-04 14:29:28,11,145538,-158010,-63200,-9286
2026-08-04 14:29:28,11,145556,-157651,-63109,-9288
2026-08-04 14:29:28,11,145575,-157286,-63017,-9294
2026-08-04 14:29:28,11,145593,-156927,-62929,-9304
2026-08-04 14:29:28,11,145613,-156564,-62840,-9318
2026-08-04 14:29:28,11,145633,-156204,-62752,-9342
2026-08-04 14:29:29,11,145655,-155845,-62664,-9373
2026-08-04 14:29:29,11,145679,-155485,-62576,-9401
2026-08-04 14:29:29,11,145705,-155119,-62489,-9428
2026-08-04 14:29:29,11,145733,-154753,-62401,-9456
2026-08-04 14:29:29,11,145763,-154378,-62328,-9485
2026-08-04 14:29:29,11,145794,-154018,-62259,-9510
2026-08-04 14:29:29,11,145827,-153648,-62187,-9539
2026-08-04 14:29:29,11,145863,-153279,-62114,-9564
2026-08-04 14:29:29,11,145899,-152913,-62044,-9581
2026-08-04 14:29:29,11,145937,-152541,-61972,-9589
2026-08-04 14:29:30,11,145975,-152178,-61903,-9591
2026-08-04 14:29:30,11,146012,-151814,-61833,-9588
2026-08-04 14:29:30,11,146049,-151454,-61764,-9577
2026-08-04 14:29:30,11,146086,-151090,-61693,-9569
2026-08-04 14:29:30,11,146122,-150725,-61622,-9563
2026-08-04 14:29:30,11,146158,-150356,-61550,-9551
2026-08-04 14:29:30,11,146194,-149989,-61479,-9538
2026-08-04 14:29:30,11,146228,-149623,-61409,-9529
2026-08-04 14:29:30,11,146262,-149257,-61339,-9518
2026-08-04 14:29:30,11,146295,-148893,-61271,-9509
2026-08-04 14:29:31,11,146327,-148528,-61202,-9505
2026-08-04 14:29:31,11,146359,-148167,-61133,-9505
2026-08-04 14:29:31,11,146391,-147809,-61065,-9505
2026-08-04 14:29:31,11,146423,-147451,-60998,-9503
2026-08-04 14:29:31,11,146455,-147086,-60929,-9499
2026-08-04 14:29:31,11,146486,-146724,-60861,-9496
2026-08-04 14:29:31,11,146517,-146366,-60795,-9492
2026-08-04 14:29:31,11,146548,-146005,-60730,-9493
2026-08-04 14:29:31,11,146578,-145657,-60668,-9499
2026-08-04 14:29:31,11,146609,-145315,-60608,-9503
2026-08-04 14:29:32,11,146639,-144969,-60546,-9515
2026-08-04 14:29:32,11,146671,-144621,-60483,-9530
2026-08-04 14:29:32,11,146705,-144258,-60416,-9549
2026-08-04 14:29:32,11,146737,-143919,-60352,-9569
2026-08-04 14:29:32,11,146773,-143568,-60287,-9589
2026-08-04 14:29:32,11,146810,-143213,-60221,-9610
2026-08-04 14:29:32,11,146848,-142859,-60155,-9627
2026-08-04 14:29:32,11,146887,-142507,-60089,-9647
2026-08-04 14:29:32,11,146927,-142151,-60021,-9668
2026-08-04 14:29:32,11,146968,-141804,-59955,-9695
2026-08-04 14:29:33,11,147011,-141454,-59888,-9726
2026-08-04 14:29:33,11,147057,-141102,-59820,-9755
2026-08-04 14:29:33,11,147104,-140750,-59751,-9782
2026-08-04 14:29:33,11,147151,-140407,-59683,-9812
2026-08-04 14:29:33,11,147201,-140059,-59614,-9840
2026-08-04 14:29:33,11,147252,-139716,-59545,-9863
2026-08-04 14:29:33,11,147306,-139360,-59475,-9883
2026-08-04 14:29:33,11,147360,-139011,-59406,-9899
2026-08-04 14:29:33,11,147415,-138663,-59336,-9913
2026-08-04 14:29:33,11,147472,-138312,-59266,-9920
2026-08-04 14:29:34,11,147530,-137955,-59192,-9922
2026-08-04 14:29:34,11,147587,-137604,-59120,-9924
2026-08-04 14:29:34,11,147644,-137252,-59048,-9926
2026-08-04 14:29:34,11,147701,-136904,-58976,-9927
2026-08-04 14:29:34,11,147759,-136551,-58903,-9930
2026-08-04 14:29:34,11,147816,-136201,-58831,-9931
2026-08-04 14:29:34,11,147873,-135852,-58759,-9937
2026-08-04 14:29:34,11,147932,-135496,-58686,-9940
2026-08-04 14:29:34,11,147991,-135141,-58613,-9941
2026-08-04 14:29:34,11,148049,-134789,-58541,-9944
2026-08-04 14:29:35,11,148108,-134439,-58469,-9947
2026-08-04 14:29:35,11,148166,-134087,-58396,-9946
2026-08-04 14:29:35,11,148225,-133732,-58324,-9940
2026-08-04 14:29:35,11,148284,-133378,-58252,-9940
2026-08-04 14:29:35,11,148343,-133025,-58181,-9937
2026-08-04 14:29:35,11,148400,-132674,-58110,-9931
2026-08-04 14:29:35,11,148459,-132314,-58039,-9926
2026-08-04 14:29:35,11,148516,-131967,-57971,-9918
2026-08-04 14:29:35,11,148573,-131611,-57900,-9906
2026-08-04 14:29:35,11,148630,-131257,-57830,-9892
2026-08-04 14:29:36,11,148686,-130897,-57758,-9882
2026-08-04 14:29:36,11,148741,-130543,-57687,-9874
2026-08-04 14:29:36,11,148796,-130186,-57616,-9866
2026-08-04 14:29:36,11,148850,-129832,-57545,-9861
2026-08-04 14:29:36,11,148904,-129475,-57475,-9858
2026-08-04 14:29:36,11,148957,-129120,-57404,-9847
2026-08-04 14:29:36,11,149009,-128771,-57335,-9836
2026-08-04 14:29:36,11,149061,-128417,-57264,-9828
2026-08-04 14:29:36,11,149112,-128068,-57194,-9818
2026-08-04 14:29:36,11,149162,-127721,-57124,-9805
2026-08-04 14:29:37,11,149211,-127372,-57053,-9796
2026-08-04 14:29:37,11,149259,-127030,-56985,-9786
2026-08-04 14:29:37,11,149308,-126680,-56914,-9778
2026-08-04 14:29:37,11,149355,-126334,-56845,-9769
2026-08-04 14:29:37,11,149402,-125983,-56774,-9762
2026-08-04 14:29:37,11,149449,-125636,-56704,-9750
2026-08-04 14:29:37,11,149496,-125277,-56632,-9739
2026-08-04 14:29:37,11,149540,-124939,-56564,-9734
2026-08-04 14:29:37,11,149585,-124589,-56493,-9730
2026-08-04 14:29:37,11,149630,-124233,-56421,-9723
2026-08-04 14:29:38,11,149674,-123887,-56350,-9718
2026-08-04 14:29:38,11,149718,-123541,-56280,-9717
2026-08-04 14:29:38,11,149762,-123193,-56210,-9715
2026-08-04 14:29:38,11,149806,-122839,-56139,-9712
2026-08-04 14:29:38,11,149851,-122482,-56068,-9711
2026-08-04 14:29:38,11,149894,-122139,-55999,-9709
2026-08-04 14:29:38,11,149939,-121773,-55924,-9707
2026-08-04 14:29:38,11,149980,-121445,-55858,-9711
2026-08-04 14:29:38,11,150023,-121097,-55787,-9709
2026-08-04 14:29:38,11,150067,-120749,-55718,-9703
2026-08-04 14:29:39,11,150110,-120395,-55648,-9697
2026-08-04 14:29:39,11,150153,-120048,-55579,-9692
2026-08-04 14:29:39,11,150195,-119697,-55509,-9685
2026-08-04 14:29:39,11,150281,-118979,-55365,-9676
2026-08-04 14:29:39,11,150323,-118623,-55293,-9669
2026-08-04 14:29:39,11,150366,-118262,-55219,-9662
2026-08-04 14:29:39,11,150407,-117901,-55144,-9657
2026-08-04 14:29:39,11,150449,-117543,-55071,-9650
2026-08-04 14:29:39,11,150490,-117184,-54998,-9645
2026-08-04 14:29:40,11,150530,-116823,-54924,-9641
2026-08-04 14:29:40,11,150572,-116455,-54849,-9636
2026-08-04 14:29:40,11,150612,-116090,-54774,-9629
2026-08-04 14:29:40,11,150693,-115358,-54624,-9619
2026-08-04 14:29:40,11,150732,-114994,-54549,-9616
2026-08-04 14:29:40,11,150771,-114634,-54475,-9610
2026-08-04 14:29:40,11,150809,-114278,-54402,-9605
2026-08-04 14:29:40,11,150886,-113550,-54255,-9597
2026-08-04 14:29:41,11,150924,-113187,-54182,-9598
2026-08-04 14:29:41,11,150962,-112822,-54109,-9602
2026-08-04 14:29:41,11,151039,-112092,-53963,-9603
2026-08-04 14:29:41,11,151115,-111368,-53818,-9600
2026-08-04 14:29:41,11,151153,-111007,-53746,-9597
2026-08-04 14:29:41,11,151191,-110644,-53673,-9593
2026-08-04 14:29:41,11,151228,-110285,-53600,-9591
2026-08-04 14:29:41,11,151265,-109929,-53528,-9589
2026-08-04 14:29:41,11,151302,-109574,-53456,-9589
2026-08-04 14:29:42,11,151338,-109218,-53384,-9589
2026-08-04 14:29:42,11,151375,-108857,-53312,-9585
2026-08-04 14:29:42,11,151412,-108494,-53239,-9583
2026-08-04 14:29:42,11,151412,-108494,-53239,-9586
2026-08-04 14:29:42,11,151487,-107771,-53093,-9585
2026-08-04 14:29:42,11,151524,-107408,-53021,-9580
2026-08-04 14:29:42,11,151560,-107047,-52949,-9575
2026-08-04 14:29:42,11,151596,-106687,-52877,-9569
2026-08-04 14:29:42,11,151631,-106330,-52805,-9562
2026-08-04 14:29:42,11,151666,-105970,-52732,-9558
2026-08-04 14:29:43,11,151701,-105608,-52659,-9552
2026-08-04 14:29:43,11,151736,-105248,-52587,-9546
2026-08-04 14:29:43,11,151771,-104883,-52514,-9546
2026-08-04 14:29:43,11,151806,-104513,-52440,-9542
2026-08-04 14:29:43,11,151839,-104156,-52369,-9536
2026-08-04 14:29:43,11,151874,-103788,-52295,-9536
2026-08-04 14:29:43,11,151907,-103429,-52222,-9533
2026-08-04 14:29:43,11,151940,-103071,-52151,-9530
2026-08-04 14:29:43,11,151974,-102709,-52078,-9525
2026-08-04 14:29:43,11,152007,-102349,-52006,-9519
2026-08-04 14:29:44,11,152038,-101995,-51934,-9514
2026-08-04 14:29:44,11,152070,-101638,-51862,-9510
2026-08-04 14:29:44,11,152102,-101284,-51790,-9508
2026-08-04 14:29:44,11,152133,-100931,-51719,-9507
2026-08-04 14:29:44,11,152164,-100581,-51648,-9508
2026-08-04 14:29:44,11,152195,-100232,-51578,-9503
2026-08-04 14:29:44,11,152226,-99879,-51507,-9499
2026-08-04 14:29:44,11,152254,-99559,-51442,-9494
2026-08-04 14:29:44,11,152281,-99240,-51377,-9490
2026-08-04 14:29:44,11,152308,-98923,-51313,-9486
2026-08-04 14:29:45,11,152333,-98628,-51254,-9484
2026-08-04 14:29:45,11,152358,-98333,-51195,-9482
2026-08-04 14:29:45,11,152383,-98037,-51135,-9481
2026-08-04 14:29:45,11,152407,-97744,-51075,-9478
2026-08-04 14:29:45,11,152430,-97469,-51020,-9476
2026-08-04 14:29:45,11,152453,-97198,-50965,-9472
2026-08-04 14:29:45,11,152475,-96931,-50910,-9471
2026-08-04 14:29:45,11,152496,-96666,-50856,-9470
2026-08-04 14:29:45,11,152516,-96426,-50807,-9468
2026-08-04 14:29:45,11,152536,-96183,-50758,-9465
2026-08-04 14:29:46,11,152555,-95944,-50709,-9466
2026-08-04 14:29:46,11,152575,-95701,-50660,-9467
2026-08-04 14:29:46,11,152593,-95480,-50615,-9469
2026-08-04 14:29:46,11,152611,-95265,-50572,-9473
2026-08-04 14:29:46,11,152629,-95054,-50530,-9476
2026-08-04 14:29:46,11,152645,-94865,-50492,-9481
2026-08-04 14:29:46,11,152661,-94676,-50454,-9487
2026-08-04 14:29:46,11,152677,-94486,-50416,-9492
2026-08-04 14:29:46,11,152694,-94295,-50378,-9500
2026-08-04 14:29:46,11,152709,-94127,-50344,-9507
2026-08-04 14:29:47,11,152724,-93963,-50311,-9512
2026-08-04 14:29:47,11,152738,-93802,-50278,-9518
2026-08-04 14:29:47,11,152751,-93667,-50251,-9524
2026-08-04 14:29:47,11,152763,-93530,-50223,-9530
2026-08-04 14:29:47,11,152775,-93401,-50197,-9535
2026-08-04 14:29:47,11,152788,-93270,-50171,-9540
2026-08-04 14:29:47,11,152798,-93162,-50149,-9544
2026-08-04 14:29:47,11,152808,-93056,-50128,-9549
2026-08-04 14:29:47,11,152818,-92950,-50106,-9553
2026-08-04 14:29:47,11,152826,-92875,-50091,-9556
2026-08-04 14:29:48,11,152833,-92803,-50077,-9558
2026-08-04 14:29:48,11,152840,-92732,-50062,-9562
2026-08-04 14:29:48,11,152847,-92663,-50048,-9564
2026-08-04 14:29:48,11,152851,-92620,-50040,-9566
2026-08-04 14:29:48,11,152855,-92579,-50031,-9568
2026-08-04 14:29:48,11,152859,-92540,-50023,-9569
2026-08-04 14:29:48,11,152861,-92523,-50020,-9568
2026-08-04 14:29:48,11,152862,-92507,-50017,-9569
2026-08-04 14:29:48,11,152864,-92491,-50013,-9570
2026-08-04 14:29:48,11,152864,-92491,-50013,-9569
2026-08-04 14:29:49,11,152864,-92491,-50013,-9570
2026-08-04 14:29:49,11,152864,-92491,-50013,-9570
2026-08-04 14:29:49,11,152864,-92491,-50013,-9570
2026-08-04 14:29:49,11,152864,-92491,-50013,-9570
2026-08-04 14:29:49,11,152864,-92491,-50013,-9571
2026-08-04 14:29:49,11,152864,-92491,-50013,-9571
2026-08-04 14:29:49,11,152864,-92491,-50013,-9571
2026-08-04 14:29:49,11,152864,-92491,-50013,-9571
2026-08-04 14:29:49,11,152864,-92491,-50013,-9572
2026-08-04 14:29:49,11,152864,-92491,-50013,-9572
2026-08-04 14:29:50,11,152864,-92491,-50013,-9572
2026-08-04 14:29:50,11,152864,-92491,-50013,-9572
2026-08-04 14:29:50,11,152864,-92491,-50013,-9572
2026-08-04 14:29:50,11,152864,-92491,-50013,-9572
2026-08-04 14:29:50,11,152864,-92491,-50013,-9573
2026-08-04 14:29:50,11,152864,-92491,-50013,-9573
2026-08-04 14:29:50,11,152864,-92491,-50013,-9573
2026-08-04 14:29:50,11,152864,-92491,-50013,-9573
2026-08-04 14:29:50,11,152864,-92491,-50013,-9573
2026-08-04 14:29:50,11,152864,-92491,-50013,-9573
2026-08-04 14:29:51,11,152864,-92491,-50013,-9573
2026-08-04 14:29:51,11,152864,-92491,-50013,-9574
2026-08-04 14:29:51,11,152864,-92491,-50013,-9574
2026-08-04 14:29:51,11,152864,-92491,-50013,-9574
2026-08-04 14:29:51,11,152864,-92491,-50013,-9574
2026-08-04 14:29:51,11,152864,-92491,-50013,-9574
2026-08-04 14:29:51,11,152864,-92491,-50013,-9574
2026-08-04 14:29:51,11,152864,-92491,-50013,-9575
2026-08-04 14:29:51,11,152864,-92491,-50013,-9575
2026-08-04 14:29:51,11,152864,-92491,-50013,-9575
2026-08-04 14:29:52,11,152864,-92491,-50013,-9575
2026-08-04 14:29:52,11,152864,-92491,-50013,-9575
2026-08-04 14:29:52,11,152864,-92491,-50013,-9575
2026-08-04 14:29:52,11,152864,-92491,-50013,-9575
2026-08-04 14:29:52,11,152864,-92491,-50013,-9576
2026-08-04 14:29:52,11,152864,-92491,-50013,-9575
2026-08-04 14:29:52,11,152864,-92491,-50013,-9576
2026-08-04 14:29:52,11,152864,-92491,-50013,-9576
2026-08-04 14:29:52,11,152864,-92491,-50013,-9576
2026-08-04 14:29:52,11,152864,-92491,-50013,-9576
2026-08-04 14:29:53,11,152864,-92491,-50013,-9576
2026-08-04 14:29:53,11,152864,-92491,-50013,-9576
2026-08-04 14:29:53,11,152864,-92491,-50013,-9576
2026-08-04 14:29:53,11,152864,-92491,-50013,-9576
2026-08-04 14:29:53,11,152864,-92491,-50013,-9576
2026-08-04 14:29:53,11,152864,-92491,-50013,-9577
2026-08-04 14:29:53,11,152864,-92491,-50013,-9577
2026-08-04 14:29:53,11,152864,-92491,-50013,-9577
2026-08-04 14:29:53,11,152864,-92491,-50013,-9577
2026-08-04 14:29:53,11,152864,-92491,-50013,-9577
2026-08-04 14:29:54,11,152864,-92491,-50013,-9577
2026-08-04 14:29:54,11,152864,-92491,-50013,-9577
2026-08-04 14:29:54,11,152864,-92491,-50013,-9577
2026-08-04 14:29:54,11,152864,-92491,-50013,-9578
2026-08-04 14:29:54,11,152864,-92491,-50013,-9578
2026-08-04 14:29:54,11,152864,-92491,-50013,-9578
2026-08-04 14:29:54,11,152864,-92491,-50013,-9578
2026-08-04 14:29:54,11,152864,-92491,-50013,-9578
2026-08-04 14:29:54,11,152864,-92491,-50013,-9578
2026-08-04 14:29:54,11,152864,-92491,-50013,-9579
2026-08-04 14:29:55,11,152864,-92491,-50013,-9579
2026-08-04 14:29:55,11,152864,-92491,-50013,-9579
2026-08-04 14:29:55,11,152864,-92491,-50013,-9580
2026-08-04 14:29:55,11,152864,-92491,-50013,-9581
2026-08-04 14:29:55,11,152866,-92469,-50009,-9583
2026-08-04 14:29:55,11,152868,-92446,-50004,-9585
2026-08-04 14:29:55,11,152871,-92421,-49999,-9587
2026-08-04 14:29:55,11,152874,-92396,-49994,-9590
2026-08-04 14:29:55,11,152878,-92349,-49985,-9593
2026-08-04 14:29:55,11,152884,-92298,-49975,-9596
2026-08-04 14:29:56,11,152889,-92246,-49964,-9600
2026-08-04 14:29:56,11,152898,-92168,-49949,-9603
2026-08-04 14:29:56,11,152906,-92088,-49933,-9607
2026-08-04 14:29:56,11,152915,-92003,-49916,-9611
2026-08-04 14:29:56,11,152924,-91923,-49900,-9617
2026-08-04 14:29:56,11,152936,-91807,-49877,-9622
2026-08-04 14:29:56,11,152949,-91689,-49853,-9629
2026-08-04 14:29:56,11,152963,-91570,-49830,-9637
2026-08-04 14:29:56,11,152976,-91449,-49805,-9648
2026-08-04 14:29:56,11,152995,-91288,-49773,-9657
2026-08-04 14:29:57,11,153014,-91125,-49741,-9667
2026-08-04 14:29:57,11,153034,-90960,-49708,-9678
2026-08-04 14:29:57,11,153058,-90760,-49668,-9688
2026-08-04 14:29:57,11,153083,-90554,-49627,-9701
2026-08-04 14:29:57,11,153109,-90349,-49586,-9713
2026-08-04 14:29:57,11,153140,-90102,-49537,-9725
2026-08-04 14:29:57,11,153172,-89853,-49487,-9734
2026-08-04 14:29:57,11,153205,-89601,-49436,-9743
2026-08-04 14:29:57,11,153238,-89349,-49385,-9748
2026-08-04 14:29:57,11,153276,-89059,-49327,-9751
2026-08-04 14:29:58,11,153315,-88766,-49268,-9750
2026-08-04 14:29:58,11,153353,-88472,-49209,-9748
2026-08-04 14:29:58,11,153392,-88179,-49150,-9751
2026-08-04 14:29:58,11,153436,-87844,-49082,-9754
2026-08-04 14:29:58,11,153481,-87509,-49014,-9754
2026-08-04 14:29:58,11,153525,-87178,-48946,-9760
2026-08-04 14:29:58,11,153572,-86824,-48874,-9761
2026-08-04 14:29:58,11,153620,-86467,-48802,-9761
2026-08-04 14:29:58,11,153667,-86112,-48730,-9764
2026-08-04 14:29:58,11,153715,-85754,-48659,-9765
2026-08-04 14:29:59,11,153764,-85392,-48587,-9766
2026-08-04 14:29:59,11,153813,-85033,-48515,-9769
2026-08-04 14:29:59,11,153861,-84673,-48444,-9768
2026-08-04 14:29:59,11,153910,-84310,-48371,-9771
2026-08-04 14:29:59,11,153959,-83951,-48300,-9772
2026-08-04 14:29:59,11,154007,-83598,-48228,-9773
2026-08-04 14:29:59,11,154056,-83235,-48154,-9775
2026-08-04 14:29:59,11,154107,-82868,-48079,-9778
2026-08-04 14:29:59,11,154156,-82503,-48005,-9776
2026-08-04 14:29:59,11,154206,-82139,-47931,-9779
2026-08-04 14:30:00,11,154258,-81763,-47856,-9779
2026-08-04 14:30:00,11,154305,-81418,-47786,-9781
2026-08-04 14:30:00,11,154355,-81056,-47712,-9781
2026-08-04 14:30:00,11,154405,-80689,-47637,-9783
2026-08-04 14:30:00,11,154455,-80326,-47562,-9782
2026-08-04 14:30:00,11,154505,-79966,-47490,-9783
2026-08-04 14:30:00,11,154554,-79608,-47417,-9785
2026-08-04 14:30:00,11,154604,-79246,-47343,-9786
2026-08-04 14:30:00,11,154657,-78867,-47266,-9790
2026-08-04 14:30:00,11,154709,-78489,-47190,-9791
2026-08-04 14:30:01,11,154763,-78101,-47113,-9792
2026-08-04 14:30:01,11,154819,-77698,-47035,-9792
2026-08-04 14:30:01,11,154877,-77283,-46954,-9793
2026-08-04 14:30:01,11,154938,-76845,-46869,-9793
2026-08-04 14:30:01,11,155000,-76400,-46782,-9792
2026-08-04 14:30:01,11,155064,-75939,-46692,-9793
2026-08-04 14:30:01,11,155130,-75465,-46600,-9792
2026-08-04 14:30:01,11,155198,-74977,-46505,-9791
2026-08-04 14:30:01,11,155266,-74496,-46413,-9796
2026-08-04 14:30:01,11,155341,-73953,-46308,-9793
2026-08-04 14:30:02,11,155416,-73413,-46203,-9789
2026-08-04 14:30:02,11,155491,-72871,-46097,-9776
2026-08-04 14:30:02,11,155562,-72328,-45991,-9748
2026-08-04 14:30:02,11,155635,-71769,-45883,-9733
2026-08-04 14:30:02,11,155705,-71213,-45775,-9721
2026-08-04 14:30:02,11,155774,-70658,-45666,-9707
2026-08-04 14:30:02,11,155843,-70097,-45555,-9695
2026-08-04 14:30:02,11,155910,-69532,-45445,-9679
2026-08-04 14:30:02,11,155977,-68969,-45335,-9666
2026-08-04 14:30:02,11,156039,-68430,-45229,-9656
2026-08-04 14:30:03,11,156102,-67881,-45121,-9657
2026-08-04 14:30:03,11,156164,-67341,-45015,-9660
2026-08-04 14:30:03,11,156227,-66796,-44906,-9657
2026-08-04 14:30:03,11,156293,-66225,-44790,-9657
2026-08-04 14:30:03,11,156358,-65660,-44677,-9654
2026-08-04 14:30:03,11,156422,-65095,-44565,-9648
2026-08-04 14:30:03,11,156487,-64527,-44452,-9646
2026-08-04 14:30:03,11,156548,-63985,-44343,-9648
2026-08-04 14:30:03,11,156609,-63451,-44234,-9657
2026-08-04 14:30:03,11,156671,-62921,-44125,-9663
2026-08-04 14:30:04,11,156735,-62377,-44012,-9668
2026-08-04 14:30:04,11,156798,-61842,-43902,-9672
2026-08-04 14:30:04,11,156859,-61320,-43795,-9670
2026-08-04 14:30:04,11,156921,-60792,-43687,-9669
2026-08-04 14:30:04,11,156980,-60287,-43583,-9668
2026-08-04 14:30:04,11,157040,-59780,-43479,-9675
2026-08-04 14:30:04,11,157100,-59276,-43376,-9681
2026-08-04 14:30:04,11,157160,-58777,-43274,-9688
2026-08-04 14:30:04,11,157221,-58281,-43173,-9693
2026-08-04 14:30:04,11,157280,-57794,-43074,-9696
2026-08-04 14:30:05,11,157341,-57301,-42975,-9702
2026-08-04 14:30:05,11,157408,-56754,-42868,-9706
2026-08-04 14:30:05,11,157478,-56197,-42761,-9712
2026-08-04 14:30:05,11,157549,-55633,-42653,-9719
2026-08-04 14:30:05,11,157620,-55075,-42546,-9736
2026-08-04 14:30:05,11,157691,-54536,-42440,-9754
2026-08-04 14:30:05,11,157765,-53990,-42332,-9772
2026-08-04 14:30:05,11,157841,-53433,-42222,-9788
2026-08-04 14:30:05,11,157928,-52815,-42100,-9806
2026-08-04 14:30:05,11,158017,-52197,-41978,-9819
2026-08-04 14:30:06,11,158106,-51583,-41855,-9832
2026-08-04 14:30:06,11,158206,-50905,-41717,-9838
2026-08-04 14:30:06,11,158307,-50227,-41581,-9850
2026-08-04 14:30:06,11,158410,-49536,-41444,-9857
2026-08-04 14:30:06,11,158515,-48849,-41308,-9865
2026-08-04 14:30:06,11,158616,-48187,-41177,-9864
2026-08-04 14:30:06,11,158718,-47508,-41041,-9853
2026-08-04 14:30:06,11,158818,-46841,-40906,-9845
2026-08-04 14:30:06,11,158916,-46176,-40773,-9839
2026-08-04 14:30:06,11,159013,-45514,-40640,-9832
2026-08-04 14:30:07,11,159109,-44856,-40507,-9829
2026-08-04 14:30:07,11,159203,-44215,-40375,-9827
2026-08-04 14:30:07,11,159293,-43590,-40246,-9820
2026-08-04 14:30:07,11,159382,-42963,-40115,-9809
2026-08-04 14:30:07,11,159470,-42340,-39986,-9802
2026-08-04 14:30:07,11,159552,-41758,-39864,-9792
2026-08-04 14:30:07,11,159633,-41171,-39740,-9786
2026-08-04 14:30:07,11,159714,-40582,-39615,-9777
2026-08-04 14:30:07,11,159792,-40002,-39490,-9771
2026-08-04 14:30:07,11,159871,-39417,-39367,-9766
2026-08-04 14:30:08,11,159950,-38834,-39246,-9762
2026-08-04 14:30:08,11,160029,-38242,-39129,-9763
2026-08-04 14:30:08,11,160107,-37661,-39015,-9765
2026-08-04 14:30:08,11,160186,-37073,-38900,-9763
2026-08-04 14:30:08,11,160261,-36508,-38789,-9760
2026-08-04 14:30:08,11,160337,-35940,-38678,-9758
2026-08-04 14:30:08,11,160412,-35374,-38566,-9756
2026-08-04 14:30:08,11,160491,-34782,-38449,-9755
2026-08-04 14:30:08,11,160570,-34190,-38331,-9756
2026-08-04 14:30:09,11,160644,-33627,-38220,-9753
2026-08-04 14:30:09,11,160718,-33066,-38110,-9748
2026-08-04 14:30:09,11,160790,-32517,-38001,-9743
2026-08-04 14:30:09,11,160861,-31971,-37893,-9735
2026-08-04 14:30:09,11,160929,-31438,-37788,-9731
2026-08-04 14:30:09,11,160997,-30910,-37684,-9727
2026-08-04 14:30:09,11,161064,-30382,-37580,-9726
2026-08-04 14:30:09,11,161132,-29846,-37473,-9724
2026-08-04 14:30:09,11,161200,-29309,-37368,-9718
2026-08-04 14:30:09,11,161267,-28775,-37263,-9715
2026-08-04 14:30:10,11,161332,-28254,-37161,-9708
2026-08-04 14:30:10,11,161394,-27755,-37063,-9705
2026-08-04 14:30:10,11,161457,-27247,-36962,-9700
2026-08-04 14:30:10,11,161517,-26751,-36863,-9694
2026-08-04 14:30:10,11,161578,-26245,-36760,-9690
2026-08-04 14:30:10,11,161638,-25755,-36661,-9687
2026-08-04 14:30:10,11,161697,-25261,-36561,-9682
2026-08-04 14:30:10,11,161755,-24771,-36462,-9678
2026-08-04 14:30:10,11,161812,-24291,-36364,-9675
2026-08-04 14:30:10,11,161869,-23808,-36265,-9672
2026-08-04 14:30:11,11,161924,-23338,-36169,-9666
2026-08-04 14:30:11,11,161980,-22865,-36073,-9662
2026-08-04 14:30:11,11,162033,-22403,-35981,-9659
2026-08-04 14:30:11,11,162086,-21942,-35889,-9656
2026-08-04 14:30:11,11,162139,-21478,-35796,-9654
2026-08-04 14:30:11,11,162193,-21013,-35704,-9655
2026-08-04 14:30:11,11,162244,-20563,-35616,-9649
2026-08-04 14:30:11,11,162295,-20112,-35529,-9647
2026-08-04 14:30:11,11,162348,-19648,-35441,-9643
2026-08-04 14:30:11,11,162401,-19172,-35353,-9639
2026-08-04 14:30:12,11,162453,-18712,-35267,-9633
2026-08-04 14:30:12,11,162502,-18264,-35184,-9626
2026-08-04 14:30:12,11,162551,-17811,-35097,-9620
2026-08-04 14:30:12,11,162601,-17347,-35008,-9611
2026-08-04 14:30:12,11,162650,-16893,-34921,-9601
2026-08-04 14:30:12,11,162698,-16431,-34832,-9595
2026-08-04 14:30:12,11,162749,-15938,-34739,-9588
2026-08-04 14:30:12,11,162799,-15454,-34646,-9582
2026-08-04 14:30:12,11,162848,-14965,-34552,-9572
2026-08-04 14:30:12,11,162897,-14474,-34458,-9563
2026-08-04 14:30:13,11,162943,-13996,-34366,-9552
2026-08-04 14:30:13,11,162989,-13519,-34275,-9547
2026-08-04 14:30:13,11,163034,-13042,-34184,-9536
2026-08-04 14:30:13,11,163078,-12577,-34095,-9528
2026-08-04 14:30:13,11,163120,-12108,-34006,-9514
2026-08-04 14:30:13,11,163162,-11638,-33917,-9502
2026-08-04 14:30:13,11,163203,-11163,-33826,-9490
2026-08-04 14:30:13,11,163244,-10685,-33734,-9484
2026-08-04 14:30:13,11,163285,-10195,-33640,-9474
2026-08-04 14:30:13,11,163326,-9696,-33544,-9464
2026-08-04 14:30:14,11,163365,-9209,-33450,-9451
2026-08-04 14:30:14,11,163403,-8723,-33355,-9442
2026-08-04 14:30:14,11,163440,-8231,-33259,-9441
2026-08-04 14:30:14,11,163479,-7738,-33162,-9444
2026-08-04 14:30:14,11,163517,-7255,-33066,-9449
2026-08-04 14:30:14,11,163554,-6781,-32971,-9454
2026-08-04 14:30:14,11,163593,-6295,-32875,-9458
2026-08-04 14:30:14,11,163632,-5817,-32780,-9464
2026-08-04 14:30:14,11,163671,-5332,-32684,-9474
2026-08-04 14:30:14,11,163713,-4840,-32587,-9486
2026-08-04 14:30:15,11,163755,-4352,-32488,-9502
2026-08-04 14:30:15,11,163800,-3856,-32388,-9521
2026-08-04 14:30:15,11,163847,-3352,-32287,-9544
2026-08-04 14:30:15,11,163896,-2855,-32188,-9571
2026-08-04 14:30:15,11,163947,-2353,-32092,-9596
2026-08-04 14:30:15,11,164001,-1851,-31995,-9618
2026-08-04 14:30:15,11,164057,-1346,-31897,-9641
2026-08-04 14:30:15,11,164114,-850,-31799,-9659
2026-08-04 14:30:15,11,164172,-354,-31701,-9677
2026-08-04 14:30:15,11,164232,144,-31602,-9694
2026-08-04 14:30:16,11,164293,638,-31504,-9706
2026-08-04 14:30:16,11,164354,1130,-31407,-9718
2026-08-04 14:30:16,11,164418,1631,-31310,-9731
2026-08-04 14:30:16,11,164483,2130,-31212,-9740
2026-08-04 14:30:16,11,164548,2630,-31113,-9746
2026-08-04 14:30:16,11,164615,3139,-31012,-9752
2026-08-04 14:30:16,11,164686,3672,-30907,-9757
2026-08-04 14:30:16,11,164751,4161,-30810,-9760
2026-08-04 14:30:16,11,164820,4674,-30710,-9767
2026-08-04 14:30:16,11,164891,5201,-30607,-9772
2026-08-04 14:30:17,11,164959,5696,-30511,-9778
2026-08-04 14:30:17,11,165029,6207,-30413,-9787
2026-08-04 14:30:17,11,165102,6726,-30313,-9793
2026-08-04 14:30:17,11,165172,7233,-30215,-9796
2026-08-04 14:30:17,11,165245,7751,-30114,-9801
2026-08-04 14:30:17,11,165316,8256,-30016,-9804
2026-08-04 14:30:17,11,165390,8773,-29914,-9807
2026-08-04 14:30:17,11,165462,9283,-29814,-9813
2026-08-04 14:30:17,11,165536,9800,-29711,-9818
2026-08-04 14:30:17,11,165611,10313,-29608,-9822
2026-08-04 14:30:18,11,165685,10829,-29504,-9825
2026-08-04 14:30:18,11,165759,11339,-29398,-9829
2026-08-04 14:30:18,11,165835,11853,-29292,-9835
2026-08-04 14:30:18,11,165909,12355,-29190,-9839
2026-08-04 14:30:18,11,165982,12852,-29088,-9842
2026-08-04 14:30:18,11,166056,13347,-28987,-9848
2026-08-04 14:30:18,11,166130,13839,-28886,-9852
2026-08-04 14:30:18,11,166204,14335,-28785,-9852
2026-08-04 14:30:18,11,166277,14825,-28685,-9855
2026-08-04 14:30:18,11,166351,15314,-28587,-9857
2026-08-04 14:30:19,11,166421,15779,-28494,-9863
2026-08-04 14:30:19,11,166492,16241,-28403,-9868
2026-08-04 14:30:19,11,166563,16703,-28312,-9871
2026-08-04 14:30:19,11,166634,17165,-28222,-9874
2026-08-04 14:30:19,11,166709,17657,-28126,-9877
2026-08-04 14:30:19,11,166786,18151,-28033,-9883
2026-08-04 14:30:19,11,166866,18662,-27938,-9889
2026-08-04 14:30:19,11,166944,19162,-27845,-9892
2026-08-04 14:30:19,11,167022,19658,-27751,-9896
2026-08-04 14:30:19,11,167103,20171,-27652,-9897
2026-08-04 14:30:20,11,167188,20708,-27548,-9892
2026-08-04 14:30:20,11,167268,21218,-27447,-9891
2026-08-04 14:30:20,11,167352,21753,-27341,-9886
2026-08-04 14:30:20,11,167434,22285,-27235,-9873
2026-08-04 14:30:20,11,167518,22840,-27122,-9858
2026-08-04 14:30:20,11,167600,23387,-27010,-9836
2026-08-04 14:30:20,11,167681,23946,-26895,-9818
2026-08-04 14:30:20,11,167758,24491,-26784,-9800
2026-08-04 14:30:20,11,167831,25011,-26678,-9790
2026-08-04 14:30:20,11,167904,25539,-26572,-9775
2026-08-04 14:30:21,11,167974,26056,-26468,-9759
2026-08-04 14:30:21,11,168040,26562,-26367,-9739
2026-08-04 14:30:21,11,168106,27071,-26265,-9724
2026-08-04 14:30:21,11,168170,27583,-26163,-9705
2026-08-04 14:30:21,11,168231,28084,-26062,-9686
2026-08-04 14:30:21,11,168288,28565,-25966,-9667
2026-08-04 14:30:21,11,168344,29051,-25867,-9650
2026-08-04 14:30:21,11,168398,29525,-25772,-9634
2026-08-04 14:30:21,11,168451,30008,-25674,-9616
2026-08-04 14:30:21,11,168501,30480,-25579,-9599
2026-08-04 14:30:22,11,168549,30949,-25483,-9584
2026-08-04 14:30:22,11,168596,31410,-25389,-9577
2026-08-04 14:30:22,11,168643,31877,-25294,-9576
2026-08-04 14:30:22,11,168688,32317,-25203,-9581
2026-08-04 14:30:22,11,168733,32752,-25112,-9590
2026-08-04 14:30:22,11,168778,33185,-25021,-9595
2026-08-04 14:30:22,11,168820,33595,-24935,-9596
2026-08-04 14:30:22,11,168862,33996,-24851,-9600
2026-08-04 14:30:22,11,168905,34399,-24767,-9604
2026-08-04 14:30:22,11,168946,34783,-24687,-9607
2026-08-04 14:30:23,11,168986,35162,-24608,-9613
2026-08-04 14:30:23,11,169028,35548,-24528,-9618
2026-08-04 14:30:23,11,169070,35937,-24451,-9622
2026-08-04 14:30:23,11,169115,36344,-24372,-9627
2026-08-04 14:30:23,11,169159,36740,-24293,-9635
2026-08-04 14:30:23,11,169201,37123,-24216,-9646
2026-08-04 14:30:23,11,169249,37534,-24134,-9664
2026-08-04 14:30:23,11,169298,37949,-24050,-9679
2026-08-04 14:30:23,11,169347,38363,-23967,-9687
2026-08-04 14:30:23,11,169398,38779,-23885,-9695
2026-08-04 14:30:24,11,169454,39237,-23793,-9699
2026-08-04 14:30:24,11,169509,39684,-23705,-9703
2026-08-04 14:30:24,11,169565,40138,-23616,-9703
2026-08-04 14:30:24,11,169620,40581,-23530,-9707
2026-08-04 14:30:24,11,169675,41027,-23443,-9710
2026-08-04 14:30:24,11,169731,41472,-23356,-9712
2026-08-04 14:30:24,11,169795,41985,-23259,-9713
2026-08-04 14:30:24,11,169845,42386,-23184,-9720
2026-08-04 14:30:24,11,169905,42857,-23096,-9721
2026-08-04 14:30:24,11,169965,43332,-23007,-9717
2026-08-04 14:30:25,11,170025,43810,-22918,-9715
2026-08-04 14:30:25,11,170085,44288,-22830,-9716
2026-08-04 14:30:25,11,170145,44764,-22741,-9712
2026-08-04 14:30:25,11,170203,45236,-22651,-9708
2026-08-04 14:30:25,11,170264,45727,-22558,-9706
2026-08-04 14:30:25,11,170324,46207,-22466,-9705
2026-08-04 14:30:25,11,170384,46693,-22373,-9706
2026-08-04 14:30:25,11,170445,47185,-22280,-9709
2026-08-04 14:30:25,11,170506,47675,-22188,-9705
2026-08-04 14:30:25,11,170566,48165,-22096,-9698
2026-08-04 14:30:26,11,170627,48668,-22001,-9686
2026-08-04 14:30:26,11,170687,49164,-21907,-9675
2026-08-04 14:30:26,11,170745,49660,-21810,-9661
2026-08-04 14:30:26,11,170803,50164,-21712,-9654
2026-08-04 14:30:26,11,170860,50664,-21615,-9646
2026-08-04 14:30:26,11,170913,51139,-21524,-9639
2026-08-04 14:30:26,11,170967,51617,-21432,-9631
2026-08-04 14:30:26,11,171019,52092,-21340,-9623
2026-08-04 14:30:26,11,171070,52565,-21248,-9615
2026-08-04 14:30:26,11,171120,53034,-21156,-9603
2026-08-04 14:30:27,11,171169,53499,-21065,-9593
2026-08-04 14:30:27,11,171217,53964,-20974,-9582
2026-08-04 14:30:27,11,171263,54417,-20886,-9576
2026-08-04 14:30:27,11,171308,54870,-20799,-9570
2026-08-04 14:30:27,11,171353,55323,-20712,-9565
2026-08-04 14:30:27,11,171397,55771,-20625,-9557
2026-08-04 14:30:27,11,171442,56234,-20535,-9548
2026-08-04 14:30:27,11,171487,56699,-20446,-9538
2026-08-04 14:30:27,11,171530,57158,-20359,-9532
2026-08-04 14:30:27,11,171574,57635,-20271,-9523
2026-08-04 14:30:28,11,171618,58115,-20182,-9512
2026-08-04 14:30:28,11,171660,58595,-20093,-9498
2026-08-04 14:30:28,11,171701,59068,-20004,-9480
2026-08-04 14:30:28,11,171743,59584,-19907,-9458
2026-08-04 14:30:28,11,171785,60109,-19810,-9433
2026-08-04 14:30:28,11,171823,60631,-19712,-9406
2026-08-04 14:30:28,11,171861,61183,-19608,-9379
2026-08-04 14:30:28,11,171897,61740,-19503,-9356
2026-08-04 14:30:28,11,171931,62292,-19399,-9334
2026-08-04 14:30:28,11,171963,62850,-19293,-9325
2026-08-04 14:30:29,11,171996,63425,-19184,-9333
2026-08-04 14:30:29,11,172030,64002,-19073,-9351
2026-08-04 14:30:29,11,172065,64566,-18964,-9377
2026-08-04 14:30:29,11,172103,65119,-18858,-9412
2026-08-04 14:30:29,11,172144,65670,-18752,-9447
2026-08-04 14:30:29,11,172189,66218,-18646,-9480
2026-08-04 14:30:29,11,172236,66765,-18539,-9510
2026-08-04 14:30:29,11,172285,67310,-18433,-9533
2026-08-04 14:30:29,11,172336,67845,-18329,-9549
2026-08-04 14:30:29,11,172389,68386,-18225,-9561
2026-08-04 14:30:30,11,172439,68900,-18125,-9565
2026-08-04 14:30:30,11,172491,69419,-18025,-9567
2026-08-04 14:30:30,11,172541,69925,-17926,-9569
2026-08-04 14:30:30,11,172592,70433,-17826,-9572
2026-08-04 14:30:30,11,172643,70938,-17726,-9576
2026-08-04 14:30:30,11,172692,71428,-17629,-9581
2026-08-04 14:30:30,11,172743,71922,-17531,-9585
2026-08-04 14:30:30,11,172794,72418,-17433,-9589
2026-08-04 14:30:30,11,172843,72896,-17338,-9592
2026-08-04 14:30:30,11,172893,73372,-17244,-9596
2026-08-04 14:30:31,11,172943,73848,-17150,-9597
2026-08-04 14:30:31,11,172989,74296,-17060,-9601
2026-08-04 14:30:31,11,173036,74736,-16970,-9612
2026-08-04 14:30:31,11,173083,75175,-16881,-9624
2026-08-04 14:30:31,11,173131,75605,-16793,-9636
2026-08-04 14:30:31,11,173179,76033,-16707,-9644
2026-08-04 14:30:31,11,173228,76460,-16621,-9659
2026-08-04 14:30:31,11,173277,76887,-16535,-9670
2026-08-04 14:30:31,11,173324,77285,-16455,-9678
2026-08-04 14:30:31,11,173372,77682,-16375,-9690
2026-08-04 14:30:32,11,173420,78079,-16294,-9699
2026-08-04 14:30:32,11,173469,78472,-16214,-9709
2026-08-04 14:30:32,11,173516,78852,-16136,-9719
2026-08-04 14:30:32,11,173564,79228,-16059,-9732
2026-08-04 14:30:32,11,173614,79610,-15981,-9742
2026-08-04 14:30:32,11,173662,79977,-15906,-9754
2026-08-04 14:30:32,11,173711,80348,-15830,-9762
2026-08-04 14:30:32,11,173761,80715,-15754,-9775
2026-08-04 14:30:32,11,173813,81096,-15676,-9785
2026-08-04 14:30:32,11,173862,81451,-15602,-9795
2026-08-04 14:30:33,11,173913,81816,-15526,-9798
2026-08-04 14:30:33,11,173963,82174,-15451,-9799
2026-08-04 14:30:33,11,174015,82542,-15375,-9798
2026-08-04 14:30:33,11,174066,82905,-15299,-9799
2026-08-04 14:30:33,11,174119,83279,-15222,-9802
2026-08-04 14:30:33,11,174169,83635,-15148,-9806
2026-08-04 14:30:33,11,174220,83997,-15072,-9806
2026-08-04 14:30:33,11,174273,84368,-14995,-9799
2026-08-04 14:30:33,11,174324,84733,-14920,-9794
2026-08-04 14:30:33,11,174375,85104,-14843,-9790
2026-08-04 14:30:34,11,174425,85462,-14770,-9785
2026-08-04 14:30:34,11,174476,85830,-14693,-9782
2026-08-04 14:30:34,11,174526,86196,-14617,-9777
2026-08-04 14:30:34,11,174576,86564,-14539,-9772
2026-08-04 14:30:34,11,174626,86934,-14461,-9771
2026-08-04 14:30:34,11,174676,87303,-14383,-9771
2026-08-04 14:30:34,11,174726,87673,-14305,-9771
2026-08-04 14:30:34,11,174776,88039,-14227,-9775
2026-08-04 14:30:34,11,174826,88405,-14150,-9778
2026-08-04 14:30:34,11,174876,88770,-14072,-9779
2026-08-04 14:30:35,11,174925,89130,-13995,-9777
2026-08-04 14:30:35,11,174974,89491,-13918,-9779
2026-08-04 14:30:35,11,175024,89855,-13842,-9779
2026-08-04 14:30:35,11,175073,90214,-13766,-9779
2026-08-04 14:30:35,11,175124,90582,-13689,-9782
2026-08-04 14:30:35,11,175173,90939,-13615,-9784
2026-08-04 14:30:35,11,175222,91294,-13541,-9786
2026-08-04 14:30:35,11,175271,91651,-13467,-9791
2026-08-04 14:30:35,11,175321,92008,-13392,-9795
2026-08-04 14:30:35,11,175371,92368,-13317,-9798
2026-08-04 14:30:36,11,175421,92726,-13240,-9800
2026-08-04 14:30:36,11,175473,93095,-13161,-9806
2026-08-04 14:30:36,11,175524,93448,-13086,-9809
2026-08-04 14:30:36,11,175575,93809,-13009,-9811
2026-08-04 14:30:36,11,175627,94175,-12932,-9812
2026-08-04 14:30:36,11,175680,94543,-12853,-9809
2026-08-04 14:30:36,11,175731,94905,-12776,-9806
2026-08-04 14:30:36,11,175783,95269,-12698,-9804
2026-08-04 14:30:36,11,175833,95623,-12622,-9799
2026-08-04 14:30:36,11,175883,95981,-12546,-9794
2026-08-04 14:30:37,11,175932,96336,-12471,-9788
2026-08-04 14:30:37,11,175981,96690,-12397,-9777
2026-08-04 14:30:37,11,176030,97049,-12322,-9769
2026-08-04 14:30:37,11,176078,97409,-12247,-9766
2026-08-04 14:30:37,11,176127,97772,-12172,-9770
2026-08-04 14:30:37,11,176175,98125,-12101,-9775
2026-08-04 14:30:37,11,176225,98487,-12028,-9781
2026-08-04 14:30:37,11,176275,98855,-11955,-9789
2026-08-04 14:30:37,11,176326,99221,-11882,-9791
2026-08-04 14:30:37,11,176376,99581,-11809,-9794
2026-08-04 14:30:38,11,176426,99941,-11737,-9796
2026-08-04 14:30:38,11,176477,100303,-11664,-9800
2026-08-04 14:30:38,11,176528,100661,-11592,-9805
2026-08-04 14:30:38,11,176578,101014,-11521,-9808
2026-08-04 14:30:38,11,176629,101375,-11448,-9808
2026-08-04 14:30:38,11,176679,101728,-11377,-9806
2026-08-04 14:30:38,11,176729,102084,-11305,-9800
2026-08-04 14:30:38,11,176779,102437,-11233,-9799
2026-08-04 14:30:38,11,176829,102792,-11161,-9796
2026-08-04 14:30:38,11,176880,103160,-11085,-9795
2026-08-04 14:30:39,11,176929,103509,-11013,-9791
2026-08-04 14:30:39,11,176979,103866,-10940,-9789
2026-08-04 14:30:39,11,177028,104221,-10867,-9788
2026-08-04 14:30:39,11,177077,104579,-10794,-9785
2026-08-04 14:30:39,11,177127,104939,-10720,-9783
2026-08-04 14:30:39,11,177176,105298,-10647,-9781
2026-08-04 14:30:39,11,177225,105655,-10573,-9779
2026-08-04 14:30:39,11,177275,106015,-10498,-9778
2026-08-04 14:30:39,11,177324,106374,-10423,-9773
2026-08-04 14:30:39,11,177371,106724,-10350,-9771
2026-08-04 14:30:40,11,177419,107079,-10276,-9772
2026-08-04 14:30:40,11,177467,107433,-10203,-9771
2026-08-04 14:30:40,11,177516,107794,-10129,-9774
2026-08-04 14:30:40,11,177564,108150,-10056,-9769
2026-08-04 14:30:40,11,177613,108507,-9982,-9768
2026-08-04 14:30:40,11,177661,108868,-9908,-9762
2026-08-04 14:30:40,11,177708,109222,-9835,-9756
2026-08-04 14:30:40,11,177756,109583,-9760,-9750
2026-08-04 14:30:40,11,177803,109940,-9687,-9745
2026-08-04 14:30:40,11,177850,110295,-9614,-9735
2026-08-04 14:30:41,11,177896,110654,-9540,-9713
2026-08-04 14:30:41,11,177940,111014,-9467,-9684
2026-08-04 14:30:41,11,177982,111368,-9394,-9648
2026-08-04 14:30:41,11,178022,111726,-9320,-9608
2026-08-04 14:30:41,11,178059,112085,-9247,-9558
2026-08-04 14:30:41,11,178093,112443,-9174,-9512
2026-08-04 14:30:41,11,178124,112794,-9102,-9464
2026-08-04 14:30:41,11,178152,113149,-9029,-9417
2026-08-04 14:30:41,11,178177,113505,-8956,-9364
2026-08-04 14:30:41,11,178199,113859,-8884,-9308
2026-08-04 14:30:42,11,178216,114211,-8812,-9246
2026-08-04 14:30:42,11,178230,114564,-8740,-9177
2026-08-04 14:30:42,11,178240,114916,-8668,-9105
2026-08-04 14:30:42,11,178245,115268,-8596,-9030
2026-08-04 14:30:42,11,178246,115625,-8523,-8947
2026-08-04 14:30:42,11,178241,115986,-8449,-8857
2026-08-04 14:30:42,11,178230,116332,-8379,-8767
2026-08-04 14:30:42,11,178214,116687,-8306,-8672
2026-08-04 14:30:42,11,178192,117042,-8234,-8579
2026-08-04 14:30:42,11,178165,117389,-8162,-8481
2026-08-04 14:30:43,11,178131,117735,-8091,-8370
2026-08-04 14:30:43,11,178091,118081,-8019,-8259
2026-08-04 14:30:43,11,178044,118429,-7947,-8135
2026-08-04 14:30:43,11,177989,118776,-7875,-8013
2026-08-04 14:30:43,11,177926,119124,-7803,-7894
2026-08-04 14:30:43,11,177858,119460,-7734,-7769
2026-08-04 14:30:43,11,177780,119805,-7663,-7639
2026-08-04 14:30:43,11,177697,120140,-7593,-7507
2026-08-04 14:30:43,11,177604,120482,-7523,-7367
2026-08-04 14:30:43,11,177502,120819,-7453,-7227
2026-08-04 14:30:44,11,177395,121150,-7384,-7084
2026-08-04 14:30:44,11,177280,121475,-7316,-6937
2026-08-04 14:30:44,11,177156,121800,-7248,-6782
2026-08-04 14:30:44,11,177022,122122,-7180,-6622
2026-08-04 14:30:44,11,176877,122446,-7111,-6466
2026-08-04 14:30:44,11,176727,122757,-7044,-6308
2026-08-04 14:30:44,11,176571,123060,-6979,-6146
2026-08-04 14:30:44,11,176406,123360,-6913,-5984
2026-08-04 14:30:44,11,176229,123659,-6846,-5814
2026-08-04 14:30:44,11,176043,123953,-6779,-5647
2026-08-04 14:30:45,11,175856,124232,-6715,-5479
2026-08-04 14:30:45,11,175655,124512,-6649,-5300
2026-08-04 14:30:45,11,175443,124791,-6583,-5122
2026-08-04 14:30:45,11,175225,125059,-6517,-4943
2026-08-04 14:30:45,11,174995,125324,-6451,-4759
2026-08-04 14:30:45,11,174762,125576,-6386,-4576
2026-08-04 14:30:45,11,174519,125822,-6319,-4389
2026-08-04 14:30:45,11,174270,126058,-6254,-4204
2026-08-04 14:30:45,11,174008,126291,-6188,-4023
2026-08-04 14:30:45,11,173742,126513,-6123,-3831
2026-08-04 14:30:46,11,173470,126726,-6059,-3649
2026-08-04 14:30:46,11,173190,126930,-5996,-3463
2026-08-04 14:30:46,11,172901,127127,-5932,-3279
2026-08-04 14:30:46,11,172604,127316,-5868,-3093
2026-08-04 14:30:46,11,172304,127493,-5804,-2909
2026-08-04 14:30:46,11,171997,127661,-5741,-2733
2026-08-04 14:30:46,11,171686,127820,-5678,-2548
2026-08-04 14:30:46,11,171375,127965,-5617,-2364
2026-08-04 14:30:46,11,171058,128102,-5556,-2191
2026-08-04 14:30:46,11,170727,128233,-5494,-2017
2026-08-04 14:30:47,11,170397,128352,-5433,-1846
2026-08-04 14:30:47,11,170063,128461,-5371,-1681
2026-08-04 14:30:47,11,169732,128559,-5311,-1519
2026-08-04 14:30:47,11,169398,128648,-5251,-1371
2026-08-04 14:30:47,11,169054,128730,-5189,-1231
2026-08-04 14:30:47,11,168716,128802,-5129,-1102
2026-08-04 14:30:47,11,168376,128867,-5069,-981
2026-08-04 14:30:47,11,168044,128923,-5010,-858
2026-08-04 14:30:47,11,167700,128973,-4950,-740
2026-08-04 14:30:47,11,167358,129016,-4890,-620
2026-08-04 14:30:48,11,167012,129052,-4830,-494
2026-08-04 14:30:48,11,166670,129081,-4771,-371
2026-08-04 14:30:48,11,166322,129102,-4711,-251
2026-08-04 14:30:48,11,165976,129115,-4652,-134
2026-08-04 14:30:48,11,165623,129122,-4591,-22
2026-08-04 14:30:48,11,165276,129122,-4532,88
2026-08-04 14:30:48,11,164929,129116,-4473,191
2026-08-04 14:30:48,11,164581,129103,-4414,292
2026-08-04 14:30:48,11,164226,129084,-4353,393
2026-08-04 14:30:48,11,163872,129058,-4292,491
2026-08-04 14:30:49,11,163526,129027,-4233,583
2026-08-04 14:30:49,11,163181,128991,-4173,676
2026-08-04 14:30:49,11,162837,128949,-4113,753
2026-08-04 14:30:49,11,162490,128902,-4052,825
2026-08-04 14:30:49,11,162140,128850,-3990,889
2026-08-04 14:30:49,11,161800,128797,-3930,945
2026-08-04 14:30:49,11,161451,128738,-3869,991
2026-08-04 14:30:49,11,161118,128679,-3809,1020
2026-08-04 14:30:49,11,160782,128618,-3749,1037
2026-08-04 14:30:49,11,160447,128557,-3690,1044
2026-08-04 14:30:50,11,160116,128496,-3630,1038
2026-08-04 14:30:50,11,159838,128445,-3580,1020
2026-08-04 14:30:50,11,159564,128396,-3530,997
2026-08-04 14:30:50,11,159292,128349,-3481,968
2026-08-04 14:30:50,11,159058,128309,-3439,933
2026-08-04 14:30:50,11,158833,128272,-3399,894
2026-08-04 14:30:50,11,158605,128237,-3360,851
2026-08-04 14:30:50,11,158380,128203,-3320,804
2026-08-04 14:30:50,11,158164,128173,-3282,756
2026-08-04 14:30:50,11,157953,128145,-3245,713
2026-08-04 14:30:51,11,157745,128120,-3208,679
2026-08-04 14:30:51,11,157592,128102,-3181,644
2026-08-04 14:30:51,11,157438,128084,-3153,612
2026-08-04 14:30:51,11,157283,128068,-3126,591
2026-08-04 14:30:51,11,157129,128052,-3099,571
2026-08-04 14:30:51,11,157043,128044,-3084,551
2026-08-04 14:30:51,11,156967,128036,-3071,534
2026-08-04 14:30:51,11,156895,128030,-3058,514
2026-08-04 14:30:51,11,156852,128026,-3050,503
2026-08-04 14:30:51,11,156809,128022,-3043,489
2026-08-04 14:30:52,11,156762,128018,-3035,482
2026-08-04 14:30:52,11,156715,128014,-3026,475
2026-08-04 14:30:52,11,156687,128012,-3021,467
2026-08-04 14:30:52,11,156659,128009,-3017,463
2026-08-04 14:30:52,11,156634,128007,-3012,453
2026-08-04 14:30:52,11,156610,128005,-3008,442
2026-08-04 14:30:52,11,156586,128004,-3004,430
2026-08-04 14:30:52,11,156565,128002,-3000,418
2026-08-04 14:30:52,11,156543,128000,-2996,403
2026-08-04 14:30:52,11,156511,127998,-2990,387
2026-08-04 14:30:53,11,156481,127996,-2985,370
2026-08-04 14:30:53,11,156448,127994,-2979,351
2026-08-04 14:30:53,11,156415,127992,-2973,329
2026-08-04 14:30:53,11,156376,127990,-2967,304
2026-08-04 14:30:53,11,156336,127988,-2960,277
2026-08-04 14:30:53,11,156296,127986,-2953,247
2026-08-04 14:30:53,11,156239,127983,-2943,210
2026-08-04 14:30:53,11,156180,127981,-2933,170
2026-08-04 14:30:53,11,156120,127979,-2922,124
2026-08-04 14:30:53,11,156056,127978,-2911,74
2026-08-04 14:30:54,11,155967,127977,-2896,19
2026-08-04 14:30:54,11,155877,127977,-2880,-44
2026-08-04 14:30:54,11,155782,127978,-2864,-110
2026-08-04 14:30:54,11,155662,127980,-2843,-179
2026-08-04 14:30:54,11,155537,127984,-2822,-252
2026-08-04 14:30:54,11,155415,127990,-2801,-324
2026-08-04 14:30:54,11,155288,127997,-2779,-401
2026-08-04 14:30:54,11,155132,128008,-2751,-482
2026-08-04 14:30:54,11,154974,128022,-2724,-568
2026-08-04 14:30:54,11,154809,128039,-2695,-659
2026-08-04 14:30:55,11,154657,128057,-2668,-746
2026-08-04 14:30:55,11,154471,128081,-2636,-825
2026-08-04 14:30:55,11,154287,128108,-2603,-903
2026-08-04 14:30:55,11,154104,128137,-2570,-966
2026-08-04 14:30:55,11,153967,128161,-2545,-1017
2026-08-04 14:30:55,11,153835,128185,-2521,-1061
2026-08-04 14:30:55,11,153705,128209,-2497,-1101
2026-08-04 14:30:55,11,153576,128234,-2474,-1135
2026-08-04 14:30:55,11,153489,128252,-2458,-1161
2026-08-04 14:30:55,11,153405,128269,-2443,-1187
2026-08-04 14:30:56,11,153323,128287,-2428,-1209
2026-08-04 14:30:56,11,153255,128301,-2415,-1227
2026-08-04 14:30:56,11,153187,128316,-2403,-1248
2026-08-04 14:30:56,11,153121,128331,-2391,-1265
2026-08-04 14:30:56,11,153054,128346,-2379,-1276
2026-08-04 14:30:56,11,152987,128361,-2366,-1291
2026-08-04 14:30:56,11,152918,128377,-2353,-1310
2026-08-04 14:30:56,11,152852,128392,-2341,-1328
2026-08-04 14:30:56,11,152787,128407,-2329,-1344
2026-08-04 14:30:56,11,152717,128424,-2316,-1362
2026-08-04 14:30:57,11,152656,128439,-2305,-1382
2026-08-04 14:30:57,11,152592,128455,-2293,-1401
2026-08-04 14:30:57,11,152458,128489,-2267,-1452
2026-08-04 14:30:57,11,152392,128506,-2255,-1477
2026-08-04 14:30:57,11,152316,128526,-2241,-1501
2026-08-04 14:30:57,11,152237,128547,-2226,-1532
2026-08-04 14:30:57,11,152158,128569,-2211,-1565
2026-08-04 14:30:57,11,152079,128591,-2196,-1601
2026-08-04 14:30:57,11,151978,128620,-2177,-1636
2026-08-04 14:30:58,11,151877,128650,-2158,-1672
2026-08-04 14:30:58,11,151776,128680,-2139,-1718
2026-08-04 14:30:58,11,151675,128712,-2120,-1764
2026-08-04 14:30:58,11,151417,128795,-2071,-1886
2026-08-04 14:30:58,11,151288,128839,-2047,-1953
2026-08-04 14:30:58,11,151128,128896,-2017,-2015
2026-08-04 14:30:58,11,150968,128955,-1986,-2071
2026-08-04 14:30:58,11,150650,129078,-1926,-2172
2026-08-04 14:30:59,11,150469,129150,-1891,-2225
2026-08-04 14:30:59,11,150286,129225,-1857,-2281
2026-08-04 14:30:59,11,150100,129303,-1821,-2337
2026-08-04 14:30:59,11,149891,129394,-1781,-2387
2026-08-04 14:30:59,11,149487,129575,-1704,-2436
2026-08-04 14:30:59,11,149293,129664,-1667,-2476
2026-08-04 14:30:59,11,149112,129749,-1633,-2506
2026-08-04 14:30:59,11,148928,129836,-1597,-2535
2026-08-04 14:30:59,11,148563,130012,-1526,-2580
2026-08-04 14:31:00,11,148385,130098,-1491,-2594
2026-08-04 14:31:00,11,148209,130185,-1457,-2610
2026-08-04 14:31:00,11,148036,130270,-1424,-2618
2026-08-04 14:31:00,11,147894,130340,-1397,-2619
2026-08-04 14:31:00,11,147758,130407,-1371,-2619
2026-08-04 14:31:00,11,147625,130472,-1346,-2614
2026-08-04 14:31:00,11,147472,130546,-1317,-2600
2026-08-04 14:31:00,11,147313,130624,-1286,-2584
2026-08-04 14:31:00,11,147149,130702,-1255,-2568
2026-08-04 14:31:00,11,146981,130782,-1223,-2544
2026-08-04 14:31:01,11,146812,130862,-1191,-2509
2026-08-04 14:31:01,11,146646,130938,-1159,-2473
2026-08-04 14:31:01,11,146484,131011,-1128,-2437
2026-08-04 14:31:01,11,146305,131091,-1095,-2392
2026-08-04 14:31:01,11,146126,131168,-1061,-2344
2026-08-04 14:31:01,11,145939,131247,-1026,-2289
2026-08-04 14:31:01,11,145747,131326,-990,-2233
2026-08-04 14:31:01,11,145543,131408,-952,-2177
2026-08-04 14:31:01,11,145339,131487,-914,-2116
2026-08-04 14:31:01,11,145135,131563,-877,-2058
2026-08-04 14:31:02,11,144936,131636,-840,-2000
2026-08-04 14:31:02,11,144728,131709,-803,-1938
2026-08-04 14:31:02,11,144518,131780,-765,-1876
2026-08-04 14:31:02,11,144306,131850,-727,-1816
2026-08-04 14:31:02,11,144083,131921,-687,-1758
2026-08-04 14:31:02,11,143857,131990,-647,-1702
2026-08-04 14:31:02,11,143632,132057,-607,-1650
2026-08-04 14:31:02,11,143404,132122,-567,-1601
2026-08-04 14:31:02,11,143178,132185,-527,-1551
2026-08-04 14:31:02,11,142953,132245,-487,-1503
2026-08-04 14:31:03,11,142727,132304,-447,-1460
2026-08-04 14:31:03,11,142499,132362,-407,-1419
2026-08-04 14:31:03,11,142268,132418,-366,-1376
2026-08-04 14:31:03,11,142036,132473,-325,-1337
2026-08-04 14:31:03,11,141804,132527,-284,-1300
2026-08-04 14:31:03,11,141574,132578,-243,-1263
2026-08-04 14:31:03,11,141345,132628,-202,-1225
2026-08-04 14:31:03,11,141115,132677,-161,-1191
2026-08-04 14:31:03,11,140890,132723,-121,-1158
2026-08-04 14:31:03,11,140665,132768,-82,-1124
2026-08-04 14:31:04,11,140440,132811,-42,-1102
2026-08-04 14:31:04,11,140217,132854,-2,-1081
2026-08-04 14:31:04,11,140013,132892,33,-1054
2026-08-04 14:31:04,11,139812,132929,69,-1032
2026-08-04 14:31:04,11,139613,132964,104,-1013
2026-08-04 14:31:04,11,139459,132991,132,-994
2026-08-04 14:31:04,11,139313,133016,158,-980
2026-08-04 14:31:04,11,139176,133040,183,-971
2026-08-04 14:31:04,11,139039,133063,207,-962
2026-08-04 14:31:04,11,138963,133076,220,-952
2026-08-04 14:31:05,11,138883,133089,234,-944
2026-08-04 14:31:05,11,138802,133103,248,-936
2026-08-04 14:31:05,11,138721,133116,262,-925
2026-08-04 14:31:05,11,138639,133129,276,-917
2026-08-04 14:31:05,11,138558,133142,290,-909
2026-08-04 14:31:05,11,138478,133155,304,-902
2026-08-04 14:31:05,11,138380,133170,321,-899
2026-08-04 14:31:05,11,138279,133186,338,-900
2026-08-04 14:31:05,11,138178,133202,355,-901
2026-08-04 14:31:05,11,138074,133219,373,-904
2026-08-04 14:31:06,11,137951,133238,393,-909
2026-08-04 14:31:06,11,137831,133258,413,-916
2026-08-04 14:31:06,11,137710,133278,434,-922
2026-08-04 14:31:06,11,137403,133328,485,-940
2026-08-04 14:31:06,11,137247,133354,511,-951
2026-08-04 14:31:06,11,137090,133381,537,-963
2026-08-04 14:31:06,11,136912,133412,567,-978
2026-08-04 14:31:06,11,136728,133444,598,-996
2026-08-04 14:31:06,11,136544,133477,629,-1013
2026-08-04 14:31:07,11,136327,133516,665,-1029
2026-08-04 14:31:07,11,136107,133557,702,-1047
2026-08-04 14:31:07,11,135884,133599,739,-1067
2026-08-04 14:31:07,11,135661,133642,777,-1088
2026-08-04 14:31:07,11,135414,133690,818,-1108
2026-08-04 14:31:07,11,135169,133739,860,-1130
2026-08-04 14:31:07,11,134919,133790,902,-1158
2026-08-04 14:31:07,11,134675,133841,944,-1186
2026-08-04 14:31:07,11,134406,133899,990,-1217
2026-08-04 14:31:07,11,134135,133959,1036,-1252
2026-08-04 14:31:08,11,133858,134022,1083,-1282
2026-08-04 14:31:08,11,133592,134084,1127,-1315
2026-08-04 14:31:08,11,133304,134153,1175,-1352
2026-08-04 14:31:08,11,133015,134224,1223,-1389
2026-08-04 14:31:08,11,132727,134298,1271,-1426
2026-08-04 14:31:08,11,132421,134377,1323,-1465
2026-08-04 14:31:08,11,132115,134459,1375,-1501
2026-08-04 14:31:08,11,131809,134543,1427,-1533
2026-08-04 14:31:08,11,131484,134634,1482,-1564
2026-08-04 14:31:08,11,131162,134726,1536,-1596
2026-08-04 14:31:09,11,130836,134821,1591,-1630
2026-08-04 14:31:09,11,130516,134916,1646,-1664
2026-08-04 14:31:09,11,130189,135016,1702,-1699
2026-08-04 14:31:09,11,129854,135121,1760,-1733
2026-08-04 14:31:09,11,129527,135224,1817,-1766
2026-08-04 14:31:09,11,129194,135332,1875,-1800
2026-08-04 14:31:09,11,128857,135444,1933,-1832
2026-08-04 14:31:09,11,128535,135552,1990,-1865
2026-08-04 14:31:09,11,128205,135666,2048,-1898
2026-08-04 14:31:09,11,127875,135781,2107,-1927
2026-08-04 14:31:10,11,127552,135895,2164,-1953
2026-08-04 14:31:10,11,127230,136011,2221,-1980
2026-08-04 14:31:10,11,126909,136128,2278,-2006
2026-08-04 14:31:10,11,126576,136251,2336,-2035
2026-08-04 14:31:10,11,126249,136375,2394,-2063
2026-08-04 14:31:10,11,125917,136501,2453,-2092
2026-08-04 14:31:10,11,125262,136756,2570,-2139
2026-08-04 14:31:10,11,124938,136884,2628,-2157
2026-08-04 14:31:10,11,124616,137012,2686,-2172
2026-08-04 14:31:11,11,124292,137143,2744,-2189
2026-08-04 14:31:11,11,123967,137274,2803,-2208
2026-08-04 14:31:11,11,123643,137407,2863,-2225
2026-08-04 14:31:11,11,123319,137540,2922,-2233
2026-08-04 14:31:11,11,123000,137671,2980,-2233
2026-08-04 14:31:11,11,122678,137803,3039,-2222
2026-08-04 14:31:11,11,122358,137932,3097,-2201
2026-08-04 14:31:11,11,122045,138058,3154,-2177
2026-08-04 14:31:11,11,121728,138183,3212,-2149
2026-08-04 14:31:11,11,121406,138307,3270,-2117
2026-08-04 14:31:12,11,121090,138428,3326,-2080
2026-08-04 14:31:12,11,120775,138545,3383,-2037
2026-08-04 14:31:12,11,120457,138660,3440,-1991
2026-08-04 14:31:12,11,120134,138775,3498,-1945
2026-08-04 14:31:12,11,119825,138881,3553,-1898
2026-08-04 14:31:12,11,119509,138988,3609,-1855
2026-08-04 14:31:12,11,119193,139091,3665,-1812
2026-08-04 14:31:12,11,118875,139193,3722,-1767
2026-08-04 14:31:12,11,118559,139291,3778,-1722
2026-08-04 14:31:12,11,118244,139386,3834,-1674
2026-08-04 14:31:13,11,117927,139479,3890,-1630
2026-08-04 14:31:13,11,117613,139569,3945,-1591
2026-08-04 14:31:13,11,117301,139656,4000,-1554
2026-08-04 14:31:13,11,116983,139743,4057,-1529
2026-08-04 14:31:13,11,116677,139826,4111,-1511
2026-08-04 14:31:13,11,116371,139908,4165,-1496
2026-08-04 14:31:13,11,116062,139990,4220,-1488
2026-08-04 14:31:13,11,115757,140071,4274,-1485
2026-08-04 14:31:13,11,115455,140151,4328,-1484
2026-08-04 14:31:13,11,115153,140231,4381,-1486
2026-08-04 14:31:14,11,114853,140311,4435,-1488
2026-08-04 14:31:14,11,114555,140390,4487,-1483
2026-08-04 14:31:14,11,114261,140467,4539,-1475
2026-08-04 14:31:14,11,113965,140544,4592,-1464
2026-08-04 14:31:14,11,113660,140623,4646,-1447
2026-08-04 14:31:14,11,113376,140696,4697,-1426
2026-08-04 14:31:14,11,113055,140776,4753,-1403
2026-08-04 14:31:14,11,112731,140856,4811,-1379
2026-08-04 14:31:14,11,112408,140934,4868,-1356
2026-08-04 14:31:14,11,112079,141012,4927,-1338
2026-08-04 14:31:15,11,111745,141091,4986,-1322
2026-08-04 14:31:15,11,111415,141168,5045,-1311
2026-08-04 14:31:15,11,111079,141246,5104,-1306
2026-08-04 14:31:15,11,110744,141323,5165,-1302
2026-08-04 14:31:15,11,110407,141401,5225,-1297
2026-08-04 14:31:15,11,110076,141477,5285,-1292
2026-08-04 14:31:15,11,109743,141553,5346,-1286
2026-08-04 14:31:15,11,109409,141629,5406,-1271
2026-08-04 14:31:15,11,109068,141705,5467,-1251
2026-08-04 14:31:15,11,108736,141777,5525,-1227
2026-08-04 14:31:16,11,108385,141852,5587,-1199
2026-08-04 14:31:16,11,108040,141924,5648,-1167
2026-08-04 14:31:16,11,107691,141995,5709,-1137
2026-08-04 14:31:16,11,107344,142063,5770,-1109
2026-08-04 14:31:16,11,106999,142129,5831,-1085
2026-08-04 14:31:16,11,106647,142196,5894,-1066
2026-08-04 14:31:16,11,106295,142261,5957,-1051
2026-08-04 14:31:16,11,105950,142325,6020,-1041
2026-08-04 14:31:16,11,105601,142388,6083,-1031
2026-08-04 14:31:16,11,105254,142451,6146,-1020
2026-08-04 14:31:17,11,104904,142513,6210,-1008
2026-08-04 14:31:17,11,104556,142575,6274,-998
2026-08-04 14:31:17,11,104206,142636,6338,-985
2026-08-04 14:31:17,11,103852,142696,6403,-966
2026-08-04 14:31:17,11,103505,142754,6467,-942
2026-08-04 14:31:17,11,103154,142811,6532,-918
2026-08-04 14:31:17,11,102806,142867,6596,-899
2026-08-04 14:31:17,11,102454,142921,6661,-879
2026-08-04 14:31:17,11,102110,142974,6724,-859
2026-08-04 14:31:17,11,101760,143025,6789,-836
2026-08-04 14:31:18,11,101408,143076,6853,-808
2026-08-04 14:31:18,11,101056,143124,6918,-783
2026-08-04 14:31:18,11,100704,143172,6982,-764
2026-08-04 14:31:18,11,100349,143219,7046,-749
2026-08-04 14:31:18,11,99995,143265,7109,-738
2026-08-04 14:31:18,11,99644,143310,7172,-734
2026-08-04 14:31:18,11,99290,143356,7236,-732
2026-08-04 14:31:18,11,98930,143402,7300,-730
2026-08-04 14:31:18,11,98583,143446,7362,-731
2026-08-04 14:31:18,11,98227,143492,7426,-732
2026-08-04 14:31:19,11,97874,143537,7489,-730
2026-08-04 14:31:19,11,97519,143583,7553,-729
2026-08-04 14:31:19,11,97165,143628,7618,-730
2026-08-04 14:31:19,11,96813,143673,7681,-728
2026-08-04 14:31:19,11,96459,143718,7745,-726
2026-08-04 14:31:19,11,96105,143763,7808,-726
2026-08-04 14:31:19,11,95752,143808,7871,-724
2026-08-04 14:31:19,11,95400,143853,7933,-724
2026-08-04 14:31:19,11,95047,143898,7996,-724
2026-08-04 14:31:19,11,94696,143942,8058,-725
2026-08-04 14:31:20,11,94342,143987,8121,-724
2026-08-04 14:31:20,11,93992,144032,8184,-722
2026-08-04 14:31:20,11,93639,144077,8247,-720
2026-08-04 14:31:20,11,93290,144121,8311,-719
2026-08-04 14:31:20,11,92937,144165,8375,-720
2026-08-04 14:31:20,11,92587,144210,8438,-722
2026-08-04 14:31:20,11,92234,144254,8501,-723
2026-08-04 14:31:20,11,91876,144300,8566,-723
2026-08-04 14:31:20,11,91523,144345,8630,-724
2026-08-04 14:31:20,11,91169,144390,8694,-724
2026-08-04 14:31:21,11,90819,144434,8758,-723
2026-08-04 14:31:21,11,90470,144478,8821,-721
2026-08-04 14:31:21,11,90113,144524,8887,-721
2026-08-04 14:31:21,11,89760,144568,8952,-722
2026-08-04 14:31:21,11,89409,144613,9017,-722
2026-08-04 14:31:21,11,89061,144657,9081,-723
2026-08-04 14:31:21,11,88710,144702,9144,-722
2026-08-04 14:31:21,11,88352,144747,9209,-724
2026-08-04 14:31:21,11,87993,144793,9275,-727
2026-08-04 14:31:21,11,87642,144838,9338,-729
2026-08-04 14:31:22,11,87291,144883,9402,-731
2026-08-04 14:31:22,11,86937,144928,9466,-732
2026-08-04 14:31:22,11,86580,144974,9531,-730
2026-08-04 14:31:22,11,86225,145020,9595,-729
2026-08-04 14:31:22,11,85869,145065,9660,-731
2026-08-04 14:31:22,11,85510,145111,9724,-734
2026-08-04 14:31:22,11,85160,145157,9787,-735
2026-08-04 14:31:22,11,84802,145203,9851,-740
2026-08-04 14:31:22,11,84446,145250,9914,-745
2026-08-04 14:31:22,11,84100,145295,9976,-752
2026-08-04 14:31:23,11,83749,145342,10039,-761
2026-08-04 14:31:23,11,83402,145389,10101,-769
2026-08-04 14:31:23,11,83052,145437,10163,-780
2026-08-04 14:31:23,11,82696,145486,10225,-789
2026-08-04 14:31:23,11,82338,145536,10288,-798
2026-08-04 14:31:23,11,81974,145587,10352,-807
2026-08-04 14:31:23,11,81613,145639,10416,-820
2026-08-04 14:31:23,11,81250,145692,10480,-828
2026-08-04 14:31:23,11,80878,145746,10548,-836
2026-08-04 14:31:23,11,80506,145801,10616,-844
2026-08-04 14:31:24,11,80133,145857,10685,-854
2026-08-04 14:31:24,11,79761,145914,10754,-863
2026-08-04 14:31:24,11,79353,145976,10829,-873
2026-08-04 14:31:24,11,78936,146041,10905,-880
2026-08-04 14:31:24,11,78519,146106,10981,-889
2026-08-04 14:31:24,11,78059,146178,11066,-896
2026-08-04 14:31:24,11,77592,146252,11151,-903
2026-08-04 14:31:24,11,77122,146327,11238,-912
2026-08-04 14:31:24,11,76647,146404,11325,-915
2026-08-04 14:31:24,11,76110,146491,11423,-918
2026-08-04 14:31:25,11,75557,146580,11521,-925
2026-08-04 14:31:25,11,75003,146671,11618,-932
2026-08-04 14:31:25,11,74376,146775,11728,-938
2026-08-04 14:31:25,11,73699,146887,11849,-944
2026-08-04 14:31:25,11,73107,146986,11955,-951
2026-08-04 14:31:25,11,72467,147094,12072,-953
2026-08-04 14:31:25,11,71792,147207,12197,-958
2026-08-04 14:31:25,11,71123,147321,12322,-966
2026-08-04 14:31:25,11,70454,147435,12448,-968
2026-08-04 14:31:25,11,69794,147548,12574,-972
2026-08-04 14:31:26,11,69132,147662,12700,-975
2026-08-04 14:31:26,11,68463,147777,12827,-980
2026-08-04 14:31:26,11,67791,147893,12954,-982
2026-08-04 14:31:26,11,67145,148006,13075,-986
2026-08-04 14:31:26,11,66491,148120,13196,-990
2026-08-04 14:31:26,11,65848,148232,13317,-991
2026-08-04 14:31:26,11,65248,148337,13430,-990
2026-08-04 14:31:26,11,64644,148443,13546,-994
2026-08-04 14:31:26,11,64043,148548,13663,-994
2026-08-04 14:31:27,11,63442,148654,13780,-1000
2026-08-04 14:31:27,11,62861,148756,13891,-1000
2026-08-04 14:31:27,11,62282,148858,14001,-1000
2026-08-04 14:31:27,11,61706,148960,14111,-1003
2026-08-04 14:31:27,11,61138,149061,14220,-1007
2026-08-04 14:31:27,11,60585,149159,14323,-1012
2026-08-04 14:31:27,11,60047,149256,14423,-1021
2026-08-04 14:31:27,11,59518,149351,14521,-1018
2026-08-04 14:31:27,11,58963,149450,14624,-1009
2026-08-04 14:31:27,11,58416,149547,14725,-1000
2026-08-04 14:31:28,11,57874,149642,14825,-988
2026-08-04 14:31:28,11,57334,149735,14925,-970
2026-08-04 14:31:28,11,56808,149824,15021,-951
2026-08-04 14:31:28,11,56287,149910,15117,-934
2026-08-04 14:31:28,11,55770,149994,15213,-920
2026-08-04 14:31:28,11,55281,150072,15305,-903
2026-08-04 14:31:28,11,54795,150148,15397,-885
2026-08-04 14:31:28,11,54307,150223,15490,-864
2026-08-04 14:31:28,11,53820,150296,15582,-849
2026-08-04 14:31:28,11,53354,150365,15671,-831
2026-08-04 14:31:29,11,52892,150431,15758,-816
2026-08-04 14:31:29,11,52432,150497,15847,-799
2026-08-04 14:31:29,11,51971,150560,15936,-779
2026-08-04 14:31:29,11,51546,150618,16019,-763
2026-08-04 14:31:29,11,51120,150674,16102,-751
2026-08-04 14:31:29,11,50696,150729,16183,-742
2026-08-04 14:31:29,11,50291,150782,16260,-733
2026-08-04 14:31:29,11,49886,150833,16337,-721
2026-08-04 14:31:29,11,49479,150884,16415,-704
2026-08-04 14:31:29,11,49096,150931,16488,-689
2026-08-04 14:31:30,11,48711,150976,16561,-675
2026-08-04 14:31:30,11,48327,151022,16634,-665
2026-08-04 14:31:30,11,47944,151066,16706,-657
2026-08-04 14:31:30,11,47574,151108,16776,-648
2026-08-04 14:31:30,11,47208,151149,16844,-644
2026-08-04 14:31:30,11,46845,151190,16912,-641
2026-08-04 14:31:30,11,46481,151231,16980,-637
2026-08-04 14:31:30,11,46126,151271,17048,-638
2026-08-04 14:31:30,11,45774,151310,17116,-637
2026-08-04 14:31:30,11,45423,151349,17183,-634
2026-08-04 14:31:31,11,45082,151387,17248,-629
2026-08-04 14:31:31,11,44741,151424,17313,-623
2026-08-04 14:31:31,11,44402,151461,17378,-617
2026-08-04 14:31:31,11,44063,151498,17443,-615
2026-08-04 14:31:31,11,43733,151533,17506,-616
2026-08-04 14:31:31,11,43403,151569,17569,-617
2026-08-04 14:31:31,11,43074,151605,17633,-614
2026-08-04 14:31:31,11,42752,151639,17695,-611
2026-08-04 14:31:31,11,42431,151674,17758,-609
2026-08-04 14:31:31,11,42111,151708,17821,-605
2026-08-04 14:31:32,11,41791,151741,17884,-601
2026-08-04 14:31:32,11,41483,151774,17945,-599
2026-08-04 14:31:32,11,41176,151806,18006,-599
2026-08-04 14:31:32,11,40868,151838,18067,-595
2026-08-04 14:31:32,11,40567,151869,18127,-591
2026-08-04 14:31:32,11,40266,151901,18187,-586
2026-08-04 14:31:32,11,39965,151931,18247,-579
2026-08-04 14:31:32,11,39668,151961,18307,-563
2026-08-04 14:31:32,11,39378,151989,18366,-545
2026-08-04 14:31:32,11,39088,152016,18425,-527
2026-08-04 14:31:33,11,38798,152042,18483,-510
2026-08-04 14:31:33,11,38506,152068,18541,-495
2026-08-04 14:31:33,11,38214,152093,18600,-482
2026-08-04 14:31:33,11,37919,152117,18658,-470
2026-08-04 14:31:33,11,37621,152142,18717,-461
2026-08-04 14:31:33,11,37348,152163,18771,-450
2026-08-04 14:31:33,11,37071,152185,18825,-434
2026-08-04 14:31:33,11,36792,152205,18880,-420
2026-08-04 14:31:33,11,36521,152225,18932,-406
2026-08-04 14:31:33,11,36248,152244,18985,-391
2026-08-04 14:31:34,11,35977,152262,19037,-379
2026-08-04 14:31:34,11,35709,152280,19088,-373
2026-08-04 14:31:34,11,35447,152297,19138,-366
2026-08-04 14:31:34,11,35188,152313,19187,-355
2026-08-04 14:31:34,11,34928,152329,19236,-347
2026-08-04 14:31:34,11,34675,152344,19284,-349
2026-08-04 14:31:34,11,34418,152360,19333,-348
2026-08-04 14:31:34,11,34166,152375,19380,-346
2026-08-04 14:31:34,11,33911,152391,19429,-348
2026-08-04 14:31:34,11,33654,152406,19478,-352
2026-08-04 14:31:35,11,33402,152422,19525,-359
2026-08-04 14:31:35,11,33147,152438,19573,-364
2026-08-04 14:31:35,11,32892,152455,19621,-373
2026-08-04 14:31:35,11,32636,152472,19670,-388
2026-08-04 14:31:35,11,32381,152490,19718,-402
2026-08-04 14:31:35,11,32124,152508,19767,-412
2026-08-04 14:31:35,11,31866,152527,19815,-430
2026-08-04 14:31:35,11,31611,152547,19864,-446
2026-08-04 14:31:35,11,31360,152567,19911,-457
2026-08-04 14:31:35,11,31110,152587,19959,-468
2026-08-04 14:31:36,11,30855,152608,20008,-487
2026-08-04 14:31:36,11,30607,152630,20056,-504
2026-08-04 14:31:36,11,30353,152653,20104,-518
2026-08-04 14:31:36,11,30095,152677,20155,-535
2026-08-04 14:31:36,11,29837,152701,20205,-556
2026-08-04 14:31:36,11,29578,152727,20255,-569
2026-08-04 14:31:36,11,29320,152753,20306,-582
2026-08-04 14:31:36,11,29057,152780,20357,-600
2026-08-04 14:31:36,11,28794,152808,20409,-612
2026-08-04 14:31:36,11,28530,152837,20460,-626
2026-08-04 14:31:37,11,28256,152868,20513,-643
2026-08-04 14:31:37,11,27981,152899,20567,-651
2026-08-04 14:31:37,11,27706,152931,20621,-658
2026-08-04 14:31:37,11,27431,152963,20675,-669
2026-08-04 14:31:37,11,27153,152995,20730,-676
2026-08-04 14:31:37,11,26876,153028,20786,-680
2026-08-04 14:31:37,11,26598,153062,20841,-687
2026-08-04 14:31:37,11,26312,153096,20898,-693
2026-08-04 14:31:37,11,26026,153131,20955,-696
2026-08-04 14:31:37,11,25738,153167,21012,-699
2026-08-04 14:31:38,11,25451,153202,21069,-701
2026-08-04 14:31:38,11,25154,153239,21128,-704
2026-08-04 14:31:38,11,24858,153275,21187,-707
2026-08-04 14:31:38,11,24559,153312,21245,-706
2026-08-04 14:31:38,11,24251,153351,21306,-707
2026-08-04 14:31:38,11,23942,153389,21366,-708
2026-08-04 14:31:38,11,23632,153428,21427,-711
2026-08-04 14:31:38,11,23321,153466,21489,-712
2026-08-04 14:31:38,11,22998,153507,21552,-712
2026-08-04 14:31:38,11,22673,153547,21616,-710
2026-08-04 14:31:39,11,22346,153588,21680,-709
2026-08-04 14:31:39,11,22021,153629,21743,-708
2026-08-04 14:31:39,11,21693,153669,21807,-710
2026-08-04 14:31:39,11,21362,153711,21871,-709
2026-08-04 14:31:39,11,21038,153751,21933,-708
2026-08-04 14:31:39,11,20701,153793,21998,-707
2026-08-04 14:31:39,11,20363,153835,22063,-705
2026-08-04 14:31:39,11,20025,153876,22128,-700
2026-08-04 14:31:39,11,19688,153918,22193,-688
2026-08-04 14:31:39,11,19347,153958,22259,-672
2026-08-04 14:31:40,11,19004,153998,22324,-657
2026-08-04 14:31:40,11,18660,154038,22390,-648
2026-08-04 14:31:40,11,18316,154077,22457,-641
2026-08-04 14:31:40,11,17970,154115,22524,-634
2026-08-04 14:31:40,11,17625,154153,22592,-632
2026-08-04 14:31:40,11,17278,154192,22659,-634
2026-08-04 14:31:40,11,16928,154231,22729,-640
2026-08-04 14:31:40,11,16575,154271,22798,-645
2026-08-04 14:31:40,11,16223,154311,22868,-649
2026-08-04 14:31:40,11,15870,154351,22939,-657
2026-08-04 14:31:41,11,15522,154391,23008,-660
2026-08-04 14:31:41,11,15170,154432,23078,-664
2026-08-04 14:31:41,11,14821,154473,23147,-668
2026-08-04 14:31:41,11,14467,154515,23217,-672
2026-08-04 14:31:41,11,14117,154556,23286,-675
2026-08-04 14:31:41,11,13764,154598,23356,-681
2026-08-04 14:31:41,11,13412,154640,23426,-683
2026-08-04 14:31:41,11,13067,154682,23493,-688
2026-08-04 14:31:41,11,12714,154724,23562,-691
2026-08-04 14:31:41,11,12363,154767,23630,-695
2026-08-04 14:31:42,11,12015,154810,23697,-697
2026-08-04 14:31:42,11,11661,154853,23765,-699
2026-08-04 14:31:42,11,11310,154896,23833,-701
2026-08-04 14:31:42,11,10957,154940,23901,-700
2026-08-04 14:31:42,11,10602,154983,23970,-696
2026-08-04 14:31:42,11,10247,155026,24038,-688
2026-08-04 14:31:42,11,9893,155069,24106,-680
2026-08-04 14:31:42,11,9536,155111,24174,-676
2026-08-04 14:31:42,11,9184,155153,24242,-674
2026-08-04 14:31:42,11,8833,155194,24310,-671
2026-08-04 14:31:43,11,8479,155236,24378,-668
2026-08-04 14:31:43,11,8120,155278,24447,-662
2026-08-04 14:31:43,11,7762,155319,24515,-656
2026-08-04 14:31:43,11,7406,155360,24583,-651
2026-08-04 14:31:43,11,7049,155401,24651,-644
2026-08-04 14:31:43,11,6675,155443,24721,-639
2026-08-04 14:31:43,11,6294,155485,24792,-637
2026-08-04 14:31:43,11,5907,155528,24865,-635
2026-08-04 14:31:43,11,5511,155573,24939,-638
2026-08-04 14:31:43,11,5121,155617,25013,-646
2026-08-04 14:31:44,11,4726,155662,25089,-652
2026-08-04 14:31:44,11,4302,155710,25169,-659
2026-08-04 14:31:44,11,3887,155758,25248,-664
2026-08-04 14:31:44,11,3469,155807,25328,-671
2026-08-04 14:31:44,11,3032,155859,25410,-675
2026-08-04 14:31:44,11,2628,155907,25486,-671
2026-08-04 14:31:44,11,2201,155957,25567,-670
2026-08-04 14:31:44,11,1772,156007,25648,-668
2026-08-04 14:31:44,11,1339,156058,25731,-666
2026-08-04 14:31:44,11,901,156109,25815,-668
2026-08-04 14:31:45,11,461,156161,25900,-669
2026-08-04 14:31:45,11,20,156213,25985,-673
2026-08-04 14:31:45,11,-433,156266,26072,-672
2026-08-04 14:31:45,11,-885,156319,26158,-669
2026-08-04 14:31:45,11,-1344,156373,26245,-663
2026-08-04 14:31:45,11,-1794,156425,26331,-658
2026-08-04 14:31:45,11,-2252,156478,26419,-655
2026-08-04 14:31:45,11,-2709,156530,26508,-650
2026-08-04 14:31:45,11,-3165,156582,26596,-647
2026-08-04 14:31:45,11,-3599,156631,26681,-646
2026-08-04 14:31:46,11,-4031,156680,26766,-645
2026-08-04 14:31:46,11,-4466,156730,26850,-645
2026-08-04 14:31:46,11,-4892,156778,26933,-643
2026-08-04 14:31:46,11,-5337,156828,27019,-639
2026-08-04 14:31:46,11,-5779,156877,27104,-637
2026-08-04 14:31:46,11,-6212,156926,27186,-636
2026-08-04 14:31:46,11,-6625,156971,27264,-632
2026-08-04 14:31:46,11,-7036,157017,27343,-631
2026-08-04 14:31:46,11,-7433,157061,27418,-631
2026-08-04 14:31:46,11,-7833,157105,27495,-628
2026-08-04 14:31:47,11,-8210,157147,27568,-625
2026-08-04 14:31:47,11,-8593,157189,27642,-627
2026-08-04 14:31:47,11,-8991,157232,27719,-629
2026-08-04 14:31:47,11,-9381,157275,27793,-632
2026-08-04 14:31:47,11,-9768,157318,27868,-635
2026-08-04 14:31:47,11,-10154,157361,27943,-637
2026-08-04 14:31:47,11,-10538,157404,28019,-639
2026-08-04 14:31:47,11,-10911,157446,28092,-640
2026-08-04 14:31:47,11,-11287,157488,28166,-644
2026-08-04 14:31:47,11,-11660,157531,28240,-649
2026-08-04 14:31:48,11,-12012,157571,28309,-656
2026-08-04 14:31:48,11,-12366,157612,28378,-663
2026-08-04 14:31:48,11,-12719,157653,28446,-670
2026-08-04 14:31:48,11,-13076,157695,28514,-675
2026-08-04 14:31:48,11,-13445,157739,28583,-680
2026-08-04 14:31:48,11,-13795,157781,28649,-686
2026-08-04 14:31:48,11,-14129,157821,28712,-696
2026-08-04 14:31:48,11,-14455,157861,28773,-705
2026-08-04 14:31:48,11,-14818,157906,28842,-712
2026-08-04 14:31:48,11,-15188,157953,28912,-717
2026-08-04 14:31:49,11,-15575,158002,28986,-722
2026-08-04 14:31:49,11,-15966,158051,29060,-725
2026-08-04 14:31:49,11,-16371,158103,29138,-725
2026-08-04 14:31:49,11,-16786,158156,29218,-729
2026-08-04 14:31:49,11,-17200,158209,29298,-733
2026-08-04 14:31:49,11,-17623,158264,29380,-735
2026-08-04 14:31:49,11,-18046,158318,29463,-737
2026-08-04 14:31:49,11,-18467,158373,29546,-745
2026-08-04 14:31:49,11,-18876,158427,29625,-760
2026-08-04 14:31:49,11,-19269,158480,29701,-781
2026-08-04 14:31:50,11,-19669,158535,29779,-810
2026-08-04 14:31:50,11,-20068,158593,29857,-840
2026-08-04 14:31:50,11,-20480,158655,29938,-864
2026-08-04 14:31:50,11,-20892,158718,30019,-885
2026-08-04 14:31:50,11,-21308,158784,30102,-911
2026-08-04 14:31:50,11,-21722,158851,30184,-934
2026-08-04 14:31:50,11,-22131,158919,30265,-956
2026-08-04 14:31:50,11,-22536,158988,30345,-977
2026-08-04 14:31:50,11,-22937,159057,30425,-991
2026-08-04 14:31:50,11,-23330,159126,30504,-1002
2026-08-04 14:31:51,11,-23718,159195,30583,-1006
2026-08-04 14:31:51,11,-24109,159264,30663,-1012
2026-08-04 14:31:51,11,-24498,159334,30742,-1010
2026-08-04 14:31:51,11,-24873,159401,30818,-1002
2026-08-04 14:31:51,11,-25250,159467,30894,-995
2026-08-04 14:31:51,11,-25612,159530,30966,-988
2026-08-04 14:31:51,11,-25989,159596,31043,-980
2026-08-04 14:31:51,11,-26366,159661,31118,-975
2026-08-04 14:31:51,11,-26744,159726,31194,-971
2026-08-04 14:31:51,11,-27121,159790,31269,-958
2026-08-04 14:31:52,11,-27484,159851,31341,-939
2026-08-04 14:31:52,11,-27853,159911,31414,-920
2026-08-04 14:31:52,11,-28208,159968,31484,-902
2026-08-04 14:31:52,11,-28565,160025,31554,-883
2026-08-04 14:31:52,11,-28924,160080,31624,-865
2026-08-04 14:31:52,11,-29291,160135,31695,-841
2026-08-04 14:31:52,11,-29638,160186,31762,-817
2026-08-04 14:31:52,11,-29986,160235,31829,-796
2026-08-04 14:31:52,11,-30334,160283,31897,-776
2026-08-04 14:31:52,11,-30682,160331,31964,-760
2026-08-04 14:31:53,11,-31031,160377,32030,-752
2026-08-04 14:31:53,11,-31385,160424,32096,-750
2026-08-04 14:31:53,11,-31734,160469,32160,-749
2026-08-04 14:31:53,11,-32087,160516,32225,-755
2026-08-04 14:31:53,11,-32439,160563,32290,-759
2026-08-04 14:31:53,11,-32790,160610,32355,-760
2026-08-04 14:31:53,11,-33137,160656,32421,-761
2026-08-04 14:31:53,11,-33485,160702,32487,-761
2026-08-04 14:31:53,11,-33839,160750,32555,-758
2026-08-04 14:31:53,11,-34192,160797,32623,-761
2026-08-04 14:31:54,11,-34547,160844,32692,-764
2026-08-04 14:31:54,11,-34899,160892,32761,-765
2026-08-04 14:31:54,11,-35257,160940,32831,-767
2026-08-04 14:31:54,11,-35611,160988,32900,-769
2026-08-04 14:31:54,11,-35965,161035,32970,-767
2026-08-04 14:31:54,11,-36320,161083,33041,-765
2026-08-04 14:31:54,11,-36672,161130,33111,-766
2026-08-04 14:31:54,11,-37025,161178,33184,-765
2026-08-04 14:31:54,11,-37374,161225,33255,-769
2026-08-04 14:31:54,11,-37722,161272,33326,-773
2026-08-04 14:31:55,11,-38067,161319,33395,-779
2026-08-04 14:31:55,11,-38418,161367,33465,-786
2026-08-04 14:31:55,11,-38770,161416,33535,-793
2026-08-04 14:31:55,11,-39128,161466,33606,-800
2026-08-04 14:31:55,11,-39487,161517,33677,-805
2026-08-04 14:31:55,11,-39850,161568,33749,-811
2026-08-04 14:31:55,11,-40204,161619,33819,-817
2026-08-04 14:31:55,11,-40558,161670,33888,-821
2026-08-04 14:31:55,11,-40920,161722,33959,-827
2026-08-04 14:31:55,11,-41275,161774,34027,-836
2026-08-04 14:31:56,11,-41629,161826,34095,-844
2026-08-04 14:31:56,11,-41986,161879,34163,-851
2026-08-04 14:31:56,11,-42339,161932,34230,-859
2026-08-04 14:31:56,11,-42691,161985,34297,-868
2026-08-04 14:31:56,11,-43045,162040,34365,-875
2026-08-04 14:31:56,11,-43394,162094,34431,-884
2026-08-04 14:31:56,11,-43747,162149,34497,-899
2026-08-04 14:31:56,11,-44096,162204,34562,-917
2026-08-04 14:31:56,11,-44450,162262,34627,-934
2026-08-04 14:31:56,11,-44797,162319,34690,-954
2026-08-04 14:31:57,11,-45144,162378,34753,-978
2026-08-04 14:31:57,11,-45491,162438,34817,-999
2026-08-04 14:31:57,11,-45834,162499,34882,-1018
2026-08-04 14:31:57,11,-46189,162563,34949,-1035
2026-08-04 14:31:57,11,-46534,162627,35015,-1055
2026-08-04 14:31:57,11,-46885,162692,35082,-1075
2026-08-04 14:31:57,11,-47231,162759,35149,-1092
2026-08-04 14:31:57,11,-47581,162826,35216,-1104
2026-08-04 14:31:57,11,-47931,162895,35284,-1115
2026-08-04 14:31:57,11,-48283,162964,35352,-1119
2026-08-04 14:31:58,11,-48623,163032,35418,-1119
2026-08-04 14:31:58,11,-48963,163099,35484,-1113
2026-08-04 14:31:58,11,-49310,163167,35553,-1107
2026-08-04 14:31:58,11,-49656,163235,35622,-1107
2026-08-04 14:31:58,11,-50002,163302,35692,-1104
2026-08-04 14:31:58,11,-50340,163368,35759,-1100
2026-08-04 14:31:58,11,-50679,163434,35826,-1089
2026-08-04 14:31:58,11,-51019,163499,35892,-1074
2026-08-04 14:31:58,11,-51372,163566,35961,-1059
2026-08-04 14:31:58,11,-51727,163632,36030,-1049
2026-08-04 14:31:59,11,-52073,163696,36097,-1036
2026-08-04 14:31:59,11,-52426,163760,36166,-1020
2026-08-04 14:31:59,11,-52776,163823,36234,-1003
2026-08-04 14:31:59,11,-53120,163883,36302,-989
2026-08-04 14:31:59,11,-53472,163944,36370,-975
2026-08-04 14:31:59,11,-53822,164004,36438,-962
2026-08-04 14:31:59,11,-54178,164065,36506,-946
2026-08-04 14:31:59,11,-54529,164123,36573,-929
2026-08-04 14:31:59,11,-54882,164180,36640,-916
2026-08-04 14:31:59,11,-55237,164237,36708,-901
2026-08-04 14:32:00,11,-55588,164292,36775,-883
2026-08-04 14:32:00,11,-55941,164347,36842,-867
2026-08-04 14:32:00,11,-56292,164400,36909,-851
2026-08-04 14:32:00,11,-56639,164452,36974,-832
2026-08-04 14:32:00,11,-56990,164503,37040,-816
2026-08-04 14:32:00,11,-57338,164553,37104,-800
2026-08-04 14:32:00,11,-57687,164601,37169,-778
2026-08-04 14:32:00,11,-58037,164649,37234,-761
2026-08-04 14:32:00,11,-58390,164696,37300,-746
2026-08-04 14:32:00,11,-58738,164741,37365,-729
2026-08-04 14:32:01,11,-59080,164785,37429,-713
2026-08-04 14:32:01,11,-59430,164828,37495,-697
2026-08-04 14:32:01,11,-59783,164871,37561,-684
2026-08-04 14:32:01,11,-60124,164912,37626,-672
2026-08-04 14:32:01,11,-60476,164953,37692,-658
2026-08-04 14:32:01,11,-60826,164993,37759,-645
2026-08-04 14:32:01,11,-61176,165032,37825,-627
2026-08-04 14:32:01,11,-61518,165070,37891,-612
2026-08-04 14:32:01,11,-61871,165107,37959,-598
2026-08-04 14:32:01,11,-62217,165144,38027,-588
2026-08-04 14:32:02,11,-62552,165178,38093,-575
2026-08-04 14:32:02,11,-62880,165211,38158,-564
2026-08-04 14:32:02,11,-63210,165243,38223,-556
2026-08-04 14:32:02,11,-63522,165274,38284,-548
2026-08-04 14:32:02,11,-63840,165304,38346,-543
2026-08-04 14:32:02,11,-64151,165334,38407,-546
2026-08-04 14:32:02,11,-64462,165364,38467,-556
2026-08-04 14:32:02,11,-64777,165394,38529,-564
2026-08-04 14:32:02,11,-65089,165425,38590,-575
2026-08-04 14:32:02,11,-65406,165457,38652,-586
2026-08-04 14:32:03,11,-65716,165489,38713,-591
2026-08-04 14:32:03,11,-66029,165522,38774,-590
2026-08-04 14:32:03,11,-66343,165554,38835,-585
2026-08-04 14:32:03,11,-66657,165586,38896,-577
2026-08-04 14:32:03,11,-66965,165617,38956,-570
2026-08-04 14:32:03,11,-67269,165648,39015,-567
2026-08-04 14:32:03,11,-67567,165677,39073,-567
2026-08-04 14:32:03,11,-67868,165707,39131,-566
2026-08-04 14:32:03,11,-68147,165735,39185,-562
2026-08-04 14:32:03,11,-68429,165763,39239,-558
2026-08-04 14:32:04,11,-68705,165790,39293,-556
2026-08-04 14:32:04,11,-68947,165813,39340,-552
2026-08-04 14:32:04,11,-69193,165837,39387,-552
2026-08-04 14:32:04,11,-69435,165860,39434,-552
2026-08-04 14:32:04,11,-69677,165884,39480,-548
2026-08-04 14:32:04,11,-69883,165903,39520,-543
2026-08-04 14:32:04,11,-70084,165923,39558,-542
2026-08-04 14:32:04,11,-70285,165942,39596,-540
2026-08-04 14:32:04,11,-70485,165961,39634,-539
2026-08-04 14:32:04,11,-70656,165977,39666,-538
2026-08-04 14:32:05,11,-70823,165992,39698,-535
2026-08-04 14:32:05,11,-70989,166008,39729,-534
2026-08-04 14:32:05,11,-71131,166021,39756,-533
2026-08-04 14:32:05,11,-71269,166034,39783,-531
2026-08-04 14:32:05,11,-71404,166047,39809,-531
2026-08-04 14:32:05,11,-71635,166068,39853,-525
2026-08-04 14:32:05,11,-71751,166079,39875,-523
2026-08-04 14:32:05,11,-71867,166089,39897,-521
2026-08-04 14:32:05,11,-71963,166098,39915,-518
2026-08-04 14:32:06,11,-72057,166107,39933,-515
2026-08-04 14:32:06,11,-72149,166115,39951,-512
2026-08-04 14:32:06,11,-72241,166123,39968,-509
2026-08-04 14:32:06,11,-72312,166130,39982,-507
2026-08-04 14:32:06,11,-72381,166136,39995,-505
2026-08-04 14:32:06,11,-72448,166142,40008,-503
2026-08-04 14:32:06,11,-72497,166146,40017,-502
2026-08-04 14:32:06,11,-72546,166150,40027,-500
2026-08-04 14:32:06,11,-72596,166155,40036,-499
2026-08-04 14:32:06,11,-72646,166159,40046,-497
2026-08-04 14:32:07,11,-72698,166163,40055,-495
2026-08-04 14:32:07,11,-72750,166168,40065,-493
2026-08-04 14:32:07,11,-72803,166173,40075,-491
2026-08-04 14:32:07,11,-72855,166177,40085,-489
2026-08-04 14:32:07,11,-72918,166182,40097,-486
2026-08-04 14:32:07,11,-72982,166188,40109,-484
2026-08-04 14:32:07,11,-73049,166193,40122,-481
2026-08-04 14:32:07,11,-73127,166200,40136,-478
2026-08-04 14:32:07,11,-73207,166207,40152,-475
2026-08-04 14:32:07,11,-73293,166214,40168,-472
2026-08-04 14:32:08,11,-73368,166220,40182,-469
2026-08-04 14:32:08,11,-73447,166227,40197,-466
2026-08-04 14:32:08,11,-73524,166233,40212,-463
2026-08-04 14:32:08,11,-73603,166239,40227,-460
2026-08-04 14:32:08,11,-73674,166245,40241,-457
2026-08-04 14:32:08,11,-73745,166251,40254,-456
2026-08-04 14:32:08,11,-73814,166256,40267,-455
2026-08-04 14:32:08,11,-73876,166261,40279,-455
2026-08-04 14:32:08,11,-73893,166262,40283,-456
2026-08-04 14:32:08,11,-73910,166264,40286,-457
2026-08-04 14:32:09,11,-73927,166265,40289,-457
2026-08-04 14:32:09,11,-73944,166266,40292,-457
2026-08-04 14:32:09,11,-73944,166266,40292,-457
2026-08-04 14:32:09,11,-73944,166266,40292,-457
2026-08-04 14:32:09,11,-73944,166266,40292,-458
2026-08-04 14:32:09,11,-73944,166266,40292,-458
2026-08-04 14:32:09,11,-73944,166266,40292,-457
2026-08-04 14:32:09,11,-73944,166266,40292,-457
2026-08-04 14:32:09,11,-73944,166266,40292,-457
2026-08-04 14:32:09,11,-73944,166266,40292,-457
2026-08-04 14:32:10,11,-73944,166266,40292,-457
2026-08-04 14:32:10,11,-73944,166266,40292,-457
2026-08-04 14:32:10,11,-73944,166266,40292,-457
2026-08-04 14:32:10,11,-73944,166266,40292,-457
2026-08-04 14:32:10,11,-73944,166266,40292,-457
2026-08-04 14:32:10,11,-73944,166266,40292,-457
2026-08-04 14:32:10,11,-73944,166266,40292,-458
2026-08-04 14:32:10,11,-73944,166266,40292,-458
2026-08-04 14:32:10,11,-73944,166266,40292,-458
2026-08-04 14:32:10,11,-73944,166266,40292,-458
2026-08-04 14:32:11,11,-73944,166266,40292,-458
2026-08-04 14:32:11,11,-73944,166266,40292,-459
2026-08-04 14:32:11,11,-73944,166266,40292,-459
2026-08-04 14:32:11,11,-73944,166266,40292,-459
2026-08-04 14:32:11,11,-73944,166266,40292,-459
2026-08-04 14:32:11,11,-73944,166266,40292,-459
2026-08-04 14:32:11,11,-73944,166266,40292,-459
2026-08-04 14:32:11,11,-73944,166266,40292,-459
2026-08-04 14:32:11,11,-73944,166266,40292,-459
2026-08-04 14:32:12,11,-73944,166266,40292,-460
2026-08-04 14:32:12,11,-73944,166266,40292,-460
2026-08-04 14:32:12,11,-73944,166266,40292,-460
2026-08-04 14:32:12,11,-73944,166266,40292,-460
2026-08-04 14:32:12,11,-73944,166266,40292,-460
2026-08-04 14:32:12,11,-73944,166266,40292,-461
2026-08-04 14:32:12,11,-73944,166266,40292,-461
2026-08-04 14:32:12,11,-73944,166266,40292,-461
2026-08-04 14:32:12,11,-73944,166266,40292,-461
2026-08-04 14:32:12,11,-73944,166266,40292,-461
2026-08-04 14:32:13,11,-73928,166265,40289,-461
2026-08-04 14:32:13,11,-73911,166264,40286,-461
2026-08-04 14:32:13,11,-73893,166262,40283,-462
2026-08-04 14:32:13,11,-73876,166261,40280,-462
2026-08-04 14:32:13,11,-73876,166261,40280,-462
2026-08-04 14:32:13,11,-73876,166261,40280,-462
2026-08-04 14:32:13,11,-73876,166261,40280,-463
2026-08-04 14:32:13,11,-73876,166261,40280,-463
2026-08-04 14:32:13,11,-73876,166261,40280,-463
2026-08-04 14:32:13,11,-73876,166261,40280,-464
2026-08-04 14:32:14,11,-73876,166261,40280,-465
2026-08-04 14:32:14,11,-73855,166259,40276,-466
2026-08-04 14:32:14,11,-73833,166258,40272,-466
2026-08-04 14:32:14,11,-73823,166257,40270,-468
2026-08-04 14:32:14,11,-73812,166256,40268,-469
2026-08-04 14:32:14,11,-73779,166253,40261,-470
2026-08-04 14:32:14,11,-73747,166250,40255,-472
2026-08-04 14:32:14,11,-73712,166248,40249,-474
2026-08-04 14:32:14,11,-73667,166244,40240,-476
2026-08-04 14:32:14,11,-73621,166240,40231,-479
2026-08-04 14:32:15,11,-73575,166236,40222,-482
2026-08-04 14:32:15,11,-73526,166232,40213,-485
2026-08-04 14:32:15,11,-73456,166226,40200,-488
2026-08-04 14:32:15,11,-73384,166220,40186,-490
2026-08-04 14:32:15,11,-73309,166213,40172,-491
2026-08-04 14:32:15,11,-73221,166206,40155,-494
2026-08-04 14:32:15,11,-73131,166198,40138,-497
2026-08-04 14:32:15,11,-73035,166190,40120,-501
2026-08-04 14:32:15,11,-72940,166181,40102,-504
2026-08-04 14:32:15,11,-72830,166172,40081,-505
2026-08-04 14:32:16,11,-72714,166161,40059,-504
2026-08-04 14:32:16,11,-72595,166151,40037,-503
2026-08-04 14:32:16,11,-72453,166138,40010,-498
2026-08-04 14:32:16,11,-72165,166113,39955,-479
2026-08-04 14:32:16,11,-72022,166101,39928,-465
2026-08-04 14:32:16,11,-71850,166088,39895,-446
2026-08-04 14:32:16,11,-71673,166074,39862,-422
2026-08-04 14:32:16,11,-71312,166048,39793,-364
2026-08-04 14:32:17,11,-71121,166036,39758,-328
2026-08-04 14:32:17,11,-70931,166025,39722,-288
2026-08-04 14:32:17,11,-70738,166016,39686,-242
2026-08-04 14:32:17,11,-70284,165999,39600,-190
2026-08-04 14:32:17,11,-70055,165993,39556,-139
2026-08-04 14:32:17,11,-69826,165990,39512,-81
2026-08-04 14:32:17,11,-69580,165989,39465,-20
2026-08-04 14:32:17,11,-69334,165991,39418,41
2026-08-04 14:32:17,11,-69086,165995,39370,108
2026-08-04 14:32:17,11,-69086,165995,39370,172
2026-08-04 14:32:18,11,-68545,166015,39266,235
2026-08-04 14:32:18,11,-68275,166029,39213,300
2026-08-04 14:32:18,11,-68004,166047,39160,367
2026-08-04 14:32:18,11,-67443,166093,39049,511
2026-08-04 14:32:18,11,-67167,166121,38993,579
2026-08-04 14:32:18,11,-66874,166155,38935,649
2026-08-04 14:32:18,11,-66586,166191,38876,719
2026-08-04 14:32:18,11,-66296,166231,38818,789
2026-08-04 14:32:18,11,-66005,166275,38759,861
2026-08-04 14:32:19,11,-65718,166322,38701,935
2026-08-04 14:32:19,11,-65430,166374,38643,1009
2026-08-04 14:32:19,11,-65144,166428,38584,1072
2026-08-04 14:32:19,11,-64855,166486,38524,1133
2026-08-04 14:32:19,11,-64573,166546,38466,1198
2026-08-04 14:32:19,11,-64291,166609,38409,1255
2026-08-04 14:32:19,11,-64004,166675,38351,1305
2026-08-04 14:32:19,11,-63746,166736,38300,1340
2026-08-04 14:32:19,11,-63486,166799,38248,1358
2026-08-04 14:32:19,11,-63225,166863,38195,1370
2026-08-04 14:32:20,11,-62959,166928,38142,1377
2026-08-04 14:32:20,11,-62697,166992,38090,1370
2026-08-04 14:32:20,11,-62432,167056,38038,1367
2026-08-04 14:32:20,11,-62168,167119,37986,1341
2026-08-04 14:32:20,11,-61895,167183,37931,1313
2026-08-04 14:32:20,11,-61625,167245,37877,1287
2026-08-04 14:32:20,11,-61357,167304,37824,1250
2026-08-04 14:32:20,11,-61101,167359,37774,1211
2026-08-04 14:32:20,11,-60879,167405,37730,1177
2026-08-04 14:32:20,11,-60658,167450,37687,1140
2026-08-04 14:32:21,11,-60436,167493,37643,1098
2026-08-04 14:32:21,11,-60217,167534,37600,1052
2026-08-04 14:32:21,11,-59993,167574,37557,1006
2026-08-04 14:32:21,11,-59764,167613,37513,961
2026-08-04 14:32:21,11,-59540,167648,37470,910
2026-08-04 14:32:21,11,-59361,167675,37435,854
2026-08-04 14:32:21,11,-59185,167700,37401,798
2026-08-04 14:32:21,11,-59016,167722,37368,740
2026-08-04 14:32:21,11,-58846,167742,37335,682
2026-08-04 14:32:21,11,-58689,167760,37304,628
2026-08-04 14:32:22,11,-58534,167775,37274,569
2026-08-04 14:32:22,11,-58382,167788,37244,494
2026-08-04 14:32:22,11,-58226,167800,37214,425
2026-08-04 14:32:22,11,-58068,167810,37183,356
2026-08-04 14:32:22,11,-57911,167818,37152,288
2026-08-04 14:32:22,11,-57751,167824,37122,216
2026-08-04 14:32:22,11,-57600,167828,37093,150
2026-08-04 14:32:22,11,-57456,167830,37065,95
2026-08-04 14:32:22,11,-57313,167831,37037,37
2026-08-04 14:32:22,11,-57196,167831,37015,-16
2026-08-04 14:32:23,11,-57078,167829,36993,-67
2026-08-04 14:32:23,11,-56965,167827,36971,-115
2026-08-04 14:32:23,11,-56851,167824,36949,-155
2026-08-04 14:32:23,11,-56757,167821,36931,-194
2026-08-04 14:32:23,11,-56668,167817,36914,-233
2026-08-04 14:32:23,11,-56581,167813,36897,-267
2026-08-04 14:32:23,11,-56511,167809,36883,-299
2026-08-04 14:32:23,11,-56441,167805,36869,-332
2026-08-04 14:32:23,11,-56373,167801,36856,-363
2026-08-04 14:32:23,11,-56302,167796,36842,-392
2026-08-04 14:32:24,11,-56226,167790,36827,-418
2026-08-04 14:32:24,11,-56151,167785,36812,-443
2026-08-04 14:32:24,11,-56075,167778,36797,-467
2026-08-04 14:32:24,11,-55999,167772,36782,-487
2026-08-04 14:32:24,11,-55931,167766,36768,-506
2026-08-04 14:32:24,11,-55861,167760,36755,-523
2026-08-04 14:32:24,11,-55791,167753,36741,-538
2026-08-04 14:32:24,11,-55721,167746,36727,-546
2026-08-04 14:32:24,11,-55672,167741,36718,-548
2026-08-04 14:32:24,11,-55626,167737,36709,-548
2026-08-04 14:32:25,11,-55579,167733,36700,-547
2026-08-04 14:32:25,11,-55579,167733,36700,-546
2026-08-04 14:32:25,11,-55579,167733,36700,-546
2026-08-04 14:32:25,11,-55579,167733,36700,-545
2026-08-04 14:32:25,11,-55579,167733,36700,-545
2026-08-04 14:32:25,11,-55579,167733,36700,-545
2026-08-04 14:32:25,11,-55579,167733,36700,-545
2026-08-04 14:32:25,11,-55579,167733,36700,-544
2026-08-04 14:32:25,11,-55579,167733,36700,-545
2026-08-04 14:32:26,11,-55579,167733,36700,-545
2026-08-04 14:32:26,11,-55579,167733,36700,-545
2026-08-04 14:32:26,11,-55579,167733,36700,-545
2026-08-04 14:32:26,11,-55579,167733,36700,-544
2026-08-04 14:32:26,11,-55579,167733,36700,-544
2026-08-04 14:32:26,11,-55579,167733,36700,-543
2026-08-04 14:32:26,11,-55579,167733,36700,-543
2026-08-04 14:32:26,11,-55579,167733,36700,-543
2026-08-04 14:32:26,11,-55579,167733,36700,-543
2026-08-04 14:32:27,11,-55579,167733,36700,-543
2026-08-04 14:32:27,11,-55579,167733,36700,-544
2026-08-04 14:32:27,11,-55606,167735,36705,-545
2026-08-04 14:32:27,11,-55633,167738,36710,-546
2026-08-04 14:32:27,11,-55633,167738,36710,-550
2026-08-04 14:32:27,11,-55682,167742,36719,-553
2026-08-04 14:32:27,11,-55744,167748,36731,-559
2026-08-04 14:32:27,11,-55809,167755,36743,-565
2026-08-04 14:32:27,11,-55873,167761,36755,-572
2026-08-04 14:32:27,11,-55955,167770,36770,-582
2026-08-04 14:32:28,11,-56039,167778,36786,-593
2026-08-04 14:32:28,11,-56118,167787,36800,-604
2026-08-04 14:32:28,11,-56203,167796,36816,-616
2026-08-04 14:32:28,11,-56308,167807,36836,-628
2026-08-04 14:32:28,11,-56409,167819,36855,-639
2026-08-04 14:32:28,11,-56508,167830,36873,-650
2026-08-04 14:32:28,11,-56599,167841,36890,-660
2026-08-04 14:32:28,11,-56691,167851,36908,-670
2026-08-04 14:32:28,11,-56783,167862,36924,-681
2026-08-04 14:32:28,11,-56877,167874,36942,-693
2026-08-04 14:32:29,11,-56980,167886,36961,-705
2026-08-04 14:32:29,11,-57081,167899,36980,-712
2026-08-04 14:32:29,11,-57184,167912,36999,-721
2026-08-04 14:32:29,11,-57285,167925,37018,-737
2026-08-04 14:32:29,11,-57393,167939,37038,-747
2026-08-04 14:32:29,11,-57500,167953,37058,-750
2026-08-04 14:32:29,11,-57607,167968,37078,-762
2026-08-04 14:32:29,11,-57698,167980,37095,-771
2026-08-04 14:32:29,11,-57789,167992,37112,-773
2026-08-04 14:32:29,11,-57876,168004,37128,-780
2026-08-04 14:32:30,11,-57961,168016,37144,-789
2026-08-04 14:32:30,11,-58040,168027,37159,-793
2026-08-04 14:32:30,11,-58120,168038,37174,-797
2026-08-04 14:32:30,11,-58202,168050,37189,-802
2026-08-04 14:32:30,11,-58283,168061,37205,-806
2026-08-04 14:32:30,11,-58365,168073,37220,-807
2026-08-04 14:32:30,11,-58446,168084,37235,-809
2026-08-04 14:32:30,11,-58526,168096,37250,-809
2026-08-04 14:32:30,11,-58589,168105,37262,-808
2026-08-04 14:32:30,11,-58650,168113,37273,-808
2026-08-04 14:32:31,11,-58711,168122,37285,-807
2026-08-04 14:32:31,11,-58741,168126,37291,-807
2026-08-04 14:32:31,11,-58771,168131,37296,-806
2026-08-04 14:32:31,11,-58800,168135,37302,-807
2026-08-04 14:32:31,11,-58824,168138,37306,-807
2026-08-04 14:32:31,11,-58824,168138,37306,-807
2026-08-04 14:32:31,11,-58824,168138,37306,-808
2026-08-04 14:32:31,11,-58824,168138,37306,-808
2026-08-04 14:32:31,11,-58824,168138,37306,-808
2026-08-04 14:32:31,11,-58824,168138,37306,-808
2026-08-04 14:32:32,11,-58824,168138,37306,-808
2026-08-04 14:32:32,11,-58824,168138,37306,-807
2026-08-04 14:32:32,11,-58824,168138,37306,-807
2026-08-04 14:32:32,11,-58824,168138,37306,-808
2026-08-04 14:32:32,11,-58824,168138,37306,-808
2026-08-04 14:32:32,11,-58824,168138,37306,-808
2026-08-04 14:32:32,11,-58824,168138,37306,-808
2026-08-04 14:32:32,11,-58824,168138,37306,-808
2026-08-04 14:32:32,11,-58824,168138,37306,-809
2026-08-04 14:32:32,11,-58824,168138,37306,-809
2026-08-04 14:32:33,11,-58824,168138,37306,-809
2026-08-04 14:32:33,11,-58824,168138,37306,-809
2026-08-04 14:32:33,11,-58824,168138,37306,-809
2026-08-04 14:32:33,11,-58824,168138,37306,-809
2026-08-04 14:32:33,11,-58824,168138,37306,-809
2026-08-04 14:32:33,11,-58824,168138,37306,-809
2026-08-04 14:32:33,11,-58824,168138,37306,-809
2026-08-04 14:32:33,11,-58824,168138,37306,-809
2026-08-04 14:32:33,11,-58824,168138,37306,-809
2026-08-04 14:32:33,11,-58824,168138,37306,-810
2026-08-04 14:32:34,11,-58824,168138,37306,-810
2026-08-04 14:32:34,11,-58824,168138,37306,-810
2026-08-04 14:32:34,11,-58824,168138,37306,-810
2026-08-04 14:32:34,11,-58824,168138,37306,-810
2026-08-04 14:32:34,11,-58824,168138,37306,-810
2026-08-04 14:32:34,11,-58824,168138,37306,-810
2026-08-04 14:32:34,11,-58824,168138,37306,-810
2026-08-04 14:32:34,11,-58824,168138,37306,-810
2026-08-04 14:32:34,11,-58824,168138,37306,-811
2026-08-04 14:32:34,11,-58824,168138,37306,-810
2026-08-04 14:32:35,11,-58824,168138,37306,-811
2026-08-04 14:32:35,11,-58824,168138,37306,-811
2026-08-04 14:32:35,11,-58824,168138,37306,-811
2026-08-04 14:32:35,11,-58824,168138,37306,-811
2026-08-04 14:32:35,11,-58824,168138,37306,-811
2026-08-04 14:32:35,11,-58824,168138,37306,-811
2026-08-04 14:32:35,11,-58824,168138,37306,-811
2026-08-04 14:32:35,11,-58824,168138,37306,-811
2026-08-04 14:32:35,11,-58824,168138,37306,-811
2026-08-04 14:32:35,11,-58824,168138,37306,-811
2026-08-04 14:32:36,11,-58824,168138,37306,-812
2026-08-04 14:32:36,11,-58824,168138,37306,-812
2026-08-04 14:32:36,11,-58824,168138,37306,-812
2026-08-04 14:32:36,11,-58824,168138,37306,-812
2026-08-04 14:32:36,11,-58824,168138,37306,-812
2026-08-04 14:32:36,11,-58824,168138,37306,-812
2026-08-04 14:32:36,11,-58824,168138,37306,-812
2026-08-04 14:32:36,11,-58824,168138,37306,-812
2026-08-04 14:32:36,11,-58824,168138,37306,-812
2026-08-04 14:32:36,11,-58824,168138,37306,-812
2026-08-04 14:32:37,11,-58824,168138,37306,-812
2026-08-04 14:32:37,11,-58824,168138,37306,-812
2026-08-04 14:32:37,11,-58824,168138,37306,-813
2026-08-04 14:32:37,11,-58824,168138,37306,-813
2026-08-04 14:32:37,11,-58824,168138,37306,-813
2026-08-04 14:32:37,11,-58824,168138,37306,-813
2026-08-04 14:32:37,11,-58824,168138,37306,-813
2026-08-04 14:32:37,11,-58824,168138,37306,-813
2026-08-04 14:32:37,11,-58824,168138,37306,-813
2026-08-04 14:32:37,11,-58824,168138,37306,-813
2026-08-04 14:32:38,11,-58824,168138,37306,-813
2026-08-04 14:32:38,11,-58824,168138,37306,-813
2026-08-04 14:32:38,11,-58824,168138,37306,-814
2026-08-04 14:32:38,11,-58824,168138,37306,-814
2026-08-04 14:32:38,11,-58824,168138,37306,-814
2026-08-04 14:32:38,11,-58824,168138,37306,-814
2026-08-04 14:32:38,11,-58824,168138,37306,-814
2026-08-04 14:32:38,11,-58824,168138,37306,-814
2026-08-04 14:32:38,11,-58824,168138,37306,-814
2026-08-04 14:32:38,11,-58824,168138,37306,-814
2026-08-04 14:32:39,11,-58824,168138,37306,-814
2026-08-04 14:32:39,11,-58824,168138,37306,-814
2026-08-04 14:32:39,11,-58824,168138,37306,-814
2026-08-04 14:32:39,11,-58824,168138,37306,-814
2026-08-04 14:32:39,11,-58824,168138,37306,-814
2026-08-04 14:32:39,11,-58824,168138,37306,-815
2026-08-04 14:32:39,11,-58824,168138,37306,-815
2026-08-04 14:32:39,11,-58824,168138,37306,-815
2026-08-04 14:32:39,11,-58824,168138,37306,-815
2026-08-04 14:32:39,11,-58824,168138,37306,-815
2026-08-04 14:32:40,11,-58824,168138,37306,-815
2026-08-04 14:32:40,11,-58824,168138,37306,-815
2026-08-04 14:32:40,11,-58824,168138,37306,-815
2026-08-04 14:32:40,11,-58824,168138,37306,-815
2026-08-04 14:32:40,11,-58824,168138,37306,-816
2026-08-04 14:32:40,11,-58824,168138,37306,-816
2026-08-04 14:32:40,11,-58824,168138,37306,-816
2026-08-04 14:32:40,11,-58824,168138,37306,-816
2026-08-04 14:32:40,11,-58824,168138,37306,-816
2026-08-04 14:32:40,11,-58824,168138,37306,-816
2026-08-04 14:32:41,11,-58824,168138,37306,-816
2026-08-04 14:32:41,11,-58824,168138,37306,-816
2026-08-04 14:32:41,11,-58824,168138,37306,-816
2026-08-04 14:32:41,11,-58824,168138,37306,-817
2026-08-04 14:32:41,11,-58824,168138,37306,-817
2026-08-04 14:32:41,11,-58824,168138,37306,-817
2026-08-04 14:32:41,11,-58824,168138,37306,-817
2026-08-04 14:32:41,11,-58824,168138,37306,-817
2026-08-04 14:32:41,11,-58824,168138,37306,-817
2026-08-04 14:32:42,11,-58824,168138,37306,-817
2026-08-04 14:32:42,11,-58824,168138,37306,-817
2026-08-04 14:32:42,11,-58824,168138,37306,-818
2026-08-04 14:32:42,11,-58824,168138,37306,-818
2026-08-04 14:32:42,11,-58824,168138,37306,-818
2026-08-04 14:32:42,11,-58824,168138,37306,-818
2026-08-04 14:32:42,11,-58824,168138,37306,-818
2026-08-04 14:32:42,11,-58824,168138,37306,-818
2026-08-04 14:32:42,11,-58824,168138,37306,-818
2026-08-04 14:32:42,11,-58824,168138,37306,-818
2026-08-04 14:32:43,11,-58824,168138,37306,-818
2026-08-04 14:32:43,11,-58824,168138,37306,-819
2026-08-04 14:32:43,11,-58824,168138,37306,-819
2026-08-04 14:32:43,11,-58824,168138,37306,-819
2026-08-04 14:32:43,11,-58824,168138,37306,-819
2026-08-04 14:32:43,11,-58824,168138,37306,-819
2026-08-04 14:32:43,11,-58824,168138,37306,-819
2026-08-04 14:32:43,11,-58824,168138,37306,-819
2026-08-04 14:32:43,11,-58824,168138,37306,-819
2026-08-04 14:32:43,11,-58824,168138,37306,-819
2026-08-04 14:32:44,11,-58824,168138,37306,-819
2026-08-04 14:32:44,11,-58824,168138,37306,-820
2026-08-04 14:32:44,11,-58824,168138,37306,-820
2026-08-04 14:32:44,11,-58824,168138,37306,-820
2026-08-04 14:32:44,11,-58824,168138,37306,-820
2026-08-04 14:32:44,11,-58824,168138,37306,-820
2026-08-04 14:32:44,11,-58824,168138,37306,-820
2026-08-04 14:32:44,11,-58824,168138,37306,-820
2026-08-04 14:32:44,11,-58824,168138,37306,-820
2026-08-04 14:32:45,11,-58824,168138,37306,-820
2026-08-04 14:32:45,11,-58824,168138,37306,-821
2026-08-04 14:32:45,11,-58824,168138,37306,-820
2026-08-04 14:32:45,11,-58824,168138,37306,-821
2026-08-04 14:32:45,11,-58824,168138,37306,-821
2026-08-04 14:32:45,11,-58824,168138,37306,-821
2026-08-04 14:32:45,11,-58824,168138,37306,-821
2026-08-04 14:32:45,11,-58824,168138,37306,-821
2026-08-04 14:32:45,11,-58824,168138,37306,-821
2026-08-04 14:32:45,11,-58824,168138,37306,-821
2026-08-04 14:32:46,11,-58824,168138,37306,-821
2026-08-04 14:32:46,11,-58824,168138,37306,-821
2026-08-04 14:32:46,11,-58824,168138,37306,-821
2026-08-04 14:32:46,11,-58824,168138,37306,-822
2026-08-04 14:32:46,11,-58824,168138,37306,-822
2026-08-04 14:32:46,11,-58824,168138,37306,-822
2026-08-04 14:32:46,11,-58824,168138,37306,-822
2026-08-04 14:32:46,11,-58824,168138,37306,-822
2026-08-04 14:32:46,11,-58824,168138,37306,-822
2026-08-04 14:32:46,11,-58824,168138,37306,-822
2026-08-04 14:32:47,11,-58824,168138,37306,-822
2026-08-04 14:32:47,11,-58824,168138,37306,-822
2026-08-04 14:32:47,11,-58824,168138,37306,-822
2026-08-04 14:32:47,11,-58824,168138,37306,-822
2026-08-04 14:32:47,11,-58824,168138,37306,-822
2026-08-04 14:32:47,11,-58824,168138,37306,-823
2026-08-04 14:32:47,11,-58824,168138,37306,-823
2026-08-04 14:32:47,11,-58824,168138,37306,-823
2026-08-04 14:32:47,11,-58824,168138,37306,-823
2026-08-04 14:32:47,11,-58824,168138,37306,-823
2026-08-04 14:32:48,11,-58824,168138,37306,-823
2026-08-04 14:32:48,11,-58824,168138,37306,-823
2026-08-04 14:32:48,11,-58824,168138,37306,-823
2026-08-04 14:32:48,11,-58824,168138,37306,-823
2026-08-04 14:32:48,11,-58824,168138,37306,-823
2026-08-04 14:32:48,11,-58824,168138,37306,-823
2026-08-04 14:32:48,11,-58824,168138,37306,-823
2026-08-04 14:32:48,11,-58824,168138,37306,-824
2026-08-04 14:32:48,11,-58824,168138,37306,-824
2026-08-04 14:32:48,11,-58824,168138,37306,-824
2026-08-04 14:32:49,11,-58824,168138,37306,-824
2026-08-04 14:32:49,11,-58824,168138,37306,-824
2026-08-04 14:32:49,11,-58824,168138,37306,-824
2026-08-04 14:32:49,11,-58824,168138,37306,-824
2026-08-04 14:32:49,11,-58824,168138,37306,-824
2026-08-04 14:32:49,11,-58824,168138,37306,-824
2026-08-04 14:32:49,11,-58824,168138,37306,-825
2026-08-04 14:32:49,11,-58824,168138,37306,-825
2026-08-04 14:32:49,11,-58824,168138,37306,-825
2026-08-04 14:32:49,11,-58824,168138,37306,-825
2026-08-04 14:32:50,11,-58824,168138,37306,-825
2026-08-04 14:32:50,11,-58824,168138,37306,-825
2026-08-04 14:32:50,11,-58824,168138,37306,-825
2026-08-04 14:32:50,11,-58824,168138,37306,-825
2026-08-04 14:32:50,11,-58824,168138,37306,-825
2026-08-04 14:32:50,11,-58824,168138,37306,-826
2026-08-04 14:32:50,11,-58824,168138,37306,-826
2026-08-04 14:32:50,11,-58824,168138,37306,-826
2026-08-04 14:32:50,11,-58824,168138,37306,-826
2026-08-04 14:32:50,11,-58824,168138,37306,-826
2026-08-04 14:32:51,11,-58824,168138,37306,-826
