date,speed_kmh,gear
2026-08-04 14:44:14,0.0,
2026-08-04 14:44:14,0.0,0
2026-08-04 14:44:14,0.0,0
2026-08-04 14:44:14,0.0,0
2026-08-04 14:44:14,0.0,0
2026-08-04 14:44:14,0.0,0
2026-08-04 14:44:14,0.0,0
2026-08-04 14:44:14,0.0,0
2026-08-04 14:44:14,0.0,0
2026-08-04 14:44:14,0.0,0
2026-08-04 14:44:14,0.0,0
2026-08-04 14:44:14,0.0,0
2026-08-04 14:44:14,0.0,0
2026-08-04 14:44:14,0.0,0
2026-08-04 14:44:14,0.0,0
2026-08-04 14:44:14,0.0,0
2026-08-04 14:44:15,0.0,0
2026-08-04 14:44:15,0.0,0
2026-08-04 14:44:15,0.0,0
2026-08-04 14:44:15,0.0,0
2026-08-04 14:44:15,0.0,0
2026-08-04 14:44:15,0.0,0
2026-08-04 14:44:15,0.0,0
2026-08-04 14:44:15,0.0,0
2026-08-04 14:44:15,0.0,0
2026-08-04 14:44:15,0.0,0
2026-08-04 14:44:15,0.0,0
2026-08-04 14:44:15,0.0,0
2026-08-04 14:44:15,0.0,0
2026-08-04 14:44:15,0.0,0
2026-08-04 14:44:15,0.0,0
2026-08-04 14:44:15,0.0,0
2026-08-04 14:44:15,0.0,0
2026-08-04 14:44:15,0.0,0
2026-08-04 14:44:15,0.0,0
2026-08-04 14:44:15,0.0,0
2026-08-04 14:44:16,0.0,0
2026-08-04 14:44:16,0.0,0
2026-08-04 14:44:16,0.0,0
2026-08-04 14:44:16,0.0,0
2026-08-04 14:44:16,0.0,0
2026-08-04 14:44:16,0.0,0
2026-08-04 14:44:16,0.0,0
2026-08-04 14:44:16,0.0,0
2026-08-04 14:44:16,0.0,0
2026-08-04 14:44:16,0.0,0
2026-08-04 14:44:16,0.0,0
2026-08-04 14:44:16,0.0,0
2026-08-04 14:44:16,0.0,0
2026-08-04 14:44:16,0.0,0
2026-08-04 14:44:16,0.0,0
2026-08-04 14:44:16,0.0,0
2026-08-04 14:44:16,0.0,0
2026-08-04 14:44:16,0.0,0
2026-08-04 14:44:16,0.0,0
2026-08-04 14:44:16,0.0,0
2026-08-04 14:44:17,0.0,0
2026-08-04 14:44:17,0.0,0
2026-08-04 14:44:17,0.0,0
2026-08-04 14:44:17,0.0,0
2026-08-04 14:44:17,0.0,0
2026-08-04 14:44:17,0.0,0
2026-08-04 14:44:17,0.0,0
2026-08-04 14:44:17,0.0,0
2026-08-04 14:44:17,0.0,0
2026-08-04 14:44:17,0.0,0
2026-08-04 14:44:17,0.0,0
2026-08-04 14:44:17,0.0,0
2026-08-04 14:44:17,0.0,0
2026-08-04 14:44:17,0.0,0
2026-08-04 14:44:17,0.0,0
2026-08-04 14:44:17,0.0,0
2026-08-04 14:44:17,0.0,0
2026-08-04 14:44:17,0.0,0
2026-08-04 14:44:17,0.0,0
2026-08-04 14:44:17,0.0,0
2026-08-04 14:44:18,0.0,0
2026-08-04 14:44:18,0.0,0
2026-08-04 14:44:18,0.0,0
2026-08-04 14:44:18,0.0,0
2026-08-04 14:44:18,0.0,0
2026-08-04 14:44:18,0.0,0
2026-08-04 14:44:18,0.0,0
2026-08-04 14:44:18,0.0,0
2026-08-04 14:44:18,0.0,0
2026-08-04 14:44:18,0.0,0
2026-08-04 14:44:18,0.0,0
2026-08-04 14:44:18,0.0,0
2026-08-04 14:44:18,0.0,0
2026-08-04 14:44:18,0.0,0
2026-08-04 14:44:18,0.0,0
2026-08-04 14:44:18,0.0,0
2026-08-04 14:44:18,0.0,0
2026-08-04 14:44:18,0.0,0
2026-08-04 14:44:18,0.0,0
2026-08-04 14:44:18,0.0,0
2026-08-04 14:44:19,0.0,0
2026-08-04 14:44:19,0.0,0
2026-08-04 14:44:19,0.0,0
2026-08-04 14:44:19,0.0,0
2026-08-04 14:44:19,0.0,0
2026-08-04 14:44:19,0.0,0
2026-08-04 14:44:19,0.0,0
2026-08-04 14:44:19,0.0,0
2026-08-04 14:44:19,0.0,0
2026-08-04 14:44:19,0.0,0
2026-08-04 14:44:19,0.0,0
2026-08-04 14:44:19,0.0,0
2026-08-04 14:44:19,0.0,0
2026-08-04 14:44:19,0.0,0
2026-08-04 14:44:19,0.0,0
2026-08-04 14:44:19,0.0,0
2026-08-04 14:44:19,0.0,0
2026-08-04 14:44:19,0.0,0
2026-08-04 14:44:19,0.0,0
2026-08-04 14:44:19,0.0,0
2026-08-04 14:44:20,0.0,0
2026-08-04 14:44:20,0.0,0
2026-08-04 14:44:20,0.0,0
2026-08-04 14:44:20,0.0,0
2026-08-04 14:44:20,0.0,0
2026-08-04 14:44:20,0.0,0
2026-08-04 14:44:20,0.0,0
2026-08-04 14:44:20,0.0,0
2026-08-04 14:44:20,0.0,0
2026-08-04 14:44:20,0.0,0
2026-08-04 14:44:20,0.0,0
2026-08-04 14:44:20,0.0,0
2026-08-04 14:44:20,0.0,0
2026-08-04 14:44:20,0.0,0
2026-08-04 14:44:20,0.0,0
2026-08-04 14:44:20,0.0,0
2026-08-04 14:44:20,0.0,0
2026-08-04 14:44:20,0.0,0
2026-08-04 14:44:20,0.0,0
2026-08-04 14:44:20,0.0,0
2026-08-04 14:44:21,0.0,0
2026-08-04 14:44:21,0.0,0
2026-08-04 14:44:21,0.0,0
2026-08-04 14:44:21,0.0,0
2026-08-04 14:44:21,0.0,0
2026-08-04 14:44:21,0.0,0
2026-08-04 14:44:21,0.0,0
2026-08-04 14:44:21,0.0,0
2026-08-04 14:44:21,0.0,0
2026-08-04 14:44:21,0.0,0
2026-08-04 14:44:21,0.0,0
2026-08-04 14:44:21,0.0,0
2026-08-04 14:44:21,0.0,0
2026-08-04 14:44:21,0.0,0
2026-08-04 14:44:21,0.0,0
2026-08-04 14:44:21,0.0,0
2026-08-04 14:44:21,0.0,0
2026-08-04 14:44:21,0.0,0
2026-08-04 14:44:21,0.0,0
2026-08-04 14:44:21,0.0,0
2026-08-04 14:44:22,0.0,0
2026-08-04 14:44:22,0.0,0
2026-08-04 14:44:22,0.0,0
2026-08-04 14:44:22,0.0,0
2026-08-04 14:44:22,0.0,0
2026-08-04 14:44:22,0.0,0
2026-08-04 14:44:22,0.0,0
2026-08-04 14:44:22,0.0,0
2026-08-04 14:44:22,0.0,0
2026-08-04 14:44:22,0.0,0
2026-08-04 14:44:22,0.0,0
2026-08-04 14:44:22,0.0,0
2026-08-04 14:44:22,0.0,0
2026-08-04 14:44:22,0.0,0
2026-08-04 14:44:22,0.0,0
2026-08-04 14:44:22,0.0,0
2026-08-04 14:44:22,0.0,0
2026-08-04 14:44:22,0.0,0
2026-08-04 14:44:22,0.0,0
2026-08-04 14:44:22,0.0,0
2026-08-04 14:44:23,0.0,0
2026-08-04 14:44:23,0.0,0
2026-08-04 14:44:23,0.0,0
2026-08-04 14:44:23,0.0,0
2026-08-04 14:44:23,0.0,0
2026-08-04 14:44:23,0.0,0
2026-08-04 14:44:23,0.0,0
2026-08-04 14:44:23,0.0,0
2026-08-04 14:44:23,0.0,0
2026-08-04 14:44:23,0.0,0
2026-08-04 14:44:23,0.0,0
2026-08-04 14:44:23,0.0,0
2026-08-04 14:44:23,0.0,0
2026-08-04 14:44:23,0.0,0
2026-08-04 14:44:23,0.0,0
2026-08-04 14:44:23,0.0,0
2026-08-04 14:44:23,0.0,0
2026-08-04 14:44:23,0.0,0
2026-08-04 14:44:23,0.0,0
2026-08-04 14:44:23,0.0,0
2026-08-04 14:44:24,0.0,0
2026-08-04 14:44:24,0.0,0
2026-08-04 14:44:24,0.0,0
2026-08-04 14:44:24,0.0,0
2026-08-04 14:44:24,0.0,0
2026-08-04 14:44:24,0.0,0
2026-08-04 14:44:24,0.0,0
2026-08-04 14:44:24,0.0,0
2026-08-04 14:44:24,0.0,0
2026-08-04 14:44:24,0.0,0
2026-08-04 14:44:24,0.0,0
2026-08-04 14:44:24,0.0,0
2026-08-04 14:44:24,0.0,0
2026-08-04 14:44:24,0.0,0
2026-08-04 14:44:24,0.0,0
2026-08-04 14:44:24,0.0,0
2026-08-04 14:44:24,0.0,0
2026-08-04 14:44:24,0.0,0
2026-08-04 14:44:24,0.0,0
2026-08-04 14:44:24,0.0,0
2026-08-04 14:44:25,0.0,0
2026-08-04 14:44:25,0.0,0
2026-08-04 14:44:25,0.0,0
2026-08-04 14:44:25,0.0,0
2026-08-04 14:44:25,0.0,0
2026-08-04 14:44:25,0.0,0
2026-08-04 14:44:25,0.0,0
2026-08-04 14:44:25,0.0,0
2026-08-04 14:44:25,0.0,0
2026-08-04 14:44:25,0.0,0
2026-08-04 14:44:25,0.0,0
2026-08-04 14:44:25,0.0,0
2026-08-04 14:44:25,0.0,0
2026-08-04 14:44:25,0.0,0
2026-08-04 14:44:25,0.0,0
2026-08-04 14:44:25,0.0,0
2026-08-04 14:44:25,0.0,0
2026-08-04 14:44:25,0.0,0
2026-08-04 14:44:25,0.0,0
2026-08-04 14:44:25,0.0,0
2026-08-04 14:44:26,0.0,0
2026-08-04 14:44:26,0.0,0
2026-08-04 14:44:26,0.0,0
2026-08-04 14:44:26,0.0,0
2026-08-04 14:44:26,0.0,0
2026-08-04 14:44:26,0.0,0
2026-08-04 14:44:26,0.0,0
2026-08-04 14:44:26,0.0,0
2026-08-04 14:44:26,0.0,0
2026-08-04 14:44:26,0.0,0
2026-08-04 14:44:26,0.0,0
2026-08-04 14:44:26,0.0,0
2026-08-04 14:44:26,0.0,0
2026-08-04 14:44:26,0.0,0
2026-08-04 14:44:26,0.0,0
2026-08-04 14:44:26,0.0,0
2026-08-04 14:44:26,0.0,0
2026-08-04 14:44:26,0.0,0
2026-08-04 14:44:26,0.0,0
2026-08-04 14:44:26,0.0,0
2026-08-04 14:44:27,0.0,0
2026-08-04 14:44:27,0.0,0
2026-08-04 14:44:27,0.0,0
2026-08-04 14:44:27,0.0,0
2026-08-04 14:44:27,0.0,0
2026-08-04 14:44:27,0.0,0
2026-08-04 14:44:27,0.0,0
2026-08-04 14:44:27,0.0,0
2026-08-04 14:44:27,0.0,0
2026-08-04 14:44:27,0.0,0
2026-08-04 14:44:27,0.0,0
2026-08-04 14:44:27,0.0,0
2026-08-04 14:44:27,0.0,0
2026-08-04 14:44:27,0.0,0
2026-08-04 14:44:27,0.0,0
2026-08-04 14:44:27,0.0,0
2026-08-04 14:44:27,0.0,0
2026-08-04 14:44:27,0.0,0
2026-08-04 14:44:27,0.0,0
2026-08-04 14:44:27,0.0,0
2026-08-04 14:44:28,0.0,0
2026-08-04 14:44:28,0.0,0
2026-08-04 14:44:28,0.0,0
2026-08-04 14:44:28,0.0,0
2026-08-04 14:44:28,0.0,0
2026-08-04 14:44:28,0.0,0
2026-08-04 14:44:28,0.0,0
2026-08-04 14:44:28,0.0,0
2026-08-04 14:44:28,0.0,0
2026-08-04 14:44:28,0.0,0
2026-08-04 14:44:28,0.0,0
2026-08-04 14:44:28,0.0,0
2026-08-04 14:44:28,0.0,0
2026-08-04 14:44:28,0.0,0
2026-08-04 14:44:28,0.0,0
2026-08-04 14:44:28,0.0,0
2026-08-04 14:44:28,0.0,0
2026-08-04 14:44:28,0.0,0
2026-08-04 14:44:28,0.0,0
2026-08-04 14:44:28,0.0,0
2026-08-04 14:44:29,0.0,0
2026-08-04 14:44:29,0.0,0
2026-08-04 14:44:29,0.0,0
2026-08-04 14:44:29,0.0,0
2026-08-04 14:44:29,0.0,0
2026-08-04 14:44:29,0.0,0
2026-08-04 14:44:29,0.0,0
2026-08-04 14:44:29,0.0,0
2026-08-04 14:44:29,0.0,0
2026-08-04 14:44:29,0.0,0
2026-08-04 14:44:29,0.0,0
2026-08-04 14:44:29,0.0,0
2026-08-04 14:44:29,0.0,0
2026-08-04 14:44:29,0.0,0
2026-08-04 14:44:29,0.0,0
2026-08-04 14:44:29,0.0,0
2026-08-04 14:44:29,0.0,0
2026-08-04 14:44:29,0.0,0
2026-08-04 14:44:29,0.0,0
2026-08-04 14:44:29,0.0,0
2026-08-04 14:44:30,0.0,0
2026-08-04 14:44:30,0.0,0
2026-08-04 14:44:30,0.0,0
2026-08-04 14:44:30,0.0,0
2026-08-04 14:44:30,0.0,0
2026-08-04 14:44:30,0.0,0
2026-08-04 14:44:30,0.0,0
2026-08-04 14:44:30,0.0,0
2026-08-04 14:44:30,0.0,0
2026-08-04 14:44:30,0.0,0
2026-08-04 14:44:30,0.0,0
2026-08-04 14:44:30,0.0,0
2026-08-04 14:44:30,0.0,0
2026-08-04 14:44:30,0.0,0
2026-08-04 14:44:30,0.0,0
2026-08-04 14:44:30,0.0,0
2026-08-04 14:44:30,0.0,0
2026-08-04 14:44:30,0.0,0
2026-08-04 14:44:30,0.0,0
2026-08-04 14:44:30,0.0,0
2026-08-04 14:44:31,0.0,0
2026-08-04 14:44:31,0.0,0
2026-08-04 14:44:31,0.0,0
2026-08-04 14:44:31,0.0,0
2026-08-04 14:44:31,0.0,0
2026-08-04 14:44:31,0.0,0
2026-08-04 14:44:31,0.0,0
2026-08-04 14:44:31,0.0,0
2026-08-04 14:44:31,0.0,0
2026-08-04 14:44:31,0.0,0
2026-08-04 14:44:31,0.0,0
2026-08-04 14:44:31,0.0,0
2026-08-04 14:44:31,0.0,0
2026-08-04 14:44:31,0.0,0
2026-08-04 14:44:31,0.0,0
2026-08-04 14:44:31,0.0,0
2026-08-04 14:44:31,0.0,0
2026-08-04 14:44:31,0.0,0
2026-08-04 14:44:31,0.0,0
2026-08-04 14:44:31,0.0,0
2026-08-04 14:44:32,0.0,0
2026-08-04 14:44:32,0.0,0
2026-08-04 14:44:32,0.0,0
2026-08-04 14:44:32,0.0,0
2026-08-04 14:44:32,0.0,0
2026-08-04 14:44:32,0.0,0
2026-08-04 14:44:32,0.0,0
2026-08-04 14:44:32,0.0,0
2026-08-04 14:44:32,0.0,0
2026-08-04 14:44:32,0.0,0
2026-08-04 14:44:32,0.0,0
2026-08-04 14:44:32,0.0,0
2026-08-04 14:44:32,0.0,0
2026-08-04 14:44:32,0.0,0
2026-08-04 14:44:32,0.0,0
2026-08-04 14:44:32,0.0,0
2026-08-04 14:44:32,0.0,0
2026-08-04 14:44:32,0.0,0
2026-08-04 14:44:32,0.0,0
2026-08-04 14:44:32,0.0,0
2026-08-04 14:44:33,0.0,0
2026-08-04 14:44:33,0.0,0
2026-08-04 14:44:33,0.0,0
2026-08-04 14:44:33,0.0,0
2026-08-04 14:44:33,0.0,0
2026-08-04 14:44:33,0.0,0
2026-08-04 14:44:33,0.0,0
2026-08-04 14:44:33,0.0,0
2026-08-04 14:44:33,0.0,0
2026-08-04 14:44:33,0.0,0
2026-08-04 14:44:33,0.0,0
2026-08-04 14:44:33,0.0,0
2026-08-04 14:44:33,0.0,0
2026-08-04 14:44:33,0.0,0
2026-08-04 14:44:33,0.0,0
2026-08-04 14:44:33,0.0,0
2026-08-04 14:44:33,0.0,0
2026-08-04 14:44:33,0.0,0
2026-08-04 14:44:33,0.0,0
2026-08-04 14:44:33,0.0,0
2026-08-04 14:44:34,0.0,0
2026-08-04 14:44:34,0.0,0
2026-08-04 14:44:34,0.0,0
2026-08-04 14:44:34,0.0,0
2026-08-04 14:44:34,0.0,0
2026-08-04 14:44:34,0.0,0
2026-08-04 14:44:34,0.0,0
2026-08-04 14:44:34,0.0,0
2026-08-04 14:44:34,0.0,0
2026-08-04 14:44:34,0.0,0
2026-08-04 14:44:34,0.0,0
2026-08-04 14:44:34,0.0,0
2026-08-04 14:44:34,0.0,0
2026-08-04 14:44:34,0.0,0
2026-08-04 14:44:34,0.0,0
2026-08-04 14:44:34,0.0,0
2026-08-04 14:44:34,0.0,0
2026-08-04 14:44:34,0.0,0
2026-08-04 14:44:34,0.0,0
2026-08-04 14:44:34,0.0,0
2026-08-04 14:44:35,0.0,0
2026-08-04 14:44:35,0.0,0
2026-08-04 14:44:35,0.0,0
2026-08-04 14:44:35,0.0,0
2026-08-04 14:44:35,0.0,0
2026-08-04 14:44:35,0.0,0
2026-08-04 14:44:35,0.0,0
2026-08-04 14:44:35,0.0,0
2026-08-04 14:44:35,0.0,0
2026-08-04 14:44:35,0.0,0
2026-08-04 14:44:35,0.0,0
2026-08-04 14:44:35,0.0,0
2026-08-04 14:44:35,0.0,0
2026-08-04 14:44:35,0.0,0
2026-08-04 14:44:35,0.0,0
2026-08-04 14:44:35,0.0,0
2026-08-04 14:44:35,0.0,0
2026-08-04 14:44:35,0.0,0
2026-08-04 14:44:35,0.0,0
2026-08-04 14:44:35,0.0,0
2026-08-04 14:44:36,0.0,0
2026-08-04 14:44:36,0.0,0
2026-08-04 14:44:36,0.0,0
2026-08-04 14:44:36,0.0,0
2026-08-04 14:44:36,0.0,0
2026-08-04 14:44:36,0.0,0
2026-08-04 14:44:36,0.0,0
2026-08-04 14:44:36,0.0,0
2026-08-04 14:44:36,0.0,0
2026-08-04 14:44:36,0.0,0
2026-08-04 14:44:36,0.0,0
2026-08-04 14:44:36,0.0,0
2026-08-04 14:44:36,0.0,0
2026-08-04 14:44:36,0.0,0
2026-08-04 14:44:36,0.0,0
2026-08-04 14:44:36,0.0,0
2026-08-04 14:44:36,0.0,0
2026-08-04 14:44:36,0.0,0
2026-08-04 14:44:36,0.0,0
2026-08-04 14:44:36,0.0,0
2026-08-04 14:44:37,0.0,0
2026-08-04 14:44:37,0.0,0
2026-08-04 14:44:37,0.0,0
2026-08-04 14:44:37,0.0,0
2026-08-04 14:44:37,0.0,0
2026-08-04 14:44:37,0.0,0
2026-08-04 14:44:37,0.0,0
2026-08-04 14:44:37,0.0,0
2026-08-04 14:44:37,0.0,0
2026-08-04 14:44:37,0.0,0
2026-08-04 14:44:37,0.0,0
2026-08-04 14:44:37,0.0,0
2026-08-04 14:44:37,0.0,0
2026-08-04 14:44:37,0.0,0
2026-08-04 14:44:37,0.0,0
2026-08-04 14:44:37,0.0,0
2026-08-04 14:44:37,0.0,0
2026-08-04 14:44:37,0.0,0
2026-08-04 14:44:37,0.0,0
2026-08-04 14:44:37,0.0,0
2026-08-04 14:44:38,0.0,0
2026-08-04 14:44:38,0.0,0
2026-08-04 14:44:38,0.0,0
2026-08-04 14:44:38,0.0,0
2026-08-04 14:44:38,0.0,0
2026-08-04 14:44:38,0.0,0
2026-08-04 14:44:38,0.0,0
2026-08-04 14:44:38,0.0,0
2026-08-04 14:44:38,0.0,0
2026-08-04 14:44:38,0.0,0
2026-08-04 14:44:38,0.0,0
2026-08-04 14:44:38,0.0,0
2026-08-04 14:44:38,0.0,0
2026-08-04 14:44:38,0.0,0
2026-08-04 14:44:38,0.0,0
2026-08-04 14:44:38,0.0,0
2026-08-04 14:44:38,0.0,0
2026-08-04 14:44:38,0.0,0
2026-08-04 14:44:38,0.0,0
2026-08-04 14:44:38,0.0,0
2026-08-04 14:44:39,0.0,0
2026-08-04 14:44:39,0.0,0
2026-08-04 14:44:39,0.0,0
2026-08-04 14:44:39,0.0,0
2026-08-04 14:44:39,0.0,0
2026-08-04 14:44:39,0.0,0
2026-08-04 14:44:39,0.0,0
2026-08-04 14:44:39,0.0,0
2026-08-04 14:44:39,0.0,0
2026-08-04 14:44:39,0.0,0
2026-08-04 14:44:39,0.0,0
2026-08-04 14:44:39,0.0,0
2026-08-04 14:44:39,0.0,0
2026-08-04 14:44:39,0.0,0
2026-08-04 14:44:39,0.0,0
2026-08-04 14:44:39,0.0,0
2026-08-04 14:44:39,0.0,0
2026-08-04 14:44:39,0.0,0
2026-08-04 14:44:39,0.0,0
2026-08-04 14:44:39,0.0,0
2026-08-04 14:44:40,0.0,0
2026-08-04 14:44:40,0.0,0
2026-08-04 14:44:40,0.0,0
2026-08-04 14:44:40,0.0,0
2026-08-04 14:44:40,0.0,0
2026-08-04 14:44:40,0.0,0
2026-08-04 14:44:40,0.0,0
2026-08-04 14:44:40,0.0,0
2026-08-04 14:44:40,0.0,0
2026-08-04 14:44:40,0.0,0
2026-08-04 14:44:40,0.0,0
2026-08-04 14:44:40,0.0,0
2026-08-04 14:44:40,0.0,0
2026-08-04 14:44:40,0.0,0
2026-08-04 14:44:40,0.0,0
2026-08-04 14:44:40,0.0,0
2026-08-04 14:44:40,0.0,0
2026-08-04 14:44:40,0.0,0
2026-08-04 14:44:40,0.0,0
2026-08-04 14:44:40,0.0,0
2026-08-04 14:44:41,0.0,0
2026-08-04 14:44:41,0.0,0
2026-08-04 14:44:41,0.0,0
2026-08-04 14:44:41,0.0,0
2026-08-04 14:44:41,0.0,0
2026-08-04 14:44:41,0.0,0
2026-08-04 14:44:41,0.0,0
2026-08-04 14:44:41,0.0,0
2026-08-04 14:44:41,0.0,0
2026-08-04 14:44:41,0.0,0
2026-08-04 14:44:41,0.0,0
2026-08-04 14:44:41,0.0,0
2026-08-04 14:44:41,0.0,0
2026-08-04 14:44:41,0.0,0
2026-08-04 14:44:41,0.0,0
2026-08-04 14:44:41,0.0,0
2026-08-04 14:44:41,0.0,0
2026-08-04 14:44:41,0.0,0
2026-08-04 14:44:41,0.0,0
2026-08-04 14:44:41,0.0,0
2026-08-04 14:44:42,0.0,0
2026-08-04 14:44:42,0.0,0
2026-08-04 14:44:42,0.0,0
2026-08-04 14:44:42,0.0,0
2026-08-04 14:44:42,0.0,0
2026-08-04 14:44:42,0.0,0
2026-08-04 14:44:42,0.0,0
2026-08-04 14:44:42,0.0,0
2026-08-04 14:44:42,0.0,0
2026-08-04 14:44:42,0.0,0
2026-08-04 14:44:42,0.0,0
2026-08-04 14:44:42,0.0,0
2026-08-04 14:44:42,0.0,0
2026-08-04 14:44:42,0.0,0
2026-08-04 14:44:42,0.0,0
2026-08-04 14:44:42,0.0,0
2026-08-04 14:44:42,0.0,0
2026-08-04 14:44:42,0.0,0
2026-08-04 14:44:42,0.0,0
2026-08-04 14:44:42,0.0,0
2026-08-04 14:44:43,0.0,0
2026-08-04 14:44:43,0.0,0
2026-08-04 14:44:43,0.0,0
2026-08-04 14:44:43,0.0,0
2026-08-04 14:44:43,0.0,0
2026-08-04 14:44:43,0.0,0
2026-08-04 14:44:43,0.0,0
2026-08-04 14:44:43,0.0,0
2026-08-04 14:44:43,0.0,0
2026-08-04 14:44:43,0.0,0
2026-08-04 14:44:43,0.0,0
2026-08-04 14:44:43,0.0,0
2026-08-04 14:44:43,0.0,0
2026-08-04 14:44:43,0.0,0
2026-08-04 14:44:43,0.0,0
2026-08-04 14:44:43,0.0,0
2026-08-04 14:44:43,0.0,0
2026-08-04 14:44:43,0.0,0
2026-08-04 14:44:43,0.0,0
2026-08-04 14:44:43,0.0,0
2026-08-04 14:44:44,0.0,0
2026-08-04 14:44:44,0.0,0
2026-08-04 14:44:44,0.0,0
2026-08-04 14:44:44,0.0,0
2026-08-04 14:44:44,0.0,0
2026-08-04 14:44:44,0.0,0
2026-08-04 14:44:44,0.0,0
2026-08-04 14:44:44,0.0,0
2026-08-04 14:44:44,0.0,0
2026-08-04 14:44:44,0.0,0
2026-08-04 14:44:44,0.0,0
2026-08-04 14:44:44,0.0,0
2026-08-04 14:44:44,0.0,0
2026-08-04 14:44:44,0.0,0
2026-08-04 14:44:44,0.0,0
2026-08-04 14:44:44,0.0,0
2026-08-04 14:44:44,0.0,0
2026-08-04 14:44:44,0.0,0
2026-08-04 14:44:44,0.0,0
2026-08-04 14:44:44,0.0,0
2026-08-04 14:44:45,0.0,0
2026-08-04 14:44:45,0.0,0
2026-08-04 14:44:45,0.0,0
2026-08-04 14:44:45,0.0,0
2026-08-04 14:44:45,0.0,0
2026-08-04 14:44:45,0.0,0
2026-08-04 14:44:45,0.0,0
2026-08-04 14:44:45,0.0,0
2026-08-04 14:44:45,0.0,0
2026-08-04 14:44:45,0.0,0
2026-08-04 14:44:45,0.0,0
2026-08-04 14:44:45,0.0,0
2026-08-04 14:44:45,0.0,0
2026-08-04 14:44:45,0.0,0
2026-08-04 14:44:45,0.0,0
2026-08-04 14:44:45,0.0,0
2026-08-04 14:44:45,0.0,0
2026-08-04 14:44:45,0.0,0
2026-08-04 14:44:45,0.0,0
2026-08-04 14:44:45,0.0,0
2026-08-04 14:44:46,0.0,0
2026-08-04 14:44:46,0.0,0
2026-08-04 14:44:46,0.0,0
2026-08-04 14:44:46,0.0,0
2026-08-04 14:44:46,0.0,0
2026-08-04 14:44:46,0.0,0
2026-08-04 14:44:46,0.0,0
2026-08-04 14:44:46,0.0,0
2026-08-04 14:44:46,0.0,0
2026-08-04 14:44:46,0.0,0
2026-08-04 14:44:46,0.0,0
2026-08-04 14:44:46,0.0,0
2026-08-04 14:44:46,0.0,0
2026-08-04 14:44:46,0.0,0
2026-08-04 14:44:46,0.0,0
2026-08-04 14:44:46,0.0,0
2026-08-04 14:44:46,0.0,0
2026-08-04 14:44:46,0.0,0
2026-08-04 14:44:46,0.0,0
2026-08-04 14:44:46,0.0,0
2026-08-04 14:44:47,0.0,0
2026-08-04 14:44:47,0.0,0
2026-08-04 14:44:47,0.0,0
2026-08-04 14:44:47,0.0,0
2026-08-04 14:44:47,0.0,0
2026-08-04 14:44:47,0.0,0
2026-08-04 14:44:47,0.0,0
2026-08-04 14:44:47,0.0,0
2026-08-04 14:44:47,0.0,0
2026-08-04 14:44:47,0.0,0
2026-08-04 14:44:47,0.0,0
2026-08-04 14:44:47,0.0,0
2026-08-04 14:44:47,0.0,0
2026-08-04 14:44:47,0.0,0
2026-08-04 14:44:47,0.0,0
2026-08-04 14:44:47,0.0,0
2026-08-04 14:44:47,0.0,0
2026-08-04 14:44:47,0.0,0
2026-08-04 14:44:47,0.0,0
2026-08-04 14:44:47,0.0,0
2026-08-04 14:44:48,0.0,0
2026-08-04 14:44:48,0.0,0
2026-08-04 14:44:48,0.0,0
2026-08-04 14:44:48,0.0,0
2026-08-04 14:44:48,0.0,0
2026-08-04 14:44:48,0.0,0
2026-08-04 14:44:48,0.0,0
2026-08-04 14:44:48,0.0,0
2026-08-04 14:44:48,0.0,0
2026-08-04 14:44:48,0.0,0
2026-08-04 14:44:48,0.0,0
2026-08-04 14:44:48,0.0,0
2026-08-04 14:44:48,0.0,0
2026-08-04 14:44:48,0.0,0
2026-08-04 14:44:48,0.0,0
2026-08-04 14:44:48,0.0,0
2026-08-04 14:44:48,0.0,0
2026-08-04 14:44:48,0.0,0
2026-08-04 14:44:48,0.0,0
2026-08-04 14:44:48,0.0,0
2026-08-04 14:44:49,0.0,0
2026-08-04 14:44:49,0.0,0
2026-08-04 14:44:49,0.0,0
2026-08-04 14:44:49,0.0,0
2026-08-04 14:44:49,0.0,0
2026-08-04 14:44:49,0.0,0
2026-08-04 14:44:49,0.0,0
2026-08-04 14:44:49,0.0,0
2026-08-04 14:44:49,0.0,0
2026-08-04 14:44:49,0.0,0
2026-08-04 14:44:49,0.0,0
2026-08-04 14:44:49,0.0,0
2026-08-04 14:44:49,0.0,0
2026-08-04 14:44:49,0.0,0
2026-08-04 14:44:49,0.0,0
2026-08-04 14:44:49,0.0,0
2026-08-04 14:44:49,0.0,0
2026-08-04 14:44:49,0.0,0
2026-08-04 14:44:49,0.0,0
2026-08-04 14:44:49,0.0,0
2026-08-04 14:44:50,0.0,0
2026-08-04 14:44:50,0.0,0
2026-08-04 14:44:50,0.0,0
2026-08-04 14:44:50,0.0,0
2026-08-04 14:44:50,0.0,0
2026-08-04 14:44:50,0.0,0
2026-08-04 14:44:50,0.0,0
2026-08-04 14:44:50,0.0,0
2026-08-04 14:44:50,0.0,0
2026-08-04 14:44:50,0.0,0
2026-08-04 14:44:50,0.0,0
2026-08-04 14:44:50,0.0,0
2026-08-04 14:44:50,0.0,0
2026-08-04 14:44:50,0.0,0
2026-08-04 14:44:50,0.0,0
2026-08-04 14:44:50,0.0,0
2026-08-04 14:44:50,0.0,0
2026-08-04 14:44:50,0.0,0
2026-08-04 14:44:50,0.0,0
2026-08-04 14:44:50,0.0,0
2026-08-04 14:44:51,0.0,0
2026-08-04 14:44:51,0.0,0
2026-08-04 14:44:51,0.0,0
2026-08-04 14:44:51,0.0,0
2026-08-04 14:44:51,0.0,0
2026-08-04 14:44:51,0.0,0
2026-08-04 14:44:51,0.0,0
2026-08-04 14:44:51,0.0,0
2026-08-04 14:44:51,0.0,0
2026-08-04 14:44:51,0.0,0
2026-08-04 14:44:51,0.0,0
2026-08-04 14:44:51,0.0,0
2026-08-04 14:44:51,0.0,0
2026-08-04 14:44:51,0.0,0
2026-08-04 14:44:51,0.0,0
2026-08-04 14:44:51,0.0,0
2026-08-04 14:44:51,0.0,0
2026-08-04 14:44:51,0.0,0
2026-08-04 14:44:51,0.0,0
2026-08-04 14:44:51,0.0,0
2026-08-04 14:44:52,0.0,0
2026-08-04 14:44:52,0.0,0
2026-08-04 14:44:52,0.0,0
2026-08-04 14:44:52,0.0,0
2026-08-04 14:44:52,0.0,0
2026-08-04 14:44:52,0.0,0
2026-08-04 14:44:52,0.0,0
2026-08-04 14:44:52,0.0,0
2026-08-04 14:44:52,0.0,0
2026-08-04 14:44:52,0.0,0
2026-08-04 14:44:52,0.0,0
2026-08-04 14:44:52,0.0,0
2026-08-04 14:44:52,0.0,0
2026-08-04 14:44:52,0.0,0
2026-08-04 14:44:52,0.0,0
2026-08-04 14:44:52,0.0,0
2026-08-04 14:44:52,0.0,0
2026-08-04 14:44:52,0.0,0
2026-08-04 14:44:52,0.0,0
2026-08-04 14:44:52,0.0,0
2026-08-04 14:44:53,0.0,0
2026-08-04 14:44:53,0.0,0
2026-08-04 14:44:53,0.0,0
2026-08-04 14:44:53,0.0,0
2026-08-04 14:44:53,0.0,0
2026-08-04 14:44:53,0.0,0
2026-08-04 14:44:53,0.0,0
2026-08-04 14:44:53,0.0,0
2026-08-04 14:44:53,0.0,0
2026-08-04 14:44:53,0.0,0
2026-08-04 14:44:53,0.0,0
2026-08-04 14:44:53,0.0,0
2026-08-04 14:44:53,0.0,0
2026-08-04 14:44:53,0.0,0
2026-08-04 14:44:53,0.0,0
2026-08-04 14:44:53,0.0,0
2026-08-04 14:44:53,0.0,0
2026-08-04 14:44:53,0.0,0
2026-08-04 14:44:53,0.0,0
2026-08-04 14:44:53,0.0,0
2026-08-04 14:44:54,0.0,0
2026-08-04 14:44:54,0.0,0
2026-08-04 14:44:54,0.0,0
2026-08-04 14:44:54,0.0,0
2026-08-04 14:44:54,0.0,0
2026-08-04 14:44:54,0.0,0
2026-08-04 14:44:54,0.0,0
2026-08-04 14:44:54,0.0,0
2026-08-04 14:44:54,0.0,0
2026-08-04 14:44:54,0.0,0
2026-08-04 14:44:54,0.0,0
2026-08-04 14:44:54,0.0,0
2026-08-04 14:44:54,0.0,0
2026-08-04 14:44:54,0.0,0
2026-08-04 14:44:54,0.0,0
2026-08-04 14:44:54,0.0,0
2026-08-04 14:44:54,0.0,0
2026-08-04 14:44:54,0.0,0
2026-08-04 14:44:54,0.0,0
2026-08-04 14:44:54,0.0,0
2026-08-04 14:44:55,0.0,0
2026-08-04 14:44:55,0.0,0
2026-08-04 14:44:55,0.0,0
2026-08-04 14:44:55,0.0,0
2026-08-04 14:44:55,0.0,0
2026-08-04 14:44:55,0.0,0
2026-08-04 14:44:55,0.0,0
2026-08-04 14:44:55,0.0,0
2026-08-04 14:44:55,0.0,0
2026-08-04 14:44:55,0.0,0
2026-08-04 14:44:55,0.0,0
2026-08-04 14:44:55,0.0,0
2026-08-04 14:44:55,0.0,0
2026-08-04 14:44:55,0.0,0
2026-08-04 14:44:55,0.0,0
2026-08-04 14:44:55,0.0,0
2026-08-04 14:44:55,0.0,0
2026-08-04 14:44:55,0.0,0
2026-08-04 14:44:55,0.0,0
2026-08-04 14:44:55,0.0,0
2026-08-04 14:44:56,0.0,0
2026-08-04 14:44:56,0.0,0
2026-08-04 14:44:56,0.0,0
2026-08-04 14:44:56,0.0,0
2026-08-04 14:44:56,0.0,0
2026-08-04 14:44:56,0.0,0
2026-08-04 14:44:56,0.0,0
2026-08-04 14:44:56,0.0,0
2026-08-04 14:44:56,0.0,0
2026-08-04 14:44:56,0.0,0
2026-08-04 14:44:56,0.0,0
2026-08-04 14:44:56,0.0,0
2026-08-04 14:44:56,0.0,0
2026-08-04 14:44:56,0.0,0
2026-08-04 14:44:56,0.0,0
2026-08-04 14:44:56,0.0,0
2026-08-04 14:44:56,0.0,0
2026-08-04 14:44:56,0.0,0
2026-08-04 14:44:56,0.0,0
2026-08-04 14:44:56,0.0,0
2026-08-04 14:44:57,0.0,0
2026-08-04 14:44:57,0.0,0
2026-08-04 14:44:57,0.0,0
2026-08-04 14:44:57,0.0,0
2026-08-04 14:44:57,0.0,0
2026-08-04 14:44:57,0.0,0
2026-08-04 14:44:57,0.0,0
2026-08-04 14:44:57,0.0,0
2026-08-04 14:44:57,0.0,0
2026-08-04 14:44:57,0.0,0
2026-08-04 14:44:57,0.0,0
2026-08-04 14:44:57,0.0,0
2026-08-04 14:44:57,0.0,0
2026-08-04 14:44:57,0.0,0
2026-08-04 14:44:57,0.0,0
2026-08-04 14:44:57,0.0,0
2026-08-04 14:44:57,0.0,0
2026-08-04 14:44:57,0.0,0
2026-08-04 14:44:57,0.0,0
2026-08-04 14:44:57,0.0,0
2026-08-04 14:44:58,0.0,0
2026-08-04 14:44:58,0.0,0
2026-08-04 14:44:58,0.0,0
2026-08-04 14:44:58,0.0,0
2026-08-04 14:44:58,0.0,0
2026-08-04 14:44:58,0.0,0
2026-08-04 14:44:58,0.0,0
2026-08-04 14:44:58,0.0,0
2026-08-04 14:44:58,0.0,0
2026-08-04 14:44:58,0.0,0
2026-08-04 14:44:58,0.0,0
2026-08-04 14:44:58,0.0,0
2026-08-04 14:44:58,0.0,0
2026-08-04 14:44:58,0.0,0
2026-08-04 14:44:58,0.0,0
2026-08-04 14:44:58,0.0,0
2026-08-04 14:44:58,0.0,0
2026-08-04 14:44:58,0.0,0
2026-08-04 14:44:58,0.0,0
2026-08-04 14:44:58,0.0,0
2026-08-04 14:44:59,0.0,0
2026-08-04 14:44:59,0.0,0
2026-08-04 14:44:59,0.0,0
2026-08-04 14:44:59,0.0,0
2026-08-04 14:44:59,0.0,0
2026-08-04 14:44:59,0.0,0
2026-08-04 14:44:59,0.0,0
2026-08-04 14:44:59,0.0,0
2026-08-04 14:44:59,0.0,0
2026-08-04 14:44:59,0.0,0
2026-08-04 14:44:59,0.0,0
2026-08-04 14:44:59,0.0,0
2026-08-04 14:44:59,0.0,0
2026-08-04 14:44:59,0.0,0
2026-08-04 14:44:59,0.0,0
2026-08-04 14:44:59,0.0,0
2026-08-04 14:44:59,0.0,0
2026-08-04 14:44:59,0.0,0
2026-08-04 14:44:59,0.0,0
2026-08-04 14:44:59,0.0,0
2026-08-04 14:45:00,0.0,0
2026-08-04 14:45:00,0.0,0
2026-08-04 14:45:00,0.0,0
2026-08-04 14:45:00,0.0,0
2026-08-04 14:45:00,0.0,0
2026-08-04 14:45:00,0.0,0
2026-08-04 14:45:00,0.0,0
2026-08-04 14:45:00,0.0,0
2026-08-04 14:45:00,0.0,0
2026-08-04 14:45:00,0.0,0
2026-08-04 14:45:00,0.0,0
2026-08-04 14:45:00,0.0,0
2026-08-04 14:45:00,0.0,0
2026-08-04 14:45:00,0.0,0
2026-08-04 14:45:00,0.0,0
2026-08-04 14:45:00,0.0,0
2026-08-04 14:45:00,0.0,0
2026-08-04 14:45:00,0.0,0
2026-08-04 14:45:00,0.0,0
2026-08-04 14:45:00,0.0,0
2026-08-04 14:45:01,0.0,0
2026-08-04 14:45:01,0.0,0
2026-08-04 14:45:01,0.0,0
2026-08-04 14:45:01,0.0,0
2026-08-04 14:45:01,0.0,0
2026-08-04 14:45:01,0.0,0
2026-08-04 14:45:01,0.0,0
2026-08-04 14:45:01,0.0,0
2026-08-04 14:45:01,0.0,0
2026-08-04 14:45:01,0.0,0
2026-08-04 14:45:01,0.0,0
2026-08-04 14:45:01,0.0,0
2026-08-04 14:45:01,0.0,0
2026-08-04 14:45:01,0.0,0
2026-08-04 14:45:01,0.0,0
2026-08-04 14:45:01,0.0,0
2026-08-04 14:45:01,0.0,0
2026-08-04 14:45:01,0.0,0
2026-08-04 14:45:01,0.0,0
2026-08-04 14:45:01,0.0,0
2026-08-04 14:45:02,0.0,0
2026-08-04 14:45:02,0.0,0
2026-08-04 14:45:02,0.0,0
2026-08-04 14:45:02,0.0,0
2026-08-04 14:45:02,0.0,0
2026-08-04 14:45:02,0.0,0
2026-08-04 14:45:02,0.0,0
2026-08-04 14:45:02,0.0,0
2026-08-04 14:45:02,0.0,0
2026-08-04 14:45:02,0.0,0
2026-08-04 14:45:02,0.0,0
2026-08-04 14:45:02,0.0,0
2026-08-04 14:45:02,0.0,0
2026-08-04 14:45:02,0.0,0
2026-08-04 14:45:02,0.0,0
2026-08-04 14:45:02,0.0,0
2026-08-04 14:45:02,0.0,0
2026-08-04 14:45:02,0.0,0
2026-08-04 14:45:02,0.0,0
2026-08-04 14:45:02,0.0,0
2026-08-04 14:45:03,0.0,0
2026-08-04 14:45:03,0.0,0
2026-08-04 14:45:03,0.0,0
2026-08-04 14:45:03,0.0,0
2026-08-04 14:45:03,0.0,0
2026-08-04 14:45:03,0.0,0
2026-08-04 14:45:03,0.0,0
2026-08-04 14:45:03,0.0,0
2026-08-04 14:45:03,0.0,0
2026-08-04 14:45:03,0.0,0
2026-08-04 14:45:03,0.0,0
2026-08-04 14:45:03,0.0,0
2026-08-04 14:45:03,0.0,0
2026-08-04 14:45:03,0.0,0
2026-08-04 14:45:03,0.0,0
2026-08-04 14:45:03,0.0,0
2026-08-04 14:45:03,0.0,0
2026-08-04 14:45:03,0.0,0
2026-08-04 14:45:03,0.0,0
2026-08-04 14:45:03,0.0,0
2026-08-04 14:45:04,0.0,0
2026-08-04 14:45:04,0.0,0
2026-08-04 14:45:04,0.0,0
2026-08-04 14:45:04,0.0,0
2026-08-04 14:45:04,0.0,0
2026-08-04 14:45:04,0.0,0
2026-08-04 14:45:04,0.0,0
2026-08-04 14:45:04,0.0,0
2026-08-04 14:45:04,0.0,0
2026-08-04 14:45:04,0.0,0
2026-08-04 14:45:04,0.0,0
2026-08-04 14:45:04,0.0,0
2026-08-04 14:45:04,0.0,0
2026-08-04 14:45:04,0.0,0
2026-08-04 14:45:04,0.0,0
2026-08-04 14:45:04,0.0,0
2026-08-04 14:45:04,0.0,0
2026-08-04 14:45:04,0.0,0
2026-08-04 14:45:04,0.0,0
2026-08-04 14:45:04,0.0,0
2026-08-04 14:45:05,0.0,0
2026-08-04 14:45:05,0.0,0
2026-08-04 14:45:05,0.0,0
2026-08-04 14:45:05,0.0,0
2026-08-04 14:45:05,0.0,0
2026-08-04 14:45:05,0.0,0
2026-08-04 14:45:05,0.0,0
2026-08-04 14:45:05,0.0,0
2026-08-04 14:45:05,0.0,0
2026-08-04 14:45:05,0.0,0
2026-08-04 14:45:05,0.0,0
2026-08-04 14:45:05,0.0,0
2026-08-04 14:45:05,0.0,0
2026-08-04 14:45:05,0.0,0
2026-08-04 14:45:05,0.0,0
2026-08-04 14:45:05,0.0,0
2026-08-04 14:45:05,0.0,0
2026-08-04 14:45:05,0.0,0
2026-08-04 14:45:05,0.0,0
2026-08-04 14:45:05,0.0,0
2026-08-04 14:45:06,0.0,0
2026-08-04 14:45:06,0.0,0
2026-08-04 14:45:06,0.0,0
2026-08-04 14:45:06,0.0,0
2026-08-04 14:45:06,0.0,0
2026-08-04 14:45:06,0.0,0
2026-08-04 14:45:06,0.0,0
2026-08-04 14:45:06,0.0,0
2026-08-04 14:45:06,0.0,0
2026-08-04 14:45:06,0.0,0
2026-08-04 14:45:06,0.0,0
2026-08-04 14:45:06,0.0,0
2026-08-04 14:45:06,0.0,0
2026-08-04 14:45:06,0.0,0
2026-08-04 14:45:06,0.0,0
2026-08-04 14:45:06,0.0,0
2026-08-04 14:45:06,0.0,0
2026-08-04 14:45:06,0.0,0
2026-08-04 14:45:06,0.0,0
2026-08-04 14:45:06,0.0,0
2026-08-04 14:45:07,0.0,0
2026-08-04 14:45:07,0.0,0
2026-08-04 14:45:07,0.0,0
2026-08-04 14:45:07,0.0,0
2026-08-04 14:45:07,0.0,0
2026-08-04 14:45:07,0.0,0
2026-08-04 14:45:07,0.0,0
2026-08-04 14:45:07,0.0,0
2026-08-04 14:45:07,0.0,0
2026-08-04 14:45:07,0.0,0
2026-08-04 14:45:07,0.0,0
2026-08-04 14:45:07,0.0,0
2026-08-04 14:45:07,0.0,0
2026-08-04 14:45:07,0.0,0
2026-08-04 14:45:07,0.0,0
2026-08-04 14:45:07,0.0,0
2026-08-04 14:45:07,0.0,0
2026-08-04 14:45:07,0.0,0
2026-08-04 14:45:07,0.0,0
2026-08-04 14:45:07,0.0,0
2026-08-04 14:45:08,0.0,0
2026-08-04 14:45:08,0.0,0
2026-08-04 14:45:08,0.0,0
2026-08-04 14:45:08,0.0,0
2026-08-04 14:45:08,0.0,0
2026-08-04 14:45:08,0.0,0
2026-08-04 14:45:08,0.0,0
2026-08-04 14:45:08,0.0,0
2026-08-04 14:45:08,0.0,0
2026-08-04 14:45:08,0.0,0
2026-08-04 14:45:08,0.0,0
2026-08-04 14:45:08,0.0,0
2026-08-04 14:45:08,0.0,0
2026-08-04 14:45:08,0.0,0
2026-08-04 14:45:08,0.0,0
2026-08-04 14:45:08,0.0,0
2026-08-04 14:45:08,0.0,0
2026-08-04 14:45:08,0.0,0
2026-08-04 14:45:08,0.0,0
2026-08-04 14:45:08,0.0,0
2026-08-04 14:45:09,0.0,0
2026-08-04 14:45:09,0.0,0
2026-08-04 14:45:09,0.0,0
2026-08-04 14:45:09,0.0,0
2026-08-04 14:45:09,0.0,0
2026-08-04 14:45:09,0.0,0
2026-08-04 14:45:09,0.0,0
2026-08-04 14:45:09,0.0,0
2026-08-04 14:45:09,0.0,0
2026-08-04 14:45:09,0.0,0
2026-08-04 14:45:09,0.0,0
2026-08-04 14:45:09,0.0,0
2026-08-04 14:45:09,0.0,0
2026-08-04 14:45:09,0.0,0
2026-08-04 14:45:09,0.0,0
2026-08-04 14:45:09,0.0,0
2026-08-04 14:45:09,0.0,0
2026-08-04 14:45:09,0.0,0
2026-08-04 14:45:09,0.0,0
2026-08-04 14:45:09,0.0,0
2026-08-04 14:45:10,0.0,0
2026-08-04 14:45:10,0.0,0
2026-08-04 14:45:10,0.0,0
2026-08-04 14:45:10,0.0,0
2026-08-04 14:45:10,0.0,0
2026-08-04 14:45:10,0.0,0
2026-08-04 14:45:10,0.0,0
2026-08-04 14:45:10,0.0,0
2026-08-04 14:45:10,0.0,0
2026-08-04 14:45:10,0.0,0
2026-08-04 14:45:10,0.0,0
2026-08-04 14:45:10,0.0,0
2026-08-04 14:45:10,0.0,0
2026-08-04 14:45:10,0.0,0
2026-08-04 14:45:10,0.0,0
2026-08-04 14:45:10,0.0,0
2026-08-04 14:45:10,0.0,0
2026-08-04 14:45:10,0.0,0
2026-08-04 14:45:10,0.0,0
2026-08-04 14:45:10,0.0,0
2026-08-04 14:45:11,0.0,0
2026-08-04 14:45:11,0.0,0
2026-08-04 14:45:11,0.0,0
2026-08-04 14:45:11,0.0,0
2026-08-04 14:45:11,0.0,0
2026-08-04 14:45:11,0.0,0
2026-08-04 14:45:11,0.0,0
2026-08-04 14:45:11,0.0,0
2026-08-04 14:45:11,0.0,0
2026-08-04 14:45:11,0.0,0
2026-08-04 14:45:11,0.0,0
2026-08-04 14:45:11,0.0,0
2026-08-04 14:45:11,0.0,0
2026-08-04 14:45:11,0.0,0
2026-08-04 14:45:11,0.0,0
2026-08-04 14:45:11,0.0,0
2026-08-04 14:45:11,0.0,0
2026-08-04 14:45:11,0.0,0
2026-08-04 14:45:11,0.0,0
2026-08-04 14:45:11,0.0,0
2026-08-04 14:45:12,0.0,0
2026-08-04 14:45:12,0.0,0
2026-08-04 14:45:12,0.0,0
2026-08-04 14:45:12,0.0,0
2026-08-04 14:45:12,0.0,0
2026-08-04 14:45:12,0.0,0
2026-08-04 14:45:12,0.0,0
2026-08-04 14:45:12,0.0,0
2026-08-04 14:45:12,0.0,0
2026-08-04 14:45:12,0.0,0
2026-08-04 14:45:12,0.0,0
2026-08-04 14:45:12,0.0,0
2026-08-04 14:45:12,0.0,0
2026-08-04 14:45:12,0.0,0
2026-08-04 14:45:12,0.0,0
2026-08-04 14:45:12,0.0,0
2026-08-04 14:45:12,0.0,0
2026-08-04 14:45:12,0.0,0
2026-08-04 14:45:12,0.0,0
2026-08-04 14:45:12,0.0,0
2026-08-04 14:45:13,0.0,0
2026-08-04 14:45:13,0.0,0
2026-08-04 14:45:13,0.0,0
2026-08-04 14:45:13,0.0,0
2026-08-04 14:45:13,0.0,0
2026-08-04 14:45:13,0.0,0
2026-08-04 14:45:13,0.0,0
2026-08-04 14:45:13,0.0,0
2026-08-04 14:45:13,0.0,0
2026-08-04 14:45:13,0.0,0
2026-08-04 14:45:13,0.0,0
2026-08-04 14:45:13,0.0,0
2026-08-04 14:45:13,0.0,0
2026-08-04 14:45:13,0.0,0
2026-08-04 14:45:13,0.0,0
2026-08-04 14:45:13,0.0,0
2026-08-04 14:45:13,0.0,0
2026-08-04 14:45:13,0.0,0
2026-08-04 14:45:13,0.0,0
2026-08-04 14:45:13,0.0,0
2026-08-04 14:45:14,0.0,0
2026-08-04 14:45:14,0.0,0
2026-08-04 14:45:14,0.0,0
2026-08-04 14:45:14,0.0,0
2026-08-04 14:45:14,0.0,0
2026-08-04 14:45:14,0.0,0
2026-08-04 14:45:14,0.0,0
2026-08-04 14:45:14,0.0,0
2026-08-04 14:45:14,0.0,0
2026-08-04 14:45:14,0.0,0
2026-08-04 14:45:14,0.0,0
2026-08-04 14:45:14,0.0,0
2026-08-04 14:45:14,0.0,0
2026-08-04 14:45:14,0.0,0
2026-08-04 14:45:14,0.0,0
2026-08-04 14:45:14,0.0,0
2026-08-04 14:45:14,0.0,0
2026-08-04 14:45:14,0.0,0
2026-08-04 14:45:14,0.0,0
2026-08-04 14:45:14,0.0,0
2026-08-04 14:45:15,0.0,0
2026-08-04 14:45:15,0.0,0
2026-08-04 14:45:15,0.0,0
2026-08-04 14:45:15,0.0,0
2026-08-04 14:45:15,0.0,0
2026-08-04 14:45:15,0.0,0
2026-08-04 14:45:15,0.0,0
2026-08-04 14:45:15,0.0,0
2026-08-04 14:45:15,0.0,0
2026-08-04 14:45:15,0.0,0
2026-08-04 14:45:15,0.0,0
2026-08-04 14:45:15,0.0,0
2026-08-04 14:45:15,0.0,0
2026-08-04 14:45:15,0.0,0
2026-08-04 14:45:15,0.0,0
2026-08-04 14:45:15,0.0,0
2026-08-04 14:45:15,0.0,0
2026-08-04 14:45:15,0.0,0
2026-08-04 14:45:15,0.0,0
2026-08-04 14:45:15,0.0,0
2026-08-04 14:45:16,0.0,0
2026-08-04 14:45:16,0.0,0
2026-08-04 14:45:16,0.0,0
2026-08-04 14:45:16,0.0,0
2026-08-04 14:45:16,0.0,0
2026-08-04 14:45:16,0.0,0
2026-08-04 14:45:16,0.0,0
2026-08-04 14:45:16,0.0,0
2026-08-04 14:45:16,0.0,0
2026-08-04 14:45:16,0.0,0
2026-08-04 14:45:16,0.0,0
2026-08-04 14:45:16,0.0,0
2026-08-04 14:45:16,0.0,0
2026-08-04 14:45:16,0.0,0
2026-08-04 14:45:16,0.0,0
2026-08-04 14:45:16,0.0,0
2026-08-04 14:45:16,0.0,0
2026-08-04 14:45:16,0.0,0
2026-08-04 14:45:16,0.0,0
2026-08-04 14:45:16,0.0,0
2026-08-04 14:45:17,0.0,0
2026-08-04 14:45:17,0.0,0
2026-08-04 14:45:17,0.0,0
2026-08-04 14:45:17,0.0,0
2026-08-04 14:45:17,0.0,0
2026-08-04 14:45:17,0.0,0
2026-08-04 14:45:17,0.0,0
2026-08-04 14:45:17,0.0,0
2026-08-04 14:45:17,0.0,0
2026-08-04 14:45:17,0.0,0
2026-08-04 14:45:17,0.0,0
2026-08-04 14:45:17,0.0,0
2026-08-04 14:45:17,0.0,0
2026-08-04 14:45:17,0.0,0
2026-08-04 14:45:17,0.0,0
2026-08-04 14:45:17,0.0,0
2026-08-04 14:45:17,0.0,0
2026-08-04 14:45:17,0.0,0
2026-08-04 14:45:17,0.0,0
2026-08-04 14:45:17,0.0,0
2026-08-04 14:45:18,0.0,0
2026-08-04 14:45:18,0.0,0
2026-08-04 14:45:18,0.0,0
2026-08-04 14:45:18,0.0,0
2026-08-04 14:45:18,0.0,0
2026-08-04 14:45:18,0.0,0
2026-08-04 14:45:18,0.0,0
2026-08-04 14:45:18,0.0,0
2026-08-04 14:45:18,0.0,0
2026-08-04 14:45:18,0.0,0
2026-08-04 14:45:18,0.0,0
2026-08-04 14:45:18,0.0,0
2026-08-04 14:45:18,0.0,0
2026-08-04 14:45:18,0.0,0
2026-08-04 14:45:18,0.0,0
2026-08-04 14:45:18,0.0,0
2026-08-04 14:45:18,0.0,0
2026-08-04 14:45:18,0.0,0
2026-08-04 14:45:18,0.0,0
2026-08-04 14:45:18,0.0,0
2026-08-04 14:45:19,0.0,0
2026-08-04 14:45:19,0.0,0
2026-08-04 14:45:19,0.0,0
2026-08-04 14:45:19,0.0,0
2026-08-04 14:45:19,0.0,0
2026-08-04 14:45:19,0.0,0
2026-08-04 14:45:19,0.0,0
2026-08-04 14:45:19,0.0,0
2026-08-04 14:45:19,0.0,0
2026-08-04 14:45:19,0.0,0
2026-08-04 14:45:19,0.0,0
2026-08-04 14:45:19,0.0,0
2026-08-04 14:45:19,0.0,0
2026-08-04 14:45:19,0.0,0
2026-08-04 14:45:19,0.0,0
2026-08-04 14:45:19,0.0,0
2026-08-04 14:45:19,0.0,0
2026-08-04 14:45:19,0.0,0
2026-08-04 14:45:19,0.0,0
2026-08-04 14:45:19,0.0,0
2026-08-04 14:45:20,0.0,0
2026-08-04 14:45:20,0.0,0
2026-08-04 14:45:20,0.0,0
2026-08-04 14:45:20,0.0,0
2026-08-04 14:45:20,0.0,0
2026-08-04 14:45:20,0.0,0
2026-08-04 14:45:20,0.0,0
2026-08-04 14:45:20,0.0,0
2026-08-04 14:45:20,0.0,0
2026-08-04 14:45:20,0.0,0
2026-08-04 14:45:20,0.0,0
2026-08-04 14:45:20,0.0,0
2026-08-04 14:45:20,0.0,0
2026-08-04 14:45:20,0.0,0
2026-08-04 14:45:20,0.0,0
2026-08-04 14:45:20,0.0,0
2026-08-04 14:45:20,0.0,0
2026-08-04 14:45:20,0.0,0
2026-08-04 14:45:20,0.0,0
2026-08-04 14:45:20,0.0,0
2026-08-04 14:45:21,0.0,0
2026-08-04 14:45:21,0.0,0
2026-08-04 14:45:21,0.0,0
2026-08-04 14:45:21,0.0,0
2026-08-04 14:45:21,0.0,0
2026-08-04 14:45:21,0.0,0
2026-08-04 14:45:21,0.0,0
2026-08-04 14:45:21,0.0,0
2026-08-04 14:45:21,0.0,0
2026-08-04 14:45:21,0.0,0
2026-08-04 14:45:21,0.0,0
2026-08-04 14:45:21,0.0,0
2026-08-04 14:45:21,0.0,0
2026-08-04 14:45:21,0.0,0
2026-08-04 14:45:21,0.0,0
2026-08-04 14:45:21,0.0,0
2026-08-04 14:45:21,0.0,0
2026-08-04 14:45:21,0.0,0
2026-08-04 14:45:21,0.0,0
2026-08-04 14:45:21,0.0,0
2026-08-04 14:45:22,0.0,0
2026-08-04 14:45:22,0.0,0
2026-08-04 14:45:22,0.0,0
2026-08-04 14:45:22,0.0,0
2026-08-04 14:45:22,0.0,0
2026-08-04 14:45:22,0.0,0
2026-08-04 14:45:22,0.0,0
2026-08-04 14:45:22,0.0,0
2026-08-04 14:45:22,0.0,0
2026-08-04 14:45:22,0.0,0
2026-08-04 14:45:22,0.0,0
2026-08-04 14:45:22,0.0,0
2026-08-04 14:45:22,0.0,0
2026-08-04 14:45:22,0.0,0
2026-08-04 14:45:22,0.0,0
2026-08-04 14:45:22,0.0,0
2026-08-04 14:45:22,0.0,0
2026-08-04 14:45:22,0.0,0
2026-08-04 14:45:22,0.0,0
2026-08-04 14:45:22,0.0,0
2026-08-04 14:45:23,0.0,0
2026-08-04 14:45:23,0.0,0
2026-08-04 14:45:23,0.0,0
2026-08-04 14:45:23,0.0,0
2026-08-04 14:45:23,0.0,0
2026-08-04 14:45:23,0.0,0
2026-08-04 14:45:23,0.0,0
2026-08-04 14:45:23,0.0,0
2026-08-04 14:45:23,0.0,0
2026-08-04 14:45:23,0.0,0
2026-08-04 14:45:23,0.0,0
2026-08-04 14:45:23,0.0,0
2026-08-04 14:45:23,0.0,0
2026-08-04 14:45:23,0.0,0
2026-08-04 14:45:23,0.0,0
2026-08-04 14:45:23,0.0,0
2026-08-04 14:45:23,0.0,0
2026-08-04 14:45:23,0.0,0
2026-08-04 14:45:23,0.0,0
2026-08-04 14:45:23,0.0,0
2026-08-04 14:45:24,0.0,0
2026-08-04 14:45:24,0.0,0
2026-08-04 14:45:24,0.0,0
2026-08-04 14:45:24,0.0,0
2026-08-04 14:45:24,0.0,0
2026-08-04 14:45:24,0.0,0
2026-08-04 14:45:24,0.0,0
2026-08-04 14:45:24,0.0,0
2026-08-04 14:45:24,0.0,0
2026-08-04 14:45:24,0.0,0
2026-08-04 14:45:24,0.0,0
2026-08-04 14:45:24,0.0,0
2026-08-04 14:45:24,0.0,0
2026-08-04 14:45:24,0.0,0
2026-08-04 14:45:24,0.0,0
2026-08-04 14:45:24,0.0,0
2026-08-04 14:45:24,0.0,0
2026-08-04 14:45:24,0.0,0
2026-08-04 14:45:24,0.0,0
2026-08-04 14:45:24,0.0,0
2026-08-04 14:45:25,0.0,0
2026-08-04 14:45:25,0.0,0
2026-08-04 14:45:25,0.0,0
2026-08-04 14:45:25,0.0,0
2026-08-04 14:45:25,0.0,0
2026-08-04 14:45:25,0.0,0
2026-08-04 14:45:25,0.0,0
2026-08-04 14:45:25,0.0,0
2026-08-04 14:45:25,0.0,0
2026-08-04 14:45:25,0.0,0
2026-08-04 14:45:25,0.0,0
2026-08-04 14:45:25,0.0,0
2026-08-04 14:45:25,0.0,0
2026-08-04 14:45:25,0.0,0
2026-08-04 14:45:25,0.0,0
2026-08-04 14:45:25,0.0,0
2026-08-04 14:45:25,0.0,0
2026-08-04 14:45:25,0.0,0
2026-08-04 14:45:25,0.0,0
2026-08-04 14:45:25,0.0,0
2026-08-04 14:45:26,0.0,0
2026-08-04 14:45:26,0.0,0
2026-08-04 14:45:26,0.0,0
2026-08-04 14:45:26,0.0,0
2026-08-04 14:45:26,0.0,0
2026-08-04 14:45:26,0.0,0
2026-08-04 14:45:26,0.0,0
2026-08-04 14:45:26,0.0,0
2026-08-04 14:45:26,0.0,0
2026-08-04 14:45:26,0.0,0
2026-08-04 14:45:26,0.0,0
2026-08-04 14:45:26,0.0,0
2026-08-04 14:45:26,0.0,0
2026-08-04 14:45:26,0.0,0
2026-08-04 14:45:26,0.0,0
2026-08-04 14:45:26,0.0,0
2026-08-04 14:45:26,0.0,0
2026-08-04 14:45:26,0.0,0
2026-08-04 14:45:26,0.0,0
2026-08-04 14:45:26,0.0,0
2026-08-04 14:45:27,0.0,0
2026-08-04 14:45:27,0.0,0
2026-08-04 14:45:27,0.0,0
2026-08-04 14:45:27,0.0,0
2026-08-04 14:45:27,0.0,0
2026-08-04 14:45:27,0.0,0
2026-08-04 14:45:27,0.0,0
2026-08-04 14:45:27,0.0,0
2026-08-04 14:45:27,0.0,0
2026-08-04 14:45:27,0.0,0
2026-08-04 14:45:27,0.0,0
2026-08-04 14:45:27,0.0,0
2026-08-04 14:45:27,0.0,0
2026-08-04 14:45:27,0.0,0
2026-08-04 14:45:27,0.0,0
2026-08-04 14:45:27,0.0,0
2026-08-04 14:45:27,0.0,0
2026-08-04 14:45:27,0.0,0
2026-08-04 14:45:27,0.0,0
2026-08-04 14:45:27,0.0,0
2026-08-04 14:45:28,0.0,0
2026-08-04 14:45:28,0.0,0
2026-08-04 14:45:28,0.0,0
2026-08-04 14:45:28,0.0,0
2026-08-04 14:45:28,0.0,0
2026-08-04 14:45:28,0.0,0
2026-08-04 14:45:28,0.0,0
2026-08-04 14:45:28,0.0,0
2026-08-04 14:45:28,0.0,0
2026-08-04 14:45:28,0.0,0
2026-08-04 14:45:28,0.0,0
2026-08-04 14:45:28,0.0,0
2026-08-04 14:45:28,0.0,0
2026-08-04 14:45:28,0.0,0
2026-08-04 14:45:28,0.0,0
2026-08-04 14:45:28,0.0,0
2026-08-04 14:45:28,0.0,0
2026-08-04 14:45:28,0.0,0
2026-08-04 14:45:28,0.0,0
2026-08-04 14:45:28,0.0,0
2026-08-04 14:45:29,0.0,0
2026-08-04 14:45:29,0.0,0
2026-08-04 14:45:29,0.0,0
2026-08-04 14:45:29,0.0,0
2026-08-04 14:45:29,0.0,0
2026-08-04 14:45:29,0.0,0
2026-08-04 14:45:29,0.0,0
2026-08-04 14:45:29,0.0,0
2026-08-04 14:45:29,0.0,0
2026-08-04 14:45:29,0.0,0
2026-08-04 14:45:29,0.0,0
2026-08-04 14:45:29,0.0,0
2026-08-04 14:45:29,0.0,0
2026-08-04 14:45:29,0.0,0
2026-08-04 14:45:29,0.0,0
2026-08-04 14:45:29,0.0,0
2026-08-04 14:45:29,0.0,0
2026-08-04 14:45:29,0.0,0
2026-08-04 14:45:29,0.0,0
2026-08-04 14:45:29,0.0,0
2026-08-04 14:45:30,0.0,0
2026-08-04 14:45:30,0.0,0
2026-08-04 14:45:30,0.0,0
2026-08-04 14:45:30,0.0,0
2026-08-04 14:45:30,0.0,0
2026-08-04 14:45:30,0.0,0
2026-08-04 14:45:30,0.0,0
2026-08-04 14:45:30,0.0,0
2026-08-04 14:45:30,0.0,0
2026-08-04 14:45:30,0.0,0
2026-08-04 14:45:30,0.0,0
2026-08-04 14:45:30,0.0,0
2026-08-04 14:45:30,0.0,0
2026-08-04 14:45:30,0.0,0
2026-08-04 14:45:30,0.0,0
2026-08-04 14:45:30,0.0,0
2026-08-04 14:45:30,0.0,0
2026-08-04 14:45:30,0.0,0
2026-08-04 14:45:30,0.0,0
2026-08-04 14:45:30,0.0,0
2026-08-04 14:45:31,0.0,0
2026-08-04 14:45:31,0.0,0
2026-08-04 14:45:31,0.0,0
2026-08-04 14:45:31,0.0,0
2026-08-04 14:45:31,0.0,0
2026-08-04 14:45:31,0.0,0
2026-08-04 14:45:31,0.0,0
2026-08-04 14:45:31,0.0,0
2026-08-04 14:45:31,0.0,0
2026-08-04 14:45:31,0.0,0
2026-08-04 14:45:31,0.0,0
2026-08-04 14:45:31,0.0,0
2026-08-04 14:45:31,0.0,0
2026-08-04 14:45:31,0.0,0
2026-08-04 14:45:31,0.0,0
2026-08-04 14:45:31,0.0,0
2026-08-04 14:45:31,0.0,0
2026-08-04 14:45:31,0.0,0
2026-08-04 14:45:31,0.0,0
2026-08-04 14:45:31,0.0,0
2026-08-04 14:45:32,0.0,0
2026-08-04 14:45:32,0.0,0
2026-08-04 14:45:32,0.0,0
2026-08-04 14:45:32,0.0,0
2026-08-04 14:45:32,0.0,0
2026-08-04 14:45:32,0.0,0
2026-08-04 14:45:32,0.0,0
2026-08-04 14:45:32,0.0,0
2026-08-04 14:45:32,0.0,0
2026-08-04 14:45:32,0.0,0
2026-08-04 14:45:32,0.0,0
2026-08-04 14:45:32,0.0,0
2026-08-04 14:45:32,0.0,0
2026-08-04 14:45:32,0.0,0
2026-08-04 14:45:32,0.0,0
2026-08-04 14:45:32,0.0,0
2026-08-04 14:45:32,0.0,0
2026-08-04 14:45:32,0.0,0
2026-08-04 14:45:32,0.0,0
2026-08-04 14:45:32,0.0,0
2026-08-04 14:45:33,0.0,0
2026-08-04 14:45:33,0.0,0
2026-08-04 14:45:33,0.0,0
2026-08-04 14:45:33,0.0,0
2026-08-04 14:45:33,0.0,0
2026-08-04 14:45:33,0.0,0
2026-08-04 14:45:33,0.0,0
2026-08-04 14:45:33,0.0,0
2026-08-04 14:45:33,0.0,0
2026-08-04 14:45:33,0.0,0
2026-08-04 14:45:33,0.0,0
2026-08-04 14:45:33,0.0,0
2026-08-04 14:45:33,0.0,0
2026-08-04 14:45:33,0.0,0
2026-08-04 14:45:33,0.0,0
2026-08-04 14:45:33,0.0,0
2026-08-04 14:45:33,0.0,0
2026-08-04 14:45:33,0.0,0
2026-08-04 14:45:33,0.0,0
2026-08-04 14:45:33,0.0,0
2026-08-04 14:45:34,0.0,0
2026-08-04 14:45:34,0.0,0
2026-08-04 14:45:34,0.0,0
2026-08-04 14:45:34,0.0,0
2026-08-04 14:45:34,0.0,0
2026-08-04 14:45:34,0.0,0
2026-08-04 14:45:34,0.0,0
2026-08-04 14:45:34,0.0,0
2026-08-04 14:45:34,0.0,0
2026-08-04 14:45:34,0.0,0
2026-08-04 14:45:34,0.0,0
2026-08-04 14:45:34,0.0,0
2026-08-04 14:45:34,0.0,0
2026-08-04 14:45:34,0.0,0
2026-08-04 14:45:34,0.0,0
2026-08-04 14:45:34,0.0,0
2026-08-04 14:45:34,0.0,0
2026-08-04 14:45:34,0.0,0
2026-08-04 14:45:34,0.0,0
2026-08-04 14:45:34,0.0,0
2026-08-04 14:45:35,0.0,0
2026-08-04 14:45:35,0.0,0
2026-08-04 14:45:35,0.0,0
2026-08-04 14:45:35,0.0,0
2026-08-04 14:45:35,0.0,0
2026-08-04 14:45:35,0.0,0
2026-08-04 14:45:35,0.0,0
2026-08-04 14:45:35,0.0,0
2026-08-04 14:45:35,0.0,0
2026-08-04 14:45:35,0.0,0
2026-08-04 14:45:35,0.0,0
2026-08-04 14:45:35,0.0,0
2026-08-04 14:45:35,0.0,0
2026-08-04 14:45:35,0.0,0
2026-08-04 14:45:35,0.0,0
2026-08-04 14:45:35,0.0,0
2026-08-04 14:45:35,0.0,0
2026-08-04 14:45:35,0.0,0
2026-08-04 14:45:35,0.0,0
2026-08-04 14:45:35,0.0,0
2026-08-04 14:45:36,0.0,0
2026-08-04 14:45:36,0.0,0
2026-08-04 14:45:36,0.0,0
2026-08-04 14:45:36,0.0,0
2026-08-04 14:45:36,0.0,0
2026-08-04 14:45:36,0.0,0
2026-08-04 14:45:36,0.0,0
2026-08-04 14:45:36,0.0,0
2026-08-04 14:45:36,0.0,0
2026-08-04 14:45:36,0.0,0
2026-08-04 14:45:36,0.0,0
2026-08-04 14:45:36,0.0,0
2026-08-04 14:45:36,0.0,0
2026-08-04 14:45:36,0.0,0
2026-08-04 14:45:36,0.0,0
2026-08-04 14:45:36,0.0,0
2026-08-04 14:45:36,0.0,0
2026-08-04 14:45:36,0.0,0
2026-08-04 14:45:36,0.0,0
2026-08-04 14:45:36,0.0,0
2026-08-04 14:45:37,0.0,0
2026-08-04 14:45:37,0.0,0
2026-08-04 14:45:37,0.0,0
2026-08-04 14:45:37,0.0,0
2026-08-04 14:45:37,0.0,0
2026-08-04 14:45:37,0.0,0
2026-08-04 14:45:37,0.0,0
2026-08-04 14:45:37,0.0,0
2026-08-04 14:45:37,0.0,0
2026-08-04 14:45:37,0.0,0
2026-08-04 14:45:37,0.0,0
2026-08-04 14:45:37,0.0,0
2026-08-04 14:45:37,0.0,0
2026-08-04 14:45:37,0.0,0
2026-08-04 14:45:37,0.0,0
2026-08-04 14:45:37,0.0,0
2026-08-04 14:45:37,0.0,0
2026-08-04 14:45:37,0.0,0
2026-08-04 14:45:37,0.0,0
2026-08-04 14:45:37,0.0,0
2026-08-04 14:45:38,0.0,0
2026-08-04 14:45:38,0.0,0
2026-08-04 14:45:38,0.0,0
2026-08-04 14:45:38,0.0,0
2026-08-04 14:45:38,0.0,0
2026-08-04 14:45:38,0.0,0
2026-08-04 14:45:38,0.0,0
2026-08-04 14:45:38,0.0,0
2026-08-04 14:45:38,0.0,0
2026-08-04 14:45:38,0.0,0
2026-08-04 14:45:38,0.0,0
2026-08-04 14:45:38,0.0,0
2026-08-04 14:45:38,0.0,0
2026-08-04 14:45:38,0.0,0
2026-08-04 14:45:38,0.0,0
2026-08-04 14:45:38,0.0,0
2026-08-04 14:45:38,0.0,0
2026-08-04 14:45:38,0.0,0
2026-08-04 14:45:38,0.0,0
2026-08-04 14:45:38,0.0,0
2026-08-04 14:45:39,0.0,0
2026-08-04 14:45:39,0.0,0
2026-08-04 14:45:39,0.0,0
2026-08-04 14:45:39,0.0,0
2026-08-04 14:45:39,0.0,0
2026-08-04 14:45:39,0.0,0
2026-08-04 14:45:39,0.0,0
2026-08-04 14:45:39,0.0,0
2026-08-04 14:45:39,0.0,0
2026-08-04 14:45:39,0.0,0
2026-08-04 14:45:39,0.0,0
2026-08-04 14:45:39,0.0,0
2026-08-04 14:45:39,0.0,0
2026-08-04 14:45:39,0.0,0
2026-08-04 14:45:39,0.0,0
2026-08-04 14:45:39,0.0,0
2026-08-04 14:45:39,0.0,0
2026-08-04 14:45:39,0.0,0
2026-08-04 14:45:39,0.0,0
2026-08-04 14:45:39,0.0,0
2026-08-04 14:45:40,0.0,0
2026-08-04 14:45:40,0.0,0
2026-08-04 14:45:40,0.0,0
2026-08-04 14:45:40,0.0,0
2026-08-04 14:45:40,0.0,0
2026-08-04 14:45:40,0.0,0
2026-08-04 14:45:40,0.0,0
2026-08-04 14:45:40,0.0,0
2026-08-04 14:45:40,0.0,0
2026-08-04 14:45:40,0.0,0
2026-08-04 14:45:40,0.0,0
2026-08-04 14:45:40,0.0,0
2026-08-04 14:45:40,0.0,0
2026-08-04 14:45:40,0.0,0
2026-08-04 14:45:40,0.0,0
2026-08-04 14:45:40,0.0,0
2026-08-04 14:45:40,0.0,0
2026-08-04 14:45:40,0.0,0
2026-08-04 14:45:40,0.0,0
2026-08-04 14:45:40,0.0,0
2026-08-04 14:45:41,0.0,0
2026-08-04 14:45:41,0.0,0
2026-08-04 14:45:41,0.0,0
2026-08-04 14:45:41,0.0,0
2026-08-04 14:45:41,0.0,0
2026-08-04 14:45:41,0.0,0
2026-08-04 14:45:41,0.0,0
2026-08-04 14:45:41,0.0,0
2026-08-04 14:45:41,0.0,0
2026-08-04 14:45:41,0.0,0
2026-08-04 14:45:41,0.0,0
2026-08-04 14:45:41,0.0,0
2026-08-04 14:45:41,0.0,0
2026-08-04 14:45:41,0.0,0
2026-08-04 14:45:41,0.0,0
2026-08-04 14:45:41,0.0,0
2026-08-04 14:45:41,0.0,0
2026-08-04 14:45:41,0.0,0
2026-08-04 14:45:41,0.0,0
2026-08-04 14:45:41,0.0,0
2026-08-04 14:45:42,0.0,0
2026-08-04 14:45:42,0.0,0
2026-08-04 14:45:42,0.0,0
2026-08-04 14:45:42,0.0,0
2026-08-04 14:45:42,0.0,0
2026-08-04 14:45:42,0.0,0
2026-08-04 14:45:42,0.0,0
2026-08-04 14:45:42,0.0,0
2026-08-04 14:45:42,0.0,0
2026-08-04 14:45:42,0.0,0
2026-08-04 14:45:42,0.0,0
2026-08-04 14:45:42,0.0,0
2026-08-04 14:45:42,0.0,0
2026-08-04 14:45:42,0.0,0
2026-08-04 14:45:42,0.0,0
2026-08-04 14:45:42,0.0,0
2026-08-04 14:45:42,0.0,0
2026-08-04 14:45:42,0.0,0
2026-08-04 14:45:42,0.0,0
2026-08-04 14:45:42,0.0,0
2026-08-04 14:45:43,0.0,0
2026-08-04 14:45:43,0.0,0
2026-08-04 14:45:43,0.0,0
2026-08-04 14:45:43,0.0,0
2026-08-04 14:45:43,0.0,0
2026-08-04 14:45:43,0.0,0
2026-08-04 14:45:43,0.0,0
2026-08-04 14:45:43,0.0,0
2026-08-04 14:45:43,0.0,0
2026-08-04 14:45:43,0.0,0
2026-08-04 14:45:43,0.0,0
2026-08-04 14:45:43,0.0,0
2026-08-04 14:45:43,0.0,0
2026-08-04 14:45:43,0.0,0
2026-08-04 14:45:43,0.0,0
2026-08-04 14:45:43,0.0,0
2026-08-04 14:45:43,0.0,0
2026-08-04 14:45:43,0.0,0
2026-08-04 14:45:43,0.0,0
2026-08-04 14:45:43,0.0,0
2026-08-04 14:45:44,0.0,0
2026-08-04 14:45:44,0.0,0
2026-08-04 14:45:44,0.0,0
2026-08-04 14:45:44,0.0,0
2026-08-04 14:45:44,0.0,0
2026-08-04 14:45:44,0.0,0
2026-08-04 14:45:44,0.0,0
2026-08-04 14:45:44,0.0,0
2026-08-04 14:45:44,0.0,0
2026-08-04 14:45:44,0.0,0
2026-08-04 14:45:44,0.0,0
2026-08-04 14:45:44,0.0,0
2026-08-04 14:45:44,0.0,0
2026-08-04 14:45:44,0.0,0
2026-08-04 14:45:44,0.0,0
2026-08-04 14:45:44,0.0,0
2026-08-04 14:45:44,0.0,0
2026-08-04 14:45:44,0.0,0
2026-08-04 14:45:44,0.0,0
2026-08-04 14:45:44,0.0,0
2026-08-04 14:45:45,0.0,0
2026-08-04 14:45:45,0.0,0
2026-08-04 14:45:45,0.0,0
2026-08-04 14:45:45,0.0,0
2026-08-04 14:45:45,0.0,0
2026-08-04 14:45:45,0.0,0
2026-08-04 14:45:45,0.0,0
2026-08-04 14:45:45,0.0,0
2026-08-04 14:45:45,0.0,0
2026-08-04 14:45:45,0.0,0
2026-08-04 14:45:45,0.0,0
2026-08-04 14:45:45,0.0,0
2026-08-04 14:45:45,0.0,0
2026-08-04 14:45:45,0.0,0
2026-08-04 14:45:45,0.0,0
2026-08-04 14:45:45,0.0,0
2026-08-04 14:45:45,0.0,0
2026-08-04 14:45:45,0.0,0
2026-08-04 14:45:45,0.0,0
2026-08-04 14:45:45,0.0,0
2026-08-04 14:45:46,0.0,0
2026-08-04 14:45:46,0.0,0
2026-08-04 14:45:46,0.0,0
2026-08-04 14:45:46,0.0,0
2026-08-04 14:45:46,0.0,0
2026-08-04 14:45:46,0.0,0
2026-08-04 14:45:46,0.0,0
2026-08-04 14:45:46,0.0,0
2026-08-04 14:45:46,0.0,0
2026-08-04 14:45:46,0.0,0
2026-08-04 14:45:46,0.0,0
2026-08-04 14:45:46,0.0,0
2026-08-04 14:45:46,0.0,0
2026-08-04 14:45:46,0.0,0
2026-08-04 14:45:46,0.0,0
2026-08-04 14:45:46,0.0,0
2026-08-04 14:45:46,0.0,0
2026-08-04 14:45:46,0.0,0
2026-08-04 14:45:46,0.0,0
2026-08-04 14:45:46,0.0,0
2026-08-04 14:45:47,0.0,0
2026-08-04 14:45:47,0.0,0
2026-08-04 14:45:47,0.0,0
2026-08-04 14:45:47,0.0,0
2026-08-04 14:45:47,0.0,0
2026-08-04 14:45:47,0.0,0
2026-08-04 14:45:47,0.0,0
2026-08-04 14:45:47,0.0,0
2026-08-04 14:45:47,0.0,0
2026-08-04 14:45:47,0.0,0
2026-08-04 14:45:47,0.0,0
2026-08-04 14:45:47,0.0,0
2026-08-04 14:45:47,0.0,0
2026-08-04 14:45:47,0.0,0
2026-08-04 14:45:47,0.0,0
2026-08-04 14:45:47,0.0,0
2026-08-04 14:45:47,0.0,0
2026-08-04 14:45:47,0.0,0
2026-08-04 14:45:47,0.0,0
2026-08-04 14:45:47,0.0,0
2026-08-04 14:45:48,0.0,0
2026-08-04 14:45:48,0.0,0
2026-08-04 14:45:48,0.0,0
2026-08-04 14:45:48,0.0,0
2026-08-04 14:45:48,0.0,0
2026-08-04 14:45:48,0.0,0
2026-08-04 14:45:48,0.0,0
2026-08-04 14:45:48,0.0,0
2026-08-04 14:45:48,0.0,0
2026-08-04 14:45:48,0.0,0
2026-08-04 14:45:48,0.0,0
2026-08-04 14:45:48,0.0,0
2026-08-04 14:45:48,0.0,0
2026-08-04 14:45:48,0.0,0
2026-08-04 14:45:48,0.0,0
2026-08-04 14:45:48,0.0,0
2026-08-04 14:45:48,0.0,0
2026-08-04 14:45:48,0.0,0
2026-08-04 14:45:48,0.0,0
2026-08-04 14:45:48,0.0,0
2026-08-04 14:45:49,0.0,0
2026-08-04 14:45:49,0.0,0
2026-08-04 14:45:49,0.0,0
2026-08-04 14:45:49,0.0,0
2026-08-04 14:45:49,0.0,0
2026-08-04 14:45:49,0.0,0
2026-08-04 14:45:49,0.0,0
2026-08-04 14:45:49,0.0,0
2026-08-04 14:45:49,0.0,0
2026-08-04 14:45:49,0.0,0
2026-08-04 14:45:49,0.0,0
2026-08-04 14:45:49,0.0,0
2026-08-04 14:45:49,0.0,0
2026-08-04 14:45:49,0.0,0
2026-08-04 14:45:49,0.0,0
2026-08-04 14:45:49,0.0,0
2026-08-04 14:45:49,0.0,0
2026-08-04 14:45:49,0.0,0
2026-08-04 14:45:49,0.0,0
2026-08-04 14:45:49,0.0,0
2026-08-04 14:45:50,0.0,0
2026-08-04 14:45:50,0.0,0
2026-08-04 14:45:50,0.0,0
2026-08-04 14:45:50,0.0,0
2026-08-04 14:45:50,0.0,0
2026-08-04 14:45:50,0.0,0
2026-08-04 14:45:50,0.0,0
2026-08-04 14:45:50,0.0,0
2026-08-04 14:45:50,0.0,0
2026-08-04 14:45:50,0.0,0
2026-08-04 14:45:50,0.0,0
2026-08-04 14:45:50,0.0,0
2026-08-04 14:45:50,0.0,0
2026-08-04 14:45:50,0.0,0
2026-08-04 14:45:50,0.0,0
2026-08-04 14:45:50,0.0,0
2026-08-04 14:45:50,0.0,0
2026-08-04 14:45:50,0.0,0
2026-08-04 14:45:50,0.0,0
2026-08-04 14:45:50,0.0,0
2026-08-04 14:45:51,0.0,0
2026-08-04 14:45:51,0.0,0
2026-08-04 14:45:51,0.0,0
2026-08-04 14:45:51,0.0,0
2026-08-04 14:45:51,0.0,0
2026-08-04 14:45:51,0.0,0
2026-08-04 14:45:51,0.0,0
2026-08-04 14:45:51,0.0,0
2026-08-04 14:45:51,0.0,0
2026-08-04 14:45:51,0.0,0
2026-08-04 14:45:51,0.0,0
2026-08-04 14:45:51,0.0,0
2026-08-04 14:45:51,0.0,0
2026-08-04 14:45:51,0.0,0
2026-08-04 14:45:51,0.0,0
2026-08-04 14:45:51,0.0,0
2026-08-04 14:45:51,0.0,0
2026-08-04 14:45:51,0.0,0
2026-08-04 14:45:51,0.0,0
2026-08-04 14:45:51,0.0,0
2026-08-04 14:45:52,0.0,0
2026-08-04 14:45:52,0.0,0
2026-08-04 14:45:52,0.0,0
2026-08-04 14:45:52,0.0,0
2026-08-04 14:45:52,0.0,0
2026-08-04 14:45:52,0.0,0
2026-08-04 14:45:52,0.0,0
2026-08-04 14:45:52,0.0,0
2026-08-04 14:45:52,0.0,0
2026-08-04 14:45:52,0.0,0
2026-08-04 14:45:52,0.0,0
2026-08-04 14:45:52,0.0,0
2026-08-04 14:45:52,0.0,0
2026-08-04 14:45:52,0.0,0
2026-08-04 14:45:52,0.0,0
2026-08-04 14:45:52,0.0,0
2026-08-04 14:45:52,0.0,0
2026-08-04 14:45:52,0.0,0
2026-08-04 14:45:52,0.0,0
2026-08-04 14:45:52,0.0,0
2026-08-04 14:45:53,0.0,0
2026-08-04 14:45:53,0.0,0
2026-08-04 14:45:53,0.0,0
2026-08-04 14:45:53,0.0,0
2026-08-04 14:45:53,0.0,0
2026-08-04 14:45:53,0.0,0
2026-08-04 14:45:53,0.0,0
2026-08-04 14:45:53,0.0,0
2026-08-04 14:45:53,0.0,0
2026-08-04 14:45:53,0.0,0
2026-08-04 14:45:53,0.0,0
2026-08-04 14:45:53,0.0,0
2026-08-04 14:45:53,0.0,0
2026-08-04 14:45:53,0.0,0
2026-08-04 14:45:53,0.0,0
2026-08-04 14:45:53,0.0,0
2026-08-04 14:45:53,0.0,0
2026-08-04 14:45:53,0.0,0
2026-08-04 14:45:53,0.0,0
2026-08-04 14:45:53,0.0,0
2026-08-04 14:45:54,0.0,0
2026-08-04 14:45:54,0.0,0
2026-08-04 14:45:54,0.0,0
2026-08-04 14:45:54,0.0,0
2026-08-04 14:45:54,0.0,0
2026-08-04 14:45:54,0.0,0
2026-08-04 14:45:54,0.0,0
2026-08-04 14:45:54,0.0,0
2026-08-04 14:45:54,0.0,0
2026-08-04 14:45:54,0.0,0
2026-08-04 14:45:54,0.0,0
2026-08-04 14:45:54,0.0,0
2026-08-04 14:45:54,0.0,0
2026-08-04 14:45:54,0.0,0
2026-08-04 14:45:54,0.0,0
2026-08-04 14:45:54,0.0,0
2026-08-04 14:45:54,0.0,0
2026-08-04 14:45:54,0.0,0
2026-08-04 14:45:54,0.0,0
2026-08-04 14:45:54,0.0,0
2026-08-04 14:45:55,0.0,0
2026-08-04 14:45:55,0.0,0
2026-08-04 14:45:55,0.0,0
2026-08-04 14:45:55,0.0,0
2026-08-04 14:45:55,0.0,0
2026-08-04 14:45:55,0.0,0
2026-08-04 14:45:55,0.0,0
2026-08-04 14:45:55,0.0,0
2026-08-04 14:45:55,0.0,0
2026-08-04 14:45:55,0.0,0
2026-08-04 14:45:55,0.0,0
2026-08-04 14:45:55,0.0,0
2026-08-04 14:45:55,0.0,0
2026-08-04 14:45:55,0.0,0
2026-08-04 14:45:55,0.0,0
2026-08-04 14:45:55,0.0,0
2026-08-04 14:45:55,0.0,0
2026-08-04 14:45:55,0.0,0
2026-08-04 14:45:55,0.0,0
2026-08-04 14:45:55,0.0,0
2026-08-04 14:45:56,0.0,0
2026-08-04 14:45:56,0.0,0
2026-08-04 14:45:56,0.0,0
2026-08-04 14:45:56,0.0,0
2026-08-04 14:45:56,0.0,0
2026-08-04 14:45:56,0.0,0
2026-08-04 14:45:56,0.0,0
2026-08-04 14:45:56,0.0,0
2026-08-04 14:45:56,0.0,0
2026-08-04 14:45:56,0.0,0
2026-08-04 14:45:56,0.0,0
2026-08-04 14:45:56,0.0,0
2026-08-04 14:45:56,0.0,0
2026-08-04 14:45:56,0.0,0
2026-08-04 14:45:56,0.0,0
2026-08-04 14:45:56,0.0,0
2026-08-04 14:45:56,0.0,0
2026-08-04 14:45:56,0.0,0
2026-08-04 14:45:56,0.0,0
2026-08-04 14:45:56,0.0,0
2026-08-04 14:45:57,0.0,0
2026-08-04 14:45:57,0.0,0
2026-08-04 14:45:57,0.0,0
2026-08-04 14:45:57,0.0,0
2026-08-04 14:45:57,0.0,0
2026-08-04 14:45:57,0.0,0
2026-08-04 14:45:57,0.0,0
2026-08-04 14:45:57,0.0,0
2026-08-04 14:45:57,0.0,0
2026-08-04 14:45:57,0.0,0
2026-08-04 14:45:57,0.0,0
2026-08-04 14:45:57,0.0,0
2026-08-04 14:45:57,0.0,0
2026-08-04 14:45:57,0.0,0
2026-08-04 14:45:57,0.0,0
2026-08-04 14:45:57,0.0,0
2026-08-04 14:45:57,0.0,0
2026-08-04 14:45:57,0.0,0
2026-08-04 14:45:57,0.0,0
2026-08-04 14:45:57,0.0,0
2026-08-04 14:45:58,0.0,0
2026-08-04 14:45:58,0.0,0
2026-08-04 14:45:58,0.0,0
2026-08-04 14:45:58,0.0,0
2026-08-04 14:45:58,0.0,0
2026-08-04 14:45:58,0.0,0
2026-08-04 14:45:58,0.0,0
2026-08-04 14:45:58,0.0,0
2026-08-04 14:45:58,0.0,0
2026-08-04 14:45:58,0.0,0
2026-08-04 14:45:58,0.0,0
2026-08-04 14:45:58,0.0,0
2026-08-04 14:45:58,0.0,0
2026-08-04 14:45:58,0.0,0
2026-08-04 14:45:58,0.0,0
2026-08-04 14:45:58,0.0,0
2026-08-04 14:45:58,0.0,0
2026-08-04 14:45:58,0.0,0
2026-08-04 14:45:58,0.0,0
2026-08-04 14:45:58,0.0,0
2026-08-04 14:45:59,0.0,0
2026-08-04 14:45:59,0.0,0
2026-08-04 14:45:59,0.0,0
2026-08-04 14:45:59,0.0,0
2026-08-04 14:45:59,0.0,0
2026-08-04 14:45:59,0.0,0
2026-08-04 14:45:59,0.0,0
2026-08-04 14:45:59,0.0,0
2026-08-04 14:45:59,0.0,0
2026-08-04 14:45:59,0.0,0
2026-08-04 14:45:59,0.0,0
2026-08-04 14:45:59,0.0,0
2026-08-04 14:45:59,0.0,0
2026-08-04 14:45:59,0.0,0
2026-08-04 14:45:59,0.0,0
2026-08-04 14:45:59,0.0,0
2026-08-04 14:45:59,0.0,0
2026-08-04 14:45:59,0.0,0
2026-08-04 14:45:59,0.0,0
2026-08-04 14:45:59,0.0,0
2026-08-04 14:46:00,0.0,0
2026-08-04 14:46:00,0.0,0
2026-08-04 14:46:00,0.0,0
2026-08-04 14:46:00,0.0,0
2026-08-04 14:46:00,0.0,0
2026-08-04 14:46:00,0.0,0
2026-08-04 14:46:00,0.0,0
2026-08-04 14:46:00,0.0,0
2026-08-04 14:46:00,0.0,0
2026-08-04 14:46:00,0.0,0
2026-08-04 14:46:00,0.0,0
2026-08-04 14:46:00,0.0,0
2026-08-04 14:46:00,0.0,0
2026-08-04 14:46:00,0.0,0
2026-08-04 14:46:00,0.0,0
2026-08-04 14:46:00,0.0,0
2026-08-04 14:46:00,0.0,0
2026-08-04 14:46:00,0.0,0
2026-08-04 14:46:00,0.0,0
2026-08-04 14:46:00,0.0,0
2026-08-04 14:46:01,0.0,0
2026-08-04 14:46:01,0.0,0
2026-08-04 14:46:01,0.0,0
2026-08-04 14:46:01,0.0,0
2026-08-04 14:46:01,0.0,0
2026-08-04 14:46:01,0.0,0
2026-08-04 14:46:01,0.0,0
2026-08-04 14:46:01,0.0,0
2026-08-04 14:46:01,0.0,0
2026-08-04 14:46:01,0.0,0
2026-08-04 14:46:01,0.0,0
2026-08-04 14:46:01,0.0,0
2026-08-04 14:46:01,0.0,0
2026-08-04 14:46:01,0.0,0
2026-08-04 14:46:01,0.0,0
2026-08-04 14:46:01,0.0,0
2026-08-04 14:46:01,0.0,0
2026-08-04 14:46:01,0.0,0
2026-08-04 14:46:01,0.0,0
2026-08-04 14:46:01,0.0,0
2026-08-04 14:46:02,0.0,0
2026-08-04 14:46:02,0.0,0
2026-08-04 14:46:02,0.0,0
2026-08-04 14:46:02,0.0,0
2026-08-04 14:46:02,0.0,0
2026-08-04 14:46:02,0.0,0
2026-08-04 14:46:02,0.0,0
2026-08-04 14:46:02,0.0,0
2026-08-04 14:46:02,0.0,0
2026-08-04 14:46:02,0.0,0
2026-08-04 14:46:02,0.0,0
2026-08-04 14:46:02,0.0,0
2026-08-04 14:46:02,0.0,0
2026-08-04 14:46:02,0.0,0
2026-08-04 14:46:02,0.0,0
2026-08-04 14:46:02,0.0,0
2026-08-04 14:46:02,0.0,0
2026-08-04 14:46:02,0.0,0
2026-08-04 14:46:02,0.0,0
2026-08-04 14:46:02,0.0,0
2026-08-04 14:46:03,0.0,0
2026-08-04 14:46:03,0.0,0
2026-08-04 14:46:03,0.0,0
2026-08-04 14:46:03,0.0,0
2026-08-04 14:46:03,0.0,0
2026-08-04 14:46:03,0.0,0
2026-08-04 14:46:03,0.0,0
2026-08-04 14:46:03,0.0,0
2026-08-04 14:46:03,0.0,0
2026-08-04 14:46:03,0.0,0
2026-08-04 14:46:03,0.0,0
2026-08-04 14:46:03,0.0,0
2026-08-04 14:46:03,0.0,0
2026-08-04 14:46:03,0.0,0
2026-08-04 14:46:03,0.0,0
2026-08-04 14:46:03,0.0,0
2026-08-04 14:46:03,0.0,0
2026-08-04 14:46:03,0.0,0
2026-08-04 14:46:03,0.0,0
2026-08-04 14:46:03,0.0,0
2026-08-04 14:46:04,0.0,0
2026-08-04 14:46:04,0.0,0
2026-08-04 14:46:04,0.0,0
2026-08-04 14:46:04,0.0,0
2026-08-04 14:46:04,0.0,0
2026-08-04 14:46:04,0.0,0
2026-08-04 14:46:04,0.0,0
2026-08-04 14:46:04,0.0,0
2026-08-04 14:46:04,0.0,0
2026-08-04 14:46:04,0.0,0
2026-08-04 14:46:04,0.0,0
2026-08-04 14:46:04,0.0,0
2026-08-04 14:46:04,0.0,0
2026-08-04 14:46:04,0.0,0
2026-08-04 14:46:04,0.0,0
2026-08-04 14:46:04,0.0,0
2026-08-04 14:46:04,0.0,0
2026-08-04 14:46:04,0.0,0
2026-08-04 14:46:04,0.0,0
2026-08-04 14:46:04,0.0,0
2026-08-04 14:46:05,0.0,0
2026-08-04 14:46:05,0.0,0
2026-08-04 14:46:05,0.0,0
2026-08-04 14:46:05,0.0,0
2026-08-04 14:46:05,0.0,0
2026-08-04 14:46:05,0.0,0
2026-08-04 14:46:05,0.0,0
2026-08-04 14:46:05,0.0,0
2026-08-04 14:46:05,0.0,0
2026-08-04 14:46:05,0.0,0
2026-08-04 14:46:05,0.0,0
2026-08-04 14:46:05,0.0,0
2026-08-04 14:46:05,0.0,0
2026-08-04 14:46:05,0.0,0
2026-08-04 14:46:05,0.0,0
2026-08-04 14:46:05,0.0,0
2026-08-04 14:46:05,0.0,0
2026-08-04 14:46:05,0.0,0
2026-08-04 14:46:05,0.0,0
2026-08-04 14:46:05,0.0,0
2026-08-04 14:46:06,0.0,0
2026-08-04 14:46:06,0.0,0
2026-08-04 14:46:06,0.0,0
2026-08-04 14:46:06,0.0,0
2026-08-04 14:46:06,0.0,0
2026-08-04 14:46:06,0.0,0
2026-08-04 14:46:06,0.0,0
2026-08-04 14:46:06,0.0,0
2026-08-04 14:46:06,0.0,0
2026-08-04 14:46:06,0.0,0
2026-08-04 14:46:06,0.0,0
2026-08-04 14:46:06,0.0,0
2026-08-04 14:46:06,0.0,0
2026-08-04 14:46:06,0.0,0
2026-08-04 14:46:06,0.0,0
2026-08-04 14:46:06,0.0,0
2026-08-04 14:46:06,0.0,0
2026-08-04 14:46:06,0.0,0
2026-08-04 14:46:06,0.0,0
2026-08-04 14:46:06,0.0,0
2026-08-04 14:46:07,0.0,0
2026-08-04 14:46:07,0.0,0
2026-08-04 14:46:07,0.0,0
2026-08-04 14:46:07,0.0,0
2026-08-04 14:46:07,0.0,0
2026-08-04 14:46:07,0.0,0
2026-08-04 14:46:07,0.0,0
2026-08-04 14:46:07,0.0,0
2026-08-04 14:46:07,0.0,0
2026-08-04 14:46:07,0.0,0
2026-08-04 14:46:07,0.0,0
2026-08-04 14:46:07,0.0,0
2026-08-04 14:46:07,0.0,0
2026-08-04 14:46:07,0.0,0
2026-08-04 14:46:07,0.0,0
2026-08-04 14:46:07,0.0,0
2026-08-04 14:46:07,0.0,0
2026-08-04 14:46:07,0.0,0
2026-08-04 14:46:07,0.0,0
2026-08-04 14:46:07,0.0,0
2026-08-04 14:46:08,0.0,0
2026-08-04 14:46:08,0.0,0
2026-08-04 14:46:08,0.0,0
2026-08-04 14:46:08,0.0,0
2026-08-04 14:46:08,0.0,0
2026-08-04 14:46:08,0.0,0
2026-08-04 14:46:08,0.0,0
2026-08-04 14:46:08,0.0,0
2026-08-04 14:46:08,0.0,0
2026-08-04 14:46:08,0.0,0
2026-08-04 14:46:08,0.0,0
2026-08-04 14:46:08,0.0,0
2026-08-04 14:46:08,0.0,0
2026-08-04 14:46:08,0.0,0
2026-08-04 14:46:08,0.0,0
2026-08-04 14:46:08,0.0,0
2026-08-04 14:46:08,0.0,0
2026-08-04 14:46:08,0.0,0
2026-08-04 14:46:08,0.0,0
2026-08-04 14:46:08,0.0,0
2026-08-04 14:46:09,0.0,0
2026-08-04 14:46:09,0.0,0
2026-08-04 14:46:09,0.0,0
2026-08-04 14:46:09,0.0,0
2026-08-04 14:46:09,0.0,0
2026-08-04 14:46:09,0.0,0
2026-08-04 14:46:09,0.0,0
2026-08-04 14:46:09,0.0,0
2026-08-04 14:46:09,0.0,0
2026-08-04 14:46:09,0.0,0
2026-08-04 14:46:09,0.0,0
2026-08-04 14:46:09,0.0,0
2026-08-04 14:46:09,0.0,0
2026-08-04 14:46:09,0.0,0
2026-08-04 14:46:09,0.0,0
2026-08-04 14:46:09,0.0,0
2026-08-04 14:46:09,0.0,0
2026-08-04 14:46:09,0.0,0
2026-08-04 14:46:09,0.0,0
2026-08-04 14:46:09,0.0,0
2026-08-04 14:46:10,0.0,0
2026-08-04 14:46:10,0.0,0
2026-08-04 14:46:10,0.0,0
2026-08-04 14:46:10,0.0,0
2026-08-04 14:46:10,0.0,0
2026-08-04 14:46:10,0.0,0
2026-08-04 14:46:10,0.0,0
2026-08-04 14:46:10,0.0,0
2026-08-04 14:46:10,0.0,0
2026-08-04 14:46:10,0.0,0
2026-08-04 14:46:10,0.0,0
2026-08-04 14:46:10,0.0,0
2026-08-04 14:46:10,0.0,0
2026-08-04 14:46:10,0.0,0
2026-08-04 14:46:10,0.0,0
2026-08-04 14:46:10,0.0,0
2026-08-04 14:46:10,0.0,0
2026-08-04 14:46:10,0.0,0
2026-08-04 14:46:10,0.0,0
2026-08-04 14:46:10,0.0,0
2026-08-04 14:46:11,0.0,0
2026-08-04 14:46:11,0.0,0
2026-08-04 14:46:11,0.0,0
2026-08-04 14:46:11,0.0,0
2026-08-04 14:46:11,0.0,0
2026-08-04 14:46:11,0.0,0
2026-08-04 14:46:11,0.0,0
2026-08-04 14:46:11,0.0,0
2026-08-04 14:46:11,0.0,0
2026-08-04 14:46:11,0.0,0
2026-08-04 14:46:11,0.0,0
2026-08-04 14:46:11,0.0,0
2026-08-04 14:46:11,0.0,0
2026-08-04 14:46:11,0.0,0
2026-08-04 14:46:11,0.0,0
2026-08-04 14:46:11,0.0,0
2026-08-04 14:46:11,0.0,0
2026-08-04 14:46:11,0.0,0
2026-08-04 14:46:11,0.0,0
2026-08-04 14:46:11,0.0,0
2026-08-04 14:46:12,0.0,0
2026-08-04 14:46:12,0.0,0
2026-08-04 14:46:12,0.0,0
2026-08-04 14:46:12,0.0,0
2026-08-04 14:46:12,0.0,0
2026-08-04 14:46:12,0.0,0
2026-08-04 14:46:12,0.0,0
2026-08-04 14:46:12,0.0,0
2026-08-04 14:46:12,0.0,0
2026-08-04 14:46:12,0.0,0
2026-08-04 14:46:12,0.0,0
2026-08-04 14:46:12,0.0,0
2026-08-04 14:46:12,0.0,0
2026-08-04 14:46:12,0.0,0
2026-08-04 14:46:12,0.0,0
2026-08-04 14:46:12,0.0,0
2026-08-04 14:46:12,0.0,0
2026-08-04 14:46:12,0.0,0
2026-08-04 14:46:12,0.0,0
2026-08-04 14:46:12,0.0,0
2026-08-04 14:46:13,0.0,0
2026-08-04 14:46:13,0.0,0
2026-08-04 14:46:13,0.0,0
2026-08-04 14:46:13,0.0,0
2026-08-04 14:46:13,0.0,0
2026-08-04 14:46:13,0.0,0
2026-08-04 14:46:13,0.0,0
2026-08-04 14:46:13,0.0,0
2026-08-04 14:46:13,0.0,0
2026-08-04 14:46:13,0.0,0
2026-08-04 14:46:13,0.0,0
2026-08-04 14:46:13,0.0,0
2026-08-04 14:46:13,0.0,0
2026-08-04 14:46:13,0.0,0
2026-08-04 14:46:13,0.0,0
2026-08-04 14:46:13,0.0,0
2026-08-04 14:46:13,0.0,0
2026-08-04 14:46:13,0.0,0
2026-08-04 14:46:13,0.0,0
2026-08-04 14:46:13,0.0,0
2026-08-04 14:46:14,0.0,0
2026-08-04 14:46:14,0.0,0
2026-08-04 14:46:14,0.0,0
2026-08-04 14:46:14,0.0,0
2026-08-04 14:46:14,0.0,0
2026-08-04 14:46:14,0.0,0
2026-08-04 14:46:14,0.0,0
2026-08-04 14:46:14,0.0,0
2026-08-04 14:46:14,0.0,0
2026-08-04 14:46:14,0.0,0
2026-08-04 14:46:14,0.0,0
2026-08-04 14:46:14,0.0,0
2026-08-04 14:46:14,0.0,0
2026-08-04 14:46:14,0.0,0
2026-08-04 14:46:14,0.0,0
2026-08-04 14:46:14,0.0,0
2026-08-04 14:46:14,0.0,0
2026-08-04 14:46:14,0.0,0
2026-08-04 14:46:14,0.0,0
2026-08-04 14:46:14,0.0,0
2026-08-04 14:46:15,0.0,0
2026-08-04 14:46:15,0.0,0
2026-08-04 14:46:15,0.0,0
2026-08-04 14:46:15,0.0,0
2026-08-04 14:46:15,0.0,0
2026-08-04 14:46:15,0.0,0
2026-08-04 14:46:15,0.0,0
2026-08-04 14:46:15,0.0,0
2026-08-04 14:46:15,0.0,0
2026-08-04 14:46:15,0.0,0
2026-08-04 14:46:15,0.0,0
2026-08-04 14:46:15,0.0,0
2026-08-04 14:46:15,0.0,0
2026-08-04 14:46:15,0.0,0
2026-08-04 14:46:15,0.0,0
2026-08-04 14:46:15,0.0,0
2026-08-04 14:46:15,0.0,0
2026-08-04 14:46:15,0.0,0
2026-08-04 14:46:15,0.0,0
2026-08-04 14:46:15,0.0,0
2026-08-04 14:46:16,0.0,0
2026-08-04 14:46:16,0.0,0
2026-08-04 14:46:16,0.0,0
2026-08-04 14:46:16,0.0,0
2026-08-04 14:46:16,0.0,0
2026-08-04 14:46:16,0.0,0
2026-08-04 14:46:16,0.0,0
2026-08-04 14:46:16,0.0,0
2026-08-04 14:46:16,0.0,0
2026-08-04 14:46:16,0.0,0
2026-08-04 14:46:16,0.0,0
2026-08-04 14:46:16,0.0,0
2026-08-04 14:46:16,0.0,0
2026-08-04 14:46:16,0.0,0
2026-08-04 14:46:16,0.0,0
2026-08-04 14:46:16,0.0,0
2026-08-04 14:46:16,0.0,0
2026-08-04 14:46:16,0.0,0
2026-08-04 14:46:16,0.0,0
2026-08-04 14:46:16,0.0,0
2026-08-04 14:46:17,0.0,0
2026-08-04 14:46:17,0.0,0
2026-08-04 14:46:17,0.0,0
2026-08-04 14:46:17,0.0,0
2026-08-04 14:46:17,0.0,0
2026-08-04 14:46:17,0.0,0
2026-08-04 14:46:17,0.0,0
2026-08-04 14:46:17,0.0,0
2026-08-04 14:46:17,0.0,0
2026-08-04 14:46:17,0.0,0
2026-08-04 14:46:17,0.0,0
2026-08-04 14:46:17,0.0,0
2026-08-04 14:46:17,0.0,0
2026-08-04 14:46:17,0.0,0
2026-08-04 14:46:17,0.0,0
2026-08-04 14:46:17,0.0,0
2026-08-04 14:46:17,0.0,0
2026-08-04 14:46:17,0.0,0
2026-08-04 14:46:17,0.0,0
2026-08-04 14:46:17,0.0,0
2026-08-04 14:46:18,0.0,0
2026-08-04 14:46:18,0.0,0
2026-08-04 14:46:18,0.0,0
2026-08-04 14:46:18,0.0,0
2026-08-04 14:46:18,0.0,0
2026-08-04 14:46:18,0.0,0
2026-08-04 14:46:18,0.0,0
2026-08-04 14:46:18,0.0,0
2026-08-04 14:46:18,0.0,0
2026-08-04 14:46:18,0.0,0
2026-08-04 14:46:18,0.0,0
2026-08-04 14:46:18,0.0,0
2026-08-04 14:46:18,0.0,0
2026-08-04 14:46:18,0.0,0
2026-08-04 14:46:18,0.0,0
2026-08-04 14:46:18,0.0,0
2026-08-04 14:46:18,0.0,0
2026-08-04 14:46:18,0.0,0
2026-08-04 14:46:18,0.0,0
2026-08-04 14:46:18,0.0,0
2026-08-04 14:46:19,0.0,0
2026-08-04 14:46:19,0.0,0
2026-08-04 14:46:19,0.0,0
2026-08-04 14:46:19,0.0,0
2026-08-04 14:46:19,0.0,0
2026-08-04 14:46:19,0.0,0
2026-08-04 14:46:19,0.0,0
2026-08-04 14:46:19,0.0,0
2026-08-04 14:46:19,0.0,0
2026-08-04 14:46:19,0.0,0
2026-08-04 14:46:19,0.0,0
2026-08-04 14:46:19,0.0,0
2026-08-04 14:46:19,0.0,0
2026-08-04 14:46:19,0.0,0
2026-08-04 14:46:19,0.0,0
2026-08-04 14:46:19,0.0,0
2026-08-04 14:46:19,0.0,0
2026-08-04 14:46:19,0.0,0
2026-08-04 14:46:19,0.0,0
2026-08-04 14:46:19,0.0,0
2026-08-04 14:46:20,0.0,0
2026-08-04 14:46:20,0.0,0
2026-08-04 14:46:20,0.0,0
2026-08-04 14:46:20,0.0,0
2026-08-04 14:46:20,0.0,0
2026-08-04 14:46:20,0.0,0
2026-08-04 14:46:20,0.0,0
2026-08-04 14:46:20,0.0,0
2026-08-04 14:46:20,0.0,0
2026-08-04 14:46:20,0.0,0
2026-08-04 14:46:20,0.0,0
2026-08-04 14:46:20,0.0,0
2026-08-04 14:46:20,0.0,0
2026-08-04 14:46:20,0.0,0
2026-08-04 14:46:20,0.0,0
2026-08-04 14:46:20,0.0,0
2026-08-04 14:46:20,0.0,0
2026-08-04 14:46:20,0.0,0
2026-08-04 14:46:20,0.0,0
2026-08-04 14:46:20,0.0,0
2026-08-04 14:46:21,0.0,0
2026-08-04 14:46:21,0.0,0
2026-08-04 14:46:21,0.0,0
2026-08-04 14:46:21,0.0,0
2026-08-04 14:46:21,0.0,0
2026-08-04 14:46:21,0.0,0
2026-08-04 14:46:21,0.0,0
2026-08-04 14:46:21,0.0,0
2026-08-04 14:46:21,0.0,0
2026-08-04 14:46:21,0.0,0
2026-08-04 14:46:21,0.0,0
2026-08-04 14:46:21,0.0,0
2026-08-04 14:46:21,0.0,0
2026-08-04 14:46:21,0.0,0
2026-08-04 14:46:21,0.0,0
2026-08-04 14:46:21,0.0,0
2026-08-04 14:46:21,0.0,0
2026-08-04 14:46:21,0.0,0
2026-08-04 14:46:21,0.0,0
2026-08-04 14:46:21,0.0,0
2026-08-04 14:46:22,0.0,0
2026-08-04 14:46:22,0.0,0
2026-08-04 14:46:22,0.0,0
2026-08-04 14:46:22,0.0,0
2026-08-04 14:46:22,0.0,0
2026-08-04 14:46:22,0.0,0
2026-08-04 14:46:22,0.0,0
2026-08-04 14:46:22,0.0,0
2026-08-04 14:46:22,0.0,0
2026-08-04 14:46:22,0.0,0
2026-08-04 14:46:22,0.0,0
2026-08-04 14:46:22,0.0,0
2026-08-04 14:46:22,0.0,0
2026-08-04 14:46:22,0.0,0
2026-08-04 14:46:22,0.0,0
2026-08-04 14:46:22,0.0,0
2026-08-04 14:46:22,0.0,0
2026-08-04 14:46:22,0.0,0
2026-08-04 14:46:22,0.0,0
2026-08-04 14:46:22,0.0,0
2026-08-04 14:46:23,0.0,0
2026-08-04 14:46:23,0.0,0
2026-08-04 14:46:23,0.0,0
2026-08-04 14:46:23,0.0,0
2026-08-04 14:46:23,0.0,0
2026-08-04 14:46:23,0.0,0
2026-08-04 14:46:23,0.0,0
2026-08-04 14:46:23,0.0,0
2026-08-04 14:46:23,0.0,0
2026-08-04 14:46:23,0.0,0
2026-08-04 14:46:23,0.0,0
2026-08-04 14:46:23,0.0,0
2026-08-04 14:46:23,0.0,0
2026-08-04 14:46:23,0.0,0
2026-08-04 14:46:23,0.0,0
2026-08-04 14:46:23,0.0,0
2026-08-04 14:46:23,0.0,0
2026-08-04 14:46:23,0.0,0
2026-08-04 14:46:23,0.0,0
2026-08-04 14:46:23,0.0,0
2026-08-04 14:46:24,0.0,0
2026-08-04 14:46:24,0.0,0
2026-08-04 14:46:24,0.0,0
2026-08-04 14:46:24,0.0,0
2026-08-04 14:46:24,0.0,0
2026-08-04 14:46:24,0.0,0
2026-08-04 14:46:24,0.0,0
2026-08-04 14:46:24,0.0,0
2026-08-04 14:46:24,0.0,0
2026-08-04 14:46:24,0.0,0
2026-08-04 14:46:24,0.0,0
2026-08-04 14:46:24,0.0,0
2026-08-04 14:46:24,0.0,0
2026-08-04 14:46:24,0.0,0
2026-08-04 14:46:24,0.0,0
2026-08-04 14:46:24,0.0,0
2026-08-04 14:46:24,0.0,0
2026-08-04 14:46:24,0.0,0
2026-08-04 14:46:24,0.0,0
2026-08-04 14:46:24,0.0,0
2026-08-04 14:46:25,0.0,0
2026-08-04 14:46:25,0.0,0
2026-08-04 14:46:25,0.0,0
2026-08-04 14:46:25,0.0,0
2026-08-04 14:46:25,0.0,0
2026-08-04 14:46:25,0.0,0
2026-08-04 14:46:25,0.0,0
2026-08-04 14:46:25,0.0,0
2026-08-04 14:46:25,0.0,0
2026-08-04 14:46:25,0.0,0
2026-08-04 14:46:25,0.0,0
2026-08-04 14:46:25,0.0,0
2026-08-04 14:46:25,0.0,0
2026-08-04 14:46:25,0.0,0
2026-08-04 14:46:25,0.0,0
2026-08-04 14:46:25,0.0,0
2026-08-04 14:46:25,0.0,0
2026-08-04 14:46:25,0.0,0
2026-08-04 14:46:25,0.0,0
2026-08-04 14:46:25,0.0,0
2026-08-04 14:46:26,0.0,0
2026-08-04 14:46:26,0.0,0
2026-08-04 14:46:26,0.0,0
2026-08-04 14:46:26,0.0,0
2026-08-04 14:46:26,0.0,0
2026-08-04 14:46:26,0.0,0
2026-08-04 14:46:26,0.0,0
2026-08-04 14:46:26,0.0,0
2026-08-04 14:46:26,0.0,0
2026-08-04 14:46:26,0.0,0
2026-08-04 14:46:26,0.0,0
2026-08-04 14:46:26,0.0,0
2026-08-04 14:46:26,0.0,0
2026-08-04 14:46:26,0.0,0
2026-08-04 14:46:26,0.0,0
2026-08-04 14:46:26,0.0,0
2026-08-04 14:46:26,0.0,0
2026-08-04 14:46:26,0.0,0
2026-08-04 14:46:26,0.0,0
2026-08-04 14:46:26,0.0,0
2026-08-04 14:46:27,0.0,0
2026-08-04 14:46:27,0.0,0
2026-08-04 14:46:27,0.0,0
2026-08-04 14:46:27,0.0,0
2026-08-04 14:46:27,0.0,0
2026-08-04 14:46:27,0.0,0
2026-08-04 14:46:27,0.0,0
2026-08-04 14:46:27,0.0,0
2026-08-04 14:46:27,0.0,0
2026-08-04 14:46:27,0.0,0
2026-08-04 14:46:27,0.0,0
2026-08-04 14:46:27,0.0,0
2026-08-04 14:46:27,0.0,0
2026-08-04 14:46:27,0.0,0
2026-08-04 14:46:27,0.0,0
2026-08-04 14:46:27,0.0,0
2026-08-04 14:46:27,0.0,0
2026-08-04 14:46:27,0.0,0
2026-08-04 14:46:27,0.0,0
2026-08-04 14:46:27,0.0,0
2026-08-04 14:46:28,0.0,0
2026-08-04 14:46:28,0.0,0
2026-08-04 14:46:28,0.0,0
2026-08-04 14:46:28,0.0,0
2026-08-04 14:46:28,0.0,0
2026-08-04 14:46:28,0.0,0
2026-08-04 14:46:28,0.0,0
2026-08-04 14:46:28,0.0,0
2026-08-04 14:46:28,0.0,0
2026-08-04 14:46:28,0.0,0
2026-08-04 14:46:28,0.0,0
2026-08-04 14:46:28,0.0,0
2026-08-04 14:46:28,0.0,0
2026-08-04 14:46:28,0.0,0
2026-08-04 14:46:28,0.0,0
2026-08-04 14:46:28,0.0,0
2026-08-04 14:46:28,0.0,0
2026-08-04 14:46:28,0.0,0
2026-08-04 14:46:28,0.0,0
2026-08-04 14:46:28,0.0,0
2026-08-04 14:46:29,0.0,0
2026-08-04 14:46:29,0.0,0
2026-08-04 14:46:29,0.0,0
2026-08-04 14:46:29,0.0,0
2026-08-04 14:46:29,0.0,0
2026-08-04 14:46:29,0.0,0
2026-08-04 14:46:29,0.0,0
2026-08-04 14:46:29,0.0,0
2026-08-04 14:46:29,0.0,0
2026-08-04 14:46:29,0.0,0
2026-08-04 14:46:29,0.0,0
2026-08-04 14:46:29,0.0,0
2026-08-04 14:46:29,0.0,0
2026-08-04 14:46:29,0.0,0
2026-08-04 14:46:29,0.0,0
2026-08-04 14:46:29,0.0,0
2026-08-04 14:46:29,0.0,0
2026-08-04 14:46:29,0.0,0
2026-08-04 14:46:29,0.0,0
2026-08-04 14:46:29,0.0,0
2026-08-04 14:46:30,0.0,0
2026-08-04 14:46:30,0.0,0
2026-08-04 14:46:30,0.0,0
2026-08-04 14:46:30,0.0,0
2026-08-04 14:46:30,0.0,0
2026-08-04 14:46:30,0.0,0
2026-08-04 14:46:30,0.0,0
2026-08-04 14:46:30,0.0,0
2026-08-04 14:46:30,0.0,0
2026-08-04 14:46:30,0.0,0
2026-08-04 14:46:30,0.0,0
2026-08-04 14:46:30,0.0,0
2026-08-04 14:46:30,0.0,0
2026-08-04 14:46:30,0.0,0
2026-08-04 14:46:30,0.0,0
2026-08-04 14:46:30,0.0,0
2026-08-04 14:46:30,0.0,0
2026-08-04 14:46:30,0.0,0
2026-08-04 14:46:30,0.0,0
2026-08-04 14:46:30,0.0,0
2026-08-04 14:46:31,0.0,0
2026-08-04 14:46:31,0.0,0
2026-08-04 14:46:31,0.0,0
2026-08-04 14:46:31,0.0,0
2026-08-04 14:46:31,0.0,0
2026-08-04 14:46:31,0.0,0
2026-08-04 14:46:31,0.0,0
2026-08-04 14:46:31,0.0,0
2026-08-04 14:46:31,0.0,0
2026-08-04 14:46:31,0.0,0
2026-08-04 14:46:31,0.0,0
2026-08-04 14:46:31,0.0,0
2026-08-04 14:46:31,0.0,0
2026-08-04 14:46:31,0.0,0
2026-08-04 14:46:31,0.0,0
2026-08-04 14:46:31,0.0,0
2026-08-04 14:46:31,0.0,0
2026-08-04 14:46:31,0.0,0
2026-08-04 14:46:31,0.0,0
2026-08-04 14:46:31,0.0,0
2026-08-04 14:46:32,0.0,0
2026-08-04 14:46:32,0.0,0
2026-08-04 14:46:32,0.0,0
2026-08-04 14:46:32,0.0,0
2026-08-04 14:46:32,0.0,0
2026-08-04 14:46:32,0.0,0
2026-08-04 14:46:32,0.0,0
2026-08-04 14:46:32,0.0,0
2026-08-04 14:46:32,0.0,0
2026-08-04 14:46:32,0.0,0
2026-08-04 14:46:32,0.0,0
2026-08-04 14:46:32,0.0,0
2026-08-04 14:46:32,0.0,0
2026-08-04 14:46:32,0.0,0
2026-08-04 14:46:32,0.0,0
2026-08-04 14:46:32,0.0,0
2026-08-04 14:46:32,0.0,0
2026-08-04 14:46:32,0.0,0
2026-08-04 14:46:32,0.0,0
2026-08-04 14:46:32,0.0,0
2026-08-04 14:46:33,0.0,0
2026-08-04 14:46:33,0.0,0
2026-08-04 14:46:33,0.0,0
2026-08-04 14:46:33,0.0,0
2026-08-04 14:46:33,0.0,0
2026-08-04 14:46:33,0.0,0
2026-08-04 14:46:33,0.0,0
2026-08-04 14:46:33,0.0,0
2026-08-04 14:46:33,0.0,0
2026-08-04 14:46:33,0.0,0
2026-08-04 14:46:33,0.0,0
2026-08-04 14:46:33,0.0,0
2026-08-04 14:46:33,0.0,0
2026-08-04 14:46:33,0.0,0
2026-08-04 14:46:33,0.0,0
2026-08-04 14:46:33,0.0,0
2026-08-04 14:46:33,0.0,0
2026-08-04 14:46:33,0.0,0
2026-08-04 14:46:33,0.0,0
2026-08-04 14:46:33,0.0,0
2026-08-04 14:46:34,0.0,0
2026-08-04 14:46:34,0.0,0
2026-08-04 14:46:34,0.0,0
2026-08-04 14:46:34,0.0,0
2026-08-04 14:46:34,0.0,0
2026-08-04 14:46:34,0.0,0
2026-08-04 14:46:34,0.0,0
2026-08-04 14:46:34,0.0,0
2026-08-04 14:46:34,0.0,0
2026-08-04 14:46:34,0.0,0
2026-08-04 14:46:34,0.0,0
2026-08-04 14:46:34,0.0,0
2026-08-04 14:46:34,0.0,0
2026-08-04 14:46:34,0.0,0
2026-08-04 14:46:34,0.0,0
2026-08-04 14:46:34,0.0,0
2026-08-04 14:46:34,0.0,0
2026-08-04 14:46:34,0.0,0
2026-08-04 14:46:34,0.0,0
2026-08-04 14:46:34,0.0,0
2026-08-04 14:46:35,0.0,0
2026-08-04 14:46:35,0.0,0
2026-08-04 14:46:35,0.0,0
2026-08-04 14:46:35,0.0,0
2026-08-04 14:46:35,0.0,0
2026-08-04 14:46:35,0.0,0
2026-08-04 14:46:35,0.0,0
2026-08-04 14:46:35,0.0,0
2026-08-04 14:46:35,0.0,0
2026-08-04 14:46:35,0.0,0
2026-08-04 14:46:35,0.0,0
2026-08-04 14:46:35,0.0,0
2026-08-04 14:46:35,0.0,0
2026-08-04 14:46:35,0.0,0
2026-08-04 14:46:35,0.0,0
2026-08-04 14:46:35,0.0,0
2026-08-04 14:46:35,0.0,0
2026-08-04 14:46:35,0.0,0
2026-08-04 14:46:35,0.0,0
2026-08-04 14:46:35,0.0,0
2026-08-04 14:46:36,0.0,0
2026-08-04 14:46:36,0.0,0
2026-08-04 14:46:36,0.0,0
2026-08-04 14:46:36,0.0,0
2026-08-04 14:46:36,0.0,0
2026-08-04 14:46:36,0.0,0
2026-08-04 14:46:36,0.0,0
2026-08-04 14:46:36,0.0,0
2026-08-04 14:46:36,0.0,0
2026-08-04 14:46:36,0.0,0
2026-08-04 14:46:36,0.0,0
2026-08-04 14:46:36,0.0,0
2026-08-04 14:46:36,0.0,0
2026-08-04 14:46:36,0.0,0
2026-08-04 14:46:36,0.0,0
2026-08-04 14:46:36,0.0,0
2026-08-04 14:46:36,0.0,0
2026-08-04 14:46:36,0.0,0
2026-08-04 14:46:36,0.0,0
2026-08-04 14:46:36,0.0,0
2026-08-04 14:46:37,0.0,0
2026-08-04 14:46:37,0.0,0
2026-08-04 14:46:37,0.0,0
2026-08-04 14:46:37,0.0,0
2026-08-04 14:46:37,0.0,0
2026-08-04 14:46:37,0.0,0
2026-08-04 14:46:37,0.0,0
2026-08-04 14:46:37,0.0,0
2026-08-04 14:46:37,0.0,0
2026-08-04 14:46:37,0.0,0
2026-08-04 14:46:37,0.0,0
2026-08-04 14:46:37,0.0,0
2026-08-04 14:46:37,0.0,0
2026-08-04 14:46:37,0.0,0
2026-08-04 14:46:37,0.0,0
2026-08-04 14:46:37,0.0,0
2026-08-04 14:46:37,0.0,0
2026-08-04 14:46:37,0.0,1
2026-08-04 14:46:37,0.0,1
2026-08-04 14:46:37,0.0,1
2026-08-04 14:46:38,0.0,1
2026-08-04 14:46:38,0.0,1
2026-08-04 14:46:38,0.0,1
2026-08-04 14:46:38,0.0,1
2026-08-04 14:46:38,0.0,1
2026-08-04 14:46:38,0.0,1
2026-08-04 14:46:38,0.0,1
2026-08-04 14:46:38,0.0,1
2026-08-04 14:46:38,0.0,1
2026-08-04 14:46:38,0.0,1
2026-08-04 14:46:38,0.0,1
2026-08-04 14:46:38,0.0,1
2026-08-04 14:46:38,0.0,1
2026-08-04 14:46:38,0.0,0
2026-08-04 14:46:38,0.0,0
2026-08-04 14:46:38,0.0,0
2026-08-04 14:46:38,0.0,0
2026-08-04 14:46:38,0.0,0
2026-08-04 14:46:38,0.0,0
2026-08-04 14:46:38,0.0,0
2026-08-04 14:46:39,0.0,0
2026-08-04 14:46:39,0.0,0
2026-08-04 14:46:39,0.0,0
2026-08-04 14:46:39,0.0,0
2026-08-04 14:46:39,0.0,0
2026-08-04 14:46:39,0.0,0
2026-08-04 14:46:39,0.0,0
2026-08-04 14:46:39,0.0,0
2026-08-04 14:46:39,0.0,0
2026-08-04 14:46:39,0.0,0
2026-08-04 14:46:39,0.0,0
2026-08-04 14:46:39,0.0,0
2026-08-04 14:46:39,0.0,0
2026-08-04 14:46:39,0.0,0
2026-08-04 14:46:39,0.0,0
2026-08-04 14:46:39,0.0,0
2026-08-04 14:46:39,0.0,0
2026-08-04 14:46:39,0.0,0
2026-08-04 14:46:39,0.0,0
2026-08-04 14:46:39,0.0,0
2026-08-04 14:46:40,0.0,0
2026-08-04 14:46:40,0.0,0
2026-08-04 14:46:40,0.0,0
2026-08-04 14:46:40,0.0,0
2026-08-04 14:46:40,0.0,0
2026-08-04 14:46:40,0.0,0
2026-08-04 14:46:40,0.0,0
2026-08-04 14:46:40,0.0,1
2026-08-04 14:46:40,0.0,1
2026-08-04 14:46:40,0.0,1
2026-08-04 14:46:40,0.0,1
2026-08-04 14:46:40,0.0,1
2026-08-04 14:46:40,0.0,1
2026-08-04 14:46:40,0.0,1
2026-08-04 14:46:40,0.0,1
2026-08-04 14:46:40,0.0,1
2026-08-04 14:46:40,0.0,1
2026-08-04 14:46:40,0.0,1
2026-08-04 14:46:40,0.0,1
2026-08-04 14:46:40,0.0,1
2026-08-04 14:46:41,0.0,1
2026-08-04 14:46:41,0.0,1
2026-08-04 14:46:41,0.0,1
2026-08-04 14:46:41,0.0,1
2026-08-04 14:46:41,0.0,1
2026-08-04 14:46:41,0.0,1
2026-08-04 14:46:41,0.0,1
2026-08-04 14:46:41,0.0,1
2026-08-04 14:46:41,0.0,1
2026-08-04 14:46:41,0.0,1
2026-08-04 14:46:41,0.0,1
2026-08-04 14:46:41,0.0,1
2026-08-04 14:46:41,0.0,1
2026-08-04 14:46:41,0.0,1
2026-08-04 14:46:41,0.0,1
2026-08-04 14:46:41,0.0,1
2026-08-04 14:46:41,0.0,1
2026-08-04 14:46:41,0.0,1
2026-08-04 14:46:41,0.0,1
2026-08-04 14:46:41,0.0,1
2026-08-04 14:46:42,0.0,1
2026-08-04 14:46:42,0.0,1
2026-08-04 14:46:42,0.0,1
2026-08-04 14:46:42,0.0,1
2026-08-04 14:46:42,0.0,1
2026-08-04 14:46:42,0.0,1
2026-08-04 14:46:42,0.0,1
2026-08-04 14:46:42,0.0,1
2026-08-04 14:46:42,0.0,1
2026-08-04 14:46:42,0.0,1
2026-08-04 14:46:42,0.0,1
2026-08-04 14:46:42,0.0,1
2026-08-04 14:46:42,0.0,1
2026-08-04 14:46:42,0.0,1
2026-08-04 14:46:42,0.0,1
2026-08-04 14:46:42,0.0,1
2026-08-04 14:46:42,0.59375,1
2026-08-04 14:46:42,0.59375,1
2026-08-04 14:46:42,0.671875,1
2026-08-04 14:46:42,0.671875,1
2026-08-04 14:46:43,0.671875,1
2026-08-04 14:46:43,0.671875,1
2026-08-04 14:46:43,1.109375,1
2026-08-04 14:46:43,1.109375,1
2026-08-04 14:46:43,1.15625,1
2026-08-04 14:46:43,1.15625,1
2026-08-04 14:46:43,1.15625,1
2026-08-04 14:46:43,1.15625,1
2026-08-04 14:46:43,1.25,1
2026-08-04 14:46:43,1.25,1
2026-08-04 14:46:43,1.71875,1
2026-08-04 14:46:43,1.71875,1
2026-08-04 14:46:43,1.75,1
2026-08-04 14:46:43,1.75,1
2026-08-04 14:46:43,1.75,1
2026-08-04 14:46:43,1.75,1
2026-08-04 14:46:43,1.75,1
2026-08-04 14:46:43,1.75,1
2026-08-04 14:46:43,2.40625,1
2026-08-04 14:46:43,2.40625,1
2026-08-04 14:46:44,2.421875,1
2026-08-04 14:46:44,2.421875,1
2026-08-04 14:46:44,2.46875,1
2026-08-04 14:46:44,2.46875,1
2026-08-04 14:46:44,3.171875,1
2026-08-04 14:46:44,3.171875,1
2026-08-04 14:46:44,3.1875,1
2026-08-04 14:46:44,3.1875,1
2026-08-04 14:46:44,3.203125,1
2026-08-04 14:46:44,3.203125,1
2026-08-04 14:46:44,3.1875,1
2026-08-04 14:46:44,3.1875,1
2026-08-04 14:46:44,3.96875,1
2026-08-04 14:46:44,3.96875,1
2026-08-04 14:46:44,4.046875,1
2026-08-04 14:46:44,4.046875,1
2026-08-04 14:46:44,4.078125,1
2026-08-04 14:46:44,4.078125,1
2026-08-04 14:46:44,4.890625,1
2026-08-04 14:46:44,4.890625,1
2026-08-04 14:46:45,4.953125,1
2026-08-04 14:46:45,4.953125,1
2026-08-04 14:46:45,5.078125,1
2026-08-04 14:46:45,5.078125,1
2026-08-04 14:46:45,5.078125,1
2026-08-04 14:46:45,5.078125,1
2026-08-04 14:46:45,6.09375,1
2026-08-04 14:46:45,6.09375,1
2026-08-04 14:46:45,6.25,1
2026-08-04 14:46:45,6.25,1
2026-08-04 14:46:45,6.515625,1
2026-08-04 14:46:45,6.515625,1
2026-08-04 14:46:45,7.875,1
2026-08-04 14:46:45,7.875,1
2026-08-04 14:46:45,7.875,1
2026-08-04 14:46:45,7.875,1
2026-08-04 14:46:45,7.90625,1
2026-08-04 14:46:45,7.90625,1
2026-08-04 14:46:45,8.015625,1
2026-08-04 14:46:45,8.015625,1
2026-08-04 14:46:46,10.21875,1
2026-08-04 14:46:46,10.21875,1
2026-08-04 14:46:46,10.296875,1
2026-08-04 14:46:46,10.296875,1
2026-08-04 14:46:46,10.40625,1
2026-08-04 14:46:46,10.40625,1
2026-08-04 14:46:46,10.4375,1
2026-08-04 14:46:46,10.4375,1
2026-08-04 14:46:46,11.765625,1
2026-08-04 14:46:46,11.765625,1
2026-08-04 14:46:46,11.875,1
2026-08-04 14:46:46,11.875,1
2026-08-04 14:46:46,12.078125,1
2026-08-04 14:46:46,12.078125,1
2026-08-04 14:46:46,13.9375,1
2026-08-04 14:46:46,13.9375,1
2026-08-04 14:46:46,14.109375,1
2026-08-04 14:46:46,14.109375,1
2026-08-04 14:46:46,14.265625,1
2026-08-04 14:46:46,14.265625,1
2026-08-04 14:46:47,14.203125,1
2026-08-04 14:46:47,14.203125,1
2026-08-04 14:46:47,15.625,1
2026-08-04 14:46:47,15.625,1
2026-08-04 14:46:47,15.875,1
2026-08-04 14:46:47,15.875,1
2026-08-04 14:46:47,16.125,1
2026-08-04 14:46:47,16.125,1
2026-08-04 14:46:47,18.265625,1
2026-08-04 14:46:47,18.265625,1
2026-08-04 14:46:47,18.34375,1
2026-08-04 14:46:47,18.34375,1
2026-08-04 14:46:47,18.421875,1
2026-08-04 14:46:47,18.421875,1
2026-08-04 14:46:47,18.515625,1
2026-08-04 14:46:47,18.515625,1
2026-08-04 14:46:47,20.578125,1
2026-08-04 14:46:47,20.578125,1
2026-08-04 14:46:47,20.734375,1
2026-08-04 14:46:47,20.734375,1
2026-08-04 14:46:48,20.890625,1
2026-08-04 14:46:48,20.890625,1
2026-08-04 14:46:48,20.90625,1
2026-08-04 14:46:48,20.90625,1
2026-08-04 14:46:48,23.671875,1
2026-08-04 14:46:48,23.671875,1
2026-08-04 14:46:48,23.828125,1
2026-08-04 14:46:48,23.828125,1
2026-08-04 14:46:48,23.96875,1
2026-08-04 14:46:48,23.96875,1
2026-08-04 14:46:48,25.015625,1
2026-08-04 14:46:48,25.015625,1
2026-08-04 14:46:48,25.171875,1
2026-08-04 14:46:48,25.171875,1
2026-08-04 14:46:48,25.09375,1
2026-08-04 14:46:48,25.09375,1
2026-08-04 14:46:48,25.234375,1
2026-08-04 14:46:48,25.234375,1
2026-08-04 14:46:48,25.359375,1
2026-08-04 14:46:48,25.359375,1
2026-08-04 14:46:49,25.28125,1
2026-08-04 14:46:49,25.28125,1
2026-08-04 14:46:49,25.125,1
2026-08-04 14:46:49,25.125,1
2026-08-04 14:46:49,24.234375,1
2026-08-04 14:46:49,24.234375,1
2026-08-04 14:46:49,24.3125,1
2026-08-04 14:46:49,24.3125,1
2026-08-04 14:46:49,24.203125,1
2026-08-04 14:46:49,24.203125,1
2026-08-04 14:46:49,24.171875,1
2026-08-04 14:46:49,24.171875,1
2026-08-04 14:46:49,23.84375,1
2026-08-04 14:46:49,23.84375,1
2026-08-04 14:46:49,23.828125,1
2026-08-04 14:46:49,23.828125,1
2026-08-04 14:46:49,23.703125,1
2026-08-04 14:46:49,23.703125,1
2026-08-04 14:46:49,23.640625,1
2026-08-04 14:46:49,23.640625,1
2026-08-04 14:46:50,23.65625,1
2026-08-04 14:46:50,23.65625,1
2026-08-04 14:46:50,23.71875,1
2026-08-04 14:46:50,23.71875,1
2026-08-04 14:46:50,23.734375,1
2026-08-04 14:46:50,23.734375,1
2026-08-04 14:46:50,23.203125,1
2026-08-04 14:46:50,23.203125,1
2026-08-04 14:46:50,23.265625,1
2026-08-04 14:46:50,23.265625,1
2026-08-04 14:46:50,23.1875,1
2026-08-04 14:46:50,23.1875,1
2026-08-04 14:46:50,23.1875,1
2026-08-04 14:46:50,23.1875,1
2026-08-04 14:46:50,22.671875,1
2026-08-04 14:46:50,22.671875,1
2026-08-04 14:46:50,22.609375,1
2026-08-04 14:46:50,22.609375,1
2026-08-04 14:46:50,22.578125,1
2026-08-04 14:46:50,22.578125,1
2026-08-04 14:46:51,22.796875,1
2026-08-04 14:46:51,22.796875,1
2026-08-04 14:46:51,22.75,1
2026-08-04 14:46:51,22.75,1
2026-08-04 14:46:51,22.703125,1
2026-08-04 14:46:51,22.703125,1
2026-08-04 14:46:51,22.71875,1
2026-08-04 14:46:51,22.71875,1
2026-08-04 14:46:51,22.390625,1
2026-08-04 14:46:51,22.390625,1
2026-08-04 14:46:51,22.46875,1
2026-08-04 14:46:51,22.46875,1
2026-08-04 14:46:51,22.53125,1
2026-08-04 14:46:51,22.53125,1
2026-08-04 14:46:51,22.859375,1
2026-08-04 14:46:51,22.859375,1
2026-08-04 14:46:51,22.828125,1
2026-08-04 14:46:51,22.828125,1
2026-08-04 14:46:51,22.921875,1
2026-08-04 14:46:51,22.921875,1
2026-08-04 14:46:52,23.015625,1
2026-08-04 14:46:52,23.015625,1
2026-08-04 14:46:52,23.109375,1
2026-08-04 14:46:52,23.109375,1
2026-08-04 14:46:52,23.078125,1
2026-08-04 14:46:52,23.078125,1
2026-08-04 14:46:52,23.078125,1
2026-08-04 14:46:52,23.078125,1
2026-08-04 14:46:52,23.03125,1
2026-08-04 14:46:52,23.03125,1
2026-08-04 14:46:52,23.046875,1
2026-08-04 14:46:52,23.046875,1
2026-08-04 14:46:52,22.96875,1
2026-08-04 14:46:52,22.96875,1
2026-08-04 14:46:52,23.0,1
2026-08-04 14:46:52,23.0,1
2026-08-04 14:46:52,22.890625,1
2026-08-04 14:46:52,22.890625,1
2026-08-04 14:46:52,22.90625,1
2026-08-04 14:46:52,22.90625,1
2026-08-04 14:46:53,22.90625,1
2026-08-04 14:46:53,22.90625,1
2026-08-04 14:46:53,22.765625,1
2026-08-04 14:46:53,22.765625,1
2026-08-04 14:46:53,22.953125,1
2026-08-04 14:46:53,22.953125,1
2026-08-04 14:46:53,22.921875,1
2026-08-04 14:46:53,22.921875,1
2026-08-04 14:46:53,22.90625,1
2026-08-04 14:46:53,22.90625,1
2026-08-04 14:46:53,23.21875,1
2026-08-04 14:46:53,23.21875,1
2026-08-04 14:46:53,23.140625,1
2026-08-04 14:46:53,23.140625,1
2026-08-04 14:46:53,23.140625,1
2026-08-04 14:46:53,23.140625,1
2026-08-04 14:46:53,23.15625,1
2026-08-04 14:46:53,23.15625,1
2026-08-04 14:46:53,23.15625,1
2026-08-04 14:46:53,23.15625,1
2026-08-04 14:46:54,23.296875,1
2026-08-04 14:46:54,23.296875,1
2026-08-04 14:46:54,23.296875,1
2026-08-04 14:46:54,23.296875,1
2026-08-04 14:46:54,23.390625,1
2026-08-04 14:46:54,23.390625,1
2026-08-04 14:46:54,23.421875,1
2026-08-04 14:46:54,23.421875,1
2026-08-04 14:46:54,23.53125,1
2026-08-04 14:46:54,23.53125,1
2026-08-04 14:46:54,23.375,1
2026-08-04 14:46:54,23.375,1
2026-08-04 14:46:54,23.5,1
2026-08-04 14:46:54,23.5,1
2026-08-04 14:46:54,23.421875,1
2026-08-04 14:46:54,23.421875,1
2026-08-04 14:46:54,23.390625,1
2026-08-04 14:46:54,23.390625,1
2026-08-04 14:46:54,23.625,1
2026-08-04 14:46:54,23.625,1
2026-08-04 14:46:55,23.484375,1
2026-08-04 14:46:55,23.484375,1
2026-08-04 14:46:55,23.390625,1
2026-08-04 14:46:55,23.390625,1
2026-08-04 14:46:55,23.34375,1
2026-08-04 14:46:55,23.34375,1
2026-08-04 14:46:55,23.484375,1
2026-08-04 14:46:55,23.484375,1
2026-08-04 14:46:55,23.546875,1
2026-08-04 14:46:55,23.546875,1
2026-08-04 14:46:55,23.75,1
2026-08-04 14:46:55,23.75,1
2026-08-04 14:46:55,23.84375,1
2026-08-04 14:46:55,23.84375,1
2026-08-04 14:46:55,23.96875,1
2026-08-04 14:46:55,23.96875,1
2026-08-04 14:46:55,23.890625,1
2026-08-04 14:46:55,23.890625,1
2026-08-04 14:46:55,23.71875,1
2026-08-04 14:46:55,23.71875,1
2026-08-04 14:46:56,23.484375,1
2026-08-04 14:46:56,23.484375,1
2026-08-04 14:46:56,23.609375,1
2026-08-04 14:46:56,23.609375,1
2026-08-04 14:46:56,23.515625,1
2026-08-04 14:46:56,23.515625,1
2026-08-04 14:46:56,23.625,1
2026-08-04 14:46:56,23.625,1
2026-08-04 14:46:56,23.96875,1
2026-08-04 14:46:56,23.96875,1
2026-08-04 14:46:56,23.90625,1
2026-08-04 14:46:56,23.90625,1
2026-08-04 14:46:56,23.90625,1
2026-08-04 14:46:56,23.90625,1
2026-08-04 14:46:56,23.59375,1
2026-08-04 14:46:56,23.59375,1
2026-08-04 14:46:56,23.609375,1
2026-08-04 14:46:56,23.609375,1
2026-08-04 14:46:56,23.578125,1
2026-08-04 14:46:56,23.578125,1
2026-08-04 14:46:57,23.640625,1
2026-08-04 14:46:57,23.640625,1
2026-08-04 14:46:57,23.90625,1
2026-08-04 14:46:57,23.90625,1
2026-08-04 14:46:57,23.953125,1
2026-08-04 14:46:57,23.953125,1
2026-08-04 14:46:57,23.953125,1
2026-08-04 14:46:57,23.953125,1
2026-08-04 14:46:57,23.96875,1
2026-08-04 14:46:57,23.96875,1
2026-08-04 14:46:57,23.625,1
2026-08-04 14:46:57,23.625,1
2026-08-04 14:46:57,23.5625,1
2026-08-04 14:46:57,23.5625,1
2026-08-04 14:46:57,23.484375,1
2026-08-04 14:46:57,23.484375,1
2026-08-04 14:46:57,23.0625,1
2026-08-04 14:46:57,23.0625,1
2026-08-04 14:46:57,23.21875,1
2026-08-04 14:46:57,23.21875,1
2026-08-04 14:46:58,23.125,1
2026-08-04 14:46:58,23.125,1
2026-08-04 14:46:58,23.1875,1
2026-08-04 14:46:58,23.1875,1
2026-08-04 14:46:58,23.171875,1
2026-08-04 14:46:58,23.171875,1
2026-08-04 14:46:58,23.109375,1
2026-08-04 14:46:58,23.109375,1
2026-08-04 14:46:58,22.875,1
2026-08-04 14:46:58,22.875,1
2026-08-04 14:46:58,23.203125,1
2026-08-04 14:46:58,23.203125,1
2026-08-04 14:46:58,23.171875,1
2026-08-04 14:46:58,23.171875,1
2026-08-04 14:46:58,23.078125,1
2026-08-04 14:46:58,23.078125,1
2026-08-04 14:46:58,23.0625,1
2026-08-04 14:46:58,23.0625,1
2026-08-04 14:46:58,22.984375,1
2026-08-04 14:46:58,22.984375,1
2026-08-04 14:46:59,22.984375,1
2026-08-04 14:46:59,22.984375,1
2026-08-04 14:46:59,23.03125,1
2026-08-04 14:46:59,23.03125,1
2026-08-04 14:46:59,23.03125,1
2026-08-04 14:46:59,23.03125,1
2026-08-04 14:46:59,22.65625,1
2026-08-04 14:46:59,22.65625,1
2026-08-04 14:46:59,22.546875,1
2026-08-04 14:46:59,22.546875,1
2026-08-04 14:46:59,22.65625,1
2026-08-04 14:46:59,22.65625,1
2026-08-04 14:46:59,22.125,1
2026-08-04 14:46:59,22.125,1
2026-08-04 14:46:59,22.015625,1
2026-08-04 14:46:59,22.015625,1
2026-08-04 14:46:59,22.234375,1
2026-08-04 14:46:59,22.234375,1
2026-08-04 14:46:59,22.421875,1
2026-08-04 14:46:59,22.421875,1
2026-08-04 14:47:00,22.390625,1
2026-08-04 14:47:00,22.390625,1
2026-08-04 14:47:00,22.78125,1
2026-08-04 14:47:00,22.78125,1
2026-08-04 14:47:00,22.921875,1
2026-08-04 14:47:00,22.921875,1
2026-08-04 14:47:00,22.84375,1
2026-08-04 14:47:00,22.84375,1
2026-08-04 14:47:00,22.78125,1
2026-08-04 14:47:00,22.78125,1
2026-08-04 14:47:00,23.171875,1
2026-08-04 14:47:00,23.171875,1
2026-08-04 14:47:00,22.890625,1
2026-08-04 14:47:00,22.890625,1
2026-08-04 14:47:00,22.75,1
2026-08-04 14:47:00,22.75,1
2026-08-04 14:47:00,22.671875,1
2026-08-04 14:47:00,22.671875,1
2026-08-04 14:47:00,22.78125,1
2026-08-04 14:47:00,22.78125,1
2026-08-04 14:47:01,22.640625,1
2026-08-04 14:47:01,22.640625,1
2026-08-04 14:47:01,22.921875,1
2026-08-04 14:47:01,22.921875,1
2026-08-04 14:47:01,22.703125,1
2026-08-04 14:47:01,22.703125,1
2026-08-04 14:47:01,22.703125,1
2026-08-04 14:47:01,22.703125,1
2026-08-04 14:47:01,23.0625,1
2026-08-04 14:47:01,23.0625,1
2026-08-04 14:47:01,22.890625,1
2026-08-04 14:47:01,22.890625,1
2026-08-04 14:47:01,22.78125,1
2026-08-04 14:47:01,22.78125,1
2026-08-04 14:47:01,22.125,1
2026-08-04 14:47:01,22.125,1
2026-08-04 14:47:01,21.859375,1
2026-08-04 14:47:01,21.859375,1
2026-08-04 14:47:01,21.640625,1
2026-08-04 14:47:01,21.640625,1
2026-08-04 14:47:02,21.640625,1
2026-08-04 14:47:02,21.640625,1
2026-08-04 14:47:02,21.1875,1
2026-08-04 14:47:02,21.1875,1
2026-08-04 14:47:02,20.984375,1
2026-08-04 14:47:02,20.984375,1
2026-08-04 14:47:02,20.84375,1
2026-08-04 14:47:02,20.84375,1
2026-08-04 14:47:02,20.3125,1
2026-08-04 14:47:02,20.3125,1
2026-08-04 14:47:02,20.453125,1
2026-08-04 14:47:02,20.453125,1
2026-08-04 14:47:02,20.578125,1
2026-08-04 14:47:02,20.578125,1
2026-08-04 14:47:02,20.65625,1
2026-08-04 14:47:02,20.65625,1
2026-08-04 14:47:02,20.125,1
2026-08-04 14:47:02,20.125,1
2026-08-04 14:47:02,19.703125,1
2026-08-04 14:47:02,19.703125,1
2026-08-04 14:47:03,19.515625,1
2026-08-04 14:47:03,19.515625,1
2026-08-04 14:47:03,20.359375,1
2026-08-04 14:47:03,20.359375,1
2026-08-04 14:47:03,20.34375,1
2026-08-04 14:47:03,20.34375,1
2026-08-04 14:47:03,20.40625,1
2026-08-04 14:47:03,20.40625,1
2026-08-04 14:47:03,20.421875,1
2026-08-04 14:47:03,20.421875,1
2026-08-04 14:47:03,18.96875,1
2026-08-04 14:47:03,18.96875,1
2026-08-04 14:47:03,18.765625,1
2026-08-04 14:47:03,18.765625,1
2026-08-04 14:47:03,18.5625,1
2026-08-04 14:47:03,18.5625,1
2026-08-04 14:47:03,18.40625,1
2026-08-04 14:47:03,18.40625,1
2026-08-04 14:47:03,16.3125,1
2026-08-04 14:47:03,16.3125,1
2026-08-04 14:47:04,16.203125,1
2026-08-04 14:47:04,16.203125,1
2026-08-04 14:47:04,16.15625,1
2026-08-04 14:47:04,16.15625,1
2026-08-04 14:47:04,15.890625,1
2026-08-04 14:47:04,15.890625,1
2026-08-04 14:47:04,16.0,1
2026-08-04 14:47:04,16.0,1
2026-08-04 14:47:04,16.046875,1
2026-08-04 14:47:04,16.046875,1
2026-08-04 14:47:04,15.328125,1
2026-08-04 14:47:04,15.328125,1
2026-08-04 14:47:04,15.265625,1
2026-08-04 14:47:04,15.265625,1
2026-08-04 14:47:04,15.171875,1
2026-08-04 14:47:04,15.171875,1
2026-08-04 14:47:04,15.078125,1
2026-08-04 14:47:04,15.078125,1
2026-08-04 14:47:04,15.046875,1
2026-08-04 14:47:04,15.046875,1
2026-08-04 14:47:05,14.984375,1
2026-08-04 14:47:05,14.984375,1
2026-08-04 14:47:05,14.9375,1
2026-08-04 14:47:05,14.9375,1
2026-08-04 14:47:05,14.625,1
2026-08-04 14:47:05,14.625,1
2026-08-04 14:47:05,14.53125,1
2026-08-04 14:47:05,14.53125,1
2026-08-04 14:47:05,14.515625,1
2026-08-04 14:47:05,14.515625,1
2026-08-04 14:47:05,14.53125,1
2026-08-04 14:47:05,14.53125,1
2026-08-04 14:47:05,14.234375,1
2026-08-04 14:47:05,14.234375,1
2026-08-04 14:47:05,14.25,1
2026-08-04 14:47:05,14.25,1
2026-08-04 14:47:05,14.171875,1
2026-08-04 14:47:05,14.171875,1
2026-08-04 14:47:05,14.15625,1
2026-08-04 14:47:05,14.15625,1
2026-08-04 14:47:06,13.96875,1
2026-08-04 14:47:06,13.96875,1
2026-08-04 14:47:06,13.9375,1
2026-08-04 14:47:06,13.9375,1
2026-08-04 14:47:06,13.953125,1
2026-08-04 14:47:06,13.953125,1
2026-08-04 14:47:06,13.59375,1
2026-08-04 14:47:06,13.59375,1
2026-08-04 14:47:06,13.703125,1
2026-08-04 14:47:06,13.703125,1
2026-08-04 14:47:06,13.9375,1
2026-08-04 14:47:06,13.9375,1
2026-08-04 14:47:06,13.9375,1
2026-08-04 14:47:06,13.9375,1
2026-08-04 14:47:06,14.09375,1
2026-08-04 14:47:06,14.09375,1
2026-08-04 14:47:06,14.0625,1
2026-08-04 14:47:06,14.0625,1
2026-08-04 14:47:06,14.046875,1
2026-08-04 14:47:06,14.046875,1
2026-08-04 14:47:07,14.578125,1
2026-08-04 14:47:07,14.578125,1
2026-08-04 14:47:07,14.640625,1
2026-08-04 14:47:07,14.640625,1
2026-08-04 14:47:07,14.8125,1
2026-08-04 14:47:07,14.8125,1
2026-08-04 14:47:07,14.953125,1
2026-08-04 14:47:07,14.953125,1
2026-08-04 14:47:07,16.1875,1
2026-08-04 14:47:07,16.1875,1
2026-08-04 14:47:07,16.1875,1
2026-08-04 14:47:07,16.1875,1
2026-08-04 14:47:07,16.09375,1
2026-08-04 14:47:07,16.09375,1
2026-08-04 14:47:07,16.109375,1
2026-08-04 14:47:07,16.109375,1
2026-08-04 14:47:07,17.671875,1
2026-08-04 14:47:07,17.671875,1
2026-08-04 14:47:07,17.734375,1
2026-08-04 14:47:07,17.734375,1
2026-08-04 14:47:08,17.90625,1
2026-08-04 14:47:08,17.90625,1
2026-08-04 14:47:08,19.4375,1
2026-08-04 14:47:08,19.4375,1
2026-08-04 14:47:08,19.46875,1
2026-08-04 14:47:08,19.46875,1
2026-08-04 14:47:08,19.671875,1
2026-08-04 14:47:08,19.671875,1
2026-08-04 14:47:08,19.8125,1
2026-08-04 14:47:08,19.8125,1
2026-08-04 14:47:08,22.109375,1
2026-08-04 14:47:08,22.109375,1
2026-08-04 14:47:08,22.203125,1
2026-08-04 14:47:08,22.203125,1
2026-08-04 14:47:08,22.28125,1
2026-08-04 14:47:08,22.28125,1
2026-08-04 14:47:08,23.703125,1
2026-08-04 14:47:08,23.703125,1
2026-08-04 14:47:08,23.578125,1
2026-08-04 14:47:08,23.578125,1
2026-08-04 14:47:09,23.484375,1
2026-08-04 14:47:09,23.484375,1
2026-08-04 14:47:09,23.484375,1
2026-08-04 14:47:09,23.484375,1
2026-08-04 14:47:09,24.21875,1
2026-08-04 14:47:09,24.21875,1
2026-08-04 14:47:09,24.21875,1
2026-08-04 14:47:09,24.21875,1
2026-08-04 14:47:09,24.0625,1
2026-08-04 14:47:09,24.0625,1
2026-08-04 14:47:09,23.625,1
2026-08-04 14:47:09,23.625,1
2026-08-04 14:47:09,23.421875,1
2026-08-04 14:47:09,23.421875,1
2026-08-04 14:47:09,23.453125,1
2026-08-04 14:47:09,23.453125,1
2026-08-04 14:47:09,23.4375,1
2026-08-04 14:47:09,23.4375,1
2026-08-04 14:47:09,23.171875,1
2026-08-04 14:47:09,23.171875,1
2026-08-04 14:47:10,23.109375,1
2026-08-04 14:47:10,23.109375,1
2026-08-04 14:47:10,23.0625,1
2026-08-04 14:47:10,23.0625,1
2026-08-04 14:47:10,23.140625,1
2026-08-04 14:47:10,23.140625,1
2026-08-04 14:47:10,23.09375,1
2026-08-04 14:47:10,23.09375,1
2026-08-04 14:47:10,23.078125,1
2026-08-04 14:47:10,23.078125,1
2026-08-04 14:47:10,23.15625,1
2026-08-04 14:47:10,23.15625,1
2026-08-04 14:47:10,23.90625,1
2026-08-04 14:47:10,23.90625,1
2026-08-04 14:47:10,23.984375,1
2026-08-04 14:47:10,23.984375,1
2026-08-04 14:47:10,24.015625,1
2026-08-04 14:47:10,24.015625,1
2026-08-04 14:47:10,23.953125,1
2026-08-04 14:47:10,23.953125,1
2026-08-04 14:47:11,24.421875,1
2026-08-04 14:47:11,24.421875,1
2026-08-04 14:47:11,24.578125,1
2026-08-04 14:47:11,24.578125,1
2026-08-04 14:47:11,24.5,1
2026-08-04 14:47:11,24.5,1
2026-08-04 14:47:11,24.40625,1
2026-08-04 14:47:11,24.40625,1
2026-08-04 14:47:11,24.484375,1
2026-08-04 14:47:11,24.484375,1
2026-08-04 14:47:11,24.46875,1
2026-08-04 14:47:11,24.46875,1
2026-08-04 14:47:11,24.453125,1
2026-08-04 14:47:11,24.453125,1
2026-08-04 14:47:11,24.78125,1
2026-08-04 14:47:11,24.78125,1
2026-08-04 14:47:11,24.78125,1
2026-08-04 14:47:11,24.78125,1
2026-08-04 14:47:11,24.78125,1
2026-08-04 14:47:11,24.78125,1
2026-08-04 14:47:12,24.75,1
2026-08-04 14:47:12,24.75,1
2026-08-04 14:47:12,25.109375,1
2026-08-04 14:47:12,25.109375,1
2026-08-04 14:47:12,24.859375,1
2026-08-04 14:47:12,24.859375,1
2026-08-04 14:47:12,24.9375,1
2026-08-04 14:47:12,24.9375,1
2026-08-04 14:47:12,24.9375,1
2026-08-04 14:47:12,24.9375,1
2026-08-04 14:47:12,25.5,1
2026-08-04 14:47:12,25.5,1
2026-08-04 14:47:12,25.375,1
2026-08-04 14:47:12,25.375,1
2026-08-04 14:47:12,25.421875,1
2026-08-04 14:47:12,25.421875,1
2026-08-04 14:47:12,25.203125,1
2026-08-04 14:47:12,25.203125,1
2026-08-04 14:47:12,25.265625,1
2026-08-04 14:47:12,25.265625,1
2026-08-04 14:47:13,25.15625,1
2026-08-04 14:47:13,25.15625,1
2026-08-04 14:47:13,25.15625,1
2026-08-04 14:47:13,25.15625,1
2026-08-04 14:47:13,25.265625,1
2026-08-04 14:47:13,25.265625,1
2026-08-04 14:47:13,25.125,1
2026-08-04 14:47:13,25.125,1
2026-08-04 14:47:13,25.125,1
2026-08-04 14:47:13,25.125,1
2026-08-04 14:47:13,25.25,1
2026-08-04 14:47:13,25.25,1
2026-08-04 14:47:13,25.078125,1
2026-08-04 14:47:13,25.078125,1
2026-08-04 14:47:13,25.046875,1
2026-08-04 14:47:13,25.046875,1
2026-08-04 14:47:13,25.125,1
2026-08-04 14:47:13,25.125,1
2026-08-04 14:47:13,25.3125,1
2026-08-04 14:47:13,25.3125,1
2026-08-04 14:47:14,25.5,1
2026-08-04 14:47:14,25.5,1
2026-08-04 14:47:14,25.640625,1
2026-08-04 14:47:14,25.640625,1
2026-08-04 14:47:14,24.84375,1
2026-08-04 14:47:14,24.84375,1
2026-08-04 14:47:14,24.6875,1
2026-08-04 14:47:14,24.6875,1
2026-08-04 14:47:14,24.453125,1
2026-08-04 14:47:14,24.453125,1
2026-08-04 14:47:14,24.296875,1
2026-08-04 14:47:14,24.296875,1
2026-08-04 14:47:14,23.90625,1
2026-08-04 14:47:14,23.90625,1
2026-08-04 14:47:14,23.78125,1
2026-08-04 14:47:14,23.78125,1
2026-08-04 14:47:14,23.796875,1
2026-08-04 14:47:14,23.796875,1
2026-08-04 14:47:14,23.796875,1
2026-08-04 14:47:14,23.796875,1
2026-08-04 14:47:15,23.6875,1
2026-08-04 14:47:15,23.6875,1
2026-08-04 14:47:15,23.765625,1
2026-08-04 14:47:15,23.765625,1
2026-08-04 14:47:15,23.875,1
2026-08-04 14:47:15,23.875,1
2026-08-04 14:47:15,23.765625,1
2026-08-04 14:47:15,23.765625,1
2026-08-04 14:47:15,23.859375,1
2026-08-04 14:47:15,23.859375,1
2026-08-04 14:47:15,24.078125,1
2026-08-04 14:47:15,24.078125,1
2026-08-04 14:47:15,24.125,1
2026-08-04 14:47:15,24.125,1
2026-08-04 14:47:15,24.109375,1
2026-08-04 14:47:15,24.109375,1
2026-08-04 14:47:15,24.140625,1
2026-08-04 14:47:15,24.140625,1
2026-08-04 14:47:15,24.09375,1
2026-08-04 14:47:15,24.09375,1
2026-08-04 14:47:16,24.796875,1
2026-08-04 14:47:16,24.796875,1
2026-08-04 14:47:16,24.71875,1
2026-08-04 14:47:16,24.71875,1
2026-08-04 14:47:16,24.671875,1
2026-08-04 14:47:16,24.671875,1
2026-08-04 14:47:16,24.59375,1
2026-08-04 14:47:16,24.59375,1
2026-08-04 14:47:16,24.65625,1
2026-08-04 14:47:16,24.65625,1
2026-08-04 14:47:16,24.796875,1
2026-08-04 14:47:16,24.796875,1
2026-08-04 14:47:16,24.9375,1
2026-08-04 14:47:16,24.9375,1
2026-08-04 14:47:16,24.90625,1
2026-08-04 14:47:16,24.90625,1
2026-08-04 14:47:16,24.734375,1
2026-08-04 14:47:16,24.734375,1
2026-08-04 14:47:16,24.703125,1
2026-08-04 14:47:16,24.703125,1
2026-08-04 14:47:17,24.796875,1
2026-08-04 14:47:17,24.796875,1
2026-08-04 14:47:17,24.75,1
2026-08-04 14:47:17,24.75,1
2026-08-04 14:47:17,24.75,1
2026-08-04 14:47:17,24.75,1
2026-08-04 14:47:17,24.703125,1
2026-08-04 14:47:17,24.703125,1
2026-08-04 14:47:17,23.9375,1
2026-08-04 14:47:17,23.9375,1
2026-08-04 14:47:17,23.875,1
2026-08-04 14:47:17,23.875,1
2026-08-04 14:47:17,23.859375,1
2026-08-04 14:47:17,23.859375,1
2026-08-04 14:47:17,23.859375,1
2026-08-04 14:47:17,23.859375,1
2026-08-04 14:47:17,24.234375,1
2026-08-04 14:47:17,24.234375,1
2026-08-04 14:47:17,23.984375,1
2026-08-04 14:47:17,23.984375,1
2026-08-04 14:47:18,23.90625,1
2026-08-04 14:47:18,23.90625,1
2026-08-04 14:47:18,23.4375,1
2026-08-04 14:47:18,23.4375,1
2026-08-04 14:47:18,23.484375,1
2026-08-04 14:47:18,23.484375,1
2026-08-04 14:47:18,23.421875,1
2026-08-04 14:47:18,23.421875,1
2026-08-04 14:47:18,23.40625,1
2026-08-04 14:47:18,23.40625,1
2026-08-04 14:47:18,23.390625,1
2026-08-04 14:47:18,23.390625,1
2026-08-04 14:47:18,23.375,1
2026-08-04 14:47:18,23.375,1
2026-08-04 14:47:18,23.5,1
2026-08-04 14:47:18,23.5,1
2026-08-04 14:47:18,23.265625,1
2026-08-04 14:47:18,23.265625,1
2026-08-04 14:47:18,23.265625,1
2026-08-04 14:47:18,23.265625,1
2026-08-04 14:47:19,22.921875,1
2026-08-04 14:47:19,22.921875,1
2026-08-04 14:47:19,22.96875,1
2026-08-04 14:47:19,22.96875,1
2026-08-04 14:47:19,22.96875,1
2026-08-04 14:47:19,22.96875,1
2026-08-04 14:47:19,22.921875,1
2026-08-04 14:47:19,22.921875,1
2026-08-04 14:47:19,23.1875,1
2026-08-04 14:47:19,23.1875,1
2026-08-04 14:47:19,22.71875,1
2026-08-04 14:47:19,22.71875,1
2026-08-04 14:47:19,22.75,1
2026-08-04 14:47:19,22.75,1
2026-08-04 14:47:19,22.6875,1
2026-08-04 14:47:19,22.6875,1
2026-08-04 14:47:19,22.6875,1
2026-08-04 14:47:19,22.6875,1
2026-08-04 14:47:19,22.671875,1
2026-08-04 14:47:19,22.671875,1
2026-08-04 14:47:20,22.765625,1
2026-08-04 14:47:20,22.765625,1
2026-08-04 14:47:20,22.703125,1
2026-08-04 14:47:20,22.703125,1
2026-08-04 14:47:20,22.640625,1
2026-08-04 14:47:20,22.640625,1
2026-08-04 14:47:20,23.09375,1
2026-08-04 14:47:20,23.09375,1
2026-08-04 14:47:20,22.8125,1
2026-08-04 14:47:20,22.8125,1
2026-08-04 14:47:20,22.765625,1
2026-08-04 14:47:20,22.765625,1
2026-08-04 14:47:20,22.34375,1
2026-08-04 14:47:20,22.34375,1
2026-08-04 14:47:20,22.515625,1
2026-08-04 14:47:20,22.515625,1
2026-08-04 14:47:20,22.5625,1
2026-08-04 14:47:20,22.5625,1
2026-08-04 14:47:20,22.734375,1
2026-08-04 14:47:20,22.734375,1
2026-08-04 14:47:21,22.734375,1
2026-08-04 14:47:21,22.734375,1
2026-08-04 14:47:21,22.578125,1
2026-08-04 14:47:21,22.578125,1
2026-08-04 14:47:21,22.515625,1
2026-08-04 14:47:21,22.515625,1
2026-08-04 14:47:21,22.59375,1
2026-08-04 14:47:21,22.59375,1
2026-08-04 14:47:21,22.671875,1
2026-08-04 14:47:21,22.671875,1
2026-08-04 14:47:21,22.734375,1
2026-08-04 14:47:21,22.734375,1
2026-08-04 14:47:21,22.65625,1
2026-08-04 14:47:21,22.65625,1
2026-08-04 14:47:21,22.578125,1
2026-08-04 14:47:21,22.578125,1
2026-08-04 14:47:21,22.609375,1
2026-08-04 14:47:21,22.609375,1
2026-08-04 14:47:21,22.609375,1
2026-08-04 14:47:21,22.609375,1
2026-08-04 14:47:22,22.609375,1
2026-08-04 14:47:22,22.609375,1
2026-08-04 14:47:22,22.625,1
2026-08-04 14:47:22,22.625,1
2026-08-04 14:47:22,22.609375,1
2026-08-04 14:47:22,22.609375,1
2026-08-04 14:47:22,22.609375,1
2026-08-04 14:47:22,22.609375,1
2026-08-04 14:47:22,22.453125,1
2026-08-04 14:47:22,22.453125,1
2026-08-04 14:47:22,22.390625,1
2026-08-04 14:47:22,22.390625,1
2026-08-04 14:47:22,22.40625,1
2026-08-04 14:47:22,22.40625,1
2026-08-04 14:47:22,22.375,1
2026-08-04 14:47:22,22.375,1
2026-08-04 14:47:22,22.375,1
2026-08-04 14:47:22,22.375,1
2026-08-04 14:47:22,22.3125,1
2026-08-04 14:47:22,22.3125,1
2026-08-04 14:47:23,22.3125,1
2026-08-04 14:47:23,22.3125,1
2026-08-04 14:47:23,22.484375,1
2026-08-04 14:47:23,22.484375,1
2026-08-04 14:47:23,22.421875,1
2026-08-04 14:47:23,22.421875,1
2026-08-04 14:47:23,22.484375,1
2026-08-04 14:47:23,22.484375,1
2026-08-04 14:47:23,22.4375,1
2026-08-04 14:47:23,22.4375,1
2026-08-04 14:47:23,22.375,1
2026-08-04 14:47:23,22.375,1
2026-08-04 14:47:23,22.34375,1
2026-08-04 14:47:23,22.34375,1
2026-08-04 14:47:23,22.25,1
2026-08-04 14:47:23,22.25,1
2026-08-04 14:47:23,22.25,1
2026-08-04 14:47:23,22.25,1
2026-08-04 14:47:23,22.328125,1
2026-08-04 14:47:23,22.328125,1
2026-08-04 14:47:24,22.25,1
2026-08-04 14:47:24,22.25,1
2026-08-04 14:47:24,22.3125,1
2026-08-04 14:47:24,22.3125,1
2026-08-04 14:47:24,22.484375,1
2026-08-04 14:47:24,22.484375,1
2026-08-04 14:47:24,22.3125,1
2026-08-04 14:47:24,22.3125,1
2026-08-04 14:47:24,22.125,1
2026-08-04 14:47:24,22.125,1
2026-08-04 14:47:24,22.234375,1
2026-08-04 14:47:24,22.234375,1
2026-08-04 14:47:24,22.28125,1
2026-08-04 14:47:24,22.28125,1
2026-08-04 14:47:24,22.265625,1
2026-08-04 14:47:24,22.265625,1
2026-08-04 14:47:24,22.71875,1
2026-08-04 14:47:24,22.71875,1
2026-08-04 14:47:24,22.25,1
2026-08-04 14:47:24,22.25,1
2026-08-04 14:47:25,22.6875,1
2026-08-04 14:47:25,22.6875,1
2026-08-04 14:47:25,22.8125,1
2026-08-04 14:47:25,22.8125,1
2026-08-04 14:47:25,22.34375,1
2026-08-04 14:47:25,22.34375,1
2026-08-04 14:47:25,22.59375,1
2026-08-04 14:47:25,22.59375,1
2026-08-04 14:47:25,22.6875,1
2026-08-04 14:47:25,22.6875,1
2026-08-04 14:47:25,22.671875,1
2026-08-04 14:47:25,22.671875,1
2026-08-04 14:47:25,22.671875,1
2026-08-04 14:47:25,22.671875,1
2026-08-04 14:47:25,22.5625,1
2026-08-04 14:47:25,22.5625,1
2026-08-04 14:47:25,22.21875,1
2026-08-04 14:47:25,22.21875,1
2026-08-04 14:47:25,22.15625,1
2026-08-04 14:47:25,22.15625,1
2026-08-04 14:47:26,22.8125,1
2026-08-04 14:47:26,22.8125,1
2026-08-04 14:47:26,22.9375,1
2026-08-04 14:47:26,22.9375,1
2026-08-04 14:47:26,23.140625,1
2026-08-04 14:47:26,23.140625,1
2026-08-04 14:47:26,22.53125,1
2026-08-04 14:47:26,22.53125,1
2026-08-04 14:47:26,22.4375,1
2026-08-04 14:47:26,22.4375,1
2026-08-04 14:47:26,22.625,1
2026-08-04 14:47:26,22.625,1
2026-08-04 14:47:26,22.6875,1
2026-08-04 14:47:26,22.6875,1
2026-08-04 14:47:26,22.25,1
2026-08-04 14:47:26,22.25,1
2026-08-04 14:47:26,22.28125,1
2026-08-04 14:47:26,22.28125,1
2026-08-04 14:47:26,22.25,1
2026-08-04 14:47:26,22.25,1
2026-08-04 14:47:27,21.171875,1
2026-08-04 14:47:27,21.171875,1
2026-08-04 14:47:27,21.140625,1
2026-08-04 14:47:27,21.140625,1
2026-08-04 14:47:27,21.03125,1
2026-08-04 14:47:27,21.03125,1
2026-08-04 14:47:27,20.984375,1
2026-08-04 14:47:27,20.984375,1
2026-08-04 14:47:27,21.375,1
2026-08-04 14:47:27,21.375,1
2026-08-04 14:47:27,21.265625,1
2026-08-04 14:47:27,21.265625,1
2026-08-04 14:47:27,21.140625,1
2026-08-04 14:47:27,21.140625,1
2026-08-04 14:47:27,20.421875,1
2026-08-04 14:47:27,20.421875,1
2026-08-04 14:47:27,20.5625,1
2026-08-04 14:47:27,20.5625,1
2026-08-04 14:47:27,20.671875,1
2026-08-04 14:47:27,20.671875,1
2026-08-04 14:47:28,20.6875,1
2026-08-04 14:47:28,20.6875,1
2026-08-04 14:47:28,20.5,1
2026-08-04 14:47:28,20.5,1
2026-08-04 14:47:28,20.546875,1
2026-08-04 14:47:28,20.546875,1
2026-08-04 14:47:28,20.5,1
2026-08-04 14:47:28,20.5,1
2026-08-04 14:47:28,20.546875,1
2026-08-04 14:47:28,20.546875,1
2026-08-04 14:47:28,19.890625,1
2026-08-04 14:47:28,19.890625,1
2026-08-04 14:47:28,19.859375,1
2026-08-04 14:47:28,19.859375,1
2026-08-04 14:47:28,19.84375,1
2026-08-04 14:47:28,19.84375,1
2026-08-04 14:47:28,19.1875,1
2026-08-04 14:47:28,19.1875,1
2026-08-04 14:47:28,19.1875,1
2026-08-04 14:47:28,19.1875,1
2026-08-04 14:47:29,19.140625,1
2026-08-04 14:47:29,19.140625,1
2026-08-04 14:47:29,19.234375,1
2026-08-04 14:47:29,19.234375,1
2026-08-04 14:47:29,19.359375,1
2026-08-04 14:47:29,19.359375,1
2026-08-04 14:47:29,19.40625,1
2026-08-04 14:47:29,19.40625,1
2026-08-04 14:47:29,19.375,1
2026-08-04 14:47:29,19.375,1
2026-08-04 14:47:29,19.765625,1
2026-08-04 14:47:29,19.765625,1
2026-08-04 14:47:29,19.8125,1
2026-08-04 14:47:29,19.8125,1
2026-08-04 14:47:29,19.828125,1
2026-08-04 14:47:29,19.828125,1
2026-08-04 14:47:29,19.921875,1
2026-08-04 14:47:29,19.921875,1
2026-08-04 14:47:29,19.703125,1
2026-08-04 14:47:29,19.703125,1
2026-08-04 14:47:30,19.703125,1
2026-08-04 14:47:30,19.703125,1
2026-08-04 14:47:30,19.609375,1
2026-08-04 14:47:30,19.609375,1
2026-08-04 14:47:30,19.625,1
2026-08-04 14:47:30,19.625,1
2026-08-04 14:47:30,17.8125,1
2026-08-04 14:47:30,17.8125,1
2026-08-04 14:47:30,17.515625,1
2026-08-04 14:47:30,17.515625,1
2026-08-04 14:47:30,17.21875,1
2026-08-04 14:47:30,17.21875,1
2026-08-04 14:47:30,15.53125,1
2026-08-04 14:47:30,15.53125,1
2026-08-04 14:47:30,15.25,1
2026-08-04 14:47:30,15.25,1
2026-08-04 14:47:30,14.9375,1
2026-08-04 14:47:30,14.9375,1
2026-08-04 14:47:30,14.515625,1
2026-08-04 14:47:30,14.515625,1
2026-08-04 14:47:31,11.734375,1
2026-08-04 14:47:31,11.734375,1
2026-08-04 14:47:31,11.21875,1
2026-08-04 14:47:31,11.21875,1
2026-08-04 14:47:31,10.859375,1
2026-08-04 14:47:31,10.859375,1
2026-08-04 14:47:31,8.203125,1
2026-08-04 14:47:31,8.203125,1
2026-08-04 14:47:31,7.671875,1
2026-08-04 14:47:31,7.671875,1
2026-08-04 14:47:31,7.375,1
2026-08-04 14:47:31,7.375,1
2026-08-04 14:47:31,7.328125,1
2026-08-04 14:47:31,7.328125,1
2026-08-04 14:47:31,4.65625,1
2026-08-04 14:47:31,4.65625,1
2026-08-04 14:47:31,4.625,1
2026-08-04 14:47:31,4.625,1
2026-08-04 14:47:31,4.609375,1
2026-08-04 14:47:31,4.609375,1
2026-08-04 14:47:32,4.546875,1
2026-08-04 14:47:32,4.546875,1
2026-08-04 14:47:32,1.9375,1
2026-08-04 14:47:32,1.9375,1
2026-08-04 14:47:32,1.640625,1
2026-08-04 14:47:32,1.640625,1
2026-08-04 14:47:32,1.421875,1
2026-08-04 14:47:32,1.421875,1
2026-08-04 14:47:32,0.0,1
2026-08-04 14:47:32,0.0,1
2026-08-04 14:47:32,0.0,1
2026-08-04 14:47:32,0.0,1
2026-08-04 14:47:32,0.0,1
2026-08-04 14:47:32,0.0,1
2026-08-04 14:47:32,0.0,1
2026-08-04 14:47:32,0.0,0
2026-08-04 14:47:32,0.0,0
2026-08-04 14:47:32,0.0,0
2026-08-04 14:47:32,0.0,0
2026-08-04 14:47:32,0.0,0
2026-08-04 14:47:33,0.0,0
2026-08-04 14:47:33,0.0,0
2026-08-04 14:47:33,0.0,0
2026-08-04 14:47:33,0.0,-1
2026-08-04 14:47:33,0.0,-1
2026-08-04 14:47:33,0.0,-1
2026-08-04 14:47:33,0.0,-1
2026-08-04 14:47:33,0.0,-1
2026-08-04 14:47:33,0.0,-1
2026-08-04 14:47:33,0.0,-1
2026-08-04 14:47:33,0.0,-1
2026-08-04 14:47:33,0.0,-1
2026-08-04 14:47:33,0.0,-1
2026-08-04 14:47:33,0.0,-1
2026-08-04 14:47:33,0.0,-1
2026-08-04 14:47:33,0.0,-1
2026-08-04 14:47:33,0.0,-1
2026-08-04 14:47:33,0.0,-1
2026-08-04 14:47:33,0.0,-1
2026-08-04 14:47:33,0.0,-1
2026-08-04 14:47:34,0.0,-1
2026-08-04 14:47:34,0.0,-1
2026-08-04 14:47:34,0.0,-1
2026-08-04 14:47:34,0.0,-1
2026-08-04 14:47:34,0.0,-1
2026-08-04 14:47:34,0.0,-1
2026-08-04 14:47:34,0.0,-1
2026-08-04 14:47:34,0.0,-1
2026-08-04 14:47:34,0.0,-1
2026-08-04 14:47:34,0.0,-1
2026-08-04 14:47:34,0.0,-1
2026-08-04 14:47:34,0.0,-1
2026-08-04 14:47:34,0.0,-1
2026-08-04 14:47:34,0.0,-1
2026-08-04 14:47:34,0.0,-1
2026-08-04 14:47:34,0.0,-1
2026-08-04 14:47:34,0.0,-1
2026-08-04 14:47:34,0.0,-1
2026-08-04 14:47:34,0.0,-1
2026-08-04 14:47:34,0.0,-1
2026-08-04 14:47:35,0.0,-1
2026-08-04 14:47:35,0.0,-1
2026-08-04 14:47:35,0.0,-1
2026-08-04 14:47:35,0.0,-1
2026-08-04 14:47:35,0.0,-1
2026-08-04 14:47:35,0.0,-1
2026-08-04 14:47:35,0.0,-1
2026-08-04 14:47:35,0.0,-1
2026-08-04 14:47:35,0.0,-1
2026-08-04 14:47:35,0.0,-1
2026-08-04 14:47:35,0.0,-1
2026-08-04 14:47:35,0.0,-1
2026-08-04 14:47:35,0.0,-1
2026-08-04 14:47:35,0.0,-1
2026-08-04 14:47:35,0.0,-1
2026-08-04 14:47:35,0.0,-1
2026-08-04 14:47:35,0.0,-1
2026-08-04 14:47:35,0.0,-1
2026-08-04 14:47:35,0.0,-1
2026-08-04 14:47:35,0.0,-1
2026-08-04 14:47:36,0.0,-1
2026-08-04 14:47:36,0.0,-1
2026-08-04 14:47:36,0.0,-1
2026-08-04 14:47:36,0.0,-1
2026-08-04 14:47:36,0.0,-1
2026-08-04 14:47:36,0.0,-1
2026-08-04 14:47:36,0.0,-1
2026-08-04 14:47:36,0.0,-1
2026-08-04 14:47:36,0.0,-1
2026-08-04 14:47:36,0.0,-1
2026-08-04 14:47:36,0.0,-1
2026-08-04 14:47:36,0.0,-1
2026-08-04 14:47:36,0.0,-1
2026-08-04 14:47:36,0.0,-1
2026-08-04 14:47:36,0.0,-1
2026-08-04 14:47:36,0.0,-1
2026-08-04 14:47:36,0.0,-1
2026-08-04 14:47:36,0.0,-1
2026-08-04 14:47:36,0.0,-1
2026-08-04 14:47:36,0.0,-1
2026-08-04 14:47:37,0.0,-1
2026-08-04 14:47:37,0.0,-1
2026-08-04 14:47:37,0.0,-1
2026-08-04 14:47:37,0.0,-1
2026-08-04 14:47:37,0.0,-1
2026-08-04 14:47:37,0.0,-1
2026-08-04 14:47:37,0.0,-1
2026-08-04 14:47:37,0.0,-1
2026-08-04 14:47:37,0.0,-1
2026-08-04 14:47:37,0.0,-1
2026-08-04 14:47:37,0.0,-1
2026-08-04 14:47:37,0.0,-1
2026-08-04 14:47:37,0.0,-1
2026-08-04 14:47:37,0.0,-1
2026-08-04 14:47:37,0.0,-1
2026-08-04 14:47:37,0.0,-1
2026-08-04 14:47:37,0.0,-1
2026-08-04 14:47:37,0.0,-1
2026-08-04 14:47:37,0.0,-1
2026-08-04 14:47:37,0.0,-1
2026-08-04 14:47:38,0.0,-1
2026-08-04 14:47:38,0.0,-1
2026-08-04 14:47:38,0.0,-1
2026-08-04 14:47:38,0.0,-1
2026-08-04 14:47:38,0.0,-1
2026-08-04 14:47:38,0.0,-1
2026-08-04 14:47:38,0.0,-1
2026-08-04 14:47:38,0.0,-1
2026-08-04 14:47:38,0.0,-1
2026-08-04 14:47:38,0.0,-1
2026-08-04 14:47:38,0.0,-1
2026-08-04 14:47:38,0.0,-1
2026-08-04 14:47:38,0.0,-1
2026-08-04 14:47:38,0.0,-1
2026-08-04 14:47:38,0.0,-1
2026-08-04 14:47:38,0.0,-1
2026-08-04 14:47:38,0.0,-1
2026-08-04 14:47:38,0.0,-1
2026-08-04 14:47:38,0.0,-1
2026-08-04 14:47:38,0.0,-1
2026-08-04 14:47:39,0.0,-1
2026-08-04 14:47:39,0.0,-1
2026-08-04 14:47:39,0.0,-1
2026-08-04 14:47:39,0.0,-1
2026-08-04 14:47:39,0.0,-1
2026-08-04 14:47:39,0.0,-1
2026-08-04 14:47:39,0.0,-1
2026-08-04 14:47:39,0.0,-1
2026-08-04 14:47:39,0.0,-1
2026-08-04 14:47:39,0.0,-1
2026-08-04 14:47:39,0.0,-1
2026-08-04 14:47:39,0.0,-1
2026-08-04 14:47:39,0.0,-1
2026-08-04 14:47:39,0.0,-1
2026-08-04 14:47:39,0.0,-1
2026-08-04 14:47:39,0.0,-1
2026-08-04 14:47:39,0.0,-1
2026-08-04 14:47:39,0.0,-1
2026-08-04 14:47:39,0.0,-1
2026-08-04 14:47:39,0.0,-1
2026-08-04 14:47:40,0.0,-1
2026-08-04 14:47:40,0.0,-1
2026-08-04 14:47:40,0.0,-1
2026-08-04 14:47:40,0.0,-1
2026-08-04 14:47:40,0.0,-1
2026-08-04 14:47:40,0.0,-1
2026-08-04 14:47:40,0.0,-1
2026-08-04 14:47:40,0.0,-1
2026-08-04 14:47:40,0.0,-1
2026-08-04 14:47:40,0.0,-1
2026-08-04 14:47:40,0.0,-1
2026-08-04 14:47:40,0.0,-1
2026-08-04 14:47:40,0.0,-1
2026-08-04 14:47:40,0.0,-1
2026-08-04 14:47:40,0.0,-1
2026-08-04 14:47:40,0.0,-1
2026-08-04 14:47:40,0.0,-1
2026-08-04 14:47:40,0.0,-1
2026-08-04 14:47:40,0.0,-1
2026-08-04 14:47:40,0.0,-1
2026-08-04 14:47:41,0.0,-1
2026-08-04 14:47:41,0.0,-1
2026-08-04 14:47:41,0.0,-1
2026-08-04 14:47:41,0.0,-1
2026-08-04 14:47:41,0.0,-1
2026-08-04 14:47:41,0.0,-1
2026-08-04 14:47:41,0.0,-1
2026-08-04 14:47:41,0.0,-1
2026-08-04 14:47:41,1.328125,-1
2026-08-04 14:47:41,1.328125,-1
2026-08-04 14:47:41,1.34375,-1
2026-08-04 14:47:41,1.34375,-1
2026-08-04 14:47:41,1.453125,-1
2026-08-04 14:47:41,1.453125,-1
2026-08-04 14:47:41,2.5,-1
2026-08-04 14:47:41,2.5,-1
2026-08-04 14:47:41,2.625,-1
2026-08-04 14:47:41,2.625,-1
2026-08-04 14:47:41,2.65625,-1
2026-08-04 14:47:41,2.65625,-1
2026-08-04 14:47:42,3.9375,-1
2026-08-04 14:47:42,3.9375,-1
2026-08-04 14:47:42,4.046875,-1
2026-08-04 14:47:42,4.046875,-1
2026-08-04 14:47:42,4.046875,-1
2026-08-04 14:47:42,4.046875,-1
2026-08-04 14:47:42,4.140625,-1
2026-08-04 14:47:42,4.140625,-1
2026-08-04 14:47:42,5.625,-1
2026-08-04 14:47:42,5.625,-1
2026-08-04 14:47:42,5.765625,-1
2026-08-04 14:47:42,5.765625,-1
2026-08-04 14:47:42,5.765625,-1
2026-08-04 14:47:42,5.765625,-1
2026-08-04 14:47:42,5.921875,-1
2026-08-04 14:47:42,5.921875,-1
2026-08-04 14:47:42,7.46875,-1
2026-08-04 14:47:42,7.46875,-1
2026-08-04 14:47:42,7.515625,-1
2026-08-04 14:47:42,7.515625,-1
2026-08-04 14:47:43,7.53125,-1
2026-08-04 14:47:43,7.53125,-1
2026-08-04 14:47:43,8.90625,-1
2026-08-04 14:47:43,8.90625,-1
2026-08-04 14:47:43,8.90625,-1
2026-08-04 14:47:43,8.90625,-1
2026-08-04 14:47:43,9.0,-1
2026-08-04 14:47:43,9.0,-1
2026-08-04 14:47:43,9.140625,-1
2026-08-04 14:47:43,9.140625,-1
2026-08-04 14:47:43,10.765625,-1
2026-08-04 14:47:43,10.765625,-1
2026-08-04 14:47:43,10.984375,-1
2026-08-04 14:47:43,10.984375,-1
2026-08-04 14:47:43,11.15625,-1
2026-08-04 14:47:43,11.15625,-1
2026-08-04 14:47:43,11.1875,-1
2026-08-04 14:47:43,11.1875,-1
2026-08-04 14:47:43,12.03125,-1
2026-08-04 14:47:43,12.03125,-1
2026-08-04 14:47:44,11.984375,-1
2026-08-04 14:47:44,11.984375,-1
2026-08-04 14:47:44,11.984375,-1
2026-08-04 14:47:44,11.984375,-1
2026-08-04 14:47:44,13.09375,-1
2026-08-04 14:47:44,13.09375,-1
2026-08-04 14:47:44,13.328125,-1
2026-08-04 14:47:44,13.328125,-1
2026-08-04 14:47:44,13.359375,-1
2026-08-04 14:47:44,13.359375,-1
2026-08-04 14:47:44,13.25,-1
2026-08-04 14:47:44,13.25,-1
2026-08-04 14:47:44,13.5,-1
2026-08-04 14:47:44,13.5,-1
2026-08-04 14:47:44,13.484375,-1
2026-08-04 14:47:44,13.484375,-1
2026-08-04 14:47:44,13.484375,-1
2026-08-04 14:47:44,13.484375,-1
2026-08-04 14:47:44,13.546875,-1
2026-08-04 14:47:44,13.546875,-1
2026-08-04 14:47:45,13.421875,-1
2026-08-04 14:47:45,13.421875,-1
2026-08-04 14:47:45,13.390625,-1
2026-08-04 14:47:45,13.390625,-1
2026-08-04 14:47:45,13.4375,-1
2026-08-04 14:47:45,13.4375,-1
2026-08-04 14:47:45,15.765625,-1
2026-08-04 14:47:45,15.765625,-1
2026-08-04 14:47:45,15.828125,-1
2026-08-04 14:47:45,15.828125,-1
2026-08-04 14:47:45,15.703125,-1
2026-08-04 14:47:45,15.703125,-1
2026-08-04 14:47:45,15.15625,-1
2026-08-04 14:47:45,15.15625,-1
2026-08-04 14:47:45,15.234375,-1
2026-08-04 14:47:45,15.234375,-1
2026-08-04 14:47:45,15.203125,-1
2026-08-04 14:47:45,15.203125,-1
2026-08-04 14:47:45,15.3125,-1
2026-08-04 14:47:45,15.3125,-1
2026-08-04 14:47:46,17.40625,-1
2026-08-04 14:47:46,17.40625,-1
2026-08-04 14:47:46,17.453125,-1
2026-08-04 14:47:46,17.453125,-1
2026-08-04 14:47:46,17.40625,-1
2026-08-04 14:47:46,17.40625,-1
2026-08-04 14:47:46,17.4375,-1
2026-08-04 14:47:46,17.4375,-1
2026-08-04 14:47:46,18.25,-1
2026-08-04 14:47:46,18.25,-1
2026-08-04 14:47:46,18.359375,-1
2026-08-04 14:47:46,18.359375,-1
2026-08-04 14:47:46,18.5625,-1
2026-08-04 14:47:46,18.5625,-1
2026-08-04 14:47:46,19.875,-1
2026-08-04 14:47:46,19.875,-1
2026-08-04 14:47:46,19.890625,-1
2026-08-04 14:47:46,19.890625,-1
2026-08-04 14:47:46,19.921875,-1
2026-08-04 14:47:46,19.921875,-1
2026-08-04 14:47:47,20.9375,-1
2026-08-04 14:47:47,20.9375,-1
2026-08-04 14:47:47,21.109375,-1
2026-08-04 14:47:47,21.109375,-1
2026-08-04 14:47:47,21.15625,-1
2026-08-04 14:47:47,21.15625,-1
2026-08-04 14:47:47,21.203125,-1
2026-08-04 14:47:47,21.203125,-1
2026-08-04 14:47:47,22.125,-1
2026-08-04 14:47:47,22.125,-1
2026-08-04 14:47:47,22.109375,-1
2026-08-04 14:47:47,22.109375,-1
2026-08-04 14:47:47,22.171875,-1
2026-08-04 14:47:47,22.171875,-1
2026-08-04 14:47:47,22.0625,-1
2026-08-04 14:47:47,22.0625,-1
2026-08-04 14:47:47,22.8125,-1
2026-08-04 14:47:47,22.8125,-1
2026-08-04 14:47:47,22.9375,-1
2026-08-04 14:47:47,22.9375,-1
2026-08-04 14:47:48,22.75,-1
2026-08-04 14:47:48,22.75,-1
2026-08-04 14:47:48,23.265625,-1
2026-08-04 14:47:48,23.265625,-1
2026-08-04 14:47:48,23.421875,-1
2026-08-04 14:47:48,23.421875,-1
2026-08-04 14:47:48,23.578125,-1
2026-08-04 14:47:48,23.578125,-1
2026-08-04 14:47:48,23.5,-1
2026-08-04 14:47:48,23.5,-1
2026-08-04 14:47:48,24.0625,-1
2026-08-04 14:47:48,24.0625,-1
2026-08-04 14:47:48,24.0,-1
2026-08-04 14:47:48,24.0,-1
2026-08-04 14:47:48,24.046875,-1
2026-08-04 14:47:48,24.046875,-1
2026-08-04 14:47:48,24.40625,-1
2026-08-04 14:47:48,24.40625,-1
2026-08-04 14:47:48,24.453125,-1
2026-08-04 14:47:48,24.453125,-1
2026-08-04 14:47:49,24.4375,-1
2026-08-04 14:47:49,24.4375,-1
2026-08-04 14:47:49,24.5,-1
2026-08-04 14:47:49,24.5,-1
2026-08-04 14:47:49,23.65625,-1
2026-08-04 14:47:49,23.65625,-1
2026-08-04 14:47:49,23.75,-1
2026-08-04 14:47:49,23.75,-1
2026-08-04 14:47:49,24.0625,-1
2026-08-04 14:47:49,24.0625,-1
2026-08-04 14:47:49,23.46875,-1
2026-08-04 14:47:49,23.46875,-1
2026-08-04 14:47:49,23.453125,-1
2026-08-04 14:47:49,23.453125,-1
2026-08-04 14:47:49,23.171875,-1
2026-08-04 14:47:49,23.171875,-1
2026-08-04 14:47:49,23.078125,-1
2026-08-04 14:47:49,23.078125,-1
2026-08-04 14:47:49,22.0625,-1
2026-08-04 14:47:49,22.0625,-1
2026-08-04 14:47:50,21.921875,-1
2026-08-04 14:47:50,21.921875,-1
2026-08-04 14:47:50,22.078125,-1
2026-08-04 14:47:50,22.078125,-1
2026-08-04 14:47:50,22.078125,-1
2026-08-04 14:47:50,22.078125,-1
2026-08-04 14:47:50,22.09375,-1
2026-08-04 14:47:50,22.09375,-1
2026-08-04 14:47:50,21.96875,-1
2026-08-04 14:47:50,21.96875,-1
2026-08-04 14:47:50,22.0625,-1
2026-08-04 14:47:50,22.0625,-1
2026-08-04 14:47:50,21.8125,-1
2026-08-04 14:47:50,21.8125,-1
2026-08-04 14:47:50,22.078125,-1
2026-08-04 14:47:50,22.078125,-1
2026-08-04 14:47:50,22.4375,-1
2026-08-04 14:47:50,22.4375,-1
2026-08-04 14:47:50,22.546875,-1
2026-08-04 14:47:50,22.546875,-1
2026-08-04 14:47:51,21.75,-1
2026-08-04 14:47:51,21.75,-1
2026-08-04 14:47:51,22.109375,-1
2026-08-04 14:47:51,22.109375,-1
2026-08-04 14:47:51,22.25,-1
2026-08-04 14:47:51,22.25,-1
2026-08-04 14:47:51,21.46875,-1
2026-08-04 14:47:51,21.46875,-1
2026-08-04 14:47:51,21.4375,-1
2026-08-04 14:47:51,21.4375,-1
2026-08-04 14:47:51,21.078125,-1
2026-08-04 14:47:51,21.078125,-1
2026-08-04 14:47:51,20.921875,-1
2026-08-04 14:47:51,20.921875,-1
2026-08-04 14:47:51,20.484375,-1
2026-08-04 14:47:51,20.484375,-1
2026-08-04 14:47:51,20.5,-1
2026-08-04 14:47:51,20.5,-1
2026-08-04 14:47:51,20.5,-1
2026-08-04 14:47:51,20.5,-1
2026-08-04 14:47:52,20.625,-1
2026-08-04 14:47:52,20.625,-1
2026-08-04 14:47:52,20.28125,-1
2026-08-04 14:47:52,20.28125,-1
2026-08-04 14:47:52,20.3125,-1
2026-08-04 14:47:52,20.3125,-1
2026-08-04 14:47:52,20.109375,-1
2026-08-04 14:47:52,20.109375,-1
2026-08-04 14:47:52,20.09375,-1
2026-08-04 14:47:52,20.09375,-1
2026-08-04 14:47:52,19.578125,-1
2026-08-04 14:47:52,19.578125,-1
2026-08-04 14:47:52,19.625,-1
2026-08-04 14:47:52,19.625,-1
2026-08-04 14:47:52,19.5625,-1
2026-08-04 14:47:52,19.5625,-1
2026-08-04 14:47:52,19.015625,-1
2026-08-04 14:47:52,19.015625,-1
2026-08-04 14:47:52,19.078125,-1
2026-08-04 14:47:52,19.078125,-1
2026-08-04 14:47:53,19.0625,-1
2026-08-04 14:47:53,19.0625,-1
2026-08-04 14:47:53,18.59375,-1
2026-08-04 14:47:53,18.59375,-1
2026-08-04 14:47:53,18.515625,-1
2026-08-04 14:47:53,18.515625,-1
2026-08-04 14:47:53,18.453125,-1
2026-08-04 14:47:53,18.453125,-1
2026-08-04 14:47:53,18.5,-1
2026-08-04 14:47:53,18.5,-1
2026-08-04 14:47:53,17.75,-1
2026-08-04 14:47:53,17.75,-1
2026-08-04 14:47:53,17.921875,-1
2026-08-04 14:47:53,17.921875,-1
2026-08-04 14:47:53,17.96875,-1
2026-08-04 14:47:53,17.96875,-1
2026-08-04 14:47:53,17.25,-1
2026-08-04 14:47:53,17.25,-1
2026-08-04 14:47:53,17.1875,-1
2026-08-04 14:47:53,17.1875,-1
2026-08-04 14:47:54,17.15625,-1
2026-08-04 14:47:54,17.15625,-1
2026-08-04 14:47:54,17.0625,-1
2026-08-04 14:47:54,17.0625,-1
2026-08-04 14:47:54,16.28125,-1
2026-08-04 14:47:54,16.28125,-1
2026-08-04 14:47:54,16.359375,-1
2026-08-04 14:47:54,16.359375,-1
2026-08-04 14:47:54,16.296875,-1
2026-08-04 14:47:54,16.296875,-1
2026-08-04 14:47:54,16.4375,-1
2026-08-04 14:47:54,16.4375,-1
2026-08-04 14:47:54,15.921875,-1
2026-08-04 14:47:54,15.921875,-1
2026-08-04 14:47:54,15.796875,-1
2026-08-04 14:47:54,15.796875,-1
2026-08-04 14:47:54,15.734375,-1
2026-08-04 14:47:54,15.734375,-1
2026-08-04 14:47:54,15.140625,-1
2026-08-04 14:47:54,15.140625,-1
2026-08-04 14:47:55,15.203125,-1
2026-08-04 14:47:55,15.203125,-1
2026-08-04 14:47:55,15.171875,-1
2026-08-04 14:47:55,15.171875,-1
2026-08-04 14:47:55,15.140625,-1
2026-08-04 14:47:55,15.140625,-1
2026-08-04 14:47:55,14.59375,-1
2026-08-04 14:47:55,14.59375,-1
2026-08-04 14:47:55,14.546875,-1
2026-08-04 14:47:55,14.546875,-1
2026-08-04 14:47:55,14.515625,-1
2026-08-04 14:47:55,14.515625,-1
2026-08-04 14:47:55,13.875,-1
2026-08-04 14:47:55,13.875,-1
2026-08-04 14:47:55,13.859375,-1
2026-08-04 14:47:55,13.859375,-1
2026-08-04 14:47:55,13.828125,-1
2026-08-04 14:47:55,13.828125,-1
2026-08-04 14:47:55,13.796875,-1
2026-08-04 14:47:55,13.796875,-1
2026-08-04 14:47:56,13.296875,-1
2026-08-04 14:47:56,13.296875,-1
2026-08-04 14:47:56,13.296875,-1
2026-08-04 14:47:56,13.296875,-1
2026-08-04 14:47:56,13.203125,-1
2026-08-04 14:47:56,13.203125,-1
2026-08-04 14:47:56,13.296875,-1
2026-08-04 14:47:56,13.296875,-1
2026-08-04 14:47:56,13.203125,-1
2026-08-04 14:47:56,13.203125,-1
2026-08-04 14:47:56,13.171875,-1
2026-08-04 14:47:56,13.171875,-1
2026-08-04 14:47:56,13.234375,-1
2026-08-04 14:47:56,13.234375,-1
2026-08-04 14:47:56,13.109375,-1
2026-08-04 14:47:56,13.109375,-1
2026-08-04 14:47:56,13.03125,-1
2026-08-04 14:47:56,13.03125,-1
2026-08-04 14:47:56,13.203125,-1
2026-08-04 14:47:56,13.203125,-1
2026-08-04 14:47:57,13.296875,-1
2026-08-04 14:47:57,13.296875,-1
2026-08-04 14:47:57,13.15625,-1
2026-08-04 14:47:57,13.15625,-1
2026-08-04 14:47:57,13.171875,-1
2026-08-04 14:47:57,13.171875,-1
2026-08-04 14:47:57,13.125,-1
2026-08-04 14:47:57,13.125,-1
2026-08-04 14:47:57,13.140625,-1
2026-08-04 14:47:57,13.140625,-1
2026-08-04 14:47:57,13.03125,-1
2026-08-04 14:47:57,13.03125,-1
2026-08-04 14:47:57,13.078125,-1
2026-08-04 14:47:57,13.078125,-1
2026-08-04 14:47:57,13.109375,-1
2026-08-04 14:47:57,13.109375,-1
2026-08-04 14:47:57,13.09375,-1
2026-08-04 14:47:57,13.09375,-1
2026-08-04 14:47:57,13.15625,-1
2026-08-04 14:47:57,13.15625,-1
2026-08-04 14:47:58,13.1875,-1
2026-08-04 14:47:58,13.1875,-1
2026-08-04 14:47:58,13.171875,-1
2026-08-04 14:47:58,13.171875,-1
2026-08-04 14:47:58,13.046875,-1
2026-08-04 14:47:58,13.046875,-1
2026-08-04 14:47:58,13.0625,-1
2026-08-04 14:47:58,13.0625,-1
2026-08-04 14:47:58,13.15625,-1
2026-08-04 14:47:58,13.15625,-1
2026-08-04 14:47:58,13.140625,-1
2026-08-04 14:47:58,13.140625,-1
2026-08-04 14:47:58,13.03125,-1
2026-08-04 14:47:58,13.03125,-1
2026-08-04 14:47:58,13.0625,-1
2026-08-04 14:47:58,13.0625,-1
2026-08-04 14:47:58,13.1875,-1
2026-08-04 14:47:58,13.1875,-1
2026-08-04 14:47:58,13.125,-1
2026-08-04 14:47:58,13.125,-1
2026-08-04 14:47:59,13.078125,-1
2026-08-04 14:47:59,13.078125,-1
2026-08-04 14:47:59,13.125,-1
2026-08-04 14:47:59,13.125,-1
2026-08-04 14:47:59,12.859375,-1
2026-08-04 14:47:59,12.859375,-1
2026-08-04 14:47:59,12.90625,-1
2026-08-04 14:47:59,12.90625,-1
2026-08-04 14:47:59,12.8125,-1
2026-08-04 14:47:59,12.8125,-1
2026-08-04 14:47:59,12.921875,-1
2026-08-04 14:47:59,12.921875,-1
2026-08-04 14:47:59,13.140625,-1
2026-08-04 14:47:59,13.140625,-1
2026-08-04 14:47:59,13.09375,-1
2026-08-04 14:47:59,13.09375,-1
2026-08-04 14:47:59,13.1875,-1
2026-08-04 14:47:59,13.1875,-1
2026-08-04 14:47:59,13.140625,-1
2026-08-04 14:47:59,13.140625,-1
2026-08-04 14:48:00,13.0625,-1
2026-08-04 14:48:00,13.0625,-1
2026-08-04 14:48:00,13.1875,-1
2026-08-04 14:48:00,13.1875,-1
2026-08-04 14:48:00,13.109375,-1
2026-08-04 14:48:00,13.109375,-1
2026-08-04 14:48:00,13.25,-1
2026-08-04 14:48:00,13.25,-1
2026-08-04 14:48:00,13.140625,-1
2026-08-04 14:48:00,13.140625,-1
2026-08-04 14:48:00,13.140625,-1
2026-08-04 14:48:00,13.140625,-1
2026-08-04 14:48:00,13.046875,-1
2026-08-04 14:48:00,13.046875,-1
2026-08-04 14:48:00,12.96875,-1
2026-08-04 14:48:00,12.96875,-1
2026-08-04 14:48:00,12.984375,-1
2026-08-04 14:48:00,12.984375,-1
2026-08-04 14:48:00,12.96875,-1
2026-08-04 14:48:00,12.96875,-1
2026-08-04 14:48:01,13.1875,-1
2026-08-04 14:48:01,13.1875,-1
2026-08-04 14:48:01,13.1875,-1
2026-08-04 14:48:01,13.1875,-1
2026-08-04 14:48:01,13.140625,-1
2026-08-04 14:48:01,13.140625,-1
2026-08-04 14:48:01,13.15625,-1
2026-08-04 14:48:01,13.15625,-1
2026-08-04 14:48:01,13.140625,-1
2026-08-04 14:48:01,13.140625,-1
2026-08-04 14:48:01,13.15625,-1
2026-08-04 14:48:01,13.15625,-1
2026-08-04 14:48:01,13.1875,-1
2026-08-04 14:48:01,13.1875,-1
2026-08-04 14:48:01,13.171875,-1
2026-08-04 14:48:01,13.171875,-1
2026-08-04 14:48:01,13.171875,-1
2026-08-04 14:48:01,13.171875,-1
2026-08-04 14:48:01,13.15625,-1
2026-08-04 14:48:01,13.15625,-1
2026-08-04 14:48:02,13.15625,-1
2026-08-04 14:48:02,13.15625,-1
2026-08-04 14:48:02,13.109375,-1
2026-08-04 14:48:02,13.109375,-1
2026-08-04 14:48:02,13.046875,-1
2026-08-04 14:48:02,13.046875,-1
2026-08-04 14:48:02,13.03125,-1
2026-08-04 14:48:02,13.03125,-1
2026-08-04 14:48:02,13.125,-1
2026-08-04 14:48:02,13.125,-1
2026-08-04 14:48:02,13.25,-1
2026-08-04 14:48:02,13.25,-1
2026-08-04 14:48:02,13.3125,-1
2026-08-04 14:48:02,13.3125,-1
2026-08-04 14:48:02,13.25,-1
2026-08-04 14:48:02,13.25,-1
2026-08-04 14:48:02,13.015625,-1
2026-08-04 14:48:02,13.015625,-1
2026-08-04 14:48:02,13.140625,-1
2026-08-04 14:48:02,13.140625,-1
2026-08-04 14:48:03,13.09375,-1
2026-08-04 14:48:03,13.09375,-1
2026-08-04 14:48:03,13.0,-1
2026-08-04 14:48:03,13.0,-1
2026-08-04 14:48:03,13.0,-1
2026-08-04 14:48:03,13.0,-1
2026-08-04 14:48:03,13.015625,-1
2026-08-04 14:48:03,13.015625,-1
2026-08-04 14:48:03,13.125,-1
2026-08-04 14:48:03,13.125,-1
2026-08-04 14:48:03,13.0,-1
2026-08-04 14:48:03,13.0,-1
2026-08-04 14:48:03,12.96875,-1
2026-08-04 14:48:03,12.96875,-1
2026-08-04 14:48:03,12.984375,-1
2026-08-04 14:48:03,12.984375,-1
2026-08-04 14:48:03,12.984375,-1
2026-08-04 14:48:03,12.984375,-1
2026-08-04 14:48:03,13.046875,-1
2026-08-04 14:48:03,13.046875,-1
2026-08-04 14:48:04,12.984375,-1
2026-08-04 14:48:04,12.984375,-1
2026-08-04 14:48:04,13.046875,-1
2026-08-04 14:48:04,13.046875,-1
2026-08-04 14:48:04,13.109375,-1
2026-08-04 14:48:04,13.109375,-1
2026-08-04 14:48:04,13.015625,-1
2026-08-04 14:48:04,13.015625,-1
2026-08-04 14:48:04,13.03125,-1
2026-08-04 14:48:04,13.03125,-1
2026-08-04 14:48:04,13.0625,-1
2026-08-04 14:48:04,13.0625,-1
2026-08-04 14:48:04,12.9375,-1
2026-08-04 14:48:04,12.9375,-1
2026-08-04 14:48:04,12.890625,-1
2026-08-04 14:48:04,12.890625,-1
2026-08-04 14:48:04,12.953125,-1
2026-08-04 14:48:04,12.953125,-1
2026-08-04 14:48:04,13.203125,-1
2026-08-04 14:48:04,13.203125,-1
2026-08-04 14:48:05,13.171875,-1
2026-08-04 14:48:05,13.171875,-1
2026-08-04 14:48:05,13.15625,-1
2026-08-04 14:48:05,13.15625,-1
2026-08-04 14:48:05,13.234375,-1
2026-08-04 14:48:05,13.234375,-1
2026-08-04 14:48:05,12.9375,-1
2026-08-04 14:48:05,12.9375,-1
2026-08-04 14:48:05,12.890625,-1
2026-08-04 14:48:05,12.890625,-1
2026-08-04 14:48:05,12.890625,-1
2026-08-04 14:48:05,12.890625,-1
2026-08-04 14:48:05,13.078125,-1
2026-08-04 14:48:05,13.078125,-1
2026-08-04 14:48:05,13.109375,-1
2026-08-04 14:48:05,13.109375,-1
2026-08-04 14:48:05,13.0625,-1
2026-08-04 14:48:05,13.0625,-1
2026-08-04 14:48:05,13.015625,-1
2026-08-04 14:48:05,13.015625,-1
2026-08-04 14:48:06,13.09375,-1
2026-08-04 14:48:06,13.09375,-1
2026-08-04 14:48:06,13.09375,-1
2026-08-04 14:48:06,13.09375,-1
2026-08-04 14:48:06,13.046875,-1
2026-08-04 14:48:06,13.046875,-1
2026-08-04 14:48:06,12.953125,-1
2026-08-04 14:48:06,12.953125,-1
2026-08-04 14:48:06,12.96875,-1
2026-08-04 14:48:06,12.96875,-1
2026-08-04 14:48:06,12.90625,-1
2026-08-04 14:48:06,12.90625,-1
2026-08-04 14:48:06,12.90625,-1
2026-08-04 14:48:06,12.90625,-1
2026-08-04 14:48:06,13.015625,-1
2026-08-04 14:48:06,13.015625,-1
2026-08-04 14:48:06,12.96875,-1
2026-08-04 14:48:06,12.96875,-1
2026-08-04 14:48:06,13.09375,-1
2026-08-04 14:48:06,13.09375,-1
2026-08-04 14:48:07,13.046875,-1
2026-08-04 14:48:07,13.046875,-1
2026-08-04 14:48:07,13.15625,-1
2026-08-04 14:48:07,13.15625,-1
2026-08-04 14:48:07,13.140625,-1
2026-08-04 14:48:07,13.140625,-1
2026-08-04 14:48:07,13.09375,-1
2026-08-04 14:48:07,13.09375,-1
2026-08-04 14:48:07,13.03125,-1
2026-08-04 14:48:07,13.03125,-1
2026-08-04 14:48:07,13.0625,-1
2026-08-04 14:48:07,13.0625,-1
2026-08-04 14:48:07,13.140625,-1
2026-08-04 14:48:07,13.140625,-1
2026-08-04 14:48:07,13.125,-1
2026-08-04 14:48:07,13.125,-1
2026-08-04 14:48:07,13.046875,-1
2026-08-04 14:48:07,13.046875,-1
2026-08-04 14:48:07,13.140625,-1
2026-08-04 14:48:07,13.140625,-1
2026-08-04 14:48:08,13.046875,-1
2026-08-04 14:48:08,13.046875,-1
2026-08-04 14:48:08,13.125,-1
2026-08-04 14:48:08,13.125,-1
2026-08-04 14:48:08,13.171875,-1
2026-08-04 14:48:08,13.171875,-1
2026-08-04 14:48:08,13.140625,-1
2026-08-04 14:48:08,13.140625,-1
2026-08-04 14:48:08,13.140625,-1
2026-08-04 14:48:08,13.140625,-1
2026-08-04 14:48:08,13.3125,-1
2026-08-04 14:48:08,13.3125,-1
2026-08-04 14:48:08,13.234375,-1
2026-08-04 14:48:08,13.234375,-1
2026-08-04 14:48:08,13.109375,-1
2026-08-04 14:48:08,13.109375,-1
2026-08-04 14:48:08,12.875,-1
2026-08-04 14:48:08,12.875,-1
2026-08-04 14:48:08,13.09375,-1
2026-08-04 14:48:08,13.09375,-1
2026-08-04 14:48:09,13.09375,-1
2026-08-04 14:48:09,13.09375,-1
2026-08-04 14:48:09,13.0625,-1
2026-08-04 14:48:09,13.0625,-1
2026-08-04 14:48:09,13.0625,-1
2026-08-04 14:48:09,13.0625,-1
2026-08-04 14:48:09,13.171875,-1
2026-08-04 14:48:09,13.171875,-1
2026-08-04 14:48:09,13.171875,-1
2026-08-04 14:48:09,13.171875,-1
2026-08-04 14:48:09,13.09375,-1
2026-08-04 14:48:09,13.09375,-1
2026-08-04 14:48:09,15.0,-1
2026-08-04 14:48:09,15.0,-1
2026-08-04 14:48:09,14.9375,-1
2026-08-04 14:48:09,14.9375,-1
2026-08-04 14:48:09,14.890625,-1
2026-08-04 14:48:09,14.890625,-1
2026-08-04 14:48:09,15.453125,-1
2026-08-04 14:48:09,15.453125,-1
2026-08-04 14:48:10,15.21875,-1
2026-08-04 14:48:10,15.21875,-1
2026-08-04 14:48:10,15.09375,-1
2026-08-04 14:48:10,15.09375,-1
2026-08-04 14:48:10,15.09375,-1
2026-08-04 14:48:10,15.09375,-1
2026-08-04 14:48:10,16.78125,-1
2026-08-04 14:48:10,16.78125,-1
2026-08-04 14:48:10,16.765625,-1
2026-08-04 14:48:10,16.765625,-1
2026-08-04 14:48:10,16.890625,-1
2026-08-04 14:48:10,16.890625,-1
2026-08-04 14:48:10,16.703125,-1
2026-08-04 14:48:10,16.703125,-1
2026-08-04 14:48:10,16.90625,-1
2026-08-04 14:48:10,16.90625,-1
2026-08-04 14:48:10,16.765625,-1
2026-08-04 14:48:10,16.765625,-1
2026-08-04 14:48:10,16.859375,-1
2026-08-04 14:48:10,16.859375,-1
2026-08-04 14:48:11,17.796875,-1
2026-08-04 14:48:11,17.796875,-1
2026-08-04 14:48:11,17.84375,-1
2026-08-04 14:48:11,17.84375,-1
2026-08-04 14:48:11,17.6875,-1
2026-08-04 14:48:11,17.6875,-1
2026-08-04 14:48:11,17.015625,-1
2026-08-04 14:48:11,17.015625,-1
2026-08-04 14:48:11,16.859375,-1
2026-08-04 14:48:11,16.859375,-1
2026-08-04 14:48:11,16.796875,-1
2026-08-04 14:48:11,16.796875,-1
2026-08-04 14:48:11,16.9375,-1
2026-08-04 14:48:11,16.9375,-1
2026-08-04 14:48:11,16.703125,-1
2026-08-04 14:48:11,16.703125,-1
2026-08-04 14:48:11,16.828125,-1
2026-08-04 14:48:11,16.828125,-1
2026-08-04 14:48:11,16.859375,-1
2026-08-04 14:48:11,16.859375,-1
2026-08-04 14:48:12,16.859375,-1
2026-08-04 14:48:12,16.859375,-1
2026-08-04 14:48:12,16.34375,-1
2026-08-04 14:48:12,16.34375,-1
2026-08-04 14:48:12,16.21875,-1
2026-08-04 14:48:12,16.21875,-1
2026-08-04 14:48:12,16.09375,-1
2026-08-04 14:48:12,16.09375,-1
2026-08-04 14:48:12,15.34375,-1
2026-08-04 14:48:12,15.34375,-1
2026-08-04 14:48:12,15.40625,-1
2026-08-04 14:48:12,15.40625,-1
2026-08-04 14:48:12,15.46875,-1
2026-08-04 14:48:12,15.46875,-1
2026-08-04 14:48:12,15.203125,-1
2026-08-04 14:48:12,15.203125,-1
2026-08-04 14:48:12,14.671875,-1
2026-08-04 14:48:12,14.671875,-1
2026-08-04 14:48:12,14.59375,-1
2026-08-04 14:48:12,14.59375,-1
2026-08-04 14:48:13,14.453125,-1
2026-08-04 14:48:13,14.453125,-1
2026-08-04 14:48:13,13.875,-1
2026-08-04 14:48:13,13.875,-1
2026-08-04 14:48:13,13.796875,-1
2026-08-04 14:48:13,13.796875,-1
2026-08-04 14:48:13,13.703125,-1
2026-08-04 14:48:13,13.703125,-1
2026-08-04 14:48:13,13.671875,-1
2026-08-04 14:48:13,13.671875,-1
2026-08-04 14:48:13,13.1875,-1
2026-08-04 14:48:13,13.1875,-1
2026-08-04 14:48:13,13.25,-1
2026-08-04 14:48:13,13.25,-1
2026-08-04 14:48:13,13.125,-1
2026-08-04 14:48:13,13.125,-1
2026-08-04 14:48:13,13.203125,-1
2026-08-04 14:48:13,13.203125,-1
2026-08-04 14:48:13,13.109375,-1
2026-08-04 14:48:13,13.109375,-1
2026-08-04 14:48:14,13.046875,-1
2026-08-04 14:48:14,13.046875,-1
2026-08-04 14:48:14,13.234375,-1
2026-08-04 14:48:14,13.234375,-1
2026-08-04 14:48:14,12.96875,-1
2026-08-04 14:48:14,12.96875,-1
2026-08-04 14:48:14,12.953125,-1
2026-08-04 14:48:14,12.953125,-1
2026-08-04 14:48:14,13.015625,-1
2026-08-04 14:48:14,13.015625,-1
2026-08-04 14:48:14,13.078125,-1
2026-08-04 14:48:14,13.078125,-1
2026-08-04 14:48:14,13.28125,-1
2026-08-04 14:48:14,13.28125,-1
2026-08-04 14:48:14,13.203125,-1
2026-08-04 14:48:14,13.203125,-1
2026-08-04 14:48:14,13.25,-1
2026-08-04 14:48:14,13.25,-1
2026-08-04 14:48:14,13.015625,-1
2026-08-04 14:48:14,13.015625,-1
2026-08-04 14:48:15,13.078125,-1
2026-08-04 14:48:15,13.078125,-1
2026-08-04 14:48:15,13.203125,-1
2026-08-04 14:48:15,13.203125,-1
2026-08-04 14:48:15,13.0,-1
2026-08-04 14:48:15,13.0,-1
2026-08-04 14:48:15,13.203125,-1
2026-08-04 14:48:15,13.203125,-1
2026-08-04 14:48:15,13.234375,-1
2026-08-04 14:48:15,13.234375,-1
2026-08-04 14:48:15,13.28125,-1
2026-08-04 14:48:15,13.28125,-1
2026-08-04 14:48:15,13.3125,-1
2026-08-04 14:48:15,13.3125,-1
2026-08-04 14:48:15,13.34375,-1
2026-08-04 14:48:15,13.34375,-1
2026-08-04 14:48:15,13.3125,-1
2026-08-04 14:48:15,13.3125,-1
2026-08-04 14:48:15,13.28125,-1
2026-08-04 14:48:15,13.28125,-1
2026-08-04 14:48:16,13.140625,-1
2026-08-04 14:48:16,13.140625,-1
2026-08-04 14:48:16,13.109375,-1
2026-08-04 14:48:16,13.109375,-1
2026-08-04 14:48:16,13.125,-1
2026-08-04 14:48:16,13.125,-1
2026-08-04 14:48:16,13.0625,-1
2026-08-04 14:48:16,13.0625,-1
2026-08-04 14:48:16,13.1875,-1
2026-08-04 14:48:16,13.1875,-1
2026-08-04 14:48:16,13.359375,-1
2026-08-04 14:48:16,13.359375,-1
2026-08-04 14:48:16,13.328125,-1
2026-08-04 14:48:16,13.328125,-1
2026-08-04 14:48:16,13.328125,-1
2026-08-04 14:48:16,13.328125,-1
2026-08-04 14:48:16,13.25,-1
2026-08-04 14:48:16,13.25,-1
2026-08-04 14:48:16,13.03125,-1
2026-08-04 14:48:16,13.03125,-1
2026-08-04 14:48:17,13.140625,-1
2026-08-04 14:48:17,13.140625,-1
2026-08-04 14:48:17,13.25,-1
2026-08-04 14:48:17,13.25,-1
2026-08-04 14:48:17,13.21875,-1
2026-08-04 14:48:17,13.21875,-1
2026-08-04 14:48:17,13.15625,-1
2026-08-04 14:48:17,13.15625,-1
2026-08-04 14:48:17,13.109375,-1
2026-08-04 14:48:17,13.109375,-1
2026-08-04 14:48:17,13.203125,-1
2026-08-04 14:48:17,13.203125,-1
2026-08-04 14:48:17,13.140625,-1
2026-08-04 14:48:17,13.140625,-1
2026-08-04 14:48:17,13.015625,-1
2026-08-04 14:48:17,13.015625,-1
2026-08-04 14:48:17,13.015625,-1
2026-08-04 14:48:17,13.015625,-1
2026-08-04 14:48:17,13.078125,-1
2026-08-04 14:48:17,13.078125,-1
2026-08-04 14:48:18,13.375,-1
2026-08-04 14:48:18,13.375,-1
2026-08-04 14:48:18,13.359375,-1
2026-08-04 14:48:18,13.359375,-1
2026-08-04 14:48:18,13.078125,-1
2026-08-04 14:48:18,13.078125,-1
2026-08-04 14:48:18,13.234375,-1
2026-08-04 14:48:18,13.234375,-1
2026-08-04 14:48:18,13.1875,-1
2026-08-04 14:48:18,13.1875,-1
2026-08-04 14:48:18,13.234375,-1
2026-08-04 14:48:18,13.234375,-1
2026-08-04 14:48:18,13.265625,-1
2026-08-04 14:48:18,13.265625,-1
2026-08-04 14:48:18,13.234375,-1
2026-08-04 14:48:18,13.234375,-1
2026-08-04 14:48:18,13.21875,-1
2026-08-04 14:48:18,13.21875,-1
2026-08-04 14:48:18,13.15625,-1
2026-08-04 14:48:18,13.15625,-1
2026-08-04 14:48:19,13.359375,-1
2026-08-04 14:48:19,13.359375,-1
2026-08-04 14:48:19,13.140625,-1
2026-08-04 14:48:19,13.140625,-1
2026-08-04 14:48:19,12.84375,-1
2026-08-04 14:48:19,12.84375,-1
2026-08-04 14:48:19,13.15625,-1
2026-08-04 14:48:19,13.15625,-1
2026-08-04 14:48:19,13.078125,-1
2026-08-04 14:48:19,13.078125,-1
2026-08-04 14:48:19,12.984375,-1
2026-08-04 14:48:19,12.984375,-1
2026-08-04 14:48:19,13.125,-1
2026-08-04 14:48:19,13.125,-1
2026-08-04 14:48:19,13.1875,-1
2026-08-04 14:48:19,13.1875,-1
2026-08-04 14:48:19,13.0625,-1
2026-08-04 14:48:19,13.0625,-1
2026-08-04 14:48:19,13.140625,-1
2026-08-04 14:48:19,13.140625,-1
2026-08-04 14:48:20,13.078125,-1
2026-08-04 14:48:20,13.078125,-1
2026-08-04 14:48:20,13.0,-1
2026-08-04 14:48:20,13.0,-1
2026-08-04 14:48:20,13.09375,-1
2026-08-04 14:48:20,13.09375,-1
2026-08-04 14:48:20,13.046875,-1
2026-08-04 14:48:20,13.046875,-1
2026-08-04 14:48:20,13.25,-1
2026-08-04 14:48:20,13.25,-1
2026-08-04 14:48:20,13.21875,-1
2026-08-04 14:48:20,13.21875,-1
2026-08-04 14:48:20,13.078125,-1
2026-08-04 14:48:20,13.078125,-1
2026-08-04 14:48:20,13.140625,-1
2026-08-04 14:48:20,13.140625,-1
2026-08-04 14:48:20,13.0625,-1
2026-08-04 14:48:20,13.0625,-1
2026-08-04 14:48:20,13.140625,-1
2026-08-04 14:48:20,13.140625,-1
2026-08-04 14:48:21,13.125,-1
2026-08-04 14:48:21,13.125,-1
2026-08-04 14:48:21,13.28125,-1
2026-08-04 14:48:21,13.28125,-1
2026-08-04 14:48:21,13.109375,-1
2026-08-04 14:48:21,13.109375,-1
2026-08-04 14:48:21,13.1875,-1
2026-08-04 14:48:21,13.1875,-1
2026-08-04 14:48:21,13.140625,-1
2026-08-04 14:48:21,13.140625,-1
2026-08-04 14:48:21,13.078125,-1
2026-08-04 14:48:21,13.078125,-1
2026-08-04 14:48:21,13.015625,-1
2026-08-04 14:48:21,13.015625,-1
2026-08-04 14:48:21,13.28125,-1
2026-08-04 14:48:21,13.28125,-1
2026-08-04 14:48:21,13.375,-1
2026-08-04 14:48:21,13.375,-1
2026-08-04 14:48:21,13.296875,-1
2026-08-04 14:48:21,13.296875,-1
2026-08-04 14:48:22,13.28125,-1
2026-08-04 14:48:22,13.28125,-1
2026-08-04 14:48:22,13.046875,-1
2026-08-04 14:48:22,13.046875,-1
2026-08-04 14:48:22,13.3125,-1
2026-08-04 14:48:22,13.3125,-1
2026-08-04 14:48:22,13.1875,-1
2026-08-04 14:48:22,13.1875,-1
2026-08-04 14:48:22,13.015625,-1
2026-08-04 14:48:22,13.015625,-1
2026-08-04 14:48:22,13.015625,-1
2026-08-04 14:48:22,13.015625,-1
2026-08-04 14:48:22,13.03125,-1
2026-08-04 14:48:22,13.03125,-1
2026-08-04 14:48:22,13.234375,-1
2026-08-04 14:48:22,13.234375,-1
2026-08-04 14:48:22,13.171875,-1
2026-08-04 14:48:22,13.171875,-1
2026-08-04 14:48:22,13.1875,-1
2026-08-04 14:48:22,13.1875,-1
2026-08-04 14:48:23,13.171875,-1
2026-08-04 14:48:23,13.171875,-1
2026-08-04 14:48:23,13.015625,-1
2026-08-04 14:48:23,13.015625,-1
2026-08-04 14:48:23,13.015625,-1
2026-08-04 14:48:23,13.015625,-1
2026-08-04 14:48:23,13.203125,-1
2026-08-04 14:48:23,13.203125,-1
2026-08-04 14:48:23,13.34375,-1
2026-08-04 14:48:23,13.34375,-1
2026-08-04 14:48:23,13.71875,-1
2026-08-04 14:48:23,13.71875,-1
2026-08-04 14:48:23,13.421875,-1
2026-08-04 14:48:23,13.421875,-1
2026-08-04 14:48:23,13.140625,-1
2026-08-04 14:48:23,13.140625,-1
2026-08-04 14:48:23,13.0625,-1
2026-08-04 14:48:23,13.0625,-1
2026-08-04 14:48:23,15.609375,-1
2026-08-04 14:48:23,15.609375,-1
2026-08-04 14:48:24,15.703125,-1
2026-08-04 14:48:24,15.703125,-1
2026-08-04 14:48:24,16.046875,-1
2026-08-04 14:48:24,16.046875,-1
2026-08-04 14:48:24,18.1875,-1
2026-08-04 14:48:24,18.1875,-1
2026-08-04 14:48:24,18.0,-1
2026-08-04 14:48:24,18.0,-1
2026-08-04 14:48:24,18.296875,-1
2026-08-04 14:48:24,18.296875,-1
2026-08-04 14:48:24,18.1875,-1
2026-08-04 14:48:24,18.1875,-1
2026-08-04 14:48:24,20.1875,-1
2026-08-04 14:48:24,20.1875,-1
2026-08-04 14:48:24,20.4375,-1
2026-08-04 14:48:24,20.4375,-1
2026-08-04 14:48:24,20.546875,-1
2026-08-04 14:48:24,20.546875,-1
2026-08-04 14:48:24,22.28125,-1
2026-08-04 14:48:24,22.28125,-1
2026-08-04 14:48:25,22.421875,-1
2026-08-04 14:48:25,22.421875,-1
2026-08-04 14:48:25,22.5,-1
2026-08-04 14:48:25,22.5,-1
2026-08-04 14:48:25,22.609375,-1
2026-08-04 14:48:25,22.609375,-1
2026-08-04 14:48:25,24.25,-1
2026-08-04 14:48:25,24.25,-1
2026-08-04 14:48:25,24.421875,-1
2026-08-04 14:48:25,24.421875,-1
2026-08-04 14:48:25,24.5,-1
2026-08-04 14:48:25,24.5,-1
2026-08-04 14:48:25,24.84375,-1
2026-08-04 14:48:25,24.84375,-1
2026-08-04 14:48:25,24.734375,-1
2026-08-04 14:48:25,24.734375,-1
2026-08-04 14:48:25,24.78125,-1
2026-08-04 14:48:25,24.78125,-1
2026-08-04 14:48:25,24.71875,-1
2026-08-04 14:48:25,24.71875,-1
2026-08-04 14:48:26,25.046875,-1
2026-08-04 14:48:26,25.046875,-1
2026-08-04 14:48:26,25.5,-1
2026-08-04 14:48:26,25.5,-1
2026-08-04 14:48:26,25.875,-1
2026-08-04 14:48:26,25.875,-1
2026-08-04 14:48:26,25.828125,-1
2026-08-04 14:48:26,25.828125,-1
2026-08-04 14:48:26,23.03125,-1
2026-08-04 14:48:26,23.03125,-1
2026-08-04 14:48:26,22.703125,-1
2026-08-04 14:48:26,22.703125,-1
2026-08-04 14:48:26,22.75,-1
2026-08-04 14:48:26,22.75,-1
2026-08-04 14:48:26,21.734375,-1
2026-08-04 14:48:26,21.734375,-1
2026-08-04 14:48:26,21.34375,-1
2026-08-04 14:48:26,21.34375,-1
2026-08-04 14:48:26,21.4375,-1
2026-08-04 14:48:26,21.4375,-1
2026-08-04 14:48:27,21.328125,-1
2026-08-04 14:48:27,21.328125,-1
2026-08-04 14:48:27,20.734375,-1
2026-08-04 14:48:27,20.734375,-1
2026-08-04 14:48:27,20.671875,-1
2026-08-04 14:48:27,20.671875,-1
2026-08-04 14:48:27,21.0,-1
2026-08-04 14:48:27,21.0,-1
2026-08-04 14:48:27,20.921875,-1
2026-08-04 14:48:27,20.921875,-1
2026-08-04 14:48:27,20.921875,-1
2026-08-04 14:48:27,20.921875,-1
2026-08-04 14:48:27,20.828125,-1
2026-08-04 14:48:27,20.828125,-1
2026-08-04 14:48:27,20.8125,-1
2026-08-04 14:48:27,20.8125,-1
2026-08-04 14:48:27,19.71875,-1
2026-08-04 14:48:27,19.71875,-1
2026-08-04 14:48:27,20.40625,-1
2026-08-04 14:48:27,20.40625,-1
2026-08-04 14:48:28,21.015625,-1
2026-08-04 14:48:28,21.015625,-1
2026-08-04 14:48:28,20.640625,-1
2026-08-04 14:48:28,20.640625,-1
2026-08-04 14:48:28,20.328125,-1
2026-08-04 14:48:28,20.328125,-1
2026-08-04 14:48:28,20.015625,-1
2026-08-04 14:48:28,20.015625,-1
2026-08-04 14:48:28,19.6875,-1
2026-08-04 14:48:28,19.6875,-1
2026-08-04 14:48:28,18.578125,-1
2026-08-04 14:48:28,18.578125,-1
2026-08-04 14:48:28,18.53125,-1
2026-08-04 14:48:28,18.53125,-1
2026-08-04 14:48:28,18.609375,-1
2026-08-04 14:48:28,18.609375,-1
2026-08-04 14:48:28,18.6875,-1
2026-08-04 14:48:28,18.6875,-1
2026-08-04 14:48:28,18.828125,-1
2026-08-04 14:48:28,18.828125,-1
2026-08-04 14:48:29,18.8125,-1
2026-08-04 14:48:29,18.8125,-1
2026-08-04 14:48:29,18.703125,-1
2026-08-04 14:48:29,18.703125,-1
2026-08-04 14:48:29,17.984375,-1
2026-08-04 14:48:29,17.984375,-1
2026-08-04 14:48:29,18.34375,-1
2026-08-04 14:48:29,18.34375,-1
2026-08-04 14:48:29,18.53125,-1
2026-08-04 14:48:29,18.53125,-1
2026-08-04 14:48:29,18.609375,-1
2026-08-04 14:48:29,18.609375,-1
2026-08-04 14:48:29,18.328125,-1
2026-08-04 14:48:29,18.328125,-1
2026-08-04 14:48:29,18.078125,-1
2026-08-04 14:48:29,18.078125,-1
2026-08-04 14:48:29,18.015625,-1
2026-08-04 14:48:29,18.015625,-1
2026-08-04 14:48:29,19.75,-1
2026-08-04 14:48:29,19.75,-1
2026-08-04 14:48:30,19.84375,-1
2026-08-04 14:48:30,19.84375,-1
2026-08-04 14:48:30,19.984375,-1
2026-08-04 14:48:30,19.984375,-1
2026-08-04 14:48:30,20.1875,-1
2026-08-04 14:48:30,20.1875,-1
2026-08-04 14:48:30,19.578125,-1
2026-08-04 14:48:30,19.578125,-1
2026-08-04 14:48:30,19.734375,-1
2026-08-04 14:48:30,19.734375,-1
2026-08-04 14:48:30,20.015625,-1
2026-08-04 14:48:30,20.015625,-1
2026-08-04 14:48:30,21.578125,-1
2026-08-04 14:48:30,21.578125,-1
2026-08-04 14:48:30,21.5,-1
2026-08-04 14:48:30,21.5,-1
2026-08-04 14:48:30,21.46875,-1
2026-08-04 14:48:30,21.46875,-1
2026-08-04 14:48:30,21.375,-1
2026-08-04 14:48:30,21.375,-1
2026-08-04 14:48:31,21.703125,-1
2026-08-04 14:48:31,21.703125,-1
2026-08-04 14:48:31,21.828125,-1
2026-08-04 14:48:31,21.828125,-1
2026-08-04 14:48:31,21.828125,-1
2026-08-04 14:48:31,21.828125,-1
2026-08-04 14:48:31,21.859375,-1
2026-08-04 14:48:31,21.859375,-1
2026-08-04 14:48:31,21.765625,-1
2026-08-04 14:48:31,21.765625,-1
2026-08-04 14:48:31,21.65625,-1
2026-08-04 14:48:31,21.65625,-1
2026-08-04 14:48:31,21.703125,-1
2026-08-04 14:48:31,21.703125,-1
2026-08-04 14:48:31,21.984375,-1
2026-08-04 14:48:31,21.984375,-1
2026-08-04 14:48:31,21.953125,-1
2026-08-04 14:48:31,21.953125,-1
2026-08-04 14:48:31,21.96875,-1
2026-08-04 14:48:31,21.96875,-1
2026-08-04 14:48:32,21.96875,-1
2026-08-04 14:48:32,21.96875,-1
2026-08-04 14:48:32,21.640625,-1
2026-08-04 14:48:32,21.640625,-1
2026-08-04 14:48:32,21.5625,-1
2026-08-04 14:48:32,21.5625,-1
2026-08-04 14:48:32,21.609375,-1
2026-08-04 14:48:32,21.609375,-1
2026-08-04 14:48:32,21.609375,-1
2026-08-04 14:48:32,21.609375,-1
2026-08-04 14:48:32,21.625,-1
2026-08-04 14:48:32,21.625,-1
2026-08-04 14:48:32,21.546875,-1
2026-08-04 14:48:32,21.546875,-1
2026-08-04 14:48:32,21.640625,-1
2026-08-04 14:48:32,21.640625,-1
2026-08-04 14:48:32,20.921875,-1
2026-08-04 14:48:32,20.921875,-1
2026-08-04 14:48:32,20.6875,-1
2026-08-04 14:48:32,20.6875,-1
2026-08-04 14:48:33,20.796875,-1
2026-08-04 14:48:33,20.796875,-1
2026-08-04 14:48:33,20.796875,-1
2026-08-04 14:48:33,20.796875,-1
2026-08-04 14:48:33,19.546875,-1
2026-08-04 14:48:33,19.546875,-1
2026-08-04 14:48:33,19.453125,-1
2026-08-04 14:48:33,19.453125,-1
2026-08-04 14:48:33,19.34375,-1
2026-08-04 14:48:33,19.34375,-1
2026-08-04 14:48:33,18.109375,-1
2026-08-04 14:48:33,18.109375,-1
2026-08-04 14:48:33,17.9375,-1
2026-08-04 14:48:33,17.9375,-1
2026-08-04 14:48:33,17.890625,-1
2026-08-04 14:48:33,17.890625,-1
2026-08-04 14:48:33,17.84375,-1
2026-08-04 14:48:33,17.84375,-1
2026-08-04 14:48:33,16.984375,-1
2026-08-04 14:48:33,16.984375,-1
2026-08-04 14:48:34,16.96875,-1
2026-08-04 14:48:34,16.96875,-1
2026-08-04 14:48:34,16.75,-1
2026-08-04 14:48:34,16.75,-1
2026-08-04 14:48:34,17.1875,-1
2026-08-04 14:48:34,17.1875,-1
2026-08-04 14:48:34,17.15625,-1
2026-08-04 14:48:34,17.15625,-1
2026-08-04 14:48:34,17.203125,-1
2026-08-04 14:48:34,17.203125,-1
2026-08-04 14:48:34,17.296875,-1
2026-08-04 14:48:34,17.296875,-1
2026-08-04 14:48:34,16.703125,-1
2026-08-04 14:48:34,16.703125,-1
2026-08-04 14:48:34,16.625,-1
2026-08-04 14:48:34,16.625,-1
2026-08-04 14:48:34,16.515625,-1
2026-08-04 14:48:34,16.515625,-1
2026-08-04 14:48:34,16.5,-1
2026-08-04 14:48:34,16.5,-1
2026-08-04 14:48:35,16.671875,-1
2026-08-04 14:48:35,16.671875,-1
2026-08-04 14:48:35,16.671875,-1
2026-08-04 14:48:35,16.671875,-1
2026-08-04 14:48:35,16.625,-1
2026-08-04 14:48:35,16.625,-1
2026-08-04 14:48:35,17.5,-1
2026-08-04 14:48:35,17.5,-1
2026-08-04 14:48:35,17.5,-1
2026-08-04 14:48:35,17.5,-1
2026-08-04 14:48:35,17.484375,-1
2026-08-04 14:48:35,17.484375,-1
2026-08-04 14:48:35,16.8125,-1
2026-08-04 14:48:35,16.8125,-1
2026-08-04 14:48:35,16.765625,-1
2026-08-04 14:48:35,16.765625,-1
2026-08-04 14:48:35,16.71875,-1
2026-08-04 14:48:35,16.71875,-1
2026-08-04 14:48:35,16.578125,-1
2026-08-04 14:48:35,16.578125,-1
2026-08-04 14:48:36,16.578125,-1
2026-08-04 14:48:36,16.578125,-1
2026-08-04 14:48:36,16.71875,-1
2026-08-04 14:48:36,16.71875,-1
2026-08-04 14:48:36,16.859375,-1
2026-08-04 14:48:36,16.859375,-1
2026-08-04 14:48:36,17.53125,-1
2026-08-04 14:48:36,17.53125,-1
2026-08-04 14:48:36,17.6875,-1
2026-08-04 14:48:36,17.6875,-1
2026-08-04 14:48:36,17.578125,-1
2026-08-04 14:48:36,17.578125,-1
2026-08-04 14:48:36,17.484375,-1
2026-08-04 14:48:36,17.484375,-1
2026-08-04 14:48:36,16.625,-1
2026-08-04 14:48:36,16.625,-1
2026-08-04 14:48:36,16.734375,-1
2026-08-04 14:48:36,16.734375,-1
2026-08-04 14:48:36,16.765625,-1
2026-08-04 14:48:36,16.765625,-1
2026-08-04 14:48:37,16.703125,-1
2026-08-04 14:48:37,16.703125,-1
2026-08-04 14:48:37,16.921875,-1
2026-08-04 14:48:37,16.921875,-1
2026-08-04 14:48:37,17.03125,-1
2026-08-04 14:48:37,17.03125,-1
2026-08-04 14:48:37,17.015625,-1
2026-08-04 14:48:37,17.015625,-1
2026-08-04 14:48:37,16.546875,-1
2026-08-04 14:48:37,16.546875,-1
2026-08-04 14:48:37,16.484375,-1
2026-08-04 14:48:37,16.484375,-1
2026-08-04 14:48:37,16.484375,-1
2026-08-04 14:48:37,16.484375,-1
2026-08-04 14:48:37,16.40625,-1
2026-08-04 14:48:37,16.40625,-1
2026-08-04 14:48:37,15.921875,-1
2026-08-04 14:48:37,15.921875,-1
2026-08-04 14:48:37,15.890625,-1
2026-08-04 14:48:37,15.890625,-1
2026-08-04 14:48:38,15.84375,-1
2026-08-04 14:48:38,15.84375,-1
2026-08-04 14:48:38,15.265625,-1
2026-08-04 14:48:38,15.265625,-1
2026-08-04 14:48:38,15.203125,-1
2026-08-04 14:48:38,15.203125,-1
2026-08-04 14:48:38,15.25,-1
2026-08-04 14:48:38,15.25,-1
2026-08-04 14:48:38,15.1875,-1
2026-08-04 14:48:38,15.1875,-1
2026-08-04 14:48:38,15.046875,-1
2026-08-04 14:48:38,15.046875,-1
2026-08-04 14:48:38,15.046875,-1
2026-08-04 14:48:38,15.046875,-1
2026-08-04 14:48:38,15.09375,-1
2026-08-04 14:48:38,15.09375,-1
2026-08-04 14:48:38,14.953125,-1
2026-08-04 14:48:38,14.953125,-1
2026-08-04 14:48:38,15.0,-1
2026-08-04 14:48:38,15.0,-1
2026-08-04 14:48:39,15.015625,-1
2026-08-04 14:48:39,15.015625,-1
2026-08-04 14:48:39,14.90625,-1
2026-08-04 14:48:39,14.90625,-1
2026-08-04 14:48:39,14.140625,-1
2026-08-04 14:48:39,14.140625,-1
2026-08-04 14:48:39,14.359375,-1
2026-08-04 14:48:39,14.359375,-1
2026-08-04 14:48:39,14.46875,-1
2026-08-04 14:48:39,14.46875,-1
2026-08-04 14:48:39,14.25,-1
2026-08-04 14:48:39,14.25,-1
2026-08-04 14:48:39,14.265625,-1
2026-08-04 14:48:39,14.265625,-1
2026-08-04 14:48:39,14.03125,-1
2026-08-04 14:48:39,14.03125,-1
2026-08-04 14:48:39,13.984375,-1
2026-08-04 14:48:39,13.984375,-1
2026-08-04 14:48:39,13.5625,-1
2026-08-04 14:48:39,13.5625,-1
2026-08-04 14:48:40,13.390625,-1
2026-08-04 14:48:40,13.390625,-1
2026-08-04 14:48:40,13.34375,-1
2026-08-04 14:48:40,13.34375,-1
2026-08-04 14:48:40,13.40625,-1
2026-08-04 14:48:40,13.40625,-1
2026-08-04 14:48:40,13.25,-1
2026-08-04 14:48:40,13.25,-1
2026-08-04 14:48:40,13.265625,-1
2026-08-04 14:48:40,13.265625,-1
2026-08-04 14:48:40,13.4375,-1
2026-08-04 14:48:40,13.4375,-1
2026-08-04 14:48:40,13.390625,-1
2026-08-04 14:48:40,13.390625,-1
2026-08-04 14:48:40,13.171875,-1
2026-08-04 14:48:40,13.171875,-1
2026-08-04 14:48:40,13.140625,-1
2026-08-04 14:48:40,13.140625,-1
2026-08-04 14:48:40,13.109375,-1
2026-08-04 14:48:40,13.109375,-1
2026-08-04 14:48:41,13.109375,-1
2026-08-04 14:48:41,13.109375,-1
2026-08-04 14:48:41,13.3125,-1
2026-08-04 14:48:41,13.3125,-1
2026-08-04 14:48:41,13.234375,-1
2026-08-04 14:48:41,13.234375,-1
2026-08-04 14:48:41,13.15625,-1
2026-08-04 14:48:41,13.15625,-1
2026-08-04 14:48:41,13.25,-1
2026-08-04 14:48:41,13.25,-1
2026-08-04 14:48:41,13.234375,-1
2026-08-04 14:48:41,13.234375,-1
2026-08-04 14:48:41,13.046875,-1
2026-08-04 14:48:41,13.046875,-1
2026-08-04 14:48:41,13.28125,-1
2026-08-04 14:48:41,13.28125,-1
2026-08-04 14:48:41,13.296875,-1
2026-08-04 14:48:41,13.296875,-1
2026-08-04 14:48:41,13.3125,-1
2026-08-04 14:48:41,13.3125,-1
2026-08-04 14:48:42,13.21875,-1
2026-08-04 14:48:42,13.21875,-1
2026-08-04 14:48:42,12.984375,-1
2026-08-04 14:48:42,12.984375,-1
2026-08-04 14:48:42,13.046875,-1
2026-08-04 14:48:42,13.046875,-1
2026-08-04 14:48:42,13.0,-1
2026-08-04 14:48:42,13.0,-1
2026-08-04 14:48:42,13.09375,-1
2026-08-04 14:48:42,13.09375,-1
2026-08-04 14:48:42,13.21875,-1
2026-08-04 14:48:42,13.21875,-1
2026-08-04 14:48:42,13.203125,-1
2026-08-04 14:48:42,13.203125,-1
2026-08-04 14:48:42,13.25,-1
2026-08-04 14:48:42,13.25,-1
2026-08-04 14:48:42,13.25,-1
2026-08-04 14:48:42,13.25,-1
2026-08-04 14:48:42,13.359375,-1
2026-08-04 14:48:42,13.359375,-1
2026-08-04 14:48:43,13.34375,-1
2026-08-04 14:48:43,13.34375,-1
2026-08-04 14:48:43,13.234375,-1
2026-08-04 14:48:43,13.234375,-1
2026-08-04 14:48:43,13.03125,-1
2026-08-04 14:48:43,13.03125,-1
2026-08-04 14:48:43,13.046875,-1
2026-08-04 14:48:43,13.046875,-1
2026-08-04 14:48:43,13.0,-1
2026-08-04 14:48:43,13.0,-1
2026-08-04 14:48:43,12.96875,-1
2026-08-04 14:48:43,12.96875,-1
2026-08-04 14:48:43,13.078125,-1
2026-08-04 14:48:43,13.078125,-1
2026-08-04 14:48:43,13.171875,-1
2026-08-04 14:48:43,13.171875,-1
2026-08-04 14:48:43,13.0625,-1
2026-08-04 14:48:43,13.0625,-1
2026-08-04 14:48:43,12.953125,-1
2026-08-04 14:48:43,12.953125,-1
2026-08-04 14:48:44,12.90625,-1
2026-08-04 14:48:44,12.90625,-1
2026-08-04 14:48:44,13.015625,-1
2026-08-04 14:48:44,13.015625,-1
2026-08-04 14:48:44,13.015625,-1
2026-08-04 14:48:44,13.015625,-1
2026-08-04 14:48:44,13.15625,-1
2026-08-04 14:48:44,13.15625,-1
2026-08-04 14:48:44,13.359375,-1
2026-08-04 14:48:44,13.359375,-1
2026-08-04 14:48:44,13.375,-1
2026-08-04 14:48:44,13.375,-1
2026-08-04 14:48:44,13.203125,-1
2026-08-04 14:48:44,13.203125,-1
2026-08-04 14:48:44,13.078125,-1
2026-08-04 14:48:44,13.078125,-1
2026-08-04 14:48:44,13.03125,-1
2026-08-04 14:48:44,13.03125,-1
2026-08-04 14:48:44,13.15625,-1
2026-08-04 14:48:44,13.15625,-1
2026-08-04 14:48:45,13.140625,-1
2026-08-04 14:48:45,13.140625,-1
2026-08-04 14:48:45,13.0,-1
2026-08-04 14:48:45,13.0,-1
2026-08-04 14:48:45,13.03125,-1
2026-08-04 14:48:45,13.03125,-1
2026-08-04 14:48:45,13.125,-1
2026-08-04 14:48:45,13.125,-1
2026-08-04 14:48:45,13.21875,-1
2026-08-04 14:48:45,13.21875,-1
2026-08-04 14:48:45,13.171875,-1
2026-08-04 14:48:45,13.171875,-1
2026-08-04 14:48:45,12.96875,-1
2026-08-04 14:48:45,12.96875,-1
2026-08-04 14:48:45,12.828125,-1
2026-08-04 14:48:45,12.828125,-1
2026-08-04 14:48:45,12.96875,-1
2026-08-04 14:48:45,12.96875,-1
2026-08-04 14:48:45,12.75,-1
2026-08-04 14:48:45,12.75,-1
2026-08-04 14:48:46,13.0,-1
2026-08-04 14:48:46,13.0,-1
2026-08-04 14:48:46,12.828125,-1
2026-08-04 14:48:46,12.828125,-1
2026-08-04 14:48:46,12.671875,-1
2026-08-04 14:48:46,12.671875,-1
2026-08-04 14:48:46,12.890625,-1
2026-08-04 14:48:46,12.890625,-1
2026-08-04 14:48:46,12.578125,-1
2026-08-04 14:48:46,12.578125,-1
2026-08-04 14:48:46,12.703125,-1
2026-08-04 14:48:46,12.703125,-1
2026-08-04 14:48:46,12.390625,-1
2026-08-04 14:48:46,12.390625,-1
2026-08-04 14:48:46,12.609375,-1
2026-08-04 14:48:46,12.609375,-1
2026-08-04 14:48:46,11.515625,-1
2026-08-04 14:48:46,11.515625,-1
2026-08-04 14:48:46,11.453125,-1
2026-08-04 14:48:46,11.453125,-1
2026-08-04 14:48:47,11.390625,-1
2026-08-04 14:48:47,11.390625,-1
2026-08-04 14:48:47,8.96875,-1
2026-08-04 14:48:47,8.96875,-1
2026-08-04 14:48:47,8.703125,-1
2026-08-04 14:48:47,8.703125,-1
2026-08-04 14:48:47,8.46875,-1
2026-08-04 14:48:47,8.46875,-1
2026-08-04 14:48:47,8.421875,-1
2026-08-04 14:48:47,8.421875,-1
2026-08-04 14:48:47,6.09375,-1
2026-08-04 14:48:47,6.09375,-1
2026-08-04 14:48:47,6.015625,-1
2026-08-04 14:48:47,6.015625,-1
2026-08-04 14:48:47,5.90625,-1
2026-08-04 14:48:47,5.90625,-1
2026-08-04 14:48:47,2.71875,-1
2026-08-04 14:48:47,2.71875,-1
2026-08-04 14:48:47,2.390625,-1
2026-08-04 14:48:47,2.390625,-1
2026-08-04 14:48:48,2.140625,-1
2026-08-04 14:48:48,2.140625,-1
2026-08-04 14:48:48,2.046875,-1
2026-08-04 14:48:48,2.046875,-1
2026-08-04 14:48:48,0.0,-1
2026-08-04 14:48:48,0.0,-1
2026-08-04 14:48:48,0.0,-1
2026-08-04 14:48:48,0.0,-1
2026-08-04 14:48:48,0.0,-1
2026-08-04 14:48:48,0.0,-1
2026-08-04 14:48:48,0.0,-1
2026-08-04 14:48:48,0.0,-1
2026-08-04 14:48:48,0.0,-1
2026-08-04 14:48:48,0.0,-1
2026-08-04 14:48:48,0.0,-1
2026-08-04 14:48:48,0.0,-1
2026-08-04 14:48:48,0.0,-1
2026-08-04 14:48:48,0.0,-1
2026-08-04 14:48:48,0.0,-1
2026-08-04 14:48:48,0.0,-1
2026-08-04 14:48:49,0.0,-1
2026-08-04 14:48:49,0.0,-1
2026-08-04 14:48:49,0.0,-1
2026-08-04 14:48:49,0.0,-1
2026-08-04 14:48:49,0.0,-1
2026-08-04 14:48:49,0.0,-1
2026-08-04 14:48:49,0.0,-1
2026-08-04 14:48:49,0.0,-1
2026-08-04 14:48:49,0.0,-1
2026-08-04 14:48:49,0.0,-1
2026-08-04 14:48:49,0.0,-1
2026-08-04 14:48:49,0.0,-1
2026-08-04 14:48:49,0.0,-1
2026-08-04 14:48:49,0.0,-1
2026-08-04 14:48:49,0.0,-1
2026-08-04 14:48:49,0.0,-1
2026-08-04 14:48:49,0.0,-1
2026-08-04 14:48:49,0.0,-1
2026-08-04 14:48:49,0.0,-1
2026-08-04 14:48:49,0.0,-1
2026-08-04 14:48:50,0.0,-1
2026-08-04 14:48:50,0.0,-1
2026-08-04 14:48:50,0.0,-1
2026-08-04 14:48:50,0.0,-1
2026-08-04 14:48:50,0.0,-1
2026-08-04 14:48:50,0.0,-1
2026-08-04 14:48:50,0.0,-1
2026-08-04 14:48:50,0.0,-1
2026-08-04 14:48:50,0.0,-1
2026-08-04 14:48:50,0.0,-1
2026-08-04 14:48:50,0.0,-1
2026-08-04 14:48:50,0.0,-1
2026-08-04 14:48:50,0.0,-1
2026-08-04 14:48:50,0.0,-1
2026-08-04 14:48:50,0.0,-1
2026-08-04 14:48:50,0.0,-1
2026-08-04 14:48:50,0.0,-1
2026-08-04 14:48:50,0.0,-1
2026-08-04 14:48:50,0.0,-1
2026-08-04 14:48:50,0.0,-1
2026-08-04 14:48:51,0.0,-1
2026-08-04 14:48:51,0.0,-1
2026-08-04 14:48:51,0.0,-1
2026-08-04 14:48:51,0.0,-1
2026-08-04 14:48:51,0.0,-1
2026-08-04 14:48:51,0.0,-1
2026-08-04 14:48:51,0.0,-1
2026-08-04 14:48:51,0.0,-1
2026-08-04 14:48:51,0.0,-1
2026-08-04 14:48:51,0.0,-1
2026-08-04 14:48:51,0.0,-1
2026-08-04 14:48:51,0.0,-1
2026-08-04 14:48:51,0.0,-1
2026-08-04 14:48:51,0.0,-1
2026-08-04 14:48:51,0.0,-1
2026-08-04 14:48:51,0.0,-1
2026-08-04 14:48:51,1.203125,-1
2026-08-04 14:48:51,1.203125,-1
2026-08-04 14:48:51,1.25,-1
2026-08-04 14:48:51,1.25,-1
2026-08-04 14:48:52,1.25,-1
2026-08-04 14:48:52,1.25,-1
2026-08-04 14:48:52,2.234375,-1
2026-08-04 14:48:52,2.234375,-1
2026-08-04 14:48:52,2.265625,-1
2026-08-04 14:48:52,2.265625,-1
2026-08-04 14:48:52,2.421875,-1
2026-08-04 14:48:52,2.421875,-1
2026-08-04 14:48:52,2.4375,-1
2026-08-04 14:48:52,2.4375,-1
2026-08-04 14:48:52,3.46875,-1
2026-08-04 14:48:52,3.46875,-1
2026-08-04 14:48:52,3.671875,-1
2026-08-04 14:48:52,3.671875,-1
2026-08-04 14:48:52,3.765625,-1
2026-08-04 14:48:52,3.765625,-1
2026-08-04 14:48:52,5.25,-1
2026-08-04 14:48:52,5.25,-1
2026-08-04 14:48:52,5.296875,-1
2026-08-04 14:48:52,5.296875,-1
2026-08-04 14:48:53,5.375,-1
2026-08-04 14:48:53,5.375,-1
2026-08-04 14:48:53,5.5,-1
2026-08-04 14:48:53,5.5,-1
2026-08-04 14:48:53,6.890625,-1
2026-08-04 14:48:53,6.890625,-1
2026-08-04 14:48:53,7.0,-1
2026-08-04 14:48:53,7.0,-1
2026-08-04 14:48:53,7.046875,-1
2026-08-04 14:48:53,7.046875,-1
2026-08-04 14:48:53,7.0625,-1
2026-08-04 14:48:53,7.0625,-1
2026-08-04 14:48:53,8.4375,-1
2026-08-04 14:48:53,8.4375,-1
2026-08-04 14:48:53,8.5,-1
2026-08-04 14:48:53,8.5,-1
2026-08-04 14:48:53,8.5625,-1
2026-08-04 14:48:53,8.5625,-1
2026-08-04 14:48:53,9.75,-1
2026-08-04 14:48:53,9.75,-1
2026-08-04 14:48:54,10.0,-1
2026-08-04 14:48:54,10.0,-1
2026-08-04 14:48:54,10.078125,-1
2026-08-04 14:48:54,10.078125,-1
2026-08-04 14:48:54,10.078125,-1
2026-08-04 14:48:54,10.078125,-1
2026-08-04 14:48:54,11.484375,-1
2026-08-04 14:48:54,11.484375,-1
2026-08-04 14:48:54,11.59375,-1
2026-08-04 14:48:54,11.59375,-1
2026-08-04 14:48:54,11.703125,-1
2026-08-04 14:48:54,11.703125,-1
2026-08-04 14:48:54,12.8125,-1
2026-08-04 14:48:54,12.8125,-1
2026-08-04 14:48:54,12.703125,-1
2026-08-04 14:48:54,12.703125,-1
2026-08-04 14:48:54,12.828125,-1
2026-08-04 14:48:54,12.828125,-1
2026-08-04 14:48:54,12.828125,-1
2026-08-04 14:48:54,12.828125,-1
2026-08-04 14:48:55,13.1875,-1
2026-08-04 14:48:55,13.1875,-1
2026-08-04 14:48:55,13.109375,-1
2026-08-04 14:48:55,13.109375,-1
2026-08-04 14:48:55,13.0625,-1
2026-08-04 14:48:55,13.0625,-1
2026-08-04 14:48:55,13.125,-1
2026-08-04 14:48:55,13.125,-1
2026-08-04 14:48:55,12.921875,-1
2026-08-04 14:48:55,12.921875,-1
2026-08-04 14:48:55,13.078125,-1
2026-08-04 14:48:55,13.078125,-1
2026-08-04 14:48:55,13.203125,-1
2026-08-04 14:48:55,13.203125,-1
2026-08-04 14:48:55,12.953125,-1
2026-08-04 14:48:55,12.953125,-1
2026-08-04 14:48:55,13.1875,-1
2026-08-04 14:48:55,13.1875,-1
2026-08-04 14:48:55,13.15625,-1
2026-08-04 14:48:55,13.15625,-1
2026-08-04 14:48:56,13.21875,-1
2026-08-04 14:48:56,13.21875,-1
2026-08-04 14:48:56,12.890625,-1
2026-08-04 14:48:56,12.890625,-1
2026-08-04 14:48:56,12.78125,-1
2026-08-04 14:48:56,12.78125,-1
2026-08-04 14:48:56,12.8125,-1
2026-08-04 14:48:56,12.8125,-1
2026-08-04 14:48:56,12.71875,-1
2026-08-04 14:48:56,12.71875,-1
2026-08-04 14:48:56,12.890625,-1
2026-08-04 14:48:56,12.890625,-1
2026-08-04 14:48:56,12.75,-1
2026-08-04 14:48:56,12.75,-1
2026-08-04 14:48:56,12.953125,-1
2026-08-04 14:48:56,12.953125,-1
2026-08-04 14:48:56,12.125,-1
2026-08-04 14:48:56,12.125,-1
2026-08-04 14:48:56,12.0625,-1
2026-08-04 14:48:56,12.0625,-1
2026-08-04 14:48:57,11.96875,-1
2026-08-04 14:48:57,11.96875,-1
2026-08-04 14:48:57,11.96875,-1
2026-08-04 14:48:57,11.96875,-1
2026-08-04 14:48:57,10.78125,-1
2026-08-04 14:48:57,10.78125,-1
2026-08-04 14:48:57,10.765625,-1
2026-08-04 14:48:57,10.765625,-1
2026-08-04 14:48:57,10.75,-1
2026-08-04 14:48:57,10.75,-1
2026-08-04 14:48:57,9.890625,-1
2026-08-04 14:48:57,9.890625,-1
2026-08-04 14:48:57,9.8125,-1
2026-08-04 14:48:57,9.8125,-1
2026-08-04 14:48:57,9.71875,-1
2026-08-04 14:48:57,9.71875,-1
2026-08-04 14:48:57,8.40625,-1
2026-08-04 14:48:57,8.40625,-1
2026-08-04 14:48:57,8.28125,-1
2026-08-04 14:48:57,8.28125,-1
2026-08-04 14:48:58,8.21875,-1
2026-08-04 14:48:58,8.21875,-1
2026-08-04 14:48:58,8.0625,-1
2026-08-04 14:48:58,8.0625,-1
2026-08-04 14:48:58,7.03125,-1
2026-08-04 14:48:58,7.03125,-1
2026-08-04 14:48:58,6.96875,-1
2026-08-04 14:48:58,6.96875,-1
2026-08-04 14:48:58,6.859375,-1
2026-08-04 14:48:58,6.859375,-1
2026-08-04 14:48:58,5.421875,-1
2026-08-04 14:48:58,5.421875,-1
2026-08-04 14:48:58,5.28125,-1
2026-08-04 14:48:58,5.28125,-1
2026-08-04 14:48:58,5.25,-1
2026-08-04 14:48:58,5.25,-1
2026-08-04 14:48:58,5.046875,-1
2026-08-04 14:48:58,5.046875,-1
2026-08-04 14:48:58,3.6875,-1
2026-08-04 14:48:58,3.6875,-1
2026-08-04 14:48:59,3.671875,-1
2026-08-04 14:48:59,3.671875,-1
2026-08-04 14:48:59,3.6875,-1
2026-08-04 14:48:59,3.6875,-1
2026-08-04 14:48:59,4.234375,-1
2026-08-04 14:48:59,4.234375,-1
2026-08-04 14:48:59,4.328125,-1
2026-08-04 14:48:59,4.328125,-1
2026-08-04 14:48:59,4.328125,-1
2026-08-04 14:48:59,4.328125,-1
2026-08-04 14:48:59,4.375,-1
2026-08-04 14:48:59,4.375,-1
2026-08-04 14:48:59,4.859375,-1
2026-08-04 14:48:59,4.859375,-1
2026-08-04 14:48:59,4.875,-1
2026-08-04 14:48:59,4.875,-1
2026-08-04 14:48:59,4.890625,-1
2026-08-04 14:48:59,4.890625,-1
2026-08-04 14:48:59,4.953125,-1
2026-08-04 14:48:59,4.953125,-1
2026-08-04 14:49:00,5.890625,-1
2026-08-04 14:49:00,5.890625,-1
2026-08-04 14:49:00,5.921875,-1
2026-08-04 14:49:00,5.921875,-1
2026-08-04 14:49:00,5.984375,-1
2026-08-04 14:49:00,5.984375,-1
2026-08-04 14:49:00,6.765625,-1
2026-08-04 14:49:00,6.765625,-1
2026-08-04 14:49:00,6.828125,-1
2026-08-04 14:49:00,6.828125,-1
2026-08-04 14:49:00,6.90625,-1
2026-08-04 14:49:00,6.90625,-1
2026-08-04 14:49:00,7.09375,-1
2026-08-04 14:49:00,7.09375,-1
2026-08-04 14:49:00,8.28125,-1
2026-08-04 14:49:00,8.28125,-1
2026-08-04 14:49:00,8.359375,-1
2026-08-04 14:49:00,8.359375,-1
2026-08-04 14:49:00,8.390625,-1
2026-08-04 14:49:00,8.390625,-1
2026-08-04 14:49:01,9.375,-1
2026-08-04 14:49:01,9.375,-1
2026-08-04 14:49:01,9.390625,-1
2026-08-04 14:49:01,9.390625,-1
2026-08-04 14:49:01,9.453125,-1
2026-08-04 14:49:01,9.453125,-1
2026-08-04 14:49:01,9.484375,-1
2026-08-04 14:49:01,9.484375,-1
2026-08-04 14:49:01,10.171875,-1
2026-08-04 14:49:01,10.171875,-1
2026-08-04 14:49:01,10.28125,-1
2026-08-04 14:49:01,10.28125,-1
2026-08-04 14:49:01,10.46875,-1
2026-08-04 14:49:01,10.46875,-1
2026-08-04 14:49:01,10.53125,-1
2026-08-04 14:49:01,10.53125,-1
2026-08-04 14:49:01,11.578125,-1
2026-08-04 14:49:01,11.578125,-1
2026-08-04 14:49:01,11.59375,-1
2026-08-04 14:49:01,11.59375,-1
2026-08-04 14:49:02,11.59375,-1
2026-08-04 14:49:02,11.59375,-1
2026-08-04 14:49:02,12.0,-1
2026-08-04 14:49:02,12.0,-1
2026-08-04 14:49:02,12.015625,-1
2026-08-04 14:49:02,12.015625,-1
2026-08-04 14:49:02,12.046875,-1
2026-08-04 14:49:02,12.046875,-1
2026-08-04 14:49:02,12.0,-1
2026-08-04 14:49:02,12.0,-1
2026-08-04 14:49:02,12.09375,-1
2026-08-04 14:49:02,12.09375,-1
2026-08-04 14:49:02,12.15625,-1
2026-08-04 14:49:02,12.15625,-1
2026-08-04 14:49:02,12.15625,-1
2026-08-04 14:49:02,12.15625,-1
2026-08-04 14:49:02,12.21875,-1
2026-08-04 14:49:02,12.21875,-1
2026-08-04 14:49:02,12.078125,-1
2026-08-04 14:49:02,12.078125,-1
2026-08-04 14:49:03,12.078125,-1
2026-08-04 14:49:03,12.078125,-1
2026-08-04 14:49:03,12.046875,-1
2026-08-04 14:49:03,12.046875,-1
2026-08-04 14:49:03,11.921875,-1
2026-08-04 14:49:03,11.921875,-1
2026-08-04 14:49:03,12.0,-1
2026-08-04 14:49:03,12.0,-1
2026-08-04 14:49:03,11.953125,-1
2026-08-04 14:49:03,11.953125,-1
2026-08-04 14:49:03,11.859375,-1
2026-08-04 14:49:03,11.859375,-1
2026-08-04 14:49:03,10.734375,-1
2026-08-04 14:49:03,10.734375,-1
2026-08-04 14:49:03,10.5625,-1
2026-08-04 14:49:03,10.5625,-1
2026-08-04 14:49:03,10.40625,-1
2026-08-04 14:49:03,10.40625,-1
2026-08-04 14:49:03,8.734375,-1
2026-08-04 14:49:03,8.734375,-1
2026-08-04 14:49:04,8.6875,-1
2026-08-04 14:49:04,8.6875,-1
2026-08-04 14:49:04,8.671875,-1
2026-08-04 14:49:04,8.671875,-1
2026-08-04 14:49:04,8.625,-1
2026-08-04 14:49:04,8.625,-1
2026-08-04 14:49:04,7.796875,-1
2026-08-04 14:49:04,7.796875,-1
2026-08-04 14:49:04,7.796875,-1
2026-08-04 14:49:04,7.796875,-1
2026-08-04 14:49:04,7.6875,-1
2026-08-04 14:49:04,7.6875,-1
2026-08-04 14:49:04,6.984375,-1
2026-08-04 14:49:04,6.984375,-1
2026-08-04 14:49:04,7.0,-1
2026-08-04 14:49:04,7.0,-1
2026-08-04 14:49:04,6.96875,-1
2026-08-04 14:49:04,6.96875,-1
2026-08-04 14:49:04,6.96875,-1
2026-08-04 14:49:04,6.96875,-1
2026-08-04 14:49:05,6.5,-1
2026-08-04 14:49:05,6.5,-1
2026-08-04 14:49:05,6.5,-1
2026-08-04 14:49:05,6.5,-1
2026-08-04 14:49:05,6.484375,-1
2026-08-04 14:49:05,6.484375,-1
2026-08-04 14:49:05,6.453125,-1
2026-08-04 14:49:05,6.453125,-1
2026-08-04 14:49:05,6.5625,-1
2026-08-04 14:49:05,6.5625,-1
2026-08-04 14:49:05,6.578125,-1
2026-08-04 14:49:05,6.578125,-1
2026-08-04 14:49:05,6.546875,-1
2026-08-04 14:49:05,6.546875,-1
2026-08-04 14:49:05,6.65625,-1
2026-08-04 14:49:05,6.65625,-1
2026-08-04 14:49:05,6.625,-1
2026-08-04 14:49:05,6.625,-1
2026-08-04 14:49:05,6.65625,-1
2026-08-04 14:49:05,6.65625,-1
2026-08-04 14:49:06,6.671875,-1
2026-08-04 14:49:06,6.671875,-1
2026-08-04 14:49:06,6.71875,-1
2026-08-04 14:49:06,6.71875,-1
2026-08-04 14:49:06,6.859375,-1
2026-08-04 14:49:06,6.859375,-1
2026-08-04 14:49:06,6.9375,-1
2026-08-04 14:49:06,6.9375,-1
2026-08-04 14:49:06,6.78125,-1
2026-08-04 14:49:06,6.78125,-1
2026-08-04 14:49:06,6.609375,-1
2026-08-04 14:49:06,6.609375,-1
2026-08-04 14:49:06,6.46875,-1
2026-08-04 14:49:06,6.46875,-1
2026-08-04 14:49:06,6.375,-1
2026-08-04 14:49:06,6.375,-1
2026-08-04 14:49:06,6.734375,-1
2026-08-04 14:49:06,6.734375,-1
2026-08-04 14:49:06,6.90625,-1
2026-08-04 14:49:06,6.90625,-1
2026-08-04 14:49:07,7.03125,-1
2026-08-04 14:49:07,7.03125,-1
2026-08-04 14:49:07,7.25,-1
2026-08-04 14:49:07,7.25,-1
2026-08-04 14:49:07,7.171875,-1
2026-08-04 14:49:07,7.171875,-1
2026-08-04 14:49:07,7.171875,-1
2026-08-04 14:49:07,7.171875,-1
2026-08-04 14:49:07,7.15625,-1
2026-08-04 14:49:07,7.15625,-1
2026-08-04 14:49:07,7.703125,-1
2026-08-04 14:49:07,7.703125,-1
2026-08-04 14:49:07,7.734375,-1
2026-08-04 14:49:07,7.734375,-1
2026-08-04 14:49:07,7.75,-1
2026-08-04 14:49:07,7.75,-1
2026-08-04 14:49:07,7.75,-1
2026-08-04 14:49:07,7.75,-1
2026-08-04 14:49:07,8.296875,-1
2026-08-04 14:49:07,8.296875,-1
2026-08-04 14:49:08,8.421875,-1
2026-08-04 14:49:08,8.421875,-1
2026-08-04 14:49:08,8.421875,-1
2026-08-04 14:49:08,8.421875,-1
2026-08-04 14:49:08,9.125,-1
2026-08-04 14:49:08,9.125,-1
2026-08-04 14:49:08,9.1875,-1
2026-08-04 14:49:08,9.1875,-1
2026-08-04 14:49:08,9.296875,-1
2026-08-04 14:49:08,9.296875,-1
2026-08-04 14:49:08,9.328125,-1
2026-08-04 14:49:08,9.328125,-1
2026-08-04 14:49:08,9.96875,-1
2026-08-04 14:49:08,9.96875,-1
2026-08-04 14:49:08,10.015625,-1
2026-08-04 14:49:08,10.015625,-1
2026-08-04 14:49:08,10.171875,-1
2026-08-04 14:49:08,10.171875,-1
2026-08-04 14:49:08,10.203125,-1
2026-08-04 14:49:08,10.203125,-1
2026-08-04 14:49:09,11.46875,-1
2026-08-04 14:49:09,11.46875,-1
2026-08-04 14:49:09,11.5625,-1
2026-08-04 14:49:09,11.5625,-1
2026-08-04 14:49:09,11.59375,-1
2026-08-04 14:49:09,11.59375,-1
2026-08-04 14:49:09,12.0,-1
2026-08-04 14:49:09,12.0,-1
2026-08-04 14:49:09,12.03125,-1
2026-08-04 14:49:09,12.03125,-1
2026-08-04 14:49:09,12.046875,-1
2026-08-04 14:49:09,12.046875,-1
2026-08-04 14:49:09,12.203125,-1
2026-08-04 14:49:09,12.203125,-1
2026-08-04 14:49:09,12.9375,-1
2026-08-04 14:49:09,12.9375,-1
2026-08-04 14:49:09,12.796875,-1
2026-08-04 14:49:09,12.796875,-1
2026-08-04 14:49:09,13.015625,-1
2026-08-04 14:49:09,13.015625,-1
2026-08-04 14:49:10,13.15625,-1
2026-08-04 14:49:10,13.15625,-1
2026-08-04 14:49:10,13.03125,-1
2026-08-04 14:49:10,13.03125,-1
2026-08-04 14:49:10,13.0625,-1
2026-08-04 14:49:10,13.0625,-1
2026-08-04 14:49:10,13.125,-1
2026-08-04 14:49:10,13.125,-1
2026-08-04 14:49:10,13.0625,-1
2026-08-04 14:49:10,13.0625,-1
2026-08-04 14:49:10,13.140625,-1
2026-08-04 14:49:10,13.140625,-1
2026-08-04 14:49:10,13.078125,-1
2026-08-04 14:49:10,13.078125,-1
2026-08-04 14:49:10,13.1875,-1
2026-08-04 14:49:10,13.1875,-1
2026-08-04 14:49:10,12.96875,-1
2026-08-04 14:49:10,12.96875,-1
2026-08-04 14:49:10,12.75,-1
2026-08-04 14:49:10,12.75,-1
2026-08-04 14:49:11,12.765625,-1
2026-08-04 14:49:11,12.765625,-1
2026-08-04 14:49:11,13.0625,-1
2026-08-04 14:49:11,13.0625,-1
2026-08-04 14:49:11,13.265625,-1
2026-08-04 14:49:11,13.265625,-1
2026-08-04 14:49:11,13.0625,-1
2026-08-04 14:49:11,13.0625,-1
2026-08-04 14:49:11,13.125,-1
2026-08-04 14:49:11,13.125,-1
2026-08-04 14:49:11,12.953125,-1
2026-08-04 14:49:11,12.953125,-1
2026-08-04 14:49:11,12.875,-1
2026-08-04 14:49:11,12.875,-1
2026-08-04 14:49:11,12.96875,-1
2026-08-04 14:49:11,12.96875,-1
2026-08-04 14:49:11,12.90625,-1
2026-08-04 14:49:11,12.90625,-1
2026-08-04 14:49:11,12.78125,-1
2026-08-04 14:49:11,12.78125,-1
2026-08-04 14:49:12,13.046875,-1
2026-08-04 14:49:12,13.046875,-1
2026-08-04 14:49:12,12.859375,-1
2026-08-04 14:49:12,12.859375,-1
2026-08-04 14:49:12,13.046875,-1
2026-08-04 14:49:12,13.046875,-1
2026-08-04 14:49:12,13.171875,-1
2026-08-04 14:49:12,13.171875,-1
2026-08-04 14:49:12,13.1875,-1
2026-08-04 14:49:12,13.1875,-1
2026-08-04 14:49:12,13.015625,-1
2026-08-04 14:49:12,13.015625,-1
2026-08-04 14:49:12,12.9375,-1
2026-08-04 14:49:12,12.9375,-1
2026-08-04 14:49:12,13.171875,-1
2026-08-04 14:49:12,13.171875,-1
2026-08-04 14:49:12,12.9375,-1
2026-08-04 14:49:12,12.9375,-1
2026-08-04 14:49:12,13.21875,-1
2026-08-04 14:49:12,13.21875,-1
2026-08-04 14:49:13,13.078125,-1
2026-08-04 14:49:13,13.078125,-1
2026-08-04 14:49:13,13.03125,-1
2026-08-04 14:49:13,13.03125,-1
2026-08-04 14:49:13,13.265625,-1
2026-08-04 14:49:13,13.265625,-1
2026-08-04 14:49:13,12.796875,-1
2026-08-04 14:49:13,12.796875,-1
2026-08-04 14:49:13,12.8125,-1
2026-08-04 14:49:13,12.8125,-1
2026-08-04 14:49:13,13.0625,-1
2026-08-04 14:49:13,13.0625,-1
2026-08-04 14:49:13,13.0625,-1
2026-08-04 14:49:13,13.0625,-1
2026-08-04 14:49:13,13.25,-1
2026-08-04 14:49:13,13.25,-1
2026-08-04 14:49:13,13.078125,-1
2026-08-04 14:49:13,13.078125,-1
2026-08-04 14:49:13,13.1875,-1
2026-08-04 14:49:13,13.1875,-1
2026-08-04 14:49:14,13.3125,-1
2026-08-04 14:49:14,13.3125,-1
2026-08-04 14:49:14,13.0,-1
2026-08-04 14:49:14,13.0,-1
2026-08-04 14:49:14,13.171875,-1
2026-08-04 14:49:14,13.171875,-1
2026-08-04 14:49:14,13.234375,-1
2026-08-04 14:49:14,13.234375,-1
2026-08-04 14:49:14,13.078125,-1
2026-08-04 14:49:14,13.078125,-1
2026-08-04 14:49:14,13.109375,-1
2026-08-04 14:49:14,13.109375,-1
2026-08-04 14:49:14,13.0,-1
2026-08-04 14:49:14,13.0,-1
2026-08-04 14:49:14,12.875,-1
2026-08-04 14:49:14,12.875,-1
2026-08-04 14:49:14,13.109375,-1
2026-08-04 14:49:14,13.109375,-1
2026-08-04 14:49:14,12.9375,-1
2026-08-04 14:49:14,12.9375,-1
2026-08-04 14:49:15,13.171875,-1
2026-08-04 14:49:15,13.171875,-1
2026-08-04 14:49:15,12.875,-1
2026-08-04 14:49:15,12.875,-1
2026-08-04 14:49:15,12.90625,-1
2026-08-04 14:49:15,12.90625,-1
2026-08-04 14:49:15,13.15625,-1
2026-08-04 14:49:15,13.15625,-1
2026-08-04 14:49:15,13.09375,-1
2026-08-04 14:49:15,13.09375,-1
2026-08-04 14:49:15,13.03125,-1
2026-08-04 14:49:15,13.03125,-1
2026-08-04 14:49:15,13.1875,-1
2026-08-04 14:49:15,13.1875,-1
2026-08-04 14:49:15,13.015625,-1
2026-08-04 14:49:15,13.015625,-1
2026-08-04 14:49:15,13.15625,-1
2026-08-04 14:49:15,13.15625,-1
2026-08-04 14:49:15,13.0,-1
2026-08-04 14:49:15,13.0,-1
2026-08-04 14:49:16,13.203125,-1
2026-08-04 14:49:16,13.203125,-1
2026-08-04 14:49:16,13.171875,-1
2026-08-04 14:49:16,13.171875,-1
2026-08-04 14:49:16,13.0625,-1
2026-08-04 14:49:16,13.0625,-1
2026-08-04 14:49:16,13.1875,-1
2026-08-04 14:49:16,13.1875,-1
2026-08-04 14:49:16,13.203125,-1
2026-08-04 14:49:16,13.203125,-1
2026-08-04 14:49:16,13.25,-1
2026-08-04 14:49:16,13.25,-1
2026-08-04 14:49:16,13.125,-1
2026-08-04 14:49:16,13.125,-1
2026-08-04 14:49:16,12.96875,-1
2026-08-04 14:49:16,12.96875,-1
2026-08-04 14:49:16,13.234375,-1
2026-08-04 14:49:16,13.234375,-1
2026-08-04 14:49:16,13.109375,-1
2026-08-04 14:49:16,13.109375,-1
2026-08-04 14:49:17,13.203125,-1
2026-08-04 14:49:17,13.203125,-1
2026-08-04 14:49:17,13.359375,-1
2026-08-04 14:49:17,13.359375,-1
2026-08-04 14:49:17,13.21875,-1
2026-08-04 14:49:17,13.21875,-1
2026-08-04 14:49:17,13.0625,-1
2026-08-04 14:49:17,13.0625,-1
2026-08-04 14:49:17,13.09375,-1
2026-08-04 14:49:17,13.09375,-1
2026-08-04 14:49:17,12.96875,-1
2026-08-04 14:49:17,12.96875,-1
2026-08-04 14:49:17,13.203125,-1
2026-08-04 14:49:17,13.203125,-1
2026-08-04 14:49:17,13.0625,-1
2026-08-04 14:49:17,13.0625,-1
2026-08-04 14:49:17,13.203125,-1
2026-08-04 14:49:17,13.203125,-1
2026-08-04 14:49:17,13.1875,-1
2026-08-04 14:49:17,13.1875,-1
2026-08-04 14:49:18,13.9375,-1
2026-08-04 14:49:18,13.9375,-1
2026-08-04 14:49:18,13.875,-1
2026-08-04 14:49:18,13.875,-1
2026-08-04 14:49:18,13.84375,-1
2026-08-04 14:49:18,13.84375,-1
2026-08-04 14:49:18,14.515625,-1
2026-08-04 14:49:18,14.515625,-1
2026-08-04 14:49:18,14.421875,-1
2026-08-04 14:49:18,14.421875,-1
2026-08-04 14:49:18,14.421875,-1
2026-08-04 14:49:18,14.421875,-1
2026-08-04 14:49:18,14.578125,-1
2026-08-04 14:49:18,14.578125,-1
2026-08-04 14:49:18,15.234375,-1
2026-08-04 14:49:18,15.234375,-1
2026-08-04 14:49:18,15.34375,-1
2026-08-04 14:49:18,15.34375,-1
2026-08-04 14:49:18,15.359375,-1
2026-08-04 14:49:18,15.359375,-1
2026-08-04 14:49:19,15.4375,-1
2026-08-04 14:49:19,15.4375,-1
2026-08-04 14:49:19,15.515625,-1
2026-08-04 14:49:19,15.515625,-1
2026-08-04 14:49:19,15.609375,-1
2026-08-04 14:49:19,15.609375,-1
2026-08-04 14:49:19,15.671875,-1
2026-08-04 14:49:19,15.671875,-1
2026-08-04 14:49:19,15.484375,-1
2026-08-04 14:49:19,15.484375,-1
2026-08-04 14:49:19,15.5625,-1
2026-08-04 14:49:19,15.5625,-1
2026-08-04 14:49:19,15.671875,-1
2026-08-04 14:49:19,15.671875,-1
2026-08-04 14:49:19,15.453125,-1
2026-08-04 14:49:19,15.453125,-1
2026-08-04 14:49:19,15.953125,-1
2026-08-04 14:49:19,15.953125,-1
2026-08-04 14:49:19,15.921875,-1
2026-08-04 14:49:19,15.921875,-1
2026-08-04 14:49:20,15.859375,-1
2026-08-04 14:49:20,15.859375,-1
2026-08-04 14:49:20,16.34375,-1
2026-08-04 14:49:20,16.34375,-1
2026-08-04 14:49:20,16.25,-1
2026-08-04 14:49:20,16.25,-1
2026-08-04 14:49:20,16.3125,-1
2026-08-04 14:49:20,16.3125,-1
2026-08-04 14:49:20,16.09375,-1
2026-08-04 14:49:20,16.09375,-1
2026-08-04 14:49:20,15.984375,-1
2026-08-04 14:49:20,15.984375,-1
2026-08-04 14:49:20,15.96875,-1
2026-08-04 14:49:20,15.96875,-1
2026-08-04 14:49:20,16.0625,-1
2026-08-04 14:49:20,16.0625,-1
2026-08-04 14:49:20,16.265625,-1
2026-08-04 14:49:20,16.265625,-1
2026-08-04 14:49:20,16.390625,-1
2026-08-04 14:49:20,16.390625,-1
2026-08-04 14:49:21,16.265625,-1
2026-08-04 14:49:21,16.265625,-1
2026-08-04 14:49:21,16.234375,-1
2026-08-04 14:49:21,16.234375,-1
2026-08-04 14:49:21,16.46875,-1
2026-08-04 14:49:21,16.46875,-1
2026-08-04 14:49:21,16.4375,-1
2026-08-04 14:49:21,16.4375,-1
2026-08-04 14:49:21,16.578125,-1
2026-08-04 14:49:21,16.578125,-1
2026-08-04 14:49:21,16.53125,-1
2026-08-04 14:49:21,16.53125,-1
2026-08-04 14:49:21,16.59375,-1
2026-08-04 14:49:21,16.59375,-1
2026-08-04 14:49:21,16.609375,-1
2026-08-04 14:49:21,16.609375,-1
2026-08-04 14:49:21,16.625,-1
2026-08-04 14:49:21,16.625,-1
2026-08-04 14:49:21,16.421875,-1
2026-08-04 14:49:21,16.421875,-1
2026-08-04 14:49:22,16.46875,-1
2026-08-04 14:49:22,16.46875,-1
2026-08-04 14:49:22,16.515625,-1
2026-08-04 14:49:22,16.515625,-1
2026-08-04 14:49:22,16.765625,-1
2026-08-04 14:49:22,16.765625,-1
2026-08-04 14:49:22,16.703125,-1
2026-08-04 14:49:22,16.703125,-1
2026-08-04 14:49:22,16.671875,-1
2026-08-04 14:49:22,16.671875,-1
2026-08-04 14:49:22,16.828125,-1
2026-08-04 14:49:22,16.828125,-1
2026-08-04 14:49:22,16.78125,-1
2026-08-04 14:49:22,16.78125,-1
2026-08-04 14:49:22,16.734375,-1
2026-08-04 14:49:22,16.734375,-1
2026-08-04 14:49:22,16.734375,-1
2026-08-04 14:49:22,16.734375,-1
2026-08-04 14:49:22,16.625,-1
2026-08-04 14:49:22,16.625,-1
2026-08-04 14:49:23,16.875,-1
2026-08-04 14:49:23,16.875,-1
2026-08-04 14:49:23,16.875,-1
2026-08-04 14:49:23,16.875,-1
2026-08-04 14:49:23,16.875,-1
2026-08-04 14:49:23,16.875,-1
2026-08-04 14:49:23,17.0625,-1
2026-08-04 14:49:23,17.0625,-1
2026-08-04 14:49:23,17.0625,-1
2026-08-04 14:49:23,17.0625,-1
2026-08-04 14:49:23,17.03125,-1
2026-08-04 14:49:23,17.03125,-1
2026-08-04 14:49:23,17.0625,-1
2026-08-04 14:49:23,17.0625,-1
2026-08-04 14:49:23,17.046875,-1
2026-08-04 14:49:23,17.046875,-1
2026-08-04 14:49:23,17.046875,-1
2026-08-04 14:49:23,17.046875,-1
2026-08-04 14:49:23,17.03125,-1
2026-08-04 14:49:23,17.03125,-1
2026-08-04 14:49:24,17.328125,-1
2026-08-04 14:49:24,17.328125,-1
2026-08-04 14:49:24,17.265625,-1
2026-08-04 14:49:24,17.265625,-1
2026-08-04 14:49:24,17.390625,-1
2026-08-04 14:49:24,17.390625,-1
2026-08-04 14:49:24,17.453125,-1
2026-08-04 14:49:24,17.453125,-1
2026-08-04 14:49:24,17.34375,-1
2026-08-04 14:49:24,17.34375,-1
2026-08-04 14:49:24,17.359375,-1
2026-08-04 14:49:24,17.359375,-1
2026-08-04 14:49:24,17.359375,-1
2026-08-04 14:49:24,17.359375,-1
2026-08-04 14:49:24,17.3125,-1
2026-08-04 14:49:24,17.3125,-1
2026-08-04 14:49:24,17.328125,-1
2026-08-04 14:49:24,17.328125,-1
2026-08-04 14:49:24,17.3125,-1
2026-08-04 14:49:24,17.3125,-1
2026-08-04 14:49:25,17.328125,-1
2026-08-04 14:49:25,17.328125,-1
2026-08-04 14:49:25,17.421875,-1
2026-08-04 14:49:25,17.421875,-1
2026-08-04 14:49:25,17.390625,-1
2026-08-04 14:49:25,17.390625,-1
2026-08-04 14:49:25,17.296875,-1
2026-08-04 14:49:25,17.296875,-1
2026-08-04 14:49:25,17.296875,-1
2026-08-04 14:49:25,17.296875,-1
2026-08-04 14:49:25,17.109375,-1
2026-08-04 14:49:25,17.109375,-1
2026-08-04 14:49:25,17.1875,-1
2026-08-04 14:49:25,17.1875,-1
2026-08-04 14:49:25,17.296875,-1
2026-08-04 14:49:25,17.296875,-1
2026-08-04 14:49:25,17.46875,-1
2026-08-04 14:49:25,17.46875,-1
2026-08-04 14:49:25,17.53125,-1
2026-08-04 14:49:25,17.53125,-1
2026-08-04 14:49:26,17.546875,-1
2026-08-04 14:49:26,17.546875,-1
2026-08-04 14:49:26,17.578125,-1
2026-08-04 14:49:26,17.578125,-1
2026-08-04 14:49:26,17.390625,-1
2026-08-04 14:49:26,17.390625,-1
2026-08-04 14:49:26,17.5,-1
2026-08-04 14:49:26,17.5,-1
2026-08-04 14:49:26,17.46875,-1
2026-08-04 14:49:26,17.46875,-1
2026-08-04 14:49:26,18.078125,-1
2026-08-04 14:49:26,18.078125,-1
2026-08-04 14:49:26,18.078125,-1
2026-08-04 14:49:26,18.078125,-1
2026-08-04 14:49:26,18.0625,-1
2026-08-04 14:49:26,18.0625,-1
2026-08-04 14:49:26,18.125,-1
2026-08-04 14:49:26,18.125,-1
2026-08-04 14:49:26,18.625,-1
2026-08-04 14:49:26,18.625,-1
2026-08-04 14:49:27,18.65625,-1
2026-08-04 14:49:27,18.65625,-1
2026-08-04 14:49:27,18.75,-1
2026-08-04 14:49:27,18.75,-1
2026-08-04 14:49:27,19.296875,-1
2026-08-04 14:49:27,19.296875,-1
2026-08-04 14:49:27,19.390625,-1
2026-08-04 14:49:27,19.390625,-1
2026-08-04 14:49:27,19.40625,-1
2026-08-04 14:49:27,19.40625,-1
2026-08-04 14:49:27,19.46875,-1
2026-08-04 14:49:27,19.46875,-1
2026-08-04 14:49:27,19.828125,-1
2026-08-04 14:49:27,19.828125,-1
2026-08-04 14:49:27,19.828125,-1
2026-08-04 14:49:27,19.828125,-1
2026-08-04 14:49:27,19.84375,-1
2026-08-04 14:49:27,19.84375,-1
2026-08-04 14:49:27,20.546875,-1
2026-08-04 14:49:27,20.546875,-1
2026-08-04 14:49:28,20.53125,-1
2026-08-04 14:49:28,20.53125,-1
2026-08-04 14:49:28,20.546875,-1
2026-08-04 14:49:28,20.546875,-1
2026-08-04 14:49:28,20.578125,-1
2026-08-04 14:49:28,20.578125,-1
2026-08-04 14:49:28,21.046875,-1
2026-08-04 14:49:28,21.046875,-1
2026-08-04 14:49:28,21.0,-1
2026-08-04 14:49:28,21.0,-1
2026-08-04 14:49:28,21.125,-1
2026-08-04 14:49:28,21.125,-1
2026-08-04 14:49:28,21.46875,-1
2026-08-04 14:49:28,21.46875,-1
2026-08-04 14:49:28,21.453125,-1
2026-08-04 14:49:28,21.453125,-1
2026-08-04 14:49:28,21.484375,-1
2026-08-04 14:49:28,21.484375,-1
2026-08-04 14:49:28,21.5,-1
2026-08-04 14:49:28,21.5,-1
2026-08-04 14:49:29,22.328125,-1
2026-08-04 14:49:29,22.328125,-1
2026-08-04 14:49:29,22.40625,-1
2026-08-04 14:49:29,22.40625,-1
2026-08-04 14:49:29,22.375,-1
2026-08-04 14:49:29,22.375,-1
2026-08-04 14:49:29,22.4375,-1
2026-08-04 14:49:29,22.4375,-1
2026-08-04 14:49:29,22.59375,-1
2026-08-04 14:49:29,22.59375,-1
2026-08-04 14:49:29,22.578125,-1
2026-08-04 14:49:29,22.578125,-1
2026-08-04 14:49:29,22.734375,-1
2026-08-04 14:49:29,22.734375,-1
2026-08-04 14:49:29,23.171875,-1
2026-08-04 14:49:29,23.171875,-1
2026-08-04 14:49:29,23.234375,-1
2026-08-04 14:49:29,23.234375,-1
2026-08-04 14:49:29,23.140625,-1
2026-08-04 14:49:29,23.140625,-1
2026-08-04 14:49:30,23.046875,-1
2026-08-04 14:49:30,23.046875,-1
2026-08-04 14:49:30,22.921875,-1
2026-08-04 14:49:30,22.921875,-1
2026-08-04 14:49:30,22.875,-1
2026-08-04 14:49:30,22.875,-1
2026-08-04 14:49:30,22.8125,-1
2026-08-04 14:49:30,22.8125,-1
2026-08-04 14:49:30,21.734375,-1
2026-08-04 14:49:30,21.734375,-1
2026-08-04 14:49:30,22.21875,-1
2026-08-04 14:49:30,22.21875,-1
2026-08-04 14:49:30,22.296875,-1
2026-08-04 14:49:30,22.296875,-1
2026-08-04 14:49:30,22.609375,-1
2026-08-04 14:49:30,22.609375,-1
2026-08-04 14:49:30,20.953125,-1
2026-08-04 14:49:30,20.953125,-1
2026-08-04 14:49:30,20.609375,-1
2026-08-04 14:49:30,20.609375,-1
2026-08-04 14:49:31,20.625,-1
2026-08-04 14:49:31,20.625,-1
2026-08-04 14:49:31,21.078125,-1
2026-08-04 14:49:31,21.078125,-1
2026-08-04 14:49:31,20.921875,-1
2026-08-04 14:49:31,20.921875,-1
2026-08-04 14:49:31,20.546875,-1
2026-08-04 14:49:31,20.546875,-1
2026-08-04 14:49:31,20.328125,-1
2026-08-04 14:49:31,20.328125,-1
2026-08-04 14:49:31,19.125,-1
2026-08-04 14:49:31,19.125,-1
2026-08-04 14:49:31,19.25,-1
2026-08-04 14:49:31,19.25,-1
2026-08-04 14:49:31,19.5,-1
2026-08-04 14:49:31,19.5,-1
2026-08-04 14:49:31,19.296875,-1
2026-08-04 14:49:31,19.296875,-1
2026-08-04 14:49:31,19.21875,-1
2026-08-04 14:49:31,19.21875,-1
2026-08-04 14:49:32,19.171875,-1
2026-08-04 14:49:32,19.171875,-1
2026-08-04 14:49:32,19.03125,-1
2026-08-04 14:49:32,19.03125,-1
2026-08-04 14:49:32,19.015625,-1
2026-08-04 14:49:32,19.015625,-1
2026-08-04 14:49:32,18.984375,-1
2026-08-04 14:49:32,18.984375,-1
2026-08-04 14:49:32,18.796875,-1
2026-08-04 14:49:32,18.796875,-1
2026-08-04 14:49:32,17.40625,-1
2026-08-04 14:49:32,17.40625,-1
2026-08-04 14:49:32,17.3125,-1
2026-08-04 14:49:32,17.3125,-1
2026-08-04 14:49:32,17.3125,-1
2026-08-04 14:49:32,17.3125,-1
2026-08-04 14:49:32,17.234375,-1
2026-08-04 14:49:32,17.234375,-1
2026-08-04 14:49:32,16.734375,-1
2026-08-04 14:49:32,16.734375,-1
2026-08-04 14:49:33,16.6875,-1
2026-08-04 14:49:33,16.6875,-1
2026-08-04 14:49:33,16.625,-1
2026-08-04 14:49:33,16.625,-1
2026-08-04 14:49:33,15.71875,-1
2026-08-04 14:49:33,15.71875,-1
2026-08-04 14:49:33,15.6875,-1
2026-08-04 14:49:33,15.6875,-1
2026-08-04 14:49:33,15.59375,-1
2026-08-04 14:49:33,15.59375,-1
2026-08-04 14:49:33,15.484375,-1
2026-08-04 14:49:33,15.484375,-1
2026-08-04 14:49:33,14.703125,-1
2026-08-04 14:49:33,14.703125,-1
2026-08-04 14:49:33,14.65625,-1
2026-08-04 14:49:33,14.65625,-1
2026-08-04 14:49:33,14.625,-1
2026-08-04 14:49:33,14.625,-1
2026-08-04 14:49:33,13.984375,-1
2026-08-04 14:49:33,13.984375,-1
2026-08-04 14:49:34,13.921875,-1
2026-08-04 14:49:34,13.921875,-1
2026-08-04 14:49:34,13.921875,-1
2026-08-04 14:49:34,13.921875,-1
2026-08-04 14:49:34,13.859375,-1
2026-08-04 14:49:34,13.859375,-1
2026-08-04 14:49:34,13.203125,-1
2026-08-04 14:49:34,13.203125,-1
2026-08-04 14:49:34,13.25,-1
2026-08-04 14:49:34,13.25,-1
2026-08-04 14:49:34,13.25,-1
2026-08-04 14:49:34,13.25,-1
2026-08-04 14:49:34,13.140625,-1
2026-08-04 14:49:34,13.140625,-1
2026-08-04 14:49:34,12.609375,-1
2026-08-04 14:49:34,12.609375,-1
2026-08-04 14:49:34,12.609375,-1
2026-08-04 14:49:34,12.609375,-1
2026-08-04 14:49:34,12.5,-1
2026-08-04 14:49:34,12.5,-1
2026-08-04 14:49:35,12.515625,-1
2026-08-04 14:49:35,12.515625,-1
2026-08-04 14:49:35,12.515625,-1
2026-08-04 14:49:35,12.515625,-1
2026-08-04 14:49:35,12.515625,-1
2026-08-04 14:49:35,12.515625,-1
2026-08-04 14:49:35,12.4375,-1
2026-08-04 14:49:35,12.4375,-1
2026-08-04 14:49:35,11.90625,-1
2026-08-04 14:49:35,11.90625,-1
2026-08-04 14:49:35,11.921875,-1
2026-08-04 14:49:35,11.921875,-1
2026-08-04 14:49:35,11.828125,-1
2026-08-04 14:49:35,11.828125,-1
2026-08-04 14:49:35,11.671875,-1
2026-08-04 14:49:35,11.671875,-1
2026-08-04 14:49:35,11.765625,-1
2026-08-04 14:49:35,11.765625,-1
2026-08-04 14:49:35,11.84375,-1
2026-08-04 14:49:35,11.84375,-1
2026-08-04 14:49:36,11.84375,-1
2026-08-04 14:49:36,11.84375,-1
2026-08-04 14:49:36,11.46875,-1
2026-08-04 14:49:36,11.46875,-1
2026-08-04 14:49:36,11.484375,-1
2026-08-04 14:49:36,11.484375,-1
2026-08-04 14:49:36,11.484375,-1
2026-08-04 14:49:36,11.484375,-1
2026-08-04 14:49:36,11.375,-1
2026-08-04 14:49:36,11.375,-1
2026-08-04 14:49:36,11.34375,-1
2026-08-04 14:49:36,11.34375,-1
2026-08-04 14:49:36,11.203125,-1
2026-08-04 14:49:36,11.203125,-1
2026-08-04 14:49:36,11.046875,-1
2026-08-04 14:49:36,11.046875,-1
2026-08-04 14:49:36,10.828125,-1
2026-08-04 14:49:36,10.828125,-1
2026-08-04 14:49:36,10.59375,-1
2026-08-04 14:49:36,10.59375,-1
2026-08-04 14:49:37,10.53125,-1
2026-08-04 14:49:37,10.53125,-1
2026-08-04 14:49:37,10.5,-1
2026-08-04 14:49:37,10.5,-1
2026-08-04 14:49:37,10.4375,-1
2026-08-04 14:49:37,10.4375,-1
2026-08-04 14:49:37,10.34375,-1
2026-08-04 14:49:37,10.34375,-1
2026-08-04 14:49:37,10.375,-1
2026-08-04 14:49:37,10.375,-1
2026-08-04 14:49:37,10.890625,-1
2026-08-04 14:49:37,10.890625,-1
2026-08-04 14:49:37,10.953125,-1
2026-08-04 14:49:37,10.953125,-1
2026-08-04 14:49:37,10.984375,-1
2026-08-04 14:49:37,10.984375,-1
2026-08-04 14:49:37,11.046875,-1
2026-08-04 14:49:37,11.046875,-1
2026-08-04 14:49:37,11.390625,-1
2026-08-04 14:49:37,11.390625,-1
2026-08-04 14:49:38,11.203125,-1
2026-08-04 14:49:38,11.203125,-1
2026-08-04 14:49:38,11.09375,-1
2026-08-04 14:49:38,11.09375,-1
2026-08-04 14:49:38,11.671875,-1
2026-08-04 14:49:38,11.671875,-1
2026-08-04 14:49:38,11.890625,-1
2026-08-04 14:49:38,11.890625,-1
2026-08-04 14:49:38,12.125,-1
2026-08-04 14:49:38,12.125,-1
2026-08-04 14:49:38,12.359375,-1
2026-08-04 14:49:38,12.359375,-1
2026-08-04 14:49:38,13.703125,-1
2026-08-04 14:49:38,13.703125,-1
2026-08-04 14:49:38,13.8125,-1
2026-08-04 14:49:38,13.8125,-1
2026-08-04 14:49:38,13.75,-1
2026-08-04 14:49:38,13.75,-1
2026-08-04 14:49:38,14.296875,-1
2026-08-04 14:49:38,14.296875,-1
2026-08-04 14:49:39,14.421875,-1
2026-08-04 14:49:39,14.421875,-1
2026-08-04 14:49:39,14.578125,-1
2026-08-04 14:49:39,14.578125,-1
2026-08-04 14:49:39,14.734375,-1
2026-08-04 14:49:39,14.734375,-1
2026-08-04 14:49:39,15.078125,-1
2026-08-04 14:49:39,15.078125,-1
2026-08-04 14:49:39,15.015625,-1
2026-08-04 14:49:39,15.015625,-1
2026-08-04 14:49:39,15.0625,-1
2026-08-04 14:49:39,15.0625,-1
2026-08-04 14:49:39,15.125,-1
2026-08-04 14:49:39,15.125,-1
2026-08-04 14:49:39,15.0625,-1
2026-08-04 14:49:39,15.0625,-1
2026-08-04 14:49:39,15.25,-1
2026-08-04 14:49:39,15.25,-1
2026-08-04 14:49:39,15.25,-1
2026-08-04 14:49:39,15.25,-1
2026-08-04 14:49:40,15.140625,-1
2026-08-04 14:49:40,15.140625,-1
2026-08-04 14:49:40,15.3125,-1
2026-08-04 14:49:40,15.3125,-1
2026-08-04 14:49:40,15.375,-1
2026-08-04 14:49:40,15.375,-1
2026-08-04 14:49:40,15.09375,-1
2026-08-04 14:49:40,15.09375,-1
2026-08-04 14:49:40,15.1875,-1
2026-08-04 14:49:40,15.1875,-1
2026-08-04 14:49:40,15.0625,-1
2026-08-04 14:49:40,15.0625,-1
2026-08-04 14:49:40,15.109375,-1
2026-08-04 14:49:40,15.109375,-1
2026-08-04 14:49:40,15.34375,-1
2026-08-04 14:49:40,15.34375,-1
2026-08-04 14:49:40,15.21875,-1
2026-08-04 14:49:40,15.21875,-1
2026-08-04 14:49:40,15.140625,-1
2026-08-04 14:49:40,15.140625,-1
2026-08-04 14:49:41,15.375,-1
2026-08-04 14:49:41,15.375,-1
2026-08-04 14:49:41,15.25,-1
2026-08-04 14:49:41,15.25,-1
2026-08-04 14:49:41,15.1875,-1
2026-08-04 14:49:41,15.1875,-1
2026-08-04 14:49:41,15.34375,-1
2026-08-04 14:49:41,15.34375,-1
2026-08-04 14:49:41,13.765625,-1
2026-08-04 14:49:41,13.765625,-1
2026-08-04 14:49:41,13.921875,-1
2026-08-04 14:49:41,13.921875,-1
2026-08-04 14:49:41,14.046875,-1
2026-08-04 14:49:41,14.046875,-1
2026-08-04 14:49:41,14.125,-1
2026-08-04 14:49:41,14.125,-1
2026-08-04 14:49:41,14.484375,-1
2026-08-04 14:49:41,14.484375,-1
2026-08-04 14:49:41,14.40625,-1
2026-08-04 14:49:41,14.40625,-1
2026-08-04 14:49:42,14.265625,-1
2026-08-04 14:49:42,14.265625,-1
2026-08-04 14:49:42,13.453125,-1
2026-08-04 14:49:42,13.453125,-1
2026-08-04 14:49:42,13.15625,-1
2026-08-04 14:49:42,13.15625,-1
2026-08-04 14:49:42,13.125,-1
2026-08-04 14:49:42,13.125,-1
2026-08-04 14:49:42,13.296875,-1
2026-08-04 14:49:42,13.296875,-1
2026-08-04 14:49:42,13.0,-1
2026-08-04 14:49:42,13.0,-1
2026-08-04 14:49:42,13.046875,-1
2026-08-04 14:49:42,13.046875,-1
2026-08-04 14:49:42,12.96875,-1
2026-08-04 14:49:42,12.96875,-1
2026-08-04 14:49:42,12.96875,-1
2026-08-04 14:49:42,12.96875,-1
2026-08-04 14:49:42,12.875,-1
2026-08-04 14:49:42,12.875,-1
2026-08-04 14:49:43,12.875,-1
2026-08-04 14:49:43,12.875,-1
2026-08-04 14:49:43,12.84375,-1
2026-08-04 14:49:43,12.84375,-1
2026-08-04 14:49:43,12.796875,-1
2026-08-04 14:49:43,12.796875,-1
2026-08-04 14:49:43,12.75,-1
2026-08-04 14:49:43,12.75,-1
2026-08-04 14:49:43,12.75,-1
2026-08-04 14:49:43,12.75,-1
2026-08-04 14:49:43,12.8125,-1
2026-08-04 14:49:43,12.8125,-1
2026-08-04 14:49:43,12.796875,-1
2026-08-04 14:49:43,12.796875,-1
2026-08-04 14:49:43,12.75,-1
2026-08-04 14:49:43,12.75,-1
2026-08-04 14:49:43,12.78125,-1
2026-08-04 14:49:43,12.78125,-1
2026-08-04 14:49:43,12.578125,-1
2026-08-04 14:49:43,12.578125,-1
2026-08-04 14:49:44,12.515625,-1
2026-08-04 14:49:44,12.515625,-1
2026-08-04 14:49:44,12.484375,-1
2026-08-04 14:49:44,12.484375,-1
2026-08-04 14:49:44,12.359375,-1
2026-08-04 14:49:44,12.359375,-1
2026-08-04 14:49:44,12.765625,-1
2026-08-04 14:49:44,12.765625,-1
2026-08-04 14:49:44,12.78125,-1
2026-08-04 14:49:44,12.78125,-1
2026-08-04 14:49:44,12.75,-1
2026-08-04 14:49:44,12.75,-1
2026-08-04 14:49:44,12.71875,-1
2026-08-04 14:49:44,12.71875,-1
2026-08-04 14:49:44,12.734375,-1
2026-08-04 14:49:44,12.734375,-1
2026-08-04 14:49:44,12.765625,-1
2026-08-04 14:49:44,12.765625,-1
2026-08-04 14:49:44,12.765625,-1
2026-08-04 14:49:44,12.765625,-1
2026-08-04 14:49:45,12.765625,-1
2026-08-04 14:49:45,12.765625,-1
2026-08-04 14:49:45,12.625,-1
2026-08-04 14:49:45,12.625,-1
2026-08-04 14:49:45,12.78125,-1
2026-08-04 14:49:45,12.78125,-1
2026-08-04 14:49:45,12.53125,-1
2026-08-04 14:49:45,12.53125,-1
2026-08-04 14:49:45,12.4375,-1
2026-08-04 14:49:45,12.4375,-1
2026-08-04 14:49:45,12.46875,-1
2026-08-04 14:49:45,12.46875,-1
2026-08-04 14:49:45,12.53125,-1
2026-08-04 14:49:45,12.53125,-1
2026-08-04 14:49:45,12.65625,-1
2026-08-04 14:49:45,12.65625,-1
2026-08-04 14:49:45,12.625,-1
2026-08-04 14:49:45,12.625,-1
2026-08-04 14:49:45,12.625,-1
2026-08-04 14:49:45,12.625,-1
2026-08-04 14:49:46,12.5625,-1
2026-08-04 14:49:46,12.5625,-1
2026-08-04 14:49:46,12.453125,-1
2026-08-04 14:49:46,12.453125,-1
2026-08-04 14:49:46,12.375,-1
2026-08-04 14:49:46,12.375,-1
2026-08-04 14:49:46,12.3125,-1
2026-08-04 14:49:46,12.3125,-1
2026-08-04 14:49:46,12.359375,-1
2026-08-04 14:49:46,12.359375,-1
2026-08-04 14:49:46,12.4375,-1
2026-08-04 14:49:46,12.4375,-1
2026-08-04 14:49:46,12.40625,-1
2026-08-04 14:49:46,12.40625,-1
2026-08-04 14:49:46,12.375,-1
2026-08-04 14:49:46,12.375,-1
2026-08-04 14:49:46,12.390625,-1
2026-08-04 14:49:46,12.390625,-1
2026-08-04 14:49:46,12.40625,-1
2026-08-04 14:49:46,12.40625,-1
2026-08-04 14:49:47,12.40625,-1
2026-08-04 14:49:47,12.40625,-1
2026-08-04 14:49:47,12.28125,-1
2026-08-04 14:49:47,12.28125,-1
2026-08-04 14:49:47,12.28125,-1
2026-08-04 14:49:47,12.28125,-1
2026-08-04 14:49:47,12.28125,-1
2026-08-04 14:49:47,12.28125,-1
2026-08-04 14:49:47,12.234375,-1
2026-08-04 14:49:47,12.234375,-1
2026-08-04 14:49:47,12.140625,-1
2026-08-04 14:49:47,12.140625,-1
2026-08-04 14:49:47,12.109375,-1
2026-08-04 14:49:47,12.109375,-1
2026-08-04 14:49:47,12.109375,-1
2026-08-04 14:49:47,12.109375,-1
2026-08-04 14:49:47,12.109375,-1
2026-08-04 14:49:47,12.109375,-1
2026-08-04 14:49:47,12.03125,-1
2026-08-04 14:49:47,12.03125,-1
2026-08-04 14:49:48,12.078125,-1
2026-08-04 14:49:48,12.078125,-1
2026-08-04 14:49:48,12.125,-1
2026-08-04 14:49:48,12.125,-1
2026-08-04 14:49:48,11.984375,-1
2026-08-04 14:49:48,11.984375,-1
2026-08-04 14:49:48,12.0,-1
2026-08-04 14:49:48,12.0,-1
2026-08-04 14:49:48,11.984375,-1
2026-08-04 14:49:48,11.984375,-1
2026-08-04 14:49:48,11.890625,-1
2026-08-04 14:49:48,11.890625,-1
2026-08-04 14:49:48,11.921875,-1
2026-08-04 14:49:48,11.921875,-1
2026-08-04 14:49:48,11.921875,-1
2026-08-04 14:49:48,11.921875,-1
2026-08-04 14:49:48,12.0625,-1
2026-08-04 14:49:48,12.0625,-1
2026-08-04 14:49:48,11.921875,-1
2026-08-04 14:49:48,11.921875,-1
2026-08-04 14:49:49,11.90625,-1
2026-08-04 14:49:49,11.90625,-1
2026-08-04 14:49:49,11.828125,-1
2026-08-04 14:49:49,11.828125,-1
2026-08-04 14:49:49,11.796875,-1
2026-08-04 14:49:49,11.796875,-1
2026-08-04 14:49:49,11.78125,-1
2026-08-04 14:49:49,11.78125,-1
2026-08-04 14:49:49,11.71875,-1
2026-08-04 14:49:49,11.71875,-1
2026-08-04 14:49:49,11.71875,-1
2026-08-04 14:49:49,11.71875,-1
2026-08-04 14:49:49,11.796875,-1
2026-08-04 14:49:49,11.796875,-1
2026-08-04 14:49:49,11.828125,-1
2026-08-04 14:49:49,11.828125,-1
2026-08-04 14:49:49,11.84375,-1
2026-08-04 14:49:49,11.84375,-1
2026-08-04 14:49:49,11.828125,-1
2026-08-04 14:49:49,11.828125,-1
2026-08-04 14:49:50,11.609375,-1
2026-08-04 14:49:50,11.609375,-1
2026-08-04 14:49:50,11.578125,-1
2026-08-04 14:49:50,11.578125,-1
2026-08-04 14:49:50,11.53125,-1
2026-08-04 14:49:50,11.53125,-1
2026-08-04 14:49:50,12.078125,-1
2026-08-04 14:49:50,12.078125,-1
2026-08-04 14:49:50,11.9375,-1
2026-08-04 14:49:50,11.9375,-1
2026-08-04 14:49:50,11.828125,-1
2026-08-04 14:49:50,11.828125,-1
2026-08-04 14:49:50,11.671875,-1
2026-08-04 14:49:50,11.671875,-1
2026-08-04 14:49:50,12.34375,-1
2026-08-04 14:49:50,12.34375,-1
2026-08-04 14:49:50,12.4375,-1
2026-08-04 14:49:50,12.4375,-1
2026-08-04 14:49:50,12.640625,-1
2026-08-04 14:49:50,12.640625,-1
2026-08-04 14:49:51,12.859375,-1
2026-08-04 14:49:51,12.859375,-1
2026-08-04 14:49:51,12.953125,-1
2026-08-04 14:49:51,12.953125,-1
2026-08-04 14:49:51,12.90625,-1
2026-08-04 14:49:51,12.90625,-1
2026-08-04 14:49:51,12.9375,-1
2026-08-04 14:49:51,12.9375,-1
2026-08-04 14:49:51,13.515625,-1
2026-08-04 14:49:51,13.515625,-1
2026-08-04 14:49:51,13.421875,-1
2026-08-04 14:49:51,13.421875,-1
2026-08-04 14:49:51,13.453125,-1
2026-08-04 14:49:51,13.453125,-1
2026-08-04 14:49:51,13.359375,-1
2026-08-04 14:49:51,13.359375,-1
2026-08-04 14:49:51,13.703125,-1
2026-08-04 14:49:51,13.703125,-1
2026-08-04 14:49:51,13.609375,-1
2026-08-04 14:49:51,13.609375,-1
2026-08-04 14:49:52,13.671875,-1
2026-08-04 14:49:52,13.671875,-1
2026-08-04 14:49:52,14.0,-1
2026-08-04 14:49:52,14.0,-1
2026-08-04 14:49:52,14.140625,-1
2026-08-04 14:49:52,14.140625,-1
2026-08-04 14:49:52,14.3125,-1
2026-08-04 14:49:52,14.3125,-1
2026-08-04 14:49:52,14.296875,-1
2026-08-04 14:49:52,14.296875,-1
2026-08-04 14:49:52,14.828125,-1
2026-08-04 14:49:52,14.828125,-1
2026-08-04 14:49:52,14.8125,-1
2026-08-04 14:49:52,14.8125,-1
2026-08-04 14:49:52,14.828125,-1
2026-08-04 14:49:52,14.828125,-1
2026-08-04 14:49:52,15.21875,-1
2026-08-04 14:49:52,15.21875,-1
2026-08-04 14:49:52,15.203125,-1
2026-08-04 14:49:52,15.203125,-1
2026-08-04 14:49:53,15.171875,-1
2026-08-04 14:49:53,15.171875,-1
2026-08-04 14:49:53,15.203125,-1
2026-08-04 14:49:53,15.203125,-1
2026-08-04 14:49:53,15.1875,-1
2026-08-04 14:49:53,15.1875,-1
2026-08-04 14:49:53,15.203125,-1
2026-08-04 14:49:53,15.203125,-1
2026-08-04 14:49:53,15.25,-1
2026-08-04 14:49:53,15.25,-1
2026-08-04 14:49:53,15.15625,-1
2026-08-04 14:49:53,15.15625,-1
2026-08-04 14:49:53,15.703125,-1
2026-08-04 14:49:53,15.703125,-1
2026-08-04 14:49:53,15.796875,-1
2026-08-04 14:49:53,15.796875,-1
2026-08-04 14:49:53,15.796875,-1
2026-08-04 14:49:53,15.796875,-1
2026-08-04 14:49:53,15.90625,-1
2026-08-04 14:49:53,15.90625,-1
2026-08-04 14:49:54,15.859375,-1
2026-08-04 14:49:54,15.859375,-1
2026-08-04 14:49:54,15.984375,-1
2026-08-04 14:49:54,15.984375,-1
2026-08-04 14:49:54,15.859375,-1
2026-08-04 14:49:54,15.859375,-1
2026-08-04 14:49:54,16.1875,-1
2026-08-04 14:49:54,16.1875,-1
2026-08-04 14:49:54,16.109375,-1
2026-08-04 14:49:54,16.109375,-1
2026-08-04 14:49:54,16.25,-1
2026-08-04 14:49:54,16.25,-1
2026-08-04 14:49:54,16.390625,-1
2026-08-04 14:49:54,16.390625,-1
2026-08-04 14:49:54,16.359375,-1
2026-08-04 14:49:54,16.359375,-1
2026-08-04 14:49:54,16.328125,-1
2026-08-04 14:49:54,16.328125,-1
2026-08-04 14:49:54,16.4375,-1
2026-08-04 14:49:54,16.4375,-1
2026-08-04 14:49:55,16.78125,-1
2026-08-04 14:49:55,16.78125,-1
2026-08-04 14:49:55,16.828125,-1
2026-08-04 14:49:55,16.828125,-1
2026-08-04 14:49:55,16.796875,-1
2026-08-04 14:49:55,16.796875,-1
2026-08-04 14:49:55,16.90625,-1
2026-08-04 14:49:55,16.90625,-1
2026-08-04 14:49:55,16.4375,-1
2026-08-04 14:49:55,16.4375,-1
2026-08-04 14:49:55,16.296875,-1
2026-08-04 14:49:55,16.296875,-1
2026-08-04 14:49:55,16.125,-1
2026-08-04 14:49:55,16.125,-1
2026-08-04 14:49:55,16.015625,-1
2026-08-04 14:49:55,16.015625,-1
2026-08-04 14:49:55,16.109375,-1
2026-08-04 14:49:55,16.109375,-1
2026-08-04 14:49:55,16.1875,-1
2026-08-04 14:49:55,16.1875,-1
2026-08-04 14:49:56,16.109375,-1
2026-08-04 14:49:56,16.109375,-1
2026-08-04 14:49:56,16.78125,-1
2026-08-04 14:49:56,16.78125,-1
2026-08-04 14:49:56,16.84375,-1
2026-08-04 14:49:56,16.84375,-1
2026-08-04 14:49:56,16.59375,-1
2026-08-04 14:49:56,16.59375,-1
2026-08-04 14:49:56,15.609375,-1
2026-08-04 14:49:56,15.609375,-1
2026-08-04 14:49:56,15.5,-1
2026-08-04 14:49:56,15.5,-1
2026-08-04 14:49:56,15.515625,-1
2026-08-04 14:49:56,15.515625,-1
2026-08-04 14:49:56,15.609375,-1
2026-08-04 14:49:56,15.609375,-1
2026-08-04 14:49:56,15.3125,-1
2026-08-04 14:49:56,15.3125,-1
2026-08-04 14:49:56,15.359375,-1
2026-08-04 14:49:56,15.359375,-1
2026-08-04 14:49:57,15.34375,-1
2026-08-04 14:49:57,15.34375,-1
2026-08-04 14:49:57,15.203125,-1
2026-08-04 14:49:57,15.203125,-1
2026-08-04 14:49:57,14.734375,-1
2026-08-04 14:49:57,14.734375,-1
2026-08-04 14:49:57,14.640625,-1
2026-08-04 14:49:57,14.640625,-1
2026-08-04 14:49:57,14.5625,-1
2026-08-04 14:49:57,14.5625,-1
2026-08-04 14:49:57,14.203125,-1
2026-08-04 14:49:57,14.203125,-1
2026-08-04 14:49:57,14.359375,-1
2026-08-04 14:49:57,14.359375,-1
2026-08-04 14:49:57,14.390625,-1
2026-08-04 14:49:57,14.390625,-1
2026-08-04 14:49:57,13.9375,-1
2026-08-04 14:49:57,13.9375,-1
2026-08-04 14:49:57,13.78125,-1
2026-08-04 14:49:57,13.78125,-1
2026-08-04 14:49:58,13.84375,-1
2026-08-04 14:49:58,13.84375,-1
2026-08-04 14:49:58,13.796875,-1
2026-08-04 14:49:58,13.796875,-1
2026-08-04 14:49:58,13.015625,-1
2026-08-04 14:49:58,13.015625,-1
2026-08-04 14:49:58,13.015625,-1
2026-08-04 14:49:58,13.015625,-1
2026-08-04 14:49:58,13.296875,-1
2026-08-04 14:49:58,13.296875,-1
2026-08-04 14:49:58,13.296875,-1
2026-08-04 14:49:58,13.296875,-1
2026-08-04 14:49:58,13.3125,-1
2026-08-04 14:49:58,13.3125,-1
2026-08-04 14:49:58,13.265625,-1
2026-08-04 14:49:58,13.265625,-1
2026-08-04 14:49:58,13.265625,-1
2026-08-04 14:49:58,13.265625,-1
2026-08-04 14:49:58,13.40625,-1
2026-08-04 14:49:58,13.40625,-1
2026-08-04 14:49:59,13.265625,-1
2026-08-04 14:49:59,13.265625,-1
2026-08-04 14:49:59,13.34375,-1
2026-08-04 14:49:59,13.34375,-1
2026-08-04 14:49:59,13.28125,-1
2026-08-04 14:49:59,13.28125,-1
2026-08-04 14:49:59,13.015625,-1
2026-08-04 14:49:59,13.015625,-1
2026-08-04 14:49:59,12.90625,-1
2026-08-04 14:49:59,12.90625,-1
2026-08-04 14:49:59,13.109375,-1
2026-08-04 14:49:59,13.109375,-1
2026-08-04 14:49:59,12.90625,-1
2026-08-04 14:49:59,12.90625,-1
2026-08-04 14:49:59,12.90625,-1
2026-08-04 14:49:59,12.90625,-1
2026-08-04 14:49:59,12.890625,-1
2026-08-04 14:49:59,12.890625,-1
2026-08-04 14:49:59,12.828125,-1
2026-08-04 14:49:59,12.828125,-1
2026-08-04 14:50:00,12.953125,-1
2026-08-04 14:50:00,12.953125,-1
2026-08-04 14:50:00,13.0,-1
2026-08-04 14:50:00,13.0,-1
2026-08-04 14:50:00,12.984375,-1
2026-08-04 14:50:00,12.984375,-1
2026-08-04 14:50:00,13.046875,-1
2026-08-04 14:50:00,13.046875,-1
2026-08-04 14:50:00,12.828125,-1
2026-08-04 14:50:00,12.828125,-1
2026-08-04 14:50:00,12.859375,-1
2026-08-04 14:50:00,12.859375,-1
2026-08-04 14:50:00,13.03125,-1
2026-08-04 14:50:00,13.03125,-1
2026-08-04 14:50:00,12.9375,-1
2026-08-04 14:50:00,12.9375,-1
2026-08-04 14:50:00,13.15625,-1
2026-08-04 14:50:00,13.15625,-1
2026-08-04 14:50:00,13.03125,-1
2026-08-04 14:50:00,13.03125,-1
2026-08-04 14:50:01,13.015625,-1
2026-08-04 14:50:01,13.015625,-1
2026-08-04 14:50:01,13.0,-1
2026-08-04 14:50:01,13.0,-1
2026-08-04 14:50:01,12.859375,-1
2026-08-04 14:50:01,12.859375,-1
2026-08-04 14:50:01,13.109375,-1
2026-08-04 14:50:01,13.109375,-1
2026-08-04 14:50:01,12.75,-1
2026-08-04 14:50:01,12.75,-1
2026-08-04 14:50:01,12.8125,-1
2026-08-04 14:50:01,12.8125,-1
2026-08-04 14:50:01,12.828125,-1
2026-08-04 14:50:01,12.828125,-1
2026-08-04 14:50:01,12.8125,-1
2026-08-04 14:50:01,12.8125,-1
2026-08-04 14:50:01,13.296875,-1
2026-08-04 14:50:01,13.296875,-1
2026-08-04 14:50:01,13.25,-1
2026-08-04 14:50:01,13.25,-1
2026-08-04 14:50:02,13.21875,-1
2026-08-04 14:50:02,13.21875,-1
2026-08-04 14:50:02,13.1875,-1
2026-08-04 14:50:02,13.1875,-1
2026-08-04 14:50:02,12.921875,-1
2026-08-04 14:50:02,12.921875,-1
2026-08-04 14:50:02,13.078125,-1
2026-08-04 14:50:02,13.078125,-1
2026-08-04 14:50:02,13.15625,-1
2026-08-04 14:50:02,13.15625,-1
2026-08-04 14:50:02,13.28125,-1
2026-08-04 14:50:02,13.28125,-1
2026-08-04 14:50:02,13.078125,-1
2026-08-04 14:50:02,13.078125,-1
2026-08-04 14:50:02,13.109375,-1
2026-08-04 14:50:02,13.109375,-1
2026-08-04 14:50:02,12.8125,-1
2026-08-04 14:50:02,12.8125,-1
2026-08-04 14:50:02,12.890625,-1
2026-08-04 14:50:02,12.890625,-1
2026-08-04 14:50:03,13.046875,-1
2026-08-04 14:50:03,13.046875,-1
2026-08-04 14:50:03,12.84375,-1
2026-08-04 14:50:03,12.84375,-1
2026-08-04 14:50:03,13.0625,-1
2026-08-04 14:50:03,13.0625,-1
2026-08-04 14:50:03,12.90625,-1
2026-08-04 14:50:03,12.90625,-1
2026-08-04 14:50:03,13.109375,-1
2026-08-04 14:50:03,13.109375,-1
2026-08-04 14:50:03,12.9375,-1
2026-08-04 14:50:03,12.9375,-1
2026-08-04 14:50:03,12.984375,-1
2026-08-04 14:50:03,12.984375,-1
2026-08-04 14:50:03,13.015625,-1
2026-08-04 14:50:03,13.015625,-1
2026-08-04 14:50:03,12.859375,-1
2026-08-04 14:50:03,12.859375,-1
2026-08-04 14:50:03,13.125,-1
2026-08-04 14:50:03,13.125,-1
2026-08-04 14:50:04,12.78125,-1
2026-08-04 14:50:04,12.78125,-1
2026-08-04 14:50:04,12.96875,-1
2026-08-04 14:50:04,12.96875,-1
2026-08-04 14:50:04,13.09375,-1
2026-08-04 14:50:04,13.09375,-1
2026-08-04 14:50:04,13.03125,-1
2026-08-04 14:50:04,13.03125,-1
2026-08-04 14:50:04,13.140625,-1
2026-08-04 14:50:04,13.140625,-1
2026-08-04 14:50:04,12.96875,-1
2026-08-04 14:50:04,12.96875,-1
2026-08-04 14:50:04,13.109375,-1
2026-08-04 14:50:04,13.109375,-1
2026-08-04 14:50:04,12.953125,-1
2026-08-04 14:50:04,12.953125,-1
2026-08-04 14:50:04,13.0,-1
2026-08-04 14:50:04,13.0,-1
2026-08-04 14:50:04,12.859375,-1
2026-08-04 14:50:04,12.859375,-1
2026-08-04 14:50:05,13.0,-1
2026-08-04 14:50:05,13.0,-1
2026-08-04 14:50:05,13.046875,-1
2026-08-04 14:50:05,13.046875,-1
2026-08-04 14:50:05,12.953125,-1
2026-08-04 14:50:05,12.953125,-1
2026-08-04 14:50:05,13.1875,-1
2026-08-04 14:50:05,13.1875,-1
2026-08-04 14:50:05,13.234375,-1
2026-08-04 14:50:05,13.234375,-1
2026-08-04 14:50:05,13.078125,-1
2026-08-04 14:50:05,13.078125,-1
2026-08-04 14:50:05,13.140625,-1
2026-08-04 14:50:05,13.140625,-1
2026-08-04 14:50:05,13.265625,-1
2026-08-04 14:50:05,13.265625,-1
2026-08-04 14:50:05,13.421875,-1
2026-08-04 14:50:05,13.421875,-1
2026-08-04 14:50:05,13.328125,-1
2026-08-04 14:50:05,13.328125,-1
2026-08-04 14:50:06,13.453125,-1
2026-08-04 14:50:06,13.453125,-1
2026-08-04 14:50:06,13.078125,-1
2026-08-04 14:50:06,13.078125,-1
2026-08-04 14:50:06,13.015625,-1
2026-08-04 14:50:06,13.015625,-1
2026-08-04 14:50:06,13.15625,-1
2026-08-04 14:50:06,13.15625,-1
2026-08-04 14:50:06,13.09375,-1
2026-08-04 14:50:06,13.09375,-1
2026-08-04 14:50:06,13.1875,-1
2026-08-04 14:50:06,13.1875,-1
2026-08-04 14:50:06,13.3125,-1
2026-08-04 14:50:06,13.3125,-1
2026-08-04 14:50:06,13.078125,-1
2026-08-04 14:50:06,13.078125,-1
2026-08-04 14:50:06,13.1875,-1
2026-08-04 14:50:06,13.1875,-1
2026-08-04 14:50:06,13.0,-1
2026-08-04 14:50:06,13.0,-1
2026-08-04 14:50:07,12.921875,-1
2026-08-04 14:50:07,12.921875,-1
2026-08-04 14:50:07,13.140625,-1
2026-08-04 14:50:07,13.140625,-1
2026-08-04 14:50:07,12.84375,-1
2026-08-04 14:50:07,12.84375,-1
2026-08-04 14:50:07,12.9375,-1
2026-08-04 14:50:07,12.9375,-1
2026-08-04 14:50:07,13.03125,-1
2026-08-04 14:50:07,13.03125,-1
2026-08-04 14:50:07,12.921875,-1
2026-08-04 14:50:07,12.921875,-1
2026-08-04 14:50:07,13.0625,-1
2026-08-04 14:50:07,13.0625,-1
2026-08-04 14:50:07,12.921875,-1
2026-08-04 14:50:07,12.921875,-1
2026-08-04 14:50:07,13.046875,-1
2026-08-04 14:50:07,13.046875,-1
2026-08-04 14:50:07,13.21875,-1
2026-08-04 14:50:07,13.21875,-1
2026-08-04 14:50:08,13.15625,-1
2026-08-04 14:50:08,13.15625,-1
2026-08-04 14:50:08,13.046875,-1
2026-08-04 14:50:08,13.046875,-1
2026-08-04 14:50:08,13.09375,-1
2026-08-04 14:50:08,13.09375,-1
2026-08-04 14:50:08,13.203125,-1
2026-08-04 14:50:08,13.203125,-1
2026-08-04 14:50:08,13.21875,-1
2026-08-04 14:50:08,13.21875,-1
2026-08-04 14:50:08,13.171875,-1
2026-08-04 14:50:08,13.171875,-1
2026-08-04 14:50:08,12.796875,-1
2026-08-04 14:50:08,12.796875,-1
2026-08-04 14:50:08,12.625,-1
2026-08-04 14:50:08,12.625,-1
2026-08-04 14:50:08,12.765625,-1
2026-08-04 14:50:08,12.765625,-1
2026-08-04 14:50:08,11.796875,-1
2026-08-04 14:50:08,11.796875,-1
2026-08-04 14:50:09,11.65625,-1
2026-08-04 14:50:09,11.65625,-1
2026-08-04 14:50:09,11.484375,-1
2026-08-04 14:50:09,11.484375,-1
2026-08-04 14:50:09,11.3125,-1
2026-08-04 14:50:09,11.3125,-1
2026-08-04 14:50:09,9.59375,-1
2026-08-04 14:50:09,9.59375,-1
2026-08-04 14:50:09,9.515625,-1
2026-08-04 14:50:09,9.515625,-1
2026-08-04 14:50:09,9.40625,-1
2026-08-04 14:50:09,9.40625,-1
2026-08-04 14:50:09,9.375,-1
2026-08-04 14:50:09,9.375,-1
2026-08-04 14:50:09,7.234375,-1
2026-08-04 14:50:09,7.234375,-1
2026-08-04 14:50:09,7.125,-1
2026-08-04 14:50:09,7.125,-1
2026-08-04 14:50:09,6.84375,-1
2026-08-04 14:50:09,6.84375,-1
2026-08-04 14:50:10,6.65625,-1
2026-08-04 14:50:10,6.65625,-1
2026-08-04 14:50:10,6.734375,-1
2026-08-04 14:50:10,6.734375,-1
2026-08-04 14:50:10,6.78125,-1
2026-08-04 14:50:10,6.78125,-1
2026-08-04 14:50:10,6.828125,-1
2026-08-04 14:50:10,6.828125,-1
2026-08-04 14:50:10,7.0,-1
2026-08-04 14:50:10,7.0,-1
2026-08-04 14:50:10,6.96875,-1
2026-08-04 14:50:10,6.96875,-1
2026-08-04 14:50:10,6.890625,-1
2026-08-04 14:50:10,6.890625,-1
2026-08-04 14:50:10,6.75,-1
2026-08-04 14:50:10,6.75,-1
2026-08-04 14:50:10,6.8125,-1
2026-08-04 14:50:10,6.8125,-1
2026-08-04 14:50:10,6.859375,-1
2026-08-04 14:50:10,6.859375,-1
2026-08-04 14:50:11,6.875,-1
2026-08-04 14:50:11,6.875,-1
2026-08-04 14:50:11,6.734375,-1
2026-08-04 14:50:11,6.734375,-1
2026-08-04 14:50:11,6.6875,-1
2026-08-04 14:50:11,6.6875,-1
2026-08-04 14:50:11,6.671875,-1
2026-08-04 14:50:11,6.671875,-1
2026-08-04 14:50:11,6.65625,-1
2026-08-04 14:50:11,6.65625,-1
2026-08-04 14:50:11,6.625,-1
2026-08-04 14:50:11,6.625,-1
2026-08-04 14:50:11,6.640625,-1
2026-08-04 14:50:11,6.640625,-1
2026-08-04 14:50:11,6.640625,-1
2026-08-04 14:50:11,6.640625,-1
2026-08-04 14:50:11,6.59375,-1
2026-08-04 14:50:11,6.59375,-1
2026-08-04 14:50:11,6.546875,-1
2026-08-04 14:50:11,6.546875,-1
2026-08-04 14:50:12,6.59375,-1
2026-08-04 14:50:12,6.59375,-1
2026-08-04 14:50:12,6.59375,-1
2026-08-04 14:50:12,6.59375,-1
2026-08-04 14:50:12,6.578125,-1
2026-08-04 14:50:12,6.578125,-1
2026-08-04 14:50:12,6.59375,-1
2026-08-04 14:50:12,6.59375,-1
2026-08-04 14:50:12,6.578125,-1
2026-08-04 14:50:12,6.578125,-1
2026-08-04 14:50:12,6.59375,-1
2026-08-04 14:50:12,6.59375,-1
2026-08-04 14:50:12,6.5,-1
2026-08-04 14:50:12,6.5,-1
2026-08-04 14:50:12,6.515625,-1
2026-08-04 14:50:12,6.515625,-1
2026-08-04 14:50:12,6.484375,-1
2026-08-04 14:50:12,6.484375,-1
2026-08-04 14:50:12,6.375,-1
2026-08-04 14:50:12,6.375,-1
2026-08-04 14:50:13,6.359375,-1
2026-08-04 14:50:13,6.359375,-1
2026-08-04 14:50:13,6.390625,-1
2026-08-04 14:50:13,6.390625,-1
2026-08-04 14:50:13,6.34375,-1
2026-08-04 14:50:13,6.34375,-1
2026-08-04 14:50:13,3.703125,-1
2026-08-04 14:50:13,3.703125,-1
2026-08-04 14:50:13,3.203125,-1
2026-08-04 14:50:13,3.203125,-1
2026-08-04 14:50:13,3.203125,-1
2026-08-04 14:50:13,3.203125,-1
2026-08-04 14:50:13,1.75,-1
2026-08-04 14:50:13,1.75,-1
2026-08-04 14:50:13,1.890625,-1
2026-08-04 14:50:13,1.890625,-1
2026-08-04 14:50:13,1.90625,-1
2026-08-04 14:50:13,1.90625,-1
2026-08-04 14:50:13,1.515625,-1
2026-08-04 14:50:13,1.515625,-1
2026-08-04 14:50:14,1.4375,-1
2026-08-04 14:50:14,1.4375,-1
2026-08-04 14:50:14,1.3125,-1
2026-08-04 14:50:14,1.3125,-1
2026-08-04 14:50:14,1.265625,-1
2026-08-04 14:50:14,1.265625,-1
2026-08-04 14:50:14,0.890625,-1
2026-08-04 14:50:14,0.890625,-1
2026-08-04 14:50:14,0.5625,-1
2026-08-04 14:50:14,0.5625,-1
2026-08-04 14:50:14,0.5625,-1
2026-08-04 14:50:14,0.5625,-1
2026-08-04 14:50:14,0.5625,-1
2026-08-04 14:50:14,0.5625,-1
2026-08-04 14:50:14,0.0,-1
2026-08-04 14:50:14,0.0,-1
2026-08-04 14:50:14,0.0,-1
2026-08-04 14:50:14,0.0,1
2026-08-04 14:50:14,0.0,1
2026-08-04 14:50:14,0.0,1
2026-08-04 14:50:15,0.0,1
2026-08-04 14:50:15,0.0,1
2026-08-04 14:50:15,0.0,1
2026-08-04 14:50:15,0.0,1
2026-08-04 14:50:15,0.0,1
2026-08-04 14:50:15,0.0,1
2026-08-04 14:50:15,0.0,1
2026-08-04 14:50:15,0.0,1
2026-08-04 14:50:15,1.03125,1
2026-08-04 14:50:15,1.03125,1
2026-08-04 14:50:15,1.03125,1
2026-08-04 14:50:15,1.03125,1
2026-08-04 14:50:15,1.03125,1
2026-08-04 14:50:15,1.03125,1
2026-08-04 14:50:15,0.0,1
2026-08-04 14:50:15,0.0,1
2026-08-04 14:50:15,0.0,1
2026-08-04 14:50:15,0.0,1
2026-08-04 14:50:15,0.0,1
2026-08-04 14:50:15,0.0,1
2026-08-04 14:50:16,0.0,1
2026-08-04 14:50:16,0.0,1
2026-08-04 14:50:16,0.0,1
2026-08-04 14:50:16,0.0,1
2026-08-04 14:50:16,0.0,1
2026-08-04 14:50:16,0.0,1
2026-08-04 14:50:16,0.0,1
2026-08-04 14:50:16,0.0,1
2026-08-04 14:50:16,0.796875,1
2026-08-04 14:50:16,0.796875,1
2026-08-04 14:50:16,0.78125,1
2026-08-04 14:50:16,0.78125,1
2026-08-04 14:50:16,0.78125,1
2026-08-04 14:50:16,0.78125,1
2026-08-04 14:50:16,0.953125,1
2026-08-04 14:50:16,0.953125,1
2026-08-04 14:50:16,1.71875,1
2026-08-04 14:50:16,1.71875,1
2026-08-04 14:50:16,1.734375,1
2026-08-04 14:50:16,1.734375,1
2026-08-04 14:50:17,1.734375,1
2026-08-04 14:50:17,1.734375,1
2026-08-04 14:50:17,1.734375,1
2026-08-04 14:50:17,1.734375,1
2026-08-04 14:50:17,2.265625,1
2026-08-04 14:50:17,2.265625,1
2026-08-04 14:50:17,2.390625,1
2026-08-04 14:50:17,2.390625,1
2026-08-04 14:50:17,2.484375,1
2026-08-04 14:50:17,2.484375,1
2026-08-04 14:50:17,2.71875,1
2026-08-04 14:50:17,2.71875,1
2026-08-04 14:50:17,2.71875,1
2026-08-04 14:50:17,2.71875,1
2026-08-04 14:50:17,3.109375,1
2026-08-04 14:50:17,3.109375,1
2026-08-04 14:50:17,3.234375,1
2026-08-04 14:50:17,3.234375,1
2026-08-04 14:50:17,3.96875,1
2026-08-04 14:50:17,3.96875,1
2026-08-04 14:50:18,3.921875,1
2026-08-04 14:50:18,3.921875,1
2026-08-04 14:50:18,3.9375,1
2026-08-04 14:50:18,3.9375,1
2026-08-04 14:50:18,4.453125,1
2026-08-04 14:50:18,4.453125,1
2026-08-04 14:50:18,4.546875,1
2026-08-04 14:50:18,4.546875,1
2026-08-04 14:50:18,4.640625,1
2026-08-04 14:50:18,4.640625,1
2026-08-04 14:50:18,4.65625,1
2026-08-04 14:50:18,4.65625,1
2026-08-04 14:50:18,6.140625,1
2026-08-04 14:50:18,6.140625,1
2026-08-04 14:50:18,6.140625,1
2026-08-04 14:50:18,6.140625,1
2026-08-04 14:50:18,6.015625,1
2026-08-04 14:50:18,6.015625,1
2026-08-04 14:50:18,6.890625,1
2026-08-04 14:50:18,6.890625,1
2026-08-04 14:50:19,6.9375,1
2026-08-04 14:50:19,6.9375,1
2026-08-04 14:50:19,7.046875,1
2026-08-04 14:50:19,7.046875,1
2026-08-04 14:50:19,7.140625,1
2026-08-04 14:50:19,7.140625,1
2026-08-04 14:50:19,7.90625,1
2026-08-04 14:50:19,7.90625,1
2026-08-04 14:50:19,8.078125,1
2026-08-04 14:50:19,8.078125,1
2026-08-04 14:50:19,8.09375,1
2026-08-04 14:50:19,8.09375,1
2026-08-04 14:50:19,8.140625,1
2026-08-04 14:50:19,8.140625,1
2026-08-04 14:50:19,8.640625,1
2026-08-04 14:50:19,8.640625,1
2026-08-04 14:50:19,8.8125,1
2026-08-04 14:50:19,8.8125,1
2026-08-04 14:50:19,8.875,1
2026-08-04 14:50:19,8.875,1
2026-08-04 14:50:20,9.59375,1
2026-08-04 14:50:20,9.59375,1
2026-08-04 14:50:20,9.8125,1
2026-08-04 14:50:20,9.8125,1
2026-08-04 14:50:20,9.953125,1
2026-08-04 14:50:20,9.953125,1
2026-08-04 14:50:20,9.953125,1
2026-08-04 14:50:20,9.953125,1
2026-08-04 14:50:20,10.40625,1
2026-08-04 14:50:20,10.40625,1
2026-08-04 14:50:20,10.015625,1
2026-08-04 14:50:20,10.015625,1
2026-08-04 14:50:20,9.765625,1
2026-08-04 14:50:20,9.765625,1
2026-08-04 14:50:20,9.265625,1
2026-08-04 14:50:20,9.265625,1
2026-08-04 14:50:20,9.328125,1
2026-08-04 14:50:20,9.328125,1
2026-08-04 14:50:20,9.5,1
2026-08-04 14:50:20,9.5,1
2026-08-04 14:50:21,9.6875,1
2026-08-04 14:50:21,9.6875,1
2026-08-04 14:50:21,9.578125,1
2026-08-04 14:50:21,9.578125,1
2026-08-04 14:50:21,9.59375,1
2026-08-04 14:50:21,9.59375,1
2026-08-04 14:50:21,9.53125,1
2026-08-04 14:50:21,9.53125,1
2026-08-04 14:50:21,9.53125,1
2026-08-04 14:50:21,9.53125,1
2026-08-04 14:50:21,8.546875,1
2026-08-04 14:50:21,8.546875,1
2026-08-04 14:50:21,8.40625,1
2026-08-04 14:50:21,8.40625,1
2026-08-04 14:50:21,8.359375,1
2026-08-04 14:50:21,8.359375,1
2026-08-04 14:50:21,7.3125,1
2026-08-04 14:50:21,7.3125,1
2026-08-04 14:50:21,7.234375,1
2026-08-04 14:50:21,7.234375,1
2026-08-04 14:50:22,7.234375,1
2026-08-04 14:50:22,7.234375,1
2026-08-04 14:50:22,6.75,1
2026-08-04 14:50:22,6.75,1
2026-08-04 14:50:22,3.609375,1
2026-08-04 14:50:22,3.609375,1
2026-08-04 14:50:22,3.390625,1
2026-08-04 14:50:22,3.390625,1
2026-08-04 14:50:22,3.375,1
2026-08-04 14:50:22,3.375,1
2026-08-04 14:50:22,1.59375,1
2026-08-04 14:50:22,1.59375,1
2026-08-04 14:50:22,1.5625,1
2026-08-04 14:50:22,1.5625,1
2026-08-04 14:50:22,1.375,1
2026-08-04 14:50:22,1.375,1
2026-08-04 14:50:22,1.265625,1
2026-08-04 14:50:22,1.265625,1
2026-08-04 14:50:22,0.0,1
2026-08-04 14:50:22,0.0,1
2026-08-04 14:50:23,0.0,1
2026-08-04 14:50:23,0.0,1
2026-08-04 14:50:23,0.0,1
2026-08-04 14:50:23,0.0,1
2026-08-04 14:50:23,0.0,1
2026-08-04 14:50:23,0.0,1
2026-08-04 14:50:23,0.0,1
2026-08-04 14:50:23,0.0,1
2026-08-04 14:50:23,0.0,1
2026-08-04 14:50:23,0.0,1
2026-08-04 14:50:23,0.0,1
2026-08-04 14:50:23,0.0,1
2026-08-04 14:50:23,0.0,1
2026-08-04 14:50:23,0.0,1
2026-08-04 14:50:23,0.0,1
2026-08-04 14:50:23,0.0,1
2026-08-04 14:50:23,0.0,1
2026-08-04 14:50:23,0.0,1
2026-08-04 14:50:23,0.0,1
2026-08-04 14:50:23,0.0,1
2026-08-04 14:50:24,0.0,1
2026-08-04 14:50:24,0.0,1
2026-08-04 14:50:24,0.0,1
2026-08-04 14:50:24,0.0,1
2026-08-04 14:50:24,0.0,1
2026-08-04 14:50:24,0.0,1
2026-08-04 14:50:24,0.0,1
2026-08-04 14:50:24,0.0,1
2026-08-04 14:50:24,0.0,1
2026-08-04 14:50:24,0.0,1
2026-08-04 14:50:24,0.0,1
2026-08-04 14:50:24,0.0,1
2026-08-04 14:50:24,0.0,1
2026-08-04 14:50:24,0.0,-1
2026-08-04 14:50:24,0.6875,-1
2026-08-04 14:50:24,0.6875,-1
2026-08-04 14:50:24,0.6875,-1
2026-08-04 14:50:24,0.6875,-1
2026-08-04 14:50:24,0.0,-1
2026-08-04 14:50:24,0.0,-1
2026-08-04 14:50:25,0.0,-1
2026-08-04 14:50:25,0.0,0
2026-08-04 14:50:25,0.0,0
2026-08-04 14:50:25,0.0,0
2026-08-04 14:50:25,0.0,0
2026-08-04 14:50:25,0.0,0
2026-08-04 14:50:25,0.0,0
2026-08-04 14:50:25,0.0,0
2026-08-04 14:50:25,0.0,0
2026-08-04 14:50:25,0.0,0
2026-08-04 14:50:25,0.0,0
2026-08-04 14:50:25,0.0,0
2026-08-04 14:50:25,0.0,0
2026-08-04 14:50:25,0.0,0
2026-08-04 14:50:25,0.0,0
2026-08-04 14:50:25,0.0,0
2026-08-04 14:50:25,0.0,0
2026-08-04 14:50:25,0.0,0
2026-08-04 14:50:25,0.0,0
2026-08-04 14:50:25,0.0,0
2026-08-04 14:50:26,0.0,0
2026-08-04 14:50:26,0.0,0
2026-08-04 14:50:26,0.0,0
2026-08-04 14:50:26,0.0,0
2026-08-04 14:50:26,0.0,0
2026-08-04 14:50:26,0.0,0
2026-08-04 14:50:26,0.0,0
2026-08-04 14:50:26,0.0,0
2026-08-04 14:50:26,0.0,0
2026-08-04 14:50:26,0.0,0
2026-08-04 14:50:26,0.0,0
2026-08-04 14:50:26,0.0,0
2026-08-04 14:50:26,0.0,0
2026-08-04 14:50:26,0.0,0
2026-08-04 14:50:26,0.0,0
2026-08-04 14:50:26,0.0,0
2026-08-04 14:50:26,0.0,0
2026-08-04 14:50:26,0.0,0
2026-08-04 14:50:26,0.0,0
2026-08-04 14:50:26,0.0,0
2026-08-04 14:50:27,0.0,0
2026-08-04 14:50:27,0.0,0
2026-08-04 14:50:27,0.0,0
2026-08-04 14:50:27,0.0,0
2026-08-04 14:50:27,0.0,0
2026-08-04 14:50:27,0.0,0
2026-08-04 14:50:27,0.0,0
2026-08-04 14:50:27,0.0,0
2026-08-04 14:50:27,0.0,0
2026-08-04 14:50:27,0.0,0
2026-08-04 14:50:27,0.0,0
2026-08-04 14:50:27,0.0,0
2026-08-04 14:50:27,0.0,0
2026-08-04 14:50:27,0.0,0
2026-08-04 14:50:27,0.0,0
2026-08-04 14:50:27,0.0,0
2026-08-04 14:50:27,0.0,0
2026-08-04 14:50:27,0.0,0
2026-08-04 14:50:27,0.0,0
2026-08-04 14:50:27,0.0,0
2026-08-04 14:50:28,0.0,0
2026-08-04 14:50:28,0.0,0
2026-08-04 14:50:28,0.0,0
2026-08-04 14:50:28,0.0,0
2026-08-04 14:50:28,0.0,0
2026-08-04 14:50:28,0.0,0
2026-08-04 14:50:28,0.0,0
2026-08-04 14:50:28,0.0,0
2026-08-04 14:50:28,0.0,0
2026-08-04 14:50:28,0.0,0
2026-08-04 14:50:28,0.0,0
2026-08-04 14:50:28,0.0,0
2026-08-04 14:50:28,0.0,0
2026-08-04 14:50:28,0.0,0
2026-08-04 14:50:28,0.0,0
2026-08-04 14:50:28,0.0,0
2026-08-04 14:50:28,0.0,0
2026-08-04 14:50:28,0.0,0
2026-08-04 14:50:28,0.0,0
2026-08-04 14:50:28,0.0,0
2026-08-04 14:50:29,0.0,0
2026-08-04 14:50:29,0.0,0
2026-08-04 14:50:29,0.0,0
2026-08-04 14:50:29,0.0,0
2026-08-04 14:50:29,0.0,0
2026-08-04 14:50:29,0.0,0
2026-08-04 14:50:29,0.0,0
2026-08-04 14:50:29,0.0,0
2026-08-04 14:50:29,0.0,0
2026-08-04 14:50:29,0.0,0
2026-08-04 14:50:29,0.0,0
2026-08-04 14:50:29,0.0,0
2026-08-04 14:50:29,0.0,0
2026-08-04 14:50:29,0.0,0
2026-08-04 14:50:29,0.0,0
2026-08-04 14:50:29,0.0,0
2026-08-04 14:50:29,0.0,0
2026-08-04 14:50:29,0.0,0
2026-08-04 14:50:29,0.0,0
2026-08-04 14:50:29,0.0,0
2026-08-04 14:50:30,0.0,0
2026-08-04 14:50:30,0.0,0
2026-08-04 14:50:30,0.0,0
2026-08-04 14:50:30,0.0,0
2026-08-04 14:50:30,0.0,0
2026-08-04 14:50:30,0.0,0
2026-08-04 14:50:30,0.0,0
2026-08-04 14:50:30,0.0,0
2026-08-04 14:50:30,0.0,0
2026-08-04 14:50:30,0.0,0
2026-08-04 14:50:30,0.0,0
2026-08-04 14:50:30,0.0,0
2026-08-04 14:50:30,0.0,0
2026-08-04 14:50:30,0.0,0
2026-08-04 14:50:30,0.0,0
2026-08-04 14:50:30,0.0,0
2026-08-04 14:50:30,0.0,0
2026-08-04 14:50:30,0.0,0
2026-08-04 14:50:30,0.0,0
2026-08-04 14:50:30,0.0,0
2026-08-04 14:50:31,0.0,0
2026-08-04 14:50:31,0.0,0
2026-08-04 14:50:31,0.0,0
2026-08-04 14:50:31,0.0,0
2026-08-04 14:50:31,0.0,0
2026-08-04 14:50:31,0.0,0
2026-08-04 14:50:31,0.0,0
2026-08-04 14:50:31,0.0,0
2026-08-04 14:50:31,0.0,0
2026-08-04 14:50:31,0.0,0
2026-08-04 14:50:31,0.0,0
2026-08-04 14:50:31,0.0,0
2026-08-04 14:50:31,0.0,0
2026-08-04 14:50:31,0.0,0
2026-08-04 14:50:31,0.0,0
2026-08-04 14:50:31,0.0,0
2026-08-04 14:50:31,0.0,0
2026-08-04 14:50:31,0.0,0
2026-08-04 14:50:31,0.0,0
2026-08-04 14:50:31,0.0,0
2026-08-04 14:50:32,0.0,0
2026-08-04 14:50:32,0.0,0
2026-08-04 14:50:32,0.0,0
2026-08-04 14:50:32,0.0,0
2026-08-04 14:50:32,0.0,0
2026-08-04 14:50:32,0.0,0
2026-08-04 14:50:32,0.0,0
2026-08-04 14:50:32,0.0,0
2026-08-04 14:50:32,0.0,0
2026-08-04 14:50:32,0.0,0
2026-08-04 14:50:32,0.0,0
2026-08-04 14:50:32,0.0,0
2026-08-04 14:50:32,0.0,0
2026-08-04 14:50:32,0.0,0
2026-08-04 14:50:32,0.0,0
2026-08-04 14:50:32,0.0,0
2026-08-04 14:50:32,0.0,0
2026-08-04 14:50:32,0.0,0
2026-08-04 14:50:32,0.0,0
2026-08-04 14:50:32,0.0,0
2026-08-04 14:50:33,0.0,0
2026-08-04 14:50:33,0.0,0
2026-08-04 14:50:33,0.0,0
2026-08-04 14:50:33,0.0,0
2026-08-04 14:50:33,0.0,0
2026-08-04 14:50:33,0.0,0
2026-08-04 14:50:33,0.0,0
2026-08-04 14:50:33,0.0,0
2026-08-04 14:50:33,0.0,0
2026-08-04 14:50:33,0.0,0
2026-08-04 14:50:33,0.0,0
2026-08-04 14:50:33,0.0,0
2026-08-04 14:50:33,0.0,0
2026-08-04 14:50:33,0.0,0
2026-08-04 14:50:33,0.0,0
2026-08-04 14:50:33,0.0,0
2026-08-04 14:50:33,0.0,0
2026-08-04 14:50:33,0.0,0
2026-08-04 14:50:33,0.0,0
2026-08-04 14:50:33,0.0,0
2026-08-04 14:50:34,0.0,0
2026-08-04 14:50:34,0.0,0
2026-08-04 14:50:34,0.0,0
2026-08-04 14:50:34,0.0,0
2026-08-04 14:50:34,0.0,0
2026-08-04 14:50:34,0.0,0
2026-08-04 14:50:34,0.0,0
2026-08-04 14:50:34,0.0,0
2026-08-04 14:50:34,0.0,0
2026-08-04 14:50:34,0.0,0
2026-08-04 14:50:34,0.0,0
2026-08-04 14:50:34,0.0,0
2026-08-04 14:50:34,0.0,0
2026-08-04 14:50:34,0.0,0
2026-08-04 14:50:34,0.0,0
2026-08-04 14:50:34,0.0,0
2026-08-04 14:50:34,0.0,0
2026-08-04 14:50:34,0.0,0
2026-08-04 14:50:34,0.0,0
2026-08-04 14:50:34,0.0,0
2026-08-04 14:50:35,0.0,0
2026-08-04 14:50:35,0.0,0
2026-08-04 14:50:35,0.0,0
2026-08-04 14:50:35,0.0,0
2026-08-04 14:50:35,0.0,0
2026-08-04 14:50:35,0.0,0
2026-08-04 14:50:35,0.0,0
2026-08-04 14:50:35,0.0,0
2026-08-04 14:50:35,0.0,0
2026-08-04 14:50:35,0.0,0
2026-08-04 14:50:35,0.0,0
2026-08-04 14:50:35,0.0,0
2026-08-04 14:50:35,0.0,0
2026-08-04 14:50:35,0.0,0
2026-08-04 14:50:35,0.0,0
2026-08-04 14:50:35,0.0,0
2026-08-04 14:50:35,0.0,0
2026-08-04 14:50:35,0.0,0
2026-08-04 14:50:35,0.0,0
2026-08-04 14:50:35,0.0,0
2026-08-04 14:50:36,0.0,0
2026-08-04 14:50:36,0.0,0
2026-08-04 14:50:36,0.0,0
2026-08-04 14:50:36,0.0,0
2026-08-04 14:50:36,0.0,0
2026-08-04 14:50:36,0.0,0
2026-08-04 14:50:36,0.0,0
2026-08-04 14:50:36,0.0,0
2026-08-04 14:50:36,0.0,0
2026-08-04 14:50:36,0.0,0
2026-08-04 14:50:36,0.0,0
2026-08-04 14:50:36,0.0,0
2026-08-04 14:50:36,0.0,0
2026-08-04 14:50:36,0.0,0
2026-08-04 14:50:36,0.0,0
2026-08-04 14:50:36,0.0,0
2026-08-04 14:50:36,0.0,0
2026-08-04 14:50:36,0.0,0
2026-08-04 14:50:36,0.0,0
2026-08-04 14:50:36,0.0,0
2026-08-04 14:50:37,0.0,0
2026-08-04 14:50:37,0.0,0
2026-08-04 14:50:37,0.0,0
2026-08-04 14:50:37,0.0,0
2026-08-04 14:50:37,0.0,0
2026-08-04 14:50:37,0.0,0
2026-08-04 14:50:37,0.0,0
2026-08-04 14:50:37,0.0,0
2026-08-04 14:50:37,0.0,0
2026-08-04 14:50:37,0.0,0
2026-08-04 14:50:37,0.0,0
2026-08-04 14:50:37,0.0,0
2026-08-04 14:50:37,0.0,0
2026-08-04 14:50:37,0.0,0
2026-08-04 14:50:37,0.0,0
2026-08-04 14:50:37,0.0,0
2026-08-04 14:50:37,0.0,0
2026-08-04 14:50:37,0.0,0
2026-08-04 14:50:37,0.0,0
2026-08-04 14:50:37,0.0,0
2026-08-04 14:50:38,0.0,0
2026-08-04 14:50:38,0.0,0
2026-08-04 14:50:38,0.0,0
2026-08-04 14:50:38,0.0,0
2026-08-04 14:50:38,0.0,0
2026-08-04 14:50:38,0.0,0
2026-08-04 14:50:38,0.0,0
2026-08-04 14:50:38,0.0,0
2026-08-04 14:50:38,0.0,0
2026-08-04 14:50:38,0.0,0
2026-08-04 14:50:38,0.0,0
2026-08-04 14:50:38,0.0,0
2026-08-04 14:50:38,0.0,0
2026-08-04 14:50:38,0.0,0
2026-08-04 14:50:38,0.0,0
2026-08-04 14:50:38,0.0,0
2026-08-04 14:50:38,0.0,0
2026-08-04 14:50:38,0.0,0
2026-08-04 14:50:38,0.0,0
2026-08-04 14:50:38,0.0,0
2026-08-04 14:50:39,0.0,0
2026-08-04 14:50:39,0.0,0
2026-08-04 14:50:39,0.0,0
2026-08-04 14:50:39,0.0,0
2026-08-04 14:50:39,0.0,0
2026-08-04 14:50:39,0.0,0
2026-08-04 14:50:39,0.0,0
2026-08-04 14:50:39,0.0,0
