(1785789682.978317) can0 18FEF1F8#FF0000FFFFFFFFFF
(1785789682.979620) can0 18F005F8#7DFFFF7DFFFFFFFF
(1785789683.031159) can0 1CECFFF1#20120003FF19F000
(1785789683.032113) can0 1CEBFFF1#0127100000000000
(1785789683.033145) can0 1CEBFFF1#0200000000000000
(1785789683.034134) can0 1CEBFFF1#03FFF461B5FFFFFF
(1785789683.038756) can0 18FF09D1#01000A00D59CE6
(1785789683.060108) can0 18F015F1#00004643477E4556
(1785789683.078065) can0 18FEF1F8#FF0000FFFFFFFFFF
(1785789683.079246) can0 18F005F8#7DFFFF7DFFFFFFFF
(1785789683.131157) can0 1CECFFF1#20120003FF19F000
(1785789683.132079) can0 1CEBFFF1#0127100000000000
(1785789683.133092) can0 1CEBFFF1#0200000000000000
(1785789683.134075) can0 1CEBFFF1#03FFF461B5FFFFFF
(1785789683.138604) can0 18FF09D1#01000A00D59CE6
(1785789683.161071) can0 18F015F1#00004643477D4556
(1785789683.178500) can0 18FEF1F8#FF0000FFFFFFFFFF
(1785789683.179651) can0 18F005F8#7DFFFF7DFFFFFFFF
(1785789683.231306) can0 1CECFFF1#20120003FF19F000
(1785789683.232122) can0 1CEBFFF1#0127100000000000
(1785789683.233172) can0 1CEBFFF1#0200000000000000
(1785789683.234188) can0 1CEBFFF1#03FFF461B5FFFFFF
(1785789683.238891) can0 18FF09D1#01000A00D538E6
(1785789683.239414) can0 18FF14D1#
(1785789683.239681) can0 18FF16D1#01000A0064
(1785789683.260196) can0 18F015F1#00004643477D4556
(1785789683.278040) can0 18FEF1F8#FF0000FFFFFFFFFF
(1785789683.279230) can0 18F005F8#7DFFFF7DFFFFFFFF
(1785789683.331135) can0 1CECFFF1#20120003FF19F000
(1785789683.332089) can0 1CEBFFF1#0127100000000000
(1785789683.333160) can0 1CEBFFF1#0200000000000000
(1785789683.334118) can0 1CEBFFF1#03FFF461B5FFFFFF
(1785789683.338629) can0 18FF09D1#01000A00D538E6
(1785789683.360107) can0 18F015F1#00004643477E4556
(1785789683.378038) can0 18FEF1F8#FF0000FFFFFFFFFF
(1785789683.379239) can0 18F005F8#7DFFFF7DFFFFFFFF
(1785789683.431119) can0 1CECFFF1#20120003FF19F000
(1785789683.432085) can0 1CEBFFF1#0127100000000000
(1785789683.433095) can0 1CEBFFF1#0200000000000000
(1785789683.434077) can0 1CEBFFF1#03FFF461B5FFFFFF
(1785789683.438578) can0 18FF09D1#01000A00D538E6
(1785789683.460076) can0 18F015F1#00004643477D4556
(1785789683.478009) can0 18FEF1F8#FF0000FFFFFFFFFF
(1785789683.479121) can0 18F005F8#7DFFFF7DFFFFFFFF
(1785789683.532228) can0 1CECFFF1#20120003FF19F000
(1785789683.533095) can0 1CEBFFF1#0127100000000000
(1785789683.534103) can0 1CEBFFF1#0200000000000000
(1785789683.535082) can0 1CEBFFF1#03FFF461B5FFFFFF
(1785789683.538611) can0 18FF09D1#01000A00D538E6
(1785789683.561279) can0 18F015F1#00004643477D4556
(1785789683.578557) can0 18FEF1F8#FF0000FFFFFFFFFF
(1785789683.579892) can0 18F005F8#7DFFFF7DFFFFFFFF
(1785789683.632149) can0 1CECFFF1#20120003FF19F000
(1785789683.633089) can0 1CEBFFF1#0127100000000000
(1785789683.634096) can0 1CEBFFF1#0200000000000000
(1785789683.635077) can0 1CEBFFF1#03FFF461B5FFFFFF
(1785789683.638592) can0 18FF09D1#01000A00D538E6
(1785789683.661246) can0 18F015F1#00004643477E4556
(1785789683.671090) can0 18F017F1#FAFEFD509CF4
(1785789683.671417) can0 18F018F1#F5ABF7329250
(1785789683.679133) can0 18FEF1F8#FF0000FFFFFFFFFF
(1785789683.680289) can0 18F005F8#7DFFFF7DFFFFFFFF
(1785789683.732140) can0 1CECFFF1#20120003FF19F000
(1785789683.733094) can0 1CEBFFF1#0127100000000000
(1785789683.734102) can0 1CEBFFF1#0200000000000000
(1785789683.735095) can0 1CEBFFF1#03FFF461B5FFFFFF
(1785789683.738657) can0 18FF09D1#01000A00D538E6
(1785789683.739003) can0 18FF14D1#
(1785789683.761090) can0 18F015F1#00004643477D4556
(1785789683.778078) can0 18FEF1F8#FF0000FFFFFFFFFF
(1785789683.779218) can0 18F005F8#7DFFFF7DFFFFFFFF
(1785789683.832122) can0 1CECFFF1#20120003FF19F000
(1785789683.833112) can0 1CEBFFF1#0127100000000000
(1785789683.834115) can0 1CEBFFF1#0200000000000000
(1785789683.835093) can0 1CEBFFF1#03FFF461B5FFFFFF
(1785789683.838913) can0 18FF09D1#01000A00D538E6
(1785789683.861089) can0 18F015F1#00004643477E4556
(1785789683.878338) can0 18FEF1F8#FF0000FFFFFFFFFF
(1785789683.879575) can0 18F005F8#7DFFFF7DFFFFFFFF
(1785789683.932263) can0 1CECFFF1#20120003FF19F000
(1785789683.933104) can0 1CEBFFF1#0127100000000000
(1785789683.934100) can0 1CEBFFF1#0200000000000000
(1785789683.935112) can0 1CEBFFF1#03FFF461B5FFFFFF
(1785789683.938656) can0 18FF09D1#01000A00D538E6
(1785789683.961214) can0 18F015F1#00004643477E4556
(1785789683.978013) can0 18FEF1F8#FF0000FFFFFFFFFF
(1785789683.979147) can0 18F005F8#7DFFFF7DFFFFFFFF
(1785789684.032176) can0 1CECFFF1#20120003FF19F000
(1785789684.033105) can0 1CEBFFF1#0127100000000000
(1785789684.034113) can0 1CEBFFF1#0200000000000000
(1785789684.035096) can0 1CEBFFF1#03FFF461B5FFFFFF
(1785789684.038618) can0 18FF09D1#01000A00D538E6
(1785789684.061106) can0 18F015F1#00004643477D4556
(1785789684.078059) can0 18FEF1F8#FF0000FFFFFFFFFF
(1785789684.079243) can0 18F005F8#7DFFFF7DFFFFFFFF
(1785789684.132144) can0 1CECFFF1#20120003FF19F000
(1785789684.133105) can0 1CEBFFF1#0127100000000000
(1785789684.134110) can0 1CEBFFF1#0200000000000000
(1785789684.135093) can0 1CEBFFF1#03FFF461B5FFFFFF
(1785789684.138564) can0 18FF09D1#01000A00D538E6
(1785789684.162092) can0 18F015F1#00004643477E4556
(1785789684.178100) can0 18FEF1F8#FF0000FFFFFFFFFF
(1785789684.179519) can0 18F005F8#7DFFFF7DFFFFFFFF
(1785789684.233372) can0 1CECFFF1#20120003FF19F000
(1785789684.234170) can0 1CEBFFF1#0127100000000000
(1785789684.235099) can0 1CEBFFF1#0200000000000000
(1785789684.236091) can0 1CEBFFF1#03FFF461B5FFFFFF
(1785789684.238865) can0 18FF09D1#01000A00D5E0E3
(1785789684.239419) can0 18FF14D1#
(1785789684.262088) can0 18F015F1#00004642477D4556
(1785789684.278034) can0 18FEF1F8#FF0000FFFFFFFFFF
(1785789684.279152) can0 18F005F8#7DFFFF7DFFFFFFFF
(1785789684.333138) can0 1CECFFF1#20120003FF19F000
(1785789684.334094) can0 1CEBFFF1#0127100000000000
(1785789684.335102) can0 1CEBFFF1#0200000000000000
(1785789684.336096) can0 1CEBFFF1#03FFF3A3F4FFFFFF
(1785789684.338645) can0 18FF09D1#01000A00D5E0E3
(1785789684.362118) can0 18F015F1#00004643477D4556
(1785789684.378057) can0 18FEF1F8#FF0000FFFFFFFFFF
(1785789684.379272) can0 18F005F8#7DFFFF7DFFFFFFFF
(1785789684.433146) can0 1CECFFF1#20120003FF19F000
(1785789684.434109) can0 1CEBFFF1#0127100000000000
(1785789684.435110) can0 1CEBFFF1#0200000000000000
(1785789684.436098) can0 1CEBFFF1#03FFF3A3F4FFFFFF
(1785789684.438565) can0 18FF09D1#01000A00D5E0E3
(1785789684.462097) can0 18F015F1#00004642477E4556
(1785789684.478011) can0 18FEF1F8#FF0000FFFFFFFFFF
(1785789684.479223) can0 18F005F8#7DFFFF7DFFFFFFFF
(1785789684.533211) can0 1CECFFF1#20120003FF19F000
(1785789684.534110) can0 1CEBFFF1#0127100000000000
(1785789684.535114) can0 1CEBFFF1#0200000000000000
(1785789684.536112) can0 1CEBFFF1#03FFF3A3F4FFFFFF
(1785789684.538556) can0 18FF09D1#01000A00D5E0E3
(1785789684.562165) can0 18F015F1#00004642477D4556
(1785789684.578581) can0 18FEF1F8#FF0000FFFFFFFFFF
(1785789684.579917) can0 18F005F8#7DFFFF7DFFFFFFFF
(1785789684.633150) can0 1CECFFF1#20120003FF19F000
(1785789684.634092) can0 1CEBFFF1#0127100000000000
(1785789684.635101) can0 1CEBFFF1#0200000000000000
(1785789684.636098) can0 1CEBFFF1#03FFF3A3F4FFFFFF
(1785789684.638486) can0 18FF09D1#01000A00D5E0E3
(1785789684.663122) can0 18F015F1#00004642477D4556
(1785789684.672037) can0 18F017F1#FAFEFD509CF4
(1785789684.672486) can0 18F018F1#F5ABF7329250
(1785789684.678118) can0 18FEF1F8#FF0000FFFFFFFFFF
(1785789684.679394) can0 18F005F8#7DFFFF7DFFFFFFFF
(1785789684.733149) can0 1CECFFF1#20120003FF19F000
(1785789684.734102) can0 1CEBFFF1#0127100000000000
(1785789684.735112) can0 1CEBFFF1#0200000000000000
(1785789684.736099) can0 1CEBFFF1#03FFF3A3F4FFFFFF
(1785789684.738609) can0 18FF09D1#01000A00D50CE5
(1785789684.738950) can0 18FF14D1#
(1785789684.762109) can0 18F015F1#00004642477E4556
(1785789684.778075) can0 18FEF1F8#FF0000FFFFFFFFFF
(1785789684.779228) can0 18F005F8#7DFFFF7DFFFFFFFF
(1785789684.834141) can0 1CECFFF1#20120003FF19F000
(1785789684.835107) can0 1CEBFFF1#0127100000000000
(1785789684.836117) can0 1CEBFFF1#0200000000000000
(1785789684.837102) can0 1CEBFFF1#03FFF3A3F4FFFFFF
(1785789684.838552) can0 18FF09D1#01000A00D50CE5
(1785789684.863161) can0 18F015F1#00004642477D4556
(1785789684.878315) can0 18FEF1F8#FF0000FFFFFFFFFF
(1785789684.879523) can0 18F005F8#7DFFFF7DFFFFFFFF
(1785789684.933512) can0 1CECFFF1#20120003FF19F000
(1785789684.934372) can0 1CEBFFF1#0127100000000000
(1785789684.935214) can0 1CEBFFF1#0200000000000000
(1785789684.936117) can0 1CEBFFF1#03FFF3A3F4FFFFFF
(1785789684.938557) can0 18FF09D1#01000A00D50CE5
(1785789684.962220) can0 18F015F1#00004643477D4556
(1785789684.978278) can0 18FEF1F8#FF0000FFFFFFFFFF
(1785789684.979547) can0 18F005F8#7DFFFF7DFFFFFFFF
(1785789685.035008) can0 1CECFFF1#20120003FF19F000
(1785789685.036081) can0 1CEBFFF1#0127100000000000
(1785789685.036355) can0 1CEBFFF1#0200000000000000
(1785789685.037174) can0 1CEBFFF1#03FFF3A3F4FFFFFF
(1785789685.038580) can0 18FF09D1#01000A00D50CE5
(1785789685.063192) can0 18F015F1#00004642477E4557
(1785789685.078234) can0 18FEF1F8#FF0000FFFFFFFFFF
(1785789685.079449) can0 18F005F8#7DFFFF7DFFFFFFFF
(1785789685.134180) can0 1CECFFF1#20120003FF19F000
(1785789685.135109) can0 1CEBFFF1#0127100000000000
(1785789685.136122) can0 1CEBFFF1#0200000000000000
(1785789685.137098) can0 1CEBFFF1#03FFF3A3F4FFFFFF
(1785789685.138543) can0 18FF09D1#01000A00D50CE5
(1785789685.163121) can0 18F015F1#00004642477D4557
(1785789685.178223) can0 18FEF1F8#FF0000FFFFFFFFFF
(1785789685.179465) can0 18F005F8#7DFFFF7DFFFFFFFF
(1785789685.234209) can0 1CECFFF1#20120003FF19F000
(1785789685.235120) can0 1CEBFFF1#0127100000000000
(1785789685.236136) can0 1CEBFFF1#0200000000000000
(1785789685.237122) can0 1CEBFFF1#03FFF3A3F4FFFFFF
(1785789685.238741) can0 18FF09D1#01000A00D50CE5
(1785789685.239106) can0 18FF14D1#
(1785789685.239399) can0 18FF16D1#01000A0064
(1785789685.263197) can0 18F015F1#00004642477D4557
(1785789685.278229) can0 18FEF1F8#FF0000FFFFFFFFFF
(1785789685.279385) can0 18F005F8#7DFFFF7DFFFFFFFF
(1785789685.334128) can0 1CECFFF1#20120003FF19F000
(1785789685.335104) can0 1CEBFFF1#0127100000000000
(1785789685.336119) can0 1CEBFFF1#0200000000000000
(1785789685.337104) can0 1CEBFFF1#03FFF3A3F4FFFFFF
(1785789685.338780) can0 18FF09D1#01000A00D50CE5
(1785789685.363143) can0 18F015F1#00004642477E4557
(1785789685.378017) can0 18FEF1F8#FF0000FFFFFFFFFF
(1785789685.379173) can0 18F005F8#7DFFFF7DFFFFFFFF
(1785789685.434165) can0 1CECFFF1#20120003FF19F000
(1785789685.435111) can0 1CEBFFF1#0127100000000000
(1785789685.436119) can0 1CEBFFF1#0200000000000000
(1785789685.437110) can0 1CEBFFF1#03FFF3A3F4FFFFFF
(1785789685.438522) can0 18FF09D1#01000A00D50CE5
(1785789685.463095) can0 18F015F1#00004642477D4557
(1785789685.478030) can0 18FEF1F8#FF0000FFFFFFFFFF
(1785789685.479207) can0 18F005F8#7DFFFF7DFFFFFFFF
(1785789685.534249) can0 1CECFFF1#20120003FF19F000
(1785789685.535129) can0 1CEBFFF1#0127100000000000
(1785789685.536151) can0 1CEBFFF1#0200000000000000
(1785789685.537133) can0 1CEBFFF1#03FFF3A3F4FFFFFF
(1785789685.538540) can0 18FF09D1#01000A00D50CE5
(1785789685.563237) can0 18F015F1#00004642477D4557
(1785789685.578592) can0 18FEF1F8#FF0000FFFFFFFFFF
(1785789685.580803) can0 18F005F8#7DFFFF7DFFFFFFFF
(1785789685.635164) can0 1CECFFF1#20120003FF19F000
(1785789685.636119) can0 1CEBFFF1#0127100000000000
(1785789685.637112) can0 1CEBFFF1#0200000000000000
(1785789685.638098) can0 1CEBFFF1#03FFF3A3F4FFFFFF
(1785789685.638622) can0 18FF09D1#01000A00D50CE5
(1785789685.664178) can0 18F015F1#00004642477E4557
(1785789685.673105) can0 18F017F1#FA35FBF49C0C
(1785789685.673720) can0 18F018F1#F53CF7089281
(1785789685.678835) can0 18FEF1F8#FF0000FFFFFFFFFF
(1785789685.680682) can0 18F005F8#7DFFFF7DFFFFFFFF
(1785789685.735160) can0 1CECFFF1#20120003FF19F000
(1785789685.736120) can0 1CEBFFF1#0127100000000000
(1785789685.737133) can0 1CEBFFF1#0200000000000000
(1785789685.738122) can0 1CEBFFF1#03FFF3A3F4FFFFFF
(1785789685.738641) can0 18FF09D1#01000A00D50CE5
(1785789685.738900) can0 18FF14D1#
(1785789685.764122) can0 18F015F1#00004642477D4557
(1785789685.778063) can0 18FEF1F8#FF0000FFFFFFFFFF
(1785789685.779197) can0 18F005F8#7DFFFF7DFFFFFFFF
(1785789685.835180) can0 1CECFFF1#20120003FF19F000
(1785789685.836123) can0 1CEBFFF1#0127100000000000
(1785789685.837122) can0 1CEBFFF1#0200000000000000
(1785789685.838142) can0 1CEBFFF1#03FFF3A3F4FFFFFF
(1785789685.838632) can0 18FF09D1#01000A00D5A8E4
(1785789685.864213) can0 18F015F1#00004642477E4557
(1785789685.878170) can0 18FEF1F8#FF0000FFFFFFFFFF
(1785789685.879336) can0 18F005F8#7DFFFF7DFFFFFFFF
(1785789685.935284) can0 1CECFFF1#20120003FF19F000
(1785789685.936131) can0 1CEBFFF1#0127100000000000
(1785789685.937125) can0 1CEBFFF1#0200000000000000
(1785789685.938107) can0 1CEBFFF1#03FFF3A3F4FFFFFF
(1785789685.938634) can0 18FF09D1#01000A00D5A8E4
(1785789685.964129) can0 18F015F1#00004642477D4557
(1785789685.978026) can0 18FEF1F8#FF0000FFFFFFFFFF
(1785789685.979153) can0 18F005F8#7DFFFF7DFFFFFFFF
(1785789686.035255) can0 1CECFFF1#20120003FF19F000
(1785789686.036127) can0 1CEBFFF1#0127100000000000
(1785789686.037134) can0 1CEBFFF1#0200000000000000
(1785789686.038116) can0 1CEBFFF1#03FFF3A3F4FFFFFF
(1785789686.038628) can0 18FF09D1#01000A00D5A8E4
(1785789686.064214) can0 18F015F1#00004642477D4557
(1785789686.078190) can0 18FEF1F8#FF0000FFFFFFFFFF
(1785789686.079374) can0 18F005F8#7DFFFF7DFFFFFFFF
(1785789686.135229) can0 1CECFFF1#20120003FF19F000
(1785789686.136128) can0 1CEBFFF1#0127100000000000
(1785789686.137131) can0 1CEBFFF1#0200000000000000
(1785789686.138127) can0 1CEBFFF1#03FFF3A3F4FFFFFF
(1785789686.138652) can0 18FF09D1#01000A00D5A8E4
(1785789686.165136) can0 18F015F1#00004642477E4557
(1785789686.178204) can0 18FEF1F8#FF0000FFFFFFFFFF
(1785789686.179433) can0 18F005F8#7DFFFF7DFFFFFFFF
(1785789686.235234) can0 1CECFFF1#20120003FF19F000
(1785789686.236146) can0 1CEBFFF1#0127100000000000
(1785789686.237166) can0 1CEBFFF1#0200000000000000
(1785789686.238155) can0 1CEBFFF1#03FFF3A3F4FFFFFF
(1785789686.238661) can0 18FF09D1#01000A00D5DAE4
(1785789686.239054) can0 18FF14D1#
(1785789686.264205) can0 18F015F1#00004642477D4557
(1785789686.278345) can0 18FEF1F8#FF0000FFFFFFFFFF
(1785789686.279805) can0 18F005F8#7DFFFF7DFFFFFFFF
(1785789686.335198) can0 1CECFFF1#20120003FF19F000
(1785789686.336141) can0 1CEBFFF1#0127100000000000
(1785789686.337181) can0 1CEBFFF1#0200000000000000
(1785789686.338125) can0 1CEBFFF1#03FFF3A3F4FFFFFF
(1785789686.338678) can0 18FF09D1#01000A00D5DAE4
(1785789686.364196) can0 18F015F1#00004642477D4557
(1785789686.378366) can0 18FEF1F8#FF0000FFFFFFFFFF
(1785789686.379667) can0 18F005F8#7DFFFF7DFFFFFFFF
(1785789686.436212) can0 1CECFFF1#20120003FF19F000
(1785789686.437148) can0 1CEBFFF1#0127100000000000
(1785789686.438162) can0 1CEBFFF1#0200000000000000
(1785789686.438672) can0 18FF09D1#01000A00D5DAE4
(1785789686.439254) can0 1CEBFFF1#03FFF3A3F4FFFFFF
(1785789686.465168) can0 18F015F1#00004642477E4557
(1785789686.478106) can0 18FEF1F8#FF0000FFFFFFFFFF
(1785789686.479342) can0 18F005F8#7DFFFF7DFFFFFFFF
(1785789686.536218) can0 1CECFFF1#20120003FF19F000
(1785789686.537119) can0 1CEBFFF1#0127100000000000
(1785789686.538129) can0 1CEBFFF1#0200000000000000
(1785789686.538764) can0 18FF09D1#01000A00D5DAE4
(1785789686.539332) can0 1CEBFFF1#03FFF3A3F4FFFFFF
(1785789686.565186) can0 18F015F1#00004642477D4557
(1785789686.578162) can0 18FEF1F8#FF0000FFFFFFFFFF
(1785789686.579425) can0 18F005F8#7DFFFF7DFFFFFFFF
(1785789686.636378) can0 1CECFFF1#20120003FF19F000
(1785789686.637140) can0 1CEBFFF1#0127100000000000
(1785789686.638188) can0 1CEBFFF1#0200000000000000
(1785789686.638666) can0 18FF09D1#01000A00D5DAE4
(1785789686.639243) can0 1CEBFFF1#03FFF3A3F4FFFFFF
(1785789686.665460) can0 18F015F1#00004642477D4557
(1785789686.675263) can0 18F017F1#FA35FBF49C0C
(1785789686.675908) can0 18F018F1#F53CF7089281
(1785789686.678356) can0 18FEF1F8#FF0000FFFFFFFFFF
(1785789686.679658) can0 18F005F8#7DFFFF7DFFFFFFFF
(1785789686.736307) can0 1CECFFF1#20120003FF19F000
(1785789686.737123) can0 1CEBFFF1#0127100000000000
(1785789686.738148) can0 1CEBFFF1#0200000000000000
(1785789686.738667) can0 18FF09D1#01000A00D5DAE4
(1785789686.738940) can0 18FF14D1#
(1785789686.765130) can0 18F015F1#00004642477E4557
(1785789686.778052) can0 18FEF1F8#FF0000FFFFFFFFFF
(1785789686.779234) can0 18F005F8#7DFFFF7DFFFFFFFF
(1785789686.836170) can0 1CECFFF1#20120003FF19F000
(1785789686.837128) can0 1CEBFFF1#0127100000000000
(1785789686.838135) can0 1CEBFFF1#0200000000000000
(1785789686.838660) can0 18FF09D1#01000A00D5DAE4
(1785789686.839245) can0 1CEBFFF1#03FFF3A3F4FFFFFF
(1785789686.865142) can0 18F015F1#00004642477D4558
(1785789686.878041) can0 18FEF1F8#FF0000FFFFFFFFFF
(1785789686.879181) can0 18F005F8#7DFFFF7DFFFFFFFF
(1785789686.936286) can0 1CECFFF1#20120003FF19F000
(1785789686.937166) can0 1CEBFFF1#0127100000000000
(1785789686.938171) can0 1CEBFFF1#0200000000000000
(1785789686.938671) can0 18FF09D1#01000A00D5DAE4
(1785789686.939268) can0 1CEBFFF1#03FFF3A3F4FFFFFF
(1785789686.965264) can0 18F015F1#00004642477E4557
(1785789686.978231) can0 18FEF1F8#FF0000FFFFFFFFFF
(1785789686.979399) can0 18F005F8#7DFFFF7DFFFFFFFF
(1785789687.036278) can0 1CECFFF1#20120003FF19F000
(1785789687.037195) can0 1CEBFFF1#0127100000000000
(1785789687.038245) can0 1CEBFFF1#0200000000000000
(1785789687.038704) can0 18FF09D1#01000A00D5DAE4
(1785789687.039244) can0 1CEBFFF1#03FFF3A3F4FFFFFF
(1785789687.065165) can0 18F015F1#00004642477E4557
(1785789687.078090) can0 18FEF1F8#FF0000FFFFFFFFFF
(1785789687.079298) can0 18F005F8#7DFFFF7DFFFFFFFF
(1785789687.137226) can0 1CECFFF1#20120003FF19F000
(1785789687.138130) can0 1CEBFFF1#0127100000000000
(1785789687.138917) can0 18FF09D1#01000A00D5DAE4
(1785789687.139510) can0 1CEBFFF1#0200000000000000
(1785789687.140123) can0 1CEBFFF1#03FFF3A3F4FFFFFF
(1785789687.166150) can0 18F015F1#00004642477D4557
(1785789687.178203) can0 18FEF1F8#FF0000FFFFFFFFFF
(1785789687.179459) can0 18F005F8#7DFFFF7DFFFFFFFF
(1785789687.237320) can0 1CECFFF1#20120003FF19F000
(1785789687.238128) can0 1CEBFFF1#0127100000000000
(1785789687.238646) can0 18FF09D1#01000A00D538E6
(1785789687.239056) can0 18FF14D1#
(1785789687.240135) can0 1CEBFFF1#03FFF3A3F4FFFFFF
(1785789687.266291) can0 18F015F1#00004642477E4557
(1785789687.278500) can0 18FEF1F8#FF0000FFFFFFFFFF
(1785789687.279660) can0 18F005F8#7DFFFF7DFFFFFFFF
(1785789687.337246) can0 1CECFFF1#20120003FF19F000
(1785789687.338129) can0 1CEBFFF1#0127100000000000
(1785789687.338636) can0 18FF09D1#01000A00D538E6
(1785789687.339227) can0 1CEBFFF1#0200000000000000
(1785789687.340119) can0 1CEBFFF1#03FFF3A3F4FFFFFF
(1785789687.366150) can0 18F015F1#00004642477E4557
(1785789687.378091) can0 18FEF1F8#FF0000FFFFFFFFFF
(1785789687.379298) can0 18F005F8#7DFFFF7DFFFFFFFF
(1785789687.437183) can0 1CECFFF1#20120003FF19F000
(1785789687.438125) can0 1CEBFFF1#0127100000000000
(1785789687.438639) can0 18FF09D1#01000A00D538E6
(1785789687.439238) can0 1CEBFFF1#0200000000000000
(1785789687.440120) can0 1CEBFFF1#03FFF3A3F4FFFFFF
(1785789687.466117) can0 18F015F1#00004642477D4557
(1785789687.478035) can0 18FEF1F8#FF0000FFFFFFFFFF
(1785789687.479191) can0 18F005F8#7DFFFF7DFFFFFFFF
(1785789687.537171) can0 1CECFFF1#20120003FF19F000
(1785789687.538140) can0 1CEBFFF1#0127100000000000
(1785789687.538651) can0 18FF09D1#01000A00D538E6
(1785789687.539236) can0 1CEBFFF1#0200000000000000
(1785789687.540138) can0 1CEBFFF1#03FFF3A3F4FFFFFF
(1785789687.566291) can0 18F015F1#00004642477E4557
(1785789687.578233) can0 18FEF1F8#FF0000FFFFFFFFFF
(1785789687.579499) can0 18F005F8#7DFFFF7DFFFFFFFF
(1785789687.637243) can0 1CECFFF1#20120003FF19F000
(1785789687.638122) can0 1CEBFFF1#0127100000000000
(1785789687.638637) can0 18FF09D1#01000A00D538E6
(1785789687.639230) can0 1CEBFFF1#0200000000000000
(1785789687.640124) can0 1CEBFFF1#03FFF3A3F4FFFFFF
(1785789687.667155) can0 18F015F1#00004642477E4557
(1785789687.676368) can0 18F017F1#FABAFCB29C04
(1785789687.677093) can0 18F018F1#F483F7959279
(1785789687.679054) can0 18FEF1F8#FF0000FFFFFFFFFF
(1785789687.680304) can0 18F005F8#7DFFFF7DFFFFFFFF
(1785789687.738176) can0 1CECFFF1#20120003FF19F000
(1785789687.738637) can0 18FF09D1#01000A00D538E6
(1785789687.738987) can0 18FF14D1#
(1785789687.740136) can0 1CEBFFF1#0200000000000000
(1785789687.741126) can0 1CEBFFF1#03FFF3A3F4FFFFFF
(1785789687.767116) can0 18F015F1#00004642477D4557
(1785789687.778058) can0 18FEF1F8#FF0000FFFFFFFFFF
(1785789687.779215) can0 18F005F8#7DFFFF7DFFFFFFFF
(1785789687.837166) can0 1CECFFF1#20120003FF19F000
(1785789687.838133) can0 1CEBFFF1#0127100000000000
(1785789687.838648) can0 18FF09D1#01000A00D538E6
(1785789687.839250) can0 1CEBFFF1#0200000000000000
(1785789687.840134) can0 1CEBFFF1#03FFF3A3F4FFFFFF
(1785789687.866140) can0 18F015F1#00004642477E4557
(1785789687.878058) can0 18FEF1F8#FF0000FFFFFFFFFF
(1785789687.879223) can0 18F005F8#7DFFFF7DFFFFFFFF
(1785789687.938513) can0 1CECFFF1#20120003FF19F000
(1785789687.939119) can0 18FF09D1#01000A00D538E6
(1785789687.939704) can0 1CEBFFF1#0127100000000000
(1785789687.940235) can0 1CEBFFF1#0200000000000000
(1785789687.941188) can0 1CEBFFF1#03FFF3A3F4FFFFFF
(1785789687.967275) can0 18F015F1#00004642477E4558
(1785789687.978042) can0 18FEF1F8#FF0000FFFFFFFFFF
(1785789687.979151) can0 18F005F8#7DFFFF7DFFFFFFFF
(1785789688.038223) can0 1CECFFF1#20120003FF19F000
(1785789688.038654) can0 18FF09D1#01000A00D538E6
(1785789688.039210) can0 1CEBFFF1#0127100000000000
(1785789688.040136) can0 1CEBFFF1#0200000000000000
(1785789688.041118) can0 1CEBFFF1#03FFF3A3F4FFFFFF
(1785789688.067169) can0 18F015F1#00004642477E4558
(1785789688.078042) can0 18FEF1F8#FF0000FFFFFFFFFF
(1785789688.079205) can0 18F005F8#7DFFFF7DFFFFFFFF
(1785789688.138182) can0 1CECFFF1#20120003FF19F000
(1785789688.138658) can0 18FF09D1#01000A00D538E6
(1785789688.139228) can0 1CEBFFF1#0127100000000000
(1785789688.140154) can0 1CEBFFF1#0200000000000000
(1785789688.141133) can0 1CEBFFF1#03FFF3A3F4FFFFFF
(1785789688.167135) can0 18F015F1#00004642477E4557
(1785789688.178197) can0 18FEF1F8#FF0000FFFFFFFFFF
(1785789688.179345) can0 18F005F8#7DFFFF7DFFFFFFFF
(1785789688.238261) can0 1CECFFF1#20120003FF19F000
(1785789688.238755) can0 18FF09D1#01000A00D538E6
(1785789688.239079) can0 18FF14D1#
(1785789688.240189) can0 1CEBFFF1#0200000000000000
(1785789688.241147) can0 1CEBFFF1#03FFF3A3F4FFFFFF
(1785789688.267180) can0 18F015F1#00004642477E4557
(1785789688.278217) can0 18FEF1F8#FF0000FFFFFFFFFF
(1785789688.279443) can0 18F005F8#7DFFFF7DFFFFFFFF
(1785789688.338159) can0 1CECFFF1#20120003FF19F000
(1785789688.338654) can0 18FF09D1#01000A00D538E6
(1785789688.339233) can0 1CEBFFF1#0127100000000000
(1785789688.340144) can0 1CEBFFF1#0200000000000000
(1785789688.341128) can0 1CEBFFF1#03FFF3A3F4FFFFFF
(1785789688.367157) can0 18F015F1#00004642477D4557
(1785789688.378118) can0 18FEF1F8#FF0000FFFFFFFFFF
(1785789688.379272) can0 18F005F8#7DFFFF7DFFFFFFFF
(1785789688.438192) can0 1CECFFF1#20120003FF19F000
(1785789688.438668) can0 18FF09D1#01000A00D538E6
(1785789688.439226) can0 1CEBFFF1#0127100000000000
(1785789688.440153) can0 1CEBFFF1#0200000000000000
(1785789688.441135) can0 1CEBFFF1#03FFF3A3F4FFFFFF
(1785789688.467165) can0 18F015F1#00004642477E4557
(1785789688.478039) can0 18FEF1F8#FF0000FFFFFFFFFF
(1785789688.479194) can0 18F005F8#7DFFFF7DFFFFFFFF
(1785789688.538452) can0 18FF09D1#01000A00D538E6
(1785789688.539166) can0 1CECFFF1#20120003FF19F000
(1785789688.540150) can0 1CEBFFF1#0127100000000000
(1785789688.541153) can0 1CEBFFF1#0200000000000000
(1785789688.542140) can0 1CEBFFF1#03FFF3A3F4FFFFFF
(1785789688.568245) can0 18F015F1#00004642477E4557
(1785789688.578101) can0 18FEF1F8#FF0000FFFFFFFFFF
(1785789688.579295) can0 18F005F8#7DFFFF7DFFFFFFFF
(1785789688.638628) can0 18FF09D1#01000A00D538E6
(1785789688.639134) can0 1CECFFF1#20120003FF19F000
(1785789688.642272) can0 1CEBFFF1#0127100000000000
(1785789688.642599) can0 1CEBFFF1#0200000000000000
(1785789688.643085) can0 1CEBFFF1#03FFF3A3F4FFFFFF
(1785789688.668153) can0 18F015F1#00004642477E4557
(1785789688.678143) can0 18FEF1F8#FF0000FFFFFFFFFF
(1785789688.678613) can0 18F017F1#FABAFCB29C04
(1785789688.679117) can0 18F018F1#F483F7959279
(1785789688.680288) can0 18F005F8#7DFFFF7DFFFFFFFF
(1785789688.738547) can0 18FF09D1#01000A00D538E6
(1785789688.738999) can0 18FF14D1#
(1785789688.739317) can0 1CECFFF1#20120003FF19F000
(1785789688.740135) can0 1CEBFFF1#0127100000000000
(1785789688.741139) can0 1CEBFFF1#0200000000000000
(1785789688.742126) can0 1CEBFFF1#03FFF3A3F4FFFFFF
(1785789688.768165) can0 18F015F1#00004642477E4557
(1785789688.778055) can0 18FEF1F8#FF0000FFFFFFFFFF
(1785789688.779232) can0 18F005F8#7DFFFF7DFFFFFFFF
(1785789688.838467) can0 18FF09D1#01000A00D538E6
(1785789688.839140) can0 1CECFFF1#20120003FF19F000
(1785789688.840140) can0 1CEBFFF1#0127100000000000
(1785789688.841147) can0 1CEBFFF1#0200000000000000
(1785789688.842134) can0 1CEBFFF1#03FFF3A3F4FFFFFF
(1785789688.868137) can0 18F015F1#00004641477E4557
(1785789688.878013) can0 18FEF1F8#FF0000FFFFFFFFFF
(1785789688.879185) can0 18F005F8#7DFFFF7DFFFFFFFF
(1785789688.938516) can0 18FF09D1#01000A00D538E6
(1785789688.939147) can0 1CECFFF1#20120003FF19F000
(1785789688.940179) can0 1CEBFFF1#0127100000000000
(1785789688.941307) can0 1CEBFFF1#0200000000000000
(1785789688.942229) can0 1CEBFFF1#03FFF26335FFFFFF
(1785789688.968240) can0 18F015F1#00004642477D4557
(1785789688.978201) can0 18FEF1F8#FF0000FFFFFFFFFF
(1785789688.979384) can0 18F005F8#7DFFFF7DFFFFFFFF
(1785789689.038491) can0 18FF09D1#01000A00D538E6
(1785789689.039138) can0 1CECFFF1#20120003FF19F000
(1785789689.040128) can0 1CEBFFF1#0127100000000000
(1785789689.041229) can0 1CEBFFF1#0200000000000000
(1785789689.042153) can0 1CEBFFF1#03FFF3A3F4FFFFFF
(1785789689.068179) can0 18F015F1#00004641477E4558
(1785789689.078060) can0 18FEF1F8#FF0000FFFFFFFFFF
(1785789689.079318) can0 18F005F8#7DFFFF7DFFFFFFFF
(1785789689.138521) can0 18FF09D1#01000A00D538E6
(1785789689.139164) can0 1CECFFF1#20120003FF19F000
(1785789689.140147) can0 1CEBFFF1#0127100000000000
(1785789689.141156) can0 1CEBFFF1#0200000000000000
(1785789689.142139) can0 1CEBFFF1#03FFF26335FFFFFF
(1785789689.169141) can0 18F015F1#00004641477E4557
(1785789689.178054) can0 18FEF1F8#FF0000FFFFFFFFFF
(1785789689.179242) can0 18F005F8#7DFFFF7DFFFFFFFF
(1785789689.238724) can0 18FF09D1#01000A00D5D4E5
(1785789689.239152) can0 1CECFFF1#20120003FF19F000
(1785789689.239406) can0 18FF14D1#
(1785789689.240146) can0 1CEBFFF1#0127100000000000
(1785789689.241185) can0 1CEBFFF1#0200000000000000
(1785789689.242163) can0 1CEBFFF1#03FFF26335FFFFFF
(1785789689.268329) can0 18F015F1#00004642477E4557
(1785789689.278285) can0 18FEF1F8#FF0000FFFFFFFFFF
(1785789689.279535) can0 18F005F8#7DFFFF7DFFFFFFFF
(1785789689.338467) can0 18FF09D1#01000A00D5D4E5
(1785789689.340129) can0 1CECFFF1#20120003FF19F000
(1785789689.341127) can0 1CEBFFF1#0127100000000000
(1785789689.342148) can0 1CEBFFF1#0200000000000000
(1785789689.343120) can0 1CEBFFF1#03FFF26335FFFFFF
(1785789689.369172) can0 18F015F1#00004641477E4557
(1785789689.378129) can0 18FEF1F8#FF0000FFFFFFFFFF
(1785789689.379310) can0 18F005F8#7DFFFF7DFFFFFFFF
(1785789689.438505) can0 18FF09D1#01000A00D5D4E5
(1785789689.440140) can0 1CECFFF1#20120003FF19F000
(1785789689.441140) can0 1CEBFFF1#0127100000000000
(1785789689.442153) can0 1CEBFFF1#0200000000000000
(1785789689.443144) can0 1CEBFFF1#03FFF26335FFFFFF
(1785789689.469188) can0 18F015F1#00004641477D4557
(1785789689.478092) can0 18FEF1F8#FF0000FFFFFFFFFF
(1785789689.479305) can0 18F005F8#7DFFFF7DFFFFFFFF
(1785789689.538487) can0 18FF09D1#01000A00D5D4E5
(1785789689.540142) can0 1CECFFF1#20120003FF19F000
(1785789689.541147) can0 1CEBFFF1#0127100000000000
(1785789689.542150) can0 1CEBFFF1#0200000000000000
(1785789689.543130) can0 1CEBFFF1#03FFF26335FFFFFF
(1785789689.569274) can0 18F015F1#00004642477E4557
(1785789689.578208) can0 18FEF1F8#FF0000FFFFFFFFFF
(1785789689.579469) can0 18F005F8#7DFFFF7DFFFFFFFF
(1785789689.638465) can0 18FF09D1#01000A00D5D4E5
(1785789689.640188) can0 1CECFFF1#20120003FF19F000
(1785789689.641165) can0 1CEBFFF1#0127100000000000
(1785789689.642185) can0 1CEBFFF1#0200000000000000
(1785789689.643176) can0 1CEBFFF1#03FFF26335FFFFFF
(1785789689.670186) can0 18F015F1#00004641477E4557
(1785789689.678079) can0 18FEF1F8#FF0000FFFFFFFFFF
(1785789689.679065) can0 18F017F1#F9BFFC8B9CC7
(1785789689.679614) can0 18F005F8#7DFFFF7DFFFFFFFF
(1785789689.738617) can0 18FF09D1#01000A00D5D4E5
(1785789689.739053) can0 18FF14D1#
(1785789689.740151) can0 1CECFFF1#20120003FF19F000
(1785789689.741138) can0 1CEBFFF1#0127100000000000
(1785789689.742148) can0 1CEBFFF1#0200000000000000
(1785789689.743126) can0 1CEBFFF1#03FFF26335FFFFFF
(1785789689.769171) can0 18F015F1#00004641477D4557
(1785789689.778027) can0 18FEF1F8#FF0000FFFFFFFFFF
(1785789689.779153) can0 18F005F8#7DFFFF7DFFFFFFFF
(1785789689.838446) can0 18FF09D1#01000A00D5D4E5
(1785789689.840165) can0 1CECFFF1#20120003FF19F000
(1785789689.841144) can0 1CEBFFF1#0127100000000000
(1785789689.842158) can0 1CEBFFF1#0200000000000000
(1785789689.843136) can0 1CEBFFF1#03FFF26335FFFFFF
(1785789689.869169) can0 18F015F1#00004641477E4557
(1785789689.878053) can0 18FEF1F8#FF0000FFFFFFFFFF
(1785789689.879270) can0 18F005F8#7DFFFF7DFFFFFFFF
(1785789689.938649) can0 18FF09D1#01000A00D5D4E5
(1785789689.940219) can0 1CECFFF1#20120003FF19F000
(1785789689.941179) can0 1CEBFFF1#0127100000000000
(1785789689.942270) can0 1CEBFFF1#0200000000000000
(1785789689.943183) can0 1CEBFFF1#03FFF26335FFFFFF
(1785789689.969287) can0 18F015F1#00004641477E4557
(1785789689.978054) can0 18FEF1F8#FF0000FFFFFFFFFF
(1785789689.979306) can0 18F005F8#7DFFFF7DFFFFFFFF
(1785789690.038472) can0 18FF09D1#01000A00D5D4E5
(1785789690.041159) can0 1CECFFF1#20120003FF19F000
(1785789690.042135) can0 1CEBFFF1#0127100000000000
(1785789690.043148) can0 1CEBFFF1#0200000000000000
(1785789690.044141) can0 1CEBFFF1#03FFF26335FFFFFF
(1785789690.070184) can0 18F015F1#00004641477D4557
(1785789690.078052) can0 18FEF1F8#FF0000FFFFFFFFFF
(1785789690.079175) can0 18F005F8#7DFFFF7DFFFFFFFF
(1785789690.138436) can0 18FF09D1#01000A00D5D4E5
(1785789690.141144) can0 1CECFFF1#20120003FF19F000
(1785789690.142141) can0 1CEBFFF1#0127100000000000
(1785789690.143156) can0 1CEBFFF1#0200000000000000
(1785789690.144145) can0 1CEBFFF1#03FFF26335FFFFFF
(1785789690.170142) can0 18F015F1#00004641477E4557
(1785789690.178041) can0 18FEF1F8#FF0000FFFFFFFFFF
(1785789690.179174) can0 18F005F8#7DFFFF7DFFFFFFFF
(1785789690.238603) can0 18FF09D1#01000A00D5D4E5
(1785789690.239062) can0 18FF14D1#
(1785789690.241168) can0 1CECFFF1#20120003FF19F000
(1785789690.242151) can0 1CEBFFF1#0127100000000000
(1785789690.243159) can0 1CEBFFF1#0200000000000000
(1785789690.244174) can0 1CEBFFF1#03FFF26335FFFFFF
(1785789690.270231) can0 18F015F1#00004641477E4557
(1785789690.278432) can0 18FEF1F8#FF0000FFFFFFFFFF
(1785789690.279660) can0 18F005F8#7DFFFF7DFFFFFFFF
(1785789690.338427) can0 18FF09D1#01000A00D5D4E5
(1785789690.341157) can0 1CECFFF1#20120003FF19F000
(1785789690.342141) can0 1CEBFFF1#0127100000000000
(1785789690.343155) can0 1CEBFFF1#0200000000000000
(1785789690.344148) can0 1CEBFFF1#03FFF26335FFFFFF
(1785789690.370190) can0 18F015F1#00004641477E4557
(1785789690.378004) can0 18FEF1F8#FF0000FFFFFFFFFF
(1785789690.379126) can0 18F005F8#7DFFFF7DFFFFFFFF
(1785789690.438428) can0 18FF09D1#01000A00D5D4E5
(1785789690.441146) can0 1CECFFF1#20120003FF19F000
(1785789690.442142) can0 1CEBFFF1#0127100000000000
(1785789690.443155) can0 1CEBFFF1#0200000000000000
(1785789690.444144) can0 1CEBFFF1#03FFF26335FFFFFF
(1785789690.470154) can0 18F015F1#00004641477E4557
(1785789690.478018) can0 18FEF1F8#FF0000FFFFFFFFFF
(1785789690.479145) can0 18F005F8#7DFFFF7DFFFFFFFF
(1785789690.538409) can0 18FF09D1#01000A00D5D4E5
(1785789690.541167) can0 1CECFFF1#20120003FF19F000
(1785789690.542158) can0 1CEBFFF1#0127100000000000
(1785789690.543171) can0 1CEBFFF1#0200000000000000
(1785789690.544161) can0 1CEBFFF1#03FFF26335FFFFFF
(1785789690.570275) can0 18F015F1#00004641477E4557
(1785789690.578113) can0 18FEF1F8#FF0000FFFFFFFFFF
(1785789690.583502) can0 18F005F8#7DFFFF7DFFFFFFFF
(1785789690.638717) can0 18FF09D1#01000A00D5D4E5
(1785789690.642283) can0 1CECFFF1#20120003FF19F000
(1785789690.643216) can0 1CEBFFF1#0127100000000000
(1785789690.644477) can0 1CEBFFF1#0200000000000000
(1785789690.645138) can0 1CEBFFF1#03FFF26335FFFFFF
(1785789690.671299) can0 18F015F1#00004641477D4557
(1785789690.678426) can0 18FEF1F8#FF0000FFFFFFFFFF
(1785789690.679656) can0 18F005F8#7DFFFF7DFFFFFFFF
(1785789690.680173) can0 18F017F1#F9BFFC8B9CC7
(1785789690.680682) can0 18F018F1#F461F6619251
(1785789690.738602) can0 18ECFFD1#200E0002FF09FF00
(1785789690.739254) can0 18EBFFD1#0101000A00D50CE5
(1785789690.739805) can0 18EBFFD1#0201000B00D348DB
(1785789690.740807) can0 18FF14D1#
(1785789690.741377) can0 1CECFFF1#20120003FF19F000
(1785789690.742148) can0 1CEBFFF1#0127100000000000
(1785789690.743194) can0 1CEBFFF1#0200000000000000
(1785789690.744145) can0 1CEBFFF1#03FFF26335FFFFFF
(1785789690.770171) can0 18F015F1#00004641477E4557
(1785789690.778022) can0 18FEF1F8#FF0000FFFFFFFFFF
(1785789690.779150) can0 18F005F8#7DFFFF7DFFFFFFFF
(1785789690.838556) can0 18ECFFD1#200E0002FF09FF00
(1785789690.839045) can0 18EBFFD1#0101000A00D50CE5
(1785789690.839591) can0 18EBFFD1#0201000B00D348DB
(1785789690.842153) can0 1CECFFF1#20120003FF19F000
(1785789690.843147) can0 1CEBFFF1#0127100000000000
(1785789690.844166) can0 1CEBFFF1#0200000000000000
(1785789690.845133) can0 1CEBFFF1#03FFF26335FFFFFF
(1785789690.871154) can0 18F015F1#00004641477E4557
(1785789690.878017) can0 18FEF1F8#FF0000FFFFFFFFFF
(1785789690.879145) can0 18F005F8#7DFFFF7DFFFFFFFF
(1785789690.939079) can0 18ECFFD1#200E0002FF09FF00
(1785789690.939426) can0 18EBFFD1#0101000A00D50CE5
(1785789690.940003) can0 18EBFFD1#0201000B00D348DB
(1785789690.942217) can0 1CECFFF1#20120003FF19F000
(1785789690.943187) can0 1CEBFFF1#0127100000000000
(1785789690.944190) can0 1CEBFFF1#0200000000000000
(1785789690.945171) can0 1CEBFFF1#03FFF26335FFFFFF
(1785789690.971473) can0 18F015F1#00004641477E4557
(1785789690.978629) can0 18FEF1F8#FF0000FFFFFFFFFF
(1785789690.979837) can0 18F005F8#7DFFFF7DFFFFFFFF
(1785789691.039244) can0 18ECFFD1#200E0002FF09FF00
(1785789691.039625) can0 18EBFFD1#0101000A00D50CE5
(1785789691.039900) can0 18EBFFD1#0201000B00D348DB
(1785789691.042207) can0 1CECFFF1#20120003FF19F000
(1785789691.043178) can0 1CEBFFF1#0127100000000000
(1785789691.044194) can0 1CEBFFF1#0200000000000000
(1785789691.045159) can0 1CEBFFF1#03FFF26335FFFFFF
(1785789691.071400) can0 18F015F1#00004641477E4557
(1785789691.078554) can0 18FEF1F8#FF0000FFFFFFFFFF
(1785789691.079918) can0 18F005F8#7DFFFF7DFFFFFFFF
(1785789691.138556) can0 18ECFFD1#200E0002FF09FF00
(1785789691.139020) can0 18EBFFD1#0101000A00D50CE5
(1785789691.139574) can0 18EBFFD1#0201000B00D348DB
(1785789691.142151) can0 1CECFFF1#20120003FF19F000
(1785789691.143148) can0 1CEBFFF1#0127100000000000
(1785789691.144164) can0 1CEBFFF1#0200000000000000
(1785789691.145135) can0 1CEBFFF1#03FFF26335FFFFFF
(1785789691.172158) can0 18F015F1#00004641477E4557
(1785789691.178042) can0 18FEF1F8#FF0000FFFFFFFFFF
(1785789691.179169) can0 18F005F8#7DFFFF7DFFFFFFFF
(1785789691.239021) can0 18ECFFD1#200E0002FF09FF00
(1785789691.239518) can0 18EBFFD1#0101000A00D50CE5
(1785789691.240074) can0 18EBFFD1#0201000B00D348DB
(1785789691.240736) can0 18FF14D1#
(1785789691.241226) can0 18FF16D1#01000A0064
(1785789691.242179) can0 1CECFFF1#20120003FF19F000
(1785789691.243152) can0 1CEBFFF1#0127100000000000
(1785789691.244168) can0 1CEBFFF1#0200000000000000
(1785789691.245141) can0 1CEBFFF1#03FFF26335FFFFFF
(1785789691.271294) can0 18F015F1#00004641477E4558
(1785789691.278166) can0 18FEF1F8#FF0000FFFFFFFFFF
(1785789691.279374) can0 18F005F8#7DFFFF7DFFFFFFFF
(1785789691.338502) can0 18ECFFD1#200E0002FF09FF00
(1785789691.339013) can0 18EBFFD1#0101000A00D57CE3
(1785789691.339565) can0 18EBFFD1#0201000B00D348DB
(1785789691.342162) can0 1CECFFF1#20120003FF19F000
(1785789691.343151) can0 1CEBFFF1#0127100000000000
(1785789691.344162) can0 1CEBFFF1#0200000000000000
(1785789691.345140) can0 1CEBFFF1#03FFF26335FFFFFF
(1785789691.371153) can0 18F015F1#00004641477E4558
(1785789691.378048) can0 18FEF1F8#FF0000FFFFFFFFFF
(1785789691.379164) can0 18F005F8#7DFFFF7DFFFFFFFF
(1785789691.438505) can0 18ECFFD1#200E0002FF09FF00
(1785789691.439021) can0 18EBFFD1#0101000A00D57CE3
(1785789691.439572) can0 18EBFFD1#0201000B00D348DB
(1785789691.443160) can0 1CECFFF1#20120003FF19F000
(1785789691.444158) can0 1CEBFFF1#0127100000000000
(1785789691.445168) can0 1CEBFFF1#0200000000000000
(1785789691.446151) can0 1CEBFFF1#03FFF26335FFFFFF
(1785789691.472160) can0 18F015F1#00004641477E4558
(1785789691.478028) can0 18FEF1F8#FF0000FFFFFFFFFF
(1785789691.479162) can0 18F005F8#7DFFFF7DFFFFFFFF
(1785789691.538554) can0 18ECFFD1#200E0002FF09FF00
(1785789691.539059) can0 18EBFFD1#0101000A00D57CE3
(1785789691.539612) can0 18EBFFD1#0201000B00D348DB
(1785789691.543177) can0 1CECFFF1#20120003FF19F000
(1785789691.544179) can0 1CEBFFF1#0127100000000000
(1785789691.545227) can0 1CEBFFF1#0200000000000000
(1785789691.546155) can0 1CEBFFF1#03FFF26335FFFFFF
(1785789691.572492) can0 18F015F1#00004641477E4557
(1785789691.578151) can0 18FEF1F8#FF0000FFFFFFFFFF
(1785789691.579317) can0 18F005F8#7DFFFF7DFFFFFFFF
(1785789691.639429) can0 18ECFFD1#200E0002FF09FF00
(1785789691.640060) can0 18EBFFD1#0101000A00D57CE3
(1785789691.640491) can0 18EBFFD1#0201000B00D348DB
(1785789691.643251) can0 1CECFFF1#20120003FF19F000
(1785789691.644220) can0 1CEBFFF1#0127100000000000
(1785789691.645204) can0 1CEBFFF1#0200000000000000
(1785789691.646201) can0 1CEBFFF1#03FFF26335FFFFFF
(1785789691.672392) can0 18F015F1#00004641477F4558
(1785789691.679244) can0 18FEF1F8#FF0000FFFFFFFFFF
(1785789691.680856) can0 18F005F8#7DFFFF7DFFFFFFFF
(1785789691.682088) can0 18F017F1#FACFFCAF9CA5
(1785789691.682665) can0 18F018F1#F50FF6A9921C
(1785789691.738615) can0 18ECFFD1#200E0002FF09FF00
(1785789691.739122) can0 18EBFFD1#0101000A00D57CE3
(1785789691.739674) can0 18EBFFD1#0201000B00D348DB
(1785789691.740335) can0 18FF14D1#
(1785789691.743176) can0 1CECFFF1#20120003FF19F000
(1785789691.744227) can0 1CEBFFF1#0127100000000000
(1785789691.745177) can0 1CEBFFF1#0200000000000000
(1785789691.746156) can0 1CEBFFF1#03FFF26335FFFFFF
(1785789691.772186) can0 18F015F1#00004641477E4557
(1785789691.778022) can0 18FEF1F8#FF0000FFFFFFFFFF
(1785789691.779139) can0 18F005F8#7DFFFF7DFFFFFFFF
(1785789691.838490) can0 18ECFFD1#200E0002FF09FF00
(1785789691.839006) can0 18EBFFD1#0101000A00D5E0E3
(1785789691.839563) can0 18EBFFD1#0201000B00D348DB
(1785789691.843157) can0 1CECFFF1#20120003FF19F000
(1785789691.844166) can0 1CEBFFF1#0127100000000000
(1785789691.845170) can0 1CEBFFF1#0200000000000000
(1785789691.846193) can0 1CEBFFF1#03FFF26335FFFFFF
(1785789691.872165) can0 18F015F1#00004641477E4557
(1785789691.878017) can0 18FEF1F8#FF0000FFFFFFFFFF
(1785789691.879180) can0 18F005F8#7DFFFF7DFFFFFFFF
(1785789691.938579) can0 18ECFFD1#200E0002FF09FF00
(1785789691.939042) can0 18EBFFD1#0101000A00D5E0E3
(1785789691.939588) can0 18EBFFD1#0201000B00D348DB
(1785789691.943251) can0 1CECFFF1#20120003FF19F000
(1785789691.944193) can0 1CEBFFF1#0127100000000000
(1785789691.945202) can0 1CEBFFF1#0200000000000000
(1785789691.946200) can0 1CEBFFF1#03FFF26335FFFFFF
(1785789691.972453) can0 18F015F1#00004641477E4557
(1785789691.978544) can0 18FEF1F8#FF0000FFFFFFFFFF
(1785789691.979842) can0 18F005F8#7DFFFF7DFFFFFFFF
(1785789692.038464) can0 18ECFFD1#200E0002FF09FF00
(1785789692.038978) can0 18EBFFD1#0101000A00D5E0E3
(1785789692.039532) can0 18EBFFD1#0201000B00D348DB
(1785789692.043157) can0 1CECFFF1#20120003FF19F000
(1785789692.044673) can0 1CEBFFF1#0127100000000000
(1785789692.046050) can0 1CEBFFF1#0200000000000000
(1785789692.046309) can0 1CEBFFF1#03FFF26335FFFFFF
(1785789692.072199) can0 18F015F1#00004641477E4558
(1785789692.078032) can0 18FEF1F8#FF0000FFFFFFFFFF
(1785789692.079155) can0 18F005F8#7DFFFF7DFFFFFFFF
(1785789692.138520) can0 18ECFFD1#200E0002FF09FF00
(1785789692.138980) can0 18EBFFD1#0101000A00D5E0E3
(1785789692.139535) can0 18EBFFD1#0201000B00D348DB
(1785789692.143157) can0 1CECFFF1#20120003FF19F000
(1785789692.144160) can0 1CEBFFF1#0127100000000000
(1785789692.145178) can0 1CEBFFF1#0200000000000000
(1785789692.146154) can0 1CEBFFF1#03FFF26335FFFFFF
(1785789692.173154) can0 18F015F1#00004641477E4557
(1785789692.178025) can0 18FEF1F8#FF0000FFFFFFFFFF
(1785789692.179173) can0 18F005F8#7DFFFF7DFFFFFFFF
(1785789692.238606) can0 18ECFFD1#200E0002FF09FF00
(1785789692.239098) can0 18EBFFD1#0101000A00D5E0E3
(1785789692.239639) can0 18EBFFD1#0201000B00D348DB
(1785789692.240645) can0 18FF14D1#
(1785789692.244234) can0 1CECFFF1#20120003FF19F000
(1785789692.245174) can0 1CEBFFF1#0127100000000000
(1785789692.246185) can0 1CEBFFF1#0200000000000000
(1785789692.247194) can0 1CEBFFF1#03FFF26335FFFFFF
(1785789692.273305) can0 18F015F1#00004641477E4557
(1785789692.278117) can0 18FEF1F8#FF0000FFFFFFFFFF
(1785789692.279347) can0 18F005F8#7DFFFF7DFFFFFFFF
(1785789692.338512) can0 18ECFFD1#200E0002FF09FF00
(1785789692.339048) can0 18EBFFD1#0101000A00D53EE5
(1785789692.339582) can0 18EBFFD1#0201000B00D348DB
(1785789692.344168) can0 1CECFFF1#20120003FF19F000
(1785789692.345163) can0 1CEBFFF1#0127100000000000
(1785789692.346176) can0 1CEBFFF1#0200000000000000
(1785789692.347153) can0 1CEBFFF1#03FFF26335FFFFFF
(1785789692.373151) can0 18F015F1#00004641477E4557
(1785789692.378006) can0 18FEF1F8#FF0000FFFFFFFFFF
(1785789692.379140) can0 18F005F8#7DFFFF7DFFFFFFFF
(1785789692.438482) can0 18ECFFD1#200E0002FF09FF00
(1785789692.438986) can0 18EBFFD1#0101000A00D53EE5
(1785789692.439537) can0 18EBFFD1#0201000B00D348DB
(1785789692.444182) can0 1CECFFF1#20120003FF19F000
(1785789692.445177) can0 1CEBFFF1#0127100000000000
(1785789692.446185) can0 1CEBFFF1#0200000000000000
(1785789692.447167) can0 1CEBFFF1#03FFF26335FFFFFF
(1785789692.473188) can0 18F015F1#00004641477E4557
(1785789692.478012) can0 18FEF1F8#FF0000FFFFFFFFFF
(1785789692.479140) can0 18F005F8#7DFFFF7DFFFFFFFF
(1785789692.538436) can0 18ECFFD1#200E0002FF09FF00
(1785789692.538969) can0 18EBFFD1#0101000A00D53EE5
(1785789692.539524) can0 18EBFFD1#0201000B00D348DB
(1785789692.544161) can0 1CECFFF1#20120003FF19F000
(1785789692.545159) can0 1CEBFFF1#0127100000000000
(1785789692.546176) can0 1CEBFFF1#0200000000000000
(1785789692.547154) can0 1CEBFFF1#03FFF26335FFFFFF
(1785789692.573270) can0 18F015F1#00004641477E4557
(1785789692.578127) can0 18FEF1F8#FF0000FFFFFFFFFF
(1785789692.579321) can0 18F005F8#7DFFFF7DFFFFFFFF
(1785789692.638516) can0 18ECFFD1#200E0002FF09FF00
(1785789692.639021) can0 18EBFFD1#0101000A00D53EE5
(1785789692.639542) can0 18EBFFD1#0201000B00D348DB
(1785789692.644273) can0 1CECFFF1#20120003FF19F000
(1785789692.645199) can0 1CEBFFF1#0127100000000000
(1785789692.646223) can0 1CEBFFF1#0200000000000000
(1785789692.647158) can0 1CEBFFF1#03FFF26335FFFFFF
(1785789692.674304) can0 18F015F1#00004641477E4557
(1785789692.678596) can0 18FEF1F8#FF0000FFFFFFFFFF
(1785789692.679929) can0 18F005F8#7DFFFF7DFFFFFFFF
(1785789692.683119) can0 18F017F1#FACFFCAF9CA5
(1785789692.683540) can0 18F018F1#F50FF6A9921C
(1785789692.738540) can0 18ECFFD1#200E0002FF09FF00
(1785789692.739157) can0 18EBFFD1#0101000A00D53EE5
(1785789692.739593) can0 18EBFFD1#0201000B00D348DB
(1785789692.740287) can0 18FF14D1#
(1785789692.744168) can0 1CECFFF1#20120003FF19F000
(1785789692.745172) can0 1CEBFFF1#0127100000000000
(1785789692.746178) can0 1CEBFFF1#0200000000000000
(1785789692.747151) can0 1CEBFFF1#03FFF26335FFFFFF
(1785789692.773193) can0 18F015F1#00004641477E4557
(1785789692.778028) can0 18FEF1F8#FF0000FFFFFFFFFF
(1785789692.779155) can0 18F005F8#7DFFFF7DFFFFFFFF
(1785789692.838424) can0 18ECFFD1#200E0002FF09FF00
(1785789692.838949) can0 18EBFFD1#0101000A00D53EE5
(1785789692.839502) can0 18EBFFD1#0201000B00D348DB
(1785789692.844166) can0 1CECFFF1#20120003FF19F000
(1785789692.845165) can0 1CEBFFF1#0127100000000000
(1785789692.846180) can0 1CEBFFF1#0200000000000000
(1785789692.847150) can0 1CEBFFF1#03FFF26335FFFFFF
(1785789692.873161) can0 18F015F1#00004641477F4558
(1785789692.878003) can0 18FEF1F8#FF0000FFFFFFFFFF
(1785789692.879129) can0 18F005F8#7DFFFF7DFFFFFFFF
(1785789692.938592) can0 18ECFFD1#200E0002FF09FF00
(1785789692.939102) can0 18EBFFD1#0101000A00D53EE5
(1785789692.939559) can0 18EBFFD1#0201000B00D348DB
(1785789692.945276) can0 1CECFFF1#20120003FF19F000
(1785789692.946189) can0 1CEBFFF1#0127100000000000
(1785789692.947207) can0 1CEBFFF1#0200000000000000
(1785789692.948176) can0 1CEBFFF1#03FFF26335FFFFFF
(1785789692.974400) can0 18F015F1#00004641477E4557
(1785789692.978131) can0 18FEF1F8#FF0000FFFFFFFFFF
(1785789692.979264) can0 18F005F8#7DFFFF7DFFFFFFFF
(1785789693.038471) can0 18ECFFD1#200E0002FF09FF00
(1785789693.038959) can0 18EBFFD1#0101000A00D53EE5
(1785789693.039509) can0 18EBFFD1#0201000B00D348DB
(1785789693.045236) can0 1CECFFF1#20120003FF19F000
(1785789693.046187) can0 1CEBFFF1#0127100000000000
(1785789693.047225) can0 1CEBFFF1#0200000000000000
(1785789693.048187) can0 1CEBFFF1#03FFF26335FFFFFF
(1785789693.074247) can0 18F015F1#00004641477E4557
(1785789693.078791) can0 18FEF1F8#FF0000FFFFFFFFFF
(1785789693.080107) can0 18F005F8#7DFFFF7DFFFFFFFF
(1785789693.138532) can0 18ECFFD1#200E0002FF09FF00
(1785789693.139017) can0 18EBFFD1#0101000A00D53EE5
(1785789693.139554) can0 18EBFFD1#0201000B00D348DB
(1785789693.145173) can0 1CECFFF1#20120003FF19F000
(1785789693.146169) can0 1CEBFFF1#0127100000000000
(1785789693.147174) can0 1CEBFFF1#0200000000000000
(1785789693.148153) can0 1CEBFFF1#03FFF26335FFFFFF
(1785789693.174174) can0 18F015F1#00004641477E4558
(1785789693.178050) can0 18FEF1F8#FF0000FFFFFFFFFF
(1785789693.179213) can0 18F005F8#7DFFFF7DFFFFFFFF
(1785789693.238482) can0 18FF09D1#01000A00D53EE5
(1785789693.238833) can0 18FF14D1#
(1785789693.245236) can0 1CECFFF1#20120003FF19F000
(1785789693.246192) can0 1CEBFFF1#0127100000000000
(1785789693.247191) can0 1CEBFFF1#0200000000000000
(1785789693.248165) can0 1CEBFFF1#03FFF26335FFFFFF
(1785789693.274262) can0 18F015F1#00004641477E4558
(1785789693.278179) can0 18FEF1F8#FF0000FFFFFFFFFF
(1785789693.279446) can0 18F005F8#7DFFFF7DFFFFFFFF
(1785789693.338336) can0 18FF09D1#01000A00D53EE5
(1785789693.345184) can0 1CECFFF1#20120003FF19F000
(1785789693.346184) can0 1CEBFFF1#0127100000000000
(1785789693.347186) can0 1CEBFFF1#0200000000000000
(1785789693.348156) can0 1CEBFFF1#03FFF16275FFFFFF
(1785789693.374159) can0 18F015F1#00004641477E4557
(1785789693.378009) can0 18FEF1F8#FF0000FFFFFFFFFF
(1785789693.379123) can0 18F005F8#7DFFFF7DFFFFFFFF
(1785789693.438363) can0 18FF09D1#01000A00D53EE5
(1785789693.445180) can0 1CECFFF1#20120003FF19F000
(1785789693.446172) can0 1CEBFFF1#0127100000000000
(1785789693.447176) can0 1CEBFFF1#0200000000000000
(1785789693.448155) can0 1CEBFFF1#03FFF26335FFFFFF
(1785789693.474168) can0 18F015F1#00004640477E4558
(1785789693.478028) can0 18FEF1F8#FF0000FFFFFFFFFF
(1785789693.479160) can0 18F005F8#7DFFFF7DFFFFFFFF
(1785789693.538332) can0 18FF09D1#01000A00D53EE5
(1785789693.545188) can0 1CECFFF1#20120003FF19F000
(1785789693.546180) can0 1CEBFFF1#0127100000000000
(1785789693.547192) can0 1CEBFFF1#0200000000000000
(1785789693.548175) can0 1CEBFFF1#03FFF16275FFFFFF
(1785789693.574169) can0 18F015F1#00004640477E4558
(1785789693.578011) can0 18FEF1F8#FF0000FFFFFFFFFF
(1785789693.579163) can0 18F005F8#7DFFFF7DFFFFFFFF
(1785789693.638422) can0 18FF09D1#01000A00D53EE5
(1785789693.645407) can0 1CECFFF1#20120003FF19F000
(1785789693.646258) can0 1CEBFFF1#0127100000000000
(1785789693.647285) can0 1CEBFFF1#0200000000000000
(1785789693.648238) can0 1CEBFFF1#03FFF16275FFFFFF
(1785789693.675314) can0 18F015F1#00004641477E4557
(1785789693.681390) can0 18FEF1F8#FF0000FFFFFFFFFF
(1785789693.683254) can0 18F005F8#7DFFFF7DFFFFFFFF
(1785789693.685150) can0 18F017F1#F9CCFD199D24
(1785789693.685578) can0 18F018F1#F51BF6C8928F
(1785789693.738440) can0 18FF09D1#01000A00D500E7
(1785789693.738860) can0 18FF14D1#
(1785789693.746224) can0 1CECFFF1#20120003FF19F000
(1785789693.747181) can0 1CEBFFF1#0127100000000000
(1785789693.748196) can0 1CEBFFF1#0200000000000000
(1785789693.749184) can0 1CEBFFF1#03FFF26335FFFFFF
(1785789693.775234) can0 18F015F1#00004640477E4558
(1785789693.778042) can0 18FEF1F8#FF0000FFFFFFFFFF
(1785789693.779231) can0 18F005F8#7DFFFF7DFFFFFFFF
(1785789693.838380) can0 18FF09D1#01000A00D500E7
(1785789693.846204) can0 1CECFFF1#20120003FF19F000
(1785789693.847175) can0 1CEBFFF1#0127100000000000
(1785789693.848181) can0 1CEBFFF1#0200000000000000
(1785789693.849167) can0 1CEBFFF1#03FFF16275FFFFFF
(1785789693.875236) can0 18F015F1#00004640477E4558
(1785789693.878037) can0 18FEF1F8#FF0000FFFFFFFFFF
(1785789693.879150) can0 18F005F8#7DFFFF7DFFFFFFFF
(1785789693.938468) can0 18FF09D1#01000A00D500E7
(1785789693.946259) can0 1CECFFF1#20120003FF19F000
(1785789693.947180) can0 1CEBFFF1#0127100000000000
(1785789693.948187) can0 1CEBFFF1#0200000000000000
(1785789693.949167) can0 1CEBFFF1#03FFF16275FFFFFF
(1785789693.975268) can0 18F015F1#00004640477E4557
(1785789693.978165) can0 18FEF1F8#FF0000FFFFFFFFFF
(1785789693.979378) can0 18F005F8#7DFFFF7DFFFFFFFF
(1785789694.038331) can0 18FF09D1#01000A00D500E7
(1785789694.046203) can0 1CECFFF1#20120003FF19F000
(1785789694.047203) can0 1CEBFFF1#0127100000000000
(1785789694.048190) can0 1CEBFFF1#0200000000000000
(1785789694.049159) can0 1CEBFFF1#03FFF26335FFFFFF
(1785789694.075408) can0 18F015F1#00004640477E4557
(1785789694.078337) can0 18FEF1F8#FF0000FFFFFFFFFF
(1785789694.079971) can0 18F005F8#7DFFFF7DFFFFFFFF
(1785789694.138325) can0 18FF09D1#01000A00D500E7
(1785789694.146206) can0 1CECFFF1#20120003FF19F000
(1785789694.147198) can0 1CEBFFF1#0127100000000000
(1785789694.148187) can0 1CEBFFF1#0200000000000000
(1785789694.149169) can0 1CEBFFF1#03FFF16275FFFFFF
(1785789694.176850) can0 18F015F1#00004640477E4557
(1785789694.178083) can0 18FEF1F8#FF0000FFFFFFFFFF
(1785789694.179221) can0 18F005F8#7DFFFF7DFFFFFFFF
(1785789694.238365) can0 18FF09D1#01000A00D564E7
(1785789694.238715) can0 18FF14D1#
(1785789694.246198) can0 1CECFFF1#20120003FF19F000
(1785789694.247186) can0 1CEBFFF1#0127100000000000
(1785789694.248199) can0 1CEBFFF1#0200000000000000
(1785789694.249180) can0 1CEBFFF1#03FFF16275FFFFFF
(1785789694.275312) can0 18F015F1#00004640477E4557
(1785789694.278090) can0 18FEF1F8#FF0000FFFFFFFFFF
(1785789694.279311) can0 18F005F8#7DFFFF7DFFFFFFFF
(1785789694.338398) can0 18FF09D1#01000A00D564E7
(1785789694.347229) can0 1CECFFF1#20120003FF19F000
(1785789694.348177) can0 1CEBFFF1#0127100000000000
(1785789694.349182) can0 1CEBFFF1#0200000000000000
(1785789694.350160) can0 1CEBFFF1#03FFF26335FFFFFF
(1785789694.376176) can0 18F015F1#00004640477E4557
(1785789694.377995) can0 18FEF1F8#FF0000FFFFFFFFFF
(1785789694.379094) can0 18F005F8#7DFFFF7DFFFFFFFF
(1785789694.438338) can0 18FF09D1#01000A00D564E7
(1785789694.447191) can0 1CECFFF1#20120003FF19F000
(1785789694.448174) can0 1CEBFFF1#0127100000000000
(1785789694.449183) can0 1CEBFFF1#0200000000000000
(1785789694.450164) can0 1CEBFFF1#03FFF16275FFFFFF
(1785789694.476179) can0 18F015F1#00004640477E4557
(1785789694.478088) can0 18FEF1F8#FF0000FFFFFFFFFF
(1785789694.479263) can0 18F005F8#7DFFFF7DFFFFFFFF
(1785789694.538281) can0 18FF09D1#01000A00D564E7
(1785789694.547193) can0 1CECFFF1#20120003FF19F000
(1785789694.548189) can0 1CEBFFF1#0127100000000000
(1785789694.549197) can0 1CEBFFF1#0200000000000000
(1785789694.550178) can0 1CEBFFF1#03FFF16275FFFFFF
(1785789694.576176) can0 18F015F1#00004640477E4557
(1785789694.578020) can0 18FEF1F8#FF0000FFFFFFFFFF
(1785789694.579183) can0 18F005F8#7DFFFF7DFFFFFFFF
(1785789694.638389) can0 18FF09D1#01000A00D564E7
(1785789694.647706) can0 1CECFFF1#20120003FF19F000
(1785789694.648178) can0 1CEBFFF1#0127100000000000
(1785789694.649224) can0 1CEBFFF1#0200000000000000
(1785789694.650189) can0 1CEBFFF1#03FFF16275FFFFFF
(1785789694.678151) can0 18F015F1#00004640477E4557
(1785789694.679760) can0 18FEF1F8#FF0000FFFFFFFFFF
(1785789694.681174) can0 18F005F8#7DFFFF7DFFFFFFFF
(1785789694.686124) can0 18F017F1#F9CCFD199D24
(1785789694.686506) can0 18F018F1#F51BF6C8928F
(1785789694.738359) can0 18FF09D1#01000A00D564E7
(1785789694.738623) can0 18FF14D1#
(1785789694.747216) can0 1CECFFF1#20120003FF19F000
(1785789694.748220) can0 1CEBFFF1#0127100000000000
(1785789694.749189) can0 1CEBFFF1#0200000000000000
(1785789694.750165) can0 1CEBFFF1#03FFF16275FFFFFF
(1785789694.776231) can0 18F015F1#00004640477E4557
(1785789694.778001) can0 18FEF1F8#FF0000FFFFFFFFFF
(1785789694.779128) can0 18F005F8#7DFFFF7DFFFFFFFF
(1785789694.838303) can0 18FF09D1#01000A00D564E7
(1785789694.847196) can0 1CECFFF1#20120003FF19F000
(1785789694.848179) can0 1CEBFFF1#0127100000000000
(1785789694.849189) can0 1CEBFFF1#0200000000000000
(1785789694.850168) can0 1CEBFFF1#03FFF16275FFFFFF
(1785789694.876194) can0 18F015F1#00004640477E4558
(1785789694.877996) can0 18FEF1F8#FF0000FFFFFFFFFF
(1785789694.879112) can0 18F005F8#7DFFFF7DFFFFFFFF
(1785789694.938474) can0 18FF09D1#01000A00D564E7
(1785789694.947267) can0 1CECFFF1#20120003FF19F000
(1785789694.948200) can0 1CEBFFF1#0127100000000000
(1785789694.949211) can0 1CEBFFF1#0200000000000000
(1785789694.950190) can0 1CEBFFF1#03FFF26335FFFFFF
(1785789694.976332) can0 18F015F1#00004640477E4557
(1785789694.978048) can0 18FEF1F8#FF0000FFFFFFFFFF
(1785789694.979204) can0 18F005F8#7DFFFF7DFFFFFFFF
(1785789695.038732) can0 18FF09D1#01000A00D564E7
(1785789695.047226) can0 1CECFFF1#20120003FF19F000
(1785789695.048185) can0 1CEBFFF1#0127100000000000
(1785789695.049390) can0 1CEBFFF1#0200000000000000
(1785789695.050210) can0 1CEBFFF1#03FFF16275FFFFFF
(1785789695.076342) can0 18F015F1#00004641477E4557
(1785789695.078057) can0 18FEF1F8#FF0000FFFFFFFFFF
(1785789695.079281) can0 18F005F8#7DFFFF7DFFFFFFFF
(1785789695.138332) can0 18FF09D1#01000A00D564E7
(1785789695.148233) can0 1CECFFF1#20120003FF19F000
(1785789695.149184) can0 1CEBFFF1#0127100000000000
(1785789695.150206) can0 1CEBFFF1#0200000000000000
(1785789695.151178) can0 1CEBFFF1#03FFF26335FFFFFF
(1785789695.177235) can0 18F015F1#00004640477E4557
(1785789695.178387) can0 18FEF1F8#FF0000FFFFFFFFFF
(1785789695.179545) can0 18F005F8#7DFFFF7DFFFFFFFF
(1785789695.238458) can0 18FF09D1#01000A00D564E7
(1785789695.238792) can0 18FF14D1#
(1785789695.239150) can0 18FF16D1#01000A0064
(1785789695.248213) can0 1CECFFF1#20120003FF19F000
(1785789695.249340) can0 1CEBFFF1#0127100000000000
(1785789695.250204) can0 1CEBFFF1#0200000000000000
(1785789695.251178) can0 1CEBFFF1#03FFF16275FFFFFF
(1785789695.277359) can0 18F015F1#00004640477E4557
(1785789695.278612) can0 18FEF1F8#FF0000FFFFFFFFFF
(1785789695.279757) can0 18F005F8#7DFFFF7DFFFFFFFF
(1785789695.338272) can0 18FF09D1#01000A00D564E7
(1785789695.348189) can0 1CECFFF1#20120003FF19F000
(1785789695.349177) can0 1CEBFFF1#0127100000000000
(1785789695.350191) can0 1CEBFFF1#0200000000000000
(1785789695.351169) can0 1CEBFFF1#03FFF16275FFFFFF
(1785789695.377193) can0 18F015F1#00004641477E4557
(1785789695.378333) can0 18FEF1F8#FF0000FFFFFFFFFF
(1785789695.379459) can0 18F005F8#7DFFFF7DFFFFFFFF
(1785789695.438450) can0 18FF09D1#01000A00D564E7
(1785789695.448223) can0 1CECFFF1#20120003FF19F000
(1785789695.449197) can0 1CEBFFF1#0127100000000000
(1785789695.450232) can0 1CEBFFF1#0200000000000000
(1785789695.451180) can0 1CEBFFF1#03FFF16275FFFFFF
(1785789695.477219) can0 18F015F1#00004640477F4557
(1785789695.478450) can0 18FEF1F8#FF0000FFFFFFFFFF
(1785789695.479616) can0 18F005F8#7DFFFF7DFFFFFFFF
(1785789695.538274) can0 18FF09D1#01000A00D564E7
(1785789695.548211) can0 1CECFFF1#20120003FF19F000
(1785789695.549193) can0 1CEBFFF1#0127100000000000
(1785789695.550214) can0 1CEBFFF1#0200000000000000
(1785789695.551193) can0 1CEBFFF1#03FFF16275FFFFFF
(1785789695.577202) can0 18F015F1#00004640477E4557
(1785789695.578336) can0 18FEF1F8#FF0000FFFFFFFFFF
(1785789695.579469) can0 18F005F8#7DFFFF7DFFFFFFFF
(1785789695.638394) can0 18FF09D1#01000A00D564E7
(1785789695.648285) can0 1CECFFF1#20120003FF19F000
(1785789695.649194) can0 1CEBFFF1#0127100000000000
(1785789695.650214) can0 1CEBFFF1#0200000000000000
(1785789695.651193) can0 1CEBFFF1#03FFF16275FFFFFF
(1785789695.678229) can0 18FEF1F8#FF0000FFFFFFFFFF
(1785789695.678917) can0 18F015F1#00004641477E4557
(1785789695.679400) can0 18F005F8#7DFFFF7DFFFFFFFF
(1785789695.687284) can0 18F017F1#F981FBF19B83
(1785789695.687692) can0 18F018F1#F4F5F7249437
(1785789695.738426) can0 18FF09D1#01000A00D538E6
(1785789695.739069) can0 18FF14D1#
(1785789695.748221) can0 1CECFFF1#20120003FF19F000
(1785789695.749187) can0 1CEBFFF1#0127100000000000
(1785789695.750192) can0 1CEBFFF1#0200000000000000
(1785789695.751236) can0 1CEBFFF1#03FFF16275FFFFFF
(1785789695.777229) can0 18F015F1#00004640477E4557
(1785789695.778414) can0 18FEF1F8#FF0000FFFFFFFFFF
(1785789695.779533) can0 18F005F8#7DFFFF7DFFFFFFFF
(1785789695.838284) can0 18FF09D1#01000A00D538E6
(1785789695.848203) can0 1CECFFF1#20120003FF19F000
(1785789695.849186) can0 1CEBFFF1#0127100000000000
(1785789695.850198) can0 1CEBFFF1#0200000000000000
(1785789695.851173) can0 1CEBFFF1#03FFF16275FFFFFF
(1785789695.878048) can0 18FEF1F8#FF0000FFFFFFFFFF
(1785789695.878721) can0 18F015F1#00004640477E4557
(1785789695.879210) can0 18F005F8#7DFFFF7DFFFFFFFF
(1785789695.938416) can0 18FF09D1#01000A00D538E6
(1785789695.949279) can0 1CECFFF1#20120003FF19F000
(1785789695.950197) can0 1CEBFFF1#0127100000000000
(1785789695.951209) can0 1CEBFFF1#0200000000000000
(1785789695.952182) can0 1CEBFFF1#03FFF16275FFFFFF
(1785789695.978207) can0 18FEF1F8#FF0000FFFFFFFFFF
(1785789695.978921) can0 18F015F1#00004640477E4557
(1785789695.979424) can0 18F005F8#7DFFFF7DFFFFFFFF
(1785789696.038283) can0 18FF09D1#01000A00D538E6
(1785789696.049258) can0 1CECFFF1#20120003FF19F000
(1785789696.050189) can0 1CEBFFF1#0127100000000000
(1785789696.051197) can0 1CEBFFF1#0200000000000000
(1785789696.052175) can0 1CEBFFF1#03FFF16275FFFFFF
(1785789696.078199) can0 18F015F1#00004640477E4557
(1785789696.078723) can0 18FEF1F8#FF0000FFFFFFFFFF
(1785789696.079867) can0 18F005F8#7DFFFF7DFFFFFFFF
(1785789696.138302) can0 18FF09D1#01000A00D538E6
(1785789696.149250) can0 1CECFFF1#20120003FF19F000
(1785789696.150196) can0 1CEBFFF1#0127100000000000
(1785789696.151202) can0 1CEBFFF1#0200000000000000
(1785789696.152182) can0 1CEBFFF1#03FFF16275FFFFFF
(1785789696.178039) can0 18FEF1F8#FF0000FFFFFFFFFF
(1785789696.179180) can0 18F015F1#00004640477E4557
(1785789696.179713) can0 18F005F8#7DFFFF7DFFFFFFFF
(1785789696.238441) can0 18FF09D1#01000A00D5D4E5
(1785789696.238727) can0 18FF14D1#
(1785789696.249244) can0 1CECFFF1#20120003FF19F000
(1785789696.250221) can0 1CEBFFF1#0127100000000000
(1785789696.251218) can0 1CEBFFF1#0200000000000000
(1785789696.252203) can0 1CEBFFF1#03FFF16275FFFFFF
(1785789696.278198) can0 18F015F1#00004640477E4557
(1785789696.278739) can0 18FEF1F8#FF0000FFFFFFFFFF
(1785789696.279919) can0 18F005F8#7DFFFF7DFFFFFFFF
(1785789696.338252) can0 18FF09D1#01000A00D5D4E5
(1785789696.349228) can0 1CECFFF1#20120003FF19F000
(1785789696.350198) can0 1CEBFFF1#0127100000000000
(1785789696.351211) can0 1CEBFFF1#0200000000000000
(1785789696.352215) can0 1CEBFFF1#03FFF16275FFFFFF
(1785789696.378131) can0 18FEF1F8#FF0000FFFFFFFFFF
(1785789696.378960) can0 18F015F1#00004640477E4557
(1785789696.379420) can0 18F005F8#7DFFFF7DFFFFFFFF
(1785789696.438740) can0 18FF09D1#01000A00D5D4E5
(1785789696.449258) can0 1CECFFF1#20120003FF19F000
(1785789696.450201) can0 1CEBFFF1#0127100000000000
(1785789696.451213) can0 1CEBFFF1#0200000000000000
(1785789696.452196) can0 1CEBFFF1#03FFF16275FFFFFF
(1785789696.478056) can0 18FEF1F8#FF0000FFFFFFFFFF
(1785789696.478742) can0 18F015F1#00004640477E4557
(1785789696.479222) can0 18F005F8#7DFFFF7DFFFFFFFF
(1785789696.538237) can0 18FF09D1#01000A00D5D4E5
(1785789696.549212) can0 1CECFFF1#20120003FF19F000
(1785789696.550202) can0 1CEBFFF1#0127100000000000
(1785789696.551218) can0 1CEBFFF1#0200000000000000
(1785789696.552196) can0 1CEBFFF1#03FFF16275FFFFFF
(1785789696.578067) can0 18FEF1F8#FF0000FFFFFFFFFF
(1785789696.578778) can0 18F015F1#00004640477E4557
(1785789696.579271) can0 18F005F8#7DFFFF7DFFFFFFFF
(1785789696.638349) can0 18FF09D1#01000A00D5D4E5
(1785789696.650259) can0 1CECFFF1#20120003FF19F000
(1785789696.651204) can0 1CEBFFF1#0127100000000000
(1785789696.652208) can0 1CEBFFF1#0200000000000000
(1785789696.653185) can0 1CEBFFF1#03FFF16275FFFFFF
(1785789696.678348) can0 18FEF1F8#FF0000FFFFFFFFFF
(1785789696.679197) can0 18F015F1#00004640477E4557
(1785789696.679745) can0 18F005F8#7DFFFF7DFFFFFFFF
(1785789696.689594) can0 18F017F1#F981FBF19B83
(1785789696.690748) can0 18F018F1#F4F5F7249437
(1785789696.738318) can0 18FF09D1#01000A00D5D4E5
(1785789696.738607) can0 18FF14D1#
(1785789696.750232) can0 1CECFFF1#20120003FF19F000
(1785789696.751196) can0 1CEBFFF1#0127100000000000
(1785789696.752203) can0 1CEBFFF1#0200000000000000
(1785789696.753180) can0 1CEBFFF1#03FFF16275FFFFFF
(1785789696.778089) can0 18FEF1F8#FF0000FFFFFFFFFF
(1785789696.779177) can0 18F015F1#00004640477E4557
(1785789696.779720) can0 18F005F8#7DFFFF7DFFFFFFFF
(1785789696.838232) can0 18FF09D1#01000A00D5D4E5
(1785789696.850224) can0 1CECFFF1#20120003FF19F000
(1785789696.851209) can0 1CEBFFF1#0127100000000000
(1785789696.852220) can0 1CEBFFF1#0200000000000000
(1785789696.853200) can0 1CEBFFF1#03FFF16275FFFFFF
(1785789696.878042) can0 18FEF1F8#FF0000FFFFFFFFFF
(1785789696.879187) can0 18F015F1#00004640477E4557
(1785789696.879731) can0 18F005F8#7DFFFF7DFFFFFFFF
(1785789696.938355) can0 18FF09D1#01000A00D5D4E5
(1785789696.950347) can0 1CECFFF1#20120003FF19F000
(1785789696.951269) can0 1CEBFFF1#0127100000000000
(1785789696.952239) can0 1CEBFFF1#0200000000000000
(1785789696.953202) can0 1CEBFFF1#03FFF16275FFFFFF
(1785789696.978357) can0 18FEF1F8#FF0000FFFFFFFFFF
(1785789696.979221) can0 18F015F1#00004640477E4557
(1785789696.979771) can0 18F005F8#7DFFFF7DFFFFFFFF
(1785789697.038477) can0 18FF09D1#01000A00D5D4E5
(1785789697.050415) can0 1CECFFF1#20120003FF19F000
(1785789697.051237) can0 1CEBFFF1#0127100000000000
(1785789697.052253) can0 1CEBFFF1#0200000000000000
(1785789697.053294) can0 1CEBFFF1#03FFF16275FFFFFF
(1785789697.078089) can0 18FEF1F8#FF0000FFFFFFFFFF
(1785789697.079218) can0 18F015F1#00004640477D4558
(1785789697.080009) can0 18F005F8#7DFFFF7DFFFFFFFF
(1785789697.138256) can0 18FF09D1#01000A00D5D4E5
(1785789697.150238) can0 1CECFFF1#20120003FF19F000
(1785789697.151197) can0 1CEBFFF1#0127100000000000
(1785789697.152204) can0 1CEBFFF1#0200000000000000
(1785789697.153186) can0 1CEBFFF1#03FFF16275FFFFFF
(1785789697.178052) can0 18FEF1F8#FF0000FFFFFFFFFF
(1785789697.179231) can0 18F005F8#7DFFFF7DFFFFFFFF
(1785789697.180178) can0 18F015F1#00004640477E4557
(1785789697.238466) can0 18FF09D1#01000A00D5D4E5
(1785789697.238847) can0 18FF14D1#
(1785789697.251223) can0 1CECFFF1#20120003FF19F000
(1785789697.252202) can0 1CEBFFF1#0127100000000000
(1785789697.253217) can0 1CEBFFF1#0200000000000000
(1785789697.254194) can0 1CEBFFF1#03FFF16275FFFFFF
(1785789697.278312) can0 18FEF1F8#FF0000FFFFFFFFFF
(1785789697.279191) can0 18F015F1#00004640477E4557
(1785789697.279756) can0 18F005F8#7DFFFF7DFFFFFFFF
(1785789697.338600) can0 18FF09D1#01000A00D570E5
(1785789697.351213) can0 1CECFFF1#20120003FF19F000
(1785789697.352195) can0 1CEBFFF1#0127100000000000
(1785789697.353205) can0 1CEBFFF1#0200000000000000
(1785789697.354185) can0 1CEBFFF1#03FFF16275FFFFFF
(1785789697.378024) can0 18FEF1F8#FF0000FFFFFFFFFF
(1785789697.379205) can0 18F005F8#7DFFFF7DFFFFFFFF
(1785789697.380183) can0 18F015F1#00004640477E4557
(1785789697.438249) can0 18FF09D1#01000A00D570E5
(1785789697.451516) can0 1CECFFF1#20120003FF19F000
(1785789697.452352) can0 1CEBFFF1#0127100000000000
(1785789697.453306) can0 1CEBFFF1#0200000000000000
(1785789697.454301) can0 1CEBFFF1#03FFF16275FFFFFF
(1785789697.478092) can0 18FEF1F8#FF0000FFFFFFFFFF
(1785789697.479307) can0 18F005F8#7DFFFF7DFFFFFFFF
(1785789697.480189) can0 18F015F1#00004640477F4557
(1785789697.538237) can0 18FF09D1#01000A00D570E5
(1785789697.551211) can0 1CECFFF1#20120003FF19F000
(1785789697.552202) can0 1CEBFFF1#0127100000000000
(1785789697.553216) can0 1CEBFFF1#0200000000000000
(1785789697.554196) can0 1CEBFFF1#03FFF16275FFFFFF
(1785789697.578032) can0 18FEF1F8#FF0000FFFFFFFFFF
(1785789697.579223) can0 18F005F8#7DFFFF7DFFFFFFFF
(1785789697.580189) can0 18F015F1#00004640477E4557
(1785789697.638308) can0 18FF09D1#01000A00D570E5
(1785789697.651304) can0 1CECFFF1#20120003FF19F000
(1785789697.652228) can0 1CEBFFF1#0127100000000000
(1785789697.653235) can0 1CEBFFF1#0200000000000000
(1785789697.654214) can0 1CEBFFF1#03FFF16275FFFFFF
(1785789697.678490) can0 18FEF1F8#FF0000FFFFFFFFFF
(1785789697.679622) can0 18F005F8#7DFFFF7DFFFFFFFF
(1785789697.681205) can0 18F015F1#00004640477E4557
(1785789697.690188) can0 18F017F1#FABDFC039C2D
(1785789697.690539) can0 18F018F1#F545F698928D
(1785789697.738299) can0 18FF09D1#01000A00D570E5
(1785789697.738574) can0 18FF14D1#
(1785789697.751209) can0 1CECFFF1#20120003FF19F000
(1785789697.752216) can0 1CEBFFF1#0127100000000000
(1785789697.753530) can0 1CEBFFF1#0200000000000000
(1785789697.754232) can0 1CEBFFF1#03FFF16275FFFFFF
(1785789697.778081) can0 18FEF1F8#FF0000FFFFFFFFFF
(1785789697.779292) can0 18F005F8#7DFFFF7DFFFFFFFF
(1785789697.780190) can0 18F015F1#00004640477F4557
(1785789697.838218) can0 18FF09D1#01000A00D570E5
(1785789697.851226) can0 1CECFFF1#20120003FF19F000
(1785789697.852206) can0 1CEBFFF1#0127100000000000
(1785789697.853220) can0 1CEBFFF1#0200000000000000
(1785789697.854201) can0 1CEBFFF1#03FFF16275FFFFFF
(1785789697.878030) can0 18FEF1F8#FF0000FFFFFFFFFF
(1785789697.879230) can0 18F005F8#7DFFFF7DFFFFFFFF
(1785789697.880190) can0 18F015F1#00004640477E4557
(1785789697.938294) can0 18FF09D1#01000A00D570E5
(1785789697.951392) can0 1CECFFF1#20120003FF19F000
(1785789697.952232) can0 1CEBFFF1#0127100000000000
(1785789697.953235) can0 1CEBFFF1#0200000000000000
(1785789697.954254) can0 1CEBFFF1#03FFF16275FFFFFF
(1785789697.978377) can0 18FEF1F8#FF0000FFFFFFFFFF
(1785789697.979601) can0 18F005F8#7DFFFF7DFFFFFFFF
(1785789697.980219) can0 18F015F1#00004640477E4557
(1785789698.038217) can0 18FF09D1#01000A00D570E5
(1785789698.052233) can0 1CECFFF1#20120003FF19F000
(1785789698.053208) can0 1CEBFFF1#0127100000000000
(1785789698.054227) can0 1CEBFFF1#0200000000000000
(1785789698.055199) can0 1CEBFFF1#03FFF16275FFFFFF
(1785789698.078043) can0 18FEF1F8#FF0000FFFFFFFFFF
(1785789698.079238) can0 18F005F8#7DFFFF7DFFFFFFFF
(1785789698.081182) can0 18F015F1#00004640477F4557
(1785789698.138229) can0 18FF09D1#01000A00D570E5
(1785789698.152274) can0 1CECFFF1#20120003FF19F000
(1785789698.153201) can0 1CEBFFF1#0127100000000000
(1785789698.154213) can0 1CEBFFF1#0200000000000000
(1785789698.155193) can0 1CEBFFF1#03FFF16275FFFFFF
(1785789698.178074) can0 18FEF1F8#FF0000FFFFFFFFFF
(1785789698.179252) can0 18F005F8#7DFFFF7DFFFFFFFF
(1785789698.181192) can0 18F015F1#00004640477E4557
(1785789698.238308) can0 18FF09D1#01000A00D5D4E5
(1785789698.238669) can0 18FF14D1#
(1785789698.252305) can0 1CECFFF1#20120003FF19F000
(1785789698.253218) can0 1CEBFFF1#0127100000000000
(1785789698.254224) can0 1CEBFFF1#0200000000000000
(1785789698.255204) can0 1CEBFFF1#03FFF16275FFFFFF
(1785789698.278108) can0 18FEF1F8#FF0000FFFFFFFFFF
(1785789698.279316) can0 18F005F8#7DFFFF7DFFFFFFFF
(1785789698.281228) can0 18F015F1#00004640477E4557
(1785789698.338304) can0 18FF09D1#01000A00D5D4E5
(1785789698.352311) can0 1CECFFF1#20120003FF19F000
(1785789698.353220) can0 1CEBFFF1#0127100000000000
(1785789698.354217) can0 1CEBFFF1#0200000000000000
(1785789698.355194) can0 1CEBFFF1#03FFF16275FFFFFF
(1785789698.378029) can0 18FEF1F8#FF0000FFFFFFFFFF
(1785789698.379214) can0 18F005F8#7DFFFF7DFFFFFFFF
(1785789698.381188) can0 18F015F1#00004640477F4557
(1785789698.438338) can0 18FF09D1#01000A00D5D4E5
(1785789698.452522) can0 1CECFFF1#20120003FF19F000
(1785789698.453349) can0 1CEBFFF1#0127100000000000
(1785789698.454336) can0 1CEBFFF1#0200000000000000
(1785789698.455299) can0 1CEBFFF1#03FFF16275FFFFFF
(1785789698.478096) can0 18FEF1F8#FF0000FFFFFFFFFF
(1785789698.479270) can0 18F005F8#7DFFFF7DFFFFFFFF
(1785789698.481200) can0 18F015F1#00004640477E4556
(1785789698.538184) can0 18FF09D1#01000A00D5D4E5
(1785789698.552220) can0 1CECFFF1#20120003FF19F000
(1785789698.553210) can0 1CEBFFF1#0127100000000000
(1785789698.554222) can0 1CEBFFF1#0200000000000000
(1785789698.555203) can0 1CEBFFF1#03FFF16275FFFFFF
(1785789698.578030) can0 18FEF1F8#FF0000FFFFFFFFFF
(1785789698.579217) can0 18F005F8#7DFFFF7DFFFFFFFF
(1785789698.581190) can0 18F015F1#00004640477E4556
(1785789698.638315) can0 18FF09D1#01000A00D5D4E5
(1785789698.652287) can0 1CECFFF1#20120003FF19F000
(1785789698.653216) can0 1CEBFFF1#0127100000000000
(1785789698.654245) can0 1CEBFFF1#0200000000000000
(1785789698.655225) can0 1CEBFFF1#03FFF16275FFFFFF
(1785789698.678218) can0 18FEF1F8#FF0000FFFFFFFFFF
(1785789698.679648) can0 18F005F8#7DFFFF7DFFFFFFFF
(1785789698.682267) can0 18F015F1#00004640477F4557
(1785789698.691212) can0 18F017F1#FABDFC039C2D
(1785789698.691671) can0 18F018F1#F545F698928D
(1785789698.738257) can0 18FF09D1#01000A00D5E0E3
(1785789698.738546) can0 18FF14D1#
(1785789698.752344) can0 1CECFFF1#20120003FF19F000
(1785789698.754474) can0 1CEBFFF1#0127100000000000
(1785789698.754759) can0 1CEBFFF1#0200000000000000
(1785789698.756067) can0 1CEBFFF1#03FFF16275FFFFFF
(1785789698.778412) can0 18FEF1F8#FF0000FFFFFFFFFF
(1785789698.779678) can0 18F005F8#7DFFFF7DFFFFFFFF
(1785789698.782276) can0 18F015F1#00004640477E4557
(1785789698.838266) can0 18FF09D1#01000A00D5E0E3
(1785789698.853270) can0 1CECFFF1#20120003FF19F000
(1785789698.854213) can0 1CEBFFF1#0127100000000000
(1785789698.855225) can0 1CEBFFF1#0200000000000000
(1785789698.856216) can0 1CEBFFF1#03FFF16275FFFFFF
(1785789698.878060) can0 18FEF1F8#FF0000FFFFFFFFFF
(1785789698.879259) can0 18F005F8#7DFFFF7DFFFFFFFF
(1785789698.882194) can0 18F015F1#00004640477E4556
(1785789698.938178) can0 18FF09D1#01000A00D5E0E3
(1785789698.953244) can0 1CECFFF1#20120003FF19F000
(1785789698.956326) can0 1CEBFFF1#0127100000000000
(1785789698.956736) can0 1CEBFFF1#03FFF16275FFFFFF
(1785789698.957368) can0 1CEBFFF1#0200000000000000
(1785789698.978295) can0 18FEF1F8#FF0000FFFFFFFFFF
(1785789698.979548) can0 18F005F8#7DFFFF7DFFFFFFFF
(1785789698.982211) can0 18F015F1#00004640477F4557
(1785789699.038413) can0 18FF09D1#01000A00D5E0E3
(1785789699.053515) can0 1CECFFF1#20120003FF19F000
(1785789699.054251) can0 1CEBFFF1#0127100000000000
(1785789699.055257) can0 1CEBFFF1#0200000000000000
(1785789699.056323) can0 1CEBFFF1#03FFF16275FFFFFF
(1785789699.078384) can0 18FEF1F8#FF0000FFFFFFFFFF
(1785789699.079575) can0 18F005F8#7DFFFF7DFFFFFFFF
(1785789699.082270) can0 18F015F1#00004640477E4557
(1785789699.138198) can0 18FF09D1#01000A00D5E0E3
(1785789699.153260) can0 1CECFFF1#20120003FF19F000
(1785789699.154212) can0 1CEBFFF1#0127100000000000
(1785789699.155222) can0 1CEBFFF1#0200000000000000
(1785789699.156205) can0 1CEBFFF1#03FFF16275FFFFFF
(1785789699.178084) can0 18FEF1F8#FF0000FFFFFFFFFF
(1785789699.179282) can0 18F005F8#7DFFFF7DFFFFFFFF
(1785789699.183215) can0 18F015F1#00004640477E4556
(1785789699.238278) can0 18FF09D1#01000A00D50CE5
(1785789699.238654) can0 18FF14D1#
(1785789699.253240) can0 1CECFFF1#20120003FF19F000
(1785789699.254226) can0 1CEBFFF1#0127100000000000
(1785789699.255232) can0 1CEBFFF1#0200000000000000
(1785789699.256216) can0 1CEBFFF1#03FFF16275FFFFFF
(1785789699.278105) can0 18FEF1F8#FF0000FFFFFFFFFF
(1785789699.279317) can0 18F005F8#7DFFFF7DFFFFFFFF
(1785789699.282237) can0 18F015F1#00004640477F4557
(1785789699.338366) can0 18FF09D1#01000A00D50CE5
(1785789699.353321) can0 1CECFFF1#20120003FF19F000
(1785789699.354229) can0 1CEBFFF1#0127100000000000
(1785789699.355233) can0 1CEBFFF1#0200000000000000
(1785789699.356218) can0 1CEBFFF1#03FFF16275FFFFFF
(1785789699.378023) can0 18FEF1F8#FF0000FFFFFFFFFF
(1785789699.379160) can0 18F005F8#7DFFFF7DFFFFFFFF
(1785789699.382189) can0 18F015F1#00004640477E4557
(1785789699.438219) can0 18FF09D1#01000A00D50CE5
(1785789699.453470) can0 1CECFFF1#20120003FF19F000
(1785789699.454274) can0 1CEBFFF1#0127100000000000
(1785789699.455300) can0 1CEBFFF1#0200000000000000
(1785789699.456312) can0 1CEBFFF1#03FFF0A2B4FFFFFF
(1785789699.478071) can0 18FEF1F8#FF0000FFFFFFFFFF
(1785789699.479275) can0 18F005F8#7DFFFF7DFFFFFFFF
(1785789699.482208) can0 18F015F1#00004640477E4557
(1785789699.538181) can0 18FF09D1#01000A00D50CE5
(1785789699.554249) can0 1CECFFF1#20120003FF19F000
(1785789699.555227) can0 1CEBFFF1#0127100000000000
(1785789699.556245) can0 1CEBFFF1#0200000000000000
(1785789699.557223) can0 1CEBFFF1#03FFF16275FFFFFF
(1785789699.578027) can0 18FEF1F8#FF0000FFFFFFFFFF
(1785789699.579216) can0 18F005F8#7DFFFF7DFFFFFFFF
(1785789699.583215) can0 18F015F1#0000463F477F4557
(1785789699.638425) can0 18FF09D1#01000A00D50CE5
(1785789699.654496) can0 1CECFFF1#20120003FF19F000
(1785789699.655243) can0 1CEBFFF1#0127100000000000
(1785789699.656249) can0 1CEBFFF1#0200000000000000
(1785789699.657222) can0 1CEBFFF1#03FFF16275FFFFFF
(1785789699.678389) can0 18FEF1F8#FF0000FFFFFFFFFF
(1785789699.679601) can0 18F005F8#7DFFFF7DFFFFFFFF
(1785789699.683353) can0 18F015F1#00004640477E4557
(1785789699.693315) can0 18F017F1#FABAFDEC9BB4
(1785789699.693696) can0 18F018F1#F5D3F726922F
(1785789699.738344) can0 18FF09D1#01000A00D570E5
(1785789699.738907) can0 18FF14D1#
(1785789699.754237) can0 1CECFFF1#20120003FF19F000
(1785789699.755214) can0 1CEBFFF1#0127100000000000
(1785789699.756233) can0 1CEBFFF1#0200000000000000
(1785789699.757199) can0 1CEBFFF1#03FFF0A2B4FFFFFF
(1785789699.778093) can0 18FEF1F8#FF0000FFFFFFFFFF
(1785789699.779270) can0 18F005F8#7DFFFF7DFFFFFFFF
(1785789699.783196) can0 18F015F1#00004640477F4557
(1785789699.838161) can0 18FF09D1#01000A00D570E5
(1785789699.854238) can0 1CECFFF1#20120003FF19F000
(1785789699.855223) can0 1CEBFFF1#0127100000000000
(1785789699.856257) can0 1CEBFFF1#0200000000000000
(1785789699.857219) can0 1CEBFFF1#03FFF16275FFFFFF
(1785789699.878024) can0 18FEF1F8#FF0000FFFFFFFFFF
(1785789699.879216) can0 18F005F8#7DFFFF7DFFFFFFFF
(1785789699.883205) can0 18F015F1#0000463F477F4557
(1785789699.938231) can0 18FF09D1#01000A00D570E5
(1785789699.954352) can0 1CECFFF1#20120003FF19F000
(1785789699.955261) can0 1CEBFFF1#0127100000000000
(1785789699.956276) can0 1CEBFFF1#0200000000000000
(1785789699.957256) can0 1CEBFFF1#03FFF16275FFFFFF
(1785789699.978256) can0 18FEF1F8#FF0000FFFFFFFFFF
(1785789699.979578) can0 18F005F8#7DFFFF7DFFFFFFFF
(1785789699.983351) can0 18F015F1#00004640477E4557
(1785789700.038223) can0 18FF09D1#01000A00D570E5
(1785789700.054249) can0 1CECFFF1#20120003FF19F000
(1785789700.055223) can0 1CEBFFF1#0127100000000000
(1785789700.056250) can0 1CEBFFF1#0200000000000000
(1785789700.057203) can0 1CEBFFF1#03FFF0A2B4FFFFFF
(1785789700.078041) can0 18FEF1F8#FF0000FFFFFFFFFF
(1785789700.079182) can0 18F005F8#7DFFFF7DFFFFFFFF
(1785789700.083196) can0 18F015F1#00004640477F4556
(1785789700.138084) can0 18FF09D1#01000A00D570E5
(1785789700.154280) can0 1CECFFF1#20120003FF19F000
(1785789700.155227) can0 1CEBFFF1#0127100000000000
(1785789700.156237) can0 1CEBFFF1#0200000000000000
(1785789700.157212) can0 1CEBFFF1#03FFF16275FFFFFF
(1785789700.178034) can0 18FEF1F8#FF0000FFFFFFFFFF
(1785789700.179212) can0 18F005F8#7DFFFF7DFFFFFFFF
(1785789700.184216) can0 18F015F1#0000463F477F4556
(1785789700.238189) can0 18FF09D1#01000A00D570E5
(1785789700.238448) can0 18FF14D1#
(1785789700.254278) can0 1CECFFF1#20120003FF19F000
(1785789700.255234) can0 1CEBFFF1#0127100000000000
(1785789700.256248) can0 1CEBFFF1#0200000000000000
(1785789700.257255) can0 1CEBFFF1#03FFF0A2B4FFFFFF
(1785789700.278174) can0 18FEF1F8#FF0000FFFFFFFFFF
(1785789700.279428) can0 18F005F8#7DFFFF7DFFFFFFFF
(1785789700.284350) can0 18F015F1#0000463F477E4557
(1785789700.338289) can0 18FF09D1#01000A00D570E5
(1785789700.355259) can0 1CECFFF1#20120003FF19F000
(1785789700.356253) can0 1CEBFFF1#0127100000000000
(1785789700.357229) can0 1CEBFFF1#0200000000000000
(1785789700.358206) can0 1CEBFFF1#03FFF0A2B4FFFFFF
(1785789700.378055) can0 18FEF1F8#FF0000FFFFFFFFFF
(1785789700.379241) can0 18F005F8#7DFFFF7DFFFFFFFF
(1785789700.384225) can0 18F015F1#00004640477F4556
(1785789700.441496) can0 18FF09D1#01000A00D570E5
(1785789700.455342) can0 1CECFFF1#20120003FF19F000
(1785789700.456256) can0 1CEBFFF1#0127100000000000
(1785789700.457330) can0 1CEBFFF1#0200000000000000
(1785789700.458281) can0 1CEBFFF1#03FFF16275FFFFFF
(1785789700.478579) can0 18FEF1F8#FF0000FFFFFFFFFF
(1785789700.479869) can0 18F005F8#7DFFFF7DFFFFFFFF
(1785789700.484255) can0 18F015F1#0000463F477F4557
(1785789700.538176) can0 18FF09D1#01000A00D570E5
(1785789700.555300) can0 1CECFFF1#20120003FF19F000
(1785789700.556250) can0 1CEBFFF1#0127100000000000
(1785789700.557253) can0 1CEBFFF1#0200000000000000
(1785789700.558214) can0 1CEBFFF1#03FFF16275FFFFFF
(1785789700.578025) can0 18FEF1F8#FF0000FFFFFFFFFF
(1785789700.579164) can0 18F005F8#7DFFFF7DFFFFFFFF
(1785789700.584212) can0 18F015F1#00004640477E4556
(1785789700.638341) can0 18FF09D1#01000A00D570E5
(1785789700.655286) can0 1CECFFF1#20120003FF19F000
(1785789700.656265) can0 1CEBFFF1#0127100000000000
(1785789700.657247) can0 1CEBFFF1#0200000000000000
(1785789700.658229) can0 1CEBFFF1#03FFF16275FFFFFF
(1785789700.678149) can0 18FEF1F8#FF0000FFFFFFFFFF
(1785789700.679389) can0 18F005F8#7DFFFF7DFFFFFFFF
(1785789700.685228) can0 18F015F1#00004640477F4556
(1785789700.694315) can0 18F017F1#FABAFDEC9BB4
(1785789700.694634) can0 18F018F1#F5D3F726922F
(1785789700.738410) can0 18FF09D1#01000A00D570E5
(1785789700.738951) can0 18FF14D1#
(1785789700.755401) can0 1CECFFF1#20120003FF19F000
(1785789700.756311) can0 1CEBFFF1#0127100000000000
(1785789700.757235) can0 1CEBFFF1#0200000000000000
(1785789700.758229) can0 1CEBFFF1#03FFF16275FFFFFF
(1785789700.778100) can0 18FEF1F8#FF0000FFFFFFFFFF
(1785789700.779280) can0 18F005F8#7DFFFF7DFFFFFFFF
(1785789700.784228) can0 18F015F1#00004640477F4556
(1785789700.838135) can0 18FF09D1#01000A00D570E5
(1785789700.855257) can0 1CECFFF1#20120003FF19F000
(1785789700.856240) can0 1CEBFFF1#0127100000000000
(1785789700.857275) can0 1CEBFFF1#0200000000000000
(1785789700.858217) can0 1CEBFFF1#03FFF16275FFFFFF
(1785789700.878033) can0 18FEF1F8#FF0000FFFFFFFFFF
(1785789700.879205) can0 18F005F8#7DFFFF7DFFFFFFFF
(1785789700.884226) can0 18F015F1#00004640477E4556
(1785789700.938116) can0 18FF09D1#01000A00D570E5
(1785789700.956370) can0 1CECFFF1#20120003FF19F000
(1785789700.957247) can0 1CEBFFF1#0127100000000000
(1785789700.958275) can0 1CEBFFF1#0200000000000000
(1785789700.959282) can0 1CEBFFF1#03FFF16275FFFFFF
(1785789700.978160) can0 18FEF1F8#FF0000FFFFFFFFFF
(1785789700.979379) can0 18F005F8#7DFFFF7DFFFFFFFF
(1785789700.986669) can0 18F015F1#00004640477F4557
(1785789701.038476) can0 18FF09D1#01000A00D570E5
(1785789701.056508) can0 1CECFFF1#20120003FF19F000
(1785789701.057286) can0 1CEBFFF1#0127100000000000
(1785789701.058313) can0 1CEBFFF1#0200000000000000
(1785789701.059306) can0 1CEBFFF1#03FFF16275FFFFFF
(1785789701.078436) can0 18FEF1F8#FF0000FFFFFFFFFF
(1785789701.079868) can0 18F005F8#7DFFFF7DFFFFFFFF
(1785789701.085236) can0 18F015F1#00004640477F4556
(1785789701.138139) can0 18FF09D1#01000A00D570E5
(1785789701.156297) can0 1CECFFF1#20120003FF19F000
(1785789701.157235) can0 1CEBFFF1#0127100000000000
(1785789701.158243) can0 1CEBFFF1#0200000000000000
(1785789701.159216) can0 1CEBFFF1#03FFF0A2B4FFFFFF
(1785789701.178057) can0 18FEF1F8#FF0000FFFFFFFFFF
(1785789701.179188) can0 18F005F8#7DFFFF7DFFFFFFFF
(1785789701.185233) can0 18F015F1#00004640477F4556
(1785789701.238236) can0 18FF09D1#01000A00D570E5
(1785789701.238619) can0 18FF14D1#
(1785789701.256269) can0 1CECFFF1#20120003FF19F000
(1785789701.257238) can0 1CEBFFF1#0127100000000000
(1785789701.258249) can0 1CEBFFF1#0200000000000000
(1785789701.259226) can0 1CEBFFF1#03FFF16275FFFFFF
(1785789701.278144) can0 18FEF1F8#FF0000FFFFFFFFFF
(1785789701.279371) can0 18F005F8#7DFFFF7DFFFFFFFF
(1785789701.285334) can0 18F015F1#00004640477F4556
(1785789701.338320) can0 18FF09D1#01000A00D570E5
(1785789701.356274) can0 1CECFFF1#20120003FF19F000
(1785789701.357249) can0 1CEBFFF1#0127100000000000
(1785789701.358249) can0 1CEBFFF1#0200000000000000
(1785789701.359229) can0 1CEBFFF1#03FFF16275FFFFFF
(1785789701.378010) can0 18FEF1F8#FF0000FFFFFFFFFF
(1785789701.379123) can0 18F005F8#7DFFFF7DFFFFFFFF
(1785789701.385212) can0 18F015F1#00004640477F4557
(1785789701.439900) can0 18FF09D1#01000A00D570E5
(1785789701.456550) can0 1CECFFF1#20120003FF19F000
(1785789701.457264) can0 1CEBFFF1#0127100000000000
(1785789701.458298) can0 1CEBFFF1#0200000000000000
(1785789701.459292) can0 1CEBFFF1#03FFF16275FFFFFF
(1785789701.478063) can0 18FEF1F8#FF0000FFFFFFFFFF
(1785789701.479187) can0 18F005F8#7DFFFF7DFFFFFFFF
(1785789701.486243) can0 18F015F1#00004640477F4556
(1785789701.538100) can0 18FF09D1#01000A00D570E5
(1785789701.556264) can0 1CECFFF1#20120003FF19F000
(1785789701.557237) can0 1CEBFFF1#0127100000000000
(1785789701.558251) can0 1CEBFFF1#0200000000000000
(1785789701.559229) can0 1CEBFFF1#03FFF16275FFFFFF
(1785789701.578029) can0 18FEF1F8#FF0000FFFFFFFFFF
(1785789701.579220) can0 18F005F8#7DFFFF7DFFFFFFFF
(1785789701.585225) can0 18F015F1#00004640477F4556
(1785789701.638220) can0 18FF09D1#01000A00D570E5
(1785789701.656380) can0 1CECFFF1#20120003FF19F000
(1785789701.657272) can0 1CEBFFF1#0127100000000000
(1785789701.658300) can0 1CEBFFF1#0200000000000000
(1785789701.659268) can0 1CEBFFF1#03FFF16275FFFFFF
(1785789701.678947) can0 18FEF1F8#FF0000FFFFFFFFFF
(1785789701.680502) can0 18F005F8#7DFFFF7DFFFFFFFF
(1785789701.686382) can0 18F015F1#00004640477F4556
(1785789701.696322) can0 18F017F1#F9CFFBFE9B22
(1785789701.696731) can0 18F018F1#F488F653938F
(1785789701.738166) can0 18FF09D1#01000A00D570E5
(1785789701.738481) can0 18FF14D1#
(1785789701.757251) can0 1CECFFF1#20120003FF19F000
(1785789701.758234) can0 1CEBFFF1#0127100000000000
(1785789701.759247) can0 1CEBFFF1#0200000000000000
(1785789701.760227) can0 1CEBFFF1#03FFF16275FFFFFF
(1785789701.778165) can0 18FEF1F8#FF0000FFFFFFFFFF
(1785789701.779333) can0 18F005F8#7DFFFF7DFFFFFFFF
(1785789701.786241) can0 18F015F1#00004640477F4556
(1785789701.838109) can0 18FF09D1#01000A00D570E5
(1785789701.857276) can0 1CECFFF1#20120003FF19F000
(1785789701.858242) can0 1CEBFFF1#0127100000000000
(1785789701.859251) can0 1CEBFFF1#0200000000000000
(1785789701.860237) can0 1CEBFFF1#03FFF16275FFFFFF
(1785789701.878028) can0 18FEF1F8#FF0000FFFFFFFFFF
(1785789701.879203) can0 18F005F8#7DFFFF7DFFFFFFFF
(1785789701.886240) can0 18F015F1#0000463F477F4557
(1785789701.938089) can0 18FF09D1#01000A00D570E5
(1785789701.957417) can0 1CECFFF1#20120003FF19F000
(1785789701.958267) can0 1CEBFFF1#0127100000000000
(1785789701.959282) can0 1CEBFFF1#0200000000000000
(1785789701.960265) can0 1CEBFFF1#03FFF0A2B4FFFFFF
(1785789701.978146) can0 18FEF1F8#FF0000FFFFFFFFFF
(1785789701.979388) can0 18F005F8#7DFFFF7DFFFFFFFF
(1785789701.986370) can0 18F015F1#0000463F477E4556
(1785789702.038103) can0 18FF09D1#01000A00D570E5
(1785789702.057276) can0 1CECFFF1#20120003FF19F000
(1785789702.058242) can0 1CEBFFF1#0127100000000000
(1785789702.059247) can0 1CEBFFF1#0200000000000000
(1785789702.060235) can0 1CEBFFF1#03FFF0A2B4FFFFFF
(1785789702.078083) can0 18FEF1F8#FF0000FFFFFFFFFF
(1785789702.079244) can0 18F005F8#7DFFFF7DFFFFFFFF
(1785789702.086243) can0 18F015F1#00004640477F4556
(1785789702.138118) can0 18FF09D1#01000A00D570E5
(1785789702.157298) can0 1CECFFF1#20120003FF19F000
(1785789702.158237) can0 1CEBFFF1#0127100000000000
(1785789702.159252) can0 1CEBFFF1#0200000000000000
(1785789702.160231) can0 1CEBFFF1#03FFF16275FFFFFF
(1785789702.178050) can0 18FEF1F8#FF0000FFFFFFFFFF
(1785789702.179186) can0 18F005F8#7DFFFF7DFFFFFFFF
(1785789702.187251) can0 18F015F1#00004640477F4557
(1785789702.238198) can0 18FF09D1#01000A00D570E5
(1785789702.238505) can0 18FF14D1#
(1785789702.257258) can0 1CECFFF1#20120003FF19F000
(1785789702.258243) can0 1CEBFFF1#0127100000000000
(1785789702.259254) can0 1CEBFFF1#0200000000000000
(1785789702.260239) can0 1CEBFFF1#03FFF16275FFFFFF
(1785789702.278037) can0 18FEF1F8#FF0000FFFFFFFFFF
(1785789702.279215) can0 18F005F8#7DFFFF7DFFFFFFFF
(1785789702.287229) can0 18F015F1#0000463F477E4556
(1785789702.338201) can0 18FF09D1#01000A00D570E5
(1785789702.357510) can0 1CECFFF1#20120003FF19F000
(1785789702.358264) can0 1CEBFFF1#0127100000000000
(1785789702.359255) can0 1CEBFFF1#0200000000000000
(1785789702.360222) can0 1CEBFFF1#03FFF0A2B4FFFFFF
(1785789702.378069) can0 18FEF1F8#FF0000FFFFFFFFFF
(1785789702.379198) can0 18F005F8#7DFFFF7DFFFFFFFF
(1785789702.386226) can0 18F015F1#00004640477F4556
(1785789702.438406) can0 18FF09D1#01000A00D570E5
(1785789702.458412) can0 1CECFFF1#20120003FF19F000
(1785789702.459268) can0 1CEBFFF1#0127100000000000
(1785789702.460258) can0 1CEBFFF1#0200000000000000
(1785789702.461294) can0 1CEBFFF1#03FFF16275FFFFFF
(1785789702.478108) can0 18FEF1F8#FF0000FFFFFFFFFF
(1785789702.479298) can0 18F005F8#7DFFFF7DFFFFFFFF
(1785789702.487253) can0 18F015F1#0000463F477F4556
(1785789702.538048) can0 18FF09D1#01000A00D570E5
(1785789702.558297) can0 1CECFFF1#20120003FF19F000
(1785789702.559245) can0 1CEBFFF1#0127100000000000
(1785789702.560277) can0 1CEBFFF1#0200000000000000
(1785789702.561258) can0 1CEBFFF1#03FFF0A2B4FFFFFF
(1785789702.578060) can0 18FEF1F8#FF0000FFFFFFFFFF
(1785789702.579175) can0 18F005F8#7DFFFF7DFFFFFFFF
(1785789702.587235) can0 18F015F1#0000463F477F4556
(1785789702.638140) can0 18FF09D1#01000A00D570E5
(1785789702.658345) can0 1CECFFF1#20120003FF19F000
(1785789702.659266) can0 1CEBFFF1#0127100000000000
(1785789702.660276) can0 1CEBFFF1#0200000000000000
(1785789702.661267) can0 1CEBFFF1#03FFF0A2B4FFFFFF
(1785789702.678142) can0 18FEF1F8#FF0000FFFFFFFFFF
(1785789702.679308) can0 18F005F8#7DFFFF7DFFFFFFFF
(1785789702.687435) can0 18F015F1#0000463F477F4556
(1785789702.697302) can0 18F017F1#F9CFFBFE9B22
(1785789702.697770) can0 18F018F1#F488F653938F
(1785789702.738338) can0 18FF09D1#01000A00D570E5
(1785789702.739020) can0 18FF14D1#
(1785789702.758289) can0 1CECFFF1#20120003FF19F000
(1785789702.759245) can0 1CEBFFF1#0127100000000000
(1785789702.760261) can0 1CEBFFF1#0200000000000000
(1785789702.761230) can0 1CEBFFF1#03FFF0A2B4FFFFFF
(1785789702.778056) can0 18FEF1F8#FF0000FFFFFFFFFF
(1785789702.779197) can0 18F005F8#7DFFFF7DFFFFFFFF
(1785789702.787267) can0 18F015F1#0000463F477F4556
(1785789702.838066) can0 18FF09D1#01000A00D570E5
(1785789702.858265) can0 1CECFFF1#20120003FF19F000
(1785789702.859260) can0 1CEBFFF1#0127100000000000
(1785789702.860272) can0 1CEBFFF1#0200000000000000
(1785789702.861241) can0 1CEBFFF1#03FFF0A2B4FFFFFF
(1785789702.878065) can0 18FEF1F8#FF0000FFFFFFFFFF
(1785789702.883375) can0 18F005F8#7DFFFF7DFFFFFFFF
(1785789702.887236) can0 18F015F1#0000463F477F4556
(1785789702.937991) can0 18FF09D1#01000A00D570E5
(1785789702.958276) can0 1CECFFF1#20120003FF19F000
(1785789702.959256) can0 1CEBFFF1#0127100000000000
(1785789702.960270) can0 1CEBFFF1#0200000000000000
(1785789702.961245) can0 1CEBFFF1#03FFF0A2B4FFFFFF
(1785789702.978139) can0 18FEF1F8#FF0000FFFFFFFFFF
(1785789702.979393) can0 18F005F8#7DFFFF7DFFFFFFFF
(1785789702.987380) can0 18F015F1#0000463F477F4556
(1785789703.038462) can0 18FF09D1#01000A00D570E5
(1785789703.058485) can0 1CECFFF1#20120003FF19F000
(1785789703.059283) can0 1CEBFFF1#0127100000000000
(1785789703.060276) can0 1CEBFFF1#0200000000000000
(1785789703.061264) can0 1CEBFFF1#03FFF0A2B4FFFFFF
(1785789703.078349) can0 18FEF1F8#FF0000FFFFFFFFFF
(1785789703.079726) can0 18F005F8#7DFFFF7DFFFFFFFF
(1785789703.087341) can0 18F015F1#0000463F477F4556
(1785789703.138100) can0 18FF09D1#01000A00D570E5
(1785789703.158310) can0 1CECFFF1#20120003FF19F000
(1785789703.159244) can0 1CEBFFF1#0127100000000000
(1785789703.160254) can0 1CEBFFF1#0200000000000000
(1785789703.161232) can0 1CEBFFF1#03FFF0A2B4FFFFFF
(1785789703.178033) can0 18FEF1F8#FF0000FFFFFFFFFF
(1785789703.179214) can0 18F005F8#7DFFFF7DFFFFFFFF
(1785789703.188246) can0 18F015F1#0000463F477F4556
(1785789703.238225) can0 18FF09D1#01000A00D570E5
(1785789703.238623) can0 18FF14D1#
(1785789703.238887) can0 18FF16D1#01000A0064
(1785789703.259301) can0 1CECFFF1#20120003FF19F000
(1785789703.260259) can0 1CEBFFF1#0127100000000000
(1785789703.261260) can0 1CEBFFF1#0200000000000000
(1785789703.262242) can0 1CEBFFF1#03FFF0A2B4FFFFFF
(1785789703.278049) can0 18FEF1F8#FF0000FFFFFFFFFF
(1785789703.279206) can0 18F005F8#7DFFFF7DFFFFFFFF
(1785789703.288239) can0 18F015F1#0000463F477F4556
(1785789703.338127) can0 18FF09D1#01000A00D570E5
(1785789703.359473) can0 1CECFFF1#20120003FF19F000
(1785789703.360279) can0 1CEBFFF1#0127100000000000
(1785789703.361308) can0 1CEBFFF1#0200000000000000
(1785789703.362253) can0 1CEBFFF1#03FFF0A2B4FFFFFF
(1785789703.378113) can0 18FEF1F8#FF0000FFFFFFFFFF
(1785789703.379307) can0 18F005F8#7DFFFF7DFFFFFFFF
(1785789703.388299) can0 18F015F1#0000463F477F4556
(1785789703.438221) can0 18FF09D1#01000A00D570E5
(1785789703.459388) can0 1CECFFF1#20120003FF19F000
(1785789703.460262) can0 1CEBFFF1#0127100000000000
(1785789703.461266) can0 1CEBFFF1#0200000000000000
(1785789703.462231) can0 1CEBFFF1#03FFF0A2B4FFFFFF
(1785789703.478125) can0 18FEF1F8#FF0000FFFFFFFFFF
(1785789703.479304) can0 18F005F8#7DFFFF7DFFFFFFFF
(1785789703.488249) can0 18F015F1#0000463F477E4556
(1785789703.538045) can0 18FF09D1#01000A00D570E5
(1785789703.559283) can0 1CECFFF1#20120003FF19F000
(1785789703.560258) can0 1CEBFFF1#0127100000000000
(1785789703.561267) can0 1CEBFFF1#0200000000000000
(1785789703.562241) can0 1CEBFFF1#03FFF0A2B4FFFFFF
(1785789703.578022) can0 18FEF1F8#FF0000FFFFFFFFFF
(1785789703.579168) can0 18F005F8#7DFFFF7DFFFFFFFF
(1785789703.588246) can0 18F015F1#0000463F477F4556
(1785789703.638206) can0 18FF09D1#01000A00D570E5
(1785789703.659459) can0 1CECFFF1#20120003FF19F000
(1785789703.660280) can0 1CEBFFF1#0127100000000000
(1785789703.661563) can0 1CEBFFF1#0200000000000000
(1785789703.662269) can0 1CEBFFF1#03FFF0A2B4FFFFFF
(1785789703.678169) can0 18FEF1F8#FF0000FFFFFFFFFF
(1785789703.679371) can0 18F005F8#7DFFFF7DFFFFFFFF
(1785789703.689368) can0 18F015F1#0000463F477F4556
(1785789703.698336) can0 18F017F1#FAD0FC6B9C6A
(1785789703.698661) can0 18F018F1#F511F6B7922E
(1785789703.738938) can0 18FF09D1#01000A00D5E0E3
(1785789703.739308) can0 18FF14D1#
(1785789703.759282) can0 1CECFFF1#20120003FF19F000
(1785789703.760248) can0 1CEBFFF1#0127100000000000
(1785789703.761258) can0 1CEBFFF1#0200000000000000
(1785789703.762234) can0 1CEBFFF1#03FFF0A2B4FFFFFF
(1785789703.778056) can0 18FEF1F8#FF0000FFFFFFFFFF
(1785789703.779175) can0 18F005F8#7DFFFF7DFFFFFFFF
(1785789703.788277) can0 18F015F1#0000463F477F4556
(1785789703.838075) can0 18FF09D1#01000A00D5E0E3
(1785789703.860287) can0 1CECFFF1#20120003FF19F000
(1785789703.861253) can0 1CEBFFF1#0127100000000000
(1785789703.862272) can0 1CEBFFF1#0200000000000000
(1785789703.863244) can0 1CEBFFF1#03FFF0A2B4FFFFFF
(1785789703.878034) can0 18FEF1F8#FF0000FFFFFFFFFF
(1785789703.879167) can0 18F005F8#7DFFFF7DFFFFFFFF
(1785789703.889242) can0 18F015F1#0000463F477F4556
(1785789703.938035) can0 18FF09D1#01000A00D5E0E3
(1785789703.960277) can0 1CECFFF1#20120003FF19F000
(1785789703.961256) can0 1CEBFFF1#0127100000000000
(1785789703.962266) can0 1CEBFFF1#0200000000000000
(1785789703.963244) can0 1CEBFFF1#03FFF0A2B4FFFFFF
(1785789703.978120) can0 18FEF1F8#FF0000FFFFFFFFFF
(1785789703.979350) can0 18F005F8#7DFFFF7DFFFFFFFF
(1785789703.989383) can0 18F015F1#0000463F477F4557
(1785789704.038327) can0 18FF09D1#01000A00D5E0E3
(1785789704.060384) can0 1CECFFF1#20120003FF19F000
(1785789704.061265) can0 1CEBFFF1#0127100000000000
(1785789704.062266) can0 1CEBFFF1#0200000000000000
(1785789704.063238) can0 1CEBFFF1#03FFF0A2B4FFFFFF
(1785789704.078031) can0 18FEF1F8#FF0000FFFFFFFFFF
(1785789704.079138) can0 18F005F8#7DFFFF7DFFFFFFFF
(1785789704.089293) can0 18F015F1#0000463F477F4556
(1785789704.138073) can0 18FF09D1#01000A00D5E0E3
(1785789704.160314) can0 1CECFFF1#20120003FF19F000
(1785789704.161264) can0 1CEBFFF1#0127100000000000
(1785789704.162289) can0 1CEBFFF1#0200000000000000
(1785789704.163252) can0 1CEBFFF1#03FFF0A2B4FFFFFF
(1785789704.178037) can0 18FEF1F8#FF0000FFFFFFFFFF
(1785789704.179208) can0 18F005F8#7DFFFF7DFFFFFFFF
(1785789704.189266) can0 18F015F1#0000463F477F4557
(1785789704.238063) can0 18FF09D1#01000A00D5E0E3
(1785789704.238322) can0 18FF14D1#
(1785789704.260279) can0 1CECFFF1#20120003FF19F000
(1785789704.261264) can0 1CEBFFF1#0127100000000000
(1785789704.262271) can0 1CEBFFF1#0200000000000000
(1785789704.263243) can0 1CEBFFF1#03FFF0A2B4FFFFFF
(1785789704.278010) can0 18FEF1F8#FF0000FFFFFFFFFF
(1785789704.279154) can0 18F005F8#7DFFFF7DFFFFFFFF
(1785789704.289252) can0 18F015F1#0000463F477F4557
(1785789704.338088) can0 18FF09D1#01000A00D5E0E3
(1785789704.360382) can0 1CECFFF1#20120003FF19F000
(1785789704.361273) can0 1CEBFFF1#0127100000000000
(1785789704.362349) can0 1CEBFFF1#0200000000000000
(1785789704.363247) can0 1CEBFFF1#03FFF0A2B4FFFFFF
(1785789704.378267) can0 18FEF1F8#FF0000FFFFFFFFFF
(1785789704.379431) can0 18F005F8#7DFFFF7DFFFFFFFF
(1785789704.389250) can0 18F015F1#0000463F477F4556
(1785789704.438473) can0 18FF09D1#01000A00D5E0E3
(1785789704.460450) can0 1CECFFF1#20120003FF19F000
(1785789704.461288) can0 1CEBFFF1#0127100000000000
(1785789704.462278) can0 1CEBFFF1#0200000000000000
(1785789704.463242) can0 1CEBFFF1#03FFF0A2B4FFFFFF
(1785789704.478363) can0 18FEF1F8#FF0000FFFFFFFFFF
(1785789704.479513) can0 18F005F8#7DFFFF7DFFFFFFFF
(1785789704.489275) can0 18F015F1#0000463F477F4556
(1785789704.537967) can0 18FF09D1#01000A00D5E0E3
(1785789704.560295) can0 1CECFFF1#20120003FF19F000
(1785789704.561269) can0 1CEBFFF1#0127100000000000
(1785789704.562277) can0 1CEBFFF1#0200000000000000
(1785789704.563251) can0 1CEBFFF1#03FFF0A2B4FFFFFF
(1785789704.578039) can0 18FEF1F8#FF0000FFFFFFFFFF
(1785789704.579186) can0 18F005F8#7DFFFF7DFFFFFFFF
(1785789704.590261) can0 18F015F1#0000463F477F4556
(1785789704.638109) can0 18FF09D1#01000A00D5E0E3
(1785789704.661449) can0 1CECFFF1#20120003FF19F000
(1785789704.662277) can0 1CEBFFF1#0127100000000000
(1785789704.663282) can0 1CEBFFF1#0200000000000000
(1785789704.664256) can0 1CEBFFF1#03FFF0A2B4FFFFFF
(1785789704.678177) can0 18FEF1F8#FF0000FFFFFFFFFF
(1785789704.679326) can0 18F005F8#7DFFFF7DFFFFFFFF
(1785789704.690432) can0 18F015F1#0000463F477F4556
(1785789704.700260) can0 18F017F1#FAD0FC6B9C6A
(1785789704.700708) can0 18F018F1#F511F6B7922E
(1785789704.738595) can0 18FF09D1#01000A00D50CE5
(1785789704.739086) can0 18FF14D1#
(1785789704.761379) can0 1CECFFF1#20120003FF19F000
(1785789704.762270) can0 1CEBFFF1#0127100000000000
(1785789704.763268) can0 1CEBFFF1#0200000000000000
(1785789704.764243) can0 1CEBFFF1#03FFF0A2B4FFFFFF
(1785789704.778295) can0 18FEF1F8#FF0000FFFFFFFFFF
(1785789704.779468) can0 18F005F8#7DFFFF7DFFFFFFFF
(1785789704.790274) can0 18F015F1#0000463F477F4557
(1785789704.838016) can0 18FF09D1#01000A00D50CE5
(1785789704.861348) can0 1CECFFF1#20120003FF19F000
(1785789704.862283) can0 1CEBFFF1#0127100000000000
(1785789704.863300) can0 1CEBFFF1#0200000000000000
(1785789704.864282) can0 1CEBFFF1#03FFF0A2B4FFFFFF
(1785789704.878110) can0 18FEF1F8#FF0000FFFFFFFFFF
(1785789704.879271) can0 18F005F8#7DFFFF7DFFFFFFFF
(1785789704.890287) can0 18F015F1#0000463E477F4556
(1785789704.938040) can0 18FF09D1#01000A00D50CE5
(1785789704.961327) can0 1CECFFF1#20120003FF19F000
(1785789704.962269) can0 1CEBFFF1#0127100000000000
(1785789704.963298) can0 1CEBFFF1#0200000000000000
(1785789704.964264) can0 1CEBFFF1#03FFEF6AF5FFFFFF
(1785789704.978049) can0 18FEF1F8#FF0000FFFFFFFFFF
(1785789704.979178) can0 18F005F8#7DFFFF7DFFFFFFFF
(1785789704.990263) can0 18F015F1#0000463F477F4556
(1785789705.038235) can0 18FF09D1#01000A00D50CE5
(1785789705.061941) can0 1CECFFF1#20120003FF19F000
(1785789705.062385) can0 1CEBFFF1#0127100000000000
(1785789705.063432) can0 1CEBFFF1#0200000000000000
(1785789705.064389) can0 1CEBFFF1#03FFF0A2B4FFFFFF
(1785789705.078289) can0 18FEF1F8#FF0000FFFFFFFFFF
(1785789705.079516) can0 18F005F8#7DFFFF7DFFFFFFFF
(1785789705.090535) can0 18F015F1#0000463F477F4557
(1785789705.138058) can0 18FF09D1#01000A00D50CE5
(1785789705.161331) can0 1CECFFF1#20120003FF19F000
(1785789705.162304) can0 1CEBFFF1#0127100000000000
(1785789705.163271) can0 1CEBFFF1#0200000000000000
(1785789705.164246) can0 1CEBFFF1#03FFF0A2B4FFFFFF
(1785789705.178063) can0 18FEF1F8#FF0000FFFFFFFFFF
(1785789705.179211) can0 18F005F8#7DFFFF7DFFFFFFFF
(1785789705.191275) can0 18F015F1#0000463E477F4557
(1785789705.238345) can0 18FF09D1#01000A00D50CE5
(1785789705.238709) can0 18FF14D1#
(1785789705.261300) can0 1CECFFF1#20120003FF19F000
(1785789705.262261) can0 1CEBFFF1#0127100000000000
(1785789705.263272) can0 1CEBFFF1#0200000000000000
(1785789705.264263) can0 1CEBFFF1#03FFEF6AF5FFFFFF
(1785789705.278029) can0 18FEF1F8#FF0000FFFFFFFFFF
(1785789705.279168) can0 18F005F8#7DFFFF7DFFFFFFFF
(1785789705.290255) can0 18F015F1#0000463F477F4556
(1785789705.338060) can0 18FF09D1#01000A00D50CE5
(1785789705.362622) can0 1CECFFF1#20120003FF19F000
(1785789705.363281) can0 1CEBFFF1#0127100000000000
(1785789705.364273) can0 1CEBFFF1#0200000000000000
(1785789705.365248) can0 1CEBFFF1#03FFF0A2B4FFFFFF
(1785789705.378205) can0 18FEF1F8#FF0000FFFFFFFFFF
(1785789705.379366) can0 18F005F8#7DFFFF7DFFFFFFFF
(1785789705.391257) can0 18F015F1#0000463E477F4557
(1785789705.438832) can0 18FF09D1#01000A00D50CE5
(1785789705.462679) can0 1CECFFF1#20120003FF19F000
(1785789705.463368) can0 1CEBFFF1#0127100000000000
(1785789705.464305) can0 1CEBFFF1#0200000000000000
(1785789705.465263) can0 1CEBFFF1#03FFEF6AF5FFFFFF
(1785789705.478435) can0 18FEF1F8#FF0000FFFFFFFFFF
(1785789705.479788) can0 18F005F8#7DFFFF7DFFFFFFFF
(1785789705.491281) can0 18F015F1#0000463E477F4557
(1785789705.537981) can0 18FF09D1#01000A00D50CE5
(1785789705.562324) can0 1CECFFF1#20120003FF19F000
(1785789705.563308) can0 1CEBFFF1#0127100000000000
(1785789705.564291) can0 1CEBFFF1#0200000000000000
(1785789705.565275) can0 1CEBFFF1#03FFEF6AF5FFFFFF
(1785789705.578042) can0 18FEF1F8#FF0000FFFFFFFFFF
(1785789705.579182) can0 18F005F8#7DFFFF7DFFFFFFFF
(1785789705.591254) can0 18F015F1#0000463F477F4556
(1785789705.638126) can0 18FF09D1#01000A00D50CE5
(1785789705.662450) can0 1CECFFF1#20120003FF19F000
(1785789705.663283) can0 1CEBFFF1#0127100000000000
(1785789705.664298) can0 1CEBFFF1#0200000000000000
(1785789705.665273) can0 1CEBFFF1#03FFF0A2B4FFFFFF
(1785789705.678216) can0 18FEF1F8#FF0000FFFFFFFFFF
(1785789705.679435) can0 18F005F8#7DFFFF7DFFFFFFFF
(1785789705.692402) can0 18F015F1#0000463E477F4557
(1785789705.701403) can0 18F017F1#FA77FD8E9B34
(1785789705.701813) can0 18F018F1#F63EF76E9308
(1785789705.738334) can0 18FF09D1#01000A00D50CE5
(1785789705.739238) can0 18FF14D1#
(1785789705.762345) can0 1CECFFF1#20120003FF19F000
(1785789705.763273) can0 1CEBFFF1#0127100000000000
(1785789705.764283) can0 1CEBFFF1#0200000000000000
(1785789705.765266) can0 1CEBFFF1#03FFEF6AF5FFFFFF
(1785789705.778061) can0 18FEF1F8#FF0000FFFFFFFFFF
(1785789705.779197) can0 18F005F8#7DFFFF7DFFFFFFFF
(1785789705.791263) can0 18F015F1#0000463E477F4557
(1785789705.838019) can0 18FF09D1#01000A00D5D4E5
(1785789705.862309) can0 1CECFFF1#20120003FF19F000
(1785789705.863275) can0 1CEBFFF1#0127100000000000
(1785789705.864287) can0 1CEBFFF1#0200000000000000
(1785789705.865267) can0 1CEBFFF1#03FFEF6AF5FFFFFF
(1785789705.878043) can0 18FEF1F8#FF0000FFFFFFFFFF
(1785789705.879229) can0 18F005F8#7DFFFF7DFFFFFFFF
(1785789705.891269) can0 18F015F1#0000463F477F4556
(1785789705.937993) can0 18FF09D1#01000A00D5D4E5
(1785789705.962293) can0 1CECFFF1#20120003FF19F000
(1785789705.963276) can0 1CEBFFF1#0127100000000000
(1785789705.964290) can0 1CEBFFF1#0200000000000000
(1785789705.965265) can0 1CEBFFF1#03FFF0A2B4FFFFFF
(1785789705.978222) can0 18FEF1F8#FF0000FFFFFFFFFF
(1785789705.979479) can0 18F005F8#7DFFFF7DFFFFFFFF
(1785789705.991392) can0 18F015F1#0000463E477F4557
(1785789706.038070) can0 18FF09D1#01000A00D5D4E5
(1785789706.062469) can0 1CECFFF1#20120003FF19F000
(1785789706.063281) can0 1CEBFFF1#0127100000000000
(1785789706.064280) can0 1CEBFFF1#0200000000000000
(1785789706.065262) can0 1CEBFFF1#03FFEF6AF5FFFFFF
(1785789706.078208) can0 18FEF1F8#FF0000FFFFFFFFFF
(1785789706.079368) can0 18F005F8#7DFFFF7DFFFFFFFF
(1785789706.091296) can0 1CEBFFF1#0127100000000000
(1785789706.137972) can0 18FF09D1#01000A00D5D4E5
(1785789706.163342) can0 1CECFFF1#20120003FF19F000
(1785789706.164270) can0 1CEBFFF1#0127100000000000
(1785789706.165288) can0 1CEBFFF1#0200000000000000
(1785789706.166273) can0 1CEBFFF1#03FFEF6AF5FFFFFF
(1785789706.178050) can0 18FEF1F8#FF0000FFFFFFFFFF
(1785789706.179182) can0 18F005F8#7DFFFF7DFFFFFFFF
(1785789706.192278) can0 18F015F1#0000463F477F4557
(1785789706.238054) can0 18FF09D1#01000A00D59CE6
(1785789706.238431) can0 18FF14D1#
(1785789706.263308) can0 1CECFFF1#20120003FF19F000
(1785789706.264281) can0 1CEBFFF1#0127100000000000
(1785789706.265290) can0 1CEBFFF1#0200000000000000
(1785789706.266287) can0 1CEBFFF1#03FFF0A2B4FFFFFF
(1785789706.278031) can0 18FEF1F8#FF0000FFFFFFFFFF
(1785789706.279171) can0 18F005F8#7DFFFF7DFFFFFFFF
(1785789706.292273) can0 18F015F1#0000463E477F4557
(1785789706.338133) can0 18FF09D1#01000A00D59CE6
(1785789706.363504) can0 1CECFFF1#20120003FF19F000
(1785789706.364285) can0 1CEBFFF1#0127100000000000
(1785789706.365280) can0 1CEBFFF1#0200000000000000
(1785789706.366275) can0 1CEBFFF1#03FFEF6AF5FFFFFF
(1785789706.378112) can0 18FEF1F8#FF0000FFFFFFFFFF
(1785789706.379282) can0 18F005F8#7DFFFF7DFFFFFFFF
(1785789706.392265) can0 18F015F1#0000463E477F4557
(1785789706.438041) can0 18FF09D1#01000A00D59CE6
(1785789706.463418) can0 1CECFFF1#20120003FF19F000
(1785789706.464282) can0 1CEBFFF1#0127100000000000
(1785789706.465288) can0 1CEBFFF1#0200000000000000
(1785789706.466402) can0 1CEBFFF1#03FFEF6AF5FFFFFF
(1785789706.478488) can0 18FEF1F8#FF0000FFFFFFFFFF
(1785789706.479898) can0 18F005F8#7DFFFF7DFFFFFFFF
(1785789706.492285) can0 18F015F1#0000463E477F4556
(1785789706.537945) can0 18FF09D1#01000A00D59CE6
(1785789706.563306) can0 1CECFFF1#20120003FF19F000
(1785789706.564285) can0 1CEBFFF1#0127100000000000
(1785789706.565291) can0 1CEBFFF1#0200000000000000
(1785789706.566271) can0 1CEBFFF1#03FFEF6AF5FFFFFF
(1785789706.578026) can0 18FEF1F8#FF0000FFFFFFFFFF
(1785789706.579158) can0 18F005F8#7DFFFF7DFFFFFFFF
(1785789706.592281) can0 18F015F1#0000463E477F4557
(1785789706.637954) can0 18FF09D1#01000A00D59CE6
(1785789706.663436) can0 1CECFFF1#20120003FF19F000
(1785789706.664299) can0 1CEBFFF1#0127100000000000
(1785789706.665330) can0 1CEBFFF1#0200000000000000
(1785789706.666300) can0 1CEBFFF1#03FFEF6AF5FFFFFF
(1785789706.678170) can0 18FEF1F8#FF0000FFFFFFFFFF
(1785789706.679386) can0 18F005F8#7DFFFF7DFFFFFFFF
(1785789706.693469) can0 18F015F1#0000463E477F4557
(1785789706.703298) can0 18F017F1#FA77FD8E9B34
(1785789706.703867) can0 18F018F1#F63EF76E9308
(1785789706.738163) can0 18FF09D1#01000A00D5D4E5
(1785789706.738521) can0 18FF14D1#
(1785789706.764341) can0 1CECFFF1#20120003FF19F000
(1785789706.765282) can0 1CEBFFF1#0127100000000000
(1785789706.766366) can0 1CEBFFF1#0200000000000000
(1785789706.767417) can0 1CEBFFF1#03FFEF6AF5FFFFFF
(1785789706.778049) can0 18FEF1F8#FF0000FFFFFFFFFF
(1785789706.779234) can0 18F005F8#7DFFFF7DFFFFFFFF
(1785789706.793267) can0 18F015F1#0000463E477F4557
(1785789706.837958) can0 18FF09D1#01000A00D5D4E5
(1785789706.864314) can0 1CECFFF1#20120003FF19F000
(1785789706.865275) can0 1CEBFFF1#0127100000000000
(1785789706.866297) can0 1CEBFFF1#0200000000000000
(1785789706.867278) can0 1CEBFFF1#03FFEF6AF5FFFFFF
(1785789706.878025) can0 18FEF1F8#FF0000FFFFFFFFFF
(1785789706.879134) can0 18F005F8#7DFFFF7DFFFFFFFF
(1785789706.893278) can0 18F015F1#0000463E477F4557
(1785789706.937971) can0 18FF09D1#01000A00D5D4E5
(1785789706.964296) can0 1CECFFF1#20120003FF19F000
(1785789706.965278) can0 1CEBFFF1#0127100000000000
(1785789706.966306) can0 1CEBFFF1#0200000000000000
(1785789706.967293) can0 1CEBFFF1#03FFEF6AF5FFFFFF
(1785789706.978042) can0 18FEF1F8#FF0000FFFFFFFFFF
(1785789706.979185) can0 18F005F8#7DFFFF7DFFFFFFFF
(1785789706.993421) can0 18F015F1#0000463E477F4557
(1785789707.038064) can0 18FF09D1#01000A00D5D4E5
(1785789707.064501) can0 1CECFFF1#20120003FF19F000
(1785789707.065337) can0 1CEBFFF1#0127100000000000
(1785789707.067027) can0 1CEBFFF1#0200000000000000
(1785789707.067755) can0 1CEBFFF1#03FFEF6AF5FFFFFF
(1785789707.079031) can0 18FEF1F8#FF0000FFFFFFFFFF
(1785789707.080969) can0 18F005F8#7DFFFF7DFFFFFFFF
(1785789707.093734) can0 18F015F1#0000463E477F4557
(1785789707.138721) can0 18FF09D1#01000A00D5D4E5
(1785789707.164436) can0 1CECFFF1#20120003FF19F000
(1785789707.165358) can0 1CEBFFF1#0127100000000000
(1785789707.166381) can0 1CEBFFF1#0200000000000000
(1785789707.167285) can0 1CEBFFF1#03FFEF6AF5FFFFFF
(1785789707.178205) can0 18FEF1F8#FF0000FFFFFFFFFF
(1785789707.179687) can0 18F005F8#7DFFFF7DFFFFFFFF
(1785789707.194668) can0 18F015F1#0000463E477F4556
(1785789707.238225) can0 18FF09D1#01000A00D5D4E5
(1785789707.238674) can0 18FF14D1#
(1785789707.238968) can0 18FF16D1#01000A0064
(1785789707.264364) can0 1CECFFF1#20120003FF19F000
(1785789707.265319) can0 1CEBFFF1#0127100000000000
(1785789707.266312) can0 1CEBFFF1#0200000000000000
(1785789707.267307) can0 1CEBFFF1#03FFEF6AF5FFFFFF
(1785789707.278095) can0 18FEF1F8#FF0000FFFFFFFFFF
(1785789707.279355) can0 18F005F8#7DFFFF7DFFFFFFFF
(1785789707.293347) can0 18F015F1#0000463E477F4557
(1785789707.337987) can0 18FF09D1#01000A00D5C8E7
(1785789707.364385) can0 1CECFFF1#20120003FF19F000
(1785789707.365515) can0 1CEBFFF1#0127100000000000
(1785789707.366317) can0 1CEBFFF1#0200000000000000
(1785789707.367299) can0 1CEBFFF1#03FFEF6AF5FFFFFF
(1785789707.378127) can0 18FEF1F8#FF0000FFFFFFFFFF
(1785789707.379301) can0 18F005F8#7DFFFF7DFFFFFFFF
(1785789707.393383) can0 18F015F1#0000463E477F4557
(1785789707.438384) can0 18FF09D1#01000A00D5C8E7
(1785789707.464460) can0 1CECFFF1#20120003FF19F000
(1785789707.465335) can0 1CEBFFF1#0127100000000000
(1785789707.466307) can0 1CEBFFF1#0200000000000000
(1785789707.467284) can0 1CEBFFF1#03FFEF6AF5FFFFFF
(1785789707.478508) can0 18FEF1F8#FF0000FFFFFFFFFF
(1785789707.479672) can0 18F005F8#7DFFFF7DFFFFFFFF
(1785789707.494321) can0 18F015F1#0000463E477F4557
(1785789707.537917) can0 18FF09D1#01000A00D5C8E7
(1785789707.565322) can0 1CECFFF1#20120003FF19F000
(1785789707.566293) can0 1CEBFFF1#0127100000000000
(1785789707.567301) can0 1CEBFFF1#0200000000000000
(1785789707.568288) can0 1CEBFFF1#03FFEF6AF5FFFFFF
(1785789707.578036) can0 18FEF1F8#FF0000FFFFFFFFFF
(1785789707.579209) can0 18F005F8#7DFFFF7DFFFFFFFF
(1785789707.594282) can0 18F015F1#0000463E477F4556
(1785789707.637918) can0 18FF09D1#01000A00D5C8E7
(1785789707.665433) can0 1CECFFF1#20120003FF19F000
(1785789707.666322) can0 1CEBFFF1#0127100000000000
(1785789707.667333) can0 1CEBFFF1#0200000000000000
(1785789707.668317) can0 1CEBFFF1#03FFEF6AF5FFFFFF
(1785789707.678222) can0 18FEF1F8#FF0000FFFFFFFFFF
(1785789707.679473) can0 18F005F8#7DFFFF7DFFFFFFFF
(1785789707.694420) can0 18F015F1#0000463E477F4557
(1785789707.704309) can0 18F017F1#FA5DFC789C59
(1785789707.704789) can0 18F018F1#F4C1F6539303
(1785789707.738073) can0 18FF09D1#01000A00D5C8E7
(1785789707.738394) can0 18FF14D1#
(1785789707.765312) can0 1CECFFF1#20120003FF19F000
(1785789707.766348) can0 1CEBFFF1#0127100000000000
(1785789707.767333) can0 1CEBFFF1#0200000000000000
(1785789707.768285) can0 1CEBFFF1#03FFEF6AF5FFFFFF
(1785789707.778015) can0 18FEF1F8#FF0000FFFFFFFFFF
(1785789707.779141) can0 18F005F8#7DFFFF7DFFFFFFFF
(1785789707.794278) can0 18F015F1#0000463E477F4557
(1785789707.837941) can0 18FF09D1#01000A00D5C8E7
(1785789707.865332) can0 1CECFFF1#20120003FF19F000
(1785789707.866299) can0 1CEBFFF1#0127100000000000
(1785789707.867297) can0 1CEBFFF1#0200000000000000
(1785789707.868280) can0 1CEBFFF1#03FFEF6AF5FFFFFF
(1785789707.878041) can0 18FEF1F8#FF0000FFFFFFFFFF
(1785789707.879176) can0 18F005F8#7DFFFF7DFFFFFFFF
(1785789707.894300) can0 18F015F1#0000463E477F4557
(1785789707.937916) can0 18FF09D1#01000A00D5C8E7
(1785789707.965316) can0 1CECFFF1#20120003FF19F000
(1785789707.966298) can0 1CEBFFF1#0127100000000000
(1785789707.967300) can0 1CEBFFF1#0200000000000000
(1785789707.968287) can0 1CEBFFF1#03FFEF6AF5FFFFFF
(1785789707.978031) can0 18FEF1F8#FF0000FFFFFFFFFF
(1785789707.979181) can0 18F005F8#7DFFFF7DFFFFFFFF
(1785789707.994337) can0 18F015F1#0000463E47804557
(1785789708.037998) can0 18FF09D1#01000A00D5C8E7
(1785789708.065382) can0 1CECFFF1#20120003FF19F000
(1785789708.066338) can0 1CEBFFF1#0127100000000000
(1785789708.067454) can0 1CEBFFF1#0200000000000000
(1785789708.068364) can0 1CEBFFF1#03FFEF6AF5FFFFFF
(1785789708.078156) can0 18FEF1F8#FF0000FFFFFFFFFF
(1785789708.079326) can0 18F005F8#7DFFFF7DFFFFFFFF
(1785789708.094314) can0 18F015F1#0000463E477F4557
(1785789708.137896) can0 18FF09D1#01000A00D5C8E7
(1785789708.165369) can0 1CECFFF1#20120003FF19F000
(1785789708.166301) can0 1CEBFFF1#0127100000000000
(1785789708.167299) can0 1CEBFFF1#0200000000000000
(1785789708.168291) can0 1CEBFFF1#03FFEF6AF5FFFFFF
(1785789708.178048) can0 18FEF1F8#FF0000FFFFFFFFFF
(1785789708.179180) can0 18F005F8#7DFFFF7DFFFFFFFF
(1785789708.195313) can0 18F015F1#0000463E477F4557
(1785789708.238060) can0 18FF09D1#01000A00D5E0E3
(1785789708.238315) can0 18FF14D1#
(1785789708.266319) can0 1CECFFF1#20120003FF19F000
(1785789708.267309) can0 1CEBFFF1#0127100000000000
(1785789708.268305) can0 1CEBFFF1#0200000000000000
(1785789708.269289) can0 1CEBFFF1#03FFEF6AF5FFFFFF
(1785789708.278025) can0 18FEF1F8#FF0000FFFFFFFFFF
(1785789708.279199) can0 18F005F8#7DFFFF7DFFFFFFFF
(1785789708.295284) can0 18F015F1#0000463E47804557
(1785789708.338011) can0 18FF09D1#01000A00D5E0E3
(1785789708.366466) can0 1CECFFF1#20120003FF19F000
(1785789708.367363) can0 1CEBFFF1#0127100000000000
(1785789708.368345) can0 1CEBFFF1#0200000000000000
(1785789708.369329) can0 1CEBFFF1#03FFEF6AF5FFFFFF
(1785789708.378144) can0 18FEF1F8#FF0000FFFFFFFFFF
(1785789708.379352) can0 18F005F8#7DFFFF7DFFFFFFFF
(1785789708.395358) can0 18F015F1#0000463E477F4557
(1785789708.438339) can0 18FF09D1#01000A00D5E0E3
(1785789708.466337) can0 1CECFFF1#20120003FF19F000
(1785789708.467287) can0 1CEBFFF1#0127100000000000
(1785789708.468298) can0 1CEBFFF1#0200000000000000
(1785789708.469332) can0 1CEBFFF1#03FFEF6AF5FFFFFF
(1785789708.478025) can0 18FEF1F8#FF0000FFFFFFFFFF
(1785789708.479142) can0 18F005F8#7DFFFF7DFFFFFFFF
(1785789708.495333) can0 18F015F1#0000463E477F4557
(1785789708.537884) can0 18FF09D1#01000A00D5E0E3
(1785789708.566334) can0 1CECFFF1#20120003FF19F000
(1785789708.567300) can0 1CEBFFF1#0127100000000000
(1785789708.568307) can0 1CEBFFF1#0200000000000000
(1785789708.569288) can0 1CEBFFF1#03FFEF6AF5FFFFFF
(1785789708.578044) can0 18FEF1F8#FF0000FFFFFFFFFF
(1785789708.579197) can0 18F005F8#7DFFFF7DFFFFFFFF
(1785789708.595295) can0 18F015F1#0000463E47804557
(1785789708.637932) can0 18FF09D1#01000A00D5E0E3
(1785789708.666349) can0 1CECFFF1#20120003FF19F000
(1785789708.667306) can0 1CEBFFF1#0127100000000000
(1785789708.668309) can0 1CEBFFF1#0200000000000000
(1785789708.669295) can0 1CEBFFF1#03FFEF6AF5FFFFFF
(1785789708.678119) can0 18FEF1F8#FF0000FFFFFFFFFF
(1785789708.679362) can0 18F005F8#7DFFFF7DFFFFFFFF
(1785789708.696390) can0 18F015F1#0000463E477F4557
(1785789708.705323) can0 18F017F1#FA5DFC789C59
(1785789708.705747) can0 18F018F1#F4C1F6539303
(1785789708.738558) can0 18FF09D1#01000A00D5E0E3
(1785789708.738923) can0 18FF14D1#
(1785789708.766339) can0 1CECFFF1#20120003FF19F000
(1785789708.767291) can0 1CEBFFF1#0127100000000000
(1785789708.768305) can0 1CEBFFF1#0200000000000000
(1785789708.769290) can0 1CEBFFF1#03FFEF6AF5FFFFFF
(1785789708.778859) can0 18FEF1F8#FF0000FFFFFFFFFF
(1785789708.779972) can0 18F005F8#7DFFFF7DFFFFFFFF
(1785789708.795285) can0 18F015F1#0000463E477F4557
(1785789708.837893) can0 18FF09D1#01000A00D5E0E3
(1785789708.866344) can0 1CECFFF1#20120003FF19F000
(1785789708.867302) can0 1CEBFFF1#0127100000000000
(1785789708.868307) can0 1CEBFFF1#0200000000000000
(1785789708.869293) can0 1CEBFFF1#03FFEF6AF5FFFFFF
(1785789708.878049) can0 18FEF1F8#FF0000FFFFFFFFFF
(1785789708.879180) can0 18F005F8#7DFFFF7DFFFFFFFF
(1785789708.895302) can0 18F015F1#0000463E47804557
(1785789708.937891) can0 18FF09D1#01000A00D5E0E3
(1785789708.966334) can0 1CECFFF1#20120003FF19F000
(1785789708.967305) can0 1CEBFFF1#0127100000000000
(1785789708.968319) can0 1CEBFFF1#0200000000000000
(1785789708.969307) can0 1CEBFFF1#03FFEF6AF5FFFFFF
(1785789708.978024) can0 18FEF1F8#FF0000FFFFFFFFFF
(1785789708.979163) can0 18F005F8#7DFFFF7DFFFFFFFF
(1785789708.995886) can0 18F015F1#0000463E477F4557
(1785789709.038279) can0 18FF09D1#01000A00D5E0E3
(1785789709.067509) can0 1CECFFF1#20120003FF19F000
(1785789709.068329) can0 1CEBFFF1#0127100000000000
(1785789709.069302) can0 1CEBFFF1#0200000000000000
(1785789709.070440) can0 1CEBFFF1#03FFEF6AF5FFFFFF
(1785789709.079169) can0 18FEF1F8#FF0000FFFFFFFFFF
(1785789709.080880) can0 18F005F8#7DFFFF7DFFFFFFFF
(1785789709.096477) can0 18F015F1#0000463E477F4557
(1785789709.137873) can0 18FF09D1#01000A00D5E0E3
(1785789709.167372) can0 1CECFFF1#20120003FF19F000
(1785789709.168297) can0 1CEBFFF1#0127100000000000
(1785789709.169305) can0 1CEBFFF1#0200000000000000
(1785789709.170289) can0 1CEBFFF1#03FFEF6AF5FFFFFF
(1785789709.178045) can0 18FEF1F8#FF0000FFFFFFFFFF
(1785789709.179162) can0 18F005F8#7DFFFF7DFFFFFFFF
(1785789709.196325) can0 18F015F1#0000463E47804557
(1785789709.238074) can0 18FF09D1#01000A00D587E4
(1785789709.238447) can0 18FF14D1#
(1785789709.238732) can0 18FF16D1#01000A0064
(1785789709.267366) can0 1CECFFF1#20120003FF19F000
(1785789709.268301) can0 1CEBFFF1#0127100000000000
(1785789709.269314) can0 1CEBFFF1#0200000000000000
(1785789709.270296) can0 1CEBFFF1#03FFEF6AF5FFFFFF
(1785789709.278035) can0 18FEF1F8#FF0000FFFFFFFFFF
(1785789709.279171) can0 18F005F8#7DFFFF7DFFFFFFFF
(1785789709.296351) can0 18F015F1#0000463E477F4557
(1785789709.337936) can0 18FF09D1#01000A00D587E4
(1785789709.367415) can0 1CECFFF1#20120003FF19F000
(1785789709.368329) can0 1CEBFFF1#0127100000000000
(1785789709.369334) can0 1CEBFFF1#0200000000000000
(1785789709.370320) can0 1CEBFFF1#03FFEF6AF5FFFFFF
(1785789709.378244) can0 18FEF1F8#FF0000FFFFFFFFFF
(1785789709.379615) can0 18F005F8#7DFFFF7DFFFFFFFF
(1785789709.396600) can0 18F015F1#0000463E477F4557
(1785789709.438138) can0 18FF09D1#01000A00D587E4
(1785789709.467504) can0 1CECFFF1#20120003FF19F000
(1785789709.468325) can0 1CEBFFF1#0127100000000000
(1785789709.469325) can0 1CEBFFF1#0200000000000000
(1785789709.470298) can0 1CEBFFF1#03FFEF6AF5FFFFFF
(1785789709.478196) can0 18FEF1F8#FF0000FFFFFFFFFF
(1785789709.479428) can0 18F005F8#7DFFFF7DFFFFFFFF
(1785789709.496357) can0 18F015F1#0000463E47804557
(1785789709.537870) can0 18FF09D1#01000A00D587E4
(1785789709.567338) can0 1CECFFF1#20120003FF19F000
(1785789709.568304) can0 1CEBFFF1#0127100000000000
(1785789709.569311) can0 1CEBFFF1#0200000000000000
(1785789709.570292) can0 1CEBFFF1#03FFEF6AF5FFFFFF
(1785789709.578019) can0 18FEF1F8#FF0000FFFFFFFFFF
(1785789709.579207) can0 18F005F8#7DFFFF7DFFFFFFFF
(1785789709.596291) can0 18F015F1#0000463E477F4557
(1785789709.637870) can0 18FF09D1#01000A00D587E4
(1785789709.667359) can0 1CECFFF1#20120003FF19F000
(1785789709.668311) can0 1CEBFFF1#0127100000000000
(1785789709.669317) can0 1CEBFFF1#0200000000000000
(1785789709.670300) can0 1CEBFFF1#03FFEF6AF5FFFFFF
(1785789709.678238) can0 18FEF1F8#FF0000FFFFFFFFFF
(1785789709.679416) can0 18F005F8#7DFFFF7DFFFFFFFF
(1785789709.697375) can0 18F015F1#0000463E477F4557
(1785789709.706357) can0 18F017F1#F961FD419ADA
(1785789709.706819) can0 18F018F1#F511F5E993AC
(1785789709.738158) can0 18FF09D1#01000A00D53EE5
(1785789709.738821) can0 18FF14D1#
(1785789709.768351) can0 1CECFFF1#20120003FF19F000
(1785789709.769311) can0 1CEBFFF1#0127100000000000
(1785789709.770312) can0 1CEBFFF1#0200000000000000
(1785789709.771292) can0 1CEBFFF1#03FFEF6AF5FFFFFF
(1785789709.778136) can0 18FEF1F8#FF0000FFFFFFFFFF
(1785789709.779320) can0 18F005F8#7DFFFF7DFFFFFFFF
(1785789709.797289) can0 18F015F1#0000463E47804557
(1785789709.838199) can0 18FF09D1#01000A00D53EE5
(1785789709.868361) can0 1CECFFF1#20120003FF19F000
(1785789709.869314) can0 1CEBFFF1#0127100000000000
(1785789709.870333) can0 1CEBFFF1#0200000000000000
(1785789709.871318) can0 1CEBFFF1#03FFEF6AF5FFFFFF
(1785789709.878034) can0 18FEF1F8#FF0000FFFFFFFFFF
(1785789709.879213) can0 18F005F8#7DFFFF7DFFFFFFFF
(1785789709.897317) can0 18F015F1#0000463E47804557
(1785789709.937843) can0 18FF09D1#01000A00D53EE5
(1785789709.968355) can0 1CECFFF1#20120003FF19F000
(1785789709.969307) can0 1CEBFFF1#0127100000000000
(1785789709.970316) can0 1CEBFFF1#0200000000000000
(1785789709.971299) can0 1CEBFFF1#03FFEF6AF5FFFFFF
(1785789709.978044) can0 18FEF1F8#FF0000FFFFFFFFFF
(1785789709.979178) can0 18F005F8#7DFFFF7DFFFFFFFF
(1785789709.997347) can0 18F015F1#0000463E477F4557
(1785789710.037984) can0 18FF09D1#01000A00D53EE5
(1785789710.068377) can0 1CECFFF1#20120003FF19F000
(1785789710.069311) can0 1CEBFFF1#0127100000000000
(1785789710.070325) can0 1CEBFFF1#0200000000000000
(1785789710.071310) can0 1CEBFFF1#03FFEF6AF5FFFFFF
(1785789710.078627) can0 18FEF1F8#FF0000FFFFFFFFFF
(1785789710.079898) can0 18F005F8#7DFFFF7DFFFFFFFF
(1785789710.097409) can0 18F015F1#0000463E47804557
(1785789710.137843) can0 18FF09D1#01000A00D53EE5
(1785789710.168370) can0 1CECFFF1#20120003FF19F000
(1785789710.169328) can0 1CEBFFF1#0127100000000000
(1785789710.170346) can0 1CEBFFF1#0200000000000000
(1785789710.171320) can0 1CEBFFF1#03FFEF6AF5FFFFFF
(1785789710.178057) can0 18FEF1F8#FF0000FFFFFFFFFF
(1785789710.179207) can0 18F005F8#7DFFFF7DFFFFFFFF
(1785789710.198325) can0 18F015F1#0000463E47804557
(1785789710.237906) can0 18FF09D1#01000A00D53EE5
(1785789710.238226) can0 18FF14D1#
(1785789710.268334) can0 1CECFFF1#20120003FF19F000
(1785789710.269317) can0 1CEBFFF1#0127100000000000
(1785789710.270330) can0 1CEBFFF1#0200000000000000
(1785789710.271315) can0 1CEBFFF1#03FFEF6AF5FFFFFF
(1785789710.278012) can0 18FEF1F8#FF0000FFFFFFFFFF
(1785789710.279175) can0 18F005F8#7DFFFF7DFFFFFFFF
(1785789710.297319) can0 18F015F1#0000463E477F4557
(1785789710.337877) can0 18FF09D1#01000A00D53EE5
(1785789710.369497) can0 1CECFFF1#20120003FF19F000
(1785789710.370335) can0 1CEBFFF1#0127100000000000
(1785789710.371367) can0 1CEBFFF1#0200000000000000
(1785789710.372345) can0 1CEBFFF1#03FFEF6AF5FFFFFF
(1785789710.378214) can0 18FEF1F8#FF0000FFFFFFFFFF
(1785789710.379524) can0 18F005F8#7DFFFF7DFFFFFFFF
(1785789710.398565) can0 18F015F1#0000463E47804557
(1785789710.438011) can0 18FF09D1#01000A00D53EE5
(1785789710.469464) can0 1CECFFF1#20120003FF19F000
(1785789710.470317) can0 1CEBFFF1#0127100000000000
(1785789710.471313) can0 1CEBFFF1#0200000000000000
(1785789710.472294) can0 1CEBFFF1#03FFEF6AF5FFFFFF
(1785789710.478546) can0 18FEF1F8#FF0000FFFFFFFFFF
(1785789710.479756) can0 18F005F8#7DFFFF7DFFFFFFFF
(1785789710.498348) can0 18F015F1#0000463D47804557
(1785789710.537852) can0 18FF09D1#01000A00D53EE5
(1785789710.569345) can0 1CECFFF1#20120003FF19F000
(1785789710.570318) can0 1CEBFFF1#0127100000000000
(1785789710.571329) can0 1CEBFFF1#0200000000000000
(1785789710.572304) can0 1CEBFFF1#03FFEEAA34FFFFFF
(1785789710.578018) can0 18FEF1F8#FF0000FFFFFFFFFF
(1785789710.579189) can0 18F005F8#7DFFFF7DFFFFFFFF
(1785789710.598299) can0 18F015F1#0000463E47804557
(1785789710.637844) can0 18FF09D1#01000A00D53EE5
(1785789710.669854) can0 1CECFFF1#20120003FF19F000
(1785789710.670317) can0 1CEBFFF1#0127100000000000
(1785789710.671346) can0 1CEBFFF1#0200000000000000
(1785789710.672321) can0 1CEBFFF1#03FFEF6AF5FFFFFF
(1785789710.678275) can0 18FEF1F8#FF0000FFFFFFFFFF
(1785789710.679445) can0 18F005F8#7DFFFF7DFFFFFFFF
(1785789710.699397) can0 18F015F1#0000463E47804557
(1785789710.708302) can0 18F017F1#F961FD419ADA
(1785789710.708732) can0 18F018F1#F511F5E993AC
(1785789710.738431) can0 18FF09D1#01000A00D538E6
(1785789710.739278) can0 18FF14D1#
(1785789710.769357) can0 1CECFFF1#20120003FF19F000
(1785789710.770307) can0 1CEBFFF1#0127100000000000
(1785789710.771311) can0 1CEBFFF1#0200000000000000
(1785789710.772296) can0 1CEBFFF1#03FFEF6AF5FFFFFF
(1785789710.778028) can0 18FEF1F8#FF0000FFFFFFFFFF
(1785789710.779325) can0 18F005F8#7DFFFF7DFFFFFFFF
(1785789710.798302) can0 18F015F1#0000463D47804557
(1785789710.837858) can0 18FF09D1#01000A00D538E6
(1785789710.869351) can0 1CECFFF1#20120003FF19F000
(1785789710.870306) can0 1CEBFFF1#0127100000000000
(1785789710.871317) can0 1CEBFFF1#0200000000000000
(1785789710.872302) can0 1CEBFFF1#03FFEF6AF5FFFFFF
(1785789710.878018) can0 18FEF1F8#FF0000FFFFFFFFFF
(1785789710.879151) can0 18F005F8#7DFFFF7DFFFFFFFF
(1785789710.898308) can0 18F015F1#0000463E47804557
(1785789710.937814) can0 18FF09D1#01000A00D538E6
(1785789710.969372) can0 1CECFFF1#20120003FF19F000
(1785789710.970323) can0 1CEBFFF1#0127100000000000
(1785789710.971333) can0 1CEBFFF1#0200000000000000
(1785789710.972316) can0 1CEBFFF1#03FFEF6AF5FFFFFF
(1785789710.978034) can0 18FEF1F8#FF0000FFFFFFFFFF
(1785789710.979175) can0 18F005F8#7DFFFF7DFFFFFFFF
(1785789710.998315) can0 18F015F1#0000463E47804557
(1785789711.038217) can0 18FF09D1#01000A00D538E6
(1785789711.069621) can0 1CECFFF1#20120003FF19F000
(1785789711.070423) can0 1CEBFFF1#0127100000000000
(1785789711.071337) can0 1CEBFFF1#0200000000000000
(1785789711.072367) can0 1CEBFFF1#03FFEF6AF5FFFFFF
(1785789711.078562) can0 18FEF1F8#FF0000FFFFFFFFFF
(1785789711.080180) can0 18F005F8#7DFFFF7DFFFFFFFF
(1785789711.098568) can0 18F015F1#0000463E47804557
(1785789711.137888) can0 18FF09D1#01000A00D538E6
(1785789711.170393) can0 1CECFFF1#20120003FF19F000
(1785789711.171315) can0 1CEBFFF1#0127100000000000
(1785789711.172324) can0 1CEBFFF1#0200000000000000
(1785789711.173305) can0 1CEBFFF1#03FFEF6AF5FFFFFF
(1785789711.178051) can0 18FEF1F8#FF0000FFFFFFFFFF
(1785789711.179189) can0 18F005F8#7DFFFF7DFFFFFFFF
(1785789711.199318) can0 18F015F1#0000463E47804557
(1785789711.237950) can0 18FF09D1#01000A00D5CEE6
(1785789711.238351) can0 18FF14D1#
(1785789711.270356) can0 1CECFFF1#20120003FF19F000
(1785789711.271314) can0 1CEBFFF1#0127100000000000
(1785789711.272323) can0 1CEBFFF1#0200000000000000
(1785789711.273306) can0 1CEBFFF1#03FFEF6AF5FFFFFF
(1785789711.278009) can0 18FEF1F8#FF0000FFFFFFFFFF
(1785789711.279144) can0 18F005F8#7DFFFF7DFFFFFFFF
(1785789711.299308) can0 18F015F1#0000463E47804557
(1785789711.337819) can0 18FF09D1#01000A00D5CEE6
(1785789711.370540) can0 1CECFFF1#20120003FF19F000
(1785789711.371330) can0 1CEBFFF1#0127100000000000
(1785789711.372375) can0 1CEBFFF1#0200000000000000
(1785789711.373388) can0 1CEBFFF1#03FFEF6AF5FFFFFF
(1785789711.378289) can0 18FEF1F8#FF0000FFFFFFFFFF
(1785789711.379546) can0 18F005F8#7DFFFF7DFFFFFFFF
(1785789711.399462) can0 18F015F1#0000463E47804558
(1785789711.437982) can0 18FF09D1#01000A00D5CEE6
(1785789711.470508) can0 1CECFFF1#20120003FF19F000
(1785789711.471339) can0 1CEBFFF1#0127100000000000
(1785789711.472337) can0 1CEBFFF1#0200000000000000
(1785789711.473352) can0 1CEBFFF1#03FFEF6AF5FFFFFF
(1785789711.478032) can0 18FEF1F8#FF0000FFFFFFFFFF
(1785789711.479156) can0 18F005F8#7DFFFF7DFFFFFFFF
(1785789711.499403) can0 18F015F1#0000463E47804557
(1785789711.537822) can0 18FF09D1#01000A00D5CEE6
(1785789711.570374) can0 1CECFFF1#20120003FF19F000
(1785789711.571335) can0 1CEBFFF1#0127100000000000
(1785789711.572337) can0 1CEBFFF1#0200000000000000
(1785789711.573324) can0 1CEBFFF1#03FFEF6AF5FFFFFF
(1785789711.578062) can0 18FEF1F8#FF0000FFFFFFFFFF
(1785789711.579223) can0 18F005F8#7DFFFF7DFFFFFFFF
(1785789711.599369) can0 18F015F1#0000463E47804557
(1785789711.637825) can0 18FF09D1#01000A00D5CEE6
(1785789711.670350) can0 1CECFFF1#20120003FF19F000
(1785789711.671326) can0 1CEBFFF1#0127100000000000
(1785789711.672336) can0 1CEBFFF1#0200000000000000
(1785789711.673316) can0 1CEBFFF1#03FFEF6AF5FFFFFF
(1785789711.678047) can0 18FEF1F8#FF0000FFFFFFFFFF
(1785789711.679253) can0 18F005F8#7DFFFF7DFFFFFFFF
(1785789711.700454) can0 18F015F1#0000463E47804557
(1785789711.709262) can0 18F017F1#F9FEFE389D41
(1785789711.709711) can0 18F018F1#F4B0F68A9302
(1785789711.738569) can0 18FF09D1#01000A00D5CEE6
(1785789711.738872) can0 18FF14D1#
(1785789711.770444) can0 1CECFFF1#20120003FF19F000
(1785789711.771401) can0 1CEBFFF1#0127100000000000
(1785789711.772330) can0 1CEBFFF1#0200000000000000
(1785789711.773311) can0 1CEBFFF1#03FFEF6AF5FFFFFF
(1785789711.778015) can0 18FEF1F8#FF0000FFFFFFFFFF
(1785789711.779127) can0 18F005F8#7DFFFF7DFFFFFFFF
(1785789711.799321) can0 18F015F1#0000463E47804557
(1785789711.837870) can0 18FF09D1#01000A00D564E7
(1785789711.870361) can0 1CECFFF1#20120003FF19F000
(1785789711.871322) can0 1CEBFFF1#0127100000000000
(1785789711.872327) can0 1CEBFFF1#0200000000000000
(1785789711.873316) can0 1CEBFFF1#03FFEF6AF5FFFFFF
(1785789711.878012) can0 18FEF1F8#FF0000FFFFFFFFFF
(1785789711.879134) can0 18F005F8#7DFFFF7DFFFFFFFF
(1785789711.899310) can0 18F015F1#0000463E477F4557
(1785789711.937777) can0 18FF09D1#01000A00D564E7
(1785789711.971379) can0 1CECFFF1#20120003FF19F000
(1785789711.972331) can0 1CEBFFF1#0127100000000000
(1785789711.973346) can0 1CEBFFF1#0200000000000000
(1785789711.974328) can0 1CEBFFF1#03FFEF6AF5FFFFFF
(1785789711.978034) can0 18FEF1F8#FF0000FFFFFFFFFF
(1785789711.979184) can0 18F005F8#7DFFFF7DFFFFFFFF
(1785789712.000325) can0 18F015F1#0000463E47804557
(1785789712.037845) can0 18FF09D1#01000A00D564E7
(1785789712.071723) can0 1CECFFF1#20120003FF19F000
(1785789712.072425) can0 1CEBFFF1#0127100000000000
(1785789712.073465) can0 1CEBFFF1#0200000000000000
(1785789712.074484) can0 1CEBFFF1#03FFEF6AF5FFFFFF
(1785789712.078216) can0 18FEF1F8#FF0000FFFFFFFFFF
(1785789712.079503) can0 18F005F8#7DFFFF7DFFFFFFFF
(1785789712.100554) can0 18F015F1#0000463E47804558
(1785789712.137774) can0 18FF09D1#01000A00D564E7
(1785789712.171445) can0 1CECFFF1#20120003FF19F000
(1785789712.172341) can0 1CEBFFF1#0127100000000000
(1785789712.173348) can0 1CEBFFF1#0200000000000000
(1785789712.174321) can0 1CEBFFF1#03FFEF6AF5FFFFFF
(1785789712.179206) can0 18FEF1F8#FF0000FFFFFFFFFF
(1785789712.180405) can0 18F005F8#7DFFFF7DFFFFFFFF
(1785789712.201331) can0 18F015F1#0000463E47804558
(1785789712.237833) can0 18FF09D1#01000A00D59CE6
(1785789712.238109) can0 18FF14D1#
(1785789712.271362) can0 1CECFFF1#20120003FF19F000
(1785789712.272321) can0 1CEBFFF1#0127100000000000
(1785789712.273327) can0 1CEBFFF1#0200000000000000
(1785789712.274311) can0 1CEBFFF1#03FFEF6AF5FFFFFF
(1785789712.278013) can0 18FEF1F8#FF0000FFFFFFFFFF
(1785789712.279119) can0 18F005F8#7DFFFF7DFFFFFFFF
(1785789712.300309) can0 18F015F1#0000463E47804558
(1785789712.337765) can0 18FF09D1#01000A00D59CE6
(1785789712.371508) can0 1CECFFF1#20120003FF19F000
(1785789712.372378) can0 1CEBFFF1#0127100000000000
(1785789712.373391) can0 1CEBFFF1#0200000000000000
(1785789712.374385) can0 1CEBFFF1#03FFEF6AF5FFFFFF
(1785789712.378213) can0 18FEF1F8#FF0000FFFFFFFFFF
(1785789712.379543) can0 18F005F8#7DFFFF7DFFFFFFFF
(1785789712.400506) can0 18F015F1#0000463E47804558
(1785789712.438245) can0 18FF09D1#01000A00D59CE6
(1785789712.471532) can0 1CECFFF1#20120003FF19F000
(1785789712.472934) can0 1CEBFFF1#0127100000000000
(1785789712.473369) can0 1CEBFFF1#0200000000000000
(1785789712.474339) can0 1CEBFFF1#03FFEF6AF5FFFFFF
(1785789712.478595) can0 18FEF1F8#FF0000FFFFFFFFFF
(1785789712.479830) can0 18F005F8#7DFFFF7DFFFFFFFF
(1785789712.501539) can0 18F015F1#0000463E47804558
(1785789712.537869) can0 18FF09D1#01000A00D59CE6
(1785789712.571350) can0 1CECFFF1#20120003FF19F000
(1785789712.572323) can0 1CEBFFF1#0127100000000000
(1785789712.573333) can0 1CEBFFF1#0200000000000000
(1785789712.574316) can0 1CEBFFF1#03FFEF6AF5FFFFFF
(1785789712.578039) can0 18FEF1F8#FF0000FFFFFFFFFF
(1785789712.579180) can0 18F005F8#7DFFFF7DFFFFFFFF
(1785789712.600330) can0 18F015F1#0000463E47804558
(1785789712.637876) can0 18FF09D1#01000A00D59CE6
(1785789712.672365) can0 1CECFFF1#20120003FF19F000
(1785789712.673340) can0 1CEBFFF1#0127100000000000
(1785789712.674348) can0 1CEBFFF1#0200000000000000
(1785789712.675332) can0 1CEBFFF1#03FFEF6AF5FFFFFF
(1785789712.678024) can0 18FEF1F8#FF0000FFFFFFFFFF
(1785789712.679150) can0 18F005F8#7DFFFF7DFFFFFFFF
(1785789712.701431) can0 18F015F1#0000463E47804557
(1785789712.711417) can0 18F017F1#F9FEFE389D41
(1785789712.711924) can0 18F018F1#F4B0F68A9302
(1785789712.738013) can0 18FF09D1#01000A00D59CE6
(1785789712.738500) can0 18FF14D1#
(1785789712.772481) can0 1CECFFF1#20120003FF19F000
(1785789712.773359) can0 1CEBFFF1#0127100000000000
(1785789712.774347) can0 1CEBFFF1#0200000000000000
(1785789712.775307) can0 1CEBFFF1#03FFEEAA34FFFFFF
(1785789712.778139) can0 18FEF1F8#FF0000FFFFFFFFFF
(1785789712.779252) can0 18F005F8#7DFFFF7DFFFFFFFF
(1785789712.801331) can0 18F015F1#0000463E47804558
(1785789712.837747) can0 18FF09D1#01000A00D59CE6
(1785789712.872385) can0 1CECFFF1#20120003FF19F000
(1785789712.873339) can0 1CEBFFF1#0127100000000000
(1785789712.874352) can0 1CEBFFF1#0200000000000000
(1785789712.875332) can0 1CEBFFF1#03FFEF6AF5FFFFFF
(1785789712.878037) can0 18FEF1F8#FF0000FFFFFFFFFF
(1785789712.879227) can0 18F005F8#7DFFFF7DFFFFFFFF
(1785789712.901328) can0 18F015F1#0000463E47804558
(1785789712.937747) can0 18FF09D1#01000A00D59CE6
(1785789712.972372) can0 1CECFFF1#20120003FF19F000
(1785789712.973335) can0 1CEBFFF1#0127100000000000
(1785789712.974338) can0 1CEBFFF1#0200000000000000
(1785789712.975320) can0 1CEBFFF1#03FFEF6AF5FFFFFF
(1785789712.977995) can0 18FEF1F8#FF0000FFFFFFFFFF
(1785789712.979152) can0 18F005F8#7DFFFF7DFFFFFFFF
(1785789713.001323) can0 18F015F1#0000463E47804558
(1785789713.037851) can0 18FF09D1#01000A00D59CE6
(1785789713.072476) can0 1CECFFF1#20120003FF19F000
(1785789713.073336) can0 1CEBFFF1#0127100000000000
(1785789713.074356) can0 1CEBFFF1#0200000000000000
(1785789713.075350) can0 1CEBFFF1#03FFEF6AF5FFFFFF
(1785789713.078225) can0 18FEF1F8#FF0000FFFFFFFFFF
(1785789713.079622) can0 18F005F8#7DFFFF7DFFFFFFFF
(1785789713.101490) can0 18F015F1#0000463E477F4558
(1785789713.137793) can0 18FF09D1#01000A00D59CE6
(1785789713.172385) can0 1CECFFF1#20120003FF19F000
(1785789713.173324) can0 1CEBFFF1#0127100000000000
(1785789713.174334) can0 1CEBFFF1#0200000000000000
(1785789713.175318) can0 1CEBFFF1#03FFEF6AF5FFFFFF
(1785789713.178038) can0 18FEF1F8#FF0000FFFFFFFFFF
(1785789713.179176) can0 18F005F8#7DFFFF7DFFFFFFFF
(1785789713.202367) can0 18F015F1#0000463E47804557
(1785789713.237939) can0 18FF09D1#01000A00D59CE6
(1785789713.238279) can0 18FF14D1#
(1785789713.238812) can0 18FF16D1#01000A0064
(1785789713.273392) can0 1CECFFF1#20120003FF19F000
(1785789713.274340) can0 1CEBFFF1#0127100000000000
(1785789713.275347) can0 1CEBFFF1#0200000000000000
(1785789713.276333) can0 1CEBFFF1#03FFEF6AF5FFFFFF
(1785789713.278020) can0 18FEF1F8#FF0000FFFFFFFFFF
(1785789713.279209) can0 18F005F8#7DFFFF7DFFFFFFFF
(1785789713.302333) can0 18F015F1#0000463E47804558
(1785789713.337727) can0 18FF09D1#01000A00D564E7
(1785789713.373608) can0 1CECFFF1#20120003FF19F000
(1785789713.374358) can0 1CEBFFF1#0127100000000000
(1785789713.375365) can0 1CEBFFF1#0200000000000000
(1785789713.376337) can0 1CEBFFF1#03FFEEAA34FFFFFF
(1785789713.378064) can0 18FEF1F8#FF0000FFFFFFFFFF
(1785789713.379416) can0 18F005F8#7DFFFF7DFFFFFFFF
(1785789713.402404) can0 18F015F1#0000463E47804558
(1785789713.437861) can0 18FF09D1#01000A00D564E7
(1785789713.473576) can0 1CECFFF1#20120003FF19F000
(1785789713.474356) can0 1CEBFFF1#0127100000000000
(1785789713.475348) can0 1CEBFFF1#0200000000000000
(1785789713.476343) can0 1CEBFFF1#03FFEEAA34FFFFFF
(1785789713.478158) can0 18FEF1F8#FF0000FFFFFFFFFF
(1785789713.479319) can0 18F005F8#7DFFFF7DFFFFFFFF
(1785789713.502340) can0 18F015F1#0000463E47804557
(1785789713.537755) can0 18FF09D1#01000A00D564E7
(1785789713.573365) can0 1CECFFF1#20120003FF19F000
(1785789713.574334) can0 1CEBFFF1#0127100000000000
(1785789713.575341) can0 1CEBFFF1#0200000000000000
(1785789713.576340) can0 1CEBFFF1#03FFEF6AF5FFFFFF
(1785789713.578027) can0 18FEF1F8#FF0000FFFFFFFFFF
(1785789713.579221) can0 18F005F8#7DFFFF7DFFFFFFFF
(1785789713.602331) can0 18F015F1#0000463D47804558
(1785789713.637754) can0 18FF09D1#01000A00D564E7
(1785789713.673404) can0 1CECFFF1#20120003FF19F000
(1785789713.674347) can0 1CEBFFF1#0127100000000000
(1785789713.675362) can0 1CEBFFF1#0200000000000000
(1785789713.676363) can0 1CEBFFF1#03FFEEAA34FFFFFF
(1785789713.678095) can0 18FEF1F8#FF0000FFFFFFFFFF
(1785789713.679300) can0 18F005F8#7DFFFF7DFFFFFFFF
(1785789713.703446) can0 18F015F1#0000463E47804558
(1785789713.712380) can0 18F017F1#F9EBFD749DB9
(1785789713.712732) can0 18F018F1#F4B8F5DF9319
(1785789713.738245) can0 18FF09D1#01000A00D564E7
(1785789713.738613) can0 18FF14D1#
(1785789713.774266) can0 1CECFFF1#20120003FF19F000
(1785789713.774734) can0 1CEBFFF1#0127100000000000
(1785789713.775505) can0 1CEBFFF1#0200000000000000
(1785789713.776434) can0 1CEBFFF1#03FFEF6AF5FFFFFF
(1785789713.778578) can0 18FEF1F8#FF0000FFFFFFFFFF
(1785789713.779862) can0 18F005F8#7DFFFF7DFFFFFFFF
(1785789713.802378) can0 18F015F1#0000463E47804557
(1785789713.837734) can0 18FF09D1#01000A00D564E7
(1785789713.873404) can0 1CECFFF1#20120003FF19F000
(1785789713.874349) can0 1CEBFFF1#0127100000000000
(1785789713.875342) can0 1CEBFFF1#0200000000000000
(1785789713.876334) can0 1CEBFFF1#03FFEF6AF5FFFFFF
(1785789713.878019) can0 18FEF1F8#FF0000FFFFFFFFFF
(1785789713.879221) can0 18F005F8#7DFFFF7DFFFFFFFF
(1785789713.902336) can0 18F015F1#0000463E47804558
(1785789713.937706) can0 18FF09D1#01000A00D564E7
(1785789713.973381) can0 1CECFFF1#20120003FF19F000
(1785789713.974346) can0 1CEBFFF1#0127100000000000
(1785789713.975351) can0 1CEBFFF1#0200000000000000
(1785789713.976340) can0 1CEBFFF1#03FFEF6AF5FFFFFF
(1785789713.978019) can0 18FEF1F8#FF0000FFFFFFFFFF
(1785789713.979207) can0 18F005F8#7DFFFF7DFFFFFFFF
(1785789714.002504) can0 18F015F1#0000463E47804558
(1785789714.037812) can0 18FF09D1#01000A00D564E7
(1785789714.074509) can0 1CECFFF1#20120003FF19F000
(1785789714.075376) can0 1CEBFFF1#0127100000000000
(1785789714.076401) can0 1CEBFFF1#0200000000000000
(1785789714.077647) can0 1CEBFFF1#03FFEF6AF5FFFFFF
(1785789714.078129) can0 18FEF1F8#FF0000FFFFFFFFFF
(1785789714.079409) can0 18F005F8#7DFFFF7DFFFFFFFF
(1785789714.103441) can0 18F015F1#0000463E47804557
(1785789714.137762) can0 18FF09D1#01000A00D564E7
(1785789714.174371) can0 1CECFFF1#20120003FF19F000
(1785789714.176017) can0 1CEBFFF1#0127100000000000
(1785789714.177583) can0 1CEBFFF1#0200000000000000
(1785789714.177767) can0 1CEBFFF1#03FFEF6AF5FFFFFF
(1785789714.179016) can0 18FEF1F8#FF0000FFFFFFFFFF
(1785789714.180193) can0 18F005F8#7DFFFF7DFFFFFFFF
(1785789714.203377) can0 18F015F1#0000463E47804558
(1785789714.237778) can0 18FF09D1#01000A00D564E7
(1785789714.238128) can0 18FF14D1#
(1785789714.274375) can0 1CECFFF1#20120003FF19F000
(1785789714.275344) can0 1CEBFFF1#0127100000000000
(1785789714.276364) can0 1CEBFFF1#0200000000000000
(1785789714.277549) can0 1CEBFFF1#03FFEF6AF5FFFFFF
(1785789714.278033) can0 18FEF1F8#FF0000FFFFFFFFFF
(1785789714.279221) can0 18F005F8#7DFFFF7DFFFFFFFF
(1785789714.303355) can0 18F015F1#0000463E47804558
(1785789714.337677) can0 18FF09D1#01000A00D564E7
(1785789714.374493) can0 1CECFFF1#20120003FF19F000
(1785789714.375376) can0 1CEBFFF1#0127100000000000
(1785789714.376392) can0 1CEBFFF1#0200000000000000
(1785789714.377633) can0 1CEBFFF1#03FFEF6AF5FFFFFF
(1785789714.378122) can0 18FEF1F8#FF0000FFFFFFFFFF
(1785789714.379350) can0 18F005F8#7DFFFF7DFFFFFFFF
(1785789714.403451) can0 18F015F1#0000463E47804557
(1785789714.437875) can0 18FF09D1#01000A00D564E7
(1785789714.474498) can0 1CECFFF1#20120003FF19F000
(1785789714.475665) can0 1CEBFFF1#0127100000000000
(1785789714.476434) can0 1CEBFFF1#0200000000000000
(1785789714.477673) can0 1CEBFFF1#03FFEF6AF5FFFFFF
(1785789714.478131) can0 18FEF1F8#FF0000FFFFFFFFFF
(1785789714.479369) can0 18F005F8#7DFFFF7DFFFFFFFF
(1785789714.503339) can0 18F015F1#0000463D47804558
(1785789714.537734) can0 18FF09D1#01000A00D564E7
(1785789714.574394) can0 1CECFFF1#20120003FF19F000
(1785789714.575343) can0 1CEBFFF1#0127100000000000
(1785789714.576355) can0 1CEBFFF1#0200000000000000
(1785789714.577529) can0 1CEBFFF1#03FFEF6AF5FFFFFF
(1785789714.578018) can0 18FEF1F8#FF0000FFFFFFFFFF
(1785789714.579202) can0 18F005F8#7DFFFF7DFFFFFFFF
(1785789714.603402) can0 18F015F1#0000463D47804558
(1785789714.637698) can0 18FF09D1#01000A00D564E7
(1785789714.674378) can0 1CECFFF1#20120003FF19F000
(1785789714.675343) can0 1CEBFFF1#0127100000000000
(1785789714.676889) can0 1CEBFFF1#0200000000000000
(1785789714.677580) can0 1CEBFFF1#03FFEEAA34FFFFFF
(1785789714.678055) can0 18FEF1F8#FF0000FFFFFFFFFF
(1785789714.679189) can0 18F005F8#7DFFFF7DFFFFFFFF
(1785789714.704384) can0 18F015F1#0000463E47804558
(1785789714.713379) can0 18F017F1#F9EBFD749DB9
(1785789714.713860) can0 18F018F1#F4B8F5DF9319
(1785789714.737908) can0 18FF09D1#01000A00D564E7
(1785789714.738366) can0 18FF14D1#
(1785789714.774656) can0 1CECFFF1#20120003FF19F000
(1785789714.775390) can0 1CEBFFF1#0127100000000000
(1785789714.776378) can0 1CEBFFF1#0200000000000000
(1785789714.777615) can0 1CEBFFF1#03FFEF6AF5FFFFFF
(1785789714.778134) can0 18FEF1F8#FF0000FFFFFFFFFF
(1785789714.782960) can0 18F005F8#7DFFFF7DFFFFFFFF
(1785789714.803574) can0 18F015F1#0000463D47804558
(1785789714.837832) can0 18FF09D1#01000A00D5E0E3
(1785789714.875417) can0 1CECFFF1#20120003FF19F000
(1785789714.876357) can0 1CEBFFF1#0127100000000000
(1785789714.877526) can0 1CEBFFF1#0200000000000000
(1785789714.878016) can0 18FEF1F8#FF0000FFFFFFFFFF
(1785789714.878795) can0 1CEBFFF1#03FFEEAA34FFFFFF
(1785789714.879279) can0 18F005F8#7DFFFF7DFFFFFFFF
(1785789714.904361) can0 18F015F1#0000463D47804558
(1785789714.938049) can0 18FF09D1#01000A00D5E0E3
(1785789714.975409) can0 1CECFFF1#20120003FF19F000
(1785789714.976360) can0 1CEBFFF1#0127100000000000
(1785789714.977539) can0 1CEBFFF1#0200000000000000
(1785789714.978021) can0 18FEF1F8#FF0000FFFFFFFFFF
(1785789714.978674) can0 1CEBFFF1#03FFEEAA34FFFFFF
(1785789714.979167) can0 18F005F8#7DFFFF7DFFFFFFFF
(1785789715.004348) can0 18F015F1#0000463D477F4557
(1785789715.037772) can0 18FF09D1#01000A00D5E0E3
(1785789715.075506) can0 1CECFFF1#20120003FF19F000
(1785789715.076461) can0 1CEBFFF1#0127100000000000
(1785789715.077629) can0 1CEBFFF1#0200000000000000
(1785789715.078111) can0 18FEF1F8#FF0000FFFFFFFFFF
(1785789715.078813) can0 1CEBFFF1#03FFEEAA34FFFFFF
(1785789715.079272) can0 18F005F8#7DFFFF7DFFFFFFFF
(1785789715.104531) can0 18F015F1#0000463D47804558
(1785789715.137688) can0 18FF09D1#01000A00D5E0E3
(1785789715.175375) can0 1CECFFF1#20120003FF19F000
(1785789715.176352) can0 1CEBFFF1#0127100000000000
(1785789715.177713) can0 1CEBFFF1#0200000000000000
(1785789715.178200) can0 18FEF1F8#FF0000FFFFFFFFFF
(1785789715.178832) can0 1CEBFFF1#03FFEF6AF5FFFFFF
(1785789715.179355) can0 18F005F8#7DFFFF7DFFFFFFFF
(1785789715.205438) can0 18F015F1#0000463D47804558
(1785789715.237878) can0 18FF09D1#01000A00D5E0E3
(1785789715.238149) can0 18FF14D1#
(1785789715.238522) can0 18FF16D1#01000A0064
(1785789715.275402) can0 1CECFFF1#20120003FF19F000
(1785789715.276349) can0 1CEBFFF1#0127100000000000
(1785789715.277493) can0 1CEBFFF1#0200000000000000
(1785789715.277998) can0 18FEF1F8#FF0000FFFFFFFFFF
(1785789715.278643) can0 1CEBFFF1#03FFEEAA34FFFFFF
(1785789715.279143) can0 18F005F8#7DFFFF7DFFFFFFFF
(1785789715.304352) can0 18F015F1#0000463E477F4557
(1785789715.337685) can0 18FF09D1#01000A00D5E0E3
(1785789715.375541) can0 1CECFFF1#20120003FF19F000
(1785789715.376364) can0 1CEBFFF1#0127100000000000
(1785789715.377622) can0 1CEBFFF1#0200000000000000
(1785789715.378142) can0 18FEF1F8#FF0000FFFFFFFFFF
(1785789715.378808) can0 1CEBFFF1#03FFEF6AF5FFFFFF
(1785789715.379342) can0 18F005F8#7DFFFF7DFFFFFFFF
(1785789715.405472) can0 18F015F1#0000463E47804558
(1785789715.437876) can0 18FF09D1#01000A00D5E0E3
(1785789715.475404) can0 1CECFFF1#20120003FF19F000
(1785789715.476349) can0 1CEBFFF1#0127100000000000
(1785789715.477519) can0 1CEBFFF1#0200000000000000
(1785789715.478011) can0 18FEF1F8#FF0000FFFFFFFFFF
(1785789715.478675) can0 1CEBFFF1#03FFEF6AF5FFFFFF
(1785789715.479168) can0 18F005F8#7DFFFF7DFFFFFFFF
(1785789715.504348) can0 18F015F1#0000463D477F4558
(1785789715.538095) can0 18FF09D1#01000A00D5E0E3
(1785789715.576389) can0 1CECFFF1#20120003FF19F000
(1785789715.577545) can0 1CEBFFF1#0127100000000000
(1785789715.578030) can0 18FEF1F8#FF0000FFFFFFFFFF
(1785789715.578735) can0 1CEBFFF1#0200000000000000
(1785789715.579217) can0 18F005F8#7DFFFF7DFFFFFFFF
(1785789715.579808) can0 1CEBFFF1#03FFEEAA34FFFFFF
(1785789715.605380) can0 18F015F1#0000463D477F4558
(1785789715.638074) can0 18FF09D1#01000A00D5E0E3
(1785789715.676421) can0 1CECFFF1#20120003FF19F000
(1785789715.677543) can0 1CEBFFF1#0127100000000000
(1785789715.678039) can0 18FEF1F8#FF0000FFFFFFFFFF
(1785789715.678727) can0 1CEBFFF1#0200000000000000
(1785789715.679233) can0 18F005F8#7DFFFF7DFFFFFFFF
(1785789715.679813) can0 1CEBFFF1#03FFEEAA34FFFFFF
(1785789715.705424) can0 18F015F1#0000463D47804557
(1785789715.715393) can0 18F017F1#F933FD9A9C6F
(1785789715.715717) can0 18F018F1#F560F5EB939A
(1785789715.737825) can0 18FF09D1#01000A00D5D4E5
(1785789715.738240) can0 18FF14D1#
(1785789715.776474) can0 1CECFFF1#20120003FF19F000
(1785789715.777472) can0 1CEBFFF1#0127100000000000
(1785789715.778600) can0 1CEBFFF1#0200000000000000
(1785789715.779401) can0 18FEF1F8#FF0000FFFFFFFFFF
(1785789715.779795) can0 1CEBFFF1#03FFEEAA34FFFFFF
(1785789715.781393) can0 18F005F8#7DFFFF7DFFFFFFFF
(1785789715.805557) can0 18F015F1#0000463D477F4557
(1785789715.837687) can0 18FF09D1#01000A00D5D4E5
(1785789715.876432) can0 1CECFFF1#20120003FF19F000
(1785789715.877506) can0 1CEBFFF1#0127100000000000
(1785789715.878025) can0 18FEF1F8#FF0000FFFFFFFFFF
(1785789715.878719) can0 1CEBFFF1#0200000000000000
(1785789715.879238) can0 18F005F8#7DFFFF7DFFFFFFFF
(1785789715.879818) can0 1CEBFFF1#03FFEEAA34FFFFFF
(1785789715.905395) can0 18F015F1#0000463D477F4557
(1785789715.937695) can0 18FF09D1#01000A00D5D4E5
(1785789715.976438) can0 1CECFFF1#20120003FF19F000
(1785789715.977547) can0 1CEBFFF1#0127100000000000
(1785789715.978042) can0 18FEF1F8#FF0000FFFFFFFFFF
(1785789715.978743) can0 1CEBFFF1#0200000000000000
(1785789715.979219) can0 18F005F8#7DFFFF7DFFFFFFFF
(1785789715.979807) can0 1CEBFFF1#03FFEEAA34FFFFFF
(1785789716.005412) can0 18F015F1#0000463D47804557
(1785789716.037676) can0 18FF09D1#01000A00D5D4E5
(1785789716.076463) can0 1CECFFF1#20120003FF19F000
(1785789716.077646) can0 1CEBFFF1#0127100000000000
(1785789716.078143) can0 18FEF1F8#FF0000FFFFFFFFFF
(1785789716.078791) can0 1CEBFFF1#0200000000000000
(1785789716.079324) can0 18F005F8#7DFFFF7DFFFFFFFF
(1785789716.079909) can0 1CEBFFF1#03FFEEAA34FFFFFF
(1785789716.114495) can0 18F015F1#0000463D47804557
(1785789716.137774) can0 18FF09D1#01000A00D5D4E5
(1785789716.177560) can0 1CECFFF1#20120003FF19F000
(1785789716.178047) can0 18FEF1F8#FF0000FFFFFFFFFF
(1785789716.178685) can0 1CEBFFF1#0127100000000000
(1785789716.179204) can0 18F005F8#7DFFFF7DFFFFFFFF
(1785789716.179827) can0 1CEBFFF1#0200000000000000
(1785789716.180393) can0 1CEBFFF1#03FFEEAA34FFFFFF
(1785789716.206413) can0 18F015F1#0000463D47804557
(1785789716.237757) can0 18FF09D1#01000A00D538E6
(1785789716.238124) can0 18FF14D1#
(1785789716.277565) can0 1CECFFF1#20120003FF19F000
(1785789716.278046) can0 18FEF1F8#FF0000FFFFFFFFFF
(1785789716.278709) can0 1CEBFFF1#0127100000000000
(1785789716.279198) can0 18F005F8#7DFFFF7DFFFFFFFF
(1785789716.279823) can0 1CEBFFF1#0200000000000000
(1785789716.280412) can0 1CEBFFF1#03FFEEAA34FFFFFF
(1785789716.306352) can0 18F015F1#0000463D47804558
(1785789716.337621) can0 18FF09D1#01000A00D538E6
(1785789716.377754) can0 1CECFFF1#20120003FF19F000
(1785789716.378231) can0 18FEF1F8#FF0000FFFFFFFFFF
(1785789716.378963) can0 1CEBFFF1#0127100000000000
(1785789716.379434) can0 1CEBFFF1#0200000000000000
(1785789716.379975) can0 18F005F8#7DFFFF7DFFFFFFFF
(1785789716.380577) can0 1CEBFFF1#03FFEEAA34FFFFFF
(1785789716.406480) can0 18F015F1#0000463D47804558
(1785789716.437875) can0 18FF09D1#01000A00D538E6
(1785789716.477557) can0 1CECFFF1#20120003FF19F000
(1785789716.478046) can0 18FEF1F8#FF0000FFFFFFFFFF
(1785789716.478682) can0 1CEBFFF1#0127100000000000
(1785789716.479197) can0 18F005F8#7DFFFF7DFFFFFFFF
(1785789716.479824) can0 1CEBFFF1#0200000000000000
(1785789716.480385) can0 1CEBFFF1#03FFEEAA34FFFFFF
(1785789716.506365) can0 18F015F1#0000463D47804558
(1785789716.538027) can0 18FF09D1#01000A00D538E6
(1785789716.577588) can0 1CECFFF1#20120003FF19F000
(1785789716.578072) can0 18FEF1F8#FF0000FFFFFFFFFF
(1785789716.578738) can0 1CEBFFF1#0127100000000000
(1785789716.579217) can0 18F005F8#7DFFFF7DFFFFFFFF
(1785789716.579838) can0 1CEBFFF1#0200000000000000
(1785789716.580401) can0 1CEBFFF1#03FFEEAA34FFFFFF
(1785789716.606373) can0 18F015F1#0000463D47804558
(1785789716.637690) can0 18FF09D1#01000A00D538E6
(1785789716.677560) can0 1CECFFF1#20120003FF19F000
(1785789716.678055) can0 18FEF1F8#FF0000FFFFFFFFFF
(1785789716.678700) can0 1CEBFFF1#0127100000000000
(1785789716.679205) can0 18F005F8#7DFFFF7DFFFFFFFF
(1785789716.679824) can0 1CEBFFF1#0200000000000000
(1785789716.680387) can0 1CEBFFF1#03FFEEAA34FFFFFF
(1785789716.707419) can0 18F015F1#0000463D47804557
(1785789716.716400) can0 18F017F1#F933FD9A9C6F
(1785789716.716744) can0 18F018F1#F560F5EB939A
(1785789716.746036) can0 18FF09D1#01000A00D538E6
(1785789716.746553) can0 18FF14D1#
(1785789716.777816) can0 1CECFFF1#20120003FF19F000
(1785789716.778444) can0 1CEBFFF1#0127100000000000
(1785789716.779390) can0 1CEBFFF1#0200000000000000
(1785789716.779985) can0 18FEF1F8#FF0000FFFFFFFFFF
(1785789716.780780) can0 1CEBFFF1#03FFEEAA34FFFFFF
(1785789716.781348) can0 18F005F8#7DFFFF7DFFFFFFFF
(1785789716.806464) can0 18F015F1#0000463D47804557
(1785789716.837620) can0 18FF09D1#01000A00D538E6
(1785789716.877595) can0 1CECFFF1#20120003FF19F000
(1785789716.878082) can0 18FEF1F8#FF0000FFFFFFFFFF
(1785789716.878719) can0 1CEBFFF1#0127100000000000
(1785789716.879235) can0 18F005F8#7DFFFF7DFFFFFFFF
(1785789716.879852) can0 1CEBFFF1#0200000000000000
(1785789716.880416) can0 1CEBFFF1#03FFEEAA34FFFFFF
(1785789716.906390) can0 18F015F1#0000463D47804558
(1785789716.937636) can0 18FF09D1#01000A00D538E6
(1785789716.978069) can0 18FEF1F8#FF0000FFFFFFFFFF
(1785789716.978789) can0 1CECFFF1#20120003FF19F000
(1785789716.979289) can0 18F005F8#7DFFFF7DFFFFFFFF
(1785789716.979882) can0 1CEBFFF1#0127100000000000
(1785789716.980470) can0 1CEBFFF1#0200000000000000
(1785789716.981350) can0 1CEBFFF1#03FFEEAA34FFFFFF
(1785789717.007371) can0 18F015F1#0000463D47804558
(1785789717.037697) can0 18FF09D1#01000A00D538E6
(1785789717.078153) can0 18FEF1F8#FF0000FFFFFFFFFF
(1785789717.078864) can0 1CECFFF1#20120003FF19F000
(1785789717.079380) can0 18F005F8#7DFFFF7DFFFFFFFF
(1785789717.079952) can0 1CEBFFF1#0127100000000000
(1785789717.080566) can0 1CEBFFF1#0200000000000000
(1785789717.081394) can0 1CEBFFF1#03FFEEAA34FFFFFF
(1785789717.107788) can0 18F015F1#0000463D477F4558
(1785789717.137727) can0 18FF09D1#01000A00D538E6
(1785789717.178086) can0 18FEF1F8#FF0000FFFFFFFFFF
(1785789717.178787) can0 1CECFFF1#20120003FF19F000
(1785789717.179272) can0 18F005F8#7DFFFF7DFFFFFFFF
(1785789717.179881) can0 1CEBFFF1#0127100000000000
(1785789717.180466) can0 1CEBFFF1#0200000000000000
(1785789717.181356) can0 1CEBFFF1#03FFEEAA34FFFFFF
(1785789717.207432) can0 18F015F1#0000463D47804557
(1785789717.237780) can0 18FF09D1#01000A00D538E6
(1785789717.238107) can0 18FF14D1#
(1785789717.278089) can0 18FEF1F8#FF0000FFFFFFFFFF
(1785789717.278823) can0 1CECFFF1#20120003FF19F000
(1785789717.279363) can0 18F005F8#7DFFFF7DFFFFFFFF
(1785789717.279920) can0 1CEBFFF1#0127100000000000
(1785789717.280504) can0 1CEBFFF1#0200000000000000
(1785789717.281352) can0 1CEBFFF1#03FFEEAA34FFFFFF
(1785789717.307380) can0 18F015F1#0000463D47804557
(1785789717.337604) can0 18FF09D1#01000A00D538E6
(1785789717.378310) can0 18FEF1F8#FF0000FFFFFFFFFF
(1785789717.379132) can0 1CECFFF1#20120003FF19F000
(1785789717.379417) can0 1CEBFFF1#0127100000000000
(1785789717.379961) can0 18F005F8#7DFFFF7DFFFFFFFF
(1785789717.380596) can0 1CEBFFF1#0200000000000000
(1785789717.381398) can0 1CEBFFF1#03FFEEAA34FFFFFF
(1785789717.407517) can0 18F015F1#0000463D47804558
(1785789717.437729) can0 18FF09D1#01000A00D538E6
(1785789717.478108) can0 18FEF1F8#FF0000FFFFFFFFFF
(1785789717.478736) can0 1CECFFF1#20120003FF19F000
(1785789717.479248) can0 18F005F8#7DFFFF7DFFFFFFFF
(1785789717.479855) can0 1CEBFFF1#0127100000000000
(1785789717.480442) can0 1CEBFFF1#0200000000000000
(1785789717.481344) can0 1CEBFFF1#03FFEEAA34FFFFFF
(1785789717.507376) can0 18F015F1#0000463D47804557
(1785789717.537643) can0 18FF09D1#01000A00D538E6
(1785789717.578066) can0 18FEF1F8#FF0000FFFFFFFFFF
(1785789717.578778) can0 1CECFFF1#20120003FF19F000
(1785789717.579287) can0 18F005F8#7DFFFF7DFFFFFFFF
(1785789717.579888) can0 1CEBFFF1#0127100000000000
(1785789717.580477) can0 1CEBFFF1#0200000000000000
(1785789717.581353) can0 1CEBFFF1#03FFEEAA34FFFFFF
(1785789717.607385) can0 18F015F1#0000463D47804558
(1785789717.637606) can0 18FF09D1#01000A00D538E6
(1785789717.678053) can0 18FEF1F8#FF0000FFFFFFFFFF
(1785789717.678686) can0 1CECFFF1#20120003FF19F000
(1785789717.679204) can0 18F005F8#7DFFFF7DFFFFFFFF
(1785789717.679812) can0 1CEBFFF1#0127100000000000
(1785789717.680405) can0 1CEBFFF1#0200000000000000
(1785789717.681361) can0 1CEBFFF1#03FFEEAA34FFFFFF
(1785789717.709576) can0 18F015F1#0000463D47804558
(1785789717.718366) can0 18F017F1#F9B8FD939CB6
(1785789717.718751) can0 18F018F1#F48FF61192E6
(1785789717.738029) can0 18FF09D1#01000A00D538E6
(1785789717.738321) can0 18FF14D1#
(1785789717.778391) can0 18FEF1F8#FF0000FFFFFFFFFF
(1785789717.779427) can0 1CECFFF1#20120003FF19F000
(1785789717.779936) can0 18F005F8#7DFFFF7DFFFFFFFF
(1785789717.780554) can0 1CEBFFF1#0127100000000000
(1785789717.781424) can0 1CEBFFF1#0200000000000000
(1785789717.782650) can0 1CEBFFF1#03FFEEAA34FFFFFF
(1785789717.808450) can0 18F015F1#0000463D47804557
(1785789717.837616) can0 18FF09D1#01000A00D538E6
(1785789717.878119) can0 18FEF1F8#FF0000FFFFFFFFFF
(1785789717.879308) can0 18F005F8#7DFFFF7DFFFFFFFF
(1785789717.879910) can0 1CECFFF1#20120003FF19F000
(1785789717.880485) can0 1CEBFFF1#0127100000000000
(1785789717.881373) can0 1CEBFFF1#0200000000000000
(1785789717.882355) can0 1CEBFFF1#03FFEEAA34FFFFFF
(1785789717.908402) can0 18F015F1#0000463D47804558
(1785789717.937572) can0 18FF09D1#01000A00D538E6
(1785789717.978076) can0 18FEF1F8#FF0000FFFFFFFFFF
(1785789717.979211) can0 18F005F8#7DFFFF7DFFFFFFFF
(1785789717.979856) can0 1CECFFF1#20120003FF19F000
(1785789717.980401) can0 1CEBFFF1#0127100000000000
(1785789717.981376) can0 1CEBFFF1#0200000000000000
(1785789717.982349) can0 1CEBFFF1#03FFEEAA34FFFFFF
(1785789718.008439) can0 18F015F1#0000463D47804558
(1785789718.037872) can0 18FF09D1#01000A00D538E6
(1785789718.078187) can0 18FEF1F8#FF0000FFFFFFFFFF
(1785789718.079357) can0 18F005F8#7DFFFF7DFFFFFFFF
(1785789718.079957) can0 1CECFFF1#20120003FF19F000
(1785789718.080533) can0 1CEBFFF1#0127100000000000
(1785789718.081394) can0 1CEBFFF1#0200000000000000
(1785789718.082372) can0 1CEBFFF1#03FFEEAA34FFFFFF
(1785789718.108498) can0 18F015F1#0000463D47804557
(1785789718.138190) can0 18FF09D1#01000A00D538E6
(1785789718.178060) can0 18FEF1F8#FF0000FFFFFFFFFF
(1785789718.179268) can0 18F005F8#7DFFFF7DFFFFFFFF
(1785789718.179874) can0 1CECFFF1#20120003FF19F000
(1785789718.180450) can0 1CEBFFF1#0127100000000000
(1785789718.181376) can0 1CEBFFF1#0200000000000000
(1785789718.182382) can0 1CEBFFF1#03FFEEAA34FFFFFF
(1785789718.215959) can0 18F015F1#0000463D47804558
(1785789718.237690) can0 18FF09D1#01000A00D564E7
(1785789718.237972) can0 18FF14D1#
(1785789718.278071) can0 18FEF1F8#FF0000FFFFFFFFFF
(1785789718.279235) can0 18F005F8#7DFFFF7DFFFFFFFF
(1785789718.279849) can0 1CECFFF1#20120003FF19F000
(1785789718.280422) can0 1CEBFFF1#0127100000000000
(1785789718.281383) can0 1CEBFFF1#0200000000000000
(1785789718.282355) can0 1CEBFFF1#03FFEEAA34FFFFFF
(1785789718.309379) can0 18F015F1#0000463D47804558
(1785789718.337570) can0 18FF09D1#01000A00D564E7
(1785789718.378168) can0 18FEF1F8#FF0000FFFFFFFFFF
(1785789718.379310) can0 18F005F8#7DFFFF7DFFFFFFFF
(1785789718.379919) can0 1CECFFF1#20120003FF19F000
(1785789718.380491) can0 1CEBFFF1#0127100000000000
(1785789718.381385) can0 1CEBFFF1#0200000000000000
(1785789718.382369) can0 1CEBFFF1#03FFEEAA34FFFFFF
(1785789718.408442) can0 18F015F1#0000463D47804557
(1785789718.437766) can0 18FF09D1#01000A00D564E7
(1785789718.478258) can0 18FEF1F8#FF0000FFFFFFFFFF
(1785789718.479434) can0 18F005F8#7DFFFF7DFFFFFFFF
(1785789718.480390) can0 1CECFFF1#20120003FF19F000
(1785789718.481375) can0 1CEBFFF1#0127100000000000
(1785789718.482378) can0 1CEBFFF1#0200000000000000
(1785789718.483352) can0 1CEBFFF1#03FFEEAA34FFFFFF
(1785789718.509400) can0 18F015F1#0000463D47804558
(1785789718.537938) can0 18FF09D1#01000A00D564E7
(1785789718.578066) can0 18FEF1F8#FF0000FFFFFFFFFF
(1785789718.579267) can0 18F005F8#7DFFFF7DFFFFFFFF
(1785789718.580371) can0 1CECFFF1#20120003FF19F000
(1785789718.581373) can0 1CEBFFF1#0127100000000000
(1785789718.582380) can0 1CEBFFF1#0200000000000000
(1785789718.583355) can0 1CEBFFF1#03FFEEAA34FFFFFF
(1785789718.609407) can0 18F015F1#0000463D47804558
(1785789718.637589) can0 18FF09D1#01000A00D564E7
(1785789718.678078) can0 18FEF1F8#FF0000FFFFFFFFFF
(1785789718.679229) can0 18F005F8#7DFFFF7DFFFFFFFF
(1785789718.680385) can0 1CECFFF1#20120003FF19F000
(1785789718.681379) can0 1CEBFFF1#0127100000000000
(1785789718.682390) can0 1CEBFFF1#0200000000000000
(1785789718.683379) can0 1CEBFFF1#03FFEEAA34FFFFFF
(1785789718.709400) can0 18F015F1#0000463D47804557
(1785789718.719348) can0 18F017F1#F9B8FD939CB6
(1785789718.719778) can0 18F018F1#F48FF61192E6
(1785789718.737745) can0 18FF09D1#01000A00D538E6
(1785789718.738259) can0 18FF14D1#
(1785789718.779677) can0 18FEF1F8#FF0000FFFFFFFFFF
(1785789718.780574) can0 1CECFFF1#20120003FF19F000
(1785789718.781598) can0 1CEBFFF1#0127100000000000
(1785789718.782103) can0 18F005F8#7DFFFF7DFFFFFFFF
(1785789718.782720) can0 1CEBFFF1#0200000000000000
(1785789718.783376) can0 1CEBFFF1#03FFEEAA34FFFFFF
(1785789718.809400) can0 18F015F1#0000463D47804558
(1785789718.837571) can0 18FF09D1#01000A00D538E6
(1785789718.878223) can0 18FEF1F8#FF0000FFFFFFFFFF
(1785789718.879370) can0 18F005F8#7DFFFF7DFFFFFFFF
(1785789718.880378) can0 1CECFFF1#20120003FF19F000
(1785789718.881373) can0 1CEBFFF1#0127100000000000
(1785789718.882425) can0 1CEBFFF1#0200000000000000
(1785789718.883375) can0 1CEBFFF1#03FFEEAA34FFFFFF
(1785789718.909408) can0 18F015F1#0000463D47804558
(1785789718.937566) can0 18FF09D1#01000A00D538E6
(1785789718.978062) can0 18FEF1F8#FF0000FFFFFFFFFF
(1785789718.979251) can0 18F005F8#7DFFFF7DFFFFFFFF
(1785789718.980379) can0 1CECFFF1#20120003FF19F000
(1785789718.981375) can0 1CEBFFF1#0127100000000000
(1785789718.982385) can0 1CEBFFF1#0200000000000000
(1785789718.983367) can0 1CEBFFF1#03FFEEAA34FFFFFF
(1785789719.009385) can0 18F015F1#0000463D47804558
(1785789719.037641) can0 18FF09D1#01000A00D538E6
(1785789719.078201) can0 18FEF1F8#FF0000FFFFFFFFFF
(1785789719.079473) can0 18F005F8#7DFFFF7DFFFFFFFF
(1785789719.081419) can0 1CECFFF1#20120003FF19F000
(1785789719.082422) can0 1CEBFFF1#0127100000000000
(1785789719.083401) can0 1CEBFFF1#0200000000000000
(1785789719.084373) can0 1CEBFFF1#03FFEEAA34FFFFFF
(1785789719.110510) can0 18F015F1#0000463C47804558
(1785789719.137653) can0 18FF09D1#01000A00D538E6
(1785789719.178066) can0 18FEF1F8#FF0000FFFFFFFFFF
(1785789719.179190) can0 18F005F8#7DFFFF7DFFFFFFFF
(1785789719.181374) can0 1CECFFF1#20120003FF19F000
(1785789719.182393) can0 1CEBFFF1#0127100000000000
(1785789719.183385) can0 1CEBFFF1#0200000000000000
(1785789719.184367) can0 1CEBFFF1#03FFEDAB74FFFFFF
(1785789719.210406) can0 18F015F1#0000463C47804557
(1785789719.237824) can0 18FF09D1#01000A00D538E6
(1785789719.238211) can0 18FF14D1#
(1785789719.238467) can0 18FF16D1#01000A0064
(1785789719.278058) can0 18FEF1F8#FF0000FFFFFFFFFF
(1785789719.279250) can0 18F005F8#7DFFFF7DFFFFFFFF
(1785789719.281372) can0 1CECFFF1#20120003FF19F000
(1785789719.282373) can0 1CEBFFF1#0127100000000000
(1785789719.283384) can0 1CEBFFF1#0200000000000000
(1785789719.284370) can0 1CEBFFF1#03FFEDAB74FFFFFF
(1785789719.310382) can0 18F015F1#0000463D47804557
(1785789719.337558) can0 18FF09D1#01000A00D538E6
(1785789719.378675) can0 18FEF1F8#FF0000FFFFFFFFFF
(1785789719.379840) can0 18F005F8#7DFFFF7DFFFFFFFF
(1785789719.381404) can0 1CECFFF1#20120003FF19F000
(1785789719.382387) can0 1CEBFFF1#0127100000000000
(1785789719.383398) can0 1CEBFFF1#0200000000000000
(1785789719.384370) can0 1CEBFFF1#03FFEEAA34FFFFFF
(1785789719.410469) can0 18F015F1#0000463C47804558
(1785789719.437899) can0 18FF09D1#01000A00D538E6
(1785789719.478107) can0 18FEF1F8#FF0000FFFFFFFFFF
(1785789719.479332) can0 18F005F8#7DFFFF7DFFFFFFFF
(1785789719.481415) can0 1CECFFF1#20120003FF19F000
(1785789719.482378) can0 1CEBFFF1#0127100000000000
(1785789719.483394) can0 1CEBFFF1#0200000000000000
(1785789719.484372) can0 1CEBFFF1#03FFEDAB74FFFFFF
(1785789719.510384) can0 18F015F1#0000463C47804557
(1785789719.537550) can0 18FF09D1#01000A00D538E6
(1785789719.578079) can0 18FEF1F8#FF0000FFFFFFFFFF
(1785789719.579213) can0 18F005F8#7DFFFF7DFFFFFFFF
(1785789719.581381) can0 1CECFFF1#20120003FF19F000
(1785789719.582382) can0 1CEBFFF1#0127100000000000
(1785789719.583389) can0 1CEBFFF1#0200000000000000
(1785789719.584373) can0 1CEBFFF1#03FFEDAB74FFFFFF
(1785789719.610403) can0 18F015F1#0000463C47804557
(1785789719.637546) can0 18FF09D1#01000A00D538E6
(1785789719.678073) can0 18FEF1F8#FF0000FFFFFFFFFF
(1785789719.679208) can0 18F005F8#7DFFFF7DFFFFFFFF
(1785789719.681377) can0 1CECFFF1#20120003FF19F000
(1785789719.682378) can0 1CEBFFF1#0127100000000000
(1785789719.683391) can0 1CEBFFF1#0200000000000000
(1785789719.684370) can0 1CEBFFF1#03FFEDAB74FFFFFF
(1785789719.711392) can0 18F015F1#0000463C47814557
(1785789719.720335) can0 18F017F1#FA12FE689C73
(1785789719.720763) can0 18F018F1#F585F67E93A4
(1785789719.737794) can0 18FF09D1#01000A00D53EE5
(1785789719.738250) can0 18FF14D1#
(1785789719.778387) can0 18FEF1F8#FF0000FFFFFFFFFF
(1785789719.779823) can0 18F005F8#7DFFFF7DFFFFFFFF
(1785789719.781534) can0 1CECFFF1#20120003FF19F000
(1785789719.782449) can0 1CEBFFF1#0127100000000000
(1785789719.783471) can0 1CEBFFF1#0200000000000000
(1785789719.784388) can0 1CEBFFF1#03FFEDAB74FFFFFF
(1785789719.810529) can0 18F015F1#0000463C47804557
(1785789719.837558) can0 18FF09D1#01000A00D53EE5
(1785789719.878063) can0 18FEF1F8#FF0000FFFFFFFFFF
(1785789719.879175) can0 18F005F8#7DFFFF7DFFFFFFFF
(1785789719.882425) can0 1CECFFF1#20120003FF19F000
(1785789719.883402) can0 1CEBFFF1#0127100000000000
(1785789719.884407) can0 1CEBFFF1#0200000000000000
(1785789719.885385) can0 1CEBFFF1#03FFEDAB74FFFFFF
(1785789719.911401) can0 18F015F1#0000463C47804557
(1785789719.937531) can0 18FF09D1#01000A00D53EE5
(1785789719.978069) can0 18FEF1F8#FF0000FFFFFFFFFF
(1785789719.979198) can0 18F005F8#7DFFFF7DFFFFFFFF
(1785789719.982390) can0 1CECFFF1#20120003FF19F000
(1785789719.983390) can0 1CEBFFF1#0127100000000000
(1785789719.984402) can0 1CEBFFF1#0200000000000000
(1785789719.985385) can0 1CEBFFF1#03FFEDAB74FFFFFF
(1785789720.011441) can0 18F015F1#0000463C47804557
(1785789720.037554) can0 18FF09D1#01000A00D53EE5
(1785789720.078178) can0 18FEF1F8#FF0000FFFFFFFFFF
(1785789720.079436) can0 18F005F8#7DFFFF7DFFFFFFFF
(1785789720.082403) can0 1CECFFF1#20120003FF19F000
(1785789720.083398) can0 1CEBFFF1#0127100000000000
(1785789720.084405) can0 1CEBFFF1#0200000000000000
(1785789720.085393) can0 1CEBFFF1#03FFEDAB74FFFFFF
(1785789720.111565) can0 18F015F1#0000463C47804557
(1785789720.137750) can0 18FF09D1#01000A00D53EE5
(1785789720.178062) can0 18FEF1F8#FF0000FFFFFFFFFF
(1785789720.179194) can0 18F005F8#7DFFFF7DFFFFFFFF
(1785789720.182389) can0 1CECFFF1#20120003FF19F000
(1785789720.183392) can0 1CEBFFF1#0127100000000000
(1785789720.184392) can0 1CEBFFF1#0200000000000000
(1785789720.185376) can0 1CEBFFF1#03FFEDAB74FFFFFF
(1785789720.212415) can0 18F015F1#0000463C47804557
(1785789720.237651) can0 18FF09D1#01000A00D53EE5
(1785789720.238024) can0 18FF14D1#
(1785789720.278097) can0 18FEF1F8#FF0000FFFFFFFFFF
(1785789720.279340) can0 18F005F8#7DFFFF7DFFFFFFFF
(1785789720.282412) can0 1CECFFF1#20120003FF19F000
(1785789720.283402) can0 1CEBFFF1#0127100000000000
(1785789720.284416) can0 1CEBFFF1#0200000000000000
(1785789720.285417) can0 1CEBFFF1#03FFEDAB74FFFFFF
(1785789720.311432) can0 18F015F1#0000463C47804557
(1785789720.337575) can0 18FF09D1#01000A00D53EE5
(1785789720.378089) can0 18FEF1F8#FF0000FFFFFFFFFF
(1785789720.379335) can0 18F005F8#7DFFFF7DFFFFFFFF
(1785789720.382439) can0 1CECFFF1#20120003FF19F000
(1785789720.383403) can0 1CEBFFF1#0127100000000000
(1785789720.384419) can0 1CEBFFF1#0200000000000000
(1785789720.385410) can0 1CEBFFF1#03FFEDAB74FFFFFF
(1785789720.411552) can0 18F015F1#0000463C47804557
(1785789720.438014) can0 18FF09D1#01000A00D53EE5
(1785789720.478311) can0 18FEF1F8#FF0000FFFFFFFFFF
(1785789720.479546) can0 18F005F8#7DFFFF7DFFFFFFFF
(1785789720.482544) can0 1CECFFF1#20120003FF19F000
(1785789720.483524) can0 1CEBFFF1#0127100000000000
(1785789720.484539) can0 1CEBFFF1#0200000000000000
(1785789720.485429) can0 1CEBFFF1#03FFEDAB74FFFFFF
(1785789720.511385) can0 18F015F1#0000463C47804557
(1785789720.537546) can0 18FF09D1#01000A00D53EE5
(1785789720.578075) can0 18FEF1F8#FF0000FFFFFFFFFF
(1785789720.579241) can0 18F005F8#7DFFFF7DFFFFFFFF
(1785789720.582400) can0 1CECFFF1#20120003FF19F000
(1785789720.583403) can0 1CEBFFF1#0127100000000000
(1785789720.584416) can0 1CEBFFF1#0200000000000000
(1785789720.585400) can0 1CEBFFF1#03FFEDAB74FFFFFF
(1785789720.612415) can0 18F015F1#0000463C47804557
(1785789720.637589) can0 18FF09D1#01000A00D53EE5
(1785789720.678130) can0 18FEF1F8#FF0000FFFFFFFFFF
(1785789720.679342) can0 18F005F8#7DFFFF7DFFFFFFFF
(1785789720.683402) can0 1CECFFF1#20120003FF19F000
(1785789720.684395) can0 1CEBFFF1#0127100000000000
(1785789720.685399) can0 1CEBFFF1#0200000000000000
(1785789720.686395) can0 1CEBFFF1#03FFEDAB74FFFFFF
(1785789720.712401) can0 18F015F1#0000463C47804557
(1785789720.722337) can0 18F017F1#FA12FE689C73
(1785789720.722804) can0 18F018F1#F585F67E93A4
(1785789720.737698) can0 18FF09D1#01000A00D53EE5
(1785789720.738160) can0 18FF14D1#
(1785789720.778285) can0 18FEF1F8#FF0000FFFFFFFFFF
(1785789720.779769) can0 18F005F8#7DFFFF7DFFFFFFFF
(1785789720.783928) can0 1CECFFF1#20120003FF19F000
(1785789720.784423) can0 1CEBFFF1#0127100000000000
(1785789720.785460) can0 1CEBFFF1#0200000000000000
(1785789720.786454) can0 1CEBFFF1#03FFEDAB74FFFFFF
(1785789720.812788) can0 18F015F1#0000463C477F4557
(1785789720.837584) can0 18FF09D1#01000A00D53EE5
(1785789720.878273) can0 18FEF1F8#FF0000FFFFFFFFFF
(1785789720.879665) can0 18F005F8#7DFFFF7DFFFFFFFF
(1785789720.883444) can0 1CECFFF1#20120003FF19F000
(1785789720.884393) can0 1CEBFFF1#0127100000000000
(1785789720.885399) can0 1CEBFFF1#0200000000000000
(1785789720.886833) can0 1CEBFFF1#03FFEDAB74FFFFFF
(1785789720.912427) can0 18F015F1#0000463C47804557
(1785789720.937517) can0 18FF09D1#01000A00D53EE5
(1785789720.978077) can0 18FEF1F8#FF0000FFFFFFFFFF
(1785789720.979279) can0 18F005F8#7DFFFF7DFFFFFFFF
(1785789720.983405) can0 1CECFFF1#20120003FF19F000
(1785789720.984401) can0 1CEBFFF1#0127100000000000
(1785789720.985421) can0 1CEBFFF1#0200000000000000
(1785789720.986420) can0 1CEBFFF1#03FFEDAB74FFFFFF
(1785789721.012402) can0 18F015F1#0000463C47804557
(1785789721.037581) can0 18FF09D1#01000A00D53EE5
(1785789721.078222) can0 18FEF1F8#FF0000FFFFFFFFFF
(1785789721.079466) can0 18F005F8#7DFFFF7DFFFFFFFF
(1785789721.083528) can0 1CECFFF1#20120003FF19F000
(1785789721.084398) can0 1CEBFFF1#0127100000000000
(1785789721.085431) can0 1CEBFFF1#0200000000000000
(1785789721.086451) can0 1CEBFFF1#03FFEDAB74FFFFFF
(1785789721.112886) can0 18F015F1#0000463C477F4557
(1785789721.137838) can0 18FF09D1#01000A00D53EE5
(1785789721.178075) can0 18FEF1F8#FF0000FFFFFFFFFF
(1785789721.179186) can0 18F005F8#7DFFFF7DFFFFFFFF
(1785789721.183401) can0 1CECFFF1#20120003FF19F000
(1785789721.184393) can0 1CEBFFF1#0127100000000000
(1785789721.185400) can0 1CEBFFF1#0200000000000000
(1785789721.186390) can0 1CEBFFF1#03FFEDAB74FFFFFF
(1785789721.213437) can0 18F015F1#0000463C47804557
(1785789721.237659) can0 18FF09D1#01000A00D564E7
(1785789721.238066) can0 18FF14D1#
(1785789721.278071) can0 18FEF1F8#FF0000FFFFFFFFFF
(1785789721.279305) can0 18F005F8#7DFFFF7DFFFFFFFF
(1785789721.283393) can0 1CECFFF1#20120003FF19F000
(1785789721.284392) can0 1CEBFFF1#0127100000000000
(1785789721.285399) can0 1CEBFFF1#0200000000000000
(1785789721.286394) can0 1CEBFFF1#03FFEDAB74FFFFFF
(1785789721.312404) can0 18F015F1#0000463C47804557
(1785789721.337498) can0 18FF09D1#01000A00D564E7
(1785789721.378036) can0 18FEF1F8#FF0000FFFFFFFFFF
(1785789721.379189) can0 18F005F8#7DFFFF7DFFFFFFFF
(1785789721.384406) can0 1CECFFF1#20120003FF19F000
(1785789721.385599) can0 1CEBFFF1#0127100000000000
(1785789721.386412) can0 1CEBFFF1#0200000000000000
(1785789721.387393) can0 1CEBFFF1#03FFEDAB74FFFFFF
(1785789721.413498) can0 18F015F1#0000463C477F4557
(1785789721.437607) can0 18FF09D1#01000A00D564E7
(1785789721.478291) can0 18FEF1F8#FF0000FFFFFFFFFF
(1785789721.479459) can0 18F005F8#7DFFFF7DFFFFFFFF
(1785789721.484409) can0 1CECFFF1#20120003FF19F000
(1785789721.485392) can0 1CEBFFF1#0127100000000000
(1785789721.486408) can0 1CEBFFF1#0200000000000000
(1785789721.487417) can0 1CEBFFF1#03FFEDAB74FFFFFF
(1785789721.513410) can0 18F015F1#0000463C47804557
(1785789721.537464) can0 18FF09D1#01000A00D564E7
(1785789721.578099) can0 18FEF1F8#FF0000FFFFFFFFFF
(1785789721.579314) can0 18F005F8#7DFFFF7DFFFFFFFF
(1785789721.584423) can0 1CECFFF1#20120003FF19F000
(1785789721.585401) can0 1CEBFFF1#0127100000000000
(1785789721.586411) can0 1CEBFFF1#0200000000000000
(1785789721.587388) can0 1CEBFFF1#03FFEDAB74FFFFFF
(1785789721.613421) can0 18F015F1#0000463C47804557
(1785789721.637860) can0 18FF09D1#01000A00D564E7
(1785789721.678080) can0 18FEF1F8#FF0000FFFFFFFFFF
(1785789721.679303) can0 18F005F8#7DFFFF7DFFFFFFFF
(1785789721.684417) can0 1CECFFF1#20120003FF19F000
(1785789721.685402) can0 1CEBFFF1#0127100000000000
(1785789721.686422) can0 1CEBFFF1#0200000000000000
(1785789721.687394) can0 1CEBFFF1#03FFEC6BB5FFFFFF
(1785789721.714406) can0 18F015F1#0000463C47804557
(1785789721.723320) can0 18F017F1#FA3EFCCD9C14
(1785789721.723782) can0 18F018F1#F4A5F6B8939C
(1785789721.737618) can0 18FF09D1#01000A00D564E7
(1785789721.738037) can0 18FF14D1#
(1785789721.778220) can0 18FEF1F8#FF0000FFFFFFFFFF
(1785789721.779404) can0 18F005F8#7DFFFF7DFFFFFFFF
(1785789721.784554) can0 1CECFFF1#20120003FF19F000
(1785789721.785620) can0 1CEBFFF1#0127100000000000
(1785789721.786478) can0 1CEBFFF1#0200000000000000
(1785789721.787549) can0 1CEBFFF1#03FFEDAB74FFFFFF
(1785789721.813602) can0 18F015F1#0000463C47804556
(1785789721.837504) can0 18FF09D1#01000A00D564E7
(1785789721.878133) can0 18FEF1F8#FF0000FFFFFFFFFF
(1785789721.879383) can0 18F005F8#7DFFFF7DFFFFFFFF
(1785789721.884547) can0 1CECFFF1#20120003FF19F000
(1785789721.885469) can0 1CEBFFF1#0127100000000000
(1785789721.886426) can0 1CEBFFF1#0200000000000000
(1785789721.887389) can0 1CEBFFF1#03FFEDAB74FFFFFF
(1785789721.913439) can0 18F015F1#0000463C47804556
(1785789721.937465) can0 18FF09D1#01000A00D564E7
(1785789721.978073) can0 18FEF1F8#FF0000FFFFFFFFFF
(1785789721.979292) can0 18F005F8#7DFFFF7DFFFFFFFF
(1785789721.985407) can0 1CECFFF1#20120003FF19F000
(1785789721.986710) can0 1CEBFFF1#0127100000000000
(1785789721.987412) can0 1CEBFFF1#0200000000000000
(1785789721.988402) can0 1CEBFFF1#03FFEDAB74FFFFFF
(1785789722.014442) can0 18F015F1#0000463C477F4557
(1785789722.037481) can0 18FF09D1#01000A00D564E7
(1785789722.078704) can0 18FEF1F8#FF0000FFFFFFFFFF
(1785789722.079911) can0 18F005F8#7DFFFF7DFFFFFFFF
(1785789722.085433) can0 1CECFFF1#20120003FF19F000
(1785789722.086435) can0 1CEBFFF1#0127100000000000
(1785789722.087435) can0 1CEBFFF1#0200000000000000
(1785789722.088425) can0 1CEBFFF1#03FFEDAB74FFFFFF
(1785789722.114505) can0 18F015F1#0000463C47804556
(1785789722.137820) can0 18FF09D1#01000A00D564E7
(1785789722.178069) can0 18FEF1F8#FF0000FFFFFFFFFF
(1785789722.179200) can0 18F005F8#7DFFFF7DFFFFFFFF
(1785789722.185428) can0 1CECFFF1#20120003FF19F000
(1785789722.186405) can0 1CEBFFF1#0127100000000000
(1785789722.187409) can0 1CEBFFF1#0200000000000000
(1785789722.188391) can0 1CEBFFF1#03FFEDAB74FFFFFF
(1785789722.214425) can0 18F015F1#0000463C47804557
(1785789722.237889) can0 18FF09D1#01000A00D564E7
(1785789722.238160) can0 18FF14D1#
(1785789722.278034) can0 18FEF1F8#FF0000FFFFFFFFFF
(1785789722.279226) can0 18F005F8#7DFFFF7DFFFFFFFF
(1785789722.285411) can0 1CECFFF1#20120003FF19F000
(1785789722.286407) can0 1CEBFFF1#0127100000000000
(1785789722.287413) can0 1CEBFFF1#0200000000000000
(1785789722.288392) can0 1CEBFFF1#03FFEC6BB5FFFFFF
(1785789722.314405) can0 18F015F1#0000463C47804557
(1785789722.337457) can0 18FF09D1#01000A00D564E7
(1785789722.378032) can0 18FEF1F8#FF0000FFFFFFFFFF
(1785789722.379159) can0 18F005F8#7DFFFF7DFFFFFFFF
(1785789722.385413) can0 1CECFFF1#20120003FF19F000
(1785789722.386414) can0 1CEBFFF1#0127100000000000
(1785789722.387428) can0 1CEBFFF1#0200000000000000
(1785789722.388407) can0 1CEBFFF1#03FFEDAB74FFFFFF
(1785789722.414504) can0 18F015F1#0000463C47804556
(1785789722.437562) can0 18FF09D1#01000A00D564E7
(1785789722.478567) can0 18FEF1F8#FF0000FFFFFFFFFF
(1785789722.479809) can0 18F005F8#7DFFFF7DFFFFFFFF
(1785789722.486126) can0 1CECFFF1#20120003FF19F000
(1785789722.486516) can0 1CEBFFF1#0127100000000000
(1785789722.487430) can0 1CEBFFF1#0200000000000000
(1785789722.488410) can0 1CEBFFF1#03FFEDAB74FFFFFF
(1785789722.514424) can0 18F015F1#0000463B47804557
(1785789722.537492) can0 18FF09D1#01000A00D564E7
(1785789722.578114) can0 18FEF1F8#FF0000FFFFFFFFFF
(1785789722.579257) can0 18F005F8#7DFFFF7DFFFFFFFF
(1785789722.585441) can0 1CECFFF1#20120003FF19F000
(1785789722.586420) can0 1CEBFFF1#0127100000000000
(1785789722.587424) can0 1CEBFFF1#0200000000000000
(1785789722.588407) can0 1CEBFFF1#03FFEC6BB5FFFFFF
(1785789722.614459) can0 18F015F1#0000463B477F4557
(1785789722.637545) can0 18FF09D1#01000A00D564E7
(1785789722.678049) can0 18FEF1F8#FF0000FFFFFFFFFF
(1785789722.679265) can0 18F005F8#7DFFFF7DFFFFFFFF
(1785789722.685417) can0 1CECFFF1#20120003FF19F000
(1785789722.686417) can0 1CEBFFF1#0127100000000000
(1785789722.687421) can0 1CEBFFF1#0200000000000000
(1785789722.688400) can0 1CEBFFF1#03FFEC6BB5FFFFFF
(1785789722.715403) can0 18F015F1#0000463C47804556
(1785789722.725328) can0 18F017F1#FA3EFCCD9C14
(1785789722.725794) can0 18F018F1#F4A5F6B8939C
(1785789722.737525) can0 18FF09D1#01000A00D564E7
(1785789722.737837) can0 18FF14D1#
(1785789722.778163) can0 18FEF1F8#FF0000FFFFFFFFFF
(1785789722.779396) can0 18F005F8#7DFFFF7DFFFFFFFF
(1785789722.786533) can0 1CECFFF1#20120003FF19F000
(1785789722.787435) can0 1CEBFFF1#0127100000000000
(1785789722.788451) can0 1CEBFFF1#0200000000000000
(1785789722.789430) can0 1CEBFFF1#03FFEDAB74FFFFFF
(1785789722.815633) can0 18F015F1#0000463B47804557
(1785789722.837564) can0 18FF09D1#01000A00D564E7
(1785789722.878719) can0 18FEF1F8#FF0000FFFFFFFFFF
(1785789722.880482) can0 18F005F8#7DFFFF7DFFFFFFFF
(1785789722.886565) can0 1CECFFF1#20120003FF19F000
(1785789722.890171) can0 1CEBFFF1#0127100000000000
(1785789722.890406) can0 1CEBFFF1#0200000000000000
(1785789722.890882) can0 1CEBFFF1#03FFEC6BB5FFFFFF
(1785789722.915430) can0 18F015F1#0000463B477F4557
(1785789722.937451) can0 18FF09D1#01000A00D564E7
(1785789722.978077) can0 18FEF1F8#FF0000FFFFFFFFFF
(1785789722.979193) can0 18F005F8#7DFFFF7DFFFFFFFF
(1785789722.986411) can0 1CECFFF1#20120003FF19F000
(1785789722.987409) can0 1CEBFFF1#0127100000000000
(1785789722.988424) can0 1CEBFFF1#0200000000000000
(1785789722.989403) can0 1CEBFFF1#03FFEC6BB5FFFFFF
(1785789723.015406) can0 18F015F1#0000463B47804556
(1785789723.038588) can0 18FF09D1#01000A00D564E7
(1785789723.078126) can0 18FEF1F8#FF0000FFFFFFFFFF
(1785789723.079717) can0 18F005F8#7DFFFF7DFFFFFFFF
(1785789723.086464) can0 1CECFFF1#20120003FF19F000
(1785789723.087426) can0 1CEBFFF1#0127100000000000
(1785789723.088442) can0 1CEBFFF1#0200000000000000
(1785789723.089419) can0 1CEBFFF1#03FFEC6BB5FFFFFF
(1785789723.115600) can0 18F015F1#0000463B47804557
(1785789723.137607) can0 18FF09D1#01000A00D564E7
(1785789723.178660) can0 18FEF1F8#FF0000FFFFFFFFFF
(1785789723.179781) can0 18F005F8#7DFFFF7DFFFFFFFF
(1785789723.186422) can0 1CECFFF1#20120003FF19F000
(1785789723.187413) can0 1CEBFFF1#0127100000000000
(1785789723.188421) can0 1CEBFFF1#0200000000000000
(1785789723.189399) can0 1CEBFFF1#03FFEC6BB5FFFFFF
(1785789723.216433) can0 18F015F1#0000463B477F4557
(1785789723.237655) can0 18FF09D1#01000A00D5D4E5
(1785789723.237992) can0 18FF14D1#
(1785789723.238356) can0 18FF16D1#01000A0064
(1785789723.278076) can0 18FEF1F8#FF0000FFFFFFFFFF
(1785789723.279213) can0 18F005F8#7DFFFF7DFFFFFFFF
(1785789723.286417) can0 1CECFFF1#20120003FF19F000
(1785789723.287409) can0 1CEBFFF1#0127100000000000
(1785789723.288419) can0 1CEBFFF1#0200000000000000
(1785789723.289401) can0 1CEBFFF1#03FFEC6BB5FFFFFF
(1785789723.315429) can0 18F015F1#0000463B47804557
(1785789723.337433) can0 18FF09D1#01000A00D5D4E5
(1785789723.378042) can0 18FEF1F8#FF0000FFFFFFFFFF
(1785789723.379193) can0 18F005F8#7DFFFF7DFFFFFFFF
(1785789723.386436) can0 1CECFFF1#20120003FF19F000
(1785789723.387432) can0 1CEBFFF1#0127100000000000
(1785789723.388432) can0 1CEBFFF1#0200000000000000
(1785789723.389423) can0 1CEBFFF1#03FFEC6BB5FFFFFF
(1785789723.415502) can0 18F015F1#0000463B47804557
(1785789723.437907) can0 18FF09D1#01000A00D5D4E5
(1785789723.478375) can0 18FEF1F8#FF0000FFFFFFFFFF
(1785789723.479639) can0 18F005F8#7DFFFF7DFFFFFFFF
(1785789723.486427) can0 1CECFFF1#20120003FF19F000
(1785789723.487412) can0 1CEBFFF1#0127100000000000
(1785789723.488419) can0 1CEBFFF1#0200000000000000
(1785789723.489396) can0 1CEBFFF1#03FFEC6BB5FFFFFF
(1785789723.515414) can0 18F015F1#0000463B47804557
(1785789723.537639) can0 18FF09D1#01000A00D5D4E5
(1785789723.578094) can0 18FEF1F8#FF0000FFFFFFFFFF
(1785789723.579226) can0 18F005F8#7DFFFF7DFFFFFFFF
(1785789723.587427) can0 1CECFFF1#20120003FF19F000
(1785789723.588413) can0 1CEBFFF1#0127100000000000
(1785789723.589422) can0 1CEBFFF1#0200000000000000
(1785789723.590417) can0 1CEBFFF1#03FFEC6BB5FFFFFF
(1785789723.616435) can0 18F015F1#0000463B47804556
(1785789723.637423) can0 18FF09D1#01000A00D5D4E5
(1785789723.678073) can0 18FEF1F8#FF0000FFFFFFFFFF
(1785789723.679193) can0 18F005F8#7DFFFF7DFFFFFFFF
(1785789723.687422) can0 1CECFFF1#20120003FF19F000
(1785789723.688412) can0 1CEBFFF1#0127100000000000
(1785789723.689423) can0 1CEBFFF1#0200000000000000
(1785789723.690404) can0 1CEBFFF1#03FFEC6BB5FFFFFF
(1785789723.716408) can0 18F015F1#0000463B47804557
(1785789723.726332) can0 18F017F1#FA02FC119DB2
(1785789723.726796) can0 18F018F1#F485F5DC9294
(1785789723.737543) can0 18FF09D1#01000A00D5D4E5
(1785789723.738010) can0 18FF14D1#
(1785789723.778358) can0 18FEF1F8#FF0000FFFFFFFFFF
(1785789723.779596) can0 18F005F8#7DFFFF7DFFFFFFFF
(1785789723.787557) can0 1CECFFF1#20120003FF19F000
(1785789723.788433) can0 1CEBFFF1#0127100000000000
(1785789723.789440) can0 1CEBFFF1#0200000000000000
(1785789723.790474) can0 1CEBFFF1#03FFEC6BB5FFFFFF
(1785789723.816555) can0 18F015F1#0000463B47804556
(1785789723.837487) can0 18FF09D1#01000A00D5D4E5
(1785789723.878061) can0 18FEF1F8#FF0000FFFFFFFFFF
(1785789723.879218) can0 18F005F8#7DFFFF7DFFFFFFFF
(1785789723.887501) can0 1CECFFF1#20120003FF19F000
(1785789723.888433) can0 1CEBFFF1#0127100000000000
(1785789723.889448) can0 1CEBFFF1#0200000000000000
(1785789723.890447) can0 1CEBFFF1#03FFEC6BB5FFFFFF
(1785789723.916439) can0 18F015F1#0000463B47804556
(1785789723.937405) can0 18FF09D1#01000A00D5D4E5
(1785789723.978074) can0 18FEF1F8#FF0000FFFFFFFFFF
(1785789723.979268) can0 18F005F8#7DFFFF7DFFFFFFFF
(1785789723.987429) can0 1CECFFF1#20120003FF19F000
(1785789723.988418) can0 1CEBFFF1#0127100000000000
(1785789723.989429) can0 1CEBFFF1#0200000000000000
(1785789723.990429) can0 1CEBFFF1#03FFEC6BB5FFFFFF
(1785789724.016447) can0 18F015F1#0000463B47804556
(1785789724.037425) can0 18FF09D1#01000A00D5D4E5
(1785789724.078062) can0 18FEF1F8#FF0000FFFFFFFFFF
(1785789724.079169) can0 18F005F8#7DFFFF7DFFFFFFFF
(1785789724.087462) can0 1CECFFF1#20120003FF19F000
(1785789724.088424) can0 1CEBFFF1#0127100000000000
(1785789724.089430) can0 1CEBFFF1#0200000000000000
(1785789724.090424) can0 1CEBFFF1#03FFEC6BB5FFFFFF
(1785789724.116478) can0 18F015F1#0000463B47804556
(1785789724.137549) can0 18FF09D1#01000A00D5D4E5
(1785789724.178105) can0 18FEF1F8#FF0000FFFFFFFFFF
(1785789724.179245) can0 18F005F8#7DFFFF7DFFFFFFFF
(1785789724.187477) can0 1CECFFF1#20120003FF19F000
(1785789724.188424) can0 1CEBFFF1#0127100000000000
(1785789724.189423) can0 1CEBFFF1#0200000000000000
(1785789724.190415) can0 1CEBFFF1#03FFEC6BB5FFFFFF
(1785789724.217408) can0 18F015F1#0000463B47804556
(1785789724.237891) can0 18FF09D1#01000A00D59CE6
(1785789724.238268) can0 18FF14D1#
(1785789724.278074) can0 18FEF1F8#FF0000FFFFFFFFFF
(1785789724.279207) can0 18F005F8#7DFFFF7DFFFFFFFF
(1785789724.288431) can0 1CECFFF1#20120003FF19F000
(1785789724.289418) can0 1CEBFFF1#0127100000000000
(1785789724.290434) can0 1CEBFFF1#0200000000000000
(1785789724.291412) can0 1CEBFFF1#03FFEC6BB5FFFFFF
(1785789724.317427) can0 18F015F1#0000463B47804556
(1785789724.337386) can0 18FF09D1#01000A00D59CE6
(1785789724.378032) can0 18FEF1F8#FF0000FFFFFFFFFF
(1785789724.379185) can0 18F005F8#7DFFFF7DFFFFFFFF
(1785789724.388434) can0 1CECFFF1#20120003FF19F000
(1785789724.389427) can0 1CEBFFF1#0127100000000000
(1785789724.390437) can0 1CEBFFF1#0200000000000000
(1785789724.391415) can0 1CEBFFF1#03FFEC6BB5FFFFFF
(1785789724.417604) can0 18F015F1#0000463B477F4556
(1785789724.437504) can0 18FF09D1#01000A00D59CE6
(1785789724.478672) can0 18FEF1F8#FF0000FFFFFFFFFF
(1785789724.479895) can0 18F005F8#7DFFFF7DFFFFFFFF
(1785789724.488801) can0 1CECFFF1#20120003FF19F000
(1785789724.489785) can0 1CEBFFF1#0127100000000000
(1785789724.490636) can0 1CEBFFF1#0200000000000000
(1785789724.491456) can0 1CEBFFF1#03FFEC6BB5FFFFFF
(1785789724.517647) can0 18F015F1#0000463C47804556
(1785789724.537417) can0 18FF09D1#01000A00D59CE6
(1785789724.578366) can0 18FEF1F8#FF0000FFFFFFFFFF
(1785789724.579651) can0 18F005F8#7DFFFF7DFFFFFFFF
(1785789724.588492) can0 1CECFFF1#20120003FF19F000
(1785789724.589482) can0 1CEBFFF1#0127100000000000
(1785789724.590482) can0 1CEBFFF1#0200000000000000
(1785789724.591461) can0 1CEBFFF1#03FFEC6BB5FFFFFF
(1785789724.617503) can0 18F015F1#0000463B47804556
(1785789724.637562) can0 18FF09D1#01000A00D59CE6
(1785789724.678158) can0 18FEF1F8#FF0000FFFFFFFFFF
(1785789724.679417) can0 18F005F8#7DFFFF7DFFFFFFFF
(1785789724.688487) can0 1CECFFF1#20120003FF19F000
(1785789724.689437) can0 1CEBFFF1#0127100000000000
(1785789724.690459) can0 1CEBFFF1#0200000000000000
(1785789724.691418) can0 1CEBFFF1#03FFEC6BB5FFFFFF
(1785789724.718495) can0 18F015F1#0000463B477F4556
(1785789724.727372) can0 18F017F1#FA02FC119DB2
(1785789724.727805) can0 18F018F1#F485F5DC9294
(1785789724.737557) can0 18FF09D1#01000A00D564E7
(1785789724.738008) can0 18FF14D1#
(1785789724.778284) can0 18FEF1F8#FF0000FFFFFFFFFF
(1785789724.779514) can0 18F005F8#7DFFFF7DFFFFFFFF
(1785789724.788580) can0 1CECFFF1#20120003FF19F000
(1785789724.789462) can0 1CEBFFF1#0127100000000000
(1785789724.790540) can0 1CEBFFF1#0200000000000000
(1785789724.791497) can0 1CEBFFF1#03FFEC6BB5FFFFFF
(1785789724.817611) can0 18F015F1#0000463B47804556
(1785789724.837788) can0 18FF09D1#01000A00D564E7
(1785789724.878073) can0 18FEF1F8#FF0000FFFFFFFFFF
(1785789724.879203) can0 18F005F8#7DFFFF7DFFFFFFFF
(1785789724.890064) can0 1CECFFF1#20120003FF19F000
(1785789724.891894) can0 1CEBFFF1#0127100000000000
(1785789724.893140) can0 1CEBFFF1#03FFEC6BB5FFFFFF
(1785789724.893378) can0 1CEBFFF1#0200000000000000
(1785789724.918678) can0 18F015F1#0000463B47804557
(1785789724.938029) can0 18FF09D1#01000A00D564E7
(1785789724.978057) can0 18FEF1F8#FF0000FFFFFFFFFF
(1785789724.979245) can0 18F005F8#7DFFFF7DFFFFFFFF
(1785789724.989457) can0 1CECFFF1#20120003FF19F000
(1785789724.990435) can0 1CEBFFF1#0127100000000000
(1785789724.991444) can0 1CEBFFF1#0200000000000000
(1785789724.992443) can0 1CEBFFF1#03FFEC6BB5FFFFFF
(1785789725.018490) can0 18F015F1#0000463B47804556
(1785789725.037412) can0 18FF09D1#01000A00D564E7
(1785789725.078110) can0 18FEF1F8#FF0000FFFFFFFFFF
(1785789725.079258) can0 18F005F8#7DFFFF7DFFFFFFFF
(1785789725.089443) can0 1CECFFF1#20120003FF19F000
(1785789725.090427) can0 1CEBFFF1#0127100000000000
(1785789725.091450) can0 1CEBFFF1#0200000000000000
(1785789725.092419) can0 1CEBFFF1#03FFEC6BB5FFFFFF
(1785789725.118542) can0 18F015F1#0000463B47804556
(1785789725.137515) can0 18FF09D1#01000A00D564E7
(1785789725.178499) can0 18FEF1F8#FF0000FFFFFFFFFF
(1785789725.179701) can0 18F005F8#7DFFFF7DFFFFFFFF
(1785789725.189553) can0 1CECFFF1#20120003FF19F000
(1785789725.190448) can0 1CEBFFF1#0127100000000000
(1785789725.191475) can0 1CEBFFF1#0200000000000000
(1785789725.192430) can0 1CEBFFF1#03FFEC6BB5FFFFFF
(1785789725.218427) can0 18F015F1#0000463B47804557
(1785789725.237554) can0 18FF09D1#01000A00D564E7
(1785789725.237970) can0 18FF14D1#
(1785789725.278080) can0 18FEF1F8#FF0000FFFFFFFFFF
(1785789725.279282) can0 18F005F8#7DFFFF7DFFFFFFFF
(1785789725.289449) can0 1CECFFF1#20120003FF19F000
(1785789725.290434) can0 1CEBFFF1#0127100000000000
(1785789725.291444) can0 1CEBFFF1#0200000000000000
(1785789725.292423) can0 1CEBFFF1#03FFEC6BB5FFFFFF
(1785789725.318439) can0 18F015F1#0000463B47804557
(1785789725.337376) can0 18FF09D1#01000A00D564E7
(1785789725.378022) can0 18FEF1F8#FF0000FFFFFFFFFF
(1785789725.379229) can0 18F005F8#7DFFFF7DFFFFFFFF
(1785789725.389435) can0 1CECFFF1#20120003FF19F000
(1785789725.390430) can0 1CEBFFF1#0127100000000000
(1785789725.391445) can0 1CEBFFF1#0200000000000000
(1785789725.392423) can0 1CEBFFF1#03FFEC6BB5FFFFFF
(1785789725.418536) can0 18F015F1#0000463B47804556
(1785789725.437442) can0 18FF09D1#01000A00D564E7
(1785789725.478574) can0 18FEF1F8#FF0000FFFFFFFFFF
(1785789725.479849) can0 18F005F8#7DFFFF7DFFFFFFFF
(1785789725.489687) can0 1CECFFF1#20120003FF19F000
(1785789725.490486) can0 1CEBFFF1#0127100000000000
(1785789725.491462) can0 1CEBFFF1#0200000000000000
(1785789725.492446) can0 1CEBFFF1#03FFEC6BB5FFFFFF
(1785789725.518445) can0 18F015F1#0000463B47804556
(1785789725.537354) can0 18FF09D1#01000A00D564E7
(1785789725.578092) can0 18FEF1F8#FF0000FFFFFFFFFF
(1785789725.579227) can0 18F005F8#7DFFFF7DFFFFFFFF
(1785789725.589446) can0 1CECFFF1#20120003FF19F000
(1785789725.590429) can0 1CEBFFF1#0127100000000000
(1785789725.591436) can0 1CEBFFF1#0200000000000000
(1785789725.592416) can0 1CEBFFF1#03FFEC6BB5FFFFFF
(1785789725.618470) can0 18F015F1#0000463B477F4556
(1785789725.637348) can0 18FF09D1#01000A00D564E7
(1785789725.678091) can0 18FEF1F8#FF0000FFFFFFFFFF
(1785789725.679252) can0 18F005F8#7DFFFF7DFFFFFFFF
(1785789725.690449) can0 1CECFFF1#20120003FF19F000
(1785789725.691442) can0 1CEBFFF1#0127100000000000
(1785789725.692452) can0 1CEBFFF1#0200000000000000
(1785789725.693432) can0 1CEBFFF1#03FFEC6BB5FFFFFF
(1785789725.719430) can0 18F015F1#0000463B47804556
(1785789725.729352) can0 18F017F1#FA12FC229D27
(1785789725.729813) can0 18F018F1#F4A1F61A933F
(1785789725.737422) can0 18FF09D1#01000A00D564E7
(1785789725.737760) can0 18FF14D1#
(1785789725.778169) can0 18FEF1F8#FF0000FFFFFFFFFF
(1785789725.779312) can0 18F005F8#7DFFFF7DFFFFFFFF
(1785789725.790650) can0 1CECFFF1#20120003FF19F000
(1785789725.791451) can0 1CEBFFF1#0127100000000000
(1785789725.792546) can0 1CEBFFF1#0200000000000000
(1785789725.793453) can0 1CEBFFF1#03FFEC6BB5FFFFFF
(1785789725.819508) can0 18F015F1#0000463B47804557
(1785789725.837431) can0 18FF09D1#01000A00D538E6
(1785789725.878137) can0 18FEF1F8#FF0000FFFFFFFFFF
(1785789725.879327) can0 18F005F8#7DFFFF7DFFFFFFFF
(1785789725.890617) can0 1CECFFF1#20120003FF19F000
(1785789725.891478) can0 1CEBFFF1#0127100000000000
(1785789725.892443) can0 1CEBFFF1#0200000000000000
(1785789725.893419) can0 1CEBFFF1#03FFEC6BB5FFFFFF
(1785789725.919478) can0 18F015F1#0000463B477F4557
(1785789725.937355) can0 18FF09D1#01000A00D538E6
(1785789725.978074) can0 18FEF1F8#FF0000FFFFFFFFFF
(1785789725.979215) can0 18F005F8#7DFFFF7DFFFFFFFF
(1785789725.990461) can0 1CECFFF1#20120003FF19F000
(1785789725.991441) can0 1CEBFFF1#0127100000000000
(1785789725.992451) can0 1CEBFFF1#0200000000000000
(1785789725.993429) can0 1CEBFFF1#03FFEC6BB5FFFFFF
(1785789726.019488) can0 18F015F1#0000463B47804556
(1785789726.037367) can0 18FF09D1#01000A00D538E6
(1785789726.078161) can0 18FEF1F8#FF0000FFFFFFFFFF
(1785789726.079320) can0 18F005F8#7DFFFF7DFFFFFFFF
(1785789726.090530) can0 1CECFFF1#20120003FF19F000
(1785789726.091445) can0 1CEBFFF1#0127100000000000
(1785789726.092469) can0 1CEBFFF1#0200000000000000
(1785789726.093447) can0 1CEBFFF1#03FFEC6BB5FFFFFF
(1785789726.119629) can0 18F015F1#0000463B47804557
(1785789726.137783) can0 18FF09D1#01000A00D538E6
(1785789726.178071) can0 18FEF1F8#FF0000FFFFFFFFFF
(1785789726.179183) can0 18F005F8#7DFFFF7DFFFFFFFF
(1785789726.190474) can0 1CECFFF1#20120003FF19F000
(1785789726.191439) can0 1CEBFFF1#0127100000000000
(1785789726.192454) can0 1CEBFFF1#0200000000000000
(1785789726.193430) can0 1CEBFFF1#03FFEC6BB5FFFFFF
(1785789726.220443) can0 18F015F1#0000463B477F4557
(1785789726.237486) can0 18FF09D1#01000A00D538E6
(1785789726.237762) can0 18FF14D1#
(1785789726.278082) can0 18FEF1F8#FF0000FFFFFFFFFF
(1785789726.279270) can0 18F005F8#7DFFFF7DFFFFFFFF
(1785789726.290453) can0 1CECFFF1#20120003FF19F000
(1785789726.291443) can0 1CEBFFF1#0127100000000000
(1785789726.292449) can0 1CEBFFF1#0200000000000000
(1785789726.293425) can0 1CEBFFF1#03FFEC6BB5FFFFFF
(1785789726.319459) can0 18F015F1#0000463B47804557
(1785789726.337332) can0 18FF09D1#01000A00D538E6
(1785789726.378034) can0 18FEF1F8#FF0000FFFFFFFFFF
(1785789726.379219) can0 18F005F8#7DFFFF7DFFFFFFFF
(1785789726.390456) can0 1CECFFF1#20120003FF19F000
(1785789726.391446) can0 1CEBFFF1#0127100000000000
(1785789726.392459) can0 1CEBFFF1#0200000000000000
(1785789726.393439) can0 1CEBFFF1#03FFEC6BB5FFFFFF
(1785789726.419496) can0 18F015F1#0000463B47804557
(1785789726.437421) can0 18FF09D1#01000A00D538E6
(1785789726.478360) can0 18FEF1F8#FF0000FFFFFFFFFF
(1785789726.479728) can0 18F005F8#7DFFFF7DFFFFFFFF
(1785789726.493006) can0 1CECFFF1#20120003FF19F000
(1785789726.493304) can0 1CEBFFF1#0127100000000000
(1785789726.493616) can0 1CEBFFF1#0200000000000000
(1785789726.494453) can0 1CEBFFF1#03FFEC6BB5FFFFFF
(1785789726.520445) can0 18F015F1#0000463B477F4557
(1785789726.537328) can0 18FF09D1#01000A00D538E6
(1785789726.578090) can0 18FEF1F8#FF0000FFFFFFFFFF
(1785789726.579337) can0 18F005F8#7DFFFF7DFFFFFFFF
(1785789726.591467) can0 1CECFFF1#20120003FF19F000
(1785789726.592453) can0 1CEBFFF1#0127100000000000
(1785789726.593459) can0 1CEBFFF1#0200000000000000
(1785789726.594440) can0 1CEBFFF1#03FFEC6BB5FFFFFF
(1785789726.620488) can0 18F015F1#0000463B47804557
(1785789726.637318) can0 18FF09D1#01000A00D538E6
(1785789726.678237) can0 18FEF1F8#FF0000FFFFFFFFFF
(1785789726.679392) can0 18F005F8#7DFFFF7DFFFFFFFF
(1785789726.691464) can0 1CECFFF1#20120003FF19F000
(1785789726.692453) can0 1CEBFFF1#0127100000000000
(1785789726.693454) can0 1CEBFFF1#0200000000000000
(1785789726.694433) can0 1CEBFFF1#03FFEC6BB5FFFFFF
(1785789726.721442) can0 18F015F1#0000463B47804557
(1785789726.730357) can0 18F017F1#FA12FC229D27
(1785789726.730815) can0 18F018F1#F4A1F61A933F
(1785789726.737806) can0 18FF09D1#01000A00D538E6
(1785789726.738110) can0 18FF14D1#
(1785789726.778227) can0 18FEF1F8#FF0000FFFFFFFFFF
(1785789726.779452) can0 18F005F8#7DFFFF7DFFFFFFFF
(1785789726.791595) can0 1CECFFF1#20120003FF19F000
(1785789726.792473) can0 1CEBFFF1#0127100000000000
(1785789726.793572) can0 1CEBFFF1#0200000000000000
(1785789726.794463) can0 1CEBFFF1#03FFEC6BB5FFFFFF
(1785789726.820673) can0 18F015F1#0000463B477F4557
(1785789726.837459) can0 18FF09D1#01000A00D538E6
(1785789726.878130) can0 18FEF1F8#FF0000FFFFFFFFFF
(1785789726.879359) can0 18F005F8#7DFFFF7DFFFFFFFF
(1785789726.891830) can0 1CECFFF1#20120003FF19F000
(1785789726.892524) can0 1CEBFFF1#0127100000000000
(1785789726.893506) can0 1CEBFFF1#0200000000000000
(1785789726.894497) can0 1CEBFFF1#03FFEC6BB5FFFFFF
(1785789726.920485) can0 18F015F1#0000463B47804557
(1785789726.937376) can0 18FF09D1#01000A00D538E6
(1785789726.978114) can0 18FEF1F8#FF0000FFFFFFFFFF
(1785789726.979252) can0 18F005F8#7DFFFF7DFFFFFFFF
(1785789726.991512) can0 1CECFFF1#20120003FF19F000
(1785789726.992452) can0 1CEBFFF1#0127100000000000
(1785789726.993462) can0 1CEBFFF1#0200000000000000
(1785789726.994442) can0 1CEBFFF1#03FFEC6BB5FFFFFF
(1785789727.020499) can0 18F015F1#0000463B47804557
(1785789727.037394) can0 18FF09D1#01000A00D538E6
(1785789727.078170) can0 18FEF1F8#FF0000FFFFFFFFFF
(1785789727.079427) can0 18F005F8#7DFFFF7DFFFFFFFF
(1785789727.091473) can0 1CECFFF1#20120003FF19F000
(1785789727.092526) can0 1CEBFFF1#0127100000000000
(1785789727.093462) can0 1CEBFFF1#0200000000000000
(1785789727.094482) can0 1CEBFFF1#03FFEC6BB5FFFFFF
(1785789727.120561) can0 18F015F1#0000463B477F4557
(1785789727.137790) can0 18FF09D1#01000A00D538E6
(1785789727.178875) can0 18FEF1F8#FF0000FFFFFFFFFF
(1785789727.180293) can0 18F005F8#7DFFFF7DFFFFFFFF
(1785789727.192492) can0 1CECFFF1#20120003FF19F000
(1785789727.193446) can0 1CEBFFF1#0127100000000000
(1785789727.194456) can0 1CEBFFF1#0200000000000000
(1785789727.195532) can0 1CEBFFF1#03FFEC6BB5FFFFFF
(1785789727.221444) can0 18F015F1#0000463B47804557
(1785789727.237464) can0 18FF09D1#01000A00D538E6
(1785789727.237749) can0 18FF14D1#
(1785789727.238222) can0 18FF16D1#01000A0064
(1785789727.278096) can0 18FEF1F8#FF0000FFFFFFFFFF
(1785789727.279229) can0 18F005F8#7DFFFF7DFFFFFFFF
(1785789727.292472) can0 1CECFFF1#20120003FF19F000
(1785789727.293444) can0 1CEBFFF1#0127100000000000
(1785789727.294452) can0 1CEBFFF1#0200000000000000
(1785789727.295430) can0 1CEBFFF1#03FFEC6BB5FFFFFF
(1785789727.321443) can0 18F015F1#0000463B477F4557
(1785789727.337325) can0 18FF09D1#01000A00D538E6
(1785789727.378052) can0 18FEF1F8#FF0000FFFFFFFFFF
(1785789727.379208) can0 18F005F8#7DFFFF7DFFFFFFFF
(1785789727.392463) can0 1CECFFF1#20120003FF19F000
(1785789727.393458) can0 1CEBFFF1#0127100000000000
(1785789727.394469) can0 1CEBFFF1#0200000000000000
(1785789727.395446) can0 1CEBFFF1#03FFEC6BB5FFFFFF
(1785789727.421485) can0 18F015F1#0000463B477F4557
(1785789727.437435) can0 18FF09D1#01000A00D538E6
(1785789727.478637) can0 18FEF1F8#FF0000FFFFFFFFFF
(1785789727.480111) can0 18F005F8#7DFFFF7DFFFFFFFF
(1785789727.492522) can0 1CECFFF1#20120003FF19F000
(1785789727.493486) can0 1CEBFFF1#0127100000000000
(1785789727.494523) can0 1CEBFFF1#0200000000000000
(1785789727.495477) can0 1CEBFFF1#03FFEC6BB5FFFFFF
(1785789727.521534) can0 18F015F1#0000463B47804557
(1785789727.537288) can0 18FF09D1#01000A00D538E6
(1785789727.578116) can0 18FEF1F8#FF0000FFFFFFFFFF
(1785789727.579232) can0 18F005F8#7DFFFF7DFFFFFFFF
(1785789727.592504) can0 1CECFFF1#20120003FF19F000
(1785789727.593446) can0 1CEBFFF1#0127100000000000
(1785789727.594456) can0 1CEBFFF1#0200000000000000
(1785789727.595435) can0 1CEBFFF1#03FFEC6BB5FFFFFF
(1785789727.621495) can0 18F015F1#0000463B47804557
(1785789727.637288) can0 18FF09D1#01000A00D538E6
(1785789727.678055) can0 18FEF1F8#FF0000FFFFFFFFFF
(1785789727.679187) can0 18F005F8#7DFFFF7DFFFFFFFF
(1785789727.692457) can0 1CECFFF1#20120003FF19F000
(1785789727.693446) can0 1CEBFFF1#0127100000000000
(1785789727.694454) can0 1CEBFFF1#0200000000000000
(1785789727.695436) can0 1CEBFFF1#03FFEC6BB5FFFFFF
(1785789727.722435) can0 18F015F1#0000463B477F4557
(1785789727.731350) can0 18F017F1#FA86FD6D9B62
(1785789727.731809) can0 18F018F1#F577F75793A9
(1785789727.737353) can0 18FF09D1#01000A00D538E6
(1785789727.737655) can0 18FF14D1#
(1785789727.778231) can0 18FEF1F8#FF0000FFFFFFFFFF
(1785789727.779387) can0 18F005F8#7DFFFF7DFFFFFFFF
(1785789727.793610) can0 1CECFFF1#20120003FF19F000
(1785789727.794479) can0 1CEBFFF1#0127100000000000
(1785789727.795489) can0 1CEBFFF1#0200000000000000
(1785789727.796479) can0 1CEBFFF1#03FFEC6BB5FFFFFF
(1785789727.822636) can0 18F015F1#0000463B47804557
(1785789727.837447) can0 18FF09D1#01000A00D538E6
(1785789727.878055) can0 18FEF1F8#FF0000FFFFFFFFFF
(1785789727.879182) can0 18F005F8#7DFFFF7DFFFFFFFF
(1785789727.893600) can0 1CECFFF1#20120003FF19F000
(1785789727.894457) can0 1CEBFFF1#0127100000000000
(1785789727.895455) can0 1CEBFFF1#0200000000000000
(1785789727.896494) can0 1CEBFFF1#03FFEC6BB5FFFFFF
(1785789727.922495) can0 18F015F1#0000463B477F4557
(1785789727.937291) can0 18FF09D1#01000A00D538E6
(1785789727.978072) can0 18FEF1F8#FF0000FFFFFFFFFF
(1785789727.979218) can0 18F005F8#7DFFFF7DFFFFFFFF
(1785789727.993472) can0 1CECFFF1#20120003FF19F000
(1785789727.994447) can0 1CEBFFF1#0127100000000000
(1785789727.995458) can0 1CEBFFF1#0200000000000000
(1785789727.996441) can0 1CEBFFF1#03FFEC6BB5FFFFFF
(1785789728.022477) can0 18F015F1#0000463B477F4557
(1785789728.037312) can0 18FF09D1#01000A00D538E6
(1785789728.078103) can0 18FEF1F8#FF0000FFFFFFFFFF
(1785789728.079442) can0 18F005F8#7DFFFF7DFFFFFFFF
(1785789728.093487) can0 1CECFFF1#20120003FF19F000
(1785789728.094455) can0 1CEBFFF1#0127100000000000
(1785789728.095464) can0 1CEBFFF1#0200000000000000
(1785789728.096453) can0 1CEBFFF1#03FFEC6BB5FFFFFF
(1785789728.122560) can0 18F015F1#0000463B47804557
(1785789728.137463) can0 18FF09D1#01000A00D538E6
(1785789728.178601) can0 18FEF1F8#FF0000FFFFFFFFFF
(1785789728.179810) can0 18F005F8#7DFFFF7DFFFFFFFF
(1785789728.193495) can0 1CECFFF1#20120003FF19F000
(1785789728.194468) can0 1CEBFFF1#0127100000000000
(1785789728.195465) can0 1CEBFFF1#0200000000000000
(1785789728.196445) can0 1CEBFFF1#03FFEC6BB5FFFFFF
(1785789728.223443) can0 18F015F1#0000463B47804557
(1785789728.237341) can0 18FF09D1#01000A00D538E6
(1785789728.237625) can0 18FF14D1#
(1785789728.278101) can0 18FEF1F8#FF0000FFFFFFFFFF
(1785789728.279249) can0 18F005F8#7DFFFF7DFFFFFFFF
(1785789728.293483) can0 1CECFFF1#20120003FF19F000
(1785789728.294459) can0 1CEBFFF1#0127100000000000
(1785789728.295463) can0 1CEBFFF1#0200000000000000
(1785789728.296450) can0 1CEBFFF1#03FFEC6BB5FFFFFF
(1785789728.322468) can0 18F015F1#0000463B477F4557
(1785789728.337272) can0 18FF09D1#01000A00D538E6
(1785789728.378036) can0 18FEF1F8#FF0000FFFFFFFFFF
(1785789728.379176) can0 18F005F8#7DFFFF7DFFFFFFFF
(1785789728.393477) can0 1CECFFF1#20120003FF19F000
(1785789728.394466) can0 1CEBFFF1#0127100000000000
(1785789728.395473) can0 1CEBFFF1#0200000000000000
(1785789728.396453) can0 1CEBFFF1#03FFEC6BB5FFFFFF
(1785789728.422513) can0 18F015F1#0000463B47804557
(1785789728.437449) can0 18FF09D1#01000A00D538E6
(1785789728.478195) can0 18FEF1F8#FF0000FFFFFFFFFF
(1785789728.479448) can0 18F005F8#7DFFFF7DFFFFFFFF
(1785789728.493713) can0 1CECFFF1#20120003FF19F000
(1785789728.494490) can0 1CEBFFF1#0127100000000000
(1785789728.495542) can0 1CEBFFF1#0200000000000000
(1785789728.496602) can0 1CEBFFF1#03FFEC6BB5FFFFFF
(1785789728.522583) can0 18F015F1#0000463B47804557
(1785789728.537278) can0 18FF09D1#01000A00D538E6
(1785789728.578446) can0 18FEF1F8#FF0000FFFFFFFFFF
(1785789728.580111) can0 18F005F8#7DFFFF7DFFFFFFFF
(1785789728.594766) can0 1CECFFF1#20120003FF19F000
(1785789728.595563) can0 1CEBFFF1#0127100000000000
(1785789728.596588) can0 1CEBFFF1#0200000000000000
(1785789728.597547) can0 1CEBFFF1#03FFEBA9F4FFFFFF
(1785789728.623485) can0 18F015F1#0000463B477F4557
(1785789728.637630) can0 18FF09D1#01000A00D538E6
(1785789728.678109) can0 18FEF1F8#FF0000FFFFFFFFFF
(1785789728.679330) can0 18F005F8#7DFFFF7DFFFFFFFF
(1785789728.694473) can0 1CECFFF1#20120003FF19F000
(1785789728.695458) can0 1CEBFFF1#0127100000000000
(1785789728.696478) can0 1CEBFFF1#0200000000000000
(1785789728.697450) can0 1CEBFFF1#03FFEC6BB5FFFFFF
(1785789728.723456) can0 18F015F1#0000463B47804557
(1785789728.733369) can0 18F017F1#FA86FD6D9B62
(1785789728.733828) can0 18F018F1#F577F75793A9
(1785789728.737342) can0 18FF09D1#01000A00D538E6
(1785789728.737639) can0 18FF14D1#
(1785789728.778206) can0 18FEF1F8#FF0000FFFFFFFFFF
(1785789728.779385) can0 18F005F8#7DFFFF7DFFFFFFFF
(1785789728.794591) can0 1CECFFF1#20120003FF19F000
(1785789728.795475) can0 1CEBFFF1#0127100000000000
(1785789728.796485) can0 1CEBFFF1#0200000000000000
(1785789728.797450) can0 1CEBFFF1#03FFEC6BB5FFFFFF
(1785789728.823619) can0 18F015F1#0000463B47804557
(1785789728.837354) can0 18FF09D1#01000A00D538E6
(1785789728.878072) can0 18FEF1F8#FF0000FFFFFFFFFF
(1785789728.879241) can0 18F005F8#7DFFFF7DFFFFFFFF
(1785789728.894730) can0 1CECFFF1#20120003FF19F000
(1785789728.895487) can0 1CEBFFF1#0127100000000000
(1785789728.896561) can0 1CEBFFF1#0200000000000000
(1785789728.897498) can0 1CEBFFF1#03FFEC6BB5FFFFFF
(1785789728.923930) can0 18F015F1#0000463B477F4557
(1785789728.937318) can0 18FF09D1#01000A00D538E6
(1785789728.978096) can0 18FEF1F8#FF0000FFFFFFFFFF
(1785789728.979235) can0 18F005F8#7DFFFF7DFFFFFFFF
(1785789728.994468) can0 1CECFFF1#20120003FF19F000
(1785789728.995458) can0 1CEBFFF1#0127100000000000
(1785789728.996474) can0 1CEBFFF1#0200000000000000
(1785789728.997457) can0 1CEBFFF1#03FFEC6BB5FFFFFF
(1785789729.023469) can0 18F015F1#0000463B47804557
(1785789729.038249) can0 18FF09D1#01000A00D538E6
(1785789729.078172) can0 18FEF1F8#FF0000FFFFFFFFFF
(1785789729.079332) can0 18F005F8#7DFFFF7DFFFFFFFF
(1785789729.094538) can0 1CECFFF1#20120003FF19F000
(1785789729.095462) can0 1CEBFFF1#0127100000000000
(1785789729.096519) can0 1CEBFFF1#0200000000000000
(1785789729.097467) can0 1CEBFFF1#03FFEC6BB5FFFFFF
(1785789729.123670) can0 18F015F1#0000463B477F4557
(1785789729.137366) can0 18FF09D1#01000A00D538E6
(1785789729.179221) can0 18FEF1F8#FF0000FFFFFFFFFF
(1785789729.180648) can0 18F005F8#7DFFFF7DFFFFFFFF
(1785789729.196390) can0 1CECFFF1#20120003FF19F000
(1785789729.197433) can0 1CEBFFF1#0127100000000000
(1785789729.198170) can0 1CEBFFF1#0200000000000000
(1785789729.198595) can0 1CEBFFF1#03FFEC6BB5FFFFFF
(1785789729.224593) can0 18F015F1#0000463B477F4557
(1785789729.237415) can0 18FF09D1#01000A00D538E6
(1785789729.237759) can0 18FF14D1#
(1785789729.238150) can0 18FF16D1#01000A0064
(1785789729.278115) can0 18FEF1F8#FF0000FFFFFFFFFF
(1785789729.279322) can0 18F005F8#7DFFFF7DFFFFFFFF
(1785789729.294488) can0 1CECFFF1#20120003FF19F000
(1785789729.295462) can0 1CEBFFF1#0127100000000000
(1785789729.296480) can0 1CEBFFF1#0200000000000000
(1785789729.297451) can0 1CEBFFF1#03FFEC6BB5FFFFFF
(1785789729.323470) can0 18F015F1#0000463B47804557
(1785789729.337259) can0 18FF09D1#01000A00D538E6
(1785789729.378041) can0 18FEF1F8#FF0000FFFFFFFFFF
(1785789729.379188) can0 18F005F8#7DFFFF7DFFFFFFFF
(1785789729.395472) can0 1CECFFF1#20120003FF19F000
(1785789729.396465) can0 1CEBFFF1#0127100000000000
(1785789729.397469) can0 1CEBFFF1#0200000000000000
(1785789729.398449) can0 1CEBFFF1#03FFEC6BB5FFFFFF
(1785789729.424473) can0 18F015F1#0000463B47804557
(1785789729.437439) can0 18FF09D1#01000A00D538E6
(1785789729.478273) can0 18FEF1F8#FF0000FFFFFFFFFF
(1785789729.479532) can0 18F005F8#7DFFFF7DFFFFFFFF
(1785789729.495738) can0 1CECFFF1#20120003FF19F000
(1785789729.496499) can0 1CEBFFF1#0127100000000000
(1785789729.497501) can0 1CEBFFF1#0200000000000000
(1785789729.498468) can0 1CEBFFF1#03FFEC6BB5FFFFFF
(1785789729.524643) can0 18F015F1#0000463B477F4557
(1785789729.537431) can0 18FF09D1#01000A00D538E6
(1785789729.578033) can0 18FEF1F8#FF0000FFFFFFFFFF
(1785789729.579150) can0 18F005F8#7DFFFF7DFFFFFFFF
(1785789729.595506) can0 1CECFFF1#20120003FF19F000
(1785789729.596465) can0 1CEBFFF1#0127100000000000
(1785789729.597466) can0 1CEBFFF1#0200000000000000
(1785789729.598444) can0 1CEBFFF1#03FFEC6BB5FFFFFF
(1785789729.624523) can0 18F015F1#0000463B47804557
(1785789729.637252) can0 18FF09D1#01000A00D538E6
(1785789729.678077) can0 18FEF1F8#FF0000FFFFFFFFFF
(1785789729.683409) can0 18F005F8#7DFFFF7DFFFFFFFF
(1785789729.695480) can0 1CECFFF1#20120003FF19F000
(1785789729.696474) can0 1CEBFFF1#0127100000000000
(1785789729.697490) can0 1CEBFFF1#0200000000000000
(1785789729.698475) can0 1CEBFFF1#03FFEC6BB5FFFFFF
(1785789729.725470) can0 18F015F1#0000463B47804557
(1785789729.734388) can0 18F017F1#FA1CFDA89C8C
(1785789729.734848) can0 18F018F1#F511F69D938E
(1785789729.737293) can0 18FF09D1#01000A00D5CEE6
(1785789729.737609) can0 18FF14D1#
(1785789729.778361) can0 18FEF1F8#FF0000FFFFFFFFFF
(1785789729.779550) can0 18F005F8#7DFFFF7DFFFFFFFF
(1785789729.795634) can0 1CECFFF1#20120003FF19F000
(1785789729.796486) can0 1CEBFFF1#0127100000000000
(1785789729.797497) can0 1CEBFFF1#0200000000000000
(1785789729.798478) can0 1CEBFFF1#03FFEC6BB5FFFFFF
(1785789729.824678) can0 18F015F1#0000463B477F4557
(1785789729.837275) can0 18FF09D1#01000A00D5CEE6
(1785789729.878538) can0 18FEF1F8#FF0000FFFFFFFFFF
(1785789729.879971) can0 18F005F8#7CFFFF7CFFFFFFFF
(1785789729.895598) can0 1CECFFF1#20120003FF19F000
(1785789729.896514) can0 1CEBFFF1#0127100000000000
(1785789729.897472) can0 1CEBFFF1#0200000000000000
(1785789729.898455) can0 1CEBFFF1#03FFEC6BB5FFFFFF
(1785789729.924463) can0 18F015F1#0000463B47804557
(1785789729.937511) can0 18FF09D1#01000A00D5CEE6
(1785789729.978094) can0 18FEF1F8#FF0000FFFFFFFFFF
(1785789729.979251) can0 18F005F8#7CFFFF7CFFFFFFFF
(1785789729.995476) can0 1CECFFF1#20120003FF19F000
(1785789729.996490) can0 1CEBFFF1#0127100000000000
(1785789729.997477) can0 1CEBFFF1#0200000000000000
(1785789729.998456) can0 1CEBFFF1#03FFEC6BB5FFFFFF
(1785789730.024508) can0 18F015F1#0000463B47804557
(1785789730.037241) can0 18FF09D1#01000A00D5CEE6
(1785789730.078031) can0 18FEF1F8#FF0000FFFFFFFFFF
(1785789730.079258) can0 18F005F8#7CFFFF7CFFFFFFFF
(1785789730.096511) can0 1CECFFF1#20120003FF19F000
(1785789730.097478) can0 1CEBFFF1#0127100000000000
(1785789730.098488) can0 1CEBFFF1#0200000000000000
(1785789730.099492) can0 1CEBFFF1#03FFEBA9F4FFFFFF
(1785789730.125568) can0 18F015F1#0000463B477F4557
(1785789730.137375) can0 18FF09D1#01000A00D5CEE6
(1785789730.178862) can0 18FEF1F8#FF0000FFFFFFFFFF
(1785789730.180330) can0 18F005F8#7CFFFF7CFFFFFFFF
(1785789730.196582) can0 1CECFFF1#20120003FF19F000
(1785789730.197482) can0 1CEBFFF1#0127100000000000
(1785789730.198476) can0 1CEBFFF1#0200000000000000
(1785789730.199455) can0 1CEBFFF1#03FFEC6BB5FFFFFF
(1785789730.225477) can0 18F015F1#0000463B47804557
(1785789730.237299) can0 18FF09D1#01000A00D5CEE6
(1785789730.237592) can0 18FF14D1#
(1785789730.278146) can0 18FEF1F8#FF0000FFFFFFFFFF
(1785789730.279375) can0 18F005F8#7CFFFF7CFFFFFFFF
(1785789730.296492) can0 1CECFFF1#20120003FF19F000
(1785789730.297474) can0 1CEBFFF1#0127100000000000
(1785789730.298484) can0 1CEBFFF1#0200000000000000
(1785789730.299468) can0 1CEBFFF1#03FFEC6BB5FFFFFF
(1785789730.325478) can0 18F015F1#0000463B477F4557
(1785789730.337209) can0 18FF09D1#01000A00D5CEE6
(1785789730.378022) can0 18FEF1F8#FF0000FFFFFFFFFF
(1785789730.379165) can0 18F005F8#7CFFFF7CFFFFFFFF
(1785789730.396491) can0 1CECFFF1#20120003FF19F000
(1785789730.397485) can0 1CEBFFF1#0127100000000000
(1785789730.398496) can0 1CEBFFF1#0200000000000000
(1785789730.399471) can0 1CEBFFF1#03FFEC6BB5FFFFFF
(1785789730.425479) can0 18F015F1#0000463B477F4557
(1785789730.437213) can0 18FF09D1#01000A00D5CEE6
(1785789730.478141) can0 18FEF1F8#FF0000FFFFFFFFFF
(1785789730.479404) can0 18F005F8#7CFFFF7CFFFFFFFF
(1785789730.496628) can0 1CECFFF1#20120003FF19F000
(1785789730.497572) can0 1CEBFFF1#0127100000000000
(1785789730.498543) can0 1CEBFFF1#0200000000000000
(1785789730.499522) can0 1CEBFFF1#03FFEC6BB5FFFFFF
(1785789730.525750) can0 18F015F1#0000463B47804557
(1785789730.537280) can0 18FF09D1#01000A00D5CEE6
(1785789730.578042) can0 18FEF1F8#FF0000FFFFFFFFFF
(1785789730.579159) can0 18F005F8#7CFFFF7CFFFFFFFF
(1785789730.596472) can0 1CECFFF1#20120003FF19F000
(1785789730.597477) can0 1CEBFFF1#0127100000000000
(1785789730.598944) can0 1CEBFFF1#0200000000000000
(1785789730.599493) can0 1CEBFFF1#03FFEC6BB5FFFFFF
(1785789730.625518) can0 18F015F1#0000463B477F4557
(1785789730.637206) can0 18FF09D1#01000A00D5CEE6
(1785789730.678108) can0 18FEF1F8#FF0000FFFFFFFFFF
(1785789730.679292) can0 18F005F8#7CFFFF7CFFFFFFFF
(1785789730.697494) can0 1CECFFF1#20120003FF19F000
(1785789730.698485) can0 1CEBFFF1#0127100000000000
(1785789730.699513) can0 1CEBFFF1#0200000000000000
(1785789730.700476) can0 1CEBFFF1#03FFEBA9F4FFFFFF
(1785789730.726468) can0 18F015F1#0000463B477F4557
(1785789730.735393) can0 18F017F1#FA1CFDA89C8C
(1785789730.735869) can0 18F018F1#F511F69D938E
(1785789730.737293) can0 18FF09D1#01000A00D5CEE6
(1785789730.737612) can0 18FF14D1#
(1785789730.778065) can0 18FEF1F8#FF0000FFFFFFFFFF
(1785789730.779245) can0 18F005F8#7CFFFF7CFFFFFFFF
(1785789730.797637) can0 1CECFFF1#20120003FF19F000
(1785789730.798487) can0 1CEBFFF1#0127100000000000
(1785789730.799517) can0 1CEBFFF1#0200000000000000
(1785789730.800489) can0 1CEBFFF1#03FFEC6BB5FFFFFF
(1785789730.826625) can0 18F015F1#0000463A477F4557
(1785789730.837262) can0 18FF09D1#01000A00D564E7
(1785789730.879038) can0 18FEF1F8#FF0000FFFFFFFFFF
(1785789730.880336) can0 18F005F8#7CFFFF7CFFFFFFFF
(1785789730.897825) can0 1CECFFF1#20120003FF19F000
(1785789730.898710) can0 1CEBFFF1#0127100000000000
(1785789730.899517) can0 1CEBFFF1#0200000000000000
(1785789730.900510) can0 1CEBFFF1#03FFEBA9F4FFFFFF
(1785789730.926659) can0 18F015F1#0000463A477F4557
(1785789730.937294) can0 18FF09D1#01000A00D564E7
(1785789730.978089) can0 18FEF1F8#FF0000FFFFFFFFFF
(1785789730.979234) can0 18F005F8#7CFFFF7CFFFFFFFF
(1785789730.997492) can0 1CECFFF1#20120003FF19F000
(1785789730.998478) can0 1CEBFFF1#0127100000000000
(1785789730.999482) can0 1CEBFFF1#0200000000000000
(1785789731.000460) can0 1CEBFFF1#03FFEBA9F4FFFFFF
(1785789731.026480) can0 18F015F1#0000463A477F4557
(1785789731.037403) can0 18FF09D1#01000A00D564E7
(1785789731.078097) can0 18FEF1F8#FF0000FFFFFFFFFF
(1785789731.079330) can0 18F005F8#7CFFFF7CFFFFFFFF
(1785789731.097502) can0 1CECFFF1#20120003FF19F000
(1785789731.098549) can0 1CEBFFF1#0127100000000000
(1785789731.099482) can0 1CEBFFF1#0200000000000000
(1785789731.100462) can0 1CEBFFF1#03FFEBA9F4FFFFFF
(1785789731.126534) can0 18F015F1#0000463A477F4557
(1785789731.137310) can0 18FF09D1#01000A00D564E7
(1785789731.178129) can0 18FEF1F8#FF0000FFFFFFFFFF
(1785789731.179378) can0 18F005F8#7EFFFF7EFFFFFFFF
(1785789731.197648) can0 1CECFFF1#20120003FF19F000
(1785789731.198502) can0 1CEBFFF1#0127100000000000
(1785789731.199504) can0 1CEBFFF1#0200000000000000
(1785789731.200484) can0 1CEBFFF1#03FFEBA9F4FFFFFF
(1785789731.227584) can0 18F015F1#0000463A477F4557
(1785789731.237407) can0 18FF09D1#01000A00D564E7
(1785789731.237678) can0 18FF14D1#
(1785789731.238045) can0 18FF16D1#01000A0064
(1785789731.278125) can0 18FEF1F8#FF0000FFFFFFFFFF
(1785789731.279456) can0 18F005F8#7EFFFF7EFFFFFFFF
(1785789731.297558) can0 1CECFFF1#20120003FF19F000
(1785789731.298499) can0 1CEBFFF1#0127100000000000
(1785789731.299512) can0 1CEBFFF1#0200000000000000
(1785789731.300493) can0 1CEBFFF1#03FFEBA9F4FFFFFF
(1785789731.326530) can0 18F015F1#0000463A47804557
(1785789731.337299) can0 18FF09D1#01000A00D538E6
(1785789731.378123) can0 18FEF1F8#FF0000FFFFFFFFFF
(1785789731.379265) can0 18F005F8#7EFFFF7EFFFFFFFF
(1785789731.397551) can0 1CECFFF1#20120003FF19F000
(1785789731.398497) can0 1CEBFFF1#0127100000000000
(1785789731.399499) can0 1CEBFFF1#0200000000000000
(1785789731.400475) can0 1CEBFFF1#03FFEBA9F4FFFFFF
(1785789731.426594) can0 18F015F1#0000463A477F4557
(1785789731.437376) can0 18FF09D1#01000A00D538E6
(1785789731.478145) can0 18FEF1F8#FF0000FFFFFFFFFF
(1785789731.479428) can0 18F005F8#7EFFFF7EFFFFFFFF
(1785789731.498623) can0 1CECFFF1#20120003FF19F000
(1785789731.499520) can0 1CEBFFF1#0127100000000000
(1785789731.500555) can0 1CEBFFF1#0200000000000000
(1785789731.501572) can0 1CEBFFF1#03FFEBA9F4FFFFFF
(1785789731.527509) can0 18F015F1#0000463A477F4557
(1785789731.537187) can0 18FF09D1#01000A00D538E6
(1785789731.578076) can0 18FEF1F8#FF0000FFFFFFFFFF
(1785789731.579297) can0 18F005F8#7EFFFF7EFFFFFFFF
(1785789731.598499) can0 1CECFFF1#20120003FF19F000
(1785789731.599492) can0 1CEBFFF1#0127100000000000
(1785789731.600504) can0 1CEBFFF1#0200000000000000
(1785789731.601481) can0 1CEBFFF1#03FFEBA9F4FFFFFF
(1785789731.627530) can0 18F015F1#0000463A47804558
(1785789731.637190) can0 18FF09D1#01000A00D538E6
(1785789731.678040) can0 18FEF1F8#FF0000FFFFFFFFFF
(1785789731.679202) can0 18F005F8#7EFFFF7EFFFFFFFF
(1785789731.698643) can0 1CECFFF1#20120003FF19F000
(1785789731.699532) can0 1CEBFFF1#0127100000000000
(1785789731.700519) can0 1CEBFFF1#0200000000000000
(1785789731.701494) can0 1CEBFFF1#03FFEBA9F4FFFFFF
(1785789731.728679) can0 18F015F1#0000463A477F4557
(1785789731.737382) can0 18FF09D1#01000A00D538E6
(1785789731.737714) can0 18F017F1#F985FE4D9CBC
(1785789731.738154) can0 18F018F1#F4B5F593922F
(1785789731.738434) can0 18FF14D1#
(1785789731.778086) can0 18FEF1F8#FF0000FFFFFFFFFF
(1785789731.779387) can0 18F005F8#7EFFFF7EFFFFFFFF
(1785789731.798508) can0 1CECFFF1#20120003FF19F000
(1785789731.799484) can0 1CEBFFF1#0127100000000000
(1785789731.800493) can0 1CEBFFF1#0200000000000000
(1785789731.801472) can0 1CEBFFF1#03FFEBA9F4FFFFFF
(1785789731.827490) can0 18F015F1#0000463A477F4557
(1785789731.837177) can0 18FF09D1#01000A00D538E6
(1785789731.878060) can0 18FEF1F8#FF0000FFFFFFFFFF
(1785789731.879310) can0 18F005F8#7EFFFF7EFFFFFFFF
(1785789731.898570) can0 1CECFFF1#20120003FF19F000
(1785789731.899573) can0 1CEBFFF1#0127100000000000
(1785789731.900562) can0 1CEBFFF1#0200000000000000
(1785789731.901495) can0 1CEBFFF1#03FFEBA9F4FFFFFF
(1785789731.927494) can0 18F015F1#0000463A47804557
(1785789731.937170) can0 18FF09D1#01000A00D538E6
(1785789731.978280) can0 18FEF1F8#FF0000FFFFFFFFFF
(1785789731.979531) can0 18F005F8#7EFFFF7EFFFFFFFF
(1785789731.998653) can0 1CECFFF1#20120003FF19F000
(1785789731.999530) can0 1CEBFFF1#0127100000000000
(1785789732.000544) can0 1CEBFFF1#0200000000000000
(1785789732.001579) can0 1CEBFFF1#03FFEBA9F4FFFFFF
(1785789732.027895) can0 18F015F1#0000463A47804557
(1785789732.037331) can0 18FF09D1#01000A00D538E6
(1785789732.078098) can0 18FEF1F8#FF0000FFFFFFFFFF
(1785789732.079264) can0 18F005F8#7EFFFF7EFFFFFFFF
(1785789732.098520) can0 1CECFFF1#20120003FF19F000
(1785789732.099488) can0 1CEBFFF1#0127100000000000
(1785789732.100501) can0 1CEBFFF1#0200000000000000
(1785789732.101505) can0 1CEBFFF1#03FFEBA9F4FFFFFF
(1785789732.127509) can0 18F015F1#0000463A477F4557
(1785789732.137169) can0 18FF09D1#01000A00D538E6
(1785789732.178077) can0 18FEF1F8#FF0000FFFFFFFFFF
(1785789732.179277) can0 18F005F8#7EFFFF7EFFFFFFFF
(1785789732.198522) can0 1CECFFF1#20120003FF19F000
(1785789732.199494) can0 1CEBFFF1#0127100000000000
(1785789732.200540) can0 1CEBFFF1#0200000000000000
(1785789732.201479) can0 1CEBFFF1#03FFEBA9F4FFFFFF
(1785789732.228587) can0 18F015F1#0000463A47804557
(1785789732.237407) can0 18FF09D1#01000A00D5D4E5
(1785789732.237929) can0 18FF14D1#
(1785789732.278248) can0 18FEF1F8#FF0000FFFFFFFFFF
(1785789732.279611) can0 18F005F8#7EFFFF7EFFFFFFFF
(1785789732.300058) can0 1CECFFF1#20120003FF19F000
(1785789732.300505) can0 1CEBFFF1#0127100000000000
(1785789732.301499) can0 1CEBFFF1#0200000000000000
(1785789732.302494) can0 1CEBFFF1#03FFEBA9F4FFFFFF
(1785789732.328500) can0 18F015F1#0000463A47804557
(1785789732.337161) can0 18FF09D1#01000A00D5D4E5
(1785789732.378053) can0 18FEF1F8#FF0000FFFFFFFFFF
(1785789732.379221) can0 18F005F8#7EFFFF7EFFFFFFFF
(1785789732.399505) can0 1CECFFF1#20120003FF19F000
(1785789732.400498) can0 1CEBFFF1#0127100000000000
(1785789732.401523) can0 1CEBFFF1#0200000000000000
(1785789732.402483) can0 1CEBFFF1#03FFEBA9F4FFFFFF
(1785789732.428528) can0 18F015F1#0000463A47804557
(1785789732.437157) can0 18FF09D1#01000A00D5D4E5
(1785789732.478167) can0 18FEF1F8#FF0000FFFFFFFFFF
(1785789732.479365) can0 18F005F8#7EFFFF7EFFFFFFFF
(1785789732.499599) can0 1CECFFF1#20120003FF19F000
(1785789732.500511) can0 1CEBFFF1#0127100000000000
(1785789732.501504) can0 1CEBFFF1#0200000000000000
(1785789732.502495) can0 1CEBFFF1#03FFEBA9F4FFFFFF
(1785789732.528672) can0 18F015F1#0000463A47804557
(1785789732.537800) can0 18FF09D1#01000A00D5D4E5
(1785789732.578076) can0 18FEF1F8#FF0000FFFFFFFFFF
(1785789732.579245) can0 18F005F8#7EFFFF7EFFFFFFFF
(1785789732.599506) can0 1CECFFF1#20120003FF19F000
(1785789732.600484) can0 1CEBFFF1#0127100000000000
(1785789732.601492) can0 1CEBFFF1#0200000000000000
(1785789732.602471) can0 1CEBFFF1#03FFEBA9F4FFFFFF
(1785789732.628526) can0 18F015F1#0000463A47804557
(1785789732.637186) can0 18FF09D1#01000A00D5D4E5
(1785789732.678166) can0 18FEF1F8#FF0000FFFFFFFFFF
(1785789732.679415) can0 18F005F8#7EFFFF7EFFFFFFFF
(1785789732.699509) can0 1CECFFF1#20120003FF19F000
(1785789732.700497) can0 1CEBFFF1#0127100000000000
(1785789732.701503) can0 1CEBFFF1#0200000000000000
(1785789732.702476) can0 1CEBFFF1#03FFEBA9F4FFFFFF
(1785789732.729480) can0 18F015F1#0000463A47804557
(1785789732.737228) can0 18FF09D1#01000A00D5D4E5
(1785789732.737487) can0 18FF14D1#
(1785789732.738395) can0 18F017F1#F985FE4D9CBC
(1785789732.738856) can0 18F018F1#F4B5F593922F
(1785789732.778358) can0 18FEF1F8#FF0000FFFFFFFFFF
(1785789732.779494) can0 18F005F8#7EFFFF7EFFFFFFFF
(1785789732.799522) can0 1CECFFF1#20120003FF19F000
(1785789732.800507) can0 1CEBFFF1#0127100000000000
(1785789732.801662) can0 1CEBFFF1#0200000000000000
(1785789732.802488) can0 1CEBFFF1#03FFEBA9F4FFFFFF
(1785789732.829594) can0 18F015F1#0000463A47804558
(1785789732.837176) can0 18FF09D1#01000A00D5D4E5
(1785789732.878720) can0 18FEF1F8#FF0000FFFFFFFFFF
(1785789732.879981) can0 18F005F8#7EFFFF7EFFFFFFFF
(1785789732.899581) can0 1CECFFF1#20120003FF19F000
(1785789732.900658) can0 1CEBFFF1#0127100000000000
(1785789732.901554) can0 1CEBFFF1#0200000000000000
(1785789732.902555) can0 1CEBFFF1#03FFEBA9F4FFFFFF
(1785789732.928491) can0 18F015F1#0000463A47804557
(1785789732.937149) can0 18FF09D1#01000A00D5D4E5
(1785789732.978085) can0 18FEF1F8#FF0000FFFFFFFFFF
(1785789732.979240) can0 18F005F8#7EFFFF7EFFFFFFFF
(1785789733.000546) can0 1CECFFF1#20120003FF19F000
(1785789733.001492) can0 1CEBFFF1#0127100000000000
(1785789733.002496) can0 1CEBFFF1#0200000000000000
(1785789733.003476) can0 1CEBFFF1#03FFEBA9F4FFFFFF
(1785789733.029495) can0 18F015F1#0000463A47804557
(1785789733.037200) can0 18FF09D1#01000A00D5D4E5
(1785789733.078102) can0 18FEF1F8#FF0000FFFFFFFFFF
(1785789733.079273) can0 18F005F8#7EFFFF7EFFFFFFFF
(1785789733.100532) can0 1CECFFF1#20120003FF19F000
(1785789733.101491) can0 1CEBFFF1#0127100000000000
(1785789733.102498) can0 1CEBFFF1#0200000000000000
(1785789733.103483) can0 1CEBFFF1#03FFEBA9F4FFFFFF
(1785789733.129522) can0 18F015F1#0000463A47804557
(1785789733.137200) can0 18FF09D1#01000A00D5D4E5
(1785789733.178351) can0 18FEF1F8#FF0000FFFFFFFFFF
(1785789733.179662) can0 18F005F8#7EFFFF7EFFFFFFFF
(1785789733.200894) can0 1CECFFF1#20120003FF19F000
(1785789733.201753) can0 1CEBFFF1#0127100000000000
(1785789733.202605) can0 1CEBFFF1#0200000000000000
(1785789733.203591) can0 1CEBFFF1#03FFEBA9F4FFFFFF
(1785789733.229564) can0 18F015F1#0000463A47804558
(1785789733.237491) can0 18FF09D1#01000A00D5D4E5
(1785789733.237946) can0 18FF14D1#
(1785789733.238207) can0 18FF16D1#01000A0064
(1785789733.278054) can0 18FEF1F8#FF0000FFFFFFFFFF
(1785789733.279653) can0 18F005F8#7EFFFF7EFFFFFFFF
(1785789733.300547) can0 1CECFFF1#20120003FF19F000
(1785789733.301494) can0 1CEBFFF1#0127100000000000
(1785789733.302507) can0 1CEBFFF1#0200000000000000
(1785789733.303486) can0 1CEBFFF1#03FFEBA9F4FFFFFF
(1785789733.329498) can0 18F015F1#0000463A47804557
(1785789733.337143) can0 18FF09D1#01000A00D5D4E5
(1785789733.378050) can0 18FEF1F8#FF0000FFFFFFFFFF
(1785789733.379202) can0 18F005F8#7EFFFF7EFFFFFFFF
(1785789733.400516) can0 1CECFFF1#20120003FF19F000
(1785789733.401508) can0 1CEBFFF1#0127100000000000
(1785789733.402519) can0 1CEBFFF1#0200000000000000
(1785789733.403505) can0 1CEBFFF1#03FFEBA9F4FFFFFF
(1785789733.429514) can0 18F015F1#0000463A47804557
(1785789733.437156) can0 18FF09D1#01000A00D5D4E5
(1785789733.478252) can0 18FEF1F8#FF0000FFFFFFFFFF
(1785789733.479510) can0 18F005F8#7EFFFF7EFFFFFFFF
(1785789733.500632) can0 1CECFFF1#20120003FF19F000
(1785789733.501522) can0 1CEBFFF1#0127100000000000
(1785789733.502536) can0 1CEBFFF1#0200000000000000
(1785789733.503511) can0 1CEBFFF1#03FFEBA9F4FFFFFF
(1785789733.529567) can0 18F015F1#0000463A47804557
(1785789733.537358) can0 18FF09D1#01000A00D5D4E5
(1785789733.578101) can0 18FEF1F8#FF0000FFFFFFFFFF
(1785789733.579324) can0 18F005F8#7EFFFF7EFFFFFFFF
(1785789733.601555) can0 1CECFFF1#20120003FF19F000
(1785789733.602507) can0 1CEBFFF1#0127100000000000
(1785789733.603514) can0 1CEBFFF1#0200000000000000
(1785789733.604495) can0 1CEBFFF1#03FFEBA9F4FFFFFF
(1785789733.630556) can0 18F015F1#0000463A47804558
(1785789733.637403) can0 18FF09D1#01000A00D5D4E5
(1785789733.678082) can0 18FEF1F8#FF0000FFFFFFFFFF
(1785789733.679231) can0 18F005F8#7EFFFF7EFFFFFFFF
(1785789733.701514) can0 1CECFFF1#20120003FF19F000
(1785789733.702502) can0 1CEBFFF1#0127100000000000
(1785789733.703506) can0 1CEBFFF1#0200000000000000
(1785789733.704495) can0 1CEBFFF1#03FFEBA9F4FFFFFF
(1785789733.730497) can0 18F015F1#0000463A47804557
(1785789733.737197) can0 18FF09D1#01000A00D570E5
(1785789733.737461) can0 18FF14D1#
(1785789733.740412) can0 18F017F1#F9C1FF0D9DC2
(1785789733.740888) can0 18F018F1#F4A8F57D93EE
(1785789733.778036) can0 18FEF1F8#FF0000FFFFFFFFFF
(1785789733.779172) can0 18F005F8#7EFFFF7EFFFFFFFF
(1785789733.801518) can0 1CECFFF1#20120003FF19F000
(1785789733.802506) can0 1CEBFFF1#0127100000000000
(1785789733.803508) can0 1CEBFFF1#0200000000000000
(1785789733.804487) can0 1CEBFFF1#03FFEBA9F4FFFFFF
(1785789733.830680) can0 18F015F1#0000463A47804557
(1785789733.837139) can0 18FF09D1#01000A00D570E5
(1785789733.878364) can0 18FEF1F8#FF0000FFFFFFFFFF
(1785789733.880006) can0 18F005F8#7EFFFF7EFFFFFFFF
(1785789733.901762) can0 1CECFFF1#20120003FF19F000
(1785789733.902552) can0 1CEBFFF1#0127100000000000
(1785789733.903561) can0 1CEBFFF1#0200000000000000
(1785789733.904517) can0 1CEBFFF1#03FFEBA9F4FFFFFF
(1785789733.930520) can0 18F015F1#0000463A47804558
(1785789733.937091) can0 18FF09D1#01000A00D570E5
(1785789733.978089) can0 18FEF1F8#FF0000FFFFFFFFFF
(1785789733.979255) can0 18F005F8#7EFFFF7EFFFFFFFF
(1785789734.001654) can0 1CECFFF1#20120003FF19F000
(1785789734.002526) can0 1CEBFFF1#0127100000000000
(1785789734.004770) can0 1CEBFFF1#0200000000000000
(1785789734.004921) can0 1CEBFFF1#03FFEBA9F4FFFFFF
(1785789734.030538) can0 18F015F1#0000463A47804558
(1785789734.037114) can0 18FF09D1#01000A00D570E5
(1785789734.078053) can0 18FEF1F8#FF0000FFFFFFFFFF
(1785789734.079190) can0 18F005F8#7EFFFF7EFFFFFFFF
(1785789734.101529) can0 1CECFFF1#20120003FF19F000
(1785789734.102505) can0 1CEBFFF1#0127100000000000
(1785789734.103511) can0 1CEBFFF1#0200000000000000
(1785789734.104489) can0 1CEBFFF1#03FFEBA9F4FFFFFF
(1785789734.130512) can0 18F015F1#0000463A47804557
(1785789734.137133) can0 18FF09D1#01000A00D570E5
(1785789734.178349) can0 18FEF1F8#FF0000FFFFFFFFFF
(1785789734.179725) can0 18F005F8#7EFFFF7EFFFFFFFF
(1785789734.201749) can0 1CECFFF1#20120003FF19F000
(1785789734.202525) can0 1CEBFFF1#0127100000000000
(1785789734.203529) can0 1CEBFFF1#0200000000000000
(1785789734.204503) can0 1CEBFFF1#03FFEBA9F4FFFFFF
(1785789734.231519) can0 18F015F1#0000463A47804558
(1785789734.237586) can0 18FF09D1#01000A00D570E5
(1785789734.237840) can0 18FF14D1#
(1785789734.278010) can0 18FEF1F8#FF0000FFFFFFFFFF
(1785789734.279129) can0 18F005F8#7EFFFF7EFFFFFFFF
(1785789734.301568) can0 1CECFFF1#20120003FF19F000
(1785789734.302502) can0 1CEBFFF1#0127100000000000
(1785789734.303511) can0 1CEBFFF1#0200000000000000
(1785789734.304490) can0 1CEBFFF1#03FFEBA9F4FFFFFF
(1785789734.330515) can0 18F015F1#0000463A47804558
(1785789734.337455) can0 18FF09D1#01000A00D538E6
(1785789734.378048) can0 18FEF1F8#FF0000FFFFFFFFFF
(1785789734.379178) can0 18F005F8#7EFFFF7EFFFFFFFF
(1785789734.402520) can0 1CECFFF1#20120003FF19F000
(1785789734.403508) can0 1CEBFFF1#0127100000000000
(1785789734.404518) can0 1CEBFFF1#0200000000000000
(1785789734.405499) can0 1CEBFFF1#03FFEBA9F4FFFFFF
(1785789734.431521) can0 18F015F1#0000463A47804557
(1785789734.437099) can0 18FF09D1#01000A00D538E6
(1785789734.478191) can0 18FEF1F8#FF0000FFFFFFFFFF
(1785789734.479482) can0 18F005F8#7EFFFF7EFFFFFFFF
(1785789734.502685) can0 1CECFFF1#20120003FF19F000
(1785789734.503540) can0 1CEBFFF1#0127100000000000
(1785789734.504587) can0 1CEBFFF1#0200000000000000
(1785789734.505578) can0 1CEBFFF1#03FFEBA9F4FFFFFF
(1785789734.531621) can0 18F015F1#0000463A47804557
(1785789734.537109) can0 18FF09D1#01000A00D538E6
(1785789734.578042) can0 18FEF1F8#FF0000FFFFFFFFFF
(1785789734.579169) can0 18F005F8#7EFFFF7EFFFFFFFF
(1785789734.602503) can0 1CECFFF1#20120003FF19F000
(1785789734.603496) can0 1CEBFFF1#0127100000000000
(1785789734.604506) can0 1CEBFFF1#0200000000000000
(1785789734.605504) can0 1CEBFFF1#03FFEBA9F4FFFFFF
(1785789734.631543) can0 18F015F1#0000463A47804557
(1785789734.637070) can0 18FF09D1#01000A00D538E6
(1785789734.678080) can0 18FEF1F8#FF0000FFFFFFFFFF
(1785789734.679222) can0 18F005F8#7EFFFF7EFFFFFFFF
(1785789734.702516) can0 1CECFFF1#20120003FF19F000
(1785789734.703515) can0 1CEBFFF1#0127100000000000
(1785789734.704512) can0 1CEBFFF1#0200000000000000
(1785789734.705490) can0 1CEBFFF1#03FFEBA9F4FFFFFF
(1785789734.731506) can0 18F015F1#0000463A47804557
(1785789734.737593) can0 18FF09D1#01000A00D538E6
(1785789734.737929) can0 18FF14D1#
(1785789734.741412) can0 18F017F1#F9C1FF0D9DC2
(1785789734.741889) can0 18F018F1#F4A8F57D93EE
(1785789734.778154) can0 18FEF1F8#FF0000FFFFFFFFFF
(1785789734.779299) can0 18F005F8#7EFFFF7EFFFFFFFF
(1785789734.802525) can0 1CECFFF1#20120003FF19F000
(1785789734.803533) can0 1CEBFFF1#0127100000000000
(1785789734.804512) can0 1CEBFFF1#0200000000000000
(1785789734.805489) can0 1CEBFFF1#03FFEBA9F4FFFFFF
(1785789734.831665) can0 18F015F1#0000463A47804557
(1785789734.837117) can0 18FF09D1#01000A00D538E6
(1785789734.879772) can0 18FEF1F8#FF0000FFFFFFFFFF
(1785789734.881913) can0 18F005F8#7EFFFF7EFFFFFFFF
(1785789734.902961) can0 1CECFFF1#20120003FF19F000
(1785789734.903611) can0 1CEBFFF1#0127100000000000
(1785789734.904557) can0 1CEBFFF1#0200000000000000
(1785789734.905555) can0 1CEBFFF1#03FFEBA9F4FFFFFF
(1785789734.931619) can0 18F015F1#0000463A47804558
(1785789734.937089) can0 18FF09D1#01000A00D538E6
(1785789734.978107) can0 18FEF1F8#FF0000FFFFFFFFFF
(1785789734.979334) can0 18F005F8#7EFFFF7EFFFFFFFF
(1785789735.002566) can0 1CECFFF1#20120003FF19F000
(1785789735.003525) can0 1CEBFFF1#0127100000000000
(1785789735.004529) can0 1CEBFFF1#0200000000000000
(1785789735.005511) can0 1CEBFFF1#03FFEBA9F4FFFFFF
(1785789735.031519) can0 18F015F1#0000463A47804558
(1785789735.037137) can0 18FF09D1#01000A00D538E6
(1785789735.078079) can0 18FEF1F8#FF0000FFFFFFFFFF
(1785789735.079253) can0 18F005F8#7EFFFF7EFFFFFFFF
(1785789735.102551) can0 1CECFFF1#20120003FF19F000
(1785789735.103516) can0 1CEBFFF1#0127100000000000
(1785789735.104527) can0 1CEBFFF1#0200000000000000
(1785789735.105506) can0 1CEBFFF1#03FFEBA9F4FFFFFF
(1785789735.131503) can0 18F015F1#0000463A47804557
(1785789735.137114) can0 18FF09D1#01000A00D538E6
(1785789735.178764) can0 18FEF1F8#FF0000FFFFFFFFFF
(1785789735.179985) can0 18F005F8#7EFFFF7EFFFFFFFF
(1785789735.203846) can0 1CECFFF1#20120003FF19F000
(1785789735.204530) can0 1CEBFFF1#0127100000000000
(1785789735.205538) can0 1CEBFFF1#0200000000000000
(1785789735.206546) can0 1CEBFFF1#03FFEBA9F4FFFFFF
(1785789735.232538) can0 18F015F1#0000463A47804557
(1785789735.237163) can0 18FF09D1#01000A00D538E6
(1785789735.237413) can0 18FF14D1#
(1785789735.278074) can0 18FEF1F8#FF0000FFFFFFFFFF
(1785789735.279276) can0 18F005F8#7EFFFF7EFFFFFFFF
(1785789735.303577) can0 1CECFFF1#20120003FF19F000
(1785789735.304513) can0 1CEBFFF1#0127100000000000
(1785789735.305524) can0 1CEBFFF1#0200000000000000
(1785789735.306512) can0 1CEBFFF1#03FFEBA9F4FFFFFF
(1785789735.332521) can0 18F015F1#0000463A47804558
(1785789735.337088) can0 18FF09D1#01000A00D538E6
(1785789735.378058) can0 18FEF1F8#FF0000FFFFFFFFFF
(1785789735.379208) can0 18F005F8#7EFFFF7EFFFFFFFF
(1785789735.403527) can0 1CECFFF1#20120003FF19F000
(1785789735.404520) can0 1CEBFFF1#0127100000000000
(1785789735.405524) can0 1CEBFFF1#0200000000000000
(1785789735.406507) can0 1CEBFFF1#03FFEBA9F4FFFFFF
(1785789735.432517) can0 18F015F1#0000463A47804558
(1785789735.437055) can0 18FF09D1#01000A00D538E6
(1785789735.478192) can0 18FEF1F8#FF0000FFFFFFFFFF
(1785789735.479369) can0 18F005F8#7EFFFF7EFFFFFFFF
(1785789735.503665) can0 1CECFFF1#20120003FF19F000
(1785789735.504530) can0 1CEBFFF1#0127100000000000
(1785789735.505548) can0 1CEBFFF1#0200000000000000
(1785789735.506535) can0 1CEBFFF1#03FFEBA9F4FFFFFF
(1785789735.532729) can0 18F015F1#0000463A47804557
(1785789735.537140) can0 18FF09D1#01000A00D538E6
(1785789735.578071) can0 18FEF1F8#FF0000FFFFFFFFFF
(1785789735.579309) can0 18F005F8#7EFFFF7EFFFFFFFF
(1785789735.603529) can0 1CECFFF1#20120003FF19F000
(1785789735.604510) can0 1CEBFFF1#0127100000000000
(1785789735.605544) can0 1CEBFFF1#0200000000000000
(1785789735.606537) can0 1CEBFFF1#03FFEBA9F4FFFFFF
(1785789735.632627) can0 18F015F1#0000463A47804558
(1785789735.637100) can0 18FF09D1#01000A00D538E6
(1785789735.678072) can0 18FEF1F8#FF0000FFFFFFFFFF
(1785789735.679299) can0 18F005F8#7EFFFF7EFFFFFFFF
(1785789735.703596) can0 1CECFFF1#20120003FF19F000
(1785789735.704528) can0 1CEBFFF1#0127100000000000
(1785789735.705541) can0 1CEBFFF1#0200000000000000
(1785789735.706521) can0 1CEBFFF1#03FFEBA9F4FFFFFF
(1785789735.735974) can0 18F015F1#0000463A47804558
(1785789735.737127) can0 18FF09D1#01000A00D538E6
(1785789735.737448) can0 18FF14D1#
(1785789735.742422) can0 18F017F1#FADEFD929D4C
(1785789735.742903) can0 18F018F1#F543F47C923B
(1785789735.778094) can0 18FEF1F8#FF0000FFFFFFFFFF
(1785789735.779232) can0 18F005F8#7EFFFF7EFFFFFFFF
(1785789735.803580) can0 1CECFFF1#20120003FF19F000
(1785789735.804519) can0 1CEBFFF1#0127100000000000
(1785789735.805532) can0 1CEBFFF1#0200000000000000
(1785789735.806515) can0 1CEBFFF1#03FFEBA9F4FFFFFF
(1785789735.832697) can0 18F015F1#0000463A47814557
(1785789735.837092) can0 18FF09D1#01000A00D570E5
(1785789735.878411) can0 18FEF1F8#FF0000FFFFFFFFFF
(1785789735.879736) can0 18F005F8#7EFFFF7EFFFFFFFF
(1785789735.904694) can0 1CECFFF1#20120003FF19F000
(1785789735.905563) can0 1CEBFFF1#0127100000000000
(1785789735.906538) can0 1CEBFFF1#0200000000000000
(1785789735.907514) can0 1CEBFFF1#03FFEBA9F4FFFFFF
(1785789735.933520) can0 18F015F1#0000463A47804558
(1785789735.937398) can0 18FF09D1#01000A00D570E5
(1785789735.978096) can0 18FEF1F8#FF0000FFFFFFFFFF
(1785789735.979281) can0 18F005F8#7EFFFF7EFFFFFFFF
(1785789736.004672) can0 1CECFFF1#20120003FF19F000
(1785789736.005520) can0 1CEBFFF1#0127100000000000
(1785789736.006534) can0 1CEBFFF1#0200000000000000
(1785789736.007509) can0 1CEBFFF1#03FFEBA9F4FFFFFF
(1785789736.033523) can0 18F015F1#0000463A47804558
(1785789736.037073) can0 18FF09D1#01000A00D570E5
(1785789736.078058) can0 18FEF1F8#FF0000FFFFFFFFFF
(1785789736.079269) can0 18F005F8#7EFFFF7EFFFFFFFF
(1785789736.104565) can0 1CECFFF1#20120003FF19F000
(1785789736.105541) can0 1CEBFFF1#0127100000000000
(1785789736.106540) can0 1CEBFFF1#0200000000000000
(1785789736.107514) can0 1CEBFFF1#03FFEBA9F4FFFFFF
(1785789736.133511) can0 18F015F1#0000463A47814558
(1785789736.137054) can0 18FF09D1#01000A00D570E5
(1785789736.179340) can0 18FEF1F8#FF0000FFFFFFFFFF
(1785789736.180559) can0 18F005F8#7EFFFF7EFFFFFFFF
(1785789736.204771) can0 1CECFFF1#20120003FF19F000
(1785789736.205565) can0 1CEBFFF1#0127100000000000
(1785789736.206598) can0 1CEBFFF1#0200000000000000
(1785789736.207566) can0 1CEBFFF1#03FFEBA9F4FFFFFF
(1785789736.234673) can0 18F015F1#0000463A47804557
(1785789736.237150) can0 18FF09D1#01000A00D570E5
(1785789736.237705) can0 18FF14D1#
(1785789736.278133) can0 18FEF1F8#FF0000FFFFFFFFFF
(1785789736.279299) can0 18F005F8#7EFFFF7EFFFFFFFF
(1785789736.304972) can0 1CECFFF1#20120003FF19F000
(1785789736.305580) can0 1CEBFFF1#0127100000000000
(1785789736.306636) can0 1CEBFFF1#0200000000000000
(1785789736.307715) can0 1CEBFFF1#03FFEBA9F4FFFFFF
(1785789736.333556) can0 18F015F1#0000463A47804557
(1785789736.337049) can0 18FF09D1#01000A00D570E5
(1785789736.378086) can0 18FEF1F8#FF0000FFFFFFFFFF
(1785789736.379294) can0 18F005F8#7EFFFF7EFFFFFFFF
(1785789736.404540) can0 1CECFFF1#20120003FF19F000
(1785789736.405531) can0 1CEBFFF1#0127100000000000
(1785789736.406541) can0 1CEBFFF1#0200000000000000
(1785789736.407519) can0 1CEBFFF1#03FFEBA9F4FFFFFF
(1785789736.433533) can0 18F015F1#0000463A47804557
(1785789736.437042) can0 18FF09D1#01000A00D570E5
(1785789736.478560) can0 18FEF1F8#FF0000FFFFFFFFFF
(1785789736.479720) can0 18F005F8#7EFFFF7EFFFFFFFF
(1785789736.505633) can0 1CECFFF1#20120003FF19F000
(1785789736.506527) can0 1CEBFFF1#0127100000000000
(1785789736.507534) can0 1CEBFFF1#0200000000000000
(1785789736.508513) can0 1CEBFFF1#03FFEBA9F4FFFFFF
(1785789736.534613) can0 18F015F1#0000463A477F4558
(1785789736.537061) can0 18FF09D1#01000A00D570E5
(1785789736.578284) can0 18FEF1F8#FF0000FFFFFFFFFF
(1785789736.579733) can0 18F005F8#7EFFFF7EFFFFFFFF
(1785789736.605590) can0 1CECFFF1#20120003FF19F000
(1785789736.606579) can0 1CEBFFF1#0127100000000000
(1785789736.607534) can0 1CEBFFF1#0200000000000000
(1785789736.608505) can0 1CEBFFF1#03FFEBA9F4FFFFFF
(1785789736.634726) can0 18F015F1#0000463A47804558
(1785789736.637151) can0 18FF09D1#01000A00D570E5
(1785789736.678083) can0 18FEF1F8#FF0000FFFFFFFFFF
(1785789736.679257) can0 18F005F8#7EFFFF7EFFFFFFFF
(1785789736.705556) can0 1CECFFF1#20120003FF19F000
(1785789736.706537) can0 1CEBFFF1#0127100000000000
(1785789736.707541) can0 1CEBFFF1#0200000000000000
(1785789736.708519) can0 1CEBFFF1#03FFEBA9F4FFFFFF
(1785789736.734533) can0 18F015F1#0000463A47804558
(1785789736.737117) can0 18FF09D1#01000A00D50CE5
(1785789736.737557) can0 18FF14D1#
(1785789736.744443) can0 18F017F1#FADEFD929D4C
(1785789736.744907) can0 18F018F1#F543F47C923B
(1785789736.778064) can0 18FEF1F8#FF0000FFFFFFFFFF
(1785789736.779297) can0 18F005F8#7EFFFF7EFFFFFFFF
(1785789736.805558) can0 1CECFFF1#20120003FF19F000
(1785789736.806535) can0 1CEBFFF1#0127100000000000
(1785789736.807550) can0 1CEBFFF1#0200000000000000
(1785789736.808526) can0 1CEBFFF1#03FFEBA9F4FFFFFF
(1785789736.834534) can0 18F015F1#0000463A477F4558
(1785789736.837095) can0 18FF09D1#01000A00D50CE5
(1785789736.878321) can0 18FEF1F8#FF0000FFFFFFFFFF
(1785789736.879728) can0 18F005F8#7EFFFF7EFFFFFFFF
(1785789736.906011) can0 1CECFFF1#20120003FF19F000
(1785789736.906930) can0 1CEBFFF1#0127100000000000
(1785789736.907663) can0 1CEBFFF1#0200000000000000
(1785789736.908546) can0 1CEBFFF1#03FFEBA9F4FFFFFF
(1785789736.935174) can0 18F015F1#0000463A47804558
(1785789736.937182) can0 18FF09D1#01000A00D50CE5
(1785789736.978107) can0 18FEF1F8#FF0000FFFFFFFFFF
(1785789736.979329) can0 18F005F8#7EFFFF7EFFFFFFFF
(1785789737.005586) can0 1CECFFF1#20120003FF19F000
(1785789737.006544) can0 1CEBFFF1#0127100000000000
(1785789737.007545) can0 1CEBFFF1#0200000000000000
(1785789737.008524) can0 1CEBFFF1#03FFEBA9F4FFFFFF
(1785789737.034527) can0 18F015F1#0000463A47804559
(1785789737.037366) can0 18FF09D1#01000A00D50CE5
(1785789737.078094) can0 18FEF1F8#FF0000FFFFFFFFFF
(1785789737.079324) can0 18F005F8#7EFFFF7EFFFFFFFF
(1785789737.105572) can0 1CECFFF1#20120003FF19F000
(1785789737.106540) can0 1CEBFFF1#0127100000000000
(1785789737.107544) can0 1CEBFFF1#0200000000000000
(1785789737.108522) can0 1CEBFFF1#03FFEBA9F4FFFFFF
(1785789737.134543) can0 18F015F1#0000463A477F4558
(1785789737.137013) can0 18FF09D1#01000A00D50CE5
(1785789737.178345) can0 18FEF1F8#FF0000FFFFFFFFFF
(1785789737.179519) can0 18F005F8#7EFFFF7EFFFFFFFF
(1785789737.205926) can0 1CECFFF1#20120003FF19F000
(1785789737.206615) can0 1CEBFFF1#0127100000000000
(1785789737.207546) can0 1CEBFFF1#0200000000000000
(1785789737.208538) can0 1CEBFFF1#03FFEBA9F4FFFFFF
(1785789737.235921) can0 18F015F1#0000463A47804558
(1785789737.237273) can0 18FF09D1#01000A00D50CE5
(1785789737.237596) can0 18FF14D1#
(1785789737.238064) can0 18FF16D1#01000A0064
(1785789737.278038) can0 18FEF1F8#FF0000FFFFFFFFFF
(1785789737.279217) can0 18F005F8#7EFFFF7EFFFFFFFF
(1785789737.306603) can0 1CECFFF1#20120003FF19F000
(1785789737.307532) can0 1CEBFFF1#0127100000000000
(1785789737.308533) can0 1CEBFFF1#0200000000000000
(1785789737.309514) can0 1CEBFFF1#03FFEBA9F4FFFFFF
(1785789737.334538) can0 18F015F1#0000463A47804559
(1785789737.337466) can0 18FF09D1#01000A00D5E0E3
(1785789737.378079) can0 18FEF1F8#FF0000FFFFFFFFFF
(1785789737.379296) can0 18F005F8#7EFFFF7EFFFFFFFF
(1785789737.406548) can0 1CECFFF1#20120003FF19F000
(1785789737.407533) can0 1CEBFFF1#0127100000000000
(1785789737.408553) can0 1CEBFFF1#0200000000000000
(1785789737.409524) can0 1CEBFFF1#03FFEBA9F4FFFFFF
(1785789737.435546) can0 18F015F1#0000463A477F4558
(1785789737.436998) can0 18FF09D1#01000A00D5E0E3
(1785789737.478094) can0 18FEF1F8#FF0000FFFFFFFFFF
(1785789737.479315) can0 18F005F8#7EFFFF7EFFFFFFFF
(1785789737.506637) can0 1CECFFF1#20120003FF19F000
(1785789737.507545) can0 1CEBFFF1#0127100000000000
(1785789737.508550) can0 1CEBFFF1#0200000000000000
(1785789737.509555) can0 1CEBFFF1#03FFEBA9F4FFFFFF
(1785789737.536128) can0 18F015F1#0000463A47804558
(1785789737.537070) can0 18FF09D1#01000A00D5E0E3
(1785789737.578101) can0 18FEF1F8#FF0000FFFFFFFFFF
(1785789737.579290) can0 18F005F8#7EFFFF7EFFFFFFFF
(1785789737.606781) can0 1CECFFF1#20120003FF19F000
(1785789737.607525) can0 1CEBFFF1#0127100000000000
(1785789737.608532) can0 1CEBFFF1#0200000000000000
(1785789737.609510) can0 1CEBFFF1#03FFEBA9F4FFFFFF
(1785789737.635568) can0 18F015F1#0000463A47804559
(1785789737.637045) can0 18FF09D1#01000A00D5E0E3
(1785789737.678073) can0 18FEF1F8#FF0000FFFFFFFFFF
(1785789737.679259) can0 18F005F8#7EFFFF7EFFFFFFFF
(1785789737.706554) can0 1CECFFF1#20120003FF19F000
(1785789737.707542) can0 1CEBFFF1#0127100000000000
(1785789737.708542) can0 1CEBFFF1#0200000000000000
(1785789737.709527) can0 1CEBFFF1#03FFEBA9F4FFFFFF
(1785789737.736522) can0 18F015F1#0000463A47804559
(1785789737.737081) can0 18FF09D1#01000A00D5E0E3
(1785789737.737452) can0 18FF14D1#
(1785789737.745441) can0 18F017F1#FB48FF0E9DFA
(1785789737.745914) can0 18F018F1#F49BF5CE9227
(1785789737.778071) can0 18FEF1F8#FF0000FFFFFFFFFF
(1785789737.779289) can0 18F005F8#7EFFFF7EFFFFFFFF
(1785789737.806547) can0 1CECFFF1#20120003FF19F000
(1785789737.807532) can0 1CEBFFF1#0127100000000000
(1785789737.808537) can0 1CEBFFF1#0200000000000000
(1785789737.809519) can0 1CEBFFF1#03FFEBA9F4FFFFFF
(1785789737.835698) can0 18F015F1#0000463A47804559
(1785789737.837028) can0 18FF09D1#01000A00D5E0E3
(1785789737.878601) can0 18FEF1F8#FF0000FFFFFFFFFF
(1785789737.880079) can0 18F005F8#7EFFFF7EFFFFFFFF
(1785789737.906849) can0 1CECFFF1#20120003FF19F000
(1785789737.907554) can0 1CEBFFF1#0127100000000000
(1785789737.908569) can0 1CEBFFF1#0200000000000000
(1785789737.909631) can0 1CEBFFF1#03FFEBA9F4FFFFFF
(1785789737.935612) can0 18F015F1#0000463A477F455A
(1785789737.937388) can0 18FF09D1#01000A00D5E0E3
(1785789737.978133) can0 18FEF1F8#FF0000FFFFFFFFFF
(1785789737.979350) can0 18F005F8#7EFFFF7EFFFFFFFF
(1785789738.006611) can0 1CECFFF1#20120003FF19F000
(1785789738.007533) can0 1CEBFFF1#0127100000000000
(1785789738.008550) can0 1CEBFFF1#0200000000000000
(1785789738.009523) can0 1CEBFFF1#03FFEBA9F4FFFFFF
(1785789738.035580) can0 18F015F1#0000463A477F455A
(1785789738.037000) can0 18FF09D1#01000A00D5E0E3
(1785789738.078080) can0 18FEF1F8#FF0000FFFFFFFFFF
(1785789738.079292) can0 18F005F8#7EFFFF7EFFFFFFFF
(1785789738.107565) can0 1CECFFF1#20120003FF19F000
(1785789738.108546) can0 1CEBFFF1#0127100000000000
(1785789738.109558) can0 1CEBFFF1#0200000000000000
(1785789738.110535) can0 1CEBFFF1#03FFEBA9F4FFFFFF
(1785789738.136533) can0 18F015F1#0000463A47804559
(1785789738.137243) can0 18FF09D1#01000A00D5E0E3
(1785789738.178360) can0 18FEF1F8#FF0000FFFFFFFFFF
(1785789738.179602) can0 18F005F8#7EFFFF7EFFFFFFFF
(1785789738.207816) can0 1CECFFF1#20120003FF19F000
(1785789738.208587) can0 1CEBFFF1#0127100000000000
(1785789738.209605) can0 1CEBFFF1#0200000000000000
(1785789738.210656) can0 1CEBFFF1#03FFEBA9F4FFFFFF
(1785789738.236550) can0 18F015F1#0000463A477F4559
(1785789738.237111) can0 18FF09D1#01000A00D5E0E3
(1785789738.237400) can0 18FF14D1#
(1785789738.278081) can0 18FEF1F8#FF0000FFFFFFFFFF
(1785789738.279264) can0 18F005F8#7EFFFF7EFFFFFFFF
(1785789738.307857) can0 1CECFFF1#20120003FF19F000
(1785789738.308638) can0 1CEBFFF1#0127100000000000
(1785789738.309653) can0 1CEBFFF1#0200000000000000
(1785789738.310623) can0 1CEBFFF1#03FFEBA9F4FFFFFF
(1785789738.336544) can0 18F015F1#0000463A477F4559
(1785789738.337031) can0 18FF09D1#01000A00D570E5
(1785789738.378062) can0 18FEF1F8#FF0000FFFFFFFFFF
(1785789738.379269) can0 18F005F8#7EFFFF7EFFFFFFFF
(1785789738.407561) can0 1CECFFF1#20120003FF19F000
(1785789738.408542) can0 1CEBFFF1#0127100000000000
(1785789738.409551) can0 1CEBFFF1#0200000000000000
(1785789738.410532) can0 1CEBFFF1#03FFEBA9F4FFFFFF
(1785789738.436551) can0 18F015F1#000046394780455A
(1785789738.437054) can0 18FF09D1#01000A00D570E5
(1785789738.478035) can0 18FEF1F8#FF0000FFFFFFFFFF
(1785789738.479250) can0 18F005F8#7EFFFF7EFFFFFFFF
(1785789738.507656) can0 1CECFFF1#20120003FF19F000
(1785789738.508562) can0 1CEBFFF1#0127100000000000
(1785789738.509566) can0 1CEBFFF1#0200000000000000
(1785789738.510543) can0 1CEBFFF1#03FFEBA9F4FFFFFF
(1785789738.536762) can0 18F015F1#0000463A477F4559
(1785789738.537107) can0 18FF09D1#01000A00D570E5
(1785789738.578251) can0 18FEF1F8#FF0000FFFFFFFFFF
(1785789738.579394) can0 18F005F8#7EFFFF7EFFFFFFFF
(1785789738.607575) can0 1CECFFF1#20120003FF19F000
(1785789738.608536) can0 1CEBFFF1#0127100000000000
(1785789738.609539) can0 1CEBFFF1#0200000000000000
(1785789738.610523) can0 1CEBFFF1#03FFEA6935FFFFFF
(1785789738.636583) can0 18F015F1#00004639477F4559
(1785789738.637092) can0 18FF09D1#01000A00D570E5
(1785789738.678139) can0 18FEF1F8#FF0000FFFFFFFFFF
(1785789738.679279) can0 18F005F8#7EFFFF7EFFFFFFFF
(1785789738.707560) can0 1CECFFF1#20120003FF19F000
(1785789738.708582) can0 1CEBFFF1#0127100000000000
(1785789738.709556) can0 1CEBFFF1#0200000000000000
(1785789738.710538) can0 1CEBFFF1#03FFEA6935FFFFFF
(1785789738.737434) can0 18FF09D1#01000A00D570E5
(1785789738.737974) can0 18F015F1#00004639477F455A
(1785789738.738307) can0 18FF14D1#
(1785789738.746454) can0 18F017F1#FB48FF0E9DFA
(1785789738.746912) can0 18F018F1#F49BF5CE9227
(1785789738.778041) can0 18FEF1F8#FF0000FFFFFFFFFF
(1785789738.779252) can0 18F005F8#7EFFFF7EFFFFFFFF
(1785789738.808567) can0 1CECFFF1#20120003FF19F000
(1785789738.809546) can0 1CEBFFF1#0127100000000000
(1785789738.810559) can0 1CEBFFF1#0200000000000000
(1785789738.811543) can0 1CEBFFF1#03FFEA6935FFFFFF
(1785789738.837082) can0 18FF09D1#01000A00D53EE5
(1785789738.837657) can0 18F015F1#0000463A477F4559
(1785789738.878723) can0 18FEF1F8#FF0000FFFFFFFFFF
(1785789738.880477) can0 18F005F8#7EFFFF7EFFFFFFFF
(1785789738.908790) can0 1CECFFF1#20120003FF19F000
(1785789738.909610) can0 1CEBFFF1#0127100000000000
(1785789738.910565) can0 1CEBFFF1#0200000000000000
(1785789738.911529) can0 1CEBFFF1#03FFEA6935FFFFFF
(1785789738.937000) can0 18FF09D1#01000A00D53EE5
(1785789738.937531) can0 18F015F1#00004639477F4559
(1785789738.978527) can0 18FEF1F8#FF0000FFFFFFFFFF
(1785789738.979934) can0 18F005F8#7EFFFF7EFFFFFFFF
(1785789739.008601) can0 1CECFFF1#20120003FF19F000
(1785789739.009566) can0 1CEBFFF1#0127100000000000
(1785789739.010560) can0 1CEBFFF1#0200000000000000
(1785789739.011541) can0 1CEBFFF1#03FFEA6935FFFFFF
(1785789739.037085) can0 18FF09D1#01000A00D53EE5
(1785789739.037600) can0 18F015F1#00004639477F4559
(1785789739.078089) can0 18FEF1F8#FF0000FFFFFFFFFF
(1785789739.079295) can0 18F005F8#7EFFFF7EFFFFFFFF
(1785789739.108583) can0 1CECFFF1#20120003FF19F000
(1785789739.109555) can0 1CEBFFF1#0127100000000000
(1785789739.110562) can0 1CEBFFF1#0200000000000000
(1785789739.111549) can0 1CEBFFF1#03FFEA6935FFFFFF
(1785789739.137124) can0 18FF09D1#01000A00D53EE5
(1785789739.137662) can0 18F015F1#0000463A477F4559
(1785789739.178522) can0 18FEF1F8#FF0000FFFFFFFFFF
(1785789739.179698) can0 18F005F8#7EFFFF7EFFFFFFFF
(1785789739.208757) can0 1CECFFF1#20120003FF19F000
(1785789739.209592) can0 1CEBFFF1#0127100000000000
(1785789739.210577) can0 1CEBFFF1#0200000000000000
(1785789739.211784) can0 1CEBFFF1#03FFEBA9F4FFFFFF
(1785789739.237489) can0 18FF09D1#01000A00D52DE5
(1785789739.238093) can0 18FF14D1#
(1785789739.238356) can0 18FF16D1#01000A0064
(1785789739.238759) can0 18F015F1#0000463A477F4559
(1785789739.278061) can0 18FEF1F8#FF0000FFFFFFFFFF
(1785789739.279251) can0 18F005F8#7EFFFF7EFFFFFFFF
(1785789739.308622) can0 1CECFFF1#20120003FF19F000
(1785789739.309550) can0 1CEBFFF1#0127100000000000
(1785789739.310568) can0 1CEBFFF1#0200000000000000
(1785789739.311537) can0 1CEBFFF1#03FFEBA9F4FFFFFF
(1785789739.337014) can0 18FF09D1#01000A00D52DE5
(1785789739.337546) can0 18F015F1#0000463947804559
(1785789739.378067) can0 18FEF1F8#FF0000FFFFFFFFFF
(1785789739.379279) can0 18F005F8#7EFFFF7EFFFFFFFF
(1785789739.409555) can0 1CECFFF1#20120003FF19F000
(1785789739.410545) can0 1CEBFFF1#0127100000000000
(1785789739.411558) can0 1CEBFFF1#0200000000000000
(1785789739.412544) can0 1CEBFFF1#03FFEA6935FFFFFF
(1785789739.436999) can0 18FF09D1#01000A00D52DE5
(1785789739.438538) can0 18F015F1#0000463A477F4559
(1785789739.478067) can0 18FEF1F8#FF0000FFFFFFFFFF
(1785789739.479303) can0 18F005F8#7EFFFF7EFFFFFFFF
(1785789739.509652) can0 1CECFFF1#20120003FF19F000
(1785789739.510567) can0 1CEBFFF1#0127100000000000
(1785789739.511596) can0 1CEBFFF1#0200000000000000
(1785789739.512562) can0 1CEBFFF1#03FFEBA9F4FFFFFF
(1785789739.541320) can0 18FF09D1#01000A00D52DE5
(1785789739.542228) can0 18F015F1#0000463A477F4559
(1785789739.578349) can0 18FEF1F8#FF0000FFFFFFFFFF
(1785789739.579506) can0 18F005F8#7EFFFF7EFFFFFFFF
(1785789739.609621) can0 1CECFFF1#20120003FF19F000
(1785789739.610537) can0 1CEBFFF1#0127100000000000
(1785789739.611585) can0 1CEBFFF1#0200000000000000
(1785789739.612554) can0 1CEBFFF1#03FFEBA9F4FFFFFF
(1785789739.636985) can0 18FF09D1#01000A00D52DE5
(1785789739.639070) can0 18F015F1#00004639477F4559
(1785789739.678195) can0 18FEF1F8#FF0000FFFFFFFFFF
(1785789739.679340) can0 18F005F8#7EFFFF7EFFFFFFFF
(1785789739.709584) can0 1CECFFF1#20120003FF19F000
(1785789739.710552) can0 1CEBFFF1#0127100000000000
(1785789739.711566) can0 1CEBFFF1#0200000000000000
(1785789739.712541) can0 1CEBFFF1#03FFEA6935FFFFFF
(1785789739.737035) can0 18FF09D1#01000A00D53EE5
(1785789739.737313) can0 18FF14D1#
(1785789739.738528) can0 18F015F1#0000463A477F4559
(1785789739.748464) can0 18F017F1#FA58FD6C9C8A
(1785789739.748926) can0 18F018F1#F55BF5849167
(1785789739.778063) can0 18FEF1F8#FF0000FFFFFFFFFF
(1785789739.779233) can0 18F005F8#7EFFFF7EFFFFFFFF
(1785789739.809563) can0 1CECFFF1#20120003FF19F000
(1785789739.810553) can0 1CEBFFF1#0127100000000000
(1785789739.811574) can0 1CEBFFF1#0200000000000000
(1785789739.812572) can0 1CEBFFF1#03FFEA6935FFFFFF
(1785789739.837160) can0 18FF09D1#01000A00D53EE5
(1785789739.838553) can0 18F015F1#0000463A47804558
(1785789739.878294) can0 18FEF1F8#FF0000FFFFFFFFFF
(1785789739.879764) can0 18F005F8#7EFFFF7EFFFFFFFF
(1785789739.909598) can0 1CECFFF1#20120003FF19F000
(1785789739.910544) can0 1CEBFFF1#0127100000000000
(1785789739.911558) can0 1CEBFFF1#0200000000000000
(1785789739.912579) can0 1CEBFFF1#03FFEBA9F4FFFFFF
(1785789739.936954) can0 18FF09D1#01000A00D53EE5
(1785789739.938550) can0 18F015F1#0000463A477F4559
(1785789739.978079) can0 18FEF1F8#FF0000FFFFFFFFFF
(1785789739.979400) can0 18F005F8#7EFFFF7EFFFFFFFF
(1785789740.009627) can0 1CECFFF1#20120003FF19F000
(1785789740.010556) can0 1CEBFFF1#0127100000000000
(1785789740.011664) can0 1CEBFFF1#0200000000000000
(1785789740.012551) can0 1CEBFFF1#03FFEA6935FFFFFF
(1785789740.036988) can0 18FF09D1#01000A00D53EE5
(1785789740.039542) can0 18F015F1#00004639477F4559
(1785789740.078133) can0 18FEF1F8#FF0000FFFFFFFFFF
(1785789740.079295) can0 18F005F8#7EFFFF7EFFFFFFFF
(1785789740.109621) can0 1CECFFF1#20120003FF19F000
(1785789740.110558) can0 1CEBFFF1#0127100000000000
(1785789740.111569) can0 1CEBFFF1#0200000000000000
(1785789740.112556) can0 1CEBFFF1#03FFEA6935FFFFFF
(1785789740.137014) can0 18FF09D1#01000A00D53EE5
(1785789740.138561) can0 18F015F1#0000463A47804558
(1785789740.178213) can0 18FEF1F8#FF0000FFFFFFFFFF
(1785789740.179396) can0 18F005F8#7EFFFF7EFFFFFFFF
(1785789740.209689) can0 1CECFFF1#20120003FF19F000
(1785789740.210561) can0 1CEBFFF1#0127100000000000
(1785789740.211568) can0 1CEBFFF1#0200000000000000
(1785789740.212545) can0 1CEBFFF1#03FFEBA9F4FFFFFF
(1785789740.237108) can0 18FF09D1#01000A00D53EE5
(1785789740.237516) can0 18FF14D1#
(1785789740.239608) can0 18F015F1#00004639477F4559
(1785789740.278314) can0 18FEF1F8#FF0000FFFFFFFFFF
(1785789740.279628) can0 18F005F8#7EFFFF7EFFFFFFFF
(1785789740.310596) can0 1CECFFF1#20120003FF19F000
(1785789740.311547) can0 1CEBFFF1#0127100000000000
(1785789740.312553) can0 1CEBFFF1#0200000000000000
(1785789740.313597) can0 1CEBFFF1#03FFEA6935FFFFFF
(1785789740.336961) can0 18FF09D1#01000A00D53EE5
(1785789740.339535) can0 18F015F1#00004639477F4559
(1785789740.378084) can0 18FEF1F8#FF0000FFFFFFFFFF
(1785789740.379270) can0 18F005F8#7EFFFF7EFFFFFFFF
(1785789740.410576) can0 1CECFFF1#20120003FF19F000
(1785789740.411557) can0 1CEBFFF1#0127100000000000
(1785789740.412573) can0 1CEBFFF1#0200000000000000
(1785789740.413554) can0 1CEBFFF1#03FFEA6935FFFFFF
(1785789740.436954) can0 18FF09D1#01000A00D53EE5
(1785789740.439550) can0 18F015F1#0000463947804559
(1785789740.478037) can0 18FEF1F8#FF0000FFFFFFFFFF
(1785789740.479226) can0 18F005F8#7EFFFF7EFFFFFFFF
(1785789740.510694) can0 1CECFFF1#20120003FF19F000
(1785789740.511579) can0 1CEBFFF1#0127100000000000
(1785789740.512592) can0 1CEBFFF1#0200000000000000
(1785789740.513571) can0 1CEBFFF1#03FFEA6935FFFFFF
(1785789740.537040) can0 18FF09D1#01000A00D53EE5
(1785789740.539599) can0 18F015F1#00004639477F4558
(1785789740.578368) can0 18FEF1F8#FF0000FFFFFFFFFF
(1785789740.579576) can0 18F005F8#7EFFFF7EFFFFFFFF
(1785789740.610617) can0 1CECFFF1#20120003FF19F000
(1785789740.611564) can0 1CEBFFF1#0127100000000000
(1785789740.612566) can0 1CEBFFF1#0200000000000000
(1785789740.613547) can0 1CEBFFF1#03FFEA6935FFFFFF
(1785789740.636939) can0 18FF09D1#01000A00D53EE5
(1785789740.639543) can0 18F015F1#00004639477F4559
(1785789740.678094) can0 18FEF1F8#FF0000FFFFFFFFFF
(1785789740.679275) can0 18F005F8#7EFFFF7EFFFFFFFF
(1785789740.710592) can0 1CECFFF1#20120003FF19F000
(1785789740.711561) can0 1CEBFFF1#0127100000000000
(1785789740.712570) can0 1CEBFFF1#0200000000000000
(1785789740.713559) can0 1CEBFFF1#03FFEA6935FFFFFF
(1785789740.736983) can0 18FF09D1#01000A00D50CE5
(1785789740.737277) can0 18FF14D1#
(1785789740.740540) can0 18F015F1#00004639477F4559
(1785789740.749472) can0 18F017F1#FA58FD6C9C8A
(1785789740.749932) can0 18F018F1#F55BF5849167
(1785789740.778062) can0 18FEF1F8#FF0000FFFFFFFFFF
(1785789740.779253) can0 18F005F8#7EFFFF7EFFFFFFFF
(1785789740.810601) can0 1CECFFF1#20120003FF19F000
(1785789740.811562) can0 1CEBFFF1#0127100000000000
(1785789740.812591) can0 1CEBFFF1#0200000000000000
(1785789740.813595) can0 1CEBFFF1#03FFEA6935FFFFFF
(1785789740.837070) can0 18FF09D1#01000A00D50CE5
(1785789740.839594) can0 18F015F1#00004639477F4559
(1785789740.878322) can0 18FEF1F8#FF0000FFFFFFFFFF
(1785789740.879687) can0 18F005F8#7EFFFF7EFFFFFFFF
(1785789740.910695) can0 1CECFFF1#20120003FF19F000
(1785789740.911566) can0 1CEBFFF1#0127100000000000
(1785789740.912581) can0 1CEBFFF1#0200000000000000
(1785789740.913557) can0 1CEBFFF1#03FFEA6935FFFFFF
(1785789740.936925) can0 18FF09D1#01000A00D50CE5
(1785789740.940547) can0 18F015F1#00004639477F4559
(1785789740.978011) can0 18FEF1F8#FF0000FFFFFFFFFF
(1785789740.979161) can0 18F005F8#7EFFFF7EFFFFFFFF
(1785789741.011627) can0 1CECFFF1#20120003FF19F000
(1785789741.012555) can0 1CEBFFF1#0127100000000000
(1785789741.013568) can0 1CEBFFF1#0200000000000000
(1785789741.014544) can0 1CEBFFF1#03FFEA6935FFFFFF
(1785789741.036947) can0 18FF09D1#01000A00D50CE5
(1785789741.040656) can0 18F015F1#0000463947804558
(1785789741.078098) can0 18FEF1F8#FF0000FFFFFFFFFF
(1785789741.079284) can0 18F005F8#7EFFFF7EFFFFFFFF
(1785789741.111605) can0 1CECFFF1#20120003FF19F000
(1785789741.112570) can0 1CEBFFF1#0127100000000000
(1785789741.113587) can0 1CEBFFF1#0200000000000000
(1785789741.114599) can0 1CEBFFF1#03FFEA6935FFFFFF
(1785789741.136919) can0 18FF09D1#01000A00D50CE5
(1785789741.140546) can0 18F015F1#00004639477F4558
(1785789741.178508) can0 18FEF1F8#FF0000FFFFFFFFFF
(1785789741.179692) can0 18F005F8#7EFFFF7EFFFFFFFF
(1785789741.211716) can0 1CECFFF1#20120003FF19F000
(1785789741.212612) can0 1CEBFFF1#0127100000000000
(1785789741.213619) can0 1CEBFFF1#0200000000000000
(1785789741.214604) can0 1CEBFFF1#03FFEA6935FFFFFF
(1785789741.237253) can0 18FF09D1#01000A00D50CE5
(1785789741.237880) can0 18FF14D1#
(1785789741.241684) can0 18F015F1#0000463947804558
(1785789741.278062) can0 18FEF1F8#FF0000FFFFFFFFFF
(1785789741.279232) can0 18F005F8#7EFFFF7EFFFFFFFF
(1785789741.311572) can0 1CECFFF1#20120003FF19F000
(1785789741.312561) can0 1CEBFFF1#0127100000000000
(1785789741.313580) can0 1CEBFFF1#0200000000000000
(1785789741.314730) can0 1CEBFFF1#03FFEA6935FFFFFF
(1785789741.336949) can0 18FF09D1#01000A00D50CE5
(1785789741.340539) can0 18F015F1#0000463947804559
(1785789741.378045) can0 18FEF1F8#FF0000FFFFFFFFFF
(1785789741.379213) can0 18F005F8#7EFFFF7EFFFFFFFF
(1785789741.411579) can0 1CECFFF1#20120003FF19F000
(1785789741.412563) can0 1CEBFFF1#0127100000000000
(1785789741.413567) can0 1CEBFFF1#0200000000000000
(1785789741.414549) can0 1CEBFFF1#03FFEA6935FFFFFF
(1785789741.436896) can0 18FF09D1#01000A00D50CE5
(1785789741.440555) can0 18F015F1#00004639477F4558
(1785789741.478022) can0 18FEF1F8#FF0000FFFFFFFFFF
(1785789741.479230) can0 18F005F8#7EFFFF7EFFFFFFFF
(1785789741.511677) can0 1CECFFF1#20120003FF19F000
(1785789741.512575) can0 1CEBFFF1#0127100000000000
(1785789741.513577) can0 1CEBFFF1#0200000000000000
(1785789741.514553) can0 1CEBFFF1#03FFEA6935FFFFFF
(1785789741.536977) can0 18FF09D1#01000A00D50CE5
(1785789741.540755) can0 18F015F1#0000463947804558
(1785789741.578251) can0 18FEF1F8#FF0000FFFFFFFFFF
(1785789741.579470) can0 18F005F8#7EFFFF7EFFFFFFFF
(1785789741.611619) can0 1CECFFF1#20120003FF19F000
(1785789741.612569) can0 1CEBFFF1#0127100000000000
(1785789741.613575) can0 1CEBFFF1#0200000000000000
(1785789741.614557) can0 1CEBFFF1#03FFEA6935FFFFFF
(1785789741.636962) can0 18FF09D1#01000A00D50CE5
(1785789741.640613) can0 18F015F1#0000463947804559
(1785789741.678083) can0 18FEF1F8#FF0000FFFFFFFFFF
(1785789741.679268) can0 18F005F8#7EFFFF7EFFFFFFFF
(1785789741.712599) can0 1CECFFF1#20120003FF19F000
(1785789741.713567) can0 1CEBFFF1#0127100000000000
(1785789741.714577) can0 1CEBFFF1#0200000000000000
(1785789741.715559) can0 1CEBFFF1#03FFEA6935FFFFFF
(1785789741.736995) can0 18FF09D1#01000A00D50CE5
(1785789741.737257) can0 18FF14D1#
(1785789741.741557) can0 18F015F1#0000463947804559
(1785789741.751481) can0 18F017F1#FB36FED59C15
(1785789741.751944) can0 18F018F1#F53FF58090F3
(1785789741.778028) can0 18FEF1F8#FF0000FFFFFFFFFF
(1785789741.779167) can0 18F005F8#7EFFFF7EFFFFFFFF
(1785789741.812588) can0 1CECFFF1#20120003FF19F000
(1785789741.813574) can0 1CEBFFF1#0127100000000000
(1785789741.814612) can0 1CEBFFF1#0200000000000000
(1785789741.815573) can0 1CEBFFF1#03FFEA6935FFFFFF
(1785789741.836876) can0 18FF09D1#01000A00D50CE5
(1785789741.844114) can0 18F015F1#0000463947804558
(1785789741.878207) can0 18FEF1F8#FF0000FFFFFFFFFF
(1785789741.879471) can0 18F005F8#7EFFFF7EFFFFFFFF
(1785789741.912841) can0 1CECFFF1#20120003FF19F000
(1785789741.913640) can0 1CEBFFF1#0127100000000000
(1785789741.914603) can0 1CEBFFF1#0200000000000000
(1785789741.915588) can0 1CEBFFF1#03FFEA6935FFFFFF
(1785789741.937035) can0 18FF09D1#01000A00D50CE5
(1785789741.941566) can0 18F015F1#0000463947804559
(1785789741.978025) can0 18FEF1F8#FF0000FFFFFFFFFF
(1785789741.979185) can0 18F005F8#7EFFFF7EFFFFFFFF
(1785789742.012634) can0 1CECFFF1#20120003FF19F000
(1785789742.013566) can0 1CEBFFF1#0127100000000000
(1785789742.014570) can0 1CEBFFF1#0200000000000000
(1785789742.015562) can0 1CEBFFF1#03FFEA6935FFFFFF
(1785789742.036920) can0 18FF09D1#01000A00D50CE5
(1785789742.041554) can0 18F015F1#0000463947804559
(1785789742.078072) can0 18FEF1F8#FF0000FFFFFFFFFF
(1785789742.079290) can0 18F005F8#7EFFFF7EFFFFFFFF
(1785789742.112613) can0 1CECFFF1#20120003FF19F000
(1785789742.113578) can0 1CEBFFF1#0127100000000000
(1785789742.114583) can0 1CEBFFF1#0200000000000000
(1785789742.115565) can0 1CEBFFF1#03FFEBA9F4FFFFFF
(1785789742.136888) can0 18FF09D1#01000A00D50CE5
(1785789742.141559) can0 18F015F1#0000463A47804558
(1785789742.178496) can0 18FEF1F8#FF0000FFFFFFFFFF
(1785789742.179666) can0 18F005F8#7EFFFF7EFFFFFFFF
(1785789742.212694) can0 1CECFFF1#20120003FF19F000
(1785789742.213572) can0 1CEBFFF1#0127100000000000
(1785789742.214577) can0 1CEBFFF1#0200000000000000
(1785789742.215565) can0 1CEBFFF1#03FFEA6935FFFFFF
(1785789742.237030) can0 18FF09D1#01000A00D50CE5
(1785789742.237510) can0 18FF14D1#
(1785789742.242691) can0 18F015F1#0000463947804559
(1785789742.278090) can0 18FEF1F8#FF0000FFFFFFFFFF
(1785789742.279275) can0 18F005F8#7EFFFF7EFFFFFFFF
(1785789742.313634) can0 1CECFFF1#20120003FF19F000
(1785789742.314579) can0 1CEBFFF1#0127100000000000
(1785789742.315584) can0 1CEBFFF1#0200000000000000
(1785789742.316581) can0 1CEBFFF1#03FFEA6935FFFFFF
(1785789742.336929) can0 18FF09D1#01000A00D50CE5
(1785789742.341618) can0 18F015F1#0000463947804559
(1785789742.378078) can0 18FEF1F8#FF0000FFFFFFFFFF
(1785789742.379309) can0 18F005F8#7EFFFF7EFFFFFFFF
(1785789742.413654) can0 1CECFFF1#20120003FF19F000
(1785789742.414589) can0 1CEBFFF1#0127100000000000
(1785789742.415634) can0 1CEBFFF1#0200000000000000
(1785789742.416605) can0 1CEBFFF1#03FFEA6935FFFFFF
(1785789742.436905) can0 18FF09D1#01000A00D50CE5
(1785789742.442568) can0 18F015F1#0000463947804559
(1785789742.478039) can0 18FEF1F8#FF0000FFFFFFFFFF
(1785789742.479203) can0 18F005F8#7EFFFF7EFFFFFFFF
(1785789742.514278) can0 1CECFFF1#20120003FF19F000
(1785789742.514651) can0 1CEBFFF1#0127100000000000
(1785789742.515580) can0 1CEBFFF1#0200000000000000
(1785789742.516581) can0 1CEBFFF1#03FFEA6935FFFFFF
(1785789742.536986) can0 18FF09D1#01000A00D50CE5
(1785789742.542587) can0 18F015F1#0000463947804558
(1785789742.578793) can0 18FEF1F8#FF0000FFFFFFFFFF
(1785789742.580310) can0 18F005F8#7EFFFF7EFFFFFFFF
(1785789742.613789) can0 1CECFFF1#20120003FF19F000
(1785789742.614578) can0 1CEBFFF1#0127100000000000
(1785789742.615597) can0 1CEBFFF1#0200000000000000
(1785789742.616582) can0 1CEBFFF1#03FFEA6935FFFFFF
(1785789742.636869) can0 18FF09D1#01000A00D50CE5
(1785789742.642559) can0 18F015F1#0000463947804559
(1785789742.678249) can0 18FEF1F8#FF0000FFFFFFFFFF
(1785789742.679478) can0 18F005F8#7EFFFF7EFFFFFFFF
(1785789742.713606) can0 1CECFFF1#20120003FF19F000
(1785789742.714568) can0 1CEBFFF1#0127100000000000
(1785789742.715580) can0 1CEBFFF1#0200000000000000
(1785789742.716572) can0 1CEBFFF1#03FFEA6935FFFFFF
(1785789742.736924) can0 18FF09D1#01000A00D50CE5
(1785789742.737229) can0 18FF14D1#
(1785789742.743577) can0 18F015F1#0000463947804559
(1785789742.752496) can0 18F017F1#FB36FED59C15
(1785789742.752962) can0 18F018F1#F53FF58090F3
(1785789742.778065) can0 18FEF1F8#FF0000FFFFFFFFFF
(1785789742.779280) can0 18F005F8#7EFFFF7EFFFFFFFF
(1785789742.813636) can0 1CECFFF1#20120003FF19F000
(1785789742.814583) can0 1CEBFFF1#0127100000000000
(1785789742.815595) can0 1CEBFFF1#0200000000000000
(1785789742.816588) can0 1CEBFFF1#03FFEA6935FFFFFF
(1785789742.836860) can0 18FF09D1#01000A00D50CE5
(1785789742.842570) can0 18F015F1#0000463947804559
(1785789742.878235) can0 18FEF1F8#FF0000FFFFFFFFFF
(1785789742.879439) can0 18F005F8#7EFFFF7EFFFFFFFF
(1785789742.913869) can0 1CECFFF1#20120003FF19F000
(1785789742.914599) can0 1CEBFFF1#0127100000000000
(1785789742.915619) can0 1CEBFFF1#0200000000000000
(1785789742.916643) can0 1CEBFFF1#03FFEA6935FFFFFF
(1785789742.937153) can0 18FF09D1#01000A00D50CE5
(1785789742.942631) can0 18F015F1#0000463947804558
(1785789742.978030) can0 18FEF1F8#FF0000FFFFFFFFFF
(1785789742.979187) can0 18F005F8#7EFFFF7EFFFFFFFF
(1785789743.014645) can0 1CECFFF1#20120003FF19F000
(1785789743.015567) can0 1CEBFFF1#0127100000000000
(1785789743.016589) can0 1CEBFFF1#0200000000000000
(1785789743.017562) can0 1CEBFFF1#03FFEA6935FFFFFF
(1785789743.036876) can0 18FF09D1#01000A00D50CE5
(1785789743.043620) can0 18F015F1#0000463947804558
(1785789743.078090) can0 18FEF1F8#FF0000FFFFFFFFFF
(1785789743.079327) can0 18F005F8#7EFFFF7EFFFFFFFF
(1785789743.113625) can0 1CECFFF1#20120003FF19F000
(1785789743.114589) can0 1CEBFFF1#0127100000000000
(1785789743.115593) can0 1CEBFFF1#0200000000000000
(1785789743.116579) can0 1CEBFFF1#03FFEA6935FFFFFF
(1785789743.136882) can0 18FF09D1#01000A00D50CE5
(1785789743.142569) can0 18F015F1#0000463947804559
(1785789743.178084) can0 18FEF1F8#FF0000FFFFFFFFFF
(1785789743.179262) can0 18F005F8#7EFFFF7EFFFFFFFF
(1785789743.214706) can0 1CECFFF1#20120003FF19F000
(1785789743.215578) can0 1CEBFFF1#0127100000000000
(1785789743.216860) can0 1CEBFFF1#0200000000000000
(1785789743.217590) can0 1CEBFFF1#03FFEA6935FFFFFF
(1785789743.236730) can0 18FF14D1#
(1785789743.237107) can0 18FF16D1#01000A0064
(1785789743.243641) can0 18F015F1#0000463947804559
(1785789743.278251) can0 18FEF1F8#FF0000FFFFFFFFFF
(1785789743.279485) can0 18F005F8#7EFFFF7EFFFFFFFF
(1785789743.314595) can0 1CECFFF1#20120003FF19F000
(1785789743.315573) can0 1CEBFFF1#0127100000000000
(1785789743.316597) can0 1CEBFFF1#0200000000000000
(1785789743.317572) can0 1CEBFFF1#03FFEA6935FFFFFF
(1785789743.336884) can0 18FF09D1#01000A00D538E6
(1785789743.343615) can0 18F015F1#0000463947804558
(1785789743.378058) can0 18FEF1F8#FF0000FFFFFFFFFF
(1785789743.379243) can0 18F005F8#7EFFFF7EFFFFFFFF
(1785789743.414614) can0 1CECFFF1#20120003FF19F000
(1785789743.415585) can0 1CEBFFF1#0127100000000000
(1785789743.416604) can0 1CEBFFF1#0200000000000000
(1785789743.417573) can0 1CEBFFF1#03FFEA6935FFFFFF
(1785789743.436819) can0 18FF09D1#01000A00D538E6
(1785789743.443554) can0 18F015F1#0000463947804558
(1785789743.478017) can0 18FEF1F8#FF0000FFFFFFFFFF
(1785789743.479204) can0 18F005F8#7EFFFF7EFFFFFFFF
(1785789743.514656) can0 1CECFFF1#20120003FF19F000
(1785789743.515598) can0 1CEBFFF1#0127100000000000
(1785789743.516607) can0 1CEBFFF1#0200000000000000
(1785789743.517588) can0 1CEBFFF1#03FFEA6935FFFFFF
(1785789743.536949) can0 18FF09D1#01000A00D538E6
(1785789743.543586) can0 18F015F1#0000463947804559
(1785789743.580031) can0 18FEF1F8#FF0000FFFFFFFFFF
(1785789743.581223) can0 18F005F8#7EFFFF7EFFFFFFFF
(1785789743.614760) can0 1CECFFF1#20120003FF19F000
(1785789743.615589) can0 1CEBFFF1#0127100000000000
(1785789743.616669) can0 1CEBFFF1#0200000000000000
(1785789743.617571) can0 1CEBFFF1#03FFEA6935FFFFFF
(1785789743.637018) can0 18FF09D1#01000A00D538E6
(1785789743.643571) can0 18F015F1#0000463947804559
(1785789743.678224) can0 18FEF1F8#FF0000FFFFFFFFFF
(1785789743.679374) can0 18F005F8#7EFFFF7EFFFFFFFF
(1785789743.714612) can0 1CECFFF1#20120003FF19F000
(1785789743.715579) can0 1CEBFFF1#0127100000000000
(1785789743.716592) can0 1CEBFFF1#0200000000000000
(1785789743.717566) can0 1CEBFFF1#03FFEA6935FFFFFF
(1785789743.737287) can0 18FF09D1#01000A00D538E6
(1785789743.737597) can0 18FF14D1#
(1785789743.744559) can0 18F015F1#0000463947804558
(1785789743.754494) can0 18F017F1#FBAAFE449CB4
(1785789743.754949) can0 18F018F1#F52FF53591E4
(1785789743.778053) can0 18FEF1F8#FF0000FFFFFFFFFF
(1785789743.779231) can0 18F005F8#7EFFFF7EFFFFFFFF
(1785789743.815596) can0 1CECFFF1#20120003FF19F000
(1785789743.816589) can0 1CEBFFF1#0127100000000000
(1785789743.817585) can0 1CEBFFF1#0200000000000000
(1785789743.818570) can0 1CEBFFF1#03FFEA6935FFFFFF
(1785789743.837111) can0 18FF09D1#01000A00D5D4E5
(1785789743.844554) can0 18F015F1#0000463947804559
(1785789743.878236) can0 18FEF1F8#FF0000FFFFFFFFFF
(1785789743.879406) can0 18F005F8#7EFFFF7EFFFFFFFF
(1785789743.915857) can0 1CECFFF1#20120003FF19F000
(1785789743.916837) can0 1CEBFFF1#0127100000000000
(1785789743.917607) can0 1CEBFFF1#0200000000000000
(1785789743.918597) can0 1CEBFFF1#03FFEA6935FFFFFF
(1785789743.937164) can0 18FF09D1#01000A00D5D4E5
(1785789743.944833) can0 18F015F1#0000463947804559
(1785789743.978021) can0 18FEF1F8#FF0000FFFFFFFFFF
(1785789743.979203) can0 18F005F8#7EFFFF7EFFFFFFFF
(1785789744.015672) can0 1CECFFF1#20120003FF19F000
(1785789744.016586) can0 1CEBFFF1#0127100000000000
(1785789744.017600) can0 1CEBFFF1#0200000000000000
(1785789744.018572) can0 1CEBFFF1#03FFEA6935FFFFFF
(1785789744.036838) can0 18FF09D1#01000A00D5D4E5
(1785789744.044586) can0 18F015F1#0000463947804559
(1785789744.078043) can0 18FEF1F8#FF0000FFFFFFFFFF
(1785789744.079242) can0 18F005F8#7EFFFF7EFFFFFFFF
(1785789744.115627) can0 1CECFFF1#20120003FF19F000
(1785789744.116596) can0 1CEBFFF1#0127100000000000
(1785789744.117599) can0 1CEBFFF1#0200000000000000
(1785789744.118583) can0 1CEBFFF1#03FFEA6935FFFFFF
(1785789744.136808) can0 18FF09D1#01000A00D5D4E5
(1785789744.144577) can0 18F015F1#0000463947804558
(1785789744.178079) can0 18FEF1F8#FF0000FFFFFFFFFF
(1785789744.179282) can0 18F005F8#7EFFFF7EFFFFFFFF
(1785789744.215678) can0 1CECFFF1#20120003FF19F000
(1785789744.216585) can0 1CEBFFF1#0127100000000000
(1785789744.217596) can0 1CEBFFF1#0200000000000000
(1785789744.218575) can0 1CEBFFF1#03FFEA6935FFFFFF
(1785789744.237368) can0 18FF09D1#01000A00D5D4E5
(1785789744.237799) can0 18FF14D1#
(1785789744.245713) can0 18F015F1#0000463947804559
(1785789744.278094) can0 18FEF1F8#FF0000FFFFFFFFFF
(1785789744.279266) can0 18F005F8#7EFFFF7EFFFFFFFF
(1785789744.315597) can0 1CECFFF1#20120003FF19F000
(1785789744.316583) can0 1CEBFFF1#0127100000000000
(1785789744.317588) can0 1CEBFFF1#0200000000000000
(1785789744.318570) can0 1CEBFFF1#03FFEA6935FFFFFF
(1785789744.336825) can0 18FF09D1#01000A00D5B3E5
(1785789744.344653) can0 18F015F1#0000463947804559
(1785789744.378082) can0 18FEF1F8#FF0000FFFFFFFFFF
(1785789744.379415) can0 18F005F8#7EFFFF7EFFFFFFFF
(1785789744.415616) can0 1CECFFF1#20120003FF19F000
(1785789744.416609) can0 1CEBFFF1#0127100000000000
(1785789744.417614) can0 1CEBFFF1#0200000000000000
(1785789744.418596) can0 1CEBFFF1#03FFEA6935FFFFFF
(1785789744.437199) can0 18FF09D1#01000A00D5B3E5
(1785789744.444601) can0 18F015F1#0000463947804558
(1785789744.478097) can0 18FEF1F8#FF0000FFFFFFFFFF
(1785789744.479294) can0 18F005F8#7EFFFF7EFFFFFFFF
(1785789744.515678) can0 1CECFFF1#20120003FF19F000
(1785789744.516607) can0 1CEBFFF1#0127100000000000
(1785789744.517616) can0 1CEBFFF1#0200000000000000
(1785789744.518609) can0 1CEBFFF1#03FFEA6935FFFFFF
(1785789744.536969) can0 18FF09D1#01000A00D5B3E5
(1785789744.544721) can0 18F015F1#0000463947804559
(1785789744.578316) can0 18FEF1F8#FF0000FFFFFFFFFF
(1785789744.579594) can0 18F005F8#7EFFFF7EFFFFFFFF
(1785789744.616675) can0 1CECFFF1#20120003FF19F000
(1785789744.617612) can0 1CEBFFF1#0127100000000000
(1785789744.618680) can0 1CEBFFF1#0200000000000000
(1785789744.619973) can0 1CEBFFF1#03FFE96875FFFFFF
(1785789744.637373) can0 18FF09D1#01000A00D5B3E5
(1785789744.645649) can0 18F015F1#0000463947804559
(1785789744.678757) can0 18FEF1F8#FF0000FFFFFFFFFF
(1785789744.680097) can0 18F005F8#7EFFFF7EFFFFFFFF
(1785789744.716744) can0 1CECFFF1#20120003FF19F000
(1785789744.717608) can0 1CEBFFF1#0127100000000000
(1785789744.718601) can0 1CEBFFF1#0200000000000000
(1785789744.719587) can0 1CEBFFF1#03FFEA6935FFFFFF
(1785789744.736914) can0 18FF09D1#01000A00D5B3E5
(1785789744.737227) can0 18FF14D1#
(1785789744.745580) can0 18F015F1#0000463947804559
(1785789744.755504) can0 18F017F1#FBAAFE449CB4
(1785789744.755988) can0 18F018F1#F52FF53591E4
(1785789744.778034) can0 18FEF1F8#FF0000FFFFFFFFFF
(1785789744.779220) can0 18F005F8#7EFFFF7EFFFFFFFF
(1785789744.816633) can0 1CECFFF1#20120003FF19F000
(1785789744.817595) can0 1CEBFFF1#0127100000000000
(1785789744.818596) can0 1CEBFFF1#0200000000000000
(1785789744.819576) can0 1CEBFFF1#03FFEA6935FFFFFF
(1785789744.836797) can0 18FF09D1#01000A00D570E5
(1785789744.845574) can0 18F015F1#0000463847804559
(1785789744.878055) can0 18FEF1F8#FF0000FFFFFFFFFF
(1785789744.879218) can0 18F005F8#7EFFFF7EFFFFFFFF
(1785789744.916688) can0 1CECFFF1#20120003FF19F000
(1785789744.917613) can0 1CEBFFF1#0127100000000000
(1785789744.918622) can0 1CEBFFF1#0200000000000000
(1785789744.919600) can0 1CEBFFF1#03FFE96875FFFFFF
(1785789744.937300) can0 18FF09D1#01000A00D570E5
(1785789744.945732) can0 18F015F1#0000463847804558
(1785789744.978089) can0 18FEF1F8#FF0000FFFFFFFFFF
(1785789744.979245) can0 18F005F8#7EFFFF7EFFFFFFFF
(1785789745.016833) can0 1CECFFF1#20120003FF19F000
(1785789745.017610) can0 1CEBFFF1#0127100000000000
(1785789745.018609) can0 1CEBFFF1#0200000000000000
(1785789745.019584) can0 1CEBFFF1#03FFE96875FFFFFF
(1785789745.036868) can0 18FF09D1#01000A00D570E5
(1785789745.045635) can0 18F015F1#0000463847804558
(1785789745.078076) can0 18FEF1F8#FF0000FFFFFFFFFF
(1785789745.079249) can0 18F005F8#7EFFFF7EFFFFFFFF
(1785789745.116636) can0 1CECFFF1#20120003FF19F000
(1785789745.117599) can0 1CEBFFF1#0127100000000000
(1785789745.118609) can0 1CEBFFF1#0200000000000000
(1785789745.119592) can0 1CEBFFF1#03FFE96875FFFFFF
(1785789745.136791) can0 18FF09D1#01000A00D570E5
(1785789745.145580) can0 18F015F1#0000463847804559
(1785789745.178082) can0 18FEF1F8#FF0000FFFFFFFFFF
(1785789745.179233) can0 18F005F8#7EFFFF7EFFFFFFFF
(1785789745.217025) can0 1CECFFF1#20120003FF19F000
(1785789745.217688) can0 1CEBFFF1#0127100000000000
(1785789745.218606) can0 1CEBFFF1#0200000000000000
(1785789745.219582) can0 1CEBFFF1#03FFE96875FFFFFF
(1785789745.237056) can0 18FF09D1#01000A00D570E5
(1785789745.237384) can0 18FF14D1#
(1785789745.246689) can0 18F015F1#0000463847804558
(1785789745.278647) can0 18FEF1F8#FF0000FFFFFFFFFF
(1785789745.280207) can0 18F005F8#7EFFFF7EFFFFFFFF
(1785789745.317617) can0 1CECFFF1#20120003FF19F000
(1785789745.318596) can0 1CEBFFF1#0127100000000000
(1785789745.319591) can0 1CEBFFF1#0200000000000000
(1785789745.320579) can0 1CEBFFF1#03FFE96875FFFFFF
(1785789745.336765) can0 18FF09D1#01000A00D570E5
(1785789745.346608) can0 18F015F1#0000463847814558
(1785789745.378072) can0 18FEF1F8#FF0000FFFFFFFFFF
(1785789745.379269) can0 18F005F8#7EFFFF7EFFFFFFFF
(1785789745.417652) can0 1CECFFF1#20120003FF19F000
(1785789745.418606) can0 1CEBFFF1#0127100000000000
(1785789745.419623) can0 1CEBFFF1#0200000000000000
(1785789745.420599) can0 1CEBFFF1#03FFE96875FFFFFF
(1785789745.436770) can0 18FF09D1#01000A00D570E5
(1785789745.446583) can0 18F015F1#0000463847804559
(1785789745.478026) can0 18FEF1F8#FF0000FFFFFFFFFF
(1785789745.479219) can0 18F005F8#7EFFFF7EFFFFFFFF
(1785789745.517621) can0 1CECFFF1#20120003FF19F000
(1785789745.518609) can0 1CEBFFF1#0127100000000000
(1785789745.519616) can0 1CEBFFF1#0200000000000000
(1785789745.520583) can0 1CEBFFF1#03FFE96875FFFFFF
(1785789745.536902) can0 18FF09D1#01000A00D570E5
(1785789745.546657) can0 18F015F1#0000463847804558
(1785789745.578166) can0 18FEF1F8#FF0000FFFFFFFFFF
(1785789745.579337) can0 18F005F8#7EFFFF7EFFFFFFFF
(1785789745.617646) can0 1CECFFF1#20120003FF19F000
(1785789745.618726) can0 1CEBFFF1#0127100000000000
(1785789745.619677) can0 1CEBFFF1#0200000000000000
(1785789745.620641) can0 1CEBFFF1#03FFE96875FFFFFF
(1785789745.636791) can0 18FF09D1#01000A00D570E5
(1785789745.646584) can0 18F015F1#0000463847814558
(1785789745.678716) can0 18FEF1F8#FF0000FFFFFFFFFF
(1785789745.679850) can0 18F005F8#7EFFFF7EFFFFFFFF
(1785789745.717662) can0 1CECFFF1#20120003FF19F000
(1785789745.718601) can0 1CEBFFF1#0127100000000000
(1785789745.719602) can0 1CEBFFF1#0200000000000000
(1785789745.720582) can0 1CEBFFF1#03FFE96875FFFFFF
(1785789745.736845) can0 18FF09D1#01000A00D570E5
(1785789745.737111) can0 18FF14D1#
(1785789745.747584) can0 18F015F1#0000463847804558
(1785789745.756514) can0 18F017F1#FA11FE129F4A
(1785789745.756974) can0 18F018F1#F531F52D9146
(1785789745.778064) can0 18FEF1F8#FF0000FFFFFFFFFF
(1785789745.779283) can0 18F005F8#7EFFFF7EFFFFFFFF
(1785789745.817668) can0 1CECFFF1#20120003FF19F000
(1785789745.818599) can0 1CEBFFF1#0127100000000000
(1785789745.819600) can0 1CEBFFF1#0200000000000000
(1785789745.820581) can0 1CEBFFF1#03FFE96875FFFFFF
(1785789745.836748) can0 18FF09D1#01000A00D570E5
(1785789745.846580) can0 18F015F1#0000463847804558
(1785789745.878082) can0 18FEF1F8#FF0000FFFFFFFFFF
(1785789745.879286) can0 18F005F8#7EFFFF7EFFFFFFFF
(1785789745.926045) can0 1CECFFF1#20120003FF19F000
(1785789745.926425) can0 1CEBFFF1#03FFE96875FFFFFF
(1785789745.926609) can0 1CEBFFF1#0127100000000000
(1785789745.936847) can0 18FF09D1#01000A00D570E5
(1785789745.947733) can0 18F015F1#0000463847814559
(1785789745.978285) can0 18FEF1F8#FF0000FFFFFFFFFF
(1785789745.979462) can0 18F005F8#7EFFFF7EFFFFFFFF
(1785789746.017688) can0 1CECFFF1#20120003FF19F000
(1785789746.018600) can0 1CEBFFF1#0127100000000000
(1785789746.019770) can0 1CEBFFF1#0200000000000000
(1785789746.020602) can0 1CEBFFF1#03FFE96875FFFFFF
(1785789746.036795) can0 18FF09D1#01000A00D570E5
(1785789746.046601) can0 18F015F1#0000463847804559
(1785789746.078064) can0 18FEF1F8#FF0000FFFFFFFFFF
(1785789746.079276) can0 18F005F8#7EFFFF7EFFFFFFFF
(1785789746.118645) can0 1CECFFF1#20120003FF19F000
(1785789746.119613) can0 1CEBFFF1#0127100000000000
(1785789746.120622) can0 1CEBFFF1#0200000000000000
(1785789746.121601) can0 1CEBFFF1#03FFE96875FFFFFF
(1785789746.136768) can0 18FF09D1#01000A00D570E5
(1785789746.147595) can0 18F015F1#0000463847804559
(1785789746.178078) can0 18FEF1F8#FF0000FFFFFFFFFF
(1785789746.179236) can0 18F005F8#7EFFFF7EFFFFFFFF
(1785789746.218746) can0 1CECFFF1#20120003FF19F000
(1785789746.219605) can0 1CEBFFF1#0127100000000000
(1785789746.220615) can0 1CEBFFF1#0200000000000000
(1785789746.221629) can0 1CEBFFF1#03FFE96875FFFFFF
(1785789746.236958) can0 18FF09D1#01000A00D570E5
(1785789746.237244) can0 18FF14D1#
(1785789746.248764) can0 18F015F1#0000463847814559
(1785789746.278304) can0 18FEF1F8#FF0000FFFFFFFFFF
(1785789746.279778) can0 18F005F8#7EFFFF7EFFFFFFFF
(1785789746.318698) can0 1CECFFF1#20120003FF19F000
(1785789746.319604) can0 1CEBFFF1#0127100000000000
(1785789746.320628) can0 1CEBFFF1#0200000000000000
(1785789746.321594) can0 1CEBFFF1#03FFE96875FFFFFF
(1785789746.337072) can0 18FF09D1#01000A00D570E5
(1785789746.347994) can0 18F015F1#0000463847804559
(1785789746.378093) can0 18FEF1F8#FF0000FFFFFFFFFF
(1785789746.379301) can0 18F005F8#7EFFFF7EFFFFFFFF
(1785789746.418660) can0 1CECFFF1#20120003FF19F000
(1785789746.419616) can0 1CEBFFF1#0127100000000000
(1785789746.420626) can0 1CEBFFF1#0200000000000000
(1785789746.421603) can0 1CEBFFF1#03FFE96875FFFFFF
(1785789746.436770) can0 18FF09D1#01000A00D570E5
(1785789746.447602) can0 18F015F1#0000463847804559
(1785789746.478050) can0 18FEF1F8#FF0000FFFFFFFFFF
(1785789746.479207) can0 18F005F8#7EFFFF7EFFFFFFFF
(1785789746.518639) can0 1CECFFF1#20120003FF19F000
(1785789746.519613) can0 1CEBFFF1#0127100000000000
(1785789746.520626) can0 1CEBFFF1#0200000000000000
(1785789746.521606) can0 1CEBFFF1#03FFE96875FFFFFF
(1785789746.536794) can0 18FF09D1#01000A00D570E5
(1785789746.547812) can0 18F015F1#0000463847814558
(1785789746.578235) can0 18FEF1F8#FF0000FFFFFFFFFF
(1785789746.579509) can0 18F005F8#7EFFFF7EFFFFFFFF
(1785789746.618773) can0 1CECFFF1#20120003FF19F000
(1785789746.619610) can0 1CEBFFF1#0127100000000000
(1785789746.620608) can0 1CEBFFF1#0200000000000000
(1785789746.621698) can0 1CEBFFF1#03FFE96875FFFFFF
(1785789746.637133) can0 18FF09D1#01000A00D570E5
(1785789746.647642) can0 18F015F1#0000463847804558
(1785789746.678331) can0 18FEF1F8#FF0000FFFFFFFFFF
(1785789746.679609) can0 18F005F8#7EFFFF7EFFFFFFFF
(1785789746.719672) can0 1CECFFF1#20120003FF19F000
(1785789746.720618) can0 1CEBFFF1#0127100000000000
(1785789746.721637) can0 1CEBFFF1#0200000000000000
(1785789746.722602) can0 1CEBFFF1#03FFE96875FFFFFF
(1785789746.737001) can0 18FF09D1#01000A00D570E5
(1785789746.737564) can0 18FF14D1#
(1785789746.748639) can0 18F015F1#0000463847804559
(1785789746.757533) can0 18F017F1#FA11FE129F4A
(1785789746.757979) can0 18F018F1#F531F52D9146
(1785789746.778085) can0 18FEF1F8#FF0000FFFFFFFFFF
(1785789746.779297) can0 18F005F8#7EFFFF7EFFFFFFFF
(1785789746.819699) can0 1CECFFF1#20120003FF19F000
(1785789746.820613) can0 1CEBFFF1#0127100000000000
(1785789746.821623) can0 1CEBFFF1#0200000000000000
(1785789746.822596) can0 1CEBFFF1#03FFE96875FFFFFF
(1785789746.836761) can0 18FF09D1#01000A00D5D4E5
(1785789746.848613) can0 18F015F1#0000463847804559
(1785789746.878057) can0 18FEF1F8#FF0000FFFFFFFFFF
(1785789746.879239) can0 18F005F8#7EFFFF7EFFFFFFFF
(1785789746.919737) can0 1CECFFF1#20120003FF19F000
(1785789746.920631) can0 1CEBFFF1#0127100000000000
(1785789746.921641) can0 1CEBFFF1#0200000000000000
(1785789746.922616) can0 1CEBFFF1#03FFE96875FFFFFF
(1785789746.936857) can0 18FF09D1#01000A00D5D4E5
(1785789746.948873) can0 18F015F1#0000463847804558
(1785789746.979352) can0 18FEF1F8#FF0000FFFFFFFFFF
(1785789746.980856) can0 18F005F8#7EFFFF7EFFFFFFFF
(1785789747.019858) can0 1CECFFF1#20120003FF19F000
(1785789747.020833) can0 1CEBFFF1#0127100000000000
(1785789747.021950) can0 1CEBFFF1#0200000000000000
(1785789747.022649) can0 1CEBFFF1#03FFE96875FFFFFF
(1785789747.036834) can0 18FF09D1#01000A00D5D4E5
(1785789747.048780) can0 18F015F1#0000463847804558
(1785789747.078105) can0 18FEF1F8#FF0000FFFFFFFFFF
(1785789747.079367) can0 18F005F8#7EFFFF7EFFFFFFFF
(1785789747.119662) can0 1CECFFF1#20120003FF19F000
(1785789747.120618) can0 1CEBFFF1#0127100000000000
(1785789747.121624) can0 1CEBFFF1#0200000000000000
(1785789747.122604) can0 1CEBFFF1#03FFE96875FFFFFF
(1785789747.137071) can0 18FF09D1#01000A00D5D4E5
(1785789747.148604) can0 18F015F1#0000463747814559
(1785789747.178089) can0 18FEF1F8#FF0000FFFFFFFFFF
(1785789747.179294) can0 18F005F8#7EFFFF7EFFFFFFFF
(1785789747.219710) can0 1CECFFF1#20120003FF19F000
(1785789747.220623) can0 1CEBFFF1#0127100000000000
(1785789747.221641) can0 1CEBFFF1#0200000000000000
(1785789747.222619) can0 1CEBFFF1#03FFE8A8B4FFFFFF
(1785789747.236947) can0 18FF09D1#01000A00D570E5
(1785789747.237495) can0 18FF14D1#
(1785789747.249700) can0 18F015F1#0000463847804558
(1785789747.279008) can0 18FEF1F8#FF0000FFFFFFFFFF
(1785789747.280728) can0 18F005F8#7EFFFF7EFFFFFFFF
(1785789747.319647) can0 1CECFFF1#20120003FF19F000
(1785789747.320603) can0 1CEBFFF1#0127100000000000
(1785789747.321611) can0 1CEBFFF1#0200000000000000
(1785789747.322594) can0 1CEBFFF1#03FFE8A8B4FFFFFF
(1785789747.336698) can0 18FF09D1#01000A00D570E5
(1785789747.348588) can0 18F015F1#0000463847804558
(1785789747.378082) can0 18FEF1F8#FF0000FFFFFFFFFF
(1785789747.379228) can0 18F005F8#7EFFFF7EFFFFFFFF
(1785789747.419659) can0 1CECFFF1#20120003FF19F000
(1785789747.420613) can0 1CEBFFF1#0127100000000000
(1785789747.421619) can0 1CEBFFF1#0200000000000000
(1785789747.422597) can0 1CEBFFF1#03FFE96875FFFFFF
(1785789747.436719) can0 18FF09D1#01000A00D570E5
(1785789747.448601) can0 18F015F1#0000463747804559
(1785789747.478011) can0 18FEF1F8#FF0000FFFFFFFFFF
(1785789747.479141) can0 18F005F8#7EFFFF7EFFFFFFFF
(1785789747.520642) can0 1CECFFF1#20120003FF19F000
(1785789747.521625) can0 1CEBFFF1#0127100000000000
(1785789747.522640) can0 1CEBFFF1#0200000000000000
(1785789747.523617) can0 1CEBFFF1#03FFE8A8B4FFFFFF
(1785789747.536771) can0 18FF09D1#01000A00D570E5
(1785789747.549748) can0 18F015F1#0000463747804559
(1785789747.578345) can0 18FEF1F8#FF0000FFFFFFFFFF
(1785789747.579607) can0 18F005F8#7EFFFF7EFFFFFFFF
(1785789747.620769) can0 1CECFFF1#20120003FF19F000
(1785789747.621626) can0 1CEBFFF1#0127100000000000
(1785789747.622614) can0 1CEBFFF1#0200000000000000
(1785789747.623607) can0 1CEBFFF1#03FFE8A8B4FFFFFF
(1785789747.636736) can0 18FF09D1#01000A00D570E5
(1785789747.649602) can0 18F015F1#0000463747804558
(1785789747.678143) can0 18FEF1F8#FF0000FFFFFFFFFF
(1785789747.679410) can0 18F005F8#7EFFFF7EFFFFFFFF
(1785789747.720671) can0 1CECFFF1#20120003FF19F000
(1785789747.721612) can0 1CEBFFF1#0127100000000000
(1785789747.722622) can0 1CEBFFF1#0200000000000000
(1785789747.723604) can0 1CEBFFF1#03FFE8A8B4FFFFFF
(1785789747.736793) can0 18FF09D1#01000A00D570E5
(1785789747.737086) can0 18FF14D1#
(1785789747.749602) can0 18F015F1#0000463747804559
(1785789747.759529) can0 18F017F1#FA7DFEB59C1C
(1785789747.759991) can0 18F018F1#F4AEF573923B
(1785789747.778050) can0 18FEF1F8#FF0000FFFFFFFFFF
(1785789747.779259) can0 18F005F8#7EFFFF7EFFFFFFFF
(1785789747.820646) can0 1CECFFF1#20120003FF19F000
(1785789747.821625) can0 1CEBFFF1#0127100000000000
(1785789747.822636) can0 1CEBFFF1#0200000000000000
(1785789747.823617) can0 1CEBFFF1#03FFE8A8B4FFFFFF
(1785789747.836701) can0 18FF09D1#01000A00D570E5
(1785789747.849607) can0 18F015F1#0000463747804559
(1785789747.878097) can0 18FEF1F8#FF0000FFFFFFFFFF
(1785789747.879339) can0 18F005F8#7EFFFF7EFFFFFFFF
(1785789747.920826) can0 1CECFFF1#20120003FF19F000
(1785789747.921667) can0 1CEBFFF1#0127100000000000
(1785789747.922677) can0 1CEBFFF1#0200000000000000
(1785789747.923661) can0 1CEBFFF1#03FFE8A8B4FFFFFF
(1785789747.936966) can0 18FF09D1#01000A00D570E5
(1785789747.949819) can0 18F015F1#0000463747804558
(1785789747.979832) can0 18FEF1F8#FF0000FFFFFFFFFF
(1785789747.981016) can0 18F005F8#7EFFFF7EFFFFFFFF
(1785789748.020699) can0 1CECFFF1#20120003FF19F000
(1785789748.021616) can0 1CEBFFF1#0127100000000000
(1785789748.022632) can0 1CEBFFF1#0200000000000000
(1785789748.023601) can0 1CEBFFF1#03FFE8A8B4FFFFFF
(1785789748.037109) can0 18FF09D1#01000A00D570E5
(1785789748.049627) can0 18F015F1#0000463747804559
(1785789748.078074) can0 18FEF1F8#FF0000FFFFFFFFFF
(1785789748.079305) can0 18F005F8#7EFFFF7EFFFFFFFF
(1785789748.120670) can0 1CECFFF1#20120003FF19F000
(1785789748.121621) can0 1CEBFFF1#0127100000000000
(1785789748.122629) can0 1CEBFFF1#0200000000000000
(1785789748.123613) can0 1CEBFFF1#03FFE8A8B4FFFFFF
(1785789748.136684) can0 18FF09D1#01000A00D570E5
(1785789748.149608) can0 18F015F1#0000463747804559
(1785789748.178057) can0 18FEF1F8#FF0000FFFFFFFFFF
(1785789748.179233) can0 18F005F8#7EFFFF7EFFFFFFFF
(1785789748.221775) can0 1CECFFF1#20120003FF19F000
(1785789748.222638) can0 1CEBFFF1#0127100000000000
(1785789748.223650) can0 1CEBFFF1#0200000000000000
(1785789748.224622) can0 1CEBFFF1#03FFE8A8B4FFFFFF
(1785789748.236958) can0 18FF09D1#01000A00D570E5
(1785789748.238112) can0 18FF14D1#
(1785789748.250687) can0 18F015F1#0000463747804559
(1785789748.278315) can0 18FEF1F8#FF0000FFFFFFFFFF
(1785789748.279812) can0 18F005F8#7EFFFF7EFFFFFFFF
(1785789748.321639) can0 1CECFFF1#20120003FF19F000
(1785789748.322612) can0 1CEBFFF1#0127100000000000
(1785789748.323627) can0 1CEBFFF1#0200000000000000
(1785789748.324610) can0 1CEBFFF1#03FFE8A8B4FFFFFF
(1785789748.336697) can0 18FF09D1#01000A00D570E5
(1785789748.350619) can0 18F015F1#0000463747804559
(1785789748.378063) can0 18FEF1F8#FF0000FFFFFFFFFF
(1785789748.379348) can0 18F005F8#7EFFFF7EFFFFFFFF
(1785789748.421670) can0 1CECFFF1#20120003FF19F000
(1785789748.422616) can0 1CEBFFF1#0127100000000000
(1785789748.423623) can0 1CEBFFF1#0200000000000000
(1785789748.424606) can0 1CEBFFF1#03FFE8A8B4FFFFFF
(1785789748.436692) can0 18FF09D1#01000A00D570E5
(1785789748.450607) can0 18F015F1#0000463747804559
(1785789748.478027) can0 18FEF1F8#FF0000FFFFFFFFFF
(1785789748.479161) can0 18F005F8#7EFFFF7EFFFFFFFF
(1785789748.521656) can0 1CECFFF1#20120003FF19F000
(1785789748.522629) can0 1CEBFFF1#0127100000000000
(1785789748.523648) can0 1CEBFFF1#0200000000000000
(1785789748.524626) can0 1CEBFFF1#03FFE8A8B4FFFFFF
(1785789748.536676) can0 18FF09D1#01000A00D570E5
(1785789748.550615) can0 18F015F1#0000463747804559
(1785789748.578304) can0 18FEF1F8#FF0000FFFFFFFFFF
(1785789748.579592) can0 18F005F8#7EFFFF7EFFFFFFFF
(1785789748.621861) can0 1CECFFF1#20120003FF19F000
(1785789748.622631) can0 1CEBFFF1#0127100000000000
(1785789748.623719) can0 1CEBFFF1#0200000000000000
(1785789748.624663) can0 1CEBFFF1#03FFE8A8B4FFFFFF
(1785789748.637106) can0 18FF09D1#01000A00D570E5
(1785789748.650789) can0 18F015F1#0000463747804559
(1785789748.678168) can0 18FEF1F8#FF0000FFFFFFFFFF
(1785789748.679349) can0 18F005F8#7EFFFF7EFFFFFFFF
(1785789748.721691) can0 1CECFFF1#20120003FF19F000
(1785789748.722615) can0 1CEBFFF1#0127100000000000
(1785789748.723625) can0 1CEBFFF1#0200000000000000
(1785789748.724607) can0 1CEBFFF1#03FFE8A8B4FFFFFF
(1785789748.736875) can0 18FF09D1#01000A00D570E5
(1785789748.737160) can0 18FF14D1#
(1785789748.751623) can0 18F015F1#0000463747804559
(1785789748.760546) can0 18F017F1#FA7DFEB59C1C
(1785789748.760999) can0 18F018F1#F4AEF573923B
(1785789748.778045) can0 18FEF1F8#FF0000FFFFFFFFFF
(1785789748.779196) can0 18F005F8#7EFFFF7EFFFFFFFF
(1785789748.822682) can0 1CECFFF1#20120003FF19F000
(1785789748.823627) can0 1CEBFFF1#0127100000000000
(1785789748.824636) can0 1CEBFFF1#0200000000000000
(1785789748.825622) can0 1CEBFFF1#03FFE8A8B4FFFFFF
(1785789748.836696) can0 18FF09D1#01000A00D570E5
(1785789748.850648) can0 18F015F1#0000463747814559
(1785789748.878093) can0 18FEF1F8#FF0000FFFFFFFFFF
(1785789748.879305) can0 18F005F8#7EFFFF7EFFFFFFFF
(1785789748.921876) can0 1CECFFF1#20120003FF19F000
(1785789748.927091) can0 1CEBFFF1#0127100000000000
(1785789748.927365) can0 1CEBFFF1#0200000000000000
(1785789748.930932) can0 1CEBFFF1#03FFE8A8B4FFFFFF
(1785789748.936939) can0 18FF09D1#01000A00D570E5
(1785789748.950766) can0 18F015F1#0000463747804559
(1785789748.978217) can0 18FEF1F8#FF0000FFFFFFFFFF
(1785789748.979394) can0 18F005F8#7EFFFF7EFFFFFFFF
(1785789749.022677) can0 1CECFFF1#20120003FF19F000
(1785789749.023619) can0 1CEBFFF1#0127100000000000
(1785789749.024633) can0 1CEBFFF1#0200000000000000
(1785789749.025615) can0 1CEBFFF1#03FFE8A8B4FFFFFF
(1785789749.037836) can0 18FF09D1#01000A00D570E5
(1785789749.051691) can0 18F015F1#0000463747804559
(1785789749.078147) can0 18FEF1F8#FF0000FFFFFFFFFF
(1785789749.079431) can0 18F005F8#7EFFFF7EFFFFFFFF
(1785789749.122679) can0 1CECFFF1#20120003FF19F000
(1785789749.123628) can0 1CEBFFF1#0127100000000000
(1785789749.124638) can0 1CEBFFF1#0200000000000000
(1785789749.125619) can0 1CEBFFF1#03FFE8A8B4FFFFFF
(1785789749.137078) can0 18FF09D1#01000A00D570E5
(1785789749.151639) can0 18F015F1#0000463747804559
(1785789749.178072) can0 18FEF1F8#FF0000FFFFFFFFFF
(1785789749.179274) can0 18F005F8#7EFFFF7EFFFFFFFF
(1785789749.224227) can0 1CECFFF1#20120003FF19F000
(1785789749.224520) can0 1CEBFFF1#0127100000000000
(1785789749.224778) can0 1CEBFFF1#0200000000000000
(1785789749.225629) can0 1CEBFFF1#03FFE8A8B4FFFFFF
(1785789749.236907) can0 18FF09D1#01000A00D570E5
(1785789749.237354) can0 18FF14D1#
(1785789749.251687) can0 18F015F1#0000463747804558
(1785789749.278396) can0 18FEF1F8#FF0000FFFFFFFFFF
(1785789749.279613) can0 18F005F8#7EFFFF7EFFFFFFFF
(1785789749.322790) can0 1CECFFF1#20120003FF19F000
(1785789749.323664) can0 1CEBFFF1#0127100000000000
(1785789749.324637) can0 1CEBFFF1#0200000000000000
(1785789749.325613) can0 1CEBFFF1#03FFE8A8B4FFFFFF
(1785789749.336724) can0 18FF09D1#01000A00D538E6
(1785789749.351636) can0 18F015F1#0000463747804559
(1785789749.378038) can0 18FEF1F8#FF0000FFFFFFFFFF
(1785789749.379176) can0 18F005F8#7EFFFF7EFFFFFFFF
(1785789749.422689) can0 1CECFFF1#20120003FF19F000
(1785789749.423638) can0 1CEBFFF1#0127100000000000
(1785789749.424657) can0 1CEBFFF1#0200000000000000
(1785789749.425630) can0 1CEBFFF1#03FFE8A8B4FFFFFF
(1785789749.436662) can0 18FF09D1#01000A00D538E6
(1785789749.451636) can0 18F015F1#0000463747814559
(1785789749.478050) can0 18FEF1F8#FF0000FFFFFFFFFF
(1785789749.479209) can0 18F005F8#7EFFFF7EFFFFFFFF
(1785789749.522661) can0 1CECFFF1#20120003FF19F000
(1785789749.523637) can0 1CEBFFF1#0127100000000000
(1785789749.524649) can0 1CEBFFF1#0200000000000000
(1785789749.525669) can0 1CEBFFF1#03FFE8A8B4FFFFFF
(1785789749.536656) can0 18FF09D1#01000A00D538E6
(1785789749.551812) can0 18F015F1#0000463747804559
(1785789749.578260) can0 18FEF1F8#FF0000FFFFFFFFFF
(1785789749.579558) can0 18F005F8#7EFFFF7EFFFFFFFF
(1785789749.624004) can0 1CECFFF1#20120003FF19F000
(1785789749.624823) can0 1CEBFFF1#0127100000000000
(1785789749.625658) can0 1CEBFFF1#0200000000000000
(1785789749.626742) can0 1CEBFFF1#03FFE8A8B4FFFFFF
(1785789749.636705) can0 18FF09D1#01000A00D538E6
(1785789749.652759) can0 18F015F1#0000463747804559
(1785789749.678103) can0 18FEF1F8#FF0000FFFFFFFFFF
(1785789749.679254) can0 18F005F8#7EFFFF7EFFFFFFFF
(1785789749.723709) can0 1CECFFF1#20120003FF19F000
(1785789749.724630) can0 1CEBFFF1#0127100000000000
(1785789749.725633) can0 1CEBFFF1#0200000000000000
(1785789749.726739) can0 1CEBFFF1#03FFE8A8B4FFFFFF
(1785789749.737100) can0 18FF09D1#01000A00D538E6
(1785789749.737385) can0 18FF14D1#
(1785789749.752624) can0 18F015F1#0000463747814559
(1785789749.762546) can0 18F017F1#FB69FF0A9F2D
(1785789749.763003) can0 18F018F1#F589F5AD8FEA
(1785789749.778045) can0 18FEF1F8#FF0000FFFFFFFFFF
(1785789749.779260) can0 18F005F8#7EFFFF7EFFFFFFFF
(1785789749.823667) can0 1CECFFF1#20120003FF19F000
(1785789749.824636) can0 1CEBFFF1#0127100000000000
(1785789749.825649) can0 1CEBFFF1#0200000000000000
(1785789749.826643) can0 1CEBFFF1#03FFE8A8B4FFFFFF
(1785789749.836633) can0 18FF09D1#01000A00D538E6
(1785789749.852637) can0 18F015F1#0000463747814559
(1785789749.878049) can0 18FEF1F8#FF0000FFFFFFFFFF
(1785789749.879214) can0 18F005F8#7EFFFF7EFFFFFFFF
(1785789749.923738) can0 1CECFFF1#20120003FF19F000
(1785789749.924649) can0 1CEBFFF1#0127100000000000
(1785789749.925669) can0 1CEBFFF1#0200000000000000
(1785789749.926651) can0 1CEBFFF1#03FFE8A8B4FFFFFF
(1785789749.936754) can0 18FF09D1#01000A00D538E6
(1785789749.953014) can0 18F015F1#0000463747804559
(1785789749.978386) can0 18FEF1F8#FF0000FFFFFFFFFF
(1785789749.979657) can0 18F005F8#7EFFFF7EFFFFFFFF
(1785789750.023669) can0 1CECFFF1#20120003FF19F000
(1785789750.024623) can0 1CEBFFF1#0127100000000000
(1785789750.025635) can0 1CEBFFF1#0200000000000000
(1785789750.026788) can0 1CEBFFF1#03FFE8A8B4FFFFFF
(1785789750.036642) can0 18FF09D1#01000A00D538E6
(1785789750.052644) can0 18F015F1#0000463747814559
(1785789750.078081) can0 18FEF1F8#FF0000FFFFFFFFFF
(1785789750.079274) can0 18F005F8#7EFFFF7EFFFFFFFF
(1785789750.123697) can0 1CECFFF1#20120003FF19F000
(1785789750.124645) can0 1CEBFFF1#0127100000000000
(1785789750.125658) can0 1CEBFFF1#0200000000000000
(1785789750.126640) can0 1CEBFFF1#03FFE8A8B4FFFFFF
(1785789750.136623) can0 18FF09D1#01000A00D538E6
(1785789750.152631) can0 18F015F1#0000463747814559
(1785789750.178070) can0 18FEF1F8#FF0000FFFFFFFFFF
(1785789750.179296) can0 18F005F8#7EFFFF7EFFFFFFFF
(1785789750.223699) can0 1CECFFF1#20120003FF19F000
(1785789750.224643) can0 1CEBFFF1#0127100000000000
(1785789750.225670) can0 1CEBFFF1#0200000000000000
(1785789750.229519) can0 1CEBFFF1#03FFE8A8B4FFFFFF
(1785789750.236792) can0 18FF09D1#01000A00D538E6
(1785789750.237072) can0 18FF14D1#
(1785789750.253750) can0 18F015F1#0000463747804559
(1785789750.278332) can0 18FEF1F8#FF0000FFFFFFFFFF
(1785789750.279537) can0 18F005F8#7EFFFF7EFFFFFFFF
(1785789750.323668) can0 1CECFFF1#20120003FF19F000
(1785789750.324627) can0 1CEBFFF1#0127100000000000
(1785789750.325638) can0 1CEBFFF1#0200000000000000
(1785789750.326749) can0 1CEBFFF1#03FFE8A8B4FFFFFF
(1785789750.336635) can0 18FF09D1#01000A00D538E6
(1785789750.352644) can0 18F015F1#00004637477F4559
(1785789750.378318) can0 18FEF1F8#FF0000FFFFFFFFFF
(1785789750.379514) can0 18F005F8#7EFFFF7EFFFFFFFF
(1785789750.424704) can0 1CECFFF1#20120003FF19F000
(1785789750.425651) can0 1CEBFFF1#0127100000000000
(1785789750.426669) can0 1CEBFFF1#0200000000000000
(1785789750.427644) can0 1CEBFFF1#03FFE8A8B4FFFFFF
(1785789750.436646) can0 18FF09D1#01000A00D538E6
(1785789750.453629) can0 18F015F1#00004637477E4558
(1785789750.478028) can0 18FEF1F8#FF0000FFFFFFFFFF
(1785789750.479226) can0 18F005F8#7EFFFF7EFFFFFFFF
(1785789750.524666) can0 1CECFFF1#20120003FF19F000
(1785789750.525651) can0 1CEBFFF1#0127100000000000
(1785789750.526660) can0 1CEBFFF1#0200000000000000
(1785789750.527643) can0 1CEBFFF1#03FFE8A8B4FFFFFF
(1785789750.536622) can0 18FF09D1#01000A00D538E6
(1785789750.553628) can0 18F015F1#00004637477E4558
(1785789750.578277) can0 18FEF1F8#FF0000FFFFFFFFFF
(1785789750.579527) can0 18F005F8#7EFFFF7EFFFFFFFF
(1785789750.624868) can0 1CECFFF1#20120003FF19F000
(1785789750.625715) can0 1CEBFFF1#0127100000000000
(1785789750.626985) can0 1CEBFFF1#0200000000000000
(1785789750.627711) can0 1CEBFFF1#03FFE7ACF4FFFFFF
(1785789750.636880) can0 18FF09D1#01000A00D538E6
(1785789750.653861) can0 18F015F1#00004636477E4558
(1785789750.678638) can0 18FEF1F8#FF0000FFFFFFFFFF
(1785789750.679871) can0 18F005F8#7EFFFF7EFFFFFFFF
(1785789750.724706) can0 1CECFFF1#20120003FF19F000
(1785789750.725646) can0 1CEBFFF1#0127100000000000
(1785789750.726670) can0 1CEBFFF1#0200000000000000
(1785789750.727635) can0 1CEBFFF1#03FFE7ACF4FFFFFF
(1785789750.736680) can0 18FF09D1#01000A00D538E6
(1785789750.736964) can0 18FF14D1#
(1785789750.754653) can0 18F015F1#00004636477F4557
(1785789750.763580) can0 18F017F1#FB69FF0A9F2D
(1785789750.764035) can0 18F018F1#F589F5AD8FEA
(1785789750.778043) can0 18FEF1F8#FF0000FFFFFFFFFF
(1785789750.779224) can0 18F005F8#7EFFFF7EFFFFFFFF
(1785789750.824717) can0 1CECFFF1#20120003FF19F000
(1785789750.825639) can0 1CEBFFF1#0127100000000000
(1785789750.826650) can0 1CEBFFF1#0200000000000000
(1785789750.827624) can0 1CEBFFF1#03FFE7ACF4FFFFFF
(1785789750.836629) can0 18FF09D1#01000A00D5D4E5
(1785789750.853642) can0 18F015F1#0000463647804556
(1785789750.878053) can0 18FEF1F8#FF8001FFFFFFFFFF
(1785789750.879224) can0 18F005F8#7EFFFF7EFFFFFFFF
(1785789750.924694) can0 1CECFFF1#20120003FF19F000
(1785789750.925648) can0 1CEBFFF1#0127100000002900
(1785789750.926659) can0 1CEBFFF1#02000000FFFFFFFE
(1785789750.927658) can0 1CEBFFF1#03FFE70F20FFFFFF
(1785789750.936740) can0 18FF09D1#01000A00D5D4E5
(1785789750.953833) can0 18F015F1#0000463647814556
(1785789750.978200) can0 18FEF1F8#FF9401FFFFFFFFFF
(1785789750.979398) can0 18F005F8#7EFFFF7EFFFFFFFF
(1785789751.024670) can0 1CECFFF1#20120003FF19F000
(1785789751.025634) can0 1CEBFFF1#0127100000005500
(1785789751.026733) can0 1CEBFFF1#02000000FFFFFFFC
(1785789751.027623) can0 1CEBFFF1#03FFE75E14FFFFFF
(1785789751.036751) can0 18FF09D1#01000A00D5D4E5
(1785789751.054137) can0 18F015F1#0000463647834556
(1785789751.078321) can0 18FEF1F8#FF9801FFFFFFFFFF
(1785789751.079709) can0 18F005F8#7EFFFF7EFFFFFFFF
(1785789751.125704) can0 1CECFFF1#20120003FF19F000
(1785789751.126691) can0 1CEBFFF1#0127100000008100
(1785789751.127674) can0 1CEBFFF1#02000000FFFFFFFA
(1785789751.128669) can0 1CEBFFF1#03FFE7AC49FFFFFF
(1785789751.136620) can0 18FF09D1#01000A00D5D4E5
(1785789751.154720) can0 18F015F1#0000463647844555
(1785789751.178089) can0 18FEF1F8#FF4402FFFFFFFFFF
(1785789751.179287) can0 18F005F8#7EFFFF7EFFFFFFFF
(1785789751.225724) can0 1CECFFF1#20120003FF19F000
(1785789751.226647) can0 1CEBFFF1#012710000000C000
(1785789751.227668) can0 1CEBFFF1#02000000FFFFFFF6
(1785789751.228669) can0 1CEBFFF1#03FFE89698FFFFFF
(1785789751.236814) can0 18FF09D1#01000A00D5D4E5
(1785789751.237082) can0 18FF14D1#
(1785789751.237446) can0 18FF16D1#01000A0064
(1785789751.254691) can0 18F015F1#0000463747864555
(1785789751.278171) can0 18FEF1F8#FF7002FFFFFFFFFF
(1785789751.279399) can0 18F005F8#7EFFFF7EFFFFFFFF
(1785789751.325828) can0 1CECFFF1#20120003FF19F000
(1785789751.326659) can0 1CEBFFF1#01271000000104FF
(1785789751.327668) can0 1CEBFFF1#02FFFFFFFFFFFFF2
(1785789751.328660) can0 1CEBFFF1#03FFE8ABFDFFFFFF
(1785789751.336585) can0 18FF09D1#01000A00D5D4E5
(1785789751.354632) can0 18F015F1#0000463747884554
(1785789751.378008) can0 18FEF1F8#FF7802FFFFFFFFFF
(1785789751.379161) can0 18F005F8#7EFFFF7EFFFFFFFF
(1785789751.425726) can0 1CECFFF1#20120003FF19F000
(1785789751.426669) can0 1CEBFFF1#01271000000147FF
(1785789751.427667) can0 1CEBFFF1#02FFFFFFFFFFFFEF
(1785789751.428653) can0 1CEBFFF1#03FFE9E8F6FFFFFF
(1785789751.436617) can0 18FF09D1#01000A00D5D4E5
(1785789751.454648) can0 18F015F1#00004638478A4553
(1785789751.478051) can0 18FEF1F8#FF7802FFFFFFFFFF
(1785789751.479215) can0 18F005F8#7EFFFF7EFFFFFFFF
(1785789751.525687) can0 1CECFFF1#20120003FF19F000
(1785789751.526654) can0 1CEBFFF1#0127100000018CFF
(1785789751.527664) can0 1CEBFFF1#02FFFFFFFFFFFFEB
(1785789751.528654) can0 1CEBFFF1#03FFE90E6EFFFFFF
(1785789751.536609) can0 18FF09D1#01000A00D5D4E5
(1785789751.554745) can0 18F015F1#00004638478D4550
(1785789751.578080) can0 18FEF1F8#FF6803FFFFFFFFFF
(1785789751.579370) can0 18F005F8#7EFFFF7EFFFFFFFF
(1785789751.625854) can0 1CECFFF1#20120003FF19F000
(1785789751.626707) can0 1CEBFFF1#012710000001EBFF
(1785789751.627679) can0 1CEBFFF1#02FFFFFEFFFFFFE6
(1785789751.628694) can0 1CEBFFF1#03FFEA794BFFFFFF
(1785789751.636876) can0 18FF09D1#01000A00D5D4E5
(1785789751.654917) can0 18F015F1#00004639478F454E
(1785789751.678768) can0 18FEF1F8#FF8803FFFFFFFFFF
(1785789751.680120) can0 18F005F8#7EFFFF7EFFFFFFFF
(1785789751.726920) can0 1CECFFF1#20120003FF19F000
(1785789751.728246) can0 1CEBFFF1#0127100000024DFF
(1785789751.728762) can0 1CEBFFF1#02FFFFFEFFFFFFE0
(1785789751.729636) can0 1CEBFFF1#03FFEAF6B3FFFFFF
(1785789751.736669) can0 18FF09D1#01000A00D5D4E5
(1785789751.736925) can0 18FF14D1#
(1785789751.755686) can0 18F015F1#000046394792454C
(1785789751.765585) can0 18F017F1#FFDDFE389D0F
(1785789751.766040) can0 18F018F1#F5AFF57C9196
(1785789751.778054) can0 18FEF1F8#FF8C03FFFFFFFFFF
(1785789751.779255) can0 18F005F8#7EFFFF7EFFFFFFFF
(1785789751.825689) can0 1CECFFF1#20120003FF19F000
(1785789751.826664) can0 1CEBFFF1#012710000002AEFF
(1785789751.827664) can0 1CEBFFF1#02FFFFFEFFFFFFDB
(1785789751.828653) can0 1CEBFFF1#03FFEABC9AFFFFFF
(1785789751.836582) can0 18FF09D1#01000A00D5E0E3
(1785789751.854658) can0 18F015F1#000046394793454B
(1785789751.878044) can0 18FEF1F8#FF0404FFFFFFFFFF
(1785789751.879197) can0 18F005F8#7EFFFF7EFFFFFFFF
(1785789751.926742) can0 1CECFFF1#20120003FF19F000
(1785789751.927677) can0 1CEBFFF1#0127100000031EFF
(1785789751.928687) can0 1CEBFFF1#02FFFFFDFFFFFFD4
(1785789751.929685) can0 1CEBFFF1#03FFEB7EF3FFFFFF
(1785789751.936760) can0 18FF09D1#01000A00D5E0E3
(1785789751.955813) can0 18F015F1#0000463A4795454A
(1785789751.978744) can0 18FEF1F8#FF2C04FFFFFFFFFF
(1785789751.980371) can0 18F005F8#7EFFFF7EFFFFFFFF
(1785789752.026693) can0 1CECFFF1#20120003FF19F000
(1785789752.027646) can0 1CEBFFF1#01271000000392FF
(1785789752.028658) can0 1CEBFFF1#02FFFFFDFFFFFFCE
(1785789752.029639) can0 1CEBFFF1#03FFED29C4FFFFFF
(1785789752.036616) can0 18FF09D1#01000A00D5E0E3
(1785789752.055627) can0 18F015F1#0000463C4794454A
(1785789752.078850) can0 18FEF1F8#FF5004FFFFFFFFFF
(1785789752.080004) can0 18F005F8#7EFFFF7EFFFFFFFF
(1785789752.126687) can0 1CECFFF1#20120003FF19F000
(1785789752.127654) can0 1CEBFFF1#0127100000040AFF
(1785789752.128660) can0 1CEBFFF1#02FFFFFCFFFFFFC7
(1785789752.129644) can0 1CEBFFF1#03FFED4226FFFFFF
(1785789752.136577) can0 18FF09D1#01000A00D5E0E3
(1785789752.155649) can0 18F015F1#0000463C4792454A
(1785789752.178072) can0 18FEF1F8#FF6C04FFFFFFFFFF
(1785789752.183418) can0 18F005F8#7EFFFF7EFFFFFFFF
(1785789752.226677) can0 1CECFFF1#20120003FF19F000
(1785789752.227645) can0 1CEBFFF1#01271000000485FF
(1785789752.228662) can0 1CEBFFF1#02FFFFFCFFFFFFC0
(1785789752.229643) can0 1CEBFFF1#03FFED550EFFFFFF
(1785789752.236808) can0 18FF09D1#01000A00D5E0E3
(1785789752.237127) can0 18FF14D1#
(1785789752.256699) can0 18F015F1#0000463C478C454A
(1785789752.278203) can0 18FEF1F8#FFF004FFFFFFFFFF
(1785789752.279443) can0 18F005F8#7EFFFF7EFFFFFFFF
(1785789752.326892) can0 1CECFFF1#20120003FF19F000
(1785789752.327643) can0 1CEBFFF1#0127100000050EFF
(1785789752.329164) can0 1CEBFFF1#02FFFFFCFFFFFFB9
(1785789752.329612) can0 1CEBFFF1#03FFEEA8EEFFFFFF
(1785789752.336580) can0 18FF09D1#01000A00D5E0E3
(1785789752.355650) can0 18F015F1#0000463E4786454B
(1785789752.378011) can0 18FEF1F8#FFF004FFFFFFFFFF
(1785789752.379146) can0 18F005F8#7EFFFF7EFFFFFFFF
(1785789752.426683) can0 1CECFFF1#20120003FF19F000
(1785789752.427654) can0 1CEBFFF1#01271000000595FF
(1785789752.428652) can0 1CEBFFF1#02FFFFFBFFFFFFB1
(1785789752.429655) can0 1CEBFFF1#03FFEE8CC1FFFFFF
(1785789752.436578) can0 18FF09D1#01000A00D5E0E3
(1785789752.455661) can0 18F015F1#0000463D4782454F
(1785789752.478013) can0 18FEF1F8#FF0405FFFFFFFFFF
(1785789752.479190) can0 18F005F8#7EFFFF7EFFFFFFFF
(1785789752.527677) can0 1CECFFF1#20120003FF19F000
(1785789752.528658) can0 1CEBFFF1#01271000000620FF
(1785789752.529649) can0 1CEBFFF1#02FFFFFBFFFFFFAA
(1785789752.530651) can0 1CEBFFF1#03FFEF4133FFFFFF
(1785789752.536553) can0 18FF09D1#01000A00D5E0E3
(1785789752.556650) can0 18F015F1#0000463F47804550
(1785789752.578000) can0 18FEF1F8#FF0006FFFFFFFFFF
(1785789752.579171) can0 18F005F8#7EFFFF7EFFFFFFFF
(1785789752.627812) can0 1CECFFF1#20120003FF19F000
(1785789752.628689) can0 1CEBFFF1#012710000006C7FF
(1785789752.629698) can0 1CEBFFF1#02FFFFFAFFFFFFA1
(1785789752.630694) can0 1CEBFFF1#03FFF1FC9FFFFFFF
(1785789752.636670) can0 18FF09D1#01000A00D5E0E3
(1785789752.656778) can0 18F015F1#000046404781454D
(1785789752.678929) can0 18FEF1F8#FF0806FFFFFFFFFF
(1785789752.680760) can0 18F005F8#7EFFFF7EFFFFFFFF
(1785789752.727687) can0 1CECFFF1#20120003FF19F000
(1785789752.728645) can0 1CEBFFF1#01271000000770FF
(1785789752.729650) can0 1CEBFFF1#02FFFFFAFFFFFF98
(1785789752.730645) can0 1CEBFFF1#03FFF184FEFFFFFF
(1785789752.736648) can0 18FF09D1#01000A00D5E0E3
(1785789752.736907) can0 18FF14D1#
(1785789752.756702) can0 18F015F1#0000463F4782454A
(1785789752.766603) can0 18F017F1#FFDDFE389D0F
(1785789752.767031) can0 18F018F1#F5AFF57C9196
(1785789752.778019) can0 18FEF1F8#FF2806FFFFFFFFFF
(1785789752.779161) can0 18F005F8#7EFFFF7EFFFFFFFF
(1785789752.827703) can0 1CECFFF1#20120003FF19F000
(1785789752.828642) can0 1CEBFFF1#01271000000819FF
(1785789752.829663) can0 1CEBFFF1#02FFFFF9FFFFFF8F
(1785789752.830649) can0 1CEBFFF1#03FFEEC1F8FFFFFF
(1785789752.836556) can0 18FF09D1#01000A00D5E0E3
(1785789752.856656) can0 18F015F1#0000463D47834549
(1785789752.878015) can0 18FEF1F8#FF4806FFFFFFFFFF
(1785789752.879167) can0 18F005F8#7EFFFF7EFFFFFFFF
(1785789752.927736) can0 1CECFFF1#20120003FF19F000
(1785789752.928656) can0 1CEBFFF1#012710000008C7FF
(1785789752.929682) can0 1CEBFFF1#02FFFFF9FFFFFF86
(1785789752.930652) can0 1CEBFFF1#03FFEF2875FFFFFF
(1785789752.936620) can0 18FF09D1#01000A00D5E0E3
(1785789752.956720) can0 18F015F1#0000463E47844549
(1785789752.978118) can0 18FEF1F8#FF5007FFFFFFFFFF
(1785789752.979680) can0 18F005F8#7EFFFF7EFFFFFFFF
(1785789753.027676) can0 1CECFFF1#20120003FF19F000
(1785789753.028640) can0 1CEBFFF1#01271000000994FF
(1785789753.029645) can0 1CEBFFF1#02FFFFF8FFFFFF7A
(1785789753.030641) can0 1CEBFFF1#03FFEF5E56FFFFFF
(1785789753.036643) can0 18FF09D1#01000A00D5E0E3
(1785789753.057104) can0 18F015F1#0000463E4787454C
(1785789753.078066) can0 18FEF1F8#FF5007FFFFFFFFFF
(1785789753.079192) can0 18F005F8#7EFFFF7EFFFFFFFF
(1785789753.127691) can0 1CECFFF1#20120003FF19F000
(1785789753.128663) can0 1CEBFFF1#01271000000A5FFF
(1785789753.129650) can0 1CEBFFF1#02FFFFF7FFFFFF6F
(1785789753.130640) can0 1CEBFFF1#03FFEE79A4FFFFFF
(1785789753.136550) can0 18FF09D1#01000A00D5E0E3
(1785789753.156675) can0 18F015F1#0000463D47874552
(1785789753.178068) can0 18FEF1F8#FF5807FFFFFFFFFF
(1785789753.179278) can0 18F005F8#7EFFFF7EFFFFFFFF
(1785789753.227707) can0 1CECFFF1#20120003FF19F000
(1785789753.228651) can0 1CEBFFF1#01271000000B28FF
(1785789753.229660) can0 1CEBFFF1#02FFFFF7FFFFFF64
(1785789753.230651) can0 1CEBFFF1#03FFEF0D59FFFFFF
(1785789753.236717) can0 18FF09D1#01000A00D5E0E3
(1785789753.236998) can0 18FF14D1#
(1785789753.237457) can0 18FF16D1#01000A0064
(1785789753.257735) can0 18F015F1#0000463F47844555
(1785789753.278228) can0 18FEF1F8#FF6807FFFFFFFFFF
(1785789753.279467) can0 18F005F8#7EFFFF7EFFFFFFFF
(1785789753.328987) can0 1CECFFF1#20120003FF19F000
(1785789753.329705) can0 1CEBFFF1#01271000000BF8FF
(1785789753.330661) can0 1CEBFFF1#02FFFFF6FFFFFF59
(1785789753.331802) can0 1CEBFFF1#03FFF1CAF0FFFFFF
(1785789753.336590) can0 18FF09D1#01000A00D518E3
(1785789753.357701) can0 18F015F1#00004640477F4558
(1785789753.378028) can0 18FEF1F8#FF2008FFFFFFFFFF
(1785789753.379242) can0 18F005F8#7EFFFF7EFFFFFFFF
(1785789753.428712) can0 1CECFFF1#20120003FF19F000
(1785789753.429675) can0 1CEBFFF1#01271000000CD7FF
(1785789753.430683) can0 1CEBFFF1#02FFFFF6FFFFFF4E
(1785789753.431677) can0 1CEBFFF1#03FFF1D12EFFFFFF
(1785789753.436546) can0 18FF09D1#01000A00D518E3
(1785789753.457700) can0 18F015F1#0000463F477C455A
(1785789753.478016) can0 18FEF1F8#FF3C08FFFFFFFFFF
(1785789753.479149) can0 18F005F8#7EFFFF7EFFFFFFFF
(1785789753.528700) can0 1CECFFF1#20120003FF19F000
(1785789753.529659) can0 1CEBFFF1#01271000000DBBFF
(1785789753.530672) can0 1CEBFFF1#02FFFFF5FFFFFF42
(1785789753.531673) can0 1CEBFFF1#03FFF08020FFFFFF
(1785789753.536541) can0 18FF09D1#01000A00D518E3
(1785789753.557650) can0 18F015F1#0000463F477B455D
(1785789753.578020) can0 18FEF1F8#FF5008FFFFFFFFFF
(1785789753.579229) can0 18F005F8#7EFFFF7EFFFFFFFF
(1785789753.628824) can0 1CECFFF1#20120003FF19F000
(1785789753.629696) can0 1CEBFFF1#01271000000EA2FF
(1785789753.630712) can0 1CEBFFF1#02FFFFF4FFFFFF36
(1785789753.631707) can0 1CEBFFF1#03FFF2C38FFFFFFF
(1785789753.636666) can0 18FF09D1#01000A00D518E3
(1785789753.657938) can0 18F015F1#00004641477C4560
(1785789753.678430) can0 18FEF1F8#FF4C09FFFFFFFFFF
(1785789753.679716) can0 18F005F8#7EFFFF7EFFFFFFFF
(1785789753.728693) can0 1CECFFF1#20120003FF19F000
(1785789753.729663) can0 1CEBFFF1#01271000000FA6FF
(1785789753.730661) can0 1CEBFFF1#02FFFFF4FFFFFF28
(1785789753.731660) can0 1CEBFFF1#03FFF43487FFFFFF
(1785789753.737016) can0 18FF09D1#01000A00D518E3
(1785789753.737700) can0 18FF14D1#
(1785789753.758728) can0 18F015F1#000046434782455C
(1785789753.767600) can0 18F017F1#0229FBF59FCA
(1785789753.768050) can0 18F018F1#FBA7F69491A2
(1785789753.778027) can0 18FEF1F8#FF6009FFFFFFFFFF
(1785789753.779168) can0 18F005F8#7EFFFF7EFFFFFFFF
(1785789753.828692) can0 1CECFFF1#20120003FF19F000
(1785789753.829647) can0 1CEBFFF1#012710000010A8FF
(1785789753.830652) can0 1CEBFFF1#02FFFFF3FFFFFF1A
(1785789753.831645) can0 1CEBFFF1#03FFF23A31FFFFFF
(1785789753.836510) can0 18FF09D1#01000A00D5E6E2
(1785789753.857673) can0 18F015F1#00004640478B4553
(1785789753.878081) can0 18FEF1F8#FF5C09FFFFFFFFFF
(1785789753.879214) can0 18F005F8#7EFFFF7EFFFFFFFF
(1785789753.928708) can0 1CECFFF1#20120003FF19F000
(1785789753.929655) can0 1CEBFFF1#012710000011ABFF
(1785789753.930676) can0 1CEBFFF1#02FFFFF2FFFFFF0B
(1785789753.931669) can0 1CEBFFF1#03FFEDB0C2FFFFFF
(1785789753.936585) can0 18FF09D1#01000A00D5E6E2
(1785789753.957693) can0 18F015F1#0000463B47944550
(1785789753.978259) can0 18FEF1F8#FF7009FFFFFFFFFF
(1785789753.979782) can0 18F005F8#7EFFFF7EFFFFFFFF
(1785789754.029713) can0 1CECFFF1#20120003FF19F000
(1785789754.030646) can0 1CEBFFF1#012710000012B4FF
(1785789754.031660) can0 1CEBFFF1#02FFFFF1FFFFFEFC
(1785789754.032655) can0 1CEBFFF1#03FFECAEE0FFFFFF
(1785789754.036526) can0 18FF09D1#01000A00D5E6E2
(1785789754.058653) can0 18F015F1#0000463B479D4552
(1785789754.078047) can0 18FEF1F8#FF800AFFFFFFFFFF
(1785789754.079170) can0 18F005F8#7EFFFF7EFFFFFFFF
(1785789754.129695) can0 1CECFFF1#20120003FF19F000
(1785789754.130648) can0 1CEBFFF1#012710000013D4FF
(1785789754.131660) can0 1CEBFFF1#02FFFFF0FFFFFEEB
(1785789754.132651) can0 1CEBFFF1#03FFECA843FFFFFF
(1785789754.136506) can0 18FF09D1#01000A00D5E6E2
(1785789754.158667) can0 18F015F1#0000463A47A04555
(1785789754.178334) can0 18FEF1F8#FF780AFFFFFFFFFF
(1785789754.179527) can0 18F005F8#7EFFFF7EFFFFFFFF
(1785789754.229684) can0 1CECFFF1#20120003FF19F000
(1785789754.230656) can0 1CEBFFF1#012710000014F9FF
(1785789754.231655) can0 1CEBFFF1#02FFFFEFFFFFFEDA
(1785789754.232653) can0 1CEBFFF1#03FFE60619FFFFFF
(1785789754.236599) can0 18FF09D1#01000A00D5E6E2
(1785789754.236871) can0 18FF14D1#
(1785789754.258670) can0 18F015F1#00004632479F4551
(1785789754.278284) can0 18FEF1F8#FFA00AFFFFFFFFFF
(1785789754.279590) can0 18F005F8#7EFFFF7EFFFFFFFF
(1785789754.329765) can0 1CECFFF1#20120003FF19F000
(1785789754.330664) can0 1CEBFFF1#01271000001620FF
(1785789754.331649) can0 1CEBFFF1#02FFFFEEFFFFFEC9
(1785789754.332650) can0 1CEBFFF1#03FFDF8947FFFFFF
(1785789754.336504) can0 18FF09D1#01000A00D564E7
(1785789754.358657) can0 18F015F1#0000462D479B454E
(1785789754.377996) can0 18FEF1F8#FF300BFFFFFFFFFF
(1785789754.379103) can0 18F005F8#7EFFFF7EFFFFFFFF
(1785789754.429734) can0 1CECFFF1#20120003FF19F000
(1785789754.430655) can0 1CEBFFF1#01271000001753FF
(1785789754.431653) can0 1CEBFFF1#02FFFFECFFFFFEB7
(1785789754.432653) can0 1CEBFFF1#03FFDBD45DFFFFFF
(1785789754.436509) can0 18FF09D1#01000A00D564E7
(1785789754.458674) can0 18F015F1#000046294794454E
(1785789754.478010) can0 18FEF1F8#FF300BFFFFFFFFFF
(1785789754.479153) can0 18F005F8#7EFFFF7EFFFFFFFF
(1785789754.529692) can0 1CECFFF1#20120003FF19F000
(1785789754.530656) can0 1CEBFFF1#01271000001889FF
(1785789754.531657) can0 1CEBFFF1#02FFFFE9FFFFFEA6
(1785789754.532657) can0 1CEBFFF1#03FFD61B04FFFFFF
(1785789754.536480) can0 18FF09D1#01000A00D564E7
(1785789754.558664) can0 18F015F1#0000462447914555
(1785789754.578004) can0 18FEF1F8#FF380BFFFFFFFFFF
(1785789754.579162) can0 18F005F8#7EFFFF7EFFFFFFFF
(1785789754.630821) can0 1CECFFF1#20120003FF19F000
(1785789754.631684) can0 1CEBFFF1#012710000019C0FF
(1785789754.632684) can0 1CEBFFF1#02FFFFE7FFFFFE94
(1785789754.633696) can0 1CEBFFF1#03FFD1488DFFFFFF
(1785789754.636579) can0 18FF09D1#01000A00D564E7
(1785789754.658838) can0 18F015F1#0000461E4793455C
(1785789754.679056) can0 18FEF1F8#FF400BFFFFFFFFFF
(1785789754.680511) can0 18F005F8#7EFFFF7EFFFFFFFF
(1785789754.729708) can0 1CECFFF1#20120003FF19F000
(1785789754.730658) can0 1CEBFFF1#01271000001AFCFF
(1785789754.731661) can0 1CEBFFF1#02FFFFE4FFFFFE82
(1785789754.732650) can0 1CEBFFF1#03FFCAD3DBFFFFFF
(1785789754.736555) can0 18FF09D1#01000A00D564E7
(1785789754.736851) can0 18FF14D1#
(1785789754.759712) can0 18F015F1#0000461647924557
(1785789754.769630) can0 18F017F1#0229FBF59FCA
(1785789754.770049) can0 18F018F1#FBA7F69491A2
(1785789754.778017) can0 18FEF1F8#FF900CFFFFFFFFFF
(1785789754.779161) can0 18F005F8#7EFFFF7EFFFFFFFF
(1785789754.830707) can0 1CECFFF1#20120003FF19F000
(1785789754.831661) can0 1CEBFFF1#01271000001C54FF
(1785789754.832656) can0 1CEBFFF1#02FFFFE1FFFFFE6F
(1785789754.833668) can0 1CEBFFF1#03FFC14B7FFFFFFF
(1785789754.836498) can0 18FF09D1#01000A00D564E7
(1785789754.859676) can0 18F015F1#0000460E4791454C
(1785789754.878025) can0 18FEF1F8#FF8C0CFFFFFFFFFF
(1785789754.879188) can0 18F005F8#7EFFFF7EFFFFFFFF
(1785789754.930707) can0 1CECFFF1#20120003FF19F000
(1785789754.932090) can0 1CEBFFF1#01271000001DB0FF
(1785789754.932669) can0 1CEBFFF1#02FFFFDCFFFFFE5C
(1785789754.933668) can0 1CEBFFF1#03FFB8551DFFFFFF
(1785789754.936506) can0 18FF09D1#01000A00D564E7
(1785789754.959765) can0 18F015F1#0000460447904546
(1785789754.978229) can0 18FEF1F8#FF7C0CFFFFFFFFFF
(1785789754.979528) can0 18F005F8#7EFFFF7EFFFFFFFF
(1785789755.030909) can0 1CECFFF1#20120003FF19F000
(1785789755.031747) can0 1CEBFFF1#01271000001F0EFF
(1785789755.032881) can0 1CEBFFF1#02FFFFD8FFFFFE48
(1785789755.033785) can0 1CEBFFF1#03FFB0BA82FFFFFF
(1785789755.037015) can0 18FF09D1#01000A00D564E7
(1785789755.060311) can0 18F015F1#000045FD4790454C
(1785789755.080046) can0 18FEF1F8#FF740CFFFFFFFFFF
(1785789755.081851) can0 18F005F8#7EFFFF7EFFFFFFFF
(1785789755.130710) can0 1CECFFF1#20120003FF19F000
(1785789755.131678) can0 1CEBFFF1#0127100000206BFF
(1785789755.132670) can0 1CEBFFF1#02FFFFD3FFFFFE35
(1785789755.133656) can0 1CEBFFF1#03FFA931D2FFFFFF
(1785789755.136487) can0 18FF09D1#01000A00D564E7
(1785789755.159705) can0 18F015F1#000045F647904554
(1785789755.178067) can0 18FEF1F8#FF240DFFFFFFFFFF
(1785789755.179373) can0 18F005F8#7EFFFF7EFFFFFFFF
(1785789755.230744) can0 1CECFFF1#20120003FF19F000
(1785789755.231668) can0 1CEBFFF1#012710000021D0FF
(1785789755.232675) can0 1CEBFFF1#02FFFFCDFFFFFE21
(1785789755.233674) can0 1CEBFFF1#03FFA2D6A3FFFFFF
(1785789755.236614) can0 18FF09D1#01000A00D564E7
(1785789755.236876) can0 18FF14D1#
(1785789755.260668) can0 18F015F1#000045EE478D4559
(1785789755.278120) can0 18FEF1F8#FF340DFFFFFFFFFF
(1785789755.279328) can0 18F005F8#7EFFFF7EFFFFFFFF
(1785789755.330890) can0 1CECFFF1#20120003FF19F000
(1785789755.331729) can0 1CEBFFF1#01271000002342FF
(1785789755.332712) can0 1CEBFFF1#02FFFFC6FFFFFE0C
(1785789755.333696) can0 1CEBFFF1#03FF987106FFFFFF
(1785789755.336501) can0 18FF09D1#01000A00D564E7
(1785789755.359677) can0 18F015F1#000045E547874558
(1785789755.378017) can0 18FEF1F8#FF3C0DFFFFFFFFFF
(1785789755.379158) can0 18F005F8#7EFFFF7EFFFFFFFF
(1785789755.431761) can0 1CECFFF1#20120003FF19F000
(1785789755.432673) can0 1CEBFFF1#012710000024ADFF
(1785789755.433694) can0 1CEBFFF1#02FFFFC0FFFFFDF8
(1785789755.434687) can0 1CEBFFF1#03FF94DEB3FFFFFF
(1785789755.436474) can0 18FF09D1#01000A00D564E7
(1785789755.460719) can0 18F015F1#000045E34781454C
(1785789755.478053) can0 18FEF1F8#FF140EFFFFFFFFFF
(1785789755.479194) can0 18F005F8#7EFFFF7EFFFFFFFF
(1785789755.531786) can0 1CECFFF1#20120003FF19F000
(1785789755.532688) can0 1CEBFFF1#01271000002634FF
(1785789755.533688) can0 1CEBFFF1#02FFFFB8FFFFFDE4
(1785789755.534737) can0 1CEBFFF1#03FF9085A1FFFFFF
(1785789755.536542) can0 18FF09D1#01000A00D564E7
(1785789755.560722) can0 18F015F1#000045DC47804541
(1785789755.578033) can0 18FEF1F8#FF100EFFFFFFFFFF
(1785789755.579254) can0 18F005F8#7EFFFF7EFFFFFFFF
(1785789755.631770) can0 1CECFFF1#20120003FF19F000
(1785789755.632697) can0 1CEBFFF1#012710000027BAFF
(1785789755.633706) can0 1CEBFFF1#02FFFFB0FFFFFDCF
(1785789755.634698) can0 1CEBFFF1#03FF836979FFFFFF
(1785789755.636484) can0 18FF09D1#01000A00D564E7
(1785789755.660887) can0 18F015F1#000045CF477E453C
(1785789755.679586) can0 18FEF1F8#FF140EFFFFFFFFFF
(1785789755.680994) can0 18F005F8#7EFFFF7EFFFFFFFF
(1785789755.731811) can0 1CECFFF1#20120003FF19F000
(1785789755.732686) can0 1CEBFFF1#01271000002948FF
(1785789755.733687) can0 1CEBFFF1#02FFFFA7FFFFFDBA
(1785789755.734676) can0 1CEBFFF1#03FF7B5CEFFFFFFF
(1785789755.736545) can0 18FF09D1#01000A00D564E7
(1785789755.736800) can0 18FF14D1#
(1785789755.761748) can0 18F015F1#000045CA477C453C
(1785789755.770636) can0 18F017F1#03AA00009E13
(1785789755.771086) can0 18F018F1#F9FAF45C9169
(1785789755.778040) can0 18FEF1F8#FF2C0EFFFFFFFFFF
(1785789755.779242) can0 18F005F8#7EFFFF7EFFFFFFFF
(1785789755.831759) can0 1CECFFF1#20120003FF19F000
(1785789755.832673) can0 1CEBFFF1#01271000002AC9FF
(1785789755.833676) can0 1CEBFFF1#02FFFF9EFFFFFDA6
(1785789755.834669) can0 1CEBFFF1#03FF78A26EFFFFFF
(1785789755.836457) can0 18FF09D1#01000A00D50CE5
(1785789755.860668) can0 18F015F1#000045C547784541
(1785789755.878035) can0 18FEF1F8#FF240FFFFFFFFFFF
(1785789755.879198) can0 18F005F8#7EFFFF7EFFFFFFFF
(1785789755.931706) can0 1CECFFF1#20120003FF19F000
(1785789755.932686) can0 1CEBFFF1#01271000002C6DFF
(1785789755.933687) can0 1CEBFFF1#02FFFF94FFFFFD90
(1785789755.934705) can0 1CEBFFF1#03FF6F987BFFFFFF
(1785789755.936482) can0 18FF09D1#01000A00D50CE5
(1785789755.960864) can0 18F015F1#000045BC47764552
(1785789755.978219) can0 18FEF1F8#FF2C0FFFFFFFFFFF
(1785789755.979698) can0 18F005F8#7EFFFF7EFFFFFFFF
(1785789756.031870) can0 1CECFFF1#20120003FF19F000
(1785789756.032775) can0 1CEBFFF1#01271000002E16FF
(1785789756.033770) can0 1CEBFFF1#02FFFF89FFFFFD7A
(1785789756.034670) can0 1CEBFFF1#03FF6B8CE0FFFFFF
(1785789756.036495) can0 18FF09D1#01000A00D50CE5
(1785789756.060699) can0 18F015F1#000045BA477F4558
(1785789756.077997) can0 18FEF1F8#FF1C0FFFFFFFFFFF
(1785789756.079119) can0 18F005F8#7EFFFF7EFFFFFFFF
(1785789756.131750) can0 1CECFFF1#20120003FF19F000
(1785789756.132678) can0 1CEBFFF1#01271000002FB5FF
(1785789756.133677) can0 1CEBFFF1#02FFFF7EFFFFFD64
(1785789756.134680) can0 1CEBFFF1#03FF6A0037FFFFFF
(1785789756.136439) can0 18FF09D1#01000A00D50CE5
(1785789756.160898) can0 18F015F1#000045B947974551
(1785789756.178073) can0 18FEF1F8#FF4810FFFFFFFFFF
(1785789756.179562) can0 18F005F8#7EFFFF7EFFFFFFFF
(1785789756.232735) can0 1CECFFF1#20120003FF19F000
(1785789756.233672) can0 1CEBFFF1#01271000003178FF
(1785789756.234672) can0 1CEBFFF1#02FFFF72FFFFFD49
(1785789756.235671) can0 1CEBFFF1#03FF674B45FFFFFF
(1785789756.236571) can0 18FF09D1#01000A00D50CE5
(1785789756.236833) can0 18FF14D1#
(1785789756.261678) can0 18F015F1#000045B547A94541
(1785789756.278135) can0 18FEF1F8#FF6410FFFFFFFFFF
(1785789756.279322) can0 18F005F8#7EFFFF7EFFFFFFFF
(1785789756.333006) can0 1CECFFF1#20120003FF19F000
(1785789756.333712) can0 1CEBFFF1#01271000003343FF
(1785789756.334687) can0 1CEBFFF1#02FFFF65FFFFFD2E
(1785789756.335701) can0 1CEBFFF1#03FF6477F0FFFFFF
(1785789756.336489) can0 18FF09D1#01000A00D50CE5
(1785789756.361906) can0 18F015F1#000045B447A44539
(1785789756.378055) can0 18FEF1F8#FF8410FFFFFFFFFF
(1785789756.379208) can0 18F005F8#7EFFFF7EFFFFFFFF
(1785789756.432742) can0 1CECFFF1#20120003FF19F000
(1785789756.433693) can0 1CEBFFF1#01271000003508FF
(1785789756.434692) can0 1CEBFFF1#02FFFF59FFFFFD13
(1785789756.435697) can0 1CEBFFF1#03FF6754A5FFFFFF
(1785789756.436481) can0 18FF09D1#01000A00D50CE5
(1785789756.461705) can0 18F015F1#000045B74794453F
(1785789756.478004) can0 18FEF1F8#FFBC10FFFFFFFFFF
(1785789756.479191) can0 18F005F8#7EFFFF7EFFFFFFFF
(1785789756.532706) can0 1CECFFF1#20120003FF19F000
(1785789756.533699) can0 1CEBFFF1#012710000036D8FF
(1785789756.534702) can0 1CEBFFF1#02FFFF4DFFFFFCF9
(1785789756.535698) can0 1CEBFFF1#03FF6A5FBCFFFFFF
(1785789756.536440) can0 18FF09D1#01000A00D50CE5
(1785789756.561683) can0 18F015F1#000045B947974556
(1785789756.578018) can0 18FEF1F8#FF6411FFFFFFFFFF
(1785789756.579268) can0 18F005F8#7EFFFF7EFFFFFFFF
(1785789756.632841) can0 1CECFFF1#20120003FF19F000
(1785789756.633707) can0 1CEBFFF1#012710000038BAFF
(1785789756.636088) can0 1CEBFFF1#02FFFF40FFFFFCDD
(1785789756.641951) can0 1CEBFFF1#03FF6CF8BCFFFFFF
(1785789756.642251) can0 18FF09D1#01000A00D50CE5
(1785789756.661907) can0 18F015F1#000045BB47A94563
(1785789756.678426) can0 18FEF1F8#FFBC11FFFFFFFFFF
(1785789756.679789) can0 18F005F8#7EFFFF7EFFFFFFFF
(1785789756.732793) can0 1CECFFF1#20120003FF19F000
(1785789756.733684) can0 1CEBFFF1#01271000003AAAFF
(1785789756.734684) can0 1CEBFFF1#02FFFF33FFFFFCBF
(1785789756.735671) can0 1CEBFFF1#03FF6D2633FFFFFF
(1785789756.737022) can0 18FF09D1#01000A00D50CE5
(1785789756.737287) can0 18FF14D1#
(1785789756.762676) can0 18F015F1#000045BC47AD4553
(1785789756.771655) can0 18F017F1#03AA00009E13
(1785789756.772085) can0 18F018F1#F9FAF45C9169
(1785789756.778018) can0 18FEF1F8#FF0012FFFFFFFFFF
(1785789756.779174) can0 18F005F8#7EFFFF7EFFFFFFFF
(1785789756.832727) can0 1CECFFF1#20120003FF19F000
(1785789756.833694) can0 1CEBFFF1#01271000003C98FF
(1785789756.834692) can0 1CEBFFF1#02FFFF27FFFFFCA0
(1785789756.835694) can0 1CEBFFF1#03FF6B532AFFFFFF
(1785789756.836470) can0 18FF09D1#01000A00D550E2
(1785789756.861703) can0 18F015F1#000045B847A44539
(1785789756.878033) can0 18FEF1F8#FF0C12FFFFFFFFFF
(1785789756.879187) can0 18F005F8#7EFFFF7EFFFFFFFF
(1785789756.933707) can0 1CECFFF1#20120003FF19F000
(1785789756.934704) can0 1CEBFFF1#01271000003E8DFF
(1785789756.935727) can0 1CEBFFF1#02FFFF19FFFFFC83
(1785789756.936433) can0 18FF09D1#01000A00D550E2
(1785789756.937007) can0 1CEBFFF1#03FF6794B8FFFFFF
(1785789756.962840) can0 18F015F1#000045B7479D4529
(1785789756.978319) can0 18FEF1F8#FFAC13FFFFFFFFFF
(1785789756.979575) can0 18F005F8#7EFFFF7EFFFFFFFF
(1785789757.033774) can0 1CECFFF1#20120003FF19F000
(1785789757.034725) can0 1CEBFFF1#012710000040B3FF
(1785789757.036083) can0 1CEBFFF1#02FFFF0BFFFFFC63
(1785789757.036856) can0 18FF09D1#01000A00D550E2
(1785789757.037185) can0 1CEBFFF1#03FF6AE629FFFFFF
(1785789757.062983) can0 18F015F1#000045B947AD4537
(1785789757.078080) can0 18FEF1F8#FFDC13FFFFFFFFFF
(1785789757.079245) can0 18F005F8#7EFFFF7EFFFFFFFF
(1785789757.133749) can0 1CECFFF1#20120003FF19F000
(1785789757.134678) can0 1CEBFFF1#012710000042D4FF
(1785789757.135689) can0 1CEBFFF1#02FFFEFCFFFFFC41
(1785789757.136419) can0 18FF09D1#01000A00D550E2
(1785789757.136991) can0 1CEBFFF1#03FF6C5F53FFFFFF
(1785789757.162690) can0 18F015F1#000045BC47BD4551
(1785789757.178066) can0 18FEF1F8#FFE013FFFFFFFFFF
(1785789757.179214) can0 18F005F8#7EFFFF7EFFFFFFFF
(1785789757.233752) can0 1CECFFF1#20120003FF19F000
(1785789757.234693) can0 1CEBFFF1#012710000044FBFF
(1785789757.235701) can0 1CEBFFF1#02FFFEEEFFFFFC1E
(1785789757.236699) can0 1CEBFFF1#03FF6E5143FFFFFF
(1785789757.237216) can0 18FF09D1#01000A00D5ECE1
(1785789757.237572) can0 18FF14D1#
(1785789757.237895) can0 18FF16D1#01000A0064
(1785789757.263693) can0 18F015F1#000045BD47B6455C
(1785789757.278070) can0 18FEF1F8#FFEC14FFFFFFFFFF
(1785789757.279258) can0 18F005F8#7EFFFF7EFFFFFFFF
(1785789757.333824) can0 1CECFFF1#20120003FF19F000
(1785789757.334702) can0 1CEBFFF1#0127100000473FFF
(1785789757.335714) can0 1CEBFFF1#02FFFEDFFFFFFBF9
(1785789757.336366) can0 18FF09D1#01000A00D5ECE1
(1785789757.336939) can0 1CEBFFF1#03FF712E7EFFFFFF
(1785789757.362701) can0 18F015F1#000045C147BC4558
(1785789757.378018) can0 18FEF1F8#FFF014FFFFFFFFFF
(1785789757.379159) can0 18F005F8#7EFFFF7EFFFFFFFF
(1785789757.433743) can0 1CECFFF1#20120003FF19F000
(1785789757.434736) can0 1CEBFFF1#01271000004983FF
(1785789757.435753) can0 1CEBFFF1#02FFFED1FFFFFBD4
(1785789757.436473) can0 18FF09D1#01000A00D5ECE1
(1785789757.436994) can0 1CEBFFF1#03FF71A281FFFFFF
(1785789757.462993) can0 18F015F1#000045BE47C74543
(1785789757.478041) can0 18FEF1F8#FFF814FFFFFFFFFF
(1785789757.479191) can0 18F005F8#7EFFFF7EFFFFFFFF
(1785789757.534738) can0 1CECFFF1#20120003FF19F000
(1785789757.535701) can0 1CEBFFF1#01271000004BC8FF
(1785789757.536427) can0 18FF09D1#01000A00D5ECE1
(1785789757.537001) can0 1CEBFFF1#02FFFEC2FFFFFBAE
(1785789757.537705) can0 1CEBFFF1#03FF6A934BFFFFFF
(1785789757.562690) can0 18F015F1#000045B847B9452E
(1785789757.578025) can0 18FEF1F8#FF0815FFFFFFFFFF
(1785789757.579174) can0 18F005F8#7EFFFF7EFFFFFFFF
(1785789757.633753) can0 1CECFFF1#20120003FF19F000
(1785789757.634727) can0 1CEBFFF1#01271000004E0FFF
(1785789757.635724) can0 1CEBFFF1#02FFFEB3FFFFFB8A
(1785789757.636441) can0 18FF09D1#01000A00D5ECE1
(1785789757.637009) can0 1CEBFFF1#03FF6B2441FFFFFF
(1785789757.662838) can0 18F015F1#000045BD47AE4526
(1785789757.678177) can0 18FEF1F8#FF8815FFFFFFFFFF
(1785789757.679425) can0 18F005F8#7EFFFF7EFFFFFFFF
(1785789757.735293) can0 1CECFFF1#20120003FF19F000
(1785789757.736079) can0 1CEBFFF1#0127100000506AFF
(1785789757.736554) can0 18FF09D1#01000A00D5ECE1
(1785789757.736878) can0 18FF14D1#
(1785789757.738510) can0 1CEBFFF1#03FF76FC66FFFFFF
(1785789757.763720) can0 18F015F1#000045C847AC452C
(1785789757.773681) can0 18F017F1#081804A2AB44
(1785789757.774096) can0 18F018F1#FA00ED7E820E
(1785789757.778031) can0 18FEF1F8#FF8015FFFFFFFFFF
(1785789757.779229) can0 18F005F8#7EFFFF7EFFFFFFFF
(1785789757.834774) can0 1CECFFF1#20120003FF19F000
(1785789757.835710) can0 1CEBFFF1#012710000052B8FF
(1785789757.836359) can0 18FF09D1#01000A00D5ECE1
(1785789757.836929) can0 1CEBFFF1#02FFFE96FFFFFB41
(1785789757.837707) can0 1CEBFFF1#03FF7A4D19FFFFFF
(1785789757.863713) can0 18F015F1#000045C947A2452C
(1785789757.878012) can0 18FEF1F8#FF7415FFFFFFFFFF
(1785789757.879147) can0 18F005F8#7EFFFF7EFFFFFFFF
(1785789757.934717) can0 1CECFFF1#20120003FF19F000
(1785789757.935702) can0 1CEBFFF1#0127100000550BFF
(1785789757.936690) can0 1CEBFFF1#02FFFE88FFFFFB1E
(1785789757.937238) can0 18FF09D1#01000A00D5ECE1
(1785789757.937789) can0 1CEBFFF1#03FF7C11FBFFFFFF
(1785789757.963906) can0 18F015F1#000045CE478E4530
(1785789757.978127) can0 18FEF1F8#FFB815FFFFFFFFFF
(1785789757.979334) can0 18F005F8#7EFFFF7EFFFFFFFF
(1785789758.034981) can0 1CECFFF1#20120003FF19F000
(1785789758.035885) can0 1CEBFFF1#0127100000576BFF
(1785789758.036800) can0 1CEBFFF1#02FFFE7AFFFFFAFD
(1785789758.037427) can0 18FF09D1#01000A00D5ECE1
(1785789758.037872) can0 1CEBFFF1#03FF87919EFFFFFF
(1785789758.063689) can0 18F015F1#000045D94780452E
(1785789758.078004) can0 18FEF1F8#FFB815FFFFFFFFFF
(1785789758.079149) can0 18F005F8#7EFFFF7EFFFFFFFF
(1785789758.134757) can0 1CECFFF1#20120003FF19F000
(1785789758.135701) can0 1CEBFFF1#012710000059BFFF
(1785789758.136692) can0 1CEBFFF1#02FFFE6EFFFFFADD
(1785789758.137211) can0 18FF09D1#01000A00D5ECE1
(1785789758.137783) can0 1CEBFFF1#03FF8D791FFFFFFF
(1785789758.163699) can0 18F015F1#000045DC47764529
(1785789758.178064) can0 18FEF1F8#FFAC15FFFFFFFFFF
(1785789758.179243) can0 18F005F8#7EFFFF7EFFFFFFFF
(1785789758.234754) can0 1CECFFF1#20120003FF19F000
(1785789758.235697) can0 1CEBFFF1#01271000005C18FF
(1785789758.236508) can0 18FF09D1#01000A00D5ECE1
(1785789758.236880) can0 18FF14D1#
(1785789758.237696) can0 1CEBFFF1#03FF8FDCB6FFFFFF
(1785789758.264706) can0 18F015F1#000045E24772451D
(1785789758.278559) can0 18FEF1F8#FFA815FFFFFFFFFF
(1785789758.279897) can0 18F005F8#7EFFFF7EFFFFFFFF
(1785789758.335926) can0 1CECFFF1#20120003FF19F000
(1785789758.336707) can0 1CEBFFF1#01271000005E77FF
(1785789758.337216) can0 18FF09D1#01000A00D5ECE1
(1785789758.337789) can0 1CEBFFF1#02FFFE56FFFFFA9F
(1785789758.338867) can0 1CEBFFF1#03FF9DCA24FFFFFF
(1785789758.364699) can0 18F015F1#000045EF47804518
(1785789758.378002) can0 18FEF1F8#FF8016FFFFFFFFFF
(1785789758.379153) can0 18F005F8#7EFFFF7EFFFFFFFF
(1785789758.435833) can0 1CECFFF1#20120003FF19F000
(1785789758.436424) can0 18FF09D1#01000A00D5ECE1
(1785789758.437224) can0 1CEBFFF1#012710000060E1FF
(1785789758.437809) can0 1CEBFFF1#02FFFE4CFFFFFA7E
(1785789758.438864) can0 1CEBFFF1#03FFA3F004FFFFFF
(1785789758.464870) can0 18F015F1#000045F247974509
(1785789758.478445) can0 18FEF1F8#FF9016FFFFFFFFFF
(1785789758.479983) can0 18F005F8#7EFFFF7EFFFFFFFF
(1785789758.535739) can0 1CECFFF1#20120003FF19F000
(1785789758.536353) can0 18FF09D1#01000A00D5ECE1
(1785789758.536927) can0 1CEBFFF1#01271000006358FF
(1785789758.537708) can0 1CEBFFF1#02FFFE42FFFFFA59
(1785789758.538699) can0 1CEBFFF1#03FFA563A7FFFFFF
(1785789758.564713) can0 18F015F1#000045F547B1450F
(1785789758.578014) can0 18FEF1F8#FF8016FFFFFFFFFF
(1785789758.579199) can0 18F005F8#7EFFFF7EFFFFFFFF
(1785789758.635724) can0 1CECFFF1#20120003FF19F000
(1785789758.636352) can0 18FF09D1#01000A00D5ECE1
(1785789758.636920) can0 1CEBFFF1#012710000065C2FF
(1785789758.637713) can0 1CEBFFF1#02FFFE38FFFFFA33
(1785789758.638699) can0 1CEBFFF1#03FFAC6C48FFFFFF
(1785789758.664849) can0 18F015F1#000045FD47C04515
(1785789758.678265) can0 18FEF1F8#FF8816FFFFFFFFFF
(1785789758.679534) can0 18F005F8#7EFFFF7EFFFFFFFF
(1785789758.736300) can0 1CECFFF1#20120003FF19F000
(1785789758.736931) can0 18FF14D1#
(1785789758.737116) can0 18FF09D1#01000A00D5ECE1
(1785789758.738041) can0 1CEBFFF1#02FFFE30FFFFFA0A
(1785789758.738741) can0 1CEBFFF1#03FFB39D9BFFFFFF
(1785789758.765742) can0 18F015F1#0000460347C5451E
(1785789758.774649) can0 18F017F1#081804A2AB44
(1785789758.775093) can0 18F018F1#FA00ED7E820E
(1785789758.778036) can0 18FEF1F8#FFC416FFFFFFFFFF
(1785789758.779182) can0 18F005F8#7EFFFF7EFFFFFFFF
(1785789758.835788) can0 1CECFFF1#20120003FF19F000
(1785789758.836344) can0 18FF09D1#01000A00D5ECE1
(1785789758.836912) can0 1CEBFFF1#01271000006AA9FF
(1785789758.837692) can0 1CEBFFF1#02FFFE27FFFFF9E1
(1785789758.838693) can0 1CEBFFF1#03FFB8EEC9FFFFFF
(1785789758.864723) can0 18F015F1#0000460A47C34519
(1785789758.878013) can0 18FEF1F8#FFCC16FFFFFFFFFF
(1785789758.879148) can0 18F005F8#7EFFFF7EFFFFFFFF
(1785789758.935724) can0 1CECFFF1#20120003FF19F000
(1785789758.936356) can0 18FF09D1#01000A00D5ECE1
(1785789758.936957) can0 1CEBFFF1#01271000006D21FF
(1785789758.937716) can0 1CEBFFF1#02FFFE20FFFFF9B8
(1785789758.938709) can0 1CEBFFF1#03FFC07619FFFFFF
(1785789758.964852) can0 18F015F1#0000461047BE44F5
(1785789758.978177) can0 18FEF1F8#FFBC16FFFFFFFFFF
(1785789758.979462) can0 18F005F8#7EFFFF7EFFFFFFFF
(1785789759.035916) can0 1CECFFF1#20120003FF19F000
(1785789759.036458) can0 18FF09D1#01000A00D5ECE1
(1785789759.037107) can0 1CEBFFF1#01271000006F9EFF
(1785789759.037754) can0 1CEBFFF1#02FFFE19FFFFF990
(1785789759.038769) can0 1CEBFFF1#03FFC4AFAEFFFFFF
(1785789759.064750) can0 18F015F1#0000461347B244F8
(1785789759.078443) can0 18FEF1F8#FFDC16FFFFFFFFFF
(1785789759.079895) can0 18F005F8#7EFFFF7EFFFFFFFF
(1785789759.136392) can0 18FF09D1#01000A00D5ECE1
(1785789759.136951) can0 1CECFFF1#20120003FF19F000
(1785789759.137704) can0 1CEBFFF1#01271000007218FF
(1785789759.138712) can0 1CEBFFF1#02FFFE12FFFFF969
(1785789759.139726) can0 1CEBFFF1#03FFC7391FFFFFFF
(1785789759.165709) can0 18F015F1#0000461A479E44FF
(1785789759.178042) can0 18FEF1F8#FFD816FFFFFFFFFF
(1785789759.179185) can0 18F005F8#7EFFFF7EFFFFFFFF
(1785789759.236749) can0 1CECFFF1#20120003FF19F000
(1785789759.237230) can0 18FF09D1#01000A00D5ECE1
(1785789759.237530) can0 18FF14D1#
(1785789759.238706) can0 1CEBFFF1#02FFFE0DFFFFF945
(1785789759.239704) can0 1CEBFFF1#03FFD4B28BFFFFFF
(1785789759.265721) can0 18F015F1#00004626476A4507
(1785789759.278032) can0 18FEF1F8#FFE016FFFFFFFFFF
(1785789759.279194) can0 18F005F8#7EFFFF7EFFFFFFFF
(1785789759.336435) can0 18FF09D1#01000A00D574DC
(1785789759.336872) can0 1CECFFF1#20120003FF19F000
(1785789759.337715) can0 1CEBFFF1#01271000007705FF
(1785789759.338722) can0 1CEBFFF1#02FFFE08FFFFF926
(1785789759.339737) can0 1CEBFFF1#03FFD94776FFFFFF
(1785789759.365823) can0 18F015F1#0000462947404517
(1785789759.378013) can0 18FEF1F8#FFD016FFFFFFFFFF
(1785789759.379152) can0 18F005F8#7EFFFF7EFFFFFFFF
(1785789759.436524) can0 18FF09D1#01000A00D574DC
(1785789759.437096) can0 1CECFFF1#20120003FF19F000
(1785789759.437693) can0 1CEBFFF1#0127100000797EFF
(1785789759.438690) can0 1CEBFFF1#02FFFE04FFFFF90C
(1785789759.439691) can0 1CEBFFF1#03FFDE7FBCFFFFFF
(1785789759.466028) can0 18F015F1#000046304732451F
(1785789759.478269) can0 18FEF1F8#FFCC16FFFFFFFFFF
(1785789759.479532) can0 18F005F8#7EFFFF7EFFFFFFFF
(1785789759.536382) can0 18FF09D1#01000A00D574DC
(1785789759.536947) can0 1CECFFF1#20120003FF19F000
(1785789759.537712) can0 1CEBFFF1#01271000007BFEFF
(1785789759.538710) can0 1CEBFFF1#02FFFE00FFFFF8F3
(1785789759.539698) can0 1CEBFFF1#03FFE6A499FFFFFF
(1785789759.565701) can0 18F015F1#000046364742451C
(1785789759.578003) can0 18FEF1F8#FFE416FFFFFFFFFF
(1785789759.579141) can0 18F005F8#7EFFFF7EFFFFFFFF
(1785789759.636382) can0 18FF09D1#01000A00D574DC
(1785789759.636952) can0 1CECFFF1#20120003FF19F000
(1785789759.637720) can0 1CEBFFF1#01271000007E72FF
(1785789759.638723) can0 1CEBFFF1#02FFFDFEFFFFF8D8
(1785789759.639715) can0 1CEBFFF1#03FFEAED2CFFFFFF
(1785789759.665718) can0 18F015F1#00004637475C450C
(1785789759.678132) can0 18FEF1F8#FF0417FFFFFFFFFF
(1785789759.679370) can0 18F005F8#7EFFFF7EFFFFFFFF
(1785789759.736853) can0 1CECFFF1#20120003FF19F000
(1785789759.737482) can0 18FF09D1#01000A00D574DC
(1785789759.737667) can0 18FF14D1#
(1785789759.738723) can0 1CEBFFF1#02FFFDFBFFFFF8B9
(1785789759.739698) can0 1CEBFFF1#03FFE7A6E5FFFFFF
(1785789759.766700) can0 18F015F1#000046354771450D
(1785789759.775826) can0 18F017F1#073805D3C09E
(1785789759.776165) can0 18F018F1#FC2BE6BB885B
(1785789759.778027) can0 18FEF1F8#FFFC16FFFFFFFFFF
(1785789759.779247) can0 18F005F8#7EFFFF7EFFFFFFFF
(1785789759.836399) can0 18FF09D1#01000A00D574DC
(1785789759.837724) can0 1CECFFF1#20120003FF19F000
(1785789759.843255) can0 1CEBFFF1#0127100000836FFF
(1785789759.843406) can0 1CEBFFF1#02FFFDF8FFFFF899
(1785789759.843869) can0 1CEBFFF1#03FFE9469BFFFFFF
(1785789759.866738) can0 18F015F1#0000463B4788450B
(1785789759.878027) can0 18FEF1F8#FF0817FFFFFFFFFF
(1785789759.879253) can0 18F005F8#7EFFFF7EFFFFFFFF
(1785789759.936542) can0 18ECFFD1#200E0002FF09FF00
(1785789759.936993) can0 18EBFFD1#0101000A00D574DC
(1785789759.937562) can0 18EBFFD1#0201000B00D3A0DD
(1785789759.938131) can0 1CECFFF1#20120003FF19F000
(1785789759.938702) can0 1CEBFFF1#012710000085EDFF
(1785789759.939703) can0 1CEBFFF1#02FFFDF6FFFFF875
(1785789759.940701) can0 1CEBFFF1#03FFEF039FFFFFFF
(1785789759.966744) can0 18F015F1#0000463C47A2450F
(1785789759.978177) can0 18FEF1F8#FFFC16FFFFFFFFFF
(1785789759.979446) can0 18F005F8#7EFFFF7EFFFFFFFF
(1785789760.036645) can0 18ECFFD1#200E0002FF09FF00
(1785789760.037305) can0 18EBFFD1#0101000A00D574DC
(1785789760.037750) can0 18EBFFD1#0201000B00D3A0DD
(1785789760.038272) can0 1CECFFF1#20120003FF19F000
(1785789760.038785) can0 1CEBFFF1#01271000008871FF
(1785789760.039767) can0 1CEBFFF1#02FFFDF4FFFFF84E
(1785789760.040758) can0 1CEBFFF1#03FFEE4F23FFFFFF
(1785789760.066727) can0 18F015F1#0000463E47B34519
(1785789760.078029) can0 18FEF1F8#FF0C17FFFFFFFFFF
(1785789760.079233) can0 18F005F8#7EFFFF7EFFFFFFFF
(1785789760.136490) can0 18ECFFD1#200E0002FF09FF00
(1785789760.136970) can0 18EBFFD1#0101000A00D574DC
(1785789760.137524) can0 18EBFFD1#0201000B00D3A0DD
(1785789760.138100) can0 1CECFFF1#20120003FF19F000
(1785789760.138706) can0 1CEBFFF1#01271000008AEAFF
(1785789760.139709) can0 1CEBFFF1#02FFFDF2FFFFF827
(1785789760.140692) can0 1CEBFFF1#03FFF3BB74FFFFFF
(1785789760.166712) can0 18F015F1#0000464247AE4515
(1785789760.178027) can0 18FEF1F8#FFEC16FFFFFFFFFF
(1785789760.179214) can0 18F005F8#7EFFFF7EFFFFFFFF
(1785789760.236511) can0 18ECFFD1#200E0002FF09FF00
(1785789760.237037) can0 18EBFFD1#0101000A00D574DC
(1785789760.237590) can0 18EBFFD1#0201000B00D3A0DD
(1785789760.238168) can0 1CECFFF1#20120003FF19F000
(1785789760.238735) can0 1CEBFFF1#01271000008D65FF
(1785789760.239006) can0 18FF14D1#
(1785789760.239709) can0 1CEBFFF1#02FFFDF1FFFFF800
(1785789760.240706) can0 1CEBFFF1#03FFF46FDAFFFFFF
(1785789760.267721) can0 18F015F1#0000464347A74518
(1785789760.277997) can0 18FEF1F8#FFC816FFFFFFFFFF
(1785789760.279154) can0 18F005F8#7EFFFF7EFFFFFFFF
(1785789760.336916) can0 18ECFFD1#200E0002FF09FF00
(1785789760.337299) can0 18EBFFD1#0101000A00D574DC
(1785789760.339105) can0 18EBFFD1#0201000B00D3A0DD
(1785789760.339255) can0 1CEBFFF1#01271000008FDDFF
(1785789760.339726) can0 1CEBFFF1#02FFFDEFFFFFF7DA
(1785789760.340716) can0 1CEBFFF1#03FFF4E483FFFFFF
(1785789760.366803) can0 18F015F1#0000464447AA4522
(1785789760.378001) can0 18FEF1F8#FFBC16FFFFFFFFFF
(1785789760.379163) can0 18F005F8#7EFFFF7EFFFFFFFF
(1785789760.436678) can0 18ECFFD1#200E0002FF09FF00
(1785789760.437048) can0 18EBFFD1#0101000A00D574DC
(1785789760.437572) can0 18EBFFD1#0201000B00D3A0DD
(1785789760.438934) can0 1CECFFF1#20120003FF19F000
(1785789760.439736) can0 1CEBFFF1#01271000009253FF
(1785789760.440695) can0 1CEBFFF1#02FFFDEEFFFFF7B4
(1785789760.441707) can0 1CEBFFF1#03FFF8FA43FFFFFF
(1785789760.467234) can0 18F015F1#0000464747B74521
(1785789760.478238) can0 18FEF1F8#FF1417FFFFFFFFFF
(1785789760.479792) can0 18F005F8#7EFFFF7EFFFFFFFF
(1785789760.536445) can0 18ECFFD1#200E0002FF09FF00
(1785789760.536971) can0 18EBFFD1#0101000A00D574DC
(1785789760.537532) can0 18EBFFD1#0201000B00D3A0DD
(1785789760.538104) can0 1CECFFF1#20120003FF19F000
(1785789760.538720) can0 1CEBFFF1#012710000094D9FF
(1785789760.539719) can0 1CEBFFF1#02FFFDEDFFFFF78B
(1785789760.540748) can0 1CEBFFF1#03FFF7E080FFFFFF
(1785789760.567716) can0 18F015F1#0000464547CA451D
(1785789760.578017) can0 18FEF1F8#FF0417FFFFFFFFFF
(1785789760.579160) can0 18F005F8#7EFFFF7EFFFFFFFF
(1785789760.636509) can0 18ECFFD1#200E0002FF09FF00
(1785789760.636985) can0 18EBFFD1#0101000A00D574DC
(1785789760.637524) can0 18EBFFD1#0201000B00D3A0DD
(1785789760.638725) can0 1CECFFF1#20120003FF19F000
(1785789760.639713) can0 1CEBFFF1#01271000009751FF
(1785789760.640700) can0 1CEBFFF1#02FFFDECFFFFF761
(1785789760.641725) can0 1CEBFFF1#03FFF3B137FFFFFF
(1785789760.667871) can0 18F015F1#0000464047D74518
(1785789760.678101) can0 18FEF1F8#FFF416FFFFFFFFFF
(1785789760.679337) can0 18F005F8#7EFFFF7EFFFFFFFF
(1785789760.736588) can0 18ECFFD1#200E0002FF09FF00
(1785789760.737073) can0 18EBFFD1#0101000A00D5D8DC
(1785789760.737677) can0 18EBFFD1#0201000B00D3A0DD
(1785789760.738282) can0 18FF14D1#
(1785789760.738857) can0 1CECFFF1#20120003FF19F000
(1785789760.739701) can0 1CEBFFF1#012710000099CDFF
(1785789760.740700) can0 1CEBFFF1#02FFFDEAFFFFF735
(1785789760.741720) can0 1CEBFFF1#03FFEEEDFBFFFFFF
(1785789760.768736) can0 18F015F1#0000463B47D5450E
(1785789760.777630) can0 18F017F1#073805D3C09E
(1785789760.778109) can0 18F018F1#FC2BE6BB885B
(1785789760.778635) can0 18FEF1F8#FFDC16FFFFFFFFFF
(1785789760.779795) can0 18F005F8#7EFFFF7EFFFFFFFF
(1785789760.836485) can0 18ECFFD1#200E0002FF09FF00
(1785789760.836974) can0 18EBFFD1#0101000A00D5D8DC
(1785789760.837526) can0 18EBFFD1#0201000B00D3A0DD
(1785789760.838718) can0 1CECFFF1#20120003FF19F000
(1785789760.839714) can0 1CEBFFF1#01271000009C4DFF
(1785789760.840701) can0 1CEBFFF1#02FFFDE8FFFFF70A
(1785789760.841701) can0 1CEBFFF1#03FFE92D0CFFFFFF
(1785789760.867727) can0 18F015F1#0000463647CD4512
(1785789760.878001) can0 18FEF1F8#FF8816FFFFFFFFFF
(1785789760.879195) can0 18F005F8#7EFFFF7EFFFFFFFF
(1785789760.936425) can0 18ECFFD1#200E0002FF09FF00
(1785789760.936959) can0 18EBFFD1#0101000A00D5D8DC
(1785789760.937513) can0 18EBFFD1#0201000B00D3A0DD
(1785789760.938735) can0 1CECFFF1#20120003FF19F000
(1785789760.939732) can0 1CEBFFF1#01271000009EB7FF
(1785789760.940712) can0 1CEBFFF1#02FFFDE5FFFFF6E1
(1785789760.941721) can0 1CEBFFF1#03FFE4FCBBFFFFFF
(1785789760.967706) can0 18F015F1#0000463247C94518
(1785789760.977999) can0 18FEF1F8#FF8C16FFFFFFFFFF
(1785789760.979207) can0 18F005F8#7EFFFF7EFFFFFFFF
(1785789761.036638) can0 18ECFFD1#200E0002FF09FF00
(1785789761.037081) can0 18EBFFD1#0101000A00D5D8DC
(1785789761.037562) can0 18EBFFD1#0201000B00D3A0DD
(1785789761.038796) can0 1CECFFF1#20120003FF19F000
(1785789761.039801) can0 1CEBFFF1#0127100000A128FF
(1785789761.040770) can0 1CEBFFF1#02FFFDE2FFFFF6B8
(1785789761.041898) can0 1CEBFFF1#03FFE26F04FFFFFF
(1785789761.068014) can0 18F015F1#0000463047CA4518
(1785789761.078473) can0 18FEF1F8#FF7416FFFFFFFFFF
(1785789761.080233) can0 18F005F8#7EFFFF7EFFFFFFFF
(1785789761.136843) can0 18ECFFD1#200E0002FF09FF00
(1785789761.137186) can0 18EBFFD1#0101000A00D5D8DC
(1785789761.137552) can0 18EBFFD1#0201000B00D3A0DD
(1785789761.138736) can0 1CECFFF1#20120003FF19F000
(1785789761.139716) can0 1CEBFFF1#0127100000A39DFF
(1785789761.140709) can0 1CEBFFF1#02FFFDDEFFFFF68E
(1785789761.141714) can0 1CEBFFF1#03FFE06A27FFFFFF
(1785789761.167755) can0 18F015F1#0000462E47CB451A
(1785789761.178025) can0 18FEF1F8#FF7816FFFFFFFFFF
(1785789761.179222) can0 18F005F8#7EFFFF7EFFFFFFFF
(1785789761.236675) can0 18ECFFD1#200E0002FF09FF00
(1785789761.237149) can0 18EBFFD1#0101000A00D5D8DC
(1785789761.237698) can0 18EBFFD1#0201000B00D3A0DD
(1785789761.238373) can0 18FF14D1#
(1785789761.238866) can0 18FF16D1#01000A0064
(1785789761.239752) can0 1CECFFF1#20120003FF19F000
(1785789761.240726) can0 1CEBFFF1#0127100000A605FF
(1785789761.241707) can0 1CEBFFF1#02FFFDDBFFFFF666
(1785789761.242704) can0 1CEBFFF1#03FFDDE1E8FFFFFF
(1785789761.268736) can0 18F015F1#0000462A47C6451E
(1785789761.278016) can0 18FEF1F8#FF7816FFFFFFFFFF
(1785789761.279224) can0 18F005F8#7EFFFF7EFFFFFFFF
(1785789761.336539) can0 18ECFFD1#200E0002FF09FF00
(1785789761.336979) can0 18EBFFD1#0101000A00D5D8DC
(1785789761.337504) can0 18EBFFD1#0201000B00D3A0DD
(1785789761.339910) can0 1CECFFF1#20120003FF19F000
(1785789761.340746) can0 1CEBFFF1#0127100000A874FF
(1785789761.343830) can0 1CEBFFF1#02FFFDD6FFFFF63D
(1785789761.344202) can0 1CEBFFF1#03FFD9DB03FFFFFF
(1785789761.368866) can0 18F015F1#0000462947C8451A
(1785789761.378005) can0 18FEF1F8#FF7016FFFFFFFFFF
(1785789761.379146) can0 18F005F8#7EFFFF7EFFFFFFFF
(1785789761.436477) can0 18ECFFD1#200E0002FF09FF00
(1785789761.436953) can0 18EBFFD1#0101000A00D5D8DC
(1785789761.437507) can0 18EBFFD1#0201000B00D3A0DD
(1785789761.439791) can0 1CECFFF1#20120003FF19F000
(1785789761.440741) can0 1CEBFFF1#0127100000AAE2FF
(1785789761.441735) can0 1CEBFFF1#02FFFDD2FFFFF614
(1785789761.442744) can0 1CEBFFF1#03FFD99E8DFFFFFF
(1785789761.468834) can0 18F015F1#0000462847CD4512
(1785789761.478617) can0 18FEF1F8#FF6016FFFFFFFFFF
(1785789761.480105) can0 18F005F8#7EFFFF7EFFFFFFFF
(1785789761.536430) can0 18ECFFD1#200E0002FF09FF00
(1785789761.536952) can0 18EBFFD1#0101000A00D5D8DC
(1785789761.537504) can0 18EBFFD1#0201000B00D3A0DD
(1785789761.539721) can0 1CECFFF1#20120003FF19F000
(1785789761.540709) can0 1CEBFFF1#0127100000AD54FF
(1785789761.541704) can0 1CEBFFF1#02FFFDCEFFFFF5EA
(1785789761.542704) can0 1CEBFFF1#03FFD66ECCFFFFFF
(1785789761.568726) can0 18F015F1#0000462347D24513
(1785789761.578020) can0 18FEF1F8#FF5816FFFFFFFFFF
(1785789761.579229) can0 18F005F8#7EFFFF7EFFFFFFFF
(1785789761.636430) can0 18ECFFD1#200E0002FF09FF00
(1785789761.636960) can0 18EBFFD1#0101000A00D5D8DC
(1785789761.637516) can0 18EBFFD1#0201000B00D3A0DD
(1785789761.639734) can0 1CECFFF1#20120003FF19F000
(1785789761.640731) can0 1CEBFFF1#0127100000AFB9FF
(1785789761.641721) can0 1CEBFFF1#02FFFDC9FFFFF5C0
(1785789761.642719) can0 1CEBFFF1#03FFD3CDCEFFFFFF
(1785789761.668850) can0 18F015F1#0000462147D74512
(1785789761.678184) can0 18FEF1F8#FF5416FFFFFFFFFF
(1785789761.679440) can0 18F005F8#7EFFFF7EFFFFFFFF
(1785789761.736635) can0 18ECFFD1#200E0002FF09FF00
(1785789761.737214) can0 18EBFFD1#0101000A00D5D8DC
(1785789761.737625) can0 18EBFFD1#0201000B00D3A0DD
(1785789761.738335) can0 18FF14D1#
(1785789761.739767) can0 1CECFFF1#20120003FF19F000
(1785789761.740761) can0 1CEBFFF1#0127100000B224FF
(1785789761.741725) can0 1CEBFFF1#02FFFDC4FFFFF596
(1785789761.742708) can0 1CEBFFF1#03FFD15E99FFFFFF
(1785789761.769737) can0 18F015F1#0000461E47E44517
(1785789761.778007) can0 18FEF1F8#FF5816FFFFFFFFFF
(1785789761.778693) can0 18F017F1#13A8053E7C7B
(1785789761.779182) can0 18F005F8#7EFFFF7EFFFFFFFF
(1785789761.836426) can0 18ECFFD1#200E0002FF09FF00
(1785789761.836933) can0 18EBFFD1#0101000A00D5D8DC
(1785789761.837486) can0 18EBFFD1#0201000B00D3A0DD
(1785789761.839728) can0 1CECFFF1#20120003FF19F000
(1785789761.840709) can0 1CEBFFF1#0127100000B48FFF
(1785789761.841708) can0 1CEBFFF1#02FFFDBFFFFFF56A
(1785789761.842715) can0 1CEBFFF1#03FFCC4E7DFFFFFF
(1785789761.868735) can0 18F015F1#0000461B47DD4522
(1785789761.877999) can0 18FEF1F8#FF7016FFFFFFFFFF
(1785789761.879160) can0 18F005F8#7EFFFF7EFFFFFFFF
(1785789761.936405) can0 18ECFFD1#200E0002FF09FF00
(1785789761.936947) can0 18EBFFD1#0101000A00D5D8DC
(1785789761.937500) can0 18EBFFD1#0201000B00D3A0DD
(1785789761.939735) can0 1CECFFF1#20120003FF19F000
(1785789761.940726) can0 1CEBFFF1#0127100000B6FDFF
(1785789761.941719) can0 1CEBFFF1#02FFFDB9FFFFF540
(1785789761.942722) can0 1CEBFFF1#03FFCF3922FFFFFF
(1785789761.968858) can0 18F015F1#0000461F47AB4537
(1785789761.978383) can0 18FEF1F8#FF5416FFFFFFFFFF
(1785789761.979753) can0 18F005F8#7EFFFF7EFFFFFFFF
(1785789762.036771) can0 18ECFFD1#200E0002FF09FF00
(1785789762.037578) can0 18EBFFD1#0201000B00D3A0DD
(1785789762.037887) can0 18EBFFD1#0101000A00D5D8DC
(1785789762.040900) can0 1CECFFF1#20120003FF19F000
(1785789762.041796) can0 1CEBFFF1#0127100000B96EFF
(1785789762.042772) can0 1CEBFFF1#02FFFDB4FFFFF51B
(1785789762.043773) can0 1CEBFFF1#03FFD170E9FFFFFF
(1785789762.070430) can0 18F015F1#0000461F47634546
(1785789762.078392) can0 18FEF1F8#FF4016FFFFFFFFFF
(1785789762.079610) can0 18F005F8#7EFFFF7EFFFFFFFF
(1785789762.136458) can0 18ECFFD1#200E0002FF09FF00
(1785789762.136927) can0 18EBFFD1#0101000A00D5D8DC
(1785789762.137467) can0 18EBFFD1#0201000B00D3A0DD
(1785789762.140768) can0 1CECFFF1#20120003FF19F000
(1785789762.141729) can0 1CEBFFF1#0127100000BBD8FF
(1785789762.142715) can0 1CEBFFF1#02FFFDAFFFFFF4FF
(1785789762.143718) can0 1CEBFFF1#03FFCDFEB3FFFFFF
(1785789762.169766) can0 18F015F1#0000461B471F4541
(1785789762.178042) can0 18FEF1F8#FF3C16FFFFFFFFFF
(1785789762.179250) can0 18F005F8#7EFFFF7EFFFFFFFF
(1785789762.236491) can0 18ECFFD1#200E0002FF09FF00
(1785789762.237021) can0 18EBFFD1#0101000A00D5D8DC
(1785789762.237568) can0 18EBFFD1#0201000B00D3A0DD
(1785789762.238274) can0 18FF14D1#
(1785789762.240730) can0 1CECFFF1#20120003FF19F000
(1785789762.241721) can0 1CEBFFF1#0127100000BE3BFF
(1785789762.242712) can0 1CEBFFF1#02FFFDA9FFFFF4EA
(1785789762.243735) can0 1CEBFFF1#03FFCA73D1FFFFFF
(1785789762.270750) can0 18F015F1#0000461946E5452B
(1785789762.278037) can0 18FEF1F8#FFDC16FFFFFFFFFF
(1785789762.279224) can0 18F005F8#7EFFFF7EFFFFFFFF
(1785789762.336489) can0 18ECFFD1#200E0002FF09FF00
(1785789762.336973) can0 18EBFFD1#0101000A00D5D8DC
(1785789762.337495) can0 18EBFFD1#0201000B00D3A0DD
(1785789762.340752) can0 1CECFFF1#20120003FF19F000
(1785789762.341733) can0 1CEBFFF1#0127100000C0B5FF
(1785789762.342730) can0 1CEBFFF1#02FFFDA3FFFFF4D9
(1785789762.345521) can0 1CEBFFF1#03FFC9FFFEFFFFFF
(1785789762.369810) can0 18F015F1#0000461746BE451C
(1785789762.378254) can0 18FEF1F8#FFD016FFFFFFFFFF
(1785789762.379439) can0 18F005F8#7EFFFF7EFFFFFFFF
(1785789762.437074) can0 18FF09D1#01000A00D5D8DC
(1785789762.441023) can0 1CECFFF1#20120003FF19F000
(1785789762.441741) can0 1CEBFFF1#0127100000C335FF
(1785789762.442769) can0 1CEBFFF1#02FFFD9CFFFFF4CE
(1785789762.443742) can0 1CEBFFF1#03FFC63A6CFFFFFF
(1785789762.470041) can0 18F015F1#0000461146C84526
(1785789762.478305) can0 18FEF1F8#FFCC16FFFFFFFFFF
(1785789762.479558) can0 18F005F8#7EFFFF7EFFFFFFFF
(1785789762.536277) can0 18FF09D1#01000A00D5D8DC
(1785789762.540745) can0 1CECFFF1#20120003FF19F000
(1785789762.541731) can0 1CEBFFF1#0127100000C5AEFF
(1785789762.542734) can0 1CEBFFF1#02FFFD96FFFFF4BF
(1785789762.543739) can0 1CEBFFF1#03FFBFED87FFFFFF
(1785789762.569742) can0 18F015F1#0000460B470E4559
(1785789762.577998) can0 18FEF1F8#FFB816FFFFFFFFFF
(1785789762.579121) can0 18F005F8#7EFFFF7EFFFFFFFF
(1785789762.636279) can0 18FF09D1#01000A00D5D8DC
(1785789762.640734) can0 1CECFFF1#20120003FF19F000
(1785789762.641723) can0 1CEBFFF1#0127100000C81FFF
(1785789762.642733) can0 1CEBFFF1#02FFFD8EFFFFF4A9
(1785789762.643853) can0 1CEBFFF1#03FFBFC541FFFFFF
(1785789762.669823) can0 18F015F1#0000461147684558
(1785789762.678296) can0 18FEF1F8#FF6417FFFFFFFFFF
(1785789762.679525) can0 18F005F8#7EFFFF7EFFFFFFFF
(1785789762.736601) can0 18FF09D1#01000A00D5D8DC
(1785789762.737388) can0 18FF14D1#
(1785789762.741768) can0 1CECFFF1#20120003FF19F000
(1785789762.742718) can0 1CEBFFF1#0127100000CAAEFF
(1785789762.743710) can0 1CEBFFF1#02FFFD87FFFFF487
(1785789762.744728) can0 1CEBFFF1#03FFC11593FFFFFF
(1785789762.770731) can0 18F015F1#0000461047B0453E
(1785789762.777985) can0 18FEF1F8#FF7017FFFFFFFFFF
(1785789762.779114) can0 18F005F8#7EFFFF7EFFFFFFFF
(1785789762.780651) can0 18F017F1#13A8053E7C7B
(1785789762.781112) can0 18F018F1#EF12ED0F83C7
(1785789762.836302) can0 18FF09D1#01000A00D5D8DC
(1785789762.841747) can0 1CECFFF1#20120003FF19F000
(1785789762.842729) can0 1CEBFFF1#0127100000CD31FF
(1785789762.843732) can0 1CEBFFF1#02FFFD80FFFFF45E
(1785789762.844738) can0 1CEBFFF1#03FFBE134DFFFFFF
(1785789762.870765) can0 18F015F1#0000460D47E1451F
(1785789762.878012) can0 18FEF1F8#FF7017FFFFFFFFFF
(1785789762.879129) can0 18F005F8#7EFFFF7EFFFFFFFF
(1785789762.936272) can0 18FF09D1#01000A00D5D8DC
(1785789762.941742) can0 1CECFFF1#20120003FF19F000
(1785789762.942744) can0 1CEBFFF1#0127100000CFBAFF
(1785789762.943736) can0 1CEBFFF1#02FFFD78FFFFF430
(1785789762.944738) can0 1CEBFFF1#03FFBAE321FFFFFF
(1785789762.970820) can0 18F015F1#0000460947FE451F
(1785789762.978245) can0 18FEF1F8#FFCC16FFFFFFFFFF
(1785789762.979441) can0 18F005F8#7EFFFF7EFFFFFFFF
(1785789763.036418) can0 18FF09D1#01000A00D5D8DC
(1785789763.042571) can0 1CECFFF1#20120003FF19F000
(1785789763.043673) can0 1CEBFFF1#0127100000D238FF
(1785789763.044027) can0 1CEBFFF1#02FFFD70FFFFF400
(1785789763.044755) can0 1CEBFFF1#03FFBBBAE7FFFFFF
(1785789763.070804) can0 18F015F1#0000460B4803454C
(1785789763.078259) can0 18FEF1F8#FFCC16FFFFFFFFFF
(1785789763.079469) can0 18F005F8#7EFFFF7EFFFFFFFF
(1785789763.136431) can0 18FF09D1#01000A00D5D8DC
(1785789763.142236) can0 1CECFFF1#20120003FF19F000
(1785789763.142734) can0 1CEBFFF1#0127100000D4B0FF
(1785789763.144138) can0 1CEBFFF1#02FFFD69FFFFF3D0
(1785789763.144819) can0 1CEBFFF1#03FFBF9FE5FFFFFF
(1785789763.170763) can0 18F015F1#0000461147EC454E
(1785789763.178027) can0 18FEF1F8#FFB016FFFFFFFFFF
(1785789763.179227) can0 18F005F8#7EFFFF7EFFFFFFFF
(1785789763.236044) can0 18FF14D1#
(1785789763.241749) can0 1CECFFF1#20120003FF19F000
(1785789763.242719) can0 1CEBFFF1#0127100000D71EFF
(1785789763.243719) can0 1CEBFFF1#02FFFD62FFFFF3A3
(1785789763.244730) can0 1CEBFFF1#03FFC08ADDFFFFFF
(1785789763.271764) can0 18F015F1#0000460E47D54541
(1785789763.278017) can0 18FEF1F8#FFA416FFFFFFFFFF
(1785789763.279144) can0 18F005F8#7EFFFF7EFFFFFFFF
(1785789763.342844) can0 1CECFFF1#20120003FF19F000
(1785789763.343736) can0 1CEBFFF1#0127100000D991FF
(1785789763.344752) can0 1CEBFFF1#02FFFD5BFFFFF379
(1785789763.345740) can0 1CEBFFF1#03FFBD52E5FFFFFF
(1785789763.371888) can0 18F015F1#0000460B47C24530
(1785789763.378260) can0 18FEF1F8#FF6016FFFFFFFFFF
(1785789763.379571) can0 18F005F8#7EFFFF7EFFFFFFFF
(1785789763.442239) can0 1CECFFF1#20120003FF19F000
(1785789763.442950) can0 1CEBFFF1#0127100000DC04FF
(1785789763.443776) can0 1CEBFFF1#02FFFD53FFFFF350
(1785789763.444870) can0 1CEBFFF1#03FFBA5A1CFFFFFF
(1785789763.471953) can0 18F015F1#0000460947C14530
(1785789763.478253) can0 18FEF1F8#FF6C16FFFFFFFFFF
(1785789763.479750) can0 18F005F8#7EFFFF7EFFFFFFFF
(1785789763.542765) can0 1CECFFF1#20120003FF19F000
(1785789763.543734) can0 1CEBFFF1#0127100000DE71FF
(1785789763.544726) can0 1CEBFFF1#02FFFD4CFFFFF328
(1785789763.545732) can0 1CEBFFF1#03FFBA4830FFFFFF
(1785789763.571745) can0 18F015F1#0000460A47D6453B
(1785789763.578005) can0 18FEF1F8#FF7016FFFFFFFFFF
(1785789763.579168) can0 18F005F8#7EFFFF7EFFFFFFFF
(1785789763.642844) can0 1CECFFF1#20120003FF19F000
(1785789763.643761) can0 1CEBFFF1#0127100000E0D9FF
(1785789763.644750) can0 1CEBFFF1#02FFFD44FFFFF2FE
(1785789763.645739) can0 1CEBFFF1#03FFBBB919FFFFFF
(1785789763.671775) can0 18F015F1#0000460A47E5454C
(1785789763.678297) can0 18FEF1F8#FFC816FFFFFFFFFF
(1785789763.679530) can0 18F005F8#7EFFFF7EFFFFFFFF
(1785789763.736053) can0 18FF14D1#
(1785789763.742770) can0 1CECFFF1#20120003FF19F000
(1785789763.743727) can0 1CEBFFF1#0127100000E356FF
(1785789763.744723) can0 1CEBFFF1#02FFFD3CFFFFF2D1
(1785789763.745736) can0 1CEBFFF1#03FFBBA54DFFFFFF
(1785789763.772737) can0 18F015F1#0000460A47DD454B
(1785789763.778001) can0 18FEF1F8#FFB016FFFFFFFFFF
(1785789763.779167) can0 18F005F8#7EFFFF7EFFFFFFFF
(1785789763.781670) can0 18F017F1#1C4A0BE07EF4
(1785789763.782135) can0 18F018F1#EA0DDEB18060
(1785789763.842783) can0 1CECFFF1#20120003FF19F000
(1785789763.843745) can0 1CEBFFF1#0127100000E5C5FF
(1785789763.844740) can0 1CEBFFF1#02FFFD35FFFFF2A6
(1785789763.845742) can0 1CEBFFF1#03FFBC33DFFFFFFF
(1785789763.871771) can0 18F015F1#0000460C47CB4539
(1785789763.878021) can0 18FEF1F8#FFBC16FFFFFFFFFF
(1785789763.879245) can0 18F005F8#7EFFFF7EFFFFFFFF
(1785789763.936646) can0 18FF09D1#01000B00D310DC
(1785789763.942765) can0 1CECFFF1#20120003FF19F000
(1785789763.943744) can0 1CEBFFF1#0127100000E83BFF
(1785789763.944757) can0 1CEBFFF1#02FFFD2DFFFFF27C
(1785789763.945750) can0 1CEBFFF1#03FFBB33FDFFFFFF
(1785789763.971735) can0 18F015F1#0000460947B74528
(1785789763.978409) can0 18FEF1F8#FFA016FFFFFFFFFF
(1785789763.979588) can0 18F005F8#7EFFFF7EFFFFFFFF
(1785789764.036371) can0 18FF09D1#01000B00D310DC
(1785789764.042842) can0 1CECFFF1#20120003FF19F000
(1785789764.043797) can0 1CEBFFF1#0127100000EAAEFF
(1785789764.044846) can0 1CEBFFF1#02FFFD26FFFFF255
(1785789764.045854) can0 1CEBFFF1#03FFB9F302FFFFFF
(1785789764.071861) can0 18F015F1#00004606479A4524
(1785789764.078972) can0 18FEF1F8#FF7816FFFFFFFFFF
(1785789764.080643) can0 18F005F8#7EFFFF7EFFFFFFFF
(1785789764.136247) can0 18FF09D1#01000B00D310DC
(1785789764.143853) can0 1CECFFF1#20120003FF19F000
(1785789764.144764) can0 1CEBFFF1#0127100000ED23FF
(1785789764.146063) can0 1CEBFFF1#02FFFD1DFFFFF232
(1785789764.146773) can0 1CEBFFF1#03FFBA4B1EFFFFFF
(1785789764.172768) can0 18F015F1#0000460A4786453E
(1785789764.178015) can0 18FEF1F8#FF6C16FFFFFFFFFF
(1785789764.179148) can0 18F005F8#7EFFFF7EFFFFFFFF
(1785789764.236354) can0 18FF09D1#01000B00D310DC
(1785789764.236730) can0 18FF14D1#
(1785789764.243755) can0 1CECFFF1#20120003FF19F000
(1785789764.244746) can0 1CEBFFF1#0127100000EF8BFF
(1785789764.245771) can0 1CEBFFF1#02FFFD16FFFFF211
(1785789764.246747) can0 1CEBFFF1#03FFBCE604FFFFFF
(1785789764.272772) can0 18F015F1#0000460A4791454D
(1785789764.278020) can0 18FEF1F8#FF8416FFFFFFFFFF
(1785789764.279164) can0 18F005F8#7EFFFF7EFFFFFFFF
(1785789764.336464) can0 18ECFFD1#200E0002FF09FF00
(1785789764.336906) can0 18EBFFD1#0101000B00D310DC
(1785789764.337462) can0 18EBFFD1#0201000A00D5D8DC
(1785789764.343925) can0 1CECFFF1#20120003FF19F000
(1785789764.344780) can0 1CEBFFF1#0127100000F1FBFF
(1785789764.345830) can0 1CEBFFF1#02FFFD0EFFFFF1ED
(1785789764.346753) can0 1CEBFFF1#03FFBC7ADEFFFFFF
(1785789764.372913) can0 18F015F1#0000460C47A7453D
(1785789764.378315) can0 18FEF1F8#FF7016FFFFFFFFFF
(1785789764.379591) can0 18F005F8#7EFFFF7EFFFFFFFF
(1785789764.436478) can0 18ECFFD1#200E0002FF09FF00
(1785789764.436899) can0 18EBFFD1#0101000B00D310DC
(1785789764.437446) can0 18EBFFD1#0201000A00D5D8DC
(1785789764.443788) can0 1CECFFF1#20120003FF19F000
(1785789764.444907) can0 1CEBFFF1#0127100000F470FF
(1785789764.445894) can0 1CEBFFF1#02FFFD07FFFFF1C7
(1785789764.446898) can0 1CEBFFF1#03FFBC58E6FFFFFF
(1785789764.472929) can0 18F015F1#0000460A47AF4526
(1785789764.478070) can0 18FEF1F8#FFB416FFFFFFFFFF
(1785789764.479533) can0 18F005F8#7EFFFF7EFFFFFFFF
(1785789764.536319) can0 18ECFFD1#200E0002FF09FF00
(1785789764.536851) can0 18EBFFD1#0101000B00D310DC
(1785789764.537399) can0 18EBFFD1#0201000A00D5D8DC
(1785789764.543752) can0 1CECFFF1#20120003FF19F000
(1785789764.544737) can0 1CEBFFF1#0127100000F6DFFF
(1785789764.545736) can0 1CEBFFF1#02FFFCFFFFFFF1A1
(1785789764.546732) can0 1CEBFFF1#03FFB996B5FFFFFF
(1785789764.572745) can0 18F015F1#0000460847BA4520
(1785789764.577992) can0 18FEF1F8#FFA816FFFFFFFFFF
(1785789764.579153) can0 18F005F8#7EFFFF7EFFFFFFFF
(1785789764.636323) can0 18ECFFD1#200E0002FF09FF00
(1785789764.636847) can0 18EBFFD1#0101000B00D310DC
(1785789764.637395) can0 18EBFFD1#0201000A00D5D8DC
(1785789764.644063) can0 1CECFFF1#20120003FF19F000
(1785789764.644815) can0 1CEBFFF1#0127100000F953FF
(1785789764.645798) can0 1CEBFFF1#02FFFCF7FFFFF17A
(1785789764.646768) can0 1CEBFFF1#03FFBB2A4FFFFFFF
(1785789764.672850) can0 18F015F1#0000460A47B74521
(1785789764.678368) can0 18FEF1F8#FFA816FFFFFFFFFF
(1785789764.679626) can0 18F005F8#7EFFFF7EFFFFFFFF
(1785789764.736665) can0 18ECFFD1#200E0002FF09FF00
(1785789764.737207) can0 18EBFFD1#0101000B00D310DC
(1785789764.737487) can0 18EBFFD1#0201000A00D5D8DC
(1785789764.738249) can0 18FF14D1#
(1785789764.743803) can0 1CECFFF1#20120003FF19F000
(1785789764.744775) can0 1CEBFFF1#0127100000FBCDFF
(1785789764.745868) can0 1CEBFFF1#02FFFCF0FFFFF152
(1785789764.746803) can0 1CEBFFF1#03FFBF0C88FFFFFF
(1785789764.773759) can0 18F015F1#0000461047B54524
(1785789764.777995) can0 18FEF1F8#FF9416FFFFFFFFFF
(1785789764.779147) can0 18F005F8#7EFFFF7EFFFFFFFF
(1785789764.782665) can0 18F017F1#1C4A0BE07EF4
(1785789764.783129) can0 18F018F1#EA0DDEB18060
(1785789764.836333) can0 18ECFFD1#200E0002FF09FF00
(1785789764.836868) can0 18EBFFD1#0101000B00D310DC
(1785789764.837410) can0 18EBFFD1#0201000A00D5D8DC
(1785789764.843756) can0 1CECFFF1#20120003FF19F000
(1785789764.844744) can0 1CEBFFF1#0127100000FE39FF
(1785789764.845734) can0 1CEBFFF1#02FFFCE9FFFFF12B
(1785789764.846738) can0 1CEBFFF1#03FFC5C84AFFFFFF
(1785789764.873749) can0 18F015F1#0000461647B94525
(1785789764.877989) can0 18FEF1F8#FFA816FFFFFFFFFF
(1785789764.879161) can0 18F005F8#7EFFFF7EFFFFFFFF
(1785789764.936306) can0 18ECFFD1#200E0002FF09FF00
(1785789764.936854) can0 18EBFFD1#0101000B00D3C0E0
(1785789764.937404) can0 18EBFFD1#0201000A00D5D8DC
(1785789764.944798) can0 1CECFFF1#20120003FF19F000
(1785789764.945747) can0 1CEBFFF1#012710000100ADFF
(1785789764.946747) can0 1CEBFFF1#02FFFCE3FFFFF104
(1785789764.947760) can0 1CEBFFF1#03FFCA60D1FFFFFF
(1785789764.973743) can0 18F015F1#0000461A47CB451F
(1785789764.978006) can0 18FEF1F8#FFC016FFFFFFFFFF
(1785789764.979213) can0 18F005F8#7EFFFF7EFFFFFFFF
(1785789765.036688) can0 18ECFFD1#200E0002FF09FF00
(1785789765.037142) can0 18EBFFD1#0101000B00D3C0E0
(1785789765.037438) can0 18EBFFD1#0201000A00D5D8DC
(1785789765.045113) can0 1CECFFF1#20120003FF19F000
(1785789765.045975) can0 1CEBFFF1#01271000010323FF
(1785789765.046836) can0 1CEBFFF1#02FFFCDDFFFFF0DA
(1785789765.047990) can0 1CEBFFF1#03FFD08077FFFFFF
(1785789765.074025) can0 18F015F1#0000461F47D84516
(1785789765.078425) can0 18FEF1F8#FFC016FFFFFFFFFF
(1785789765.080372) can0 18F005F8#7EFFFF7EFFFFFFFF
(1785789765.136349) can0 18ECFFD1#200E0002FF09FF00
(1785789765.136854) can0 18EBFFD1#0101000B00D3C0E0
(1785789765.137399) can0 18EBFFD1#0201000A00D5D8DC
(1785789765.144745) can0 1CECFFF1#20120003FF19F000
(1785789765.145751) can0 1CEBFFF1#012710000105A0FF
(1785789765.146780) can0 1CEBFFF1#02FFFCD7FFFFF0AE
(1785789765.147793) can0 1CEBFFF1#03FFD1D4F2FFFFFF
(1785789765.173774) can0 18F015F1#0000461F47F04509
(1785789765.178052) can0 18FEF1F8#FFD416FFFFFFFFFF
(1785789765.179221) can0 18F005F8#7EFFFF7EFFFFFFFF
(1785789765.236508) can0 18ECFFD1#200E0002FF09FF00
(1785789765.237028) can0 18EBFFD1#0101000B00D3C0E0
(1785789765.237570) can0 18EBFFD1#0201000A00D5D8DC
(1785789765.238270) can0 18FF14D1#
(1785789765.238750) can0 18FF16D1#01000B0064
(1785789765.244860) can0 1CECFFF1#20120003FF19F000
(1785789765.245742) can0 1CEBFFF1#01271000010812FF
(1785789765.246768) can0 1CEBFFF1#02FFFCD2FFFFF080
(1785789765.247777) can0 1CEBFFF1#03FFD17477FFFFFF
(1785789765.274791) can0 18F015F1#00004620480D44FE
(1785789765.278028) can0 18FEF1F8#FFD016FFFFFFFFFF
(1785789765.279175) can0 18F005F8#7EFFFF7EFFFFFFFF
(1785789765.336403) can0 18ECFFD1#200E0002FF09FF00
(1785789765.336953) can0 18EBFFD1#0101000B00D3C0E0
(1785789765.337395) can0 18EBFFD1#0201000A00D5D8DC
(1785789765.344836) can0 1CECFFF1#20120003FF19F000
(1785789765.345748) can0 1CEBFFF1#01271000010A8AFF
(1785789765.346767) can0 1CEBFFF1#02FFFCCDFFFFF04F
(1785789765.347750) can0 1CEBFFF1#03FFD42C47FFFFFF
(1785789765.373937) can0 18F015F1#00004623481C44EF
(1785789765.378452) can0 18FEF1F8#FFEC16FFFFFFFFFF
(1785789765.379619) can0 18F005F8#7EFFFF7EFFFFFFFF
(1785789765.436622) can0 18ECFFD1#200E0002FF09FF00
(1785789765.437046) can0 18EBFFD1#0101000B00D324E1
(1785789765.437356) can0 18EBFFD1#0201000A00D5D8DC
(1785789765.444838) can0 1CECFFF1#20120003FF19F000
(1785789765.445795) can0 1CEBFFF1#01271000010D0BFF
(1785789765.446753) can0 1CEBFFF1#02FFFCC8FFFFF01B
(1785789765.447757) can0 1CEBFFF1#03FFD6C88AFFFFFF
(1785789765.473837) can0 18F015F1#00004624480544ED
(1785789765.478002) can0 18FEF1F8#FFA416FFFFFFFFFF
(1785789765.479150) can0 18F005F8#7EFFFF7EFFFFFFFF
(1785789765.536313) can0 18ECFFD1#200E0002FF09FF00
(1785789765.536835) can0 18EBFFD1#0101000B00D324E1
(1785789765.537383) can0 18EBFFD1#0201000A00D5D8DC
(1785789765.544763) can0 1CECFFF1#20120003FF19F000
(1785789765.545741) can0 1CEBFFF1#01271000010F78FF
(1785789765.546750) can0 1CEBFFF1#02FFFCC3FFFFEFEC
(1785789765.547746) can0 1CEBFFF1#03FFD66CDAFFFFFF
(1785789765.573755) can0 18F015F1#0000462947DC44FF
(1785789765.577998) can0 18FEF1F8#FFB816FFFFFFFFFF
(1785789765.579163) can0 18F005F8#7EFFFF7EFFFFFFFF
(1785789765.636285) can0 18ECFFD1#200E0002FF09FF00
(1785789765.636804) can0 18EBFFD1#0101000B00D324E1
(1785789765.637354) can0 18EBFFD1#0201000A00D5D8DC
(1785789765.645782) can0 1CECFFF1#20120003FF19F000
(1785789765.646747) can0 1CEBFFF1#012710000111EDFF
(1785789765.647762) can0 1CEBFFF1#02FFFCBFFFFFEFC1
(1785789765.648750) can0 1CEBFFF1#03FFDF42F3FFFFFF
(1785789765.674880) can0 18F015F1#0000462F47A04508
(1785789765.678435) can0 18FEF1F8#FFAC16FFFFFFFFFF
(1785789765.679574) can0 18F005F8#7EFFFF7EFFFFFFFF
(1785789765.736467) can0 18ECFFD1#200E0002FF09FF00
(1785789765.736911) can0 18EBFFD1#0101000B00D324E1
(1785789765.737446) can0 18EBFFD1#0201000A00D5D8DC
(1785789765.738187) can0 18FF14D1#
(1785789765.745840) can0 1CECFFF1#20120003FF19F000
(1785789765.746734) can0 1CEBFFF1#01271000011468FF
(1785789765.747751) can0 1CEBFFF1#02FFFCBCFFFFEF9C
(1785789765.748733) can0 1CEBFFF1#03FFE24324FFFFFF
(1785789765.774754) can0 18F015F1#0000463447944512
(1785789765.777988) can0 18FEF1F8#FFAC16FFFFFFFFFF
(1785789765.779135) can0 18F005F8#7EFFFF7EFFFFFFFF
(1785789765.784655) can0 18F017F1#09B90EE979D9
(1785789765.785111) can0