(1784925222.786019) can1 18FEF111#FFF400CCFFFF1FFF
(1784925222.874954) can1 18FEF111#FFFC00CCFFFF1FFF
(1784925223.141428) can1 18FEF111#FF8401CCFFFF1FFF
(1784925223.273790) can1 18FEF111#FF8C01CCFFFF1FFF
(1784925223.317613) can1 18FEF111#FF9801CCFFFF1FFF
(1784925223.365268) can1 18FEF111#FF9C01CCFFFF1FFF
(1784925223.448932) can1 18FEF111#FF2802CCFFFF1FFF
(1784925223.581230) can1 18FEF111#FF3402CCFFFF1FFF
(1784925223.626732) can1 18FEF111#FF3802CCFFFF1FFF
(1784925223.674115) can1 18FEF111#FF4002CCFFFF1FFF
(1784925223.823891) can1 18FEF111#FF1803CCFFFF1FFF
(1784925223.870243) can1 18FEF111#FF1C03CCFFFF1FFF
(1784925224.077399) can1 18FEF111#FF1403CCFFFF1FFF
(1784925224.122442) can1 18FEF111#FF1C03CCFFFF1FFF
(1784925224.214974) can1 18FEF111#FF1004CCFFFF1FFF
(1784925224.260728) can1 18FEF111#FF1C04CCFFFF1FFF
(1784925224.396985) can1 18FEF111#FF2404CCFFFF1FFF
(1784925224.442730) can1 18FEF111#FF2004CCFFFF1FFF
(1784925224.528306) can1 18FEF111#FF2C06CCFFFF1FFF
(1784925224.576687) can1 18FEF111#FF4006CCFFFF1FFF
(1784925224.620487) can1 18FEF111#FF4806CCFFFF1FFF
(1784925224.664502) can1 18FEF111#FF7C06CCFFFF1FFF
(1784925224.708346) can1 18FEF111#FF8806CCFFFF1FFF
(1784925224.754501) can1 18FEF111#FF9406CCFFFF1FFF
(1784925224.828048) can1 18FEF111#FF9806CCFFFF1FFF
(1784925224.901015) can1 18FEF111#FF3809CCFFFF1FFF
(1784925224.972104) can1 18FEF111#FF4409CCFFFF1FFF
(1784925225.060763) can1 18FEF111#FF5009CCFFFF1FFF
(1784925225.105167) can1 18FEF111#FF4C09CCFFFF1FFF
(1784925225.153503) can1 18FEF111#FF6C09CCFFFF1FFF
(1784925225.246107) can1 18FEF111#FF500DCCFFFF1FFF
(1784925225.319685) can1 18FEF111#FFA00DCCFFFF1FFF
(1784925225.365457) can1 18FEF111#FFA40DCCFFFF1FFF
(1784925225.454373) can1 18FEF111#FF000ECCFFFF1FFF
(1784925225.501092) can1 18FEF111#FF240ECCFFFF1FFF
(1784925225.606311) can1 18FEF111#FF5812CCFFFF1FFF
(1784925225.679551) can1 18FEF111#FF4412CCFFFF1FFF
(1784925225.724521) can1 18FEF111#FF3812CCFFFF1FFF
(1784925225.769047) can1 18FEF111#FF3412CCFFFF1FFF
(1784925225.860470) can1 18FEF111#FF4812CCFFFF1FFF
(1784925225.966516) can1 18FEF111#FF2014CCFFFF1FFF
(1784925226.013228) can1 18FEF111#FFFC13CCFFFF1FFF
(1784925226.084041) can1 18FEF111#FF4014CCFFFF1FFF
(1784925226.131044) can1 18FEF111#FFFC13CCFFFF1FFF
(1784925226.177064) can1 18FEF111#FF1814CCFFFF1FFF
(1784925226.220884) can1 18FEF111#FF3414CCFFFF1FFF
(1784925226.324368) can1 18FEF111#FF2015CCFFFF1FFF
(1784925226.368193) can1 18FEF111#FF3015CCFFFF1FFF
(1784925226.443182) can1 18FEF111#FF2815CCFFFF1FFF
(1784925226.486327) can1 18FEF111#FF2C15CCFFFF1FFF
(1784925226.532290) can1 18FEF111#FF3C15CCFFFF1FFF
(1784925226.575415) can1 18FEF111#FF6415CCFFFF1FFF
(1784925226.614607) can1 18FEF111#FF4C15CCFFFF1FFF
(1784925226.677220) can1 18FEF111#FF2815CCFFFF1FFF
(1784925226.722202) can1 18FEF111#FF3C15CCFFFF1FFF
(1784925226.768761) can1 18FEF111#FF3815CCFFFF1FFF
(1784925226.842066) can1 18FEF111#FF5815CCFFFF1FFF
(1784925226.886740) can1 18FEF111#FF4015CCFFFF1FFF
(1784925226.931336) can1 18FEF111#FF7415CCFFFF1FFF
(1784925227.032171) can1 18FEF111#FFBC15CCFFFF1FFF
(1784925227.078994) can1 18FEF111#FFC415CCFFFF1FFF
(1784925227.124696) can1 18FEF111#FFC015CCFFFF1FFF
(1784925227.285507) can1 18FEF111#FFC415CCFFFF1FFF
(1784925227.331632) can1 18FEF111#FFDC15CCFFFF1FFF
(1784925227.426930) can1 18FEF111#FFF415CCFFFF1FFF
(1784925227.472990) can1 18FEF111#FFF015CCFFFF1FFF
(1784925227.516899) can1 18FEF111#FF0016CCFFFF1FFF
(1784925227.561424) can1 18FEF111#FFF815CCFFFF1FFF
(1784925227.604257) can1 18FEF111#FF1016CCFFFF1FFF
(1784925227.650381) can1 18FEF111#FFF415CCFFFF1FFF
(1784925227.749953) can1 18FEF111#FF2416CCFFFF1FFF
(1784925227.793108) can1 18FEF111#FF3816CCFFFF1FFF
(1784925227.835671) can1 18FEF111#FF3416CCFFFF1FFF
(1784925227.878130) can1 18FEF111#FF4816CCFFFF1FFF
(1784925227.921727) can1 18FEF111#FF4416CCFFFF1FFF
(1784925227.997004) can1 18FEF111#FF6C16CCFFFF1FFF
(1784925228.088833) can1 18FEF111#FF0417CCFFFF1FFF
(1784925228.134449) can1 18FEF111#FF1017CCFFFF1FFF
(1784925228.177643) can1 18FEF111#FF0C17CCFFFF1FFF
(1784925228.220476) can1 18FEF111#FF1817CCFFFF1FFF
(1784925228.311864) can1 18FEF111#FF2017CCFFFF1FFF
(1784925228.356205) can1 18FEF111#FF1017CCFFFF1FFF
(1784925228.405466) can1 18FEF111#FF2817CCFFFF1FFF
(1784925228.465906) can1 18FEF111#FF3C17CCFFFF1FFF
(1784925228.511552) can1 18FEF111#FF1017CCFFFF1FFF
(1784925228.584381) can1 18FEF111#FF2017CCFFFF1FFF
(1784925228.631559) can1 18FEF111#FF1017CCFFFF1FFF
(1784925228.677897) can1 18FEF111#FF0017CCFFFF1FFF
(1784925228.723100) can1 18FEF111#FFE416CCFFFF1FFF
(1784925228.855140) can1 18FEF111#FFFC16CCFFFF1FFF
(1784925228.870580) can1 18FEF111#FF0C17CCFFFF1FFF
(1784925228.947073) can1 18FEF111#FF0417CCFFFF1FFF
(1784925228.987899) can1 18FEF111#FF0817CCFFFF1FFF
(1784925229.121989) can1 18FEF111#FF0417CCFFFF1FFF
(1784925229.215539) can1 18FEF111#FFA816CCFFFF1FFF
(1784925229.264066) can1 18FEF111#FF9816CCFFFF1FFF
(1784925229.352906) can1 18FEF111#FF9C16CCFFFF1FFF
(1784925229.440648) can1 18FEF111#FFAC16CCFFFF1FFF
(1784925229.577840) can1 18FEF111#FF9C16CCFFFF1FFF
(1784925229.620816) can1 18FEF111#FFB416CCFFFF1FFF
(1784925229.665998) can1 18FEF111#FFA816CCFFFF1FFF
(1784925229.710381) can1 18FEF111#FFBC16CCFFFF1FFF
(1784925229.830611) can1 18FEF111#FFC016CCFFFF1FFF
(1784925229.896358) can1 18FEF111#FFA816CCFFFF1FFF
(1784925229.972127) can1 18FEF111#FFB416CCFFFF1FFF
(1784925230.016149) can1 18FEF111#FF9016CCFFFF1FFF
(1784925230.061811) can1 18FEF111#FFA416CCFFFF1FFF
(1784925230.105946) can1 18FEF111#FFA816CCFFFF1FFF
(1784925230.152520) can1 18FEF111#FF9C16CCFFFF1FFF
(1784925230.287960) can1 18FEF111#FFA016CCFFFF1FFF
(1784925230.376982) can1 18FEF111#FFB816CCFFFF1FFF
(1784925230.450842) can1 18FEF111#FFC816CCFFFF1FFF
(1784925230.496964) can1 18FEF111#FFC416CCFFFF1FFF
(1784925230.638732) can1 18FEF111#FF7817CCFFFF1FFF
(1784925230.683289) can1 18FEF111#FF6417CCFFFF1FFF
(1784925230.728086) can1 18FEF111#FF8417CCFFFF1FFF
(1784925230.772991) can1 18FEF111#FF9817CCFFFF1FFF
(1784925230.820529) can1 18FEF111#FF9C17CCFFFF1FFF
(1784925230.863879) can1 18FEF111#FF9817CCFFFF1FFF
(1784925230.958370) can1 18FEF111#FF0017CCFFFF1FFF
(1784925231.121320) can1 18FEF111#FFF416CCFFFF1FFF
(1784925231.166130) can1 18FEF111#FFFC16CCFFFF1FFF
(1784925231.213560) can1 18FEF111#FFE416CCFFFF1FFF
(1784925231.251961) can1 18FEF111#FFD816CCFFFF1FFF
(1784925231.315687) can1 18FEF111#FFAC16CCFFFF1FFF
(1784925231.361063) can1 18FEF111#FFC816CCFFFF1FFF
(1784925231.432991) can1 18FEF111#FFC416CCFFFF1FFF
(1784925231.480232) can1 18FEF111#FFCC16CCFFFF1FFF
(1784925231.524423) can1 18FEF111#FFB816CCFFFF1FFF
(1784925231.569282) can1 18FEF111#FFE416CCFFFF1FFF
(1784925231.607456) can1 18FEF111#FFD016CCFFFF1FFF
(1784925231.707686) can1 18FEF111#FFE816CCFFFF1FFF
(1784925231.756942) can1 18FEF111#FFDC16CCFFFF1FFF
(1784925231.805124) can1 18FEF111#FFF816CCFFFF1FFF
(1784925231.921297) can1 18FEF111#FFF416CCFFFF1FFF
(1784925231.966468) can1 18FEF111#FFEC16CCFFFF1FFF
(1784925232.020159) can1 18FEF111#FFE416CCFFFF1FFF
(1784925232.066809) can1 18FEF111#FF0017CCFFFF1FFF
(1784925232.156608) can1 18FEF111#FF2817CCFFFF1FFF
(1784925232.201781) can1 18FEF111#FF2417CCFFFF1FFF
(1784925232.250215) can1 18FEF111#FF3417CCFFFF1FFF
(1784925232.322395) can1 18FEF111#FF4017CCFFFF1FFF
(1784925232.382916) can1 18FEF111#FF5017CCFFFF1FFF
(1784925232.430475) can1 18FEF111#FF3417CCFFFF1FFF
(1784925232.478582) can1 18FEF111#FF3017CCFFFF1FFF
(1784925232.522416) can1 18FEF111#FF2017CCFFFF1FFF
(1784925232.593916) can1 18FEF111#FF3817CCFFFF1FFF
(1784925232.636758) can1 18FEF111#FF1817CCFFFF1FFF
(1784925232.671358) can1 18FEF111#FF1417CCFFFF1FFF
(1784925232.733292) can1 18FEF111#FFEC16CCFFFF1FFF
(1784925232.779134) can1 18FEF111#FFD416CCFFFF1FFF
(1784925232.821825) can1 18FEF111#FFE416CCFFFF1FFF
(1784925232.938591) can1 18FEF111#FFE016CCFFFF1FFF
(1784925232.986137) can1 18FEF111#FFD816CCFFFF1FFF
(1784925233.036528) can1 18FEF111#FFE416CCFFFF1FFF
(1784925233.088861) can1 18FEF111#FF9016CCFFFF1FFF
(1784925233.135204) can1 18FEF111#FF8C16CCFFFF1FFF
(1784925233.180203) can1 18FEF111#FF7816CCFFFF1FFF
(1784925233.226980) can1 18FEF111#FF8016CCFFFF1FFF
(1784925233.268082) can1 18FEF111#FF8816CCFFFF1FFF
(1784925233.314709) can1 18FEF111#FF7416CCFFFF1FFF
(1784925233.395224) can1 18FEF111#FF7016CCFFFF1FFF
(1784925233.467272) can1 18FEF111#FF2C16CCFFFF1FFF
(1784925233.511227) can1 18FEF111#FF3016CCFFFF1FFF
(1784925233.632426) can1 18FEF111#FF4416CCFFFF1FFF
(1784925233.678906) can1 18FEF111#FF6016CCFFFF1FFF
(1784925233.723452) can1 18FEF111#FF4016CCFFFF1FFF
(1784925233.818240) can1 18FEF111#FF7C15CCFFFF1FFF
(1784925233.865067) can1 18FEF111#FF8C15CCFFFF1FFF
(1784925233.910847) can1 18FEF111#FFF415CCFFFF1FFF
(1784925233.980884) can1 18FEF111#FF2416CCFFFF1FFF
(1784925234.025971) can1 18FEF111#FF3016CCFFFF1FFF
(1784925234.070478) can1 18FEF111#FFC815CCFFFF1FFF
(1784925234.108431) can1 18FEF111#FFDC15CCFFFF1FFF
(1784925234.174108) can1 18FEF111#FF1016CCFFFF1FFF
(1784925234.336346) can1 18FEF111#FF1416CCFFFF1FFF
(1784925234.377844) can1 18FEF111#FFF815CCFFFF1FFF
(1784925234.477678) can1 18FEF111#FF0C16CCFFFF1FFF
(1784925234.619345) can1 18FEF111#FF3416CCFFFF1FFF
(1784925234.664695) can1 18FEF111#FF4C16CCFFFF1FFF
(1784925234.708729) can1 18FEF111#FF4016CCFFFF1FFF
(1784925234.755311) can1 18FEF111#FF5416CCFFFF1FFF
(1784925234.802767) can1 18FEF111#FF4416CCFFFF1FFF
(1784925234.891619) can1 18FEF111#FF2816CCFFFF1FFF
(1784925234.982755) can1 18FEF111#FF3016CCFFFF1FFF
(1784925235.071885) can1 18FEF111#FF4816CCFFFF1FFF
(1784925235.120650) can1 18FEF111#FF5C16CCFFFF1FFF
(1784925235.251599) can1 18FEF111#FF4416CCFFFF1FFF
(1784925235.297097) can1 18FEF111#FF4816CCFFFF1FFF
(1784925235.343178) can1 18FEF111#FF5016CCFFFF1FFF
(1784925235.385718) can1 18FEF111#FF7016CCFFFF1FFF
(1784925235.431054) can1 18FEF111#FF3816CCFFFF1FFF
(1784925235.480141) can1 18FEF111#FF3C16CCFFFF1FFF
(1784925235.523637) can1 18FEF111#FF1816CCFFFF1FFF
(1784925235.613645) can1 18FEF111#FF4C16CCFFFF1FFF
(1784925235.704612) can1 18FEF111#FF2016CCFFFF1FFF
(1784925235.751877) can1 18FEF111#FF2416CCFFFF1FFF
(1784925235.822178) can1 18FEF111#FF0C16CCFFFF1FFF
(1784925235.866893) can1 18FEF111#FF0816CCFFFF1FFF
(1784925235.961083) can1 18FEF111#FF1C16CCFFFF1FFF
(1784925236.004352) can1 18FEF111#FFE815CCFFFF1FFF
(1784925236.048875) can1 18FEF111#FFEC15CCFFFF1FFF
(1784925236.138768) can1 18FEF111#FFE415CCFFFF1FFF
(1784925236.182725) can1 18FEF111#FFE815CCFFFF1FFF
(1784925236.228060) can1 18FEF111#FF0C16CCFFFF1FFF
(1784925236.279890) can1 18FEF111#FF0816CCFFFF1FFF
(1784925236.328988) can1 18FEF111#FF0016CCFFFF1FFF
(1784925236.375897) can1 18FEF111#FF1416CCFFFF1FFF
(1784925236.421496) can1 18FEF111#FFF815CCFFFF1FFF
(1784925236.511431) can1 18FEF111#FF0816CCFFFF1FFF
(1784925236.585451) can1 18FEF111#FF2C16CCFFFF1FFF
(1784925236.631248) can1 18FEF111#FF1016CCFFFF1FFF
(1784925236.697758) can1 18FEF111#FFB815CCFFFF1FFF
(1784925236.744742) can1 18FEF111#FFB415CCFFFF1FFF
(1784925236.817157) can1 18FEF111#FFDC15CCFFFF1FFF
(1784925236.906970) can1 18FEF111#FFF015CCFFFF1FFF
(1784925236.954356) can1 18FEF111#FF0416CCFFFF1FFF
(1784925237.042929) can1 18FEF111#FF3816CCFFFF1FFF
(1784925237.089559) can1 18FEF111#FF8816CCFFFF1FFF
(1784925237.136600) can1 18FEF111#FF9416CCFFFF1FFF
(1784925237.206924) can1 18FEF111#FF9816CCFFFF1FFF
(1784925237.253419) can1 18FEF111#FFBC16CCFFFF1FFF
(1784925237.299296) can1 18FEF111#FFEC16CCFFFF1FFF
(1784925237.337676) can1 18FEF111#FFFC16CCFFFF1FFF
(1784925237.392314) can1 18FEF111#FF5016CCFFFF1FFF
(1784925237.438795) can1 18FEF111#FF4416CCFFFF1FFF
(1784925237.482233) can1 18FEF111#FF6016CCFFFF1FFF
(1784925237.526628) can1 18FEF111#FF4C16CCFFFF1FFF
(1784925237.570269) can1 18FEF111#FF8C16CCFFFF1FFF
(1784925237.644730) can1 18FEF111#FF8416CCFFFF1FFF
(1784925237.693204) can1 18FEF111#FF9016CCFFFF1FFF
(1784925237.750198) can1 18FEF111#FF1416CCFFFF1FFF
(1784925237.798035) can1 18FEF111#FF1816CCFFFF1FFF
(1784925237.886371) can1 18FEF111#FF0C16CCFFFF1FFF
(1784925237.931999) can1 18FEF111#FF1C16CCFFFF1FFF
(1784925237.980466) can1 18FEF111#FF2016CCFFFF1FFF
(1784925238.050401) can1 18FEF111#FF2C16CCFFFF1FFF
(1784925238.153081) can1 18FEF111#FFB015CCFFFF1FFF
(1784925238.198146) can1 18FEF111#FFBC15CCFFFF1FFF
(1784925238.290273) can1 18FEF111#FFD415CCFFFF1FFF
(1784925238.379621) can1 18FEF111#FFD815CCFFFF1FFF
(1784925238.470510) can1 18FEF111#FF6015CCFFFF1FFF
(1784925238.517132) can1 18FEF111#FF7C15CCFFFF1FFF
(1784925238.564184) can1 18FEF111#FF7415CCFFFF1FFF
(1784925238.607267) can1 18FEF111#FF8815CCFFFF1FFF
(1784925238.650816) can1 18FEF111#FF7C15CCFFFF1FFF
(1784925238.699713) can1 18FEF111#FF7815CCFFFF1FFF
(1784925238.744243) can1 18FEF111#FF8815CCFFFF1FFF
(1784925238.831335) can1 18FEF111#FF1C15CCFFFF1FFF
(1784925238.878647) can1 18FEF111#FF2415CCFFFF1FFF
(1784925238.923275) can1 18FEF111#FF1C15CCFFFF1FFF
(1784925238.968385) can1 18FEF111#FF3C15CCFFFF1FFF
(1784925239.009428) can1 18FEF111#FF1C15CCFFFF1FFF
(1784925239.055936) can1 18FEF111#FF2815CCFFFF1FFF
(1784925239.132589) can1 18FEF111#FF1015CCFFFF1FFF
(1784925239.200894) can1 18FEF111#FFCC14CCFFFF1FFF
(1784925239.273931) can1 18FEF111#FFD414CCFFFF1FFF
(1784925239.361662) can1 18FEF111#FFC414CCFFFF1FFF
(1784925239.404440) can1 18FEF111#FFA414CCFFFF1FFF
(1784925239.491749) can1 18FEF111#FF9C14CCFFFF1FFF
(1784925239.553852) can1 18FEF111#FF6814CCFFFF1FFF
(1784925239.642703) can1 18FEF111#FF5814CCFFFF1FFF
(1784925239.762727) can1 18FEF111#FF6414CCFFFF1FFF
(1784925239.808008) can1 18FEF111#FF5414CCFFFF1FFF
(1784925239.857183) can1 18FEF111#FF5C14CCFFFF1FFF
(1784925239.953571) can1 18FEF111#FFF013CCFFFF1FFF
(1784925239.999348) can1 18FEF111#FF0014CCFFFF1FFF
(1784925240.044615) can1 18FEF111#FFF413CCFFFF1FFF
(1784925240.088643) can1 18FEF111#FF0414CCFFFF1FFF
(1784925240.134085) can1 18FEF111#FF0014CCFFFF1FFF
(1784925240.177816) can1 18FEF111#FFE413CCFFFF1FFF
(1784925240.271796) can1 18FEF111#FFB813CCFFFF1FFF
(1784925240.322196) can1 18FEF111#FFD013CCFFFF1FFF
(1784925240.394786) can1 18FEF111#FFB413CCFFFF1FFF
(1784925240.441518) can1 18FEF111#FFBC13CCFFFF1FFF
(1784925240.485792) can1 18FEF111#FFC413CCFFFF1FFF
(1784925240.530258) can1 18FEF111#FFBC13CCFFFF1FFF
(1784925240.628473) can1 18FEF111#FF1413CCFFFF1FFF
(1784925240.700484) can1 18FEF111#FFE812CCFFFF1FFF
(1784925240.745235) can1 18FEF111#FFEC12CCFFFF1FFF
(1784925240.788976) can1 18FEF111#FFC812CCFFFF1FFF
(1784925240.875660) can1 18FEF111#FFCC12CCFFFF1FFF
(1784925240.915820) can1 18FEF111#FFA812CCFFFF1FFF
(1784925240.979100) can1 18FEF111#FF3413CCFFFF1FFF
(1784925241.026067) can1 18FEF111#FF4813CCFFFF1FFF
(1784925241.099750) can1 18FEF111#FF6813CCFFFF1FFF
(1784925241.146086) can1 18FEF111#FF7813CCFFFF1FFF
(1784925241.190556) can1 18FEF111#FFAC13CCFFFF1FFF
(1784925241.321062) can1 18FEF111#FF1414CCFFFF1FFF
(1784925241.366209) can1 18FEF111#FF1814CCFFFF1FFF
(1784925241.410489) can1 18FEF111#FF2414CCFFFF1FFF
(1784925241.453589) can1 18FEF111#FF2014CCFFFF1FFF
(1784925241.543198) can1 18FEF111#FF1C14CCFFFF1FFF
(1784925241.589157) can1 18FEF111#FF2814CCFFFF1FFF
(1784925241.687144) can1 18FEF111#FF6015CCFFFF1FFF
(1784925241.763443) can1 18FEF111#FF6415CCFFFF1FFF
(1784925241.851844) can1 18FEF111#FF4C15CCFFFF1FFF
(1784925241.939917) can1 18FEF111#FF3815CCFFFF1FFF
(1784925242.018723) can1 18FEF111#FFFC14CCFFFF1FFF
(1784925242.064373) can1 18FEF111#FFE814CCFFFF1FFF
(1784925242.109346) can1 18FEF111#FFD414CCFFFF1FFF
(1784925242.153099) can1 18FEF111#FFE014CCFFFF1FFF
(1784925242.198292) can1 18FEF111#FFE814CCFFFF1FFF
(1784925242.241004) can1 18FEF111#FFE414CCFFFF1FFF
(1784925242.287298) can1 18FEF111#FFDC14CCFFFF1FFF
(1784925242.389735) can1 18FEF111#FF7014CCFFFF1FFF
(1784925242.462081) can1 18FEF111#FF8014CCFFFF1FFF
(1784925242.508208) can1 18FEF111#FF7814CCFFFF1FFF
(1784925242.552550) can1 18FEF111#FF8414CCFFFF1FFF
(1784925242.597653) can1 18FEF111#FF9C14CCFFFF1FFF
(1784925242.642122) can1 18FEF111#FFA414CCFFFF1FFF
(1784925242.766107) can1 18FEF111#FF7C13CCFFFF1FFF
(1784925242.809055) can1 18FEF111#FF6C13CCFFFF1FFF
(1784925242.851410) can1 18FEF111#FF5C13CCFFFF1FFF
(1784925242.895727) can1 18FEF111#FF4C13CCFFFF1FFF
(1784925242.939428) can1 18FEF111#FF2413CCFFFF1FFF
(1784925242.985523) can1 18FEF111#FF2013CCFFFF1FFF
(1784925243.092526) can1 18FEF111#FF0813CCFFFF1FFF
(1784925243.137745) can1 18FEF111#FFF012CCFFFF1FFF
(1784925243.298920) can1 18FEF111#FF0813CCFFFF1FFF
(1784925243.344025) can1 18FEF111#FF1413CCFFFF1FFF
(1784925243.392057) can1 18FEF111#FF2013CCFFFF1FFF
(1784925243.451947) can1 18FEF111#FF7012CCFFFF1FFF
(1784925243.496072) can1 18FEF111#FF6C12CCFFFF1FFF
(1784925243.584452) can1 18FEF111#FF5412CCFFFF1FFF
(1784925243.627396) can1 18FEF111#FF3012CCFFFF1FFF
(1784925243.671150) can1 18FEF111#FF2012CCFFFF1FFF
(1784925243.714678) can1 18FEF111#FF0812CCFFFF1FFF
(1784925243.759211) can1 18FEF111#FFF411CCFFFF1FFF
(1784925243.810135) can1 18FEF111#FF4411CCFFFF1FFF
(1784925243.903214) can1 18FEF111#FF5411CCFFFF1FFF
(1784925243.947416) can1 18FEF111#FF5011CCFFFF1FFF
(1784925243.990248) can1 18FEF111#FF6811CCFFFF1FFF
(1784925244.037548) can1 18FEF111#FF6411CCFFFF1FFF
(1784925244.081198) can1 18FEF111#FF5811CCFFFF1FFF
(1784925244.174519) can1 18FEF111#FF9410CCFFFF1FFF
(1784925244.251684) can1 18FEF111#FF9810CCFFFF1FFF
(1784925244.294655) can1 18FEF111#FF9010CCFFFF1FFF
(1784925244.340593) can1 18FEF111#FF7C10CCFFFF1FFF
(1784925244.383916) can1 18FEF111#FF7010CCFFFF1FFF
(1784925244.429377) can1 18FEF111#FF5C10CCFFFF1FFF
(1784925244.567094) can1 18FEF111#FF4C0FCCFFFF1FFF
(1784925244.612787) can1 18FEF111#FF3C0FCCFFFF1FFF
(1784925244.656417) can1 18FEF111#FF440FCCFFFF1FFF
(1784925244.701024) can1 18FEF111#FF480FCCFFFF1FFF
(1784925244.746307) can1 18FEF111#FF4C0FCCFFFF1FFF
(1784925244.793303) can1 18FEF111#FF540FCCFFFF1FFF
(1784925244.890737) can1 18FEF111#FFD00DCCFFFF1FFF
(1784925244.965211) can1 18FEF111#FFAC0DCCFFFF1FFF
(1784925245.010214) can1 18FEF111#FFB40DCCFFFF1FFF
(1784925245.054090) can1 18FEF111#FFCC0DCCFFFF1FFF
(1784925245.098826) can1 18FEF111#FF000ECCFFFF1FFF
(1784925245.142912) can1 18FEF111#FF400ECCFFFF1FFF
(1784925245.233195) can1 18FEF111#FF9010CCFFFF1FFF
(1784925245.276449) can1 18FEF111#FFA410CCFFFF1FFF
(1784925245.321181) can1 18FEF111#FFC410CCFFFF1FFF
(1784925245.394763) can1 18FEF111#FFDC10CCFFFF1FFF
(1784925245.438412) can1 18FEF111#FFFC10CCFFFF1FFF
(1784925245.533816) can1 18FEF111#FF0411CCFFFF1FFF
(1784925245.595528) can1 18FEF111#FF0C13CCFFFF1FFF
(1784925245.640762) can1 18FEF111#FF1413CCFFFF1FFF
(1784925245.686894) can1 18FEF111#FF2C13CCFFFF1FFF
(1784925245.803695) can1 18FEF111#FF4013CCFFFF1FFF
(1784925245.889477) can1 18FEF111#FF4413CCFFFF1FFF
(1784925245.941043) can1 18FEF111#FFD015CCFFFF1FFF
(1784925245.986290) can1 18FEF111#FF1016CCFFFF1FFF
(1784925246.031923) can1 18FEF111#FF1C16CCFFFF1FFF
(1784925246.075149) can1 18FEF111#FF3C16CCFFFF1FFF
(1784925246.120831) can1 18FEF111#FF6816CCFFFF1FFF
(1784925246.162591) can1 18FEF111#FFA016CCFFFF1FFF
(1784925246.208053) can1 18FEF111#FFBC16CCFFFF1FFF
(1784925246.312137) can1 18FEF111#FFDC16CCFFFF1FFF
(1784925246.358381) can1 18FEF111#FFE816CCFFFF1FFF
(1784925246.404353) can1 18FEF111#FF1417CCFFFF1FFF
(1784925246.521809) can1 18FEF111#FF2817CCFFFF1FFF
(1784925246.567938) can1 18FEF111#FF1017CCFFFF1FFF
(1784925246.612123) can1 18FEF111#FF4817CCFFFF1FFF
(1784925246.677135) can1 18FEF111#FFB416CCFFFF1FFF
(1784925246.720537) can1 18FEF111#FFF016CCFFFF1FFF
(1784925246.767008) can1 18FEF111#FFD816CCFFFF1FFF
(1784925246.839592) can1 18FEF111#FF0017CCFFFF1FFF
(1784925246.883198) can1 18FEF111#FFE016CCFFFF1FFF
(1784925246.928185) can1 18FEF111#FFEC16CCFFFF1FFF
(1784925246.968482) can1 18FEF111#FF0017CCFFFF1FFF
(1784925247.017736) can1 18FEF111#FF8C16CCFFFF1FFF
(1784925247.065208) can1 18FEF111#FFAC16CCFFFF1FFF
(1784925247.110390) can1 18FEF111#FF8C16CCFFFF1FFF
(1784925247.154984) can1 18FEF111#FF9816CCFFFF1FFF
(1784925247.201233) can1 18FEF111#FFA816CCFFFF1FFF
(1784925247.273895) can1 18FEF111#FFAC16CCFFFF1FFF
(1784925247.326474) can1 18FEF111#FF9C16CCFFFF1FFF
(1784925247.393693) can1 18FEF111#FFA816CCFFFF1FFF
(1784925247.467896) can1 18FEF111#FFB416CCFFFF1FFF
(1784925247.511294) can1 18FEF111#FF9016CCFFFF1FFF
(1784925247.554897) can1 18FEF111#FFB416CCFFFF1FFF
(1784925247.599856) can1 18FEF111#FFAC16CCFFFF1FFF
(1784925247.695772) can1 18FEF111#FF8416CCFFFF1FFF
(1784925247.751817) can1 18FEF111#FF9416CCFFFF1FFF
(1784925247.838591) can1 18FEF111#FF9816CCFFFF1FFF
(1784925247.929824) can1 18FEF111#FF7816CCFFFF1FFF
(1784925247.974066) can1 18FEF111#FF9016CCFFFF1FFF
(1784925248.017416) can1 18FEF111#FF7816CCFFFF1FFF
(1784925248.112287) can1 18FEF111#FF8416CCFFFF1FFF
(1784925248.156731) can1 18FEF111#FF4816CCFFFF1FFF
(1784925248.202311) can1 18FEF111#FF8C16CCFFFF1FFF
(1784925248.248575) can1 18FEF111#FF6C16CCFFFF1FFF
(1784925248.292207) can1 18FEF111#FF8C16CCFFFF1FFF
(1784925248.364687) can1 18FEF111#FF6016CCFFFF1FFF
(1784925248.403157) can1 18FEF111#FF8016CCFFFF1FFF
(1784925248.460120) can1 18FEF111#FF2C16CCFFFF1FFF
(1784925248.505999) can1 18FEF111#FF5816CCFFFF1FFF
(1784925248.552338) can1 18FEF111#FF3416CCFFFF1FFF
(1784925248.596721) can1 18FEF111#FF4C16CCFFFF1FFF
(1784925248.641670) can1 18FEF111#FF2816CCFFFF1FFF
(1784925248.683881) can1 18FEF111#FF5C16CCFFFF1FFF
(1784925248.757513) can1 18FEF111#FF3C16CCFFFF1FFF
(1784925248.824446) can1 18FEF111#FF4816CCFFFF1FFF
(1784925248.866302) can1 18FEF111#FF3816CCFFFF1FFF
(1784925248.913527) can1 18FEF111#FF3416CCFFFF1FFF
(1784925248.958567) can1 18FEF111#FF4416CCFFFF1FFF
(1784925249.044926) can1 18FEF111#FF5016CCFFFF1FFF
(1784925249.113694) can1 18FEF111#FF2416CCFFFF1FFF
(1784925249.169705) can1 18FEF111#FF7C16CCFFFF1FFF
(1784925249.218108) can1 18FEF111#FFB416CCFFFF1FFF
(1784925249.261930) can1 18FEF111#FFA816CCFFFF1FFF
(1784925249.306837) can1 18FEF111#FFB416CCFFFF1FFF
(1784925249.350549) can1 18FEF111#FF9816CCFFFF1FFF
(1784925249.422414) can1 18FEF111#FFB016CCFFFF1FFF
(1784925249.536879) can1 18FEF111#FFEC16CCFFFF1FFF
(1784925249.583139) can1 18FEF111#FFC816CCFFFF1FFF
(1784925249.653226) can1 18FEF111#FFEC16CCFFFF1FFF
(1784925249.745521) can1 18FEF111#FF0017CCFFFF1FFF
(1784925249.791627) can1 18FEF111#FFD016CCFFFF1FFF
(1784925249.884474) can1 18FEF111#FF0017CCFFFF1FFF
(1784925249.928959) can1 18FEF111#FF0817CCFFFF1FFF
(1784925250.016808) can1 18FEF111#FFEC16CCFFFF1FFF
(1784925250.090256) can1 18FEF111#FF0017CCFFFF1FFF
(1784925250.136073) can1 18FEF111#FFF816CCFFFF1FFF
(1784925250.187727) can1 18FEF111#FF1417CCFFFF1FFF
(1784925250.254484) can1 18FEF111#FFE816CCFFFF1FFF
(1784925250.329433) can1 18FEF111#FF0417CCFFFF1FFF
(1784925250.374570) can1 18FEF111#FFD416CCFFFF1FFF
(1784925250.468644) can1 18FEF111#FFF016CCFFFF1FFF
(1784925250.616746) can1 18FEF111#FF2017CCFFFF1FFF
(1784925250.662495) can1 18FEF111#FF0C17CCFFFF1FFF
(1784925250.736608) can1 18FEF111#FF4017CCFFFF1FFF
(1784925250.782409) can1 18FEF111#FF0017CCFFFF1FFF
(1784925250.825398) can1 18FEF111#FF2417CCFFFF1FFF
(1784925250.871059) can1 18FEF111#FF0C17CCFFFF1FFF
(1784925250.948865) can1 18FEF111#FF2C17CCFFFF1FFF
(1784925250.993851) can1 18FEF111#FF1C17CCFFFF1FFF
(1784925251.039210) can1 18FEF111#FF0817CCFFFF1FFF
(1784925251.088575) can1 18FEF111#FF3C17CCFFFF1FFF
(1784925251.133280) can1 18FEF111#FF2817CCFFFF1FFF
(1784925251.205276) can1 18FEF111#FF3C17CCFFFF1FFF
(1784925251.253841) can1 18FEF111#FF0417CCFFFF1FFF
(1784925251.326058) can1 18FEF111#FF4C17CCFFFF1FFF
(1784925251.399929) can1 18FEF111#FF3017CCFFFF1FFF
(1784925251.445496) can1 18FEF111#FF4C17CCFFFF1FFF
(1784925251.489971) can1 18FEF111#FF4017CCFFFF1FFF
(1784925251.538539) can1 18FEF111#FF4C17CCFFFF1FFF
(1784925251.582174) can1 18FEF111#FF2417CCFFFF1FFF
(1784925251.673719) can1 18FEF111#FF4017CCFFFF1FFF
(1784925251.750529) can1 18FEF111#FF2017CCFFFF1FFF
(1784925251.841606) can1 18FEF111#FF1017CCFFFF1FFF
(1784925251.885956) can1 18FEF111#FF2417CCFFFF1FFF
(1784925251.930581) can1 18FEF111#FF1417CCFFFF1FFF
(1784925252.021528) can1 18FEF111#FF0C17CCFFFF1FFF
(1784925252.067144) can1 18FEF111#FF2417CCFFFF1FFF
(1784925252.157273) can1 18FEF111#FF3017CCFFFF1FFF
(1784925252.200444) can1 18FEF111#FFFC16CCFFFF1FFF
(1784925252.245334) can1 18FEF111#FF1417CCFFFF1FFF
(1784925252.316385) can1 18FEF111#FF0417CCFFFF1FFF
(1784925252.419458) can1 18FEF111#FF2817CCFFFF1FFF
(1784925252.464382) can1 18FEF111#FF3817CCFFFF1FFF
(1784925252.507319) can1 18FEF111#FF4817CCFFFF1FFF
(1784925252.551197) can1 18FEF111#FF6417CCFFFF1FFF
(1784925252.598040) can1 18FEF111#FF4417CCFFFF1FFF
(1784925252.642995) can1 18FEF111#FF5417CCFFFF1FFF
(1784925252.717836) can1 18FEF111#FF4C17CCFFFF1FFF
(1784925252.763152) can1 18FEF111#FF5017CCFFFF1FFF
(1784925252.809619) can1 18FEF111#FF6817CCFFFF1FFF
(1784925252.852286) can1 18FEF111#FF4817CCFFFF1FFF
(1784925252.896806) can1 18FEF111#FF5817CCFFFF1FFF
(1784925252.941528) can1 18FEF111#FF4417CCFFFF1FFF
(1784925253.017405) can1 18FEF111#FF6417CCFFFF1FFF
(1784925253.084549) can1 18FEF111#FF5417CCFFFF1FFF
(1784925253.133469) can1 18FEF111#FF5017CCFFFF1FFF
(1784925253.179530) can1 18FEF111#FF6417CCFFFF1FFF
(1784925253.249486) can1 18FEF111#FF3417CCFFFF1FFF
(1784925253.295599) can1 18FEF111#FF6017CCFFFF1FFF
(1784925253.342511) can1 18FEF111#FF3C17CCFFFF1FFF
(1784925253.382151) can1 18FEF111#FF7417CCFFFF1FFF
(1784925253.445198) can1 18FEF111#FF5817CCFFFF1FFF
(1784925253.518398) can1 18FEF111#FF5417CCFFFF1FFF
(1784925253.563949) can1 18FEF111#FF6817CCFFFF1FFF
(1784925253.608753) can1 18FEF111#FF4817CCFFFF1FFF
(1784925253.656319) can1 18FEF111#FF7417CCFFFF1FFF
(1784925253.702425) can1 18FEF111#FF5017CCFFFF1FFF
(1784925253.792031) can1 18FEF111#FF5817CCFFFF1FFF
(1784925253.838814) can1 18FEF111#FF6017CCFFFF1FFF
(1784925253.883061) can1 18FEF111#FF6417CCFFFF1FFF
(1784925253.972381) can1 18FEF111#FF4817CCFFFF1FFF
(1784925254.018377) can1 18FEF111#FF5817CCFFFF1FFF
(1784925254.152903) can1 18FEF111#FF6817CCFFFF1FFF
(1784925254.198659) can1 18FEF111#FF7817CCFFFF1FFF
(1784925254.245064) can1 18FEF111#FF8417CCFFFF1FFF
(1784925254.319006) can1 18FEF111#FFA017CCFFFF1FFF
(1784925254.363082) can1 18FEF111#FF7C17CCFFFF1FFF
(1784925254.409878) can1 18FEF111#FF8817CCFFFF1FFF
(1784925254.514386) can1 18FEF111#FF9417CCFFFF1FFF
(1784925254.559831) can1 18FEF111#FFC417CCFFFF1FFF
(1784925254.604025) can1 18FEF111#FFA017CCFFFF1FFF
(1784925254.648547) can1 18FEF111#FFC017CCFFFF1FFF
(1784925254.692169) can1 18FEF111#FF9C17CCFFFF1FFF
(1784925254.765338) can1 18FEF111#FFB017CCFFFF1FFF
(1784925254.809429) can1 18FEF111#FF9817CCFFFF1FFF
(1784925254.876916) can1 18FEF111#FF9417CCFFFF1FFF
(1784925254.952839) can1 18FEF111#FFA417CCFFFF1FFF
(1784925254.998014) can1 18FEF111#FF9017CCFFFF1FFF
(1784925255.089229) can1 18FEF111#FF8017CCFFFF1FFF
(1784925255.133578) can1 18FEF111#FF9417CCFFFF1FFF
(1784925255.221181) can1 18FEF111#FFB817CCFFFF1FFF
(1784925255.266789) can1 18FEF111#FFAC17CCFFFF1FFF
(1784925255.311306) can1 18FEF111#FFB817CCFFFF1FFF
(1784925255.354055) can1 18FEF111#FFCC17CCFFFF1FFF
(1784925255.428557) can1 18FEF111#FFC017CCFFFF1FFF
(1784925255.473612) can1 18FEF111#FFB017CCFFFF1FFF
(1784925255.528013) can1 18FEF111#FFB417CCFFFF1FFF
(1784925255.622398) can1 18FEF111#FFD417CCFFFF1FFF
(1784925255.668048) can1 18FEF111#FFCC17CCFFFF1FFF
(1784925255.712057) can1 18FEF111#FFD417CCFFFF1FFF
(1784925255.759080) can1 18FEF111#FFA817CCFFFF1FFF
(1784925255.803958) can1 18FEF111#FFC017CCFFFF1FFF
(1784925255.847583) can1 18FEF111#FFAC17CCFFFF1FFF
(1784925255.945330) can1 18FEF111#FFC417CCFFFF1FFF
(1784925255.990188) can1 18FEF111#FFD417CCFFFF1FFF
(1784925256.080797) can1 18FEF111#FFC017CCFFFF1FFF
(1784925256.125309) can1 18FEF111#FFAC17CCFFFF1FFF
(1784925256.166844) can1 18FEF111#FFB817CCFFFF1FFF
(1784925256.211292) can1 18FEF111#FFC417CCFFFF1FFF
(1784925256.307050) can1 18FEF111#FFD817CCFFFF1FFF
(1784925256.353103) can1 18FEF111#FFDC17CCFFFF1FFF
(1784925256.426392) can1 18FEF111#FFEC17CCFFFF1FFF
(1784925256.469694) can1 18FEF111#FFC417CCFFFF1FFF
(1784925256.515087) can1 18FEF111#FFE017CCFFFF1FFF
(1784925256.569265) can1 18FEF111#FFC417CCFFFF1FFF
(1784925256.604174) can1 18FEF111#FFF017CCFFFF1FFF
(1784925256.666042) can1 18FEF111#FFE017CCFFFF1FFF
(1784925256.742087) can1 18FEF111#FFE417CCFFFF1FFF
(1784925256.789222) can1 18FEF111#FFC817CCFFFF1FFF
(1784925256.833534) can1 18FEF111#FFE817CCFFFF1FFF
(1784925256.879177) can1 18FEF111#FFF417CCFFFF1FFF
(1784925256.923142) can1 18FEF111#FFF817CCFFFF1FFF
(1784925256.998351) can1 18FEF111#FF0018CCFFFF1FFF
(1784925257.041756) can1 18FEF111#FF1818CCFFFF1FFF
(1784925257.089220) can1 18FEF111#FF0818CCFFFF1FFF
(1784925257.134821) can1 18FEF111#FF1418CCFFFF1FFF
(1784925257.179536) can1 18FEF111#FFF817CCFFFF1FFF
(1784925257.265708) can1 18FEF111#FF0418CCFFFF1FFF
(1784925257.352326) can1 18FEF111#FFCC17CCFFFF1FFF
(1784925257.397431) can1 18FEF111#FFF417CCFFFF1FFF
(1784925257.605806) can1 18FEF111#FFFC17CCFFFF1FFF
(1784925257.647424) can1 18FEF111#FF1418CCFFFF1FFF
(1784925257.711453) can1 18FEF111#FF1818CCFFFF1FFF
(1784925257.761667) can1 18FEF111#FF0418CCFFFF1FFF
(1784925257.834141) can1 18FEF111#FF1018CCFFFF1FFF
(1784925257.877777) can1 18FEF111#FFEC17CCFFFF1FFF
(1784925257.923744) can1 18FEF111#FFFC17CCFFFF1FFF
(1784925257.966309) can1 18FEF111#FFF017CCFFFF1FFF
(1784925258.013701) can1 18FEF111#FFF817CCFFFF1FFF
(1784925258.073305) can1 18FEF111#FF2C18CCFFFF1FFF
(1784925258.119523) can1 18FEF111#FF3818CCFFFF1FFF
(1784925258.164868) can1 18FEF111#FF1C18CCFFFF1FFF
(1784925258.238261) can1 18FEF111#FF3418CCFFFF1FFF
(1784925258.282687) can1 18FEF111#FF1C18CCFFFF1FFF
(1784925258.330312) can1 18FEF111#FF3418CCFFFF1FFF
(1784925258.374054) can1 18FEF111#FF3018CCFFFF1FFF
(1784925258.436331) can1 18FEF111#FF0C18CCFFFF1FFF
(1784925258.553686) can1 18FEF111#FF1818CCFFFF1FFF
(1784925258.598925) can1 18FEF111#FFF817CCFFFF1FFF
(1784925258.646714) can1 18FEF111#FF1018CCFFFF1FFF
(1784925258.693272) can1 18FEF111#FFFC17CCFFFF1FFF
(1784925258.781151) can1 18FEF111#FFB017CCFFFF1FFF
(1784925258.826124) can1 18FEF111#FF9417CCFFFF1FFF
(1784925258.873322) can1 18FEF111#FF8C17CCFFFF1FFF
(1784925258.917759) can1 18FEF111#FF7C17CCFFFF1FFF
(1784925258.962658) can1 18FEF111#FF8817CCFFFF1FFF
(1784925259.008157) can1 18FEF111#FF8017CCFFFF1FFF
(1784925259.082385) can1 18FEF111#FF7017CCFFFF1FFF
(1784925259.153308) can1 18FEF111#FF2017CCFFFF1FFF
(1784925259.226406) can1 18FEF111#FF2417CCFFFF1FFF
(1784925259.273219) can1 18FEF111#FF4C17CCFFFF1FFF
(1784925259.319673) can1 18FEF111#FF4417CCFFFF1FFF
(1784925259.366150) can1 18FEF111#FF5017CCFFFF1FFF
(1784925259.411547) can1 18FEF111#FF4417CCFFFF1FFF
(1784925259.513386) can1 18FEF111#FF5417CCFFFF1FFF
(1784925259.562369) can1 18FEF111#FF4417CCFFFF1FFF
(1784925259.678406) can1 18FEF111#FF3C17CCFFFF1FFF
(1784925259.722338) can1 18FEF111#FF4417CCFFFF1FFF
(1784925259.768745) can1 18FEF111#FF3C17CCFFFF1FFF
(1784925259.815158) can1 18FEF111#FF4817CCFFFF1FFF
(1784925259.873941) can1 18FEF111#FF3017CCFFFF1FFF
(1784925259.921330) can1 18FEF111#FF2C17CCFFFF1FFF
(1784925259.965154) can1 18FEF111#FF4817CCFFFF1FFF
(1784925260.037981) can1 18FEF111#FF6417CCFFFF1FFF
(1784925260.128229) can1 18FEF111#FF6017CCFFFF1FFF
(1784925260.170915) can1 18FEF111#FF5417CCFFFF1FFF
(1784925260.236491) can1 18FEF111#FF0417CCFFFF1FFF
(1784925260.353628) can1 18FEF111#FF0017CCFFFF1FFF
(1784925260.398678) can1 18FEF111#FF0817CCFFFF1FFF
(1784925260.444862) can1 18FEF111#FF0017CCFFFF1FFF
(1784925260.490200) can1 18FEF111#FF0417CCFFFF1FFF
(1784925260.533828) can1 18FEF111#FFFC16CCFFFF1FFF
(1784925260.594719) can1 18FEF111#FFA416CCFFFF1FFF
(1784925260.640584) can1 18FEF111#FFD016CCFFFF1FFF
(1784925260.684381) can1 18FEF111#FFFC16CCFFFF1FFF
(1784925260.759059) can1 18FEF111#FF0417CCFFFF1FFF
(1784925260.803538) can1 18FEF111#FF2017CCFFFF1FFF
(1784925260.849068) can1 18FEF111#FF1C17CCFFFF1FFF
(1784925260.892957) can1 18FEF111#FF1017CCFFFF1FFF
(1784925260.953355) can1 18FEF111#FF7416CCFFFF1FFF
(1784925261.003379) can1 18FEF111#FF6C16CCFFFF1FFF
(1784925261.075909) can1 18FEF111#FF7816CCFFFF1FFF
(1784925261.121335) can1 18FEF111#FF6816CCFFFF1FFF
(1784925261.166911) can1 18FEF111#FF8016CCFFFF1FFF
(1784925261.208441) can1 18FEF111#FF8C16CCFFFF1FFF
(1784925261.246219) can1 18FEF111#FFA816CCFFFF1FFF
(1784925261.300122) can1 18FEF111#FFD016CCFFFF1FFF
(1784925261.343783) can1 18FEF111#FFE016CCFFFF1FFF
(1784925261.392186) can1 18FEF111#FFE816CCFFFF1FFF
(1784925261.435495) can1 18FEF111#FF0417CCFFFF1FFF
(1784925261.524861) can1 18FEF111#FF1017CCFFFF1FFF
(1784925261.571416) can1 18FEF111#FF1817CCFFFF1FFF
(1784925261.668944) can1 18FEF111#FF6017CCFFFF1FFF
(1784925261.744002) can1 18FEF111#FF4417CCFFFF1FFF
(1784925261.879529) can1 18FEF111#FF4817CCFFFF1FFF
(1784925261.925327) can1 18FEF111#FF3417CCFFFF1FFF
(1784925261.998106) can1 18FEF111#FF0017CCFFFF1FFF
(1784925262.042357) can1 18FEF111#FF0817CCFFFF1FFF
(1784925262.134661) can1 18FEF111#FF1417CCFFFF1FFF
(1784925262.177898) can1 18FEF111#FF0817CCFFFF1FFF
(1784925262.221958) can1 18FEF111#FF1417CCFFFF1FFF
(1784925262.266374) can1 18FEF111#FF1817CCFFFF1FFF
(1784925262.363266) can1 18FEF111#FFEC16CCFFFF1FFF
(1784925262.412525) can1 18FEF111#FFE016CCFFFF1FFF
(1784925262.460220) can1 18FEF111#FFD416CCFFFF1FFF
(1784925262.528667) can1 18FEF111#FFDC16CCFFFF1FFF
(1784925262.574877) can1 18FEF111#FFE416CCFFFF1FFF
(1784925262.619460) can1 18FEF111#FFEC16CCFFFF1FFF
(1784925262.661550) can1 18FEF111#FFE416CCFFFF1FFF
(1784925262.754596) can1 18FEF111#FF1417CCFFFF1FFF
(1784925262.799699) can1 18FEF111#FF0817CCFFFF1FFF
(1784925262.889784) can1 18FEF111#FF0017CCFFFF1FFF
(1784925262.981640) can1 18FEF111#FFDC16CCFFFF1FFF
(1784925263.074778) can1 18FEF111#FFB416CCFFFF1FFF
(1784925263.148144) can1 18FEF111#FFB016CCFFFF1FFF
(1784925263.193049) can1 18FEF111#FFC416CCFFFF1FFF
(1784925263.281531) can1 18FEF111#FFD416CCFFFF1FFF
(1784925263.328924) can1 18FEF111#FFBC16CCFFFF1FFF
(1784925263.377500) can1 18FEF111#FFD416CCFFFF1FFF
(1784925263.428480) can1 18FEF111#FFD016CCFFFF1FFF
(1784925263.473830) can1 18FEF111#FFE016CCFFFF1FFF
(1784925263.564829) can1 18FEF111#FFE416CCFFFF1FFF
(1784925263.609269) can1 18FEF111#FFE016CCFFFF1FFF
(1784925263.685627) can1 18FEF111#FFEC16CCFFFF1FFF
(1784925263.730189) can1 18FEF111#FFE016CCFFFF1FFF
(1784925263.788953) can1 18FEF111#FFAC16CCFFFF1FFF
(1784925263.833713) can1 18FEF111#FF9816CCFFFF1FFF
(1784925263.878431) can1 18FEF111#FFA816CCFFFF1FFF
(1784925263.925149) can1 18FEF111#FF9816CCFFFF1FFF
(1784925263.968996) can1 18FEF111#FFA416CCFFFF1FFF
(1784925264.015801) can1 18FEF111#FF9416CCFFFF1FFF
(1784925264.092360) can1 18FEF111#FF8016CCFFFF1FFF
(1784925264.164887) can1 18FEF111#FFB016CCFFFF1FFF
(1784925264.241352) can1 18FEF111#FF9C16CCFFFF1FFF
(1784925264.288155) can1 18FEF111#FFB016CCFFFF1FFF
(1784925264.332956) can1 18FEF111#FFB816CCFFFF1FFF
(1784925264.378788) can1 18FEF111#FFC816CCFFFF1FFF
(1784925264.421333) can1 18FEF111#FFD016CCFFFF1FFF
(1784925264.515827) can1 18FEF111#FFE816CCFFFF1FFF
(1784925264.678489) can1 18FEF111#FFD016CCFFFF1FFF
(1784925264.721798) can1 18FEF111#FFC816CCFFFF1FFF
(1784925264.766846) can1 18FEF111#FFCC16CCFFFF1FFF
(1784925264.906820) can1 18FEF111#FF8C16CCFFFF1FFF
(1784925265.000420) can1 18FEF111#FF9816CCFFFF1FFF
(1784925265.044894) can1 18FEF111#FFA416CCFFFF1FFF
(1784925265.117624) can1 18FEF111#FFAC16CCFFFF1FFF
(1784925265.163279) can1 18FEF111#FFB416CCFFFF1FFF
(1784925265.220952) can1 18FEF111#FFB816CCFFFF1FFF
(1784925265.266350) can1 18FEF111#FFC816CCFFFF1FFF
(1784925265.310719) can1 18FEF111#FFC016CCFFFF1FFF
(1784925265.356463) can1 18FEF111#FFAC16CCFFFF1FFF
(1784925265.401346) can1 18FEF111#FFA016CCFFFF1FFF
(1784925265.580407) can1 18FEF111#FF8C16CCFFFF1FFF
(1784925265.629224) can1 18FEF111#FF9416CCFFFF1FFF
(1784925265.763328) can1 18FEF111#FF8C16CCFFFF1FFF
(1784925265.808574) can1 18FEF111#FFA016CCFFFF1FFF
(1784925265.940758) can1 18FEF111#FF9816CCFFFF1FFF
(1784925265.985419) can1 18FEF111#FF8016CCFFFF1FFF
(1784925266.029931) can1 18FEF111#FF8416CCFFFF1FFF
(1784925266.120626) can1 18FEF111#FF9816CCFFFF1FFF
(1784925266.165784) can1 18FEF111#FF7C16CCFFFF1FFF
(1784925266.211551) can1 18FEF111#FF8416CCFFFF1FFF
(1784925266.300903) can1 18FEF111#FFA016CCFFFF1FFF
(1784925266.346002) can1 18FEF111#FF9416CCFFFF1FFF
(1784925266.392473) can1 18FEF111#FF8416CCFFFF1FFF
(1784925266.434654) can1 18FEF111#FF7C16CCFFFF1FFF
(1784925266.526821) can1 18FEF111#FF8016CCFFFF1FFF
(1784925266.665835) can1 18FEF111#FF9C16CCFFFF1FFF
(1784925266.742377) can1 18FEF111#FFA016CCFFFF1FFF
(1784925266.787681) can1 18FEF111#FFA416CCFFFF1FFF
(1784925266.878051) can1 18FEF111#FF9416CCFFFF1FFF
(1784925266.925469) can1 18FEF111#FF9C16CCFFFF1FFF
(1784925267.013797) can1 18FEF111#FF7016CCFFFF1FFF
(1784925267.057873) can1 18FEF111#FF8416CCFFFF1FFF
(1784925267.131657) can1 18FEF111#FF7C16CCFFFF1FFF
(1784925267.221515) can1 18FEF111#FF8816CCFFFF1FFF
(1784925267.264704) can1 18FEF111#FF9816CCFFFF1FFF
(1784925267.312656) can1 18FEF111#FF8816CCFFFF1FFF
(1784925267.374926) can1 18FEF111#FF7C16CCFFFF1FFF
(1784925267.449839) can1 18FEF111#FF8016CCFFFF1FFF
(1784925267.495957) can1 18FEF111#FF8C16CCFFFF1FFF
(1784925267.583377) can1 18FEF111#FF9816CCFFFF1FFF
(1784925267.636291) can1 18FEF111#FF9C16CCFFFF1FFF
(1784925267.734111) can1 18FEF111#FF7C16CCFFFF1FFF
(1784925267.777589) can1 18FEF111#FF6416CCFFFF1FFF
(1784925267.822291) can1 18FEF111#FF6816CCFFFF1FFF
(1784925267.893656) can1 18FEF111#FF6016CCFFFF1FFF
(1784925267.940690) can1 18FEF111#FF7016CCFFFF1FFF
(1784925267.985494) can1 18FEF111#FF6816CCFFFF1FFF
(1784925268.037776) can1 18FEF111#FF5416CCFFFF1FFF
(1784925268.223829) can1 18FEF111#FF4816CCFFFF1FFF
(1784925268.269061) can1 18FEF111#FF5C16CCFFFF1FFF
(1784925268.357359) can1 18FEF111#FF4816CCFFFF1FFF
(1784925268.452464) can1 18FEF111#FF5416CCFFFF1FFF
(1784925268.545518) can1 18FEF111#FF5C16CCFFFF1FFF
(1784925268.619875) can1 18FEF111#FF7416CCFFFF1FFF
(1784925268.664895) can1 18FEF111#FF6016CCFFFF1FFF
(1784925268.754089) can1 18FEF111#FF6816CCFFFF1FFF
(1784925268.813958) can1 18FEF111#FF8016CCFFFF1FFF
(1784925268.863617) can1 18FEF111#FF7816CCFFFF1FFF
(1784925268.937080) can1 18FEF111#FF6016CCFFFF1FFF
(1784925268.982562) can1 18FEF111#FF6816CCFFFF1FFF
(1784925269.072826) can1 18FEF111#FF7816CCFFFF1FFF
(1784925269.206339) can1 18FEF111#FFEC16CCFFFF1FFF
(1784925269.342748) can1 18FEF111#FFE816CCFFFF1FFF
(1784925269.387020) can1 18FEF111#FFF016CCFFFF1FFF
(1784925269.435675) can1 18FEF111#FFE416CCFFFF1FFF
(1784925269.513173) can1 18FEF111#FF4C17CCFFFF1FFF
(1784925269.560249) can1 18FEF111#FF5417CCFFFF1FFF
(1784925269.605877) can1 18FEF111#FF4417CCFFFF1FFF
(1784925269.648383) can1 18FEF111#FF5817CCFFFF1FFF
(1784925269.691973) can1 18FEF111#FF7817CCFFFF1FFF
(1784925269.807305) can1 18FEF111#FF6817CCFFFF1FFF
(1784925269.876278) can1 18FEF111#FFBC17CCFFFF1FFF
(1784925269.923354) can1 18FEF111#FFB817CCFFFF1FFF
(1784925270.087019) can1 18FEF111#FFB017CCFFFF1FFF
(1784925270.234819) can1 18FEF111#FFE017CCFFFF1FFF
(1784925270.281923) can1 18FEF111#FFD417CCFFFF1FFF
(1784925270.324715) can1 18FEF111#FFDC17CCFFFF1FFF
(1784925270.397897) can1 18FEF111#FFD017CCFFFF1FFF
(1784925270.444898) can1 18FEF111#FFF017CCFFFF1FFF
(1784925270.490348) can1 18FEF111#FFDC17CCFFFF1FFF
(1784925270.536614) can1 18FEF111#FFE417CCFFFF1FFF
(1784925270.596245) can1 18FEF111#FFD417CCFFFF1FFF
(1784925270.640610) can1 18FEF111#FFD817CCFFFF1FFF
(1784925270.758802) can1 18FEF111#FFE017CCFFFF1FFF
(1784925270.803348) can1 18FEF111#FFB417CCFFFF1FFF
(1784925270.892158) can1 18FEF111#FFC817CCFFFF1FFF
(1784925270.956409) can1 18FEF111#FFC417CCFFFF1FFF
(1784925271.002439) can1 18FEF111#FFD017CCFFFF1FFF
(1784925271.074880) can1 18FEF111#FFCC17CCFFFF1FFF
(1784925271.121121) can1 18FEF111#FFE017CCFFFF1FFF
(1784925271.165218) can1 18FEF111#FFD017CCFFFF1FFF
(1784925271.210057) can1 18FEF111#FFE417CCFFFF1FFF
(1784925271.253982) can1 18FEF111#FFD817CCFFFF1FFF
(1784925271.316911) can1 18FEF111#FFD417CCFFFF1FFF
(1784925271.391243) can1 18FEF111#FFBC17CCFFFF1FFF
(1784925271.435267) can1 18FEF111#FFE817CCFFFF1FFF
(1784925271.480465) can1 18FEF111#FFC417CCFFFF1FFF
(1784925271.525764) can1 18FEF111#FFD817CCFFFF1FFF
(1784925271.570991) can1 18FEF111#FFD017CCFFFF1FFF
(1784925271.676576) can1 18FEF111#FFF817CCFFFF1FFF
(1784925271.722995) can1 18FEF111#FFE417CCFFFF1FFF
(1784925271.795966) can1 18FEF111#FFEC17CCFFFF1FFF
(1784925271.841219) can1 18FEF111#FFE017CCFFFF1FFF
(1784925271.886064) can1 18FEF111#FFDC17CCFFFF1FFF
(1784925271.932391) can1 18FEF111#FFE417CCFFFF1FFF
(1784925272.022417) can1 18FEF111#FFDC17CCFFFF1FFF
(1784925272.067283) can1 18FEF111#FFE017CCFFFF1FFF
(1784925272.112656) can1 18FEF111#FFDC17CCFFFF1FFF
(1784925272.155550) can1 18FEF111#FFBC17CCFFFF1FFF
(1784925272.202785) can1 18FEF111#FFD817CCFFFF1FFF
(1784925272.251868) can1 18FEF111#FFCC17CCFFFF1FFF
(1784925272.318893) can1 18FEF111#FFF017CCFFFF1FFF
(1784925272.383092) can1 18FEF111#FF8817CCFFFF1FFF
(1784925272.428234) can1 18FEF111#FFA817CCFFFF1FFF
(1784925272.476208) can1 18FEF111#FF9C17CCFFFF1FFF
(1784925272.547751) can1 18FEF111#FF8817CCFFFF1FFF
(1784925272.592610) can1 18FEF111#FF8017CCFFFF1FFF
(1784925272.636752) can1 18FEF111#FF7817CCFFFF1FFF
(1784925272.744393) can1 18FEF111#FF4417CCFFFF1FFF
(1784925272.788166) can1 18FEF111#FF2017CCFFFF1FFF
(1784925272.836584) can1 18FEF111#FF1417CCFFFF1FFF
(1784925272.875883) can1 18FEF111#FF0817CCFFFF1FFF
(1784925272.952818) can1 18FEF111#FF1417CCFFFF1FFF
(1784925272.996191) can1 18FEF111#FF0417CCFFFF1FFF
(1784925273.042239) can1 18FEF111#FF0017CCFFFF1FFF
(1784925273.106000) can1 18FEF111#FFE416CCFFFF1FFF
(1784925273.225780) can1 18FEF111#FFE016CCFFFF1FFF
(1784925273.269264) can1 18FEF111#FFC416CCFFFF1FFF
(1784925273.313369) can1 18FEF111#FFBC16CCFFFF1FFF
(1784925273.358316) can1 18FEF111#FFD016CCFFFF1FFF
(1784925273.406662) can1 18FEF111#FFBC16CCFFFF1FFF
(1784925273.464297) can1 18FEF111#FF7C16CCFFFF1FFF
(1784925273.509995) can1 18FEF111#FF6816CCFFFF1FFF
(1784925273.583844) can1 18FEF111#FF5C16CCFFFF1FFF
(1784925273.628724) can1 18FEF111#FF6416CCFFFF1FFF
(1784925273.674254) can1 18FEF111#FF4816CCFFFF1FFF
(1784925273.719680) can1 18FEF111#FF4016CCFFFF1FFF
(1784925273.824872) can1 18FEF111#FF7816CCFFFF1FFF
(1784925273.867992) can1 18FEF111#FF4816CCFFFF1FFF
(1784925273.913351) can1 18FEF111#FF4C16CCFFFF1FFF
(1784925273.957049) can1 18FEF111#FF3C16CCFFFF1FFF
(1784925274.031444) can1 18FEF111#FF3416CCFFFF1FFF
(1784925274.076447) can1 18FEF111#FF3C16CCFFFF1FFF
(1784925274.121757) can1 18FEF111#FF2816CCFFFF1FFF
(1784925274.187760) can1 18FEF111#FFE015CCFFFF1FFF
(1784925274.232864) can1 18FEF111#FFFC15CCFFFF1FFF
(1784925274.348619) can1 18FEF111#FF3416CCFFFF1FFF
(1784925274.392421) can1 18FEF111#FF3816CCFFFF1FFF
(1784925274.436086) can1 18FEF111#FF2416CCFFFF1FFF
(1784925274.479882) can1 18FEF111#FF0C16CCFFFF1FFF
(1784925274.544843) can1 18FEF111#FFAC15CCFFFF1FFF
(1784925274.590715) can1 18FEF111#FFDC15CCFFFF1FFF
(1784925274.664370) can1 18FEF111#FFEC15CCFFFF1FFF
(1784925274.710821) can1 18FEF111#FFF815CCFFFF1FFF
(1784925274.757697) can1 18FEF111#FFF415CCFFFF1FFF
(1784925274.803410) can1 18FEF111#FF0816CCFFFF1FFF
(1784925274.906487) can1 18FEF111#FF7816CCFFFF1FFF
(1784925274.982283) can1 18FEF111#FF6416CCFFFF1FFF
(1784925275.118034) can1 18FEF111#FF6016CCFFFF1FFF
(1784925275.162196) can1 18FEF111#FF5016CCFFFF1FFF
(1784925275.251334) can1 18FEF111#FF7816CCFFFF1FFF
(1784925275.299108) can1 18FEF111#FF8C16CCFFFF1FFF
(1784925275.344084) can1 18FEF111#FF6416CCFFFF1FFF
(1784925275.418651) can1 18FEF111#FF7416CCFFFF1FFF
(1784925275.463253) can1 18FEF111#FF5416CCFFFF1FFF
(1784925275.508203) can1 18FEF111#FF6C16CCFFFF1FFF
(1784925275.553401) can1 18FEF111#FF5C16CCFFFF1FFF
(1784925275.612258) can1 18FEF111#FF5016CCFFFF1FFF
(1784925275.701031) can1 18FEF111#FF4816CCFFFF1FFF
(1784925275.745664) can1 18FEF111#FF5C16CCFFFF1FFF
(1784925275.789380) can1 18FEF111#FF4C16CCFFFF1FFF
(1784925275.863524) can1 18FEF111#FF5816CCFFFF1FFF
(1784925275.906886) can1 18FEF111#FF5016CCFFFF1FFF
(1784925275.975565) can1 18FEF111#FF7C16CCFFFF1FFF
(1784925276.049045) can1 18FEF111#FF7816CCFFFF1FFF
(1784925276.092757) can1 18FEF111#FF5416CCFFFF1FFF
(1784925276.136978) can1 18FEF111#FF6416CCFFFF1FFF
(1784925276.183761) can1 18FEF111#FF5C16CCFFFF1FFF
(1784925276.229583) can1 18FEF111#FF6016CCFFFF1FFF
(1784925276.278501) can1 18FEF111#FF5016CCFFFF1FFF
(1784925276.418149) can1 18FEF111#FF7416CCFFFF1FFF
(1784925276.465866) can1 18FEF111#FF4C16CCFFFF1FFF
(1784925276.508602) can1 18FEF111#FF6016CCFFFF1FFF
(1784925276.554241) can1 18FEF111#FF4816CCFFFF1FFF
(1784925276.604384) can1 18FEF111#FF5C16CCFFFF1FFF
(1784925276.693391) can1 18FEF111#FF4C16CCFFFF1FFF
(1784925276.739015) can1 18FEF111#FF2816CCFFFF1FFF
(1784925276.785086) can1 18FEF111#FF2C16CCFFFF1FFF
(1784925276.829151) can1 18FEF111#FFFC15CCFFFF1FFF
(1784925276.872941) can1 18FEF111#FFF015CCFFFF1FFF
(1784925276.916466) can1 18FEF111#FFBC15CCFFFF1FFF
(1784925276.960486) can1 18FEF111#FFAC15CCFFFF1FFF
(1784925277.052030) can1 18FEF111#FF9815CCFFFF1FFF
(1784925277.099522) can1 18FEF111#FF8C15CCFFFF1FFF
(1784925277.144738) can1 18FEF111#FFAC15CCFFFF1FFF
(1784925277.234824) can1 18FEF111#FF6815CCFFFF1FFF
(1784925277.308961) can1 18FEF111#FF4C15CCFFFF1FFF
(1784925277.348714) can1 18FEF111#FF5415CCFFFF1FFF
(1784925277.442587) can1 18FEF111#FFF814CCFFFF1FFF
(1784925277.487317) can1 18FEF111#FFF014CCFFFF1FFF
(1784925277.531689) can1 18FEF111#FFFC14CCFFFF1FFF
(1784925277.576912) can1 18FEF111#FFF414CCFFFF1FFF
(1784925277.620038) can1 18FEF111#FFE014CCFFFF1FFF
(1784925277.773381) can1 18FEF111#FF8C13CCFFFF1FFF
(1784925277.820417) can1 18FEF111#FF7013CCFFFF1FFF
(1784925277.865592) can1 18FEF111#FF9813CCFFFF1FFF
(1784925277.983749) can1 18FEF111#FF9C13CCFFFF1FFF
(1784925278.029365) can1 18FEF111#FF9813CCFFFF1FFF
(1784925278.136057) can1 18FEF111#FF3014CCFFFF1FFF
(1784925278.209259) can1 18FEF111#FF2C14CCFFFF1FFF
(1784925278.253703) can1 18FEF111#FF1C14CCFFFF1FFF
(1784925278.301248) can1 18FEF111#FF1414CCFFFF1FFF
(1784925278.346434) can1 18FEF111#FF2014CCFFFF1FFF
(1784925278.470960) can1 18FEF111#FF1415CCFFFF1FFF
(1784925278.564612) can1 18FEF111#FF1815CCFFFF1FFF
(1784925278.608403) can1 18FEF111#FF2C15CCFFFF1FFF
(1784925278.726552) can1 18FEF111#FF1C15CCFFFF1FFF
(1784925278.768779) can1 18FEF111#FF2C15CCFFFF1FFF
(1784925278.834317) can1 18FEF111#FF1814CCFFFF1FFF
(1784925278.879908) can1 18FEF111#FF1014CCFFFF1FFF
(1784925278.920965) can1 18FEF111#FF0414CCFFFF1FFF
(1784925278.967325) can1 18FEF111#FFF013CCFFFF1FFF
(1784925279.040068) can1 18FEF111#FFE013CCFFFF1FFF
(1784925279.087696) can1 18FEF111#FFCC13CCFFFF1FFF
(1784925279.130155) can1 18FEF111#FFC813CCFFFF1FFF
(1784925279.194768) can1 18FEF111#FFB412CCFFFF1FFF
(1784925279.243210) can1 18FEF111#FFA412CCFFFF1FFF
(1784925279.315461) can1 18FEF111#FF8C12CCFFFF1FFF
(1784925279.362036) can1 18FEF111#FF8412CCFFFF1FFF
(1784925279.405842) can1 18FEF111#FF7012CCFFFF1FFF
(1784925279.451248) can1 18FEF111#FF5C12CCFFFF1FFF
(1784925279.554583) can1 18FEF111#FF7C11CCFFFF1FFF
(1784925279.675381) can1 18FEF111#FF7011CCFFFF1FFF
(1784925279.721311) can1 18FEF111#FF6011CCFFFF1FFF
(1784925279.766707) can1 18FEF111#FF5411CCFFFF1FFF
(1784925279.811928) can1 18FEF111#FF4C11CCFFFF1FFF
(1784925279.943054) can1 18FEF111#FF7810CCFFFF1FFF
(1784925279.989474) can1 18FEF111#FF6C10CCFFFF1FFF
(1784925280.033161) can1 18FEF111#FF6810CCFFFF1FFF
(1784925280.079002) can1 18FEF111#FF6410CCFFFF1FFF
(1784925280.121265) can1 18FEF111#FF6810CCFFFF1FFF
(1784925280.263576) can1 18FEF111#FF780FCCFFFF1FFF
(1784925280.308627) can1 18FEF111#FF740FCCFFFF1FFF
(1784925280.383208) can1 18FEF111#FF700FCCFFFF1FFF
(1784925280.519211) can1 18FEF111#FF6C0FCCFFFF1FFF
(1784925280.564308) can1 18FEF111#FF600FCCFFFF1FFF
(1784925280.626030) can1 18FEF111#FFB00ECCFFFF1FFF
(1784925280.698614) can1 18FEF111#FFA40ECCFFFF1FFF
(1784925280.743370) can1 18FEF111#FF940ECCFFFF1FFF
(1784925280.835091) can1 18FEF111#FF8C0ECCFFFF1FFF
(1784925280.880269) can1 18FEF111#FF880ECCFFFF1FFF
(1784925281.015360) can1 18FEF111#FF180ECCFFFF1FFF
(1784925281.060032) can1 18FEF111#FF140ECCFFFF1FFF
(1784925281.105593) can1 18FEF111#FF180ECCFFFF1FFF
(1784925281.152147) can1 18FEF111#FF0C0ECCFFFF1FFF
(1784925281.239388) can1 18FEF111#FF080ECCFFFF1FFF
(1784925281.348385) can1 18FEF111#FF440DCCFFFF1FFF
(1784925281.418745) can1 18FEF111#FF180DCCFFFF1FFF
(1784925281.466128) can1 18FEF111#FF080DCCFFFF1FFF
(1784925281.511139) can1 18FEF111#FFF80CCCFFFF1FFF
(1784925281.555802) can1 18FEF111#FFE80CCCFFFF1FFF
(1784925281.600365) can1 18FEF111#FFE40CCCFFFF1FFF
(1784925281.692891) can1 18FEF111#FFEC0CCCFFFF1FFF
(1784925281.739119) can1 18FEF111#FFD80CCCFFFF1FFF
(1784925281.784236) can1 18FEF111#FFD00CCCFFFF1FFF
(1784925281.829339) can1 18FEF111#FFC80CCCFFFF1FFF
(1784925281.872754) can1 18FEF111#FFBC0CCCFFFF1FFF
(1784925281.918707) can1 18FEF111#FFB80CCCFFFF1FFF
(1784925281.960624) can1 18FEF111#FFA40CCCFFFF1FFF
(1784925282.039411) can1 18FEF111#FF280CCCFFFF1FFF
(1784925282.083892) can1 18FEF111#FF1C0CCCFFFF1FFF
(1784925282.218046) can1 18FEF111#FF180CCCFFFF1FFF
(1784925282.292254) can1 18FEF111#FF140CCCFFFF1FFF
(1784925282.337522) can1 18FEF111#FF100CCCFFFF1FFF
(1784925282.407874) can1 18FEF111#FFB40BCCFFFF1FFF
(1784925282.524420) can1 18FEF111#FFB00BCCFFFF1FFF
(1784925282.567390) can1 18FEF111#FFA40BCCFFFF1FFF
(1784925282.655989) can1 18FEF111#FF980BCCFFFF1FFF
(1784925282.755347) can1 18FEF111#FFF40ACCFFFF1FFF
(1784925282.830465) can1 18FEF111#FFEC0ACCFFFF1FFF
(1784925282.873733) can1 18FEF111#FFD80ACCFFFF1FFF
(1784925282.921401) can1 18FEF111#FFCC0ACCFFFF1FFF
(1784925282.963841) can1 18FEF111#FFB00ACCFFFF1FFF
(1784925283.012847) can1 18FEF111#FFAC0ACCFFFF1FFF
(1784925283.114452) can1 18FEF111#FF180ACCFFFF1FFF
(1784925283.158608) can1 18FEF111#FF140ACCFFFF1FFF
(1784925283.231011) can1 18FEF111#FF180ACCFFFF1FFF
(1784925283.276807) can1 18FEF111#FF240ACCFFFF1FFF
(1784925283.322881) can1 18FEF111#FF2C0ACCFFFF1FFF
(1784925283.463061) can1 18FEF111#FFF409CCFFFF1FFF
(1784925283.509347) can1 18FEF111#FFF009CCFFFF1FFF
(1784925283.554901) can1 18FEF111#FFE409CCFFFF1FFF
(1784925283.601018) can1 18FEF111#FFE009CCFFFF1FFF
(1784925283.647148) can1 18FEF111#FFDC09CCFFFF1FFF
(1784925283.721358) can1 18FEF111#FFCC09CCFFFF1FFF
(1784925283.766742) can1 18FEF111#FFC809CCFFFF1FFF
(1784925283.821605) can1 18FEF111#FF5C09CCFFFF1FFF
(1784925283.866982) can1 18FEF111#FF4809CCFFFF1FFF
(1784925283.957997) can1 18FEF111#FF4409CCFFFF1FFF
(1784925284.005310) can1 18FEF111#FF3409CCFFFF1FFF
(1784925284.193711) can1 18FEF111#FF5009CCFFFF1FFF
(1784925284.315060) can1 18FEF111#FF7009CCFFFF1FFF
(1784925284.358554) can1 18FEF111#FF7809CCFFFF1FFF
(1784925284.402121) can1 18FEF111#FF8C09CCFFFF1FFF
(1784925284.449048) can1 18FEF111#FFA009CCFFFF1FFF
(1784925284.492014) can1 18FEF111#FFA809CCFFFF1FFF
(1784925284.672297) can1 18FEF111#FFA409CCFFFF1FFF
(1784925284.762512) can1 18FEF111#FFAC09CCFFFF1FFF
(1784925284.808026) can1 18FEF111#FFA809CCFFFF1FFF
(1784925284.915299) can1 18FEF111#FF8C0ACCFFFF1FFF
(1784925284.988331) can1 18FEF111#FF980ACCFFFF1FFF
(1784925285.032450) can1 18FEF111#FFBC0ACCFFFF1FFF
(1784925285.077249) can1 18FEF111#FFC40ACCFFFF1FFF
(1784925285.168623) can1 18FEF111#FFD80ACCFFFF1FFF
(1784925285.269478) can1 18FEF111#FFE00BCCFFFF1FFF
(1784925285.358180) can1 18FEF111#FFFC0BCCFFFF1FFF
(1784925285.449143) can1 18FEF111#FF140CCCFFFF1FFF
(1784925285.493835) can1 18FEF111#FF200CCCFFFF1FFF
(1784925285.538753) can1 18FEF111#FF240CCCFFFF1FFF
(1784925285.643617) can1 18FEF111#FFA40ECCFFFF1FFF
(1784925285.690784) can1 18FEF111#FFC00ECCFFFF1FFF
(1784925285.764522) can1 18FEF111#FFC80ECCFFFF1FFF
(1784925285.809964) can1 18FEF111#FFF00ECCFFFF1FFF
(1784925285.857551) can1 18FEF111#FFF40ECCFFFF1FFF
(1784925285.902040) can1 18FEF111#FF040FCCFFFF1FFF
(1784925285.988526) can1 18FEF111#FFC411CCFFFF1FFF
(1784925286.033867) can1 18FEF111#FF0012CCFFFF1FFF
(1784925286.080252) can1 18FEF111#FF2C12CCFFFF1FFF
(1784925286.124794) can1 18FEF111#FF4812CCFFFF1FFF
(1784925286.166378) can1 18FEF111#FF8C12CCFFFF1FFF
(1784925286.212188) can1 18FEF111#FFB012CCFFFF1FFF
(1784925286.283804) can1 18FEF111#FFFC12CCFFFF1FFF
(1784925286.352474) can1 18FEF111#FF6C15CCFFFF1FFF
(1784925286.473311) can1 18FEF111#FF9015CCFFFF1FFF
(1784925286.520502) can1 18FEF111#FFB015CCFFFF1FFF
(1784925286.567744) can1 18FEF111#FFDC15CCFFFF1FFF
(1784925286.613689) can1 18FEF111#FFF815CCFFFF1FFF
(1784925286.711514) can1 18FEF111#FF5017CCFFFF1FFF
(1784925286.757775) can1 18FEF111#FF5417CCFFFF1FFF
(1784925286.803619) can1 18FEF111#FF8C17CCFFFF1FFF
(1784925286.874144) can1 18FEF111#FF8817CCFFFF1FFF
(1784925286.965568) can1 18FEF111#FFD017CCFFFF1FFF
(1784925287.016566) can1 18FEF111#FFF417CCFFFF1FFF
(1784925287.111841) can1 18FEF111#FF7C17CCFFFF1FFF
(1784925287.158259) can1 18FEF111#FF6817CCFFFF1FFF
(1784925287.203533) can1 18FEF111#FF8017CCFFFF1FFF
(1784925287.248963) can1 18FEF111#FF6817CCFFFF1FFF
(1784925287.292923) can1 18FEF111#FF8817CCFFFF1FFF
(1784925287.336900) can1 18FEF111#FF6417CCFFFF1FFF
(1784925287.433356) can1 18FEF111#FFBC16CCFFFF1FFF
(1784925287.479896) can1 18FEF111#FFB816CCFFFF1FFF
(1784925287.523382) can1 18FEF111#FFD816CCFFFF1FFF
(1784925287.568311) can1 18FEF111#FFC416CCFFFF1FFF
(1784925287.612032) can1 18FEF111#FFE016CCFFFF1FFF
(1784925287.657646) can1 18FEF111#FFEC16CCFFFF1FFF
(1784925287.724332) can1 18FEF111#FFE416CCFFFF1FFF
(1784925287.796528) can1 18FEF111#FF7C16CCFFFF1FFF
(1784925287.870581) can1 18FEF111#FFA416CCFFFF1FFF
(1784925287.915552) can1 18FEF111#FFB016CCFFFF1FFF
(1784925287.962004) can1 18FEF111#FFB816CCFFFF1FFF
(1784925288.005975) can1 18FEF111#FF9816CCFFFF1FFF
(1784925288.052086) can1 18FEF111#FFC416CCFFFF1FFF
(1784925288.152705) can1 18FEF111#FFAC16CCFFFF1FFF
(1784925288.228159) can1 18FEF111#FF9C16CCFFFF1FFF
(1784925288.273361) can1 18FEF111#FFC416CCFFFF1FFF
(1784925288.317012) can1 18FEF111#FFB816CCFFFF1FFF
(1784925288.362720) can1 18FEF111#FFEC16CCFFFF1FFF
(1784925288.409113) can1 18FEF111#FF8C16CCFFFF1FFF
(1784925288.514894) can1 18FEF111#FF4C16CCFFFF1FFF
(1784925288.587990) can1 18FEF111#FF7016CCFFFF1FFF
(1784925288.631665) can1 18FEF111#FF4016CCFFFF1FFF
(1784925288.723434) can1 18FEF111#FF5416CCFFFF1FFF
(1784925288.770287) can1 18FEF111#FF6416CCFFFF1FFF
(1784925288.812417) can1 18FEF111#FF5016CCFFFF1FFF
(1784925288.872972) can1 18FEF111#FF8C16CCFFFF1FFF
(1784925288.948550) can1 18FEF111#FFAC16CCFFFF1FFF
(1784925289.085653) can1 18FEF111#FF8C16CCFFFF1FFF
(1784925289.132687) can1 18FEF111#FFB816CCFFFF1FFF
(1784925289.232058) can1 18FEF111#FFFC16CCFFFF1FFF
(1784925289.278774) can1 18FEF111#FFF016CCFFFF1FFF
(1784925289.351642) can1 18FEF111#FFF816CCFFFF1FFF
(1784925289.396145) can1 18FEF111#FFF416CCFFFF1FFF
(1784925289.441131) can1 18FEF111#FF0817CCFFFF1FFF
(1784925289.496153) can1 18FEF111#FFE416CCFFFF1FFF
(1784925289.532169) can1 18FEF111#FF0417CCFFFF1FFF
(1784925289.594657) can1 18FEF111#FF3817CCFFFF1FFF
(1784925289.668923) can1 18FEF111#FF2017CCFFFF1FFF
(1784925289.758925) can1 18FEF111#FF2817CCFFFF1FFF
(1784925289.804655) can1 18FEF111#FF4017CCFFFF1FFF
(1784925289.850768) can1 18FEF111#FF2C17CCFFFF1FFF
(1784925289.951247) can1 18FEF111#FF0C17CCFFFF1FFF
(1784925289.996090) can1 18FEF111#FF3817CCFFFF1FFF
(1784925290.041783) can1 18FEF111#FF0017CCFFFF1FFF
(1784925290.116378) can1 18FEF111#FF0817CCFFFF1FFF
(1784925290.161836) can1 18FEF111#FF2817CCFFFF1FFF
(1784925290.251804) can1 18FEF111#FF0017CCFFFF1FFF
(1784925290.314472) can1 18FEF111#FFE816CCFFFF1FFF
(1784925290.359962) can1 18FEF111#FF0817CCFFFF1FFF
(1784925290.430868) can1 18FEF111#FFF016CCFFFF1FFF
(1784925290.476203) can1 18FEF111#FFC816CCFFFF1FFF
(1784925290.521424) can1 18FEF111#FFF016CCFFFF1FFF
(1784925290.567399) can1 18FEF111#FFFC16CCFFFF1FFF
(1784925290.617902) can1 18FEF111#FF0417CCFFFF1FFF
(1784925290.719413) can1 18FEF111#FF0C17CCFFFF1FFF
(1784925290.765619) can1 18FEF111#FF2C17CCFFFF1FFF
(1784925290.810729) can1 18FEF111#FFF816CCFFFF1FFF
(1784925290.854129) can1 18FEF111#FF0417CCFFFF1FFF
(1784925290.928203) can1 18FEF111#FFF416CCFFFF1FFF
(1784925290.972060) can1 18FEF111#FF1017CCFFFF1FFF
(1784925291.029094) can1 18FEF111#FFE816CCFFFF1FFF
(1784925291.075593) can1 18FEF111#FF1417CCFFFF1FFF
(1784925291.120098) can1 18FEF111#FF0417CCFFFF1FFF
(1784925291.164299) can1 18FEF111#FF1C17CCFFFF1FFF
(1784925291.208573) can1 18FEF111#FFE816CCFFFF1FFF
(1784925291.253762) can1 18FEF111#FF0417CCFFFF1FFF
(1784925291.298610) can1 18FEF111#FF1817CCFFFF1FFF
(1784925291.392019) can1 18FEF111#FF1C17CCFFFF1FFF
(1784925291.439820) can1 18FEF111#FF0017CCFFFF1FFF
(1784925291.487776) can1 18FEF111#FF1017CCFFFF1FFF
(1784925291.524662) can1 18FEF111#FF2417CCFFFF1FFF
(1784925291.568299) can1 18FEF111#FF1417CCFFFF1FFF
(1784925291.618099) can1 18FEF111#FF0417CCFFFF1FFF
(1784925291.748833) can1 18FEF111#FFE416CCFFFF1FFF
(1784925291.794094) can1 18FEF111#FFC816CCFFFF1FFF
(1784925291.839914) can1 18FEF111#FFCC16CCFFFF1FFF
(1784925291.885970) can1 18FEF111#FFC816CCFFFF1FFF
(1784925291.928305) can1 18FEF111#FFEC16CCFFFF1FFF
(1784925291.975208) can1 18FEF111#FFD016CCFFFF1FFF
(1784925292.047753) can1 18FEF111#FFD416CCFFFF1FFF
(1784925292.109190) can1 18FEF111#FFEC16CCFFFF1FFF
(1784925292.154758) can1 18FEF111#FFF816CCFFFF1FFF
(1784925292.198639) can1 18FEF111#FFE416CCFFFF1FFF
(1784925292.242860) can1 18FEF111#FFD416CCFFFF1FFF
(1784925292.379317) can1 18FEF111#FFBC16CCFFFF1FFF
(1784925292.472088) can1 18FEF111#FFC016CCFFFF1FFF
(1784925292.518133) can1 18FEF111#FFC416CCFFFF1FFF
(1784925292.561569) can1 18FEF111#FFCC16CCFFFF1FFF
(1784925292.608118) can1 18FEF111#FFD816CCFFFF1FFF
(1784925292.649876) can1 18FEF111#FFB816CCFFFF1FFF
(1784925292.694841) can1 18FEF111#FFBC16CCFFFF1FFF
(1784925292.767273) can1 18FEF111#FFB416CCFFFF1FFF
(1784925292.829419) can1 18FEF111#FFC816CCFFFF1FFF
(1784925292.920729) can1 18FEF111#FFF016CCFFFF1FFF
(1784925292.967084) can1 18FEF111#FF0417CCFFFF1FFF
(1784925293.194074) can1 18FEF111#FFEC16CCFFFF1FFF
(1784925293.286936) can1 18FEF111#FFD816CCFFFF1FFF
(1784925293.329832) can1 18FEF111#FFDC16CCFFFF1FFF
(1784925293.401123) can1 18FEF111#FFE416CCFFFF1FFF
(1784925293.446256) can1 18FEF111#FFD816CCFFFF1FFF
(1784925293.491384) can1 18FEF111#FFB816CCFFFF1FFF
(1784925293.557346) can1 18FEF111#FF7C16CCFFFF1FFF
(1784925293.603475) can1 18FEF111#FF8016CCFFFF1FFF
(1784925293.676562) can1 18FEF111#FFA016CCFFFF1FFF
(1784925293.769292) can1 18FEF111#FFC816CCFFFF1FFF
(1784925293.815560) can1 18FEF111#FFBC16CCFFFF1FFF
(1784925293.901726) can1 18FEF111#FF8816CCFFFF1FFF
(1784925293.946113) can1 18FEF111#FF9016CCFFFF1FFF
(1784925294.034883) can1 18FEF111#FFA416CCFFFF1FFF
(1784925294.079145) can1 18FEF111#FFA016CCFFFF1FFF
(1784925294.126817) can1 18FEF111#FF9C16CCFFFF1FFF
(1784925294.173087) can1 18FEF111#FF7416CCFFFF1FFF
(1784925294.262735) can1 18FEF111#FFB016CCFFFF1FFF
(1784925294.308221) can1 18FEF111#FF9816CCFFFF1FFF
(1784925294.356678) can1 18FEF111#FFA416CCFFFF1FFF
(1784925294.428591) can1 18FEF111#FF7816CCFFFF1FFF
(1784925294.476070) can1 18FEF111#FF8416CCFFFF1FFF
(1784925294.520625) can1 18FEF111#FF7016CCFFFF1FFF
(1784925294.565868) can1 18FEF111#FF7C16CCFFFF1FFF
(1784925294.621771) can1 18FEF111#FFB016CCFFFF1FFF
(1784925294.666974) can1 18FEF111#FFB816CCFFFF1FFF
(1784925294.713118) can1 18FEF111#FFAC16CCFFFF1FFF
(1784925294.755548) can1 18FEF111#FFA416CCFFFF1FFF
(1784925294.831704) can1 18FEF111#FF9C16CCFFFF1FFF
(1784925294.923105) can1 18FEF111#FFA016CCFFFF1FFF
(1784925294.977985) can1 18FEF111#FF7816CCFFFF1FFF
(1784925295.023100) can1 18FEF111#FF6016CCFFFF1FFF
(1784925295.116524) can1 18FEF111#FF7416CCFFFF1FFF
(1784925295.159771) can1 18FEF111#FF5C16CCFFFF1FFF
(1784925295.203936) can1 18FEF111#FF7016CCFFFF1FFF
(1784925295.277063) can1 18FEF111#FF5C16CCFFFF1FFF
(1784925295.338748) can1 18FEF111#FF9C16CCFFFF1FFF
(1784925295.385621) can1 18FEF111#FF9816CCFFFF1FFF
(1784925295.431696) can1 18FEF111#FFB016CCFFFF1FFF
(1784925295.475388) can1 18FEF111#FF8416CCFFFF1FFF
(1784925295.551537) can1 18FEF111#FFB016CCFFFF1FFF
(1784925295.595948) can1 18FEF111#FFA416CCFFFF1FFF
(1784925295.691403) can1 18FEF111#FF7C16CCFFFF1FFF
(1784925295.739423) can1 18FEF111#FF7816CCFFFF1FFF
(1784925295.783583) can1 18FEF111#FF9416CCFFFF1FFF
(1784925295.829022) can1 18FEF111#FF9016CCFFFF1FFF
(1784925295.870358) can1 18FEF111#FF7C16CCFFFF1FFF
(1784925295.915470) can1 18FEF111#FF7416CCFFFF1FFF
(1784925295.963633) can1 18FEF111#FF8C16CCFFFF1FFF
(1784925296.056299) can1 18FEF111#FF8816CCFFFF1FFF
(1784925296.105819) can1 18FEF111#FF7C16CCFFFF1FFF
(1784925296.176157) can1 18FEF111#FF9C16CCFFFF1FFF
(1784925296.263639) can1 18FEF111#FFB016CCFFFF1FFF
(1784925296.308978) can1 18FEF111#FFAC16CCFFFF1FFF
(1784925296.348461) can1 18FEF111#FFB016CCFFFF1FFF
(1784925296.401304) can1 18FEF111#FF9416CCFFFF1FFF
(1784925296.445875) can1 18FEF111#FF7816CCFFFF1FFF
(1784925296.491939) can1 18FEF111#FF7C16CCFFFF1FFF
(1784925296.536183) can1 18FEF111#FF5816CCFFFF1FFF
(1784925296.580269) can1 18FEF111#FF5C16CCFFFF1FFF
(1784925296.626366) can1 18FEF111#FF3416CCFFFF1FFF
(1784925296.670683) can1 18FEF111#FF4016CCFFFF1FFF
(1784925296.761396) can1 18FEF111#FF5016CCFFFF1FFF
(1784925296.807263) can1 18FEF111#FF4816CCFFFF1FFF
(1784925296.853624) can1 18FEF111#FF5816CCFFFF1FFF
(1784925296.900321) can1 18FEF111#FF4416CCFFFF1FFF
(1784925296.975800) can1 18FEF111#FF6C16CCFFFF1FFF
(1784925297.020552) can1 18FEF111#FF5C16CCFFFF1FFF
(1784925297.059511) can1 18FEF111#FF6016CCFFFF1FFF
(1784925297.125398) can1 18FEF111#FF1816CCFFFF1FFF
(1784925297.172824) can1 18FEF111#FF1416CCFFFF1FFF
(1784925297.244032) can1 18FEF111#FF1016CCFFFF1FFF
(1784925297.336019) can1 18FEF111#FFF415CCFFFF1FFF
(1784925297.381210) can1 18FEF111#FFE015CCFFFF1FFF
(1784925297.469221) can1 18FEF111#FFB414CCFFFF1FFF
(1784925297.515229) can1 18FEF111#FFC414CCFFFF1FFF
(1784925297.679161) can1 18FEF111#FFB014CCFFFF1FFF
(1784925297.724454) can1 18FEF111#FFBC14CCFFFF1FFF
(1784925297.772424) can1 18FEF111#FFC414CCFFFF1FFF
(1784925297.829864) can1 18FEF111#FFA814CCFFFF1FFF
(1784925297.876365) can1 18FEF111#FFB814CCFFFF1FFF
(1784925297.922988) can1 18FEF111#FFB014CCFFFF1FFF
(1784925297.966657) can1 18FEF111#FFA814CCFFFF1FFF
(1784925298.011214) can1 18FEF111#FFA414CCFFFF1FFF
(1784925298.056846) can1 18FEF111#FFBC14CCFFFF1FFF
(1784925298.123722) can1 18FEF111#FFD014CCFFFF1FFF
(1784925298.189987) can1 18FEF111#FFC40FCCFFFF1FFF
(1784925298.267927) can1 18FEF111#FF580FCCFFFF1FFF
(1784925298.312210) can1 18FEF111#FFA40ECCFFFF1FFF
(1784925298.356058) can1 18FEF111#FF580ECCFFFF1FFF
(1784925298.400566) can1 18FEF111#FFE80DCCFFFF1FFF
(1784925298.445215) can1 18FEF111#FFAC0DCCFFFF1FFF
(1784925298.544461) can1 18FEF111#FFB409CCFFFF1FFF
(1784925298.592153) can1 18FEF111#FFB009CCFFFF1FFF
(1784925298.666505) can1 18FEF111#FFB809CCFFFF1FFF
(1784925298.711299) can1 18FEF111#FFC009CCFFFF1FFF
(1784925298.758007) can1 18FEF111#FFC409CCFFFF1FFF
(1784925298.803428) can1 18FEF111#FFCC09CCFFFF1FFF
(1784925298.898678) can1 18FEF111#FF640ACCFFFF1FFF
(1784925298.943834) can1 18FEF111#FF680ACCFFFF1FFF
(1784925298.991270) can1 18FEF111#FF6C0ACCFFFF1FFF
(1784925299.079650) can1 18FEF111#FF700ACCFFFF1FFF
(1784925299.125386) can1 18FEF111#FF6C0ACCFFFF1FFF
(1784925299.263029) can1 18FEF111#FF200ACCFFFF1FFF
(1784925299.308172) can1 18FEF111#FFFC09CCFFFF1FFF
(1784925299.354556) can1 18FEF111#FFE009CCFFFF1FFF
(1784925299.397106) can1 18FEF111#FFCC09CCFFFF1FFF
(1784925299.472660) can1 18FEF111#FFC009CCFFFF1FFF
(1784925299.517464) can1 18FEF111#FF9C09CCFFFF1FFF
(1784925299.557218) can1 18FEF111#FF9409CCFFFF1FFF
(1784925299.611845) can1 18FEF111#FF9C0ACCFFFF1FFF
(1784925299.658382) can1 18FEF111#FF8C0ACCFFFF1FFF
(1784925299.701505) can1 18FEF111#FF700ACCFFFF1FFF
(1784925299.741541) can1 18FEF111#FF5C0ACCFFFF1FFF
(1784925299.787013) can1 18FEF111#FF440ACCFFFF1FFF
(1784925299.973499) can1 18FEF111#FFD40CCCFFFF1FFF
(1784925300.064628) can1 18FEF111#FFC80CCCFFFF1FFF
(1784925300.108992) can1 18FEF111#FFCC0CCCFFFF1FFF
(1784925300.182081) can1 18FEF111#FFD00CCCFFFF1FFF
(1784925300.227517) can1 18FEF111#FFD80CCCFFFF1FFF
(1784925300.271858) can1 18FEF111#FFE40CCCFFFF1FFF
(1784925300.328897) can1 18FEF111#FF0011CCFFFF1FFF
(1784925300.375361) can1 18FEF111#FF2811CCFFFF1FFF
(1784925300.421599) can1 18FEF111#FF7011CCFFFF1FFF
(1784925300.467259) can1 18FEF111#FF7411CCFFFF1FFF
(1784925300.509852) can1 18FEF111#FF9411CCFFFF1FFF
(1784925300.585007) can1 18FEF111#FFA011CCFFFF1FFF
(1784925300.624465) can1 18FEF111#FFEC11CCFFFF1FFF
(1784925300.682152) can1 18FEF111#FF8C15CCFFFF1FFF
(1784925300.727463) can1 18FEF111#FFB415CCFFFF1FFF
(1784925300.770347) can1 18FEF111#FFCC15CCFFFF1FFF
(1784925300.817469) can1 18FEF111#FFE415CCFFFF1FFF
(1784925300.862608) can1 18FEF111#FFE015CCFFFF1FFF
(1784925300.905137) can1 18FEF111#FF0C16CCFFFF1FFF
(1784925301.041187) can1 18FEF111#FF0818CCFFFF1FFF
(1784925301.088973) can1 18FEF111#FF5C18CCFFFF1FFF
(1784925301.134308) can1 18FEF111#FF6418CCFFFF1FFF
(1784925301.178281) can1 18FEF111#FF9C18CCFFFF1FFF
(1784925301.222994) can1 18FEF111#FFD018CCFFFF1FFF
(1784925301.267719) can1 18FEF111#FFE018CCFFFF1FFF
(1784925301.337942) can1 18FEF111#FFF418CCFFFF1FFF
(1784925301.410137) can1 18FEF111#FF0C19CCFFFF1FFF
(1784925301.454759) can1 18FEF111#FF2C19CCFFFF1FFF
(1784925301.525980) can1 18FEF111#FF5019CCFFFF1FFF
(1784925301.570498) can1 18FEF111#FF2C19CCFFFF1FFF
(1784925301.613576) can1 18FEF111#FF6019CCFFFF1FFF
(1784925301.660897) can1 18FEF111#FF9419CCFFFF1FFF
(1784925301.749276) can1 18FEF111#FFC019CCFFFF1FFF
(1784925301.796364) can1 18FEF111#FF8C19CCFFFF1FFF
(1784925301.842255) can1 18FEF111#FF7C19CCFFFF1FFF
(1784925301.931536) can1 18FEF111#FF8019CCFFFF1FFF
(1784925302.007801) can1 18FEF111#FF9019CCFFFF1FFF
(1784925302.051722) can1 18FEF111#FF8019CCFFFF1FFF
(1784925302.117879) can1 18FEF111#FF7019CCFFFF1FFF
(1784925302.163264) can1 18FEF111#FF8419CCFFFF1FFF
(1784925302.206212) can1 18FEF111#FFB019CCFFFF1FFF
(1784925302.278126) can1 18FEF111#FF9419CCFFFF1FFF
(1784925302.327901) can1 18FEF111#FFC419CCFFFF1FFF
(1784925302.373049) can1 18FEF111#FFC019CCFFFF1FFF
(1784925302.473468) can1 18FEF111#FFA019CCFFFF1FFF
(1784925302.523132) can1 18FEF111#FFC019CCFFFF1FFF
(1784925302.567999) can1 18FEF111#FFAC19CCFFFF1FFF
(1784925302.683343) can1 18FEF111#FFF019CCFFFF1FFF
(1784925302.727111) can1 18FEF111#FFE819CCFFFF1FFF
(1784925302.772410) can1 18FEF111#FF281ACCFFFF1FFF
(1784925302.829106) can1 18FEF111#FF2819CCFFFF1FFF
(1784925302.873945) can1 18FEF111#FF5019CCFFFF1FFF
(1784925302.921396) can1 18FEF111#FF2C19CCFFFF1FFF
(1784925302.969255) can1 18FEF111#FF2419CCFFFF1FFF
(1784925303.012434) can1 18FEF111#FFFC18CCFFFF1FFF
(1784925303.086992) can1 18FEF111#FF1419CCFFFF1FFF
(1784925303.131662) can1 18FEF111#FFF818CCFFFF1FFF
(1784925303.192507) can1 18FEF111#FFC818CCFFFF1FFF
(1784925303.240660) can1 18FEF111#FFCC18CCFFFF1FFF
(1784925303.283887) can1 18FEF111#FFC818CCFFFF1FFF
(1784925303.325391) can1 18FEF111#FFDC18CCFFFF1FFF
(1784925303.369589) can1 18FEF111#FFC018CCFFFF1FFF
(1784925303.445619) can1 18FEF111#FFE818CCFFFF1FFF
(1784925303.490965) can1 18FEF111#FFB418CCFFFF1FFF
(1784925303.552118) can1 18FEF111#FF4818CCFFFF1FFF
(1784925303.644812) can1 18FEF111#FF8C18CCFFFF1FFF
(1784925303.717405) can1 18FEF111#FFA818CCFFFF1FFF
(1784925303.761292) can1 18FEF111#FF9818CCFFFF1FFF
(1784925303.810955) can1 18FEF111#FFB018CCFFFF1FFF
(1784925303.848807) can1 18FEF111#FFA418CCFFFF1FFF
(1784925303.903453) can1 18FEF111#FFF418CCFFFF1FFF
(1784925303.947779) can1 18FEF111#FFEC18CCFFFF1FFF
(1784925303.992369) can1 18FEF111#FFFC18CCFFFF1FFF
(1784925304.036391) can1 18FEF111#FFF018CCFFFF1FFF
(1784925304.081398) can1 18FEF111#FFFC18CCFFFF1FFF
(1784925304.128125) can1 18FEF111#FFF418CCFFFF1FFF
(1784925304.170293) can1 18FEF111#FF0819CCFFFF1FFF
(1784925304.267655) can1 18FEF111#FF0C19CCFFFF1FFF
(1784925304.340943) can1 18FEF111#FFF418CCFFFF1FFF
(1784925304.386352) can1 18FEF111#FF2419CCFFFF1FFF
(1784925304.431249) can1 18FEF111#FF1419CCFFFF1FFF
(1784925304.475912) can1 18FEF111#FF3019CCFFFF1FFF
(1784925304.522976) can1 18FEF111#FF0C19CCFFFF1FFF
(1784925304.627997) can1 18FEF111#FF4819CCFFFF1FFF
(1784925304.671451) can1 18FEF111#FF5819CCFFFF1FFF
(1784925304.745640) can1 18FEF111#FF3419CCFFFF1FFF
(1784925304.790265) can1 18FEF111#FF6819CCFFFF1FFF
(1784925304.834849) can1 18FEF111#FF3C19CCFFFF1FFF
(1784925304.881082) can1 18FEF111#FF4C19CCFFFF1FFF
(1784925304.972868) can1 18FEF111#FF1419CCFFFF1FFF
(1784925305.020834) can1 18FEF111#FFFC18CCFFFF1FFF
(1784925305.067930) can1 18FEF111#FF2419CCFFFF1FFF
(1784925305.112344) can1 18FEF111#FF1C19CCFFFF1FFF
(1784925305.154850) can1 18FEF111#FF1019CCFFFF1FFF
(1784925305.272108) can1 18FEF111#FFFC18CCFFFF1FFF
(1784925305.332753) can1 18FEF111#FF0C19CCFFFF1FFF
(1784925305.380321) can1 18FEF111#FF3019CCFFFF1FFF
(1784925305.423757) can1 18FEF111#FF1019CCFFFF1FFF
(1784925305.469312) can1 18FEF111#FF2C19CCFFFF1FFF
(1784925305.513978) can1 18FEF111#FF2019CCFFFF1FFF
(1784925305.588999) can1 18FEF111#FF2419CCFFFF1FFF
(1784925305.623615) can1 18FEF111#FF0C19CCFFFF1FFF
(1784925305.681120) can1 18FEF111#FF1C19CCFFFF1FFF
(1784925305.756752) can1 18FEF111#FF1419CCFFFF1FFF
(1784925305.801917) can1 18FEF111#FF2C19CCFFFF1FFF
(1784925305.934840) can1 18FEF111#FF3419CCFFFF1FFF
(1784925305.980845) can1 18FEF111#FF2C19CCFFFF1FFF
(1784925306.046205) can1 18FEF111#FFFC18CCFFFF1FFF
(1784925306.090597) can1 18FEF111#FF1C19CCFFFF1FFF
(1784925306.202865) can1 18FEF111#FF1819CCFFFF1FFF
(1784925306.247601) can1 18FEF111#FF0C19CCFFFF1FFF
(1784925306.295333) can1 18FEF111#FF1419CCFFFF1FFF
(1784925306.340824) can1 18FEF111#FFF018CCFFFF1FFF
(1784925306.404612) can1 18FEF111#FF2C19CCFFFF1FFF
(1784925306.450322) can1 18FEF111#FF3819CCFFFF1FFF
(1784925306.521433) can1 18FEF111#FF2819CCFFFF1FFF
(1784925306.565815) can1 18FEF111#FF2419CCFFFF1FFF
(1784925306.612891) can1 18FEF111#FF1019CCFFFF1FFF
(1784925306.656544) can1 18FEF111#FF0419CCFFFF1FFF
(1784925306.707058) can1 18FEF111#FF1419CCFFFF1FFF
(1784925306.761356) can1 18FEF111#FF7019CCFFFF1FFF
(1784925306.806704) can1 18FEF111#FF6019CCFFFF1FFF
(1784925306.899210) can1 18FEF111#FF6C19CCFFFF1FFF
(1784925306.973030) can1 18FEF111#FF6419CCFFFF1FFF
(1784925307.017065) can1 18FEF111#FF6819CCFFFF1FFF
(1784925307.056121) can1 18FEF111#FF5819CCFFFF1FFF
(1784925307.109049) can1 18FEF111#FFC818CCFFFF1FFF
(1784925307.155136) can1 18FEF111#FFB818CCFFFF1FFF
(1784925307.198823) can1 18FEF111#FFA818CCFFFF1FFF
(1784925307.244890) can1 18FEF111#FF9018CCFFFF1FFF
(1784925307.288476) can1 18FEF111#FFA018CCFFFF1FFF
(1784925307.334012) can1 18FEF111#FFA818CCFFFF1FFF
(1784925307.411818) can1 18FEF111#FF9018CCFFFF1FFF
(1784925307.484027) can1 18FEF111#FFA817CCFFFF1FFF
(1784925307.559593) can1 18FEF111#FFA417CCFFFF1FFF
(1784925307.603407) can1 18FEF111#FFA817CCFFFF1FFF
(1784925307.648219) can1 18FEF111#FFB017CCFFFF1FFF
(1784925307.692858) can1 18FEF111#FFA817CCFFFF1FFF
(1784925307.831075) can1 18FEF111#FF9417CCFFFF1FFF
(1784925307.877979) can1 18FEF111#FFA417CCFFFF1FFF
(1784925307.922542) can1 18FEF111#FF9817CCFFFF1FFF
(1784925308.011990) can1 18FEF111#FFBC17CCFFFF1FFF
(1784925308.059535) can1 18FEF111#FFAC17CCFFFF1FFF
(1784925308.128799) can1 18FEF111#FFC417CCFFFF1FFF
(1784925308.196852) can1 18FEF111#FF7817CCFFFF1FFF
(1784925308.243385) can1 18FEF111#FF9017CCFFFF1FFF
(1784925308.316012) can1 18FEF111#FF8817CCFFFF1FFF
(1784925308.405553) can1 18FEF111#FF7C17CCFFFF1FFF
(1784925308.455309) can1 18FEF111#FF8017CCFFFF1FFF
(1784925308.553127) can1 18FEF111#FFD017CCFFFF1FFF
(1784925308.598448) can1 18FEF111#FFCC17CCFFFF1FFF
(1784925308.641842) can1 18FEF111#FF9417CCFFFF1FFF
(1784925308.688922) can1 18FEF111#FF9817CCFFFF1FFF
(1784925308.761539) can1 18FEF111#FFA417CCFFFF1FFF
(1784925308.807291) can1 18FEF111#FFB817CCFFFF1FFF
(1784925308.852135) can1 18FEF111#FFD417CCFFFF1FFF
(1784925308.910945) can1 18FEF111#FF4C17CCFFFF1FFF
(1784925308.957110) can1 18FEF111#FF6017CCFFFF1FFF
(1784925309.001618) can1 18FEF111#FF6817CCFFFF1FFF
(1784925309.049679) can1 18FEF111#FF6417CCFFFF1FFF
(1784925309.121780) can1 18FEF111#FF2817CCFFFF1FFF
(1784925309.167397) can1 18FEF111#FF1417CCFFFF1FFF
(1784925309.205695) can1 18FEF111#FF1017CCFFFF1FFF
(1784925309.260293) can1 18FEF111#FF5817CCFFFF1FFF
(1784925309.306241) can1 18FEF111#FF6417CCFFFF1FFF
(1784925309.352451) can1 18FEF111#FF3817CCFFFF1FFF
(1784925309.397515) can1 18FEF111#FF4017CCFFFF1FFF
(1784925309.471865) can1 18FEF111#FF2017CCFFFF1FFF
(1784925309.635668) can1 18FEF111#FF0417CCFFFF1FFF
(1784925309.708224) can1 18FEF111#FF1017CCFFFF1FFF
(1784925309.752616) can1 18FEF111#FF2017CCFFFF1FFF
(1784925309.798304) can1 18FEF111#FF1417CCFFFF1FFF
(1784925309.843518) can1 18FEF111#FF3C17CCFFFF1FFF
(1784925309.888969) can1 18FEF111#FF0017CCFFFF1FFF
(1784925309.985859) can1 18FEF111#FFF416CCFFFF1FFF
(1784925310.032905) can1 18FEF111#FF1417CCFFFF1FFF
(1784925310.078481) can1 18FEF111#FF0017CCFFFF1FFF
(1784925310.122534) can1 18FEF111#FFE016CCFFFF1FFF
(1784925310.240819) can1 18FEF111#FFD816CCFFFF1FFF
(1784925310.275444) can1 18FEF111#FFDC16CCFFFF1FFF
(1784925310.331893) can1 18FEF111#FFBC16CCFFFF1FFF
(1784925310.380353) can1 18FEF111#FFA816CCFFFF1FFF
(1784925310.468457) can1 18FEF111#FFB416CCFFFF1FFF
(1784925310.513219) can1 18FEF111#FFA016CCFFFF1FFF
(1784925310.559131) can1 18FEF111#FF9C16CCFFFF1FFF
(1784925310.620730) can1 18FEF111#FFA016CCFFFF1FFF
(1784925310.727593) can1 18FEF111#FFA416CCFFFF1FFF
(1784925310.771726) can1 18FEF111#FF9C16CCFFFF1FFF
(1784925310.843425) can1 18FEF111#FF8416CCFFFF1FFF
(1784925310.888563) can1 18FEF111#FF7816CCFFFF1FFF
(1784925310.934378) can1 18FEF111#FF8C16CCFFFF1FFF
(1784925310.980955) can1 18FEF111#FF7816CCFFFF1FFF
(1784925311.045356) can1 18FEF111#FFAC16CCFFFF1FFF
(1784925311.132832) can1 18FEF111#FFB416CCFFFF1FFF
(1784925311.203270) can1 18FEF111#FFA816CCFFFF1FFF
(1784925311.249153) can1 18FEF111#FF9C16CCFFFF1FFF
(1784925311.295647) can1 18FEF111#FFA016CCFFFF1FFF
(1784925311.339827) can1 18FEF111#FF9C16CCFFFF1FFF
(1784925311.405667) can1 18FEF111#FFA416CCFFFF1FFF
(1784925311.450298) can1 18FEF111#FF8C16CCFFFF1FFF
(1784925311.521773) can1 18FEF111#FF9416CCFFFF1FFF
(1784925311.567539) can1 18FEF111#FF8816CCFFFF1FFF
(1784925311.615041) can1 18FEF111#FF9816CCFFFF1FFF
(1784925311.658819) can1 18FEF111#FF7816CCFFFF1FFF
(1784925311.752176) can1 18FEF111#FF0417CCFFFF1FFF
(1784925311.798743) can1 18FEF111#FF0817CCFFFF1FFF
(1784925311.844019) can1 18FEF111#FF0C17CCFFFF1FFF
(1784925311.889921) can1 18FEF111#FF0017CCFFFF1FFF
(1784925311.935622) can1 18FEF111#FF1017CCFFFF1FFF
(1784925311.981173) can1 18FEF111#FF0C17CCFFFF1FFF
(1784925312.112574) can1 18FEF111#FFA016CCFFFF1FFF
(1784925312.157930) can1 18FEF111#FFAC16CCFFFF1FFF
(1784925312.204674) can1 18FEF111#FF9816CCFFFF1FFF
(1784925312.279818) can1 18FEF111#FFB416CCFFFF1FFF
(1784925312.324135) can1 18FEF111#FFA416CCFFFF1FFF
(1784925312.369680) can1 18FEF111#FFB416CCFFFF1FFF
(1784925312.477293) can1 18FEF111#FF0C17CCFFFF1FFF
(1784925312.524067) can1 18FEF111#FFE416CCFFFF1FFF
(1784925312.597280) can1 18FEF111#FFE816CCFFFF1FFF
(1784925312.642436) can1 18FEF111#FFDC16CCFFFF1FFF
(1784925312.686364) can1 18FEF111#FFE016CCFFFF1FFF
(1784925312.731143) can1 18FEF111#FFC816CCFFFF1FFF
(1784925312.761438) can1 18FEF111#FFBC16CCFFFF1FFF
(1784925312.826824) can1 18FEF111#FFC016CCFFFF1FFF
(1784925312.945308) can1 18FEF111#FFD016CCFFFF1FFF
(1784925312.989912) can1 18FEF111#FFC416CCFFFF1FFF
(1784925313.034051) can1 18FEF111#FFD016CCFFFF1FFF
(1784925313.080380) can1 18FEF111#FFDC16CCFFFF1FFF
(1784925313.126102) can1 18FEF111#FFF416CCFFFF1FFF
(1784925313.180668) can1 18FEF111#FFD016CCFFFF1FFF
(1784925313.229868) can1 18FEF111#FFD816CCFFFF1FFF
(1784925313.273365) can1 18FEF111#FFCC16CCFFFF1FFF
(1784925313.346779) can1 18FEF111#FFE016CCFFFF1FFF
(1784925313.390116) can1 18FEF111#FFCC16CCFFFF1FFF
(1784925313.436364) can1 18FEF111#FFEC16CCFFFF1FFF
(1784925313.531703) can1 18FEF111#FF0417CCFFFF1FFF
(1784925313.626265) can1 18FEF111#FFD816CCFFFF1FFF
(1784925313.672066) can1 18FEF111#FFF016CCFFFF1FFF
(1784925313.758275) can1 18FEF111#FFDC16CCFFFF1FFF
(1784925313.822832) can1 18FEF111#FFD016CCFFFF1FFF
(1784925313.880557) can1 18FEF111#FFBC16CCFFFF1FFF
(1784925313.926818) can1 18FEF111#FFD016CCFFFF1FFF
(1784925313.972378) can1 18FEF111#FFC816CCFFFF1FFF
(1784925314.016186) can1 18FEF111#FFD816CCFFFF1FFF
(1784925314.089197) can1 18FEF111#FFBC16CCFFFF1FFF
(1784925314.133498) can1 18FEF111#FFD016CCFFFF1FFF
(1784925314.185789) can1 18FEF111#FFE416CCFFFF1FFF
(1784925314.239413) can1 18FEF111#FFFC16CCFFFF1FFF
(1784925314.284578) can1 18FEF111#FFDC16CCFFFF1FFF
(1784925314.331231) can1 18FEF111#FFD016CCFFFF1FFF
(1784925314.375723) can1 18FEF111#FFB016CCFFFF1FFF
(1784925314.419005) can1 18FEF111#FFBC16CCFFFF1FFF
(1784925314.465686) can1 18FEF111#FFE416CCFFFF1FFF
(1784925314.539260) can1 18FEF111#FF0817CCFFFF1FFF
(1784925314.612877) can1 18FEF111#FF2417CCFFFF1FFF
(1784925314.685855) can1 18FEF111#FF2817CCFFFF1FFF
(1784925314.729708) can1 18FEF111#FF1417CCFFFF1FFF
(1784925314.776548) can1 18FEF111#FF0C17CCFFFF1FFF
(1784925314.818941) can1 18FEF111#FFF816CCFFFF1FFF
(1784925314.864846) can1 18FEF111#FFFC16CCFFFF1FFF
(1784925314.910586) can1 18FEF111#FFCC16CCFFFF1FFF
(1784925315.002505) can1 18FEF111#FF0C17CCFFFF1FFF
(1784925315.048139) can1 18FEF111#FFF416CCFFFF1FFF
(1784925315.093671) can1 18FEF111#FFEC16CCFFFF1FFF
(1784925315.138109) can1 18FEF111#FF9016CCFFFF1FFF
(1784925315.182989) can1 18FEF111#FF6416CCFFFF1FFF
(1784925315.227448) can1 18FEF111#FF9016CCFFFF1FFF
(1784925315.334850) can1 18FEF111#FFB416CCFFFF1FFF
(1784925315.382931) can1 18FEF111#FFD416CCFFFF1FFF
(1784925315.453193) can1 18FEF111#FF0017CCFFFF1FFF
(1784925315.498881) can1 18FEF111#FF1417CCFFFF1FFF
(1784925315.544958) can1 18FEF111#FF3417CCFFFF1FFF
(1784925315.591921) can1 18FEF111#FF2C17CCFFFF1FFF
(1784925315.696033) can1 18FEF111#FFC816CCFFFF1FFF
(1784925315.743723) can1 18FEF111#FFCC16CCFFFF1FFF
(1784925315.813834) can1 18FEF111#FFE816CCFFFF1FFF
(1784925315.859077) can1 18FEF111#FFF016CCFFFF1FFF
(1784925315.904337) can1 18FEF111#FF0417CCFFFF1FFF
(1784925315.951847) can1 18FEF111#FFDC16CCFFFF1FFF
(1784925315.994707) can1 18FEF111#FFB816CCFFFF1FFF
(1784925316.052600) can1 18FEF111#FF2417CCFFFF1FFF
(1784925316.146274) can1 18FEF111#FFD016CCFFFF1FFF
(1784925316.218772) can1 18FEF111#FFC416CCFFFF1FFF
(1784925316.264333) can1 18FEF111#FFD016CCFFFF1FFF
(1784925316.311653) can1 18FEF111#FFDC16CCFFFF1FFF
(1784925316.402894) can1 18FEF111#FF2C17CCFFFF1FFF
(1784925316.446599) can1 18FEF111#FF1417CCFFFF1FFF
(1784925316.491722) can1 18FEF111#FF0417CCFFFF1FFF
(1784925316.533873) can1 18FEF111#FFE816CCFFFF1FFF
(1784925316.580799) can1 18FEF111#FFDC16CCFFFF1FFF
(1784925316.627330) can1 18FEF111#FFB016CCFFFF1FFF
(1784925316.701102) can1 18FEF111#FFA416CCFFFF1FFF
(1784925316.762903) can1 18FEF111#FF4C17CCFFFF1FFF
(1784925316.903910) can1 18FEF111#FF4417CCFFFF1FFF
(1784925317.022005) can1 18FEF111#FF5017CCFFFF1FFF
(1784925317.062019) can1 18FEF111#FF6817CCFFFF1FFF
(1784925317.125870) can1 18FEF111#FF2417CCFFFF1FFF
(1784925317.170230) can1 18FEF111#FF2C17CCFFFF1FFF
(1784925317.243997) can1 18FEF111#FF2817CCFFFF1FFF
(1784925317.288737) can1 18FEF111#FF2417CCFFFF1FFF
(1784925317.334894) can1 18FEF111#FF3017CCFFFF1FFF
(1784925317.489398) can1 18FEF111#FF3417CCFFFF1FFF
(1784925317.564615) can1 18FEF111#FF4417CCFFFF1FFF
(1784925317.610846) can1 18FEF111#FF6017CCFFFF1FFF
(1784925317.652573) can1 18FEF111#FF4817CCFFFF1FFF
(1784925317.697269) can1 18FEF111#FF5817CCFFFF1FFF
(1784925317.740782) can1 18FEF111#FF6417CCFFFF1FFF
(1784925317.833696) can1 18FEF111#FF4417CCFFFF1FFF
(1784925317.880409) can1 18FEF111#FF3C17CCFFFF1FFF
(1784925317.950517) can1 18FEF111#FF6017CCFFFF1FFF
(1784925318.038911) can1 18FEF111#FF4817CCFFFF1FFF
(1784925318.131142) can1 18FEF111#FF4417CCFFFF1FFF
(1784925318.195403) can1 18FEF111#FF1C17CCFFFF1FFF
(1784925318.268591) can1 18FEF111#FF1817CCFFFF1FFF
(1784925318.313542) can1 18FEF111#FF2817CCFFFF1FFF
(1784925318.359088) can1 18FEF111#FF3017CCFFFF1FFF
(1784925318.403836) can1 18FEF111#FF3417CCFFFF1FFF
(1784925318.449645) can1 18FEF111#FF2817CCFFFF1FFF
(1784925318.631303) can1 18FEF111#FF1C17CCFFFF1FFF
(1784925318.676189) can1 18FEF111#FF3017CCFFFF1FFF
(1784925318.768719) can1 18FEF111#FF3417CCFFFF1FFF
(1784925318.813610) can1 18FEF111#FF2817CCFFFF1FFF
(1784925318.948416) can1 18FEF111#FF1017CCFFFF1FFF
(1784925318.991908) can1 18FEF111#FFF816CCFFFF1FFF
(1784925319.036937) can1 18FEF111#FFF416CCFFFF1FFF
(1784925319.083960) can1 18FEF111#FFF016CCFFFF1FFF
(1784925319.128647) can1 18FEF111#FFE416CCFFFF1FFF
(1784925319.197060) can1 18FEF111#FFD016CCFFFF1FFF
(1784925319.268942) can1 18FEF111#FFA016CCFFFF1FFF
(1784925319.342282) can1 18FEF111#FF9816CCFFFF1FFF
(1784925319.389018) can1 18FEF111#FF7816CCFFFF1FFF
(1784925319.434879) can1 18FEF111#FF6C16CCFFFF1FFF
(1784925319.479509) can1 18FEF111#FF6416CCFFFF1FFF
(1784925319.523966) can1 18FEF111#FF4416CCFFFF1FFF
(1784925319.611371) can1 18FEF111#FF4816CCFFFF1FFF
(1784925319.659155) can1 18FEF111#FF3816CCFFFF1FFF
(1784925319.702792) can1 18FEF111#FF5C16CCFFFF1FFF
(1784925319.776624) can1 18FEF111#FF5016CCFFFF1FFF
(1784925319.821176) can1 18FEF111#FF7816CCFFFF1FFF
(1784925319.867144) can1 18FEF111#FF5C16CCFFFF1FFF
(1784925319.911672) can1 18FEF111#FF5816CCFFFF1FFF
(1784925319.975575) can1 18FEF111#FF8C16CCFFFF1FFF
(1784925320.051059) can1 18FEF111#FF9816CCFFFF1FFF
(1784925320.140843) can1 18FEF111#FF6816CCFFFF1FFF
(1784925320.185497) can1 18FEF111#FF6C16CCFFFF1FFF
(1784925320.233475) can1 18FEF111#FF7416CCFFFF1FFF
(1784925320.334243) can1 18FEF111#FF8416CCFFFF1FFF
(1784925320.383227) can1 18FEF111#FF7416CCFFFF1FFF
(1784925320.453615) can1 18FEF111#FF5816CCFFFF1FFF
(1784925320.500406) can1 18FEF111#FF5C16CCFFFF1FFF
(1784925320.546247) can1 18FEF111#FF6416CCFFFF1FFF
(1784925320.593557) can1 18FEF111#FF7416CCFFFF1FFF
(1784925320.683017) can1 18FEF111#FF6416CCFFFF1FFF
(1784925320.727081) can1 18FEF111#FF7416CCFFFF1FFF
(1784925320.773812) can1 18FEF111#FF6C16CCFFFF1FFF
(1784925320.817656) can1 18FEF111#FF4416CCFFFF1FFF
(1784925320.862967) can1 18FEF111#FF5C16CCFFFF1FFF
(1784925320.907672) can1 18FEF111#FF7416CCFFFF1FFF
(1784925320.981369) can1 18FEF111#FF8016CCFFFF1FFF
(1784925321.039918) can1 18FEF111#FFE015CCFFFF1FFF
(1784925321.083699) can1 18FEF111#FFD415CCFFFF1FFF
(1784925321.172879) can1 18FEF111#FF1416CCFFFF1FFF
(1784925321.264022) can1 18FEF111#FFE015CCFFFF1FFF
(1784925321.309431) can1 18FEF111#FFE815CCFFFF1FFF
(1784925321.447668) can1 18FEF111#FF0016CCFFFF1FFF
(1784925321.492558) can1 18FEF111#FF0816CCFFFF1FFF
(1784925321.539201) can1 18FEF111#FF1416CCFFFF1FFF
(1784925321.656903) can1 18FEF111#FF1016CCFFFF1FFF
(1784925321.701975) can1 18FEF111#FF1816CCFFFF1FFF
(1784925321.766982) can1 18FEF111#FFB016CCFFFF1FFF
(1784925321.809739) can1 18FEF111#FFA816CCFFFF1FFF
(1784925321.856278) can1 18FEF111#FFB016CCFFFF1FFF
(1784925321.899098) can1 18FEF111#FF9C16CCFFFF1FFF
(1784925321.944938) can1 18FEF111#FFBC16CCFFFF1FFF
(1784925321.987579) can1 18FEF111#FF9816CCFFFF1FFF
(1784925322.055681) can1 18FEF111#FFB016CCFFFF1FFF
(1784925322.153101) can1 18FEF111#FFB416CCFFFF1FFF
(1784925322.199630) can1 18FEF111#FFD016CCFFFF1FFF
(1784925322.244220) can1 18FEF111#FFB416CCFFFF1FFF
(1784925322.377979) can1 18FEF111#FFC816CCFFFF1FFF
(1784925322.474526) can1 18FEF111#FFB816CCFFFF1FFF
(1784925322.521464) can1 18FEF111#FFC016CCFFFF1FFF
(1784925322.563838) can1 18FEF111#FFB016CCFFFF1FFF
(1784925322.609139) can1 18FEF111#FFD016CCFFFF1FFF
(1784925322.653022) can1 18FEF111#FFB416CCFFFF1FFF
(1784925322.835310) can1 18FEF111#FFAC16CCFFFF1FFF
(1784925322.908930) can1 18FEF111#FF9416CCFFFF1FFF
(1784925322.952892) can1 18FEF111#FF8816CCFFFF1FFF
(1784925322.998754) can1 18FEF111#FF8C16CCFFFF1FFF
(1784925323.044899) can1 18FEF111#FFA016CCFFFF1FFF
(1784925323.091226) can1 18FEF111#FF9816CCFFFF1FFF
(1784925323.198011) can1 18FEF111#FF2C16CCFFFF1FFF
(1784925323.268587) can1 18FEF111#FF2416CCFFFF1FFF
(1784925323.313026) can1 18FEF111#FF2816CCFFFF1FFF
(1784925323.404404) can1 18FEF111#FF2016CCFFFF1FFF
(1784925323.450868) can1 18FEF111#FF1416CCFFFF1FFF
(1784925323.555798) can1 18FEF111#FF0816CCFFFF1FFF
(1784925323.629623) can1 18FEF111#FFE815CCFFFF1FFF
(1784925323.674787) can1 18FEF111#FFF415CCFFFF1FFF
(1784925323.721797) can1 18FEF111#FFE015CCFFFF1FFF
(1784925323.768313) can1 18FEF111#FFFC15CCFFFF1FFF
(1784925323.814860) can1 18FEF111#FFE415CCFFFF1FFF
(1784925323.910632) can1 18FEF111#FFE015CCFFFF1FFF
(1784925323.957710) can1 18FEF111#FFD815CCFFFF1FFF
(1784925324.005262) can1 18FEF111#FFE415CCFFFF1FFF
(1784925324.077792) can1 18FEF111#FF0C16CCFFFF1FFF
(1784925324.121639) can1 18FEF111#FF3416CCFFFF1FFF
(1784925324.168131) can1 18FEF111#FF1816CCFFFF1FFF
(1784925324.305584) can1 18FEF111#FF5015CCFFFF1FFF
(1784925324.396330) can1 18FEF111#FF5C15CCFFFF1FFF
(1784925324.440427) can1 18FEF111#FF6415CCFFFF1FFF
(1784925324.485307) can1 18FEF111#FF7815CCFFFF1FFF
(1784925324.532554) can1 18FEF111#FF7C15CCFFFF1FFF
(1784925324.635118) can1 18FEF111#FF8414CCFFFF1FFF
(1784925324.681952) can1 18FEF111#FF6C14CCFFFF1FFF
(1784925324.753543) can1 18FEF111#FF5814CCFFFF1FFF
(1784925324.797754) can1 18FEF111#FF4C14CCFFFF1FFF
(1784925324.890960) can1 18FEF111#FF4814CCFFFF1FFF
(1784925324.985117) can1 18FEF111#FFCC13CCFFFF1FFF
(1784925325.030318) can1 18FEF111#FFD413CCFFFF1FFF
(1784925325.074904) can1 18FEF111#FFD813CCFFFF1FFF
(1784925325.118081) can1 18FEF111#FFC413CCFFFF1FFF
(1784925325.163049) can1 18FEF111#FFD813CCFFFF1FFF
(1784925325.205354) can1 18FEF111#FFC413CCFFFF1FFF
(1784925325.341672) can1 18FEF111#FF4813CCFFFF1FFF
(1784925325.387463) can1 18FEF111#FF4413CCFFFF1FFF
(1784925325.522949) can1 18FEF111#FF3C13CCFFFF1FFF
(1784925325.566567) can1 18FEF111#FF5413CCFFFF1FFF
(1784925325.638801) can1 18FEF111#FF5013CCFFFF1FFF
(1784925325.701292) can1 18FEF111#FF3813CCFFFF1FFF
(1784925325.745008) can1 18FEF111#FF5C13CCFFFF1FFF
(1784925325.792062) can1 18FEF111#FF6813CCFFFF1FFF
(1784925325.835682) can1 18FEF111#FF7013CCFFFF1FFF
(1784925325.923740) can1 18FEF111#FF6C13CCFFFF1FFF
(1784925325.968232) can1 18FEF111#FF6413CCFFFF1FFF
(1784925326.063981) can1 18FEF111#FF400ECCFFFF1FFF
(1784925326.111234) can1 18FEF111#FFE40DCCFFFF1FFF
(1784925326.158509) can1 18FEF111#FFBC0DCCFFFF1FFF
(1784925326.200910) can1 18FEF111#FF680DCCFFFF1FFF
(1784925326.273889) can1 18FEF111#FF5C0DCCFFFF1FFF
(1784925326.317997) can1 18FEF111#FF240DCCFFFF1FFF
(1784925326.358418) can1 18FEF111#FF140DCCFFFF1FFF
(1784925326.408375) can1 18FEF111#FF180FCCFFFF1FFF
(1784925326.501888) can1 18FEF111#FF1C0FCCFFFF1FFF
(1784925326.547047) can1 18FEF111#FF200FCCFFFF1FFF
(1784925326.589502) can1 18FEF111#FF280FCCFFFF1FFF
(1784925326.771853) can1 18FEF111#FFCC0ECCFFFF1FFF
(1784925326.890871) can1 18FEF111#FFBC0ECCFFFF1FFF
(1784925326.979358) can1 18FEF111#FFC00ECCFFFF1FFF
(1784925327.025292) can1 18FEF111#FFCC0ECCFFFF1FFF
(1784925327.124521) can1 18FEF111#FF900ECCFFFF1FFF
(1784925327.167412) can1 18FEF111#FF780ECCFFFF1FFF
(1784925327.211109) can1 18FEF111#FF6C0ECCFFFF1FFF
(1784925327.254288) can1 18FEF111#FF4C0ECCFFFF1FFF
(1784925327.301262) can1 18FEF111#FF280ECCFFFF1FFF
(1784925327.348575) can1 18FEF111#FFF00DCCFFFF1FFF
(1784925327.415692) can1 18FEF111#FFC40DCCFFFF1FFF
(1784925327.512364) can1 18FEF111#FFD00ECCFFFF1FFF
(1784925327.556970) can1 18FEF111#FFC80ECCFFFF1FFF
(1784925327.601908) can1 18FEF111#FFCC0ECCFFFF1FFF
(1784925327.645181) can1 18FEF111#FFDC0ECCFFFF1FFF
(1784925327.689823) can1 18FEF111#FFEC0ECCFFFF1FFF
(1784925327.735313) can1 18FEF111#FF0C0FCCFFFF1FFF
(1784925327.785785) can1 18FEF111#FF400FCCFFFF1FFF
(1784925327.839042) can1 18FEF111#FF0410CCFFFF1FFF
(1784925327.879807) can1 18FEF111#FF3410CCFFFF1FFF
(1784925327.925229) can1 18FEF111#FF4C10CCFFFF1FFF
(1784925327.971700) can1 18FEF111#FF7010CCFFFF1FFF
(1784925328.018804) can1 18FEF111#FF7410CCFFFF1FFF
(1784925328.063456) can1 18FEF111#FFA810CCFFFF1FFF
(1784925328.129548) can1 18FEF111#FFB410CCFFFF1FFF
(1784925328.192316) can1 18FEF111#FF9C11CCFFFF1FFF
(1784925328.237263) can1 18FEF111#FFA011CCFFFF1FFF
(1784925328.280802) can1 18FEF111#FFA811CCFFFF1FFF
(1784925328.326668) can1 18FEF111#FFB411CCFFFF1FFF
(1784925328.370652) can1 18FEF111#FFC411CCFFFF1FFF
(1784925328.418349) can1 18FEF111#FFCC11CCFFFF1FFF
(1784925328.461296) can1 18FEF111#FFC011CCFFFF1FFF
(1784925328.581178) can1 18FEF111#FFC012CCFFFF1FFF
(1784925328.626367) can1 18FEF111#FFC812CCFFFF1FFF
(1784925328.671339) can1 18FEF111#FFE012CCFFFF1FFF
(1784925328.717992) can1 18FEF111#FFE812CCFFFF1FFF
(1784925328.902547) can1 18FEF111#FFD012CCFFFF1FFF
(1784925328.946210) can1 18FEF111#FFC012CCFFFF1FFF
(1784925328.993587) can1 18FEF111#FFD012CCFFFF1FFF
(1784925329.034730) can1 18FEF111#FFA412CCFFFF1FFF
(1784925329.125822) can1 18FEF111#FF8C12CCFFFF1FFF
(1784925329.171349) can1 18FEF111#FF7812CCFFFF1FFF
(1784925329.259405) can1 18FEF111#FF4411CCFFFF1FFF
(1784925329.305459) can1 18FEF111#FF4811CCFFFF1FFF
(1784925329.352484) can1 18FEF111#FF4411CCFFFF1FFF
(1784925329.396626) can1 18FEF111#FF5411CCFFFF1FFF
(1784925329.483622) can1 18FEF111#FF5011CCFFFF1FFF
(1784925329.553840) can1 18FEF111#FF5411CCFFFF1FFF
(1784925329.657329) can1 18FEF111#FFDC12CCFFFF1FFF
(1784925329.701079) can1 18FEF111#FFE412CCFFFF1FFF
(1784925329.745171) can1 18FEF111#FFE012CCFFFF1FFF
(1784925329.791668) can1 18FEF111#FF0C13CCFFFF1FFF
(1784925329.834826) can1 18FEF111#FF1813CCFFFF1FFF
(1784925329.879249) can1 18FEF111#FF3413CCFFFF1FFF
(1784925329.959957) can1 18FEF111#FFCC13CCFFFF1FFF
(1784925330.005816) can1 18FEF111#FFBC13CCFFFF1FFF
(1784925330.051156) can1 18FEF111#FFC413CCFFFF1FFF
(1784925330.141340) can1 18FEF111#FFD013CCFFFF1FFF
(1784925330.256050) can1 18FEF111#FFBC13CCFFFF1FFF
(1784925330.356275) can1 18FEF111#FF6C15CCFFFF1FFF
(1784925330.400304) can1 18FEF111#FF9015CCFFFF1FFF
(1784925330.444985) can1 18FEF111#FFA015CCFFFF1FFF
(1784925330.488812) can1 18FEF111#FFB015CCFFFF1FFF
(1784925330.536486) can1 18FEF111#FFC815CCFFFF1FFF
(1784925330.583009) can1 18FEF111#FFE415CCFFFF1FFF
(1784925330.673185) can1 18FEF111#FFA816CCFFFF1FFF
(1784925330.765609) can1 18FEF111#FF8C16CCFFFF1FFF
(1784925330.812398) can1 18FEF111#FF9416CCFFFF1FFF
(1784925330.853406) can1 18FEF111#FF9816CCFFFF1FFF
(1784925330.932419) can1 18FEF111#FF9416CCFFFF1FFF
(1784925330.964780) can1 18FEF111#FFA016CCFFFF1FFF
(1784925331.017139) can1 18FEF111#FF5417CCFFFF1FFF
(1784925331.061825) can1 18FEF111#FF4C17CCFFFF1FFF
(1784925331.148760) can1 18FEF111#FF4817CCFFFF1FFF
(1784925331.242323) can1 18FEF111#FF4417CCFFFF1FFF
(1784925331.378635) can1 18FEF111#FF9C16CCFFFF1FFF
(1784925331.512990) can1 18FEF111#FF9816CCFFFF1FFF
(1784925331.556993) can1 18FEF111#FF8016CCFFFF1FFF
(1784925331.599906) can1 18FEF111#FF8416CCFFFF1FFF
(1784925331.648753) can1 18FEF111#FF9016CCFFFF1FFF
(1784925331.748578) can1 18FEF111#FF8414CCFFFF1FFF
(1784925331.794272) can1 18FEF111#FF7014CCFFFF1FFF
(1784925331.839765) can1 18FEF111#FF8814CCFFFF1FFF
(1784925331.885195) can1 18FEF111#FF8014CCFFFF1FFF
(1784925331.929040) can1 18FEF111#FF9414CCFFFF1FFF
(1784925332.001320) can1 18FEF111#FF9014CCFFFF1FFF
(1784925332.045489) can1 18FEF111#FFA014CCFFFF1FFF
(1784925332.115097) can1 18FEF111#FF2C14CCFFFF1FFF
(1784925332.189852) can1 18FEF111#FF0014CCFFFF1FFF
(1784925332.236088) can1 18FEF111#FF0414CCFFFF1FFF
(1784925332.282087) can1 18FEF111#FFDC13CCFFFF1FFF
(1784925332.326410) can1 18FEF111#FFD413CCFFFF1FFF
(1784925332.369923) can1 18FEF111#FFC413CCFFFF1FFF
(1784925332.458636) can1 18FEF111#FF3814CCFFFF1FFF
(1784925332.549799) can1 18FEF111#FF4414CCFFFF1FFF
(1784925332.594203) can1 18FEF111#FF4C14CCFFFF1FFF
(1784925332.638364) can1 18FEF111#FF4014CCFFFF1FFF
(1784925332.709398) can1 18FEF111#FF3C14CCFFFF1FFF
(1784925332.823468) can1 18FEF111#FFD013CCFFFF1FFF
(1784925332.869283) can1 18FEF111#FFD813CCFFFF1FFF
(1784925332.916142) can1 18FEF111#FFDC13CCFFFF1FFF
(1784925332.959224) can1 18FEF111#FFE013CCFFFF1FFF
(1784925333.077232) can1 18FEF111#FFB813CCFFFF1FFF
(1784925333.117119) can1 18FEF111#FFA813CCFFFF1FFF
(1784925333.184770) can1 18FEF111#FFEC13CCFFFF1FFF
(1784925333.228733) can1 18FEF111#FFDC13CCFFFF1FFF
(1784925333.301526) can1 18FEF111#FFC013CCFFFF1FFF
(1784925333.345352) can1 18FEF111#FFA413CCFFFF1FFF
(1784925333.437449) can1 18FEF111#FF9813CCFFFF1FFF
(1784925333.530823) can1 18FEF111#FFB413CCFFFF1FFF
(1784925333.622233) can1 18FEF111#FFAC13CCFFFF1FFF
(1784925333.713361) can1 18FEF111#FFB813CCFFFF1FFF
(1784925333.758590) can1 18FEF111#FFC413CCFFFF1FFF
(1784925333.802009) can1 18FEF111#FFB413CCFFFF1FFF
(1784925333.892941) can1 18FEF111#FF8013CCFFFF1FFF
(1784925333.966569) can1 18FEF111#FF8C13CCFFFF1FFF
(1784925334.010977) can1 18FEF111#FFB013CCFFFF1FFF
(1784925334.102516) can1 18FEF111#FFB813CCFFFF1FFF
(1784925334.149303) can1 18FEF111#FFC013CCFFFF1FFF
(1784925334.239702) can1 18FEF111#FF9C13CCFFFF1FFF
(1784925334.286492) can1 18FEF111#FFA813CCFFFF1FFF
(1784925334.333139) can1 18FEF111#FFA013CCFFFF1FFF
(1784925334.406482) can1 18FEF111#FF9C13CCFFFF1FFF
(1784925334.539396) can1 18FEF111#FF9813CCFFFF1FFF
(1784925334.602977) can1 18FEF111#FF7813CCFFFF1FFF
(1784925334.647227) can1 18FEF111#FF7C13CCFFFF1FFF
(1784925334.694375) can1 18FEF111#FF8813CCFFFF1FFF
(1784925334.738024) can1 18FEF111#FFA013CCFFFF1FFF
(1784925334.812339) can1 18FEF111#FFB413CCFFFF1FFF
(1784925334.856006) can1 18FEF111#FFD013CCFFFF1FFF
(1784925334.979734) can1 18FEF111#FF6C13CCFFFF1FFF
(1784925335.024892) can1 18FEF111#FF6813CCFFFF1FFF
(1784925335.072206) can1 18FEF111#FF7013CCFFFF1FFF
(1784925335.161204) can1 18FEF111#FF7C13CCFFFF1FFF
(1784925335.206726) can1 18FEF111#FF8813CCFFFF1FFF
(1784925335.302905) can1 18FEF111#FF7413CCFFFF1FFF
(1784925335.346655) can1 18FEF111#FF6813CCFFFF1FFF
(1784925335.395310) can1 18FEF111#FF5C13CCFFFF1FFF
(1784925335.440691) can1 18FEF111#FF5013CCFFFF1FFF
(1784925335.557199) can1 18FEF111#FF5413CCFFFF1FFF
(1784925335.597967) can1 18FEF111#FF4013CCFFFF1FFF
(1784925335.694330) can1 18FEF111#FF9013CCFFFF1FFF
(1784925335.740850) can1 18FEF111#FF8C13CCFFFF1FFF
(1784925335.786393) can1 18FEF111#FF9013CCFFFF1FFF
(1784925335.831426) can1 18FEF111#FF7C13CCFFFF1FFF
(1784925335.878722) can1 18FEF111#FF7813CCFFFF1FFF
(1784925335.922686) can1 18FEF111#FF6813CCFFFF1FFF
(1784925336.010285) can1 18FEF111#FF4813CCFFFF1FFF
(1784925336.087525) can1 18FEF111#FF5013CCFFFF1FFF
(1784925336.130435) can1 18FEF111#FF6813CCFFFF1FFF
(1784925336.175641) can1 18FEF111#FF7013CCFFFF1FFF
(1784925336.220522) can1 18FEF111#FF8413CCFFFF1FFF
(1784925336.266986) can1 18FEF111#FF9813CCFFFF1FFF
(1784925336.404172) can1 18FEF111#FF3C13CCFFFF1FFF
(1784925336.492340) can1 18FEF111#FF4C13CCFFFF1FFF
(1784925336.582322) can1 18FEF111#FF6413CCFFFF1FFF
(1784925336.628725) can1 18FEF111#FF6C13CCFFFF1FFF
(1784925336.671909) can1 18FEF111#FF7013CCFFFF1FFF
(1784925336.729958) can1 18FEF111#FFFC13CCFFFF1FFF
(1784925336.820211) can1 18FEF111#FF0814CCFFFF1FFF
(1784925336.892761) can1 18FEF111#FFF813CCFFFF1FFF
(1784925336.938679) can1 18FEF111#FFF013CCFFFF1FFF
(1784925336.985786) can1 18FEF111#FFF413CCFFFF1FFF
(1784925337.030155) can1 18FEF111#FFE813CCFFFF1FFF
(1784925337.123493) can1 18FEF111#FFD813CCFFFF1FFF
(1784925337.170401) can1 18FEF111#FFC813CCFFFF1FFF
(1784925337.215570) can1 18FEF111#FFBC13CCFFFF1FFF
(1784925337.260422) can1 18FEF111#FFA813CCFFFF1FFF
(1784925337.304174) can1 18FEF111#FF9C13CCFFFF1FFF
(1784925337.349178) can1 18FEF111#FF9413CCFFFF1FFF
(1784925337.482285) can1 18FEF111#FF7413CCFFFF1FFF
(1784925337.527982) can1 18FEF111#FF7013CCFFFF1FFF
(1784925337.573910) can1 18FEF111#FF5813CCFFFF1FFF
(1784925337.618139) can1 18FEF111#FF5C13CCFFFF1FFF
(1784925337.663107) can1 18FEF111#FF5813CCFFFF1FFF
(1784925337.810668) can1 18FEF111#FF1013CCFFFF1FFF
(1784925337.883240) can1 18FEF111#FF1413CCFFFF1FFF
(1784925337.971772) can1 18FEF111#FF1013CCFFFF1FFF
(1784925338.016643) can1 18FEF111#FF0C13CCFFFF1FFF
(1784925338.060124) can1 18FEF111#FF1013CCFFFF1FFF
(1784925338.148864) can1 18FEF111#FF6C13CCFFFF1FFF
(1784925338.196216) can1 18FEF111#FF6813CCFFFF1FFF
(1784925338.241392) can1 18FEF111#FF4413CCFFFF1FFF
(1784925338.285861) can1 18FEF111#FF3813CCFFFF1FFF
(1784925338.375107) can1 18FEF111#FF2413CCFFFF1FFF
(1784925338.547459) can1 18FEF111#FFC814CCFFFF1FFF
(1784925338.593605) can1 18FEF111#FFEC14CCFFFF1FFF
(1784925338.682077) can1 18FEF111#FF1015CCFFFF1FFF
(1784925338.725743) can1 18FEF111#FF3015CCFFFF1FFF
(1784925338.772980) can1 18FEF111#FF3C15CCFFFF1FFF
(1784925338.875287) can1 18FEF111#FFA814CCFFFF1FFF
(1784925338.950841) can1 18FEF111#FF8414CCFFFF1FFF
(1784925338.995068) can1 18FEF111#FF6414CCFFFF1FFF
(1784925339.041749) can1 18FEF111#FF7414CCFFFF1FFF
(1784925339.088721) can1 18FEF111#FF6414CCFFFF1FFF
(1784925339.134063) can1 18FEF111#FF7814CCFFFF1FFF
(1784925339.239247) can1 18FEF111#FF0816CCFFFF1FFF
(1784925339.310780) can1 18FEF111#FF1016CCFFFF1FFF
(1784925339.354726) can1 18FEF111#FF1C16CCFFFF1FFF
(1784925339.401861) can1 18FEF111#FF2016CCFFFF1FFF
(1784925339.445874) can1 18FEF111#FF3C16CCFFFF1FFF
(1784925339.492676) can1 18FEF111#FF3016CCFFFF1FFF
(1784925339.596755) can1 18FEF111#FFAC16CCFFFF1FFF
(1784925339.671845) can1 18FEF111#FFA416CCFFFF1FFF
(1784925339.717731) can1 18FEF111#FF8416CCFFFF1FFF
(1784925339.763870) can1 18FEF111#FF8816CCFFFF1FFF
(1784925339.808616) can1 18FEF111#FF7C16CCFFFF1FFF
(1784925339.941554) can1 18FEF111#FF7416CCFFFF1FFF
(1784925339.985200) can1 18FEF111#FF7016CCFFFF1FFF
(1784925340.078162) can1 18FEF111#FF6C16CCFFFF1FFF
(1784925340.120063) can1 18FEF111#FF8C16CCFFFF1FFF
(1784925340.165517) can1 18FEF111#FF7C16CCFFFF1FFF
(1784925340.238502) can1 18FEF111#FF9016CCFFFF1FFF
(1784925340.299849) can1 18FEF111#FFB816CCFFFF1FFF
(1784925340.346908) can1 18FEF111#FFE016CCFFFF1FFF
(1784925340.434146) can1 18FEF111#FFE816CCFFFF1FFF
(1784925340.478989) can1 18FEF111#FFCC16CCFFFF1FFF
(1784925340.525643) can1 18FEF111#FFEC16CCFFFF1FFF
(1784925340.572923) can1 18FEF111#FFD816CCFFFF1FFF
(1784925340.659374) can1 18FEF111#FF7016CCFFFF1FFF
(1784925340.703612) can1 18FEF111#FF5C16CCFFFF1FFF
(1784925340.749469) can1 18FEF111#FF7C16CCFFFF1FFF
(1784925340.795349) can1 18FEF111#FF7416CCFFFF1FFF
(1784925340.839394) can1 18FEF111#FF7C16CCFFFF1FFF
(1784925340.885872) can1 18FEF111#FF7416CCFFFF1FFF
(1784925340.955700) can1 18FEF111#FF8016CCFFFF1FFF
(1784925341.026040) can1 18FEF111#FF9416CCFFFF1FFF
(1784925341.070457) can1 18FEF111#FF9816CCFFFF1FFF
(1784925341.141761) can1 18FEF111#FF8016CCFFFF1FFF
(1784925341.185665) can1 18FEF111#FFB016CCFFFF1FFF
(1784925341.232926) can1 18FEF111#FFA016CCFFFF1FFF
(1784925341.276368) can1 18FEF111#FFB016CCFFFF1FFF
(1784925341.316874) can1 18FEF111#FF9816CCFFFF1FFF
(1784925341.370008) can1 18FEF111#FFA816CCFFFF1FFF
(1784925341.413715) can1 18FEF111#FFB016CCFFFF1FFF
(1784925341.458114) can1 18FEF111#FFAC16CCFFFF1FFF
(1784925341.504893) can1 18FEF111#FFBC16CCFFFF1FFF
(1784925341.548856) can1 18FEF111#FFB816CCFFFF1FFF
(1784925341.594006) can1 18FEF111#FFD016CCFFFF1FFF
(1784925341.642484) can1 18FEF111#FFC816CCFFFF1FFF
(1784925341.728705) can1 18FEF111#FF5417CCFFFF1FFF
(1784925341.774546) can1 18FEF111#FF4017CCFFFF1FFF
(1784925341.818757) can1 18FEF111#FF4417CCFFFF1FFF
(1784925341.866182) can1 18FEF111#FF2817CCFFFF1FFF
(1784925341.910840) can1 18FEF111#FF5817CCFFFF1FFF
(1784925341.955283) can1 18FEF111#FF3017CCFFFF1FFF
(1784925342.034030) can1 18FEF111#FF5817CCFFFF1FFF
(1784925342.097677) can1 18FEF111#FF6817CCFFFF1FFF
(1784925342.145030) can1 18FEF111#FF7017CCFFFF1FFF
(1784925342.192087) can1 18FEF111#FF5817CCFFFF1FFF
(1784925342.236735) can1 18FEF111#FF6017CCFFFF1FFF
(1784925342.309922) can1 18FEF111#FF5817CCFFFF1FFF
(1784925342.353758) can1 18FEF111#FF7817CCFFFF1FFF
(1784925342.393662) can1 18FEF111#FF6417CCFFFF1FFF
(1784925342.451844) can1 18FEF111#FF5817CCFFFF1FFF
(1784925342.499730) can1 18FEF111#FF2C17CCFFFF1FFF
(1784925342.543694) can1 18FEF111#FF4417CCFFFF1FFF
(1784925342.588437) can1 18FEF111#FF2817CCFFFF1FFF
(1784925342.632005) can1 18FEF111#FF4817CCFFFF1FFF
(1784925342.676764) can1 18FEF111#FF1417CCFFFF1FFF
(1784925342.747877) can1 18FEF111#FF2C17CCFFFF1FFF
(1784925342.846772) can1 18FEF111#FF2417CCFFFF1FFF
(1784925342.981258) can1 18FEF111#FF3017CCFFFF1FFF
(1784925343.025236) can1 18FEF111#FF3817CCFFFF1FFF
(1784925343.070480) can1 18FEF111#FF4817CCFFFF1FFF
(1784925343.163842) can1 18FEF111#FF6817CCFFFF1FFF
(1784925343.207466) can1 18FEF111#FF6417CCFFFF1FFF
(1784925343.252388) can1 18FEF111#FF6C17CCFFFF1FFF
(1784925343.296101) can1 18FEF111#FF5C17CCFFFF1FFF
(1784925343.341979) can1 18FEF111#FF6C17CCFFFF1FFF
(1784925343.416191) can1 18FEF111#FF5817CCFFFF1FFF
(1784925343.457153) can1 18FEF111#FF8417CCFFFF1FFF
(1784925343.556299) can1 18FEF111#FFB817CCFFFF1FFF
(1784925343.599432) can1 18FEF111#FFA417CCFFFF1FFF
(1784925343.644061) can1 18FEF111#FFC017CCFFFF1FFF
(1784925343.686982) can1 18FEF111#FFA817CCFFFF1FFF
(1784925343.778160) can1 18FEF111#FFAC17CCFFFF1FFF
(1784925343.822617) can1 18FEF111#FFB817CCFFFF1FFF
(1784925343.887537) can1 18FEF111#FFE417CCFFFF1FFF
(1784925343.959423) can1 18FEF111#FFBC17CCFFFF1FFF
(1784925344.006034) can1 18FEF111#FFD017CCFFFF1FFF
(1784925344.053189) can1 18FEF111#FFD817CCFFFF1FFF
(1784925344.144448) can1 18FEF111#FFB017CCFFFF1FFF
(1784925344.221050) can1 18FEF111#FF8417CCFFFF1FFF
(1784925344.269096) can1 18FEF111#FF9017CCFFFF1FFF
(1784925344.385377) can1 18FEF111#FF8C17CCFFFF1FFF
(1784925344.432404) can1 18FEF111#FF9017CCFFFF1FFF
(1784925344.475891) can1 18FEF111#FF9817CCFFFF1FFF
(1784925344.522601) can1 18FEF111#FF7417CCFFFF1FFF
(1784925344.579601) can1 18FEF111#FFCC16CCFFFF1FFF
(1784925344.622897) can1 18FEF111#FFB016CCFFFF1FFF
(1784925344.715950) can1 18FEF111#FF9016CCFFFF1FFF
(1784925344.762098) can1 18FEF111#FF9816CCFFFF1FFF
(1784925344.807999) can1 18FEF111#FF7C16CCFFFF1FFF
(1784925344.880081) can1 18FEF111#FF8416CCFFFF1FFF
(1784925344.941010) can1 18FEF111#FF4816CCFFFF1FFF
(1784925344.986371) can1 18FEF111#FF5416CCFFFF1FFF
(1784925345.033560) can1 18FEF111#FF5816CCFFFF1FFF
(1784925345.076063) can1 18FEF111#FF6416CCFFFF1FFF
(1784925345.167934) can1 18FEF111#FF8416CCFFFF1FFF
(1784925345.239962) can1 18FEF111#FF8C16CCFFFF1FFF
(1784925345.344678) can1 18FEF111#FF6C16CCFFFF1FFF
(1784925345.434485) can1 18FEF111#FF8016CCFFFF1FFF
(1784925345.480545) can1 18FEF111#FF8416CCFFFF1FFF
(1784925345.523199) can1 18FEF111#FF9C16CCFFFF1FFF
(1784925345.599648) can1 18FEF111#FF8816CCFFFF1FFF
(1784925345.703405) can1 18FEF111#FF4C16CCFFFF1FFF
(1784925345.790405) can1 18FEF111#FF3816CCFFFF1FFF
(1784925345.882952) can1 18FEF111#FF2C16CCFFFF1FFF
(1784925345.929606) can1 18FEF111#FF2016CCFFFF1FFF
(1784925346.019198) can1 18FEF111#FF3416CCFFFF1FFF
(1784925346.063027) can1 18FEF111#FF3C16CCFFFF1FFF
(1784925346.110249) can1 18FEF111#FF2C16CCFFFF1FFF
(1784925346.154854) can1 18FEF111#FF1C16CCFFFF1FFF
(1784925346.199228) can1 18FEF111#FF1816CCFFFF1FFF
(1784925346.243959) can1 18FEF111#FF2C16CCFFFF1FFF
(1784925346.379572) can1 18FEF111#FF1C16CCFFFF1FFF
(1784925346.424070) can1 18FEF111#FF5016CCFFFF1FFF
(1784925346.470280) can1 18FEF111#FF3416CCFFFF1FFF
(1784925346.516758) can1 18FEF111#FF4C16CCFFFF1FFF
(1784925346.563074) can1 18FEF111#FF4416CCFFFF1FFF
(1784925346.606360) can1 18FEF111#FF5816CCFFFF1FFF
(1784925346.739306) can1 18FEF111#FF3416CCFFFF1FFF
(1784925346.785114) can1 18FEF111#FF2816CCFFFF1FFF
(1784925346.832132) can1 18FEF111#FF2C16CCFFFF1FFF
(1784925346.875718) can1 18FEF111#FF4016CCFFFF1FFF
(1784925346.921081) can1 18FEF111#FF2816CCFFFF1FFF
(1784925346.964923) can1 18FEF111#FF3416CCFFFF1FFF
(1784925347.009802) can1 18FEF111#FF1416CCFFFF1FFF
(1784925347.136830) can1 18FEF111#FF2416CCFFFF1FFF
(1784925347.184418) can1 18FEF111#FF2C16CCFFFF1FFF
(1784925347.230574) can1 18FEF111#FF1416CCFFFF1FFF
(1784925347.274261) can1 18FEF111#FF1C16CCFFFF1FFF
(1784925347.319554) can1 18FEF111#FFFC15CCFFFF1FFF
(1784925347.364734) can1 18FEF111#FFF815CCFFFF1FFF
(1784925347.447078) can1 18FEF111#FF4C16CCFFFF1FFF
(1784925347.582805) can1 18FEF111#FF2C16CCFFFF1FFF
(1784925347.627038) can1 18FEF111#FF4816CCFFFF1FFF
(1784925347.672439) can1 18FEF111#FF4016CCFFFF1FFF
(1784925347.745824) can1 18FEF111#FF4416CCFFFF1FFF
(1784925347.817755) can1 18FEF111#FFCC15CCFFFF1FFF
(1784925347.889783) can1 18FEF111#FFC015CCFFFF1FFF
(1784925347.978076) can1 18FEF111#FFD415CCFFFF1FFF
(1784925348.021432) can1 18FEF111#FFF015CCFFFF1FFF
(1784925348.069778) can1 18FEF111#FFE015CCFFFF1FFF
(1784925348.160378) can1 18FEF111#FF3815CCFFFF1FFF
(1784925348.206665) can1 18FEF111#FF4815CCFFFF1FFF
(1784925348.251724) can1 18FEF111#FF5015CCFFFF1FFF
(1784925348.293630) can1 18FEF111#FF4C15CCFFFF1FFF
(1784925348.367099) can1 18FEF111#FF7015CCFFFF1FFF
(1784925348.412473) can1 18FEF111#FF6415CCFFFF1FFF
(1784925348.457683) can1 18FEF111#FF8015CCFFFF1FFF
(1784925348.527203) can1 18FEF111#FFD414CCFFFF1FFF
(1784925348.570483) can1 18FEF111#FFD014CCFFFF1FFF
(1784925348.641543) can1 18FEF111#FFEC14CCFFFF1FFF
(1784925348.685606) can1 18FEF111#FFBC14CCFFFF1FFF
(1784925348.734183) can1 18FEF111#FFC814CCFFFF1FFF
(1784925348.778449) can1 18FEF111#FFC014CCFFFF1FFF
(1784925348.869973) can1 18FEF111#FF3C14CCFFFF1FFF
(1784925348.918360) can1 18FEF111#FF4414CCFFFF1FFF
(1784925348.988319) can1 18FEF111#FF2814CCFFFF1FFF
(1784925349.034492) can1 18FEF111#FF4C14CCFFFF1FFF
(1784925349.080381) can1 18FEF111#FF4814CCFFFF1FFF
(1784925349.169583) can1 18FEF111#FF3C14CCFFFF1FFF
(1784925349.219947) can1 18FEF111#FFE813CCFFFF1FFF
(1784925349.264329) can1 18FEF111#FF0414CCFFFF1FFF
(1784925349.309310) can1 18FEF111#FF0014CCFFFF1FFF
(1784925349.400593) can1 18FEF111#FFFC13CCFFFF1FFF
(1784925349.445963) can1 18FEF111#FF0814CCFFFF1FFF
(1784925349.491399) can1 18FEF111#FF1814CCFFFF1FFF
(1784925349.579620) can1 18FEF111#FFF013CCFFFF1FFF
(1784925349.623958) can1 18FEF111#FFE413CCFFFF1FFF
(1784925349.672414) can1 18FEF111#FFE013CCFFFF1FFF
(1784925349.716781) can1 18FEF111#FF0014CCFFFF1FFF
(1784925349.763043) can1 18FEF111#FFE813CCFFFF1FFF
(1784925349.810428) can1 18FEF111#FF0414CCFFFF1FFF
(1784925349.875780) can1 18FEF111#FFE413CCFFFF1FFF
(1784925349.940221) can1 18FEF111#FFD013CCFFFF1FFF
(1784925349.983947) can1 18FEF111#FFB413CCFFFF1FFF
(1784925350.032824) can1 18FEF111#FFAC13CCFFFF1FFF
(1784925350.078049) can1 18FEF111#FF9C13CCFFFF1FFF
(1784925350.149418) can1 18FEF111#FF9413CCFFFF1FFF
(1784925350.239147) can1 18FEF111#FF6413CCFFFF1FFF
(1784925350.306030) can1 18FEF111#FFA412CCFFFF1FFF
(1784925350.353584) can1 18FEF111#FFB412CCFFFF1FFF
(1784925350.425119) can1 18FEF111#FFB812CCFFFF1FFF
(1784925350.466962) can1 18FEF111#FFCC12CCFFFF1FFF
(1784925350.514956) can1 18FEF111#FFD012CCFFFF1FFF
(1784925350.558777) can1 18FEF111#FFEC12CCFFFF1FFF
(1784925350.649554) can1 18FEF111#FFE413CCFFFF1FFF
(1784925350.695965) can1 18FEF111#FFD813CCFFFF1FFF
(1784925350.788481) can1 18FEF111#FFC013CCFFFF1FFF
(1784925350.830377) can1 18FEF111#FFB013CCFFFF1FFF
(1784925350.876044) can1 18FEF111#FFA813CCFFFF1FFF
(1784925350.946486) can1 18FEF111#FF9C13CCFFFF1FFF
(1784925351.017147) can1 18FEF111#FFE011CCFFFF1FFF
(1784925351.063497) can1 18FEF111#FFB811CCFFFF1FFF
(1784925351.133297) can1 18FEF111#FF9411CCFFFF1FFF
(1784925351.178688) can1 18FEF111#FF7411CCFFFF1FFF
(1784925351.223608) can1 18FEF111#FF3C11CCFFFF1FFF
(1784925351.270687) can1 18FEF111#FF2411CCFFFF1FFF
(1784925351.308974) can1 18FEF111#FFFC10CCFFFF1FFF
(1784925351.362243) can1 18FEF111#FF900DCCFFFF1FFF
(1784925351.406512) can1 18FEF111#FF480DCCFFFF1FFF
(1784925351.453612) can1 18FEF111#FF340DCCFFFF1FFF
(1784925351.499110) can1 18FEF111#FF040DCCFFFF1FFF
(1784925351.540842) can1 18FEF111#FF000DCCFFFF1FFF
(1784925351.618234) can1 18FEF111#FFD40CCCFFFF1FFF
(1784925351.728917) can1 18FEF111#FF4C0DCCFFFF1FFF
(1784925351.801124) can1 18FEF111#FF580DCCFFFF1FFF
(1784925351.846530) can1 18FEF111#FF600DCCFFFF1FFF
(1784925351.935661) can1 18FEF111#FF7C0DCCFFFF1FFF
(1784925351.979636) can1 18FEF111#FF900DCCFFFF1FFF
(1784925352.024304) can1 18FEF111#FFA00DCCFFFF1FFF
(1784925352.079146) can1 18FEF111#FFBC0DCCFFFF1FFF
(1784925352.124237) can1 18FEF111#FF9C0DCCFFFF1FFF
(1784925352.216621) can1 18FEF111#FF680DCCFFFF1FFF
(1784925352.290149) can1 18FEF111#FF440DCCFFFF1FFF
(1784925352.334354) can1 18FEF111#FF280DCCFFFF1FFF
(1784925352.378259) can1 18FEF111#FF0C0DCCFFFF1FFF
(1784925352.446754) can1 18FEF111#FFF80ECCFFFF1FFF
(1784925352.491913) can1 18FEF111#FF2C0FCCFFFF1FFF
(1784925352.564412) can1 18FEF111#FF4C0FCCFFFF1FFF
(1784925352.607941) can1 18FEF111#FFB00FCCFFFF1FFF
(1784925352.653664) can1 18FEF111#FFD40FCCFFFF1FFF
(1784925352.699040) can1 18FEF111#FF0C10CCFFFF1FFF
(1784925352.787182) can1 18FEF111#FF1814CCFFFF1FFF
(1784925352.838651) can1 18FEF111#FF3014CCFFFF1FFF
(1784925352.957089) can1 18FEF111#FF2414CCFFFF1FFF
(1784925353.000746) can1 18FEF111#FF1C14CCFFFF1FFF
(1784925353.047057) can1 18FEF111#FF4814CCFFFF1FFF
(1784925353.091979) can1 18FEF111#FF4014CCFFFF1FFF
(1784925353.155551) can1 18FEF111#FFD816CCFFFF1FFF
(1784925353.201699) can1 18FEF111#FFC816CCFFFF1FFF
(1784925353.317445) can1 18FEF111#FFBC16CCFFFF1FFF
(1784925353.360974) can1 18FEF111#FFB416CCFFFF1FFF
(1784925353.409926) can1 18FEF111#FF8416CCFFFF1FFF
(1784925353.500237) can1 18FEF111#FF6C14CCFFFF1FFF
(1784925353.545914) can1 18FEF111#FF4014CCFFFF1FFF
(1784925353.634336) can1 18FEF111#FF3014CCFFFF1FFF
(1784925353.676794) can1 18FEF111#FF4C14CCFFFF1FFF
(1784925353.751022) can1 18FEF111#FF4814CCFFFF1FFF
(1784925353.796105) can1 18FEF111#FF5C14CCFFFF1FFF
(1784925353.866000) can1 18FEF111#FF2814CCFFFF1FFF
(1784925353.909425) can1 18FEF111#FFF813CCFFFF1FFF
(1784925353.952501) can1 18FEF111#FF3014CCFFFF1FFF
(1784925353.995701) can1 18FEF111#FF2014CCFFFF1FFF
(1784925354.114619) can1 18FEF111#FF2414CCFFFF1FFF
(1784925354.155106) can1 18FEF111#FF1C14CCFFFF1FFF
(1784925354.214193) can1 18FEF111#FF1414CCFFFF1FFF
(1784925354.302314) can1 18FEF111#FF2014CCFFFF1FFF
(1784925354.346286) can1 18FEF111#FF1814CCFFFF1FFF
(1784925354.391872) can1 18FEF111#FF4014CCFFFF1FFF
(1784925354.464861) can1 18FEF111#FF3014CCFFFF1FFF
(1784925354.507893) can1 18FEF111#FF6414CCFFFF1FFF
(1784925354.569654) can1 18FEF111#FFB014CCFFFF1FFF
(1784925354.615017) can1 18FEF111#FFA814CCFFFF1FFF
(1784925354.658501) can1 18FEF111#FFE014CCFFFF1FFF
(1784925354.705450) can1 18FEF111#FFB814CCFFFF1FFF
(1784925354.751537) can1 18FEF111#FFE414CCFFFF1FFF
(1784925354.825495) can1 18FEF111#FFF814CCFFFF1FFF
(1784925354.863406) can1 18FEF111#FF0C15CCFFFF1FFF
(1784925354.916872) can1 18FEF111#FF8C16CCFFFF1FFF
(1784925354.961504) can1 18FEF111#FF7816CCFFFF1FFF
(1784925355.006896) can1 18FEF111#FF9C16CCFFFF1FFF
(1784925355.096633) can1 18FEF111#FFB816CCFFFF1FFF
(1784925355.139656) can1 18FEF111#FFD816CCFFFF1FFF
(1784925355.182957) can1 18FEF111#FFD416CCFFFF1FFF
(1784925355.225061) can1 18FEF111#FFBC16CCFFFF1FFF
(1784925355.279310) can1 18FEF111#FF8017CCFFFF1FFF
(1784925355.322219) can1 18FEF111#FF5417CCFFFF1FFF
(1784925355.368752) can1 18FEF111#FF6417CCFFFF1FFF
(1784925355.414467) can1 18FEF111#FF7017CCFFFF1FFF
(1784925355.460697) can1 18FEF111#FF9C17CCFFFF1FFF
(1784925355.504744) can1 18FEF111#FF7817CCFFFF1FFF
(1784925355.582775) can1 18FEF111#FF9817CCFFFF1FFF
(1784925355.684914) can1 18FEF111#FF4017CCFFFF1FFF
(1784925355.730775) can1 18FEF111#FF2417CCFFFF1FFF
(1784925355.774715) can1 18FEF111#FF2017CCFFFF1FFF
(1784925355.820413) can1 18FEF111#FF3417CCFFFF1FFF
(1784925355.867024) can1 18FEF111#FF3017CCFFFF1FFF
(1784925355.947314) can1 18FEF111#FF4017CCFFFF1FFF
(1784925356.008411) can1 18FEF111#FF4817CCFFFF1FFF
(1784925356.056404) can1 18FEF111#FF1C17CCFFFF1FFF
(1784925356.100468) can1 18FEF111#FF4417CCFFFF1FFF
(1784925356.145430) can1 18FEF111#FF2417CCFFFF1FFF
(1784925356.188538) can1 18FEF111#FF3017CCFFFF1FFF
(1784925356.233766) can1 18FEF111#FF2417CCFFFF1FFF
(1784925356.307487) can1 18FEF111#FF2C17CCFFFF1FFF
(1784925356.368152) can1 18FEF111#FFF416CCFFFF1FFF
(1784925356.413081) can1 18FEF111#FF0017CCFFFF1FFF
(1784925356.457114) can1 18FEF111#FF0817CCFFFF1FFF
(1784925356.505390) can1 18FEF111#FF2817CCFFFF1FFF
(1784925356.550022) can1 18FEF111#FFF416CCFFFF1FFF
(1784925356.625093) can1 18FEF111#FFFC16CCFFFF1FFF
(1784925356.668251) can1 18FEF111#FFE816CCFFFF1FFF
(1784925356.728538) can1 18FEF111#FFE416CCFFFF1FFF
(1784925356.773264) can1 18FEF111#FF0417CCFFFF1FFF
(1784925356.817964) can1 18FEF111#FFCC16CCFFFF1FFF
(1784925356.863070) can1 18FEF111#FFFC16CCFFFF1FFF
(1784925356.950456) can1 18FEF111#FF1C17CCFFFF1FFF
(1784925356.993582) can1 18FEF111#FF0817CCFFFF1FFF
(1784925357.094202) can1 18FEF111#FF3017CCFFFF1FFF
(1784925357.143058) can1 18FEF111#FF2417CCFFFF1FFF
(1784925357.183791) can1 18FEF111#FF5817CCFFFF1FFF
(1784925357.258437) can1 18FEF111#FF3017CCFFFF1FFF
(1784925357.302809) can1 18FEF111#FF4417CCFFFF1FFF
(1784925357.349570) can1 18FEF111#FF0817CCFFFF1FFF
(1784925357.389085) can1 18FEF111#FF1417CCFFFF1FFF
(1784925357.437177) can1 18FEF111#FF1817CCFFFF1FFF
(1784925357.484551) can1 18FEF111#FF3417CCFFFF1FFF
(1784925357.530789) can1 18FEF111#FF0017CCFFFF1FFF
(1784925357.574782) can1 18FEF111#FF2417CCFFFF1FFF
(1784925357.620248) can1 18FEF111#FF0817CCFFFF1FFF
(1784925357.666008) can1 18FEF111#FF2817CCFFFF1FFF
(1784925357.740244) can1 18FEF111#FF3417CCFFFF1FFF
(1784925357.804502) can1 18FEF111#FF6817CCFFFF1FFF
(1784925357.895931) can1 18FEF111#FF6C17CCFFFF1FFF
(1784925357.967694) can1 18FEF111#FF7017CCFFFF1FFF
(1784925358.012813) can1 18FEF111#FF8817CCFFFF1FFF
(1784925358.060194) can1 18FEF111#FF8017CCFFFF1FFF
(1784925358.149560) can1 18FEF111#FFB017CCFFFF1FFF
(1784925358.196958) can1 18FEF111#FFBC17CCFFFF1FFF
(1784925358.241544) can1 18FEF111#FFA817CCFFFF1FFF
(1784925358.286122) can1 18FEF111#FFAC17CCFFFF1FFF
(1784925358.329252) can1 18FEF111#FF9417CCFFFF1FFF
(1784925358.448383) can1 18FEF111#FF7017CCFFFF1FFF
(1784925358.517872) can1 18FEF111#FFB016CCFFFF1FFF
(1784925358.589625) can1 18FEF111#FFC016CCFFFF1FFF
(1784925358.634045) can1 18FEF111#FFA016CCFFFF1FFF
(1784925358.679955) can1 18FEF111#FFB016CCFFFF1FFF
(1784925358.724580) can1 18FEF111#FF9416CCFFFF1FFF
(1784925358.810776) can1 18FEF111#FFBC16CCFFFF1FFF
(1784925358.873762) can1 18FEF111#FFA416CCFFFF1FFF
(1784925358.949565) can1 18FEF111#FFA816CCFFFF1FFF
(1784925358.993268) can1 18FEF111#FFCC16CCFFFF1FFF
(1784925359.041775) can1 18FEF111#FFD416CCFFFF1FFF
(1784925359.086466) can1 18FEF111#FFD016CCFFFF1FFF
(1784925359.132027) can1 18FEF111#FFC816CCFFFF1FFF
(1784925359.217353) can1 18FEF111#FF8816CCFFFF1FFF
(1784925359.261433) can1 18FEF111#FFA816CCFFFF1FFF
(1784925359.355338) can1 18FEF111#FFB016CCFFFF1FFF
(1784925359.399288) can1 18FEF111#FF9416CCFFFF1FFF
(1784925359.470846) can1 18FEF111#FFB416CCFFFF1FFF
(1784925359.515444) can1 18FEF111#FFA416CCFFFF1FFF
(1784925359.582336) can1 18FEF111#FF0C16CCFFFF1FFF
(1784925359.628940) can1 18FEF111#FF0816CCFFFF1FFF
(1784925359.702373) can1 18FEF111#FF1016CCFFFF1FFF
(1784925359.746709) can1 18FEF111#FF5016CCFFFF1FFF
(1784925359.793861) can1 18FEF111#FF5416CCFFFF1FFF
(1784925359.837882) can1 18FEF111#FF6016CCFFFF1FFF
(1784925359.876588) can1 18FEF111#FF8016CCFFFF1FFF
(1784925359.927900) can1 18FEF111#FF4816CCFFFF1FFF
(1784925359.972933) can1 18FEF111#FF3416CCFFFF1FFF
(1784925360.021496) can1 18FEF111#FF4416CCFFFF1FFF
(1784925360.109797) can1 18FEF111#FF6016CCFFFF1FFF
(1784925360.154987) can1 18FEF111#FF4016CCFFFF1FFF
(1784925360.198881) can1 18FEF111#FF6016CCFFFF1FFF
(1784925360.291321) can1 18FEF111#FFE015CCFFFF1FFF
(1784925360.339575) can1 18FEF111#FFDC15CCFFFF1FFF
(1784925360.384555) can1 18FEF111#FFEC15CCFFFF1FFF
(1784925360.427077) can1 18FEF111#FFF015CCFFFF1FFF
(1784925360.471112) can1 18FEF111#FFF415CCFFFF1FFF
(1784925360.547517) can1 18FEF111#FFC815CCFFFF1FFF
(1784925360.587742) can1 18FEF111#FFB415CCFFFF1FFF
(1784925360.684692) can1 18FEF111#FFD815CCFFFF1FFF
(1784925360.776606) can1 18FEF111#FFF815CCFFFF1FFF
(1784925360.864104) can1 18FEF111#FFF415CCFFFF1FFF
(1784925360.915381) can1 18FEF111#FFF815CCFFFF1FFF
(1784925361.003774) can1 18FEF111#FFF016CCFFFF1FFF
(1784925361.048608) can1 18FEF111#FF0017CCFFFF1FFF
(1784925361.093920) can1 18FEF111#FFE416CCFFFF1FFF
(1784925361.135876) can1 18FEF111#FFEC16CCFFFF1FFF
(1784925361.180851) can1 18FEF111#FFD416CCFFFF1FFF
(1784925361.254934) can1 18FEF111#FFE416CCFFFF1FFF
(1784925361.392628) can1 18FEF111#FF4016CCFFFF1FFF
(1784925361.436648) can1 18FEF111#FF1816CCFFFF1FFF
(1784925361.522453) can1 18FEF111#FF0816CCFFFF1FFF
(1784925361.614728) can1 18FEF111#FF1816CCFFFF1FFF
(1784925361.700674) can1 18FEF111#FFA416CCFFFF1FFF
(1784925361.744460) can1 18FEF111#FFC416CCFFFF1FFF
(1784925361.790220) can1 18FEF111#FFAC16CCFFFF1FFF
(1784925361.832605) can1 18FEF111#FF8416CCFFFF1FFF
(1784925361.876732) can1 18FEF111#FF9416CCFFFF1FFF
(1784925361.923403) can1 18FEF111#FF8816CCFFFF1FFF
(1784925362.062816) can1 18FEF111#FF2816CCFFFF1FFF
(1784925362.106377) can1 18FEF111#FF1016CCFFFF1FFF
(1784925362.153116) can1 18FEF111#FF0C16CCFFFF1FFF
(1784925362.197372) can1 18FEF111#FF0816CCFFFF1FFF
(1784925362.270720) can1 18FEF111#FFF415CCFFFF1FFF
(1784925362.315219) can1 18FEF111#FFFC15CCFFFF1FFF
(1784925362.361199) can1 18FEF111#FF0816CCFFFF1FFF
(1784925362.418125) can1 18FEF111#FF3C16CCFFFF1FFF
(1784925362.464270) can1 18FEF111#FF4016CCFFFF1FFF
(1784925362.509988) can1 18FEF111#FF2016CCFFFF1FFF
(1784925362.554687) can1 18FEF111#FF2C16CCFFFF1FFF
(1784925362.599008) can1 18FEF111#FF2416CCFFFF1FFF
(1784925362.645584) can1 18FEF111#FF1C16CCFFFF1FFF
(1784925362.723847) can1 18FEF111#FF0816CCFFFF1FFF
(1784925362.788967) can1 18FEF111#FF5416CCFFFF1FFF
(1784925362.838609) can1 18FEF111#FF7C16CCFFFF1FFF
(1784925362.883293) can1 18FEF111#FF8016CCFFFF1FFF
(1784925362.955628) can1 18FEF111#FF8816CCFFFF1FFF
(1784925363.044679) can1 18FEF111#FF7016CCFFFF1FFF
(1784925363.089171) can1 18FEF111#FF4416CCFFFF1FFF
(1784925363.183933) can1 18FEF111#FF4417CCFFFF1FFF
(1784925363.229447) can1 18FEF111#FF3C17CCFFFF1FFF
(1784925363.275021) can1 18FEF111#FF3817CCFFFF1FFF
(1784925363.320541) can1 18FEF111#FF3017CCFFFF1FFF
(1784925363.363307) can1 18FEF111#FFE816CCFFFF1FFF
(1784925363.411146) can1 18FEF111#FFD016CCFFFF1FFF
(1784925363.496783) can1 18FEF111#FF0417CCFFFF1FFF
(1784925363.541871) can1 18FEF111#FF1417CCFFFF1FFF
(1784925363.631440) can1 18FEF111#FF3C17CCFFFF1FFF
(1784925363.674116) can1 18FEF111#FF4417CCFFFF1FFF
(1784925363.720335) can1 18FEF111#FF5817CCFFFF1FFF
(1784925363.764597) can1 18FEF111#FF5C17CCFFFF1FFF
(1784925363.862349) can1 18FEF111#FFC417CCFFFF1FFF
(1784925363.905999) can1 18FEF111#FFAC17CCFFFF1FFF
(1784925363.951669) can1 18FEF111#FF8417CCFFFF1FFF
(1784925363.997566) can1 18FEF111#FF6817CCFFFF1FFF
(1784925364.072919) can1 18FEF111#FF7817CCFFFF1FFF
(1784925364.117837) can1 18FEF111#FF6C17CCFFFF1FFF
(1784925364.157536) can1 18FEF111#FF7817CCFFFF1FFF
(1784925364.210552) can1 18FEF111#FFFC16CCFFFF1FFF
(1784925364.256980) can1 18FEF111#FF0017CCFFFF1FFF
(1784925364.301832) can1 18FEF111#FFE416CCFFFF1FFF
(1784925364.347274) can1 18FEF111#FFD416CCFFFF1FFF
(1784925364.393588) can1 18FEF111#FFF416CCFFFF1FFF
(1784925364.439500) can1 18FEF111#FFEC16CCFFFF1FFF
(1784925364.570628) can1 18FEF111#FF3C16CCFFFF1FFF
(1784925364.615540) can1 18FEF111#FF4016CCFFFF1FFF
(1784925364.688911) can1 18FEF111#FF3C16CCFFFF1FFF
(1784925364.737149) can1 18FEF111#FF4416CCFFFF1FFF
(1784925364.782844) can1 18FEF111#FF3416CCFFFF1FFF
(1784925364.829550) can1 18FEF111#FF3816CCFFFF1FFF
(1784925364.931551) can1 18FEF111#FF2C15CCFFFF1FFF
(1784925364.981433) can1 18FEF111#FF2415CCFFFF1FFF
(1784925365.029200) can1 18FEF111#FF1415CCFFFF1FFF
(1784925365.097252) can1 18FEF111#FF1015CCFFFF1FFF
(1784925365.142168) can1 18FEF111#FF2415CCFFFF1FFF
(1784925365.229799) can1 18FEF111#FF1015CCFFFF1FFF
(1784925365.286111) can1 18FEF111#FFC014CCFFFF1FFF
(1784925365.334758) can1 18FEF111#FFC414CCFFFF1FFF
(1784925365.381311) can1 18FEF111#FFC814CCFFFF1FFF
(1784925365.427567) can1 18FEF111#FFB814CCFFFF1FFF
(1784925365.470517) can1 18FEF111#FFC014CCFFFF1FFF
(1784925365.588127) can1 18FEF111#FFAC14CCFFFF1FFF
(1784925365.654601) can1 18FEF111#FF7014CCFFFF1FFF
(1784925365.699720) can1 18FEF111#FF6C14CCFFFF1FFF
(1784925365.742838) can1 18FEF111#FF6414CCFFFF1FFF
(1784925365.784886) can1 18FEF111#FF6814CCFFFF1FFF
(1784925365.829435) can1 18FEF111#FF7814CCFFFF1FFF
(1784925365.905564) can1 18FEF111#FF6414CCFFFF1FFF
(1784925365.948650) can1 18FEF111#FF6C14CCFFFF1FFF
(1784925366.009005) can1 18FEF111#FF2C14CCFFFF1FFF
(1784925366.056375) can1 18FEF111#FF3014CCFFFF1FFF
(1784925366.099375) can1 18FEF111#FF2C14CCFFFF1FFF
(1784925366.187833) can1 18FEF111#FF1814CCFFFF1FFF
(1784925366.262356) can1 18FEF111#FF2014CCFFFF1FFF
(1784925366.306104) can1 18FEF111#FF2414CCFFFF1FFF
(1784925366.371963) can1 18FEF111#FF0414CCFFFF1FFF
(1784925366.417867) can1 18FEF111#FFF813CCFFFF1FFF
(1784925366.461245) can1 18FEF111#FF2814CCFFFF1FFF
(1784925366.537589) can1 18FEF111#FF2014CCFFFF1FFF
(1784925366.583624) can1 18FEF111#FF2814CCFFFF1FFF
(1784925366.716158) can1 18FEF111#FFD814CCFFFF1FFF
(1784925366.761068) can1 18FEF111#FFD414CCFFFF1FFF
(1784925366.852903) can1 18FEF111#FFE414CCFFFF1FFF
(1784925366.896326) can1 18FEF111#FF0015CCFFFF1FFF
(1784925367.025334) can1 18FEF111#FF0415CCFFFF1FFF
(1784925367.090066) can1 18FEF111#FF0815CCFFFF1FFF
(1784925367.138955) can1 18FEF111#FF0415CCFFFF1FFF
(1784925367.183400) can1 18FEF111#FF0015CCFFFF1FFF
(1784925367.228068) can1 18FEF111#FFFC14CCFFFF1FFF
(1784925367.303216) can1 18FEF111#FF0415CCFFFF1FFF
(1784925367.348655) can1 18FEF111#FF1C15CCFFFF1FFF
(1784925367.386789) can1 18FEF111#FF2C15CCFFFF1FFF
(1784925367.435334) can1 18FEF111#FF4416CCFFFF1FFF
(1784925367.526542) can1 18FEF111#FF5016CCFFFF1FFF
(1784925367.568871) can1 18FEF111#FF4C16CCFFFF1FFF
(1784925367.614079) can1 18FEF111#FF7016CCFFFF1FFF
(1784925367.657460) can1 18FEF111#FF5416CCFFFF1FFF
(1784925367.703509) can1 18FEF111#FF6416CCFFFF1FFF
(1784925367.838111) can1 18FEF111#FF5017CCFFFF1FFF
(1784925367.883328) can1 18FEF111#FF7017CCFFFF1FFF
(1784925367.929593) can1 18FEF111#FF6817CCFFFF1FFF
(1784925367.973445) can1 18FEF111#FF7C17CCFFFF1FFF
(1784925368.020235) can1 18FEF111#FF7817CCFFFF1FFF
(1784925368.066051) can1 18FEF111#FF8417CCFFFF1FFF
(1784925368.147334) can1 18FEF111#FFEC16CCFFFF1FFF
(1784925368.194525) can1 18FEF111#FFE016CCFFFF1FFF
(1784925368.239404) can1 18FEF111#FF0017CCFFFF1FFF
(1784925368.284272) can1 18FEF111#FFEC16CCFFFF1FFF
(1784925368.328540) can1 18FEF111#FF1017CCFFFF1FFF
(1784925368.404190) can1 18FEF111#FF0C17CCFFFF1FFF
(1784925368.448753) can1 18FEF111#FF2417CCFFFF1FFF
(1784925368.513088) can1 18FEF111#FFAC16CCFFFF1FFF
(1784925368.602685) can1 18FEF111#FF8816CCFFFF1FFF
(1784925368.645090) can1 18FEF111#FF8416CCFFFF1FFF
(1784925368.718377) can1 18FEF111#FF6016CCFFFF1FFF
(1784925368.807359) can1 18FEF111#FF4416CCFFFF1FFF
(1784925368.868058) can1 18FEF111#FF8415CCFFFF1FFF
(1784925368.914802) can1 18FEF111#FF9C15CCFFFF1FFF
(1784925368.961203) can1 18FEF111#FF9015CCFFFF1FFF
(1784925369.034044) can1 18FEF111#FF7C15CCFFFF1FFF
(1784925369.079840) can1 18FEF111#FF8815CCFFFF1FFF
(1784925369.126827) can1 18FEF111#FF6015CCFFFF1FFF
(1784925369.175929) can1 18FEF111#FF6415CCFFFF1FFF
(1784925369.319222) can1 18FEF111#FFE814CCFFFF1FFF
(1784925369.364783) can1 18FEF111#FFF814CCFFFF1FFF
(1784925369.406689) can1 18FEF111#FFDC14CCFFFF1FFF
(1784925369.451372) can1 18FEF111#FFE414CCFFFF1FFF
(1784925369.590525) can1 18FEF111#FF9814CCFFFF1FFF
(1784925369.637308) can1 18FEF111#FF9414CCFFFF1FFF
(1784925369.682066) can1 18FEF111#FFA014CCFFFF1FFF
(1784925369.846809) can1 18FEF111#FF9C14CCFFFF1FFF
(1784925369.884921) can1 18FEF111#FF9814CCFFFF1FFF
(1784925369.954549) can1 18FEF111#FFB014CCFFFF1FFF
(1784925370.001137) can1 18FEF111#FFC014CCFFFF1FFF
(1784925370.071378) can1 18FEF111#FFBC14CCFFFF1FFF
(1784925370.115887) can1 18FEF111#FFE414CCFFFF1FFF
(1784925370.160942) can1 18FEF111#FFDC14CCFFFF1FFF
(1784925370.206785) can1 18FEF111#FFE814CCFFFF1FFF
(1784925370.245539) can1 18FEF111#FFEC14CCFFFF1FFF
(1784925370.300979) can1 18FEF111#FF5C15CCFFFF1FFF
(1784925370.345489) can1 18FEF111#FF7015CCFFFF1FFF
(1784925370.431746) can1 18FEF111#FF9415CCFFFF1FFF
(1784925370.551188) can1 18FEF111#FF8C15CCFFFF1FFF
(1784925370.601306) can1 18FEF111#FFA015CCFFFF1FFF
(1784925370.671696) can1 18FEF111#FFD015CCFFFF1FFF
(1784925370.745213) can1 18FEF111#FFF015CCFFFF1FFF
(1784925370.791373) can1 18FEF111#FFEC15CCFFFF1FFF
(1784925370.881041) can1 18FEF111#FFF815CCFFFF1FFF
(1784925370.926352) can1 18FEF111#FF1016CCFFFF1FFF
(1784925371.018027) can1 18FEF111#FF6816CCFFFF1FFF
(1784925371.062522) can1 18FEF111#FF5016CCFFFF1FFF
(1784925371.109185) can1 18FEF111#FF6816CCFFFF1FFF
(1784925371.153437) can1 18FEF111#FF6C16CCFFFF1FFF
(1784925371.271553) can1 18FEF111#FF7416CCFFFF1FFF
(1784925371.322135) can1 18FEF111#FF5816CCFFFF1FFF
(1784925371.378168) can1 18FEF111#FF1817CCFFFF1FFF
(1784925371.424912) can1 18FEF111#FF1C17CCFFFF1FFF
(1784925371.471016) can1 18FEF111#FF1017CCFFFF1FFF
(1784925371.514133) can1 18FEF111#FF1417CCFFFF1FFF
(1784925371.606412) can1 18FEF111#FF1817CCFFFF1FFF
(1784925371.737367) can1 18FEF111#FF9417CCFFFF1FFF
(1784925371.781532) can1 18FEF111#FF9817CCFFFF1FFF
(1784925371.871121) can1 18FEF111#FF8817CCFFFF1FFF
(1784925371.916448) can1 18FEF111#FF8017CCFFFF1FFF
(1784925371.961161) can1 18FEF111#FF7417CCFFFF1FFF
(1784925372.007318) can1 18FEF111#FF8417CCFFFF1FFF
(1784925372.098030) can1 18FEF111#FFA017CCFFFF1FFF
(1784925372.142773) can1 18FEF111#FF6C17CCFFFF1FFF
(1784925372.231868) can1 18FEF111#FF5017CCFFFF1FFF
(1784925372.278603) can1 18FEF111#FF5C17CCFFFF1FFF
(1784925372.458672) can1 18FEF111#FF4C16CCFFFF1FFF
(1784925372.502501) can1 18FEF111#FF5816CCFFFF1FFF
(1784925372.595524) can1 18FEF111#FF5016CCFFFF1FFF
(1784925372.638742) can1 18FEF111#FF3C16CCFFFF1FFF
(1784925372.683039) can1 18FEF111#FF2816CCFFFF1FFF
(1784925372.821197) can1 18FEF111#FFE815CCFFFF1FFF
(1784925372.865218) can1 18FEF111#FFFC15CCFFFF1FFF
(1784925372.912462) can1 18FEF111#FFF015CCFFFF1FFF
(1784925372.956418) can1 18FEF111#FFFC15CCFFFF1FFF
(1784925373.001991) can1 18FEF111#FFF415CCFFFF1FFF
(1784925373.044767) can1 18FEF111#FFE815CCFFFF1FFF
(1784925373.177867) can1 18FEF111#FFA015CCFFFF1FFF
(1784925373.223761) can1 18FEF111#FFAC15CCFFFF1FFF
(1784925373.271479) can1 18FEF111#FFA415CCFFFF1FFF
(1784925373.316462) can1 18FEF111#FF9415CCFFFF1FFF
(1784925373.361831) can1 18FEF111#FF9815CCFFFF1FFF
(1784925373.404417) can1 18FEF111#FF8015CCFFFF1FFF
(1784925373.478279) can1 18FEF111#FF9015CCFFFF1FFF
(1784925373.545840) can1 18FEF111#FFC815CCFFFF1FFF
(1784925373.587922) can1 18FEF111#FFF415CCFFFF1FFF
(1784925373.632147) can1 18FEF111#FFA815CCFFFF1FFF
(1784925373.675301) can1 18FEF111#FF7815CCFFFF1FFF
(1784925373.720619) can1 18FEF111#FF9415CCFFFF1FFF
(1784925373.794640) can1 18FEF111#FFB415CCFFFF1FFF
(1784925373.839552) can1 18FEF111#FFA415CCFFFF1FFF
(1784925373.898711) can1 18FEF111#FF3C15CCFFFF1FFF
(1784925373.945577) can1 18FEF111#FF2C15CCFFFF1FFF
(1784925373.992157) can1 18FEF111#FF3815CCFFFF1FFF
(1784925374.035931) can1 18FEF111#FF1015CCFFFF1FFF
(1784925374.086041) can1 18FEF111#FF1815CCFFFF1FFF
(1784925374.154194) can1 18FEF111#FF0815CCFFFF1FFF
(1784925374.262245) can1 18FEF111#FF9414CCFFFF1FFF
(1784925374.348860) can1 18FEF111#FF9814CCFFFF1FFF
(1784925374.394246) can1 18FEF111#FF6014CCFFFF1FFF
(1784925374.514257) can1 18FEF111#FF6814CCFFFF1FFF
(1784925374.559262) can1 18FEF111#FF5814CCFFFF1FFF
(1784925374.619282) can1 18FEF111#FFAC13CCFFFF1FFF
(1784925374.664764) can1 18FEF111#FFC013CCFFFF1FFF
(1784925374.753959) can1 18FEF111#FFA013CCFFFF1FFF
(1784925374.799319) can1 18FEF111#FFA813CCFFFF1FFF
(1784925374.873603) can1 18FEF111#FF9413CCFFFF1FFF
(1784925374.918481) can1 18FEF111#FFA413CCFFFF1FFF
(1784925374.977043) can1 18FEF111#FF2413CCFFFF1FFF
(1784925375.022611) can1 18FEF111#FF2813CCFFFF1FFF
(1784925375.070506) can1 18FEF111#FF2C13CCFFFF1FFF
(1784925375.116806) can1 18FEF111#FF1013CCFFFF1FFF
(1784925375.159892) can1 18FEF111#FF2C13CCFFFF1FFF
(1784925375.204176) can1 18FEF111#FF1C13CCFFFF1FFF
(1784925375.286607) can1 18FEF111#FF2813CCFFFF1FFF
(1784925375.350161) can1 18FEF111#FF7013CCFFFF1FFF
(1784925375.440884) can1 18FEF111#FF6C13CCFFFF1FFF
(1784925375.514415) can1 18FEF111#FF7C13CCFFFF1FFF
(1784925375.560441) can1 18FEF111#FF6813CCFFFF1FFF
(1784925375.606918) can1 18FEF111#FF6413CCFFFF1FFF
(1784925375.659739) can1 18FEF111#FF7413CCFFFF1FFF
(1784925375.798385) can1 18FEF111#FF6413CCFFFF1FFF
(1784925375.845398) can1 18FEF111#FF7013CCFFFF1FFF
(1784925375.889125) can1 18FEF111#FF7413CCFFFF1FFF
(1784925375.934186) can1 18FEF111#FF7013CCFFFF1FFF
(1784925376.069244) can1 18FEF111#FF5C13CCFFFF1FFF
(1784925376.114701) can1 18FEF111#FF7413CCFFFF1FFF
(1784925376.159827) can1 18FEF111#FF8013CCFFFF1FFF
(1784925376.206026) can1 18FEF111#FF7C13CCFFFF1FFF
(1784925376.250744) can1 18FEF111#FF8C13CCFFFF1FFF
(1784925376.296913) can1 18FEF111#FF9813CCFFFF1FFF
(1784925376.375147) can1 18FEF111#FFB413CCFFFF1FFF
(1784925376.441759) can1 18FEF111#FF3014CCFFFF1FFF
(1784925376.488176) can1 18FEF111#FF4814CCFFFF1FFF
(1784925376.533530) can1 18FEF111#FF4C14CCFFFF1FFF
(1784925376.572554) can1 18FEF111#FF4414CCFFFF1FFF
(1784925376.648142) can1 18FEF111#FF5814CCFFFF1FFF
(1784925376.693850) can1 18FEF111#FF6014CCFFFF1FFF
(1784925376.745203) can1 18FEF111#FF7414CCFFFF1FFF
(1784925376.841716) can1 18FEF111#FFF413CCFFFF1FFF
(1784925376.887768) can1 18FEF111#FFEC13CCFFFF1FFF
(1784925376.931151) can1 18FEF111#FFE813CCFFFF1FFF
(1784925376.977806) can1 18FEF111#FFD813CCFFFF1FFF
(1784925377.021646) can1 18FEF111#FFC413CCFFFF1FFF
(1784925377.202334) can1 18FEF111#FF8813CCFFFF1FFF
(1784925377.247501) can1 18FEF111#FF8013CCFFFF1FFF
(1784925377.292131) can1 18FEF111#FF7C13CCFFFF1FFF
(1784925377.382268) can1 18FEF111#FF8013CCFFFF1FFF
(1784925377.428073) can1 18FEF111#FF8C13CCFFFF1FFF
(1784925377.518832) can1 18FEF111#FF6813CCFFFF1FFF
(1784925377.562368) can1 18FEF111#FF6013CCFFFF1FFF
(1784925377.610614) can1 18FEF111#FF7413CCFFFF1FFF
(1784925377.654501) can1 18FEF111#FF6413CCFFFF1FFF
(1784925377.698880) can1 18FEF111#FF6013CCFFFF1FFF
(1784925377.788214) can1 18FEF111#FF6C13CCFFFF1FFF
(1784925377.882405) can1 18FEF111#FFF813CCFFFF1FFF
(1784925377.928521) can1 18FEF111#FF0414CCFFFF1FFF
(1784925378.018457) can1 18FEF111#FF0814CCFFFF1FFF
(1784925378.060901) can1 18FEF111#FF1014CCFFFF1FFF
(1784925378.104976) can1 18FEF111#FF0014CCFFFF1FFF
(1784925378.173329) can1 18FEF111#FFFC13CCFFFF1FFF
(1784925378.244882) can1 18FEF111#FF6013CCFFFF1FFF
(1784925378.319266) can1 18FEF111#FF5013CCFFFF1FFF
(1784925378.363842) can1 18FEF111#FF5813CCFFFF1FFF
(1784925378.408012) can1 18FEF111#FF6413CCFFFF1FFF
(1784925378.453674) can1 18FEF111#FF6013CCFFFF1FFF
(1784925378.499892) can1 18FEF111#FF5413CCFFFF1FFF
(1784925378.668091) can1 18FEF111#FFD016CCFFFF1FFF
(1784925378.801176) can1 18FEF111#FF6816CCFFFF1FFF
(1784925378.847218) can1 18FEF111#FF3016CCFFFF1FFF
(1784925378.976537) can1 18FEF111#FFA016CCFFFF1FFF
(1784925379.022626) can1 18FEF111#FFC016CCFFFF1FFF
(1784925379.068304) can1 18FEF111#FFE416CCFFFF1FFF
(1784925379.110840) can1 18FEF111#FF1817CCFFFF1FFF
(1784925379.156224) can1 18FEF111#FF1C17CCFFFF1FFF
(1784925379.200661) can1 18FEF111#FF2C17CCFFFF1FFF
(1784925379.322531) can1 18FEF111#FF1C19CCFFFF1FFF
(1784925379.368838) can1 18FEF111#FF0419CCFFFF1FFF
(1784925379.413232) can1 18FEF111#FF1019CCFFFF1FFF
(1784925379.499979) can1 18FEF111#FF0C19CCFFFF1FFF
(1784925379.638709) can1 18FEF111#FFA818CCFFFF1FFF
(1784925379.684261) can1 18FEF111#FF8418CCFFFF1FFF
(1784925379.730145) can1 18FEF111#FF7C18CCFFFF1FFF
(1784925379.774821) can1 18FEF111#FF8818CCFFFF1FFF
(1784925379.820100) can1 18FEF111#FF8418CCFFFF1FFF
(1784925379.865023) can1 18FEF111#FF6818CCFFFF1FFF
(1784925379.937632) can1 18FEF111#FF7018CCFFFF1FFF
(1784925379.998579) can1 18FEF111#FFC817CCFFFF1FFF
(1784925380.088283) can1 18FEF111#FFC017CCFFFF1FFF
(1784925380.131651) can1 18FEF111#FFAC17CCFFFF1FFF
(1784925380.178833) can1 18FEF111#FFC417CCFFFF1FFF
(1784925380.223389) can1 18FEF111#FFA017CCFFFF1FFF
(1784925380.358119) can1 18FEF111#FF2815CCFFFF1FFF
(1784925380.403104) can1 18FEF111#FF1415CCFFFF1FFF
(1784925380.448286) can1 18FEF111#FF1815CCFFFF1FFF
(1784925380.493878) can1 18FEF111#FF0C15CCFFFF1FFF
(1784925380.539955) can1 18FEF111#FFFC14CCFFFF1FFF
(1784925380.585102) can1 18FEF111#FFE014CCFFFF1FFF
(1784925380.658076) can1 18FEF111#FFD014CCFFFF1FFF
(1784925380.718032) can1 18FEF111#FFE815CCFFFF1FFF
(1784925380.761886) can1 18FEF111#FFF815CCFFFF1FFF
(1784925380.808762) can1 18FEF111#FF2416CCFFFF1FFF
(1784925380.852517) can1 18FEF111#FF3016CCFFFF1FFF
(1784925380.896997) can1 18FEF111#FF1C16CCFFFF1FFF
(1784925380.942557) can1 18FEF111#FF4C16CCFFFF1FFF
(1784925380.987868) can1 18FEF111#FF6416CCFFFF1FFF
(1784925381.077818) can1 18FEF111#FF2C17CCFFFF1FFF
(1784925381.124600) can1 18FEF111#FF2017CCFFFF1FFF
(1784925381.171320) can1 18FEF111#FF1017CCFFFF1FFF
(1784925381.213311) can1 18FEF111#FFEC16CCFFFF1FFF
(1784925381.258621) can1 18FEF111#FFD016CCFFFF1FFF
(1784925381.306682) can1 18FEF111#FF7816CCFFFF1FFF
(1784925381.374071) can1 18FEF111#FF4016CCFFFF1FFF
(1784925381.476146) can1 18FEF111#FF3816CCFFFF1FFF
(1784925381.521255) can1 18FEF111#FF5016CCFFFF1FFF
(1784925381.566265) can1 18FEF111#FF4016CCFFFF1FFF
(1784925381.609508) can1 18FEF111#FF4816CCFFFF1FFF
(1784925381.653589) can1 18FEF111#FF3016CCFFFF1FFF
(1784925381.791147) can1 18FEF111#FFBC14CCFFFF1FFF
(1784925381.836319) can1 18FEF111#FF9C14CCFFFF1FFF
(1784925381.880951) can1 18FEF111#FF8414CCFFFF1FFF
(1784925381.924634) can1 18FEF111#FF6414CCFFFF1FFF
(1784925382.061547) can1 18FEF111#FF2414CCFFFF1FFF
(1784925382.140732) can1 18FEF111#FF4C14CCFFFF1FFF
(1784925382.213933) can1 18FEF111#FF2814CCFFFF1FFF
(1784925382.259751) can1 18FEF111#FF3C14CCFFFF1FFF
(1784925382.303894) can1 18FEF111#FF3014CCFFFF1FFF
(1784925382.348784) can1 18FEF111#FF2414CCFFFF1FFF
(1784925382.394144) can1 18FEF111#FF3414CCFFFF1FFF
(1784925382.439200) can1 18FEF111#FF1C14CCFFFF1FFF
(1784925382.489338) can1 18FEF111#FFD013CCFFFF1FFF
(1784925382.535361) can1 18FEF111#FFDC13CCFFFF1FFF
(1784925382.580535) can1 18FEF111#FFE013CCFFFF1FFF
(1784925382.719258) can1 18FEF111#FFE813CCFFFF1FFF
(1784925382.784197) can1 18FEF111#FFDC13CCFFFF1FFF
(1784925382.850942) can1 18FEF111#FF0415CCFFFF1FFF
(1784925382.894794) can1 18FEF111#FF0815CCFFFF1FFF
(1784925382.941102) can1 18FEF111#FF2815CCFFFF1FFF
(1784925382.986900) can1 18FEF111#FF5015CCFFFF1FFF
(1784925383.060120) can1 18FEF111#FF3C15CCFFFF1FFF
(1784925383.107601) can1 18FEF111#FF5C15CCFFFF1FFF
(1784925383.151546) can1 18FEF111#FF6015CCFFFF1FFF
(1784925383.257292) can1 18FEF111#FFD415CCFFFF1FFF
(1784925383.374778) can1 18FEF111#FFEC15CCFFFF1FFF
(1784925383.418091) can1 18FEF111#FFE015CCFFFF1FFF
(1784925383.462959) can1 18FEF111#FFF415CCFFFF1FFF
(1784925383.506071) can1 18FEF111#FF0016CCFFFF1FFF
(1784925383.571081) can1 18FEF111#FF0417CCFFFF1FFF
(1784925383.665307) can1 18FEF111#FFFC16CCFFFF1FFF
(1784925383.737167) can1 18FEF111#FF1017CCFFFF1FFF
(1784925383.782111) can1 18FEF111#FF2417CCFFFF1FFF
(1784925383.829239) can1 18FEF111#FF2017CCFFFF1FFF
(1784925383.867010) can1 18FEF111#FF2417CCFFFF1FFF
(1784925383.921282) can1 18FEF111#FF7817CCFFFF1FFF
(1784925384.011799) can1 18FEF111#FF6417CCFFFF1FFF
(1784925384.054196) can1 18FEF111#FF4817CCFFFF1FFF
(1784925384.099527) can1 18FEF111#FF5817CCFFFF1FFF
(1784925384.143936) can1 18FEF111#FF6817CCFFFF1FFF
(1784925384.188683) can1 18FEF111#FF7C17CCFFFF1FFF
(1784925384.278383) can1 18FEF111#FF2C18CCFFFF1FFF
(1784925384.323262) can1 18FEF111#FF3818CCFFFF1FFF
(1784925384.370537) can1 18FEF111#FF2C18CCFFFF1FFF
(1784925384.414119) can1 18FEF111#FF1C18CCFFFF1FFF
(1784925384.458015) can1 18FEF111#FF1818CCFFFF1FFF
(1784925384.502731) can1 18FEF111#FF2018CCFFFF1FFF
(1784925384.547187) can1 18FEF111#FF1018CCFFFF1FFF
(1784925384.674858) can1 18FEF111#FFC815CCFFFF1FFF
(1784925384.718490) can1 18FEF111#FFB815CCFFFF1FFF
(1784925384.763591) can1 18FEF111#FFC015CCFFFF1FFF
(1784925384.807133) can1 18FEF111#FFA015CCFFFF1FFF
(1784925384.853098) can1 18FEF111#FF9015CCFFFF1FFF
(1784925384.895893) can1 18FEF111#FF8015CCFFFF1FFF
(1784925384.989295) can1 18FEF111#FF6415CCFFFF1FFF
(1784925385.037526) can1 18FEF111#FF6C15CCFFFF1FFF
(1784925385.081375) can1 18FEF111#FF6815CCFFFF1FFF
(1784925385.196712) can1 18FEF111#FF1815CCFFFF1FFF
(1784925385.241692) can1 18FEF111#FFD014CCFFFF1FFF
(1784925385.283658) can1 18FEF111#FF6014CCFFFF1FFF
(1784925385.353669) can1 18FEF111#FF8C14CCFFFF1FFF
(1784925385.398685) can1 18FEF111#FF9414CCFFFF1FFF
(1784925385.437870) can1 18FEF111#FFA814CCFFFF1FFF
(1784925385.482647) can1 18FEF111#FFA414CCFFFF1FFF
(1784925385.525638) can1 18FEF111#FFB414CCFFFF1FFF
(1784925385.700116) can1 18FEF111#FF8813CCFFFF1FFF
(1784925385.746164) can1 18FEF111#FF8C13CCFFFF1FFF
(1784925385.924654) can1 18FEF111#FF9C13CCFFFF1FFF
(1784925385.967516) can1 18FEF111#FFA413CCFFFF1FFF
(1784925386.090349) can1 18FEF111#FF0014CCFFFF1FFF
(1784925386.133832) can1 18FEF111#FF0814CCFFFF1FFF
(1784925386.181152) can1 18FEF111#FF0C14CCFFFF1FFF
(1784925386.224352) can1 18FEF111#FF0814CCFFFF1FFF
(1784925386.269399) can1 18FEF111#FFFC13CCFFFF1FFF
(1784925386.314505) can1 18FEF111#FF0414CCFFFF1FFF
(1784925386.411675) can1 18FEF111#FFA812CCFFFF1FFF
(1784925386.459840) can1 18FEF111#FFC012CCFFFF1FFF
(1784925386.505563) can1 18FEF111#FFF412CCFFFF1FFF
(1784925386.549733) can1 18FEF111#FF4013CCFFFF1FFF
(1784925386.593197) can1 18FEF111#FF8813CCFFFF1FFF
(1784925386.666067) can1 18FEF111#FF9813CCFFFF1FFF
(1784925386.704093) can1 18FEF111#FFD413CCFFFF1FFF
(1784925386.776135) can1 18FEF111#FF3413CCFFFF1FFF
(1784925386.850445) can1 18FEF111#FF1813CCFFFF1FFF
(1784925386.893777) can1 18FEF111#FFF812CCFFFF1FFF
(1784925386.983320) can1 18FEF111#FFD812CCFFFF1FFF
(1784925387.030912) can1 18FEF111#FFC412CCFFFF1FFF
(1784925387.117742) can1 18FEF111#FFAC12CCFFFF1FFF
(1784925387.165250) can1 18FEF111#FF9C12CCFFFF1FFF
(1784925387.253237) can1 18FEF111#FF9812CCFFFF1FFF
(1784925387.326134) can1 18FEF111#FFAC12CCFFFF1FFF
(1784925387.420550) can1 18FEF111#FFB012CCFFFF1FFF
(1784925387.479343) can1 18FEF111#FFA412CCFFFF1FFF
(1784925387.523385) can1 18FEF111#FF9C12CCFFFF1FFF
(1784925387.569970) can1 18FEF111#FF9812CCFFFF1FFF
(1784925387.615471) can1 18FEF111#FF8C12CCFFFF1FFF
(1784925387.662095) can1 18FEF111#FF9C12CCFFFF1FFF
(1784925387.735679) can1 18FEF111#FF8812CCFFFF1FFF
(1784925387.785724) can1 18FEF111#FF8412CCFFFF1FFF
(1784925387.852596) can1 18FEF111#FF980FCCFFFF1FFF
(1784925387.901465) can1 18FEF111#FF940FCCFFFF1FFF
(1784925387.969916) can1 18FEF111#FF800FCCFFFF1FFF
(1784925388.015381) can1 18FEF111#FF700FCCFFFF1FFF
(1784925388.059025) can1 18FEF111#FF6C0FCCFFFF1FFF
(1784925388.103271) can1 18FEF111#FF5C0FCCFFFF1FFF
(1784925388.193941) can1 18FEF111#FF6C0ECCFFFF1FFF
(1784925388.238286) can1 18FEF111#FF680ECCFFFF1FFF
(1784925388.328562) can1 18FEF111#FF740ECCFFFF1FFF
(1784925388.415744) can1 18FEF111#FF680ECCFFFF1FFF
(1784925388.543318) can1 18FEF111#FF340DCCFFFF1FFF
(1784925388.630827) can1 18FEF111#FF440DCCFFFF1FFF
(1784925388.710102) can1 18FEF111#FF480DCCFFFF1FFF
(1784925388.753687) can1 18FEF111#FF500DCCFFFF1FFF
(1784925388.841534) can1 18FEF111#FF600DCCFFFF1FFF
(1784925388.894098) can1 18FEF111#FF100CCCFFFF1FFF
(1784925388.937592) can1 18FEF111#FF180CCCFFFF1FFF
(1784925389.026917) can1 18FEF111#FF200CCCFFFF1FFF
(1784925389.148046) can1 18FEF111#FF100CCCFFFF1FFF
(1784925389.191324) can1 18FEF111#FF0C0CCCFFFF1FFF
(1784925389.244139) can1 18FEF111#FF140ACCFFFF1FFF
(1784925389.288013) can1 18FEF111#FFEC09CCFFFF1FFF
(1784925389.331594) can1 18FEF111#FFD409CCFFFF1FFF
(1784925389.376961) can1 18FEF111#FFB809CCFFFF1FFF
(1784925389.420247) can1 18FEF111#FF9009CCFFFF1FFF
(1784925389.464717) can1 18FEF111#FF8409CCFFFF1FFF
(1784925389.508644) can1 18FEF111#FF5C09CCFFFF1FFF
(1784925389.596137) can1 18FEF111#FFCC06CCFFFF1FFF
(1784925389.640189) can1 18FEF111#FFA806CCFFFF1FFF
(1784925389.684825) can1 18FEF111#FF9C06CCFFFF1FFF
(1784925389.730112) can1 18FEF111#FF8406CCFFFF1FFF
(1784925389.774529) can1 18FEF111#FF6806CCFFFF1FFF
(1784925389.895661) can1 18FEF111#FF4006CCFFFF1FFF
(1784925389.990179) can1 18FEF111#FF6003CCFFFF1FFF
(1784925390.034380) can1 18FEF111#FF2803CCFFFF1FFF
(1784925390.079773) can1 18FEF111#FF0C03CCFFFF1FFF
(1784925390.123773) can1 18FEF111#FFF002CCFFFF1FFF
(1784925390.168230) can1 18FEF111#FFE002CCFFFF1FFF
(1784925390.303995) can1 18FEF111#FF0000CCFFFF1FFF
