time,ts,utm_x,utm_y,z,utm_zone_n,utm_zone_l,heading,inx_x,inx_y,inx_z,inx_yaw,raw
1786745789916,E73D380000000000,C236B701,45C6B333,929D0000,12000000,4C000000,89190000,00000000,00000000,00000000,76FDFFFF,E73D380000000000C236B70145C6B333929D0000120000004C0000008919000000000000000000000000000076FDFFFF
1786745789916,4B3E380000000000,C236B701,45C6B333,929D0000,12000000,4C000000,89190000,00000000,00000000,00000000,76FDFFFF,4B3E380000000000C236B70145C6B333929D0000120000004C0000008919000000000000000000000000000076FDFFFF
1786745790916,B03E380000000000,C236B701,45C6B333,929D0000,12000000,4C000000,89190000,00000000,00000000,00000000,76FDFFFF,B03E380000000000C236B70145C6B333929D0000120000004C0000008919000000000000000000000000000076FDFFFF
1786745790916,143F380000000000,C236B701,45C6B333,929D0000,12000000,4C000000,89190000,00000000,00000000,00000000,76FDFFFF,143F380000000000C236B70145C6B333929D0000120000004C0000008919000000000000000000000000000076FDFFFF
1786745790916,773F380000000000,C236B701,45C6B333,929D0000,12000000,4C000000,89190000,00000000,00000000,00000000,76FDFFFF,773F380000000000C236B70145C6B333929D0000120000004C0000008919000000000000000000000000000076FDFFFF
1786745790916,DC3F380000000000,C236B701,45C6B333,929D0000,12000000,4C000000,89190000,00000000,00000000,00000000,76FDFFFF,DC3F380000000000C236B70145C6B333929D0000120000004C0000008919000000000000000000000000000076FDFFFF
1786745790916,4040380000000000,C236B701,45C6B333,929D0000,12000000,4C000000,89190000,00000000,00000000,00000000,76FDFFFF,4040380000000000C236B70145C6B333929D0000120000004C0000008919000000000000000000000000000076FDFFFF
1786745790916,A540380000000000,C236B701,45C6B333,929D0000,12000000,4C000000,89190000,00000000,00000000,00000000,76FDFFFF,A540380000000000C236B70145C6B333929D0000120000004C0000008919000000000000000000000000000076FDFFFF
1786745790916,0841380000000000,C236B701,45C6B333,929D0000,12000000,4C000000,89190000,00000000,00000000,00000000,76FDFFFF,0841380000000000C236B70145C6B333929D0000120000004C0000008919000000000000000000000000000076FDFFFF
1786745790916,6C41380000000000,C236B701,45C6B333,929D0000,12000000,4C000000,89190000,00000000,00000000,00000000,76FDFFFF,6C41380000000000C236B70145C6B333929D0000120000004C0000008919000000000000000000000000000076FDFFFF
1786745790916,D041380000000000,C236B701,45C6B333,929D0000,12000000,4C000000,88190000,00000000,00000000,00000000,75FDFFFF,D041380000000000C236B70145C6B333929D0000120000004C0000008819000000000000000000000000000075FDFFFF
1786745790916,3442380000000000,C236B701,45C6B333,929D0000,12000000,4C000000,88190000,00000000,00000000,00000000,75FDFFFF,3442380000000000C236B70145C6B333929D0000120000004C0000008819000000000000000000000000000075FDFFFF
1786745791916,9942380000000000,C236B701,45C6B333,929D0000,12000000,4C000000,88190000,00000000,00000000,00000000,75FDFFFF,9942380000000000C236B70145C6B333929D0000120000004C0000008819000000000000000000000000000075FDFFFF
1786745791916,FD42380000000000,C236B701,45C6B333,929D0000,12000000,4C000000,88190000,00000000,00000000,00000000,75FDFFFF,FD42380000000000C236B70145C6B333929D0000120000004C0000008819000000000000000000000000000075FDFFFF
1786745791916,6143380000000000,C236B701,45C6B333,929D0000,12000000,4C000000,88190000,00000000,00000000,00000000,75FDFFFF,6143380000000000C236B70145C6B333929D0000120000004C0000008819000000000000000000000000000075FDFFFF
1786745791916,C543380000000000,C236B701,45C6B333,929D0000,12000000,4C000000,88190000,00000000,00000000,00000000,75FDFFFF,C543380000000000C236B70145C6B333929D0000120000004C0000008819000000000000000000000000000075FDFFFF
1786745791916,2944380000000000,C236B701,45C6B333,929D0000,12000000,4C000000,88190000,00000000,00000000,00000000,75FDFFFF,2944380000000000C236B70145C6B333929D0000120000004C0000008819000000000000000000000000000075FDFFFF
1786745791916,8D44380000000000,C236B701,45C6B333,929D0000,12000000,4C000000,88190000,00000000,00000000,00000000,75FDFFFF,8D44380000000000C236B70145C6B333929D0000120000004C0000008819000000000000000000000000000075FDFFFF
1786745791916,F144380000000000,C236B701,45C6B333,929D0000,12000000,4C000000,88190000,00000000,00000000,00000000,75FDFFFF,F144380000000000C236B70145C6B333929D0000120000004C0000008819000000000000000000000000000075FDFFFF
1786745791916,5645380000000000,C236B701,45C6B333,929D0000,12000000,4C000000,88190000,00000000,00000000,00000000,75FDFFFF,5645380000000000C236B70145C6B333929D0000120000004C0000008819000000000000000000000000000075FDFFFF
1786745791916,BA45380000000000,C236B701,45C6B333,929D0000,12000000,4C000000,88190000,00000000,00000000,00000000,75FDFFFF,BA45380000000000C236B70145C6B333929D0000120000004C0000008819000000000000000000000000000075FDFFFF
1786745791916,1E46380000000000,C236B701,45C6B333,929D0000,12000000,4C000000,88190000,00000000,00000000,00000000,75FDFFFF,1E46380000000000C236B70145C6B333929D0000120000004C0000008819000000000000000000000000000075FDFFFF
1786745792916,8246380000000000,C236B701,45C6B333,929D0000,12000000,4C000000,88190000,00000000,00000000,00000000,75FDFFFF,8246380000000000C236B70145C6B333929D0000120000004C0000008819000000000000000000000000000075FDFFFF
1786745792916,E746380000000000,C236B701,45C6B333,929D0000,12000000,4C000000,88190000,00000000,00000000,00000000,75FDFFFF,E746380000000000C236B70145C6B333929D0000120000004C0000008819000000000000000000000000000075FDFFFF
1786745792916,4A47380000000000,C236B701,45C6B333,929D0000,12000000,4C000000,88190000,00000000,00000000,00000000,75FDFFFF,4A47380000000000C236B70145C6B333929D0000120000004C0000008819000000000000000000000000000075FDFFFF
1786745792916,AE47380000000000,C236B701,45C6B333,929D0000,12000000,4C000000,87190000,00000000,00000000,00000000,74FDFFFF,AE47380000000000C236B70145C6B333929D0000120000004C0000008719000000000000000000000000000074FDFFFF
1786745792916,1348380000000000,C236B701,45C6B333,929D0000,12000000,4C000000,87190000,00000000,00000000,00000000,74FDFFFF,1348380000000000C236B70145C6B333929D0000120000004C0000008719000000000000000000000000000074FDFFFF
1786745792916,7748380000000000,C236B701,45C6B333,929D0000,12000000,4C000000,87190000,00000000,00000000,00000000,74FDFFFF,7748380000000000C236B70145C6B333929D0000120000004C0000008719000000000000000000000000000074FDFFFF
1786745792916,DB48380000000000,C236B701,45C6B333,929D0000,12000000,4C000000,87190000,00000000,00000000,00000000,74FDFFFF,DB48380000000000C236B70145C6B333929D0000120000004C0000008719000000000000000000000000000074FDFFFF
1786745792916,3F49380000000000,C236B701,45C6B333,929D0000,12000000,4C000000,87190000,00000000,00000000,00000000,74FDFFFF,3F49380000000000C236B70145C6B333929D0000120000004C0000008719000000000000000000000000000074FDFFFF
1786745792916,A349380000000000,C236B701,45C6B333,929D0000,12000000,4C000000,87190000,00000000,00000000,00000000,74FDFFFF,A349380000000000C236B70145C6B333929D0000120000004C0000008719000000000000000000000000000074FDFFFF
1786745792916,074A380000000000,C236B701,45C6B333,929D0000,12000000,4C000000,87190000,00000000,00000000,00000000,74FDFFFF,074A380000000000C236B70145C6B333929D0000120000004C0000008719000000000000000000000000000074FDFFFF
1786745793916,6C4A380000000000,C236B701,45C6B333,929D0000,12000000,4C000000,87190000,00000000,00000000,00000000,74FDFFFF,6C4A380000000000C236B70145C6B333929D0000120000004C0000008719000000000000000000000000000074FDFFFF
1786745793916,CF4A380000000000,C236B701,45C6B333,929D0000,12000000,4C000000,87190000,00000000,00000000,00000000,74FDFFFF,CF4A380000000000C236B70145C6B333929D0000120000004C0000008719000000000000000000000000000074FDFFFF
1786745793916,344B380000000000,C236B701,45C6B333,929D0000,12000000,4C000000,87190000,00000000,00000000,00000000,74FDFFFF,344B380000000000C236B70145C6B333929D0000120000004C0000008719000000000000000000000000000074FDFFFF
1786745793916,984B380000000000,C236B701,45C6B333,929D0000,12000000,4C000000,87190000,00000000,00000000,00000000,74FDFFFF,984B380000000000C236B70145C6B333929D0000120000004C0000008719000000000000000000000000000074FDFFFF
1786745793916,FC4B380000000000,C236B701,45C6B333,929D0000,12000000,4C000000,87190000,00000000,00000000,00000000,74FDFFFF,FC4B380000000000C236B70145C6B333929D0000120000004C0000008719000000000000000000000000000074FDFFFF
1786745793916,604C380000000000,C236B701,45C6B333,929D0000,12000000,4C000000,87190000,00000000,00000000,00000000,74FDFFFF,604C380000000000C236B70145C6B333929D0000120000004C0000008719000000000000000000000000000074FDFFFF
1786745793916,C44C380000000000,C236B701,45C6B333,929D0000,12000000,4C000000,87190000,00000000,00000000,00000000,74FDFFFF,C44C380000000000C236B70145C6B333929D0000120000004C0000008719000000000000000000000000000074FDFFFF
1786745793916,284D380000000000,C236B701,45C6B333,929D0000,12000000,4C000000,87190000,00000000,00000000,00000000,74FDFFFF,284D380000000000C236B70145C6B333929D0000120000004C0000008719000000000000000000000000000074FDFFFF
1786745793916,8C4D380000000000,C236B701,45C6B333,929D0000,12000000,4C000000,87190000,00000000,00000000,00000000,74FDFFFF,8C4D380000000000C236B70145C6B333929D0000120000004C0000008719000000000000000000000000000074FDFFFF
1786745793916,F14D380000000000,C236B701,45C6B333,929D0000,12000000,4C000000,87190000,00000000,00000000,00000000,74FDFFFF,F14D380000000000C236B70145C6B333929D0000120000004C0000008719000000000000000000000000000074FDFFFF
1786745794916,554E380000000000,C236B701,45C6B333,929D0000,12000000,4C000000,87190000,00000000,00000000,00000000,74FDFFFF,554E380000000000C236B70145C6B333929D0000120000004C0000008719000000000000000000000000000074FDFFFF
1786745794916,BA4E380000000000,C236B701,45C6B333,929D0000,12000000,4C000000,87190000,00000000,00000000,00000000,74FDFFFF,BA4E380000000000C236B70145C6B333929D0000120000004C0000008719000000000000000000000000000074FDFFFF
1786745794916,1D4F380000000000,C236B701,45C6B333,929D0000,12000000,4C000000,87190000,00000000,00000000,00000000,74FDFFFF,1D4F380000000000C236B70145C6B333929D0000120000004C0000008719000000000000000000000000000074FDFFFF
1786745794916,814F380000000000,C236B701,45C6B333,929D0000,12000000,4C000000,86190000,00000000,00000000,00000000,73FDFFFF,814F380000000000C236B70145C6B333929D0000120000004C0000008619000000000000000000000000000073FDFFFF
1786745794916,E54F380000000000,C236B701,45C6B333,929D0000,12000000,4C000000,86190000,00000000,00000000,00000000,73FDFFFF,E54F380000000000C236B70145C6B333929D0000120000004C0000008619000000000000000000000000000073FDFFFF
1786745794916,4950380000000000,C236B701,45C6B333,929D0000,12000000,4C000000,86190000,00000000,00000000,00000000,73FDFFFF,4950380000000000C236B70145C6B333929D0000120000004C0000008619000000000000000000000000000073FDFFFF
1786745794916,AD50380000000000,C236B701,45C6B333,929D0000,12000000,4C000000,86190000,00000000,00000000,00000000,73FDFFFF,AD50380000000000C236B70145C6B333929D0000120000004C0000008619000000000000000000000000000073FDFFFF
1786745794916,1151380000000000,C236B701,45C6B333,929D0000,12000000,4C000000,86190000,00000000,00000000,00000000,73FDFFFF,1151380000000000C236B70145C6B333929D0000120000004C0000008619000000000000000000000000000073FDFFFF
1786745794916,7651380000000000,C236B701,45C6B333,929D0000,12000000,4C000000,86190000,00000000,00000000,00000000,73FDFFFF,7651380000000000C236B70145C6B333929D0000120000004C0000008619000000000000000000000000000073FDFFFF
1786745794916,DA51380000000000,C236B701,45C6B333,929D0000,12000000,4C000000,86190000,00000000,00000000,00000000,73FDFFFF,DA51380000000000C236B70145C6B333929D0000120000004C0000008619000000000000000000000000000073FDFFFF
1786745795916,3E52380000000000,C236B701,45C6B333,929D0000,12000000,4C000000,86190000,00000000,00000000,00000000,73FDFFFF,3E52380000000000C236B70145C6B333929D0000120000004C0000008619000000000000000000000000000073FDFFFF
1786745795916,A252380000000000,C236B701,45C6B333,929D0000,12000000,4C000000,86190000,00000000,00000000,00000000,73FDFFFF,A252380000000000C236B70145C6B333929D0000120000004C0000008619000000000000000000000000000073FDFFFF
1786745795916,0653380000000000,C236B701,45C6B333,929D0000,12000000,4C000000,86190000,00000000,00000000,00000000,73FDFFFF,0653380000000000C236B70145C6B333929D0000120000004C0000008619000000000000000000000000000073FDFFFF
1786745795916,6A53380000000000,C236B701,45C6B333,929D0000,12000000,4C000000,86190000,00000000,00000000,00000000,73FDFFFF,6A53380000000000C236B70145C6B333929D0000120000004C0000008619000000000000000000000000000073FDFFFF
1786745795916,CE53380000000000,C236B701,45C6B333,929D0000,12000000,4C000000,86190000,00000000,00000000,00000000,73FDFFFF,CE53380000000000C236B70145C6B333929D0000120000004C0000008619000000000000000000000000000073FDFFFF
1786745795916,3E54380000000000,C236B701,45C6B333,929D0000,12000000,4C000000,86190000,00000000,00000000,00000000,73FDFFFF,3E54380000000000C236B70145C6B333929D0000120000004C0000008619000000000000000000000000000073FDFFFF
1786745795916,9754380000000000,C236B701,45C6B333,929D0000,12000000,4C000000,85190000,00000000,00000000,00000000,72FDFFFF,9754380000000000C236B70145C6B333929D0000120000004C0000008519000000000000000000000000000072FDFFFF
1786745795916,FC54380000000000,C236B701,45C6B333,929D0000,12000000,4C000000,86190000,00000000,00000000,00000000,73FDFFFF,FC54380000000000C236B70145C6B333929D0000120000004C0000008619000000000000000000000000000073FDFFFF
1786745795916,5F55380000000000,C236B701,45C6B333,929D0000,12000000,4C000000,85190000,00000000,00000000,00000000,72FDFFFF,5F55380000000000C236B70145C6B333929D0000120000004C0000008519000000000000000000000000000072FDFFFF
1786745795916,C455380000000000,C236B701,45C6B333,929D0000,12000000,4C000000,85190000,00000000,00000000,00000000,72FDFFFF,C455380000000000C236B70145C6B333929D0000120000004C0000008519000000000000000000000000000072FDFFFF
1786745796916,2956380000000000,C236B701,45C6B333,929D0000,12000000,4C000000,85190000,00000000,00000000,00000000,72FDFFFF,2956380000000000C236B70145C6B333929D0000120000004C0000008519000000000000000000000000000072FDFFFF
1786745796916,8C56380000000000,C236B701,45C6B333,929D0000,12000000,4C000000,85190000,00000000,00000000,00000000,72FDFFFF,8C56380000000000C236B70145C6B333929D0000120000004C0000008519000000000000000000000000000072FDFFFF
1786745796916,EF56380000000000,C236B701,45C6B333,929D0000,12000000,4C000000,85190000,00000000,00000000,00000000,72FDFFFF,EF56380000000000C236B70145C6B333929D0000120000004C0000008519000000000000000000000000000072FDFFFF
1786745796916,5457380000000000,C236B701,45C6B333,929D0000,12000000,4C000000,85190000,00000000,00000000,00000000,72FDFFFF,5457380000000000C236B70145C6B333929D0000120000004C0000008519000000000000000000000000000072FDFFFF
1786745796916,B857380000000000,C236B701,45C6B333,929D0000,12000000,4C000000,85190000,00000000,00000000,00000000,72FDFFFF,B857380000000000C236B70145C6B333929D0000120000004C0000008519000000000000000000000000000072FDFFFF
1786745796916,1C58380000000000,C236B701,45C6B333,929D0000,12000000,4C000000,85190000,00000000,00000000,00000000,72FDFFFF,1C58380000000000C236B70145C6B333929D0000120000004C0000008519000000000000000000000000000072FDFFFF
1786745796916,8058380000000000,C236B701,45C6B333,929D0000,12000000,4C000000,85190000,00000000,00000000,00000000,72FDFFFF,8058380000000000C236B70145C6B333929D0000120000004C0000008519000000000000000000000000000072FDFFFF
1786745796916,E558380000000000,C236B701,45C6B333,929D0000,12000000,4C000000,85190000,00000000,00000000,00000000,72FDFFFF,E558380000000000C236B70145C6B333929D0000120000004C0000008519000000000000000000000000000072FDFFFF
1786745796916,4859380000000000,C236B701,45C6B333,929D0000,12000000,4C000000,85190000,00000000,00000000,00000000,72FDFFFF,4859380000000000C236B70145C6B333929D0000120000004C0000008519000000000000000000000000000072FDFFFF
1786745796916,AC59380000000000,C236B701,45C6B333,929D0000,12000000,4C000000,85190000,00000000,00000000,00000000,72FDFFFF,AC59380000000000C236B70145C6B333929D0000120000004C0000008519000000000000000000000000000072FDFFFF
1786745797917,115A380000000000,C236B701,45C6B333,929D0000,12000000,4C000000,85190000,00000000,00000000,00000000,72FDFFFF,115A380000000000C236B70145C6B333929D0000120000004C0000008519000000000000000000000000000072FDFFFF
1786745797917,755A380000000000,C236B701,45C6B333,929D0000,12000000,4C000000,84190000,00000000,00000000,00000000,71FDFFFF,755A380000000000C236B70145C6B333929D0000120000004C0000008419000000000000000000000000000071FDFFFF
1786745797917,DA5A380000000000,C236B701,45C6B333,929D0000,12000000,4C000000,84190000,00000000,00000000,00000000,71FDFFFF,DA5A380000000000C236B70145C6B333929D0000120000004C0000008419000000000000000000000000000071FDFFFF
1786745797917,3D5B380000000000,C236B701,45C6B333,929D0000,12000000,4C000000,84190000,00000000,00000000,00000000,71FDFFFF,3D5B380000000000C236B70145C6B333929D0000120000004C0000008419000000000000000000000000000071FDFFFF
1786745797917,A15B380000000000,C236B701,45C6B333,929D0000,12000000,4C000000,84190000,00000000,00000000,00000000,71FDFFFF,A15B380000000000C236B70145C6B333929D0000120000004C0000008419000000000000000000000000000071FDFFFF
1786745797917,055C380000000000,C236B701,45C6B333,929D0000,12000000,4C000000,84190000,00000000,00000000,00000000,71FDFFFF,055C380000000000C236B70145C6B333929D0000120000004C0000008419000000000000000000000000000071FDFFFF
1786745797917,695C380000000000,C236B701,45C6B333,929D0000,12000000,4C000000,84190000,00000000,00000000,00000000,71FDFFFF,695C380000000000C236B70145C6B333929D0000120000004C0000008419000000000000000000000000000071FDFFFF
1786745797917,CE5C380000000000,C236B701,45C6B333,929D0000,12000000,4C000000,84190000,00000000,00000000,00000000,71FDFFFF,CE5C380000000000C236B70145C6B333929D0000120000004C0000008419000000000000000000000000000071FDFFFF
1786745797917,325D380000000000,C236B701,45C6B333,929D0000,12000000,4C000000,85190000,00000000,00000000,00000000,72FDFFFF,325D380000000000C236B70145C6B333929D0000120000004C0000008519000000000000000000000000000072FDFFFF
1786745797917,965D380000000000,C236B701,45C6B333,929D0000,12000000,4C000000,85190000,00000000,00000000,00000000,72FDFFFF,965D380000000000C236B70145C6B333929D0000120000004C0000008519000000000000000000000000000072FDFFFF
1786745798916,FA5D380000000000,C236B701,45C6B333,929D0000,12000000,4C000000,85190000,00000000,00000000,00000000,72FDFFFF,FA5D380000000000C236B70145C6B333929D0000120000004C0000008519000000000000000000000000000072FDFFFF
1786745798916,5E5E380000000000,C236B701,45C6B333,929D0000,12000000,4C000000,85190000,00000000,00000000,00000000,72FDFFFF,5E5E380000000000C236B70145C6B333929D0000120000004C0000008519000000000000000000000000000072FDFFFF
1786745798916,C25E380000000000,C236B701,45C6B333,929D0000,12000000,4C000000,85190000,00000000,00000000,00000000,72FDFFFF,C25E380000000000C236B70145C6B333929D0000120000004C0000008519000000000000000000000000000072FDFFFF
1786745798916,275F380000000000,C236B701,45C6B333,929D0000,12000000,4C000000,86190000,00000000,00000000,00000000,73FDFFFF,275F380000000000C236B70145C6B333929D0000120000004C0000008619000000000000000000000000000073FDFFFF
1786745798916,8A5F380000000000,C236B701,45C6B333,929D0000,12000000,4C000000,86190000,00000000,00000000,00000000,73FDFFFF,8A5F380000000000C236B70145C6B333929D0000120000004C0000008619000000000000000000000000000073FDFFFF
1786745798916,EE5F380000000000,C236B701,45C6B333,929D0000,12000000,4C000000,84190000,00000000,00000000,00000000,71FDFFFF,EE5F380000000000C236B70145C6B333929D0000120000004C0000008419000000000000000000000000000071FDFFFF
1786745798916,5360380000000000,C236B701,45C6B333,929D0000,12000000,4C000000,83190000,00000000,00000000,00000000,70FDFFFF,5360380000000000C236B70145C6B333929D0000120000004C0000008319000000000000000000000000000070FDFFFF
1786745798916,B860380000000000,C236B701,45C6B333,929D0000,12000000,4C000000,81190000,00000000,00000000,00000000,6EFDFFFF,B860380000000000C236B70145C6B333929D0000120000004C000000811900000000000000000000000000006EFDFFFF
1786745798916,1C61380000000000,C236B701,45C6B333,929D0000,12000000,4C000000,7E190000,00000000,00000000,00000000,6BFDFFFF,1C61380000000000C236B70145C6B333929D0000120000004C0000007E1900000000000000000000000000006BFDFFFF
1786745798916,7F61380000000000,C236B701,45C6B333,929D0000,12000000,4C000000,7B190000,00000000,00000000,00000000,68FDFFFF,7F61380000000000C236B70145C6B333929D0000120000004C0000007B19000000000000000000000000000068FDFFFF
1786745799916,E361380000000000,C236B701,45C6B333,929D0000,12000000,4C000000,78190000,00000000,00000000,00000000,65FDFFFF,E361380000000000C236B70145C6B333929D0000120000004C0000007819000000000000000000000000000065FDFFFF
1786745799916,4862380000000000,C236B701,45C6B333,929D0000,12000000,4C000000,73190000,00000000,00000000,00000000,60FDFFFF,4862380000000000C236B70145C6B333929D0000120000004C0000007319000000000000000000000000000060FDFFFF
1786745799916,AC62380000000000,C236B701,45C6B333,929D0000,12000000,4C000000,6F190000,00000000,00000000,00000000,5CFDFFFF,AC62380000000000C236B70145C6B333929D0000120000004C0000006F1900000000000000000000000000005CFDFFFF
1786745799916,1163380000000000,C236B701,45C6B333,929D0000,12000000,4C000000,6A190000,00000000,00000000,00000000,57FDFFFF,1163380000000000C236B70145C6B333929D0000120000004C0000006A19000000000000000000000000000057FDFFFF
1786745799916,7463380000000000,C236B701,45C6B333,929D0000,12000000,4C000000,64190000,00000000,00000000,00000000,51FDFFFF,7463380000000000C236B70145C6B333929D0000120000004C0000006419000000000000000000000000000051FDFFFF
1786745799916,D963380000000000,C236B701,45C6B333,929D0000,12000000,4C000000,5E190000,00000000,00000000,00000000,4BFDFFFF,D963380000000000C236B70145C6B333929D0000120000004C0000005E1900000000000000000000000000004BFDFFFF
1786745799916,3C64380000000000,C436B701,46C6B333,929D0000,12000000,4C000000,58190000,03000000,00000000,00000000,45FDFFFF,3C64380000000000C436B70146C6B333929D0000120000004C0000005819000003000000000000000000000045FDFFFF
1786745799916,A164380000000000,C736B701,46C6B333,929D0000,12000000,4C000000,4F190000,05000000,00000000,00000000,3CFDFFFF,A164380000000000C736B70146C6B333929D0000120000004C0000004F1900000500000000000000000000003CFDFFFF
1786745799916,0465380000000000,CA36B701,46C6B333,929D0000,12000000,4C000000,45190000,08000000,00000000,00000000,32FDFFFF,0465380000000000CA36B70146C6B333929D0000120000004C0000004519000008000000000000000000000032FDFFFF
1786745799916,6865380000000000,CC36B701,47C6B333,929D0000,12000000,4C000000,3C190000,0B000000,00000000,FFFFFFFF,29FDFFFF,6865380000000000CC36B70147C6B333929D0000120000004C0000003C1900000B00000000000000FFFFFFFF29FDFFFF
1786745800916,CE65380000000000,CF36B701,47C6B333,929D0000,12000000,4C000000,30190000,0E000000,FFFFFFFF,FEFFFFFF,1DFDFFFF,CE65380000000000CF36B70147C6B333929D0000120000004C000000301900000E000000FFFFFFFFFEFFFFFF1DFDFFFF
1786745800916,3266380000000000,D536B701,48C6B333,929D0000,12000000,4C000000,24190000,13000000,FFFFFFFF,FDFFFFFF,11FDFFFF,3266380000000000D536B70148C6B333929D0000120000004C0000002419000013000000FFFFFFFFFDFFFFFF11FDFFFF
1786745800916,9566380000000000,DA36B701,48C6B333,929D0000,12000000,4C000000,17190000,18000000,FEFFFFFF,FCFFFFFF,04FDFFFF,9566380000000000DA36B70148C6B333929D0000120000004C0000001719000018000000FEFFFFFFFCFFFFFF04FDFFFF
1786745800916,FA66380000000000,DF36B701,49C6B333,929D0000,12000000,4C000000,0A190000,1E000000,FDFFFFFF,FCFFFFFF,F7FCFFFF,FA66380000000000DF36B70149C6B333929D0000120000004C0000000A1900001E000000FDFFFFFFFCFFFFFFF7FCFFFF
1786745800916,5E67380000000000,E536B701,4AC6B333,929D0000,12000000,4C000000,FD180000,23000000,FCFFFFFF,FBFFFFFF,EAFCFFFF,5E67380000000000E536B7014AC6B333929D0000120000004C000000FD18000023000000FCFFFFFFFBFFFFFFEAFCFFFF
1786745800916,C267380000000000,ED36B701,4BC6B333,929D0000,12000000,4C000000,F0180000,2B000000,FBFFFFFF,F9FFFFFF,DDFCFFFF,C267380000000000ED36B7014BC6B333929D0000120000004C000000F01800002B000000FBFFFFFFF9FFFFFFDDFCFFFF
1786745800916,2668380000000000,F536B701,4CC6B333,929D0000,12000000,4C000000,E0180000,33000000,FAFFFFFF,F7FFFFFF,CDFCFFFF,2668380000000000F536B7014CC6B333929D0000120000004C000000E018000033000000FAFFFFFFF7FFFFFFCDFCFFFF
1786745800916,8968380000000000,FD36B701,4DC6B333,929D0000,12000000,4C000000,D1180000,3C000000,F9FFFFFF,F6FFFFFF,BEFCFFFF,8968380000000000FD36B7014DC6B333929D0000120000004C000000D11800003C000000F9FFFFFFF6FFFFFFBEFCFFFF
1786745800916,EF68380000000000,0837B701,4FC6B333,929D0000,12000000,4C000000,C3180000,46000000,F7FFFFFF,F4FFFFFF,B0FCFFFF,EF683800000000000837B7014FC6B333929D0000120000004C000000C318000046000000F7FFFFFFF4FFFFFFB0FCFFFF
1786745800916,5369380000000000,1337B701,50C6B333,929D0000,12000000,4C000000,B1180000,51000000,F6FFFFFF,F2FFFFFF,9EFCFFFF,53693800000000001337B70150C6B333929D0000120000004C000000B118000051000000F6FFFFFFF2FFFFFF9EFCFFFF
1786745801916,B769380000000000,1E37B701,52C6B333,929D0000,12000000,4C000000,A2180000,5C000000,F4FFFFFF,F0FFFFFF,8FFCFFFF,B7693800000000001E37B70152C6B333929D0000120000004C000000A21800005C000000F4FFFFFFF0FFFFFF8FFCFFFF
1786745801916,1B6A380000000000,2B37B701,54C6B333,929D0000,12000000,4C000000,98180000,69000000,F2FFFFFF,EDFFFFFF,85FCFFFF,1B6A3800000000002B37B70154C6B333929D0000120000004C0000009818000069000000F2FFFFFFEDFFFFFF85FCFFFF
1786745801916,7F6A380000000000,3937B701,56C6B333,929D0000,12000000,4C000000,91180000,77000000,F0FFFFFF,EBFFFFFF,7EFCFFFF,7F6A3800000000003937B70156C6B333929D0000120000004C0000009118000077000000F0FFFFFFEBFFFFFF7EFCFFFF
1786745801916,E36A380000000000,4637B701,58C6B333,929D0000,12000000,4C000000,8A180000,84000000,EEFFFFFF,E8FFFFFF,77FCFFFF,E36A3800000000004637B70158C6B333929D0000120000004C0000008A18000084000000EEFFFFFFE8FFFFFF77FCFFFF
1786745801916,476B380000000000,5637B701,5BC6B333,929D0000,12000000,4C000000,8C180000,95000000,EBFFFFFF,E5FFFFFF,79FCFFFF,476B3800000000005637B7015BC6B333929D0000120000004C0000008C18000095000000EBFFFFFFE5FFFFFF79FCFFFF
1786745801916,AB6B380000000000,6637B701,5EC6B333,929D0000,12000000,4C000000,92180000,A5000000,E9FFFFFF,E2FFFFFF,7FFCFFFF,AB6B3800000000006637B7015EC6B333929D0000120000004C00000092180000A5000000E9FFFFFFE2FFFFFF7FFCFFFF
1786745801916,106C380000000000,7737B701,60C6B333,929D0000,12000000,4C000000,98180000,B5000000,E6FFFFFF,DFFFFFFF,85FCFFFF,106C3800000000007737B70160C6B333929D0000120000004C00000098180000B5000000E6FFFFFFDFFFFFFF85FCFFFF
1786745801916,746C380000000000,8937B701,63C6B333,929D0000,12000000,4C000000,A1180000,C8000000,E3FFFFFF,DBFFFFFF,8EFCFFFF,746C3800000000008937B70163C6B333929D0000120000004C000000A1180000C8000000E3FFFFFFDBFFFFFF8EFCFFFF
1786745801916,D86C380000000000,9C37B701,66C6B333,929D0000,12000000,4C000000,A7180000,DB000000,E0FFFFFF,D7FFFFFF,94FCFFFF,D86C3800000000009C37B70166C6B333929D0000120000004C000000A7180000DB000000E0FFFFFFD7FFFFFF94FCFFFF
1786745801916,3C6D380000000000,AF37B701,69C6B333,929D0000,12000000,4C000000,AA180000,EE000000,DDFFFFFF,D4FFFFFF,97FCFFFF,3C6D380000000000AF37B70169C6B333929D0000120000004C000000AA180000EE000000DDFFFFFFD4FFFFFF97FCFFFF
1786745802916,A06D380000000000,C537B701,6CC6B333,929D0000,12000000,4C000000,AE180000,03010000,DAFFFFFF,D0FFFFFF,9BFCFFFF,A06D380000000000C537B7016CC6B333929D0000120000004C000000AE18000003010000DAFFFFFFD0FFFFFF9BFCFFFF
1786745802916,046E380000000000,DB37B701,77C6B333,929D0000,12000000,4C000000,B1180000,1B010000,D6FFFFFF,CBFFFFFF,9EFCFFFF,046E380000000000DB37B70177C6B333929D0000120000004C000000B11800001B010000D6FFFFFFCBFFFFFF9EFCFFFF
1786745802916,686E380000000000,F137B701,82C6B333,929D0000,12000000,4C000000,B7180000,34010000,D2FFFFFF,C7FFFFFF,A4FCFFFF,686E380000000000F137B70182C6B333929D0000120000004C000000B718000034010000D2FFFFFFC7FFFFFFA4FCFFFF
1786745802916,CD6E380000000000,0938B701,8EC6B333,929D0000,12000000,4C000000,C2180000,4F010000,CEFFFFFF,C2FFFFFF,AFFCFFFF,CD6E3800000000000938B7018EC6B333929D0000120000004C000000C21800004F010000CEFFFFFFC2FFFFFFAFFCFFFF
1786745802916,316F380000000000,2238B701,9BC6B333,929D0000,12000000,4C000000,C7180000,6A010000,CAFFFFFF,BDFFFFFF,B4FCFFFF,316F3800000000002238B7019BC6B333929D0000120000004C000000C71800006A010000CAFFFFFFBDFFFFFFB4FCFFFF
1786745802916,956F380000000000,3D38B701,A8C6B333,929D0000,12000000,4C000000,CF180000,87010000,C6FFFFFF,B7FFFFFF,BCFCFFFF,956F3800000000003D38B701A8C6B333929D0000120000004C000000CF18000087010000C6FFFFFFB7FFFFFFBCFCFFFF
1786745802916,F96F380000000000,5838B701,B5C6B333,929D0000,12000000,4C000000,D4180000,A5010000,C2FFFFFF,B2FFFFFF,C1FCFFFF,F96F3800000000005838B701B5C6B333929D0000120000004C000000D4180000A5010000C2FFFFFFB2FFFFFFC1FCFFFF
1786745802916,5D70380000000000,7338B701,C2C6B333,929D0000,12000000,4C000000,D7180000,C3010000,BDFFFFFF,ACFFFFFF,C4FCFFFF,5D703800000000007338B701C2C6B333929D0000120000004C000000D7180000C3010000BDFFFFFFACFFFFFFC4FCFFFF
1786745802916,C170380000000000,9038B701,D1C6B333,929D0000,12000000,4C000000,DB180000,E3010000,B8FFFFFF,A6FFFFFF,C8FCFFFF,C1703800000000009038B701D1C6B333929D0000120000004C000000DB180000E3010000B8FFFFFFA6FFFFFFC8FCFFFF
1786745802916,2671380000000000,AD38B701,DFC6B333,929D0000,12000000,4C000000,DE180000,04020000,B4FFFFFF,A0FFFFFF,CBFCFFFF,2671380000000000AD38B701DFC6B333929D0000120000004C000000DE18000004020000B4FFFFFFA0FFFFFFCBFCFFFF
1786745803916,8971380000000000,CD38B701,EFC6B333,929D0000,12000000,4C000000,E6180000,27020000,AFFFFFFF,99FFFFFF,D3FCFFFF,8971380000000000CD38B701EFC6B333929D0000120000004C000000E618000027020000AFFFFFFF99FFFFFFD3FCFFFF
1786745803916,EE71380000000000,ED38B701,FFC6B333,929D0000,12000000,4C000000,EB180000,4A020000,AAFFFFFF,93FFFFFF,D8FCFFFF,EE71380000000000ED38B701FFC6B333929D0000120000004C000000EB1800004A020000AAFFFFFF93FFFFFFD8FCFFFF
1786745803916,5272380000000000,0F39B701,0FC7B333,929D0000,12000000,4C000000,F6180000,70020000,A4FFFFFF,8BFFFFFF,E3FCFFFF,52723800000000000F39B7010FC7B333929D0000120000004C000000F618000070020000A4FFFFFF8BFFFFFFE3FCFFFF
1786745803916,B672380000000000,3239B701,20C7B333,929D0000,12000000,4C000000,00190000,96020000,9FFFFFFF,84FFFFFF,EDFCFFFF,B6723800000000003239B70120C7B333929D0000120000004C00000000190000960200009FFFFFFF84FFFFFFEDFCFFFF
1786745803916,1A73380000000000,5439B701,30C7B333,929D0000,12000000,4C000000,0B190000,BB020000,9AFFFFFF,7DFFFFFF,F8FCFFFF,1A733800000000005439B70130C7B333929D0000120000004C0000000B190000BB0200009AFFFFFF7DFFFFFFF8FCFFFF
1786745803916,7E73380000000000,7939B701,42C7B333,929D0000,12000000,4C000000,0F190000,E4020000,94FFFFFF,75FFFFFF,FCFCFFFF,7E733800000000007939B70142C7B333929D0000120000004C0000000F190000E402000094FFFFFF75FFFFFFFCFCFFFF
1786745803916,E273380000000000,9E39B701,54C7B333,929D0000,12000000,4C000000,16190000,0C030000,8FFFFFFF,6DFFFFFF,03FDFFFF,E2733800000000009E39B70154C7B333929D0000120000004C000000161900000C0300008FFFFFFF6DFFFFFF03FDFFFF
1786745803916,4774380000000000,C339B701,65C7B333,929D0000,12000000,4C000000,1D190000,35030000,89FFFFFF,66FFFFFF,0AFDFFFF,4774380000000000C339B70165C7B333929D0000120000004C0000001D1900003503000089FFFFFF66FFFFFF0AFDFFFF
1786745803916,AB74380000000000,EA39B701,78C7B333,929D0000,12000000,4C000000,1F190000,60030000,84FFFFFF,5EFFFFFF,0CFDFFFF,AB74380000000000EA39B70178C7B333929D0000120000004C0000001F1900006003000084FFFFFF5EFFFFFF0CFDFFFF
1786745803916,0F75380000000000,123AB701,8BC7B333,929D0000,12000000,4C000000,1F190000,8C030000,7EFFFFFF,57FFFFFF,0CFDFFFF,0F75380000000000123AB7018BC7B333929D0000120000004C0000001F1900008C0300007EFFFFFF57FFFFFF0CFDFFFF
1786745804916,7375380000000000,3C3AB701,9FC7B333,929D0000,12000000,4C000000,21190000,BA030000,78FFFFFF,4EFFFFFF,0EFDFFFF,73753800000000003C3AB7019FC7B333929D0000120000004C00000021190000BA03000078FFFFFF4EFFFFFF0EFDFFFF
1786745804916,D775380000000000,663AB701,B3C7B333,929D0000,12000000,4C000000,26190000,E8030000,72FFFFFF,46FFFFFF,13FDFFFF,D775380000000000663AB701B3C7B333929D0000120000004C00000026190000E803000072FFFFFF46FFFFFF13FDFFFF
1786745804916,3B76380000000000,903AB701,C7C7B333,929D0000,12000000,4C000000,28190000,16040000,6BFFFFFF,3DFFFFFF,15FDFFFF,3B76380000000000903AB701C7C7B333929D0000120000004C00000028190000160400006BFFFFFF3DFFFFFF15FDFFFF
1786745804916,9F76380000000000,BC3AB701,DCC7B333,929D0000,12000000,4C000000,28190000,47040000,65FFFFFF,34FFFFFF,15FDFFFF,9F76380000000000BC3AB701DCC7B333929D0000120000004C000000281900004704000065FFFFFF34FFFFFF15FDFFFF
1786745804916,0377380000000000,E83AB701,F1C7B333,929D0000,12000000,4C000000,2D190000,77040000,5FFFFFFF,2AFFFFFF,1AFDFFFF,0377380000000000E83AB701F1C7B333929D0000120000004C0000002D190000770400005FFFFFFF2AFFFFFF1AFDFFFF
1786745804916,CC77380000000000,463BB701,1DC8B333,929D0000,12000000,4C000000,2D190000,DE040000,51FFFFFF,16FFFFFF,1AFDFFFF,CC77380000000000463BB7011DC8B333929D0000120000004C0000002D190000DE04000051FFFFFF16FFFFFF1AFDFFFF
1786745804916,3078380000000000,A63BB701,4BC8B333,929D0000,12000000,4C000000,27190000,48050000,44FFFFFF,02FFFFFF,14FDFFFF,3078380000000000A63BB7014BC8B333929D0000120000004C000000271900004805000044FFFFFF02FFFFFF14FDFFFF
1786745804916,9478380000000000,D83BB701,62C8B333,929D0000,12000000,4C000000,20190000,7E050000,3CFFFFFF,F8FEFFFF,0DFDFFFF,9478380000000000D83BB70162C8B333929D0000120000004C000000201900007E0500003CFFFFFFF8FEFFFF0DFDFFFF
1786745804916,F878380000000000,093CB701,7AC8B333,929D0000,12000000,4C000000,19190000,B4050000,35FFFFFF,EFFEFFFF,06FDFFFF,F878380000000000093CB7017AC8B333929D0000120000004C00000019190000B405000035FFFFFFEFFEFFFF06FDFFFF
1786745805916,5C79380000000000,093CB701,7AC8B333,929D0000,12000000,4C000000,16190000,B4050000,35FFFFFF,EFFEFFFF,03FDFFFF,5C79380000000000093CB7017AC8B333929D0000120000004C00000016190000B405000035FFFFFFEFFEFFFF03FDFFFF
1786745805916,C079380000000000,6E3CB701,AAC8B333,929D0000,12000000,4C000000,14190000,23060000,26FFFFFF,DAFEFFFF,01FDFFFF,C0793800000000006E3CB701AAC8B333929D0000120000004C000000141900002306000026FFFFFFDAFEFFFF01FDFFFF
1786745805916,257A380000000000,A23CB701,C3C8B333,929D0000,12000000,4C000000,0F190000,5C060000,1EFFFFFF,CFFEFFFF,FCFCFFFF,257A380000000000A23CB701C3C8B333929D0000120000004C0000000F1900005C0600001EFFFFFFCFFEFFFFFCFCFFFF
1786745805916,897A380000000000,D63CB701,DCC8B333,929D0000,12000000,4C000000,0B190000,95060000,17FFFFFF,C4FEFFFF,F8FCFFFF,897A380000000000D63CB701DCC8B333929D0000120000004C0000000B1900009506000017FFFFFFC4FEFFFFF8FCFFFF
1786745805916,ED7A380000000000,0C3DB701,F6C8B333,929D0000,12000000,4C000000,0B190000,D0060000,0FFFFFFF,B9FEFFFF,F8FCFFFF,ED7A3800000000000C3DB701F6C8B333929D0000120000004C0000000B190000D00600000FFFFFFFB9FEFFFFF8FCFFFF
1786745805916,517B380000000000,423DB701,10C9B333,929D0000,12000000,4C000000,0B190000,0C070000,06FFFFFF,ADFEFFFF,F8FCFFFF,517B380000000000423DB70110C9B333929D0000120000004C0000000B1900000C07000006FFFFFFADFEFFFFF8FCFFFF
1786745805916,B57B380000000000,783DB701,29C9B333,929D0000,12000000,4C000000,0E190000,47070000,FEFEFFFF,A1FEFFFF,FBFCFFFF,B57B380000000000783DB70129C9B333929D0000120000004C0000000E19000047070000FEFEFFFFA1FEFFFFFBFCFFFF
1786745805916,197C380000000000,AE3DB701,43C9B333,929D0000,12000000,4C000000,10190000,82070000,F6FEFFFF,96FEFFFF,FDFCFFFF,197C380000000000AE3DB70143C9B333929D0000120000004C0000001019000082070000F6FEFFFF96FEFFFFFDFCFFFF
1786745805916,7D7C380000000000,E73DB701,5FC9B333,929D0000,12000000,4C000000,12190000,C1070000,EEFEFFFF,8AFEFFFF,FFFCFFFF,7D7C380000000000E73DB7015FC9B333929D0000120000004C00000012190000C1070000EEFEFFFF8AFEFFFFFFFCFFFF
1786745805916,E17C380000000000,1F3EB701,7AC9B333,929D0000,12000000,4C000000,13190000,FF070000,E5FEFFFF,7FFEFFFF,00FDFFFF,E17C3800000000001F3EB7017AC9B333929D0000120000004C00000013190000FF070000E5FEFFFF7FFEFFFF00FDFFFF
1786745806916,457D380000000000,583EB701,95C9B333,929D0000,12000000,4C000000,13190000,3E080000,DDFEFFFF,73FEFFFF,00FDFFFF,457D380000000000583EB70195C9B333929D0000120000004C000000131900003E080000DDFEFFFF73FEFFFF00FDFFFF
1786745806916,AA7D380000000000,913EB701,B0C9B333,929D0000,12000000,4C000000,13190000,7B080000,D5FEFFFF,67FEFFFF,00FDFFFF,AA7D380000000000913EB701B0C9B333929D0000120000004C000000131900007B080000D5FEFFFF67FEFFFF00FDFFFF
1786745806916,0E7E380000000000,CC3EB701,CCC9B333,929D0000,12000000,4C000000,16190000,BC080000,CCFEFFFF,5BFEFFFF,03FDFFFF,0E7E380000000000CC3EB701CCC9B333929D0000120000004C00000016190000BC080000CCFEFFFF5BFEFFFF03FDFFFF
1786745806916,727E380000000000,073FB701,E8C9B333,929D0000,12000000,4C000000,19190000,FD080000,C3FEFFFF,4FFEFFFF,06FDFFFF,727E380000000000073FB701E8C9B333929D0000120000004C00000019190000FD080000C3FEFFFF4FFEFFFF06FDFFFF
1786745806916,D67E380000000000,423FB701,04CAB333,929D0000,12000000,4C000000,1B190000,3E090000,BAFEFFFF,42FEFFFF,08FDFFFF,D67E380000000000423FB70104CAB333929D0000120000004C0000001B1900003E090000BAFEFFFF42FEFFFF08FDFFFF
1786745806916,3A7F380000000000,803FB701,22CAB333,929D0000,12000000,4C000000,1B190000,82090000,B1FEFFFF,35FEFFFF,08FDFFFF,3A7F380000000000803FB70122CAB333929D0000120000004C0000001B19000082090000B1FEFFFF35FEFFFF08FDFFFF
1786745806916,9E7F380000000000,BD3FB701,3FCAB333,929D0000,12000000,4C000000,1D190000,C5090000,A8FEFFFF,28FEFFFF,0AFDFFFF,9E7F380000000000BD3FB7013FCAB333929D0000120000004C0000001D190000C5090000A8FEFFFF28FEFFFF0AFDFFFF
1786745806916,0280380000000000,FB3FB701,5CCAB333,929D0000,12000000,4C000000,1C190000,090A0000,9FFEFFFF,1BFEFFFF,09FDFFFF,0280380000000000FB3FB7015CCAB333929D0000120000004C0000001C190000090A00009FFEFFFF1BFEFFFF09FDFFFF
1786745806916,6780380000000000,3840B701,7ACAB333,929D0000,12000000,4C000000,1F190000,4D0A0000,96FEFFFF,0EFEFFFF,0CFDFFFF,67803800000000003840B7017ACAB333929D0000120000004C0000001F1900004D0A000096FEFFFF0EFEFFFF0CFDFFFF
1786745806916,CB80380000000000,7840B701,98CAB333,929D0000,12000000,4C000000,25190000,930A0000,8DFEFFFF,00FEFFFF,12FDFFFF,CB803800000000007840B70198CAB333929D0000120000004C00000025190000930A00008DFEFFFF00FEFFFF12FDFFFF
1786745807916,2F81380000000000,B940B701,B7CAB333,929D0000,12000000,4C000000,2A190000,DA0A0000,84FEFFFF,F3FDFFFF,17FDFFFF,2F81380000000000B940B701B7CAB333929D0000120000004C0000002A190000DA0A000084FEFFFFF3FDFFFF17FDFFFF
1786745807916,9381380000000000,F940B701,D5CAB333,929D0000,12000000,4C000000,31190000,200B0000,7BFEFFFF,E5FDFFFF,1EFDFFFF,9381380000000000F940B701D5CAB333929D0000120000004C00000031190000200B00007BFEFFFFE5FDFFFF1EFDFFFF
1786745807916,F781380000000000,3941B701,F3CAB333,929D0000,12000000,4C000000,36190000,660B0000,72FEFFFF,D8FDFFFF,23FDFFFF,F7813800000000003941B701F3CAB333929D0000120000004C00000036190000660B000072FEFFFFD8FDFFFF23FDFFFF
1786745807916,5B82380000000000,7B41B701,12CBB333,929D0000,12000000,4C000000,3D190000,AF0B0000,68FEFFFF,C9FDFFFF,2AFDFFFF,5B823800000000007B41B70112CBB333929D0000120000004C0000003D190000AF0B000068FEFFFFC9FDFFFF2AFDFFFF
1786745807916,C082380000000000,BE41B701,32CBB333,929D0000,12000000,4C000000,47190000,F80B0000,5FFEFFFF,BBFDFFFF,34FDFFFF,C082380000000000BE41B70132CBB333929D0000120000004C00000047190000F80B00005FFEFFFFBBFDFFFF34FDFFFF
1786745807916,2383380000000000,0142B701,51CBB333,929D0000,12000000,4C000000,51190000,410C0000,56FEFFFF,ADFDFFFF,3EFDFFFF,23833800000000000142B70151CBB333929D0000120000004C00000051190000410C000056FEFFFFADFDFFFF3EFDFFFF
1786745807916,8883380000000000,4442B701,70CBB333,929D0000,12000000,4C000000,5F190000,8A0C0000,4DFEFFFF,9FFDFFFF,4CFDFFFF,88833800000000004442B70170CBB333929D0000120000004C0000005F1900008A0C00004DFEFFFF9FFDFFFF4CFDFFFF
1786745807916,EC83380000000000,8742B701,8ECBB333,929D0000,12000000,4C000000,6C190000,D30C0000,44FEFFFF,90FDFFFF,59FDFFFF,EC833800000000008742B7018ECBB333929D0000120000004C0000006C190000D30C000044FEFFFF90FDFFFF59FDFFFF
1786745807916,5084380000000000,CC42B701,AECBB333,929D0000,12000000,4C000000,79190000,1F0D0000,3CFEFFFF,81FDFFFF,66FDFFFF,5084380000000000CC42B701AECBB333929D0000120000004C000000791900001F0D00003CFEFFFF81FDFFFF66FDFFFF
1786745807916,B484380000000000,1143B701,CDCBB333,929D0000,12000000,4C000000,81190000,6B0D0000,33FEFFFF,70FDFFFF,6EFDFFFF,B4843800000000001143B701CDCBB333929D0000120000004C000000811900006B0D000033FEFFFF70FDFFFF6EFDFFFF
1786745808916,1885380000000000,5643B701,EDCBB333,929D0000,12000000,4C000000,8A190000,B60D0000,2AFEFFFF,5FFDFFFF,77FDFFFF,18853800000000005643B701EDCBB333929D0000120000004C0000008A190000B60D00002AFEFFFF5FFDFFFF77FDFFFF
1786745808916,7C85380000000000,9B43B701,0CCCB333,929D0000,12000000,4C000000,92190000,010E0000,22FEFFFF,4FFDFFFF,7FFDFFFF,7C853800000000009B43B7010CCCB333929D0000120000004C00000092190000010E000022FEFFFF4FFDFFFF7FFDFFFF
1786745808916,E185380000000000,E143B701,2BCCB333,929D0000,12000000,4C000000,9A190000,4D0E0000,19FEFFFF,3EFDFFFF,87FDFFFF,E185380000000000E143B7012BCCB333929D0000120000004C0000009A1900004D0E000019FEFFFF3EFDFFFF87FDFFFF
1786745808916,4586380000000000,2644B701,4ACCB333,929D0000,12000000,4C000000,A3190000,990E0000,11FEFFFF,2EFDFFFF,90FDFFFF,45863800000000002644B7014ACCB333929D0000120000004C000000A3190000990E000011FEFFFF2EFDFFFF90FDFFFF
1786745808916,A986380000000000,6C44B701,69CCB333,929D0000,12000000,4C000000,A9190000,E40E0000,09FEFFFF,1EFDFFFF,96FDFFFF,A9863800000000006C44B70169CCB333929D0000120000004C000000A9190000E40E000009FEFFFF1EFDFFFF96FDFFFF
1786745808916,0D87380000000000,B244B701,88CCB333,929D0000,12000000,4C000000,AF190000,310F0000,01FEFFFF,0DFDFFFF,9CFDFFFF,0D87380000000000B244B70188CCB333929D0000120000004C000000AF190000310F000001FEFFFF0DFDFFFF9CFDFFFF
1786745808916,7187380000000000,F744B701,A7CCB333,929D0000,12000000,4C000000,B2190000,7B0F0000,F9FDFFFF,FDFCFFFF,9FFDFFFF,7187380000000000F744B701A7CCB333929D0000120000004C000000B21900007B0F0000F9FDFFFFFDFCFFFF9FFDFFFF
1786745808916,D587380000000000,3C45B701,C6CCB333,929D0000,12000000,4C000000,B5190000,C70F0000,F1FDFFFF,ECFCFFFF,A2FDFFFF,D5873800000000003C45B701C6CCB333929D0000120000004C000000B5190000C70F0000F1FDFFFFECFCFFFFA2FDFFFF
1786745808916,3988380000000000,8145B701,E5CCB333,929D0000,12000000,4C000000,B6190000,12100000,E9FDFFFF,DBFCFFFF,A3FDFFFF,39883800000000008145B701E5CCB333929D0000120000004C000000B619000012100000E9FDFFFFDBFCFFFFA3FDFFFF
1786745808916,9D88380000000000,C745B701,03CDB333,929D0000,12000000,4C000000,B4190000,5E100000,E1FDFFFF,CAFCFFFF,A1FDFFFF,9D88380000000000C745B70103CDB333929D0000120000004C000000B41900005E100000E1FDFFFFCAFCFFFFA1FDFFFF
1786745809916,0289380000000000,0E46B701,23CDB333,929D0000,12000000,4C000000,B8190000,AB100000,D8FDFFFF,BAFCFFFF,A5FDFFFF,02893800000000000E46B70123CDB333929D0000120000004C000000B8190000AB100000D8FDFFFFBAFCFFFFA5FDFFFF
1786745809916,6689380000000000,5246B701,41CDB333,929D0000,12000000,4C000000,B4190000,F5100000,D0FDFFFF,AAFCFFFF,A1FDFFFF,66893800000000005246B70141CDB333929D0000120000004C000000B4190000F5100000D0FDFFFFAAFCFFFFA1FDFFFF
1786745809916,CA89380000000000,9746B701,60CDB333,929D0000,12000000,4C000000,B0190000,41110000,C8FDFFFF,9AFCFFFF,9DFDFFFF,CA893800000000009746B70160CDB333929D0000120000004C000000B019000041110000C8FDFFFF9AFCFFFF9DFDFFFF
1786745809916,2E8A380000000000,DD46B701,7FCDB333,929D0000,12000000,4C000000,A9190000,8C110000,C0FDFFFF,8AFCFFFF,96FDFFFF,2E8A380000000000DD46B7017FCDB333929D0000120000004C000000A91900008C110000C0FDFFFF8AFCFFFF96FDFFFF
1786745809916,928A380000000000,2247B701,9ECDB333,929D0000,12000000,4C000000,A7190000,D8110000,B8FDFFFF,79FCFFFF,94FDFFFF,928A3800000000002247B7019ECDB333929D0000120000004C000000A7190000D8110000B8FDFFFF79FCFFFF94FDFFFF
1786745809916,F68A380000000000,6847B701,BDCDB333,929D0000,12000000,4C000000,A9190000,24120000,B0FDFFFF,69FCFFFF,96FDFFFF,F68A3800000000006847B701BDCDB333929D0000120000004C000000A919000024120000B0FDFFFF69FCFFFF96FDFFFF
1786745809916,5A8B380000000000,AD47B701,DCCDB333,929D0000,12000000,4C000000,AA190000,6F120000,A8FDFFFF,58FCFFFF,97FDFFFF,5A8B380000000000AD47B701DCCDB333929D0000120000004C000000AA1900006F120000A8FDFFFF58FCFFFF97FDFFFF
1786745809916,BE8B380000000000,F347B701,FBCDB333,929D0000,12000000,4C000000,A7190000,BC120000,9FFDFFFF,47FCFFFF,94FDFFFF,BE8B380000000000F347B701FBCDB333929D0000120000004C000000A7190000BC1200009FFDFFFF47FCFFFF94FDFFFF
1786745809916,238C380000000000,3848B701,1ACEB333,929D0000,12000000,4C000000,A8190000,06130000,97FDFFFF,37FCFFFF,95FDFFFF,238C3800000000003848B7011ACEB333929D0000120000004C000000A81900000613000097FDFFFF37FCFFFF95FDFFFF
1786745809916,878C380000000000,7D48B701,39CEB333,929D0000,12000000,4C000000,A7190000,52130000,8FFDFFFF,27FCFFFF,94FDFFFF,878C3800000000007D48B70139CEB333929D0000120000004C000000A7190000521300008FFDFFFF27FCFFFF94FDFFFF
1786745810916,EB8C380000000000,C248B701,58CEB333,929D0000,12000000,4C000000,AA190000,9C130000,87FDFFFF,17FCFFFF,97FDFFFF,EB8C380000000000C248B70158CEB333929D0000120000004C000000AA1900009C13000087FDFFFF17FCFFFF97FDFFFF
1786745810916,4F8D380000000000,0449B701,75CEB333,929D0000,12000000,4C000000,A9190000,E4130000,7FFDFFFF,07FCFFFF,96FDFFFF,4F8D3800000000000449B70175CEB333929D0000120000004C000000A9190000E41300007FFDFFFF07FCFFFF96FDFFFF
1786745810916,B38D380000000000,4649B701,93CEB333,929D0000,12000000,4C000000,AC190000,2D140000,77FDFFFF,F7FBFFFF,99FDFFFF,B38D3800000000004649B70193CEB333929D0000120000004C000000AC1900002D14000077FDFFFFF7FBFFFF99FDFFFF
1786745810916,178E380000000000,8B49B701,B2CEB333,929D0000,12000000,4C000000,A9190000,78140000,6FFDFFFF,E6FBFFFF,96FDFFFF,178E3800000000008B49B701B2CEB333929D0000120000004C000000A9190000781400006FFDFFFFE6FBFFFF96FDFFFF
1786745810916,7B8E380000000000,CE49B701,D0CEB333,929D0000,12000000,4C000000,A6190000,C1140000,67FDFFFF,D7FBFFFF,93FDFFFF,7B8E380000000000CE49B701D0CEB333929D0000120000004C000000A6190000C114000067FDFFFFD7FBFFFF93FDFFFF
1786745810916,DF8E380000000000,134AB701,EECEB333,929D0000,12000000,4C000000,A2190000,0B150000,5FFDFFFF,C7FBFFFF,8FFDFFFF,DF8E380000000000134AB701EECEB333929D0000120000004C000000A21900000B1500005FFDFFFFC7FBFFFF8FFDFFFF
1786745810916,448F380000000000,544AB701,0CCFB333,929D0000,12000000,4C000000,A3190000,53150000,57FDFFFF,B8FBFFFF,90FDFFFF,448F380000000000544AB7010CCFB333929D0000120000004C000000A31900005315000057FDFFFFB8FBFFFF90FDFFFF
1786745810916,A88F380000000000,974AB701,2ACFB333,929D0000,12000000,4C000000,A3190000,9C150000,4FFDFFFF,A8FBFFFF,90FDFFFF,A88F380000000000974AB7012ACFB333929D0000120000004C000000A31900009C1500004FFDFFFFA8FBFFFF90FDFFFF
1786745810916,0C90380000000000,DA4AB701,48CFB333,929D0000,12000000,4C000000,A0190000,E5150000,47FDFFFF,98FBFFFF,8DFDFFFF,0C90380000000000DA4AB70148CFB333929D0000120000004C000000A0190000E515000047FDFFFF98FBFFFF8DFDFFFF
1786745810916,7090380000000000,1D4BB701,66CFB333,929D0000,12000000,4C000000,99190000,2E160000,3FFDFFFF,88FBFFFF,86FDFFFF,70903800000000001D4BB70166CFB333929D0000120000004C000000991900002E1600003FFDFFFF88FBFFFF86FDFFFF
1786745811916,D490380000000000,604BB701,84CFB333,929D0000,12000000,4C000000,91190000,76160000,37FDFFFF,79FBFFFF,7EFDFFFF,D490380000000000604BB70184CFB333929D0000120000004C000000911900007616000037FDFFFF79FBFFFF7EFDFFFF
1786745811916,3891380000000000,A34BB701,A2CFB333,929D0000,12000000,4C000000,85190000,BF160000,2EFDFFFF,69FBFFFF,72FDFFFF,3891380000000000A34BB701A2CFB333929D0000120000004C00000085190000BF1600002EFDFFFF69FBFFFF72FDFFFF
1786745811916,9C91380000000000,E54BB701,C1CFB333,929D0000,12000000,4C000000,7C190000,08170000,26FDFFFF,5AFBFFFF,69FDFFFF,9C91380000000000E54BB701C1CFB333929D0000120000004C0000007C1900000817000026FDFFFF5AFBFFFF69FDFFFF
1786745811916,0192380000000000,284CB701,DFCFB333,929D0000,12000000,4C000000,74190000,51170000,1DFDFFFF,4AFBFFFF,61FDFFFF,0192380000000000284CB701DFCFB333929D0000120000004C00000074190000511700001DFDFFFF4AFBFFFF61FDFFFF
1786745811916,6592380000000000,6B4CB701,FECFB333,929D0000,12000000,4C000000,69190000,9A170000,14FDFFFF,3AFBFFFF,56FDFFFF,65923800000000006B4CB701FECFB333929D0000120000004C000000691900009A17000014FDFFFF3AFBFFFF56FDFFFF
1786745811916,C992380000000000,AD4CB701,1DD0B333,929D0000,12000000,4C000000,5F190000,E3170000,0CFDFFFF,2AFBFFFF,4CFDFFFF,C992380000000000AD4CB7011DD0B333929D0000120000004C0000005F190000E31700000CFDFFFF2AFBFFFF4CFDFFFF
1786745811916,2D93380000000000,F04CB701,3CD0B333,929D0000,12000000,4C000000,54190000,2B180000,03FDFFFF,1AFBFFFF,41FDFFFF,2D93380000000000F04CB7013CD0B333929D0000120000004C000000541900002B18000003FDFFFF1AFBFFFF41FDFFFF
1786745811916,9193380000000000,324DB701,5BD0B333,929D0000,12000000,4C000000,4A190000,74180000,FAFCFFFF,0BFBFFFF,37FDFFFF,9193380000000000324DB7015BD0B333929D0000120000004C0000004A19000074180000FAFCFFFF0BFBFFFF37FDFFFF
1786745811916,F593380000000000,754DB701,7AD0B333,929D0000,12000000,4C000000,42190000,BD180000,F0FCFFFF,FBFAFFFF,2FFDFFFF,F593380000000000754DB7017AD0B333929D0000120000004C00000042190000BD180000F0FCFFFFFBFAFFFF2FFDFFFF
1786745811916,5994380000000000,B74DB701,99D0B333,929D0000,12000000,4C000000,36190000,05190000,E7FCFFFF,EBFAFFFF,23FDFFFF,5994380000000000B74DB70199D0B333929D0000120000004C0000003619000005190000E7FCFFFFEBFAFFFF23FDFFFF
1786745812916,BD94380000000000,FA4DB701,B9D0B333,929D0000,12000000,4C000000,2A190000,4F190000,DDFCFFFF,DBFAFFFF,17FDFFFF,BD94380000000000FA4DB701B9D0B333929D0000120000004C0000002A1900004F190000DDFCFFFFDBFAFFFF17FDFFFF
1786745812916,2295380000000000,3B4EB701,D8D0B333,929D0000,12000000,4C000000,22190000,97190000,D4FCFFFF,CCFAFFFF,0FFDFFFF,22953800000000003B4EB701D8D0B333929D0000120000004C0000002219000097190000D4FCFFFFCCFAFFFF0FFDFFFF
1786745812916,8695380000000000,7E4EB701,F7D0B333,929D0000,12000000,4C000000,1C190000,E0190000,CAFCFFFF,BDFAFFFF,09FDFFFF,86953800000000007E4EB701F7D0B333929D0000120000004C0000001C190000E0190000CAFCFFFFBDFAFFFF09FDFFFF
1786745812916,EA95380000000000,C04EB701,17D1B333,929D0000,12000000,4C000000,14190000,291A0000,C0FCFFFF,AEFAFFFF,01FDFFFF,EA95380000000000C04EB70117D1B333929D0000120000004C00000014190000291A0000C0FCFFFFAEFAFFFF01FDFFFF
1786745812916,4E96380000000000,024FB701,37D1B333,929D0000,12000000,4C000000,0A190000,711A0000,B6FCFFFF,9FFAFFFF,F7FCFFFF,4E96380000000000024FB70137D1B333929D0000120000004C0000000A190000711A0000B6FCFFFF9FFAFFFFF7FCFFFF
1786745812916,B296380000000000,454FB701,57D1B333,929D0000,12000000,4C000000,01190000,BB1A0000,ACFCFFFF,8FFAFFFF,EEFCFFFF,B296380000000000454FB70157D1B333929D0000120000004C00000001190000BB1A0000ACFCFFFF8FFAFFFFEEFCFFFF
1786745812916,1697380000000000,864FB701,77D1B333,929D0000,12000000,4C000000,F8180000,031B0000,A2FCFFFF,7FFAFFFF,E5FCFFFF,1697380000000000864FB70177D1B333929D0000120000004C000000F8180000031B0000A2FCFFFF7FFAFFFFE5FCFFFF
1786745812916,7B97380000000000,C84FB701,97D1B333,929D0000,12000000,4C000000,F0180000,4B1B0000,98FCFFFF,70FAFFFF,DDFCFFFF,7B97380000000000C84FB70197D1B333929D0000120000004C000000F01800004B1B000098FCFFFF70FAFFFFDDFCFFFF
1786745812916,DE97380000000000,0850B701,B6D1B333,929D0000,12000000,4C000000,F1180000,911B0000,8EFCFFFF,61FAFFFF,DEFCFFFF,DE973800000000000850B701B6D1B333929D0000120000004C000000F1180000911B00008EFCFFFF61FAFFFFDEFCFFFF
1786745812916,4398380000000000,4850B701,D5D1B333,929D0000,12000000,4C000000,F2180000,D71B0000,84FCFFFF,53FAFFFF,DFFCFFFF,43983800000000004850B701D5D1B333929D0000120000004C000000F2180000D71B000084FCFFFF53FAFFFFDFFCFFFF
1786745813916,A798380000000000,8950B701,F4D1B333,929D0000,12000000,4C000000,F2180000,1F1C0000,7AFCFFFF,44FAFFFF,DFFCFFFF,A7983800000000008950B701F4D1B333929D0000120000004C000000F21800001F1C00007AFCFFFF44FAFFFFDFFCFFFF
1786745813916,0B99380000000000,C750B701,12D2B333,929D0000,12000000,4C000000,F7180000,641C0000,70FCFFFF,35FAFFFF,E4FCFFFF,0B99380000000000C750B70112D2B333929D0000120000004C000000F7180000641C000070FCFFFF35FAFFFFE4FCFFFF
1786745813916,6F99380000000000,0751B701,31D2B333,929D0000,12000000,4C000000,05190000,AA1C0000,67FCFFFF,27FAFFFF,F2FCFFFF,6F993800000000000751B70131D2B333929D0000120000004C00000005190000AA1C000067FCFFFF27FAFFFFF2FCFFFF
1786745813916,D399380000000000,4651B701,4FD2B333,929D0000,12000000,4C000000,1D190000,EF1C0000,5DFCFFFF,18FAFFFF,0AFDFFFF,D3993800000000004651B7014FD2B333929D0000120000004C0000001D190000EF1C00005DFCFFFF18FAFFFF0AFDFFFF
1786745813916,379A380000000000,8651B701,6DD2B333,929D0000,12000000,4C000000,3A190000,361D0000,54FCFFFF,08FAFFFF,27FDFFFF,379A3800000000008651B7016DD2B333929D0000120000004C0000003A190000361D000054FCFFFF08FAFFFF27FDFFFF
1786745813916,9C9A380000000000,C651B701,8BD2B333,929D0000,12000000,4C000000,57190000,7C1D0000,4CFCFFFF,F9F9FFFF,44FDFFFF,9C9A380000000000C651B7018BD2B333929D0000120000004C000000571900007C1D00004CFCFFFFF9F9FFFF44FDFFFF
1786745813916,009B380000000000,0652B701,A9D2B333,929D0000,12000000,4C000000,73190000,C21D0000,43FCFFFF,EAF9FFFF,60FDFFFF,009B3800000000000652B701A9D2B333929D0000120000004C00000073190000C21D000043FCFFFFEAF9FFFF60FDFFFF
1786745813916,649B380000000000,4552B701,C5D2B333,929D0000,12000000,4C000000,8C190000,061E0000,3CFCFFFF,DCF9FFFF,79FDFFFF,649B3800000000004552B701C5D2B333929D0000120000004C0000008C190000061E00003CFCFFFFDCF9FFFF79FDFFFF
1786745813916,C89B380000000000,8252B701,E0D2B333,929D0000,12000000,4C000000,A5190000,491E0000,34FCFFFF,CEF9FFFF,92FDFFFF,C89B3800000000008252B701E0D2B333929D0000120000004C000000A5190000491E000034FCFFFFCEF9FFFF92FDFFFF
1786745813916,2C9C380000000000,C152B701,FCD2B333,929D0000,12000000,4C000000,BE190000,8D1E0000,2DFCFFFF,C0F9FFFF,ABFDFFFF,2C9C380000000000C152B701FCD2B333929D0000120000004C000000BE1900008D1E00002DFCFFFFC0F9FFFFABFDFFFF
1786745814916,909C380000000000,0053B701,18D3B333,929D0000,12000000,4C000000,D2190000,D11E0000,26FCFFFF,B1F9FFFF,BFFDFFFF,909C3800000000000053B70118D3B333929D0000120000004C000000D2190000D11E000026FCFFFFB1F9FFFFBFFDFFFF
1786745814916,F49C380000000000,3E53B701,33D3B333,929D0000,12000000,4C000000,DB190000,151F0000,1FFCFFFF,A3F9FFFF,C8FDFFFF,F49C3800000000003E53B70133D3B333929D0000120000004C000000DB190000151F00001FFCFFFFA3F9FFFFC8FDFFFF
1786745814916,589D380000000000,7C53B701,4ED3B333,929D0000,12000000,4C000000,E0190000,581F0000,19FCFFFF,95F9FFFF,CDFDFFFF,589D3800000000007C53B7014ED3B333929D0000120000004C000000E0190000581F000019FCFFFF95F9FFFFCDFDFFFF
1786745814916,BD9D380000000000,B853B701,68D3B333,929D0000,12000000,4C000000,E5190000,991F0000,12FCFFFF,88F9FFFF,D2FDFFFF,BD9D380000000000B853B70168D3B333929D0000120000004C000000E5190000991F000012FCFFFF88F9FFFFD2FDFFFF
1786745814916,219E380000000000,F353B701,82D3B333,929D0000,12000000,4C000000,EE190000,DA1F0000,0CFCFFFF,7BF9FFFF,DBFDFFFF,219E380000000000F353B70182D3B333929D0000120000004C000000EE190000DA1F00000CFCFFFF7BF9FFFFDBFDFFFF
1786745814916,859E380000000000,2F54B701,9BD3B333,929D0000,12000000,4C000000,F5190000,1A200000,06FCFFFF,6DF9FFFF,E2FDFFFF,859E3800000000002F54B7019BD3B333929D0000120000004C000000F51900001A20000006FCFFFF6DF9FFFFE2FDFFFF
1786745814916,E99E380000000000,6B54B701,B5D3B333,929D0000,12000000,4C000000,FB190000,5B200000,00FCFFFF,60F9FFFF,E8FDFFFF,E99E3800000000006B54B701B5D3B333929D0000120000004C000000FB1900005B20000000FCFFFF60F9FFFFE8FDFFFF
1786745814916,4D9F380000000000,A854B701,CFD3B333,929D0000,12000000,4C000000,031A0000,9D200000,FAFBFFFF,53F9FFFF,F0FDFFFF,4D9F380000000000A854B701CFD3B333929D0000120000004C000000031A00009D200000FAFBFFFF53F9FFFFF0FDFFFF
1786745814916,B19F380000000000,E454B701,E8D3B333,929D0000,12000000,4C000000,0B1A0000,DE200000,F4FBFFFF,45F9FFFF,F8FDFFFF,B19F380000000000E454B701E8D3B333929D0000120000004C0000000B1A0000DE200000F4FBFFFF45F9FFFFF8FDFFFF
1786745814916,15A0380000000000,2055B701,02D4B333,929D0000,12000000,4C000000,0E1A0000,1F210000,EEFBFFFF,38F9FFFF,FBFDFFFF,15A03800000000002055B70102D4B333929D0000120000004C0000000E1A00001F210000EEFBFFFF38F9FFFFFBFDFFFF
1786745815916,79A0380000000000,5A55B701,1BD4B333,929D0000,12000000,4C000000,0F1A0000,5E210000,E8FBFFFF,2BF9FFFF,FCFDFFFF,79A03800000000005A55B7011BD4B333929D0000120000004C0000000F1A00005E210000E8FBFFFF2BF9FFFFFCFDFFFF
1786745815916,DEA0380000000000,9355B701,33D4B333,929D0000,12000000,4C000000,0D1A0000,9B210000,E3FBFFFF,1EF9FFFF,FAFDFFFF,DEA03800000000009355B70133D4B333929D0000120000004C0000000D1A00009B210000E3FBFFFF1EF9FFFFFAFDFFFF
1786745815916,42A1380000000000,CC55B701,4CD4B333,929D0000,12000000,4C000000,0B1A0000,DA210000,DDFBFFFF,12F9FFFF,F8FDFFFF,42A1380000000000CC55B7014CD4B333929D0000120000004C0000000B1A0000DA210000DDFBFFFF12F9FFFFF8FDFFFF
1786745815916,A6A1380000000000,0656B701,64D4B333,929D0000,12000000,4C000000,061A0000,18220000,D7FBFFFF,05F9FFFF,F3FDFFFF,A6A13800000000000656B70164D4B333929D0000120000004C000000061A000018220000D7FBFFFF05F9FFFFF3FDFFFF
1786745815916,0AA2380000000000,3F56B701,7DD4B333,929D0000,12000000,4C000000,001A0000,56220000,D1FBFFFF,F8F8FFFF,EDFDFFFF,0AA23800000000003F56B7017DD4B333929D0000120000004C000000001A000056220000D1FBFFFFF8F8FFFFEDFDFFFF
1786745815916,6EA2380000000000,7756B701,95D4B333,929D0000,12000000,4C000000,F7190000,92220000,CCFBFFFF,ECF8FFFF,E4FDFFFF,6EA23800000000007756B70195D4B333929D0000120000004C000000F719000092220000CCFBFFFFECF8FFFFE4FDFFFF
1786745815916,D2A2380000000000,AE56B701,ACD4B333,929D0000,12000000,4C000000,EF190000,CE220000,C6FBFFFF,E0F8FFFF,DCFDFFFF,D2A2380000000000AE56B701ACD4B333929D0000120000004C000000EF190000CE220000C6FBFFFFE0F8FFFFDCFDFFFF
1786745815916,36A3380000000000,E556B701,C4D4B333,929D0000,12000000,4C000000,EA190000,09230000,C0FBFFFF,D3F8FFFF,D7FDFFFF,36A3380000000000E556B701C4D4B333929D0000120000004C000000EA19000009230000C0FBFFFFD3F8FFFFD7FDFFFF
1786745815916,9BA3380000000000,1B57B701,DCD4B333,929D0000,12000000,4C000000,E1190000,45230000,BAFBFFFF,C7F8FFFF,CEFDFFFF,9BA33800000000001B57B701DCD4B333929D0000120000004C000000E119000045230000BAFBFFFFC7F8FFFFCEFDFFFF
1786745815916,FFA3380000000000,5057B701,F3D4B333,929D0000,12000000,4C000000,DA190000,7E230000,B5FBFFFF,BCF8FFFF,C7FDFFFF,FFA33800000000005057B701F3D4B333929D0000120000004C000000DA1900007E230000B5FBFFFFBCF8FFFFC7FDFFFF
1786745816916,65A4380000000000,8557B701,0AD5B333,929D0000,12000000,4C000000,DD190000,B7230000,AFFBFFFF,B1F8FFFF,CAFDFFFF,65A43800000000008557B7010AD5B333929D0000120000004C000000DD190000B7230000AFFBFFFFB1F8FFFFCAFDFFFF
1786745816916,C7A4380000000000,B957B701,21D5B333,929D0000,12000000,4C000000,DF190000,F0230000,A9FBFFFF,A6F8FFFF,CCFDFFFF,C7A4380000000000B957B70121D5B333929D0000120000004C000000DF190000F0230000A9FBFFFFA6F8FFFFCCFDFFFF
1786745816916,2BA5380000000000,EB57B701,36D5B333,929D0000,12000000,4C000000,DF190000,26240000,A4FBFFFF,9BF8FFFF,CCFDFFFF,2BA5380000000000EB57B70136D5B333929D0000120000004C000000DF19000026240000A4FBFFFF9BF8FFFFCCFDFFFF
1786745816916,8FA5380000000000,1A58B701,4BD5B333,929D0000,12000000,4C000000,D9190000,5A240000,9FFBFFFF,91F8FFFF,C6FDFFFF,8FA53800000000001A58B7014BD5B333929D0000120000004C000000D91900005A2400009FFBFFFF91F8FFFFC6FDFFFF
1786745816916,F3A5380000000000,4758B701,5FD5B333,929D0000,12000000,4C000000,D8190000,8A240000,9AFBFFFF,87F8FFFF,C5FDFFFF,F3A53800000000004758B7015FD5B333929D0000120000004C000000D81900008A2400009AFBFFFF87F8FFFFC5FDFFFF
1786745816916,57A6380000000000,7458B701,72D5B333,929D0000,12000000,4C000000,D9190000,BB240000,95FBFFFF,7DF8FFFF,C6FDFFFF,57A63800000000007458B70172D5B333929D0000120000004C000000D9190000BB24000095FBFFFF7DF8FFFFC6FDFFFF
1786745816916,BCA6380000000000,9F58B701,85D5B333,929D0000,12000000,4C000000,DE190000,E9240000,91FBFFFF,74F8FFFF,CBFDFFFF,BCA63800000000009F58B70185D5B333929D0000120000004C000000DE190000E924000091FBFFFF74F8FFFFCBFDFFFF
1786745816916,20A7380000000000,C758B701,96D5B333,929D0000,12000000,4C000000,DF190000,15250000,8CFBFFFF,6CF8FFFF,CCFDFFFF,20A7380000000000C758B70196D5B333929D0000120000004C000000DF190000152500008CFBFFFF6CF8FFFFCCFDFFFF
1786745816916,84A7380000000000,EF58B701,A8D5B333,929D0000,12000000,4C000000,DC190000,40250000,88FBFFFF,63F8FFFF,C9FDFFFF,84A7380000000000EF58B701A8D5B333929D0000120000004C000000DC1900004025000088FBFFFF63F8FFFFC9FDFFFF
1786745816916,E8A7380000000000,1459B701,B8D5B333,929D0000,12000000,4C000000,DA190000,69250000,84FBFFFF,5BF8FFFF,C7FDFFFF,E8A73800000000001459B701B8D5B333929D0000120000004C000000DA1900006925000084FBFFFF5BF8FFFFC7FDFFFF
1786745817916,4CA8380000000000,3859B701,C7D5B333,929D0000,12000000,4C000000,D8190000,8F250000,80FBFFFF,54F8FFFF,C5FDFFFF,4CA83800000000003859B701C7D5B333929D0000120000004C000000D81900008F25000080FBFFFF54F8FFFFC5FDFFFF
1786745817916,B0A8380000000000,5A59B701,D7D5B333,929D0000,12000000,4C000000,D8190000,B5250000,7CFBFFFF,4DF8FFFF,C5FDFFFF,B0A83800000000005A59B701D7D5B333929D0000120000004C000000D8190000B52500007CFBFFFF4DF8FFFFC5FDFFFF
1786745817916,14A9380000000000,7B59B701,E5D5B333,929D0000,12000000,4C000000,DA190000,D8250000,79FBFFFF,46F8FFFF,C7FDFFFF,14A93800000000007B59B701E5D5B333929D0000120000004C000000DA190000D825000079FBFFFF46F8FFFFC7FDFFFF
1786745817916,79A9380000000000,9B59B701,F3D5B333,929D0000,12000000,4C000000,DA190000,FB250000,75FBFFFF,3FF8FFFF,C7FDFFFF,79A93800000000009B59B701F3D5B333929D0000120000004C000000DA190000FB25000075FBFFFF3FF8FFFFC7FDFFFF
1786745817916,DDA9380000000000,B959B701,00D6B333,929D0000,12000000,4C000000,D2190000,1C260000,72FBFFFF,39F8FFFF,BFFDFFFF,DDA9380000000000B959B70100D6B333929D0000120000004C000000D21900001C26000072FBFFFF39F8FFFFBFFDFFFF
1786745817916,41AA380000000000,D759B701,0DD6B333,929D0000,12000000,4C000000,CB190000,3C260000,6FFBFFFF,32F8FFFF,B8FDFFFF,41AA380000000000D759B7010DD6B333929D0000120000004C000000CB1900003C2600006FFBFFFF32F8FFFFB8FDFFFF
1786745817916,A5AA380000000000,F359B701,19D6B333,929D0000,12000000,4C000000,C7190000,5A260000,6CFBFFFF,2CF8FFFF,B4FDFFFF,A5AA380000000000F359B70119D6B333929D0000120000004C000000C71900005A2600006CFBFFFF2CF8FFFFB4FDFFFF
1786745817916,09AB380000000000,0E5AB701,25D6B333,929D0000,12000000,4C000000,B9190000,78260000,68FBFFFF,27F8FFFF,A6FDFFFF,09AB3800000000000E5AB70125D6B333929D0000120000004C000000B91900007826000068FBFFFF27F8FFFFA6FDFFFF
1786745817916,6DAB380000000000,275AB701,31D6B333,929D0000,12000000,4C000000,A4190000,93260000,65FBFFFF,21F8FFFF,91FDFFFF,6DAB380000000000275AB70131D6B333929D0000120000004C000000A41900009326000065FBFFFF21F8FFFF91FDFFFF
1786745817916,D1AB380000000000,405AB701,3CD6B333,929D0000,12000000,4C000000,8C190000,AE260000,62FBFFFF,1CF8FFFF,79FDFFFF,D1AB380000000000405AB7013CD6B333929D0000120000004C0000008C190000AE26000062FBFFFF1CF8FFFF79FDFFFF
1786745818916,36AC380000000000,595AB701,47D6B333,929D0000,12000000,4C000000,70190000,CA260000,5FFBFFFF,16F8FFFF,5DFDFFFF,36AC380000000000595AB70147D6B333929D0000120000004C00000070190000CA2600005FFBFFFF16F8FFFF5DFDFFFF
1786745818916,9AAC380000000000,715AB701,53D6B333,929D0000,12000000,4C000000,53190000,E4260000,5CFBFFFF,11F8FFFF,40FDFFFF,9AAC380000000000715AB70153D6B333929D0000120000004C00000053190000E42600005CFBFFFF11F8FFFF40FDFFFF
1786745818916,FEAC380000000000,875AB701,5DD6B333,929D0000,12000000,4C000000,37190000,FD260000,59FBFFFF,0DF8FFFF,24FDFFFF,FEAC380000000000875AB7015DD6B333929D0000120000004C00000037190000FD26000059FBFFFF0DF8FFFF24FDFFFF
1786745818916,62AD380000000000,9E5AB701,68D6B333,929D0000,12000000,4C000000,18190000,15270000,55FBFFFF,08F8FFFF,05FDFFFF,62AD3800000000009E5AB70168D6B333929D0000120000004C000000181900001527000055FBFFFF08F8FFFF05FDFFFF
1786745818916,C6AD380000000000,B45AB701,72D6B333,929D0000,12000000,4C000000,F3180000,2D270000,52FBFFFF,04F8FFFF,E0FCFFFF,C6AD380000000000B45AB70172D6B333929D0000120000004C000000F31800002D27000052FBFFFF04F8FFFFE0FCFFFF
1786745818916,2AAE380000000000,CA5AB701,7DD6B333,929D0000,12000000,4C000000,CA180000,46270000,4EFBFFFF,FFF7FFFF,B7FCFFFF,2AAE380000000000CA5AB7017DD6B333929D0000120000004C000000CA180000462700004EFBFFFFFFF7FFFFB7FCFFFF
1786745818916,8EAE380000000000,E05AB701,88D6B333,929D0000,12000000,4C000000,91180000,5E270000,4BFBFFFF,FBF7FFFF,7EFCFFFF,8EAE380000000000E05AB70188D6B333929D0000120000004C000000911800005E2700004BFBFFFFFBF7FFFF7EFCFFFF
1786745818916,F2AE380000000000,F65AB701,94D6B333,929D0000,12000000,4C000000,4E180000,76270000,47FBFFFF,F7F7FFFF,3BFCFFFF,F2AE380000000000F65AB70194D6B333929D0000120000004C0000004E1800007627000047FBFFFFF7F7FFFF3BFCFFFF
1786745818916,57AF380000000000,0B5BB701,9FD6B333,929D0000,12000000,4C000000,E9170000,8F270000,42FBFFFF,F2F7FFFF,D6FBFFFF,57AF3800000000000B5BB7019FD6B333929D0000120000004C000000E91700008F27000042FBFFFFF2F7FFFFD6FBFFFF
1786745818916,BBAF380000000000,215BB701,ACD6B333,929D0000,12000000,4C000000,70170000,A7270000,3DFBFFFF,EEF7FFFF,5DFBFFFF,BBAF380000000000215BB701ACD6B333929D0000120000004C00000070170000A72700003DFBFFFFEEF7FFFF5DFBFFFF
1786745819916,1FB0380000000000,345BB701,B7D6B333,929D0000,12000000,4C000000,E0160000,BC270000,38FBFFFF,EBF7FFFF,CDFAFFFF,1FB0380000000000345BB701B7D6B333929D0000120000004C000000E0160000BC27000038FBFFFFEBF7FFFFCDFAFFFF
1786745819916,83B0380000000000,465BB701,C3D6B333,929D0000,12000000,4C000000,3E160000,D1270000,32FBFFFF,E7F7FFFF,2BFAFFFF,83B0380000000000465BB701C3D6B333929D0000120000004C0000003E160000D127000032FBFFFFE7F7FFFF2BFAFFFF
1786745819916,E7B0380000000000,585BB701,CFD6B333,929D0000,12000000,4C000000,8C150000,E6270000,2CFBFFFF,E3F7FFFF,79F9FFFF,E7B0380000000000585BB701CFD6B333929D0000120000004C0000008C150000E62700002CFBFFFFE3F7FFFF79F9FFFF
1786745819916,4BB1380000000000,6A5BB701,DCD6B333,929D0000,12000000,4C000000,D8140000,FB270000,25FBFFFF,E0F7FFFF,C5F8FFFF,4BB13800000000006A5BB701DCD6B333929D0000120000004C000000D8140000FB27000025FBFFFFE0F7FFFFC5F8FFFF
1786745819916,AFB1380000000000,7B5BB701,EAD6B333,929D0000,12000000,4C000000,2D140000,10280000,1EFBFFFF,DCF7FFFF,1AF8FFFF,AFB13800000000007B5BB701EAD6B333929D0000120000004C0000002D140000102800001EFBFFFFDCF7FFFF1AF8FFFF
1786745819916,13B2380000000000,8C5BB701,F8D6B333,929D0000,12000000,4C000000,91130000,24280000,15FBFFFF,DAF7FFFF,7EF7FFFF,13B23800000000008C5BB701F8D6B333929D0000120000004C000000911300002428000015FBFFFFDAF7FFFF7EF7FFFF
1786745819916,78B2380000000000,9D5BB701,06D7B333,929D0000,12000000,4C000000,DA120000,39280000,0DFBFFFF,D7F7FFFF,C7F6FFFF,78B23800000000009D5BB70106D7B333929D0000120000004C000000DA120000392800000DFBFFFFD7F7FFFFC7F6FFFF
1786745819916,DCB2380000000000,AD5BB701,15D7B333,929D0000,12000000,4C000000,24120000,4D280000,03FBFFFF,D5F7FFFF,11F6FFFF,DCB2380000000000AD5BB70115D7B333929D0000120000004C000000241200004D28000003FBFFFFD5F7FFFF11F6FFFF
1786745819916,40B3380000000000,BD5BB701,25D7B333,929D0000,12000000,4C000000,62110000,60280000,F9FAFFFF,D2F7FFFF,4FF5FFFF,40B3380000000000BD5BB70125D7B333929D0000120000004C0000006211000060280000F9FAFFFFD2F7FFFF4FF5FFFF
1786745819916,A4B3380000000000,CC5BB701,35D7B333,929D0000,12000000,4C000000,A4100000,74280000,EFFAFFFF,D0F7FFFF,91F4FFFF,A4B3380000000000CC5BB70135D7B333929D0000120000004C000000A410000074280000EFFAFFFFD0F7FFFF91F4FFFF
1786745820916,08B4380000000000,DA5BB701,46D7B333,929D0000,12000000,4C000000,E50F0000,87280000,E3FAFFFF,CDF7FFFF,D2F3FFFF,08B4380000000000DA5BB70146D7B333929D0000120000004C000000E50F000087280000E3FAFFFFCDF7FFFFD2F3FFFF
1786745820916,6CB4380000000000,E85BB701,57D7B333,929D0000,12000000,4C000000,100F0000,99280000,D7FAFFFF,CAF7FFFF,FDF2FFFF,6CB4380000000000E85BB70157D7B333929D0000120000004C000000100F000099280000D7FAFFFFCAF7FFFFFDF2FFFF
1786745820916,D0B4380000000000,F55BB701,68D7B333,929D0000,12000000,4C000000,3A0E0000,AB280000,CBFAFFFF,C7F7FFFF,27F2FFFF,D0B4380000000000F55BB70168D7B333929D0000120000004C0000003A0E0000AB280000CBFAFFFFC7F7FFFF27F2FFFF
1786745820916,35B5380000000000,045CB701,7DD7B333,929D0000,12000000,4C000000,5F0D0000,BF280000,BCFAFFFF,C4F7FFFF,4CF1FFFF,35B5380000000000045CB7017DD7B333929D0000120000004C0000005F0D0000BF280000BCFAFFFFC4F7FFFF4CF1FFFF
1786745820916,99B5380000000000,115CB701,91D7B333,929D0000,12000000,4C000000,7C0C0000,D2280000,ACFAFFFF,C1F7FFFF,69F0FFFF,99B5380000000000115CB70191D7B333929D0000120000004C0000007C0C0000D2280000ACFAFFFFC1F7FFFF69F0FFFF
1786745820916,FDB5380000000000,1E5CB701,A7D7B333,929D0000,12000000,4C000000,9C0B0000,E4280000,9CFAFFFF,BDF7FFFF,89EFFFFF,FDB53800000000001E5CB701A7D7B333929D0000120000004C0000009C0B0000E42800009CFAFFFFBDF7FFFF89EFFFFF
1786745820916,61B6380000000000,295CB701,BDD7B333,929D0000,12000000,4C000000,AF0A0000,F6280000,8AFAFFFF,BAF7FFFF,9CEEFFFF,61B6380000000000295CB701BDD7B333929D0000120000004C000000AF0A0000F62800008AFAFFFFBAF7FFFF9CEEFFFF
1786745820916,C5B6380000000000,355CB701,D5D7B333,929D0000,12000000,4C000000,C7090000,09290000,76FAFFFF,B6F7FFFF,B4EDFFFF,C5B6380000000000355CB701D5D7B333929D0000120000004C000000C70900000929000076FAFFFFB6F7FFFFB4EDFFFF
1786745820916,29B7380000000000,405CB701,EFD7B333,929D0000,12000000,4C000000,DD080000,1B290000,62FAFFFF,B2F7FFFF,CAECFFFF,29B7380000000000405CB701EFD7B333929D0000120000004C000000DD0800001B29000062FAFFFFB2F7FFFFCAECFFFF
1786745820916,8DB7380000000000,4A5CB701,08D8B333,929D0000,12000000,4C000000,DF070000,2C290000,4CFAFFFF,ADF7FFFF,CCEBFFFF,8DB73800000000004A5CB70108D8B333929D0000120000004C000000DF0700002C2900004CFAFFFFADF7FFFFCCEBFFFF
1786745821916,F1B7380000000000,535CB701,25D8B333,929D0000,12000000,4C000000,E1060000,3E290000,34FAFFFF,A8F7FFFF,CEEAFFFF,F1B7380000000000535CB70125D8B333929D0000120000004C000000E10600003E29000034FAFFFFA8F7FFFFCEEAFFFF
1786745821916,56B8380000000000,5C5CB701,42D8B333,929D0000,12000000,4C000000,F0050000,4F290000,1BFAFFFF,A4F7FFFF,DDE9FFFF,56B83800000000005C5CB70142D8B333929D0000120000004C000000F00500004F2900001BFAFFFFA4F7FFFFDDE9FFFF
1786745821916,BAB8380000000000,635CB701,62D8B333,929D0000,12000000,4C000000,E6040000,60290000,FFF9FFFF,9FF7FFFF,D3E8FFFF,BAB8380000000000635CB70162D8B333929D0000120000004C000000E604000060290000FFF9FFFF9FF7FFFFD3E8FFFF
1786745821916,1EB9380000000000,695CB701,82D8B333,929D0000,12000000,4C000000,DB030000,70290000,E2F9FFFF,9AF7FFFF,C8E7FFFF,1EB9380000000000695CB70182D8B333929D0000120000004C000000DB03000070290000E2F9FFFF9AF7FFFFC8E7FFFF
1786745821916,82B9380000000000,6E5CB701,A3D8B333,929D0000,12000000,4C000000,E2020000,7E290000,C4F9FFFF,94F7FFFF,CFE6FFFF,82B93800000000006E5CB701A3D8B333929D0000120000004C000000E20200007E290000C4F9FFFF94F7FFFFCFE6FFFF
1786745821916,E6B9380000000000,715CB701,C6D8B333,929D0000,12000000,4C000000,FC010000,8C290000,A4F9FFFF,8EF7FFFF,E9E5FFFF,E6B9380000000000715CB701C6D8B333929D0000120000004C000000FC0100008C290000A4F9FFFF8EF7FFFFE9E5FFFF
1786745821916,4ABA380000000000,745CB701,EAD8B333,929D0000,12000000,4C000000,25010000,9A290000,83F9FFFF,88F7FFFF,12E5FFFF,4ABA380000000000745CB701EAD8B333929D0000120000004C000000250100009A29000083F9FFFF88F7FFFF12E5FFFF
1786745821916,AEBA380000000000,755CB701,0DD9B333,929D0000,12000000,4C000000,62000000,A5290000,61F9FFFF,82F7FFFF,4FE4FFFF,AEBA380000000000755CB7010DD9B333929D0000120000004C00000062000000A529000061F9FFFF82F7FFFF4FE4FFFF
1786745821916,12BB380000000000,755CB701,34D9B333,929D0000,12000000,4C000000,AFFFFFFF,B1290000,3CF9FFFF,7BF7FFFF,9BE3FFFF,12BB380000000000755CB70134D9B333929D0000120000004C000000AFFFFFFFB12900003CF9FFFF7BF7FFFF9BE3FFFF
1786745821916,77BB380000000000,735CB701,5AD9B333,929D0000,12000000,4C000000,F5FEFFFF,BB290000,18F9FFFF,74F7FFFF,E1E2FFFF,77BB380000000000735CB7015AD9B333929D0000120000004C000000F5FEFFFFBB29000018F9FFFF74F7FFFFE1E2FFFF
1786745822916,DBBB380000000000,715CB701,80D9B333,929D0000,12000000,4C000000,2BFEFFFF,C5290000,F3F8FFFF,6DF7FFFF,17E2FFFF,DBBB380000000000715CB70180D9B333929D0000120000004C0000002BFEFFFFC5290000F3F8FFFF6DF7FFFF17E2FFFF
1786745822916,3FBC380000000000,6C5CB701,A9D9B333,929D0000,12000000,4C000000,6FFDFFFF,CD290000,CBF8FFFF,65F7FFFF,5BE1FFFF,3FBC3800000000006C5CB701A9D9B333929D0000120000004C0000006FFDFFFFCD290000CBF8FFFF65F7FFFF5BE1FFFF
1786745822916,A3BC380000000000,675CB701,D1D9B333,929D0000,12000000,4C000000,B9FCFFFF,D4290000,A2F8FFFF,5DF7FFFF,A5E0FFFF,A3BC380000000000675CB701D1D9B333929D0000120000004C000000B9FCFFFFD4290000A2F8FFFF5DF7FFFFA5E0FFFF
1786745822916,07BD380000000000,605CB701,F9D9B333,929D0000,12000000,4C000000,1BFCFFFF,DA290000,7AF8FFFF,54F7FFFF,07E0FFFF,07BD380000000000605CB701F9D9B333929D0000120000004C0000001BFCFFFFDA2900007AF8FFFF54F7FFFF07E0FFFF
1786745822916,6BBD380000000000,585CB701,24DAB333,929D0000,12000000,4C000000,99FBFFFF,DF290000,4FF8FFFF,4BF7FFFF,85DFFFFF,6BBD380000000000585CB70124DAB333929D0000120000004C00000099FBFFFFDF2900004FF8FFFF4BF7FFFF85DFFFFF
1786745822916,CFBD380000000000,4F5CB701,4FDAB333,929D0000,12000000,4C000000,3AFBFFFF,E4290000,24F8FFFF,42F7FFFF,26DFFFFF,CFBD3800000000004F5CB7014FDAB333929D0000120000004C0000003AFBFFFFE429000024F8FFFF42F7FFFF26DFFFFF
1786745822916,34BE380000000000,465CB701,79DAB333,929D0000,12000000,4C000000,F3FAFFFF,E8290000,F8F7FFFF,39F7FFFF,DFDEFFFF,34BE380000000000465CB70179DAB333929D0000120000004C000000F3FAFFFFE8290000F8F7FFFF39F7FFFFDFDEFFFF
1786745822916,98BE380000000000,3C5CB701,A4DAB333,929D0000,12000000,4C000000,B5FAFFFF,EC290000,CDF7FFFF,30F7FFFF,A1DEFFFF,98BE3800000000003C5CB701A4DAB333929D0000120000004C000000B5FAFFFFEC290000CDF7FFFF30F7FFFFA1DEFFFF
1786745822916,FCBE380000000000,315CB701,D0DAB333,929D0000,12000000,4C000000,70FAFFFF,EF290000,9FF7FFFF,26F7FFFF,5CDEFFFF,FCBE380000000000315CB701D0DAB333929D0000120000004C00000070FAFFFFEF2900009FF7FFFF26F7FFFF5CDEFFFF
1786745822916,60BF380000000000,255CB701,FDDAB333,929D0000,12000000,4C000000,21FAFFFF,F2290000,71F7FFFF,1CF7FFFF,0DDEFFFF,60BF380000000000255CB701FDDAB333929D0000120000004C00000021FAFFFFF229000071F7FFFF1CF7FFFF0DDEFFFF
1786745823917,C4BF380000000000,185CB701,2ADBB333,929D0000,12000000,4C000000,D1F9FFFF,F3290000,42F7FFFF,12F7FFFF,BDDDFFFF,C4BF380000000000185CB7012ADBB333929D0000120000004C000000D1F9FFFFF329000042F7FFFF12F7FFFFBDDDFFFF
1786745823917,28C0380000000000,0C5CB701,56DBB333,929D0000,12000000,4C000000,84F9FFFF,F5290000,15F7FFFF,07F7FFFF,70DDFFFF,28C03800000000000C5CB70156DBB333929D0000120000004C00000084F9FFFFF529000015F7FFFF07F7FFFF70DDFFFF
1786745823917,8CC0380000000000,FE5BB701,82DBB333,929D0000,12000000,4C000000,34F9FFFF,F6290000,E7F6FFFF,FDF6FFFF,20DDFFFF,8CC0380000000000FE5BB70182DBB333929D0000120000004C00000034F9FFFFF6290000E7F6FFFFFDF6FFFF20DDFFFF
1786745823917,F1C0380000000000,F05BB701,AFDBB333,929D0000,12000000,4C000000,DFF8FFFF,F6290000,B7F6FFFF,EEF6FFFF,CBDCFFFF,F1C0380000000000F05BB701AFDBB333929D0000120000004C000000DFF8FFFFF6290000B7F6FFFFEEF6FFFFCBDCFFFF
1786745823917,55C1380000000000,E05BB701,DDDBB333,929D0000,12000000,4C000000,88F8FFFF,F5290000,87F6FFFF,E0F6FFFF,74DCFFFF,55C1380000000000E05BB701DDDBB333929D0000120000004C00000088F8FFFFF529000087F6FFFFE0F6FFFF74DCFFFF
1786745823917,B9C1380000000000,D05BB701,0ADCB333,929D0000,12000000,4C000000,21F8FFFF,F3290000,57F6FFFF,D2F6FFFF,0DDCFFFF,B9C1380000000000D05BB7010ADCB333929D0000120000004C00000021F8FFFFF329000057F6FFFFD2F6FFFF0DDCFFFF
1786745823917,1DC2380000000000,BE5BB701,39DCB333,929D0000,12000000,4C000000,BCF7FFFF,F1290000,24F6FFFF,C3F6FFFF,A8DBFFFF,1DC2380000000000BE5BB70139DCB333929D0000120000004C000000BCF7FFFFF129000024F6FFFFC3F6FFFFA8DBFFFF
1786745823917,81C2380000000000,AC5BB701,68DCB333,929D0000,12000000,4C000000,58F7FFFF,ED290000,F2F5FFFF,B4F6FFFF,44DBFFFF,81C2380000000000AC5BB70168DCB333929D0000120000004C00000058F7FFFFED290000F2F5FFFFB4F6FFFF44DBFFFF
1786745823917,E5C2380000000000,985BB701,97DCB333,929D0000,12000000,4C000000,FCF6FFFF,E9290000,C0F5FFFF,A4F6FFFF,E8DAFFFF,E5C2380000000000985BB70197DCB333929D0000120000004C000000FCF6FFFFE9290000C0F5FFFFA4F6FFFFE8DAFFFF
1786745823917,49C3380000000000,845BB701,C5DCB333,929D0000,12000000,4C000000,BBF6FFFF,E4290000,8DF5FFFF,95F6FFFF,A7DAFFFF,49C3380000000000845BB701C5DCB333929D0000120000004C000000BBF6FFFFE42900008DF5FFFF95F6FFFFA7DAFFFF
1786745824917,ADC3380000000000,6F5BB701,F3DCB333,929D0000,12000000,4C000000,92F6FFFF,DF290000,5BF5FFFF,86F6FFFF,7EDAFFFF,ADC33800000000006F5BB701F3DCB333929D0000120000004C00000092F6FFFFDF2900005BF5FFFF86F6FFFF7EDAFFFF
1786745824917,12C4380000000000,595BB701,24DDB333,929D0000,12000000,4C000000,74F6FFFF,D9290000,25F5FFFF,76F6FFFF,60DAFFFF,12C4380000000000595BB70124DDB333929D0000120000004C00000074F6FFFFD929000025F5FFFF76F6FFFF60DAFFFF
1786745824917,76C4380000000000,445BB701,54DDB333,929D0000,12000000,4C000000,5DF6FFFF,D3290000,F1F4FFFF,66F6FFFF,49DAFFFF,76C4380000000000445BB70154DDB333929D0000120000004C0000005DF6FFFFD3290000F1F4FFFF66F6FFFF49DAFFFF
1786745824917,DAC4380000000000,2E5BB701,85DDB333,929D0000,12000000,4C000000,4CF6FFFF,CD290000,BDF4FFFF,55F6FFFF,38DAFFFF,DAC43800000000002E5BB70185DDB333929D0000120000004C0000004CF6FFFFCD290000BDF4FFFF55F6FFFF38DAFFFF
1786745824917,3EC5380000000000,185BB701,B5DDB333,929D0000,12000000,4C000000,43F6FFFF,C7290000,88F4FFFF,45F6FFFF,2FDAFFFF,3EC5380000000000185BB701B5DDB333929D0000120000004C00000043F6FFFFC729000088F4FFFF45F6FFFF2FDAFFFF
1786745824917,A2C5380000000000,015BB701,E5DDB333,929D0000,12000000,4C000000,44F6FFFF,C0290000,53F4FFFF,34F6FFFF,30DAFFFF,A2C5380000000000015BB701E5DDB333929D0000120000004C00000044F6FFFFC029000053F4FFFF34F6FFFF30DAFFFF
1786745824917,06C6380000000000,EA5AB701,18DEB333,929D0000,12000000,4C000000,4AF6FFFF,BA290000,1CF4FFFF,23F6FFFF,36DAFFFF,06C6380000000000EA5AB70118DEB333929D0000120000004C0000004AF6FFFFBA2900001CF4FFFF23F6FFFF36DAFFFF
1786745824917,6AC6380000000000,D35AB701,4ADEB333,929D0000,12000000,4C000000,53F6FFFF,B3290000,E5F3FFFF,12F6FFFF,3FDAFFFF,6AC6380000000000D35AB7014ADEB333929D0000120000004C00000053F6FFFFB3290000E5F3FFFF12F6FFFF3FDAFFFF
1786745824917,CEC6380000000000,BC5AB701,7DDEB333,929D0000,12000000,4C000000,58F6FFFF,AD290000,ADF3FFFF,01F6FFFF,44DAFFFF,CEC6380000000000BC5AB7017DDEB333929D0000120000004C00000058F6FFFFAD290000ADF3FFFF01F6FFFF44DAFFFF
1786745824917,33C7380000000000,A55AB701,B0DEB333,929D0000,12000000,4C000000,5DF6FFFF,A7290000,76F3FFFF,F0F5FFFF,49DAFFFF,33C7380000000000A55AB701B0DEB333929D0000120000004C0000005DF6FFFFA729000076F3FFFFF0F5FFFF49DAFFFF
1786745825916,97C7380000000000,8D5AB701,E4DEB333,929D0000,12000000,4C000000,5CF6FFFF,A0290000,3DF3FFFF,DEF5FFFF,48DAFFFF,97C73800000000008D5AB701E4DEB333929D0000120000004C0000005CF6FFFFA02900003DF3FFFFDEF5FFFF48DAFFFF
1786745825916,FBC7380000000000,775AB701,15DFB333,929D0000,12000000,4C000000,58F6FFFF,9A290000,07F3FFFF,CEF5FFFF,44DAFFFF,FBC7380000000000775AB70115DFB333929D0000120000004C00000058F6FFFF9A29000007F3FFFFCEF5FFFF44DAFFFF
1786745825916,5FC8380000000000,5E5AB701,4BDFB333,929D0000,12000000,4C000000,58F6FFFF,93290000,CDF2FFFF,BCF5FFFF,44DAFFFF,5FC83800000000005E5AB7014BDFB333929D0000120000004C00000058F6FFFF93290000CDF2FFFFBCF5FFFF44DAFFFF
1786745825916,C3C8380000000000,465AB701,80DFB333,929D0000,12000000,4C000000,59F6FFFF,8C290000,93F2FFFF,ABF5FFFF,45DAFFFF,C3C8380000000000465AB70180DFB333929D0000120000004C00000059F6FFFF8C29000093F2FFFFABF5FFFF45DAFFFF
1786745825916,27C9380000000000,2E5AB701,B5DFB333,929D0000,12000000,4C000000,5AF6FFFF,85290000,58F2FFFF,99F5FFFF,46DAFFFF,27C93800000000002E5AB701B5DFB333929D0000120000004C0000005AF6FFFF8529000058F2FFFF99F5FFFF46DAFFFF
1786745825916,8BC9380000000000,155AB701,EBDFB333,929D0000,12000000,4C000000,5FF6FFFF,7F290000,1EF2FFFF,87F5FFFF,4BDAFFFF,8BC9380000000000155AB701EBDFB333929D0000120000004C0000005FF6FFFF7F2900001EF2FFFF87F5FFFF4BDAFFFF
1786745825916,F0C9380000000000,FE59B701,20E0B333,929D0000,12000000,4C000000,66F6FFFF,78290000,E4F1FFFF,76F5FFFF,52DAFFFF,F0C9380000000000FE59B70120E0B333929D0000120000004C00000066F6FFFF78290000E4F1FFFF76F5FFFF52DAFFFF
1786745825916,54CA380000000000,E459B701,57E0B333,929D0000,12000000,4C000000,69F6FFFF,71290000,A7F1FFFF,63F5FFFF,55DAFFFF,54CA380000000000E459B70157E0B333929D0000120000004C00000069F6FFFF71290000A7F1FFFF63F5FFFF55DAFFFF
1786745825916,B8CA380000000000,CB59B701,8FE0B333,929D0000,12000000,4C000000,6BF6FFFF,6B290000,6BF1FFFF,51F5FFFF,57DAFFFF,B8CA380000000000CB59B7018FE0B333929D0000120000004C0000006BF6FFFF6B2900006BF1FFFF51F5FFFF57DAFFFF
1786745825916,1CCB380000000000,B259B701,C7E0B333,929D0000,12000000,4C000000,6FF6FFFF,64290000,2EF1FFFF,3EF5FFFF,5BDAFFFF,1CCB380000000000B259B701C7E0B333929D0000120000004C0000006FF6FFFF642900002EF1FFFF3EF5FFFF5BDAFFFF
1786745826916,81CB380000000000,9859B701,00E1B333,929D0000,12000000,4C000000,6FF6FFFF,5D290000,F0F0FFFF,2BF5FFFF,5BDAFFFF,81CB3800000000009859B70100E1B333929D0000120000004C0000006FF6FFFF5D290000F0F0FFFF2BF5FFFF5BDAFFFF
1786745826916,E4CB380000000000,8059B701,37E1B333,929D0000,12000000,4C000000,72F6FFFF,56290000,B4F0FFFF,1AF5FFFF,5EDAFFFF,E4CB3800000000008059B70137E1B333929D0000120000004C00000072F6FFFF56290000B4F0FFFF1AF5FFFF5EDAFFFF
1786745826916,48CC380000000000,6759B701,6FE1B333,929D0000,12000000,4C000000,70F6FFFF,4F290000,77F0FFFF,08F5FFFF,5CDAFFFF,48CC3800000000006759B7016FE1B333929D0000120000004C00000070F6FFFF4F29000077F0FFFF08F5FFFF5CDAFFFF
1786745826916,ACCC380000000000,4C59B701,A9E1B333,929D0000,12000000,4C000000,6EF6FFFF,48290000,38F0FFFF,F6F4FFFF,5ADAFFFF,ACCC3800000000004C59B701A9E1B333929D0000120000004C0000006EF6FFFF4829000038F0FFFFF6F4FFFF5ADAFFFF
1786745826916,11CD380000000000,3259B701,E3E1B333,929D0000,12000000,4C000000,69F6FFFF,41290000,F8EFFFFF,E4F4FFFF,55DAFFFF,11CD3800000000003259B701E3E1B333929D0000120000004C00000069F6FFFF41290000F8EFFFFFE4F4FFFF55DAFFFF
1786745826916,75CD380000000000,1759B701,1EE2B333,929D0000,12000000,4C000000,6AF6FFFF,3A290000,B8EFFFFF,D2F4FFFF,56DAFFFF,75CD3800000000001759B7011EE2B333929D0000120000004C0000006AF6FFFF3A290000B8EFFFFFD2F4FFFF56DAFFFF
1786745826916,D9CD380000000000,FD58B701,59E2B333,929D0000,12000000,4C000000,65F6FFFF,32290000,78EFFFFF,C1F4FFFF,51DAFFFF,D9CD380000000000FD58B70159E2B333929D0000120000004C00000065F6FFFF3229000078EFFFFFC1F4FFFF51DAFFFF
1786745826916,3DCE380000000000,E158B701,96E2B333,929D0000,12000000,4C000000,64F6FFFF,2B290000,35EFFFFF,B0F4FFFF,50DAFFFF,3DCE380000000000E158B70196E2B333929D0000120000004C00000064F6FFFF2B29000035EFFFFFB0F4FFFF50DAFFFF
1786745826916,A1CE380000000000,C558B701,D3E2B333,929D0000,12000000,4C000000,5DF6FFFF,23290000,F2EEFFFF,9EF4FFFF,49DAFFFF,A1CE380000000000C558B701D3E2B333929D0000120000004C0000005DF6FFFF23290000F2EEFFFF9EF4FFFF49DAFFFF
1786745826916,05CF380000000000,A958B701,11E3B333,929D0000,12000000,4C000000,58F6FFFF,1C290000,AFEEFFFF,8DF4FFFF,44DAFFFF,05CF380000000000A958B70111E3B333929D0000120000004C00000058F6FFFF1C290000AFEEFFFF8DF4FFFF44DAFFFF
1786745827916,69CF380000000000,8D58B701,4EE3B333,929D0000,12000000,4C000000,59F6FFFF,14290000,6CEEFFFF,7CF4FFFF,45DAFFFF,69CF3800000000008D58B7014EE3B333929D0000120000004C00000059F6FFFF142900006CEEFFFF7CF4FFFF45DAFFFF
1786745827916,CDCF380000000000,7258B701,8BE3B333,929D0000,12000000,4C000000,57F6FFFF,0C290000,2AEEFFFF,6AF4FFFF,43DAFFFF,CDCF3800000000007258B7018BE3B333929D0000120000004C00000057F6FFFF0C2900002AEEFFFF6AF4FFFF43DAFFFF
1786745827916,32D0380000000000,5558B701,CAE3B333,929D0000,12000000,4C000000,4EF6FFFF,04290000,E4EDFFFF,58F4FFFF,3ADAFFFF,32D03800000000005558B701CAE3B333929D0000120000004C0000004EF6FFFF04290000E4EDFFFF58F4FFFF3ADAFFFF
1786745827916,96D0380000000000,3858B701,0AE4B333,929D0000,12000000,4C000000,41F6FFFF,FC280000,9FEDFFFF,46F4FFFF,2DDAFFFF,96D03800000000003858B7010AE4B333929D0000120000004C00000041F6FFFFFC2800009FEDFFFF46F4FFFF2DDAFFFF
1786745827916,FAD0380000000000,1A58B701,49E4B333,929D0000,12000000,4C000000,31F6FFFF,F3280000,5AEDFFFF,34F4FFFF,1DDAFFFF,FAD03800000000001A58B70149E4B333929D0000120000004C00000031F6FFFFF32800005AEDFFFF34F4FFFF1DDAFFFF
1786745827916,5ED1380000000000,FC57B701,89E4B333,929D0000,12000000,4C000000,23F6FFFF,EA280000,13EDFFFF,21F4FFFF,0FDAFFFF,5ED1380000000000FC57B70189E4B333929D0000120000004C00000023F6FFFFEA28000013EDFFFF21F4FFFF0FDAFFFF
1786745827916,C2D1380000000000,DF57B701,C8E4B333,929D0000,12000000,4C000000,14F6FFFF,E2280000,CFECFFFF,10F4FFFF,00DAFFFF,C2D1380000000000DF57B701C8E4B333929D0000120000004C00000014F6FFFFE2280000CFECFFFF10F4FFFF00DAFFFF
1786745827916,26D2380000000000,C157B701,07E5B333,929D0000,12000000,4C000000,07F6FFFF,D9280000,89ECFFFF,FEF3FFFF,F3D9FFFF,26D2380000000000C157B70107E5B333929D0000120000004C00000007F6FFFFD928000089ECFFFFFEF3FFFFF3D9FFFF
1786745827916,8BD2380000000000,A257B701,49E5B333,929D0000,12000000,4C000000,FAF5FFFF,CF280000,41ECFFFF,EBF3FFFF,E6D9FFFF,8BD2380000000000A257B70149E5B333929D0000120000004C000000FAF5FFFFCF28000041ECFFFFEBF3FFFFE6D9FFFF
1786745827916,EFD2380000000000,8357B701,8BE5B333,929D0000,12000000,4C000000,EFF5FFFF,C5280000,F9EBFFFF,D9F3FFFF,DBD9FFFF,EFD23800000000008357B7018BE5B333929D0000120000004C000000EFF5FFFFC5280000F9EBFFFFD9F3FFFFDBD9FFFF
1786745828916,53D3380000000000,6357B701,CDE5B333,929D0000,12000000,4C000000,E2F5FFFF,BC280000,B1EBFFFF,C6F3FFFF,CED9FFFF,53D33800000000006357B701CDE5B333929D0000120000004C000000E2F5FFFFBC280000B1EBFFFFC6F3FFFFCED9FFFF
1786745828916,B7D3380000000000,4457B701,0DE6B333,929D0000,12000000,4C000000,D3F5FFFF,B2280000,6AEBFFFF,B3F3FFFF,BFD9FFFF,B7D33800000000004457B7010DE6B333929D0000120000004C000000D3F5FFFFB22800006AEBFFFFB3F3FFFFBFD9FFFF
1786745828916,1BD4380000000000,2357B701,51E6B333,929D0000,12000000,4C000000,CEF5FFFF,A7280000,1FEBFFFF,9FF3FFFF,BAD9FFFF,1BD43800000000002357B70151E6B333929D0000120000004C000000CEF5FFFFA72800001FEBFFFF9FF3FFFFBAD9FFFF
1786745828916,7FD4380000000000,0257B701,95E6B333,929D0000,12000000,4C000000,C7F5FFFF,9D280000,D5EAFFFF,8AF3FFFF,B3D9FFFF,7FD43800000000000257B70195E6B333929D0000120000004C000000C7F5FFFF9D280000D5EAFFFF8AF3FFFFB3D9FFFF
1786745828916,E3D4380000000000,E156B701,D8E6B333,929D0000,12000000,4C000000,C0F5FFFF,92280000,8BEAFFFF,76F3FFFF,ACD9FFFF,E3D4380000000000E156B701D8E6B333929D0000120000004C000000C0F5FFFF922800008BEAFFFF76F3FFFFACD9FFFF
1786745828916,47D5380000000000,C056B701,1CE7B333,929D0000,12000000,4C000000,B0F5FFFF,87280000,40EAFFFF,62F3FFFF,9CD9FFFF,47D5380000000000C056B7011CE7B333929D0000120000004C000000B0F5FFFF8728000040EAFFFF62F3FFFF9CD9FFFF
1786745828916,ABD5380000000000,9F56B701,5FE7B333,929D0000,12000000,4C000000,AAF5FFFF,7C280000,F5E9FFFF,4FF3FFFF,96D9FFFF,ABD53800000000009F56B7015FE7B333929D0000120000004C000000AAF5FFFF7C280000F5E9FFFF4FF3FFFF96D9FFFF
1786745828916,10D6380000000000,7D56B701,A3E7B333,929D0000,12000000,4C000000,A7F5FFFF,71280000,ABE9FFFF,3CF3FFFF,93D9FFFF,10D63800000000007D56B701A3E7B333929D0000120000004C000000A7F5FFFF71280000ABE9FFFF3CF3FFFF93D9FFFF
1786745828916,74D6380000000000,5C56B701,E6E7B333,929D0000,12000000,4C000000,A3F5FFFF,66280000,60E9FFFF,29F3FFFF,8FD9FFFF,74D63800000000005C56B701E6E7B333929D0000120000004C000000A3F5FFFF6628000060E9FFFF29F3FFFF8FD9FFFF
1786745828916,D8D6380000000000,3956B701,2CE8B333,929D0000,12000000,4C000000,9EF5FFFF,5B280000,13E9FFFF,15F3FFFF,8AD9FFFF,D8D63800000000003956B7012CE8B333929D0000120000004C0000009EF5FFFF5B28000013E9FFFF15F3FFFF8AD9FFFF
1786745829916,3CD7380000000000,1656B701,73E8B333,929D0000,12000000,4C000000,99F5FFFF,4F280000,C5E8FFFF,01F3FFFF,85D9FFFF,3CD73800000000001656B70173E8B333929D0000120000004C00000099F5FFFF4F280000C5E8FFFF01F3FFFF85D9FFFF
1786745829916,A0D7380000000000,F455B701,B8E8B333,929D0000,12000000,4C000000,91F5FFFF,44280000,79E8FFFF,EDF2FFFF,7DD9FFFF,A0D7380000000000F455B701B8E8B333929D0000120000004C00000091F5FFFF4428000079E8FFFFEDF2FFFF7DD9FFFF
1786745829916,04D8380000000000,D155B701,FEE8B333,929D0000,12000000,4C000000,85F5FFFF,38280000,2CE8FFFF,D9F2FFFF,71D9FFFF,04D8380000000000D155B701FEE8B333929D0000120000004C00000085F5FFFF382800002CE8FFFFD9F2FFFF71D9FFFF
1786745829916,68D8380000000000,AE55B701,44E9B333,929D0000,12000000,4C000000,6FF5FFFF,2C280000,DFE7FFFF,C5F2FFFF,5BD9FFFF,68D8380000000000AE55B70144E9B333929D0000120000004C0000006FF5FFFF2C280000DFE7FFFFC5F2FFFF5BD9FFFF
1786745829916,CDD8380000000000,8B55B701,89E9B333,929D0000,12000000,4C000000,5CF5FFFF,20280000,91E7FFFF,B1F2FFFF,48D9FFFF,CDD83800000000008B55B70189E9B333929D0000120000004C0000005CF5FFFF2028000091E7FFFFB1F2FFFF48D9FFFF
1786745829916,31D9380000000000,6755B701,CFE9B333,929D0000,12000000,4C000000,49F5FFFF,13280000,44E7FFFF,9DF2FFFF,35D9FFFF,31D93800000000006755B701CFE9B333929D0000120000004C00000049F5FFFF1328000044E7FFFF9DF2FFFF35D9FFFF
1786745829916,95D9380000000000,4255B701,16EAB333,929D0000,12000000,4C000000,38F5FFFF,06280000,F5E6FFFF,88F2FFFF,24D9FFFF,95D93800000000004255B70116EAB333929D0000120000004C00000038F5FFFF06280000F5E6FFFF88F2FFFF24D9FFFF
1786745829916,F9D9380000000000,1D55B701,5EEAB333,929D0000,12000000,4C000000,25F5FFFF,F8270000,A5E6FFFF,73F2FFFF,11D9FFFF,F9D93800000000001D55B7015EEAB333929D0000120000004C00000025F5FFFFF8270000A5E6FFFF73F2FFFF11D9FFFF
1786745829916,5DDA380000000000,F754B701,A5EAB333,929D0000,12000000,4C000000,16F5FFFF,EB270000,56E6FFFF,5EF2FFFF,02D9FFFF,5DDA380000000000F754B701A5EAB333929D0000120000004C00000016F5FFFFEB27000056E6FFFF5EF2FFFF02D9FFFF
1786745829916,C1DA380000000000,D254B701,EDEAB333,929D0000,12000000,4C000000,0CF5FFFF,DD270000,06E6FFFF,49F2FFFF,F8D8FFFF,C1DA380000000000D254B701EDEAB333929D0000120000004C0000000CF5FFFFDD27000006E6FFFF49F2FFFFF8D8FFFF
1786745830916,25DB380000000000,AC54B701,35EBB333,929D0000,12000000,4C000000,08F5FFFF,CF270000,B6E5FFFF,35F2FFFF,F4D8FFFF,25DB380000000000AC54B70135EBB333929D0000120000004C00000008F5FFFFCF270000B6E5FFFF35F2FFFFF4D8FFFF
1786745830916,8ADB380000000000,8654B701,7CEBB333,929D0000,12000000,4C000000,03F5FFFF,C0270000,66E5FFFF,21F2FFFF,EFD8FFFF,8ADB3800000000008654B7017CEBB333929D0000120000004C00000003F5FFFFC027000066E5FFFF21F2FFFFEFD8FFFF
1786745830916,EEDB380000000000,6054B701,C3EBB333,929D0000,12000000,4C000000,01F5FFFF,B3270000,17E5FFFF,0DF2FFFF,EDD8FFFF,EEDB3800000000006054B701C3EBB333929D0000120000004C00000001F5FFFFB327000017E5FFFF0DF2FFFFEDD8FFFF
1786745830916,52DC380000000000,3A54B701,0BECB333,929D0000,12000000,4C000000,03F5FFFF,A4270000,C7E4FFFF,F9F1FFFF,EFD8FFFF,52DC3800000000003A54B7010BECB333929D0000120000004C00000003F5FFFFA4270000C7E4FFFFF9F1FFFFEFD8FFFF
1786745830916,B6DC380000000000,1554B701,52ECB333,929D0000,12000000,4C000000,FCF4FFFF,96270000,78E4FFFF,E4F1FFFF,E8D8FFFF,B6DC3800000000001554B70152ECB333929D0000120000004C000000FCF4FFFF9627000078E4FFFFE4F1FFFFE8D8FFFF
1786745830916,1ADD380000000000,EF53B701,99ECB333,929D0000,12000000,4C000000,EFF4FFFF,88270000,29E4FFFF,CFF1FFFF,DBD8FFFF,1ADD380000000000EF53B70199ECB333929D0000120000004C000000EFF4FFFF8827000029E4FFFFCFF1FFFFDBD8FFFF
1786745830916,7EDD380000000000,C953B701,E0ECB333,929D0000,12000000,4C000000,E0F4FFFF,7A270000,DAE3FFFF,BBF1FFFF,CCD8FFFF,7EDD380000000000C953B701E0ECB333929D0000120000004C000000E0F4FFFF7A270000DAE3FFFFBBF1FFFFCCD8FFFF
1786745830916,E2DD380000000000,A253B701,28EDB333,929D0000,12000000,4C000000,D2F4FFFF,6B270000,89E3FFFF,A6F1FFFF,BED8FFFF,E2DD380000000000A253B70128EDB333929D0000120000004C000000D2F4FFFF6B27000089E3FFFFA6F1FFFFBED8FFFF
1786745830916,46DE380000000000,7C53B701,6EEDB333,929D0000,12000000,4C000000,C3F4FFFF,5C270000,3BE3FFFF,91F1FFFF,AFD8FFFF,46DE3800000000007C53B7016EEDB333929D0000120000004C000000C3F4FFFF5C2700003BE3FFFF91F1FFFFAFD8FFFF
1786745830916,ABDE380000000000,5553B701,B5EDB333,929D0000,12000000,4C000000,ADF4FFFF,4D270000,ECE2FFFF,7CF1FFFF,99D8FFFF,ABDE3800000000005553B701B5EDB333929D0000120000004C000000ADF4FFFF4D270000ECE2FFFF7CF1FFFF99D8FFFF
1786745831916,0FDF380000000000,2E53B701,FCEDB333,929D0000,12000000,4C000000,9BF4FFFF,3D270000,9CE2FFFF,68F1FFFF,87D8FFFF,0FDF3800000000002E53B701FCEDB333929D0000120000004C0000009BF4FFFF3D2700009CE2FFFF68F1FFFF87D8FFFF
1786745831916,73DF380000000000,0753B701,43EEB333,929D0000,12000000,4C000000,8AF4FFFF,2E270000,4DE2FFFF,55F1FFFF,76D8FFFF,73DF3800000000000753B70143EEB333929D0000120000004C0000008AF4FFFF2E2700004DE2FFFF55F1FFFF76D8FFFF
1786745831916,D7DF380000000000,E052B701,87EEB333,929D0000,12000000,4C000000,80F4FFFF,1E270000,00E2FFFF,42F1FFFF,6CD8FFFF,D7DF380000000000E052B70187EEB333929D0000120000004C00000080F4FFFF1E27000000E2FFFF42F1FFFF6CD8FFFF
1786745831916,3BE0380000000000,BA52B701,CBEEB333,929D0000,12000000,4C000000,71F4FFFF,0F270000,B3E1FFFF,2FF1FFFF,5DD8FFFF,3BE0380000000000BA52B701CBEEB333929D0000120000004C00000071F4FFFF0F270000B3E1FFFF2FF1FFFF5DD8FFFF
1786745831916,9FE0380000000000,9452B701,0FEFB333,929D0000,12000000,4C000000,6AF4FFFF,FF260000,67E1FFFF,1CF1FFFF,56D8FFFF,9FE03800000000009452B7010FEFB333929D0000120000004C0000006AF4FFFFFF26000067E1FFFF1CF1FFFF56D8FFFF
1786745831916,03E1380000000000,6D52B701,54EFB333,929D0000,12000000,4C000000,67F4FFFF,EF260000,1AE1FFFF,09F1FFFF,53D8FFFF,03E13800000000006D52B70154EFB333929D0000120000004C00000067F4FFFFEF2600001AE1FFFF09F1FFFF53D8FFFF
1786745831916,67E1380000000000,4752B701,98EFB333,929D0000,12000000,4C000000,79F4FFFF,E0260000,CDE0FFFF,F5F0FFFF,65D8FFFF,67E13800000000004752B70198EFB333929D0000120000004C00000079F4FFFFE0260000CDE0FFFFF5F0FFFF65D8FFFF
1786745831916,CCE1380000000000,2052B701,DDEFB333,929D0000,12000000,4C000000,8FF4FFFF,D0260000,80E0FFFF,E2F0FFFF,7BD8FFFF,CCE13800000000002052B701DDEFB333929D0000120000004C0000008FF4FFFFD026000080E0FFFFE2F0FFFF7BD8FFFF
1786745831916,30E2380000000000,FB51B701,20F0B333,929D0000,12000000,4C000000,B1F4FFFF,C2260000,34E0FFFF,CEF0FFFF,9DD8FFFF,30E2380000000000FB51B70120F0B333929D0000120000004C000000B1F4FFFFC226000034E0FFFFCEF0FFFF9DD8FFFF
1786745831916,94E2380000000000,D651B701,65F0B333,929D0000,12000000,4C000000,CDF4FFFF,B3260000,E7DFFFFF,BAF0FFFF,B9D8FFFF,94E2380000000000D651B70165F0B333929D0000120000004C000000CDF4FFFFB3260000E7DFFFFFBAF0FFFFB9D8FFFF
1786745832916,F8E2380000000000,B251B701,A8F0B333,929D0000,12000000,4C000000,F2F4FFFF,A6260000,9DDFFFFF,A8F0FFFF,DED8FFFF,F8E2380000000000B251B701A8F0B333929D0000120000004C000000F2F4FFFFA62600009DDFFFFFA8F0FFFFDED8FFFF
1786745832916,5CE3380000000000,8F51B701,EBF0B333,929D0000,12000000,4C000000,0BF5FFFF,99260000,52DFFFFF,96F0FFFF,F7D8FFFF,5CE33800000000008F51B701EBF0B333929D0000120000004C0000000BF5FFFF9926000052DFFFFF96F0FFFFF7D8FFFF
1786745832916,C0E3380000000000,6B51B701,2EF1B333,929D0000,12000000,4C000000,2CF5FFFF,8C260000,08DFFFFF,84F0FFFF,18D9FFFF,C0E33800000000006B51B7012EF1B333929D0000120000004C0000002CF5FFFF8C26000008DFFFFF84F0FFFF18D9FFFF
1786745832916,24E4380000000000,4951B701,71F1B333,929D0000,12000000,4C000000,45F5FFFF,7F260000,BDDEFFFF,73F0FFFF,31D9FFFF,24E43800000000004951B70171F1B333929D0000120000004C00000045F5FFFF7F260000BDDEFFFF73F0FFFF31D9FFFF
1786745832916,88E4380000000000,2651B701,B4F1B333,929D0000,12000000,4C000000,6AF5FFFF,73260000,72DEFFFF,61F0FFFF,56D9FFFF,88E43800000000002651B701B4F1B333929D0000120000004C0000006AF5FFFF7326000072DEFFFF61F0FFFF56D9FFFF
1786745832916,EDE4380000000000,0451B701,F8F1B333,929D0000,12000000,4C000000,94F5FFFF,68260000,28DEFFFF,4EF0FFFF,80D9FFFF,EDE43800000000000451B701F8F1B333929D0000120000004C00000094F5FFFF6826000028DEFFFF4EF0FFFF80D9FFFF
1786745832916,51E5380000000000,E450B701,3AF2B333,929D0000,12000000,4C000000,D7F5FFFF,5D260000,DFDDFFFF,3DF0FFFF,C3D9FFFF,51E5380000000000E450B7013AF2B333929D0000120000004C000000D7F5FFFF5D260000DFDDFFFF3DF0FFFFC3D9FFFF
1786745832916,B5E5380000000000,C550B701,7BF2B333,929D0000,12000000,4C000000,12F6FFFF,54260000,97DDFFFF,2BF0FFFF,FED9FFFF,B5E5380000000000C550B7017BF2B333929D0000120000004C00000012F6FFFF5426000097DDFFFF2BF0FFFFFED9FFFF
1786745832916,19E6380000000000,A750B701,BEF2B333,929D0000,12000000,4C000000,5CF6FFFF,4B260000,4FDDFFFF,1AF0FFFF,48DAFFFF,19E6380000000000A750B701BEF2B333929D0000120000004C0000005CF6FFFF4B2600004FDDFFFF1AF0FFFF48DAFFFF
1786745832916,7DE6380000000000,8950B701,00F3B333,929D0000,12000000,4C000000,97F6FFFF,43260000,06DDFFFF,08F0FFFF,83DAFFFF,7DE63800000000008950B70100F3B333929D0000120000004C00000097F6FFFF4326000006DDFFFF08F0FFFF83DAFFFF
1786745833916,E1E6380000000000,6D50B701,41F3B333,929D0000,12000000,4C000000,DDF6FFFF,3D260000,C0DCFFFF,F8EFFFFF,C9DAFFFF,E1E63800000000006D50B70141F3B333929D0000120000004C000000DDF6FFFF3D260000C0DCFFFFF8EFFFFFC9DAFFFF
1786745833916,45E7380000000000,5250B701,82F3B333,929D0000,12000000,4C000000,16F7FFFF,37260000,7ADCFFFF,E8EFFFFF,02DBFFFF,45E73800000000005250B70182F3B333929D0000120000004C00000016F7FFFF372600007ADCFFFFE8EFFFFF02DBFFFF
1786745833916,A9E7380000000000,3750B701,C3F3B333,929D0000,12000000,4C000000,56F7FFFF,31260000,34DCFFFF,D8EFFFFF,42DBFFFF,A9E73800000000003750B701C3F3B333929D0000120000004C00000056F7FFFF3126000034DCFFFFD8EFFFFF42DBFFFF
1786745833916,0EE8380000000000,1B50B701,04F4B333,929D0000,12000000,4C000000,96F6FFFF,2A260000,EDDBFFFF,CAEFFFFF,82DAFFFF,0EE83800000000001B50B70104F4B333929D0000120000004C00000096F6FFFF2A260000EDDBFFFFCAEFFFFF82DAFFFF
1786745833916,72E8380000000000,FE4FB701,44F4B333,929D0000,12000000,4C000000,C7F6FFFF,23260000,A7DBFFFF,BAEFFFFF,B3DAFFFF,72E8380000000000FE4FB70144F4B333929D0000120000004C000000C7F6FFFF23260000A7DBFFFFBAEFFFFFB3DAFFFF
1786745833916,D6E8380000000000,E44FB701,83F4B333,929D0000,12000000,4C000000,FAF6FFFF,1D260000,64DBFFFF,ABEFFFFF,E6DAFFFF,D6E8380000000000E44FB70183F4B333929D0000120000004C000000FAF6FFFF1D26000064DBFFFFABEFFFFFE6DAFFFF
1786745833916,3AE9380000000000,CA4FB701,C1F4B333,929D0000,12000000,4C000000,2CF7FFFF,17260000,20DBFFFF,9CEFFFFF,18DBFFFF,3AE9380000000000CA4FB701C1F4B333929D0000120000004C0000002CF7FFFF1726000020DBFFFF9CEFFFFF18DBFFFF
1786745833916,9EE9380000000000,B14FB701,00F5B333,929D0000,12000000,4C000000,59F7FFFF,12260000,DCDAFFFF,8DEFFFFF,45DBFFFF,9EE9380000000000B14FB70100F5B333929D0000120000004C00000059F7FFFF12260000DCDAFFFF8DEFFFFF45DBFFFF
1786745833916,02EA380000000000,974FB701,3FF5B333,929D0000,12000000,4C000000,7CF7FFFF,0E260000,99DAFFFF,7EEFFFFF,68DBFFFF,02EA380000000000974FB7013FF5B333929D0000120000004C0000007CF7FFFF0E26000099DAFFFF7EEFFFFF68DBFFFF
1786745833916,66EA380000000000,804FB701,7CF5B333,929D0000,12000000,4C000000,93F7FFFF,0A260000,58DAFFFF,70EFFFFF,7FDBFFFF,66EA380000000000804FB7017CF5B333929D0000120000004C00000093F7FFFF0A26000058DAFFFF70EFFFFF7FDBFFFF
1786745834916,CBEA380000000000,684FB701,B9F5B333,929D0000,12000000,4C000000,9BF7FFFF,06260000,16DAFFFF,61EFFFFF,87DBFFFF,CBEA380000000000684FB701B9F5B333929D0000120000004C0000009BF7FFFF0626000016DAFFFF61EFFFFF87DBFFFF
1786745834916,2FEB380000000000,504FB701,F6F5B333,929D0000,12000000,4C000000,9AF7FFFF,02260000,D5D9FFFF,52EFFFFF,86DBFFFF,2FEB380000000000504FB701F6F5B333929D0000120000004C0000009AF7FFFF02260000D5D9FFFF52EFFFFF86DBFFFF
1786745834916,93EB380000000000,394FB701,31F6B333,929D0000,12000000,4C000000,99F7FFFF,FE250000,95D9FFFF,43EFFFFF,85DBFFFF,93EB380000000000394FB70131F6B333929D0000120000004C00000099F7FFFFFE25000095D9FFFF43EFFFFF85DBFFFF
1786745834916,F7EB380000000000,214FB701,6FF6B333,929D0000,12000000,4C000000,A0F7FFFF,FA250000,54D9FFFF,37EFFFFF,8CDBFFFF,F7EB380000000000214FB7016FF6B333929D0000120000004C000000A0F7FFFFFA25000054D9FFFF37EFFFFF8CDBFFFF
1786745834916,5BEC380000000000,0A4FB701,ACF6B333,929D0000,12000000,4C000000,ABF7FFFF,F7250000,12D9FFFF,2BEFFFFF,97DBFFFF,5BEC3800000000000A4FB701ACF6B333929D0000120000004C000000ABF7FFFFF725000012D9FFFF2BEFFFFF97DBFFFF
1786745834916,BFEC380000000000,F24EB701,EAF6B333,929D0000,12000000,4C000000,B4F7FFFF,F3250000,D0D8FFFF,20EFFFFF,A0DBFFFF,BFEC380000000000F24EB701EAF6B333929D0000120000004C000000B4F7FFFFF3250000D0D8FFFF20EFFFFFA0DBFFFF
1786745834916,24ED380000000000,DB4EB701,24F7B333,929D0000,12000000,4C000000,AFF7FFFF,F0250000,92D8FFFF,16EFFFFF,9BDBFFFF,24ED380000000000DB4EB70124F7B333929D0000120000004C000000AFF7FFFFF025000092D8FFFF16EFFFFF9BDBFFFF
1786745834916,88ED380000000000,C44EB701,5FF7B333,929D0000,12000000,4C000000,A7F7FFFF,EC250000,52D8FFFF,0BEFFFFF,93DBFFFF,88ED380000000000C44EB7015FF7B333929D0000120000004C000000A7F7FFFFEC25000052D8FFFF0BEFFFFF93DBFFFF
1786745834916,ECED380000000000,AE4EB701,99F7B333,929D0000,12000000,4C000000,A4F7FFFF,E8250000,14D8FFFF,00EFFFFF,90DBFFFF,ECED380000000000AE4EB70199F7B333929D0000120000004C000000A4F7FFFFE825000014D8FFFF00EFFFFF90DBFFFF
1786745834916,50EE380000000000,974EB701,D4F7B333,929D0000,12000000,4C000000,A0F7FFFF,E5250000,D5D7FFFF,F5EEFFFF,8CDBFFFF,50EE380000000000974EB701D4F7B333929D0000120000004C000000A0F7FFFFE5250000D5D7FFFFF5EEFFFF8CDBFFFF
1786745835916,B4EE380000000000,804EB701,0FF8B333,929D0000,12000000,4C000000,A0F7FFFF,E1250000,96D7FFFF,EAEEFFFF,8CDBFFFF,B4EE380000000000804EB7010FF8B333929D0000120000004C000000A0F7FFFFE125000096D7FFFFEAEEFFFF8CDBFFFF
1786745835916,18EF380000000000,6A4EB701,4AF8B333,929D0000,12000000,4C000000,9DF7FFFF,DD250000,57D7FFFF,DFEEFFFF,89DBFFFF,18EF3800000000006A4EB7014AF8B333929D0000120000004C0000009DF7FFFFDD25000057D7FFFFDFEEFFFF89DBFFFF
1786745835916,7CEF380000000000,524EB701,87F8B333,929D0000,12000000,4C000000,93F7FFFF,D9250000,16D7FFFF,D3EEFFFF,7FDBFFFF,7CEF380000000000524EB70187F8B333929D0000120000004C00000093F7FFFFD925000016D7FFFFD3EEFFFF7FDBFFFF
1786745835916,E0EF380000000000,3A4EB701,C4F8B333,929D0000,12000000,4C000000,80F7FFFF,D6250000,D4D6FFFF,C8EEFFFF,6CDBFFFF,E0EF3800000000003A4EB701C4F8B333929D0000120000004C00000080F7FFFFD6250000D4D6FFFFC8EEFFFF6CDBFFFF
1786745835916,45F0380000000000,224EB701,01F9B333,929D0000,12000000,4C000000,67F7FFFF,D1250000,93D6FFFF,BCEEFFFF,53DBFFFF,45F0380000000000224EB70101F9B333929D0000120000004C00000067F7FFFFD125000093D6FFFFBCEEFFFF53DBFFFF
1786745835916,A9F0380000000000,094EB701,3EF9B333,929D0000,12000000,4C000000,4AF7FFFF,CC250000,51D6FFFF,B1EEFFFF,36DBFFFF,A9F0380000000000094EB7013EF9B333929D0000120000004C0000004AF7FFFFCC25000051D6FFFFB1EEFFFF36DBFFFF
1786745835916,0DF1380000000000,F04DB701,7BF9B333,929D0000,12000000,4C000000,2AF7FFFF,C7250000,10D6FFFF,A6EEFFFF,16DBFFFF,0DF1380000000000F04DB7017BF9B333929D0000120000004C0000002AF7FFFFC725000010D6FFFFA6EEFFFF16DBFFFF
1786745835916,71F1380000000000,D74DB701,B7F9B333,929D0000,12000000,4C000000,0EF7FFFF,C2250000,CED5FFFF,9AEEFFFF,FADAFFFF,71F1380000000000D74DB701B7F9B333929D0000120000004C0000000EF7FFFFC2250000CED5FFFF9AEEFFFFFADAFFFF
1786745835916,D5F1380000000000,BD4DB701,F4F9B333,929D0000,12000000,4C000000,F2F6FFFF,BC250000,8DD5FFFF,8FEEFFFF,DEDAFFFF,D5F1380000000000BD4DB701F4F9B333929D0000120000004C000000F2F6FFFFBC2500008DD5FFFF8FEEFFFFDEDAFFFF
1786745835916,39F2380000000000,A44DB701,30FAB333,929D0000,12000000,4C000000,DDF6FFFF,B6250000,4BD5FFFF,84EEFFFF,C9DAFFFF,39F2380000000000A44DB70130FAB333929D0000120000004C000000DDF6FFFFB62500004BD5FFFF84EEFFFFC9DAFFFF
1786745836916,9DF2380000000000,894DB701,6DFAB333,929D0000,12000000,4C000000,C3F6FFFF,B0250000,09D5FFFF,78EEFFFF,AFDAFFFF,9DF2380000000000894DB7016DFAB333929D0000120000004C000000C3F6FFFFB025000009D5FFFF78EEFFFFAFDAFFFF
1786745836916,01F3380000000000,6F4DB701,A9FAB333,929D0000,12000000,4C000000,ABF6FFFF,AA250000,C9D4FFFF,6DEEFFFF,97DAFFFF,01F33800000000006F4DB701A9FAB333929D0000120000004C000000ABF6FFFFAA250000C9D4FFFF6DEEFFFF97DAFFFF
1786745836916,66F3380000000000,544DB701,E7FAB333,929D0000,12000000,4C000000,93F6FFFF,A3250000,85D4FFFF,62EEFFFF,7FDAFFFF,66F3380000000000544DB701E7FAB333929D0000120000004C00000093F6FFFFA325000085D4FFFF62EEFFFF7FDAFFFF
1786745836916,CAF3380000000000,384DB701,26FBB333,929D0000,12000000,4C000000,74F6FFFF,9B250000,40D4FFFF,57EEFFFF,60DAFFFF,CAF3380000000000384DB70126FBB333929D0000120000004C00000074F6FFFF9B25000040D4FFFF57EEFFFF60DAFFFF
1786745836916,2EF4380000000000,1C4DB701,64FBB333,929D0000,12000000,4C000000,57F6FFFF,93250000,FCD3FFFF,4BEEFFFF,43DAFFFF,2EF43800000000001C4DB70164FBB333929D0000120000004C00000057F6FFFF93250000FCD3FFFF4BEEFFFF43DAFFFF
1786745836916,92F4380000000000,FF4CB701,A3FBB333,929D0000,12000000,4C000000,3CF6FFFF,8B250000,B8D3FFFF,40EEFFFF,28DAFFFF,92F4380000000000FF4CB701A3FBB333929D0000120000004C0000003CF6FFFF8B250000B8D3FFFF40EEFFFF28DAFFFF
1786745836916,F6F4380000000000,E24CB701,E1FBB333,929D0000,12000000,4C000000,1FF6FFFF,83250000,74D3FFFF,35EEFFFF,0BDAFFFF,F6F4380000000000E24CB701E1FBB333929D0000120000004C0000001FF6FFFF8325000074D3FFFF35EEFFFF0BDAFFFF
1786745836916,5AF5380000000000,C54CB701,1FFCB333,929D0000,12000000,4C000000,06F6FFFF,7A250000,30D3FFFF,2AEEFFFF,F2D9FFFF,5AF5380000000000C54CB7011FFCB333929D0000120000004C00000006F6FFFF7A25000030D3FFFF2AEEFFFFF2D9FFFF
1786745836916,BEF5380000000000,A74CB701,5DFCB333,929D0000,12000000,4C000000,F3F5FFFF,71250000,ECD2FFFF,1FEEFFFF,DFD9FFFF,BEF5380000000000A74CB7015DFCB333929D0000120000004C000000F3F5FFFF71250000ECD2FFFF1FEEFFFFDFD9FFFF
1786745836916,22F6380000000000,8B4CB701,98FCB333,929D0000,12000000,4C000000,DFF5FFFF,68250000,ABD2FFFF,15EEFFFF,CBD9FFFF,22F63800000000008B4CB70198FCB333929D0000120000004C000000DFF5FFFF68250000ABD2FFFF15EEFFFFCBD9FFFF
1786745837916,87F6380000000000,6E4CB701,D4FCB333,929D0000,12000000,4C000000,CEF5FFFF,5F250000,69D2FFFF,0BEEFFFF,BAD9FFFF,87F63800000000006E4CB701D4FCB333929D0000120000004C000000CEF5FFFF5F25000069D2FFFF0BEEFFFFBAD9FFFF
1786745837916,EBF6380000000000,514CB701,0FFDB333,929D0000,12000000,4C000000,BBF5FFFF,56250000,28D2FFFF,02EEFFFF,A7D9FFFF,EBF6380000000000514CB7010FFDB333929D0000120000004C000000BBF5FFFF5625000028D2FFFF02EEFFFFA7D9FFFF
1786745837916,4FF7380000000000,344CB701,4AFDB333,929D0000,12000000,4C000000,A8F5FFFF,4C250000,E7D1FFFF,F8EDFFFF,94D9FFFF,4FF7380000000000344CB7014AFDB333929D0000120000004C000000A8F5FFFF4C250000E7D1FFFFF8EDFFFF94D9FFFF
1786745837916,B3F7380000000000,174CB701,85FDB333,929D0000,12000000,4C000000,96F5FFFF,43250000,A6D1FFFF,EEEDFFFF,82D9FFFF,B3F7380000000000174CB70185FDB333929D0000120000004C00000096F5FFFF43250000A6D1FFFFEEEDFFFF82D9FFFF
1786745837916,17F8380000000000,F94BB701,C0FDB333,929D0000,12000000,4C000000,88F5FFFF,39250000,65D1FFFF,E5EDFFFF,74D9FFFF,17F8380000000000F94BB701C0FDB333929D0000120000004C00000088F5FFFF3925000065D1FFFFE5EDFFFF74D9FFFF
1786745837916,7BF8380000000000,DC4BB701,FBFDB333,929D0000,12000000,4C000000,7FF5FFFF,2E250000,23D1FFFF,DBEDFFFF,6BD9FFFF,7BF8380000000000DC4BB701FBFDB333929D0000120000004C0000007FF5FFFF2E25000023D1FFFFDBEDFFFF6BD9FFFF
1786745837916,DFF8380000000000,BE4BB701,36FEB333,929D0000,12000000,4C000000,75F5FFFF,24250000,E2D0FFFF,D1EDFFFF,61D9FFFF,DFF8380000000000BE4BB70136FEB333929D0000120000004C00000075F5FFFF24250000E2D0FFFFD1EDFFFF61D9FFFF
1786745837916,44F9380000000000,A24BB701,6FFEB333,929D0000,12000000,4C000000,6DF5FFFF,1B250000,A4D0FFFF,C8EDFFFF,59D9FFFF,44F9380000000000A24BB7016FFEB333929D0000120000004C0000006DF5FFFF1B250000A4D0FFFFC8EDFFFF59D9FFFF
1786745837916,A8F9380000000000,854BB701,A7FEB333,929D0000,12000000,4C000000,65F5FFFF,11250000,65D0FFFF,BFEDFFFF,51D9FFFF,A8F9380000000000854BB701A7FEB333929D0000120000004C00000065F5FFFF1125000065D0FFFFBFEDFFFF51D9FFFF
1786745837916,0CFA380000000000,684BB701,DFFEB333,929D0000,12000000,4C000000,56F5FFFF,07250000,27D0FFFF,B6EDFFFF,42D9FFFF,0CFA380000000000684BB701DFFEB333929D0000120000004C00000056F5FFFF0725000027D0FFFFB6EDFFFF42D9FFFF
1786745838916,70FA380000000000,4B4BB701,18FFB333,929D0000,12000000,4C000000,4CF5FFFF,FC240000,E8CFFFFF,ACEDFFFF,38D9FFFF,70FA3800000000004B4BB70118FFB333929D0000120000004C0000004CF5FFFFFC240000E8CFFFFFACEDFFFF38D9FFFF
1786745838916,D4FA380000000000,2E4BB701,50FFB333,929D0000,12000000,4C000000,43F5FFFF,F2240000,AACFFFFF,A3EDFFFF,2FD9FFFF,D4FA3800000000002E4BB70150FFB333929D0000120000004C00000043F5FFFFF2240000AACFFFFFA3EDFFFF2FD9FFFF
1786745838916,38FB380000000000,124BB701,88FFB333,929D0000,12000000,4C000000,43F5FFFF,E8240000,6CCFFFFF,9AEDFFFF,2FD9FFFF,38FB380000000000124BB70188FFB333929D0000120000004C00000043F5FFFFE82400006CCFFFFF9AEDFFFF2FD9FFFF
1786745838916,9CFB380000000000,F54AB701,C0FFB333,929D0000,12000000,4C000000,46F5FFFF,DE240000,2DCFFFFF,91EDFFFF,32D9FFFF,9CFB380000000000F54AB701C0FFB333929D0000120000004C00000046F5FFFFDE2400002DCFFFFF91EDFFFF32D9FFFF
1786745838916,00FC380000000000,D94AB701,F6FFB333,929D0000,12000000,4C000000,43F5FFFF,D4240000,F2CEFFFF,89EDFFFF,2FD9FFFF,00FC380000000000D94AB701F6FFB333929D0000120000004C00000043F5FFFFD4240000F2CEFFFF89EDFFFF2FD9FFFF
1786745838916,65FC380000000000,BD4AB701,2C00B433,929D0000,12000000,4C000000,3CF5FFFF,CA240000,B5CEFFFF,80EDFFFF,28D9FFFF,65FC380000000000BD4AB7012C00B433929D0000120000004C0000003CF5FFFFCA240000B5CEFFFF80EDFFFF28D9FFFF
1786745838916,C9FC380000000000,A24AB701,6200B433,929D0000,12000000,4C000000,37F5FFFF,C0240000,7ACEFFFF,77EDFFFF,23D9FFFF,C9FC380000000000A24AB7016200B433929D0000120000004C00000037F5FFFFC02400007ACEFFFF77EDFFFF23D9FFFF
1786745838916,2DFD380000000000,864AB701,9700B433,929D0000,12000000,4C000000,36F5FFFF,B6240000,3FCEFFFF,6FEDFFFF,22D9FFFF,2DFD380000000000864AB7019700B433929D0000120000004C00000036F5FFFFB62400003FCEFFFF6FEDFFFF22D9FFFF
1786745838916,91FD380000000000,6A4AB701,CD00B433,929D0000,12000000,4C000000,38F5FFFF,AC240000,03CEFFFF,66EDFFFF,24D9FFFF,91FD3800000000006A4AB701CD00B433929D0000120000004C00000038F5FFFFAC24000003CEFFFF66EDFFFF24D9FFFF
1786745838916,F5FD380000000000,4F4AB701,0001B433,929D0000,12000000,4C000000,33F5FFFF,A2240000,CACDFFFF,5EEDFFFF,1FD9FFFF,F5FD3800000000004F4AB7010001B433929D0000120000004C00000033F5FFFFA2240000CACDFFFF5EEDFFFF1FD9FFFF
1786745839916,59FE380000000000,344AB701,3401B433,929D0000,12000000,4C000000,32F5FFFF,99240000,90CDFFFF,55EDFFFF,1ED9FFFF,59FE380000000000344AB7013401B433929D0000120000004C00000032F5FFFF9924000090CDFFFF55EDFFFF1ED9FFFF
1786745839916,BDFE380000000000,1A4AB701,6701B433,929D0000,12000000,4C000000,30F5FFFF,8F240000,58CDFFFF,4DEDFFFF,1CD9FFFF,BDFE3800000000001A4AB7016701B433929D0000120000004C00000030F5FFFF8F24000058CDFFFF4DEDFFFF1CD9FFFF
1786745839916,21FF380000000000,FF49B701,9A01B433,929D0000,12000000,4C000000,2FF5FFFF,86240000,1FCDFFFF,45EDFFFF,1BD9FFFF,21FF380000000000FF49B7019A01B433929D0000120000004C0000002FF5FFFF862400001FCDFFFF45EDFFFF1BD9FFFF
1786745839916,86FF380000000000,E649B701,CB01B433,929D0000,12000000,4C000000,2DF5FFFF,7C240000,E9CCFFFF,3DEDFFFF,19D9FFFF,86FF380000000000E649B701CB01B433929D0000120000004C0000002DF5FFFF7C240000E9CCFFFF3DEDFFFF19D9FFFF
1786745839916,EAFF380000000000,CD49B701,FC01B433,929D0000,12000000,4C000000,28F5FFFF,73240000,B3CCFFFF,35EDFFFF,14D9FFFF,EAFF380000000000CD49B701FC01B433929D0000120000004C00000028F5FFFF73240000B3CCFFFF35EDFFFF14D9FFFF
1786745839916,4E00390000000000,B349B701,2C02B433,929D0000,12000000,4C000000,1FF5FFFF,6A240000,7DCCFFFF,2DEDFFFF,0BD9FFFF,4E00390000000000B349B7012C02B433929D0000120000004C0000001FF5FFFF6A2400007DCCFFFF2DEDFFFF0BD9FFFF
1786745839916,B200390000000000,9A49B701,5D02B433,929D0000,12000000,4C000000,1DF5FFFF,61240000,46CCFFFF,25EDFFFF,09D9FFFF,B2003900000000009A49B7015D02B433929D0000120000004C0000001DF5FFFF6124000046CCFFFF25EDFFFF09D9FFFF
1786745839916,1601390000000000,8049B701,8E02B433,929D0000,12000000,4C000000,1EF5FFFF,57240000,10CCFFFF,1CEDFFFF,0AD9FFFF,16013900000000008049B7018E02B433929D0000120000004C0000001EF5FFFF5724000010CCFFFF1CEDFFFF0AD9FFFF
1786745839916,7A01390000000000,6849B701,BC02B433,929D0000,12000000,4C000000,21F5FFFF,4E240000,DDCBFFFF,15EDFFFF,0DD9FFFF,7A013900000000006849B701BC02B433929D0000120000004C00000021F5FFFF4E240000DDCBFFFF15EDFFFF0DD9FFFF
1786745839916,DF01390000000000,5049B701,EA02B433,929D0000,12000000,4C000000,24F5FFFF,46240000,A9CBFFFF,0DEDFFFF,10D9FFFF,DF013900000000005049B701EA02B433929D0000120000004C00000024F5FFFF46240000A9CBFFFF0DEDFFFF10D9FFFF
1786745840916,4202390000000000,3849B701,1903B433,929D0000,12000000,4C000000,27F5FFFF,3D240000,76CBFFFF,06EDFFFF,13D9FFFF,42023900000000003849B7011903B433929D0000120000004C00000027F5FFFF3D24000076CBFFFF06EDFFFF13D9FFFF
1786745840916,A702390000000000,2149B701,4503B433,929D0000,12000000,4C000000,2CF5FFFF,34240000,45CBFFFF,FEECFFFF,18D9FFFF,A7023900000000002149B7014503B433929D0000120000004C0000002CF5FFFF3424000045CBFFFFFEECFFFF18D9FFFF
1786745840916,0B03390000000000,0A49B701,7003B433,929D0000,12000000,4C000000,36F5FFFF,2C240000,14CBFFFF,F7ECFFFF,22D9FFFF,0B033900000000000A49B7017003B433929D0000120000004C00000036F5FFFF2C24000014CBFFFFF7ECFFFF22D9FFFF
1786745840916,6F03390000000000,F348B701,9C03B433,929D0000,12000000,4C000000,3CF5FFFF,24240000,E3CAFFFF,F0ECFFFF,28D9FFFF,6F03390000000000F348B7019C03B433929D0000120000004C0000003CF5FFFF24240000E3CAFFFFF0ECFFFF28D9FFFF
1786745840916,D303390000000000,DD48B701,C803B433,929D0000,12000000,4C000000,44F5FFFF,1C240000,B3CAFFFF,E9ECFFFF,30D9FFFF,D303390000000000DD48B701C803B433929D0000120000004C00000044F5FFFF1C240000B3CAFFFFE9ECFFFF30D9FFFF
1786745840916,3704390000000000,C648B701,F403B433,929D0000,12000000,4C000000,4BF5FFFF,14240000,82CAFFFF,E2ECFFFF,37D9FFFF,3704390000000000C648B701F403B433929D0000120000004C0000004BF5FFFF1424000082CAFFFFE2ECFFFF37D9FFFF
1786745840916,9B04390000000000,AF48B701,2004B433,929D0000,12000000,4C000000,4EF5FFFF,0C240000,51CAFFFF,DBECFFFF,3AD9FFFF,9B04390000000000AF48B7012004B433929D0000120000004C0000004EF5FFFF0C24000051CAFFFFDBECFFFF3AD9FFFF
1786745840916,0005390000000000,9948B701,4C04B433,929D0000,12000000,4C000000,4CF5FFFF,04240000,20CAFFFF,D4ECFFFF,38D9FFFF,00053900000000009948B7014C04B433929D0000120000004C0000004CF5FFFF0424000020CAFFFFD4ECFFFF38D9FFFF
1786745840916,6405390000000000,8248B701,7804B433,929D0000,12000000,4C000000,4BF5FFFF,FC230000,EFC9FFFF,CCECFFFF,37D9FFFF,64053900000000008248B7017804B433929D0000120000004C0000004BF5FFFFFC230000EFC9FFFFCCECFFFF37D9FFFF
1786745840916,C805390000000000,6A48B701,A704B433,929D0000,12000000,4C000000,4BF5FFFF,F4230000,BCC9FFFF,C4ECFFFF,37D9FFFF,C8053900000000006A48B701A704B433929D0000120000004C0000004BF5FFFFF4230000BCC9FFFFC4ECFFFF37D9FFFF
1786745841916,2C06390000000000,5348B701,D504B433,929D0000,12000000,4C000000,4FF5FFFF,EB230000,88C9FFFF,BCECFFFF,3BD9FFFF,2C063900000000005348B701D504B433929D0000120000004C0000004FF5FFFFEB23000088C9FFFFBCECFFFF3BD9FFFF
1786745841916,9006390000000000,3B48B701,0305B433,929D0000,12000000,4C000000,51F5FFFF,E3230000,55C9FFFF,B4ECFFFF,3DD9FFFF,90063900000000003B48B7010305B433929D0000120000004C00000051F5FFFFE323000055C9FFFFB4ECFFFF3DD9FFFF
1786745841916,F406390000000000,2348B701,3205B433,929D0000,12000000,4C000000,58F5FFFF,DA230000,21C9FFFF,ABECFFFF,44D9FFFF,F4063900000000002348B7013205B433929D0000120000004C00000058F5FFFFDA23000021C9FFFFABECFFFF44D9FFFF
1786745841916,5807390000000000,0B48B701,6005B433,929D0000,12000000,4C000000,5BF5FFFF,D2230000,EEC8FFFF,A3ECFFFF,47D9FFFF,58073900000000000B48B7016005B433929D0000120000004C0000005BF5FFFFD2230000EEC8FFFFA3ECFFFF47D9FFFF
1786745841916,BC07390000000000,F447B701,8F05B433,929D0000,12000000,4C000000,66F5FFFF,CA230000,BBC8FFFF,9BECFFFF,52D9FFFF,BC07390000000000F447B7018F05B433929D0000120000004C00000066F5FFFFCA230000BBC8FFFF9BECFFFF52D9FFFF
1786745841916,2108390000000000,DC47B701,BD05B433,929D0000,12000000,4C000000,6AF5FFFF,C2230000,87C8FFFF,93ECFFFF,56D9FFFF,2108390000000000DC47B701BD05B433929D0000120000004C0000006AF5FFFFC223000087C8FFFF93ECFFFF56D9FFFF
1786745841916,8508390000000000,C547B701,EC05B433,929D0000,12000000,4C000000,76F5FFFF,BA230000,53C8FFFF,8BECFFFF,62D9FFFF,8508390000000000C547B701EC05B433929D0000120000004C00000076F5FFFFBA23000053C8FFFF8BECFFFF62D9FFFF
1786745841916,E908390000000000,AD47B701,1B06B433,929D0000,12000000,4C000000,74F5FFFF,B1230000,20C8FFFF,84ECFFFF,60D9FFFF,E908390000000000AD47B7011B06B433929D0000120000004C00000074F5FFFFB123000020C8FFFF84ECFFFF60D9FFFF
1786745841916,4D09390000000000,9647B701,4906B433,929D0000,12000000,4C000000,77F5FFFF,A9230000,ECC7FFFF,7CECFFFF,63D9FFFF,4D093900000000009647B7014906B433929D0000120000004C00000077F5FFFFA9230000ECC7FFFF7CECFFFF63D9FFFF
1786745841916,B109390000000000,7E47B701,7806B433,929D0000,12000000,4C000000,76F5FFFF,A1230000,B9C7FFFF,75ECFFFF,62D9FFFF,B1093900000000007E47B7017806B433929D0000120000004C00000076F5FFFFA1230000B9C7FFFF75ECFFFF62D9FFFF
1786745842916,150A390000000000,6747B701,A606B433,929D0000,12000000,4C000000,26F6FFFF,99230000,85C7FFFF,6EECFFFF,12DAFFFF,150A3900000000006747B701A606B433929D0000120000004C00000026F6FFFF9923000085C7FFFF6EECFFFF12DAFFFF
1786745842916,790A390000000000,5047B701,D606B433,929D0000,12000000,4C000000,26F6FFFF,93230000,51C7FFFF,65ECFFFF,12DAFFFF,790A3900000000005047B701D606B433929D0000120000004C00000026F6FFFF9323000051C7FFFF65ECFFFF12DAFFFF
1786745842916,DD0A390000000000,3C47B701,0207B433,929D0000,12000000,4C000000,26F6FFFF,8D230000,20C7FFFF,5CECFFFF,12DAFFFF,DD0A3900000000003C47B7010207B433929D0000120000004C00000026F6FFFF8D23000020C7FFFF5CECFFFF12DAFFFF
1786745842916,420B390000000000,2747B701,2F07B433,929D0000,12000000,4C000000,30F6FFFF,87230000,EFC6FFFF,54ECFFFF,1CDAFFFF,420B3900000000002747B7012F07B433929D0000120000004C00000030F6FFFF87230000EFC6FFFF54ECFFFF1CDAFFFF
1786745842916,A60B390000000000,1347B701,5907B433,929D0000,12000000,4C000000,37F6FFFF,81230000,C1C6FFFF,4BECFFFF,23DAFFFF,A60B3900000000001347B7015907B433929D0000120000004C00000037F6FFFF81230000C1C6FFFF4BECFFFF23DAFFFF
1786745842916,0A0C390000000000,0047B701,8307B433,929D0000,12000000,4C000000,3DF6FFFF,7B230000,93C6FFFF,43ECFFFF,29DAFFFF,0A0C3900000000000047B7018307B433929D0000120000004C0000003DF6FFFF7B23000093C6FFFF43ECFFFF29DAFFFF
1786745842916,6E0C390000000000,EE46B701,AB07B433,929D0000,12000000,4C000000,47F6FFFF,76230000,68C6FFFF,3CECFFFF,33DAFFFF,6E0C390000000000EE46B701AB07B433929D0000120000004C00000047F6FFFF7623000068C6FFFF3CECFFFF33DAFFFF
1786745842916,D20C390000000000,DC46B701,D107B433,929D0000,12000000,4C000000,4EF6FFFF,71230000,3EC6FFFF,35ECFFFF,3ADAFFFF,D20C390000000000DC46B701D107B433929D0000120000004C0000004EF6FFFF712300003EC6FFFF35ECFFFF3ADAFFFF
1786745842916,360D390000000000,CB46B701,F607B433,929D0000,12000000,4C000000,4FF6FFFF,6C230000,16C6FFFF,2DECFFFF,3BDAFFFF,360D390000000000CB46B701F607B433929D0000120000004C0000004FF6FFFF6C23000016C6FFFF2DECFFFF3BDAFFFF
1786745842916,9A0D390000000000,BB46B701,1908B433,929D0000,12000000,4C000000,4FF6FFFF,68230000,F0C5FFFF,27ECFFFF,3BDAFFFF,9A0D390000000000BB46B7011908B433929D0000120000004C0000004FF6FFFF68230000F0C5FFFF27ECFFFF3BDAFFFF
1786745843916,FE0D390000000000,AC46B701,3B08B433,929D0000,12000000,4C000000,4EF6FFFF,64230000,CBC5FFFF,21ECFFFF,3ADAFFFF,FE0D390000000000AC46B7013B08B433929D0000120000004C0000004EF6FFFF64230000CBC5FFFF21ECFFFF3ADAFFFF
1786745843916,630E390000000000,9F46B701,5708B433,929D0000,12000000,4C000000,56F6FFFF,60230000,ACC5FFFF,1BECFFFF,42DAFFFF,630E3900000000009F46B7015708B433929D0000120000004C00000056F6FFFF60230000ACC5FFFF1BECFFFF42DAFFFF
1786745843916,C70E390000000000,9146B701,7508B433,929D0000,12000000,4C000000,5AF6FFFF,5C230000,8BC5FFFF,16ECFFFF,46DAFFFF,C70E3900000000009146B7017508B433929D0000120000004C0000005AF6FFFF5C2300008BC5FFFF16ECFFFF46DAFFFF
1786745843916,2B0F390000000000,8546B701,9108B433,929D0000,12000000,4C000000,5AF6FFFF,59230000,6DC5FFFF,11ECFFFF,46DAFFFF,2B0F3900000000008546B7019108B433929D0000120000004C0000005AF6FFFF592300006DC5FFFF11ECFFFF46DAFFFF
1786745843916,8F0F390000000000,9046B701,7808B433,929D0000,12000000,4C000000,51F6FFFF,5C230000,89C5FFFF,16ECFFFF,3DDAFFFF,8F0F3900000000009046B7017808B433929D0000120000004C00000051F6FFFF5C23000089C5FFFF16ECFFFF3DDAFFFF
1786745843916,F30F390000000000,9B46B701,6108B433,929D0000,12000000,4C000000,50F6FFFF,5F230000,A1C5FFFF,1AECFFFF,3CDAFFFF,F30F3900000000009B46B7016108B433929D0000120000004C00000050F6FFFF5F230000A1C5FFFF1AECFFFF3CDAFFFF
1786745843916,5710390000000000,A446B701,4D08B433,929D0000,12000000,4C000000,4FF6FFFF,61230000,B7C5FFFF,1DECFFFF,3BDAFFFF,5710390000000000A446B7014D08B433929D0000120000004C0000004FF6FFFF61230000B7C5FFFF1DECFFFF3BDAFFFF
1786745843916,BB10390000000000,AC46B701,3C08B433,929D0000,12000000,4C000000,50F6FFFF,64230000,CAC5FFFF,20ECFFFF,3CDAFFFF,BB10390000000000AC46B7013C08B433929D0000120000004C00000050F6FFFF64230000CAC5FFFF20ECFFFF3CDAFFFF
1786745843916,2011390000000000,B246B701,2D08B433,929D0000,12000000,4C000000,4DF6FFFF,65230000,DAC5FFFF,23ECFFFF,39DAFFFF,2011390000000000B246B7012D08B433929D0000120000004C0000004DF6FFFF65230000DAC5FFFF23ECFFFF39DAFFFF
1786745843916,8411390000000000,B846B701,2008B433,929D0000,12000000,4C000000,50F6FFFF,67230000,E8C5FFFF,25ECFFFF,3CDAFFFF,8411390000000000B846B7012008B433929D0000120000004C00000050F6FFFF67230000E8C5FFFF25ECFFFF3CDAFFFF
1786745844916,4C12390000000000,C046B701,0F08B433,929D0000,12000000,4C000000,48F6FFFF,69230000,FBC5FFFF,28ECFFFF,34DAFFFF,4C12390000000000C046B7010F08B433929D0000120000004C00000048F6FFFF69230000FBC5FFFF28ECFFFF34DAFFFF
1786745844916,B012390000000000,C246B701,0A08B433,929D0000,12000000,4C000000,BFF5FFFF,6A230000,00C6FFFF,29ECFFFF,ABD9FFFF,B012390000000000C246B7010A08B433929D0000120000004C000000BFF5FFFF6A23000000C6FFFF29ECFFFFABD9FFFF
1786745844916,1413390000000000,C446B701,0708B433,929D0000,12000000,4C000000,BEF5FFFF,6A230000,03C6FFFF,2AECFFFF,AAD9FFFF,1413390000000000C446B7010708B433929D0000120000004C000000BEF5FFFF6A23000003C6FFFF2AECFFFFAAD9FFFF
1786745844916,7813390000000000,C546B701,0508B433,929D0000,12000000,4C000000,BFF5FFFF,6B230000,06C6FFFF,2BECFFFF,ABD9FFFF,7813390000000000C546B7010508B433929D0000120000004C000000BFF5FFFF6B23000006C6FFFF2BECFFFFABD9FFFF
1786745844916,DC13390000000000,C646B701,0308B433,929D0000,12000000,4C000000,C0F5FFFF,6B230000,08C6FFFF,2BECFFFF,ACD9FFFF,DC13390000000000C646B7010308B433929D0000120000004C000000C0F5FFFF6B23000008C6FFFF2BECFFFFACD9FFFF
1786745844916,4114390000000000,C646B701,0308B433,929D0000,12000000,4C000000,C1F5FFFF,6B230000,08C6FFFF,2BECFFFF,ADD9FFFF,4114390000000000C646B7010308B433929D0000120000004C000000C1F5FFFF6B23000008C6FFFF2BECFFFFADD9FFFF
1786745844916,A514390000000000,C646B701,0308B433,929D0000,12000000,4C000000,C1F5FFFF,6B230000,08C6FFFF,2BECFFFF,ADD9FFFF,A514390000000000C646B7010308B433929D0000120000004C000000C1F5FFFF6B23000008C6FFFF2BECFFFFADD9FFFF
1786745844916,0915390000000000,C646B701,0308B433,929D0000,12000000,4C000000,C0F5FFFF,6B230000,08C6FFFF,2BECFFFF,ACD9FFFF,0915390000000000C646B7010308B433929D0000120000004C000000C0F5FFFF6B23000008C6FFFF2BECFFFFACD9FFFF
1786745844916,6D15390000000000,C646B701,0308B433,929D0000,12000000,4C000000,C0F5FFFF,6B230000,08C6FFFF,2BECFFFF,ACD9FFFF,6D15390000000000C646B7010308B433929D0000120000004C000000C0F5FFFF6B23000008C6FFFF2BECFFFFACD9FFFF
1786745845916,D115390000000000,C646B701,0308B433,929D0000,12000000,4C000000,C1F5FFFF,6B230000,08C6FFFF,2BECFFFF,ADD9FFFF,D115390000000000C646B7010308B433929D0000120000004C000000C1F5FFFF6B23000008C6FFFF2BECFFFFADD9FFFF
1786745845916,3516390000000000,C646B701,0308B433,929D0000,12000000,4C000000,C1F5FFFF,6B230000,08C6FFFF,2BECFFFF,ADD9FFFF,3516390000000000C646B7010308B433929D0000120000004C000000C1F5FFFF6B23000008C6FFFF2BECFFFFADD9FFFF
1786745845916,9A16390000000000,C646B701,0308B433,929D0000,12000000,4C000000,C1F5FFFF,6B230000,08C6FFFF,2BECFFFF,ADD9FFFF,9A16390000000000C646B7010308B433929D0000120000004C000000C1F5FFFF6B23000008C6FFFF2BECFFFFADD9FFFF
1786745845916,FD16390000000000,C646B701,0308B433,929D0000,12000000,4C000000,C0F5FFFF,6B230000,08C6FFFF,2BECFFFF,ACD9FFFF,FD16390000000000C646B7010308B433929D0000120000004C000000C0F5FFFF6B23000008C6FFFF2BECFFFFACD9FFFF
1786745845916,6217390000000000,C646B701,0308B433,929D0000,12000000,4C000000,BFF5FFFF,6B230000,08C6FFFF,2BECFFFF,ABD9FFFF,6217390000000000C646B7010308B433929D0000120000004C000000BFF5FFFF6B23000008C6FFFF2BECFFFFABD9FFFF
1786745845916,C617390000000000,C646B701,0308B433,929D0000,12000000,4C000000,BEF5FFFF,6B230000,08C6FFFF,2BECFFFF,AAD9FFFF,C617390000000000C646B7010308B433929D0000120000004C000000BEF5FFFF6B23000008C6FFFF2BECFFFFAAD9FFFF
1786745845916,2A18390000000000,C646B701,0308B433,929D0000,12000000,4C000000,BEF5FFFF,6B230000,08C6FFFF,2BECFFFF,AAD9FFFF,2A18390000000000C646B7010308B433929D0000120000004C000000BEF5FFFF6B23000008C6FFFF2BECFFFFAAD9FFFF
1786745845916,8E18390000000000,C646B701,0308B433,929D0000,12000000,4C000000,BEF5FFFF,6B230000,08C6FFFF,2BECFFFF,AAD9FFFF,8E18390000000000C646B7010308B433929D0000120000004C000000BEF5FFFF6B23000008C6FFFF2BECFFFFAAD9FFFF
1786745845916,F218390000000000,C646B701,0308B433,929D0000,12000000,4C000000,BFF5FFFF,6B230000,08C6FFFF,2BECFFFF,ABD9FFFF,F218390000000000C646B7010308B433929D0000120000004C000000BFF5FFFF6B23000008C6FFFF2BECFFFFABD9FFFF
1786745845916,5619390000000000,C646B701,0308B433,929D0000,12000000,4C000000,BFF5FFFF,6B230000,08C6FFFF,2BECFFFF,ABD9FFFF,5619390000000000C646B7010308B433929D0000120000004C000000BFF5FFFF6B23000008C6FFFF2BECFFFFABD9FFFF
1786745846916,BB19390000000000,C746B701,0008B433,929D0000,12000000,4C000000,BFF5FFFF,6C230000,0BC6FFFF,2CECFFFF,ABD9FFFF,BB19390000000000C746B7010008B433929D0000120000004C000000BFF5FFFF6C2300000BC6FFFF2CECFFFFABD9FFFF
1786745846916,1F1A390000000000,C846B701,FE07B433,929D0000,12000000,4C000000,BFF5FFFF,6C230000,0EC6FFFF,2DECFFFF,ABD9FFFF,1F1A390000000000C846B701FE07B433929D0000120000004C000000BFF5FFFF6C2300000EC6FFFF2DECFFFFABD9FFFF
1786745846916,831A390000000000,C946B701,FB07B433,929D0000,12000000,4C000000,C3F5FFFF,6C230000,11C6FFFF,2DECFFFF,AFD9FFFF,831A390000000000C946B701FB07B433929D0000120000004C000000C3F5FFFF6C23000011C6FFFF2DECFFFFAFD9FFFF
1786745846916,E71A390000000000,CB46B701,F907B433,929D0000,12000000,4C000000,C3F5FFFF,6D230000,13C6FFFF,2EECFFFF,AFD9FFFF,E71A390000000000CB46B701F907B433929D0000120000004C000000C3F5FFFF6D23000013C6FFFF2EECFFFFAFD9FFFF
1786745846916,4B1B390000000000,CC46B701,F607B433,929D0000,12000000,4C000000,C9F5FFFF,6D230000,16C6FFFF,2FECFFFF,B5D9FFFF,4B1B390000000000CC46B701F607B433929D0000120000004C000000C9F5FFFF6D23000016C6FFFF2FECFFFFB5D9FFFF
1786745846916,AF1B390000000000,CD46B701,F407B433,929D0000,12000000,4C000000,C7F5FFFF,6D230000,19C6FFFF,2FECFFFF,B3D9FFFF,AF1B390000000000CD46B701F407B433929D0000120000004C000000C7F5FFFF6D23000019C6FFFF2FECFFFFB3D9FFFF
1786745846916,131C390000000000,CE46B701,F207B433,929D0000,12000000,4C000000,CEF5FFFF,6E230000,1BC6FFFF,30ECFFFF,BAD9FFFF,131C390000000000CE46B701F207B433929D0000120000004C000000CEF5FFFF6E2300001BC6FFFF30ECFFFFBAD9FFFF
1786745846916,771C390000000000,CE46B701,F207B433,929D0000,12000000,4C000000,CEF5FFFF,6E230000,1BC6FFFF,30ECFFFF,BAD9FFFF,771C390000000000CE46B701F207B433929D0000120000004C000000CEF5FFFF6E2300001BC6FFFF30ECFFFFBAD9FFFF
1786745846916,DC1C390000000000,CE46B701,F207B433,929D0000,12000000,4C000000,D3F5FFFF,6E230000,1BC6FFFF,30ECFFFF,BFD9FFFF,DC1C390000000000CE46B701F207B433929D0000120000004C000000D3F5FFFF6E2300001BC6FFFF30ECFFFFBFD9FFFF
1786745846916,401D390000000000,CE46B701,F207B433,929D0000,12000000,4C000000,D3F5FFFF,6E230000,1BC6FFFF,30ECFFFF,BFD9FFFF,401D390000000000CE46B701F207B433929D0000120000004C000000D3F5FFFF6E2300001BC6FFFF30ECFFFFBFD9FFFF
1786745847916,A41D390000000000,CE46B701,F207B433,929D0000,12000000,4C000000,D8F5FFFF,6E230000,1BC6FFFF,30ECFFFF,C4D9FFFF,A41D390000000000CE46B701F207B433929D0000120000004C000000D8F5FFFF6E2300001BC6FFFF30ECFFFFC4D9FFFF
1786745847916,081E390000000000,CE46B701,F207B433,929D0000,12000000,4C000000,D8F5FFFF,6E230000,1BC6FFFF,30ECFFFF,C4D9FFFF,081E390000000000CE46B701F207B433929D0000120000004C000000D8F5FFFF6E2300001BC6FFFF30ECFFFFC4D9FFFF
1786745847916,6C1E390000000000,CE46B701,F207B433,929D0000,12000000,4C000000,DEF5FFFF,6E230000,1BC6FFFF,30ECFFFF,CAD9FFFF,6C1E390000000000CE46B701F207B433929D0000120000004C000000DEF5FFFF6E2300001BC6FFFF30ECFFFFCAD9FFFF
1786745847916,D01E390000000000,CE46B701,F207B433,929D0000,12000000,4C000000,DEF5FFFF,6E230000,1BC6FFFF,30ECFFFF,CAD9FFFF,D01E390000000000CE46B701F207B433929D0000120000004C000000DEF5FFFF6E2300001BC6FFFF30ECFFFFCAD9FFFF
1786745847916,341F390000000000,CE46B701,F207B433,929D0000,12000000,4C000000,E6F5FFFF,6E230000,1BC6FFFF,30ECFFFF,D2D9FFFF,341F390000000000CE46B701F207B433929D0000120000004C000000E6F5FFFF6E2300001BC6FFFF30ECFFFFD2D9FFFF
1786745847916,981F390000000000,CE46B701,F207B433,929D0000,12000000,4C000000,E6F5FFFF,6E230000,1BC6FFFF,30ECFFFF,D2D9FFFF,981F390000000000CE46B701F207B433929D0000120000004C000000E6F5FFFF6E2300001BC6FFFF30ECFFFFD2D9FFFF
1786745847916,FD1F390000000000,CE46B701,F207B433,929D0000,12000000,4C000000,19F6FFFF,6E230000,1BC6FFFF,30ECFFFF,05DAFFFF,FD1F390000000000CE46B701F207B433929D0000120000004C00000019F6FFFF6E2300001BC6FFFF30ECFFFF05DAFFFF
1786745847916,6120390000000000,CE46B701,F207B433,929D0000,12000000,4C000000,1AF6FFFF,6E230000,1BC6FFFF,30ECFFFF,06DAFFFF,6120390000000000CE46B701F207B433929D0000120000004C0000001AF6FFFF6E2300001BC6FFFF30ECFFFF06DAFFFF
1786745847916,C520390000000000,CE46B701,F207B433,929D0000,12000000,4C000000,19F6FFFF,6E230000,1BC6FFFF,30ECFFFF,05DAFFFF,C520390000000000CE46B701F207B433929D0000120000004C00000019F6FFFF6E2300001BC6FFFF30ECFFFF05DAFFFF
1786745847916,2921390000000000,CE46B701,F207B433,929D0000,12000000,4C000000,18F6FFFF,6E230000,1BC6FFFF,30ECFFFF,04DAFFFF,2921390000000000CE46B701F207B433929D0000120000004C00000018F6FFFF6E2300001BC6FFFF30ECFFFF04DAFFFF
1786745848916,8D21390000000000,CE46B701,F207B433,929D0000,12000000,4C000000,17F6FFFF,6E230000,1BC6FFFF,30ECFFFF,03DAFFFF,8D21390000000000CE46B701F207B433929D0000120000004C00000017F6FFFF6E2300001BC6FFFF30ECFFFF03DAFFFF
1786745848916,F121390000000000,CE46B701,F207B433,929D0000,12000000,4C000000,18F6FFFF,6E230000,1BC6FFFF,30ECFFFF,04DAFFFF,F121390000000000CE46B701F207B433929D0000120000004C00000018F6FFFF6E2300001BC6FFFF30ECFFFF04DAFFFF
1786745848916,5522390000000000,CE46B701,F207B433,929D0000,12000000,4C000000,17F6FFFF,6E230000,1BC6FFFF,30ECFFFF,03DAFFFF,5522390000000000CE46B701F207B433929D0000120000004C00000017F6FFFF6E2300001BC6FFFF30ECFFFF03DAFFFF
1786745848916,B922390000000000,CE46B701,F207B433,929D0000,12000000,4C000000,17F6FFFF,6E230000,1BC6FFFF,30ECFFFF,03DAFFFF,B922390000000000CE46B701F207B433929D0000120000004C00000017F6FFFF6E2300001BC6FFFF30ECFFFF03DAFFFF
1786745848916,1E23390000000000,CE46B701,F207B433,929D0000,12000000,4C000000,16F6FFFF,6E230000,1BC6FFFF,30ECFFFF,02DAFFFF,1E23390000000000CE46B701F207B433929D0000120000004C00000016F6FFFF6E2300001BC6FFFF30ECFFFF02DAFFFF
1786745848916,8223390000000000,CE46B701,F207B433,929D0000,12000000,4C000000,16F6FFFF,6E230000,1BC6FFFF,30ECFFFF,02DAFFFF,8223390000000000CE46B701F207B433929D0000120000004C00000016F6FFFF6E2300001BC6FFFF30ECFFFF02DAFFFF
1786745848916,E623390000000000,CE46B701,F207B433,929D0000,12000000,4C000000,14F6FFFF,6E230000,1BC6FFFF,30ECFFFF,00DAFFFF,E623390000000000CE46B701F207B433929D0000120000004C00000014F6FFFF6E2300001BC6FFFF30ECFFFF00DAFFFF
1786745848916,4A24390000000000,CE46B701,F207B433,929D0000,12000000,4C000000,14F6FFFF,6E230000,1BC6FFFF,30ECFFFF,00DAFFFF,4A24390000000000CE46B701F207B433929D0000120000004C00000014F6FFFF6E2300001BC6FFFF30ECFFFF00DAFFFF
1786745848916,AE24390000000000,CE46B701,F207B433,929D0000,12000000,4C000000,13F6FFFF,6E230000,1BC6FFFF,30ECFFFF,FFD9FFFF,AE24390000000000CE46B701F207B433929D0000120000004C00000013F6FFFF6E2300001BC6FFFF30ECFFFFFFD9FFFF
1786745848916,1225390000000000,CE46B701,F207B433,929D0000,12000000,4C000000,13F6FFFF,6E230000,1BC6FFFF,30ECFFFF,FFD9FFFF,1225390000000000CE46B701F207B433929D0000120000004C00000013F6FFFF6E2300001BC6FFFF30ECFFFFFFD9FFFF
1786745849916,7625390000000000,CE46B701,F207B433,929D0000,12000000,4C000000,12F6FFFF,6E230000,1BC6FFFF,30ECFFFF,FED9FFFF,7625390000000000CE46B701F207B433929D0000120000004C00000012F6FFFF6E2300001BC6FFFF30ECFFFFFED9FFFF
1786745849916,DA25390000000000,CE46B701,F207B433,929D0000,12000000,4C000000,13F6FFFF,6E230000,1BC6FFFF,30ECFFFF,FFD9FFFF,DA25390000000000CE46B701F207B433929D0000120000004C00000013F6FFFF6E2300001BC6FFFF30ECFFFFFFD9FFFF
1786745849916,A326390000000000,CE46B701,F207B433,929D0000,12000000,4C000000,11F6FFFF,6E230000,1BC6FFFF,30ECFFFF,FDD9FFFF,A326390000000000CE46B701F207B433929D0000120000004C00000011F6FFFF6E2300001BC6FFFF30ECFFFFFDD9FFFF
1786745849916,0727390000000000,CE46B701,F207B433,929D0000,12000000,4C000000,10F6FFFF,6E230000,1BC6FFFF,30ECFFFF,FCD9FFFF,0727390000000000CE46B701F207B433929D0000120000004C00000010F6FFFF6E2300001BC6FFFF30ECFFFFFCD9FFFF
1786745849916,6B27390000000000,CE46B701,F207B433,929D0000,12000000,4C000000,10F6FFFF,6E230000,1BC6FFFF,30ECFFFF,FCD9FFFF,6B27390000000000CE46B701F207B433929D0000120000004C00000010F6FFFF6E2300001BC6FFFF30ECFFFFFCD9FFFF
1786745849916,CF27390000000000,CE46B701,F207B433,929D0000,12000000,4C000000,0DF6FFFF,6E230000,1BC6FFFF,30ECFFFF,F9D9FFFF,CF27390000000000CE46B701F207B433929D0000120000004C0000000DF6FFFF6E2300001BC6FFFF30ECFFFFF9D9FFFF
1786745849916,3328390000000000,CF46B701,EF07B433,929D0000,12000000,4C000000,0EF6FFFF,6E230000,1EC6FFFF,31ECFFFF,FAD9FFFF,3328390000000000CF46B701EF07B433929D0000120000004C0000000EF6FFFF6E2300001EC6FFFF31ECFFFFFAD9FFFF
1786745849916,9728390000000000,D046B701,ED07B433,929D0000,12000000,4C000000,0AF6FFFF,6F230000,21C6FFFF,31ECFFFF,F6D9FFFF,9728390000000000D046B701ED07B433929D0000120000004C0000000AF6FFFF6F23000021C6FFFF31ECFFFFF6D9FFFF
1786745849916,FC28390000000000,D246B701,EA07B433,929D0000,12000000,4C000000,09F6FFFF,6F230000,23C6FFFF,32ECFFFF,F5D9FFFF,FC28390000000000D246B701EA07B433929D0000120000004C00000009F6FFFF6F23000023C6FFFF32ECFFFFF5D9FFFF
1786745850916,6129390000000000,D346B701,E807B433,929D0000,12000000,4C000000,F7F5FFFF,6F230000,26C6FFFF,32ECFFFF,E3D9FFFF,6129390000000000D346B701E807B433929D0000120000004C000000F7F5FFFF6F23000026C6FFFF32ECFFFFE3D9FFFF
1786745850916,C429390000000000,D446B701,E507B433,929D0000,12000000,4C000000,F6F5FFFF,70230000,29C6FFFF,33ECFFFF,E2D9FFFF,C429390000000000D446B701E507B433929D0000120000004C000000F6F5FFFF7023000029C6FFFF33ECFFFFE2D9FFFF
1786745850916,282A390000000000,D646B701,E007B433,929D0000,12000000,4C000000,F5F5FFFF,70230000,2EC6FFFF,34ECFFFF,E1D9FFFF,282A390000000000D646B701E007B433929D0000120000004C000000F5F5FFFF702300002EC6FFFF34ECFFFFE1D9FFFF
1786745850916,8C2A390000000000,D946B701,DC07B433,929D0000,12000000,4C000000,F4F5FFFF,71230000,33C6FFFF,35ECFFFF,E0D9FFFF,8C2A390000000000D946B701DC07B433929D0000120000004C000000F4F5FFFF7123000033C6FFFF35ECFFFFE0D9FFFF
1786745850916,F02A390000000000,DB46B701,D707B433,929D0000,12000000,4C000000,F1F5FFFF,72230000,39C6FFFF,37ECFFFF,DDD9FFFF,F02A390000000000DB46B701D707B433929D0000120000004C000000F1F5FFFF7223000039C6FFFF37ECFFFFDDD9FFFF
1786745850916,542B390000000000,DE46B701,CF07B433,929D0000,12000000,4C000000,F3F5FFFF,73230000,41C6FFFF,38ECFFFF,DFD9FFFF,542B390000000000DE46B701CF07B433929D0000120000004C000000F3F5FFFF7323000041C6FFFF38ECFFFFDFD9FFFF
1786745850916,B82B390000000000,E246B701,C807B433,929D0000,12000000,4C000000,EFF5FFFF,74230000,49C6FFFF,3AECFFFF,DBD9FFFF,B82B390000000000E246B701C807B433929D0000120000004C000000EFF5FFFF7423000049C6FFFF3AECFFFFDBD9FFFF
1786745850916,1D2C390000000000,E746B701,BE07B433,929D0000,12000000,4C000000,F0F5FFFF,75230000,54C6FFFF,3DECFFFF,DCD9FFFF,1D2C390000000000E746B701BE07B433929D0000120000004C000000F0F5FFFF7523000054C6FFFF3DECFFFFDCD9FFFF
1786745850916,812C390000000000,EB46B701,B407B433,929D0000,12000000,4C000000,ECF5FFFF,77230000,5EC6FFFF,3FECFFFF,D8D9FFFF,812C390000000000EB46B701B407B433929D0000120000004C000000ECF5FFFF772300005EC6FFFF3FECFFFFD8D9FFFF
1786745850916,E52C390000000000,F146B701,A807B433,929D0000,12000000,4C000000,ECF5FFFF,79230000,6CC6FFFF,42ECFFFF,D8D9FFFF,E52C390000000000F146B701A807B433929D0000120000004C000000ECF5FFFF792300006CC6FFFF42ECFFFFD8D9FFFF
1786745851916,492D390000000000,F746B701,9C07B433,929D0000,12000000,4C000000,EBF5FFFF,7A230000,79C6FFFF,45ECFFFF,D7D9FFFF,492D390000000000F746B7019C07B433929D0000120000004C000000EBF5FFFF7A23000079C6FFFF45ECFFFFD7D9FFFF
1786745851916,AD2D390000000000,FE46B701,8D07B433,929D0000,12000000,4C000000,E9F5FFFF,7D230000,89C6FFFF,48ECFFFF,D5D9FFFF,AD2D390000000000FE46B7018D07B433929D0000120000004C000000E9F5FFFF7D23000089C6FFFF48ECFFFFD5D9FFFF
1786745851916,112E390000000000,0547B701,7E07B433,929D0000,12000000,4C000000,EBF5FFFF,7F230000,99C6FFFF,4CECFFFF,D7D9FFFF,112E3900000000000547B7017E07B433929D0000120000004C000000EBF5FFFF7F23000099C6FFFF4CECFFFFD7D9FFFF
1786745851916,752E390000000000,0D47B701,6D07B433,929D0000,12000000,4C000000,ECF5FFFF,81230000,ACC6FFFF,50ECFFFF,D8D9FFFF,752E3900000000000D47B7016D07B433929D0000120000004C000000ECF5FFFF81230000ACC6FFFF50ECFFFFD8D9FFFF
1786745851916,D92E390000000000,1747B701,5A07B433,929D0000,12000000,4C000000,EDF5FFFF,84230000,C2C6FFFF,55ECFFFF,D9D9FFFF,D92E3900000000001747B7015A07B433929D0000120000004C000000EDF5FFFF84230000C2C6FFFF55ECFFFFD9D9FFFF
1786745851916,3E2F390000000000,2047B701,4607B433,929D0000,12000000,4C000000,F2F5FFFF,87230000,D7C6FFFF,5AECFFFF,DED9FFFF,3E2F3900000000002047B7014607B433929D0000120000004C000000F2F5FFFF87230000D7C6FFFF5AECFFFFDED9FFFF
1786745851916,A22F390000000000,2B47B701,3007B433,929D0000,12000000,4C000000,F0F5FFFF,8A230000,EFC6FFFF,5FECFFFF,DCD9FFFF,A22F3900000000002B47B7013007B433929D0000120000004C000000F0F5FFFF8A230000EFC6FFFF5FECFFFFDCD9FFFF
1786745851916,0630390000000000,3647B701,1907B433,929D0000,12000000,4C000000,EBF5FFFF,8E230000,09C7FFFF,64ECFFFF,D7D9FFFF,06303900000000003647B7011907B433929D0000120000004C000000EBF5FFFF8E23000009C7FFFF64ECFFFFD7D9FFFF
1786745851916,6A30390000000000,4047B701,0407B433,929D0000,12000000,4C000000,E8F5FFFF,91230000,20C7FFFF,6AECFFFF,D4D9FFFF,6A303900000000004047B7010407B433929D0000120000004C000000E8F5FFFF9123000020C7FFFF6AECFFFFD4D9FFFF
1786745851916,CE30390000000000,4B47B701,EC06B433,929D0000,12000000,4C000000,E7F5FFFF,95230000,3BC7FFFF,6FECFFFF,D3D9FFFF,CE303900000000004B47B701EC06B433929D0000120000004C000000E7F5FFFF952300003BC7FFFF6FECFFFFD3D9FFFF
1786745852916,3231390000000000,5747B701,D306B433,929D0000,12000000,4C000000,E0F5FFFF,98230000,56C7FFFF,75ECFFFF,CCD9FFFF,32313900000000005747B701D306B433929D0000120000004C000000E0F5FFFF9823000056C7FFFF75ECFFFFCCD9FFFF
1786745852916,9731390000000000,6447B701,B806B433,929D0000,12000000,4C000000,E1F5FFFF,9C230000,73C7FFFF,7CECFFFF,CDD9FFFF,97313900000000006447B701B806B433929D0000120000004C000000E1F5FFFF9C23000073C7FFFF7CECFFFFCDD9FFFF
1786745852916,FB31390000000000,7147B701,9D06B433,929D0000,12000000,4C000000,E2F5FFFF,A0230000,91C7FFFF,82ECFFFF,CED9FFFF,FB313900000000007147B7019D06B433929D0000120000004C000000E2F5FFFFA023000091C7FFFF82ECFFFFCED9FFFF
1786745852916,5F32390000000000,7E47B701,8206B433,929D0000,12000000,4C000000,E1F5FFFF,A4230000,AFC7FFFF,89ECFFFF,CDD9FFFF,5F323900000000007E47B7018206B433929D0000120000004C000000E1F5FFFFA4230000AFC7FFFF89ECFFFFCDD9FFFF
1786745852916,C332390000000000,8C47B701,6506B433,929D0000,12000000,4C000000,E3F5FFFF,A9230000,CFC7FFFF,90ECFFFF,CFD9FFFF,C3323900000000008C47B7016506B433929D0000120000004C000000E3F5FFFFA9230000CFC7FFFF90ECFFFFCFD9FFFF
1786745852916,2733390000000000,9A47B701,4706B433,929D0000,12000000,4C000000,DAF5FFFF,AD230000,EFC7FFFF,95ECFFFF,C6D9FFFF,27333900000000009A47B7014706B433929D0000120000004C000000DAF5FFFFAD230000EFC7FFFF95ECFFFFC6D9FFFF
1786745852916,8B33390000000000,A947B701,2A06B433,929D0000,12000000,4C000000,D2F5FFFF,B2230000,10C8FFFF,9BECFFFF,BED9FFFF,8B33390000000000A947B7012A06B433929D0000120000004C000000D2F5FFFFB223000010C8FFFF9BECFFFFBED9FFFF
1786745852916,EF33390000000000,B747B701,0C06B433,929D0000,12000000,4C000000,D0F5FFFF,B6230000,31C8FFFF,A0ECFFFF,BCD9FFFF,EF33390000000000B747B7010C06B433929D0000120000004C000000D0F5FFFFB623000031C8FFFFA0ECFFFFBCD9FFFF
1786745852916,5334390000000000,C547B701,EF05B433,929D0000,12000000,4C000000,CCF5FFFF,BB230000,51C8FFFF,A5ECFFFF,B8D9FFFF,5334390000000000C547B701EF05B433929D0000120000004C000000CCF5FFFFBB23000051C8FFFFA5ECFFFFB8D9FFFF
1786745852916,B834390000000000,D447B701,D105B433,929D0000,12000000,4C000000,CAF5FFFF,C0230000,72C8FFFF,ABECFFFF,B6D9FFFF,B834390000000000D447B701D105B433929D0000120000004C000000CAF5FFFFC023000072C8FFFFABECFFFFB6D9FFFF
1786745853916,1C35390000000000,E247B701,B305B433,929D0000,12000000,4C000000,C8F5FFFF,C4230000,92C8FFFF,B0ECFFFF,B4D9FFFF,1C35390000000000E247B701B305B433929D0000120000004C000000C8F5FFFFC423000092C8FFFFB0ECFFFFB4D9FFFF
1786745853916,8035390000000000,EF47B701,9805B433,929D0000,12000000,4C000000,C3F5FFFF,C8230000,B0C8FFFF,B5ECFFFF,AFD9FFFF,8035390000000000EF47B7019805B433929D0000120000004C000000C3F5FFFFC8230000B0C8FFFFB5ECFFFFAFD9FFFF
1786745853916,E435390000000000,FC47B701,7D05B433,929D0000,12000000,4C000000,BEF5FFFF,CD230000,CEC8FFFF,BAECFFFF,AAD9FFFF,E435390000000000FC47B7017D05B433929D0000120000004C000000BEF5FFFFCD230000CEC8FFFFBAECFFFFAAD9FFFF
1786745853916,4836390000000000,0A48B701,6205B433,929D0000,12000000,4C000000,BBF5FFFF,D1230000,ECC8FFFF,C0ECFFFF,A7D9FFFF,48363900000000000A48B7016205B433929D0000120000004C000000BBF5FFFFD1230000ECC8FFFFC0ECFFFFA7D9FFFF
1786745853916,AC36390000000000,1748B701,4705B433,929D0000,12000000,4C000000,B6F5FFFF,D5230000,0AC9FFFF,C5ECFFFF,A2D9FFFF,AC363900000000001748B7014705B433929D0000120000004C000000B6F5FFFFD52300000AC9FFFFC5ECFFFFA2D9FFFF
1786745853916,1037390000000000,2448B701,2C05B433,929D0000,12000000,4C000000,B0F5FFFF,DA230000,28C9FFFF,CAECFFFF,9CD9FFFF,10373900000000002448B7012C05B433929D0000120000004C000000B0F5FFFFDA23000028C9FFFFCAECFFFF9CD9FFFF
1786745853916,7437390000000000,3148B701,1105B433,929D0000,12000000,4C000000,ABF5FFFF,DE230000,45C9FFFF,CFECFFFF,97D9FFFF,74373900000000003148B7011105B433929D0000120000004C000000ABF5FFFFDE23000045C9FFFFCFECFFFF97D9FFFF
1786745853916,D937390000000000,3D48B701,F904B433,929D0000,12000000,4C000000,A5F5FFFF,E2230000,60C9FFFF,D4ECFFFF,91D9FFFF,D9373900000000003D48B701F904B433929D0000120000004C000000A5F5FFFFE223000060C9FFFFD4ECFFFF91D9FFFF
1786745853916,3D38390000000000,4A48B701,E004B433,929D0000,12000000,4C000000,9FF5FFFF,E6230000,7BC9FFFF,D9ECFFFF,8BD9FFFF,3D383900000000004A48B701E004B433929D0000120000004C0000009FF5FFFFE62300007BC9FFFFD9ECFFFF8BD9FFFF
1786745853916,A138390000000000,5648B701,C804B433,929D0000,12000000,4C000000,A0F5FFFF,EA230000,96C9FFFF,DEECFFFF,8CD9FFFF,A1383900000000005648B701C804B433929D0000120000004C000000A0F5FFFFEA23000096C9FFFFDEECFFFF8CD9FFFF
1786745854916,0539390000000000,6248B701,AF04B433,929D0000,12000000,4C000000,9EF5FFFF,EE230000,B1C9FFFF,E3ECFFFF,8AD9FFFF,05393900000000006248B701AF04B433929D0000120000004C0000009EF5FFFFEE230000B1C9FFFFE3ECFFFF8AD9FFFF
1786745854916,6939390000000000,6E48B701,9604B433,929D0000,12000000,4C000000,97F5FFFF,F2230000,CCC9FFFF,E7ECFFFF,83D9FFFF,69393900000000006E48B7019604B433929D0000120000004C00000097F5FFFFF2230000CCC9FFFFE7ECFFFF83D9FFFF
1786745854916,CD39390000000000,7A48B701,7E04B433,929D0000,12000000,4C000000,8EF5FFFF,F6230000,E7C9FFFF,ECECFFFF,7AD9FFFF,CD393900000000007A48B7017E04B433929D0000120000004C0000008EF5FFFFF6230000E7C9FFFFECECFFFF7AD9FFFF
1786745854916,313A390000000000,8648B701,6504B433,929D0000,12000000,4C000000,87F5FFFF,FA230000,02CAFFFF,F1ECFFFF,73D9FFFF,313A3900000000008648B7016504B433929D0000120000004C00000087F5FFFFFA23000002CAFFFFF1ECFFFF73D9FFFF
1786745854916,953A390000000000,9348B701,4D04B433,929D0000,12000000,4C000000,7CF5FFFF,FE230000,1ECAFFFF,F5ECFFFF,68D9FFFF,953A3900000000009348B7014D04B433929D0000120000004C0000007CF5FFFFFE2300001ECAFFFFF5ECFFFF68D9FFFF
1786745854916,FA3A390000000000,9F48B701,3404B433,929D0000,12000000,4C000000,7BF5FFFF,03240000,39CAFFFF,F9ECFFFF,67D9FFFF,FA3A3900000000009F48B7013404B433929D0000120000004C0000007BF5FFFF0324000039CAFFFFF9ECFFFF67D9FFFF
1786745854916,5E3B390000000000,AB48B701,1C04B433,929D0000,12000000,4C000000,7DF5FFFF,07240000,54CAFFFF,FEECFFFF,69D9FFFF,5E3B390000000000AB48B7011C04B433929D0000120000004C0000007DF5FFFF0724000054CAFFFFFEECFFFF69D9FFFF
1786745854916,C23B390000000000,B848B701,0304B433,929D0000,12000000,4C000000,77F5FFFF,0B240000,6FCAFFFF,02EDFFFF,63D9FFFF,C23B390000000000B848B7010304B433929D0000120000004C00000077F5FFFF0B2400006FCAFFFF02EDFFFF63D9FFFF
1786745854916,263C390000000000,C548B701,E803B433,929D0000,12000000,4C000000,72F5FFFF,10240000,8DCAFFFF,06EDFFFF,5ED9FFFF,263C390000000000C548B701E803B433929D0000120000004C00000072F5FFFF102400008DCAFFFF06EDFFFF5ED9FFFF
1786745854916,8A3C390000000000,D348B701,CE03B433,929D0000,12000000,4C000000,6DF5FFFF,14240000,ABCAFFFF,0BEDFFFF,59D9FFFF,8A3C390000000000D348B701CE03B433929D0000120000004C0000006DF5FFFF14240000ABCAFFFF0BEDFFFF59D9FFFF
1786745855916,EE3C390000000000,E148B701,B203B433,929D0000,12000000,4C000000,6AF5FFFF,19240000,C9CAFFFF,10EDFFFF,56D9FFFF,EE3C390000000000E148B701B203B433929D0000120000004C0000006AF5FFFF19240000C9CAFFFF10EDFFFF56D9FFFF
1786745855916,523D390000000000,EE48B701,9803B433,929D0000,12000000,4C000000,6CF5FFFF,1E240000,E6CAFFFF,15EDFFFF,58D9FFFF,523D390000000000EE48B7019803B433929D0000120000004C0000006CF5FFFF1E240000E6CAFFFF15EDFFFF58D9FFFF
1786745855916,B73D390000000000,FC48B701,7D03B433,929D0000,12000000,4C000000,6EF5FFFF,22240000,04CBFFFF,1AEDFFFF,5AD9FFFF,B73D390000000000FC48B7017D03B433929D0000120000004C0000006EF5FFFF2224000004CBFFFF1AEDFFFF5AD9FFFF
1786745855916,1B3E390000000000,0949B701,6203B433,929D0000,12000000,4C000000,70F5FFFF,27240000,22CBFFFF,1FEDFFFF,5CD9FFFF,1B3E3900000000000949B7016203B433929D0000120000004C00000070F5FFFF2724000022CBFFFF1FEDFFFF5CD9FFFF
1786745855916,7F3E390000000000,1749B701,4703B433,929D0000,12000000,4C000000,6FF5FFFF,2C240000,40CBFFFF,24EDFFFF,5BD9FFFF,7F3E3900000000001749B7014703B433929D0000120000004C0000006FF5FFFF2C24000040CBFFFF24EDFFFF5BD9FFFF
1786745855916,E33E390000000000,2549B701,2C03B433,929D0000,12000000,4C000000,6FF5FFFF,31240000,5ECBFFFF,29EDFFFF,5BD9FFFF,E33E3900000000002549B7012C03B433929D0000120000004C0000006FF5FFFF312400005ECBFFFF29EDFFFF5BD9FFFF
1786745855916,473F390000000000,3249B701,1103B433,929D0000,12000000,4C000000,6EF5FFFF,35240000,7BCBFFFF,2EEDFFFF,5AD9FFFF,473F3900000000003249B7011103B433929D0000120000004C0000006EF5FFFF352400007BCBFFFF2EEDFFFF5AD9FFFF
1786745855916,AB3F390000000000,4049B701,F502B433,929D0000,12000000,4C000000,6FF5FFFF,3A240000,9ACBFFFF,34EDFFFF,5BD9FFFF,AB3F3900000000004049B701F502B433929D0000120000004C0000006FF5FFFF3A2400009ACBFFFF34EDFFFF5BD9FFFF
1786745855916,0F40390000000000,4C49B701,DE02B433,929D0000,12000000,4C000000,71F5FFFF,3E240000,B4CBFFFF,39EDFFFF,5DD9FFFF,0F403900000000004C49B701DE02B433929D0000120000004C00000071F5FFFF3E240000B4CBFFFF39EDFFFF5DD9FFFF
1786745855916,7340390000000000,5849B701,C502B433,929D0000,12000000,4C000000,74F5FFFF,42240000,CFCBFFFF,3DEDFFFF,60D9FFFF,73403900000000005849B701C502B433929D0000120000004C00000074F5FFFF42240000CFCBFFFF3DEDFFFF60D9FFFF
1786745856916,D840390000000000,6549B701,AD02B433,929D0000,12000000,4C000000,70F5FFFF,47240000,EACBFFFF,42EDFFFF,5CD9FFFF,D8403900000000006549B701AD02B433929D0000120000004C00000070F5FFFF47240000EACBFFFF42EDFFFF5CD9FFFF
1786745856916,3C41390000000000,7149B701,9402B433,929D0000,12000000,4C000000,6CF5FFFF,4B240000,05CCFFFF,47EDFFFF,58D9FFFF,3C413900000000007149B7019402B433929D0000120000004C0000006CF5FFFF4B24000005CCFFFF47EDFFFF58D9FFFF
1786745856916,A041390000000000,7E49B701,7C02B433,929D0000,12000000,4C000000,6CF5FFFF,4F240000,20CCFFFF,4CEDFFFF,58D9FFFF,A0413900000000007E49B7017C02B433929D0000120000004C0000006CF5FFFF4F24000020CCFFFF4CEDFFFF58D9FFFF
1786745856916,0442390000000000,8A49B701,6402B433,929D0000,12000000,4C000000,6BF5FFFF,54240000,3BCCFFFF,51EDFFFF,57D9FFFF,04423900000000008A49B7016402B433929D0000120000004C0000006BF5FFFF542400003BCCFFFF51EDFFFF57D9FFFF
1786745856916,6842390000000000,9549B701,4E02B433,929D0000,12000000,4C000000,76F5FFFF,57240000,53CCFFFF,55EDFFFF,62D9FFFF,68423900000000009549B7014E02B433929D0000120000004C00000076F5FFFF5724000053CCFFFF55EDFFFF62D9FFFF
1786745856916,CC42390000000000,A049B701,3802B433,929D0000,12000000,4C000000,7EF5FFFF,5B240000,6CCCFFFF,59EDFFFF,6AD9FFFF,CC42390000000000A049B7013802B433929D0000120000004C0000007EF5FFFF5B2400006CCCFFFF59EDFFFF6AD9FFFF
1786745856916,3043390000000000,AB49B701,2202B433,929D0000,12000000,4C000000,83F5FFFF,5F240000,84CCFFFF,5DEDFFFF,6FD9FFFF,3043390000000000AB49B7012202B433929D0000120000004C00000083F5FFFF5F24000084CCFFFF5DEDFFFF6FD9FFFF
1786745856916,9443390000000000,B649B701,0C02B433,929D0000,12000000,4C000000,87F5FFFF,63240000,9CCCFFFF,62EDFFFF,73D9FFFF,9443390000000000B649B7010C02B433929D0000120000004C00000087F5FFFF632400009CCCFFFF62EDFFFF73D9FFFF
1786745856916,F943390000000000,C149B701,F601B433,929D0000,12000000,4C000000,8DF5FFFF,66240000,B5CCFFFF,66EDFFFF,79D9FFFF,F943390000000000C149B701F601B433929D0000120000004C0000008DF5FFFF66240000B5CCFFFF66EDFFFF79D9FFFF
1786745857916,5D44390000000000,CC49B701,E001B433,929D0000,12000000,4C000000,93F5FFFF,6A240000,CDCCFFFF,6AEDFFFF,7FD9FFFF,5D44390000000000CC49B701E001B433929D0000120000004C00000093F5FFFF6A240000CDCCFFFF6AEDFFFF7FD9FFFF
1786745857916,C144390000000000,D749B701,C901B433,929D0000,12000000,4C000000,A1F5FFFF,6E240000,E6CCFFFF,6EEDFFFF,8DD9FFFF,C144390000000000D749B701C901B433929D0000120000004C000000A1F5FFFF6E240000E6CCFFFF6EEDFFFF8DD9FFFF
1786745857916,2545390000000000,E249B701,B301B433,929D0000,12000000,4C000000,B0F5FFFF,71240000,FECCFFFF,72EDFFFF,9CD9FFFF,2545390000000000E249B701B301B433929D0000120000004C000000B0F5FFFF71240000FECCFFFF72EDFFFF9CD9FFFF
1786745857916,8945390000000000,ED49B701,9D01B433,929D0000,12000000,4C000000,B9F5FFFF,75240000,16CDFFFF,76EDFFFF,A5D9FFFF,8945390000000000ED49B7019D01B433929D0000120000004C000000B9F5FFFF7524000016CDFFFF76EDFFFFA5D9FFFF
1786745857916,ED45390000000000,F849B701,8701B433,929D0000,12000000,4C000000,C0F5FFFF,78240000,2FCDFFFF,7AEDFFFF,ACD9FFFF,ED45390000000000F849B7018701B433929D0000120000004C000000C0F5FFFF782400002FCDFFFF7AEDFFFFACD9FFFF
1786745857916,5246390000000000,034AB701,7101B433,929D0000,12000000,4C000000,C7F5FFFF,7C240000,47CDFFFF,7EEDFFFF,B3D9FFFF,5246390000000000034AB7017101B433929D0000120000004C000000C7F5FFFF7C24000047CDFFFF7EEDFFFFB3D9FFFF
1786745857916,B646390000000000,0D4AB701,5B01B433,929D0000,12000000,4C000000,CBF5FFFF,7F240000,60CDFFFF,82EDFFFF,B7D9FFFF,B6463900000000000D4AB7015B01B433929D0000120000004C000000CBF5FFFF7F24000060CDFFFF82EDFFFFB7D9FFFF
1786745857916,1A47390000000000,184AB701,4401B433,929D0000,12000000,4C000000,CDF5FFFF,83240000,78CDFFFF,86EDFFFF,B9D9FFFF,1A47390000000000184AB7014401B433929D0000120000004C000000CDF5FFFF8324000078CDFFFF86EDFFFFB9D9FFFF
1786745857916,7E47390000000000,234AB701,2E01B433,929D0000,12000000,4C000000,C9F5FFFF,86240000,90CDFFFF,8AEDFFFF,B5D9FFFF,7E47390000000000234AB7012E01B433929D0000120000004C000000C9F5FFFF8624000090CDFFFF8AEDFFFFB5D9FFFF
1786745857916,E247390000000000,2E4AB701,1801B433,929D0000,12000000,4C000000,BFF5FFFF,8A240000,A9CDFFFF,8FEDFFFF,ABD9FFFF,E2473900000000002E4AB7011801B433929D0000120000004C000000BFF5FFFF8A240000A9CDFFFF8FEDFFFFABD9FFFF
1786745858916,4648390000000000,384AB701,0201B433,929D0000,12000000,4C000000,B6F5FFFF,8D240000,C1CDFFFF,92EDFFFF,A2D9FFFF,4648390000000000384AB7010201B433929D0000120000004C000000B6F5FFFF8D240000C1CDFFFF92EDFFFFA2D9FFFF
1786745858916,AA48390000000000,434AB701,EC00B433,929D0000,12000000,4C000000,B4F5FFFF,91240000,DACDFFFF,97EDFFFF,A0D9FFFF,AA48390000000000434AB701EC00B433929D0000120000004C000000B4F5FFFF91240000DACDFFFF97EDFFFFA0D9FFFF
1786745858916,0E49390000000000,4E4AB701,D500B433,929D0000,12000000,4C000000,B5F5FFFF,94240000,F2CDFFFF,9BEDFFFF,A1D9FFFF,0E493900000000004E4AB701D500B433929D0000120000004C000000B5F5FFFF94240000F2CDFFFF9BEDFFFFA1D9FFFF
1786745858916,7349390000000000,584AB701,C200B433,929D0000,12000000,4C000000,B5F5FFFF,97240000,08CEFFFF,9EEDFFFF,A1D9FFFF,7349390000000000584AB701C200B433929D0000120000004C000000B5F5FFFF9724000008CEFFFF9EEDFFFFA1D9FFFF
1786745858916,D749390000000000,614AB701,AE00B433,929D0000,12000000,4C000000,B6F5FFFF,9A240000,1ECEFFFF,A2EDFFFF,A2D9FFFF,D749390000000000614AB701AE00B433929D0000120000004C000000B6F5FFFF9A2400001ECEFFFFA2EDFFFFA2D9FFFF
1786745858916,3B4A390000000000,6B4AB701,9B00B433,929D0000,12000000,4C000000,B3F5FFFF,9E240000,33CEFFFF,A6EDFFFF,9FD9FFFF,3B4A3900000000006B4AB7019B00B433929D0000120000004C000000B3F5FFFF9E24000033CEFFFFA6EDFFFF9FD9FFFF
1786745858916,9F4A390000000000,754AB701,8700B433,929D0000,12000000,4C000000,AEF5FFFF,A1240000,49CEFFFF,A9EDFFFF,9AD9FFFF,9F4A390000000000754AB7018700B433929D0000120000004C000000AEF5FFFFA124000049CEFFFFA9EDFFFF9AD9FFFF
1786745858916,034B390000000000,7E4AB701,7300B433,929D0000,12000000,4C000000,AEF5FFFF,A4240000,5FCEFFFF,ADEDFFFF,9AD9FFFF,034B3900000000007E4AB7017300B433929D0000120000004C000000AEF5FFFFA42400005FCEFFFFADEDFFFF9AD9FFFF
1786745858916,674B390000000000,884AB701,6000B433,929D0000,12000000,4C000000,ADF5FFFF,A7240000,74CEFFFF,B0EDFFFF,99D9FFFF,674B390000000000884AB7016000B433929D0000120000004C000000ADF5FFFFA724000074CEFFFFB0EDFFFF99D9FFFF
1786745858916,CB4B390000000000,924AB701,4C00B433,929D0000,12000000,4C000000,AAF5FFFF,AA240000,8ACEFFFF,B4EDFFFF,96D9FFFF,CB4B390000000000924AB7014C00B433929D0000120000004C000000AAF5FFFFAA2400008ACEFFFFB4EDFFFF96D9FFFF
1786745859916,2F4C390000000000,9C4AB701,3800B433,929D0000,12000000,4C000000,A8F5FFFF,AD240000,A0CEFFFF,B8EDFFFF,94D9FFFF,2F4C3900000000009C4AB7013800B433929D0000120000004C000000A8F5FFFFAD240000A0CEFFFFB8EDFFFF94D9FFFF
1786745859916,944C390000000000,A54AB701,2400B433,929D0000,12000000,4C000000,A9F5FFFF,B1240000,B6CEFFFF,BBEDFFFF,95D9FFFF,944C390000000000A54AB7012400B433929D0000120000004C000000A9F5FFFFB1240000B6CEFFFFBBEDFFFF95D9FFFF
1786745859916,F84C390000000000,AF4AB701,1100B433,929D0000,12000000,4C000000,A6F5FFFF,B4240000,CBCEFFFF,BFEDFFFF,92D9FFFF,F84C390000000000AF4AB7011100B433929D0000120000004C000000A6F5FFFFB4240000CBCEFFFFBFEDFFFF92D9FFFF
1786745859916,5C4D390000000000,B94AB701,FDFFB333,929D0000,12000000,4C000000,A3F5FFFF,B7240000,E1CEFFFF,C3EDFFFF,8FD9FFFF,5C4D390000000000B94AB701FDFFB333929D0000120000004C000000A3F5FFFFB7240000E1CEFFFFC3EDFFFF8FD9FFFF
1786745859916,C04D390000000000,C24AB701,EAFFB333,929D0000,12000000,4C000000,A1F5FFFF,BA240000,F7CEFFFF,C6EDFFFF,8DD9FFFF,C04D390000000000C24AB701EAFFB333929D0000120000004C000000A1F5FFFFBA240000F7CEFFFFC6EDFFFF8DD9FFFF
1786745859916,244E390000000000,CC4AB701,D6FFB333,929D0000,12000000,4C000000,9FF5FFFF,BE240000,0CCFFFFF,CAEDFFFF,8BD9FFFF,244E390000000000CC4AB701D6FFB333929D0000120000004C0000009FF5FFFFBE2400000CCFFFFFCAEDFFFF8BD9FFFF
1786745859916,884E390000000000,D64AB701,C2FFB333,929D0000,12000000,4C000000,A0F5FFFF,C1240000,22CFFFFF,CDEDFFFF,8CD9FFFF,884E390000000000D64AB701C2FFB333929D0000120000004C000000A0F5FFFFC124000022CFFFFFCDEDFFFF8CD9FFFF
1786745859916,EC4E390000000000,DF4AB701,AFFFB333,929D0000,12000000,4C000000,A1F5FFFF,C4240000,38CFFFFF,D1EDFFFF,8DD9FFFF,EC4E390000000000DF4AB701AFFFB333929D0000120000004C000000A1F5FFFFC424000038CFFFFFD1EDFFFF8DD9FFFF
1786745859916,504F390000000000,EA4AB701,9AFFB333,929D0000,12000000,4C000000,A4F5FFFF,C7240000,4ECFFFFF,D5EDFFFF,90D9FFFF,504F390000000000EA4AB7019AFFB333929D0000120000004C000000A4F5FFFFC72400004ECFFFFFD5EDFFFF90D9FFFF
1786745859916,B54F390000000000,F34AB701,87FFB333,929D0000,12000000,4C000000,A7F5FFFF,CA240000,63CFFFFF,D8EDFFFF,93D9FFFF,B54F390000000000F34AB70187FFB333929D0000120000004C000000A7F5FFFFCA24000063CFFFFFD8EDFFFF93D9FFFF
1786745860916,1950390000000000,FD4AB701,74FFB333,929D0000,12000000,4C000000,ABF5FFFF,CE240000,79CFFFFF,DCEDFFFF,97D9FFFF,1950390000000000FD4AB70174FFB333929D0000120000004C000000ABF5FFFFCE24000079CFFFFFDCEDFFFF97D9FFFF
1786745860916,7D50390000000000,084BB701,5DFFB333,929D0000,12000000,4C000000,B2F5FFFF,D1240000,92CFFFFF,E0EDFFFF,9ED9FFFF,7D50390000000000084BB7015DFFB333929D0000120000004C000000B2F5FFFFD124000092CFFFFFE0EDFFFF9ED9FFFF
1786745860916,E150390000000000,124BB701,47FFB333,929D0000,12000000,4C000000,BEF5FFFF,D5240000,AACFFFFF,E4EDFFFF,AAD9FFFF,E150390000000000124BB70147FFB333929D0000120000004C000000BEF5FFFFD5240000AACFFFFFE4EDFFFFAAD9FFFF
1786745860916,4551390000000000,1D4BB701,31FFB333,929D0000,12000000,4C000000,D2F5FFFF,D8240000,C2CFFFFF,E8EDFFFF,BED9FFFF,45513900000000001D4BB70131FFB333929D0000120000004C000000D2F5FFFFD8240000C2CFFFFFE8EDFFFFBED9FFFF
1786745860916,A951390000000000,294BB701,19FFB333,929D0000,12000000,4C000000,EBF5FFFF,DC240000,DDCFFFFF,EDEDFFFF,D7D9FFFF,A951390000000000294BB70119FFB333929D0000120000004C000000EBF5FFFFDC240000DDCFFFFFEDEDFFFFD7D9FFFF
1786745860916,0D52390000000000,354BB701,00FFB333,929D0000,12000000,4C000000,08F6FFFF,DF240000,F8CFFFFF,F2EDFFFF,F4D9FFFF,0D52390000000000354BB70100FFB333929D0000120000004C00000008F6FFFFDF240000F8CFFFFFF2EDFFFFF4D9FFFF
1786745860916,7252390000000000,404BB701,E7FEB333,929D0000,12000000,4C000000,29F6FFFF,E3240000,13D0FFFF,F6EDFFFF,15DAFFFF,7252390000000000404BB701E7FEB333929D0000120000004C00000029F6FFFFE324000013D0FFFFF6EDFFFF15DAFFFF
1786745860916,D652390000000000,4C4BB701,CEFEB333,929D0000,12000000,4C000000,50F6FFFF,E6240000,2ED0FFFF,FBEDFFFF,3CDAFFFF,D6523900000000004C4BB701CEFEB333929D0000120000004C00000050F6FFFFE62400002ED0FFFFFBEDFFFF3CDAFFFF
1786745860916,3A53390000000000,574BB701,B5FEB333,929D0000,12000000,4C000000,7EF6FFFF,EA240000,4AD0FFFF,00EEFFFF,6ADAFFFF,3A53390000000000574BB701B5FEB333929D0000120000004C0000007EF6FFFFEA2400004AD0FFFF00EEFFFF6ADAFFFF
1786745860916,9E53390000000000,624BB701,9CFEB333,929D0000,12000000,4C000000,B6F6FFFF,EC240000,65D0FFFF,05EEFFFF,A2DAFFFF,9E53390000000000624BB7019CFEB333929D0000120000004C000000B6F6FFFFEC24000065D0FFFF05EEFFFFA2DAFFFF
1786745861916,0254390000000000,6D4BB701,83FEB333,929D0000,12000000,4C000000,EDF6FFFF,EF240000,80D0FFFF,09EEFFFF,D9DAFFFF,02543900000000006D4BB70183FEB333929D0000120000004C000000EDF6FFFFEF24000080D0FFFF09EEFFFFD9DAFFFF
1786745861916,6654390000000000,774BB701,6CFEB333,929D0000,12000000,4C000000,2FF7FFFF,F1240000,99D0FFFF,0DEEFFFF,1BDBFFFF,6654390000000000774BB7016CFEB333929D0000120000004C0000002FF7FFFFF124000099D0FFFF0DEEFFFF1BDBFFFF
1786745861916,CA54390000000000,804BB701,56FEB333,929D0000,12000000,4C000000,78F7FFFF,F3240000,B1D0FFFF,12EEFFFF,64DBFFFF,CA54390000000000804BB70156FEB333929D0000120000004C00000078F7FFFFF3240000B1D0FFFF12EEFFFF64DBFFFF
1786745861916,2E55390000000000,894BB701,3FFEB333,929D0000,12000000,4C000000,C2F7FFFF,F5240000,CAD0FFFF,16EEFFFF,AEDBFFFF,2E55390000000000894BB7013FFEB333929D0000120000004C000000C2F7FFFFF5240000CAD0FFFF16EEFFFFAEDBFFFF
1786745861916,9355390000000000,924BB701,28FEB333,929D0000,12000000,4C000000,0EF8FFFF,F6240000,E2D0FFFF,1AEEFFFF,FADBFFFF,9355390000000000924BB70128FEB333929D0000120000004C0000000EF8FFFFF6240000E2D0FFFF1AEEFFFFFADBFFFF
1786745861916,F755390000000000,9A4BB701,11FEB333,929D0000,12000000,4C000000,58F8FFFF,F7240000,FBD0FFFF,1FEEFFFF,44DCFFFF,F7553900000000009A4BB70111FEB333929D0000120000004C00000058F8FFFFF7240000FBD0FFFF1FEEFFFF44DCFFFF
1786745861916,5B56390000000000,A24BB701,F9FDB333,929D0000,12000000,4C000000,9DF8FFFF,F7240000,13D1FFFF,23EEFFFF,89DCFFFF,5B56390000000000A24BB701F9FDB333929D0000120000004C0000009DF8FFFFF724000013D1FFFF23EEFFFF89DCFFFF
1786745861916,BF56390000000000,AA4BB701,E2FDB333,929D0000,12000000,4C000000,DFF8FFFF,F7240000,2CD1FFFF,28EEFFFF,CBDCFFFF,BF56390000000000AA4BB701E2FDB333929D0000120000004C000000DFF8FFFFF72400002CD1FFFF28EEFFFFCBDCFFFF
1786745861916,2357390000000000,B24BB701,CBFDB333,929D0000,12000000,4C000000,24F9FFFF,F7240000,45D1FFFF,2CEEFFFF,10DDFFFF,2357390000000000B24BB701CBFDB333929D0000120000004C00000024F9FFFFF724000045D1FFFF2CEEFFFF10DDFFFF
1786745861916,8757390000000000,B94BB701,B3FDB333,929D0000,12000000,4C000000,65F9FFFF,F7240000,5DD1FFFF,31EEFFFF,51DDFFFF,8757390000000000B94BB701B3FDB333929D0000120000004C00000065F9FFFFF72400005DD1FFFF31EEFFFF51DDFFFF
1786745862916,EB57390000000000,C04BB701,9BFDB333,929D0000,12000000,4C000000,ACF9FFFF,F6240000,76D1FFFF,35EEFFFF,98DDFFFF,EB57390000000000C04BB7019BFDB333929D0000120000004C000000ACF9FFFFF624000076D1FFFF35EEFFFF98DDFFFF
1786745862916,4F58390000000000,C74BB701,84FDB333,929D0000,12000000,4C000000,EDF9FFFF,F5240000,8FD1FFFF,3AEEFFFF,D9DDFFFF,4F58390000000000C74BB70184FDB333929D0000120000004C000000EDF9FFFFF52400008FD1FFFF3AEEFFFFD9DDFFFF
1786745862916,B458390000000000,CD4BB701,6CFDB333,929D0000,12000000,4C000000,26FAFFFF,F4240000,A7D1FFFF,3FEEFFFF,12DEFFFF,B458390000000000CD4BB7016CFDB333929D0000120000004C00000026FAFFFFF4240000A7D1FFFF3FEEFFFF12DEFFFF
1786745862916,1859390000000000,D34BB701,54FDB333,929D0000,12000000,4C000000,5CFAFFFF,F3240000,BFD1FFFF,43EEFFFF,48DEFFFF,1859390000000000D34BB70154FDB333929D0000120000004C0000005CFAFFFFF3240000BFD1FFFF43EEFFFF48DEFFFF
1786745862916,7C59390000000000,D94BB701,3CFDB333,929D0000,12000000,4C000000,91FAFFFF,F1240000,D8D1FFFF,48EEFFFF,7DDEFFFF,7C59390000000000D94BB7013CFDB333929D0000120000004C00000091FAFFFFF1240000D8D1FFFF48EEFFFF7DDEFFFF
1786745862916,E059390000000000,DF4BB701,25FDB333,929D0000,12000000,4C000000,C0FAFFFF,EF240000,F1D1FFFF,4CEEFFFF,ACDEFFFF,E059390000000000DF4BB70125FDB333929D0000120000004C000000C0FAFFFFEF240000F1D1FFFF4CEEFFFFACDEFFFF
1786745862916,445A390000000000,E44BB701,0FFDB333,929D0000,12000000,4C000000,EEFAFFFF,EE240000,06D2FFFF,50EEFFFF,DADEFFFF,445A390000000000E44BB7010FFDB333929D0000120000004C000000EEFAFFFFEE24000006D2FFFF50EEFFFFDADEFFFF
1786745862916,A85A390000000000,E94BB701,FAFCB333,929D0000,12000000,4C000000,20FBFFFF,EC240000,1CD2FFFF,54EEFFFF,0CDFFFFF,A85A390000000000E94BB701FAFCB333929D0000120000004C00000020FBFFFFEC2400001CD2FFFF54EEFFFF0CDFFFFF
1786745862916,0D5B390000000000,ED4BB701,E5FCB333,929D0000,12000000,4C000000,50FBFFFF,E9240000,32D2FFFF,58EEFFFF,3CDFFFFF,0D5B390000000000ED4BB701E5FCB333929D0000120000004C00000050FBFFFFE924000032D2FFFF58EEFFFF3CDFFFFF
1786745862916,715B390000000000,F14BB701,CFFCB333,929D0000,12000000,4C000000,80FBFFFF,E7240000,48D2FFFF,5CEEFFFF,6CDFFFFF,715B390000000000F14BB701CFFCB333929D0000120000004C00000080FBFFFFE724000048D2FFFF5CEEFFFF6CDFFFFF
1786745863916,D55B390000000000,F64BB701,BAFCB333,929D0000,12000000,4C000000,A8FBFFFF,E4240000,5DD2FFFF,60EEFFFF,94DFFFFF,D55B390000000000F64BB701BAFCB333929D0000120000004C000000A8FBFFFFE42400005DD2FFFF60EEFFFF94DFFFFF
1786745863916,395C390000000000,FA4BB701,A4FCB333,929D0000,12000000,4C000000,BAFBFFFF,E2240000,73D2FFFF,64EEFFFF,A6DFFFFF,395C390000000000FA4BB701A4FCB333929D0000120000004C000000BAFBFFFFE224000073D2FFFF64EEFFFFA6DFFFFF
1786745863916,9D5C390000000000,FE4BB701,8FFCB333,929D0000,12000000,4C000000,BBFBFFFF,DF240000,89D2FFFF,68EEFFFF,A7DFFFFF,9D5C390000000000FE4BB7018FFCB333929D0000120000004C000000BBFBFFFFDF24000089D2FFFF68EEFFFFA7DFFFFF
1786745863916,015D390000000000,024CB701,79FCB333,929D0000,12000000,4C000000,BAFBFFFF,DC240000,9ED2FFFF,6CEEFFFF,A6DFFFFF,015D390000000000024CB70179FCB333929D0000120000004C000000BAFBFFFFDC2400009ED2FFFF6CEEFFFFA6DFFFFF
1786745863916,655D390000000000,064CB701,64FCB333,929D0000,12000000,4C000000,BEFBFFFF,DA240000,B4D2FFFF,70EEFFFF,AADFFFFF,655D390000000000064CB70164FCB333929D0000120000004C000000BEFBFFFFDA240000B4D2FFFF70EEFFFFAADFFFFF
1786745863916,C95D390000000000,094CB701,51FCB333,929D0000,12000000,4C000000,C9FBFFFF,D7240000,C7D2FFFF,74EEFFFF,B5DFFFFF,C95D390000000000094CB70151FCB333929D0000120000004C000000C9FBFFFFD7240000C7D2FFFF74EEFFFFB5DFFFFF
1786745863916,2D5E390000000000,0D4CB701,3EFCB333,929D0000,12000000,4C000000,D8FBFFFF,D5240000,DAD2FFFF,77EEFFFF,C4DFFFFF,2D5E3900000000000D4CB7013EFCB333929D0000120000004C000000D8FBFFFFD5240000DAD2FFFF77EEFFFFC4DFFFFF
1786745863916,925E390000000000,104CB701,2BFCB333,929D0000,12000000,4C000000,E6FBFFFF,D2240000,EDD2FFFF,7BEEFFFF,D2DFFFFF,925E390000000000104CB7012BFCB333929D0000120000004C000000E6FBFFFFD2240000EDD2FFFF7BEEFFFFD2DFFFFF
1786745863916,F65E390000000000,144CB701,18FCB333,929D0000,12000000,4C000000,EEFBFFFF,D0240000,00D3FFFF,7EEEFFFF,DADFFFFF,F65E390000000000144CB70118FCB333929D0000120000004C000000EEFBFFFFD024000000D3FFFF7EEEFFFFDADFFFFF
1786745863916,5A5F390000000000,174CB701,06FCB333,929D0000,12000000,4C000000,F9FBFFFF,CD240000,13D3FFFF,82EEFFFF,E5DFFFFF,5A5F390000000000174CB70106FCB333929D0000120000004C000000F9FBFFFFCD24000013D3FFFF82EEFFFFE5DFFFFF
1786745864916,BE5F390000000000,1B4CB701,F3FBB333,929D0000,12000000,4C000000,09FCFFFF,CA240000,26D3FFFF,86EEFFFF,F5DFFFFF,BE5F3900000000001B4CB701F3FBB333929D0000120000004C00000009FCFFFFCA24000026D3FFFF86EEFFFFF5DFFFFF
1786745864916,2460390000000000,1E4CB701,E0FBB333,929D0000,12000000,4C000000,14FCFFFF,C8240000,39D3FFFF,89EEFFFF,00E0FFFF,24603900000000001E4CB701E0FBB333929D0000120000004C00000014FCFFFFC824000039D3FFFF89EEFFFF00E0FFFF
1786745864916,8660390000000000,214CB701,CDFBB333,929D0000,12000000,4C000000,13FCFFFF,C5240000,4CD3FFFF,8DEEFFFF,FFDFFFFF,8660390000000000214CB701CDFBB333929D0000120000004C00000013FCFFFFC52400004CD3FFFF8DEEFFFFFFDFFFFF
1786745864916,EA60390000000000,244CB701,BBFBB333,929D0000,12000000,4C000000,08FCFFFF,C3240000,5FD3FFFF,91EEFFFF,F4DFFFFF,EA60390000000000244CB701BBFBB333929D0000120000004C00000008FCFFFFC32400005FD3FFFF91EEFFFFF4DFFFFF
1786745864916,4E61390000000000,274CB701,AAFBB333,929D0000,12000000,4C000000,F0FBFFFF,C0240000,6FD3FFFF,94EEFFFF,DCDFFFFF,4E61390000000000274CB701AAFBB333929D0000120000004C000000F0FBFFFFC02400006FD3FFFF94EEFFFFDCDFFFFF
1786745864916,B361390000000000,2A4CB701,9AFBB333,929D0000,12000000,4C000000,CFFBFFFF,BE240000,7FD3FFFF,97EEFFFF,BBDFFFFF,B3613900000000002A4CB7019AFBB333929D0000120000004C000000CFFBFFFFBE2400007FD3FFFF97EEFFFFBBDFFFFF
1786745864916,1762390000000000,2D4CB701,8AFBB333,929D0000,12000000,4C000000,ABFBFFFF,BC240000,8FD3FFFF,9AEEFFFF,97DFFFFF,17623900000000002D4CB7018AFBB333929D0000120000004C000000ABFBFFFFBC2400008FD3FFFF9AEEFFFF97DFFFFF
1786745864916,7B62390000000000,304CB701,7AFBB333,929D0000,12000000,4C000000,8DFBFFFF,BA240000,A0D3FFFF,9DEEFFFF,79DFFFFF,7B62390000000000304CB7017AFBB333929D0000120000004C0000008DFBFFFFBA240000A0D3FFFF9DEEFFFF79DFFFFF
1786745864916,DF62390000000000,334CB701,6AFBB333,929D0000,12000000,4C000000,78FBFFFF,B8240000,B0D3FFFF,A0EEFFFF,64DFFFFF,DF62390000000000334CB7016AFBB333929D0000120000004C00000078FBFFFFB8240000B0D3FFFFA0EEFFFF64DFFFFF
1786745864916,4363390000000000,374CB701,5AFBB333,929D0000,12000000,4C000000,63FBFFFF,B6240000,C0D3FFFF,A3EEFFFF,4FDFFFFF,4363390000000000374CB7015AFBB333929D0000120000004C00000063FBFFFFB6240000C0D3FFFFA3EEFFFF4FDFFFFF
1786745865916,A763390000000000,3A4CB701,4AFBB333,929D0000,12000000,4C000000,54FBFFFF,B4240000,D0D3FFFF,A6EEFFFF,40DFFFFF,A7633900000000003A4CB7014AFBB333929D0000120000004C00000054FBFFFFB4240000D0D3FFFFA6EEFFFF40DFFFFF
1786745865916,0C64390000000000,3D4CB701,3AFBB333,929D0000,12000000,4C000000,4EFBFFFF,B3240000,E1D3FFFF,A9EEFFFF,3ADFFFFF,0C643900000000003D4CB7013AFBB333929D0000120000004C0000004EFBFFFFB3240000E1D3FFFFA9EEFFFF3ADFFFFF
1786745865916,7064390000000000,414CB701,2AFBB333,929D0000,12000000,4C000000,43FBFFFF,B1240000,F1D3FFFF,ACEEFFFF,2FDFFFFF,7064390000000000414CB7012AFBB333929D0000120000004C00000043FBFFFFB1240000F1D3FFFFACEEFFFF2FDFFFFF
1786745865916,D464390000000000,444CB701,1AFBB333,929D0000,12000000,4C000000,37FBFFFF,AF240000,01D4FFFF,B0EEFFFF,23DFFFFF,D464390000000000444CB7011AFBB333929D0000120000004C00000037FBFFFFAF24000001D4FFFFB0EEFFFF23DFFFFF
1786745865916,3865390000000000,474CB701,0AFBB333,929D0000,12000000,4C000000,22FBFFFF,AE240000,11D4FFFF,B3EEFFFF,0EDFFFFF,3865390000000000474CB7010AFBB333929D0000120000004C00000022FBFFFFAE24000011D4FFFFB3EEFFFF0EDFFFFF
1786745865916,9C65390000000000,4B4CB701,FAFAB333,929D0000,12000000,4C000000,0DFBFFFF,AC240000,22D4FFFF,B6EEFFFF,F9DEFFFF,9C653900000000004B4CB701FAFAB333929D0000120000004C0000000DFBFFFFAC24000022D4FFFFB6EEFFFFF9DEFFFF
1786745865916,0066390000000000,4E4CB701,EAFAB333,929D0000,12000000,4C000000,F4FAFFFF,AB240000,32D4FFFF,B9EEFFFF,E0DEFFFF,00663900000000004E4CB701EAFAB333929D0000120000004C000000F4FAFFFFAB24000032D4FFFFB9EEFFFFE0DEFFFF
1786745865916,6466390000000000,524CB701,DAFAB333,929D0000,12000000,4C000000,DBFAFFFF,A9240000,42D4FFFF,BDEEFFFF,C7DEFFFF,6466390000000000524CB701DAFAB333929D0000120000004C000000DBFAFFFFA924000042D4FFFFBDEEFFFFC7DEFFFF
1786745865916,C866390000000000,564CB701,CAFAB333,929D0000,12000000,4C000000,C0FAFFFF,A8240000,53D4FFFF,C0EEFFFF,ACDEFFFF,C866390000000000564CB701CAFAB333929D0000120000004C000000C0FAFFFFA824000053D4FFFFC0EEFFFFACDEFFFF
1786745865916,2D67390000000000,594CB701,BAFAB333,929D0000,12000000,4C000000,A9FAFFFF,A6240000,63D4FFFF,C3EEFFFF,95DEFFFF,2D67390000000000594CB701BAFAB333929D0000120000004C000000A9FAFFFFA624000063D4FFFFC3EEFFFF95DEFFFF
1786745866916,9167390000000000,5D4CB701,AAFAB333,929D0000,12000000,4C000000,93FAFFFF,A5240000,73D4FFFF,C7EEFFFF,7FDEFFFF,91673900000000005D4CB701AAFAB333929D0000120000004C00000093FAFFFFA524000073D4FFFFC7EEFFFF7FDEFFFF
1786745866916,F567390000000000,614CB701,9AFAB333,929D0000,12000000,4C000000,7EFAFFFF,A4240000,83D4FFFF,CAEEFFFF,6ADEFFFF,F567390000000000614CB7019AFAB333929D0000120000004C0000007EFAFFFFA424000083D4FFFFCAEEFFFF6ADEFFFF
1786745866916,5968390000000000,654CB701,8BFAB333,929D0000,12000000,4C000000,65FAFFFF,A3240000,94D4FFFF,CDEEFFFF,51DEFFFF,5968390000000000654CB7018BFAB333929D0000120000004C00000065FAFFFFA324000094D4FFFFCDEEFFFF51DEFFFF
1786745866916,BD68390000000000,694CB701,7BFAB333,929D0000,12000000,4C000000,49FAFFFF,A2240000,A4D4FFFF,D0EEFFFF,35DEFFFF,BD68390000000000694CB7017BFAB333929D0000120000004C00000049FAFFFFA2240000A4D4FFFFD0EEFFFF35DEFFFF
1786745866916,2169390000000000,6D4CB701,6BFAB333,929D0000,12000000,4C000000,2AFAFFFF,A1240000,B4D4FFFF,D4EEFFFF,16DEFFFF,21693900000000006D4CB7016BFAB333929D0000120000004C0000002AFAFFFFA1240000B4D4FFFFD4EEFFFF16DEFFFF
1786745866916,8569390000000000,714CB701,5BFAB333,929D0000,12000000,4C000000,08FAFFFF,A0240000,C5D4FFFF,D7EEFFFF,F4DDFFFF,8569390000000000714CB7015BFAB333929D0000120000004C00000008FAFFFFA0240000C5D4FFFFD7EEFFFFF4DDFFFF
1786745866916,E969390000000000,764CB701,4BFAB333,929D0000,12000000,4C000000,E6F9FFFF,9F240000,D5D4FFFF,DAEEFFFF,D2DDFFFF,E969390000000000764CB7014BFAB333929D0000120000004C000000E6F9FFFF9F240000D5D4FFFFDAEEFFFFD2DDFFFF
1786745866916,4E6A390000000000,7A4CB701,3CFAB333,929D0000,12000000,4C000000,C1F9FFFF,9E240000,E5D4FFFF,DDEEFFFF,ADDDFFFF,4E6A3900000000007A4CB7013CFAB333929D0000120000004C000000C1F9FFFF9E240000E5D4FFFFDDEEFFFFADDDFFFF
1786745866916,B26A390000000000,7E4CB701,2CFAB333,929D0000,12000000,4C000000,99F9FFFF,9E240000,F6D4FFFF,E1EEFFFF,85DDFFFF,B26A3900000000007E4CB7012CFAB333929D0000120000004C00000099F9FFFF9E240000F6D4FFFFE1EEFFFF85DDFFFF
1786745866916,166B390000000000,834CB701,1CFAB333,929D0000,12000000,4C000000,67F9FFFF,9D240000,06D5FFFF,E4EEFFFF,53DDFFFF,166B390000000000834CB7011CFAB333929D0000120000004C00000067F9FFFF9D24000006D5FFFFE4EEFFFF53DDFFFF
1786745867916,7A6B390000000000,884CB701,0CFAB333,929D0000,12000000,4C000000,2FF9FFFF,9D240000,16D5FFFF,E7EEFFFF,1BDDFFFF,7A6B390000000000884CB7010CFAB333929D0000120000004C0000002FF9FFFF9D24000016D5FFFFE7EEFFFF1BDDFFFF
1786745867916,DE6B390000000000,8C4CB701,FDF9B333,929D0000,12000000,4C000000,F7F8FFFF,9D240000,27D5FFFF,EAEEFFFF,E3DCFFFF,DE6B3900000000008C4CB701FDF9B333929D0000120000004C000000F7F8FFFF9D24000027D5FFFFEAEEFFFFE3DCFFFF
1786745867916,426C390000000000,924CB701,EDF9B333,929D0000,12000000,4C000000,C2F8FFFF,9D240000,37D5FFFF,EEEEFFFF,AEDCFFFF,426C390000000000924CB701EDF9B333929D0000120000004C000000C2F8FFFF9D24000037D5FFFFEEEEFFFFAEDCFFFF
1786745867916,A66C390000000000,974CB701,DEF9B333,929D0000,12000000,4C000000,8FF8FFFF,9D240000,47D5FFFF,F1EEFFFF,7BDCFFFF,A66C390000000000974CB701DEF9B333929D0000120000004C0000008FF8FFFF9D24000047D5FFFFF1EEFFFF7BDCFFFF
1786745867916,0A6D390000000000,9D4CB701,CCF9B333,929D0000,12000000,4C000000,5BF8FFFF,9D240000,5AD5FFFF,F4EEFFFF,47DCFFFF,0A6D3900000000009D4CB701CCF9B333929D0000120000004C0000005BF8FFFF9D2400005AD5FFFFF4EEFFFF47DCFFFF
1786745867916,6F6D390000000000,A34CB701,BAF9B333,929D0000,12000000,4C000000,22F8FFFF,9E240000,6DD5FFFF,F8EEFFFF,0EDCFFFF,6F6D390000000000A34CB701BAF9B333929D0000120000004C00000022F8FFFF9E2400006DD5FFFFF8EEFFFF0EDCFFFF
1786745867916,D36D390000000000,AA4CB701,A8F9B333,929D0000,12000000,4C000000,EBF7FFFF,9F240000,81D5FFFF,FCEEFFFF,D7DBFFFF,D36D390000000000AA4CB701A8F9B333929D0000120000004C000000EBF7FFFF9F24000081D5FFFFFCEEFFFFD7DBFFFF
1786745867916,376E390000000000,B14CB701,96F9B333,929D0000,12000000,4C000000,ADF7FFFF,A0240000,94D5FFFF,00EFFFFF,99DBFFFF,376E390000000000B14CB70196F9B333929D0000120000004C000000ADF7FFFFA024000094D5FFFF00EFFFFF99DBFFFF
1786745867916,9B6E390000000000,B74CB701,84F9B333,929D0000,12000000,4C000000,60F7FFFF,A1240000,A7D5FFFF,03EFFFFF,4CDBFFFF,9B6E390000000000B74CB70184F9B333929D0000120000004C00000060F7FFFFA1240000A7D5FFFF03EFFFFF4CDBFFFF
1786745867916,FF6E390000000000,BE4CB701,72F9B333,929D0000,12000000,4C000000,0CF7FFFF,A2240000,BAD5FFFF,07EFFFFF,F8DAFFFF,FF6E390000000000BE4CB70172F9B333929D0000120000004C0000000CF7FFFFA2240000BAD5FFFF07EFFFFFF8DAFFFF
1786745868916,636F390000000000,C64CB701,61F9B333,929D0000,12000000,4C000000,BEF6FFFF,A4240000,CDD5FFFF,0BEFFFFF,AADAFFFF,636F390000000000C64CB70161F9B333929D0000120000004C000000BEF6FFFFA4240000CDD5FFFF0BEFFFFFAADAFFFF
1786745868916,C76F390000000000,CE4CB701,4FF9B333,929D0000,12000000,4C000000,6DF6FFFF,A6240000,E0D5FFFF,0FEFFFFF,59DAFFFF,C76F390000000000CE4CB7014FF9B333929D0000120000004C0000006DF6FFFFA6240000E0D5FFFF0FEFFFFF59DAFFFF
1786745868916,2B70390000000000,D54CB701,3EF9B333,929D0000,12000000,4C000000,26F6FFFF,A8240000,F3D5FFFF,12EFFFFF,12DAFFFF,2B70390000000000D54CB7013EF9B333929D0000120000004C00000026F6FFFFA8240000F3D5FFFF12EFFFFF12DAFFFF
1786745868916,9070390000000000,DE4CB701,2DF9B333,929D0000,12000000,4C000000,E2F5FFFF,AA240000,06D6FFFF,16EFFFFF,CED9FFFF,9070390000000000DE4CB7012DF9B333929D0000120000004C000000E2F5FFFFAA24000006D6FFFF16EFFFFFCED9FFFF
1786745868916,F470390000000000,E64CB701,1BF9B333,929D0000,12000000,4C000000,A9F5FFFF,AD240000,19D6FFFF,19EFFFFF,95D9FFFF,F470390000000000E64CB7011BF9B333929D0000120000004C000000A9F5FFFFAD24000019D6FFFF19EFFFFF95D9FFFF
1786745868916,5871390000000000,EE4CB701,0AF9B333,929D0000,12000000,4C000000,7AF5FFFF,B0240000,2BD6FFFF,1DEFFFFF,66D9FFFF,5871390000000000EE4CB7010AF9B333929D0000120000004C0000007AF5FFFFB02400002BD6FFFF1DEFFFFF66D9FFFF
1786745868916,BC71390000000000,F74CB701,F9F8B333,929D0000,12000000,4C000000,5EF5FFFF,B3240000,3ED6FFFF,21EFFFFF,4AD9FFFF,BC71390000000000F74CB701F9F8B333929D0000120000004C0000005EF5FFFFB32400003ED6FFFF21EFFFFF4AD9FFFF
1786745868916,2072390000000000,FE4CB701,EBF8B333,929D0000,12000000,4C000000,4FF5FFFF,B5240000,4ED6FFFF,24EFFFFF,3BD9FFFF,2072390000000000FE4CB701EBF8B333929D0000120000004C0000004FF5FFFFB52400004ED6FFFF24EFFFFF3BD9FFFF
1786745868916,8472390000000000,064DB701,DCF8B333,929D0000,12000000,4C000000,3DF5FFFF,B8240000,5FD6FFFF,28EFFFFF,29D9FFFF,8472390000000000064DB701DCF8B333929D0000120000004C0000003DF5FFFFB82400005FD6FFFF28EFFFFF29D9FFFF
1786745868916,E872390000000000,0C4DB701,D0F8B333,929D0000,12000000,4C000000,39F5FFFF,BA240000,6CD6FFFF,2AEFFFFF,25D9FFFF,E8723900000000000C4DB701D0F8B333929D0000120000004C00000039F5FFFFBA2400006CD6FFFF2AEFFFFF25D9FFFF
1786745869916,4D73390000000000,124DB701,C4F8B333,929D0000,12000000,4C000000,2EF5FFFF,BC240000,79D6FFFF,2DEFFFFF,1AD9FFFF,4D73390000000000124DB701C4F8B333929D0000120000004C0000002EF5FFFFBC24000079D6FFFF2DEFFFFF1AD9FFFF
1786745869916,B173390000000000,184DB701,BAF8B333,929D0000,12000000,4C000000,24F5FFFF,BE240000,85D6FFFF,2FEFFFFF,10D9FFFF,B173390000000000184DB701BAF8B333929D0000120000004C00000024F5FFFFBE24000085D6FFFF2FEFFFFF10D9FFFF
1786745869916,1574390000000000,1C4DB701,B1F8B333,929D0000,12000000,4C000000,11F5FFFF,C0240000,8FD6FFFF,31EFFFFF,FDD8FFFF,15743900000000001C4DB701B1F8B333929D0000120000004C00000011F5FFFFC02400008FD6FFFF31EFFFFFFDD8FFFF
1786745869916,7974390000000000,224DB701,A7F8B333,929D0000,12000000,4C000000,01F5FFFF,C2240000,9AD6FFFF,33EFFFFF,EDD8FFFF,7974390000000000224DB701A7F8B333929D0000120000004C00000001F5FFFFC22400009AD6FFFF33EFFFFFEDD8FFFF
1786745869916,DD74390000000000,274DB701,9DF8B333,929D0000,12000000,4C000000,F4F4FFFF,C4240000,A4D6FFFF,35EFFFFF,E0D8FFFF,DD74390000000000274DB7019DF8B333929D0000120000004C000000F4F4FFFFC4240000A4D6FFFF35EFFFFFE0D8FFFF
1786745869916,4175390000000000,2B4DB701,96F8B333,929D0000,12000000,4C000000,E5F4FFFF,C5240000,ADD6FFFF,36EFFFFF,D1D8FFFF,41753900000000002B4DB70196F8B333929D0000120000004C000000E5F4FFFFC5240000ADD6FFFF36EFFFFFD1D8FFFF
1786745869916,A675390000000000,2E4DB701,8FF8B333,929D0000,12000000,4C000000,D7F4FFFF,C7240000,B5D6FFFF,38EFFFFF,C3D8FFFF,A6753900000000002E4DB7018FF8B333929D0000120000004C000000D7F4FFFFC7240000B5D6FFFF38EFFFFFC3D8FFFF
1786745869916,0976390000000000,324DB701,88F8B333,929D0000,12000000,4C000000,CCF4FFFF,C8240000,BDD6FFFF,39EFFFFF,B8D8FFFF,0976390000000000324DB70188F8B333929D0000120000004C000000CCF4FFFFC8240000BDD6FFFF39EFFFFFB8D8FFFF
1786745869916,6E76390000000000,364DB701,80F8B333,929D0000,12000000,4C000000,BFF4FFFF,CA240000,C5D6FFFF,3AEFFFFF,ABD8FFFF,6E76390000000000364DB70180F8B333929D0000120000004C000000BFF4FFFFCA240000C5D6FFFF3AEFFFFFABD8FFFF
1786745869916,D276390000000000,3C4DB701,77F8B333,929D0000,12000000,4C000000,B0F4FFFF,CC240000,D0D6FFFF,3CEFFFFF,9CD8FFFF,D2763900000000003C4DB70177F8B333929D0000120000004C000000B0F4FFFFCC240000D0D6FFFF3CEFFFFF9CD8FFFF
1786745870916,3677390000000000,414DB701,6DF8B333,929D0000,12000000,4C000000,AAF4FFFF,CE240000,DAD6FFFF,3EEFFFFF,96D8FFFF,3677390000000000414DB7016DF8B333929D0000120000004C000000AAF4FFFFCE240000DAD6FFFF3EEFFFFF96D8FFFF
1786745870916,9A77390000000000,464DB701,63F8B333,929D0000,12000000,4C000000,A8F4FFFF,D0240000,E5D6FFFF,40EFFFFF,94D8FFFF,9A77390000000000464DB70163F8B333929D0000120000004C000000A8F4FFFFD0240000E5D6FFFF40EFFFFF94D8FFFF
1786745870916,FE77390000000000,4B4DB701,5AF8B333,929D0000,12000000,4C000000,A2F4FFFF,D2240000,F0D6FFFF,42EFFFFF,8ED8FFFF,FE773900000000004B4DB7015AF8B333929D0000120000004C000000A2F4FFFFD2240000F0D6FFFF42EFFFFF8ED8FFFF
1786745870916,6278390000000000,514DB701,50F8B333,929D0000,12000000,4C000000,9FF4FFFF,D4240000,FBD6FFFF,44EFFFFF,8BD8FFFF,6278390000000000514DB70150F8B333929D0000120000004C0000009FF4FFFFD4240000FBD6FFFF44EFFFFF8BD8FFFF
1786745870916,C778390000000000,564DB701,47F8B333,929D0000,12000000,4C000000,9CF4FFFF,D6240000,05D7FFFF,46EFFFFF,88D8FFFF,C778390000000000564DB70147F8B333929D0000120000004C0000009CF4FFFFD624000005D7FFFF46EFFFFF88D8FFFF
1786745870916,2B79390000000000,5B4DB701,3DF8B333,929D0000,12000000,4C000000,9AF4FFFF,D8240000,10D7FFFF,48EFFFFF,86D8FFFF,2B793900000000005B4DB7013DF8B333929D0000120000004C0000009AF4FFFFD824000010D7FFFF48EFFFFF86D8FFFF
1786745870916,8F79390000000000,614DB701,34F8B333,929D0000,12000000,4C000000,97F4FFFF,DA240000,1BD7FFFF,49EFFFFF,83D8FFFF,8F79390000000000614DB70134F8B333929D0000120000004C00000097F4FFFFDA2400001BD7FFFF49EFFFFF83D8FFFF
1786745870916,F379390000000000,664DB701,2AF8B333,929D0000,12000000,4C000000,94F4FFFF,DC240000,26D7FFFF,4BEFFFFF,80D8FFFF,F379390000000000664DB7012AF8B333929D0000120000004C00000094F4FFFFDC24000026D7FFFF4BEFFFFF80D8FFFF
1786745870916,577A390000000000,6B4DB701,21F8B333,929D0000,12000000,4C000000,92F4FFFF,DF240000,30D7FFFF,4DEFFFFF,7ED8FFFF,577A3900000000006B4DB70121F8B333929D0000120000004C00000092F4FFFFDF24000030D7FFFF4DEFFFFF7ED8FFFF
1786745870916,BB7A390000000000,724DB701,15F8B333,929D0000,12000000,4C000000,8EF4FFFF,E1240000,3ED7FFFF,4FEFFFFF,7AD8FFFF,BB7A390000000000724DB70115F8B333929D0000120000004C0000008EF4FFFFE12400003ED7FFFF4FEFFFFF7AD8FFFF
1786745871916,1F7B390000000000,784DB701,09F8B333,929D0000,12000000,4C000000,8CF4FFFF,E4240000,4BD7FFFF,52EFFFFF,78D8FFFF,1F7B390000000000784DB70109F8B333929D0000120000004C0000008CF4FFFFE42400004BD7FFFF52EFFFFF78D8FFFF
1786745871916,837B390000000000,7F4DB701,FDF7B333,929D0000,12000000,4C000000,88F4FFFF,E7240000,59D7FFFF,54EFFFFF,74D8FFFF,837B3900000000007F4DB701FDF7B333929D0000120000004C00000088F4FFFFE724000059D7FFFF54EFFFFF74D8FFFF
1786745871916,E87B390000000000,864DB701,F1F7B333,929D0000,12000000,4C000000,86F4FFFF,E9240000,66D7FFFF,56EFFFFF,72D8FFFF,E87B390000000000864DB701F1F7B333929D0000120000004C00000086F4FFFFE924000066D7FFFF56EFFFFF72D8FFFF
1786745871916,4C7C390000000000,8C4DB701,E5F7B333,929D0000,12000000,4C000000,83F4FFFF,EC240000,73D7FFFF,59EFFFFF,6FD8FFFF,4C7C3900000000008C4DB701E5F7B333929D0000120000004C00000083F4FFFFEC24000073D7FFFF59EFFFFF6FD8FFFF
1786745871916,B07C390000000000,934DB701,D9F7B333,929D0000,12000000,4C000000,7EF4FFFF,EF240000,81D7FFFF,5BEFFFFF,6AD8FFFF,B07C390000000000934DB701D9F7B333929D0000120000004C0000007EF4FFFFEF24000081D7FFFF5BEFFFFF6AD8FFFF
1786745871916,147D390000000000,9A4DB701,CDF7B333,929D0000,12000000,4C000000,7EF4FFFF,F1240000,8ED7FFFF,5DEFFFFF,6AD8FFFF,147D3900000000009A4DB701CDF7B333929D0000120000004C0000007EF4FFFFF12400008ED7FFFF5DEFFFFF6AD8FFFF
1786745871916,787D390000000000,A04DB701,C1F7B333,929D0000,12000000,4C000000,7BF4FFFF,F4240000,9CD7FFFF,5FEFFFFF,67D8FFFF,787D390000000000A04DB701C1F7B333929D0000120000004C0000007BF4FFFFF42400009CD7FFFF5FEFFFFF67D8FFFF
1786745871916,DC7D390000000000,A74DB701,B5F7B333,929D0000,12000000,4C000000,7AF4FFFF,F7240000,A9D7FFFF,62EFFFFF,66D8FFFF,DC7D390000000000A74DB701B5F7B333929D0000120000004C0000007AF4FFFFF7240000A9D7FFFF62EFFFFF66D8FFFF
1786745871916,407E390000000000,AE4DB701,A9F7B333,929D0000,12000000,4C000000,83F4FFFF,F9240000,B7D7FFFF,64EFFFFF,6FD8FFFF,407E390000000000AE4DB701A9F7B333929D0000120000004C00000083F4FFFFF9240000B7D7FFFF64EFFFFF6FD8FFFF
1786745871916,A47E390000000000,B54DB701,9DF7B333,929D0000,12000000,4C000000,94F4FFFF,FC240000,C4D7FFFF,66EFFFFF,80D8FFFF,A47E390000000000B54DB7019DF7B333929D0000120000004C00000094F4FFFFFC240000C4D7FFFF66EFFFFF80D8FFFF
1786745872916,097F390000000000,BD4DB701,8FF7B333,929D0000,12000000,4C000000,A1F4FFFF,FF240000,D4D7FFFF,69EFFFFF,8DD8FFFF,097F390000000000BD4DB7018FF7B333929D0000120000004C000000A1F4FFFFFF240000D4D7FFFF69EFFFFF8DD8FFFF
1786745872916,6D7F390000000000,C44DB701,80F7B333,929D0000,12000000,4C000000,ADF4FFFF,02250000,E4D7FFFF,6CEFFFFF,99D8FFFF,6D7F390000000000C44DB70180F7B333929D0000120000004C000000ADF4FFFF02250000E4D7FFFF6CEFFFFF99D8FFFF
1786745872916,D17F390000000000,CC4DB701,72F7B333,929D0000,12000000,4C000000,B9F4FFFF,06250000,F5D7FFFF,6EEFFFFF,A5D8FFFF,D17F390000000000CC4DB70172F7B333929D0000120000004C000000B9F4FFFF06250000F5D7FFFF6EEFFFFFA5D8FFFF
1786745872916,3580390000000000,D44DB701,63F7B333,929D0000,12000000,4C000000,C5F4FFFF,09250000,05D8FFFF,71EFFFFF,B1D8FFFF,3580390000000000D44DB70163F7B333929D0000120000004C000000C5F4FFFF0925000005D8FFFF71EFFFFFB1D8FFFF
1786745872916,9980390000000000,DC4DB701,55F7B333,929D0000,12000000,4C000000,D2F4FFFF,0C250000,15D8FFFF,74EFFFFF,BED8FFFF,9980390000000000DC4DB70155F7B333929D0000120000004C000000D2F4FFFF0C25000015D8FFFF74EFFFFFBED8FFFF
1786745872916,FD80390000000000,E44DB701,46F7B333,929D0000,12000000,4C000000,E2F4FFFF,0F250000,25D8FFFF,76EFFFFF,CED8FFFF,FD80390000000000E44DB70146F7B333929D0000120000004C000000E2F4FFFF0F25000025D8FFFF76EFFFFFCED8FFFF
1786745872916,6181390000000000,EC4DB701,38F7B333,929D0000,12000000,4C000000,F4F4FFFF,12250000,35D8FFFF,79EFFFFF,E0D8FFFF,6181390000000000EC4DB70138F7B333929D0000120000004C000000F4F4FFFF1225000035D8FFFF79EFFFFFE0D8FFFF
1786745872916,C581390000000000,F34DB701,29F7B333,929D0000,12000000,4C000000,03F5FFFF,15250000,45D8FFFF,7CEFFFFF,EFD8FFFF,C581390000000000F34DB70129F7B333929D0000120000004C00000003F5FFFF1525000045D8FFFF7CEFFFFFEFD8FFFF
1786745872916,2A82390000000000,FC4DB701,18F7B333,929D0000,12000000,4C000000,11F5FFFF,18250000,58D8FFFF,7FEFFFFF,FDD8FFFF,2A82390000000000FC4DB70118F7B333929D0000120000004C00000011F5FFFF1825000058D8FFFF7FEFFFFFFDD8FFFF
1786745872916,8E82390000000000,054EB701,07F7B333,929D0000,12000000,4C000000,1EF5FFFF,1B250000,6BD8FFFF,82EFFFFF,0AD9FFFF,8E82390000000000054EB70107F7B333929D0000120000004C0000001EF5FFFF1B2500006BD8FFFF82EFFFFF0AD9FFFF
1786745873916,F282390000000000,0E4EB701,F6F6B333,929D0000,12000000,4C000000,30F5FFFF,1E250000,7ED8FFFF,86EFFFFF,1CD9FFFF,F2823900000000000E4EB701F6F6B333929D0000120000004C00000030F5FFFF1E2500007ED8FFFF86EFFFFF1CD9FFFF
1786745873916,5683390000000000,164EB701,E8F6B333,929D0000,12000000,4C000000,40F5FFFF,21250000,8ED8FFFF,88EFFFFF,2CD9FFFF,5683390000000000164EB701E8F6B333929D0000120000004C00000040F5FFFF212500008ED8FFFF88EFFFFF2CD9FFFF
1786745873916,BA83390000000000,1D4EB701,D9F6B333,929D0000,12000000,4C000000,50F5FFFF,24250000,9FD8FFFF,8BEFFFFF,3CD9FFFF,BA833900000000001D4EB701D9F6B333929D0000120000004C00000050F5FFFF242500009FD8FFFF8BEFFFFF3CD9FFFF
1786745873916,1E84390000000000,254EB701,CBF6B333,929D0000,12000000,4C000000,64F5FFFF,26250000,AFD8FFFF,8EEFFFFF,50D9FFFF,1E84390000000000254EB701CBF6B333929D0000120000004C00000064F5FFFF26250000AFD8FFFF8EEFFFFF50D9FFFF
1786745873916,8284390000000000,2C4EB701,BCF6B333,929D0000,12000000,4C000000,77F5FFFF,29250000,BFD8FFFF,91EFFFFF,63D9FFFF,82843900000000002C4EB701BCF6B333929D0000120000004C00000077F5FFFF29250000BFD8FFFF91EFFFFF63D9FFFF
1786745873916,E684390000000000,344EB701,ADF6B333,929D0000,12000000,4C000000,89F5FFFF,2B250000,CFD8FFFF,93EFFFFF,75D9FFFF,E684390000000000344EB701ADF6B333929D0000120000004C00000089F5FFFF2B250000CFD8FFFF93EFFFFF75D9FFFF
1786745873916,4B85390000000000,3B4EB701,9FF6B333,929D0000,12000000,4C000000,9BF5FFFF,2E250000,DFD8FFFF,96EFFFFF,87D9FFFF,4B853900000000003B4EB7019FF6B333929D0000120000004C0000009BF5FFFF2E250000DFD8FFFF96EFFFFF87D9FFFF
1786745873916,AF85390000000000,434EB701,8DF6B333,929D0000,12000000,4C000000,AAF5FFFF,31250000,F2D8FFFF,99EFFFFF,96D9FFFF,AF85390000000000434EB7018DF6B333929D0000120000004C000000AAF5FFFF31250000F2D8FFFF99EFFFFF96D9FFFF
1786745873916,1386390000000000,4C4EB701,7CF6B333,929D0000,12000000,4C000000,B8F5FFFF,34250000,05D9FFFF,9DEFFFFF,A4D9FFFF,13863900000000004C4EB7017CF6B333929D0000120000004C000000B8F5FFFF3425000005D9FFFF9DEFFFFFA4D9FFFF
1786745873916,7786390000000000,544EB701,6BF6B333,929D0000,12000000,4C000000,CCF5FFFF,36250000,18D9FFFF,A0EFFFFF,B8D9FFFF,7786390000000000544EB7016BF6B333929D0000120000004C000000CCF5FFFF3625000018D9FFFFA0EFFFFFB8D9FFFF
1786745874916,DB86390000000000,5D4EB701,5AF6B333,929D0000,12000000,4C000000,DCF5FFFF,39250000,2BD9FFFF,A3EFFFFF,C8D9FFFF,DB863900000000005D4EB7015AF6B333929D0000120000004C000000DCF5FFFF392500002BD9FFFFA3EFFFFFC8D9FFFF
1786745874916,3F87390000000000,654EB701,48F6B333,929D0000,12000000,4C000000,EBF5FFFF,3C250000,3ED9FFFF,A7EFFFFF,D7D9FFFF,3F87390000000000654EB70148F6B333929D0000120000004C000000EBF5FFFF3C2500003ED9FFFFA7EFFFFFD7D9FFFF
1786745874916,A387390000000000,6D4EB701,37F6B333,929D0000,12000000,4C000000,F8F5FFFF,3E250000,51D9FFFF,AAEFFFFF,E4D9FFFF,A3873900000000006D4EB70137F6B333929D0000120000004C000000F8F5FFFF3E25000051D9FFFFAAEFFFFFE4D9FFFF
1786745874916,0888390000000000,754EB701,26F6B333,929D0000,12000000,4C000000,01F6FFFF,41250000,64D9FFFF,AEEFFFFF,EDD9FFFF,0888390000000000754EB70126F6B333929D0000120000004C00000001F6FFFF4125000064D9FFFFAEEFFFFFEDD9FFFF
1786745874916,6C88390000000000,7E4EB701,15F6B333,929D0000,12000000,4C000000,08F6FFFF,43250000,77D9FFFF,B1EFFFFF,F4D9FFFF,6C883900000000007E4EB70115F6B333929D0000120000004C00000008F6FFFF4325000077D9FFFFB1EFFFFFF4D9FFFF
1786745874916,D088390000000000,864EB701,03F6B333,929D0000,12000000,4C000000,11F6FFFF,46250000,8AD9FFFF,B5EFFFFF,FDD9FFFF,D088390000000000864EB70103F6B333929D0000120000004C00000011F6FFFF462500008AD9FFFFB5EFFFFFFDD9FFFF
1786745874916,3489390000000000,8E4EB701,F2F5B333,929D0000,12000000,4C000000,18F6FFFF,48250000,9DD9FFFF,B8EFFFFF,04DAFFFF,34893900000000008E4EB701F2F5B333929D0000120000004C00000018F6FFFF482500009DD9FFFFB8EFFFFF04DAFFFF
1786745874916,9889390000000000,964EB701,E1F5B333,929D0000,12000000,4C000000,1AF6FFFF,4A250000,B0D9FFFF,BBEFFFFF,06DAFFFF,9889390000000000964EB701E1F5B333929D0000120000004C0000001AF6FFFF4A250000B0D9FFFFBBEFFFFF06DAFFFF
1786745874916,FC89390000000000,9E4EB701,CFF5B333,929D0000,12000000,4C000000,1FF6FFFF,4D250000,C3D9FFFF,BFEFFFFF,0BDAFFFF,FC893900000000009E4EB701CFF5B333929D0000120000004C0000001FF6FFFF4D250000C3D9FFFFBFEFFFFF0BDAFFFF
1786745874916,608A390000000000,A64EB701,BEF5B333,929D0000,12000000,4C000000,26F6FFFF,4F250000,D6D9FFFF,C2EFFFFF,12DAFFFF,608A390000000000A64EB701BEF5B333929D0000120000004C00000026F6FFFF4F250000D6D9FFFFC2EFFFFF12DAFFFF
1786745875916,C48A390000000000,AD4EB701,AFF5B333,929D0000,12000000,4C000000,28F6FFFF,51250000,E6D9FFFF,C5EFFFFF,14DAFFFF,C48A390000000000AD4EB701AFF5B333929D0000120000004C00000028F6FFFF51250000E6D9FFFFC5EFFFFF14DAFFFF
1786745875916,298B390000000000,B44EB701,A0F5B333,929D0000,12000000,4C000000,27F6FFFF,53250000,F7D9FFFF,C8EFFFFF,13DAFFFF,298B390000000000B44EB701A0F5B333929D0000120000004C00000027F6FFFF53250000F7D9FFFFC8EFFFFF13DAFFFF
1786745875916,8D8B390000000000,BB4EB701,91F5B333,929D0000,12000000,4C000000,2AF6FFFF,55250000,07DAFFFF,CAEFFFFF,16DAFFFF,8D8B390000000000BB4EB70191F5B333929D0000120000004C0000002AF6FFFF5525000007DAFFFFCAEFFFFF16DAFFFF
1786745875916,F18B390000000000,C24EB701,82F5B333,929D0000,12000000,4C000000,2BF6FFFF,57250000,17DAFFFF,CDEFFFFF,17DAFFFF,F18B390000000000C24EB70182F5B333929D0000120000004C0000002BF6FFFF5725000017DAFFFFCDEFFFFF17DAFFFF
1786745875916,558C390000000000,C94EB701,74F5B333,929D0000,12000000,4C000000,26F6FFFF,59250000,28DAFFFF,D0EFFFFF,12DAFFFF,558C390000000000C94EB70174F5B333929D0000120000004C00000026F6FFFF5925000028DAFFFFD0EFFFFF12DAFFFF
1786745875916,B98C390000000000,D04EB701,65F5B333,929D0000,12000000,4C000000,2BF6FFFF,5B250000,38DAFFFF,D3EFFFFF,17DAFFFF,B98C390000000000D04EB70165F5B333929D0000120000004C0000002BF6FFFF5B25000038DAFFFFD3EFFFFF17DAFFFF
1786745875916,1D8D390000000000,D74EB701,56F5B333,929D0000,12000000,4C000000,31F6FFFF,5D250000,48DAFFFF,D6EFFFFF,1DDAFFFF,1D8D390000000000D74EB70156F5B333929D0000120000004C00000031F6FFFF5D25000048DAFFFFD6EFFFFF1DDAFFFF
1786745875916,818D390000000000,DE4EB701,47F5B333,929D0000,12000000,4C000000,2FF6FFFF,60250000,59DAFFFF,D9EFFFFF,1BDAFFFF,818D390000000000DE4EB70147F5B333929D0000120000004C0000002FF6FFFF6025000059DAFFFFD9EFFFFF1BDAFFFF
1786745875916,E58D390000000000,E54EB701,38F5B333,929D0000,12000000,4C000000,2FF6FFFF,61250000,69DAFFFF,DBEFFFFF,1BDAFFFF,E58D390000000000E54EB70138F5B333929D0000120000004C0000002FF6FFFF6125000069DAFFFFDBEFFFFF1BDAFFFF
1786745875916,4A8E390000000000,EC4EB701,29F5B333,929D0000,12000000,4C000000,31F6FFFF,63250000,79DAFFFF,DEEFFFFF,1DDAFFFF,4A8E390000000000EC4EB70129F5B333929D0000120000004C00000031F6FFFF6325000079DAFFFFDEEFFFFF1DDAFFFF
1786745876916,AE8E390000000000,F34EB701,1AF5B333,929D0000,12000000,4C000000,2FF6FFFF,66250000,89DAFFFF,E1EFFFFF,1BDAFFFF,AE8E390000000000F34EB7011AF5B333929D0000120000004C0000002FF6FFFF6625000089DAFFFFE1EFFFFF1BDAFFFF
1786745876916,128F390000000000,F94EB701,0BF5B333,929D0000,12000000,4C000000,2EF6FFFF,67250000,9ADAFFFF,E4EFFFFF,1ADAFFFF,128F390000000000F94EB7010BF5B333929D0000120000004C0000002EF6FFFF672500009ADAFFFFE4EFFFFF1ADAFFFF
1786745876916,768F390000000000,014FB701,FCF4B333,929D0000,12000000,4C000000,2DF6FFFF,6A250000,ABDAFFFF,E7EFFFFF,19DAFFFF,768F390000000000014FB701FCF4B333929D0000120000004C0000002DF6FFFF6A250000ABDAFFFFE7EFFFFF19DAFFFF
1786745876916,DA8F390000000000,074FB701,EDF4B333,929D0000,12000000,4C000000,27F6FFFF,6B250000,BADAFFFF,EAEFFFFF,13DAFFFF,DA8F390000000000074FB701EDF4B333929D0000120000004C00000027F6FFFF6B250000BADAFFFFEAEFFFFF13DAFFFF
1786745876916,3E90390000000000,0E4FB701,DFF4B333,929D0000,12000000,4C000000,20F6FFFF,6E250000,CBDAFFFF,EDEFFFFF,0CDAFFFF,3E903900000000000E4FB701DFF4B333929D0000120000004C00000020F6FFFF6E250000CBDAFFFFEDEFFFFF0CDAFFFF
1786745876916,A490390000000000,154FB701,D0F4B333,929D0000,12000000,4C000000,17F6FFFF,70250000,DBDAFFFF,F0EFFFFF,03DAFFFF,A490390000000000154FB701D0F4B333929D0000120000004C00000017F6FFFF70250000DBDAFFFFF0EFFFFF03DAFFFF
1786745876916,0791390000000000,1C4FB701,C1F4B333,929D0000,12000000,4C000000,0FF6FFFF,72250000,EBDAFFFF,F2EFFFFF,FBD9FFFF,07913900000000001C4FB701C1F4B333929D0000120000004C0000000FF6FFFF72250000EBDAFFFFF2EFFFFFFBD9FFFF
1786745876916,6C91390000000000,234FB701,B2F4B333,929D0000,12000000,4C000000,06F6FFFF,74250000,FBDAFFFF,F5EFFFFF,F2D9FFFF,6C91390000000000234FB701B2F4B333929D0000120000004C00000006F6FFFF74250000FBDAFFFFF5EFFFFFF2D9FFFF
1786745876916,CF91390000000000,2A4FB701,A3F4B333,929D0000,12000000,4C000000,F9F5FFFF,76250000,0CDBFFFF,F8EFFFFF,E5D9FFFF,CF913900000000002A4FB701A3F4B333929D0000120000004C000000F9F5FFFF762500000CDBFFFFF8EFFFFFE5D9FFFF
1786745876916,3392390000000000,314FB701,94F4B333,929D0000,12000000,4C000000,ECF5FFFF,78250000,1CDBFFFF,FBEFFFFF,D8D9FFFF,3392390000000000314FB70194F4B333929D0000120000004C000000ECF5FFFF782500001CDBFFFFFBEFFFFFD8D9FFFF
1786745877916,9992390000000000,384FB701,85F4B333,929D0000,12000000,4C000000,DFF5FFFF,7A250000,2CDBFFFF,FEEFFFFF,CBD9FFFF,9992390000000000384FB70185F4B333929D0000120000004C000000DFF5FFFF7A2500002CDBFFFFFEEFFFFFCBD9FFFF
1786745877916,FB92390000000000,404FB701,76F4B333,929D0000,12000000,4C000000,CCF5FFFF,7D250000,3DDBFFFF,00F0FFFF,B8D9FFFF,FB92390000000000404FB70176F4B333929D0000120000004C000000CCF5FFFF7D2500003DDBFFFF00F0FFFFB8D9FFFF
1786745877916,5F93390000000000,484FB701,65F4B333,929D0000,12000000,4C000000,C0F5FFFF,7F250000,50DBFFFF,03F0FFFF,ACD9FFFF,5F93390000000000484FB70165F4B333929D0000120000004C000000C0F5FFFF7F25000050DBFFFF03F0FFFFACD9FFFF
1786745877916,C493390000000000,504FB701,54F4B333,929D0000,12000000,4C000000,B3F5FFFF,82250000,63DBFFFF,07F0FFFF,9FD9FFFF,C493390000000000504FB70154F4B333929D0000120000004C000000B3F5FFFF8225000063DBFFFF07F0FFFF9FD9FFFF
1786745877916,2894390000000000,594FB701,43F4B333,929D0000,12000000,4C000000,A3F5FFFF,85250000,75DBFFFF,0AF0FFFF,8FD9FFFF,2894390000000000594FB70143F4B333929D0000120000004C000000A3F5FFFF8525000075DBFFFF0AF0FFFF8FD9FFFF
1786745877916,8C94390000000000,614FB701,32F4B333,929D0000,12000000,4C000000,92F5FFFF,87250000,89DBFFFF,0DF0FFFF,7ED9FFFF,8C94390000000000614FB70132F4B333929D0000120000004C00000092F5FFFF8725000089DBFFFF0DF0FFFF7ED9FFFF
1786745877916,F094390000000000,6A4FB701,20F4B333,929D0000,12000000,4C000000,85F5FFFF,8A250000,9CDBFFFF,10F0FFFF,71D9FFFF,F0943900000000006A4FB70120F4B333929D0000120000004C00000085F5FFFF8A2500009CDBFFFF10F0FFFF71D9FFFF
1786745877916,5495390000000000,744FB701,0DF4B333,929D0000,12000000,4C000000,78F5FFFF,8E250000,B1DBFFFF,14F0FFFF,64D9FFFF,5495390000000000744FB7010DF4B333929D0000120000004C00000078F5FFFF8E250000B1DBFFFF14F0FFFF64D9FFFF
1786745877916,B895390000000000,7D4FB701,F9F3B333,929D0000,12000000,4C000000,6CF5FFFF,91250000,C7DBFFFF,17F0FFFF,58D9FFFF,B8953900000000007D4FB701F9F3B333929D0000120000004C0000006CF5FFFF91250000C7DBFFFF17F0FFFF58D9FFFF
1786745877916,1C96390000000000,874FB701,E6F3B333,929D0000,12000000,4C000000,61F5FFFF,95250000,DCDBFFFF,1BF0FFFF,4DD9FFFF,1C96390000000000874FB701E6F3B333929D0000120000004C00000061F5FFFF95250000DCDBFFFF1BF0FFFF4DD9FFFF
1786745878916,8296390000000000,914FB701,D2F3B333,929D0000,12000000,4C000000,53F5FFFF,98250000,F2DBFFFF,1FF0FFFF,3FD9FFFF,8296390000000000914FB701D2F3B333929D0000120000004C00000053F5FFFF98250000F2DBFFFF1FF0FFFF3FD9FFFF
1786745878916,E596390000000000,9B4FB701,BFF3B333,929D0000,12000000,4C000000,45F5FFFF,9C250000,08DCFFFF,23F0FFFF,31D9FFFF,E5963900000000009B4FB701BFF3B333929D0000120000004C00000045F5FFFF9C25000008DCFFFF23F0FFFF31D9FFFF
1786745878916,4997390000000000,A54FB701,ABF3B333,929D0000,12000000,4C000000,35F5FFFF,9F250000,1DDCFFFF,26F0FFFF,21D9FFFF,4997390000000000A54FB701ABF3B333929D0000120000004C00000035F5FFFF9F2500001DDCFFFF26F0FFFF21D9FFFF
1786745878916,AD97390000000000,AF4FB701,98F3B333,929D0000,12000000,4C000000,29F5FFFF,A3250000,33DCFFFF,2AF0FFFF,15D9FFFF,AD97390000000000AF4FB70198F3B333929D0000120000004C00000029F5FFFFA325000033DCFFFF2AF0FFFF15D9FFFF
1786745878916,1198390000000000,B94FB701,85F3B333,929D0000,12000000,4C000000,1AF5FFFF,A6250000,49DCFFFF,2EF0FFFF,06D9FFFF,1198390000000000B94FB70185F3B333929D0000120000004C0000001AF5FFFFA625000049DCFFFF2EF0FFFF06D9FFFF
1786745878916,7698390000000000,C44FB701,71F3B333,929D0000,12000000,4C000000,0AF5FFFF,AA250000,5EDCFFFF,31F0FFFF,F6D8FFFF,7698390000000000C44FB70171F3B333929D0000120000004C0000000AF5FFFFAA2500005EDCFFFF31F0FFFFF6D8FFFF
1786745878916,D998390000000000,CE4FB701,5EF3B333,929D0000,12000000,4C000000,FDF4FFFF,AE250000,74DCFFFF,35F0FFFF,E9D8FFFF,D998390000000000CE4FB7015EF3B333929D0000120000004C000000FDF4FFFFAE25000074DCFFFF35F0FFFFE9D8FFFF
1786745878916,3D99390000000000,D84FB701,4AF3B333,929D0000,12000000,4C000000,F5F4FFFF,B2250000,89DCFFFF,39F0FFFF,E1D8FFFF,3D99390000000000D84FB7014AF3B333929D0000120000004C000000F5F4FFFFB225000089DCFFFF39F0FFFFE1D8FFFF
1786745878916,A199390000000000,E24FB701,37F3B333,929D0000,12000000,4C000000,E6F4FFFF,B6250000,9FDCFFFF,3CF0FFFF,D2D8FFFF,A199390000000000E24FB70137F3B333929D0000120000004C000000E6F4FFFFB62500009FDCFFFF3CF0FFFFD2D8FFFF
1786745878916,069A390000000000,ED4FB701,24F3B333,929D0000,12000000,4C000000,D8F4FFFF,B9250000,B4DCFFFF,40F0FFFF,C4D8FFFF,069A390000000000ED4FB70124F3B333929D0000120000004C000000D8F4FFFFB9250000B4DCFFFF40F0FFFFC4D8FFFF
1786745879916,6B9A390000000000,F74FB701,10F3B333,929D0000,12000000,4C000000,CEF4FFFF,BD250000,CADCFFFF,44F0FFFF,BAD8FFFF,6B9A390000000000F74FB70110F3B333929D0000120000004C000000CEF4FFFFBD250000CADCFFFF44F0FFFFBAD8FFFF
1786745879916,CE9A390000000000,0250B701,FDF2B333,929D0000,12000000,4C000000,C3F4FFFF,C1250000,E0DCFFFF,48F0FFFF,AFD8FFFF,CE9A3900000000000250B701FDF2B333929D0000120000004C000000C3F4FFFFC1250000E0DCFFFF48F0FFFFAFD8FFFF
1786745879916,329B390000000000,0C50B701,EAF2B333,929D0000,12000000,4C000000,B8F4FFFF,C6250000,F5DCFFFF,4CF0FFFF,A4D8FFFF,329B3900000000000C50B701EAF2B333929D0000120000004C000000B8F4FFFFC6250000F5DCFFFF4CF0FFFFA4D8FFFF
1786745879916,969B390000000000,1750B701,D7F2B333,929D0000,12000000,4C000000,A8F4FFFF,CA250000,0ADDFFFF,50F0FFFF,94D8FFFF,969B3900000000001750B701D7F2B333929D0000120000004C000000A8F4FFFFCA2500000ADDFFFF50F0FFFF94D8FFFF
1786745879916,FA9B390000000000,2150B701,C4F2B333,929D0000,12000000,4C000000,8FF4FFFF,CE250000,20DDFFFF,53F0FFFF,7BD8FFFF,FA9B3900000000002150B701C4F2B333929D0000120000004C0000008FF4FFFFCE25000020DDFFFF53F0FFFF7BD8FFFF
1786745879916,5E9C390000000000,2C50B701,B1F2B333,929D0000,12000000,4C000000,66F4FFFF,D2250000,35DDFFFF,57F0FFFF,52D8FFFF,5E9C3900000000002C50B701B1F2B333929D0000120000004C00000066F4FFFFD225000035DDFFFF57F0FFFF52D8FFFF
1786745879916,C39C390000000000,3750B701,9DF2B333,929D0000,12000000,4C000000,36F4FFFF,D6250000,4BDDFFFF,5BF0FFFF,22D8FFFF,C39C3900000000003750B7019DF2B333929D0000120000004C00000036F4FFFFD62500004BDDFFFF5BF0FFFF22D8FFFF
1786745879916,279D390000000000,4050B701,8DF2B333,929D0000,12000000,4C000000,06F4FFFF,DA250000,5EDDFFFF,5EF0FFFF,F2D7FFFF,279D3900000000004050B7018DF2B333929D0000120000004C00000006F4FFFFDA2500005EDDFFFF5EF0FFFFF2D7FFFF
1786745879916,8B9D390000000000,4A50B701,7CF2B333,929D0000,12000000,4C000000,D8F3FFFF,DF250000,70DDFFFF,61F0FFFF,C4D7FFFF,8B9D3900000000004A50B7017CF2B333929D0000120000004C000000D8F3FFFFDF25000070DDFFFF61F0FFFFC4D7FFFF
1786745879916,EF9D390000000000,5450B701,6CF2B333,929D0000,12000000,4C000000,A8F3FFFF,E3250000,83DDFFFF,65F0FFFF,94D7FFFF,EF9D3900000000005450B7016CF2B333929D0000120000004C000000A8F3FFFFE325000083DDFFFF65F0FFFF94D7FFFF
1786745880916,539E390000000000,5E50B701,5CF2B333,929D0000,12000000,4C000000,7AF3FFFF,E8250000,96DDFFFF,68F0FFFF,66D7FFFF,539E3900000000005E50B7015CF2B333929D0000120000004C0000007AF3FFFFE825000096DDFFFF68F0FFFF66D7FFFF
1786745880916,1B9F390000000000,7250B701,3BF2B333,929D0000,12000000,4C000000,1BF3FFFF,F1250000,BBDDFFFF,6EF0FFFF,07D7FFFF,1B9F3900000000007250B7013BF2B333929D0000120000004C0000001BF3FFFFF1250000BBDDFFFF6EF0FFFF07D7FFFF
1786745880916,7F9F390000000000,7C50B701,2BF2B333,929D0000,12000000,4C000000,EAF2FFFF,F6250000,CDDDFFFF,71F0FFFF,D6D6FFFF,7F9F3900000000007C50B7012BF2B333929D0000120000004C000000EAF2FFFFF6250000CDDDFFFF71F0FFFFD6D6FFFF
1786745880916,E49F390000000000,8750B701,1BF2B333,929D0000,12000000,4C000000,BCF2FFFF,FB250000,E0DDFFFF,74F0FFFF,A8D6FFFF,E49F3900000000008750B7011BF2B333929D0000120000004C000000BCF2FFFFFB250000E0DDFFFF74F0FFFFA8D6FFFF
1786745880916,48A0390000000000,9B50B701,FDF1B333,929D0000,12000000,4C000000,8AF2FFFF,05260000,02DEFFFF,7AF0FFFF,76D6FFFF,48A03900000000009B50B701FDF1B333929D0000120000004C0000008AF2FFFF0526000002DEFFFF7AF0FFFF76D6FFFF
1786745880916,ACA0390000000000,A450B701,F0F1B333,929D0000,12000000,4C000000,54F2FFFF,0A260000,12DEFFFF,7DF0FFFF,40D6FFFF,ACA0390000000000A450B701F0F1B333929D0000120000004C00000054F2FFFF0A26000012DEFFFF7DF0FFFF40D6FFFF
1786745880916,10A1390000000000,AE50B701,E2F1B333,929D0000,12000000,4C000000,1DF2FFFF,0F260000,22DEFFFF,80F0FFFF,09D6FFFF,10A1390000000000AE50B701E2F1B333929D0000120000004C0000001DF2FFFF0F26000022DEFFFF80F0FFFF09D6FFFF
1786745880916,74A1390000000000,B750B701,D5F1B333,929D0000,12000000,4C000000,ECF1FFFF,14260000,31DEFFFF,82F0FFFF,D8D5FFFF,74A1390000000000B750B701D5F1B333929D0000120000004C000000ECF1FFFF1426000031DEFFFF82F0FFFFD8D5FFFF
1786745880916,D8A1390000000000,C150B701,C8F1B333,929D0000,12000000,4C000000,BEF1FFFF,19260000,41DEFFFF,85F0FFFF,AAD5FFFF,D8A1390000000000C150B701C8F1B333929D0000120000004C000000BEF1FFFF1926000041DEFFFF85F0FFFFAAD5FFFF
1786745881916,3CA2390000000000,CB50B701,BBF1B333,929D0000,12000000,4C000000,89F1FFFF,1E260000,50DEFFFF,88F0FFFF,75D5FFFF,3CA2390000000000CB50B701BBF1B333929D0000120000004C00000089F1FFFF1E26000050DEFFFF88F0FFFF75D5FFFF
1786745881916,A0A2390000000000,D550B701,AEF1B333,929D0000,12000000,4C000000,58F1FFFF,24260000,60DEFFFF,8BF0FFFF,44D5FFFF,A0A2390000000000D550B701AEF1B333929D0000120000004C00000058F1FFFF2426000060DEFFFF8BF0FFFF44D5FFFF
1786745881916,05A3390000000000,DF50B701,A1F1B333,929D0000,12000000,4C000000,24F1FFFF,29260000,6FDEFFFF,8DF0FFFF,10D5FFFF,05A3390000000000DF50B701A1F1B333929D0000120000004C00000024F1FFFF292600006FDEFFFF8DF0FFFF10D5FFFF
1786745881916,69A3390000000000,E950B701,94F1B333,929D0000,12000000,4C000000,E4F0FFFF,2F260000,7FDEFFFF,90F0FFFF,D0D4FFFF,69A3390000000000E950B70194F1B333929D0000120000004C000000E4F0FFFF2F2600007FDEFFFF90F0FFFFD0D4FFFF
1786745881916,CDA3390000000000,F450B701,87F1B333,929D0000,12000000,4C000000,A2F0FFFF,35260000,8EDEFFFF,93F0FFFF,8ED4FFFF,CDA3390000000000F450B70187F1B333929D0000120000004C000000A2F0FFFF352600008EDEFFFF93F0FFFF8ED4FFFF
1786745881916,31A4390000000000,FE50B701,7AF1B333,929D0000,12000000,4C000000,5AF0FFFF,3B260000,9DDEFFFF,96F0FFFF,46D4FFFF,31A4390000000000FE50B7017AF1B333929D0000120000004C0000005AF0FFFF3B2600009DDEFFFF96F0FFFF46D4FFFF
1786745881916,95A4390000000000,0951B701,6EF1B333,929D0000,12000000,4C000000,13F0FFFF,41260000,ACDEFFFF,98F0FFFF,FFD3FFFF,95A43900000000000951B7016EF1B333929D0000120000004C00000013F0FFFF41260000ACDEFFFF98F0FFFFFFD3FFFF
1786745881916,F9A4390000000000,1451B701,61F1B333,929D0000,12000000,4C000000,C8EFFFFF,48260000,BBDEFFFF,9BF0FFFF,B4D3FFFF,F9A43900000000001451B70161F1B333929D0000120000004C000000C8EFFFFF48260000BBDEFFFF9BF0FFFFB4D3FFFF
1786745881916,5EA5390000000000,1F51B701,55F1B333,929D0000,12000000,4C000000,7AEFFFFF,4F260000,CADEFFFF,9EF0FFFF,66D3FFFF,5EA53900000000001F51B70155F1B333929D0000120000004C0000007AEFFFFF4F260000CADEFFFF9EF0FFFF66D3FFFF
1786745881916,C2A5390000000000,2A51B701,49F1B333,929D0000,12000000,4C000000,34EFFFFF,56260000,D9DEFFFF,A0F0FFFF,20D3FFFF,C2A53900000000002A51B70149F1B333929D0000120000004C00000034EFFFFF56260000D9DEFFFFA0F0FFFF20D3FFFF
1786745882916,2AA6390000000000,3551B701,3DF1B333,929D0000,12000000,4C000000,EBEEFFFF,5D260000,E9DEFFFF,A3F0FFFF,D7D2FFFF,2AA63900000000003551B7013DF1B333929D0000120000004C000000EBEEFFFF5D260000E9DEFFFFA3F0FFFFD7D2FFFF
1786745882916,8AA6390000000000,4151B701,31F1B333,929D0000,12000000,4C000000,9BEEFFFF,64260000,F7DEFFFF,A5F0FFFF,87D2FFFF,8AA63900000000004151B70131F1B333929D0000120000004C0000009BEEFFFF64260000F7DEFFFFA5F0FFFF87D2FFFF
1786745882916,EEA6390000000000,4C51B701,26F1B333,929D0000,12000000,4C000000,5CEEFFFF,6C260000,06DFFFFF,A8F0FFFF,48D2FFFF,EEA63900000000004C51B70126F1B333929D0000120000004C0000005CEEFFFF6C26000006DFFFFFA8F0FFFF48D2FFFF
1786745882916,52A7390000000000,5851B701,1AF1B333,929D0000,12000000,4C000000,19EEFFFF,73260000,14DFFFFF,AAF0FFFF,05D2FFFF,52A73900000000005851B7011AF1B333929D0000120000004C00000019EEFFFF7326000014DFFFFFAAF0FFFF05D2FFFF
1786745882916,B6A7390000000000,6451B701,0FF1B333,929D0000,12000000,4C000000,DDEDFFFF,7B260000,23DFFFFF,ADF0FFFF,C9D1FFFF,B6A73900000000006451B7010FF1B333929D0000120000004C000000DDEDFFFF7B26000023DFFFFFADF0FFFFC9D1FFFF
1786745882916,1AA8390000000000,7051B701,04F1B333,929D0000,12000000,4C000000,A0EDFFFF,83260000,31DFFFFF,AFF0FFFF,8CD1FFFF,1AA83900000000007051B70104F1B333929D0000120000004C000000A0EDFFFF8326000031DFFFFFAFF0FFFF8CD1FFFF
1786745882916,7FA8390000000000,7C51B701,F8F0B333,929D0000,12000000,4C000000,6BEDFFFF,8B260000,3FDFFFFF,B2F0FFFF,57D1FFFF,7FA83900000000007C51B701F8F0B333929D0000120000004C0000006BEDFFFF8B2600003FDFFFFFB2F0FFFF57D1FFFF
1786745882916,E3A8390000000000,8851B701,EDF0B333,929D0000,12000000,4C000000,40EDFFFF,93260000,4EDFFFFF,B5F0FFFF,2CD1FFFF,E3A83900000000008851B701EDF0B333929D0000120000004C00000040EDFFFF932600004EDFFFFFB5F0FFFF2CD1FFFF
1786745882916,47A9390000000000,9551B701,E2F0B333,929D0000,12000000,4C000000,18EDFFFF,9C260000,5CDFFFFF,B8F0FFFF,04D1FFFF,47A93900000000009551B701E2F0B333929D0000120000004C00000018EDFFFF9C2600005CDFFFFFB8F0FFFF04D1FFFF
1786745882916,ABA9390000000000,A151B701,D7F0B333,929D0000,12000000,4C000000,F8ECFFFF,A4260000,6ADFFFFF,BAF0FFFF,E4D0FFFF,ABA9390000000000A151B701D7F0B333929D0000120000004C000000F8ECFFFFA42600006ADFFFFFBAF0FFFFE4D0FFFF
1786745883916,0FAA390000000000,AD51B701,CDF0B333,929D0000,12000000,4C000000,E3ECFFFF,AC260000,78DFFFFF,BDF0FFFF,CFD0FFFF,0FAA390000000000AD51B701CDF0B333929D0000120000004C000000E3ECFFFFAC26000078DFFFFFBDF0FFFFCFD0FFFF
1786745883916,73AA390000000000,BA51B701,C2F0B333,929D0000,12000000,4C000000,D7ECFFFF,B5260000,86DFFFFF,BFF0FFFF,C3D0FFFF,73AA390000000000BA51B701C2F0B333929D0000120000004C000000D7ECFFFFB526000086DFFFFFBFF0FFFFC3D0FFFF
1786745883916,D7AA390000000000,C651B701,B7F0B333,929D0000,12000000,4C000000,D7ECFFFF,BD260000,95DFFFFF,C2F0FFFF,C3D0FFFF,D7AA390000000000C651B701B7F0B333929D0000120000004C000000D7ECFFFFBD26000095DFFFFFC2F0FFFFC3D0FFFF
1786745883916,3BAB390000000000,D251B701,ACF0B333,929D0000,12000000,4C000000,E5ECFFFF,C6260000,A3DFFFFF,C5F0FFFF,D1D0FFFF,3BAB390000000000D251B701ACF0B333929D0000120000004C000000E5ECFFFFC6260000A3DFFFFFC5F0FFFFD1D0FFFF
1786745883916,A0AB390000000000,DF51B701,A1F0B333,929D0000,12000000,4C000000,FDECFFFF,CE260000,B1DFFFFF,C8F0FFFF,E9D0FFFF,A0AB390000000000DF51B701A1F0B333929D0000120000004C000000FDECFFFFCE260000B1DFFFFFC8F0FFFFE9D0FFFF
1786745883916,04AC390000000000,EB51B701,96F0B333,929D0000,12000000,4C000000,1BEDFFFF,D7260000,BFDFFFFF,CAF0FFFF,07D1FFFF,04AC390000000000EB51B70196F0B333929D0000120000004C0000001BEDFFFFD7260000BFDFFFFFCAF0FFFF07D1FFFF
1786745883916,68AC390000000000,F751B701,8BF0B333,929D0000,12000000,4C000000,3AEDFFFF,DF260000,CDDFFFFF,CDF0FFFF,26D1FFFF,68AC390000000000F751B7018BF0B333929D0000120000004C0000003AEDFFFFDF260000CDDFFFFFCDF0FFFF26D1FFFF
1786745883916,CCAC390000000000,0352B701,80F0B333,929D0000,12000000,4C000000,5DEDFFFF,E7260000,DCDFFFFF,CFF0FFFF,49D1FFFF,CCAC3900000000000352B70180F0B333929D0000120000004C0000005DEDFFFFE7260000DCDFFFFFCFF0FFFF49D1FFFF
1786745883916,30AD390000000000,0F52B701,75F0B333,929D0000,12000000,4C000000,82EDFFFF,EF260000,EADFFFFF,D2F0FFFF,6ED1FFFF,30AD3900000000000F52B70175F0B333929D0000120000004C00000082EDFFFFEF260000EADFFFFFD2F0FFFF6ED1FFFF
1786745883916,94AD390000000000,1B52B701,69F0B333,929D0000,12000000,4C000000,ACEDFFFF,F7260000,F8DFFFFF,D5F0FFFF,98D1FFFF,94AD3900000000001B52B70169F0B333929D0000120000004C000000ACEDFFFFF7260000F8DFFFFFD5F0FFFF98D1FFFF
1786745884916,F8AD390000000000,2752B701,5EF0B333,929D0000,12000000,4C000000,D5EDFFFF,FF260000,07E0FFFF,D7F0FFFF,C1D1FFFF,F8AD3900000000002752B7015EF0B333929D0000120000004C000000D5EDFFFFFF26000007E0FFFFD7F0FFFFC1D1FFFF
1786745884916,5CAE390000000000,3352B701,53F0B333,929D0000,12000000,4C000000,FAEDFFFF,06270000,15E0FFFF,DAF0FFFF,E6D1FFFF,5CAE3900000000003352B70153F0B333929D0000120000004C000000FAEDFFFF0627000015E0FFFFDAF0FFFFE6D1FFFF
1786745884916,C1AE390000000000,3F52B701,47F0B333,929D0000,12000000,4C000000,21EEFFFF,0E270000,24E0FFFF,DDF0FFFF,0DD2FFFF,C1AE3900000000003F52B70147F0B333929D0000120000004C00000021EEFFFF0E27000024E0FFFFDDF0FFFF0DD2FFFF
1786745884916,25AF390000000000,4A52B701,3BF0B333,929D0000,12000000,4C000000,42EEFFFF,16270000,33E0FFFF,DFF0FFFF,2ED2FFFF,25AF3900000000004A52B7013BF0B333929D0000120000004C00000042EEFFFF1627000033E0FFFFDFF0FFFF2ED2FFFF
1786745884916,89AF390000000000,5652B701,30F0B333,929D0000,12000000,4C000000,6AEEFFFF,1D270000,41E0FFFF,E2F0FFFF,56D2FFFF,89AF3900000000005652B70130F0B333929D0000120000004C0000006AEEFFFF1D27000041E0FFFFE2F0FFFF56D2FFFF
1786745884916,EDAF390000000000,6252B701,24F0B333,929D0000,12000000,4C000000,92EEFFFF,24270000,50E0FFFF,E4F0FFFF,7ED2FFFF,EDAF3900000000006252B70124F0B333929D0000120000004C00000092EEFFFF2427000050E0FFFFE4F0FFFF7ED2FFFF
1786745884916,51B0390000000000,6D52B701,18F0B333,929D0000,12000000,4C000000,C0EEFFFF,2C270000,5FE0FFFF,E7F0FFFF,ACD2FFFF,51B03900000000006D52B70118F0B333929D0000120000004C000000C0EEFFFF2C2700005FE0FFFFE7F0FFFFACD2FFFF
1786745884916,B5B0390000000000,7852B701,0CF0B333,929D0000,12000000,4C000000,F0EEFFFF,33270000,6EE0FFFF,EAF0FFFF,DCD2FFFF,B5B03900000000007852B7010CF0B333929D0000120000004C000000F0EEFFFF332700006EE0FFFFEAF0FFFFDCD2FFFF
1786745884916,19B1390000000000,8352B701,00F0B333,929D0000,12000000,4C000000,24EFFFFF,3A270000,7DE0FFFF,EDF0FFFF,10D3FFFF,19B13900000000008352B70100F0B333929D0000120000004C00000024EFFFFF3A2700007DE0FFFFEDF0FFFF10D3FFFF
1786745884916,7EB1390000000000,8F52B701,F4EFB333,929D0000,12000000,4C000000,58EFFFFF,41270000,8BE0FFFF,EFF0FFFF,44D3FFFF,7EB13900000000008F52B701F4EFB333929D0000120000004C00000058EFFFFF412700008BE0FFFFEFF0FFFF44D3FFFF
1786745885916,E3B1390000000000,9852B701,EAEFB333,929D0000,12000000,4C000000,8AEFFFFF,46270000,98E0FFFF,F1F0FFFF,76D3FFFF,E3B13900000000009852B701EAEFB333929D0000120000004C0000008AEFFFFF4627000098E0FFFFF1F0FFFF76D3FFFF
1786745885916,46B2390000000000,A152B701,E0EFB333,929D0000,12000000,4C000000,BAEFFFFF,4C270000,A4E0FFFF,F4F0FFFF,A6D3FFFF,46B2390000000000A152B701E0EFB333929D0000120000004C000000BAEFFFFF4C270000A4E0FFFFF4F0FFFFA6D3FFFF
1786745885916,AAB2390000000000,AA52B701,D5EFB333,929D0000,12000000,4C000000,ECEFFFFF,51270000,B1E0FFFF,F6F0FFFF,D8D3FFFF,AAB2390000000000AA52B701D5EFB333929D0000120000004C000000ECEFFFFF51270000B1E0FFFFF6F0FFFFD8D3FFFF
1786745885916,0EB3390000000000,B352B701,CBEFB333,929D0000,12000000,4C000000,1CF0FFFF,56270000,BEE0FFFF,F8F0FFFF,08D4FFFF,0EB3390000000000B352B701CBEFB333929D0000120000004C0000001CF0FFFF56270000BEE0FFFFF8F0FFFF08D4FFFF
1786745885916,72B3390000000000,BB52B701,C0EFB333,929D0000,12000000,4C000000,4FF0FFFF,5B270000,CBE0FFFF,FAF0FFFF,3BD4FFFF,72B3390000000000BB52B701C0EFB333929D0000120000004C0000004FF0FFFF5B270000CBE0FFFFFAF0FFFF3BD4FFFF
1786745885916,D7B3390000000000,C452B701,B6EFB333,929D0000,12000000,4C000000,85F0FFFF,60270000,D7E0FFFF,FDF0FFFF,71D4FFFF,D7B3390000000000C452B701B6EFB333929D0000120000004C00000085F0FFFF60270000D7E0FFFFFDF0FFFF71D4FFFF
1786745885916,3BB4390000000000,CD52B701,ABEFB333,929D0000,12000000,4C000000,B7F0FFFF,65270000,E4E0FFFF,FFF0FFFF,A3D4FFFF,3BB4390000000000CD52B701ABEFB333929D0000120000004C000000B7F0FFFF65270000E4E0FFFFFFF0FFFFA3D4FFFF
1786745885916,9FB4390000000000,D552B701,A0EFB333,929D0000,12000000,4C000000,E3F0FFFF,6A270000,F1E0FFFF,01F1FFFF,CFD4FFFF,9FB4390000000000D552B701A0EFB333929D0000120000004C000000E3F0FFFF6A270000F1E0FFFF01F1FFFFCFD4FFFF
1786745885916,03B5390000000000,DC52B701,98EFB333,929D0000,12000000,4C000000,0FF1FFFF,6E270000,FBE0FFFF,03F1FFFF,FBD4FFFF,03B5390000000000DC52B70198EFB333929D0000120000004C0000000FF1FFFF6E270000FBE0FFFF03F1FFFFFBD4FFFF
1786745885916,67B5390000000000,E352B701,8FEFB333,929D0000,12000000,4C000000,3BF1FFFF,72270000,05E1FFFF,05F1FFFF,27D5FFFF,67B5390000000000E352B7018FEFB333929D0000120000004C0000003BF1FFFF7227000005E1FFFF05F1FFFF27D5FFFF
1786745886916,CCB5390000000000,E952B701,86EFB333,929D0000,12000000,4C000000,66F1FFFF,75270000,10E1FFFF,07F1FFFF,52D5FFFF,CCB5390000000000E952B70186EFB333929D0000120000004C00000066F1FFFF7527000010E1FFFF07F1FFFF52D5FFFF
1786745886916,2FB6390000000000,F052B701,7DEFB333,929D0000,12000000,4C000000,93F1FFFF,79270000,1AE1FFFF,08F1FFFF,7FD5FFFF,2FB6390000000000F052B7017DEFB333929D0000120000004C00000093F1FFFF792700001AE1FFFF08F1FFFF7FD5FFFF
1786745886916,93B6390000000000,F652B701,75EFB333,929D0000,12000000,4C000000,C1F1FFFF,7C270000,25E1FFFF,0AF1FFFF,ADD5FFFF,93B6390000000000F652B70175EFB333929D0000120000004C000000C1F1FFFF7C27000025E1FFFF0AF1FFFFADD5FFFF
1786745886916,F7B6390000000000,FD52B701,6CEFB333,929D0000,12000000,4C000000,EEF1FFFF,7F270000,2FE1FFFF,0CF1FFFF,DAD5FFFF,F7B6390000000000FD52B7016CEFB333929D0000120000004C000000EEF1FFFF7F2700002FE1FFFF0CF1FFFFDAD5FFFF
1786745886916,5BB7390000000000,0353B701,63EFB333,929D0000,12000000,4C000000,1BF2FFFF,83270000,3AE1FFFF,0EF1FFFF,07D6FFFF,5BB73900000000000353B70163EFB333929D0000120000004C0000001BF2FFFF832700003AE1FFFF0EF1FFFF07D6FFFF
1786745886916,C0B7390000000000,0953B701,5AEFB333,929D0000,12000000,4C000000,46F2FFFF,86270000,44E1FFFF,10F1FFFF,32D6FFFF,C0B73900000000000953B7015AEFB333929D0000120000004C00000046F2FFFF8627000044E1FFFF10F1FFFF32D6FFFF
1786745886916,24B8390000000000,0F53B701,51EFB333,929D0000,12000000,4C000000,77F2FFFF,89270000,4EE1FFFF,12F1FFFF,63D6FFFF,24B83900000000000F53B70151EFB333929D0000120000004C00000077F2FFFF892700004EE1FFFF12F1FFFF63D6FFFF
1786745886916,88B8390000000000,1653B701,48EFB333,929D0000,12000000,4C000000,A3F2FFFF,8C270000,59E1FFFF,14F1FFFF,8FD6FFFF,88B83900000000001653B70148EFB333929D0000120000004C000000A3F2FFFF8C27000059E1FFFF14F1FFFF8FD6FFFF
1786745886916,ECB8390000000000,1C53B701,3FEFB333,929D0000,12000000,4C000000,D6F2FFFF,8F270000,63E1FFFF,16F1FFFF,C2D6FFFF,ECB83900000000001C53B7013FEFB333929D0000120000004C000000D6F2FFFF8F27000063E1FFFF16F1FFFFC2D6FFFF
1786745886916,50B9390000000000,2253B701,35EFB333,929D0000,12000000,4C000000,06F3FFFF,92270000,6EE1FFFF,18F1FFFF,F2D6FFFF,50B93900000000002253B70135EFB333929D0000120000004C00000006F3FFFF922700006EE1FFFF18F1FFFFF2D6FFFF
1786745887916,B4B9390000000000,2753B701,2CEFB333,929D0000,12000000,4C000000,34F3FFFF,95270000,78E1FFFF,1AF1FFFF,20D7FFFF,B4B93900000000002753B7012CEFB333929D0000120000004C00000034F3FFFF9527000078E1FFFF1AF1FFFF20D7FFFF
1786745887916,19BA390000000000,2D53B701,23EFB333,929D0000,12000000,4C000000,65F3FFFF,97270000,83E1FFFF,1CF1FFFF,51D7FFFF,19BA3900000000002D53B70123EFB333929D0000120000004C00000065F3FFFF9727000083E1FFFF1CF1FFFF51D7FFFF
1786745887916,7DBA390000000000,3353B701,1AEFB333,929D0000,12000000,4C000000,95F3FFFF,9A270000,8EE1FFFF,1EF1FFFF,81D7FFFF,7DBA3900000000003353B7011AEFB333929D0000120000004C00000095F3FFFF9A2700008EE1FFFF1EF1FFFF81D7FFFF
1786745887916,E1BA390000000000,3953B701,10EFB333,929D0000,12000000,4C000000,C9F3FFFF,9C270000,98E1FFFF,20F1FFFF,B5D7FFFF,E1BA3900000000003953B70110EFB333929D0000120000004C000000C9F3FFFF9C27000098E1FFFF20F1FFFFB5D7FFFF
1786745887916,45BB390000000000,3E53B701,07EFB333,929D0000,12000000,4C000000,FAF3FFFF,9F270000,A3E1FFFF,22F1FFFF,E6D7FFFF,45BB3900000000003E53B70107EFB333929D0000120000004C000000FAF3FFFF9F270000A3E1FFFF22F1FFFFE6D7FFFF
1786745887916,A9BB390000000000,4453B701,FDEEB333,929D0000,12000000,4C000000,26F4FFFF,A1270000,AEE1FFFF,24F1FFFF,12D8FFFF,A9BB3900000000004453B701FDEEB333929D0000120000004C00000026F4FFFFA1270000AEE1FFFF24F1FFFF12D8FFFF
1786745887916,0DBC390000000000,4953B701,F4EEB333,929D0000,12000000,4C000000,51F4FFFF,A3270000,B8E1FFFF,26F1FFFF,3DD8FFFF,0DBC3900000000004953B701F4EEB333929D0000120000004C00000051F4FFFFA3270000B8E1FFFF26F1FFFF3DD8FFFF
1786745887916,71BC390000000000,4E53B701,EAEEB333,929D0000,12000000,4C000000,75F4FFFF,A6270000,C3E1FFFF,28F1FFFF,61D8FFFF,71BC3900000000004E53B701EAEEB333929D0000120000004C00000075F4FFFFA6270000C3E1FFFF28F1FFFF61D8FFFF
1786745887916,D5BC390000000000,5453B701,E1EEB333,929D0000,12000000,4C000000,8FF4FFFF,A8270000,CEE1FFFF,2AF1FFFF,7BD8FFFF,D5BC3900000000005453B701E1EEB333929D0000120000004C0000008FF4FFFFA8270000CEE1FFFF2AF1FFFF7BD8FFFF
1786745887916,3ABD390000000000,5853B701,DAEEB333,929D0000,12000000,4C000000,A3F4FFFF,A9270000,D6E1FFFF,2BF1FFFF,8FD8FFFF,3ABD3900000000005853B701DAEEB333929D0000120000004C000000A3F4FFFFA9270000D6E1FFFF2BF1FFFF8FD8FFFF
1786745888916,9EBD390000000000,5C53B701,D2EEB333,929D0000,12000000,4C000000,B3F4FFFF,AB270000,DEE1FFFF,2DF1FFFF,9FD8FFFF,9EBD3900000000005C53B701D2EEB333929D0000120000004C000000B3F4FFFFAB270000DEE1FFFF2DF1FFFF9FD8FFFF
1786745888916,02BE390000000000,6053B701,CBEEB333,929D0000,12000000,4C000000,C2F4FFFF,AC270000,E6E1FFFF,2EF1FFFF,AED8FFFF,02BE3900000000006053B701CBEEB333929D0000120000004C000000C2F4FFFFAC270000E6E1FFFF2EF1FFFFAED8FFFF
1786745888916,66BE390000000000,6353B701,C4EEB333,929D0000,12000000,4C000000,CDF4FFFF,AE270000,EEE1FFFF,30F1FFFF,B9D8FFFF,66BE3900000000006353B701C4EEB333929D0000120000004C000000CDF4FFFFAE270000EEE1FFFF30F1FFFFB9D8FFFF
1786745888916,CABE390000000000,6753B701,BDEEB333,929D0000,12000000,4C000000,DDF4FFFF,AF270000,F6E1FFFF,31F1FFFF,C9D8FFFF,CABE3900000000006753B701BDEEB333929D0000120000004C000000DDF4FFFFAF270000F6E1FFFF31F1FFFFC9D8FFFF
1786745888916,2EBF390000000000,6A53B701,B8EEB333,929D0000,12000000,4C000000,E3F4FFFF,B0270000,FBE1FFFF,32F1FFFF,CFD8FFFF,2EBF3900000000006A53B701B8EEB333929D0000120000004C000000E3F4FFFFB0270000FBE1FFFF32F1FFFFCFD8FFFF
1786745888916,92BF390000000000,6D53B701,B3EEB333,929D0000,12000000,4C000000,E7F4FFFF,B1270000,01E2FFFF,33F1FFFF,D3D8FFFF,92BF3900000000006D53B701B3EEB333929D0000120000004C000000E7F4FFFFB127000001E2FFFF33F1FFFFD3D8FFFF
1786745888916,F6BF390000000000,6F53B701,AEEEB333,929D0000,12000000,4C000000,E7F4FFFF,B2270000,06E2FFFF,35F1FFFF,D3D8FFFF,F6BF3900000000006F53B701AEEEB333929D0000120000004C000000E7F4FFFFB227000006E2FFFF35F1FFFFD3D8FFFF
1786745888916,5BC0390000000000,7253B701,AAEEB333,929D0000,12000000,4C000000,EAF4FFFF,B3270000,0CE2FFFF,36F1FFFF,D6D8FFFF,5BC03900000000007253B701AAEEB333929D0000120000004C000000EAF4FFFFB32700000CE2FFFF36F1FFFFD6D8FFFF
1786745888916,BFC0390000000000,7453B701,A5EEB333,929D0000,12000000,4C000000,EBF4FFFF,B4270000,11E2FFFF,36F1FFFF,D7D8FFFF,BFC03900000000007453B701A5EEB333929D0000120000004C000000EBF4FFFFB427000011E2FFFF36F1FFFFD7D8FFFF
1786745888916,23C1390000000000,7653B701,A2EEB333,929D0000,12000000,4C000000,EBF4FFFF,B5270000,14E2FFFF,37F1FFFF,D7D8FFFF,23C13900000000007653B701A2EEB333929D0000120000004C000000EBF4FFFFB527000014E2FFFF37F1FFFFD7D8FFFF
1786745889916,87C1390000000000,7753B701,A0EEB333,929D0000,12000000,4C000000,ECF4FFFF,B5270000,16E2FFFF,38F1FFFF,D8D8FFFF,87C13900000000007753B701A0EEB333929D0000120000004C000000ECF4FFFFB527000016E2FFFF38F1FFFFD8D8FFFF
1786745889916,EBC1390000000000,7853B701,9EEEB333,929D0000,12000000,4C000000,EFF4FFFF,B6270000,19E2FFFF,38F1FFFF,DBD8FFFF,EBC13900000000007853B7019EEEB333929D0000120000004C000000EFF4FFFFB627000019E2FFFF38F1FFFFDBD8FFFF
1786745889916,4FC2390000000000,7953B701,9BEEB333,929D0000,12000000,4C000000,F2F4FFFF,B6270000,1CE2FFFF,38F1FFFF,DED8FFFF,4FC23900000000007953B7019BEEB333929D0000120000004C000000F2F4FFFFB62700001CE2FFFF38F1FFFFDED8FFFF
1786745889916,B3C2390000000000,7C53B701,96EEB333,929D0000,12000000,4C000000,F6F4FFFF,B7270000,21E2FFFF,3AF1FFFF,E2D8FFFF,B3C23900000000007C53B70196EEB333929D0000120000004C000000F6F4FFFFB727000021E2FFFF3AF1FFFFE2D8FFFF
1786745889916,17C3390000000000,7F53B701,91EEB333,929D0000,12000000,4C000000,FFF4FFFF,B8270000,27E2FFFF,3AF1FFFF,EBD8FFFF,17C33900000000007F53B70191EEB333929D0000120000004C000000FFF4FFFFB827000027E2FFFF3AF1FFFFEBD8FFFF
1786745889916,7CC3390000000000,8153B701,8DEEB333,929D0000,12000000,4C000000,07F5FFFF,B9270000,2CE2FFFF,3BF1FFFF,F3D8FFFF,7CC33900000000008153B7018DEEB333929D0000120000004C00000007F5FFFFB92700002CE2FFFF3BF1FFFFF3D8FFFF
1786745889916,E1C3390000000000,8453B701,88EEB333,929D0000,12000000,4C000000,11F5FFFF,BA270000,31E2FFFF,3CF1FFFF,FDD8FFFF,E1C33900000000008453B70188EEB333929D0000120000004C00000011F5FFFFBA27000031E2FFFF3CF1FFFFFDD8FFFF
1786745889916,44C4390000000000,8653B701,83EEB333,929D0000,12000000,4C000000,1DF5FFFF,BB270000,37E2FFFF,3DF1FFFF,09D9FFFF,44C43900000000008653B70183EEB333929D0000120000004C0000001DF5FFFFBB27000037E2FFFF3DF1FFFF09D9FFFF
1786745889916,A8C4390000000000,8953B701,7EEEB333,929D0000,12000000,4C000000,2DF5FFFF,BC270000,3CE2FFFF,3EF1FFFF,19D9FFFF,A8C43900000000008953B7017EEEB333929D0000120000004C0000002DF5FFFFBC2700003CE2FFFF3EF1FFFF19D9FFFF
1786745889916,0CC5390000000000,8B53B701,79EEB333,929D0000,12000000,4C000000,41F5FFFF,BD270000,42E2FFFF,3FF1FFFF,2DD9FFFF,0CC53900000000008B53B70179EEB333929D0000120000004C00000041F5FFFFBD27000042E2FFFF3FF1FFFF2DD9FFFF
1786745890916,70C5390000000000,8E53B701,74EEB333,929D0000,12000000,4C000000,52F5FFFF,BE270000,47E2FFFF,40F1FFFF,3ED9FFFF,70C53900000000008E53B70174EEB333929D0000120000004C00000052F5FFFFBE27000047E2FFFF40F1FFFF3ED9FFFF
1786745890916,D4C5390000000000,9053B701,70EEB333,929D0000,12000000,4C000000,63F5FFFF,BE270000,4CE2FFFF,41F1FFFF,4FD9FFFF,D4C53900000000009053B70170EEB333929D0000120000004C00000063F5FFFFBE2700004CE2FFFF41F1FFFF4FD9FFFF
1786745890916,38C6390000000000,9453B701,68EEB333,929D0000,12000000,4C000000,7AF5FFFF,C0270000,54E2FFFF,43F1FFFF,66D9FFFF,38C63900000000009453B70168EEB333929D0000120000004C0000007AF5FFFFC027000054E2FFFF43F1FFFF66D9FFFF
1786745890916,9DC6390000000000,9753B701,61EEB333,929D0000,12000000,4C000000,90F5FFFF,C1270000,5DE2FFFF,44F1FFFF,7CD9FFFF,9DC63900000000009753B70161EEB333929D0000120000004C00000090F5FFFFC12700005DE2FFFF44F1FFFF7CD9FFFF
1786745890916,01C7390000000000,9B53B701,59EEB333,929D0000,12000000,4C000000,A2F5FFFF,C2270000,65E2FFFF,45F1FFFF,8ED9FFFF,01C73900000000009B53B70159EEB333929D0000120000004C000000A2F5FFFFC227000065E2FFFF45F1FFFF8ED9FFFF
1786745890916,65C7390000000000,9F53B701,52EEB333,929D0000,12000000,4C000000,B7F5FFFF,C3270000,6DE2FFFF,47F1FFFF,A3D9FFFF,65C73900000000009F53B70152EEB333929D0000120000004C000000B7F5FFFFC32700006DE2FFFF47F1FFFFA3D9FFFF
1786745890916,C9C7390000000000,A253B701,4BEEB333,929D0000,12000000,4C000000,CEF5FFFF,C5270000,75E2FFFF,48F1FFFF,BAD9FFFF,C9C7390000000000A253B7014BEEB333929D0000120000004C000000CEF5FFFFC527000075E2FFFF48F1FFFFBAD9FFFF
1786745890916,2DC8390000000000,A653B701,43EEB333,929D0000,12000000,4C000000,E4F5FFFF,C6270000,7DE2FFFF,4AF1FFFF,D0D9FFFF,2DC8390000000000A653B70143EEB333929D0000120000004C000000E4F5FFFFC62700007DE2FFFF4AF1FFFFD0D9FFFF
1786745890916,91C8390000000000,A953B701,3CEEB333,929D0000,12000000,4C000000,E8F5FFFF,C7270000,85E2FFFF,4BF1FFFF,D4D9FFFF,91C8390000000000A953B7013CEEB333929D0000120000004C000000E8F5FFFFC727000085E2FFFF4BF1FFFFD4D9FFFF
1786745890916,F5C8390000000000,AE53B701,32EEB333,929D0000,12000000,4C000000,E4F5FFFF,C8270000,90E2FFFF,4DF1FFFF,D0D9FFFF,F5C8390000000000AE53B70132EEB333929D0000120000004C000000E4F5FFFFC827000090E2FFFF4DF1FFFFD0D9FFFF
1786745891916,5AC9390000000000,B253B701,2BEEB333,929D0000,12000000,4C000000,E9F5FFFF,C9270000,98E2FFFF,4EF1FFFF,D5D9FFFF,5AC9390000000000B253B7012BEEB333929D0000120000004C000000E9F5FFFFC927000098E2FFFF4EF1FFFFD5D9FFFF
1786745891916,BEC9390000000000,B553B701,23EEB333,929D0000,12000000,4C000000,EAF5FFFF,CA270000,A0E2FFFF,50F1FFFF,D6D9FFFF,BEC9390000000000B553B70123EEB333929D0000120000004C000000EAF5FFFFCA270000A0E2FFFF50F1FFFFD6D9FFFF
1786745891916,22CA390000000000,B953B701,1CEEB333,929D0000,12000000,4C000000,EDF5FFFF,CC270000,A8E2FFFF,51F1FFFF,D9D9FFFF,22CA390000000000B953B7011CEEB333929D0000120000004C000000EDF5FFFFCC270000A8E2FFFF51F1FFFFD9D9FFFF
1786745891916,86CA390000000000,BC53B701,14EEB333,929D0000,12000000,4C000000,F3F5FFFF,CD270000,B1E2FFFF,53F1FFFF,DFD9FFFF,86CA390000000000BC53B70114EEB333929D0000120000004C000000F3F5FFFFCD270000B1E2FFFF53F1FFFFDFD9FFFF
1786745891916,EACA390000000000,C053B701,0DEEB333,929D0000,12000000,4C000000,DBF5FFFF,CE270000,B9E2FFFF,54F1FFFF,C7D9FFFF,EACA390000000000C053B7010DEEB333929D0000120000004C000000DBF5FFFFCE270000B9E2FFFF54F1FFFFC7D9FFFF
1786745891916,4ECB390000000000,C353B701,06EEB333,929D0000,12000000,4C000000,EDF5FFFF,CF270000,C1E2FFFF,55F1FFFF,D9D9FFFF,4ECB390000000000C353B70106EEB333929D0000120000004C000000EDF5FFFFCF270000C1E2FFFF55F1FFFFD9D9FFFF
1786745891916,B2CB390000000000,C653B701,01EEB333,929D0000,12000000,4C000000,03F6FFFF,D0270000,C6E2FFFF,57F1FFFF,EFD9FFFF,B2CB390000000000C653B70101EEB333929D0000120000004C00000003F6FFFFD0270000C6E2FFFF57F1FFFFEFD9FFFF
1786745891916,16CC390000000000,C853B701,FCEDB333,929D0000,12000000,4C000000,E4F5FFFF,D0270000,CCE2FFFF,58F1FFFF,D0D9FFFF,16CC390000000000C853B701FCEDB333929D0000120000004C000000E4F5FFFFD0270000CCE2FFFF58F1FFFFD0D9FFFF
1786745891916,7BCC390000000000,C953B701,F9EDB333,929D0000,12000000,4C000000,F1F5FFFF,D1270000,CEE2FFFF,58F1FFFF,DDD9FFFF,7BCC390000000000C953B701F9EDB333929D0000120000004C000000F1F5FFFFD1270000CEE2FFFF58F1FFFFDDD9FFFF
1786745891916,DFCC390000000000,CB53B701,F7EDB333,929D0000,12000000,4C000000,F1F5FFFF,D1270000,D1E2FFFF,58F1FFFF,DDD9FFFF,DFCC390000000000CB53B701F7EDB333929D0000120000004C000000F1F5FFFFD1270000D1E2FFFF58F1FFFFDDD9FFFF
1786745892916,43CD390000000000,CB53B701,F7EDB333,929D0000,12000000,4C000000,E9F5FFFF,D1270000,D1E2FFFF,58F1FFFF,D5D9FFFF,43CD390000000000CB53B701F7EDB333929D0000120000004C000000E9F5FFFFD1270000D1E2FFFF58F1FFFFD5D9FFFF
1786745892916,A7CD390000000000,CB53B701,F7EDB333,929D0000,12000000,4C000000,EBF5FFFF,D1270000,D1E2FFFF,58F1FFFF,D7D9FFFF,A7CD390000000000CB53B701F7EDB333929D0000120000004C000000EBF5FFFFD1270000D1E2FFFF58F1FFFFD7D9FFFF
1786745892916,0BCE390000000000,CB53B701,F7EDB333,929D0000,12000000,4C000000,E9F5FFFF,D1270000,D1E2FFFF,58F1FFFF,D5D9FFFF,0BCE390000000000CB53B701F7EDB333929D0000120000004C000000E9F5FFFFD1270000D1E2FFFF58F1FFFFD5D9FFFF
1786745892916,6FCE390000000000,CB53B701,F7EDB333,929D0000,12000000,4C000000,EDF5FFFF,D1270000,D1E2FFFF,58F1FFFF,D9D9FFFF,6FCE390000000000CB53B701F7EDB333929D0000120000004C000000EDF5FFFFD1270000D1E2FFFF58F1FFFFD9D9FFFF
1786745892916,D4CE390000000000,CB53B701,F7EDB333,929D0000,12000000,4C000000,EEF5FFFF,D1270000,D1E2FFFF,58F1FFFF,DAD9FFFF,D4CE390000000000CB53B701F7EDB333929D0000120000004C000000EEF5FFFFD1270000D1E2FFFF58F1FFFFDAD9FFFF
1786745892916,37CF390000000000,CB53B701,F7EDB333,929D0000,12000000,4C000000,EEF5FFFF,D1270000,D1E2FFFF,58F1FFFF,DAD9FFFF,37CF390000000000CB53B701F7EDB333929D0000120000004C000000EEF5FFFFD1270000D1E2FFFF58F1FFFFDAD9FFFF
1786745892916,9CCF390000000000,CB53B701,F7EDB333,929D0000,12000000,4C000000,EDF5FFFF,D1270000,D1E2FFFF,58F1FFFF,D9D9FFFF,9CCF390000000000CB53B701F7EDB333929D0000120000004C000000EDF5FFFFD1270000D1E2FFFF58F1FFFFD9D9FFFF
1786745892916,00D0390000000000,CB53B701,F7EDB333,929D0000,12000000,4C000000,EFF5FFFF,D1270000,D1E2FFFF,58F1FFFF,DBD9FFFF,00D0390000000000CB53B701F7EDB333929D0000120000004C000000EFF5FFFFD1270000D1E2FFFF58F1FFFFDBD9FFFF
1786745892916,64D0390000000000,CB53B701,F7EDB333,929D0000,12000000,4C000000,EFF5FFFF,D1270000,D1E2FFFF,58F1FFFF,DBD9FFFF,64D0390000000000CB53B701F7EDB333929D0000120000004C000000EFF5FFFFD1270000D1E2FFFF58F1FFFFDBD9FFFF
1786745892916,C8D0390000000000,CB53B701,F7EDB333,929D0000,12000000,4C000000,F0F5FFFF,D1270000,D1E2FFFF,58F1FFFF,DCD9FFFF,C8D0390000000000CB53B701F7EDB333929D0000120000004C000000F0F5FFFFD1270000D1E2FFFF58F1FFFFDCD9FFFF
1786745893916,2CD1390000000000,CB53B701,F7EDB333,929D0000,12000000,4C000000,F1F5FFFF,D1270000,D1E2FFFF,58F1FFFF,DDD9FFFF,2CD1390000000000CB53B701F7EDB333929D0000120000004C000000F1F5FFFFD1270000D1E2FFFF58F1FFFFDDD9FFFF
1786745893916,90D1390000000000,CB53B701,F7EDB333,929D0000,12000000,4C000000,F2F5FFFF,D1270000,D1E2FFFF,58F1FFFF,DED9FFFF,90D1390000000000CB53B701F7EDB333929D0000120000004C000000F2F5FFFFD1270000D1E2FFFF58F1FFFFDED9FFFF
1786745893916,F5D1390000000000,CB53B701,F7EDB333,929D0000,12000000,4C000000,EEF5FFFF,D1270000,D1E2FFFF,58F1FFFF,DAD9FFFF,F5D1390000000000CB53B701F7EDB333929D0000120000004C000000EEF5FFFFD1270000D1E2FFFF58F1FFFFDAD9FFFF
1786745893916,59D2390000000000,CB53B701,F7EDB333,929D0000,12000000,4C000000,EAF5FFFF,D1270000,D1E2FFFF,58F1FFFF,D6D9FFFF,59D2390000000000CB53B701F7EDB333929D0000120000004C000000EAF5FFFFD1270000D1E2FFFF58F1FFFFD6D9FFFF
1786745893916,BDD2390000000000,CB53B701,F7EDB333,929D0000,12000000,4C000000,EBF5FFFF,D1270000,D1E2FFFF,58F1FFFF,D7D9FFFF,BDD2390000000000CB53B701F7EDB333929D0000120000004C000000EBF5FFFFD1270000D1E2FFFF58F1FFFFD7D9FFFF
1786745893916,21D3390000000000,CB53B701,F7EDB333,929D0000,12000000,4C000000,E9F5FFFF,D1270000,D1E2FFFF,58F1FFFF,D5D9FFFF,21D3390000000000CB53B701F7EDB333929D0000120000004C000000E9F5FFFFD1270000D1E2FFFF58F1FFFFD5D9FFFF
1786745893916,85D3390000000000,CB53B701,F7EDB333,929D0000,12000000,4C000000,EAF5FFFF,D1270000,D1E2FFFF,58F1FFFF,D6D9FFFF,85D3390000000000CB53B701F7EDB333929D0000120000004C000000EAF5FFFFD1270000D1E2FFFF58F1FFFFD6D9FFFF
1786745893916,E9D3390000000000,CB53B701,F7EDB333,929D0000,12000000,4C000000,E9F5FFFF,D1270000,D1E2FFFF,58F1FFFF,D5D9FFFF,E9D3390000000000CB53B701F7EDB333929D0000120000004C000000E9F5FFFFD1270000D1E2FFFF58F1FFFFD5D9FFFF
1786745893916,4DD4390000000000,CB53B701,F7EDB333,929D0000,12000000,4C000000,E9F5FFFF,D1270000,D1E2FFFF,58F1FFFF,D5D9FFFF,4DD4390000000000CB53B701F7EDB333929D0000120000004C000000E9F5FFFFD1270000D1E2FFFF58F1FFFFD5D9FFFF
1786745893916,B1D4390000000000,CB53B701,F7EDB333,929D0000,12000000,4C000000,E9F5FFFF,D1270000,D1E2FFFF,58F1FFFF,D5D9FFFF,B1D4390000000000CB53B701F7EDB333929D0000120000004C000000E9F5FFFFD1270000D1E2FFFF58F1FFFFD5D9FFFF
1786745894916,15D5390000000000,CB53B701,F7EDB333,929D0000,12000000,4C000000,E9F5FFFF,D1270000,D1E2FFFF,58F1FFFF,D5D9FFFF,15D5390000000000CB53B701F7EDB333929D0000120000004C000000E9F5FFFFD1270000D1E2FFFF58F1FFFFD5D9FFFF
1786745894916,7AD5390000000000,CB53B701,F7EDB333,929D0000,12000000,4C000000,E9F5FFFF,D1270000,D1E2FFFF,58F1FFFF,D5D9FFFF,7AD5390000000000CB53B701F7EDB333929D0000120000004C000000E9F5FFFFD1270000D1E2FFFF58F1FFFFD5D9FFFF
1786745894916,DED5390000000000,CB53B701,F7EDB333,929D0000,12000000,4C000000,E9F5FFFF,D1270000,D1E2FFFF,58F1FFFF,D5D9FFFF,DED5390000000000CB53B701F7EDB333929D0000120000004C000000E9F5FFFFD1270000D1E2FFFF58F1FFFFD5D9FFFF
1786745894916,42D6390000000000,CB53B701,F7EDB333,929D0000,12000000,4C000000,EAF5FFFF,D1270000,D1E2FFFF,58F1FFFF,D6D9FFFF,42D6390000000000CB53B701F7EDB333929D0000120000004C000000EAF5FFFFD1270000D1E2FFFF58F1FFFFD6D9FFFF
1786745894916,A6D6390000000000,CB53B701,F7EDB333,929D0000,12000000,4C000000,EAF5FFFF,D1270000,D1E2FFFF,58F1FFFF,D6D9FFFF,A6D6390000000000CB53B701F7EDB333929D0000120000004C000000EAF5FFFFD1270000D1E2FFFF58F1FFFFD6D9FFFF
1786745894916,0AD7390000000000,CB53B701,F7EDB333,929D0000,12000000,4C000000,E9F5FFFF,D1270000,D1E2FFFF,58F1FFFF,D5D9FFFF,0AD7390000000000CB53B701F7EDB333929D0000120000004C000000E9F5FFFFD1270000D1E2FFFF58F1FFFFD5D9FFFF
1786745894916,6ED7390000000000,CB53B701,F7EDB333,929D0000,12000000,4C000000,EAF5FFFF,D1270000,D1E2FFFF,58F1FFFF,D6D9FFFF,6ED7390000000000CB53B701F7EDB333929D0000120000004C000000EAF5FFFFD1270000D1E2FFFF58F1FFFFD6D9FFFF
1786745894916,D3D7390000000000,CB53B701,F7EDB333,929D0000,12000000,4C000000,EAF5FFFF,D1270000,D1E2FFFF,58F1FFFF,D6D9FFFF,D3D7390000000000CB53B701F7EDB333929D0000120000004C000000EAF5FFFFD1270000D1E2FFFF58F1FFFFD6D9FFFF
1786745894916,37D8390000000000,CB53B701,F7EDB333,929D0000,12000000,4C000000,EAF5FFFF,D1270000,D1E2FFFF,58F1FFFF,D6D9FFFF,37D8390000000000CB53B701F7EDB333929D0000120000004C000000EAF5FFFFD1270000D1E2FFFF58F1FFFFD6D9FFFF
1786745894916,9BD8390000000000,CB53B701,F7EDB333,929D0000,12000000,4C000000,EAF5FFFF,D1270000,D1E2FFFF,58F1FFFF,D6D9FFFF,9BD8390000000000CB53B701F7EDB333929D0000120000004C000000EAF5FFFFD1270000D1E2FFFF58F1FFFFD6D9FFFF
1786745895916,01D9390000000000,CB53B701,F7EDB333,929D0000,12000000,4C000000,EAF5FFFF,D1270000,D1E2FFFF,58F1FFFF,D6D9FFFF,01D9390000000000CB53B701F7EDB333929D0000120000004C000000EAF5FFFFD1270000D1E2FFFF58F1FFFFD6D9FFFF
1786745895916,63D9390000000000,CB53B701,F7EDB333,929D0000,12000000,4C000000,EAF5FFFF,D1270000,D1E2FFFF,58F1FFFF,D6D9FFFF,63D9390000000000CB53B701F7EDB333929D0000120000004C000000EAF5FFFFD1270000D1E2FFFF58F1FFFFD6D9FFFF
1786745895916,C7D9390000000000,CB53B701,F7EDB333,929D0000,12000000,4C000000,EBF5FFFF,D1270000,D1E2FFFF,58F1FFFF,D7D9FFFF,C7D9390000000000CB53B701F7EDB333929D0000120000004C000000EBF5FFFFD1270000D1E2FFFF58F1FFFFD7D9FFFF
1786745895916,2BDA390000000000,CB53B701,F7EDB333,929D0000,12000000,4C000000,ECF5FFFF,D1270000,D1E2FFFF,58F1FFFF,D8D9FFFF,2BDA390000000000CB53B701F7EDB333929D0000120000004C000000ECF5FFFFD1270000D1E2FFFF58F1FFFFD8D9FFFF
1786745895916,8FDA390000000000,CB53B701,F7EDB333,929D0000,12000000,4C000000,EDF5FFFF,D1270000,D1E2FFFF,58F1FFFF,D9D9FFFF,8FDA390000000000CB53B701F7EDB333929D0000120000004C000000EDF5FFFFD1270000D1E2FFFF58F1FFFFD9D9FFFF
1786745895916,F4DA390000000000,CB53B701,F7EDB333,929D0000,12000000,4C000000,EFF5FFFF,D1270000,D1E2FFFF,58F1FFFF,DBD9FFFF,F4DA390000000000CB53B701F7EDB333929D0000120000004C000000EFF5FFFFD1270000D1E2FFFF58F1FFFFDBD9FFFF
1786745895916,58DB390000000000,CB53B701,F7EDB333,929D0000,12000000,4C000000,EFF5FFFF,D1270000,D1E2FFFF,58F1FFFF,DBD9FFFF,58DB390000000000CB53B701F7EDB333929D0000120000004C000000EFF5FFFFD1270000D1E2FFFF58F1FFFFDBD9FFFF
1786745895916,BCDB390000000000,CB53B701,F7EDB333,929D0000,12000000,4C000000,F1F5FFFF,D1270000,D1E2FFFF,58F1FFFF,DDD9FFFF,BCDB390000000000CB53B701F7EDB333929D0000120000004C000000F1F5FFFFD1270000D1E2FFFF58F1FFFFDDD9FFFF
1786745895916,20DC390000000000,CB53B701,F7EDB333,929D0000,12000000,4C000000,F4F5FFFF,D1270000,D1E2FFFF,58F1FFFF,E0D9FFFF,20DC390000000000CB53B701F7EDB333929D0000120000004C000000F4F5FFFFD1270000D1E2FFFF58F1FFFFE0D9FFFF
1786745895916,84DC390000000000,CB53B701,F7EDB333,929D0000,12000000,4C000000,F3F5FFFF,D1270000,D1E2FFFF,58F1FFFF,DFD9FFFF,84DC390000000000CB53B701F7EDB333929D0000120000004C000000F3F5FFFFD1270000D1E2FFFF58F1FFFFDFD9FFFF
1786745896916,E9DC390000000000,CB53B701,F7EDB333,929D0000,12000000,4C000000,EFF5FFFF,D1270000,D1E2FFFF,58F1FFFF,DBD9FFFF,E9DC390000000000CB53B701F7EDB333929D0000120000004C000000EFF5FFFFD1270000D1E2FFFF58F1FFFFDBD9FFFF
1786745896916,4CDD390000000000,CB53B701,F7EDB333,929D0000,12000000,4C000000,E7F5FFFF,D1270000,D1E2FFFF,58F1FFFF,D3D9FFFF,4CDD390000000000CB53B701F7EDB333929D0000120000004C000000E7F5FFFFD1270000D1E2FFFF58F1FFFFD3D9FFFF
1786745896916,B0DD390000000000,CB53B701,F7EDB333,929D0000,12000000,4C000000,D8F5FFFF,D1270000,D1E2FFFF,58F1FFFF,C4D9FFFF,B0DD390000000000CB53B701F7EDB333929D0000120000004C000000D8F5FFFFD1270000D1E2FFFF58F1FFFFC4D9FFFF
1786745896916,15DE390000000000,CB53B701,F7EDB333,929D0000,12000000,4C000000,C1F5FFFF,D1270000,D1E2FFFF,58F1FFFF,ADD9FFFF,15DE390000000000CB53B701F7EDB333929D0000120000004C000000C1F5FFFFD1270000D1E2FFFF58F1FFFFADD9FFFF
1786745896916,79DE390000000000,CB53B701,F7EDB333,929D0000,12000000,4C000000,A3F5FFFF,D1270000,D1E2FFFF,58F1FFFF,8FD9FFFF,79DE390000000000CB53B701F7EDB333929D0000120000004C000000A3F5FFFFD1270000D1E2FFFF58F1FFFF8FD9FFFF
1786745896916,DDDE390000000000,C953B701,F9EDB333,929D0000,12000000,4C000000,83F5FFFF,D1270000,CEE2FFFF,58F1FFFF,6FD9FFFF,DDDE390000000000C953B701F9EDB333929D0000120000004C00000083F5FFFFD1270000CEE2FFFF58F1FFFF6FD9FFFF
1786745896916,41DF390000000000,C853B701,FCEDB333,929D0000,12000000,4C000000,5EF5FFFF,D0270000,CCE2FFFF,57F1FFFF,4AD9FFFF,41DF390000000000C853B701FCEDB333929D0000120000004C0000005EF5FFFFD0270000CCE2FFFF57F1FFFF4AD9FFFF
1786745896916,A5DF390000000000,C653B701,00EEB333,929D0000,12000000,4C000000,3AF5FFFF,CF270000,C6E2FFFF,56F1FFFF,26D9FFFF,A5DF390000000000C653B70100EEB333929D0000120000004C0000003AF5FFFFCF270000C6E2FFFF56F1FFFF26D9FFFF
1786745896916,09E0390000000000,C353B701,05EEB333,929D0000,12000000,4C000000,12F5FFFF,CE270000,C1E2FFFF,55F1FFFF,FED8FFFF,09E0390000000000C353B70105EEB333929D0000120000004C00000012F5FFFFCE270000C1E2FFFF55F1FFFFFED8FFFF
1786745896916,6DE0390000000000,BF53B701,0DEEB333,929D0000,12000000,4C000000,E9F4FFFF,CD270000,B9E2FFFF,53F1FFFF,D5D8FFFF,6DE0390000000000BF53B7010DEEB333929D0000120000004C000000E9F4FFFFCD270000B9E2FFFF53F1FFFFD5D8FFFF
1786745897916,D1E0390000000000,BB53B701,14EEB333,929D0000,12000000,4C000000,BDF4FFFF,CB270000,B1E2FFFF,52F1FFFF,A9D8FFFF,D1E0390000000000BB53B70114EEB333929D0000120000004C000000BDF4FFFFCB270000B1E2FFFF52F1FFFFA9D8FFFF
1786745897916,36E1390000000000,B753B701,1BEEB333,929D0000,12000000,4C000000,99F4FFFF,CA270000,A9E2FFFF,50F1FFFF,85D8FFFF,36E1390000000000B753B7011BEEB333929D0000120000004C00000099F4FFFFCA270000A9E2FFFF50F1FFFF85D8FFFF
1786745897916,9AE1390000000000,B253B701,24EEB333,929D0000,12000000,4C000000,6FF4FFFF,C8270000,9EE2FFFF,4EF1FFFF,5BD8FFFF,9AE1390000000000B253B70124EEB333929D0000120000004C0000006FF4FFFFC82700009EE2FFFF4EF1FFFF5BD8FFFF
1786745897916,FEE1390000000000,AD53B701,2EEEB333,929D0000,12000000,4C000000,43F4FFFF,C5270000,94E2FFFF,4CF1FFFF,2FD8FFFF,FEE1390000000000AD53B7012EEEB333929D0000120000004C00000043F4FFFFC527000094E2FFFF4CF1FFFF2FD8FFFF
1786745897916,62E2390000000000,A753B701,37EEB333,929D0000,12000000,4C000000,19F4FFFF,C3270000,89E2FFFF,49F1FFFF,05D8FFFF,62E2390000000000A753B70137EEB333929D0000120000004C00000019F4FFFFC327000089E2FFFF49F1FFFF05D8FFFF
1786745897916,C6E2390000000000,A253B701,40EEB333,929D0000,12000000,4C000000,F8F3FFFF,C1270000,7FE2FFFF,47F1FFFF,E4D7FFFF,C6E2390000000000A253B70140EEB333929D0000120000004C000000F8F3FFFFC12700007FE2FFFF47F1FFFFE4D7FFFF
1786745897916,2BE3390000000000,9C53B701,4AEEB333,929D0000,12000000,4C000000,D6F3FFFF,BE270000,74E2FFFF,45F1FFFF,C2D7FFFF,2BE33900000000009C53B7014AEEB333929D0000120000004C000000D6F3FFFFBE27000074E2FFFF45F1FFFFC2D7FFFF
1786745897916,8EE3390000000000,9753B701,53EEB333,929D0000,12000000,4C000000,C0F3FFFF,BC270000,69E2FFFF,42F1FFFF,ACD7FFFF,8EE33900000000009753B70153EEB333929D0000120000004C000000C0F3FFFFBC27000069E2FFFF42F1FFFFACD7FFFF
1786745897916,F2E3390000000000,9153B701,5CEEB333,929D0000,12000000,4C000000,B2F3FFFF,B9270000,5FE2FFFF,40F1FFFF,9ED7FFFF,F2E33900000000009153B7015CEEB333929D0000120000004C000000B2F3FFFFB92700005FE2FFFF40F1FFFF9ED7FFFF
1786745897916,57E4390000000000,8B53B701,66EEB333,929D0000,12000000,4C000000,9CF3FFFF,B7270000,54E2FFFF,3EF1FFFF,88D7FFFF,57E43900000000008B53B70166EEB333929D0000120000004C0000009CF3FFFFB727000054E2FFFF3EF1FFFF88D7FFFF
1786745898916,BBE4390000000000,8553B701,6FEEB333,929D0000,12000000,4C000000,88F3FFFF,B4270000,4AE2FFFF,3BF1FFFF,74D7FFFF,BBE43900000000008553B7016FEEB333929D0000120000004C00000088F3FFFFB42700004AE2FFFF3BF1FFFF74D7FFFF
1786745898916,1FE5390000000000,8053B701,78EEB333,929D0000,12000000,4C000000,7DF3FFFF,B1270000,3FE2FFFF,39F1FFFF,69D7FFFF,1FE53900000000008053B70178EEB333929D0000120000004C0000007DF3FFFFB12700003FE2FFFF39F1FFFF69D7FFFF
1786745898916,83E5390000000000,7A53B701,81EEB333,929D0000,12000000,4C000000,6EF3FFFF,AF270000,34E2FFFF,37F1FFFF,5AD7FFFF,83E53900000000007A53B70181EEB333929D0000120000004C0000006EF3FFFFAF27000034E2FFFF37F1FFFF5AD7FFFF
1786745898916,E7E5390000000000,7653B701,88EEB333,929D0000,12000000,4C000000,5BF3FFFF,AD270000,2DE2FFFF,35F1FFFF,47D7FFFF,E7E53900000000007653B70188EEB333929D0000120000004C0000005BF3FFFFAD2700002DE2FFFF35F1FFFF47D7FFFF
1786745898916,4BE6390000000000,7153B701,8FEEB333,929D0000,12000000,4C000000,52F3FFFF,AB270000,25E2FFFF,33F1FFFF,3ED7FFFF,4BE63900000000007153B7018FEEB333929D0000120000004C00000052F3FFFFAB27000025E2FFFF33F1FFFF3ED7FFFF
1786745898916,AFE6390000000000,6D53B701,96EEB333,929D0000,12000000,4C000000,4BF3FFFF,A9270000,1DE2FFFF,32F1FFFF,37D7FFFF,AFE63900000000006D53B70196EEB333929D0000120000004C0000004BF3FFFFA92700001DE2FFFF32F1FFFF37D7FFFF
1786745898916,14E7390000000000,6953B701,9DEEB333,929D0000,12000000,4C000000,3EF3FFFF,A7270000,15E2FFFF,30F1FFFF,2AD7FFFF,14E73900000000006953B7019DEEB333929D0000120000004C0000003EF3FFFFA727000015E2FFFF30F1FFFF2AD7FFFF
1786745898916,78E7390000000000,6453B701,A4EEB333,929D0000,12000000,4C000000,34F3FFFF,A5270000,0DE2FFFF,2EF1FFFF,20D7FFFF,78E73900000000006453B701A4EEB333929D0000120000004C00000034F3FFFFA52700000DE2FFFF2EF1FFFF20D7FFFF
1786745898916,DCE7390000000000,6053B701,ABEEB333,929D0000,12000000,4C000000,2DF3FFFF,A3270000,05E2FFFF,2DF1FFFF,19D7FFFF,DCE73900000000006053B701ABEEB333929D0000120000004C0000002DF3FFFFA327000005E2FFFF2DF1FFFF19D7FFFF
1786745898916,40E8390000000000,5B53B701,B2EEB333,929D0000,12000000,4C000000,24F3FFFF,A1270000,FDE1FFFF,2BF1FFFF,10D7FFFF,40E83900000000005B53B701B2EEB333929D0000120000004C00000024F3FFFFA1270000FDE1FFFF2BF1FFFF10D7FFFF
1786745899916,A4E8390000000000,5753B701,B9EEB333,929D0000,12000000,4C000000,1EF3FFFF,9F270000,F5E1FFFF,29F1FFFF,0AD7FFFF,A4E83900000000005753B701B9EEB333929D0000120000004C0000001EF3FFFF9F270000F5E1FFFF29F1FFFF0AD7FFFF
1786745899916,08E9390000000000,5353B701,BFEEB333,929D0000,12000000,4C000000,1AF3FFFF,9C270000,EDE1FFFF,28F1FFFF,06D7FFFF,08E93900000000005353B701BFEEB333929D0000120000004C0000001AF3FFFF9C270000EDE1FFFF28F1FFFF06D7FFFF
1786745899916,6DE9390000000000,4E53B701,C6EEB333,929D0000,12000000,4C000000,19F3FFFF,9A270000,E6E1FFFF,26F1FFFF,05D7FFFF,6DE93900000000004E53B701C6EEB333929D0000120000004C00000019F3FFFF9A270000E6E1FFFF26F1FFFF05D7FFFF
1786745899916,D0E9390000000000,4A53B701,CDEEB333,929D0000,12000000,4C000000,19F3FFFF,98270000,DEE1FFFF,24F1FFFF,05D7FFFF,D0E93900000000004A53B701CDEEB333929D0000120000004C00000019F3FFFF98270000DEE1FFFF24F1FFFF05D7FFFF
1786745899916,35EA390000000000,4553B701,D4EEB333,929D0000,12000000,4C000000,1AF3FFFF,96270000,D6E1FFFF,23F1FFFF,06D7FFFF,35EA3900000000004553B701D4EEB333929D0000120000004C0000001AF3FFFF96270000D6E1FFFF23F1FFFF06D7FFFF
1786745899916,99EA390000000000,4153B701,DBEEB333,929D0000,12000000,4C000000,18F3FFFF,94270000,CEE1FFFF,21F1FFFF,04D7FFFF,99EA3900000000004153B701DBEEB333929D0000120000004C00000018F3FFFF94270000CEE1FFFF21F1FFFF04D7FFFF
1786745899916,FDEA390000000000,3D53B701,E2EEB333,929D0000,12000000,4C000000,19F3FFFF,92270000,C6E1FFFF,1FF1FFFF,05D7FFFF,FDEA3900000000003D53B701E2EEB333929D0000120000004C00000019F3FFFF92270000C6E1FFFF1FF1FFFF05D7FFFF
1786745899916,61EB390000000000,3853B701,E9EEB333,929D0000,12000000,4C000000,21F3FFFF,90270000,BEE1FFFF,1EF1FFFF,0DD7FFFF,61EB3900000000003853B701E9EEB333929D0000120000004C00000021F3FFFF90270000BEE1FFFF1EF1FFFF0DD7FFFF
1786745899916,C5EB390000000000,3453B701,F0EEB333,929D0000,12000000,4C000000,2BF3FFFF,8E270000,B6E1FFFF,1CF1FFFF,17D7FFFF,C5EB3900000000003453B701F0EEB333929D0000120000004C0000002BF3FFFF8E270000B6E1FFFF1CF1FFFF17D7FFFF
1786745899916,29EC390000000000,2F53B701,F6EEB333,929D0000,12000000,4C000000,31F3FFFF,8C270000,AEE1FFFF,1BF1FFFF,1DD7FFFF,29EC3900000000002F53B701F6EEB333929D0000120000004C00000031F3FFFF8C270000AEE1FFFF1BF1FFFF1DD7FFFF
1786745900916,8EEC390000000000,2B53B701,FDEEB333,929D0000,12000000,4C000000,39F3FFFF,89270000,A6E1FFFF,19F1FFFF,25D7FFFF,8EEC3900000000002B53B701FDEEB333929D0000120000004C00000039F3FFFF89270000A6E1FFFF19F1FFFF25D7FFFF
1786745900916,F1EC390000000000,2653B701,04EFB333,929D0000,12000000,4C000000,44F3FFFF,87270000,9EE1FFFF,17F1FFFF,30D7FFFF,F1EC3900000000002653B70104EFB333929D0000120000004C00000044F3FFFF872700009EE1FFFF17F1FFFF30D7FFFF
1786745900916,56ED390000000000,2253B701,0BEFB333,929D0000,12000000,4C000000,4CF3FFFF,85270000,96E1FFFF,16F1FFFF,38D7FFFF,56ED3900000000002253B7010BEFB333929D0000120000004C0000004CF3FFFF8527000096E1FFFF16F1FFFF38D7FFFF
1786745900916,BAED390000000000,1E53B701,12EFB333,929D0000,12000000,4C000000,55F3FFFF,83270000,8FE1FFFF,14F1FFFF,41D7FFFF,BAED3900000000001E53B70112EFB333929D0000120000004C00000055F3FFFF832700008FE1FFFF14F1FFFF41D7FFFF
1786745900916,1EEE390000000000,1953B701,19EFB333,929D0000,12000000,4C000000,5EF3FFFF,81270000,87E1FFFF,13F1FFFF,4AD7FFFF,1EEE3900000000001953B70119EFB333929D0000120000004C0000005EF3FFFF8127000087E1FFFF13F1FFFF4AD7FFFF
1786745900916,82EE390000000000,1553B701,20EFB333,929D0000,12000000,4C000000,69F3FFFF,7F270000,7FE1FFFF,11F1FFFF,55D7FFFF,82EE3900000000001553B70120EFB333929D0000120000004C00000069F3FFFF7F2700007FE1FFFF11F1FFFF55D7FFFF
1786745900916,E6EE390000000000,1253B701,25EFB333,929D0000,12000000,4C000000,73F3FFFF,7E270000,79E1FFFF,10F1FFFF,5FD7FFFF,E6EE3900000000001253B70125EFB333929D0000120000004C00000073F3FFFF7E27000079E1FFFF10F1FFFF5FD7FFFF
1786745900916,4BEF390000000000,0F53B701,29EFB333,929D0000,12000000,4C000000,7DF3FFFF,7D270000,74E1FFFF,0FF1FFFF,69D7FFFF,4BEF3900000000000F53B70129EFB333929D0000120000004C0000007DF3FFFF7D27000074E1FFFF0FF1FFFF69D7FFFF
1786745900916,AFEF390000000000,0C53B701,2EEFB333,929D0000,12000000,4C000000,89F3FFFF,7B270000,6FE1FFFF,0EF1FFFF,75D7FFFF,AFEF3900000000000C53B7012EEFB333929D0000120000004C00000089F3FFFF7B2700006FE1FFFF0EF1FFFF75D7FFFF
1786745900916,13F0390000000000,0A53B701,33EFB333,929D0000,12000000,4C000000,94F3FFFF,7A270000,69E1FFFF,0DF1FFFF,80D7FFFF,13F03900000000000A53B70133EFB333929D0000120000004C00000094F3FFFF7A27000069E1FFFF0DF1FFFF80D7FFFF
1786745901916,77F0390000000000,0753B701,37EFB333,929D0000,12000000,4C000000,A5F3FFFF,79270000,64E1FFFF,0CF1FFFF,91D7FFFF,77F03900000000000753B70137EFB333929D0000120000004C000000A5F3FFFF7927000064E1FFFF0CF1FFFF91D7FFFF
1786745901916,DBF0390000000000,0453B701,3CEFB333,929D0000,12000000,4C000000,BCF3FFFF,78270000,5FE1FFFF,0BF1FFFF,A8D7FFFF,DBF03900000000000453B7013CEFB333929D0000120000004C000000BCF3FFFF782700005FE1FFFF0BF1FFFFA8D7FFFF
1786745901916,3FF1390000000000,0153B701,41EFB333,929D0000,12000000,4C000000,CBF3FFFF,76270000,5AE1FFFF,0AF1FFFF,B7D7FFFF,3FF13900000000000153B70141EFB333929D0000120000004C000000CBF3FFFF762700005AE1FFFF0AF1FFFFB7D7FFFF
1786745901916,A3F1390000000000,FE52B701,45EFB333,929D0000,12000000,4C000000,D7F3FFFF,75270000,54E1FFFF,09F1FFFF,C3D7FFFF,A3F1390000000000FE52B70145EFB333929D0000120000004C000000D7F3FFFF7527000054E1FFFF09F1FFFFC3D7FFFF
1786745901916,07F2390000000000,FB52B701,4AEFB333,929D0000,12000000,4C000000,E8F3FFFF,74270000,4FE1FFFF,08F1FFFF,D4D7FFFF,07F2390000000000FB52B7014AEFB333929D0000120000004C000000E8F3FFFF742700004FE1FFFF08F1FFFFD4D7FFFF
1786745901916,6BF2390000000000,F952B701,4FEFB333,929D0000,12000000,4C000000,F7F3FFFF,73270000,49E1FFFF,07F1FFFF,E3D7FFFF,6BF2390000000000F952B7014FEFB333929D0000120000004C000000F7F3FFFF7327000049E1FFFF07F1FFFFE3D7FFFF
1786745901916,D0F2390000000000,F652B701,53EFB333,929D0000,12000000,4C000000,02F4FFFF,71270000,44E1FFFF,06F1FFFF,EED7FFFF,D0F2390000000000F652B70153EFB333929D0000120000004C00000002F4FFFF7127000044E1FFFF06F1FFFFEED7FFFF
1786745901916,34F3390000000000,F352B701,58EFB333,929D0000,12000000,4C000000,0FF4FFFF,70270000,3FE1FFFF,05F1FFFF,FBD7FFFF,34F3390000000000F352B70158EFB333929D0000120000004C0000000FF4FFFF702700003FE1FFFF05F1FFFFFBD7FFFF
1786745901916,98F3390000000000,F052B701,5DEFB333,929D0000,12000000,4C000000,19F4FFFF,6F270000,3AE1FFFF,04F1FFFF,05D8FFFF,98F3390000000000F052B7015DEFB333929D0000120000004C00000019F4FFFF6F2700003AE1FFFF04F1FFFF05D8FFFF
1786745901916,FCF3390000000000,EE52B701,61EFB333,929D0000,12000000,4C000000,1EF4FFFF,6E270000,34E1FFFF,03F1FFFF,0AD8FFFF,FCF3390000000000EE52B70161EFB333929D0000120000004C0000001EF4FFFF6E27000034E1FFFF03F1FFFF0AD8FFFF
1786745902916,60F4390000000000,EB52B701,66EFB333,929D0000,12000000,4C000000,23F4FFFF,6D270000,2FE1FFFF,02F1FFFF,0FD8FFFF,60F4390000000000EB52B70166EFB333929D0000120000004C00000023F4FFFF6D2700002FE1FFFF02F1FFFF0FD8FFFF
1786745902916,C4F4390000000000,E852B701,6BEFB333,929D0000,12000000,4C000000,26F4FFFF,6C270000,29E1FFFF,01F1FFFF,12D8FFFF,C4F4390000000000E852B7016BEFB333929D0000120000004C00000026F4FFFF6C27000029E1FFFF01F1FFFF12D8FFFF
1786745902916,28F5390000000000,E552B701,70EFB333,929D0000,12000000,4C000000,2AF4FFFF,6A270000,24E1FFFF,00F1FFFF,16D8FFFF,28F5390000000000E552B70170EFB333929D0000120000004C0000002AF4FFFF6A27000024E1FFFF00F1FFFF16D8FFFF
1786745902916,8CF5390000000000,E352B701,74EFB333,929D0000,12000000,4C000000,2DF4FFFF,69270000,1FE1FFFF,FFF0FFFF,19D8FFFF,8CF5390000000000E352B70174EFB333929D0000120000004C0000002DF4FFFF692700001FE1FFFFFFF0FFFF19D8FFFF
1786745902916,F1F5390000000000,E052B701,79EFB333,929D0000,12000000,4C000000,30F4FFFF,68270000,1AE1FFFF,FEF0FFFF,1CD8FFFF,F1F5390000000000E052B70179EFB333929D0000120000004C00000030F4FFFF682700001AE1FFFFFEF0FFFF1CD8FFFF
1786745902916,55F6390000000000,DF52B701,7BEFB333,929D0000,12000000,4C000000,2FF4FFFF,68270000,17E1FFFF,FDF0FFFF,1BD8FFFF,55F6390000000000DF52B7017BEFB333929D0000120000004C0000002FF4FFFF6827000017E1FFFFFDF0FFFF1BD8FFFF
1786745902916,B9F6390000000000,DD52B701,7EEFB333,929D0000,12000000,4C000000,2EF4FFFF,67270000,14E1FFFF,FDF0FFFF,1AD8FFFF,B9F6390000000000DD52B7017EEFB333929D0000120000004C0000002EF4FFFF6727000014E1FFFFFDF0FFFF1AD8FFFF
1786745902916,1DF7390000000000,DC52B701,80EFB333,929D0000,12000000,4C000000,2DF4FFFF,66270000,12E1FFFF,FCF0FFFF,19D8FFFF,1DF7390000000000DC52B70180EFB333929D0000120000004C0000002DF4FFFF6627000012E1FFFFFCF0FFFF19D8FFFF
1786745902916,81F7390000000000,DA52B701,83EFB333,929D0000,12000000,4C000000,2CF4FFFF,66270000,0FE1FFFF,FCF0FFFF,18D8FFFF,81F7390000000000DA52B70183EFB333929D0000120000004C0000002CF4FFFF662700000FE1FFFFFCF0FFFF18D8FFFF
1786745902916,E5F7390000000000,DA52B701,83EFB333,929D0000,12000000,4C000000,32F4FFFF,66270000,0FE1FFFF,FCF0FFFF,1ED8FFFF,E5F7390000000000DA52B70183EFB333929D0000120000004C00000032F4FFFF662700000FE1FFFFFCF0FFFF1ED8FFFF
1786745903916,49F8390000000000,DA52B701,83EFB333,929D0000,12000000,4C000000,33F4FFFF,66270000,0FE1FFFF,FCF0FFFF,1FD8FFFF,49F8390000000000DA52B70183EFB333929D0000120000004C00000033F4FFFF662700000FE1FFFFFCF0FFFF1FD8FFFF
1786745903916,ADF8390000000000,DA52B701,83EFB333,929D0000,12000000,4C000000,2FF4FFFF,66270000,0FE1FFFF,FCF0FFFF,1BD8FFFF,ADF8390000000000DA52B70183EFB333929D0000120000004C0000002FF4FFFF662700000FE1FFFFFCF0FFFF1BD8FFFF
1786745903916,12F9390000000000,DA52B701,83EFB333,929D0000,12000000,4C000000,2FF4FFFF,66270000,0FE1FFFF,FCF0FFFF,1BD8FFFF,12F9390000000000DA52B70183EFB333929D0000120000004C0000002FF4FFFF662700000FE1FFFFFCF0FFFF1BD8FFFF
1786745903916,76F9390000000000,DA52B701,83EFB333,929D0000,12000000,4C000000,2FF4FFFF,66270000,0FE1FFFF,FCF0FFFF,1BD8FFFF,76F9390000000000DA52B70183EFB333929D0000120000004C0000002FF4FFFF662700000FE1FFFFFCF0FFFF1BD8FFFF
1786745903916,DAF9390000000000,DA52B701,83EFB333,929D0000,12000000,4C000000,2FF4FFFF,66270000,0FE1FFFF,FCF0FFFF,1BD8FFFF,DAF9390000000000DA52B70183EFB333929D0000120000004C0000002FF4FFFF662700000FE1FFFFFCF0FFFF1BD8FFFF
1786745903916,3EFA390000000000,DA52B701,83EFB333,929D0000,12000000,4C000000,2FF4FFFF,66270000,0FE1FFFF,FCF0FFFF,1BD8FFFF,3EFA390000000000DA52B70183EFB333929D0000120000004C0000002FF4FFFF662700000FE1FFFFFCF0FFFF1BD8FFFF
1786745903916,A2FA390000000000,DA52B701,83EFB333,929D0000,12000000,4C000000,2FF4FFFF,66270000,0FE1FFFF,FCF0FFFF,1BD8FFFF,A2FA390000000000DA52B70183EFB333929D0000120000004C0000002FF4FFFF662700000FE1FFFFFCF0FFFF1BD8FFFF
1786745903916,06FB390000000000,DA52B701,83EFB333,929D0000,12000000,4C000000,2FF4FFFF,66270000,0FE1FFFF,FCF0FFFF,1BD8FFFF,06FB390000000000DA52B70183EFB333929D0000120000004C0000002FF4FFFF662700000FE1FFFFFCF0FFFF1BD8FFFF
1786745903916,6AFB390000000000,DA52B701,83EFB333,929D0000,12000000,4C000000,2FF4FFFF,66270000,0FE1FFFF,FCF0FFFF,1BD8FFFF,6AFB390000000000DA52B70183EFB333929D0000120000004C0000002FF4FFFF662700000FE1FFFFFCF0FFFF1BD8FFFF
1786745903916,CFFB390000000000,DA52B701,83EFB333,929D0000,12000000,4C000000,2FF4FFFF,66270000,0FE1FFFF,FCF0FFFF,1BD8FFFF,CFFB390000000000DA52B70183EFB333929D0000120000004C0000002FF4FFFF662700000FE1FFFFFCF0FFFF1BD8FFFF
1786745904916,33FC390000000000,DA52B701,83EFB333,929D0000,12000000,4C000000,2FF4FFFF,66270000,0FE1FFFF,FCF0FFFF,1BD8FFFF,33FC390000000000DA52B70183EFB333929D0000120000004C0000002FF4FFFF662700000FE1FFFFFCF0FFFF1BD8FFFF
1786745904916,97FC390000000000,DA52B701,83EFB333,929D0000,12000000,4C000000,2FF4FFFF,66270000,0FE1FFFF,FCF0FFFF,1BD8FFFF,97FC390000000000DA52B70183EFB333929D0000120000004C0000002FF4FFFF662700000FE1FFFFFCF0FFFF1BD8FFFF
1786745904916,FBFC390000000000,DA52B701,83EFB333,929D0000,12000000,4C000000,2FF4FFFF,66270000,0FE1FFFF,FCF0FFFF,1BD8FFFF,FBFC390000000000DA52B70183EFB333929D0000120000004C0000002FF4FFFF662700000FE1FFFFFCF0FFFF1BD8FFFF
1786745904916,5FFD390000000000,DA52B701,83EFB333,929D0000,12000000,4C000000,2EF4FFFF,66270000,0FE1FFFF,FCF0FFFF,1AD8FFFF,5FFD390000000000DA52B70183EFB333929D0000120000004C0000002EF4FFFF662700000FE1FFFFFCF0FFFF1AD8FFFF
1786745904916,C3FD390000000000,DA52B701,83EFB333,929D0000,12000000,4C000000,2FF4FFFF,66270000,0FE1FFFF,FCF0FFFF,1BD8FFFF,C3FD390000000000DA52B70183EFB333929D0000120000004C0000002FF4FFFF662700000FE1FFFFFCF0FFFF1BD8FFFF
1786745904916,27FE390000000000,DA52B701,83EFB333,929D0000,12000000,4C000000,2FF4FFFF,66270000,0FE1FFFF,FCF0FFFF,1BD8FFFF,27FE390000000000DA52B70183EFB333929D0000120000004C0000002FF4FFFF662700000FE1FFFFFCF0FFFF1BD8FFFF
1786745904916,8BFE390000000000,DA52B701,83EFB333,929D0000,12000000,4C000000,2FF4FFFF,66270000,0FE1FFFF,FCF0FFFF,1BD8FFFF,8BFE390000000000DA52B70183EFB333929D0000120000004C0000002FF4FFFF662700000FE1FFFFFCF0FFFF1BD8FFFF
1786745904916,F0FE390000000000,DA52B701,83EFB333,929D0000,12000000,4C000000,2FF4FFFF,66270000,0FE1FFFF,FCF0FFFF,1BD8FFFF,F0FE390000000000DA52B70183EFB333929D0000120000004C0000002FF4FFFF662700000FE1FFFFFCF0FFFF1BD8FFFF
1786745904916,54FF390000000000,DA52B701,83EFB333,929D0000,12000000,4C000000,2FF4FFFF,66270000,0FE1FFFF,FCF0FFFF,1BD8FFFF,54FF390000000000DA52B70183EFB333929D0000120000004C0000002FF4FFFF662700000FE1FFFFFCF0FFFF1BD8FFFF
1786745904916,B8FF390000000000,DA52B701,83EFB333,929D0000,12000000,4C000000,2FF4FFFF,66270000,0FE1FFFF,FCF0FFFF,1BD8FFFF,B8FF390000000000DA52B70183EFB333929D0000120000004C0000002FF4FFFF662700000FE1FFFFFCF0FFFF1BD8FFFF
1786745905916,1C003A0000000000,DA52B701,83EFB333,929D0000,12000000,4C000000,2FF4FFFF,66270000,0FE1FFFF,FCF0FFFF,1BD8FFFF,1C003A0000000000DA52B70183EFB333929D0000120000004C0000002FF4FFFF662700000FE1FFFFFCF0FFFF1BD8FFFF
1786745905916,80003A0000000000,DA52B701,83EFB333,929D0000,12000000,4C000000,2FF4FFFF,66270000,0FE1FFFF,FCF0FFFF,1BD8FFFF,80003A0000000000DA52B70183EFB333929D0000120000004C0000002FF4FFFF662700000FE1FFFFFCF0FFFF1BD8FFFF
1786745905916,E4003A0000000000,DA52B701,83EFB333,929D0000,12000000,4C000000,2FF4FFFF,66270000,0FE1FFFF,FCF0FFFF,1BD8FFFF,E4003A0000000000DA52B70183EFB333929D0000120000004C0000002FF4FFFF662700000FE1FFFFFCF0FFFF1BD8FFFF
1786745905916,48013A0000000000,DA52B701,83EFB333,929D0000,12000000,4C000000,2EF4FFFF,66270000,0FE1FFFF,FCF0FFFF,1AD8FFFF,48013A0000000000DA52B70183EFB333929D0000120000004C0000002EF4FFFF662700000FE1FFFFFCF0FFFF1AD8FFFF
1786745905916,AC013A0000000000,DA52B701,83EFB333,929D0000,12000000,4C000000,2EF4FFFF,66270000,0FE1FFFF,FCF0FFFF,1AD8FFFF,AC013A0000000000DA52B70183EFB333929D0000120000004C0000002EF4FFFF662700000FE1FFFFFCF0FFFF1AD8FFFF
1786745905916,11023A0000000000,DA52B701,83EFB333,929D0000,12000000,4C000000,2FF4FFFF,66270000,0FE1FFFF,FCF0FFFF,1BD8FFFF,11023A0000000000DA52B70183EFB333929D0000120000004C0000002FF4FFFF662700000FE1FFFFFCF0FFFF1BD8FFFF
1786745905916,77023A0000000000,DA52B701,83EFB333,929D0000,12000000,4C000000,2FF4FFFF,66270000,0FE1FFFF,FCF0FFFF,1BD8FFFF,77023A0000000000DA52B70183EFB333929D0000120000004C0000002FF4FFFF662700000FE1FFFFFCF0FFFF1BD8FFFF
1786745905916,D9023A0000000000,DA52B701,83EFB333,929D0000,12000000,4C000000,2EF4FFFF,66270000,0FE1FFFF,FCF0FFFF,1AD8FFFF,D9023A0000000000DA52B70183EFB333929D0000120000004C0000002EF4FFFF662700000FE1FFFFFCF0FFFF1AD8FFFF
1786745905916,3D033A0000000000,DA52B701,83EFB333,929D0000,12000000,4C000000,2EF4FFFF,66270000,0FE1FFFF,FCF0FFFF,1AD8FFFF,3D033A0000000000DA52B70183EFB333929D0000120000004C0000002EF4FFFF662700000FE1FFFFFCF0FFFF1AD8FFFF
1786745905916,A1033A0000000000,DA52B701,83EFB333,929D0000,12000000,4C000000,2EF4FFFF,66270000,0FE1FFFF,FCF0FFFF,1AD8FFFF,A1033A0000000000DA52B70183EFB333929D0000120000004C0000002EF4FFFF662700000FE1FFFFFCF0FFFF1AD8FFFF
1786745906916,06043A0000000000,DA52B701,83EFB333,929D0000,12000000,4C000000,2EF4FFFF,66270000,0FE1FFFF,FCF0FFFF,1AD8FFFF,06043A0000000000DA52B70183EFB333929D0000120000004C0000002EF4FFFF662700000FE1FFFFFCF0FFFF1AD8FFFF
1786745906916,6A043A0000000000,DA52B701,83EFB333,929D0000,12000000,4C000000,2EF4FFFF,66270000,0FE1FFFF,FCF0FFFF,1AD8FFFF,6A043A0000000000DA52B70183EFB333929D0000120000004C0000002EF4FFFF662700000FE1FFFFFCF0FFFF1AD8FFFF
1786745906916,CE043A0000000000,DA52B701,83EFB333,929D0000,12000000,4C000000,2EF4FFFF,66270000,0FE1FFFF,FCF0FFFF,1AD8FFFF,CE043A0000000000DA52B70183EFB333929D0000120000004C0000002EF4FFFF662700000FE1FFFFFCF0FFFF1AD8FFFF
1786745906916,32053A0000000000,DA52B701,83EFB333,929D0000,12000000,4C000000,2EF4FFFF,66270000,0FE1FFFF,FCF0FFFF,1AD8FFFF,32053A0000000000DA52B70183EFB333929D0000120000004C0000002EF4FFFF662700000FE1FFFFFCF0FFFF1AD8FFFF
1786745906916,96053A0000000000,DA52B701,83EFB333,929D0000,12000000,4C000000,2EF4FFFF,66270000,0FE1FFFF,FCF0FFFF,1AD8FFFF,96053A0000000000DA52B70183EFB333929D0000120000004C0000002EF4FFFF662700000FE1FFFFFCF0FFFF1AD8FFFF
1786745906916,FA053A0000000000,DA52B701,83EFB333,929D0000,12000000,4C000000,2EF4FFFF,66270000,0FE1FFFF,FCF0FFFF,1AD8FFFF,FA053A0000000000DA52B70183EFB333929D0000120000004C0000002EF4FFFF662700000FE1FFFFFCF0FFFF1AD8FFFF
1786745906916,C3063A0000000000,DA52B701,83EFB333,929D0000,12000000,4C000000,2EF4FFFF,66270000,0FE1FFFF,FCF0FFFF,1AD8FFFF,C3063A0000000000DA52B70183EFB333929D0000120000004C0000002EF4FFFF662700000FE1FFFFFCF0FFFF1AD8FFFF
1786745906916,26073A0000000000,DA52B701,83EFB333,929D0000,12000000,4C000000,2EF4FFFF,66270000,0FE1FFFF,FCF0FFFF,1AD8FFFF,26073A0000000000DA52B70183EFB333929D0000120000004C0000002EF4FFFF662700000FE1FFFFFCF0FFFF1AD8FFFF
1786745906916,8B073A0000000000,DA52B701,83EFB333,929D0000,12000000,4C000000,2FF4FFFF,66270000,0FE1FFFF,FCF0FFFF,1BD8FFFF,8B073A0000000000DA52B70183EFB333929D0000120000004C0000002FF4FFFF662700000FE1FFFFFCF0FFFF1BD8FFFF
1786745907916,EF073A0000000000,DA52B701,83EFB333,929D0000,12000000,4C000000,2EF4FFFF,66270000,0FE1FFFF,FCF0FFFF,1AD8FFFF,EF073A0000000000DA52B70183EFB333929D0000120000004C0000002EF4FFFF662700000FE1FFFFFCF0FFFF1AD8FFFF
1786745907916,53083A0000000000,DA52B701,83EFB333,929D0000,12000000,4C000000,2EF4FFFF,66270000,0FE1FFFF,FCF0FFFF,1AD8FFFF,53083A0000000000DA52B70183EFB333929D0000120000004C0000002EF4FFFF662700000FE1FFFFFCF0FFFF1AD8FFFF
1786745907916,B7083A0000000000,DA52B701,83EFB333,929D0000,12000000,4C000000,2EF4FFFF,66270000,0FE1FFFF,FCF0FFFF,1AD8FFFF,B7083A0000000000DA52B70183EFB333929D0000120000004C0000002EF4FFFF662700000FE1FFFFFCF0FFFF1AD8FFFF
1786745907916,1B093A0000000000,DA52B701,83EFB333,929D0000,12000000,4C000000,2EF4FFFF,66270000,0FE1FFFF,FCF0FFFF,1AD8FFFF,1B093A0000000000DA52B70183EFB333929D0000120000004C0000002EF4FFFF662700000FE1FFFFFCF0FFFF1AD8FFFF
1786745907916,7F093A0000000000,DA52B701,83EFB333,929D0000,12000000,4C000000,2EF4FFFF,66270000,0FE1FFFF,FCF0FFFF,1AD8FFFF,7F093A0000000000DA52B70183EFB333929D0000120000004C0000002EF4FFFF662700000FE1FFFFFCF0FFFF1AD8FFFF
1786745907916,E3093A0000000000,DA52B701,83EFB333,929D0000,12000000,4C000000,2EF4FFFF,66270000,0FE1FFFF,FCF0FFFF,1AD8FFFF,E3093A0000000000DA52B70183EFB333929D0000120000004C0000002EF4FFFF662700000FE1FFFFFCF0FFFF1AD8FFFF
1786745907916,470A3A0000000000,DA52B701,83EFB333,929D0000,12000000,4C000000,2EF4FFFF,66270000,0FE1FFFF,FCF0FFFF,1AD8FFFF,470A3A0000000000DA52B70183EFB333929D0000120000004C0000002EF4FFFF662700000FE1FFFFFCF0FFFF1AD8FFFF
1786745907916,AC0A3A0000000000,DA52B701,83EFB333,929D0000,12000000,4C000000,2EF4FFFF,66270000,0FE1FFFF,FCF0FFFF,1AD8FFFF,AC0A3A0000000000DA52B70183EFB333929D0000120000004C0000002EF4FFFF662700000FE1FFFFFCF0FFFF1AD8FFFF
1786745907916,100B3A0000000000,DA52B701,83EFB333,929D0000,12000000,4C000000,2EF4FFFF,66270000,0FE1FFFF,FCF0FFFF,1AD8FFFF,100B3A0000000000DA52B70183EFB333929D0000120000004C0000002EF4FFFF662700000FE1FFFFFCF0FFFF1AD8FFFF
1786745907916,740B3A0000000000,DA52B701,83EFB333,929D0000,12000000,4C000000,2EF4FFFF,66270000,0FE1FFFF,FCF0FFFF,1AD8FFFF,740B3A0000000000DA52B70183EFB333929D0000120000004C0000002EF4FFFF662700000FE1FFFFFCF0FFFF1AD8FFFF
1786745908917,D80B3A0000000000,DA52B701,83EFB333,929D0000,12000000,4C000000,2EF4FFFF,66270000,0FE1FFFF,FCF0FFFF,1AD8FFFF,D80B3A0000000000DA52B70183EFB333929D0000120000004C0000002EF4FFFF662700000FE1FFFFFCF0FFFF1AD8FFFF
1786745908917,3C0C3A0000000000,DA52B701,83EFB333,929D0000,12000000,4C000000,2EF4FFFF,66270000,0FE1FFFF,FCF0FFFF,1AD8FFFF,3C0C3A0000000000DA52B70183EFB333929D0000120000004C0000002EF4FFFF662700000FE1FFFFFCF0FFFF1AD8FFFF
1786745908917,A00C3A0000000000,DA52B701,83EFB333,929D0000,12000000,4C000000,2EF4FFFF,66270000,0FE1FFFF,FCF0FFFF,1AD8FFFF,A00C3A0000000000DA52B70183EFB333929D0000120000004C0000002EF4FFFF662700000FE1FFFFFCF0FFFF1AD8FFFF
1786745908917,040D3A0000000000,DA52B701,83EFB333,929D0000,12000000,4C000000,2EF4FFFF,66270000,0FE1FFFF,FCF0FFFF,1AD8FFFF,040D3A0000000000DA52B70183EFB333929D0000120000004C0000002EF4FFFF662700000FE1FFFFFCF0FFFF1AD8FFFF
1786745908917,680D3A0000000000,DA52B701,83EFB333,929D0000,12000000,4C000000,2EF4FFFF,66270000,0FE1FFFF,FCF0FFFF,1AD8FFFF,680D3A0000000000DA52B70183EFB333929D0000120000004C0000002EF4FFFF662700000FE1FFFFFCF0FFFF1AD8FFFF
1786745908917,CD0D3A0000000000,DA52B701,83EFB333,929D0000,12000000,4C000000,2EF4FFFF,66270000,0FE1FFFF,FCF0FFFF,1AD8FFFF,CD0D3A0000000000DA52B70183EFB333929D0000120000004C0000002EF4FFFF662700000FE1FFFFFCF0FFFF1AD8FFFF
1786745908917,310E3A0000000000,DA52B701,83EFB333,929D0000,12000000,4C000000,2EF4FFFF,66270000,0FE1FFFF,FCF0FFFF,1AD8FFFF,310E3A0000000000DA52B70183EFB333929D0000120000004C0000002EF4FFFF662700000FE1FFFFFCF0FFFF1AD8FFFF
1786745908917,950E3A0000000000,DA52B701,83EFB333,929D0000,12000000,4C000000,2EF4FFFF,66270000,0FE1FFFF,FCF0FFFF,1AD8FFFF,950E3A0000000000DA52B70183EFB333929D0000120000004C0000002EF4FFFF662700000FE1FFFFFCF0FFFF1AD8FFFF
1786745908917,F90E3A0000000000,DA52B701,83EFB333,929D0000,12000000,4C000000,2EF4FFFF,66270000,0FE1FFFF,FCF0FFFF,1AD8FFFF,F90E3A0000000000DA52B70183EFB333929D0000120000004C0000002EF4FFFF662700000FE1FFFFFCF0FFFF1AD8FFFF
1786745908917,5D0F3A0000000000,DA52B701,83EFB333,929D0000,12000000,4C000000,2EF4FFFF,66270000,0FE1FFFF,FCF0FFFF,1AD8FFFF,5D0F3A0000000000DA52B70183EFB333929D0000120000004C0000002EF4FFFF662700000FE1FFFFFCF0FFFF1AD8FFFF
1786745909916,C10F3A0000000000,DA52B701,83EFB333,929D0000,12000000,4C000000,2FF4FFFF,66270000,0FE1FFFF,FCF0FFFF,1BD8FFFF,C10F3A0000000000DA52B70183EFB333929D0000120000004C0000002FF4FFFF662700000FE1FFFFFCF0FFFF1BD8FFFF
1786745909916,25103A0000000000,DA52B701,83EFB333,929D0000,12000000,4C000000,2FF4FFFF,66270000,0FE1FFFF,FCF0FFFF,1BD8FFFF,25103A0000000000DA52B70183EFB333929D0000120000004C0000002FF4FFFF662700000FE1FFFFFCF0FFFF1BD8FFFF
1786745909916,8A103A0000000000,DA52B701,83EFB333,929D0000,12000000,4C000000,2FF4FFFF,66270000,0FE1FFFF,FCF0FFFF,1BD8FFFF,8A103A0000000000DA52B70183EFB333929D0000120000004C0000002FF4FFFF662700000FE1FFFFFCF0FFFF1BD8FFFF
1786745909916,EE103A0000000000,DA52B701,83EFB333,929D0000,12000000,4C000000,2FF4FFFF,66270000,0FE1FFFF,FCF0FFFF,1BD8FFFF,EE103A0000000000DA52B70183EFB333929D0000120000004C0000002FF4FFFF662700000FE1FFFFFCF0FFFF1BD8FFFF
1786745909916,52113A0000000000,DA52B701,83EFB333,929D0000,12000000,4C000000,2EF4FFFF,66270000,0FE1FFFF,FCF0FFFF,1AD8FFFF,52113A0000000000DA52B70183EFB333929D0000120000004C0000002EF4FFFF662700000FE1FFFFFCF0FFFF1AD8FFFF
1786745909916,B6113A0000000000,DA52B701,83EFB333,929D0000,12000000,4C000000,2EF4FFFF,66270000,0FE1FFFF,FCF0FFFF,1AD8FFFF,B6113A0000000000DA52B70183EFB333929D0000120000004C0000002EF4FFFF662700000FE1FFFFFCF0FFFF1AD8FFFF
1786745909916,1A123A0000000000,DA52B701,83EFB333,929D0000,12000000,4C000000,2EF4FFFF,66270000,0FE1FFFF,FCF0FFFF,1AD8FFFF,1A123A0000000000DA52B70183EFB333929D0000120000004C0000002EF4FFFF662700000FE1FFFFFCF0FFFF1AD8FFFF
1786745909916,7E123A0000000000,DA52B701,83EFB333,929D0000,12000000,4C000000,2EF4FFFF,66270000,0FE1FFFF,FCF0FFFF,1AD8FFFF,7E123A0000000000DA52B70183EFB333929D0000120000004C0000002EF4FFFF662700000FE1FFFFFCF0FFFF1AD8FFFF
1786745909916,E2123A0000000000,DA52B701,83EFB333,929D0000,12000000,4C000000,2DF4FFFF,66270000,0FE1FFFF,FCF0FFFF,19D8FFFF,E2123A0000000000DA52B70183EFB333929D0000120000004C0000002DF4FFFF662700000FE1FFFFFCF0FFFF19D8FFFF
1786745909916,46133A0000000000,DA52B701,83EFB333,929D0000,12000000,4C000000,2DF4FFFF,66270000,0FE1FFFF,FCF0FFFF,19D8FFFF,46133A0000000000DA52B70183EFB333929D0000120000004C0000002DF4FFFF662700000FE1FFFFFCF0FFFF19D8FFFF
1786745910916,AB133A0000000000,DA52B701,83EFB333,929D0000,12000000,4C000000,2DF4FFFF,66270000,0FE1FFFF,FCF0FFFF,19D8FFFF,AB133A0000000000DA52B70183EFB333929D0000120000004C0000002DF4FFFF662700000FE1FFFFFCF0FFFF19D8FFFF
1786745910916,0F143A0000000000,DA52B701,83EFB333,929D0000,12000000,4C000000,2DF4FFFF,66270000,0FE1FFFF,FCF0FFFF,19D8FFFF,0F143A0000000000DA52B70183EFB333929D0000120000004C0000002DF4FFFF662700000FE1FFFFFCF0FFFF19D8FFFF
1786745910916,73143A0000000000,DA52B701,83EFB333,929D0000,12000000,4C000000,2DF4FFFF,66270000,0FE1FFFF,FCF0FFFF,19D8FFFF,73143A0000000000DA52B70183EFB333929D0000120000004C0000002DF4FFFF662700000FE1FFFFFCF0FFFF19D8FFFF
1786745910916,D7143A0000000000,DA52B701,83EFB333,929D0000,12000000,4C000000,2EF4FFFF,66270000,0FE1FFFF,FCF0FFFF,1AD8FFFF,D7143A0000000000DA52B70183EFB333929D0000120000004C0000002EF4FFFF662700000FE1FFFFFCF0FFFF1AD8FFFF
1786745910916,3B153A0000000000,DA52B701,83EFB333,929D0000,12000000,4C000000,2EF4FFFF,66270000,0FE1FFFF,FCF0FFFF,1AD8FFFF,3B153A0000000000DA52B70183EFB333929D0000120000004C0000002EF4FFFF662700000FE1FFFFFCF0FFFF1AD8FFFF
1786745910916,9F153A0000000000,DA52B701,83EFB333,929D0000,12000000,4C000000,2EF4FFFF,66270000,0FE1FFFF,FCF0FFFF,1AD8FFFF,9F153A0000000000DA52B70183EFB333929D0000120000004C0000002EF4FFFF662700000FE1FFFFFCF0FFFF1AD8FFFF
1786745910916,03163A0000000000,DA52B701,83EFB333,929D0000,12000000,4C000000,2EF4FFFF,66270000,0FE1FFFF,FCF0FFFF,1AD8FFFF,03163A0000000000DA52B70183EFB333929D0000120000004C0000002EF4FFFF662700000FE1FFFFFCF0FFFF1AD8FFFF
1786745910916,67163A0000000000,DC52B701,80EFB333,929D0000,12000000,4C000000,2EF4FFFF,66270000,12E1FFFF,FCF0FFFF,1AD8FFFF,67163A0000000000DC52B70180EFB333929D0000120000004C0000002EF4FFFF6627000012E1FFFFFCF0FFFF1AD8FFFF
1786745910916,CC163A0000000000,DD52B701,7EEFB333,929D0000,12000000,4C000000,2EF4FFFF,67270000,14E1FFFF,FDF0FFFF,1AD8FFFF,CC163A0000000000DD52B7017EEFB333929D0000120000004C0000002EF4FFFF6727000014E1FFFFFDF0FFFF1AD8FFFF
1786745910916,30173A0000000000,DF52B701,7BEFB333,929D0000,12000000,4C000000,2DF4FFFF,68270000,17E1FFFF,FDF0FFFF,19D8FFFF,30173A0000000000DF52B7017BEFB333929D0000120000004C0000002DF4FFFF6827000017E1FFFFFDF0FFFF19D8FFFF
1786745911916,94173A0000000000,E052B701,79EFB333,929D0000,12000000,4C000000,2DF4FFFF,68270000,1AE1FFFF,FEF0FFFF,19D8FFFF,94173A0000000000E052B70179EFB333929D0000120000004C0000002DF4FFFF682700001AE1FFFFFEF0FFFF19D8FFFF
1786745911916,F8173A0000000000,E152B701,77EFB333,929D0000,12000000,4C000000,31F4FFFF,69270000,1CE1FFFF,FFF0FFFF,1DD8FFFF,F8173A0000000000E152B70177EFB333929D0000120000004C00000031F4FFFF692700001CE1FFFFFFF0FFFF1DD8FFFF
1786745911916,5C183A0000000000,E452B701,72EFB333,929D0000,12000000,4C000000,36F4FFFF,6A270000,21E1FFFF,FFF0FFFF,22D8FFFF,5C183A0000000000E452B70172EFB333929D0000120000004C00000036F4FFFF6A27000021E1FFFFFFF0FFFF22D8FFFF
1786745911916,C0183A0000000000,E752B701,6DEFB333,929D0000,12000000,4C000000,3CF4FFFF,6B270000,27E1FFFF,01F1FFFF,28D8FFFF,C0183A0000000000E752B7016DEFB333929D0000120000004C0000003CF4FFFF6B27000027E1FFFF01F1FFFF28D8FFFF
1786745911916,25193A0000000000,E952B701,69EFB333,929D0000,12000000,4C000000,46F4FFFF,6C270000,2CE1FFFF,01F1FFFF,32D8FFFF,25193A0000000000E952B70169EFB333929D0000120000004C00000046F4FFFF6C2700002CE1FFFF01F1FFFF32D8FFFF
1786745911916,89193A0000000000,EC52B701,64EFB333,929D0000,12000000,4C000000,50F4FFFF,6D270000,32E1FFFF,03F1FFFF,3CD8FFFF,89193A0000000000EC52B70164EFB333929D0000120000004C00000050F4FFFF6D27000032E1FFFF03F1FFFF3CD8FFFF
1786745911916,ED193A0000000000,EF52B701,5FEFB333,929D0000,12000000,4C000000,59F4FFFF,6E270000,37E1FFFF,04F1FFFF,45D8FFFF,ED193A0000000000EF52B7015FEFB333929D0000120000004C00000059F4FFFF6E27000037E1FFFF04F1FFFF45D8FFFF
1786745911916,511A3A0000000000,F252B701,5AEFB333,929D0000,12000000,4C000000,67F4FFFF,70270000,3CE1FFFF,05F1FFFF,53D8FFFF,511A3A0000000000F252B7015AEFB333929D0000120000004C00000067F4FFFF702700003CE1FFFF05F1FFFF53D8FFFF
1786745911916,B51A3A0000000000,F452B701,56EFB333,929D0000,12000000,4C000000,79F4FFFF,71270000,42E1FFFF,06F1FFFF,65D8FFFF,B51A3A0000000000F452B70156EFB333929D0000120000004C00000079F4FFFF7127000042E1FFFF06F1FFFF65D8FFFF
1786745911916,191B3A0000000000,F752B701,51EFB333,929D0000,12000000,4C000000,8BF4FFFF,72270000,47E1FFFF,07F1FFFF,77D8FFFF,191B3A0000000000F752B70151EFB333929D0000120000004C0000008BF4FFFF7227000047E1FFFF07F1FFFF77D8FFFF
1786745912916,7D1B3A0000000000,FA52B701,4CEFB333,929D0000,12000000,4C000000,9DF4FFFF,73270000,4CE1FFFF,08F1FFFF,89D8FFFF,7D1B3A0000000000FA52B7014CEFB333929D0000120000004C0000009DF4FFFF732700004CE1FFFF08F1FFFF89D8FFFF
1786745912916,E11B3A0000000000,FE52B701,45EFB333,929D0000,12000000,4C000000,B0F4FFFF,74270000,54E1FFFF,09F1FFFF,9CD8FFFF,E11B3A0000000000FE52B70145EFB333929D0000120000004C000000B0F4FFFF7427000054E1FFFF09F1FFFF9CD8FFFF
1786745912916,461C3A0000000000,0153B701,3EEFB333,929D0000,12000000,4C000000,C4F4FFFF,76270000,5CE1FFFF,0BF1FFFF,B0D8FFFF,461C3A00000000000153B7013EEFB333929D0000120000004C000000C4F4FFFF762700005CE1FFFF0BF1FFFFB0D8FFFF
1786745912916,AA1C3A0000000000,0553B701,36EFB333,929D0000,12000000,4C000000,D4F4FFFF,77270000,64E1FFFF,0CF1FFFF,C0D8FFFF,AA1C3A00000000000553B70136EFB333929D0000120000004C000000D4F4FFFF7727000064E1FFFF0CF1FFFFC0D8FFFF
1786745912916,0E1D3A0000000000,0953B701,2FEFB333,929D0000,12000000,4C000000,E5F4FFFF,79270000,6CE1FFFF,0EF1FFFF,D1D8FFFF,0E1D3A00000000000953B7012FEFB333929D0000120000004C000000E5F4FFFF792700006CE1FFFF0EF1FFFFD1D8FFFF
1786745912916,721D3A0000000000,0D53B701,28EFB333,929D0000,12000000,4C000000,F5F4FFFF,7A270000,74E1FFFF,0FF1FFFF,E1D8FFFF,721D3A00000000000D53B70128EFB333929D0000120000004C000000F5F4FFFF7A27000074E1FFFF0FF1FFFFE1D8FFFF
1786745912916,D61D3A0000000000,1153B701,21EFB333,929D0000,12000000,4C000000,01F5FFFF,7C270000,7DE1FFFF,11F1FFFF,EDD8FFFF,D61D3A00000000001153B70121EFB333929D0000120000004C00000001F5FFFF7C2700007DE1FFFF11F1FFFFEDD8FFFF
1786745912916,3A1E3A0000000000,1553B701,19EFB333,929D0000,12000000,4C000000,0DF5FFFF,7D270000,85E1FFFF,13F1FFFF,F9D8FFFF,3A1E3A00000000001553B70119EFB333929D0000120000004C0000000DF5FFFF7D27000085E1FFFF13F1FFFFF9D8FFFF
1786745912916,9E1E3A0000000000,1853B701,12EFB333,929D0000,12000000,4C000000,17F5FFFF,7F270000,8DE1FFFF,14F1FFFF,03D9FFFF,9E1E3A00000000001853B70112EFB333929D0000120000004C00000017F5FFFF7F2700008DE1FFFF14F1FFFF03D9FFFF
1786745912916,021F3A0000000000,1C53B701,0BEFB333,929D0000,12000000,4C000000,1FF5FFFF,80270000,95E1FFFF,16F1FFFF,0BD9FFFF,021F3A00000000001C53B7010BEFB333929D0000120000004C0000001FF5FFFF8027000095E1FFFF16F1FFFF0BD9FFFF
1786745913916,671F3A0000000000,2053B701,04EFB333,929D0000,12000000,4C000000,2BF5FFFF,81270000,9DE1FFFF,17F1FFFF,17D9FFFF,671F3A00000000002053B70104EFB333929D0000120000004C0000002BF5FFFF812700009DE1FFFF17F1FFFF17D9FFFF
1786745913916,CB1F3A0000000000,2453B701,FDEEB333,929D0000,12000000,4C000000,39F5FFFF,83270000,A5E1FFFF,19F1FFFF,25D9FFFF,CB1F3A00000000002453B701FDEEB333929D0000120000004C00000039F5FFFF83270000A5E1FFFF19F1FFFF25D9FFFF
1786745913916,2F203A0000000000,2953B701,F3EEB333,929D0000,12000000,4C000000,47F5FFFF,84270000,B0E1FFFF,1BF1FFFF,33D9FFFF,2F203A00000000002953B701F3EEB333929D0000120000004C00000047F5FFFF84270000B0E1FFFF1BF1FFFF33D9FFFF
1786745913916,93203A0000000000,2E53B701,E9EEB333,929D0000,12000000,4C000000,57F5FFFF,86270000,BBE1FFFF,1DF1FFFF,43D9FFFF,93203A00000000002E53B701E9EEB333929D0000120000004C00000057F5FFFF86270000BBE1FFFF1DF1FFFF43D9FFFF
1786745913916,F7203A0000000000,3353B701,DFEEB333,929D0000,12000000,4C000000,68F5FFFF,88270000,C5E1FFFF,1FF1FFFF,54D9FFFF,F7203A00000000003353B701DFEEB333929D0000120000004C00000068F5FFFF88270000C5E1FFFF1FF1FFFF54D9FFFF
1786745913916,5B213A0000000000,3853B701,D5EEB333,929D0000,12000000,4C000000,75F5FFFF,8A270000,D0E1FFFF,21F1FFFF,61D9FFFF,5B213A00000000003853B701D5EEB333929D0000120000004C00000075F5FFFF8A270000D0E1FFFF21F1FFFF61D9FFFF
1786745913916,C0213A0000000000,3D53B701,CCEEB333,929D0000,12000000,4C000000,81F5FFFF,8B270000,DBE1FFFF,23F1FFFF,6DD9FFFF,C0213A00000000003D53B701CCEEB333929D0000120000004C00000081F5FFFF8B270000DBE1FFFF23F1FFFF6DD9FFFF
1786745913916,23223A0000000000,4253B701,C2EEB333,929D0000,12000000,4C000000,92F5FFFF,8D270000,E6E1FFFF,25F1FFFF,7ED9FFFF,23223A00000000004253B701C2EEB333929D0000120000004C00000092F5FFFF8D270000E6E1FFFF25F1FFFF7ED9FFFF
1786745913916,88223A0000000000,4653B701,B8EEB333,929D0000,12000000,4C000000,A2F5FFFF,8F270000,F0E1FFFF,27F1FFFF,8ED9FFFF,88223A00000000004653B701B8EEB333929D0000120000004C000000A2F5FFFF8F270000F0E1FFFF27F1FFFF8ED9FFFF
1786745913916,EC223A0000000000,4B53B701,AFEEB333,929D0000,12000000,4C000000,B0F5FFFF,90270000,FBE1FFFF,29F1FFFF,9CD9FFFF,EC223A00000000004B53B701AFEEB333929D0000120000004C000000B0F5FFFF90270000FBE1FFFF29F1FFFF9CD9FFFF
1786745914916,50233A0000000000,5053B701,A5EEB333,929D0000,12000000,4C000000,BFF5FFFF,92270000,06E2FFFF,2BF1FFFF,ABD9FFFF,50233A00000000005053B701A5EEB333929D0000120000004C000000BFF5FFFF9227000006E2FFFF2BF1FFFFABD9FFFF
1786745914916,B4233A0000000000,5553B701,9BEEB333,929D0000,12000000,4C000000,CEF5FFFF,93270000,11E2FFFF,2DF1FFFF,BAD9FFFF,B4233A00000000005553B7019BEEB333929D0000120000004C000000CEF5FFFF9327000011E2FFFF2DF1FFFFBAD9FFFF
1786745914916,18243A0000000000,5A53B701,91EEB333,929D0000,12000000,4C000000,DAF5FFFF,95270000,1CE2FFFF,2FF1FFFF,C6D9FFFF,18243A00000000005A53B70191EEB333929D0000120000004C000000DAF5FFFF952700001CE2FFFF2FF1FFFFC6D9FFFF
1786745914916,7C243A0000000000,5E53B701,87EEB333,929D0000,12000000,4C000000,EBF5FFFF,96270000,26E2FFFF,31F1FFFF,D7D9FFFF,7C243A00000000005E53B70187EEB333929D0000120000004C000000EBF5FFFF9627000026E2FFFF31F1FFFFD7D9FFFF
1786745914916,E0243A0000000000,6353B701,7DEEB333,929D0000,12000000,4C000000,FBF5FFFF,98270000,31E2FFFF,34F1FFFF,E7D9FFFF,E0243A00000000006353B7017DEEB333929D0000120000004C000000FBF5FFFF9827000031E2FFFF34F1FFFFE7D9FFFF
1786745914916,45253A0000000000,6853B701,73EEB333,929D0000,12000000,4C000000,0BF6FFFF,99270000,3CE2FFFF,36F1FFFF,F7D9FFFF,45253A00000000006853B70173EEB333929D0000120000004C0000000BF6FFFF992700003CE2FFFF36F1FFFFF7D9FFFF
1786745914916,A9253A0000000000,6D53B701,67EEB333,929D0000,12000000,4C000000,20F6FFFF,9B270000,4AE2FFFF,38F1FFFF,0CDAFFFF,A9253A00000000006D53B70167EEB333929D0000120000004C00000020F6FFFF9B2700004AE2FFFF38F1FFFF0CDAFFFF
1786745914916,0E263A0000000000,7353B701,5BEEB333,929D0000,12000000,4C000000,31F6FFFF,9C270000,57E2FFFF,3BF1FFFF,1DDAFFFF,0E263A00000000007353B7015BEEB333929D0000120000004C00000031F6FFFF9C27000057E2FFFF3BF1FFFF1DDAFFFF
1786745914916,71263A0000000000,7953B701,4EEEB333,929D0000,12000000,4C000000,41F6FFFF,9E270000,65E2FFFF,3EF1FFFF,2DDAFFFF,71263A00000000007953B7014EEEB333929D0000120000004C00000041F6FFFF9E27000065E2FFFF3EF1FFFF2DDAFFFF
1786745914916,D5263A0000000000,7F53B701,42EEB333,929D0000,12000000,4C000000,51F6FFFF,A0270000,72E2FFFF,40F1FFFF,3DDAFFFF,D5263A00000000007F53B70142EEB333929D0000120000004C00000051F6FFFFA027000072E2FFFF40F1FFFF3DDAFFFF
1786745915916,39273A0000000000,8453B701,36EEB333,929D0000,12000000,4C000000,63F6FFFF,A1270000,80E2FFFF,43F1FFFF,4FDAFFFF,39273A00000000008453B70136EEB333929D0000120000004C00000063F6FFFFA127000080E2FFFF43F1FFFF4FDAFFFF
1786745915916,9D273A0000000000,8A53B701,29EEB333,929D0000,12000000,4C000000,75F6FFFF,A3270000,8DE2FFFF,45F1FFFF,61DAFFFF,9D273A00000000008A53B70129EEB333929D0000120000004C00000075F6FFFFA32700008DE2FFFF45F1FFFF61DAFFFF
1786745915916,01283A0000000000,8F53B701,1DEEB333,929D0000,12000000,4C000000,88F6FFFF,A4270000,9BE2FFFF,48F1FFFF,74DAFFFF,01283A00000000008F53B7011DEEB333929D0000120000004C00000088F6FFFFA42700009BE2FFFF48F1FFFF74DAFFFF
1786745915916,66283A0000000000,9553B701,10EEB333,929D0000,12000000,4C000000,9CF6FFFF,A6270000,A8E2FFFF,4BF1FFFF,88DAFFFF,66283A00000000009553B70110EEB333929D0000120000004C0000009CF6FFFFA6270000A8E2FFFF4BF1FFFF88DAFFFF
1786745915916,CA283A0000000000,9A53B701,04EEB333,929D0000,12000000,4C000000,ADF6FFFF,A7270000,B6E2FFFF,4DF1FFFF,99DAFFFF,CA283A00000000009A53B70104EEB333929D0000120000004C000000ADF6FFFFA7270000B6E2FFFF4DF1FFFF99DAFFFF
1786745915916,2E293A0000000000,A053B701,F7EDB333,929D0000,12000000,4C000000,BBF6FFFF,A9270000,C4E2FFFF,50F1FFFF,A7DAFFFF,2E293A0000000000A053B701F7EDB333929D0000120000004C000000BBF6FFFFA9270000C4E2FFFF50F1FFFFA7DAFFFF
1786745915916,92293A0000000000,A553B701,EBEDB333,929D0000,12000000,4C000000,C2F6FFFF,AA270000,D1E2FFFF,52F1FFFF,AEDAFFFF,92293A0000000000A553B701EBEDB333929D0000120000004C000000C2F6FFFFAA270000D1E2FFFF52F1FFFFAEDAFFFF
1786745915916,F6293A0000000000,AB53B701,DEEDB333,929D0000,12000000,4C000000,C1F6FFFF,AB270000,DFE2FFFF,55F1FFFF,ADDAFFFF,F6293A0000000000AB53B701DEEDB333929D0000120000004C000000C1F6FFFFAB270000DFE2FFFF55F1FFFFADDAFFFF
1786745915916,5A2A3A0000000000,B053B701,D2EDB333,929D0000,12000000,4C000000,C1F6FFFF,AC270000,ECE2FFFF,58F1FFFF,ADDAFFFF,5A2A3A0000000000B053B701D2EDB333929D0000120000004C000000C1F6FFFFAC270000ECE2FFFF58F1FFFFADDAFFFF
1786745915916,BE2A3A0000000000,B653B701,C5EDB333,929D0000,12000000,4C000000,C0F6FFFF,AE270000,FAE2FFFF,5AF1FFFF,ACDAFFFF,BE2A3A0000000000B653B701C5EDB333929D0000120000004C000000C0F6FFFFAE270000FAE2FFFF5AF1FFFFACDAFFFF
1786745916916,232B3A0000000000,BB53B701,B8EDB333,929D0000,12000000,4C000000,BFF6FFFF,AF270000,08E3FFFF,5DF1FFFF,ABDAFFFF,232B3A0000000000BB53B701B8EDB333929D0000120000004C000000BFF6FFFFAF27000008E3FFFF5DF1FFFFABDAFFFF
1786745916916,872B3A0000000000,C053B701,ACEDB333,929D0000,12000000,4C000000,BFF6FFFF,B0270000,15E3FFFF,5FF1FFFF,ABDAFFFF,872B3A0000000000C053B701ACEDB333929D0000120000004C000000BFF6FFFFB027000015E3FFFF5FF1FFFFABDAFFFF
1786745916916,EB2B3A0000000000,C653B701,A0EDB333,929D0000,12000000,4C000000,BFF6FFFF,B2270000,23E3FFFF,62F1FFFF,ABDAFFFF,EB2B3A0000000000C653B701A0EDB333929D0000120000004C000000BFF6FFFFB227000023E3FFFF62F1FFFFABDAFFFF
1786745916916,4F2C3A0000000000,CB53B701,93EDB333,929D0000,12000000,4C000000,B9F6FFFF,B3270000,30E3FFFF,64F1FFFF,A5DAFFFF,4F2C3A0000000000CB53B70193EDB333929D0000120000004C000000B9F6FFFFB327000030E3FFFF64F1FFFFA5DAFFFF
1786745916916,B32C3A0000000000,D253B701,84EDB333,929D0000,12000000,4C000000,AEF6FFFF,B5270000,41E3FFFF,67F1FFFF,9ADAFFFF,B32C3A0000000000D253B70184EDB333929D0000120000004C000000AEF6FFFFB527000041E3FFFF67F1FFFF9ADAFFFF
1786745916916,172D3A0000000000,D853B701,75EDB333,929D0000,12000000,4C000000,A4F6FFFF,B6270000,51E3FFFF,6AF1FFFF,90DAFFFF,172D3A0000000000D853B70175EDB333929D0000120000004C000000A4F6FFFFB627000051E3FFFF6AF1FFFF90DAFFFF
1786745916916,7B2D3A0000000000,DF53B701,66EDB333,929D0000,12000000,4C000000,9DF6FFFF,B8270000,61E3FFFF,6EF1FFFF,89DAFFFF,7B2D3A0000000000DF53B70166EDB333929D0000120000004C0000009DF6FFFFB827000061E3FFFF6EF1FFFF89DAFFFF
1786745916916,E02D3A0000000000,E653B701,57EDB333,929D0000,12000000,4C000000,96F6FFFF,BA270000,72E3FFFF,71F1FFFF,82DAFFFF,E02D3A0000000000E653B70157EDB333929D0000120000004C00000096F6FFFFBA27000072E3FFFF71F1FFFF82DAFFFF
1786745916916,442E3A0000000000,EC53B701,48EDB333,929D0000,12000000,4C000000,8DF6FFFF,BB270000,82E3FFFF,74F1FFFF,79DAFFFF,442E3A0000000000EC53B70148EDB333929D0000120000004C0000008DF6FFFFBB27000082E3FFFF74F1FFFF79DAFFFF
1786745916916,A82E3A0000000000,F353B701,39EDB333,929D0000,12000000,4C000000,82F6FFFF,BD270000,92E3FFFF,77F1FFFF,6EDAFFFF,A82E3A0000000000F353B70139EDB333929D0000120000004C00000082F6FFFFBD27000092E3FFFF77F1FFFF6EDAFFFF
1786745917916,0C2F3A0000000000,FA53B701,2AEDB333,929D0000,12000000,4C000000,7AF6FFFF,BF270000,A2E3FFFF,7AF1FFFF,66DAFFFF,0C2F3A0000000000FA53B7012AEDB333929D0000120000004C0000007AF6FFFFBF270000A2E3FFFF7AF1FFFF66DAFFFF
1786745917916,702F3A0000000000,0054B701,1BEDB333,929D0000,12000000,4C000000,70F6FFFF,C1270000,B3E3FFFF,7DF1FFFF,5CDAFFFF,702F3A00000000000054B7011BEDB333929D0000120000004C00000070F6FFFFC1270000B3E3FFFF7DF1FFFF5CDAFFFF
1786745917916,D42F3A0000000000,0754B701,0CEDB333,929D0000,12000000,4C000000,65F6FFFF,C3270000,C3E3FFFF,80F1FFFF,51DAFFFF,D42F3A00000000000754B7010CEDB333929D0000120000004C00000065F6FFFFC3270000C3E3FFFF80F1FFFF51DAFFFF
1786745917916,38303A0000000000,0E54B701,FDECB333,929D0000,12000000,4C000000,5BF6FFFF,C5270000,D3E3FFFF,83F1FFFF,47DAFFFF,38303A00000000000E54B701FDECB333929D0000120000004C0000005BF6FFFFC5270000D3E3FFFF83F1FFFF47DAFFFF
1786745917916,9C303A0000000000,1554B701,EFECB333,929D0000,12000000,4C000000,50F6FFFF,C6270000,E3E3FFFF,86F1FFFF,3CDAFFFF,9C303A00000000001554B701EFECB333929D0000120000004C00000050F6FFFFC6270000E3E3FFFF86F1FFFF3CDAFFFF
1786745917916,01313A0000000000,1B54B701,DFECB333,929D0000,12000000,4C000000,43F6FFFF,C8270000,F4E3FFFF,89F1FFFF,2FDAFFFF,01313A00000000001B54B701DFECB333929D0000120000004C00000043F6FFFFC8270000F4E3FFFF89F1FFFF2FDAFFFF
1786745917916,65313A0000000000,2254B701,D1ECB333,929D0000,12000000,4C000000,39F6FFFF,CA270000,04E4FFFF,8CF1FFFF,25DAFFFF,65313A00000000002254B701D1ECB333929D0000120000004C00000039F6FFFFCA27000004E4FFFF8CF1FFFF25DAFFFF
1786745917916,C9313A0000000000,2954B701,C2ECB333,929D0000,12000000,4C000000,2EF6FFFF,CC270000,14E4FFFF,8FF1FFFF,1ADAFFFF,C9313A00000000002954B701C2ECB333929D0000120000004C0000002EF6FFFFCC27000014E4FFFF8FF1FFFF1ADAFFFF
1786745917916,2D323A0000000000,3054B701,B3ECB333,929D0000,12000000,4C000000,23F6FFFF,CE270000,25E4FFFF,92F1FFFF,0FDAFFFF,2D323A00000000003054B701B3ECB333929D0000120000004C00000023F6FFFFCE27000025E4FFFF92F1FFFF0FDAFFFF
1786745917916,91323A0000000000,3754B701,A4ECB333,929D0000,12000000,4C000000,19F6FFFF,D0270000,35E4FFFF,95F1FFFF,05DAFFFF,91323A00000000003754B701A4ECB333929D0000120000004C00000019F6FFFFD027000035E4FFFF95F1FFFF05DAFFFF
1786745918916,F5323A0000000000,3E54B701,95ECB333,929D0000,12000000,4C000000,0EF6FFFF,D2270000,45E4FFFF,99F1FFFF,FAD9FFFF,F5323A00000000003E54B70195ECB333929D0000120000004C0000000EF6FFFFD227000045E4FFFF99F1FFFFFAD9FFFF
1786745918916,59333A0000000000,4554B701,86ECB333,929D0000,12000000,4C000000,04F6FFFF,D5270000,55E4FFFF,9CF1FFFF,F0D9FFFF,59333A00000000004554B70186ECB333929D0000120000004C00000004F6FFFFD527000055E4FFFF9CF1FFFFF0D9FFFF
1786745918916,BD333A0000000000,4C54B701,78ECB333,929D0000,12000000,4C000000,FBF5FFFF,D7270000,65E4FFFF,9EF1FFFF,E7D9FFFF,BD333A00000000004C54B70178ECB333929D0000120000004C000000FBF5FFFFD727000065E4FFFF9EF1FFFFE7D9FFFF
1786745918916,22343A0000000000,5354B701,69ECB333,929D0000,12000000,4C000000,F7F5FFFF,D9270000,76E4FFFF,A2F1FFFF,E3D9FFFF,22343A00000000005354B70169ECB333929D0000120000004C000000F7F5FFFFD927000076E4FFFFA2F1FFFFE3D9FFFF
1786745918916,86343A0000000000,5A54B701,5AECB333,929D0000,12000000,4C000000,F1F5FFFF,DB270000,86E4FFFF,A5F1FFFF,DDD9FFFF,86343A00000000005A54B7015AECB333929D0000120000004C000000F1F5FFFFDB27000086E4FFFFA5F1FFFFDDD9FFFF
1786745918916,EA343A0000000000,6154B701,4BECB333,929D0000,12000000,4C000000,EEF5FFFF,DD270000,96E4FFFF,A7F1FFFF,DAD9FFFF,EA343A00000000006154B7014BECB333929D0000120000004C000000EEF5FFFFDD27000096E4FFFFA7F1FFFFDAD9FFFF
1786745918916,4E353A0000000000,6854B701,3DECB333,929D0000,12000000,4C000000,ECF5FFFF,DF270000,A6E4FFFF,ABF1FFFF,D8D9FFFF,4E353A00000000006854B7013DECB333929D0000120000004C000000ECF5FFFFDF270000A6E4FFFFABF1FFFFD8D9FFFF
1786745918916,B2353A0000000000,6F54B701,2EECB333,929D0000,12000000,4C000000,ECF5FFFF,E2270000,B7E4FFFF,AEF1FFFF,D8D9FFFF,B2353A00000000006F54B7012EECB333929D0000120000004C000000ECF5FFFFE2270000B7E4FFFFAEF1FFFFD8D9FFFF
1786745918916,16363A0000000000,7654B701,1FECB333,929D0000,12000000,4C000000,EDF5FFFF,E4270000,C7E4FFFF,B1F1FFFF,D9D9FFFF,16363A00000000007654B7011FECB333929D0000120000004C000000EDF5FFFFE4270000C7E4FFFFB1F1FFFFD9D9FFFF
1786745918916,7A363A0000000000,7E54B701,10ECB333,929D0000,12000000,4C000000,F0F5FFFF,E6270000,D7E4FFFF,B4F1FFFF,DCD9FFFF,7A363A00000000007E54B70110ECB333929D0000120000004C000000F0F5FFFFE6270000D7E4FFFFB4F1FFFFDCD9FFFF
1786745919916,DE363A0000000000,8554B701,01ECB333,929D0000,12000000,4C000000,FBF5FFFF,E8270000,E8E4FFFF,B7F1FFFF,E7D9FFFF,DE363A00000000008554B70101ECB333929D0000120000004C000000FBF5FFFFE8270000E8E4FFFFB7F1FFFFE7D9FFFF
1786745919916,43373A0000000000,8C54B701,F3EBB333,929D0000,12000000,4C000000,0BF6FFFF,EA270000,F8E4FFFF,BAF1FFFF,F7D9FFFF,43373A00000000008C54B701F3EBB333929D0000120000004C0000000BF6FFFFEA270000F8E4FFFFBAF1FFFFF7D9FFFF
1786745919916,A7373A0000000000,9254B701,E4EBB333,929D0000,12000000,4C000000,24F6FFFF,EC270000,08E5FFFF,BDF1FFFF,10DAFFFF,A7373A00000000009254B701E4EBB333929D0000120000004C00000024F6FFFFEC27000008E5FFFFBDF1FFFF10DAFFFF
1786745919916,0B383A0000000000,9954B701,D5EBB333,929D0000,12000000,4C000000,40F6FFFF,EE270000,18E5FFFF,C0F1FFFF,2CDAFFFF,0B383A00000000009954B701D5EBB333929D0000120000004C00000040F6FFFFEE27000018E5FFFFC0F1FFFF2CDAFFFF
1786745919916,6F383A0000000000,A054B701,C6EBB333,929D0000,12000000,4C000000,58F6FFFF,F0270000,28E5FFFF,C3F1FFFF,44DAFFFF,6F383A0000000000A054B701C6EBB333929D0000120000004C00000058F6FFFFF027000028E5FFFFC3F1FFFF44DAFFFF
1786745919916,D3383A0000000000,A754B701,B7EBB333,929D0000,12000000,4C000000,6CF6FFFF,F2270000,39E5FFFF,C7F1FFFF,58DAFFFF,D3383A0000000000A754B701B7EBB333929D0000120000004C0000006CF6FFFFF227000039E5FFFFC7F1FFFF58DAFFFF
1786745919916,37393A0000000000,AE54B701,A8EBB333,929D0000,12000000,4C000000,83F6FFFF,F4270000,49E5FFFF,CAF1FFFF,6FDAFFFF,37393A0000000000AE54B701A8EBB333929D0000120000004C00000083F6FFFFF427000049E5FFFFCAF1FFFF6FDAFFFF
1786745919916,9B393A0000000000,B354B701,9CEBB333,929D0000,12000000,4C000000,94F6FFFF,F5270000,57E5FFFF,CDF1FFFF,80DAFFFF,9B393A0000000000B354B7019CEBB333929D0000120000004C00000094F6FFFFF527000057E5FFFFCDF1FFFF80DAFFFF
1786745919916,FF393A0000000000,BA54B701,8DEBB333,929D0000,12000000,4C000000,A0F6FFFF,F7270000,67E5FFFF,D0F1FFFF,8CDAFFFF,FF393A0000000000BA54B7018DEBB333929D0000120000004C000000A0F6FFFFF727000067E5FFFFD0F1FFFF8CDAFFFF
1786745919916,643A3A0000000000,C054B701,7EEBB333,929D0000,12000000,4C000000,A2F6FFFF,F9270000,77E5FFFF,D3F1FFFF,8EDAFFFF,643A3A0000000000C054B7017EEBB333929D0000120000004C000000A2F6FFFFF927000077E5FFFFD3F1FFFF8EDAFFFF
1786745920916,C93A3A0000000000,C754B701,6FEBB333,929D0000,12000000,4C000000,A1F6FFFF,FA270000,87E5FFFF,D6F1FFFF,8DDAFFFF,C93A3A0000000000C754B7016FEBB333929D0000120000004C000000A1F6FFFFFA27000087E5FFFFD6F1FFFF8DDAFFFF
1786745920916,2C3B3A0000000000,CE54B701,60EBB333,929D0000,12000000,4C000000,9CF6FFFF,FC270000,97E5FFFF,D9F1FFFF,88DAFFFF,2C3B3A0000000000CE54B70160EBB333929D0000120000004C0000009CF6FFFFFC27000097E5FFFFD9F1FFFF88DAFFFF
1786745920916,903B3A0000000000,D454B701,51EBB333,929D0000,12000000,4C000000,9AF6FFFF,FE270000,A8E5FFFF,DDF1FFFF,86DAFFFF,903B3A0000000000D454B70151EBB333929D0000120000004C0000009AF6FFFFFE270000A8E5FFFFDDF1FFFF86DAFFFF
1786745920916,F43B3A0000000000,DB54B701,42EBB333,929D0000,12000000,4C000000,98F6FFFF,FF270000,B8E5FFFF,E0F1FFFF,84DAFFFF,F43B3A0000000000DB54B70142EBB333929D0000120000004C00000098F6FFFFFF270000B8E5FFFFE0F1FFFF84DAFFFF
1786745920916,583C3A0000000000,E154B701,33EBB333,929D0000,12000000,4C000000,95F6FFFF,01280000,C8E5FFFF,E3F1FFFF,81DAFFFF,583C3A0000000000E154B70133EBB333929D0000120000004C00000095F6FFFF01280000C8E5FFFFE3F1FFFF81DAFFFF
1786745920916,BC3C3A0000000000,E854B701,24EBB333,929D0000,12000000,4C000000,8FF6FFFF,03280000,D9E5FFFF,E6F1FFFF,7BDAFFFF,BC3C3A0000000000E854B70124EBB333929D0000120000004C0000008FF6FFFF03280000D9E5FFFFE6F1FFFF7BDAFFFF
1786745920916,213D3A0000000000,EF54B701,15EBB333,929D0000,12000000,4C000000,89F6FFFF,05280000,E9E5FFFF,E9F1FFFF,75DAFFFF,213D3A0000000000EF54B70115EBB333929D0000120000004C00000089F6FFFF05280000E9E5FFFFE9F1FFFF75DAFFFF
1786745920916,853D3A0000000000,F554B701,06EBB333,929D0000,12000000,4C000000,7CF6FFFF,06280000,F9E5FFFF,ECF1FFFF,68DAFFFF,853D3A0000000000F554B70106EBB333929D0000120000004C0000007CF6FFFF06280000F9E5FFFFECF1FFFF68DAFFFF
1786745920916,E93D3A0000000000,FC54B701,F7EAB333,929D0000,12000000,4C000000,69F6FFFF,08280000,09E6FFFF,EFF1FFFF,55DAFFFF,E93D3A0000000000FC54B701F7EAB333929D0000120000004C00000069F6FFFF0828000009E6FFFFEFF1FFFF55DAFFFF
1786745920916,4D3E3A0000000000,0355B701,E8EAB333,929D0000,12000000,4C000000,55F6FFFF,0A280000,1AE6FFFF,F2F1FFFF,41DAFFFF,4D3E3A00000000000355B701E8EAB333929D0000120000004C00000055F6FFFF0A2800001AE6FFFFF2F1FFFF41DAFFFF
1786745921916,B13E3A0000000000,0A55B701,D9EAB333,929D0000,12000000,4C000000,44F6FFFF,0C280000,2AE6FFFF,F5F1FFFF,30DAFFFF,B13E3A00000000000A55B701D9EAB333929D0000120000004C00000044F6FFFF0C2800002AE6FFFFF5F1FFFF30DAFFFF
1786745921916,153F3A0000000000,1255B701,C8EAB333,929D0000,12000000,4C000000,38F6FFFF,0E280000,3DE6FFFF,F9F1FFFF,24DAFFFF,153F3A00000000001255B701C8EAB333929D0000120000004C00000038F6FFFF0E2800003DE6FFFFF9F1FFFF24DAFFFF
1786745921916,793F3A0000000000,1A55B701,B7EAB333,929D0000,12000000,4C000000,2DF6FFFF,11280000,50E6FFFF,FCF1FFFF,19DAFFFF,793F3A00000000001A55B701B7EAB333929D0000120000004C0000002DF6FFFF1128000050E6FFFFFCF1FFFF19DAFFFF
1786745921916,DD3F3A0000000000,2255B701,A5EAB333,929D0000,12000000,4C000000,2BF6FFFF,13280000,63E6FFFF,00F2FFFF,17DAFFFF,DD3F3A00000000002255B701A5EAB333929D0000120000004C0000002BF6FFFF1328000063E6FFFF00F2FFFF17DAFFFF
1786745921916,42403A0000000000,2A55B701,94EAB333,929D0000,12000000,4C000000,31F6FFFF,15280000,76E6FFFF,03F2FFFF,1DDAFFFF,42403A00000000002A55B70194EAB333929D0000120000004C00000031F6FFFF1528000076E6FFFF03F2FFFF1DDAFFFF
1786745921916,A6403A0000000000,3255B701,82EAB333,929D0000,12000000,4C000000,37F6FFFF,18280000,89E6FFFF,07F2FFFF,23DAFFFF,A6403A00000000003255B70182EAB333929D0000120000004C00000037F6FFFF1828000089E6FFFF07F2FFFF23DAFFFF
1786745921916,0A413A0000000000,3B55B701,6FEAB333,929D0000,12000000,4C000000,3BF6FFFF,1A280000,9FE6FFFF,0BF2FFFF,27DAFFFF,0A413A00000000003B55B7016FEAB333929D0000120000004C0000003BF6FFFF1A2800009FE6FFFF0BF2FFFF27DAFFFF
1786745921916,6E413A0000000000,4455B701,5BEAB333,929D0000,12000000,4C000000,3AF6FFFF,1D280000,B4E6FFFF,0FF2FFFF,26DAFFFF,6E413A00000000004455B7015BEAB333929D0000120000004C0000003AF6FFFF1D280000B4E6FFFF0FF2FFFF26DAFFFF
1786745921916,D2413A0000000000,4D55B701,47EAB333,929D0000,12000000,4C000000,37F6FFFF,1F280000,CAE6FFFF,13F2FFFF,23DAFFFF,D2413A00000000004D55B70147EAB333929D0000120000004C00000037F6FFFF1F280000CAE6FFFF13F2FFFF23DAFFFF
1786745921916,36423A0000000000,5755B701,33EAB333,929D0000,12000000,4C000000,31F6FFFF,22280000,E0E6FFFF,17F2FFFF,1DDAFFFF,36423A00000000005755B70133EAB333929D0000120000004C00000031F6FFFF22280000E0E6FFFF17F2FFFF1DDAFFFF
1786745922916,9B423A0000000000,6055B701,1FEAB333,929D0000,12000000,4C000000,2DF6FFFF,25280000,F5E6FFFF,1BF2FFFF,19DAFFFF,9B423A00000000006055B7011FEAB333929D0000120000004C0000002DF6FFFF25280000F5E6FFFF1BF2FFFF19DAFFFF
1786745922916,FE423A0000000000,6955B701,0CEAB333,929D0000,12000000,4C000000,30F6FFFF,28280000,0BE7FFFF,20F2FFFF,1CDAFFFF,FE423A00000000006955B7010CEAB333929D0000120000004C00000030F6FFFF282800000BE7FFFF20F2FFFF1CDAFFFF
1786745922916,63433A0000000000,7255B701,F8E9B333,929D0000,12000000,4C000000,39F6FFFF,2A280000,20E7FFFF,24F2FFFF,25DAFFFF,63433A00000000007255B701F8E9B333929D0000120000004C00000039F6FFFF2A28000020E7FFFF24F2FFFF25DAFFFF
1786745922916,C7433A0000000000,7B55B701,E4E9B333,929D0000,12000000,4C000000,43F6FFFF,2D280000,36E7FFFF,28F2FFFF,2FDAFFFF,C7433A00000000007B55B701E4E9B333929D0000120000004C00000043F6FFFF2D28000036E7FFFF28F2FFFF2FDAFFFF
1786745922916,2B443A0000000000,8455B701,D0E9B333,929D0000,12000000,4C000000,49F6FFFF,2F280000,4CE7FFFF,2CF2FFFF,35DAFFFF,2B443A00000000008455B701D0E9B333929D0000120000004C00000049F6FFFF2F2800004CE7FFFF2CF2FFFF35DAFFFF
1786745922916,8F443A0000000000,8D55B701,BCE9B333,929D0000,12000000,4C000000,4BF6FFFF,32280000,62E7FFFF,30F2FFFF,37DAFFFF,8F443A00000000008D55B701BCE9B333929D0000120000004C0000004BF6FFFF3228000062E7FFFF30F2FFFF37DAFFFF
1786745922916,F3443A0000000000,9655B701,A9E9B333,929D0000,12000000,4C000000,4BF6FFFF,35280000,77E7FFFF,35F2FFFF,37DAFFFF,F3443A00000000009655B701A9E9B333929D0000120000004C0000004BF6FFFF3528000077E7FFFF35F2FFFF37DAFFFF
1786745922916,57453A0000000000,A055B701,95E9B333,929D0000,12000000,4C000000,4AF6FFFF,37280000,8DE7FFFF,39F2FFFF,36DAFFFF,57453A0000000000A055B70195E9B333929D0000120000004C0000004AF6FFFF372800008DE7FFFF39F2FFFF36DAFFFF
1786745922916,BC453A0000000000,A955B701,81E9B333,929D0000,12000000,4C000000,4AF6FFFF,3A280000,A3E7FFFF,3DF2FFFF,36DAFFFF,BC453A0000000000A955B70181E9B333929D0000120000004C0000004AF6FFFF3A280000A3E7FFFF3DF2FFFF36DAFFFF
1786745922916,20463A0000000000,B255B701,6DE9B333,929D0000,12000000,4C000000,4FF6FFFF,3C280000,B8E7FFFF,41F2FFFF,3BDAFFFF,20463A0000000000B255B7016DE9B333929D0000120000004C0000004FF6FFFF3C280000B8E7FFFF41F2FFFF3BDAFFFF
1786745923916,84463A0000000000,BB55B701,59E9B333,929D0000,12000000,4C000000,52F6FFFF,3F280000,CEE7FFFF,45F2FFFF,3EDAFFFF,84463A0000000000BB55B70159E9B333929D0000120000004C00000052F6FFFF3F280000CEE7FFFF45F2FFFF3EDAFFFF
1786745923916,E8463A0000000000,C455B701,45E9B333,929D0000,12000000,4C000000,54F6FFFF,41280000,E4E7FFFF,49F2FFFF,40DAFFFF,E8463A0000000000C455B70145E9B333929D0000120000004C00000054F6FFFF41280000E4E7FFFF49F2FFFF40DAFFFF
1786745923916,4C473A0000000000,CD55B701,32E9B333,929D0000,12000000,4C000000,5AF6FFFF,44280000,F9E7FFFF,4DF2FFFF,46DAFFFF,4C473A0000000000CD55B70132E9B333929D0000120000004C0000005AF6FFFF44280000F9E7FFFF4DF2FFFF46DAFFFF
1786745923916,B0473A0000000000,D655B701,1EE9B333,929D0000,12000000,4C000000,5CF6FFFF,46280000,0FE8FFFF,52F2FFFF,48DAFFFF,B0473A0000000000D655B7011EE9B333929D0000120000004C0000005CF6FFFF462800000FE8FFFF52F2FFFF48DAFFFF
1786745923916,14483A0000000000,DF55B701,0AE9B333,929D0000,12000000,4C000000,5EF6FFFF,49280000,25E8FFFF,56F2FFFF,4ADAFFFF,14483A0000000000DF55B7010AE9B333929D0000120000004C0000005EF6FFFF4928000025E8FFFF56F2FFFF4ADAFFFF
1786745923916,78483A0000000000,E855B701,F6E8B333,929D0000,12000000,4C000000,5CF6FFFF,4B280000,3BE8FFFF,5AF2FFFF,48DAFFFF,78483A0000000000E855B701F6E8B333929D0000120000004C0000005CF6FFFF4B2800003BE8FFFF5AF2FFFF48DAFFFF
1786745923916,DD483A0000000000,F155B701,E2E8B333,929D0000,12000000,4C000000,57F6FFFF,4E280000,50E8FFFF,5EF2FFFF,43DAFFFF,DD483A0000000000F155B701E2E8B333929D0000120000004C00000057F6FFFF4E28000050E8FFFF5EF2FFFF43DAFFFF
1786745923916,41493A0000000000,FA55B701,CEE8B333,929D0000,12000000,4C000000,52F6FFFF,50280000,66E8FFFF,62F2FFFF,3EDAFFFF,41493A0000000000FA55B701CEE8B333929D0000120000004C00000052F6FFFF5028000066E8FFFF62F2FFFF3EDAFFFF
1786745923916,A5493A0000000000,0356B701,BAE8B333,929D0000,12000000,4C000000,50F6FFFF,53280000,7BE8FFFF,66F2FFFF,3CDAFFFF,A5493A00000000000356B701BAE8B333929D0000120000004C00000050F6FFFF532800007BE8FFFF66F2FFFF3CDAFFFF
1786745923916,094A3A0000000000,0C56B701,A6E8B333,929D0000,12000000,4C000000,4EF6FFFF,55280000,91E8FFFF,6BF2FFFF,3ADAFFFF,094A3A00000000000C56B701A6E8B333929D0000120000004C0000004EF6FFFF5528000091E8FFFF6BF2FFFF3ADAFFFF
1786745924916,6D4A3A0000000000,1556B701,92E8B333,929D0000,12000000,4C000000,46F6FFFF,58280000,A7E8FFFF,6FF2FFFF,32DAFFFF,6D4A3A00000000001556B70192E8B333929D0000120000004C00000046F6FFFF58280000A7E8FFFF6FF2FFFF32DAFFFF
1786745924916,D14A3A0000000000,1D56B701,81E8B333,929D0000,12000000,4C000000,38F6FFFF,5A280000,BAE8FFFF,72F2FFFF,24DAFFFF,D14A3A00000000001D56B70181E8B333929D0000120000004C00000038F6FFFF5A280000BAE8FFFF72F2FFFF24DAFFFF
1786745924916,354B3A0000000000,2556B701,70E8B333,929D0000,12000000,4C000000,28F6FFFF,5D280000,CDE8FFFF,76F2FFFF,14DAFFFF,354B3A00000000002556B70170E8B333929D0000120000004C00000028F6FFFF5D280000CDE8FFFF76F2FFFF14DAFFFF
1786745924916,994B3A0000000000,2D56B701,5FE8B333,929D0000,12000000,4C000000,19F6FFFF,5F280000,E0E8FFFF,7AF2FFFF,05DAFFFF,994B3A00000000002D56B7015FE8B333929D0000120000004C00000019F6FFFF5F280000E0E8FFFF7AF2FFFF05DAFFFF
1786745924916,FE4B3A0000000000,3656B701,4DE8B333,929D0000,12000000,4C000000,08F6FFFF,61280000,F3E8FFFF,7DF2FFFF,F4D9FFFF,FE4B3A00000000003656B7014DE8B333929D0000120000004C00000008F6FFFF61280000F3E8FFFF7DF2FFFFF4D9FFFF
1786745924916,624C3A0000000000,3E56B701,3CE8B333,929D0000,12000000,4C000000,F5F5FFFF,64280000,06E9FFFF,81F2FFFF,E1D9FFFF,624C3A00000000003E56B7013CE8B333929D0000120000004C000000F5F5FFFF6428000006E9FFFF81F2FFFFE1D9FFFF
1786745924916,C64C3A0000000000,4656B701,2BE8B333,929D0000,12000000,4C000000,E5F5FFFF,67280000,18E9FFFF,85F2FFFF,D1D9FFFF,C64C3A00000000004656B7012BE8B333929D0000120000004C000000E5F5FFFF6728000018E9FFFF85F2FFFFD1D9FFFF
1786745924916,2A4D3A0000000000,4E56B701,1AE8B333,929D0000,12000000,4C000000,D6F5FFFF,69280000,2BE9FFFF,89F2FFFF,C2D9FFFF,2A4D3A00000000004E56B7011AE8B333929D0000120000004C000000D6F5FFFF692800002BE9FFFF89F2FFFFC2D9FFFF
1786745924916,8E4D3A0000000000,5756B701,09E8B333,929D0000,12000000,4C000000,C9F5FFFF,6C280000,3EE9FFFF,8DF2FFFF,B5D9FFFF,8E4D3A00000000005756B70109E8B333929D0000120000004C000000C9F5FFFF6C2800003EE9FFFF8DF2FFFFB5D9FFFF
1786745924916,F24D3A0000000000,5F56B701,F7E7B333,929D0000,12000000,4C000000,C1F5FFFF,6E280000,51E9FFFF,90F2FFFF,ADD9FFFF,F24D3A00000000005F56B701F7E7B333929D0000120000004C000000C1F5FFFF6E28000051E9FFFF90F2FFFFADD9FFFF
1786745925916,564E3A0000000000,6756B701,E6E7B333,929D0000,12000000,4C000000,BAF5FFFF,71280000,64E9FFFF,94F2FFFF,A6D9FFFF,564E3A00000000006756B701E6E7B333929D0000120000004C000000BAF5FFFF7128000064E9FFFF94F2FFFFA6D9FFFF
1786745925916,BB4E3A0000000000,6F56B701,D8E7B333,929D0000,12000000,4C000000,ADF5FFFF,74280000,74E9FFFF,97F2FFFF,99D9FFFF,BB4E3A00000000006F56B701D8E7B333929D0000120000004C000000ADF5FFFF7428000074E9FFFF97F2FFFF99D9FFFF
1786745925916,1F4F3A0000000000,7756B701,C6E7B333,929D0000,12000000,4C000000,9DF5FFFF,76280000,87E9FFFF,9BF2FFFF,89D9FFFF,1F4F3A00000000007756B701C6E7B333929D0000120000004C0000009DF5FFFF7628000087E9FFFF9BF2FFFF89D9FFFF
1786745925916,834F3A0000000000,8056B701,B5E7B333,929D0000,12000000,4C000000,85F5FFFF,79280000,9AE9FFFF,9EF2FFFF,71D9FFFF,834F3A00000000008056B701B5E7B333929D0000120000004C00000085F5FFFF792800009AE9FFFF9EF2FFFF71D9FFFF
1786745925916,E74F3A0000000000,8856B701,A4E7B333,929D0000,12000000,4C000000,6BF5FFFF,7C280000,ADE9FFFF,A2F2FFFF,57D9FFFF,E74F3A00000000008856B701A4E7B333929D0000120000004C0000006BF5FFFF7C280000ADE9FFFFA2F2FFFF57D9FFFF
1786745925916,4B503A0000000000,9156B701,93E7B333,929D0000,12000000,4C000000,57F5FFFF,7F280000,C0E9FFFF,A6F2FFFF,43D9FFFF,4B503A00000000009156B70193E7B333929D0000120000004C00000057F5FFFF7F280000C0E9FFFFA6F2FFFF43D9FFFF
1786745925916,AF503A0000000000,9956B701,82E7B333,929D0000,12000000,4C000000,4AF5FFFF,82280000,D3E9FFFF,A9F2FFFF,36D9FFFF,AF503A00000000009956B70182E7B333929D0000120000004C0000004AF5FFFF82280000D3E9FFFFA9F2FFFF36D9FFFF
1786745925916,13513A0000000000,A356B701,6FE7B333,929D0000,12000000,4C000000,42F5FFFF,86280000,E8E9FFFF,ADF2FFFF,2ED9FFFF,13513A0000000000A356B7016FE7B333929D0000120000004C00000042F5FFFF86280000E8E9FFFFADF2FFFF2ED9FFFF
1786745925916,77513A0000000000,AD56B701,5BE7B333,929D0000,12000000,4C000000,3EF5FFFF,89280000,FEE9FFFF,B2F2FFFF,2AD9FFFF,77513A0000000000AD56B7015BE7B333929D0000120000004C0000003EF5FFFF89280000FEE9FFFFB2F2FFFF2AD9FFFF
1786745925916,DC513A0000000000,B756B701,48E7B333,929D0000,12000000,4C000000,3FF5FFFF,8D280000,13EAFFFF,B6F2FFFF,2BD9FFFF,DC513A0000000000B756B70148E7B333929D0000120000004C0000003FF5FFFF8D28000013EAFFFFB6F2FFFF2BD9FFFF
1786745926916,42523A0000000000,C256B701,34E7B333,929D0000,12000000,4C000000,3FF5FFFF,90280000,29EAFFFF,BAF2FFFF,2BD9FFFF,42523A0000000000C256B70134E7B333929D0000120000004C0000003FF5FFFF9028000029EAFFFFBAF2FFFF2BD9FFFF
1786745926916,A4523A0000000000,CD56B701,1EE7B333,929D0000,12000000,4C000000,3AF5FFFF,95280000,41EAFFFF,BEF2FFFF,26D9FFFF,A4523A0000000000CD56B7011EE7B333929D0000120000004C0000003AF5FFFF9528000041EAFFFFBEF2FFFF26D9FFFF
1786745926916,08533A0000000000,D856B701,09E7B333,929D0000,12000000,4C000000,27F5FFFF,99280000,59EAFFFF,C3F2FFFF,13D9FFFF,08533A0000000000D856B70109E7B333929D0000120000004C00000027F5FFFF9928000059EAFFFFC3F2FFFF13D9FFFF
1786745926916,6C533A0000000000,E556B701,F1E6B333,929D0000,12000000,4C000000,26F5FFFF,9D280000,74EAFFFF,C8F2FFFF,12D9FFFF,6C533A0000000000E556B701F1E6B333929D0000120000004C00000026F5FFFF9D28000074EAFFFFC8F2FFFF12D9FFFF
1786745926916,D0533A0000000000,F156B701,D8E6B333,929D0000,12000000,4C000000,26F5FFFF,A2280000,8FEAFFFF,CCF2FFFF,12D9FFFF,D0533A0000000000F156B701D8E6B333929D0000120000004C00000026F5FFFFA22800008FEAFFFFCCF2FFFF12D9FFFF
1786745926916,34543A0000000000,FE56B701,C0E6B333,929D0000,12000000,4C000000,25F5FFFF,A6280000,AAEAFFFF,D1F2FFFF,11D9FFFF,34543A0000000000FE56B701C0E6B333929D0000120000004C00000025F5FFFFA6280000AAEAFFFFD1F2FFFF11D9FFFF
1786745926916,98543A0000000000,0C57B701,A5E6B333,929D0000,12000000,4C000000,24F5FFFF,AB280000,C8EAFFFF,D7F2FFFF,10D9FFFF,98543A00000000000C57B701A5E6B333929D0000120000004C00000024F5FFFFAB280000C8EAFFFFD7F2FFFF10D9FFFF
1786745926916,FD543A0000000000,1A57B701,8BE6B333,929D0000,12000000,4C000000,27F5FFFF,B0280000,E5EAFFFF,DCF2FFFF,13D9FFFF,FD543A00000000001A57B7018BE6B333929D0000120000004C00000027F5FFFFB0280000E5EAFFFFDCF2FFFF13D9FFFF
1786745926916,61553A0000000000,2857B701,70E6B333,929D0000,12000000,4C000000,2DF5FFFF,B5280000,03EBFFFF,E2F2FFFF,19D9FFFF,61553A00000000002857B70170E6B333929D0000120000004C0000002DF5FFFFB528000003EBFFFFE2F2FFFF19D9FFFF
1786745926916,C5553A0000000000,3657B701,56E6B333,929D0000,12000000,4C000000,3CF5FFFF,BA280000,21EBFFFF,E8F2FFFF,28D9FFFF,C5553A00000000003657B70156E6B333929D0000120000004C0000003CF5FFFFBA28000021EBFFFFE8F2FFFF28D9FFFF
1786745927916,29563A0000000000,4557B701,39E6B333,929D0000,12000000,4C000000,48F5FFFF,C0280000,41EBFFFF,EEF2FFFF,34D9FFFF,29563A00000000004557B70139E6B333929D0000120000004C00000048F5FFFFC028000041EBFFFFEEF2FFFF34D9FFFF
1786745927916,8D563A0000000000,5357B701,1BE6B333,929D0000,12000000,4C000000,56F5FFFF,C5280000,61EBFFFF,F4F2FFFF,42D9FFFF,8D563A00000000005357B7011BE6B333929D0000120000004C00000056F5FFFFC528000061EBFFFFF4F2FFFF42D9FFFF
1786745927916,F1563A0000000000,6157B701,01E6B333,929D0000,12000000,4C000000,66F5FFFF,CA280000,7FEBFFFF,FAF2FFFF,52D9FFFF,F1563A00000000006157B70101E6B333929D0000120000004C00000066F5FFFFCA2800007FEBFFFFFAF2FFFF52D9FFFF
1786745927916,55573A0000000000,6F57B701,E6E5B333,929D0000,12000000,4C000000,73F5FFFF,CE280000,9DEBFFFF,00F3FFFF,5FD9FFFF,55573A00000000006F57B701E6E5B333929D0000120000004C00000073F5FFFFCE2800009DEBFFFF00F3FFFF5FD9FFFF
1786745927916,B9573A0000000000,7C57B701,CBE5B333,929D0000,12000000,4C000000,7BF5FFFF,D3280000,BAEBFFFF,06F3FFFF,67D9FFFF,B9573A00000000007C57B701CBE5B333929D0000120000004C0000007BF5FFFFD3280000BAEBFFFF06F3FFFF67D9FFFF
1786745927916,1E583A0000000000,8A57B701,B0E5B333,929D0000,12000000,4C000000,7CF5FFFF,D8280000,D8EBFFFF,0CF3FFFF,68D9FFFF,1E583A00000000008A57B701B0E5B333929D0000120000004C0000007CF5FFFFD8280000D8EBFFFF0CF3FFFF68D9FFFF
1786745927916,82583A0000000000,9757B701,96E5B333,929D0000,12000000,4C000000,73F5FFFF,DC280000,F5EBFFFF,11F3FFFF,5FD9FFFF,82583A00000000009757B70196E5B333929D0000120000004C00000073F5FFFFDC280000F5EBFFFF11F3FFFF5FD9FFFF
1786745927916,E6583A0000000000,A557B701,7AE5B333,929D0000,12000000,4C000000,64F5FFFF,E1280000,13ECFFFF,17F3FFFF,50D9FFFF,E6583A0000000000A557B7017AE5B333929D0000120000004C00000064F5FFFFE128000013ECFFFF17F3FFFF50D9FFFF
1786745927916,4A593A0000000000,B157B701,62E5B333,929D0000,12000000,4C000000,54F5FFFF,E5280000,2EECFFFF,1DF3FFFF,40D9FFFF,4A593A0000000000B157B70162E5B333929D0000120000004C00000054F5FFFFE52800002EECFFFF1DF3FFFF40D9FFFF
1786745927916,AE593A0000000000,BD57B701,4AE5B333,929D0000,12000000,4C000000,46F5FFFF,EA280000,49ECFFFF,22F3FFFF,32D9FFFF,AE593A0000000000BD57B7014AE5B333929D0000120000004C00000046F5FFFFEA28000049ECFFFF22F3FFFF32D9FFFF
1786745928916,135A3A0000000000,CA57B701,32E5B333,929D0000,12000000,4C000000,3AF5FFFF,EE280000,64ECFFFF,27F3FFFF,26D9FFFF,135A3A0000000000CA57B70132E5B333929D0000120000004C0000003AF5FFFFEE28000064ECFFFF27F3FFFF26D9FFFF
1786745928916,765A3A0000000000,D757B701,1AE5B333,929D0000,12000000,4C000000,2AF5FFFF,F3280000,7FECFFFF,2DF3FFFF,16D9FFFF,765A3A0000000000D757B7011AE5B333929D0000120000004C0000002AF5FFFFF32800007FECFFFF2DF3FFFF16D9FFFF
1786745928916,DB5A3A0000000000,E357B701,02E5B333,929D0000,12000000,4C000000,1AF5FFFF,F7280000,99ECFFFF,32F3FFFF,06D9FFFF,DB5A3A0000000000E357B70102E5B333929D0000120000004C0000001AF5FFFFF728000099ECFFFF32F3FFFF06D9FFFF
1786745928916,3F5B3A0000000000,F057B701,E9E4B333,929D0000,12000000,4C000000,08F5FFFF,FC280000,B4ECFFFF,37F3FFFF,F4D8FFFF,3F5B3A0000000000F057B701E9E4B333929D0000120000004C00000008F5FFFFFC280000B4ECFFFF37F3FFFFF4D8FFFF
1786745928916,A35B3A0000000000,FD57B701,D1E4B333,929D0000,12000000,4C000000,FAF4FFFF,01290000,CFECFFFF,3CF3FFFF,E6D8FFFF,A35B3A0000000000FD57B701D1E4B333929D0000120000004C000000FAF4FFFF01290000CFECFFFF3CF3FFFFE6D8FFFF
1786745928916,075C3A0000000000,0958B701,B9E4B333,929D0000,12000000,4C000000,F4F4FFFF,05290000,EAECFFFF,42F3FFFF,E0D8FFFF,075C3A00000000000958B701B9E4B333929D0000120000004C000000F4F4FFFF05290000EAECFFFF42F3FFFFE0D8FFFF
1786745928916,6B5C3A0000000000,1658B701,A1E4B333,929D0000,12000000,4C000000,EBF4FFFF,0A290000,05EDFFFF,47F3FFFF,D7D8FFFF,6B5C3A00000000001658B701A1E4B333929D0000120000004C000000EBF4FFFF0A29000005EDFFFF47F3FFFFD7D8FFFF
1786745928916,CF5C3A0000000000,2358B701,89E4B333,929D0000,12000000,4C000000,E4F4FFFF,0F290000,20EDFFFF,4CF3FFFF,D0D8FFFF,CF5C3A00000000002358B70189E4B333929D0000120000004C000000E4F4FFFF0F29000020EDFFFF4CF3FFFFD0D8FFFF
1786745928916,335D3A0000000000,3058B701,71E4B333,929D0000,12000000,4C000000,DBF4FFFF,14290000,3BEDFFFF,51F3FFFF,C7D8FFFF,335D3A00000000003058B70171E4B333929D0000120000004C000000DBF4FFFF142900003BEDFFFF51F3FFFFC7D8FFFF
1786745928916,975D3A0000000000,3D58B701,59E4B333,929D0000,12000000,4C000000,D2F4FFFF,19290000,55EDFFFF,57F3FFFF,BED8FFFF,975D3A00000000003D58B70159E4B333929D0000120000004C000000D2F4FFFF1929000055EDFFFF57F3FFFFBED8FFFF
1786745929916,FC5D3A0000000000,4958B701,43E4B333,929D0000,12000000,4C000000,D0F4FFFF,1E290000,6EEDFFFF,5BF3FFFF,BCD8FFFF,FC5D3A00000000004958B70143E4B333929D0000120000004C000000D0F4FFFF1E2900006EEDFFFF5BF3FFFFBCD8FFFF
1786745929916,605E3A0000000000,5458B701,2EE4B333,929D0000,12000000,4C000000,D3F4FFFF,22290000,86EDFFFF,60F3FFFF,BFD8FFFF,605E3A00000000005458B7012EE4B333929D0000120000004C000000D3F4FFFF2229000086EDFFFF60F3FFFFBFD8FFFF
1786745929916,C45E3A0000000000,6058B701,18E4B333,929D0000,12000000,4C000000,D3F4FFFF,27290000,9EEDFFFF,65F3FFFF,BFD8FFFF,C45E3A00000000006058B70118E4B333929D0000120000004C000000D3F4FFFF272900009EEDFFFF65F3FFFFBFD8FFFF
1786745929916,285F3A0000000000,6C58B701,03E4B333,929D0000,12000000,4C000000,D7F4FFFF,2B290000,B6EDFFFF,69F3FFFF,C3D8FFFF,285F3A00000000006C58B70103E4B333929D0000120000004C000000D7F4FFFF2B290000B6EDFFFF69F3FFFFC3D8FFFF
1786745929916,8C5F3A0000000000,7758B701,EDE3B333,929D0000,12000000,4C000000,DCF4FFFF,2F290000,CEEDFFFF,6EF3FFFF,C8D8FFFF,8C5F3A00000000007758B701EDE3B333929D0000120000004C000000DCF4FFFF2F290000CEEDFFFF6EF3FFFFC8D8FFFF
1786745929916,F05F3A0000000000,8358B701,D7E3B333,929D0000,12000000,4C000000,DBF4FFFF,34290000,E6EDFFFF,73F3FFFF,C7D8FFFF,F05F3A00000000008358B701D7E3B333929D0000120000004C000000DBF4FFFF34290000E6EDFFFF73F3FFFFC7D8FFFF
1786745929916,55603A0000000000,8F58B701,C2E3B333,929D0000,12000000,4C000000,DCF4FFFF,38290000,FEEDFFFF,78F3FFFF,C8D8FFFF,55603A00000000008F58B701C2E3B333929D0000120000004C000000DCF4FFFF38290000FEEDFFFF78F3FFFFC8D8FFFF
1786745929916,B8603A0000000000,9A58B701,ACE3B333,929D0000,12000000,4C000000,E2F4FFFF,3D290000,17EEFFFF,7DF3FFFF,CED8FFFF,B8603A00000000009A58B701ACE3B333929D0000120000004C000000E2F4FFFF3D29000017EEFFFF7DF3FFFFCED8FFFF
1786745929916,1D613A0000000000,A658B701,97E3B333,929D0000,12000000,4C000000,F2F4FFFF,41290000,2EEEFFFF,82F3FFFF,DED8FFFF,1D613A0000000000A658B70197E3B333929D0000120000004C000000F2F4FFFF412900002EEEFFFF82F3FFFFDED8FFFF
1786745929916,81613A0000000000,B158B701,81E3B333,929D0000,12000000,4C000000,06F5FFFF,45290000,47EEFFFF,87F3FFFF,F2D8FFFF,81613A0000000000B158B70181E3B333929D0000120000004C00000006F5FFFF4529000047EEFFFF87F3FFFFF2D8FFFF
1786745930916,E5613A0000000000,BD58B701,6BE3B333,929D0000,12000000,4C000000,1CF5FFFF,4A290000,5FEEFFFF,8CF3FFFF,08D9FFFF,E5613A0000000000BD58B7016BE3B333929D0000120000004C0000001CF5FFFF4A2900005FEEFFFF8CF3FFFF08D9FFFF
1786745930916,49623A0000000000,C858B701,55E3B333,929D0000,12000000,4C000000,30F5FFFF,4E290000,77EEFFFF,91F3FFFF,1CD9FFFF,49623A0000000000C858B70155E3B333929D0000120000004C00000030F5FFFF4E29000077EEFFFF91F3FFFF1CD9FFFF
1786745930916,AD623A0000000000,D358B701,40E3B333,929D0000,12000000,4C000000,45F5FFFF,52290000,8FEEFFFF,95F3FFFF,31D9FFFF,AD623A0000000000D358B70140E3B333929D0000120000004C00000045F5FFFF522900008FEEFFFF95F3FFFF31D9FFFF
1786745930916,11633A0000000000,DD58B701,2CE3B333,929D0000,12000000,4C000000,5BF5FFFF,55290000,A5EEFFFF,9AF3FFFF,47D9FFFF,11633A0000000000DD58B7012CE3B333929D0000120000004C0000005BF5FFFF55290000A5EEFFFF9AF3FFFF47D9FFFF
1786745930916,76633A0000000000,E758B701,19E3B333,929D0000,12000000,4C000000,71F5FFFF,59290000,BAEEFFFF,9EF3FFFF,5DD9FFFF,76633A0000000000E758B70119E3B333929D0000120000004C00000071F5FFFF59290000BAEEFFFF9EF3FFFF5DD9FFFF
1786745930916,DA633A0000000000,F158B701,05E3B333,929D0000,12000000,4C000000,84F5FFFF,5C290000,D0EEFFFF,A2F3FFFF,70D9FFFF,DA633A0000000000F158B70105E3B333929D0000120000004C00000084F5FFFF5C290000D0EEFFFFA2F3FFFF70D9FFFF
1786745930916,3E643A0000000000,FB58B701,F2E2B333,929D0000,12000000,4C000000,95F5FFFF,5F290000,E5EEFFFF,A7F3FFFF,81D9FFFF,3E643A0000000000FB58B701F2E2B333929D0000120000004C00000095F5FFFF5F290000E5EEFFFFA7F3FFFF81D9FFFF
1786745930916,A2643A0000000000,0459B701,DEE2B333,929D0000,12000000,4C000000,A6F5FFFF,63290000,FBEEFFFF,ABF3FFFF,92D9FFFF,A2643A00000000000459B701DEE2B333929D0000120000004C000000A6F5FFFF63290000FBEEFFFFABF3FFFF92D9FFFF
1786745930916,06653A0000000000,0E59B701,CBE2B333,929D0000,12000000,4C000000,B5F5FFFF,66290000,10EFFFFF,AFF3FFFF,A1D9FFFF,06653A00000000000E59B701CBE2B333929D0000120000004C000000B5F5FFFF6629000010EFFFFFAFF3FFFFA1D9FFFF
1786745930916,6A653A0000000000,1759B701,B7E2B333,929D0000,12000000,4C000000,C7F5FFFF,69290000,26EFFFFF,B4F3FFFF,B3D9FFFF,6A653A00000000001759B701B7E2B333929D0000120000004C000000C7F5FFFF6929000026EFFFFFB4F3FFFFB3D9FFFF
1786745931916,CE653A0000000000,2159B701,A4E2B333,929D0000,12000000,4C000000,DBF5FFFF,6C290000,3CEFFFFF,B8F3FFFF,C7D9FFFF,CE653A00000000002159B701A4E2B333929D0000120000004C000000DBF5FFFF6C2900003CEFFFFFB8F3FFFFC7D9FFFF
1786745931916,32663A0000000000,2959B701,92E2B333,929D0000,12000000,4C000000,F1F5FFFF,6F290000,4FEFFFFF,BCF3FFFF,DDD9FFFF,32663A00000000002959B70192E2B333929D0000120000004C000000F1F5FFFF6F2900004FEFFFFFBCF3FFFFDDD9FFFF
1786745931916,97663A0000000000,3159B701,81E2B333,929D0000,12000000,4C000000,05F6FFFF,71290000,61EFFFFF,C0F3FFFF,F1D9FFFF,97663A00000000003159B70181E2B333929D0000120000004C00000005F6FFFF7129000061EFFFFFC0F3FFFFF1D9FFFF
1786745931916,FB663A0000000000,3A59B701,70E2B333,929D0000,12000000,4C000000,15F6FFFF,73290000,74EFFFFF,C4F3FFFF,01DAFFFF,FB663A00000000003A59B70170E2B333929D0000120000004C00000015F6FFFF7329000074EFFFFFC4F3FFFF01DAFFFF
1786745931916,5F673A0000000000,4259B701,5FE2B333,929D0000,12000000,4C000000,2AF6FFFF,76290000,87EFFFFF,C7F3FFFF,16DAFFFF,5F673A00000000004259B7015FE2B333929D0000120000004C0000002AF6FFFF7629000087EFFFFFC7F3FFFF16DAFFFF
1786745931916,C3673A0000000000,4A59B701,4DE2B333,929D0000,12000000,4C000000,3FF6FFFF,78290000,9AEFFFFF,CBF3FFFF,2BDAFFFF,C3673A00000000004A59B7014DE2B333929D0000120000004C0000003FF6FFFF782900009AEFFFFFCBF3FFFF2BDAFFFF
1786745931916,29683A0000000000,5359B701,3AE2B333,929D0000,12000000,4C000000,4DF6FFFF,7B290000,B0EFFFFF,CFF3FFFF,39DAFFFF,29683A00000000005359B7013AE2B333929D0000120000004C0000004DF6FFFF7B290000B0EFFFFFCFF3FFFF39DAFFFF
1786745931916,8B683A0000000000,5C59B701,26E2B333,929D0000,12000000,4C000000,57F6FFFF,7D290000,C6EFFFFF,D4F3FFFF,43DAFFFF,8B683A00000000005C59B70126E2B333929D0000120000004C00000057F6FFFF7D290000C6EFFFFFD4F3FFFF43DAFFFF
1786745931916,EF683A0000000000,6559B701,12E2B333,929D0000,12000000,4C000000,5EF6FFFF,80290000,DBEFFFFF,D8F3FFFF,4ADAFFFF,EF683A00000000006559B70112E2B333929D0000120000004C0000005EF6FFFF80290000DBEFFFFFD8F3FFFF4ADAFFFF
1786745932916,53693A0000000000,6E59B701,FEE1B333,929D0000,12000000,4C000000,5EF6FFFF,82290000,F1EFFFFF,DCF3FFFF,4ADAFFFF,53693A00000000006E59B701FEE1B333929D0000120000004C0000005EF6FFFF82290000F1EFFFFFDCF3FFFF4ADAFFFF
1786745932916,B9693A0000000000,7759B701,EAE1B333,929D0000,12000000,4C000000,57F6FFFF,85290000,07F0FFFF,E0F3FFFF,43DAFFFF,B9693A00000000007759B701EAE1B333929D0000120000004C00000057F6FFFF8529000007F0FFFFE0F3FFFF43DAFFFF
1786745932916,1C6A3A0000000000,8159B701,D4E1B333,929D0000,12000000,4C000000,47F6FFFF,88290000,1FF0FFFF,E5F3FFFF,33DAFFFF,1C6A3A00000000008159B701D4E1B333929D0000120000004C00000047F6FFFF882900001FF0FFFFE5F3FFFF33DAFFFF
1786745932916,806A3A0000000000,8B59B701,BEE1B333,929D0000,12000000,4C000000,36F6FFFF,8B290000,37F0FFFF,EAF3FFFF,22DAFFFF,806A3A00000000008B59B701BEE1B333929D0000120000004C00000036F6FFFF8B29000037F0FFFFEAF3FFFF22DAFFFF
1786745932916,E46A3A0000000000,9659B701,A8E1B333,929D0000,12000000,4C000000,2FF6FFFF,8E290000,4FF0FFFF,EFF3FFFF,1BDAFFFF,E46A3A00000000009659B701A8E1B333929D0000120000004C0000002FF6FFFF8E2900004FF0FFFFEFF3FFFF1BDAFFFF
1786745932916,486B3A0000000000,A059B701,91E1B333,929D0000,12000000,4C000000,30F6FFFF,90290000,68F0FFFF,F4F3FFFF,1CDAFFFF,486B3A0000000000A059B70191E1B333929D0000120000004C00000030F6FFFF9029000068F0FFFFF4F3FFFF1CDAFFFF
1786745932916,AC6B3A0000000000,AA59B701,7BE1B333,929D0000,12000000,4C000000,32F6FFFF,94290000,80F0FFFF,F9F3FFFF,1EDAFFFF,AC6B3A0000000000AA59B7017BE1B333929D0000120000004C00000032F6FFFF9429000080F0FFFFF9F3FFFF1EDAFFFF
1786745932916,116C3A0000000000,B659B701,62E1B333,929D0000,12000000,4C000000,32F6FFFF,97290000,9BF0FFFF,FFF3FFFF,1EDAFFFF,116C3A0000000000B659B70162E1B333929D0000120000004C00000032F6FFFF972900009BF0FFFFFFF3FFFF1EDAFFFF
1786745932916,746C3A0000000000,C159B701,4AE1B333,929D0000,12000000,4C000000,24F6FFFF,9A290000,B6F0FFFF,04F4FFFF,10DAFFFF,746C3A0000000000C159B7014AE1B333929D0000120000004C00000024F6FFFF9A290000B6F0FFFF04F4FFFF10DAFFFF
1786745932916,D96C3A0000000000,CD59B701,31E1B333,929D0000,12000000,4C000000,1AF6FFFF,9E290000,D1F0FFFF,09F4FFFF,06DAFFFF,D96C3A0000000000CD59B70131E1B333929D0000120000004C0000001AF6FFFF9E290000D1F0FFFF09F4FFFF06DAFFFF
1786745933916,3D6D3A0000000000,D859B701,18E1B333,929D0000,12000000,4C000000,09F6FFFF,A1290000,ECF0FFFF,0FF4FFFF,F5D9FFFF,3D6D3A0000000000D859B70118E1B333929D0000120000004C00000009F6FFFFA1290000ECF0FFFF0FF4FFFFF5D9FFFF
1786745933916,A16D3A0000000000,E459B701,00E1B333,929D0000,12000000,4C000000,F4F5FFFF,A5290000,07F1FFFF,14F4FFFF,E0D9FFFF,A16D3A0000000000E459B70100E1B333929D0000120000004C000000F4F5FFFFA529000007F1FFFF14F4FFFFE0D9FFFF
1786745933916,056E3A0000000000,F059B701,E7E0B333,929D0000,12000000,4C000000,E3F5FFFF,A8290000,22F1FFFF,1AF4FFFF,CFD9FFFF,056E3A0000000000F059B701E7E0B333929D0000120000004C000000E3F5FFFFA829000022F1FFFF1AF4FFFFCFD9FFFF
1786745933916,696E3A0000000000,FB59B701,CFE0B333,929D0000,12000000,4C000000,D4F5FFFF,AC290000,3DF1FFFF,1FF4FFFF,C0D9FFFF,696E3A0000000000FB59B701CFE0B333929D0000120000004C000000D4F5FFFFAC2900003DF1FFFF1FF4FFFFC0D9FFFF
1786745933916,CD6E3A0000000000,075AB701,B6E0B333,929D0000,12000000,4C000000,C2F5FFFF,B0290000,58F1FFFF,25F4FFFF,AED9FFFF,CD6E3A0000000000075AB701B6E0B333929D0000120000004C000000C2F5FFFFB029000058F1FFFF25F4FFFFAED9FFFF
1786745933916,316F3A0000000000,135AB701,9EE0B333,929D0000,12000000,4C000000,AFF5FFFF,B3290000,73F1FFFF,2BF4FFFF,9BD9FFFF,316F3A0000000000135AB7019EE0B333929D0000120000004C000000AFF5FFFFB329000073F1FFFF2BF4FFFF9BD9FFFF
1786745933916,966F3A0000000000,1F5AB701,85E0B333,929D0000,12000000,4C000000,99F5FFFF,B8290000,8EF1FFFF,30F4FFFF,85D9FFFF,966F3A00000000001F5AB70185E0B333929D0000120000004C00000099F5FFFFB82900008EF1FFFF30F4FFFF85D9FFFF
1786745933916,FA6F3A0000000000,2B5AB701,6DE0B333,929D0000,12000000,4C000000,81F5FFFF,BC290000,A9F1FFFF,36F4FFFF,6DD9FFFF,FA6F3A00000000002B5AB7016DE0B333929D0000120000004C00000081F5FFFFBC290000A9F1FFFF36F4FFFF6DD9FFFF
1786745933916,5E703A0000000000,365AB701,57E0B333,929D0000,12000000,4C000000,72F5FFFF,BF290000,C1F1FFFF,3BF4FFFF,5ED9FFFF,5E703A0000000000365AB70157E0B333929D0000120000004C00000072F5FFFFBF290000C1F1FFFF3BF4FFFF5ED9FFFF
1786745933916,C2703A0000000000,415AB701,41E0B333,929D0000,12000000,4C000000,6AF5FFFF,C3290000,D9F1FFFF,40F4FFFF,56D9FFFF,C2703A0000000000415AB70141E0B333929D0000120000004C0000006AF5FFFFC3290000D9F1FFFF40F4FFFF56D9FFFF
1786745934916,26713A0000000000,4D5AB701,2BE0B333,929D0000,12000000,4C000000,69F5FFFF,C7290000,F1F1FFFF,45F4FFFF,55D9FFFF,26713A00000000004D5AB7012BE0B333929D0000120000004C00000069F5FFFFC7290000F1F1FFFF45F4FFFF55D9FFFF
1786745934916,8B713A0000000000,585AB701,15E0B333,929D0000,12000000,4C000000,6DF5FFFF,CB290000,0AF2FFFF,4AF4FFFF,59D9FFFF,8B713A0000000000585AB70115E0B333929D0000120000004C0000006DF5FFFFCB2900000AF2FFFF4AF4FFFF59D9FFFF
1786745934916,EE713A0000000000,635AB701,00E0B333,929D0000,12000000,4C000000,71F5FFFF,CF290000,22F2FFFF,50F4FFFF,5DD9FFFF,EE713A0000000000635AB70100E0B333929D0000120000004C00000071F5FFFFCF29000022F2FFFF50F4FFFF5DD9FFFF
1786745934916,52723A0000000000,6E5AB701,EADFB333,929D0000,12000000,4C000000,72F5FFFF,D2290000,3AF2FFFF,54F4FFFF,5ED9FFFF,52723A00000000006E5AB701EADFB333929D0000120000004C00000072F5FFFFD22900003AF2FFFF54F4FFFF5ED9FFFF
1786745934916,B7723A0000000000,795AB701,D4DFB333,929D0000,12000000,4C000000,73F5FFFF,D6290000,52F2FFFF,5AF4FFFF,5FD9FFFF,B7723A0000000000795AB701D4DFB333929D0000120000004C00000073F5FFFFD629000052F2FFFF5AF4FFFF5FD9FFFF
1786745934916,1B733A0000000000,845AB701,BEDFB333,929D0000,12000000,4C000000,7BF5FFFF,DA290000,6AF2FFFF,5EF4FFFF,67D9FFFF,1B733A0000000000845AB701BEDFB333929D0000120000004C0000007BF5FFFFDA2900006AF2FFFF5EF4FFFF67D9FFFF
1786745934916,7F733A0000000000,8F5AB701,A8DFB333,929D0000,12000000,4C000000,7DF5FFFF,DE290000,83F2FFFF,63F4FFFF,69D9FFFF,7F733A00000000008F5AB701A8DFB333929D0000120000004C0000007DF5FFFFDE29000083F2FFFF63F4FFFF69D9FFFF
1786745934916,E3733A0000000000,9A5AB701,92DFB333,929D0000,12000000,4C000000,74F5FFFF,E1290000,9BF2FFFF,68F4FFFF,60D9FFFF,E3733A00000000009A5AB70192DFB333929D0000120000004C00000074F5FFFFE12900009BF2FFFF68F4FFFF60D9FFFF
1786745934916,47743A0000000000,A55AB701,7DDFB333,929D0000,12000000,4C000000,65F5FFFF,E5290000,B3F2FFFF,6DF4FFFF,51D9FFFF,47743A0000000000A55AB7017DDFB333929D0000120000004C00000065F5FFFFE5290000B3F2FFFF6DF4FFFF51D9FFFF
1786745934916,AB743A0000000000,B05AB701,67DFB333,929D0000,12000000,4C000000,58F5FFFF,E9290000,CBF2FFFF,72F4FFFF,44D9FFFF,AB743A0000000000B05AB70167DFB333929D0000120000004C00000058F5FFFFE9290000CBF2FFFF72F4FFFF44D9FFFF
1786745935916,0F753A0000000000,BB5AB701,51DFB333,929D0000,12000000,4C000000,4DF5FFFF,ED290000,E3F2FFFF,77F4FFFF,39D9FFFF,0F753A0000000000BB5AB70151DFB333929D0000120000004C0000004DF5FFFFED290000E3F2FFFF77F4FFFF39D9FFFF
1786745935916,73753A0000000000,C65AB701,3BDFB333,929D0000,12000000,4C000000,4CF5FFFF,F1290000,FCF2FFFF,7DF4FFFF,38D9FFFF,73753A0000000000C65AB7013BDFB333929D0000120000004C0000004CF5FFFFF1290000FCF2FFFF7DF4FFFF38D9FFFF
1786745935916,D8753A0000000000,D15AB701,25DFB333,929D0000,12000000,4C000000,50F5FFFF,F5290000,13F3FFFF,82F4FFFF,3CD9FFFF,D8753A0000000000D15AB70125DFB333929D0000120000004C00000050F5FFFFF529000013F3FFFF82F4FFFF3CD9FFFF
1786745935916,3C763A0000000000,DC5AB701,10DFB333,929D0000,12000000,4C000000,58F5FFFF,F9290000,2CF3FFFF,87F4FFFF,44D9FFFF,3C763A0000000000DC5AB70110DFB333929D0000120000004C00000058F5FFFFF92900002CF3FFFF87F4FFFF44D9FFFF
1786745935916,A0763A0000000000,E85AB701,FADEB333,929D0000,12000000,4C000000,5CF5FFFF,FD290000,44F3FFFF,8CF4FFFF,48D9FFFF,A0763A0000000000E85AB701FADEB333929D0000120000004C0000005CF5FFFFFD29000044F3FFFF8CF4FFFF48D9FFFF
1786745935916,04773A0000000000,F35AB701,E4DEB333,929D0000,12000000,4C000000,62F5FFFF,012A0000,5CF3FFFF,92F4FFFF,4ED9FFFF,04773A0000000000F35AB701E4DEB333929D0000120000004C00000062F5FFFF012A00005CF3FFFF92F4FFFF4ED9FFFF
1786745935916,68773A0000000000,FD5AB701,D1DEB333,929D0000,12000000,4C000000,6EF5FFFF,042A0000,72F3FFFF,96F4FFFF,5AD9FFFF,68773A0000000000FD5AB701D1DEB333929D0000120000004C0000006EF5FFFF042A000072F3FFFF96F4FFFF5AD9FFFF
1786745935916,CC773A0000000000,065BB701,BDDEB333,929D0000,12000000,4C000000,7CF5FFFF,082A0000,87F3FFFF,9BF4FFFF,68D9FFFF,CC773A0000000000065BB701BDDEB333929D0000120000004C0000007CF5FFFF082A000087F3FFFF9BF4FFFF68D9FFFF
1786745935916,31783A0000000000,105BB701,AADEB333,929D0000,12000000,4C000000,8EF5FFFF,0B2A0000,9CF3FFFF,9FF4FFFF,7AD9FFFF,31783A0000000000105BB701AADEB333929D0000120000004C0000008EF5FFFF0B2A00009CF3FFFF9FF4FFFF7AD9FFFF
1786745935916,95783A0000000000,1A5BB701,96DEB333,929D0000,12000000,4C000000,9BF5FFFF,0E2A0000,B2F3FFFF,A4F4FFFF,87D9FFFF,95783A00000000001A5BB70196DEB333929D0000120000004C0000009BF5FFFF0E2A0000B2F3FFFFA4F4FFFF87D9FFFF
1786745936916,F9783A0000000000,235BB701,83DEB333,929D0000,12000000,4C000000,A8F5FFFF,112A0000,C7F3FFFF,A8F4FFFF,94D9FFFF,F9783A0000000000235BB70183DEB333929D0000120000004C000000A8F5FFFF112A0000C7F3FFFFA8F4FFFF94D9FFFF
1786745936916,5E793A0000000000,2D5BB701,6FDEB333,929D0000,12000000,4C000000,B4F5FFFF,142A0000,DDF3FFFF,ADF4FFFF,A0D9FFFF,5E793A00000000002D5BB7016FDEB333929D0000120000004C000000B4F5FFFF142A0000DDF3FFFFADF4FFFFA0D9FFFF
1786745936916,C1793A0000000000,375BB701,5CDEB333,929D0000,12000000,4C000000,BFF5FFFF,172A0000,F2F3FFFF,B1F4FFFF,ABD9FFFF,C1793A0000000000375BB7015CDEB333929D0000120000004C000000BFF5FFFF172A0000F2F3FFFFB1F4FFFFABD9FFFF
1786745936916,257A3A0000000000,405BB701,48DEB333,929D0000,12000000,4C000000,C6F5FFFF,1B2A0000,08F4FFFF,B6F4FFFF,B2D9FFFF,257A3A0000000000405BB70148DEB333929D0000120000004C000000C6F5FFFF1B2A000008F4FFFFB6F4FFFFB2D9FFFF
1786745936916,897A3A0000000000,4A5BB701,35DEB333,929D0000,12000000,4C000000,D4F5FFFF,1E2A0000,1EF4FFFF,BAF4FFFF,C0D9FFFF,897A3A00000000004A5BB70135DEB333929D0000120000004C000000D4F5FFFF1E2A00001EF4FFFFBAF4FFFFC0D9FFFF
1786745936916,ED7A3A0000000000,535BB701,21DEB333,929D0000,12000000,4C000000,DEF5FFFF,212A0000,33F4FFFF,BEF4FFFF,CAD9FFFF,ED7A3A0000000000535BB70121DEB333929D0000120000004C000000DEF5FFFF212A000033F4FFFFBEF4FFFFCAD9FFFF
1786745936916,527B3A0000000000,5D5BB701,0DDEB333,929D0000,12000000,4C000000,E6F5FFFF,242A0000,49F4FFFF,C3F4FFFF,D2D9FFFF,527B3A00000000005D5BB7010DDEB333929D0000120000004C000000E6F5FFFF242A000049F4FFFFC3F4FFFFD2D9FFFF
1786745936916,B67B3A0000000000,665BB701,FADDB333,929D0000,12000000,4C000000,EDF5FFFF,262A0000,5EF4FFFF,C7F4FFFF,D9D9FFFF,B67B3A0000000000665BB701FADDB333929D0000120000004C000000EDF5FFFF262A00005EF4FFFFC7F4FFFFD9D9FFFF
1786745936916,1A7C3A0000000000,6F5BB701,E6DDB333,929D0000,12000000,4C000000,F6F5FFFF,292A0000,74F4FFFF,CCF4FFFF,E2D9FFFF,1A7C3A00000000006F5BB701E6DDB333929D0000120000004C000000F6F5FFFF292A000074F4FFFFCCF4FFFFE2D9FFFF
1786745936916,7E7C3A0000000000,795BB701,D3DDB333,929D0000,12000000,4C000000,FCF5FFFF,2C2A0000,89F4FFFF,D0F4FFFF,E8D9FFFF,7E7C3A0000000000795BB701D3DDB333929D0000120000004C000000FCF5FFFF2C2A000089F4FFFFD0F4FFFFE8D9FFFF
1786745937916,E27C3A0000000000,825BB701,BFDDB333,929D0000,12000000,4C000000,FEF5FFFF,2F2A0000,9FF4FFFF,D5F4FFFF,EAD9FFFF,E27C3A0000000000825BB701BFDDB333929D0000120000004C000000FEF5FFFF2F2A00009FF4FFFFD5F4FFFFEAD9FFFF
1786745937916,467D3A0000000000,8B5BB701,ABDDB333,929D0000,12000000,4C000000,06F6FFFF,322A0000,B5F4FFFF,D9F4FFFF,F2D9FFFF,467D3A00000000008B5BB701ABDDB333929D0000120000004C00000006F6FFFF322A0000B5F4FFFFD9F4FFFFF2D9FFFF
1786745937916,AA7D3A0000000000,955BB701,98DDB333,929D0000,12000000,4C000000,0FF6FFFF,352A0000,CAF4FFFF,DEF4FFFF,FBD9FFFF,AA7D3A0000000000955BB70198DDB333929D0000120000004C0000000FF6FFFF352A0000CAF4FFFFDEF4FFFFFBD9FFFF
1786745937916,0E7E3A0000000000,9E5BB701,84DDB333,929D0000,12000000,4C000000,16F6FFFF,372A0000,E0F4FFFF,E3F4FFFF,02DAFFFF,0E7E3A00000000009E5BB70184DDB333929D0000120000004C00000016F6FFFF372A0000E0F4FFFFE3F4FFFF02DAFFFF
1786745937916,737E3A0000000000,A75BB701,70DDB333,929D0000,12000000,4C000000,21F6FFFF,3A2A0000,F5F4FFFF,E7F4FFFF,0DDAFFFF,737E3A0000000000A75BB70170DDB333929D0000120000004C00000021F6FFFF3A2A0000F5F4FFFFE7F4FFFF0DDAFFFF
1786745937916,D77E3A0000000000,B05BB701,5CDDB333,929D0000,12000000,4C000000,2EF6FFFF,3D2A0000,0BF5FFFF,ECF4FFFF,1ADAFFFF,D77E3A0000000000B05BB7015CDDB333929D0000120000004C0000002EF6FFFF3D2A00000BF5FFFFECF4FFFF1ADAFFFF
1786745937916,3B7F3A0000000000,B85BB701,4BDDB333,929D0000,12000000,4C000000,3BF6FFFF,3F2A0000,1EF5FFFF,F0F4FFFF,27DAFFFF,3B7F3A0000000000B85BB7014BDDB333929D0000120000004C0000003BF6FFFF3F2A00001EF5FFFFF0F4FFFF27DAFFFF
1786745937916,A07F3A0000000000,C05BB701,3ADDB333,929D0000,12000000,4C000000,46F6FFFF,422A0000,31F5FFFF,F4F4FFFF,32DAFFFF,A07F3A0000000000C05BB7013ADDB333929D0000120000004C00000046F6FFFF422A000031F5FFFFF4F4FFFF32DAFFFF
1786745937916,03803A0000000000,C85BB701,29DDB333,929D0000,12000000,4C000000,4CF6FFFF,442A0000,43F5FFFF,F8F4FFFF,38DAFFFF,03803A0000000000C85BB70129DDB333929D0000120000004C0000004CF6FFFF442A000043F5FFFFF8F4FFFF38DAFFFF
1786745937916,67803A0000000000,D05BB701,17DDB333,929D0000,12000000,4C000000,50F6FFFF,462A0000,56F5FFFF,FCF4FFFF,3CDAFFFF,67803A0000000000D05BB70117DDB333929D0000120000004C00000050F6FFFF462A000056F5FFFFFCF4FFFF3CDAFFFF
1786745938916,CB803A0000000000,D85BB701,06DDB333,929D0000,12000000,4C000000,4DF6FFFF,482A0000,69F5FFFF,00F5FFFF,39DAFFFF,CB803A0000000000D85BB70106DDB333929D0000120000004C0000004DF6FFFF482A000069F5FFFF00F5FFFF39DAFFFF
1786745938916,30813A0000000000,E05BB701,F5DCB333,929D0000,12000000,4C000000,50F6FFFF,4A2A0000,7CF5FFFF,04F5FFFF,3CDAFFFF,30813A0000000000E05BB701F5DCB333929D0000120000004C00000050F6FFFF4A2A00007CF5FFFF04F5FFFF3CDAFFFF
1786745938916,94813A0000000000,E85BB701,E3DCB333,929D0000,12000000,4C000000,54F6FFFF,4D2A0000,8FF5FFFF,08F5FFFF,40DAFFFF,94813A0000000000E85BB701E3DCB333929D0000120000004C00000054F6FFFF4D2A00008FF5FFFF08F5FFFF40DAFFFF
1786745938916,F8813A0000000000,F05BB701,D2DCB333,929D0000,12000000,4C000000,59F6FFFF,4F2A0000,A2F5FFFF,0CF5FFFF,45DAFFFF,F8813A0000000000F05BB701D2DCB333929D0000120000004C00000059F6FFFF4F2A0000A2F5FFFF0CF5FFFF45DAFFFF
1786745938916,5C823A0000000000,F85BB701,C1DCB333,929D0000,12000000,4C000000,61F6FFFF,512A0000,B5F5FFFF,10F5FFFF,4DDAFFFF,5C823A0000000000F85BB701C1DCB333929D0000120000004C00000061F6FFFF512A0000B5F5FFFF10F5FFFF4DDAFFFF
1786745938916,C0823A0000000000,FF5BB701,B0DCB333,929D0000,12000000,4C000000,6DF6FFFF,532A0000,C8F5FFFF,14F5FFFF,59DAFFFF,C0823A0000000000FF5BB701B0DCB333929D0000120000004C0000006DF6FFFF532A0000C8F5FFFF14F5FFFF59DAFFFF
1786745938916,24833A0000000000,075CB701,9EDCB333,929D0000,12000000,4C000000,77F6FFFF,552A0000,DBF5FFFF,18F5FFFF,63DAFFFF,24833A0000000000075CB7019EDCB333929D0000120000004C00000077F6FFFF552A0000DBF5FFFF18F5FFFF63DAFFFF
1786745938916,89833A0000000000,0F5CB701,8DDCB333,929D0000,12000000,4C000000,86F6FFFF,572A0000,EDF5FFFF,1CF5FFFF,72DAFFFF,89833A00000000000F5CB7018DDCB333929D0000120000004C00000086F6FFFF572A0000EDF5FFFF1CF5FFFF72DAFFFF
1786745938916,EC833A0000000000,175CB701,7BDCB333,929D0000,12000000,4C000000,99F6FFFF,592A0000,00F6FFFF,20F5FFFF,85DAFFFF,EC833A0000000000175CB7017BDCB333929D0000120000004C00000099F6FFFF592A000000F6FFFF20F5FFFF85DAFFFF
1786745938916,51843A0000000000,1E5CB701,6ADCB333,929D0000,12000000,4C000000,A9F6FFFF,5B2A0000,13F6FFFF,24F5FFFF,95DAFFFF,51843A00000000001E5CB7016ADCB333929D0000120000004C000000A9F6FFFF5B2A000013F6FFFF24F5FFFF95DAFFFF
1786745939916,B6843A0000000000,265CB701,59DCB333,929D0000,12000000,4C000000,B7F6FFFF,5D2A0000,26F6FFFF,28F5FFFF,A3DAFFFF,B6843A0000000000265CB70159DCB333929D0000120000004C000000B7F6FFFF5D2A000026F6FFFF28F5FFFFA3DAFFFF
1786745939916,19853A0000000000,2E5CB701,47DCB333,929D0000,12000000,4C000000,C4F6FFFF,5F2A0000,39F6FFFF,2CF5FFFF,B0DAFFFF,19853A00000000002E5CB70147DCB333929D0000120000004C000000C4F6FFFF5F2A000039F6FFFF2CF5FFFFB0DAFFFF
1786745939916,7D853A0000000000,355CB701,36DCB333,929D0000,12000000,4C000000,CAF6FFFF,612A0000,4CF6FFFF,30F5FFFF,B6DAFFFF,7D853A0000000000355CB70136DCB333929D0000120000004C000000CAF6FFFF612A00004CF6FFFF30F5FFFFB6DAFFFF
1786745939916,E1853A0000000000,3C5CB701,27DCB333,929D0000,12000000,4C000000,D1F6FFFF,622A0000,5CF6FFFF,34F5FFFF,BDDAFFFF,E1853A00000000003C5CB70127DCB333929D0000120000004C000000D1F6FFFF622A00005CF6FFFF34F5FFFFBDDAFFFF
1786745939916,45863A0000000000,425CB701,18DCB333,929D0000,12000000,4C000000,D7F6FFFF,642A0000,6DF6FFFF,37F5FFFF,C3DAFFFF,45863A0000000000425CB70118DCB333929D0000120000004C000000D7F6FFFF642A00006DF6FFFF37F5FFFFC3DAFFFF
1786745939916,A9863A0000000000,495CB701,09DCB333,929D0000,12000000,4C000000,DBF6FFFF,662A0000,7DF6FFFF,3BF5FFFF,C7DAFFFF,A9863A0000000000495CB70109DCB333929D0000120000004C000000DBF6FFFF662A00007DF6FFFF3BF5FFFFC7DAFFFF
1786745939916,0D873A0000000000,4F5CB701,FADBB333,929D0000,12000000,4C000000,DFF6FFFF,672A0000,8DF6FFFF,3EF5FFFF,CBDAFFFF,0D873A00000000004F5CB701FADBB333929D0000120000004C000000DFF6FFFF672A00008DF6FFFF3EF5FFFFCBDAFFFF
1786745939916,72873A0000000000,555CB701,EBDBB333,929D0000,12000000,4C000000,E2F6FFFF,692A0000,9DF6FFFF,42F5FFFF,CEDAFFFF,72873A0000000000555CB701EBDBB333929D0000120000004C000000E2F6FFFF692A00009DF6FFFF42F5FFFFCEDAFFFF
1786745939916,D6873A0000000000,5C5CB701,DCDBB333,929D0000,12000000,4C000000,E7F6FFFF,6A2A0000,ADF6FFFF,45F5FFFF,D3DAFFFF,D6873A00000000005C5CB701DCDBB333929D0000120000004C000000E7F6FFFF6A2A0000ADF6FFFF45F5FFFFD3DAFFFF
1786745939916,3A883A0000000000,625CB701,CDDBB333,929D0000,12000000,4C000000,EFF6FFFF,6C2A0000,BEF6FFFF,49F5FFFF,DBDAFFFF,3A883A0000000000625CB701CDDBB333929D0000120000004C000000EFF6FFFF6C2A0000BEF6FFFF49F5FFFFDBDAFFFF
1786745940916,9E883A0000000000,685CB701,BEDBB333,929D0000,12000000,4C000000,F7F6FFFF,6D2A0000,CEF6FFFF,4CF5FFFF,E3DAFFFF,9E883A0000000000685CB701BEDBB333929D0000120000004C000000F7F6FFFF6D2A0000CEF6FFFF4CF5FFFFE3DAFFFF
1786745940916,03893A0000000000,6F5CB701,AFDBB333,929D0000,12000000,4C000000,05F7FFFF,6E2A0000,DEF6FFFF,50F5FFFF,F1DAFFFF,03893A00000000006F5CB701AFDBB333929D0000120000004C00000005F7FFFF6E2A0000DEF6FFFF50F5FFFFF1DAFFFF
1786745940916,66893A0000000000,755CB701,A0DBB333,929D0000,12000000,4C000000,0DF7FFFF,702A0000,EEF6FFFF,53F5FFFF,F9DAFFFF,66893A0000000000755CB701A0DBB333929D0000120000004C0000000DF7FFFF702A0000EEF6FFFF53F5FFFFF9DAFFFF
1786745940916,CA893A0000000000,7B5CB701,91DBB333,929D0000,12000000,4C000000,14F7FFFF,712A0000,FFF6FFFF,57F5FFFF,00DBFFFF,CA893A00000000007B5CB70191DBB333929D0000120000004C00000014F7FFFF712A0000FFF6FFFF57F5FFFF00DBFFFF
1786745940916,2E8A3A0000000000,825CB701,82DBB333,929D0000,12000000,4C000000,1DF7FFFF,732A0000,0FF7FFFF,5AF5FFFF,09DBFFFF,2E8A3A0000000000825CB70182DBB333929D0000120000004C0000001DF7FFFF732A00000FF7FFFF5AF5FFFF09DBFFFF
1786745940916,938A3A0000000000,875CB701,75DBB333,929D0000,12000000,4C000000,26F7FFFF,742A0000,1CF7FFFF,5DF5FFFF,12DBFFFF,938A3A0000000000875CB70175DBB333929D0000120000004C00000026F7FFFF742A00001CF7FFFF5DF5FFFF12DBFFFF
1786745940916,F78A3A0000000000,8C5CB701,68DBB333,929D0000,12000000,4C000000,2FF7FFFF,752A0000,2AF7FFFF,60F5FFFF,1BDBFFFF,F78A3A00000000008C5CB70168DBB333929D0000120000004C0000002FF7FFFF752A00002AF7FFFF60F5FFFF1BDBFFFF
1786745940916,5B8B3A0000000000,915CB701,5CDBB333,929D0000,12000000,4C000000,3AF7FFFF,762A0000,37F7FFFF,63F5FFFF,26DBFFFF,5B8B3A0000000000915CB7015CDBB333929D0000120000004C0000003AF7FFFF762A000037F7FFFF63F5FFFF26DBFFFF
1786745940916,BF8B3A0000000000,965CB701,4FDBB333,929D0000,12000000,4C000000,42F7FFFF,772A0000,45F7FFFF,66F5FFFF,2EDBFFFF,BF8B3A0000000000965CB7014FDBB333929D0000120000004C00000042F7FFFF772A000045F7FFFF66F5FFFF2EDBFFFF
1786745940916,238C3A0000000000,9B5CB701,43DBB333,929D0000,12000000,4C000000,4BF7FFFF,782A0000,52F7FFFF,69F5FFFF,37DBFFFF,238C3A00000000009B5CB70143DBB333929D0000120000004C0000004BF7FFFF782A000052F7FFFF69F5FFFF37DBFFFF
1786745941916,878C3A0000000000,A05CB701,36DBB333,929D0000,12000000,4C000000,51F7FFFF,792A0000,60F7FFFF,6CF5FFFF,3DDBFFFF,878C3A0000000000A05CB70136DBB333929D0000120000004C00000051F7FFFF792A000060F7FFFF6CF5FFFF3DDBFFFF
1786745941916,EC8C3A0000000000,A55CB701,2CDBB333,929D0000,12000000,4C000000,57F7FFFF,7A2A0000,6BF7FFFF,6FF5FFFF,43DBFFFF,EC8C3A0000000000A55CB7012CDBB333929D0000120000004C00000057F7FFFF7A2A00006BF7FFFF6FF5FFFF43DBFFFF
1786745941916,508D3A0000000000,A95CB701,22DBB333,929D0000,12000000,4C000000,5CF7FFFF,7A2A0000,76F7FFFF,71F5FFFF,48DBFFFF,508D3A0000000000A95CB70122DBB333929D0000120000004C0000005CF7FFFF7A2A000076F7FFFF71F5FFFF48DBFFFF
1786745941916,B58D3A0000000000,AC5CB701,1BDBB333,929D0000,12000000,4C000000,61F7FFFF,7B2A0000,7EF7FFFF,73F5FFFF,4DDBFFFF,B58D3A0000000000AC5CB7011BDBB333929D0000120000004C00000061F7FFFF7B2A00007EF7FFFF73F5FFFF4DDBFFFF
1786745941916,188E3A0000000000,AF5CB701,13DBB333,929D0000,12000000,4C000000,69F7FFFF,7B2A0000,86F7FFFF,75F5FFFF,55DBFFFF,188E3A0000000000AF5CB70113DBB333929D0000120000004C00000069F7FFFF7B2A000086F7FFFF75F5FFFF55DBFFFF
1786745941916,7C8E3A0000000000,B25CB701,0CDBB333,929D0000,12000000,4C000000,6FF7FFFF,7C2A0000,8EF7FFFF,76F5FFFF,5BDBFFFF,7C8E3A0000000000B25CB7010CDBB333929D0000120000004C0000006FF7FFFF7C2A00008EF7FFFF76F5FFFF5BDBFFFF
1786745941916,E08E3A0000000000,B55CB701,04DBB333,929D0000,12000000,4C000000,79F7FFFF,7C2A0000,96F7FFFF,78F5FFFF,65DBFFFF,E08E3A0000000000B55CB70104DBB333929D0000120000004C00000079F7FFFF7C2A000096F7FFFF78F5FFFF65DBFFFF
1786745941916,448F3A0000000000,B85CB701,FCDAB333,929D0000,12000000,4C000000,83F7FFFF,7D2A0000,9EF7FFFF,7AF5FFFF,6FDBFFFF,448F3A0000000000B85CB701FCDAB333929D0000120000004C00000083F7FFFF7D2A00009EF7FFFF7AF5FFFF6FDBFFFF
1786745941916,A88F3A0000000000,BB5CB701,F5DAB333,929D0000,12000000,4C000000,8CF7FFFF,7E2A0000,A6F7FFFF,7BF5FFFF,78DBFFFF,A88F3A0000000000BB5CB701F5DAB333929D0000120000004C0000008CF7FFFF7E2A0000A6F7FFFF7BF5FFFF78DBFFFF
1786745941916,0E903A0000000000,BE5CB701,EDDAB333,929D0000,12000000,4C000000,97F7FFFF,7E2A0000,AFF7FFFF,7DF5FFFF,83DBFFFF,0E903A0000000000BE5CB701EDDAB333929D0000120000004C00000097F7FFFF7E2A0000AFF7FFFF7DF5FFFF83DBFFFF
1786745942916,71903A0000000000,C15CB701,E6DAB333,929D0000,12000000,4C000000,A1F7FFFF,7F2A0000,B7F7FFFF,7FF5FFFF,8DDBFFFF,71903A0000000000C15CB701E6DAB333929D0000120000004C000000A1F7FFFF7F2A0000B7F7FFFF7FF5FFFF8DDBFFFF
1786745942916,D6903A0000000000,C45CB701,DEDAB333,929D0000,12000000,4C000000,AAF7FFFF,7F2A0000,BFF7FFFF,80F5FFFF,96DBFFFF,D6903A0000000000C45CB701DEDAB333929D0000120000004C000000AAF7FFFF7F2A0000BFF7FFFF80F5FFFF96DBFFFF
1786745942916,39913A0000000000,C65CB701,D6DAB333,929D0000,12000000,4C000000,B5F7FFFF,7F2A0000,C7F7FFFF,82F5FFFF,A1DBFFFF,39913A0000000000C65CB701D6DAB333929D0000120000004C000000B5F7FFFF7F2A0000C7F7FFFF82F5FFFFA1DBFFFF
1786745942916,9D913A0000000000,C95CB701,CFDAB333,929D0000,12000000,4C000000,BEF7FFFF,802A0000,CFF7FFFF,84F5FFFF,AADBFFFF,9D913A0000000000C95CB701CFDAB333929D0000120000004C000000BEF7FFFF802A0000CFF7FFFF84F5FFFFAADBFFFF
1786745942916,01923A0000000000,CC5CB701,C7DAB333,929D0000,12000000,4C000000,CAF7FFFF,802A0000,D7F7FFFF,86F5FFFF,B6DBFFFF,01923A0000000000CC5CB701C7DAB333929D0000120000004C000000CAF7FFFF802A0000D7F7FFFF86F5FFFFB6DBFFFF
1786745942916,65923A0000000000,D05CB701,BDDAB333,929D0000,12000000,4C000000,D2F7FFFF,812A0000,E2F7FFFF,88F5FFFF,BEDBFFFF,65923A0000000000D05CB701BDDAB333929D0000120000004C000000D2F7FFFF812A0000E2F7FFFF88F5FFFFBEDBFFFF
1786745942916,C9923A0000000000,D45CB701,B3DAB333,929D0000,12000000,4C000000,DDF7FFFF,812A0000,EDF7FFFF,8AF5FFFF,C9DBFFFF,C9923A0000000000D45CB701B3DAB333929D0000120000004C000000DDF7FFFF812A0000EDF7FFFF8AF5FFFFC9DBFFFF
1786745942916,2E933A0000000000,D85CB701,A9DAB333,929D0000,12000000,4C000000,E9F7FFFF,822A0000,F8F7FFFF,8CF5FFFF,D5DBFFFF,2E933A0000000000D85CB701A9DAB333929D0000120000004C000000E9F7FFFF822A0000F8F7FFFF8CF5FFFFD5DBFFFF
1786745942916,92933A0000000000,DC5CB701,9EDAB333,929D0000,12000000,4C000000,F3F7FFFF,822A0000,03F8FFFF,8EF5FFFF,DFDBFFFF,92933A0000000000DC5CB7019EDAB333929D0000120000004C000000F3F7FFFF822A000003F8FFFF8EF5FFFFDFDBFFFF
1786745942916,F7933A0000000000,DF5CB701,94DAB333,929D0000,12000000,4C000000,FDF7FFFF,832A0000,0EF8FFFF,91F5FFFF,E9DBFFFF,F7933A0000000000DF5CB70194DAB333929D0000120000004C000000FDF7FFFF832A00000EF8FFFF91F5FFFFE9DBFFFF
1786745943916,5A943A0000000000,E35CB701,8ADAB333,929D0000,12000000,4C000000,0CF8FFFF,832A0000,19F8FFFF,93F5FFFF,F8DBFFFF,5A943A0000000000E35CB7018ADAB333929D0000120000004C0000000CF8FFFF832A000019F8FFFF93F5FFFFF8DBFFFF
1786745943916,BE943A0000000000,E75CB701,80DAB333,929D0000,12000000,4C000000,1BF8FFFF,842A0000,23F8FFFF,95F5FFFF,07DCFFFF,BE943A0000000000E75CB70180DAB333929D0000120000004C0000001BF8FFFF842A000023F8FFFF95F5FFFF07DCFFFF
1786745943916,23953A0000000000,EB5CB701,75DAB333,929D0000,12000000,4C000000,2BF8FFFF,842A0000,2EF8FFFF,97F5FFFF,17DCFFFF,23953A0000000000EB5CB70175DAB333929D0000120000004C0000002BF8FFFF842A00002EF8FFFF97F5FFFF17DCFFFF
1786745943916,86953A0000000000,EE5CB701,6BDAB333,929D0000,12000000,4C000000,3DF8FFFF,852A0000,39F8FFFF,9AF5FFFF,29DCFFFF,86953A0000000000EE5CB7016BDAB333929D0000120000004C0000003DF8FFFF852A000039F8FFFF9AF5FFFF29DCFFFF
1786745943916,EA953A0000000000,F35CB701,5EDAB333,929D0000,12000000,4C000000,4EF8FFFF,852A0000,47F8FFFF,9CF5FFFF,3ADCFFFF,EA953A0000000000F35CB7015EDAB333929D0000120000004C0000004EF8FFFF852A000047F8FFFF9CF5FFFF3ADCFFFF
1786745943916,4F963A0000000000,F75CB701,52DAB333,929D0000,12000000,4C000000,66F8FFFF,852A0000,54F8FFFF,9FF5FFFF,52DCFFFF,4F963A0000000000F75CB70152DAB333929D0000120000004C00000066F8FFFF852A000054F8FFFF9FF5FFFF52DCFFFF
1786745943916,B3963A0000000000,FC5CB701,45DAB333,929D0000,12000000,4C000000,8BF8FFFF,862A0000,62F8FFFF,A2F5FFFF,77DCFFFF,B3963A0000000000FC5CB70145DAB333929D0000120000004C0000008BF8FFFF862A000062F8FFFFA2F5FFFF77DCFFFF
1786745943916,18973A0000000000,005DB701,38DAB333,929D0000,12000000,4C000000,B1F8FFFF,862A0000,70F8FFFF,A5F5FFFF,9DDCFFFF,18973A0000000000005DB70138DAB333929D0000120000004C000000B1F8FFFF862A000070F8FFFFA5F5FFFF9DDCFFFF
1786745943916,7B973A0000000000,045DB701,2BDAB333,929D0000,12000000,4C000000,DDF8FFFF,862A0000,7DF8FFFF,A8F5FFFF,C9DCFFFF,7B973A0000000000045DB7012BDAB333929D0000120000004C000000DDF8FFFF862A00007DF8FFFFA8F5FFFFC9DCFFFF
1786745943916,E0973A0000000000,095DB701,1EDAB333,929D0000,12000000,4C000000,13F9FFFF,862A0000,8BF8FFFF,ABF5FFFF,FFDCFFFF,E0973A0000000000095DB7011EDAB333929D0000120000004C00000013F9FFFF862A00008BF8FFFFABF5FFFFFFDCFFFF
1786745944916,43983A0000000000,0D5DB701,11DAB333,929D0000,12000000,4C000000,4BF9FFFF,862A0000,98F8FFFF,ADF5FFFF,37DDFFFF,43983A00000000000D5DB70111DAB333929D0000120000004C0000004BF9FFFF862A000098F8FFFFADF5FFFF37DDFFFF
1786745944916,A8983A0000000000,115DB701,04DAB333,929D0000,12000000,4C000000,7AF9FFFF,862A0000,A6F8FFFF,B0F5FFFF,66DDFFFF,A8983A0000000000115DB70104DAB333929D0000120000004C0000007AF9FFFF862A0000A6F8FFFFB0F5FFFF66DDFFFF
1786745944916,0D993A0000000000,155DB701,F7D9B333,929D0000,12000000,4C000000,A0F9FFFF,852A0000,B4F8FFFF,B3F5FFFF,8CDDFFFF,0D993A0000000000155DB701F7D9B333929D0000120000004C000000A0F9FFFF852A0000B4F8FFFFB3F5FFFF8CDDFFFF
1786745944916,70993A0000000000,185DB701,EAD9B333,929D0000,12000000,4C000000,C1F9FFFF,852A0000,C1F8FFFF,B6F5FFFF,ADDDFFFF,70993A0000000000185DB701EAD9B333929D0000120000004C000000C1F9FFFF852A0000C1F8FFFFB6F5FFFFADDDFFFF
1786745944916,D4993A0000000000,1C5DB701,DDD9B333,929D0000,12000000,4C000000,D7F9FFFF,842A0000,CFF8FFFF,B9F5FFFF,C3DDFFFF,D4993A00000000001C5DB701DDD9B333929D0000120000004C000000D7F9FFFF842A0000CFF8FFFFB9F5FFFFC3DDFFFF
1786745944916,389A3A0000000000,1F5DB701,D2D9B333,929D0000,12000000,4C000000,E2F9FFFF,842A0000,DAF8FFFF,BBF5FFFF,CEDDFFFF,389A3A00000000001F5DB701D2D9B333929D0000120000004C000000E2F9FFFF842A0000DAF8FFFFBBF5FFFFCEDDFFFF
1786745944916,9C9A3A0000000000,225DB701,C8D9B333,929D0000,12000000,4C000000,E9F9FFFF,832A0000,E5F8FFFF,BDF5FFFF,D5DDFFFF,9C9A3A0000000000225DB701C8D9B333929D0000120000004C000000E9F9FFFF832A0000E5F8FFFFBDF5FFFFD5DDFFFF
1786745944916,019B3A0000000000,255DB701,BDD9B333,929D0000,12000000,4C000000,F1F9FFFF,832A0000,EFF8FFFF,C0F5FFFF,DDDDFFFF,019B3A0000000000255DB701BDD9B333929D0000120000004C000000F1F9FFFF832A0000EFF8FFFFC0F5FFFFDDDDFFFF
1786745944916,649B3A0000000000,285DB701,B3D9B333,929D0000,12000000,4C000000,F8F9FFFF,822A0000,FAF8FFFF,C2F5FFFF,E4DDFFFF,649B3A0000000000285DB701B3D9B333929D0000120000004C000000F8F9FFFF822A0000FAF8FFFFC2F5FFFFE4DDFFFF
1786745944916,C99B3A0000000000,2A5DB701,ABD9B333,929D0000,12000000,4C000000,FBF9FFFF,822A0000,02F9FFFF,C4F5FFFF,E7DDFFFF,C99B3A00000000002A5DB701ABD9B333929D0000120000004C000000FBF9FFFF822A000002F9FFFFC4F5FFFFE7DDFFFF
1786745945916,2D9C3A0000000000,2C5DB701,A3D9B333,929D0000,12000000,4C000000,FCF9FFFF,822A0000,0AF9FFFF,C5F5FFFF,E8DDFFFF,2D9C3A00000000002C5DB701A3D9B333929D0000120000004C000000FCF9FFFF822A00000AF9FFFFC5F5FFFFE8DDFFFF
1786745945916,919C3A0000000000,2E5DB701,9BD9B333,929D0000,12000000,4C000000,FBF9FFFF,812A0000,13F9FFFF,C7F5FFFF,E7DDFFFF,919C3A00000000002E5DB7019BD9B333929D0000120000004C000000FBF9FFFF812A000013F9FFFFC7F5FFFFE7DDFFFF
1786745945916,F59C3A0000000000,2F5DB701,96D9B333,929D0000,12000000,4C000000,F7F9FFFF,812A0000,18F9FFFF,C8F5FFFF,E3DDFFFF,F59C3A00000000002F5DB70196D9B333929D0000120000004C000000F7F9FFFF812A000018F9FFFFC8F5FFFFE3DDFFFF
1786745945916,599D3A0000000000,315DB701,91D9B333,929D0000,12000000,4C000000,F4F9FFFF,812A0000,1EF9FFFF,C9F5FFFF,E0DDFFFF,599D3A0000000000315DB70191D9B333929D0000120000004C000000F4F9FFFF812A00001EF9FFFFC9F5FFFFE0DDFFFF
1786745945916,BD9D3A0000000000,325DB701,8CD9B333,929D0000,12000000,4C000000,F2F9FFFF,812A0000,23F9FFFF,CAF5FFFF,DEDDFFFF,BD9D3A0000000000325DB7018CD9B333929D0000120000004C000000F2F9FFFF812A000023F9FFFFCAF5FFFFDEDDFFFF
1786745945916,219E3A0000000000,345DB701,86D9B333,929D0000,12000000,4C000000,F1F9FFFF,802A0000,28F9FFFF,CBF5FFFF,DDDDFFFF,219E3A0000000000345DB70186D9B333929D0000120000004C000000F1F9FFFF802A000028F9FFFFCBF5FFFFDDDDFFFF
1786745945916,859E3A0000000000,345DB701,84D9B333,929D0000,12000000,4C000000,F0F9FFFF,802A0000,2BF9FFFF,CCF5FFFF,DCDDFFFF,859E3A0000000000345DB70184D9B333929D0000120000004C000000F0F9FFFF802A00002BF9FFFFCCF5FFFFDCDDFFFF
1786745945916,E99E3A0000000000,355DB701,81D9B333,929D0000,12000000,4C000000,EEF9FFFF,802A0000,2EF9FFFF,CDF5FFFF,DADDFFFF,E99E3A0000000000355DB70181D9B333929D0000120000004C000000EEF9FFFF802A00002EF9FFFFCDF5FFFFDADDFFFF
1786745945916,4F9F3A0000000000,365DB701,7ED9B333,929D0000,12000000,4C000000,EEF9FFFF,802A0000,31F9FFFF,CDF5FFFF,DADDFFFF,4F9F3A0000000000365DB7017ED9B333929D0000120000004C000000EEF9FFFF802A000031F9FFFFCDF5FFFFDADDFFFF
1786745945916,B39F3A0000000000,365DB701,7CD9B333,929D0000,12000000,4C000000,EDF9FFFF,802A0000,33F9FFFF,CEF5FFFF,D9DDFFFF,B39F3A0000000000365DB7017CD9B333929D0000120000004C000000EDF9FFFF802A000033F9FFFFCEF5FFFFD9DDFFFF
1786745946916,17A03A0000000000,365DB701,7CD9B333,929D0000,12000000,4C000000,EDF9FFFF,802A0000,33F9FFFF,CEF5FFFF,D9DDFFFF,17A03A0000000000365DB7017CD9B333929D0000120000004C000000EDF9FFFF802A000033F9FFFFCEF5FFFFD9DDFFFF
1786745946916,7BA03A0000000000,365DB701,7CD9B333,929D0000,12000000,4C000000,EDF9FFFF,802A0000,33F9FFFF,CEF5FFFF,D9DDFFFF,7BA03A0000000000365DB7017CD9B333929D0000120000004C000000EDF9FFFF802A000033F9FFFFCEF5FFFFD9DDFFFF
1786745946916,DFA03A0000000000,365DB701,7CD9B333,929D0000,12000000,4C000000,EEF9FFFF,802A0000,33F9FFFF,CEF5FFFF,DADDFFFF,DFA03A0000000000365DB7017CD9B333929D0000120000004C000000EEF9FFFF802A000033F9FFFFCEF5FFFFDADDFFFF
1786745946916,43A13A0000000000,365DB701,7CD9B333,929D0000,12000000,4C000000,EDF9FFFF,802A0000,33F9FFFF,CEF5FFFF,D9DDFFFF,43A13A0000000000365DB7017CD9B333929D0000120000004C000000EDF9FFFF802A000033F9FFFFCEF5FFFFD9DDFFFF
1786745946916,A7A13A0000000000,365DB701,7CD9B333,929D0000,12000000,4C000000,EDF9FFFF,802A0000,33F9FFFF,CEF5FFFF,D9DDFFFF,A7A13A0000000000365DB7017CD9B333929D0000120000004C000000EDF9FFFF802A000033F9FFFFCEF5FFFFD9DDFFFF
1786745946916,0BA23A0000000000,365DB701,7CD9B333,929D0000,12000000,4C000000,EDF9FFFF,802A0000,33F9FFFF,CEF5FFFF,D9DDFFFF,0BA23A0000000000365DB7017CD9B333929D0000120000004C000000EDF9FFFF802A000033F9FFFFCEF5FFFFD9DDFFFF
1786745946916,70A23A0000000000,365DB701,7CD9B333,929D0000,12000000,4C000000,EDF9FFFF,802A0000,33F9FFFF,CEF5FFFF,D9DDFFFF,70A23A0000000000365DB7017CD9B333929D0000120000004C000000EDF9FFFF802A000033F9FFFFCEF5FFFFD9DDFFFF
1786745946916,D4A23A0000000000,365DB701,7CD9B333,929D0000,12000000,4C000000,ECF9FFFF,802A0000,33F9FFFF,CEF5FFFF,D8DDFFFF,D4A23A0000000000365DB7017CD9B333929D0000120000004C000000ECF9FFFF802A000033F9FFFFCEF5FFFFD8DDFFFF
1786745946916,37A33A0000000000,365DB701,7CD9B333,929D0000,12000000,4C000000,ECF9FFFF,802A0000,33F9FFFF,CEF5FFFF,D8DDFFFF,37A33A0000000000365DB7017CD9B333929D0000120000004C000000ECF9FFFF802A000033F9FFFFCEF5FFFFD8DDFFFF
1786745946916,9BA33A0000000000,365DB701,7CD9B333,929D0000,12000000,4C000000,EDF9FFFF,802A0000,33F9FFFF,CEF5FFFF,D9DDFFFF,9BA33A0000000000365DB7017CD9B333929D0000120000004C000000EDF9FFFF802A000033F9FFFFCEF5FFFFD9DDFFFF
1786745947916,FFA33A0000000000,365DB701,7CD9B333,929D0000,12000000,4C000000,ECF9FFFF,802A0000,33F9FFFF,CEF5FFFF,D8DDFFFF,FFA33A0000000000365DB7017CD9B333929D0000120000004C000000ECF9FFFF802A000033F9FFFFCEF5FFFFD8DDFFFF
1786745947916,64A43A0000000000,365DB701,7CD9B333,929D0000,12000000,4C000000,ECF9FFFF,802A0000,33F9FFFF,CEF5FFFF,D8DDFFFF,64A43A0000000000365DB7017CD9B333929D0000120000004C000000ECF9FFFF802A000033F9FFFFCEF5FFFFD8DDFFFF
1786745947916,C9A43A0000000000,365DB701,7CD9B333,929D0000,12000000,4C000000,EBF9FFFF,802A0000,33F9FFFF,CEF5FFFF,D7DDFFFF,C9A43A0000000000365DB7017CD9B333929D0000120000004C000000EBF9FFFF802A000033F9FFFFCEF5FFFFD7DDFFFF
1786745947916,2DA53A0000000000,365DB701,7CD9B333,929D0000,12000000,4C000000,EAF9FFFF,802A0000,33F9FFFF,CEF5FFFF,D6DDFFFF,2DA53A0000000000365DB7017CD9B333929D0000120000004C000000EAF9FFFF802A000033F9FFFFCEF5FFFFD6DDFFFF
1786745947916,90A53A0000000000,365DB701,7CD9B333,929D0000,12000000,4C000000,EAF9FFFF,802A0000,33F9FFFF,CEF5FFFF,D6DDFFFF,90A53A0000000000365DB7017CD9B333929D0000120000004C000000EAF9FFFF802A000033F9FFFFCEF5FFFFD6DDFFFF
1786745947916,F5A53A0000000000,365DB701,7CD9B333,929D0000,12000000,4C000000,E9F9FFFF,802A0000,33F9FFFF,CEF5FFFF,D5DDFFFF,F5A53A0000000000365DB7017CD9B333929D0000120000004C000000E9F9FFFF802A000033F9FFFFCEF5FFFFD5DDFFFF
1786745947916,59A63A0000000000,365DB701,7CD9B333,929D0000,12000000,4C000000,E9F9FFFF,802A0000,33F9FFFF,CEF5FFFF,D5DDFFFF,59A63A0000000000365DB7017CD9B333929D0000120000004C000000E9F9FFFF802A000033F9FFFFCEF5FFFFD5DDFFFF
1786745947916,BDA63A0000000000,365DB701,7CD9B333,929D0000,12000000,4C000000,E9F9FFFF,802A0000,33F9FFFF,CEF5FFFF,D5DDFFFF,BDA63A0000000000365DB7017CD9B333929D0000120000004C000000E9F9FFFF802A000033F9FFFFCEF5FFFFD5DDFFFF
1786745947916,21A73A0000000000,365DB701,7CD9B333,929D0000,12000000,4C000000,E8F9FFFF,802A0000,33F9FFFF,CEF5FFFF,D4DDFFFF,21A73A0000000000365DB7017CD9B333929D0000120000004C000000E8F9FFFF802A000033F9FFFFCEF5FFFFD4DDFFFF
1786745947916,84A73A0000000000,365DB701,7CD9B333,929D0000,12000000,4C000000,E8F9FFFF,802A0000,33F9FFFF,CEF5FFFF,D4DDFFFF,84A73A0000000000365DB7017CD9B333929D0000120000004C000000E8F9FFFF802A000033F9FFFFCEF5FFFFD4DDFFFF
1786745948916,EAA73A0000000000,365DB701,7CD9B333,929D0000,12000000,4C000000,E8F9FFFF,802A0000,33F9FFFF,CEF5FFFF,D4DDFFFF,EAA73A0000000000365DB7017CD9B333929D0000120000004C000000E8F9FFFF802A000033F9FFFFCEF5FFFFD4DDFFFF
1786745948916,4EA83A0000000000,365DB701,7CD9B333,929D0000,12000000,4C000000,E7F9FFFF,802A0000,33F9FFFF,CEF5FFFF,D3DDFFFF,4EA83A0000000000365DB7017CD9B333929D0000120000004C000000E7F9FFFF802A000033F9FFFFCEF5FFFFD3DDFFFF
1786745948916,B2A83A0000000000,365DB701,7CD9B333,929D0000,12000000,4C000000,E7F9FFFF,802A0000,33F9FFFF,CEF5FFFF,D3DDFFFF,B2A83A0000000000365DB7017CD9B333929D0000120000004C000000E7F9FFFF802A000033F9FFFFCEF5FFFFD3DDFFFF
1786745948916,16A93A0000000000,365DB701,7CD9B333,929D0000,12000000,4C000000,E7F9FFFF,802A0000,33F9FFFF,CEF5FFFF,D3DDFFFF,16A93A0000000000365DB7017CD9B333929D0000120000004C000000E7F9FFFF802A000033F9FFFFCEF5FFFFD3DDFFFF
1786745948916,7AA93A0000000000,365DB701,7CD9B333,929D0000,12000000,4C000000,E7F9FFFF,802A0000,33F9FFFF,CEF5FFFF,D3DDFFFF,7AA93A0000000000365DB7017CD9B333929D0000120000004C000000E7F9FFFF802A000033F9FFFFCEF5FFFFD3DDFFFF
1786745948916,DDA93A0000000000,365DB701,7CD9B333,929D0000,12000000,4C000000,E7F9FFFF,802A0000,33F9FFFF,CEF5FFFF,D3DDFFFF,DDA93A0000000000365DB7017CD9B333929D0000120000004C000000E7F9FFFF802A000033F9FFFFCEF5FFFFD3DDFFFF
1786745948916,41AA3A0000000000,365DB701,7CD9B333,929D0000,12000000,4C000000,E7F9FFFF,802A0000,33F9FFFF,CEF5FFFF,D3DDFFFF,41AA3A0000000000365DB7017CD9B333929D0000120000004C000000E7F9FFFF802A000033F9FFFFCEF5FFFFD3DDFFFF
1786745948916,A6AA3A0000000000,365DB701,7CD9B333,929D0000,12000000,4C000000,E7F9FFFF,802A0000,33F9FFFF,CEF5FFFF,D3DDFFFF,A6AA3A0000000000365DB7017CD9B333929D0000120000004C000000E7F9FFFF802A000033F9FFFFCEF5FFFFD3DDFFFF
1786745948916,0BAB3A0000000000,365DB701,7CD9B333,929D0000,12000000,4C000000,E7F9FFFF,802A0000,33F9FFFF,CEF5FFFF,D3DDFFFF,0BAB3A0000000000365DB7017CD9B333929D0000120000004C000000E7F9FFFF802A000033F9FFFFCEF5FFFFD3DDFFFF
1786745948916,6EAB3A0000000000,365DB701,7CD9B333,929D0000,12000000,4C000000,E7F9FFFF,802A0000,33F9FFFF,CEF5FFFF,D3DDFFFF,6EAB3A0000000000365DB7017CD9B333929D0000120000004C000000E7F9FFFF802A000033F9FFFFCEF5FFFFD3DDFFFF
1786745949916,D3AB3A0000000000,365DB701,7CD9B333,929D0000,12000000,4C000000,E7F9FFFF,802A0000,33F9FFFF,CEF5FFFF,D3DDFFFF,D3AB3A0000000000365DB7017CD9B333929D0000120000004C000000E7F9FFFF802A000033F9FFFFCEF5FFFFD3DDFFFF
1786745949916,37AC3A0000000000,365DB701,7CD9B333,929D0000,12000000,4C000000,E8F9FFFF,802A0000,33F9FFFF,CEF5FFFF,D4DDFFFF,37AC3A0000000000365DB7017CD9B333929D0000120000004C000000E8F9FFFF802A000033F9FFFFCEF5FFFFD4DDFFFF
1786745949916,9BAC3A0000000000,365DB701,7CD9B333,929D0000,12000000,4C000000,E8F9FFFF,802A0000,33F9FFFF,CEF5FFFF,D4DDFFFF,9BAC3A0000000000365DB7017CD9B333929D0000120000004C000000E8F9FFFF802A000033F9FFFFCEF5FFFFD4DDFFFF
1786745949916,FFAC3A0000000000,365DB701,7CD9B333,929D0000,12000000,4C000000,E9F9FFFF,802A0000,33F9FFFF,CEF5FFFF,D5DDFFFF,FFAC3A0000000000365DB7017CD9B333929D0000120000004C000000E9F9FFFF802A000033F9FFFFCEF5FFFFD5DDFFFF
1786745949916,63AD3A0000000000,365DB701,7CD9B333,929D0000,12000000,4C000000,EAF9FFFF,802A0000,33F9FFFF,CEF5FFFF,D6DDFFFF,63AD3A0000000000365DB7017CD9B333929D0000120000004C000000EAF9FFFF802A000033F9FFFFCEF5FFFFD6DDFFFF
1786745949916,C8AD3A0000000000,365DB701,7CD9B333,929D0000,12000000,4C000000,EAF9FFFF,802A0000,33F9FFFF,CEF5FFFF,D6DDFFFF,C8AD3A0000000000365DB7017CD9B333929D0000120000004C000000EAF9FFFF802A000033F9FFFFCEF5FFFFD6DDFFFF
1786745949916,2CAE3A0000000000,365DB701,7CD9B333,929D0000,12000000,4C000000,ECF9FFFF,802A0000,33F9FFFF,CEF5FFFF,D8DDFFFF,2CAE3A0000000000365DB7017CD9B333929D0000120000004C000000ECF9FFFF802A000033F9FFFFCEF5FFFFD8DDFFFF
1786745949916,90AE3A0000000000,365DB701,7CD9B333,929D0000,12000000,4C000000,EDF9FFFF,802A0000,33F9FFFF,CEF5FFFF,D9DDFFFF,90AE3A0000000000365DB7017CD9B333929D0000120000004C000000EDF9FFFF802A000033F9FFFFCEF5FFFFD9DDFFFF
1786745949916,F4AE3A0000000000,365DB701,7CD9B333,929D0000,12000000,4C000000,EFF9FFFF,802A0000,33F9FFFF,CEF5FFFF,DBDDFFFF,F4AE3A0000000000365DB7017CD9B333929D0000120000004C000000EFF9FFFF802A000033F9FFFFCEF5FFFFDBDDFFFF
1786745949916,58AF3A0000000000,365DB701,7CD9B333,929D0000,12000000,4C000000,F0F9FFFF,802A0000,33F9FFFF,CEF5FFFF,DCDDFFFF,58AF3A0000000000365DB7017CD9B333929D0000120000004C000000F0F9FFFF802A000033F9FFFFCEF5FFFFDCDDFFFF
1786745950916,BCAF3A0000000000,365DB701,7CD9B333,929D0000,12000000,4C000000,F2F9FFFF,802A0000,33F9FFFF,CEF5FFFF,DEDDFFFF,BCAF3A0000000000365DB7017CD9B333929D0000120000004C000000F2F9FFFF802A000033F9FFFFCEF5FFFFDEDDFFFF
1786745950916,21B03A0000000000,365DB701,7CD9B333,929D0000,12000000,4C000000,F4F9FFFF,802A0000,33F9FFFF,CEF5FFFF,E0DDFFFF,21B03A0000000000365DB7017CD9B333929D0000120000004C000000F4F9FFFF802A000033F9FFFFCEF5FFFFE0DDFFFF
1786745950916,84B03A0000000000,365DB701,7CD9B333,929D0000,12000000,4C000000,F7F9FFFF,802A0000,33F9FFFF,CEF5FFFF,E3DDFFFF,84B03A0000000000365DB7017CD9B333929D0000120000004C000000F7F9FFFF802A000033F9FFFFCEF5FFFFE3DDFFFF
1786745950916,E9B03A0000000000,365DB701,7CD9B333,929D0000,12000000,4C000000,FAF9FFFF,802A0000,33F9FFFF,CEF5FFFF,E6DDFFFF,E9B03A0000000000365DB7017CD9B333929D0000120000004C000000FAF9FFFF802A000033F9FFFFCEF5FFFFE6DDFFFF
1786745950916,4DB13A0000000000,365DB701,7CD9B333,929D0000,12000000,4C000000,FFF9FFFF,802A0000,33F9FFFF,CEF5FFFF,EBDDFFFF,4DB13A0000000000365DB7017CD9B333929D0000120000004C000000FFF9FFFF802A000033F9FFFFCEF5FFFFEBDDFFFF
1786745950916,B1B13A0000000000,365DB701,7CD9B333,929D0000,12000000,4C000000,02FAFFFF,802A0000,33F9FFFF,CEF5FFFF,EEDDFFFF,B1B13A0000000000365DB7017CD9B333929D0000120000004C00000002FAFFFF802A000033F9FFFFCEF5FFFFEEDDFFFF
1786745950916,15B23A0000000000,365DB701,7CD9B333,929D0000,12000000,4C000000,07FAFFFF,802A0000,33F9FFFF,CEF5FFFF,F3DDFFFF,15B23A0000000000365DB7017CD9B333929D0000120000004C00000007FAFFFF802A000033F9FFFFCEF5FFFFF3DDFFFF
1786745950916,79B23A0000000000,365DB701,7CD9B333,929D0000,12000000,4C000000,0CFAFFFF,802A0000,33F9FFFF,CEF5FFFF,F8DDFFFF,79B23A0000000000365DB7017CD9B333929D0000120000004C0000000CFAFFFF802A000033F9FFFFCEF5FFFFF8DDFFFF
1786745950916,DDB23A0000000000,365DB701,7CD9B333,929D0000,12000000,4C000000,10FAFFFF,802A0000,33F9FFFF,CEF5FFFF,FCDDFFFF,DDB23A0000000000365DB7017CD9B333929D0000120000004C00000010FAFFFF802A000033F9FFFFCEF5FFFFFCDDFFFF
1786745950916,41B33A0000000000,365DB701,7ED9B333,929D0000,12000000,4C000000,11FAFFFF,802A0000,31F9FFFF,CDF5FFFF,FDDDFFFF,41B33A0000000000365DB7017ED9B333929D0000120000004C00000011FAFFFF802A000031F9FFFFCDF5FFFFFDDDFFFF
1786745951916,A5B33A0000000000,355DB701,81D9B333,929D0000,12000000,4C000000,11FAFFFF,802A0000,2EF9FFFF,CDF5FFFF,FDDDFFFF,A5B33A0000000000355DB70181D9B333929D0000120000004C00000011FAFFFF802A00002EF9FFFFCDF5FFFFFDDDFFFF
1786745951916,0AB43A0000000000,345DB701,84D9B333,929D0000,12000000,4C000000,10FAFFFF,802A0000,2BF9FFFF,CCF5FFFF,FCDDFFFF,0AB43A0000000000345DB70184D9B333929D0000120000004C00000010FAFFFF802A00002BF9FFFFCCF5FFFFFCDDFFFF
1786745951916,6EB43A0000000000,345DB701,86D9B333,929D0000,12000000,4C000000,0DFAFFFF,802A0000,28F9FFFF,CCF5FFFF,F9DDFFFF,6EB43A0000000000345DB70186D9B333929D0000120000004C0000000DFAFFFF802A000028F9FFFFCCF5FFFFF9DDFFFF
1786745951916,D2B43A0000000000,335DB701,89D9B333,929D0000,12000000,4C000000,07FAFFFF,802A0000,26F9FFFF,CBF5FFFF,F3DDFFFF,D2B43A0000000000335DB70189D9B333929D0000120000004C00000007FAFFFF802A000026F9FFFFCBF5FFFFF3DDFFFF
1786745951916,36B53A0000000000,325DB701,8CD9B333,929D0000,12000000,4C000000,FEF9FFFF,812A0000,23F9FFFF,CBF5FFFF,EADDFFFF,36B53A0000000000325DB7018CD9B333929D0000120000004C000000FEF9FFFF812A000023F9FFFFCBF5FFFFEADDFFFF
1786745951916,9AB53A0000000000,325DB701,8ED9B333,929D0000,12000000,4C000000,F3F9FFFF,812A0000,20F9FFFF,CAF5FFFF,DFDDFFFF,9AB53A0000000000325DB7018ED9B333929D0000120000004C000000F3F9FFFF812A000020F9FFFFCAF5FFFFDFDDFFFF
1786745951916,FEB53A0000000000,315DB701,91D9B333,929D0000,12000000,4C000000,E7F9FFFF,812A0000,1DF9FFFF,CAF5FFFF,D3DDFFFF,FEB53A0000000000315DB70191D9B333929D0000120000004C000000E7F9FFFF812A00001DF9FFFFCAF5FFFFD3DDFFFF
1786745951916,63B63A0000000000,305DB701,94D9B333,929D0000,12000000,4C000000,D8F9FFFF,812A0000,1BF9FFFF,C9F5FFFF,C4DDFFFF,63B63A0000000000305DB70194D9B333929D0000120000004C000000D8F9FFFF812A00001BF9FFFFC9F5FFFFC4DDFFFF
1786745951916,C7B63A0000000000,2F5DB701,96D9B333,929D0000,12000000,4C000000,C8F9FFFF,812A0000,18F9FFFF,C9F5FFFF,B4DDFFFF,C7B63A00000000002F5DB70196D9B333929D0000120000004C000000C8F9FFFF812A000018F9FFFFC9F5FFFFB4DDFFFF
1786745951916,2BB73A0000000000,2E5DB701,9BD9B333,929D0000,12000000,4C000000,B9F9FFFF,812A0000,13F9FFFF,C8F5FFFF,A5DDFFFF,2BB73A00000000002E5DB7019BD9B333929D0000120000004C000000B9F9FFFF812A000013F9FFFFC8F5FFFFA5DDFFFF
1786745952916,8FB73A0000000000,2C5DB701,A1D9B333,929D0000,12000000,4C000000,A9F9FFFF,812A0000,0DF9FFFF,C6F5FFFF,95DDFFFF,8FB73A00000000002C5DB701A1D9B333929D0000120000004C000000A9F9FFFF812A00000DF9FFFFC6F5FFFF95DDFFFF
1786745952916,F3B73A0000000000,2B5DB701,A6D9B333,929D0000,12000000,4C000000,99F9FFFF,822A0000,08F9FFFF,C5F5FFFF,85DDFFFF,F3B73A00000000002B5DB701A6D9B333929D0000120000004C00000099F9FFFF822A000008F9FFFFC5F5FFFF85DDFFFF
1786745952916,57B83A0000000000,295DB701,ABD9B333,929D0000,12000000,4C000000,88F9FFFF,822A0000,02F9FFFF,C4F5FFFF,74DDFFFF,57B83A0000000000295DB701ABD9B333929D0000120000004C00000088F9FFFF822A000002F9FFFFC4F5FFFF74DDFFFF
1786745952916,BBB83A0000000000,285DB701,B0D9B333,929D0000,12000000,4C000000,74F9FFFF,822A0000,FDF8FFFF,C3F5FFFF,60DDFFFF,BBB83A0000000000285DB701B0D9B333929D0000120000004C00000074F9FFFF822A0000FDF8FFFFC3F5FFFF60DDFFFF
1786745952916,1FB93A0000000000,265DB701,B6D9B333,929D0000,12000000,4C000000,5EF9FFFF,822A0000,F7F8FFFF,C2F5FFFF,4ADDFFFF,1FB93A0000000000265DB701B6D9B333929D0000120000004C0000005EF9FFFF822A0000F7F8FFFFC2F5FFFF4ADDFFFF
1786745952916,84B93A0000000000,255DB701,BBD9B333,929D0000,12000000,4C000000,4CF9FFFF,822A0000,F2F8FFFF,C1F5FFFF,38DDFFFF,84B93A0000000000255DB701BBD9B333929D0000120000004C0000004CF9FFFF822A0000F2F8FFFFC1F5FFFF38DDFFFF
1786745952916,E8B93A0000000000,235DB701,C0D9B333,929D0000,12000000,4C000000,3FF9FFFF,822A0000,ECF8FFFF,C0F5FFFF,2BDDFFFF,E8B93A0000000000235DB701C0D9B333929D0000120000004C0000003FF9FFFF822A0000ECF8FFFFC0F5FFFF2BDDFFFF
1786745952916,4CBA3A0000000000,225DB701,C5D9B333,929D0000,12000000,4C000000,35F9FFFF,822A0000,E7F8FFFF,BFF5FFFF,21DDFFFF,4CBA3A0000000000225DB701C5D9B333929D0000120000004C00000035F9FFFF822A0000E7F8FFFFBFF5FFFF21DDFFFF
1786745952916,B0BA3A0000000000,205DB701,CAD9B333,929D0000,12000000,4C000000,31F9FFFF,822A0000,E1F8FFFF,BEF5FFFF,1DDDFFFF,B0BA3A0000000000205DB701CAD9B333929D0000120000004C00000031F9FFFF822A0000E1F8FFFFBEF5FFFF1DDDFFFF
1786745952916,14BB3A0000000000,1E5DB701,D0D9B333,929D0000,12000000,4C000000,32F9FFFF,822A0000,DCF8FFFF,BDF5FFFF,1EDDFFFF,14BB3A00000000001E5DB701D0D9B333929D0000120000004C00000032F9FFFF822A0000DCF8FFFFBDF5FFFF1EDDFFFF
1786745953916,78BB3A0000000000,1D5DB701,D5D9B333,929D0000,12000000,4C000000,33F9FFFF,822A0000,D7F8FFFF,BCF5FFFF,1FDDFFFF,78BB3A00000000001D5DB701D5D9B333929D0000120000004C00000033F9FFFF822A0000D7F8FFFFBCF5FFFF1FDDFFFF
1786745953916,DCBB3A0000000000,1A5DB701,DDD9B333,929D0000,12000000,4C000000,34F9FFFF,832A0000,CEF8FFFF,BAF5FFFF,20DDFFFF,DCBB3A00000000001A5DB701DDD9B333929D0000120000004C00000034F9FFFF832A0000CEF8FFFFBAF5FFFF20DDFFFF
1786745953916,40BC3A0000000000,185DB701,E5D9B333,929D0000,12000000,4C000000,36F9FFFF,832A0000,C6F8FFFF,B9F5FFFF,22DDFFFF,40BC3A0000000000185DB701E5D9B333929D0000120000004C00000036F9FFFF832A0000C6F8FFFFB9F5FFFF22DDFFFF
1786745953916,A5BC3A0000000000,155DB701,ECD9B333,929D0000,12000000,4C000000,38F9FFFF,832A0000,BEF8FFFF,B7F5FFFF,24DDFFFF,A5BC3A0000000000155DB701ECD9B333929D0000120000004C00000038F9FFFF832A0000BEF8FFFFB7F5FFFF24DDFFFF
1786745953916,09BD3A0000000000,145DB701,F2D9B333,929D0000,12000000,4C000000,37F9FFFF,832A0000,B9F8FFFF,B6F5FFFF,23DDFFFF,09BD3A0000000000145DB701F2D9B333929D0000120000004C00000037F9FFFF832A0000B9F8FFFFB6F5FFFF23DDFFFF
1786745953916,6DBD3A0000000000,125DB701,F7D9B333,929D0000,12000000,4C000000,38F9FFFF,832A0000,B3F8FFFF,B5F5FFFF,24DDFFFF,6DBD3A0000000000125DB701F7D9B333929D0000120000004C00000038F9FFFF832A0000B3F8FFFFB5F5FFFF24DDFFFF
1786745953916,D1BD3A0000000000,115DB701,FCD9B333,929D0000,12000000,4C000000,39F9FFFF,832A0000,AEF8FFFF,B4F5FFFF,25DDFFFF,D1BD3A0000000000115DB701FCD9B333929D0000120000004C00000039F9FFFF832A0000AEF8FFFFB4F5FFFF25DDFFFF
1786745953916,35BE3A0000000000,0F5DB701,01DAB333,929D0000,12000000,4C000000,36F9FFFF,832A0000,A8F8FFFF,B3F5FFFF,22DDFFFF,35BE3A00000000000F5DB70101DAB333929D0000120000004C00000036F9FFFF832A0000A8F8FFFFB3F5FFFF22DDFFFF
1786745953916,99BE3A0000000000,0D5DB701,06DAB333,929D0000,12000000,4C000000,36F9FFFF,832A0000,A3F8FFFF,B2F5FFFF,22DDFFFF,99BE3A00000000000D5DB70106DAB333929D0000120000004C00000036F9FFFF832A0000A3F8FFFFB2F5FFFF22DDFFFF
1786745953916,FDBE3A0000000000,0D5DB701,09DAB333,929D0000,12000000,4C000000,38F9FFFF,832A0000,A0F8FFFF,B1F5FFFF,24DDFFFF,FDBE3A00000000000D5DB70109DAB333929D0000120000004C00000038F9FFFF832A0000A0F8FFFFB1F5FFFF24DDFFFF
1786745954916,61BF3A0000000000,0C5DB701,0CDAB333,929D0000,12000000,4C000000,39F9FFFF,832A0000,9DF8FFFF,B1F5FFFF,25DDFFFF,61BF3A00000000000C5DB7010CDAB333929D0000120000004C00000039F9FFFF832A00009DF8FFFFB1F5FFFF25DDFFFF
1786745954916,C6BF3A0000000000,0B5DB701,0EDAB333,929D0000,12000000,4C000000,38F9FFFF,832A0000,9BF8FFFF,B0F5FFFF,24DDFFFF,C6BF3A00000000000B5DB7010EDAB333929D0000120000004C00000038F9FFFF832A00009BF8FFFFB0F5FFFF24DDFFFF
1786745954916,2AC03A0000000000,0A5DB701,11DAB333,929D0000,12000000,4C000000,38F9FFFF,832A0000,98F8FFFF,B0F5FFFF,24DDFFFF,2AC03A00000000000A5DB70111DAB333929D0000120000004C00000038F9FFFF832A000098F8FFFFB0F5FFFF24DDFFFF
1786745954916,8EC03A0000000000,095DB701,13DAB333,929D0000,12000000,4C000000,38F9FFFF,832A0000,95F8FFFF,AFF5FFFF,24DDFFFF,8EC03A0000000000095DB70113DAB333929D0000120000004C00000038F9FFFF832A000095F8FFFFAFF5FFFF24DDFFFF
1786745954916,F2C03A0000000000,095DB701,16DAB333,929D0000,12000000,4C000000,37F9FFFF,832A0000,92F8FFFF,AFF5FFFF,23DDFFFF,F2C03A0000000000095DB70116DAB333929D0000120000004C00000037F9FFFF832A000092F8FFFFAFF5FFFF23DDFFFF
1786745954916,56C13A0000000000,085DB701,19DAB333,929D0000,12000000,4C000000,36F9FFFF,832A0000,90F8FFFF,AEF5FFFF,22DDFFFF,56C13A0000000000085DB70119DAB333929D0000120000004C00000036F9FFFF832A000090F8FFFFAEF5FFFF22DDFFFF
1786745954916,BAC13A0000000000,075DB701,1BDAB333,929D0000,12000000,4C000000,35F9FFFF,832A0000,8DF8FFFF,AEF5FFFF,21DDFFFF,BAC13A0000000000075DB7011BDAB333929D0000120000004C00000035F9FFFF832A00008DF8FFFFAEF5FFFF21DDFFFF
1786745954916,1EC23A0000000000,065DB701,1EDAB333,929D0000,12000000,4C000000,32F9FFFF,832A0000,8AF8FFFF,ADF5FFFF,1EDDFFFF,1EC23A0000000000065DB7011EDAB333929D0000120000004C00000032F9FFFF832A00008AF8FFFFADF5FFFF1EDDFFFF
1786745954916,83C23A0000000000,055DB701,20DAB333,929D0000,12000000,4C000000,2EF9FFFF,832A0000,87F8FFFF,ADF5FFFF,1ADDFFFF,83C23A0000000000055DB70120DAB333929D0000120000004C0000002EF9FFFF832A000087F8FFFFADF5FFFF1ADDFFFF
1786745954916,E7C23A0000000000,055DB701,23DAB333,929D0000,12000000,4C000000,28F9FFFF,832A0000,85F8FFFF,ACF5FFFF,14DDFFFF,E7C23A0000000000055DB70123DAB333929D0000120000004C00000028F9FFFF832A000085F8FFFFACF5FFFF14DDFFFF
1786745955916,4BC33A0000000000,045DB701,26DAB333,929D0000,12000000,4C000000,20F9FFFF,842A0000,82F8FFFF,ACF5FFFF,0CDDFFFF,4BC33A0000000000045DB70126DAB333929D0000120000004C00000020F9FFFF842A000082F8FFFFACF5FFFF0CDDFFFF
1786745955916,AFC33A0000000000,035DB701,28DAB333,929D0000,12000000,4C000000,15F9FFFF,842A0000,7FF8FFFF,ABF5FFFF,01DDFFFF,AFC33A0000000000035DB70128DAB333929D0000120000004C00000015F9FFFF842A00007FF8FFFFABF5FFFF01DDFFFF
1786745955916,13C43A0000000000,025DB701,2BDAB333,929D0000,12000000,4C000000,09F9FFFF,842A0000,7DF8FFFF,ABF5FFFF,F5DCFFFF,13C43A0000000000025DB7012BDAB333929D0000120000004C00000009F9FFFF842A00007DF8FFFFABF5FFFFF5DCFFFF
1786745955916,77C43A0000000000,015DB701,2EDAB333,929D0000,12000000,4C000000,FDF8FFFF,842A0000,7AF8FFFF,AAF5FFFF,E9DCFFFF,77C43A0000000000015DB7012EDAB333929D0000120000004C000000FDF8FFFF842A00007AF8FFFFAAF5FFFFE9DCFFFF
1786745955916,DBC43A0000000000,005DB701,30DAB333,929D0000,12000000,4C000000,F1F8FFFF,842A0000,77F8FFFF,AAF5FFFF,DDDCFFFF,DBC43A0000000000005DB70130DAB333929D0000120000004C000000F1F8FFFF842A000077F8FFFFAAF5FFFFDDDCFFFF
1786745955916,3FC53A0000000000,005DB701,33DAB333,929D0000,12000000,4C000000,E4F8FFFF,842A0000,74F8FFFF,A9F5FFFF,D0DCFFFF,3FC53A0000000000005DB70133DAB333929D0000120000004C000000E4F8FFFF842A000074F8FFFFA9F5FFFFD0DCFFFF
1786745955916,A4C53A0000000000,FF5CB701,35DAB333,929D0000,12000000,4C000000,D8F8FFFF,842A0000,72F8FFFF,A9F5FFFF,C4DCFFFF,A4C53A0000000000FF5CB70135DAB333929D0000120000004C000000D8F8FFFF842A000072F8FFFFA9F5FFFFC4DCFFFF
1786745955916,08C63A0000000000,FD5CB701,3ADAB333,929D0000,12000000,4C000000,CDF8FFFF,842A0000,6CF8FFFF,A8F5FFFF,B9DCFFFF,08C63A0000000000FD5CB7013ADAB333929D0000120000004C000000CDF8FFFF842A00006CF8FFFFA8F5FFFFB9DCFFFF
1786745955916,6CC63A0000000000,FC5CB701,3DDAB333,929D0000,12000000,4C000000,C3F8FFFF,842A0000,69F8FFFF,A7F5FFFF,AFDCFFFF,6CC63A0000000000FC5CB7013DDAB333929D0000120000004C000000C3F8FFFF842A000069F8FFFFA7F5FFFFAFDCFFFF
1786745955916,D0C63A0000000000,FB5CB701,40DAB333,929D0000,12000000,4C000000,BAF8FFFF,842A0000,67F8FFFF,A7F5FFFF,A6DCFFFF,D0C63A0000000000FB5CB70140DAB333929D0000120000004C000000BAF8FFFF842A000067F8FFFFA7F5FFFFA6DCFFFF
1786745956916,34C73A0000000000,FB5CB701,40DAB333,929D0000,12000000,4C000000,B3F8FFFF,842A0000,67F8FFFF,A7F5FFFF,9FDCFFFF,34C73A0000000000FB5CB70140DAB333929D0000120000004C000000B3F8FFFF842A000067F8FFFFA7F5FFFF9FDCFFFF
1786745956916,98C73A0000000000,FB5CB701,40DAB333,929D0000,12000000,4C000000,AFF8FFFF,842A0000,67F8FFFF,A7F5FFFF,9BDCFFFF,98C73A0000000000FB5CB70140DAB333929D0000120000004C000000AFF8FFFF842A000067F8FFFFA7F5FFFF9BDCFFFF
1786745956916,FCC73A0000000000,FB5CB701,40DAB333,929D0000,12000000,4C000000,ACF8FFFF,842A0000,67F8FFFF,A7F5FFFF,98DCFFFF,FCC73A0000000000FB5CB70140DAB333929D0000120000004C000000ACF8FFFF842A000067F8FFFFA7F5FFFF98DCFFFF
1786745956916,61C83A0000000000,FB5CB701,40DAB333,929D0000,12000000,4C000000,ABF8FFFF,842A0000,67F8FFFF,A7F5FFFF,97DCFFFF,61C83A0000000000FB5CB70140DAB333929D0000120000004C000000ABF8FFFF842A000067F8FFFFA7F5FFFF97DCFFFF
1786745956916,C5C83A0000000000,FB5CB701,40DAB333,929D0000,12000000,4C000000,ABF8FFFF,842A0000,67F8FFFF,A7F5FFFF,97DCFFFF,C5C83A0000000000FB5CB70140DAB333929D0000120000004C000000ABF8FFFF842A000067F8FFFFA7F5FFFF97DCFFFF
1786745956916,8DC93A0000000000,FB5CB701,40DAB333,929D0000,12000000,4C000000,AAF8FFFF,842A0000,67F8FFFF,A7F5FFFF,96DCFFFF,8DC93A0000000000FB5CB70140DAB333929D0000120000004C000000AAF8FFFF842A000067F8FFFFA7F5FFFF96DCFFFF
1786745956916,F1C93A0000000000,FB5CB701,40DAB333,929D0000,12000000,4C000000,A8F8FFFF,842A0000,67F8FFFF,A7F5FFFF,94DCFFFF,F1C93A0000000000FB5CB70140DAB333929D0000120000004C000000A8F8FFFF842A000067F8FFFFA7F5FFFF94DCFFFF
1786745956916,55CA3A0000000000,FB5CB701,40DAB333,929D0000,12000000,4C000000,A6F8FFFF,842A0000,67F8FFFF,A7F5FFFF,92DCFFFF,55CA3A0000000000FB5CB70140DAB333929D0000120000004C000000A6F8FFFF842A000067F8FFFFA7F5FFFF92DCFFFF
1786745956916,B9CA3A0000000000,FB5CB701,40DAB333,929D0000,12000000,4C000000,A4F8FFFF,842A0000,67F8FFFF,A7F5FFFF,90DCFFFF,B9CA3A0000000000FB5CB70140DAB333929D0000120000004C000000A4F8FFFF842A000067F8FFFFA7F5FFFF90DCFFFF
1786745957916,1ECB3A0000000000,FB5CB701,40DAB333,929D0000,12000000,4C000000,A2F8FFFF,842A0000,67F8FFFF,A7F5FFFF,8EDCFFFF,1ECB3A0000000000FB5CB70140DAB333929D0000120000004C000000A2F8FFFF842A000067F8FFFFA7F5FFFF8EDCFFFF
1786745957916,82CB3A0000000000,FB5CB701,40DAB333,929D0000,12000000,4C000000,A0F8FFFF,842A0000,67F8FFFF,A7F5FFFF,8CDCFFFF,82CB3A0000000000FB5CB70140DAB333929D0000120000004C000000A0F8FFFF842A000067F8FFFFA7F5FFFF8CDCFFFF
1786745957916,E6CB3A0000000000,FB5CB701,40DAB333,929D0000,12000000,4C000000,9EF8FFFF,842A0000,67F8FFFF,A7F5FFFF,8ADCFFFF,E6CB3A0000000000FB5CB70140DAB333929D0000120000004C0000009EF8FFFF842A000067F8FFFFA7F5FFFF8ADCFFFF
1786745957916,4ACC3A0000000000,FB5CB701,40DAB333,929D0000,12000000,4C000000,9CF8FFFF,842A0000,67F8FFFF,A7F5FFFF,88DCFFFF,4ACC3A0000000000FB5CB70140DAB333929D0000120000004C0000009CF8FFFF842A000067F8FFFFA7F5FFFF88DCFFFF
1786745957916,AECC3A0000000000,FB5CB701,40DAB333,929D0000,12000000,4C000000,9AF8FFFF,842A0000,67F8FFFF,A7F5FFFF,86DCFFFF,AECC3A0000000000FB5CB70140DAB333929D0000120000004C0000009AF8FFFF842A000067F8FFFFA7F5FFFF86DCFFFF
1786745957916,76CD3A0000000000,FB5CB701,40DAB333,929D0000,12000000,4C000000,96F8FFFF,842A0000,67F8FFFF,A7F5FFFF,82DCFFFF,76CD3A0000000000FB5CB70140DAB333929D0000120000004C00000096F8FFFF842A000067F8FFFFA7F5FFFF82DCFFFF
1786745957916,DACD3A0000000000,FB5CB701,40DAB333,929D0000,12000000,4C000000,93F8FFFF,842A0000,67F8FFFF,A7F5FFFF,7FDCFFFF,DACD3A0000000000FB5CB70140DAB333929D0000120000004C00000093F8FFFF842A000067F8FFFFA7F5FFFF7FDCFFFF
1786745957916,3FCE3A0000000000,FB5CB701,40DAB333,929D0000,12000000,4C000000,90F8FFFF,842A0000,67F8FFFF,A7F5FFFF,7CDCFFFF,3FCE3A0000000000FB5CB70140DAB333929D0000120000004C00000090F8FFFF842A000067F8FFFFA7F5FFFF7CDCFFFF
1786745957916,A3CE3A0000000000,FB5CB701,40DAB333,929D0000,12000000,4C000000,8DF8FFFF,842A0000,67F8FFFF,A7F5FFFF,79DCFFFF,A3CE3A0000000000FB5CB70140DAB333929D0000120000004C0000008DF8FFFF842A000067F8FFFFA7F5FFFF79DCFFFF
1786745958916,07CF3A0000000000,FB5CB701,40DAB333,929D0000,12000000,4C000000,8AF8FFFF,842A0000,67F8FFFF,A7F5FFFF,76DCFFFF,07CF3A0000000000FB5CB70140DAB333929D0000120000004C0000008AF8FFFF842A000067F8FFFFA7F5FFFF76DCFFFF
1786745958916,6BCF3A0000000000,FB5CB701,40DAB333,929D0000,12000000,4C000000,85F8FFFF,842A0000,67F8FFFF,A7F5FFFF,71DCFFFF,6BCF3A0000000000FB5CB70140DAB333929D0000120000004C00000085F8FFFF842A000067F8FFFFA7F5FFFF71DCFFFF
1786745958916,CFCF3A0000000000,FB5CB701,40DAB333,929D0000,12000000,4C000000,81F8FFFF,842A0000,67F8FFFF,A7F5FFFF,6DDCFFFF,CFCF3A0000000000FB5CB70140DAB333929D0000120000004C00000081F8FFFF842A000067F8FFFFA7F5FFFF6DDCFFFF
1786745958916,33D03A0000000000,FB5CB701,40DAB333,929D0000,12000000,4C000000,7CF8FFFF,842A0000,67F8FFFF,A7F5FFFF,68DCFFFF,33D03A0000000000FB5CB70140DAB333929D0000120000004C0000007CF8FFFF842A000067F8FFFFA7F5FFFF68DCFFFF
1786745958916,97D03A0000000000,FB5CB701,40DAB333,929D0000,12000000,4C000000,77F8FFFF,842A0000,67F8FFFF,A7F5FFFF,63DCFFFF,97D03A0000000000FB5CB70140DAB333929D0000120000004C00000077F8FFFF842A000067F8FFFFA7F5FFFF63DCFFFF
1786745958916,FBD03A0000000000,FB5CB701,40DAB333,929D0000,12000000,4C000000,71F8FFFF,842A0000,67F8FFFF,A7F5FFFF,5DDCFFFF,FBD03A0000000000FB5CB70140DAB333929D0000120000004C00000071F8FFFF842A000067F8FFFFA7F5FFFF5DDCFFFF
1786745958916,60D13A0000000000,FB5CB701,40DAB333,929D0000,12000000,4C000000,6AF8FFFF,842A0000,67F8FFFF,A7F5FFFF,56DCFFFF,60D13A0000000000FB5CB70140DAB333929D0000120000004C0000006AF8FFFF842A000067F8FFFFA7F5FFFF56DCFFFF
1786745958916,C4D13A0000000000,FB5CB701,40DAB333,929D0000,12000000,4C000000,63F8FFFF,842A0000,67F8FFFF,A7F5FFFF,4FDCFFFF,C4D13A0000000000FB5CB70140DAB333929D0000120000004C00000063F8FFFF842A000067F8FFFFA7F5FFFF4FDCFFFF
1786745958916,28D23A0000000000,FB5CB701,40DAB333,929D0000,12000000,4C000000,5BF8FFFF,842A0000,67F8FFFF,A7F5FFFF,47DCFFFF,28D23A0000000000FB5CB70140DAB333929D0000120000004C0000005BF8FFFF842A000067F8FFFFA7F5FFFF47DCFFFF
1786745958916,8CD23A0000000000,FB5CB701,40DAB333,929D0000,12000000,4C000000,52F8FFFF,842A0000,67F8FFFF,A7F5FFFF,3EDCFFFF,8CD23A0000000000FB5CB70140DAB333929D0000120000004C00000052F8FFFF842A000067F8FFFFA7F5FFFF3EDCFFFF
1786745959916,F0D23A0000000000,FB5CB701,40DAB333,929D0000,12000000,4C000000,49F8FFFF,842A0000,67F8FFFF,A7F5FFFF,35DCFFFF,F0D23A0000000000FB5CB70140DAB333929D0000120000004C00000049F8FFFF842A000067F8FFFFA7F5FFFF35DCFFFF
1786745959916,54D33A0000000000,FB5CB701,40DAB333,929D0000,12000000,4C000000,3FF8FFFF,842A0000,67F8FFFF,A7F5FFFF,2BDCFFFF,54D33A0000000000FB5CB70140DAB333929D0000120000004C0000003FF8FFFF842A000067F8FFFFA7F5FFFF2BDCFFFF
1786745959916,B8D33A0000000000,FB5CB701,40DAB333,929D0000,12000000,4C000000,36F8FFFF,842A0000,67F8FFFF,A7F5FFFF,22DCFFFF,B8D33A0000000000FB5CB70140DAB333929D0000120000004C00000036F8FFFF842A000067F8FFFFA7F5FFFF22DCFFFF
1786745959916,1DD43A0000000000,FB5CB701,40DAB333,929D0000,12000000,4C000000,30F8FFFF,842A0000,67F8FFFF,A7F5FFFF,1CDCFFFF,1DD43A0000000000FB5CB70140DAB333929D0000120000004C00000030F8FFFF842A000067F8FFFFA7F5FFFF1CDCFFFF
1786745959916,81D43A0000000000,FB5CB701,40DAB333,929D0000,12000000,4C000000,2CF8FFFF,842A0000,67F8FFFF,A7F5FFFF,18DCFFFF,81D43A0000000000FB5CB70140DAB333929D0000120000004C0000002CF8FFFF842A000067F8FFFFA7F5FFFF18DCFFFF
1786745959916,E5D43A0000000000,FA5CB701,42DAB333,929D0000,12000000,4C000000,2AF8FFFF,832A0000,64F8FFFF,A6F5FFFF,16DCFFFF,E5D43A0000000000FA5CB70142DAB333929D0000120000004C0000002AF8FFFF832A000064F8FFFFA6F5FFFF16DCFFFF
1786745959916,49D53A0000000000,FA5CB701,45DAB333,929D0000,12000000,4C000000,2AF8FFFF,832A0000,61F8FFFF,A6F5FFFF,16DCFFFF,49D53A0000000000FA5CB70145DAB333929D0000120000004C0000002AF8FFFF832A000061F8FFFFA6F5FFFF16DCFFFF
1786745959916,ADD53A0000000000,FA5CB701,45DAB333,929D0000,12000000,4C000000,29F8FFFF,832A0000,61F8FFFF,A6F5FFFF,15DCFFFF,ADD53A0000000000FA5CB70145DAB333929D0000120000004C00000029F8FFFF832A000061F8FFFFA6F5FFFF15DCFFFF
1786745959916,11D63A0000000000,FA5CB701,45DAB333,929D0000,12000000,4C000000,28F8FFFF,832A0000,61F8FFFF,A6F5FFFF,14DCFFFF,11D63A0000000000FA5CB70145DAB333929D0000120000004C00000028F8FFFF832A000061F8FFFFA6F5FFFF14DCFFFF
1786745959916,75D63A0000000000,FA5CB701,45DAB333,929D0000,12000000,4C000000,27F8FFFF,832A0000,61F8FFFF,A6F5FFFF,13DCFFFF,75D63A0000000000FA5CB70145DAB333929D0000120000004C00000027F8FFFF832A000061F8FFFFA6F5FFFF13DCFFFF
1786745960916,D9D63A0000000000,FA5CB701,45DAB333,929D0000,12000000,4C000000,27F8FFFF,832A0000,61F8FFFF,A6F5FFFF,13DCFFFF,D9D63A0000000000FA5CB70145DAB333929D0000120000004C00000027F8FFFF832A000061F8FFFFA6F5FFFF13DCFFFF
1786745960916,3ED73A0000000000,FA5CB701,45DAB333,929D0000,12000000,4C000000,27F8FFFF,832A0000,61F8FFFF,A6F5FFFF,13DCFFFF,3ED73A0000000000FA5CB70145DAB333929D0000120000004C00000027F8FFFF832A000061F8FFFFA6F5FFFF13DCFFFF
1786745960916,A2D73A0000000000,FA5CB701,45DAB333,929D0000,12000000,4C000000,27F8FFFF,832A0000,61F8FFFF,A6F5FFFF,13DCFFFF,A2D73A0000000000FA5CB70145DAB333929D0000120000004C00000027F8FFFF832A000061F8FFFFA6F5FFFF13DCFFFF
1786745960916,06D83A0000000000,FA5CB701,45DAB333,929D0000,12000000,4C000000,26F8FFFF,832A0000,61F8FFFF,A6F5FFFF,12DCFFFF,06D83A0000000000FA5CB70145DAB333929D0000120000004C00000026F8FFFF832A000061F8FFFFA6F5FFFF12DCFFFF
1786745960916,6AD83A0000000000,FA5CB701,45DAB333,929D0000,12000000,4C000000,26F8FFFF,832A0000,61F8FFFF,A6F5FFFF,12DCFFFF,6AD83A0000000000FA5CB70145DAB333929D0000120000004C00000026F8FFFF832A000061F8FFFFA6F5FFFF12DCFFFF
1786745960916,32D93A0000000000,FA5CB701,45DAB333,929D0000,12000000,4C000000,26F8FFFF,832A0000,61F8FFFF,A6F5FFFF,12DCFFFF,32D93A0000000000FA5CB70145DAB333929D0000120000004C00000026F8FFFF832A000061F8FFFFA6F5FFFF12DCFFFF
1786745960916,96D93A0000000000,FA5CB701,45DAB333,929D0000,12000000,4C000000,27F8FFFF,832A0000,61F8FFFF,A6F5FFFF,13DCFFFF,96D93A0000000000FA5CB70145DAB333929D0000120000004C00000027F8FFFF832A000061F8FFFFA6F5FFFF13DCFFFF
1786745960916,FAD93A0000000000,FA5CB701,45DAB333,929D0000,12000000,4C000000,27F8FFFF,832A0000,61F8FFFF,A6F5FFFF,13DCFFFF,FAD93A0000000000FA5CB70145DAB333929D0000120000004C00000027F8FFFF832A000061F8FFFFA6F5FFFF13DCFFFF
1786745960916,5FDA3A0000000000,FA5CB701,45DAB333,929D0000,12000000,4C000000,27F8FFFF,832A0000,61F8FFFF,A6F5FFFF,13DCFFFF,5FDA3A0000000000FA5CB70145DAB333929D0000120000004C00000027F8FFFF832A000061F8FFFFA6F5FFFF13DCFFFF
1786745961916,C3DA3A0000000000,FA5CB701,45DAB333,929D0000,12000000,4C000000,27F8FFFF,832A0000,61F8FFFF,A6F5FFFF,13DCFFFF,C3DA3A0000000000FA5CB70145DAB333929D0000120000004C00000027F8FFFF832A000061F8FFFFA6F5FFFF13DCFFFF
1786745961916,27DB3A0000000000,FA5CB701,45DAB333,929D0000,12000000,4C000000,27F8FFFF,832A0000,61F8FFFF,A6F5FFFF,13DCFFFF,27DB3A0000000000FA5CB70145DAB333929D0000120000004C00000027F8FFFF832A000061F8FFFFA6F5FFFF13DCFFFF
1786745961916,8BDB3A0000000000,FA5CB701,45DAB333,929D0000,12000000,4C000000,27F8FFFF,832A0000,61F8FFFF,A6F5FFFF,13DCFFFF,8BDB3A0000000000FA5CB70145DAB333929D0000120000004C00000027F8FFFF832A000061F8FFFFA6F5FFFF13DCFFFF
1786745961916,EFDB3A0000000000,FA5CB701,45DAB333,929D0000,12000000,4C000000,27F8FFFF,832A0000,61F8FFFF,A6F5FFFF,13DCFFFF,EFDB3A0000000000FA5CB70145DAB333929D0000120000004C00000027F8FFFF832A000061F8FFFFA6F5FFFF13DCFFFF
1786745961916,53DC3A0000000000,FA5CB701,45DAB333,929D0000,12000000,4C000000,27F8FFFF,832A0000,61F8FFFF,A6F5FFFF,13DCFFFF,53DC3A0000000000FA5CB70145DAB333929D0000120000004C00000027F8FFFF832A000061F8FFFFA6F5FFFF13DCFFFF
1786745961916,B7DC3A0000000000,FA5CB701,45DAB333,929D0000,12000000,4C000000,27F8FFFF,832A0000,61F8FFFF,A6F5FFFF,13DCFFFF,B7DC3A0000000000FA5CB70145DAB333929D0000120000004C00000027F8FFFF832A000061F8FFFFA6F5FFFF13DCFFFF
1786745961916,1CDD3A0000000000,FA5CB701,45DAB333,929D0000,12000000,4C000000,27F8FFFF,832A0000,61F8FFFF,A6F5FFFF,13DCFFFF,1CDD3A0000000000FA5CB70145DAB333929D0000120000004C00000027F8FFFF832A000061F8FFFFA6F5FFFF13DCFFFF
1786745961916,80DD3A0000000000,FA5CB701,45DAB333,929D0000,12000000,4C000000,27F8FFFF,832A0000,61F8FFFF,A6F5FFFF,13DCFFFF,80DD3A0000000000FA5CB70145DAB333929D0000120000004C00000027F8FFFF832A000061F8FFFFA6F5FFFF13DCFFFF
1786745961916,E4DD3A0000000000,FA5CB701,45DAB333,929D0000,12000000,4C000000,27F8FFFF,832A0000,61F8FFFF,A6F5FFFF,13DCFFFF,E4DD3A0000000000FA5CB70145DAB333929D0000120000004C00000027F8FFFF832A000061F8FFFFA6F5FFFF13DCFFFF
1786745961916,48DE3A0000000000,FA5CB701,45DAB333,929D0000,12000000,4C000000,27F8FFFF,832A0000,61F8FFFF,A6F5FFFF,13DCFFFF,48DE3A0000000000FA5CB70145DAB333929D0000120000004C00000027F8FFFF832A000061F8FFFFA6F5FFFF13DCFFFF
1786745962916,ACDE3A0000000000,FA5CB701,45DAB333,929D0000,12000000,4C000000,27F8FFFF,832A0000,61F8FFFF,A6F5FFFF,13DCFFFF,ACDE3A0000000000FA5CB70145DAB333929D0000120000004C00000027F8FFFF832A000061F8FFFFA6F5FFFF13DCFFFF
1786745962916,10DF3A0000000000,FA5CB701,45DAB333,929D0000,12000000,4C000000,27F8FFFF,832A0000,61F8FFFF,A6F5FFFF,13DCFFFF,10DF3A0000000000FA5CB70145DAB333929D0000120000004C00000027F8FFFF832A000061F8FFFFA6F5FFFF13DCFFFF
1786745962916,74DF3A0000000000,FA5CB701,45DAB333,929D0000,12000000,4C000000,27F8FFFF,832A0000,61F8FFFF,A6F5FFFF,13DCFFFF,74DF3A0000000000FA5CB70145DAB333929D0000120000004C00000027F8FFFF832A000061F8FFFFA6F5FFFF13DCFFFF
1786745962916,D8DF3A0000000000,FA5CB701,45DAB333,929D0000,12000000,4C000000,27F8FFFF,832A0000,61F8FFFF,A6F5FFFF,13DCFFFF,D8DF3A0000000000FA5CB70145DAB333929D0000120000004C00000027F8FFFF832A000061F8FFFFA6F5FFFF13DCFFFF
1786745962916,3DE03A0000000000,FA5CB701,45DAB333,929D0000,12000000,4C000000,27F8FFFF,832A0000,61F8FFFF,A6F5FFFF,13DCFFFF,3DE03A0000000000FA5CB70145DAB333929D0000120000004C00000027F8FFFF832A000061F8FFFFA6F5FFFF13DCFFFF
1786745962916,A1E03A0000000000,FA5CB701,45DAB333,929D0000,12000000,4C000000,28F8FFFF,832A0000,61F8FFFF,A6F5FFFF,14DCFFFF,A1E03A0000000000FA5CB70145DAB333929D0000120000004C00000028F8FFFF832A000061F8FFFFA6F5FFFF14DCFFFF
1786745962916,05E13A0000000000,FA5CB701,45DAB333,929D0000,12000000,4C000000,28F8FFFF,832A0000,61F8FFFF,A6F5FFFF,14DCFFFF,05E13A0000000000FA5CB70145DAB333929D0000120000004C00000028F8FFFF832A000061F8FFFFA6F5FFFF14DCFFFF
1786745962916,69E13A0000000000,FA5CB701,45DAB333,929D0000,12000000,4C000000,28F8FFFF,832A0000,61F8FFFF,A6F5FFFF,14DCFFFF,69E13A0000000000FA5CB70145DAB333929D0000120000004C00000028F8FFFF832A000061F8FFFFA6F5FFFF14DCFFFF
1786745962916,CDE13A0000000000,FA5CB701,45DAB333,929D0000,12000000,4C000000,28F8FFFF,832A0000,61F8FFFF,A6F5FFFF,14DCFFFF,CDE13A0000000000FA5CB70145DAB333929D0000120000004C00000028F8FFFF832A000061F8FFFFA6F5FFFF14DCFFFF
1786745962916,31E23A0000000000,FA5CB701,45DAB333,929D0000,12000000,4C000000,29F8FFFF,832A0000,61F8FFFF,A6F5FFFF,15DCFFFF,31E23A0000000000FA5CB70145DAB333929D0000120000004C00000029F8FFFF832A000061F8FFFFA6F5FFFF15DCFFFF
1786745963916,95E23A0000000000,FA5CB701,45DAB333,929D0000,12000000,4C000000,29F8FFFF,832A0000,61F8FFFF,A6F5FFFF,15DCFFFF,95E23A0000000000FA5CB70145DAB333929D0000120000004C00000029F8FFFF832A000061F8FFFFA6F5FFFF15DCFFFF
1786745963916,F9E23A0000000000,FA5CB701,45DAB333,929D0000,12000000,4C000000,2AF8FFFF,832A0000,61F8FFFF,A6F5FFFF,16DCFFFF,F9E23A0000000000FA5CB70145DAB333929D0000120000004C0000002AF8FFFF832A000061F8FFFFA6F5FFFF16DCFFFF
1786745963916,5EE33A0000000000,FA5CB701,45DAB333,929D0000,12000000,4C000000,2BF8FFFF,832A0000,61F8FFFF,A6F5FFFF,17DCFFFF,5EE33A0000000000FA5CB70145DAB333929D0000120000004C0000002BF8FFFF832A000061F8FFFFA6F5FFFF17DCFFFF
1786745963916,C2E33A0000000000,FA5CB701,45DAB333,929D0000,12000000,4C000000,2CF8FFFF,832A0000,61F8FFFF,A6F5FFFF,18DCFFFF,C2E33A0000000000FA5CB70145DAB333929D0000120000004C0000002CF8FFFF832A000061F8FFFFA6F5FFFF18DCFFFF
1786745963916,26E43A0000000000,FA5CB701,45DAB333,929D0000,12000000,4C000000,2DF8FFFF,832A0000,61F8FFFF,A6F5FFFF,19DCFFFF,26E43A0000000000FA5CB70145DAB333929D0000120000004C0000002DF8FFFF832A000061F8FFFFA6F5FFFF19DCFFFF
1786745963916,8AE43A0000000000,FA5CB701,45DAB333,929D0000,12000000,4C000000,2EF8FFFF,832A0000,61F8FFFF,A6F5FFFF,1ADCFFFF,8AE43A0000000000FA5CB70145DAB333929D0000120000004C0000002EF8FFFF832A000061F8FFFFA6F5FFFF1ADCFFFF
1786745963916,EEE43A0000000000,FA5CB701,45DAB333,929D0000,12000000,4C000000,30F8FFFF,832A0000,61F8FFFF,A6F5FFFF,1CDCFFFF,EEE43A0000000000FA5CB70145DAB333929D0000120000004C00000030F8FFFF832A000061F8FFFFA6F5FFFF1CDCFFFF
1786745963916,52E53A0000000000,FA5CB701,45DAB333,929D0000,12000000,4C000000,32F8FFFF,832A0000,61F8FFFF,A6F5FFFF,1EDCFFFF,52E53A0000000000FA5CB70145DAB333929D0000120000004C00000032F8FFFF832A000061F8FFFFA6F5FFFF1EDCFFFF
1786745963916,B7E53A0000000000,FA5CB701,45DAB333,929D0000,12000000,4C000000,33F8FFFF,832A0000,61F8FFFF,A6F5FFFF,1FDCFFFF,B7E53A0000000000FA5CB70145DAB333929D0000120000004C00000033F8FFFF832A000061F8FFFFA6F5FFFF1FDCFFFF
1786745963916,1AE63A0000000000,FA5CB701,45DAB333,929D0000,12000000,4C000000,34F8FFFF,832A0000,61F8FFFF,A6F5FFFF,20DCFFFF,1AE63A0000000000FA5CB70145DAB333929D0000120000004C00000034F8FFFF832A000061F8FFFFA6F5FFFF20DCFFFF
1786745964916,7FE63A0000000000,F95CB701,47DAB333,929D0000,12000000,4C000000,36F8FFFF,832A0000,5EF8FFFF,A5F5FFFF,22DCFFFF,7FE63A0000000000F95CB70147DAB333929D0000120000004C00000036F8FFFF832A00005EF8FFFFA5F5FFFF22DCFFFF
1786745964916,E3E63A0000000000,F85CB701,4ADAB333,929D0000,12000000,4C000000,37F8FFFF,832A0000,5CF8FFFF,A5F5FFFF,23DCFFFF,E3E63A0000000000F85CB7014ADAB333929D0000120000004C00000037F8FFFF832A00005CF8FFFFA5F5FFFF23DCFFFF
1786745964916,47E73A0000000000,F75CB701,4DDAB333,929D0000,12000000,4C000000,38F8FFFF,832A0000,59F8FFFF,A4F5FFFF,24DCFFFF,47E73A0000000000F75CB7014DDAB333929D0000120000004C00000038F8FFFF832A000059F8FFFFA4F5FFFF24DCFFFF
1786745964916,ABE73A0000000000,F65CB701,4FDAB333,929D0000,12000000,4C000000,3AF8FFFF,832A0000,56F8FFFF,A4F5FFFF,26DCFFFF,ABE73A0000000000F65CB7014FDAB333929D0000120000004C0000003AF8FFFF832A000056F8FFFFA4F5FFFF26DCFFFF
1786745964916,0FE83A0000000000,F55CB701,52DAB333,929D0000,12000000,4C000000,3CF8FFFF,832A0000,54F8FFFF,A3F5FFFF,28DCFFFF,0FE83A0000000000F55CB70152DAB333929D0000120000004C0000003CF8FFFF832A000054F8FFFFA3F5FFFF28DCFFFF
1786745964916,73E83A0000000000,F45CB701,54DAB333,929D0000,12000000,4C000000,3FF8FFFF,832A0000,51F8FFFF,A3F5FFFF,2BDCFFFF,73E83A0000000000F45CB70154DAB333929D0000120000004C0000003FF8FFFF832A000051F8FFFFA3F5FFFF2BDCFFFF
1786745964916,D8E83A0000000000,F35CB701,57DAB333,929D0000,12000000,4C000000,40F8FFFF,832A0000,4EF8FFFF,A2F5FFFF,2CDCFFFF,D8E83A0000000000F35CB70157DAB333929D0000120000004C00000040F8FFFF832A00004EF8FFFFA2F5FFFF2CDCFFFF
1786745964916,3CE93A0000000000,F25CB701,59DAB333,929D0000,12000000,4C000000,41F8FFFF,832A0000,4BF8FFFF,A2F5FFFF,2DDCFFFF,3CE93A0000000000F25CB70159DAB333929D0000120000004C00000041F8FFFF832A00004BF8FFFFA2F5FFFF2DDCFFFF
1786745964916,A0E93A0000000000,F15CB701,5CDAB333,929D0000,12000000,4C000000,43F8FFFF,832A0000,49F8FFFF,A1F5FFFF,2FDCFFFF,A0E93A0000000000F15CB7015CDAB333929D0000120000004C00000043F8FFFF832A000049F8FFFFA1F5FFFF2FDCFFFF
1786745964916,04EA3A0000000000,F05CB701,5FDAB333,929D0000,12000000,4C000000,45F8FFFF,822A0000,46F8FFFF,A1F5FFFF,31DCFFFF,04EA3A0000000000F05CB7015FDAB333929D0000120000004C00000045F8FFFF822A000046F8FFFFA1F5FFFF31DCFFFF
1786745965916,68EA3A0000000000,EF5CB701,61DAB333,929D0000,12000000,4C000000,46F8FFFF,822A0000,43F8FFFF,A0F5FFFF,32DCFFFF,68EA3A0000000000EF5CB70161DAB333929D0000120000004C00000046F8FFFF822A000043F8FFFFA0F5FFFF32DCFFFF
1786745965916,CCEA3A0000000000,EF5CB701,64DAB333,929D0000,12000000,4C000000,48F8FFFF,822A0000,41F8FFFF,A0F5FFFF,34DCFFFF,CCEA3A0000000000EF5CB70164DAB333929D0000120000004C00000048F8FFFF822A000041F8FFFFA0F5FFFF34DCFFFF
1786745965916,30EB3A0000000000,EE5CB701,66DAB333,929D0000,12000000,4C000000,49F8FFFF,822A0000,3EF8FFFF,9FF5FFFF,35DCFFFF,30EB3A0000000000EE5CB70166DAB333929D0000120000004C00000049F8FFFF822A00003EF8FFFF9FF5FFFF35DCFFFF
1786745965916,94EB3A0000000000,ED5CB701,69DAB333,929D0000,12000000,4C000000,4AF8FFFF,822A0000,3BF8FFFF,9FF5FFFF,36DCFFFF,94EB3A0000000000ED5CB70169DAB333929D0000120000004C0000004AF8FFFF822A00003BF8FFFF9FF5FFFF36DCFFFF
1786745965916,F9EB3A0000000000,ED5CB701,69DAB333,929D0000,12000000,4C000000,4AF8FFFF,822A0000,3BF8FFFF,9FF5FFFF,36DCFFFF,F9EB3A0000000000ED5CB70169DAB333929D0000120000004C0000004AF8FFFF822A00003BF8FFFF9FF5FFFF36DCFFFF
1786745965916,5DEC3A0000000000,ED5CB701,69DAB333,929D0000,12000000,4C000000,4CF8FFFF,822A0000,3BF8FFFF,9FF5FFFF,38DCFFFF,5DEC3A0000000000ED5CB70169DAB333929D0000120000004C0000004CF8FFFF822A00003BF8FFFF9FF5FFFF38DCFFFF
1786745965916,C1EC3A0000000000,ED5CB701,69DAB333,929D0000,12000000,4C000000,4CF8FFFF,822A0000,3BF8FFFF,9FF5FFFF,38DCFFFF,C1EC3A0000000000ED5CB70169DAB333929D0000120000004C0000004CF8FFFF822A00003BF8FFFF9FF5FFFF38DCFFFF
1786745965916,25ED3A0000000000,ED5CB701,69DAB333,929D0000,12000000,4C000000,4DF8FFFF,822A0000,3BF8FFFF,9FF5FFFF,39DCFFFF,25ED3A0000000000ED5CB70169DAB333929D0000120000004C0000004DF8FFFF822A00003BF8FFFF9FF5FFFF39DCFFFF
1786745965916,89ED3A0000000000,ED5CB701,69DAB333,929D0000,12000000,4C000000,4EF8FFFF,822A0000,3BF8FFFF,9FF5FFFF,3ADCFFFF,89ED3A0000000000ED5CB70169DAB333929D0000120000004C0000004EF8FFFF822A00003BF8FFFF9FF5FFFF3ADCFFFF
1786745965916,EDED3A0000000000,ED5CB701,69DAB333,929D0000,12000000,4C000000,4FF8FFFF,822A0000,3BF8FFFF,9FF5FFFF,3BDCFFFF,EDED3A0000000000ED5CB70169DAB333929D0000120000004C0000004FF8FFFF822A00003BF8FFFF9FF5FFFF3BDCFFFF
1786745966916,51EE3A0000000000,ED5CB701,69DAB333,929D0000,12000000,4C000000,4EF8FFFF,822A0000,3BF8FFFF,9FF5FFFF,3ADCFFFF,51EE3A0000000000ED5CB70169DAB333929D0000120000004C0000004EF8FFFF822A00003BF8FFFF9FF5FFFF3ADCFFFF
1786745966916,B5EE3A0000000000,ED5CB701,69DAB333,929D0000,12000000,4C000000,4FF8FFFF,822A0000,3BF8FFFF,9FF5FFFF,3BDCFFFF,B5EE3A0000000000ED5CB70169DAB333929D0000120000004C0000004FF8FFFF822A00003BF8FFFF9FF5FFFF3BDCFFFF
1786745966916,1AEF3A0000000000,ED5CB701,69DAB333,929D0000,12000000,4C000000,4FF8FFFF,822A0000,3BF8FFFF,9FF5FFFF,3BDCFFFF,1AEF3A0000000000ED5CB70169DAB333929D0000120000004C0000004FF8FFFF822A00003BF8FFFF9FF5FFFF3BDCFFFF
1786745966916,7EEF3A0000000000,ED5CB701,69DAB333,929D0000,12000000,4C000000,4FF8FFFF,822A0000,3BF8FFFF,9FF5FFFF,3BDCFFFF,7EEF3A0000000000ED5CB70169DAB333929D0000120000004C0000004FF8FFFF822A00003BF8FFFF9FF5FFFF3BDCFFFF
1786745966916,E2EF3A0000000000,ED5CB701,69DAB333,929D0000,12000000,4C000000,4FF8FFFF,822A0000,3BF8FFFF,9FF5FFFF,3BDCFFFF,E2EF3A0000000000ED5CB70169DAB333929D0000120000004C0000004FF8FFFF822A00003BF8FFFF9FF5FFFF3BDCFFFF
1786745966916,46F03A0000000000,ED5CB701,69DAB333,929D0000,12000000,4C000000,4FF8FFFF,822A0000,3BF8FFFF,9FF5FFFF,3BDCFFFF,46F03A0000000000ED5CB70169DAB333929D0000120000004C0000004FF8FFFF822A00003BF8FFFF9FF5FFFF3BDCFFFF
1786745966916,AAF03A0000000000,ED5CB701,69DAB333,929D0000,12000000,4C000000,4FF8FFFF,822A0000,3BF8FFFF,9FF5FFFF,3BDCFFFF,AAF03A0000000000ED5CB70169DAB333929D0000120000004C0000004FF8FFFF822A00003BF8FFFF9FF5FFFF3BDCFFFF
1786745966916,0EF13A0000000000,ED5CB701,69DAB333,929D0000,12000000,4C000000,4FF8FFFF,822A0000,3BF8FFFF,9FF5FFFF,3BDCFFFF,0EF13A0000000000ED5CB70169DAB333929D0000120000004C0000004FF8FFFF822A00003BF8FFFF9FF5FFFF3BDCFFFF
1786745966916,72F13A0000000000,ED5CB701,69DAB333,929D0000,12000000,4C000000,4FF8FFFF,822A0000,3BF8FFFF,9FF5FFFF,3BDCFFFF,72F13A0000000000ED5CB70169DAB333929D0000120000004C0000004FF8FFFF822A00003BF8FFFF9FF5FFFF3BDCFFFF
1786745966916,D6F13A0000000000,ED5CB701,69DAB333,929D0000,12000000,4C000000,4FF8FFFF,822A0000,3BF8FFFF,9FF5FFFF,3BDCFFFF,D6F13A0000000000ED5CB70169DAB333929D0000120000004C0000004FF8FFFF822A00003BF8FFFF9FF5FFFF3BDCFFFF
1786745967916,3BF23A0000000000,ED5CB701,69DAB333,929D0000,12000000,4C000000,4FF8FFFF,822A0000,3BF8FFFF,9FF5FFFF,3BDCFFFF,3BF23A0000000000ED5CB70169DAB333929D0000120000004C0000004FF8FFFF822A00003BF8FFFF9FF5FFFF3BDCFFFF
1786745967916,9FF23A0000000000,ED5CB701,69DAB333,929D0000,12000000,4C000000,4FF8FFFF,822A0000,3BF8FFFF,9FF5FFFF,3BDCFFFF,9FF23A0000000000ED5CB70169DAB333929D0000120000004C0000004FF8FFFF822A00003BF8FFFF9FF5FFFF3BDCFFFF
1786745967916,03F33A0000000000,ED5CB701,69DAB333,929D0000,12000000,4C000000,4FF8FFFF,822A0000,3BF8FFFF,9FF5FFFF,3BDCFFFF,03F33A0000000000ED5CB70169DAB333929D0000120000004C0000004FF8FFFF822A00003BF8FFFF9FF5FFFF3BDCFFFF
1786745967916,67F33A0000000000,ED5CB701,69DAB333,929D0000,12000000,4C000000,4FF8FFFF,822A0000,3BF8FFFF,9FF5FFFF,3BDCFFFF,67F33A0000000000ED5CB70169DAB333929D0000120000004C0000004FF8FFFF822A00003BF8FFFF9FF5FFFF3BDCFFFF
1786745967916,CBF33A0000000000,ED5CB701,69DAB333,929D0000,12000000,4C000000,4FF8FFFF,822A0000,3BF8FFFF,9FF5FFFF,3BDCFFFF,CBF33A0000000000ED5CB70169DAB333929D0000120000004C0000004FF8FFFF822A00003BF8FFFF9FF5FFFF3BDCFFFF
1786745967916,2FF43A0000000000,ED5CB701,69DAB333,929D0000,12000000,4C000000,4FF8FFFF,822A0000,3BF8FFFF,9FF5FFFF,3BDCFFFF,2FF43A0000000000ED5CB70169DAB333929D0000120000004C0000004FF8FFFF822A00003BF8FFFF9FF5FFFF3BDCFFFF
1786745967916,93F43A0000000000,ED5CB701,69DAB333,929D0000,12000000,4C000000,50F8FFFF,822A0000,3BF8FFFF,9FF5FFFF,3CDCFFFF,93F43A0000000000ED5CB70169DAB333929D0000120000004C00000050F8FFFF822A00003BF8FFFF9FF5FFFF3CDCFFFF
1786745967916,F7F43A0000000000,ED5CB701,69DAB333,929D0000,12000000,4C000000,50F8FFFF,822A0000,3BF8FFFF,9FF5FFFF,3CDCFFFF,F7F43A0000000000ED5CB70169DAB333929D0000120000004C00000050F8FFFF822A00003BF8FFFF9FF5FFFF3CDCFFFF
1786745967916,5CF53A0000000000,ED5CB701,69DAB333,929D0000,12000000,4C000000,51F8FFFF,822A0000,3BF8FFFF,9FF5FFFF,3DDCFFFF,5CF53A0000000000ED5CB70169DAB333929D0000120000004C00000051F8FFFF822A00003BF8FFFF9FF5FFFF3DDCFFFF
1786745967916,C0F53A0000000000,ED5CB701,69DAB333,929D0000,12000000,4C000000,52F8FFFF,822A0000,3BF8FFFF,9FF5FFFF,3EDCFFFF,C0F53A0000000000ED5CB70169DAB333929D0000120000004C00000052F8FFFF822A00003BF8FFFF9FF5FFFF3EDCFFFF
1786745968916,24F63A0000000000,ED5CB701,69DAB333,929D0000,12000000,4C000000,53F8FFFF,822A0000,3BF8FFFF,9FF5FFFF,3FDCFFFF,24F63A0000000000ED5CB70169DAB333929D0000120000004C00000053F8FFFF822A00003BF8FFFF9FF5FFFF3FDCFFFF
1786745968916,88F63A0000000000,ED5CB701,69DAB333,929D0000,12000000,4C000000,54F8FFFF,822A0000,3BF8FFFF,9FF5FFFF,40DCFFFF,88F63A0000000000ED5CB70169DAB333929D0000120000004C00000054F8FFFF822A00003BF8FFFF9FF5FFFF40DCFFFF
1786745968916,ECF63A0000000000,ED5CB701,69DAB333,929D0000,12000000,4C000000,55F8FFFF,822A0000,3BF8FFFF,9FF5FFFF,41DCFFFF,ECF63A0000000000ED5CB70169DAB333929D0000120000004C00000055F8FFFF822A00003BF8FFFF9FF5FFFF41DCFFFF
1786745968916,50F73A0000000000,ED5CB701,69DAB333,929D0000,12000000,4C000000,56F8FFFF,822A0000,3BF8FFFF,9FF5FFFF,42DCFFFF,50F73A0000000000ED5CB70169DAB333929D0000120000004C00000056F8FFFF822A00003BF8FFFF9FF5FFFF42DCFFFF
1786745968916,B4F73A0000000000,ED5CB701,69DAB333,929D0000,12000000,4C000000,58F8FFFF,822A0000,3BF8FFFF,9FF5FFFF,44DCFFFF,B4F73A0000000000ED5CB70169DAB333929D0000120000004C00000058F8FFFF822A00003BF8FFFF9FF5FFFF44DCFFFF
1786745968916,19F83A0000000000,ED5CB701,69DAB333,929D0000,12000000,4C000000,5AF8FFFF,822A0000,3BF8FFFF,9FF5FFFF,46DCFFFF,19F83A0000000000ED5CB70169DAB333929D0000120000004C0000005AF8FFFF822A00003BF8FFFF9FF5FFFF46DCFFFF
1786745968916,7DF83A0000000000,EE5CB701,66DAB333,929D0000,12000000,4C000000,5BF8FFFF,822A0000,3EF8FFFF,9FF5FFFF,47DCFFFF,7DF83A0000000000EE5CB70166DAB333929D0000120000004C0000005BF8FFFF822A00003EF8FFFF9FF5FFFF47DCFFFF
1786745968916,E1F83A0000000000,EF5CB701,64DAB333,929D0000,12000000,4C000000,5DF8FFFF,822A0000,41F8FFFF,A0F5FFFF,49DCFFFF,E1F83A0000000000EF5CB70164DAB333929D0000120000004C0000005DF8FFFF822A000041F8FFFFA0F5FFFF49DCFFFF
1786745968916,45F93A0000000000,EF5CB701,61DAB333,929D0000,12000000,4C000000,60F8FFFF,822A0000,43F8FFFF,A0F5FFFF,4CDCFFFF,45F93A0000000000EF5CB70161DAB333929D0000120000004C00000060F8FFFF822A000043F8FFFFA0F5FFFF4CDCFFFF
1786745968916,A9F93A0000000000,F05CB701,5FDAB333,929D0000,12000000,4C000000,62F8FFFF,822A0000,46F8FFFF,A1F5FFFF,4EDCFFFF,A9F93A0000000000F05CB7015FDAB333929D0000120000004C00000062F8FFFF822A000046F8FFFFA1F5FFFF4EDCFFFF
1786745969916,0DFA3A0000000000,F15CB701,5CDAB333,929D0000,12000000,4C000000,66F8FFFF,832A0000,49F8FFFF,A1F5FFFF,52DCFFFF,0DFA3A0000000000F15CB7015CDAB333929D0000120000004C00000066F8FFFF832A000049F8FFFFA1F5FFFF52DCFFFF
1786745969916,72FA3A0000000000,F35CB701,57DAB333,929D0000,12000000,4C000000,6AF8FFFF,832A0000,4EF8FFFF,A2F5FFFF,56DCFFFF,72FA3A0000000000F35CB70157DAB333929D0000120000004C0000006AF8FFFF832A00004EF8FFFFA2F5FFFF56DCFFFF
1786745969916,D5FA3A0000000000,F55CB701,52DAB333,929D0000,12000000,4C000000,6CF8FFFF,832A0000,54F8FFFF,A3F5FFFF,58DCFFFF,D5FA3A0000000000F55CB70152DAB333929D0000120000004C0000006CF8FFFF832A000054F8FFFFA3F5FFFF58DCFFFF
1786745969916,3AFB3A0000000000,F75CB701,4CDAB333,929D0000,12000000,4C000000,6EF8FFFF,832A0000,59F8FFFF,A4F5FFFF,5ADCFFFF,3AFB3A0000000000F75CB7014CDAB333929D0000120000004C0000006EF8FFFF832A000059F8FFFFA4F5FFFF5ADCFFFF
1786745969916,9EFB3A0000000000,F85CB701,47DAB333,929D0000,12000000,4C000000,72F8FFFF,832A0000,5EF8FFFF,A5F5FFFF,5EDCFFFF,9EFB3A0000000000F85CB70147DAB333929D0000120000004C00000072F8FFFF832A00005EF8FFFFA5F5FFFF5EDCFFFF
1786745969916,02FC3A0000000000,FB5CB701,40DAB333,929D0000,12000000,4C000000,77F8FFFF,832A0000,67F8FFFF,A7F5FFFF,63DCFFFF,02FC3A0000000000FB5CB70140DAB333929D0000120000004C00000077F8FFFF832A000067F8FFFFA7F5FFFF63DCFFFF
1786745969916,66FC3A0000000000,FE5CB701,38DAB333,929D0000,12000000,4C000000,7BF8FFFF,832A0000,6FF8FFFF,A8F5FFFF,67DCFFFF,66FC3A0000000000FE5CB70138DAB333929D0000120000004C0000007BF8FFFF832A00006FF8FFFFA8F5FFFF67DCFFFF
1786745969916,CAFC3A0000000000,005DB701,30DAB333,929D0000,12000000,4C000000,81F8FFFF,832A0000,77F8FFFF,AAF5FFFF,6DDCFFFF,CAFC3A0000000000005DB70130DAB333929D0000120000004C00000081F8FFFF832A000077F8FFFFAAF5FFFF6DDCFFFF
1786745969916,2EFD3A0000000000,035DB701,28DAB333,929D0000,12000000,4C000000,89F8FFFF,842A0000,7FF8FFFF,ACF5FFFF,75DCFFFF,2EFD3A0000000000035DB70128DAB333929D0000120000004C00000089F8FFFF842A00007FF8FFFFACF5FFFF75DCFFFF
1786745969916,93FD3A0000000000,065DB701,21DAB333,929D0000,12000000,4C000000,8DF8FFFF,842A0000,87F8FFFF,ADF5FFFF,79DCFFFF,93FD3A0000000000065DB70121DAB333929D0000120000004C0000008DF8FFFF842A000087F8FFFFADF5FFFF79DCFFFF
1786745970916,FAFD3A0000000000,095DB701,16DAB333,929D0000,12000000,4C000000,8FF8FFFF,842A0000,92F8FFFF,AFF5FFFF,7BDCFFFF,FAFD3A0000000000095DB70116DAB333929D0000120000004C0000008FF8FFFF842A000092F8FFFFAFF5FFFF7BDCFFFF
1786745970916,5BFE3A0000000000,0D5DB701,0CDAB333,929D0000,12000000,4C000000,90F8FFFF,842A0000,9DF8FFFF,B1F5FFFF,7CDCFFFF,5BFE3A00000000000D5DB7010CDAB333929D0000120000004C00000090F8FFFF842A00009DF8FFFFB1F5FFFF7CDCFFFF
1786745970916,BFFE3A0000000000,105DB701,02DAB333,929D0000,12000000,4C000000,92F8FFFF,842A0000,A8F8FFFF,B3F5FFFF,7EDCFFFF,BFFE3A0000000000105DB70102DAB333929D0000120000004C00000092F8FFFF842A0000A8F8FFFFB3F5FFFF7EDCFFFF
1786745970916,23FF3A0000000000,145DB701,F7D9B333,929D0000,12000000,4C000000,96F8FFFF,852A0000,B3F8FFFF,B5F5FFFF,82DCFFFF,23FF3A0000000000145DB701F7D9B333929D0000120000004C00000096F8FFFF852A0000B3F8FFFFB5F5FFFF82DCFFFF
1786745970916,87FF3A0000000000,175DB701,EDD9B333,929D0000,12000000,4C000000,9AF8FFFF,852A0000,BEF8FFFF,B8F5FFFF,86DCFFFF,87FF3A0000000000175DB701EDD9B333929D0000120000004C0000009AF8FFFF852A0000BEF8FFFFB8F5FFFF86DCFFFF
1786745970916,EBFF3A0000000000,1C5DB701,E0D9B333,929D0000,12000000,4C000000,9EF8FFFF,852A0000,CCF8FFFF,BAF5FFFF,8ADCFFFF,EBFF3A00000000001C5DB701E0D9B333929D0000120000004C0000009EF8FFFF852A0000CCF8FFFFBAF5FFFF8ADCFFFF
1786745970916,4F003B0000000000,205DB701,D3D9B333,929D0000,12000000,4C000000,A4F8FFFF,852A0000,D9F8FFFF,BDF5FFFF,90DCFFFF,4F003B0000000000205DB701D3D9B333929D0000120000004C000000A4F8FFFF852A0000D9F8FFFFBDF5FFFF90DCFFFF
1786745970916,B4003B0000000000,245DB701,C6D9B333,929D0000,12000000,4C000000,A6F8FFFF,852A0000,E7F8FFFF,BFF5FFFF,92DCFFFF,B4003B0000000000245DB701C6D9B333929D0000120000004C000000A6F8FFFF852A0000E7F8FFFFBFF5FFFF92DCFFFF
1786745970916,18013B0000000000,295DB701,B9D9B333,929D0000,12000000,4C000000,A7F8FFFF,852A0000,F5F8FFFF,C2F5FFFF,93DCFFFF,18013B0000000000295DB701B9D9B333929D0000120000004C000000A7F8FFFF852A0000F5F8FFFFC2F5FFFF93DCFFFF
1786745970916,7C013B0000000000,2D5DB701,ACD9B333,929D0000,12000000,4C000000,AAF8FFFF,862A0000,02F9FFFF,C4F5FFFF,96DCFFFF,7C013B00000000002D5DB701ACD9B333929D0000120000004C000000AAF8FFFF862A000002F9FFFFC4F5FFFF96DCFFFF
1786745971916,E0013B0000000000,315DB701,9FD9B333,929D0000,12000000,4C000000,A9F8FFFF,862A0000,10F9FFFF,C7F5FFFF,95DCFFFF,E0013B0000000000315DB7019FD9B333929D0000120000004C000000A9F8FFFF862A000010F9FFFFC7F5FFFF95DCFFFF
1786745971916,44023B0000000000,365DB701,92D9B333,929D0000,12000000,4C000000,A9F8FFFF,862A0000,1EF9FFFF,C9F5FFFF,95DCFFFF,44023B0000000000365DB70192D9B333929D0000120000004C000000A9F8FFFF862A00001EF9FFFFC9F5FFFF95DCFFFF
1786745971916,A8023B0000000000,3A5DB701,85D9B333,929D0000,12000000,4C000000,A9F8FFFF,862A0000,2BF9FFFF,CCF5FFFF,95DCFFFF,A8023B00000000003A5DB70185D9B333929D0000120000004C000000A9F8FFFF862A00002BF9FFFFCCF5FFFF95DCFFFF
1786745971916,10033B0000000000,3E5DB701,78D9B333,929D0000,12000000,4C000000,A9F8FFFF,862A0000,39F9FFFF,CEF5FFFF,95DCFFFF,10033B00000000003E5DB70178D9B333929D0000120000004C000000A9F8FFFF862A000039F9FFFFCEF5FFFF95DCFFFF
1786745971916,70033B0000000000,435DB701,6CD9B333,929D0000,12000000,4C000000,A6F8FFFF,862A0000,46F9FFFF,D1F5FFFF,92DCFFFF,70033B0000000000435DB7016CD9B333929D0000120000004C000000A6F8FFFF862A000046F9FFFFD1F5FFFF92DCFFFF
1786745971916,D5033B0000000000,475DB701,5FD9B333,929D0000,12000000,4C000000,A2F8FFFF,862A0000,54F9FFFF,D4F5FFFF,8EDCFFFF,D5033B0000000000475DB7015FD9B333929D0000120000004C000000A2F8FFFF862A000054F9FFFFD4F5FFFF8EDCFFFF
1786745971916,39043B0000000000,4B5DB701,52D9B333,929D0000,12000000,4C000000,94F8FFFF,872A0000,62F9FFFF,D6F5FFFF,80DCFFFF,39043B00000000004B5DB70152D9B333929D0000120000004C00000094F8FFFF872A000062F9FFFFD6F5FFFF80DCFFFF
1786745971916,9D043B0000000000,505DB701,45D9B333,929D0000,12000000,4C000000,84F8FFFF,872A0000,6FF9FFFF,D9F5FFFF,70DCFFFF,9D043B0000000000505DB70145D9B333929D0000120000004C00000084F8FFFF872A00006FF9FFFFD9F5FFFF70DCFFFF
1786745971916,01053B0000000000,545DB701,38D9B333,929D0000,12000000,4C000000,70F8FFFF,872A0000,7DF9FFFF,DBF5FFFF,5CDCFFFF,01053B0000000000545DB70138D9B333929D0000120000004C00000070F8FFFF872A00007DF9FFFFDBF5FFFF5CDCFFFF
1786745971916,65053B0000000000,595DB701,2BD9B333,929D0000,12000000,4C000000,5AF8FFFF,882A0000,8BF9FFFF,DEF5FFFF,46DCFFFF,65053B0000000000595DB7012BD9B333929D0000120000004C0000005AF8FFFF882A00008BF9FFFFDEF5FFFF46DCFFFF
1786745972916,C9053B0000000000,5D5DB701,1ED9B333,929D0000,12000000,4C000000,3FF8FFFF,882A0000,98F9FFFF,E1F5FFFF,2BDCFFFF,C9053B00000000005D5DB7011ED9B333929D0000120000004C0000003FF8FFFF882A000098F9FFFFE1F5FFFF2BDCFFFF
1786745972916,2D063B0000000000,625DB701,11D9B333,929D0000,12000000,4C000000,27F8FFFF,892A0000,A6F9FFFF,E3F5FFFF,13DCFFFF,2D063B0000000000625DB70111D9B333929D0000120000004C00000027F8FFFF892A0000A6F9FFFFE3F5FFFF13DCFFFF
1786745972916,91063B0000000000,675DB701,04D9B333,929D0000,12000000,4C000000,0EF8FFFF,892A0000,B4F9FFFF,E6F5FFFF,FADBFFFF,91063B0000000000675DB70104D9B333929D0000120000004C0000000EF8FFFF892A0000B4F9FFFFE6F5FFFFFADBFFFF
1786745972916,F6063B0000000000,6B5DB701,F8D8B333,929D0000,12000000,4C000000,F5F7FFFF,8A2A0000,C1F9FFFF,E8F5FFFF,E1DBFFFF,F6063B00000000006B5DB701F8D8B333929D0000120000004C000000F5F7FFFF8A2A0000C1F9FFFFE8F5FFFFE1DBFFFF
1786745972916,5A073B0000000000,6F5DB701,EDD8B333,929D0000,12000000,4C000000,DFF7FFFF,8A2A0000,CCF9FFFF,EAF5FFFF,CBDBFFFF,5A073B00000000006F5DB701EDD8B333929D0000120000004C000000DFF7FFFF8A2A0000CCF9FFFFEAF5FFFFCBDBFFFF
1786745972916,BE073B0000000000,735DB701,E3D8B333,929D0000,12000000,4C000000,C8F7FFFF,8B2A0000,D7F9FFFF,ECF5FFFF,B4DBFFFF,BE073B0000000000735DB701E3D8B333929D0000120000004C000000C8F7FFFF8B2A0000D7F9FFFFECF5FFFFB4DBFFFF
1786745972916,22083B0000000000,775DB701,D9D8B333,929D0000,12000000,4C000000,B1F7FFFF,8B2A0000,E2F9FFFF,EFF5FFFF,9DDBFFFF,22083B0000000000775DB701D9D8B333929D0000120000004C000000B1F7FFFF8B2A0000E2F9FFFFEFF5FFFF9DDBFFFF
1786745972916,86083B0000000000,7B5DB701,CFD8B333,929D0000,12000000,4C000000,9CF7FFFF,8C2A0000,EDF9FFFF,F1F5FFFF,88DBFFFF,86083B00000000007B5DB701CFD8B333929D0000120000004C0000009CF7FFFF8C2A0000EDF9FFFFF1F5FFFF88DBFFFF
1786745972916,EA083B0000000000,7F5DB701,C5D8B333,929D0000,12000000,4C000000,89F7FFFF,8D2A0000,F8F9FFFF,F3F5FFFF,75DBFFFF,EA083B00000000007F5DB701C5D8B333929D0000120000004C00000089F7FFFF8D2A0000F8F9FFFFF3F5FFFF75DBFFFF
1786745972916,4E093B0000000000,835DB701,BBD8B333,929D0000,12000000,4C000000,73F7FFFF,8D2A0000,03FAFFFF,F5F5FFFF,5FDBFFFF,4E093B0000000000835DB701BBD8B333929D0000120000004C00000073F7FFFF8D2A000003FAFFFFF5F5FFFF5FDBFFFF
1786745973916,B2093B0000000000,875DB701,B1D8B333,929D0000,12000000,4C000000,60F7FFFF,8E2A0000,0EFAFFFF,F7F5FFFF,4CDBFFFF,B2093B0000000000875DB701B1D8B333929D0000120000004C00000060F7FFFF8E2A00000EFAFFFFF7F5FFFF4CDBFFFF
1786745973916,170A3B0000000000,8B5DB701,A6D8B333,929D0000,12000000,4C000000,4CF7FFFF,8F2A0000,18FAFFFF,F9F5FFFF,38DBFFFF,170A3B00000000008B5DB701A6D8B333929D0000120000004C0000004CF7FFFF8F2A000018FAFFFFF9F5FFFF38DBFFFF
1786745973916,7B0A3B0000000000,8F5DB701,9CD8B333,929D0000,12000000,4C000000,3CF7FFFF,902A0000,23FAFFFF,FBF5FFFF,28DBFFFF,7B0A3B00000000008F5DB7019CD8B333929D0000120000004C0000003CF7FFFF902A000023FAFFFFFBF5FFFF28DBFFFF
1786745973916,DF0A3B0000000000,935DB701,92D8B333,929D0000,12000000,4C000000,29F7FFFF,902A0000,2EFAFFFF,FDF5FFFF,15DBFFFF,DF0A3B0000000000935DB70192D8B333929D0000120000004C00000029F7FFFF902A00002EFAFFFFFDF5FFFF15DBFFFF
1786745973916,430B3B0000000000,985DB701,88D8B333,929D0000,12000000,4C000000,17F7FFFF,912A0000,39FAFFFF,00F6FFFF,03DBFFFF,430B3B0000000000985DB70188D8B333929D0000120000004C00000017F7FFFF912A000039FAFFFF00F6FFFF03DBFFFF
1786745973916,A70B3B0000000000,9C5DB701,7ED8B333,929D0000,12000000,4C000000,08F7FFFF,922A0000,44FAFFFF,02F6FFFF,F4DAFFFF,A70B3B00000000009C5DB7017ED8B333929D0000120000004C00000008F7FFFF922A000044FAFFFF02F6FFFFF4DAFFFF
1786745973916,0B0C3B0000000000,A05DB701,74D8B333,929D0000,12000000,4C000000,F5F6FFFF,932A0000,4FFAFFFF,04F6FFFF,E1DAFFFF,0B0C3B0000000000A05DB70174D8B333929D0000120000004C000000F5F6FFFF932A00004FFAFFFF04F6FFFFE1DAFFFF
1786745973916,6F0C3B0000000000,A45DB701,6AD8B333,929D0000,12000000,4C000000,DEF6FFFF,942A0000,5AFAFFFF,06F6FFFF,CADAFFFF,6F0C3B0000000000A45DB7016AD8B333929D0000120000004C000000DEF6FFFF942A00005AFAFFFF06F6FFFFCADAFFFF
1786745973916,D40C3B0000000000,A95DB701,60D8B333,929D0000,12000000,4C000000,CBF6FFFF,952A0000,64FAFFFF,08F6FFFF,B7DAFFFF,D40C3B0000000000A95DB70160D8B333929D0000120000004C000000CBF6FFFF952A000064FAFFFF08F6FFFFB7DAFFFF
1786745973916,380D3B0000000000,AE5DB701,54D8B333,929D0000,12000000,4C000000,B9F6FFFF,972A0000,72FAFFFF,0BF6FFFF,A5DAFFFF,380D3B0000000000AE5DB70154D8B333929D0000120000004C000000B9F6FFFF972A000072FAFFFF0BF6FFFFA5DAFFFF
1786745974916,9C0D3B0000000000,B35DB701,47D8B333,929D0000,12000000,4C000000,ABF6FFFF,982A0000,7FFAFFFF,0EF6FFFF,97DAFFFF,9C0D3B0000000000B35DB70147D8B333929D0000120000004C000000ABF6FFFF982A00007FFAFFFF0EF6FFFF97DAFFFF
1786745974916,000E3B0000000000,B95DB701,3AD8B333,929D0000,12000000,4C000000,9BF6FFFF,992A0000,8DFAFFFF,11F6FFFF,87DAFFFF,000E3B0000000000B95DB7013AD8B333929D0000120000004C0000009BF6FFFF992A00008DFAFFFF11F6FFFF87DAFFFF
1786745974916,640E3B0000000000,BF5DB701,2ED8B333,929D0000,12000000,4C000000,8EF6FFFF,9B2A0000,9BFAFFFF,13F6FFFF,7ADAFFFF,640E3B0000000000BF5DB7012ED8B333929D0000120000004C0000008EF6FFFF9B2A00009BFAFFFF13F6FFFF7ADAFFFF
1786745974916,C80E3B0000000000,C45DB701,22D8B333,929D0000,12000000,4C000000,82F6FFFF,9C2A0000,A8FAFFFF,16F6FFFF,6EDAFFFF,C80E3B0000000000C45DB70122D8B333929D0000120000004C00000082F6FFFF9C2A0000A8FAFFFF16F6FFFF6EDAFFFF
1786745974916,2D0F3B0000000000,C85DB701,18D8B333,929D0000,12000000,4C000000,78F6FFFF,9D2A0000,B3FAFFFF,18F6FFFF,64DAFFFF,2D0F3B0000000000C85DB70118D8B333929D0000120000004C00000078F6FFFF9D2A0000B3FAFFFF18F6FFFF64DAFFFF
1786745974916,900F3B0000000000,CD5DB701,0ED8B333,929D0000,12000000,4C000000,6FF6FFFF,9F2A0000,BEFAFFFF,1AF6FFFF,5BDAFFFF,900F3B0000000000CD5DB7010ED8B333929D0000120000004C0000006FF6FFFF9F2A0000BEFAFFFF1AF6FFFF5BDAFFFF
1786745974916,F50F3B0000000000,D15DB701,04D8B333,929D0000,12000000,4C000000,68F6FFFF,A02A0000,C9FAFFFF,1DF6FFFF,54DAFFFF,F50F3B0000000000D15DB70104D8B333929D0000120000004C00000068F6FFFFA02A0000C9FAFFFF1DF6FFFF54DAFFFF
1786745974916,59103B0000000000,D65DB701,FAD7B333,929D0000,12000000,4C000000,5FF6FFFF,A12A0000,D3FAFFFF,1FF6FFFF,4BDAFFFF,59103B0000000000D65DB701FAD7B333929D0000120000004C0000005FF6FFFFA12A0000D3FAFFFF1FF6FFFF4BDAFFFF
1786745974916,BD103B0000000000,D15DB701,04D8B333,929D0000,12000000,4C000000,57F6FFFF,A02A0000,C9FAFFFF,1DF6FFFF,43DAFFFF,BD103B0000000000D15DB70104D8B333929D0000120000004C00000057F6FFFFA02A0000C9FAFFFF1DF6FFFF43DAFFFF
1786745974916,22113B0000000000,CD5DB701,0ED8B333,929D0000,12000000,4C000000,4BF6FFFF,9F2A0000,BEFAFFFF,1AF6FFFF,37DAFFFF,22113B0000000000CD5DB7010ED8B333929D0000120000004C0000004BF6FFFF9F2A0000BEFAFFFF1AF6FFFF37DAFFFF
1786745975916,85113B0000000000,C85DB701,18D8B333,929D0000,12000000,4C000000,42F6FFFF,9D2A0000,B3FAFFFF,18F6FFFF,2EDAFFFF,85113B0000000000C85DB70118D8B333929D0000120000004C00000042F6FFFF9D2A0000B3FAFFFF18F6FFFF2EDAFFFF
1786745975916,E9113B0000000000,C45DB701,22D8B333,929D0000,12000000,4C000000,3DF6FFFF,9C2A0000,A8FAFFFF,16F6FFFF,29DAFFFF,E9113B0000000000C45DB70122D8B333929D0000120000004C0000003DF6FFFF9C2A0000A8FAFFFF16F6FFFF29DAFFFF
1786745975916,4E123B0000000000,BF5DB701,2CD8B333,929D0000,12000000,4C000000,37F6FFFF,9B2A0000,9DFAFFFF,14F6FFFF,23DAFFFF,4E123B0000000000BF5DB7012CD8B333929D0000120000004C00000037F6FFFF9B2A00009DFAFFFF14F6FFFF23DAFFFF
1786745975916,B2123B0000000000,BB5DB701,35D8B333,929D0000,12000000,4C000000,30F6FFFF,992A0000,93FAFFFF,12F6FFFF,1CDAFFFF,B2123B0000000000BB5DB70135D8B333929D0000120000004C00000030F6FFFF992A000093FAFFFF12F6FFFF1CDAFFFF
1786745975916,16133B0000000000,B65DB701,3FD8B333,929D0000,12000000,4C000000,2CF6FFFF,982A0000,88FAFFFF,10F6FFFF,18DAFFFF,16133B0000000000B65DB7013FD8B333929D0000120000004C0000002CF6FFFF982A000088FAFFFF10F6FFFF18DAFFFF
1786745975916,7A133B0000000000,B35DB701,47D8B333,929D0000,12000000,4C000000,28F6FFFF,972A0000,80FAFFFF,0EF6FFFF,14DAFFFF,7A133B0000000000B35DB70147D8B333929D0000120000004C00000028F6FFFF972A000080FAFFFF0EF6FFFF14DAFFFF
1786745975916,DE133B0000000000,AF5DB701,4ED8B333,929D0000,12000000,4C000000,23F6FFFF,962A0000,77FAFFFF,0CF6FFFF,0FDAFFFF,DE133B0000000000AF5DB7014ED8B333929D0000120000004C00000023F6FFFF962A000077FAFFFF0CF6FFFF0FDAFFFF
1786745975916,42143B0000000000,AC5DB701,55D8B333,929D0000,12000000,4C000000,21F6FFFF,952A0000,6FFAFFFF,0BF6FFFF,0DDAFFFF,42143B0000000000AC5DB70155D8B333929D0000120000004C00000021F6FFFF952A00006FFAFFFF0BF6FFFF0DDAFFFF
1786745975916,A6143B0000000000,A95DB701,5AD8B333,929D0000,12000000,4C000000,22F6FFFF,942A0000,6AFAFFFF,0AF6FFFF,0EDAFFFF,A6143B0000000000A95DB7015AD8B333929D0000120000004C00000022F6FFFF942A00006AFAFFFF0AF6FFFF0EDAFFFF
1786745975916,0A153B0000000000,A75DB701,5FD8B333,929D0000,12000000,4C000000,22F6FFFF,942A0000,65FAFFFF,09F6FFFF,0EDAFFFF,0A153B0000000000A75DB7015FD8B333929D0000120000004C00000022F6FFFF942A000065FAFFFF09F6FFFF0EDAFFFF
1786745976916,6F153B0000000000,A65DB701,62D8B333,929D0000,12000000,4C000000,22F6FFFF,932A0000,62FAFFFF,08F6FFFF,0EDAFFFF,6F153B0000000000A65DB70162D8B333929D0000120000004C00000022F6FFFF932A000062FAFFFF08F6FFFF0EDAFFFF
1786745976916,D3153B0000000000,A55DB701,64D8B333,929D0000,12000000,4C000000,23F6FFFF,932A0000,5FFAFFFF,07F6FFFF,0FDAFFFF,D3153B0000000000A55DB70164D8B333929D0000120000004C00000023F6FFFF932A00005FFAFFFF07F6FFFF0FDAFFFF
1786745976916,37163B0000000000,A45DB701,67D8B333,929D0000,12000000,4C000000,24F6FFFF,932A0000,5DFAFFFF,07F6FFFF,10DAFFFF,37163B0000000000A45DB70167D8B333929D0000120000004C00000024F6FFFF932A00005DFAFFFF07F6FFFF10DAFFFF
1786745976916,9B163B0000000000,A45DB701,67D8B333,929D0000,12000000,4C000000,1EF6FFFF,932A0000,5DFAFFFF,07F6FFFF,0ADAFFFF,9B163B0000000000A45DB70167D8B333929D0000120000004C0000001EF6FFFF932A00005DFAFFFF07F6FFFF0ADAFFFF
1786745976916,FF163B0000000000,A45DB701,67D8B333,929D0000,12000000,4C000000,1EF6FFFF,932A0000,5DFAFFFF,07F6FFFF,0ADAFFFF,FF163B0000000000A45DB70167D8B333929D0000120000004C0000001EF6FFFF932A00005DFAFFFF07F6FFFF0ADAFFFF
1786745976916,63173B0000000000,A45DB701,67D8B333,929D0000,12000000,4C000000,20F6FFFF,932A0000,5DFAFFFF,07F6FFFF,0CDAFFFF,63173B0000000000A45DB70167D8B333929D0000120000004C00000020F6FFFF932A00005DFAFFFF07F6FFFF0CDAFFFF
1786745976916,C7173B0000000000,A45DB701,67D8B333,929D0000,12000000,4C000000,1FF6FFFF,932A0000,5DFAFFFF,07F6FFFF,0BDAFFFF,C7173B0000000000A45DB70167D8B333929D0000120000004C0000001FF6FFFF932A00005DFAFFFF07F6FFFF0BDAFFFF
1786745976916,2B183B0000000000,A45DB701,67D8B333,929D0000,12000000,4C000000,1FF6FFFF,932A0000,5DFAFFFF,07F6FFFF,0BDAFFFF,2B183B0000000000A45DB70167D8B333929D0000120000004C0000001FF6FFFF932A00005DFAFFFF07F6FFFF0BDAFFFF
1786745976916,90183B0000000000,A45DB701,67D8B333,929D0000,12000000,4C000000,1CF6FFFF,932A0000,5DFAFFFF,07F6FFFF,08DAFFFF,90183B0000000000A45DB70167D8B333929D0000120000004C0000001CF6FFFF932A00005DFAFFFF07F6FFFF08DAFFFF
1786745976916,F4183B0000000000,A45DB701,67D8B333,929D0000,12000000,4C000000,1BF6FFFF,932A0000,5DFAFFFF,07F6FFFF,07DAFFFF,F4183B0000000000A45DB70167D8B333929D0000120000004C0000001BF6FFFF932A00005DFAFFFF07F6FFFF07DAFFFF
1786745977916,58193B0000000000,A45DB701,67D8B333,929D0000,12000000,4C000000,19F6FFFF,932A0000,5DFAFFFF,07F6FFFF,05DAFFFF,58193B0000000000A45DB70167D8B333929D0000120000004C00000019F6FFFF932A00005DFAFFFF07F6FFFF05DAFFFF
1786745977916,BC193B0000000000,A45DB701,67D8B333,929D0000,12000000,4C000000,17F6FFFF,932A0000,5DFAFFFF,07F6FFFF,03DAFFFF,BC193B0000000000A45DB70167D8B333929D0000120000004C00000017F6FFFF932A00005DFAFFFF07F6FFFF03DAFFFF
1786745977916,201A3B0000000000,A45DB701,67D8B333,929D0000,12000000,4C000000,12F6FFFF,932A0000,5DFAFFFF,07F6FFFF,FED9FFFF,201A3B0000000000A45DB70167D8B333929D0000120000004C00000012F6FFFF932A00005DFAFFFF07F6FFFFFED9FFFF
1786745977916,841A3B0000000000,A45DB701,67D8B333,929D0000,12000000,4C000000,0BF6FFFF,932A0000,5DFAFFFF,07F6FFFF,F7D9FFFF,841A3B0000000000A45DB70167D8B333929D0000120000004C0000000BF6FFFF932A00005DFAFFFF07F6FFFFF7D9FFFF
1786745977916,E81A3B0000000000,A45DB701,67D8B333,929D0000,12000000,4C000000,01F6FFFF,932A0000,5DFAFFFF,07F6FFFF,EDD9FFFF,E81A3B0000000000A45DB70167D8B333929D0000120000004C00000001F6FFFF932A00005DFAFFFF07F6FFFFEDD9FFFF
1786745977916,4C1B3B0000000000,A45DB701,67D8B333,929D0000,12000000,4C000000,F2F5FFFF,932A0000,5DFAFFFF,07F6FFFF,DED9FFFF,4C1B3B0000000000A45DB70167D8B333929D0000120000004C000000F2F5FFFF932A00005DFAFFFF07F6FFFFDED9FFFF
1786745977916,B11B3B0000000000,A45DB701,67D8B333,929D0000,12000000,4C000000,DBF5FFFF,932A0000,5DFAFFFF,07F6FFFF,C7D9FFFF,B11B3B0000000000A45DB70167D8B333929D0000120000004C000000DBF5FFFF932A00005DFAFFFF07F6FFFFC7D9FFFF
1786745977916,151C3B0000000000,A45DB701,67D8B333,929D0000,12000000,4C000000,BEF5FFFF,932A0000,5DFAFFFF,07F6FFFF,AAD9FFFF,151C3B0000000000A45DB70167D8B333929D0000120000004C000000BEF5FFFF932A00005DFAFFFF07F6FFFFAAD9FFFF
1786745977916,791C3B0000000000,A45DB701,67D8B333,929D0000,12000000,4C000000,97F5FFFF,932A0000,5DFAFFFF,07F6FFFF,83D9FFFF,791C3B0000000000A45DB70167D8B333929D0000120000004C00000097F5FFFF932A00005DFAFFFF07F6FFFF83D9FFFF
1786745977916,DD1C3B0000000000,A45DB701,67D8B333,929D0000,12000000,4C000000,68F5FFFF,932A0000,5DFAFFFF,07F6FFFF,54D9FFFF,DD1C3B0000000000A45DB70167D8B333929D0000120000004C00000068F5FFFF932A00005DFAFFFF07F6FFFF54D9FFFF
1786745978916,411D3B0000000000,A45DB701,67D8B333,929D0000,12000000,4C000000,31F5FFFF,932A0000,5DFAFFFF,07F6FFFF,1DD9FFFF,411D3B0000000000A45DB70167D8B333929D0000120000004C00000031F5FFFF932A00005DFAFFFF07F6FFFF1DD9FFFF
1786745978916,A51D3B0000000000,A25DB701,69D8B333,929D0000,12000000,4C000000,F1F4FFFF,922A0000,5AFAFFFF,06F6FFFF,DDD8FFFF,A51D3B0000000000A25DB70169D8B333929D0000120000004C000000F1F4FFFF922A00005AFAFFFF06F6FFFFDDD8FFFF
1786745978916,091E3B0000000000,A15DB701,6CD8B333,929D0000,12000000,4C000000,A8F4FFFF,922A0000,57FAFFFF,06F6FFFF,94D8FFFF,091E3B0000000000A15DB7016CD8B333929D0000120000004C000000A8F4FFFF922A000057FAFFFF06F6FFFF94D8FFFF
1786745978916,6E1E3B0000000000,9E5DB701,70D8B333,929D0000,12000000,4C000000,55F4FFFF,902A0000,52FAFFFF,05F6FFFF,41D8FFFF,6E1E3B00000000009E5DB70170D8B333929D0000120000004C00000055F4FFFF902A000052FAFFFF05F6FFFF41D8FFFF
1786745978916,D21E3B0000000000,9C5DB701,75D8B333,929D0000,12000000,4C000000,F9F3FFFF,8F2A0000,4DFAFFFF,03F6FFFF,E5D7FFFF,D21E3B00000000009C5DB70175D8B333929D0000120000004C000000F9F3FFFF8F2A00004DFAFFFF03F6FFFFE5D7FFFF
1786745978916,361F3B0000000000,995DB701,7AD8B333,929D0000,12000000,4C000000,9BF3FFFF,8E2A0000,47FAFFFF,02F6FFFF,87D7FFFF,361F3B0000000000995DB7017AD8B333929D0000120000004C0000009BF3FFFF8E2A000047FAFFFF02F6FFFF87D7FFFF
1786745978916,9A1F3B0000000000,945DB701,81D8B333,929D0000,12000000,4C000000,2DF3FFFF,8C2A0000,3FFAFFFF,01F6FFFF,19D7FFFF,9A1F3B0000000000945DB70181D8B333929D0000120000004C0000002DF3FFFF8C2A00003FFAFFFF01F6FFFF19D7FFFF
1786745978916,FE1F3B0000000000,905DB701,87D8B333,929D0000,12000000,4C000000,BCF2FFFF,8A2A0000,37FAFFFF,FFF5FFFF,A8D6FFFF,FE1F3B0000000000905DB70187D8B333929D0000120000004C000000BCF2FFFF8A2A000037FAFFFFFFF5FFFFA8D6FFFF
1786745978916,62203B0000000000,8A5DB701,90D8B333,929D0000,12000000,4C000000,4CF2FFFF,872A0000,2DFAFFFF,FDF5FFFF,38D6FFFF,62203B00000000008A5DB70190D8B333929D0000120000004C0000004CF2FFFF872A00002DFAFFFFFDF5FFFF38D6FFFF
1786745978916,C6203B0000000000,835DB701,99D8B333,929D0000,12000000,4C000000,D1F1FFFF,832A0000,23FAFFFF,FAF5FFFF,BDD5FFFF,C6203B0000000000835DB70199D8B333929D0000120000004C000000D1F1FFFF832A000023FAFFFFFAF5FFFFBDD5FFFF
1786745979916,2A213B0000000000,7D5DB701,A2D8B333,929D0000,12000000,4C000000,49F1FFFF,802A0000,18FAFFFF,F8F5FFFF,35D5FFFF,2A213B00000000007D5DB701A2D8B333929D0000120000004C00000049F1FFFF802A000018FAFFFFF8F5FFFF35D5FFFF
1786745979916,8F213B0000000000,745DB701,ADD8B333,929D0000,12000000,4C000000,B5F0FFFF,7B2A0000,0CFAFFFF,F5F5FFFF,A1D4FFFF,8F213B0000000000745DB701ADD8B333929D0000120000004C000000B5F0FFFF7B2A00000CFAFFFFF5F5FFFFA1D4FFFF
1786745979916,F3213B0000000000,6C5DB701,B7D8B333,929D0000,12000000,4C000000,16F0FFFF,762A0000,FFF9FFFF,F2F5FFFF,02D4FFFF,F3213B00000000006C5DB701B7D8B333929D0000120000004C00000016F0FFFF762A0000FFF9FFFFF2F5FFFF02D4FFFF
1786745979916,57223B0000000000,635DB701,C1D8B333,929D0000,12000000,4C000000,6CEFFFFF,702A0000,F3F9FFFF,EFF5FFFF,58D3FFFF,57223B0000000000635DB701C1D8B333929D0000120000004C0000006CEFFFFF702A0000F3F9FFFFEFF5FFFF58D3FFFF
1786745979916,BB223B0000000000,575DB701,CDD8B333,929D0000,12000000,4C000000,B4EEFFFF,692A0000,E4F9FFFF,ECF5FFFF,A0D2FFFF,BB223B0000000000575DB701CDD8B333929D0000120000004C000000B4EEFFFF692A0000E4F9FFFFECF5FFFFA0D2FFFF
1786745979916,1F233B0000000000,4C5DB701,D8D8B333,929D0000,12000000,4C000000,00EEFFFF,622A0000,D5F9FFFF,E8F5FFFF,ECD1FFFF,1F233B00000000004C5DB701D8D8B333929D0000120000004C00000000EEFFFF622A0000D5F9FFFFE8F5FFFFECD1FFFF
1786745979916,83233B0000000000,3E5DB701,E5D8B333,929D0000,12000000,4C000000,3FEDFFFF,592A0000,C5F9FFFF,E4F5FFFF,2BD1FFFF,83233B00000000003E5DB701E5D8B333929D0000120000004C0000003FEDFFFF592A0000C5F9FFFFE4F5FFFF2BD1FFFF
1786745979916,E7233B0000000000,305DB701,F2D8B333,929D0000,12000000,4C000000,65ECFFFF,4F2A0000,B5F9FFFF,E0F5FFFF,51D0FFFF,E7233B0000000000305DB701F2D8B333929D0000120000004C00000065ECFFFF4F2A0000B5F9FFFFE0F5FFFF51D0FFFF
1786745979916,4B243B0000000000,1F5DB701,FFD8B333,929D0000,12000000,4C000000,8CEBFFFF,432A0000,A3F9FFFF,DBF5FFFF,78CFFFFF,4B243B00000000001F5DB701FFD8B333929D0000120000004C0000008CEBFFFF432A0000A3F9FFFFDBF5FFFF78CFFFFF
1786745979916,B0243B0000000000,0D5DB701,0CD9B333,929D0000,12000000,4C000000,97EAFFFF,362A0000,91F9FFFF,D6F5FFFF,83CEFFFF,B0243B00000000000D5DB7010CD9B333929D0000120000004C00000097EAFFFF362A000091F9FFFFD6F5FFFF83CEFFFF
1786745980916,14253B0000000000,FB5CB701,18D9B333,929D0000,12000000,4C000000,A7E9FFFF,292A0000,80F9FFFF,D1F5FFFF,93CDFFFF,14253B0000000000FB5CB70118D9B333929D0000120000004C000000A7E9FFFF292A000080F9FFFFD1F5FFFF93CDFFFF
1786745980916,78253B0000000000,E65CB701,25D9B333,929D0000,12000000,4C000000,B8E8FFFF,182A0000,6EF9FFFF,CBF5FFFF,A4CCFFFF,78253B0000000000E65CB70125D9B333929D0000120000004C000000B8E8FFFF182A00006EF9FFFFCBF5FFFFA4CCFFFF
1786745980916,DC253B0000000000,D15CB701,30D9B333,929D0000,12000000,4C000000,BFE7FFFF,082A0000,5CF9FFFF,C5F5FFFF,ABCBFFFF,DC253B0000000000D15CB70130D9B333929D0000120000004C000000BFE7FFFF082A00005CF9FFFFC5F5FFFFABCBFFFF
1786745980916,40263B0000000000,B95CB701,3CD9B333,929D0000,12000000,4C000000,C0E6FFFF,F5290000,49F9FFFF,BFF5FFFF,ACCAFFFF,40263B0000000000B95CB7013CD9B333929D0000120000004C000000C0E6FFFFF529000049F9FFFFBFF5FFFFACCAFFFF
1786745980916,A4263B0000000000,A05CB701,47D9B333,929D0000,12000000,4C000000,B6E5FFFF,E0290000,37F9FFFF,B9F5FFFF,A2C9FFFF,A4263B0000000000A05CB70147D9B333929D0000120000004C000000B6E5FFFFE029000037F9FFFFB9F5FFFFA2C9FFFF
1786745980916,09273B0000000000,875CB701,51D9B333,929D0000,12000000,4C000000,A5E4FFFF,CB290000,26F9FFFF,B3F5FFFF,91C8FFFF,09273B0000000000875CB70151D9B333929D0000120000004C000000A5E4FFFFCB29000026F9FFFFB3F5FFFF91C8FFFF
1786745980916,6D273B0000000000,6B5CB701,5AD9B333,929D0000,12000000,4C000000,97E3FFFF,B3290000,15F9FFFF,ACF5FFFF,83C7FFFF,6D273B00000000006B5CB7015AD9B333929D0000120000004C00000097E3FFFFB329000015F9FFFFACF5FFFF83C7FFFF
1786745980916,D1273B0000000000,4E5CB701,62D9B333,929D0000,12000000,4C000000,80E2FFFF,9A290000,04F9FFFF,A5F5FFFF,6CC6FFFF,D1273B00000000004E5CB70162D9B333929D0000120000004C00000080E2FFFF9A29000004F9FFFFA5F5FFFF6CC6FFFF
1786745980916,35283B0000000000,315CB701,69D9B333,929D0000,12000000,4C000000,60E1FFFF,81290000,F5F8FFFF,9FF5FFFF,4CC5FFFF,35283B0000000000315CB70169D9B333929D0000120000004C00000060E1FFFF81290000F5F8FFFF9FF5FFFF4CC5FFFF
1786745980916,99283B0000000000,115CB701,6ED9B333,929D0000,12000000,4C000000,41E0FFFF,64290000,E6F8FFFF,97F5FFFF,2DC4FFFF,99283B0000000000115CB7016ED9B333929D0000120000004C00000041E0FFFF64290000E6F8FFFF97F5FFFF2DC4FFFF
1786745981916,FD283B0000000000,F05BB701,72D9B333,929D0000,12000000,4C000000,18DFFFFF,46290000,D8F8FFFF,90F5FFFF,04C3FFFF,FD283B0000000000F05BB70172D9B333929D0000120000004C00000018DFFFFF46290000D8F8FFFF90F5FFFF04C3FFFF
1786745981916,61293B0000000000,D05BB701,75D9B333,929D0000,12000000,4C000000,00DEFFFF,28290000,CCF8FFFF,89F5FFFF,ECC1FFFF,61293B0000000000D05BB70175D9B333929D0000120000004C00000000DEFFFF28290000CCF8FFFF89F5FFFFECC1FFFF
1786745981916,C5293B0000000000,AD5BB701,75D9B333,929D0000,12000000,4C000000,F6DCFFFF,07290000,C0F8FFFF,81F5FFFF,E2C0FFFF,C5293B0000000000AD5BB70175D9B333929D0000120000004C000000F6DCFFFF07290000C0F8FFFF81F5FFFFE2C0FFFF
1786745981916,2A2A3B0000000000,895BB701,75D9B333,929D0000,12000000,4C000000,01DCFFFF,E5280000,B6F8FFFF,7AF5FFFF,EDBFFFFF,2A2A3B0000000000895BB70175D9B333929D0000120000004C00000001DCFFFFE5280000B6F8FFFF7AF5FFFFEDBFFFFF
1786745981916,8E2A3B0000000000,665BB701,73D9B333,929D0000,12000000,4C000000,30DBFFFF,C3280000,AEF8FFFF,72F5FFFF,1CBFFFFF,8E2A3B0000000000665BB70173D9B333929D0000120000004C00000030DBFFFFC3280000AEF8FFFF72F5FFFF1CBFFFFF
1786745981916,F22A3B0000000000,405BB701,6FD9B333,929D0000,12000000,4C000000,69DAFFFF,9E280000,A5F8FFFF,6BF5FFFF,55BEFFFF,F22A3B0000000000405BB7016FD9B333929D0000120000004C00000069DAFFFF9E280000A5F8FFFF6BF5FFFF55BEFFFF
1786745981916,562B3B0000000000,1A5BB701,6AD9B333,929D0000,12000000,4C000000,BAD9FFFF,78280000,9EF8FFFF,63F5FFFF,A6BDFFFF,562B3B00000000001A5BB7016AD9B333929D0000120000004C000000BAD9FFFF782800009EF8FFFF63F5FFFFA6BDFFFF
1786745981916,BA2B3B0000000000,F55AB701,64D9B333,929D0000,12000000,4C000000,20D9FFFF,52280000,98F8FFFF,5BF5FFFF,0CBDFFFF,BA2B3B0000000000F55AB70164D9B333929D0000120000004C00000020D9FFFF5228000098F8FFFF5BF5FFFF0CBDFFFF
1786745981916,1E2C3B0000000000,CC5AB701,5DD9B333,929D0000,12000000,4C000000,96D8FFFF,2A280000,93F8FFFF,53F5FFFF,82BCFFFF,1E2C3B0000000000CC5AB7015DD9B333929D0000120000004C00000096D8FFFF2A28000093F8FFFF53F5FFFF82BCFFFF
1786745981916,822C3B0000000000,A45AB701,55D9B333,929D0000,12000000,4C000000,19D8FFFF,02280000,8EF8FFFF,4AF5FFFF,05BCFFFF,822C3B0000000000A45AB70155D9B333929D0000120000004C00000019D8FFFF022800008EF8FFFF4AF5FFFF05BCFFFF
1786745982916,E62C3B0000000000,7D5AB701,4CD9B333,929D0000,12000000,4C000000,A3D7FFFF,D9270000,8BF8FFFF,42F5FFFF,8FBBFFFF,E62C3B00000000007D5AB7014CD9B333929D0000120000004C000000A3D7FFFFD92700008BF8FFFF42F5FFFF8FBBFFFF
1786745982916,4B2D3B0000000000,555AB701,42D9B333,929D0000,12000000,4C000000,31D7FFFF,B0270000,88F8FFFF,39F5FFFF,1DBBFFFF,4B2D3B0000000000555AB70142D9B333929D0000120000004C00000031D7FFFFB027000088F8FFFF39F5FFFF1DBBFFFF
1786745982916,AF2D3B0000000000,2B5AB701,37D9B333,929D0000,12000000,4C000000,D4D6FFFF,85270000,86F8FFFF,30F5FFFF,C0BAFFFF,AF2D3B00000000002B5AB70137D9B333929D0000120000004C000000D4D6FFFF8527000086F8FFFF30F5FFFFC0BAFFFF
1786745982916,132E3B0000000000,015AB701,2BD9B333,929D0000,12000000,4C000000,83D6FFFF,59270000,84F8FFFF,26F5FFFF,6FBAFFFF,132E3B0000000000015AB7012BD9B333929D0000120000004C00000083D6FFFF5927000084F8FFFF26F5FFFF6FBAFFFF
1786745982916,772E3B0000000000,D859B701,1FD9B333,929D0000,12000000,4C000000,46D6FFFF,2E270000,83F8FFFF,1DF5FFFF,32BAFFFF,772E3B0000000000D859B7011FD9B333929D0000120000004C00000046D6FFFF2E27000083F8FFFF1DF5FFFF32BAFFFF
1786745982916,DB2E3B0000000000,AF59B701,13D9B333,929D0000,12000000,4C000000,1CD6FFFF,04270000,82F8FFFF,10F5FFFF,08BAFFFF,DB2E3B0000000000AF59B70113D9B333929D0000120000004C0000001CD6FFFF0427000082F8FFFF10F5FFFF08BAFFFF
1786745982916,3F2F3B0000000000,8459B701,05D9B333,929D0000,12000000,4C000000,E5D5FFFF,D7260000,82F8FFFF,01F5FFFF,D1B9FFFF,3F2F3B00000000008459B70105D9B333929D0000120000004C000000E5D5FFFFD726000082F8FFFF01F5FFFFD1B9FFFF
1786745982916,A32F3B0000000000,5959B701,F7D8B333,929D0000,12000000,4C000000,58620000,A9260000,82F8FFFF,F3F4FFFF,44460000,A32F3B00000000005959B701F7D8B333929D0000120000004C00000058620000A926000082F8FFFFF3F4FFFF44460000
1786745982916,07303B0000000000,2E59B701,E9D8B333,929D0000,12000000,4C000000,26620000,7C260000,82F8FFFF,E5F4FFFF,12460000,07303B00000000002E59B701E9D8B333929D0000120000004C000000266200007C26000082F8FFFFE5F4FFFF12460000
1786745982916,6C303B0000000000,0459B701,DBD8B333,929D0000,12000000,4C000000,F1610000,4F260000,83F8FFFF,D7F4FFFF,DD450000,6C303B00000000000459B701DBD8B333929D0000120000004C000000F16100004F26000083F8FFFFD7F4FFFFDD450000
1786745983916,D0303B0000000000,D758B701,CBD8B333,929D0000,12000000,4C000000,B3610000,20260000,84F8FFFF,C9F4FFFF,9F450000,D0303B0000000000D758B701CBD8B333929D0000120000004C000000B36100002026000084F8FFFFC9F4FFFF9F450000
1786745983916,34313B0000000000,AA58B701,BAD8B333,929D0000,12000000,4C000000,75610000,F0250000,86F8FFFF,BAF4FFFF,61450000,34313B0000000000AA58B701BAD8B333929D0000120000004C00000075610000F025000086F8FFFFBAF4FFFF61450000
1786745983916,98313B0000000000,7D58B701,A9D8B333,929D0000,12000000,4C000000,32610000,C0250000,88F8FFFF,ACF4FFFF,1E450000,98313B00000000007D58B701A9D8B333929D0000120000004C00000032610000C025000088F8FFFFACF4FFFF1E450000
1786745983916,FC313B0000000000,5058B701,98D8B333,929D0000,12000000,4C000000,EF600000,90250000,8CF8FFFF,9DF4FFFF,DB440000,FC313B00000000005058B70198D8B333929D0000120000004C000000EF600000902500008CF8FFFF9DF4FFFFDB440000
1786745983916,60323B0000000000,2258B701,85D8B333,929D0000,12000000,4C000000,AC600000,5E250000,8FF8FFFF,8EF4FFFF,98440000,60323B00000000002258B70185D8B333929D0000120000004C000000AC6000005E2500008FF8FFFF8EF4FFFF98440000
1786745983916,C4323B0000000000,F357B701,71D8B333,929D0000,12000000,4C000000,6C600000,2B250000,93F8FFFF,7FF4FFFF,58440000,C4323B0000000000F357B70171D8B333929D0000120000004C0000006C6000002B25000093F8FFFF7FF4FFFF58440000
1786745983916,29333B0000000000,C457B701,5DD8B333,929D0000,12000000,4C000000,2E600000,F9240000,98F8FFFF,70F4FFFF,1A440000,29333B0000000000C457B7015DD8B333929D0000120000004C0000002E600000F924000098F8FFFF70F4FFFF1A440000
1786745983916,8D333B0000000000,9657B701,49D8B333,929D0000,12000000,4C000000,E95F0000,C7240000,9EF8FFFF,61F4FFFF,D5430000,8D333B00000000009657B70149D8B333929D0000120000004C000000E95F0000C72400009EF8FFFF61F4FFFFD5430000
1786745983916,F1333B0000000000,6657B701,32D8B333,929D0000,12000000,4C000000,A05F0000,92240000,A4F8FFFF,50F4FFFF,8C430000,F1333B00000000006657B70132D8B333929D0000120000004C000000A05F000092240000A4F8FFFF50F4FFFF8C430000
1786745983916,55343B0000000000,3657B701,1CD8B333,929D0000,12000000,4C000000,5C5F0000,5D240000,ABF8FFFF,40F4FFFF,48430000,55343B00000000003657B7011CD8B333929D0000120000004C0000005C5F00005D240000ABF8FFFF40F4FFFF48430000
1786745984916,B9343B0000000000,0657B701,04D8B333,929D0000,12000000,4C000000,285F0000,29240000,B3F8FFFF,30F4FFFF,14430000,B9343B00000000000657B70104D8B333929D0000120000004C000000285F000029240000B3F8FFFF30F4FFFF14430000
1786745984916,1D353B0000000000,D756B701,EDD7B333,929D0000,12000000,4C000000,FC5E0000,F4230000,BAF8FFFF,20F4FFFF,E8420000,1D353B0000000000D756B701EDD7B333929D0000120000004C000000FC5E0000F4230000BAF8FFFF20F4FFFFE8420000
1786745984916,81353B0000000000,A556B701,D3D7B333,929D0000,12000000,4C000000,D35E0000,BD230000,C3F8FFFF,10F4FFFF,BF420000,81353B0000000000A556B701D3D7B333929D0000120000004C000000D35E0000BD230000C3F8FFFF10F4FFFFBF420000
1786745984916,E5353B0000000000,7356B701,BAD7B333,929D0000,12000000,4C000000,B35E0000,86230000,CCF8FFFF,FFF3FFFF,9F420000,E5353B00000000007356B701BAD7B333929D0000120000004C000000B35E000086230000CCF8FFFFFFF3FFFF9F420000
1786745984916,4A363B0000000000,4156B701,A0D7B333,929D0000,12000000,4C000000,995E0000,4E230000,D6F8FFFF,EFF3FFFF,85420000,4A363B00000000004156B701A0D7B333929D0000120000004C000000995E00004E230000D6F8FFFFEFF3FFFF85420000
1786745984916,AE363B0000000000,1056B701,86D7B333,929D0000,12000000,4C000000,975E0000,17230000,DFF8FFFF,DEF3FFFF,83420000,AE363B00000000001056B70186D7B333929D0000120000004C000000975E000017230000DFF8FFFFDEF3FFFF83420000
1786745984916,12373B0000000000,DE55B701,6CD7B333,929D0000,12000000,4C000000,925E0000,E0220000,E8F8FFFF,CDF3FFFF,7E420000,12373B0000000000DE55B7016CD7B333929D0000120000004C000000925E0000E0220000E8F8FFFFCDF3FFFF7E420000
1786745984916,76373B0000000000,AA55B701,52D7B333,929D0000,12000000,4C000000,FA5E0000,A7220000,F1F8FFFF,BBF3FFFF,E6420000,76373B0000000000AA55B70152D7B333929D0000120000004C000000FA5E0000A7220000F1F8FFFFBBF3FFFFE6420000
1786745984916,DA373B0000000000,7655B701,38D7B333,929D0000,12000000,4C000000,FE5E0000,6D220000,FAF8FFFF,A9F3FFFF,EA420000,DA373B00000000007655B70138D7B333929D0000120000004C000000FE5E00006D220000FAF8FFFFA9F3FFFFEA420000
1786745984916,3E383B0000000000,4255B701,1ED7B333,929D0000,12000000,4C000000,035F0000,33220000,03F9FFFF,97F3FFFF,EF420000,3E383B00000000004255B7011ED7B333929D0000120000004C000000035F00003322000003F9FFFF97F3FFFFEF420000
1786745985916,A2383B0000000000,0C55B701,03D7B333,929D0000,12000000,4C000000,015F0000,F8210000,0CF9FFFF,85F3FFFF,ED420000,A2383B00000000000C55B70103D7B333929D0000120000004C000000015F0000F82100000CF9FFFF85F3FFFFED420000
1786745985916,06393B0000000000,D954B701,EAD6B333,929D0000,12000000,4C000000,055F0000,C0210000,15F9FFFF,73F3FFFF,F1420000,06393B0000000000D954B701EAD6B333929D0000120000004C000000055F0000C021000015F9FFFF73F3FFFFF1420000
1786745985916,6B393B0000000000,A254B701,CED6B333,929D0000,12000000,4C000000,085F0000,83210000,1EF9FFFF,60F3FFFF,F4420000,6B393B0000000000A254B701CED6B333929D0000120000004C000000085F0000832100001EF9FFFF60F3FFFFF4420000
1786745985916,CF393B0000000000,6C54B701,B3D6B333,929D0000,12000000,4C000000,075F0000,47210000,27F9FFFF,4DF3FFFF,F3420000,CF393B00000000006C54B701B3D6B333929D0000120000004C000000075F00004721000027F9FFFF4DF3FFFFF3420000
1786745985916,333A3B0000000000,3554B701,98D6B333,929D0000,12000000,4C000000,0E5F0000,0A210000,30F9FFFF,3BF3FFFF,FA420000,333A3B00000000003554B70198D6B333929D0000120000004C0000000E5F00000A21000030F9FFFF3BF3FFFFFA420000
1786745985916,973A3B0000000000,FE53B701,7DD6B333,929D0000,12000000,4C000000,0D5F0000,CE200000,39F9FFFF,28F3FFFF,F9420000,973A3B0000000000FE53B7017DD6B333929D0000120000004C0000000D5F0000CE20000039F9FFFF28F3FFFFF9420000
1786745985916,FB3A3B0000000000,C853B701,62D6B333,929D0000,12000000,4C000000,0A5F0000,92200000,42F9FFFF,15F3FFFF,F6420000,FB3A3B0000000000C853B70162D6B333929D0000120000004C0000000A5F00009220000042F9FFFF15F3FFFFF6420000
1786745985916,5F3B3B0000000000,8E53B701,45D6B333,929D0000,12000000,4C000000,0C5F0000,52200000,4CF9FFFF,01F3FFFF,F8420000,5F3B3B00000000008E53B70145D6B333929D0000120000004C0000000C5F0000522000004CF9FFFF01F3FFFFF8420000
1786745985916,C33B3B0000000000,5653B701,29D6B333,929D0000,12000000,4C000000,0D5F0000,14200000,55F9FFFF,EEF2FFFF,F9420000,C33B3B00000000005653B70129D6B333929D0000120000004C0000000D5F00001420000055F9FFFFEEF2FFFFF9420000
1786745985916,283C3B0000000000,1C53B701,0DD6B333,929D0000,12000000,4C000000,0D5F0000,D51F0000,5EF9FFFF,DAF2FFFF,F9420000,283C3B00000000001C53B7010DD6B333929D0000120000004C0000000D5F0000D51F00005EF9FFFFDAF2FFFFF9420000
1786745986916,8C3C3B0000000000,E352B701,F0D5B333,929D0000,12000000,4C000000,0C5F0000,961F0000,68F9FFFF,C6F2FFFF,F8420000,8C3C3B0000000000E352B701F0D5B333929D0000120000004C0000000C5F0000961F000068F9FFFFC6F2FFFFF8420000
1786745986916,F03C3B0000000000,A752B701,D3D5B333,929D0000,12000000,4C000000,0B5F0000,531F0000,72F9FFFF,B2F2FFFF,F7420000,F03C3B0000000000A752B701D3D5B333929D0000120000004C0000000B5F0000531F000072F9FFFFB2F2FFFFF7420000
1786745986916,543D3B0000000000,6C52B701,B5D5B333,929D0000,12000000,4C000000,115F0000,121F0000,7CF9FFFF,9EF2FFFF,FD420000,543D3B00000000006C52B701B5D5B333929D0000120000004C000000115F0000121F00007CF9FFFF9EF2FFFFFD420000
1786745986916,B83D3B0000000000,3152B701,98D5B333,929D0000,12000000,4C000000,1C5F0000,D01E0000,86F9FFFF,8BF2FFFF,08430000,B83D3B00000000003152B70198D5B333929D0000120000004C0000001C5F0000D01E000086F9FFFF8BF2FFFF08430000
1786745986916,1C3E3B0000000000,F551B701,7AD5B333,929D0000,12000000,4C000000,215F0000,8F1E0000,8FF9FFFF,77F2FFFF,0D430000,1C3E3B0000000000F551B7017AD5B333929D0000120000004C000000215F00008F1E00008FF9FFFF77F2FFFF0D430000
1786745986916,803E3B0000000000,B951B701,5DD5B333,929D0000,12000000,4C000000,295F0000,4D1E0000,99F9FFFF,62F2FFFF,15430000,803E3B0000000000B951B7015DD5B333929D0000120000004C000000295F00004D1E000099F9FFFF62F2FFFF15430000
1786745986916,E53E3B0000000000,7C51B701,3FD5B333,929D0000,12000000,4C000000,305F0000,091E0000,A3F9FFFF,4DF2FFFF,1C430000,E53E3B00000000007C51B7013FD5B333929D0000120000004C000000305F0000091E0000A3F9FFFF4DF2FFFF1C430000
1786745986916,493F3B0000000000,3E51B701,21D5B333,929D0000,12000000,4C000000,3B5F0000,C41D0000,ACF9FFFF,37F2FFFF,27430000,493F3B00000000003E51B70121D5B333929D0000120000004C0000003B5F0000C41D0000ACF9FFFF37F2FFFF27430000
1786745986916,AD3F3B0000000000,FF50B701,02D5B333,929D0000,12000000,4C000000,4C5F0000,801D0000,B6F9FFFF,22F2FFFF,38430000,AD3F3B0000000000FF50B70102D5B333929D0000120000004C0000004C5F0000801D0000B6F9FFFF22F2FFFF38430000
1786745986916,11403B0000000000,C150B701,E4D4B333,929D0000,12000000,4C000000,605F0000,3C1D0000,BFF9FFFF,0CF2FFFF,4C430000,11403B0000000000C150B701E4D4B333929D0000120000004C000000605F00003C1D0000BFF9FFFF0CF2FFFF4C430000
1786745987916,75403B0000000000,8350B701,C7D4B333,929D0000,12000000,4C000000,745F0000,F71C0000,C8F9FFFF,F7F1FFFF,60430000,75403B00000000008350B701C7D4B333929D0000120000004C000000745F0000F71C0000C8F9FFFFF7F1FFFF60430000
1786745987916,D9403B0000000000,4450B701,A9D4B333,929D0000,12000000,4C000000,865F0000,B31C0000,D1F9FFFF,E2F1FFFF,72430000,D9403B00000000004450B701A9D4B333929D0000120000004C000000865F0000B31C0000D1F9FFFFE2F1FFFF72430000
1786745987916,3D413B0000000000,0650B701,8CD4B333,929D0000,12000000,4C000000,955F0000,6E1C0000,DAF9FFFF,CDF1FFFF,81430000,3D413B00000000000650B7018CD4B333929D0000120000004C000000955F00006E1C0000DAF9FFFFCDF1FFFF81430000
1786745987916,A1413B0000000000,C74FB701,6FD4B333,929D0000,12000000,4C000000,A25F0000,2A1C0000,E3F9FFFF,B8F1FFFF,8E430000,A1413B0000000000C74FB7016FD4B333929D0000120000004C000000A25F00002A1C0000E3F9FFFFB8F1FFFF8E430000
1786745987916,06423B0000000000,864FB701,51D4B333,929D0000,12000000,4C000000,AF5F0000,E31B0000,EBF9FFFF,A2F1FFFF,9B430000,06423B0000000000864FB70151D4B333929D0000120000004C000000AF5F0000E31B0000EBF9FFFFA2F1FFFF9B430000
1786745987916,6A423B0000000000,454FB701,33D4B333,929D0000,12000000,4C000000,C05F0000,9B1B0000,F4F9FFFF,8CF1FFFF,AC430000,6A423B0000000000454FB70133D4B333929D0000120000004C000000C05F00009B1B0000F4F9FFFF8CF1FFFFAC430000
1786745987916,CE423B0000000000,044FB701,15D4B333,929D0000,12000000,4C000000,CF5F0000,541B0000,FCF9FFFF,75F1FFFF,BB430000,CE423B0000000000044FB70115D4B333929D0000120000004C000000CF5F0000541B0000FCF9FFFF75F1FFFFBB430000
1786745987916,32433B0000000000,C34EB701,F7D3B333,929D0000,12000000,4C000000,DB5F0000,0D1B0000,04FAFFFF,60F1FFFF,C7430000,32433B0000000000C34EB701F7D3B333929D0000120000004C000000DB5F00000D1B000004FAFFFF60F1FFFFC7430000
1786745987916,96433B0000000000,814EB701,DAD3B333,929D0000,12000000,4C000000,E65F0000,C51A0000,0CFAFFFF,4BF1FFFF,D2430000,96433B0000000000814EB701DAD3B333929D0000120000004C000000E65F0000C51A00000CFAFFFF4BF1FFFFD2430000
1786745987916,FA433B0000000000,3F4EB701,BCD3B333,929D0000,12000000,4C000000,F45F0000,7E1A0000,14FAFFFF,37F1FFFF,E0430000,FA433B00000000003F4EB701BCD3B333929D0000120000004C000000F45F00007E1A000014FAFFFF37F1FFFFE0430000
1786745988916,61443B0000000000,FD4DB701,9FD3B333,929D0000,12000000,4C000000,01600000,361A0000,1CFAFFFF,23F1FFFF,ED430000,61443B0000000000FD4DB7019FD3B333929D0000120000004C00000001600000361A00001CFAFFFF23F1FFFFED430000
1786745988916,C2443B0000000000,BB4DB701,82D3B333,929D0000,12000000,4C000000,09600000,EE190000,23FAFFFF,0DF1FFFF,F5430000,C2443B0000000000BB4DB70182D3B333929D0000120000004C00000009600000EE19000023FAFFFF0DF1FFFFF5430000
1786745988916,27453B0000000000,7A4DB701,65D3B333,929D0000,12000000,4C000000,07600000,A7190000,2BFAFFFF,F8F0FFFF,F3430000,27453B00000000007A4DB70165D3B333929D0000120000004C00000007600000A71900002BFAFFFFF8F0FFFFF3430000
1786745988916,8B453B0000000000,384DB701,47D3B333,929D0000,12000000,4C000000,05600000,5F190000,33FAFFFF,E2F0FFFF,F1430000,8B453B0000000000384DB70147D3B333929D0000120000004C000000056000005F19000033FAFFFFE2F0FFFFF1430000
1786745988916,EF453B0000000000,F64CB701,2AD3B333,929D0000,12000000,4C000000,01600000,18190000,3AFAFFFF,CDF0FFFF,ED430000,EF453B0000000000F64CB7012AD3B333929D0000120000004C00000001600000181900003AFAFFFFCDF0FFFFED430000
1786745988916,53463B0000000000,B54CB701,0DD3B333,929D0000,12000000,4C000000,02600000,D1180000,42FAFFFF,B7F0FFFF,EE430000,53463B0000000000B54CB7010DD3B333929D0000120000004C00000002600000D118000042FAFFFFB7F0FFFFEE430000
1786745988916,B7463B0000000000,734CB701,F0D2B333,929D0000,12000000,4C000000,05600000,89180000,49FAFFFF,A2F0FFFF,F1430000,B7463B0000000000734CB701F0D2B333929D0000120000004C000000056000008918000049FAFFFFA2F0FFFFF1430000
1786745988916,1B473B0000000000,314CB701,D3D2B333,929D0000,12000000,4C000000,04600000,42180000,51FAFFFF,8CF0FFFF,F0430000,1B473B0000000000314CB701D3D2B333929D0000120000004C000000046000004218000051FAFFFF8CF0FFFFF0430000
1786745988916,7F473B0000000000,F24BB701,B7D2B333,929D0000,12000000,4C000000,FD5F0000,FD170000,58FAFFFF,78F0FFFF,E9430000,7F473B0000000000F24BB701B7D2B333929D0000120000004C000000FD5F0000FD17000058FAFFFF78F0FFFFE9430000
1786745988916,E4473B0000000000,B34BB701,9AD2B333,929D0000,12000000,4C000000,FD5F0000,B8170000,60FAFFFF,63F0FFFF,E9430000,E4473B0000000000B34BB7019AD2B333929D0000120000004C000000FD5F0000B817000060FAFFFF63F0FFFFE9430000
1786745989916,48483B0000000000,744BB701,7ED2B333,929D0000,12000000,4C000000,F35F0000,73170000,67FAFFFF,4EF0FFFF,DF430000,48483B0000000000744BB7017ED2B333929D0000120000004C000000F35F00007317000067FAFFFF4EF0FFFFDF430000
1786745989916,AC483B0000000000,344BB701,62D2B333,929D0000,12000000,4C000000,EA5F0000,2E170000,6FFAFFFF,3AF0FFFF,D6430000,AC483B0000000000344BB70162D2B333929D0000120000004C000000EA5F00002E1700006FFAFFFF3AF0FFFFD6430000
1786745989916,10493B0000000000,F64AB701,46D2B333,929D0000,12000000,4C000000,DD5F0000,EA160000,77FAFFFF,25F0FFFF,C9430000,10493B0000000000F64AB70146D2B333929D0000120000004C000000DD5F0000EA16000077FAFFFF25F0FFFFC9430000
1786745989916,74493B0000000000,B74AB701,29D2B333,929D0000,12000000,4C000000,C95F0000,A5160000,7FFAFFFF,10F0FFFF,B5430000,74493B0000000000B74AB70129D2B333929D0000120000004C000000C95F0000A51600007FFAFFFF10F0FFFFB5430000
1786745989916,D8493B0000000000,784AB701,0CD2B333,929D0000,12000000,4C000000,B05F0000,60160000,87FAFFFF,FBEFFFFF,9C430000,D8493B0000000000784AB7010CD2B333929D0000120000004C000000B05F00006016000087FAFFFFFBEFFFFF9C430000
1786745989916,3C4A3B0000000000,394AB701,EFD1B333,929D0000,12000000,4C000000,9B5F0000,1C160000,8FFAFFFF,E6EFFFFF,87430000,3C4A3B0000000000394AB701EFD1B333929D0000120000004C0000009B5F00001C1600008FFAFFFFE6EFFFFF87430000
1786745989916,A04A3B0000000000,FA49B701,D2D1B333,929D0000,12000000,4C000000,8C5F0000,D7150000,98FAFFFF,D2EFFFFF,78430000,A04A3B0000000000FA49B701D2D1B333929D0000120000004C0000008C5F0000D715000098FAFFFFD2EFFFFF78430000
1786745989916,054B3B0000000000,BC49B701,B4D1B333,929D0000,12000000,4C000000,795F0000,92150000,A1FAFFFF,BEEFFFFF,65430000,054B3B0000000000BC49B701B4D1B333929D0000120000004C000000795F000092150000A1FAFFFFBEEFFFFF65430000
1786745989916,694B3B0000000000,7D49B701,96D1B333,929D0000,12000000,4C000000,6D5F0000,4D150000,AAFAFFFF,AAEFFFFF,59430000,694B3B00000000007D49B70196D1B333929D0000120000004C0000006D5F00004D150000AAFAFFFFAAEFFFFF59430000
1786745989916,CD4B3B0000000000,3E49B701,78D1B333,929D0000,12000000,4C000000,5B5F0000,09150000,B3FAFFFF,95EFFFFF,47430000,CD4B3B00000000003E49B70178D1B333929D0000120000004C0000005B5F000009150000B3FAFFFF95EFFFFF47430000
1786745990916,314C3B0000000000,0049B701,5AD1B333,929D0000,12000000,4C000000,445F0000,C4140000,BDFAFFFF,81EFFFFF,30430000,314C3B00000000000049B7015AD1B333929D0000120000004C000000445F0000C4140000BDFAFFFF81EFFFFF30430000
1786745990916,954C3B0000000000,C148B701,3CD1B333,929D0000,12000000,4C000000,325F0000,7F140000,C6FAFFFF,6CEFFFFF,1E430000,954C3B0000000000C148B7013CD1B333929D0000120000004C000000325F00007F140000C6FAFFFF6CEFFFFF1E430000
1786745990916,F94C3B0000000000,8448B701,1DD1B333,929D0000,12000000,4C000000,265F0000,3B140000,D0FAFFFF,58EFFFFF,12430000,F94C3B00000000008448B7011DD1B333929D0000120000004C000000265F00003B140000D0FAFFFF58EFFFFF12430000
1786745990916,5D4D3B0000000000,4548B701,FFD0B333,929D0000,12000000,4C000000,185F0000,F6130000,DAFAFFFF,44EFFFFF,04430000,5D4D3B00000000004548B701FFD0B333929D0000120000004C000000185F0000F6130000DAFAFFFF44EFFFFF04430000
1786745990916,C24D3B0000000000,0748B701,E0D0B333,929D0000,12000000,4C000000,0F5F0000,B2130000,E5FAFFFF,2FEFFFFF,FB420000,C24D3B00000000000748B701E0D0B333929D0000120000004C0000000F5F0000B2130000E5FAFFFF2FEFFFFFFB420000
1786745990916,264E3B0000000000,C747B701,C0D0B333,929D0000,12000000,4C000000,FF5E0000,6B130000,EFFAFFFF,1BEFFFFF,EB420000,264E3B0000000000C747B701C0D0B333929D0000120000004C000000FF5E00006B130000EFFAFFFF1BEFFFFFEB420000
1786745990916,8A4E3B0000000000,8B47B701,A2D0B333,929D0000,12000000,4C000000,F25E0000,29130000,FAFAFFFF,07EFFFFF,DE420000,8A4E3B00000000008B47B701A2D0B333929D0000120000004C000000F25E000029130000FAFAFFFF07EFFFFFDE420000
1786745990916,EE4E3B0000000000,4D47B701,83D0B333,929D0000,12000000,4C000000,EA5E0000,E4120000,04FBFFFF,F3EEFFFF,D6420000,EE4E3B00000000004D47B70183D0B333929D0000120000004C000000EA5E0000E412000004FBFFFFF3EEFFFFD6420000
1786745990916,524F3B0000000000,0F47B701,63D0B333,929D0000,12000000,4C000000,E05E0000,A0120000,0FFBFFFF,DFEEFFFF,CC420000,524F3B00000000000F47B70163D0B333929D0000120000004C000000E05E0000A01200000FFBFFFFDFEEFFFFCC420000
1786745990916,B64F3B0000000000,D146B701,44D0B333,929D0000,12000000,4C000000,D85E0000,5B120000,1AFBFFFF,CBEEFFFF,C4420000,B64F3B0000000000D146B70144D0B333929D0000120000004C000000D85E00005B1200001AFBFFFFCBEEFFFFC4420000
1786745991916,1A503B0000000000,9446B701,24D0B333,929D0000,12000000,4C000000,DA5E0000,17120000,25FBFFFF,B7EEFFFF,C6420000,1A503B00000000009446B70124D0B333929D0000120000004C000000DA5E00001712000025FBFFFFB7EEFFFFC6420000
1786745991916,7F503B0000000000,5646B701,05D0B333,929D0000,12000000,4C000000,E85E0000,D2110000,30FBFFFF,A3EEFFFF,D4420000,7F503B00000000005646B70105D0B333929D0000120000004C000000E85E0000D211000030FBFFFFA3EEFFFFD4420000
1786745991916,E3503B0000000000,1746B701,E6CFB333,929D0000,12000000,4C000000,F85E0000,8D110000,3BFBFFFF,90EEFFFF,E4420000,E3503B00000000001746B701E6CFB333929D0000120000004C000000F85E00008D1100003BFBFFFF90EEFFFFE4420000
1786745991916,47513B0000000000,D945B701,C7CFB333,929D0000,12000000,4C000000,085F0000,48110000,45FBFFFF,7DEEFFFF,F4420000,47513B0000000000D945B701C7CFB333929D0000120000004C000000085F00004811000045FBFFFF7DEEFFFFF4420000
1786745991916,AB513B0000000000,9D45B701,A9CFB333,929D0000,12000000,4C000000,135F0000,06110000,4FFBFFFF,6AEEFFFF,FF420000,AB513B00000000009D45B701A9CFB333929D0000120000004C000000135F0000061100004FFBFFFF6AEEFFFFFF420000
1786745991916,0F523B0000000000,6145B701,8BCFB333,929D0000,12000000,4C000000,1D5F0000,C4100000,59FBFFFF,57EEFFFF,09430000,0F523B00000000006145B7018BCFB333929D0000120000004C0000001D5F0000C410000059FBFFFF57EEFFFF09430000
1786745991916,73523B0000000000,2645B701,6ECFB333,929D0000,12000000,4C000000,245F0000,82100000,62FBFFFF,44EEFFFF,10430000,73523B00000000002645B7016ECFB333929D0000120000004C000000245F00008210000062FBFFFF44EEFFFF10430000
1786745991916,D7523B0000000000,EA44B701,50CFB333,929D0000,12000000,4C000000,275F0000,40100000,6CFBFFFF,30EEFFFF,13430000,D7523B0000000000EA44B70150CFB333929D0000120000004C000000275F0000401000006CFBFFFF30EEFFFF13430000
1786745991916,3B533B0000000000,AE44B701,33CFB333,929D0000,12000000,4C000000,275F0000,FE0F0000,76FBFFFF,1EEEFFFF,13430000,3B533B0000000000AE44B70133CFB333929D0000120000004C000000275F0000FE0F000076FBFFFF1EEEFFFF13430000
1786745991916,9F533B0000000000,7144B701,16CFB333,929D0000,12000000,4C000000,245F0000,BC0F0000,7FFBFFFF,0BEEFFFF,10430000,9F533B00000000007144B70116CFB333929D0000120000004C000000245F0000BC0F00007FFBFFFF0BEEFFFF10430000
1786745992916,06543B0000000000,3544B701,F8CEB333,929D0000,12000000,4C000000,225F0000,790F0000,89FBFFFF,F9EDFFFF,0E430000,06543B00000000003544B701F8CEB333929D0000120000004C000000225F0000790F000089FBFFFFF9EDFFFF0E430000
1786745992916,68543B0000000000,F943B701,DACEB333,929D0000,12000000,4C000000,1E5F0000,370F0000,93FBFFFF,E6EDFFFF,0A430000,68543B0000000000F943B701DACEB333929D0000120000004C0000001E5F0000370F000093FBFFFFE6EDFFFF0A430000
1786745992916,CC543B0000000000,BD43B701,BDCEB333,929D0000,12000000,4C000000,1C5F0000,F50E0000,9DFBFFFF,D3EDFFFF,08430000,CC543B0000000000BD43B701BDCEB333929D0000120000004C0000001C5F0000F50E00009DFBFFFFD3EDFFFF08430000
1786745992916,30553B0000000000,8243B701,9FCEB333,929D0000,12000000,4C000000,1B5F0000,B30E0000,A6FBFFFF,C1EDFFFF,07430000,30553B00000000008243B7019FCEB333929D0000120000004C0000001B5F0000B30E0000A6FBFFFFC1EDFFFF07430000
1786745992916,94553B0000000000,4643B701,82CEB333,929D0000,12000000,4C000000,175F0000,710E0000,B0FBFFFF,AEEDFFFF,03430000,94553B00000000004643B70182CEB333929D0000120000004C000000175F0000710E0000B0FBFFFFAEEDFFFF03430000
1786745992916,F8553B0000000000,0C43B701,65CEB333,929D0000,12000000,4C000000,165F0000,310E0000,BAFBFFFF,9CEDFFFF,02430000,F8553B00000000000C43B70165CEB333929D0000120000004C000000165F0000310E0000BAFBFFFF9CEDFFFF02430000
1786745992916,5C563B0000000000,D342B701,49CEB333,929D0000,12000000,4C000000,195F0000,F20D0000,C3FBFFFF,8AEDFFFF,05430000,5C563B0000000000D342B70149CEB333929D0000120000004C000000195F0000F20D0000C3FBFFFF8AEDFFFF05430000
1786745992916,C0563B0000000000,9942B701,2CCEB333,929D0000,12000000,4C000000,1B5F0000,B20D0000,CCFBFFFF,78EDFFFF,07430000,C0563B00000000009942B7012CCEB333929D0000120000004C0000001B5F0000B20D0000CCFBFFFF78EDFFFF07430000
1786745992916,25573B0000000000,5F42B701,10CEB333,929D0000,12000000,4C000000,175F0000,730D0000,D6FBFFFF,66EDFFFF,03430000,25573B00000000005F42B70110CEB333929D0000120000004C000000175F0000730D0000D6FBFFFF66EDFFFF03430000
1786745992916,89573B0000000000,2642B701,F3CDB333,929D0000,12000000,4C000000,185F0000,330D0000,DFFBFFFF,54EDFFFF,04430000,89573B00000000002642B701F3CDB333929D0000120000004C000000185F0000330D0000DFFBFFFF54EDFFFF04430000
1786745993916,ED573B0000000000,EC41B701,D7CDB333,929D0000,12000000,4C000000,115F0000,F40C0000,E9FBFFFF,42EDFFFF,FD420000,ED573B0000000000EC41B701D7CDB333929D0000120000004C000000115F0000F40C0000E9FBFFFF42EDFFFFFD420000
1786745993916,51583B0000000000,B541B701,BCCDB333,929D0000,12000000,4C000000,0F5F0000,B70C0000,F2FBFFFF,31EDFFFF,FB420000,51583B0000000000B541B701BCCDB333929D0000120000004C0000000F5F0000B70C0000F2FBFFFF31EDFFFFFB420000
1786745993916,B5583B0000000000,7E41B701,A0CDB333,929D0000,12000000,4C000000,065F0000,7A0C0000,FBFBFFFF,20EDFFFF,F2420000,B5583B00000000007E41B701A0CDB333929D0000120000004C000000065F00007A0C0000FBFBFFFF20EDFFFFF2420000
1786745993916,19593B0000000000,4741B701,85CDB333,929D0000,12000000,4C000000,FF5E0000,3D0C0000,04FCFFFF,0FEDFFFF,EB420000,19593B00000000004741B70185CDB333929D0000120000004C000000FF5E00003D0C000004FCFFFF0FEDFFFFEB420000
1786745993916,7E593B0000000000,1041B701,69CDB333,929D0000,12000000,4C000000,015F0000,000C0000,0DFCFFFF,FEECFFFF,ED420000,7E593B00000000001041B70169CDB333929D0000120000004C000000015F0000000C00000DFCFFFFFEECFFFFED420000
1786745993916,E2593B0000000000,D940B701,4ECDB333,929D0000,12000000,4C000000,045F0000,C30B0000,17FCFFFF,EDECFFFF,F0420000,E2593B0000000000D940B7014ECDB333929D0000120000004C000000045F0000C30B000017FCFFFFEDECFFFFF0420000
1786745993916,485A3B0000000000,A440B701,33CDB333,929D0000,12000000,4C000000,025F0000,890B0000,1FFCFFFF,DDECFFFF,EE420000,485A3B0000000000A440B70133CDB333929D0000120000004C000000025F0000890B00001FFCFFFFDDECFFFFEE420000
1786745993916,AA5A3B0000000000,6F40B701,19CDB333,929D0000,12000000,4C000000,025F0000,4F0B0000,28FCFFFF,CDECFFFF,EE420000,AA5A3B00000000006F40B70119CDB333929D0000120000004C000000025F00004F0B000028FCFFFFCDECFFFFEE420000
1786745993916,0E5B3B0000000000,3A40B701,FFCCB333,929D0000,12000000,4C000000,065F0000,140B0000,31FCFFFF,BEECFFFF,F2420000,0E5B3B00000000003A40B701FFCCB333929D0000120000004C000000065F0000140B000031FCFFFFBEECFFFFF2420000
1786745993916,725B3B0000000000,0540B701,E4CCB333,929D0000,12000000,4C000000,065F0000,DA0A0000,3AFCFFFF,AEECFFFF,F2420000,725B3B00000000000540B701E4CCB333929D0000120000004C000000065F0000DA0A00003AFCFFFFAEECFFFFF2420000
1786745994916,D65B3B0000000000,D13FB701,CACCB333,929D0000,12000000,4C000000,065F0000,A00A0000,43FCFFFF,9EECFFFF,F2420000,D65B3B0000000000D13FB701CACCB333929D0000120000004C000000065F0000A00A000043FCFFFF9EECFFFFF2420000
1786745994916,3A5C3B0000000000,9C3FB701,B0CCB333,929D0000,12000000,4C000000,095F0000,650A0000,4CFCFFFF,8EECFFFF,F5420000,3A5C3B00000000009C3FB701B0CCB333929D0000120000004C000000095F0000650A00004CFCFFFF8EECFFFFF5420000
1786745994916,9F5C3B0000000000,693FB701,96CCB333,929D0000,12000000,4C000000,0B5F0000,2D0A0000,54FCFFFF,7EECFFFF,F7420000,9F5C3B0000000000693FB70196CCB333929D0000120000004C0000000B5F00002D0A000054FCFFFF7EECFFFFF7420000
1786745994916,035D3B0000000000,373FB701,7ECCB333,929D0000,12000000,4C000000,0D5F0000,F6090000,5DFCFFFF,6FECFFFF,F9420000,035D3B0000000000373FB7017ECCB333929D0000120000004C0000000D5F0000F60900005DFCFFFF6FECFFFFF9420000
1786745994916,675D3B0000000000,043FB701,64CCB333,929D0000,12000000,4C000000,0F5F0000,BE090000,65FCFFFF,61ECFFFF,FB420000,675D3B0000000000043FB70164CCB333929D0000120000004C0000000F5F0000BE09000065FCFFFF61ECFFFFFB420000
1786745994916,CB5D3B0000000000,D23EB701,4BCCB333,929D0000,12000000,4C000000,135F0000,86090000,6DFCFFFF,52ECFFFF,FF420000,CB5D3B0000000000D23EB7014BCCB333929D0000120000004C000000135F0000860900006DFCFFFF52ECFFFFFF420000
1786745994916,2F5E3B0000000000,9F3EB701,32CCB333,929D0000,12000000,4C000000,185F0000,4E090000,76FCFFFF,43ECFFFF,04430000,2F5E3B00000000009F3EB70132CCB333929D0000120000004C000000185F00004E09000076FCFFFF43ECFFFF04430000
1786745994916,935E3B0000000000,6F3EB701,1BCCB333,929D0000,12000000,4C000000,225F0000,19090000,7DFCFFFF,35ECFFFF,0E430000,935E3B00000000006F3EB7011BCCB333929D0000120000004C000000225F0000190900007DFCFFFF35ECFFFF0E430000
1786745994916,F75E3B0000000000,3F3EB701,03CCB333,929D0000,12000000,4C000000,2B5F0000,E4080000,85FCFFFF,28ECFFFF,17430000,F75E3B00000000003F3EB70103CCB333929D0000120000004C0000002B5F0000E408000085FCFFFF28ECFFFF17430000
1786745994916,5B5F3B0000000000,0E3EB701,EBCBB333,929D0000,12000000,4C000000,315F0000,AF080000,8DFCFFFF,1AECFFFF,1D430000,5B5F3B00000000000E3EB701EBCBB333929D0000120000004C000000315F0000AF0800008DFCFFFF1AECFFFF1D430000
1786745995916,C05F3B0000000000,DD3DB701,D3CBB333,929D0000,12000000,4C000000,385F0000,79080000,95FCFFFF,0CECFFFF,24430000,C05F3B0000000000DD3DB701D3CBB333929D0000120000004C000000385F00007908000095FCFFFF0CECFFFF24430000
1786745995916,24603B0000000000,AD3DB701,BCCBB333,929D0000,12000000,4C000000,435F0000,44080000,9CFCFFFF,FEEBFFFF,2F430000,24603B0000000000AD3DB701BCCBB333929D0000120000004C000000435F0000440800009CFCFFFFFEEBFFFF2F430000
1786745995916,88603B0000000000,7D3DB701,A4CBB333,929D0000,12000000,4C000000,4E5F0000,0E080000,A4FCFFFF,F0EBFFFF,3A430000,88603B00000000007D3DB701A4CBB333929D0000120000004C0000004E5F00000E080000A4FCFFFFF0EBFFFF3A430000
1786745995916,EC603B0000000000,4F3DB701,8ECBB333,929D0000,12000000,4C000000,595F0000,DC070000,ABFCFFFF,E3EBFFFF,45430000,EC603B00000000004F3DB7018ECBB333929D0000120000004C000000595F0000DC070000ABFCFFFFE3EBFFFF45430000
1786745995916,50613B0000000000,213DB701,78CBB333,929D0000,12000000,4C000000,665F0000,AA070000,B1FCFFFF,D6EBFFFF,52430000,50613B0000000000213DB70178CBB333929D0000120000004C000000665F0000AA070000B1FCFFFFD6EBFFFF52430000
1786745995916,B4613B0000000000,F33CB701,62CBB333,929D0000,12000000,4C000000,705F0000,77070000,B8FCFFFF,C8EBFFFF,5C430000,B4613B0000000000F33CB70162CBB333929D0000120000004C000000705F000077070000B8FCFFFFC8EBFFFF5C430000
1786745995916,18623B0000000000,C43CB701,4CCBB333,929D0000,12000000,4C000000,785F0000,44070000,BFFCFFFF,BBEBFFFF,64430000,18623B0000000000C43CB7014CCBB333929D0000120000004C000000785F000044070000BFFCFFFFBBEBFFFF64430000
1786745995916,7C623B0000000000,963CB701,36CBB333,929D0000,12000000,4C000000,7F5F0000,11070000,C6FCFFFF,AEEBFFFF,6B430000,7C623B0000000000963CB70136CBB333929D0000120000004C0000007F5F000011070000C6FCFFFFAEEBFFFF6B430000
1786745995916,E1623B0000000000,683CB701,21CBB333,929D0000,12000000,4C000000,875F0000,DF060000,CCFCFFFF,A2EBFFFF,73430000,E1623B0000000000683CB70121CBB333929D0000120000004C000000875F0000DF060000CCFCFFFFA2EBFFFF73430000
1786745995916,45633B0000000000,3C3CB701,0CCBB333,929D0000,12000000,4C000000,905F0000,AE060000,D2FCFFFF,97EBFFFF,7C430000,45633B00000000003C3CB7010CCBB333929D0000120000004C000000905F0000AE060000D2FCFFFF97EBFFFF7C430000
1786745996916,A9633B0000000000,103CB701,F7CAB333,929D0000,12000000,4C000000,9A5F0000,7E060000,D8FCFFFF,8DEBFFFF,86430000,A9633B0000000000103CB701F7CAB333929D0000120000004C0000009A5F00007E060000D8FCFFFF8DEBFFFF86430000
1786745996916,0D643B0000000000,E33BB701,E3CAB333,929D0000,12000000,4C000000,A75F0000,4D060000,DEFCFFFF,82EBFFFF,93430000,0D643B0000000000E33BB701E3CAB333929D0000120000004C000000A75F00004D060000DEFCFFFF82EBFFFF93430000
1786745996916,71643B0000000000,B73BB701,CECAB333,929D0000,12000000,4C000000,B55F0000,1D060000,E4FCFFFF,77EBFFFF,A1430000,71643B0000000000B73BB701CECAB333929D0000120000004C000000B55F00001D060000E4FCFFFF77EBFFFFA1430000
1786745996916,D5643B0000000000,8B3BB701,BACAB333,929D0000,12000000,4C000000,BF5F0000,EC050000,EAFCFFFF,6CEBFFFF,AB430000,D5643B00000000008B3BB701BACAB333929D0000120000004C000000BF5F0000EC050000EAFCFFFF6CEBFFFFAB430000
1786745996916,39653B0000000000,5E3BB701,A5CAB333,929D0000,12000000,4C000000,C85F0000,BC050000,F0FCFFFF,61EBFFFF,B4430000,39653B00000000005E3BB701A5CAB333929D0000120000004C000000C85F0000BC050000F0FCFFFF61EBFFFFB4430000
1786745996916,9E653B0000000000,323BB701,91CAB333,929D0000,12000000,4C000000,D45F0000,8B050000,F5FCFFFF,57EBFFFF,C0430000,9E653B0000000000323BB70191CAB333929D0000120000004C000000D45F00008B050000F5FCFFFF57EBFFFFC0430000
1786745996916,02663B0000000000,053BB701,7DCAB333,929D0000,12000000,4C000000,DF5F0000,5B050000,FBFCFFFF,4CEBFFFF,CB430000,02663B0000000000053BB7017DCAB333929D0000120000004C000000DF5F00005B050000FBFCFFFF4CEBFFFFCB430000
1786745996916,66663B0000000000,D93AB701,69CAB333,929D0000,12000000,4C000000,E65F0000,2A050000,00FDFFFF,42EBFFFF,D2430000,66663B0000000000D93AB70169CAB333929D0000120000004C000000E65F00002A05000000FDFFFF42EBFFFFD2430000
1786745996916,CA663B0000000000,AC3AB701,55CAB333,929D0000,12000000,4C000000,EA5F0000,FA040000,06FDFFFF,38EBFFFF,D6430000,CA663B0000000000AC3AB70155CAB333929D0000120000004C000000EA5F0000FA04000006FDFFFF38EBFFFFD6430000
1786745996916,2E673B0000000000,7F3AB701,41CAB333,929D0000,12000000,4C000000,DE5F0000,C9040000,0BFDFFFF,2EEBFFFF,CA430000,2E673B00000000007F3AB70141CAB333929D0000120000004C000000DE5F0000C90400000BFDFFFF2EEBFFFFCA430000
1786745997916,92673B0000000000,533AB701,2CCAB333,929D0000,12000000,4C000000,B95F0000,98040000,11FDFFFF,25EBFFFF,A5430000,92673B0000000000533AB7012CCAB333929D0000120000004C000000B95F00009804000011FDFFFF25EBFFFFA5430000
1786745997916,F6673B0000000000,263AB701,18CAB333,929D0000,12000000,4C000000,885F0000,67040000,17FDFFFF,1BEBFFFF,74430000,F6673B0000000000263AB70118CAB333929D0000120000004C000000885F00006704000017FDFFFF1BEBFFFF74430000
1786745997916,5A683B0000000000,FC39B701,04CAB333,929D0000,12000000,4C000000,5E5F0000,39040000,1DFDFFFF,13EBFFFF,4A430000,5A683B0000000000FC39B70104CAB333929D0000120000004C0000005E5F0000390400001DFDFFFF13EBFFFF4A430000
1786745997916,BF683B0000000000,D239B701,F0C9B333,929D0000,12000000,4C000000,485F0000,0B040000,23FDFFFF,0AEBFFFF,34430000,BF683B0000000000D239B701F0C9B333929D0000120000004C000000485F00000B04000023FDFFFF0AEBFFFF34430000
1786745997916,23693B0000000000,A939B701,DBC9B333,929D0000,12000000,4C000000,3F5F0000,DD030000,2AFDFFFF,01EBFFFF,2B430000,23693B0000000000A939B701DBC9B333929D0000120000004C0000003F5F0000DD0300002AFDFFFF01EBFFFF2B430000
1786745997916,87693B0000000000,7F39B701,C7C9B333,929D0000,12000000,4C000000,3E5F0000,AF030000,30FDFFFF,F9EAFFFF,2A430000,87693B00000000007F39B701C7C9B333929D0000120000004C0000003E5F0000AF03000030FDFFFFF9EAFFFF2A430000
1786745997916,ED693B0000000000,5739B701,B4C9B333,929D0000,12000000,4C000000,475F0000,84030000,36FDFFFF,F1EAFFFF,33430000,ED693B00000000005739B701B4C9B333929D0000120000004C000000475F00008403000036FDFFFFF1EAFFFF33430000
1786745997916,4F6A3B0000000000,3039B701,A1C9B333,929D0000,12000000,4C000000,535F0000,59030000,3CFDFFFF,EAEAFFFF,3F430000,4F6A3B00000000003039B701A1C9B333929D0000120000004C000000535F0000590300003CFDFFFFEAEAFFFF3F430000
1786745997916,B36A3B0000000000,0B39B701,8FC9B333,929D0000,12000000,4C000000,635F0000,30030000,42FDFFFF,E2EAFFFF,4F430000,B36A3B00000000000B39B7018FC9B333929D0000120000004C000000635F00003003000042FDFFFFE2EAFFFF4F430000
1786745997916,186B3B0000000000,E638B701,7DC9B333,929D0000,12000000,4C000000,7C5F0000,07030000,47FDFFFF,DBEAFFFF,68430000,186B3B0000000000E638B7017DC9B333929D0000120000004C0000007C5F00000703000047FDFFFFDBEAFFFF68430000
1786745998916,7B6B3B0000000000,C338B701,6DC9B333,929D0000,12000000,4C000000,9D5F0000,E1020000,4CFDFFFF,D4EAFFFF,89430000,7B6B3B0000000000C338B7016DC9B333929D0000120000004C0000009D5F0000E10200004CFDFFFFD4EAFFFF89430000
1786745998916,E06B3B0000000000,A338B701,5EC9B333,929D0000,12000000,4C000000,C35F0000,BE020000,51FDFFFF,CEEAFFFF,AF430000,E06B3B0000000000A338B7015EC9B333929D0000120000004C000000C35F0000BE02000051FDFFFFCEEAFFFFAF430000
1786745998916,446C3B0000000000,8338B701,50C9B333,929D0000,12000000,4C000000,E55F0000,9B020000,55FDFFFF,C8EAFFFF,D1430000,446C3B00000000008338B70150C9B333929D0000120000004C000000E55F00009B02000055FDFFFFC8EAFFFFD1430000
1786745998916,A86C3B0000000000,6538B701,42C9B333,929D0000,12000000,4C000000,F85F0000,7A020000,58FDFFFF,C2EAFFFF,E4430000,A86C3B00000000006538B70142C9B333929D0000120000004C000000F85F00007A02000058FDFFFFC2EAFFFFE4430000
1786745998916,0C6D3B0000000000,4638B701,35C9B333,929D0000,12000000,4C000000,F85F0000,59020000,5CFDFFFF,BDEAFFFF,E4430000,0C6D3B00000000004638B70135C9B333929D0000120000004C000000F85F0000590200005CFDFFFFBDEAFFFFE4430000
1786745998916,706D3B0000000000,2B38B701,28C9B333,929D0000,12000000,4C000000,ED5F0000,3B020000,5FFDFFFF,B8EAFFFF,D9430000,706D3B00000000002B38B70128C9B333929D0000120000004C000000ED5F00003B0200005FFDFFFFB8EAFFFFD9430000
1786745998916,D46D3B0000000000,1038B701,1CC9B333,929D0000,12000000,4C000000,E35F0000,1D020000,62FDFFFF,B3EAFFFF,CF430000,D46D3B00000000001038B7011CC9B333929D0000120000004C000000E35F00001D02000062FDFFFFB3EAFFFFCF430000
1786745998916,396E3B0000000000,F637B701,11C9B333,929D0000,12000000,4C000000,D15F0000,02020000,65FDFFFF,AFEAFFFF,BD430000,396E3B0000000000F637B70111C9B333929D0000120000004C000000D15F00000202000065FDFFFFAFEAFFFFBD430000
1786745998916,9C6E3B0000000000,E037B701,06C9B333,929D0000,12000000,4C000000,BF5F0000,E9010000,68FDFFFF,ABEAFFFF,AB430000,9C6E3B0000000000E037B70106C9B333929D0000120000004C000000BF5F0000E901000068FDFFFFABEAFFFFAB430000
1786745998916,016F3B0000000000,CA37B701,FCC8B333,929D0000,12000000,4C000000,AE5F0000,D1010000,6BFDFFFF,A7EAFFFF,9A430000,016F3B0000000000CA37B701FCC8B333929D0000120000004C000000AE5F0000D10100006BFDFFFFA7EAFFFF9A430000
1786745999916,656F3B0000000000,B637B701,F3C8B333,929D0000,12000000,4C000000,9F5F0000,BB010000,6EFDFFFF,A4EAFFFF,8B430000,656F3B0000000000B637B701F3C8B333929D0000120000004C0000009F5F0000BB0100006EFDFFFFA4EAFFFF8B430000
1786745999916,C96F3B0000000000,A237B701,EAC8B333,929D0000,12000000,4C000000,8C5F0000,A5010000,71FDFFFF,A0EAFFFF,78430000,C96F3B0000000000A237B701EAC8B333929D0000120000004C0000008C5F0000A501000071FDFFFFA0EAFFFF78430000
1786745999916,2D703B0000000000,8E37B701,E0C8B333,929D0000,12000000,4C000000,795F0000,90010000,74FDFFFF,9DEAFFFF,65430000,2D703B00000000008E37B701E0C8B333929D0000120000004C000000795F00009001000074FDFFFF9DEAFFFF65430000
1786745999916,91703B0000000000,7C37B701,D8C8B333,929D0000,12000000,4C000000,6E5F0000,7D010000,76FDFFFF,9AEAFFFF,5A430000,91703B00000000007C37B701D8C8B333929D0000120000004C0000006E5F00007D01000076FDFFFF9AEAFFFF5A430000
1786745999916,F5703B0000000000,6B37B701,D0C8B333,929D0000,12000000,4C000000,675F0000,6A010000,79FDFFFF,97EAFFFF,53430000,F5703B00000000006B37B701D0C8B333929D0000120000004C000000675F00006A01000079FDFFFF97EAFFFF53430000
1786745999916,5A713B0000000000,5C37B701,C9C8B333,929D0000,12000000,4C000000,625F0000,59010000,7BFDFFFF,95EAFFFF,4E430000,5A713B00000000005C37B701C9C8B333929D0000120000004C000000625F0000590100007BFDFFFF95EAFFFF4E430000
1786745999916,BE713B0000000000,4D37B701,C1C8B333,929D0000,12000000,4C000000,615F0000,49010000,7DFDFFFF,92EAFFFF,4D430000,BE713B00000000004D37B701C1C8B333929D0000120000004C000000615F0000490100007DFDFFFF92EAFFFF4D430000
1786745999916,22723B0000000000,4137B701,BCC8B333,929D0000,12000000,4C000000,605F0000,3B010000,7FFDFFFF,90EAFFFF,4C430000,22723B00000000004137B701BCC8B333929D0000120000004C000000605F00003B0100007FFDFFFF90EAFFFF4C430000
1786745999916,86723B0000000000,3537B701,B6C8B333,929D0000,12000000,4C000000,605F0000,2E010000,81FDFFFF,8EEAFFFF,4C430000,86723B00000000003537B701B6C8B333929D0000120000004C000000605F00002E01000081FDFFFF8EEAFFFF4C430000
1786745999916,EA723B0000000000,2B37B701,B1C8B333,929D0000,12000000,4C000000,635F0000,23010000,82FDFFFF,8DEAFFFF,4F430000,EA723B00000000002B37B701B1C8B333929D0000120000004C000000635F00002301000082FDFFFF8DEAFFFF4F430000
1786746000916,4F733B0000000000,2137B701,ACC8B333,929D0000,12000000,4C000000,675F0000,18010000,84FDFFFF,8BEAFFFF,53430000,4F733B00000000002137B701ACC8B333929D0000120000004C000000675F00001801000084FDFFFF8BEAFFFF53430000
1786746000916,B2733B0000000000,1937B701,A9C8B333,929D0000,12000000,4C000000,685F0000,0F010000,85FDFFFF,8AEAFFFF,54430000,B2733B00000000001937B701A9C8B333929D0000120000004C000000685F00000F01000085FDFFFF8AEAFFFF54430000
1786746000916,16743B0000000000,1437B701,A6C8B333,929D0000,12000000,4C000000,685F0000,0A010000,85FDFFFF,89EAFFFF,54430000,16743B00000000001437B701A6C8B333929D0000120000004C000000685F00000A01000085FDFFFF89EAFFFF54430000
1786746000916,7B743B0000000000,0F37B701,A4C8B333,929D0000,12000000,4C000000,695F0000,05010000,86FDFFFF,89EAFFFF,55430000,7B743B00000000000F37B701A4C8B333929D0000120000004C000000695F00000501000086FDFFFF89EAFFFF55430000
1786746000916,DF743B0000000000,0D37B701,A3C8B333,929D0000,12000000,4C000000,6F5F0000,02010000,87FDFFFF,88EAFFFF,5B430000,DF743B00000000000D37B701A3C8B333929D0000120000004C0000006F5F00000201000087FDFFFF88EAFFFF5B430000
1786746000916,43753B0000000000,0A37B701,A1C8B333,929D0000,12000000,4C000000,6F5F0000,FF000000,87FDFFFF,88EAFFFF,5B430000,43753B00000000000A37B701A1C8B333929D0000120000004C0000006F5F0000FF00000087FDFFFF88EAFFFF5B430000
1786746000916,A7753B0000000000,0837B701,A0C8B333,929D0000,12000000,4C000000,715F0000,FC000000,87FDFFFF,89EAFFFF,5D430000,A7753B00000000000837B701A0C8B333929D0000120000004C000000715F0000FC00000087FDFFFF89EAFFFF5D430000
1786746000916,0B763B0000000000,0837B701,A0C8B333,929D0000,12000000,4C000000,715F0000,FC000000,87FDFFFF,89EAFFFF,5D430000,0B763B00000000000837B701A0C8B333929D0000120000004C000000715F0000FC00000087FDFFFF89EAFFFF5D430000
1786746000916,6F763B0000000000,0837B701,A0C8B333,929D0000,12000000,4C000000,715F0000,FC000000,87FDFFFF,89EAFFFF,5D430000,6F763B00000000000837B701A0C8B333929D0000120000004C000000715F0000FC00000087FDFFFF89EAFFFF5D430000
1786746000916,D3763B0000000000,0837B701,A0C8B333,929D0000,12000000,4C000000,725F0000,FC000000,87FDFFFF,89EAFFFF,5E430000,D3763B00000000000837B701A0C8B333929D0000120000004C000000725F0000FC00000087FDFFFF89EAFFFF5E430000
1786746001916,37773B0000000000,0837B701,A0C8B333,929D0000,12000000,4C000000,735F0000,FC000000,87FDFFFF,89EAFFFF,5F430000,37773B00000000000837B701A0C8B333929D0000120000004C000000735F0000FC00000087FDFFFF89EAFFFF5F430000
1786746001916,9C773B0000000000,0837B701,A0C8B333,929D0000,12000000,4C000000,725F0000,FC000000,87FDFFFF,89EAFFFF,5E430000,9C773B00000000000837B701A0C8B333929D0000120000004C000000725F0000FC00000087FDFFFF89EAFFFF5E430000
1786746001916,00783B0000000000,0837B701,A0C8B333,929D0000,12000000,4C000000,725F0000,FC000000,87FDFFFF,89EAFFFF,5E430000,00783B00000000000837B701A0C8B333929D0000120000004C000000725F0000FC00000087FDFFFF89EAFFFF5E430000
1786746001916,64783B0000000000,0837B701,A0C8B333,929D0000,12000000,4C000000,725F0000,FC000000,87FDFFFF,89EAFFFF,5E430000,64783B00000000000837B701A0C8B333929D0000120000004C000000725F0000FC00000087FDFFFF89EAFFFF5E430000
1786746001916,C8783B0000000000,0837B701,A0C8B333,929D0000,12000000,4C000000,725F0000,FC000000,87FDFFFF,89EAFFFF,5E430000,C8783B00000000000837B701A0C8B333929D0000120000004C000000725F0000FC00000087FDFFFF89EAFFFF5E430000
1786746001916,2C793B0000000000,0837B701,A0C8B333,929D0000,12000000,4C000000,725F0000,FC000000,87FDFFFF,89EAFFFF,5E430000,2C793B00000000000837B701A0C8B333929D0000120000004C000000725F0000FC00000087FDFFFF89EAFFFF5E430000
1786746001916,90793B0000000000,0837B701,A0C8B333,929D0000,12000000,4C000000,725F0000,FC000000,87FDFFFF,89EAFFFF,5E430000,90793B00000000000837B701A0C8B333929D0000120000004C000000725F0000FC00000087FDFFFF89EAFFFF5E430000
1786746001916,F4793B0000000000,0837B701,A0C8B333,929D0000,12000000,4C000000,725F0000,FC000000,87FDFFFF,89EAFFFF,5E430000,F4793B00000000000837B701A0C8B333929D0000120000004C000000725F0000FC00000087FDFFFF89EAFFFF5E430000
1786746001916,587A3B0000000000,0837B701,A0C8B333,929D0000,12000000,4C000000,725F0000,FC000000,87FDFFFF,89EAFFFF,5E430000,587A3B00000000000837B701A0C8B333929D0000120000004C000000725F0000FC00000087FDFFFF89EAFFFF5E430000
1786746001916,BD7A3B0000000000,0837B701,A0C8B333,929D0000,12000000,4C000000,725F0000,FC000000,87FDFFFF,89EAFFFF,5E430000,BD7A3B00000000000837B701A0C8B333929D0000120000004C000000725F0000FC00000087FDFFFF89EAFFFF5E430000
1786746002916,217B3B0000000000,0837B701,A0C8B333,929D0000,12000000,4C000000,725F0000,FC000000,87FDFFFF,89EAFFFF,5E430000,217B3B00000000000837B701A0C8B333929D0000120000004C000000725F0000FC00000087FDFFFF89EAFFFF5E430000
1786746002916,857B3B0000000000,0837B701,A0C8B333,929D0000,12000000,4C000000,725F0000,FC000000,87FDFFFF,89EAFFFF,5E430000,857B3B00000000000837B701A0C8B333929D0000120000004C000000725F0000FC00000087FDFFFF89EAFFFF5E430000
1786746002916,E97B3B0000000000,0837B701,A0C8B333,929D0000,12000000,4C000000,725F0000,FC000000,87FDFFFF,89EAFFFF,5E430000,E97B3B00000000000837B701A0C8B333929D0000120000004C000000725F0000FC00000087FDFFFF89EAFFFF5E430000
1786746002916,4D7C3B0000000000,0837B701,A0C8B333,929D0000,12000000,4C000000,725F0000,FC000000,87FDFFFF,89EAFFFF,5E430000,4D7C3B00000000000837B701A0C8B333929D0000120000004C000000725F0000FC00000087FDFFFF89EAFFFF5E430000
1786746002916,B17C3B0000000000,0837B701,A0C8B333,929D0000,12000000,4C000000,725F0000,FC000000,87FDFFFF,89EAFFFF,5E430000,B17C3B00000000000837B701A0C8B333929D0000120000004C000000725F0000FC00000087FDFFFF89EAFFFF5E430000
1786746002916,157D3B0000000000,0837B701,A0C8B333,929D0000,12000000,4C000000,725F0000,FC000000,87FDFFFF,89EAFFFF,5E430000,157D3B00000000000837B701A0C8B333929D0000120000004C000000725F0000FC00000087FDFFFF89EAFFFF5E430000
1786746002916,7A7D3B0000000000,0837B701,A0C8B333,929D0000,12000000,4C000000,725F0000,FC000000,87FDFFFF,89EAFFFF,5E430000,7A7D3B00000000000837B701A0C8B333929D0000120000004C000000725F0000FC00000087FDFFFF89EAFFFF5E430000
1786746002916,DE7D3B0000000000,0837B701,A0C8B333,929D0000,12000000,4C000000,725F0000,FC000000,87FDFFFF,89EAFFFF,5E430000,DE7D3B00000000000837B701A0C8B333929D0000120000004C000000725F0000FC00000087FDFFFF89EAFFFF5E430000
1786746002916,427E3B0000000000,0837B701,A0C8B333,929D0000,12000000,4C000000,725F0000,FC000000,87FDFFFF,89EAFFFF,5E430000,427E3B00000000000837B701A0C8B333929D0000120000004C000000725F0000FC00000087FDFFFF89EAFFFF5E430000
1786746002916,A67E3B0000000000,0837B701,A0C8B333,929D0000,12000000,4C000000,725F0000,FC000000,87FDFFFF,89EAFFFF,5E430000,A67E3B00000000000837B701A0C8B333929D0000120000004C000000725F0000FC00000087FDFFFF89EAFFFF5E430000
1786746003916,0A7F3B0000000000,0837B701,A0C8B333,929D0000,12000000,4C000000,725F0000,FC000000,87FDFFFF,89EAFFFF,5E430000,0A7F3B00000000000837B701A0C8B333929D0000120000004C000000725F0000FC00000087FDFFFF89EAFFFF5E430000
1786746003916,6E7F3B0000000000,0837B701,A0C8B333,929D0000,12000000,4C000000,725F0000,FC000000,87FDFFFF,89EAFFFF,5E430000,6E7F3B00000000000837B701A0C8B333929D0000120000004C000000725F0000FC00000087FDFFFF89EAFFFF5E430000
1786746003916,D27F3B0000000000,0837B701,A0C8B333,929D0000,12000000,4C000000,725F0000,FC000000,87FDFFFF,89EAFFFF,5E430000,D27F3B00000000000837B701A0C8B333929D0000120000004C000000725F0000FC00000087FDFFFF89EAFFFF5E430000
1786746003916,36803B0000000000,0837B701,A0C8B333,929D0000,12000000,4C000000,725F0000,FC000000,87FDFFFF,89EAFFFF,5E430000,36803B00000000000837B701A0C8B333929D0000120000004C000000725F0000FC00000087FDFFFF89EAFFFF5E430000
1786746003916,9C803B0000000000,0837B701,A0C8B333,929D0000,12000000,4C000000,725F0000,FC000000,87FDFFFF,89EAFFFF,5E430000,9C803B00000000000837B701A0C8B333929D0000120000004C000000725F0000FC00000087FDFFFF89EAFFFF5E430000
1786746003916,FF803B0000000000,0837B701,A0C8B333,929D0000,12000000,4C000000,725F0000,FC000000,87FDFFFF,89EAFFFF,5E430000,FF803B00000000000837B701A0C8B333929D0000120000004C000000725F0000FC00000087FDFFFF89EAFFFF5E430000
1786746003916,63813B0000000000,0837B701,A0C8B333,929D0000,12000000,4C000000,725F0000,FC000000,87FDFFFF,89EAFFFF,5E430000,63813B00000000000837B701A0C8B333929D0000120000004C000000725F0000FC00000087FDFFFF89EAFFFF5E430000
1786746003916,C7813B0000000000,0837B701,A0C8B333,929D0000,12000000,4C000000,725F0000,FC000000,87FDFFFF,89EAFFFF,5E430000,C7813B00000000000837B701A0C8B333929D0000120000004C000000725F0000FC00000087FDFFFF89EAFFFF5E430000
1786746003916,2B823B0000000000,0837B701,A0C8B333,929D0000,12000000,4C000000,725F0000,FC000000,87FDFFFF,89EAFFFF,5E430000,2B823B00000000000837B701A0C8B333929D0000120000004C000000725F0000FC00000087FDFFFF89EAFFFF5E430000
1786746003916,8F823B0000000000,0837B701,A0C8B333,929D0000,12000000,4C000000,725F0000,FC000000,87FDFFFF,89EAFFFF,5E430000,8F823B00000000000837B701A0C8B333929D0000120000004C000000725F0000FC00000087FDFFFF89EAFFFF5E430000
1786746004916,F4823B0000000000,0837B701,A0C8B333,929D0000,12000000,4C000000,725F0000,FC000000,87FDFFFF,89EAFFFF,5E430000,F4823B00000000000837B701A0C8B333929D0000120000004C000000725F0000FC00000087FDFFFF89EAFFFF5E430000
1786746004916,57833B0000000000,0837B701,A0C8B333,929D0000,12000000,4C000000,725F0000,FC000000,87FDFFFF,89EAFFFF,5E430000,57833B00000000000837B701A0C8B333929D0000120000004C000000725F0000FC00000087FDFFFF89EAFFFF5E430000
1786746004916,BC833B0000000000,0837B701,A0C8B333,929D0000,12000000,4C000000,725F0000,FC000000,87FDFFFF,89EAFFFF,5E430000,BC833B00000000000837B701A0C8B333929D0000120000004C000000725F0000FC00000087FDFFFF89EAFFFF5E430000
1786746004916,20843B0000000000,0837B701,A0C8B333,929D0000,12000000,4C000000,725F0000,FC000000,87FDFFFF,89EAFFFF,5E430000,20843B00000000000837B701A0C8B333929D0000120000004C000000725F0000FC00000087FDFFFF89EAFFFF5E430000
1786746004916,84843B0000000000,0837B701,A0C8B333,929D0000,12000000,4C000000,725F0000,FC000000,87FDFFFF,89EAFFFF,5E430000,84843B00000000000837B701A0C8B333929D0000120000004C000000725F0000FC00000087FDFFFF89EAFFFF5E430000
1786746004916,E8843B0000000000,0837B701,A0C8B333,929D0000,12000000,4C000000,725F0000,FC000000,87FDFFFF,89EAFFFF,5E430000,E8843B00000000000837B701A0C8B333929D0000120000004C000000725F0000FC00000087FDFFFF89EAFFFF5E430000
1786746004916,4C853B0000000000,0837B701,A0C8B333,929D0000,12000000,4C000000,725F0000,FC000000,87FDFFFF,89EAFFFF,5E430000,4C853B00000000000837B701A0C8B333929D0000120000004C000000725F0000FC00000087FDFFFF89EAFFFF5E430000
1786746004916,B0853B0000000000,0837B701,A0C8B333,929D0000,12000000,4C000000,725F0000,FC000000,87FDFFFF,89EAFFFF,5E430000,B0853B00000000000837B701A0C8B333929D0000120000004C000000725F0000FC00000087FDFFFF89EAFFFF5E430000
1786746004916,15863B0000000000,0837B701,A0C8B333,929D0000,12000000,4C000000,725F0000,FC000000,87FDFFFF,89EAFFFF,5E430000,15863B00000000000837B701A0C8B333929D0000120000004C000000725F0000FC00000087FDFFFF89EAFFFF5E430000
1786746004916,79863B0000000000,0837B701,A0C8B333,929D0000,12000000,4C000000,725F0000,FC000000,87FDFFFF,89EAFFFF,5E430000,79863B00000000000837B701A0C8B333929D0000120000004C000000725F0000FC00000087FDFFFF89EAFFFF5E430000
1786746005916,DD863B0000000000,0837B701,A0C8B333,929D0000,12000000,4C000000,725F0000,FC000000,87FDFFFF,89EAFFFF,5E430000,DD863B00000000000837B701A0C8B333929D0000120000004C000000725F0000FC00000087FDFFFF89EAFFFF5E430000
1786746005916,41873B0000000000,0837B701,A0C8B333,929D0000,12000000,4C000000,715F0000,FC000000,87FDFFFF,89EAFFFF,5D430000,41873B00000000000837B701A0C8B333929D0000120000004C000000715F0000FC00000087FDFFFF89EAFFFF5D430000
1786746005916,A5873B0000000000,0837B701,A0C8B333,929D0000,12000000,4C000000,715F0000,FC000000,87FDFFFF,89EAFFFF,5D430000,A5873B00000000000837B701A0C8B333929D0000120000004C000000715F0000FC00000087FDFFFF89EAFFFF5D430000
1786746005916,09883B0000000000,0837B701,A0C8B333,929D0000,12000000,4C000000,715F0000,FC000000,87FDFFFF,89EAFFFF,5D430000,09883B00000000000837B701A0C8B333929D0000120000004C000000715F0000FC00000087FDFFFF89EAFFFF5D430000
1786746005916,6D883B0000000000,0837B701,A0C8B333,929D0000,12000000,4C000000,715F0000,FC000000,87FDFFFF,89EAFFFF,5D430000,6D883B00000000000837B701A0C8B333929D0000120000004C000000715F0000FC00000087FDFFFF89EAFFFF5D430000
1786746005916,D1883B0000000000,0837B701,A0C8B333,929D0000,12000000,4C000000,715F0000,FC000000,87FDFFFF,89EAFFFF,5D430000,D1883B00000000000837B701A0C8B333929D0000120000004C000000715F0000FC00000087FDFFFF89EAFFFF5D430000
1786746005916,36893B0000000000,0837B701,A0C8B333,929D0000,12000000,4C000000,715F0000,FC000000,87FDFFFF,89EAFFFF,5D430000,36893B00000000000837B701A0C8B333929D0000120000004C000000715F0000FC00000087FDFFFF89EAFFFF5D430000
1786746005916,9A893B0000000000,0837B701,A0C8B333,929D0000,12000000,4C000000,715F0000,FC000000,87FDFFFF,89EAFFFF,5D430000,9A893B00000000000837B701A0C8B333929D0000120000004C000000715F0000FC00000087FDFFFF89EAFFFF5D430000
1786746005916,FE893B0000000000,0837B701,A0C8B333,929D0000,12000000,4C000000,715F0000,FC000000,87FDFFFF,89EAFFFF,5D430000,FE893B00000000000837B701A0C8B333929D0000120000004C000000715F0000FC00000087FDFFFF89EAFFFF5D430000
1786746005916,628A3B0000000000,0837B701,A0C8B333,929D0000,12000000,4C000000,715F0000,FC000000,87FDFFFF,89EAFFFF,5D430000,628A3B00000000000837B701A0C8B333929D0000120000004C000000715F0000FC00000087FDFFFF89EAFFFF5D430000
1786746006916,C68A3B0000000000,0837B701,A0C8B333,929D0000,12000000,4C000000,715F0000,FC000000,87FDFFFF,89EAFFFF,5D430000,C68A3B00000000000837B701A0C8B333929D0000120000004C000000715F0000FC00000087FDFFFF89EAFFFF5D430000
1786746006916,2A8B3B0000000000,0837B701,A0C8B333,929D0000,12000000,4C000000,715F0000,FC000000,87FDFFFF,89EAFFFF,5D430000,2A8B3B00000000000837B701A0C8B333929D0000120000004C000000715F0000FC00000087FDFFFF89EAFFFF5D430000
1786746006916,8E8B3B0000000000,0837B701,A0C8B333,929D0000,12000000,4C000000,715F0000,FC000000,87FDFFFF,89EAFFFF,5D430000,8E8B3B00000000000837B701A0C8B333929D0000120000004C000000715F0000FC00000087FDFFFF89EAFFFF5D430000
1786746006916,F28B3B0000000000,0837B701,A0C8B333,929D0000,12000000,4C000000,715F0000,FC000000,87FDFFFF,89EAFFFF,5D430000,F28B3B00000000000837B701A0C8B333929D0000120000004C000000715F0000FC00000087FDFFFF89EAFFFF5D430000
1786746006916,578C3B0000000000,0837B701,A0C8B333,929D0000,12000000,4C000000,715F0000,FC000000,87FDFFFF,89EAFFFF,5D430000,578C3B00000000000837B701A0C8B333929D0000120000004C000000715F0000FC00000087FDFFFF89EAFFFF5D430000
1786746006916,BB8C3B0000000000,0837B701,A0C8B333,929D0000,12000000,4C000000,715F0000,FC000000,87FDFFFF,89EAFFFF,5D430000,BB8C3B00000000000837B701A0C8B333929D0000120000004C000000715F0000FC00000087FDFFFF89EAFFFF5D430000
1786746006916,1F8D3B0000000000,0837B701,A0C8B333,929D0000,12000000,4C000000,715F0000,FC000000,87FDFFFF,89EAFFFF,5D430000,1F8D3B00000000000837B701A0C8B333929D0000120000004C000000715F0000FC00000087FDFFFF89EAFFFF5D430000
1786746006916,838D3B0000000000,0837B701,A0C8B333,929D0000,12000000,4C000000,715F0000,FC000000,87FDFFFF,89EAFFFF,5D430000,838D3B00000000000837B701A0C8B333929D0000120000004C000000715F0000FC00000087FDFFFF89EAFFFF5D430000
1786746006916,E78D3B0000000000,0837B701,A0C8B333,929D0000,12000000,4C000000,715F0000,FC000000,87FDFFFF,89EAFFFF,5D430000,E78D3B00000000000837B701A0C8B333929D0000120000004C000000715F0000FC00000087FDFFFF89EAFFFF5D430000
1786746007916,4B8E3B0000000000,0837B701,A0C8B333,929D0000,12000000,4C000000,715F0000,FC000000,87FDFFFF,89EAFFFF,5D430000,4B8E3B00000000000837B701A0C8B333929D0000120000004C000000715F0000FC00000087FDFFFF89EAFFFF5D430000
1786746007916,AF8E3B0000000000,0837B701,A0C8B333,929D0000,12000000,4C000000,715F0000,FC000000,87FDFFFF,89EAFFFF,5D430000,AF8E3B00000000000837B701A0C8B333929D0000120000004C000000715F0000FC00000087FDFFFF89EAFFFF5D430000
1786746007916,138F3B0000000000,0837B701,A0C8B333,929D0000,12000000,4C000000,715F0000,FC000000,87FDFFFF,89EAFFFF,5D430000,138F3B00000000000837B701A0C8B333929D0000120000004C000000715F0000FC00000087FDFFFF89EAFFFF5D430000
1786746007916,788F3B0000000000,0837B701,A0C8B333,929D0000,12000000,4C000000,715F0000,FC000000,87FDFFFF,89EAFFFF,5D430000,788F3B00000000000837B701A0C8B333929D0000120000004C000000715F0000FC00000087FDFFFF89EAFFFF5D430000
1786746007916,DC8F3B0000000000,0837B701,A0C8B333,929D0000,12000000,4C000000,715F0000,FC000000,87FDFFFF,89EAFFFF,5D430000,DC8F3B00000000000837B701A0C8B333929D0000120000004C000000715F0000FC00000087FDFFFF89EAFFFF5D430000
1786746007916,40903B0000000000,0837B701,A0C8B333,929D0000,12000000,4C000000,715F0000,FC000000,87FDFFFF,89EAFFFF,5D430000,40903B00000000000837B701A0C8B333929D0000120000004C000000715F0000FC00000087FDFFFF89EAFFFF5D430000
1786746007916,A4903B0000000000,0837B701,A0C8B333,929D0000,12000000,4C000000,715F0000,FC000000,87FDFFFF,89EAFFFF,5D430000,A4903B00000000000837B701A0C8B333929D0000120000004C000000715F0000FC00000087FDFFFF89EAFFFF5D430000
1786746007916,08913B0000000000,0837B701,A0C8B333,929D0000,12000000,4C000000,715F0000,FC000000,87FDFFFF,89EAFFFF,5D430000,08913B00000000000837B701A0C8B333929D0000120000004C000000715F0000FC00000087FDFFFF89EAFFFF5D430000
1786746007916,6C913B0000000000,0837B701,A0C8B333,929D0000,12000000,4C000000,715F0000,FC000000,87FDFFFF,89EAFFFF,5D430000,6C913B00000000000837B701A0C8B333929D0000120000004C000000715F0000FC00000087FDFFFF89EAFFFF5D430000
1786746007916,D0913B0000000000,0837B701,A0C8B333,929D0000,12000000,4C000000,715F0000,FC000000,87FDFFFF,89EAFFFF,5D430000,D0913B00000000000837B701A0C8B333929D0000120000004C000000715F0000FC00000087FDFFFF89EAFFFF5D430000
1786746008916,35923B0000000000,0837B701,A0C8B333,929D0000,12000000,4C000000,715F0000,FC000000,87FDFFFF,89EAFFFF,5D430000,35923B00000000000837B701A0C8B333929D0000120000004C000000715F0000FC00000087FDFFFF89EAFFFF5D430000
1786746008916,99923B0000000000,0837B701,A0C8B333,929D0000,12000000,4C000000,715F0000,FC000000,87FDFFFF,89EAFFFF,5D430000,99923B00000000000837B701A0C8B333929D0000120000004C000000715F0000FC00000087FDFFFF89EAFFFF5D430000
1786746008916,FD923B0000000000,0837B701,A0C8B333,929D0000,12000000,4C000000,715F0000,FC000000,87FDFFFF,89EAFFFF,5D430000,FD923B00000000000837B701A0C8B333929D0000120000004C000000715F0000FC00000087FDFFFF89EAFFFF5D430000
1786746008916,61933B0000000000,0837B701,A0C8B333,929D0000,12000000,4C000000,715F0000,FC000000,87FDFFFF,89EAFFFF,5D430000,61933B00000000000837B701A0C8B333929D0000120000004C000000715F0000FC00000087FDFFFF89EAFFFF5D430000
1786746008916,C5933B0000000000,0837B701,A0C8B333,929D0000,12000000,4C000000,715F0000,FC000000,87FDFFFF,89EAFFFF,5D430000,C5933B00000000000837B701A0C8B333929D0000120000004C000000715F0000FC00000087FDFFFF89EAFFFF5D430000
1786746008916,29943B0000000000,0837B701,A0C8B333,929D0000,12000000,4C000000,715F0000,FC000000,87FDFFFF,89EAFFFF,5D430000,29943B00000000000837B701A0C8B333929D0000120000004C000000715F0000FC00000087FDFFFF89EAFFFF5D430000
1786746008916,8D943B0000000000,0837B701,A0C8B333,929D0000,12000000,4C000000,715F0000,FC000000,87FDFFFF,89EAFFFF,5D430000,8D943B00000000000837B701A0C8B333929D0000120000004C000000715F0000FC00000087FDFFFF89EAFFFF5D430000
1786746008916,56953B0000000000,0837B701,A0C8B333,929D0000,12000000,4C000000,715F0000,FC000000,87FDFFFF,89EAFFFF,5D430000,56953B00000000000837B701A0C8B333929D0000120000004C000000715F0000FC00000087FDFFFF89EAFFFF5D430000
1786746008916,BA953B0000000000,0837B701,A0C8B333,929D0000,12000000,4C000000,715F0000,FC000000,87FDFFFF,89EAFFFF,5D430000,BA953B00000000000837B701A0C8B333929D0000120000004C000000715F0000FC00000087FDFFFF89EAFFFF5D430000
1786746009916,1E963B0000000000,0837B701,A0C8B333,929D0000,12000000,4C000000,715F0000,FC000000,87FDFFFF,89EAFFFF,5D430000,1E963B00000000000837B701A0C8B333929D0000120000004C000000715F0000FC00000087FDFFFF89EAFFFF5D430000
1786746009916,82963B0000000000,0837B701,A0C8B333,929D0000,12000000,4C000000,715F0000,FC000000,87FDFFFF,89EAFFFF,5D430000,82963B00000000000837B701A0C8B333929D0000120000004C000000715F0000FC00000087FDFFFF89EAFFFF5D430000
1786746009916,E6963B0000000000,0837B701,A0C8B333,929D0000,12000000,4C000000,715F0000,FC000000,87FDFFFF,89EAFFFF,5D430000,E6963B00000000000837B701A0C8B333929D0000120000004C000000715F0000FC00000087FDFFFF89EAFFFF5D430000
1786746009916,4A973B0000000000,0837B701,A0C8B333,929D0000,12000000,4C000000,715F0000,FC000000,87FDFFFF,89EAFFFF,5D430000,4A973B00000000000837B701A0C8B333929D0000120000004C000000715F0000FC00000087FDFFFF89EAFFFF5D430000
1786746009916,AE973B0000000000,0837B701,A0C8B333,929D0000,12000000,4C000000,705F0000,FC000000,87FDFFFF,89EAFFFF,5C430000,AE973B00000000000837B701A0C8B333929D0000120000004C000000705F0000FC00000087FDFFFF89EAFFFF5C430000
1786746009916,12983B0000000000,0837B701,A0C8B333,929D0000,12000000,4C000000,705F0000,FC000000,87FDFFFF,89EAFFFF,5C430000,12983B00000000000837B701A0C8B333929D0000120000004C000000705F0000FC00000087FDFFFF89EAFFFF5C430000
1786746009916,77983B0000000000,0837B701,A0C8B333,929D0000,12000000,4C000000,705F0000,FC000000,87FDFFFF,89EAFFFF,5C430000,77983B00000000000837B701A0C8B333929D0000120000004C000000705F0000FC00000087FDFFFF89EAFFFF5C430000
1786746009916,DB983B0000000000,0837B701,A0C8B333,929D0000,12000000,4C000000,705F0000,FC000000,87FDFFFF,89EAFFFF,5C430000,DB983B00000000000837B701A0C8B333929D0000120000004C000000705F0000FC00000087FDFFFF89EAFFFF5C430000
1786746009916,3F993B0000000000,0837B701,A0C8B333,929D0000,12000000,4C000000,705F0000,FC000000,87FDFFFF,89EAFFFF,5C430000,3F993B00000000000837B701A0C8B333929D0000120000004C000000705F0000FC00000087FDFFFF89EAFFFF5C430000
1786746009916,A3993B0000000000,0837B701,A0C8B333,929D0000,12000000,4C000000,705F0000,FC000000,87FDFFFF,89EAFFFF,5C430000,A3993B00000000000837B701A0C8B333929D0000120000004C000000705F0000FC00000087FDFFFF89EAFFFF5C430000
1786746010916,079A3B0000000000,0837B701,A0C8B333,929D0000,12000000,4C000000,705F0000,FC000000,87FDFFFF,89EAFFFF,5C430000,079A3B00000000000837B701A0C8B333929D0000120000004C000000705F0000FC00000087FDFFFF89EAFFFF5C430000
1786746010916,6D9A3B0000000000,0837B701,A0C8B333,929D0000,12000000,4C000000,705F0000,FC000000,87FDFFFF,89EAFFFF,5C430000,6D9A3B00000000000837B701A0C8B333929D0000120000004C000000705F0000FC00000087FDFFFF89EAFFFF5C430000
1786746010916,D09A3B0000000000,0837B701,A0C8B333,929D0000,12000000,4C000000,705F0000,FC000000,87FDFFFF,89EAFFFF,5C430000,D09A3B00000000000837B701A0C8B333929D0000120000004C000000705F0000FC00000087FDFFFF89EAFFFF5C430000
1786746010916,349B3B0000000000,0837B701,A0C8B333,929D0000,12000000,4C000000,705F0000,FC000000,87FDFFFF,89EAFFFF,5C430000,349B3B00000000000837B701A0C8B333929D0000120000004C000000705F0000FC00000087FDFFFF89EAFFFF5C430000
1786746010916,989B3B0000000000,0837B701,A0C8B333,929D0000,12000000,4C000000,705F0000,FC000000,87FDFFFF,89EAFFFF,5C430000,989B3B00000000000837B701A0C8B333929D0000120000004C000000705F0000FC00000087FDFFFF89EAFFFF5C430000
1786746010916,FC9B3B0000000000,0837B701,A0C8B333,929D0000,12000000,4C000000,705F0000,FC000000,87FDFFFF,89EAFFFF,5C430000,FC9B3B00000000000837B701A0C8B333929D0000120000004C000000705F0000FC00000087FDFFFF89EAFFFF5C430000
1786746010916,609C3B0000000000,0837B701,A0C8B333,929D0000,12000000,4C000000,705F0000,FC000000,87FDFFFF,89EAFFFF,5C430000,609C3B00000000000837B701A0C8B333929D0000120000004C000000705F0000FC00000087FDFFFF89EAFFFF5C430000
1786746010916,C49C3B0000000000,0837B701,A0C8B333,929D0000,12000000,4C000000,705F0000,FC000000,87FDFFFF,89EAFFFF,5C430000,C49C3B00000000000837B701A0C8B333929D0000120000004C000000705F0000FC00000087FDFFFF89EAFFFF5C430000
1786746010916,289D3B0000000000,0837B701,A0C8B333,929D0000,12000000,4C000000,705F0000,FC000000,87FDFFFF,89EAFFFF,5C430000,289D3B00000000000837B701A0C8B333929D0000120000004C000000705F0000FC00000087FDFFFF89EAFFFF5C430000
1786746010916,8C9D3B0000000000,0837B701,A0C8B333,929D0000,12000000,4C000000,705F0000,FC000000,87FDFFFF,89EAFFFF,5C430000,8C9D3B00000000000837B701A0C8B333929D0000120000004C000000705F0000FC00000087FDFFFF89EAFFFF5C430000
1786746011916,F19D3B0000000000,0837B701,A0C8B333,929D0000,12000000,4C000000,705F0000,FC000000,87FDFFFF,89EAFFFF,5C430000,F19D3B00000000000837B701A0C8B333929D0000120000004C000000705F0000FC00000087FDFFFF89EAFFFF5C430000
1786746011916,559E3B0000000000,0837B701,A0C8B333,929D0000,12000000,4C000000,705F0000,FC000000,87FDFFFF,89EAFFFF,5C430000,559E3B00000000000837B701A0C8B333929D0000120000004C000000705F0000FC00000087FDFFFF89EAFFFF5C430000
1786746011916,B99E3B0000000000,0837B701,A0C8B333,929D0000,12000000,4C000000,705F0000,FC000000,87FDFFFF,89EAFFFF,5C430000,B99E3B00000000000837B701A0C8B333929D0000120000004C000000705F0000FC00000087FDFFFF89EAFFFF5C430000
1786746011916,1D9F3B0000000000,0837B701,A0C8B333,929D0000,12000000,4C000000,705F0000,FC000000,87FDFFFF,89EAFFFF,5C430000,1D9F3B00000000000837B701A0C8B333929D0000120000004C000000705F0000FC00000087FDFFFF89EAFFFF5C430000
1786746011916,819F3B0000000000,0837B701,A0C8B333,929D0000,12000000,4C000000,705F0000,FC000000,87FDFFFF,89EAFFFF,5C430000,819F3B00000000000837B701A0C8B333929D0000120000004C000000705F0000FC00000087FDFFFF89EAFFFF5C430000
1786746011916,E59F3B0000000000,0837B701,A0C8B333,929D0000,12000000,4C000000,705F0000,FC000000,87FDFFFF,89EAFFFF,5C430000,E59F3B00000000000837B701A0C8B333929D0000120000004C000000705F0000FC00000087FDFFFF89EAFFFF5C430000
1786746011916,49A03B0000000000,0837B701,A0C8B333,929D0000,12000000,4C000000,705F0000,FC000000,87FDFFFF,89EAFFFF,5C430000,49A03B00000000000837B701A0C8B333929D0000120000004C000000705F0000FC00000087FDFFFF89EAFFFF5C430000
1786746011916,ADA03B0000000000,0837B701,A0C8B333,929D0000,12000000,4C000000,705F0000,FC000000,87FDFFFF,89EAFFFF,5C430000,ADA03B00000000000837B701A0C8B333929D0000120000004C000000705F0000FC00000087FDFFFF89EAFFFF5C430000
1786746011916,12A13B0000000000,0837B701,A0C8B333,929D0000,12000000,4C000000,705F0000,FC000000,87FDFFFF,89EAFFFF,5C430000,12A13B00000000000837B701A0C8B333929D0000120000004C000000705F0000FC00000087FDFFFF89EAFFFF5C430000
1786746011916,76A13B0000000000,0837B701,A0C8B333,929D0000,12000000,4C000000,705F0000,FC000000,87FDFFFF,89EAFFFF,5C430000,76A13B00000000000837B701A0C8B333929D0000120000004C000000705F0000FC00000087FDFFFF89EAFFFF5C430000
1786746012916,DAA13B0000000000,0837B701,A0C8B333,929D0000,12000000,4C000000,705F0000,FC000000,87FDFFFF,89EAFFFF,5C430000,DAA13B00000000000837B701A0C8B333929D0000120000004C000000705F0000FC00000087FDFFFF89EAFFFF5C430000
1786746012916,A2A23B0000000000,0837B701,A0C8B333,929D0000,12000000,4C000000,705F0000,FC000000,87FDFFFF,89EAFFFF,5C430000,A2A23B00000000000837B701A0C8B333929D0000120000004C000000705F0000FC00000087FDFFFF89EAFFFF5C430000
1786746012916,06A33B0000000000,0837B701,A0C8B333,929D0000,12000000,4C000000,705F0000,FC000000,87FDFFFF,89EAFFFF,5C430000,06A33B00000000000837B701A0C8B333929D0000120000004C000000705F0000FC00000087FDFFFF89EAFFFF5C430000
1786746012916,6AA33B0000000000,0837B701,A0C8B333,929D0000,12000000,4C000000,705F0000,FC000000,87FDFFFF,89EAFFFF,5C430000,6AA33B00000000000837B701A0C8B333929D0000120000004C000000705F0000FC00000087FDFFFF89EAFFFF5C430000
1786746012916,CEA33B0000000000,0837B701,A0C8B333,929D0000,12000000,4C000000,705F0000,FC000000,87FDFFFF,89EAFFFF,5C430000,CEA33B00000000000837B701A0C8B333929D0000120000004C000000705F0000FC00000087FDFFFF89EAFFFF5C430000
1786746012916,33A43B0000000000,0837B701,A0C8B333,929D0000,12000000,4C000000,705F0000,FC000000,87FDFFFF,89EAFFFF,5C430000,33A43B00000000000837B701A0C8B333929D0000120000004C000000705F0000FC00000087FDFFFF89EAFFFF5C430000
1786746012916,97A43B0000000000,0837B701,A0C8B333,929D0000,12000000,4C000000,705F0000,FC000000,87FDFFFF,89EAFFFF,5C430000,97A43B00000000000837B701A0C8B333929D0000120000004C000000705F0000FC00000087FDFFFF89EAFFFF5C430000
1786746012916,FBA43B0000000000,0837B701,A0C8B333,929D0000,12000000,4C000000,705F0000,FC000000,87FDFFFF,89EAFFFF,5C430000,FBA43B00000000000837B701A0C8B333929D0000120000004C000000705F0000FC00000087FDFFFF89EAFFFF5C430000
1786746012916,5FA53B0000000000,0837B701,A0C8B333,929D0000,12000000,4C000000,705F0000,FC000000,87FDFFFF,89EAFFFF,5C430000,5FA53B00000000000837B701A0C8B333929D0000120000004C000000705F0000FC00000087FDFFFF89EAFFFF5C430000
1786746013916,C3A53B0000000000,0837B701,A0C8B333,929D0000,12000000,4C000000,705F0000,FC000000,87FDFFFF,89EAFFFF,5C430000,C3A53B00000000000837B701A0C8B333929D0000120000004C000000705F0000FC00000087FDFFFF89EAFFFF5C430000
1786746013916,27A63B0000000000,0837B701,A0C8B333,929D0000,12000000,4C000000,705F0000,FC000000,87FDFFFF,89EAFFFF,5C430000,27A63B00000000000837B701A0C8B333929D0000120000004C000000705F0000FC00000087FDFFFF89EAFFFF5C430000
1786746013916,8BA63B0000000000,0837B701,A0C8B333,929D0000,12000000,4C000000,705F0000,FC000000,87FDFFFF,89EAFFFF,5C430000,8BA63B00000000000837B701A0C8B333929D0000120000004C000000705F0000FC00000087FDFFFF89EAFFFF5C430000
1786746013916,EFA63B0000000000,0837B701,A0C8B333,929D0000,12000000,4C000000,705F0000,FC000000,87FDFFFF,89EAFFFF,5C430000,EFA63B00000000000837B701A0C8B333929D0000120000004C000000705F0000FC00000087FDFFFF89EAFFFF5C430000
1786746013916,54A73B0000000000,0837B701,A0C8B333,929D0000,12000000,4C000000,705F0000,FC000000,87FDFFFF,89EAFFFF,5C430000,54A73B00000000000837B701A0C8B333929D0000120000004C000000705F0000FC00000087FDFFFF89EAFFFF5C430000
1786746013916,B8A73B0000000000,0837B701,A0C8B333,929D0000,12000000,4C000000,6F5F0000,FC000000,87FDFFFF,89EAFFFF,5B430000,B8A73B00000000000837B701A0C8B333929D0000120000004C0000006F5F0000FC00000087FDFFFF89EAFFFF5B430000
1786746013916,1CA83B0000000000,0837B701,A0C8B333,929D0000,12000000,4C000000,705F0000,FC000000,87FDFFFF,89EAFFFF,5C430000,1CA83B00000000000837B701A0C8B333929D0000120000004C000000705F0000FC00000087FDFFFF89EAFFFF5C430000
1786746013916,80A83B0000000000,0837B701,A0C8B333,929D0000,12000000,4C000000,705F0000,FC000000,87FDFFFF,89EAFFFF,5C430000,80A83B00000000000837B701A0C8B333929D0000120000004C000000705F0000FC00000087FDFFFF89EAFFFF5C430000
1786746013916,E4A83B0000000000,0837B701,A0C8B333,929D0000,12000000,4C000000,6F5F0000,FC000000,87FDFFFF,89EAFFFF,5B430000,E4A83B00000000000837B701A0C8B333929D0000120000004C0000006F5F0000FC00000087FDFFFF89EAFFFF5B430000
1786746013916,48A93B0000000000,0837B701,A0C8B333,929D0000,12000000,4C000000,6F5F0000,FC000000,87FDFFFF,89EAFFFF,5B430000,48A93B00000000000837B701A0C8B333929D0000120000004C0000006F5F0000FC00000087FDFFFF89EAFFFF5B430000
1786746014916,ACA93B0000000000,0837B701,A0C8B333,929D0000,12000000,4C000000,6F5F0000,FC000000,87FDFFFF,89EAFFFF,5B430000,ACA93B00000000000837B701A0C8B333929D0000120000004C0000006F5F0000FC00000087FDFFFF89EAFFFF5B430000
1786746014916,11AA3B0000000000,0837B701,A0C8B333,929D0000,12000000,4C000000,6F5F0000,FC000000,87FDFFFF,89EAFFFF,5B430000,11AA3B00000000000837B701A0C8B333929D0000120000004C0000006F5F0000FC00000087FDFFFF89EAFFFF5B430000
1786746014916,75AA3B0000000000,0837B701,A0C8B333,929D0000,12000000,4C000000,6F5F0000,FC000000,87FDFFFF,89EAFFFF,5B430000,75AA3B00000000000837B701A0C8B333929D0000120000004C0000006F5F0000FC00000087FDFFFF89EAFFFF5B430000
1786746014916,D9AA3B0000000000,0837B701,A0C8B333,929D0000,12000000,4C000000,6F5F0000,FC000000,87FDFFFF,89EAFFFF,5B430000,D9AA3B00000000000837B701A0C8B333929D0000120000004C0000006F5F0000FC00000087FDFFFF89EAFFFF5B430000
1786746014916,3DAB3B0000000000,0837B701,A0C8B333,929D0000,12000000,4C000000,6F5F0000,FC000000,87FDFFFF,89EAFFFF,5B430000,3DAB3B00000000000837B701A0C8B333929D0000120000004C0000006F5F0000FC00000087FDFFFF89EAFFFF5B430000
1786746014916,A1AB3B0000000000,0837B701,A0C8B333,929D0000,12000000,4C000000,6F5F0000,FC000000,87FDFFFF,89EAFFFF,5B430000,A1AB3B00000000000837B701A0C8B333929D0000120000004C0000006F5F0000FC00000087FDFFFF89EAFFFF5B430000
1786746014916,05AC3B0000000000,0837B701,A0C8B333,929D0000,12000000,4C000000,6F5F0000,FC000000,87FDFFFF,89EAFFFF,5B430000,05AC3B00000000000837B701A0C8B333929D0000120000004C0000006F5F0000FC00000087FDFFFF89EAFFFF5B430000
1786746014916,69AC3B0000000000,0837B701,A0C8B333,929D0000,12000000,4C000000,6F5F0000,FC000000,87FDFFFF,89EAFFFF,5B430000,69AC3B00000000000837B701A0C8B333929D0000120000004C0000006F5F0000FC00000087FDFFFF89EAFFFF5B430000
1786746014916,CDAC3B0000000000,0837B701,A0C8B333,929D0000,12000000,4C000000,6F5F0000,FC000000,87FDFFFF,89EAFFFF,5B430000,CDAC3B00000000000837B701A0C8B333929D0000120000004C0000006F5F0000FC00000087FDFFFF89EAFFFF5B430000
1786746014916,32AD3B0000000000,0837B701,A0C8B333,929D0000,12000000,4C000000,6F5F0000,FC000000,87FDFFFF,89EAFFFF,5B430000,32AD3B00000000000837B701A0C8B333929D0000120000004C0000006F5F0000FC00000087FDFFFF89EAFFFF5B430000
1786746015916,96AD3B0000000000,0837B701,A0C8B333,929D0000,12000000,4C000000,6F5F0000,FC000000,87FDFFFF,89EAFFFF,5B430000,96AD3B00000000000837B701A0C8B333929D0000120000004C0000006F5F0000FC00000087FDFFFF89EAFFFF5B430000
1786746015916,FAAD3B0000000000,0837B701,A0C8B333,929D0000,12000000,4C000000,6F5F0000,FC000000,87FDFFFF,89EAFFFF,5B430000,FAAD3B00000000000837B701A0C8B333929D0000120000004C0000006F5F0000FC00000087FDFFFF89EAFFFF5B430000
1786746015916,5EAE3B0000000000,0837B701,A0C8B333,929D0000,12000000,4C000000,6F5F0000,FC000000,87FDFFFF,89EAFFFF,5B430000,5EAE3B00000000000837B701A0C8B333929D0000120000004C0000006F5F0000FC00000087FDFFFF89EAFFFF5B430000
1786746015916,C2AE3B0000000000,0837B701,A0C8B333,929D0000,12000000,4C000000,6F5F0000,FC000000,87FDFFFF,89EAFFFF,5B430000,C2AE3B00000000000837B701A0C8B333929D0000120000004C0000006F5F0000FC00000087FDFFFF89EAFFFF5B430000
1786746015916,26AF3B0000000000,0837B701,A0C8B333,929D0000,12000000,4C000000,6F5F0000,FC000000,87FDFFFF,89EAFFFF,5B430000,26AF3B00000000000837B701A0C8B333929D0000120000004C0000006F5F0000FC00000087FDFFFF89EAFFFF5B430000
1786746015916,8AAF3B0000000000,0837B701,A0C8B333,929D0000,12000000,4C000000,6F5F0000,FC000000,87FDFFFF,89EAFFFF,5B430000,8AAF3B00000000000837B701A0C8B333929D0000120000004C0000006F5F0000FC00000087FDFFFF89EAFFFF5B430000
1786746015916,EFAF3B0000000000,0837B701,A0C8B333,929D0000,12000000,4C000000,6F5F0000,FC000000,87FDFFFF,89EAFFFF,5B430000,EFAF3B00000000000837B701A0C8B333929D0000120000004C0000006F5F0000FC00000087FDFFFF89EAFFFF5B430000
1786746015916,53B03B0000000000,0837B701,A0C8B333,929D0000,12000000,4C000000,6F5F0000,FC000000,87FDFFFF,89EAFFFF,5B430000,53B03B00000000000837B701A0C8B333929D0000120000004C0000006F5F0000FC00000087FDFFFF89EAFFFF5B430000
1786746015916,B7B03B0000000000,0837B701,A0C8B333,929D0000,12000000,4C000000,6E5F0000,FC000000,87FDFFFF,89EAFFFF,5A430000,B7B03B00000000000837B701A0C8B333929D0000120000004C0000006E5F0000FC00000087FDFFFF89EAFFFF5A430000
1786746015916,1BB13B0000000000,0837B701,A0C8B333,929D0000,12000000,4C000000,6E5F0000,FC000000,87FDFFFF,89EAFFFF,5A430000,1BB13B00000000000837B701A0C8B333929D0000120000004C0000006E5F0000FC00000087FDFFFF89EAFFFF5A430000
1786746016916,7FB13B0000000000,0837B701,A0C8B333,929D0000,12000000,4C000000,6E5F0000,FC000000,87FDFFFF,89EAFFFF,5A430000,7FB13B00000000000837B701A0C8B333929D0000120000004C0000006E5F0000FC00000087FDFFFF89EAFFFF5A430000
1786746016916,E3B13B0000000000,0837B701,A0C8B333,929D0000,12000000,4C000000,6E5F0000,FC000000,87FDFFFF,89EAFFFF,5A430000,E3B13B00000000000837B701A0C8B333929D0000120000004C0000006E5F0000FC00000087FDFFFF89EAFFFF5A430000
1786746016916,47B23B0000000000,0837B701,A0C8B333,929D0000,12000000,4C000000,6E5F0000,FC000000,87FDFFFF,89EAFFFF,5A430000,47B23B00000000000837B701A0C8B333929D0000120000004C0000006E5F0000FC00000087FDFFFF89EAFFFF5A430000
1786746016916,ACB23B0000000000,0837B701,A0C8B333,929D0000,12000000,4C000000,6E5F0000,FC000000,87FDFFFF,89EAFFFF,5A430000,ACB23B00000000000837B701A0C8B333929D0000120000004C0000006E5F0000FC00000087FDFFFF89EAFFFF5A430000
1786746016916,10B33B0000000000,0837B701,A0C8B333,929D0000,12000000,4C000000,6E5F0000,FC000000,87FDFFFF,89EAFFFF,5A430000,10B33B00000000000837B701A0C8B333929D0000120000004C0000006E5F0000FC00000087FDFFFF89EAFFFF5A430000
1786746016916,74B33B0000000000,0837B701,A0C8B333,929D0000,12000000,4C000000,6E5F0000,FC000000,87FDFFFF,89EAFFFF,5A430000,74B33B00000000000837B701A0C8B333929D0000120000004C0000006E5F0000FC00000087FDFFFF89EAFFFF5A430000
1786746016916,D8B33B0000000000,0837B701,A0C8B333,929D0000,12000000,4C000000,6E5F0000,FC000000,87FDFFFF,89EAFFFF,5A430000,D8B33B00000000000837B701A0C8B333929D0000120000004C0000006E5F0000FC00000087FDFFFF89EAFFFF5A430000
1786746016916,3CB43B0000000000,0837B701,A0C8B333,929D0000,12000000,4C000000,6E5F0000,FC000000,87FDFFFF,89EAFFFF,5A430000,3CB43B00000000000837B701A0C8B333929D0000120000004C0000006E5F0000FC00000087FDFFFF89EAFFFF5A430000
1786746016916,A0B43B0000000000,0837B701,A0C8B333,929D0000,12000000,4C000000,6E5F0000,FC000000,87FDFFFF,89EAFFFF,5A430000,A0B43B00000000000837B701A0C8B333929D0000120000004C0000006E5F0000FC00000087FDFFFF89EAFFFF5A430000
1786746016916,04B53B0000000000,0837B701,A0C8B333,929D0000,12000000,4C000000,6E5F0000,FC000000,87FDFFFF,89EAFFFF,5A430000,04B53B00000000000837B701A0C8B333929D0000120000004C0000006E5F0000FC00000087FDFFFF89EAFFFF5A430000
1786746017916,68B53B0000000000,0837B701,A0C8B333,929D0000,12000000,4C000000,6D5F0000,FC000000,87FDFFFF,89EAFFFF,59430000,68B53B00000000000837B701A0C8B333929D0000120000004C0000006D5F0000FC00000087FDFFFF89EAFFFF59430000
1786746017916,CDB53B0000000000,0837B701,A0C8B333,929D0000,12000000,4C000000,6D5F0000,FC000000,87FDFFFF,89EAFFFF,59430000,CDB53B00000000000837B701A0C8B333929D0000120000004C0000006D5F0000FC00000087FDFFFF89EAFFFF59430000
1786746017916,31B63B0000000000,0837B701,A0C8B333,929D0000,12000000,4C000000,6D5F0000,FC000000,87FDFFFF,89EAFFFF,59430000,31B63B00000000000837B701A0C8B333929D0000120000004C0000006D5F0000FC00000087FDFFFF89EAFFFF59430000
1786746017916,95B63B0000000000,0837B701,A0C8B333,929D0000,12000000,4C000000,6D5F0000,FC000000,87FDFFFF,89EAFFFF,59430000,95B63B00000000000837B701A0C8B333929D0000120000004C0000006D5F0000FC00000087FDFFFF89EAFFFF59430000
1786746017916,F9B63B0000000000,0837B701,A0C8B333,929D0000,12000000,4C000000,6D5F0000,FC000000,87FDFFFF,89EAFFFF,59430000,F9B63B00000000000837B701A0C8B333929D0000120000004C0000006D5F0000FC00000087FDFFFF89EAFFFF59430000
1786746017916,5DB73B0000000000,0837B701,A0C8B333,929D0000,12000000,4C000000,6D5F0000,FC000000,87FDFFFF,89EAFFFF,59430000,5DB73B00000000000837B701A0C8B333929D0000120000004C0000006D5F0000FC00000087FDFFFF89EAFFFF59430000
1786746017916,C1B73B0000000000,0837B701,A0C8B333,929D0000,12000000,4C000000,6D5F0000,FC000000,87FDFFFF,89EAFFFF,59430000,C1B73B00000000000837B701A0C8B333929D0000120000004C0000006D5F0000FC00000087FDFFFF89EAFFFF59430000
1786746017916,25B83B0000000000,0837B701,A0C8B333,929D0000,12000000,4C000000,6D5F0000,FC000000,87FDFFFF,89EAFFFF,59430000,25B83B00000000000837B701A0C8B333929D0000120000004C0000006D5F0000FC00000087FDFFFF89EAFFFF59430000
1786746017916,89B83B0000000000,0837B701,A0C8B333,929D0000,12000000,4C000000,6D5F0000,FC000000,87FDFFFF,89EAFFFF,59430000,89B83B00000000000837B701A0C8B333929D0000120000004C0000006D5F0000FC00000087FDFFFF89EAFFFF59430000
1786746017916,EEB83B0000000000,0837B701,A0C8B333,929D0000,12000000,4C000000,6C5F0000,FC000000,87FDFFFF,89EAFFFF,58430000,EEB83B00000000000837B701A0C8B333929D0000120000004C0000006C5F0000FC00000087FDFFFF89EAFFFF58430000
1786746018916,52B93B0000000000,0837B701,A0C8B333,929D0000,12000000,4C000000,6C5F0000,FC000000,87FDFFFF,89EAFFFF,58430000,52B93B00000000000837B701A0C8B333929D0000120000004C0000006C5F0000FC00000087FDFFFF89EAFFFF58430000
1786746018916,B6B93B0000000000,0837B701,A0C8B333,929D0000,12000000,4C000000,6C5F0000,FC000000,87FDFFFF,89EAFFFF,58430000,B6B93B00000000000837B701A0C8B333929D0000120000004C0000006C5F0000FC00000087FDFFFF89EAFFFF58430000
1786746018916,1ABA3B0000000000,0837B701,A0C8B333,929D0000,12000000,4C000000,6C5F0000,FC000000,87FDFFFF,89EAFFFF,58430000,1ABA3B00000000000837B701A0C8B333929D0000120000004C0000006C5F0000FC00000087FDFFFF89EAFFFF58430000
1786746018916,7EBA3B0000000000,0837B701,A0C8B333,929D0000,12000000,4C000000,6C5F0000,FC000000,87FDFFFF,89EAFFFF,58430000,7EBA3B00000000000837B701A0C8B333929D0000120000004C0000006C5F0000FC00000087FDFFFF89EAFFFF58430000
1786746018916,E2BA3B0000000000,0837B701,A0C8B333,929D0000,12000000,4C000000,6C5F0000,FC000000,87FDFFFF,89EAFFFF,58430000,E2BA3B00000000000837B701A0C8B333929D0000120000004C0000006C5F0000FC00000087FDFFFF89EAFFFF58430000
1786746018916,46BB3B0000000000,0837B701,A0C8B333,929D0000,12000000,4C000000,6B5F0000,FC000000,87FDFFFF,89EAFFFF,57430000,46BB3B00000000000837B701A0C8B333929D0000120000004C0000006B5F0000FC00000087FDFFFF89EAFFFF57430000
1786746018916,AABB3B0000000000,0837B701,A0C8B333,929D0000,12000000,4C000000,6B5F0000,FC000000,87FDFFFF,89EAFFFF,57430000,AABB3B00000000000837B701A0C8B333929D0000120000004C0000006B5F0000FC00000087FDFFFF89EAFFFF57430000
1786746018916,0FBC3B0000000000,0837B701,A0C8B333,929D0000,12000000,4C000000,6B5F0000,FC000000,87FDFFFF,89EAFFFF,57430000,0FBC3B00000000000837B701A0C8B333929D0000120000004C0000006B5F0000FC00000087FDFFFF89EAFFFF57430000
1786746018916,73BC3B0000000000,0837B701,A0C8B333,929D0000,12000000,4C000000,6B5F0000,FC000000,87FDFFFF,89EAFFFF,57430000,73BC3B00000000000837B701A0C8B333929D0000120000004C0000006B5F0000FC00000087FDFFFF89EAFFFF57430000
1786746018916,D7BC3B0000000000,0837B701,A0C8B333,929D0000,12000000,4C000000,6B5F0000,FC000000,87FDFFFF,89EAFFFF,57430000,D7BC3B00000000000837B701A0C8B333929D0000120000004C0000006B5F0000FC00000087FDFFFF89EAFFFF57430000
1786746019916,3BBD3B0000000000,0837B701,A0C8B333,929D0000,12000000,4C000000,6B5F0000,FC000000,87FDFFFF,89EAFFFF,57430000,3BBD3B00000000000837B701A0C8B333929D0000120000004C0000006B5F0000FC00000087FDFFFF89EAFFFF57430000
1786746019916,9FBD3B0000000000,0837B701,A0C8B333,929D0000,12000000,4C000000,6A5F0000,FC000000,87FDFFFF,89EAFFFF,56430000,9FBD3B00000000000837B701A0C8B333929D0000120000004C0000006A5F0000FC00000087FDFFFF89EAFFFF56430000
1786746019916,03BE3B0000000000,0837B701,A0C8B333,929D0000,12000000,4C000000,6A5F0000,FC000000,87FDFFFF,89EAFFFF,56430000,03BE3B00000000000837B701A0C8B333929D0000120000004C0000006A5F0000FC00000087FDFFFF89EAFFFF56430000
1786746019916,67BE3B0000000000,0837B701,A0C8B333,929D0000,12000000,4C000000,695F0000,FC000000,87FDFFFF,89EAFFFF,55430000,67BE3B00000000000837B701A0C8B333929D0000120000004C000000695F0000FC00000087FDFFFF89EAFFFF55430000
1786746019916,CBBE3B0000000000,0837B701,A0C8B333,929D0000,12000000,4C000000,695F0000,FC000000,87FDFFFF,89EAFFFF,55430000,CBBE3B00000000000837B701A0C8B333929D0000120000004C000000695F0000FC00000087FDFFFF89EAFFFF55430000
1786746019916,30BF3B0000000000,0837B701,A0C8B333,929D0000,12000000,4C000000,695F0000,FC000000,87FDFFFF,89EAFFFF,55430000,30BF3B00000000000837B701A0C8B333929D0000120000004C000000695F0000FC00000087FDFFFF89EAFFFF55430000
1786746019916,94BF3B0000000000,0837B701,A0C8B333,929D0000,12000000,4C000000,695F0000,FC000000,87FDFFFF,89EAFFFF,55430000,94BF3B00000000000837B701A0C8B333929D0000120000004C000000695F0000FC00000087FDFFFF89EAFFFF55430000
1786746019916,F8BF3B0000000000,0837B701,A0C8B333,929D0000,12000000,4C000000,5B5F0000,FC000000,87FDFFFF,89EAFFFF,47430000,F8BF3B00000000000837B701A0C8B333929D0000120000004C0000005B5F0000FC00000087FDFFFF89EAFFFF47430000
1786746019916,5CC03B0000000000,0837B701,A0C8B333,929D0000,12000000,4C000000,5B5F0000,FC000000,87FDFFFF,89EAFFFF,47430000,5CC03B00000000000837B701A0C8B333929D0000120000004C0000005B5F0000FC00000087FDFFFF89EAFFFF47430000
1786746019916,C0C03B0000000000,0837B701,A0C8B333,929D0000,12000000,4C000000,5B5F0000,FC000000,87FDFFFF,89EAFFFF,47430000,C0C03B00000000000837B701A0C8B333929D0000120000004C0000005B5F0000FC00000087FDFFFF89EAFFFF47430000
1786746020916,24C13B0000000000,0837B701,A0C8B333,929D0000,12000000,4C000000,5B5F0000,FC000000,87FDFFFF,89EAFFFF,47430000,24C13B00000000000837B701A0C8B333929D0000120000004C0000005B5F0000FC00000087FDFFFF89EAFFFF47430000
1786746020916,88C13B0000000000,0837B701,A0C8B333,929D0000,12000000,4C000000,5B5F0000,FC000000,87FDFFFF,89EAFFFF,47430000,88C13B00000000000837B701A0C8B333929D0000120000004C0000005B5F0000FC00000087FDFFFF89EAFFFF47430000
1786746020916,EDC13B0000000000,0837B701,A0C8B333,929D0000,12000000,4C000000,5B5F0000,FC000000,87FDFFFF,89EAFFFF,47430000,EDC13B00000000000837B701A0C8B333929D0000120000004C0000005B5F0000FC00000087FDFFFF89EAFFFF47430000
1786746020916,51C23B0000000000,0837B701,A0C8B333,929D0000,12000000,4C000000,5B5F0000,FC000000,87FDFFFF,89EAFFFF,47430000,51C23B00000000000837B701A0C8B333929D0000120000004C0000005B5F0000FC00000087FDFFFF89EAFFFF47430000
1786746020916,B5C23B0000000000,0837B701,A0C8B333,929D0000,12000000,4C000000,5B5F0000,FC000000,87FDFFFF,89EAFFFF,47430000,B5C23B00000000000837B701A0C8B333929D0000120000004C0000005B5F0000FC00000087FDFFFF89EAFFFF47430000
1786746020916,19C33B0000000000,0837B701,A0C8B333,929D0000,12000000,4C000000,5B5F0000,FC000000,87FDFFFF,89EAFFFF,47430000,19C33B00000000000837B701A0C8B333929D0000120000004C0000005B5F0000FC00000087FDFFFF89EAFFFF47430000
1786746020916,7DC33B0000000000,0837B701,A0C8B333,929D0000,12000000,4C000000,5B5F0000,FC000000,87FDFFFF,89EAFFFF,47430000,7DC33B00000000000837B701A0C8B333929D0000120000004C0000005B5F0000FC00000087FDFFFF89EAFFFF47430000
1786746020916,E1C33B0000000000,0837B701,A0C8B333,929D0000,12000000,4C000000,5B5F0000,FC000000,87FDFFFF,89EAFFFF,47430000,E1C33B00000000000837B701A0C8B333929D0000120000004C0000005B5F0000FC00000087FDFFFF89EAFFFF47430000
1786746020916,46C43B0000000000,0837B701,A0C8B333,929D0000,12000000,4C000000,5B5F0000,FC000000,87FDFFFF,89EAFFFF,47430000,46C43B00000000000837B701A0C8B333929D0000120000004C0000005B5F0000FC00000087FDFFFF89EAFFFF47430000
1786746020916,AAC43B0000000000,0837B701,A0C8B333,929D0000,12000000,4C000000,5B5F0000,FC000000,87FDFFFF,89EAFFFF,47430000,AAC43B00000000000837B701A0C8B333929D0000120000004C0000005B5F0000FC00000087FDFFFF89EAFFFF47430000
1786746021916,0EC53B0000000000,0837B701,A0C8B333,929D0000,12000000,4C000000,5B5F0000,FC000000,87FDFFFF,89EAFFFF,47430000,0EC53B00000000000837B701A0C8B333929D0000120000004C0000005B5F0000FC00000087FDFFFF89EAFFFF47430000
1786746021916,72C53B0000000000,0837B701,A0C8B333,929D0000,12000000,4C000000,5B5F0000,FC000000,87FDFFFF,89EAFFFF,47430000,72C53B00000000000837B701A0C8B333929D0000120000004C0000005B5F0000FC00000087FDFFFF89EAFFFF47430000
1786746021916,D6C53B0000000000,0837B701,A0C8B333,929D0000,12000000,4C000000,5B5F0000,FC000000,87FDFFFF,89EAFFFF,47430000,D6C53B00000000000837B701A0C8B333929D0000120000004C0000005B5F0000FC00000087FDFFFF89EAFFFF47430000
1786746021916,3AC63B0000000000,0837B701,A0C8B333,929D0000,12000000,4C000000,5B5F0000,FC000000,87FDFFFF,89EAFFFF,47430000,3AC63B00000000000837B701A0C8B333929D0000120000004C0000005B5F0000FC00000087FDFFFF89EAFFFF47430000
1786746021916,9EC63B0000000000,0837B701,A0C8B333,929D0000,12000000,4C000000,5A5F0000,FC000000,87FDFFFF,89EAFFFF,46430000,9EC63B00000000000837B701A0C8B333929D0000120000004C0000005A5F0000FC00000087FDFFFF89EAFFFF46430000
1786746021916,02C73B0000000000,0837B701,A0C8B333,929D0000,12000000,4C000000,5B5F0000,FC000000,87FDFFFF,89EAFFFF,47430000,02C73B00000000000837B701A0C8B333929D0000120000004C0000005B5F0000FC00000087FDFFFF89EAFFFF47430000
1786746021916,67C73B0000000000,0837B701,A0C8B333,929D0000,12000000,4C000000,5B5F0000,FC000000,87FDFFFF,89EAFFFF,47430000,67C73B00000000000837B701A0C8B333929D0000120000004C0000005B5F0000FC00000087FDFFFF89EAFFFF47430000
1786746021916,CBC73B0000000000,0837B701,A0C8B333,929D0000,12000000,4C000000,5B5F0000,FC000000,87FDFFFF,89EAFFFF,47430000,CBC73B00000000000837B701A0C8B333929D0000120000004C0000005B5F0000FC00000087FDFFFF89EAFFFF47430000
1786746021916,2FC83B0000000000,0837B701,A0C8B333,929D0000,12000000,4C000000,5B5F0000,FC000000,87FDFFFF,89EAFFFF,47430000,2FC83B00000000000837B701A0C8B333929D0000120000004C0000005B5F0000FC00000087FDFFFF89EAFFFF47430000
1786746021916,93C83B0000000000,0837B701,A0C8B333,929D0000,12000000,4C000000,5B5F0000,FC000000,87FDFFFF,89EAFFFF,47430000,93C83B00000000000837B701A0C8B333929D0000120000004C0000005B5F0000FC00000087FDFFFF89EAFFFF47430000
1786746022916,F7C83B0000000000,0837B701,A0C8B333,929D0000,12000000,4C000000,5B5F0000,FC000000,87FDFFFF,89EAFFFF,47430000,F7C83B00000000000837B701A0C8B333929D0000120000004C0000005B5F0000FC00000087FDFFFF89EAFFFF47430000
1786746022916,5BC93B0000000000,0837B701,A0C8B333,929D0000,12000000,4C000000,5B5F0000,FC000000,87FDFFFF,89EAFFFF,47430000,5BC93B00000000000837B701A0C8B333929D0000120000004C0000005B5F0000FC00000087FDFFFF89EAFFFF47430000
1786746022916,BFC93B0000000000,0837B701,A0C8B333,929D0000,12000000,4C000000,5B5F0000,FC000000,87FDFFFF,89EAFFFF,47430000,BFC93B00000000000837B701A0C8B333929D0000120000004C0000005B5F0000FC00000087FDFFFF89EAFFFF47430000
1786746022916,23CA3B0000000000,0837B701,A0C8B333,929D0000,12000000,4C000000,5B5F0000,FC000000,87FDFFFF,89EAFFFF,47430000,23CA3B00000000000837B701A0C8B333929D0000120000004C0000005B5F0000FC00000087FDFFFF89EAFFFF47430000
1786746022916,88CA3B0000000000,0837B701,A0C8B333,929D0000,12000000,4C000000,5B5F0000,FC000000,87FDFFFF,89EAFFFF,47430000,88CA3B00000000000837B701A0C8B333929D0000120000004C0000005B5F0000FC00000087FDFFFF89EAFFFF47430000
1786746022916,ECCA3B0000000000,0837B701,A0C8B333,929D0000,12000000,4C000000,5B5F0000,FC000000,87FDFFFF,89EAFFFF,47430000,ECCA3B00000000000837B701A0C8B333929D0000120000004C0000005B5F0000FC00000087FDFFFF89EAFFFF47430000
1786746022916,50CB3B0000000000,0837B701,A0C8B333,929D0000,12000000,4C000000,5B5F0000,FC000000,87FDFFFF,89EAFFFF,47430000,50CB3B00000000000837B701A0C8B333929D0000120000004C0000005B5F0000FC00000087FDFFFF89EAFFFF47430000
1786746022916,B4CB3B0000000000,0837B701,A0C8B333,929D0000,12000000,4C000000,5B5F0000,FC000000,87FDFFFF,89EAFFFF,47430000,B4CB3B00000000000837B701A0C8B333929D0000120000004C0000005B5F0000FC00000087FDFFFF89EAFFFF47430000
1786746022916,18CC3B0000000000,0837B701,A0C8B333,929D0000,12000000,4C000000,5B5F0000,FC000000,87FDFFFF,89EAFFFF,47430000,18CC3B00000000000837B701A0C8B333929D0000120000004C0000005B5F0000FC00000087FDFFFF89EAFFFF47430000
1786746022916,7CCC3B0000000000,0837B701,A0C8B333,929D0000,12000000,4C000000,5B5F0000,FC000000,87FDFFFF,89EAFFFF,47430000,7CCC3B00000000000837B701A0C8B333929D0000120000004C0000005B5F0000FC00000087FDFFFF89EAFFFF47430000
1786746023917,E0CC3B0000000000,0837B701,A0C8B333,929D0000,12000000,4C000000,5B5F0000,FC000000,87FDFFFF,89EAFFFF,47430000,E0CC3B00000000000837B701A0C8B333929D0000120000004C0000005B5F0000FC00000087FDFFFF89EAFFFF47430000
1786746023917,44CD3B0000000000,0837B701,A0C8B333,929D0000,12000000,4C000000,5B5F0000,FC000000,87FDFFFF,89EAFFFF,47430000,44CD3B00000000000837B701A0C8B333929D0000120000004C0000005B5F0000FC00000087FDFFFF89EAFFFF47430000
1786746023917,A8CD3B0000000000,0837B701,A0C8B333,929D0000,12000000,4C000000,5A5F0000,FC000000,87FDFFFF,89EAFFFF,46430000,A8CD3B00000000000837B701A0C8B333929D0000120000004C0000005A5F0000FC00000087FDFFFF89EAFFFF46430000
1786746023917,0DCE3B0000000000,0837B701,A0C8B333,929D0000,12000000,4C000000,5A5F0000,FC000000,87FDFFFF,89EAFFFF,46430000,0DCE3B00000000000837B701A0C8B333929D0000120000004C0000005A5F0000FC00000087FDFFFF89EAFFFF46430000
1786746023917,71CE3B0000000000,0837B701,A0C8B333,929D0000,12000000,4C000000,5A5F0000,FC000000,87FDFFFF,89EAFFFF,46430000,71CE3B00000000000837B701A0C8B333929D0000120000004C0000005A5F0000FC00000087FDFFFF89EAFFFF46430000
1786746023917,D5CE3B0000000000,0837B701,A0C8B333,929D0000,12000000,4C000000,5A5F0000,FC000000,87FDFFFF,89EAFFFF,46430000,D5CE3B00000000000837B701A0C8B333929D0000120000004C0000005A5F0000FC00000087FDFFFF89EAFFFF46430000
1786746023917,39CF3B0000000000,0837B701,A0C8B333,929D0000,12000000,4C000000,5A5F0000,FC000000,87FDFFFF,89EAFFFF,46430000,39CF3B00000000000837B701A0C8B333929D0000120000004C0000005A5F0000FC00000087FDFFFF89EAFFFF46430000
1786746023917,9DCF3B0000000000,0837B701,A0C8B333,929D0000,12000000,4C000000,5A5F0000,FC000000,87FDFFFF,89EAFFFF,46430000,9DCF3B00000000000837B701A0C8B333929D0000120000004C0000005A5F0000FC00000087FDFFFF89EAFFFF46430000
1786746023917,01D03B0000000000,0837B701,A0C8B333,929D0000,12000000,4C000000,5A5F0000,FC000000,87FDFFFF,89EAFFFF,46430000,01D03B00000000000837B701A0C8B333929D0000120000004C0000005A5F0000FC00000087FDFFFF89EAFFFF46430000
1786746023917,65D03B0000000000,0837B701,A0C8B333,929D0000,12000000,4C000000,5B5F0000,FC000000,87FDFFFF,89EAFFFF,47430000,65D03B00000000000837B701A0C8B333929D0000120000004C0000005B5F0000FC00000087FDFFFF89EAFFFF47430000
1786746024916,CAD03B0000000000,0837B701,A0C8B333,929D0000,12000000,4C000000,5B5F0000,FC000000,87FDFFFF,89EAFFFF,47430000,CAD03B00000000000837B701A0C8B333929D0000120000004C0000005B5F0000FC00000087FDFFFF89EAFFFF47430000
1786746024916,2ED13B0000000000,0837B701,A0C8B333,929D0000,12000000,4C000000,5A5F0000,FC000000,87FDFFFF,89EAFFFF,46430000,2ED13B00000000000837B701A0C8B333929D0000120000004C0000005A5F0000FC00000087FDFFFF89EAFFFF46430000
1786746024916,92D13B0000000000,0837B701,A0C8B333,929D0000,12000000,4C000000,5A5F0000,FC000000,87FDFFFF,89EAFFFF,46430000,92D13B00000000000837B701A0C8B333929D0000120000004C0000005A5F0000FC00000087FDFFFF89EAFFFF46430000
1786746024916,F6D13B0000000000,0837B701,A0C8B333,929D0000,12000000,4C000000,5A5F0000,FC000000,87FDFFFF,89EAFFFF,46430000,F6D13B00000000000837B701A0C8B333929D0000120000004C0000005A5F0000FC00000087FDFFFF89EAFFFF46430000
1786746024916,5AD23B0000000000,0837B701,A0C8B333,929D0000,12000000,4C000000,5A5F0000,FC000000,87FDFFFF,89EAFFFF,46430000,5AD23B00000000000837B701A0C8B333929D0000120000004C0000005A5F0000FC00000087FDFFFF89EAFFFF46430000
1786746024916,BED23B0000000000,0837B701,A0C8B333,929D0000,12000000,4C000000,5A5F0000,FC000000,87FDFFFF,89EAFFFF,46430000,BED23B00000000000837B701A0C8B333929D0000120000004C0000005A5F0000FC00000087FDFFFF89EAFFFF46430000
1786746024916,22D33B0000000000,0837B701,A0C8B333,929D0000,12000000,4C000000,5A5F0000,FC000000,87FDFFFF,89EAFFFF,46430000,22D33B00000000000837B701A0C8B333929D0000120000004C0000005A5F0000FC00000087FDFFFF89EAFFFF46430000
1786746024916,87D33B0000000000,0837B701,A0C8B333,929D0000,12000000,4C000000,5A5F0000,FC000000,87FDFFFF,89EAFFFF,46430000,87D33B00000000000837B701A0C8B333929D0000120000004C0000005A5F0000FC00000087FDFFFF89EAFFFF46430000
1786746024916,EBD33B0000000000,0837B701,A0C8B333,929D0000,12000000,4C000000,5A5F0000,FC000000,87FDFFFF,89EAFFFF,46430000,EBD33B00000000000837B701A0C8B333929D0000120000004C0000005A5F0000FC00000087FDFFFF89EAFFFF46430000
1786746024916,4FD43B0000000000,0837B701,A0C8B333,929D0000,12000000,4C000000,5A5F0000,FC000000,87FDFFFF,89EAFFFF,46430000,4FD43B00000000000837B701A0C8B333929D0000120000004C0000005A5F0000FC00000087FDFFFF89EAFFFF46430000
1786746025916,B3D43B0000000000,0837B701,A0C8B333,929D0000,12000000,4C000000,5A5F0000,FC000000,87FDFFFF,89EAFFFF,46430000,B3D43B00000000000837B701A0C8B333929D0000120000004C0000005A5F0000FC00000087FDFFFF89EAFFFF46430000
1786746025916,17D53B0000000000,0837B701,A0C8B333,929D0000,12000000,4C000000,5B5F0000,FC000000,87FDFFFF,89EAFFFF,47430000,17D53B00000000000837B701A0C8B333929D0000120000004C0000005B5F0000FC00000087FDFFFF89EAFFFF47430000
1786746025916,7BD53B0000000000,0837B701,A0C8B333,929D0000,12000000,4C000000,5B5F0000,FC000000,87FDFFFF,89EAFFFF,47430000,7BD53B00000000000837B701A0C8B333929D0000120000004C0000005B5F0000FC00000087FDFFFF89EAFFFF47430000
1786746025916,DFD53B0000000000,0837B701,A0C8B333,929D0000,12000000,4C000000,5B5F0000,FC000000,87FDFFFF,89EAFFFF,47430000,DFD53B00000000000837B701A0C8B333929D0000120000004C0000005B5F0000FC00000087FDFFFF89EAFFFF47430000
1786746025916,43D63B0000000000,0837B701,A0C8B333,929D0000,12000000,4C000000,5B5F0000,FC000000,87FDFFFF,89EAFFFF,47430000,43D63B00000000000837B701A0C8B333929D0000120000004C0000005B5F0000FC00000087FDFFFF89EAFFFF47430000
1786746025916,A8D63B0000000000,0837B701,A0C8B333,929D0000,12000000,4C000000,5B5F0000,FC000000,87FDFFFF,89EAFFFF,47430000,A8D63B00000000000837B701A0C8B333929D0000120000004C0000005B5F0000FC00000087FDFFFF89EAFFFF47430000
1786746025916,0CD73B0000000000,0837B701,A0C8B333,929D0000,12000000,4C000000,5A5F0000,FC000000,87FDFFFF,89EAFFFF,46430000,0CD73B00000000000837B701A0C8B333929D0000120000004C0000005A5F0000FC00000087FDFFFF89EAFFFF46430000
1786746025916,70D73B0000000000,0837B701,A0C8B333,929D0000,12000000,4C000000,5B5F0000,FC000000,87FDFFFF,89EAFFFF,47430000,70D73B00000000000837B701A0C8B333929D0000120000004C0000005B5F0000FC00000087FDFFFF89EAFFFF47430000
1786746025916,D4D73B0000000000,0837B701,A0C8B333,929D0000,12000000,4C000000,5A5F0000,FC000000,87FDFFFF,89EAFFFF,46430000,D4D73B00000000000837B701A0C8B333929D0000120000004C0000005A5F0000FC00000087FDFFFF89EAFFFF46430000
1786746025916,38D83B0000000000,0837B701,A0C8B333,929D0000,12000000,4C000000,5A5F0000,FC000000,87FDFFFF,89EAFFFF,46430000,38D83B00000000000837B701A0C8B333929D0000120000004C0000005A5F0000FC00000087FDFFFF89EAFFFF46430000
1786746026916,9CD83B0000000000,0837B701,A0C8B333,929D0000,12000000,4C000000,5B5F0000,FC000000,87FDFFFF,89EAFFFF,47430000,9CD83B00000000000837B701A0C8B333929D0000120000004C0000005B5F0000FC00000087FDFFFF89EAFFFF47430000
1786746026916,00D93B0000000000,0837B701,A0C8B333,929D0000,12000000,4C000000,5A5F0000,FC000000,87FDFFFF,89EAFFFF,46430000,00D93B00000000000837B701A0C8B333929D0000120000004C0000005A5F0000FC00000087FDFFFF89EAFFFF46430000
1786746026916,64D93B0000000000,0837B701,A0C8B333,929D0000,12000000,4C000000,5A5F0000,FC000000,87FDFFFF,89EAFFFF,46430000,64D93B00000000000837B701A0C8B333929D0000120000004C0000005A5F0000FC00000087FDFFFF89EAFFFF46430000
1786746026916,C9D93B0000000000,0837B701,A0C8B333,929D0000,12000000,4C000000,5B5F0000,FC000000,87FDFFFF,89EAFFFF,47430000,C9D93B00000000000837B701A0C8B333929D0000120000004C0000005B5F0000FC00000087FDFFFF89EAFFFF47430000
1786746026916,2DDA3B0000000000,0837B701,A0C8B333,929D0000,12000000,4C000000,5A5F0000,FC000000,87FDFFFF,89EAFFFF,46430000,2DDA3B00000000000837B701A0C8B333929D0000120000004C0000005A5F0000FC00000087FDFFFF89EAFFFF46430000
1786746026916,92DA3B0000000000,0837B701,A0C8B333,929D0000,12000000,4C000000,5B5F0000,FC000000,87FDFFFF,89EAFFFF,47430000,92DA3B00000000000837B701A0C8B333929D0000120000004C0000005B5F0000FC00000087FDFFFF89EAFFFF47430000
1786746026916,F5DA3B0000000000,0837B701,A0C8B333,929D0000,12000000,4C000000,5B5F0000,FC000000,87FDFFFF,89EAFFFF,47430000,F5DA3B00000000000837B701A0C8B333929D0000120000004C0000005B5F0000FC00000087FDFFFF89EAFFFF47430000
1786746026916,59DB3B0000000000,0837B701,A0C8B333,929D0000,12000000,4C000000,5B5F0000,FC000000,87FDFFFF,89EAFFFF,47430000,59DB3B00000000000837B701A0C8B333929D0000120000004C0000005B5F0000FC00000087FDFFFF89EAFFFF47430000
1786746026916,BDDB3B0000000000,0837B701,A0C8B333,929D0000,12000000,4C000000,5B5F0000,FC000000,87FDFFFF,89EAFFFF,47430000,BDDB3B00000000000837B701A0C8B333929D0000120000004C0000005B5F0000FC00000087FDFFFF89EAFFFF47430000
1786746026916,21DC3B0000000000,0837B701,A0C8B333,929D0000,12000000,4C000000,5B5F0000,FC000000,87FDFFFF,89EAFFFF,47430000,21DC3B00000000000837B701A0C8B333929D0000120000004C0000005B5F0000FC00000087FDFFFF89EAFFFF47430000
1786746027916,85DC3B0000000000,0837B701,A0C8B333,929D0000,12000000,4C000000,5A5F0000,FC000000,87FDFFFF,89EAFFFF,46430000,85DC3B00000000000837B701A0C8B333929D0000120000004C0000005A5F0000FC00000087FDFFFF89EAFFFF46430000
1786746027916,EADC3B0000000000,0837B701,A0C8B333,929D0000,12000000,4C000000,5B5F0000,FC000000,87FDFFFF,89EAFFFF,47430000,EADC3B00000000000837B701A0C8B333929D0000120000004C0000005B5F0000FC00000087FDFFFF89EAFFFF47430000
1786746027916,4EDD3B0000000000,0837B701,A0C8B333,929D0000,12000000,4C000000,5A5F0000,FC000000,87FDFFFF,89EAFFFF,46430000,4EDD3B00000000000837B701A0C8B333929D0000120000004C0000005A5F0000FC00000087FDFFFF89EAFFFF46430000
1786746027916,B2DD3B0000000000,0837B701,A0C8B333,929D0000,12000000,4C000000,5A5F0000,FC000000,87FDFFFF,89EAFFFF,46430000,B2DD3B00000000000837B701A0C8B333929D0000120000004C0000005A5F0000FC00000087FDFFFF89EAFFFF46430000
1786746027916,16DE3B0000000000,0837B701,A0C8B333,929D0000,12000000,4C000000,5A5F0000,FC000000,87FDFFFF,89EAFFFF,46430000,16DE3B00000000000837B701A0C8B333929D0000120000004C0000005A5F0000FC00000087FDFFFF89EAFFFF46430000
1786746027916,7CDE3B0000000000,0837B701,A0C8B333,929D0000,12000000,4C000000,5A5F0000,FC000000,87FDFFFF,89EAFFFF,46430000,7CDE3B00000000000837B701A0C8B333929D0000120000004C0000005A5F0000FC00000087FDFFFF89EAFFFF46430000
1786746027916,DEDE3B0000000000,0837B701,A0C8B333,929D0000,12000000,4C000000,5A5F0000,FC000000,87FDFFFF,89EAFFFF,46430000,DEDE3B00000000000837B701A0C8B333929D0000120000004C0000005A5F0000FC00000087FDFFFF89EAFFFF46430000
1786746027916,42DF3B0000000000,0837B701,A0C8B333,929D0000,12000000,4C000000,5B5F0000,FC000000,87FDFFFF,89EAFFFF,47430000,42DF3B00000000000837B701A0C8B333929D0000120000004C0000005B5F0000FC00000087FDFFFF89EAFFFF47430000
1786746027916,A7DF3B0000000000,0837B701,A0C8B333,929D0000,12000000,4C000000,5B5F0000,FC000000,87FDFFFF,89EAFFFF,47430000,A7DF3B00000000000837B701A0C8B333929D0000120000004C0000005B5F0000FC00000087FDFFFF89EAFFFF47430000
1786746027916,0BE03B0000000000,0837B701,A0C8B333,929D0000,12000000,4C000000,5B5F0000,FC000000,87FDFFFF,89EAFFFF,47430000,0BE03B00000000000837B701A0C8B333929D0000120000004C0000005B5F0000FC00000087FDFFFF89EAFFFF47430000
1786746028916,70E03B0000000000,0837B701,A0C8B333,929D0000,12000000,4C000000,5B5F0000,FC000000,87FDFFFF,89EAFFFF,47430000,70E03B00000000000837B701A0C8B333929D0000120000004C0000005B5F0000FC00000087FDFFFF89EAFFFF47430000
1786746028916,D4E03B0000000000,0837B701,A0C8B333,929D0000,12000000,4C000000,5A5F0000,FC000000,87FDFFFF,89EAFFFF,46430000,D4E03B00000000000837B701A0C8B333929D0000120000004C0000005A5F0000FC00000087FDFFFF89EAFFFF46430000
1786746028916,37E13B0000000000,0837B701,A0C8B333,929D0000,12000000,4C000000,5A5F0000,FC000000,87FDFFFF,89EAFFFF,46430000,37E13B00000000000837B701A0C8B333929D0000120000004C0000005A5F0000FC00000087FDFFFF89EAFFFF46430000
1786746028916,9BE13B0000000000,0837B701,A0C8B333,929D0000,12000000,4C000000,5B5F0000,FC000000,87FDFFFF,89EAFFFF,47430000,9BE13B00000000000837B701A0C8B333929D0000120000004C0000005B5F0000FC00000087FDFFFF89EAFFFF47430000
1786746028916,00E23B0000000000,0837B701,A0C8B333,929D0000,12000000,4C000000,5B5F0000,FC000000,87FDFFFF,89EAFFFF,47430000,00E23B00000000000837B701A0C8B333929D0000120000004C0000005B5F0000FC00000087FDFFFF89EAFFFF47430000
1786746028916,63E23B0000000000,0837B701,A0C8B333,929D0000,12000000,4C000000,5B5F0000,FC000000,87FDFFFF,89EAFFFF,47430000,63E23B00000000000837B701A0C8B333929D0000120000004C0000005B5F0000FC00000087FDFFFF89EAFFFF47430000
1786746028916,C8E23B0000000000,0837B701,A0C8B333,929D0000,12000000,4C000000,5B5F0000,FC000000,87FDFFFF,89EAFFFF,47430000,C8E23B00000000000837B701A0C8B333929D0000120000004C0000005B5F0000FC00000087FDFFFF89EAFFFF47430000
1786746028916,2CE33B0000000000,0837B701,A0C8B333,929D0000,12000000,4C000000,5B5F0000,FC000000,87FDFFFF,89EAFFFF,47430000,2CE33B00000000000837B701A0C8B333929D0000120000004C0000005B5F0000FC00000087FDFFFF89EAFFFF47430000
1786746028916,90E33B0000000000,0837B701,A0C8B333,929D0000,12000000,4C000000,5B5F0000,FC000000,87FDFFFF,89EAFFFF,47430000,90E33B00000000000837B701A0C8B333929D0000120000004C0000005B5F0000FC00000087FDFFFF89EAFFFF47430000
1786746028916,F4E33B0000000000,0837B701,A0C8B333,929D0000,12000000,4C000000,5B5F0000,FC000000,87FDFFFF,89EAFFFF,47430000,F4E33B00000000000837B701A0C8B333929D0000120000004C0000005B5F0000FC00000087FDFFFF89EAFFFF47430000
1786746029916,58E43B0000000000,0837B701,A0C8B333,929D0000,12000000,4C000000,5B5F0000,FC000000,87FDFFFF,89EAFFFF,47430000,58E43B00000000000837B701A0C8B333929D0000120000004C0000005B5F0000FC00000087FDFFFF89EAFFFF47430000
1786746029916,BCE43B0000000000,0837B701,A0C8B333,929D0000,12000000,4C000000,5B5F0000,FC000000,87FDFFFF,89EAFFFF,47430000,BCE43B00000000000837B701A0C8B333929D0000120000004C0000005B5F0000FC00000087FDFFFF89EAFFFF47430000
1786746029916,21E53B0000000000,0837B701,A0C8B333,929D0000,12000000,4C000000,5B5F0000,FC000000,87FDFFFF,89EAFFFF,47430000,21E53B00000000000837B701A0C8B333929D0000120000004C0000005B5F0000FC00000087FDFFFF89EAFFFF47430000
1786746029916,85E53B0000000000,0837B701,A0C8B333,929D0000,12000000,4C000000,5B5F0000,FC000000,87FDFFFF,89EAFFFF,47430000,85E53B00000000000837B701A0C8B333929D0000120000004C0000005B5F0000FC00000087FDFFFF89EAFFFF47430000
1786746029916,E9E53B0000000000,0837B701,A0C8B333,929D0000,12000000,4C000000,5B5F0000,FC000000,87FDFFFF,89EAFFFF,47430000,E9E53B00000000000837B701A0C8B333929D0000120000004C0000005B5F0000FC00000087FDFFFF89EAFFFF47430000
1786746029916,4DE63B0000000000,0837B701,A0C8B333,929D0000,12000000,4C000000,5B5F0000,FC000000,87FDFFFF,89EAFFFF,47430000,4DE63B00000000000837B701A0C8B333929D0000120000004C0000005B5F0000FC00000087FDFFFF89EAFFFF47430000
1786746029916,B1E63B0000000000,0837B701,A0C8B333,929D0000,12000000,4C000000,5B5F0000,FC000000,87FDFFFF,89EAFFFF,47430000,B1E63B00000000000837B701A0C8B333929D0000120000004C0000005B5F0000FC00000087FDFFFF89EAFFFF47430000
1786746029916,15E73B0000000000,0837B701,A0C8B333,929D0000,12000000,4C000000,5B5F0000,FC000000,87FDFFFF,89EAFFFF,47430000,15E73B00000000000837B701A0C8B333929D0000120000004C0000005B5F0000FC00000087FDFFFF89EAFFFF47430000
1786746029916,79E73B0000000000,0837B701,A0C8B333,929D0000,12000000,4C000000,5B5F0000,FC000000,87FDFFFF,89EAFFFF,47430000,79E73B00000000000837B701A0C8B333929D0000120000004C0000005B5F0000FC00000087FDFFFF89EAFFFF47430000
1786746029916,DDE73B0000000000,0837B701,A0C8B333,929D0000,12000000,4C000000,5B5F0000,FC000000,87FDFFFF,89EAFFFF,47430000,DDE73B00000000000837B701A0C8B333929D0000120000004C0000005B5F0000FC00000087FDFFFF89EAFFFF47430000
1786746030917,42E83B0000000000,0837B701,A0C8B333,929D0000,12000000,4C000000,5B5F0000,FC000000,87FDFFFF,89EAFFFF,47430000,42E83B00000000000837B701A0C8B333929D0000120000004C0000005B5F0000FC00000087FDFFFF89EAFFFF47430000
1786746030917,A6E83B0000000000,0837B701,A0C8B333,929D0000,12000000,4C000000,5B5F0000,FC000000,87FDFFFF,89EAFFFF,47430000,A6E83B00000000000837B701A0C8B333929D0000120000004C0000005B5F0000FC00000087FDFFFF89EAFFFF47430000
1786746030917,0AE93B0000000000,0837B701,A0C8B333,929D0000,12000000,4C000000,5B5F0000,FC000000,87FDFFFF,89EAFFFF,47430000,0AE93B00000000000837B701A0C8B333929D0000120000004C0000005B5F0000FC00000087FDFFFF89EAFFFF47430000
1786746030917,6EE93B0000000000,0837B701,A0C8B333,929D0000,12000000,4C000000,5B5F0000,FC000000,87FDFFFF,89EAFFFF,47430000,6EE93B00000000000837B701A0C8B333929D0000120000004C0000005B5F0000FC00000087FDFFFF89EAFFFF47430000
1786746030917,D2E93B0000000000,0837B701,A0C8B333,929D0000,12000000,4C000000,5B5F0000,FC000000,87FDFFFF,89EAFFFF,47430000,D2E93B00000000000837B701A0C8B333929D0000120000004C0000005B5F0000FC00000087FDFFFF89EAFFFF47430000
1786746030917,36EA3B0000000000,0837B701,A0C8B333,929D0000,12000000,4C000000,5B5F0000,FC000000,87FDFFFF,89EAFFFF,47430000,36EA3B00000000000837B701A0C8B333929D0000120000004C0000005B5F0000FC00000087FDFFFF89EAFFFF47430000
1786746030917,9AEA3B0000000000,0837B701,A0C8B333,929D0000,12000000,4C000000,5B5F0000,FC000000,87FDFFFF,89EAFFFF,47430000,9AEA3B00000000000837B701A0C8B333929D0000120000004C0000005B5F0000FC00000087FDFFFF89EAFFFF47430000
1786746030917,FEEA3B0000000000,0837B701,A0C8B333,929D0000,12000000,4C000000,5B5F0000,FC000000,87FDFFFF,89EAFFFF,47430000,FEEA3B00000000000837B701A0C8B333929D0000120000004C0000005B5F0000FC00000087FDFFFF89EAFFFF47430000
1786746030917,63EB3B0000000000,0837B701,A0C8B333,929D0000,12000000,4C000000,5B5F0000,FC000000,87FDFFFF,89EAFFFF,47430000,63EB3B00000000000837B701A0C8B333929D0000120000004C0000005B5F0000FC00000087FDFFFF89EAFFFF47430000
1786746030917,C7EB3B0000000000,0837B701,A0C8B333,929D0000,12000000,4C000000,5B5F0000,FC000000,87FDFFFF,89EAFFFF,47430000,C7EB3B00000000000837B701A0C8B333929D0000120000004C0000005B5F0000FC00000087FDFFFF89EAFFFF47430000
1786746031916,2CEC3B0000000000,0837B701,A0C8B333,929D0000,12000000,4C000000,5B5F0000,FC000000,87FDFFFF,89EAFFFF,47430000,2CEC3B00000000000837B701A0C8B333929D0000120000004C0000005B5F0000FC00000087FDFFFF89EAFFFF47430000
1786746031916,8FEC3B0000000000,0837B701,A0C8B333,929D0000,12000000,4C000000,5C5F0000,FC000000,87FDFFFF,89EAFFFF,48430000,8FEC3B00000000000837B701A0C8B333929D0000120000004C0000005C5F0000FC00000087FDFFFF89EAFFFF48430000
1786746031916,F3EC3B0000000000,0837B701,A0C8B333,929D0000,12000000,4C000000,5C5F0000,FC000000,87FDFFFF,89EAFFFF,48430000,F3EC3B00000000000837B701A0C8B333929D0000120000004C0000005C5F0000FC00000087FDFFFF89EAFFFF48430000
1786746031916,57ED3B0000000000,0837B701,A0C8B333,929D0000,12000000,4C000000,5C5F0000,FC000000,87FDFFFF,89EAFFFF,48430000,57ED3B00000000000837B701A0C8B333929D0000120000004C0000005C5F0000FC00000087FDFFFF89EAFFFF48430000
1786746031916,BBED3B0000000000,0837B701,A0C8B333,929D0000,12000000,4C000000,5C5F0000,FC000000,87FDFFFF,89EAFFFF,48430000,BBED3B00000000000837B701A0C8B333929D0000120000004C0000005C5F0000FC00000087FDFFFF89EAFFFF48430000
1786746031916,84EE3B0000000000,0837B701,A0C8B333,929D0000,12000000,4C000000,5C5F0000,FC000000,87FDFFFF,89EAFFFF,48430000,84EE3B00000000000837B701A0C8B333929D0000120000004C0000005C5F0000FC00000087FDFFFF89EAFFFF48430000
1786746031916,E8EE3B0000000000,0837B701,A0C8B333,929D0000,12000000,4C000000,5C5F0000,FC000000,87FDFFFF,89EAFFFF,48430000,E8EE3B00000000000837B701A0C8B333929D0000120000004C0000005C5F0000FC00000087FDFFFF89EAFFFF48430000
1786746031916,4CEF3B0000000000,0837B701,A0C8B333,929D0000,12000000,4C000000,5C5F0000,FC000000,87FDFFFF,89EAFFFF,48430000,4CEF3B00000000000837B701A0C8B333929D0000120000004C0000005C5F0000FC00000087FDFFFF89EAFFFF48430000
1786746031916,B0EF3B0000000000,0837B701,A0C8B333,929D0000,12000000,4C000000,5C5F0000,FC000000,87FDFFFF,89EAFFFF,48430000,B0EF3B00000000000837B701A0C8B333929D0000120000004C0000005C5F0000FC00000087FDFFFF89EAFFFF48430000
1786746032916,14F03B0000000000,0837B701,A0C8B333,929D0000,12000000,4C000000,5C5F0000,FC000000,87FDFFFF,89EAFFFF,48430000,14F03B00000000000837B701A0C8B333929D0000120000004C0000005C5F0000FC00000087FDFFFF89EAFFFF48430000
1786746032916,78F03B0000000000,0837B701,A0C8B333,929D0000,12000000,4C000000,5C5F0000,FC000000,87FDFFFF,89EAFFFF,48430000,78F03B00000000000837B701A0C8B333929D0000120000004C0000005C5F0000FC00000087FDFFFF89EAFFFF48430000
1786746032916,DCF03B0000000000,0837B701,A0C8B333,929D0000,12000000,4C000000,5C5F0000,FC000000,87FDFFFF,89EAFFFF,48430000,DCF03B00000000000837B701A0C8B333929D0000120000004C0000005C5F0000FC00000087FDFFFF89EAFFFF48430000
1786746032916,41F13B0000000000,0837B701,A0C8B333,929D0000,12000000,4C000000,5D5F0000,FC000000,87FDFFFF,89EAFFFF,49430000,41F13B00000000000837B701A0C8B333929D0000120000004C0000005D5F0000FC00000087FDFFFF89EAFFFF49430000
1786746032916,A5F13B0000000000,0837B701,A0C8B333,929D0000,12000000,4C000000,5D5F0000,FC000000,87FDFFFF,89EAFFFF,49430000,A5F13B00000000000837B701A0C8B333929D0000120000004C0000005D5F0000FC00000087FDFFFF89EAFFFF49430000
1786746032916,09F23B0000000000,0837B701,A0C8B333,929D0000,12000000,4C000000,5D5F0000,FC000000,87FDFFFF,89EAFFFF,49430000,09F23B00000000000837B701A0C8B333929D0000120000004C0000005D5F0000FC00000087FDFFFF89EAFFFF49430000
