date,speed_kmh,gear
2026-08-14 12:01:30,0.0,
2026-08-14 12:01:30,0.0,0
2026-08-14 12:01:30,0.0,0
2026-08-14 12:01:30,0.0,0
2026-08-14 12:01:30,0.0,0
2026-08-14 12:01:30,0.0,0
2026-08-14 12:01:30,0.0,0
2026-08-14 12:01:30,0.0,0
2026-08-14 12:01:31,0.0,0
2026-08-14 12:01:31,0.0,0
2026-08-14 12:01:31,0.0,0
2026-08-14 12:01:31,0.0,0
2026-08-14 12:01:31,0.0,0
2026-08-14 12:01:31,0.0,0
2026-08-14 12:01:31,0.0,0
2026-08-14 12:01:31,0.0,0
2026-08-14 12:01:31,0.0,0
2026-08-14 12:01:31,0.0,0
2026-08-14 12:01:31,0.0,0
2026-08-14 12:01:31,0.0,0
2026-08-14 12:01:31,0.0,0
2026-08-14 12:01:31,0.0,0
2026-08-14 12:01:31,0.0,0
2026-08-14 12:01:31,0.0,0
2026-08-14 12:01:31,0.0,0
2026-08-14 12:01:31,0.0,0
2026-08-14 12:01:31,0.0,0
2026-08-14 12:01:31,0.0,0
2026-08-14 12:01:32,0.0,0
2026-08-14 12:01:32,0.0,0
2026-08-14 12:01:32,0.0,0
2026-08-14 12:01:32,0.0,0
2026-08-14 12:01:32,0.0,0
2026-08-14 12:01:32,0.0,0
2026-08-14 12:01:32,0.0,0
2026-08-14 12:01:32,0.0,0
2026-08-14 12:01:32,0.0,0
2026-08-14 12:01:32,0.0,0
2026-08-14 12:01:32,0.0,0
2026-08-14 12:01:32,0.0,0
2026-08-14 12:01:32,0.0,0
2026-08-14 12:01:32,0.0,0
2026-08-14 12:01:32,0.0,0
2026-08-14 12:01:32,0.0,0
2026-08-14 12:01:32,0.0,0
2026-08-14 12:01:32,0.0,0
2026-08-14 12:01:32,0.0,0
2026-08-14 12:01:32,0.0,0
2026-08-14 12:01:33,0.0,0
2026-08-14 12:01:33,0.0,0
2026-08-14 12:01:33,0.0,0
2026-08-14 12:01:33,0.0,0
2026-08-14 12:01:33,0.0,0
2026-08-14 12:01:33,0.0,0
2026-08-14 12:01:33,0.0,0
2026-08-14 12:01:33,0.0,0
2026-08-14 12:01:33,0.0,0
2026-08-14 12:01:33,0.0,0
2026-08-14 12:01:33,0.0,0
2026-08-14 12:01:33,0.0,0
2026-08-14 12:01:33,0.0,0
2026-08-14 12:01:33,0.0,0
2026-08-14 12:01:33,0.0,0
2026-08-14 12:01:33,0.0,0
2026-08-14 12:01:33,0.0,0
2026-08-14 12:01:33,0.0,0
2026-08-14 12:01:33,0.0,0
2026-08-14 12:01:33,0.0,0
2026-08-14 12:01:34,0.0,0
2026-08-14 12:01:34,0.0,0
2026-08-14 12:01:34,0.0,0
2026-08-14 12:01:34,0.0,0
2026-08-14 12:01:34,0.0,0
2026-08-14 12:01:34,0.0,0
2026-08-14 12:01:34,0.0,0
2026-08-14 12:01:34,0.0,0
2026-08-14 12:01:34,0.0,0
2026-08-14 12:01:34,0.0,0
2026-08-14 12:01:34,0.0,0
2026-08-14 12:01:34,0.0,0
2026-08-14 12:01:34,0.0,0
2026-08-14 12:01:34,0.0,0
2026-08-14 12:01:34,0.0,0
2026-08-14 12:01:34,0.0,0
2026-08-14 12:01:34,0.0,0
2026-08-14 12:01:34,0.0,0
2026-08-14 12:01:34,0.0,0
2026-08-14 12:01:34,0.0,0
2026-08-14 12:01:35,0.0,0
2026-08-14 12:01:35,0.0,0
2026-08-14 12:01:35,0.0,0
2026-08-14 12:01:35,0.0,0
2026-08-14 12:01:35,0.0,0
2026-08-14 12:01:35,0.0,0
2026-08-14 12:01:35,0.0,0
2026-08-14 12:01:35,0.0,0
2026-08-14 12:01:35,0.0,0
2026-08-14 12:01:35,0.0,0
2026-08-14 12:01:35,0.0,0
2026-08-14 12:01:35,0.0,0
2026-08-14 12:01:35,0.0,0
2026-08-14 12:01:35,0.0,0
2026-08-14 12:01:35,0.0,0
2026-08-14 12:01:35,0.0,0
2026-08-14 12:01:35,0.0,0
2026-08-14 12:01:35,0.0,0
2026-08-14 12:01:35,0.0,0
2026-08-14 12:01:35,0.0,0
2026-08-14 12:01:36,0.0,0
2026-08-14 12:01:36,0.0,0
2026-08-14 12:01:36,0.0,0
2026-08-14 12:01:36,0.0,0
2026-08-14 12:01:36,0.0,0
2026-08-14 12:01:36,0.0,0
2026-08-14 12:01:36,0.0,0
2026-08-14 12:01:36,0.0,0
2026-08-14 12:01:36,0.0,0
2026-08-14 12:01:36,0.0,0
2026-08-14 12:01:36,0.0,0
2026-08-14 12:01:36,0.0,0
2026-08-14 12:01:36,0.0,0
2026-08-14 12:01:36,0.0,0
2026-08-14 12:01:36,0.0,0
2026-08-14 12:01:36,0.0,0
2026-08-14 12:01:36,0.0,0
2026-08-14 12:01:36,0.0,0
2026-08-14 12:01:36,0.0,0
2026-08-14 12:01:36,0.0,0
2026-08-14 12:01:37,0.0,0
2026-08-14 12:01:37,0.0,0
2026-08-14 12:01:37,0.0,0
2026-08-14 12:01:37,0.0,0
2026-08-14 12:01:37,0.0,0
2026-08-14 12:01:37,0.0,0
2026-08-14 12:01:37,0.0,0
2026-08-14 12:01:37,0.0,0
2026-08-14 12:01:37,0.0,0
2026-08-14 12:01:37,0.0,0
2026-08-14 12:01:37,0.0,0
2026-08-14 12:01:37,0.0,0
2026-08-14 12:01:37,0.0,0
2026-08-14 12:01:37,0.0,0
2026-08-14 12:01:37,0.0,0
2026-08-14 12:01:37,0.0,0
2026-08-14 12:01:37,0.0,0
2026-08-14 12:01:37,0.0,0
2026-08-14 12:01:37,0.0,0
2026-08-14 12:01:37,0.0,0
2026-08-14 12:01:38,0.0,0
2026-08-14 12:01:38,0.0,0
2026-08-14 12:01:38,0.0,0
2026-08-14 12:01:38,0.0,0
2026-08-14 12:01:38,0.0,0
2026-08-14 12:01:38,0.0,0
2026-08-14 12:01:38,0.0,0
2026-08-14 12:01:38,0.0,0
2026-08-14 12:01:38,0.0,0
2026-08-14 12:01:38,0.0,0
2026-08-14 12:01:38,0.0,0
2026-08-14 12:01:38,0.0,0
2026-08-14 12:01:38,0.0,0
2026-08-14 12:01:38,0.0,0
2026-08-14 12:01:38,0.0,0
2026-08-14 12:01:38,0.0,0
2026-08-14 12:01:38,0.0,0
2026-08-14 12:01:38,0.0,0
2026-08-14 12:01:38,0.0,0
2026-08-14 12:01:38,0.0,0
2026-08-14 12:01:39,0.0,0
2026-08-14 12:01:39,0.0,0
2026-08-14 12:01:39,0.0,0
2026-08-14 12:01:39,0.0,0
2026-08-14 12:01:39,0.0,0
2026-08-14 12:01:39,0.0,0
2026-08-14 12:01:39,0.0,0
2026-08-14 12:01:39,0.0,0
2026-08-14 12:01:39,0.0,0
2026-08-14 12:01:39,0.0,0
2026-08-14 12:01:39,0.0,0
2026-08-14 12:01:39,0.0,0
2026-08-14 12:01:39,0.0,0
2026-08-14 12:01:39,0.0,0
2026-08-14 12:01:39,0.0,0
2026-08-14 12:01:39,0.0,0
2026-08-14 12:01:39,0.0,0
2026-08-14 12:01:39,0.0,0
2026-08-14 12:01:39,0.0,0
2026-08-14 12:01:39,0.0,0
2026-08-14 12:01:40,0.0,0
2026-08-14 12:01:40,0.0,0
2026-08-14 12:01:40,0.0,0
2026-08-14 12:01:40,0.0,0
2026-08-14 12:01:40,0.0,0
2026-08-14 12:01:40,0.0,0
2026-08-14 12:01:40,0.0,0
2026-08-14 12:01:40,0.0,0
2026-08-14 12:01:40,0.0,0
2026-08-14 12:01:40,0.0,0
2026-08-14 12:01:40,0.0,0
2026-08-14 12:01:40,0.0,0
2026-08-14 12:01:40,0.0,0
2026-08-14 12:01:40,0.0,0
2026-08-14 12:01:40,0.0,0
2026-08-14 12:01:40,0.0,0
2026-08-14 12:01:40,0.0,0
2026-08-14 12:01:40,0.0,0
2026-08-14 12:01:40,0.0,0
2026-08-14 12:01:40,0.0,0
2026-08-14 12:01:41,0.0,0
2026-08-14 12:01:41,0.0,0
2026-08-14 12:01:41,0.0,0
2026-08-14 12:01:41,0.0,0
2026-08-14 12:01:41,0.0,0
2026-08-14 12:01:41,0.0,0
2026-08-14 12:01:41,0.0,0
2026-08-14 12:01:41,0.0,0
2026-08-14 12:01:41,0.0,0
2026-08-14 12:01:41,0.0,0
2026-08-14 12:01:41,0.0,0
2026-08-14 12:01:41,0.0,0
2026-08-14 12:01:41,0.0,0
2026-08-14 12:01:41,0.0,0
2026-08-14 12:01:41,0.0,0
2026-08-14 12:01:41,0.0,0
2026-08-14 12:01:41,0.0,0
2026-08-14 12:01:41,0.0,0
2026-08-14 12:01:41,0.0,0
2026-08-14 12:01:41,0.0,0
2026-08-14 12:01:42,0.0,0
2026-08-14 12:01:42,0.0,0
2026-08-14 12:01:42,0.0,0
2026-08-14 12:01:42,0.0,0
2026-08-14 12:01:42,0.0,0
2026-08-14 12:01:42,0.0,0
2026-08-14 12:01:42,0.0,0
2026-08-14 12:01:42,0.0,0
2026-08-14 12:01:42,0.0,0
2026-08-14 12:01:42,0.0,0
2026-08-14 12:01:42,0.0,0
2026-08-14 12:01:42,0.0,0
2026-08-14 12:01:42,0.0,0
2026-08-14 12:01:42,0.0,0
2026-08-14 12:01:42,0.0,0
2026-08-14 12:01:42,0.0,0
2026-08-14 12:01:42,0.0,0
2026-08-14 12:01:42,0.0,0
2026-08-14 12:01:42,0.0,0
2026-08-14 12:01:42,0.0,0
2026-08-14 12:01:43,0.0,0
2026-08-14 12:01:43,0.0,0
2026-08-14 12:01:43,0.0,0
2026-08-14 12:01:43,0.0,0
2026-08-14 12:01:43,0.0,0
2026-08-14 12:01:43,0.0,0
2026-08-14 12:01:43,0.0,0
2026-08-14 12:01:43,0.0,0
2026-08-14 12:01:43,0.0,0
2026-08-14 12:01:43,0.0,0
2026-08-14 12:01:43,0.0,0
2026-08-14 12:01:43,0.0,0
2026-08-14 12:01:43,0.0,0
2026-08-14 12:01:43,0.0,0
2026-08-14 12:01:43,0.0,0
2026-08-14 12:01:43,0.0,0
2026-08-14 12:01:43,0.0,0
2026-08-14 12:01:43,0.0,0
2026-08-14 12:01:43,0.0,0
2026-08-14 12:01:43,0.0,0
2026-08-14 12:01:44,0.0,0
2026-08-14 12:01:44,0.0,0
2026-08-14 12:01:44,0.0,0
2026-08-14 12:01:44,0.0,0
2026-08-14 12:01:44,0.0,0
2026-08-14 12:01:44,0.0,0
2026-08-14 12:01:44,0.0,0
2026-08-14 12:01:44,0.0,0
2026-08-14 12:01:44,0.0,0
2026-08-14 12:01:44,0.0,0
2026-08-14 12:01:44,0.0,0
2026-08-14 12:01:44,0.0,0
2026-08-14 12:01:44,0.0,0
2026-08-14 12:01:44,0.0,0
2026-08-14 12:01:44,0.0,0
2026-08-14 12:01:44,0.0,0
2026-08-14 12:01:44,0.0,0
2026-08-14 12:01:44,0.0,0
2026-08-14 12:01:44,0.0,0
2026-08-14 12:01:44,0.0,0
2026-08-14 12:01:45,0.0,0
2026-08-14 12:01:45,0.0,0
2026-08-14 12:01:45,0.0,0
2026-08-14 12:01:45,0.0,0
2026-08-14 12:01:45,0.0,0
2026-08-14 12:01:45,0.0,0
2026-08-14 12:01:45,0.0,0
2026-08-14 12:01:45,0.0,0
2026-08-14 12:01:45,0.0,0
2026-08-14 12:01:45,0.0,0
2026-08-14 12:01:45,0.0,0
2026-08-14 12:01:45,0.0,0
2026-08-14 12:01:45,0.0,0
2026-08-14 12:01:45,0.0,0
2026-08-14 12:01:45,0.0,0
2026-08-14 12:01:45,0.0,0
2026-08-14 12:01:45,0.0,0
2026-08-14 12:01:45,0.0,0
2026-08-14 12:01:45,0.0,0
2026-08-14 12:01:45,0.0,0
2026-08-14 12:01:46,0.0,0
2026-08-14 12:01:46,0.0,0
2026-08-14 12:01:46,0.0,0
2026-08-14 12:01:46,0.0,0
2026-08-14 12:01:46,0.0,0
2026-08-14 12:01:46,0.0,0
2026-08-14 12:01:46,0.0,0
2026-08-14 12:01:46,0.0,0
2026-08-14 12:01:46,0.0,0
2026-08-14 12:01:46,0.0,0
2026-08-14 12:01:46,0.0,0
2026-08-14 12:01:46,0.0,0
2026-08-14 12:01:46,0.0,0
2026-08-14 12:01:46,0.0,0
2026-08-14 12:01:46,0.0,0
2026-08-14 12:01:46,0.0,0
2026-08-14 12:01:46,0.0,0
2026-08-14 12:01:46,0.0,0
2026-08-14 12:01:46,0.0,0
2026-08-14 12:01:46,0.0,0
2026-08-14 12:01:47,0.0,0
2026-08-14 12:01:47,0.0,0
2026-08-14 12:01:47,0.0,0
2026-08-14 12:01:47,0.0,0
2026-08-14 12:01:47,0.0,0
2026-08-14 12:01:47,0.0,0
2026-08-14 12:01:47,0.0,0
2026-08-14 12:01:47,0.0,0
2026-08-14 12:01:47,0.0,0
2026-08-14 12:01:47,0.0,0
2026-08-14 12:01:47,0.0,0
2026-08-14 12:01:47,0.0,0
2026-08-14 12:01:47,0.0,0
2026-08-14 12:01:47,0.0,0
2026-08-14 12:01:47,0.0,0
2026-08-14 12:01:47,0.0,0
2026-08-14 12:01:47,0.0,0
2026-08-14 12:01:47,0.0,0
2026-08-14 12:01:47,0.0,0
2026-08-14 12:01:47,0.0,0
2026-08-14 12:01:48,0.0,0
2026-08-14 12:01:48,0.0,0
2026-08-14 12:01:48,0.0,0
2026-08-14 12:01:48,0.0,0
2026-08-14 12:01:48,0.0,0
2026-08-14 12:01:48,0.0,0
2026-08-14 12:01:48,0.0,0
2026-08-14 12:01:48,0.0,0
2026-08-14 12:01:48,0.0,0
2026-08-14 12:01:48,0.0,0
2026-08-14 12:01:48,0.0,0
2026-08-14 12:01:48,0.0,0
2026-08-14 12:01:48,0.0,0
2026-08-14 12:01:48,0.0,0
2026-08-14 12:01:48,0.0,0
2026-08-14 12:01:48,0.0,0
2026-08-14 12:01:48,0.0,0
2026-08-14 12:01:48,0.0,0
2026-08-14 12:01:48,0.0,0
2026-08-14 12:01:48,0.0,0
2026-08-14 12:01:49,0.0,0
2026-08-14 12:01:49,0.0,0
2026-08-14 12:01:49,0.0,0
2026-08-14 12:01:49,0.0,0
2026-08-14 12:01:49,0.0,0
2026-08-14 12:01:49,0.0,0
2026-08-14 12:01:49,0.0,0
2026-08-14 12:01:49,0.0,0
2026-08-14 12:01:49,0.0,0
2026-08-14 12:01:49,0.0,0
2026-08-14 12:01:49,0.0,0
2026-08-14 12:01:49,0.0,0
2026-08-14 12:01:49,0.0,0
2026-08-14 12:01:49,0.0,0
2026-08-14 12:01:49,0.0,0
2026-08-14 12:01:49,0.0,0
2026-08-14 12:01:49,0.0,0
2026-08-14 12:01:49,0.0,0
2026-08-14 12:01:49,0.0,0
2026-08-14 12:01:49,0.0,0
2026-08-14 12:01:50,0.0,0
2026-08-14 12:01:50,0.0,0
2026-08-14 12:01:50,0.0,0
2026-08-14 12:01:50,0.0,0
2026-08-14 12:01:50,0.0,0
2026-08-14 12:01:50,0.0,0
2026-08-14 12:01:50,0.0,0
2026-08-14 12:01:50,0.0,0
2026-08-14 12:01:50,0.0,0
2026-08-14 12:01:50,0.0,0
2026-08-14 12:01:50,0.0,0
2026-08-14 12:01:50,0.0,0
2026-08-14 12:01:50,0.0,0
2026-08-14 12:01:50,0.0,0
2026-08-14 12:01:50,0.0,0
2026-08-14 12:01:50,0.0,0
2026-08-14 12:01:50,0.0,0
2026-08-14 12:01:50,0.0,0
2026-08-14 12:01:50,0.0,0
2026-08-14 12:01:50,0.0,0
2026-08-14 12:01:51,0.0,0
2026-08-14 12:01:51,0.0,0
2026-08-14 12:01:51,0.0,0
2026-08-14 12:01:51,0.0,0
2026-08-14 12:01:51,0.0,0
2026-08-14 12:01:51,0.0,0
2026-08-14 12:01:51,0.0,0
2026-08-14 12:01:51,0.0,0
2026-08-14 12:01:51,0.0,0
2026-08-14 12:01:51,0.0,0
2026-08-14 12:01:51,0.0,0
2026-08-14 12:01:51,0.0,0
2026-08-14 12:01:51,0.0,0
2026-08-14 12:01:51,0.0,0
2026-08-14 12:01:51,0.0,0
2026-08-14 12:01:51,0.0,0
2026-08-14 12:01:51,0.0,0
2026-08-14 12:01:51,0.0,0
2026-08-14 12:01:51,0.0,0
2026-08-14 12:01:51,0.0,0
2026-08-14 12:01:52,0.0,0
2026-08-14 12:01:52,0.0,0
2026-08-14 12:01:52,0.0,0
2026-08-14 12:01:52,0.0,0
2026-08-14 12:01:52,0.0,0
2026-08-14 12:01:52,0.0,0
2026-08-14 12:01:52,0.0,0
2026-08-14 12:01:52,0.0,0
2026-08-14 12:01:52,0.0,0
2026-08-14 12:01:52,0.0,0
2026-08-14 12:01:52,0.0,0
2026-08-14 12:01:52,0.0,0
2026-08-14 12:01:52,0.0,0
2026-08-14 12:01:52,0.0,0
2026-08-14 12:01:52,0.0,0
2026-08-14 12:01:52,0.0,0
2026-08-14 12:01:52,0.0,0
2026-08-14 12:01:52,0.0,0
2026-08-14 12:01:52,0.0,0
2026-08-14 12:01:52,0.0,0
2026-08-14 12:01:53,0.0,0
2026-08-14 12:01:53,0.0,0
2026-08-14 12:01:53,0.0,0
2026-08-14 12:01:53,0.0,0
2026-08-14 12:01:53,0.0,0
2026-08-14 12:01:53,0.0,0
2026-08-14 12:01:53,0.0,0
2026-08-14 12:01:53,0.0,0
2026-08-14 12:01:53,0.0,0
2026-08-14 12:01:53,0.0,0
2026-08-14 12:01:53,0.0,0
2026-08-14 12:01:53,0.0,0
2026-08-14 12:01:53,0.0,0
2026-08-14 12:01:53,0.0,0
2026-08-14 12:01:53,0.0,0
2026-08-14 12:01:53,0.0,0
2026-08-14 12:01:53,0.0,0
2026-08-14 12:01:53,0.0,0
2026-08-14 12:01:53,0.0,0
2026-08-14 12:01:53,0.0,0
2026-08-14 12:01:54,0.0,0
2026-08-14 12:01:54,0.0,0
2026-08-14 12:01:54,0.0,0
2026-08-14 12:01:54,0.0,0
2026-08-14 12:01:54,0.0,0
2026-08-14 12:01:54,0.0,0
2026-08-14 12:01:54,0.0,0
2026-08-14 12:01:54,0.0,-1
2026-08-14 12:01:54,0.0,-1
2026-08-14 12:01:54,0.0,-1
2026-08-14 12:01:54,0.0,-1
2026-08-14 12:01:54,0.0,-1
2026-08-14 12:01:54,0.0,-1
2026-08-14 12:01:54,0.0,-1
2026-08-14 12:01:54,0.0,-1
2026-08-14 12:01:54,0.0,-1
2026-08-14 12:01:54,0.0,-1
2026-08-14 12:01:54,0.0,-1
2026-08-14 12:01:54,0.0,-1
2026-08-14 12:01:54,0.0,-1
2026-08-14 12:01:55,0.0,-1
2026-08-14 12:01:55,0.0,-1
2026-08-14 12:01:55,0.0,-1
2026-08-14 12:01:55,0.0,-1
2026-08-14 12:01:55,0.0,-1
2026-08-14 12:01:55,0.0,-1
2026-08-14 12:01:55,0.0,-1
2026-08-14 12:01:55,0.0,-1
2026-08-14 12:01:55,0.0,-1
2026-08-14 12:01:55,0.0,-1
2026-08-14 12:01:55,0.0,-1
2026-08-14 12:01:55,0.0,-1
2026-08-14 12:01:55,0.0,-1
2026-08-14 12:01:55,0.0,-1
2026-08-14 12:01:55,0.0,-1
2026-08-14 12:01:55,0.0,-1
2026-08-14 12:01:55,5.45703125,-1
2026-08-14 12:01:55,5.45703125,-1
2026-08-14 12:01:55,5.45703125,-1
2026-08-14 12:01:55,5.45703125,-1
2026-08-14 12:01:56,5.45703125,-1
2026-08-14 12:01:56,5.45703125,-1
2026-08-14 12:01:56,5.45703125,-1
2026-08-14 12:01:56,5.45703125,-1
2026-08-14 12:01:56,5.45703125,-1
2026-08-14 12:01:56,5.45703125,-1
2026-08-14 12:01:56,5.45703125,-1
2026-08-14 12:01:56,5.45703125,-1
2026-08-14 12:01:56,5.45703125,-1
2026-08-14 12:01:56,5.45703125,-1
2026-08-14 12:01:56,5.45703125,-1
2026-08-14 12:01:56,5.45703125,-1
2026-08-14 12:01:56,5.45703125,-1
2026-08-14 12:01:56,5.45703125,-1
2026-08-14 12:01:56,5.45703125,-1
2026-08-14 12:01:56,5.45703125,-1
2026-08-14 12:01:56,5.45703125,-1
2026-08-14 12:01:56,5.45703125,-1
2026-08-14 12:01:56,5.45703125,-1
2026-08-14 12:01:56,5.45703125,-1
2026-08-14 12:01:57,5.45703125,-1
2026-08-14 12:01:57,5.45703125,-1
2026-08-14 12:01:57,19.7421875,-1
2026-08-14 12:01:57,19.7421875,-1
2026-08-14 12:01:57,19.6875,-1
2026-08-14 12:01:57,19.6875,-1
2026-08-14 12:01:57,19.6875,-1
2026-08-14 12:01:57,19.6875,-1
2026-08-14 12:01:57,19.6875,-1
2026-08-14 12:01:57,19.6875,-1
2026-08-14 12:01:57,19.6875,-1
2026-08-14 12:01:57,19.6875,-1
2026-08-14 12:01:57,19.6875,-1
2026-08-14 12:01:57,19.6875,-1
2026-08-14 12:01:57,19.6875,-1
2026-08-14 12:01:57,19.6875,-1
2026-08-14 12:01:57,18.39453125,-1
2026-08-14 12:01:57,18.39453125,-1
2026-08-14 12:01:57,18.39453125,-1
2026-08-14 12:01:57,18.39453125,-1
2026-08-14 12:01:58,18.39453125,-1
2026-08-14 12:01:58,18.39453125,-1
2026-08-14 12:01:58,18.39453125,-1
2026-08-14 12:01:58,18.39453125,-1
2026-08-14 12:01:58,18.39453125,-1
2026-08-14 12:01:58,18.39453125,-1
2026-08-14 12:01:58,18.39453125,-1
2026-08-14 12:01:58,18.39453125,-1
2026-08-14 12:01:58,18.39453125,-1
2026-08-14 12:01:58,18.39453125,-1
2026-08-14 12:01:58,18.39453125,-1
2026-08-14 12:01:58,18.39453125,-1
2026-08-14 12:01:58,18.39453125,-1
2026-08-14 12:01:58,18.39453125,-1
2026-08-14 12:01:58,18.39453125,-1
2026-08-14 12:01:58,18.39453125,-1
2026-08-14 12:01:58,11.13671875,-1
2026-08-14 12:01:58,11.13671875,-1
2026-08-14 12:01:58,11.13671875,-1
2026-08-14 12:01:58,11.13671875,-1
2026-08-14 12:01:59,11.13671875,-1
2026-08-14 12:01:59,11.13671875,-1
2026-08-14 12:01:59,11.13671875,-1
2026-08-14 12:01:59,11.13671875,-1
2026-08-14 12:01:59,11.13671875,-1
2026-08-14 12:01:59,11.13671875,-1
2026-08-14 12:01:59,11.13671875,-1
2026-08-14 12:01:59,11.13671875,-1
2026-08-14 12:01:59,11.13671875,-1
2026-08-14 12:01:59,11.13671875,-1
2026-08-14 12:01:59,11.13671875,-1
2026-08-14 12:01:59,11.13671875,-1
2026-08-14 12:01:59,11.13671875,-1
2026-08-14 12:01:59,11.13671875,-1
2026-08-14 12:01:59,11.13671875,-1
2026-08-14 12:01:59,11.13671875,-1
2026-08-14 12:01:59,11.13671875,-1
2026-08-14 12:01:59,11.13671875,-1
2026-08-14 12:01:59,11.13671875,-1
2026-08-14 12:01:59,11.13671875,-1
2026-08-14 12:02:00,11.13671875,-1
2026-08-14 12:02:00,11.13671875,-1
2026-08-14 12:02:00,11.13671875,-1
2026-08-14 12:02:00,11.13671875,-1
2026-08-14 12:02:00,11.13671875,-1
2026-08-14 12:02:00,11.13671875,-1
2026-08-14 12:02:00,11.13671875,-1
2026-08-14 12:02:00,11.13671875,-1
2026-08-14 12:02:00,11.13671875,-1
2026-08-14 12:02:00,11.13671875,-1
2026-08-14 12:02:00,11.13671875,-1
2026-08-14 12:02:00,11.13671875,-1
2026-08-14 12:02:00,11.13671875,-1
2026-08-14 12:02:00,11.13671875,-1
2026-08-14 12:02:00,0.0,-1
2026-08-14 12:02:00,0.0,-1
2026-08-14 12:02:00,0.0,-1
2026-08-14 12:02:00,0.0,-1
2026-08-14 12:02:00,0.0,-1
2026-08-14 12:02:00,0.0,-1
2026-08-14 12:02:01,0.0,-1
2026-08-14 12:02:01,0.0,-1
2026-08-14 12:02:01,0.0,-1
2026-08-14 12:02:01,0.0,-1
2026-08-14 12:02:01,0.0,-1
2026-08-14 12:02:01,0.0,-1
2026-08-14 12:02:01,0.0,-1
2026-08-14 12:02:01,0.0,-1
2026-08-14 12:02:01,0.0,-1
2026-08-14 12:02:01,0.0,-1
2026-08-14 12:02:01,0.0,-1
2026-08-14 12:02:01,0.0,-1
2026-08-14 12:02:01,0.0,-1
2026-08-14 12:02:01,0.0,-1
2026-08-14 12:02:01,0.0,-1
2026-08-14 12:02:01,0.0,-1
2026-08-14 12:02:01,0.0,-1
2026-08-14 12:02:01,0.0,-1
2026-08-14 12:02:01,0.0,-1
2026-08-14 12:02:01,0.0,-1
2026-08-14 12:02:02,0.0,-1
2026-08-14 12:02:02,0.0,-1
2026-08-14 12:02:02,0.0,-1
2026-08-14 12:02:02,0.0,-1
2026-08-14 12:02:02,0.0,-1
2026-08-14 12:02:02,0.0,-1
2026-08-14 12:02:02,0.0,-1
2026-08-14 12:02:02,0.0,-1
2026-08-14 12:02:02,0.0,-1
2026-08-14 12:02:02,0.0,-1
2026-08-14 12:02:02,0.0,-1
2026-08-14 12:02:02,0.0,-1
2026-08-14 12:02:02,0.0,-1
2026-08-14 12:02:02,0.0,-1
2026-08-14 12:02:02,0.0,-1
2026-08-14 12:02:02,0.0,-1
2026-08-14 12:02:02,0.0,-1
2026-08-14 12:02:02,0.0,-1
2026-08-14 12:02:02,0.0,-1
2026-08-14 12:02:02,0.0,-1
2026-08-14 12:02:03,0.0,-1
2026-08-14 12:02:03,0.0,-1
2026-08-14 12:02:03,0.0,-1
2026-08-14 12:02:03,0.0,-1
2026-08-14 12:02:03,0.0,-1
2026-08-14 12:02:03,0.0,-1
2026-08-14 12:02:03,0.0,-1
2026-08-14 12:02:03,0.0,0
2026-08-14 12:02:03,0.0,0
2026-08-14 12:02:03,0.0,0
2026-08-14 12:02:03,0.0,0
2026-08-14 12:02:03,0.0,0
2026-08-14 12:02:03,0.0,0
2026-08-14 12:02:03,0.0,0
2026-08-14 12:02:03,0.0,0
2026-08-14 12:02:03,0.0,1
2026-08-14 12:02:03,0.0,1
2026-08-14 12:02:03,0.0,1
2026-08-14 12:02:03,0.0,1
2026-08-14 12:02:03,0.0,1
2026-08-14 12:02:04,0.0,1
2026-08-14 12:02:04,0.0,1
2026-08-14 12:02:04,0.0,1
2026-08-14 12:02:04,0.0,1
2026-08-14 12:02:04,0.0,1
2026-08-14 12:02:04,0.0,1
2026-08-14 12:02:04,0.0,1
2026-08-14 12:02:04,0.0,1
2026-08-14 12:02:04,0.0,1
2026-08-14 12:02:04,0.0,1
2026-08-14 12:02:04,0.0,1
2026-08-14 12:02:04,0.0,1
2026-08-14 12:02:04,12.8828125,1
2026-08-14 12:02:04,12.8828125,1
2026-08-14 12:02:04,12.8828125,1
2026-08-14 12:02:04,12.8828125,1
2026-08-14 12:02:04,12.8828125,1
2026-08-14 12:02:04,12.8828125,1
2026-08-14 12:02:04,12.8828125,1
2026-08-14 12:02:04,12.8828125,1
2026-08-14 12:02:05,12.8828125,1
2026-08-14 12:02:05,12.8828125,1
2026-08-14 12:02:05,16.70703125,1
2026-08-14 12:02:05,16.70703125,1
2026-08-14 12:02:05,16.48046875,1
2026-08-14 12:02:05,16.48046875,1
2026-08-14 12:02:05,16.48046875,1
2026-08-14 12:02:05,16.48046875,1
2026-08-14 12:02:05,16.48046875,1
2026-08-14 12:02:05,16.48046875,1
2026-08-14 12:02:05,16.48046875,1
2026-08-14 12:02:05,16.48046875,1
2026-08-14 12:02:05,16.48046875,1
2026-08-14 12:02:05,16.48046875,1
2026-08-14 12:02:05,16.48046875,1
2026-08-14 12:02:05,16.48046875,1
2026-08-14 12:02:05,16.48046875,1
2026-08-14 12:02:05,16.48046875,1
2026-08-14 12:02:05,16.48046875,1
2026-08-14 12:02:05,16.48046875,1
2026-08-14 12:02:06,16.48046875,1
2026-08-14 12:02:06,16.48046875,1
2026-08-14 12:02:06,16.48046875,1
2026-08-14 12:02:06,16.48046875,1
2026-08-14 12:02:06,16.48046875,1
2026-08-14 12:02:06,16.48046875,1
2026-08-14 12:02:06,16.48046875,1
2026-08-14 12:02:06,16.48046875,1
2026-08-14 12:02:06,16.48046875,1
2026-08-14 12:02:06,16.48046875,1
2026-08-14 12:02:06,16.48046875,1
2026-08-14 12:02:06,16.48046875,1
2026-08-14 12:02:06,16.48046875,1
2026-08-14 12:02:06,16.48046875,1
2026-08-14 12:02:06,16.48046875,1
2026-08-14 12:02:06,16.48046875,1
2026-08-14 12:02:06,16.48046875,1
2026-08-14 12:02:06,16.48046875,1
2026-08-14 12:02:06,16.48046875,1
2026-08-14 12:02:06,16.48046875,1
2026-08-14 12:02:07,16.48046875,1
2026-08-14 12:02:07,16.48046875,1
2026-08-14 12:02:07,16.48046875,1
2026-08-14 12:02:07,16.48046875,1
2026-08-14 12:02:07,16.48046875,1
2026-08-14 12:02:07,16.48046875,1
2026-08-14 12:02:07,0.0,1
2026-08-14 12:02:07,0.0,1
2026-08-14 12:02:07,0.0,1
2026-08-14 12:02:07,0.0,1
2026-08-14 12:02:07,0.0,1
2026-08-14 12:02:07,0.0,1
2026-08-14 12:02:07,0.0,1
2026-08-14 12:02:07,0.0,1
2026-08-14 12:02:07,0.0,1
2026-08-14 12:02:07,0.0,1
2026-08-14 12:02:07,0.0,1
2026-08-14 12:02:07,0.0,1
2026-08-14 12:02:07,0.0,1
2026-08-14 12:02:07,0.0,1
2026-08-14 12:02:08,0.0,1
2026-08-14 12:02:08,0.0,1
2026-08-14 12:02:08,0.0,1
2026-08-14 12:02:08,0.0,1
2026-08-14 12:02:08,0.0,1
2026-08-14 12:02:08,0.0,1
2026-08-14 12:02:08,0.0,1
2026-08-14 12:02:08,0.0,1
2026-08-14 12:02:08,0.0,1
2026-08-14 12:02:08,0.0,1
2026-08-14 12:02:08,0.0,1
2026-08-14 12:02:08,0.0,1
2026-08-14 12:02:08,0.0,1
2026-08-14 12:02:08,0.0,1
2026-08-14 12:02:08,0.0,1
2026-08-14 12:02:08,0.0,1
2026-08-14 12:02:08,0.0,1
2026-08-14 12:02:08,0.0,1
2026-08-14 12:02:08,0.0,1
2026-08-14 12:02:08,0.0,1
2026-08-14 12:02:09,0.0,1
2026-08-14 12:02:09,0.0,1
2026-08-14 12:02:09,0.0,1
2026-08-14 12:02:09,0.0,1
2026-08-14 12:02:09,0.0,1
2026-08-14 12:02:09,0.0,1
2026-08-14 12:02:09,0.0,1
2026-08-14 12:02:09,0.0,1
2026-08-14 12:02:09,0.0,1
2026-08-14 12:02:09,0.0,1
2026-08-14 12:02:09,0.0,1
2026-08-14 12:02:09,0.0,1
2026-08-14 12:02:09,0.0,1
2026-08-14 12:02:09,0.0,1
2026-08-14 12:02:09,0.0,1
2026-08-14 12:02:09,0.0,1
2026-08-14 12:02:09,0.0,1
2026-08-14 12:02:09,0.0,1
2026-08-14 12:02:09,0.0,1
2026-08-14 12:02:09,0.0,1
2026-08-14 12:02:10,0.0,1
2026-08-14 12:02:10,0.0,1
2026-08-14 12:02:10,0.0,1
2026-08-14 12:02:10,0.0,1
2026-08-14 12:02:10,0.0,1
2026-08-14 12:02:10,0.0,1
2026-08-14 12:02:10,0.0,1
2026-08-14 12:02:10,0.0,1
2026-08-14 12:02:10,0.0,1
2026-08-14 12:02:10,0.0,1
2026-08-14 12:02:10,0.0,1
2026-08-14 12:02:10,0.0,1
2026-08-14 12:02:10,0.0,1
2026-08-14 12:02:10,0.0,1
2026-08-14 12:02:10,0.0,1
2026-08-14 12:02:10,0.0,1
2026-08-14 12:02:10,0.0,1
2026-08-14 12:02:10,0.0,1
2026-08-14 12:02:10,0.0,1
2026-08-14 12:02:10,0.0,1
2026-08-14 12:02:11,0.0,1
2026-08-14 12:02:11,0.0,1
2026-08-14 12:02:11,0.0,1
2026-08-14 12:02:11,0.0,1
2026-08-14 12:02:11,0.0,1
2026-08-14 12:02:11,0.0,1
2026-08-14 12:02:11,0.0,1
2026-08-14 12:02:11,0.0,1
2026-08-14 12:02:11,0.0,1
2026-08-14 12:02:11,0.0,1
2026-08-14 12:02:11,0.0,1
2026-08-14 12:02:11,0.0,1
2026-08-14 12:02:11,0.0,1
2026-08-14 12:02:11,0.0,1
2026-08-14 12:02:11,0.0,1
2026-08-14 12:02:11,0.0,1
2026-08-14 12:02:11,0.0,1
2026-08-14 12:02:11,0.0,1
2026-08-14 12:02:11,0.0,1
2026-08-14 12:02:11,0.0,1
2026-08-14 12:02:12,0.0,1
2026-08-14 12:02:12,0.0,1
2026-08-14 12:02:12,0.0,1
2026-08-14 12:02:12,0.0,1
2026-08-14 12:02:12,0.0,1
2026-08-14 12:02:12,0.0,1
2026-08-14 12:02:12,0.0,1
2026-08-14 12:02:12,0.0,1
2026-08-14 12:02:12,0.0,1
2026-08-14 12:02:12,0.0,1
2026-08-14 12:02:12,0.0,1
2026-08-14 12:02:12,0.0,1
2026-08-14 12:02:12,0.0,1
2026-08-14 12:02:12,0.0,1
2026-08-14 12:02:12,0.0,1
2026-08-14 12:02:12,0.0,1
2026-08-14 12:02:12,0.0,1
2026-08-14 12:02:12,0.0,1
2026-08-14 12:02:12,0.0,1
2026-08-14 12:02:12,0.0,1
2026-08-14 12:02:13,0.0,1
2026-08-14 12:02:13,0.0,1
2026-08-14 12:02:13,0.0,1
2026-08-14 12:02:13,0.0,1
2026-08-14 12:02:13,0.0,1
2026-08-14 12:02:13,0.0,1
2026-08-14 12:02:13,0.0,1
2026-08-14 12:02:13,0.0,1
2026-08-14 12:02:13,0.0,1
2026-08-14 12:02:13,0.0,1
2026-08-14 12:02:13,0.0,1
2026-08-14 12:02:13,0.0,1
2026-08-14 12:02:13,0.0,1
2026-08-14 12:02:13,0.0,1
2026-08-14 12:02:13,0.0,1
2026-08-14 12:02:13,0.0,1
2026-08-14 12:02:13,0.0,1
2026-08-14 12:02:13,0.0,1
2026-08-14 12:02:13,0.0,1
2026-08-14 12:02:13,0.0,1
2026-08-14 12:02:14,0.0,1
2026-08-14 12:02:14,0.0,1
2026-08-14 12:02:14,0.0,1
2026-08-14 12:02:14,0.0,1
2026-08-14 12:02:14,0.0,1
2026-08-14 12:02:14,0.0,1
2026-08-14 12:02:14,0.0,1
2026-08-14 12:02:14,0.0,1
2026-08-14 12:02:14,0.0,1
2026-08-14 12:02:14,0.0,1
2026-08-14 12:02:14,0.0,1
2026-08-14 12:02:14,0.0,1
2026-08-14 12:02:14,0.0,1
2026-08-14 12:02:14,0.0,1
2026-08-14 12:02:14,0.0,1
2026-08-14 12:02:14,0.0,1
2026-08-14 12:02:14,0.0,1
2026-08-14 12:02:14,0.0,1
2026-08-14 12:02:14,0.0,1
2026-08-14 12:02:14,0.0,1
2026-08-14 12:02:15,0.0,1
2026-08-14 12:02:15,0.0,1
2026-08-14 12:02:15,0.0,1
2026-08-14 12:02:15,0.0,1
2026-08-14 12:02:15,0.0,1
2026-08-14 12:02:15,0.0,1
2026-08-14 12:02:15,0.0,1
2026-08-14 12:02:15,0.0,1
2026-08-14 12:02:15,0.0,1
2026-08-14 12:02:15,0.0,1
2026-08-14 12:02:15,0.0,1
2026-08-14 12:02:15,0.0,1
2026-08-14 12:02:15,0.0,1
2026-08-14 12:02:15,0.0,1
2026-08-14 12:02:15,0.0,1
2026-08-14 12:02:15,0.0,1
2026-08-14 12:02:15,0.0,1
2026-08-14 12:02:15,0.0,1
2026-08-14 12:02:15,0.0,1
2026-08-14 12:02:15,0.0,1
2026-08-14 12:02:16,0.0,1
2026-08-14 12:02:16,0.0,1
2026-08-14 12:02:16,0.0,1
2026-08-14 12:02:16,0.0,1
2026-08-14 12:02:16,0.0,1
2026-08-14 12:02:16,0.0,1
2026-08-14 12:02:16,0.0,1
2026-08-14 12:02:16,0.0,1
2026-08-14 12:02:16,0.0,1
2026-08-14 12:02:16,0.0,1
2026-08-14 12:02:16,0.0,1
2026-08-14 12:02:16,0.0,1
2026-08-14 12:02:16,0.0,1
2026-08-14 12:02:16,0.0,1
2026-08-14 12:02:16,0.0,1
2026-08-14 12:02:16,0.0,1
2026-08-14 12:02:16,0.0,1
2026-08-14 12:02:16,0.0,1
2026-08-14 12:02:16,0.0,1
2026-08-14 12:02:16,0.0,1
2026-08-14 12:02:17,0.0,1
2026-08-14 12:02:17,0.0,1
2026-08-14 12:02:17,0.0,1
2026-08-14 12:02:17,0.0,1
2026-08-14 12:02:17,0.0,1
2026-08-14 12:02:17,0.0,1
2026-08-14 12:02:17,0.0,1
2026-08-14 12:02:17,0.0,1
2026-08-14 12:02:17,0.0,1
2026-08-14 12:02:17,0.0,1
2026-08-14 12:02:17,0.0,1
2026-08-14 12:02:17,0.0,1
2026-08-14 12:02:17,0.0,1
2026-08-14 12:02:17,0.0,1
2026-08-14 12:02:17,0.0,1
2026-08-14 12:02:17,0.0,1
2026-08-14 12:02:17,4.33203125,1
2026-08-14 12:02:17,4.33203125,1
2026-08-14 12:02:17,4.33203125,1
2026-08-14 12:02:17,4.33203125,1
2026-08-14 12:02:18,4.33203125,1
2026-08-14 12:02:18,4.33203125,1
2026-08-14 12:02:18,4.33203125,1
2026-08-14 12:02:18,4.33203125,1
2026-08-14 12:02:18,4.33203125,1
2026-08-14 12:02:18,4.33203125,1
2026-08-14 12:02:18,4.33203125,1
2026-08-14 12:02:18,4.33203125,1
2026-08-14 12:02:18,9.3359375,1
2026-08-14 12:02:18,9.3359375,1
2026-08-14 12:02:18,9.3359375,1
2026-08-14 12:02:18,9.3359375,1
2026-08-14 12:02:18,9.3359375,1
2026-08-14 12:02:18,9.3359375,1
2026-08-14 12:02:18,9.3359375,1
2026-08-14 12:02:18,9.3359375,1
2026-08-14 12:02:18,9.3359375,1
2026-08-14 12:02:18,9.3359375,1
2026-08-14 12:02:18,21.4296875,1
2026-08-14 12:02:18,21.4296875,1
2026-08-14 12:02:19,21.4296875,1
2026-08-14 12:02:19,21.4296875,1
2026-08-14 12:02:19,21.4296875,1
2026-08-14 12:02:19,21.4296875,1
2026-08-14 12:02:19,21.4296875,1
2026-08-14 12:02:19,21.4296875,1
2026-08-14 12:02:19,21.4296875,1
2026-08-14 12:02:19,21.4296875,1
2026-08-14 12:02:19,25.70703125,1
2026-08-14 12:02:19,25.70703125,1
2026-08-14 12:02:19,25.70703125,1
2026-08-14 12:02:19,25.70703125,1
2026-08-14 12:02:19,25.70703125,1
2026-08-14 12:02:19,25.70703125,1
2026-08-14 12:02:19,25.70703125,1
2026-08-14 12:02:19,25.70703125,1
2026-08-14 12:02:19,25.70703125,1
2026-08-14 12:02:19,25.70703125,1
2026-08-14 12:02:19,25.70703125,1
2026-08-14 12:02:19,25.70703125,1
2026-08-14 12:02:20,27.7890625,1
2026-08-14 12:02:20,27.7890625,1
2026-08-14 12:02:20,27.7890625,1
2026-08-14 12:02:20,27.7890625,1
2026-08-14 12:02:20,27.7890625,1
2026-08-14 12:02:20,27.7890625,1
2026-08-14 12:02:20,27.7890625,1
2026-08-14 12:02:20,27.7890625,1
2026-08-14 12:02:20,27.7890625,1
2026-08-14 12:02:20,27.7890625,1
2026-08-14 12:02:20,27.7890625,1
2026-08-14 12:02:20,27.7890625,1
2026-08-14 12:02:20,27.7890625,1
2026-08-14 12:02:20,27.7890625,1
2026-08-14 12:02:20,27.7890625,1
2026-08-14 12:02:20,27.7890625,1
2026-08-14 12:02:20,27.7890625,1
2026-08-14 12:02:20,27.7890625,1
2026-08-14 12:02:20,27.7890625,1
2026-08-14 12:02:20,27.7890625,1
2026-08-14 12:02:21,27.7890625,1
2026-08-14 12:02:21,27.7890625,1
2026-08-14 12:02:21,27.7890625,1
2026-08-14 12:02:21,27.7890625,1
2026-08-14 12:02:21,36.16796875,1
2026-08-14 12:02:21,36.16796875,1
2026-08-14 12:02:21,36.16796875,1
2026-08-14 12:02:21,36.16796875,1
2026-08-14 12:02:21,36.16796875,1
2026-08-14 12:02:21,36.16796875,1
2026-08-14 12:02:21,36.16796875,1
2026-08-14 12:02:21,36.16796875,1
2026-08-14 12:02:21,36.16796875,1
2026-08-14 12:02:21,36.16796875,1
2026-08-14 12:02:21,36.16796875,1
2026-08-14 12:02:21,36.16796875,1
2026-08-14 12:02:21,36.16796875,1
2026-08-14 12:02:21,36.16796875,1
2026-08-14 12:02:21,36.16796875,1
2026-08-14 12:02:21,36.16796875,1
2026-08-14 12:02:22,36.16796875,1
2026-08-14 12:02:22,36.16796875,1
2026-08-14 12:02:22,36.16796875,1
2026-08-14 12:02:22,36.16796875,1
2026-08-14 12:02:22,36.16796875,1
2026-08-14 12:02:22,36.16796875,1
2026-08-14 12:02:22,36.3359375,1
2026-08-14 12:02:22,36.3359375,1
2026-08-14 12:02:22,36.3359375,1
2026-08-14 12:02:22,36.3359375,1
2026-08-14 12:02:22,36.3359375,1
2026-08-14 12:02:22,36.3359375,1
2026-08-14 12:02:22,36.3359375,1
2026-08-14 12:02:22,36.3359375,1
2026-08-14 12:02:22,36.3359375,1
2026-08-14 12:02:22,36.3359375,1
2026-08-14 12:02:22,36.3359375,1
2026-08-14 12:02:22,36.3359375,1
2026-08-14 12:02:22,33.4140625,1
2026-08-14 12:02:22,33.4140625,1
2026-08-14 12:02:23,33.4140625,1
2026-08-14 12:02:23,33.4140625,1
2026-08-14 12:02:23,33.4140625,1
2026-08-14 12:02:23,33.4140625,1
2026-08-14 12:02:23,33.4140625,1
2026-08-14 12:02:23,33.4140625,1
2026-08-14 12:02:23,33.4140625,1
2026-08-14 12:02:23,33.4140625,1
2026-08-14 12:02:23,33.4140625,1
2026-08-14 12:02:23,33.4140625,1
2026-08-14 12:02:23,33.4140625,1
2026-08-14 12:02:23,33.4140625,1
2026-08-14 12:02:23,33.4140625,1
2026-08-14 12:02:23,33.4140625,1
2026-08-14 12:02:23,33.4140625,1
2026-08-14 12:02:23,33.4140625,1
2026-08-14 12:02:23,33.4140625,1
2026-08-14 12:02:23,33.4140625,1
2026-08-14 12:02:23,33.4140625,1
2026-08-14 12:02:23,33.4140625,1
2026-08-14 12:02:24,33.4140625,1
2026-08-14 12:02:24,33.4140625,1
2026-08-14 12:02:24,33.4140625,1
2026-08-14 12:02:24,33.4140625,1
2026-08-14 12:02:24,33.4140625,1
2026-08-14 12:02:24,33.4140625,1
2026-08-14 12:02:24,33.4140625,1
2026-08-14 12:02:24,33.4140625,1
2026-08-14 12:02:24,33.4140625,1
2026-08-14 12:02:24,33.4140625,1
2026-08-14 12:02:24,33.4140625,1
2026-08-14 12:02:24,33.4140625,1
2026-08-14 12:02:24,33.4140625,1
2026-08-14 12:02:24,33.4140625,1
2026-08-14 12:02:24,33.4140625,1
2026-08-14 12:02:24,33.4140625,1
2026-08-14 12:02:24,33.4140625,1
2026-08-14 12:02:24,33.4140625,1
2026-08-14 12:02:24,33.4140625,1
2026-08-14 12:02:24,33.4140625,1
2026-08-14 12:02:25,33.4140625,1
2026-08-14 12:02:25,33.4140625,1
2026-08-14 12:02:25,33.4140625,1
2026-08-14 12:02:25,33.4140625,1
2026-08-14 12:02:25,33.4140625,1
2026-08-14 12:02:25,33.4140625,1
2026-08-14 12:02:25,33.4140625,1
2026-08-14 12:02:25,33.4140625,1
2026-08-14 12:02:25,33.4140625,1
2026-08-14 12:02:25,33.4140625,1
2026-08-14 12:02:25,33.4140625,1
2026-08-14 12:02:25,33.4140625,1
2026-08-14 12:02:25,33.4140625,1
2026-08-14 12:02:25,33.4140625,1
2026-08-14 12:02:25,0.0,1
2026-08-14 12:02:25,0.0,-1
2026-08-14 12:02:25,0.0,-1
2026-08-14 12:02:25,0.0,-1
2026-08-14 12:02:25,0.0,-1
2026-08-14 12:02:25,0.0,-1
2026-08-14 12:02:26,0.0,-1
2026-08-14 12:02:26,0.0,-1
2026-08-14 12:02:26,0.0,-1
2026-08-14 12:02:26,0.0,-1
2026-08-14 12:02:26,0.0,-1
2026-08-14 12:02:26,0.0,-1
2026-08-14 12:02:26,0.0,-1
2026-08-14 12:02:26,0.0,-1
2026-08-14 12:02:26,0.0,-1
2026-08-14 12:02:26,0.0,-1
2026-08-14 12:02:26,0.0,-1
2026-08-14 12:02:26,0.0,-1
2026-08-14 12:02:26,0.0,-1
2026-08-14 12:02:26,0.0,-1
2026-08-14 12:02:26,0.0,-1
2026-08-14 12:02:26,0.0,-1
2026-08-14 12:02:26,0.0,-1
2026-08-14 12:02:26,0.0,-1
2026-08-14 12:02:26,0.0,-1
2026-08-14 12:02:26,0.0,-1
2026-08-14 12:02:27,0.0,-1
2026-08-14 12:02:27,0.0,-1
2026-08-14 12:02:27,0.0,-1
2026-08-14 12:02:27,0.0,-1
2026-08-14 12:02:27,0.0,-1
2026-08-14 12:02:27,0.0,-1
2026-08-14 12:02:27,0.0,-1
2026-08-14 12:02:27,0.0,-1
2026-08-14 12:02:27,0.0,-1
2026-08-14 12:02:27,0.0,-1
2026-08-14 12:02:27,10.9140625,-1
2026-08-14 12:02:27,10.9140625,-1
2026-08-14 12:02:27,11.1953125,-1
2026-08-14 12:02:27,11.1953125,-1
2026-08-14 12:02:27,11.1953125,-1
2026-08-14 12:02:27,11.1953125,-1
2026-08-14 12:02:27,11.1953125,-1
2026-08-14 12:02:27,11.1953125,-1
2026-08-14 12:02:27,11.1953125,-1
2026-08-14 12:02:27,11.1953125,-1
2026-08-14 12:02:28,11.1953125,-1
2026-08-14 12:02:28,11.1953125,-1
2026-08-14 12:02:28,11.1953125,-1
2026-08-14 12:02:28,11.1953125,-1
2026-08-14 12:02:28,11.1953125,-1
2026-08-14 12:02:28,11.1953125,-1
2026-08-14 12:02:28,11.1953125,-1
2026-08-14 12:02:28,11.1953125,-1
2026-08-14 12:02:28,11.1953125,-1
2026-08-14 12:02:28,11.1953125,-1
2026-08-14 12:02:28,11.1953125,-1
2026-08-14 12:02:28,11.1953125,-1
2026-08-14 12:02:28,11.1953125,-1
2026-08-14 12:02:28,11.1953125,-1
2026-08-14 12:02:28,27.6171875,-1
2026-08-14 12:02:28,27.6171875,-1
2026-08-14 12:02:28,27.5078125,-1
2026-08-14 12:02:28,27.5078125,-1
2026-08-14 12:02:28,27.5078125,-1
2026-08-14 12:02:28,27.5078125,-1
2026-08-14 12:02:29,27.5078125,-1
2026-08-14 12:02:29,27.5078125,-1
2026-08-14 12:02:29,27.5078125,-1
2026-08-14 12:02:29,27.5078125,-1
2026-08-14 12:02:29,27.5078125,-1
2026-08-14 12:02:29,27.5078125,-1
2026-08-14 12:02:29,27.5078125,-1
2026-08-14 12:02:29,27.5078125,-1
2026-08-14 12:02:29,23.90625,-1
2026-08-14 12:02:29,23.90625,-1
2026-08-14 12:02:29,23.90625,-1
2026-08-14 12:02:29,23.90625,-1
2026-08-14 12:02:29,23.90625,-1
2026-08-14 12:02:29,23.90625,-1
2026-08-14 12:02:29,23.90625,-1
2026-08-14 12:02:29,23.90625,-1
2026-08-14 12:02:29,23.90625,-1
2026-08-14 12:02:29,23.90625,-1
2026-08-14 12:02:29,23.90625,-1
2026-08-14 12:02:29,23.90625,-1
2026-08-14 12:02:30,23.90625,-1
2026-08-14 12:02:30,23.90625,-1
2026-08-14 12:02:30,23.90625,-1
2026-08-14 12:02:30,23.90625,-1
2026-08-14 12:02:30,23.90625,-1
2026-08-14 12:02:30,23.90625,-1
2026-08-14 12:02:30,23.90625,-1
2026-08-14 12:02:30,23.90625,-1
2026-08-14 12:02:30,23.90625,-1
2026-08-14 12:02:30,23.90625,-1
2026-08-14 12:02:30,23.90625,-1
2026-08-14 12:02:30,23.90625,-1
2026-08-14 12:02:30,23.90625,-1
2026-08-14 12:02:30,23.90625,-1
2026-08-14 12:02:30,23.90625,-1
2026-08-14 12:02:30,23.90625,-1
2026-08-14 12:02:30,23.90625,-1
2026-08-14 12:02:30,23.90625,-1
2026-08-14 12:02:30,23.90625,-1
2026-08-14 12:02:30,23.90625,-1
2026-08-14 12:02:31,23.90625,-1
2026-08-14 12:02:31,23.90625,-1
2026-08-14 12:02:31,23.90625,-1
2026-08-14 12:02:31,23.90625,-1
2026-08-14 12:02:31,23.90625,-1
2026-08-14 12:02:31,23.90625,-1
2026-08-14 12:02:31,23.90625,-1
2026-08-14 12:02:31,23.90625,-1
2026-08-14 12:02:31,23.90625,-1
2026-08-14 12:02:31,23.90625,-1
2026-08-14 12:02:31,23.90625,-1
2026-08-14 12:02:31,23.90625,-1
2026-08-14 12:02:31,20.41796875,-1
2026-08-14 12:02:31,20.41796875,-1
2026-08-14 12:02:31,20.41796875,-1
2026-08-14 12:02:31,20.41796875,-1
2026-08-14 12:02:31,20.41796875,-1
2026-08-14 12:02:31,20.41796875,-1
2026-08-14 12:02:31,20.41796875,-1
2026-08-14 12:02:31,20.41796875,-1
2026-08-14 12:02:32,20.41796875,-1
2026-08-14 12:02:32,20.41796875,-1
2026-08-14 12:02:32,20.41796875,-1
2026-08-14 12:02:32,20.41796875,-1
2026-08-14 12:02:32,20.41796875,-1
2026-08-14 12:02:32,20.41796875,-1
2026-08-14 12:02:32,20.41796875,-1
2026-08-14 12:02:32,20.41796875,-1
2026-08-14 12:02:32,20.41796875,-1
2026-08-14 12:02:32,20.41796875,-1
2026-08-14 12:02:32,20.41796875,-1
2026-08-14 12:02:32,20.41796875,-1
2026-08-14 12:02:32,20.41796875,-1
2026-08-14 12:02:32,20.41796875,-1
2026-08-14 12:02:32,20.41796875,-1
2026-08-14 12:02:32,20.41796875,-1
2026-08-14 12:02:32,20.41796875,-1
2026-08-14 12:02:32,20.41796875,-1
2026-08-14 12:02:32,20.41796875,-1
2026-08-14 12:02:32,20.41796875,-1
2026-08-14 12:02:33,20.41796875,-1
2026-08-14 12:02:33,20.41796875,-1
2026-08-14 12:02:33,20.41796875,-1
2026-08-14 12:02:33,20.41796875,-1
2026-08-14 12:02:33,20.41796875,-1
2026-08-14 12:02:33,20.41796875,-1
2026-08-14 12:02:33,20.41796875,-1
2026-08-14 12:02:33,20.41796875,-1
2026-08-14 12:02:33,20.41796875,-1
2026-08-14 12:02:33,20.41796875,-1
2026-08-14 12:02:33,20.41796875,-1
2026-08-14 12:02:33,20.41796875,-1
2026-08-14 12:02:33,20.41796875,-1
2026-08-14 12:02:33,20.41796875,-1
2026-08-14 12:02:33,20.41796875,-1
2026-08-14 12:02:33,20.41796875,-1
2026-08-14 12:02:33,0.0,-1
2026-08-14 12:02:33,0.0,1
2026-08-14 12:02:33,0.0,1
2026-08-14 12:02:33,0.0,1
2026-08-14 12:02:34,0.0,1
2026-08-14 12:02:34,0.0,1
2026-08-14 12:02:34,0.0,1
2026-08-14 12:02:34,0.0,1
2026-08-14 12:02:34,0.0,1
2026-08-14 12:02:34,0.0,1
2026-08-14 12:02:34,0.0,1
2026-08-14 12:02:34,0.0,1
2026-08-14 12:02:34,4.66796875,1
2026-08-14 12:02:34,4.66796875,1
2026-08-14 12:02:34,4.66796875,1
2026-08-14 12:02:34,4.66796875,1
2026-08-14 12:02:34,4.66796875,1
2026-08-14 12:02:34,4.66796875,1
2026-08-14 12:02:34,4.66796875,1
2026-08-14 12:02:34,4.66796875,1
2026-08-14 12:02:34,4.66796875,1
2026-08-14 12:02:34,4.66796875,1
2026-08-14 12:02:34,12.4296875,1
2026-08-14 12:02:34,12.4296875,1
2026-08-14 12:02:35,12.4296875,1
2026-08-14 12:02:35,12.4296875,1
2026-08-14 12:02:35,12.4296875,1
2026-08-14 12:02:35,12.4296875,1
2026-08-14 12:02:35,12.4296875,1
2026-08-14 12:02:35,12.4296875,1
2026-08-14 12:02:35,12.4296875,1
2026-08-14 12:02:35,12.4296875,1
2026-08-14 12:02:35,12.4296875,1
2026-08-14 12:02:35,12.4296875,1
2026-08-14 12:02:35,22.5546875,1
2026-08-14 12:02:35,22.5546875,1
2026-08-14 12:02:35,22.5546875,1
2026-08-14 12:02:35,22.5546875,1
2026-08-14 12:02:35,22.5546875,1
2026-08-14 12:02:35,22.5546875,1
2026-08-14 12:02:35,22.5546875,1
2026-08-14 12:02:35,22.5546875,1
2026-08-14 12:02:35,22.5546875,1
2026-08-14 12:02:35,22.5546875,1
2026-08-14 12:02:36,22.5546875,1
2026-08-14 12:02:36,22.5546875,1
2026-08-14 12:02:36,22.5546875,1
2026-08-14 12:02:36,22.5546875,1
2026-08-14 12:02:36,33.6953125,1
2026-08-14 12:02:36,33.6953125,1
2026-08-14 12:02:36,33.6953125,1
2026-08-14 12:02:36,33.6953125,1
2026-08-14 12:02:36,33.6953125,1
2026-08-14 12:02:36,33.6953125,1
2026-08-14 12:02:36,33.6953125,1
2026-08-14 12:02:36,33.6953125,1
2026-08-14 12:02:36,33.6953125,1
2026-08-14 12:02:36,33.6953125,1
2026-08-14 12:02:36,33.6953125,1
2026-08-14 12:02:36,33.6953125,1
2026-08-14 12:02:36,33.6953125,1
2026-08-14 12:02:36,33.6953125,1
2026-08-14 12:02:36,33.6953125,1
2026-08-14 12:02:36,33.6953125,1
2026-08-14 12:02:37,33.6953125,1
2026-08-14 12:02:37,33.6953125,1
2026-08-14 12:02:37,33.6953125,1
2026-08-14 12:02:37,33.6953125,1
2026-08-14 12:02:37,33.6953125,1
2026-08-14 12:02:37,33.6953125,1
2026-08-14 12:02:37,33.6953125,1
2026-08-14 12:02:37,33.6953125,1
2026-08-14 12:02:37,33.6953125,1
2026-08-14 12:02:37,33.6953125,1
2026-08-14 12:02:37,33.6953125,1
2026-08-14 12:02:37,33.6953125,1
2026-08-14 12:02:37,33.6953125,1
2026-08-14 12:02:37,33.6953125,1
2026-08-14 12:02:37,33.6953125,1
2026-08-14 12:02:37,33.6953125,1
2026-08-14 12:02:37,33.6953125,1
2026-08-14 12:02:37,33.6953125,1
2026-08-14 12:02:37,55.9140625,1
2026-08-14 12:02:37,55.9140625,1
2026-08-14 12:02:38,55.9140625,1
2026-08-14 12:02:38,55.9140625,1
2026-08-14 12:02:38,55.9140625,1
2026-08-14 12:02:38,55.9140625,1
2026-08-14 12:02:38,55.9140625,1
2026-08-14 12:02:38,55.9140625,1
2026-08-14 12:02:38,55.9140625,1
2026-08-14 12:02:38,55.9140625,1
2026-08-14 12:02:38,55.9140625,1
2026-08-14 12:02:38,55.9140625,1
2026-08-14 12:02:38,66.65625,1
2026-08-14 12:02:38,66.65625,1
2026-08-14 12:02:38,66.65625,1
2026-08-14 12:02:38,66.65625,1
2026-08-14 12:02:38,66.65625,1
2026-08-14 12:02:38,66.65625,1
2026-08-14 12:02:38,66.65625,1
2026-08-14 12:02:38,66.65625,1
2026-08-14 12:02:38,66.65625,1
2026-08-14 12:02:38,66.65625,1
2026-08-14 12:02:39,76.38671875,1
2026-08-14 12:02:39,76.38671875,1
2026-08-14 12:02:39,76.38671875,1
2026-08-14 12:02:39,76.38671875,1
2026-08-14 12:02:39,76.38671875,1
2026-08-14 12:02:39,76.38671875,1
2026-08-14 12:02:39,76.38671875,1
2026-08-14 12:02:39,76.38671875,1
2026-08-14 12:02:39,76.38671875,1
2026-08-14 12:02:39,76.38671875,1
2026-08-14 12:02:39,76.38671875,1
2026-08-14 12:02:39,76.38671875,1
2026-08-14 12:02:39,80.04296875,1
2026-08-14 12:02:39,80.04296875,1
2026-08-14 12:02:39,80.04296875,1
2026-08-14 12:02:39,80.04296875,1
2026-08-14 12:02:39,80.04296875,1
2026-08-14 12:02:39,80.04296875,1
2026-08-14 12:02:39,80.04296875,1
2026-08-14 12:02:39,80.04296875,1
2026-08-14 12:02:40,80.04296875,1
2026-08-14 12:02:40,80.04296875,1
2026-08-14 12:02:40,80.04296875,1
2026-08-14 12:02:40,80.04296875,1
2026-08-14 12:02:40,80.04296875,1
2026-08-14 12:02:40,80.04296875,1
2026-08-14 12:02:40,80.04296875,1
2026-08-14 12:02:40,80.04296875,1
2026-08-14 12:02:40,80.04296875,1
2026-08-14 12:02:40,80.04296875,1
2026-08-14 12:02:40,80.04296875,1
2026-08-14 12:02:40,80.04296875,1
2026-08-14 12:02:40,80.04296875,1
2026-08-14 12:02:40,80.04296875,1
2026-08-14 12:02:40,80.04296875,1
2026-08-14 12:02:40,80.04296875,1
2026-08-14 12:02:40,80.04296875,1
2026-08-14 12:02:40,80.04296875,1
2026-08-14 12:02:40,80.04296875,1
2026-08-14 12:02:40,80.04296875,1
2026-08-14 12:02:41,80.04296875,1
2026-08-14 12:02:41,80.04296875,1
2026-08-14 12:02:41,80.04296875,1
2026-08-14 12:02:41,80.04296875,1
2026-08-14 12:02:41,80.04296875,1
2026-08-14 12:02:41,80.04296875,1
2026-08-14 12:02:41,80.04296875,1
2026-08-14 12:02:41,80.04296875,1
2026-08-14 12:02:41,80.04296875,1
2026-08-14 12:02:41,80.04296875,1
2026-08-14 12:02:41,80.04296875,1
2026-08-14 12:02:41,80.04296875,1
2026-08-14 12:02:41,80.04296875,1
2026-08-14 12:02:41,80.04296875,1
2026-08-14 12:02:41,80.04296875,1
2026-08-14 12:02:41,80.04296875,1
2026-08-14 12:02:41,80.04296875,1
2026-08-14 12:02:41,80.04296875,1
2026-08-14 12:02:41,80.04296875,1
2026-08-14 12:02:41,80.04296875,1
2026-08-14 12:02:42,80.04296875,1
2026-08-14 12:02:42,80.04296875,1
2026-08-14 12:02:42,80.04296875,1
2026-08-14 12:02:42,80.04296875,1
2026-08-14 12:02:42,80.04296875,1
2026-08-14 12:02:42,80.04296875,1
2026-08-14 12:02:42,80.04296875,1
2026-08-14 12:02:42,80.04296875,1
2026-08-14 12:02:42,80.04296875,1
2026-08-14 12:02:42,80.04296875,1
2026-08-14 12:02:42,74.08203125,1
2026-08-14 12:02:42,74.08203125,1
2026-08-14 12:02:42,74.08203125,1
2026-08-14 12:02:42,74.08203125,1
2026-08-14 12:02:42,74.08203125,1
2026-08-14 12:02:42,74.08203125,1
2026-08-14 12:02:42,74.08203125,1
2026-08-14 12:02:42,74.08203125,1
2026-08-14 12:02:42,74.08203125,1
2026-08-14 12:02:42,74.08203125,1
2026-08-14 12:02:43,74.08203125,1
2026-08-14 12:02:43,74.08203125,1
2026-08-14 12:02:43,74.08203125,1
2026-08-14 12:02:43,74.08203125,1
2026-08-14 12:02:43,74.08203125,1
2026-08-14 12:02:43,74.08203125,1
2026-08-14 12:02:43,74.08203125,1
2026-08-14 12:02:43,74.08203125,1
2026-08-14 12:02:43,74.08203125,1
2026-08-14 12:02:43,74.08203125,1
2026-08-14 12:02:43,74.08203125,1
2026-08-14 12:02:43,74.08203125,1
2026-08-14 12:02:43,74.08203125,1
2026-08-14 12:02:43,74.08203125,1
2026-08-14 12:02:43,74.08203125,1
2026-08-14 12:02:43,74.08203125,1
2026-08-14 12:02:43,74.08203125,1
2026-08-14 12:02:43,74.08203125,1
2026-08-14 12:02:43,74.08203125,1
2026-08-14 12:02:43,74.08203125,1
2026-08-14 12:02:44,74.08203125,1
2026-08-14 12:02:44,74.08203125,1
2026-08-14 12:02:44,70.3125,1
2026-08-14 12:02:44,70.3125,1
2026-08-14 12:02:44,70.3125,1
2026-08-14 12:02:44,70.3125,1
2026-08-14 12:02:44,70.3125,1
2026-08-14 12:02:44,70.3125,1
2026-08-14 12:02:44,70.3125,1
2026-08-14 12:02:44,70.3125,1
2026-08-14 12:02:44,70.3125,1
2026-08-14 12:02:44,70.3125,1
2026-08-14 12:02:44,70.875,1
2026-08-14 12:02:44,70.875,1
2026-08-14 12:02:44,70.875,1
2026-08-14 12:02:44,70.875,1
2026-08-14 12:02:44,70.875,1
2026-08-14 12:02:44,70.875,1
2026-08-14 12:02:44,70.875,1
2026-08-14 12:02:44,70.875,1
2026-08-14 12:02:45,70.875,1
2026-08-14 12:02:45,70.875,1
2026-08-14 12:02:45,70.875,1
2026-08-14 12:02:45,70.875,1
2026-08-14 12:02:45,70.875,1
2026-08-14 12:02:45,70.875,1
2026-08-14 12:02:45,71.04296875,1
2026-08-14 12:02:45,71.04296875,1
2026-08-14 12:02:45,71.04296875,1
2026-08-14 12:02:45,71.04296875,1
2026-08-14 12:02:45,71.04296875,1
2026-08-14 12:02:45,71.04296875,1
2026-08-14 12:02:45,71.04296875,1
2026-08-14 12:02:45,71.04296875,1
2026-08-14 12:02:45,71.04296875,1
2026-08-14 12:02:45,71.04296875,1
2026-08-14 12:02:45,71.04296875,1
2026-08-14 12:02:45,71.04296875,1
2026-08-14 12:02:45,71.04296875,1
2026-08-14 12:02:45,71.04296875,1
2026-08-14 12:02:46,71.04296875,1
2026-08-14 12:02:46,71.04296875,1
2026-08-14 12:02:46,71.04296875,1
2026-08-14 12:02:46,71.04296875,1
2026-08-14 12:02:46,71.04296875,1
2026-08-14 12:02:46,71.04296875,1
2026-08-14 12:02:46,71.04296875,1
2026-08-14 12:02:46,71.04296875,1
2026-08-14 12:02:46,71.04296875,1
2026-08-14 12:02:46,71.04296875,1
2026-08-14 12:02:46,81.73046875,1
2026-08-14 12:02:46,81.73046875,1
2026-08-14 12:02:46,81.73046875,1
2026-08-14 12:02:46,81.73046875,1
2026-08-14 12:02:46,81.73046875,1
2026-08-14 12:02:46,81.73046875,1
2026-08-14 12:02:46,81.73046875,1
2026-08-14 12:02:46,81.73046875,1
2026-08-14 12:02:46,81.73046875,1
2026-08-14 12:02:46,81.73046875,1
2026-08-14 12:02:47,81.73046875,1
2026-08-14 12:02:47,81.73046875,1
2026-08-14 12:02:47,71.3828125,1
2026-08-14 12:02:47,71.3828125,1
2026-08-14 12:02:47,71.3828125,1
2026-08-14 12:02:47,71.3828125,1
2026-08-14 12:02:47,71.3828125,1
2026-08-14 12:02:47,71.3828125,1
2026-08-14 12:02:47,71.3828125,1
2026-08-14 12:02:47,71.3828125,1
2026-08-14 12:02:47,71.3828125,1
2026-08-14 12:02:47,71.3828125,1
2026-08-14 12:02:47,70.14453125,1
2026-08-14 12:02:47,70.14453125,1
2026-08-14 12:02:47,70.14453125,1
2026-08-14 12:02:47,70.14453125,1
2026-08-14 12:02:47,70.14453125,1
2026-08-14 12:02:47,70.14453125,1
2026-08-14 12:02:47,70.14453125,1
2026-08-14 12:02:47,70.14453125,1
2026-08-14 12:02:48,70.14453125,1
2026-08-14 12:02:48,70.14453125,1
2026-08-14 12:02:48,72.3359375,1
2026-08-14 12:02:48,72.3359375,1
2026-08-14 12:02:48,72.3359375,1
2026-08-14 12:02:48,72.3359375,1
2026-08-14 12:02:48,72.3359375,1
2026-08-14 12:02:48,72.3359375,1
2026-08-14 12:02:48,72.3359375,1
2026-08-14 12:02:48,72.3359375,1
2026-08-14 12:02:48,72.3359375,1
2026-08-14 12:02:48,72.3359375,1
2026-08-14 12:02:48,72.3359375,1
2026-08-14 12:02:48,72.3359375,1
2026-08-14 12:02:48,72.3359375,1
2026-08-14 12:02:48,72.3359375,1
2026-08-14 12:02:48,77.2890625,1
2026-08-14 12:02:48,77.2890625,1
2026-08-14 12:02:48,77.2890625,1
2026-08-14 12:02:48,77.2890625,1
2026-08-14 12:02:49,77.2890625,1
2026-08-14 12:02:49,77.2890625,1
2026-08-14 12:02:49,77.2890625,1
2026-08-14 12:02:49,77.2890625,1
2026-08-14 12:02:49,77.2890625,1
2026-08-14 12:02:49,77.2890625,1
2026-08-14 12:02:49,77.2890625,1
2026-08-14 12:02:49,77.2890625,1
2026-08-14 12:02:49,77.2890625,1
2026-08-14 12:02:49,77.2890625,1
2026-08-14 12:02:49,77.2890625,1
2026-08-14 12:02:49,77.2890625,1
2026-08-14 12:02:49,77.2890625,1
2026-08-14 12:02:49,77.2890625,1
2026-08-14 12:02:49,77.2890625,1
2026-08-14 12:02:49,77.2890625,1
2026-08-14 12:02:49,77.2890625,1
2026-08-14 12:02:49,77.2890625,1
2026-08-14 12:02:49,77.2890625,1
2026-08-14 12:02:49,77.2890625,1
2026-08-14 12:02:50,77.2890625,1
2026-08-14 12:02:50,77.2890625,1
2026-08-14 12:02:50,77.2890625,1
2026-08-14 12:02:50,77.2890625,1
2026-08-14 12:02:50,77.2890625,1
2026-08-14 12:02:50,77.2890625,1
2026-08-14 12:02:50,77.2890625,1
2026-08-14 12:02:50,77.2890625,1
2026-08-14 12:02:50,84.09375,1
2026-08-14 12:02:50,84.09375,1
2026-08-14 12:02:50,84.09375,1
2026-08-14 12:02:50,84.09375,1
2026-08-14 12:02:50,82.7421875,1
2026-08-14 12:02:50,82.7421875,1
2026-08-14 12:02:50,82.7421875,1
2026-08-14 12:02:50,82.7421875,1
2026-08-14 12:02:50,82.7421875,1
2026-08-14 12:02:50,82.7421875,1
2026-08-14 12:02:50,82.7421875,1
2026-08-14 12:02:50,82.7421875,1
2026-08-14 12:02:51,82.7421875,1
2026-08-14 12:02:51,82.7421875,1
2026-08-14 12:02:51,82.7421875,1
2026-08-14 12:02:51,82.7421875,1
2026-08-14 12:02:51,80.26953125,1
2026-08-14 12:02:51,80.26953125,1
2026-08-14 12:02:51,80.26953125,1
2026-08-14 12:02:51,80.26953125,1
2026-08-14 12:02:51,80.26953125,1
2026-08-14 12:02:51,80.26953125,1
2026-08-14 12:02:51,80.26953125,1
2026-08-14 12:02:51,80.26953125,1
2026-08-14 12:02:51,80.26953125,1
2026-08-14 12:02:51,80.26953125,1
2026-08-14 12:02:51,80.26953125,1
2026-08-14 12:02:51,80.26953125,1
2026-08-14 12:02:51,80.26953125,1
2026-08-14 12:02:51,80.26953125,1
2026-08-14 12:02:51,80.26953125,1
2026-08-14 12:02:51,80.26953125,1
2026-08-14 12:02:52,80.26953125,1
2026-08-14 12:02:52,80.26953125,1
2026-08-14 12:02:52,80.26953125,1
2026-08-14 12:02:52,80.26953125,1
2026-08-14 12:02:52,83.69921875,1
2026-08-14 12:02:52,83.69921875,1
2026-08-14 12:02:52,83.69921875,1
2026-08-14 12:02:52,83.69921875,1
2026-08-14 12:02:52,83.69921875,1
2026-08-14 12:02:52,83.69921875,1
2026-08-14 12:02:52,83.69921875,1
2026-08-14 12:02:52,83.69921875,1
2026-08-14 12:02:52,83.69921875,1
2026-08-14 12:02:52,83.69921875,1
2026-08-14 12:02:52,83.69921875,1
2026-08-14 12:02:52,83.69921875,1
2026-08-14 12:02:52,83.69921875,1
2026-08-14 12:02:52,83.69921875,1
2026-08-14 12:02:52,83.69921875,1
2026-08-14 12:02:52,83.69921875,1
2026-08-14 12:02:53,83.69921875,1
2026-08-14 12:02:53,83.69921875,1
2026-08-14 12:02:53,83.69921875,1
2026-08-14 12:02:53,83.69921875,1
2026-08-14 12:02:53,83.69921875,1
2026-08-14 12:02:53,83.69921875,1
2026-08-14 12:02:53,84.6015625,1
2026-08-14 12:02:53,84.6015625,1
2026-08-14 12:02:53,83.98046875,1
2026-08-14 12:02:53,83.98046875,1
2026-08-14 12:02:53,83.98046875,1
2026-08-14 12:02:53,83.98046875,1
2026-08-14 12:02:53,83.98046875,1
2026-08-14 12:02:53,83.98046875,1
2026-08-14 12:02:53,83.98046875,1
2026-08-14 12:02:53,83.98046875,1
2026-08-14 12:02:53,83.98046875,1
2026-08-14 12:02:53,83.98046875,1
2026-08-14 12:02:53,85.21875,1
2026-08-14 12:02:53,85.21875,1
2026-08-14 12:02:54,85.21875,1
2026-08-14 12:02:54,85.21875,1
2026-08-14 12:02:54,85.21875,1
2026-08-14 12:02:54,85.21875,1
2026-08-14 12:02:54,85.21875,1
2026-08-14 12:02:54,85.21875,1
2026-08-14 12:02:54,86.0078125,1
2026-08-14 12:02:54,86.0078125,1
2026-08-14 12:02:54,86.0078125,1
2026-08-14 12:02:54,86.0078125,1
2026-08-14 12:02:54,86.0078125,1
2026-08-14 12:02:54,86.0078125,1
2026-08-14 12:02:54,86.0078125,1
2026-08-14 12:02:54,86.0078125,1
2026-08-14 12:02:54,86.0078125,1
2026-08-14 12:02:54,86.0078125,1
2026-08-14 12:02:54,86.0078125,1
2026-08-14 12:02:54,86.0078125,1
2026-08-14 12:02:54,86.0078125,1
2026-08-14 12:02:54,86.0078125,1
2026-08-14 12:02:55,86.0078125,1
2026-08-14 12:02:55,86.0078125,1
2026-08-14 12:02:55,86.0078125,1
2026-08-14 12:02:55,86.0078125,1
2026-08-14 12:02:55,86.0078125,1
2026-08-14 12:02:55,86.0078125,1
2026-08-14 12:02:55,86.0078125,1
2026-08-14 12:02:55,86.0078125,1
2026-08-14 12:02:55,86.0078125,1
2026-08-14 12:02:55,86.0078125,1
2026-08-14 12:02:55,86.0078125,1
2026-08-14 12:02:55,86.0078125,1
2026-08-14 12:02:55,86.0078125,1
2026-08-14 12:02:55,86.0078125,1
2026-08-14 12:02:55,86.0078125,1
2026-08-14 12:02:55,86.0078125,1
2026-08-14 12:02:55,86.0078125,1
2026-08-14 12:02:55,86.0078125,1
2026-08-14 12:02:55,86.0078125,1
2026-08-14 12:02:55,86.0078125,1
2026-08-14 12:02:56,86.0078125,1
2026-08-14 12:02:56,86.0078125,1
2026-08-14 12:02:56,86.0078125,1
2026-08-14 12:02:56,86.0078125,1
2026-08-14 12:02:56,86.0078125,1
2026-08-14 12:02:56,86.0078125,1
2026-08-14 12:02:56,86.0078125,1
2026-08-14 12:02:56,86.0078125,1
2026-08-14 12:02:56,86.0078125,1
2026-08-14 12:02:56,86.0078125,1
2026-08-14 12:02:56,86.0078125,1
2026-08-14 12:02:56,86.0078125,1
2026-08-14 12:02:56,86.0078125,1
2026-08-14 12:02:56,86.0078125,1
2026-08-14 12:02:56,86.0078125,1
2026-08-14 12:02:56,86.0078125,1
2026-08-14 12:02:56,86.0078125,1
2026-08-14 12:02:56,86.0078125,1
2026-08-14 12:02:56,86.0078125,1
2026-08-14 12:02:56,86.0078125,1
2026-08-14 12:02:57,86.0078125,1
2026-08-14 12:02:57,86.0078125,1
2026-08-14 12:02:57,86.0078125,1
2026-08-14 12:02:57,86.0078125,1
2026-08-14 12:02:57,86.0078125,1
2026-08-14 12:02:57,86.0078125,1
2026-08-14 12:02:57,86.0078125,1
2026-08-14 12:02:57,86.0078125,1
2026-08-14 12:02:57,86.0078125,1
2026-08-14 12:02:57,86.0078125,1
2026-08-14 12:02:57,86.0078125,1
2026-08-14 12:02:57,86.0078125,1
2026-08-14 12:02:57,86.0078125,1
2026-08-14 12:02:57,86.0078125,1
2026-08-14 12:02:57,83.8671875,1
2026-08-14 12:02:57,83.8671875,1
2026-08-14 12:02:57,83.8671875,1
2026-08-14 12:02:57,83.8671875,1
2026-08-14 12:02:57,83.8671875,1
2026-08-14 12:02:57,83.8671875,1
2026-08-14 12:02:58,83.8671875,1
2026-08-14 12:02:58,83.8671875,1
2026-08-14 12:02:58,83.8671875,1
2026-08-14 12:02:58,83.8671875,1
2026-08-14 12:02:58,83.8671875,1
2026-08-14 12:02:58,83.8671875,1
2026-08-14 12:02:58,85.61328125,1
2026-08-14 12:02:58,85.61328125,1
2026-08-14 12:02:58,85.61328125,1
2026-08-14 12:02:58,85.61328125,1
2026-08-14 12:02:58,85.61328125,1
2026-08-14 12:02:58,85.61328125,1
2026-08-14 12:02:58,85.61328125,1
2026-08-14 12:02:58,85.61328125,1
2026-08-14 12:02:58,85.61328125,1
2026-08-14 12:02:58,85.61328125,1
2026-08-14 12:02:58,85.61328125,1
2026-08-14 12:02:58,85.61328125,1
2026-08-14 12:02:58,85.61328125,1
2026-08-14 12:02:58,85.61328125,1
2026-08-14 12:02:59,85.61328125,1
2026-08-14 12:02:59,85.61328125,1
2026-08-14 12:02:59,85.61328125,1
2026-08-14 12:02:59,85.61328125,1
2026-08-14 12:02:59,85.61328125,1
2026-08-14 12:02:59,85.61328125,1
2026-08-14 12:02:59,85.61328125,1
2026-08-14 12:02:59,85.61328125,1
2026-08-14 12:02:59,85.61328125,1
2026-08-14 12:02:59,85.61328125,1
2026-08-14 12:02:59,85.05078125,1
2026-08-14 12:02:59,85.05078125,1
2026-08-14 12:02:59,85.05078125,1
2026-08-14 12:02:59,85.05078125,1
2026-08-14 12:02:59,85.05078125,1
2026-08-14 12:02:59,85.05078125,1
2026-08-14 12:02:59,85.05078125,1
2026-08-14 12:02:59,85.05078125,1
2026-08-14 12:02:59,85.05078125,1
2026-08-14 12:02:59,85.05078125,1
2026-08-14 12:03:00,85.05078125,1
2026-08-14 12:03:00,85.05078125,1
2026-08-14 12:03:00,85.05078125,1
2026-08-14 12:03:00,85.05078125,1
2026-08-14 12:03:00,85.05078125,1
2026-08-14 12:03:00,85.05078125,1
2026-08-14 12:03:00,85.05078125,1
2026-08-14 12:03:00,85.05078125,1
2026-08-14 12:03:00,85.05078125,1
2026-08-14 12:03:00,85.05078125,1
2026-08-14 12:03:00,85.05078125,1
2026-08-14 12:03:00,85.05078125,1
2026-08-14 12:03:00,85.05078125,1
2026-08-14 12:03:00,85.05078125,1
2026-08-14 12:03:00,85.05078125,1
2026-08-14 12:03:00,85.05078125,1
2026-08-14 12:03:00,85.05078125,1
2026-08-14 12:03:00,85.05078125,1
2026-08-14 12:03:00,85.05078125,1
2026-08-14 12:03:00,85.05078125,1
2026-08-14 12:03:01,85.05078125,1
2026-08-14 12:03:01,85.05078125,1
2026-08-14 12:03:01,85.05078125,1
2026-08-14 12:03:01,85.05078125,1
2026-08-14 12:03:01,80.9453125,1
2026-08-14 12:03:01,80.9453125,1
2026-08-14 12:03:01,80.9453125,1
2026-08-14 12:03:01,80.9453125,1
2026-08-14 12:03:01,80.9453125,1
2026-08-14 12:03:01,80.9453125,1
2026-08-14 12:03:01,80.9453125,1
2026-08-14 12:03:01,80.9453125,1
2026-08-14 12:03:01,80.9453125,1
2026-08-14 12:03:01,80.9453125,1
2026-08-14 12:03:01,80.9453125,1
2026-08-14 12:03:01,80.9453125,1
2026-08-14 12:03:01,80.9453125,1
2026-08-14 12:03:01,80.9453125,1
2026-08-14 12:03:01,81.5078125,1
2026-08-14 12:03:01,81.5078125,1
2026-08-14 12:03:02,81.5078125,1
2026-08-14 12:03:02,81.5078125,1
2026-08-14 12:03:02,81.5078125,1
2026-08-14 12:03:02,81.5078125,1
2026-08-14 12:03:02,81.5078125,1
2026-08-14 12:03:02,81.5078125,1
2026-08-14 12:03:02,79.98828125,1
2026-08-14 12:03:02,79.98828125,1
2026-08-14 12:03:02,82.1796875,1
2026-08-14 12:03:02,82.1796875,1
2026-08-14 12:03:02,82.1796875,1
2026-08-14 12:03:02,82.1796875,1
2026-08-14 12:03:02,82.1796875,1
2026-08-14 12:03:02,82.1796875,1
2026-08-14 12:03:02,82.1796875,1
2026-08-14 12:03:02,82.1796875,1
2026-08-14 12:03:02,82.1796875,1
2026-08-14 12:03:02,82.1796875,1
2026-08-14 12:03:02,78.75,1
2026-08-14 12:03:02,78.75,1
2026-08-14 12:03:03,81.7890625,1
2026-08-14 12:03:03,81.7890625,1
2026-08-14 12:03:03,81.7890625,1
2026-08-14 12:03:03,81.7890625,1
2026-08-14 12:03:03,81.7890625,1
2026-08-14 12:03:03,81.7890625,1
2026-08-14 12:03:03,81.7890625,1
2026-08-14 12:03:03,81.7890625,1
2026-08-14 12:03:03,81.7890625,1
2026-08-14 12:03:03,81.7890625,1
2026-08-14 12:03:03,81.7890625,1
2026-08-14 12:03:03,81.7890625,1
2026-08-14 12:03:03,81.7890625,1
2026-08-14 12:03:03,81.7890625,1
2026-08-14 12:03:03,81.7890625,1
2026-08-14 12:03:03,81.7890625,1
2026-08-14 12:03:03,81.7890625,1
2026-08-14 12:03:03,81.7890625,1
2026-08-14 12:03:03,81.7890625,1
2026-08-14 12:03:03,81.7890625,1
2026-08-14 12:03:04,81.7890625,1
2026-08-14 12:03:04,81.7890625,1
2026-08-14 12:03:04,80.7734375,1
2026-08-14 12:03:04,80.7734375,1
2026-08-14 12:03:04,80.7734375,1
2026-08-14 12:03:04,80.7734375,1
2026-08-14 12:03:04,80.7734375,1
2026-08-14 12:03:04,80.7734375,1
2026-08-14 12:03:04,80.7734375,1
2026-08-14 12:03:04,80.7734375,1
2026-08-14 12:03:04,80.7734375,1
2026-08-14 12:03:04,80.7734375,1
2026-08-14 12:03:04,80.7734375,1
2026-08-14 12:03:04,80.7734375,1
2026-08-14 12:03:04,82.40625,1
2026-08-14 12:03:04,82.40625,1
2026-08-14 12:03:04,82.125,1
2026-08-14 12:03:04,82.125,1
2026-08-14 12:03:04,82.125,1
2026-08-14 12:03:04,82.125,1
2026-08-14 12:03:05,82.125,1
2026-08-14 12:03:05,82.125,1
2026-08-14 12:03:05,82.125,1
2026-08-14 12:03:05,82.125,1
2026-08-14 12:03:05,82.125,1
2026-08-14 12:03:05,82.125,1
2026-08-14 12:03:05,82.125,1
2026-08-14 12:03:05,82.125,1
2026-08-14 12:03:05,82.125,1
2026-08-14 12:03:05,82.125,1
2026-08-14 12:03:05,82.125,1
2026-08-14 12:03:05,82.125,1
2026-08-14 12:03:05,82.125,1
2026-08-14 12:03:05,82.125,1
2026-08-14 12:03:05,82.125,1
2026-08-14 12:03:05,82.125,1
2026-08-14 12:03:05,82.125,1
2026-08-14 12:03:05,82.125,1
2026-08-14 12:03:05,82.125,1
2026-08-14 12:03:05,82.125,1
2026-08-14 12:03:06,82.125,1
2026-08-14 12:03:06,82.125,1
2026-08-14 12:03:06,82.125,1
2026-08-14 12:03:06,82.125,1
2026-08-14 12:03:06,82.125,1
2026-08-14 12:03:06,82.125,1
2026-08-14 12:03:06,82.125,1
2026-08-14 12:03:06,82.125,1
2026-08-14 12:03:06,82.125,1
2026-08-14 12:03:06,82.125,1
2026-08-14 12:03:06,82.125,1
2026-08-14 12:03:06,82.125,1
2026-08-14 12:03:06,82.125,1
2026-08-14 12:03:06,82.125,1
2026-08-14 12:03:06,82.125,1
2026-08-14 12:03:06,82.125,1
2026-08-14 12:03:06,82.125,1
2026-08-14 12:03:06,82.125,1
2026-08-14 12:03:06,71.04296875,1
2026-08-14 12:03:06,71.04296875,1
2026-08-14 12:03:07,71.04296875,1
2026-08-14 12:03:07,71.04296875,1
2026-08-14 12:03:07,71.04296875,1
2026-08-14 12:03:07,71.04296875,1
2026-08-14 12:03:07,71.04296875,1
2026-08-14 12:03:07,71.04296875,1
2026-08-14 12:03:07,71.04296875,1
2026-08-14 12:03:07,71.04296875,1
2026-08-14 12:03:07,71.04296875,1
2026-08-14 12:03:07,71.04296875,1
2026-08-14 12:03:07,71.04296875,1
2026-08-14 12:03:07,71.04296875,1
2026-08-14 12:03:07,71.04296875,1
2026-08-14 12:03:07,71.04296875,1
2026-08-14 12:03:07,71.04296875,1
2026-08-14 12:03:07,71.04296875,1
2026-08-14 12:03:07,71.04296875,1
2026-08-14 12:03:07,71.04296875,1
2026-08-14 12:03:07,71.04296875,1
2026-08-14 12:03:07,71.04296875,1
2026-08-14 12:03:08,71.04296875,1
2026-08-14 12:03:08,71.04296875,1
2026-08-14 12:03:08,71.04296875,1
2026-08-14 12:03:08,71.04296875,1
2026-08-14 12:03:08,79.0859375,1
2026-08-14 12:03:08,79.0859375,1
2026-08-14 12:03:08,79.0859375,1
2026-08-14 12:03:08,79.0859375,1
2026-08-14 12:03:08,79.0859375,1
2026-08-14 12:03:08,79.0859375,1
2026-08-14 12:03:08,79.0859375,1
2026-08-14 12:03:08,79.0859375,1
2026-08-14 12:03:08,79.0859375,1
2026-08-14 12:03:08,79.0859375,1
2026-08-14 12:03:08,84.20703125,1
2026-08-14 12:03:08,84.20703125,1
2026-08-14 12:03:08,83.4765625,1
2026-08-14 12:03:08,83.4765625,1
2026-08-14 12:03:08,83.4765625,1
2026-08-14 12:03:08,83.4765625,1
2026-08-14 12:03:09,83.4765625,1
2026-08-14 12:03:09,83.4765625,1
2026-08-14 12:03:09,83.4765625,1
2026-08-14 12:03:09,83.4765625,1
2026-08-14 12:03:09,83.4765625,1
2026-08-14 12:03:09,83.4765625,1
2026-08-14 12:03:09,82.29296875,1
2026-08-14 12:03:09,82.29296875,1
2026-08-14 12:03:09,82.29296875,1
2026-08-14 12:03:09,82.29296875,1
2026-08-14 12:03:09,82.29296875,1
2026-08-14 12:03:09,82.29296875,1
2026-08-14 12:03:09,82.29296875,1
2026-08-14 12:03:09,82.29296875,1
2026-08-14 12:03:09,82.29296875,1
2026-08-14 12:03:09,82.29296875,1
2026-08-14 12:03:09,82.29296875,1
2026-08-14 12:03:09,82.29296875,1
2026-08-14 12:03:09,81.11328125,1
2026-08-14 12:03:09,81.11328125,1
2026-08-14 12:03:10,81.11328125,1
2026-08-14 12:03:10,81.11328125,1
2026-08-14 12:03:10,81.11328125,1
2026-08-14 12:03:10,81.11328125,1
2026-08-14 12:03:10,81.11328125,1
2026-08-14 12:03:10,81.11328125,1
2026-08-14 12:03:10,81.11328125,1
2026-08-14 12:03:10,81.11328125,1
2026-08-14 12:03:10,82.01171875,1
2026-08-14 12:03:10,82.01171875,1
2026-08-14 12:03:10,81.95703125,1
2026-08-14 12:03:10,81.95703125,1
2026-08-14 12:03:10,81.95703125,1
2026-08-14 12:03:10,81.95703125,1
2026-08-14 12:03:10,81.95703125,1
2026-08-14 12:03:10,81.95703125,1
2026-08-14 12:03:10,81.95703125,1
2026-08-14 12:03:10,81.95703125,1
2026-08-14 12:03:10,81.95703125,1
2026-08-14 12:03:10,81.95703125,1
2026-08-14 12:03:11,81.95703125,1
2026-08-14 12:03:11,81.95703125,1
2026-08-14 12:03:11,81.95703125,1
2026-08-14 12:03:11,81.95703125,1
2026-08-14 12:03:11,81.95703125,1
2026-08-14 12:03:11,81.95703125,1
2026-08-14 12:03:11,81.95703125,1
2026-08-14 12:03:11,81.95703125,1
2026-08-14 12:03:11,81.95703125,1
2026-08-14 12:03:11,81.95703125,1
2026-08-14 12:03:11,81.95703125,1
2026-08-14 12:03:11,81.95703125,1
2026-08-14 12:03:11,81.0,1
2026-08-14 12:03:11,81.0,1
2026-08-14 12:03:11,80.6640625,1
2026-08-14 12:03:11,80.6640625,1
2026-08-14 12:03:11,80.6640625,1
2026-08-14 12:03:11,80.6640625,1
2026-08-14 12:03:11,80.6640625,1
2026-08-14 12:03:11,80.6640625,1
2026-08-14 12:03:12,80.6640625,1
2026-08-14 12:03:12,80.6640625,1
2026-08-14 12:03:12,80.6640625,1
2026-08-14 12:03:12,80.6640625,1
2026-08-14 12:03:12,80.6640625,1
2026-08-14 12:03:12,80.6640625,1
2026-08-14 12:03:12,80.6640625,1
2026-08-14 12:03:12,80.6640625,1
2026-08-14 12:03:12,80.6640625,1
2026-08-14 12:03:12,80.6640625,1
2026-08-14 12:03:12,80.6640625,1
2026-08-14 12:03:12,80.6640625,1
2026-08-14 12:03:12,80.6640625,1
2026-08-14 12:03:12,80.6640625,1
2026-08-14 12:03:12,80.6640625,1
2026-08-14 12:03:12,80.6640625,1
2026-08-14 12:03:12,80.6640625,1
2026-08-14 12:03:12,80.6640625,1
2026-08-14 12:03:12,82.125,1
2026-08-14 12:03:12,82.125,1
2026-08-14 12:03:13,82.125,1
2026-08-14 12:03:13,82.125,1
2026-08-14 12:03:13,82.125,1
2026-08-14 12:03:13,82.125,1
2026-08-14 12:03:13,82.125,1
2026-08-14 12:03:13,82.125,1
2026-08-14 12:03:13,82.125,1
2026-08-14 12:03:13,82.125,1
2026-08-14 12:03:13,82.125,1
2026-08-14 12:03:13,82.125,1
2026-08-14 12:03:13,82.125,1
2026-08-14 12:03:13,82.125,1
2026-08-14 12:03:13,82.125,1
2026-08-14 12:03:13,82.125,1
2026-08-14 12:03:13,82.125,1
2026-08-14 12:03:13,82.125,1
2026-08-14 12:03:13,82.125,1
2026-08-14 12:03:13,82.125,1
2026-08-14 12:03:13,82.125,1
2026-08-14 12:03:13,82.125,1
2026-08-14 12:03:14,82.125,1
2026-08-14 12:03:14,82.125,1
2026-08-14 12:03:14,82.125,1
2026-08-14 12:03:14,82.125,1
2026-08-14 12:03:14,82.125,1
2026-08-14 12:03:14,82.125,1
2026-08-14 12:03:14,82.125,1
2026-08-14 12:03:14,82.125,1
2026-08-14 12:03:14,82.125,1
2026-08-14 12:03:14,82.125,1
2026-08-14 12:03:14,83.98046875,1
2026-08-14 12:03:14,83.98046875,1
2026-08-14 12:03:14,83.98046875,1
2026-08-14 12:03:14,83.98046875,1
2026-08-14 12:03:14,83.98046875,1
2026-08-14 12:03:14,83.98046875,1
2026-08-14 12:03:14,83.98046875,1
2026-08-14 12:03:14,83.98046875,1
2026-08-14 12:03:14,83.98046875,1
2026-08-14 12:03:14,83.98046875,1
2026-08-14 12:03:15,83.98046875,1
2026-08-14 12:03:15,83.98046875,1
2026-08-14 12:03:15,83.98046875,1
2026-08-14 12:03:15,83.98046875,1
2026-08-14 12:03:15,84.3203125,1
2026-08-14 12:03:15,84.3203125,1
2026-08-14 12:03:15,84.3203125,1
2026-08-14 12:03:15,84.3203125,1
2026-08-14 12:03:15,84.3203125,1
2026-08-14 12:03:15,84.3203125,1
2026-08-14 12:03:15,84.3203125,1
2026-08-14 12:03:15,84.3203125,1
2026-08-14 12:03:15,84.3203125,1
2026-08-14 12:03:15,84.3203125,1
2026-08-14 12:03:15,84.3203125,1
2026-08-14 12:03:15,84.3203125,1
2026-08-14 12:03:15,85.21875,1
2026-08-14 12:03:15,85.21875,1
2026-08-14 12:03:15,85.21875,1
2026-08-14 12:03:15,85.21875,1
2026-08-14 12:03:16,85.21875,1
2026-08-14 12:03:16,85.21875,1
2026-08-14 12:03:16,85.21875,1
2026-08-14 12:03:16,85.21875,1
2026-08-14 12:03:16,87.1328125,1
2026-08-14 12:03:16,87.1328125,1
2026-08-14 12:03:16,87.1328125,1
2026-08-14 12:03:16,87.1328125,1
2026-08-14 12:03:16,87.1328125,1
2026-08-14 12:03:16,87.1328125,1
2026-08-14 12:03:16,87.1328125,1
2026-08-14 12:03:16,87.1328125,1
2026-08-14 12:03:16,87.1328125,1
2026-08-14 12:03:16,87.1328125,1
2026-08-14 12:03:16,87.1328125,1
2026-08-14 12:03:16,87.1328125,1
2026-08-14 12:03:16,87.1328125,1
2026-08-14 12:03:16,87.1328125,1
2026-08-14 12:03:16,87.86328125,1
2026-08-14 12:03:16,87.86328125,1
2026-08-14 12:03:17,87.86328125,1
2026-08-14 12:03:17,87.86328125,1
2026-08-14 12:03:17,87.86328125,1
2026-08-14 12:03:17,87.86328125,1
2026-08-14 12:03:17,87.86328125,1
2026-08-14 12:03:17,87.86328125,1
2026-08-14 12:03:17,87.86328125,1
2026-08-14 12:03:17,87.86328125,1
2026-08-14 12:03:17,87.86328125,1
2026-08-14 12:03:17,87.86328125,1
2026-08-14 12:03:17,87.86328125,1
2026-08-14 12:03:17,87.86328125,1
2026-08-14 12:03:17,87.86328125,1
2026-08-14 12:03:17,87.86328125,1
2026-08-14 12:03:17,87.86328125,1
2026-08-14 12:03:17,87.86328125,1
2026-08-14 12:03:17,87.86328125,1
2026-08-14 12:03:17,87.86328125,1
2026-08-14 12:03:17,87.86328125,1
2026-08-14 12:03:17,87.86328125,1
2026-08-14 12:03:18,87.86328125,1
2026-08-14 12:03:18,87.86328125,1
2026-08-14 12:03:18,87.86328125,1
2026-08-14 12:03:18,87.86328125,1
2026-08-14 12:03:18,87.86328125,1
2026-08-14 12:03:18,87.86328125,1
2026-08-14 12:03:18,87.86328125,1
2026-08-14 12:03:18,87.86328125,1
2026-08-14 12:03:18,87.86328125,1
2026-08-14 12:03:18,87.86328125,1
2026-08-14 12:03:18,88.3671875,1
2026-08-14 12:03:18,88.3671875,1
2026-08-14 12:03:18,88.3671875,1
2026-08-14 12:03:18,88.3671875,1
2026-08-14 12:03:18,88.3671875,1
2026-08-14 12:03:18,88.3671875,1
2026-08-14 12:03:18,88.3671875,1
2026-08-14 12:03:18,88.3671875,1
2026-08-14 12:03:18,88.3671875,1
2026-08-14 12:03:18,88.3671875,1
2026-08-14 12:03:19,88.3671875,1
2026-08-14 12:03:19,88.3671875,1
2026-08-14 12:03:19,86.2890625,1
2026-08-14 12:03:19,86.2890625,1
2026-08-14 12:03:19,86.2890625,1
2026-08-14 12:03:19,86.2890625,1
2026-08-14 12:03:19,86.2890625,1
2026-08-14 12:03:19,86.2890625,1
2026-08-14 12:03:19,86.2890625,1
2026-08-14 12:03:19,86.2890625,1
2026-08-14 12:03:19,86.2890625,1
2026-08-14 12:03:19,86.2890625,1
2026-08-14 12:03:19,86.2890625,1
2026-08-14 12:03:19,86.2890625,1
2026-08-14 12:03:19,86.2890625,1
2026-08-14 12:03:19,86.2890625,1
2026-08-14 12:03:19,86.2890625,1
2026-08-14 12:03:19,86.2890625,1
2026-08-14 12:03:19,86.2890625,1
2026-08-14 12:03:19,86.2890625,1
2026-08-14 12:03:20,86.2890625,1
2026-08-14 12:03:20,86.2890625,1
2026-08-14 12:03:20,86.2890625,1
2026-08-14 12:03:20,86.2890625,1
2026-08-14 12:03:20,86.2890625,1
2026-08-14 12:03:20,86.2890625,1
2026-08-14 12:03:20,86.2890625,1
2026-08-14 12:03:20,86.2890625,1
2026-08-14 12:03:20,86.2890625,1
2026-08-14 12:03:20,86.2890625,1
2026-08-14 12:03:20,86.2890625,1
2026-08-14 12:03:20,86.2890625,1
2026-08-14 12:03:20,86.2890625,1
2026-08-14 12:03:20,86.2890625,1
2026-08-14 12:03:20,86.2890625,1
2026-08-14 12:03:20,86.2890625,1
2026-08-14 12:03:20,87.46875,1
2026-08-14 12:03:20,87.46875,1
2026-08-14 12:03:20,87.46875,1
2026-08-14 12:03:20,87.46875,1
2026-08-14 12:03:21,87.46875,1
2026-08-14 12:03:21,87.46875,1
2026-08-14 12:03:21,87.46875,1
2026-08-14 12:03:21,87.46875,1
2026-08-14 12:03:21,87.46875,1
2026-08-14 12:03:21,87.46875,1
2026-08-14 12:03:21,87.46875,1
2026-08-14 12:03:21,87.46875,1
2026-08-14 12:03:21,87.46875,1
2026-08-14 12:03:21,87.46875,1
2026-08-14 12:03:21,87.46875,1
2026-08-14 12:03:21,87.46875,1
2026-08-14 12:03:21,87.46875,1
2026-08-14 12:03:21,87.46875,1
2026-08-14 12:03:21,87.46875,1
2026-08-14 12:03:21,87.46875,1
2026-08-14 12:03:21,87.46875,1
2026-08-14 12:03:21,87.46875,1
2026-08-14 12:03:21,87.46875,1
2026-08-14 12:03:21,87.46875,1
2026-08-14 12:03:22,85.2734375,1
2026-08-14 12:03:22,85.2734375,1
2026-08-14 12:03:22,85.2734375,1
2026-08-14 12:03:22,85.2734375,1
2026-08-14 12:03:22,85.2734375,1
2026-08-14 12:03:22,85.2734375,1
2026-08-14 12:03:22,85.2734375,1
2026-08-14 12:03:22,85.2734375,1
2026-08-14 12:03:22,85.2734375,1
2026-08-14 12:03:22,85.2734375,1
2026-08-14 12:03:22,85.2734375,1
2026-08-14 12:03:22,85.2734375,1
2026-08-14 12:03:22,86.2890625,1
2026-08-14 12:03:22,86.2890625,1
2026-08-14 12:03:22,86.2890625,1
2026-08-14 12:03:22,86.2890625,1
2026-08-14 12:03:22,86.2890625,1
2026-08-14 12:03:22,86.2890625,1
2026-08-14 12:03:22,86.2890625,1
2026-08-14 12:03:22,86.2890625,1
2026-08-14 12:03:23,86.2890625,1
2026-08-14 12:03:23,86.2890625,1
2026-08-14 12:03:23,86.2890625,1
2026-08-14 12:03:23,86.2890625,1
2026-08-14 12:03:23,86.2890625,1
2026-08-14 12:03:23,86.2890625,1
2026-08-14 12:03:23,86.2890625,1
2026-08-14 12:03:23,86.2890625,1
2026-08-14 12:03:23,86.2890625,1
2026-08-14 12:03:23,86.2890625,1
2026-08-14 12:03:23,86.2890625,1
2026-08-14 12:03:23,86.2890625,1
2026-08-14 12:03:23,86.2890625,1
2026-08-14 12:03:23,86.2890625,1
2026-08-14 12:03:23,85.66796875,1
2026-08-14 12:03:23,85.66796875,1
2026-08-14 12:03:23,85.66796875,1
2026-08-14 12:03:23,85.66796875,1
2026-08-14 12:03:23,85.66796875,1
2026-08-14 12:03:23,85.66796875,1
2026-08-14 12:03:24,85.66796875,1
2026-08-14 12:03:24,85.66796875,1
2026-08-14 12:03:24,85.66796875,1
2026-08-14 12:03:24,85.66796875,1
2026-08-14 12:03:24,85.66796875,1
2026-08-14 12:03:24,85.66796875,1
2026-08-14 12:03:24,85.66796875,1
2026-08-14 12:03:24,85.66796875,1
2026-08-14 12:03:24,85.66796875,1
2026-08-14 12:03:24,85.66796875,1
2026-08-14 12:03:24,85.66796875,1
2026-08-14 12:03:24,85.66796875,1
2026-08-14 12:03:24,85.66796875,1
2026-08-14 12:03:24,85.66796875,1
2026-08-14 12:03:24,85.66796875,1
2026-08-14 12:03:24,85.66796875,1
2026-08-14 12:03:24,85.66796875,1
2026-08-14 12:03:24,85.66796875,1
2026-08-14 12:03:24,85.05078125,1
2026-08-14 12:03:24,85.05078125,1
2026-08-14 12:03:25,85.05078125,1
2026-08-14 12:03:25,85.05078125,1
2026-08-14 12:03:25,85.05078125,1
2026-08-14 12:03:25,85.05078125,1
2026-08-14 12:03:25,85.05078125,1
2026-08-14 12:03:25,85.05078125,1
2026-08-14 12:03:25,85.05078125,1
2026-08-14 12:03:25,85.05078125,1
2026-08-14 12:03:25,85.05078125,1
2026-08-14 12:03:25,85.05078125,1
2026-08-14 12:03:25,84.9921875,1
2026-08-14 12:03:25,84.9921875,1
2026-08-14 12:03:25,84.82421875,1
2026-08-14 12:03:25,84.82421875,1
2026-08-14 12:03:25,84.82421875,1
2026-08-14 12:03:25,84.82421875,1
2026-08-14 12:03:25,84.82421875,1
2026-08-14 12:03:25,84.82421875,1
2026-08-14 12:03:25,84.82421875,1
2026-08-14 12:03:25,84.82421875,1
2026-08-14 12:03:26,84.82421875,1
2026-08-14 12:03:26,84.82421875,1
2026-08-14 12:03:26,84.82421875,1
2026-08-14 12:03:26,84.82421875,1
2026-08-14 12:03:26,83.69921875,1
2026-08-14 12:03:26,83.69921875,1
2026-08-14 12:03:26,83.4765625,1
2026-08-14 12:03:26,83.4765625,1
2026-08-14 12:03:26,83.4765625,1
2026-08-14 12:03:26,83.4765625,1
2026-08-14 12:03:26,83.4765625,1
2026-08-14 12:03:26,83.4765625,1
2026-08-14 12:03:26,83.4765625,1
2026-08-14 12:03:26,83.4765625,1
2026-08-14 12:03:26,81.7890625,1
2026-08-14 12:03:26,81.7890625,1
2026-08-14 12:03:26,81.84375,1
2026-08-14 12:03:26,81.84375,1
2026-08-14 12:03:26,81.84375,1
2026-08-14 12:03:26,81.84375,1
2026-08-14 12:03:27,81.84375,1
2026-08-14 12:03:27,81.84375,1
2026-08-14 12:03:27,81.84375,1
2026-08-14 12:03:27,81.84375,1
2026-08-14 12:03:27,81.84375,1
2026-08-14 12:03:27,81.84375,1
2026-08-14 12:03:27,81.84375,1
2026-08-14 12:03:27,81.84375,1
2026-08-14 12:03:27,81.84375,1
2026-08-14 12:03:27,81.84375,1
2026-08-14 12:03:27,80.83203125,1
2026-08-14 12:03:27,80.83203125,1
2026-08-14 12:03:27,80.83203125,1
2026-08-14 12:03:27,80.83203125,1
2026-08-14 12:03:27,80.83203125,1
2026-08-14 12:03:27,80.83203125,1
2026-08-14 12:03:27,80.83203125,1
2026-08-14 12:03:27,80.83203125,1
2026-08-14 12:03:27,80.04296875,1
2026-08-14 12:03:27,80.04296875,1
2026-08-14 12:03:28,80.04296875,1
2026-08-14 12:03:28,80.04296875,1
2026-08-14 12:03:28,80.04296875,1
2026-08-14 12:03:28,80.04296875,1
2026-08-14 12:03:28,80.04296875,1
2026-08-14 12:03:28,80.04296875,1
2026-08-14 12:03:28,80.04296875,1
2026-08-14 12:03:28,80.04296875,1
2026-08-14 12:03:28,80.04296875,1
2026-08-14 12:03:28,80.04296875,1
2026-08-14 12:03:28,79.6484375,1
2026-08-14 12:03:28,79.6484375,1
2026-08-14 12:03:28,79.59375,1
2026-08-14 12:03:28,79.59375,1
2026-08-14 12:03:28,79.59375,1
2026-08-14 12:03:28,79.59375,1
2026-08-14 12:03:28,79.59375,1
2026-08-14 12:03:28,79.59375,1
2026-08-14 12:03:28,79.59375,1
2026-08-14 12:03:28,79.59375,1
2026-08-14 12:03:29,79.59375,1
2026-08-14 12:03:29,79.59375,1
2026-08-14 12:03:29,79.59375,1
2026-08-14 12:03:29,79.59375,1
2026-08-14 12:03:29,79.14453125,1
2026-08-14 12:03:29,79.14453125,1
2026-08-14 12:03:29,79.14453125,1
2026-08-14 12:03:29,79.14453125,1
2026-08-14 12:03:29,79.14453125,1
2026-08-14 12:03:29,79.14453125,1
2026-08-14 12:03:29,79.14453125,1
2026-08-14 12:03:29,79.14453125,1
2026-08-14 12:03:29,79.14453125,1
2026-08-14 12:03:29,79.14453125,1
2026-08-14 12:03:29,79.14453125,1
2026-08-14 12:03:29,79.14453125,1
2026-08-14 12:03:29,80.1015625,1
2026-08-14 12:03:29,80.1015625,1
2026-08-14 12:03:29,80.1015625,1
2026-08-14 12:03:29,80.1015625,1
2026-08-14 12:03:30,80.1015625,1
2026-08-14 12:03:30,80.1015625,1
2026-08-14 12:03:30,80.1015625,1
2026-08-14 12:03:30,80.1015625,1
2026-08-14 12:03:30,80.1015625,1
2026-08-14 12:03:30,80.1015625,1
2026-08-14 12:03:30,80.1015625,1
2026-08-14 12:03:30,80.1015625,1
2026-08-14 12:03:30,80.1015625,1
2026-08-14 12:03:30,80.1015625,1
2026-08-14 12:03:30,80.1015625,1
2026-08-14 12:03:30,80.1015625,1
2026-08-14 12:03:30,80.1015625,1
2026-08-14 12:03:30,80.1015625,1
2026-08-14 12:03:30,80.1015625,1
2026-08-14 12:03:30,80.1015625,1
2026-08-14 12:03:30,80.1015625,1
2026-08-14 12:03:30,80.1015625,1
2026-08-14 12:03:30,80.1015625,1
2026-08-14 12:03:30,80.1015625,1
2026-08-14 12:03:31,80.1015625,1
2026-08-14 12:03:31,80.1015625,1
2026-08-14 12:03:31,80.1015625,1
2026-08-14 12:03:31,80.1015625,1
2026-08-14 12:03:31,80.1015625,1
2026-08-14 12:03:31,80.1015625,1
2026-08-14 12:03:31,80.1015625,1
2026-08-14 12:03:31,80.1015625,1
2026-08-14 12:03:31,80.1015625,1
2026-08-14 12:03:31,80.1015625,1
2026-08-14 12:03:31,80.4375,1
2026-08-14 12:03:31,80.4375,1
2026-08-14 12:03:31,80.4375,1
2026-08-14 12:03:31,80.4375,1
2026-08-14 12:03:31,80.4375,1
2026-08-14 12:03:31,80.4375,1
2026-08-14 12:03:31,80.4375,1
2026-08-14 12:03:31,80.4375,1
2026-08-14 12:03:31,80.4375,1
2026-08-14 12:03:31,80.4375,1
2026-08-14 12:03:32,80.4375,1
2026-08-14 12:03:32,80.4375,1
2026-08-14 12:03:32,80.4375,1
2026-08-14 12:03:32,80.4375,1
2026-08-14 12:03:32,80.4375,1
2026-08-14 12:03:32,80.4375,1
2026-08-14 12:03:32,80.4375,1
2026-08-14 12:03:32,80.4375,1
2026-08-14 12:03:32,80.4375,1
2026-08-14 12:03:32,80.4375,1
2026-08-14 12:03:32,80.4375,1
2026-08-14 12:03:32,80.4375,1
2026-08-14 12:03:32,80.4375,1
2026-08-14 12:03:32,80.4375,1
2026-08-14 12:03:32,80.4375,1
2026-08-14 12:03:32,80.4375,1
2026-08-14 12:03:32,80.4375,1
2026-08-14 12:03:32,80.4375,1
2026-08-14 12:03:32,80.4375,1
2026-08-14 12:03:32,80.4375,1
2026-08-14 12:03:33,80.4375,1
2026-08-14 12:03:33,80.4375,1
2026-08-14 12:03:33,80.4375,1
2026-08-14 12:03:33,80.4375,1
2026-08-14 12:03:33,80.4375,1
2026-08-14 12:03:33,80.4375,1
2026-08-14 12:03:33,80.4375,1
2026-08-14 12:03:33,80.4375,1
2026-08-14 12:03:33,80.4375,1
2026-08-14 12:03:33,80.4375,1
2026-08-14 12:03:33,80.4375,1
2026-08-14 12:03:33,80.4375,1
2026-08-14 12:03:33,80.4375,1
2026-08-14 12:03:33,80.4375,1
2026-08-14 12:03:33,80.4375,1
2026-08-14 12:03:33,80.4375,1
2026-08-14 12:03:33,77.90625,1
2026-08-14 12:03:33,77.90625,1
2026-08-14 12:03:33,77.90625,1
2026-08-14 12:03:33,77.90625,1
2026-08-14 12:03:34,77.90625,1
2026-08-14 12:03:34,77.90625,1
2026-08-14 12:03:34,77.90625,1
2026-08-14 12:03:34,77.90625,1
2026-08-14 12:03:34,77.90625,1
2026-08-14 12:03:34,77.90625,1
2026-08-14 12:03:34,77.90625,1
2026-08-14 12:03:34,77.90625,1
2026-08-14 12:03:34,77.90625,1
2026-08-14 12:03:34,77.90625,1
2026-08-14 12:03:34,77.90625,1
2026-08-14 12:03:34,77.90625,1
2026-08-14 12:03:34,77.90625,1
2026-08-14 12:03:34,77.90625,1
2026-08-14 12:03:34,77.90625,1
2026-08-14 12:03:34,77.90625,1
2026-08-14 12:03:34,77.90625,1
2026-08-14 12:03:34,77.90625,1
2026-08-14 12:03:34,77.90625,1
2026-08-14 12:03:34,77.90625,1
2026-08-14 12:03:35,77.90625,1
2026-08-14 12:03:35,77.90625,1
2026-08-14 12:03:35,77.90625,1
2026-08-14 12:03:35,77.90625,1
2026-08-14 12:03:35,77.90625,1
2026-08-14 12:03:35,77.90625,1
2026-08-14 12:03:35,77.90625,1
2026-08-14 12:03:35,77.90625,1
2026-08-14 12:03:35,77.90625,1
2026-08-14 12:03:35,77.90625,1
2026-08-14 12:03:35,77.90625,1
2026-08-14 12:03:35,77.90625,1
2026-08-14 12:03:35,77.90625,1
2026-08-14 12:03:35,77.90625,1
2026-08-14 12:03:35,77.90625,1
2026-08-14 12:03:35,77.90625,1
2026-08-14 12:03:35,77.90625,1
2026-08-14 12:03:35,77.90625,1
2026-08-14 12:03:35,77.90625,1
2026-08-14 12:03:35,77.90625,1
2026-08-14 12:03:36,77.90625,1
2026-08-14 12:03:36,77.90625,1
2026-08-14 12:03:36,82.96875,1
2026-08-14 12:03:36,82.96875,1
2026-08-14 12:03:36,82.96875,1
2026-08-14 12:03:36,82.96875,1
2026-08-14 12:03:36,82.96875,1
2026-08-14 12:03:36,82.96875,1
2026-08-14 12:03:36,82.96875,1
2026-08-14 12:03:36,82.96875,1
2026-08-14 12:03:36,82.96875,1
2026-08-14 12:03:36,82.96875,1
2026-08-14 12:03:36,82.96875,1
2026-08-14 12:03:36,82.96875,1
2026-08-14 12:03:36,82.96875,1
2026-08-14 12:03:36,82.96875,1
2026-08-14 12:03:36,82.96875,1
2026-08-14 12:03:36,82.96875,1
2026-08-14 12:03:36,82.96875,1
2026-08-14 12:03:36,82.96875,1
2026-08-14 12:03:37,82.96875,1
2026-08-14 12:03:37,82.96875,1
2026-08-14 12:03:37,82.96875,1
2026-08-14 12:03:37,82.96875,1
2026-08-14 12:03:37,82.96875,1
2026-08-14 12:03:37,82.96875,1
2026-08-14 12:03:37,82.96875,1
2026-08-14 12:03:37,82.96875,1
2026-08-14 12:03:37,84.26171875,1
2026-08-14 12:03:37,84.26171875,1
2026-08-14 12:03:37,84.26171875,1
2026-08-14 12:03:37,84.26171875,1
2026-08-14 12:03:37,84.26171875,1
2026-08-14 12:03:37,84.26171875,1
2026-08-14 12:03:37,84.26171875,1
2026-08-14 12:03:37,84.26171875,1
2026-08-14 12:03:37,84.26171875,1
2026-08-14 12:03:37,84.26171875,1
2026-08-14 12:03:37,84.26171875,1
2026-08-14 12:03:37,84.26171875,1
2026-08-14 12:03:38,84.26171875,1
2026-08-14 12:03:38,84.26171875,1
2026-08-14 12:03:38,84.26171875,1
2026-08-14 12:03:38,84.26171875,1
2026-08-14 12:03:38,84.26171875,1
2026-08-14 12:03:38,84.26171875,1
2026-08-14 12:03:38,84.26171875,1
2026-08-14 12:03:38,84.26171875,1
2026-08-14 12:03:38,84.26171875,1
2026-08-14 12:03:38,84.26171875,1
2026-08-14 12:03:38,84.26171875,1
2026-08-14 12:03:38,84.26171875,1
2026-08-14 12:03:38,84.26171875,1
2026-08-14 12:03:38,84.26171875,1
2026-08-14 12:03:38,84.26171875,1
2026-08-14 12:03:38,84.26171875,1
2026-08-14 12:03:38,84.26171875,1
2026-08-14 12:03:38,84.26171875,1
2026-08-14 12:03:38,84.26171875,1
2026-08-14 12:03:38,84.26171875,1
2026-08-14 12:03:39,84.26171875,1
2026-08-14 12:03:39,84.26171875,1
2026-08-14 12:03:39,84.26171875,1
2026-08-14 12:03:39,84.26171875,1
2026-08-14 12:03:39,84.26171875,1
2026-08-14 12:03:39,84.26171875,1
2026-08-14 12:03:39,84.26171875,1
2026-08-14 12:03:39,84.26171875,1
2026-08-14 12:03:39,84.26171875,1
2026-08-14 12:03:39,84.26171875,1
2026-08-14 12:03:39,84.26171875,1
2026-08-14 12:03:39,84.26171875,1
2026-08-14 12:03:39,84.26171875,1
2026-08-14 12:03:39,84.26171875,1
2026-08-14 12:03:39,84.26171875,1
2026-08-14 12:03:39,84.26171875,1
2026-08-14 12:03:39,79.70703125,1
2026-08-14 12:03:39,79.70703125,1
2026-08-14 12:03:39,79.70703125,1
2026-08-14 12:03:39,79.70703125,1
2026-08-14 12:03:40,79.70703125,1
2026-08-14 12:03:40,79.70703125,1
2026-08-14 12:03:40,79.70703125,1
2026-08-14 12:03:40,79.70703125,1
2026-08-14 12:03:40,79.70703125,1
2026-08-14 12:03:40,79.70703125,1
2026-08-14 12:03:40,79.48046875,1
2026-08-14 12:03:40,79.48046875,1
2026-08-14 12:03:40,79.48046875,1
2026-08-14 12:03:40,79.48046875,1
2026-08-14 12:03:40,79.48046875,1
2026-08-14 12:03:40,79.48046875,1
2026-08-14 12:03:40,79.48046875,1
2026-08-14 12:03:40,79.48046875,1
2026-08-14 12:03:40,79.48046875,1
2026-08-14 12:03:40,79.48046875,1
2026-08-14 12:03:40,79.48046875,1
2026-08-14 12:03:40,79.48046875,1
2026-08-14 12:03:40,79.48046875,1
2026-08-14 12:03:40,79.48046875,1
2026-08-14 12:03:41,79.48046875,1
2026-08-14 12:03:41,79.48046875,1
2026-08-14 12:03:41,79.48046875,1
2026-08-14 12:03:41,79.48046875,1
2026-08-14 12:03:41,79.48046875,1
2026-08-14 12:03:41,79.48046875,1
2026-08-14 12:03:41,79.48046875,1
2026-08-14 12:03:41,79.48046875,1
2026-08-14 12:03:41,79.48046875,1
2026-08-14 12:03:41,79.48046875,1
2026-08-14 12:03:41,79.48046875,1
2026-08-14 12:03:41,79.48046875,1
2026-08-14 12:03:41,79.48046875,1
2026-08-14 12:03:41,79.48046875,1
2026-08-14 12:03:41,79.48046875,1
2026-08-14 12:03:41,79.48046875,1
2026-08-14 12:03:41,79.48046875,1
2026-08-14 12:03:41,79.48046875,1
2026-08-14 12:03:41,79.48046875,1
2026-08-14 12:03:41,79.48046875,1
2026-08-14 12:03:42,81.2265625,1
2026-08-14 12:03:42,81.2265625,1
2026-08-14 12:03:42,83.69921875,1
2026-08-14 12:03:42,83.69921875,1
2026-08-14 12:03:42,83.69921875,1
2026-08-14 12:03:42,83.69921875,1
2026-08-14 12:03:42,83.69921875,1
2026-08-14 12:03:42,83.69921875,1
2026-08-14 12:03:42,83.69921875,1
2026-08-14 12:03:42,83.69921875,1
2026-08-14 12:03:42,83.69921875,1
2026-08-14 12:03:42,83.69921875,1
2026-08-14 12:03:42,89.04296875,1
2026-08-14 12:03:42,89.04296875,1
2026-08-14 12:03:42,89.04296875,1
2026-08-14 12:03:42,89.04296875,1
2026-08-14 12:03:42,89.04296875,1
2026-08-14 12:03:42,89.04296875,1
2026-08-14 12:03:42,89.04296875,1
2026-08-14 12:03:42,89.04296875,1
2026-08-14 12:03:43,89.04296875,1
2026-08-14 12:03:43,89.04296875,1
2026-08-14 12:03:43,89.04296875,1
2026-08-14 12:03:43,89.04296875,1
2026-08-14 12:03:43,84.3203125,1
2026-08-14 12:03:43,84.3203125,1
2026-08-14 12:03:43,84.3203125,1
2026-08-14 12:03:43,84.3203125,1
2026-08-14 12:03:43,84.3203125,1
2026-08-14 12:03:43,84.3203125,1
2026-08-14 12:03:43,84.3203125,1
2026-08-14 12:03:43,84.3203125,1
2026-08-14 12:03:43,85.2734375,1
2026-08-14 12:03:43,85.2734375,1
2026-08-14 12:03:43,85.05078125,1
2026-08-14 12:03:43,85.05078125,1
2026-08-14 12:03:43,85.05078125,1
2026-08-14 12:03:43,85.05078125,1
2026-08-14 12:03:43,85.05078125,1
2026-08-14 12:03:43,85.05078125,1
2026-08-14 12:03:44,85.05078125,1
2026-08-14 12:03:44,85.05078125,1
2026-08-14 12:03:44,85.05078125,1
2026-08-14 12:03:44,85.05078125,1
2026-08-14 12:03:44,85.05078125,1
2026-08-14 12:03:44,85.05078125,1
2026-08-14 12:03:44,84.3203125,1
2026-08-14 12:03:44,84.3203125,1
2026-08-14 12:03:44,84.3203125,1
2026-08-14 12:03:44,84.3203125,1
2026-08-14 12:03:44,84.3203125,1
2026-08-14 12:03:44,84.3203125,1
2026-08-14 12:03:44,84.3203125,1
2026-08-14 12:03:44,84.3203125,1
2026-08-14 12:03:44,84.3203125,1
2026-08-14 12:03:44,84.3203125,1
2026-08-14 12:03:44,84.3203125,1
2026-08-14 12:03:44,84.3203125,1
2026-08-14 12:03:44,84.3203125,1
2026-08-14 12:03:44,84.3203125,1
2026-08-14 12:03:45,84.3203125,1
2026-08-14 12:03:45,84.3203125,1
2026-08-14 12:03:45,84.3203125,1
2026-08-14 12:03:45,84.3203125,1
2026-08-14 12:03:45,84.3203125,1
2026-08-14 12:03:45,84.3203125,1
2026-08-14 12:03:45,84.3203125,1
2026-08-14 12:03:45,84.3203125,1
2026-08-14 12:03:45,84.3203125,1
2026-08-14 12:03:45,84.3203125,1
2026-08-14 12:03:45,84.3203125,1
2026-08-14 12:03:45,84.3203125,1
2026-08-14 12:03:45,84.3203125,1
2026-08-14 12:03:45,84.3203125,1
2026-08-14 12:03:45,84.3203125,1
2026-08-14 12:03:45,84.3203125,1
2026-08-14 12:03:45,84.3203125,1
2026-08-14 12:03:45,84.3203125,1
2026-08-14 12:03:45,84.3203125,1
2026-08-14 12:03:45,84.3203125,1
2026-08-14 12:03:46,84.3203125,1
2026-08-14 12:03:46,84.3203125,1
2026-08-14 12:03:46,84.3203125,1
2026-08-14 12:03:46,84.3203125,1
2026-08-14 12:03:46,84.3203125,1
2026-08-14 12:03:46,84.3203125,1
2026-08-14 12:03:46,84.3203125,1
2026-08-14 12:03:46,84.3203125,1
2026-08-14 12:03:46,85.38671875,1
2026-08-14 12:03:46,85.38671875,1
2026-08-14 12:03:46,85.38671875,1
2026-08-14 12:03:46,85.38671875,1
2026-08-14 12:03:46,85.38671875,1
2026-08-14 12:03:46,85.38671875,1
2026-08-14 12:03:46,85.38671875,1
2026-08-14 12:03:46,85.38671875,1
2026-08-14 12:03:46,85.38671875,1
2026-08-14 12:03:46,85.38671875,1
2026-08-14 12:03:46,85.38671875,1
2026-08-14 12:03:46,85.38671875,1
2026-08-14 12:03:47,87.07421875,1
2026-08-14 12:03:47,87.07421875,1
2026-08-14 12:03:47,87.07421875,1
2026-08-14 12:03:47,87.07421875,1
2026-08-14 12:03:47,87.07421875,1
2026-08-14 12:03:47,87.07421875,1
2026-08-14 12:03:47,87.07421875,1
2026-08-14 12:03:47,87.07421875,1
2026-08-14 12:03:47,87.07421875,1
2026-08-14 12:03:47,87.07421875,1
2026-08-14 12:03:47,87.07421875,1
2026-08-14 12:03:47,87.07421875,1
2026-08-14 12:03:47,87.07421875,1
2026-08-14 12:03:47,87.07421875,1
2026-08-14 12:03:47,87.07421875,1
2026-08-14 12:03:47,87.07421875,1
2026-08-14 12:03:47,87.07421875,1
2026-08-14 12:03:47,87.07421875,1
2026-08-14 12:03:47,87.07421875,1
2026-08-14 12:03:47,87.07421875,1
2026-08-14 12:03:48,87.07421875,1
2026-08-14 12:03:48,87.07421875,1
2026-08-14 12:03:48,87.86328125,1
2026-08-14 12:03:48,87.86328125,1
2026-08-14 12:03:48,87.63671875,1
2026-08-14 12:03:48,87.63671875,1
2026-08-14 12:03:48,87.63671875,1
2026-08-14 12:03:48,87.63671875,1
2026-08-14 12:03:48,87.63671875,1
2026-08-14 12:03:48,87.63671875,1
2026-08-14 12:03:48,87.63671875,1
2026-08-14 12:03:48,87.63671875,1
2026-08-14 12:03:48,87.63671875,1
2026-08-14 12:03:48,87.63671875,1
2026-08-14 12:03:48,87.63671875,1
2026-08-14 12:03:48,87.63671875,1
2026-08-14 12:03:48,87.63671875,1
2026-08-14 12:03:48,87.63671875,1
2026-08-14 12:03:48,87.63671875,1
2026-08-14 12:03:48,87.63671875,1
2026-08-14 12:03:49,87.63671875,1
2026-08-14 12:03:49,87.63671875,1
2026-08-14 12:03:49,87.63671875,1
2026-08-14 12:03:49,87.63671875,1
2026-08-14 12:03:49,87.63671875,1
2026-08-14 12:03:49,87.63671875,1
2026-08-14 12:03:49,87.63671875,1
2026-08-14 12:03:49,87.63671875,1
2026-08-14 12:03:49,87.63671875,1
2026-08-14 12:03:49,87.63671875,1
2026-08-14 12:03:49,87.63671875,1
2026-08-14 12:03:49,87.63671875,1
2026-08-14 12:03:49,87.63671875,1
2026-08-14 12:03:49,87.63671875,1
2026-08-14 12:03:49,87.63671875,1
2026-08-14 12:03:49,87.63671875,1
2026-08-14 12:03:49,87.63671875,1
2026-08-14 12:03:49,87.63671875,1
2026-08-14 12:03:49,87.63671875,1
2026-08-14 12:03:49,87.63671875,1
2026-08-14 12:03:50,87.63671875,1
2026-08-14 12:03:50,87.63671875,1
2026-08-14 12:03:50,87.63671875,1
2026-08-14 12:03:50,87.63671875,1
2026-08-14 12:03:50,87.63671875,1
2026-08-14 12:03:50,87.63671875,1
2026-08-14 12:03:50,84.54296875,1
2026-08-14 12:03:50,84.54296875,1
2026-08-14 12:03:50,84.26171875,1
2026-08-14 12:03:50,84.26171875,1
2026-08-14 12:03:50,84.26171875,1
2026-08-14 12:03:50,84.26171875,1
2026-08-14 12:03:50,84.26171875,1
2026-08-14 12:03:50,84.26171875,1
2026-08-14 12:03:50,84.26171875,1
2026-08-14 12:03:50,84.26171875,1
2026-08-14 12:03:50,84.26171875,1
2026-08-14 12:03:50,84.26171875,1
2026-08-14 12:03:50,84.26171875,1
2026-08-14 12:03:50,84.26171875,1
2026-08-14 12:03:51,84.26171875,1
2026-08-14 12:03:51,84.26171875,1
2026-08-14 12:03:51,84.26171875,1
2026-08-14 12:03:51,84.26171875,1
2026-08-14 12:03:51,84.26171875,1
2026-08-14 12:03:51,84.26171875,1
2026-08-14 12:03:51,84.26171875,1
2026-08-14 12:03:51,84.26171875,1
2026-08-14 12:03:51,84.26171875,1
2026-08-14 12:03:51,84.26171875,1
2026-08-14 12:03:51,83.53125,1
2026-08-14 12:03:51,83.53125,1
2026-08-14 12:03:51,83.53125,1
2026-08-14 12:03:51,83.53125,1
2026-08-14 12:03:51,83.53125,1
2026-08-14 12:03:51,83.53125,1
2026-08-14 12:03:51,83.53125,1
2026-08-14 12:03:51,83.53125,1
2026-08-14 12:03:51,83.53125,1
2026-08-14 12:03:51,83.53125,1
2026-08-14 12:03:52,82.125,1
2026-08-14 12:03:52,82.125,1
2026-08-14 12:03:52,82.125,1
2026-08-14 12:03:52,82.125,1
2026-08-14 12:03:52,82.125,1
2026-08-14 12:03:52,82.125,1
2026-08-14 12:03:52,82.125,1
2026-08-14 12:03:52,82.125,1
2026-08-14 12:03:52,82.125,1
2026-08-14 12:03:52,82.125,1
2026-08-14 12:03:52,82.125,1
2026-08-14 12:03:52,82.125,1
2026-08-14 12:03:52,82.125,1
2026-08-14 12:03:52,82.125,1
2026-08-14 12:03:52,82.125,1
2026-08-14 12:03:52,82.125,1
2026-08-14 12:03:52,82.125,1
2026-08-14 12:03:52,82.125,1
2026-08-14 12:03:52,82.125,1
2026-08-14 12:03:52,82.125,1
2026-08-14 12:03:53,82.125,1
2026-08-14 12:03:53,82.125,1
2026-08-14 12:03:53,81.5078125,1
2026-08-14 12:03:53,81.5078125,1
2026-08-14 12:03:53,81.5078125,1
2026-08-14 12:03:53,81.5078125,1
2026-08-14 12:03:53,81.5078125,1
2026-08-14 12:03:53,81.5078125,1
2026-08-14 12:03:53,81.5078125,1
2026-08-14 12:03:53,81.5078125,1
2026-08-14 12:03:53,81.5078125,1
2026-08-14 12:03:53,81.5078125,1
2026-08-14 12:03:53,81.5078125,1
2026-08-14 12:03:53,81.5078125,1
2026-08-14 12:03:53,81.5078125,1
2026-08-14 12:03:53,81.5078125,1
2026-08-14 12:03:53,81.5078125,1
2026-08-14 12:03:53,81.5078125,1
2026-08-14 12:03:53,81.5078125,1
2026-08-14 12:03:53,81.5078125,1
2026-08-14 12:03:54,81.5078125,1
2026-08-14 12:03:54,81.5078125,1
2026-08-14 12:03:54,81.5078125,1
2026-08-14 12:03:54,81.5078125,1
2026-08-14 12:03:54,81.5078125,1
2026-08-14 12:03:54,81.5078125,1
2026-08-14 12:03:54,85.05078125,1
2026-08-14 12:03:54,85.05078125,1
2026-08-14 12:03:54,84.82421875,1
2026-08-14 12:03:54,84.82421875,1
2026-08-14 12:03:54,84.82421875,1
2026-08-14 12:03:54,84.82421875,1
2026-08-14 12:03:54,84.82421875,1
2026-08-14 12:03:54,84.82421875,1
2026-08-14 12:03:54,84.82421875,1
2026-08-14 12:03:54,84.82421875,1
2026-08-14 12:03:54,84.82421875,1
2026-08-14 12:03:54,84.82421875,1
2026-08-14 12:03:54,84.82421875,1
2026-08-14 12:03:54,84.82421875,1
2026-08-14 12:03:55,84.82421875,1
2026-08-14 12:03:55,84.82421875,1
2026-08-14 12:03:55,84.82421875,1
2026-08-14 12:03:55,84.82421875,1
2026-08-14 12:03:55,84.82421875,1
2026-08-14 12:03:55,84.82421875,1
2026-08-14 12:03:55,84.82421875,1
2026-08-14 12:03:55,84.82421875,1
2026-08-14 12:03:55,85.1640625,1
2026-08-14 12:03:55,85.1640625,1
2026-08-14 12:03:55,84.82421875,1
2026-08-14 12:03:55,84.82421875,1
2026-08-14 12:03:55,84.82421875,1
2026-08-14 12:03:55,84.82421875,1
2026-08-14 12:03:55,84.82421875,1
2026-08-14 12:03:55,84.82421875,1
2026-08-14 12:03:55,84.82421875,1
2026-08-14 12:03:55,84.82421875,1
2026-08-14 12:03:55,82.0703125,1
2026-08-14 12:03:55,82.0703125,1
2026-08-14 12:03:56,82.0703125,1
2026-08-14 12:03:56,82.0703125,1
2026-08-14 12:03:56,82.0703125,1
2026-08-14 12:03:56,82.0703125,1
2026-08-14 12:03:56,82.0703125,1
2026-08-14 12:03:56,82.0703125,1
2026-08-14 12:03:56,82.0703125,1
2026-08-14 12:03:56,82.0703125,1
2026-08-14 12:03:56,82.0703125,1
2026-08-14 12:03:56,82.0703125,1
2026-08-14 12:03:56,82.6328125,1
2026-08-14 12:03:56,82.6328125,1
2026-08-14 12:03:56,82.6328125,1
2026-08-14 12:03:56,82.6328125,1
2026-08-14 12:03:56,82.6328125,1
2026-08-14 12:03:56,82.6328125,1
2026-08-14 12:03:56,82.6328125,1
2026-08-14 12:03:56,82.6328125,1
2026-08-14 12:03:56,82.6328125,1
2026-08-14 12:03:56,82.6328125,1
2026-08-14 12:03:57,80.71875,1
2026-08-14 12:03:57,80.71875,1
2026-08-14 12:03:57,80.71875,1
2026-08-14 12:03:57,80.71875,1
2026-08-14 12:03:57,80.71875,1
2026-08-14 12:03:57,80.71875,1
2026-08-14 12:03:57,80.71875,1
2026-08-14 12:03:57,80.71875,1
2026-08-14 12:03:57,80.71875,1
2026-08-14 12:03:57,80.71875,1
2026-08-14 12:03:57,80.1015625,1
2026-08-14 12:03:57,80.1015625,1
2026-08-14 12:03:57,79.59375,1
2026-08-14 12:03:57,79.59375,1
2026-08-14 12:03:57,79.59375,1
2026-08-14 12:03:57,79.59375,1
2026-08-14 12:03:57,79.59375,1
2026-08-14 12:03:57,79.59375,1
2026-08-14 12:03:57,79.59375,1
2026-08-14 12:03:57,79.59375,1
2026-08-14 12:03:58,79.59375,1
2026-08-14 12:03:58,79.59375,1
2026-08-14 12:03:58,79.59375,1
2026-08-14 12:03:58,79.59375,1
2026-08-14 12:03:58,79.98828125,1
2026-08-14 12:03:58,79.98828125,1
2026-08-14 12:03:58,79.98828125,1
2026-08-14 12:03:58,79.98828125,1
2026-08-14 12:03:58,79.98828125,1
2026-08-14 12:03:58,79.98828125,1
2026-08-14 12:03:58,79.98828125,1
2026-08-14 12:03:58,79.98828125,1
2026-08-14 12:03:58,79.98828125,1
2026-08-14 12:03:58,79.98828125,1
2026-08-14 12:03:58,79.98828125,1
2026-08-14 12:03:58,79.98828125,1
2026-08-14 12:03:58,79.98828125,1
2026-08-14 12:03:58,79.98828125,1
2026-08-14 12:03:58,79.98828125,1
2026-08-14 12:03:58,79.98828125,1
2026-08-14 12:03:59,79.98828125,1
2026-08-14 12:03:59,79.98828125,1
2026-08-14 12:03:59,79.98828125,1
2026-08-14 12:03:59,79.98828125,1
2026-08-14 12:03:59,79.9296875,1
2026-08-14 12:03:59,79.9296875,1
2026-08-14 12:03:59,79.9296875,1
2026-08-14 12:03:59,79.9296875,1
2026-08-14 12:03:59,79.9296875,1
2026-08-14 12:03:59,79.9296875,1
2026-08-14 12:03:59,79.9296875,1
2026-08-14 12:03:59,79.9296875,1
2026-08-14 12:03:59,79.9296875,1
2026-08-14 12:03:59,79.9296875,1
2026-08-14 12:03:59,79.9296875,1
2026-08-14 12:03:59,79.9296875,1
2026-08-14 12:03:59,81.0546875,1
2026-08-14 12:03:59,81.0546875,1
2026-08-14 12:03:59,81.0546875,1
2026-08-14 12:03:59,81.0546875,1
2026-08-14 12:04:00,81.0546875,1
2026-08-14 12:04:00,81.0546875,1
2026-08-14 12:04:00,81.0546875,1
2026-08-14 12:04:00,81.0546875,1
2026-08-14 12:04:00,81.0546875,1
2026-08-14 12:04:00,81.0546875,1
2026-08-14 12:04:00,81.0546875,1
2026-08-14 12:04:00,81.0546875,1
2026-08-14 12:04:00,81.6171875,1
2026-08-14 12:04:00,81.6171875,1
2026-08-14 12:04:00,81.6171875,1
2026-08-14 12:04:00,81.6171875,1
2026-08-14 12:04:00,81.6171875,1
2026-08-14 12:04:00,81.6171875,1
2026-08-14 12:04:00,81.6171875,1
2026-08-14 12:04:00,81.6171875,1
2026-08-14 12:04:00,81.6171875,1
2026-08-14 12:04:00,81.6171875,1
2026-08-14 12:04:00,81.6171875,1
2026-08-14 12:04:00,81.6171875,1
2026-08-14 12:04:01,81.6171875,1
2026-08-14 12:04:01,81.6171875,1
2026-08-14 12:04:01,81.6171875,1
2026-08-14 12:04:01,81.6171875,1
2026-08-14 12:04:01,81.6171875,1
2026-08-14 12:04:01,81.6171875,1
2026-08-14 12:04:01,81.6171875,1
2026-08-14 12:04:01,81.6171875,1
2026-08-14 12:04:01,81.6171875,1
2026-08-14 12:04:01,81.6171875,1
2026-08-14 12:04:01,81.6171875,1
2026-08-14 12:04:01,81.6171875,1
2026-08-14 12:04:01,81.6171875,1
2026-08-14 12:04:01,81.6171875,1
2026-08-14 12:04:01,81.6171875,1
2026-08-14 12:04:01,81.6171875,1
2026-08-14 12:04:01,81.6171875,1
2026-08-14 12:04:01,81.6171875,1
2026-08-14 12:04:01,81.6171875,1
2026-08-14 12:04:01,81.6171875,1
2026-08-14 12:04:02,81.6171875,1
2026-08-14 12:04:02,81.6171875,1
2026-08-14 12:04:02,81.6171875,1
2026-08-14 12:04:02,81.6171875,1
2026-08-14 12:04:02,81.6171875,1
2026-08-14 12:04:02,81.6171875,1
2026-08-14 12:04:02,81.6171875,1
2026-08-14 12:04:02,81.6171875,1
2026-08-14 12:04:02,81.6171875,1
2026-08-14 12:04:02,81.6171875,1
2026-08-14 12:04:02,81.6171875,1
2026-08-14 12:04:02,81.6171875,1
2026-08-14 12:04:02,81.6171875,1
2026-08-14 12:04:02,81.6171875,1
2026-08-14 12:04:02,81.6171875,1
2026-08-14 12:04:02,81.6171875,1
2026-08-14 12:04:02,83.0234375,1
2026-08-14 12:04:02,83.0234375,1
2026-08-14 12:04:02,83.0234375,1
2026-08-14 12:04:02,83.0234375,1
2026-08-14 12:04:03,83.0234375,1
2026-08-14 12:04:03,83.0234375,1
2026-08-14 12:04:03,83.0234375,1
2026-08-14 12:04:03,83.0234375,1
2026-08-14 12:04:03,83.0234375,1
2026-08-14 12:04:03,83.0234375,1
2026-08-14 12:04:03,83.4765625,1
2026-08-14 12:04:03,83.4765625,1
2026-08-14 12:04:03,83.4765625,1
2026-08-14 12:04:03,83.4765625,1
2026-08-14 12:04:03,83.4765625,1
2026-08-14 12:04:03,83.4765625,1
2026-08-14 12:04:03,83.4765625,1
2026-08-14 12:04:03,83.4765625,1
2026-08-14 12:04:03,83.4765625,1
2026-08-14 12:04:03,83.4765625,1
2026-08-14 12:04:03,83.4765625,1
2026-08-14 12:04:03,83.4765625,1
2026-08-14 12:04:03,83.4765625,1
2026-08-14 12:04:03,83.4765625,1
2026-08-14 12:04:04,83.4765625,1
2026-08-14 12:04:04,83.4765625,1
2026-08-14 12:04:04,83.4765625,1
2026-08-14 12:04:04,83.4765625,1
2026-08-14 12:04:04,83.4765625,1
2026-08-14 12:04:04,83.4765625,1
2026-08-14 12:04:04,83.4765625,1
2026-08-14 12:04:04,83.4765625,1
2026-08-14 12:04:04,83.4765625,1
2026-08-14 12:04:04,83.4765625,1
2026-08-14 12:04:04,83.4765625,1
2026-08-14 12:04:04,83.4765625,1
2026-08-14 12:04:04,83.4765625,1
2026-08-14 12:04:04,83.4765625,1
2026-08-14 12:04:04,83.4765625,1
2026-08-14 12:04:04,83.4765625,1
2026-08-14 12:04:04,83.4765625,1
2026-08-14 12:04:04,83.4765625,1
2026-08-14 12:04:04,83.4765625,1
2026-08-14 12:04:04,83.4765625,1
2026-08-14 12:04:05,83.4765625,1
2026-08-14 12:04:05,83.4765625,1
2026-08-14 12:04:05,83.4765625,1
2026-08-14 12:04:05,83.4765625,1
2026-08-14 12:04:05,83.4765625,1
2026-08-14 12:04:05,83.4765625,1
2026-08-14 12:04:05,83.4765625,1
2026-08-14 12:04:05,83.4765625,1
2026-08-14 12:04:05,83.4765625,1
2026-08-14 12:04:05,83.4765625,1
2026-08-14 12:04:05,83.4765625,1
2026-08-14 12:04:05,83.4765625,1
2026-08-14 12:04:05,83.4765625,1
2026-08-14 12:04:05,83.4765625,1
2026-08-14 12:04:05,83.4765625,1
2026-08-14 12:04:05,83.4765625,1
2026-08-14 12:04:05,83.4765625,1
2026-08-14 12:04:05,83.4765625,1
2026-08-14 12:04:05,83.4765625,1
2026-08-14 12:04:05,83.4765625,1
2026-08-14 12:04:06,83.4765625,1
2026-08-14 12:04:06,83.4765625,1
2026-08-14 12:04:06,83.4765625,1
2026-08-14 12:04:06,83.4765625,1
2026-08-14 12:04:06,83.4765625,1
2026-08-14 12:04:06,83.4765625,1
2026-08-14 12:04:06,81.5625,1
2026-08-14 12:04:06,81.5625,1
2026-08-14 12:04:06,80.60546875,1
2026-08-14 12:04:06,80.60546875,1
2026-08-14 12:04:06,80.60546875,1
2026-08-14 12:04:06,80.60546875,1
2026-08-14 12:04:06,80.60546875,1
2026-08-14 12:04:06,80.60546875,1
2026-08-14 12:04:06,80.60546875,1
2026-08-14 12:04:06,80.60546875,1
2026-08-14 12:04:06,80.60546875,1
2026-08-14 12:04:06,80.60546875,1
2026-08-14 12:04:06,80.60546875,1
2026-08-14 12:04:06,80.60546875,1
2026-08-14 12:04:07,80.60546875,1
2026-08-14 12:04:07,80.60546875,1
2026-08-14 12:04:07,80.60546875,1
2026-08-14 12:04:07,80.60546875,1
2026-08-14 12:04:07,80.60546875,1
2026-08-14 12:04:07,80.60546875,1
2026-08-14 12:04:07,80.60546875,1
2026-08-14 12:04:07,80.60546875,1
2026-08-14 12:04:07,80.60546875,1
2026-08-14 12:04:07,80.60546875,1
2026-08-14 12:04:07,80.60546875,1
2026-08-14 12:04:07,80.60546875,1
2026-08-14 12:04:07,80.60546875,1
2026-08-14 12:04:07,80.60546875,1
2026-08-14 12:04:07,80.60546875,1
2026-08-14 12:04:07,80.60546875,1
2026-08-14 12:04:07,80.60546875,1
2026-08-14 12:04:07,80.60546875,1
2026-08-14 12:04:07,80.60546875,1
2026-08-14 12:04:07,80.60546875,1
2026-08-14 12:04:08,80.60546875,1
2026-08-14 12:04:08,80.60546875,1
2026-08-14 12:04:08,81.44921875,1
2026-08-14 12:04:08,81.44921875,1
2026-08-14 12:04:08,81.44921875,1
2026-08-14 12:04:08,81.44921875,1
2026-08-14 12:04:08,81.44921875,1
2026-08-14 12:04:08,81.44921875,1
2026-08-14 12:04:08,81.44921875,1
2026-08-14 12:04:08,81.44921875,1
2026-08-14 12:04:08,81.44921875,1
2026-08-14 12:04:08,81.44921875,1
2026-08-14 12:04:08,81.44921875,1
2026-08-14 12:04:08,81.44921875,1
2026-08-14 12:04:08,81.44921875,1
2026-08-14 12:04:08,81.44921875,1
2026-08-14 12:04:08,81.44921875,1
2026-08-14 12:04:08,81.44921875,1
2026-08-14 12:04:08,81.44921875,1
2026-08-14 12:04:08,81.44921875,1
2026-08-14 12:04:09,81.44921875,1
2026-08-14 12:04:09,81.44921875,1
2026-08-14 12:04:09,81.44921875,1
2026-08-14 12:04:09,81.44921875,1
2026-08-14 12:04:09,81.44921875,1
2026-08-14 12:04:09,81.44921875,1
2026-08-14 12:04:09,81.44921875,1
2026-08-14 12:04:09,81.44921875,1
2026-08-14 12:04:09,81.44921875,1
2026-08-14 12:04:09,81.44921875,1
2026-08-14 12:04:09,81.44921875,1
2026-08-14 12:04:09,81.44921875,1
2026-08-14 12:04:09,81.44921875,1
2026-08-14 12:04:09,81.44921875,1
2026-08-14 12:04:09,81.44921875,1
2026-08-14 12:04:09,81.44921875,1
2026-08-14 12:04:09,79.42578125,1
2026-08-14 12:04:09,79.42578125,1
2026-08-14 12:04:09,79.42578125,1
2026-08-14 12:04:09,79.42578125,1
2026-08-14 12:04:10,79.42578125,1
2026-08-14 12:04:10,79.42578125,1
2026-08-14 12:04:10,79.42578125,1
2026-08-14 12:04:10,79.42578125,1
2026-08-14 12:04:10,79.42578125,1
2026-08-14 12:04:10,79.42578125,1
2026-08-14 12:04:10,79.42578125,1
2026-08-14 12:04:10,79.42578125,1
2026-08-14 12:04:10,84.1484375,1
2026-08-14 12:04:10,84.1484375,1
2026-08-14 12:04:10,84.1484375,1
2026-08-14 12:04:10,84.1484375,1
2026-08-14 12:04:10,84.1484375,1
2026-08-14 12:04:10,84.1484375,1
2026-08-14 12:04:10,84.1484375,1
2026-08-14 12:04:10,84.1484375,1
2026-08-14 12:04:10,84.1484375,1
2026-08-14 12:04:10,84.1484375,1
2026-08-14 12:04:10,84.1484375,1
2026-08-14 12:04:10,84.1484375,1
2026-08-14 12:04:11,84.1484375,1
2026-08-14 12:04:11,84.1484375,1
2026-08-14 12:04:11,84.1484375,1
2026-08-14 12:04:11,84.1484375,1
2026-08-14 12:04:11,84.1484375,1
2026-08-14 12:04:11,84.1484375,1
2026-08-14 12:04:11,84.1484375,1
2026-08-14 12:04:11,84.1484375,1
2026-08-14 12:04:11,84.1484375,1
2026-08-14 12:04:11,84.1484375,1
2026-08-14 12:04:11,84.1484375,1
2026-08-14 12:04:11,84.1484375,1
2026-08-14 12:04:11,85.78125,1
2026-08-14 12:04:11,85.78125,1
2026-08-14 12:04:11,85.78125,1
2026-08-14 12:04:11,85.78125,1
2026-08-14 12:04:11,85.78125,1
2026-08-14 12:04:11,85.78125,1
2026-08-14 12:04:11,85.78125,1
2026-08-14 12:04:11,85.78125,1
2026-08-14 12:04:12,85.78125,1
2026-08-14 12:04:12,85.78125,1
2026-08-14 12:04:12,85.78125,1
2026-08-14 12:04:12,85.78125,1
2026-08-14 12:04:12,79.875,1
2026-08-14 12:04:12,79.875,1
2026-08-14 12:04:12,79.875,1
2026-08-14 12:04:12,79.875,1
2026-08-14 12:04:12,79.875,1
2026-08-14 12:04:12,79.875,1
2026-08-14 12:04:12,79.875,1
2026-08-14 12:04:12,79.875,1
2026-08-14 12:04:12,79.875,1
2026-08-14 12:04:12,79.875,1
2026-08-14 12:04:12,79.875,1
2026-08-14 12:04:12,79.875,1
2026-08-14 12:04:12,84.26171875,1
2026-08-14 12:04:12,84.26171875,1
2026-08-14 12:04:12,84.26171875,1
2026-08-14 12:04:12,84.26171875,1
2026-08-14 12:04:13,84.26171875,1
2026-08-14 12:04:13,84.26171875,1
2026-08-14 12:04:13,84.26171875,1
2026-08-14 12:04:13,84.26171875,1
2026-08-14 12:04:13,84.26171875,1
2026-08-14 12:04:13,84.26171875,1
2026-08-14 12:04:13,84.26171875,1
2026-08-14 12:04:13,84.26171875,1
2026-08-14 12:04:13,84.26171875,1
2026-08-14 12:04:13,84.26171875,1
2026-08-14 12:04:13,84.26171875,1
2026-08-14 12:04:13,84.26171875,1
2026-08-14 12:04:13,84.26171875,1
2026-08-14 12:04:13,84.26171875,1
2026-08-14 12:04:13,82.29296875,1
2026-08-14 12:04:13,82.29296875,1
2026-08-14 12:04:13,82.29296875,1
2026-08-14 12:04:13,82.29296875,1
2026-08-14 12:04:13,82.29296875,1
2026-08-14 12:04:13,82.29296875,1
2026-08-14 12:04:14,82.29296875,1
2026-08-14 12:04:14,82.29296875,1
2026-08-14 12:04:14,82.29296875,1
2026-08-14 12:04:14,82.29296875,1
2026-08-14 12:04:14,82.29296875,1
2026-08-14 12:04:14,82.29296875,1
2026-08-14 12:04:14,82.29296875,1
2026-08-14 12:04:14,82.29296875,1
2026-08-14 12:04:14,82.29296875,1
2026-08-14 12:04:14,82.29296875,1
2026-08-14 12:04:14,82.29296875,1
2026-08-14 12:04:14,82.29296875,1
2026-08-14 12:04:14,82.29296875,1
2026-08-14 12:04:14,82.29296875,1
2026-08-14 12:04:14,82.29296875,1
2026-08-14 12:04:14,82.29296875,1
2026-08-14 12:04:14,82.29296875,1
2026-08-14 12:04:14,82.29296875,1
2026-08-14 12:04:14,82.29296875,1
2026-08-14 12:04:14,82.29296875,1
2026-08-14 12:04:15,82.29296875,1
2026-08-14 12:04:15,82.29296875,1
2026-08-14 12:04:15,82.29296875,1
2026-08-14 12:04:15,82.29296875,1
2026-08-14 12:04:15,82.29296875,1
2026-08-14 12:04:15,82.29296875,1
2026-08-14 12:04:15,82.29296875,1
2026-08-14 12:04:15,82.29296875,1
2026-08-14 12:04:15,82.29296875,1
2026-08-14 12:04:15,82.29296875,1
2026-08-14 12:04:15,82.29296875,1
2026-08-14 12:04:15,82.29296875,1
2026-08-14 12:04:15,82.29296875,1
2026-08-14 12:04:15,82.29296875,1
2026-08-14 12:04:15,85.5,1
2026-08-14 12:04:15,85.5,1
2026-08-14 12:04:15,84.82421875,1
2026-08-14 12:04:15,84.82421875,1
2026-08-14 12:04:15,84.82421875,1
2026-08-14 12:04:15,84.82421875,1
2026-08-14 12:04:16,84.82421875,1
2026-08-14 12:04:16,84.82421875,1
2026-08-14 12:04:16,84.82421875,1
2026-08-14 12:04:16,84.82421875,1
2026-08-14 12:04:16,84.82421875,1
2026-08-14 12:04:16,84.82421875,1
2026-08-14 12:04:16,86.8515625,1
2026-08-14 12:04:16,86.8515625,1
2026-08-14 12:04:16,86.17578125,1
2026-08-14 12:04:16,86.17578125,1
2026-08-14 12:04:16,86.17578125,1
2026-08-14 12:04:16,86.17578125,1
2026-08-14 12:04:16,86.17578125,1
2026-08-14 12:04:16,86.17578125,1
2026-08-14 12:04:16,86.17578125,1
2026-08-14 12:04:16,86.17578125,1
2026-08-14 12:04:16,86.17578125,1
2026-08-14 12:04:16,86.17578125,1
2026-08-14 12:04:16,86.17578125,1
2026-08-14 12:04:16,86.17578125,1
2026-08-14 12:04:17,86.17578125,1
2026-08-14 12:04:17,86.17578125,1
2026-08-14 12:04:17,86.17578125,1
2026-08-14 12:04:17,86.17578125,1
2026-08-14 12:04:17,86.17578125,1
2026-08-14 12:04:17,86.17578125,1
2026-08-14 12:04:17,86.17578125,1
2026-08-14 12:04:17,86.17578125,1
2026-08-14 12:04:17,86.17578125,1
2026-08-14 12:04:17,86.17578125,1
2026-08-14 12:04:17,86.17578125,1
2026-08-14 12:04:17,86.17578125,1
2026-08-14 12:04:17,86.17578125,1
2026-08-14 12:04:17,86.17578125,1
2026-08-14 12:04:17,86.17578125,1
2026-08-14 12:04:17,86.17578125,1
2026-08-14 12:04:17,86.17578125,1
2026-08-14 12:04:17,86.17578125,1
2026-08-14 12:04:17,86.17578125,1
2026-08-14 12:04:17,86.17578125,1
2026-08-14 12:04:18,86.17578125,1
2026-08-14 12:04:18,86.17578125,1
2026-08-14 12:04:18,86.17578125,1
2026-08-14 12:04:18,86.17578125,1
2026-08-14 12:04:18,86.17578125,1
2026-08-14 12:04:18,86.17578125,1
2026-08-14 12:04:18,86.17578125,1
2026-08-14 12:04:18,86.17578125,1
2026-08-14 12:04:18,86.17578125,1
2026-08-14 12:04:18,86.17578125,1
2026-08-14 12:04:18,86.17578125,1
2026-08-14 12:04:18,86.17578125,1
2026-08-14 12:04:18,86.17578125,1
2026-08-14 12:04:18,86.17578125,1
2026-08-14 12:04:18,86.17578125,1
2026-08-14 12:04:18,86.17578125,1
2026-08-14 12:04:18,86.17578125,1
2026-08-14 12:04:18,86.17578125,1
2026-08-14 12:04:18,86.17578125,1
2026-08-14 12:04:18,86.17578125,1
2026-08-14 12:04:19,86.17578125,1
2026-08-14 12:04:19,86.17578125,1
2026-08-14 12:04:19,86.17578125,1
2026-08-14 12:04:19,86.17578125,1
2026-08-14 12:04:19,86.17578125,1
2026-08-14 12:04:19,86.17578125,1
2026-08-14 12:04:19,86.17578125,1
2026-08-14 12:04:19,86.17578125,1
2026-08-14 12:04:19,86.17578125,1
2026-08-14 12:04:19,86.17578125,1
2026-08-14 12:04:19,86.17578125,1
2026-08-14 12:04:19,86.17578125,1
2026-08-14 12:04:19,86.17578125,1
2026-08-14 12:04:19,86.17578125,1
2026-08-14 12:04:19,86.17578125,1
2026-08-14 12:04:19,86.17578125,1
2026-08-14 12:04:19,86.17578125,1
2026-08-14 12:04:19,86.17578125,1
2026-08-14 12:04:19,86.17578125,1
2026-08-14 12:04:19,86.17578125,1
2026-08-14 12:04:20,86.17578125,1
2026-08-14 12:04:20,86.17578125,1
2026-08-14 12:04:20,86.17578125,1
2026-08-14 12:04:20,86.17578125,1
2026-08-14 12:04:20,86.17578125,1
2026-08-14 12:04:20,86.17578125,1
2026-08-14 12:04:20,84.09375,1
2026-08-14 12:04:20,84.09375,1
2026-08-14 12:04:20,83.3046875,1
2026-08-14 12:04:20,83.3046875,1
2026-08-14 12:04:20,83.3046875,1
2026-08-14 12:04:20,83.3046875,1
2026-08-14 12:04:20,83.3046875,1
2026-08-14 12:04:20,83.3046875,1
2026-08-14 12:04:20,83.3046875,1
2026-08-14 12:04:20,83.3046875,1
2026-08-14 12:04:20,83.3046875,1
2026-08-14 12:04:20,83.3046875,1
2026-08-14 12:04:20,83.3046875,1
2026-08-14 12:04:20,83.3046875,1
2026-08-14 12:04:21,83.08203125,1
2026-08-14 12:04:21,83.08203125,1
2026-08-14 12:04:21,83.08203125,1
2026-08-14 12:04:21,83.08203125,1
2026-08-14 12:04:21,83.08203125,1
2026-08-14 12:04:21,83.08203125,1
2026-08-14 12:04:21,83.08203125,1
2026-08-14 12:04:21,83.08203125,1
2026-08-14 12:04:21,83.08203125,1
2026-08-14 12:04:21,83.08203125,1
2026-08-14 12:04:21,83.08203125,1
2026-08-14 12:04:21,83.08203125,1
2026-08-14 12:04:21,83.13671875,1
2026-08-14 12:04:21,83.13671875,1
2026-08-14 12:04:21,83.4765625,1
2026-08-14 12:04:21,83.4765625,1
2026-08-14 12:04:21,83.4765625,1
2026-08-14 12:04:21,83.4765625,1
2026-08-14 12:04:21,83.4765625,1
2026-08-14 12:04:21,83.4765625,1
2026-08-14 12:04:22,83.4765625,1
2026-08-14 12:04:22,83.4765625,1
2026-08-14 12:04:22,83.4765625,1
2026-08-14 12:04:22,83.4765625,1
2026-08-14 12:04:22,83.4765625,1
2026-08-14 12:04:22,83.4765625,1
2026-08-14 12:04:22,83.5859375,1
2026-08-14 12:04:22,83.5859375,1
2026-08-14 12:04:22,83.5859375,1
2026-08-14 12:04:22,83.5859375,1
2026-08-14 12:04:22,83.5859375,1
2026-08-14 12:04:22,83.5859375,1
2026-08-14 12:04:22,83.5859375,1
2026-08-14 12:04:22,83.5859375,1
2026-08-14 12:04:22,83.5859375,1
2026-08-14 12:04:22,83.5859375,1
2026-08-14 12:04:22,83.5859375,1
2026-08-14 12:04:22,83.5859375,1
2026-08-14 12:04:22,83.5859375,1
2026-08-14 12:04:22,83.5859375,1
2026-08-14 12:04:23,83.5859375,1
2026-08-14 12:04:23,83.5859375,1
2026-08-14 12:04:23,83.5859375,1
2026-08-14 12:04:23,83.5859375,1
2026-08-14 12:04:23,83.5859375,1
2026-08-14 12:04:23,83.5859375,1
2026-08-14 12:04:23,83.1953125,1
2026-08-14 12:04:23,83.1953125,1
2026-08-14 12:04:23,83.1953125,1
2026-08-14 12:04:23,83.1953125,1
2026-08-14 12:04:23,83.1953125,1
2026-08-14 12:04:23,83.1953125,1
2026-08-14 12:04:23,83.1953125,1
2026-08-14 12:04:23,83.1953125,1
2026-08-14 12:04:23,83.1953125,1
2026-08-14 12:04:23,83.1953125,1
2026-08-14 12:04:23,83.1953125,1
2026-08-14 12:04:23,83.1953125,1
2026-08-14 12:04:23,83.1953125,1
2026-08-14 12:04:23,83.1953125,1
2026-08-14 12:04:24,83.64453125,1
2026-08-14 12:04:24,83.64453125,1
2026-08-14 12:04:24,83.64453125,1
2026-08-14 12:04:24,83.64453125,1
2026-08-14 12:04:24,83.64453125,1
2026-08-14 12:04:24,83.64453125,1
2026-08-14 12:04:24,83.64453125,1
2026-08-14 12:04:24,83.64453125,1
2026-08-14 12:04:24,83.64453125,1
2026-08-14 12:04:24,83.64453125,1
2026-08-14 12:04:24,83.64453125,1
2026-08-14 12:04:24,83.64453125,1
2026-08-14 12:04:24,83.64453125,1
2026-08-14 12:04:24,83.64453125,1
2026-08-14 12:04:24,83.64453125,1
2026-08-14 12:04:24,83.64453125,1
2026-08-14 12:04:24,83.64453125,1
2026-08-14 12:04:24,83.64453125,1
2026-08-14 12:04:24,83.64453125,1
2026-08-14 12:04:24,83.64453125,1
2026-08-14 12:04:25,83.64453125,1
2026-08-14 12:04:25,83.64453125,1
2026-08-14 12:04:25,83.64453125,1
2026-08-14 12:04:25,83.64453125,1
2026-08-14 12:04:25,83.64453125,1
2026-08-14 12:04:25,83.64453125,1
2026-08-14 12:04:25,83.64453125,1
2026-08-14 12:04:25,83.64453125,1
2026-08-14 12:04:25,83.64453125,1
2026-08-14 12:04:25,83.64453125,1
2026-08-14 12:04:25,83.64453125,1
2026-08-14 12:04:25,83.64453125,1
2026-08-14 12:04:25,83.64453125,1
2026-08-14 12:04:25,83.64453125,1
2026-08-14 12:04:25,83.64453125,1
2026-08-14 12:04:25,83.64453125,1
2026-08-14 12:04:25,83.64453125,1
2026-08-14 12:04:25,83.64453125,1
2026-08-14 12:04:25,83.64453125,1
2026-08-14 12:04:25,83.64453125,1
2026-08-14 12:04:26,84.9375,1
2026-08-14 12:04:26,84.9375,1
2026-08-14 12:04:26,84.9375,1
2026-08-14 12:04:26,84.9375,1
2026-08-14 12:04:26,84.9375,1
2026-08-14 12:04:26,84.9375,1
2026-08-14 12:04:26,84.9375,1
2026-08-14 12:04:26,84.9375,1
2026-08-14 12:04:26,84.9375,1
2026-08-14 12:04:26,84.9375,1
2026-08-14 12:04:26,84.9375,1
2026-08-14 12:04:26,84.9375,1
2026-08-14 12:04:26,84.9375,1
2026-08-14 12:04:26,84.9375,1
2026-08-14 12:04:26,84.9375,1
2026-08-14 12:04:26,84.9375,1
2026-08-14 12:04:26,84.9375,1
2026-08-14 12:04:26,84.9375,1
2026-08-14 12:04:26,84.9375,1
2026-08-14 12:04:26,84.9375,1
2026-08-14 12:04:27,84.9375,1
2026-08-14 12:04:27,84.9375,1
2026-08-14 12:04:27,84.82421875,1
2026-08-14 12:04:27,84.82421875,1
2026-08-14 12:04:27,84.82421875,1
2026-08-14 12:04:27,84.82421875,1
2026-08-14 12:04:27,84.82421875,1
2026-08-14 12:04:27,84.82421875,1
2026-08-14 12:04:27,84.82421875,1
2026-08-14 12:04:27,84.82421875,1
2026-08-14 12:04:27,84.82421875,1
2026-08-14 12:04:27,84.82421875,1
2026-08-14 12:04:27,84.82421875,1
2026-08-14 12:04:27,84.82421875,1
2026-08-14 12:04:27,84.82421875,1
2026-08-14 12:04:27,84.82421875,1
2026-08-14 12:04:27,84.82421875,1
2026-08-14 12:04:27,84.82421875,1
2026-08-14 12:04:27,84.82421875,1
2026-08-14 12:04:27,84.82421875,1
2026-08-14 12:04:28,84.82421875,1
2026-08-14 12:04:28,84.82421875,1
2026-08-14 12:04:28,84.82421875,1
2026-08-14 12:04:28,84.82421875,1
2026-08-14 12:04:28,84.82421875,1
2026-08-14 12:04:28,84.82421875,1
2026-08-14 12:04:28,84.82421875,1
2026-08-14 12:04:28,84.82421875,1
2026-08-14 12:04:28,84.82421875,1
2026-08-14 12:04:28,84.82421875,1
2026-08-14 12:04:28,84.82421875,1
2026-08-14 12:04:28,84.82421875,1
2026-08-14 12:04:28,84.82421875,1
2026-08-14 12:04:28,84.82421875,1
2026-08-14 12:04:28,84.3203125,1
2026-08-14 12:04:28,84.3203125,1
2026-08-14 12:04:28,84.3203125,1
2026-08-14 12:04:28,84.3203125,1
2026-08-14 12:04:28,84.3203125,1
2026-08-14 12:04:28,84.3203125,1
2026-08-14 12:04:29,84.3203125,1
2026-08-14 12:04:29,84.3203125,1
2026-08-14 12:04:29,84.3203125,1
2026-08-14 12:04:29,84.3203125,1
2026-08-14 12:04:29,84.3203125,1
2026-08-14 12:04:29,84.3203125,1
2026-08-14 12:04:29,84.3203125,1
2026-08-14 12:04:29,84.3203125,1
2026-08-14 12:04:29,84.3203125,1
2026-08-14 12:04:29,84.3203125,1
2026-08-14 12:04:29,84.3203125,1
2026-08-14 12:04:29,84.3203125,1
2026-08-14 12:04:29,84.3203125,1
2026-08-14 12:04:29,84.3203125,1
2026-08-14 12:04:29,84.3203125,1
2026-08-14 12:04:29,84.3203125,1
2026-08-14 12:04:29,84.3203125,1
2026-08-14 12:04:29,84.3203125,1
2026-08-14 12:04:29,83.98046875,1
2026-08-14 12:04:29,83.98046875,1
2026-08-14 12:04:30,83.98046875,1
2026-08-14 12:04:30,83.98046875,1
2026-08-14 12:04:30,83.98046875,1
2026-08-14 12:04:30,83.98046875,1
2026-08-14 12:04:30,83.98046875,1
2026-08-14 12:04:30,83.98046875,1
2026-08-14 12:04:30,83.98046875,1
2026-08-14 12:04:30,83.98046875,1
2026-08-14 12:04:30,83.98046875,1
2026-08-14 12:04:30,83.98046875,1
2026-08-14 12:04:30,83.98046875,1
2026-08-14 12:04:30,83.98046875,1
2026-08-14 12:04:30,83.98046875,1
2026-08-14 12:04:30,83.98046875,1
2026-08-14 12:04:30,83.98046875,1
2026-08-14 12:04:30,83.98046875,1
2026-08-14 12:04:30,83.98046875,1
2026-08-14 12:04:30,83.98046875,1
2026-08-14 12:04:30,83.98046875,1
2026-08-14 12:04:30,83.98046875,1
2026-08-14 12:04:31,83.98046875,1
2026-08-14 12:04:31,83.98046875,1
2026-08-14 12:04:31,83.98046875,1
2026-08-14 12:04:31,83.98046875,1
2026-08-14 12:04:31,83.98046875,1
2026-08-14 12:04:31,83.98046875,1
2026-08-14 12:04:31,83.98046875,1
2026-08-14 12:04:31,83.98046875,1
2026-08-14 12:04:31,83.98046875,1
2026-08-14 12:04:31,83.98046875,1
2026-08-14 12:04:31,84.0390625,1
2026-08-14 12:04:31,84.0390625,1
2026-08-14 12:04:31,84.0390625,1
2026-08-14 12:04:31,84.0390625,1
2026-08-14 12:04:31,84.0390625,1
2026-08-14 12:04:31,84.0390625,1
2026-08-14 12:04:31,84.0390625,1
2026-08-14 12:04:31,84.0390625,1
2026-08-14 12:04:31,84.0390625,1
2026-08-14 12:04:31,84.0390625,1
2026-08-14 12:04:32,84.0390625,1
2026-08-14 12:04:32,84.0390625,1
2026-08-14 12:04:32,84.0390625,1
2026-08-14 12:04:32,84.0390625,1
2026-08-14 12:04:32,83.0234375,1
2026-08-14 12:04:32,83.0234375,1
2026-08-14 12:04:32,83.0234375,1
2026-08-14 12:04:32,83.0234375,1
2026-08-14 12:04:32,83.0234375,1
2026-08-14 12:04:32,83.0234375,1
2026-08-14 12:04:32,83.0234375,1
2026-08-14 12:04:32,83.0234375,1
2026-08-14 12:04:32,83.0234375,1
2026-08-14 12:04:32,83.0234375,1
2026-08-14 12:04:32,81.6171875,1
2026-08-14 12:04:32,81.6171875,1
2026-08-14 12:04:32,81.6171875,1
2026-08-14 12:04:32,81.6171875,1
2026-08-14 12:04:32,81.6171875,1
2026-08-14 12:04:32,81.6171875,1
2026-08-14 12:04:33,81.6171875,1
2026-08-14 12:04:33,81.6171875,1
2026-08-14 12:04:33,81.6171875,1
2026-08-14 12:04:33,81.6171875,1
2026-08-14 12:04:33,81.6171875,1
2026-08-14 12:04:33,81.6171875,1
2026-08-14 12:04:33,81.6171875,1
2026-08-14 12:04:33,81.6171875,1
2026-08-14 12:04:33,81.6171875,1
2026-08-14 12:04:33,81.6171875,1
2026-08-14 12:04:33,81.6171875,1
2026-08-14 12:04:33,81.6171875,1
2026-08-14 12:04:33,81.6171875,1
2026-08-14 12:04:33,81.6171875,1
2026-08-14 12:04:33,81.6171875,1
2026-08-14 12:04:33,81.6171875,1
2026-08-14 12:04:33,81.6171875,1
2026-08-14 12:04:33,81.6171875,1
2026-08-14 12:04:33,81.6171875,1
2026-08-14 12:04:33,81.6171875,1
2026-08-14 12:04:34,81.6171875,1
2026-08-14 12:04:34,81.6171875,1
2026-08-14 12:04:34,81.6171875,1
2026-08-14 12:04:34,81.6171875,1
2026-08-14 12:04:34,81.6171875,1
2026-08-14 12:04:34,81.6171875,1
2026-08-14 12:04:34,81.6171875,1
2026-08-14 12:04:34,81.6171875,1
2026-08-14 12:04:34,81.6171875,1
2026-08-14 12:04:34,81.6171875,1
2026-08-14 12:04:34,81.6171875,1
2026-08-14 12:04:34,81.6171875,1
2026-08-14 12:04:34,81.6171875,1
2026-08-14 12:04:34,81.6171875,1
2026-08-14 12:04:34,81.6171875,1
2026-08-14 12:04:34,81.6171875,1
2026-08-14 12:04:34,81.6171875,1
2026-08-14 12:04:34,81.6171875,1
2026-08-14 12:04:34,81.6171875,1
2026-08-14 12:04:34,81.6171875,1
2026-08-14 12:04:35,79.48046875,1
2026-08-14 12:04:35,79.48046875,1
2026-08-14 12:04:35,79.48046875,1
2026-08-14 12:04:35,79.48046875,1
2026-08-14 12:04:35,79.48046875,1
2026-08-14 12:04:35,79.48046875,1
2026-08-14 12:04:35,79.48046875,1
2026-08-14 12:04:35,79.48046875,1
2026-08-14 12:04:35,79.48046875,1
2026-08-14 12:04:35,79.48046875,1
2026-08-14 12:04:35,79.48046875,1
2026-08-14 12:04:35,79.48046875,1
2026-08-14 12:04:35,79.48046875,1
2026-08-14 12:04:35,79.48046875,1
2026-08-14 12:04:35,79.48046875,1
2026-08-14 12:04:35,79.48046875,1
2026-08-14 12:04:35,79.48046875,1
2026-08-14 12:04:35,79.48046875,1
2026-08-14 12:04:35,79.48046875,1
2026-08-14 12:04:35,79.48046875,1
2026-08-14 12:04:36,79.48046875,1
2026-08-14 12:04:36,79.48046875,1
2026-08-14 12:04:36,79.48046875,1
2026-08-14 12:04:36,79.48046875,1
2026-08-14 12:04:36,79.48046875,1
2026-08-14 12:04:36,79.48046875,1
2026-08-14 12:04:36,79.48046875,1
2026-08-14 12:04:36,79.48046875,1
2026-08-14 12:04:36,79.48046875,1
2026-08-14 12:04:36,79.48046875,1
2026-08-14 12:04:36,79.48046875,1
2026-08-14 12:04:36,79.48046875,1
2026-08-14 12:04:36,80.88671875,1
2026-08-14 12:04:36,80.88671875,1
2026-08-14 12:04:36,80.55078125,1
2026-08-14 12:04:36,80.55078125,1
2026-08-14 12:04:36,80.55078125,1
2026-08-14 12:04:36,80.55078125,1
2026-08-14 12:04:36,80.55078125,1
2026-08-14 12:04:36,80.55078125,1
2026-08-14 12:04:37,80.55078125,1
2026-08-14 12:04:37,80.55078125,1
2026-08-14 12:04:37,80.55078125,1
2026-08-14 12:04:37,80.55078125,1
2026-08-14 12:04:37,80.55078125,1
2026-08-14 12:04:37,80.55078125,1
2026-08-14 12:04:37,80.55078125,1
2026-08-14 12:04:37,80.55078125,1
2026-08-14 12:04:37,80.55078125,1
2026-08-14 12:04:37,80.55078125,1
2026-08-14 12:04:37,80.55078125,1
2026-08-14 12:04:37,80.55078125,1
2026-08-14 12:04:37,80.55078125,1
2026-08-14 12:04:37,80.55078125,1
2026-08-14 12:04:37,80.55078125,1
2026-08-14 12:04:37,80.55078125,1
2026-08-14 12:04:37,79.98828125,1
2026-08-14 12:04:37,79.98828125,1
2026-08-14 12:04:37,79.98828125,1
2026-08-14 12:04:37,79.98828125,1
2026-08-14 12:04:38,79.98828125,1
2026-08-14 12:04:38,79.98828125,1
2026-08-14 12:04:38,79.98828125,1
2026-08-14 12:04:38,79.98828125,1
2026-08-14 12:04:38,79.98828125,1
2026-08-14 12:04:38,79.98828125,1
2026-08-14 12:04:38,80.32421875,1
2026-08-14 12:04:38,80.32421875,1
2026-08-14 12:04:38,80.32421875,1
2026-08-14 12:04:38,80.32421875,1
2026-08-14 12:04:38,80.32421875,1
2026-08-14 12:04:38,80.32421875,1
2026-08-14 12:04:38,80.32421875,1
2026-08-14 12:04:38,80.32421875,1
2026-08-14 12:04:38,80.32421875,1
2026-08-14 12:04:38,80.32421875,1
2026-08-14 12:04:38,80.32421875,1
2026-08-14 12:04:38,80.32421875,1
2026-08-14 12:04:38,80.32421875,1
2026-08-14 12:04:38,80.32421875,1
2026-08-14 12:04:39,80.32421875,1
2026-08-14 12:04:39,80.32421875,1
2026-08-14 12:04:39,80.32421875,1
2026-08-14 12:04:39,80.32421875,1
2026-08-14 12:04:39,80.32421875,1
2026-08-14 12:04:39,80.32421875,1
2026-08-14 12:04:39,80.32421875,1
2026-08-14 12:04:39,80.32421875,1
2026-08-14 12:04:39,80.32421875,1
2026-08-14 12:04:39,80.32421875,1
2026-08-14 12:04:39,80.32421875,1
2026-08-14 12:04:39,80.32421875,1
2026-08-14 12:04:39,80.32421875,1
2026-08-14 12:04:39,80.32421875,1
2026-08-14 12:04:39,80.32421875,1
2026-08-14 12:04:39,80.32421875,1
2026-08-14 12:04:39,80.32421875,1
2026-08-14 12:04:39,80.32421875,1
2026-08-14 12:04:39,80.32421875,1
2026-08-14 12:04:39,80.32421875,1
2026-08-14 12:04:40,80.32421875,1
2026-08-14 12:04:40,80.32421875,1
2026-08-14 12:04:40,80.32421875,1
2026-08-14 12:04:40,80.32421875,1
2026-08-14 12:04:40,80.32421875,1
2026-08-14 12:04:40,80.32421875,1
2026-08-14 12:04:40,80.32421875,1
2026-08-14 12:04:40,80.32421875,1
2026-08-14 12:04:40,80.32421875,1
2026-08-14 12:04:40,80.32421875,1
2026-08-14 12:04:40,78.6953125,1
2026-08-14 12:04:40,78.6953125,1
2026-08-14 12:04:40,78.1328125,1
2026-08-14 12:04:40,78.1328125,1
2026-08-14 12:04:40,78.1328125,1
2026-08-14 12:04:40,78.1328125,1
2026-08-14 12:04:40,78.1328125,1
2026-08-14 12:04:40,78.1328125,1
2026-08-14 12:04:40,78.1328125,1
2026-08-14 12:04:40,78.1328125,1
2026-08-14 12:04:41,72.67578125,1
2026-08-14 12:04:41,72.67578125,1
2026-08-14 12:04:41,72.16796875,1
2026-08-14 12:04:41,72.16796875,1
2026-08-14 12:04:41,72.11328125,1
2026-08-14 12:04:41,72.11328125,1
2026-08-14 12:04:41,72.11328125,1
2026-08-14 12:04:41,72.11328125,1
2026-08-14 12:04:41,72.11328125,1
2026-08-14 12:04:41,72.11328125,1
2026-08-14 12:04:41,72.11328125,1
2026-08-14 12:04:41,72.11328125,1
2026-08-14 12:04:41,72.11328125,1
2026-08-14 12:04:41,72.11328125,1
2026-08-14 12:04:41,72.11328125,1
2026-08-14 12:04:41,72.11328125,1
2026-08-14 12:04:41,72.11328125,1
2026-08-14 12:04:41,72.11328125,1
2026-08-14 12:04:41,72.11328125,1
2026-08-14 12:04:41,72.11328125,1
2026-08-14 12:04:42,72.11328125,1
2026-08-14 12:04:42,72.11328125,1
2026-08-14 12:04:42,72.11328125,1
2026-08-14 12:04:42,72.11328125,1
2026-08-14 12:04:42,33.63671875,1
2026-08-14 12:04:42,33.63671875,1
2026-08-14 12:04:42,33.63671875,1
2026-08-14 12:04:42,33.63671875,1
2026-08-14 12:04:42,33.63671875,1
2026-08-14 12:04:42,33.63671875,1
2026-08-14 12:04:42,33.63671875,1
2026-08-14 12:04:42,33.63671875,1
2026-08-14 12:04:42,33.63671875,1
2026-08-14 12:04:42,33.63671875,1
2026-08-14 12:04:42,33.63671875,1
2026-08-14 12:04:42,33.63671875,1
2026-08-14 12:04:42,33.63671875,1
2026-08-14 12:04:42,33.63671875,1
2026-08-14 12:04:42,33.63671875,1
2026-08-14 12:04:42,33.63671875,1
2026-08-14 12:04:43,33.63671875,1
2026-08-14 12:04:43,33.63671875,1
2026-08-14 12:04:43,33.63671875,1
2026-08-14 12:04:43,33.63671875,1
2026-08-14 12:04:43,33.63671875,1
2026-08-14 12:04:43,33.63671875,1
2026-08-14 12:04:43,33.63671875,1
2026-08-14 12:04:43,33.63671875,1
2026-08-14 12:04:43,33.63671875,1
2026-08-14 12:04:43,33.63671875,1
2026-08-14 12:04:43,33.63671875,1
2026-08-14 12:04:43,33.63671875,1
2026-08-14 12:04:43,33.63671875,1
2026-08-14 12:04:43,33.63671875,1
2026-08-14 12:04:43,33.63671875,1
2026-08-14 12:04:43,33.63671875,1
2026-08-14 12:04:43,33.63671875,1
2026-08-14 12:04:43,33.63671875,1
2026-08-14 12:04:43,0.0,1
2026-08-14 12:04:43,0.0,1
2026-08-14 12:04:44,0.0,1
2026-08-14 12:04:44,0.0,1
2026-08-14 12:04:44,0.0,1
2026-08-14 12:04:44,0.0,1
2026-08-14 12:04:44,0.0,1
2026-08-14 12:04:44,0.0,1
2026-08-14 12:04:44,0.0,1
2026-08-14 12:04:44,0.0,1
2026-08-14 12:04:44,0.0,1
2026-08-14 12:04:44,0.0,1
2026-08-14 12:04:44,0.0,1
2026-08-14 12:04:44,0.0,1
2026-08-14 12:04:44,0.0,1
2026-08-14 12:04:44,0.0,1
2026-08-14 12:04:44,0.0,1
2026-08-14 12:04:44,0.0,1
2026-08-14 12:04:44,0.0,1
2026-08-14 12:04:44,0.0,1
2026-08-14 12:04:44,0.0,1
2026-08-14 12:04:44,0.0,1
2026-08-14 12:04:45,0.0,1
2026-08-14 12:04:45,0.0,1
2026-08-14 12:04:45,0.0,1
2026-08-14 12:04:45,0.0,1
2026-08-14 12:04:45,0.0,1
2026-08-14 12:04:45,0.0,1
2026-08-14 12:04:45,0.0,1
2026-08-14 12:04:45,0.0,1
2026-08-14 12:04:45,0.0,1
2026-08-14 12:04:45,0.0,1
2026-08-14 12:04:45,0.0,1
2026-08-14 12:04:45,0.0,1
2026-08-14 12:04:45,0.0,1
2026-08-14 12:04:45,0.0,1
2026-08-14 12:04:45,0.0,1
2026-08-14 12:04:45,0.0,1
2026-08-14 12:04:45,0.0,1
2026-08-14 12:04:45,0.0,1
2026-08-14 12:04:45,0.0,1
2026-08-14 12:04:45,0.0,1
2026-08-14 12:04:46,0.0,1
2026-08-14 12:04:46,0.0,1
2026-08-14 12:04:46,0.0,1
2026-08-14 12:04:46,0.0,1
2026-08-14 12:04:46,0.0,1
2026-08-14 12:04:46,0.0,1
2026-08-14 12:04:46,0.0,1
2026-08-14 12:04:46,0.0,1
2026-08-14 12:04:46,0.0,1
2026-08-14 12:04:46,0.0,1
2026-08-14 12:04:46,0.0,1
2026-08-14 12:04:46,0.0,1
2026-08-14 12:04:46,0.0,1
2026-08-14 12:04:46,0.0,1
2026-08-14 12:04:46,0.0,1
2026-08-14 12:04:46,0.0,1
2026-08-14 12:04:46,0.0,1
2026-08-14 12:04:46,0.0,1
2026-08-14 12:04:46,0.0,1
2026-08-14 12:04:46,0.0,1
2026-08-14 12:04:47,0.0,1
2026-08-14 12:04:47,0.0,1
2026-08-14 12:04:47,0.0,1
2026-08-14 12:04:47,0.0,1
2026-08-14 12:04:47,0.0,1
2026-08-14 12:04:47,0.0,1
2026-08-14 12:04:47,0.0,1
2026-08-14 12:04:47,0.0,1
2026-08-14 12:04:47,0.0,1
2026-08-14 12:04:47,0.0,1
2026-08-14 12:04:47,0.0,1
2026-08-14 12:04:47,0.0,1
2026-08-14 12:04:47,0.0,1
2026-08-14 12:04:47,0.0,1
2026-08-14 12:04:47,0.0,1
2026-08-14 12:04:47,0.0,1
2026-08-14 12:04:47,2.92578125,1
2026-08-14 12:04:47,2.92578125,1
2026-08-14 12:04:47,2.92578125,1
2026-08-14 12:04:47,2.92578125,1
2026-08-14 12:04:48,2.92578125,1
2026-08-14 12:04:48,2.92578125,1
2026-08-14 12:04:48,2.92578125,1
2026-08-14 12:04:48,2.92578125,1
2026-08-14 12:04:48,11.8671875,1
2026-08-14 12:04:48,11.8671875,1
2026-08-14 12:04:48,14.34375,1
2026-08-14 12:04:48,14.34375,1
2026-08-14 12:04:48,14.34375,1
2026-08-14 12:04:48,14.34375,1
2026-08-14 12:04:48,14.34375,1
2026-08-14 12:04:48,14.34375,1
2026-08-14 12:04:48,14.34375,1
2026-08-14 12:04:48,14.34375,1
2026-08-14 12:04:48,14.34375,1
2026-08-14 12:04:48,14.34375,1
2026-08-14 12:04:48,32.2890625,1
2026-08-14 12:04:48,32.2890625,1
2026-08-14 12:04:48,32.625,1
2026-08-14 12:04:48,32.625,1
2026-08-14 12:04:49,32.625,1
2026-08-14 12:04:49,32.625,1
2026-08-14 12:04:49,32.625,1
2026-08-14 12:04:49,32.625,1
2026-08-14 12:04:49,32.625,1
2026-08-14 12:04:49,32.625,1
2026-08-14 12:04:49,32.625,1
2026-08-14 12:04:49,32.625,1
2026-08-14 12:04:49,32.625,1
2026-08-14 12:04:49,32.625,1
2026-08-14 12:04:49,32.625,1
2026-08-14 12:04:49,32.625,1
2026-08-14 12:04:49,73.125,1
2026-08-14 12:04:49,73.125,1
2026-08-14 12:04:49,73.125,1
2026-08-14 12:04:49,73.125,1
2026-08-14 12:04:49,73.125,1
2026-08-14 12:04:49,73.125,1
2026-08-14 12:04:49,73.125,1
2026-08-14 12:04:49,73.125,1
2026-08-14 12:04:50,73.125,1
2026-08-14 12:04:50,73.125,1
2026-08-14 12:04:50,73.125,1
2026-08-14 12:04:50,73.125,1
2026-08-14 12:04:50,83.4765625,1
2026-08-14 12:04:50,83.4765625,1
2026-08-14 12:04:50,83.4765625,1
2026-08-14 12:04:50,83.4765625,1
2026-08-14 12:04:50,83.4765625,1
2026-08-14 12:04:50,83.4765625,1
2026-08-14 12:04:50,83.4765625,1
2026-08-14 12:04:50,83.4765625,1
2026-08-14 12:04:50,83.4765625,1
2026-08-14 12:04:50,83.4765625,1
2026-08-14 12:04:50,83.4765625,1
2026-08-14 12:04:50,83.4765625,1
2026-08-14 12:04:50,80.32421875,1
2026-08-14 12:04:50,80.32421875,1
2026-08-14 12:04:50,80.32421875,1
2026-08-14 12:04:50,80.32421875,1
2026-08-14 12:04:51,80.32421875,1
2026-08-14 12:04:51,80.32421875,1
2026-08-14 12:04:51,80.32421875,1
2026-08-14 12:04:51,80.32421875,1
2026-08-14 12:04:51,80.32421875,1
2026-08-14 12:04:51,80.32421875,1
2026-08-14 12:04:51,80.32421875,1
2026-08-14 12:04:51,80.32421875,1
2026-08-14 12:04:51,80.32421875,1
2026-08-14 12:04:51,80.32421875,1
2026-08-14 12:04:51,80.32421875,1
2026-08-14 12:04:51,80.32421875,1
2026-08-14 12:04:51,80.32421875,1
2026-08-14 12:04:51,80.32421875,1
2026-08-14 12:04:51,80.32421875,1
2026-08-14 12:04:51,80.32421875,1
2026-08-14 12:04:51,80.32421875,1
2026-08-14 12:04:51,80.32421875,1
2026-08-14 12:04:51,80.32421875,1
2026-08-14 12:04:51,80.32421875,1
2026-08-14 12:04:52,80.32421875,1
2026-08-14 12:04:52,80.32421875,1
2026-08-14 12:04:52,80.32421875,1
2026-08-14 12:04:52,80.32421875,1
2026-08-14 12:04:52,80.32421875,1
2026-08-14 12:04:52,80.32421875,1
2026-08-14 12:04:52,80.32421875,1
2026-08-14 12:04:52,80.32421875,1
2026-08-14 12:04:52,80.32421875,1
2026-08-14 12:04:52,80.32421875,1
2026-08-14 12:04:52,78.5234375,1
2026-08-14 12:04:52,78.5234375,1
2026-08-14 12:04:52,78.30078125,1
2026-08-14 12:04:52,78.30078125,1
2026-08-14 12:04:52,78.30078125,1
2026-08-14 12:04:52,78.30078125,1
2026-08-14 12:04:52,78.30078125,1
2026-08-14 12:04:52,78.30078125,1
2026-08-14 12:04:52,78.30078125,1
2026-08-14 12:04:52,78.30078125,1
2026-08-14 12:04:53,78.30078125,1
2026-08-14 12:04:53,78.30078125,1
2026-08-14 12:04:53,78.30078125,1
2026-08-14 12:04:53,78.30078125,1
2026-08-14 12:04:53,78.30078125,1
2026-08-14 12:04:53,78.30078125,1
2026-08-14 12:04:53,78.30078125,1
2026-08-14 12:04:53,78.30078125,1
2026-08-14 12:04:53,78.30078125,1
2026-08-14 12:04:53,78.30078125,1
2026-08-14 12:04:53,78.30078125,1
2026-08-14 12:04:53,78.30078125,1
2026-08-14 12:04:53,78.30078125,1
2026-08-14 12:04:53,78.30078125,1
2026-08-14 12:04:53,78.30078125,1
2026-08-14 12:04:53,78.30078125,1
2026-08-14 12:04:53,78.30078125,1
2026-08-14 12:04:53,78.30078125,1
2026-08-14 12:04:53,78.30078125,1
2026-08-14 12:04:53,78.30078125,1
2026-08-14 12:04:54,78.30078125,1
2026-08-14 12:04:54,78.30078125,1
2026-08-14 12:04:54,78.30078125,1
2026-08-14 12:04:54,78.30078125,1
2026-08-14 12:04:54,73.85546875,1
2026-08-14 12:04:54,73.85546875,1
2026-08-14 12:04:54,73.85546875,1
2026-08-14 12:04:54,73.85546875,1
2026-08-14 12:04:54,73.85546875,1
2026-08-14 12:04:54,73.85546875,1
2026-08-14 12:04:54,73.85546875,1
2026-08-14 12:04:54,73.85546875,1
2026-08-14 12:04:54,73.85546875,1
2026-08-14 12:04:54,73.85546875,1
2026-08-14 12:04:54,73.85546875,1
2026-08-14 12:04:54,73.85546875,1
2026-08-14 12:04:54,73.85546875,1
2026-08-14 12:04:54,73.85546875,1
2026-08-14 12:04:54,73.85546875,1
2026-08-14 12:04:54,73.85546875,1
2026-08-14 12:04:55,73.85546875,1
2026-08-14 12:04:55,73.85546875,1
2026-08-14 12:04:55,73.85546875,1
2026-08-14 12:04:55,73.85546875,1
2026-08-14 12:04:55,73.85546875,1
2026-08-14 12:04:55,73.85546875,1
2026-08-14 12:04:55,73.85546875,1
2026-08-14 12:04:55,73.85546875,1
2026-08-14 12:04:55,73.85546875,1
2026-08-14 12:04:55,73.85546875,1
2026-08-14 12:04:55,73.85546875,1
2026-08-14 12:04:55,73.85546875,1
2026-08-14 12:04:55,73.85546875,1
2026-08-14 12:04:55,73.85546875,1
2026-08-14 12:04:55,73.85546875,1
2026-08-14 12:04:55,73.85546875,1
2026-08-14 12:04:55,73.85546875,1
2026-08-14 12:04:55,73.85546875,1
2026-08-14 12:04:55,73.85546875,1
2026-08-14 12:04:55,73.85546875,1
2026-08-14 12:04:56,73.85546875,1
2026-08-14 12:04:56,73.85546875,1
2026-08-14 12:04:56,73.85546875,1
2026-08-14 12:04:56,73.85546875,1
2026-08-14 12:04:56,73.85546875,1
2026-08-14 12:04:56,73.85546875,1
2026-08-14 12:04:56,73.85546875,1
2026-08-14 12:04:56,73.85546875,1
2026-08-14 12:04:56,73.85546875,1
2026-08-14 12:04:56,73.85546875,1
2026-08-14 12:04:56,71.4375,1
2026-08-14 12:04:56,71.4375,1
2026-08-14 12:04:56,71.4375,1
2026-08-14 12:04:56,71.4375,1
2026-08-14 12:04:56,71.4375,1
2026-08-14 12:04:56,71.4375,1
2026-08-14 12:04:56,71.4375,1
2026-08-14 12:04:56,71.4375,1
2026-08-14 12:04:56,71.4375,1
2026-08-14 12:04:56,71.4375,1
2026-08-14 12:04:57,73.29296875,1
2026-08-14 12:04:57,73.29296875,1
2026-08-14 12:04:57,73.23828125,1
2026-08-14 12:04:57,73.23828125,1
2026-08-14 12:04:57,73.23828125,1
2026-08-14 12:04:57,73.23828125,1
2026-08-14 12:04:57,73.23828125,1
2026-08-14 12:04:57,73.23828125,1
2026-08-14 12:04:57,73.23828125,1
2026-08-14 12:04:57,73.23828125,1
2026-08-14 12:04:57,73.23828125,1
2026-08-14 12:04:57,73.23828125,1
2026-08-14 12:04:57,73.23828125,1
2026-08-14 12:04:57,73.23828125,1
2026-08-14 12:04:57,80.2109375,1
2026-08-14 12:04:57,80.2109375,1
2026-08-14 12:04:57,80.2109375,1
2026-08-14 12:04:57,80.2109375,1
2026-08-14 12:04:57,80.2109375,1
2026-08-14 12:04:57,80.2109375,1
2026-08-14 12:04:58,80.2109375,1
2026-08-14 12:04:58,80.2109375,1
2026-08-14 12:04:58,80.2109375,1
2026-08-14 12:04:58,80.2109375,1
2026-08-14 12:04:58,80.2109375,1
2026-08-14 12:04:58,80.2109375,1
2026-08-14 12:04:58,80.2109375,1
2026-08-14 12:04:58,80.2109375,1
2026-08-14 12:04:58,80.2109375,1
2026-08-14 12:04:58,80.2109375,1
2026-08-14 12:04:58,80.2109375,1
2026-08-14 12:04:58,80.2109375,1
2026-08-14 12:04:58,80.2109375,1
2026-08-14 12:04:58,80.2109375,1
2026-08-14 12:04:58,80.2109375,1
2026-08-14 12:04:58,80.2109375,1
2026-08-14 12:04:58,70.98828125,1
2026-08-14 12:04:58,70.98828125,1
2026-08-14 12:04:58,70.98828125,1
2026-08-14 12:04:58,70.98828125,1
2026-08-14 12:04:59,70.98828125,1
2026-08-14 12:04:59,70.98828125,1
2026-08-14 12:04:59,70.98828125,1
2026-08-14 12:04:59,70.98828125,1
2026-08-14 12:04:59,70.98828125,1
2026-08-14 12:04:59,70.98828125,1
2026-08-14 12:04:59,70.98828125,1
2026-08-14 12:04:59,70.98828125,1
2026-08-14 12:04:59,70.98828125,1
2026-08-14 12:04:59,70.98828125,1
2026-08-14 12:04:59,70.98828125,1
2026-08-14 12:04:59,70.98828125,1
2026-08-14 12:04:59,70.98828125,1
2026-08-14 12:04:59,70.98828125,1
2026-08-14 12:04:59,70.98828125,1
2026-08-14 12:04:59,70.98828125,1
2026-08-14 12:04:59,70.98828125,1
2026-08-14 12:04:59,70.98828125,1
2026-08-14 12:04:59,70.98828125,1
2026-08-14 12:04:59,70.98828125,1
2026-08-14 12:05:00,70.98828125,1
2026-08-14 12:05:00,70.98828125,1
2026-08-14 12:05:00,70.98828125,1
2026-08-14 12:05:00,70.98828125,1
2026-08-14 12:05:00,70.98828125,1
2026-08-14 12:05:00,70.98828125,1
2026-08-14 12:05:00,70.98828125,1
2026-08-14 12:05:00,70.98828125,1
2026-08-14 12:05:00,70.98828125,1
2026-08-14 12:05:00,70.98828125,1
2026-08-14 12:05:00,75.65625,1
2026-08-14 12:05:00,75.65625,1
2026-08-14 12:05:00,75.65625,1
2026-08-14 12:05:00,75.65625,1
2026-08-14 12:05:00,75.65625,1
2026-08-14 12:05:00,75.65625,1
2026-08-14 12:05:00,75.65625,1
2026-08-14 12:05:00,75.65625,1
2026-08-14 12:05:00,75.65625,1
2026-08-14 12:05:00,75.65625,1
2026-08-14 12:05:01,75.65625,1
2026-08-14 12:05:01,75.65625,1
2026-08-14 12:05:01,75.65625,1
2026-08-14 12:05:01,75.65625,1
2026-08-14 12:05:01,81.11328125,1
2026-08-14 12:05:01,81.11328125,1
2026-08-14 12:05:01,81.0546875,1
2026-08-14 12:05:01,81.0546875,1
2026-08-14 12:05:01,81.0546875,1
2026-08-14 12:05:01,81.0546875,1
2026-08-14 12:05:01,81.0546875,1
2026-08-14 12:05:01,81.0546875,1
2026-08-14 12:05:01,81.0546875,1
2026-08-14 12:05:01,81.0546875,1
2026-08-14 12:05:01,81.0546875,1
2026-08-14 12:05:01,81.0546875,1
2026-08-14 12:05:01,82.125,1
2026-08-14 12:05:01,82.125,1
2026-08-14 12:05:01,82.125,1
2026-08-14 12:05:01,82.125,1
2026-08-14 12:05:02,82.125,1
2026-08-14 12:05:02,82.125,1
2026-08-14 12:05:02,82.125,1
2026-08-14 12:05:02,82.125,1
2026-08-14 12:05:02,82.125,1
2026-08-14 12:05:02,82.125,1
2026-08-14 12:05:02,82.125,1
2026-08-14 12:05:02,82.125,1
2026-08-14 12:05:02,82.125,1
2026-08-14 12:05:02,82.125,1
2026-08-14 12:05:02,82.125,1
2026-08-14 12:05:02,82.125,1
2026-08-14 12:05:02,82.125,1
2026-08-14 12:05:02,82.125,1
2026-08-14 12:05:02,82.125,1
2026-08-14 12:05:02,82.125,1
2026-08-14 12:05:02,82.125,1
2026-08-14 12:05:02,82.125,1
2026-08-14 12:05:02,82.125,1
2026-08-14 12:05:02,82.125,1
2026-08-14 12:05:03,82.125,1
2026-08-14 12:05:03,82.125,1
2026-08-14 12:05:03,82.125,1
2026-08-14 12:05:03,82.125,1
2026-08-14 12:05:03,82.125,1
2026-08-14 12:05:03,82.125,1
2026-08-14 12:05:03,82.125,1
2026-08-14 12:05:03,82.125,1
2026-08-14 12:05:03,82.125,1
2026-08-14 12:05:03,82.125,1
2026-08-14 12:05:03,82.125,1
2026-08-14 12:05:03,82.125,1
2026-08-14 12:05:03,82.125,1
2026-08-14 12:05:03,82.125,1
2026-08-14 12:05:03,82.125,1
2026-08-14 12:05:03,82.125,1
2026-08-14 12:05:03,82.125,1
2026-08-14 12:05:03,82.125,1
2026-08-14 12:05:03,82.125,1
2026-08-14 12:05:03,82.125,1
2026-08-14 12:05:04,82.125,1
2026-08-14 12:05:04,82.125,1
2026-08-14 12:05:04,80.3828125,1
2026-08-14 12:05:04,80.3828125,1
2026-08-14 12:05:04,80.1015625,1
2026-08-14 12:05:04,80.1015625,1
2026-08-14 12:05:04,80.1015625,1
2026-08-14 12:05:04,80.1015625,1
2026-08-14 12:05:04,80.1015625,1
2026-08-14 12:05:04,80.1015625,1
2026-08-14 12:05:04,80.1015625,1
2026-08-14 12:05:04,80.1015625,1
2026-08-14 12:05:04,80.1015625,1
2026-08-14 12:05:04,80.1015625,1
2026-08-14 12:05:04,80.1015625,1
2026-08-14 12:05:04,80.1015625,1
2026-08-14 12:05:04,80.1015625,1
2026-08-14 12:05:04,80.1015625,1
2026-08-14 12:05:04,80.1015625,1
2026-08-14 12:05:04,80.1015625,1
2026-08-14 12:05:05,80.1015625,1
2026-08-14 12:05:05,80.1015625,1
2026-08-14 12:05:05,80.1015625,1
2026-08-14 12:05:05,80.1015625,1
2026-08-14 12:05:05,80.1015625,1
2026-08-14 12:05:05,80.1015625,1
2026-08-14 12:05:05,79.59375,1
2026-08-14 12:05:05,79.59375,1
2026-08-14 12:05:05,79.59375,1
2026-08-14 12:05:05,79.59375,1
2026-08-14 12:05:05,79.59375,1
2026-08-14 12:05:05,79.59375,1
2026-08-14 12:05:05,79.59375,1
2026-08-14 12:05:05,79.59375,1
2026-08-14 12:05:05,79.59375,1
2026-08-14 12:05:05,79.59375,1
2026-08-14 12:05:05,77.0625,1
2026-08-14 12:05:05,77.0625,1
2026-08-14 12:05:05,77.0078125,1
2026-08-14 12:05:05,77.0078125,1
2026-08-14 12:05:06,77.0078125,1
2026-08-14 12:05:06,77.0078125,1
2026-08-14 12:05:06,77.0078125,1
2026-08-14 12:05:06,77.0078125,1
2026-08-14 12:05:06,77.0078125,1
2026-08-14 12:05:06,77.0078125,1
2026-08-14 12:05:06,77.0078125,1
2026-08-14 12:05:06,77.0078125,1
2026-08-14 12:05:06,78.58203125,1
2026-08-14 12:05:06,78.58203125,1
2026-08-14 12:05:06,78.58203125,1
2026-08-14 12:05:06,78.58203125,1
2026-08-14 12:05:06,78.58203125,1
2026-08-14 12:05:06,78.58203125,1
2026-08-14 12:05:06,78.58203125,1
2026-08-14 12:05:06,78.58203125,1
2026-08-14 12:05:06,78.58203125,1
2026-08-14 12:05:06,78.58203125,1
2026-08-14 12:05:06,78.58203125,1
2026-08-14 12:05:06,78.58203125,1
2026-08-14 12:05:07,79.48046875,1
2026-08-14 12:05:07,79.48046875,1
2026-08-14 12:05:07,79.48046875,1
2026-08-14 12:05:07,79.48046875,1
2026-08-14 12:05:07,79.48046875,1
2026-08-14 12:05:07,79.48046875,1
2026-08-14 12:05:07,79.48046875,1
2026-08-14 12:05:07,79.48046875,1
2026-08-14 12:05:07,79.48046875,1
2026-08-14 12:05:07,79.48046875,1
2026-08-14 12:05:07,79.48046875,1
2026-08-14 12:05:07,79.48046875,1
2026-08-14 12:05:07,85.2734375,1
2026-08-14 12:05:07,85.2734375,1
2026-08-14 12:05:07,85.2734375,1
2026-08-14 12:05:07,85.2734375,1
2026-08-14 12:05:07,85.2734375,1
2026-08-14 12:05:07,85.2734375,1
2026-08-14 12:05:07,85.2734375,1
2026-08-14 12:05:07,85.2734375,1
2026-08-14 12:05:08,85.2734375,1
2026-08-14 12:05:08,85.2734375,1
2026-08-14 12:05:08,85.2734375,1
2026-08-14 12:05:08,85.2734375,1
2026-08-14 12:05:08,85.2734375,1
2026-08-14 12:05:08,85.2734375,1
2026-08-14 12:05:08,85.2734375,1
2026-08-14 12:05:08,85.2734375,1
2026-08-14 12:05:08,85.2734375,1
2026-08-14 12:05:08,85.2734375,1
2026-08-14 12:05:08,85.2734375,1
2026-08-14 12:05:08,85.2734375,1
2026-08-14 12:05:08,85.2734375,1
2026-08-14 12:05:08,85.2734375,1
2026-08-14 12:05:08,77.17578125,1
2026-08-14 12:05:08,77.17578125,1
2026-08-14 12:05:08,80.1015625,1
2026-08-14 12:05:08,80.1015625,1
2026-08-14 12:05:08,80.1015625,1
2026-08-14 12:05:08,80.1015625,1
2026-08-14 12:05:09,80.1015625,1
2026-08-14 12:05:09,80.1015625,1
2026-08-14 12:05:09,80.1015625,1
2026-08-14 12:05:09,80.1015625,1
2026-08-14 12:05:09,80.1015625,1
2026-08-14 12:05:09,80.1015625,1
2026-08-14 12:05:09,80.1015625,1
2026-08-14 12:05:09,80.1015625,1
2026-08-14 12:05:09,80.1015625,1
2026-08-14 12:05:09,80.1015625,1
2026-08-14 12:05:09,80.1015625,1
2026-08-14 12:05:09,80.1015625,1
2026-08-14 12:05:09,80.1015625,1
2026-08-14 12:05:09,80.1015625,1
2026-08-14 12:05:09,80.1015625,1
2026-08-14 12:05:09,80.1015625,1
2026-08-14 12:05:09,80.1015625,1
2026-08-14 12:05:09,80.1015625,1
2026-08-14 12:05:09,82.29296875,1
2026-08-14 12:05:09,82.29296875,1
2026-08-14 12:05:10,81.67578125,1
2026-08-14 12:05:10,81.67578125,1
2026-08-14 12:05:10,81.67578125,1
2026-08-14 12:05:10,81.67578125,1
2026-08-14 12:05:10,81.67578125,1
2026-08-14 12:05:10,81.67578125,1
2026-08-14 12:05:10,81.67578125,1
2026-08-14 12:05:10,81.67578125,1
2026-08-14 12:05:10,81.67578125,1
2026-08-14 12:05:10,81.67578125,1
2026-08-14 12:05:10,81.67578125,1
2026-08-14 12:05:10,81.67578125,1
2026-08-14 12:05:10,81.67578125,1
2026-08-14 12:05:10,81.67578125,1
2026-08-14 12:05:10,81.67578125,1
2026-08-14 12:05:10,81.67578125,1
2026-08-14 12:05:10,81.67578125,1
2026-08-14 12:05:10,81.67578125,1
2026-08-14 12:05:10,81.67578125,1
2026-08-14 12:05:10,81.67578125,1
2026-08-14 12:05:11,81.67578125,1
2026-08-14 12:05:11,81.67578125,1
2026-08-14 12:05:11,81.67578125,1
2026-08-14 12:05:11,81.67578125,1
2026-08-14 12:05:11,81.67578125,1
2026-08-14 12:05:11,81.67578125,1
2026-08-14 12:05:11,81.67578125,1
2026-08-14 12:05:11,81.67578125,1
2026-08-14 12:05:11,81.67578125,1
2026-08-14 12:05:11,81.67578125,1
2026-08-14 12:05:11,81.67578125,1
2026-08-14 12:05:11,81.67578125,1
2026-08-14 12:05:11,81.67578125,1
2026-08-14 12:05:11,81.67578125,1
2026-08-14 12:05:11,81.67578125,1
2026-08-14 12:05:11,81.67578125,1
2026-08-14 12:05:11,81.67578125,1
2026-08-14 12:05:11,81.67578125,1
2026-08-14 12:05:11,81.67578125,1
2026-08-14 12:05:11,81.67578125,1
2026-08-14 12:05:12,81.67578125,1
2026-08-14 12:05:12,81.67578125,1
2026-08-14 12:05:12,81.67578125,1
2026-08-14 12:05:12,81.67578125,1
2026-08-14 12:05:12,81.67578125,1
2026-08-14 12:05:12,81.67578125,1
2026-08-14 12:05:12,81.67578125,1
2026-08-14 12:05:12,81.67578125,1
2026-08-14 12:05:12,86.3984375,1
2026-08-14 12:05:12,86.3984375,1
2026-08-14 12:05:12,86.3984375,1
2026-08-14 12:05:12,86.3984375,1
2026-08-14 12:05:12,86.3984375,1
2026-08-14 12:05:12,86.3984375,1
2026-08-14 12:05:12,86.3984375,1
2026-08-14 12:05:12,86.3984375,1
2026-08-14 12:05:12,86.3984375,1
2026-08-14 12:05:12,86.3984375,1
2026-08-14 12:05:12,87.01953125,1
2026-08-14 12:05:12,87.01953125,1
2026-08-14 12:05:13,86.9609375,1
2026-08-14 12:05:13,86.9609375,1
2026-08-14 12:05:13,86.9609375,1
2026-08-14 12:05:13,86.9609375,1
2026-08-14 12:05:13,86.9609375,1
2026-08-14 12:05:13,86.9609375,1
2026-08-14 12:05:13,86.9609375,1
2026-08-14 12:05:13,86.9609375,1
2026-08-14 12:05:13,86.9609375,1
2026-08-14 12:05:13,86.9609375,1
2026-08-14 12:05:13,86.9609375,1
2026-08-14 12:05:13,86.9609375,1
2026-08-14 12:05:13,87.8046875,1
2026-08-14 12:05:13,87.8046875,1
2026-08-14 12:05:13,87.8046875,1
2026-08-14 12:05:13,87.8046875,1
2026-08-14 12:05:13,87.8046875,1
2026-08-14 12:05:13,87.8046875,1
2026-08-14 12:05:13,87.8046875,1
2026-08-14 12:05:13,87.8046875,1
2026-08-14 12:05:14,87.8046875,1
2026-08-14 12:05:14,87.8046875,1
2026-08-14 12:05:14,87.8046875,1
2026-08-14 12:05:14,87.8046875,1
2026-08-14 12:05:14,88.8203125,1
2026-08-14 12:05:14,88.8203125,1
2026-08-14 12:05:14,88.8203125,1
2026-08-14 12:05:14,88.8203125,1
2026-08-14 12:05:14,88.8203125,1
2026-08-14 12:05:14,88.8203125,1
2026-08-14 12:05:14,88.8203125,1
2026-08-14 12:05:14,88.8203125,1
2026-08-14 12:05:14,88.8203125,1
2026-08-14 12:05:14,88.8203125,1
2026-08-14 12:05:14,88.8203125,1
2026-08-14 12:05:14,88.8203125,1
2026-08-14 12:05:14,88.8203125,1
2026-08-14 12:05:14,88.8203125,1
2026-08-14 12:05:14,88.8203125,1
2026-08-14 12:05:14,88.8203125,1
2026-08-14 12:05:15,88.8203125,1
2026-08-14 12:05:15,88.8203125,1
2026-08-14 12:05:15,88.8203125,1
2026-08-14 12:05:15,88.8203125,1
2026-08-14 12:05:15,88.8203125,1
2026-08-14 12:05:15,88.8203125,1
2026-08-14 12:05:15,88.8203125,1
2026-08-14 12:05:15,88.8203125,1
2026-08-14 12:05:15,88.8203125,1
2026-08-14 12:05:15,88.8203125,1
2026-08-14 12:05:15,88.8203125,1
2026-08-14 12:05:15,88.8203125,1
2026-08-14 12:05:15,88.8203125,1
2026-08-14 12:05:15,88.8203125,1
2026-08-14 12:05:15,88.8203125,1
2026-08-14 12:05:15,88.8203125,1
2026-08-14 12:05:15,88.8203125,1
2026-08-14 12:05:15,88.8203125,1
2026-08-14 12:05:15,88.8203125,1
2026-08-14 12:05:15,88.8203125,1
2026-08-14 12:05:16,88.8203125,1
2026-08-14 12:05:16,88.8203125,1
2026-08-14 12:05:16,88.8203125,1
2026-08-14 12:05:16,88.8203125,1
2026-08-14 12:05:16,88.8203125,1
2026-08-14 12:05:16,88.8203125,1
2026-08-14 12:05:16,88.8203125,1
2026-08-14 12:05:16,88.8203125,1
2026-08-14 12:05:16,84.8828125,1
2026-08-14 12:05:16,84.8828125,1
2026-08-14 12:05:16,84.8828125,1
2026-08-14 12:05:16,84.8828125,1
2026-08-14 12:05:16,84.8828125,1
2026-08-14 12:05:16,84.8828125,1
2026-08-14 12:05:16,84.8828125,1
2026-08-14 12:05:16,84.8828125,1
2026-08-14 12:05:16,84.8828125,1
2026-08-14 12:05:16,84.8828125,1
2026-08-14 12:05:16,84.8828125,1
2026-08-14 12:05:16,84.8828125,1
2026-08-14 12:05:17,84.8828125,1
2026-08-14 12:05:17,84.8828125,1
2026-08-14 12:05:17,84.375,1
2026-08-14 12:05:17,84.375,1
2026-08-14 12:05:17,84.375,1
2026-08-14 12:05:17,84.375,1
2026-08-14 12:05:17,84.375,1
2026-08-14 12:05:17,84.375,1
2026-08-14 12:05:17,84.375,1
2026-08-14 12:05:17,84.375,1
2026-08-14 12:05:17,84.375,1
2026-08-14 12:05:17,84.375,1
2026-08-14 12:05:17,84.375,1
2026-08-14 12:05:17,84.375,1
2026-08-14 12:05:17,84.375,1
2026-08-14 12:05:17,84.375,1
2026-08-14 12:05:17,84.375,1
2026-08-14 12:05:17,84.375,1
2026-08-14 12:05:17,84.375,1
2026-08-14 12:05:17,84.375,1
2026-08-14 12:05:18,84.375,1
2026-08-14 12:05:18,84.375,1
2026-08-14 12:05:18,84.375,1
2026-08-14 12:05:18,84.375,1
2026-08-14 12:05:18,81.3359375,1
2026-08-14 12:05:18,81.3359375,1
2026-08-14 12:05:18,81.3359375,1
2026-08-14 12:05:18,81.3359375,1
2026-08-14 12:05:18,81.3359375,1
2026-08-14 12:05:18,81.3359375,1
2026-08-14 12:05:18,81.3359375,1
2026-08-14 12:05:18,81.3359375,1
2026-08-14 12:05:18,81.3359375,1
2026-08-14 12:05:18,81.3359375,1
2026-08-14 12:05:18,81.3359375,1
2026-08-14 12:05:18,81.3359375,1
2026-08-14 12:05:18,81.3359375,1
2026-08-14 12:05:18,81.3359375,1
2026-08-14 12:05:18,81.3359375,1
2026-08-14 12:05:18,81.3359375,1
2026-08-14 12:05:19,81.3359375,1
2026-08-14 12:05:19,81.3359375,1
2026-08-14 12:05:19,81.3359375,1
2026-08-14 12:05:19,81.3359375,1
2026-08-14 12:05:19,81.3359375,1
2026-08-14 12:05:19,81.3359375,1
2026-08-14 12:05:19,81.3359375,1
2026-08-14 12:05:19,81.3359375,1
2026-08-14 12:05:19,81.44921875,1
2026-08-14 12:05:19,81.44921875,1
2026-08-14 12:05:19,81.0546875,1
2026-08-14 12:05:19,81.0546875,1
2026-08-14 12:05:19,81.0546875,1
2026-08-14 12:05:19,81.0546875,1
2026-08-14 12:05:19,81.0546875,1
2026-08-14 12:05:19,81.0546875,1
2026-08-14 12:05:19,81.0546875,1
2026-08-14 12:05:19,81.0546875,1
2026-08-14 12:05:19,81.0546875,1
2026-08-14 12:05:19,81.0546875,1
2026-08-14 12:05:20,82.40625,1
2026-08-14 12:05:20,82.40625,1
2026-08-14 12:05:20,82.40625,1
2026-08-14 12:05:20,82.40625,1
2026-08-14 12:05:20,82.40625,1
2026-08-14 12:05:20,82.40625,1
2026-08-14 12:05:20,82.40625,1
2026-08-14 12:05:20,82.40625,1
2026-08-14 12:05:20,82.40625,1
2026-08-14 12:05:20,82.40625,1
2026-08-14 12:05:20,80.88671875,1
2026-08-14 12:05:20,80.88671875,1
2026-08-14 12:05:20,80.7734375,1
2026-08-14 12:05:20,80.7734375,1
2026-08-14 12:05:20,80.7734375,1
2026-08-14 12:05:20,80.7734375,1
2026-08-14 12:05:20,80.7734375,1
2026-08-14 12:05:20,80.7734375,1
2026-08-14 12:05:20,80.7734375,1
2026-08-14 12:05:20,80.7734375,1
2026-08-14 12:05:21,80.7734375,1
2026-08-14 12:05:21,80.7734375,1
2026-08-14 12:05:21,80.7734375,1
2026-08-14 12:05:21,80.7734375,1
2026-08-14 12:05:21,80.7734375,1
2026-08-14 12:05:21,80.7734375,1
2026-08-14 12:05:21,80.7734375,1
2026-08-14 12:05:21,80.7734375,1
2026-08-14 12:05:21,80.7734375,1
2026-08-14 12:05:21,80.7734375,1
2026-08-14 12:05:21,80.7734375,1
2026-08-14 12:05:21,80.7734375,1
2026-08-14 12:05:21,84.4296875,1
2026-08-14 12:05:21,84.4296875,1
2026-08-14 12:05:21,83.4765625,1
2026-08-14 12:05:21,83.4765625,1
2026-08-14 12:05:21,83.4765625,1
2026-08-14 12:05:21,83.4765625,1
2026-08-14 12:05:21,83.4765625,1
2026-08-14 12:05:21,83.4765625,1
2026-08-14 12:05:22,83.4765625,1
2026-08-14 12:05:22,83.4765625,1
2026-08-14 12:05:22,83.4765625,1
2026-08-14 12:05:22,83.4765625,1
2026-08-14 12:05:22,83.4765625,1
2026-08-14 12:05:22,83.4765625,1
2026-08-14 12:05:22,79.76171875,1
2026-08-14 12:05:22,79.76171875,1
2026-08-14 12:05:22,79.76171875,1
2026-08-14 12:05:22,79.76171875,1
2026-08-14 12:05:22,79.76171875,1
2026-08-14 12:05:22,79.76171875,1
2026-08-14 12:05:22,79.76171875,1
2026-08-14 12:05:22,79.76171875,1
2026-08-14 12:05:22,74.69921875,1
2026-08-14 12:05:22,74.69921875,1
2026-08-14 12:05:22,74.41796875,1
2026-08-14 12:05:22,74.41796875,1
2026-08-14 12:05:22,73.80078125,1
2026-08-14 12:05:22,73.80078125,1
2026-08-14 12:05:23,73.80078125,1
2026-08-14 12:05:23,73.80078125,1
2026-08-14 12:05:23,73.80078125,1
2026-08-14 12:05:23,73.80078125,1
2026-08-14 12:05:23,73.80078125,1
2026-08-14 12:05:23,73.80078125,1
2026-08-14 12:05:23,73.80078125,1
2026-08-14 12:05:23,73.80078125,1
2026-08-14 12:05:23,75.0390625,1
2026-08-14 12:05:23,75.0390625,1
2026-08-14 12:05:23,75.0390625,1
2026-08-14 12:05:23,75.0390625,1
2026-08-14 12:05:23,75.0390625,1
2026-08-14 12:05:23,75.0390625,1
2026-08-14 12:05:23,75.0390625,1
2026-08-14 12:05:23,75.0390625,1
2026-08-14 12:05:23,75.0390625,1
2026-08-14 12:05:23,75.0390625,1
2026-08-14 12:05:23,75.0390625,1
2026-08-14 12:05:23,75.0390625,1
2026-08-14 12:05:24,69.8046875,1
2026-08-14 12:05:24,69.8046875,1
2026-08-14 12:05:24,69.8046875,1
2026-08-14 12:05:24,69.8046875,1
2026-08-14 12:05:24,69.8046875,1
2026-08-14 12:05:24,69.8046875,1
2026-08-14 12:05:24,69.8046875,1
2026-08-14 12:05:24,69.8046875,1
2026-08-14 12:05:24,69.8046875,1
2026-08-14 12:05:24,69.8046875,1
2026-08-14 12:05:24,69.8046875,1
2026-08-14 12:05:24,69.8046875,1
2026-08-14 12:05:24,68.3984375,1
2026-08-14 12:05:24,68.3984375,1
2026-08-14 12:05:24,68.3984375,1
2026-08-14 12:05:24,68.3984375,1
2026-08-14 12:05:24,68.3984375,1
2026-08-14 12:05:24,68.3984375,1
2026-08-14 12:05:24,68.3984375,1
2026-08-14 12:05:24,68.3984375,1
2026-08-14 12:05:25,68.3984375,1
2026-08-14 12:05:25,68.3984375,1
2026-08-14 12:05:25,68.3984375,1
2026-08-14 12:05:25,68.3984375,1
2026-08-14 12:05:25,68.3984375,1
2026-08-14 12:05:25,68.3984375,1
2026-08-14 12:05:25,98.88671875,1
2026-08-14 12:05:25,98.88671875,1
2026-08-14 12:05:25,98.88671875,1
2026-08-14 12:05:25,98.88671875,1
2026-08-14 12:05:25,98.88671875,1
2026-08-14 12:05:25,98.88671875,1
2026-08-14 12:05:25,98.88671875,1
2026-08-14 12:05:25,98.88671875,1
2026-08-14 12:05:25,98.88671875,1
2026-08-14 12:05:25,98.88671875,1
2026-08-14 12:05:25,98.88671875,1
2026-08-14 12:05:25,98.88671875,1
2026-08-14 12:05:25,98.88671875,1
2026-08-14 12:05:25,98.88671875,1
2026-08-14 12:05:26,98.88671875,1
2026-08-14 12:05:26,98.88671875,1
2026-08-14 12:05:26,98.88671875,1
2026-08-14 12:05:26,98.88671875,1
2026-08-14 12:05:26,98.88671875,1
2026-08-14 12:05:26,98.88671875,1
2026-08-14 12:05:26,98.88671875,1
2026-08-14 12:05:26,98.88671875,1
2026-08-14 12:05:26,98.88671875,1
2026-08-14 12:05:26,98.88671875,1
2026-08-14 12:05:26,98.88671875,1
2026-08-14 12:05:26,98.88671875,1
2026-08-14 12:05:26,98.88671875,1
2026-08-14 12:05:26,98.88671875,1
2026-08-14 12:05:26,98.88671875,1
2026-08-14 12:05:26,98.88671875,1
2026-08-14 12:05:26,98.88671875,1
2026-08-14 12:05:26,98.88671875,1
2026-08-14 12:05:26,98.88671875,1
2026-08-14 12:05:26,98.88671875,1
2026-08-14 12:05:27,98.88671875,1
2026-08-14 12:05:27,98.88671875,1
2026-08-14 12:05:27,98.88671875,1
2026-08-14 12:05:27,98.88671875,1
2026-08-14 12:05:27,98.88671875,1
2026-08-14 12:05:27,98.88671875,1
2026-08-14 12:05:27,98.88671875,1
2026-08-14 12:05:27,98.88671875,1
2026-08-14 12:05:27,98.88671875,1
2026-08-14 12:05:27,98.88671875,1
2026-08-14 12:05:27,98.88671875,1
2026-08-14 12:05:27,98.88671875,1
2026-08-14 12:05:27,98.88671875,1
2026-08-14 12:05:27,98.88671875,1
2026-08-14 12:05:27,98.88671875,1
2026-08-14 12:05:27,98.88671875,1
2026-08-14 12:05:27,98.88671875,1
2026-08-14 12:05:27,98.88671875,1
2026-08-14 12:05:27,98.88671875,1
2026-08-14 12:05:27,98.88671875,1
2026-08-14 12:05:28,98.88671875,1
2026-08-14 12:05:28,98.88671875,1
2026-08-14 12:05:28,98.88671875,1
2026-08-14 12:05:28,98.88671875,1
2026-08-14 12:05:28,98.88671875,1
2026-08-14 12:05:28,98.88671875,1
2026-08-14 12:05:28,98.88671875,1
2026-08-14 12:05:28,98.88671875,1
2026-08-14 12:05:28,98.88671875,1
2026-08-14 12:05:28,98.88671875,1
2026-08-14 12:05:28,98.88671875,1
2026-08-14 12:05:28,98.88671875,1
2026-08-14 12:05:28,98.88671875,1
2026-08-14 12:05:28,98.88671875,1
2026-08-14 12:05:28,98.88671875,1
2026-08-14 12:05:28,98.88671875,1
2026-08-14 12:05:28,98.88671875,1
2026-08-14 12:05:28,98.88671875,1
2026-08-14 12:05:28,98.88671875,1
2026-08-14 12:05:28,98.88671875,1
2026-08-14 12:05:29,98.88671875,1
2026-08-14 12:05:29,98.88671875,1
2026-08-14 12:05:29,98.88671875,1
2026-08-14 12:05:29,98.88671875,1
2026-08-14 12:05:29,98.88671875,1
2026-08-14 12:05:29,98.88671875,1
2026-08-14 12:05:29,98.88671875,1
2026-08-14 12:05:29,98.88671875,1
2026-08-14 12:05:29,74.0234375,1
2026-08-14 12:05:29,74.0234375,1
2026-08-14 12:05:29,74.0234375,1
2026-08-14 12:05:29,74.0234375,1
2026-08-14 12:05:29,74.0234375,1
2026-08-14 12:05:29,74.0234375,1
2026-08-14 12:05:29,74.0234375,1
2026-08-14 12:05:29,74.0234375,1
2026-08-14 12:05:29,76.5,1
2026-08-14 12:05:29,76.5,1
2026-08-14 12:05:29,76.5,1
2026-08-14 12:05:29,76.5,1
2026-08-14 12:05:30,76.5,1
2026-08-14 12:05:30,76.5,1
2026-08-14 12:05:30,76.5,1
2026-08-14 12:05:30,76.5,1
2026-08-14 12:05:30,76.5,1
2026-08-14 12:05:30,76.5,1
2026-08-14 12:05:30,76.5,1
2026-08-14 12:05:30,76.5,1
2026-08-14 12:05:30,76.5,1
2026-08-14 12:05:30,76.5,1
2026-08-14 12:05:30,76.5,1
2026-08-14 12:05:30,76.5,1
2026-08-14 12:05:30,76.5,1
2026-08-14 12:05:30,76.5,1
2026-08-14 12:05:30,76.5,1
2026-08-14 12:05:30,76.5,1
2026-08-14 12:05:30,76.5,1
2026-08-14 12:05:30,76.5,1
2026-08-14 12:05:30,76.5,1
2026-08-14 12:05:30,76.5,1
2026-08-14 12:05:31,76.5,1
2026-08-14 12:05:31,76.5,1
2026-08-14 12:05:31,76.5,1
2026-08-14 12:05:31,76.5,1
2026-08-14 12:05:31,76.5,1
2026-08-14 12:05:31,76.5,1
2026-08-14 12:05:31,76.5,1
2026-08-14 12:05:31,76.5,1
2026-08-14 12:05:31,76.5,1
2026-08-14 12:05:31,76.5,1
2026-08-14 12:05:31,76.5,1
2026-08-14 12:05:31,76.5,1
2026-08-14 12:05:31,76.5,1
2026-08-14 12:05:31,76.5,1
2026-08-14 12:05:31,76.5,1
2026-08-14 12:05:31,76.5,1
2026-08-14 12:05:31,76.5,1
2026-08-14 12:05:31,76.5,1
2026-08-14 12:05:31,76.5,1
2026-08-14 12:05:31,76.5,1
2026-08-14 12:05:32,76.5,1
2026-08-14 12:05:32,76.5,1
2026-08-14 12:05:32,76.5,1
2026-08-14 12:05:32,76.5,1
2026-08-14 12:05:32,76.5,1
2026-08-14 12:05:32,76.5,1
2026-08-14 12:05:32,76.5,1
2026-08-14 12:05:32,76.5,1
2026-08-14 12:05:32,76.5,1
2026-08-14 12:05:32,76.5,1
2026-08-14 12:05:32,76.5,1
2026-08-14 12:05:32,76.5,1
2026-08-14 12:05:32,29.1953125,1
2026-08-14 12:05:32,29.1953125,1
2026-08-14 12:05:32,28.80078125,1
2026-08-14 12:05:32,28.80078125,1
2026-08-14 12:05:32,28.80078125,1
2026-08-14 12:05:32,28.80078125,1
2026-08-14 12:05:32,28.80078125,1
2026-08-14 12:05:32,28.80078125,1
2026-08-14 12:05:33,28.80078125,1
2026-08-14 12:05:33,28.80078125,1
2026-08-14 12:05:33,28.80078125,1
2026-08-14 12:05:33,28.80078125,1
2026-08-14 12:05:33,28.80078125,1
2026-08-14 12:05:33,28.80078125,1
2026-08-14 12:05:33,28.80078125,1
2026-08-14 12:05:33,28.80078125,1
2026-08-14 12:05:33,28.80078125,1
2026-08-14 12:05:33,28.80078125,1
2026-08-14 12:05:33,28.80078125,1
2026-08-14 12:05:33,28.80078125,1
2026-08-14 12:05:33,28.80078125,1
2026-08-14 12:05:33,28.80078125,1
2026-08-14 12:05:33,28.80078125,1
2026-08-14 12:05:33,28.80078125,1
2026-08-14 12:05:33,28.80078125,1
2026-08-14 12:05:33,28.80078125,1
2026-08-14 12:05:33,12.3203125,1
2026-08-14 12:05:33,12.3203125,1
2026-08-14 12:05:34,12.3203125,1
2026-08-14 12:05:34,12.3203125,1
2026-08-14 12:05:34,12.3203125,1
2026-08-14 12:05:34,12.3203125,1
2026-08-14 12:05:34,12.3203125,1
2026-08-14 12:05:34,12.3203125,1
2026-08-14 12:05:34,12.3203125,1
2026-08-14 12:05:34,12.3203125,1
2026-08-14 12:05:34,12.3203125,1
2026-08-14 12:05:34,12.3203125,1
2026-08-14 12:05:34,12.3203125,1
2026-08-14 12:05:34,12.3203125,1
2026-08-14 12:05:34,12.3203125,1
2026-08-14 12:05:34,12.3203125,1
2026-08-14 12:05:34,12.3203125,1
2026-08-14 12:05:34,12.3203125,1
2026-08-14 12:05:34,12.3203125,1
2026-08-14 12:05:34,12.3203125,1
2026-08-14 12:05:34,12.3203125,1
2026-08-14 12:05:34,12.3203125,1
2026-08-14 12:05:35,12.3203125,1
2026-08-14 12:05:35,12.3203125,1
2026-08-14 12:05:35,12.3203125,1
2026-08-14 12:05:35,12.3203125,1
2026-08-14 12:05:35,12.3203125,1
2026-08-14 12:05:35,12.3203125,1
2026-08-14 12:05:35,12.3203125,1
2026-08-14 12:05:35,12.3203125,1
2026-08-14 12:05:35,12.3203125,1
2026-08-14 12:05:35,12.3203125,1
2026-08-14 12:05:35,12.3203125,1
2026-08-14 12:05:35,12.3203125,1
2026-08-14 12:05:35,12.3203125,1
2026-08-14 12:05:35,12.3203125,1
2026-08-14 12:05:35,12.3203125,1
2026-08-14 12:05:35,12.3203125,1
2026-08-14 12:05:35,12.3203125,1
2026-08-14 12:05:35,12.3203125,1
2026-08-14 12:05:35,12.3203125,1
2026-08-14 12:05:35,12.3203125,1
2026-08-14 12:05:36,12.3203125,1
2026-08-14 12:05:36,12.3203125,1
2026-08-14 12:05:36,12.3203125,1
2026-08-14 12:05:36,12.3203125,1
2026-08-14 12:05:36,25.03125,1
2026-08-14 12:05:36,25.03125,1
2026-08-14 12:05:36,25.03125,1
2026-08-14 12:05:36,25.03125,1
2026-08-14 12:05:36,25.03125,1
2026-08-14 12:05:36,25.03125,1
2026-08-14 12:05:36,25.03125,1
2026-08-14 12:05:36,25.03125,1
2026-08-14 12:05:36,25.03125,1
2026-08-14 12:05:36,25.03125,1
2026-08-14 12:05:36,48.54296875,1
2026-08-14 12:05:36,48.54296875,1
2026-08-14 12:05:36,48.54296875,1
2026-08-14 12:05:36,48.54296875,1
2026-08-14 12:05:36,48.54296875,1
2026-08-14 12:05:36,48.54296875,1
2026-08-14 12:05:37,48.54296875,1
2026-08-14 12:05:37,48.54296875,1
2026-08-14 12:05:37,48.54296875,1
2026-08-14 12:05:37,48.54296875,1
2026-08-14 12:05:37,48.54296875,1
2026-08-14 12:05:37,48.54296875,1
2026-08-14 12:05:37,48.54296875,1
2026-08-14 12:05:37,48.54296875,1
2026-08-14 12:05:37,48.54296875,1
2026-08-14 12:05:37,48.54296875,1
2026-08-14 12:05:37,48.54296875,1
2026-08-14 12:05:37,48.54296875,1
2026-08-14 12:05:37,48.54296875,1
2026-08-14 12:05:37,48.54296875,1
2026-08-14 12:05:37,48.54296875,1
2026-08-14 12:05:37,48.54296875,1
2026-08-14 12:05:37,48.54296875,1
2026-08-14 12:05:37,48.54296875,1
2026-08-14 12:05:37,48.54296875,1
2026-08-14 12:05:37,48.54296875,1
2026-08-14 12:05:38,79.3125,1
2026-08-14 12:05:38,79.3125,1
2026-08-14 12:05:38,79.3125,1
2026-08-14 12:05:38,79.3125,1
2026-08-14 12:05:38,79.3125,1
2026-08-14 12:05:38,79.3125,1
2026-08-14 12:05:38,79.3125,1
2026-08-14 12:05:38,79.3125,1
2026-08-14 12:05:38,79.3125,1
2026-08-14 12:05:38,79.3125,1
2026-08-14 12:05:38,79.3125,1
2026-08-14 12:05:38,79.3125,1
2026-08-14 12:05:38,79.3125,1
2026-08-14 12:05:38,79.3125,1
2026-08-14 12:05:38,79.3125,1
2026-08-14 12:05:38,79.3125,1
2026-08-14 12:05:38,79.3125,1
2026-08-14 12:05:38,79.3125,1
2026-08-14 12:05:38,79.3125,1
2026-08-14 12:05:38,79.3125,1
2026-08-14 12:05:39,79.3125,1
2026-08-14 12:05:39,79.3125,1
2026-08-14 12:05:39,79.3125,1
2026-08-14 12:05:39,79.3125,1
2026-08-14 12:05:39,79.3125,1
2026-08-14 12:05:39,79.3125,1
2026-08-14 12:05:39,79.3125,1
2026-08-14 12:05:39,79.3125,1
2026-08-14 12:05:39,79.3125,1
2026-08-14 12:05:39,79.3125,1
2026-08-14 12:05:39,79.3125,1
2026-08-14 12:05:39,79.3125,1
2026-08-14 12:05:39,83.8671875,1
2026-08-14 12:05:39,83.8671875,1
2026-08-14 12:05:39,83.69921875,1
2026-08-14 12:05:39,83.69921875,1
2026-08-14 12:05:39,83.69921875,1
2026-08-14 12:05:39,83.69921875,1
2026-08-14 12:05:39,83.69921875,1
2026-08-14 12:05:39,83.69921875,1
2026-08-14 12:05:40,83.69921875,1
2026-08-14 12:05:40,83.69921875,1
2026-08-14 12:05:40,83.69921875,1
2026-08-14 12:05:40,83.69921875,1
2026-08-14 12:05:40,85.5546875,1
2026-08-14 12:05:40,85.5546875,1
2026-08-14 12:05:40,85.5546875,1
2026-08-14 12:05:40,85.5546875,1
2026-08-14 12:05:40,85.5546875,1
2026-08-14 12:05:40,85.5546875,1
2026-08-14 12:05:40,85.5546875,1
2026-08-14 12:05:40,85.5546875,1
2026-08-14 12:05:40,85.5546875,1
2026-08-14 12:05:40,85.5546875,1
2026-08-14 12:05:40,85.5546875,1
2026-08-14 12:05:40,85.5546875,1
2026-08-14 12:05:40,85.5546875,1
2026-08-14 12:05:40,85.5546875,1
2026-08-14 12:05:40,83.92578125,1
2026-08-14 12:05:40,83.92578125,1
2026-08-14 12:05:41,83.25,1
2026-08-14 12:05:41,83.25,1
2026-08-14 12:05:41,83.25,1
2026-08-14 12:05:41,83.25,1
2026-08-14 12:05:41,83.25,1
2026-08-14 12:05:41,83.25,1
2026-08-14 12:05:41,83.25,1
2026-08-14 12:05:41,83.25,1
2026-08-14 12:05:41,83.25,1
2026-08-14 12:05:41,83.25,1
2026-08-14 12:05:41,81.0,1
2026-08-14 12:05:41,81.0,1
2026-08-14 12:05:41,80.60546875,1
2026-08-14 12:05:41,80.60546875,1
2026-08-14 12:05:41,80.60546875,1
2026-08-14 12:05:41,80.60546875,1
2026-08-14 12:05:41,80.60546875,1
2026-08-14 12:05:41,80.60546875,1
2026-08-14 12:05:41,80.60546875,1
2026-08-14 12:05:41,80.60546875,1
2026-08-14 12:05:42,80.60546875,1
2026-08-14 12:05:42,80.60546875,1
2026-08-14 12:05:42,80.60546875,1
2026-08-14 12:05:42,80.60546875,1
2026-08-14 12:05:42,80.60546875,1
2026-08-14 12:05:42,80.60546875,1
2026-08-14 12:05:42,80.60546875,1
2026-08-14 12:05:42,80.60546875,1
2026-08-14 12:05:42,80.60546875,1
2026-08-14 12:05:42,80.60546875,1
2026-08-14 12:05:42,80.60546875,1
2026-08-14 12:05:42,80.60546875,1
2026-08-14 12:05:42,81.6171875,1
2026-08-14 12:05:42,81.6171875,1
2026-08-14 12:05:42,81.6171875,1
2026-08-14 12:05:42,81.6171875,1
2026-08-14 12:05:42,81.6171875,1
2026-08-14 12:05:42,81.6171875,1
2026-08-14 12:05:42,81.6171875,1
2026-08-14 12:05:42,81.6171875,1
2026-08-14 12:05:43,81.6171875,1
2026-08-14 12:05:43,81.6171875,1
2026-08-14 12:05:43,81.6171875,1
2026-08-14 12:05:43,81.6171875,1
2026-08-14 12:05:43,81.6171875,1
2026-08-14 12:05:43,81.6171875,1
2026-08-14 12:05:43,81.6171875,1
2026-08-14 12:05:43,81.6171875,1
2026-08-14 12:05:43,81.6171875,1
2026-08-14 12:05:43,81.6171875,1
2026-08-14 12:05:43,81.6171875,1
2026-08-14 12:05:43,81.6171875,1
2026-08-14 12:05:43,81.6171875,1
2026-08-14 12:05:43,81.6171875,1
2026-08-14 12:05:43,81.6171875,1
2026-08-14 12:05:43,81.6171875,1
2026-08-14 12:05:43,81.6171875,1
2026-08-14 12:05:43,81.6171875,1
2026-08-14 12:05:43,81.6171875,1
2026-08-14 12:05:43,81.6171875,1
2026-08-14 12:05:44,81.6171875,1
2026-08-14 12:05:44,81.6171875,1
2026-08-14 12:05:44,81.6171875,1
2026-08-14 12:05:44,81.6171875,1
2026-08-14 12:05:44,81.6171875,1
2026-08-14 12:05:44,81.6171875,1
2026-08-14 12:05:44,81.6171875,1
2026-08-14 12:05:44,81.6171875,1
2026-08-14 12:05:44,81.6171875,1
2026-08-14 12:05:44,81.6171875,1
2026-08-14 12:05:44,78.86328125,1
2026-08-14 12:05:44,78.86328125,1
2026-08-14 12:05:44,78.86328125,1
2026-08-14 12:05:44,78.86328125,1
2026-08-14 12:05:44,78.86328125,1
2026-08-14 12:05:44,78.86328125,1
2026-08-14 12:05:44,78.86328125,1
2026-08-14 12:05:44,78.86328125,1
2026-08-14 12:05:44,78.86328125,1
2026-08-14 12:05:44,78.86328125,1
2026-08-14 12:05:45,78.86328125,1
2026-08-14 12:05:45,78.86328125,1
2026-08-14 12:05:45,78.86328125,1
2026-08-14 12:05:45,78.86328125,1
2026-08-14 12:05:45,78.86328125,1
2026-08-14 12:05:45,78.86328125,1
2026-08-14 12:05:45,78.86328125,1
2026-08-14 12:05:45,78.86328125,1
2026-08-14 12:05:45,78.86328125,1
2026-08-14 12:05:45,78.86328125,1
2026-08-14 12:05:45,79.3125,1
2026-08-14 12:05:45,79.3125,1
2026-08-14 12:05:45,78.86328125,1
2026-08-14 12:05:45,78.86328125,1
2026-08-14 12:05:45,78.86328125,1
2026-08-14 12:05:45,78.86328125,1
2026-08-14 12:05:45,78.86328125,1
2026-08-14 12:05:45,78.86328125,1
2026-08-14 12:05:45,78.86328125,1
2026-08-14 12:05:45,78.86328125,1
2026-08-14 12:05:46,75.20703125,1
2026-08-14 12:05:46,75.20703125,1
2026-08-14 12:05:46,75.20703125,1
2026-08-14 12:05:46,75.20703125,1
2026-08-14 12:05:46,75.20703125,1
2026-08-14 12:05:46,75.20703125,1
2026-08-14 12:05:46,75.20703125,1
2026-08-14 12:05:46,75.20703125,1
2026-08-14 12:05:46,75.20703125,1
2026-08-14 12:05:46,75.20703125,1
2026-08-14 12:05:46,75.20703125,1
2026-08-14 12:05:46,75.20703125,1
2026-08-14 12:05:46,75.20703125,1
2026-08-14 12:05:46,75.20703125,1
2026-08-14 12:05:46,75.20703125,1
2026-08-14 12:05:46,75.20703125,1
2026-08-14 12:05:46,75.20703125,1
2026-08-14 12:05:46,75.20703125,1
2026-08-14 12:05:46,75.20703125,1
2026-08-14 12:05:46,75.20703125,1
2026-08-14 12:05:47,74.13671875,1
2026-08-14 12:05:47,74.13671875,1
2026-08-14 12:05:47,73.9140625,1
2026-08-14 12:05:47,73.9140625,1
2026-08-14 12:05:47,73.9140625,1
2026-08-14 12:05:47,73.9140625,1
2026-08-14 12:05:47,73.9140625,1
2026-08-14 12:05:47,73.9140625,1
2026-08-14 12:05:47,73.9140625,1
2026-08-14 12:05:47,73.9140625,1
2026-08-14 12:05:47,73.9140625,1
2026-08-14 12:05:47,73.9140625,1
2026-08-14 12:05:47,69.30078125,1
2026-08-14 12:05:47,69.30078125,1
2026-08-14 12:05:47,69.30078125,1
2026-08-14 12:05:47,69.30078125,1
2026-08-14 12:05:47,69.30078125,1
2026-08-14 12:05:47,69.30078125,1
2026-08-14 12:05:47,69.30078125,1
2026-08-14 12:05:47,69.30078125,1
2026-08-14 12:05:48,66.09375,1
2026-08-14 12:05:48,66.09375,1
2026-08-14 12:05:48,65.69921875,1
2026-08-14 12:05:48,65.69921875,1
2026-08-14 12:05:48,65.69921875,1
2026-08-14 12:05:48,65.69921875,1
2026-08-14 12:05:48,65.69921875,1
2026-08-14 12:05:48,65.69921875,1
2026-08-14 12:05:48,65.69921875,1
2026-08-14 12:05:48,65.69921875,1
2026-08-14 12:05:48,65.69921875,1
2026-08-14 12:05:48,65.69921875,1
2026-08-14 12:05:48,65.69921875,1
2026-08-14 12:05:48,65.69921875,1
2026-08-14 12:05:48,65.69921875,1
2026-08-14 12:05:48,65.69921875,1
2026-08-14 12:05:48,65.69921875,1
2026-08-14 12:05:48,65.69921875,1
2026-08-14 12:05:48,65.69921875,1
2026-08-14 12:05:48,65.69921875,1
2026-08-14 12:05:49,65.69921875,1
2026-08-14 12:05:49,65.69921875,1
2026-08-14 12:05:49,65.69921875,1
2026-08-14 12:05:49,65.69921875,1
2026-08-14 12:05:49,65.69921875,1
2026-08-14 12:05:49,65.69921875,1
2026-08-14 12:05:49,65.69921875,1
2026-08-14 12:05:49,65.69921875,1
2026-08-14 12:05:49,65.69921875,1
2026-08-14 12:05:49,65.69921875,1
2026-08-14 12:05:49,57.20703125,1
2026-08-14 12:05:49,57.20703125,1
2026-08-14 12:05:49,57.20703125,1
2026-08-14 12:05:49,57.20703125,1
2026-08-14 12:05:49,57.20703125,1
2026-08-14 12:05:49,57.20703125,1
2026-08-14 12:05:49,57.20703125,1
2026-08-14 12:05:49,57.20703125,1
2026-08-14 12:05:49,57.20703125,1
2026-08-14 12:05:49,57.20703125,1
2026-08-14 12:05:50,57.20703125,1
2026-08-14 12:05:50,57.20703125,1
2026-08-14 12:05:50,54.5625,1
2026-08-14 12:05:50,54.5625,1
2026-08-14 12:05:50,54.5625,1
2026-08-14 12:05:50,54.5625,1
2026-08-14 12:05:50,54.3359375,1
2026-08-14 12:05:50,54.3359375,1
2026-08-14 12:05:50,54.3359375,1
2026-08-14 12:05:50,54.3359375,1
2026-08-14 12:05:50,54.3359375,1
2026-08-14 12:05:50,54.3359375,1
2026-08-14 12:05:50,54.3359375,1
2026-08-14 12:05:50,54.3359375,1
2026-08-14 12:05:50,54.3359375,1
2026-08-14 12:05:50,54.3359375,1
2026-08-14 12:05:50,54.3359375,1
2026-08-14 12:05:50,54.3359375,1
2026-08-14 12:05:50,54.3359375,1
2026-08-14 12:05:50,54.3359375,1
2026-08-14 12:05:51,54.3359375,1
2026-08-14 12:05:51,54.3359375,1
2026-08-14 12:05:51,54.3359375,1
2026-08-14 12:05:51,54.3359375,1
2026-08-14 12:05:51,54.3359375,1
2026-08-14 12:05:51,54.3359375,1
2026-08-14 12:05:51,54.3359375,1
2026-08-14 12:05:51,54.3359375,1
2026-08-14 12:05:51,54.3359375,1
2026-08-14 12:05:51,54.3359375,1
2026-08-14 12:05:51,52.19921875,1
2026-08-14 12:05:51,52.19921875,1
2026-08-14 12:05:51,52.19921875,1
2026-08-14 12:05:51,52.19921875,1
2026-08-14 12:05:51,52.19921875,1
2026-08-14 12:05:51,52.19921875,1
2026-08-14 12:05:51,52.19921875,1
2026-08-14 12:05:51,52.19921875,1
2026-08-14 12:05:51,52.19921875,1
2026-08-14 12:05:51,52.19921875,1
2026-08-14 12:05:52,52.19921875,1
2026-08-14 12:05:52,52.19921875,1
2026-08-14 12:05:52,52.19921875,1
2026-08-14 12:05:52,52.19921875,1
2026-08-14 12:05:52,52.19921875,1
2026-08-14 12:05:52,52.19921875,1
2026-08-14 12:05:52,52.19921875,1
2026-08-14 12:05:52,52.19921875,1
2026-08-14 12:05:52,52.19921875,1
2026-08-14 12:05:52,52.19921875,1
2026-08-14 12:05:52,52.19921875,1
2026-08-14 12:05:52,52.19921875,1
2026-08-14 12:05:52,66.375,1
2026-08-14 12:05:52,66.375,1
2026-08-14 12:05:52,66.375,1
2026-08-14 12:05:52,66.375,1
2026-08-14 12:05:52,66.375,1
2026-08-14 12:05:52,66.375,1
2026-08-14 12:05:52,66.375,1
2026-08-14 12:05:52,66.375,1
2026-08-14 12:05:53,66.375,1
2026-08-14 12:05:53,66.375,1
2026-08-14 12:05:53,66.375,1
2026-08-14 12:05:53,66.375,1
2026-08-14 12:05:53,66.375,1
2026-08-14 12:05:53,66.375,1
2026-08-14 12:05:53,66.375,1
2026-08-14 12:05:53,66.375,1
2026-08-14 12:05:53,66.375,1
2026-08-14 12:05:53,66.375,1
2026-08-14 12:05:53,66.375,1
2026-08-14 12:05:53,66.375,1
2026-08-14 12:05:53,66.375,1
2026-08-14 12:05:53,66.375,1
2026-08-14 12:05:53,66.375,1
2026-08-14 12:05:53,66.375,1
2026-08-14 12:05:53,82.9140625,1
2026-08-14 12:05:53,82.9140625,1
2026-08-14 12:05:53,82.9140625,1
2026-08-14 12:05:53,82.9140625,1
2026-08-14 12:05:54,82.9140625,1
2026-08-14 12:05:54,82.9140625,1
2026-08-14 12:05:54,82.9140625,1
2026-08-14 12:05:54,82.9140625,1
2026-08-14 12:05:54,82.9140625,1
2026-08-14 12:05:54,82.9140625,1
2026-08-14 12:05:54,82.9140625,1
2026-08-14 12:05:54,82.9140625,1
2026-08-14 12:05:54,82.9140625,1
2026-08-14 12:05:54,82.9140625,1
2026-08-14 12:05:54,82.9140625,1
2026-08-14 12:05:54,82.9140625,1
2026-08-14 12:05:54,82.9140625,1
2026-08-14 12:05:54,82.9140625,1
2026-08-14 12:05:54,82.9140625,1
2026-08-14 12:05:54,82.9140625,1
2026-08-14 12:05:54,82.9140625,1
2026-08-14 12:05:54,82.9140625,1
2026-08-14 12:05:54,82.9140625,1
2026-08-14 12:05:54,82.9140625,1
2026-08-14 12:05:55,74.41796875,1
2026-08-14 12:05:55,74.41796875,1
2026-08-14 12:05:55,74.41796875,1
2026-08-14 12:05:55,74.41796875,1
2026-08-14 12:05:55,74.41796875,1
2026-08-14 12:05:55,74.41796875,1
2026-08-14 12:05:55,74.41796875,1
2026-08-14 12:05:55,74.41796875,1
2026-08-14 12:05:55,74.41796875,1
2026-08-14 12:05:55,74.41796875,1
2026-08-14 12:05:55,72.7890625,1
2026-08-14 12:05:55,72.7890625,1
2026-08-14 12:05:55,72.7890625,1
2026-08-14 12:05:55,72.7890625,1
2026-08-14 12:05:55,72.7890625,1
2026-08-14 12:05:55,72.7890625,1
2026-08-14 12:05:55,72.7890625,1
2026-08-14 12:05:55,72.7890625,1
2026-08-14 12:05:55,72.7890625,1
2026-08-14 12:05:55,72.7890625,1
2026-08-14 12:05:56,72.7890625,1
2026-08-14 12:05:56,72.7890625,1
2026-08-14 12:05:56,72.7890625,1
2026-08-14 12:05:56,72.7890625,1
2026-08-14 12:05:56,72.7890625,1
2026-08-14 12:05:56,72.7890625,1
2026-08-14 12:05:56,72.7890625,1
2026-08-14 12:05:56,72.7890625,1
2026-08-14 12:05:56,72.7890625,1
2026-08-14 12:05:56,72.7890625,1
2026-08-14 12:05:56,70.42578125,1
2026-08-14 12:05:56,70.42578125,1
2026-08-14 12:05:56,70.3671875,1
2026-08-14 12:05:56,70.3671875,1
2026-08-14 12:05:56,70.3671875,1
2026-08-14 12:05:56,70.3671875,1
2026-08-14 12:05:56,70.3671875,1
2026-08-14 12:05:56,70.3671875,1
2026-08-14 12:05:56,70.3671875,1
2026-08-14 12:05:56,70.3671875,1
2026-08-14 12:05:57,70.3671875,1
2026-08-14 12:05:57,70.3671875,1
2026-08-14 12:05:57,70.3671875,1
2026-08-14 12:05:57,70.3671875,1
2026-08-14 12:05:57,70.3671875,1
2026-08-14 12:05:57,70.3671875,1
2026-08-14 12:05:57,70.3671875,1
2026-08-14 12:05:57,70.3671875,1
2026-08-14 12:05:57,70.3671875,1
2026-08-14 12:05:57,70.3671875,1
2026-08-14 12:05:57,70.3671875,1
2026-08-14 12:05:57,70.3671875,1
2026-08-14 12:05:57,70.3671875,1
2026-08-14 12:05:57,70.3671875,1
2026-08-14 12:05:57,70.2578125,1
2026-08-14 12:05:57,70.2578125,1
2026-08-14 12:05:57,70.2578125,1
2026-08-14 12:05:57,70.2578125,1
2026-08-14 12:05:57,70.2578125,1
2026-08-14 12:05:57,70.2578125,1
2026-08-14 12:05:58,70.2578125,1
2026-08-14 12:05:58,70.2578125,1
2026-08-14 12:05:58,70.2578125,1
2026-08-14 12:05:58,70.2578125,1
2026-08-14 12:05:58,70.2578125,1
2026-08-14 12:05:58,70.2578125,1
2026-08-14 12:05:58,70.2578125,1
2026-08-14 12:05:58,70.2578125,1
2026-08-14 12:05:58,70.2578125,1
2026-08-14 12:05:58,70.2578125,1
2026-08-14 12:05:58,70.2578125,1
2026-08-14 12:05:58,70.2578125,1
2026-08-14 12:05:58,70.2578125,1
2026-08-14 12:05:58,70.2578125,1
2026-08-14 12:05:58,70.2578125,1
2026-08-14 12:05:58,70.2578125,1
2026-08-14 12:05:58,70.2578125,1
2026-08-14 12:05:58,70.2578125,1
2026-08-14 12:05:58,70.2578125,1
2026-08-14 12:05:58,70.2578125,1
2026-08-14 12:05:59,70.2578125,1
2026-08-14 12:05:59,70.2578125,1
2026-08-14 12:05:59,70.2578125,1
2026-08-14 12:05:59,70.2578125,1
2026-08-14 12:05:59,70.2578125,1
2026-08-14 12:05:59,70.2578125,1
2026-08-14 12:05:59,70.2578125,1
2026-08-14 12:05:59,70.2578125,1
2026-08-14 12:05:59,70.875,1
2026-08-14 12:05:59,70.875,1
2026-08-14 12:05:59,70.8203125,1
2026-08-14 12:05:59,70.8203125,1
2026-08-14 12:05:59,70.8203125,1
2026-08-14 12:05:59,70.8203125,1
2026-08-14 12:05:59,70.8203125,1
2026-08-14 12:05:59,70.8203125,1
2026-08-14 12:05:59,70.8203125,1
2026-08-14 12:05:59,70.8203125,1
2026-08-14 12:05:59,70.8203125,1
2026-08-14 12:05:59,70.8203125,1
2026-08-14 12:06:00,70.8203125,1
2026-08-14 12:06:00,70.8203125,1
2026-08-14 12:06:00,70.8203125,1
2026-08-14 12:06:00,70.8203125,1
2026-08-14 12:06:00,70.8203125,1
2026-08-14 12:06:00,70.8203125,1
2026-08-14 12:06:00,70.8203125,1
2026-08-14 12:06:00,70.8203125,1
2026-08-14 12:06:00,70.8203125,1
2026-08-14 12:06:00,70.8203125,1
2026-08-14 12:06:00,70.8203125,1
2026-08-14 12:06:00,70.8203125,1
2026-08-14 12:06:00,70.8203125,1
2026-08-14 12:06:00,70.8203125,1
2026-08-14 12:06:00,69.4140625,1
2026-08-14 12:06:00,69.4140625,1
2026-08-14 12:06:00,69.46875,1
2026-08-14 12:06:00,69.46875,1
2026-08-14 12:06:00,69.46875,1
2026-08-14 12:06:00,69.46875,1
2026-08-14 12:06:01,69.46875,1
2026-08-14 12:06:01,69.46875,1
2026-08-14 12:06:01,69.46875,1
2026-08-14 12:06:01,69.46875,1
2026-08-14 12:06:01,69.46875,1
2026-08-14 12:06:01,69.46875,1
2026-08-14 12:06:01,69.46875,1
2026-08-14 12:06:01,69.46875,1
2026-08-14 12:06:01,69.46875,1
2026-08-14 12:06:01,69.46875,1
2026-08-14 12:06:01,69.46875,1
2026-08-14 12:06:01,69.46875,1
2026-08-14 12:06:01,69.46875,1
2026-08-14 12:06:01,69.46875,1
2026-08-14 12:06:01,71.71875,1
2026-08-14 12:06:01,71.71875,1
2026-08-14 12:06:01,71.71875,1
2026-08-14 12:06:01,71.71875,1
2026-08-14 12:06:01,71.71875,1
2026-08-14 12:06:01,71.71875,1
2026-08-14 12:06:02,71.71875,1
2026-08-14 12:06:02,71.71875,1
2026-08-14 12:06:02,71.71875,1
2026-08-14 12:06:02,71.71875,1
2026-08-14 12:06:02,71.32421875,1
2026-08-14 12:06:02,71.32421875,1
2026-08-14 12:06:02,71.32421875,1
2026-08-14 12:06:02,71.32421875,1
2026-08-14 12:06:02,71.26953125,1
2026-08-14 12:06:02,71.26953125,1
2026-08-14 12:06:02,71.26953125,1
2026-08-14 12:06:02,71.26953125,1
2026-08-14 12:06:02,71.26953125,1
2026-08-14 12:06:02,71.26953125,1
2026-08-14 12:06:02,71.26953125,1
2026-08-14 12:06:02,71.26953125,1
2026-08-14 12:06:02,71.26953125,1
2026-08-14 12:06:02,71.26953125,1
2026-08-14 12:06:02,71.26953125,1
2026-08-14 12:06:02,71.26953125,1
2026-08-14 12:06:03,69.9765625,1
2026-08-14 12:06:03,69.9765625,1
2026-08-14 12:06:03,69.91796875,1
2026-08-14 12:06:03,69.91796875,1
2026-08-14 12:06:03,69.91796875,1
2026-08-14 12:06:03,69.91796875,1
2026-08-14 12:06:03,69.91796875,1
2026-08-14 12:06:03,69.91796875,1
2026-08-14 12:06:03,69.91796875,1
2026-08-14 12:06:03,69.91796875,1
2026-08-14 12:06:03,69.91796875,1
2026-08-14 12:06:03,69.91796875,1
2026-08-14 12:06:03,69.91796875,1
2026-08-14 12:06:03,69.91796875,1
2026-08-14 12:06:03,69.91796875,1
2026-08-14 12:06:03,69.91796875,1
2026-08-14 12:06:03,69.91796875,1
2026-08-14 12:06:03,69.91796875,1
2026-08-14 12:06:03,69.91796875,1
2026-08-14 12:06:03,69.91796875,1
2026-08-14 12:06:04,69.91796875,1
2026-08-14 12:06:04,69.91796875,1
2026-08-14 12:06:04,69.91796875,1
2026-08-14 12:06:04,69.91796875,1
2026-08-14 12:06:04,69.91796875,1
2026-08-14 12:06:04,69.91796875,1
2026-08-14 12:06:04,69.91796875,1
2026-08-14 12:06:04,69.91796875,1
2026-08-14 12:06:04,69.91796875,1
2026-08-14 12:06:04,69.91796875,1
2026-08-14 12:06:04,69.91796875,1
2026-08-14 12:06:04,69.91796875,1
2026-08-14 12:06:04,69.91796875,1
2026-08-14 12:06:04,69.91796875,1
2026-08-14 12:06:04,69.91796875,1
2026-08-14 12:06:04,69.91796875,1
2026-08-14 12:06:04,69.91796875,1
2026-08-14 12:06:04,69.91796875,1
2026-08-14 12:06:04,67.2734375,1
2026-08-14 12:06:04,67.2734375,1
2026-08-14 12:06:05,67.2734375,1
2026-08-14 12:06:05,67.2734375,1
2026-08-14 12:06:05,67.2734375,1
2026-08-14 12:06:05,67.2734375,1
2026-08-14 12:06:05,67.2734375,1
2026-08-14 12:06:05,67.2734375,1
2026-08-14 12:06:05,67.2734375,1
2026-08-14 12:06:05,67.2734375,1
2026-08-14 12:06:05,67.2734375,1
2026-08-14 12:06:05,67.2734375,1
2026-08-14 12:06:05,67.2734375,1
2026-08-14 12:06:05,67.2734375,1
2026-08-14 12:06:05,55.51953125,1
2026-08-14 12:06:05,55.51953125,1
2026-08-14 12:06:05,55.51953125,1
2026-08-14 12:06:05,55.51953125,1
2026-08-14 12:06:05,55.51953125,1
2026-08-14 12:06:05,55.51953125,1
2026-08-14 12:06:05,55.51953125,1
2026-08-14 12:06:05,55.51953125,1
2026-08-14 12:06:06,50.625,1
2026-08-14 12:06:06,50.625,1
2026-08-14 12:06:06,50.625,1
2026-08-14 12:06:06,50.625,1
2026-08-14 12:06:06,50.625,1
2026-08-14 12:06:06,50.625,1
2026-08-14 12:06:06,50.625,1
2026-08-14 12:06:06,50.625,1
2026-08-14 12:06:06,50.625,1
2026-08-14 12:06:06,50.625,1
2026-08-14 12:06:06,50.625,1
2026-08-14 12:06:06,50.625,1
2026-08-14 12:06:06,50.625,1
2026-08-14 12:06:06,50.625,1
2026-08-14 12:06:06,50.625,1
2026-08-14 12:06:06,50.625,1
2026-08-14 12:06:06,50.625,1
2026-08-14 12:06:06,50.625,1
2026-08-14 12:06:06,50.625,1
2026-08-14 12:06:06,50.625,1
2026-08-14 12:06:07,50.625,1
2026-08-14 12:06:07,50.625,1
2026-08-14 12:06:07,50.625,1
2026-08-14 12:06:07,50.625,1
2026-08-14 12:06:07,50.625,1
2026-08-14 12:06:07,50.625,1
2026-08-14 12:06:07,50.625,1
2026-08-14 12:06:07,50.625,1
2026-08-14 12:06:07,50.625,1
2026-08-14 12:06:07,50.625,1
2026-08-14 12:06:07,50.625,1
2026-08-14 12:06:07,50.625,1
2026-08-14 12:06:07,15.46875,1
2026-08-14 12:06:07,15.46875,1
2026-08-14 12:06:07,15.46875,1
2026-08-14 12:06:07,15.46875,1
2026-08-14 12:06:07,15.46875,1
2026-08-14 12:06:07,15.46875,1
2026-08-14 12:06:07,15.46875,1
2026-08-14 12:06:07,15.46875,1
2026-08-14 12:06:08,15.46875,1
2026-08-14 12:06:08,15.46875,1
2026-08-14 12:06:08,15.46875,1
2026-08-14 12:06:08,15.46875,1
2026-08-14 12:06:08,15.46875,1
2026-08-14 12:06:08,15.46875,1
2026-08-14 12:06:08,15.46875,1
2026-08-14 12:06:08,15.46875,1
2026-08-14 12:06:08,15.46875,1
2026-08-14 12:06:08,15.46875,1
2026-08-14 12:06:08,15.46875,1
2026-08-14 12:06:08,15.46875,1
2026-08-14 12:06:08,15.46875,1
2026-08-14 12:06:08,15.46875,1
2026-08-14 12:06:08,15.46875,1
2026-08-14 12:06:08,15.46875,1
2026-08-14 12:06:08,15.46875,1
2026-08-14 12:06:08,15.46875,1
2026-08-14 12:06:08,15.46875,1
2026-08-14 12:06:08,15.46875,1
2026-08-14 12:06:09,15.46875,1
2026-08-14 12:06:09,15.46875,1
2026-08-14 12:06:09,15.46875,1
2026-08-14 12:06:09,15.46875,1
2026-08-14 12:06:09,15.46875,1
2026-08-14 12:06:09,15.46875,1
2026-08-14 12:06:09,15.46875,1
2026-08-14 12:06:09,15.46875,1
2026-08-14 12:06:09,15.46875,1
2026-08-14 12:06:09,15.46875,1
2026-08-14 12:06:09,15.46875,1
2026-08-14 12:06:09,15.46875,1
2026-08-14 12:06:09,15.46875,1
2026-08-14 12:06:09,15.46875,1
2026-08-14 12:06:09,0.0,1
2026-08-14 12:06:09,0.0,1
2026-08-14 12:06:09,0.0,1
2026-08-14 12:06:09,0.0,1
2026-08-14 12:06:09,0.0,1
2026-08-14 12:06:09,0.0,1
2026-08-14 12:06:10,0.0,1
2026-08-14 12:06:10,0.0,1
2026-08-14 12:06:10,0.0,1
2026-08-14 12:06:10,0.0,1
2026-08-14 12:06:10,0.0,1
2026-08-14 12:06:10,0.0,1
2026-08-14 12:06:10,0.0,1
2026-08-14 12:06:10,0.0,1
2026-08-14 12:06:10,0.0,1
2026-08-14 12:06:10,0.0,1
2026-08-14 12:06:10,0.0,1
2026-08-14 12:06:10,0.0,1
2026-08-14 12:06:10,0.0,1
2026-08-14 12:06:10,0.0,1
2026-08-14 12:06:10,0.0,1
2026-08-14 12:06:10,0.0,1
2026-08-14 12:06:10,0.0,1
2026-08-14 12:06:10,0.0,1
2026-08-14 12:06:10,0.0,1
2026-08-14 12:06:10,0.0,1
2026-08-14 12:06:11,0.0,1
2026-08-14 12:06:11,0.0,1
2026-08-14 12:06:11,0.0,1
2026-08-14 12:06:11,0.0,1
2026-08-14 12:06:11,0.0,1
2026-08-14 12:06:11,0.0,1
2026-08-14 12:06:11,0.0,1
2026-08-14 12:06:11,0.0,1
2026-08-14 12:06:11,0.0,1
2026-08-14 12:06:11,0.0,1
2026-08-14 12:06:11,0.0,1
2026-08-14 12:06:11,0.0,1
2026-08-14 12:06:11,0.0,1
2026-08-14 12:06:11,0.0,1
2026-08-14 12:06:11,0.0,1
2026-08-14 12:06:11,0.0,1
2026-08-14 12:06:11,0.0,1
2026-08-14 12:06:11,0.0,1
2026-08-14 12:06:11,0.0,1
2026-08-14 12:06:11,0.0,1
2026-08-14 12:06:12,0.0,1
2026-08-14 12:06:12,0.0,1
2026-08-14 12:06:12,0.0,1
2026-08-14 12:06:12,0.0,1
2026-08-14 12:06:12,0.0,1
2026-08-14 12:06:12,0.0,1
2026-08-14 12:06:12,0.0,1
2026-08-14 12:06:12,0.0,1
2026-08-14 12:06:12,0.0,1
2026-08-14 12:06:12,0.0,1
2026-08-14 12:06:12,0.0,1
2026-08-14 12:06:12,0.0,1
2026-08-14 12:06:12,0.0,1
2026-08-14 12:06:12,0.0,1
2026-08-14 12:06:12,0.0,1
2026-08-14 12:06:12,0.0,1
2026-08-14 12:06:12,0.0,1
2026-08-14 12:06:12,0.0,1
2026-08-14 12:06:12,0.0,1
2026-08-14 12:06:12,0.0,1
2026-08-14 12:06:13,0.0,1
2026-08-14 12:06:13,0.0,1
2026-08-14 12:06:13,0.0,1
2026-08-14 12:06:13,0.0,1
2026-08-14 12:06:13,0.0,1
2026-08-14 12:06:13,0.0,1
2026-08-14 12:06:13,0.0,1
2026-08-14 12:06:13,0.0,1
2026-08-14 12:06:13,0.0,1
2026-08-14 12:06:13,0.0,1
2026-08-14 12:06:13,0.0,1
2026-08-14 12:06:13,0.0,1
2026-08-14 12:06:13,0.0,1
2026-08-14 12:06:13,0.0,1
2026-08-14 12:06:13,0.0,1
2026-08-14 12:06:13,0.0,1
2026-08-14 12:06:13,0.0,1
2026-08-14 12:06:13,0.0,1
2026-08-14 12:06:13,0.0,1
2026-08-14 12:06:13,0.0,1
2026-08-14 12:06:14,0.0,1
2026-08-14 12:06:14,0.0,1
2026-08-14 12:06:14,0.0,1
2026-08-14 12:06:14,0.0,1
2026-08-14 12:06:14,0.0,1
2026-08-14 12:06:14,0.0,1
2026-08-14 12:06:14,0.0,1
2026-08-14 12:06:14,0.0,1
2026-08-14 12:06:14,0.0,1
2026-08-14 12:06:14,0.0,1
2026-08-14 12:06:14,0.0,1
2026-08-14 12:06:14,0.0,1
2026-08-14 12:06:14,0.0,1
2026-08-14 12:06:14,0.0,1
2026-08-14 12:06:14,0.0,1
2026-08-14 12:06:14,0.0,1
2026-08-14 12:06:14,0.0,1
2026-08-14 12:06:14,0.0,1
2026-08-14 12:06:14,0.0,1
2026-08-14 12:06:14,0.0,1
2026-08-14 12:06:15,0.0,1
2026-08-14 12:06:15,0.0,1
2026-08-14 12:06:15,0.0,1
2026-08-14 12:06:15,0.0,1
2026-08-14 12:06:15,0.0,1
2026-08-14 12:06:15,0.0,1
2026-08-14 12:06:15,0.0,1
2026-08-14 12:06:15,0.0,1
2026-08-14 12:06:15,0.0,1
2026-08-14 12:06:15,0.0,1
2026-08-14 12:06:15,0.0,1
2026-08-14 12:06:15,0.0,1
2026-08-14 12:06:15,0.0,1
2026-08-14 12:06:15,0.0,1
2026-08-14 12:06:15,0.0,1
2026-08-14 12:06:15,0.0,1
2026-08-14 12:06:15,0.0,1
2026-08-14 12:06:15,0.0,1
2026-08-14 12:06:15,0.0,1
2026-08-14 12:06:15,0.0,1
2026-08-14 12:06:16,0.0,1
2026-08-14 12:06:16,0.0,1
2026-08-14 12:06:16,0.0,1
2026-08-14 12:06:16,0.0,1
2026-08-14 12:06:16,0.0,1
2026-08-14 12:06:16,0.0,1
2026-08-14 12:06:16,0.0,1
2026-08-14 12:06:16,0.0,1
2026-08-14 12:06:16,0.0,1
2026-08-14 12:06:16,0.0,1
2026-08-14 12:06:16,0.0,1
2026-08-14 12:06:16,0.0,1
2026-08-14 12:06:16,0.0,1
2026-08-14 12:06:16,0.0,1
2026-08-14 12:06:16,0.0,1
2026-08-14 12:06:16,0.0,1
2026-08-14 12:06:16,0.0,1
2026-08-14 12:06:16,0.0,1
2026-08-14 12:06:16,0.0,1
2026-08-14 12:06:16,0.0,1
2026-08-14 12:06:17,0.0,1
2026-08-14 12:06:17,0.0,1
2026-08-14 12:06:17,0.0,1
2026-08-14 12:06:17,0.0,1
2026-08-14 12:06:17,0.0,1
2026-08-14 12:06:17,0.0,1
2026-08-14 12:06:17,0.0,1
2026-08-14 12:06:17,0.0,1
2026-08-14 12:06:17,0.0,1
2026-08-14 12:06:17,0.0,1
2026-08-14 12:06:17,0.0,1
2026-08-14 12:06:17,0.0,1
2026-08-14 12:06:17,0.0,1
2026-08-14 12:06:17,0.0,1
2026-08-14 12:06:17,0.0,1
2026-08-14 12:06:17,0.0,1
2026-08-14 12:06:17,0.0,1
2026-08-14 12:06:17,0.0,1
2026-08-14 12:06:17,0.0,1
2026-08-14 12:06:17,0.0,1
2026-08-14 12:06:18,0.0,1
2026-08-14 12:06:18,0.0,1
2026-08-14 12:06:18,0.0,1
2026-08-14 12:06:18,0.0,1
2026-08-14 12:06:18,0.0,1
2026-08-14 12:06:18,0.0,1
2026-08-14 12:06:18,0.0,1
2026-08-14 12:06:18,0.0,1
2026-08-14 12:06:18,0.0,1
2026-08-14 12:06:18,0.0,1
2026-08-14 12:06:18,0.0,1
2026-08-14 12:06:18,0.0,1
2026-08-14 12:06:18,0.0,1
2026-08-14 12:06:18,0.0,1
2026-08-14 12:06:18,0.0,1
2026-08-14 12:06:18,0.0,1
2026-08-14 12:06:18,0.0,1
2026-08-14 12:06:18,0.0,1
2026-08-14 12:06:18,0.0,1
2026-08-14 12:06:18,0.0,1
2026-08-14 12:06:19,0.0,1
2026-08-14 12:06:19,0.0,1
2026-08-14 12:06:19,0.0,1
2026-08-14 12:06:19,0.0,1
2026-08-14 12:06:19,0.0,1
2026-08-14 12:06:19,0.0,1
2026-08-14 12:06:19,0.0,1
2026-08-14 12:06:19,0.0,1
2026-08-14 12:06:19,0.0,1
2026-08-14 12:06:19,0.0,1
2026-08-14 12:06:19,0.0,1
2026-08-14 12:06:19,0.0,1
2026-08-14 12:06:19,0.0,1
2026-08-14 12:06:19,0.0,1
2026-08-14 12:06:19,0.0,1
2026-08-14 12:06:19,0.0,1
2026-08-14 12:06:19,0.0,1
2026-08-14 12:06:19,0.0,1
2026-08-14 12:06:19,0.0,1
2026-08-14 12:06:19,0.0,1
2026-08-14 12:06:20,0.0,1
2026-08-14 12:06:20,0.0,1
2026-08-14 12:06:20,0.0,1
2026-08-14 12:06:20,0.0,1
2026-08-14 12:06:20,0.0,1
2026-08-14 12:06:20,0.0,1
2026-08-14 12:06:20,0.0,1
2026-08-14 12:06:20,0.0,1
2026-08-14 12:06:20,0.0,1
2026-08-14 12:06:20,0.0,1
2026-08-14 12:06:20,0.0,1
2026-08-14 12:06:20,0.0,1
2026-08-14 12:06:20,0.0,1
2026-08-14 12:06:20,0.0,1
2026-08-14 12:06:20,0.0,1
2026-08-14 12:06:20,0.0,1
2026-08-14 12:06:20,0.0,1
2026-08-14 12:06:20,0.0,1
2026-08-14 12:06:20,0.0,1
2026-08-14 12:06:20,0.0,1
2026-08-14 12:06:21,0.0,1
2026-08-14 12:06:21,0.0,1
2026-08-14 12:06:21,0.0,1
2026-08-14 12:06:21,0.0,1
2026-08-14 12:06:21,0.0,1
2026-08-14 12:06:21,0.0,1
2026-08-14 12:06:21,0.0,1
2026-08-14 12:06:21,0.0,1
2026-08-14 12:06:21,0.0,1
2026-08-14 12:06:21,0.0,1
2026-08-14 12:06:21,0.0,1
2026-08-14 12:06:21,0.0,1
2026-08-14 12:06:21,0.0,1
2026-08-14 12:06:21,0.0,1
2026-08-14 12:06:21,0.0,1
2026-08-14 12:06:21,0.0,1
2026-08-14 12:06:21,0.0,1
2026-08-14 12:06:21,0.0,1
2026-08-14 12:06:21,0.0,1
2026-08-14 12:06:21,0.0,1
2026-08-14 12:06:22,0.0,1
2026-08-14 12:06:22,0.0,1
2026-08-14 12:06:22,0.0,1
2026-08-14 12:06:22,0.0,1
2026-08-14 12:06:22,0.0,1
2026-08-14 12:06:22,0.0,1
2026-08-14 12:06:22,0.0,1
2026-08-14 12:06:22,0.0,1
2026-08-14 12:06:22,0.0,1
2026-08-14 12:06:22,0.0,1
2026-08-14 12:06:22,0.0,1
2026-08-14 12:06:22,0.0,1
2026-08-14 12:06:22,0.0,1
2026-08-14 12:06:22,0.0,1
2026-08-14 12:06:22,0.0,1
2026-08-14 12:06:22,0.0,1
2026-08-14 12:06:22,0.0,1
2026-08-14 12:06:22,0.0,1
2026-08-14 12:06:22,0.0,1
2026-08-14 12:06:22,0.0,1
2026-08-14 12:06:23,0.0,1
2026-08-14 12:06:23,0.0,1
2026-08-14 12:06:23,0.0,1
2026-08-14 12:06:23,0.0,1
2026-08-14 12:06:23,0.0,1
2026-08-14 12:06:23,0.0,1
2026-08-14 12:06:23,0.0,1
2026-08-14 12:06:23,0.0,1
2026-08-14 12:06:23,0.0,1
2026-08-14 12:06:23,0.0,1
2026-08-14 12:06:23,0.0,1
2026-08-14 12:06:23,0.0,1
2026-08-14 12:06:23,0.0,1
2026-08-14 12:06:23,0.0,1
2026-08-14 12:06:23,0.0,1
2026-08-14 12:06:23,0.0,1
2026-08-14 12:06:23,0.0,1
2026-08-14 12:06:23,0.0,1
2026-08-14 12:06:23,0.0,1
2026-08-14 12:06:23,0.0,1
2026-08-14 12:06:24,0.0,1
2026-08-14 12:06:24,0.0,1
2026-08-14 12:06:24,0.0,1
2026-08-14 12:06:24,0.0,1
2026-08-14 12:06:24,0.0,1
2026-08-14 12:06:24,0.0,1
2026-08-14 12:06:24,0.0,1
2026-08-14 12:06:24,0.0,1
2026-08-14 12:06:24,0.0,1
2026-08-14 12:06:24,0.0,1
2026-08-14 12:06:24,0.0,1
2026-08-14 12:06:24,0.0,1
2026-08-14 12:06:24,0.0,1
2026-08-14 12:06:24,0.0,1
2026-08-14 12:06:24,0.0,1
2026-08-14 12:06:24,0.0,1
2026-08-14 12:06:24,0.0,1
2026-08-14 12:06:24,0.0,1
2026-08-14 12:06:24,0.0,1
2026-08-14 12:06:24,0.0,1
2026-08-14 12:06:25,0.0,1
2026-08-14 12:06:25,0.0,1
2026-08-14 12:06:25,0.0,1
2026-08-14 12:06:25,0.0,1
2026-08-14 12:06:25,0.0,1
2026-08-14 12:06:25,0.0,1
2026-08-14 12:06:25,0.0,1
2026-08-14 12:06:25,0.0,1
2026-08-14 12:06:25,0.0,1
2026-08-14 12:06:25,0.0,1
2026-08-14 12:06:25,0.0,1
2026-08-14 12:06:25,0.0,1
2026-08-14 12:06:25,0.0,1
2026-08-14 12:06:25,0.0,1
2026-08-14 12:06:25,0.0,1
2026-08-14 12:06:25,0.0,1
2026-08-14 12:06:25,0.0,1
2026-08-14 12:06:25,0.0,1
2026-08-14 12:06:25,0.0,1
2026-08-14 12:06:25,0.0,1
2026-08-14 12:06:26,0.0,1
2026-08-14 12:06:26,0.0,1
2026-08-14 12:06:26,0.0,1
2026-08-14 12:06:26,0.0,1
2026-08-14 12:06:26,0.0,1
2026-08-14 12:06:26,0.0,1
2026-08-14 12:06:26,0.0,1
2026-08-14 12:06:26,0.0,1
2026-08-14 12:06:26,0.0,1
2026-08-14 12:06:26,0.0,1
2026-08-14 12:06:26,0.0,1
2026-08-14 12:06:26,0.0,1
2026-08-14 12:06:26,0.0,1
2026-08-14 12:06:26,0.0,1
2026-08-14 12:06:26,0.0,1
2026-08-14 12:06:26,0.0,1
2026-08-14 12:06:26,0.0,1
2026-08-14 12:06:26,0.0,1
2026-08-14 12:06:26,0.0,1
2026-08-14 12:06:26,0.0,1
2026-08-14 12:06:27,0.0,1
2026-08-14 12:06:27,0.0,1
2026-08-14 12:06:27,0.0,1
2026-08-14 12:06:27,0.0,1
2026-08-14 12:06:27,0.0,1
2026-08-14 12:06:27,0.0,1
2026-08-14 12:06:27,0.0,1
2026-08-14 12:06:27,0.0,1
2026-08-14 12:06:27,0.0,1
2026-08-14 12:06:27,0.0,1
2026-08-14 12:06:27,0.0,1
2026-08-14 12:06:27,0.0,1
2026-08-14 12:06:27,0.0,1
2026-08-14 12:06:27,0.0,1
2026-08-14 12:06:27,0.0,1
2026-08-14 12:06:27,0.0,1
2026-08-14 12:06:27,0.0,1
2026-08-14 12:06:27,0.0,1
2026-08-14 12:06:27,0.0,1
2026-08-14 12:06:27,0.0,1
2026-08-14 12:06:28,0.0,1
2026-08-14 12:06:28,0.0,1
2026-08-14 12:06:28,0.0,1
2026-08-14 12:06:28,0.0,1
2026-08-14 12:06:28,0.0,1
2026-08-14 12:06:28,0.0,1
2026-08-14 12:06:28,0.0,1
2026-08-14 12:06:28,0.0,1
2026-08-14 12:06:28,0.0,1
2026-08-14 12:06:28,0.0,1
2026-08-14 12:06:28,0.0,1
2026-08-14 12:06:28,0.0,1
2026-08-14 12:06:28,0.0,1
2026-08-14 12:06:28,0.0,1
2026-08-14 12:06:28,0.0,1
2026-08-14 12:06:28,0.0,1
2026-08-14 12:06:28,0.0,1
2026-08-14 12:06:28,0.0,1
2026-08-14 12:06:28,0.0,1
2026-08-14 12:06:28,0.0,1
2026-08-14 12:06:29,0.0,1
2026-08-14 12:06:29,0.0,1
2026-08-14 12:06:29,0.0,1
2026-08-14 12:06:29,0.0,1
2026-08-14 12:06:29,0.0,1
2026-08-14 12:06:29,0.0,1
2026-08-14 12:06:29,0.0,1
2026-08-14 12:06:29,0.0,1
2026-08-14 12:06:29,0.0,1
2026-08-14 12:06:29,0.0,1
2026-08-14 12:06:29,0.0,1
2026-08-14 12:06:29,0.0,1
2026-08-14 12:06:29,0.0,1
2026-08-14 12:06:29,0.0,1
2026-08-14 12:06:29,0.0,1
2026-08-14 12:06:29,0.0,1
2026-08-14 12:06:29,0.0,1
2026-08-14 12:06:29,0.0,1
2026-08-14 12:06:29,0.0,1
2026-08-14 12:06:29,0.0,1
2026-08-14 12:06:30,0.0,1
2026-08-14 12:06:30,0.0,1
2026-08-14 12:06:30,0.0,1
2026-08-14 12:06:30,0.0,1
2026-08-14 12:06:30,0.0,1
2026-08-14 12:06:30,0.0,1
2026-08-14 12:06:30,0.0,1
2026-08-14 12:06:30,0.0,1
2026-08-14 12:06:30,0.0,1
2026-08-14 12:06:30,0.0,1
2026-08-14 12:06:30,0.0,1
2026-08-14 12:06:30,0.0,1
2026-08-14 12:06:30,0.0,1
2026-08-14 12:06:30,0.0,1
2026-08-14 12:06:30,0.0,1
2026-08-14 12:06:30,0.0,1
2026-08-14 12:06:30,0.0,1
2026-08-14 12:06:30,0.0,1
2026-08-14 12:06:30,0.0,1
2026-08-14 12:06:30,0.0,1
2026-08-14 12:06:31,0.0,1
2026-08-14 12:06:31,0.0,1
2026-08-14 12:06:31,0.0,1
2026-08-14 12:06:31,0.0,1
2026-08-14 12:06:31,0.0,1
2026-08-14 12:06:31,0.0,1
2026-08-14 12:06:31,0.0,1
2026-08-14 12:06:31,0.0,1
2026-08-14 12:06:31,0.0,1
2026-08-14 12:06:31,0.0,1
2026-08-14 12:06:31,0.0,1
2026-08-14 12:06:31,0.0,1
2026-08-14 12:06:31,0.0,1
2026-08-14 12:06:31,0.0,1
2026-08-14 12:06:31,0.0,1
2026-08-14 12:06:31,0.0,1
2026-08-14 12:06:31,0.0,1
2026-08-14 12:06:31,0.0,1
2026-08-14 12:06:31,0.0,1
2026-08-14 12:06:31,0.0,1
2026-08-14 12:06:32,0.0,1
2026-08-14 12:06:32,0.0,1
2026-08-14 12:06:32,0.0,1
2026-08-14 12:06:32,0.0,1
2026-08-14 12:06:32,0.0,1
2026-08-14 12:06:32,0.0,1
2026-08-14 12:06:32,0.0,1
2026-08-14 12:06:32,0.0,1
2026-08-14 12:06:32,0.0,1
2026-08-14 12:06:32,0.0,1
2026-08-14 12:06:32,0.0,1
2026-08-14 12:06:32,0.0,1
2026-08-14 12:06:32,0.0,1
2026-08-14 12:06:32,0.0,1
2026-08-14 12:06:32,0.0,1
2026-08-14 12:06:32,0.0,1
2026-08-14 12:06:32,0.0,1
2026-08-14 12:06:32,0.0,1
2026-08-14 12:06:32,0.0,1
2026-08-14 12:06:32,0.0,1
2026-08-14 12:06:33,0.0,1
2026-08-14 12:06:33,0.0,1
2026-08-14 12:06:33,0.0,1
2026-08-14 12:06:33,0.0,1
2026-08-14 12:06:33,0.0,1
2026-08-14 12:06:33,0.0,1
2026-08-14 12:06:33,0.0,1
2026-08-14 12:06:33,0.0,1
2026-08-14 12:06:33,0.0,1
2026-08-14 12:06:33,0.0,1
2026-08-14 12:06:33,0.0,1
2026-08-14 12:06:33,0.0,1
2026-08-14 12:06:33,0.0,1
2026-08-14 12:06:33,0.0,1
2026-08-14 12:06:33,0.0,1
2026-08-14 12:06:33,0.0,1
2026-08-14 12:06:33,0.0,1
2026-08-14 12:06:33,0.0,1
2026-08-14 12:06:33,0.0,1
2026-08-14 12:06:33,0.0,1
2026-08-14 12:06:34,0.0,1
2026-08-14 12:06:34,0.0,1
2026-08-14 12:06:34,0.0,1
2026-08-14 12:06:34,0.0,1
2026-08-14 12:06:34,0.0,1
2026-08-14 12:06:34,0.0,1
2026-08-14 12:06:34,0.0,1
2026-08-14 12:06:34,0.0,1
2026-08-14 12:06:34,0.0,1
2026-08-14 12:06:34,0.0,1
2026-08-14 12:06:34,0.0,1
2026-08-14 12:06:34,0.0,1
2026-08-14 12:06:34,0.0,1
2026-08-14 12:06:34,0.0,1
2026-08-14 12:06:34,0.0,1
2026-08-14 12:06:34,0.0,1
2026-08-14 12:06:34,0.0,1
2026-08-14 12:06:34,0.0,1
2026-08-14 12:06:34,0.0,1
2026-08-14 12:06:34,0.0,1
2026-08-14 12:06:35,0.0,1
2026-08-14 12:06:35,0.0,1
2026-08-14 12:06:35,0.0,1
2026-08-14 12:06:35,0.0,1
2026-08-14 12:06:35,0.0,1
2026-08-14 12:06:35,0.0,1
2026-08-14 12:06:35,0.0,1
2026-08-14 12:06:35,0.0,1
2026-08-14 12:06:35,0.0,1
2026-08-14 12:06:35,0.0,1
2026-08-14 12:06:35,0.0,1
2026-08-14 12:06:35,0.0,1
2026-08-14 12:06:35,0.0,1
2026-08-14 12:06:35,0.0,1
2026-08-14 12:06:35,0.0,1
2026-08-14 12:06:35,0.0,1
2026-08-14 12:06:35,0.0,1
2026-08-14 12:06:35,0.0,1
2026-08-14 12:06:35,0.0,1
2026-08-14 12:06:35,0.0,1
2026-08-14 12:06:36,0.0,1
2026-08-14 12:06:36,0.0,1
2026-08-14 12:06:36,0.0,1
2026-08-14 12:06:36,0.0,1
2026-08-14 12:06:36,0.0,1
2026-08-14 12:06:36,0.0,1
2026-08-14 12:06:36,0.0,1
2026-08-14 12:06:36,0.0,1
2026-08-14 12:06:36,0.0,1
2026-08-14 12:06:36,0.0,1
2026-08-14 12:06:36,0.0,1
2026-08-14 12:06:36,0.0,1
2026-08-14 12:06:36,0.0,1
2026-08-14 12:06:36,0.0,1
2026-08-14 12:06:36,0.0,1
2026-08-14 12:06:36,0.0,1
2026-08-14 12:06:36,0.0,1
2026-08-14 12:06:36,0.0,1
2026-08-14 12:06:36,0.0,1
2026-08-14 12:06:36,0.0,1
2026-08-14 12:06:37,0.0,1
2026-08-14 12:06:37,0.0,1
2026-08-14 12:06:37,0.0,1
2026-08-14 12:06:37,0.0,1
2026-08-14 12:06:37,0.0,1
2026-08-14 12:06:37,0.0,1
2026-08-14 12:06:37,0.0,1
2026-08-14 12:06:37,0.0,1
2026-08-14 12:06:37,0.0,1
2026-08-14 12:06:37,0.0,1
2026-08-14 12:06:37,0.0,1
2026-08-14 12:06:37,0.0,1
2026-08-14 12:06:37,0.0,1
2026-08-14 12:06:37,0.0,1
2026-08-14 12:06:37,0.0,1
2026-08-14 12:06:37,0.0,1
2026-08-14 12:06:37,0.0,1
2026-08-14 12:06:37,0.0,1
2026-08-14 12:06:37,0.0,1
2026-08-14 12:06:37,0.0,1
2026-08-14 12:06:38,0.0,1
2026-08-14 12:06:38,0.0,1
2026-08-14 12:06:38,0.0,1
2026-08-14 12:06:38,0.0,1
2026-08-14 12:06:38,0.0,1
2026-08-14 12:06:38,0.0,1
2026-08-14 12:06:38,0.0,1
2026-08-14 12:06:38,0.0,1
2026-08-14 12:06:38,0.0,1
2026-08-14 12:06:38,0.0,1
2026-08-14 12:06:38,0.0,1
2026-08-14 12:06:38,0.0,1
2026-08-14 12:06:38,0.0,1
2026-08-14 12:06:38,0.0,1
2026-08-14 12:06:38,0.0,1
2026-08-14 12:06:38,0.0,1
2026-08-14 12:06:38,0.0,1
2026-08-14 12:06:38,0.0,1
2026-08-14 12:06:38,0.0,1
2026-08-14 12:06:38,0.0,1
2026-08-14 12:06:39,0.0,1
2026-08-14 12:06:39,0.0,1
2026-08-14 12:06:39,0.0,1
2026-08-14 12:06:39,0.0,1
2026-08-14 12:06:39,0.0,1
2026-08-14 12:06:39,0.0,1
2026-08-14 12:06:39,0.0,1
2026-08-14 12:06:39,0.0,1
2026-08-14 12:06:39,0.0,1
2026-08-14 12:06:39,0.0,1
2026-08-14 12:06:39,0.0,1
2026-08-14 12:06:39,0.0,1
2026-08-14 12:06:39,0.0,1
2026-08-14 12:06:39,0.0,1
2026-08-14 12:06:39,0.0,1
2026-08-14 12:06:39,0.0,1
2026-08-14 12:06:39,0.0,1
2026-08-14 12:06:39,0.0,1
2026-08-14 12:06:39,0.0,1
2026-08-14 12:06:39,0.0,1
2026-08-14 12:06:40,0.0,1
2026-08-14 12:06:40,0.0,1
2026-08-14 12:06:40,0.0,1
2026-08-14 12:06:40,0.0,1
2026-08-14 12:06:40,0.0,1
2026-08-14 12:06:40,0.0,1
2026-08-14 12:06:40,0.0,1
2026-08-14 12:06:40,0.0,1
2026-08-14 12:06:40,0.0,1
2026-08-14 12:06:40,0.0,1
2026-08-14 12:06:40,0.0,1
2026-08-14 12:06:40,0.0,1
2026-08-14 12:06:40,0.0,1
2026-08-14 12:06:40,0.0,1
2026-08-14 12:06:40,0.0,1
2026-08-14 12:06:40,0.0,1
2026-08-14 12:06:40,0.0,1
2026-08-14 12:06:40,0.0,1
2026-08-14 12:06:40,0.0,1
2026-08-14 12:06:40,0.0,1
2026-08-14 12:06:41,0.0,1
2026-08-14 12:06:41,0.0,1
2026-08-14 12:06:41,0.0,1
2026-08-14 12:06:41,0.0,1
2026-08-14 12:06:41,0.0,1
2026-08-14 12:06:41,0.0,1
2026-08-14 12:06:41,0.0,1
2026-08-14 12:06:41,0.0,1
2026-08-14 12:06:41,0.0,1
2026-08-14 12:06:41,0.0,1
2026-08-14 12:06:41,0.0,1
2026-08-14 12:06:41,0.0,1
2026-08-14 12:06:41,0.0,1
2026-08-14 12:06:41,0.0,1
2026-08-14 12:06:41,0.0,1
2026-08-14 12:06:41,0.0,1
2026-08-14 12:06:41,0.0,1
2026-08-14 12:06:41,0.0,1
2026-08-14 12:06:41,0.0,1
2026-08-14 12:06:41,0.0,1
2026-08-14 12:06:42,0.0,1
2026-08-14 12:06:42,0.0,1
2026-08-14 12:06:42,0.0,1
2026-08-14 12:06:42,0.0,1
2026-08-14 12:06:42,0.0,1
2026-08-14 12:06:42,0.0,1
2026-08-14 12:06:42,0.0,1
2026-08-14 12:06:42,0.0,1
2026-08-14 12:06:42,0.0,1
2026-08-14 12:06:42,0.0,1
2026-08-14 12:06:42,0.0,1
2026-08-14 12:06:42,0.0,1
2026-08-14 12:06:42,0.0,1
2026-08-14 12:06:42,0.0,1
2026-08-14 12:06:42,0.0,1
2026-08-14 12:06:42,0.0,1
2026-08-14 12:06:42,0.0,1
2026-08-14 12:06:42,0.0,1
2026-08-14 12:06:42,0.0,1
2026-08-14 12:06:42,0.0,1
2026-08-14 12:06:43,0.0,1
2026-08-14 12:06:43,0.0,1
2026-08-14 12:06:43,0.0,1
2026-08-14 12:06:43,0.0,1
2026-08-14 12:06:43,0.0,1
2026-08-14 12:06:43,0.0,1
2026-08-14 12:06:43,0.0,1
2026-08-14 12:06:43,0.0,1
2026-08-14 12:06:43,0.0,1
2026-08-14 12:06:43,0.0,1
2026-08-14 12:06:43,0.0,1
2026-08-14 12:06:43,0.0,1
2026-08-14 12:06:43,0.0,1
2026-08-14 12:06:43,0.0,1
2026-08-14 12:06:43,0.0,1
2026-08-14 12:06:43,0.0,1
2026-08-14 12:06:43,0.0,1
2026-08-14 12:06:43,0.0,1
2026-08-14 12:06:43,0.0,1
2026-08-14 12:06:43,0.0,1
2026-08-14 12:06:44,0.0,1
2026-08-14 12:06:44,0.0,1
2026-08-14 12:06:44,0.0,1
2026-08-14 12:06:44,0.0,1
2026-08-14 12:06:44,0.0,1
2026-08-14 12:06:44,0.0,1
2026-08-14 12:06:44,0.0,1
2026-08-14 12:06:44,0.0,1
2026-08-14 12:06:44,0.0,1
2026-08-14 12:06:44,0.0,1
2026-08-14 12:06:44,0.0,1
2026-08-14 12:06:44,0.0,1
2026-08-14 12:06:44,0.0,1
2026-08-14 12:06:44,0.0,1
2026-08-14 12:06:44,0.0,1
2026-08-14 12:06:44,0.0,1
2026-08-14 12:06:44,0.0,1
2026-08-14 12:06:44,0.0,1
2026-08-14 12:06:44,0.0,1
2026-08-14 12:06:44,0.0,1
2026-08-14 12:06:45,0.0,1
2026-08-14 12:06:45,0.0,1
2026-08-14 12:06:45,0.0,1
2026-08-14 12:06:45,0.0,1
2026-08-14 12:06:45,0.0,1
2026-08-14 12:06:45,0.0,1
2026-08-14 12:06:45,0.0,1
2026-08-14 12:06:45,0.0,1
2026-08-14 12:06:45,0.0,1
2026-08-14 12:06:45,0.0,1
2026-08-14 12:06:45,0.0,1
2026-08-14 12:06:45,0.0,1
2026-08-14 12:06:45,0.0,1
2026-08-14 12:06:45,0.0,1
2026-08-14 12:06:45,0.0,1
2026-08-14 12:06:45,0.0,1
2026-08-14 12:06:45,0.0,1
2026-08-14 12:06:45,0.0,1
2026-08-14 12:06:45,0.0,1
2026-08-14 12:06:45,0.0,1
2026-08-14 12:06:46,0.0,1
2026-08-14 12:06:46,0.0,1
2026-08-14 12:06:46,0.0,1
2026-08-14 12:06:46,0.0,1
2026-08-14 12:06:46,0.0,1
2026-08-14 12:06:46,0.0,1
2026-08-14 12:06:46,0.0,1
2026-08-14 12:06:46,0.0,1
2026-08-14 12:06:46,0.0,1
2026-08-14 12:06:46,0.0,1
2026-08-14 12:06:46,0.0,1
2026-08-14 12:06:46,0.0,1
2026-08-14 12:06:46,0.0,1
2026-08-14 12:06:46,0.0,1
2026-08-14 12:06:46,0.0,1
2026-08-14 12:06:46,0.0,1
2026-08-14 12:06:46,0.0,1
2026-08-14 12:06:46,0.0,1
2026-08-14 12:06:46,0.0,1
2026-08-14 12:06:46,0.0,1
2026-08-14 12:06:47,0.0,1
2026-08-14 12:06:47,0.0,1
2026-08-14 12:06:47,0.0,1
2026-08-14 12:06:47,0.0,1
2026-08-14 12:06:47,0.0,1
2026-08-14 12:06:47,0.0,1
2026-08-14 12:06:47,0.0,1
2026-08-14 12:06:47,0.0,1
2026-08-14 12:06:47,0.0,1
2026-08-14 12:06:47,0.0,1
2026-08-14 12:06:47,0.0,1
2026-08-14 12:06:47,0.0,1
2026-08-14 12:06:47,0.0,1
2026-08-14 12:06:47,0.0,1
2026-08-14 12:06:47,0.0,1
2026-08-14 12:06:47,0.0,1
2026-08-14 12:06:47,0.0,1
2026-08-14 12:06:47,0.0,1
2026-08-14 12:06:47,0.0,1
2026-08-14 12:06:47,0.0,1
2026-08-14 12:06:48,0.0,1
2026-08-14 12:06:48,0.0,1
2026-08-14 12:06:48,0.0,1
2026-08-14 12:06:48,0.0,1
2026-08-14 12:06:48,0.0,1
2026-08-14 12:06:48,0.0,1
2026-08-14 12:06:48,0.0,1
2026-08-14 12:06:48,0.0,1
2026-08-14 12:06:48,0.0,1
2026-08-14 12:06:48,0.0,1
2026-08-14 12:06:48,0.0,1
2026-08-14 12:06:48,0.0,1
2026-08-14 12:06:48,0.0,1
2026-08-14 12:06:48,0.0,1
2026-08-14 12:06:48,0.0,1
2026-08-14 12:06:48,0.0,1
2026-08-14 12:06:48,0.0,1
2026-08-14 12:06:48,0.0,1
2026-08-14 12:06:48,0.0,1
2026-08-14 12:06:48,0.0,1
2026-08-14 12:06:49,0.0,1
2026-08-14 12:06:49,0.0,1
2026-08-14 12:06:49,0.0,1
2026-08-14 12:06:49,0.0,1
2026-08-14 12:06:49,0.0,1
2026-08-14 12:06:49,0.0,1
2026-08-14 12:06:49,0.0,1
2026-08-14 12:06:49,0.0,1
2026-08-14 12:06:49,0.0,1
2026-08-14 12:06:49,0.0,1
2026-08-14 12:06:49,0.0,1
2026-08-14 12:06:49,0.0,1
2026-08-14 12:06:49,0.0,1
2026-08-14 12:06:49,0.0,1
2026-08-14 12:06:49,0.0,1
2026-08-14 12:06:49,0.0,1
2026-08-14 12:06:49,0.0,1
2026-08-14 12:06:49,0.0,1
2026-08-14 12:06:49,0.0,1
2026-08-14 12:06:49,0.0,1
2026-08-14 12:06:50,0.0,1
2026-08-14 12:06:50,0.0,1
2026-08-14 12:06:50,0.0,1
2026-08-14 12:06:50,0.0,1
2026-08-14 12:06:50,0.0,1
2026-08-14 12:06:50,0.0,1
2026-08-14 12:06:50,0.0,1
2026-08-14 12:06:50,0.0,1
2026-08-14 12:06:50,0.0,1
2026-08-14 12:06:50,0.0,1
2026-08-14 12:06:50,0.0,1
2026-08-14 12:06:50,0.0,1
2026-08-14 12:06:50,0.0,1
2026-08-14 12:06:50,0.0,1
2026-08-14 12:06:50,0.0,1
2026-08-14 12:06:50,0.0,1
2026-08-14 12:06:50,0.0,1
2026-08-14 12:06:50,0.0,1
2026-08-14 12:06:50,0.0,1
2026-08-14 12:06:50,0.0,1
2026-08-14 12:06:51,0.0,1
2026-08-14 12:06:51,0.0,1
2026-08-14 12:06:51,0.0,1
2026-08-14 12:06:51,0.0,1
2026-08-14 12:06:51,0.0,1
2026-08-14 12:06:51,0.0,1
2026-08-14 12:06:51,0.0,1
2026-08-14 12:06:51,0.0,1
2026-08-14 12:06:51,0.0,1
2026-08-14 12:06:51,0.0,1
2026-08-14 12:06:51,0.0,1
2026-08-14 12:06:51,0.0,1
2026-08-14 12:06:51,0.0,1
2026-08-14 12:06:51,0.0,1
2026-08-14 12:06:51,0.0,1
2026-08-14 12:06:51,0.0,1
2026-08-14 12:06:51,0.0,1
2026-08-14 12:06:51,0.0,1
2026-08-14 12:06:51,0.0,1
2026-08-14 12:06:51,0.0,1
2026-08-14 12:06:52,0.0,1
2026-08-14 12:06:52,0.0,1
2026-08-14 12:06:52,0.0,1
2026-08-14 12:06:52,0.0,1
2026-08-14 12:06:52,0.0,1
2026-08-14 12:06:52,0.0,1
2026-08-14 12:06:52,0.0,1
2026-08-14 12:06:52,0.0,1
2026-08-14 12:06:52,0.0,1
2026-08-14 12:06:52,0.0,1
2026-08-14 12:06:52,0.0,1
2026-08-14 12:06:52,0.0,1
2026-08-14 12:06:52,0.0,1
2026-08-14 12:06:52,0.0,1
2026-08-14 12:06:52,0.0,1
2026-08-14 12:06:52,0.0,1
2026-08-14 12:06:52,0.0,1
2026-08-14 12:06:52,0.0,1
2026-08-14 12:06:52,0.0,1
2026-08-14 12:06:52,0.0,1
2026-08-14 12:06:53,0.0,1
2026-08-14 12:06:53,0.0,1
2026-08-14 12:06:53,0.0,1
2026-08-14 12:06:53,0.0,1
2026-08-14 12:06:53,0.0,1
2026-08-14 12:06:53,0.0,1
2026-08-14 12:06:53,0.0,1
2026-08-14 12:06:53,0.0,1
2026-08-14 12:06:53,0.0,1
2026-08-14 12:06:53,0.0,1
2026-08-14 12:06:53,0.0,1
2026-08-14 12:06:53,0.0,1
2026-08-14 12:06:53,0.0,1
2026-08-14 12:06:53,0.0,1
2026-08-14 12:06:53,0.0,1
2026-08-14 12:06:53,0.0,1
2026-08-14 12:06:53,0.0,1
2026-08-14 12:06:53,0.0,1
2026-08-14 12:06:53,0.0,1
2026-08-14 12:06:53,0.0,1
2026-08-14 12:06:54,0.0,1
2026-08-14 12:06:54,0.0,1
2026-08-14 12:06:54,0.0,1
2026-08-14 12:06:54,0.0,1
2026-08-14 12:06:54,0.0,1
2026-08-14 12:06:54,0.0,1
2026-08-14 12:06:54,0.0,1
2026-08-14 12:06:54,0.0,1
2026-08-14 12:06:54,0.0,1
2026-08-14 12:06:54,0.0,1
2026-08-14 12:06:54,0.0,1
2026-08-14 12:06:54,0.0,1
2026-08-14 12:06:54,0.0,1
2026-08-14 12:06:54,0.0,1
2026-08-14 12:06:54,0.0,1
2026-08-14 12:06:54,0.0,1
2026-08-14 12:06:54,0.0,1
2026-08-14 12:06:54,0.0,1
2026-08-14 12:06:54,0.0,1
2026-08-14 12:06:54,0.0,1
2026-08-14 12:06:55,0.0,1
2026-08-14 12:06:55,0.0,1
2026-08-14 12:06:55,0.0,1
2026-08-14 12:06:55,0.0,1
2026-08-14 12:06:55,0.0,1
2026-08-14 12:06:55,0.0,1
2026-08-14 12:06:55,0.0,1
2026-08-14 12:06:55,0.0,1
2026-08-14 12:06:55,0.0,1
2026-08-14 12:06:55,0.0,1
2026-08-14 12:06:55,0.0,1
2026-08-14 12:06:55,0.0,1
2026-08-14 12:06:55,0.0,1
2026-08-14 12:06:55,0.0,1
2026-08-14 12:06:55,0.0,1
2026-08-14 12:06:55,0.0,1
2026-08-14 12:06:55,0.0,1
2026-08-14 12:06:55,0.0,1
2026-08-14 12:06:55,0.0,1
2026-08-14 12:06:55,0.0,1
2026-08-14 12:06:56,0.0,1
2026-08-14 12:06:56,0.0,1
2026-08-14 12:06:56,0.0,1
2026-08-14 12:06:56,0.0,1
2026-08-14 12:06:56,0.0,1
2026-08-14 12:06:56,0.0,1
2026-08-14 12:06:56,0.0,1
2026-08-14 12:06:56,0.0,1
2026-08-14 12:06:56,0.0,1
2026-08-14 12:06:56,0.0,1
2026-08-14 12:06:56,0.0,1
2026-08-14 12:06:56,0.0,1
2026-08-14 12:06:56,0.0,1
2026-08-14 12:06:56,0.0,1
2026-08-14 12:06:56,0.0,1
2026-08-14 12:06:56,0.0,1
2026-08-14 12:06:56,0.0,1
2026-08-14 12:06:56,0.0,1
2026-08-14 12:06:56,0.0,1
2026-08-14 12:06:56,0.0,1
2026-08-14 12:06:57,0.0,1
2026-08-14 12:06:57,0.0,1
2026-08-14 12:06:57,0.0,1
2026-08-14 12:06:57,0.0,1
2026-08-14 12:06:57,0.0,1
2026-08-14 12:06:57,0.0,1
2026-08-14 12:06:57,0.0,1
2026-08-14 12:06:57,0.0,1
2026-08-14 12:06:57,0.0,1
2026-08-14 12:06:57,0.0,1
2026-08-14 12:06:57,0.0,1
2026-08-14 12:06:57,0.0,1
2026-08-14 12:06:57,0.0,1
2026-08-14 12:06:57,0.0,1
2026-08-14 12:06:57,0.0,1
2026-08-14 12:06:57,0.0,1
2026-08-14 12:06:57,0.0,1
2026-08-14 12:06:57,0.0,1
2026-08-14 12:06:57,0.0,1
2026-08-14 12:06:57,0.0,1
2026-08-14 12:06:58,0.0,1
2026-08-14 12:06:58,0.0,1
2026-08-14 12:06:58,0.0,1
2026-08-14 12:06:58,0.0,1
2026-08-14 12:06:58,0.0,1
2026-08-14 12:06:58,0.0,1
2026-08-14 12:06:58,0.0,1
2026-08-14 12:06:58,0.0,1
2026-08-14 12:06:58,0.0,1
2026-08-14 12:06:58,0.0,1
2026-08-14 12:06:58,0.0,1
2026-08-14 12:06:58,0.0,1
2026-08-14 12:06:58,0.0,1
2026-08-14 12:06:58,0.0,1
2026-08-14 12:06:58,0.0,1
2026-08-14 12:06:58,0.0,1
2026-08-14 12:06:58,0.0,1
2026-08-14 12:06:58,0.0,1
2026-08-14 12:06:58,0.0,1
2026-08-14 12:06:58,0.0,1
2026-08-14 12:06:59,0.0,1
2026-08-14 12:06:59,0.0,1
2026-08-14 12:06:59,0.0,1
2026-08-14 12:06:59,0.0,1
2026-08-14 12:06:59,0.0,1
2026-08-14 12:06:59,0.0,1
2026-08-14 12:06:59,0.0,1
2026-08-14 12:06:59,0.0,1
2026-08-14 12:06:59,0.0,1
2026-08-14 12:06:59,0.0,1
2026-08-14 12:06:59,0.0,1
2026-08-14 12:06:59,0.0,1
2026-08-14 12:06:59,0.0,1
2026-08-14 12:06:59,0.0,1
2026-08-14 12:06:59,0.0,1
2026-08-14 12:06:59,0.0,1
2026-08-14 12:06:59,0.0,1
2026-08-14 12:06:59,0.0,1
2026-08-14 12:06:59,0.0,1
2026-08-14 12:06:59,0.0,1
2026-08-14 12:07:00,0.0,1
2026-08-14 12:07:00,0.0,1
2026-08-14 12:07:00,0.0,1
2026-08-14 12:07:00,0.0,1
2026-08-14 12:07:00,0.0,1
2026-08-14 12:07:00,0.0,1
2026-08-14 12:07:00,0.0,1
2026-08-14 12:07:00,0.0,1
2026-08-14 12:07:00,0.0,1
2026-08-14 12:07:00,0.0,1
2026-08-14 12:07:00,0.0,1
2026-08-14 12:07:00,0.0,1
2026-08-14 12:07:00,0.0,1
2026-08-14 12:07:00,0.0,1
2026-08-14 12:07:00,0.0,1
2026-08-14 12:07:00,0.0,1
2026-08-14 12:07:00,0.0,1
2026-08-14 12:07:00,0.0,1
2026-08-14 12:07:00,0.0,1
2026-08-14 12:07:00,0.0,1
2026-08-14 12:07:01,0.0,1
2026-08-14 12:07:01,0.0,1
2026-08-14 12:07:01,0.0,1
2026-08-14 12:07:01,0.0,1
2026-08-14 12:07:01,0.0,1
2026-08-14 12:07:01,0.0,1
2026-08-14 12:07:01,0.0,1
2026-08-14 12:07:01,0.0,1
2026-08-14 12:07:01,0.0,1
2026-08-14 12:07:01,0.0,1
2026-08-14 12:07:01,0.0,1
2026-08-14 12:07:01,0.0,1
2026-08-14 12:07:01,0.0,1
2026-08-14 12:07:01,0.0,1
2026-08-14 12:07:01,0.0,1
2026-08-14 12:07:01,0.0,1
2026-08-14 12:07:01,0.0,1
2026-08-14 12:07:01,0.0,1
2026-08-14 12:07:01,0.0,1
2026-08-14 12:07:01,0.0,1
2026-08-14 12:07:02,0.0,1
2026-08-14 12:07:02,0.0,1
2026-08-14 12:07:02,0.0,1
2026-08-14 12:07:02,0.0,1
2026-08-14 12:07:02,0.0,1
2026-08-14 12:07:02,0.0,1
2026-08-14 12:07:02,0.0,1
2026-08-14 12:07:02,0.0,1
2026-08-14 12:07:02,0.0,1
2026-08-14 12:07:02,0.0,1
2026-08-14 12:07:02,0.0,1
2026-08-14 12:07:02,0.0,1
2026-08-14 12:07:02,0.0,1
2026-08-14 12:07:02,0.0,1
2026-08-14 12:07:02,0.0,1
2026-08-14 12:07:02,0.0,1
2026-08-14 12:07:02,0.0,1
2026-08-14 12:07:02,0.0,1
2026-08-14 12:07:02,0.0,1
2026-08-14 12:07:02,0.0,1
2026-08-14 12:07:03,0.0,1
2026-08-14 12:07:03,0.0,1
2026-08-14 12:07:03,0.0,1
2026-08-14 12:07:03,0.0,1
2026-08-14 12:07:03,0.0,1
2026-08-14 12:07:03,0.0,1
2026-08-14 12:07:03,0.0,1
2026-08-14 12:07:03,0.0,1
2026-08-14 12:07:03,0.0,1
2026-08-14 12:07:03,0.0,1
2026-08-14 12:07:03,0.0,1
2026-08-14 12:07:03,0.0,1
2026-08-14 12:07:03,0.0,1
2026-08-14 12:07:03,0.0,1
2026-08-14 12:07:03,0.0,1
2026-08-14 12:07:03,0.0,1
2026-08-14 12:07:03,0.0,1
2026-08-14 12:07:03,0.0,1
2026-08-14 12:07:03,0.0,1
2026-08-14 12:07:03,0.0,1
2026-08-14 12:07:04,0.0,1
2026-08-14 12:07:04,0.0,1
2026-08-14 12:07:04,0.0,1
2026-08-14 12:07:04,0.0,1
2026-08-14 12:07:04,0.0,1
2026-08-14 12:07:04,0.0,1
2026-08-14 12:07:04,0.0,1
2026-08-14 12:07:04,0.0,1
2026-08-14 12:07:04,0.0,1
2026-08-14 12:07:04,0.0,1
2026-08-14 12:07:04,0.0,1
2026-08-14 12:07:04,0.0,1
2026-08-14 12:07:04,0.0,1
2026-08-14 12:07:04,0.0,1
2026-08-14 12:07:04,0.0,1
2026-08-14 12:07:04,0.0,1
2026-08-14 12:07:04,0.0,1
2026-08-14 12:07:04,0.0,1
2026-08-14 12:07:04,0.0,1
2026-08-14 12:07:04,0.0,1
2026-08-14 12:07:05,0.0,1
2026-08-14 12:07:05,0.0,1
2026-08-14 12:07:05,0.0,1
2026-08-14 12:07:05,0.0,1
2026-08-14 12:07:05,0.0,1
2026-08-14 12:07:05,0.0,1
2026-08-14 12:07:05,0.0,1
2026-08-14 12:07:05,0.0,1
2026-08-14 12:07:05,0.0,1
2026-08-14 12:07:05,0.0,1
2026-08-14 12:07:05,0.0,1
2026-08-14 12:07:05,0.0,1
2026-08-14 12:07:05,0.0,1
2026-08-14 12:07:05,0.0,1
2026-08-14 12:07:05,0.0,1
2026-08-14 12:07:05,0.0,1
2026-08-14 12:07:05,0.0,1
2026-08-14 12:07:05,0.0,1
2026-08-14 12:07:05,0.0,1
2026-08-14 12:07:05,0.0,1
2026-08-14 12:07:06,0.0,1
2026-08-14 12:07:06,0.0,1
2026-08-14 12:07:06,0.0,1
2026-08-14 12:07:06,0.0,1
2026-08-14 12:07:06,0.0,1
2026-08-14 12:07:06,0.0,1
2026-08-14 12:07:06,0.0,1
2026-08-14 12:07:06,0.0,1
2026-08-14 12:07:06,0.0,1
2026-08-14 12:07:06,0.0,1
2026-08-14 12:07:06,0.0,1
2026-08-14 12:07:06,0.0,1
2026-08-14 12:07:06,0.0,1
2026-08-14 12:07:06,0.0,1
2026-08-14 12:07:06,0.0,1
2026-08-14 12:07:06,0.0,1
2026-08-14 12:07:06,0.0,1
2026-08-14 12:07:06,0.0,1
2026-08-14 12:07:06,0.0,1
2026-08-14 12:07:06,0.0,1
2026-08-14 12:07:07,0.0,1
2026-08-14 12:07:07,0.0,1
2026-08-14 12:07:07,0.0,1
2026-08-14 12:07:07,0.0,1
2026-08-14 12:07:07,0.0,1
2026-08-14 12:07:07,0.0,1
2026-08-14 12:07:07,0.0,1
2026-08-14 12:07:07,0.0,1
2026-08-14 12:07:07,0.0,1
2026-08-14 12:07:07,0.0,1
2026-08-14 12:07:07,0.0,1
2026-08-14 12:07:07,0.0,1
2026-08-14 12:07:07,0.0,1
2026-08-14 12:07:07,0.0,1
2026-08-14 12:07:07,0.0,1
2026-08-14 12:07:07,0.0,1
2026-08-14 12:07:07,0.0,1
2026-08-14 12:07:07,0.0,1
2026-08-14 12:07:07,0.0,1
2026-08-14 12:07:07,0.0,1
2026-08-14 12:07:08,0.0,1
2026-08-14 12:07:08,0.0,1
2026-08-14 12:07:08,0.0,1
2026-08-14 12:07:08,0.0,1
2026-08-14 12:07:08,0.0,1
2026-08-14 12:07:08,0.0,1
2026-08-14 12:07:08,0.0,1
2026-08-14 12:07:08,0.0,1
2026-08-14 12:07:08,0.0,1
2026-08-14 12:07:08,0.0,1
2026-08-14 12:07:08,0.0,1
2026-08-14 12:07:08,0.0,1
2026-08-14 12:07:08,0.0,1
2026-08-14 12:07:08,0.0,1
2026-08-14 12:07:08,0.0,1
2026-08-14 12:07:08,0.0,1
2026-08-14 12:07:08,0.0,1
2026-08-14 12:07:08,0.0,1
2026-08-14 12:07:08,0.0,1
2026-08-14 12:07:08,0.0,1
2026-08-14 12:07:09,0.0,1
2026-08-14 12:07:09,0.0,1
2026-08-14 12:07:09,0.0,1
2026-08-14 12:07:09,0.0,1
2026-08-14 12:07:09,0.0,1
2026-08-14 12:07:09,0.0,1
2026-08-14 12:07:09,0.0,1
2026-08-14 12:07:09,0.0,1
2026-08-14 12:07:09,0.0,1
2026-08-14 12:07:09,0.0,1
2026-08-14 12:07:09,0.0,1
2026-08-14 12:07:09,0.0,1
2026-08-14 12:07:09,0.0,1
2026-08-14 12:07:09,0.0,1
2026-08-14 12:07:09,0.0,1
2026-08-14 12:07:09,0.0,1
2026-08-14 12:07:09,0.0,1
2026-08-14 12:07:09,0.0,1
2026-08-14 12:07:09,0.0,1
2026-08-14 12:07:09,0.0,1
2026-08-14 12:07:10,0.0,1
2026-08-14 12:07:10,0.0,1
2026-08-14 12:07:10,0.0,1
2026-08-14 12:07:10,0.0,1
2026-08-14 12:07:10,0.0,1
2026-08-14 12:07:10,0.0,1
2026-08-14 12:07:10,0.0,1
2026-08-14 12:07:10,0.0,1
2026-08-14 12:07:10,0.0,1
2026-08-14 12:07:10,0.0,1
2026-08-14 12:07:10,0.0,1
2026-08-14 12:07:10,0.0,1
2026-08-14 12:07:10,0.0,1
2026-08-14 12:07:10,0.0,1
2026-08-14 12:07:10,0.0,1
2026-08-14 12:07:10,0.0,1
2026-08-14 12:07:10,0.0,1
2026-08-14 12:07:10,0.0,1
2026-08-14 12:07:10,0.0,1
2026-08-14 12:07:10,0.0,1
2026-08-14 12:07:11,0.0,1
2026-08-14 12:07:11,0.0,1
2026-08-14 12:07:11,0.0,1
2026-08-14 12:07:11,0.0,1
2026-08-14 12:07:11,0.0,1
2026-08-14 12:07:11,0.0,1
2026-08-14 12:07:11,0.0,1
2026-08-14 12:07:11,0.0,1
2026-08-14 12:07:11,0.0,1
2026-08-14 12:07:11,0.0,1
2026-08-14 12:07:11,0.0,1
2026-08-14 12:07:11,0.0,1
2026-08-14 12:07:11,0.0,1
2026-08-14 12:07:11,0.0,1
2026-08-14 12:07:11,0.0,1
2026-08-14 12:07:11,0.0,1
2026-08-14 12:07:11,0.0,1
2026-08-14 12:07:11,0.0,1
2026-08-14 12:07:11,0.0,1
2026-08-14 12:07:11,0.0,1
2026-08-14 12:07:12,0.0,1
2026-08-14 12:07:12,0.0,1
2026-08-14 12:07:12,0.0,1
2026-08-14 12:07:12,0.0,1
2026-08-14 12:07:12,0.0,1
2026-08-14 12:07:12,0.0,1
2026-08-14 12:07:12,0.0,1
2026-08-14 12:07:12,0.0,1
2026-08-14 12:07:12,0.0,1
2026-08-14 12:07:12,0.0,1
2026-08-14 12:07:12,0.0,1
2026-08-14 12:07:12,0.0,1
2026-08-14 12:07:12,0.0,1
2026-08-14 12:07:12,0.0,1
2026-08-14 12:07:12,0.0,1
2026-08-14 12:07:12,0.0,1
2026-08-14 12:07:12,0.0,1
2026-08-14 12:07:12,0.0,1
2026-08-14 12:07:12,0.0,1
2026-08-14 12:07:12,0.0,1
2026-08-14 12:07:13,0.0,1
2026-08-14 12:07:13,0.0,1
2026-08-14 12:07:13,0.0,1
2026-08-14 12:07:13,0.0,1
2026-08-14 12:07:13,0.0,1
2026-08-14 12:07:13,0.0,1
2026-08-14 12:07:13,0.0,1
2026-08-14 12:07:13,0.0,1
2026-08-14 12:07:13,0.0,1
2026-08-14 12:07:13,0.0,1
2026-08-14 12:07:13,0.0,1
2026-08-14 12:07:13,0.0,1
2026-08-14 12:07:13,0.0,1
2026-08-14 12:07:13,0.0,1
2026-08-14 12:07:13,0.0,1
2026-08-14 12:07:13,0.0,1
2026-08-14 12:07:13,0.0,1
2026-08-14 12:07:13,0.0,1
2026-08-14 12:07:13,0.0,1
2026-08-14 12:07:13,0.0,1
2026-08-14 12:07:14,0.0,1
2026-08-14 12:07:14,0.0,1
2026-08-14 12:07:14,0.0,1
2026-08-14 12:07:14,0.0,1
2026-08-14 12:07:14,0.0,1
2026-08-14 12:07:14,0.0,1
2026-08-14 12:07:14,0.0,1
2026-08-14 12:07:14,0.0,1
2026-08-14 12:07:14,0.0,1
2026-08-14 12:07:14,0.0,1
2026-08-14 12:07:14,0.0,1
2026-08-14 12:07:14,0.0,1
2026-08-14 12:07:14,0.0,1
2026-08-14 12:07:14,0.0,1
2026-08-14 12:07:14,0.0,1
2026-08-14 12:07:14,0.0,1
2026-08-14 12:07:14,0.0,1
2026-08-14 12:07:14,0.0,1
2026-08-14 12:07:14,0.0,1
2026-08-14 12:07:14,0.0,1
2026-08-14 12:07:15,0.0,1
2026-08-14 12:07:15,0.0,1
2026-08-14 12:07:15,0.0,1
2026-08-14 12:07:15,0.0,1
2026-08-14 12:07:15,0.0,1
2026-08-14 12:07:15,0.0,1
2026-08-14 12:07:15,0.0,1
2026-08-14 12:07:15,0.0,1
2026-08-14 12:07:15,0.0,1
2026-08-14 12:07:15,0.0,1
2026-08-14 12:07:15,0.0,1
2026-08-14 12:07:15,0.0,1
2026-08-14 12:07:15,0.0,1
2026-08-14 12:07:15,0.0,1
2026-08-14 12:07:15,0.0,1
2026-08-14 12:07:15,0.0,1
2026-08-14 12:07:15,0.0,1
2026-08-14 12:07:15,0.0,1
2026-08-14 12:07:15,0.0,1
2026-08-14 12:07:15,0.0,1
2026-08-14 12:07:16,0.0,1
2026-08-14 12:07:16,0.0,1
2026-08-14 12:07:16,0.0,1
2026-08-14 12:07:16,0.0,1
2026-08-14 12:07:16,0.0,1
2026-08-14 12:07:16,0.0,1
2026-08-14 12:07:16,0.0,1
2026-08-14 12:07:16,0.0,1
2026-08-14 12:07:16,0.0,1
2026-08-14 12:07:16,0.0,1
2026-08-14 12:07:16,0.0,1
2026-08-14 12:07:16,0.0,1
2026-08-14 12:07:16,0.0,1
2026-08-14 12:07:16,0.0,1
2026-08-14 12:07:16,0.0,1
2026-08-14 12:07:16,0.0,1
2026-08-14 12:07:16,0.0,1
2026-08-14 12:07:16,0.0,1
2026-08-14 12:07:16,0.0,1
2026-08-14 12:07:16,0.0,1
2026-08-14 12:07:17,0.0,1
2026-08-14 12:07:17,0.0,1
2026-08-14 12:07:17,0.0,1
2026-08-14 12:07:17,0.0,1
2026-08-14 12:07:17,0.0,1
2026-08-14 12:07:17,0.0,1
2026-08-14 12:07:17,0.0,1
2026-08-14 12:07:17,0.0,1
2026-08-14 12:07:17,0.0,1
2026-08-14 12:07:17,0.0,1
2026-08-14 12:07:17,0.0,1
2026-08-14 12:07:17,0.0,1
2026-08-14 12:07:17,0.0,1
2026-08-14 12:07:17,0.0,1
2026-08-14 12:07:17,0.0,1
2026-08-14 12:07:17,0.0,1
2026-08-14 12:07:17,0.0,1
2026-08-14 12:07:17,0.0,1
2026-08-14 12:07:17,0.0,1
2026-08-14 12:07:17,0.0,1
2026-08-14 12:07:18,0.0,1
2026-08-14 12:07:18,0.0,1
2026-08-14 12:07:18,0.0,1
2026-08-14 12:07:18,0.0,1
2026-08-14 12:07:18,0.0,1
2026-08-14 12:07:18,0.0,1
2026-08-14 12:07:18,0.0,1
2026-08-14 12:07:18,0.0,1
2026-08-14 12:07:18,0.0,1
2026-08-14 12:07:18,0.0,1
2026-08-14 12:07:18,0.0,1
2026-08-14 12:07:18,0.0,1
2026-08-14 12:07:18,0.0,1
2026-08-14 12:07:18,0.0,1
2026-08-14 12:07:18,0.0,1
2026-08-14 12:07:18,0.0,1
2026-08-14 12:07:18,0.0,1
2026-08-14 12:07:18,0.0,1
2026-08-14 12:07:18,0.0,1
2026-08-14 12:07:18,0.0,1
2026-08-14 12:07:19,0.0,1
2026-08-14 12:07:19,0.0,1
2026-08-14 12:07:19,0.0,1
2026-08-14 12:07:19,0.0,1
2026-08-14 12:07:19,0.0,1
2026-08-14 12:07:19,0.0,1
2026-08-14 12:07:19,0.0,1
2026-08-14 12:07:19,0.0,1
2026-08-14 12:07:19,0.0,1
2026-08-14 12:07:19,0.0,1
2026-08-14 12:07:19,0.0,1
2026-08-14 12:07:19,0.0,1
2026-08-14 12:07:19,0.0,1
2026-08-14 12:07:19,0.0,1
2026-08-14 12:07:19,0.0,1
2026-08-14 12:07:19,0.0,1
2026-08-14 12:07:19,0.0,1
2026-08-14 12:07:19,0.0,1
2026-08-14 12:07:19,0.0,1
2026-08-14 12:07:19,0.0,1
2026-08-14 12:07:20,0.0,1
2026-08-14 12:07:20,0.0,1
2026-08-14 12:07:20,0.0,1
2026-08-14 12:07:20,0.0,1
2026-08-14 12:07:20,0.0,1
2026-08-14 12:07:20,0.0,1
2026-08-14 12:07:20,0.0,1
2026-08-14 12:07:20,0.0,1
2026-08-14 12:07:20,0.0,1
2026-08-14 12:07:20,0.0,1
2026-08-14 12:07:20,0.0,1
2026-08-14 12:07:20,0.0,1
2026-08-14 12:07:20,0.0,1
2026-08-14 12:07:20,0.0,1
2026-08-14 12:07:20,0.0,1
2026-08-14 12:07:20,0.0,1
2026-08-14 12:07:20,0.0,1
2026-08-14 12:07:20,0.0,1
2026-08-14 12:07:20,0.0,1
2026-08-14 12:07:20,0.0,1
2026-08-14 12:07:21,0.0,1
2026-08-14 12:07:21,0.0,1
2026-08-14 12:07:21,0.0,1
2026-08-14 12:07:21,0.0,1
2026-08-14 12:07:21,0.0,1
2026-08-14 12:07:21,0.0,1
2026-08-14 12:07:21,0.0,1
2026-08-14 12:07:21,0.0,1
2026-08-14 12:07:21,0.0,1
2026-08-14 12:07:21,0.0,1
2026-08-14 12:07:21,0.0,1
2026-08-14 12:07:21,0.0,1
2026-08-14 12:07:21,0.0,1
2026-08-14 12:07:21,0.0,1
2026-08-14 12:07:21,0.0,1
2026-08-14 12:07:21,0.0,1
2026-08-14 12:07:21,0.0,1
2026-08-14 12:07:21,0.0,1
2026-08-14 12:07:21,0.0,1
2026-08-14 12:07:21,0.0,1
2026-08-14 12:07:22,0.0,1
2026-08-14 12:07:22,0.0,1
2026-08-14 12:07:22,0.0,1
2026-08-14 12:07:22,0.0,1
2026-08-14 12:07:22,0.0,1
2026-08-14 12:07:22,0.0,1
2026-08-14 12:07:22,0.0,1
2026-08-14 12:07:22,0.0,1
2026-08-14 12:07:22,0.0,1
2026-08-14 12:07:22,0.0,1
2026-08-14 12:07:22,0.0,1
2026-08-14 12:07:22,0.0,1
2026-08-14 12:07:22,0.0,1
2026-08-14 12:07:22,0.0,1
2026-08-14 12:07:22,0.0,1
2026-08-14 12:07:22,0.0,1
2026-08-14 12:07:22,0.0,1
2026-08-14 12:07:22,0.0,1
2026-08-14 12:07:22,0.0,1
2026-08-14 12:07:22,0.0,1
2026-08-14 12:07:23,0.0,1
2026-08-14 12:07:23,0.0,1
2026-08-14 12:07:23,0.0,1
2026-08-14 12:07:23,0.0,1
2026-08-14 12:07:23,0.0,1
2026-08-14 12:07:23,0.0,1
2026-08-14 12:07:23,0.0,1
2026-08-14 12:07:23,0.0,1
2026-08-14 12:07:23,0.0,1
2026-08-14 12:07:23,0.0,1
2026-08-14 12:07:23,0.0,1
2026-08-14 12:07:23,0.0,1
2026-08-14 12:07:23,0.0,1
2026-08-14 12:07:23,0.0,1
2026-08-14 12:07:23,0.0,1
2026-08-14 12:07:23,0.0,1
2026-08-14 12:07:23,0.0,1
2026-08-14 12:07:23,0.0,1
2026-08-14 12:07:23,0.0,1
2026-08-14 12:07:23,0.0,1
2026-08-14 12:07:24,0.0,1
2026-08-14 12:07:24,0.0,1
2026-08-14 12:07:24,0.0,1
2026-08-14 12:07:24,0.0,1
2026-08-14 12:07:24,0.0,1
2026-08-14 12:07:24,0.0,1
2026-08-14 12:07:24,0.0,1
2026-08-14 12:07:24,0.0,1
2026-08-14 12:07:24,0.0,1
2026-08-14 12:07:24,0.0,1
2026-08-14 12:07:24,0.0,1
2026-08-14 12:07:24,0.0,1
2026-08-14 12:07:24,0.0,1
2026-08-14 12:07:24,0.0,1
2026-08-14 12:07:24,0.0,1
2026-08-14 12:07:24,0.0,1
2026-08-14 12:07:24,0.0,1
2026-08-14 12:07:24,0.0,1
2026-08-14 12:07:24,0.0,1
2026-08-14 12:07:24,0.0,1
2026-08-14 12:07:25,0.0,1
2026-08-14 12:07:25,0.0,1
2026-08-14 12:07:25,0.0,1
2026-08-14 12:07:25,0.0,1
2026-08-14 12:07:25,0.0,1
2026-08-14 12:07:25,0.0,1
2026-08-14 12:07:25,0.0,1
2026-08-14 12:07:25,0.0,1
2026-08-14 12:07:25,0.0,1
2026-08-14 12:07:25,0.0,1
2026-08-14 12:07:25,0.0,1
2026-08-14 12:07:25,0.0,1
2026-08-14 12:07:25,0.0,1
2026-08-14 12:07:25,0.0,1
2026-08-14 12:07:25,0.0,1
2026-08-14 12:07:25,0.0,1
2026-08-14 12:07:25,0.0,1
2026-08-14 12:07:25,0.0,1
2026-08-14 12:07:25,0.0,1
2026-08-14 12:07:25,0.0,1
2026-08-14 12:07:26,0.0,1
2026-08-14 12:07:26,0.0,1
2026-08-14 12:07:26,0.0,1
2026-08-14 12:07:26,0.0,1
2026-08-14 12:07:26,0.0,1
2026-08-14 12:07:26,0.0,1
2026-08-14 12:07:26,0.0,1
2026-08-14 12:07:26,0.0,1
2026-08-14 12:07:26,0.0,1
2026-08-14 12:07:26,0.0,1
2026-08-14 12:07:26,0.0,1
2026-08-14 12:07:26,0.0,1
2026-08-14 12:07:26,0.0,1
2026-08-14 12:07:26,0.0,1
2026-08-14 12:07:26,0.0,1
2026-08-14 12:07:26,0.0,1
2026-08-14 12:07:26,0.0,1
2026-08-14 12:07:26,0.0,1
2026-08-14 12:07:26,0.0,1
2026-08-14 12:07:26,0.0,1
2026-08-14 12:07:27,0.0,1
2026-08-14 12:07:27,0.0,1
2026-08-14 12:07:27,0.0,1
2026-08-14 12:07:27,0.0,1
2026-08-14 12:07:27,0.0,1
2026-08-14 12:07:27,0.0,1
2026-08-14 12:07:27,0.0,1
2026-08-14 12:07:27,0.0,1
2026-08-14 12:07:27,0.0,1
2026-08-14 12:07:27,0.0,1
2026-08-14 12:07:27,0.0,1
2026-08-14 12:07:27,0.0,1
2026-08-14 12:07:27,0.0,1
2026-08-14 12:07:27,0.0,1
2026-08-14 12:07:27,0.0,1
2026-08-14 12:07:27,0.0,1
2026-08-14 12:07:27,0.0,1
2026-08-14 12:07:27,0.0,1
2026-08-14 12:07:27,0.0,1
2026-08-14 12:07:27,0.0,1
2026-08-14 12:07:28,0.0,1
2026-08-14 12:07:28,0.0,1
2026-08-14 12:07:28,0.0,1
2026-08-14 12:07:28,0.0,1
2026-08-14 12:07:28,0.0,1
2026-08-14 12:07:28,0.0,1
2026-08-14 12:07:28,0.0,1
2026-08-14 12:07:28,0.0,1
2026-08-14 12:07:28,0.0,1
2026-08-14 12:07:28,0.0,1
2026-08-14 12:07:28,0.0,1
2026-08-14 12:07:28,0.0,1
2026-08-14 12:07:28,0.0,1
2026-08-14 12:07:28,0.0,1
2026-08-14 12:07:28,0.0,1
2026-08-14 12:07:28,0.0,1
2026-08-14 12:07:28,0.0,1
2026-08-14 12:07:28,0.0,1
2026-08-14 12:07:28,0.0,1
2026-08-14 12:07:28,0.0,1
2026-08-14 12:07:29,0.0,1
2026-08-14 12:07:29,0.0,1
2026-08-14 12:07:29,0.0,1
2026-08-14 12:07:29,0.0,1
2026-08-14 12:07:29,0.0,1
2026-08-14 12:07:29,0.0,1
2026-08-14 12:07:29,0.0,1
2026-08-14 12:07:29,0.0,1
2026-08-14 12:07:29,0.0,1
2026-08-14 12:07:29,0.0,1
2026-08-14 12:07:29,0.0,1
2026-08-14 12:07:29,0.0,1
2026-08-14 12:07:29,0.0,1
2026-08-14 12:07:29,0.0,1
2026-08-14 12:07:29,0.0,1
2026-08-14 12:07:29,0.0,1
2026-08-14 12:07:29,0.0,1
2026-08-14 12:07:29,0.0,1
2026-08-14 12:07:29,0.0,1
2026-08-14 12:07:29,0.0,1
2026-08-14 12:07:30,0.0,1
2026-08-14 12:07:30,0.0,1
2026-08-14 12:07:30,0.0,1
2026-08-14 12:07:30,0.0,1
2026-08-14 12:07:30,0.0,1
2026-08-14 12:07:30,0.0,1
2026-08-14 12:07:30,0.0,1
2026-08-14 12:07:30,0.0,1
2026-08-14 12:07:30,0.0,1
2026-08-14 12:07:30,0.0,1
2026-08-14 12:07:30,0.0,1
2026-08-14 12:07:30,0.0,1
2026-08-14 12:07:30,0.0,1
2026-08-14 12:07:30,0.0,1
2026-08-14 12:07:30,0.0,1
2026-08-14 12:07:30,0.0,1
2026-08-14 12:07:30,0.0,1
2026-08-14 12:07:30,0.0,1
2026-08-14 12:07:30,0.0,1
2026-08-14 12:07:30,0.0,1
2026-08-14 12:07:31,0.0,1
2026-08-14 12:07:31,0.0,1
2026-08-14 12:07:31,0.0,1
2026-08-14 12:07:31,0.0,1
2026-08-14 12:07:31,0.0,1
2026-08-14 12:07:31,0.0,1
2026-08-14 12:07:31,0.0,1
2026-08-14 12:07:31,0.0,1
2026-08-14 12:07:31,0.0,1
2026-08-14 12:07:31,0.0,1
2026-08-14 12:07:31,0.0,1
2026-08-14 12:07:31,0.0,1
2026-08-14 12:07:31,0.0,1
2026-08-14 12:07:31,0.0,1
2026-08-14 12:07:31,0.0,1
2026-08-14 12:07:31,0.0,1
2026-08-14 12:07:31,0.0,1
2026-08-14 12:07:31,0.0,1
2026-08-14 12:07:31,0.0,1
2026-08-14 12:07:31,0.0,1
2026-08-14 12:07:32,0.0,1
2026-08-14 12:07:32,0.0,1
2026-08-14 12:07:32,0.0,1
2026-08-14 12:07:32,0.0,1
2026-08-14 12:07:32,0.0,1
2026-08-14 12:07:32,0.0,1
2026-08-14 12:07:32,0.0,1
2026-08-14 12:07:32,0.0,1
2026-08-14 12:07:32,0.0,1
2026-08-14 12:07:32,0.0,1
2026-08-14 12:07:32,0.0,1
2026-08-14 12:07:32,0.0,1
2026-08-14 12:07:32,0.0,1
2026-08-14 12:07:32,0.0,1
2026-08-14 12:07:32,0.0,1
2026-08-14 12:07:32,0.0,1
2026-08-14 12:07:32,0.0,1
2026-08-14 12:07:32,0.0,1
2026-08-14 12:07:32,0.0,1
2026-08-14 12:07:32,0.0,1
2026-08-14 12:07:33,0.0,1
2026-08-14 12:07:33,0.0,1
2026-08-14 12:07:33,0.0,1
2026-08-14 12:07:33,0.0,1
2026-08-14 12:07:33,0.0,1
2026-08-14 12:07:33,0.0,1
2026-08-14 12:07:33,0.0,1
2026-08-14 12:07:33,0.0,1
2026-08-14 12:07:33,0.0,1
2026-08-14 12:07:33,0.0,1
2026-08-14 12:07:33,0.0,1
2026-08-14 12:07:33,0.0,1
2026-08-14 12:07:33,0.0,1
2026-08-14 12:07:33,0.0,1
2026-08-14 12:07:33,0.0,1
2026-08-14 12:07:33,0.0,1
2026-08-14 12:07:33,0.0,1
2026-08-14 12:07:33,0.0,1
2026-08-14 12:07:33,0.0,1
2026-08-14 12:07:33,0.0,1
2026-08-14 12:07:34,0.0,1
2026-08-14 12:07:34,0.0,1
2026-08-14 12:07:34,0.0,1
2026-08-14 12:07:34,0.0,1
2026-08-14 12:07:34,0.0,1
2026-08-14 12:07:34,0.0,1
2026-08-14 12:07:34,0.0,1
2026-08-14 12:07:34,0.0,1
2026-08-14 12:07:34,0.0,1
2026-08-14 12:07:34,0.0,1
2026-08-14 12:07:34,0.0,1
2026-08-14 12:07:34,0.0,1
2026-08-14 12:07:34,0.0,1
2026-08-14 12:07:34,0.0,1
2026-08-14 12:07:34,0.0,1
2026-08-14 12:07:34,0.0,1
2026-08-14 12:07:34,0.0,1
2026-08-14 12:07:34,0.0,1
2026-08-14 12:07:34,0.0,1
2026-08-14 12:07:34,0.0,1
2026-08-14 12:07:35,0.0,1
2026-08-14 12:07:35,0.0,1
2026-08-14 12:07:35,0.0,1
2026-08-14 12:07:35,0.0,1
2026-08-14 12:07:35,0.0,1
2026-08-14 12:07:35,0.0,1
2026-08-14 12:07:35,0.0,1
2026-08-14 12:07:35,0.0,1
2026-08-14 12:07:35,0.0,1
2026-08-14 12:07:35,0.0,1
2026-08-14 12:07:35,0.0,1
2026-08-14 12:07:35,0.0,1
2026-08-14 12:07:35,0.0,1
2026-08-14 12:07:35,0.0,1
2026-08-14 12:07:35,0.0,1
2026-08-14 12:07:35,0.0,1
2026-08-14 12:07:35,0.0,1
2026-08-14 12:07:35,0.0,1
2026-08-14 12:07:35,0.0,1
2026-08-14 12:07:35,0.0,1
2026-08-14 12:07:36,0.0,1
2026-08-14 12:07:36,0.0,1
2026-08-14 12:07:36,0.0,1
2026-08-14 12:07:36,0.0,1
2026-08-14 12:07:36,0.0,1
2026-08-14 12:07:36,0.0,1
2026-08-14 12:07:36,0.0,1
2026-08-14 12:07:36,0.0,1
2026-08-14 12:07:36,0.0,1
2026-08-14 12:07:36,0.0,1
2026-08-14 12:07:36,0.0,1
2026-08-14 12:07:36,0.0,1
2026-08-14 12:07:36,0.0,1
2026-08-14 12:07:36,0.0,1
2026-08-14 12:07:36,0.0,1
2026-08-14 12:07:36,0.0,1
2026-08-14 12:07:36,0.0,1
2026-08-14 12:07:36,0.0,1
2026-08-14 12:07:36,0.0,1
2026-08-14 12:07:36,0.0,1
2026-08-14 12:07:37,0.0,1
2026-08-14 12:07:37,0.0,1
2026-08-14 12:07:37,0.0,1
2026-08-14 12:07:37,0.0,1
2026-08-14 12:07:37,0.0,1
2026-08-14 12:07:37,0.0,1
2026-08-14 12:07:37,0.0,1
2026-08-14 12:07:37,0.0,1
2026-08-14 12:07:37,0.0,1
2026-08-14 12:07:37,0.0,1
2026-08-14 12:07:37,0.0,1
2026-08-14 12:07:37,0.0,1
2026-08-14 12:07:37,0.0,1
2026-08-14 12:07:37,0.0,1
2026-08-14 12:07:37,0.0,1
2026-08-14 12:07:37,0.0,1
2026-08-14 12:07:37,0.0,1
2026-08-14 12:07:37,0.0,1
2026-08-14 12:07:37,0.0,1
2026-08-14 12:07:37,0.0,1
2026-08-14 12:07:38,0.0,1
2026-08-14 12:07:38,0.0,1
2026-08-14 12:07:38,0.0,1
2026-08-14 12:07:38,0.0,1
2026-08-14 12:07:38,0.0,1
2026-08-14 12:07:38,0.0,1
2026-08-14 12:07:38,0.0,1
2026-08-14 12:07:38,0.0,1
2026-08-14 12:07:38,0.0,1
2026-08-14 12:07:38,0.0,1
2026-08-14 12:07:38,0.0,1
2026-08-14 12:07:38,0.0,1
2026-08-14 12:07:38,0.0,1
2026-08-14 12:07:38,0.0,1
2026-08-14 12:07:38,0.0,1
2026-08-14 12:07:38,0.0,1
2026-08-14 12:07:38,0.0,1
2026-08-14 12:07:38,0.0,1
2026-08-14 12:07:38,0.0,1
2026-08-14 12:07:38,0.0,1
2026-08-14 12:07:39,0.0,1
2026-08-14 12:07:39,0.0,1
2026-08-14 12:07:39,0.0,1
2026-08-14 12:07:39,0.0,1
2026-08-14 12:07:39,0.0,1
2026-08-14 12:07:39,0.0,1
2026-08-14 12:07:39,0.0,1
2026-08-14 12:07:39,0.0,1
2026-08-14 12:07:39,0.0,1
2026-08-14 12:07:39,0.0,1
2026-08-14 12:07:39,0.0,1
2026-08-14 12:07:39,0.0,1
2026-08-14 12:07:39,0.0,1
2026-08-14 12:07:39,0.0,1
2026-08-14 12:07:39,0.0,1
2026-08-14 12:07:39,0.0,1
2026-08-14 12:07:39,0.0,1
2026-08-14 12:07:39,0.0,1
2026-08-14 12:07:39,0.0,1
2026-08-14 12:07:39,0.0,1
2026-08-14 12:07:40,0.0,1
2026-08-14 12:07:40,0.0,1
2026-08-14 12:07:40,0.0,1
2026-08-14 12:07:40,0.0,1
2026-08-14 12:07:40,0.0,1
2026-08-14 12:07:40,0.0,1
2026-08-14 12:07:40,0.0,1
2026-08-14 12:07:40,0.0,1
2026-08-14 12:07:40,0.0,1
2026-08-14 12:07:40,0.0,1
2026-08-14 12:07:40,0.0,1
2026-08-14 12:07:40,0.0,1
2026-08-14 12:07:40,0.0,1
2026-08-14 12:07:40,0.0,1
2026-08-14 12:07:40,0.0,1
2026-08-14 12:07:40,0.0,1
2026-08-14 12:07:40,0.0,1
2026-08-14 12:07:40,0.0,1
2026-08-14 12:07:40,0.0,1
2026-08-14 12:07:40,0.0,1
2026-08-14 12:07:41,0.0,1
2026-08-14 12:07:41,0.0,1
2026-08-14 12:07:41,0.0,1
2026-08-14 12:07:41,0.0,1
2026-08-14 12:07:41,0.0,1
2026-08-14 12:07:41,0.0,1
2026-08-14 12:07:41,0.0,1
2026-08-14 12:07:41,0.0,1
2026-08-14 12:07:41,0.0,1
2026-08-14 12:07:41,0.0,1
2026-08-14 12:07:41,0.0,1
2026-08-14 12:07:41,0.0,1
2026-08-14 12:07:41,0.0,1
2026-08-14 12:07:41,0.0,1
2026-08-14 12:07:41,0.0,1
2026-08-14 12:07:41,0.0,1
2026-08-14 12:07:41,0.0,1
2026-08-14 12:07:41,0.0,1
2026-08-14 12:07:41,0.0,1
2026-08-14 12:07:41,0.0,1
2026-08-14 12:07:42,0.0,1
2026-08-14 12:07:42,0.0,1
2026-08-14 12:07:42,0.0,1
2026-08-14 12:07:42,0.0,1
2026-08-14 12:07:42,0.0,1
2026-08-14 12:07:42,0.0,1
2026-08-14 12:07:42,0.0,1
2026-08-14 12:07:42,0.0,1
2026-08-14 12:07:42,0.0,1
2026-08-14 12:07:42,0.0,1
2026-08-14 12:07:42,0.0,1
2026-08-14 12:07:42,0.0,1
2026-08-14 12:07:42,0.0,1
2026-08-14 12:07:42,0.0,1
2026-08-14 12:07:42,0.0,1
2026-08-14 12:07:42,0.0,1
2026-08-14 12:07:42,0.0,1
2026-08-14 12:07:42,0.0,1
2026-08-14 12:07:42,0.0,1
2026-08-14 12:07:42,0.0,1
2026-08-14 12:07:43,0.0,1
2026-08-14 12:07:43,0.0,1
2026-08-14 12:07:43,0.0,1
2026-08-14 12:07:43,0.0,1
2026-08-14 12:07:43,0.0,1
2026-08-14 12:07:43,0.0,1
2026-08-14 12:07:43,0.0,1
2026-08-14 12:07:43,0.0,1
2026-08-14 12:07:43,0.0,1
2026-08-14 12:07:43,0.0,1
2026-08-14 12:07:43,0.0,1
2026-08-14 12:07:43,0.0,1
2026-08-14 12:07:43,0.0,1
2026-08-14 12:07:43,0.0,1
2026-08-14 12:07:43,0.0,1
2026-08-14 12:07:43,0.0,1
2026-08-14 12:07:43,0.0,1
2026-08-14 12:07:43,0.0,1
2026-08-14 12:07:43,0.0,1
2026-08-14 12:07:43,0.0,1
2026-08-14 12:07:44,0.0,1
2026-08-14 12:07:44,0.0,1
2026-08-14 12:07:44,0.0,1
2026-08-14 12:07:44,0.0,1
2026-08-14 12:07:44,0.0,1
2026-08-14 12:07:44,0.0,1
2026-08-14 12:07:44,0.0,1
2026-08-14 12:07:44,0.0,1
2026-08-14 12:07:44,0.0,1
2026-08-14 12:07:44,0.0,1
2026-08-14 12:07:44,0.0,1
2026-08-14 12:07:44,0.0,1
2026-08-14 12:07:44,0.0,1
2026-08-14 12:07:44,0.0,1
2026-08-14 12:07:44,0.0,1
2026-08-14 12:07:44,0.0,1
2026-08-14 12:07:44,0.0,1
2026-08-14 12:07:44,0.0,1
2026-08-14 12:07:44,0.0,1
2026-08-14 12:07:44,0.0,1
2026-08-14 12:07:45,0.0,1
2026-08-14 12:07:45,0.0,1
2026-08-14 12:07:45,0.0,1
2026-08-14 12:07:45,0.0,1
2026-08-14 12:07:45,0.0,1
2026-08-14 12:07:45,0.0,1
2026-08-14 12:07:45,0.0,1
2026-08-14 12:07:45,0.0,1
2026-08-14 12:07:45,0.0,1
2026-08-14 12:07:45,0.0,1
2026-08-14 12:07:45,0.0,1
2026-08-14 12:07:45,0.0,1
2026-08-14 12:07:45,0.0,1
2026-08-14 12:07:45,0.0,1
2026-08-14 12:07:45,0.0,1
2026-08-14 12:07:45,0.0,1
2026-08-14 12:07:45,0.0,1
2026-08-14 12:07:45,0.0,1
2026-08-14 12:07:45,0.0,1
2026-08-14 12:07:45,0.0,1
2026-08-14 12:07:46,0.0,1
2026-08-14 12:07:46,0.0,1
2026-08-14 12:07:46,0.0,1
2026-08-14 12:07:46,0.0,1
2026-08-14 12:07:46,0.0,1
2026-08-14 12:07:46,0.0,1
2026-08-14 12:07:46,0.0,1
2026-08-14 12:07:46,0.0,1
2026-08-14 12:07:46,0.0,1
2026-08-14 12:07:46,0.0,1
2026-08-14 12:07:46,0.0,1
2026-08-14 12:07:46,0.0,1
2026-08-14 12:07:46,0.0,1
2026-08-14 12:07:46,0.0,1
2026-08-14 12:07:46,0.0,1
2026-08-14 12:07:46,0.0,1
2026-08-14 12:07:46,0.0,1
2026-08-14 12:07:46,0.0,1
2026-08-14 12:07:46,0.0,1
2026-08-14 12:07:46,0.0,1
2026-08-14 12:07:47,0.0,1
2026-08-14 12:07:47,0.0,1
2026-08-14 12:07:47,0.0,1
2026-08-14 12:07:47,0.0,1
2026-08-14 12:07:47,0.0,1
2026-08-14 12:07:47,0.0,1
2026-08-14 12:07:47,0.0,1
2026-08-14 12:07:47,0.0,1
2026-08-14 12:07:47,0.0,1
2026-08-14 12:07:47,0.0,1
2026-08-14 12:07:47,0.0,1
2026-08-14 12:07:47,0.0,1
2026-08-14 12:07:47,0.0,1
2026-08-14 12:07:47,0.0,1
2026-08-14 12:07:47,0.0,1
2026-08-14 12:07:47,0.0,1
2026-08-14 12:07:47,0.0,1
2026-08-14 12:07:47,0.0,1
2026-08-14 12:07:47,0.0,1
2026-08-14 12:07:47,0.0,1
2026-08-14 12:07:48,0.0,1
2026-08-14 12:07:48,0.0,1
2026-08-14 12:07:48,0.0,1
2026-08-14 12:07:48,0.0,1
2026-08-14 12:07:48,0.0,1
2026-08-14 12:07:48,0.0,1
2026-08-14 12:07:48,0.0,1
2026-08-14 12:07:48,0.0,1
2026-08-14 12:07:48,0.0,1
2026-08-14 12:07:48,0.0,1
2026-08-14 12:07:48,0.0,1
2026-08-14 12:07:48,0.0,1
2026-08-14 12:07:48,0.0,1
2026-08-14 12:07:48,0.0,1
2026-08-14 12:07:48,0.0,1
2026-08-14 12:07:48,0.0,1
2026-08-14 12:07:48,0.0,1
2026-08-14 12:07:48,0.0,1
2026-08-14 12:07:48,0.0,1
2026-08-14 12:07:48,0.0,1
2026-08-14 12:07:49,0.0,1
2026-08-14 12:07:49,0.0,1
2026-08-14 12:07:49,0.0,1
2026-08-14 12:07:49,0.0,1
2026-08-14 12:07:49,0.0,1
2026-08-14 12:07:49,0.0,1
2026-08-14 12:07:49,0.0,1
2026-08-14 12:07:49,0.0,1
2026-08-14 12:07:49,0.0,1
2026-08-14 12:07:49,0.0,1
2026-08-14 12:07:49,0.0,1
2026-08-14 12:07:49,0.0,1
2026-08-14 12:07:49,0.0,1
2026-08-14 12:07:49,0.0,1
2026-08-14 12:07:49,0.0,1
2026-08-14 12:07:49,0.0,1
2026-08-14 12:07:49,0.0,1
2026-08-14 12:07:49,0.0,1
2026-08-14 12:07:49,0.0,1
2026-08-14 12:07:49,0.0,1
2026-08-14 12:07:50,0.0,1
2026-08-14 12:07:50,0.0,1
2026-08-14 12:07:50,0.0,1
2026-08-14 12:07:50,0.0,1
2026-08-14 12:07:50,0.0,1
2026-08-14 12:07:50,0.0,1
2026-08-14 12:07:50,0.0,1
2026-08-14 12:07:50,0.0,1
2026-08-14 12:07:50,0.0,1
2026-08-14 12:07:50,0.0,1
2026-08-14 12:07:50,0.0,1
2026-08-14 12:07:50,0.0,1
2026-08-14 12:07:50,0.0,1
2026-08-14 12:07:50,0.0,1
2026-08-14 12:07:50,0.0,1
2026-08-14 12:07:50,0.0,1
2026-08-14 12:07:50,0.0,1
2026-08-14 12:07:50,0.0,1
2026-08-14 12:07:50,0.0,1
2026-08-14 12:07:50,0.0,1
2026-08-14 12:07:51,0.0,1
2026-08-14 12:07:51,0.0,1
2026-08-14 12:07:51,0.0,1
2026-08-14 12:07:51,0.0,1
2026-08-14 12:07:51,0.0,1
2026-08-14 12:07:51,0.0,1
2026-08-14 12:07:51,0.0,1
2026-08-14 12:07:51,0.0,1
2026-08-14 12:07:51,0.0,1
2026-08-14 12:07:51,0.0,1
2026-08-14 12:07:51,0.0,1
2026-08-14 12:07:51,0.0,1
2026-08-14 12:07:51,0.0,1
2026-08-14 12:07:51,0.0,1
2026-08-14 12:07:51,0.0,1
2026-08-14 12:07:51,0.0,1
2026-08-14 12:07:51,0.0,1
2026-08-14 12:07:51,0.0,1
2026-08-14 12:07:51,0.0,1
2026-08-14 12:07:51,0.0,1
2026-08-14 12:07:52,0.0,1
2026-08-14 12:07:52,0.0,1
2026-08-14 12:07:52,0.0,1
2026-08-14 12:07:52,0.0,1
2026-08-14 12:07:52,0.0,1
2026-08-14 12:07:52,0.0,1
2026-08-14 12:07:52,0.0,1
2026-08-14 12:07:52,0.0,1
2026-08-14 12:07:52,0.0,1
2026-08-14 12:07:52,0.0,1
2026-08-14 12:07:52,0.0,1
2026-08-14 12:07:52,0.0,1
2026-08-14 12:07:52,0.0,1
2026-08-14 12:07:52,0.0,1
2026-08-14 12:07:52,0.0,1
2026-08-14 12:07:52,0.0,1
2026-08-14 12:07:52,0.0,1
2026-08-14 12:07:52,0.0,1
2026-08-14 12:07:52,0.0,1
2026-08-14 12:07:52,0.0,1
2026-08-14 12:07:53,0.0,1
2026-08-14 12:07:53,0.0,1
2026-08-14 12:07:53,0.0,1
2026-08-14 12:07:53,0.0,1
2026-08-14 12:07:53,0.0,1
2026-08-14 12:07:53,0.0,1
2026-08-14 12:07:53,0.0,1
2026-08-14 12:07:53,0.0,1
2026-08-14 12:07:53,0.0,1
2026-08-14 12:07:53,0.0,1
2026-08-14 12:07:53,0.0,1
2026-08-14 12:07:53,0.0,1
2026-08-14 12:07:53,0.0,1
2026-08-14 12:07:53,0.0,1
2026-08-14 12:07:53,0.0,1
2026-08-14 12:07:53,0.0,1
2026-08-14 12:07:53,0.0,1
2026-08-14 12:07:53,0.0,1
2026-08-14 12:07:53,0.0,1
2026-08-14 12:07:53,0.0,1
2026-08-14 12:07:54,0.0,1
2026-08-14 12:07:54,0.0,1
2026-08-14 12:07:54,0.0,1
2026-08-14 12:07:54,0.0,1
2026-08-14 12:07:54,0.0,1
2026-08-14 12:07:54,0.0,1
2026-08-14 12:07:54,0.0,1
2026-08-14 12:07:54,0.0,1
2026-08-14 12:07:54,0.0,1
2026-08-14 12:07:54,0.0,1
2026-08-14 12:07:54,0.0,1
2026-08-14 12:07:54,0.0,1
2026-08-14 12:07:54,0.0,1
2026-08-14 12:07:54,0.0,1
2026-08-14 12:07:54,0.0,1
2026-08-14 12:07:54,0.0,1
2026-08-14 12:07:54,0.0,1
2026-08-14 12:07:54,0.0,1
2026-08-14 12:07:54,0.0,1
2026-08-14 12:07:54,0.0,1
2026-08-14 12:07:55,0.0,1
2026-08-14 12:07:55,0.0,1
2026-08-14 12:07:55,0.0,1
2026-08-14 12:07:55,0.0,1
2026-08-14 12:07:55,0.0,1
2026-08-14 12:07:55,0.0,1
2026-08-14 12:07:55,0.0,1
2026-08-14 12:07:55,0.0,1
2026-08-14 12:07:55,0.0,1
2026-08-14 12:07:55,0.0,1
2026-08-14 12:07:55,0.0,1
2026-08-14 12:07:55,0.0,1
2026-08-14 12:07:55,0.0,1
2026-08-14 12:07:55,0.0,1
2026-08-14 12:07:55,0.0,1
2026-08-14 12:07:55,0.0,1
2026-08-14 12:07:55,0.0,1
2026-08-14 12:07:55,0.0,1
2026-08-14 12:07:55,0.0,1
2026-08-14 12:07:55,0.0,1
2026-08-14 12:07:56,0.0,1
2026-08-14 12:07:56,0.0,1
2026-08-14 12:07:56,0.0,1
2026-08-14 12:07:56,0.0,1
2026-08-14 12:07:56,0.0,1
2026-08-14 12:07:56,0.0,1
2026-08-14 12:07:56,0.0,1
2026-08-14 12:07:56,0.0,1
2026-08-14 12:07:56,0.0,1
2026-08-14 12:07:56,0.0,1
2026-08-14 12:07:56,0.0,1
2026-08-14 12:07:56,0.0,1
2026-08-14 12:07:56,0.0,1
2026-08-14 12:07:56,0.0,1
2026-08-14 12:07:56,0.0,1
2026-08-14 12:07:56,0.0,1
2026-08-14 12:07:56,0.0,1
2026-08-14 12:07:56,0.0,1
2026-08-14 12:07:56,0.0,1
2026-08-14 12:07:56,0.0,1
2026-08-14 12:07:57,0.0,1
2026-08-14 12:07:57,0.0,1
2026-08-14 12:07:57,0.0,1
2026-08-14 12:07:57,0.0,1
2026-08-14 12:07:57,0.0,1
2026-08-14 12:07:57,0.0,1
2026-08-14 12:07:57,0.0,1
2026-08-14 12:07:57,0.0,1
2026-08-14 12:07:57,0.0,1
2026-08-14 12:07:57,0.0,1
2026-08-14 12:07:57,0.0,1
2026-08-14 12:07:57,0.0,1
2026-08-14 12:07:57,0.0,1
2026-08-14 12:07:57,0.0,1
2026-08-14 12:07:57,0.0,1
2026-08-14 12:07:57,0.0,1
2026-08-14 12:07:57,0.0,1
2026-08-14 12:07:57,0.0,1
2026-08-14 12:07:57,0.0,1
2026-08-14 12:07:57,0.0,1
2026-08-14 12:07:58,0.0,1
2026-08-14 12:07:58,0.0,1
2026-08-14 12:07:58,0.0,1
2026-08-14 12:07:58,0.0,1
2026-08-14 12:07:58,0.0,1
2026-08-14 12:07:58,0.0,1
2026-08-14 12:07:58,0.0,1
2026-08-14 12:07:58,0.0,1
2026-08-14 12:07:58,0.0,1
2026-08-14 12:07:58,0.0,1
2026-08-14 12:07:58,0.0,1
2026-08-14 12:07:58,0.0,1
2026-08-14 12:07:58,0.0,1
2026-08-14 12:07:58,0.0,1
2026-08-14 12:07:58,0.0,1
2026-08-14 12:07:58,0.0,1
2026-08-14 12:07:58,0.0,1
2026-08-14 12:07:58,0.0,1
2026-08-14 12:07:58,0.0,1
2026-08-14 12:07:58,0.0,1
2026-08-14 12:07:59,0.0,1
2026-08-14 12:07:59,0.0,1
2026-08-14 12:07:59,0.0,1
2026-08-14 12:07:59,0.0,1
2026-08-14 12:07:59,0.0,1
2026-08-14 12:07:59,0.0,1
2026-08-14 12:07:59,0.0,1
2026-08-14 12:07:59,0.0,1
2026-08-14 12:07:59,0.0,1
2026-08-14 12:07:59,0.0,1
2026-08-14 12:07:59,0.0,1
2026-08-14 12:07:59,0.0,1
2026-08-14 12:07:59,0.0,1
2026-08-14 12:07:59,0.0,1
2026-08-14 12:07:59,0.0,1
2026-08-14 12:07:59,0.0,1
2026-08-14 12:07:59,0.0,1
2026-08-14 12:07:59,0.0,1
2026-08-14 12:07:59,0.0,1
2026-08-14 12:07:59,0.0,1
2026-08-14 12:08:00,0.0,1
2026-08-14 12:08:00,0.0,1
2026-08-14 12:08:00,0.0,1
2026-08-14 12:08:00,0.0,1
2026-08-14 12:08:00,0.0,1
2026-08-14 12:08:00,0.0,1
2026-08-14 12:08:00,0.0,1
2026-08-14 12:08:00,0.0,1
2026-08-14 12:08:00,0.0,1
2026-08-14 12:08:00,0.0,1
2026-08-14 12:08:00,0.0,1
2026-08-14 12:08:00,0.0,1
2026-08-14 12:08:00,0.0,1
2026-08-14 12:08:00,0.0,1
2026-08-14 12:08:00,0.0,1
2026-08-14 12:08:00,0.0,1
2026-08-14 12:08:00,0.0,1
2026-08-14 12:08:00,0.0,1
2026-08-14 12:08:00,0.0,1
2026-08-14 12:08:00,0.0,1
2026-08-14 12:08:01,0.0,1
2026-08-14 12:08:01,0.0,1
2026-08-14 12:08:01,0.0,1
2026-08-14 12:08:01,0.0,1
2026-08-14 12:08:01,0.0,1
2026-08-14 12:08:01,0.0,1
2026-08-14 12:08:01,0.0,1
2026-08-14 12:08:01,0.0,1
2026-08-14 12:08:01,0.0,1
2026-08-14 12:08:01,0.0,1
2026-08-14 12:08:01,0.0,1
2026-08-14 12:08:01,0.0,1
2026-08-14 12:08:01,0.0,1
2026-08-14 12:08:01,0.0,1
2026-08-14 12:08:01,0.0,1
2026-08-14 12:08:01,0.0,1
2026-08-14 12:08:01,0.0,1
2026-08-14 12:08:01,0.0,1
2026-08-14 12:08:01,0.0,1
2026-08-14 12:08:01,0.0,1
2026-08-14 12:08:02,0.0,1
2026-08-14 12:08:02,0.0,1
2026-08-14 12:08:02,0.0,1
2026-08-14 12:08:02,0.0,1
2026-08-14 12:08:02,0.0,1
2026-08-14 12:08:02,0.0,1
2026-08-14 12:08:02,0.0,1
2026-08-14 12:08:02,0.0,1
2026-08-14 12:08:02,0.0,1
2026-08-14 12:08:02,0.0,1
2026-08-14 12:08:02,0.0,1
2026-08-14 12:08:02,0.0,1
2026-08-14 12:08:02,0.0,1
2026-08-14 12:08:02,0.0,1
2026-08-14 12:08:02,0.0,1
2026-08-14 12:08:02,0.0,1
2026-08-14 12:08:02,0.0,1
2026-08-14 12:08:02,0.0,1
2026-08-14 12:08:02,0.0,1
2026-08-14 12:08:02,0.0,1
2026-08-14 12:08:03,0.0,1
2026-08-14 12:08:03,0.0,1
2026-08-14 12:08:03,0.0,1
2026-08-14 12:08:03,0.0,1
2026-08-14 12:08:03,0.0,1
2026-08-14 12:08:03,0.0,1
2026-08-14 12:08:03,0.0,1
2026-08-14 12:08:03,0.0,1
2026-08-14 12:08:03,0.0,1
2026-08-14 12:08:03,0.0,1
2026-08-14 12:08:03,0.0,1
2026-08-14 12:08:03,0.0,1
2026-08-14 12:08:03,0.0,1
2026-08-14 12:08:03,0.0,1
2026-08-14 12:08:03,0.0,1
2026-08-14 12:08:03,0.0,1
2026-08-14 12:08:03,0.0,1
2026-08-14 12:08:03,0.0,1
2026-08-14 12:08:03,0.0,1
2026-08-14 12:08:03,0.0,1
2026-08-14 12:08:04,0.0,1
2026-08-14 12:08:04,0.0,1
2026-08-14 12:08:04,0.0,1
2026-08-14 12:08:04,0.0,1
2026-08-14 12:08:04,0.0,1
2026-08-14 12:08:04,0.0,1
2026-08-14 12:08:04,0.0,1
2026-08-14 12:08:04,0.0,1
2026-08-14 12:08:04,0.0,1
2026-08-14 12:08:04,0.0,1
2026-08-14 12:08:04,0.0,1
2026-08-14 12:08:04,0.0,1
2026-08-14 12:08:04,0.0,1
2026-08-14 12:08:04,0.0,1
2026-08-14 12:08:04,0.0,1
2026-08-14 12:08:04,0.0,1
2026-08-14 12:08:04,0.0,1
2026-08-14 12:08:04,0.0,1
2026-08-14 12:08:04,0.0,1
2026-08-14 12:08:04,0.0,1
2026-08-14 12:08:05,0.0,1
2026-08-14 12:08:05,0.0,1
2026-08-14 12:08:05,0.0,1
2026-08-14 12:08:05,0.0,1
2026-08-14 12:08:05,0.0,1
2026-08-14 12:08:05,0.0,1
2026-08-14 12:08:05,0.0,1
2026-08-14 12:08:05,0.0,1
2026-08-14 12:08:05,0.0,1
2026-08-14 12:08:05,0.0,1
2026-08-14 12:08:05,0.0,1
2026-08-14 12:08:05,0.0,1
2026-08-14 12:08:05,0.0,1
2026-08-14 12:08:05,0.0,1
2026-08-14 12:08:05,0.0,1
2026-08-14 12:08:05,0.0,1
2026-08-14 12:08:05,0.0,1
2026-08-14 12:08:05,0.0,1
2026-08-14 12:08:05,0.0,1
2026-08-14 12:08:05,0.0,1
2026-08-14 12:08:06,0.0,1
2026-08-14 12:08:06,0.0,1
2026-08-14 12:08:06,0.0,1
2026-08-14 12:08:06,0.0,1
2026-08-14 12:08:06,0.0,1
2026-08-14 12:08:06,0.0,1
2026-08-14 12:08:06,0.0,1
2026-08-14 12:08:06,0.0,1
2026-08-14 12:08:06,0.0,1
2026-08-14 12:08:06,0.0,1
2026-08-14 12:08:06,0.0,1
2026-08-14 12:08:06,0.0,1
2026-08-14 12:08:06,0.0,1
2026-08-14 12:08:06,0.0,1
2026-08-14 12:08:06,0.0,1
2026-08-14 12:08:06,0.0,1
2026-08-14 12:08:06,0.0,1
2026-08-14 12:08:06,0.0,1
2026-08-14 12:08:06,0.0,1
2026-08-14 12:08:06,0.0,1
2026-08-14 12:08:07,0.0,1
2026-08-14 12:08:07,0.0,1
2026-08-14 12:08:07,0.0,1
2026-08-14 12:08:07,0.0,1
2026-08-14 12:08:07,0.0,1
2026-08-14 12:08:07,0.0,1
2026-08-14 12:08:07,0.0,1
2026-08-14 12:08:07,0.0,1
2026-08-14 12:08:07,0.0,1
2026-08-14 12:08:07,0.0,1
2026-08-14 12:08:07,0.0,1
2026-08-14 12:08:07,0.0,1
2026-08-14 12:08:07,0.0,1
2026-08-14 12:08:07,0.0,1
2026-08-14 12:08:07,0.0,1
2026-08-14 12:08:07,0.0,1
2026-08-14 12:08:07,0.0,1
2026-08-14 12:08:07,0.0,1
2026-08-14 12:08:07,0.0,1
2026-08-14 12:08:07,0.0,1
2026-08-14 12:08:08,0.0,1
2026-08-14 12:08:08,0.0,1
2026-08-14 12:08:08,0.0,1
2026-08-14 12:08:08,0.0,1
2026-08-14 12:08:08,0.0,1
2026-08-14 12:08:08,0.0,1
2026-08-14 12:08:08,0.0,1
2026-08-14 12:08:08,0.0,1
2026-08-14 12:08:08,0.0,1
2026-08-14 12:08:08,0.0,1
2026-08-14 12:08:08,0.0,1
2026-08-14 12:08:08,0.0,1
2026-08-14 12:08:08,0.0,1
2026-08-14 12:08:08,0.0,1
2026-08-14 12:08:08,0.0,1
2026-08-14 12:08:08,0.0,1
2026-08-14 12:08:08,0.0,1
2026-08-14 12:08:08,0.0,1
2026-08-14 12:08:08,0.0,1
2026-08-14 12:08:08,0.0,1
2026-08-14 12:08:09,0.0,1
2026-08-14 12:08:09,0.0,1
2026-08-14 12:08:09,0.0,1
2026-08-14 12:08:09,0.0,1
2026-08-14 12:08:09,0.0,1
2026-08-14 12:08:09,0.0,1
2026-08-14 12:08:09,0.0,1
2026-08-14 12:08:09,0.0,1
2026-08-14 12:08:09,0.0,1
2026-08-14 12:08:09,0.0,1
2026-08-14 12:08:09,0.0,1
2026-08-14 12:08:09,0.0,1
2026-08-14 12:08:09,0.0,1
2026-08-14 12:08:09,0.0,1
2026-08-14 12:08:09,0.0,1
2026-08-14 12:08:09,0.0,1
2026-08-14 12:08:09,0.0,1
2026-08-14 12:08:09,0.0,1
2026-08-14 12:08:09,0.0,1
2026-08-14 12:08:09,0.0,1
2026-08-14 12:08:10,0.0,1
2026-08-14 12:08:10,0.0,1
2026-08-14 12:08:10,0.0,1
2026-08-14 12:08:10,0.0,1
2026-08-14 12:08:10,0.0,1
2026-08-14 12:08:10,0.0,1
2026-08-14 12:08:10,0.0,1
2026-08-14 12:08:10,0.0,1
2026-08-14 12:08:10,0.0,1
2026-08-14 12:08:10,0.0,1
2026-08-14 12:08:10,0.0,1
2026-08-14 12:08:10,0.0,1
2026-08-14 12:08:10,0.0,1
2026-08-14 12:08:10,0.0,1
2026-08-14 12:08:10,0.0,1
2026-08-14 12:08:10,0.0,1
2026-08-14 12:08:10,0.0,1
2026-08-14 12:08:10,0.0,1
2026-08-14 12:08:10,0.0,1
2026-08-14 12:08:10,0.0,1
2026-08-14 12:08:11,0.0,1
2026-08-14 12:08:11,0.0,1
2026-08-14 12:08:11,0.0,1
2026-08-14 12:08:11,0.0,1
2026-08-14 12:08:11,0.0,1
2026-08-14 12:08:11,0.0,1
2026-08-14 12:08:11,0.0,1
2026-08-14 12:08:11,0.0,1
2026-08-14 12:08:11,0.0,1
2026-08-14 12:08:11,0.0,1
2026-08-14 12:08:11,0.0,1
2026-08-14 12:08:11,0.0,1
2026-08-14 12:08:11,0.0,1
2026-08-14 12:08:11,0.0,1
2026-08-14 12:08:11,0.0,1
2026-08-14 12:08:11,0.0,1
2026-08-14 12:08:11,0.0,1
2026-08-14 12:08:11,0.0,1
2026-08-14 12:08:11,0.0,1
2026-08-14 12:08:11,0.0,1
2026-08-14 12:08:12,0.0,1
2026-08-14 12:08:12,0.0,1
2026-08-14 12:08:12,0.0,1
2026-08-14 12:08:12,0.0,1
2026-08-14 12:08:12,0.0,1
2026-08-14 12:08:12,0.0,1
2026-08-14 12:08:12,0.0,1
2026-08-14 12:08:12,0.0,1
2026-08-14 12:08:12,0.0,1
2026-08-14 12:08:12,0.0,1
2026-08-14 12:08:12,0.0,1
2026-08-14 12:08:12,0.0,1
2026-08-14 12:08:12,0.0,1
2026-08-14 12:08:12,0.0,1
2026-08-14 12:08:12,0.0,1
2026-08-14 12:08:12,0.0,1
2026-08-14 12:08:12,0.0,1
2026-08-14 12:08:12,0.0,1
2026-08-14 12:08:12,0.0,1
2026-08-14 12:08:12,0.0,1
2026-08-14 12:08:13,0.0,1
2026-08-14 12:08:13,0.0,1
2026-08-14 12:08:13,0.0,1
2026-08-14 12:08:13,0.0,1
2026-08-14 12:08:13,0.0,1
2026-08-14 12:08:13,0.0,1
2026-08-14 12:08:13,0.0,1
2026-08-14 12:08:13,0.0,1
2026-08-14 12:08:13,0.0,1
2026-08-14 12:08:13,0.0,1
2026-08-14 12:08:13,0.0,1
2026-08-14 12:08:13,0.0,1
2026-08-14 12:08:13,0.0,1
2026-08-14 12:08:13,0.0,1
2026-08-14 12:08:13,0.0,1
2026-08-14 12:08:13,0.0,1
2026-08-14 12:08:13,0.0,1
2026-08-14 12:08:13,0.0,1
2026-08-14 12:08:13,0.0,1
2026-08-14 12:08:13,0.0,1
2026-08-14 12:08:14,0.0,1
2026-08-14 12:08:14,0.0,1
2026-08-14 12:08:14,0.0,1
2026-08-14 12:08:14,0.0,1
2026-08-14 12:08:14,0.0,1
2026-08-14 12:08:14,0.0,1
2026-08-14 12:08:14,0.0,1
2026-08-14 12:08:14,0.0,1
2026-08-14 12:08:14,0.0,1
2026-08-14 12:08:14,0.0,1
2026-08-14 12:08:14,0.0,1
2026-08-14 12:08:14,0.0,1
2026-08-14 12:08:14,0.0,1
2026-08-14 12:08:14,0.0,1
2026-08-14 12:08:14,0.0,1
2026-08-14 12:08:14,0.0,1
2026-08-14 12:08:14,0.0,1
2026-08-14 12:08:14,0.0,1
2026-08-14 12:08:14,0.0,1
2026-08-14 12:08:14,0.0,1
2026-08-14 12:08:15,0.0,1
2026-08-14 12:08:15,0.0,1
2026-08-14 12:08:15,0.0,1
2026-08-14 12:08:15,0.0,1
2026-08-14 12:08:15,0.0,1
2026-08-14 12:08:15,0.0,1
2026-08-14 12:08:15,0.0,1
2026-08-14 12:08:15,0.0,1
2026-08-14 12:08:15,0.0,1
2026-08-14 12:08:15,0.0,1
2026-08-14 12:08:15,0.0,1
2026-08-14 12:08:15,0.0,1
2026-08-14 12:08:15,0.0,1
2026-08-14 12:08:15,0.0,1
2026-08-14 12:08:15,0.0,1
2026-08-14 12:08:15,0.0,1
2026-08-14 12:08:15,0.0,1
2026-08-14 12:08:15,0.0,1
2026-08-14 12:08:15,0.0,1
2026-08-14 12:08:15,0.0,1
2026-08-14 12:08:16,0.0,1
2026-08-14 12:08:16,0.0,1
2026-08-14 12:08:16,0.0,1
2026-08-14 12:08:16,0.0,1
2026-08-14 12:08:16,0.0,1
2026-08-14 12:08:16,0.0,1
2026-08-14 12:08:16,0.0,1
2026-08-14 12:08:16,0.0,1
2026-08-14 12:08:16,0.0,1
2026-08-14 12:08:16,0.0,1
2026-08-14 12:08:16,0.0,1
2026-08-14 12:08:16,0.0,1
2026-08-14 12:08:16,0.0,1
2026-08-14 12:08:16,0.0,1
2026-08-14 12:08:16,0.0,1
2026-08-14 12:08:16,0.0,1
2026-08-14 12:08:16,0.0,1
2026-08-14 12:08:16,0.0,1
2026-08-14 12:08:16,0.0,1
2026-08-14 12:08:16,0.0,1
2026-08-14 12:08:17,0.0,1
2026-08-14 12:08:17,0.0,1
2026-08-14 12:08:17,0.0,1
2026-08-14 12:08:17,0.0,1
2026-08-14 12:08:17,0.0,1
2026-08-14 12:08:17,0.0,1
2026-08-14 12:08:17,0.0,1
2026-08-14 12:08:17,0.0,1
2026-08-14 12:08:17,0.0,1
2026-08-14 12:08:17,0.0,1
2026-08-14 12:08:17,15.1328125,1
2026-08-14 12:08:17,15.1328125,1
2026-08-14 12:08:17,15.1328125,1
2026-08-14 12:08:17,15.1328125,1
2026-08-14 12:08:17,15.1328125,1
2026-08-14 12:08:17,15.1328125,1
2026-08-14 12:08:17,15.1328125,1
2026-08-14 12:08:17,15.1328125,1
2026-08-14 12:08:17,15.1328125,1
2026-08-14 12:08:17,15.1328125,1
2026-08-14 12:08:18,15.1328125,1
2026-08-14 12:08:18,15.1328125,1
2026-08-14 12:08:18,15.1328125,1
2026-08-14 12:08:18,15.1328125,1
2026-08-14 12:08:18,15.1328125,1
2026-08-14 12:08:18,15.1328125,1
2026-08-14 12:08:18,15.1328125,1
2026-08-14 12:08:18,15.1328125,1
2026-08-14 12:08:18,15.1328125,1
2026-08-14 12:08:18,15.1328125,1
2026-08-14 12:08:18,15.1328125,1
2026-08-14 12:08:18,15.1328125,1
2026-08-14 12:08:18,15.1328125,1
2026-08-14 12:08:18,15.1328125,1
2026-08-14 12:08:18,15.1328125,1
2026-08-14 12:08:18,15.1328125,1
2026-08-14 12:08:18,15.1328125,1
2026-08-14 12:08:18,15.1328125,1
2026-08-14 12:08:18,15.1328125,1
2026-08-14 12:08:18,15.1328125,1
2026-08-14 12:08:19,22.10546875,1
2026-08-14 12:08:19,22.10546875,1
2026-08-14 12:08:19,21.82421875,1
2026-08-14 12:08:19,21.82421875,1
2026-08-14 12:08:19,21.82421875,1
2026-08-14 12:08:19,21.82421875,1
2026-08-14 12:08:19,21.82421875,1
2026-08-14 12:08:19,21.82421875,1
2026-08-14 12:08:19,21.82421875,1
2026-08-14 12:08:19,21.82421875,1
2026-08-14 12:08:19,21.82421875,1
2026-08-14 12:08:19,21.82421875,1
2026-08-14 12:08:19,21.82421875,1
2026-08-14 12:08:19,21.82421875,1
2026-08-14 12:08:19,21.82421875,1
2026-08-14 12:08:19,21.82421875,1
2026-08-14 12:08:19,21.82421875,1
2026-08-14 12:08:19,21.82421875,1
2026-08-14 12:08:19,21.82421875,1
2026-08-14 12:08:19,21.82421875,1
2026-08-14 12:08:20,21.82421875,1
2026-08-14 12:08:20,21.82421875,1
2026-08-14 12:08:20,21.82421875,1
2026-08-14 12:08:20,21.82421875,1
2026-08-14 12:08:20,14.2890625,1
2026-08-14 12:08:20,14.2890625,1
2026-08-14 12:08:20,14.2890625,1
2026-08-14 12:08:20,14.2890625,1
2026-08-14 12:08:20,14.2890625,1
2026-08-14 12:08:20,14.2890625,1
2026-08-14 12:08:20,14.2890625,1
2026-08-14 12:08:20,14.2890625,1
2026-08-14 12:08:20,14.2890625,1
2026-08-14 12:08:20,14.2890625,1
2026-08-14 12:08:20,14.2890625,1
2026-08-14 12:08:20,14.2890625,1
2026-08-14 12:08:20,14.2890625,1
2026-08-14 12:08:20,14.2890625,1
2026-08-14 12:08:20,14.2890625,1
2026-08-14 12:08:20,14.2890625,1
2026-08-14 12:08:21,14.2890625,1
2026-08-14 12:08:21,14.2890625,1
2026-08-14 12:08:21,14.2890625,1
2026-08-14 12:08:21,14.2890625,1
2026-08-14 12:08:21,14.2890625,1
2026-08-14 12:08:21,14.2890625,1
2026-08-14 12:08:21,14.2890625,1
2026-08-14 12:08:21,14.2890625,1
2026-08-14 12:08:21,14.2890625,1
2026-08-14 12:08:21,14.2890625,1
2026-08-14 12:08:21,14.2890625,1
2026-08-14 12:08:21,14.2890625,1
2026-08-14 12:08:21,14.2890625,1
2026-08-14 12:08:21,14.2890625,1
2026-08-14 12:08:21,14.2890625,1
2026-08-14 12:08:21,14.2890625,1
2026-08-14 12:08:21,14.2890625,1
2026-08-14 12:08:21,14.2890625,1
2026-08-14 12:08:21,14.2890625,1
2026-08-14 12:08:21,14.2890625,1
2026-08-14 12:08:22,0.0,1
2026-08-14 12:08:22,0.0,1
2026-08-14 12:08:22,0.0,1
2026-08-14 12:08:22,0.0,1
2026-08-14 12:08:22,0.0,1
2026-08-14 12:08:22,0.0,1
2026-08-14 12:08:22,0.0,1
2026-08-14 12:08:22,0.0,1
2026-08-14 12:08:22,0.0,1
2026-08-14 12:08:22,0.0,1
2026-08-14 12:08:22,0.0,1
2026-08-14 12:08:22,0.0,1
2026-08-14 12:08:22,1.23828125,1
2026-08-14 12:08:22,1.23828125,1
2026-08-14 12:08:22,1.23828125,1
2026-08-14 12:08:22,1.23828125,1
2026-08-14 12:08:22,1.23828125,1
2026-08-14 12:08:22,1.23828125,1
2026-08-14 12:08:22,1.23828125,1
2026-08-14 12:08:22,1.23828125,1
2026-08-14 12:08:23,1.23828125,1
2026-08-14 12:08:23,1.23828125,1
2026-08-14 12:08:23,1.23828125,1
2026-08-14 12:08:23,1.23828125,1
2026-08-14 12:08:23,1.23828125,1
2026-08-14 12:08:23,1.23828125,1
2026-08-14 12:08:23,1.23828125,1
2026-08-14 12:08:23,1.23828125,1
2026-08-14 12:08:23,1.23828125,1
2026-08-14 12:08:23,1.23828125,1
2026-08-14 12:08:23,1.23828125,1
2026-08-14 12:08:23,1.23828125,1
2026-08-14 12:08:23,1.23828125,1
2026-08-14 12:08:23,1.23828125,1
2026-08-14 12:08:23,1.23828125,1
2026-08-14 12:08:23,1.23828125,1
2026-08-14 12:08:23,1.23828125,1
2026-08-14 12:08:23,1.23828125,1
2026-08-14 12:08:23,1.23828125,1
2026-08-14 12:08:23,1.23828125,1
2026-08-14 12:08:24,1.23828125,1
2026-08-14 12:08:24,1.23828125,1
2026-08-14 12:08:24,1.23828125,1
2026-08-14 12:08:24,1.23828125,1
2026-08-14 12:08:24,1.23828125,1
2026-08-14 12:08:24,1.23828125,1
2026-08-14 12:08:24,1.23828125,1
2026-08-14 12:08:24,1.23828125,1
2026-08-14 12:08:24,1.23828125,1
2026-08-14 12:08:24,1.23828125,1
2026-08-14 12:08:24,1.23828125,1
2026-08-14 12:08:24,1.23828125,1
2026-08-14 12:08:24,1.23828125,1
2026-08-14 12:08:24,1.23828125,1
2026-08-14 12:08:24,1.23828125,1
2026-08-14 12:08:24,1.23828125,1
2026-08-14 12:08:24,1.23828125,1
2026-08-14 12:08:24,1.23828125,1
2026-08-14 12:08:24,0.0,1
2026-08-14 12:08:24,0.0,1
2026-08-14 12:08:25,0.0,1
2026-08-14 12:08:25,0.0,1
2026-08-14 12:08:25,0.0,1
2026-08-14 12:08:25,0.0,1
2026-08-14 12:08:25,0.0,1
2026-08-14 12:08:25,0.0,1
2026-08-14 12:08:25,0.0,1
2026-08-14 12:08:25,0.0,1
2026-08-14 12:08:25,0.0,1
2026-08-14 12:08:25,0.0,1
2026-08-14 12:08:25,0.0,1
2026-08-14 12:08:25,0.0,1
2026-08-14 12:08:25,0.0,1
2026-08-14 12:08:25,0.0,1
2026-08-14 12:08:25,0.0,1
2026-08-14 12:08:25,0.0,1
2026-08-14 12:08:25,0.0,1
2026-08-14 12:08:25,0.0,1
2026-08-14 12:08:25,0.0,1
2026-08-14 12:08:25,0.0,1
2026-08-14 12:08:26,0.0,1
2026-08-14 12:08:26,0.0,1
2026-08-14 12:08:26,0.0,1
2026-08-14 12:08:26,0.0,1
2026-08-14 12:08:26,0.0,1
2026-08-14 12:08:26,0.0,1
2026-08-14 12:08:26,0.0,1
2026-08-14 12:08:26,0.0,1
2026-08-14 12:08:26,0.0,1
2026-08-14 12:08:26,0.0,1
2026-08-14 12:08:26,0.0,1
2026-08-14 12:08:26,0.0,1
2026-08-14 12:08:26,0.0,1
2026-08-14 12:08:26,0.0,1
2026-08-14 12:08:26,0.0,1
2026-08-14 12:08:26,0.0,1
2026-08-14 12:08:26,0.0,1
2026-08-14 12:08:26,0.0,1
2026-08-14 12:08:26,0.0,1
2026-08-14 12:08:26,0.0,1
2026-08-14 12:08:27,0.0,1
2026-08-14 12:08:27,0.0,1
2026-08-14 12:08:27,0.0,1
2026-08-14 12:08:27,0.0,1
2026-08-14 12:08:27,0.0,1
2026-08-14 12:08:27,0.0,1
2026-08-14 12:08:27,3.9375,1
2026-08-14 12:08:27,3.9375,1
2026-08-14 12:08:27,3.9375,1
2026-08-14 12:08:27,3.9375,1
2026-08-14 12:08:27,3.9375,1
2026-08-14 12:08:27,3.9375,1
2026-08-14 12:08:27,3.9375,1
2026-08-14 12:08:27,3.9375,1
2026-08-14 12:08:27,3.9375,1
2026-08-14 12:08:27,3.9375,1
2026-08-14 12:08:27,9.39453125,1
2026-08-14 12:08:27,9.39453125,1
2026-08-14 12:08:27,9.39453125,1
2026-08-14 12:08:27,9.39453125,1
2026-08-14 12:08:28,9.39453125,1
2026-08-14 12:08:28,9.39453125,1
2026-08-14 12:08:28,9.39453125,1
2026-08-14 12:08:28,9.39453125,1
2026-08-14 12:08:28,9.39453125,1
2026-08-14 12:08:28,9.39453125,1
2026-08-14 12:08:28,9.39453125,1
2026-08-14 12:08:28,9.39453125,1
2026-08-14 12:08:28,9.39453125,1
2026-08-14 12:08:28,9.39453125,1
2026-08-14 12:08:28,9.39453125,1
2026-08-14 12:08:28,9.39453125,1
2026-08-14 12:08:28,9.39453125,1
2026-08-14 12:08:28,9.39453125,1
2026-08-14 12:08:28,9.39453125,1
2026-08-14 12:08:28,9.39453125,1
2026-08-14 12:08:28,9.39453125,1
2026-08-14 12:08:28,9.39453125,1
2026-08-14 12:08:28,9.39453125,1
2026-08-14 12:08:28,9.39453125,1
2026-08-14 12:08:29,33.46875,1
2026-08-14 12:08:29,33.46875,1
2026-08-14 12:08:29,33.46875,1
2026-08-14 12:08:29,33.46875,1
2026-08-14 12:08:29,33.46875,1
2026-08-14 12:08:29,33.46875,1
2026-08-14 12:08:29,33.46875,1
2026-08-14 12:08:29,33.46875,1
2026-08-14 12:08:29,33.46875,1
2026-08-14 12:08:29,33.46875,1
2026-08-14 12:08:29,48.8828125,1
2026-08-14 12:08:29,48.8828125,1
2026-08-14 12:08:29,48.8828125,1
2026-08-14 12:08:29,48.8828125,1
2026-08-14 12:08:29,48.8828125,1
2026-08-14 12:08:29,48.8828125,1
2026-08-14 12:08:29,48.8828125,1
2026-08-14 12:08:29,48.8828125,1
2026-08-14 12:08:29,48.8828125,1
2026-08-14 12:08:29,48.8828125,1
2026-08-14 12:08:30,48.8828125,1
2026-08-14 12:08:30,48.8828125,1
2026-08-14 12:08:30,64.3515625,1
2026-08-14 12:08:30,64.3515625,1
2026-08-14 12:08:30,64.3515625,1
2026-08-14 12:08:30,64.3515625,1
2026-08-14 12:08:30,64.3515625,1
2026-08-14 12:08:30,64.3515625,1
2026-08-14 12:08:30,64.3515625,1
2026-08-14 12:08:30,64.3515625,1
2026-08-14 12:08:30,64.3515625,1
2026-08-14 12:08:30,64.3515625,1
2026-08-14 12:08:30,64.3515625,1
2026-08-14 12:08:30,64.3515625,1
2026-08-14 12:08:30,64.3515625,1
2026-08-14 12:08:30,64.3515625,1
2026-08-14 12:08:30,78.75,1
2026-08-14 12:08:30,78.75,1
2026-08-14 12:08:30,78.75,1
2026-08-14 12:08:30,78.75,1
2026-08-14 12:08:31,78.75,1
2026-08-14 12:08:31,78.75,1
2026-08-14 12:08:31,78.75,1
2026-08-14 12:08:31,78.75,1
2026-08-14 12:08:31,78.75,1
2026-08-14 12:08:31,78.75,1
2026-08-14 12:08:31,78.75,1
2026-08-14 12:08:31,78.75,1
2026-08-14 12:08:31,73.29296875,1
2026-08-14 12:08:31,73.29296875,1
2026-08-14 12:08:31,73.29296875,1
2026-08-14 12:08:31,73.29296875,1
2026-08-14 12:08:31,73.29296875,1
2026-08-14 12:08:31,73.29296875,1
2026-08-14 12:08:31,73.29296875,1
2026-08-14 12:08:31,73.29296875,1
2026-08-14 12:08:31,73.29296875,1
2026-08-14 12:08:31,73.29296875,1
2026-08-14 12:08:31,74.92578125,1
2026-08-14 12:08:31,74.92578125,1
2026-08-14 12:08:32,74.92578125,1
2026-08-14 12:08:32,74.92578125,1
2026-08-14 12:08:32,74.92578125,1
2026-08-14 12:08:32,74.92578125,1
2026-08-14 12:08:32,74.92578125,1
2026-08-14 12:08:32,74.92578125,1
2026-08-14 12:08:32,74.92578125,1
2026-08-14 12:08:32,74.92578125,1
2026-08-14 12:08:32,74.92578125,1
2026-08-14 12:08:32,74.92578125,1
2026-08-14 12:08:32,74.92578125,1
2026-08-14 12:08:32,74.92578125,1
2026-08-14 12:08:32,74.92578125,1
2026-08-14 12:08:32,74.92578125,1
2026-08-14 12:08:32,74.92578125,1
2026-08-14 12:08:32,74.92578125,1
2026-08-14 12:08:32,74.92578125,1
2026-08-14 12:08:32,74.92578125,1
2026-08-14 12:08:32,74.92578125,1
2026-08-14 12:08:32,74.92578125,1
2026-08-14 12:08:33,81.28125,1
2026-08-14 12:08:33,81.28125,1
2026-08-14 12:08:33,81.28125,1
2026-08-14 12:08:33,81.28125,1
2026-08-14 12:08:33,81.28125,1
2026-08-14 12:08:33,81.28125,1
2026-08-14 12:08:33,81.28125,1
2026-08-14 12:08:33,81.28125,1
2026-08-14 12:08:33,81.28125,1
2026-08-14 12:08:33,81.28125,1
2026-08-14 12:08:33,81.28125,1
2026-08-14 12:08:33,81.28125,1
2026-08-14 12:08:33,82.125,1
2026-08-14 12:08:33,82.125,1
2026-08-14 12:08:33,82.01171875,1
2026-08-14 12:08:33,82.01171875,1
2026-08-14 12:08:33,82.01171875,1
2026-08-14 12:08:33,82.01171875,1
2026-08-14 12:08:33,82.01171875,1
2026-08-14 12:08:33,82.01171875,1
2026-08-14 12:08:34,82.01171875,1
2026-08-14 12:08:34,82.01171875,1
2026-08-14 12:08:34,82.01171875,1
2026-08-14 12:08:34,82.01171875,1
2026-08-14 12:08:34,83.3046875,1
2026-08-14 12:08:34,83.3046875,1
2026-08-14 12:08:34,83.3046875,1
2026-08-14 12:08:34,83.3046875,1
2026-08-14 12:08:34,83.3046875,1
2026-08-14 12:08:34,83.3046875,1
2026-08-14 12:08:34,83.3046875,1
2026-08-14 12:08:34,83.3046875,1
2026-08-14 12:08:34,83.3046875,1
2026-08-14 12:08:34,83.3046875,1
2026-08-14 12:08:34,83.3046875,1
2026-08-14 12:08:34,83.3046875,1
2026-08-14 12:08:34,83.3046875,1
2026-08-14 12:08:34,83.3046875,1
2026-08-14 12:08:34,83.3046875,1
2026-08-14 12:08:34,83.3046875,1
2026-08-14 12:08:35,83.3046875,1
2026-08-14 12:08:35,83.3046875,1
2026-08-14 12:08:35,83.3046875,1
2026-08-14 12:08:35,83.3046875,1
2026-08-14 12:08:35,81.39453125,1
2026-08-14 12:08:35,81.39453125,1
2026-08-14 12:08:35,81.11328125,1
2026-08-14 12:08:35,81.11328125,1
2026-08-14 12:08:35,81.11328125,1
2026-08-14 12:08:35,81.11328125,1
2026-08-14 12:08:35,81.11328125,1
2026-08-14 12:08:35,81.11328125,1
2026-08-14 12:08:35,81.11328125,1
2026-08-14 12:08:35,81.11328125,1
2026-08-14 12:08:35,81.11328125,1
2026-08-14 12:08:35,81.11328125,1
2026-08-14 12:08:35,81.11328125,1
2026-08-14 12:08:35,81.11328125,1
2026-08-14 12:08:35,81.11328125,1
2026-08-14 12:08:35,81.11328125,1
2026-08-14 12:08:36,81.11328125,1
2026-08-14 12:08:36,81.11328125,1
2026-08-14 12:08:36,81.11328125,1
2026-08-14 12:08:36,81.11328125,1
2026-08-14 12:08:36,81.11328125,1
2026-08-14 12:08:36,81.11328125,1
2026-08-14 12:08:36,81.11328125,1
2026-08-14 12:08:36,81.11328125,1
2026-08-14 12:08:36,81.11328125,1
2026-08-14 12:08:36,81.11328125,1
2026-08-14 12:08:36,81.11328125,1
2026-08-14 12:08:36,81.11328125,1
2026-08-14 12:08:36,81.11328125,1
2026-08-14 12:08:36,81.11328125,1
2026-08-14 12:08:36,81.11328125,1
2026-08-14 12:08:36,81.11328125,1
2026-08-14 12:08:36,81.11328125,1
2026-08-14 12:08:36,81.11328125,1
2026-08-14 12:08:36,81.11328125,1
2026-08-14 12:08:36,81.11328125,1
2026-08-14 12:08:37,81.11328125,1
2026-08-14 12:08:37,81.11328125,1
2026-08-14 12:08:37,81.11328125,1
2026-08-14 12:08:37,81.11328125,1
2026-08-14 12:08:37,81.11328125,1
2026-08-14 12:08:37,81.11328125,1
2026-08-14 12:08:37,81.11328125,1
2026-08-14 12:08:37,81.11328125,1
2026-08-14 12:08:37,81.11328125,1
2026-08-14 12:08:37,81.11328125,1
2026-08-14 12:08:37,81.11328125,1
2026-08-14 12:08:37,81.11328125,1
2026-08-14 12:08:37,77.45703125,1
2026-08-14 12:08:37,77.45703125,1
2026-08-14 12:08:37,77.45703125,1
2026-08-14 12:08:37,77.45703125,1
2026-08-14 12:08:37,77.45703125,1
2026-08-14 12:08:37,77.45703125,1
2026-08-14 12:08:37,77.45703125,1
2026-08-14 12:08:37,77.45703125,1
2026-08-14 12:08:38,77.45703125,1
2026-08-14 12:08:38,77.45703125,1
2026-08-14 12:08:38,77.45703125,1
2026-08-14 12:08:38,77.45703125,1
2026-08-14 12:08:38,77.45703125,1
2026-08-14 12:08:38,77.45703125,1
2026-08-14 12:08:38,77.45703125,1
2026-08-14 12:08:38,77.45703125,1
2026-08-14 12:08:38,77.45703125,1
2026-08-14 12:08:38,77.45703125,1
2026-08-14 12:08:38,77.45703125,1
2026-08-14 12:08:38,77.45703125,1
2026-08-14 12:08:38,77.45703125,1
2026-08-14 12:08:38,77.45703125,1
2026-08-14 12:08:38,77.45703125,1
2026-08-14 12:08:38,77.45703125,1
2026-08-14 12:08:38,77.45703125,1
2026-08-14 12:08:38,77.45703125,1
2026-08-14 12:08:38,77.45703125,1
2026-08-14 12:08:38,77.45703125,1
2026-08-14 12:08:39,77.45703125,1
2026-08-14 12:08:39,77.45703125,1
2026-08-14 12:08:39,77.45703125,1
2026-08-14 12:08:39,77.45703125,1
2026-08-14 12:08:39,77.45703125,1
2026-08-14 12:08:39,77.45703125,1
2026-08-14 12:08:39,77.45703125,1
2026-08-14 12:08:39,77.45703125,1
2026-08-14 12:08:39,77.45703125,1
2026-08-14 12:08:39,77.45703125,1
2026-08-14 12:08:39,77.45703125,1
2026-08-14 12:08:39,77.45703125,1
2026-08-14 12:08:39,77.45703125,1
2026-08-14 12:08:39,77.45703125,1
2026-08-14 12:08:39,77.45703125,1
2026-08-14 12:08:39,77.45703125,1
2026-08-14 12:08:39,77.45703125,1
2026-08-14 12:08:39,77.45703125,1
2026-08-14 12:08:39,73.01171875,1
2026-08-14 12:08:39,73.01171875,1
2026-08-14 12:08:40,73.01171875,1
2026-08-14 12:08:40,73.01171875,1
2026-08-14 12:08:40,73.01171875,1
2026-08-14 12:08:40,73.01171875,1
2026-08-14 12:08:40,73.01171875,1
2026-08-14 12:08:40,73.01171875,1
2026-08-14 12:08:40,73.01171875,1
2026-08-14 12:08:40,73.01171875,1
2026-08-14 12:08:40,73.01171875,1
2026-08-14 12:08:40,73.01171875,1
2026-08-14 12:08:40,73.01171875,1
2026-08-14 12:08:40,73.01171875,1
2026-08-14 12:08:40,73.01171875,1
2026-08-14 12:08:40,73.01171875,1
2026-08-14 12:08:40,73.01171875,1
2026-08-14 12:08:40,73.01171875,1
2026-08-14 12:08:40,73.01171875,1
2026-08-14 12:08:40,73.01171875,1
2026-08-14 12:08:40,73.01171875,1
2026-08-14 12:08:40,73.01171875,1
2026-08-14 12:08:41,73.01171875,1
2026-08-14 12:08:41,73.01171875,1
2026-08-14 12:08:41,73.01171875,1
2026-08-14 12:08:41,73.01171875,1
2026-08-14 12:08:41,73.01171875,1
2026-08-14 12:08:41,73.01171875,1
2026-08-14 12:08:41,73.01171875,1
2026-08-14 12:08:41,73.01171875,1
2026-08-14 12:08:41,73.01171875,1
2026-08-14 12:08:41,73.01171875,1
2026-08-14 12:08:41,73.01171875,1
2026-08-14 12:08:41,73.01171875,1
2026-08-14 12:08:41,73.01171875,1
2026-08-14 12:08:41,73.01171875,1
2026-08-14 12:08:41,73.01171875,1
2026-08-14 12:08:41,73.01171875,1
2026-08-14 12:08:41,73.01171875,1
2026-08-14 12:08:41,73.01171875,1
2026-08-14 12:08:41,73.01171875,1
2026-08-14 12:08:41,73.01171875,1
2026-08-14 12:08:42,73.01171875,1
2026-08-14 12:08:42,73.01171875,1
2026-08-14 12:08:42,46.4609375,1
2026-08-14 12:08:42,46.4609375,1
2026-08-14 12:08:42,45.95703125,1
2026-08-14 12:08:42,45.95703125,1
2026-08-14 12:08:42,45.95703125,1
2026-08-14 12:08:42,45.95703125,1
2026-08-14 12:08:42,45.95703125,1
2026-08-14 12:08:42,45.95703125,1
2026-08-14 12:08:42,45.95703125,1
2026-08-14 12:08:42,45.95703125,1
2026-08-14 12:08:42,45.95703125,1
2026-08-14 12:08:42,45.95703125,1
2026-08-14 12:08:42,45.95703125,1
2026-08-14 12:08:42,45.95703125,1
2026-08-14 12:08:42,45.95703125,1
2026-08-14 12:08:42,45.95703125,1
2026-08-14 12:08:42,45.95703125,1
2026-08-14 12:08:42,45.95703125,1
2026-08-14 12:08:43,45.95703125,1
2026-08-14 12:08:43,45.95703125,1
2026-08-14 12:08:43,45.95703125,1
2026-08-14 12:08:43,45.95703125,1
2026-08-14 12:08:43,45.95703125,1
2026-08-14 12:08:43,45.95703125,1
2026-08-14 12:08:43,45.95703125,1
2026-08-14 12:08:43,45.95703125,1
2026-08-14 12:08:43,30.4296875,1
2026-08-14 12:08:43,30.4296875,1
2026-08-14 12:08:43,30.4296875,1
2026-08-14 12:08:43,30.4296875,1
2026-08-14 12:08:43,30.4296875,1
2026-08-14 12:08:43,30.4296875,1
2026-08-14 12:08:43,30.4296875,1
2026-08-14 12:08:43,30.4296875,1
2026-08-14 12:08:43,39.375,1
2026-08-14 12:08:43,39.375,1
2026-08-14 12:08:43,39.375,1
2026-08-14 12:08:43,39.375,1
2026-08-14 12:08:44,39.375,1
2026-08-14 12:08:44,39.375,1
2026-08-14 12:08:44,39.375,1
2026-08-14 12:08:44,39.375,1
2026-08-14 12:08:44,39.375,1
2026-08-14 12:08:44,39.375,1
2026-08-14 12:08:44,39.375,1
2026-08-14 12:08:44,39.375,1
2026-08-14 12:08:44,38.98046875,1
2026-08-14 12:08:44,38.98046875,1
2026-08-14 12:08:44,38.98046875,1
2026-08-14 12:08:44,38.98046875,1
2026-08-14 12:08:44,38.98046875,1
2026-08-14 12:08:44,38.98046875,1
2026-08-14 12:08:44,38.98046875,1
2026-08-14 12:08:44,38.98046875,1
2026-08-14 12:08:44,36.8984375,1
2026-08-14 12:08:44,36.8984375,1
2026-08-14 12:08:44,36.8984375,1
2026-08-14 12:08:44,36.8984375,1
2026-08-14 12:08:45,36.8984375,1
2026-08-14 12:08:45,36.8984375,1
2026-08-14 12:08:45,36.8984375,1
2026-08-14 12:08:45,36.8984375,1
2026-08-14 12:08:45,36.8984375,1
2026-08-14 12:08:45,36.8984375,1
2026-08-14 12:08:45,36.8984375,1
2026-08-14 12:08:45,36.8984375,1
2026-08-14 12:08:45,36.8984375,1
2026-08-14 12:08:45,36.8984375,1
2026-08-14 12:08:45,36.8984375,1
2026-08-14 12:08:45,36.8984375,1
2026-08-14 12:08:45,36.8984375,1
2026-08-14 12:08:45,36.8984375,1
2026-08-14 12:08:45,36.8984375,1
2026-08-14 12:08:45,36.8984375,1
2026-08-14 12:08:45,36.8984375,1
2026-08-14 12:08:45,36.8984375,1
2026-08-14 12:08:45,36.8984375,1
2026-08-14 12:08:45,36.8984375,1
2026-08-14 12:08:46,36.8984375,1
2026-08-14 12:08:46,36.8984375,1
2026-08-14 12:08:46,49.8359375,1
2026-08-14 12:08:46,49.8359375,1
2026-08-14 12:08:46,49.8359375,1
2026-08-14 12:08:46,49.8359375,1
2026-08-14 12:08:46,49.8359375,1
2026-08-14 12:08:46,49.8359375,1
2026-08-14 12:08:46,49.8359375,1
2026-08-14 12:08:46,49.8359375,1
2026-08-14 12:08:46,49.8359375,1
2026-08-14 12:08:46,49.8359375,1
2026-08-14 12:08:46,49.8359375,1
2026-08-14 12:08:46,49.8359375,1
2026-08-14 12:08:46,60.1328125,1
2026-08-14 12:08:46,60.1328125,1
2026-08-14 12:08:46,60.1328125,1
2026-08-14 12:08:46,60.1328125,1
2026-08-14 12:08:46,60.1328125,1
2026-08-14 12:08:46,60.1328125,1
2026-08-14 12:08:47,60.1328125,1
2026-08-14 12:08:47,60.1328125,1
2026-08-14 12:08:47,60.1328125,1
2026-08-14 12:08:47,60.1328125,1
2026-08-14 12:08:47,75.7109375,1
2026-08-14 12:08:47,75.7109375,1
2026-08-14 12:08:47,75.7109375,1
2026-08-14 12:08:47,75.7109375,1
2026-08-14 12:08:47,75.7109375,1
2026-08-14 12:08:47,75.7109375,1
2026-08-14 12:08:47,75.7109375,1
2026-08-14 12:08:47,75.7109375,1
2026-08-14 12:08:47,75.7109375,1
2026-08-14 12:08:47,75.7109375,1
2026-08-14 12:08:47,75.7109375,1
2026-08-14 12:08:47,75.7109375,1
2026-08-14 12:08:47,75.7109375,1
2026-08-14 12:08:47,75.7109375,1
2026-08-14 12:08:47,75.7109375,1
2026-08-14 12:08:47,75.7109375,1
2026-08-14 12:08:48,75.7109375,1
2026-08-14 12:08:48,75.7109375,1
2026-08-14 12:08:48,75.7109375,1
2026-08-14 12:08:48,75.7109375,1
2026-08-14 12:08:48,75.7109375,1
2026-08-14 12:08:48,75.7109375,1
2026-08-14 12:08:48,75.7109375,1
2026-08-14 12:08:48,75.7109375,1
2026-08-14 12:08:48,75.7109375,1
2026-08-14 12:08:48,75.7109375,1
2026-08-14 12:08:48,75.7109375,1
2026-08-14 12:08:48,75.7109375,1
2026-08-14 12:08:48,75.7109375,1
2026-08-14 12:08:48,75.7109375,1
2026-08-14 12:08:48,75.7109375,1
2026-08-14 12:08:48,75.7109375,1
2026-08-14 12:08:48,75.7109375,1
2026-08-14 12:08:48,75.7109375,1
2026-08-14 12:08:48,75.7109375,1
2026-08-14 12:08:48,75.7109375,1
2026-08-14 12:08:49,75.7109375,1
2026-08-14 12:08:49,75.7109375,1
2026-08-14 12:08:49,75.7109375,1
2026-08-14 12:08:49,75.7109375,1
2026-08-14 12:08:49,75.7109375,1
2026-08-14 12:08:49,75.7109375,1
2026-08-14 12:08:49,75.7109375,1
2026-08-14 12:08:49,75.7109375,1
2026-08-14 12:08:49,75.7109375,1
2026-08-14 12:08:49,75.7109375,1
2026-08-14 12:08:49,75.7109375,1
2026-08-14 12:08:49,75.7109375,1
2026-08-14 12:08:49,75.7109375,1
2026-08-14 12:08:49,75.7109375,1
2026-08-14 12:08:49,75.0390625,1
2026-08-14 12:08:49,75.0390625,1
2026-08-14 12:08:49,75.0390625,1
2026-08-14 12:08:49,75.0390625,1
2026-08-14 12:08:49,75.0390625,1
2026-08-14 12:08:49,75.0390625,1
2026-08-14 12:08:50,75.0390625,1
2026-08-14 12:08:50,75.0390625,1
2026-08-14 12:08:50,75.0390625,1
2026-08-14 12:08:50,75.0390625,1
2026-08-14 12:08:50,76.61328125,1
2026-08-14 12:08:50,76.61328125,1
2026-08-14 12:08:50,79.3125,1
2026-08-14 12:08:50,79.3125,1
2026-08-14 12:08:50,79.3125,1
2026-08-14 12:08:50,79.3125,1
2026-08-14 12:08:50,79.3125,1
2026-08-14 12:08:50,79.3125,1
2026-08-14 12:08:50,79.3125,1
2026-08-14 12:08:50,79.3125,1
2026-08-14 12:08:50,79.3125,1
2026-08-14 12:08:50,79.3125,1
2026-08-14 12:08:50,79.3125,1
2026-08-14 12:08:50,79.3125,1
2026-08-14 12:08:50,79.3125,1
2026-08-14 12:08:50,79.3125,1
2026-08-14 12:08:51,79.3125,1
2026-08-14 12:08:51,79.3125,1
2026-08-14 12:08:51,79.3125,1
2026-08-14 12:08:51,79.3125,1
2026-08-14 12:08:51,79.3125,1
2026-08-14 12:08:51,79.3125,1
2026-08-14 12:08:51,79.3125,1
2026-08-14 12:08:51,79.3125,1
2026-08-14 12:08:51,79.3125,1
2026-08-14 12:08:51,79.3125,1
2026-08-14 12:08:51,79.3125,1
2026-08-14 12:08:51,79.3125,1
2026-08-14 12:08:51,79.3125,1
2026-08-14 12:08:51,79.3125,1
2026-08-14 12:08:51,79.3125,1
2026-08-14 12:08:51,79.3125,1
2026-08-14 12:08:51,79.3125,1
2026-08-14 12:08:51,79.3125,1
2026-08-14 12:08:51,79.3125,1
2026-08-14 12:08:51,79.3125,1
2026-08-14 12:08:52,73.125,1
2026-08-14 12:08:52,73.125,1
2026-08-14 12:08:52,73.125,1
2026-08-14 12:08:52,73.125,1
2026-08-14 12:08:52,73.125,1
2026-08-14 12:08:52,73.125,1
2026-08-14 12:08:52,73.125,1
2026-08-14 12:08:52,73.125,1
2026-08-14 12:08:52,73.125,1
2026-08-14 12:08:52,73.125,1
2026-08-14 12:08:52,73.125,1
2026-08-14 12:08:52,73.125,1
2026-08-14 12:08:52,66.54296875,1
2026-08-14 12:08:52,66.54296875,1
2026-08-14 12:08:52,66.54296875,1
2026-08-14 12:08:52,66.54296875,1
2026-08-14 12:08:52,66.54296875,1
2026-08-14 12:08:52,66.54296875,1
2026-08-14 12:08:52,66.54296875,1
2026-08-14 12:08:52,66.54296875,1
2026-08-14 12:08:53,66.54296875,1
2026-08-14 12:08:53,66.54296875,1
2026-08-14 12:08:53,66.54296875,1
2026-08-14 12:08:53,66.54296875,1
2026-08-14 12:08:53,66.54296875,1
2026-08-14 12:08:53,66.54296875,1
2026-08-14 12:08:53,66.54296875,1
2026-08-14 12:08:53,66.54296875,1
2026-08-14 12:08:53,66.54296875,1
2026-08-14 12:08:53,66.54296875,1
2026-08-14 12:08:53,66.54296875,1
2026-08-14 12:08:53,66.54296875,1
2026-08-14 12:08:53,66.54296875,1
2026-08-14 12:08:53,66.54296875,1
2026-08-14 12:08:53,66.54296875,1
2026-08-14 12:08:53,66.54296875,1
2026-08-14 12:08:53,66.54296875,1
2026-08-14 12:08:53,66.54296875,1
2026-08-14 12:08:53,66.54296875,1
2026-08-14 12:08:53,66.54296875,1
2026-08-14 12:08:54,66.54296875,1
2026-08-14 12:08:54,66.54296875,1
2026-08-14 12:08:54,55.85546875,1
2026-08-14 12:08:54,55.85546875,1
2026-08-14 12:08:54,55.85546875,1
2026-08-14 12:08:54,55.85546875,1
2026-08-14 12:08:54,55.85546875,1
2026-08-14 12:08:54,55.85546875,1
2026-08-14 12:08:54,55.85546875,1
2026-08-14 12:08:54,55.85546875,1
2026-08-14 12:08:54,55.85546875,1
2026-08-14 12:08:54,55.85546875,1
2026-08-14 12:08:54,55.85546875,1
2026-08-14 12:08:54,55.85546875,1
2026-08-14 12:08:54,55.85546875,1
2026-08-14 12:08:54,55.85546875,1
2026-08-14 12:08:54,55.85546875,1
2026-08-14 12:08:54,55.85546875,1
2026-08-14 12:08:54,55.85546875,1
2026-08-14 12:08:54,55.85546875,1
2026-08-14 12:08:55,55.85546875,1
2026-08-14 12:08:55,55.85546875,1
2026-08-14 12:08:55,55.85546875,1
2026-08-14 12:08:55,55.85546875,1
2026-08-14 12:08:55,55.85546875,1
2026-08-14 12:08:55,55.85546875,1
2026-08-14 12:08:55,55.85546875,1
2026-08-14 12:08:55,55.85546875,1
2026-08-14 12:08:55,80.55078125,1
2026-08-14 12:08:55,80.55078125,1
2026-08-14 12:08:55,80.55078125,1
2026-08-14 12:08:55,80.55078125,1
2026-08-14 12:08:55,80.55078125,1
2026-08-14 12:08:55,80.55078125,1
2026-08-14 12:08:55,80.55078125,1
2026-08-14 12:08:55,80.55078125,1
2026-08-14 12:08:55,80.55078125,1
2026-08-14 12:08:55,80.55078125,1
2026-08-14 12:08:55,85.4453125,1
2026-08-14 12:08:55,85.4453125,1
2026-08-14 12:08:56,85.4453125,1
2026-08-14 12:08:56,85.4453125,1
2026-08-14 12:08:56,85.4453125,1
2026-08-14 12:08:56,85.4453125,1
2026-08-14 12:08:56,85.4453125,1
2026-08-14 12:08:56,85.4453125,1
2026-08-14 12:08:56,85.4453125,1
2026-08-14 12:08:56,85.4453125,1
2026-08-14 12:08:56,85.4453125,1
2026-08-14 12:08:56,85.4453125,1
2026-08-14 12:08:56,85.4453125,1
2026-08-14 12:08:56,85.4453125,1
2026-08-14 12:08:56,85.4453125,1
2026-08-14 12:08:56,85.4453125,1
2026-08-14 12:08:56,85.4453125,1
2026-08-14 12:08:56,85.4453125,1
2026-08-14 12:08:56,85.4453125,1
2026-08-14 12:08:56,85.4453125,1
2026-08-14 12:08:56,85.4453125,1
2026-08-14 12:08:56,85.4453125,1
2026-08-14 12:08:57,85.4453125,1
2026-08-14 12:08:57,85.4453125,1
2026-08-14 12:08:57,80.32421875,1
2026-08-14 12:08:57,80.32421875,1
2026-08-14 12:08:57,80.32421875,1
2026-08-14 12:08:57,80.32421875,1
2026-08-14 12:08:57,80.32421875,1
2026-08-14 12:08:57,80.32421875,1
2026-08-14 12:08:57,80.32421875,1
2026-08-14 12:08:57,80.32421875,1
2026-08-14 12:08:57,80.32421875,1
2026-08-14 12:08:57,80.32421875,1
2026-08-14 12:08:57,80.32421875,1
2026-08-14 12:08:57,80.32421875,1
2026-08-14 12:08:57,80.9453125,1
2026-08-14 12:08:57,80.9453125,1
2026-08-14 12:08:57,80.9453125,1
2026-08-14 12:08:57,80.9453125,1
2026-08-14 12:08:57,80.9453125,1
2026-08-14 12:08:57,80.9453125,1
2026-08-14 12:08:58,80.9453125,1
2026-08-14 12:08:58,80.9453125,1
2026-08-14 12:08:58,80.4375,1
2026-08-14 12:08:58,80.4375,1
2026-08-14 12:08:58,80.4375,1
2026-08-14 12:08:58,80.4375,1
2026-08-14 12:08:58,80.4375,1
2026-08-14 12:08:58,80.4375,1
2026-08-14 12:08:58,80.4375,1
2026-08-14 12:08:58,80.4375,1
2026-08-14 12:08:58,80.4375,1
2026-08-14 12:08:58,80.4375,1
2026-08-14 12:08:58,80.4375,1
2026-08-14 12:08:58,80.4375,1
2026-08-14 12:08:58,80.4375,1
2026-08-14 12:08:58,80.4375,1
2026-08-14 12:08:58,81.11328125,1
2026-08-14 12:08:58,81.11328125,1
2026-08-14 12:08:58,81.11328125,1
2026-08-14 12:08:58,81.11328125,1
2026-08-14 12:08:59,81.11328125,1
2026-08-14 12:08:59,81.11328125,1
2026-08-14 12:08:59,81.11328125,1
2026-08-14 12:08:59,81.11328125,1
2026-08-14 12:08:59,81.11328125,1
2026-08-14 12:08:59,81.11328125,1
2026-08-14 12:08:59,74.41796875,1
2026-08-14 12:08:59,74.41796875,1
2026-08-14 12:08:59,74.41796875,1
2026-08-14 12:08:59,74.41796875,1
2026-08-14 12:08:59,74.41796875,1
2026-08-14 12:08:59,74.41796875,1
2026-08-14 12:08:59,74.41796875,1
2026-08-14 12:08:59,74.41796875,1
2026-08-14 12:08:59,74.41796875,1
2026-08-14 12:08:59,74.41796875,1
2026-08-14 12:08:59,74.41796875,1
2026-08-14 12:08:59,74.41796875,1
2026-08-14 12:08:59,74.41796875,1
2026-08-14 12:08:59,74.41796875,1
2026-08-14 12:09:00,74.41796875,1
2026-08-14 12:09:00,74.41796875,1
2026-08-14 12:09:00,74.41796875,1
2026-08-14 12:09:00,74.41796875,1
2026-08-14 12:09:00,74.41796875,1
2026-08-14 12:09:00,74.41796875,1
2026-08-14 12:09:00,74.41796875,1
2026-08-14 12:09:00,74.41796875,1
2026-08-14 12:09:00,75.4296875,1
2026-08-14 12:09:00,75.4296875,1
2026-08-14 12:09:00,75.4296875,1
2026-08-14 12:09:00,75.4296875,1
2026-08-14 12:09:00,75.4296875,1
2026-08-14 12:09:00,75.4296875,1
2026-08-14 12:09:00,75.4296875,1
2026-08-14 12:09:00,75.4296875,1
2026-08-14 12:09:00,75.4296875,1
2026-08-14 12:09:00,75.4296875,1
2026-08-14 12:09:00,75.4296875,1
2026-08-14 12:09:00,75.4296875,1
2026-08-14 12:09:01,75.4296875,1
2026-08-14 12:09:01,75.4296875,1
2026-08-14 12:09:01,75.4296875,1
2026-08-14 12:09:01,75.4296875,1
2026-08-14 12:09:01,75.4296875,1
2026-08-14 12:09:01,75.4296875,1
2026-08-14 12:09:01,75.4296875,1
2026-08-14 12:09:01,75.4296875,1
2026-08-14 12:09:01,75.4296875,1
2026-08-14 12:09:01,75.4296875,1
2026-08-14 12:09:01,75.4296875,1
2026-08-14 12:09:01,75.4296875,1
2026-08-14 12:09:01,73.40625,1
2026-08-14 12:09:01,73.40625,1
2026-08-14 12:09:01,73.40625,1
2026-08-14 12:09:01,73.40625,1
2026-08-14 12:09:01,73.40625,1
2026-08-14 12:09:01,73.40625,1
2026-08-14 12:09:01,73.40625,1
2026-08-14 12:09:01,73.40625,1
2026-08-14 12:09:02,73.40625,1
2026-08-14 12:09:02,73.40625,1
2026-08-14 12:09:02,73.40625,1
2026-08-14 12:09:02,73.40625,1
2026-08-14 12:09:02,73.40625,1
2026-08-14 12:09:02,73.40625,1
2026-08-14 12:09:02,73.40625,1
2026-08-14 12:09:02,73.40625,1
2026-08-14 12:09:02,73.40625,1
2026-08-14 12:09:02,73.40625,1
2026-08-14 12:09:02,73.40625,1
2026-08-14 12:09:02,73.40625,1
2026-08-14 12:09:02,73.40625,1
2026-08-14 12:09:02,73.40625,1
2026-08-14 12:09:02,73.40625,1
2026-08-14 12:09:02,73.40625,1
2026-08-14 12:09:02,73.40625,1
2026-08-14 12:09:02,73.40625,1
2026-08-14 12:09:02,73.40625,1
2026-08-14 12:09:02,73.40625,1
2026-08-14 12:09:03,73.40625,1
2026-08-14 12:09:03,73.40625,1
2026-08-14 12:09:03,73.40625,1
2026-08-14 12:09:03,73.40625,1
2026-08-14 12:09:03,73.40625,1
2026-08-14 12:09:03,73.40625,1
2026-08-14 12:09:03,73.40625,1
2026-08-14 12:09:03,73.40625,1
2026-08-14 12:09:03,73.40625,1
2026-08-14 12:09:03,73.40625,1
2026-08-14 12:09:03,73.40625,1
2026-08-14 12:09:03,73.40625,1
2026-08-14 12:09:03,73.40625,1
2026-08-14 12:09:03,73.40625,1
2026-08-14 12:09:03,73.40625,1
2026-08-14 12:09:03,73.40625,1
2026-08-14 12:09:03,73.40625,1
2026-08-14 12:09:03,73.40625,1
2026-08-14 12:09:03,73.40625,1
2026-08-14 12:09:03,73.40625,1
2026-08-14 12:09:04,73.40625,1
2026-08-14 12:09:04,73.40625,1
2026-08-14 12:09:04,73.40625,1
2026-08-14 12:09:04,73.40625,1
2026-08-14 12:09:04,73.40625,1
2026-08-14 12:09:04,73.40625,1
2026-08-14 12:09:04,73.40625,1
2026-08-14 12:09:04,73.40625,1
2026-08-14 12:09:04,73.40625,1
2026-08-14 12:09:04,73.40625,1
2026-08-14 12:09:04,73.40625,1
2026-08-14 12:09:04,73.40625,1
2026-08-14 12:09:04,10.01171875,1
2026-08-14 12:09:04,10.01171875,1
2026-08-14 12:09:04,10.01171875,1
2026-08-14 12:09:04,10.01171875,1
2026-08-14 12:09:04,10.01171875,1
2026-08-14 12:09:04,10.01171875,1
2026-08-14 12:09:04,10.01171875,1
2026-08-14 12:09:04,10.01171875,1
2026-08-14 12:09:05,10.01171875,1
2026-08-14 12:09:05,10.01171875,1
2026-08-14 12:09:05,10.01171875,1
2026-08-14 12:09:05,10.01171875,1
2026-08-14 12:09:05,6.86328125,1
2026-08-14 12:09:05,6.86328125,1
2026-08-14 12:09:05,6.86328125,1
2026-08-14 12:09:05,6.86328125,1
2026-08-14 12:09:05,6.86328125,1
2026-08-14 12:09:05,6.86328125,1
2026-08-14 12:09:05,6.86328125,1
2026-08-14 12:09:05,6.86328125,1
2026-08-14 12:09:05,6.86328125,1
2026-08-14 12:09:05,6.86328125,1
2026-08-14 12:09:05,6.86328125,1
2026-08-14 12:09:05,6.86328125,1
2026-08-14 12:09:05,6.86328125,1
2026-08-14 12:09:05,6.86328125,1
2026-08-14 12:09:05,6.86328125,1
2026-08-14 12:09:05,6.86328125,1
2026-08-14 12:09:06,6.86328125,1
2026-08-14 12:09:06,6.86328125,1
2026-08-14 12:09:06,6.86328125,1
2026-08-14 12:09:06,6.86328125,1
2026-08-14 12:09:06,6.86328125,1
2026-08-14 12:09:06,6.86328125,1
2026-08-14 12:09:06,6.86328125,1
2026-08-14 12:09:06,6.86328125,1
2026-08-14 12:09:06,6.86328125,1
2026-08-14 12:09:06,6.86328125,1
2026-08-14 12:09:06,6.86328125,1
2026-08-14 12:09:06,6.86328125,1
2026-08-14 12:09:06,6.86328125,1
2026-08-14 12:09:06,6.86328125,1
2026-08-14 12:09:06,6.86328125,1
2026-08-14 12:09:06,6.86328125,1
2026-08-14 12:09:06,6.86328125,1
2026-08-14 12:09:06,6.86328125,1
2026-08-14 12:09:06,6.86328125,1
2026-08-14 12:09:06,6.86328125,1
2026-08-14 12:09:07,6.86328125,1
2026-08-14 12:09:07,6.86328125,1
2026-08-14 12:09:07,6.86328125,1
2026-08-14 12:09:07,6.86328125,1
2026-08-14 12:09:07,6.86328125,1
2026-08-14 12:09:07,6.86328125,1
2026-08-14 12:09:07,6.86328125,1
2026-08-14 12:09:07,6.86328125,1
2026-08-14 12:09:07,6.86328125,1
2026-08-14 12:09:07,6.86328125,1
2026-08-14 12:09:07,6.86328125,1
2026-08-14 12:09:07,6.86328125,1
2026-08-14 12:09:07,6.86328125,1
2026-08-14 12:09:07,6.86328125,1
2026-08-14 12:09:07,6.86328125,1
2026-08-14 12:09:07,6.86328125,1
2026-08-14 12:09:07,6.86328125,1
2026-08-14 12:09:07,6.86328125,1
2026-08-14 12:09:07,6.86328125,1
2026-08-14 12:09:07,6.86328125,1
2026-08-14 12:09:08,6.86328125,1
2026-08-14 12:09:08,6.86328125,1
2026-08-14 12:09:08,6.86328125,1
2026-08-14 12:09:08,6.86328125,1
2026-08-14 12:09:08,6.86328125,1
2026-08-14 12:09:08,6.86328125,1
2026-08-14 12:09:08,24.46875,1
2026-08-14 12:09:08,24.46875,1
2026-08-14 12:09:08,24.46875,1
2026-08-14 12:09:08,24.46875,1
2026-08-14 12:09:08,24.46875,1
2026-08-14 12:09:08,24.46875,1
2026-08-14 12:09:08,24.46875,1
2026-08-14 12:09:08,24.46875,1
2026-08-14 12:09:08,24.46875,1
2026-08-14 12:09:08,24.46875,1
2026-08-14 12:09:08,47.0234375,1
2026-08-14 12:09:08,47.0234375,1
2026-08-14 12:09:08,47.0234375,1
2026-08-14 12:09:08,47.0234375,1
2026-08-14 12:09:09,47.0234375,1
2026-08-14 12:09:09,47.0234375,1
2026-08-14 12:09:09,47.0234375,1
2026-08-14 12:09:09,47.0234375,1
2026-08-14 12:09:09,47.0234375,1
2026-08-14 12:09:09,47.0234375,1
2026-08-14 12:09:09,47.0234375,1
2026-08-14 12:09:09,47.0234375,1
2026-08-14 12:09:09,47.0234375,1
2026-08-14 12:09:09,47.0234375,1
2026-08-14 12:09:09,73.1796875,1
2026-08-14 12:09:09,73.1796875,1
2026-08-14 12:09:09,73.1796875,1
2026-08-14 12:09:09,73.1796875,1
2026-08-14 12:09:09,73.1796875,1
2026-08-14 12:09:09,73.1796875,1
2026-08-14 12:09:09,73.1796875,1
2026-08-14 12:09:09,73.1796875,1
2026-08-14 12:09:09,73.1796875,1
2026-08-14 12:09:09,73.1796875,1
2026-08-14 12:09:10,73.1796875,1
2026-08-14 12:09:10,73.1796875,1
2026-08-14 12:09:10,73.1796875,1
2026-08-14 12:09:10,73.1796875,1
2026-08-14 12:09:10,73.1796875,1
2026-08-14 12:09:10,73.1796875,1
2026-08-14 12:09:10,73.1796875,1
2026-08-14 12:09:10,73.1796875,1
2026-08-14 12:09:10,73.1796875,1
2026-08-14 12:09:10,73.1796875,1
2026-08-14 12:09:10,73.1796875,1
2026-08-14 12:09:10,73.1796875,1
2026-08-14 12:09:10,73.1796875,1
2026-08-14 12:09:10,73.1796875,1
2026-08-14 12:09:10,67.5,1
2026-08-14 12:09:10,67.5,1
2026-08-14 12:09:10,67.5,1
2026-08-14 12:09:10,67.5,1
2026-08-14 12:09:10,67.5,1
2026-08-14 12:09:10,67.5,1
2026-08-14 12:09:11,67.5,1
2026-08-14 12:09:11,67.5,1
2026-08-14 12:09:11,67.5,1
2026-08-14 12:09:11,67.5,1
2026-08-14 12:09:11,67.5,1
2026-08-14 12:09:11,67.5,1
2026-08-14 12:09:11,67.5,1
2026-08-14 12:09:11,67.5,1
2026-08-14 12:09:11,67.5,1
2026-08-14 12:09:11,67.5,1
2026-08-14 12:09:11,67.5,1
2026-08-14 12:09:11,67.5,1
2026-08-14 12:09:11,67.5,1
2026-08-14 12:09:11,67.5,1
2026-08-14 12:09:11,67.5,1
2026-08-14 12:09:11,67.5,1
2026-08-14 12:09:11,63.28125,1
2026-08-14 12:09:11,63.28125,1
2026-08-14 12:09:11,63.0546875,1
2026-08-14 12:09:11,63.0546875,1
2026-08-14 12:09:12,63.0546875,1
2026-08-14 12:09:12,63.0546875,1
2026-08-14 12:09:12,63.0546875,1
2026-08-14 12:09:12,63.0546875,1
2026-08-14 12:09:12,63.0546875,1
2026-08-14 12:09:12,63.0546875,1
2026-08-14 12:09:12,63.0546875,1
2026-08-14 12:09:12,63.0546875,1
2026-08-14 12:09:12,63.0546875,1
2026-08-14 12:09:12,63.0546875,1
2026-08-14 12:09:12,63.0546875,1
2026-08-14 12:09:12,63.0546875,1
2026-08-14 12:09:12,63.0546875,1
2026-08-14 12:09:12,63.0546875,1
2026-08-14 12:09:12,63.0546875,1
2026-08-14 12:09:12,63.0546875,1
2026-08-14 12:09:12,63.0546875,1
2026-08-14 12:09:12,63.0546875,1
2026-08-14 12:09:12,63.0546875,1
2026-08-14 12:09:12,63.0546875,1
2026-08-14 12:09:13,63.0546875,1
2026-08-14 12:09:13,63.0546875,1
2026-08-14 12:09:13,63.0546875,1
2026-08-14 12:09:13,63.0546875,1
2026-08-14 12:09:13,63.0546875,1
2026-08-14 12:09:13,63.0546875,1
2026-08-14 12:09:13,63.0546875,1
2026-08-14 12:09:13,63.0546875,1
2026-08-14 12:09:13,63.0546875,1
2026-08-14 12:09:13,63.0546875,1
2026-08-14 12:09:13,31.2734375,1
2026-08-14 12:09:13,31.2734375,1
2026-08-14 12:09:13,31.2734375,1
2026-08-14 12:09:13,31.2734375,1
2026-08-14 12:09:13,31.2734375,1
2026-08-14 12:09:13,31.2734375,1
2026-08-14 12:09:13,31.2734375,1
2026-08-14 12:09:13,31.2734375,1
2026-08-14 12:09:13,44.71875,1
2026-08-14 12:09:13,44.71875,1
2026-08-14 12:09:14,44.71875,1
2026-08-14 12:09:14,44.71875,1
2026-08-14 12:09:14,44.71875,1
2026-08-14 12:09:14,44.71875,1
2026-08-14 12:09:14,44.71875,1
2026-08-14 12:09:14,44.71875,1
2026-08-14 12:09:14,44.71875,1
2026-08-14 12:09:14,44.71875,1
2026-08-14 12:09:14,44.71875,1
2026-08-14 12:09:14,44.71875,1
2026-08-14 12:09:14,44.71875,1
2026-08-14 12:09:14,44.71875,1
2026-08-14 12:09:14,44.71875,1
2026-08-14 12:09:14,44.71875,1
2026-08-14 12:09:14,44.71875,1
2026-08-14 12:09:14,44.71875,1
2026-08-14 12:09:14,44.71875,1
2026-08-14 12:09:14,44.71875,1
2026-08-14 12:09:14,44.71875,1
2026-08-14 12:09:14,44.71875,1
2026-08-14 12:09:15,44.71875,1
2026-08-14 12:09:15,44.71875,1
2026-08-14 12:09:15,44.71875,1
2026-08-14 12:09:15,44.71875,1
2026-08-14 12:09:15,44.71875,1
2026-08-14 12:09:15,44.71875,1
2026-08-14 12:09:15,82.4609375,1
2026-08-14 12:09:15,82.4609375,1
2026-08-14 12:09:15,82.4609375,1
2026-08-14 12:09:15,82.4609375,1
2026-08-14 12:09:15,82.4609375,1
2026-08-14 12:09:15,82.4609375,1
2026-08-14 12:09:15,82.4609375,1
2026-08-14 12:09:15,82.4609375,1
2026-08-14 12:09:15,82.4609375,1
2026-08-14 12:09:15,82.4609375,1
2026-08-14 12:09:15,82.4609375,1
2026-08-14 12:09:15,82.4609375,1
2026-08-14 12:09:15,82.4609375,1
2026-08-14 12:09:15,82.4609375,1
2026-08-14 12:09:16,82.4609375,1
2026-08-14 12:09:16,82.4609375,1
2026-08-14 12:09:16,82.4609375,1
2026-08-14 12:09:16,82.4609375,1
2026-08-14 12:09:16,82.4609375,1
2026-08-14 12:09:16,82.4609375,1
2026-08-14 12:09:16,82.4609375,1
2026-08-14 12:09:16,82.4609375,1
2026-08-14 12:09:16,82.4609375,1
2026-08-14 12:09:16,82.4609375,1
2026-08-14 12:09:16,83.53125,1
2026-08-14 12:09:16,83.53125,1
2026-08-14 12:09:16,83.53125,1
2026-08-14 12:09:16,83.53125,1
2026-08-14 12:09:16,83.53125,1
2026-08-14 12:09:16,83.53125,1
2026-08-14 12:09:16,83.53125,1
2026-08-14 12:09:16,83.53125,1
2026-08-14 12:09:16,83.53125,1
2026-08-14 12:09:16,83.53125,1
2026-08-14 12:09:17,83.53125,1
2026-08-14 12:09:17,83.53125,1
2026-08-14 12:09:17,83.53125,1
2026-08-14 12:09:17,83.53125,1
2026-08-14 12:09:17,83.53125,1
2026-08-14 12:09:17,83.53125,1
2026-08-14 12:09:17,83.53125,1
2026-08-14 12:09:17,83.53125,1
2026-08-14 12:09:17,83.53125,1
2026-08-14 12:09:17,83.53125,1
2026-08-14 12:09:17,83.53125,1
2026-08-14 12:09:17,83.53125,1
2026-08-14 12:09:17,83.53125,1
2026-08-14 12:09:17,83.53125,1
2026-08-14 12:09:17,83.53125,1
2026-08-14 12:09:17,83.53125,1
2026-08-14 12:09:17,83.53125,1
2026-08-14 12:09:17,83.53125,1
2026-08-14 12:09:17,83.53125,1
2026-08-14 12:09:17,83.53125,1
2026-08-14 12:09:18,83.53125,1
2026-08-14 12:09:18,83.53125,1
2026-08-14 12:09:18,83.53125,1
2026-08-14 12:09:18,83.53125,1
2026-08-14 12:09:18,83.53125,1
2026-08-14 12:09:18,83.53125,1
2026-08-14 12:09:18,83.53125,1
2026-08-14 12:09:18,83.53125,1
2026-08-14 12:09:18,83.53125,1
2026-08-14 12:09:18,83.53125,1
2026-08-14 12:09:18,83.53125,1
2026-08-14 12:09:18,83.53125,1
2026-08-14 12:09:18,83.53125,1
2026-08-14 12:09:18,83.53125,1
2026-08-14 12:09:18,83.53125,1
2026-08-14 12:09:18,83.53125,1
2026-08-14 12:09:18,83.53125,1
2026-08-14 12:09:18,83.53125,1
2026-08-14 12:09:18,83.53125,1
2026-08-14 12:09:18,83.53125,1
2026-08-14 12:09:19,83.53125,1
2026-08-14 12:09:19,83.53125,1
2026-08-14 12:09:19,83.53125,1
2026-08-14 12:09:19,83.53125,1
2026-08-14 12:09:19,83.53125,1
2026-08-14 12:09:19,83.53125,1
2026-08-14 12:09:19,83.53125,1
2026-08-14 12:09:19,83.53125,1
2026-08-14 12:09:19,83.53125,1
2026-08-14 12:09:19,83.53125,1
2026-08-14 12:09:19,83.53125,1
2026-08-14 12:09:19,83.53125,1
2026-08-14 12:09:19,83.53125,1
2026-08-14 12:09:19,83.53125,1
2026-08-14 12:09:19,83.53125,1
2026-08-14 12:09:19,83.53125,1
2026-08-14 12:09:19,83.53125,1
2026-08-14 12:09:19,83.53125,1
2026-08-14 12:09:19,83.53125,1
2026-08-14 12:09:19,83.53125,1
2026-08-14 12:09:20,83.53125,1
2026-08-14 12:09:20,83.53125,1
2026-08-14 12:09:20,83.53125,1
2026-08-14 12:09:20,83.53125,1
2026-08-14 12:09:20,83.53125,1
2026-08-14 12:09:20,83.53125,1
2026-08-14 12:09:20,83.53125,1
2026-08-14 12:09:20,83.53125,1
2026-08-14 12:09:20,83.53125,1
2026-08-14 12:09:20,83.53125,1
2026-08-14 12:09:20,83.53125,1
2026-08-14 12:09:20,83.53125,1
2026-08-14 12:09:20,83.53125,1
2026-08-14 12:09:20,83.53125,1
2026-08-14 12:09:20,83.53125,1
2026-08-14 12:09:20,83.53125,1
2026-08-14 12:09:20,83.53125,1
2026-08-14 12:09:20,83.53125,1
2026-08-14 12:09:20,83.53125,1
2026-08-14 12:09:20,83.53125,1
2026-08-14 12:09:21,83.53125,1
2026-08-14 12:09:21,83.53125,1
2026-08-14 12:09:21,83.53125,1
2026-08-14 12:09:21,83.53125,1
2026-08-14 12:09:21,78.75,1
2026-08-14 12:09:21,78.75,1
2026-08-14 12:09:21,78.75,1
2026-08-14 12:09:21,78.75,1
2026-08-14 12:09:21,78.75,1
2026-08-14 12:09:21,78.75,1
2026-08-14 12:09:21,78.75,1
2026-08-14 12:09:21,78.75,1
2026-08-14 12:09:21,78.75,1
2026-08-14 12:09:21,78.75,1
2026-08-14 12:09:21,78.75,1
2026-08-14 12:09:21,78.75,1
2026-08-14 12:09:21,78.75,1
2026-08-14 12:09:21,78.75,1
2026-08-14 12:09:21,78.75,1
2026-08-14 12:09:21,78.75,1
2026-08-14 12:09:22,78.75,1
2026-08-14 12:09:22,78.75,1
2026-08-14 12:09:22,78.75,1
2026-08-14 12:09:22,78.75,1
2026-08-14 12:09:22,78.75,1
2026-08-14 12:09:22,78.75,1
2026-08-14 12:09:22,78.75,1
2026-08-14 12:09:22,78.75,1
2026-08-14 12:09:22,78.75,1
2026-08-14 12:09:22,78.75,1
2026-08-14 12:09:22,76.7265625,1
2026-08-14 12:09:22,76.7265625,1
2026-08-14 12:09:22,76.7265625,1
2026-08-14 12:09:22,76.7265625,1
2026-08-14 12:09:22,76.7265625,1
2026-08-14 12:09:22,76.7265625,1
2026-08-14 12:09:22,76.7265625,1
2026-08-14 12:09:22,76.7265625,1
2026-08-14 12:09:22,76.7265625,1
2026-08-14 12:09:22,76.7265625,1
2026-08-14 12:09:23,76.7265625,1
2026-08-14 12:09:23,76.7265625,1
2026-08-14 12:09:23,76.7265625,1
2026-08-14 12:09:23,76.7265625,1
2026-08-14 12:09:23,76.7265625,1
2026-08-14 12:09:23,76.7265625,1
2026-08-14 12:09:23,76.7265625,1
2026-08-14 12:09:23,76.7265625,1
2026-08-14 12:09:23,76.7265625,1
2026-08-14 12:09:23,76.7265625,1
2026-08-14 12:09:23,76.7265625,1
2026-08-14 12:09:23,76.7265625,1
2026-08-14 12:09:23,76.7265625,1
2026-08-14 12:09:23,76.7265625,1
2026-08-14 12:09:23,76.7265625,1
2026-08-14 12:09:23,76.7265625,1
2026-08-14 12:09:23,76.7265625,1
2026-08-14 12:09:23,76.7265625,1
2026-08-14 12:09:23,76.7265625,1
2026-08-14 12:09:23,76.7265625,1
2026-08-14 12:09:24,76.7265625,1
2026-08-14 12:09:24,76.7265625,1
2026-08-14 12:09:24,76.7265625,1
2026-08-14 12:09:24,76.7265625,1
2026-08-14 12:09:24,71.9453125,1
2026-08-14 12:09:24,71.9453125,1
2026-08-14 12:09:24,71.9453125,1
2026-08-14 12:09:24,71.9453125,1
2026-08-14 12:09:24,71.9453125,1
2026-08-14 12:09:24,71.9453125,1
2026-08-14 12:09:24,71.9453125,1
2026-08-14 12:09:24,71.9453125,1
2026-08-14 12:09:24,71.9453125,1
2026-08-14 12:09:24,71.9453125,1
2026-08-14 12:09:24,71.9453125,1
2026-08-14 12:09:24,71.9453125,1
2026-08-14 12:09:24,71.9453125,1
2026-08-14 12:09:24,71.9453125,1
2026-08-14 12:09:24,71.9453125,1
2026-08-14 12:09:24,71.9453125,1
2026-08-14 12:09:25,71.9453125,1
2026-08-14 12:09:25,71.9453125,1
2026-08-14 12:09:25,71.9453125,1
2026-08-14 12:09:25,71.9453125,1
2026-08-14 12:09:25,71.9453125,1
2026-08-14 12:09:25,71.9453125,1
2026-08-14 12:09:25,63.2265625,1
2026-08-14 12:09:25,63.2265625,1
2026-08-14 12:09:25,62.83203125,1
2026-08-14 12:09:25,62.83203125,1
2026-08-14 12:09:25,62.83203125,1
2026-08-14 12:09:25,62.83203125,1
2026-08-14 12:09:25,62.83203125,1
2026-08-14 12:09:25,62.83203125,1
2026-08-14 12:09:25,62.83203125,1
2026-08-14 12:09:25,62.83203125,1
2026-08-14 12:09:25,62.83203125,1
2026-08-14 12:09:25,62.83203125,1
2026-08-14 12:09:25,62.83203125,1
2026-08-14 12:09:25,62.83203125,1
2026-08-14 12:09:26,62.83203125,1
2026-08-14 12:09:26,62.83203125,1
2026-08-14 12:09:26,62.83203125,1
2026-08-14 12:09:26,62.83203125,1
2026-08-14 12:09:26,62.83203125,1
2026-08-14 12:09:26,62.83203125,1
2026-08-14 12:09:26,62.83203125,1
2026-08-14 12:09:26,62.83203125,1
2026-08-14 12:09:26,62.83203125,1
2026-08-14 12:09:26,62.83203125,1
2026-08-14 12:09:26,62.83203125,1
2026-08-14 12:09:26,62.83203125,1
2026-08-14 12:09:26,62.83203125,1
2026-08-14 12:09:26,62.83203125,1
2026-08-14 12:09:26,62.83203125,1
2026-08-14 12:09:26,62.83203125,1
2026-08-14 12:09:26,62.83203125,1
2026-08-14 12:09:26,62.83203125,1
2026-08-14 12:09:26,62.83203125,1
2026-08-14 12:09:26,62.83203125,1
2026-08-14 12:09:27,62.83203125,1
2026-08-14 12:09:27,62.83203125,1
2026-08-14 12:09:27,85.94921875,1
2026-08-14 12:09:27,85.94921875,1
2026-08-14 12:09:27,85.94921875,1
2026-08-14 12:09:27,85.94921875,1
2026-08-14 12:09:27,85.94921875,1
2026-08-14 12:09:27,85.94921875,1
2026-08-14 12:09:27,85.94921875,1
2026-08-14 12:09:27,85.94921875,1
2026-08-14 12:09:27,85.94921875,1
2026-08-14 12:09:27,85.94921875,1
2026-08-14 12:09:27,85.94921875,1
2026-08-14 12:09:27,85.94921875,1
2026-08-14 12:09:27,80.83203125,1
2026-08-14 12:09:27,80.83203125,1
2026-08-14 12:09:27,80.83203125,1
2026-08-14 12:09:27,80.83203125,1
2026-08-14 12:09:27,80.83203125,1
2026-08-14 12:09:27,80.83203125,1
2026-08-14 12:09:28,80.83203125,1
2026-08-14 12:09:28,80.83203125,1
2026-08-14 12:09:28,80.83203125,1
2026-08-14 12:09:28,80.83203125,1
2026-08-14 12:09:28,80.83203125,1
2026-08-14 12:09:28,80.83203125,1
2026-08-14 12:09:28,80.83203125,1
2026-08-14 12:09:28,80.83203125,1
2026-08-14 12:09:28,80.83203125,1
2026-08-14 12:09:28,80.83203125,1
2026-08-14 12:09:28,80.83203125,1
2026-08-14 12:09:28,80.83203125,1
2026-08-14 12:09:28,80.83203125,1
2026-08-14 12:09:28,80.83203125,1
2026-08-14 12:09:28,80.83203125,1
2026-08-14 12:09:28,80.83203125,1
2026-08-14 12:09:28,83.36328125,1
2026-08-14 12:09:28,83.36328125,1
2026-08-14 12:09:28,83.36328125,1
2026-08-14 12:09:28,83.36328125,1
2026-08-14 12:09:29,83.36328125,1
2026-08-14 12:09:29,83.36328125,1
2026-08-14 12:09:29,83.36328125,1
2026-08-14 12:09:29,83.36328125,1
2026-08-14 12:09:29,83.36328125,1
2026-08-14 12:09:29,83.36328125,1
2026-08-14 12:09:29,83.36328125,1
2026-08-14 12:09:29,83.36328125,1
2026-08-14 12:09:29,83.36328125,1
2026-08-14 12:09:29,83.36328125,1
2026-08-14 12:09:29,83.36328125,1
2026-08-14 12:09:29,83.36328125,1
2026-08-14 12:09:29,83.36328125,1
2026-08-14 12:09:29,83.36328125,1
2026-08-14 12:09:29,83.36328125,1
2026-08-14 12:09:29,83.36328125,1
2026-08-14 12:09:29,83.36328125,1
2026-08-14 12:09:29,83.36328125,1
2026-08-14 12:09:29,83.36328125,1
2026-08-14 12:09:29,83.36328125,1
2026-08-14 12:09:30,81.0,1
2026-08-14 12:09:30,81.0,1
2026-08-14 12:09:30,81.0,1
2026-08-14 12:09:30,81.0,1
2026-08-14 12:09:30,81.0,1
2026-08-14 12:09:30,81.0,1
2026-08-14 12:09:30,81.0,1
2026-08-14 12:09:30,81.0,1
2026-08-14 12:09:30,81.0,1
2026-08-14 12:09:30,81.0,1
2026-08-14 12:09:30,81.0,1
2026-08-14 12:09:30,81.0,1
2026-08-14 12:09:30,81.0,1
2026-08-14 12:09:30,81.0,1
2026-08-14 12:09:30,81.0,1
2026-08-14 12:09:30,81.0,1
2026-08-14 12:09:30,81.0,1
2026-08-14 12:09:30,81.0,1
2026-08-14 12:09:30,81.0,1
2026-08-14 12:09:30,81.0,1
2026-08-14 12:09:31,81.0,1
2026-08-14 12:09:31,81.0,1
2026-08-14 12:09:31,81.0,1
2026-08-14 12:09:31,81.0,1
2026-08-14 12:09:31,88.59375,1
2026-08-14 12:09:31,88.59375,1
2026-08-14 12:09:31,88.59375,1
2026-08-14 12:09:31,88.59375,1
2026-08-14 12:09:31,88.59375,1
2026-08-14 12:09:31,88.59375,1
2026-08-14 12:09:31,88.59375,1
2026-08-14 12:09:31,88.59375,1
2026-08-14 12:09:31,88.59375,1
2026-08-14 12:09:31,88.59375,1
2026-08-14 12:09:31,88.59375,1
2026-08-14 12:09:31,88.59375,1
2026-08-14 12:09:31,88.59375,1
2026-08-14 12:09:31,88.59375,1
2026-08-14 12:09:31,88.59375,1
2026-08-14 12:09:31,88.59375,1
2026-08-14 12:09:32,88.59375,1
2026-08-14 12:09:32,88.59375,1
2026-08-14 12:09:32,88.59375,1
2026-08-14 12:09:32,88.59375,1
2026-08-14 12:09:32,88.59375,1
2026-08-14 12:09:32,88.59375,1
2026-08-14 12:09:32,88.59375,1
2026-08-14 12:09:32,88.59375,1
2026-08-14 12:09:32,88.59375,1
2026-08-14 12:09:32,88.59375,1
2026-08-14 12:09:32,88.59375,1
2026-08-14 12:09:32,88.59375,1
2026-08-14 12:09:32,88.59375,1
2026-08-14 12:09:32,88.59375,1
2026-08-14 12:09:32,88.59375,1
2026-08-14 12:09:32,88.59375,1
2026-08-14 12:09:32,88.59375,1
2026-08-14 12:09:32,88.59375,1
2026-08-14 12:09:32,88.59375,1
2026-08-14 12:09:32,88.59375,1
2026-08-14 12:09:33,88.59375,1
2026-08-14 12:09:33,88.59375,1
2026-08-14 12:09:33,88.59375,1
2026-08-14 12:09:33,88.59375,1
2026-08-14 12:09:33,88.59375,1
2026-08-14 12:09:33,88.59375,1
2026-08-14 12:09:33,88.59375,1
2026-08-14 12:09:33,88.59375,1
2026-08-14 12:09:33,88.59375,1
2026-08-14 12:09:33,88.59375,1
2026-08-14 12:09:33,88.59375,1
2026-08-14 12:09:33,88.59375,1
2026-08-14 12:09:33,88.59375,1
2026-08-14 12:09:33,88.59375,1
2026-08-14 12:09:33,88.59375,1
2026-08-14 12:09:33,88.59375,1
2026-08-14 12:09:33,88.59375,1
2026-08-14 12:09:33,88.59375,1
2026-08-14 12:09:33,88.59375,1
2026-08-14 12:09:33,88.59375,1
2026-08-14 12:09:34,88.59375,1
2026-08-14 12:09:34,88.59375,1
2026-08-14 12:09:34,88.59375,1
2026-08-14 12:09:34,88.59375,1
2026-08-14 12:09:34,88.59375,1
2026-08-14 12:09:34,88.59375,1
2026-08-14 12:09:34,88.59375,1
2026-08-14 12:09:34,88.59375,1
2026-08-14 12:09:34,88.59375,1
2026-08-14 12:09:34,88.59375,1
2026-08-14 12:09:34,88.59375,1
2026-08-14 12:09:34,88.59375,1
2026-08-14 12:09:34,88.59375,1
2026-08-14 12:09:34,88.59375,1
2026-08-14 12:09:34,88.59375,1
2026-08-14 12:09:34,88.59375,1
2026-08-14 12:09:34,88.59375,1
2026-08-14 12:09:34,88.59375,1
2026-08-14 12:09:34,88.59375,1
2026-08-14 12:09:34,88.59375,1
2026-08-14 12:09:35,88.59375,1
2026-08-14 12:09:35,88.59375,1
2026-08-14 12:09:35,88.59375,1
2026-08-14 12:09:35,88.59375,1
2026-08-14 12:09:35,88.59375,1
2026-08-14 12:09:35,88.59375,1
2026-08-14 12:09:35,88.59375,1
2026-08-14 12:09:35,88.59375,1
2026-08-14 12:09:35,88.59375,1
2026-08-14 12:09:35,88.59375,1
2026-08-14 12:09:35,88.59375,1
2026-08-14 12:09:35,88.59375,1
2026-08-14 12:09:35,88.59375,1
2026-08-14 12:09:35,88.59375,1
2026-08-14 12:09:35,88.59375,1
2026-08-14 12:09:35,88.59375,1
2026-08-14 12:09:35,82.96875,1
2026-08-14 12:09:35,82.96875,1
2026-08-14 12:09:35,83.08203125,1
2026-08-14 12:09:35,83.08203125,1
2026-08-14 12:09:36,83.08203125,1
2026-08-14 12:09:36,83.08203125,1
2026-08-14 12:09:36,83.08203125,1
2026-08-14 12:09:36,83.08203125,1
2026-08-14 12:09:36,83.08203125,1
2026-08-14 12:09:36,83.08203125,1
2026-08-14 12:09:36,83.08203125,1
2026-08-14 12:09:36,83.08203125,1
2026-08-14 12:09:36,83.08203125,1
2026-08-14 12:09:36,83.08203125,1
2026-08-14 12:09:36,83.13671875,1
2026-08-14 12:09:36,83.13671875,1
2026-08-14 12:09:36,83.13671875,1
2026-08-14 12:09:36,83.13671875,1
2026-08-14 12:09:36,83.13671875,1
2026-08-14 12:09:36,83.13671875,1
2026-08-14 12:09:36,83.13671875,1
2026-08-14 12:09:36,83.13671875,1
2026-08-14 12:09:36,83.13671875,1
2026-08-14 12:09:36,83.13671875,1
2026-08-14 12:09:37,81.95703125,1
2026-08-14 12:09:37,81.95703125,1
2026-08-14 12:09:37,81.95703125,1
2026-08-14 12:09:37,81.95703125,1
2026-08-14 12:09:37,81.95703125,1
2026-08-14 12:09:37,81.95703125,1
2026-08-14 12:09:37,81.95703125,1
2026-08-14 12:09:37,81.95703125,1
2026-08-14 12:09:37,81.95703125,1
2026-08-14 12:09:37,81.95703125,1
2026-08-14 12:09:37,81.95703125,1
2026-08-14 12:09:37,81.95703125,1
2026-08-14 12:09:37,81.95703125,1
2026-08-14 12:09:37,81.95703125,1
2026-08-14 12:09:37,81.95703125,1
2026-08-14 12:09:37,81.95703125,1
2026-08-14 12:09:37,81.95703125,1
2026-08-14 12:09:37,81.95703125,1
2026-08-14 12:09:37,81.95703125,1
2026-08-14 12:09:37,81.95703125,1
2026-08-14 12:09:38,81.95703125,1
2026-08-14 12:09:38,81.95703125,1
2026-08-14 12:09:38,81.95703125,1
2026-08-14 12:09:38,81.95703125,1
2026-08-14 12:09:38,81.95703125,1
2026-08-14 12:09:38,81.95703125,1
2026-08-14 12:09:38,81.95703125,1
2026-08-14 12:09:38,81.95703125,1
2026-08-14 12:09:38,81.95703125,1
2026-08-14 12:09:38,81.95703125,1
2026-08-14 12:09:38,81.95703125,1
2026-08-14 12:09:38,81.95703125,1
2026-08-14 12:09:38,81.95703125,1
2026-08-14 12:09:38,81.95703125,1
2026-08-14 12:09:38,80.7734375,1
2026-08-14 12:09:38,80.7734375,1
2026-08-14 12:09:38,80.71875,1
2026-08-14 12:09:38,80.71875,1
2026-08-14 12:09:38,80.71875,1
2026-08-14 12:09:38,80.71875,1
2026-08-14 12:09:39,80.71875,1
2026-08-14 12:09:39,80.71875,1
2026-08-14 12:09:39,80.71875,1
2026-08-14 12:09:39,80.71875,1
2026-08-14 12:09:39,80.71875,1
2026-08-14 12:09:39,80.71875,1
2026-08-14 12:09:39,80.71875,1
2026-08-14 12:09:39,80.71875,1
2026-08-14 12:09:39,80.71875,1
2026-08-14 12:09:39,80.71875,1
2026-08-14 12:09:39,80.71875,1
2026-08-14 12:09:39,80.71875,1
2026-08-14 12:09:39,80.71875,1
2026-08-14 12:09:39,80.71875,1
2026-08-14 12:09:39,80.71875,1
2026-08-14 12:09:39,80.71875,1
2026-08-14 12:09:39,80.71875,1
2026-08-14 12:09:39,80.71875,1
2026-08-14 12:09:39,80.71875,1
2026-08-14 12:09:39,80.71875,1
2026-08-14 12:09:40,80.71875,1
2026-08-14 12:09:40,80.71875,1
2026-08-14 12:09:40,80.71875,1
2026-08-14 12:09:40,80.71875,1
2026-08-14 12:09:40,80.71875,1
2026-08-14 12:09:40,80.71875,1
2026-08-14 12:09:40,80.71875,1
2026-08-14 12:09:40,80.71875,1
2026-08-14 12:09:40,80.71875,1
2026-08-14 12:09:40,80.71875,1
2026-08-14 12:09:40,80.71875,1
2026-08-14 12:09:40,80.71875,1
2026-08-14 12:09:40,80.71875,1
2026-08-14 12:09:40,80.71875,1
2026-08-14 12:09:40,80.71875,1
2026-08-14 12:09:40,80.71875,1
2026-08-14 12:09:40,80.71875,1
2026-08-14 12:09:40,80.71875,1
2026-08-14 12:09:40,80.71875,1
2026-08-14 12:09:40,80.71875,1
2026-08-14 12:09:41,80.71875,1
2026-08-14 12:09:41,80.71875,1
2026-08-14 12:09:41,80.71875,1
2026-08-14 12:09:41,80.71875,1
2026-08-14 12:09:41,80.71875,1
2026-08-14 12:09:41,80.71875,1
2026-08-14 12:09:41,80.71875,1
2026-08-14 12:09:41,80.71875,1
2026-08-14 12:09:41,80.71875,1
2026-08-14 12:09:41,80.71875,1
2026-08-14 12:09:41,80.71875,1
2026-08-14 12:09:41,80.71875,1
2026-08-14 12:09:41,81.5078125,1
2026-08-14 12:09:41,81.5078125,1
2026-08-14 12:09:41,81.5078125,1
2026-08-14 12:09:41,81.5078125,1
2026-08-14 12:09:41,81.5078125,1
2026-08-14 12:09:41,81.5078125,1
2026-08-14 12:09:41,81.5078125,1
2026-08-14 12:09:41,81.5078125,1
2026-08-14 12:09:42,81.5078125,1
2026-08-14 12:09:42,81.5078125,1
2026-08-14 12:09:42,81.5078125,1
2026-08-14 12:09:42,81.5078125,1
2026-08-14 12:09:42,81.5625,1
2026-08-14 12:09:42,81.5625,1
2026-08-14 12:09:42,81.5625,1
2026-08-14 12:09:42,81.5625,1
2026-08-14 12:09:42,81.5625,1
2026-08-14 12:09:42,81.5625,1
2026-08-14 12:09:42,81.5625,1
2026-08-14 12:09:42,81.5625,1
2026-08-14 12:09:42,81.5625,1
2026-08-14 12:09:42,81.5625,1
2026-08-14 12:09:42,81.5625,1
2026-08-14 12:09:42,81.5625,1
2026-08-14 12:09:42,81.5625,1
2026-08-14 12:09:42,81.5625,1
2026-08-14 12:09:42,81.5625,1
2026-08-14 12:09:42,81.5625,1
2026-08-14 12:09:43,81.5625,1
2026-08-14 12:09:43,81.5625,1
2026-08-14 12:09:43,81.5625,1
2026-08-14 12:09:43,81.5625,1
2026-08-14 12:09:43,81.5625,1
2026-08-14 12:09:43,81.5625,1
2026-08-14 12:09:43,81.5625,1
2026-08-14 12:09:43,81.5625,1
2026-08-14 12:09:43,81.5625,1
2026-08-14 12:09:43,81.5625,1
2026-08-14 12:09:43,81.5625,1
2026-08-14 12:09:43,81.5625,1
2026-08-14 12:09:43,81.5625,1
2026-08-14 12:09:43,81.5625,1
2026-08-14 12:09:43,81.5625,1
2026-08-14 12:09:43,81.5625,1
2026-08-14 12:09:43,81.5625,1
2026-08-14 12:09:43,81.5625,1
2026-08-14 12:09:43,81.5625,1
2026-08-14 12:09:43,81.5625,1
2026-08-14 12:09:44,81.5625,1
2026-08-14 12:09:44,81.5625,1
2026-08-14 12:09:44,81.5625,1
2026-08-14 12:09:44,81.5625,1
2026-08-14 12:09:44,81.5625,1
2026-08-14 12:09:44,81.5625,1
2026-08-14 12:09:44,81.5625,1
2026-08-14 12:09:44,81.5625,1
2026-08-14 12:09:44,81.5625,1
2026-08-14 12:09:44,81.5625,1
2026-08-14 12:09:44,82.4609375,1
2026-08-14 12:09:44,82.4609375,1
2026-08-14 12:09:44,82.4609375,1
2026-08-14 12:09:44,82.4609375,1
2026-08-14 12:09:44,82.4609375,1
2026-08-14 12:09:44,82.4609375,1
2026-08-14 12:09:44,82.4609375,1
2026-08-14 12:09:44,82.4609375,1
2026-08-14 12:09:44,82.4609375,1
2026-08-14 12:09:44,82.4609375,1
2026-08-14 12:09:45,81.44921875,1
2026-08-14 12:09:45,81.44921875,1
2026-08-14 12:09:45,81.44921875,1
2026-08-14 12:09:45,81.44921875,1
2026-08-14 12:09:45,81.44921875,1
2026-08-14 12:09:45,81.44921875,1
2026-08-14 12:09:45,81.44921875,1
2026-08-14 12:09:45,81.44921875,1
2026-08-14 12:09:45,81.44921875,1
2026-08-14 12:09:45,81.44921875,1
2026-08-14 12:09:45,81.44921875,1
2026-08-14 12:09:45,81.44921875,1
2026-08-14 12:09:45,81.44921875,1
2026-08-14 12:09:45,81.44921875,1
2026-08-14 12:09:45,81.44921875,1
2026-08-14 12:09:45,81.44921875,1
2026-08-14 12:09:45,81.44921875,1
2026-08-14 12:09:45,81.44921875,1
2026-08-14 12:09:45,81.44921875,1
2026-08-14 12:09:45,81.44921875,1
2026-08-14 12:09:46,77.8515625,1
2026-08-14 12:09:46,77.8515625,1
2026-08-14 12:09:46,77.8515625,1
2026-08-14 12:09:46,77.8515625,1
2026-08-14 12:09:46,77.8515625,1
2026-08-14 12:09:46,77.8515625,1
2026-08-14 12:09:46,77.8515625,1
2026-08-14 12:09:46,77.8515625,1
2026-08-14 12:09:46,77.8515625,1
2026-08-14 12:09:46,77.8515625,1
2026-08-14 12:09:46,77.8515625,1
2026-08-14 12:09:46,77.8515625,1
2026-08-14 12:09:46,77.8515625,1
2026-08-14 12:09:46,77.8515625,1
2026-08-14 12:09:46,77.8515625,1
2026-08-14 12:09:46,77.8515625,1
2026-08-14 12:09:46,77.8515625,1
2026-08-14 12:09:46,77.8515625,1
2026-08-14 12:09:46,77.8515625,1
2026-08-14 12:09:46,77.8515625,1
2026-08-14 12:09:47,77.8515625,1
2026-08-14 12:09:47,77.8515625,1
2026-08-14 12:09:47,77.8515625,1
2026-08-14 12:09:47,77.8515625,1
2026-08-14 12:09:47,77.8515625,1
2026-08-14 12:09:47,77.8515625,1
2026-08-14 12:09:47,77.8515625,1
2026-08-14 12:09:47,77.8515625,1
2026-08-14 12:09:47,75.6015625,1
2026-08-14 12:09:47,75.6015625,1
2026-08-14 12:09:47,75.6015625,1
2026-08-14 12:09:47,75.6015625,1
2026-08-14 12:09:47,75.6015625,1
2026-08-14 12:09:47,75.6015625,1
2026-08-14 12:09:47,75.6015625,1
2026-08-14 12:09:47,75.6015625,1
2026-08-14 12:09:47,74.13671875,1
2026-08-14 12:09:47,74.13671875,1
2026-08-14 12:09:47,74.13671875,1
2026-08-14 12:09:47,74.13671875,1
2026-08-14 12:09:48,73.01171875,1
2026-08-14 12:09:48,73.01171875,1
2026-08-14 12:09:48,73.01171875,1
2026-08-14 12:09:48,73.01171875,1
2026-08-14 12:09:48,73.01171875,1
2026-08-14 12:09:48,73.01171875,1
2026-08-14 12:09:48,73.01171875,1
2026-08-14 12:09:48,73.01171875,1
2026-08-14 12:09:48,73.01171875,1
2026-08-14 12:09:48,73.01171875,1
2026-08-14 12:09:48,73.01171875,1
2026-08-14 12:09:48,73.01171875,1
2026-08-14 12:09:48,70.0859375,1
2026-08-14 12:09:48,70.0859375,1
2026-08-14 12:09:48,70.0859375,1
2026-08-14 12:09:48,70.0859375,1
2026-08-14 12:09:48,70.0859375,1
2026-08-14 12:09:48,70.0859375,1
2026-08-14 12:09:48,70.0859375,1
2026-08-14 12:09:48,70.0859375,1
2026-08-14 12:09:49,70.0859375,1
2026-08-14 12:09:49,70.0859375,1
2026-08-14 12:09:49,70.0859375,1
2026-08-14 12:09:49,70.0859375,1
2026-08-14 12:09:49,70.0859375,1
2026-08-14 12:09:49,70.0859375,1
2026-08-14 12:09:49,70.0859375,1
2026-08-14 12:09:49,70.0859375,1
2026-08-14 12:09:49,70.0859375,1
2026-08-14 12:09:49,70.0859375,1
2026-08-14 12:09:49,70.0859375,1
2026-08-14 12:09:49,70.0859375,1
2026-08-14 12:09:49,70.0859375,1
2026-08-14 12:09:49,70.0859375,1
2026-08-14 12:09:49,77.51171875,1
2026-08-14 12:09:49,77.51171875,1
2026-08-14 12:09:49,77.51171875,1
2026-08-14 12:09:49,77.51171875,1
2026-08-14 12:09:49,77.51171875,1
2026-08-14 12:09:49,77.51171875,1
2026-08-14 12:09:50,77.51171875,1
2026-08-14 12:09:50,77.51171875,1
2026-08-14 12:09:50,77.51171875,1
2026-08-14 12:09:50,77.51171875,1
2026-08-14 12:09:50,77.51171875,1
2026-08-14 12:09:50,77.51171875,1
2026-08-14 12:09:50,78.4140625,1
2026-08-14 12:09:50,78.4140625,1
2026-08-14 12:09:50,78.4140625,1
2026-08-14 12:09:50,78.4140625,1
2026-08-14 12:09:50,78.4140625,1
2026-08-14 12:09:50,78.4140625,1
2026-08-14 12:09:50,78.4140625,1
2026-08-14 12:09:50,78.4140625,1
2026-08-14 12:09:50,78.4140625,1
2026-08-14 12:09:50,78.4140625,1
2026-08-14 12:09:50,78.4140625,1
2026-08-14 12:09:50,78.4140625,1
2026-08-14 12:09:50,79.03125,1
2026-08-14 12:09:50,79.03125,1
2026-08-14 12:09:51,79.14453125,1
2026-08-14 12:09:51,79.14453125,1
2026-08-14 12:09:51,79.14453125,1
2026-08-14 12:09:51,79.14453125,1
2026-08-14 12:09:51,79.14453125,1
2026-08-14 12:09:51,79.14453125,1
2026-08-14 12:09:51,79.14453125,1
2026-08-14 12:09:51,79.14453125,1
2026-08-14 12:09:51,76.2734375,1
2026-08-14 12:09:51,76.2734375,1
2026-08-14 12:09:51,76.2734375,1
2026-08-14 12:09:51,76.2734375,1
2026-08-14 12:09:51,76.2734375,1
2026-08-14 12:09:51,76.2734375,1
2026-08-14 12:09:51,76.2734375,1
2026-08-14 12:09:51,76.2734375,1
2026-08-14 12:09:51,76.2734375,1
2026-08-14 12:09:51,76.2734375,1
2026-08-14 12:09:51,76.2734375,1
2026-08-14 12:09:51,76.2734375,1
2026-08-14 12:09:52,76.4453125,1
2026-08-14 12:09:52,76.4453125,1
2026-08-14 12:09:52,76.4453125,1
2026-08-14 12:09:52,76.4453125,1
2026-08-14 12:09:52,76.4453125,1
2026-08-14 12:09:52,76.4453125,1
2026-08-14 12:09:52,76.4453125,1
2026-08-14 12:09:52,76.4453125,1
2026-08-14 12:09:52,76.4453125,1
2026-08-14 12:09:52,76.4453125,1
2026-08-14 12:09:52,76.4453125,1
2026-08-14 12:09:52,76.4453125,1
2026-08-14 12:09:52,76.4453125,1
2026-08-14 12:09:52,76.4453125,1
2026-08-14 12:09:52,76.4453125,1
2026-08-14 12:09:52,76.4453125,1
2026-08-14 12:09:52,76.4453125,1
2026-08-14 12:09:52,76.4453125,1
2026-08-14 12:09:52,76.4453125,1
2026-08-14 12:09:52,76.4453125,1
2026-08-14 12:09:53,76.4453125,1
2026-08-14 12:09:53,76.4453125,1
2026-08-14 12:09:53,76.4453125,1
2026-08-14 12:09:53,76.4453125,1
2026-08-14 12:09:53,76.4453125,1
2026-08-14 12:09:53,76.4453125,1
2026-08-14 12:09:53,76.4453125,1
2026-08-14 12:09:53,76.4453125,1
2026-08-14 12:09:53,76.4453125,1
2026-08-14 12:09:53,76.4453125,1
2026-08-14 12:09:53,76.4453125,1
2026-08-14 12:09:53,76.4453125,1
2026-08-14 12:09:53,76.4453125,1
2026-08-14 12:09:53,76.4453125,1
2026-08-14 12:09:53,80.4921875,1
2026-08-14 12:09:53,80.4921875,1
2026-08-14 12:09:53,80.4921875,1
2026-08-14 12:09:53,80.4921875,1
2026-08-14 12:09:53,80.4921875,1
2026-08-14 12:09:53,80.4921875,1
2026-08-14 12:09:54,80.4921875,1
2026-08-14 12:09:54,80.4921875,1
2026-08-14 12:09:54,80.4921875,1
2026-08-14 12:09:54,80.4921875,1
2026-08-14 12:09:54,80.4921875,1
2026-08-14 12:09:54,80.4921875,1
2026-08-14 12:09:54,82.3515625,1
2026-08-14 12:09:54,82.3515625,1
2026-08-14 12:09:54,82.3515625,1
2026-08-14 12:09:54,82.3515625,1
2026-08-14 12:09:54,82.3515625,1
2026-08-14 12:09:54,82.3515625,1
2026-08-14 12:09:54,82.3515625,1
2026-08-14 12:09:54,82.3515625,1
2026-08-14 12:09:54,82.3515625,1
2026-08-14 12:09:54,82.3515625,1
2026-08-14 12:09:54,82.3515625,1
2026-08-14 12:09:54,82.3515625,1
2026-08-14 12:09:54,82.3515625,1
2026-08-14 12:09:54,82.3515625,1
2026-08-14 12:09:55,82.3515625,1
2026-08-14 12:09:55,82.3515625,1
2026-08-14 12:09:55,82.3515625,1
2026-08-14 12:09:55,82.3515625,1
2026-08-14 12:09:55,82.3515625,1
2026-08-14 12:09:55,82.3515625,1
2026-08-14 12:09:55,82.3515625,1
2026-08-14 12:09:55,82.3515625,1
2026-08-14 12:09:55,82.3515625,1
2026-08-14 12:09:55,82.3515625,1
2026-08-14 12:09:55,82.3515625,1
2026-08-14 12:09:55,82.3515625,1
2026-08-14 12:09:55,82.3515625,1
2026-08-14 12:09:55,82.3515625,1
2026-08-14 12:09:55,82.3515625,1
2026-08-14 12:09:55,82.3515625,1
2026-08-14 12:09:55,82.3515625,1
2026-08-14 12:09:55,82.3515625,1
2026-08-14 12:09:55,79.98828125,1
2026-08-14 12:09:55,79.98828125,1
2026-08-14 12:09:56,79.98828125,1
2026-08-14 12:09:56,79.98828125,1
2026-08-14 12:09:56,79.98828125,1
2026-08-14 12:09:56,79.98828125,1
2026-08-14 12:09:56,79.98828125,1
2026-08-14 12:09:56,79.98828125,1
2026-08-14 12:09:56,79.98828125,1
2026-08-14 12:09:56,79.98828125,1
2026-08-14 12:09:56,83.0234375,1
2026-08-14 12:09:56,83.0234375,1
2026-08-14 12:09:56,83.0234375,1
2026-08-14 12:09:56,83.0234375,1
2026-08-14 12:09:56,83.0234375,1
2026-08-14 12:09:56,83.0234375,1
2026-08-14 12:09:56,83.0234375,1
2026-08-14 12:09:56,83.0234375,1
2026-08-14 12:09:56,83.0234375,1
2026-08-14 12:09:56,83.0234375,1
2026-08-14 12:09:56,90.11328125,1
2026-08-14 12:09:56,90.11328125,1
2026-08-14 12:09:57,89.3828125,1
2026-08-14 12:09:57,89.3828125,1
2026-08-14 12:09:57,89.3828125,1
2026-08-14 12:09:57,89.3828125,1
2026-08-14 12:09:57,89.3828125,1
2026-08-14 12:09:57,89.3828125,1
2026-08-14 12:09:57,89.3828125,1
2026-08-14 12:09:57,89.3828125,1
2026-08-14 12:09:57,89.3828125,1
2026-08-14 12:09:57,89.3828125,1
2026-08-14 12:09:57,81.95703125,1
2026-08-14 12:09:57,81.95703125,1
2026-08-14 12:09:57,81.95703125,1
2026-08-14 12:09:57,81.95703125,1
2026-08-14 12:09:57,81.95703125,1
2026-08-14 12:09:57,81.95703125,1
2026-08-14 12:09:57,81.95703125,1
2026-08-14 12:09:57,81.95703125,1
2026-08-14 12:09:57,81.95703125,1
2026-08-14 12:09:57,81.95703125,1
2026-08-14 12:09:58,81.95703125,1
2026-08-14 12:09:58,81.95703125,1
2026-08-14 12:09:58,79.48046875,1
2026-08-14 12:09:58,79.48046875,1
2026-08-14 12:09:58,79.42578125,1
2026-08-14 12:09:58,79.42578125,1
2026-08-14 12:09:58,79.42578125,1
2026-08-14 12:09:58,79.42578125,1
2026-08-14 12:09:58,79.42578125,1
2026-08-14 12:09:58,79.42578125,1
2026-08-14 12:09:58,79.42578125,1
2026-08-14 12:09:58,79.42578125,1
2026-08-14 12:09:58,83.98046875,1
2026-08-14 12:09:58,83.98046875,1
2026-08-14 12:09:58,83.98046875,1
2026-08-14 12:09:58,83.98046875,1
2026-08-14 12:09:58,83.98046875,1
2026-08-14 12:09:58,83.98046875,1
2026-08-14 12:09:58,83.98046875,1
2026-08-14 12:09:58,83.98046875,1
2026-08-14 12:09:59,83.98046875,1
2026-08-14 12:09:59,83.98046875,1
2026-08-14 12:09:59,83.98046875,1
2026-08-14 12:09:59,83.98046875,1
2026-08-14 12:09:59,83.98046875,1
2026-08-14 12:09:59,83.98046875,1
2026-08-14 12:09:59,83.98046875,1
2026-08-14 12:09:59,83.98046875,1
2026-08-14 12:09:59,83.98046875,1
2026-08-14 12:09:59,83.98046875,1
2026-08-14 12:09:59,83.98046875,1
2026-08-14 12:09:59,83.98046875,1
2026-08-14 12:09:59,83.98046875,1
2026-08-14 12:09:59,83.98046875,1
2026-08-14 12:09:59,83.98046875,1
2026-08-14 12:09:59,83.98046875,1
2026-08-14 12:09:59,83.98046875,1
2026-08-14 12:09:59,83.98046875,1
2026-08-14 12:09:59,86.9609375,1
2026-08-14 12:09:59,86.9609375,1
2026-08-14 12:10:00,86.9609375,1
2026-08-14 12:10:00,86.9609375,1
2026-08-14 12:10:00,86.9609375,1
2026-08-14 12:10:00,86.9609375,1
2026-08-14 12:10:00,86.9609375,1
2026-08-14 12:10:00,86.9609375,1
2026-08-14 12:10:00,86.9609375,1
2026-08-14 12:10:00,86.9609375,1
2026-08-14 12:10:00,86.9609375,1
2026-08-14 12:10:00,86.9609375,1
2026-08-14 12:10:00,87.75,1
2026-08-14 12:10:00,87.75,1
2026-08-14 12:10:00,87.75,1
2026-08-14 12:10:00,87.75,1
2026-08-14 12:10:00,87.75,1
2026-08-14 12:10:00,87.75,1
2026-08-14 12:10:00,87.75,1
2026-08-14 12:10:00,87.75,1
2026-08-14 12:10:00,87.75,1
2026-08-14 12:10:00,87.75,1
2026-08-14 12:10:01,87.75,1
2026-08-14 12:10:01,87.75,1
2026-08-14 12:10:01,87.75,1
2026-08-14 12:10:01,87.75,1
2026-08-14 12:10:01,87.75,1
2026-08-14 12:10:01,87.75,1
2026-08-14 12:10:01,87.75,1
2026-08-14 12:10:01,87.75,1
2026-08-14 12:10:01,87.75,1
2026-08-14 12:10:01,87.75,1
2026-08-14 12:10:01,87.75,1
2026-08-14 12:10:01,87.75,1
2026-08-14 12:10:01,83.92578125,1
2026-08-14 12:10:01,83.92578125,1
2026-08-14 12:10:01,83.92578125,1
2026-08-14 12:10:01,83.92578125,1
2026-08-14 12:10:01,83.92578125,1
2026-08-14 12:10:01,83.92578125,1
2026-08-14 12:10:01,83.92578125,1
2026-08-14 12:10:01,83.92578125,1
2026-08-14 12:10:02,83.92578125,1
2026-08-14 12:10:02,83.92578125,1
2026-08-14 12:10:02,83.92578125,1
2026-08-14 12:10:02,83.92578125,1
2026-08-14 12:10:02,88.2578125,1
2026-08-14 12:10:02,88.2578125,1
2026-08-14 12:10:02,88.2578125,1
2026-08-14 12:10:02,88.2578125,1
2026-08-14 12:10:02,88.2578125,1
2026-08-14 12:10:02,88.2578125,1
2026-08-14 12:10:02,88.2578125,1
2026-08-14 12:10:02,88.2578125,1
2026-08-14 12:10:02,88.2578125,1
2026-08-14 12:10:02,88.2578125,1
2026-08-14 12:10:02,88.2578125,1
2026-08-14 12:10:02,88.2578125,1
2026-08-14 12:10:02,88.2578125,1
2026-08-14 12:10:02,88.2578125,1
2026-08-14 12:10:02,88.2578125,1
2026-08-14 12:10:02,88.2578125,1
2026-08-14 12:10:03,88.2578125,1
2026-08-14 12:10:03,88.2578125,1
2026-08-14 12:10:03,88.2578125,1
2026-08-14 12:10:03,88.2578125,1
2026-08-14 12:10:03,85.2734375,1
2026-08-14 12:10:03,85.2734375,1
2026-08-14 12:10:03,84.48828125,1
2026-08-14 12:10:03,84.48828125,1
2026-08-14 12:10:03,84.48828125,1
2026-08-14 12:10:03,84.48828125,1
2026-08-14 12:10:03,84.48828125,1
2026-08-14 12:10:03,84.48828125,1
2026-08-14 12:10:03,84.48828125,1
2026-08-14 12:10:03,84.48828125,1
2026-08-14 12:10:03,84.48828125,1
2026-08-14 12:10:03,84.48828125,1
2026-08-14 12:10:03,84.48828125,1
2026-08-14 12:10:03,84.48828125,1
2026-08-14 12:10:03,84.9375,1
2026-08-14 12:10:03,84.9375,1
2026-08-14 12:10:04,84.8828125,1
2026-08-14 12:10:04,84.8828125,1
2026-08-14 12:10:04,84.8828125,1
2026-08-14 12:10:04,84.8828125,1
2026-08-14 12:10:04,84.8828125,1
2026-08-14 12:10:04,84.8828125,1
2026-08-14 12:10:04,84.0390625,1
2026-08-14 12:10:04,84.0390625,1
2026-08-14 12:10:04,84.0390625,1
2026-08-14 12:10:04,84.0390625,1
2026-08-14 12:10:04,84.0390625,1
2026-08-14 12:10:04,84.0390625,1
2026-08-14 12:10:04,84.0390625,1
2026-08-14 12:10:04,84.0390625,1
2026-08-14 12:10:04,84.0390625,1
2026-08-14 12:10:04,84.0390625,1
2026-08-14 12:10:04,84.0390625,1
2026-08-14 12:10:04,84.0390625,1
2026-08-14 12:10:04,84.0390625,1
2026-08-14 12:10:04,84.0390625,1
2026-08-14 12:10:05,84.0390625,1
2026-08-14 12:10:05,84.0390625,1
2026-08-14 12:10:05,84.9375,1
2026-08-14 12:10:05,84.9375,1
2026-08-14 12:10:05,84.9375,1
2026-08-14 12:10:05,84.9375,1
2026-08-14 12:10:05,84.9375,1
2026-08-14 12:10:05,84.9375,1
2026-08-14 12:10:05,84.9375,1
2026-08-14 12:10:05,84.9375,1
2026-08-14 12:10:05,84.9375,1
2026-08-14 12:10:05,84.9375,1
2026-08-14 12:10:05,84.9375,1
2026-08-14 12:10:05,84.9375,1
2026-08-14 12:10:05,84.9375,1
2026-08-14 12:10:05,84.9375,1
2026-08-14 12:10:05,84.9375,1
2026-08-14 12:10:05,84.9375,1
2026-08-14 12:10:05,84.9375,1
2026-08-14 12:10:05,84.9375,1
2026-08-14 12:10:06,84.9375,1
2026-08-14 12:10:06,84.9375,1
2026-08-14 12:10:06,84.9375,1
2026-08-14 12:10:06,84.9375,1
2026-08-14 12:10:06,84.9375,1
2026-08-14 12:10:06,84.9375,1
2026-08-14 12:10:06,84.9375,1
2026-08-14 12:10:06,84.9375,1
2026-08-14 12:10:06,84.9375,1
2026-08-14 12:10:06,84.9375,1
2026-08-14 12:10:06,84.9375,1
2026-08-14 12:10:06,84.9375,1
2026-08-14 12:10:06,84.9375,1
2026-08-14 12:10:06,84.9375,1
2026-08-14 12:10:06,84.9375,1
2026-08-14 12:10:06,84.9375,1
2026-08-14 12:10:06,84.7109375,1
2026-08-14 12:10:06,84.7109375,1
2026-08-14 12:10:06,84.7109375,1
2026-08-14 12:10:06,84.7109375,1
2026-08-14 12:10:07,84.7109375,1
2026-08-14 12:10:07,84.7109375,1
2026-08-14 12:10:07,84.7109375,1
2026-08-14 12:10:07,84.7109375,1
2026-08-14 12:10:07,84.7109375,1
2026-08-14 12:10:07,84.7109375,1
2026-08-14 12:10:07,84.7109375,1
2026-08-14 12:10:07,84.7109375,1
2026-08-14 12:10:07,84.7109375,1
2026-08-14 12:10:07,84.7109375,1
2026-08-14 12:10:07,84.7109375,1
2026-08-14 12:10:07,84.7109375,1
2026-08-14 12:10:07,84.7109375,1
2026-08-14 12:10:07,84.7109375,1
2026-08-14 12:10:07,84.7109375,1
2026-08-14 12:10:07,84.7109375,1
2026-08-14 12:10:07,84.7109375,1
2026-08-14 12:10:07,84.7109375,1
2026-08-14 12:10:07,84.7109375,1
2026-08-14 12:10:07,84.7109375,1
2026-08-14 12:10:08,84.7109375,1
2026-08-14 12:10:08,84.7109375,1
2026-08-14 12:10:08,84.7109375,1
2026-08-14 12:10:08,84.7109375,1
2026-08-14 12:10:08,84.7109375,1
2026-08-14 12:10:08,84.7109375,1
2026-08-14 12:10:08,84.7109375,1
2026-08-14 12:10:08,84.7109375,1
2026-08-14 12:10:08,84.7109375,1
2026-08-14 12:10:08,84.7109375,1
2026-08-14 12:10:08,84.7109375,1
2026-08-14 12:10:08,84.7109375,1
2026-08-14 12:10:08,84.3203125,1
2026-08-14 12:10:08,84.3203125,1
2026-08-14 12:10:08,84.3203125,1
2026-08-14 12:10:08,84.3203125,1
2026-08-14 12:10:08,84.3203125,1
2026-08-14 12:10:08,84.3203125,1
2026-08-14 12:10:08,84.3203125,1
2026-08-14 12:10:08,84.3203125,1
2026-08-14 12:10:09,84.3203125,1
2026-08-14 12:10:09,84.3203125,1
2026-08-14 12:10:09,84.3203125,1
2026-08-14 12:10:09,84.3203125,1
2026-08-14 12:10:09,84.3203125,1
2026-08-14 12:10:09,84.3203125,1
2026-08-14 12:10:09,84.3203125,1
2026-08-14 12:10:09,84.3203125,1
2026-08-14 12:10:09,84.3203125,1
2026-08-14 12:10:09,84.3203125,1
2026-08-14 12:10:09,84.3203125,1
2026-08-14 12:10:09,84.3203125,1
2026-08-14 12:10:09,84.3203125,1
2026-08-14 12:10:09,84.3203125,1
2026-08-14 12:10:09,84.3203125,1
2026-08-14 12:10:09,84.3203125,1
2026-08-14 12:10:09,84.3203125,1
2026-08-14 12:10:09,84.3203125,1
2026-08-14 12:10:09,84.3203125,1
2026-08-14 12:10:09,84.3203125,1
2026-08-14 12:10:10,84.3203125,1
2026-08-14 12:10:10,84.3203125,1
2026-08-14 12:10:10,84.3203125,1
2026-08-14 12:10:10,84.3203125,1
2026-08-14 12:10:10,85.61328125,1
2026-08-14 12:10:10,85.61328125,1
2026-08-14 12:10:10,85.33203125,1
2026-08-14 12:10:10,85.33203125,1
2026-08-14 12:10:10,85.33203125,1
2026-08-14 12:10:10,85.33203125,1
2026-08-14 12:10:10,85.33203125,1
2026-08-14 12:10:10,85.33203125,1
2026-08-14 12:10:10,85.33203125,1
2026-08-14 12:10:10,85.33203125,1
2026-08-14 12:10:10,85.33203125,1
2026-08-14 12:10:10,85.33203125,1
2026-08-14 12:10:10,85.33203125,1
2026-08-14 12:10:10,85.33203125,1
2026-08-14 12:10:10,85.33203125,1
2026-08-14 12:10:10,85.33203125,1
2026-08-14 12:10:11,85.33203125,1
2026-08-14 12:10:11,85.33203125,1
2026-08-14 12:10:11,85.21875,1
2026-08-14 12:10:11,85.21875,1
2026-08-14 12:10:11,85.21875,1
2026-08-14 12:10:11,85.21875,1
2026-08-14 12:10:11,85.21875,1
2026-08-14 12:10:11,85.21875,1
2026-08-14 12:10:11,85.21875,1
2026-08-14 12:10:11,85.21875,1
2026-08-14 12:10:11,85.21875,1
2026-08-14 12:10:11,85.21875,1
2026-08-14 12:10:11,85.21875,1
2026-08-14 12:10:11,85.21875,1
2026-08-14 12:10:11,83.98046875,1
2026-08-14 12:10:11,83.98046875,1
2026-08-14 12:10:11,83.98046875,1
2026-08-14 12:10:11,83.98046875,1
2026-08-14 12:10:11,83.98046875,1
2026-08-14 12:10:11,83.98046875,1
2026-08-14 12:10:12,83.98046875,1
2026-08-14 12:10:12,83.98046875,1
2026-08-14 12:10:12,83.98046875,1
2026-08-14 12:10:12,83.98046875,1
2026-08-14 12:10:12,81.84375,1
2026-08-14 12:10:12,81.84375,1
2026-08-14 12:10:12,81.84375,1
2026-08-14 12:10:12,81.84375,1
2026-08-14 12:10:12,81.84375,1
2026-08-14 12:10:12,81.84375,1
2026-08-14 12:10:12,81.84375,1
2026-08-14 12:10:12,81.84375,1
2026-08-14 12:10:12,81.84375,1
2026-08-14 12:10:12,81.84375,1
2026-08-14 12:10:12,81.84375,1
2026-08-14 12:10:12,81.84375,1
2026-08-14 12:10:12,81.84375,1
2026-08-14 12:10:12,81.84375,1
2026-08-14 12:10:12,81.84375,1
2026-08-14 12:10:12,81.84375,1
2026-08-14 12:10:13,81.84375,1
2026-08-14 12:10:13,81.84375,1
2026-08-14 12:10:13,81.84375,1
2026-08-14 12:10:13,81.84375,1
2026-08-14 12:10:13,81.84375,1
2026-08-14 12:10:13,81.84375,1
2026-08-14 12:10:13,81.84375,1
2026-08-14 12:10:13,81.84375,1
2026-08-14 12:10:13,81.84375,1
2026-08-14 12:10:13,81.84375,1
2026-08-14 12:10:13,81.84375,1
2026-08-14 12:10:13,81.84375,1
2026-08-14 12:10:13,81.84375,1
2026-08-14 12:10:13,81.84375,1
2026-08-14 12:10:13,81.84375,1
2026-08-14 12:10:13,81.84375,1
2026-08-14 12:10:13,81.84375,1
2026-08-14 12:10:13,81.84375,1
2026-08-14 12:10:13,81.84375,1
2026-08-14 12:10:13,81.84375,1
2026-08-14 12:10:14,81.84375,1
2026-08-14 12:10:14,81.84375,1
2026-08-14 12:10:14,81.84375,1
2026-08-14 12:10:14,81.84375,1
2026-08-14 12:10:14,81.84375,1
2026-08-14 12:10:14,81.84375,1
2026-08-14 12:10:14,81.84375,1
2026-08-14 12:10:14,81.84375,1
2026-08-14 12:10:14,81.84375,1
2026-08-14 12:10:14,81.84375,1
2026-08-14 12:10:14,81.84375,1
2026-08-14 12:10:14,81.84375,1
2026-08-14 12:10:14,81.84375,1
2026-08-14 12:10:14,81.84375,1
2026-08-14 12:10:14,81.84375,1
2026-08-14 12:10:14,81.84375,1
2026-08-14 12:10:14,81.84375,1
2026-08-14 12:10:14,81.84375,1
2026-08-14 12:10:14,81.84375,1
2026-08-14 12:10:14,81.84375,1
2026-08-14 12:10:15,81.84375,1
2026-08-14 12:10:15,81.84375,1
2026-08-14 12:10:15,81.84375,1
2026-08-14 12:10:15,81.84375,1
2026-08-14 12:10:15,81.84375,1
2026-08-14 12:10:15,81.84375,1
2026-08-14 12:10:15,81.84375,1
2026-08-14 12:10:15,81.84375,1
2026-08-14 12:10:15,81.84375,1
2026-08-14 12:10:15,81.84375,1
2026-08-14 12:10:15,81.84375,1
2026-08-14 12:10:15,81.84375,1
2026-08-14 12:10:15,81.84375,1
2026-08-14 12:10:15,81.84375,1
2026-08-14 12:10:15,81.84375,1
2026-08-14 12:10:15,81.84375,1
2026-08-14 12:10:15,81.84375,1
2026-08-14 12:10:15,81.84375,1
2026-08-14 12:10:15,81.84375,1
2026-08-14 12:10:15,81.84375,1
2026-08-14 12:10:16,80.71875,1
2026-08-14 12:10:16,80.71875,1
2026-08-14 12:10:16,80.55078125,1
2026-08-14 12:10:16,80.55078125,1
2026-08-14 12:10:16,79.59375,1
2026-08-14 12:10:16,79.59375,1
2026-08-14 12:10:16,79.59375,1
2026-08-14 12:10:16,79.59375,1
2026-08-14 12:10:16,79.59375,1
2026-08-14 12:10:16,79.59375,1
2026-08-14 12:10:16,79.59375,1
2026-08-14 12:10:16,79.59375,1
2026-08-14 12:10:16,79.59375,1
2026-08-14 12:10:16,79.59375,1
2026-08-14 12:10:16,79.59375,1
2026-08-14 12:10:16,79.59375,1
2026-08-14 12:10:16,79.59375,1
2026-08-14 12:10:16,79.59375,1
2026-08-14 12:10:16,79.59375,1
2026-08-14 12:10:16,79.59375,1
2026-08-14 12:10:17,79.59375,1
2026-08-14 12:10:17,79.59375,1
2026-08-14 12:10:17,79.59375,1
2026-08-14 12:10:17,79.59375,1
2026-08-14 12:10:17,79.59375,1
2026-08-14 12:10:17,79.59375,1
2026-08-14 12:10:17,85.2734375,1
2026-08-14 12:10:17,85.2734375,1
2026-08-14 12:10:17,84.7109375,1
2026-08-14 12:10:17,84.7109375,1
2026-08-14 12:10:17,84.7109375,1
2026-08-14 12:10:17,84.7109375,1
2026-08-14 12:10:17,84.7109375,1
2026-08-14 12:10:17,84.7109375,1
2026-08-14 12:10:17,84.7109375,1
2026-08-14 12:10:17,84.7109375,1
2026-08-14 12:10:17,84.7109375,1
2026-08-14 12:10:17,84.7109375,1
2026-08-14 12:10:17,84.7109375,1
2026-08-14 12:10:17,84.7109375,1
2026-08-14 12:10:18,86.17578125,1
2026-08-14 12:10:18,86.17578125,1
2026-08-14 12:10:18,86.17578125,1
2026-08-14 12:10:18,86.17578125,1
2026-08-14 12:10:18,86.17578125,1
2026-08-14 12:10:18,86.17578125,1
2026-08-14 12:10:18,86.17578125,1
2026-08-14 12:10:18,86.17578125,1
2026-08-14 12:10:18,86.17578125,1
2026-08-14 12:10:18,86.17578125,1
2026-08-14 12:10:18,86.17578125,1
2026-08-14 12:10:18,86.17578125,1
2026-08-14 12:10:18,87.01953125,1
2026-08-14 12:10:18,87.01953125,1
2026-08-14 12:10:18,87.01953125,1
2026-08-14 12:10:18,87.01953125,1
2026-08-14 12:10:18,87.01953125,1
2026-08-14 12:10:18,87.01953125,1
2026-08-14 12:10:18,87.01953125,1
2026-08-14 12:10:18,87.01953125,1
2026-08-14 12:10:19,87.01953125,1
2026-08-14 12:10:19,87.01953125,1
2026-08-14 12:10:19,87.01953125,1
2026-08-14 12:10:19,87.01953125,1
2026-08-14 12:10:19,87.8046875,1
2026-08-14 12:10:19,87.8046875,1
2026-08-14 12:10:19,87.8046875,1
2026-08-14 12:10:19,87.8046875,1
2026-08-14 12:10:19,87.8046875,1
2026-08-14 12:10:19,87.8046875,1
2026-08-14 12:10:19,87.8046875,1
2026-08-14 12:10:19,87.8046875,1
2026-08-14 12:10:19,87.8046875,1
2026-08-14 12:10:19,87.8046875,1
2026-08-14 12:10:19,87.8046875,1
2026-08-14 12:10:19,87.8046875,1
2026-08-14 12:10:19,87.8046875,1
2026-08-14 12:10:19,87.8046875,1
2026-08-14 12:10:19,87.8046875,1
2026-08-14 12:10:19,87.8046875,1
2026-08-14 12:10:20,87.8046875,1
2026-08-14 12:10:20,87.8046875,1
2026-08-14 12:10:20,87.8046875,1
2026-08-14 12:10:20,87.8046875,1
2026-08-14 12:10:20,87.8046875,1
2026-08-14 12:10:20,87.8046875,1
2026-08-14 12:10:20,86.73828125,1
2026-08-14 12:10:20,86.73828125,1
2026-08-14 12:10:20,86.34375,1
2026-08-14 12:10:20,86.34375,1
2026-08-14 12:10:20,86.34375,1
2026-08-14 12:10:20,86.34375,1
2026-08-14 12:10:20,86.34375,1
2026-08-14 12:10:20,86.34375,1
2026-08-14 12:10:20,86.34375,1
2026-08-14 12:10:20,86.34375,1
2026-08-14 12:10:20,86.34375,1
2026-08-14 12:10:20,86.34375,1
2026-08-14 12:10:20,86.34375,1
2026-08-14 12:10:20,86.34375,1
2026-08-14 12:10:21,86.34375,1
2026-08-14 12:10:21,86.34375,1
2026-08-14 12:10:21,86.34375,1
2026-08-14 12:10:21,86.34375,1
2026-08-14 12:10:21,86.34375,1
2026-08-14 12:10:21,86.34375,1
2026-08-14 12:10:21,86.34375,1
2026-08-14 12:10:21,86.34375,1
2026-08-14 12:10:21,86.34375,1
2026-08-14 12:10:21,86.34375,1
2026-08-14 12:10:21,86.34375,1
2026-08-14 12:10:21,86.34375,1
2026-08-14 12:10:21,86.34375,1
2026-08-14 12:10:21,86.34375,1
2026-08-14 12:10:21,86.34375,1
2026-08-14 12:10:21,86.34375,1
2026-08-14 12:10:21,86.34375,1
2026-08-14 12:10:21,86.34375,1
2026-08-14 12:10:21,86.34375,1
2026-08-14 12:10:21,86.34375,1
2026-08-14 12:10:22,86.34375,1
2026-08-14 12:10:22,86.34375,1
2026-08-14 12:10:22,86.34375,1
2026-08-14 12:10:22,86.34375,1
2026-08-14 12:10:22,86.34375,1
2026-08-14 12:10:22,86.34375,1
2026-08-14 12:10:22,86.34375,1
2026-08-14 12:10:22,86.34375,1
2026-08-14 12:10:22,86.34375,1
2026-08-14 12:10:22,86.34375,1
2026-08-14 12:10:22,86.34375,1
2026-08-14 12:10:22,86.34375,1
2026-08-14 12:10:22,86.34375,1
2026-08-14 12:10:22,86.34375,1
2026-08-14 12:10:22,86.34375,1
2026-08-14 12:10:22,86.34375,1
2026-08-14 12:10:22,86.34375,1
2026-08-14 12:10:22,86.34375,1
2026-08-14 12:10:22,86.34375,1
2026-08-14 12:10:22,86.34375,1
2026-08-14 12:10:23,86.34375,1
2026-08-14 12:10:23,86.34375,1
2026-08-14 12:10:23,86.34375,1
2026-08-14 12:10:23,86.34375,1
2026-08-14 12:10:23,86.34375,1
2026-08-14 12:10:23,86.34375,1
2026-08-14 12:10:23,86.34375,1
2026-08-14 12:10:23,86.34375,1
2026-08-14 12:10:23,86.34375,1
2026-08-14 12:10:23,86.34375,1
2026-08-14 12:10:23,86.34375,1
2026-08-14 12:10:23,86.34375,1
2026-08-14 12:10:23,86.34375,1
2026-08-14 12:10:23,86.34375,1
2026-08-14 12:10:23,86.34375,1
2026-08-14 12:10:23,86.34375,1
2026-08-14 12:10:23,86.34375,1
2026-08-14 12:10:23,86.34375,1
2026-08-14 12:10:23,86.34375,1
2026-08-14 12:10:23,86.34375,1
2026-08-14 12:10:24,86.34375,1
2026-08-14 12:10:24,86.34375,1
2026-08-14 12:10:24,86.34375,1
2026-08-14 12:10:24,86.34375,1
2026-08-14 12:10:24,86.34375,1
2026-08-14 12:10:24,86.34375,1
2026-08-14 12:10:24,86.34375,1
2026-08-14 12:10:24,86.34375,1
2026-08-14 12:10:24,86.34375,1
2026-08-14 12:10:24,86.34375,1
2026-08-14 12:10:24,86.34375,1
2026-08-14 12:10:24,86.34375,1
2026-08-14 12:10:24,86.34375,1
2026-08-14 12:10:24,86.34375,1
2026-08-14 12:10:24,86.34375,1
2026-08-14 12:10:24,86.34375,1
2026-08-14 12:10:24,86.34375,1
2026-08-14 12:10:24,86.34375,1
2026-08-14 12:10:24,86.34375,1
2026-08-14 12:10:24,86.34375,1
2026-08-14 12:10:25,86.34375,1
2026-08-14 12:10:25,86.34375,1
2026-08-14 12:10:25,86.34375,1
2026-08-14 12:10:25,86.34375,1
2026-08-14 12:10:25,86.34375,1
2026-08-14 12:10:25,86.34375,1
2026-08-14 12:10:25,86.34375,1
2026-08-14 12:10:25,86.34375,1
2026-08-14 12:10:25,86.34375,1
2026-08-14 12:10:25,86.34375,1
2026-08-14 12:10:25,86.34375,1
2026-08-14 12:10:25,86.34375,1
2026-08-14 12:10:25,86.34375,1
2026-08-14 12:10:25,86.34375,1
2026-08-14 12:10:25,86.34375,1
2026-08-14 12:10:25,86.34375,1
2026-08-14 12:10:25,86.34375,1
2026-08-14 12:10:25,86.34375,1
2026-08-14 12:10:25,86.34375,1
2026-08-14 12:10:25,86.34375,1
2026-08-14 12:10:26,86.34375,1
2026-08-14 12:10:26,86.34375,1
2026-08-14 12:10:26,86.34375,1
2026-08-14 12:10:26,86.34375,1
2026-08-14 12:10:26,86.34375,1
2026-08-14 12:10:26,86.34375,1
2026-08-14 12:10:26,86.34375,1
2026-08-14 12:10:26,86.34375,1
2026-08-14 12:10:26,86.34375,1
2026-08-14 12:10:26,86.34375,1
2026-08-14 12:10:26,86.34375,1
2026-08-14 12:10:26,86.34375,1
2026-08-14 12:10:26,86.34375,1
2026-08-14 12:10:26,86.34375,1
2026-08-14 12:10:26,86.34375,1
2026-08-14 12:10:26,86.34375,1
2026-08-14 12:10:26,86.34375,1
2026-08-14 12:10:26,86.34375,1
2026-08-14 12:10:26,86.34375,1
2026-08-14 12:10:26,86.34375,1
2026-08-14 12:10:27,86.34375,1
2026-08-14 12:10:27,86.34375,1
2026-08-14 12:10:27,86.34375,1
2026-08-14 12:10:27,86.34375,1
2026-08-14 12:10:27,86.34375,1
2026-08-14 12:10:27,86.34375,1
2026-08-14 12:10:27,86.34375,1
2026-08-14 12:10:27,86.34375,1
2026-08-14 12:10:27,86.34375,1
2026-08-14 12:10:27,86.34375,1
2026-08-14 12:10:27,86.34375,1
2026-08-14 12:10:27,86.34375,1
2026-08-14 12:10:27,86.34375,1
2026-08-14 12:10:27,86.34375,1
2026-08-14 12:10:27,86.34375,1
2026-08-14 12:10:27,86.34375,1
2026-08-14 12:10:27,86.34375,1
2026-08-14 12:10:27,86.34375,1
2026-08-14 12:10:27,86.34375,1
2026-08-14 12:10:27,86.34375,1
2026-08-14 12:10:28,86.34375,1
2026-08-14 12:10:28,86.34375,1
2026-08-14 12:10:28,86.34375,1
2026-08-14 12:10:28,86.34375,1
2026-08-14 12:10:28,79.70703125,1
2026-08-14 12:10:28,79.70703125,1
2026-08-14 12:10:28,79.70703125,1
2026-08-14 12:10:28,79.70703125,1
2026-08-14 12:10:28,79.70703125,1
2026-08-14 12:10:28,79.70703125,1
2026-08-14 12:10:28,79.70703125,1
2026-08-14 12:10:28,79.70703125,1
2026-08-14 12:10:28,79.70703125,1
2026-08-14 12:10:28,79.70703125,1
2026-08-14 12:10:28,79.70703125,1
2026-08-14 12:10:28,79.70703125,1
2026-08-14 12:10:28,79.70703125,1
2026-08-14 12:10:28,79.70703125,1
2026-08-14 12:10:28,79.70703125,1
2026-08-14 12:10:28,79.70703125,1
2026-08-14 12:10:29,79.70703125,1
2026-08-14 12:10:29,79.70703125,1
2026-08-14 12:10:29,79.70703125,1
2026-08-14 12:10:29,79.70703125,1
2026-08-14 12:10:29,79.70703125,1
2026-08-14 12:10:29,79.70703125,1
2026-08-14 12:10:29,79.70703125,1
2026-08-14 12:10:29,79.70703125,1
2026-08-14 12:10:29,79.70703125,1
2026-08-14 12:10:29,79.70703125,1
2026-08-14 12:10:29,79.70703125,1
2026-08-14 12:10:29,79.70703125,1
2026-08-14 12:10:29,79.70703125,1
2026-08-14 12:10:29,79.70703125,1
2026-08-14 12:10:29,79.70703125,1
2026-08-14 12:10:29,79.70703125,1
2026-08-14 12:10:29,80.4375,1
2026-08-14 12:10:29,80.4375,1
2026-08-14 12:10:29,80.4921875,1
2026-08-14 12:10:29,80.4921875,1
2026-08-14 12:10:30,80.4921875,1
2026-08-14 12:10:30,80.4921875,1
2026-08-14 12:10:30,80.4921875,1
2026-08-14 12:10:30,80.4921875,1
2026-08-14 12:10:30,80.4921875,1
2026-08-14 12:10:30,80.4921875,1
2026-08-14 12:10:30,80.4921875,1
2026-08-14 12:10:30,80.4921875,1
2026-08-14 12:10:30,80.4921875,1
2026-08-14 12:10:30,80.4921875,1
2026-08-14 12:10:30,80.4921875,1
2026-08-14 12:10:30,80.4921875,1
2026-08-14 12:10:30,80.4921875,1
2026-08-14 12:10:30,80.4921875,1
2026-08-14 12:10:30,80.4921875,1
2026-08-14 12:10:30,80.4921875,1
2026-08-14 12:10:30,80.4921875,1
2026-08-14 12:10:30,80.4921875,1
2026-08-14 12:10:30,80.4921875,1
2026-08-14 12:10:30,80.4921875,1
2026-08-14 12:10:31,80.4921875,1
2026-08-14 12:10:31,80.4921875,1
2026-08-14 12:10:31,79.0859375,1
2026-08-14 12:10:31,79.0859375,1
2026-08-14 12:10:31,79.0859375,1
2026-08-14 12:10:31,79.0859375,1
2026-08-14 12:10:31,79.0859375,1
2026-08-14 12:10:31,79.0859375,1
2026-08-14 12:10:31,79.0859375,1
2026-08-14 12:10:31,79.0859375,1
2026-08-14 12:10:31,79.0859375,1
2026-08-14 12:10:31,79.0859375,1
2026-08-14 12:10:31,79.0859375,1
2026-08-14 12:10:31,79.0859375,1
2026-08-14 12:10:31,79.0859375,1
2026-08-14 12:10:31,79.0859375,1
2026-08-14 12:10:31,79.0859375,1
2026-08-14 12:10:31,79.0859375,1
2026-08-14 12:10:31,79.0859375,1
2026-08-14 12:10:31,79.0859375,1
2026-08-14 12:10:32,79.0859375,1
2026-08-14 12:10:32,79.0859375,1
2026-08-14 12:10:32,79.0859375,1
2026-08-14 12:10:32,79.0859375,1
2026-08-14 12:10:32,78.6953125,1
2026-08-14 12:10:32,78.6953125,1
2026-08-14 12:10:32,78.6953125,1
2026-08-14 12:10:32,78.6953125,1
2026-08-14 12:10:32,78.6953125,1
2026-08-14 12:10:32,78.6953125,1
2026-08-14 12:10:32,78.6953125,1
2026-08-14 12:10:32,78.6953125,1
2026-08-14 12:10:32,78.6953125,1
2026-08-14 12:10:32,78.6953125,1
2026-08-14 12:10:32,78.6953125,1
2026-08-14 12:10:32,78.6953125,1
2026-08-14 12:10:32,78.6953125,1
2026-08-14 12:10:32,78.6953125,1
2026-08-14 12:10:32,78.6953125,1
2026-08-14 12:10:32,78.6953125,1
2026-08-14 12:10:33,78.6953125,1
2026-08-14 12:10:33,78.6953125,1
2026-08-14 12:10:33,78.6953125,1
2026-08-14 12:10:33,78.6953125,1
2026-08-14 12:10:33,78.6953125,1
2026-08-14 12:10:33,78.6953125,1
2026-08-14 12:10:33,78.6953125,1
2026-08-14 12:10:33,78.6953125,1
2026-08-14 12:10:33,78.6953125,1
2026-08-14 12:10:33,78.6953125,1
2026-08-14 12:10:33,78.6953125,1
2026-08-14 12:10:33,78.6953125,1
2026-08-14 12:10:33,78.6953125,1
2026-08-14 12:10:33,78.6953125,1
2026-08-14 12:10:33,78.6953125,1
2026-08-14 12:10:33,78.6953125,1
2026-08-14 12:10:33,78.6953125,1
2026-08-14 12:10:33,78.6953125,1
2026-08-14 12:10:33,78.6953125,1
2026-08-14 12:10:33,78.6953125,1
2026-08-14 12:10:34,78.6953125,1
2026-08-14 12:10:34,78.6953125,1
2026-08-14 12:10:34,78.6953125,1
2026-08-14 12:10:34,78.6953125,1
2026-08-14 12:10:34,78.6953125,1
2026-08-14 12:10:34,78.6953125,1
2026-08-14 12:10:34,78.6953125,1
2026-08-14 12:10:34,78.6953125,1
2026-08-14 12:10:34,78.6953125,1
2026-08-14 12:10:34,78.6953125,1
2026-08-14 12:10:34,78.6953125,1
2026-08-14 12:10:34,78.6953125,1
2026-08-14 12:10:34,78.6953125,1
2026-08-14 12:10:34,78.6953125,1
2026-08-14 12:10:34,78.6953125,1
2026-08-14 12:10:34,78.6953125,1
2026-08-14 12:10:34,78.6953125,1
2026-08-14 12:10:34,78.6953125,1
2026-08-14 12:10:34,78.6953125,1
2026-08-14 12:10:34,78.6953125,1
2026-08-14 12:10:35,78.6953125,1
2026-08-14 12:10:35,78.6953125,1
2026-08-14 12:10:35,74.13671875,1
2026-08-14 12:10:35,74.13671875,1
2026-08-14 12:10:35,74.13671875,1
2026-08-14 12:10:35,74.13671875,1
2026-08-14 12:10:35,74.13671875,1
2026-08-14 12:10:35,74.13671875,1
2026-08-14 12:10:35,74.13671875,1
2026-08-14 12:10:35,74.13671875,1
2026-08-14 12:10:35,74.13671875,1
2026-08-14 12:10:35,74.13671875,1
2026-08-14 12:10:35,74.13671875,1
2026-08-14 12:10:35,74.13671875,1
2026-08-14 12:10:35,74.13671875,1
2026-08-14 12:10:35,74.13671875,1
2026-08-14 12:10:35,74.13671875,1
2026-08-14 12:10:35,74.13671875,1
2026-08-14 12:10:35,74.13671875,1
2026-08-14 12:10:35,74.13671875,1
2026-08-14 12:10:36,74.13671875,1
2026-08-14 12:10:36,74.13671875,1
2026-08-14 12:10:36,74.13671875,1
2026-08-14 12:10:36,74.13671875,1
2026-08-14 12:10:36,74.13671875,1
2026-08-14 12:10:36,74.13671875,1
2026-08-14 12:10:36,77.2890625,1
2026-08-14 12:10:36,77.2890625,1
2026-08-14 12:10:36,77.2890625,1
2026-08-14 12:10:36,77.2890625,1
2026-08-14 12:10:36,77.2890625,1
2026-08-14 12:10:36,77.2890625,1
2026-08-14 12:10:36,77.2890625,1
2026-08-14 12:10:36,77.2890625,1
2026-08-14 12:10:36,77.2890625,1
2026-08-14 12:10:36,77.2890625,1
2026-08-14 12:10:36,82.6328125,1
2026-08-14 12:10:36,82.6328125,1
2026-08-14 12:10:36,81.95703125,1
2026-08-14 12:10:36,81.95703125,1
2026-08-14 12:10:37,81.95703125,1
2026-08-14 12:10:37,81.95703125,1
2026-08-14 12:10:37,81.95703125,1
2026-08-14 12:10:37,81.95703125,1
2026-08-14 12:10:37,81.95703125,1
2026-08-14 12:10:37,81.95703125,1
2026-08-14 12:10:37,81.95703125,1
2026-08-14 12:10:37,81.95703125,1
2026-08-14 12:10:37,81.95703125,1
2026-08-14 12:10:37,81.95703125,1
2026-08-14 12:10:37,83.08203125,1
2026-08-14 12:10:37,83.08203125,1
2026-08-14 12:10:37,83.08203125,1
2026-08-14 12:10:37,83.08203125,1
2026-08-14 12:10:37,83.08203125,1
2026-08-14 12:10:37,83.08203125,1
2026-08-14 12:10:37,83.08203125,1
2026-08-14 12:10:37,83.08203125,1
2026-08-14 12:10:37,83.08203125,1
2026-08-14 12:10:37,83.08203125,1
2026-08-14 12:10:38,83.08203125,1
2026-08-14 12:10:38,83.08203125,1
2026-08-14 12:10:38,83.08203125,1
2026-08-14 12:10:38,83.08203125,1
2026-08-14 12:10:38,83.08203125,1
2026-08-14 12:10:38,83.08203125,1
2026-08-14 12:10:38,83.08203125,1
2026-08-14 12:10:38,83.08203125,1
2026-08-14 12:10:38,83.08203125,1
2026-08-14 12:10:38,83.08203125,1
2026-08-14 12:10:38,83.08203125,1
2026-08-14 12:10:38,83.08203125,1
2026-08-14 12:10:38,83.08203125,1
2026-08-14 12:10:38,83.08203125,1
2026-08-14 12:10:38,83.08203125,1
2026-08-14 12:10:38,83.08203125,1
2026-08-14 12:10:38,83.08203125,1
2026-08-14 12:10:38,83.08203125,1
2026-08-14 12:10:38,83.08203125,1
2026-08-14 12:10:38,83.08203125,1
2026-08-14 12:10:39,83.08203125,1
2026-08-14 12:10:39,83.08203125,1
2026-08-14 12:10:39,83.08203125,1
2026-08-14 12:10:39,83.08203125,1
2026-08-14 12:10:39,83.08203125,1
2026-08-14 12:10:39,83.08203125,1
2026-08-14 12:10:39,83.08203125,1
2026-08-14 12:10:39,83.08203125,1
2026-08-14 12:10:39,83.08203125,1
2026-08-14 12:10:39,83.08203125,1
2026-08-14 12:10:39,83.08203125,1
2026-08-14 12:10:39,83.08203125,1
2026-08-14 12:10:39,83.08203125,1
2026-08-14 12:10:39,83.08203125,1
2026-08-14 12:10:39,83.08203125,1
2026-08-14 12:10:39,83.08203125,1
2026-08-14 12:10:39,83.08203125,1
2026-08-14 12:10:39,83.08203125,1
2026-08-14 12:10:39,83.08203125,1
2026-08-14 12:10:39,83.08203125,1
2026-08-14 12:10:40,83.08203125,1
2026-08-14 12:10:40,83.08203125,1
2026-08-14 12:10:40,83.08203125,1
2026-08-14 12:10:40,83.08203125,1
2026-08-14 12:10:40,83.08203125,1
2026-08-14 12:10:40,83.08203125,1
2026-08-14 12:10:40,83.08203125,1
2026-08-14 12:10:40,83.08203125,1
2026-08-14 12:10:40,83.08203125,1
2026-08-14 12:10:40,83.08203125,1
2026-08-14 12:10:40,83.08203125,1
2026-08-14 12:10:40,83.08203125,1
2026-08-14 12:10:40,83.08203125,1
2026-08-14 12:10:40,83.08203125,1
2026-08-14 12:10:40,83.08203125,1
2026-08-14 12:10:40,83.08203125,1
2026-08-14 12:10:40,83.08203125,1
2026-08-14 12:10:40,83.08203125,1
2026-08-14 12:10:40,83.08203125,1
2026-08-14 12:10:40,83.08203125,1
2026-08-14 12:10:41,83.08203125,1
2026-08-14 12:10:41,83.08203125,1
2026-08-14 12:10:41,83.08203125,1
2026-08-14 12:10:41,83.08203125,1
2026-08-14 12:10:41,83.08203125,1
2026-08-14 12:10:41,83.08203125,1
2026-08-14 12:10:41,83.08203125,1
2026-08-14 12:10:41,83.08203125,1
2026-08-14 12:10:41,83.08203125,1
2026-08-14 12:10:41,83.08203125,1
2026-08-14 12:10:41,83.08203125,1
2026-08-14 12:10:41,83.08203125,1
2026-08-14 12:10:41,83.08203125,1
2026-08-14 12:10:41,83.08203125,1
2026-08-14 12:10:41,83.08203125,1
2026-08-14 12:10:41,83.08203125,1
2026-08-14 12:10:41,83.08203125,1
2026-08-14 12:10:41,83.08203125,1
2026-08-14 12:10:41,83.08203125,1
2026-08-14 12:10:41,83.08203125,1
2026-08-14 12:10:42,83.08203125,1
2026-08-14 12:10:42,83.08203125,1
2026-08-14 12:10:42,83.08203125,1
2026-08-14 12:10:42,83.08203125,1
2026-08-14 12:10:42,83.08203125,1
2026-08-14 12:10:42,83.08203125,1
2026-08-14 12:10:42,83.08203125,1
2026-08-14 12:10:42,83.08203125,1
2026-08-14 12:10:42,81.8984375,1
2026-08-14 12:10:42,81.8984375,1
2026-08-14 12:10:42,81.95703125,1
2026-08-14 12:10:42,81.95703125,1
2026-08-14 12:10:42,81.95703125,1
2026-08-14 12:10:42,81.95703125,1
2026-08-14 12:10:42,81.95703125,1
2026-08-14 12:10:42,81.95703125,1
2026-08-14 12:10:42,81.95703125,1
2026-08-14 12:10:42,81.95703125,1
2026-08-14 12:10:42,81.95703125,1
2026-08-14 12:10:42,81.95703125,1
2026-08-14 12:10:43,83.25,1
2026-08-14 12:10:43,83.25,1
2026-08-14 12:10:43,83.08203125,1
2026-08-14 12:10:43,83.08203125,1
2026-08-14 12:10:43,83.08203125,1
2026-08-14 12:10:43,83.08203125,1
2026-08-14 12:10:43,83.08203125,1
2026-08-14 12:10:43,83.08203125,1
2026-08-14 12:10:43,83.08203125,1
2026-08-14 12:10:43,83.08203125,1
2026-08-14 12:10:43,83.08203125,1
2026-08-14 12:10:43,83.08203125,1
2026-08-14 12:10:43,83.08203125,1
2026-08-14 12:10:43,83.08203125,1
2026-08-14 12:10:43,83.08203125,1
2026-08-14 12:10:43,83.08203125,1
2026-08-14 12:10:43,83.08203125,1
2026-08-14 12:10:43,83.08203125,1
2026-08-14 12:10:43,83.08203125,1
2026-08-14 12:10:43,83.08203125,1
2026-08-14 12:10:44,83.08203125,1
2026-08-14 12:10:44,83.08203125,1
2026-08-14 12:10:44,83.08203125,1
2026-08-14 12:10:44,83.08203125,1
2026-08-14 12:10:44,83.08203125,1
2026-08-14 12:10:44,83.08203125,1
2026-08-14 12:10:44,83.08203125,1
2026-08-14 12:10:44,83.08203125,1
2026-08-14 12:10:44,83.08203125,1
2026-08-14 12:10:44,83.08203125,1
2026-08-14 12:10:44,83.08203125,1
2026-08-14 12:10:44,83.08203125,1
2026-08-14 12:10:44,83.08203125,1
2026-08-14 12:10:44,83.08203125,1
2026-08-14 12:10:44,83.08203125,1
2026-08-14 12:10:44,83.08203125,1
2026-08-14 12:10:44,83.08203125,1
2026-08-14 12:10:44,83.08203125,1
2026-08-14 12:10:44,86.3984375,1
2026-08-14 12:10:44,86.3984375,1
2026-08-14 12:10:45,86.3984375,1
2026-08-14 12:10:45,86.3984375,1
2026-08-14 12:10:45,86.3984375,1
2026-08-14 12:10:45,86.3984375,1
2026-08-14 12:10:45,86.3984375,1
2026-08-14 12:10:45,86.3984375,1
2026-08-14 12:10:45,86.3984375,1
2026-08-14 12:10:45,86.3984375,1
2026-08-14 12:10:45,86.3984375,1
2026-08-14 12:10:45,86.3984375,1
2026-08-14 12:10:45,86.3984375,1
2026-08-14 12:10:45,86.3984375,1
2026-08-14 12:10:45,86.3984375,1
2026-08-14 12:10:45,86.3984375,1
2026-08-14 12:10:45,86.3984375,1
2026-08-14 12:10:45,86.3984375,1
2026-08-14 12:10:45,86.3984375,1
2026-08-14 12:10:45,86.3984375,1
2026-08-14 12:10:45,86.3984375,1
2026-08-14 12:10:45,86.3984375,1
2026-08-14 12:10:46,86.3984375,1
2026-08-14 12:10:46,86.3984375,1
2026-08-14 12:10:46,86.3984375,1
2026-08-14 12:10:46,86.3984375,1
2026-08-14 12:10:46,86.3984375,1
2026-08-14 12:10:46,86.3984375,1
2026-08-14 12:10:46,86.3984375,1
2026-08-14 12:10:46,86.3984375,1
2026-08-14 12:10:46,86.3984375,1
2026-08-14 12:10:46,86.3984375,1
2026-08-14 12:10:46,86.51171875,1
2026-08-14 12:10:46,86.51171875,1
2026-08-14 12:10:46,86.45703125,1
2026-08-14 12:10:46,86.45703125,1
2026-08-14 12:10:46,86.45703125,1
2026-08-14 12:10:46,86.45703125,1
2026-08-14 12:10:46,86.45703125,1
2026-08-14 12:10:46,86.45703125,1
2026-08-14 12:10:46,86.45703125,1
2026-08-14 12:10:46,86.45703125,1
2026-08-14 12:10:47,86.45703125,1
2026-08-14 12:10:47,86.45703125,1
2026-08-14 12:10:47,86.45703125,1
2026-08-14 12:10:47,86.45703125,1
2026-08-14 12:10:47,86.1171875,1
2026-08-14 12:10:47,86.1171875,1
2026-08-14 12:10:47,86.1171875,1
2026-08-14 12:10:47,86.1171875,1
2026-08-14 12:10:47,86.1171875,1
2026-08-14 12:10:47,86.1171875,1
2026-08-14 12:10:47,86.1171875,1
2026-08-14 12:10:47,86.1171875,1
2026-08-14 12:10:47,86.1171875,1
2026-08-14 12:10:47,86.1171875,1
2026-08-14 12:10:47,86.45703125,1
2026-08-14 12:10:47,86.45703125,1
2026-08-14 12:10:47,86.45703125,1
2026-08-14 12:10:47,86.45703125,1
2026-08-14 12:10:47,86.45703125,1
2026-08-14 12:10:47,86.45703125,1
2026-08-14 12:10:48,86.45703125,1
2026-08-14 12:10:48,86.45703125,1
2026-08-14 12:10:48,86.45703125,1
2026-08-14 12:10:48,86.45703125,1
2026-08-14 12:10:48,86.45703125,1
2026-08-14 12:10:48,86.45703125,1
2026-08-14 12:10:48,86.45703125,1
2026-08-14 12:10:48,86.45703125,1
2026-08-14 12:10:48,86.45703125,1
2026-08-14 12:10:48,86.45703125,1
2026-08-14 12:10:48,86.45703125,1
2026-08-14 12:10:48,86.45703125,1
2026-08-14 12:10:48,86.45703125,1
2026-08-14 12:10:48,86.45703125,1
2026-08-14 12:10:48,86.45703125,1
2026-08-14 12:10:48,86.45703125,1
2026-08-14 12:10:48,86.45703125,1
2026-08-14 12:10:48,86.45703125,1
2026-08-14 12:10:48,86.45703125,1
2026-08-14 12:10:48,86.45703125,1
2026-08-14 12:10:49,86.45703125,1
2026-08-14 12:10:49,86.45703125,1
2026-08-14 12:10:49,86.45703125,1
2026-08-14 12:10:49,86.45703125,1
2026-08-14 12:10:49,86.45703125,1
2026-08-14 12:10:49,86.45703125,1
2026-08-14 12:10:49,86.45703125,1
2026-08-14 12:10:49,86.45703125,1
2026-08-14 12:10:49,86.45703125,1
2026-08-14 12:10:49,86.45703125,1
2026-08-14 12:10:49,86.73828125,1
2026-08-14 12:10:49,86.73828125,1
2026-08-14 12:10:49,86.73828125,1
2026-08-14 12:10:49,86.73828125,1
2026-08-14 12:10:49,86.73828125,1
2026-08-14 12:10:49,86.73828125,1
2026-08-14 12:10:49,86.73828125,1
2026-08-14 12:10:49,86.73828125,1
2026-08-14 12:10:49,86.73828125,1
2026-08-14 12:10:49,86.73828125,1
2026-08-14 12:10:50,86.73828125,1
2026-08-14 12:10:50,86.73828125,1
2026-08-14 12:10:50,86.73828125,1
2026-08-14 12:10:50,86.73828125,1
2026-08-14 12:10:50,86.73828125,1
2026-08-14 12:10:50,86.73828125,1
2026-08-14 12:10:50,86.73828125,1
2026-08-14 12:10:50,86.73828125,1
2026-08-14 12:10:50,86.73828125,1
2026-08-14 12:10:50,86.73828125,1
2026-08-14 12:10:50,86.73828125,1
2026-08-14 12:10:50,86.73828125,1
2026-08-14 12:10:50,86.73828125,1
2026-08-14 12:10:50,86.73828125,1
2026-08-14 12:10:50,86.73828125,1
2026-08-14 12:10:50,86.73828125,1
2026-08-14 12:10:50,86.73828125,1
2026-08-14 12:10:50,86.73828125,1
2026-08-14 12:10:50,86.73828125,1
2026-08-14 12:10:50,86.73828125,1
2026-08-14 12:10:51,86.73828125,1
2026-08-14 12:10:51,86.73828125,1
2026-08-14 12:10:51,86.73828125,1
2026-08-14 12:10:51,86.73828125,1
2026-08-14 12:10:51,82.85546875,1
2026-08-14 12:10:51,82.85546875,1
2026-08-14 12:10:51,82.85546875,1
2026-08-14 12:10:51,82.85546875,1
2026-08-14 12:10:51,82.85546875,1
2026-08-14 12:10:51,82.85546875,1
2026-08-14 12:10:51,82.85546875,1
2026-08-14 12:10:51,82.85546875,1
2026-08-14 12:10:51,82.85546875,1
2026-08-14 12:10:51,82.85546875,1
2026-08-14 12:10:51,82.85546875,1
2026-08-14 12:10:51,82.85546875,1
2026-08-14 12:10:51,83.5859375,1
2026-08-14 12:10:51,83.5859375,1
2026-08-14 12:10:51,83.5859375,1
2026-08-14 12:10:51,83.5859375,1
2026-08-14 12:10:52,83.5859375,1
2026-08-14 12:10:52,83.5859375,1
2026-08-14 12:10:52,83.5859375,1
2026-08-14 12:10:52,83.5859375,1
2026-08-14 12:10:52,83.5859375,1
2026-08-14 12:10:52,83.5859375,1
2026-08-14 12:10:52,83.5859375,1
2026-08-14 12:10:52,83.5859375,1
2026-08-14 12:10:52,83.5859375,1
2026-08-14 12:10:52,83.5859375,1
2026-08-14 12:10:52,83.5859375,1
2026-08-14 12:10:52,83.5859375,1
2026-08-14 12:10:52,83.5859375,1
2026-08-14 12:10:52,83.5859375,1
2026-08-14 12:10:52,83.5859375,1
2026-08-14 12:10:52,83.5859375,1
2026-08-14 12:10:52,83.5859375,1
2026-08-14 12:10:52,83.5859375,1
2026-08-14 12:10:52,83.5859375,1
2026-08-14 12:10:52,83.5859375,1
2026-08-14 12:10:53,83.5859375,1
2026-08-14 12:10:53,83.5859375,1
2026-08-14 12:10:53,83.5859375,1
2026-08-14 12:10:53,83.5859375,1
2026-08-14 12:10:53,83.5859375,1
2026-08-14 12:10:53,83.5859375,1
2026-08-14 12:10:53,83.5859375,1
2026-08-14 12:10:53,83.5859375,1
2026-08-14 12:10:53,83.5859375,1
2026-08-14 12:10:53,83.5859375,1
2026-08-14 12:10:53,83.5859375,1
2026-08-14 12:10:53,83.5859375,1
2026-08-14 12:10:53,83.5859375,1
2026-08-14 12:10:53,83.5859375,1
2026-08-14 12:10:53,83.5859375,1
2026-08-14 12:10:53,83.5859375,1
2026-08-14 12:10:53,83.5859375,1
2026-08-14 12:10:53,83.5859375,1
2026-08-14 12:10:53,83.5859375,1
2026-08-14 12:10:53,83.5859375,1
2026-08-14 12:10:54,83.5859375,1
2026-08-14 12:10:54,83.5859375,1
2026-08-14 12:10:54,83.25,1
2026-08-14 12:10:54,83.25,1
2026-08-14 12:10:54,83.25,1
2026-08-14 12:10:54,83.25,1
2026-08-14 12:10:54,83.25,1
2026-08-14 12:10:54,83.25,1
2026-08-14 12:10:54,83.25,1
2026-08-14 12:10:54,83.25,1
2026-08-14 12:10:54,83.25,1
2026-08-14 12:10:54,83.25,1
2026-08-14 12:10:54,83.25,1
2026-08-14 12:10:54,83.25,1
2026-08-14 12:10:54,83.41796875,1
2026-08-14 12:10:54,83.41796875,1
2026-08-14 12:10:54,83.41796875,1
2026-08-14 12:10:54,83.41796875,1
2026-08-14 12:10:54,83.41796875,1
2026-08-14 12:10:54,83.41796875,1
2026-08-14 12:10:55,83.41796875,1
2026-08-14 12:10:55,83.41796875,1
2026-08-14 12:10:55,83.41796875,1
2026-08-14 12:10:55,83.41796875,1
2026-08-14 12:10:55,83.41796875,1
2026-08-14 12:10:55,83.41796875,1
2026-08-14 12:10:55,83.41796875,1
2026-08-14 12:10:55,83.41796875,1
2026-08-14 12:10:55,83.41796875,1
2026-08-14 12:10:55,83.41796875,1
2026-08-14 12:10:55,83.41796875,1
2026-08-14 12:10:55,83.41796875,1
2026-08-14 12:10:55,83.41796875,1
2026-08-14 12:10:55,83.41796875,1
2026-08-14 12:10:55,83.41796875,1
2026-08-14 12:10:55,83.41796875,1
2026-08-14 12:10:55,83.41796875,1
2026-08-14 12:10:55,83.41796875,1
2026-08-14 12:10:55,83.41796875,1
2026-08-14 12:10:55,83.41796875,1
2026-08-14 12:10:56,83.41796875,1
2026-08-14 12:10:56,83.41796875,1
2026-08-14 12:10:56,83.41796875,1
2026-08-14 12:10:56,83.41796875,1
2026-08-14 12:10:56,83.41796875,1
2026-08-14 12:10:56,83.41796875,1
2026-08-14 12:10:56,83.41796875,1
2026-08-14 12:10:56,83.41796875,1
2026-08-14 12:10:56,83.08203125,1
2026-08-14 12:10:56,83.08203125,1
2026-08-14 12:10:56,83.08203125,1
2026-08-14 12:10:56,83.08203125,1
2026-08-14 12:10:56,83.08203125,1
2026-08-14 12:10:56,83.08203125,1
2026-08-14 12:10:56,83.08203125,1
2026-08-14 12:10:56,83.08203125,1
2026-08-14 12:10:56,83.08203125,1
2026-08-14 12:10:56,83.08203125,1
2026-08-14 12:10:56,83.08203125,1
2026-08-14 12:10:56,83.08203125,1
2026-08-14 12:10:57,83.08203125,1
2026-08-14 12:10:57,83.08203125,1
2026-08-14 12:10:57,83.08203125,1
2026-08-14 12:10:57,83.08203125,1
2026-08-14 12:10:57,83.08203125,1
2026-08-14 12:10:57,83.08203125,1
2026-08-14 12:10:57,83.08203125,1
2026-08-14 12:10:57,83.08203125,1
2026-08-14 12:10:57,83.08203125,1
2026-08-14 12:10:57,83.08203125,1
2026-08-14 12:10:57,81.28125,1
2026-08-14 12:10:57,81.28125,1
2026-08-14 12:10:57,81.28125,1
2026-08-14 12:10:57,81.28125,1
2026-08-14 12:10:57,81.28125,1
2026-08-14 12:10:57,81.28125,1
2026-08-14 12:10:57,81.28125,1
2026-08-14 12:10:57,81.28125,1
2026-08-14 12:10:57,81.28125,1
2026-08-14 12:10:57,81.28125,1
2026-08-14 12:10:58,81.28125,1
2026-08-14 12:10:58,81.28125,1
2026-08-14 12:10:58,81.28125,1
2026-08-14 12:10:58,81.28125,1
2026-08-14 12:10:58,81.28125,1
2026-08-14 12:10:58,81.28125,1
2026-08-14 12:10:58,81.28125,1
2026-08-14 12:10:58,81.28125,1
2026-08-14 12:10:58,81.28125,1
2026-08-14 12:10:58,81.28125,1
2026-08-14 12:10:58,81.28125,1
2026-08-14 12:10:58,81.28125,1
2026-08-14 12:10:58,81.28125,1
2026-08-14 12:10:58,81.28125,1
2026-08-14 12:10:58,81.28125,1
2026-08-14 12:10:58,81.28125,1
2026-08-14 12:10:58,81.28125,1
2026-08-14 12:10:58,81.28125,1
2026-08-14 12:10:58,81.28125,1
2026-08-14 12:10:58,81.28125,1
2026-08-14 12:10:59,81.28125,1
2026-08-14 12:10:59,81.28125,1
2026-08-14 12:10:59,81.28125,1
2026-08-14 12:10:59,81.28125,1
2026-08-14 12:10:59,81.28125,1
2026-08-14 12:10:59,81.28125,1
2026-08-14 12:10:59,81.7890625,1
2026-08-14 12:10:59,81.7890625,1
2026-08-14 12:10:59,81.7890625,1
2026-08-14 12:10:59,81.7890625,1
2026-08-14 12:10:59,81.7890625,1
2026-08-14 12:10:59,81.7890625,1
2026-08-14 12:10:59,81.7890625,1
2026-08-14 12:10:59,81.7890625,1
2026-08-14 12:10:59,81.7890625,1
2026-08-14 12:10:59,81.7890625,1
2026-08-14 12:10:59,81.7890625,1
2026-08-14 12:10:59,81.7890625,1
2026-08-14 12:10:59,78.2421875,1
2026-08-14 12:10:59,78.2421875,1
2026-08-14 12:11:00,78.2421875,1
2026-08-14 12:11:00,78.2421875,1
2026-08-14 12:11:00,78.2421875,1
2026-08-14 12:11:00,78.2421875,1
2026-08-14 12:11:00,78.2421875,1
2026-08-14 12:11:00,78.2421875,1
2026-08-14 12:11:00,78.2421875,1
2026-08-14 12:11:00,78.2421875,1
2026-08-14 12:11:00,78.2421875,1
2026-08-14 12:11:00,78.2421875,1
2026-08-14 12:11:00,78.2421875,1
2026-08-14 12:11:00,78.2421875,1
2026-08-14 12:11:00,78.2421875,1
2026-08-14 12:11:00,78.2421875,1
2026-08-14 12:11:00,78.2421875,1
2026-08-14 12:11:00,78.2421875,1
2026-08-14 12:11:00,78.2421875,1
2026-08-14 12:11:00,78.2421875,1
2026-08-14 12:11:00,78.2421875,1
2026-08-14 12:11:00,78.2421875,1
2026-08-14 12:11:01,78.2421875,1
2026-08-14 12:11:01,78.2421875,1
2026-08-14 12:11:01,78.2421875,1
2026-08-14 12:11:01,78.2421875,1
2026-08-14 12:11:01,78.2421875,1
2026-08-14 12:11:01,78.2421875,1
2026-08-14 12:11:01,78.2421875,1
2026-08-14 12:11:01,78.2421875,1
2026-08-14 12:11:01,78.2421875,1
2026-08-14 12:11:01,78.2421875,1
2026-08-14 12:11:01,78.2421875,1
2026-08-14 12:11:01,78.2421875,1
2026-08-14 12:11:01,81.0,1
2026-08-14 12:11:01,81.0,1
2026-08-14 12:11:01,81.0,1
2026-08-14 12:11:01,81.0,1
2026-08-14 12:11:01,81.0,1
2026-08-14 12:11:01,81.0,1
2026-08-14 12:11:01,81.0,1
2026-08-14 12:11:01,81.0,1
2026-08-14 12:11:02,81.0,1
2026-08-14 12:11:02,81.0,1
2026-08-14 12:11:02,81.0,1
2026-08-14 12:11:02,81.0,1
2026-08-14 12:11:02,81.0,1
2026-08-14 12:11:02,81.0,1
2026-08-14 12:11:02,81.0,1
2026-08-14 12:11:02,81.0,1
2026-08-14 12:11:02,81.0,1
2026-08-14 12:11:02,81.0,1
2026-08-14 12:11:02,81.0,1
2026-08-14 12:11:02,81.0,1
2026-08-14 12:11:02,81.0,1
2026-08-14 12:11:02,81.0,1
2026-08-14 12:11:02,81.0,1
2026-08-14 12:11:02,81.0,1
2026-08-14 12:11:02,81.0,1
2026-08-14 12:11:02,81.0,1
2026-08-14 12:11:02,81.0,1
2026-08-14 12:11:02,81.0,1
2026-08-14 12:11:03,81.0,1
2026-08-14 12:11:03,81.0,1
2026-08-14 12:11:03,81.0,1
2026-08-14 12:11:03,81.0,1
2026-08-14 12:11:03,81.0,1
2026-08-14 12:11:03,81.0,1
2026-08-14 12:11:03,81.0,1
2026-08-14 12:11:03,81.0,1
2026-08-14 12:11:03,81.0,1
2026-08-14 12:11:03,81.0,1
2026-08-14 12:11:03,81.0,1
2026-08-14 12:11:03,81.0,1
2026-08-14 12:11:03,81.0,1
2026-08-14 12:11:03,81.0,1
2026-08-14 12:11:03,81.0,1
2026-08-14 12:11:03,81.0,1
2026-08-14 12:11:03,79.59375,1
2026-08-14 12:11:03,79.59375,1
2026-08-14 12:11:03,79.59375,1
2026-08-14 12:11:03,79.59375,1
2026-08-14 12:11:04,79.59375,1
2026-08-14 12:11:04,79.59375,1
2026-08-14 12:11:04,79.59375,1
2026-08-14 12:11:04,79.59375,1
2026-08-14 12:11:04,79.59375,1
2026-08-14 12:11:04,79.59375,1
2026-08-14 12:11:04,79.59375,1
2026-08-14 12:11:04,79.59375,1
2026-08-14 12:11:04,79.59375,1
2026-08-14 12:11:04,79.59375,1
2026-08-14 12:11:04,79.59375,1
2026-08-14 12:11:04,79.59375,1
2026-08-14 12:11:04,79.59375,1
2026-08-14 12:11:04,79.59375,1
2026-08-14 12:11:04,79.59375,1
2026-08-14 12:11:04,79.59375,1
2026-08-14 12:11:04,79.59375,1
2026-08-14 12:11:04,79.59375,1
2026-08-14 12:11:04,79.59375,1
2026-08-14 12:11:04,79.59375,1
2026-08-14 12:11:05,79.70703125,1
2026-08-14 12:11:05,79.70703125,1
2026-08-14 12:11:05,79.70703125,1
2026-08-14 12:11:05,79.70703125,1
2026-08-14 12:11:05,79.70703125,1
2026-08-14 12:11:05,79.70703125,1
2026-08-14 12:11:05,79.70703125,1
2026-08-14 12:11:05,79.70703125,1
2026-08-14 12:11:05,79.70703125,1
2026-08-14 12:11:05,79.70703125,1
2026-08-14 12:11:05,79.70703125,1
2026-08-14 12:11:05,79.70703125,1
2026-08-14 12:11:05,79.70703125,1
2026-08-14 12:11:05,79.70703125,1
2026-08-14 12:11:05,79.70703125,1
2026-08-14 12:11:05,79.70703125,1
2026-08-14 12:11:05,79.42578125,1
2026-08-14 12:11:05,79.42578125,1
2026-08-14 12:11:05,79.42578125,1
2026-08-14 12:11:05,79.42578125,1
2026-08-14 12:11:06,79.42578125,1
2026-08-14 12:11:06,79.42578125,1
2026-08-14 12:11:06,79.42578125,1
2026-08-14 12:11:06,79.42578125,1
2026-08-14 12:11:06,79.42578125,1
2026-08-14 12:11:06,79.42578125,1
2026-08-14 12:11:06,79.42578125,1
2026-08-14 12:11:06,79.42578125,1
2026-08-14 12:11:06,79.42578125,1
2026-08-14 12:11:06,79.42578125,1
2026-08-14 12:11:06,78.58203125,1
2026-08-14 12:11:06,78.58203125,1
2026-08-14 12:11:06,78.58203125,1
2026-08-14 12:11:06,78.58203125,1
2026-08-14 12:11:06,78.58203125,1
2026-08-14 12:11:06,78.58203125,1
2026-08-14 12:11:06,78.58203125,1
2026-08-14 12:11:06,78.58203125,1
2026-08-14 12:11:06,78.58203125,1
2026-08-14 12:11:06,78.58203125,1
2026-08-14 12:11:07,73.96875,1
2026-08-14 12:11:07,73.96875,1
2026-08-14 12:11:07,72.7890625,1
2026-08-14 12:11:07,72.7890625,1
2026-08-14 12:11:07,72.7890625,1
2026-08-14 12:11:07,72.7890625,1
2026-08-14 12:11:07,72.7890625,1
2026-08-14 12:11:07,72.7890625,1
2026-08-14 12:11:07,72.7890625,1
2026-08-14 12:11:07,72.7890625,1
2026-08-14 12:11:07,72.7890625,1
2026-08-14 12:11:07,72.7890625,1
2026-08-14 12:11:07,72.7890625,1
2026-08-14 12:11:07,72.7890625,1
2026-08-14 12:11:07,76.89453125,1
2026-08-14 12:11:07,76.89453125,1
2026-08-14 12:11:07,76.89453125,1
2026-08-14 12:11:07,76.89453125,1
2026-08-14 12:11:07,76.89453125,1
2026-08-14 12:11:07,76.89453125,1
2026-08-14 12:11:08,76.89453125,1
2026-08-14 12:11:08,76.89453125,1
2026-08-14 12:11:08,76.89453125,1
2026-08-14 12:11:08,76.89453125,1
2026-08-14 12:11:08,78.91796875,1
2026-08-14 12:11:08,78.91796875,1
2026-08-14 12:11:08,78.91796875,1
2026-08-14 12:11:08,78.91796875,1
2026-08-14 12:11:08,78.91796875,1
2026-08-14 12:11:08,78.91796875,1
2026-08-14 12:11:08,78.91796875,1
2026-08-14 12:11:08,78.91796875,1
2026-08-14 12:11:08,78.91796875,1
2026-08-14 12:11:08,78.91796875,1
2026-08-14 12:11:08,78.91796875,1
2026-08-14 12:11:08,78.91796875,1
2026-08-14 12:11:08,78.91796875,1
2026-08-14 12:11:08,78.91796875,1
2026-08-14 12:11:08,78.91796875,1
2026-08-14 12:11:08,78.91796875,1
2026-08-14 12:11:09,78.91796875,1
2026-08-14 12:11:09,78.91796875,1
2026-08-14 12:11:09,78.91796875,1
2026-08-14 12:11:09,78.91796875,1
2026-08-14 12:11:09,78.91796875,1
2026-08-14 12:11:09,78.91796875,1
2026-08-14 12:11:09,79.19921875,1
2026-08-14 12:11:09,79.19921875,1
2026-08-14 12:11:09,78.86328125,1
2026-08-14 12:11:09,78.86328125,1
2026-08-14 12:11:09,78.86328125,1
2026-08-14 12:11:09,78.86328125,1
2026-08-14 12:11:09,78.86328125,1
2026-08-14 12:11:09,78.86328125,1
2026-08-14 12:11:09,78.86328125,1
2026-08-14 12:11:09,78.86328125,1
2026-08-14 12:11:09,78.86328125,1
2026-08-14 12:11:09,78.86328125,1
2026-08-14 12:11:09,76.5,1
2026-08-14 12:11:09,76.5,1
2026-08-14 12:11:10,76.21875,1
2026-08-14 12:11:10,76.21875,1
2026-08-14 12:11:10,76.21875,1
2026-08-14 12:11:10,76.21875,1
2026-08-14 12:11:10,76.21875,1
2026-08-14 12:11:10,76.21875,1
2026-08-14 12:11:10,76.21875,1
2026-08-14 12:11:10,76.21875,1
2026-08-14 12:11:10,76.21875,1
2026-08-14 12:11:10,76.21875,1
2026-08-14 12:11:10,76.21875,1
2026-08-14 12:11:10,76.21875,1
2026-08-14 12:11:10,76.21875,1
2026-08-14 12:11:10,76.21875,1
2026-08-14 12:11:10,76.21875,1
2026-08-14 12:11:10,76.21875,1
2026-08-14 12:11:10,76.21875,1
2026-08-14 12:11:10,76.21875,1
2026-08-14 12:11:10,76.21875,1
2026-08-14 12:11:10,76.21875,1
2026-08-14 12:11:11,76.21875,1
2026-08-14 12:11:11,76.21875,1
2026-08-14 12:11:11,76.21875,1
2026-08-14 12:11:11,76.21875,1
2026-08-14 12:11:11,76.21875,1
2026-08-14 12:11:11,76.21875,1
2026-08-14 12:11:11,76.21875,1
2026-08-14 12:11:11,76.21875,1
2026-08-14 12:11:11,76.21875,1
2026-08-14 12:11:11,76.21875,1
2026-08-14 12:11:11,76.21875,1
2026-08-14 12:11:11,76.21875,1
2026-08-14 12:11:11,76.21875,1
2026-08-14 12:11:11,76.21875,1
2026-08-14 12:11:11,76.21875,1
2026-08-14 12:11:11,76.21875,1
2026-08-14 12:11:11,76.21875,1
2026-08-14 12:11:11,76.21875,1
2026-08-14 12:11:11,76.21875,1
2026-08-14 12:11:11,76.21875,1
2026-08-14 12:11:12,76.21875,1
2026-08-14 12:11:12,76.21875,1
2026-08-14 12:11:12,76.21875,1
2026-08-14 12:11:12,76.21875,1
2026-08-14 12:11:12,81.5625,1
2026-08-14 12:11:12,81.5625,1
2026-08-14 12:11:12,81.44921875,1
2026-08-14 12:11:12,81.44921875,1
2026-08-14 12:11:12,81.44921875,1
2026-08-14 12:11:12,81.44921875,1
2026-08-14 12:11:12,81.44921875,1
2026-08-14 12:11:12,81.44921875,1
2026-08-14 12:11:12,81.44921875,1
2026-08-14 12:11:12,81.44921875,1
2026-08-14 12:11:12,81.44921875,1
2026-08-14 12:11:12,81.44921875,1
2026-08-14 12:11:12,81.44921875,1
2026-08-14 12:11:12,81.44921875,1
2026-08-14 12:11:12,82.125,1
2026-08-14 12:11:12,82.125,1
2026-08-14 12:11:13,82.125,1
2026-08-14 12:11:13,82.125,1
2026-08-14 12:11:13,82.125,1
2026-08-14 12:11:13,82.125,1
2026-08-14 12:11:13,82.125,1
2026-08-14 12:11:13,82.125,1
2026-08-14 12:11:13,82.125,1
2026-08-14 12:11:13,82.125,1
2026-08-14 12:11:13,82.125,1
2026-08-14 12:11:13,82.125,1
2026-08-14 12:11:13,82.125,1
2026-08-14 12:11:13,82.125,1
2026-08-14 12:11:13,82.125,1
2026-08-14 12:11:13,82.125,1
2026-08-14 12:11:13,82.125,1
2026-08-14 12:11:13,82.125,1
2026-08-14 12:11:13,79.6484375,1
2026-08-14 12:11:13,79.6484375,1
2026-08-14 12:11:13,79.6484375,1
2026-08-14 12:11:13,79.6484375,1
2026-08-14 12:11:14,79.6484375,1
2026-08-14 12:11:14,79.6484375,1
2026-08-14 12:11:14,79.6484375,1
2026-08-14 12:11:14,79.6484375,1
2026-08-14 12:11:14,79.6484375,1
2026-08-14 12:11:14,79.6484375,1
2026-08-14 12:11:14,79.6484375,1
2026-08-14 12:11:14,79.6484375,1
2026-08-14 12:11:14,79.6484375,1
2026-08-14 12:11:14,79.6484375,1
2026-08-14 12:11:14,79.6484375,1
2026-08-14 12:11:14,79.6484375,1
2026-08-14 12:11:14,79.03125,1
2026-08-14 12:11:14,79.03125,1
2026-08-14 12:11:14,79.03125,1
2026-08-14 12:11:14,79.03125,1
2026-08-14 12:11:14,79.03125,1
2026-08-14 12:11:14,79.03125,1
2026-08-14 12:11:14,79.03125,1
2026-08-14 12:11:14,79.03125,1
2026-08-14 12:11:15,79.03125,1
2026-08-14 12:11:15,79.03125,1
2026-08-14 12:11:15,79.03125,1
2026-08-14 12:11:15,79.03125,1
2026-08-14 12:11:15,78.6953125,1
2026-08-14 12:11:15,78.6953125,1
2026-08-14 12:11:15,78.6953125,1
2026-08-14 12:11:15,78.6953125,1
2026-08-14 12:11:15,78.6953125,1
2026-08-14 12:11:15,78.6953125,1
2026-08-14 12:11:15,78.6953125,1
2026-08-14 12:11:15,78.6953125,1
2026-08-14 12:11:15,78.6953125,1
2026-08-14 12:11:15,78.6953125,1
2026-08-14 12:11:15,78.6953125,1
2026-08-14 12:11:15,78.6953125,1
2026-08-14 12:11:15,78.6953125,1
2026-08-14 12:11:15,78.6953125,1
2026-08-14 12:11:15,78.6953125,1
2026-08-14 12:11:15,78.6953125,1
2026-08-14 12:11:16,78.6953125,1
2026-08-14 12:11:16,78.6953125,1
2026-08-14 12:11:16,78.6953125,1
2026-08-14 12:11:16,78.6953125,1
2026-08-14 12:11:16,78.6953125,1
2026-08-14 12:11:16,78.6953125,1
2026-08-14 12:11:16,78.1328125,1
2026-08-14 12:11:16,78.1328125,1
2026-08-14 12:11:16,78.1328125,1
2026-08-14 12:11:16,78.1328125,1
2026-08-14 12:11:16,78.1328125,1
2026-08-14 12:11:16,78.1328125,1
2026-08-14 12:11:16,78.1328125,1
2026-08-14 12:11:16,78.1328125,1
2026-08-14 12:11:16,78.5234375,1
2026-08-14 12:11:16,78.5234375,1
2026-08-14 12:11:16,78.8046875,1
2026-08-14 12:11:16,78.8046875,1
2026-08-14 12:11:16,78.8046875,1
2026-08-14 12:11:16,78.8046875,1
2026-08-14 12:11:17,78.8046875,1
2026-08-14 12:11:17,78.8046875,1
2026-08-14 12:11:17,78.8046875,1
2026-08-14 12:11:17,78.8046875,1
2026-08-14 12:11:17,76.1640625,1
2026-08-14 12:11:17,76.1640625,1
2026-08-14 12:11:17,76.1640625,1
2026-08-14 12:11:17,76.1640625,1
2026-08-14 12:11:17,76.1640625,1
2026-08-14 12:11:17,76.1640625,1
2026-08-14 12:11:17,76.1640625,1
2026-08-14 12:11:17,76.1640625,1
2026-08-14 12:11:17,76.1640625,1
2026-08-14 12:11:17,76.1640625,1
2026-08-14 12:11:17,76.1640625,1
2026-08-14 12:11:17,76.1640625,1
2026-08-14 12:11:17,76.1640625,1
2026-08-14 12:11:17,76.1640625,1
2026-08-14 12:11:17,76.1640625,1
2026-08-14 12:11:17,76.1640625,1
2026-08-14 12:11:18,73.96875,1
2026-08-14 12:11:18,73.96875,1
2026-08-14 12:11:18,73.96875,1
2026-08-14 12:11:18,73.96875,1
2026-08-14 12:11:18,73.96875,1
2026-08-14 12:11:18,73.96875,1
2026-08-14 12:11:18,73.96875,1
2026-08-14 12:11:18,73.96875,1
2026-08-14 12:11:18,73.96875,1
2026-08-14 12:11:18,73.96875,1
2026-08-14 12:11:18,73.96875,1
2026-08-14 12:11:18,73.96875,1
2026-08-14 12:11:18,72.5625,1
2026-08-14 12:11:18,72.5625,1
2026-08-14 12:11:18,72.5625,1
2026-08-14 12:11:18,72.5625,1
2026-08-14 12:11:18,72.5625,1
2026-08-14 12:11:18,72.5625,1
2026-08-14 12:11:18,72.5625,1
2026-08-14 12:11:18,72.5625,1
2026-08-14 12:11:19,72.5625,1
2026-08-14 12:11:19,72.5625,1
2026-08-14 12:11:19,72.5625,1
2026-08-14 12:11:19,72.5625,1
2026-08-14 12:11:19,72.5625,1
2026-08-14 12:11:19,72.5625,1
2026-08-14 12:11:19,72.5625,1
2026-08-14 12:11:19,72.5625,1
2026-08-14 12:11:19,72.5625,1
2026-08-14 12:11:19,72.5625,1
2026-08-14 12:11:19,72.5625,1
2026-08-14 12:11:19,72.5625,1
2026-08-14 12:11:19,72.5625,1
2026-08-14 12:11:19,72.5625,1
2026-08-14 12:11:19,82.6328125,1
2026-08-14 12:11:19,82.6328125,1
2026-08-14 12:11:19,82.6328125,1
2026-08-14 12:11:19,82.6328125,1
2026-08-14 12:11:19,82.6328125,1
2026-08-14 12:11:19,82.6328125,1
2026-08-14 12:11:20,82.6328125,1
2026-08-14 12:11:20,82.6328125,1
2026-08-14 12:11:20,82.6328125,1
2026-08-14 12:11:20,82.6328125,1
2026-08-14 12:11:20,82.6328125,1
2026-08-14 12:11:20,82.6328125,1
2026-08-14 12:11:20,76.5,1
2026-08-14 12:11:20,76.5,1
2026-08-14 12:11:20,76.5,1
2026-08-14 12:11:20,76.5,1
2026-08-14 12:11:20,76.5,1
2026-08-14 12:11:20,76.5,1
2026-08-14 12:11:20,76.5,1
2026-08-14 12:11:20,76.5,1
2026-08-14 12:11:20,76.5,1
2026-08-14 12:11:20,76.5,1
2026-08-14 12:11:20,80.04296875,1
2026-08-14 12:11:20,80.04296875,1
2026-08-14 12:11:20,79.42578125,1
2026-08-14 12:11:20,79.42578125,1
2026-08-14 12:11:21,79.42578125,1
2026-08-14 12:11:21,79.42578125,1
2026-08-14 12:11:21,79.42578125,1
2026-08-14 12:11:21,79.42578125,1
2026-08-14 12:11:21,79.42578125,1
2026-08-14 12:11:21,79.42578125,1
2026-08-14 12:11:21,79.42578125,1
2026-08-14 12:11:21,79.42578125,1
2026-08-14 12:11:21,79.42578125,1
2026-08-14 12:11:21,79.42578125,1
2026-08-14 12:11:21,80.32421875,1
2026-08-14 12:11:21,80.32421875,1
2026-08-14 12:11:21,80.32421875,1
2026-08-14 12:11:21,80.32421875,1
2026-08-14 12:11:21,80.32421875,1
2026-08-14 12:11:21,80.32421875,1
2026-08-14 12:11:21,80.32421875,1
2026-08-14 12:11:21,80.32421875,1
2026-08-14 12:11:21,80.32421875,1
2026-08-14 12:11:21,80.32421875,1
2026-08-14 12:11:22,80.32421875,1
2026-08-14 12:11:22,80.32421875,1
2026-08-14 12:11:22,79.8203125,1
2026-08-14 12:11:22,79.8203125,1
2026-08-14 12:11:22,79.8203125,1
2026-08-14 12:11:22,79.8203125,1
2026-08-14 12:11:22,79.8203125,1
2026-08-14 12:11:22,79.8203125,1
2026-08-14 12:11:22,79.8203125,1
2026-08-14 12:11:22,79.8203125,1
2026-08-14 12:11:22,79.8203125,1
2026-08-14 12:11:22,79.8203125,1
2026-08-14 12:11:22,79.8203125,1
2026-08-14 12:11:22,79.8203125,1
2026-08-14 12:11:22,79.8203125,1
2026-08-14 12:11:22,79.8203125,1
2026-08-14 12:11:22,79.8203125,1
2026-08-14 12:11:22,79.8203125,1
2026-08-14 12:11:22,79.8203125,1
2026-08-14 12:11:22,79.8203125,1
2026-08-14 12:11:23,79.8203125,1
2026-08-14 12:11:23,79.8203125,1
2026-08-14 12:11:23,79.8203125,1
2026-08-14 12:11:23,79.8203125,1
2026-08-14 12:11:23,82.40625,1
2026-08-14 12:11:23,82.40625,1
2026-08-14 12:11:23,82.01171875,1
2026-08-14 12:11:23,82.01171875,1
2026-08-14 12:11:23,82.01171875,1
2026-08-14 12:11:23,82.01171875,1
2026-08-14 12:11:23,82.01171875,1
2026-08-14 12:11:23,82.01171875,1
2026-08-14 12:11:23,82.01171875,1
2026-08-14 12:11:23,82.01171875,1
2026-08-14 12:11:23,82.01171875,1
2026-08-14 12:11:23,82.01171875,1
2026-08-14 12:11:23,82.01171875,1
2026-08-14 12:11:23,82.01171875,1
2026-08-14 12:11:23,83.0234375,1
2026-08-14 12:11:23,83.0234375,1
2026-08-14 12:11:24,83.0234375,1
2026-08-14 12:11:24,83.0234375,1
2026-08-14 12:11:24,83.0234375,1
2026-08-14 12:11:24,83.0234375,1
2026-08-14 12:11:24,83.0234375,1
2026-08-14 12:11:24,83.0234375,1
2026-08-14 12:11:24,83.0234375,1
2026-08-14 12:11:24,83.0234375,1
2026-08-14 12:11:24,83.0234375,1
2026-08-14 12:11:24,83.0234375,1
2026-08-14 12:11:24,83.0234375,1
2026-08-14 12:11:24,83.0234375,1
2026-08-14 12:11:24,83.0234375,1
2026-08-14 12:11:24,83.0234375,1
2026-08-14 12:11:24,83.0234375,1
2026-08-14 12:11:24,83.0234375,1
2026-08-14 12:11:24,83.0234375,1
2026-08-14 12:11:24,83.0234375,1
2026-08-14 12:11:24,83.0234375,1
2026-08-14 12:11:24,83.0234375,1
2026-08-14 12:11:25,82.1796875,1
2026-08-14 12:11:25,82.1796875,1
2026-08-14 12:11:25,82.1796875,1
2026-08-14 12:11:25,82.1796875,1
2026-08-14 12:11:25,82.1796875,1
2026-08-14 12:11:25,82.1796875,1
2026-08-14 12:11:25,82.1796875,1
2026-08-14 12:11:25,82.1796875,1
2026-08-14 12:11:25,82.1796875,1
2026-08-14 12:11:25,82.1796875,1
2026-08-14 12:11:25,82.1796875,1
2026-08-14 12:11:25,82.1796875,1
2026-08-14 12:11:25,82.40625,1
2026-08-14 12:11:25,82.40625,1
2026-08-14 12:11:25,82.3515625,1
2026-08-14 12:11:25,82.3515625,1
2026-08-14 12:11:25,82.3515625,1
2026-08-14 12:11:25,82.3515625,1
2026-08-14 12:11:25,82.3515625,1
2026-08-14 12:11:25,82.3515625,1
2026-08-14 12:11:26,82.3515625,1
2026-08-14 12:11:26,82.3515625,1
2026-08-14 12:11:26,82.3515625,1
2026-08-14 12:11:26,82.3515625,1
2026-08-14 12:11:26,82.3515625,1
2026-08-14 12:11:26,82.3515625,1
2026-08-14 12:11:26,82.3515625,1
2026-08-14 12:11:26,82.3515625,1
2026-08-14 12:11:26,82.3515625,1
2026-08-14 12:11:26,82.3515625,1
2026-08-14 12:11:26,82.3515625,1
2026-08-14 12:11:26,82.3515625,1
2026-08-14 12:11:26,82.3515625,1
2026-08-14 12:11:26,82.3515625,1
2026-08-14 12:11:26,82.3515625,1
2026-08-14 12:11:26,82.3515625,1
2026-08-14 12:11:26,82.3515625,1
2026-08-14 12:11:26,82.3515625,1
2026-08-14 12:11:26,82.3515625,1
2026-08-14 12:11:26,82.3515625,1
2026-08-14 12:11:27,82.3515625,1
2026-08-14 12:11:27,82.3515625,1
2026-08-14 12:11:27,82.3515625,1
2026-08-14 12:11:27,82.3515625,1
2026-08-14 12:11:27,82.3515625,1
2026-08-14 12:11:27,82.3515625,1
2026-08-14 12:11:27,82.3515625,1
2026-08-14 12:11:27,82.3515625,1
2026-08-14 12:11:27,82.3515625,1
2026-08-14 12:11:27,82.3515625,1
2026-08-14 12:11:27,82.3515625,1
2026-08-14 12:11:27,82.3515625,1
2026-08-14 12:11:27,82.3515625,1
2026-08-14 12:11:27,82.3515625,1
2026-08-14 12:11:27,82.3515625,1
2026-08-14 12:11:27,82.3515625,1
2026-08-14 12:11:27,81.0546875,1
2026-08-14 12:11:27,81.0546875,1
2026-08-14 12:11:27,81.0546875,1
2026-08-14 12:11:27,81.0546875,1
2026-08-14 12:11:28,81.0546875,1
2026-08-14 12:11:28,81.0546875,1
2026-08-14 12:11:28,81.0546875,1
2026-08-14 12:11:28,81.0546875,1
2026-08-14 12:11:28,81.0546875,1
2026-08-14 12:11:28,81.0546875,1
2026-08-14 12:11:28,81.0546875,1
2026-08-14 12:11:28,81.0546875,1
2026-08-14 12:11:28,81.0546875,1
2026-08-14 12:11:28,81.0546875,1
2026-08-14 12:11:28,81.0546875,1
2026-08-14 12:11:28,81.0546875,1
2026-08-14 12:11:28,81.0546875,1
2026-08-14 12:11:28,81.0546875,1
2026-08-14 12:11:28,81.0546875,1
2026-08-14 12:11:28,81.0546875,1
2026-08-14 12:11:28,81.0546875,1
2026-08-14 12:11:28,81.0546875,1
2026-08-14 12:11:28,81.0546875,1
2026-08-14 12:11:28,81.0546875,1
2026-08-14 12:11:29,81.0546875,1
2026-08-14 12:11:29,81.0546875,1
2026-08-14 12:11:29,81.0546875,1
2026-08-14 12:11:29,81.0546875,1
2026-08-14 12:11:29,81.0546875,1
2026-08-14 12:11:29,81.0546875,1
2026-08-14 12:11:29,81.0546875,1
2026-08-14 12:11:29,81.0546875,1
2026-08-14 12:11:29,81.0546875,1
2026-08-14 12:11:29,81.0546875,1
2026-08-14 12:11:29,81.7890625,1
2026-08-14 12:11:29,81.7890625,1
2026-08-14 12:11:29,81.7890625,1
2026-08-14 12:11:29,81.7890625,1
2026-08-14 12:11:29,81.7890625,1
2026-08-14 12:11:29,81.7890625,1
2026-08-14 12:11:29,81.7890625,1
2026-08-14 12:11:29,81.7890625,1
2026-08-14 12:11:29,81.7890625,1
2026-08-14 12:11:29,81.7890625,1
2026-08-14 12:11:30,81.7890625,1
2026-08-14 12:11:30,81.7890625,1
2026-08-14 12:11:30,81.7890625,1
2026-08-14 12:11:30,81.7890625,1
2026-08-14 12:11:30,81.16796875,1
2026-08-14 12:11:30,81.16796875,1
2026-08-14 12:11:30,81.16796875,1
2026-08-14 12:11:30,81.16796875,1
2026-08-14 12:11:30,81.16796875,1
2026-08-14 12:11:30,81.16796875,1
2026-08-14 12:11:30,81.16796875,1
2026-08-14 12:11:30,81.16796875,1
2026-08-14 12:11:30,81.16796875,1
2026-08-14 12:11:30,81.16796875,1
2026-08-14 12:11:30,81.16796875,1
2026-08-14 12:11:30,81.16796875,1
2026-08-14 12:11:30,81.73046875,1
2026-08-14 12:11:30,81.73046875,1
2026-08-14 12:11:30,81.73046875,1
2026-08-14 12:11:30,81.73046875,1
2026-08-14 12:11:31,81.73046875,1
2026-08-14 12:11:31,81.73046875,1
2026-08-14 12:11:31,81.73046875,1
2026-08-14 12:11:31,81.73046875,1
2026-08-14 12:11:31,81.73046875,1
2026-08-14 12:11:31,81.73046875,1
2026-08-14 12:11:31,81.73046875,1
2026-08-14 12:11:31,81.73046875,1
2026-08-14 12:11:31,81.73046875,1
2026-08-14 12:11:31,81.73046875,1
2026-08-14 12:11:31,81.73046875,1
2026-08-14 12:11:31,81.73046875,1
2026-08-14 12:11:31,81.73046875,1
2026-08-14 12:11:31,81.73046875,1
2026-08-14 12:11:31,81.73046875,1
2026-08-14 12:11:31,81.73046875,1
2026-08-14 12:11:31,81.73046875,1
2026-08-14 12:11:31,81.73046875,1
2026-08-14 12:11:31,81.73046875,1
2026-08-14 12:11:31,81.73046875,1
2026-08-14 12:11:32,81.73046875,1
2026-08-14 12:11:32,81.73046875,1
2026-08-14 12:11:32,81.73046875,1
2026-08-14 12:11:32,81.73046875,1
2026-08-14 12:11:32,81.73046875,1
2026-08-14 12:11:32,81.73046875,1
2026-08-14 12:11:32,81.73046875,1
2026-08-14 12:11:32,81.73046875,1
2026-08-14 12:11:32,81.73046875,1
2026-08-14 12:11:32,81.73046875,1
2026-08-14 12:11:32,81.73046875,1
2026-08-14 12:11:32,81.73046875,1
2026-08-14 12:11:32,81.5625,1
2026-08-14 12:11:32,81.5625,1
2026-08-14 12:11:32,81.5625,1
2026-08-14 12:11:32,81.5625,1
2026-08-14 12:11:32,81.5625,1
2026-08-14 12:11:32,81.5625,1
2026-08-14 12:11:32,81.5625,1
2026-08-14 12:11:32,81.5625,1
2026-08-14 12:11:33,81.5625,1
2026-08-14 12:11:33,81.5625,1
2026-08-14 12:11:33,81.5625,1
2026-08-14 12:11:33,81.5625,1
2026-08-14 12:11:33,81.16796875,1
2026-08-14 12:11:33,81.16796875,1
2026-08-14 12:11:33,80.88671875,1
2026-08-14 12:11:33,80.88671875,1
2026-08-14 12:11:33,80.88671875,1
2026-08-14 12:11:33,80.88671875,1
2026-08-14 12:11:33,80.88671875,1
2026-08-14 12:11:33,80.88671875,1
2026-08-14 12:11:33,80.88671875,1
2026-08-14 12:11:33,80.88671875,1
2026-08-14 12:11:33,80.88671875,1
2026-08-14 12:11:33,80.88671875,1
2026-08-14 12:11:33,81.95703125,1
2026-08-14 12:11:33,81.95703125,1
2026-08-14 12:11:33,81.95703125,1
2026-08-14 12:11:33,81.95703125,1
2026-08-14 12:11:34,81.95703125,1
2026-08-14 12:11:34,81.95703125,1
2026-08-14 12:11:34,81.95703125,1
2026-08-14 12:11:34,81.95703125,1
2026-08-14 12:11:34,81.95703125,1
2026-08-14 12:11:34,81.95703125,1
2026-08-14 12:11:34,81.95703125,1
2026-08-14 12:11:34,81.95703125,1
2026-08-14 12:11:34,81.95703125,1
2026-08-14 12:11:34,81.95703125,1
2026-08-14 12:11:34,81.95703125,1
2026-08-14 12:11:34,81.95703125,1
2026-08-14 12:11:34,81.95703125,1
2026-08-14 12:11:34,81.95703125,1
2026-08-14 12:11:34,81.95703125,1
2026-08-14 12:11:34,81.95703125,1
2026-08-14 12:11:34,81.95703125,1
2026-08-14 12:11:34,81.95703125,1
2026-08-14 12:11:34,81.95703125,1
2026-08-14 12:11:34,81.95703125,1
2026-08-14 12:11:35,81.95703125,1
2026-08-14 12:11:35,81.95703125,1
2026-08-14 12:11:35,81.95703125,1
2026-08-14 12:11:35,81.95703125,1
2026-08-14 12:11:35,81.95703125,1
2026-08-14 12:11:35,81.95703125,1
2026-08-14 12:11:35,81.95703125,1
2026-08-14 12:11:35,81.95703125,1
2026-08-14 12:11:35,82.51953125,1
2026-08-14 12:11:35,82.51953125,1
2026-08-14 12:11:35,82.0703125,1
2026-08-14 12:11:35,82.0703125,1
2026-08-14 12:11:35,82.0703125,1
2026-08-14 12:11:35,82.0703125,1
2026-08-14 12:11:35,82.0703125,1
2026-08-14 12:11:35,82.0703125,1
2026-08-14 12:11:35,82.0703125,1
2026-08-14 12:11:35,82.0703125,1
2026-08-14 12:11:35,82.0703125,1
2026-08-14 12:11:35,82.0703125,1
2026-08-14 12:11:36,82.0703125,1
2026-08-14 12:11:36,82.0703125,1
2026-08-14 12:11:36,82.29296875,1
2026-08-14 12:11:36,82.29296875,1
2026-08-14 12:11:36,82.29296875,1
2026-08-14 12:11:36,82.29296875,1
2026-08-14 12:11:36,82.29296875,1
2026-08-14 12:11:36,82.29296875,1
2026-08-14 12:11:36,82.29296875,1
2026-08-14 12:11:36,82.29296875,1
2026-08-14 12:11:36,82.29296875,1
2026-08-14 12:11:36,82.29296875,1
2026-08-14 12:11:36,82.29296875,1
2026-08-14 12:11:36,82.29296875,1
2026-08-14 12:11:36,82.29296875,1
2026-08-14 12:11:36,82.29296875,1
2026-08-14 12:11:36,82.29296875,1
2026-08-14 12:11:36,82.29296875,1
2026-08-14 12:11:36,82.29296875,1
2026-08-14 12:11:36,82.29296875,1
2026-08-14 12:11:37,82.29296875,1
2026-08-14 12:11:37,82.29296875,1
2026-08-14 12:11:37,82.29296875,1
2026-08-14 12:11:37,82.29296875,1
2026-08-14 12:11:37,82.29296875,1
2026-08-14 12:11:37,82.29296875,1
2026-08-14 12:11:37,82.29296875,1
2026-08-14 12:11:37,82.29296875,1
2026-08-14 12:11:37,82.29296875,1
2026-08-14 12:11:37,82.29296875,1
2026-08-14 12:11:37,82.29296875,1
2026-08-14 12:11:37,82.29296875,1
2026-08-14 12:11:37,82.29296875,1
2026-08-14 12:11:37,82.29296875,1
2026-08-14 12:11:37,82.6875,1
2026-08-14 12:11:37,82.6875,1
2026-08-14 12:11:37,82.6875,1
2026-08-14 12:11:37,82.6875,1
2026-08-14 12:11:37,82.6875,1
2026-08-14 12:11:37,82.6875,1
2026-08-14 12:11:38,82.6875,1
2026-08-14 12:11:38,82.6875,1
2026-08-14 12:11:38,82.6875,1
2026-08-14 12:11:38,82.6875,1
2026-08-14 12:11:38,82.6875,1
2026-08-14 12:11:38,82.6875,1
2026-08-14 12:11:38,82.4609375,1
2026-08-14 12:11:38,82.4609375,1
2026-08-14 12:11:38,82.4609375,1
2026-08-14 12:11:38,82.4609375,1
2026-08-14 12:11:38,82.4609375,1
2026-08-14 12:11:38,82.4609375,1
2026-08-14 12:11:38,82.4609375,1
2026-08-14 12:11:38,82.4609375,1
2026-08-14 12:11:38,82.4609375,1
2026-08-14 12:11:38,82.4609375,1
2026-08-14 12:11:38,82.4609375,1
2026-08-14 12:11:38,82.4609375,1
2026-08-14 12:11:38,82.57421875,1
2026-08-14 12:11:38,82.57421875,1
2026-08-14 12:11:39,82.57421875,1
2026-08-14 12:11:39,82.57421875,1
2026-08-14 12:11:39,82.57421875,1
2026-08-14 12:11:39,82.57421875,1
2026-08-14 12:11:39,82.57421875,1
2026-08-14 12:11:39,82.57421875,1
2026-08-14 12:11:39,82.57421875,1
2026-08-14 12:11:39,82.57421875,1
2026-08-14 12:11:39,82.57421875,1
2026-08-14 12:11:39,82.57421875,1
2026-08-14 12:11:39,82.57421875,1
2026-08-14 12:11:39,82.57421875,1
2026-08-14 12:11:39,82.57421875,1
2026-08-14 12:11:39,82.57421875,1
2026-08-14 12:11:39,82.57421875,1
2026-08-14 12:11:39,82.57421875,1
2026-08-14 12:11:39,82.57421875,1
2026-08-14 12:11:39,82.57421875,1
2026-08-14 12:11:39,82.57421875,1
2026-08-14 12:11:39,82.57421875,1
2026-08-14 12:11:40,82.57421875,1
2026-08-14 12:11:40,82.57421875,1
2026-08-14 12:11:40,82.23828125,1
2026-08-14 12:11:40,82.23828125,1
2026-08-14 12:11:40,82.23828125,1
2026-08-14 12:11:40,82.23828125,1
2026-08-14 12:11:40,82.23828125,1
2026-08-14 12:11:40,82.23828125,1
2026-08-14 12:11:40,82.23828125,1
2026-08-14 12:11:40,82.23828125,1
2026-08-14 12:11:40,82.23828125,1
2026-08-14 12:11:40,82.23828125,1
2026-08-14 12:11:40,82.23828125,1
2026-08-14 12:11:40,82.23828125,1
2026-08-14 12:11:40,82.23828125,1
2026-08-14 12:11:40,82.23828125,1
2026-08-14 12:11:40,82.23828125,1
2026-08-14 12:11:40,82.23828125,1
2026-08-14 12:11:40,82.23828125,1
2026-08-14 12:11:40,82.23828125,1
2026-08-14 12:11:41,82.23828125,1
2026-08-14 12:11:41,82.23828125,1
2026-08-14 12:11:41,82.23828125,1
2026-08-14 12:11:41,82.23828125,1
2026-08-14 12:11:41,82.23828125,1
2026-08-14 12:11:41,82.23828125,1
2026-08-14 12:11:41,82.23828125,1
2026-08-14 12:11:41,82.23828125,1
2026-08-14 12:11:41,82.23828125,1
2026-08-14 12:11:41,82.23828125,1
2026-08-14 12:11:41,82.23828125,1
2026-08-14 12:11:41,82.23828125,1
2026-08-14 12:11:41,82.23828125,1
2026-08-14 12:11:41,82.23828125,1
2026-08-14 12:11:41,82.23828125,1
2026-08-14 12:11:41,82.23828125,1
2026-08-14 12:11:41,82.40625,1
2026-08-14 12:11:41,82.40625,1
2026-08-14 12:11:41,82.125,1
2026-08-14 12:11:41,82.125,1
2026-08-14 12:11:42,82.125,1
2026-08-14 12:11:42,82.125,1
2026-08-14 12:11:42,82.125,1
2026-08-14 12:11:42,82.125,1
2026-08-14 12:11:42,82.125,1
2026-08-14 12:11:42,82.125,1
2026-08-14 12:11:42,82.125,1
2026-08-14 12:11:42,82.125,1
2026-08-14 12:11:42,82.125,1
2026-08-14 12:11:42,82.125,1
2026-08-14 12:11:42,82.57421875,1
2026-08-14 12:11:42,82.57421875,1
2026-08-14 12:11:42,82.57421875,1
2026-08-14 12:11:42,82.57421875,1
2026-08-14 12:11:42,82.57421875,1
2026-08-14 12:11:42,82.57421875,1
2026-08-14 12:11:42,82.57421875,1
2026-08-14 12:11:42,82.57421875,1
2026-08-14 12:11:42,82.57421875,1
2026-08-14 12:11:42,82.57421875,1
2026-08-14 12:11:43,82.57421875,1
2026-08-14 12:11:43,82.57421875,1
2026-08-14 12:11:43,82.57421875,1
2026-08-14 12:11:43,82.57421875,1
2026-08-14 12:11:43,82.57421875,1
2026-08-14 12:11:43,82.57421875,1
2026-08-14 12:11:43,82.57421875,1
2026-08-14 12:11:43,82.57421875,1
2026-08-14 12:11:43,82.57421875,1
2026-08-14 12:11:43,82.57421875,1
2026-08-14 12:11:43,82.57421875,1
2026-08-14 12:11:43,82.57421875,1
2026-08-14 12:11:43,81.2265625,1
2026-08-14 12:11:43,81.2265625,1
2026-08-14 12:11:43,81.2265625,1
2026-08-14 12:11:43,81.2265625,1
2026-08-14 12:11:43,81.2265625,1
2026-08-14 12:11:43,81.2265625,1
2026-08-14 12:11:43,81.2265625,1
2026-08-14 12:11:43,81.2265625,1
2026-08-14 12:11:44,81.2265625,1
2026-08-14 12:11:44,81.2265625,1
2026-08-14 12:11:44,81.2265625,1
2026-08-14 12:11:44,81.2265625,1
2026-08-14 12:11:44,81.2265625,1
2026-08-14 12:11:44,81.2265625,1
2026-08-14 12:11:44,81.2265625,1
2026-08-14 12:11:44,81.2265625,1
2026-08-14 12:11:44,81.2265625,1
2026-08-14 12:11:44,81.2265625,1
2026-08-14 12:11:44,81.2265625,1
2026-08-14 12:11:44,81.2265625,1
2026-08-14 12:11:44,81.2265625,1
2026-08-14 12:11:44,81.2265625,1
2026-08-14 12:11:44,80.26953125,1
2026-08-14 12:11:44,80.26953125,1
2026-08-14 12:11:44,80.04296875,1
2026-08-14 12:11:44,80.04296875,1
2026-08-14 12:11:44,80.04296875,1
2026-08-14 12:11:44,80.04296875,1
2026-08-14 12:11:45,80.04296875,1
2026-08-14 12:11:45,80.04296875,1
2026-08-14 12:11:45,80.04296875,1
2026-08-14 12:11:45,80.04296875,1
2026-08-14 12:11:45,80.04296875,1
2026-08-14 12:11:45,80.04296875,1
2026-08-14 12:11:45,80.04296875,1
2026-08-14 12:11:45,80.04296875,1
2026-08-14 12:11:45,80.04296875,1
2026-08-14 12:11:45,80.04296875,1
2026-08-14 12:11:45,80.04296875,1
2026-08-14 12:11:45,80.04296875,1
2026-08-14 12:11:45,80.04296875,1
2026-08-14 12:11:45,80.04296875,1
2026-08-14 12:11:45,80.04296875,1
2026-08-14 12:11:45,80.04296875,1
2026-08-14 12:11:45,80.04296875,1
2026-08-14 12:11:45,80.04296875,1
2026-08-14 12:11:45,80.04296875,1
2026-08-14 12:11:45,80.04296875,1
2026-08-14 12:11:46,81.2265625,1
2026-08-14 12:11:46,81.2265625,1
2026-08-14 12:11:46,80.9453125,1
2026-08-14 12:11:46,80.9453125,1
2026-08-14 12:11:46,80.9453125,1
2026-08-14 12:11:46,80.9453125,1
2026-08-14 12:11:46,80.9453125,1
2026-08-14 12:11:46,80.9453125,1
2026-08-14 12:11:46,80.9453125,1
2026-08-14 12:11:46,80.9453125,1
2026-08-14 12:11:46,80.9453125,1
2026-08-14 12:11:46,80.9453125,1
2026-08-14 12:11:46,80.9453125,1
2026-08-14 12:11:46,80.9453125,1
2026-08-14 12:11:46,80.9453125,1
2026-08-14 12:11:46,80.9453125,1
2026-08-14 12:11:46,80.9453125,1
2026-08-14 12:11:46,80.9453125,1
2026-08-14 12:11:46,80.9453125,1
2026-08-14 12:11:46,80.9453125,1
2026-08-14 12:11:47,80.9453125,1
2026-08-14 12:11:47,80.9453125,1
2026-08-14 12:11:47,80.60546875,1
2026-08-14 12:11:47,80.60546875,1
2026-08-14 12:11:47,80.4921875,1
2026-08-14 12:11:47,80.4921875,1
2026-08-14 12:11:47,80.4921875,1
2026-08-14 12:11:47,80.4921875,1
2026-08-14 12:11:47,80.4921875,1
2026-08-14 12:11:47,80.4921875,1
2026-08-14 12:11:47,80.4921875,1
2026-08-14 12:11:47,80.4921875,1
2026-08-14 12:11:47,80.4921875,1
2026-08-14 12:11:47,80.4921875,1
2026-08-14 12:11:47,80.4921875,1
2026-08-14 12:11:47,80.4921875,1
2026-08-14 12:11:47,81.28125,1
2026-08-14 12:11:47,81.28125,1
2026-08-14 12:11:47,81.28125,1
2026-08-14 12:11:47,81.28125,1
2026-08-14 12:11:48,81.28125,1
2026-08-14 12:11:48,81.28125,1
2026-08-14 12:11:48,81.28125,1
2026-08-14 12:11:48,81.28125,1
2026-08-14 12:11:48,83.0234375,1
2026-08-14 12:11:48,83.0234375,1
2026-08-14 12:11:48,83.0234375,1
2026-08-14 12:11:48,83.0234375,1
2026-08-14 12:11:48,83.0234375,1
2026-08-14 12:11:48,83.0234375,1
2026-08-14 12:11:48,83.0234375,1
2026-08-14 12:11:48,83.0234375,1
2026-08-14 12:11:48,83.0234375,1
2026-08-14 12:11:48,83.0234375,1
2026-08-14 12:11:48,83.0234375,1
2026-08-14 12:11:48,83.0234375,1
2026-08-14 12:11:48,83.0234375,1
2026-08-14 12:11:48,83.0234375,1
2026-08-14 12:11:48,83.0234375,1
2026-08-14 12:11:48,83.0234375,1
2026-08-14 12:11:49,83.0234375,1
2026-08-14 12:11:49,83.0234375,1
2026-08-14 12:11:49,83.0234375,1
2026-08-14 12:11:49,83.0234375,1
2026-08-14 12:11:49,81.84375,1
2026-08-14 12:11:49,81.84375,1
2026-08-14 12:11:49,81.84375,1
2026-08-14 12:11:49,81.84375,1
2026-08-14 12:11:49,80.32421875,1
2026-08-14 12:11:49,80.32421875,1
2026-08-14 12:11:49,80.32421875,1
2026-08-14 12:11:49,80.32421875,1
2026-08-14 12:11:49,80.32421875,1
2026-08-14 12:11:49,80.32421875,1
2026-08-14 12:11:49,80.32421875,1
2026-08-14 12:11:49,80.32421875,1
2026-08-14 12:11:49,80.32421875,1
2026-08-14 12:11:49,80.32421875,1
2026-08-14 12:11:49,80.32421875,1
2026-08-14 12:11:49,80.32421875,1
2026-08-14 12:11:50,78.30078125,1
2026-08-14 12:11:50,78.30078125,1
2026-08-14 12:11:50,78.30078125,1
2026-08-14 12:11:50,78.30078125,1
2026-08-14 12:11:50,78.30078125,1
2026-08-14 12:11:50,78.30078125,1
2026-08-14 12:11:50,78.30078125,1
2026-08-14 12:11:50,78.30078125,1
2026-08-14 12:11:50,80.7734375,1
2026-08-14 12:11:50,80.7734375,1
2026-08-14 12:11:50,80.7734375,1
2026-08-14 12:11:50,80.7734375,1
2026-08-14 12:11:50,80.7734375,1
2026-08-14 12:11:50,80.7734375,1
2026-08-14 12:11:50,80.7734375,1
2026-08-14 12:11:50,80.7734375,1
2026-08-14 12:11:50,80.7734375,1
2026-08-14 12:11:50,80.7734375,1
2026-08-14 12:11:50,80.7734375,1
2026-08-14 12:11:50,80.7734375,1
2026-08-14 12:11:51,80.3828125,1
2026-08-14 12:11:51,80.3828125,1
2026-08-14 12:11:51,80.3828125,1
2026-08-14 12:11:51,80.3828125,1
2026-08-14 12:11:51,80.3828125,1
2026-08-14 12:11:51,80.3828125,1
2026-08-14 12:11:51,80.3828125,1
2026-08-14 12:11:51,80.3828125,1
2026-08-14 12:11:51,80.3828125,1
2026-08-14 12:11:51,80.3828125,1
2026-08-14 12:11:51,80.3828125,1
2026-08-14 12:11:51,80.3828125,1
2026-08-14 12:11:51,80.3828125,1
2026-08-14 12:11:51,80.3828125,1
2026-08-14 12:11:51,80.3828125,1
2026-08-14 12:11:51,80.3828125,1
2026-08-14 12:11:51,80.3828125,1
2026-08-14 12:11:51,80.3828125,1
2026-08-14 12:11:51,80.3828125,1
2026-08-14 12:11:51,80.3828125,1
2026-08-14 12:11:52,81.39453125,1
2026-08-14 12:11:52,81.39453125,1
2026-08-14 12:11:52,81.39453125,1
2026-08-14 12:11:52,81.39453125,1
2026-08-14 12:11:52,81.39453125,1
2026-08-14 12:11:52,81.39453125,1
2026-08-14 12:11:52,81.39453125,1
2026-08-14 12:11:52,81.39453125,1
2026-08-14 12:11:52,81.39453125,1
2026-08-14 12:11:52,81.39453125,1
2026-08-14 12:11:52,88.70703125,1
2026-08-14 12:11:52,88.70703125,1
2026-08-14 12:11:52,88.70703125,1
2026-08-14 12:11:52,88.70703125,1
2026-08-14 12:11:52,88.70703125,1
2026-08-14 12:11:52,88.70703125,1
2026-08-14 12:11:52,88.70703125,1
2026-08-14 12:11:52,88.70703125,1
2026-08-14 12:11:52,88.70703125,1
2026-08-14 12:11:52,88.70703125,1
2026-08-14 12:11:53,88.70703125,1
2026-08-14 12:11:53,88.70703125,1
2026-08-14 12:11:53,88.70703125,1
2026-08-14 12:11:53,88.70703125,1
2026-08-14 12:11:53,88.70703125,1
2026-08-14 12:11:53,88.70703125,1
2026-08-14 12:11:53,88.70703125,1
2026-08-14 12:11:53,88.70703125,1
2026-08-14 12:11:53,88.70703125,1
2026-08-14 12:11:53,88.70703125,1
2026-08-14 12:11:53,88.70703125,1
2026-08-14 12:11:53,88.70703125,1
2026-08-14 12:11:53,88.70703125,1
2026-08-14 12:11:53,88.70703125,1
2026-08-14 12:11:53,78.1328125,1
2026-08-14 12:11:53,78.1328125,1
2026-08-14 12:11:53,78.1328125,1
2026-08-14 12:11:53,78.1328125,1
2026-08-14 12:11:53,78.1328125,1
2026-08-14 12:11:53,78.1328125,1
2026-08-14 12:11:54,78.1328125,1
2026-08-14 12:11:54,78.1328125,1
2026-08-14 12:11:54,78.1328125,1
2026-08-14 12:11:54,78.1328125,1
2026-08-14 12:11:54,78.1328125,1
2026-08-14 12:11:54,78.1328125,1
2026-08-14 12:11:54,79.2578125,1
2026-08-14 12:11:54,79.2578125,1
2026-08-14 12:11:54,79.2578125,1
2026-08-14 12:11:54,79.2578125,1
2026-08-14 12:11:54,79.2578125,1
2026-08-14 12:11:54,79.2578125,1
2026-08-14 12:11:54,79.2578125,1
2026-08-14 12:11:54,79.2578125,1
2026-08-14 12:11:54,79.2578125,1
2026-08-14 12:11:54,79.2578125,1
2026-08-14 12:11:54,79.2578125,1
2026-08-14 12:11:54,79.2578125,1
2026-08-14 12:11:54,79.2578125,1
2026-08-14 12:11:54,79.2578125,1
2026-08-14 12:11:55,79.2578125,1
2026-08-14 12:11:55,79.2578125,1
2026-08-14 12:11:55,79.2578125,1
2026-08-14 12:11:55,79.2578125,1
2026-08-14 12:11:55,79.2578125,1
2026-08-14 12:11:55,79.2578125,1
2026-08-14 12:11:55,79.2578125,1
2026-08-14 12:11:55,79.2578125,1
2026-08-14 12:11:55,79.2578125,1
2026-08-14 12:11:55,79.2578125,1
2026-08-14 12:11:55,79.2578125,1
2026-08-14 12:11:55,79.2578125,1
2026-08-14 12:11:55,79.2578125,1
2026-08-14 12:11:55,79.2578125,1
2026-08-14 12:11:55,79.2578125,1
2026-08-14 12:11:55,79.2578125,1
2026-08-14 12:11:55,79.2578125,1
2026-08-14 12:11:55,79.2578125,1
2026-08-14 12:11:55,79.2578125,1
2026-08-14 12:11:55,79.2578125,1
2026-08-14 12:11:56,79.2578125,1
2026-08-14 12:11:56,79.2578125,1
2026-08-14 12:11:56,79.2578125,1
2026-08-14 12:11:56,79.2578125,1
2026-08-14 12:11:56,79.2578125,1
2026-08-14 12:11:56,79.2578125,1
2026-08-14 12:11:56,79.2578125,1
2026-08-14 12:11:56,79.2578125,1
2026-08-14 12:11:56,79.2578125,1
2026-08-14 12:11:56,79.2578125,1
2026-08-14 12:11:56,79.2578125,1
2026-08-14 12:11:56,79.2578125,1
2026-08-14 12:11:56,78.1328125,1
2026-08-14 12:11:56,78.1328125,1
2026-08-14 12:11:56,78.1328125,1
2026-08-14 12:11:56,78.1328125,1
2026-08-14 12:11:56,78.1328125,1
2026-08-14 12:11:56,78.1328125,1
2026-08-14 12:11:56,78.1328125,1
2026-08-14 12:11:56,78.1328125,1
2026-08-14 12:11:57,78.1328125,1
2026-08-14 12:11:57,78.1328125,1
2026-08-14 12:11:57,78.1328125,1
2026-08-14 12:11:57,78.1328125,1
2026-08-14 12:11:57,78.1328125,1
2026-08-14 12:11:57,78.1328125,1
2026-08-14 12:11:57,78.1328125,1
2026-08-14 12:11:57,78.1328125,1
2026-08-14 12:11:57,78.1328125,1
2026-08-14 12:11:57,78.1328125,1
2026-08-14 12:11:57,78.1328125,1
2026-08-14 12:11:57,78.1328125,1
2026-08-14 12:11:57,78.1328125,1
2026-08-14 12:11:57,78.1328125,1
2026-08-14 12:11:57,78.1328125,1
2026-08-14 12:11:57,78.1328125,1
2026-08-14 12:11:57,78.1328125,1
2026-08-14 12:11:57,78.1328125,1
2026-08-14 12:11:57,78.1328125,1
2026-08-14 12:11:57,78.1328125,1
2026-08-14 12:11:58,78.1328125,1
2026-08-14 12:11:58,78.1328125,1
2026-08-14 12:11:58,78.1328125,1
2026-08-14 12:11:58,78.1328125,1
2026-08-14 12:11:58,78.1328125,1
2026-08-14 12:11:58,78.1328125,1
2026-08-14 12:11:58,78.1328125,1
2026-08-14 12:11:58,78.1328125,1
2026-08-14 12:11:58,78.1328125,1
2026-08-14 12:11:58,78.1328125,1
2026-08-14 12:11:58,78.1328125,1
2026-08-14 12:11:58,78.1328125,1
2026-08-14 12:11:58,78.1328125,1
2026-08-14 12:11:58,78.1328125,1
2026-08-14 12:11:58,78.1328125,1
2026-08-14 12:11:58,78.1328125,1
2026-08-14 12:11:58,78.1328125,1
2026-08-14 12:11:58,78.1328125,1
2026-08-14 12:11:58,78.1328125,1
2026-08-14 12:11:58,78.1328125,1
2026-08-14 12:11:59,78.1328125,1
2026-08-14 12:11:59,78.1328125,1
2026-08-14 12:11:59,78.1328125,1
2026-08-14 12:11:59,78.1328125,1
2026-08-14 12:11:59,78.1328125,1
2026-08-14 12:11:59,78.1328125,1
2026-08-14 12:11:59,78.1328125,1
2026-08-14 12:11:59,78.1328125,1
2026-08-14 12:11:59,78.1328125,1
2026-08-14 12:11:59,78.1328125,1
2026-08-14 12:11:59,78.1328125,1
2026-08-14 12:11:59,78.1328125,1
2026-08-14 12:11:59,78.1328125,1
2026-08-14 12:11:59,78.1328125,1
2026-08-14 12:11:59,78.1328125,1
2026-08-14 12:11:59,78.1328125,1
2026-08-14 12:11:59,78.1328125,1
2026-08-14 12:11:59,78.1328125,1
2026-08-14 12:11:59,78.1328125,1
2026-08-14 12:11:59,78.1328125,1
2026-08-14 12:12:00,78.1328125,1
2026-08-14 12:12:00,78.1328125,1
2026-08-14 12:12:00,78.1328125,1
2026-08-14 12:12:00,78.1328125,1
2026-08-14 12:12:00,78.1328125,1
2026-08-14 12:12:00,78.1328125,1
2026-08-14 12:12:00,78.1328125,1
2026-08-14 12:12:00,78.1328125,1
2026-08-14 12:12:00,78.1328125,1
2026-08-14 12:12:00,78.1328125,1
2026-08-14 12:12:00,78.1328125,1
2026-08-14 12:12:00,78.1328125,1
2026-08-14 12:12:00,78.1328125,1
2026-08-14 12:12:00,78.1328125,1
2026-08-14 12:12:00,78.1328125,1
2026-08-14 12:12:00,78.1328125,1
2026-08-14 12:12:00,78.1328125,1
2026-08-14 12:12:00,78.1328125,1
2026-08-14 12:12:00,78.1328125,1
2026-08-14 12:12:00,78.1328125,1
2026-08-14 12:12:01,78.1328125,1
2026-08-14 12:12:01,78.1328125,1
2026-08-14 12:12:01,78.1328125,1
2026-08-14 12:12:01,78.1328125,1
2026-08-14 12:12:01,78.1328125,1
2026-08-14 12:12:01,78.1328125,1
2026-08-14 12:12:01,45.16796875,1
2026-08-14 12:12:01,45.16796875,1
2026-08-14 12:12:01,45.16796875,1
2026-08-14 12:12:01,45.16796875,1
2026-08-14 12:12:01,45.16796875,1
2026-08-14 12:12:01,45.16796875,1
2026-08-14 12:12:01,45.16796875,1
2026-08-14 12:12:01,45.16796875,1
2026-08-14 12:12:01,28.40625,1
2026-08-14 12:12:01,28.40625,1
2026-08-14 12:12:01,28.40625,1
2026-08-14 12:12:01,28.40625,1
2026-08-14 12:12:01,28.125,1
2026-08-14 12:12:01,28.125,1
2026-08-14 12:12:02,28.125,1
2026-08-14 12:12:02,28.125,1
2026-08-14 12:12:02,28.125,1
2026-08-14 12:12:02,28.125,1
2026-08-14 12:12:02,28.125,1
2026-08-14 12:12:02,28.125,1
2026-08-14 12:12:02,28.125,1
2026-08-14 12:12:02,28.125,1
2026-08-14 12:12:02,28.125,1
2026-08-14 12:12:02,28.125,1
2026-08-14 12:12:02,28.125,1
2026-08-14 12:12:02,28.125,1
2026-08-14 12:12:02,28.125,1
2026-08-14 12:12:02,28.125,1
2026-08-14 12:12:02,28.125,1
2026-08-14 12:12:02,28.125,1
2026-08-14 12:12:02,28.125,1
2026-08-14 12:12:02,28.125,1
2026-08-14 12:12:02,28.125,1
2026-08-14 12:12:02,28.125,1
2026-08-14 12:12:03,28.125,1
2026-08-14 12:12:03,28.125,1
2026-08-14 12:12:03,32.1171875,1
2026-08-14 12:12:03,32.1171875,1
2026-08-14 12:12:03,32.23046875,1
2026-08-14 12:12:03,32.23046875,1
2026-08-14 12:12:03,32.23046875,1
2026-08-14 12:12:03,32.23046875,1
2026-08-14 12:12:03,32.23046875,1
2026-08-14 12:12:03,32.23046875,1
2026-08-14 12:12:03,32.23046875,1
2026-08-14 12:12:03,32.23046875,1
2026-08-14 12:12:03,32.23046875,1
2026-08-14 12:12:03,32.23046875,1
2026-08-14 12:12:03,32.23046875,1
2026-08-14 12:12:03,32.23046875,1
2026-08-14 12:12:03,32.23046875,1
2026-08-14 12:12:03,32.23046875,1
2026-08-14 12:12:03,32.23046875,1
2026-08-14 12:12:03,32.23046875,1
2026-08-14 12:12:04,32.23046875,1
2026-08-14 12:12:04,32.23046875,1
2026-08-14 12:12:04,32.23046875,1
2026-08-14 12:12:04,32.23046875,1
2026-08-14 12:12:04,32.23046875,1
2026-08-14 12:12:04,32.23046875,1
2026-08-14 12:12:04,52.3671875,1
2026-08-14 12:12:04,52.3671875,1
2026-08-14 12:12:04,52.3671875,1
2026-08-14 12:12:04,52.3671875,1
2026-08-14 12:12:04,52.3671875,1
2026-08-14 12:12:04,52.3671875,1
2026-08-14 12:12:04,52.3671875,1
2026-08-14 12:12:04,52.3671875,1
2026-08-14 12:12:04,52.3671875,1
2026-08-14 12:12:04,52.3671875,1
2026-08-14 12:12:04,52.3671875,1
2026-08-14 12:12:04,52.3671875,1
2026-08-14 12:12:04,52.3671875,1
2026-08-14 12:12:04,52.3671875,1
2026-08-14 12:12:05,52.3671875,1
2026-08-14 12:12:05,52.3671875,1
2026-08-14 12:12:05,52.3671875,1
2026-08-14 12:12:05,52.3671875,1
2026-08-14 12:12:05,52.3671875,1
2026-08-14 12:12:05,52.3671875,1
2026-08-14 12:12:05,52.3671875,1
2026-08-14 12:12:05,52.3671875,1
2026-08-14 12:12:05,70.70703125,1
2026-08-14 12:12:05,70.70703125,1
2026-08-14 12:12:05,70.70703125,1
2026-08-14 12:12:05,70.70703125,1
2026-08-14 12:12:05,70.70703125,1
2026-08-14 12:12:05,70.70703125,1
2026-08-14 12:12:05,70.70703125,1
2026-08-14 12:12:05,70.70703125,1
2026-08-14 12:12:05,70.70703125,1
2026-08-14 12:12:05,70.70703125,1
2026-08-14 12:12:05,85.7265625,1
2026-08-14 12:12:05,85.7265625,1
2026-08-14 12:12:06,85.7265625,1
2026-08-14 12:12:06,85.7265625,1
2026-08-14 12:12:06,85.7265625,1
2026-08-14 12:12:06,85.7265625,1
2026-08-14 12:12:06,85.7265625,1
2026-08-14 12:12:06,85.7265625,1
2026-08-14 12:12:06,85.7265625,1
2026-08-14 12:12:06,85.7265625,1
2026-08-14 12:12:06,85.7265625,1
2026-08-14 12:12:06,85.7265625,1
2026-08-14 12:12:06,85.7265625,1
2026-08-14 12:12:06,85.7265625,1
2026-08-14 12:12:06,85.7265625,1
2026-08-14 12:12:06,85.7265625,1
2026-08-14 12:12:06,85.7265625,1
2026-08-14 12:12:06,85.7265625,1
2026-08-14 12:12:06,85.7265625,1
2026-08-14 12:12:06,85.7265625,1
2026-08-14 12:12:06,85.7265625,1
2026-08-14 12:12:06,85.7265625,1
2026-08-14 12:12:07,85.7265625,1
2026-08-14 12:12:07,85.7265625,1
2026-08-14 12:12:07,85.7265625,1
2026-08-14 12:12:07,85.7265625,1
2026-08-14 12:12:07,85.7265625,1
2026-08-14 12:12:07,85.7265625,1
2026-08-14 12:12:07,85.7265625,1
2026-08-14 12:12:07,85.7265625,1
2026-08-14 12:12:07,85.7265625,1
2026-08-14 12:12:07,85.7265625,1
2026-08-14 12:12:07,85.7265625,1
2026-08-14 12:12:07,85.7265625,1
2026-08-14 12:12:07,85.7265625,1
2026-08-14 12:12:07,85.7265625,1
2026-08-14 12:12:07,85.7265625,1
2026-08-14 12:12:07,85.7265625,1
2026-08-14 12:12:07,85.7265625,1
2026-08-14 12:12:07,85.7265625,1
2026-08-14 12:12:07,85.7265625,1
2026-08-14 12:12:07,85.7265625,1
2026-08-14 12:12:08,85.7265625,1
2026-08-14 12:12:08,85.7265625,1
2026-08-14 12:12:08,85.7265625,1
2026-08-14 12:12:08,85.7265625,1
2026-08-14 12:12:08,85.7265625,1
2026-08-14 12:12:08,85.7265625,1
2026-08-14 12:12:08,85.7265625,1
2026-08-14 12:12:08,85.7265625,1
2026-08-14 12:12:08,85.7265625,1
2026-08-14 12:12:08,85.7265625,1
2026-08-14 12:12:08,85.7265625,1
2026-08-14 12:12:08,85.7265625,1
2026-08-14 12:12:08,85.7265625,1
2026-08-14 12:12:08,85.7265625,1
2026-08-14 12:12:08,85.7265625,1
2026-08-14 12:12:08,85.7265625,1
2026-08-14 12:12:08,81.16796875,1
2026-08-14 12:12:08,81.16796875,1
2026-08-14 12:12:08,81.16796875,1
2026-08-14 12:12:08,81.16796875,1
2026-08-14 12:12:09,81.16796875,1
2026-08-14 12:12:09,81.16796875,1
2026-08-14 12:12:09,81.16796875,1
2026-08-14 12:12:09,81.16796875,1
2026-08-14 12:12:09,81.16796875,1
2026-08-14 12:12:09,81.16796875,1
2026-08-14 12:12:09,81.16796875,1
2026-08-14 12:12:09,81.16796875,1
2026-08-14 12:12:09,81.16796875,1
2026-08-14 12:12:09,81.16796875,1
2026-08-14 12:12:09,81.16796875,1
2026-08-14 12:12:09,81.16796875,1
2026-08-14 12:12:09,81.16796875,1
2026-08-14 12:12:09,81.16796875,1
2026-08-14 12:12:09,81.16796875,1
2026-08-14 12:12:09,81.16796875,1
2026-08-14 12:12:09,81.16796875,1
2026-08-14 12:12:09,81.16796875,1
2026-08-14 12:12:09,81.16796875,1
2026-08-14 12:12:09,81.16796875,1
2026-08-14 12:12:10,81.16796875,1
2026-08-14 12:12:10,81.16796875,1
2026-08-14 12:12:10,81.16796875,1
2026-08-14 12:12:10,81.16796875,1
2026-08-14 12:12:10,81.16796875,1
2026-08-14 12:12:10,81.16796875,1
2026-08-14 12:12:10,81.16796875,1
2026-08-14 12:12:10,81.16796875,1
2026-08-14 12:12:10,81.16796875,1
2026-08-14 12:12:10,81.16796875,1
2026-08-14 12:12:10,81.16796875,1
2026-08-14 12:12:10,81.16796875,1
2026-08-14 12:12:10,81.16796875,1
2026-08-14 12:12:10,81.16796875,1
2026-08-14 12:12:10,81.16796875,1
2026-08-14 12:12:10,81.16796875,1
2026-08-14 12:12:10,81.16796875,1
2026-08-14 12:12:10,81.16796875,1
2026-08-14 12:12:10,81.16796875,1
2026-08-14 12:12:10,81.16796875,1
2026-08-14 12:12:11,81.16796875,1
2026-08-14 12:12:11,81.16796875,1
2026-08-14 12:12:11,81.16796875,1
2026-08-14 12:12:11,81.16796875,1
2026-08-14 12:12:11,81.16796875,1
2026-08-14 12:12:11,81.16796875,1
2026-08-14 12:12:11,81.16796875,1
2026-08-14 12:12:11,81.16796875,1
2026-08-14 12:12:11,83.92578125,1
2026-08-14 12:12:11,83.92578125,1
2026-08-14 12:12:11,83.92578125,1
2026-08-14 12:12:11,83.92578125,1
2026-08-14 12:12:11,83.92578125,1
2026-08-14 12:12:11,83.92578125,1
2026-08-14 12:12:11,83.92578125,1
2026-08-14 12:12:11,83.92578125,1
2026-08-14 12:12:11,83.92578125,1
2026-08-14 12:12:11,83.92578125,1
2026-08-14 12:12:11,83.92578125,1
2026-08-14 12:12:11,83.92578125,1
2026-08-14 12:12:12,83.92578125,1
2026-08-14 12:12:12,83.92578125,1
2026-08-14 12:12:12,83.92578125,1
2026-08-14 12:12:12,83.92578125,1
2026-08-14 12:12:12,83.8671875,1
2026-08-14 12:12:12,83.8671875,1
2026-08-14 12:12:12,83.8671875,1
2026-08-14 12:12:12,83.8671875,1
2026-08-14 12:12:12,83.8671875,1
2026-08-14 12:12:12,83.8671875,1
2026-08-14 12:12:12,83.8671875,1
2026-08-14 12:12:12,83.8671875,1
2026-08-14 12:12:12,83.8671875,1
2026-08-14 12:12:12,83.8671875,1
2026-08-14 12:12:12,81.84375,1
2026-08-14 12:12:12,81.84375,1
2026-08-14 12:12:12,81.2265625,1
2026-08-14 12:12:12,81.2265625,1
2026-08-14 12:12:12,81.2265625,1
2026-08-14 12:12:12,81.2265625,1
2026-08-14 12:12:13,81.2265625,1
2026-08-14 12:12:13,81.2265625,1
2026-08-14 12:12:13,81.2265625,1
2026-08-14 12:12:13,81.2265625,1
2026-08-14 12:12:13,81.2265625,1
2026-08-14 12:12:13,81.2265625,1
2026-08-14 12:12:13,78.63671875,1
2026-08-14 12:12:13,78.63671875,1
2026-08-14 12:12:13,78.63671875,1
2026-08-14 12:12:13,78.63671875,1
2026-08-14 12:12:13,78.63671875,1
2026-08-14 12:12:13,78.63671875,1
2026-08-14 12:12:13,78.63671875,1
2026-08-14 12:12:13,78.63671875,1
2026-08-14 12:12:13,78.63671875,1
2026-08-14 12:12:13,78.63671875,1
2026-08-14 12:12:13,78.63671875,1
2026-08-14 12:12:13,78.63671875,1
2026-08-14 12:12:13,78.63671875,1
2026-08-14 12:12:13,78.63671875,1
2026-08-14 12:12:14,78.63671875,1
2026-08-14 12:12:14,78.63671875,1
2026-08-14 12:12:14,78.63671875,1
2026-08-14 12:12:14,78.63671875,1
2026-08-14 12:12:14,78.63671875,1
2026-08-14 12:12:14,78.63671875,1
2026-08-14 12:12:14,78.63671875,1
2026-08-14 12:12:14,78.63671875,1
2026-08-14 12:12:14,78.63671875,1
2026-08-14 12:12:14,78.63671875,1
2026-08-14 12:12:14,78.63671875,1
2026-08-14 12:12:14,78.63671875,1
2026-08-14 12:12:14,78.63671875,1
2026-08-14 12:12:14,78.63671875,1
2026-08-14 12:12:14,78.63671875,1
2026-08-14 12:12:14,78.63671875,1
2026-08-14 12:12:14,78.63671875,1
2026-08-14 12:12:14,78.63671875,1
2026-08-14 12:12:14,78.63671875,1
2026-08-14 12:12:14,78.63671875,1
2026-08-14 12:12:15,78.63671875,1
2026-08-14 12:12:15,78.63671875,1
2026-08-14 12:12:15,78.63671875,1
2026-08-14 12:12:15,78.63671875,1
2026-08-14 12:12:15,78.63671875,1
2026-08-14 12:12:15,78.63671875,1
2026-08-14 12:12:15,78.63671875,1
2026-08-14 12:12:15,78.63671875,1
2026-08-14 12:12:15,78.63671875,1
2026-08-14 12:12:15,78.63671875,1
2026-08-14 12:12:15,78.63671875,1
2026-08-14 12:12:15,78.63671875,1
2026-08-14 12:12:15,78.63671875,1
2026-08-14 12:12:15,78.63671875,1
2026-08-14 12:12:15,78.63671875,1
2026-08-14 12:12:15,78.63671875,1
2026-08-14 12:12:15,78.63671875,1
2026-08-14 12:12:15,78.63671875,1
2026-08-14 12:12:15,78.63671875,1
2026-08-14 12:12:15,78.63671875,1
2026-08-14 12:12:16,78.63671875,1
2026-08-14 12:12:16,78.63671875,1
2026-08-14 12:12:16,78.63671875,1
2026-08-14 12:12:16,78.63671875,1
2026-08-14 12:12:16,78.63671875,1
2026-08-14 12:12:16,78.63671875,1
2026-08-14 12:12:16,78.63671875,1
2026-08-14 12:12:16,78.63671875,1
2026-08-14 12:12:16,78.63671875,1
2026-08-14 12:12:16,78.63671875,1
2026-08-14 12:12:16,78.63671875,1
2026-08-14 12:12:16,78.63671875,1
2026-08-14 12:12:16,78.63671875,1
2026-08-14 12:12:16,78.63671875,1
2026-08-14 12:12:16,78.63671875,1
2026-08-14 12:12:16,78.63671875,1
2026-08-14 12:12:16,78.63671875,1
2026-08-14 12:12:16,78.63671875,1
2026-08-14 12:12:16,78.63671875,1
2026-08-14 12:12:16,78.63671875,1
2026-08-14 12:12:17,72.5625,1
2026-08-14 12:12:17,72.5625,1
2026-08-14 12:12:17,72.5625,1
2026-08-14 12:12:17,72.5625,1
2026-08-14 12:12:17,72.5625,1
2026-08-14 12:12:17,72.5625,1
2026-08-14 12:12:17,72.5625,1
2026-08-14 12:12:17,72.5625,1
2026-08-14 12:12:17,72.5625,1
2026-08-14 12:12:17,72.5625,1
2026-08-14 12:12:17,72.5625,1
2026-08-14 12:12:17,72.5625,1
2026-08-14 12:12:17,73.3515625,1
2026-08-14 12:12:17,73.3515625,1
2026-08-14 12:12:17,73.3515625,1
2026-08-14 12:12:17,73.3515625,1
2026-08-14 12:12:17,73.3515625,1
2026-08-14 12:12:17,73.3515625,1
2026-08-14 12:12:17,73.3515625,1
2026-08-14 12:12:17,73.3515625,1
2026-08-14 12:12:18,73.3515625,1
2026-08-14 12:12:18,73.3515625,1
2026-08-14 12:12:18,73.3515625,1
2026-08-14 12:12:18,73.3515625,1
2026-08-14 12:12:18,73.3515625,1
2026-08-14 12:12:18,73.3515625,1
2026-08-14 12:12:18,73.3515625,1
2026-08-14 12:12:18,73.3515625,1
2026-08-14 12:12:18,73.3515625,1
2026-08-14 12:12:18,73.3515625,1
2026-08-14 12:12:18,73.3515625,1
2026-08-14 12:12:18,73.3515625,1
2026-08-14 12:12:18,73.3515625,1
2026-08-14 12:12:18,73.3515625,1
2026-08-14 12:12:18,73.3515625,1
2026-08-14 12:12:18,73.3515625,1
2026-08-14 12:12:18,55.51953125,1
2026-08-14 12:12:18,55.51953125,1
2026-08-14 12:12:18,55.51953125,1
2026-08-14 12:12:18,55.51953125,1
2026-08-14 12:12:19,55.51953125,1
2026-08-14 12:12:19,55.51953125,1
2026-08-14 12:12:19,55.51953125,1
2026-08-14 12:12:19,55.51953125,1
2026-08-14 12:12:19,55.51953125,1
2026-08-14 12:12:19,55.51953125,1
2026-08-14 12:12:19,55.51953125,1
2026-08-14 12:12:19,55.51953125,1
2026-08-14 12:12:19,39.6015625,1
2026-08-14 12:12:19,39.6015625,1
2026-08-14 12:12:19,39.6015625,1
2026-08-14 12:12:19,39.6015625,1
2026-08-14 12:12:19,39.6015625,1
2026-08-14 12:12:19,39.6015625,1
2026-08-14 12:12:19,39.6015625,1
2026-08-14 12:12:19,39.6015625,1
2026-08-14 12:12:19,39.6015625,1
2026-08-14 12:12:19,39.6015625,1
2026-08-14 12:12:19,27.16796875,1
2026-08-14 12:12:19,27.16796875,1
2026-08-14 12:12:20,27.16796875,1
2026-08-14 12:12:20,27.16796875,1
2026-08-14 12:12:20,27.16796875,1
2026-08-14 12:12:20,27.16796875,1
2026-08-14 12:12:20,27.16796875,1
2026-08-14 12:12:20,27.16796875,1
2026-08-14 12:12:20,27.16796875,1
2026-08-14 12:12:20,27.16796875,1
2026-08-14 12:12:20,27.16796875,1
2026-08-14 12:12:20,27.16796875,1
2026-08-14 12:12:20,27.16796875,1
2026-08-14 12:12:20,27.16796875,1
2026-08-14 12:12:20,27.16796875,1
2026-08-14 12:12:20,27.16796875,1
2026-08-14 12:12:20,27.16796875,1
2026-08-14 12:12:20,27.16796875,1
2026-08-14 12:12:20,27.16796875,1
2026-08-14 12:12:20,27.16796875,1
2026-08-14 12:12:20,27.16796875,1
2026-08-14 12:12:20,27.16796875,1
2026-08-14 12:12:21,27.16796875,1
2026-08-14 12:12:21,27.16796875,1
2026-08-14 12:12:21,27.16796875,1
2026-08-14 12:12:21,27.16796875,1
2026-08-14 12:12:21,27.16796875,1
2026-08-14 12:12:21,27.16796875,1
2026-08-14 12:12:21,27.16796875,1
2026-08-14 12:12:21,27.16796875,1
2026-08-14 12:12:21,27.16796875,1
2026-08-14 12:12:21,27.16796875,1
2026-08-14 12:12:21,27.16796875,1
2026-08-14 12:12:21,27.16796875,1
2026-08-14 12:12:21,27.16796875,1
2026-08-14 12:12:21,27.16796875,1
2026-08-14 12:12:21,27.16796875,1
2026-08-14 12:12:21,27.16796875,1
2026-08-14 12:12:21,27.16796875,1
2026-08-14 12:12:21,27.16796875,1
2026-08-14 12:12:21,27.16796875,1
2026-08-14 12:12:21,27.16796875,1
2026-08-14 12:12:22,27.16796875,1
2026-08-14 12:12:22,27.16796875,1
2026-08-14 12:12:22,27.16796875,1
2026-08-14 12:12:22,27.16796875,1
2026-08-14 12:12:22,27.16796875,1
2026-08-14 12:12:22,27.16796875,1
2026-08-14 12:12:22,27.16796875,1
2026-08-14 12:12:22,27.16796875,1
2026-08-14 12:12:22,27.16796875,1
2026-08-14 12:12:22,27.16796875,1
2026-08-14 12:12:22,27.16796875,1
2026-08-14 12:12:22,27.16796875,1
2026-08-14 12:12:22,27.16796875,1
2026-08-14 12:12:22,27.16796875,1
2026-08-14 12:12:22,27.16796875,1
2026-08-14 12:12:22,27.16796875,1
2026-08-14 12:12:22,0.0,1
2026-08-14 12:12:22,0.0,1
2026-08-14 12:12:22,0.0,1
2026-08-14 12:12:22,0.0,1
2026-08-14 12:12:23,0.0,1
2026-08-14 12:12:23,0.0,1
2026-08-14 12:12:23,0.0,1
2026-08-14 12:12:23,0.0,1
2026-08-14 12:12:23,0.0,1
2026-08-14 12:12:23,0.0,1
2026-08-14 12:12:23,0.0,1
2026-08-14 12:12:23,0.0,1
2026-08-14 12:12:23,0.0,1
2026-08-14 12:12:23,0.0,1
2026-08-14 12:12:23,0.0,1
2026-08-14 12:12:23,0.0,1
2026-08-14 12:12:23,0.0,1
2026-08-14 12:12:23,0.0,1
2026-08-14 12:12:23,0.0,1
2026-08-14 12:12:23,0.0,1
2026-08-14 12:12:23,0.0,1
2026-08-14 12:12:23,0.0,1
2026-08-14 12:12:23,0.0,1
2026-08-14 12:12:23,0.0,1
2026-08-14 12:12:24,0.0,1
2026-08-14 12:12:24,0.0,1
2026-08-14 12:12:24,0.0,1
2026-08-14 12:12:24,0.0,1
2026-08-14 12:12:24,0.0,1
2026-08-14 12:12:24,0.0,1
2026-08-14 12:12:24,0.0,1
2026-08-14 12:12:24,0.0,1
2026-08-14 12:12:24,0.0,1
2026-08-14 12:12:24,0.0,1
2026-08-14 12:12:24,0.0,1
2026-08-14 12:12:24,0.0,1
2026-08-14 12:12:24,0.0,1
2026-08-14 12:12:24,0.0,1
2026-08-14 12:12:24,0.0,1
2026-08-14 12:12:24,0.0,1
2026-08-14 12:12:24,0.0,1
2026-08-14 12:12:24,0.0,1
2026-08-14 12:12:24,0.0,1
2026-08-14 12:12:24,0.0,1
2026-08-14 12:12:25,0.0,1
2026-08-14 12:12:25,0.0,1
2026-08-14 12:12:25,0.0,1
2026-08-14 12:12:25,0.0,1
2026-08-14 12:12:25,0.0,1
2026-08-14 12:12:25,0.0,1
2026-08-14 12:12:25,0.0,1
2026-08-14 12:12:25,0.0,1
2026-08-14 12:12:25,0.0,1
2026-08-14 12:12:25,0.0,1
2026-08-14 12:12:25,0.0,1
2026-08-14 12:12:25,0.0,1
2026-08-14 12:12:25,0.0,1
2026-08-14 12:12:25,0.0,1
2026-08-14 12:12:25,0.0,1
2026-08-14 12:12:25,0.0,1
2026-08-14 12:12:25,0.0,1
2026-08-14 12:12:25,0.0,1
2026-08-14 12:12:25,0.0,1
2026-08-14 12:12:25,0.0,1
2026-08-14 12:12:26,0.0,1
2026-08-14 12:12:26,0.0,1
2026-08-14 12:12:26,0.0,1
2026-08-14 12:12:26,0.0,1
2026-08-14 12:12:26,0.0,1
2026-08-14 12:12:26,0.0,1
2026-08-14 12:12:26,0.0,1
2026-08-14 12:12:26,0.0,1
2026-08-14 12:12:26,0.0,1
2026-08-14 12:12:26,0.0,1
2026-08-14 12:12:26,0.0,1
2026-08-14 12:12:26,0.0,1
2026-08-14 12:12:26,0.0,1
2026-08-14 12:12:26,0.0,1
2026-08-14 12:12:26,0.0,1
2026-08-14 12:12:26,0.0,1
2026-08-14 12:12:26,0.0,1
2026-08-14 12:12:26,0.0,1
2026-08-14 12:12:26,0.0,1
2026-08-14 12:12:26,0.0,1
2026-08-14 12:12:27,0.0,1
2026-08-14 12:12:27,0.0,1
2026-08-14 12:12:27,0.0,1
2026-08-14 12:12:27,0.0,1
2026-08-14 12:12:27,0.0,1
2026-08-14 12:12:27,0.0,1
2026-08-14 12:12:27,0.0,1
2026-08-14 12:12:27,0.0,1
2026-08-14 12:12:27,0.0,1
2026-08-14 12:12:27,0.0,1
2026-08-14 12:12:27,0.0,1
2026-08-14 12:12:27,0.0,1
2026-08-14 12:12:27,0.0,1
2026-08-14 12:12:27,0.0,1
2026-08-14 12:12:27,0.0,1
2026-08-14 12:12:27,0.0,1
2026-08-14 12:12:27,0.0,1
2026-08-14 12:12:27,0.0,1
2026-08-14 12:12:27,0.0,1
2026-08-14 12:12:27,0.0,1
2026-08-14 12:12:28,0.0,1
2026-08-14 12:12:28,0.0,1
2026-08-14 12:12:28,0.0,1
2026-08-14 12:12:28,0.0,1
2026-08-14 12:12:28,0.0,1
2026-08-14 12:12:28,0.0,1
2026-08-14 12:12:28,0.0,1
2026-08-14 12:12:28,0.0,1
2026-08-14 12:12:28,0.0,1
2026-08-14 12:12:28,0.0,1
2026-08-14 12:12:28,0.0,1
2026-08-14 12:12:28,0.0,1
2026-08-14 12:12:28,0.0,1
2026-08-14 12:12:28,0.0,1
2026-08-14 12:12:28,0.0,1
2026-08-14 12:12:28,0.0,1
2026-08-14 12:12:28,0.0,1
2026-08-14 12:12:28,0.0,1
2026-08-14 12:12:28,0.0,1
2026-08-14 12:12:28,0.0,1
2026-08-14 12:12:29,0.0,1
2026-08-14 12:12:29,0.0,1
2026-08-14 12:12:29,0.0,1
2026-08-14 12:12:29,0.0,1
2026-08-14 12:12:29,0.0,1
2026-08-14 12:12:29,0.0,1
2026-08-14 12:12:29,0.0,1
2026-08-14 12:12:29,0.0,1
2026-08-14 12:12:29,0.0,1
2026-08-14 12:12:29,0.0,1
2026-08-14 12:12:29,0.0,1
2026-08-14 12:12:29,0.0,1
2026-08-14 12:12:29,0.0,1
2026-08-14 12:12:29,0.0,1
2026-08-14 12:12:29,0.0,1
2026-08-14 12:12:29,0.0,1
2026-08-14 12:12:29,0.0,1
2026-08-14 12:12:29,0.0,1
2026-08-14 12:12:29,0.0,1
2026-08-14 12:12:29,0.0,1
2026-08-14 12:12:30,0.0,1
2026-08-14 12:12:30,0.0,1
2026-08-14 12:12:30,0.0,1
2026-08-14 12:12:30,0.0,1
2026-08-14 12:12:30,0.0,1
2026-08-14 12:12:30,0.0,1
2026-08-14 12:12:30,0.0,1
2026-08-14 12:12:30,0.0,1
2026-08-14 12:12:30,0.0,1
2026-08-14 12:12:30,0.0,1
2026-08-14 12:12:30,0.0,1
2026-08-14 12:12:30,0.0,1
2026-08-14 12:12:30,0.0,1
2026-08-14 12:12:30,0.0,1
2026-08-14 12:12:30,0.0,1
2026-08-14 12:12:30,0.0,1
2026-08-14 12:12:30,0.0,1
2026-08-14 12:12:30,0.0,1
2026-08-14 12:12:30,0.0,1
2026-08-14 12:12:30,0.0,1
2026-08-14 12:12:31,0.0,1
2026-08-14 12:12:31,0.0,1
2026-08-14 12:12:31,0.0,1
2026-08-14 12:12:31,0.0,1
2026-08-14 12:12:31,0.0,1
2026-08-14 12:12:31,0.0,1
2026-08-14 12:12:31,0.0,1
2026-08-14 12:12:31,0.0,1
2026-08-14 12:12:31,0.0,1
2026-08-14 12:12:31,0.0,1
2026-08-14 12:12:31,0.0,1
2026-08-14 12:12:31,0.0,1
2026-08-14 12:12:31,0.0,1
2026-08-14 12:12:31,0.0,1
2026-08-14 12:12:31,0.0,1
2026-08-14 12:12:31,0.0,1
2026-08-14 12:12:31,0.0,1
2026-08-14 12:12:31,0.0,1
2026-08-14 12:12:31,0.0,1
2026-08-14 12:12:31,0.0,1
2026-08-14 12:12:32,0.0,1
2026-08-14 12:12:32,0.0,1
2026-08-14 12:12:32,0.0,1
2026-08-14 12:12:32,0.0,1
2026-08-14 12:12:32,0.0,1
2026-08-14 12:12:32,0.0,1
2026-08-14 12:12:32,0.0,1
2026-08-14 12:12:32,0.0,1
2026-08-14 12:12:32,0.0,1
2026-08-14 12:12:32,0.0,1
2026-08-14 12:12:32,0.0,1
2026-08-14 12:12:32,0.0,1
2026-08-14 12:12:32,0.0,1
2026-08-14 12:12:32,0.0,1
2026-08-14 12:12:32,0.0,1
2026-08-14 12:12:32,0.0,1
2026-08-14 12:12:32,0.0,1
2026-08-14 12:12:32,0.0,1
2026-08-14 12:12:32,0.0,1
2026-08-14 12:12:32,0.0,1
2026-08-14 12:12:33,0.0,1
2026-08-14 12:12:33,0.0,1
2026-08-14 12:12:33,0.0,1
2026-08-14 12:12:33,0.0,1
2026-08-14 12:12:33,0.0,1
2026-08-14 12:12:33,0.0,1
2026-08-14 12:12:33,0.0,1
2026-08-14 12:12:33,0.0,1
2026-08-14 12:12:33,0.0,1
2026-08-14 12:12:33,0.0,1
2026-08-14 12:12:33,0.0,1
2026-08-14 12:12:33,0.0,1
2026-08-14 12:12:33,0.0,1
2026-08-14 12:12:33,0.0,1
2026-08-14 12:12:33,0.0,1
2026-08-14 12:12:33,0.0,1
2026-08-14 12:12:33,0.0,1
2026-08-14 12:12:33,0.0,1
2026-08-14 12:12:33,0.0,1
2026-08-14 12:12:33,0.0,1
2026-08-14 12:12:34,0.0,1
2026-08-14 12:12:34,0.0,1
2026-08-14 12:12:34,0.0,1
2026-08-14 12:12:34,0.0,1
2026-08-14 12:12:34,0.0,1
2026-08-14 12:12:34,0.0,1
2026-08-14 12:12:34,0.0,1
2026-08-14 12:12:34,0.0,1
2026-08-14 12:12:34,0.0,1
2026-08-14 12:12:34,0.0,1
2026-08-14 12:12:34,0.0,1
2026-08-14 12:12:34,0.0,1
2026-08-14 12:12:34,0.0,1
2026-08-14 12:12:34,0.0,1
2026-08-14 12:12:34,0.0,1
2026-08-14 12:12:34,0.0,1
2026-08-14 12:12:34,0.0,1
2026-08-14 12:12:34,0.0,1
2026-08-14 12:12:34,0.0,1
2026-08-14 12:12:34,0.0,1
2026-08-14 12:12:35,0.0,1
2026-08-14 12:12:35,0.0,1
2026-08-14 12:12:35,0.0,1
2026-08-14 12:12:35,0.0,1
2026-08-14 12:12:35,0.0,1
2026-08-14 12:12:35,0.0,1
2026-08-14 12:12:35,0.0,1
2026-08-14 12:12:35,0.0,1
2026-08-14 12:12:35,0.0,1
2026-08-14 12:12:35,0.0,1
2026-08-14 12:12:35,0.0,1
2026-08-14 12:12:35,0.0,1
2026-08-14 12:12:35,0.0,1
2026-08-14 12:12:35,0.0,1
2026-08-14 12:12:35,0.0,1
2026-08-14 12:12:35,0.0,1
2026-08-14 12:12:35,0.0,1
2026-08-14 12:12:35,0.0,1
2026-08-14 12:12:35,0.0,1
2026-08-14 12:12:35,0.0,1
2026-08-14 12:12:36,0.0,1
2026-08-14 12:12:36,0.0,1
2026-08-14 12:12:36,0.0,1
2026-08-14 12:12:36,0.0,1
2026-08-14 12:12:36,0.0,1
2026-08-14 12:12:36,0.0,1
2026-08-14 12:12:36,0.0,1
2026-08-14 12:12:36,0.0,1
2026-08-14 12:12:36,0.0,1
2026-08-14 12:12:36,0.0,1
2026-08-14 12:12:36,0.0,1
2026-08-14 12:12:36,0.0,1
2026-08-14 12:12:36,0.0,1
2026-08-14 12:12:36,0.0,1
2026-08-14 12:12:36,0.0,1
2026-08-14 12:12:36,0.0,1
2026-08-14 12:12:36,0.0,1
2026-08-14 12:12:36,0.0,1
2026-08-14 12:12:36,0.0,1
2026-08-14 12:12:36,0.0,1
2026-08-14 12:12:37,0.0,1
2026-08-14 12:12:37,0.0,1
2026-08-14 12:12:37,0.0,1
2026-08-14 12:12:37,0.0,1
2026-08-14 12:12:37,0.0,1
2026-08-14 12:12:37,0.0,1
2026-08-14 12:12:37,0.0,1
2026-08-14 12:12:37,0.0,1
2026-08-14 12:12:37,0.0,1
2026-08-14 12:12:37,0.0,1
2026-08-14 12:12:37,0.0,1
2026-08-14 12:12:37,0.0,1
2026-08-14 12:12:37,0.0,1
2026-08-14 12:12:37,0.0,1
2026-08-14 12:12:37,0.0,1
2026-08-14 12:12:37,0.0,1
2026-08-14 12:12:37,0.0,1
2026-08-14 12:12:37,0.0,1
2026-08-14 12:12:37,0.0,1
2026-08-14 12:12:37,0.0,1
2026-08-14 12:12:38,0.0,1
2026-08-14 12:12:38,0.0,1
2026-08-14 12:12:38,0.0,1
2026-08-14 12:12:38,0.0,1
2026-08-14 12:12:38,0.0,1
2026-08-14 12:12:38,0.0,1
2026-08-14 12:12:38,0.0,1
2026-08-14 12:12:38,0.0,1
2026-08-14 12:12:38,0.0,1
2026-08-14 12:12:38,0.0,1
2026-08-14 12:12:38,0.0,1
2026-08-14 12:12:38,0.0,1
2026-08-14 12:12:38,0.0,1
2026-08-14 12:12:38,0.0,1
2026-08-14 12:12:38,0.0,1
2026-08-14 12:12:38,0.0,1
2026-08-14 12:12:38,0.0,1
2026-08-14 12:12:38,0.0,1
2026-08-14 12:12:38,0.0,1
2026-08-14 12:12:38,0.0,1
2026-08-14 12:12:39,0.0,1
2026-08-14 12:12:39,0.0,1
2026-08-14 12:12:39,0.0,1
2026-08-14 12:12:39,0.0,1
2026-08-14 12:12:39,0.0,1
2026-08-14 12:12:39,0.0,1
2026-08-14 12:12:39,0.0,1
2026-08-14 12:12:39,0.0,1
2026-08-14 12:12:39,0.0,1
2026-08-14 12:12:39,0.0,1
2026-08-14 12:12:39,0.0,1
2026-08-14 12:12:39,0.0,1
2026-08-14 12:12:39,0.0,1
2026-08-14 12:12:39,0.0,1
2026-08-14 12:12:39,0.0,1
2026-08-14 12:12:39,0.0,1
2026-08-14 12:12:39,0.0,1
2026-08-14 12:12:39,0.0,1
2026-08-14 12:12:39,0.0,1
2026-08-14 12:12:39,0.0,1
2026-08-14 12:12:40,0.0,1
2026-08-14 12:12:40,0.0,1
2026-08-14 12:12:40,0.0,1
2026-08-14 12:12:40,0.0,1
2026-08-14 12:12:40,0.0,1
2026-08-14 12:12:40,0.0,1
2026-08-14 12:12:40,0.0,1
2026-08-14 12:12:40,0.0,1
2026-08-14 12:12:40,0.0,1
2026-08-14 12:12:40,0.0,1
2026-08-14 12:12:40,0.0,1
2026-08-14 12:12:40,0.0,1
2026-08-14 12:12:40,0.0,1
2026-08-14 12:12:40,0.0,1
2026-08-14 12:12:40,0.0,1
2026-08-14 12:12:40,0.0,1
2026-08-14 12:12:40,0.0,1
2026-08-14 12:12:40,0.0,1
2026-08-14 12:12:40,0.0,1
2026-08-14 12:12:40,0.0,1
2026-08-14 12:12:41,0.0,1
2026-08-14 12:12:41,0.0,1
2026-08-14 12:12:41,0.0,1
2026-08-14 12:12:41,0.0,1
2026-08-14 12:12:41,0.0,1
2026-08-14 12:12:41,0.0,1
2026-08-14 12:12:41,0.0,1
2026-08-14 12:12:41,0.0,1
2026-08-14 12:12:41,0.0,1
2026-08-14 12:12:41,0.0,1
2026-08-14 12:12:41,0.0,1
2026-08-14 12:12:41,0.0,1
2026-08-14 12:12:41,0.0,1
2026-08-14 12:12:41,0.0,1
2026-08-14 12:12:41,0.0,1
2026-08-14 12:12:41,0.0,1
2026-08-14 12:12:41,0.0,1
2026-08-14 12:12:41,0.0,1
2026-08-14 12:12:41,0.0,1
2026-08-14 12:12:41,0.0,1
2026-08-14 12:12:42,0.0,1
2026-08-14 12:12:42,0.0,1
2026-08-14 12:12:42,0.0,1
2026-08-14 12:12:42,0.0,1
2026-08-14 12:12:42,0.0,1
2026-08-14 12:12:42,0.0,1
2026-08-14 12:12:42,0.0,1
2026-08-14 12:12:42,0.0,1
2026-08-14 12:12:42,0.0,1
2026-08-14 12:12:42,0.0,1
2026-08-14 12:12:42,0.0,1
2026-08-14 12:12:42,0.0,1
2026-08-14 12:12:42,0.0,1
2026-08-14 12:12:42,0.0,1
2026-08-14 12:12:42,0.0,1
2026-08-14 12:12:42,0.0,1
2026-08-14 12:12:42,0.0,1
2026-08-14 12:12:42,0.0,1
2026-08-14 12:12:42,0.0,1
2026-08-14 12:12:42,0.0,1
2026-08-14 12:12:43,0.0,1
2026-08-14 12:12:43,0.0,1
2026-08-14 12:12:43,0.0,1
2026-08-14 12:12:43,0.0,1
2026-08-14 12:12:43,0.0,1
2026-08-14 12:12:43,0.0,1
2026-08-14 12:12:43,0.0,1
2026-08-14 12:12:43,0.0,1
2026-08-14 12:12:43,0.0,1
2026-08-14 12:12:43,0.0,1
2026-08-14 12:12:43,0.0,1
2026-08-14 12:12:43,0.0,1
2026-08-14 12:12:43,0.0,1
2026-08-14 12:12:43,0.0,1
2026-08-14 12:12:43,0.0,1
2026-08-14 12:12:43,0.0,1
2026-08-14 12:12:43,0.0,1
2026-08-14 12:12:43,0.0,1
2026-08-14 12:12:43,0.0,1
2026-08-14 12:12:43,0.0,1
2026-08-14 12:12:44,0.0,1
2026-08-14 12:12:44,0.0,1
2026-08-14 12:12:44,0.0,1
2026-08-14 12:12:44,0.0,1
2026-08-14 12:12:44,0.0,1
2026-08-14 12:12:44,0.0,1
2026-08-14 12:12:44,0.0,1
2026-08-14 12:12:44,0.0,1
2026-08-14 12:12:44,0.0,1
2026-08-14 12:12:44,0.0,1
2026-08-14 12:12:44,0.0,1
2026-08-14 12:12:44,0.0,1
2026-08-14 12:12:44,0.0,1
2026-08-14 12:12:44,0.0,1
2026-08-14 12:12:44,0.0,1
2026-08-14 12:12:44,0.0,1
2026-08-14 12:12:44,0.0,1
2026-08-14 12:12:44,0.0,1
2026-08-14 12:12:44,0.0,1
2026-08-14 12:12:44,0.0,1
2026-08-14 12:12:45,0.0,1
2026-08-14 12:12:45,0.0,1
2026-08-14 12:12:45,0.0,1
2026-08-14 12:12:45,0.0,1
2026-08-14 12:12:45,0.0,1
2026-08-14 12:12:45,0.0,1
2026-08-14 12:12:45,0.0,1
2026-08-14 12:12:45,0.0,1
2026-08-14 12:12:45,0.0,1
2026-08-14 12:12:45,0.0,1
2026-08-14 12:12:45,0.0,1
2026-08-14 12:12:45,0.0,1
2026-08-14 12:12:45,0.0,1
2026-08-14 12:12:45,0.0,1
2026-08-14 12:12:45,0.0,1
2026-08-14 12:12:45,0.0,1
2026-08-14 12:12:45,0.0,1
2026-08-14 12:12:45,0.0,1
