date,speed_kmh,gear
2026-08-14 11:44:59,0.0,
2026-08-14 11:44:59,0.0,0
2026-08-14 11:44:59,0.0,0
2026-08-14 11:44:59,0.0,0
2026-08-14 11:44:59,0.0,0
2026-08-14 11:44:59,0.0,0
2026-08-14 11:44:59,0.0,0
2026-08-14 11:44:59,0.0,0
2026-08-14 11:44:59,0.0,0
2026-08-14 11:44:59,0.0,0
2026-08-14 11:44:59,0.0,0
2026-08-14 11:44:59,0.0,0
2026-08-14 11:44:59,0.0,0
2026-08-14 11:44:59,0.0,0
2026-08-14 11:44:59,0.0,0
2026-08-14 11:44:59,0.0,0
2026-08-14 11:44:59,0.0,0
2026-08-14 11:44:59,0.0,0
2026-08-14 11:45:00,0.0,0
2026-08-14 11:45:00,0.0,0
2026-08-14 11:45:00,0.0,0
2026-08-14 11:45:00,0.0,0
2026-08-14 11:45:00,0.0,0
2026-08-14 11:45:00,0.0,0
2026-08-14 11:45:00,0.0,0
2026-08-14 11:45:00,0.0,0
2026-08-14 11:45:00,0.0,0
2026-08-14 11:45:00,0.0,0
2026-08-14 11:45:00,0.0,0
2026-08-14 11:45:00,0.0,0
2026-08-14 11:45:00,0.0,0
2026-08-14 11:45:00,0.0,0
2026-08-14 11:45:00,0.0,0
2026-08-14 11:45:00,0.0,0
2026-08-14 11:45:00,0.0,0
2026-08-14 11:45:00,0.0,0
2026-08-14 11:45:00,0.0,0
2026-08-14 11:45:00,0.0,0
2026-08-14 11:45:01,0.0,0
2026-08-14 11:45:01,0.0,0
2026-08-14 11:45:01,0.0,0
2026-08-14 11:45:01,0.0,0
2026-08-14 11:45:01,0.0,0
2026-08-14 11:45:01,0.0,0
2026-08-14 11:45:01,0.0,0
2026-08-14 11:45:01,0.0,0
2026-08-14 11:45:01,0.0,0
2026-08-14 11:45:01,0.0,0
2026-08-14 11:45:01,0.0,0
2026-08-14 11:45:01,0.0,0
2026-08-14 11:45:01,0.0,0
2026-08-14 11:45:01,0.0,0
2026-08-14 11:45:01,0.0,0
2026-08-14 11:45:01,0.0,0
2026-08-14 11:45:01,0.0,0
2026-08-14 11:45:01,0.0,0
2026-08-14 11:45:01,0.0,0
2026-08-14 11:45:01,0.0,0
2026-08-14 11:45:02,0.0,0
2026-08-14 11:45:02,0.0,0
2026-08-14 11:45:02,0.0,0
2026-08-14 11:45:02,0.0,0
2026-08-14 11:45:02,0.0,0
2026-08-14 11:45:02,0.0,0
2026-08-14 11:45:02,0.0,0
2026-08-14 11:45:02,0.0,0
2026-08-14 11:45:02,0.0,0
2026-08-14 11:45:02,0.0,0
2026-08-14 11:45:02,0.0,0
2026-08-14 11:45:02,0.0,0
2026-08-14 11:45:02,0.0,0
2026-08-14 11:45:02,0.0,0
2026-08-14 11:45:02,0.0,0
2026-08-14 11:45:02,0.0,0
2026-08-14 11:45:02,0.0,0
2026-08-14 11:45:02,0.0,0
2026-08-14 11:45:02,0.0,0
2026-08-14 11:45:02,0.0,0
2026-08-14 11:45:03,0.0,0
2026-08-14 11:45:03,0.0,0
2026-08-14 11:45:03,0.0,0
2026-08-14 11:45:03,0.0,0
2026-08-14 11:45:03,0.0,0
2026-08-14 11:45:03,0.0,0
2026-08-14 11:45:03,0.0,0
2026-08-14 11:45:03,0.0,0
2026-08-14 11:45:03,0.0,0
2026-08-14 11:45:03,0.0,0
2026-08-14 11:45:03,0.0,0
2026-08-14 11:45:03,0.0,0
2026-08-14 11:45:03,0.0,0
2026-08-14 11:45:03,0.0,0
2026-08-14 11:45:03,0.0,0
2026-08-14 11:45:03,0.0,0
2026-08-14 11:45:03,0.0,0
2026-08-14 11:45:03,0.0,0
2026-08-14 11:45:03,0.0,0
2026-08-14 11:45:03,0.0,0
2026-08-14 11:45:04,0.0,0
2026-08-14 11:45:04,0.0,0
2026-08-14 11:45:04,0.0,0
2026-08-14 11:45:04,0.0,0
2026-08-14 11:45:04,0.0,0
2026-08-14 11:45:04,0.0,0
2026-08-14 11:45:04,0.0,0
2026-08-14 11:45:04,0.0,0
2026-08-14 11:45:04,0.0,0
2026-08-14 11:45:04,0.0,0
2026-08-14 11:45:04,0.0,0
2026-08-14 11:45:04,0.0,0
2026-08-14 11:45:04,0.0,0
2026-08-14 11:45:04,0.0,0
2026-08-14 11:45:04,0.0,0
2026-08-14 11:45:04,0.0,0
2026-08-14 11:45:04,0.0,0
2026-08-14 11:45:04,0.0,0
2026-08-14 11:45:04,0.0,0
2026-08-14 11:45:04,0.0,0
2026-08-14 11:45:05,0.0,0
2026-08-14 11:45:05,0.0,0
2026-08-14 11:45:05,0.0,0
2026-08-14 11:45:05,0.0,0
2026-08-14 11:45:05,0.0,0
2026-08-14 11:45:05,0.0,0
2026-08-14 11:45:05,0.0,0
2026-08-14 11:45:05,0.0,0
2026-08-14 11:45:05,0.0,0
2026-08-14 11:45:05,0.0,0
2026-08-14 11:45:05,0.0,0
2026-08-14 11:45:05,0.0,0
2026-08-14 11:45:05,0.0,0
2026-08-14 11:45:05,0.0,0
2026-08-14 11:45:05,0.0,0
2026-08-14 11:45:05,0.0,0
2026-08-14 11:45:05,0.0,0
2026-08-14 11:45:05,0.0,0
2026-08-14 11:45:05,0.0,0
2026-08-14 11:45:05,0.0,0
2026-08-14 11:45:06,0.0,0
2026-08-14 11:45:06,0.0,0
2026-08-14 11:45:06,0.0,0
2026-08-14 11:45:06,0.0,0
2026-08-14 11:45:06,0.0,0
2026-08-14 11:45:06,0.0,0
2026-08-14 11:45:06,0.0,0
2026-08-14 11:45:06,0.0,0
2026-08-14 11:45:06,0.0,0
2026-08-14 11:45:06,0.0,0
2026-08-14 11:45:06,0.0,0
2026-08-14 11:45:06,0.0,0
2026-08-14 11:45:06,0.0,0
2026-08-14 11:45:06,0.0,0
2026-08-14 11:45:06,0.0,0
2026-08-14 11:45:06,0.0,0
2026-08-14 11:45:06,0.0,0
2026-08-14 11:45:06,0.0,0
2026-08-14 11:45:06,0.0,0
2026-08-14 11:45:06,0.0,0
2026-08-14 11:45:07,0.0,0
2026-08-14 11:45:07,0.0,0
2026-08-14 11:45:07,0.0,0
2026-08-14 11:45:07,0.0,0
2026-08-14 11:45:07,0.0,0
2026-08-14 11:45:07,0.0,0
2026-08-14 11:45:07,0.0,0
2026-08-14 11:45:07,0.0,0
2026-08-14 11:45:07,0.0,0
2026-08-14 11:45:07,0.0,0
2026-08-14 11:45:07,0.0,0
2026-08-14 11:45:07,0.0,0
2026-08-14 11:45:07,0.0,0
2026-08-14 11:45:07,0.0,0
2026-08-14 11:45:07,0.0,0
2026-08-14 11:45:07,0.0,0
2026-08-14 11:45:07,0.0,0
2026-08-14 11:45:07,0.0,0
2026-08-14 11:45:07,0.0,0
2026-08-14 11:45:07,0.0,0
2026-08-14 11:45:08,0.0,0
2026-08-14 11:45:08,0.0,0
2026-08-14 11:45:08,0.0,0
2026-08-14 11:45:08,0.0,0
2026-08-14 11:45:08,0.0,0
2026-08-14 11:45:08,0.0,0
2026-08-14 11:45:08,0.0,0
2026-08-14 11:45:08,0.0,0
2026-08-14 11:45:08,0.0,0
2026-08-14 11:45:08,0.0,0
2026-08-14 11:45:08,0.0,0
2026-08-14 11:45:08,0.0,0
2026-08-14 11:45:08,0.0,0
2026-08-14 11:45:08,0.0,0
2026-08-14 11:45:08,0.0,0
2026-08-14 11:45:08,0.0,0
2026-08-14 11:45:08,0.0,0
2026-08-14 11:45:08,0.0,0
2026-08-14 11:45:08,0.0,0
2026-08-14 11:45:08,0.0,0
2026-08-14 11:45:09,0.0,0
2026-08-14 11:45:09,0.0,0
2026-08-14 11:45:09,0.0,0
2026-08-14 11:45:09,0.0,0
2026-08-14 11:45:09,0.0,0
2026-08-14 11:45:09,0.0,0
2026-08-14 11:45:09,0.0,0
2026-08-14 11:45:09,0.0,0
2026-08-14 11:45:09,0.0,0
2026-08-14 11:45:09,0.0,1
2026-08-14 11:45:09,0.0,1
2026-08-14 11:45:09,0.0,1
2026-08-14 11:45:09,0.0,1
2026-08-14 11:45:09,0.0,1
2026-08-14 11:45:09,0.0,1
2026-08-14 11:45:09,0.0,1
2026-08-14 11:45:09,0.0,1
2026-08-14 11:45:09,0.0,1
2026-08-14 11:45:09,0.0,1
2026-08-14 11:45:09,0.0,1
2026-08-14 11:45:10,0.0,1
2026-08-14 11:45:10,0.0,1
2026-08-14 11:45:10,0.0,1
2026-08-14 11:45:10,0.0,1
2026-08-14 11:45:10,0.0,1
2026-08-14 11:45:10,0.0,1
2026-08-14 11:45:10,0.0,1
2026-08-14 11:45:10,0.0,1
2026-08-14 11:45:10,0.0,1
2026-08-14 11:45:10,0.0,1
2026-08-14 11:45:10,0.0,1
2026-08-14 11:45:10,0.0,1
2026-08-14 11:45:10,0.0,1
2026-08-14 11:45:10,0.0,1
2026-08-14 11:45:10,0.0,1
2026-08-14 11:45:10,0.0,1
2026-08-14 11:45:10,0.0,1
2026-08-14 11:45:10,0.0,1
2026-08-14 11:45:10,0.0,1
2026-08-14 11:45:10,0.0,0
2026-08-14 11:45:11,0.0,0
2026-08-14 11:45:11,0.0,0
2026-08-14 11:45:11,0.0,0
2026-08-14 11:45:11,0.0,0
2026-08-14 11:45:11,0.0,0
2026-08-14 11:45:11,0.0,0
2026-08-14 11:45:11,0.0,0
2026-08-14 11:45:11,0.0,0
2026-08-14 11:45:11,0.0,0
2026-08-14 11:45:11,0.0,0
2026-08-14 11:45:11,0.0,0
2026-08-14 11:45:11,0.0,-1
2026-08-14 11:45:11,0.0,-1
2026-08-14 11:45:11,0.0,-1
2026-08-14 11:45:11,0.0,-1
2026-08-14 11:45:11,0.0,-1
2026-08-14 11:45:11,0.0,-1
2026-08-14 11:45:11,0.0,-1
2026-08-14 11:45:11,0.0,-1
2026-08-14 11:45:11,0.0,-1
2026-08-14 11:45:12,0.0,-1
2026-08-14 11:45:12,0.0,-1
2026-08-14 11:45:12,0.0,-1
2026-08-14 11:45:12,0.0,-1
2026-08-14 11:45:12,0.0,-1
2026-08-14 11:45:12,0.0,-1
2026-08-14 11:45:12,0.0,-1
2026-08-14 11:45:12,0.0,-1
2026-08-14 11:45:12,0.0,-1
2026-08-14 11:45:12,0.0,-1
2026-08-14 11:45:12,0.0,-1
2026-08-14 11:45:12,0.0,-1
2026-08-14 11:45:12,0.0,-1
2026-08-14 11:45:12,0.0,-1
2026-08-14 11:45:12,0.0,-1
2026-08-14 11:45:12,0.0,-1
2026-08-14 11:45:12,1.484375,-1
2026-08-14 11:45:12,1.484375,-1
2026-08-14 11:45:12,1.5,-1
2026-08-14 11:45:12,1.5,-1
2026-08-14 11:45:13,1.515625,-1
2026-08-14 11:45:13,1.515625,-1
2026-08-14 11:45:13,1.515625,-1
2026-08-14 11:45:13,1.515625,-1
2026-08-14 11:45:13,1.515625,-1
2026-08-14 11:45:13,1.515625,-1
2026-08-14 11:45:13,1.515625,-1
2026-08-14 11:45:13,1.515625,-1
2026-08-14 11:45:13,1.515625,-1
2026-08-14 11:45:13,1.515625,-1
2026-08-14 11:45:13,3.109375,-1
2026-08-14 11:45:13,3.109375,-1
2026-08-14 11:45:13,3.234375,-1
2026-08-14 11:45:13,3.234375,-1
2026-08-14 11:45:13,3.359375,-1
2026-08-14 11:45:13,3.359375,-1
2026-08-14 11:45:13,3.359375,-1
2026-08-14 11:45:13,3.359375,-1
2026-08-14 11:45:13,3.359375,-1
2026-08-14 11:45:13,3.359375,-1
2026-08-14 11:45:14,3.359375,-1
2026-08-14 11:45:14,3.359375,-1
2026-08-14 11:45:14,5.4375,-1
2026-08-14 11:45:14,5.4375,-1
2026-08-14 11:45:14,5.515625,-1
2026-08-14 11:45:14,5.515625,-1
2026-08-14 11:45:14,5.484375,-1
2026-08-14 11:45:14,5.484375,-1
2026-08-14 11:45:14,5.46875,-1
2026-08-14 11:45:14,5.46875,-1
2026-08-14 11:45:14,5.46875,-1
2026-08-14 11:45:14,5.46875,-1
2026-08-14 11:45:14,5.46875,-1
2026-08-14 11:45:14,5.46875,-1
2026-08-14 11:45:14,5.46875,-1
2026-08-14 11:45:14,5.46875,-1
2026-08-14 11:45:14,5.234375,-1
2026-08-14 11:45:14,5.234375,-1
2026-08-14 11:45:14,5.234375,-1
2026-08-14 11:45:14,5.234375,-1
2026-08-14 11:45:15,5.140625,-1
2026-08-14 11:45:15,5.140625,-1
2026-08-14 11:45:15,5.109375,-1
2026-08-14 11:45:15,5.109375,-1
2026-08-14 11:45:15,5.109375,-1
2026-08-14 11:45:15,5.109375,-1
2026-08-14 11:45:15,5.109375,-1
2026-08-14 11:45:15,5.109375,-1
2026-08-14 11:45:15,5.109375,-1
2026-08-14 11:45:15,5.109375,-1
2026-08-14 11:45:15,4.046875,-1
2026-08-14 11:45:15,4.046875,-1
2026-08-14 11:45:15,4.0,-1
2026-08-14 11:45:15,4.0,-1
2026-08-14 11:45:15,3.96875,-1
2026-08-14 11:45:15,3.96875,-1
2026-08-14 11:45:15,3.96875,-1
2026-08-14 11:45:15,3.96875,-1
2026-08-14 11:45:15,3.96875,-1
2026-08-14 11:45:15,3.96875,-1
2026-08-14 11:45:16,3.96875,-1
2026-08-14 11:45:16,3.96875,-1
2026-08-14 11:45:16,3.09375,-1
2026-08-14 11:45:16,3.09375,-1
2026-08-14 11:45:16,3.09375,-1
2026-08-14 11:45:16,3.09375,-1
2026-08-14 11:45:16,3.109375,-1
2026-08-14 11:45:16,3.109375,-1
2026-08-14 11:45:16,3.140625,-1
2026-08-14 11:45:16,3.140625,-1
2026-08-14 11:45:16,3.140625,-1
2026-08-14 11:45:16,3.140625,-1
2026-08-14 11:45:16,3.140625,-1
2026-08-14 11:45:16,3.140625,-1
2026-08-14 11:45:16,2.25,-1
2026-08-14 11:45:16,2.25,-1
2026-08-14 11:45:16,2.125,-1
2026-08-14 11:45:16,2.125,-1
2026-08-14 11:45:16,2.125,-1
2026-08-14 11:45:16,2.125,-1
2026-08-14 11:45:17,2.125,-1
2026-08-14 11:45:17,2.125,-1
2026-08-14 11:45:17,2.125,-1
2026-08-14 11:45:17,2.125,-1
2026-08-14 11:45:17,2.125,-1
2026-08-14 11:45:17,2.125,-1
2026-08-14 11:45:17,0.796875,-1
2026-08-14 11:45:17,0.796875,-1
2026-08-14 11:45:17,0.796875,-1
2026-08-14 11:45:17,0.796875,-1
2026-08-14 11:45:17,0.796875,-1
2026-08-14 11:45:17,0.796875,-1
2026-08-14 11:45:17,0.546875,-1
2026-08-14 11:45:17,0.546875,-1
2026-08-14 11:45:17,0.546875,-1
2026-08-14 11:45:17,0.546875,-1
2026-08-14 11:45:17,0.546875,-1
2026-08-14 11:45:17,0.546875,-1
2026-08-14 11:45:17,0.546875,-1
2026-08-14 11:45:17,0.546875,-1
2026-08-14 11:45:18,0.0,-1
2026-08-14 11:45:18,0.0,-1
2026-08-14 11:45:18,0.0,-1
2026-08-14 11:45:18,0.0,-1
2026-08-14 11:45:18,0.0,-1
2026-08-14 11:45:18,0.0,-1
2026-08-14 11:45:18,0.0,-1
2026-08-14 11:45:18,0.0,-1
2026-08-14 11:45:18,0.0,-1
2026-08-14 11:45:18,0.0,-1
2026-08-14 11:45:18,0.0,-1
2026-08-14 11:45:18,0.0,-1
2026-08-14 11:45:18,0.0,-1
2026-08-14 11:45:18,0.0,-1
2026-08-14 11:45:18,0.0,-1
2026-08-14 11:45:18,0.0,-1
2026-08-14 11:45:18,0.0,-1
2026-08-14 11:45:18,0.0,-1
2026-08-14 11:45:18,0.0,-1
2026-08-14 11:45:18,0.0,-1
2026-08-14 11:45:19,0.0,-1
2026-08-14 11:45:19,0.0,-1
2026-08-14 11:45:19,0.0,-1
2026-08-14 11:45:19,0.0,-1
2026-08-14 11:45:19,0.0,-1
2026-08-14 11:45:19,0.0,-1
2026-08-14 11:45:19,0.0,-1
2026-08-14 11:45:19,0.0,-1
2026-08-14 11:45:19,0.0,-1
2026-08-14 11:45:19,0.0,-1
2026-08-14 11:45:19,0.0,-1
2026-08-14 11:45:19,0.0,-1
2026-08-14 11:45:19,0.0,-1
2026-08-14 11:45:19,0.0,-1
2026-08-14 11:45:19,0.0,-1
2026-08-14 11:45:19,0.0,-1
2026-08-14 11:45:19,0.0,-1
2026-08-14 11:45:19,0.0,-1
2026-08-14 11:45:19,0.0,-1
2026-08-14 11:45:19,0.0,-1
2026-08-14 11:45:20,0.0,-1
2026-08-14 11:45:20,0.0,-1
2026-08-14 11:45:20,0.0,-1
2026-08-14 11:45:20,0.0,-1
2026-08-14 11:45:20,0.0,-1
2026-08-14 11:45:20,0.0,-1
2026-08-14 11:45:20,0.0,-1
2026-08-14 11:45:20,0.0,-1
2026-08-14 11:45:20,0.0,-1
2026-08-14 11:45:20,0.0,-1
2026-08-14 11:45:20,0.0,-1
2026-08-14 11:45:20,0.0,-1
2026-08-14 11:45:20,0.0,-1
2026-08-14 11:45:20,0.0,0
2026-08-14 11:45:20,0.0,0
2026-08-14 11:45:20,0.0,0
2026-08-14 11:45:20,0.0,0
2026-08-14 11:45:20,0.0,0
2026-08-14 11:45:20,0.0,0
2026-08-14 11:45:20,0.0,0
2026-08-14 11:45:21,0.0,0
2026-08-14 11:45:21,0.0,1
2026-08-14 11:45:21,0.0,1
2026-08-14 11:45:21,0.0,1
2026-08-14 11:45:21,0.0,1
2026-08-14 11:45:21,0.0,1
2026-08-14 11:45:21,0.0,1
2026-08-14 11:45:21,0.0,1
2026-08-14 11:45:21,0.0,1
2026-08-14 11:45:21,0.0,1
2026-08-14 11:45:21,1.65625,1
2026-08-14 11:45:21,1.65625,1
2026-08-14 11:45:21,1.609375,1
2026-08-14 11:45:21,1.609375,1
2026-08-14 11:45:21,1.609375,1
2026-08-14 11:45:21,1.609375,1
2026-08-14 11:45:21,1.609375,1
2026-08-14 11:45:21,1.609375,1
2026-08-14 11:45:21,3.5625,1
2026-08-14 11:45:21,3.5625,1
2026-08-14 11:45:22,3.328125,1
2026-08-14 11:45:22,3.328125,1
2026-08-14 11:45:22,3.265625,1
2026-08-14 11:45:22,3.265625,1
2026-08-14 11:45:22,3.265625,1
2026-08-14 11:45:22,3.265625,1
2026-08-14 11:45:22,3.265625,1
2026-08-14 11:45:22,3.265625,1
2026-08-14 11:45:22,3.265625,1
2026-08-14 11:45:22,3.265625,1
2026-08-14 11:45:22,4.546875,1
2026-08-14 11:45:22,4.546875,1
2026-08-14 11:45:22,4.5,1
2026-08-14 11:45:22,4.5,1
2026-08-14 11:45:22,4.5,1
2026-08-14 11:45:22,4.5,1
2026-08-14 11:45:22,4.5,1
2026-08-14 11:45:22,4.5,1
2026-08-14 11:45:22,4.5,1
2026-08-14 11:45:22,4.5,1
2026-08-14 11:45:23,4.5,1
2026-08-14 11:45:23,4.5,1
2026-08-14 11:45:23,4.78125,1
2026-08-14 11:45:23,4.78125,1
2026-08-14 11:45:23,4.8125,1
2026-08-14 11:45:23,4.8125,1
2026-08-14 11:45:23,4.8125,1
2026-08-14 11:45:23,4.8125,1
2026-08-14 11:45:23,4.8125,1
2026-08-14 11:45:23,4.8125,1
2026-08-14 11:45:23,4.8125,1
2026-08-14 11:45:23,4.8125,1
2026-08-14 11:45:23,2.6875,1
2026-08-14 11:45:23,2.6875,1
2026-08-14 11:45:23,2.5,1
2026-08-14 11:45:23,2.5,1
2026-08-14 11:45:23,2.5,1
2026-08-14 11:45:23,2.5,1
2026-08-14 11:45:23,2.5,1
2026-08-14 11:45:23,2.5,1
2026-08-14 11:45:24,2.5,1
2026-08-14 11:45:24,2.5,1
2026-08-14 11:45:24,0.640625,1
2026-08-14 11:45:24,0.640625,1
2026-08-14 11:45:24,0.640625,1
2026-08-14 11:45:24,0.640625,1
2026-08-14 11:45:24,0.640625,1
2026-08-14 11:45:24,0.640625,1
2026-08-14 11:45:24,0.640625,1
2026-08-14 11:45:24,0.640625,1
2026-08-14 11:45:24,0.640625,1
2026-08-14 11:45:24,0.640625,1
2026-08-14 11:45:24,0.0,1
2026-08-14 11:45:24,0.0,1
2026-08-14 11:45:24,0.0,1
2026-08-14 11:45:24,0.0,1
2026-08-14 11:45:24,0.0,1
2026-08-14 11:45:24,0.0,1
2026-08-14 11:45:24,0.0,1
2026-08-14 11:45:24,0.0,1
2026-08-14 11:45:25,0.0,1
2026-08-14 11:45:25,0.0,1
2026-08-14 11:45:25,0.0,1
2026-08-14 11:45:25,0.0,1
2026-08-14 11:45:25,0.0,1
2026-08-14 11:45:25,0.0,1
2026-08-14 11:45:25,0.0,1
2026-08-14 11:45:25,0.0,1
2026-08-14 11:45:25,0.0,1
2026-08-14 11:45:25,0.0,1
2026-08-14 11:45:25,0.0,1
2026-08-14 11:45:25,0.0,1
2026-08-14 11:45:25,0.0,1
2026-08-14 11:45:25,0.0,1
2026-08-14 11:45:25,0.0,1
2026-08-14 11:45:25,0.0,1
2026-08-14 11:45:25,0.0,1
2026-08-14 11:45:25,0.0,1
2026-08-14 11:45:25,0.0,1
2026-08-14 11:45:25,0.0,1
2026-08-14 11:45:26,0.0,1
2026-08-14 11:45:26,0.0,1
2026-08-14 11:45:26,0.0,1
2026-08-14 11:45:26,0.0,1
2026-08-14 11:45:26,0.0,1
2026-08-14 11:45:26,0.0,1
2026-08-14 11:45:26,0.0,1
2026-08-14 11:45:26,0.0,1
2026-08-14 11:45:26,0.0,1
2026-08-14 11:45:26,0.0,1
2026-08-14 11:45:26,0.0,1
2026-08-14 11:45:26,0.0,1
2026-08-14 11:45:26,0.0,1
2026-08-14 11:45:26,0.0,1
2026-08-14 11:45:26,0.0,1
2026-08-14 11:45:26,0.0,1
2026-08-14 11:45:26,0.0,1
2026-08-14 11:45:26,0.0,1
2026-08-14 11:45:26,0.0,1
2026-08-14 11:45:26,0.0,1
2026-08-14 11:45:27,0.0,1
2026-08-14 11:45:27,0.0,1
2026-08-14 11:45:27,0.0,1
2026-08-14 11:45:27,0.0,1
2026-08-14 11:45:27,0.0,1
2026-08-14 11:45:27,0.0,1
2026-08-14 11:45:27,0.0,1
2026-08-14 11:45:27,0.0,1
2026-08-14 11:45:27,0.0,1
2026-08-14 11:45:27,0.0,1
2026-08-14 11:45:27,0.0,1
2026-08-14 11:45:27,0.0,1
2026-08-14 11:45:27,0.0,1
2026-08-14 11:45:27,0.0,1
2026-08-14 11:45:27,0.0,1
2026-08-14 11:45:27,0.0,1
2026-08-14 11:45:27,0.0,1
2026-08-14 11:45:27,0.0,1
2026-08-14 11:45:27,0.0,1
2026-08-14 11:45:27,0.0,1
2026-08-14 11:45:28,0.0,1
2026-08-14 11:45:28,0.0,1
2026-08-14 11:45:28,0.0,1
2026-08-14 11:45:28,0.0,1
2026-08-14 11:45:28,0.0,1
2026-08-14 11:45:28,0.0,1
2026-08-14 11:45:28,0.0,1
2026-08-14 11:45:28,0.0,1
2026-08-14 11:45:28,0.0,1
2026-08-14 11:45:28,0.0,1
2026-08-14 11:45:28,0.0,1
2026-08-14 11:45:28,0.0,1
2026-08-14 11:45:28,0.0,1
2026-08-14 11:45:28,0.0,1
2026-08-14 11:45:28,0.0,1
2026-08-14 11:45:28,0.0,1
2026-08-14 11:45:28,0.0,1
2026-08-14 11:45:28,0.0,1
2026-08-14 11:45:28,0.0,1
2026-08-14 11:45:28,0.0,1
2026-08-14 11:45:29,0.0,1
2026-08-14 11:45:29,0.0,1
2026-08-14 11:45:29,0.0,1
2026-08-14 11:45:29,0.0,1
2026-08-14 11:45:29,0.0,1
2026-08-14 11:45:29,0.0,1
2026-08-14 11:45:29,0.0,1
2026-08-14 11:45:29,0.0,1
2026-08-14 11:45:29,0.0,1
2026-08-14 11:45:29,0.0,1
2026-08-14 11:45:29,0.0,1
2026-08-14 11:45:29,0.0,1
2026-08-14 11:45:29,0.0,1
2026-08-14 11:45:29,0.0,1
2026-08-14 11:45:29,0.0,1
2026-08-14 11:45:29,0.0,1
2026-08-14 11:45:29,0.0,1
2026-08-14 11:45:29,0.0,1
2026-08-14 11:45:29,0.0,1
2026-08-14 11:45:29,0.0,1
2026-08-14 11:45:30,0.0,1
2026-08-14 11:45:30,0.0,1
2026-08-14 11:45:30,0.0,1
2026-08-14 11:45:30,0.0,1
2026-08-14 11:45:30,0.0,1
2026-08-14 11:45:30,0.0,1
2026-08-14 11:45:30,0.0,1
2026-08-14 11:45:30,0.0,1
2026-08-14 11:45:30,0.0,1
2026-08-14 11:45:30,0.0,1
2026-08-14 11:45:30,0.0,1
2026-08-14 11:45:30,0.0,1
2026-08-14 11:45:30,0.0,1
2026-08-14 11:45:30,0.0,1
2026-08-14 11:45:30,0.0,1
2026-08-14 11:45:30,0.0,1
2026-08-14 11:45:30,0.0,1
2026-08-14 11:45:30,0.0,1
2026-08-14 11:45:30,0.0,1
2026-08-14 11:45:30,0.0,1
2026-08-14 11:45:31,0.0,1
2026-08-14 11:45:31,0.0,1
2026-08-14 11:45:31,0.0,1
2026-08-14 11:45:31,0.0,1
2026-08-14 11:45:31,0.0,1
2026-08-14 11:45:31,0.0,1
2026-08-14 11:45:31,0.0,1
2026-08-14 11:45:31,0.0,1
2026-08-14 11:45:31,0.0,1
2026-08-14 11:45:31,0.0,1
2026-08-14 11:45:31,0.0,1
2026-08-14 11:45:31,0.0,1
2026-08-14 11:45:31,0.0,1
2026-08-14 11:45:31,0.0,1
2026-08-14 11:45:31,0.0,1
2026-08-14 11:45:31,0.0,1
2026-08-14 11:45:31,0.0,1
2026-08-14 11:45:31,0.0,1
2026-08-14 11:45:31,0.0,1
2026-08-14 11:45:31,0.0,1
2026-08-14 11:45:32,0.0,1
2026-08-14 11:45:32,0.0,1
2026-08-14 11:45:32,0.0,1
2026-08-14 11:45:32,0.0,1
2026-08-14 11:45:32,0.0,1
2026-08-14 11:45:32,0.0,1
2026-08-14 11:45:32,0.0,1
2026-08-14 11:45:32,0.0,1
2026-08-14 11:45:32,0.0,1
2026-08-14 11:45:32,0.0,1
2026-08-14 11:45:32,0.0,1
2026-08-14 11:45:32,0.0,1
2026-08-14 11:45:32,0.0,1
2026-08-14 11:45:32,0.0,1
2026-08-14 11:45:32,0.0,1
2026-08-14 11:45:32,0.0,1
2026-08-14 11:45:32,0.0,1
2026-08-14 11:45:32,0.0,1
2026-08-14 11:45:32,0.0,1
2026-08-14 11:45:32,0.0,1
2026-08-14 11:45:33,0.0,1
2026-08-14 11:45:33,0.0,1
2026-08-14 11:45:33,0.0,1
2026-08-14 11:45:33,0.0,1
2026-08-14 11:45:33,0.0,1
2026-08-14 11:45:33,0.0,1
2026-08-14 11:45:33,0.0,1
2026-08-14 11:45:33,0.0,1
2026-08-14 11:45:33,0.0,1
2026-08-14 11:45:33,0.0,1
2026-08-14 11:45:33,0.0,1
2026-08-14 11:45:33,0.0,1
2026-08-14 11:45:33,0.0,1
2026-08-14 11:45:33,0.0,1
2026-08-14 11:45:33,0.0,1
2026-08-14 11:45:33,0.0,1
2026-08-14 11:45:33,0.0,1
2026-08-14 11:45:33,0.0,1
2026-08-14 11:45:33,0.0,1
2026-08-14 11:45:33,0.0,1
2026-08-14 11:45:34,0.0,1
2026-08-14 11:45:34,0.0,1
2026-08-14 11:45:34,0.0,1
2026-08-14 11:45:34,0.0,1
2026-08-14 11:45:34,0.0,1
2026-08-14 11:45:34,0.0,1
2026-08-14 11:45:34,0.0,1
2026-08-14 11:45:34,0.0,1
2026-08-14 11:45:34,0.0,1
2026-08-14 11:45:34,0.0,1
2026-08-14 11:45:34,0.0,1
2026-08-14 11:45:34,0.0,1
2026-08-14 11:45:34,0.0,1
2026-08-14 11:45:34,0.0,1
2026-08-14 11:45:34,0.0,1
2026-08-14 11:45:34,0.0,1
2026-08-14 11:45:34,0.0,1
2026-08-14 11:45:34,0.0,1
2026-08-14 11:45:34,0.0,1
2026-08-14 11:45:34,0.0,1
2026-08-14 11:45:35,0.0,1
2026-08-14 11:45:35,0.0,1
2026-08-14 11:45:35,0.0,1
2026-08-14 11:45:35,0.0,1
2026-08-14 11:45:35,1.125,1
2026-08-14 11:45:35,1.125,1
2026-08-14 11:45:35,1.203125,1
2026-08-14 11:45:35,1.203125,1
2026-08-14 11:45:35,1.1875,1
2026-08-14 11:45:35,1.1875,1
2026-08-14 11:45:35,1.1875,1
2026-08-14 11:45:35,1.1875,1
2026-08-14 11:45:35,1.1875,1
2026-08-14 11:45:35,1.1875,1
2026-08-14 11:45:35,1.1875,1
2026-08-14 11:45:35,1.1875,1
2026-08-14 11:45:35,2.546875,1
2026-08-14 11:45:35,2.546875,1
2026-08-14 11:45:35,2.59375,1
2026-08-14 11:45:35,2.59375,1
2026-08-14 11:45:36,2.59375,1
2026-08-14 11:45:36,2.59375,1
2026-08-14 11:45:36,2.59375,1
2026-08-14 11:45:36,2.59375,1
2026-08-14 11:45:36,2.59375,1
2026-08-14 11:45:36,2.59375,1
2026-08-14 11:45:36,2.59375,1
2026-08-14 11:45:36,2.59375,1
2026-08-14 11:45:36,5.953125,1
2026-08-14 11:45:36,5.953125,1
2026-08-14 11:45:36,5.5625,1
2026-08-14 11:45:36,5.5625,1
2026-08-14 11:45:36,5.46875,1
2026-08-14 11:45:36,5.46875,1
2026-08-14 11:45:36,5.46875,1
2026-08-14 11:45:36,5.46875,1
2026-08-14 11:45:36,5.46875,1
2026-08-14 11:45:36,5.46875,1
2026-08-14 11:45:36,5.46875,1
2026-08-14 11:45:36,5.46875,1
2026-08-14 11:45:37,7.265625,1
2026-08-14 11:45:37,7.265625,1
2026-08-14 11:45:37,7.3125,1
2026-08-14 11:45:37,7.3125,1
2026-08-14 11:45:37,7.3125,1
2026-08-14 11:45:37,7.3125,1
2026-08-14 11:45:37,7.3125,1
2026-08-14 11:45:37,7.3125,1
2026-08-14 11:45:37,7.3125,1
2026-08-14 11:45:37,7.3125,1
2026-08-14 11:45:37,7.484375,1
2026-08-14 11:45:37,7.484375,1
2026-08-14 11:45:37,7.71875,1
2026-08-14 11:45:37,7.71875,1
2026-08-14 11:45:37,7.71875,1
2026-08-14 11:45:37,7.71875,1
2026-08-14 11:45:37,7.71875,1
2026-08-14 11:45:37,7.71875,1
2026-08-14 11:45:37,7.71875,1
2026-08-14 11:45:37,7.71875,1
2026-08-14 11:45:38,8.03125,1
2026-08-14 11:45:38,8.03125,1
2026-08-14 11:45:38,8.125,1
2026-08-14 11:45:38,8.125,1
2026-08-14 11:45:38,8.1875,1
2026-08-14 11:45:38,8.1875,1
2026-08-14 11:45:38,8.1875,1
2026-08-14 11:45:38,8.1875,1
2026-08-14 11:45:38,8.1875,1
2026-08-14 11:45:38,8.1875,1
2026-08-14 11:45:38,8.1875,1
2026-08-14 11:45:38,8.1875,1
2026-08-14 11:45:38,9.78125,1
2026-08-14 11:45:38,9.78125,1
2026-08-14 11:45:38,10.046875,1
2026-08-14 11:45:38,10.046875,1
2026-08-14 11:45:38,10.03125,1
2026-08-14 11:45:38,10.03125,1
2026-08-14 11:45:38,10.03125,1
2026-08-14 11:45:38,10.03125,1
2026-08-14 11:45:39,10.03125,1
2026-08-14 11:45:39,10.03125,1
2026-08-14 11:45:39,10.03125,1
2026-08-14 11:45:39,10.03125,1
2026-08-14 11:45:39,10.34375,1
2026-08-14 11:45:39,10.34375,1
2026-08-14 11:45:39,10.21875,1
2026-08-14 11:45:39,10.21875,1
2026-08-14 11:45:39,10.21875,1
2026-08-14 11:45:39,10.21875,1
2026-08-14 11:45:39,10.21875,1
2026-08-14 11:45:39,10.21875,1
2026-08-14 11:45:39,10.21875,1
2026-08-14 11:45:39,10.21875,1
2026-08-14 11:45:39,10.21875,1
2026-08-14 11:45:39,10.21875,1
2026-08-14 11:45:39,10.21875,1
2026-08-14 11:45:39,10.21875,1
2026-08-14 11:45:39,10.265625,1
2026-08-14 11:45:39,10.265625,1
2026-08-14 11:45:40,10.265625,1
2026-08-14 11:45:40,10.265625,1
2026-08-14 11:45:40,10.265625,1
2026-08-14 11:45:40,10.265625,1
2026-08-14 11:45:40,10.265625,1
2026-08-14 11:45:40,10.265625,1
2026-08-14 11:45:40,10.265625,1
2026-08-14 11:45:40,10.265625,1
2026-08-14 11:45:40,9.375,1
2026-08-14 11:45:40,9.375,1
2026-08-14 11:45:40,9.296875,1
2026-08-14 11:45:40,9.296875,1
2026-08-14 11:45:40,9.28125,1
2026-08-14 11:45:40,9.28125,1
2026-08-14 11:45:40,9.28125,1
2026-08-14 11:45:40,9.28125,1
2026-08-14 11:45:40,9.28125,1
2026-08-14 11:45:40,9.28125,1
2026-08-14 11:45:40,8.234375,1
2026-08-14 11:45:40,8.234375,1
2026-08-14 11:45:41,8.21875,1
2026-08-14 11:45:41,8.21875,1
2026-08-14 11:45:41,7.96875,1
2026-08-14 11:45:41,7.96875,1
2026-08-14 11:45:41,7.96875,1
2026-08-14 11:45:41,7.96875,1
2026-08-14 11:45:41,7.96875,1
2026-08-14 11:45:41,7.96875,1
2026-08-14 11:45:41,7.96875,1
2026-08-14 11:45:41,7.96875,1
2026-08-14 11:45:41,7.96875,1
2026-08-14 11:45:41,7.96875,1
2026-08-14 11:45:41,5.6875,1
2026-08-14 11:45:41,5.6875,1
2026-08-14 11:45:41,5.390625,1
2026-08-14 11:45:41,5.390625,1
2026-08-14 11:45:41,5.390625,1
2026-08-14 11:45:41,5.390625,1
2026-08-14 11:45:41,5.390625,1
2026-08-14 11:45:41,5.390625,1
2026-08-14 11:45:42,5.390625,1
2026-08-14 11:45:42,5.390625,1
2026-08-14 11:45:42,5.390625,1
2026-08-14 11:45:42,5.390625,1
2026-08-14 11:45:42,1.71875,1
2026-08-14 11:45:42,1.71875,1
2026-08-14 11:45:42,1.34375,1
2026-08-14 11:45:42,1.34375,1
2026-08-14 11:45:42,1.34375,1
2026-08-14 11:45:42,1.34375,1
2026-08-14 11:45:42,1.34375,1
2026-08-14 11:45:42,1.34375,1
2026-08-14 11:45:42,1.34375,1
2026-08-14 11:45:42,1.34375,1
2026-08-14 11:45:42,1.34375,1
2026-08-14 11:45:42,1.34375,1
2026-08-14 11:45:42,0.0,1
2026-08-14 11:45:42,0.0,1
2026-08-14 11:45:42,0.0,1
2026-08-14 11:45:42,0.0,1
2026-08-14 11:45:43,0.0,1
2026-08-14 11:45:43,0.0,1
2026-08-14 11:45:43,0.0,1
2026-08-14 11:45:43,0.0,1
2026-08-14 11:45:43,0.0,1
2026-08-14 11:45:43,0.0,1
2026-08-14 11:45:43,0.0,1
2026-08-14 11:45:43,0.0,1
2026-08-14 11:45:43,0.0,1
2026-08-14 11:45:43,0.0,-1
2026-08-14 11:45:43,0.0,-1
2026-08-14 11:45:43,0.0,-1
2026-08-14 11:45:43,0.0,-1
2026-08-14 11:45:43,0.0,-1
2026-08-14 11:45:43,0.0,-1
2026-08-14 11:45:43,0.0,-1
2026-08-14 11:45:43,0.0,-1
2026-08-14 11:45:43,0.0,-1
2026-08-14 11:45:43,0.0,-1
2026-08-14 11:45:43,0.0,-1
2026-08-14 11:45:44,1.734375,-1
2026-08-14 11:45:44,1.734375,-1
2026-08-14 11:45:44,0.703125,-1
2026-08-14 11:45:44,0.703125,-1
2026-08-14 11:45:44,0.703125,-1
2026-08-14 11:45:44,0.703125,-1
2026-08-14 11:45:44,0.703125,-1
2026-08-14 11:45:44,0.703125,-1
2026-08-14 11:45:44,0.703125,-1
2026-08-14 11:45:44,0.703125,-1
2026-08-14 11:45:44,0.703125,-1
2026-08-14 11:45:44,0.703125,-1
2026-08-14 11:45:44,1.234375,-1
2026-08-14 11:45:44,1.234375,-1
2026-08-14 11:45:44,1.265625,-1
2026-08-14 11:45:44,1.265625,-1
2026-08-14 11:45:44,1.265625,-1
2026-08-14 11:45:44,1.265625,-1
2026-08-14 11:45:44,1.265625,-1
2026-08-14 11:45:44,1.265625,-1
2026-08-14 11:45:45,1.265625,-1
2026-08-14 11:45:45,1.265625,-1
2026-08-14 11:45:45,1.265625,-1
2026-08-14 11:45:45,1.265625,-1
2026-08-14 11:45:45,3.1875,-1
2026-08-14 11:45:45,3.1875,-1
2026-08-14 11:45:45,3.25,-1
2026-08-14 11:45:45,3.25,-1
2026-08-14 11:45:45,3.25,-1
2026-08-14 11:45:45,3.25,-1
2026-08-14 11:45:45,3.25,-1
2026-08-14 11:45:45,3.25,-1
2026-08-14 11:45:45,3.25,-1
2026-08-14 11:45:45,3.25,-1
2026-08-14 11:45:45,3.25,-1
2026-08-14 11:45:45,3.25,-1
2026-08-14 11:45:45,5.671875,-1
2026-08-14 11:45:45,5.671875,-1
2026-08-14 11:45:45,5.8125,-1
2026-08-14 11:45:45,5.8125,-1
2026-08-14 11:45:46,5.8125,-1
2026-08-14 11:45:46,5.8125,-1
2026-08-14 11:45:46,5.8125,-1
2026-08-14 11:45:46,5.8125,-1
2026-08-14 11:45:46,5.8125,-1
2026-08-14 11:45:46,5.8125,-1
2026-08-14 11:45:46,5.8125,-1
2026-08-14 11:45:46,5.8125,-1
2026-08-14 11:45:46,7.640625,-1
2026-08-14 11:45:46,7.640625,-1
2026-08-14 11:45:46,6.953125,-1
2026-08-14 11:45:46,6.953125,-1
2026-08-14 11:45:46,6.953125,-1
2026-08-14 11:45:46,6.953125,-1
2026-08-14 11:45:46,6.953125,-1
2026-08-14 11:45:46,6.953125,-1
2026-08-14 11:45:46,6.953125,-1
2026-08-14 11:45:46,6.953125,-1
2026-08-14 11:45:46,6.953125,-1
2026-08-14 11:45:46,6.953125,-1
2026-08-14 11:45:47,6.484375,-1
2026-08-14 11:45:47,6.484375,-1
2026-08-14 11:45:47,6.671875,-1
2026-08-14 11:45:47,6.671875,-1
2026-08-14 11:45:47,6.671875,-1
2026-08-14 11:45:47,6.671875,-1
2026-08-14 11:45:47,6.671875,-1
2026-08-14 11:45:47,6.671875,-1
2026-08-14 11:45:47,6.671875,-1
2026-08-14 11:45:47,6.671875,-1
2026-08-14 11:45:47,6.671875,-1
2026-08-14 11:45:47,6.671875,-1
2026-08-14 11:45:47,7.375,-1
2026-08-14 11:45:47,7.375,-1
2026-08-14 11:45:47,7.359375,-1
2026-08-14 11:45:47,7.359375,-1
2026-08-14 11:45:47,7.359375,-1
2026-08-14 11:45:47,7.359375,-1
2026-08-14 11:45:47,7.359375,-1
2026-08-14 11:45:47,7.359375,-1
2026-08-14 11:45:48,7.359375,-1
2026-08-14 11:45:48,7.359375,-1
2026-08-14 11:45:48,7.359375,-1
2026-08-14 11:45:48,7.359375,-1
2026-08-14 11:45:48,7.328125,-1
2026-08-14 11:45:48,7.328125,-1
2026-08-14 11:45:48,7.296875,-1
2026-08-14 11:45:48,7.296875,-1
2026-08-14 11:45:48,7.296875,-1
2026-08-14 11:45:48,7.296875,-1
2026-08-14 11:45:48,7.296875,-1
2026-08-14 11:45:48,7.296875,-1
2026-08-14 11:45:48,7.296875,-1
2026-08-14 11:45:48,7.296875,-1
2026-08-14 11:45:48,6.359375,-1
2026-08-14 11:45:48,6.359375,-1
2026-08-14 11:45:48,6.515625,-1
2026-08-14 11:45:48,6.515625,-1
2026-08-14 11:45:48,6.515625,-1
2026-08-14 11:45:48,6.515625,-1
2026-08-14 11:45:49,6.515625,-1
2026-08-14 11:45:49,6.515625,-1
2026-08-14 11:45:49,6.515625,-1
2026-08-14 11:45:49,6.515625,-1
2026-08-14 11:45:49,6.515625,-1
2026-08-14 11:45:49,6.515625,-1
2026-08-14 11:45:49,5.6875,-1
2026-08-14 11:45:49,5.6875,-1
2026-08-14 11:45:49,5.671875,-1
2026-08-14 11:45:49,5.671875,-1
2026-08-14 11:45:49,5.671875,-1
2026-08-14 11:45:49,5.671875,-1
2026-08-14 11:45:49,5.671875,-1
2026-08-14 11:45:49,5.671875,-1
2026-08-14 11:45:49,5.671875,-1
2026-08-14 11:45:49,5.671875,-1
2026-08-14 11:45:49,2.140625,-1
2026-08-14 11:45:49,2.140625,-1
2026-08-14 11:45:49,1.828125,-1
2026-08-14 11:45:49,1.828125,-1
2026-08-14 11:45:50,1.765625,-1
2026-08-14 11:45:50,1.765625,-1
2026-08-14 11:45:50,1.765625,-1
2026-08-14 11:45:50,1.765625,-1
2026-08-14 11:45:50,1.765625,-1
2026-08-14 11:45:50,1.765625,-1
2026-08-14 11:45:50,0.0,-1
2026-08-14 11:45:50,0.0,-1
2026-08-14 11:45:50,0.0,-1
2026-08-14 11:45:50,0.0,-1
2026-08-14 11:45:50,0.0,-1
2026-08-14 11:45:50,0.0,-1
2026-08-14 11:45:50,0.0,-1
2026-08-14 11:45:50,0.0,-1
2026-08-14 11:45:50,0.0,-1
2026-08-14 11:45:50,0.0,-1
2026-08-14 11:45:50,0.0,-1
2026-08-14 11:45:50,0.0,-1
2026-08-14 11:45:50,0.0,-1
2026-08-14 11:45:50,0.0,1
2026-08-14 11:45:51,0.0,1
2026-08-14 11:45:51,0.0,1
2026-08-14 11:45:51,0.0,1
2026-08-14 11:45:51,0.0,1
2026-08-14 11:45:51,0.0,1
2026-08-14 11:45:51,0.0,1
2026-08-14 11:45:51,0.0,1
2026-08-14 11:45:51,0.0,1
2026-08-14 11:45:51,0.0,1
2026-08-14 11:45:51,0.0,1
2026-08-14 11:45:51,0.0,1
2026-08-14 11:45:51,0.0,1
2026-08-14 11:45:51,0.0,1
2026-08-14 11:45:51,0.0,1
2026-08-14 11:45:51,0.0,1
2026-08-14 11:45:51,0.0,1
2026-08-14 11:45:51,0.0,1
2026-08-14 11:45:51,0.0,1
2026-08-14 11:45:51,0.0,1
2026-08-14 11:45:51,0.0,1
2026-08-14 11:45:52,0.0,1
2026-08-14 11:45:52,0.0,1
2026-08-14 11:45:52,0.0,1
2026-08-14 11:45:52,0.0,1
2026-08-14 11:45:52,1.453125,1
2026-08-14 11:45:52,1.453125,1
2026-08-14 11:45:52,1.515625,1
2026-08-14 11:45:52,1.515625,1
2026-08-14 11:45:52,1.515625,1
2026-08-14 11:45:52,1.515625,1
2026-08-14 11:45:52,1.515625,1
2026-08-14 11:45:52,1.515625,1
2026-08-14 11:45:52,3.453125,1
2026-08-14 11:45:52,3.453125,1
2026-08-14 11:45:52,3.484375,1
2026-08-14 11:45:52,3.484375,1
2026-08-14 11:45:52,3.546875,1
2026-08-14 11:45:52,3.546875,1
2026-08-14 11:45:52,3.546875,1
2026-08-14 11:45:52,3.546875,1
2026-08-14 11:45:53,3.546875,1
2026-08-14 11:45:53,3.546875,1
2026-08-14 11:45:53,3.546875,1
2026-08-14 11:45:53,3.546875,1
2026-08-14 11:45:53,3.546875,1
2026-08-14 11:45:53,3.546875,1
2026-08-14 11:45:53,6.359375,1
2026-08-14 11:45:53,6.359375,1
2026-08-14 11:45:53,6.453125,1
2026-08-14 11:45:53,6.453125,1
2026-08-14 11:45:53,6.453125,1
2026-08-14 11:45:53,6.453125,1
2026-08-14 11:45:53,6.453125,1
2026-08-14 11:45:53,6.453125,1
2026-08-14 11:45:53,6.453125,1
2026-08-14 11:45:53,6.453125,1
2026-08-14 11:45:53,9.265625,1
2026-08-14 11:45:53,9.265625,1
2026-08-14 11:45:53,9.34375,1
2026-08-14 11:45:53,9.34375,1
2026-08-14 11:45:54,9.359375,1
2026-08-14 11:45:54,9.359375,1
2026-08-14 11:45:54,9.359375,1
2026-08-14 11:45:54,9.359375,1
2026-08-14 11:45:54,9.359375,1
2026-08-14 11:45:54,9.359375,1
2026-08-14 11:45:54,9.359375,1
2026-08-14 11:45:54,9.359375,1
2026-08-14 11:45:54,11.59375,1
2026-08-14 11:45:54,11.59375,1
2026-08-14 11:45:54,11.875,1
2026-08-14 11:45:54,11.875,1
2026-08-14 11:45:54,11.875,1
2026-08-14 11:45:54,11.875,1
2026-08-14 11:45:54,11.875,1
2026-08-14 11:45:54,11.875,1
2026-08-14 11:45:54,11.875,1
2026-08-14 11:45:54,11.875,1
2026-08-14 11:45:54,11.875,1
2026-08-14 11:45:54,11.875,1
2026-08-14 11:45:55,13.578125,1
2026-08-14 11:45:55,13.578125,1
2026-08-14 11:45:55,15.296875,1
2026-08-14 11:45:55,15.296875,1
2026-08-14 11:45:55,15.53125,1
2026-08-14 11:45:55,15.53125,1
2026-08-14 11:45:55,15.65625,1
2026-08-14 11:45:55,15.65625,1
2026-08-14 11:45:55,15.65625,1
2026-08-14 11:45:55,15.65625,1
2026-08-14 11:45:55,15.65625,1
2026-08-14 11:45:55,15.65625,1
2026-08-14 11:45:55,15.65625,1
2026-08-14 11:45:55,15.65625,1
2026-08-14 11:45:55,18.265625,1
2026-08-14 11:45:55,18.265625,1
2026-08-14 11:45:55,18.515625,1
2026-08-14 11:45:55,18.515625,1
2026-08-14 11:45:55,18.515625,1
2026-08-14 11:45:55,18.515625,1
2026-08-14 11:45:56,18.515625,1
2026-08-14 11:45:56,18.515625,1
2026-08-14 11:45:56,18.515625,1
2026-08-14 11:45:56,18.515625,1
2026-08-14 11:45:56,18.515625,1
2026-08-14 11:45:56,18.515625,1
2026-08-14 11:45:56,21.21875,1
2026-08-14 11:45:56,21.21875,1
2026-08-14 11:45:56,21.40625,1
2026-08-14 11:45:56,21.40625,1
2026-08-14 11:45:56,21.40625,1
2026-08-14 11:45:56,21.40625,1
2026-08-14 11:45:56,21.40625,1
2026-08-14 11:45:56,21.40625,1
2026-08-14 11:45:56,21.40625,1
2026-08-14 11:45:56,21.40625,1
2026-08-14 11:45:56,21.40625,1
2026-08-14 11:45:56,21.40625,1
2026-08-14 11:45:56,22.40625,1
2026-08-14 11:45:56,22.40625,1
2026-08-14 11:45:57,22.328125,1
2026-08-14 11:45:57,22.328125,1
2026-08-14 11:45:57,22.328125,1
2026-08-14 11:45:57,22.328125,1
2026-08-14 11:45:57,22.328125,1
2026-08-14 11:45:57,22.328125,1
2026-08-14 11:45:57,22.328125,1
2026-08-14 11:45:57,22.328125,1
2026-08-14 11:45:57,22.328125,1
2026-08-14 11:45:57,22.328125,1
2026-08-14 11:45:57,22.875,1
2026-08-14 11:45:57,22.875,1
2026-08-14 11:45:57,22.78125,1
2026-08-14 11:45:57,22.78125,1
2026-08-14 11:45:57,22.78125,1
2026-08-14 11:45:57,22.78125,1
2026-08-14 11:45:57,22.78125,1
2026-08-14 11:45:57,22.78125,1
2026-08-14 11:45:57,22.78125,1
2026-08-14 11:45:57,22.78125,1
2026-08-14 11:45:58,22.953125,1
2026-08-14 11:45:58,22.953125,1
2026-08-14 11:45:58,22.625,1
2026-08-14 11:45:58,22.625,1
2026-08-14 11:45:58,22.640625,1
2026-08-14 11:45:58,22.640625,1
2026-08-14 11:45:58,22.640625,1
2026-08-14 11:45:58,22.640625,1
2026-08-14 11:45:58,22.640625,1
2026-08-14 11:45:58,22.640625,1
2026-08-14 11:45:58,22.640625,1
2026-08-14 11:45:58,22.640625,1
2026-08-14 11:45:58,21.234375,1
2026-08-14 11:45:58,21.234375,1
2026-08-14 11:45:58,21.359375,1
2026-08-14 11:45:58,21.359375,1
2026-08-14 11:45:58,21.359375,1
2026-08-14 11:45:58,21.359375,1
2026-08-14 11:45:58,21.359375,1
2026-08-14 11:45:58,21.359375,1
2026-08-14 11:45:59,21.359375,1
2026-08-14 11:45:59,21.359375,1
2026-08-14 11:45:59,21.359375,1
2026-08-14 11:45:59,21.359375,1
2026-08-14 11:45:59,21.875,1
2026-08-14 11:45:59,21.875,1
2026-08-14 11:45:59,21.9375,1
2026-08-14 11:45:59,21.9375,1
2026-08-14 11:45:59,21.9375,1
2026-08-14 11:45:59,21.9375,1
2026-08-14 11:45:59,21.9375,1
2026-08-14 11:45:59,21.9375,1
2026-08-14 11:45:59,21.9375,1
2026-08-14 11:45:59,21.9375,1
2026-08-14 11:45:59,21.9375,1
2026-08-14 11:45:59,21.9375,1
2026-08-14 11:45:59,20.5625,1
2026-08-14 11:45:59,20.5625,1
2026-08-14 11:45:59,20.671875,1
2026-08-14 11:45:59,20.671875,1
2026-08-14 11:46:00,20.671875,1
2026-08-14 11:46:00,20.671875,1
2026-08-14 11:46:00,20.671875,1
2026-08-14 11:46:00,20.671875,1
2026-08-14 11:46:00,20.671875,1
2026-08-14 11:46:00,20.671875,1
2026-08-14 11:46:00,20.671875,1
2026-08-14 11:46:00,20.671875,1
2026-08-14 11:46:00,20.328125,1
2026-08-14 11:46:00,20.328125,1
2026-08-14 11:46:00,20.484375,1
2026-08-14 11:46:00,20.484375,1
2026-08-14 11:46:00,20.484375,1
2026-08-14 11:46:00,20.484375,1
2026-08-14 11:46:00,20.484375,1
2026-08-14 11:46:00,20.484375,1
2026-08-14 11:46:00,20.484375,1
2026-08-14 11:46:00,20.484375,1
2026-08-14 11:46:00,19.71875,1
2026-08-14 11:46:00,19.71875,1
2026-08-14 11:46:01,19.546875,1
2026-08-14 11:46:01,19.546875,1
2026-08-14 11:46:01,19.65625,1
2026-08-14 11:46:01,19.65625,1
2026-08-14 11:46:01,19.65625,1
2026-08-14 11:46:01,19.65625,1
2026-08-14 11:46:01,19.65625,1
2026-08-14 11:46:01,19.65625,1
2026-08-14 11:46:01,19.65625,1
2026-08-14 11:46:01,19.65625,1
2026-08-14 11:46:01,19.796875,1
2026-08-14 11:46:01,19.796875,1
2026-08-14 11:46:01,19.921875,1
2026-08-14 11:46:01,19.921875,1
2026-08-14 11:46:01,19.921875,1
2026-08-14 11:46:01,19.921875,1
2026-08-14 11:46:01,19.921875,1
2026-08-14 11:46:01,19.921875,1
2026-08-14 11:46:01,19.921875,1
2026-08-14 11:46:01,19.921875,1
2026-08-14 11:46:02,19.671875,1
2026-08-14 11:46:02,19.671875,1
2026-08-14 11:46:02,19.671875,1
2026-08-14 11:46:02,19.671875,1
2026-08-14 11:46:02,19.734375,1
2026-08-14 11:46:02,19.734375,1
2026-08-14 11:46:02,19.796875,1
2026-08-14 11:46:02,19.796875,1
2026-08-14 11:46:02,19.796875,1
2026-08-14 11:46:02,19.796875,1
2026-08-14 11:46:02,19.796875,1
2026-08-14 11:46:02,19.796875,1
2026-08-14 11:46:02,19.796875,1
2026-08-14 11:46:02,19.796875,1
2026-08-14 11:46:02,19.71875,1
2026-08-14 11:46:02,19.71875,1
2026-08-14 11:46:02,19.78125,1
2026-08-14 11:46:02,19.78125,1
2026-08-14 11:46:02,19.765625,1
2026-08-14 11:46:02,19.765625,1
2026-08-14 11:46:03,19.765625,1
2026-08-14 11:46:03,19.765625,1
2026-08-14 11:46:03,19.765625,1
2026-08-14 11:46:03,19.765625,1
2026-08-14 11:46:03,23.0625,1
2026-08-14 11:46:03,23.0625,1
2026-08-14 11:46:03,23.0625,1
2026-08-14 11:46:03,23.0625,1
2026-08-14 11:46:03,21.234375,1
2026-08-14 11:46:03,21.234375,1
2026-08-14 11:46:03,21.015625,1
2026-08-14 11:46:03,21.015625,1
2026-08-14 11:46:03,21.015625,1
2026-08-14 11:46:03,21.015625,1
2026-08-14 11:46:03,21.015625,1
2026-08-14 11:46:03,21.015625,1
2026-08-14 11:46:03,19.78125,1
2026-08-14 11:46:03,19.78125,1
2026-08-14 11:46:03,19.640625,1
2026-08-14 11:46:03,19.640625,1
2026-08-14 11:46:04,19.890625,1
2026-08-14 11:46:04,19.890625,1
2026-08-14 11:46:04,19.890625,1
2026-08-14 11:46:04,19.890625,1
2026-08-14 11:46:04,19.890625,1
2026-08-14 11:46:04,19.890625,1
2026-08-14 11:46:04,19.890625,1
2026-08-14 11:46:04,19.890625,1
2026-08-14 11:46:04,19.390625,1
2026-08-14 11:46:04,19.390625,1
2026-08-14 11:46:04,19.515625,1
2026-08-14 11:46:04,19.515625,1
2026-08-14 11:46:04,19.5,1
2026-08-14 11:46:04,19.5,1
2026-08-14 11:46:04,19.5,1
2026-08-14 11:46:04,19.5,1
2026-08-14 11:46:04,19.5,1
2026-08-14 11:46:04,19.5,1
2026-08-14 11:46:04,19.5,1
2026-08-14 11:46:04,19.5,1
2026-08-14 11:46:05,19.5,1
2026-08-14 11:46:05,19.5,1
2026-08-14 11:46:05,20.203125,1
2026-08-14 11:46:05,20.203125,1
2026-08-14 11:46:05,20.28125,1
2026-08-14 11:46:05,20.28125,1
2026-08-14 11:46:05,20.28125,1
2026-08-14 11:46:05,20.28125,1
2026-08-14 11:46:05,20.28125,1
2026-08-14 11:46:05,20.28125,1
2026-08-14 11:46:05,20.28125,1
2026-08-14 11:46:05,20.28125,1
2026-08-14 11:46:05,20.28125,1
2026-08-14 11:46:05,20.28125,1
2026-08-14 11:46:05,21.59375,1
2026-08-14 11:46:05,21.59375,1
2026-08-14 11:46:05,21.71875,1
2026-08-14 11:46:05,21.71875,1
2026-08-14 11:46:05,21.71875,1
2026-08-14 11:46:05,21.71875,1
2026-08-14 11:46:06,21.71875,1
2026-08-14 11:46:06,21.71875,1
2026-08-14 11:46:06,21.71875,1
2026-08-14 11:46:06,21.71875,1
2026-08-14 11:46:06,21.71875,1
2026-08-14 11:46:06,21.71875,1
2026-08-14 11:46:06,23.25,1
2026-08-14 11:46:06,23.25,1
2026-08-14 11:46:06,23.125,1
2026-08-14 11:46:06,23.125,1
2026-08-14 11:46:06,23.125,1
2026-08-14 11:46:06,23.125,1
2026-08-14 11:46:06,23.125,1
2026-08-14 11:46:06,23.125,1
2026-08-14 11:46:06,23.125,1
2026-08-14 11:46:06,23.125,1
2026-08-14 11:46:06,23.671875,1
2026-08-14 11:46:06,23.671875,1
2026-08-14 11:46:06,23.640625,1
2026-08-14 11:46:06,23.640625,1
2026-08-14 11:46:07,23.609375,1
2026-08-14 11:46:07,23.609375,1
2026-08-14 11:46:07,23.609375,1
2026-08-14 11:46:07,23.609375,1
2026-08-14 11:46:07,23.609375,1
2026-08-14 11:46:07,23.609375,1
2026-08-14 11:46:07,23.609375,1
2026-08-14 11:46:07,23.609375,1
2026-08-14 11:46:07,23.359375,1
2026-08-14 11:46:07,23.359375,1
2026-08-14 11:46:07,23.203125,1
2026-08-14 11:46:07,23.203125,1
2026-08-14 11:46:07,22.984375,1
2026-08-14 11:46:07,22.984375,1
2026-08-14 11:46:07,22.984375,1
2026-08-14 11:46:07,22.984375,1
2026-08-14 11:46:07,22.984375,1
2026-08-14 11:46:07,22.984375,1
2026-08-14 11:46:07,22.984375,1
2026-08-14 11:46:07,22.984375,1
2026-08-14 11:46:08,22.984375,1
2026-08-14 11:46:08,22.984375,1
2026-08-14 11:46:08,22.265625,1
2026-08-14 11:46:08,22.265625,1
2026-08-14 11:46:08,22.296875,1
2026-08-14 11:46:08,22.296875,1
2026-08-14 11:46:08,22.296875,1
2026-08-14 11:46:08,22.296875,1
2026-08-14 11:46:08,22.296875,1
2026-08-14 11:46:08,22.296875,1
2026-08-14 11:46:08,22.296875,1
2026-08-14 11:46:08,22.296875,1
2026-08-14 11:46:08,22.4375,1
2026-08-14 11:46:08,22.4375,1
2026-08-14 11:46:08,22.390625,1
2026-08-14 11:46:08,22.390625,1
2026-08-14 11:46:08,22.40625,1
2026-08-14 11:46:08,22.40625,1
2026-08-14 11:46:08,22.40625,1
2026-08-14 11:46:08,22.40625,1
2026-08-14 11:46:09,22.40625,1
2026-08-14 11:46:09,22.40625,1
2026-08-14 11:46:09,22.40625,1
2026-08-14 11:46:09,22.40625,1
2026-08-14 11:46:09,23.25,1
2026-08-14 11:46:09,23.25,1
2026-08-14 11:46:09,23.3125,1
2026-08-14 11:46:09,23.3125,1
2026-08-14 11:46:09,23.3125,1
2026-08-14 11:46:09,23.3125,1
2026-08-14 11:46:09,23.3125,1
2026-08-14 11:46:09,23.3125,1
2026-08-14 11:46:09,23.3125,1
2026-08-14 11:46:09,23.3125,1
2026-08-14 11:46:09,23.296875,1
2026-08-14 11:46:09,23.296875,1
2026-08-14 11:46:09,23.28125,1
2026-08-14 11:46:09,23.28125,1
2026-08-14 11:46:09,23.21875,1
2026-08-14 11:46:09,23.21875,1
2026-08-14 11:46:10,23.21875,1
2026-08-14 11:46:10,23.21875,1
2026-08-14 11:46:10,23.21875,1
2026-08-14 11:46:10,23.21875,1
2026-08-14 11:46:10,23.21875,1
2026-08-14 11:46:10,23.21875,1
2026-08-14 11:46:10,23.5,1
2026-08-14 11:46:10,23.5,1
2026-08-14 11:46:10,23.453125,1
2026-08-14 11:46:10,23.453125,1
2026-08-14 11:46:10,23.296875,1
2026-08-14 11:46:10,23.296875,1
2026-08-14 11:46:10,23.296875,1
2026-08-14 11:46:10,23.296875,1
2026-08-14 11:46:10,23.296875,1
2026-08-14 11:46:10,23.296875,1
2026-08-14 11:46:10,23.75,1
2026-08-14 11:46:10,23.75,1
2026-08-14 11:46:10,23.75,1
2026-08-14 11:46:10,23.75,1
2026-08-14 11:46:11,23.671875,1
2026-08-14 11:46:11,23.671875,1
2026-08-14 11:46:11,23.671875,1
2026-08-14 11:46:11,23.671875,1
2026-08-14 11:46:11,23.671875,1
2026-08-14 11:46:11,23.671875,1
2026-08-14 11:46:11,23.953125,1
2026-08-14 11:46:11,23.953125,1
2026-08-14 11:46:11,23.984375,1
2026-08-14 11:46:11,23.984375,1
2026-08-14 11:46:11,24.171875,1
2026-08-14 11:46:11,24.171875,1
2026-08-14 11:46:11,24.171875,1
2026-08-14 11:46:11,24.171875,1
2026-08-14 11:46:11,24.171875,1
2026-08-14 11:46:11,24.171875,1
2026-08-14 11:46:11,24.25,1
2026-08-14 11:46:11,24.25,1
2026-08-14 11:46:11,23.921875,1
2026-08-14 11:46:11,23.921875,1
2026-08-14 11:46:12,23.921875,1
2026-08-14 11:46:12,23.921875,1
2026-08-14 11:46:12,23.921875,1
2026-08-14 11:46:12,23.921875,1
2026-08-14 11:46:12,23.921875,1
2026-08-14 11:46:12,23.921875,1
2026-08-14 11:46:12,24.3125,1
2026-08-14 11:46:12,24.3125,1
2026-08-14 11:46:12,24.015625,1
2026-08-14 11:46:12,24.015625,1
2026-08-14 11:46:12,24.109375,1
2026-08-14 11:46:12,24.109375,1
2026-08-14 11:46:12,24.109375,1
2026-08-14 11:46:12,24.109375,1
2026-08-14 11:46:12,24.109375,1
2026-08-14 11:46:12,24.109375,1
2026-08-14 11:46:12,22.984375,1
2026-08-14 11:46:12,22.984375,1
2026-08-14 11:46:12,22.875,1
2026-08-14 11:46:12,22.875,1
2026-08-14 11:46:13,22.890625,1
2026-08-14 11:46:13,22.890625,1
2026-08-14 11:46:13,22.890625,1
2026-08-14 11:46:13,22.890625,1
2026-08-14 11:46:13,22.890625,1
2026-08-14 11:46:13,22.890625,1
2026-08-14 11:46:13,22.890625,1
2026-08-14 11:46:13,22.890625,1
2026-08-14 11:46:13,22.890625,1
2026-08-14 11:46:13,22.890625,1
2026-08-14 11:46:13,23.484375,1
2026-08-14 11:46:13,23.484375,1
2026-08-14 11:46:13,23.234375,1
2026-08-14 11:46:13,23.234375,1
2026-08-14 11:46:13,23.234375,1
2026-08-14 11:46:13,23.234375,1
2026-08-14 11:46:13,23.234375,1
2026-08-14 11:46:13,23.234375,1
2026-08-14 11:46:13,23.234375,1
2026-08-14 11:46:13,23.234375,1
2026-08-14 11:46:14,23.234375,1
2026-08-14 11:46:14,23.234375,1
2026-08-14 11:46:14,23.546875,1
2026-08-14 11:46:14,23.546875,1
2026-08-14 11:46:14,23.625,1
2026-08-14 11:46:14,23.625,1
2026-08-14 11:46:14,23.625,1
2026-08-14 11:46:14,23.625,1
2026-08-14 11:46:14,23.625,1
2026-08-14 11:46:14,23.625,1
2026-08-14 11:46:14,23.625,1
2026-08-14 11:46:14,23.625,1
2026-08-14 11:46:14,23.265625,1
2026-08-14 11:46:14,23.265625,1
2026-08-14 11:46:14,23.234375,1
2026-08-14 11:46:14,23.234375,1
2026-08-14 11:46:14,23.296875,1
2026-08-14 11:46:14,23.296875,1
2026-08-14 11:46:14,23.296875,1
2026-08-14 11:46:14,23.296875,1
2026-08-14 11:46:15,23.296875,1
2026-08-14 11:46:15,23.296875,1
2026-08-14 11:46:15,23.296875,1
2026-08-14 11:46:15,23.296875,1
2026-08-14 11:46:15,23.78125,1
2026-08-14 11:46:15,23.78125,1
2026-08-14 11:46:15,23.796875,1
2026-08-14 11:46:15,23.796875,1
2026-08-14 11:46:15,23.78125,1
2026-08-14 11:46:15,23.78125,1
2026-08-14 11:46:15,23.78125,1
2026-08-14 11:46:15,23.78125,1
2026-08-14 11:46:15,23.78125,1
2026-08-14 11:46:15,23.78125,1
2026-08-14 11:46:15,23.78125,1
2026-08-14 11:46:15,23.78125,1
2026-08-14 11:46:15,24.0,1
2026-08-14 11:46:15,24.0,1
2026-08-14 11:46:15,23.921875,1
2026-08-14 11:46:15,23.921875,1
2026-08-14 11:46:16,23.9375,1
2026-08-14 11:46:16,23.9375,1
2026-08-14 11:46:16,23.9375,1
2026-08-14 11:46:16,23.9375,1
2026-08-14 11:46:16,23.9375,1
2026-08-14 11:46:16,23.9375,1
2026-08-14 11:46:16,23.9375,1
2026-08-14 11:46:16,23.9375,1
2026-08-14 11:46:16,23.703125,1
2026-08-14 11:46:16,23.703125,1
2026-08-14 11:46:16,23.71875,1
2026-08-14 11:46:16,23.71875,1
2026-08-14 11:46:16,23.453125,1
2026-08-14 11:46:16,23.453125,1
2026-08-14 11:46:16,23.375,1
2026-08-14 11:46:16,23.375,1
2026-08-14 11:46:16,23.375,1
2026-08-14 11:46:16,23.375,1
2026-08-14 11:46:16,23.375,1
2026-08-14 11:46:16,23.375,1
2026-08-14 11:46:17,23.375,1
2026-08-14 11:46:17,23.375,1
2026-08-14 11:46:17,23.375,1
2026-08-14 11:46:17,23.375,1
2026-08-14 11:46:17,22.875,1
2026-08-14 11:46:17,22.875,1
2026-08-14 11:46:17,22.609375,1
2026-08-14 11:46:17,22.609375,1
2026-08-14 11:46:17,22.609375,1
2026-08-14 11:46:17,22.609375,1
2026-08-14 11:46:17,22.609375,1
2026-08-14 11:46:17,22.609375,1
2026-08-14 11:46:17,22.609375,1
2026-08-14 11:46:17,22.609375,1
2026-08-14 11:46:17,22.609375,1
2026-08-14 11:46:17,22.609375,1
2026-08-14 11:46:17,22.546875,1
2026-08-14 11:46:17,22.546875,1
2026-08-14 11:46:17,22.375,1
2026-08-14 11:46:17,22.375,1
2026-08-14 11:46:18,22.375,1
2026-08-14 11:46:18,22.375,1
2026-08-14 11:46:18,22.375,1
2026-08-14 11:46:18,22.375,1
2026-08-14 11:46:18,22.375,1
2026-08-14 11:46:18,22.375,1
2026-08-14 11:46:18,22.375,1
2026-08-14 11:46:18,22.375,1
2026-08-14 11:46:18,22.6875,1
2026-08-14 11:46:18,22.6875,1
2026-08-14 11:46:18,22.71875,1
2026-08-14 11:46:18,22.71875,1
2026-08-14 11:46:18,22.71875,1
2026-08-14 11:46:18,22.71875,1
2026-08-14 11:46:18,22.71875,1
2026-08-14 11:46:18,22.71875,1
2026-08-14 11:46:18,22.71875,1
2026-08-14 11:46:18,22.71875,1
2026-08-14 11:46:18,22.25,1
2026-08-14 11:46:18,22.25,1
2026-08-14 11:46:19,22.78125,1
2026-08-14 11:46:19,22.78125,1
2026-08-14 11:46:19,22.828125,1
2026-08-14 11:46:19,22.828125,1
2026-08-14 11:46:19,22.828125,1
2026-08-14 11:46:19,22.828125,1
2026-08-14 11:46:19,22.828125,1
2026-08-14 11:46:19,22.828125,1
2026-08-14 11:46:19,22.828125,1
2026-08-14 11:46:19,22.828125,1
2026-08-14 11:46:19,22.828125,1
2026-08-14 11:46:19,22.828125,1
2026-08-14 11:46:19,22.71875,1
2026-08-14 11:46:19,22.71875,1
2026-08-14 11:46:19,22.328125,1
2026-08-14 11:46:19,22.328125,1
2026-08-14 11:46:19,22.328125,1
2026-08-14 11:46:19,22.328125,1
2026-08-14 11:46:19,22.328125,1
2026-08-14 11:46:19,22.328125,1
2026-08-14 11:46:20,22.328125,1
2026-08-14 11:46:20,22.328125,1
2026-08-14 11:46:20,21.59375,1
2026-08-14 11:46:20,21.59375,1
2026-08-14 11:46:20,22.125,1
2026-08-14 11:46:20,22.125,1
2026-08-14 11:46:20,22.125,1
2026-08-14 11:46:20,22.125,1
2026-08-14 11:46:20,22.125,1
2026-08-14 11:46:20,22.125,1
2026-08-14 11:46:20,22.125,1
2026-08-14 11:46:20,22.125,1
2026-08-14 11:46:20,22.125,1
2026-08-14 11:46:20,22.125,1
2026-08-14 11:46:20,22.296875,1
2026-08-14 11:46:20,22.296875,1
2026-08-14 11:46:20,22.515625,1
2026-08-14 11:46:20,22.515625,1
2026-08-14 11:46:20,22.515625,1
2026-08-14 11:46:20,22.515625,1
2026-08-14 11:46:21,22.515625,1
2026-08-14 11:46:21,22.515625,1
2026-08-14 11:46:21,22.515625,1
2026-08-14 11:46:21,22.515625,1
2026-08-14 11:46:21,22.515625,1
2026-08-14 11:46:21,22.515625,1
2026-08-14 11:46:21,22.9375,1
2026-08-14 11:46:21,22.9375,1
2026-08-14 11:46:21,22.9375,1
2026-08-14 11:46:21,22.9375,1
2026-08-14 11:46:21,22.9375,1
2026-08-14 11:46:21,22.9375,1
2026-08-14 11:46:21,22.9375,1
2026-08-14 11:46:21,22.9375,1
2026-08-14 11:46:21,22.9375,1
2026-08-14 11:46:21,22.9375,1
2026-08-14 11:46:21,21.703125,1
2026-08-14 11:46:21,21.703125,1
2026-08-14 11:46:21,21.71875,1
2026-08-14 11:46:21,21.71875,1
2026-08-14 11:46:22,21.03125,1
2026-08-14 11:46:22,21.03125,1
2026-08-14 11:46:22,21.03125,1
2026-08-14 11:46:22,21.03125,1
2026-08-14 11:46:22,21.03125,1
2026-08-14 11:46:22,21.03125,1
2026-08-14 11:46:22,21.03125,1
2026-08-14 11:46:22,21.03125,1
2026-08-14 11:46:22,20.859375,1
2026-08-14 11:46:22,20.859375,1
2026-08-14 11:46:22,20.9375,1
2026-08-14 11:46:22,20.9375,1
2026-08-14 11:46:22,20.953125,1
2026-08-14 11:46:22,20.953125,1
2026-08-14 11:46:22,20.953125,1
2026-08-14 11:46:22,20.953125,1
2026-08-14 11:46:22,20.953125,1
2026-08-14 11:46:22,20.953125,1
2026-08-14 11:46:22,20.953125,1
2026-08-14 11:46:22,20.953125,1
2026-08-14 11:46:23,20.3125,1
2026-08-14 11:46:23,20.3125,1
2026-08-14 11:46:23,20.328125,1
2026-08-14 11:46:23,20.328125,1
2026-08-14 11:46:23,20.25,1
2026-08-14 11:46:23,20.25,1
2026-08-14 11:46:23,20.25,1
2026-08-14 11:46:23,20.25,1
2026-08-14 11:46:23,20.25,1
2026-08-14 11:46:23,20.25,1
2026-08-14 11:46:23,20.25,1
2026-08-14 11:46:23,20.25,1
2026-08-14 11:46:23,19.734375,1
2026-08-14 11:46:23,19.734375,1
2026-08-14 11:46:23,20.6875,1
2026-08-14 11:46:23,20.6875,1
2026-08-14 11:46:23,21.1875,1
2026-08-14 11:46:23,21.1875,1
2026-08-14 11:46:23,21.1875,1
2026-08-14 11:46:23,21.1875,1
2026-08-14 11:46:24,21.1875,1
2026-08-14 11:46:24,21.1875,1
2026-08-14 11:46:24,21.1875,1
2026-08-14 11:46:24,21.1875,1
2026-08-14 11:46:24,21.015625,1
2026-08-14 11:46:24,21.015625,1
2026-08-14 11:46:24,21.15625,1
2026-08-14 11:46:24,21.15625,1
2026-08-14 11:46:24,21.140625,1
2026-08-14 11:46:24,21.140625,1
2026-08-14 11:46:24,21.140625,1
2026-08-14 11:46:24,21.140625,1
2026-08-14 11:46:24,21.140625,1
2026-08-14 11:46:24,21.140625,1
2026-08-14 11:46:24,21.140625,1
2026-08-14 11:46:24,21.140625,1
2026-08-14 11:46:24,21.140625,1
2026-08-14 11:46:24,21.140625,1
2026-08-14 11:46:24,21.96875,1
2026-08-14 11:46:24,21.96875,1
2026-08-14 11:46:25,22.046875,1
2026-08-14 11:46:25,22.046875,1
2026-08-14 11:46:25,22.046875,1
2026-08-14 11:46:25,22.046875,1
2026-08-14 11:46:25,22.046875,1
2026-08-14 11:46:25,22.046875,1
2026-08-14 11:46:25,22.046875,1
2026-08-14 11:46:25,22.046875,1
2026-08-14 11:46:25,23.515625,1
2026-08-14 11:46:25,23.515625,1
2026-08-14 11:46:25,23.1875,1
2026-08-14 11:46:25,23.1875,1
2026-08-14 11:46:25,23.1875,1
2026-08-14 11:46:25,23.1875,1
2026-08-14 11:46:25,23.1875,1
2026-08-14 11:46:25,23.1875,1
2026-08-14 11:46:25,23.1875,1
2026-08-14 11:46:25,23.1875,1
2026-08-14 11:46:25,23.1875,1
2026-08-14 11:46:25,23.1875,1
2026-08-14 11:46:26,22.796875,1
2026-08-14 11:46:26,22.796875,1
2026-08-14 11:46:26,22.96875,1
2026-08-14 11:46:26,22.96875,1
2026-08-14 11:46:26,22.96875,1
2026-08-14 11:46:26,22.96875,1
2026-08-14 11:46:26,22.96875,1
2026-08-14 11:46:26,22.96875,1
2026-08-14 11:46:26,22.96875,1
2026-08-14 11:46:26,22.96875,1
2026-08-14 11:46:26,22.96875,1
2026-08-14 11:46:26,22.96875,1
2026-08-14 11:46:26,22.546875,1
2026-08-14 11:46:26,22.546875,1
2026-08-14 11:46:26,22.609375,1
2026-08-14 11:46:26,22.609375,1
2026-08-14 11:46:26,22.609375,1
2026-08-14 11:46:26,22.609375,1
2026-08-14 11:46:26,22.609375,1
2026-08-14 11:46:26,22.609375,1
2026-08-14 11:46:27,22.609375,1
2026-08-14 11:46:27,22.609375,1
2026-08-14 11:46:27,22.609375,1
2026-08-14 11:46:27,22.609375,1
2026-08-14 11:46:27,22.875,1
2026-08-14 11:46:27,22.875,1
2026-08-14 11:46:27,22.609375,1
2026-08-14 11:46:27,22.609375,1
2026-08-14 11:46:27,22.609375,1
2026-08-14 11:46:27,22.609375,1
2026-08-14 11:46:27,22.609375,1
2026-08-14 11:46:27,22.609375,1
2026-08-14 11:46:27,22.609375,1
2026-08-14 11:46:27,22.609375,1
2026-08-14 11:46:27,22.609375,1
2026-08-14 11:46:27,22.609375,1
2026-08-14 11:46:27,22.359375,1
2026-08-14 11:46:27,22.359375,1
2026-08-14 11:46:27,22.453125,1
2026-08-14 11:46:27,22.453125,1
2026-08-14 11:46:28,22.453125,1
2026-08-14 11:46:28,22.453125,1
2026-08-14 11:46:28,22.453125,1
2026-08-14 11:46:28,22.453125,1
2026-08-14 11:46:28,22.453125,1
2026-08-14 11:46:28,22.453125,1
2026-08-14 11:46:28,22.453125,1
2026-08-14 11:46:28,22.453125,1
2026-08-14 11:46:28,22.40625,1
2026-08-14 11:46:28,22.40625,1
2026-08-14 11:46:28,22.546875,1
2026-08-14 11:46:28,22.546875,1
2026-08-14 11:46:28,22.546875,1
2026-08-14 11:46:28,22.546875,1
2026-08-14 11:46:28,22.546875,1
2026-08-14 11:46:28,22.546875,1
2026-08-14 11:46:28,22.546875,1
2026-08-14 11:46:28,22.546875,1
2026-08-14 11:46:28,22.546875,1
2026-08-14 11:46:28,22.546875,1
2026-08-14 11:46:29,23.21875,1
2026-08-14 11:46:29,23.21875,1
2026-08-14 11:46:29,23.359375,1
2026-08-14 11:46:29,23.359375,1
2026-08-14 11:46:29,23.359375,1
2026-08-14 11:46:29,23.359375,1
2026-08-14 11:46:29,23.359375,1
2026-08-14 11:46:29,23.359375,1
2026-08-14 11:46:29,23.359375,1
2026-08-14 11:46:29,23.359375,1
2026-08-14 11:46:29,22.890625,1
2026-08-14 11:46:29,22.890625,1
2026-08-14 11:46:29,22.859375,1
2026-08-14 11:46:29,22.859375,1
2026-08-14 11:46:29,22.8125,1
2026-08-14 11:46:29,22.8125,1
2026-08-14 11:46:29,22.8125,1
2026-08-14 11:46:29,22.8125,1
2026-08-14 11:46:29,22.8125,1
2026-08-14 11:46:29,22.8125,1
2026-08-14 11:46:30,22.8125,1
2026-08-14 11:46:30,22.8125,1
2026-08-14 11:46:30,23.078125,1
2026-08-14 11:46:30,23.078125,1
2026-08-14 11:46:30,23.171875,1
2026-08-14 11:46:30,23.171875,1
2026-08-14 11:46:30,23.171875,1
2026-08-14 11:46:30,23.171875,1
2026-08-14 11:46:30,23.171875,1
2026-08-14 11:46:30,23.171875,1
2026-08-14 11:46:30,23.171875,1
2026-08-14 11:46:30,23.171875,1
2026-08-14 11:46:30,23.171875,1
2026-08-14 11:46:30,23.171875,1
2026-08-14 11:46:30,23.1875,1
2026-08-14 11:46:30,23.1875,1
2026-08-14 11:46:30,23.21875,1
2026-08-14 11:46:30,23.21875,1
2026-08-14 11:46:30,23.21875,1
2026-08-14 11:46:30,23.21875,1
2026-08-14 11:46:31,23.21875,1
2026-08-14 11:46:31,23.21875,1
2026-08-14 11:46:31,23.21875,1
2026-08-14 11:46:31,23.21875,1
2026-08-14 11:46:31,23.21875,1
2026-08-14 11:46:31,23.21875,1
2026-08-14 11:46:31,23.328125,1
2026-08-14 11:46:31,23.328125,1
2026-08-14 11:46:31,23.453125,1
2026-08-14 11:46:31,23.453125,1
2026-08-14 11:46:31,23.453125,1
2026-08-14 11:46:31,23.453125,1
2026-08-14 11:46:31,23.453125,1
2026-08-14 11:46:31,23.453125,1
2026-08-14 11:46:31,23.453125,1
2026-08-14 11:46:31,23.453125,1
2026-08-14 11:46:31,23.453125,1
2026-08-14 11:46:31,23.453125,1
2026-08-14 11:46:31,23.484375,1
2026-08-14 11:46:31,23.484375,1
2026-08-14 11:46:32,23.421875,1
2026-08-14 11:46:32,23.421875,1
2026-08-14 11:46:32,23.421875,1
2026-08-14 11:46:32,23.421875,1
2026-08-14 11:46:32,23.421875,1
2026-08-14 11:46:32,23.421875,1
2026-08-14 11:46:32,23.421875,1
2026-08-14 11:46:32,23.421875,1
2026-08-14 11:46:32,23.421875,1
2026-08-14 11:46:32,23.421875,1
2026-08-14 11:46:32,23.734375,1
2026-08-14 11:46:32,23.734375,1
2026-08-14 11:46:32,23.75,1
2026-08-14 11:46:32,23.75,1
2026-08-14 11:46:32,23.75,1
2026-08-14 11:46:32,23.75,1
2026-08-14 11:46:32,23.75,1
2026-08-14 11:46:32,23.75,1
2026-08-14 11:46:32,23.75,1
2026-08-14 11:46:32,23.75,1
2026-08-14 11:46:33,23.75,1
2026-08-14 11:46:33,23.75,1
2026-08-14 11:46:33,24.1875,1
2026-08-14 11:46:33,24.1875,1
2026-08-14 11:46:33,24.234375,1
2026-08-14 11:46:33,24.234375,1
2026-08-14 11:46:33,24.234375,1
2026-08-14 11:46:33,24.234375,1
2026-08-14 11:46:33,24.234375,1
2026-08-14 11:46:33,24.234375,1
2026-08-14 11:46:33,24.234375,1
2026-08-14 11:46:33,24.234375,1
2026-08-14 11:46:33,24.375,1
2026-08-14 11:46:33,24.375,1
2026-08-14 11:46:33,24.40625,1
2026-08-14 11:46:33,24.40625,1
2026-08-14 11:46:33,24.40625,1
2026-08-14 11:46:33,24.40625,1
2026-08-14 11:46:33,24.40625,1
2026-08-14 11:46:33,24.40625,1
2026-08-14 11:46:34,24.40625,1
2026-08-14 11:46:34,24.40625,1
2026-08-14 11:46:34,24.40625,1
2026-08-14 11:46:34,24.40625,1
2026-08-14 11:46:34,24.578125,1
2026-08-14 11:46:34,24.578125,1
2026-08-14 11:46:34,24.625,1
2026-08-14 11:46:34,24.625,1
2026-08-14 11:46:34,24.625,1
2026-08-14 11:46:34,24.625,1
2026-08-14 11:46:34,24.625,1
2026-08-14 11:46:34,24.625,1
2026-08-14 11:46:34,24.40625,1
2026-08-14 11:46:34,24.40625,1
2026-08-14 11:46:34,24.421875,1
2026-08-14 11:46:34,24.421875,1
2026-08-14 11:46:34,24.453125,1
2026-08-14 11:46:34,24.453125,1
2026-08-14 11:46:34,24.453125,1
2026-08-14 11:46:34,24.453125,1
2026-08-14 11:46:35,24.453125,1
2026-08-14 11:46:35,24.453125,1
2026-08-14 11:46:35,24.453125,1
2026-08-14 11:46:35,24.453125,1
2026-08-14 11:46:35,24.515625,1
2026-08-14 11:46:35,24.515625,1
2026-08-14 11:46:35,24.546875,1
2026-08-14 11:46:35,24.546875,1
2026-08-14 11:46:35,24.640625,1
2026-08-14 11:46:35,24.640625,1
2026-08-14 11:46:35,24.640625,1
2026-08-14 11:46:35,24.640625,1
2026-08-14 11:46:35,24.640625,1
2026-08-14 11:46:35,24.640625,1
2026-08-14 11:46:35,24.640625,1
2026-08-14 11:46:35,24.640625,1
2026-08-14 11:46:35,23.875,1
2026-08-14 11:46:35,23.875,1
2026-08-14 11:46:35,23.890625,1
2026-08-14 11:46:35,23.890625,1
2026-08-14 11:46:36,23.96875,1
2026-08-14 11:46:36,23.96875,1
2026-08-14 11:46:36,23.96875,1
2026-08-14 11:46:36,23.96875,1
2026-08-14 11:46:36,23.96875,1
2026-08-14 11:46:36,23.96875,1
2026-08-14 11:46:36,23.90625,1
2026-08-14 11:46:36,23.90625,1
2026-08-14 11:46:36,23.90625,1
2026-08-14 11:46:36,23.90625,1
2026-08-14 11:46:36,23.921875,1
2026-08-14 11:46:36,23.921875,1
2026-08-14 11:46:36,24.0,1
2026-08-14 11:46:36,24.0,1
2026-08-14 11:46:36,24.0,1
2026-08-14 11:46:36,24.0,1
2026-08-14 11:46:36,24.0,1
2026-08-14 11:46:36,24.0,1
2026-08-14 11:46:36,24.0,1
2026-08-14 11:46:36,24.0,1
2026-08-14 11:46:37,24.140625,1
2026-08-14 11:46:37,24.140625,1
2026-08-14 11:46:37,24.15625,1
2026-08-14 11:46:37,24.15625,1
2026-08-14 11:46:37,24.15625,1
2026-08-14 11:46:37,24.15625,1
2026-08-14 11:46:37,24.15625,1
2026-08-14 11:46:37,24.15625,1
2026-08-14 11:46:37,24.15625,1
2026-08-14 11:46:37,24.15625,1
2026-08-14 11:46:37,24.15625,1
2026-08-14 11:46:37,24.15625,1
2026-08-14 11:46:37,24.0625,1
2026-08-14 11:46:37,24.0625,1
2026-08-14 11:46:37,24.328125,1
2026-08-14 11:46:37,24.328125,1
2026-08-14 11:46:37,24.328125,1
2026-08-14 11:46:37,24.328125,1
2026-08-14 11:46:37,24.328125,1
2026-08-14 11:46:37,24.328125,1
2026-08-14 11:46:38,24.328125,1
2026-08-14 11:46:38,24.328125,1
2026-08-14 11:46:38,24.328125,1
2026-08-14 11:46:38,24.328125,1
2026-08-14 11:46:38,24.140625,1
2026-08-14 11:46:38,24.140625,1
2026-08-14 11:46:38,23.984375,1
2026-08-14 11:46:38,23.984375,1
2026-08-14 11:46:38,23.984375,1
2026-08-14 11:46:38,23.984375,1
2026-08-14 11:46:38,23.984375,1
2026-08-14 11:46:38,23.984375,1
2026-08-14 11:46:38,23.984375,1
2026-08-14 11:46:38,23.984375,1
2026-08-14 11:46:38,23.984375,1
2026-08-14 11:46:38,23.984375,1
2026-08-14 11:46:38,23.71875,1
2026-08-14 11:46:38,23.71875,1
2026-08-14 11:46:38,23.6875,1
2026-08-14 11:46:38,23.6875,1
2026-08-14 11:46:39,23.6875,1
2026-08-14 11:46:39,23.6875,1
2026-08-14 11:46:39,23.6875,1
2026-08-14 11:46:39,23.6875,1
2026-08-14 11:46:39,23.6875,1
2026-08-14 11:46:39,23.6875,1
2026-08-14 11:46:39,23.6875,1
2026-08-14 11:46:39,23.6875,1
2026-08-14 11:46:39,23.859375,1
2026-08-14 11:46:39,23.859375,1
2026-08-14 11:46:39,23.96875,1
2026-08-14 11:46:39,23.96875,1
2026-08-14 11:46:39,23.96875,1
2026-08-14 11:46:39,23.96875,1
2026-08-14 11:46:39,23.96875,1
2026-08-14 11:46:39,23.96875,1
2026-08-14 11:46:39,23.96875,1
2026-08-14 11:46:39,23.96875,1
2026-08-14 11:46:39,23.96875,1
2026-08-14 11:46:39,23.96875,1
2026-08-14 11:46:40,23.90625,1
2026-08-14 11:46:40,23.90625,1
2026-08-14 11:46:40,23.859375,1
2026-08-14 11:46:40,23.859375,1
2026-08-14 11:46:40,23.859375,1
2026-08-14 11:46:40,23.859375,1
2026-08-14 11:46:40,23.859375,1
2026-08-14 11:46:40,23.859375,1
2026-08-14 11:46:40,23.859375,1
2026-08-14 11:46:40,23.859375,1
2026-08-14 11:46:40,23.859375,1
2026-08-14 11:46:40,23.859375,1
2026-08-14 11:46:40,23.84375,1
2026-08-14 11:46:40,23.84375,1
2026-08-14 11:46:40,23.78125,1
2026-08-14 11:46:40,23.78125,1
2026-08-14 11:46:40,23.78125,1
2026-08-14 11:46:40,23.78125,1
2026-08-14 11:46:40,23.78125,1
2026-08-14 11:46:40,23.78125,1
2026-08-14 11:46:41,23.78125,1
2026-08-14 11:46:41,23.78125,1
2026-08-14 11:46:41,23.78125,1
2026-08-14 11:46:41,23.78125,1
2026-08-14 11:46:41,23.46875,1
2026-08-14 11:46:41,23.46875,1
2026-08-14 11:46:41,23.421875,1
2026-08-14 11:46:41,23.421875,1
2026-08-14 11:46:41,23.421875,1
2026-08-14 11:46:41,23.421875,1
2026-08-14 11:46:41,23.421875,1
2026-08-14 11:46:41,23.421875,1
2026-08-14 11:46:41,23.421875,1
2026-08-14 11:46:41,23.421875,1
2026-08-14 11:46:41,23.546875,1
2026-08-14 11:46:41,23.546875,1
2026-08-14 11:46:41,23.625,1
2026-08-14 11:46:41,23.625,1
2026-08-14 11:46:41,23.6875,1
2026-08-14 11:46:41,23.6875,1
2026-08-14 11:46:42,23.6875,1
2026-08-14 11:46:42,23.6875,1
2026-08-14 11:46:42,23.6875,1
2026-08-14 11:46:42,23.6875,1
2026-08-14 11:46:42,23.6875,1
2026-08-14 11:46:42,23.6875,1
2026-08-14 11:46:42,23.6875,1
2026-08-14 11:46:42,23.6875,1
2026-08-14 11:46:42,23.6875,1
2026-08-14 11:46:42,23.6875,1
2026-08-14 11:46:42,23.609375,1
2026-08-14 11:46:42,23.609375,1
2026-08-14 11:46:42,23.5625,1
2026-08-14 11:46:42,23.5625,1
2026-08-14 11:46:42,23.5625,1
2026-08-14 11:46:42,23.5625,1
2026-08-14 11:46:42,23.5625,1
2026-08-14 11:46:42,23.5625,1
2026-08-14 11:46:42,23.5625,1
2026-08-14 11:46:42,23.5625,1
2026-08-14 11:46:43,23.5625,1
2026-08-14 11:46:43,23.5625,1
2026-08-14 11:46:43,23.171875,1
2026-08-14 11:46:43,23.171875,1
2026-08-14 11:46:43,23.1875,1
2026-08-14 11:46:43,23.1875,1
2026-08-14 11:46:43,23.1875,1
2026-08-14 11:46:43,23.1875,1
2026-08-14 11:46:43,23.1875,1
2026-08-14 11:46:43,23.1875,1
2026-08-14 11:46:43,23.1875,1
2026-08-14 11:46:43,23.1875,1
2026-08-14 11:46:43,22.71875,1
2026-08-14 11:46:43,22.71875,1
2026-08-14 11:46:43,22.71875,1
2026-08-14 11:46:43,22.71875,1
2026-08-14 11:46:43,22.859375,1
2026-08-14 11:46:43,22.859375,1
2026-08-14 11:46:43,22.796875,1
2026-08-14 11:46:43,22.796875,1
2026-08-14 11:46:44,22.796875,1
2026-08-14 11:46:44,22.796875,1
2026-08-14 11:46:44,22.796875,1
2026-08-14 11:46:44,22.796875,1
2026-08-14 11:46:44,22.796875,1
2026-08-14 11:46:44,22.796875,1
2026-08-14 11:46:44,22.375,1
2026-08-14 11:46:44,22.375,1
2026-08-14 11:46:44,22.4375,1
2026-08-14 11:46:44,22.4375,1
2026-08-14 11:46:44,22.453125,1
2026-08-14 11:46:44,22.453125,1
2026-08-14 11:46:44,22.453125,1
2026-08-14 11:46:44,22.453125,1
2026-08-14 11:46:44,22.453125,1
2026-08-14 11:46:44,22.453125,1
2026-08-14 11:46:44,22.453125,1
2026-08-14 11:46:44,22.453125,1
2026-08-14 11:46:44,22.234375,1
2026-08-14 11:46:44,22.234375,1
2026-08-14 11:46:45,22.09375,1
2026-08-14 11:46:45,22.09375,1
2026-08-14 11:46:45,22.046875,1
2026-08-14 11:46:45,22.046875,1
2026-08-14 11:46:45,22.046875,1
2026-08-14 11:46:45,22.046875,1
2026-08-14 11:46:45,22.046875,1
2026-08-14 11:46:45,22.046875,1
2026-08-14 11:46:45,22.046875,1
2026-08-14 11:46:45,22.046875,1
2026-08-14 11:46:45,22.125,1
2026-08-14 11:46:45,22.125,1
2026-08-14 11:46:45,22.171875,1
2026-08-14 11:46:45,22.171875,1
2026-08-14 11:46:45,22.171875,1
2026-08-14 11:46:45,22.171875,1
2026-08-14 11:46:45,22.171875,1
2026-08-14 11:46:45,22.171875,1
2026-08-14 11:46:45,22.171875,1
2026-08-14 11:46:45,22.171875,1
2026-08-14 11:46:46,22.171875,1
2026-08-14 11:46:46,22.171875,1
2026-08-14 11:46:46,22.0625,1
2026-08-14 11:46:46,22.0625,1
2026-08-14 11:46:46,22.0625,1
2026-08-14 11:46:46,22.0625,1
2026-08-14 11:46:46,22.0625,1
2026-08-14 11:46:46,22.0625,1
2026-08-14 11:46:46,22.0625,1
2026-08-14 11:46:46,22.0625,1
2026-08-14 11:46:46,22.0625,1
2026-08-14 11:46:46,22.0625,1
2026-08-14 11:46:46,22.0625,1
2026-08-14 11:46:46,22.0625,1
2026-08-14 11:46:46,22.203125,1
2026-08-14 11:46:46,22.203125,1
2026-08-14 11:46:46,22.3125,1
2026-08-14 11:46:46,22.3125,1
2026-08-14 11:46:46,22.3125,1
2026-08-14 11:46:46,22.3125,1
2026-08-14 11:46:47,22.3125,1
2026-08-14 11:46:47,22.3125,1
2026-08-14 11:46:47,22.3125,1
2026-08-14 11:46:47,22.3125,1
2026-08-14 11:46:47,22.3125,1
2026-08-14 11:46:47,22.3125,1
2026-08-14 11:46:47,22.109375,1
2026-08-14 11:46:47,22.109375,1
2026-08-14 11:46:47,22.234375,1
2026-08-14 11:46:47,22.234375,1
2026-08-14 11:46:47,22.234375,1
2026-08-14 11:46:47,22.234375,1
2026-08-14 11:46:47,22.234375,1
2026-08-14 11:46:47,22.234375,1
2026-08-14 11:46:47,22.234375,1
2026-08-14 11:46:47,22.234375,1
2026-08-14 11:46:47,22.234375,1
2026-08-14 11:46:47,22.234375,1
2026-08-14 11:46:47,22.21875,1
2026-08-14 11:46:47,22.21875,1
2026-08-14 11:46:48,22.265625,1
2026-08-14 11:46:48,22.265625,1
2026-08-14 11:46:48,22.265625,1
2026-08-14 11:46:48,22.265625,1
2026-08-14 11:46:48,22.265625,1
2026-08-14 11:46:48,22.265625,1
2026-08-14 11:46:48,22.265625,1
2026-08-14 11:46:48,22.265625,1
2026-08-14 11:46:48,22.265625,1
2026-08-14 11:46:48,22.265625,1
2026-08-14 11:46:48,22.34375,1
2026-08-14 11:46:48,22.34375,1
2026-08-14 11:46:48,22.3125,1
2026-08-14 11:46:48,22.3125,1
2026-08-14 11:46:48,22.21875,1
2026-08-14 11:46:48,22.21875,1
2026-08-14 11:46:48,22.21875,1
2026-08-14 11:46:48,22.21875,1
2026-08-14 11:46:48,22.21875,1
2026-08-14 11:46:48,22.21875,1
2026-08-14 11:46:49,22.21875,1
2026-08-14 11:46:49,22.21875,1
2026-08-14 11:46:49,22.21875,1
2026-08-14 11:46:49,22.21875,1
2026-08-14 11:46:49,22.53125,1
2026-08-14 11:46:49,22.53125,1
2026-08-14 11:46:49,23.328125,1
2026-08-14 11:46:49,23.328125,1
2026-08-14 11:46:49,23.328125,1
2026-08-14 11:46:49,23.328125,1
2026-08-14 11:46:49,23.328125,1
2026-08-14 11:46:49,23.328125,1
2026-08-14 11:46:49,23.328125,1
2026-08-14 11:46:49,23.328125,1
2026-08-14 11:46:49,22.046875,1
2026-08-14 11:46:49,22.046875,1
2026-08-14 11:46:49,21.75,1
2026-08-14 11:46:49,21.75,1
2026-08-14 11:46:49,21.90625,1
2026-08-14 11:46:49,21.90625,1
2026-08-14 11:46:50,21.90625,1
2026-08-14 11:46:50,21.90625,1
2026-08-14 11:46:50,21.90625,1
2026-08-14 11:46:50,21.90625,1
2026-08-14 11:46:50,21.90625,1
2026-08-14 11:46:50,21.90625,1
2026-08-14 11:46:50,21.90625,1
2026-08-14 11:46:50,21.90625,1
2026-08-14 11:46:50,21.671875,1
2026-08-14 11:46:50,21.671875,1
2026-08-14 11:46:50,21.84375,1
2026-08-14 11:46:50,21.84375,1
2026-08-14 11:46:50,21.84375,1
2026-08-14 11:46:50,21.84375,1
2026-08-14 11:46:50,21.84375,1
2026-08-14 11:46:50,21.84375,1
2026-08-14 11:46:50,21.84375,1
2026-08-14 11:46:50,21.84375,1
2026-08-14 11:46:50,21.765625,1
2026-08-14 11:46:50,21.765625,1
2026-08-14 11:46:51,21.59375,1
2026-08-14 11:46:51,21.59375,1
2026-08-14 11:46:51,23.0625,1
2026-08-14 11:46:51,23.0625,1
2026-08-14 11:46:51,22.984375,1
2026-08-14 11:46:51,22.984375,1
2026-08-14 11:46:51,22.984375,1
2026-08-14 11:46:51,22.984375,1
2026-08-14 11:46:51,22.984375,1
2026-08-14 11:46:51,22.984375,1
2026-08-14 11:46:51,22.984375,1
2026-08-14 11:46:51,22.984375,1
2026-08-14 11:46:51,23.109375,1
2026-08-14 11:46:51,23.109375,1
2026-08-14 11:46:51,23.21875,1
2026-08-14 11:46:51,23.21875,1
2026-08-14 11:46:51,23.140625,1
2026-08-14 11:46:51,23.140625,1
2026-08-14 11:46:51,23.140625,1
2026-08-14 11:46:51,23.140625,1
2026-08-14 11:46:52,23.140625,1
2026-08-14 11:46:52,23.140625,1
2026-08-14 11:46:52,23.140625,1
2026-08-14 11:46:52,23.140625,1
2026-08-14 11:46:52,23.140625,1
2026-08-14 11:46:52,23.140625,1
2026-08-14 11:46:52,23.015625,1
2026-08-14 11:46:52,23.015625,1
2026-08-14 11:46:52,22.9375,1
2026-08-14 11:46:52,22.9375,1
2026-08-14 11:46:52,22.9375,1
2026-08-14 11:46:52,22.9375,1
2026-08-14 11:46:52,22.9375,1
2026-08-14 11:46:52,22.9375,1
2026-08-14 11:46:52,22.9375,1
2026-08-14 11:46:52,22.9375,1
2026-08-14 11:46:52,22.9375,1
2026-08-14 11:46:52,22.9375,1
2026-08-14 11:46:52,23.375,1
2026-08-14 11:46:52,23.375,1
2026-08-14 11:46:53,23.3125,1
2026-08-14 11:46:53,23.3125,1
2026-08-14 11:46:53,23.3125,1
2026-08-14 11:46:53,23.3125,1
2026-08-14 11:46:53,23.3125,1
2026-08-14 11:46:53,23.3125,1
2026-08-14 11:46:53,23.3125,1
2026-08-14 11:46:53,23.3125,1
2026-08-14 11:46:53,23.3125,1
2026-08-14 11:46:53,23.3125,1
2026-08-14 11:46:53,23.328125,1
2026-08-14 11:46:53,23.328125,1
2026-08-14 11:46:53,23.46875,1
2026-08-14 11:46:53,23.46875,1
2026-08-14 11:46:53,23.46875,1
2026-08-14 11:46:53,23.46875,1
2026-08-14 11:46:53,23.46875,1
2026-08-14 11:46:53,23.46875,1
2026-08-14 11:46:53,23.46875,1
2026-08-14 11:46:53,23.46875,1
2026-08-14 11:46:54,23.46875,1
2026-08-14 11:46:54,23.46875,1
2026-08-14 11:46:54,23.015625,1
2026-08-14 11:46:54,23.015625,1
2026-08-14 11:46:54,23.140625,1
2026-08-14 11:46:54,23.140625,1
2026-08-14 11:46:54,23.140625,1
2026-08-14 11:46:54,23.140625,1
2026-08-14 11:46:54,23.140625,1
2026-08-14 11:46:54,23.140625,1
2026-08-14 11:46:54,23.140625,1
2026-08-14 11:46:54,23.140625,1
2026-08-14 11:46:54,23.140625,1
2026-08-14 11:46:54,23.140625,1
2026-08-14 11:46:54,23.015625,1
2026-08-14 11:46:54,23.015625,1
2026-08-14 11:46:54,23.09375,1
2026-08-14 11:46:54,23.09375,1
2026-08-14 11:46:54,23.09375,1
2026-08-14 11:46:54,23.09375,1
2026-08-14 11:46:55,23.09375,1
2026-08-14 11:46:55,23.09375,1
2026-08-14 11:46:55,23.09375,1
2026-08-14 11:46:55,23.09375,1
2026-08-14 11:46:55,23.09375,1
2026-08-14 11:46:55,23.09375,1
2026-08-14 11:46:55,22.640625,1
2026-08-14 11:46:55,22.640625,1
2026-08-14 11:46:55,22.46875,1
2026-08-14 11:46:55,22.46875,1
2026-08-14 11:46:55,22.46875,1
2026-08-14 11:46:55,22.46875,1
2026-08-14 11:46:55,22.46875,1
2026-08-14 11:46:55,22.46875,1
2026-08-14 11:46:55,22.46875,1
2026-08-14 11:46:55,22.46875,1
2026-08-14 11:46:55,21.96875,1
2026-08-14 11:46:55,21.96875,1
2026-08-14 11:46:55,22.21875,1
2026-08-14 11:46:55,22.21875,1
2026-08-14 11:46:56,22.140625,1
2026-08-14 11:46:56,22.140625,1
2026-08-14 11:46:56,22.140625,1
2026-08-14 11:46:56,22.140625,1
2026-08-14 11:46:56,22.140625,1
2026-08-14 11:46:56,22.140625,1
2026-08-14 11:46:56,22.140625,1
2026-08-14 11:46:56,22.140625,1
2026-08-14 11:46:56,21.90625,1
2026-08-14 11:46:56,21.90625,1
2026-08-14 11:46:56,22.203125,1
2026-08-14 11:46:56,22.203125,1
2026-08-14 11:46:56,22.203125,1
2026-08-14 11:46:56,22.203125,1
2026-08-14 11:46:56,22.203125,1
2026-08-14 11:46:56,22.203125,1
2026-08-14 11:46:56,22.203125,1
2026-08-14 11:46:56,22.203125,1
2026-08-14 11:46:56,22.203125,1
2026-08-14 11:46:56,22.203125,1
2026-08-14 11:46:57,22.03125,1
2026-08-14 11:46:57,22.03125,1
2026-08-14 11:46:57,21.984375,1
2026-08-14 11:46:57,21.984375,1
2026-08-14 11:46:57,21.984375,1
2026-08-14 11:46:57,21.984375,1
2026-08-14 11:46:57,21.984375,1
2026-08-14 11:46:57,21.984375,1
2026-08-14 11:46:57,21.984375,1
2026-08-14 11:46:57,21.984375,1
2026-08-14 11:46:57,22.578125,1
2026-08-14 11:46:57,22.578125,1
2026-08-14 11:46:57,22.609375,1
2026-08-14 11:46:57,22.609375,1
2026-08-14 11:46:57,22.640625,1
2026-08-14 11:46:57,22.640625,1
2026-08-14 11:46:57,22.640625,1
2026-08-14 11:46:57,22.640625,1
2026-08-14 11:46:57,22.640625,1
2026-08-14 11:46:57,22.640625,1
2026-08-14 11:46:58,22.640625,1
2026-08-14 11:46:58,22.640625,1
2026-08-14 11:46:58,22.640625,1
2026-08-14 11:46:58,22.640625,1
2026-08-14 11:46:58,22.78125,1
2026-08-14 11:46:58,22.78125,1
2026-08-14 11:46:58,23.25,1
2026-08-14 11:46:58,23.25,1
2026-08-14 11:46:58,23.25,1
2026-08-14 11:46:58,23.25,1
2026-08-14 11:46:58,23.25,1
2026-08-14 11:46:58,23.25,1
2026-08-14 11:46:58,23.25,1
2026-08-14 11:46:58,23.25,1
2026-08-14 11:46:58,23.25,1
2026-08-14 11:46:58,23.25,1
2026-08-14 11:46:58,25.03125,1
2026-08-14 11:46:58,25.03125,1
2026-08-14 11:46:58,24.921875,1
2026-08-14 11:46:58,24.921875,1
2026-08-14 11:46:59,24.921875,1
2026-08-14 11:46:59,24.921875,1
2026-08-14 11:46:59,24.921875,1
2026-08-14 11:46:59,24.921875,1
2026-08-14 11:46:59,24.921875,1
2026-08-14 11:46:59,24.921875,1
2026-08-14 11:46:59,23.640625,1
2026-08-14 11:46:59,23.640625,1
2026-08-14 11:46:59,23.703125,1
2026-08-14 11:46:59,23.703125,1
2026-08-14 11:46:59,23.75,1
2026-08-14 11:46:59,23.75,1
2026-08-14 11:46:59,23.75,1
2026-08-14 11:46:59,23.75,1
2026-08-14 11:46:59,23.75,1
2026-08-14 11:46:59,23.75,1
2026-08-14 11:46:59,23.6875,1
2026-08-14 11:46:59,23.6875,1
2026-08-14 11:46:59,23.640625,1
2026-08-14 11:46:59,23.640625,1
2026-08-14 11:47:00,23.65625,1
2026-08-14 11:47:00,23.65625,1
2026-08-14 11:47:00,23.65625,1
2026-08-14 11:47:00,23.65625,1
2026-08-14 11:47:00,23.65625,1
2026-08-14 11:47:00,23.65625,1
2026-08-14 11:47:00,23.65625,1
2026-08-14 11:47:00,23.65625,1
2026-08-14 11:47:00,23.65625,1
2026-08-14 11:47:00,23.65625,1
2026-08-14 11:47:00,23.640625,1
2026-08-14 11:47:00,23.640625,1
2026-08-14 11:47:00,23.46875,1
2026-08-14 11:47:00,23.46875,1
2026-08-14 11:47:00,23.46875,1
2026-08-14 11:47:00,23.46875,1
2026-08-14 11:47:00,23.46875,1
2026-08-14 11:47:00,23.46875,1
2026-08-14 11:47:00,23.46875,1
2026-08-14 11:47:00,23.46875,1
2026-08-14 11:47:01,23.421875,1
2026-08-14 11:47:01,23.421875,1
2026-08-14 11:47:01,23.53125,1
2026-08-14 11:47:01,23.53125,1
2026-08-14 11:47:01,23.53125,1
2026-08-14 11:47:01,23.53125,1
2026-08-14 11:47:01,23.53125,1
2026-08-14 11:47:01,23.53125,1
2026-08-14 11:47:01,23.53125,1
2026-08-14 11:47:01,23.53125,1
2026-08-14 11:47:01,23.453125,1
2026-08-14 11:47:01,23.453125,1
2026-08-14 11:47:01,23.640625,1
2026-08-14 11:47:01,23.640625,1
2026-08-14 11:47:01,23.640625,1
2026-08-14 11:47:01,23.640625,1
2026-08-14 11:47:01,23.640625,1
2026-08-14 11:47:01,23.640625,1
2026-08-14 11:47:01,23.640625,1
2026-08-14 11:47:01,23.640625,1
2026-08-14 11:47:02,23.640625,1
2026-08-14 11:47:02,23.640625,1
2026-08-14 11:47:02,23.984375,1
2026-08-14 11:47:02,23.984375,1
2026-08-14 11:47:02,23.90625,1
2026-08-14 11:47:02,23.90625,1
2026-08-14 11:47:02,23.90625,1
2026-08-14 11:47:02,23.90625,1
2026-08-14 11:47:02,23.90625,1
2026-08-14 11:47:02,23.90625,1
2026-08-14 11:47:02,23.90625,1
2026-08-14 11:47:02,23.90625,1
2026-08-14 11:47:02,23.65625,1
2026-08-14 11:47:02,23.65625,1
2026-08-14 11:47:02,23.828125,1
2026-08-14 11:47:02,23.828125,1
2026-08-14 11:47:02,23.828125,1
2026-08-14 11:47:02,23.828125,1
2026-08-14 11:47:02,23.828125,1
2026-08-14 11:47:02,23.828125,1
2026-08-14 11:47:03,23.828125,1
2026-08-14 11:47:03,23.828125,1
2026-08-14 11:47:03,23.828125,1
2026-08-14 11:47:03,23.828125,1
2026-08-14 11:47:03,24.203125,1
2026-08-14 11:47:03,24.203125,1
2026-08-14 11:47:03,24.1875,1
2026-08-14 11:47:03,24.1875,1
2026-08-14 11:47:03,24.1875,1
2026-08-14 11:47:03,24.1875,1
2026-08-14 11:47:03,24.1875,1
2026-08-14 11:47:03,24.1875,1
2026-08-14 11:47:03,24.1875,1
2026-08-14 11:47:03,24.1875,1
2026-08-14 11:47:03,24.390625,1
2026-08-14 11:47:03,24.390625,1
2026-08-14 11:47:03,24.328125,1
2026-08-14 11:47:03,24.328125,1
2026-08-14 11:47:03,24.328125,1
2026-08-14 11:47:03,24.328125,1
2026-08-14 11:47:04,24.328125,1
2026-08-14 11:47:04,24.328125,1
2026-08-14 11:47:04,24.328125,1
2026-08-14 11:47:04,24.328125,1
2026-08-14 11:47:04,24.328125,1
2026-08-14 11:47:04,24.328125,1
2026-08-14 11:47:04,24.375,1
2026-08-14 11:47:04,24.375,1
2026-08-14 11:47:04,24.34375,1
2026-08-14 11:47:04,24.34375,1
2026-08-14 11:47:04,24.34375,1
2026-08-14 11:47:04,24.34375,1
2026-08-14 11:47:04,24.34375,1
2026-08-14 11:47:04,24.34375,1
2026-08-14 11:47:04,24.34375,1
2026-08-14 11:47:04,24.34375,1
2026-08-14 11:47:04,24.34375,1
2026-08-14 11:47:04,24.34375,1
2026-08-14 11:47:04,24.34375,1
2026-08-14 11:47:04,24.34375,1
2026-08-14 11:47:05,24.109375,1
2026-08-14 11:47:05,24.109375,1
2026-08-14 11:47:05,24.046875,1
2026-08-14 11:47:05,24.046875,1
2026-08-14 11:47:05,24.046875,1
2026-08-14 11:47:05,24.046875,1
2026-08-14 11:47:05,24.046875,1
2026-08-14 11:47:05,24.046875,1
2026-08-14 11:47:05,24.046875,1
2026-08-14 11:47:05,24.046875,1
2026-08-14 11:47:05,24.234375,1
2026-08-14 11:47:05,24.234375,1
2026-08-14 11:47:05,24.234375,1
2026-08-14 11:47:05,24.234375,1
2026-08-14 11:47:05,24.234375,1
2026-08-14 11:47:05,24.234375,1
2026-08-14 11:47:05,24.234375,1
2026-08-14 11:47:05,24.234375,1
2026-08-14 11:47:05,24.234375,1
2026-08-14 11:47:05,24.234375,1
2026-08-14 11:47:06,24.265625,1
2026-08-14 11:47:06,24.265625,1
2026-08-14 11:47:06,24.171875,1
2026-08-14 11:47:06,24.171875,1
2026-08-14 11:47:06,24.171875,1
2026-08-14 11:47:06,24.171875,1
2026-08-14 11:47:06,24.171875,1
2026-08-14 11:47:06,24.171875,1
2026-08-14 11:47:06,24.171875,1
2026-08-14 11:47:06,24.171875,1
2026-08-14 11:47:06,23.484375,1
2026-08-14 11:47:06,23.484375,1
2026-08-14 11:47:06,23.40625,1
2026-08-14 11:47:06,23.40625,1
2026-08-14 11:47:06,23.40625,1
2026-08-14 11:47:06,23.40625,1
2026-08-14 11:47:06,23.40625,1
2026-08-14 11:47:06,23.40625,1
2026-08-14 11:47:06,23.40625,1
2026-08-14 11:47:06,23.40625,1
2026-08-14 11:47:07,23.40625,1
2026-08-14 11:47:07,23.40625,1
2026-08-14 11:47:07,23.328125,1
2026-08-14 11:47:07,23.328125,1
2026-08-14 11:47:07,23.234375,1
2026-08-14 11:47:07,23.234375,1
2026-08-14 11:47:07,23.234375,1
2026-08-14 11:47:07,23.234375,1
2026-08-14 11:47:07,23.234375,1
2026-08-14 11:47:07,23.234375,1
2026-08-14 11:47:07,23.234375,1
2026-08-14 11:47:07,23.234375,1
2026-08-14 11:47:07,22.96875,1
2026-08-14 11:47:07,22.96875,1
2026-08-14 11:47:07,23.015625,1
2026-08-14 11:47:07,23.015625,1
2026-08-14 11:47:07,23.203125,1
2026-08-14 11:47:07,23.203125,1
2026-08-14 11:47:07,23.203125,1
2026-08-14 11:47:07,23.203125,1
2026-08-14 11:47:08,23.203125,1
2026-08-14 11:47:08,23.203125,1
2026-08-14 11:47:08,23.203125,1
2026-08-14 11:47:08,23.203125,1
2026-08-14 11:47:08,23.203125,1
2026-08-14 11:47:08,23.203125,1
2026-08-14 11:47:08,22.78125,1
2026-08-14 11:47:08,22.78125,1
2026-08-14 11:47:08,22.671875,1
2026-08-14 11:47:08,22.671875,1
2026-08-14 11:47:08,22.671875,1
2026-08-14 11:47:08,22.671875,1
2026-08-14 11:47:08,22.671875,1
2026-08-14 11:47:08,22.671875,1
2026-08-14 11:47:08,22.671875,1
2026-08-14 11:47:08,22.671875,1
2026-08-14 11:47:08,22.46875,1
2026-08-14 11:47:08,22.46875,1
2026-08-14 11:47:08,22.421875,1
2026-08-14 11:47:08,22.421875,1
2026-08-14 11:47:09,22.421875,1
2026-08-14 11:47:09,22.421875,1
2026-08-14 11:47:09,22.421875,1
2026-08-14 11:47:09,22.421875,1
2026-08-14 11:47:09,22.421875,1
2026-08-14 11:47:09,22.421875,1
2026-08-14 11:47:09,22.421875,1
2026-08-14 11:47:09,22.421875,1
2026-08-14 11:47:09,22.625,1
2026-08-14 11:47:09,22.625,1
2026-08-14 11:47:09,22.609375,1
2026-08-14 11:47:09,22.609375,1
2026-08-14 11:47:09,22.609375,1
2026-08-14 11:47:09,22.609375,1
2026-08-14 11:47:09,22.609375,1
2026-08-14 11:47:09,22.609375,1
2026-08-14 11:47:09,22.609375,1
2026-08-14 11:47:09,22.609375,1
2026-08-14 11:47:09,22.609375,1
2026-08-14 11:47:09,22.609375,1
2026-08-14 11:47:10,23.03125,1
2026-08-14 11:47:10,23.03125,1
2026-08-14 11:47:10,23.109375,1
2026-08-14 11:47:10,23.109375,1
2026-08-14 11:47:10,23.109375,1
2026-08-14 11:47:10,23.109375,1
2026-08-14 11:47:10,23.109375,1
2026-08-14 11:47:10,23.109375,1
2026-08-14 11:47:10,23.109375,1
2026-08-14 11:47:10,23.109375,1
2026-08-14 11:47:10,23.640625,1
2026-08-14 11:47:10,23.640625,1
2026-08-14 11:47:10,23.578125,1
2026-08-14 11:47:10,23.578125,1
2026-08-14 11:47:10,23.5625,1
2026-08-14 11:47:10,23.5625,1
2026-08-14 11:47:10,23.5625,1
2026-08-14 11:47:10,23.5625,1
2026-08-14 11:47:10,23.5625,1
2026-08-14 11:47:10,23.5625,1
2026-08-14 11:47:11,23.5625,1
2026-08-14 11:47:11,23.5625,1
2026-08-14 11:47:11,23.5625,1
2026-08-14 11:47:11,23.5625,1
2026-08-14 11:47:11,23.734375,1
2026-08-14 11:47:11,23.734375,1
2026-08-14 11:47:11,23.6875,1
2026-08-14 11:47:11,23.6875,1
2026-08-14 11:47:11,23.6875,1
2026-08-14 11:47:11,23.6875,1
2026-08-14 11:47:11,23.6875,1
2026-08-14 11:47:11,23.6875,1
2026-08-14 11:47:11,23.65625,1
2026-08-14 11:47:11,23.65625,1
2026-08-14 11:47:11,23.65625,1
2026-08-14 11:47:11,23.65625,1
2026-08-14 11:47:11,23.5625,1
2026-08-14 11:47:11,23.5625,1
2026-08-14 11:47:11,23.640625,1
2026-08-14 11:47:11,23.640625,1
2026-08-14 11:47:12,23.640625,1
2026-08-14 11:47:12,23.640625,1
2026-08-14 11:47:12,23.640625,1
2026-08-14 11:47:12,23.640625,1
2026-08-14 11:47:12,22.75,1
2026-08-14 11:47:12,22.75,1
2026-08-14 11:47:12,22.765625,1
2026-08-14 11:47:12,22.765625,1
2026-08-14 11:47:12,22.765625,1
2026-08-14 11:47:12,22.765625,1
2026-08-14 11:47:12,22.765625,1
2026-08-14 11:47:12,22.765625,1
2026-08-14 11:47:12,22.765625,1
2026-08-14 11:47:12,22.765625,1
2026-08-14 11:47:12,22.765625,1
2026-08-14 11:47:12,22.765625,1
2026-08-14 11:47:12,22.953125,1
2026-08-14 11:47:12,22.953125,1
2026-08-14 11:47:12,22.953125,1
2026-08-14 11:47:12,22.953125,1
2026-08-14 11:47:13,22.953125,1
2026-08-14 11:47:13,22.953125,1
2026-08-14 11:47:13,22.953125,1
2026-08-14 11:47:13,22.953125,1
2026-08-14 11:47:13,22.953125,1
2026-08-14 11:47:13,22.953125,1
2026-08-14 11:47:13,22.953125,1
2026-08-14 11:47:13,22.953125,1
2026-08-14 11:47:13,22.421875,1
2026-08-14 11:47:13,22.421875,1
2026-08-14 11:47:13,22.421875,1
2026-08-14 11:47:13,22.421875,1
2026-08-14 11:47:13,22.421875,1
2026-08-14 11:47:13,22.421875,1
2026-08-14 11:47:13,22.421875,1
2026-08-14 11:47:13,22.421875,1
2026-08-14 11:47:13,22.421875,1
2026-08-14 11:47:13,22.421875,1
2026-08-14 11:47:13,22.25,1
2026-08-14 11:47:13,22.25,1
2026-08-14 11:47:14,22.171875,1
2026-08-14 11:47:14,22.171875,1
2026-08-14 11:47:14,22.109375,1
2026-08-14 11:47:14,22.109375,1
2026-08-14 11:47:14,22.109375,1
2026-08-14 11:47:14,22.109375,1
2026-08-14 11:47:14,22.109375,1
2026-08-14 11:47:14,22.109375,1
2026-08-14 11:47:14,22.109375,1
2026-08-14 11:47:14,22.109375,1
2026-08-14 11:47:14,21.953125,1
2026-08-14 11:47:14,21.953125,1
2026-08-14 11:47:14,22.328125,1
2026-08-14 11:47:14,22.328125,1
2026-08-14 11:47:14,22.328125,1
2026-08-14 11:47:14,22.328125,1
2026-08-14 11:47:14,22.328125,1
2026-08-14 11:47:14,22.328125,1
2026-08-14 11:47:14,22.328125,1
2026-08-14 11:47:14,22.328125,1
2026-08-14 11:47:15,22.328125,1
2026-08-14 11:47:15,22.328125,1
2026-08-14 11:47:15,22.140625,1
2026-08-14 11:47:15,22.140625,1
2026-08-14 11:47:15,22.140625,1
2026-08-14 11:47:15,22.140625,1
2026-08-14 11:47:15,22.140625,1
2026-08-14 11:47:15,22.140625,1
2026-08-14 11:47:15,22.140625,1
2026-08-14 11:47:15,22.140625,1
2026-08-14 11:47:15,22.140625,1
2026-08-14 11:47:15,22.140625,1
2026-08-14 11:47:15,22.1875,1
2026-08-14 11:47:15,22.1875,1
2026-08-14 11:47:15,22.203125,1
2026-08-14 11:47:15,22.203125,1
2026-08-14 11:47:15,22.203125,1
2026-08-14 11:47:15,22.203125,1
2026-08-14 11:47:15,22.203125,1
2026-08-14 11:47:15,22.203125,1
2026-08-14 11:47:16,22.203125,1
2026-08-14 11:47:16,22.203125,1
2026-08-14 11:47:16,22.421875,1
2026-08-14 11:47:16,22.421875,1
2026-08-14 11:47:16,22.515625,1
2026-08-14 11:47:16,22.515625,1
2026-08-14 11:47:16,22.546875,1
2026-08-14 11:47:16,22.546875,1
2026-08-14 11:47:16,22.546875,1
2026-08-14 11:47:16,22.546875,1
2026-08-14 11:47:16,22.546875,1
2026-08-14 11:47:16,22.546875,1
2026-08-14 11:47:16,22.546875,1
2026-08-14 11:47:16,22.546875,1
2026-08-14 11:47:16,22.546875,1
2026-08-14 11:47:16,22.546875,1
2026-08-14 11:47:16,22.671875,1
2026-08-14 11:47:16,22.671875,1
2026-08-14 11:47:16,22.671875,1
2026-08-14 11:47:16,22.671875,1
2026-08-14 11:47:17,22.671875,1
2026-08-14 11:47:17,22.671875,1
2026-08-14 11:47:17,22.671875,1
2026-08-14 11:47:17,22.671875,1
2026-08-14 11:47:17,22.671875,1
2026-08-14 11:47:17,22.671875,1
2026-08-14 11:47:17,22.625,1
2026-08-14 11:47:17,22.625,1
2026-08-14 11:47:17,22.609375,1
2026-08-14 11:47:17,22.609375,1
2026-08-14 11:47:17,22.546875,1
2026-08-14 11:47:17,22.546875,1
2026-08-14 11:47:17,22.546875,1
2026-08-14 11:47:17,22.546875,1
2026-08-14 11:47:17,22.546875,1
2026-08-14 11:47:17,22.546875,1
2026-08-14 11:47:17,22.546875,1
2026-08-14 11:47:17,22.546875,1
2026-08-14 11:47:17,22.90625,1
2026-08-14 11:47:17,22.90625,1
2026-08-14 11:47:18,23.0,1
2026-08-14 11:47:18,23.0,1
2026-08-14 11:47:18,22.296875,1
2026-08-14 11:47:18,22.296875,1
2026-08-14 11:47:18,22.296875,1
2026-08-14 11:47:18,22.296875,1
2026-08-14 11:47:18,22.296875,1
2026-08-14 11:47:18,22.296875,1
2026-08-14 11:47:18,22.296875,1
2026-08-14 11:47:18,22.296875,1
2026-08-14 11:47:18,22.296875,1
2026-08-14 11:47:18,22.296875,1
2026-08-14 11:47:18,22.671875,1
2026-08-14 11:47:18,22.671875,1
2026-08-14 11:47:18,22.515625,1
2026-08-14 11:47:18,22.515625,1
2026-08-14 11:47:18,22.515625,1
2026-08-14 11:47:18,22.515625,1
2026-08-14 11:47:18,22.515625,1
2026-08-14 11:47:18,22.515625,1
2026-08-14 11:47:19,22.515625,1
2026-08-14 11:47:19,22.515625,1
2026-08-14 11:47:19,22.515625,1
2026-08-14 11:47:19,22.515625,1
2026-08-14 11:47:19,23.28125,1
2026-08-14 11:47:19,23.28125,1
2026-08-14 11:47:19,23.078125,1
2026-08-14 11:47:19,23.078125,1
2026-08-14 11:47:19,23.078125,1
2026-08-14 11:47:19,23.078125,1
2026-08-14 11:47:19,23.078125,1
2026-08-14 11:47:19,23.078125,1
2026-08-14 11:47:19,22.59375,1
2026-08-14 11:47:19,22.59375,1
2026-08-14 11:47:19,22.59375,1
2026-08-14 11:47:19,22.59375,1
2026-08-14 11:47:19,23.390625,1
2026-08-14 11:47:19,23.390625,1
2026-08-14 11:47:19,23.40625,1
2026-08-14 11:47:19,23.40625,1
2026-08-14 11:47:20,23.40625,1
2026-08-14 11:47:20,23.40625,1
2026-08-14 11:47:20,23.40625,1
2026-08-14 11:47:20,23.40625,1
2026-08-14 11:47:20,23.40625,1
2026-08-14 11:47:20,23.40625,1
2026-08-14 11:47:20,23.40625,1
2026-08-14 11:47:20,23.40625,1
2026-08-14 11:47:20,23.28125,1
2026-08-14 11:47:20,23.28125,1
2026-08-14 11:47:20,23.0625,1
2026-08-14 11:47:20,23.0625,1
2026-08-14 11:47:20,23.0625,1
2026-08-14 11:47:20,23.0625,1
2026-08-14 11:47:20,23.0625,1
2026-08-14 11:47:20,23.0625,1
2026-08-14 11:47:20,23.0625,1
2026-08-14 11:47:20,23.0625,1
2026-08-14 11:47:20,23.4375,1
2026-08-14 11:47:20,23.4375,1
2026-08-14 11:47:21,23.53125,1
2026-08-14 11:47:21,23.53125,1
2026-08-14 11:47:21,23.53125,1
2026-08-14 11:47:21,23.53125,1
2026-08-14 11:47:21,23.53125,1
2026-08-14 11:47:21,23.53125,1
2026-08-14 11:47:21,23.53125,1
2026-08-14 11:47:21,23.53125,1
2026-08-14 11:47:21,23.53125,1
2026-08-14 11:47:21,23.53125,1
2026-08-14 11:47:21,23.203125,1
2026-08-14 11:47:21,23.203125,1
2026-08-14 11:47:21,22.796875,1
2026-08-14 11:47:21,22.796875,1
2026-08-14 11:47:21,22.671875,1
2026-08-14 11:47:21,22.671875,1
2026-08-14 11:47:21,22.875,1
2026-08-14 11:47:21,22.875,1
2026-08-14 11:47:21,22.875,1
2026-08-14 11:47:21,22.875,1
2026-08-14 11:47:22,22.875,1
2026-08-14 11:47:22,22.875,1
2026-08-14 11:47:22,22.875,1
2026-08-14 11:47:22,22.875,1
2026-08-14 11:47:22,22.328125,1
2026-08-14 11:47:22,22.328125,1
2026-08-14 11:47:22,22.421875,1
2026-08-14 11:47:22,22.421875,1
2026-08-14 11:47:22,22.390625,1
2026-08-14 11:47:22,22.390625,1
2026-08-14 11:47:22,22.390625,1
2026-08-14 11:47:22,22.390625,1
2026-08-14 11:47:22,22.390625,1
2026-08-14 11:47:22,22.390625,1
2026-08-14 11:47:22,22.5625,1
2026-08-14 11:47:22,22.5625,1
2026-08-14 11:47:22,22.5625,1
2026-08-14 11:47:22,22.5625,1
2026-08-14 11:47:22,22.640625,1
2026-08-14 11:47:22,22.640625,1
2026-08-14 11:47:23,22.5625,1
2026-08-14 11:47:23,22.5625,1
2026-08-14 11:47:23,22.5625,1
2026-08-14 11:47:23,22.5625,1
2026-08-14 11:47:23,22.5625,1
2026-08-14 11:47:23,22.5625,1
2026-08-14 11:47:23,22.5625,1
2026-08-14 11:47:23,22.5625,1
2026-08-14 11:47:23,22.734375,1
2026-08-14 11:47:23,22.734375,1
2026-08-14 11:47:23,22.640625,1
2026-08-14 11:47:23,22.640625,1
2026-08-14 11:47:23,22.640625,1
2026-08-14 11:47:23,22.640625,1
2026-08-14 11:47:23,22.640625,1
2026-08-14 11:47:23,22.640625,1
2026-08-14 11:47:23,22.640625,1
2026-08-14 11:47:23,22.640625,1
2026-08-14 11:47:23,22.640625,1
2026-08-14 11:47:23,22.640625,1
2026-08-14 11:47:24,22.609375,1
2026-08-14 11:47:24,22.609375,1
2026-08-14 11:47:24,22.734375,1
2026-08-14 11:47:24,22.734375,1
2026-08-14 11:47:24,22.734375,1
2026-08-14 11:47:24,22.734375,1
2026-08-14 11:47:24,22.734375,1
2026-08-14 11:47:24,22.734375,1
2026-08-14 11:47:24,22.734375,1
2026-08-14 11:47:24,22.734375,1
2026-08-14 11:47:24,22.734375,1
2026-08-14 11:47:24,22.734375,1
2026-08-14 11:47:24,22.46875,1
2026-08-14 11:47:24,22.46875,1
2026-08-14 11:47:24,22.453125,1
2026-08-14 11:47:24,22.453125,1
2026-08-14 11:47:24,22.453125,1
2026-08-14 11:47:24,22.453125,1
2026-08-14 11:47:24,22.453125,1
2026-08-14 11:47:24,22.453125,1
2026-08-14 11:47:25,22.453125,1
2026-08-14 11:47:25,22.453125,1
2026-08-14 11:47:25,22.453125,1
2026-08-14 11:47:25,22.453125,1
2026-08-14 11:47:25,21.984375,1
2026-08-14 11:47:25,21.984375,1
2026-08-14 11:47:25,22.0,1
2026-08-14 11:47:25,22.0,1
2026-08-14 11:47:25,22.0,1
2026-08-14 11:47:25,22.0,1
2026-08-14 11:47:25,22.0,1
2026-08-14 11:47:25,22.0,1
2026-08-14 11:47:25,22.0,1
2026-08-14 11:47:25,22.0,1
2026-08-14 11:47:25,22.0,1
2026-08-14 11:47:25,22.0,1
2026-08-14 11:47:25,22.078125,1
2026-08-14 11:47:25,22.078125,1
2026-08-14 11:47:25,22.078125,1
2026-08-14 11:47:25,22.078125,1
2026-08-14 11:47:26,22.078125,1
2026-08-14 11:47:26,22.078125,1
2026-08-14 11:47:26,22.078125,1
2026-08-14 11:47:26,22.078125,1
2026-08-14 11:47:26,22.078125,1
2026-08-14 11:47:26,22.078125,1
2026-08-14 11:47:26,23.390625,1
2026-08-14 11:47:26,23.390625,1
2026-08-14 11:47:26,23.40625,1
2026-08-14 11:47:26,23.40625,1
2026-08-14 11:47:26,24.296875,1
2026-08-14 11:47:26,24.296875,1
2026-08-14 11:47:26,24.71875,1
2026-08-14 11:47:26,24.71875,1
2026-08-14 11:47:26,24.71875,1
2026-08-14 11:47:26,24.71875,1
2026-08-14 11:47:26,24.71875,1
2026-08-14 11:47:26,24.71875,1
2026-08-14 11:47:26,24.71875,1
2026-08-14 11:47:26,24.71875,1
2026-08-14 11:47:27,23.578125,1
2026-08-14 11:47:27,23.578125,1
2026-08-14 11:47:27,23.828125,1
2026-08-14 11:47:27,23.828125,1
2026-08-14 11:47:27,24.0,1
2026-08-14 11:47:27,24.0,1
2026-08-14 11:47:27,24.0,1
2026-08-14 11:47:27,24.0,1
2026-08-14 11:47:27,24.0,1
2026-08-14 11:47:27,24.0,1
2026-08-14 11:47:27,24.0,1
2026-08-14 11:47:27,24.0,1
2026-08-14 11:47:27,24.0,1
2026-08-14 11:47:27,24.0,1
2026-08-14 11:47:27,22.34375,1
2026-08-14 11:47:27,22.34375,1
2026-08-14 11:47:27,22.5,1
2026-08-14 11:47:27,22.5,1
2026-08-14 11:47:27,22.5,1
2026-08-14 11:47:27,22.5,1
2026-08-14 11:47:28,22.5,1
2026-08-14 11:47:28,22.5,1
2026-08-14 11:47:28,22.5,1
2026-08-14 11:47:28,22.5,1
2026-08-14 11:47:28,22.5,1
2026-08-14 11:47:28,22.5,1
2026-08-14 11:47:28,23.09375,1
2026-08-14 11:47:28,23.09375,1
2026-08-14 11:47:28,23.40625,1
2026-08-14 11:47:28,23.40625,1
2026-08-14 11:47:28,23.40625,1
2026-08-14 11:47:28,23.40625,1
2026-08-14 11:47:28,23.40625,1
2026-08-14 11:47:28,23.40625,1
2026-08-14 11:47:28,23.40625,1
2026-08-14 11:47:28,23.40625,1
2026-08-14 11:47:28,23.109375,1
2026-08-14 11:47:28,23.109375,1
2026-08-14 11:47:28,23.03125,1
2026-08-14 11:47:28,23.03125,1
2026-08-14 11:47:29,23.03125,1
2026-08-14 11:47:29,23.03125,1
2026-08-14 11:47:29,23.03125,1
2026-08-14 11:47:29,23.03125,1
2026-08-14 11:47:29,23.03125,1
2026-08-14 11:47:29,23.03125,1
2026-08-14 11:47:29,22.859375,1
2026-08-14 11:47:29,22.859375,1
2026-08-14 11:47:29,23.0625,1
2026-08-14 11:47:29,23.0625,1
2026-08-14 11:47:29,22.96875,1
2026-08-14 11:47:29,22.96875,1
2026-08-14 11:47:29,22.96875,1
2026-08-14 11:47:29,22.96875,1
2026-08-14 11:47:29,22.96875,1
2026-08-14 11:47:29,22.96875,1
2026-08-14 11:47:29,22.96875,1
2026-08-14 11:47:29,22.96875,1
2026-08-14 11:47:29,22.96875,1
2026-08-14 11:47:29,22.96875,1
2026-08-14 11:47:30,23.375,1
2026-08-14 11:47:30,23.375,1
2026-08-14 11:47:30,23.15625,1
2026-08-14 11:47:30,23.15625,1
2026-08-14 11:47:30,23.15625,1
2026-08-14 11:47:30,23.15625,1
2026-08-14 11:47:30,23.15625,1
2026-08-14 11:47:30,23.15625,1
2026-08-14 11:47:30,23.15625,1
2026-08-14 11:47:30,23.15625,1
2026-08-14 11:47:30,23.15625,1
2026-08-14 11:47:30,23.15625,1
2026-08-14 11:47:30,23.484375,1
2026-08-14 11:47:30,23.484375,1
2026-08-14 11:47:30,23.484375,1
2026-08-14 11:47:30,23.484375,1
2026-08-14 11:47:30,23.375,1
2026-08-14 11:47:30,23.375,1
2026-08-14 11:47:30,23.375,1
2026-08-14 11:47:30,23.375,1
2026-08-14 11:47:31,23.375,1
2026-08-14 11:47:31,23.375,1
2026-08-14 11:47:31,23.375,1
2026-08-14 11:47:31,23.375,1
2026-08-14 11:47:31,23.65625,1
2026-08-14 11:47:31,23.65625,1
2026-08-14 11:47:31,23.75,1
2026-08-14 11:47:31,23.75,1
2026-08-14 11:47:31,23.5625,1
2026-08-14 11:47:31,23.5625,1
2026-08-14 11:47:31,23.5625,1
2026-08-14 11:47:31,23.5625,1
2026-08-14 11:47:31,23.5625,1
2026-08-14 11:47:31,23.5625,1
2026-08-14 11:47:31,23.5625,1
2026-08-14 11:47:31,23.5625,1
2026-08-14 11:47:31,24.09375,1
2026-08-14 11:47:31,24.09375,1
2026-08-14 11:47:31,24.125,1
2026-08-14 11:47:31,24.125,1
2026-08-14 11:47:32,24.078125,1
2026-08-14 11:47:32,24.078125,1
2026-08-14 11:47:32,24.078125,1
2026-08-14 11:47:32,24.078125,1
2026-08-14 11:47:32,24.078125,1
2026-08-14 11:47:32,24.078125,1
2026-08-14 11:47:32,24.078125,1
2026-08-14 11:47:32,24.078125,1
2026-08-14 11:47:32,24.09375,1
2026-08-14 11:47:32,24.09375,1
2026-08-14 11:47:32,24.09375,1
2026-08-14 11:47:32,24.09375,1
2026-08-14 11:47:32,23.84375,1
2026-08-14 11:47:32,23.84375,1
2026-08-14 11:47:32,23.84375,1
2026-08-14 11:47:32,23.84375,1
2026-08-14 11:47:32,23.84375,1
2026-08-14 11:47:32,23.84375,1
2026-08-14 11:47:32,23.84375,1
2026-08-14 11:47:32,23.84375,1
2026-08-14 11:47:33,24.28125,1
2026-08-14 11:47:33,24.28125,1
2026-08-14 11:47:33,24.1875,1
2026-08-14 11:47:33,24.1875,1
2026-08-14 11:47:33,23.9375,1
2026-08-14 11:47:33,23.9375,1
2026-08-14 11:47:33,23.9375,1
2026-08-14 11:47:33,23.9375,1
2026-08-14 11:47:33,23.9375,1
2026-08-14 11:47:33,23.9375,1
2026-08-14 11:47:33,23.9375,1
2026-08-14 11:47:33,23.9375,1
2026-08-14 11:47:33,23.9375,1
2026-08-14 11:47:33,23.9375,1
2026-08-14 11:47:33,23.421875,1
2026-08-14 11:47:33,23.421875,1
2026-08-14 11:47:33,23.40625,1
2026-08-14 11:47:33,23.40625,1
2026-08-14 11:47:33,23.40625,1
2026-08-14 11:47:33,23.40625,1
2026-08-14 11:47:34,23.40625,1
2026-08-14 11:47:34,23.40625,1
2026-08-14 11:47:34,23.40625,1
2026-08-14 11:47:34,23.40625,1
2026-08-14 11:47:34,23.984375,1
2026-08-14 11:47:34,23.984375,1
2026-08-14 11:47:34,23.84375,1
2026-08-14 11:47:34,23.84375,1
2026-08-14 11:47:34,23.734375,1
2026-08-14 11:47:34,23.734375,1
2026-08-14 11:47:34,23.734375,1
2026-08-14 11:47:34,23.734375,1
2026-08-14 11:47:34,23.734375,1
2026-08-14 11:47:34,23.734375,1
2026-08-14 11:47:34,23.734375,1
2026-08-14 11:47:34,23.734375,1
2026-08-14 11:47:34,23.734375,1
2026-08-14 11:47:34,23.734375,1
2026-08-14 11:47:34,23.78125,1
2026-08-14 11:47:34,23.78125,1
2026-08-14 11:47:35,23.78125,1
2026-08-14 11:47:35,23.78125,1
2026-08-14 11:47:35,23.78125,1
2026-08-14 11:47:35,23.78125,1
2026-08-14 11:47:35,23.78125,1
2026-08-14 11:47:35,23.78125,1
2026-08-14 11:47:35,23.78125,1
2026-08-14 11:47:35,23.78125,1
2026-08-14 11:47:35,23.78125,1
2026-08-14 11:47:35,23.78125,1
2026-08-14 11:47:35,23.421875,1
2026-08-14 11:47:35,23.421875,1
2026-08-14 11:47:35,23.375,1
2026-08-14 11:47:35,23.375,1
2026-08-14 11:47:35,23.375,1
2026-08-14 11:47:35,23.375,1
2026-08-14 11:47:35,23.375,1
2026-08-14 11:47:35,23.375,1
2026-08-14 11:47:35,23.375,1
2026-08-14 11:47:35,23.375,1
2026-08-14 11:47:36,23.34375,1
2026-08-14 11:47:36,23.34375,1
2026-08-14 11:47:36,23.140625,1
2026-08-14 11:47:36,23.140625,1
2026-08-14 11:47:36,23.140625,1
2026-08-14 11:47:36,23.140625,1
2026-08-14 11:47:36,23.140625,1
2026-08-14 11:47:36,23.140625,1
2026-08-14 11:47:36,23.140625,1
2026-08-14 11:47:36,23.140625,1
2026-08-14 11:47:36,23.140625,1
2026-08-14 11:47:36,23.140625,1
2026-08-14 11:47:36,23.0625,1
2026-08-14 11:47:36,23.0625,1
2026-08-14 11:47:36,22.96875,1
2026-08-14 11:47:36,22.96875,1
2026-08-14 11:47:36,22.96875,1
2026-08-14 11:47:36,22.96875,1
2026-08-14 11:47:36,22.96875,1
2026-08-14 11:47:36,22.96875,1
2026-08-14 11:47:37,22.96875,1
2026-08-14 11:47:37,22.96875,1
2026-08-14 11:47:37,23.125,1
2026-08-14 11:47:37,23.125,1
2026-08-14 11:47:37,23.125,1
2026-08-14 11:47:37,23.125,1
2026-08-14 11:47:37,23.09375,1
2026-08-14 11:47:37,23.09375,1
2026-08-14 11:47:37,23.1875,1
2026-08-14 11:47:37,23.1875,1
2026-08-14 11:47:37,23.1875,1
2026-08-14 11:47:37,23.1875,1
2026-08-14 11:47:37,23.1875,1
2026-08-14 11:47:37,23.1875,1
2026-08-14 11:47:37,23.1875,1
2026-08-14 11:47:37,23.1875,1
2026-08-14 11:47:37,23.171875,1
2026-08-14 11:47:37,23.171875,1
2026-08-14 11:47:37,23.15625,1
2026-08-14 11:47:37,23.15625,1
2026-08-14 11:47:38,23.125,1
2026-08-14 11:47:38,23.125,1
2026-08-14 11:47:38,23.109375,1
2026-08-14 11:47:38,23.109375,1
2026-08-14 11:47:38,23.109375,1
2026-08-14 11:47:38,23.109375,1
2026-08-14 11:47:38,23.109375,1
2026-08-14 11:47:38,23.109375,1
2026-08-14 11:47:38,23.109375,1
2026-08-14 11:47:38,23.109375,1
2026-08-14 11:47:38,23.328125,1
2026-08-14 11:47:38,23.328125,1
2026-08-14 11:47:38,23.328125,1
2026-08-14 11:47:38,23.328125,1
2026-08-14 11:47:38,23.328125,1
2026-08-14 11:47:38,23.328125,1
2026-08-14 11:47:38,23.328125,1
2026-08-14 11:47:38,23.328125,1
2026-08-14 11:47:38,23.328125,1
2026-08-14 11:47:38,23.328125,1
2026-08-14 11:47:39,23.328125,1
2026-08-14 11:47:39,23.328125,1
2026-08-14 11:47:39,23.21875,1
2026-08-14 11:47:39,23.21875,1
2026-08-14 11:47:39,23.234375,1
2026-08-14 11:47:39,23.234375,1
2026-08-14 11:47:39,23.234375,1
2026-08-14 11:47:39,23.234375,1
2026-08-14 11:47:39,23.234375,1
2026-08-14 11:47:39,23.234375,1
2026-08-14 11:47:39,23.234375,1
2026-08-14 11:47:39,23.234375,1
2026-08-14 11:47:39,23.296875,1
2026-08-14 11:47:39,23.296875,1
2026-08-14 11:47:39,23.328125,1
2026-08-14 11:47:39,23.328125,1
2026-08-14 11:47:39,23.328125,1
2026-08-14 11:47:39,23.328125,1
2026-08-14 11:47:39,23.328125,1
2026-08-14 11:47:39,23.328125,1
2026-08-14 11:47:40,23.328125,1
2026-08-14 11:47:40,23.328125,1
2026-08-14 11:47:40,23.1875,1
2026-08-14 11:47:40,23.1875,1
2026-08-14 11:47:40,23.265625,1
2026-08-14 11:47:40,23.265625,1
2026-08-14 11:47:40,23.265625,1
2026-08-14 11:47:40,23.265625,1
2026-08-14 11:47:40,23.265625,1
2026-08-14 11:47:40,23.265625,1
2026-08-14 11:47:40,23.265625,1
2026-08-14 11:47:40,23.265625,1
2026-08-14 11:47:40,23.625,1
2026-08-14 11:47:40,23.625,1
2026-08-14 11:47:40,23.515625,1
2026-08-14 11:47:40,23.515625,1
2026-08-14 11:47:40,23.515625,1
2026-08-14 11:47:40,23.515625,1
2026-08-14 11:47:40,23.515625,1
2026-08-14 11:47:40,23.515625,1
2026-08-14 11:47:41,23.515625,1
2026-08-14 11:47:41,23.515625,1
2026-08-14 11:47:41,23.5,1
2026-08-14 11:47:41,23.5,1
2026-08-14 11:47:41,23.53125,1
2026-08-14 11:47:41,23.53125,1
2026-08-14 11:47:41,23.59375,1
2026-08-14 11:47:41,23.59375,1
2026-08-14 11:47:41,23.59375,1
2026-08-14 11:47:41,23.59375,1
2026-08-14 11:47:41,23.59375,1
2026-08-14 11:47:41,23.59375,1
2026-08-14 11:47:41,23.59375,1
2026-08-14 11:47:41,23.59375,1
2026-08-14 11:47:41,23.640625,1
2026-08-14 11:47:41,23.640625,1
2026-08-14 11:47:41,23.65625,1
2026-08-14 11:47:41,23.65625,1
2026-08-14 11:47:41,23.65625,1
2026-08-14 11:47:41,23.65625,1
2026-08-14 11:47:42,23.65625,1
2026-08-14 11:47:42,23.65625,1
2026-08-14 11:47:42,23.65625,1
2026-08-14 11:47:42,23.65625,1
2026-08-14 11:47:42,23.65625,1
2026-08-14 11:47:42,23.65625,1
2026-08-14 11:47:42,23.546875,1
2026-08-14 11:47:42,23.546875,1
2026-08-14 11:47:42,23.53125,1
2026-08-14 11:47:42,23.53125,1
2026-08-14 11:47:42,23.53125,1
2026-08-14 11:47:42,23.53125,1
2026-08-14 11:47:42,23.53125,1
2026-08-14 11:47:42,23.53125,1
2026-08-14 11:47:42,23.53125,1
2026-08-14 11:47:42,23.53125,1
2026-08-14 11:47:42,23.5,1
2026-08-14 11:47:42,23.5,1
2026-08-14 11:47:42,23.375,1
2026-08-14 11:47:42,23.375,1
2026-08-14 11:47:43,23.375,1
2026-08-14 11:47:43,23.375,1
2026-08-14 11:47:43,23.375,1
2026-08-14 11:47:43,23.375,1
2026-08-14 11:47:43,23.375,1
2026-08-14 11:47:43,23.375,1
2026-08-14 11:47:43,23.375,1
2026-08-14 11:47:43,23.375,1
2026-08-14 11:47:43,23.421875,1
2026-08-14 11:47:43,23.421875,1
2026-08-14 11:47:43,23.46875,1
2026-08-14 11:47:43,23.46875,1
2026-08-14 11:47:43,23.46875,1
2026-08-14 11:47:43,23.46875,1
2026-08-14 11:47:43,23.46875,1
2026-08-14 11:47:43,23.46875,1
2026-08-14 11:47:43,23.46875,1
2026-08-14 11:47:43,23.46875,1
2026-08-14 11:47:43,23.53125,1
2026-08-14 11:47:43,23.53125,1
2026-08-14 11:47:44,23.21875,1
2026-08-14 11:47:44,23.21875,1
2026-08-14 11:47:44,23.265625,1
2026-08-14 11:47:44,23.265625,1
2026-08-14 11:47:44,23.265625,1
2026-08-14 11:47:44,23.265625,1
2026-08-14 11:47:44,23.265625,1
2026-08-14 11:47:44,23.265625,1
2026-08-14 11:47:44,23.265625,1
2026-08-14 11:47:44,23.265625,1
2026-08-14 11:47:44,23.515625,1
2026-08-14 11:47:44,23.515625,1
2026-08-14 11:47:44,23.359375,1
2026-08-14 11:47:44,23.359375,1
2026-08-14 11:47:44,23.359375,1
2026-08-14 11:47:44,23.359375,1
2026-08-14 11:47:44,23.359375,1
2026-08-14 11:47:44,23.359375,1
2026-08-14 11:47:44,23.359375,1
2026-08-14 11:47:44,23.359375,1
2026-08-14 11:47:45,23.359375,1
2026-08-14 11:47:45,23.359375,1
2026-08-14 11:47:45,23.359375,1
2026-08-14 11:47:45,23.359375,1
2026-08-14 11:47:45,23.375,1
2026-08-14 11:47:45,23.375,1
2026-08-14 11:47:45,23.375,1
2026-08-14 11:47:45,23.375,1
2026-08-14 11:47:45,23.375,1
2026-08-14 11:47:45,23.375,1
2026-08-14 11:47:45,23.375,1
2026-08-14 11:47:45,23.375,1
2026-08-14 11:47:45,23.3125,1
2026-08-14 11:47:45,23.3125,1
2026-08-14 11:47:45,23.3125,1
2026-08-14 11:47:45,23.3125,1
2026-08-14 11:47:45,23.421875,1
2026-08-14 11:47:45,23.421875,1
2026-08-14 11:47:45,23.421875,1
2026-08-14 11:47:45,23.421875,1
2026-08-14 11:47:46,23.421875,1
2026-08-14 11:47:46,23.421875,1
2026-08-14 11:47:46,23.421875,1
2026-08-14 11:47:46,23.421875,1
2026-08-14 11:47:46,23.40625,1
2026-08-14 11:47:46,23.40625,1
2026-08-14 11:47:46,23.40625,1
2026-08-14 11:47:46,23.40625,1
2026-08-14 11:47:46,23.359375,1
2026-08-14 11:47:46,23.359375,1
2026-08-14 11:47:46,23.296875,1
2026-08-14 11:47:46,23.296875,1
2026-08-14 11:47:46,23.296875,1
2026-08-14 11:47:46,23.296875,1
2026-08-14 11:47:46,23.296875,1
2026-08-14 11:47:46,23.296875,1
2026-08-14 11:47:46,23.296875,1
2026-08-14 11:47:46,23.296875,1
2026-08-14 11:47:46,23.484375,1
2026-08-14 11:47:46,23.484375,1
2026-08-14 11:47:47,23.484375,1
2026-08-14 11:47:47,23.484375,1
2026-08-14 11:47:47,23.484375,1
2026-08-14 11:47:47,23.484375,1
2026-08-14 11:47:47,23.484375,1
2026-08-14 11:47:47,23.484375,1
2026-08-14 11:47:47,23.484375,1
2026-08-14 11:47:47,23.484375,1
2026-08-14 11:47:47,23.0625,1
2026-08-14 11:47:47,23.0625,1
2026-08-14 11:47:47,22.671875,1
2026-08-14 11:47:47,22.671875,1
2026-08-14 11:47:47,22.6875,1
2026-08-14 11:47:47,22.6875,1
2026-08-14 11:47:47,22.640625,1
2026-08-14 11:47:47,22.640625,1
2026-08-14 11:47:47,22.640625,1
2026-08-14 11:47:47,22.640625,1
2026-08-14 11:47:47,22.640625,1
2026-08-14 11:47:47,22.640625,1
2026-08-14 11:47:48,22.640625,1
2026-08-14 11:47:48,22.640625,1
2026-08-14 11:47:48,22.25,1
2026-08-14 11:47:48,22.25,1
2026-08-14 11:47:48,22.203125,1
2026-08-14 11:47:48,22.203125,1
2026-08-14 11:47:48,22.203125,1
2026-08-14 11:47:48,22.203125,1
2026-08-14 11:47:48,22.203125,1
2026-08-14 11:47:48,22.203125,1
2026-08-14 11:47:48,22.203125,1
2026-08-14 11:47:48,22.203125,1
2026-08-14 11:47:48,22.234375,1
2026-08-14 11:47:48,22.234375,1
2026-08-14 11:47:48,22.1875,1
2026-08-14 11:47:48,22.1875,1
2026-08-14 11:47:48,21.90625,1
2026-08-14 11:47:48,21.90625,1
2026-08-14 11:47:48,21.90625,1
2026-08-14 11:47:48,21.90625,1
2026-08-14 11:47:49,21.90625,1
2026-08-14 11:47:49,21.90625,1
2026-08-14 11:47:49,21.90625,1
2026-08-14 11:47:49,21.90625,1
2026-08-14 11:47:49,22.046875,1
2026-08-14 11:47:49,22.046875,1
2026-08-14 11:47:49,21.9375,1
2026-08-14 11:47:49,21.9375,1
2026-08-14 11:47:49,22.390625,1
2026-08-14 11:47:49,22.390625,1
2026-08-14 11:47:49,22.390625,1
2026-08-14 11:47:49,22.390625,1
2026-08-14 11:47:49,22.390625,1
2026-08-14 11:47:49,22.390625,1
2026-08-14 11:47:49,22.390625,1
2026-08-14 11:47:49,22.390625,1
2026-08-14 11:47:49,22.34375,1
2026-08-14 11:47:49,22.34375,1
2026-08-14 11:47:49,22.078125,1
2026-08-14 11:47:49,22.078125,1
2026-08-14 11:47:50,22.3125,1
2026-08-14 11:47:50,22.3125,1
2026-08-14 11:47:50,22.3125,1
2026-08-14 11:47:50,22.3125,1
2026-08-14 11:47:50,22.3125,1
2026-08-14 11:47:50,22.3125,1
2026-08-14 11:47:50,22.3125,1
2026-08-14 11:47:50,22.3125,1
2026-08-14 11:47:50,22.328125,1
2026-08-14 11:47:50,22.328125,1
2026-08-14 11:47:50,22.3125,1
2026-08-14 11:47:50,22.3125,1
2026-08-14 11:47:50,22.28125,1
2026-08-14 11:47:50,22.28125,1
2026-08-14 11:47:50,22.28125,1
2026-08-14 11:47:50,22.28125,1
2026-08-14 11:47:50,22.28125,1
2026-08-14 11:47:50,22.28125,1
2026-08-14 11:47:50,22.28125,1
2026-08-14 11:47:50,22.28125,1
2026-08-14 11:47:51,22.421875,1
2026-08-14 11:47:51,22.421875,1
2026-08-14 11:47:51,22.5,1
2026-08-14 11:47:51,22.5,1
2026-08-14 11:47:51,22.5,1
2026-08-14 11:47:51,22.5,1
2026-08-14 11:47:51,22.5,1
2026-08-14 11:47:51,22.5,1
2026-08-14 11:47:51,22.5,1
2026-08-14 11:47:51,22.5,1
2026-08-14 11:47:51,22.46875,1
2026-08-14 11:47:51,22.46875,1
2026-08-14 11:47:51,22.484375,1
2026-08-14 11:47:51,22.484375,1
2026-08-14 11:47:51,22.46875,1
2026-08-14 11:47:51,22.46875,1
2026-08-14 11:47:51,22.46875,1
2026-08-14 11:47:51,22.46875,1
2026-08-14 11:47:51,22.46875,1
2026-08-14 11:47:51,22.46875,1
2026-08-14 11:47:52,22.46875,1
2026-08-14 11:47:52,22.46875,1
2026-08-14 11:47:52,22.46875,1
2026-08-14 11:47:52,22.46875,1
2026-08-14 11:47:52,22.328125,1
2026-08-14 11:47:52,22.328125,1
2026-08-14 11:47:52,22.40625,1
2026-08-14 11:47:52,22.40625,1
2026-08-14 11:47:52,22.40625,1
2026-08-14 11:47:52,22.40625,1
2026-08-14 11:47:52,22.40625,1
2026-08-14 11:47:52,22.40625,1
2026-08-14 11:47:52,22.40625,1
2026-08-14 11:47:52,22.40625,1
2026-08-14 11:47:52,22.125,1
2026-08-14 11:47:52,22.125,1
2026-08-14 11:47:52,22.21875,1
2026-08-14 11:47:52,22.21875,1
2026-08-14 11:47:52,22.21875,1
2026-08-14 11:47:52,22.21875,1
2026-08-14 11:47:53,22.21875,1
2026-08-14 11:47:53,22.21875,1
2026-08-14 11:47:53,22.21875,1
2026-08-14 11:47:53,22.21875,1
2026-08-14 11:47:53,22.3125,1
2026-08-14 11:47:53,22.3125,1
2026-08-14 11:47:53,22.4375,1
2026-08-14 11:47:53,22.4375,1
2026-08-14 11:47:53,22.4375,1
2026-08-14 11:47:53,22.4375,1
2026-08-14 11:47:53,22.4375,1
2026-08-14 11:47:53,22.4375,1
2026-08-14 11:47:53,22.4375,1
2026-08-14 11:47:53,22.4375,1
2026-08-14 11:47:53,22.4375,1
2026-08-14 11:47:53,22.4375,1
2026-08-14 11:47:53,22.296875,1
2026-08-14 11:47:53,22.296875,1
2026-08-14 11:47:53,22.34375,1
2026-08-14 11:47:53,22.34375,1
2026-08-14 11:47:54,22.34375,1
2026-08-14 11:47:54,22.34375,1
2026-08-14 11:47:54,22.34375,1
2026-08-14 11:47:54,22.34375,1
2026-08-14 11:47:54,22.34375,1
2026-08-14 11:47:54,22.34375,1
2026-08-14 11:47:54,22.65625,1
2026-08-14 11:47:54,22.65625,1
2026-08-14 11:47:54,22.671875,1
2026-08-14 11:47:54,22.671875,1
2026-08-14 11:47:54,22.671875,1
2026-08-14 11:47:54,22.671875,1
2026-08-14 11:47:54,22.671875,1
2026-08-14 11:47:54,22.671875,1
2026-08-14 11:47:54,22.671875,1
2026-08-14 11:47:54,22.671875,1
2026-08-14 11:47:54,22.671875,1
2026-08-14 11:47:54,22.671875,1
2026-08-14 11:47:54,22.53125,1
2026-08-14 11:47:54,22.53125,1
2026-08-14 11:47:55,22.5625,1
2026-08-14 11:47:55,22.5625,1
2026-08-14 11:47:55,22.5625,1
2026-08-14 11:47:55,22.5625,1
2026-08-14 11:47:55,22.5625,1
2026-08-14 11:47:55,22.5625,1
2026-08-14 11:47:55,22.5625,1
2026-08-14 11:47:55,22.5625,1
2026-08-14 11:47:55,22.078125,1
2026-08-14 11:47:55,22.078125,1
2026-08-14 11:47:55,21.234375,1
2026-08-14 11:47:55,21.234375,1
2026-08-14 11:47:55,20.8125,1
2026-08-14 11:47:55,20.8125,1
2026-08-14 11:47:55,20.8125,1
2026-08-14 11:47:55,20.8125,1
2026-08-14 11:47:55,20.8125,1
2026-08-14 11:47:55,20.8125,1
2026-08-14 11:47:55,20.8125,1
2026-08-14 11:47:55,20.8125,1
2026-08-14 11:47:56,20.1875,1
2026-08-14 11:47:56,20.1875,1
2026-08-14 11:47:56,20.03125,1
2026-08-14 11:47:56,20.03125,1
2026-08-14 11:47:56,20.046875,1
2026-08-14 11:47:56,20.046875,1
2026-08-14 11:47:56,20.046875,1
2026-08-14 11:47:56,20.046875,1
2026-08-14 11:47:56,20.046875,1
2026-08-14 11:47:56,20.046875,1
2026-08-14 11:47:56,15.390625,1
2026-08-14 11:47:56,15.390625,1
2026-08-14 11:47:56,14.421875,1
2026-08-14 11:47:56,14.421875,1
2026-08-14 11:47:56,14.421875,1
2026-08-14 11:47:56,14.421875,1
2026-08-14 11:47:56,14.421875,1
2026-08-14 11:47:56,14.421875,1
2026-08-14 11:47:56,14.421875,1
2026-08-14 11:47:56,14.421875,1
2026-08-14 11:47:57,9.96875,1
2026-08-14 11:47:57,9.96875,1
2026-08-14 11:47:57,9.765625,1
2026-08-14 11:47:57,9.765625,1
2026-08-14 11:47:57,9.234375,1
2026-08-14 11:47:57,9.234375,1
2026-08-14 11:47:57,9.234375,1
2026-08-14 11:47:57,9.234375,1
2026-08-14 11:47:57,9.234375,1
2026-08-14 11:47:57,9.234375,1
2026-08-14 11:47:57,9.234375,1
2026-08-14 11:47:57,9.234375,1
2026-08-14 11:47:57,3.8125,1
2026-08-14 11:47:57,3.8125,1
2026-08-14 11:47:57,3.28125,1
2026-08-14 11:47:57,3.28125,1
2026-08-14 11:47:57,3.171875,1
2026-08-14 11:47:57,3.171875,1
2026-08-14 11:47:57,3.171875,1
2026-08-14 11:47:57,3.171875,1
2026-08-14 11:47:58,3.171875,1
2026-08-14 11:47:58,3.171875,1
2026-08-14 11:47:58,3.171875,1
2026-08-14 11:47:58,3.171875,1
2026-08-14 11:47:58,0.0,1
2026-08-14 11:47:58,0.0,1
2026-08-14 11:47:58,0.0,1
2026-08-14 11:47:58,0.0,1
2026-08-14 11:47:58,0.0,1
2026-08-14 11:47:58,0.0,1
2026-08-14 11:47:58,0.0,1
2026-08-14 11:47:58,0.0,1
2026-08-14 11:47:58,0.0,1
2026-08-14 11:47:58,0.0,1
2026-08-14 11:47:58,0.0,1
2026-08-14 11:47:58,0.0,1
2026-08-14 11:47:58,0.0,1
2026-08-14 11:47:58,0.0,1
2026-08-14 11:47:58,0.0,1
2026-08-14 11:47:58,0.0,1
2026-08-14 11:47:59,0.0,1
2026-08-14 11:47:59,0.0,1
2026-08-14 11:47:59,0.0,1
2026-08-14 11:47:59,0.0,1
2026-08-14 11:47:59,0.0,1
2026-08-14 11:47:59,0.0,1
2026-08-14 11:47:59,0.0,1
2026-08-14 11:47:59,0.0,1
2026-08-14 11:47:59,0.0,1
2026-08-14 11:47:59,0.0,1
2026-08-14 11:47:59,0.0,1
2026-08-14 11:47:59,0.0,1
2026-08-14 11:47:59,0.0,1
2026-08-14 11:47:59,0.0,1
2026-08-14 11:47:59,0.0,1
2026-08-14 11:47:59,0.0,1
2026-08-14 11:47:59,0.0,1
2026-08-14 11:47:59,0.0,1
2026-08-14 11:47:59,0.0,1
2026-08-14 11:47:59,0.0,1
2026-08-14 11:48:00,0.0,1
2026-08-14 11:48:00,0.0,1
2026-08-14 11:48:00,0.0,1
2026-08-14 11:48:00,0.0,1
2026-08-14 11:48:00,0.0,1
2026-08-14 11:48:00,0.0,1
2026-08-14 11:48:00,0.0,1
2026-08-14 11:48:00,0.0,1
2026-08-14 11:48:00,0.0,1
2026-08-14 11:48:00,0.0,1
2026-08-14 11:48:00,0.0,1
2026-08-14 11:48:00,0.0,1
2026-08-14 11:48:00,0.0,1
2026-08-14 11:48:00,0.0,1
2026-08-14 11:48:00,0.0,1
2026-08-14 11:48:00,0.0,1
2026-08-14 11:48:00,0.0,1
2026-08-14 11:48:00,0.0,1
2026-08-14 11:48:00,0.0,1
2026-08-14 11:48:00,0.0,1
2026-08-14 11:48:01,0.0,1
2026-08-14 11:48:01,0.0,1
2026-08-14 11:48:01,0.0,1
2026-08-14 11:48:01,0.0,1
2026-08-14 11:48:01,0.0,1
2026-08-14 11:48:01,0.0,1
2026-08-14 11:48:01,0.0,1
2026-08-14 11:48:01,0.0,1
2026-08-14 11:48:01,0.0,1
2026-08-14 11:48:01,0.0,1
2026-08-14 11:48:01,0.0,1
2026-08-14 11:48:01,0.0,1
2026-08-14 11:48:01,0.0,1
2026-08-14 11:48:01,0.0,1
2026-08-14 11:48:01,0.0,1
2026-08-14 11:48:01,0.0,1
2026-08-14 11:48:01,0.0,1
2026-08-14 11:48:01,0.0,1
2026-08-14 11:48:01,0.0,1
2026-08-14 11:48:01,0.0,1
2026-08-14 11:48:02,0.0,1
2026-08-14 11:48:02,0.0,1
2026-08-14 11:48:02,0.0,1
2026-08-14 11:48:02,0.0,1
2026-08-14 11:48:02,0.0,1
2026-08-14 11:48:02,0.0,1
2026-08-14 11:48:02,0.0,1
2026-08-14 11:48:02,0.0,1
2026-08-14 11:48:02,0.0,1
2026-08-14 11:48:02,0.0,1
2026-08-14 11:48:02,0.0,1
2026-08-14 11:48:02,0.0,1
2026-08-14 11:48:02,0.0,1
2026-08-14 11:48:02,0.0,1
2026-08-14 11:48:02,0.0,1
2026-08-14 11:48:02,0.0,1
2026-08-14 11:48:02,0.8125,1
2026-08-14 11:48:02,0.8125,1
2026-08-14 11:48:02,0.8125,1
2026-08-14 11:48:02,0.8125,1
2026-08-14 11:48:03,0.8125,1
2026-08-14 11:48:03,0.8125,1
2026-08-14 11:48:03,0.8125,1
2026-08-14 11:48:03,0.8125,1
2026-08-14 11:48:03,0.8125,1
2026-08-14 11:48:03,0.8125,1
2026-08-14 11:48:03,4.203125,1
2026-08-14 11:48:03,4.203125,1
2026-08-14 11:48:03,4.203125,1
2026-08-14 11:48:03,4.203125,1
2026-08-14 11:48:03,4.203125,1
2026-08-14 11:48:03,4.203125,1
2026-08-14 11:48:03,4.203125,1
2026-08-14 11:48:03,4.203125,1
2026-08-14 11:48:03,4.203125,1
2026-08-14 11:48:03,4.203125,1
2026-08-14 11:48:03,8.703125,1
2026-08-14 11:48:03,8.703125,1
2026-08-14 11:48:03,9.0625,1
2026-08-14 11:48:03,9.0625,1
2026-08-14 11:48:04,9.28125,1
2026-08-14 11:48:04,9.28125,1
2026-08-14 11:48:04,21.09375,1
2026-08-14 11:48:04,21.09375,1
2026-08-14 11:48:04,21.09375,1
2026-08-14 11:48:04,21.09375,1
2026-08-14 11:48:04,21.09375,1
2026-08-14 11:48:04,21.09375,1
2026-08-14 11:48:04,21.09375,1
2026-08-14 11:48:04,21.09375,1
2026-08-14 11:48:04,21.09375,1
2026-08-14 11:48:04,21.09375,1
2026-08-14 11:48:04,23.3125,1
2026-08-14 11:48:04,23.3125,1
2026-08-14 11:48:04,23.4375,1
2026-08-14 11:48:04,23.4375,1
2026-08-14 11:48:04,23.4375,1
2026-08-14 11:48:04,23.4375,1
2026-08-14 11:48:04,23.4375,1
2026-08-14 11:48:04,23.4375,1
2026-08-14 11:48:05,23.4375,1
2026-08-14 11:48:05,23.4375,1
2026-08-14 11:48:05,22.390625,1
2026-08-14 11:48:05,22.390625,1
2026-08-14 11:48:05,22.375,1
2026-08-14 11:48:05,22.375,1
2026-08-14 11:48:05,22.3125,1
2026-08-14 11:48:05,22.3125,1
2026-08-14 11:48:05,22.3125,1
2026-08-14 11:48:05,22.3125,1
2026-08-14 11:48:05,22.3125,1
2026-08-14 11:48:05,22.3125,1
2026-08-14 11:48:05,22.3125,1
2026-08-14 11:48:05,22.3125,1
2026-08-14 11:48:05,20.921875,1
2026-08-14 11:48:05,20.921875,1
2026-08-14 11:48:05,21.1875,1
2026-08-14 11:48:05,21.1875,1
2026-08-14 11:48:05,21.359375,1
2026-08-14 11:48:05,21.359375,1
2026-08-14 11:48:06,21.359375,1
2026-08-14 11:48:06,21.359375,1
2026-08-14 11:48:06,21.359375,1
2026-08-14 11:48:06,21.359375,1
2026-08-14 11:48:06,21.359375,1
2026-08-14 11:48:06,21.359375,1
2026-08-14 11:48:06,21.359375,1
2026-08-14 11:48:06,21.359375,1
2026-08-14 11:48:06,21.90625,1
2026-08-14 11:48:06,21.90625,1
2026-08-14 11:48:06,21.8125,1
2026-08-14 11:48:06,21.8125,1
2026-08-14 11:48:06,21.75,1
2026-08-14 11:48:06,21.75,1
2026-08-14 11:48:06,21.75,1
2026-08-14 11:48:06,21.75,1
2026-08-14 11:48:06,21.75,1
2026-08-14 11:48:06,21.75,1
2026-08-14 11:48:06,21.75,1
2026-08-14 11:48:06,21.75,1
2026-08-14 11:48:07,21.75,1
2026-08-14 11:48:07,21.75,1
2026-08-14 11:48:07,20.90625,1
2026-08-14 11:48:07,20.90625,1
2026-08-14 11:48:07,20.78125,1
2026-08-14 11:48:07,20.78125,1
2026-08-14 11:48:07,20.78125,1
2026-08-14 11:48:07,20.78125,1
2026-08-14 11:48:07,20.78125,1
2026-08-14 11:48:07,20.78125,1
2026-08-14 11:48:07,20.84375,1
2026-08-14 11:48:07,20.84375,1
2026-08-14 11:48:07,20.796875,1
2026-08-14 11:48:07,20.796875,1
2026-08-14 11:48:07,20.875,1
2026-08-14 11:48:07,20.875,1
2026-08-14 11:48:07,20.875,1
2026-08-14 11:48:07,20.875,1
2026-08-14 11:48:07,20.875,1
2026-08-14 11:48:07,20.875,1
2026-08-14 11:48:08,20.875,1
2026-08-14 11:48:08,20.875,1
2026-08-14 11:48:08,20.421875,1
2026-08-14 11:48:08,20.421875,1
2026-08-14 11:48:08,20.609375,1
2026-08-14 11:48:08,20.609375,1
2026-08-14 11:48:08,20.609375,1
2026-08-14 11:48:08,20.609375,1
2026-08-14 11:48:08,20.609375,1
2026-08-14 11:48:08,20.609375,1
2026-08-14 11:48:08,20.609375,1
2026-08-14 11:48:08,20.609375,1
2026-08-14 11:48:08,20.609375,1
2026-08-14 11:48:08,20.609375,1
2026-08-14 11:48:08,19.78125,1
2026-08-14 11:48:08,19.78125,1
2026-08-14 11:48:08,19.890625,1
2026-08-14 11:48:08,19.890625,1
2026-08-14 11:48:08,19.890625,1
2026-08-14 11:48:08,19.890625,1
2026-08-14 11:48:09,19.890625,1
2026-08-14 11:48:09,19.890625,1
2026-08-14 11:48:09,19.890625,1
2026-08-14 11:48:09,19.890625,1
2026-08-14 11:48:09,19.890625,1
2026-08-14 11:48:09,19.890625,1
2026-08-14 11:48:09,19.78125,1
2026-08-14 11:48:09,19.78125,1
2026-08-14 11:48:09,19.671875,1
2026-08-14 11:48:09,19.671875,1
2026-08-14 11:48:09,19.671875,1
2026-08-14 11:48:09,19.671875,1
2026-08-14 11:48:09,19.671875,1
2026-08-14 11:48:09,19.671875,1
2026-08-14 11:48:09,19.671875,1
2026-08-14 11:48:09,19.671875,1
2026-08-14 11:48:09,19.40625,1
2026-08-14 11:48:09,19.40625,1
2026-08-14 11:48:09,19.4375,1
2026-08-14 11:48:09,19.4375,1
2026-08-14 11:48:10,19.4375,1
2026-08-14 11:48:10,19.4375,1
2026-08-14 11:48:10,19.4375,1
2026-08-14 11:48:10,19.4375,1
2026-08-14 11:48:10,19.4375,1
2026-08-14 11:48:10,19.4375,1
2026-08-14 11:48:10,19.4375,1
2026-08-14 11:48:10,19.4375,1
2026-08-14 11:48:10,19.4375,1
2026-08-14 11:48:10,19.4375,1
2026-08-14 11:48:10,19.859375,1
2026-08-14 11:48:10,19.859375,1
2026-08-14 11:48:10,19.890625,1
2026-08-14 11:48:10,19.890625,1
2026-08-14 11:48:10,19.890625,1
2026-08-14 11:48:10,19.890625,1
2026-08-14 11:48:10,19.890625,1
2026-08-14 11:48:10,19.890625,1
2026-08-14 11:48:10,19.890625,1
2026-08-14 11:48:10,19.890625,1
2026-08-14 11:48:11,20.390625,1
2026-08-14 11:48:11,20.390625,1
2026-08-14 11:48:11,20.359375,1
2026-08-14 11:48:11,20.359375,1
2026-08-14 11:48:11,20.40625,1
2026-08-14 11:48:11,20.40625,1
2026-08-14 11:48:11,20.40625,1
2026-08-14 11:48:11,20.40625,1
2026-08-14 11:48:11,20.40625,1
2026-08-14 11:48:11,20.40625,1
2026-08-14 11:48:11,20.40625,1
2026-08-14 11:48:11,20.40625,1
2026-08-14 11:48:11,22.078125,1
2026-08-14 11:48:11,22.078125,1
2026-08-14 11:48:11,22.28125,1
2026-08-14 11:48:11,22.28125,1
2026-08-14 11:48:11,22.28125,1
2026-08-14 11:48:11,22.28125,1
2026-08-14 11:48:11,22.28125,1
2026-08-14 11:48:11,22.28125,1
2026-08-14 11:48:12,22.28125,1
2026-08-14 11:48:12,22.28125,1
2026-08-14 11:48:12,22.28125,1
2026-08-14 11:48:12,22.28125,1
2026-08-14 11:48:12,21.796875,1
2026-08-14 11:48:12,21.796875,1
2026-08-14 11:48:12,21.3125,1
2026-08-14 11:48:12,21.3125,1
2026-08-14 11:48:12,21.359375,1
2026-08-14 11:48:12,21.359375,1
2026-08-14 11:48:12,21.359375,1
2026-08-14 11:48:12,21.359375,1
2026-08-14 11:48:12,21.359375,1
2026-08-14 11:48:12,21.359375,1
2026-08-14 11:48:12,21.359375,1
2026-08-14 11:48:12,21.359375,1
2026-08-14 11:48:12,19.75,1
2026-08-14 11:48:12,19.75,1
2026-08-14 11:48:12,19.765625,1
2026-08-14 11:48:12,19.765625,1
2026-08-14 11:48:13,19.71875,1
2026-08-14 11:48:13,19.71875,1
2026-08-14 11:48:13,19.71875,1
2026-08-14 11:48:13,19.71875,1
2026-08-14 11:48:13,19.71875,1
2026-08-14 11:48:13,19.71875,1
2026-08-14 11:48:13,21.125,1
2026-08-14 11:48:13,21.125,1
2026-08-14 11:48:13,21.4375,1
2026-08-14 11:48:13,21.4375,1
2026-08-14 11:48:13,22.171875,1
2026-08-14 11:48:13,22.171875,1
2026-08-14 11:48:13,22.171875,1
2026-08-14 11:48:13,22.171875,1
2026-08-14 11:48:13,22.171875,1
2026-08-14 11:48:13,22.171875,1
2026-08-14 11:48:13,22.171875,1
2026-08-14 11:48:13,22.171875,1
2026-08-14 11:48:13,22.171875,1
2026-08-14 11:48:13,22.171875,1
2026-08-14 11:48:14,22.78125,1
2026-08-14 11:48:14,22.78125,1
2026-08-14 11:48:14,22.84375,1
2026-08-14 11:48:14,22.84375,1
2026-08-14 11:48:14,22.84375,1
2026-08-14 11:48:14,22.84375,1
2026-08-14 11:48:14,22.84375,1
2026-08-14 11:48:14,22.84375,1
2026-08-14 11:48:14,22.84375,1
2026-08-14 11:48:14,22.84375,1
2026-08-14 11:48:14,21.03125,1
2026-08-14 11:48:14,21.03125,1
2026-08-14 11:48:14,21.21875,1
2026-08-14 11:48:14,21.21875,1
2026-08-14 11:48:14,21.25,1
2026-08-14 11:48:14,21.25,1
2026-08-14 11:48:14,21.421875,1
2026-08-14 11:48:14,21.421875,1
2026-08-14 11:48:14,21.421875,1
2026-08-14 11:48:14,21.421875,1
2026-08-14 11:48:15,21.421875,1
2026-08-14 11:48:15,21.421875,1
2026-08-14 11:48:15,21.421875,1
2026-08-14 11:48:15,21.421875,1
2026-08-14 11:48:15,22.546875,1
2026-08-14 11:48:15,22.546875,1
2026-08-14 11:48:15,22.484375,1
2026-08-14 11:48:15,22.484375,1
2026-08-14 11:48:15,22.515625,1
2026-08-14 11:48:15,22.515625,1
2026-08-14 11:48:15,22.515625,1
2026-08-14 11:48:15,22.515625,1
2026-08-14 11:48:15,22.515625,1
2026-08-14 11:48:15,22.515625,1
2026-08-14 11:48:15,22.515625,1
2026-08-14 11:48:15,22.515625,1
2026-08-14 11:48:15,22.859375,1
2026-08-14 11:48:15,22.859375,1
2026-08-14 11:48:15,22.8125,1
2026-08-14 11:48:15,22.8125,1
2026-08-14 11:48:16,22.8125,1
2026-08-14 11:48:16,22.8125,1
2026-08-14 11:48:16,22.8125,1
2026-08-14 11:48:16,22.8125,1
2026-08-14 11:48:16,22.8125,1
2026-08-14 11:48:16,22.8125,1
2026-08-14 11:48:16,22.8125,1
2026-08-14 11:48:16,22.8125,1
2026-08-14 11:48:16,22.796875,1
2026-08-14 11:48:16,22.796875,1
2026-08-14 11:48:16,22.875,1
2026-08-14 11:48:16,22.875,1
2026-08-14 11:48:16,22.875,1
2026-08-14 11:48:16,22.875,1
2026-08-14 11:48:16,22.875,1
2026-08-14 11:48:16,22.875,1
2026-08-14 11:48:16,22.875,1
2026-08-14 11:48:16,22.875,1
2026-08-14 11:48:16,23.359375,1
2026-08-14 11:48:16,23.359375,1
2026-08-14 11:48:17,23.265625,1
2026-08-14 11:48:17,23.265625,1
2026-08-14 11:48:17,23.375,1
2026-08-14 11:48:17,23.375,1
2026-08-14 11:48:17,23.375,1
2026-08-14 11:48:17,23.375,1
2026-08-14 11:48:17,23.375,1
2026-08-14 11:48:17,23.375,1
2026-08-14 11:48:17,23.375,1
2026-08-14 11:48:17,23.375,1
2026-08-14 11:48:17,23.375,1
2026-08-14 11:48:17,23.375,1
2026-08-14 11:48:17,22.515625,1
2026-08-14 11:48:17,22.515625,1
2026-08-14 11:48:17,22.421875,1
2026-08-14 11:48:17,22.421875,1
2026-08-14 11:48:17,22.421875,1
2026-08-14 11:48:17,22.421875,1
2026-08-14 11:48:17,22.421875,1
2026-08-14 11:48:17,22.421875,1
2026-08-14 11:48:18,22.421875,1
2026-08-14 11:48:18,22.421875,1
2026-08-14 11:48:18,22.421875,1
2026-08-14 11:48:18,22.421875,1
2026-08-14 11:48:18,22.328125,1
2026-08-14 11:48:18,22.328125,1
2026-08-14 11:48:18,22.28125,1
2026-08-14 11:48:18,22.28125,1
2026-08-14 11:48:18,22.28125,1
2026-08-14 11:48:18,22.28125,1
2026-08-14 11:48:18,22.28125,1
2026-08-14 11:48:18,22.28125,1
2026-08-14 11:48:18,22.28125,1
2026-08-14 11:48:18,22.28125,1
2026-08-14 11:48:18,22.421875,1
2026-08-14 11:48:18,22.421875,1
2026-08-14 11:48:18,22.515625,1
2026-08-14 11:48:18,22.515625,1
2026-08-14 11:48:18,22.53125,1
2026-08-14 11:48:18,22.53125,1
2026-08-14 11:48:19,22.53125,1
2026-08-14 11:48:19,22.53125,1
2026-08-14 11:48:19,22.53125,1
2026-08-14 11:48:19,22.53125,1
2026-08-14 11:48:19,22.53125,1
2026-08-14 11:48:19,22.53125,1
2026-08-14 11:48:19,22.09375,1
2026-08-14 11:48:19,22.09375,1
2026-08-14 11:48:19,22.140625,1
2026-08-14 11:48:19,22.140625,1
2026-08-14 11:48:19,22.34375,1
2026-08-14 11:48:19,22.34375,1
2026-08-14 11:48:19,22.34375,1
2026-08-14 11:48:19,22.34375,1
2026-08-14 11:48:19,22.34375,1
2026-08-14 11:48:19,22.34375,1
2026-08-14 11:48:19,22.34375,1
2026-08-14 11:48:19,22.34375,1
2026-08-14 11:48:19,21.40625,1
2026-08-14 11:48:19,21.40625,1
2026-08-14 11:48:20,21.546875,1
2026-08-14 11:48:20,21.546875,1
2026-08-14 11:48:20,21.71875,1
2026-08-14 11:48:20,21.71875,1
2026-08-14 11:48:20,21.71875,1
2026-08-14 11:48:20,21.71875,1
2026-08-14 11:48:20,21.71875,1
2026-08-14 11:48:20,21.71875,1
2026-08-14 11:48:20,21.71875,1
2026-08-14 11:48:20,21.71875,1
2026-08-14 11:48:20,21.828125,1
2026-08-14 11:48:20,21.828125,1
2026-08-14 11:48:20,21.84375,1
2026-08-14 11:48:20,21.84375,1
2026-08-14 11:48:20,21.859375,1
2026-08-14 11:48:20,21.859375,1
2026-08-14 11:48:20,21.859375,1
2026-08-14 11:48:20,21.859375,1
2026-08-14 11:48:20,21.859375,1
2026-08-14 11:48:20,21.859375,1
2026-08-14 11:48:21,21.859375,1
2026-08-14 11:48:21,21.859375,1
2026-08-14 11:48:21,22.125,1
2026-08-14 11:48:21,22.125,1
2026-08-14 11:48:21,22.0,1
2026-08-14 11:48:21,22.0,1
2026-08-14 11:48:21,22.0,1
2026-08-14 11:48:21,22.0,1
2026-08-14 11:48:21,22.0,1
2026-08-14 11:48:21,22.0,1
2026-08-14 11:48:21,22.0,1
2026-08-14 11:48:21,22.0,1
2026-08-14 11:48:21,23.421875,1
2026-08-14 11:48:21,23.421875,1
2026-08-14 11:48:21,23.625,1
2026-08-14 11:48:21,23.625,1
2026-08-14 11:48:21,23.671875,1
2026-08-14 11:48:21,23.671875,1
2026-08-14 11:48:21,23.671875,1
2026-08-14 11:48:21,23.671875,1
2026-08-14 11:48:22,23.671875,1
2026-08-14 11:48:22,23.671875,1
2026-08-14 11:48:22,23.671875,1
2026-08-14 11:48:22,23.671875,1
2026-08-14 11:48:22,23.671875,1
2026-08-14 11:48:22,23.671875,1
2026-08-14 11:48:22,23.59375,1
2026-08-14 11:48:22,23.59375,1
2026-08-14 11:48:22,24.03125,1
2026-08-14 11:48:22,24.03125,1
2026-08-14 11:48:22,24.03125,1
2026-08-14 11:48:22,24.03125,1
2026-08-14 11:48:22,24.03125,1
2026-08-14 11:48:22,24.03125,1
2026-08-14 11:48:22,24.03125,1
2026-08-14 11:48:22,24.03125,1
2026-08-14 11:48:22,24.03125,1
2026-08-14 11:48:22,24.03125,1
2026-08-14 11:48:22,21.65625,1
2026-08-14 11:48:22,21.65625,1
2026-08-14 11:48:23,22.375,1
2026-08-14 11:48:23,22.375,1
2026-08-14 11:48:23,22.375,1
2026-08-14 11:48:23,22.375,1
2026-08-14 11:48:23,22.375,1
2026-08-14 11:48:23,22.375,1
2026-08-14 11:48:23,22.375,1
2026-08-14 11:48:23,22.375,1
2026-08-14 11:48:23,22.375,1
2026-08-14 11:48:23,22.375,1
2026-08-14 11:48:23,22.734375,1
2026-08-14 11:48:23,22.734375,1
2026-08-14 11:48:23,22.78125,1
2026-08-14 11:48:23,22.78125,1
2026-08-14 11:48:23,22.78125,1
2026-08-14 11:48:23,22.78125,1
2026-08-14 11:48:23,22.78125,1
2026-08-14 11:48:23,22.78125,1
2026-08-14 11:48:23,22.78125,1
2026-08-14 11:48:23,22.78125,1
2026-08-14 11:48:24,22.78125,1
2026-08-14 11:48:24,22.78125,1
2026-08-14 11:48:24,22.859375,1
2026-08-14 11:48:24,22.859375,1
2026-08-14 11:48:24,22.796875,1
2026-08-14 11:48:24,22.796875,1
2026-08-14 11:48:24,22.796875,1
2026-08-14 11:48:24,22.796875,1
2026-08-14 11:48:24,22.796875,1
2026-08-14 11:48:24,22.796875,1
2026-08-14 11:48:24,22.796875,1
2026-08-14 11:48:24,22.796875,1
2026-08-14 11:48:24,22.734375,1
2026-08-14 11:48:24,22.734375,1
2026-08-14 11:48:24,22.9375,1
2026-08-14 11:48:24,22.9375,1
2026-08-14 11:48:24,22.796875,1
2026-08-14 11:48:24,22.796875,1
2026-08-14 11:48:24,22.796875,1
2026-08-14 11:48:24,22.796875,1
2026-08-14 11:48:25,22.796875,1
2026-08-14 11:48:25,22.796875,1
2026-08-14 11:48:25,22.796875,1
2026-08-14 11:48:25,22.796875,1
2026-08-14 11:48:25,22.796875,1
2026-08-14 11:48:25,22.796875,1
2026-08-14 11:48:25,23.078125,1
2026-08-14 11:48:25,23.078125,1
2026-08-14 11:48:25,23.078125,1
2026-08-14 11:48:25,23.078125,1
2026-08-14 11:48:25,23.078125,1
2026-08-14 11:48:25,23.078125,1
2026-08-14 11:48:25,23.078125,1
2026-08-14 11:48:25,23.078125,1
2026-08-14 11:48:25,23.078125,1
2026-08-14 11:48:25,23.078125,1
2026-08-14 11:48:25,23.078125,1
2026-08-14 11:48:25,23.078125,1
2026-08-14 11:48:25,23.421875,1
2026-08-14 11:48:25,23.421875,1
2026-08-14 11:48:26,23.640625,1
2026-08-14 11:48:26,23.640625,1
2026-08-14 11:48:26,23.640625,1
2026-08-14 11:48:26,23.640625,1
2026-08-14 11:48:26,23.640625,1
2026-08-14 11:48:26,23.640625,1
2026-08-14 11:48:26,23.640625,1
2026-08-14 11:48:26,23.640625,1
2026-08-14 11:48:26,23.640625,1
2026-08-14 11:48:26,23.640625,1
2026-08-14 11:48:26,23.90625,1
2026-08-14 11:48:26,23.90625,1
2026-08-14 11:48:26,24.03125,1
2026-08-14 11:48:26,24.03125,1
2026-08-14 11:48:26,24.015625,1
2026-08-14 11:48:26,24.015625,1
2026-08-14 11:48:26,24.015625,1
2026-08-14 11:48:26,24.015625,1
2026-08-14 11:48:26,24.015625,1
2026-08-14 11:48:26,24.015625,1
2026-08-14 11:48:27,24.015625,1
2026-08-14 11:48:27,24.015625,1
2026-08-14 11:48:27,24.09375,1
2026-08-14 11:48:27,24.09375,1
2026-08-14 11:48:27,24.234375,1
2026-08-14 11:48:27,24.234375,1
2026-08-14 11:48:27,24.234375,1
2026-08-14 11:48:27,24.234375,1
2026-08-14 11:48:27,24.234375,1
2026-08-14 11:48:27,24.234375,1
2026-08-14 11:48:27,24.234375,1
2026-08-14 11:48:27,24.234375,1
2026-08-14 11:48:27,24.53125,1
2026-08-14 11:48:27,24.53125,1
2026-08-14 11:48:27,24.4375,1
2026-08-14 11:48:27,24.4375,1
2026-08-14 11:48:27,24.390625,1
2026-08-14 11:48:27,24.390625,1
2026-08-14 11:48:27,24.390625,1
2026-08-14 11:48:27,24.390625,1
2026-08-14 11:48:28,24.390625,1
2026-08-14 11:48:28,24.390625,1
2026-08-14 11:48:28,24.390625,1
2026-08-14 11:48:28,24.390625,1
2026-08-14 11:48:28,24.578125,1
2026-08-14 11:48:28,24.578125,1
2026-08-14 11:48:28,24.65625,1
2026-08-14 11:48:28,24.65625,1
2026-08-14 11:48:28,24.546875,1
2026-08-14 11:48:28,24.546875,1
2026-08-14 11:48:28,24.546875,1
2026-08-14 11:48:28,24.546875,1
2026-08-14 11:48:28,24.546875,1
2026-08-14 11:48:28,24.546875,1
2026-08-14 11:48:28,24.546875,1
2026-08-14 11:48:28,24.546875,1
2026-08-14 11:48:28,24.546875,1
2026-08-14 11:48:28,24.546875,1
2026-08-14 11:48:28,24.515625,1
2026-08-14 11:48:28,24.515625,1
2026-08-14 11:48:29,24.4375,1
2026-08-14 11:48:29,24.4375,1
2026-08-14 11:48:29,24.4375,1
2026-08-14 11:48:29,24.4375,1
2026-08-14 11:48:29,24.4375,1
2026-08-14 11:48:29,24.4375,1
2026-08-14 11:48:29,24.609375,1
2026-08-14 11:48:29,24.609375,1
2026-08-14 11:48:29,24.609375,1
2026-08-14 11:48:29,24.609375,1
2026-08-14 11:48:29,24.53125,1
2026-08-14 11:48:29,24.53125,1
2026-08-14 11:48:29,24.53125,1
2026-08-14 11:48:29,24.53125,1
2026-08-14 11:48:29,24.53125,1
2026-08-14 11:48:29,24.53125,1
2026-08-14 11:48:29,24.53125,1
2026-08-14 11:48:29,24.53125,1
2026-08-14 11:48:29,24.53125,1
2026-08-14 11:48:29,24.53125,1
2026-08-14 11:48:30,24.53125,1
2026-08-14 11:48:30,24.53125,1
2026-08-14 11:48:30,23.53125,1
2026-08-14 11:48:30,23.53125,1
2026-08-14 11:48:30,23.5625,1
2026-08-14 11:48:30,23.5625,1
2026-08-14 11:48:30,23.5625,1
2026-08-14 11:48:30,23.5625,1
2026-08-14 11:48:30,23.5625,1
2026-08-14 11:48:30,23.5625,1
2026-08-14 11:48:30,23.5625,1
2026-08-14 11:48:30,23.5625,1
2026-08-14 11:48:30,23.578125,1
2026-08-14 11:48:30,23.578125,1
2026-08-14 11:48:30,23.6875,1
2026-08-14 11:48:30,23.6875,1
2026-08-14 11:48:30,23.78125,1
2026-08-14 11:48:30,23.78125,1
2026-08-14 11:48:30,23.78125,1
2026-08-14 11:48:30,23.78125,1
2026-08-14 11:48:31,23.78125,1
2026-08-14 11:48:31,23.78125,1
2026-08-14 11:48:31,23.78125,1
2026-08-14 11:48:31,23.78125,1
2026-08-14 11:48:31,23.78125,1
2026-08-14 11:48:31,23.78125,1
2026-08-14 11:48:31,23.5,1
2026-08-14 11:48:31,23.5,1
2026-08-14 11:48:31,23.4375,1
2026-08-14 11:48:31,23.4375,1
2026-08-14 11:48:31,23.4375,1
2026-08-14 11:48:31,23.4375,1
2026-08-14 11:48:31,23.4375,1
2026-08-14 11:48:31,23.4375,1
2026-08-14 11:48:31,23.4375,1
2026-08-14 11:48:31,23.4375,1
2026-08-14 11:48:31,23.203125,1
2026-08-14 11:48:31,23.203125,1
2026-08-14 11:48:31,22.96875,1
2026-08-14 11:48:31,22.96875,1
2026-08-14 11:48:32,22.96875,1
2026-08-14 11:48:32,22.96875,1
2026-08-14 11:48:32,22.96875,1
2026-08-14 11:48:32,22.96875,1
2026-08-14 11:48:32,22.96875,1
2026-08-14 11:48:32,22.96875,1
2026-08-14 11:48:32,22.625,1
2026-08-14 11:48:32,22.625,1
2026-08-14 11:48:32,22.625,1
2026-08-14 11:48:32,22.625,1
2026-08-14 11:48:32,22.59375,1
2026-08-14 11:48:32,22.59375,1
2026-08-14 11:48:32,22.59375,1
2026-08-14 11:48:32,22.59375,1
2026-08-14 11:48:32,22.59375,1
2026-08-14 11:48:32,22.59375,1
2026-08-14 11:48:32,22.59375,1
2026-08-14 11:48:32,22.59375,1
2026-08-14 11:48:32,22.59375,1
2026-08-14 11:48:32,22.59375,1
2026-08-14 11:48:33,22.609375,1
2026-08-14 11:48:33,22.609375,1
2026-08-14 11:48:33,22.5625,1
2026-08-14 11:48:33,22.5625,1
2026-08-14 11:48:33,22.578125,1
2026-08-14 11:48:33,22.578125,1
2026-08-14 11:48:33,22.578125,1
2026-08-14 11:48:33,22.578125,1
2026-08-14 11:48:33,22.578125,1
2026-08-14 11:48:33,22.578125,1
2026-08-14 11:48:33,22.578125,1
2026-08-14 11:48:33,22.578125,1
2026-08-14 11:48:33,22.421875,1
2026-08-14 11:48:33,22.421875,1
2026-08-14 11:48:33,22.53125,1
2026-08-14 11:48:33,22.53125,1
2026-08-14 11:48:33,22.078125,1
2026-08-14 11:48:33,22.078125,1
2026-08-14 11:48:33,22.078125,1
2026-08-14 11:48:33,22.078125,1
2026-08-14 11:48:34,22.078125,1
2026-08-14 11:48:34,22.078125,1
2026-08-14 11:48:34,22.078125,1
2026-08-14 11:48:34,22.078125,1
2026-08-14 11:48:34,22.390625,1
2026-08-14 11:48:34,22.390625,1
2026-08-14 11:48:34,22.671875,1
2026-08-14 11:48:34,22.671875,1
2026-08-14 11:48:34,22.71875,1
2026-08-14 11:48:34,22.71875,1
2026-08-14 11:48:34,22.71875,1
2026-08-14 11:48:34,22.71875,1
2026-08-14 11:48:34,22.71875,1
2026-08-14 11:48:34,22.71875,1
2026-08-14 11:48:34,22.71875,1
2026-08-14 11:48:34,22.71875,1
2026-08-14 11:48:34,22.46875,1
2026-08-14 11:48:34,22.46875,1
2026-08-14 11:48:34,22.265625,1
2026-08-14 11:48:34,22.265625,1
2026-08-14 11:48:35,22.34375,1
2026-08-14 11:48:35,22.34375,1
2026-08-14 11:48:35,22.34375,1
2026-08-14 11:48:35,22.34375,1
2026-08-14 11:48:35,22.34375,1
2026-08-14 11:48:35,22.34375,1
2026-08-14 11:48:35,22.734375,1
2026-08-14 11:48:35,22.734375,1
2026-08-14 11:48:35,22.734375,1
2026-08-14 11:48:35,22.734375,1
2026-08-14 11:48:35,22.640625,1
2026-08-14 11:48:35,22.640625,1
2026-08-14 11:48:35,22.640625,1
2026-08-14 11:48:35,22.640625,1
2026-08-14 11:48:35,22.640625,1
2026-08-14 11:48:35,22.640625,1
2026-08-14 11:48:35,22.640625,1
2026-08-14 11:48:35,22.640625,1
2026-08-14 11:48:35,23.640625,1
2026-08-14 11:48:35,23.640625,1
2026-08-14 11:48:36,23.1875,1
2026-08-14 11:48:36,23.1875,1
2026-08-14 11:48:36,23.078125,1
2026-08-14 11:48:36,23.078125,1
2026-08-14 11:48:36,23.078125,1
2026-08-14 11:48:36,23.078125,1
2026-08-14 11:48:36,23.078125,1
2026-08-14 11:48:36,23.078125,1
2026-08-14 11:48:36,21.828125,1
2026-08-14 11:48:36,21.828125,1
2026-08-14 11:48:36,21.875,1
2026-08-14 11:48:36,21.875,1
2026-08-14 11:48:36,22.125,1
2026-08-14 11:48:36,22.125,1
2026-08-14 11:48:36,22.15625,1
2026-08-14 11:48:36,22.15625,1
2026-08-14 11:48:36,22.15625,1
2026-08-14 11:48:36,22.15625,1
2026-08-14 11:48:36,22.15625,1
2026-08-14 11:48:36,22.15625,1
2026-08-14 11:48:37,22.15625,1
2026-08-14 11:48:37,22.15625,1
2026-08-14 11:48:37,20.75,1
2026-08-14 11:48:37,20.75,1
2026-08-14 11:48:37,20.5,1
2026-08-14 11:48:37,20.5,1
2026-08-14 11:48:37,20.328125,1
2026-08-14 11:48:37,20.328125,1
2026-08-14 11:48:37,20.328125,1
2026-08-14 11:48:37,20.328125,1
2026-08-14 11:48:37,20.328125,1
2026-08-14 11:48:37,20.328125,1
2026-08-14 11:48:37,20.65625,1
2026-08-14 11:48:37,20.65625,1
2026-08-14 11:48:37,20.796875,1
2026-08-14 11:48:37,20.796875,1
2026-08-14 11:48:37,20.84375,1
2026-08-14 11:48:37,20.84375,1
2026-08-14 11:48:37,20.84375,1
2026-08-14 11:48:37,20.84375,1
2026-08-14 11:48:38,20.84375,1
2026-08-14 11:48:38,20.84375,1
2026-08-14 11:48:38,20.84375,1
2026-08-14 11:48:38,20.84375,1
2026-08-14 11:48:38,19.375,1
2026-08-14 11:48:38,19.375,1
2026-08-14 11:48:38,19.234375,1
2026-08-14 11:48:38,19.234375,1
2026-08-14 11:48:38,19.421875,1
2026-08-14 11:48:38,19.421875,1
2026-08-14 11:48:38,20.953125,1
2026-08-14 11:48:38,20.953125,1
2026-08-14 11:48:38,20.953125,1
2026-08-14 11:48:38,20.953125,1
2026-08-14 11:48:38,20.953125,1
2026-08-14 11:48:38,20.953125,1
2026-08-14 11:48:38,20.953125,1
2026-08-14 11:48:38,20.953125,1
2026-08-14 11:48:38,27.296875,1
2026-08-14 11:48:38,27.296875,1
2026-08-14 11:48:39,27.328125,1
2026-08-14 11:48:39,27.328125,1
2026-08-14 11:48:39,27.46875,1
2026-08-14 11:48:39,27.46875,1
2026-08-14 11:48:39,27.46875,1
2026-08-14 11:48:39,27.46875,1
2026-08-14 11:48:39,27.46875,1
2026-08-14 11:48:39,27.46875,1
2026-08-14 11:48:39,27.46875,1
2026-08-14 11:48:39,27.46875,1
2026-08-14 11:48:39,27.46875,1
2026-08-14 11:48:39,27.46875,1
2026-08-14 11:48:39,28.1875,1
2026-08-14 11:48:39,28.1875,1
2026-08-14 11:48:39,28.015625,1
2026-08-14 11:48:39,28.015625,1
2026-08-14 11:48:39,28.015625,1
2026-08-14 11:48:39,28.015625,1
2026-08-14 11:48:39,28.015625,1
2026-08-14 11:48:39,28.015625,1
2026-08-14 11:48:40,28.015625,1
2026-08-14 11:48:40,28.015625,1
2026-08-14 11:48:40,24.875,1
2026-08-14 11:48:40,24.875,1
2026-08-14 11:48:40,24.875,1
2026-08-14 11:48:40,24.875,1
2026-08-14 11:48:40,24.6875,1
2026-08-14 11:48:40,24.6875,1
2026-08-14 11:48:40,24.6875,1
2026-08-14 11:48:40,24.6875,1
2026-08-14 11:48:40,24.6875,1
2026-08-14 11:48:40,24.6875,1
2026-08-14 11:48:40,24.6875,1
2026-08-14 11:48:40,24.6875,1
2026-08-14 11:48:40,22.765625,1
2026-08-14 11:48:40,22.765625,1
2026-08-14 11:48:40,22.90625,1
2026-08-14 11:48:40,22.90625,1
2026-08-14 11:48:40,22.96875,1
2026-08-14 11:48:40,22.96875,1
2026-08-14 11:48:41,22.96875,1
2026-08-14 11:48:41,22.96875,1
2026-08-14 11:48:41,22.96875,1
2026-08-14 11:48:41,22.96875,1
2026-08-14 11:48:41,22.96875,1
2026-08-14 11:48:41,22.96875,1
2026-08-14 11:48:41,22.8125,1
2026-08-14 11:48:41,22.8125,1
2026-08-14 11:48:41,22.671875,1
2026-08-14 11:48:41,22.671875,1
2026-08-14 11:48:41,22.609375,1
2026-08-14 11:48:41,22.609375,1
2026-08-14 11:48:41,22.609375,1
2026-08-14 11:48:41,22.609375,1
2026-08-14 11:48:41,22.609375,1
2026-08-14 11:48:41,22.609375,1
2026-08-14 11:48:41,22.609375,1
2026-08-14 11:48:41,22.609375,1
2026-08-14 11:48:41,22.671875,1
2026-08-14 11:48:41,22.671875,1
2026-08-14 11:48:42,22.59375,1
2026-08-14 11:48:42,22.59375,1
2026-08-14 11:48:42,22.640625,1
2026-08-14 11:48:42,22.640625,1
2026-08-14 11:48:42,22.640625,1
2026-08-14 11:48:42,22.640625,1
2026-08-14 11:48:42,22.640625,1
2026-08-14 11:48:42,22.640625,1
2026-08-14 11:48:42,22.640625,1
2026-08-14 11:48:42,22.640625,1
2026-08-14 11:48:42,22.640625,1
2026-08-14 11:48:42,22.640625,1
2026-08-14 11:48:42,21.0625,1
2026-08-14 11:48:42,21.0625,1
2026-08-14 11:48:42,20.9375,1
2026-08-14 11:48:42,20.9375,1
2026-08-14 11:48:42,20.9375,1
2026-08-14 11:48:42,20.9375,1
2026-08-14 11:48:42,20.9375,1
2026-08-14 11:48:42,20.9375,1
2026-08-14 11:48:43,20.9375,1
2026-08-14 11:48:43,20.9375,1
2026-08-14 11:48:43,20.9375,1
2026-08-14 11:48:43,20.9375,1
2026-08-14 11:48:43,20.5625,1
2026-08-14 11:48:43,20.5625,1
2026-08-14 11:48:43,20.5625,1
2026-08-14 11:48:43,20.5625,1
2026-08-14 11:48:43,20.5625,1
2026-08-14 11:48:43,20.5625,1
2026-08-14 11:48:43,20.5625,1
2026-08-14 11:48:43,20.5625,1
2026-08-14 11:48:43,20.5625,1
2026-08-14 11:48:43,20.5625,1
2026-08-14 11:48:43,21.25,1
2026-08-14 11:48:43,21.25,1
2026-08-14 11:48:43,21.3125,1
2026-08-14 11:48:43,21.3125,1
2026-08-14 11:48:43,21.375,1
2026-08-14 11:48:43,21.375,1
2026-08-14 11:48:44,21.375,1
2026-08-14 11:48:44,21.375,1
2026-08-14 11:48:44,21.375,1
2026-08-14 11:48:44,21.375,1
2026-08-14 11:48:44,21.375,1
2026-08-14 11:48:44,21.375,1
2026-08-14 11:48:44,19.65625,1
2026-08-14 11:48:44,19.65625,1
2026-08-14 11:48:44,19.453125,1
2026-08-14 11:48:44,19.453125,1
2026-08-14 11:48:44,19.453125,1
2026-08-14 11:48:44,19.453125,1
2026-08-14 11:48:44,19.453125,1
2026-08-14 11:48:44,19.453125,1
2026-08-14 11:48:44,19.453125,1
2026-08-14 11:48:44,19.453125,1
2026-08-14 11:48:44,16.84375,1
2026-08-14 11:48:44,16.84375,1
2026-08-14 11:48:44,16.40625,1
2026-08-14 11:48:44,16.40625,1
2026-08-14 11:48:45,16.0625,1
2026-08-14 11:48:45,16.0625,1
2026-08-14 11:48:45,16.0625,1
2026-08-14 11:48:45,16.0625,1
2026-08-14 11:48:45,16.0625,1
2026-08-14 11:48:45,16.0625,1
2026-08-14 11:48:45,16.0625,1
2026-08-14 11:48:45,16.0625,1
2026-08-14 11:48:45,11.4375,1
2026-08-14 11:48:45,11.4375,1
2026-08-14 11:48:45,11.421875,1
2026-08-14 11:48:45,11.421875,1
2026-08-14 11:48:45,11.390625,1
2026-08-14 11:48:45,11.390625,1
2026-08-14 11:48:45,11.390625,1
2026-08-14 11:48:45,11.390625,1
2026-08-14 11:48:45,11.390625,1
2026-08-14 11:48:45,11.390625,1
2026-08-14 11:48:45,11.390625,1
2026-08-14 11:48:45,11.390625,1
2026-08-14 11:48:46,9.78125,1
2026-08-14 11:48:46,9.78125,1
2026-08-14 11:48:46,9.796875,1
2026-08-14 11:48:46,9.796875,1
2026-08-14 11:48:46,9.796875,1
2026-08-14 11:48:46,9.796875,1
2026-08-14 11:48:46,9.796875,1
2026-08-14 11:48:46,9.796875,1
2026-08-14 11:48:46,9.796875,1
2026-08-14 11:48:46,9.796875,1
2026-08-14 11:48:46,8.109375,1
2026-08-14 11:48:46,8.109375,1
2026-08-14 11:48:46,8.0,1
2026-08-14 11:48:46,8.0,1
2026-08-14 11:48:46,7.9375,1
2026-08-14 11:48:46,7.9375,1
2026-08-14 11:48:46,7.9375,1
2026-08-14 11:48:46,7.9375,1
2026-08-14 11:48:46,7.9375,1
2026-08-14 11:48:46,7.9375,1
2026-08-14 11:48:47,7.9375,1
2026-08-14 11:48:47,7.9375,1
2026-08-14 11:48:47,5.9375,1
2026-08-14 11:48:47,5.9375,1
2026-08-14 11:48:47,5.78125,1
2026-08-14 11:48:47,5.78125,1
2026-08-14 11:48:47,5.765625,1
2026-08-14 11:48:47,5.765625,1
2026-08-14 11:48:47,5.765625,1
2026-08-14 11:48:47,5.765625,1
2026-08-14 11:48:47,5.765625,1
2026-08-14 11:48:47,5.765625,1
2026-08-14 11:48:47,5.765625,1
2026-08-14 11:48:47,5.765625,1
2026-08-14 11:48:47,3.578125,1
2026-08-14 11:48:47,3.578125,1
2026-08-14 11:48:47,3.453125,1
2026-08-14 11:48:47,3.453125,1
2026-08-14 11:48:47,3.421875,1
2026-08-14 11:48:47,3.421875,1
2026-08-14 11:48:48,3.421875,1
2026-08-14 11:48:48,3.421875,1
2026-08-14 11:48:48,3.421875,1
2026-08-14 11:48:48,3.421875,1
2026-08-14 11:48:48,3.421875,1
2026-08-14 11:48:48,3.421875,1
2026-08-14 11:48:48,2.78125,1
2026-08-14 11:48:48,2.78125,1
2026-08-14 11:48:48,2.6875,1
2026-08-14 11:48:48,2.6875,1
2026-08-14 11:48:48,2.65625,1
2026-08-14 11:48:48,2.65625,1
2026-08-14 11:48:48,2.65625,1
2026-08-14 11:48:48,2.65625,1
2026-08-14 11:48:48,2.65625,1
2026-08-14 11:48:48,2.65625,1
2026-08-14 11:48:48,2.65625,1
2026-08-14 11:48:48,2.65625,1
2026-08-14 11:48:48,1.890625,1
2026-08-14 11:48:48,1.890625,1
2026-08-14 11:48:49,1.859375,1
2026-08-14 11:48:49,1.859375,1
2026-08-14 11:48:49,1.859375,1
2026-08-14 11:48:49,1.859375,1
2026-08-14 11:48:49,1.859375,1
2026-08-14 11:48:49,1.859375,1
2026-08-14 11:48:49,1.859375,1
2026-08-14 11:48:49,1.859375,1
2026-08-14 11:48:49,2.203125,1
2026-08-14 11:48:49,2.203125,1
2026-08-14 11:48:49,2.203125,1
2026-08-14 11:48:49,2.203125,1
2026-08-14 11:48:49,2.265625,1
2026-08-14 11:48:49,2.265625,1
2026-08-14 11:48:49,2.328125,1
2026-08-14 11:48:49,2.328125,1
2026-08-14 11:48:49,2.328125,1
2026-08-14 11:48:49,2.328125,1
2026-08-14 11:48:49,2.328125,1
2026-08-14 11:48:49,2.328125,1
2026-08-14 11:48:50,6.03125,1
2026-08-14 11:48:50,6.03125,1
2026-08-14 11:48:50,6.171875,1
2026-08-14 11:48:50,6.171875,1
2026-08-14 11:48:50,7.078125,1
2026-08-14 11:48:50,7.078125,1
2026-08-14 11:48:50,7.078125,1
2026-08-14 11:48:50,7.078125,1
2026-08-14 11:48:50,7.078125,1
2026-08-14 11:48:50,7.078125,1
2026-08-14 11:48:50,7.078125,1
2026-08-14 11:48:50,7.078125,1
2026-08-14 11:48:50,13.484375,1
2026-08-14 11:48:50,13.484375,1
2026-08-14 11:48:50,13.640625,1
2026-08-14 11:48:50,13.640625,1
2026-08-14 11:48:50,14.03125,1
2026-08-14 11:48:50,14.03125,1
2026-08-14 11:48:50,14.03125,1
2026-08-14 11:48:50,14.03125,1
2026-08-14 11:48:51,14.03125,1
2026-08-14 11:48:51,14.03125,1
2026-08-14 11:48:51,14.03125,1
2026-08-14 11:48:51,14.03125,1
2026-08-14 11:48:51,20.265625,1
2026-08-14 11:48:51,20.265625,1
2026-08-14 11:48:51,20.34375,1
2026-08-14 11:48:51,20.34375,1
2026-08-14 11:48:51,20.8125,1
2026-08-14 11:48:51,20.8125,1
2026-08-14 11:48:51,20.8125,1
2026-08-14 11:48:51,20.8125,1
2026-08-14 11:48:51,20.8125,1
2026-08-14 11:48:51,20.8125,1
2026-08-14 11:48:51,20.8125,1
2026-08-14 11:48:51,20.8125,1
2026-08-14 11:48:51,20.8125,1
2026-08-14 11:48:51,20.8125,1
2026-08-14 11:48:51,22.203125,1
2026-08-14 11:48:51,22.203125,1
2026-08-14 11:48:52,22.25,1
2026-08-14 11:48:52,22.25,1
2026-08-14 11:48:52,22.078125,1
2026-08-14 11:48:52,22.078125,1
2026-08-14 11:48:52,22.078125,1
2026-08-14 11:48:52,22.078125,1
2026-08-14 11:48:52,22.078125,1
2026-08-14 11:48:52,22.078125,1
2026-08-14 11:48:52,22.453125,1
2026-08-14 11:48:52,22.453125,1
2026-08-14 11:48:52,22.578125,1
2026-08-14 11:48:52,22.578125,1
2026-08-14 11:48:52,22.578125,1
2026-08-14 11:48:52,22.578125,1
2026-08-14 11:48:52,22.578125,1
2026-08-14 11:48:52,22.578125,1
2026-08-14 11:48:52,22.578125,1
2026-08-14 11:48:52,22.578125,1
2026-08-14 11:48:52,22.75,1
2026-08-14 11:48:52,22.75,1
2026-08-14 11:48:53,22.75,1
2026-08-14 11:48:53,22.75,1
2026-08-14 11:48:53,22.875,1
2026-08-14 11:48:53,22.875,1
2026-08-14 11:48:53,22.9375,1
2026-08-14 11:48:53,22.9375,1
2026-08-14 11:48:53,22.9375,1
2026-08-14 11:48:53,22.9375,1
2026-08-14 11:48:53,22.9375,1
2026-08-14 11:48:53,22.9375,1
2026-08-14 11:48:53,22.9375,1
2026-08-14 11:48:53,22.9375,1
2026-08-14 11:48:53,23.15625,1
2026-08-14 11:48:53,23.15625,1
2026-08-14 11:48:53,23.390625,1
2026-08-14 11:48:53,23.390625,1
2026-08-14 11:48:53,23.390625,1
2026-08-14 11:48:53,23.390625,1
2026-08-14 11:48:53,23.390625,1
2026-08-14 11:48:53,23.390625,1
2026-08-14 11:48:54,23.390625,1
2026-08-14 11:48:54,23.390625,1
2026-08-14 11:48:54,23.390625,1
2026-08-14 11:48:54,23.390625,1
2026-08-14 11:48:54,23.765625,1
2026-08-14 11:48:54,23.765625,1
2026-08-14 11:48:54,23.765625,1
2026-08-14 11:48:54,23.765625,1
2026-08-14 11:48:54,23.90625,1
2026-08-14 11:48:54,23.90625,1
2026-08-14 11:48:54,23.90625,1
2026-08-14 11:48:54,23.90625,1
2026-08-14 11:48:54,23.90625,1
2026-08-14 11:48:54,23.90625,1
2026-08-14 11:48:54,23.90625,1
2026-08-14 11:48:54,23.90625,1
2026-08-14 11:48:54,23.28125,1
2026-08-14 11:48:54,23.28125,1
2026-08-14 11:48:54,23.265625,1
2026-08-14 11:48:54,23.265625,1
2026-08-14 11:48:55,23.125,1
2026-08-14 11:48:55,23.125,1
2026-08-14 11:48:55,23.125,1
2026-08-14 11:48:55,23.125,1
2026-08-14 11:48:55,23.125,1
2026-08-14 11:48:55,23.125,1
2026-08-14 11:48:55,23.125,1
2026-08-14 11:48:55,23.125,1
2026-08-14 11:48:55,22.578125,1
2026-08-14 11:48:55,22.578125,1
2026-08-14 11:48:55,22.515625,1
2026-08-14 11:48:55,22.515625,1
2026-08-14 11:48:55,22.390625,1
2026-08-14 11:48:55,22.390625,1
2026-08-14 11:48:55,22.390625,1
2026-08-14 11:48:55,22.390625,1
2026-08-14 11:48:55,22.390625,1
2026-08-14 11:48:55,22.390625,1
2026-08-14 11:48:55,22.390625,1
2026-08-14 11:48:55,22.390625,1
2026-08-14 11:48:56,22.140625,1
2026-08-14 11:48:56,22.140625,1
2026-08-14 11:48:56,22.078125,1
2026-08-14 11:48:56,22.078125,1
2026-08-14 11:48:56,22.078125,1
2026-08-14 11:48:56,22.078125,1
2026-08-14 11:48:56,22.078125,1
2026-08-14 11:48:56,22.078125,1
2026-08-14 11:48:56,22.078125,1
2026-08-14 11:48:56,22.078125,1
2026-08-14 11:48:56,22.53125,1
2026-08-14 11:48:56,22.53125,1
2026-08-14 11:48:56,22.671875,1
2026-08-14 11:48:56,22.671875,1
2026-08-14 11:48:56,22.671875,1
2026-08-14 11:48:56,22.671875,1
2026-08-14 11:48:56,22.671875,1
2026-08-14 11:48:56,22.671875,1
2026-08-14 11:48:56,22.671875,1
2026-08-14 11:48:56,22.671875,1
2026-08-14 11:48:57,23.03125,1
2026-08-14 11:48:57,23.03125,1
2026-08-14 11:48:57,22.984375,1
2026-08-14 11:48:57,22.984375,1
2026-08-14 11:48:57,22.96875,1
2026-08-14 11:48:57,22.96875,1
2026-08-14 11:48:57,22.984375,1
2026-08-14 11:48:57,22.984375,1
2026-08-14 11:48:57,22.984375,1
2026-08-14 11:48:57,22.984375,1
2026-08-14 11:48:57,22.984375,1
2026-08-14 11:48:57,22.984375,1
2026-08-14 11:48:57,22.984375,1
2026-08-14 11:48:57,22.984375,1
2026-08-14 11:48:57,22.3125,1
2026-08-14 11:48:57,22.3125,1
2026-08-14 11:48:57,22.28125,1
2026-08-14 11:48:57,22.28125,1
2026-08-14 11:48:57,22.234375,1
2026-08-14 11:48:57,22.234375,1
2026-08-14 11:48:58,22.171875,1
2026-08-14 11:48:58,22.171875,1
2026-08-14 11:48:58,22.171875,1
2026-08-14 11:48:58,22.171875,1
2026-08-14 11:48:58,22.171875,1
2026-08-14 11:48:58,22.171875,1
2026-08-14 11:48:58,22.171875,1
2026-08-14 11:48:58,22.171875,1
2026-08-14 11:48:58,21.859375,1
2026-08-14 11:48:58,21.859375,1
2026-08-14 11:48:58,21.78125,1
2026-08-14 11:48:58,21.78125,1
2026-08-14 11:48:58,21.90625,1
2026-08-14 11:48:58,21.90625,1
2026-08-14 11:48:58,21.90625,1
2026-08-14 11:48:58,21.90625,1
2026-08-14 11:48:58,21.90625,1
2026-08-14 11:48:58,21.90625,1
2026-08-14 11:48:58,21.90625,1
2026-08-14 11:48:58,21.90625,1
2026-08-14 11:48:59,21.859375,1
2026-08-14 11:48:59,21.859375,1
2026-08-14 11:48:59,21.90625,1
2026-08-14 11:48:59,21.90625,1
2026-08-14 11:48:59,21.90625,1
2026-08-14 11:48:59,21.90625,1
2026-08-14 11:48:59,21.90625,1
2026-08-14 11:48:59,21.90625,1
2026-08-14 11:48:59,21.90625,1
2026-08-14 11:48:59,21.90625,1
2026-08-14 11:48:59,21.90625,1
2026-08-14 11:48:59,21.90625,1
2026-08-14 11:48:59,22.03125,1
2026-08-14 11:48:59,22.03125,1
2026-08-14 11:48:59,21.90625,1
2026-08-14 11:48:59,21.90625,1
2026-08-14 11:48:59,21.90625,1
2026-08-14 11:48:59,21.90625,1
2026-08-14 11:48:59,21.90625,1
2026-08-14 11:48:59,21.90625,1
2026-08-14 11:49:00,21.90625,1
2026-08-14 11:49:00,21.90625,1
2026-08-14 11:49:00,20.953125,1
2026-08-14 11:49:00,20.953125,1
2026-08-14 11:49:00,20.921875,1
2026-08-14 11:49:00,20.921875,1
2026-08-14 11:49:00,20.921875,1
2026-08-14 11:49:00,20.921875,1
2026-08-14 11:49:00,20.921875,1
2026-08-14 11:49:00,20.921875,1
2026-08-14 11:49:00,20.921875,1
2026-08-14 11:49:00,20.921875,1
2026-08-14 11:49:00,21.34375,1
2026-08-14 11:49:00,21.34375,1
2026-08-14 11:49:00,21.515625,1
2026-08-14 11:49:00,21.515625,1
2026-08-14 11:49:00,21.515625,1
2026-08-14 11:49:00,21.515625,1
2026-08-14 11:49:00,21.515625,1
2026-08-14 11:49:00,21.515625,1
2026-08-14 11:49:01,21.515625,1
2026-08-14 11:49:01,21.515625,1
2026-08-14 11:49:01,20.59375,1
2026-08-14 11:49:01,20.59375,1
2026-08-14 11:49:01,20.53125,1
2026-08-14 11:49:01,20.53125,1
2026-08-14 11:49:01,20.515625,1
2026-08-14 11:49:01,20.515625,1
2026-08-14 11:49:01,20.515625,1
2026-08-14 11:49:01,20.515625,1
2026-08-14 11:49:01,20.515625,1
2026-08-14 11:49:01,20.515625,1
2026-08-14 11:49:01,18.953125,1
2026-08-14 11:49:01,18.953125,1
2026-08-14 11:49:01,19.125,1
2026-08-14 11:49:01,19.125,1
2026-08-14 11:49:01,19.25,1
2026-08-14 11:49:01,19.25,1
2026-08-14 11:49:01,19.25,1
2026-08-14 11:49:01,19.25,1
2026-08-14 11:49:02,19.25,1
2026-08-14 11:49:02,19.25,1
2026-08-14 11:49:02,18.546875,1
2026-08-14 11:49:02,18.546875,1
2026-08-14 11:49:02,18.125,1
2026-08-14 11:49:02,18.125,1
2026-08-14 11:49:02,18.125,1
2026-08-14 11:49:02,18.125,1
2026-08-14 11:49:02,18.125,1
2026-08-14 11:49:02,18.125,1
2026-08-14 11:49:02,18.125,1
2026-08-14 11:49:02,18.125,1
2026-08-14 11:49:02,17.65625,1
2026-08-14 11:49:02,17.65625,1
2026-08-14 11:49:02,17.53125,1
2026-08-14 11:49:02,17.53125,1
2026-08-14 11:49:02,17.53125,1
2026-08-14 11:49:02,17.53125,1
2026-08-14 11:49:02,17.53125,1
2026-08-14 11:49:02,17.53125,1
2026-08-14 11:49:03,17.53125,1
2026-08-14 11:49:03,17.53125,1
2026-08-14 11:49:03,16.8125,1
2026-08-14 11:49:03,16.8125,1
2026-08-14 11:49:03,16.796875,1
2026-08-14 11:49:03,16.796875,1
2026-08-14 11:49:03,16.8125,1
2026-08-14 11:49:03,16.8125,1
2026-08-14 11:49:03,16.796875,1
2026-08-14 11:49:03,16.796875,1
2026-08-14 11:49:03,16.796875,1
2026-08-14 11:49:03,16.796875,1
2026-08-14 11:49:03,16.796875,1
2026-08-14 11:49:03,16.796875,1
2026-08-14 11:49:03,15.890625,1
2026-08-14 11:49:03,15.890625,1
2026-08-14 11:49:03,15.875,1
2026-08-14 11:49:03,15.875,1
2026-08-14 11:49:03,15.8125,1
2026-08-14 11:49:03,15.8125,1
2026-08-14 11:49:04,15.8125,1
2026-08-14 11:49:04,15.8125,1
2026-08-14 11:49:04,15.8125,1
2026-08-14 11:49:04,15.8125,1
2026-08-14 11:49:04,15.8125,1
2026-08-14 11:49:04,15.8125,1
2026-08-14 11:49:04,15.15625,1
2026-08-14 11:49:04,15.15625,1
2026-08-14 11:49:04,15.109375,1
2026-08-14 11:49:04,15.109375,1
2026-08-14 11:49:04,15.03125,1
2026-08-14 11:49:04,15.03125,1
2026-08-14 11:49:04,15.03125,1
2026-08-14 11:49:04,15.03125,1
2026-08-14 11:49:04,15.03125,1
2026-08-14 11:49:04,15.03125,1
2026-08-14 11:49:04,15.03125,1
2026-08-14 11:49:04,15.03125,1
2026-08-14 11:49:04,13.71875,1
2026-08-14 11:49:04,13.71875,1
2026-08-14 11:49:05,13.71875,1
2026-08-14 11:49:05,13.71875,1
2026-08-14 11:49:05,13.9375,1
2026-08-14 11:49:05,13.9375,1
2026-08-14 11:49:05,13.9375,1
2026-08-14 11:49:05,13.9375,1
2026-08-14 11:49:05,13.9375,1
2026-08-14 11:49:05,13.9375,1
2026-08-14 11:49:05,13.9375,1
2026-08-14 11:49:05,13.9375,1
2026-08-14 11:49:05,13.9375,1
2026-08-14 11:49:05,13.9375,1
2026-08-14 11:49:05,14.5625,1
2026-08-14 11:49:05,14.5625,1
2026-08-14 11:49:05,14.5,1
2026-08-14 11:49:05,14.5,1
2026-08-14 11:49:05,14.5,1
2026-08-14 11:49:05,14.5,1
2026-08-14 11:49:05,14.5,1
2026-08-14 11:49:05,14.5,1
2026-08-14 11:49:06,14.5,1
2026-08-14 11:49:06,14.5,1
2026-08-14 11:49:06,14.5,1
2026-08-14 11:49:06,14.5,1
2026-08-14 11:49:06,14.84375,1
2026-08-14 11:49:06,14.84375,1
2026-08-14 11:49:06,14.8125,1
2026-08-14 11:49:06,14.8125,1
2026-08-14 11:49:06,14.8125,1
2026-08-14 11:49:06,14.8125,1
2026-08-14 11:49:06,14.8125,1
2026-08-14 11:49:06,14.8125,1
2026-08-14 11:49:06,14.8125,1
2026-08-14 11:49:06,14.8125,1
2026-08-14 11:49:06,14.8125,1
2026-08-14 11:49:06,14.8125,1
2026-08-14 11:49:06,18.4375,1
2026-08-14 11:49:06,18.4375,1
2026-08-14 11:49:06,18.46875,1
2026-08-14 11:49:06,18.46875,1
2026-08-14 11:49:07,18.46875,1
2026-08-14 11:49:07,18.46875,1
2026-08-14 11:49:07,18.46875,1
2026-08-14 11:49:07,18.46875,1
2026-08-14 11:49:07,22.359375,1
2026-08-14 11:49:07,22.359375,1
2026-08-14 11:49:07,22.359375,1
2026-08-14 11:49:07,22.359375,1
2026-08-14 11:49:07,22.328125,1
2026-08-14 11:49:07,22.328125,1
2026-08-14 11:49:07,22.5,1
2026-08-14 11:49:07,22.5,1
2026-08-14 11:49:07,22.5,1
2026-08-14 11:49:07,22.5,1
2026-08-14 11:49:07,22.5,1
2026-08-14 11:49:07,22.5,1
2026-08-14 11:49:07,23.09375,1
2026-08-14 11:49:07,23.09375,1
2026-08-14 11:49:07,23.09375,1
2026-08-14 11:49:07,23.09375,1
2026-08-14 11:49:08,23.0625,1
2026-08-14 11:49:08,23.0625,1
2026-08-14 11:49:08,23.03125,1
2026-08-14 11:49:08,23.03125,1
2026-08-14 11:49:08,23.03125,1
2026-08-14 11:49:08,23.03125,1
2026-08-14 11:49:08,23.03125,1
2026-08-14 11:49:08,23.03125,1
2026-08-14 11:49:08,22.171875,1
2026-08-14 11:49:08,22.171875,1
2026-08-14 11:49:08,22.171875,1
2026-08-14 11:49:08,22.171875,1
2026-08-14 11:49:08,21.921875,1
2026-08-14 11:49:08,21.921875,1
2026-08-14 11:49:08,21.90625,1
2026-08-14 11:49:08,21.90625,1
2026-08-14 11:49:08,21.90625,1
2026-08-14 11:49:08,21.90625,1
2026-08-14 11:49:08,21.90625,1
2026-08-14 11:49:08,21.90625,1
2026-08-14 11:49:09,21.90625,1
2026-08-14 11:49:09,21.90625,1
2026-08-14 11:49:09,20.5625,1
2026-08-14 11:49:09,20.5625,1
2026-08-14 11:49:09,20.671875,1
2026-08-14 11:49:09,20.671875,1
2026-08-14 11:49:09,20.78125,1
2026-08-14 11:49:09,20.78125,1
2026-08-14 11:49:09,20.78125,1
2026-08-14 11:49:09,20.78125,1
2026-08-14 11:49:09,20.78125,1
2026-08-14 11:49:09,20.78125,1
2026-08-14 11:49:09,20.78125,1
2026-08-14 11:49:09,20.78125,1
2026-08-14 11:49:09,20.28125,1
2026-08-14 11:49:09,20.28125,1
2026-08-14 11:49:09,20.140625,1
2026-08-14 11:49:09,20.140625,1
2026-08-14 11:49:09,20.0625,1
2026-08-14 11:49:09,20.0625,1
2026-08-14 11:49:10,20.0625,1
2026-08-14 11:49:10,20.0625,1
2026-08-14 11:49:10,20.0625,1
2026-08-14 11:49:10,20.0625,1
2026-08-14 11:49:10,20.28125,1
2026-08-14 11:49:10,20.28125,1
2026-08-14 11:49:10,20.21875,1
2026-08-14 11:49:10,20.21875,1
2026-08-14 11:49:10,20.21875,1
2026-08-14 11:49:10,20.21875,1
2026-08-14 11:49:10,20.21875,1
2026-08-14 11:49:10,20.21875,1
2026-08-14 11:49:10,20.21875,1
2026-08-14 11:49:10,20.21875,1
2026-08-14 11:49:10,20.21875,1
2026-08-14 11:49:10,20.21875,1
2026-08-14 11:49:10,19.546875,1
2026-08-14 11:49:10,19.546875,1
2026-08-14 11:49:10,19.734375,1
2026-08-14 11:49:10,19.734375,1
2026-08-14 11:49:11,19.734375,1
2026-08-14 11:49:11,19.734375,1
2026-08-14 11:49:11,19.734375,1
2026-08-14 11:49:11,19.734375,1
2026-08-14 11:49:11,19.5625,1
2026-08-14 11:49:11,19.5625,1
2026-08-14 11:49:11,19.5625,1
2026-08-14 11:49:11,19.5625,1
2026-08-14 11:49:11,19.734375,1
2026-08-14 11:49:11,19.734375,1
2026-08-14 11:49:11,19.734375,1
2026-08-14 11:49:11,19.734375,1
2026-08-14 11:49:11,19.734375,1
2026-08-14 11:49:11,19.734375,1
2026-08-14 11:49:11,19.734375,1
2026-08-14 11:49:11,19.734375,1
2026-08-14 11:49:11,19.359375,1
2026-08-14 11:49:11,19.359375,1
2026-08-14 11:49:11,19.359375,1
2026-08-14 11:49:11,19.359375,1
2026-08-14 11:49:12,19.578125,1
2026-08-14 11:49:12,19.578125,1
2026-08-14 11:49:12,19.578125,1
2026-08-14 11:49:12,19.578125,1
2026-08-14 11:49:12,19.578125,1
2026-08-14 11:49:12,19.578125,1
2026-08-14 11:49:12,19.578125,1
2026-08-14 11:49:12,19.578125,1
2026-08-14 11:49:12,19.578125,1
2026-08-14 11:49:12,19.578125,1
2026-08-14 11:49:12,19.6875,1
2026-08-14 11:49:12,19.6875,1
2026-08-14 11:49:12,19.796875,1
2026-08-14 11:49:12,19.796875,1
2026-08-14 11:49:12,19.796875,1
2026-08-14 11:49:12,19.796875,1
2026-08-14 11:49:12,19.796875,1
2026-08-14 11:49:12,19.796875,1
2026-08-14 11:49:12,19.796875,1
2026-08-14 11:49:12,19.796875,1
2026-08-14 11:49:13,19.625,1
2026-08-14 11:49:13,19.625,1
2026-08-14 11:49:13,19.765625,1
2026-08-14 11:49:13,19.765625,1
2026-08-14 11:49:13,19.625,1
2026-08-14 11:49:13,19.625,1
2026-08-14 11:49:13,19.625,1
2026-08-14 11:49:13,19.625,1
2026-08-14 11:49:13,19.625,1
2026-08-14 11:49:13,19.625,1
2026-08-14 11:49:13,19.625,1
2026-08-14 11:49:13,19.625,1
2026-08-14 11:49:13,19.625,1
2026-08-14 11:49:13,19.625,1
2026-08-14 11:49:13,19.6875,1
2026-08-14 11:49:13,19.6875,1
2026-08-14 11:49:13,19.578125,1
2026-08-14 11:49:13,19.578125,1
2026-08-14 11:49:13,19.578125,1
2026-08-14 11:49:13,19.578125,1
2026-08-14 11:49:14,19.578125,1
2026-08-14 11:49:14,19.578125,1
2026-08-14 11:49:14,19.578125,1
2026-08-14 11:49:14,19.578125,1
2026-08-14 11:49:14,19.578125,1
2026-08-14 11:49:14,19.578125,1
2026-08-14 11:49:14,19.328125,1
2026-08-14 11:49:14,19.328125,1
2026-08-14 11:49:14,19.34375,1
2026-08-14 11:49:14,19.34375,1
2026-08-14 11:49:14,19.34375,1
2026-08-14 11:49:14,19.34375,1
2026-08-14 11:49:14,19.34375,1
2026-08-14 11:49:14,19.34375,1
2026-08-14 11:49:14,19.34375,1
2026-08-14 11:49:14,19.34375,1
2026-08-14 11:49:14,19.34375,1
2026-08-14 11:49:14,19.34375,1
2026-08-14 11:49:14,19.234375,1
2026-08-14 11:49:14,19.234375,1
2026-08-14 11:49:15,19.28125,1
2026-08-14 11:49:15,19.28125,1
2026-08-14 11:49:15,19.28125,1
2026-08-14 11:49:15,19.28125,1
2026-08-14 11:49:15,19.328125,1
2026-08-14 11:49:15,19.328125,1
2026-08-14 11:49:15,19.328125,1
2026-08-14 11:49:15,19.328125,1
2026-08-14 11:49:15,19.328125,1
2026-08-14 11:49:15,19.328125,1
2026-08-14 11:49:15,19.328125,1
2026-08-14 11:49:15,19.328125,1
2026-08-14 11:49:15,19.34375,1
2026-08-14 11:49:15,19.34375,1
2026-08-14 11:49:15,19.34375,1
2026-08-14 11:49:15,19.34375,1
2026-08-14 11:49:15,19.34375,1
2026-08-14 11:49:15,19.34375,1
2026-08-14 11:49:15,19.34375,1
2026-08-14 11:49:15,19.34375,1
2026-08-14 11:49:16,19.921875,1
2026-08-14 11:49:16,19.921875,1
2026-08-14 11:49:16,19.8125,1
2026-08-14 11:49:16,19.8125,1
2026-08-14 11:49:16,19.8125,1
2026-08-14 11:49:16,19.8125,1
2026-08-14 11:49:16,19.8125,1
2026-08-14 11:49:16,19.8125,1
2026-08-14 11:49:16,19.8125,1
2026-08-14 11:49:16,19.8125,1
2026-08-14 11:49:16,19.78125,1
2026-08-14 11:49:16,19.78125,1
2026-08-14 11:49:16,19.828125,1
2026-08-14 11:49:16,19.828125,1
2026-08-14 11:49:16,19.828125,1
2026-08-14 11:49:16,19.828125,1
2026-08-14 11:49:16,19.796875,1
2026-08-14 11:49:16,19.796875,1
2026-08-14 11:49:16,19.796875,1
2026-08-14 11:49:16,19.796875,1
2026-08-14 11:49:17,19.796875,1
2026-08-14 11:49:17,19.796875,1
2026-08-14 11:49:17,19.796875,1
2026-08-14 11:49:17,19.796875,1
2026-08-14 11:49:17,19.796875,1
2026-08-14 11:49:17,19.796875,1
2026-08-14 11:49:17,19.4375,1
2026-08-14 11:49:17,19.4375,1
2026-08-14 11:49:17,19.390625,1
2026-08-14 11:49:17,19.390625,1
2026-08-14 11:49:17,19.40625,1
2026-08-14 11:49:17,19.40625,1
2026-08-14 11:49:17,19.40625,1
2026-08-14 11:49:17,19.40625,1
2026-08-14 11:49:17,19.40625,1
2026-08-14 11:49:17,19.40625,1
2026-08-14 11:49:17,19.40625,1
2026-08-14 11:49:17,19.40625,1
2026-08-14 11:49:17,19.234375,1
2026-08-14 11:49:17,19.234375,1
2026-08-14 11:49:18,19.21875,1
2026-08-14 11:49:18,19.21875,1
2026-08-14 11:49:18,19.21875,1
2026-08-14 11:49:18,19.21875,1
2026-08-14 11:49:18,19.21875,1
2026-08-14 11:49:18,19.21875,1
2026-08-14 11:49:18,19.21875,1
2026-08-14 11:49:18,19.21875,1
2026-08-14 11:49:18,19.21875,1
2026-08-14 11:49:18,19.21875,1
2026-08-14 11:49:18,19.15625,1
2026-08-14 11:49:18,19.15625,1
2026-08-14 11:49:18,19.15625,1
2026-08-14 11:49:18,19.15625,1
2026-08-14 11:49:18,19.15625,1
2026-08-14 11:49:18,19.15625,1
2026-08-14 11:49:18,19.1875,1
2026-08-14 11:49:18,19.1875,1
2026-08-14 11:49:18,19.1875,1
2026-08-14 11:49:18,19.1875,1
2026-08-14 11:49:19,19.1875,1
2026-08-14 11:49:19,19.1875,1
2026-08-14 11:49:19,19.1875,1
2026-08-14 11:49:19,19.1875,1
2026-08-14 11:49:19,19.1875,1
2026-08-14 11:49:19,19.1875,1
2026-08-14 11:49:19,18.15625,1
2026-08-14 11:49:19,18.15625,1
2026-08-14 11:49:19,17.96875,1
2026-08-14 11:49:19,17.96875,1
2026-08-14 11:49:19,17.96875,1
2026-08-14 11:49:19,17.96875,1
2026-08-14 11:49:19,17.96875,1
2026-08-14 11:49:19,17.96875,1
2026-08-14 11:49:19,17.96875,1
2026-08-14 11:49:19,17.96875,1
2026-08-14 11:49:19,15.5,1
2026-08-14 11:49:19,15.5,1
2026-08-14 11:49:19,15.421875,1
2026-08-14 11:49:19,15.421875,1
2026-08-14 11:49:20,15.421875,1
2026-08-14 11:49:20,15.421875,1
2026-08-14 11:49:20,15.421875,1
2026-08-14 11:49:20,15.421875,1
2026-08-14 11:49:20,15.421875,1
2026-08-14 11:49:20,15.421875,1
2026-08-14 11:49:20,14.171875,1
2026-08-14 11:49:20,14.171875,1
2026-08-14 11:49:20,14.0625,1
2026-08-14 11:49:20,14.0625,1
2026-08-14 11:49:20,14.0625,1
2026-08-14 11:49:20,14.0625,1
2026-08-14 11:49:20,14.0625,1
2026-08-14 11:49:20,14.0625,1
2026-08-14 11:49:20,14.0625,1
2026-08-14 11:49:20,14.0625,1
2026-08-14 11:49:20,11.59375,1
2026-08-14 11:49:20,11.59375,1
2026-08-14 11:49:20,11.640625,1
2026-08-14 11:49:20,11.640625,1
2026-08-14 11:49:21,11.65625,1
2026-08-14 11:49:21,11.65625,1
2026-08-14 11:49:21,11.65625,1
2026-08-14 11:49:21,11.65625,1
2026-08-14 11:49:21,11.65625,1
2026-08-14 11:49:21,11.65625,1
2026-08-14 11:49:21,11.65625,1
2026-08-14 11:49:21,11.65625,1
2026-08-14 11:49:21,7.75,1
2026-08-14 11:49:21,7.75,1
2026-08-14 11:49:21,7.515625,1
2026-08-14 11:49:21,7.515625,1
2026-08-14 11:49:21,7.4375,1
2026-08-14 11:49:21,7.4375,1
2026-08-14 11:49:21,7.4375,1
2026-08-14 11:49:21,7.4375,1
2026-08-14 11:49:21,7.4375,1
2026-08-14 11:49:21,7.4375,1
2026-08-14 11:49:21,7.4375,1
2026-08-14 11:49:21,7.4375,1
2026-08-14 11:49:22,4.265625,1
2026-08-14 11:49:22,4.265625,1
2026-08-14 11:49:22,4.3125,1
2026-08-14 11:49:22,4.3125,1
2026-08-14 11:49:22,4.3125,1
2026-08-14 11:49:22,4.3125,1
2026-08-14 11:49:22,4.3125,1
2026-08-14 11:49:22,4.3125,1
2026-08-14 11:49:22,4.3125,1
2026-08-14 11:49:22,4.3125,1
2026-08-14 11:49:22,4.3125,1
2026-08-14 11:49:22,4.3125,1
2026-08-14 11:49:22,2.484375,1
2026-08-14 11:49:22,2.484375,1
2026-08-14 11:49:22,2.5,1
2026-08-14 11:49:22,2.5,1
2026-08-14 11:49:22,2.5,1
2026-08-14 11:49:22,2.5,1
2026-08-14 11:49:22,2.5,1
2026-08-14 11:49:22,2.5,1
2026-08-14 11:49:23,2.5,1
2026-08-14 11:49:23,2.5,1
2026-08-14 11:49:23,0.734375,1
2026-08-14 11:49:23,0.734375,1
2026-08-14 11:49:23,0.734375,1
2026-08-14 11:49:23,0.734375,1
2026-08-14 11:49:23,0.734375,1
2026-08-14 11:49:23,0.734375,1
2026-08-14 11:49:23,0.734375,1
2026-08-14 11:49:23,0.734375,1
2026-08-14 11:49:23,0.734375,1
2026-08-14 11:49:23,0.734375,1
2026-08-14 11:49:23,0.0,1
2026-08-14 11:49:23,0.0,1
2026-08-14 11:49:23,0.0,1
2026-08-14 11:49:23,0.0,1
2026-08-14 11:49:23,0.0,1
2026-08-14 11:49:23,0.0,1
2026-08-14 11:49:23,0.0,1
2026-08-14 11:49:23,0.0,1
2026-08-14 11:49:24,0.0,1
2026-08-14 11:49:24,0.0,1
2026-08-14 11:49:24,0.0,1
2026-08-14 11:49:24,0.0,1
2026-08-14 11:49:24,0.0,1
2026-08-14 11:49:24,0.0,1
2026-08-14 11:49:24,0.0,1
2026-08-14 11:49:24,0.0,1
2026-08-14 11:49:24,0.0,1
2026-08-14 11:49:24,0.0,1
2026-08-14 11:49:24,0.0,1
2026-08-14 11:49:24,0.0,1
2026-08-14 11:49:24,0.0,1
2026-08-14 11:49:24,0.0,1
2026-08-14 11:49:24,0.0,1
2026-08-14 11:49:24,0.0,1
2026-08-14 11:49:24,0.0,1
2026-08-14 11:49:24,0.0,1
2026-08-14 11:49:24,0.0,1
2026-08-14 11:49:24,0.0,1
2026-08-14 11:49:25,0.0,1
2026-08-14 11:49:25,0.0,1
2026-08-14 11:49:25,0.0,1
2026-08-14 11:49:25,0.0,1
2026-08-14 11:49:25,0.0,1
2026-08-14 11:49:25,0.0,1
2026-08-14 11:49:25,0.0,1
2026-08-14 11:49:25,0.0,1
2026-08-14 11:49:25,0.0,1
2026-08-14 11:49:25,0.0,1
2026-08-14 11:49:25,0.0,1
2026-08-14 11:49:25,0.0,1
2026-08-14 11:49:25,0.0,1
2026-08-14 11:49:25,0.0,1
2026-08-14 11:49:25,0.0,1
2026-08-14 11:49:25,0.0,1
2026-08-14 11:49:25,0.0,1
2026-08-14 11:49:25,0.0,1
2026-08-14 11:49:25,0.0,1
2026-08-14 11:49:25,0.0,1
2026-08-14 11:49:26,0.0,1
2026-08-14 11:49:26,0.0,1
2026-08-14 11:49:26,0.0,1
2026-08-14 11:49:26,0.0,1
2026-08-14 11:49:26,0.0,1
2026-08-14 11:49:26,0.0,1
2026-08-14 11:49:26,0.0,1
2026-08-14 11:49:26,0.0,1
2026-08-14 11:49:26,0.0,1
2026-08-14 11:49:26,0.0,1
2026-08-14 11:49:26,0.0,1
2026-08-14 11:49:26,0.0,1
2026-08-14 11:49:26,0.0,1
2026-08-14 11:49:26,0.0,1
2026-08-14 11:49:26,0.0,1
2026-08-14 11:49:26,0.0,1
2026-08-14 11:49:26,0.0,1
2026-08-14 11:49:26,0.0,1
2026-08-14 11:49:26,0.0,1
2026-08-14 11:49:26,0.0,1
2026-08-14 11:49:27,0.0,1
2026-08-14 11:49:27,0.0,1
2026-08-14 11:49:27,0.0,1
2026-08-14 11:49:27,0.0,1
2026-08-14 11:49:27,0.0,1
2026-08-14 11:49:27,0.0,1
2026-08-14 11:49:27,0.0,1
2026-08-14 11:49:27,0.0,1
2026-08-14 11:49:27,0.0,1
2026-08-14 11:49:27,0.0,1
2026-08-14 11:49:27,0.0,1
2026-08-14 11:49:27,0.0,1
2026-08-14 11:49:27,0.0,1
2026-08-14 11:49:27,0.0,1
2026-08-14 11:49:27,0.0,1
2026-08-14 11:49:27,0.0,1
2026-08-14 11:49:27,0.0,1
2026-08-14 11:49:27,0.0,1
2026-08-14 11:49:27,0.0,1
2026-08-14 11:49:27,0.0,1
2026-08-14 11:49:28,0.0,1
2026-08-14 11:49:28,0.0,1
2026-08-14 11:49:28,0.0,1
2026-08-14 11:49:28,0.0,1
2026-08-14 11:49:28,0.0,1
2026-08-14 11:49:28,0.0,1
2026-08-14 11:49:28,0.0,1
2026-08-14 11:49:28,0.0,1
2026-08-14 11:49:28,0.0,1
2026-08-14 11:49:28,0.0,1
2026-08-14 11:49:28,0.0,1
2026-08-14 11:49:28,0.0,1
2026-08-14 11:49:28,0.0,1
2026-08-14 11:49:28,0.0,1
2026-08-14 11:49:28,0.0,1
2026-08-14 11:49:28,0.0,1
2026-08-14 11:49:28,0.0,1
2026-08-14 11:49:28,0.0,1
2026-08-14 11:49:28,0.0,1
2026-08-14 11:49:28,0.0,1
2026-08-14 11:49:29,0.0,1
2026-08-14 11:49:29,0.0,1
2026-08-14 11:49:29,0.0,1
2026-08-14 11:49:29,0.0,1
2026-08-14 11:49:29,0.0,1
2026-08-14 11:49:29,0.0,1
2026-08-14 11:49:29,0.0,1
2026-08-14 11:49:29,0.0,1
2026-08-14 11:49:29,0.0,1
2026-08-14 11:49:29,0.0,1
2026-08-14 11:49:29,0.0,1
2026-08-14 11:49:29,0.0,1
2026-08-14 11:49:29,0.0,1
2026-08-14 11:49:29,0.0,1
2026-08-14 11:49:29,0.0,1
2026-08-14 11:49:29,0.0,1
2026-08-14 11:49:29,0.0,1
2026-08-14 11:49:29,0.0,1
2026-08-14 11:49:29,0.0,1
2026-08-14 11:49:29,0.0,1
2026-08-14 11:49:30,0.0,1
2026-08-14 11:49:30,0.0,1
2026-08-14 11:49:30,0.0,1
2026-08-14 11:49:30,0.0,1
2026-08-14 11:49:30,0.0,1
2026-08-14 11:49:30,0.0,1
2026-08-14 11:49:30,0.0,1
2026-08-14 11:49:30,0.0,1
2026-08-14 11:49:30,0.0,1
2026-08-14 11:49:30,0.0,1
2026-08-14 11:49:30,0.0,1
2026-08-14 11:49:30,0.0,1
2026-08-14 11:49:30,0.0,1
2026-08-14 11:49:30,0.0,1
2026-08-14 11:49:30,0.0,1
2026-08-14 11:49:30,0.0,1
2026-08-14 11:49:30,0.0,1
2026-08-14 11:49:30,0.0,1
2026-08-14 11:49:30,0.0,1
2026-08-14 11:49:30,0.0,1
2026-08-14 11:49:31,0.0,1
2026-08-14 11:49:31,0.0,1
2026-08-14 11:49:31,0.0,1
2026-08-14 11:49:31,0.0,1
2026-08-14 11:49:31,0.0,1
2026-08-14 11:49:31,0.0,1
2026-08-14 11:49:31,0.0,1
2026-08-14 11:49:31,0.0,1
2026-08-14 11:49:31,0.0,1
2026-08-14 11:49:31,0.0,1
2026-08-14 11:49:31,0.0,1
2026-08-14 11:49:31,0.0,1
2026-08-14 11:49:31,0.0,1
2026-08-14 11:49:31,0.0,1
2026-08-14 11:49:31,0.0,1
2026-08-14 11:49:31,0.0,1
2026-08-14 11:49:31,0.0,1
2026-08-14 11:49:31,0.0,1
2026-08-14 11:49:31,0.0,1
2026-08-14 11:49:31,0.0,1
2026-08-14 11:49:32,0.0,1
2026-08-14 11:49:32,0.0,1
2026-08-14 11:49:32,0.0,1
2026-08-14 11:49:32,0.0,1
2026-08-14 11:49:32,0.0,1
2026-08-14 11:49:32,0.0,1
2026-08-14 11:49:32,0.0,1
2026-08-14 11:49:32,0.0,1
2026-08-14 11:49:32,0.0,1
2026-08-14 11:49:32,0.0,1
2026-08-14 11:49:32,0.0,1
2026-08-14 11:49:32,0.0,1
2026-08-14 11:49:32,0.0,1
2026-08-14 11:49:32,0.0,1
2026-08-14 11:49:32,0.0,1
2026-08-14 11:49:32,0.0,1
2026-08-14 11:49:32,0.0,1
2026-08-14 11:49:32,0.0,1
2026-08-14 11:49:32,0.0,1
2026-08-14 11:49:32,0.0,1
2026-08-14 11:49:33,0.0,1
2026-08-14 11:49:33,0.0,1
2026-08-14 11:49:33,0.0,1
2026-08-14 11:49:33,0.0,1
2026-08-14 11:49:33,0.0,1
2026-08-14 11:49:33,0.0,1
2026-08-14 11:49:33,0.0,1
2026-08-14 11:49:33,0.0,1
2026-08-14 11:49:33,0.0,1
2026-08-14 11:49:33,0.0,1
2026-08-14 11:49:33,0.0,1
2026-08-14 11:49:33,0.0,1
2026-08-14 11:49:33,0.0,1
2026-08-14 11:49:33,0.0,1
2026-08-14 11:49:33,0.0,1
2026-08-14 11:49:33,0.0,1
2026-08-14 11:49:33,0.0,1
2026-08-14 11:49:33,0.0,1
2026-08-14 11:49:33,0.0,1
2026-08-14 11:49:33,0.0,1
2026-08-14 11:49:34,0.0,1
2026-08-14 11:49:34,0.0,1
2026-08-14 11:49:34,0.0,1
2026-08-14 11:49:34,0.0,1
2026-08-14 11:49:34,0.0,1
2026-08-14 11:49:34,0.0,1
2026-08-14 11:49:34,0.0,1
2026-08-14 11:49:34,0.0,1
2026-08-14 11:49:34,0.0,1
2026-08-14 11:49:34,0.0,1
2026-08-14 11:49:34,0.0,1
2026-08-14 11:49:34,0.0,1
2026-08-14 11:49:34,0.0,1
2026-08-14 11:49:34,0.0,1
2026-08-14 11:49:34,0.0,1
2026-08-14 11:49:34,0.0,1
2026-08-14 11:49:34,0.0,1
2026-08-14 11:49:34,0.0,1
2026-08-14 11:49:34,0.0,1
2026-08-14 11:49:34,0.0,1
2026-08-14 11:49:35,0.0,1
2026-08-14 11:49:35,0.0,1
2026-08-14 11:49:35,0.0,1
2026-08-14 11:49:35,0.0,1
2026-08-14 11:49:35,0.0,1
2026-08-14 11:49:35,0.0,1
2026-08-14 11:49:35,0.0,1
2026-08-14 11:49:35,0.0,1
2026-08-14 11:49:35,0.0,1
2026-08-14 11:49:35,0.0,1
2026-08-14 11:49:35,0.0,1
2026-08-14 11:49:35,0.0,1
2026-08-14 11:49:35,0.0,1
2026-08-14 11:49:35,0.0,1
2026-08-14 11:49:35,0.0,1
2026-08-14 11:49:35,0.0,1
2026-08-14 11:49:35,0.0,1
2026-08-14 11:49:35,0.0,1
2026-08-14 11:49:35,0.0,1
2026-08-14 11:49:35,0.0,1
2026-08-14 11:49:36,0.0,1
2026-08-14 11:49:36,0.0,1
2026-08-14 11:49:36,0.0,1
2026-08-14 11:49:36,0.0,1
2026-08-14 11:49:36,0.0,1
2026-08-14 11:49:36,0.0,1
2026-08-14 11:49:36,0.0,1
2026-08-14 11:49:36,0.0,1
2026-08-14 11:49:36,0.0,1
2026-08-14 11:49:36,0.0,1
2026-08-14 11:49:36,0.0,1
2026-08-14 11:49:36,0.0,1
2026-08-14 11:49:36,0.0,1
2026-08-14 11:49:36,0.0,1
2026-08-14 11:49:36,0.0,1
2026-08-14 11:49:36,0.0,1
2026-08-14 11:49:36,0.0,1
2026-08-14 11:49:36,0.0,1
2026-08-14 11:49:36,0.0,1
2026-08-14 11:49:36,0.0,1
2026-08-14 11:49:37,0.0,1
2026-08-14 11:49:37,0.0,1
2026-08-14 11:49:37,0.0,1
2026-08-14 11:49:37,0.0,1
2026-08-14 11:49:37,0.0,1
2026-08-14 11:49:37,0.0,1
2026-08-14 11:49:37,0.0,1
2026-08-14 11:49:37,0.0,1
2026-08-14 11:49:37,0.0,1
2026-08-14 11:49:37,0.0,1
2026-08-14 11:49:37,0.0,1
2026-08-14 11:49:37,0.0,1
2026-08-14 11:49:37,0.0,1
2026-08-14 11:49:37,0.0,1
2026-08-14 11:49:37,0.0,1
2026-08-14 11:49:37,0.0,1
2026-08-14 11:49:37,0.0,1
2026-08-14 11:49:37,0.0,1
2026-08-14 11:49:37,0.0,1
2026-08-14 11:49:37,0.0,1
2026-08-14 11:49:38,0.0,1
2026-08-14 11:49:38,0.0,1
2026-08-14 11:49:38,0.0,1
2026-08-14 11:49:38,0.0,1
2026-08-14 11:49:38,0.0,1
2026-08-14 11:49:38,0.0,1
2026-08-14 11:49:38,0.0,1
2026-08-14 11:49:38,0.0,1
2026-08-14 11:49:38,0.0,1
2026-08-14 11:49:38,0.0,1
2026-08-14 11:49:38,0.0,1
2026-08-14 11:49:38,0.0,1
2026-08-14 11:49:38,0.0,1
2026-08-14 11:49:38,0.0,1
2026-08-14 11:49:38,0.0,1
2026-08-14 11:49:38,0.0,1
2026-08-14 11:49:38,0.0,1
2026-08-14 11:49:38,0.0,1
2026-08-14 11:49:38,0.0,1
2026-08-14 11:49:38,0.0,1
2026-08-14 11:49:39,0.0,1
2026-08-14 11:49:39,0.0,1
2026-08-14 11:49:39,0.0,1
2026-08-14 11:49:39,0.0,1
2026-08-14 11:49:39,0.0,1
2026-08-14 11:49:39,0.0,1
2026-08-14 11:49:39,0.0,1
2026-08-14 11:49:39,0.0,1
2026-08-14 11:49:39,0.0,1
2026-08-14 11:49:39,0.0,1
2026-08-14 11:49:39,0.0,1
2026-08-14 11:49:39,0.0,1
2026-08-14 11:49:39,0.0,1
2026-08-14 11:49:39,0.0,1
2026-08-14 11:49:39,0.0,1
2026-08-14 11:49:39,0.0,1
2026-08-14 11:49:39,0.0,1
2026-08-14 11:49:39,0.0,1
2026-08-14 11:49:39,0.0,1
2026-08-14 11:49:39,0.0,1
2026-08-14 11:49:40,0.0,1
2026-08-14 11:49:40,0.0,1
2026-08-14 11:49:40,0.0,1
2026-08-14 11:49:40,0.0,1
2026-08-14 11:49:40,0.0,1
2026-08-14 11:49:40,0.0,1
2026-08-14 11:49:40,0.0,1
2026-08-14 11:49:40,0.0,1
2026-08-14 11:49:40,0.0,1
2026-08-14 11:49:40,0.0,1
2026-08-14 11:49:40,0.0,1
2026-08-14 11:49:40,0.0,1
2026-08-14 11:49:40,0.0,1
2026-08-14 11:49:40,0.0,1
2026-08-14 11:49:40,0.0,1
2026-08-14 11:49:40,0.0,1
2026-08-14 11:49:40,0.0,1
2026-08-14 11:49:40,0.0,1
2026-08-14 11:49:40,0.0,1
2026-08-14 11:49:40,0.0,1
2026-08-14 11:49:41,0.0,1
2026-08-14 11:49:41,0.0,1
2026-08-14 11:49:41,0.0,1
2026-08-14 11:49:41,0.0,1
2026-08-14 11:49:41,0.0,1
2026-08-14 11:49:41,0.0,1
2026-08-14 11:49:41,0.0,1
2026-08-14 11:49:41,0.0,1
2026-08-14 11:49:41,0.0,1
2026-08-14 11:49:41,0.0,1
2026-08-14 11:49:41,0.0,1
2026-08-14 11:49:41,0.0,1
2026-08-14 11:49:41,0.0,1
2026-08-14 11:49:41,0.0,1
2026-08-14 11:49:41,0.0,1
2026-08-14 11:49:41,0.0,1
2026-08-14 11:49:41,0.0,1
2026-08-14 11:49:41,0.0,1
2026-08-14 11:49:41,0.0,1
2026-08-14 11:49:41,0.0,1
2026-08-14 11:49:42,0.0,1
2026-08-14 11:49:42,0.0,1
2026-08-14 11:49:42,0.0,1
2026-08-14 11:49:42,0.0,1
2026-08-14 11:49:42,0.0,1
2026-08-14 11:49:42,0.0,1
2026-08-14 11:49:42,0.0,1
2026-08-14 11:49:42,0.0,1
2026-08-14 11:49:42,0.0,1
2026-08-14 11:49:42,0.0,1
2026-08-14 11:49:42,0.0,1
2026-08-14 11:49:42,0.0,1
2026-08-14 11:49:42,0.0,1
2026-08-14 11:49:42,0.0,1
2026-08-14 11:49:42,0.0,1
2026-08-14 11:49:42,0.0,1
2026-08-14 11:49:42,0.0,1
2026-08-14 11:49:42,0.0,1
2026-08-14 11:49:42,0.0,1
2026-08-14 11:49:42,0.0,1
2026-08-14 11:49:43,0.0,1
2026-08-14 11:49:43,0.0,1
2026-08-14 11:49:43,0.0,1
2026-08-14 11:49:43,0.0,1
2026-08-14 11:49:43,0.0,1
2026-08-14 11:49:43,0.0,1
2026-08-14 11:49:43,0.0,1
2026-08-14 11:49:43,0.0,1
2026-08-14 11:49:43,0.0,1
2026-08-14 11:49:43,0.0,1
2026-08-14 11:49:43,0.0,1
2026-08-14 11:49:43,0.0,1
2026-08-14 11:49:43,0.0,1
2026-08-14 11:49:43,0.0,1
2026-08-14 11:49:43,0.0,1
2026-08-14 11:49:43,0.0,1
2026-08-14 11:49:43,0.0,1
2026-08-14 11:49:43,0.0,1
2026-08-14 11:49:43,0.0,1
2026-08-14 11:49:43,0.0,1
2026-08-14 11:49:44,0.0,1
2026-08-14 11:49:44,0.0,1
2026-08-14 11:49:44,0.0,1
2026-08-14 11:49:44,0.0,1
2026-08-14 11:49:44,0.0,1
2026-08-14 11:49:44,0.0,1
2026-08-14 11:49:44,0.0,1
2026-08-14 11:49:44,0.0,1
2026-08-14 11:49:44,0.0,1
2026-08-14 11:49:44,0.0,1
2026-08-14 11:49:44,0.0,1
2026-08-14 11:49:44,0.0,1
2026-08-14 11:49:44,0.0,1
2026-08-14 11:49:44,0.0,1
2026-08-14 11:49:44,0.0,1
2026-08-14 11:49:44,0.0,1
2026-08-14 11:49:44,0.0,1
2026-08-14 11:49:44,0.0,1
2026-08-14 11:49:44,0.0,1
2026-08-14 11:49:44,0.0,1
2026-08-14 11:49:45,0.0,1
2026-08-14 11:49:45,0.0,1
2026-08-14 11:49:45,0.0,1
2026-08-14 11:49:45,0.0,1
2026-08-14 11:49:45,0.0,1
2026-08-14 11:49:45,0.0,1
2026-08-14 11:49:45,0.0,1
2026-08-14 11:49:45,0.0,1
2026-08-14 11:49:45,0.0,1
2026-08-14 11:49:45,0.0,1
2026-08-14 11:49:45,0.0,1
2026-08-14 11:49:45,0.0,1
2026-08-14 11:49:45,0.0,1
2026-08-14 11:49:45,0.0,1
2026-08-14 11:49:45,0.0,1
2026-08-14 11:49:45,0.0,1
2026-08-14 11:49:45,0.0,1
2026-08-14 11:49:45,0.0,1
2026-08-14 11:49:45,0.0,1
2026-08-14 11:49:45,0.0,1
2026-08-14 11:49:46,0.0,1
2026-08-14 11:49:46,0.0,1
2026-08-14 11:49:46,0.0,1
2026-08-14 11:49:46,0.0,1
2026-08-14 11:49:46,0.0,1
2026-08-14 11:49:46,0.0,1
2026-08-14 11:49:46,0.0,1
2026-08-14 11:49:46,0.0,1
2026-08-14 11:49:46,0.0,1
2026-08-14 11:49:46,0.0,1
2026-08-14 11:49:46,0.0,1
2026-08-14 11:49:46,0.0,1
2026-08-14 11:49:46,0.0,1
2026-08-14 11:49:46,0.0,1
2026-08-14 11:49:46,0.0,1
2026-08-14 11:49:46,0.0,1
2026-08-14 11:49:46,0.0,1
2026-08-14 11:49:46,0.0,1
2026-08-14 11:49:46,0.0,1
2026-08-14 11:49:46,0.0,1
2026-08-14 11:49:47,0.0,1
2026-08-14 11:49:47,0.0,1
2026-08-14 11:49:47,0.0,1
2026-08-14 11:49:47,0.0,1
2026-08-14 11:49:47,0.0,1
2026-08-14 11:49:47,0.0,1
2026-08-14 11:49:47,0.0,1
2026-08-14 11:49:47,0.0,1
2026-08-14 11:49:47,0.0,1
2026-08-14 11:49:47,0.0,1
2026-08-14 11:49:47,0.0,1
2026-08-14 11:49:47,0.0,1
2026-08-14 11:49:47,0.0,1
2026-08-14 11:49:47,0.0,1
2026-08-14 11:49:47,0.0,1
2026-08-14 11:49:47,0.0,1
2026-08-14 11:49:47,0.0,1
2026-08-14 11:49:47,0.0,1
2026-08-14 11:49:47,0.0,1
2026-08-14 11:49:47,0.0,1
2026-08-14 11:49:48,0.0,1
2026-08-14 11:49:48,0.0,1
2026-08-14 11:49:48,0.0,1
2026-08-14 11:49:48,0.0,1
2026-08-14 11:49:48,0.0,1
2026-08-14 11:49:48,0.0,1
2026-08-14 11:49:48,0.0,1
2026-08-14 11:49:48,0.0,1
2026-08-14 11:49:48,0.0,1
2026-08-14 11:49:48,0.0,1
2026-08-14 11:49:48,0.0,1
2026-08-14 11:49:48,0.0,1
2026-08-14 11:49:48,0.0,1
2026-08-14 11:49:48,0.0,1
2026-08-14 11:49:48,0.0,1
2026-08-14 11:49:48,0.0,1
2026-08-14 11:49:48,0.0,1
2026-08-14 11:49:48,0.0,1
2026-08-14 11:49:48,0.0,1
2026-08-14 11:49:48,0.0,1
2026-08-14 11:49:49,0.0,1
2026-08-14 11:49:49,0.0,1
2026-08-14 11:49:49,0.0,1
2026-08-14 11:49:49,0.0,1
2026-08-14 11:49:49,0.0,1
2026-08-14 11:49:49,0.0,1
2026-08-14 11:49:49,0.0,1
2026-08-14 11:49:49,0.0,1
2026-08-14 11:49:49,0.0,1
2026-08-14 11:49:49,0.0,1
2026-08-14 11:49:49,0.0,1
2026-08-14 11:49:49,0.0,1
2026-08-14 11:49:49,0.0,1
2026-08-14 11:49:49,0.0,1
2026-08-14 11:49:49,0.0,1
2026-08-14 11:49:49,0.0,1
2026-08-14 11:49:49,0.0,1
2026-08-14 11:49:49,0.0,1
2026-08-14 11:49:49,0.0,1
2026-08-14 11:49:49,0.0,1
2026-08-14 11:49:50,0.0,1
2026-08-14 11:49:50,0.0,1
2026-08-14 11:49:50,0.0,1
2026-08-14 11:49:50,0.0,1
2026-08-14 11:49:50,0.0,1
2026-08-14 11:49:50,0.0,1
2026-08-14 11:49:50,0.0,1
2026-08-14 11:49:50,0.0,1
2026-08-14 11:49:50,0.0,1
2026-08-14 11:49:50,0.0,1
2026-08-14 11:49:50,0.0,1
2026-08-14 11:49:50,0.0,1
2026-08-14 11:49:50,0.0,1
2026-08-14 11:49:50,0.0,1
2026-08-14 11:49:50,0.0,1
2026-08-14 11:49:50,0.0,1
2026-08-14 11:49:50,0.0,1
2026-08-14 11:49:50,0.0,1
2026-08-14 11:49:50,0.0,1
2026-08-14 11:49:50,0.0,1
2026-08-14 11:49:51,0.0,1
2026-08-14 11:49:51,0.0,1
2026-08-14 11:49:51,0.0,1
2026-08-14 11:49:51,0.0,1
2026-08-14 11:49:51,0.0,1
2026-08-14 11:49:51,0.0,1
2026-08-14 11:49:51,0.0,1
2026-08-14 11:49:51,0.0,1
2026-08-14 11:49:51,0.0,1
2026-08-14 11:49:51,0.0,1
2026-08-14 11:49:51,0.0,1
2026-08-14 11:49:51,0.0,1
2026-08-14 11:49:51,0.0,1
2026-08-14 11:49:51,0.0,1
2026-08-14 11:49:51,0.0,1
2026-08-14 11:49:51,0.0,1
2026-08-14 11:49:51,0.0,1
2026-08-14 11:49:51,0.0,1
2026-08-14 11:49:51,0.0,1
2026-08-14 11:49:51,0.0,1
2026-08-14 11:49:52,0.0,1
2026-08-14 11:49:52,0.0,1
2026-08-14 11:49:52,0.0,1
2026-08-14 11:49:52,0.0,1
2026-08-14 11:49:52,0.0,1
2026-08-14 11:49:52,0.0,1
2026-08-14 11:49:52,0.0,1
2026-08-14 11:49:52,0.0,1
2026-08-14 11:49:52,0.0,1
2026-08-14 11:49:52,0.0,1
2026-08-14 11:49:52,0.0,1
2026-08-14 11:49:52,0.0,1
2026-08-14 11:49:52,0.0,1
2026-08-14 11:49:52,0.0,1
2026-08-14 11:49:52,0.0,1
2026-08-14 11:49:52,0.0,1
2026-08-14 11:49:52,0.0,1
2026-08-14 11:49:52,0.0,1
2026-08-14 11:49:52,0.0,1
2026-08-14 11:49:52,0.0,1
2026-08-14 11:49:53,0.0,1
2026-08-14 11:49:53,0.0,1
2026-08-14 11:49:53,0.0,1
2026-08-14 11:49:53,0.0,1
2026-08-14 11:49:53,0.0,1
2026-08-14 11:49:53,0.0,1
2026-08-14 11:49:53,0.0,1
2026-08-14 11:49:53,0.0,1
2026-08-14 11:49:53,0.0,1
2026-08-14 11:49:53,0.0,1
2026-08-14 11:49:53,0.0,1
2026-08-14 11:49:53,0.0,1
2026-08-14 11:49:53,0.0,1
2026-08-14 11:49:53,0.0,1
2026-08-14 11:49:53,0.0,1
2026-08-14 11:49:53,0.0,1
2026-08-14 11:49:53,0.0,1
2026-08-14 11:49:53,0.0,1
2026-08-14 11:49:53,0.0,1
2026-08-14 11:49:53,0.0,1
2026-08-14 11:49:54,0.0,1
2026-08-14 11:49:54,0.0,1
2026-08-14 11:49:54,0.0,1
2026-08-14 11:49:54,0.0,1
2026-08-14 11:49:54,0.0,1
2026-08-14 11:49:54,0.0,1
2026-08-14 11:49:54,0.0,1
2026-08-14 11:49:54,0.0,1
2026-08-14 11:49:54,0.0,1
2026-08-14 11:49:54,0.0,1
2026-08-14 11:49:54,0.0,1
2026-08-14 11:49:54,0.0,1
2026-08-14 11:49:54,0.0,1
2026-08-14 11:49:54,0.0,1
2026-08-14 11:49:54,0.0,1
2026-08-14 11:49:54,0.0,1
2026-08-14 11:49:54,0.0,1
2026-08-14 11:49:54,0.0,1
2026-08-14 11:49:54,0.0,1
2026-08-14 11:49:54,0.0,1
2026-08-14 11:49:55,0.0,1
2026-08-14 11:49:55,0.0,1
2026-08-14 11:49:55,0.0,1
2026-08-14 11:49:55,0.0,1
2026-08-14 11:49:55,0.0,1
2026-08-14 11:49:55,0.0,1
2026-08-14 11:49:55,0.0,1
2026-08-14 11:49:55,0.0,1
2026-08-14 11:49:55,0.0,1
2026-08-14 11:49:55,0.0,1
2026-08-14 11:49:55,0.0,1
2026-08-14 11:49:55,0.0,1
2026-08-14 11:49:55,0.0,1
2026-08-14 11:49:55,0.0,1
2026-08-14 11:49:55,0.0,1
2026-08-14 11:49:55,0.0,1
2026-08-14 11:49:55,0.0,1
2026-08-14 11:49:55,0.0,1
2026-08-14 11:49:55,0.0,1
2026-08-14 11:49:55,0.0,1
2026-08-14 11:49:56,0.0,1
2026-08-14 11:49:56,0.0,1
2026-08-14 11:49:56,0.0,1
2026-08-14 11:49:56,0.0,1
2026-08-14 11:49:56,0.0,1
2026-08-14 11:49:56,0.0,1
2026-08-14 11:49:56,0.0,1
2026-08-14 11:49:56,0.0,1
2026-08-14 11:49:56,0.0,1
2026-08-14 11:49:56,0.0,1
2026-08-14 11:49:56,0.0,1
2026-08-14 11:49:56,0.0,1
2026-08-14 11:49:56,0.0,1
2026-08-14 11:49:56,0.0,1
2026-08-14 11:49:56,0.0,1
2026-08-14 11:49:56,0.0,1
2026-08-14 11:49:56,0.0,1
2026-08-14 11:49:56,0.0,1
2026-08-14 11:49:56,0.0,1
2026-08-14 11:49:56,0.0,1
2026-08-14 11:49:57,0.0,1
2026-08-14 11:49:57,0.0,1
2026-08-14 11:49:57,0.0,1
2026-08-14 11:49:57,0.0,1
2026-08-14 11:49:57,0.0,1
2026-08-14 11:49:57,0.0,1
2026-08-14 11:49:57,0.0,1
2026-08-14 11:49:57,0.0,1
2026-08-14 11:49:57,0.0,1
2026-08-14 11:49:57,0.0,1
2026-08-14 11:49:57,0.0,1
2026-08-14 11:49:57,0.0,1
2026-08-14 11:49:57,0.0,1
2026-08-14 11:49:57,0.0,1
2026-08-14 11:49:57,0.0,1
2026-08-14 11:49:57,0.0,1
2026-08-14 11:49:57,0.0,1
2026-08-14 11:49:57,0.0,1
2026-08-14 11:49:57,0.0,1
2026-08-14 11:49:57,0.0,1
2026-08-14 11:49:58,0.0,1
2026-08-14 11:49:58,0.0,1
2026-08-14 11:49:58,0.0,1
2026-08-14 11:49:58,0.0,1
2026-08-14 11:49:58,0.0,1
2026-08-14 11:49:58,0.0,1
2026-08-14 11:49:58,0.0,1
2026-08-14 11:49:58,0.0,1
2026-08-14 11:49:58,0.0,1
2026-08-14 11:49:58,0.0,1
2026-08-14 11:49:58,0.0,1
2026-08-14 11:49:58,0.0,1
2026-08-14 11:49:58,0.0,1
2026-08-14 11:49:58,0.0,1
2026-08-14 11:49:58,0.0,1
2026-08-14 11:49:58,0.0,1
2026-08-14 11:49:58,0.0,1
2026-08-14 11:49:58,0.0,1
2026-08-14 11:49:58,0.0,1
2026-08-14 11:49:58,0.0,1
2026-08-14 11:49:59,0.0,1
2026-08-14 11:49:59,0.0,1
2026-08-14 11:49:59,0.0,1
2026-08-14 11:49:59,0.0,1
2026-08-14 11:49:59,0.0,1
2026-08-14 11:49:59,0.0,1
2026-08-14 11:49:59,0.0,1
2026-08-14 11:49:59,0.0,1
2026-08-14 11:49:59,0.0,1
2026-08-14 11:49:59,0.0,1
2026-08-14 11:49:59,0.0,1
2026-08-14 11:49:59,0.0,1
2026-08-14 11:49:59,0.0,1
2026-08-14 11:49:59,0.0,1
2026-08-14 11:49:59,0.0,1
2026-08-14 11:49:59,0.0,1
2026-08-14 11:49:59,0.0,1
2026-08-14 11:49:59,0.0,1
2026-08-14 11:49:59,0.0,1
2026-08-14 11:49:59,0.0,1
2026-08-14 11:50:00,0.0,1
2026-08-14 11:50:00,0.0,1
2026-08-14 11:50:00,0.0,1
2026-08-14 11:50:00,0.0,1
2026-08-14 11:50:00,0.0,1
2026-08-14 11:50:00,0.0,1
2026-08-14 11:50:00,0.0,1
2026-08-14 11:50:00,0.0,1
2026-08-14 11:50:00,0.0,1
2026-08-14 11:50:00,0.0,1
2026-08-14 11:50:00,0.0,1
2026-08-14 11:50:00,0.0,1
2026-08-14 11:50:00,0.0,1
2026-08-14 11:50:00,0.0,1
2026-08-14 11:50:00,0.0,1
2026-08-14 11:50:00,0.0,1
2026-08-14 11:50:00,0.0,1
2026-08-14 11:50:00,0.0,1
2026-08-14 11:50:00,0.0,1
2026-08-14 11:50:00,0.0,1
2026-08-14 11:50:01,0.0,1
2026-08-14 11:50:01,0.0,1
2026-08-14 11:50:01,0.0,1
2026-08-14 11:50:01,0.0,1
2026-08-14 11:50:01,0.0,1
2026-08-14 11:50:01,0.0,1
2026-08-14 11:50:01,0.0,1
2026-08-14 11:50:01,0.0,1
2026-08-14 11:50:01,0.0,1
2026-08-14 11:50:01,0.0,1
2026-08-14 11:50:01,0.0,1
2026-08-14 11:50:01,0.0,1
2026-08-14 11:50:01,0.0,1
2026-08-14 11:50:01,0.0,1
2026-08-14 11:50:01,0.0,1
2026-08-14 11:50:01,0.0,1
2026-08-14 11:50:01,0.0,1
2026-08-14 11:50:01,0.0,1
2026-08-14 11:50:01,0.0,1
2026-08-14 11:50:01,0.0,1
2026-08-14 11:50:02,0.0,1
2026-08-14 11:50:02,0.0,1
2026-08-14 11:50:02,0.0,1
2026-08-14 11:50:02,0.0,1
2026-08-14 11:50:02,0.0,1
2026-08-14 11:50:02,0.0,1
2026-08-14 11:50:02,0.0,1
2026-08-14 11:50:02,0.0,1
2026-08-14 11:50:02,0.0,1
2026-08-14 11:50:02,0.0,1
2026-08-14 11:50:02,0.0,1
2026-08-14 11:50:02,0.0,1
2026-08-14 11:50:02,0.0,1
2026-08-14 11:50:02,0.0,1
2026-08-14 11:50:02,0.0,1
2026-08-14 11:50:02,0.0,1
2026-08-14 11:50:02,0.0,1
2026-08-14 11:50:02,0.0,1
2026-08-14 11:50:02,0.0,1
2026-08-14 11:50:02,0.0,1
2026-08-14 11:50:03,0.0,1
2026-08-14 11:50:03,0.0,1
2026-08-14 11:50:03,0.0,1
2026-08-14 11:50:03,0.0,1
2026-08-14 11:50:03,0.0,1
2026-08-14 11:50:03,0.0,1
2026-08-14 11:50:03,0.0,1
2026-08-14 11:50:03,0.0,1
2026-08-14 11:50:03,0.0,1
2026-08-14 11:50:03,0.0,1
2026-08-14 11:50:03,0.0,1
2026-08-14 11:50:03,0.0,1
2026-08-14 11:50:03,0.0,1
2026-08-14 11:50:03,0.0,1
2026-08-14 11:50:03,0.0,1
2026-08-14 11:50:03,0.0,1
2026-08-14 11:50:03,0.0,1
2026-08-14 11:50:03,0.0,1
2026-08-14 11:50:03,0.0,1
2026-08-14 11:50:03,0.0,1
2026-08-14 11:50:04,0.0,1
2026-08-14 11:50:04,0.0,1
2026-08-14 11:50:04,0.0,1
2026-08-14 11:50:04,0.0,1
2026-08-14 11:50:04,0.0,1
2026-08-14 11:50:04,0.0,1
2026-08-14 11:50:04,0.0,1
2026-08-14 11:50:04,0.0,1
2026-08-14 11:50:04,0.0,1
2026-08-14 11:50:04,0.0,1
2026-08-14 11:50:04,0.0,1
2026-08-14 11:50:04,0.0,1
2026-08-14 11:50:04,0.0,1
2026-08-14 11:50:04,0.0,1
2026-08-14 11:50:04,0.0,1
2026-08-14 11:50:04,0.0,1
2026-08-14 11:50:04,0.0,1
2026-08-14 11:50:04,0.0,1
2026-08-14 11:50:04,0.0,1
2026-08-14 11:50:04,0.0,1
2026-08-14 11:50:05,0.0,1
2026-08-14 11:50:05,0.0,1
2026-08-14 11:50:05,0.0,1
2026-08-14 11:50:05,0.0,1
2026-08-14 11:50:05,0.0,1
2026-08-14 11:50:05,0.0,1
2026-08-14 11:50:05,0.0,1
2026-08-14 11:50:05,0.0,1
2026-08-14 11:50:05,0.0,1
2026-08-14 11:50:05,0.0,1
2026-08-14 11:50:05,0.0,1
2026-08-14 11:50:05,0.0,1
2026-08-14 11:50:05,0.0,1
2026-08-14 11:50:05,0.0,1
2026-08-14 11:50:05,0.0,1
2026-08-14 11:50:05,0.0,1
2026-08-14 11:50:05,0.0,1
2026-08-14 11:50:05,0.0,1
2026-08-14 11:50:05,0.0,1
2026-08-14 11:50:05,0.0,1
2026-08-14 11:50:06,0.0,1
2026-08-14 11:50:06,0.0,1
2026-08-14 11:50:06,0.0,1
2026-08-14 11:50:06,0.0,1
2026-08-14 11:50:06,0.0,1
2026-08-14 11:50:06,0.0,1
2026-08-14 11:50:06,0.0,1
2026-08-14 11:50:06,0.0,1
2026-08-14 11:50:06,0.0,1
2026-08-14 11:50:06,0.0,1
2026-08-14 11:50:06,0.0,1
2026-08-14 11:50:06,0.0,1
2026-08-14 11:50:06,0.0,1
2026-08-14 11:50:06,0.0,1
2026-08-14 11:50:06,0.0,1
2026-08-14 11:50:06,0.0,1
2026-08-14 11:50:06,0.0,1
2026-08-14 11:50:06,0.0,1
2026-08-14 11:50:06,0.0,1
2026-08-14 11:50:06,0.0,1
2026-08-14 11:50:07,0.0,1
2026-08-14 11:50:07,0.0,1
2026-08-14 11:50:07,0.0,1
2026-08-14 11:50:07,0.0,1
2026-08-14 11:50:07,0.0,1
2026-08-14 11:50:07,0.0,1
2026-08-14 11:50:07,0.0,1
2026-08-14 11:50:07,0.0,1
2026-08-14 11:50:07,0.0,1
2026-08-14 11:50:07,0.0,1
2026-08-14 11:50:07,0.0,1
2026-08-14 11:50:07,0.0,1
2026-08-14 11:50:07,0.0,1
2026-08-14 11:50:07,0.0,1
2026-08-14 11:50:07,0.0,1
2026-08-14 11:50:07,0.0,1
2026-08-14 11:50:07,0.0,1
2026-08-14 11:50:07,0.0,1
2026-08-14 11:50:07,0.0,1
2026-08-14 11:50:07,0.0,1
2026-08-14 11:50:08,0.0,1
2026-08-14 11:50:08,0.0,1
2026-08-14 11:50:08,0.0,1
2026-08-14 11:50:08,0.0,1
2026-08-14 11:50:08,0.0,1
2026-08-14 11:50:08,0.0,1
2026-08-14 11:50:08,0.0,1
2026-08-14 11:50:08,0.0,1
2026-08-14 11:50:08,0.0,1
2026-08-14 11:50:08,0.0,1
2026-08-14 11:50:08,0.0,1
2026-08-14 11:50:08,0.0,1
2026-08-14 11:50:08,0.0,1
2026-08-14 11:50:08,0.0,1
2026-08-14 11:50:08,0.0,1
2026-08-14 11:50:08,0.0,1
2026-08-14 11:50:08,0.0,1
2026-08-14 11:50:08,0.0,1
2026-08-14 11:50:08,0.0,1
2026-08-14 11:50:08,0.0,1
2026-08-14 11:50:09,0.0,1
2026-08-14 11:50:09,0.0,1
2026-08-14 11:50:09,0.0,1
2026-08-14 11:50:09,0.0,1
2026-08-14 11:50:09,0.0,1
2026-08-14 11:50:09,0.0,1
2026-08-14 11:50:09,0.0,1
2026-08-14 11:50:09,0.0,1
2026-08-14 11:50:09,0.0,1
2026-08-14 11:50:09,0.0,1
2026-08-14 11:50:09,0.0,1
2026-08-14 11:50:09,0.0,1
2026-08-14 11:50:09,0.0,1
2026-08-14 11:50:09,0.0,1
2026-08-14 11:50:09,0.0,1
2026-08-14 11:50:09,0.0,1
2026-08-14 11:50:09,0.0,1
2026-08-14 11:50:09,0.0,1
2026-08-14 11:50:09,0.0,1
2026-08-14 11:50:09,0.0,1
2026-08-14 11:50:10,0.0,1
2026-08-14 11:50:10,0.0,1
2026-08-14 11:50:10,0.0,1
2026-08-14 11:50:10,0.0,1
2026-08-14 11:50:10,0.0,1
2026-08-14 11:50:10,0.0,1
2026-08-14 11:50:10,0.0,1
2026-08-14 11:50:10,0.0,1
2026-08-14 11:50:10,0.0,1
2026-08-14 11:50:10,0.0,1
2026-08-14 11:50:10,0.0,1
2026-08-14 11:50:10,0.0,1
2026-08-14 11:50:10,0.0,1
2026-08-14 11:50:10,0.0,1
2026-08-14 11:50:10,0.0,1
2026-08-14 11:50:10,0.0,1
2026-08-14 11:50:10,0.0,1
2026-08-14 11:50:10,0.0,1
2026-08-14 11:50:10,0.0,1
2026-08-14 11:50:10,0.0,1
2026-08-14 11:50:11,0.0,1
2026-08-14 11:50:11,0.0,1
2026-08-14 11:50:11,0.0,1
2026-08-14 11:50:11,0.0,1
2026-08-14 11:50:11,0.0,1
2026-08-14 11:50:11,0.0,1
2026-08-14 11:50:11,0.0,1
2026-08-14 11:50:11,0.0,1
2026-08-14 11:50:11,0.0,1
2026-08-14 11:50:11,0.0,1
2026-08-14 11:50:11,0.0,1
2026-08-14 11:50:11,0.0,1
2026-08-14 11:50:11,0.0,1
2026-08-14 11:50:11,0.0,1
2026-08-14 11:50:11,0.0,1
2026-08-14 11:50:11,0.0,1
2026-08-14 11:50:11,0.0,1
2026-08-14 11:50:11,0.0,1
2026-08-14 11:50:11,0.0,1
2026-08-14 11:50:11,0.0,1
2026-08-14 11:50:12,0.0,1
2026-08-14 11:50:12,0.0,1
2026-08-14 11:50:12,0.0,1
2026-08-14 11:50:12,0.0,1
2026-08-14 11:50:12,0.0,1
2026-08-14 11:50:12,0.0,1
2026-08-14 11:50:12,0.0,1
2026-08-14 11:50:12,0.0,1
2026-08-14 11:50:12,0.0,1
2026-08-14 11:50:12,0.0,1
2026-08-14 11:50:12,0.0,1
2026-08-14 11:50:12,0.0,1
2026-08-14 11:50:12,0.0,1
2026-08-14 11:50:12,0.0,1
2026-08-14 11:50:12,0.0,1
2026-08-14 11:50:12,0.0,1
2026-08-14 11:50:12,0.0,1
2026-08-14 11:50:12,0.0,1
2026-08-14 11:50:12,0.0,1
2026-08-14 11:50:12,0.0,1
2026-08-14 11:50:13,0.0,1
2026-08-14 11:50:13,0.0,1
2026-08-14 11:50:13,0.0,1
2026-08-14 11:50:13,0.0,1
2026-08-14 11:50:13,0.0,1
2026-08-14 11:50:13,0.0,1
2026-08-14 11:50:13,0.0,1
2026-08-14 11:50:13,0.0,1
2026-08-14 11:50:13,0.0,1
2026-08-14 11:50:13,0.0,1
2026-08-14 11:50:13,0.0,1
2026-08-14 11:50:13,0.0,1
2026-08-14 11:50:13,0.0,1
2026-08-14 11:50:13,0.0,1
2026-08-14 11:50:13,0.0,1
2026-08-14 11:50:13,0.0,1
2026-08-14 11:50:13,0.0,1
2026-08-14 11:50:13,0.0,1
2026-08-14 11:50:13,0.0,1
2026-08-14 11:50:13,0.0,1
2026-08-14 11:50:14,0.0,1
2026-08-14 11:50:14,0.0,1
2026-08-14 11:50:14,0.0,1
2026-08-14 11:50:14,0.0,1
2026-08-14 11:50:14,0.0,1
2026-08-14 11:50:14,0.0,1
2026-08-14 11:50:14,0.0,1
2026-08-14 11:50:14,0.0,1
2026-08-14 11:50:14,0.0,1
2026-08-14 11:50:14,0.0,1
2026-08-14 11:50:14,0.0,1
2026-08-14 11:50:14,0.0,1
2026-08-14 11:50:14,0.0,1
2026-08-14 11:50:14,0.0,1
2026-08-14 11:50:14,0.0,1
2026-08-14 11:50:14,0.0,1
2026-08-14 11:50:14,0.0,1
2026-08-14 11:50:14,0.0,1
2026-08-14 11:50:14,0.0,1
2026-08-14 11:50:14,0.0,1
2026-08-14 11:50:15,0.0,1
2026-08-14 11:50:15,0.0,1
2026-08-14 11:50:15,0.0,1
2026-08-14 11:50:15,0.0,1
2026-08-14 11:50:15,0.0,1
2026-08-14 11:50:15,0.0,1
2026-08-14 11:50:15,0.0,1
2026-08-14 11:50:15,0.0,1
2026-08-14 11:50:15,0.0,1
2026-08-14 11:50:15,0.0,1
2026-08-14 11:50:15,0.0,1
2026-08-14 11:50:15,0.0,1
2026-08-14 11:50:15,0.0,1
2026-08-14 11:50:15,0.0,1
2026-08-14 11:50:15,0.0,1
2026-08-14 11:50:15,0.0,1
2026-08-14 11:50:15,0.0,1
2026-08-14 11:50:15,0.0,1
2026-08-14 11:50:15,0.0,1
2026-08-14 11:50:15,0.0,1
2026-08-14 11:50:16,0.0,1
2026-08-14 11:50:16,0.0,1
2026-08-14 11:50:16,0.0,1
2026-08-14 11:50:16,0.0,1
2026-08-14 11:50:16,0.0,1
2026-08-14 11:50:16,0.0,1
2026-08-14 11:50:16,0.0,1
2026-08-14 11:50:16,0.0,1
2026-08-14 11:50:16,0.0,1
2026-08-14 11:50:16,0.0,1
2026-08-14 11:50:16,0.0,1
2026-08-14 11:50:16,0.0,1
2026-08-14 11:50:16,0.0,1
2026-08-14 11:50:16,0.0,1
2026-08-14 11:50:16,0.0,1
2026-08-14 11:50:16,0.0,1
2026-08-14 11:50:16,0.0,1
2026-08-14 11:50:16,0.0,1
2026-08-14 11:50:16,0.0,1
2026-08-14 11:50:16,0.0,1
2026-08-14 11:50:17,0.0,1
2026-08-14 11:50:17,0.0,1
2026-08-14 11:50:17,0.0,1
2026-08-14 11:50:17,0.0,1
2026-08-14 11:50:17,0.0,1
2026-08-14 11:50:17,0.0,1
2026-08-14 11:50:17,0.0,1
2026-08-14 11:50:17,0.0,1
2026-08-14 11:50:17,0.0,1
2026-08-14 11:50:17,0.0,1
2026-08-14 11:50:17,0.0,1
2026-08-14 11:50:17,0.0,1
2026-08-14 11:50:17,0.0,1
2026-08-14 11:50:17,0.0,1
2026-08-14 11:50:17,0.0,1
2026-08-14 11:50:17,0.0,1
2026-08-14 11:50:17,0.0,1
2026-08-14 11:50:17,0.0,1
2026-08-14 11:50:17,0.0,1
2026-08-14 11:50:17,0.0,1
2026-08-14 11:50:18,0.0,1
2026-08-14 11:50:18,0.0,1
2026-08-14 11:50:18,0.0,1
2026-08-14 11:50:18,0.0,1
2026-08-14 11:50:18,0.0,1
2026-08-14 11:50:18,0.0,1
2026-08-14 11:50:18,0.0,1
2026-08-14 11:50:18,0.0,1
2026-08-14 11:50:18,0.0,1
2026-08-14 11:50:18,0.0,1
2026-08-14 11:50:18,0.0,1
2026-08-14 11:50:18,0.0,1
2026-08-14 11:50:18,0.0,1
2026-08-14 11:50:18,0.0,1
2026-08-14 11:50:18,0.0,1
2026-08-14 11:50:18,0.0,1
2026-08-14 11:50:18,0.0,1
2026-08-14 11:50:18,0.0,1
2026-08-14 11:50:18,0.0,1
2026-08-14 11:50:18,0.0,1
2026-08-14 11:50:19,0.0,1
2026-08-14 11:50:19,0.0,1
2026-08-14 11:50:19,0.0,1
2026-08-14 11:50:19,0.0,1
2026-08-14 11:50:19,0.0,1
2026-08-14 11:50:19,0.0,1
2026-08-14 11:50:19,0.0,1
2026-08-14 11:50:19,0.0,1
2026-08-14 11:50:19,0.0,1
2026-08-14 11:50:19,0.0,1
2026-08-14 11:50:19,0.0,1
2026-08-14 11:50:19,0.0,1
2026-08-14 11:50:19,0.0,1
2026-08-14 11:50:19,0.0,1
2026-08-14 11:50:19,0.0,1
2026-08-14 11:50:19,0.0,1
2026-08-14 11:50:19,0.0,1
2026-08-14 11:50:19,0.0,1
2026-08-14 11:50:19,0.0,1
2026-08-14 11:50:19,0.0,1
2026-08-14 11:50:20,0.0,1
2026-08-14 11:50:20,0.0,1
2026-08-14 11:50:20,0.0,1
2026-08-14 11:50:20,0.0,1
2026-08-14 11:50:20,0.0,1
2026-08-14 11:50:20,0.0,1
2026-08-14 11:50:20,0.0,1
2026-08-14 11:50:20,0.0,1
2026-08-14 11:50:20,0.0,1
2026-08-14 11:50:20,0.0,1
2026-08-14 11:50:20,0.0,1
2026-08-14 11:50:20,0.0,1
2026-08-14 11:50:20,0.0,1
2026-08-14 11:50:20,0.0,1
2026-08-14 11:50:20,0.0,1
2026-08-14 11:50:20,0.0,1
2026-08-14 11:50:20,0.0,1
2026-08-14 11:50:20,0.0,1
2026-08-14 11:50:20,0.0,1
2026-08-14 11:50:20,0.0,1
2026-08-14 11:50:21,0.0,1
2026-08-14 11:50:21,0.0,1
2026-08-14 11:50:21,0.0,1
2026-08-14 11:50:21,0.0,1
2026-08-14 11:50:21,0.0,1
2026-08-14 11:50:21,0.0,1
2026-08-14 11:50:21,0.0,1
2026-08-14 11:50:21,0.0,1
2026-08-14 11:50:21,0.0,1
2026-08-14 11:50:21,0.0,1
2026-08-14 11:50:21,0.0,1
2026-08-14 11:50:21,0.0,1
2026-08-14 11:50:21,0.0,1
2026-08-14 11:50:21,0.0,1
2026-08-14 11:50:21,0.0,1
2026-08-14 11:50:21,0.0,1
2026-08-14 11:50:21,0.0,1
2026-08-14 11:50:21,0.0,1
2026-08-14 11:50:21,0.0,1
2026-08-14 11:50:21,0.0,1
2026-08-14 11:50:22,0.0,1
2026-08-14 11:50:22,0.0,1
2026-08-14 11:50:22,0.0,1
2026-08-14 11:50:22,0.0,1
2026-08-14 11:50:22,0.0,1
2026-08-14 11:50:22,0.0,1
2026-08-14 11:50:22,0.0,1
2026-08-14 11:50:22,0.0,1
2026-08-14 11:50:22,0.0,1
2026-08-14 11:50:22,0.0,1
2026-08-14 11:50:22,0.0,1
2026-08-14 11:50:22,0.0,1
2026-08-14 11:50:22,0.0,1
2026-08-14 11:50:22,0.0,1
2026-08-14 11:50:22,0.0,1
2026-08-14 11:50:22,0.0,1
2026-08-14 11:50:22,0.0,1
2026-08-14 11:50:22,0.0,1
2026-08-14 11:50:22,0.0,1
2026-08-14 11:50:22,0.0,1
2026-08-14 11:50:23,0.0,1
2026-08-14 11:50:23,0.0,1
2026-08-14 11:50:23,0.0,1
2026-08-14 11:50:23,0.0,1
2026-08-14 11:50:23,0.0,1
2026-08-14 11:50:23,0.0,1
2026-08-14 11:50:23,0.0,1
2026-08-14 11:50:23,0.0,1
2026-08-14 11:50:23,0.0,1
2026-08-14 11:50:23,0.0,1
2026-08-14 11:50:23,0.0,1
2026-08-14 11:50:23,0.0,1
2026-08-14 11:50:23,0.0,1
2026-08-14 11:50:23,0.0,1
2026-08-14 11:50:23,0.0,1
2026-08-14 11:50:23,0.0,1
2026-08-14 11:50:23,0.0,1
2026-08-14 11:50:23,0.0,1
2026-08-14 11:50:23,0.0,1
2026-08-14 11:50:23,0.0,1
2026-08-14 11:50:24,0.0,1
2026-08-14 11:50:24,0.0,1
2026-08-14 11:50:24,0.0,1
2026-08-14 11:50:24,0.0,1
2026-08-14 11:50:24,0.0,1
2026-08-14 11:50:24,0.0,1
2026-08-14 11:50:24,0.0,1
2026-08-14 11:50:24,0.0,1
2026-08-14 11:50:24,0.0,1
2026-08-14 11:50:24,0.0,1
2026-08-14 11:50:24,0.0,1
2026-08-14 11:50:24,0.0,1
2026-08-14 11:50:24,0.0,1
2026-08-14 11:50:24,0.0,1
2026-08-14 11:50:24,0.0,1
2026-08-14 11:50:24,0.0,1
2026-08-14 11:50:24,0.0,1
2026-08-14 11:50:24,0.0,1
2026-08-14 11:50:24,0.0,1
2026-08-14 11:50:24,0.0,1
2026-08-14 11:50:25,0.0,1
2026-08-14 11:50:25,0.0,1
2026-08-14 11:50:25,0.0,1
2026-08-14 11:50:25,0.0,1
2026-08-14 11:50:25,0.0,1
2026-08-14 11:50:25,0.0,1
2026-08-14 11:50:25,0.0,1
2026-08-14 11:50:25,0.0,1
2026-08-14 11:50:25,0.0,1
2026-08-14 11:50:25,0.0,1
2026-08-14 11:50:25,0.0,1
2026-08-14 11:50:25,0.0,1
2026-08-14 11:50:25,0.0,1
2026-08-14 11:50:25,0.0,1
2026-08-14 11:50:25,0.0,1
2026-08-14 11:50:25,0.0,1
2026-08-14 11:50:25,0.0,1
2026-08-14 11:50:25,0.0,1
2026-08-14 11:50:25,0.0,1
2026-08-14 11:50:25,0.0,1
2026-08-14 11:50:26,0.0,1
2026-08-14 11:50:26,0.0,1
2026-08-14 11:50:26,0.0,1
2026-08-14 11:50:26,0.0,1
2026-08-14 11:50:26,0.0,1
2026-08-14 11:50:26,0.0,1
2026-08-14 11:50:26,0.0,1
2026-08-14 11:50:26,0.0,1
2026-08-14 11:50:26,0.0,1
2026-08-14 11:50:26,0.0,1
2026-08-14 11:50:26,0.0,1
2026-08-14 11:50:26,0.0,1
2026-08-14 11:50:26,0.0,1
2026-08-14 11:50:26,0.0,1
2026-08-14 11:50:26,0.0,1
2026-08-14 11:50:26,0.0,1
2026-08-14 11:50:26,0.0,1
2026-08-14 11:50:26,0.0,1
2026-08-14 11:50:26,0.0,1
2026-08-14 11:50:26,0.0,1
2026-08-14 11:50:27,0.0,1
2026-08-14 11:50:27,0.0,1
2026-08-14 11:50:27,0.0,1
2026-08-14 11:50:27,0.0,1
2026-08-14 11:50:27,0.0,1
2026-08-14 11:50:27,0.0,1
2026-08-14 11:50:27,0.0,1
2026-08-14 11:50:27,0.0,1
2026-08-14 11:50:27,0.0,1
2026-08-14 11:50:27,0.0,1
2026-08-14 11:50:27,0.0,1
2026-08-14 11:50:27,0.0,1
2026-08-14 11:50:27,0.0,1
2026-08-14 11:50:27,0.0,1
2026-08-14 11:50:27,0.0,1
2026-08-14 11:50:27,0.0,1
2026-08-14 11:50:27,0.0,1
2026-08-14 11:50:27,0.0,1
2026-08-14 11:50:27,0.0,1
2026-08-14 11:50:27,0.0,1
2026-08-14 11:50:28,0.0,1
2026-08-14 11:50:28,0.0,1
2026-08-14 11:50:28,0.0,1
2026-08-14 11:50:28,0.0,1
2026-08-14 11:50:28,0.0,1
2026-08-14 11:50:28,0.0,1
2026-08-14 11:50:28,0.0,1
2026-08-14 11:50:28,0.0,1
2026-08-14 11:50:28,0.0,1
2026-08-14 11:50:28,0.0,1
2026-08-14 11:50:28,0.0,1
2026-08-14 11:50:28,0.0,1
2026-08-14 11:50:28,0.0,1
2026-08-14 11:50:28,0.0,1
2026-08-14 11:50:28,0.0,1
2026-08-14 11:50:28,0.0,1
2026-08-14 11:50:28,0.0,1
2026-08-14 11:50:28,0.0,1
2026-08-14 11:50:28,0.0,1
2026-08-14 11:50:28,0.0,1
2026-08-14 11:50:29,0.0,1
2026-08-14 11:50:29,0.0,1
2026-08-14 11:50:29,0.0,1
2026-08-14 11:50:29,0.0,1
2026-08-14 11:50:29,0.0,1
2026-08-14 11:50:29,0.0,1
2026-08-14 11:50:29,0.0,1
2026-08-14 11:50:29,0.0,1
2026-08-14 11:50:29,0.0,1
2026-08-14 11:50:29,0.0,1
2026-08-14 11:50:29,0.0,1
2026-08-14 11:50:29,0.0,1
2026-08-14 11:50:29,0.0,1
2026-08-14 11:50:29,0.0,1
2026-08-14 11:50:29,0.0,1
2026-08-14 11:50:29,0.0,1
2026-08-14 11:50:29,0.0,1
2026-08-14 11:50:29,0.0,1
2026-08-14 11:50:29,0.0,1
2026-08-14 11:50:29,0.0,1
2026-08-14 11:50:30,0.0,1
2026-08-14 11:50:30,0.0,1
2026-08-14 11:50:30,0.0,1
2026-08-14 11:50:30,0.0,1
2026-08-14 11:50:30,0.0,1
2026-08-14 11:50:30,0.0,1
2026-08-14 11:50:30,0.0,1
2026-08-14 11:50:30,0.0,1
2026-08-14 11:50:30,0.0,1
2026-08-14 11:50:30,0.0,1
2026-08-14 11:50:30,0.0,1
2026-08-14 11:50:30,0.0,1
2026-08-14 11:50:30,0.0,1
2026-08-14 11:50:30,0.0,1
2026-08-14 11:50:30,0.0,1
2026-08-14 11:50:30,0.0,1
2026-08-14 11:50:30,0.0,1
2026-08-14 11:50:30,0.0,1
2026-08-14 11:50:30,0.0,1
2026-08-14 11:50:30,0.0,1
2026-08-14 11:50:31,0.0,1
2026-08-14 11:50:31,0.0,1
2026-08-14 11:50:31,0.0,1
2026-08-14 11:50:31,0.0,1
2026-08-14 11:50:31,0.0,1
2026-08-14 11:50:31,0.0,1
2026-08-14 11:50:31,0.0,1
2026-08-14 11:50:31,0.0,1
2026-08-14 11:50:31,0.0,1
2026-08-14 11:50:31,0.0,1
2026-08-14 11:50:31,0.0,1
2026-08-14 11:50:31,0.0,1
2026-08-14 11:50:31,0.0,1
2026-08-14 11:50:31,0.0,1
2026-08-14 11:50:31,0.0,1
2026-08-14 11:50:31,0.0,1
2026-08-14 11:50:31,0.0,1
2026-08-14 11:50:31,0.0,1
2026-08-14 11:50:31,0.0,1
2026-08-14 11:50:31,0.0,1
2026-08-14 11:50:32,0.0,1
2026-08-14 11:50:32,0.0,1
2026-08-14 11:50:32,0.0,1
2026-08-14 11:50:32,0.0,1
2026-08-14 11:50:32,0.0,1
2026-08-14 11:50:32,0.0,1
2026-08-14 11:50:32,0.0,1
2026-08-14 11:50:32,0.0,1
2026-08-14 11:50:32,0.0,1
2026-08-14 11:50:32,0.0,1
2026-08-14 11:50:32,0.0,1
2026-08-14 11:50:32,0.0,1
2026-08-14 11:50:32,0.0,1
2026-08-14 11:50:32,0.0,1
2026-08-14 11:50:32,0.0,1
2026-08-14 11:50:32,0.0,1
2026-08-14 11:50:32,0.0,1
2026-08-14 11:50:32,0.0,1
2026-08-14 11:50:32,0.0,1
2026-08-14 11:50:32,0.0,1
2026-08-14 11:50:33,0.0,1
2026-08-14 11:50:33,0.0,1
2026-08-14 11:50:33,0.0,1
2026-08-14 11:50:33,0.0,1
2026-08-14 11:50:33,0.0,1
2026-08-14 11:50:33,0.0,1
2026-08-14 11:50:33,0.0,1
2026-08-14 11:50:33,0.0,1
2026-08-14 11:50:33,0.0,1
2026-08-14 11:50:33,0.0,1
2026-08-14 11:50:33,0.0,1
2026-08-14 11:50:33,0.0,1
2026-08-14 11:50:33,0.0,1
2026-08-14 11:50:33,0.0,1
2026-08-14 11:50:33,0.0,1
2026-08-14 11:50:33,0.0,1
2026-08-14 11:50:33,0.0,1
2026-08-14 11:50:33,0.0,1
2026-08-14 11:50:33,0.0,1
2026-08-14 11:50:33,0.0,1
2026-08-14 11:50:34,0.0,1
2026-08-14 11:50:34,0.0,1
2026-08-14 11:50:34,0.0,1
2026-08-14 11:50:34,0.0,1
2026-08-14 11:50:34,0.0,1
2026-08-14 11:50:34,0.0,1
2026-08-14 11:50:34,0.0,1
2026-08-14 11:50:34,0.0,1
2026-08-14 11:50:34,0.0,1
2026-08-14 11:50:34,0.0,1
2026-08-14 11:50:34,0.0,1
2026-08-14 11:50:34,0.0,1
2026-08-14 11:50:34,0.0,1
2026-08-14 11:50:34,0.0,1
2026-08-14 11:50:34,0.0,1
2026-08-14 11:50:34,0.0,1
2026-08-14 11:50:34,0.0,1
2026-08-14 11:50:34,0.0,1
2026-08-14 11:50:34,0.0,1
2026-08-14 11:50:34,0.0,1
2026-08-14 11:50:35,0.0,1
2026-08-14 11:50:35,0.0,1
2026-08-14 11:50:35,0.0,1
2026-08-14 11:50:35,0.0,1
2026-08-14 11:50:35,0.0,1
2026-08-14 11:50:35,0.0,1
2026-08-14 11:50:35,0.0,1
2026-08-14 11:50:35,0.0,1
2026-08-14 11:50:35,0.0,1
2026-08-14 11:50:35,0.0,1
2026-08-14 11:50:35,0.0,1
2026-08-14 11:50:35,0.0,1
2026-08-14 11:50:35,0.0,1
2026-08-14 11:50:35,0.0,1
2026-08-14 11:50:35,0.0,1
2026-08-14 11:50:35,0.0,1
2026-08-14 11:50:35,0.0,1
2026-08-14 11:50:35,0.0,1
2026-08-14 11:50:35,0.0,1
2026-08-14 11:50:35,0.0,1
2026-08-14 11:50:36,0.0,1
2026-08-14 11:50:36,0.0,1
2026-08-14 11:50:36,0.0,1
2026-08-14 11:50:36,0.0,1
2026-08-14 11:50:36,0.0,1
2026-08-14 11:50:36,0.0,1
2026-08-14 11:50:36,0.0,1
2026-08-14 11:50:36,0.0,1
2026-08-14 11:50:36,0.0,1
2026-08-14 11:50:36,0.0,1
2026-08-14 11:50:36,0.0,1
2026-08-14 11:50:36,0.0,1
2026-08-14 11:50:36,0.0,1
2026-08-14 11:50:36,0.0,1
2026-08-14 11:50:36,0.0,1
2026-08-14 11:50:36,0.0,1
2026-08-14 11:50:36,0.0,1
2026-08-14 11:50:36,0.0,1
2026-08-14 11:50:36,0.0,1
2026-08-14 11:50:36,0.0,1
2026-08-14 11:50:37,0.0,1
2026-08-14 11:50:37,0.0,1
2026-08-14 11:50:37,0.0,1
2026-08-14 11:50:37,0.0,1
2026-08-14 11:50:37,0.0,1
2026-08-14 11:50:37,0.0,1
2026-08-14 11:50:37,0.0,1
2026-08-14 11:50:37,0.0,1
2026-08-14 11:50:37,0.0,1
2026-08-14 11:50:37,0.0,1
2026-08-14 11:50:37,0.0,1
2026-08-14 11:50:37,0.0,1
2026-08-14 11:50:37,0.0,1
2026-08-14 11:50:37,0.0,1
2026-08-14 11:50:37,0.0,1
2026-08-14 11:50:37,0.0,1
2026-08-14 11:50:37,0.0,1
2026-08-14 11:50:37,0.0,1
2026-08-14 11:50:37,0.0,1
2026-08-14 11:50:37,0.0,1
2026-08-14 11:50:38,0.0,1
2026-08-14 11:50:38,0.0,1
2026-08-14 11:50:38,0.0,1
2026-08-14 11:50:38,0.0,1
2026-08-14 11:50:38,0.0,1
2026-08-14 11:50:38,0.0,1
2026-08-14 11:50:38,0.0,1
2026-08-14 11:50:38,0.0,1
2026-08-14 11:50:38,0.0,1
2026-08-14 11:50:38,0.0,1
2026-08-14 11:50:38,0.0,1
2026-08-14 11:50:38,0.0,1
2026-08-14 11:50:38,0.0,1
2026-08-14 11:50:38,0.0,1
2026-08-14 11:50:38,0.0,1
2026-08-14 11:50:38,0.0,1
2026-08-14 11:50:38,0.0,1
2026-08-14 11:50:38,0.0,1
2026-08-14 11:50:38,0.0,1
2026-08-14 11:50:38,0.0,1
2026-08-14 11:50:39,0.0,1
2026-08-14 11:50:39,0.0,1
2026-08-14 11:50:39,0.0,1
2026-08-14 11:50:39,0.0,1
2026-08-14 11:50:39,0.0,1
2026-08-14 11:50:39,0.0,1
2026-08-14 11:50:39,0.0,1
2026-08-14 11:50:39,0.0,1
2026-08-14 11:50:39,0.0,1
2026-08-14 11:50:39,0.0,1
2026-08-14 11:50:39,0.0,1
2026-08-14 11:50:39,0.0,1
2026-08-14 11:50:39,0.0,1
2026-08-14 11:50:39,0.0,1
2026-08-14 11:50:39,0.0,1
2026-08-14 11:50:39,0.0,1
2026-08-14 11:50:39,0.0,1
2026-08-14 11:50:39,0.0,1
2026-08-14 11:50:39,0.0,1
2026-08-14 11:50:39,0.0,1
2026-08-14 11:50:40,0.0,1
2026-08-14 11:50:40,0.0,1
2026-08-14 11:50:40,0.0,1
2026-08-14 11:50:40,0.0,1
2026-08-14 11:50:40,0.0,1
2026-08-14 11:50:40,0.0,1
2026-08-14 11:50:40,0.0,1
2026-08-14 11:50:40,0.0,1
2026-08-14 11:50:40,0.0,1
2026-08-14 11:50:40,0.0,1
2026-08-14 11:50:40,0.0,1
2026-08-14 11:50:40,0.0,1
2026-08-14 11:50:40,0.0,1
2026-08-14 11:50:40,0.0,1
2026-08-14 11:50:40,0.0,1
2026-08-14 11:50:40,0.0,1
2026-08-14 11:50:40,0.0,1
2026-08-14 11:50:40,0.0,1
2026-08-14 11:50:40,0.0,1
2026-08-14 11:50:40,0.0,1
2026-08-14 11:50:41,0.0,1
2026-08-14 11:50:41,0.0,1
2026-08-14 11:50:41,0.0,1
2026-08-14 11:50:41,0.0,1
2026-08-14 11:50:41,0.0,1
2026-08-14 11:50:41,0.0,1
2026-08-14 11:50:41,0.0,1
2026-08-14 11:50:41,0.0,1
2026-08-14 11:50:41,0.0,1
2026-08-14 11:50:41,0.0,1
2026-08-14 11:50:41,0.0,1
2026-08-14 11:50:41,0.0,1
2026-08-14 11:50:41,0.0,1
2026-08-14 11:50:41,0.0,1
2026-08-14 11:50:41,0.0,1
2026-08-14 11:50:41,0.0,1
2026-08-14 11:50:41,0.0,1
2026-08-14 11:50:41,0.0,1
2026-08-14 11:50:41,0.0,1
2026-08-14 11:50:41,0.0,1
2026-08-14 11:50:42,0.0,1
2026-08-14 11:50:42,0.0,1
2026-08-14 11:50:42,0.0,1
2026-08-14 11:50:42,0.0,1
2026-08-14 11:50:42,0.0,1
2026-08-14 11:50:42,0.0,1
2026-08-14 11:50:42,0.0,1
2026-08-14 11:50:42,0.0,1
2026-08-14 11:50:42,0.0,1
2026-08-14 11:50:42,0.0,1
2026-08-14 11:50:42,0.0,1
2026-08-14 11:50:42,0.0,1
2026-08-14 11:50:42,0.0,1
2026-08-14 11:50:42,0.0,1
2026-08-14 11:50:42,0.0,1
2026-08-14 11:50:42,0.0,1
2026-08-14 11:50:42,0.0,1
2026-08-14 11:50:42,0.0,1
2026-08-14 11:50:42,0.0,1
2026-08-14 11:50:42,0.0,1
2026-08-14 11:50:43,0.0,1
2026-08-14 11:50:43,0.0,1
2026-08-14 11:50:43,0.0,1
2026-08-14 11:50:43,0.0,1
2026-08-14 11:50:43,0.0,1
2026-08-14 11:50:43,0.0,1
2026-08-14 11:50:43,0.0,1
2026-08-14 11:50:43,0.0,1
2026-08-14 11:50:43,0.0,1
2026-08-14 11:50:43,0.0,1
2026-08-14 11:50:43,0.0,1
2026-08-14 11:50:43,0.0,1
2026-08-14 11:50:43,0.0,1
2026-08-14 11:50:43,0.0,1
2026-08-14 11:50:43,0.0,1
2026-08-14 11:50:43,0.0,1
2026-08-14 11:50:43,0.0,1
2026-08-14 11:50:43,0.0,1
2026-08-14 11:50:43,0.0,1
2026-08-14 11:50:43,0.0,1
2026-08-14 11:50:44,0.0,1
2026-08-14 11:50:44,0.0,1
2026-08-14 11:50:44,0.0,1
2026-08-14 11:50:44,0.0,1
2026-08-14 11:50:44,0.0,1
2026-08-14 11:50:44,0.0,1
2026-08-14 11:50:44,0.0,1
2026-08-14 11:50:44,0.0,1
2026-08-14 11:50:44,0.0,1
2026-08-14 11:50:44,0.0,1
2026-08-14 11:50:44,0.0,1
2026-08-14 11:50:44,0.0,1
2026-08-14 11:50:44,0.0,1
2026-08-14 11:50:44,0.0,1
2026-08-14 11:50:44,0.0,1
2026-08-14 11:50:44,0.0,1
2026-08-14 11:50:44,0.0,1
2026-08-14 11:50:44,0.0,1
2026-08-14 11:50:44,0.0,1
2026-08-14 11:50:44,0.0,1
2026-08-14 11:50:45,0.0,1
2026-08-14 11:50:45,0.0,1
2026-08-14 11:50:45,0.0,1
2026-08-14 11:50:45,0.0,1
2026-08-14 11:50:45,0.0,1
2026-08-14 11:50:45,0.0,1
2026-08-14 11:50:45,0.0,1
2026-08-14 11:50:45,0.0,1
2026-08-14 11:50:45,0.0,1
2026-08-14 11:50:45,0.0,1
2026-08-14 11:50:45,0.0,1
2026-08-14 11:50:45,0.0,1
2026-08-14 11:50:45,0.0,1
2026-08-14 11:50:45,0.0,1
2026-08-14 11:50:45,0.0,1
2026-08-14 11:50:45,0.0,1
2026-08-14 11:50:45,0.0,1
2026-08-14 11:50:45,0.0,1
2026-08-14 11:50:45,0.0,1
2026-08-14 11:50:45,0.0,1
2026-08-14 11:50:46,0.0,1
2026-08-14 11:50:46,0.0,1
2026-08-14 11:50:46,0.0,1
2026-08-14 11:50:46,0.0,1
2026-08-14 11:50:46,0.0,1
2026-08-14 11:50:46,0.0,1
2026-08-14 11:50:46,0.0,1
2026-08-14 11:50:46,0.0,1
2026-08-14 11:50:46,0.0,1
2026-08-14 11:50:46,0.0,1
2026-08-14 11:50:46,0.0,1
2026-08-14 11:50:46,0.0,1
2026-08-14 11:50:46,0.0,1
2026-08-14 11:50:46,0.0,1
2026-08-14 11:50:46,0.0,1
2026-08-14 11:50:46,0.0,1
2026-08-14 11:50:46,0.0,1
2026-08-14 11:50:46,0.0,1
2026-08-14 11:50:46,0.0,1
2026-08-14 11:50:46,0.0,1
2026-08-14 11:50:47,0.0,1
2026-08-14 11:50:47,0.0,1
2026-08-14 11:50:47,0.0,1
2026-08-14 11:50:47,0.0,1
2026-08-14 11:50:47,0.0,1
2026-08-14 11:50:47,0.0,1
2026-08-14 11:50:47,0.0,1
2026-08-14 11:50:47,0.0,1
2026-08-14 11:50:47,0.0,1
2026-08-14 11:50:47,0.0,1
2026-08-14 11:50:47,0.0,1
2026-08-14 11:50:47,0.0,1
2026-08-14 11:50:47,0.0,1
2026-08-14 11:50:47,0.0,1
2026-08-14 11:50:47,0.0,1
2026-08-14 11:50:47,0.0,1
2026-08-14 11:50:47,0.0,1
2026-08-14 11:50:47,0.0,1
2026-08-14 11:50:47,0.0,1
2026-08-14 11:50:47,0.0,1
2026-08-14 11:50:48,0.0,1
2026-08-14 11:50:48,0.0,1
2026-08-14 11:50:48,0.0,1
2026-08-14 11:50:48,0.0,1
2026-08-14 11:50:48,0.0,1
2026-08-14 11:50:48,0.0,1
2026-08-14 11:50:48,0.0,1
2026-08-14 11:50:48,0.0,1
2026-08-14 11:50:48,0.0,1
2026-08-14 11:50:48,0.0,1
2026-08-14 11:50:48,0.0,1
2026-08-14 11:50:48,0.0,1
2026-08-14 11:50:48,0.0,1
2026-08-14 11:50:48,0.0,1
2026-08-14 11:50:48,0.0,1
2026-08-14 11:50:48,0.0,1
2026-08-14 11:50:48,0.0,1
2026-08-14 11:50:48,0.0,1
2026-08-14 11:50:48,0.0,1
2026-08-14 11:50:48,0.0,1
2026-08-14 11:50:49,0.0,1
2026-08-14 11:50:49,0.0,1
2026-08-14 11:50:49,0.0,1
2026-08-14 11:50:49,0.0,1
2026-08-14 11:50:49,0.0,1
2026-08-14 11:50:49,0.0,1
2026-08-14 11:50:49,0.0,1
2026-08-14 11:50:49,0.0,1
2026-08-14 11:50:49,0.0,1
2026-08-14 11:50:49,0.0,1
2026-08-14 11:50:49,0.0,1
2026-08-14 11:50:49,0.0,1
2026-08-14 11:50:49,0.0,1
2026-08-14 11:50:49,0.0,1
2026-08-14 11:50:49,0.0,1
2026-08-14 11:50:49,0.0,1
2026-08-14 11:50:49,0.0,1
2026-08-14 11:50:49,0.0,1
2026-08-14 11:50:49,0.0,1
2026-08-14 11:50:49,0.0,1
2026-08-14 11:50:50,0.0,1
2026-08-14 11:50:50,0.0,1
2026-08-14 11:50:50,0.0,1
2026-08-14 11:50:50,0.0,1
2026-08-14 11:50:50,0.0,1
2026-08-14 11:50:50,0.0,1
2026-08-14 11:50:50,0.0,1
2026-08-14 11:50:50,0.0,1
2026-08-14 11:50:50,0.0,1
2026-08-14 11:50:50,0.0,1
2026-08-14 11:50:50,0.0,1
2026-08-14 11:50:50,0.0,1
2026-08-14 11:50:50,0.0,1
2026-08-14 11:50:50,0.0,1
2026-08-14 11:50:50,0.0,1
2026-08-14 11:50:50,0.0,1
2026-08-14 11:50:50,0.0,1
2026-08-14 11:50:50,0.0,1
2026-08-14 11:50:50,0.0,1
2026-08-14 11:50:50,0.0,1
2026-08-14 11:50:51,0.0,1
2026-08-14 11:50:51,0.0,1
2026-08-14 11:50:51,0.0,1
2026-08-14 11:50:51,0.0,1
2026-08-14 11:50:51,0.0,1
2026-08-14 11:50:51,0.0,1
2026-08-14 11:50:51,0.0,1
2026-08-14 11:50:51,0.0,1
2026-08-14 11:50:51,0.0,1
2026-08-14 11:50:51,0.0,1
2026-08-14 11:50:51,0.0,1
2026-08-14 11:50:51,0.0,1
2026-08-14 11:50:51,0.0,1
2026-08-14 11:50:51,0.0,1
2026-08-14 11:50:51,0.0,1
2026-08-14 11:50:51,0.0,1
2026-08-14 11:50:51,0.0,1
2026-08-14 11:50:51,0.0,1
2026-08-14 11:50:51,0.0,1
2026-08-14 11:50:51,0.0,1
2026-08-14 11:50:52,0.0,1
2026-08-14 11:50:52,0.0,1
2026-08-14 11:50:52,0.0,1
2026-08-14 11:50:52,0.0,1
2026-08-14 11:50:52,0.0,1
2026-08-14 11:50:52,0.0,1
2026-08-14 11:50:52,0.0,1
2026-08-14 11:50:52,0.0,1
2026-08-14 11:50:52,0.0,1
2026-08-14 11:50:52,0.0,1
2026-08-14 11:50:52,0.0,1
2026-08-14 11:50:52,0.0,1
2026-08-14 11:50:52,0.0,1
2026-08-14 11:50:52,0.0,1
2026-08-14 11:50:52,0.0,1
2026-08-14 11:50:52,0.0,1
2026-08-14 11:50:52,0.0,1
2026-08-14 11:50:52,0.0,1
2026-08-14 11:50:52,0.0,1
2026-08-14 11:50:52,0.0,1
2026-08-14 11:50:53,0.0,1
2026-08-14 11:50:53,0.0,1
2026-08-14 11:50:53,0.0,1
2026-08-14 11:50:53,0.0,1
2026-08-14 11:50:53,0.0,1
2026-08-14 11:50:53,0.0,1
2026-08-14 11:50:53,0.0,1
2026-08-14 11:50:53,0.0,1
2026-08-14 11:50:53,0.0,1
2026-08-14 11:50:53,0.0,1
2026-08-14 11:50:53,0.0,1
2026-08-14 11:50:53,0.0,1
2026-08-14 11:50:53,0.0,1
2026-08-14 11:50:53,0.0,1
2026-08-14 11:50:53,0.0,1
2026-08-14 11:50:53,0.0,1
2026-08-14 11:50:53,0.0,1
2026-08-14 11:50:53,0.0,1
2026-08-14 11:50:53,0.0,1
2026-08-14 11:50:53,0.0,1
2026-08-14 11:50:54,0.0,1
2026-08-14 11:50:54,0.0,1
2026-08-14 11:50:54,0.0,1
2026-08-14 11:50:54,0.0,1
2026-08-14 11:50:54,0.0,1
2026-08-14 11:50:54,0.0,1
2026-08-14 11:50:54,0.0,1
2026-08-14 11:50:54,0.0,1
2026-08-14 11:50:54,0.0,1
2026-08-14 11:50:54,0.0,1
2026-08-14 11:50:54,0.0,1
2026-08-14 11:50:54,0.0,1
2026-08-14 11:50:54,0.0,1
2026-08-14 11:50:54,0.0,1
2026-08-14 11:50:54,0.0,1
2026-08-14 11:50:54,0.0,1
2026-08-14 11:50:54,0.0,1
2026-08-14 11:50:54,0.0,1
2026-08-14 11:50:54,0.0,1
2026-08-14 11:50:54,0.0,1
2026-08-14 11:50:55,0.0,1
2026-08-14 11:50:55,0.0,1
2026-08-14 11:50:55,0.0,1
2026-08-14 11:50:55,0.0,1
2026-08-14 11:50:55,0.0,1
2026-08-14 11:50:55,0.0,1
2026-08-14 11:50:55,0.0,1
2026-08-14 11:50:55,0.0,1
2026-08-14 11:50:55,0.0,1
2026-08-14 11:50:55,0.0,1
2026-08-14 11:50:55,0.0,1
2026-08-14 11:50:55,0.0,1
2026-08-14 11:50:55,0.0,1
2026-08-14 11:50:55,0.0,1
2026-08-14 11:50:55,0.0,1
2026-08-14 11:50:55,0.0,1
2026-08-14 11:50:55,0.0,1
2026-08-14 11:50:55,0.0,1
2026-08-14 11:50:55,0.0,1
2026-08-14 11:50:55,0.0,1
2026-08-14 11:50:56,0.0,1
2026-08-14 11:50:56,0.0,1
2026-08-14 11:50:56,0.0,1
2026-08-14 11:50:56,0.0,1
2026-08-14 11:50:56,0.0,1
2026-08-14 11:50:56,0.0,1
2026-08-14 11:50:56,0.0,1
2026-08-14 11:50:56,0.0,1
2026-08-14 11:50:56,0.0,1
2026-08-14 11:50:56,0.0,1
2026-08-14 11:50:56,0.0,1
2026-08-14 11:50:56,0.0,1
2026-08-14 11:50:56,0.0,1
2026-08-14 11:50:56,0.0,1
2026-08-14 11:50:56,0.0,1
2026-08-14 11:50:56,0.0,1
2026-08-14 11:50:56,0.0,1
2026-08-14 11:50:56,0.0,1
2026-08-14 11:50:56,0.0,1
2026-08-14 11:50:56,0.0,1
2026-08-14 11:50:57,0.0,1
2026-08-14 11:50:57,0.0,1
2026-08-14 11:50:57,0.0,1
2026-08-14 11:50:57,0.0,1
2026-08-14 11:50:57,0.0,1
2026-08-14 11:50:57,0.0,1
2026-08-14 11:50:57,0.0,1
2026-08-14 11:50:57,0.0,1
2026-08-14 11:50:57,0.0,1
2026-08-14 11:50:57,0.0,1
2026-08-14 11:50:57,0.0,1
2026-08-14 11:50:57,0.0,1
2026-08-14 11:50:57,0.0,1
2026-08-14 11:50:57,0.0,1
2026-08-14 11:50:57,0.0,1
2026-08-14 11:50:57,0.0,1
2026-08-14 11:50:57,0.0,1
2026-08-14 11:50:57,0.0,1
2026-08-14 11:50:57,0.0,1
2026-08-14 11:50:57,0.0,1
2026-08-14 11:50:58,0.0,1
2026-08-14 11:50:58,0.0,1
2026-08-14 11:50:58,0.0,1
2026-08-14 11:50:58,0.0,1
2026-08-14 11:50:58,0.0,1
2026-08-14 11:50:58,0.0,1
2026-08-14 11:50:58,0.0,1
2026-08-14 11:50:58,0.0,1
2026-08-14 11:50:58,0.0,1
2026-08-14 11:50:58,0.0,1
2026-08-14 11:50:58,0.0,1
2026-08-14 11:50:58,0.0,1
2026-08-14 11:50:58,0.0,1
2026-08-14 11:50:58,0.0,1
2026-08-14 11:50:58,0.0,1
2026-08-14 11:50:58,0.0,1
2026-08-14 11:50:58,0.0,1
2026-08-14 11:50:58,0.0,1
2026-08-14 11:50:58,0.0,1
2026-08-14 11:50:58,0.0,1
2026-08-14 11:50:59,0.0,1
2026-08-14 11:50:59,0.0,1
2026-08-14 11:50:59,0.0,1
2026-08-14 11:50:59,0.0,1
2026-08-14 11:50:59,0.0,1
2026-08-14 11:50:59,0.0,1
2026-08-14 11:50:59,0.0,1
2026-08-14 11:50:59,0.0,1
2026-08-14 11:50:59,0.0,1
2026-08-14 11:50:59,0.0,1
2026-08-14 11:50:59,0.0,1
2026-08-14 11:50:59,0.0,1
2026-08-14 11:50:59,0.0,1
2026-08-14 11:50:59,0.0,1
2026-08-14 11:50:59,0.0,1
2026-08-14 11:50:59,0.0,1
2026-08-14 11:50:59,0.0,1
2026-08-14 11:50:59,0.0,1
2026-08-14 11:50:59,0.0,1
2026-08-14 11:50:59,0.0,1
2026-08-14 11:51:00,0.0,1
2026-08-14 11:51:00,0.0,1
2026-08-14 11:51:00,0.0,1
2026-08-14 11:51:00,0.0,1
2026-08-14 11:51:00,0.0,1
2026-08-14 11:51:00,0.0,1
2026-08-14 11:51:00,0.0,1
2026-08-14 11:51:00,0.0,1
2026-08-14 11:51:00,0.0,1
2026-08-14 11:51:00,0.0,1
2026-08-14 11:51:00,0.0,1
2026-08-14 11:51:00,0.0,1
2026-08-14 11:51:00,0.0,1
2026-08-14 11:51:00,0.0,1
2026-08-14 11:51:00,0.0,1
2026-08-14 11:51:00,0.0,1
2026-08-14 11:51:00,0.0,1
2026-08-14 11:51:00,0.0,1
2026-08-14 11:51:00,0.0,1
2026-08-14 11:51:00,0.0,1
2026-08-14 11:51:01,0.0,1
2026-08-14 11:51:01,0.0,1
2026-08-14 11:51:01,0.0,1
2026-08-14 11:51:01,0.0,1
2026-08-14 11:51:01,0.0,1
2026-08-14 11:51:01,0.0,1
2026-08-14 11:51:01,0.0,1
2026-08-14 11:51:01,0.0,1
2026-08-14 11:51:01,0.0,1
2026-08-14 11:51:01,0.0,1
2026-08-14 11:51:01,0.0,1
2026-08-14 11:51:01,0.0,1
2026-08-14 11:51:01,0.0,1
2026-08-14 11:51:01,0.0,1
2026-08-14 11:51:01,0.0,1
2026-08-14 11:51:01,0.0,1
2026-08-14 11:51:01,0.0,1
2026-08-14 11:51:01,0.0,1
2026-08-14 11:51:01,0.0,1
2026-08-14 11:51:01,0.0,1
2026-08-14 11:51:02,0.0,1
2026-08-14 11:51:02,0.0,1
2026-08-14 11:51:02,0.0,1
2026-08-14 11:51:02,0.0,1
2026-08-14 11:51:02,0.0,1
2026-08-14 11:51:02,0.0,1
2026-08-14 11:51:02,0.0,1
2026-08-14 11:51:02,0.0,1
2026-08-14 11:51:02,0.0,1
2026-08-14 11:51:02,0.0,1
2026-08-14 11:51:02,0.0,1
2026-08-14 11:51:02,0.0,1
2026-08-14 11:51:02,0.0,1
2026-08-14 11:51:02,0.0,1
2026-08-14 11:51:02,0.0,1
2026-08-14 11:51:02,0.0,1
2026-08-14 11:51:02,0.0,1
2026-08-14 11:51:02,0.0,1
2026-08-14 11:51:02,0.0,1
2026-08-14 11:51:02,0.0,1
2026-08-14 11:51:03,0.0,1
2026-08-14 11:51:03,0.0,1
2026-08-14 11:51:03,0.0,1
2026-08-14 11:51:03,0.0,1
2026-08-14 11:51:03,0.0,1
2026-08-14 11:51:03,0.0,1
2026-08-14 11:51:03,0.0,1
2026-08-14 11:51:03,0.0,1
2026-08-14 11:51:03,0.0,1
2026-08-14 11:51:03,0.0,1
2026-08-14 11:51:03,0.0,1
2026-08-14 11:51:03,0.0,1
2026-08-14 11:51:03,0.0,1
2026-08-14 11:51:03,0.0,1
2026-08-14 11:51:03,0.0,1
2026-08-14 11:51:03,0.0,1
2026-08-14 11:51:03,0.0,1
2026-08-14 11:51:03,0.0,1
2026-08-14 11:51:03,0.0,1
2026-08-14 11:51:03,0.0,1
2026-08-14 11:51:04,0.0,1
2026-08-14 11:51:04,0.0,1
2026-08-14 11:51:04,0.0,1
2026-08-14 11:51:04,0.0,1
2026-08-14 11:51:04,0.0,1
2026-08-14 11:51:04,0.0,1
2026-08-14 11:51:04,0.0,1
2026-08-14 11:51:04,0.0,1
2026-08-14 11:51:04,0.0,1
2026-08-14 11:51:04,0.0,1
2026-08-14 11:51:04,0.0,1
2026-08-14 11:51:04,0.0,1
2026-08-14 11:51:04,0.0,1
2026-08-14 11:51:04,0.0,1
2026-08-14 11:51:04,0.0,1
2026-08-14 11:51:04,0.0,1
2026-08-14 11:51:04,0.0,1
2026-08-14 11:51:04,0.0,1
2026-08-14 11:51:04,0.0,1
2026-08-14 11:51:04,0.0,1
2026-08-14 11:51:05,0.0,1
2026-08-14 11:51:05,0.0,1
2026-08-14 11:51:05,0.0,1
2026-08-14 11:51:05,0.0,1
2026-08-14 11:51:05,0.0,1
2026-08-14 11:51:05,0.0,1
2026-08-14 11:51:05,0.0,1
2026-08-14 11:51:05,0.0,1
2026-08-14 11:51:05,0.0,1
2026-08-14 11:51:05,0.0,1
2026-08-14 11:51:05,0.0,1
2026-08-14 11:51:05,0.0,1
2026-08-14 11:51:05,0.0,1
2026-08-14 11:51:05,0.0,1
2026-08-14 11:51:05,0.0,1
2026-08-14 11:51:05,0.0,1
2026-08-14 11:51:05,0.0,1
2026-08-14 11:51:05,0.0,1
2026-08-14 11:51:05,0.0,1
2026-08-14 11:51:05,0.0,1
2026-08-14 11:51:06,0.0,1
2026-08-14 11:51:06,0.0,1
2026-08-14 11:51:06,0.0,1
2026-08-14 11:51:06,0.0,1
2026-08-14 11:51:06,0.0,1
2026-08-14 11:51:06,0.0,1
2026-08-14 11:51:06,0.0,1
2026-08-14 11:51:06,0.0,1
2026-08-14 11:51:06,0.0,1
2026-08-14 11:51:06,0.0,1
2026-08-14 11:51:06,0.0,1
2026-08-14 11:51:06,0.0,1
2026-08-14 11:51:06,0.0,1
2026-08-14 11:51:06,0.0,1
2026-08-14 11:51:06,0.0,1
2026-08-14 11:51:06,0.0,1
2026-08-14 11:51:06,0.0,1
2026-08-14 11:51:06,0.0,1
2026-08-14 11:51:06,0.0,1
2026-08-14 11:51:06,0.0,1
2026-08-14 11:51:07,0.0,1
2026-08-14 11:51:07,0.0,1
2026-08-14 11:51:07,0.0,1
2026-08-14 11:51:07,0.0,1
2026-08-14 11:51:07,0.0,1
2026-08-14 11:51:07,0.0,1
2026-08-14 11:51:07,0.0,1
2026-08-14 11:51:07,0.0,1
2026-08-14 11:51:07,0.0,1
2026-08-14 11:51:07,0.0,1
2026-08-14 11:51:07,0.0,1
2026-08-14 11:51:07,0.0,1
2026-08-14 11:51:07,0.0,1
2026-08-14 11:51:07,0.0,1
2026-08-14 11:51:07,0.0,1
2026-08-14 11:51:07,0.0,1
2026-08-14 11:51:07,0.0,1
2026-08-14 11:51:07,0.0,1
2026-08-14 11:51:07,0.0,1
2026-08-14 11:51:07,0.0,1
2026-08-14 11:51:08,0.0,1
2026-08-14 11:51:08,0.0,1
2026-08-14 11:51:08,0.0,1
2026-08-14 11:51:08,0.0,1
2026-08-14 11:51:08,0.0,1
2026-08-14 11:51:08,0.0,1
2026-08-14 11:51:08,0.0,1
2026-08-14 11:51:08,0.0,1
2026-08-14 11:51:08,0.0,1
2026-08-14 11:51:08,0.0,1
2026-08-14 11:51:08,0.0,1
2026-08-14 11:51:08,0.0,1
2026-08-14 11:51:08,0.0,1
2026-08-14 11:51:08,0.0,1
2026-08-14 11:51:08,0.0,1
2026-08-14 11:51:08,0.0,1
2026-08-14 11:51:08,0.0,1
2026-08-14 11:51:08,0.0,1
2026-08-14 11:51:08,0.0,1
2026-08-14 11:51:08,0.0,1
2026-08-14 11:51:09,0.0,1
2026-08-14 11:51:09,0.0,1
2026-08-14 11:51:09,0.0,1
2026-08-14 11:51:09,0.0,1
2026-08-14 11:51:09,0.0,1
2026-08-14 11:51:09,0.0,1
2026-08-14 11:51:09,0.0,1
2026-08-14 11:51:09,0.0,1
2026-08-14 11:51:09,0.0,1
2026-08-14 11:51:09,0.0,1
2026-08-14 11:51:09,0.0,1
2026-08-14 11:51:09,0.0,1
2026-08-14 11:51:09,0.0,1
2026-08-14 11:51:09,0.0,1
2026-08-14 11:51:09,0.0,1
2026-08-14 11:51:09,0.0,1
2026-08-14 11:51:09,0.0,1
2026-08-14 11:51:09,0.0,1
2026-08-14 11:51:09,0.0,1
2026-08-14 11:51:09,0.0,1
2026-08-14 11:51:10,0.0,1
2026-08-14 11:51:10,0.0,1
2026-08-14 11:51:10,0.0,1
2026-08-14 11:51:10,0.0,1
2026-08-14 11:51:10,0.0,1
2026-08-14 11:51:10,0.0,1
2026-08-14 11:51:10,0.0,1
2026-08-14 11:51:10,0.0,1
2026-08-14 11:51:10,0.0,1
2026-08-14 11:51:10,0.0,1
2026-08-14 11:51:10,0.0,1
2026-08-14 11:51:10,0.0,1
2026-08-14 11:51:10,0.0,1
2026-08-14 11:51:10,0.0,1
2026-08-14 11:51:10,0.0,1
2026-08-14 11:51:10,0.0,1
2026-08-14 11:51:10,0.0,1
2026-08-14 11:51:10,0.0,1
2026-08-14 11:51:10,0.0,1
2026-08-14 11:51:10,0.0,1
2026-08-14 11:51:11,0.0,1
2026-08-14 11:51:11,0.0,1
2026-08-14 11:51:11,0.0,1
2026-08-14 11:51:11,0.0,1
2026-08-14 11:51:11,0.0,1
2026-08-14 11:51:11,0.0,1
2026-08-14 11:51:11,0.0,1
2026-08-14 11:51:11,0.0,1
2026-08-14 11:51:11,0.0,1
2026-08-14 11:51:11,0.0,1
2026-08-14 11:51:11,0.0,1
2026-08-14 11:51:11,0.0,1
2026-08-14 11:51:11,0.0,1
2026-08-14 11:51:11,0.0,1
2026-08-14 11:51:11,0.0,1
2026-08-14 11:51:11,0.0,1
2026-08-14 11:51:11,0.0,1
2026-08-14 11:51:11,0.0,1
2026-08-14 11:51:11,0.0,1
2026-08-14 11:51:11,0.0,1
2026-08-14 11:51:12,0.0,1
2026-08-14 11:51:12,0.0,1
2026-08-14 11:51:12,0.0,1
2026-08-14 11:51:12,0.0,1
2026-08-14 11:51:12,0.0,1
2026-08-14 11:51:12,0.0,1
2026-08-14 11:51:12,0.0,1
2026-08-14 11:51:12,0.0,1
2026-08-14 11:51:12,0.0,1
2026-08-14 11:51:12,0.0,1
2026-08-14 11:51:12,0.0,1
2026-08-14 11:51:12,0.0,1
2026-08-14 11:51:12,0.0,1
2026-08-14 11:51:12,0.0,1
2026-08-14 11:51:12,0.0,1
2026-08-14 11:51:12,0.0,1
2026-08-14 11:51:12,0.0,1
2026-08-14 11:51:12,0.0,1
2026-08-14 11:51:12,0.0,1
2026-08-14 11:51:12,0.0,1
2026-08-14 11:51:13,0.0,1
2026-08-14 11:51:13,0.0,1
2026-08-14 11:51:13,0.0,1
2026-08-14 11:51:13,0.0,1
2026-08-14 11:51:13,0.0,1
2026-08-14 11:51:13,0.0,1
2026-08-14 11:51:13,0.0,1
2026-08-14 11:51:13,0.0,1
2026-08-14 11:51:13,0.0,1
2026-08-14 11:51:13,0.0,1
2026-08-14 11:51:13,0.0,1
2026-08-14 11:51:13,0.0,1
2026-08-14 11:51:13,0.0,1
2026-08-14 11:51:13,0.0,1
2026-08-14 11:51:13,0.0,1
2026-08-14 11:51:13,0.0,1
2026-08-14 11:51:13,0.0,1
2026-08-14 11:51:13,0.0,1
2026-08-14 11:51:13,0.0,1
2026-08-14 11:51:13,0.0,1
2026-08-14 11:51:14,0.0,1
2026-08-14 11:51:14,0.0,1
2026-08-14 11:51:14,0.0,1
2026-08-14 11:51:14,0.0,1
2026-08-14 11:51:14,0.0,1
2026-08-14 11:51:14,0.0,1
2026-08-14 11:51:14,0.0,1
2026-08-14 11:51:14,0.0,1
2026-08-14 11:51:14,0.0,1
2026-08-14 11:51:14,0.0,1
2026-08-14 11:51:14,0.0,1
2026-08-14 11:51:14,0.0,1
2026-08-14 11:51:14,0.0,1
2026-08-14 11:51:14,0.0,1
2026-08-14 11:51:14,0.0,1
2026-08-14 11:51:14,0.0,1
2026-08-14 11:51:14,0.0,1
2026-08-14 11:51:14,0.0,1
2026-08-14 11:51:14,0.0,1
2026-08-14 11:51:14,0.0,1
2026-08-14 11:51:15,0.0,1
2026-08-14 11:51:15,0.0,1
2026-08-14 11:51:15,0.0,1
2026-08-14 11:51:15,0.0,1
2026-08-14 11:51:15,0.0,1
2026-08-14 11:51:15,0.0,1
2026-08-14 11:51:15,0.0,1
2026-08-14 11:51:15,0.0,1
2026-08-14 11:51:15,0.0,1
2026-08-14 11:51:15,0.0,1
2026-08-14 11:51:15,0.0,1
2026-08-14 11:51:15,0.0,1
2026-08-14 11:51:15,0.0,1
2026-08-14 11:51:15,0.0,1
2026-08-14 11:51:15,0.0,1
2026-08-14 11:51:15,0.0,1
2026-08-14 11:51:15,0.0,1
2026-08-14 11:51:15,0.0,1
2026-08-14 11:51:15,0.0,1
2026-08-14 11:51:15,0.0,1
2026-08-14 11:51:16,0.0,1
2026-08-14 11:51:16,0.0,1
2026-08-14 11:51:16,0.0,1
2026-08-14 11:51:16,0.0,1
2026-08-14 11:51:16,0.0,1
2026-08-14 11:51:16,0.0,1
2026-08-14 11:51:16,0.0,1
2026-08-14 11:51:16,0.0,1
2026-08-14 11:51:16,0.0,1
2026-08-14 11:51:16,0.0,1
2026-08-14 11:51:16,0.0,1
2026-08-14 11:51:16,0.0,1
2026-08-14 11:51:16,0.0,1
2026-08-14 11:51:16,0.0,1
2026-08-14 11:51:16,0.0,1
2026-08-14 11:51:16,0.0,1
2026-08-14 11:51:16,0.0,1
2026-08-14 11:51:16,0.0,1
2026-08-14 11:51:16,0.0,1
2026-08-14 11:51:16,0.0,1
2026-08-14 11:51:17,0.0,1
2026-08-14 11:51:17,0.0,1
2026-08-14 11:51:17,0.0,1
2026-08-14 11:51:17,0.0,1
2026-08-14 11:51:17,0.0,1
2026-08-14 11:51:17,0.0,1
2026-08-14 11:51:17,0.0,1
2026-08-14 11:51:17,0.0,1
2026-08-14 11:51:17,0.0,1
2026-08-14 11:51:17,0.0,1
2026-08-14 11:51:17,0.0,1
2026-08-14 11:51:17,0.0,1
2026-08-14 11:51:17,0.0,1
2026-08-14 11:51:17,0.0,1
2026-08-14 11:51:17,0.0,1
2026-08-14 11:51:17,0.0,1
2026-08-14 11:51:17,0.0,1
2026-08-14 11:51:17,0.0,1
2026-08-14 11:51:17,0.0,1
2026-08-14 11:51:17,0.0,1
2026-08-14 11:51:18,0.0,1
2026-08-14 11:51:18,0.0,1
2026-08-14 11:51:18,0.0,1
2026-08-14 11:51:18,0.0,1
2026-08-14 11:51:18,0.0,1
2026-08-14 11:51:18,0.0,1
2026-08-14 11:51:18,0.0,1
2026-08-14 11:51:18,0.0,1
2026-08-14 11:51:18,0.0,1
2026-08-14 11:51:18,0.0,1
2026-08-14 11:51:18,0.0,1
2026-08-14 11:51:18,0.0,1
2026-08-14 11:51:18,0.0,1
2026-08-14 11:51:18,0.0,1
2026-08-14 11:51:18,0.0,1
2026-08-14 11:51:18,0.0,1
2026-08-14 11:51:18,0.0,1
2026-08-14 11:51:18,0.0,1
2026-08-14 11:51:18,0.0,1
2026-08-14 11:51:18,0.0,1
2026-08-14 11:51:19,0.0,1
2026-08-14 11:51:19,0.0,1
2026-08-14 11:51:19,0.0,1
2026-08-14 11:51:19,0.0,1
2026-08-14 11:51:19,0.0,1
2026-08-14 11:51:19,0.0,1
2026-08-14 11:51:19,0.0,1
2026-08-14 11:51:19,0.0,1
2026-08-14 11:51:19,0.0,1
2026-08-14 11:51:19,0.0,1
2026-08-14 11:51:19,0.0,1
2026-08-14 11:51:19,0.0,1
2026-08-14 11:51:19,0.0,1
2026-08-14 11:51:19,0.0,1
2026-08-14 11:51:19,0.0,1
2026-08-14 11:51:19,0.0,1
2026-08-14 11:51:19,0.0,1
2026-08-14 11:51:19,0.0,1
2026-08-14 11:51:19,0.0,1
2026-08-14 11:51:19,0.0,1
2026-08-14 11:51:20,0.0,1
2026-08-14 11:51:20,0.0,1
2026-08-14 11:51:20,0.0,1
2026-08-14 11:51:20,0.0,1
2026-08-14 11:51:20,0.0,1
2026-08-14 11:51:20,0.0,1
2026-08-14 11:51:20,0.0,1
2026-08-14 11:51:20,0.0,1
2026-08-14 11:51:20,0.0,1
2026-08-14 11:51:20,0.0,1
2026-08-14 11:51:20,0.0,1
2026-08-14 11:51:20,0.0,1
2026-08-14 11:51:20,0.0,1
2026-08-14 11:51:20,0.0,1
2026-08-14 11:51:20,0.0,1
2026-08-14 11:51:20,0.0,1
2026-08-14 11:51:20,0.0,1
2026-08-14 11:51:20,0.0,1
2026-08-14 11:51:20,0.0,1
2026-08-14 11:51:20,0.0,1
2026-08-14 11:51:21,0.0,1
2026-08-14 11:51:21,0.0,1
2026-08-14 11:51:21,0.0,1
2026-08-14 11:51:21,0.0,1
2026-08-14 11:51:21,0.0,1
2026-08-14 11:51:21,0.0,1
2026-08-14 11:51:21,0.0,1
2026-08-14 11:51:21,0.0,1
2026-08-14 11:51:21,0.0,1
2026-08-14 11:51:21,0.0,1
2026-08-14 11:51:21,0.0,1
2026-08-14 11:51:21,0.0,1
2026-08-14 11:51:21,0.0,1
2026-08-14 11:51:21,0.0,1
2026-08-14 11:51:21,0.0,1
2026-08-14 11:51:21,0.0,1
2026-08-14 11:51:21,0.0,1
2026-08-14 11:51:21,0.0,1
2026-08-14 11:51:21,0.0,1
2026-08-14 11:51:21,0.0,1
2026-08-14 11:51:22,0.0,1
2026-08-14 11:51:22,0.0,1
2026-08-14 11:51:22,0.0,1
2026-08-14 11:51:22,0.0,1
2026-08-14 11:51:22,0.0,1
2026-08-14 11:51:22,0.0,1
2026-08-14 11:51:22,0.0,1
2026-08-14 11:51:22,0.0,1
2026-08-14 11:51:22,0.0,1
2026-08-14 11:51:22,0.0,1
2026-08-14 11:51:22,0.0,1
2026-08-14 11:51:22,0.0,1
2026-08-14 11:51:22,0.0,1
2026-08-14 11:51:22,0.0,1
2026-08-14 11:51:22,0.0,1
2026-08-14 11:51:22,0.0,1
2026-08-14 11:51:22,0.0,1
2026-08-14 11:51:22,0.0,1
2026-08-14 11:51:22,0.0,1
2026-08-14 11:51:22,0.0,1
2026-08-14 11:51:23,0.0,1
2026-08-14 11:51:23,0.0,1
2026-08-14 11:51:23,0.0,1
2026-08-14 11:51:23,0.0,1
2026-08-14 11:51:23,0.0,1
2026-08-14 11:51:23,0.0,1
2026-08-14 11:51:23,0.0,1
2026-08-14 11:51:23,0.0,1
2026-08-14 11:51:23,0.0,1
2026-08-14 11:51:23,0.0,1
2026-08-14 11:51:23,0.0,1
2026-08-14 11:51:23,0.0,1
2026-08-14 11:51:23,0.0,1
2026-08-14 11:51:23,0.0,1
2026-08-14 11:51:23,1.15625,1
2026-08-14 11:51:23,1.15625,1
2026-08-14 11:51:23,1.21875,1
2026-08-14 11:51:23,1.21875,1
2026-08-14 11:51:23,1.25,1
2026-08-14 11:51:23,1.25,1
2026-08-14 11:51:24,1.25,1
2026-08-14 11:51:24,1.25,1
2026-08-14 11:51:24,1.25,1
2026-08-14 11:51:24,1.25,1
2026-08-14 11:51:24,1.25,1
2026-08-14 11:51:24,1.25,1
2026-08-14 11:51:24,2.46875,1
2026-08-14 11:51:24,2.46875,1
2026-08-14 11:51:24,2.53125,1
2026-08-14 11:51:24,2.53125,1
2026-08-14 11:51:24,2.625,1
2026-08-14 11:51:24,2.625,1
2026-08-14 11:51:24,2.625,1
2026-08-14 11:51:24,2.625,1
2026-08-14 11:51:24,2.625,1
2026-08-14 11:51:24,2.625,1
2026-08-14 11:51:24,2.625,1
2026-08-14 11:51:24,2.625,1
2026-08-14 11:51:24,4.140625,1
2026-08-14 11:51:24,4.140625,1
2026-08-14 11:51:25,4.390625,1
2026-08-14 11:51:25,4.390625,1
2026-08-14 11:51:25,4.453125,1
2026-08-14 11:51:25,4.453125,1
2026-08-14 11:51:25,4.453125,1
2026-08-14 11:51:25,4.453125,1
2026-08-14 11:51:25,4.453125,1
2026-08-14 11:51:25,4.453125,1
2026-08-14 11:51:25,4.453125,1
2026-08-14 11:51:25,4.453125,1
2026-08-14 11:51:25,5.90625,1
2026-08-14 11:51:25,5.90625,1
2026-08-14 11:51:25,5.984375,1
2026-08-14 11:51:25,5.984375,1
2026-08-14 11:51:25,5.984375,1
2026-08-14 11:51:25,5.984375,1
2026-08-14 11:51:25,5.984375,1
2026-08-14 11:51:25,5.984375,1
2026-08-14 11:51:25,5.984375,1
2026-08-14 11:51:25,5.984375,1
2026-08-14 11:51:26,6.46875,1
2026-08-14 11:51:26,6.46875,1
2026-08-14 11:51:26,6.375,1
2026-08-14 11:51:26,6.375,1
2026-08-14 11:51:26,6.375,1
2026-08-14 11:51:26,6.375,1
2026-08-14 11:51:26,6.375,1
2026-08-14 11:51:26,6.375,1
2026-08-14 11:51:26,6.375,1
2026-08-14 11:51:26,6.375,1
2026-08-14 11:51:26,6.375,1
2026-08-14 11:51:26,6.375,1
2026-08-14 11:51:26,6.0625,1
2026-08-14 11:51:26,6.0625,1
2026-08-14 11:51:26,5.984375,1
2026-08-14 11:51:26,5.984375,1
2026-08-14 11:51:26,5.984375,1
2026-08-14 11:51:26,5.984375,1
2026-08-14 11:51:26,5.984375,1
2026-08-14 11:51:26,5.984375,1
2026-08-14 11:51:27,5.984375,1
2026-08-14 11:51:27,5.984375,1
2026-08-14 11:51:27,5.984375,1
2026-08-14 11:51:27,5.984375,1
2026-08-14 11:51:27,5.171875,1
2026-08-14 11:51:27,5.171875,1
2026-08-14 11:51:27,5.15625,1
2026-08-14 11:51:27,5.15625,1
2026-08-14 11:51:27,5.15625,1
2026-08-14 11:51:27,5.15625,1
2026-08-14 11:51:27,5.15625,1
2026-08-14 11:51:27,5.15625,1
2026-08-14 11:51:27,5.15625,1
2026-08-14 11:51:27,5.15625,1
2026-08-14 11:51:27,5.15625,1
2026-08-14 11:51:27,5.15625,1
2026-08-14 11:51:27,3.9375,1
2026-08-14 11:51:27,3.9375,1
2026-08-14 11:51:27,3.875,1
2026-08-14 11:51:27,3.875,1
2026-08-14 11:51:28,3.875,1
2026-08-14 11:51:28,3.875,1
2026-08-14 11:51:28,3.875,1
2026-08-14 11:51:28,3.875,1
2026-08-14 11:51:28,3.875,1
2026-08-14 11:51:28,3.875,1
2026-08-14 11:51:28,3.875,1
2026-08-14 11:51:28,3.875,1
2026-08-14 11:51:28,1.421875,1
2026-08-14 11:51:28,1.421875,1
2026-08-14 11:51:28,1.171875,1
2026-08-14 11:51:28,1.171875,1
2026-08-14 11:51:28,1.171875,1
2026-08-14 11:51:28,1.171875,1
2026-08-14 11:51:28,1.171875,1
2026-08-14 11:51:28,1.171875,1
2026-08-14 11:51:28,1.171875,1
2026-08-14 11:51:28,1.171875,1
2026-08-14 11:51:28,0.0,1
2026-08-14 11:51:28,0.0,1
2026-08-14 11:51:29,0.0,1
2026-08-14 11:51:29,0.0,1
2026-08-14 11:51:29,0.0,1
2026-08-14 11:51:29,0.0,1
2026-08-14 11:51:29,0.0,1
2026-08-14 11:51:29,0.0,1
2026-08-14 11:51:29,0.0,1
2026-08-14 11:51:29,0.0,1
2026-08-14 11:51:29,0.0,1
2026-08-14 11:51:29,0.0,1
2026-08-14 11:51:29,0.0,1
2026-08-14 11:51:29,0.0,1
2026-08-14 11:51:29,0.0,1
2026-08-14 11:51:29,0.0,1
2026-08-14 11:51:29,0.0,1
2026-08-14 11:51:29,0.0,1
2026-08-14 11:51:29,0.0,1
2026-08-14 11:51:29,0.0,1
2026-08-14 11:51:29,0.0,1
2026-08-14 11:51:29,0.0,1
2026-08-14 11:51:30,0.0,1
2026-08-14 11:51:30,0.0,1
2026-08-14 11:51:30,0.0,1
2026-08-14 11:51:30,0.0,1
2026-08-14 11:51:30,0.0,1
2026-08-14 11:51:30,0.0,1
2026-08-14 11:51:30,0.0,1
2026-08-14 11:51:30,0.0,1
2026-08-14 11:51:30,0.0,1
2026-08-14 11:51:30,0.0,1
2026-08-14 11:51:30,0.0,1
2026-08-14 11:51:30,0.0,1
2026-08-14 11:51:30,1.03125,1
2026-08-14 11:51:30,1.03125,1
2026-08-14 11:51:30,1.03125,1
2026-08-14 11:51:30,1.03125,1
2026-08-14 11:51:30,1.046875,1
2026-08-14 11:51:30,1.046875,1
2026-08-14 11:51:30,1.046875,1
2026-08-14 11:51:30,1.046875,1
2026-08-14 11:51:31,1.046875,1
2026-08-14 11:51:31,1.046875,1
2026-08-14 11:51:31,1.046875,1
2026-08-14 11:51:31,1.046875,1
2026-08-14 11:51:31,1.046875,1
2026-08-14 11:51:31,1.046875,1
2026-08-14 11:51:31,1.609375,1
2026-08-14 11:51:31,1.609375,1
2026-08-14 11:51:31,1.65625,1
2026-08-14 11:51:31,1.65625,1
2026-08-14 11:51:31,1.65625,1
2026-08-14 11:51:31,1.65625,1
2026-08-14 11:51:31,1.65625,1
2026-08-14 11:51:31,1.65625,1
2026-08-14 11:51:31,1.65625,1
2026-08-14 11:51:31,1.65625,1
2026-08-14 11:51:31,0.953125,1
2026-08-14 11:51:31,0.953125,1
2026-08-14 11:51:31,0.953125,1
2026-08-14 11:51:31,0.953125,1
2026-08-14 11:51:32,0.921875,1
2026-08-14 11:51:32,0.921875,1
2026-08-14 11:51:32,0.921875,1
2026-08-14 11:51:32,0.921875,1
2026-08-14 11:51:32,0.921875,1
2026-08-14 11:51:32,0.921875,1
2026-08-14 11:51:32,0.921875,1
2026-08-14 11:51:32,0.921875,1
2026-08-14 11:51:32,0.921875,1
2026-08-14 11:51:32,0.921875,1
2026-08-14 11:51:32,0.0,1
2026-08-14 11:51:32,0.0,1
2026-08-14 11:51:32,0.0,1
2026-08-14 11:51:32,0.0,1
2026-08-14 11:51:32,0.0,1
2026-08-14 11:51:32,0.0,1
2026-08-14 11:51:32,0.0,1
2026-08-14 11:51:32,0.0,1
2026-08-14 11:51:32,0.0,1
2026-08-14 11:51:32,0.0,1
2026-08-14 11:51:33,0.0,1
2026-08-14 11:51:33,0.0,1
2026-08-14 11:51:33,0.0,1
2026-08-14 11:51:33,0.0,1
2026-08-14 11:51:33,0.0,1
2026-08-14 11:51:33,0.0,1
2026-08-14 11:51:33,0.0,1
2026-08-14 11:51:33,0.0,1
2026-08-14 11:51:33,0.0,1
2026-08-14 11:51:33,0.0,1
2026-08-14 11:51:33,0.0,1
2026-08-14 11:51:33,0.0,1
2026-08-14 11:51:33,0.0,1
2026-08-14 11:51:33,0.0,1
2026-08-14 11:51:33,0.0,1
2026-08-14 11:51:33,0.0,1
2026-08-14 11:51:33,0.0,1
2026-08-14 11:51:33,0.0,1
2026-08-14 11:51:33,0.0,1
2026-08-14 11:51:33,0.0,1
2026-08-14 11:51:34,0.0,1
2026-08-14 11:51:34,0.0,1
2026-08-14 11:51:34,0.0,1
2026-08-14 11:51:34,0.0,1
2026-08-14 11:51:34,0.0,1
2026-08-14 11:51:34,0.0,1
2026-08-14 11:51:34,0.0,1
2026-08-14 11:51:34,0.0,1
2026-08-14 11:51:34,0.0,1
2026-08-14 11:51:34,0.0,1
2026-08-14 11:51:34,0.0,1
2026-08-14 11:51:34,0.0,1
2026-08-14 11:51:34,0.0,1
2026-08-14 11:51:34,0.0,1
2026-08-14 11:51:34,0.0,1
2026-08-14 11:51:34,0.0,1
2026-08-14 11:51:34,1.046875,1
2026-08-14 11:51:34,1.046875,1
2026-08-14 11:51:34,1.09375,1
2026-08-14 11:51:34,1.09375,1
2026-08-14 11:51:35,1.09375,1
2026-08-14 11:51:35,1.09375,1
2026-08-14 11:51:35,1.09375,1
2026-08-14 11:51:35,1.09375,1
2026-08-14 11:51:35,1.09375,1
2026-08-14 11:51:35,1.09375,1
2026-08-14 11:51:35,2.53125,1
2026-08-14 11:51:35,2.53125,1
2026-08-14 11:51:35,2.53125,1
2026-08-14 11:51:35,2.53125,1
2026-08-14 11:51:35,2.6875,1
2026-08-14 11:51:35,2.6875,1
2026-08-14 11:51:35,2.78125,1
2026-08-14 11:51:35,2.78125,1
2026-08-14 11:51:35,2.78125,1
2026-08-14 11:51:35,2.78125,1
2026-08-14 11:51:35,2.78125,1
2026-08-14 11:51:35,2.78125,1
2026-08-14 11:51:35,5.3125,1
2026-08-14 11:51:35,5.3125,1
2026-08-14 11:51:36,5.3125,1
2026-08-14 11:51:36,5.3125,1
2026-08-14 11:51:36,5.34375,1
2026-08-14 11:51:36,5.34375,1
2026-08-14 11:51:36,5.359375,1
2026-08-14 11:51:36,5.359375,1
2026-08-14 11:51:36,5.359375,1
2026-08-14 11:51:36,5.359375,1
2026-08-14 11:51:36,5.359375,1
2026-08-14 11:51:36,5.359375,1
2026-08-14 11:51:36,5.359375,1
2026-08-14 11:51:36,5.359375,1
2026-08-14 11:51:36,9.1875,1
2026-08-14 11:51:36,9.1875,1
2026-08-14 11:51:36,9.296875,1
2026-08-14 11:51:36,9.296875,1
2026-08-14 11:51:36,9.578125,1
2026-08-14 11:51:36,9.578125,1
2026-08-14 11:51:36,9.578125,1
2026-08-14 11:51:36,9.578125,1
2026-08-14 11:51:37,9.578125,1
2026-08-14 11:51:37,9.578125,1
2026-08-14 11:51:37,9.578125,1
2026-08-14 11:51:37,9.578125,1
2026-08-14 11:51:37,13.578125,1
2026-08-14 11:51:37,13.578125,1
2026-08-14 11:51:37,13.96875,1
2026-08-14 11:51:37,13.96875,1
2026-08-14 11:51:37,14.046875,1
2026-08-14 11:51:37,14.046875,1
2026-08-14 11:51:37,14.046875,1
2026-08-14 11:51:37,14.046875,1
2026-08-14 11:51:37,14.046875,1
2026-08-14 11:51:37,14.046875,1
2026-08-14 11:51:37,14.046875,1
2026-08-14 11:51:37,14.046875,1
2026-08-14 11:51:37,17.8125,1
2026-08-14 11:51:37,17.8125,1
2026-08-14 11:51:37,18.203125,1
2026-08-14 11:51:37,18.203125,1
2026-08-14 11:51:38,18.265625,1
2026-08-14 11:51:38,18.265625,1
2026-08-14 11:51:38,18.265625,1
2026-08-14 11:51:38,18.265625,1
2026-08-14 11:51:38,18.265625,1
2026-08-14 11:51:38,18.265625,1
2026-08-14 11:51:38,18.265625,1
2026-08-14 11:51:38,18.265625,1
2026-08-14 11:51:38,21.53125,1
2026-08-14 11:51:38,21.53125,1
2026-08-14 11:51:38,21.875,1
2026-08-14 11:51:38,21.875,1
2026-08-14 11:51:38,21.875,1
2026-08-14 11:51:38,21.875,1
2026-08-14 11:51:38,21.875,1
2026-08-14 11:51:38,21.875,1
2026-08-14 11:51:38,21.875,1
2026-08-14 11:51:38,21.875,1
2026-08-14 11:51:38,20.3125,1
2026-08-14 11:51:38,20.3125,1
2026-08-14 11:51:39,20.375,1
2026-08-14 11:51:39,20.375,1
2026-08-14 11:51:39,20.40625,1
2026-08-14 11:51:39,20.40625,1
2026-08-14 11:51:39,20.40625,1
2026-08-14 11:51:39,20.40625,1
2026-08-14 11:51:39,20.40625,1
2026-08-14 11:51:39,20.40625,1
2026-08-14 11:51:39,20.40625,1
2026-08-14 11:51:39,20.40625,1
2026-08-14 11:51:39,20.40625,1
2026-08-14 11:51:39,20.40625,1
2026-08-14 11:51:39,20.578125,1
2026-08-14 11:51:39,20.578125,1
2026-08-14 11:51:39,21.421875,1
2026-08-14 11:51:39,21.421875,1
2026-08-14 11:51:39,21.421875,1
2026-08-14 11:51:39,21.421875,1
2026-08-14 11:51:39,21.421875,1
2026-08-14 11:51:39,21.421875,1
2026-08-14 11:51:40,21.421875,1
2026-08-14 11:51:40,21.421875,1
2026-08-14 11:51:40,21.421875,1
2026-08-14 11:51:40,21.421875,1
2026-08-14 11:51:40,22.359375,1
2026-08-14 11:51:40,22.359375,1
2026-08-14 11:51:40,22.453125,1
2026-08-14 11:51:40,22.453125,1
2026-08-14 11:51:40,22.453125,1
2026-08-14 11:51:40,22.453125,1
2026-08-14 11:51:40,22.453125,1
2026-08-14 11:51:40,22.453125,1
2026-08-14 11:51:40,22.453125,1
2026-08-14 11:51:40,22.453125,1
2026-08-14 11:51:40,22.453125,1
2026-08-14 11:51:40,22.453125,1
2026-08-14 11:51:40,22.703125,1
2026-08-14 11:51:40,22.703125,1
2026-08-14 11:51:40,22.640625,1
2026-08-14 11:51:40,22.640625,1
2026-08-14 11:51:41,22.640625,1
2026-08-14 11:51:41,22.640625,1
2026-08-14 11:51:41,22.640625,1
2026-08-14 11:51:41,22.640625,1
2026-08-14 11:51:41,22.640625,1
2026-08-14 11:51:41,22.640625,1
2026-08-14 11:51:41,22.640625,1
2026-08-14 11:51:41,22.640625,1
2026-08-14 11:51:41,22.8125,1
2026-08-14 11:51:41,22.8125,1
2026-08-14 11:51:41,22.84375,1
2026-08-14 11:51:41,22.84375,1
2026-08-14 11:51:41,22.84375,1
2026-08-14 11:51:41,22.84375,1
2026-08-14 11:51:41,22.84375,1
2026-08-14 11:51:41,22.84375,1
2026-08-14 11:51:41,22.84375,1
2026-08-14 11:51:41,22.84375,1
2026-08-14 11:51:41,23.09375,1
2026-08-14 11:51:41,23.09375,1
2026-08-14 11:51:42,23.140625,1
2026-08-14 11:51:42,23.140625,1
2026-08-14 11:51:42,23.203125,1
2026-08-14 11:51:42,23.203125,1
2026-08-14 11:51:42,23.203125,1
2026-08-14 11:51:42,23.203125,1
2026-08-14 11:51:42,23.203125,1
2026-08-14 11:51:42,23.203125,1
2026-08-14 11:51:42,23.203125,1
2026-08-14 11:51:42,23.203125,1
2026-08-14 11:51:42,22.828125,1
2026-08-14 11:51:42,22.828125,1
2026-08-14 11:51:42,22.765625,1
2026-08-14 11:51:42,22.765625,1
2026-08-14 11:51:42,22.765625,1
2026-08-14 11:51:42,22.765625,1
2026-08-14 11:51:42,22.765625,1
2026-08-14 11:51:42,22.765625,1
2026-08-14 11:51:42,22.765625,1
2026-08-14 11:51:42,22.765625,1
2026-08-14 11:51:43,22.609375,1
2026-08-14 11:51:43,22.609375,1
2026-08-14 11:51:43,22.640625,1
2026-08-14 11:51:43,22.640625,1
2026-08-14 11:51:43,22.671875,1
2026-08-14 11:51:43,22.671875,1
2026-08-14 11:51:43,22.671875,1
2026-08-14 11:51:43,22.671875,1
2026-08-14 11:51:43,22.671875,1
2026-08-14 11:51:43,22.671875,1
2026-08-14 11:51:43,22.671875,1
2026-08-14 11:51:43,22.671875,1
2026-08-14 11:51:43,22.59375,1
2026-08-14 11:51:43,22.59375,1
2026-08-14 11:51:43,22.65625,1
2026-08-14 11:51:43,22.65625,1
2026-08-14 11:51:43,22.53125,1
2026-08-14 11:51:43,22.53125,1
2026-08-14 11:51:43,22.53125,1
2026-08-14 11:51:43,22.53125,1
2026-08-14 11:51:44,22.53125,1
2026-08-14 11:51:44,22.53125,1
2026-08-14 11:51:44,22.671875,1
2026-08-14 11:51:44,22.671875,1
2026-08-14 11:51:44,22.671875,1
2026-08-14 11:51:44,22.671875,1
2026-08-14 11:51:44,22.71875,1
2026-08-14 11:51:44,22.71875,1
2026-08-14 11:51:44,22.625,1
2026-08-14 11:51:44,22.625,1
2026-08-14 11:51:44,22.625,1
2026-08-14 11:51:44,22.625,1
2026-08-14 11:51:44,22.625,1
2026-08-14 11:51:44,22.625,1
2026-08-14 11:51:44,22.234375,1
2026-08-14 11:51:44,22.234375,1
2026-08-14 11:51:44,22.09375,1
2026-08-14 11:51:44,22.09375,1
2026-08-14 11:51:44,22.09375,1
2026-08-14 11:51:44,22.09375,1
2026-08-14 11:51:45,22.09375,1
2026-08-14 11:51:45,22.09375,1
2026-08-14 11:51:45,22.09375,1
2026-08-14 11:51:45,22.09375,1
2026-08-14 11:51:45,22.09375,1
2026-08-14 11:51:45,22.09375,1
2026-08-14 11:51:45,21.5625,1
2026-08-14 11:51:45,21.5625,1
2026-08-14 11:51:45,21.515625,1
2026-08-14 11:51:45,21.515625,1
2026-08-14 11:51:45,21.515625,1
2026-08-14 11:51:45,21.515625,1
2026-08-14 11:51:45,21.515625,1
2026-08-14 11:51:45,21.515625,1
2026-08-14 11:51:45,21.515625,1
2026-08-14 11:51:45,21.515625,1
2026-08-14 11:51:45,21.5625,1
2026-08-14 11:51:45,21.5625,1
2026-08-14 11:51:45,21.703125,1
2026-08-14 11:51:45,21.703125,1
2026-08-14 11:51:46,21.703125,1
2026-08-14 11:51:46,21.703125,1
2026-08-14 11:51:46,21.703125,1
2026-08-14 11:51:46,21.703125,1
2026-08-14 11:51:46,21.703125,1
2026-08-14 11:51:46,21.703125,1
2026-08-14 11:51:46,21.703125,1
2026-08-14 11:51:46,21.703125,1
2026-08-14 11:51:46,21.703125,1
2026-08-14 11:51:46,21.703125,1
2026-08-14 11:51:46,21.046875,1
2026-08-14 11:51:46,21.046875,1
2026-08-14 11:51:46,21.078125,1
2026-08-14 11:51:46,21.078125,1
2026-08-14 11:51:46,21.078125,1
2026-08-14 11:51:46,21.078125,1
2026-08-14 11:51:46,21.078125,1
2026-08-14 11:51:46,21.078125,1
2026-08-14 11:51:46,21.078125,1
2026-08-14 11:51:46,21.078125,1
2026-08-14 11:51:47,20.171875,1
2026-08-14 11:51:47,20.171875,1
2026-08-14 11:51:47,20.515625,1
2026-08-14 11:51:47,20.515625,1
2026-08-14 11:51:47,20.265625,1
2026-08-14 11:51:47,20.265625,1
2026-08-14 11:51:47,20.265625,1
2026-08-14 11:51:47,20.265625,1
2026-08-14 11:51:47,20.265625,1
2026-08-14 11:51:47,20.265625,1
2026-08-14 11:51:47,20.25,1
2026-08-14 11:51:47,20.25,1
2026-08-14 11:51:47,20.25,1
2026-08-14 11:51:47,20.25,1
2026-08-14 11:51:47,20.265625,1
2026-08-14 11:51:47,20.265625,1
2026-08-14 11:51:47,20.234375,1
2026-08-14 11:51:47,20.234375,1
2026-08-14 11:51:47,20.234375,1
2026-08-14 11:51:47,20.234375,1
2026-08-14 11:51:48,20.234375,1
2026-08-14 11:51:48,20.234375,1
2026-08-14 11:51:48,20.234375,1
2026-08-14 11:51:48,20.234375,1
2026-08-14 11:51:48,20.3125,1
2026-08-14 11:51:48,20.3125,1
2026-08-14 11:51:48,20.234375,1
2026-08-14 11:51:48,20.234375,1
2026-08-14 11:51:48,20.234375,1
2026-08-14 11:51:48,20.234375,1
2026-08-14 11:51:48,20.234375,1
2026-08-14 11:51:48,20.234375,1
2026-08-14 11:51:48,20.234375,1
2026-08-14 11:51:48,20.234375,1
2026-08-14 11:51:48,20.234375,1
2026-08-14 11:51:48,20.234375,1
2026-08-14 11:51:48,20.234375,1
2026-08-14 11:51:48,20.234375,1
2026-08-14 11:51:48,21.3125,1
2026-08-14 11:51:48,21.3125,1
2026-08-14 11:51:49,21.25,1
2026-08-14 11:51:49,21.25,1
2026-08-14 11:51:49,21.25,1
2026-08-14 11:51:49,21.25,1
2026-08-14 11:51:49,21.25,1
2026-08-14 11:51:49,21.25,1
2026-08-14 11:51:49,21.25,1
2026-08-14 11:51:49,21.25,1
2026-08-14 11:51:49,18.484375,1
2026-08-14 11:51:49,18.484375,1
2026-08-14 11:51:49,18.09375,1
2026-08-14 11:51:49,18.09375,1
2026-08-14 11:51:49,18.09375,1
2026-08-14 11:51:49,18.09375,1
2026-08-14 11:51:49,18.09375,1
2026-08-14 11:51:49,18.09375,1
2026-08-14 11:51:49,18.09375,1
2026-08-14 11:51:49,18.09375,1
2026-08-14 11:51:49,12.96875,1
2026-08-14 11:51:49,12.96875,1
2026-08-14 11:51:50,12.953125,1
2026-08-14 11:51:50,12.953125,1
2026-08-14 11:51:50,12.8125,1
2026-08-14 11:51:50,12.8125,1
2026-08-14 11:51:50,12.8125,1
2026-08-14 11:51:50,12.8125,1
2026-08-14 11:51:50,12.8125,1
2026-08-14 11:51:50,12.8125,1
2026-08-14 11:51:50,12.8125,1
2026-08-14 11:51:50,12.8125,1
2026-08-14 11:51:50,12.8125,1
2026-08-14 11:51:50,12.8125,1
2026-08-14 11:51:50,10.796875,1
2026-08-14 11:51:50,10.796875,1
2026-08-14 11:51:50,10.75,1
2026-08-14 11:51:50,10.75,1
2026-08-14 11:51:50,10.75,1
2026-08-14 11:51:50,10.75,1
2026-08-14 11:51:50,10.75,1
2026-08-14 11:51:50,10.75,1
2026-08-14 11:51:51,10.75,1
2026-08-14 11:51:51,10.75,1
2026-08-14 11:51:51,10.75,1
2026-08-14 11:51:51,10.75,1
2026-08-14 11:51:51,8.375,1
2026-08-14 11:51:51,8.375,1
2026-08-14 11:51:51,8.46875,1
2026-08-14 11:51:51,8.46875,1
2026-08-14 11:51:51,8.46875,1
2026-08-14 11:51:51,8.46875,1
2026-08-14 11:51:51,8.46875,1
2026-08-14 11:51:51,8.46875,1
2026-08-14 11:51:51,8.46875,1
2026-08-14 11:51:51,8.46875,1
2026-08-14 11:51:51,10.9375,1
2026-08-14 11:51:51,10.9375,1
2026-08-14 11:51:51,11.203125,1
2026-08-14 11:51:51,11.203125,1
2026-08-14 11:51:51,11.203125,1
2026-08-14 11:51:51,11.203125,1
2026-08-14 11:51:52,11.203125,1
2026-08-14 11:51:52,11.203125,1
2026-08-14 11:51:52,11.203125,1
2026-08-14 11:51:52,11.203125,1
2026-08-14 11:51:52,11.203125,1
2026-08-14 11:51:52,11.203125,1
2026-08-14 11:51:52,10.90625,1
2026-08-14 11:51:52,10.90625,1
2026-08-14 11:51:52,11.109375,1
2026-08-14 11:51:52,11.109375,1
2026-08-14 11:51:52,11.109375,1
2026-08-14 11:51:52,11.109375,1
2026-08-14 11:51:52,11.109375,1
2026-08-14 11:51:52,11.109375,1
2026-08-14 11:51:52,11.109375,1
2026-08-14 11:51:52,11.109375,1
2026-08-14 11:51:52,10.25,1
2026-08-14 11:51:52,10.25,1
2026-08-14 11:51:52,10.375,1
2026-08-14 11:51:52,10.375,1
2026-08-14 11:51:53,10.671875,1
2026-08-14 11:51:53,10.671875,1
2026-08-14 11:51:53,10.671875,1
2026-08-14 11:51:53,10.671875,1
2026-08-14 11:51:53,10.671875,1
2026-08-14 11:51:53,10.671875,1
2026-08-14 11:51:53,10.671875,1
2026-08-14 11:51:53,10.671875,1
2026-08-14 11:51:53,10.671875,1
2026-08-14 11:51:53,10.671875,1
2026-08-14 11:51:53,12.734375,1
2026-08-14 11:51:53,12.734375,1
2026-08-14 11:51:53,12.578125,1
2026-08-14 11:51:53,12.578125,1
2026-08-14 11:51:53,12.578125,1
2026-08-14 11:51:53,12.578125,1
2026-08-14 11:51:53,12.578125,1
2026-08-14 11:51:53,12.578125,1
2026-08-14 11:51:53,12.578125,1
2026-08-14 11:51:53,12.578125,1
2026-08-14 11:51:54,13.84375,1
2026-08-14 11:51:54,13.84375,1
2026-08-14 11:51:54,14.09375,1
2026-08-14 11:51:54,14.09375,1
2026-08-14 11:51:54,14.09375,1
2026-08-14 11:51:54,14.09375,1
2026-08-14 11:51:54,14.09375,1
2026-08-14 11:51:54,14.09375,1
2026-08-14 11:51:54,14.09375,1
2026-08-14 11:51:54,14.09375,1
2026-08-14 11:51:54,16.484375,1
2026-08-14 11:51:54,16.484375,1
2026-08-14 11:51:54,16.640625,1
2026-08-14 11:51:54,16.640625,1
2026-08-14 11:51:54,16.78125,1
2026-08-14 11:51:54,16.78125,1
2026-08-14 11:51:54,16.78125,1
2026-08-14 11:51:54,16.78125,1
2026-08-14 11:51:54,16.78125,1
2026-08-14 11:51:54,16.78125,1
2026-08-14 11:51:55,16.78125,1
2026-08-14 11:51:55,16.78125,1
2026-08-14 11:51:55,21.015625,1
2026-08-14 11:51:55,21.015625,1
2026-08-14 11:51:55,21.03125,1
2026-08-14 11:51:55,21.03125,1
2026-08-14 11:51:55,21.078125,1
2026-08-14 11:51:55,21.078125,1
2026-08-14 11:51:55,21.078125,1
2026-08-14 11:51:55,21.078125,1
2026-08-14 11:51:55,21.078125,1
2026-08-14 11:51:55,21.078125,1
2026-08-14 11:51:55,21.078125,1
2026-08-14 11:51:55,21.078125,1
2026-08-14 11:51:55,21.078125,1
2026-08-14 11:51:55,21.078125,1
2026-08-14 11:51:55,19.953125,1
2026-08-14 11:51:55,19.953125,1
2026-08-14 11:51:55,20.390625,1
2026-08-14 11:51:55,20.390625,1
2026-08-14 11:51:56,20.390625,1
2026-08-14 11:51:56,20.390625,1
2026-08-14 11:51:56,20.390625,1
2026-08-14 11:51:56,20.390625,1
2026-08-14 11:51:56,20.390625,1
2026-08-14 11:51:56,20.390625,1
2026-08-14 11:51:56,20.390625,1
2026-08-14 11:51:56,20.390625,1
2026-08-14 11:51:56,19.625,1
2026-08-14 11:51:56,19.625,1
2026-08-14 11:51:56,20.671875,1
2026-08-14 11:51:56,20.671875,1
2026-08-14 11:51:56,20.3125,1
2026-08-14 11:51:56,20.3125,1
2026-08-14 11:51:56,20.3125,1
2026-08-14 11:51:56,20.3125,1
2026-08-14 11:51:56,20.3125,1
2026-08-14 11:51:56,20.3125,1
2026-08-14 11:51:56,20.3125,1
2026-08-14 11:51:56,20.3125,1
2026-08-14 11:51:57,21.625,1
2026-08-14 11:51:57,21.625,1
2026-08-14 11:51:57,21.421875,1
2026-08-14 11:51:57,21.421875,1
2026-08-14 11:51:57,20.09375,1
2026-08-14 11:51:57,20.09375,1
2026-08-14 11:51:57,20.09375,1
2026-08-14 11:51:57,20.09375,1
2026-08-14 11:51:57,20.09375,1
2026-08-14 11:51:57,20.09375,1
2026-08-14 11:51:57,20.09375,1
2026-08-14 11:51:57,20.09375,1
2026-08-14 11:51:57,20.09375,1
2026-08-14 11:51:57,20.09375,1
2026-08-14 11:51:57,21.28125,1
2026-08-14 11:51:57,21.28125,1
2026-08-14 11:51:57,22.03125,1
2026-08-14 11:51:57,22.03125,1
2026-08-14 11:51:57,22.078125,1
2026-08-14 11:51:57,22.078125,1
2026-08-14 11:51:58,22.078125,1
2026-08-14 11:51:58,22.078125,1
2026-08-14 11:51:58,22.078125,1
2026-08-14 11:51:58,22.078125,1
2026-08-14 11:51:58,22.28125,1
2026-08-14 11:51:58,22.28125,1
2026-08-14 11:51:58,22.09375,1
2026-08-14 11:51:58,22.09375,1
2026-08-14 11:51:58,21.890625,1
2026-08-14 11:51:58,21.890625,1
2026-08-14 11:51:58,21.890625,1
2026-08-14 11:51:58,21.890625,1
2026-08-14 11:51:58,21.890625,1
2026-08-14 11:51:58,21.890625,1
2026-08-14 11:51:58,21.890625,1
2026-08-14 11:51:58,21.890625,1
2026-08-14 11:51:58,21.34375,1
2026-08-14 11:51:58,21.34375,1
2026-08-14 11:51:58,21.265625,1
2026-08-14 11:51:58,21.265625,1
2026-08-14 11:51:59,21.265625,1
2026-08-14 11:51:59,21.265625,1
2026-08-14 11:51:59,21.265625,1
2026-08-14 11:51:59,21.265625,1
2026-08-14 11:51:59,21.265625,1
2026-08-14 11:51:59,21.265625,1
2026-08-14 11:51:59,21.265625,1
2026-08-14 11:51:59,21.265625,1
2026-08-14 11:51:59,21.265625,1
2026-08-14 11:51:59,21.265625,1
2026-08-14 11:51:59,20.3125,1
2026-08-14 11:51:59,20.3125,1
2026-08-14 11:51:59,20.53125,1
2026-08-14 11:51:59,20.53125,1
2026-08-14 11:51:59,20.53125,1
2026-08-14 11:51:59,20.53125,1
2026-08-14 11:51:59,20.53125,1
2026-08-14 11:51:59,20.53125,1
2026-08-14 11:51:59,20.53125,1
2026-08-14 11:51:59,20.53125,1
2026-08-14 11:52:00,18.5,1
2026-08-14 11:52:00,18.5,1
2026-08-14 11:52:00,18.5,1
2026-08-14 11:52:00,18.5,1
2026-08-14 11:52:00,18.53125,1
2026-08-14 11:52:00,18.53125,1
2026-08-14 11:52:00,18.53125,1
2026-08-14 11:52:00,18.53125,1
2026-08-14 11:52:00,18.53125,1
2026-08-14 11:52:00,18.53125,1
2026-08-14 11:52:00,18.53125,1
2026-08-14 11:52:00,18.53125,1
2026-08-14 11:52:00,18.53125,1
2026-08-14 11:52:00,18.53125,1
2026-08-14 11:52:00,14.671875,1
2026-08-14 11:52:00,14.671875,1
2026-08-14 11:52:00,14.40625,1
2026-08-14 11:52:00,14.40625,1
2026-08-14 11:52:00,14.40625,1
2026-08-14 11:52:00,14.40625,1
2026-08-14 11:52:01,14.40625,1
2026-08-14 11:52:01,14.40625,1
2026-08-14 11:52:01,18.171875,1
2026-08-14 11:52:01,18.171875,1
2026-08-14 11:52:01,18.921875,1
2026-08-14 11:52:01,18.921875,1
2026-08-14 11:52:01,19.109375,1
2026-08-14 11:52:01,19.109375,1
2026-08-14 11:52:01,19.109375,1
2026-08-14 11:52:01,19.109375,1
2026-08-14 11:52:01,19.109375,1
2026-08-14 11:52:01,19.109375,1
2026-08-14 11:52:01,15.78125,1
2026-08-14 11:52:01,15.78125,1
2026-08-14 11:52:01,15.640625,1
2026-08-14 11:52:01,15.640625,1
2026-08-14 11:52:01,15.9375,1
2026-08-14 11:52:01,15.9375,1
2026-08-14 11:52:01,15.9375,1
2026-08-14 11:52:01,15.9375,1
2026-08-14 11:52:02,15.9375,1
2026-08-14 11:52:02,15.9375,1
2026-08-14 11:52:02,15.9375,1
2026-08-14 11:52:02,15.9375,1
2026-08-14 11:52:02,18.421875,1
2026-08-14 11:52:02,18.421875,1
2026-08-14 11:52:02,18.9375,1
2026-08-14 11:52:02,18.9375,1
2026-08-14 11:52:02,19.09375,1
2026-08-14 11:52:02,19.09375,1
2026-08-14 11:52:02,19.09375,1
2026-08-14 11:52:02,19.09375,1
2026-08-14 11:52:02,19.09375,1
2026-08-14 11:52:02,19.09375,1
2026-08-14 11:52:02,22.109375,1
2026-08-14 11:52:02,22.109375,1
2026-08-14 11:52:02,22.109375,1
2026-08-14 11:52:02,22.109375,1
2026-08-14 11:52:02,22.375,1
2026-08-14 11:52:02,22.375,1
2026-08-14 11:52:03,22.625,1
2026-08-14 11:52:03,22.625,1
2026-08-14 11:52:03,22.625,1
2026-08-14 11:52:03,22.625,1
2026-08-14 11:52:03,22.625,1
2026-08-14 11:52:03,22.625,1
2026-08-14 11:52:03,22.625,1
2026-08-14 11:52:03,22.625,1
2026-08-14 11:52:03,23.671875,1
2026-08-14 11:52:03,23.671875,1
2026-08-14 11:52:03,23.765625,1
2026-08-14 11:52:03,23.765625,1
2026-08-14 11:52:03,23.859375,1
2026-08-14 11:52:03,23.859375,1
2026-08-14 11:52:03,23.859375,1
2026-08-14 11:52:03,23.859375,1
2026-08-14 11:52:03,23.859375,1
2026-08-14 11:52:03,23.859375,1
2026-08-14 11:52:03,23.859375,1
2026-08-14 11:52:03,23.859375,1
2026-08-14 11:52:04,22.796875,1
2026-08-14 11:52:04,22.796875,1
2026-08-14 11:52:04,22.828125,1
2026-08-14 11:52:04,22.828125,1
2026-08-14 11:52:04,22.875,1
2026-08-14 11:52:04,22.875,1
2026-08-14 11:52:04,22.875,1
2026-08-14 11:52:04,22.875,1
2026-08-14 11:52:04,22.875,1
2026-08-14 11:52:04,22.875,1
2026-08-14 11:52:04,22.875,1
2026-08-14 11:52:04,22.875,1
2026-08-14 11:52:04,22.25,1
2026-08-14 11:52:04,22.25,1
2026-08-14 11:52:04,22.296875,1
2026-08-14 11:52:04,22.296875,1
2026-08-14 11:52:04,22.296875,1
2026-08-14 11:52:04,22.296875,1
2026-08-14 11:52:04,22.296875,1
2026-08-14 11:52:04,22.296875,1
2026-08-14 11:52:05,22.296875,1
2026-08-14 11:52:05,22.296875,1
2026-08-14 11:52:05,22.453125,1
2026-08-14 11:52:05,22.453125,1
2026-08-14 11:52:05,22.421875,1
2026-08-14 11:52:05,22.421875,1
2026-08-14 11:52:05,22.484375,1
2026-08-14 11:52:05,22.484375,1
2026-08-14 11:52:05,22.484375,1
2026-08-14 11:52:05,22.484375,1
2026-08-14 11:52:05,22.484375,1
2026-08-14 11:52:05,22.484375,1
2026-08-14 11:52:05,22.484375,1
2026-08-14 11:52:05,22.484375,1
2026-08-14 11:52:05,22.34375,1
2026-08-14 11:52:05,22.34375,1
2026-08-14 11:52:05,22.34375,1
2026-08-14 11:52:05,22.34375,1
2026-08-14 11:52:05,22.34375,1
2026-08-14 11:52:05,22.34375,1
2026-08-14 11:52:06,22.34375,1
2026-08-14 11:52:06,22.34375,1
2026-08-14 11:52:06,22.34375,1
2026-08-14 11:52:06,22.34375,1
2026-08-14 11:52:06,22.34375,1
2026-08-14 11:52:06,22.34375,1
2026-08-14 11:52:06,22.34375,1
2026-08-14 11:52:06,22.34375,1
2026-08-14 11:52:06,22.609375,1
2026-08-14 11:52:06,22.609375,1
2026-08-14 11:52:06,22.421875,1
2026-08-14 11:52:06,22.421875,1
2026-08-14 11:52:06,22.3125,1
2026-08-14 11:52:06,22.3125,1
2026-08-14 11:52:06,22.3125,1
2026-08-14 11:52:06,22.3125,1
2026-08-14 11:52:06,22.3125,1
2026-08-14 11:52:06,22.3125,1
2026-08-14 11:52:06,20.6875,1
2026-08-14 11:52:06,20.6875,1
2026-08-14 11:52:07,20.625,1
2026-08-14 11:52:07,20.625,1
2026-08-14 11:52:07,20.65625,1
2026-08-14 11:52:07,20.65625,1
2026-08-14 11:52:07,20.65625,1
2026-08-14 11:52:07,20.65625,1
2026-08-14 11:52:07,20.65625,1
2026-08-14 11:52:07,20.65625,1
2026-08-14 11:52:07,21.5,1
2026-08-14 11:52:07,21.5,1
2026-08-14 11:52:07,21.5,1
2026-08-14 11:52:07,21.5,1
2026-08-14 11:52:07,21.25,1
2026-08-14 11:52:07,21.25,1
2026-08-14 11:52:07,21.078125,1
2026-08-14 11:52:07,21.078125,1
2026-08-14 11:52:07,21.078125,1
2026-08-14 11:52:07,21.078125,1
2026-08-14 11:52:07,21.078125,1
2026-08-14 11:52:07,21.078125,1
2026-08-14 11:52:08,20.84375,1
2026-08-14 11:52:08,20.84375,1
2026-08-14 11:52:08,21.09375,1
2026-08-14 11:52:08,21.09375,1
2026-08-14 11:52:08,21.09375,1
2026-08-14 11:52:08,21.09375,1
2026-08-14 11:52:08,21.09375,1
2026-08-14 11:52:08,21.09375,1
2026-08-14 11:52:08,21.09375,1
2026-08-14 11:52:08,21.09375,1
2026-08-14 11:52:08,19.46875,1
2026-08-14 11:52:08,19.46875,1
2026-08-14 11:52:08,19.46875,1
2026-08-14 11:52:08,19.46875,1
2026-08-14 11:52:08,19.546875,1
2026-08-14 11:52:08,19.546875,1
2026-08-14 11:52:08,19.546875,1
2026-08-14 11:52:08,19.546875,1
2026-08-14 11:52:08,19.546875,1
2026-08-14 11:52:08,19.546875,1
2026-08-14 11:52:09,19.546875,1
2026-08-14 11:52:09,19.546875,1
2026-08-14 11:52:09,20.421875,1
2026-08-14 11:52:09,20.421875,1
2026-08-14 11:52:09,20.421875,1
2026-08-14 11:52:09,20.421875,1
2026-08-14 11:52:09,20.546875,1
2026-08-14 11:52:09,20.546875,1
2026-08-14 11:52:09,20.546875,1
2026-08-14 11:52:09,20.546875,1
2026-08-14 11:52:09,20.546875,1
2026-08-14 11:52:09,20.546875,1
2026-08-14 11:52:09,20.546875,1
2026-08-14 11:52:09,20.546875,1
2026-08-14 11:52:09,19.28125,1
2026-08-14 11:52:09,19.28125,1
2026-08-14 11:52:09,18.921875,1
2026-08-14 11:52:09,18.921875,1
2026-08-14 11:52:09,18.703125,1
2026-08-14 11:52:09,18.703125,1
2026-08-14 11:52:10,18.703125,1
2026-08-14 11:52:10,18.703125,1
2026-08-14 11:52:10,18.703125,1
2026-08-14 11:52:10,18.703125,1
2026-08-14 11:52:10,18.703125,1
2026-08-14 11:52:10,18.703125,1
2026-08-14 11:52:10,13.0,1
2026-08-14 11:52:10,13.0,1
2026-08-14 11:52:10,12.53125,1
2026-08-14 11:52:10,12.53125,1
2026-08-14 11:52:10,12.421875,1
2026-08-14 11:52:10,12.421875,1
2026-08-14 11:52:10,12.421875,1
2026-08-14 11:52:10,12.421875,1
2026-08-14 11:52:10,12.421875,1
2026-08-14 11:52:10,12.421875,1
2026-08-14 11:52:10,12.421875,1
2026-08-14 11:52:10,12.421875,1
2026-08-14 11:52:10,12.421875,1
2026-08-14 11:52:10,12.421875,1
2026-08-14 11:52:11,8.90625,1
2026-08-14 11:52:11,8.90625,1
2026-08-14 11:52:11,8.90625,1
2026-08-14 11:52:11,8.90625,1
2026-08-14 11:52:11,8.90625,1
2026-08-14 11:52:11,8.90625,1
2026-08-14 11:52:11,8.90625,1
2026-08-14 11:52:11,8.90625,1
2026-08-14 11:52:11,8.90625,1
2026-08-14 11:52:11,8.90625,1
2026-08-14 11:52:11,6.296875,1
2026-08-14 11:52:11,6.296875,1
2026-08-14 11:52:11,6.25,1
2026-08-14 11:52:11,6.25,1
2026-08-14 11:52:11,6.234375,1
2026-08-14 11:52:11,6.234375,1
2026-08-14 11:52:11,6.109375,1
2026-08-14 11:52:11,6.109375,1
2026-08-14 11:52:11,6.109375,1
2026-08-14 11:52:11,6.109375,1
2026-08-14 11:52:12,6.109375,1
2026-08-14 11:52:12,6.109375,1
2026-08-14 11:52:12,6.109375,1
2026-08-14 11:52:12,6.109375,1
2026-08-14 11:52:12,2.828125,1
2026-08-14 11:52:12,2.828125,1
2026-08-14 11:52:12,2.71875,1
2026-08-14 11:52:12,2.71875,1
2026-08-14 11:52:12,2.640625,1
2026-08-14 11:52:12,2.640625,1
2026-08-14 11:52:12,2.640625,1
2026-08-14 11:52:12,2.640625,1
2026-08-14 11:52:12,2.640625,1
2026-08-14 11:52:12,2.640625,1
2026-08-14 11:52:12,2.640625,1
2026-08-14 11:52:12,2.640625,1
2026-08-14 11:52:12,2.640625,1
2026-08-14 11:52:12,2.640625,1
2026-08-14 11:52:12,1.890625,1
2026-08-14 11:52:12,1.890625,1
2026-08-14 11:52:13,1.859375,1
2026-08-14 11:52:13,1.859375,1
2026-08-14 11:52:13,1.859375,1
2026-08-14 11:52:13,1.859375,1
2026-08-14 11:52:13,1.859375,1
2026-08-14 11:52:13,1.859375,1
2026-08-14 11:52:13,1.859375,1
2026-08-14 11:52:13,1.859375,1
2026-08-14 11:52:13,1.5625,1
2026-08-14 11:52:13,1.5625,1
2026-08-14 11:52:13,1.53125,1
2026-08-14 11:52:13,1.53125,1
2026-08-14 11:52:13,1.5,1
2026-08-14 11:52:13,1.5,1
2026-08-14 11:52:13,1.5,1
2026-08-14 11:52:13,1.5,1
2026-08-14 11:52:13,1.5,1
2026-08-14 11:52:13,1.5,1
2026-08-14 11:52:13,1.5,1
2026-08-14 11:52:13,1.5,1
2026-08-14 11:52:14,1.5,1
2026-08-14 11:52:14,1.5,1
2026-08-14 11:52:14,1.796875,1
2026-08-14 11:52:14,1.796875,1
2026-08-14 11:52:14,1.8125,1
2026-08-14 11:52:14,1.8125,1
2026-08-14 11:52:14,1.8125,1
2026-08-14 11:52:14,1.8125,1
2026-08-14 11:52:14,1.8125,1
2026-08-14 11:52:14,1.8125,1
2026-08-14 11:52:14,1.8125,1
2026-08-14 11:52:14,1.8125,1
2026-08-14 11:52:14,2.8125,1
2026-08-14 11:52:14,2.8125,1
2026-08-14 11:52:14,2.8125,1
2026-08-14 11:52:14,2.8125,1
2026-08-14 11:52:14,2.890625,1
2026-08-14 11:52:14,2.890625,1
2026-08-14 11:52:14,2.859375,1
2026-08-14 11:52:14,2.859375,1
2026-08-14 11:52:15,2.859375,1
2026-08-14 11:52:15,2.859375,1
2026-08-14 11:52:15,2.859375,1
2026-08-14 11:52:15,2.859375,1
2026-08-14 11:52:15,4.03125,1
2026-08-14 11:52:15,4.03125,1
2026-08-14 11:52:15,4.03125,1
2026-08-14 11:52:15,4.03125,1
2026-08-14 11:52:15,4.109375,1
2026-08-14 11:52:15,4.109375,1
2026-08-14 11:52:15,4.15625,1
2026-08-14 11:52:15,4.15625,1
2026-08-14 11:52:15,4.15625,1
2026-08-14 11:52:15,4.15625,1
2026-08-14 11:52:15,4.15625,1
2026-08-14 11:52:15,4.15625,1
2026-08-14 11:52:15,4.15625,1
2026-08-14 11:52:15,4.15625,1
2026-08-14 11:52:15,6.359375,1
2026-08-14 11:52:15,6.359375,1
2026-08-14 11:52:16,6.734375,1
2026-08-14 11:52:16,6.734375,1
2026-08-14 11:52:16,6.890625,1
2026-08-14 11:52:16,6.890625,1
2026-08-14 11:52:16,6.890625,1
2026-08-14 11:52:16,6.890625,1
2026-08-14 11:52:16,6.890625,1
2026-08-14 11:52:16,6.890625,1
2026-08-14 11:52:16,6.890625,1
2026-08-14 11:52:16,6.890625,1
2026-08-14 11:52:16,12.6875,1
2026-08-14 11:52:16,12.6875,1
2026-08-14 11:52:16,20.0,1
2026-08-14 11:52:16,20.0,1
2026-08-14 11:52:16,20.328125,1
2026-08-14 11:52:16,20.328125,1
2026-08-14 11:52:16,20.40625,1
2026-08-14 11:52:16,20.40625,1
2026-08-14 11:52:16,20.40625,1
2026-08-14 11:52:16,20.40625,1
2026-08-14 11:52:17,20.40625,1
2026-08-14 11:52:17,20.40625,1
2026-08-14 11:52:17,20.40625,1
2026-08-14 11:52:17,20.40625,1
2026-08-14 11:52:17,19.171875,1
2026-08-14 11:52:17,19.171875,1
2026-08-14 11:52:17,19.015625,1
2026-08-14 11:52:17,19.015625,1
2026-08-14 11:52:17,18.96875,1
2026-08-14 11:52:17,18.96875,1
2026-08-14 11:52:17,18.96875,1
2026-08-14 11:52:17,18.96875,1
2026-08-14 11:52:17,18.96875,1
2026-08-14 11:52:17,18.96875,1
2026-08-14 11:52:17,18.96875,1
2026-08-14 11:52:17,18.96875,1
2026-08-14 11:52:17,18.578125,1
2026-08-14 11:52:17,18.578125,1
2026-08-14 11:52:17,18.5625,1
2026-08-14 11:52:17,18.5625,1
2026-08-14 11:52:18,18.75,1
2026-08-14 11:52:18,18.75,1
2026-08-14 11:52:18,18.75,1
2026-08-14 11:52:18,18.75,1
2026-08-14 11:52:18,18.75,1
2026-08-14 11:52:18,18.75,1
2026-08-14 11:52:18,18.75,1
2026-08-14 11:52:18,18.75,1
2026-08-14 11:52:18,18.03125,1
2026-08-14 11:52:18,18.03125,1
2026-08-14 11:52:18,17.96875,1
2026-08-14 11:52:18,17.96875,1
2026-08-14 11:52:18,17.90625,1
2026-08-14 11:52:18,17.90625,1
2026-08-14 11:52:18,17.90625,1
2026-08-14 11:52:18,17.90625,1
2026-08-14 11:52:18,17.90625,1
2026-08-14 11:52:18,17.90625,1
2026-08-14 11:52:18,17.90625,1
2026-08-14 11:52:18,17.90625,1
2026-08-14 11:52:19,17.671875,1
2026-08-14 11:52:19,17.671875,1
2026-08-14 11:52:19,17.625,1
2026-08-14 11:52:19,17.625,1
2026-08-14 11:52:19,17.515625,1
2026-08-14 11:52:19,17.515625,1
2026-08-14 11:52:19,17.515625,1
2026-08-14 11:52:19,17.515625,1
2026-08-14 11:52:19,17.515625,1
2026-08-14 11:52:19,17.515625,1
2026-08-14 11:52:19,14.0,1
2026-08-14 11:52:19,14.0,1
2026-08-14 11:52:19,13.84375,1
2026-08-14 11:52:19,13.84375,1
2026-08-14 11:52:19,13.546875,1
2026-08-14 11:52:19,13.546875,1
2026-08-14 11:52:19,13.546875,1
2026-08-14 11:52:19,13.546875,1
2026-08-14 11:52:19,13.546875,1
2026-08-14 11:52:19,13.546875,1
2026-08-14 11:52:20,13.546875,1
2026-08-14 11:52:20,13.546875,1
2026-08-14 11:52:20,13.546875,1
2026-08-14 11:52:20,13.546875,1
2026-08-14 11:52:20,12.90625,1
2026-08-14 11:52:20,12.90625,1
2026-08-14 11:52:20,12.265625,1
2026-08-14 11:52:20,12.265625,1
2026-08-14 11:52:20,12.265625,1
2026-08-14 11:52:20,12.265625,1
2026-08-14 11:52:20,12.265625,1
2026-08-14 11:52:20,12.265625,1
2026-08-14 11:52:20,12.265625,1
2026-08-14 11:52:20,12.265625,1
2026-08-14 11:52:20,12.265625,1
2026-08-14 11:52:20,12.265625,1
2026-08-14 11:52:20,8.421875,1
2026-08-14 11:52:20,8.421875,1
2026-08-14 11:52:20,8.8125,1
2026-08-14 11:52:20,8.8125,1
2026-08-14 11:52:21,8.8125,1
2026-08-14 11:52:21,8.8125,1
2026-08-14 11:52:21,8.8125,1
2026-08-14 11:52:21,8.8125,1
2026-08-14 11:52:21,8.8125,1
2026-08-14 11:52:21,8.8125,1
2026-08-14 11:52:21,12.53125,1
2026-08-14 11:52:21,12.53125,1
2026-08-14 11:52:21,13.0,1
2026-08-14 11:52:21,13.0,1
2026-08-14 11:52:21,13.53125,1
2026-08-14 11:52:21,13.53125,1
2026-08-14 11:52:21,13.53125,1
2026-08-14 11:52:21,13.53125,1
2026-08-14 11:52:21,13.53125,1
2026-08-14 11:52:21,13.53125,1
2026-08-14 11:52:21,13.53125,1
2026-08-14 11:52:21,13.53125,1
2026-08-14 11:52:21,17.28125,1
2026-08-14 11:52:21,17.28125,1
2026-08-14 11:52:22,16.984375,1
2026-08-14 11:52:22,16.984375,1
2026-08-14 11:52:22,16.75,1
2026-08-14 11:52:22,16.75,1
2026-08-14 11:52:22,16.75,1
2026-08-14 11:52:22,16.75,1
2026-08-14 11:52:22,16.75,1
2026-08-14 11:52:22,16.75,1
2026-08-14 11:52:22,16.75,1
2026-08-14 11:52:22,16.75,1
2026-08-14 11:52:22,22.65625,1
2026-08-14 11:52:22,22.65625,1
2026-08-14 11:52:22,22.90625,1
2026-08-14 11:52:22,22.90625,1
2026-08-14 11:52:22,23.21875,1
2026-08-14 11:52:22,23.21875,1
2026-08-14 11:52:22,23.21875,1
2026-08-14 11:52:22,23.21875,1
2026-08-14 11:52:22,23.21875,1
2026-08-14 11:52:22,23.21875,1
2026-08-14 11:52:23,23.21875,1
2026-08-14 11:52:23,23.21875,1
2026-08-14 11:52:23,24.828125,1
2026-08-14 11:52:23,24.828125,1
2026-08-14 11:52:23,24.796875,1
2026-08-14 11:52:23,24.796875,1
2026-08-14 11:52:23,24.75,1
2026-08-14 11:52:23,24.75,1
2026-08-14 11:52:23,24.75,1
2026-08-14 11:52:23,24.75,1
2026-08-14 11:52:23,24.75,1
2026-08-14 11:52:23,24.75,1
2026-08-14 11:52:23,24.75,1
2026-08-14 11:52:23,24.75,1
2026-08-14 11:52:23,23.234375,1
2026-08-14 11:52:23,23.234375,1
2026-08-14 11:52:23,23.296875,1
2026-08-14 11:52:23,23.296875,1
2026-08-14 11:52:23,23.203125,1
2026-08-14 11:52:23,23.203125,1
2026-08-14 11:52:24,23.203125,1
2026-08-14 11:52:24,23.203125,1
2026-08-14 11:52:24,23.203125,1
2026-08-14 11:52:24,23.203125,1
2026-08-14 11:52:24,23.203125,1
2026-08-14 11:52:24,23.203125,1
2026-08-14 11:52:24,23.203125,1
2026-08-14 11:52:24,23.203125,1
2026-08-14 11:52:24,23.46875,1
2026-08-14 11:52:24,23.46875,1
2026-08-14 11:52:24,23.359375,1
2026-08-14 11:52:24,23.359375,1
2026-08-14 11:52:24,23.359375,1
2026-08-14 11:52:24,23.359375,1
2026-08-14 11:52:24,23.359375,1
2026-08-14 11:52:24,23.359375,1
2026-08-14 11:52:24,23.359375,1
2026-08-14 11:52:24,23.359375,1
2026-08-14 11:52:24,23.390625,1
2026-08-14 11:52:24,23.390625,1
2026-08-14 11:52:25,23.25,1
2026-08-14 11:52:25,23.25,1
2026-08-14 11:52:25,23.390625,1
2026-08-14 11:52:25,23.390625,1
2026-08-14 11:52:25,23.390625,1
2026-08-14 11:52:25,23.390625,1
2026-08-14 11:52:25,23.390625,1
2026-08-14 11:52:25,23.390625,1
2026-08-14 11:52:25,23.390625,1
2026-08-14 11:52:25,23.390625,1
2026-08-14 11:52:25,23.765625,1
2026-08-14 11:52:25,23.765625,1
2026-08-14 11:52:25,23.796875,1
2026-08-14 11:52:25,23.796875,1
2026-08-14 11:52:25,23.765625,1
2026-08-14 11:52:25,23.765625,1
2026-08-14 11:52:25,23.765625,1
2026-08-14 11:52:25,23.765625,1
2026-08-14 11:52:25,23.765625,1
2026-08-14 11:52:25,23.765625,1
2026-08-14 11:52:26,23.765625,1
2026-08-14 11:52:26,23.765625,1
2026-08-14 11:52:26,23.765625,1
2026-08-14 11:52:26,23.765625,1
2026-08-14 11:52:26,23.140625,1
2026-08-14 11:52:26,23.140625,1
2026-08-14 11:52:26,23.21875,1
2026-08-14 11:52:26,23.21875,1
2026-08-14 11:52:26,23.21875,1
2026-08-14 11:52:26,23.21875,1
2026-08-14 11:52:26,23.21875,1
2026-08-14 11:52:26,23.21875,1
2026-08-14 11:52:26,23.21875,1
2026-08-14 11:52:26,23.21875,1
2026-08-14 11:52:26,23.21875,1
2026-08-14 11:52:26,23.21875,1
2026-08-14 11:52:26,22.59375,1
2026-08-14 11:52:26,22.59375,1
2026-08-14 11:52:26,22.484375,1
2026-08-14 11:52:26,22.484375,1
2026-08-14 11:52:27,22.484375,1
2026-08-14 11:52:27,22.484375,1
2026-08-14 11:52:27,22.484375,1
2026-08-14 11:52:27,22.484375,1
2026-08-14 11:52:27,22.484375,1
2026-08-14 11:52:27,22.484375,1
2026-08-14 11:52:27,22.484375,1
2026-08-14 11:52:27,22.484375,1
2026-08-14 11:52:27,21.625,1
2026-08-14 11:52:27,21.625,1
2026-08-14 11:52:27,21.75,1
2026-08-14 11:52:27,21.75,1
2026-08-14 11:52:27,21.75,1
2026-08-14 11:52:27,21.75,1
2026-08-14 11:52:27,21.75,1
2026-08-14 11:52:27,21.75,1
2026-08-14 11:52:27,21.75,1
2026-08-14 11:52:27,21.75,1
2026-08-14 11:52:27,21.75,1
2026-08-14 11:52:27,21.75,1
2026-08-14 11:52:28,22.140625,1
2026-08-14 11:52:28,22.140625,1
2026-08-14 11:52:28,22.234375,1
2026-08-14 11:52:28,22.234375,1
2026-08-14 11:52:28,22.234375,1
2026-08-14 11:52:28,22.234375,1
2026-08-14 11:52:28,22.234375,1
2026-08-14 11:52:28,22.234375,1
2026-08-14 11:52:28,22.234375,1
2026-08-14 11:52:28,22.234375,1
2026-08-14 11:52:28,21.90625,1
2026-08-14 11:52:28,21.90625,1
2026-08-14 11:52:28,21.875,1
2026-08-14 11:52:28,21.875,1
2026-08-14 11:52:28,21.921875,1
2026-08-14 11:52:28,21.921875,1
2026-08-14 11:52:28,21.921875,1
2026-08-14 11:52:28,21.921875,1
2026-08-14 11:52:28,21.921875,1
2026-08-14 11:52:28,21.921875,1
2026-08-14 11:52:29,21.921875,1
2026-08-14 11:52:29,21.921875,1
2026-08-14 11:52:29,21.921875,1
2026-08-14 11:52:29,21.921875,1
2026-08-14 11:52:29,21.71875,1
2026-08-14 11:52:29,21.71875,1
2026-08-14 11:52:29,21.625,1
2026-08-14 11:52:29,21.625,1
2026-08-14 11:52:29,21.625,1
2026-08-14 11:52:29,21.625,1
2026-08-14 11:52:29,21.625,1
2026-08-14 11:52:29,21.625,1
2026-08-14 11:52:29,21.625,1
2026-08-14 11:52:29,21.625,1
2026-08-14 11:52:29,21.515625,1
2026-08-14 11:52:29,21.515625,1
2026-08-14 11:52:29,21.359375,1
2026-08-14 11:52:29,21.359375,1
2026-08-14 11:52:29,21.234375,1
2026-08-14 11:52:29,21.234375,1
2026-08-14 11:52:30,21.0625,1
2026-08-14 11:52:30,21.0625,1
2026-08-14 11:52:30,21.0625,1
2026-08-14 11:52:30,21.0625,1
2026-08-14 11:52:30,21.0625,1
2026-08-14 11:52:30,21.0625,1
2026-08-14 11:52:30,21.0625,1
2026-08-14 11:52:30,21.0625,1
2026-08-14 11:52:30,20.5,1
2026-08-14 11:52:30,20.5,1
2026-08-14 11:52:30,20.546875,1
2026-08-14 11:52:30,20.546875,1
2026-08-14 11:52:30,20.640625,1
2026-08-14 11:52:30,20.640625,1
2026-08-14 11:52:30,20.640625,1
2026-08-14 11:52:30,20.640625,1
2026-08-14 11:52:30,20.640625,1
2026-08-14 11:52:30,20.640625,1
2026-08-14 11:52:30,20.640625,1
2026-08-14 11:52:30,20.640625,1
2026-08-14 11:52:31,21.03125,1
2026-08-14 11:52:31,21.03125,1
2026-08-14 11:52:31,21.0,1
2026-08-14 11:52:31,21.0,1
2026-08-14 11:52:31,21.078125,1
2026-08-14 11:52:31,21.078125,1
2026-08-14 11:52:31,21.078125,1
2026-08-14 11:52:31,21.078125,1
2026-08-14 11:52:31,21.078125,1
2026-08-14 11:52:31,21.078125,1
2026-08-14 11:52:31,21.078125,1
2026-08-14 11:52:31,21.078125,1
2026-08-14 11:52:31,19.921875,1
2026-08-14 11:52:31,19.921875,1
2026-08-14 11:52:31,19.984375,1
2026-08-14 11:52:31,19.984375,1
2026-08-14 11:52:31,20.015625,1
2026-08-14 11:52:31,20.015625,1
2026-08-14 11:52:31,20.015625,1
2026-08-14 11:52:31,20.015625,1
2026-08-14 11:52:32,20.015625,1
2026-08-14 11:52:32,20.015625,1
2026-08-14 11:52:32,20.015625,1
2026-08-14 11:52:32,20.015625,1
2026-08-14 11:52:32,19.5625,1
2026-08-14 11:52:32,19.5625,1
2026-08-14 11:52:32,19.484375,1
2026-08-14 11:52:32,19.484375,1
2026-08-14 11:52:32,19.34375,1
2026-08-14 11:52:32,19.34375,1
2026-08-14 11:52:32,19.34375,1
2026-08-14 11:52:32,19.34375,1
2026-08-14 11:52:32,19.34375,1
2026-08-14 11:52:32,19.34375,1
2026-08-14 11:52:32,19.34375,1
2026-08-14 11:52:32,19.34375,1
2026-08-14 11:52:32,17.5625,1
2026-08-14 11:52:32,17.5625,1
2026-08-14 11:52:32,17.453125,1
2026-08-14 11:52:32,17.453125,1
2026-08-14 11:52:33,17.453125,1
2026-08-14 11:52:33,17.453125,1
2026-08-14 11:52:33,17.453125,1
2026-08-14 11:52:33,17.453125,1
2026-08-14 11:52:33,17.453125,1
2026-08-14 11:52:33,17.453125,1
2026-08-14 11:52:33,17.546875,1
2026-08-14 11:52:33,17.546875,1
2026-08-14 11:52:33,18.421875,1
2026-08-14 11:52:33,18.421875,1
2026-08-14 11:52:33,19.21875,1
2026-08-14 11:52:33,19.21875,1
2026-08-14 11:52:33,19.21875,1
2026-08-14 11:52:33,19.21875,1
2026-08-14 11:52:33,19.21875,1
2026-08-14 11:52:33,19.21875,1
2026-08-14 11:52:33,19.21875,1
2026-08-14 11:52:33,19.21875,1
2026-08-14 11:52:33,22.484375,1
2026-08-14 11:52:33,22.484375,1
2026-08-14 11:52:34,22.8125,1
2026-08-14 11:52:34,22.8125,1
2026-08-14 11:52:34,22.53125,1
2026-08-14 11:52:34,22.53125,1
2026-08-14 11:52:34,22.53125,1
2026-08-14 11:52:34,22.53125,1
2026-08-14 11:52:34,22.53125,1
2026-08-14 11:52:34,22.53125,1
2026-08-14 11:52:34,22.53125,1
2026-08-14 11:52:34,22.53125,1
2026-08-14 11:52:34,23.84375,1
2026-08-14 11:52:34,23.84375,1
2026-08-14 11:52:34,24.0625,1
2026-08-14 11:52:34,24.0625,1
2026-08-14 11:52:34,23.8125,1
2026-08-14 11:52:34,23.8125,1
2026-08-14 11:52:34,23.8125,1
2026-08-14 11:52:34,23.8125,1
2026-08-14 11:52:34,23.8125,1
2026-08-14 11:52:34,23.8125,1
2026-08-14 11:52:35,23.8125,1
2026-08-14 11:52:35,23.8125,1
2026-08-14 11:52:35,22.640625,1
2026-08-14 11:52:35,22.640625,1
2026-08-14 11:52:35,22.34375,1
2026-08-14 11:52:35,22.34375,1
2026-08-14 11:52:35,22.265625,1
2026-08-14 11:52:35,22.265625,1
2026-08-14 11:52:35,22.265625,1
2026-08-14 11:52:35,22.265625,1
2026-08-14 11:52:35,22.265625,1
2026-08-14 11:52:35,22.265625,1
2026-08-14 11:52:35,22.03125,1
2026-08-14 11:52:35,22.03125,1
2026-08-14 11:52:35,22.03125,1
2026-08-14 11:52:35,22.03125,1
2026-08-14 11:52:35,22.15625,1
2026-08-14 11:52:35,22.15625,1
2026-08-14 11:52:35,22.203125,1
2026-08-14 11:52:35,22.203125,1
2026-08-14 11:52:36,22.203125,1
2026-08-14 11:52:36,22.203125,1
2026-08-14 11:52:36,22.203125,1
2026-08-14 11:52:36,22.203125,1
2026-08-14 11:52:36,22.203125,1
2026-08-14 11:52:36,22.203125,1
2026-08-14 11:52:36,22.203125,1
2026-08-14 11:52:36,22.203125,1
2026-08-14 11:52:36,23.359375,1
2026-08-14 11:52:36,23.359375,1
2026-08-14 11:52:36,23.53125,1
2026-08-14 11:52:36,23.53125,1
2026-08-14 11:52:36,23.53125,1
2026-08-14 11:52:36,23.53125,1
2026-08-14 11:52:36,23.53125,1
2026-08-14 11:52:36,23.53125,1
2026-08-14 11:52:36,23.53125,1
2026-08-14 11:52:36,23.53125,1
2026-08-14 11:52:36,22.65625,1
2026-08-14 11:52:36,22.65625,1
2026-08-14 11:52:37,22.65625,1
2026-08-14 11:52:37,22.65625,1
2026-08-14 11:52:37,22.734375,1
2026-08-14 11:52:37,22.734375,1
2026-08-14 11:52:37,22.734375,1
2026-08-14 11:52:37,22.734375,1
2026-08-14 11:52:37,22.734375,1
2026-08-14 11:52:37,22.734375,1
2026-08-14 11:52:37,22.734375,1
2026-08-14 11:52:37,22.734375,1
2026-08-14 11:52:37,22.5,1
2026-08-14 11:52:37,22.5,1
2026-08-14 11:52:37,22.734375,1
2026-08-14 11:52:37,22.734375,1
2026-08-14 11:52:37,22.734375,1
2026-08-14 11:52:37,22.734375,1
2026-08-14 11:52:37,22.734375,1
2026-08-14 11:52:37,22.734375,1
2026-08-14 11:52:37,22.734375,1
2026-08-14 11:52:37,22.734375,1
2026-08-14 11:52:38,22.734375,1
2026-08-14 11:52:38,22.734375,1
2026-08-14 11:52:38,23.734375,1
2026-08-14 11:52:38,23.734375,1
2026-08-14 11:52:38,23.703125,1
2026-08-14 11:52:38,23.703125,1
2026-08-14 11:52:38,23.703125,1
2026-08-14 11:52:38,23.703125,1
2026-08-14 11:52:38,23.703125,1
2026-08-14 11:52:38,23.703125,1
2026-08-14 11:52:38,23.703125,1
2026-08-14 11:52:38,23.703125,1
2026-08-14 11:52:38,23.703125,1
2026-08-14 11:52:38,23.703125,1
2026-08-14 11:52:38,24.703125,1
2026-08-14 11:52:38,24.703125,1
2026-08-14 11:52:38,24.84375,1
2026-08-14 11:52:38,24.84375,1
2026-08-14 11:52:38,24.84375,1
2026-08-14 11:52:38,24.84375,1
2026-08-14 11:52:39,24.84375,1
2026-08-14 11:52:39,24.84375,1
2026-08-14 11:52:39,24.84375,1
2026-08-14 11:52:39,24.84375,1
2026-08-14 11:52:39,24.265625,1
2026-08-14 11:52:39,24.265625,1
2026-08-14 11:52:39,24.40625,1
2026-08-14 11:52:39,24.40625,1
2026-08-14 11:52:39,24.296875,1
2026-08-14 11:52:39,24.296875,1
2026-08-14 11:52:39,24.296875,1
2026-08-14 11:52:39,24.296875,1
2026-08-14 11:52:39,24.296875,1
2026-08-14 11:52:39,24.296875,1
2026-08-14 11:52:39,24.296875,1
2026-08-14 11:52:39,24.296875,1
2026-08-14 11:52:39,24.84375,1
2026-08-14 11:52:39,24.84375,1
2026-08-14 11:52:39,24.953125,1
2026-08-14 11:52:39,24.953125,1
2026-08-14 11:52:40,24.890625,1
2026-08-14 11:52:40,24.890625,1
2026-08-14 11:52:40,24.890625,1
2026-08-14 11:52:40,24.890625,1
2026-08-14 11:52:40,24.890625,1
2026-08-14 11:52:40,24.890625,1
2026-08-14 11:52:40,24.890625,1
2026-08-14 11:52:40,24.890625,1
2026-08-14 11:52:40,25.390625,1
2026-08-14 11:52:40,25.390625,1
2026-08-14 11:52:40,25.25,1
2026-08-14 11:52:40,25.25,1
2026-08-14 11:52:40,25.125,1
2026-08-14 11:52:40,25.125,1
2026-08-14 11:52:40,25.125,1
2026-08-14 11:52:40,25.125,1
2026-08-14 11:52:40,25.125,1
2026-08-14 11:52:40,25.125,1
2026-08-14 11:52:40,25.125,1
2026-08-14 11:52:40,25.125,1
2026-08-14 11:52:41,24.515625,1
2026-08-14 11:52:41,24.515625,1
2026-08-14 11:52:41,24.453125,1
2026-08-14 11:52:41,24.453125,1
2026-08-14 11:52:41,24.40625,1
2026-08-14 11:52:41,24.40625,1
2026-08-14 11:52:41,24.40625,1
2026-08-14 11:52:41,24.40625,1
2026-08-14 11:52:41,24.40625,1
2026-08-14 11:52:41,24.40625,1
2026-08-14 11:52:41,24.40625,1
2026-08-14 11:52:41,24.40625,1
2026-08-14 11:52:41,24.296875,1
2026-08-14 11:52:41,24.296875,1
2026-08-14 11:52:41,24.359375,1
2026-08-14 11:52:41,24.359375,1
2026-08-14 11:52:41,24.4375,1
2026-08-14 11:52:41,24.4375,1
2026-08-14 11:52:41,24.4375,1
2026-08-14 11:52:41,24.4375,1
2026-08-14 11:52:42,24.4375,1
2026-08-14 11:52:42,24.4375,1
2026-08-14 11:52:42,24.4375,1
2026-08-14 11:52:42,24.4375,1
2026-08-14 11:52:42,24.4375,1
2026-08-14 11:52:42,24.4375,1
2026-08-14 11:52:42,24.65625,1
2026-08-14 11:52:42,24.65625,1
2026-08-14 11:52:42,24.734375,1
2026-08-14 11:52:42,24.734375,1
2026-08-14 11:52:42,24.734375,1
2026-08-14 11:52:42,24.734375,1
2026-08-14 11:52:42,24.734375,1
2026-08-14 11:52:42,24.734375,1
2026-08-14 11:52:42,24.734375,1
2026-08-14 11:52:42,24.734375,1
2026-08-14 11:52:42,23.359375,1
2026-08-14 11:52:42,23.359375,1
2026-08-14 11:52:42,23.234375,1
2026-08-14 11:52:42,23.234375,1
2026-08-14 11:52:43,23.234375,1
2026-08-14 11:52:43,23.234375,1
2026-08-14 11:52:43,23.234375,1
2026-08-14 11:52:43,23.234375,1
2026-08-14 11:52:43,23.234375,1
2026-08-14 11:52:43,23.234375,1
2026-08-14 11:52:43,23.234375,1
2026-08-14 11:52:43,23.234375,1
2026-08-14 11:52:43,23.234375,1
2026-08-14 11:52:43,23.234375,1
2026-08-14 11:52:43,23.078125,1
2026-08-14 11:52:43,23.078125,1
2026-08-14 11:52:43,23.046875,1
2026-08-14 11:52:43,23.046875,1
2026-08-14 11:52:43,23.046875,1
2026-08-14 11:52:43,23.046875,1
2026-08-14 11:52:43,23.046875,1
2026-08-14 11:52:43,23.046875,1
2026-08-14 11:52:43,23.046875,1
2026-08-14 11:52:43,23.046875,1
2026-08-14 11:52:44,22.96875,1
2026-08-14 11:52:44,22.96875,1
2026-08-14 11:52:44,22.890625,1
2026-08-14 11:52:44,22.890625,1
2026-08-14 11:52:44,23.21875,1
2026-08-14 11:52:44,23.21875,1
2026-08-14 11:52:44,23.21875,1
2026-08-14 11:52:44,23.21875,1
2026-08-14 11:52:44,23.21875,1
2026-08-14 11:52:44,23.21875,1
2026-08-14 11:52:44,23.21875,1
2026-08-14 11:52:44,23.21875,1
2026-08-14 11:52:44,22.765625,1
2026-08-14 11:52:44,22.765625,1
2026-08-14 11:52:44,23.0,1
2026-08-14 11:52:44,23.0,1
2026-08-14 11:52:44,23.0,1
2026-08-14 11:52:44,23.0,1
2026-08-14 11:52:44,23.0,1
2026-08-14 11:52:44,23.0,1
2026-08-14 11:52:45,23.0,1
2026-08-14 11:52:45,23.0,1
2026-08-14 11:52:45,22.703125,1
2026-08-14 11:52:45,22.703125,1
2026-08-14 11:52:45,22.578125,1
2026-08-14 11:52:45,22.578125,1
2026-08-14 11:52:45,22.421875,1
2026-08-14 11:52:45,22.421875,1
2026-08-14 11:52:45,22.421875,1
2026-08-14 11:52:45,22.421875,1
2026-08-14 11:52:45,22.421875,1
2026-08-14 11:52:45,22.421875,1
2026-08-14 11:52:45,22.421875,1
2026-08-14 11:52:45,22.421875,1
2026-08-14 11:52:45,22.328125,1
2026-08-14 11:52:45,22.328125,1
2026-08-14 11:52:45,22.375,1
2026-08-14 11:52:45,22.375,1
2026-08-14 11:52:45,22.4375,1
2026-08-14 11:52:45,22.4375,1
2026-08-14 11:52:46,22.515625,1
2026-08-14 11:52:46,22.515625,1
2026-08-14 11:52:46,22.515625,1
2026-08-14 11:52:46,22.515625,1
2026-08-14 11:52:46,22.515625,1
2026-08-14 11:52:46,22.515625,1
2026-08-14 11:52:46,22.515625,1
2026-08-14 11:52:46,22.515625,1
2026-08-14 11:52:46,22.46875,1
2026-08-14 11:52:46,22.46875,1
2026-08-14 11:52:46,22.546875,1
2026-08-14 11:52:46,22.546875,1
2026-08-14 11:52:46,22.546875,1
2026-08-14 11:52:46,22.546875,1
2026-08-14 11:52:46,22.546875,1
2026-08-14 11:52:46,22.546875,1
2026-08-14 11:52:46,21.96875,1
2026-08-14 11:52:46,21.96875,1
2026-08-14 11:52:46,22.0,1
2026-08-14 11:52:46,22.0,1
2026-08-14 11:52:47,22.46875,1
2026-08-14 11:52:47,22.46875,1
2026-08-14 11:52:47,22.46875,1
2026-08-14 11:52:47,22.46875,1
2026-08-14 11:52:47,22.46875,1
2026-08-14 11:52:47,22.46875,1
2026-08-14 11:52:47,22.46875,1
2026-08-14 11:52:47,22.46875,1
2026-08-14 11:52:47,22.484375,1
2026-08-14 11:52:47,22.484375,1
2026-08-14 11:52:47,22.484375,1
2026-08-14 11:52:47,22.484375,1
2026-08-14 11:52:47,22.234375,1
2026-08-14 11:52:47,22.234375,1
2026-08-14 11:52:47,22.375,1
2026-08-14 11:52:47,22.375,1
2026-08-14 11:52:47,22.375,1
2026-08-14 11:52:47,22.375,1
2026-08-14 11:52:47,22.375,1
2026-08-14 11:52:47,22.375,1
2026-08-14 11:52:48,22.375,1
2026-08-14 11:52:48,22.375,1
2026-08-14 11:52:48,22.75,1
2026-08-14 11:52:48,22.75,1
2026-08-14 11:52:48,22.734375,1
2026-08-14 11:52:48,22.734375,1
2026-08-14 11:52:48,22.6875,1
2026-08-14 11:52:48,22.6875,1
2026-08-14 11:52:48,22.6875,1
2026-08-14 11:52:48,22.6875,1
2026-08-14 11:52:48,22.6875,1
2026-08-14 11:52:48,22.6875,1
2026-08-14 11:52:48,22.6875,1
2026-08-14 11:52:48,22.6875,1
2026-08-14 11:52:48,22.6875,1
2026-08-14 11:52:48,22.6875,1
2026-08-14 11:52:48,22.765625,1
2026-08-14 11:52:48,22.765625,1
2026-08-14 11:52:48,22.625,1
2026-08-14 11:52:48,22.625,1
2026-08-14 11:52:49,22.625,1
2026-08-14 11:52:49,22.625,1
2026-08-14 11:52:49,22.625,1
2026-08-14 11:52:49,22.625,1
2026-08-14 11:52:49,22.625,1
2026-08-14 11:52:49,22.625,1
2026-08-14 11:52:49,22.3125,1
2026-08-14 11:52:49,22.3125,1
2026-08-14 11:52:49,22.65625,1
2026-08-14 11:52:49,22.65625,1
2026-08-14 11:52:49,22.546875,1
2026-08-14 11:52:49,22.546875,1
2026-08-14 11:52:49,22.546875,1
2026-08-14 11:52:49,22.546875,1
2026-08-14 11:52:49,22.546875,1
2026-08-14 11:52:49,22.546875,1
2026-08-14 11:52:49,22.546875,1
2026-08-14 11:52:49,22.546875,1
2026-08-14 11:52:49,22.453125,1
2026-08-14 11:52:49,22.453125,1
2026-08-14 11:52:50,21.546875,1
2026-08-14 11:52:50,21.546875,1
2026-08-14 11:52:50,21.734375,1
2026-08-14 11:52:50,21.734375,1
2026-08-14 11:52:50,21.734375,1
2026-08-14 11:52:50,21.734375,1
2026-08-14 11:52:50,21.734375,1
2026-08-14 11:52:50,21.734375,1
2026-08-14 11:52:50,21.734375,1
2026-08-14 11:52:50,21.734375,1
2026-08-14 11:52:50,21.734375,1
2026-08-14 11:52:50,21.734375,1
2026-08-14 11:52:50,21.5,1
2026-08-14 11:52:50,21.5,1
2026-08-14 11:52:50,21.3125,1
2026-08-14 11:52:50,21.3125,1
2026-08-14 11:52:50,21.3125,1
2026-08-14 11:52:50,21.3125,1
2026-08-14 11:52:50,21.3125,1
2026-08-14 11:52:50,21.3125,1
2026-08-14 11:52:51,21.3125,1
2026-08-14 11:52:51,21.3125,1
2026-08-14 11:52:51,21.625,1
2026-08-14 11:52:51,21.625,1
2026-08-14 11:52:51,22.125,1
2026-08-14 11:52:51,22.125,1
2026-08-14 11:52:51,22.125,1
2026-08-14 11:52:51,22.125,1
2026-08-14 11:52:51,22.125,1
2026-08-14 11:52:51,22.125,1
2026-08-14 11:52:51,22.125,1
2026-08-14 11:52:51,22.125,1
2026-08-14 11:52:51,22.96875,1
2026-08-14 11:52:51,22.96875,1
2026-08-14 11:52:51,22.859375,1
2026-08-14 11:52:51,22.859375,1
2026-08-14 11:52:51,22.90625,1
2026-08-14 11:52:51,22.90625,1
2026-08-14 11:52:51,22.90625,1
2026-08-14 11:52:51,22.90625,1
2026-08-14 11:52:52,22.90625,1
2026-08-14 11:52:52,22.90625,1
2026-08-14 11:52:52,22.90625,1
2026-08-14 11:52:52,22.90625,1
2026-08-14 11:52:52,22.546875,1
2026-08-14 11:52:52,22.546875,1
2026-08-14 11:52:52,22.609375,1
2026-08-14 11:52:52,22.609375,1
2026-08-14 11:52:52,22.40625,1
2026-08-14 11:52:52,22.40625,1
2026-08-14 11:52:52,22.40625,1
2026-08-14 11:52:52,22.40625,1
2026-08-14 11:52:52,22.40625,1
2026-08-14 11:52:52,22.40625,1
2026-08-14 11:52:52,22.40625,1
2026-08-14 11:52:52,22.40625,1
2026-08-14 11:52:52,22.40625,1
2026-08-14 11:52:52,22.40625,1
2026-08-14 11:52:52,21.640625,1
2026-08-14 11:52:52,21.640625,1
2026-08-14 11:52:53,21.546875,1
2026-08-14 11:52:53,21.546875,1
2026-08-14 11:52:53,21.546875,1
2026-08-14 11:52:53,21.546875,1
2026-08-14 11:52:53,21.546875,1
2026-08-14 11:52:53,21.546875,1
2026-08-14 11:52:53,21.625,1
2026-08-14 11:52:53,21.625,1
2026-08-14 11:52:53,21.625,1
2026-08-14 11:52:53,21.625,1
2026-08-14 11:52:53,21.71875,1
2026-08-14 11:52:53,21.71875,1
2026-08-14 11:52:53,21.8125,1
2026-08-14 11:52:53,21.8125,1
2026-08-14 11:52:53,21.8125,1
2026-08-14 11:52:53,21.8125,1
2026-08-14 11:52:53,21.8125,1
2026-08-14 11:52:53,21.8125,1
2026-08-14 11:52:53,21.8125,1
2026-08-14 11:52:53,21.8125,1
2026-08-14 11:52:54,21.28125,1
2026-08-14 11:52:54,21.28125,1
2026-08-14 11:52:54,21.203125,1
2026-08-14 11:52:54,21.203125,1
2026-08-14 11:52:54,21.1875,1
2026-08-14 11:52:54,21.1875,1
2026-08-14 11:52:54,21.1875,1
2026-08-14 11:52:54,21.1875,1
2026-08-14 11:52:54,21.1875,1
2026-08-14 11:52:54,21.1875,1
2026-08-14 11:52:54,21.1875,1
2026-08-14 11:52:54,21.1875,1
2026-08-14 11:52:54,20.765625,1
2026-08-14 11:52:54,20.765625,1
2026-08-14 11:52:54,21.140625,1
2026-08-14 11:52:54,21.140625,1
2026-08-14 11:52:54,21.390625,1
2026-08-14 11:52:54,21.390625,1
2026-08-14 11:52:54,21.390625,1
2026-08-14 11:52:54,21.390625,1
2026-08-14 11:52:55,21.390625,1
2026-08-14 11:52:55,21.390625,1
2026-08-14 11:52:55,21.390625,1
2026-08-14 11:52:55,21.390625,1
2026-08-14 11:52:55,20.59375,1
2026-08-14 11:52:55,20.59375,1
2026-08-14 11:52:55,20.40625,1
2026-08-14 11:52:55,20.40625,1
2026-08-14 11:52:55,20.265625,1
2026-08-14 11:52:55,20.265625,1
2026-08-14 11:52:55,20.265625,1
2026-08-14 11:52:55,20.265625,1
2026-08-14 11:52:55,20.265625,1
2026-08-14 11:52:55,20.265625,1
2026-08-14 11:52:55,20.265625,1
2026-08-14 11:52:55,20.265625,1
2026-08-14 11:52:55,19.59375,1
2026-08-14 11:52:55,19.59375,1
2026-08-14 11:52:55,19.484375,1
2026-08-14 11:52:55,19.484375,1
2026-08-14 11:52:56,19.46875,1
2026-08-14 11:52:56,19.46875,1
2026-08-14 11:52:56,19.46875,1
2026-08-14 11:52:56,19.46875,1
2026-08-14 11:52:56,19.46875,1
2026-08-14 11:52:56,19.46875,1
2026-08-14 11:52:56,19.46875,1
2026-08-14 11:52:56,19.46875,1
2026-08-14 11:52:56,19.46875,1
2026-08-14 11:52:56,19.46875,1
2026-08-14 11:52:56,20.65625,1
2026-08-14 11:52:56,20.65625,1
2026-08-14 11:52:56,20.640625,1
2026-08-14 11:52:56,20.640625,1
2026-08-14 11:52:56,20.640625,1
2026-08-14 11:52:56,20.640625,1
2026-08-14 11:52:56,20.640625,1
2026-08-14 11:52:56,20.640625,1
2026-08-14 11:52:56,20.640625,1
2026-08-14 11:52:56,20.640625,1
2026-08-14 11:52:57,21.421875,1
2026-08-14 11:52:57,21.421875,1
2026-08-14 11:52:57,21.875,1
2026-08-14 11:52:57,21.875,1
2026-08-14 11:52:57,22.03125,1
2026-08-14 11:52:57,22.03125,1
2026-08-14 11:52:57,22.03125,1
2026-08-14 11:52:57,22.03125,1
2026-08-14 11:52:57,22.03125,1
2026-08-14 11:52:57,22.03125,1
2026-08-14 11:52:57,22.03125,1
2026-08-14 11:52:57,22.03125,1
2026-08-14 11:52:57,21.59375,1
2026-08-14 11:52:57,21.59375,1
2026-08-14 11:52:57,21.84375,1
2026-08-14 11:52:57,21.84375,1
2026-08-14 11:52:57,21.984375,1
2026-08-14 11:52:57,21.984375,1
2026-08-14 11:52:57,21.890625,1
2026-08-14 11:52:57,21.890625,1
2026-08-14 11:52:58,21.890625,1
2026-08-14 11:52:58,21.890625,1
2026-08-14 11:52:58,21.890625,1
2026-08-14 11:52:58,21.890625,1
2026-08-14 11:52:58,21.265625,1
2026-08-14 11:52:58,21.265625,1
2026-08-14 11:52:58,21.234375,1
2026-08-14 11:52:58,21.234375,1
2026-08-14 11:52:58,21.234375,1
2026-08-14 11:52:58,21.234375,1
2026-08-14 11:52:58,21.234375,1
2026-08-14 11:52:58,21.234375,1
2026-08-14 11:52:58,21.234375,1
2026-08-14 11:52:58,21.234375,1
2026-08-14 11:52:58,21.234375,1
2026-08-14 11:52:58,21.234375,1
2026-08-14 11:52:58,21.625,1
2026-08-14 11:52:58,21.625,1
2026-08-14 11:52:58,21.234375,1
2026-08-14 11:52:58,21.234375,1
2026-08-14 11:52:59,21.234375,1
2026-08-14 11:52:59,21.234375,1
2026-08-14 11:52:59,21.234375,1
2026-08-14 11:52:59,21.234375,1
2026-08-14 11:52:59,21.234375,1
2026-08-14 11:52:59,21.234375,1
2026-08-14 11:52:59,21.234375,1
2026-08-14 11:52:59,21.234375,1
2026-08-14 11:52:59,22.25,1
2026-08-14 11:52:59,22.25,1
2026-08-14 11:52:59,22.25,1
2026-08-14 11:52:59,22.25,1
2026-08-14 11:52:59,22.25,1
2026-08-14 11:52:59,22.25,1
2026-08-14 11:52:59,22.25,1
2026-08-14 11:52:59,22.25,1
2026-08-14 11:52:59,22.25,1
2026-08-14 11:52:59,22.25,1
2026-08-14 11:52:59,22.25,1
2026-08-14 11:52:59,22.25,1
2026-08-14 11:53:00,21.828125,1
2026-08-14 11:53:00,21.828125,1
2026-08-14 11:53:00,21.609375,1
2026-08-14 11:53:00,21.609375,1
2026-08-14 11:53:00,21.609375,1
2026-08-14 11:53:00,21.609375,1
2026-08-14 11:53:00,21.609375,1
2026-08-14 11:53:00,21.609375,1
2026-08-14 11:53:00,21.609375,1
2026-08-14 11:53:00,21.609375,1
2026-08-14 11:53:00,22.3125,1
2026-08-14 11:53:00,22.3125,1
2026-08-14 11:53:00,22.359375,1
2026-08-14 11:53:00,22.359375,1
2026-08-14 11:53:00,22.421875,1
2026-08-14 11:53:00,22.421875,1
2026-08-14 11:53:00,22.421875,1
2026-08-14 11:53:00,22.421875,1
2026-08-14 11:53:00,22.421875,1
2026-08-14 11:53:00,22.421875,1
2026-08-14 11:53:01,22.421875,1
2026-08-14 11:53:01,22.421875,1
2026-08-14 11:53:01,22.984375,1
2026-08-14 11:53:01,22.984375,1
2026-08-14 11:53:01,22.890625,1
2026-08-14 11:53:01,22.890625,1
2026-08-14 11:53:01,22.875,1
2026-08-14 11:53:01,22.875,1
2026-08-14 11:53:01,22.875,1
2026-08-14 11:53:01,22.875,1
2026-08-14 11:53:01,22.875,1
2026-08-14 11:53:01,22.875,1
2026-08-14 11:53:01,21.234375,1
2026-08-14 11:53:01,21.234375,1
2026-08-14 11:53:01,21.125,1
2026-08-14 11:53:01,21.125,1
2026-08-14 11:53:01,21.046875,1
2026-08-14 11:53:01,21.046875,1
2026-08-14 11:53:01,21.03125,1
2026-08-14 11:53:01,21.03125,1
2026-08-14 11:53:02,21.03125,1
2026-08-14 11:53:02,21.03125,1
2026-08-14 11:53:02,21.03125,1
2026-08-14 11:53:02,21.03125,1
2026-08-14 11:53:02,21.265625,1
2026-08-14 11:53:02,21.265625,1
2026-08-14 11:53:02,21.25,1
2026-08-14 11:53:02,21.25,1
2026-08-14 11:53:02,21.0625,1
2026-08-14 11:53:02,21.0625,1
2026-08-14 11:53:02,21.0625,1
2026-08-14 11:53:02,21.0625,1
2026-08-14 11:53:02,21.0625,1
2026-08-14 11:53:02,21.0625,1
2026-08-14 11:53:02,21.0625,1
2026-08-14 11:53:02,21.0625,1
2026-08-14 11:53:02,22.0,1
2026-08-14 11:53:02,22.0,1
2026-08-14 11:53:02,21.71875,1
2026-08-14 11:53:02,21.71875,1
2026-08-14 11:53:03,21.71875,1
2026-08-14 11:53:03,21.71875,1
2026-08-14 11:53:03,21.71875,1
2026-08-14 11:53:03,21.71875,1
2026-08-14 11:53:03,21.71875,1
2026-08-14 11:53:03,21.71875,1
2026-08-14 11:53:03,23.265625,1
2026-08-14 11:53:03,23.265625,1
2026-08-14 11:53:03,22.890625,1
2026-08-14 11:53:03,22.890625,1
2026-08-14 11:53:03,22.890625,1
2026-08-14 11:53:03,22.890625,1
2026-08-14 11:53:03,22.890625,1
2026-08-14 11:53:03,22.890625,1
2026-08-14 11:53:03,22.890625,1
2026-08-14 11:53:03,22.890625,1
2026-08-14 11:53:03,25.015625,1
2026-08-14 11:53:03,25.015625,1
2026-08-14 11:53:03,24.96875,1
2026-08-14 11:53:03,24.96875,1
2026-08-14 11:53:04,24.671875,1
2026-08-14 11:53:04,24.671875,1
2026-08-14 11:53:04,24.671875,1
2026-08-14 11:53:04,24.671875,1
2026-08-14 11:53:04,24.671875,1
2026-08-14 11:53:04,24.671875,1
2026-08-14 11:53:04,22.703125,1
2026-08-14 11:53:04,22.703125,1
2026-08-14 11:53:04,22.75,1
2026-08-14 11:53:04,22.75,1
2026-08-14 11:53:04,22.625,1
2026-08-14 11:53:04,22.625,1
2026-08-14 11:53:04,22.65625,1
2026-08-14 11:53:04,22.65625,1
2026-08-14 11:53:04,22.65625,1
2026-08-14 11:53:04,22.65625,1
2026-08-14 11:53:04,22.65625,1
2026-08-14 11:53:04,22.65625,1
2026-08-14 11:53:04,22.65625,1
2026-08-14 11:53:04,22.65625,1
2026-08-14 11:53:05,22.03125,1
2026-08-14 11:53:05,22.03125,1
2026-08-14 11:53:05,22.0625,1
2026-08-14 11:53:05,22.0625,1
2026-08-14 11:53:05,22.21875,1
2026-08-14 11:53:05,22.21875,1
2026-08-14 11:53:05,22.21875,1
2026-08-14 11:53:05,22.21875,1
2026-08-14 11:53:05,22.21875,1
2026-08-14 11:53:05,22.21875,1
2026-08-14 11:53:05,23.40625,1
2026-08-14 11:53:05,23.40625,1
2026-08-14 11:53:05,23.4375,1
2026-08-14 11:53:05,23.4375,1
2026-08-14 11:53:05,23.53125,1
2026-08-14 11:53:05,23.53125,1
2026-08-14 11:53:05,23.53125,1
2026-08-14 11:53:05,23.53125,1
2026-08-14 11:53:05,23.53125,1
2026-08-14 11:53:05,23.53125,1
2026-08-14 11:53:06,23.53125,1
2026-08-14 11:53:06,23.53125,1
2026-08-14 11:53:06,23.59375,1
2026-08-14 11:53:06,23.59375,1
2026-08-14 11:53:06,23.671875,1
2026-08-14 11:53:06,23.671875,1
2026-08-14 11:53:06,23.6875,1
2026-08-14 11:53:06,23.6875,1
2026-08-14 11:53:06,23.6875,1
2026-08-14 11:53:06,23.6875,1
2026-08-14 11:53:06,23.6875,1
2026-08-14 11:53:06,23.6875,1
2026-08-14 11:53:06,23.6875,1
2026-08-14 11:53:06,23.6875,1
2026-08-14 11:53:06,23.6875,1
2026-08-14 11:53:06,23.6875,1
2026-08-14 11:53:06,24.078125,1
2026-08-14 11:53:06,24.078125,1
2026-08-14 11:53:06,24.15625,1
2026-08-14 11:53:06,24.15625,1
2026-08-14 11:53:07,24.15625,1
2026-08-14 11:53:07,24.15625,1
2026-08-14 11:53:07,24.15625,1
2026-08-14 11:53:07,24.15625,1
2026-08-14 11:53:07,24.15625,1
2026-08-14 11:53:07,24.15625,1
2026-08-14 11:53:07,24.53125,1
2026-08-14 11:53:07,24.53125,1
2026-08-14 11:53:07,24.328125,1
2026-08-14 11:53:07,24.328125,1
2026-08-14 11:53:07,24.375,1
2026-08-14 11:53:07,24.375,1
2026-08-14 11:53:07,24.375,1
2026-08-14 11:53:07,24.375,1
2026-08-14 11:53:07,24.375,1
2026-08-14 11:53:07,24.375,1
2026-08-14 11:53:07,24.375,1
2026-08-14 11:53:07,24.375,1
2026-08-14 11:53:07,23.3125,1
2026-08-14 11:53:07,23.3125,1
2026-08-14 11:53:08,23.234375,1
2026-08-14 11:53:08,23.234375,1
2026-08-14 11:53:08,23.1875,1
2026-08-14 11:53:08,23.1875,1
2026-08-14 11:53:08,23.1875,1
2026-08-14 11:53:08,23.1875,1
2026-08-14 11:53:08,23.1875,1
2026-08-14 11:53:08,23.1875,1
2026-08-14 11:53:08,23.296875,1
2026-08-14 11:53:08,23.296875,1
2026-08-14 11:53:08,23.296875,1
2026-08-14 11:53:08,23.296875,1
2026-08-14 11:53:08,23.390625,1
2026-08-14 11:53:08,23.390625,1
2026-08-14 11:53:08,23.4375,1
2026-08-14 11:53:08,23.4375,1
2026-08-14 11:53:08,23.4375,1
2026-08-14 11:53:08,23.4375,1
2026-08-14 11:53:08,23.4375,1
2026-08-14 11:53:08,23.4375,1
2026-08-14 11:53:09,23.4375,1
2026-08-14 11:53:09,23.4375,1
2026-08-14 11:53:09,24.328125,1
2026-08-14 11:53:09,24.328125,1
2026-08-14 11:53:09,24.34375,1
2026-08-14 11:53:09,24.34375,1
2026-08-14 11:53:09,24.515625,1
2026-08-14 11:53:09,24.515625,1
2026-08-14 11:53:09,24.515625,1
2026-08-14 11:53:09,24.515625,1
2026-08-14 11:53:09,24.515625,1
2026-08-14 11:53:09,24.515625,1
2026-08-14 11:53:09,24.515625,1
2026-08-14 11:53:09,24.515625,1
2026-08-14 11:53:09,24.09375,1
2026-08-14 11:53:09,24.09375,1
2026-08-14 11:53:09,24.046875,1
2026-08-14 11:53:09,24.046875,1
2026-08-14 11:53:09,24.046875,1
2026-08-14 11:53:09,24.046875,1
2026-08-14 11:53:10,24.046875,1
2026-08-14 11:53:10,24.046875,1
2026-08-14 11:53:10,24.046875,1
2026-08-14 11:53:10,24.046875,1
2026-08-14 11:53:10,23.6875,1
2026-08-14 11:53:10,23.6875,1
2026-08-14 11:53:10,23.703125,1
2026-08-14 11:53:10,23.703125,1
2026-08-14 11:53:10,23.484375,1
2026-08-14 11:53:10,23.484375,1
2026-08-14 11:53:10,23.4375,1
2026-08-14 11:53:10,23.4375,1
2026-08-14 11:53:10,23.4375,1
2026-08-14 11:53:10,23.4375,1
2026-08-14 11:53:10,23.4375,1
2026-08-14 11:53:10,23.4375,1
2026-08-14 11:53:10,23.4375,1
2026-08-14 11:53:10,23.4375,1
2026-08-14 11:53:10,23.609375,1
2026-08-14 11:53:10,23.609375,1
2026-08-14 11:53:11,23.578125,1
2026-08-14 11:53:11,23.578125,1
2026-08-14 11:53:11,23.578125,1
2026-08-14 11:53:11,23.578125,1
2026-08-14 11:53:11,23.578125,1
2026-08-14 11:53:11,23.578125,1
2026-08-14 11:53:11,23.578125,1
2026-08-14 11:53:11,23.578125,1
2026-08-14 11:53:11,23.34375,1
2026-08-14 11:53:11,23.34375,1
2026-08-14 11:53:11,23.390625,1
2026-08-14 11:53:11,23.390625,1
2026-08-14 11:53:11,23.375,1
2026-08-14 11:53:11,23.375,1
2026-08-14 11:53:11,23.375,1
2026-08-14 11:53:11,23.375,1
2026-08-14 11:53:11,23.375,1
2026-08-14 11:53:11,23.375,1
2026-08-14 11:53:11,23.375,1
2026-08-14 11:53:11,23.375,1
2026-08-14 11:53:12,23.375,1
2026-08-14 11:53:12,23.375,1
2026-08-14 11:53:12,23.6875,1
2026-08-14 11:53:12,23.6875,1
2026-08-14 11:53:12,23.609375,1
2026-08-14 11:53:12,23.609375,1
2026-08-14 11:53:12,23.609375,1
2026-08-14 11:53:12,23.609375,1
2026-08-14 11:53:12,23.609375,1
2026-08-14 11:53:12,23.609375,1
2026-08-14 11:53:12,23.609375,1
2026-08-14 11:53:12,23.609375,1
2026-08-14 11:53:12,23.609375,1
2026-08-14 11:53:12,23.609375,1
2026-08-14 11:53:12,24.171875,1
2026-08-14 11:53:12,24.171875,1
2026-08-14 11:53:12,24.25,1
2026-08-14 11:53:12,24.25,1
2026-08-14 11:53:12,24.25,1
2026-08-14 11:53:12,24.25,1
2026-08-14 11:53:13,24.25,1
2026-08-14 11:53:13,24.25,1
2026-08-14 11:53:13,24.25,1
2026-08-14 11:53:13,24.25,1
2026-08-14 11:53:13,24.25,1
2026-08-14 11:53:13,24.25,1
2026-08-14 11:53:13,24.421875,1
2026-08-14 11:53:13,24.421875,1
2026-08-14 11:53:13,24.515625,1
2026-08-14 11:53:13,24.515625,1
2026-08-14 11:53:13,24.515625,1
2026-08-14 11:53:13,24.515625,1
2026-08-14 11:53:13,24.515625,1
2026-08-14 11:53:13,24.515625,1
2026-08-14 11:53:13,24.515625,1
2026-08-14 11:53:13,24.515625,1
2026-08-14 11:53:13,24.515625,1
2026-08-14 11:53:13,24.515625,1
2026-08-14 11:53:13,23.578125,1
2026-08-14 11:53:13,23.578125,1
2026-08-14 11:53:14,23.453125,1
2026-08-14 11:53:14,23.453125,1
2026-08-14 11:53:14,23.453125,1
2026-08-14 11:53:14,23.453125,1
2026-08-14 11:53:14,23.453125,1
2026-08-14 11:53:14,23.453125,1
2026-08-14 11:53:14,23.453125,1
2026-08-14 11:53:14,23.453125,1
2026-08-14 11:53:14,23.046875,1
2026-08-14 11:53:14,23.046875,1
2026-08-14 11:53:14,22.90625,1
2026-08-14 11:53:14,22.90625,1
2026-08-14 11:53:14,22.921875,1
2026-08-14 11:53:14,22.921875,1
2026-08-14 11:53:14,22.921875,1
2026-08-14 11:53:14,22.921875,1
2026-08-14 11:53:14,22.921875,1
2026-08-14 11:53:14,22.921875,1
2026-08-14 11:53:14,22.921875,1
2026-08-14 11:53:14,22.921875,1
2026-08-14 11:53:15,22.703125,1
2026-08-14 11:53:15,22.703125,1
2026-08-14 11:53:15,22.78125,1
2026-08-14 11:53:15,22.78125,1
2026-08-14 11:53:15,22.84375,1
2026-08-14 11:53:15,22.84375,1
2026-08-14 11:53:15,22.84375,1
2026-08-14 11:53:15,22.84375,1
2026-08-14 11:53:15,22.84375,1
2026-08-14 11:53:15,22.84375,1
2026-08-14 11:53:15,23.234375,1
2026-08-14 11:53:15,23.234375,1
2026-08-14 11:53:15,23.234375,1
2026-08-14 11:53:15,23.234375,1
2026-08-14 11:53:15,23.328125,1
2026-08-14 11:53:15,23.328125,1
2026-08-14 11:53:15,23.421875,1
2026-08-14 11:53:15,23.421875,1
2026-08-14 11:53:15,23.421875,1
2026-08-14 11:53:15,23.421875,1
2026-08-14 11:53:16,23.421875,1
2026-08-14 11:53:16,23.421875,1
2026-08-14 11:53:16,23.421875,1
2026-08-14 11:53:16,23.421875,1
2026-08-14 11:53:16,23.453125,1
2026-08-14 11:53:16,23.453125,1
2026-08-14 11:53:16,23.46875,1
2026-08-14 11:53:16,23.46875,1
2026-08-14 11:53:16,23.53125,1
2026-08-14 11:53:16,23.53125,1
2026-08-14 11:53:16,23.53125,1
2026-08-14 11:53:16,23.53125,1
2026-08-14 11:53:16,23.53125,1
2026-08-14 11:53:16,23.53125,1
2026-08-14 11:53:16,23.53125,1
2026-08-14 11:53:16,23.53125,1
2026-08-14 11:53:16,23.53125,1
2026-08-14 11:53:16,23.53125,1
2026-08-14 11:53:16,23.671875,1
2026-08-14 11:53:16,23.671875,1
2026-08-14 11:53:17,23.6875,1
2026-08-14 11:53:17,23.6875,1
2026-08-14 11:53:17,23.6875,1
2026-08-14 11:53:17,23.6875,1
2026-08-14 11:53:17,23.6875,1
2026-08-14 11:53:17,23.6875,1
2026-08-14 11:53:17,23.78125,1
2026-08-14 11:53:17,23.78125,1
2026-08-14 11:53:17,23.78125,1
2026-08-14 11:53:17,23.78125,1
2026-08-14 11:53:17,23.640625,1
2026-08-14 11:53:17,23.640625,1
2026-08-14 11:53:17,23.65625,1
2026-08-14 11:53:17,23.65625,1
2026-08-14 11:53:17,23.65625,1
2026-08-14 11:53:17,23.65625,1
2026-08-14 11:53:17,23.65625,1
2026-08-14 11:53:17,23.65625,1
2026-08-14 11:53:17,23.65625,1
2026-08-14 11:53:17,23.65625,1
2026-08-14 11:53:18,23.75,1
2026-08-14 11:53:18,23.75,1
2026-08-14 11:53:18,23.75,1
2026-08-14 11:53:18,23.75,1
2026-08-14 11:53:18,23.671875,1
2026-08-14 11:53:18,23.671875,1
2026-08-14 11:53:18,23.71875,1
2026-08-14 11:53:18,23.71875,1
2026-08-14 11:53:18,23.71875,1
2026-08-14 11:53:18,23.71875,1
2026-08-14 11:53:18,23.71875,1
2026-08-14 11:53:18,23.71875,1
2026-08-14 11:53:18,23.71875,1
2026-08-14 11:53:18,23.71875,1
2026-08-14 11:53:18,23.4375,1
2026-08-14 11:53:18,23.4375,1
2026-08-14 11:53:18,23.328125,1
2026-08-14 11:53:18,23.328125,1
2026-08-14 11:53:18,23.328125,1
2026-08-14 11:53:18,23.328125,1
2026-08-14 11:53:19,23.328125,1
2026-08-14 11:53:19,23.328125,1
2026-08-14 11:53:19,23.328125,1
2026-08-14 11:53:19,23.328125,1
2026-08-14 11:53:19,23.328125,1
2026-08-14 11:53:19,23.328125,1
2026-08-14 11:53:19,22.765625,1
2026-08-14 11:53:19,22.765625,1
2026-08-14 11:53:19,22.734375,1
2026-08-14 11:53:19,22.734375,1
2026-08-14 11:53:19,22.75,1
2026-08-14 11:53:19,22.75,1
2026-08-14 11:53:19,22.75,1
2026-08-14 11:53:19,22.75,1
2026-08-14 11:53:19,22.75,1
2026-08-14 11:53:19,22.75,1
2026-08-14 11:53:19,22.6875,1
2026-08-14 11:53:19,22.6875,1
2026-08-14 11:53:19,22.65625,1
2026-08-14 11:53:19,22.65625,1
2026-08-14 11:53:20,22.65625,1
2026-08-14 11:53:20,22.65625,1
2026-08-14 11:53:20,22.65625,1
2026-08-14 11:53:20,22.65625,1
2026-08-14 11:53:20,22.65625,1
2026-08-14 11:53:20,22.65625,1
2026-08-14 11:53:20,22.65625,1
2026-08-14 11:53:20,22.65625,1
2026-08-14 11:53:20,22.8125,1
2026-08-14 11:53:20,22.8125,1
2026-08-14 11:53:20,22.953125,1
2026-08-14 11:53:20,22.953125,1
2026-08-14 11:53:20,22.953125,1
2026-08-14 11:53:20,22.953125,1
2026-08-14 11:53:20,22.953125,1
2026-08-14 11:53:20,22.953125,1
2026-08-14 11:53:20,22.953125,1
2026-08-14 11:53:20,22.953125,1
2026-08-14 11:53:20,23.453125,1
2026-08-14 11:53:20,23.453125,1
2026-08-14 11:53:21,23.546875,1
2026-08-14 11:53:21,23.546875,1
2026-08-14 11:53:21,23.4375,1
2026-08-14 11:53:21,23.4375,1
2026-08-14 11:53:21,23.4375,1
2026-08-14 11:53:21,23.4375,1
2026-08-14 11:53:21,23.4375,1
2026-08-14 11:53:21,23.4375,1
2026-08-14 11:53:21,23.4375,1
2026-08-14 11:53:21,23.4375,1
2026-08-14 11:53:21,23.4375,1
2026-08-14 11:53:21,23.4375,1
2026-08-14 11:53:21,23.515625,1
2026-08-14 11:53:21,23.515625,1
2026-08-14 11:53:21,23.40625,1
2026-08-14 11:53:21,23.40625,1
2026-08-14 11:53:21,23.40625,1
2026-08-14 11:53:21,23.40625,1
2026-08-14 11:53:21,23.40625,1
2026-08-14 11:53:21,23.40625,1
2026-08-14 11:53:22,23.40625,1
2026-08-14 11:53:22,23.40625,1
2026-08-14 11:53:22,22.828125,1
2026-08-14 11:53:22,22.828125,1
2026-08-14 11:53:22,22.640625,1
2026-08-14 11:53:22,22.640625,1
2026-08-14 11:53:22,22.75,1
2026-08-14 11:53:22,22.75,1
2026-08-14 11:53:22,22.75,1
2026-08-14 11:53:22,22.75,1
2026-08-14 11:53:22,22.75,1
2026-08-14 11:53:22,22.75,1
2026-08-14 11:53:22,22.75,1
2026-08-14 11:53:22,22.75,1
2026-08-14 11:53:22,22.421875,1
2026-08-14 11:53:22,22.421875,1
2026-08-14 11:53:22,22.4375,1
2026-08-14 11:53:22,22.4375,1
2026-08-14 11:53:22,22.5,1
2026-08-14 11:53:22,22.5,1
2026-08-14 11:53:23,22.5,1
2026-08-14 11:53:23,22.5,1
2026-08-14 11:53:23,22.5,1
2026-08-14 11:53:23,22.5,1
2026-08-14 11:53:23,22.5,1
2026-08-14 11:53:23,22.5,1
2026-08-14 11:53:23,22.421875,1
2026-08-14 11:53:23,22.421875,1
2026-08-14 11:53:23,22.203125,1
2026-08-14 11:53:23,22.203125,1
2026-08-14 11:53:23,22.21875,1
2026-08-14 11:53:23,22.21875,1
2026-08-14 11:53:23,22.21875,1
2026-08-14 11:53:23,22.21875,1
2026-08-14 11:53:23,22.21875,1
2026-08-14 11:53:23,22.21875,1
2026-08-14 11:53:23,22.21875,1
2026-08-14 11:53:23,22.21875,1
2026-08-14 11:53:23,22.21875,1
2026-08-14 11:53:23,22.21875,1
2026-08-14 11:53:24,23.09375,1
2026-08-14 11:53:24,23.09375,1
2026-08-14 11:53:24,23.015625,1
2026-08-14 11:53:24,23.015625,1
2026-08-14 11:53:24,23.015625,1
2026-08-14 11:53:24,23.015625,1
2026-08-14 11:53:24,23.015625,1
2026-08-14 11:53:24,23.015625,1
2026-08-14 11:53:24,23.015625,1
2026-08-14 11:53:24,23.015625,1
2026-08-14 11:53:24,23.015625,1
2026-08-14 11:53:24,23.015625,1
2026-08-14 11:53:24,23.515625,1
2026-08-14 11:53:24,23.515625,1
2026-08-14 11:53:24,23.53125,1
2026-08-14 11:53:24,23.53125,1
2026-08-14 11:53:24,23.53125,1
2026-08-14 11:53:24,23.53125,1
2026-08-14 11:53:24,23.53125,1
2026-08-14 11:53:24,23.53125,1
2026-08-14 11:53:25,23.53125,1
2026-08-14 11:53:25,23.53125,1
2026-08-14 11:53:25,23.53125,1
2026-08-14 11:53:25,23.53125,1
2026-08-14 11:53:25,23.921875,1
2026-08-14 11:53:25,23.921875,1
2026-08-14 11:53:25,23.921875,1
2026-08-14 11:53:25,23.921875,1
2026-08-14 11:53:25,23.921875,1
2026-08-14 11:53:25,23.921875,1
2026-08-14 11:53:25,23.921875,1
2026-08-14 11:53:25,23.921875,1
2026-08-14 11:53:25,23.921875,1
2026-08-14 11:53:25,23.921875,1
2026-08-14 11:53:25,24.046875,1
2026-08-14 11:53:25,24.046875,1
2026-08-14 11:53:25,24.15625,1
2026-08-14 11:53:25,24.15625,1
2026-08-14 11:53:25,24.171875,1
2026-08-14 11:53:25,24.171875,1
2026-08-14 11:53:26,24.171875,1
2026-08-14 11:53:26,24.171875,1
2026-08-14 11:53:26,24.171875,1
2026-08-14 11:53:26,24.171875,1
2026-08-14 11:53:26,24.171875,1
2026-08-14 11:53:26,24.171875,1
2026-08-14 11:53:26,24.375,1
2026-08-14 11:53:26,24.375,1
2026-08-14 11:53:26,24.34375,1
2026-08-14 11:53:26,24.34375,1
2026-08-14 11:53:26,24.390625,1
2026-08-14 11:53:26,24.390625,1
2026-08-14 11:53:26,24.390625,1
2026-08-14 11:53:26,24.390625,1
2026-08-14 11:53:26,24.390625,1
2026-08-14 11:53:26,24.390625,1
2026-08-14 11:53:26,24.390625,1
2026-08-14 11:53:26,24.390625,1
2026-08-14 11:53:26,24.390625,1
2026-08-14 11:53:26,24.390625,1
2026-08-14 11:53:27,24.109375,1
2026-08-14 11:53:27,24.109375,1
2026-08-14 11:53:27,24.1875,1
2026-08-14 11:53:27,24.1875,1
2026-08-14 11:53:27,24.1875,1
2026-08-14 11:53:27,24.1875,1
2026-08-14 11:53:27,24.1875,1
2026-08-14 11:53:27,24.1875,1
2026-08-14 11:53:27,24.1875,1
2026-08-14 11:53:27,24.1875,1
2026-08-14 11:53:27,24.1875,1
2026-08-14 11:53:27,24.1875,1
2026-08-14 11:53:27,23.9375,1
2026-08-14 11:53:27,23.9375,1
2026-08-14 11:53:27,23.984375,1
2026-08-14 11:53:27,23.984375,1
2026-08-14 11:53:27,23.984375,1
2026-08-14 11:53:27,23.984375,1
2026-08-14 11:53:27,23.984375,1
2026-08-14 11:53:27,23.984375,1
2026-08-14 11:53:28,23.984375,1
2026-08-14 11:53:28,23.984375,1
2026-08-14 11:53:28,23.984375,1
2026-08-14 11:53:28,23.984375,1
2026-08-14 11:53:28,23.9375,1
2026-08-14 11:53:28,23.9375,1
2026-08-14 11:53:28,23.953125,1
2026-08-14 11:53:28,23.953125,1
2026-08-14 11:53:28,23.953125,1
2026-08-14 11:53:28,23.953125,1
2026-08-14 11:53:28,23.953125,1
2026-08-14 11:53:28,23.953125,1
2026-08-14 11:53:28,23.953125,1
2026-08-14 11:53:28,23.953125,1
2026-08-14 11:53:28,23.953125,1
2026-08-14 11:53:28,23.953125,1
2026-08-14 11:53:28,24.1875,1
2026-08-14 11:53:28,24.1875,1
2026-08-14 11:53:28,24.0625,1
2026-08-14 11:53:28,24.0625,1
2026-08-14 11:53:29,24.0625,1
2026-08-14 11:53:29,24.0625,1
2026-08-14 11:53:29,24.0625,1
2026-08-14 11:53:29,24.0625,1
2026-08-14 11:53:29,24.0625,1
2026-08-14 11:53:29,24.0625,1
2026-08-14 11:53:29,24.15625,1
2026-08-14 11:53:29,24.15625,1
2026-08-14 11:53:29,24.15625,1
2026-08-14 11:53:29,24.15625,1
2026-08-14 11:53:29,24.171875,1
2026-08-14 11:53:29,24.171875,1
2026-08-14 11:53:29,24.171875,1
2026-08-14 11:53:29,24.171875,1
2026-08-14 11:53:29,24.171875,1
2026-08-14 11:53:29,24.171875,1
2026-08-14 11:53:29,24.171875,1
2026-08-14 11:53:29,24.171875,1
2026-08-14 11:53:29,24.171875,1
2026-08-14 11:53:29,24.171875,1
2026-08-14 11:53:30,23.890625,1
2026-08-14 11:53:30,23.890625,1
2026-08-14 11:53:30,23.859375,1
2026-08-14 11:53:30,23.859375,1
2026-08-14 11:53:30,23.90625,1
2026-08-14 11:53:30,23.90625,1
2026-08-14 11:53:30,23.90625,1
2026-08-14 11:53:30,23.90625,1
2026-08-14 11:53:30,23.90625,1
2026-08-14 11:53:30,23.90625,1
2026-08-14 11:53:30,23.90625,1
2026-08-14 11:53:30,23.90625,1
2026-08-14 11:53:30,24.015625,1
2026-08-14 11:53:30,24.015625,1
2026-08-14 11:53:30,23.953125,1
2026-08-14 11:53:30,23.953125,1
2026-08-14 11:53:30,23.875,1
2026-08-14 11:53:30,23.875,1
2026-08-14 11:53:30,23.875,1
2026-08-14 11:53:30,23.875,1
2026-08-14 11:53:31,23.875,1
2026-08-14 11:53:31,23.875,1
2026-08-14 11:53:31,23.875,1
2026-08-14 11:53:31,23.875,1
2026-08-14 11:53:31,23.875,1
2026-08-14 11:53:31,23.875,1
2026-08-14 11:53:31,23.359375,1
2026-08-14 11:53:31,23.359375,1
2026-08-14 11:53:31,22.78125,1
2026-08-14 11:53:31,22.78125,1
2026-08-14 11:53:31,22.703125,1
2026-08-14 11:53:31,22.703125,1
2026-08-14 11:53:31,22.703125,1
2026-08-14 11:53:31,22.703125,1
2026-08-14 11:53:31,22.703125,1
2026-08-14 11:53:31,22.703125,1
2026-08-14 11:53:31,22.703125,1
2026-08-14 11:53:31,22.703125,1
2026-08-14 11:53:31,22.265625,1
2026-08-14 11:53:31,22.265625,1
2026-08-14 11:53:32,22.453125,1
2026-08-14 11:53:32,22.453125,1
2026-08-14 11:53:32,22.046875,1
2026-08-14 11:53:32,22.046875,1
2026-08-14 11:53:32,22.046875,1
2026-08-14 11:53:32,22.046875,1
2026-08-14 11:53:32,22.046875,1
2026-08-14 11:53:32,22.046875,1
2026-08-14 11:53:32,22.046875,1
2026-08-14 11:53:32,22.046875,1
2026-08-14 11:53:32,22.046875,1
2026-08-14 11:53:32,22.046875,1
2026-08-14 11:53:32,21.796875,1
2026-08-14 11:53:32,21.796875,1
2026-08-14 11:53:32,21.9375,1
2026-08-14 11:53:32,21.9375,1
2026-08-14 11:53:32,21.9375,1
2026-08-14 11:53:32,21.9375,1
2026-08-14 11:53:32,21.9375,1
2026-08-14 11:53:32,21.9375,1
2026-08-14 11:53:33,21.9375,1
2026-08-14 11:53:33,21.9375,1
2026-08-14 11:53:33,21.9375,1
2026-08-14 11:53:33,21.9375,1
2026-08-14 11:53:33,22.03125,1
2026-08-14 11:53:33,22.03125,1
2026-08-14 11:53:33,22.03125,1
2026-08-14 11:53:33,22.03125,1
2026-08-14 11:53:33,22.03125,1
2026-08-14 11:53:33,22.03125,1
2026-08-14 11:53:33,22.03125,1
2026-08-14 11:53:33,22.03125,1
2026-08-14 11:53:33,22.03125,1
2026-08-14 11:53:33,22.03125,1
2026-08-14 11:53:33,22.03125,1
2026-08-14 11:53:33,22.03125,1
2026-08-14 11:53:33,22.015625,1
2026-08-14 11:53:33,22.015625,1
2026-08-14 11:53:33,22.015625,1
2026-08-14 11:53:33,22.015625,1
2026-08-14 11:53:34,22.03125,1
2026-08-14 11:53:34,22.03125,1
2026-08-14 11:53:34,22.03125,1
2026-08-14 11:53:34,22.03125,1
2026-08-14 11:53:34,22.03125,1
2026-08-14 11:53:34,22.03125,1
2026-08-14 11:53:34,22.03125,1
2026-08-14 11:53:34,22.03125,1
2026-08-14 11:53:34,22.03125,1
2026-08-14 11:53:34,22.03125,1
2026-08-14 11:53:34,22.109375,1
2026-08-14 11:53:34,22.109375,1
2026-08-14 11:53:34,22.265625,1
2026-08-14 11:53:34,22.265625,1
2026-08-14 11:53:34,22.265625,1
2026-08-14 11:53:34,22.265625,1
2026-08-14 11:53:34,22.265625,1
2026-08-14 11:53:34,22.265625,1
2026-08-14 11:53:34,22.265625,1
2026-08-14 11:53:34,22.265625,1
2026-08-14 11:53:35,22.265625,1
2026-08-14 11:53:35,22.265625,1
2026-08-14 11:53:35,22.0625,1
2026-08-14 11:53:35,22.0625,1
2026-08-14 11:53:35,22.109375,1
2026-08-14 11:53:35,22.109375,1
2026-08-14 11:53:35,22.109375,1
2026-08-14 11:53:35,22.109375,1
2026-08-14 11:53:35,22.109375,1
2026-08-14 11:53:35,22.109375,1
2026-08-14 11:53:35,22.109375,1
2026-08-14 11:53:35,22.109375,1
2026-08-14 11:53:35,22.1875,1
2026-08-14 11:53:35,22.1875,1
2026-08-14 11:53:35,22.1875,1
2026-08-14 11:53:35,22.1875,1
2026-08-14 11:53:35,22.15625,1
2026-08-14 11:53:35,22.15625,1
2026-08-14 11:53:35,22.15625,1
2026-08-14 11:53:35,22.15625,1
2026-08-14 11:53:36,22.15625,1
2026-08-14 11:53:36,22.15625,1
2026-08-14 11:53:36,22.15625,1
2026-08-14 11:53:36,22.15625,1
2026-08-14 11:53:36,22.375,1
2026-08-14 11:53:36,22.375,1
2026-08-14 11:53:36,22.390625,1
2026-08-14 11:53:36,22.390625,1
2026-08-14 11:53:36,22.375,1
2026-08-14 11:53:36,22.375,1
2026-08-14 11:53:36,22.375,1
2026-08-14 11:53:36,22.375,1
2026-08-14 11:53:36,22.375,1
2026-08-14 11:53:36,22.375,1
2026-08-14 11:53:36,22.375,1
2026-08-14 11:53:36,22.375,1
2026-08-14 11:53:36,22.375,1
2026-08-14 11:53:36,22.375,1
2026-08-14 11:53:36,22.140625,1
2026-08-14 11:53:36,22.140625,1
2026-08-14 11:53:37,22.171875,1
2026-08-14 11:53:37,22.171875,1
2026-08-14 11:53:37,22.171875,1
2026-08-14 11:53:37,22.171875,1
2026-08-14 11:53:37,22.171875,1
2026-08-14 11:53:37,22.171875,1
2026-08-14 11:53:37,22.171875,1
2026-08-14 11:53:37,22.171875,1
2026-08-14 11:53:37,21.96875,1
2026-08-14 11:53:37,21.96875,1
2026-08-14 11:53:37,21.96875,1
2026-08-14 11:53:37,21.96875,1
2026-08-14 11:53:37,22.03125,1
2026-08-14 11:53:37,22.03125,1
2026-08-14 11:53:37,22.03125,1
2026-08-14 11:53:37,22.03125,1
2026-08-14 11:53:37,22.03125,1
2026-08-14 11:53:37,22.03125,1
2026-08-14 11:53:37,22.03125,1
2026-08-14 11:53:37,22.03125,1
2026-08-14 11:53:38,22.046875,1
2026-08-14 11:53:38,22.046875,1
2026-08-14 11:53:38,22.09375,1
2026-08-14 11:53:38,22.09375,1
2026-08-14 11:53:38,22.09375,1
2026-08-14 11:53:38,22.09375,1
2026-08-14 11:53:38,22.09375,1
2026-08-14 11:53:38,22.09375,1
2026-08-14 11:53:38,22.09375,1
2026-08-14 11:53:38,22.09375,1
2026-08-14 11:53:38,22.09375,1
2026-08-14 11:53:38,22.09375,1
2026-08-14 11:53:38,21.828125,1
2026-08-14 11:53:38,21.828125,1
2026-08-14 11:53:38,21.90625,1
2026-08-14 11:53:38,21.90625,1
2026-08-14 11:53:38,21.90625,1
2026-08-14 11:53:38,21.90625,1
2026-08-14 11:53:38,21.90625,1
2026-08-14 11:53:38,21.90625,1
2026-08-14 11:53:39,21.90625,1
2026-08-14 11:53:39,21.90625,1
2026-08-14 11:53:39,21.90625,1
2026-08-14 11:53:39,21.90625,1
2026-08-14 11:53:39,22.015625,1
2026-08-14 11:53:39,22.015625,1
2026-08-14 11:53:39,21.96875,1
2026-08-14 11:53:39,21.96875,1
2026-08-14 11:53:39,21.96875,1
2026-08-14 11:53:39,21.96875,1
2026-08-14 11:53:39,21.96875,1
2026-08-14 11:53:39,21.96875,1
2026-08-14 11:53:39,21.96875,1
2026-08-14 11:53:39,21.96875,1
2026-08-14 11:53:39,22.234375,1
2026-08-14 11:53:39,22.234375,1
2026-08-14 11:53:39,22.234375,1
2026-08-14 11:53:39,22.234375,1
2026-08-14 11:53:39,22.21875,1
2026-08-14 11:53:39,22.21875,1
2026-08-14 11:53:40,22.21875,1
2026-08-14 11:53:40,22.21875,1
2026-08-14 11:53:40,22.21875,1
2026-08-14 11:53:40,22.21875,1
2026-08-14 11:53:40,22.21875,1
2026-08-14 11:53:40,22.21875,1
2026-08-14 11:53:40,22.21875,1
2026-08-14 11:53:40,22.21875,1
2026-08-14 11:53:40,21.1875,1
2026-08-14 11:53:40,21.1875,1
2026-08-14 11:53:40,21.234375,1
2026-08-14 11:53:40,21.234375,1
2026-08-14 11:53:40,21.234375,1
2026-08-14 11:53:40,21.234375,1
2026-08-14 11:53:40,21.234375,1
2026-08-14 11:53:40,21.234375,1
2026-08-14 11:53:40,21.234375,1
2026-08-14 11:53:40,21.234375,1
2026-08-14 11:53:40,21.234375,1
2026-08-14 11:53:40,21.234375,1
2026-08-14 11:53:41,20.65625,1
2026-08-14 11:53:41,20.65625,1
2026-08-14 11:53:41,20.4375,1
2026-08-14 11:53:41,20.4375,1
2026-08-14 11:53:41,20.4375,1
2026-08-14 11:53:41,20.4375,1
2026-08-14 11:53:41,20.4375,1
2026-08-14 11:53:41,20.4375,1
2026-08-14 11:53:41,20.4375,1
2026-08-14 11:53:41,20.4375,1
2026-08-14 11:53:41,20.421875,1
2026-08-14 11:53:41,20.421875,1
2026-08-14 11:53:41,20.59375,1
2026-08-14 11:53:41,20.59375,1
2026-08-14 11:53:41,20.71875,1
2026-08-14 11:53:41,20.71875,1
2026-08-14 11:53:41,20.71875,1
2026-08-14 11:53:41,20.71875,1
2026-08-14 11:53:41,20.71875,1
2026-08-14 11:53:41,20.71875,1
2026-08-14 11:53:42,20.71875,1
2026-08-14 11:53:42,20.71875,1
2026-08-14 11:53:42,20.71875,1
2026-08-14 11:53:42,20.71875,1
2026-08-14 11:53:42,22.3125,1
2026-08-14 11:53:42,22.3125,1
2026-08-14 11:53:42,22.515625,1
2026-08-14 11:53:42,22.515625,1
2026-08-14 11:53:42,22.515625,1
2026-08-14 11:53:42,22.515625,1
2026-08-14 11:53:42,22.515625,1
2026-08-14 11:53:42,22.515625,1
2026-08-14 11:53:42,22.515625,1
2026-08-14 11:53:42,22.515625,1
2026-08-14 11:53:42,21.71875,1
2026-08-14 11:53:42,21.71875,1
2026-08-14 11:53:42,21.109375,1
2026-08-14 11:53:42,21.109375,1
2026-08-14 11:53:42,21.09375,1
2026-08-14 11:53:42,21.09375,1
2026-08-14 11:53:43,21.09375,1
2026-08-14 11:53:43,21.09375,1
2026-08-14 11:53:43,21.09375,1
2026-08-14 11:53:43,21.09375,1
2026-08-14 11:53:43,21.09375,1
2026-08-14 11:53:43,21.09375,1
2026-08-14 11:53:43,22.953125,1
2026-08-14 11:53:43,22.953125,1
2026-08-14 11:53:43,22.765625,1
2026-08-14 11:53:43,22.765625,1
2026-08-14 11:53:43,22.828125,1
2026-08-14 11:53:43,22.828125,1
2026-08-14 11:53:43,22.828125,1
2026-08-14 11:53:43,22.828125,1
2026-08-14 11:53:43,22.828125,1
2026-08-14 11:53:43,22.828125,1
2026-08-14 11:53:43,22.828125,1
2026-08-14 11:53:43,22.828125,1
2026-08-14 11:53:43,23.03125,1
2026-08-14 11:53:43,23.03125,1
2026-08-14 11:53:44,23.1875,1
2026-08-14 11:53:44,23.1875,1
2026-08-14 11:53:44,23.15625,1
2026-08-14 11:53:44,23.15625,1
2026-08-14 11:53:44,23.15625,1
2026-08-14 11:53:44,23.15625,1
2026-08-14 11:53:44,23.15625,1
2026-08-14 11:53:44,23.15625,1
2026-08-14 11:53:44,23.15625,1
2026-08-14 11:53:44,23.15625,1
2026-08-14 11:53:44,23.046875,1
2026-08-14 11:53:44,23.046875,1
2026-08-14 11:53:44,23.03125,1
2026-08-14 11:53:44,23.03125,1
2026-08-14 11:53:44,22.953125,1
2026-08-14 11:53:44,22.953125,1
2026-08-14 11:53:44,22.953125,1
2026-08-14 11:53:44,22.953125,1
2026-08-14 11:53:44,22.953125,1
2026-08-14 11:53:44,22.953125,1
2026-08-14 11:53:45,22.953125,1
2026-08-14 11:53:45,22.953125,1
2026-08-14 11:53:45,23.0625,1
2026-08-14 11:53:45,23.0625,1
2026-08-14 11:53:45,23.15625,1
2026-08-14 11:53:45,23.15625,1
2026-08-14 11:53:45,23.171875,1
2026-08-14 11:53:45,23.171875,1
2026-08-14 11:53:45,23.171875,1
2026-08-14 11:53:45,23.171875,1
2026-08-14 11:53:45,23.171875,1
2026-08-14 11:53:45,23.171875,1
2026-08-14 11:53:45,23.171875,1
2026-08-14 11:53:45,23.171875,1
2026-08-14 11:53:45,23.171875,1
2026-08-14 11:53:45,23.171875,1
2026-08-14 11:53:45,23.5,1
2026-08-14 11:53:45,23.5,1
2026-08-14 11:53:45,23.484375,1
2026-08-14 11:53:45,23.484375,1
2026-08-14 11:53:46,23.484375,1
2026-08-14 11:53:46,23.484375,1
2026-08-14 11:53:46,23.484375,1
2026-08-14 11:53:46,23.484375,1
2026-08-14 11:53:46,23.484375,1
2026-08-14 11:53:46,23.484375,1
2026-08-14 11:53:46,23.6875,1
2026-08-14 11:53:46,23.6875,1
2026-08-14 11:53:46,23.75,1
2026-08-14 11:53:46,23.75,1
2026-08-14 11:53:46,23.625,1
2026-08-14 11:53:46,23.625,1
2026-08-14 11:53:46,23.625,1
2026-08-14 11:53:46,23.625,1
2026-08-14 11:53:46,23.625,1
2026-08-14 11:53:46,23.625,1
2026-08-14 11:53:46,24.171875,1
2026-08-14 11:53:46,24.171875,1
2026-08-14 11:53:46,24.09375,1
2026-08-14 11:53:46,24.09375,1
2026-08-14 11:53:47,24.09375,1
2026-08-14 11:53:47,24.09375,1
2026-08-14 11:53:47,24.09375,1
2026-08-14 11:53:47,24.09375,1
2026-08-14 11:53:47,24.09375,1
2026-08-14 11:53:47,24.09375,1
2026-08-14 11:53:47,24.09375,1
2026-08-14 11:53:47,24.09375,1
2026-08-14 11:53:47,23.921875,1
2026-08-14 11:53:47,23.921875,1
2026-08-14 11:53:47,23.90625,1
2026-08-14 11:53:47,23.90625,1
2026-08-14 11:53:47,23.90625,1
2026-08-14 11:53:47,23.90625,1
2026-08-14 11:53:47,23.90625,1
2026-08-14 11:53:47,23.90625,1
2026-08-14 11:53:47,23.90625,1
2026-08-14 11:53:47,23.90625,1
2026-08-14 11:53:47,23.21875,1
2026-08-14 11:53:47,23.21875,1
2026-08-14 11:53:48,23.21875,1
2026-08-14 11:53:48,23.21875,1
2026-08-14 11:53:48,23.21875,1
2026-08-14 11:53:48,23.21875,1
2026-08-14 11:53:48,23.21875,1
2026-08-14 11:53:48,23.21875,1
2026-08-14 11:53:48,23.21875,1
2026-08-14 11:53:48,23.21875,1
2026-08-14 11:53:48,22.78125,1
2026-08-14 11:53:48,22.78125,1
2026-08-14 11:53:48,22.765625,1
2026-08-14 11:53:48,22.765625,1
2026-08-14 11:53:48,22.640625,1
2026-08-14 11:53:48,22.640625,1
2026-08-14 11:53:48,22.640625,1
2026-08-14 11:53:48,22.640625,1
2026-08-14 11:53:48,22.640625,1
2026-08-14 11:53:48,22.640625,1
2026-08-14 11:53:48,22.640625,1
2026-08-14 11:53:48,22.640625,1
2026-08-14 11:53:49,22.75,1
2026-08-14 11:53:49,22.75,1
2026-08-14 11:53:49,22.8125,1
2026-08-14 11:53:49,22.8125,1
2026-08-14 11:53:49,22.8125,1
2026-08-14 11:53:49,22.8125,1
2026-08-14 11:53:49,22.8125,1
2026-08-14 11:53:49,22.8125,1
2026-08-14 11:53:49,22.8125,1
2026-08-14 11:53:49,22.8125,1
2026-08-14 11:53:49,22.8125,1
2026-08-14 11:53:49,22.8125,1
2026-08-14 11:53:49,23.125,1
2026-08-14 11:53:49,23.125,1
2026-08-14 11:53:49,23.234375,1
2026-08-14 11:53:49,23.234375,1
2026-08-14 11:53:49,23.234375,1
2026-08-14 11:53:49,23.234375,1
2026-08-14 11:53:49,23.234375,1
2026-08-14 11:53:49,23.234375,1
2026-08-14 11:53:50,23.234375,1
2026-08-14 11:53:50,23.234375,1
2026-08-14 11:53:50,23.234375,1
2026-08-14 11:53:50,23.234375,1
2026-08-14 11:53:50,23.703125,1
2026-08-14 11:53:50,23.703125,1
2026-08-14 11:53:50,23.703125,1
2026-08-14 11:53:50,23.703125,1
2026-08-14 11:53:50,23.703125,1
2026-08-14 11:53:50,23.703125,1
2026-08-14 11:53:50,23.703125,1
2026-08-14 11:53:50,23.703125,1
2026-08-14 11:53:50,23.703125,1
2026-08-14 11:53:50,23.703125,1
2026-08-14 11:53:50,23.703125,1
2026-08-14 11:53:50,23.703125,1
2026-08-14 11:53:50,24.015625,1
2026-08-14 11:53:50,24.015625,1
2026-08-14 11:53:50,24.078125,1
2026-08-14 11:53:50,24.078125,1
2026-08-14 11:53:51,24.078125,1
2026-08-14 11:53:51,24.078125,1
2026-08-14 11:53:51,24.078125,1
2026-08-14 11:53:51,24.078125,1
2026-08-14 11:53:51,24.078125,1
2026-08-14 11:53:51,24.078125,1
2026-08-14 11:53:51,24.078125,1
2026-08-14 11:53:51,24.078125,1
2026-08-14 11:53:51,23.921875,1
2026-08-14 11:53:51,23.921875,1
2026-08-14 11:53:51,23.953125,1
2026-08-14 11:53:51,23.953125,1
2026-08-14 11:53:51,23.890625,1
2026-08-14 11:53:51,23.890625,1
2026-08-14 11:53:51,23.890625,1
2026-08-14 11:53:51,23.890625,1
2026-08-14 11:53:51,23.890625,1
2026-08-14 11:53:51,23.890625,1
2026-08-14 11:53:51,23.890625,1
2026-08-14 11:53:51,23.890625,1
2026-08-14 11:53:52,23.890625,1
2026-08-14 11:53:52,23.890625,1
2026-08-14 11:53:52,23.984375,1
2026-08-14 11:53:52,23.984375,1
2026-08-14 11:53:52,24.046875,1
2026-08-14 11:53:52,24.046875,1
2026-08-14 11:53:52,24.046875,1
2026-08-14 11:53:52,24.046875,1
2026-08-14 11:53:52,24.046875,1
2026-08-14 11:53:52,24.046875,1
2026-08-14 11:53:52,24.046875,1
2026-08-14 11:53:52,24.046875,1
2026-08-14 11:53:52,24.03125,1
2026-08-14 11:53:52,24.03125,1
2026-08-14 11:53:52,24.03125,1
2026-08-14 11:53:52,24.03125,1
2026-08-14 11:53:52,23.953125,1
2026-08-14 11:53:52,23.953125,1
2026-08-14 11:53:52,23.953125,1
2026-08-14 11:53:52,23.953125,1
2026-08-14 11:53:53,23.953125,1
2026-08-14 11:53:53,23.953125,1
2026-08-14 11:53:53,23.953125,1
2026-08-14 11:53:53,23.953125,1
2026-08-14 11:53:53,23.890625,1
2026-08-14 11:53:53,23.890625,1
2026-08-14 11:53:53,23.921875,1
2026-08-14 11:53:53,23.921875,1
2026-08-14 11:53:53,23.921875,1
2026-08-14 11:53:53,23.921875,1
2026-08-14 11:53:53,23.921875,1
2026-08-14 11:53:53,23.921875,1
2026-08-14 11:53:53,23.921875,1
2026-08-14 11:53:53,23.921875,1
2026-08-14 11:53:53,23.921875,1
2026-08-14 11:53:53,23.921875,1
2026-08-14 11:53:53,23.921875,1
2026-08-14 11:53:53,23.921875,1
2026-08-14 11:53:53,23.96875,1
2026-08-14 11:53:53,23.96875,1
2026-08-14 11:53:54,23.96875,1
2026-08-14 11:53:54,23.96875,1
2026-08-14 11:53:54,23.96875,1
2026-08-14 11:53:54,23.96875,1
2026-08-14 11:53:54,23.96875,1
2026-08-14 11:53:54,23.96875,1
2026-08-14 11:53:54,24.078125,1
2026-08-14 11:53:54,24.078125,1
2026-08-14 11:53:54,24.109375,1
2026-08-14 11:53:54,24.109375,1
2026-08-14 11:53:54,24.109375,1
2026-08-14 11:53:54,24.109375,1
2026-08-14 11:53:54,24.109375,1
2026-08-14 11:53:54,24.109375,1
2026-08-14 11:53:54,24.109375,1
2026-08-14 11:53:54,24.109375,1
2026-08-14 11:53:54,24.109375,1
2026-08-14 11:53:54,24.109375,1
2026-08-14 11:53:54,24.109375,1
2026-08-14 11:53:54,24.109375,1
2026-08-14 11:53:55,24.046875,1
2026-08-14 11:53:55,24.046875,1
2026-08-14 11:53:55,24.09375,1
2026-08-14 11:53:55,24.09375,1
2026-08-14 11:53:55,24.09375,1
2026-08-14 11:53:55,24.09375,1
2026-08-14 11:53:55,24.09375,1
2026-08-14 11:53:55,24.09375,1
2026-08-14 11:53:55,24.09375,1
2026-08-14 11:53:55,24.09375,1
2026-08-14 11:53:55,24.125,1
2026-08-14 11:53:55,24.125,1
2026-08-14 11:53:55,24.09375,1
2026-08-14 11:53:55,24.09375,1
2026-08-14 11:53:55,23.96875,1
2026-08-14 11:53:55,23.96875,1
2026-08-14 11:53:55,23.96875,1
2026-08-14 11:53:55,23.96875,1
2026-08-14 11:53:55,23.96875,1
2026-08-14 11:53:55,23.96875,1
2026-08-14 11:53:56,23.96875,1
2026-08-14 11:53:56,23.96875,1
2026-08-14 11:53:56,23.96875,1
2026-08-14 11:53:56,23.96875,1
2026-08-14 11:53:56,23.703125,1
2026-08-14 11:53:56,23.703125,1
2026-08-14 11:53:56,23.703125,1
2026-08-14 11:53:56,23.703125,1
2026-08-14 11:53:56,23.703125,1
2026-08-14 11:53:56,23.703125,1
2026-08-14 11:53:56,23.703125,1
2026-08-14 11:53:56,23.703125,1
2026-08-14 11:53:56,23.703125,1
2026-08-14 11:53:56,23.703125,1
2026-08-14 11:53:56,23.703125,1
2026-08-14 11:53:56,23.703125,1
2026-08-14 11:53:56,23.1875,1
2026-08-14 11:53:56,23.1875,1
2026-08-14 11:53:56,23.125,1
2026-08-14 11:53:56,23.125,1
2026-08-14 11:53:57,23.125,1
2026-08-14 11:53:57,23.125,1
2026-08-14 11:53:57,23.125,1
2026-08-14 11:53:57,23.125,1
2026-08-14 11:53:57,23.125,1
2026-08-14 11:53:57,23.125,1
2026-08-14 11:53:57,23.125,1
2026-08-14 11:53:57,23.125,1
2026-08-14 11:53:57,23.09375,1
2026-08-14 11:53:57,23.09375,1
2026-08-14 11:53:57,23.140625,1
2026-08-14 11:53:57,23.140625,1
2026-08-14 11:53:57,23.140625,1
2026-08-14 11:53:57,23.140625,1
2026-08-14 11:53:57,23.140625,1
2026-08-14 11:53:57,23.140625,1
2026-08-14 11:53:57,23.140625,1
2026-08-14 11:53:57,23.140625,1
2026-08-14 11:53:57,23.125,1
2026-08-14 11:53:57,23.125,1
2026-08-14 11:53:58,23.046875,1
2026-08-14 11:53:58,23.046875,1
2026-08-14 11:53:58,23.203125,1
2026-08-14 11:53:58,23.203125,1
2026-08-14 11:53:58,23.203125,1
2026-08-14 11:53:58,23.203125,1
2026-08-14 11:53:58,23.203125,1
2026-08-14 11:53:58,23.203125,1
2026-08-14 11:53:58,23.203125,1
2026-08-14 11:53:58,23.203125,1
2026-08-14 11:53:58,23.203125,1
2026-08-14 11:53:58,23.203125,1
2026-08-14 11:53:58,23.109375,1
2026-08-14 11:53:58,23.109375,1
2026-08-14 11:53:58,23.21875,1
2026-08-14 11:53:58,23.21875,1
2026-08-14 11:53:58,23.21875,1
2026-08-14 11:53:58,23.21875,1
2026-08-14 11:53:58,23.21875,1
2026-08-14 11:53:58,23.21875,1
2026-08-14 11:53:59,23.21875,1
2026-08-14 11:53:59,23.21875,1
2026-08-14 11:53:59,23.140625,1
2026-08-14 11:53:59,23.140625,1
2026-08-14 11:53:59,23.109375,1
2026-08-14 11:53:59,23.109375,1
2026-08-14 11:53:59,23.203125,1
2026-08-14 11:53:59,23.203125,1
2026-08-14 11:53:59,23.203125,1
2026-08-14 11:53:59,23.203125,1
2026-08-14 11:53:59,23.203125,1
2026-08-14 11:53:59,23.203125,1
2026-08-14 11:53:59,23.203125,1
2026-08-14 11:53:59,23.203125,1
2026-08-14 11:53:59,23.203125,1
2026-08-14 11:53:59,23.203125,1
2026-08-14 11:53:59,23.109375,1
2026-08-14 11:53:59,23.109375,1
2026-08-14 11:53:59,23.171875,1
2026-08-14 11:53:59,23.171875,1
2026-08-14 11:54:00,23.171875,1
2026-08-14 11:54:00,23.171875,1
2026-08-14 11:54:00,23.171875,1
2026-08-14 11:54:00,23.171875,1
2026-08-14 11:54:00,23.171875,1
2026-08-14 11:54:00,23.171875,1
2026-08-14 11:54:00,23.171875,1
2026-08-14 11:54:00,23.171875,1
2026-08-14 11:54:00,23.109375,1
2026-08-14 11:54:00,23.109375,1
2026-08-14 11:54:00,23.25,1
2026-08-14 11:54:00,23.25,1
2026-08-14 11:54:00,23.25,1
2026-08-14 11:54:00,23.25,1
2026-08-14 11:54:00,23.25,1
2026-08-14 11:54:00,23.25,1
2026-08-14 11:54:00,23.25,1
2026-08-14 11:54:00,23.25,1
2026-08-14 11:54:00,23.171875,1
2026-08-14 11:54:00,23.171875,1
2026-08-14 11:54:01,23.28125,1
2026-08-14 11:54:01,23.28125,1
2026-08-14 11:54:01,23.234375,1
2026-08-14 11:54:01,23.234375,1
2026-08-14 11:54:01,23.1875,1
2026-08-14 11:54:01,23.1875,1
2026-08-14 11:54:01,23.1875,1
2026-08-14 11:54:01,23.1875,1
2026-08-14 11:54:01,23.1875,1
2026-08-14 11:54:01,23.1875,1
2026-08-14 11:54:01,23.1875,1
2026-08-14 11:54:01,23.1875,1
2026-08-14 11:54:01,23.203125,1
2026-08-14 11:54:01,23.203125,1
2026-08-14 11:54:01,23.09375,1
2026-08-14 11:54:01,23.09375,1
2026-08-14 11:54:01,23.09375,1
2026-08-14 11:54:01,23.09375,1
2026-08-14 11:54:01,23.09375,1
2026-08-14 11:54:01,23.09375,1
2026-08-14 11:54:02,23.09375,1
2026-08-14 11:54:02,23.09375,1
2026-08-14 11:54:02,22.671875,1
2026-08-14 11:54:02,22.671875,1
2026-08-14 11:54:02,22.796875,1
2026-08-14 11:54:02,22.796875,1
2026-08-14 11:54:02,22.8125,1
2026-08-14 11:54:02,22.8125,1
2026-08-14 11:54:02,22.8125,1
2026-08-14 11:54:02,22.8125,1
2026-08-14 11:54:02,22.8125,1
2026-08-14 11:54:02,22.8125,1
2026-08-14 11:54:02,22.8125,1
2026-08-14 11:54:02,22.8125,1
2026-08-14 11:54:02,22.8125,1
2026-08-14 11:54:02,22.8125,1
2026-08-14 11:54:02,22.578125,1
2026-08-14 11:54:02,22.578125,1
2026-08-14 11:54:02,22.6875,1
2026-08-14 11:54:02,22.6875,1
2026-08-14 11:54:03,22.6875,1
2026-08-14 11:54:03,22.6875,1
2026-08-14 11:54:03,22.6875,1
2026-08-14 11:54:03,22.6875,1
2026-08-14 11:54:03,22.6875,1
2026-08-14 11:54:03,22.6875,1
2026-08-14 11:54:03,22.6875,1
2026-08-14 11:54:03,22.6875,1
2026-08-14 11:54:03,22.6875,1
2026-08-14 11:54:03,22.6875,1
2026-08-14 11:54:03,22.78125,1
2026-08-14 11:54:03,22.78125,1
2026-08-14 11:54:03,22.78125,1
2026-08-14 11:54:03,22.78125,1
2026-08-14 11:54:03,22.78125,1
2026-08-14 11:54:03,22.78125,1
2026-08-14 11:54:03,22.78125,1
2026-08-14 11:54:03,22.78125,1
2026-08-14 11:54:03,22.78125,1
2026-08-14 11:54:03,22.78125,1
2026-08-14 11:54:04,22.765625,1
2026-08-14 11:54:04,22.765625,1
2026-08-14 11:54:04,22.6875,1
2026-08-14 11:54:04,22.6875,1
2026-08-14 11:54:04,22.6875,1
2026-08-14 11:54:04,22.6875,1
2026-08-14 11:54:04,22.6875,1
2026-08-14 11:54:04,22.6875,1
2026-08-14 11:54:04,22.6875,1
2026-08-14 11:54:04,22.6875,1
2026-08-14 11:54:04,22.828125,1
2026-08-14 11:54:04,22.828125,1
2026-08-14 11:54:04,22.78125,1
2026-08-14 11:54:04,22.78125,1
2026-08-14 11:54:04,22.765625,1
2026-08-14 11:54:04,22.765625,1
2026-08-14 11:54:04,22.765625,1
2026-08-14 11:54:04,22.765625,1
2026-08-14 11:54:04,22.765625,1
2026-08-14 11:54:04,22.765625,1
2026-08-14 11:54:05,22.765625,1
2026-08-14 11:54:05,22.765625,1
2026-08-14 11:54:05,21.84375,1
2026-08-14 11:54:05,21.84375,1
2026-08-14 11:54:05,21.578125,1
2026-08-14 11:54:05,21.578125,1
2026-08-14 11:54:05,21.734375,1
2026-08-14 11:54:05,21.734375,1
2026-08-14 11:54:05,21.734375,1
2026-08-14 11:54:05,21.734375,1
2026-08-14 11:54:05,21.734375,1
2026-08-14 11:54:05,21.734375,1
2026-08-14 11:54:05,21.734375,1
2026-08-14 11:54:05,21.734375,1
2026-08-14 11:54:05,22.59375,1
2026-08-14 11:54:05,22.59375,1
2026-08-14 11:54:05,22.625,1
2026-08-14 11:54:05,22.625,1
2026-08-14 11:54:05,22.625,1
2026-08-14 11:54:05,22.625,1
2026-08-14 11:54:06,22.625,1
2026-08-14 11:54:06,22.625,1
2026-08-14 11:54:06,22.625,1
2026-08-14 11:54:06,22.625,1
2026-08-14 11:54:06,22.625,1
2026-08-14 11:54:06,22.625,1
2026-08-14 11:54:06,22.34375,1
2026-08-14 11:54:06,22.34375,1
2026-08-14 11:54:06,22.28125,1
2026-08-14 11:54:06,22.28125,1
2026-08-14 11:54:06,22.28125,1
2026-08-14 11:54:06,22.28125,1
2026-08-14 11:54:06,22.28125,1
2026-08-14 11:54:06,22.28125,1
2026-08-14 11:54:06,22.28125,1
2026-08-14 11:54:06,22.28125,1
2026-08-14 11:54:06,22.390625,1
2026-08-14 11:54:06,22.390625,1
2026-08-14 11:54:06,22.671875,1
2026-08-14 11:54:06,22.671875,1
2026-08-14 11:54:07,22.875,1
2026-08-14 11:54:07,22.875,1
2026-08-14 11:54:07,22.875,1
2026-08-14 11:54:07,22.875,1
2026-08-14 11:54:07,22.875,1
2026-08-14 11:54:07,22.875,1
2026-08-14 11:54:07,22.875,1
2026-08-14 11:54:07,22.875,1
2026-08-14 11:54:07,22.671875,1
2026-08-14 11:54:07,22.671875,1
2026-08-14 11:54:07,22.515625,1
2026-08-14 11:54:07,22.515625,1
2026-08-14 11:54:07,22.453125,1
2026-08-14 11:54:07,22.453125,1
2026-08-14 11:54:07,22.453125,1
2026-08-14 11:54:07,22.453125,1
2026-08-14 11:54:07,22.453125,1
2026-08-14 11:54:07,22.453125,1
2026-08-14 11:54:07,22.453125,1
2026-08-14 11:54:07,22.453125,1
2026-08-14 11:54:08,22.546875,1
2026-08-14 11:54:08,22.546875,1
2026-08-14 11:54:08,22.546875,1
2026-08-14 11:54:08,22.546875,1
2026-08-14 11:54:08,22.546875,1
2026-08-14 11:54:08,22.546875,1
2026-08-14 11:54:08,22.546875,1
2026-08-14 11:54:08,22.546875,1
2026-08-14 11:54:08,22.546875,1
2026-08-14 11:54:08,22.546875,1
2026-08-14 11:54:08,22.546875,1
2026-08-14 11:54:08,22.546875,1
2026-08-14 11:54:08,22.28125,1
2026-08-14 11:54:08,22.28125,1
2026-08-14 11:54:08,22.328125,1
2026-08-14 11:54:08,22.328125,1
2026-08-14 11:54:08,22.328125,1
2026-08-14 11:54:08,22.328125,1
2026-08-14 11:54:08,22.328125,1
2026-08-14 11:54:08,22.328125,1
2026-08-14 11:54:09,22.328125,1
2026-08-14 11:54:09,22.328125,1
2026-08-14 11:54:09,22.140625,1
2026-08-14 11:54:09,22.140625,1
2026-08-14 11:54:09,22.140625,1
2026-08-14 11:54:09,22.140625,1
2026-08-14 11:54:09,22.140625,1
2026-08-14 11:54:09,22.140625,1
2026-08-14 11:54:09,22.140625,1
2026-08-14 11:54:09,22.140625,1
2026-08-14 11:54:09,22.140625,1
2026-08-14 11:54:09,22.140625,1
2026-08-14 11:54:09,22.140625,1
2026-08-14 11:54:09,22.140625,1
2026-08-14 11:54:09,22.3125,1
2026-08-14 11:54:09,22.3125,1
2026-08-14 11:54:09,22.265625,1
2026-08-14 11:54:09,22.265625,1
2026-08-14 11:54:09,22.265625,1
2026-08-14 11:54:09,22.265625,1
2026-08-14 11:54:10,22.265625,1
2026-08-14 11:54:10,22.265625,1
2026-08-14 11:54:10,22.265625,1
2026-08-14 11:54:10,22.265625,1
2026-08-14 11:54:10,22.265625,1
2026-08-14 11:54:10,22.265625,1
2026-08-14 11:54:10,22.15625,1
2026-08-14 11:54:10,22.15625,1
2026-08-14 11:54:10,22.140625,1
2026-08-14 11:54:10,22.140625,1
2026-08-14 11:54:10,22.140625,1
2026-08-14 11:54:10,22.140625,1
2026-08-14 11:54:10,22.140625,1
2026-08-14 11:54:10,22.140625,1
2026-08-14 11:54:10,22.140625,1
2026-08-14 11:54:10,22.140625,1
2026-08-14 11:54:10,22.140625,1
2026-08-14 11:54:10,22.140625,1
2026-08-14 11:54:10,22.171875,1
2026-08-14 11:54:10,22.171875,1
2026-08-14 11:54:11,22.171875,1
2026-08-14 11:54:11,22.171875,1
2026-08-14 11:54:11,22.171875,1
2026-08-14 11:54:11,22.171875,1
2026-08-14 11:54:11,22.171875,1
2026-08-14 11:54:11,22.171875,1
2026-08-14 11:54:11,21.90625,1
2026-08-14 11:54:11,21.90625,1
2026-08-14 11:54:11,21.90625,1
2026-08-14 11:54:11,21.90625,1
2026-08-14 11:54:11,21.90625,1
2026-08-14 11:54:11,21.90625,1
2026-08-14 11:54:11,21.90625,1
2026-08-14 11:54:11,21.90625,1
2026-08-14 11:54:11,21.90625,1
2026-08-14 11:54:11,21.90625,1
2026-08-14 11:54:11,22.21875,1
2026-08-14 11:54:11,22.21875,1
2026-08-14 11:54:11,20.546875,1
2026-08-14 11:54:11,20.546875,1
2026-08-14 11:54:12,20.21875,1
2026-08-14 11:54:12,20.21875,1
2026-08-14 11:54:12,20.21875,1
2026-08-14 11:54:12,20.21875,1
2026-08-14 11:54:12,20.21875,1
2026-08-14 11:54:12,20.21875,1
2026-08-14 11:54:12,20.21875,1
2026-08-14 11:54:12,20.21875,1
2026-08-14 11:54:12,20.21875,1
2026-08-14 11:54:12,20.21875,1
2026-08-14 11:54:12,21.265625,1
2026-08-14 11:54:12,21.265625,1
2026-08-14 11:54:12,21.359375,1
2026-08-14 11:54:12,21.359375,1
2026-08-14 11:54:12,21.359375,1
2026-08-14 11:54:12,21.359375,1
2026-08-14 11:54:12,21.359375,1
2026-08-14 11:54:12,21.359375,1
2026-08-14 11:54:12,21.359375,1
2026-08-14 11:54:12,21.359375,1
2026-08-14 11:54:13,21.359375,1
2026-08-14 11:54:13,21.359375,1
2026-08-14 11:54:13,21.765625,1
2026-08-14 11:54:13,21.765625,1
2026-08-14 11:54:13,22.359375,1
2026-08-14 11:54:13,22.359375,1
2026-08-14 11:54:13,22.421875,1
2026-08-14 11:54:13,22.421875,1
2026-08-14 11:54:13,22.421875,1
2026-08-14 11:54:13,22.421875,1
2026-08-14 11:54:13,22.421875,1
2026-08-14 11:54:13,22.421875,1
2026-08-14 11:54:13,21.46875,1
2026-08-14 11:54:13,21.46875,1
2026-08-14 11:54:13,21.4375,1
2026-08-14 11:54:13,21.4375,1
2026-08-14 11:54:13,21.4375,1
2026-08-14 11:54:13,21.4375,1
2026-08-14 11:54:13,21.4375,1
2026-08-14 11:54:13,21.4375,1
2026-08-14 11:54:14,21.4375,1
2026-08-14 11:54:14,21.4375,1
2026-08-14 11:54:14,21.4375,1
2026-08-14 11:54:14,21.4375,1
2026-08-14 11:54:14,21.859375,1
2026-08-14 11:54:14,21.859375,1
2026-08-14 11:54:14,21.90625,1
2026-08-14 11:54:14,21.90625,1
2026-08-14 11:54:14,21.90625,1
2026-08-14 11:54:14,21.90625,1
2026-08-14 11:54:14,21.90625,1
2026-08-14 11:54:14,21.90625,1
2026-08-14 11:54:14,21.90625,1
2026-08-14 11:54:14,21.90625,1
2026-08-14 11:54:14,21.90625,1
2026-08-14 11:54:14,21.90625,1
2026-08-14 11:54:14,21.0625,1
2026-08-14 11:54:14,21.0625,1
2026-08-14 11:54:14,21.171875,1
2026-08-14 11:54:14,21.171875,1
2026-08-14 11:54:15,21.171875,1
2026-08-14 11:54:15,21.171875,1
2026-08-14 11:54:15,21.171875,1
2026-08-14 11:54:15,21.171875,1
2026-08-14 11:54:15,21.171875,1
2026-08-14 11:54:15,21.171875,1
2026-08-14 11:54:15,21.171875,1
2026-08-14 11:54:15,21.171875,1
2026-08-14 11:54:15,22.015625,1
2026-08-14 11:54:15,22.015625,1
2026-08-14 11:54:15,21.921875,1
2026-08-14 11:54:15,21.921875,1
2026-08-14 11:54:15,21.859375,1
2026-08-14 11:54:15,21.859375,1
2026-08-14 11:54:15,21.859375,1
2026-08-14 11:54:15,21.859375,1
2026-08-14 11:54:15,21.859375,1
2026-08-14 11:54:15,21.859375,1
2026-08-14 11:54:15,21.859375,1
2026-08-14 11:54:15,21.859375,1
2026-08-14 11:54:16,22.25,1
2026-08-14 11:54:16,22.25,1
2026-08-14 11:54:16,22.234375,1
2026-08-14 11:54:16,22.234375,1
2026-08-14 11:54:16,22.265625,1
2026-08-14 11:54:16,22.265625,1
2026-08-14 11:54:16,22.265625,1
2026-08-14 11:54:16,22.265625,1
2026-08-14 11:54:16,22.265625,1
2026-08-14 11:54:16,22.265625,1
2026-08-14 11:54:16,22.265625,1
2026-08-14 11:54:16,22.265625,1
2026-08-14 11:54:16,22.53125,1
2026-08-14 11:54:16,22.53125,1
2026-08-14 11:54:16,22.625,1
2026-08-14 11:54:16,22.625,1
2026-08-14 11:54:16,22.625,1
2026-08-14 11:54:16,22.625,1
2026-08-14 11:54:16,22.625,1
2026-08-14 11:54:16,22.625,1
2026-08-14 11:54:17,22.625,1
2026-08-14 11:54:17,22.625,1
2026-08-14 11:54:17,22.625,1
2026-08-14 11:54:17,22.625,1
2026-08-14 11:54:17,22.65625,1
2026-08-14 11:54:17,22.65625,1
2026-08-14 11:54:17,22.640625,1
2026-08-14 11:54:17,22.640625,1
2026-08-14 11:54:17,22.640625,1
2026-08-14 11:54:17,22.640625,1
2026-08-14 11:54:17,22.640625,1
2026-08-14 11:54:17,22.640625,1
2026-08-14 11:54:17,22.640625,1
2026-08-14 11:54:17,22.640625,1
2026-08-14 11:54:17,22.640625,1
2026-08-14 11:54:17,22.640625,1
2026-08-14 11:54:17,22.875,1
2026-08-14 11:54:17,22.875,1
2026-08-14 11:54:17,22.8125,1
2026-08-14 11:54:17,22.8125,1
2026-08-14 11:54:18,22.28125,1
2026-08-14 11:54:18,22.28125,1
2026-08-14 11:54:18,22.28125,1
2026-08-14 11:54:18,22.28125,1
2026-08-14 11:54:18,22.125,1
2026-08-14 11:54:18,22.125,1
2026-08-14 11:54:18,22.125,1
2026-08-14 11:54:18,22.125,1
2026-08-14 11:54:18,22.1875,1
2026-08-14 11:54:18,22.1875,1
2026-08-14 11:54:18,21.953125,1
2026-08-14 11:54:18,21.953125,1
2026-08-14 11:54:18,21.984375,1
2026-08-14 11:54:18,21.984375,1
2026-08-14 11:54:18,21.984375,1
2026-08-14 11:54:18,21.984375,1
2026-08-14 11:54:18,21.984375,1
2026-08-14 11:54:18,21.984375,1
2026-08-14 11:54:18,21.984375,1
2026-08-14 11:54:18,21.984375,1
2026-08-14 11:54:19,22.015625,1
2026-08-14 11:54:19,22.015625,1
2026-08-14 11:54:19,21.859375,1
2026-08-14 11:54:19,21.859375,1
2026-08-14 11:54:19,21.859375,1
2026-08-14 11:54:19,21.859375,1
2026-08-14 11:54:19,21.859375,1
2026-08-14 11:54:19,21.859375,1
2026-08-14 11:54:19,21.859375,1
2026-08-14 11:54:19,21.859375,1
2026-08-14 11:54:19,21.5,1
2026-08-14 11:54:19,21.5,1
2026-08-14 11:54:19,21.296875,1
2026-08-14 11:54:19,21.296875,1
2026-08-14 11:54:19,21.8125,1
2026-08-14 11:54:19,21.8125,1
2026-08-14 11:54:19,21.8125,1
2026-08-14 11:54:19,21.8125,1
2026-08-14 11:54:19,21.8125,1
2026-08-14 11:54:19,21.8125,1
2026-08-14 11:54:20,21.8125,1
2026-08-14 11:54:20,21.8125,1
2026-08-14 11:54:20,21.859375,1
2026-08-14 11:54:20,21.859375,1
2026-08-14 11:54:20,21.828125,1
2026-08-14 11:54:20,21.828125,1
2026-08-14 11:54:20,21.828125,1
2026-08-14 11:54:20,21.828125,1
2026-08-14 11:54:20,21.828125,1
2026-08-14 11:54:20,21.828125,1
2026-08-14 11:54:20,21.828125,1
2026-08-14 11:54:20,21.828125,1
2026-08-14 11:54:20,21.828125,1
2026-08-14 11:54:20,21.828125,1
2026-08-14 11:54:20,21.140625,1
2026-08-14 11:54:20,21.140625,1
2026-08-14 11:54:20,21.234375,1
2026-08-14 11:54:20,21.234375,1
2026-08-14 11:54:20,21.234375,1
2026-08-14 11:54:20,21.234375,1
2026-08-14 11:54:21,21.234375,1
2026-08-14 11:54:21,21.234375,1
2026-08-14 11:54:21,21.234375,1
2026-08-14 11:54:21,21.234375,1
2026-08-14 11:54:21,20.59375,1
2026-08-14 11:54:21,20.59375,1
2026-08-14 11:54:21,20.59375,1
2026-08-14 11:54:21,20.59375,1
2026-08-14 11:54:21,20.5625,1
2026-08-14 11:54:21,20.5625,1
2026-08-14 11:54:21,20.6875,1
2026-08-14 11:54:21,20.6875,1
2026-08-14 11:54:21,20.6875,1
2026-08-14 11:54:21,20.6875,1
2026-08-14 11:54:21,20.6875,1
2026-08-14 11:54:21,20.6875,1
2026-08-14 11:54:21,20.6875,1
2026-08-14 11:54:21,20.6875,1
2026-08-14 11:54:21,20.0,1
2026-08-14 11:54:21,20.0,1
2026-08-14 11:54:22,20.046875,1
2026-08-14 11:54:22,20.046875,1
2026-08-14 11:54:22,20.21875,1
2026-08-14 11:54:22,20.21875,1
2026-08-14 11:54:22,20.21875,1
2026-08-14 11:54:22,20.21875,1
2026-08-14 11:54:22,20.21875,1
2026-08-14 11:54:22,20.21875,1
2026-08-14 11:54:22,20.21875,1
2026-08-14 11:54:22,20.21875,1
2026-08-14 11:54:22,20.21875,1
2026-08-14 11:54:22,20.21875,1
2026-08-14 11:54:22,22.734375,1
2026-08-14 11:54:22,22.734375,1
2026-08-14 11:54:22,21.953125,1
2026-08-14 11:54:22,21.953125,1
2026-08-14 11:54:22,21.953125,1
2026-08-14 11:54:22,21.953125,1
2026-08-14 11:54:22,21.953125,1
2026-08-14 11:54:22,21.953125,1
2026-08-14 11:54:23,21.953125,1
2026-08-14 11:54:23,21.953125,1
2026-08-14 11:54:23,23.21875,1
2026-08-14 11:54:23,23.21875,1
2026-08-14 11:54:23,22.53125,1
2026-08-14 11:54:23,22.53125,1
2026-08-14 11:54:23,22.453125,1
2026-08-14 11:54:23,22.453125,1
2026-08-14 11:54:23,22.453125,1
2026-08-14 11:54:23,22.453125,1
2026-08-14 11:54:23,22.453125,1
2026-08-14 11:54:23,22.453125,1
2026-08-14 11:54:23,22.453125,1
2026-08-14 11:54:23,22.453125,1
2026-08-14 11:54:23,21.25,1
2026-08-14 11:54:23,21.25,1
2026-08-14 11:54:23,21.484375,1
2026-08-14 11:54:23,21.484375,1
2026-08-14 11:54:23,21.609375,1
2026-08-14 11:54:23,21.609375,1
2026-08-14 11:54:24,21.609375,1
2026-08-14 11:54:24,21.609375,1
2026-08-14 11:54:24,21.609375,1
2026-08-14 11:54:24,21.609375,1
2026-08-14 11:54:24,21.609375,1
2026-08-14 11:54:24,21.609375,1
2026-08-14 11:54:24,22.125,1
2026-08-14 11:54:24,22.125,1
2026-08-14 11:54:24,22.0625,1
2026-08-14 11:54:24,22.0625,1
2026-08-14 11:54:24,22.0625,1
2026-08-14 11:54:24,22.0625,1
2026-08-14 11:54:24,22.0625,1
2026-08-14 11:54:24,22.0625,1
2026-08-14 11:54:24,22.0625,1
2026-08-14 11:54:24,22.0625,1
2026-08-14 11:54:24,22.359375,1
2026-08-14 11:54:24,22.359375,1
2026-08-14 11:54:24,22.234375,1
2026-08-14 11:54:24,22.234375,1
2026-08-14 11:54:25,22.3125,1
2026-08-14 11:54:25,22.3125,1
2026-08-14 11:54:25,22.3125,1
2026-08-14 11:54:25,22.3125,1
2026-08-14 11:54:25,22.3125,1
2026-08-14 11:54:25,22.3125,1
2026-08-14 11:54:25,22.3125,1
2026-08-14 11:54:25,22.3125,1
2026-08-14 11:54:25,22.3125,1
2026-08-14 11:54:25,22.3125,1
2026-08-14 11:54:25,22.171875,1
2026-08-14 11:54:25,22.171875,1
2026-08-14 11:54:25,22.3125,1
2026-08-14 11:54:25,22.3125,1
2026-08-14 11:54:25,22.375,1
2026-08-14 11:54:25,22.375,1
2026-08-14 11:54:25,22.375,1
2026-08-14 11:54:25,22.375,1
2026-08-14 11:54:25,22.375,1
2026-08-14 11:54:25,22.375,1
2026-08-14 11:54:26,22.375,1
2026-08-14 11:54:26,22.375,1
2026-08-14 11:54:26,22.84375,1
2026-08-14 11:54:26,22.84375,1
2026-08-14 11:54:26,22.765625,1
2026-08-14 11:54:26,22.765625,1
2026-08-14 11:54:26,22.84375,1
2026-08-14 11:54:26,22.84375,1
2026-08-14 11:54:26,22.84375,1
2026-08-14 11:54:26,22.84375,1
2026-08-14 11:54:26,22.84375,1
2026-08-14 11:54:26,22.84375,1
2026-08-14 11:54:26,22.84375,1
2026-08-14 11:54:26,22.84375,1
2026-08-14 11:54:26,22.828125,1
2026-08-14 11:54:26,22.828125,1
2026-08-14 11:54:26,22.953125,1
2026-08-14 11:54:26,22.953125,1
2026-08-14 11:54:26,22.953125,1
2026-08-14 11:54:26,22.953125,1
2026-08-14 11:54:27,22.953125,1
2026-08-14 11:54:27,22.953125,1
2026-08-14 11:54:27,22.953125,1
2026-08-14 11:54:27,22.953125,1
2026-08-14 11:54:27,22.953125,1
2026-08-14 11:54:27,22.953125,1
2026-08-14 11:54:27,22.984375,1
2026-08-14 11:54:27,22.984375,1
2026-08-14 11:54:27,23.0625,1
2026-08-14 11:54:27,23.0625,1
2026-08-14 11:54:27,23.0625,1
2026-08-14 11:54:27,23.0625,1
2026-08-14 11:54:27,23.0625,1
2026-08-14 11:54:27,23.0625,1
2026-08-14 11:54:27,23.0625,1
2026-08-14 11:54:27,23.0625,1
2026-08-14 11:54:27,23.09375,1
2026-08-14 11:54:27,23.09375,1
2026-08-14 11:54:27,23.125,1
2026-08-14 11:54:27,23.125,1
2026-08-14 11:54:28,23.078125,1
2026-08-14 11:54:28,23.078125,1
2026-08-14 11:54:28,23.078125,1
2026-08-14 11:54:28,23.078125,1
2026-08-14 11:54:28,23.078125,1
2026-08-14 11:54:28,23.078125,1
2026-08-14 11:54:28,23.078125,1
2026-08-14 11:54:28,23.078125,1
2026-08-14 11:54:28,23.078125,1
2026-08-14 11:54:28,23.078125,1
2026-08-14 11:54:28,22.953125,1
2026-08-14 11:54:28,22.953125,1
2026-08-14 11:54:28,22.828125,1
2026-08-14 11:54:28,22.828125,1
2026-08-14 11:54:28,22.828125,1
2026-08-14 11:54:28,22.828125,1
2026-08-14 11:54:28,22.828125,1
2026-08-14 11:54:28,22.828125,1
2026-08-14 11:54:28,22.828125,1
2026-08-14 11:54:28,22.828125,1
2026-08-14 11:54:29,22.921875,1
2026-08-14 11:54:29,22.921875,1
2026-08-14 11:54:29,22.921875,1
2026-08-14 11:54:29,22.921875,1
2026-08-14 11:54:29,22.890625,1
2026-08-14 11:54:29,22.890625,1
2026-08-14 11:54:29,22.828125,1
2026-08-14 11:54:29,22.828125,1
2026-08-14 11:54:29,22.828125,1
2026-08-14 11:54:29,22.828125,1
2026-08-14 11:54:29,22.828125,1
2026-08-14 11:54:29,22.828125,1
2026-08-14 11:54:29,22.828125,1
2026-08-14 11:54:29,22.828125,1
2026-08-14 11:54:29,22.71875,1
2026-08-14 11:54:29,22.71875,1
2026-08-14 11:54:29,22.640625,1
2026-08-14 11:54:29,22.640625,1
2026-08-14 11:54:29,22.65625,1
2026-08-14 11:54:29,22.65625,1
2026-08-14 11:54:30,22.65625,1
2026-08-14 11:54:30,22.65625,1
2026-08-14 11:54:30,22.65625,1
2026-08-14 11:54:30,22.65625,1
2026-08-14 11:54:30,22.65625,1
2026-08-14 11:54:30,22.65625,1
2026-08-14 11:54:30,22.75,1
2026-08-14 11:54:30,22.75,1
2026-08-14 11:54:30,22.71875,1
2026-08-14 11:54:30,22.71875,1
2026-08-14 11:54:30,22.71875,1
2026-08-14 11:54:30,22.71875,1
2026-08-14 11:54:30,22.71875,1
2026-08-14 11:54:30,22.71875,1
2026-08-14 11:54:30,22.71875,1
2026-08-14 11:54:30,22.71875,1
2026-08-14 11:54:30,22.453125,1
2026-08-14 11:54:30,22.453125,1
2026-08-14 11:54:30,22.546875,1
2026-08-14 11:54:30,22.546875,1
2026-08-14 11:54:31,22.546875,1
2026-08-14 11:54:31,22.546875,1
2026-08-14 11:54:31,22.546875,1
2026-08-14 11:54:31,22.546875,1
2026-08-14 11:54:31,22.546875,1
2026-08-14 11:54:31,22.546875,1
2026-08-14 11:54:31,22.515625,1
2026-08-14 11:54:31,22.515625,1
2026-08-14 11:54:31,22.59375,1
2026-08-14 11:54:31,22.59375,1
2026-08-14 11:54:31,22.59375,1
2026-08-14 11:54:31,22.59375,1
2026-08-14 11:54:31,22.59375,1
2026-08-14 11:54:31,22.59375,1
2026-08-14 11:54:31,22.59375,1
2026-08-14 11:54:31,22.59375,1
2026-08-14 11:54:31,22.59375,1
2026-08-14 11:54:31,22.59375,1
2026-08-14 11:54:31,22.5625,1
2026-08-14 11:54:31,22.5625,1
2026-08-14 11:54:32,22.4375,1
2026-08-14 11:54:32,22.4375,1
2026-08-14 11:54:32,22.421875,1
2026-08-14 11:54:32,22.421875,1
2026-08-14 11:54:32,22.421875,1
2026-08-14 11:54:32,22.421875,1
2026-08-14 11:54:32,22.421875,1
2026-08-14 11:54:32,22.421875,1
2026-08-14 11:54:32,22.421875,1
2026-08-14 11:54:32,22.421875,1
2026-08-14 11:54:32,22.65625,1
2026-08-14 11:54:32,22.65625,1
2026-08-14 11:54:32,22.671875,1
2026-08-14 11:54:32,22.671875,1
2026-08-14 11:54:32,22.671875,1
2026-08-14 11:54:32,22.671875,1
2026-08-14 11:54:32,22.671875,1
2026-08-14 11:54:32,22.671875,1
2026-08-14 11:54:32,22.671875,1
2026-08-14 11:54:32,22.671875,1
2026-08-14 11:54:33,22.671875,1
2026-08-14 11:54:33,22.671875,1
2026-08-14 11:54:33,22.71875,1
2026-08-14 11:54:33,22.71875,1
2026-08-14 11:54:33,22.75,1
2026-08-14 11:54:33,22.75,1
2026-08-14 11:54:33,22.71875,1
2026-08-14 11:54:33,22.71875,1
2026-08-14 11:54:33,22.71875,1
2026-08-14 11:54:33,22.71875,1
2026-08-14 11:54:33,22.71875,1
2026-08-14 11:54:33,22.71875,1
2026-08-14 11:54:33,22.71875,1
2026-08-14 11:54:33,22.71875,1
2026-08-14 11:54:33,22.71875,1
2026-08-14 11:54:33,22.71875,1
2026-08-14 11:54:33,22.59375,1
2026-08-14 11:54:33,22.59375,1
2026-08-14 11:54:33,22.609375,1
2026-08-14 11:54:33,22.609375,1
2026-08-14 11:54:34,22.609375,1
2026-08-14 11:54:34,22.609375,1
2026-08-14 11:54:34,22.609375,1
2026-08-14 11:54:34,22.609375,1
2026-08-14 11:54:34,22.609375,1
2026-08-14 11:54:34,22.609375,1
2026-08-14 11:54:34,22.65625,1
2026-08-14 11:54:34,22.65625,1
2026-08-14 11:54:34,22.703125,1
2026-08-14 11:54:34,22.703125,1
2026-08-14 11:54:34,22.703125,1
2026-08-14 11:54:34,22.703125,1
2026-08-14 11:54:34,22.703125,1
2026-08-14 11:54:34,22.703125,1
2026-08-14 11:54:34,22.703125,1
2026-08-14 11:54:34,22.703125,1
2026-08-14 11:54:34,22.703125,1
2026-08-14 11:54:34,22.703125,1
2026-08-14 11:54:34,22.703125,1
2026-08-14 11:54:34,22.703125,1
2026-08-14 11:54:35,22.59375,1
2026-08-14 11:54:35,22.59375,1
2026-08-14 11:54:35,22.59375,1
2026-08-14 11:54:35,22.59375,1
2026-08-14 11:54:35,22.59375,1
2026-08-14 11:54:35,22.59375,1
2026-08-14 11:54:35,22.59375,1
2026-08-14 11:54:35,22.59375,1
2026-08-14 11:54:35,22.59375,1
2026-08-14 11:54:35,22.59375,1
2026-08-14 11:54:35,22.703125,1
2026-08-14 11:54:35,22.703125,1
2026-08-14 11:54:35,22.6875,1
2026-08-14 11:54:35,22.6875,1
2026-08-14 11:54:35,22.640625,1
2026-08-14 11:54:35,22.640625,1
2026-08-14 11:54:35,22.640625,1
2026-08-14 11:54:35,22.640625,1
2026-08-14 11:54:35,22.640625,1
2026-08-14 11:54:35,22.640625,1
2026-08-14 11:54:36,22.640625,1
2026-08-14 11:54:36,22.640625,1
2026-08-14 11:54:36,22.75,1
2026-08-14 11:54:36,22.75,1
2026-08-14 11:54:36,22.6875,1
2026-08-14 11:54:36,22.6875,1
2026-08-14 11:54:36,22.765625,1
2026-08-14 11:54:36,22.765625,1
2026-08-14 11:54:36,22.765625,1
2026-08-14 11:54:36,22.765625,1
2026-08-14 11:54:36,22.765625,1
2026-08-14 11:54:36,22.765625,1
2026-08-14 11:54:36,22.765625,1
2026-08-14 11:54:36,22.765625,1
2026-08-14 11:54:36,22.765625,1
2026-08-14 11:54:36,22.765625,1
2026-08-14 11:54:36,22.578125,1
2026-08-14 11:54:36,22.578125,1
2026-08-14 11:54:36,22.46875,1
2026-08-14 11:54:36,22.46875,1
2026-08-14 11:54:37,22.46875,1
2026-08-14 11:54:37,22.46875,1
2026-08-14 11:54:37,22.46875,1
2026-08-14 11:54:37,22.46875,1
2026-08-14 11:54:37,22.46875,1
2026-08-14 11:54:37,22.46875,1
2026-08-14 11:54:37,22.46875,1
2026-08-14 11:54:37,22.46875,1
2026-08-14 11:54:37,22.625,1
2026-08-14 11:54:37,22.625,1
2026-08-14 11:54:37,22.765625,1
2026-08-14 11:54:37,22.765625,1
2026-08-14 11:54:37,22.765625,1
2026-08-14 11:54:37,22.765625,1
2026-08-14 11:54:37,22.765625,1
2026-08-14 11:54:37,22.765625,1
2026-08-14 11:54:37,22.765625,1
2026-08-14 11:54:37,22.765625,1
2026-08-14 11:54:37,22.140625,1
2026-08-14 11:54:37,22.140625,1
2026-08-14 11:54:38,22.09375,1
2026-08-14 11:54:38,22.09375,1
2026-08-14 11:54:38,21.828125,1
2026-08-14 11:54:38,21.828125,1
2026-08-14 11:54:38,21.828125,1
2026-08-14 11:54:38,21.828125,1
2026-08-14 11:54:38,21.828125,1
2026-08-14 11:54:38,21.828125,1
2026-08-14 11:54:38,21.828125,1
2026-08-14 11:54:38,21.828125,1
2026-08-14 11:54:38,21.828125,1
2026-08-14 11:54:38,21.828125,1
2026-08-14 11:54:38,22.421875,1
2026-08-14 11:54:38,22.421875,1
2026-08-14 11:54:38,22.5625,1
2026-08-14 11:54:38,22.5625,1
2026-08-14 11:54:38,22.5625,1
2026-08-14 11:54:38,22.5625,1
2026-08-14 11:54:38,22.5625,1
2026-08-14 11:54:38,22.5625,1
2026-08-14 11:54:39,22.5625,1
2026-08-14 11:54:39,22.5625,1
2026-08-14 11:54:39,22.921875,1
2026-08-14 11:54:39,22.921875,1
2026-08-14 11:54:39,22.859375,1
2026-08-14 11:54:39,22.859375,1
2026-08-14 11:54:39,22.859375,1
2026-08-14 11:54:39,22.859375,1
2026-08-14 11:54:39,22.859375,1
2026-08-14 11:54:39,22.859375,1
2026-08-14 11:54:39,22.859375,1
2026-08-14 11:54:39,22.859375,1
2026-08-14 11:54:39,22.90625,1
2026-08-14 11:54:39,22.90625,1
2026-08-14 11:54:39,22.875,1
2026-08-14 11:54:39,22.875,1
2026-08-14 11:54:39,22.859375,1
2026-08-14 11:54:39,22.859375,1
2026-08-14 11:54:39,22.859375,1
2026-08-14 11:54:39,22.859375,1
2026-08-14 11:54:40,22.859375,1
2026-08-14 11:54:40,22.859375,1
2026-08-14 11:54:40,22.859375,1
2026-08-14 11:54:40,22.859375,1
2026-08-14 11:54:40,22.875,1
2026-08-14 11:54:40,22.875,1
2026-08-14 11:54:40,22.953125,1
2026-08-14 11:54:40,22.953125,1
2026-08-14 11:54:40,22.9375,1
2026-08-14 11:54:40,22.9375,1
2026-08-14 11:54:40,22.9375,1
2026-08-14 11:54:40,22.9375,1
2026-08-14 11:54:40,22.9375,1
2026-08-14 11:54:40,22.9375,1
2026-08-14 11:54:40,22.9375,1
2026-08-14 11:54:40,22.9375,1
2026-08-14 11:54:40,22.859375,1
2026-08-14 11:54:40,22.859375,1
2026-08-14 11:54:40,22.78125,1
2026-08-14 11:54:40,22.78125,1
2026-08-14 11:54:41,22.6875,1
2026-08-14 11:54:41,22.6875,1
2026-08-14 11:54:41,22.6875,1
2026-08-14 11:54:41,22.6875,1
2026-08-14 11:54:41,22.6875,1
2026-08-14 11:54:41,22.6875,1
2026-08-14 11:54:41,22.6875,1
2026-08-14 11:54:41,22.6875,1
2026-08-14 11:54:41,22.96875,1
2026-08-14 11:54:41,22.96875,1
2026-08-14 11:54:41,22.90625,1
2026-08-14 11:54:41,22.90625,1
2026-08-14 11:54:41,22.90625,1
2026-08-14 11:54:41,22.90625,1
2026-08-14 11:54:41,22.90625,1
2026-08-14 11:54:41,22.90625,1
2026-08-14 11:54:41,22.90625,1
2026-08-14 11:54:41,22.90625,1
2026-08-14 11:54:41,22.90625,1
2026-08-14 11:54:41,22.90625,1
2026-08-14 11:54:42,22.96875,1
2026-08-14 11:54:42,22.96875,1
2026-08-14 11:54:42,22.875,1
2026-08-14 11:54:42,22.875,1
2026-08-14 11:54:42,22.875,1
2026-08-14 11:54:42,22.875,1
2026-08-14 11:54:42,22.875,1
2026-08-14 11:54:42,22.875,1
2026-08-14 11:54:42,22.875,1
2026-08-14 11:54:42,22.875,1
2026-08-14 11:54:42,22.875,1
2026-08-14 11:54:42,22.875,1
2026-08-14 11:54:42,22.953125,1
2026-08-14 11:54:42,22.953125,1
2026-08-14 11:54:42,23.0,1
2026-08-14 11:54:42,23.0,1
2026-08-14 11:54:42,23.0,1
2026-08-14 11:54:42,23.0,1
2026-08-14 11:54:42,23.0,1
2026-08-14 11:54:42,23.0,1
2026-08-14 11:54:43,23.0,1
2026-08-14 11:54:43,23.0,1
2026-08-14 11:54:43,22.890625,1
2026-08-14 11:54:43,22.890625,1
2026-08-14 11:54:43,22.875,1
2026-08-14 11:54:43,22.875,1
2026-08-14 11:54:43,22.90625,1
2026-08-14 11:54:43,22.90625,1
2026-08-14 11:54:43,22.90625,1
2026-08-14 11:54:43,22.90625,1
2026-08-14 11:54:43,22.90625,1
2026-08-14 11:54:43,22.90625,1
2026-08-14 11:54:43,22.90625,1
2026-08-14 11:54:43,22.90625,1
2026-08-14 11:54:43,22.90625,1
2026-08-14 11:54:43,22.90625,1
2026-08-14 11:54:43,22.84375,1
2026-08-14 11:54:43,22.84375,1
2026-08-14 11:54:43,22.890625,1
2026-08-14 11:54:43,22.890625,1
2026-08-14 11:54:44,22.890625,1
2026-08-14 11:54:44,22.890625,1
2026-08-14 11:54:44,22.890625,1
2026-08-14 11:54:44,22.890625,1
2026-08-14 11:54:44,22.890625,1
2026-08-14 11:54:44,22.890625,1
2026-08-14 11:54:44,22.75,1
2026-08-14 11:54:44,22.75,1
2026-08-14 11:54:44,22.78125,1
2026-08-14 11:54:44,22.78125,1
2026-08-14 11:54:44,22.890625,1
2026-08-14 11:54:44,22.890625,1
2026-08-14 11:54:44,22.890625,1
2026-08-14 11:54:44,22.890625,1
2026-08-14 11:54:44,22.890625,1
2026-08-14 11:54:44,22.890625,1
2026-08-14 11:54:44,22.96875,1
2026-08-14 11:54:44,22.96875,1
2026-08-14 11:54:44,22.96875,1
2026-08-14 11:54:44,22.96875,1
2026-08-14 11:54:45,22.9375,1
2026-08-14 11:54:45,22.9375,1
2026-08-14 11:54:45,22.90625,1
2026-08-14 11:54:45,22.90625,1
2026-08-14 11:54:45,22.90625,1
2026-08-14 11:54:45,22.90625,1
2026-08-14 11:54:45,22.90625,1
2026-08-14 11:54:45,22.90625,1
2026-08-14 11:54:45,22.90625,1
2026-08-14 11:54:45,22.90625,1
2026-08-14 11:54:45,22.90625,1
2026-08-14 11:54:45,22.90625,1
2026-08-14 11:54:45,22.8125,1
2026-08-14 11:54:45,22.8125,1
2026-08-14 11:54:45,22.859375,1
2026-08-14 11:54:45,22.859375,1
2026-08-14 11:54:45,22.859375,1
2026-08-14 11:54:45,22.859375,1
2026-08-14 11:54:45,22.859375,1
2026-08-14 11:54:45,22.859375,1
2026-08-14 11:54:46,22.859375,1
2026-08-14 11:54:46,22.859375,1
2026-08-14 11:54:46,22.875,1
2026-08-14 11:54:46,22.875,1
2026-08-14 11:54:46,22.859375,1
2026-08-14 11:54:46,22.859375,1
2026-08-14 11:54:46,22.9375,1
2026-08-14 11:54:46,22.9375,1
2026-08-14 11:54:46,22.9375,1
2026-08-14 11:54:46,22.9375,1
2026-08-14 11:54:46,22.9375,1
2026-08-14 11:54:46,22.9375,1
2026-08-14 11:54:46,22.9375,1
2026-08-14 11:54:46,22.9375,1
2026-08-14 11:54:46,22.796875,1
2026-08-14 11:54:46,22.796875,1
2026-08-14 11:54:46,22.71875,1
2026-08-14 11:54:46,22.71875,1
2026-08-14 11:54:46,22.65625,1
2026-08-14 11:54:46,22.65625,1
2026-08-14 11:54:47,22.65625,1
2026-08-14 11:54:47,22.65625,1
2026-08-14 11:54:47,22.65625,1
2026-08-14 11:54:47,22.65625,1
2026-08-14 11:54:47,22.65625,1
2026-08-14 11:54:47,22.65625,1
2026-08-14 11:54:47,22.578125,1
2026-08-14 11:54:47,22.578125,1
2026-08-14 11:54:47,22.5625,1
2026-08-14 11:54:47,22.5625,1
2026-08-14 11:54:47,22.203125,1
2026-08-14 11:54:47,22.203125,1
2026-08-14 11:54:47,22.03125,1
2026-08-14 11:54:47,22.03125,1
2026-08-14 11:54:47,22.03125,1
2026-08-14 11:54:47,22.03125,1
2026-08-14 11:54:47,22.03125,1
2026-08-14 11:54:47,22.03125,1
2026-08-14 11:54:47,22.03125,1
2026-08-14 11:54:47,22.03125,1
2026-08-14 11:54:48,22.03125,1
2026-08-14 11:54:48,22.03125,1
2026-08-14 11:54:48,22.328125,1
2026-08-14 11:54:48,22.328125,1
2026-08-14 11:54:48,22.375,1
2026-08-14 11:54:48,22.375,1
2026-08-14 11:54:48,22.375,1
2026-08-14 11:54:48,22.375,1
2026-08-14 11:54:48,22.375,1
2026-08-14 11:54:48,22.375,1
2026-08-14 11:54:48,22.1875,1
2026-08-14 11:54:48,22.1875,1
2026-08-14 11:54:48,22.359375,1
2026-08-14 11:54:48,22.359375,1
2026-08-14 11:54:48,22.28125,1
2026-08-14 11:54:48,22.28125,1
2026-08-14 11:54:48,22.40625,1
2026-08-14 11:54:48,22.40625,1
2026-08-14 11:54:48,22.40625,1
2026-08-14 11:54:48,22.40625,1
2026-08-14 11:54:49,22.40625,1
2026-08-14 11:54:49,22.40625,1
2026-08-14 11:54:49,22.40625,1
2026-08-14 11:54:49,22.40625,1
2026-08-14 11:54:49,22.40625,1
2026-08-14 11:54:49,22.40625,1
2026-08-14 11:54:49,22.578125,1
2026-08-14 11:54:49,22.578125,1
2026-08-14 11:54:49,22.3125,1
2026-08-14 11:54:49,22.3125,1
2026-08-14 11:54:49,22.3125,1
2026-08-14 11:54:49,22.3125,1
2026-08-14 11:54:49,22.3125,1
2026-08-14 11:54:49,22.3125,1
2026-08-14 11:54:49,22.3125,1
2026-08-14 11:54:49,22.3125,1
2026-08-14 11:54:49,22.3125,1
2026-08-14 11:54:49,22.3125,1
2026-08-14 11:54:49,22.359375,1
2026-08-14 11:54:49,22.359375,1
2026-08-14 11:54:50,22.796875,1
2026-08-14 11:54:50,22.796875,1
2026-08-14 11:54:50,22.796875,1
2026-08-14 11:54:50,22.796875,1
2026-08-14 11:54:50,22.796875,1
2026-08-14 11:54:50,22.796875,1
2026-08-14 11:54:50,22.796875,1
2026-08-14 11:54:50,22.796875,1
2026-08-14 11:54:50,22.796875,1
2026-08-14 11:54:50,22.796875,1
2026-08-14 11:54:50,22.84375,1
2026-08-14 11:54:50,22.84375,1
2026-08-14 11:54:50,22.09375,1
2026-08-14 11:54:50,22.09375,1
2026-08-14 11:54:50,22.09375,1
2026-08-14 11:54:50,22.09375,1
2026-08-14 11:54:50,22.09375,1
2026-08-14 11:54:50,22.09375,1
2026-08-14 11:54:50,22.09375,1
2026-08-14 11:54:50,22.09375,1
2026-08-14 11:54:51,23.0625,1
2026-08-14 11:54:51,23.0625,1
2026-08-14 11:54:51,23.3125,1
2026-08-14 11:54:51,23.3125,1
2026-08-14 11:54:51,23.3125,1
2026-08-14 11:54:51,23.3125,1
2026-08-14 11:54:51,23.3125,1
2026-08-14 11:54:51,23.3125,1
2026-08-14 11:54:51,23.3125,1
2026-08-14 11:54:51,23.3125,1
2026-08-14 11:54:51,22.546875,1
2026-08-14 11:54:51,22.546875,1
2026-08-14 11:54:51,22.734375,1
2026-08-14 11:54:51,22.734375,1
2026-08-14 11:54:51,22.734375,1
2026-08-14 11:54:51,22.734375,1
2026-08-14 11:54:51,22.734375,1
2026-08-14 11:54:51,22.734375,1
2026-08-14 11:54:51,22.734375,1
2026-08-14 11:54:51,22.734375,1
2026-08-14 11:54:52,22.734375,1
2026-08-14 11:54:52,22.734375,1
2026-08-14 11:54:52,22.734375,1
2026-08-14 11:54:52,22.734375,1
2026-08-14 11:54:52,22.359375,1
2026-08-14 11:54:52,22.359375,1
2026-08-14 11:54:52,22.3125,1
2026-08-14 11:54:52,22.3125,1
2026-08-14 11:54:52,22.3125,1
2026-08-14 11:54:52,22.3125,1
2026-08-14 11:54:52,22.3125,1
2026-08-14 11:54:52,22.3125,1
2026-08-14 11:54:52,22.3125,1
2026-08-14 11:54:52,22.3125,1
2026-08-14 11:54:52,22.328125,1
2026-08-14 11:54:52,22.328125,1
2026-08-14 11:54:52,21.75,1
2026-08-14 11:54:52,21.75,1
2026-08-14 11:54:52,21.625,1
2026-08-14 11:54:52,21.625,1
2026-08-14 11:54:53,21.625,1
2026-08-14 11:54:53,21.625,1
2026-08-14 11:54:53,21.625,1
2026-08-14 11:54:53,21.625,1
2026-08-14 11:54:53,22.53125,1
2026-08-14 11:54:53,22.53125,1
2026-08-14 11:54:53,22.65625,1
2026-08-14 11:54:53,22.65625,1
2026-08-14 11:54:53,22.65625,1
2026-08-14 11:54:53,22.65625,1
2026-08-14 11:54:53,22.65625,1
2026-08-14 11:54:53,22.65625,1
2026-08-14 11:54:53,22.65625,1
2026-08-14 11:54:53,22.65625,1
2026-08-14 11:54:53,22.4375,1
2026-08-14 11:54:53,22.4375,1
2026-08-14 11:54:53,22.421875,1
2026-08-14 11:54:53,22.421875,1
2026-08-14 11:54:53,22.328125,1
2026-08-14 11:54:53,22.328125,1
2026-08-14 11:54:54,22.328125,1
2026-08-14 11:54:54,22.328125,1
2026-08-14 11:54:54,22.328125,1
2026-08-14 11:54:54,22.328125,1
2026-08-14 11:54:54,22.328125,1
2026-08-14 11:54:54,22.328125,1
2026-08-14 11:54:54,20.5,1
2026-08-14 11:54:54,20.5,1
2026-08-14 11:54:54,20.25,1
2026-08-14 11:54:54,20.25,1
2026-08-14 11:54:54,20.25,1
2026-08-14 11:54:54,20.25,1
2026-08-14 11:54:54,20.25,1
2026-08-14 11:54:54,20.25,1
2026-08-14 11:54:54,20.25,1
2026-08-14 11:54:54,20.25,1
2026-08-14 11:54:54,22.609375,1
2026-08-14 11:54:54,22.609375,1
2026-08-14 11:54:54,21.59375,1
2026-08-14 11:54:54,21.59375,1
2026-08-14 11:54:55,21.59375,1
2026-08-14 11:54:55,21.59375,1
2026-08-14 11:54:55,21.59375,1
2026-08-14 11:54:55,21.59375,1
2026-08-14 11:54:55,21.59375,1
2026-08-14 11:54:55,21.59375,1
2026-08-14 11:54:55,24.625,1
2026-08-14 11:54:55,24.625,1
2026-08-14 11:54:55,24.578125,1
2026-08-14 11:54:55,24.578125,1
2026-08-14 11:54:55,24.578125,1
2026-08-14 11:54:55,24.578125,1
2026-08-14 11:54:55,24.578125,1
2026-08-14 11:54:55,24.578125,1
2026-08-14 11:54:55,24.578125,1
2026-08-14 11:54:55,24.578125,1
2026-08-14 11:54:55,21.359375,1
2026-08-14 11:54:55,21.359375,1
2026-08-14 11:54:55,21.625,1
2026-08-14 11:54:55,21.625,1
2026-08-14 11:54:56,22.125,1
2026-08-14 11:54:56,22.125,1
2026-08-14 11:54:56,22.125,1
2026-08-14 11:54:56,22.125,1
2026-08-14 11:54:56,22.125,1
2026-08-14 11:54:56,22.125,1
2026-08-14 11:54:56,22.125,1
2026-08-14 11:54:56,22.125,1
2026-08-14 11:54:56,22.125,1
2026-08-14 11:54:56,22.125,1
2026-08-14 11:54:56,21.734375,1
2026-08-14 11:54:56,21.734375,1
2026-08-14 11:54:56,21.703125,1
2026-08-14 11:54:56,21.703125,1
2026-08-14 11:54:56,21.703125,1
2026-08-14 11:54:56,21.703125,1
2026-08-14 11:54:56,21.703125,1
2026-08-14 11:54:56,21.703125,1
2026-08-14 11:54:56,21.703125,1
2026-08-14 11:54:56,21.703125,1
2026-08-14 11:54:57,21.703125,1
2026-08-14 11:54:57,21.703125,1
2026-08-14 11:54:57,22.046875,1
2026-08-14 11:54:57,22.046875,1
2026-08-14 11:54:57,22.140625,1
2026-08-14 11:54:57,22.140625,1
2026-08-14 11:54:57,22.140625,1
2026-08-14 11:54:57,22.140625,1
2026-08-14 11:54:57,22.140625,1
2026-08-14 11:54:57,22.140625,1
2026-08-14 11:54:57,22.140625,1
2026-08-14 11:54:57,22.140625,1
2026-08-14 11:54:57,22.140625,1
2026-08-14 11:54:57,22.140625,1
2026-08-14 11:54:57,22.546875,1
2026-08-14 11:54:57,22.546875,1
2026-08-14 11:54:57,22.671875,1
2026-08-14 11:54:57,22.671875,1
2026-08-14 11:54:57,22.671875,1
2026-08-14 11:54:57,22.671875,1
2026-08-14 11:54:58,22.671875,1
2026-08-14 11:54:58,22.671875,1
2026-08-14 11:54:58,22.671875,1
2026-08-14 11:54:58,22.671875,1
2026-08-14 11:54:58,22.296875,1
2026-08-14 11:54:58,22.296875,1
2026-08-14 11:54:58,22.109375,1
2026-08-14 11:54:58,22.109375,1
2026-08-14 11:54:58,22.140625,1
2026-08-14 11:54:58,22.140625,1
2026-08-14 11:54:58,22.140625,1
2026-08-14 11:54:58,22.140625,1
2026-08-14 11:54:58,22.140625,1
2026-08-14 11:54:58,22.140625,1
2026-08-14 11:54:58,22.140625,1
2026-08-14 11:54:58,22.140625,1
2026-08-14 11:54:58,22.1875,1
2026-08-14 11:54:58,22.1875,1
2026-08-14 11:54:58,22.0625,1
2026-08-14 11:54:58,22.0625,1
2026-08-14 11:54:59,22.0625,1
2026-08-14 11:54:59,22.0625,1
2026-08-14 11:54:59,22.0625,1
2026-08-14 11:54:59,22.0625,1
2026-08-14 11:54:59,22.0625,1
2026-08-14 11:54:59,22.0625,1
2026-08-14 11:54:59,21.625,1
2026-08-14 11:54:59,21.625,1
2026-08-14 11:54:59,21.734375,1
2026-08-14 11:54:59,21.734375,1
2026-08-14 11:54:59,21.703125,1
2026-08-14 11:54:59,21.703125,1
2026-08-14 11:54:59,21.703125,1
2026-08-14 11:54:59,21.703125,1
2026-08-14 11:54:59,21.703125,1
2026-08-14 11:54:59,21.703125,1
2026-08-14 11:54:59,21.703125,1
2026-08-14 11:54:59,21.703125,1
2026-08-14 11:54:59,20.8125,1
2026-08-14 11:54:59,20.8125,1
2026-08-14 11:55:00,20.84375,1
2026-08-14 11:55:00,20.84375,1
2026-08-14 11:55:00,20.78125,1
2026-08-14 11:55:00,20.78125,1
2026-08-14 11:55:00,20.78125,1
2026-08-14 11:55:00,20.78125,1
2026-08-14 11:55:00,20.78125,1
2026-08-14 11:55:00,20.78125,1
2026-08-14 11:55:00,20.78125,1
2026-08-14 11:55:00,20.78125,1
2026-08-14 11:55:00,20.78125,1
2026-08-14 11:55:00,20.78125,1
2026-08-14 11:55:00,20.65625,1
2026-08-14 11:55:00,20.65625,1
2026-08-14 11:55:00,20.703125,1
2026-08-14 11:55:00,20.703125,1
2026-08-14 11:55:00,20.703125,1
2026-08-14 11:55:00,20.703125,1
2026-08-14 11:55:00,20.703125,1
2026-08-14 11:55:00,20.703125,1
2026-08-14 11:55:01,20.703125,1
2026-08-14 11:55:01,20.703125,1
2026-08-14 11:55:01,20.703125,1
2026-08-14 11:55:01,20.703125,1
2026-08-14 11:55:01,20.265625,1
2026-08-14 11:55:01,20.265625,1
2026-08-14 11:55:01,20.34375,1
2026-08-14 11:55:01,20.34375,1
2026-08-14 11:55:01,20.34375,1
2026-08-14 11:55:01,20.34375,1
2026-08-14 11:55:01,20.34375,1
2026-08-14 11:55:01,20.34375,1
2026-08-14 11:55:01,20.34375,1
2026-08-14 11:55:01,20.34375,1
2026-08-14 11:55:01,20.34375,1
2026-08-14 11:55:01,20.34375,1
2026-08-14 11:55:01,19.59375,1
2026-08-14 11:55:01,19.59375,1
2026-08-14 11:55:01,19.453125,1
2026-08-14 11:55:01,19.453125,1
2026-08-14 11:55:02,19.453125,1
2026-08-14 11:55:02,19.453125,1
2026-08-14 11:55:02,19.453125,1
2026-08-14 11:55:02,19.453125,1
2026-08-14 11:55:02,19.453125,1
2026-08-14 11:55:02,19.453125,1
2026-08-14 11:55:02,19.453125,1
2026-08-14 11:55:02,19.453125,1
2026-08-14 11:55:02,18.203125,1
2026-08-14 11:55:02,18.203125,1
2026-08-14 11:55:02,18.203125,1
2026-08-14 11:55:02,18.203125,1
2026-08-14 11:55:02,18.203125,1
2026-08-14 11:55:02,18.203125,1
2026-08-14 11:55:02,18.203125,1
2026-08-14 11:55:02,18.203125,1
2026-08-14 11:55:02,18.203125,1
2026-08-14 11:55:02,18.203125,1
2026-08-14 11:55:02,18.203125,1
2026-08-14 11:55:02,18.203125,1
2026-08-14 11:55:03,16.03125,1
2026-08-14 11:55:03,16.03125,1
2026-08-14 11:55:03,15.984375,1
2026-08-14 11:55:03,15.984375,1
2026-08-14 11:55:03,15.984375,1
2026-08-14 11:55:03,15.984375,1
2026-08-14 11:55:03,15.984375,1
2026-08-14 11:55:03,15.984375,1
2026-08-14 11:55:03,15.984375,1
2026-08-14 11:55:03,15.984375,1
2026-08-14 11:55:03,15.984375,1
2026-08-14 11:55:03,15.984375,1
2026-08-14 11:55:03,14.59375,1
2026-08-14 11:55:03,14.59375,1
2026-08-14 11:55:03,14.515625,1
2026-08-14 11:55:03,14.515625,1
2026-08-14 11:55:03,14.515625,1
2026-08-14 11:55:03,14.515625,1
2026-08-14 11:55:03,14.515625,1
2026-08-14 11:55:03,14.515625,1
2026-08-14 11:55:04,14.515625,1
2026-08-14 11:55:04,14.515625,1
2026-08-14 11:55:04,14.515625,1
2026-08-14 11:55:04,14.515625,1
2026-08-14 11:55:04,12.546875,1
2026-08-14 11:55:04,12.546875,1
2026-08-14 11:55:04,11.640625,1
2026-08-14 11:55:04,11.640625,1
2026-08-14 11:55:04,11.640625,1
2026-08-14 11:55:04,11.640625,1
2026-08-14 11:55:04,11.640625,1
2026-08-14 11:55:04,11.640625,1
2026-08-14 11:55:04,11.640625,1
2026-08-14 11:55:04,11.640625,1
2026-08-14 11:55:04,7.890625,1
2026-08-14 11:55:04,7.890625,1
2026-08-14 11:55:04,7.84375,1
2026-08-14 11:55:04,7.84375,1
2026-08-14 11:55:04,7.765625,1
2026-08-14 11:55:04,7.765625,1
2026-08-14 11:55:05,7.796875,1
2026-08-14 11:55:05,7.796875,1
2026-08-14 11:55:05,7.796875,1
2026-08-14 11:55:05,7.796875,1
2026-08-14 11:55:05,7.796875,1
2026-08-14 11:55:05,7.796875,1
2026-08-14 11:55:05,7.796875,1
2026-08-14 11:55:05,7.796875,1
2026-08-14 11:55:05,7.796875,1
2026-08-14 11:55:05,7.796875,1
2026-08-14 11:55:05,7.265625,1
2026-08-14 11:55:05,7.265625,1
2026-08-14 11:55:05,7.34375,1
2026-08-14 11:55:05,7.34375,1
2026-08-14 11:55:05,7.34375,1
2026-08-14 11:55:05,7.34375,1
2026-08-14 11:55:05,7.34375,1
2026-08-14 11:55:05,7.34375,1
2026-08-14 11:55:05,8.703125,1
2026-08-14 11:55:05,8.703125,1
2026-08-14 11:55:06,8.703125,1
2026-08-14 11:55:06,8.703125,1
2026-08-14 11:55:06,8.921875,1
2026-08-14 11:55:06,8.921875,1
2026-08-14 11:55:06,9.09375,1
2026-08-14 11:55:06,9.09375,1
2026-08-14 11:55:06,9.09375,1
2026-08-14 11:55:06,9.09375,1
2026-08-14 11:55:06,9.09375,1
2026-08-14 11:55:06,9.09375,1
2026-08-14 11:55:06,9.09375,1
2026-08-14 11:55:06,9.09375,1
2026-08-14 11:55:06,12.5625,1
2026-08-14 11:55:06,12.5625,1
2026-08-14 11:55:06,12.78125,1
2026-08-14 11:55:06,12.78125,1
2026-08-14 11:55:06,12.78125,1
2026-08-14 11:55:06,12.78125,1
2026-08-14 11:55:06,12.78125,1
2026-08-14 11:55:06,12.78125,1
2026-08-14 11:55:07,12.78125,1
2026-08-14 11:55:07,12.78125,1
2026-08-14 11:55:07,14.21875,1
2026-08-14 11:55:07,14.21875,1
2026-08-14 11:55:07,14.453125,1
2026-08-14 11:55:07,14.453125,1
2026-08-14 11:55:07,14.546875,1
2026-08-14 11:55:07,14.546875,1
2026-08-14 11:55:07,14.546875,1
2026-08-14 11:55:07,14.546875,1
2026-08-14 11:55:07,14.546875,1
2026-08-14 11:55:07,14.546875,1
2026-08-14 11:55:07,14.546875,1
2026-08-14 11:55:07,14.546875,1
2026-08-14 11:55:07,14.546875,1
2026-08-14 11:55:07,14.546875,1
2026-08-14 11:55:07,15.953125,1
2026-08-14 11:55:07,15.953125,1
2026-08-14 11:55:07,19.640625,1
2026-08-14 11:55:07,19.640625,1
2026-08-14 11:55:08,20.109375,1
2026-08-14 11:55:08,20.109375,1
2026-08-14 11:55:08,20.109375,1
2026-08-14 11:55:08,20.109375,1
2026-08-14 11:55:08,20.109375,1
2026-08-14 11:55:08,20.109375,1
2026-08-14 11:55:08,20.109375,1
2026-08-14 11:55:08,20.109375,1
2026-08-14 11:55:08,20.109375,1
2026-08-14 11:55:08,20.109375,1
2026-08-14 11:55:08,23.984375,1
2026-08-14 11:55:08,23.984375,1
2026-08-14 11:55:08,24.09375,1
2026-08-14 11:55:08,24.09375,1
2026-08-14 11:55:08,24.09375,1
2026-08-14 11:55:08,24.09375,1
2026-08-14 11:55:08,24.09375,1
2026-08-14 11:55:08,24.09375,1
2026-08-14 11:55:08,24.09375,1
2026-08-14 11:55:08,24.09375,1
2026-08-14 11:55:09,22.3125,1
2026-08-14 11:55:09,22.3125,1
2026-08-14 11:55:09,22.25,1
2026-08-14 11:55:09,22.25,1
2026-08-14 11:55:09,22.25,1
2026-08-14 11:55:09,22.25,1
2026-08-14 11:55:09,22.25,1
2026-08-14 11:55:09,22.25,1
2026-08-14 11:55:09,22.25,1
2026-08-14 11:55:09,22.25,1
2026-08-14 11:55:09,22.34375,1
2026-08-14 11:55:09,22.34375,1
2026-08-14 11:55:09,22.484375,1
2026-08-14 11:55:09,22.484375,1
2026-08-14 11:55:09,22.484375,1
2026-08-14 11:55:09,22.484375,1
2026-08-14 11:55:09,22.484375,1
2026-08-14 11:55:09,22.484375,1
2026-08-14 11:55:09,22.484375,1
2026-08-14 11:55:09,22.484375,1
2026-08-14 11:55:10,22.484375,1
2026-08-14 11:55:10,22.484375,1
2026-08-14 11:55:10,21.9375,1
2026-08-14 11:55:10,21.9375,1
2026-08-14 11:55:10,22.0,1
2026-08-14 11:55:10,22.0,1
2026-08-14 11:55:10,22.0,1
2026-08-14 11:55:10,22.0,1
2026-08-14 11:55:10,22.0,1
2026-08-14 11:55:10,22.0,1
2026-08-14 11:55:10,22.0,1
2026-08-14 11:55:10,22.0,1
2026-08-14 11:55:10,22.0,1
2026-08-14 11:55:10,22.0,1
2026-08-14 11:55:10,22.9375,1
2026-08-14 11:55:10,22.9375,1
2026-08-14 11:55:10,23.046875,1
2026-08-14 11:55:10,23.046875,1
2026-08-14 11:55:10,23.046875,1
2026-08-14 11:55:10,23.046875,1
2026-08-14 11:55:11,23.046875,1
2026-08-14 11:55:11,23.046875,1
2026-08-14 11:55:11,23.046875,1
2026-08-14 11:55:11,23.046875,1
2026-08-14 11:55:11,23.046875,1
2026-08-14 11:55:11,23.046875,1
2026-08-14 11:55:11,22.5,1
2026-08-14 11:55:11,22.5,1
2026-08-14 11:55:11,22.546875,1
2026-08-14 11:55:11,22.546875,1
2026-08-14 11:55:11,22.546875,1
2026-08-14 11:55:11,22.546875,1
2026-08-14 11:55:11,22.546875,1
2026-08-14 11:55:11,22.546875,1
2026-08-14 11:55:11,22.546875,1
2026-08-14 11:55:11,22.546875,1
2026-08-14 11:55:11,23.375,1
2026-08-14 11:55:11,23.375,1
2026-08-14 11:55:11,23.375,1
2026-08-14 11:55:11,23.375,1
2026-08-14 11:55:12,23.375,1
2026-08-14 11:55:12,23.375,1
2026-08-14 11:55:12,23.375,1
2026-08-14 11:55:12,23.375,1
2026-08-14 11:55:12,23.375,1
2026-08-14 11:55:12,23.375,1
2026-08-14 11:55:12,23.53125,1
2026-08-14 11:55:12,23.53125,1
2026-08-14 11:55:12,23.40625,1
2026-08-14 11:55:12,23.40625,1
2026-08-14 11:55:12,23.328125,1
2026-08-14 11:55:12,23.328125,1
2026-08-14 11:55:12,23.328125,1
2026-08-14 11:55:12,23.328125,1
2026-08-14 11:55:12,23.328125,1
2026-08-14 11:55:12,23.328125,1
2026-08-14 11:55:12,22.703125,1
2026-08-14 11:55:12,22.703125,1
2026-08-14 11:55:12,22.703125,1
2026-08-14 11:55:12,22.703125,1
2026-08-14 11:55:13,22.765625,1
2026-08-14 11:55:13,22.765625,1
2026-08-14 11:55:13,22.8125,1
2026-08-14 11:55:13,22.8125,1
2026-08-14 11:55:13,22.8125,1
2026-08-14 11:55:13,22.8125,1
2026-08-14 11:55:13,22.8125,1
2026-08-14 11:55:13,22.8125,1
2026-08-14 11:55:13,22.8125,1
2026-08-14 11:55:13,22.8125,1
2026-08-14 11:55:13,23.078125,1
2026-08-14 11:55:13,23.078125,1
2026-08-14 11:55:13,23.15625,1
2026-08-14 11:55:13,23.15625,1
2026-08-14 11:55:13,23.15625,1
2026-08-14 11:55:13,23.15625,1
2026-08-14 11:55:13,23.15625,1
2026-08-14 11:55:13,23.15625,1
2026-08-14 11:55:13,23.15625,1
2026-08-14 11:55:13,23.15625,1
2026-08-14 11:55:14,23.3125,1
2026-08-14 11:55:14,23.3125,1
2026-08-14 11:55:14,23.328125,1
2026-08-14 11:55:14,23.328125,1
2026-08-14 11:55:14,23.34375,1
2026-08-14 11:55:14,23.34375,1
2026-08-14 11:55:14,23.34375,1
2026-08-14 11:55:14,23.34375,1
2026-08-14 11:55:14,23.34375,1
2026-08-14 11:55:14,23.34375,1
2026-08-14 11:55:14,23.34375,1
2026-08-14 11:55:14,23.34375,1
2026-08-14 11:55:14,23.34375,1
2026-08-14 11:55:14,23.34375,1
2026-08-14 11:55:14,23.25,1
2026-08-14 11:55:14,23.25,1
2026-08-14 11:55:14,23.265625,1
2026-08-14 11:55:14,23.265625,1
2026-08-14 11:55:14,23.265625,1
2026-08-14 11:55:14,23.265625,1
2026-08-14 11:55:15,23.265625,1
2026-08-14 11:55:15,23.265625,1
2026-08-14 11:55:15,23.265625,1
2026-08-14 11:55:15,23.265625,1
2026-08-14 11:55:15,22.734375,1
2026-08-14 11:55:15,22.734375,1
2026-08-14 11:55:15,22.6875,1
2026-08-14 11:55:15,22.6875,1
2026-08-14 11:55:15,22.5625,1
2026-08-14 11:55:15,22.5625,1
2026-08-14 11:55:15,22.5625,1
2026-08-14 11:55:15,22.5625,1
2026-08-14 11:55:15,22.5625,1
2026-08-14 11:55:15,22.5625,1
2026-08-14 11:55:15,22.5625,1
2026-08-14 11:55:15,22.5625,1
2026-08-14 11:55:15,22.5625,1
2026-08-14 11:55:15,22.5625,1
2026-08-14 11:55:15,21.71875,1
2026-08-14 11:55:15,21.71875,1
2026-08-14 11:55:16,21.734375,1
2026-08-14 11:55:16,21.734375,1
2026-08-14 11:55:16,21.734375,1
2026-08-14 11:55:16,21.734375,1
2026-08-14 11:55:16,21.734375,1
2026-08-14 11:55:16,21.734375,1
2026-08-14 11:55:16,21.734375,1
2026-08-14 11:55:16,21.734375,1
2026-08-14 11:55:16,21.859375,1
2026-08-14 11:55:16,21.859375,1
2026-08-14 11:55:16,21.6875,1
2026-08-14 11:55:16,21.6875,1
2026-08-14 11:55:16,21.6875,1
2026-08-14 11:55:16,21.6875,1
2026-08-14 11:55:16,21.6875,1
2026-08-14 11:55:16,21.6875,1
2026-08-14 11:55:16,21.6875,1
2026-08-14 11:55:16,21.6875,1
2026-08-14 11:55:16,21.859375,1
2026-08-14 11:55:16,21.859375,1
2026-08-14 11:55:17,21.90625,1
2026-08-14 11:55:17,21.90625,1
2026-08-14 11:55:17,21.90625,1
2026-08-14 11:55:17,21.90625,1
2026-08-14 11:55:17,21.90625,1
2026-08-14 11:55:17,21.90625,1
2026-08-14 11:55:17,22.265625,1
2026-08-14 11:55:17,22.265625,1
2026-08-14 11:55:17,22.265625,1
2026-08-14 11:55:17,22.265625,1
2026-08-14 11:55:17,22.265625,1
2026-08-14 11:55:17,22.265625,1
2026-08-14 11:55:17,22.265625,1
2026-08-14 11:55:17,22.265625,1
2026-08-14 11:55:17,22.265625,1
2026-08-14 11:55:17,22.265625,1
2026-08-14 11:55:17,22.265625,1
2026-08-14 11:55:17,22.265625,1
2026-08-14 11:55:17,21.046875,1
2026-08-14 11:55:17,21.046875,1
2026-08-14 11:55:18,21.171875,1
2026-08-14 11:55:18,21.171875,1
2026-08-14 11:55:18,21.171875,1
2026-08-14 11:55:18,21.171875,1
2026-08-14 11:55:18,21.171875,1
2026-08-14 11:55:18,21.171875,1
2026-08-14 11:55:18,21.171875,1
2026-08-14 11:55:18,21.171875,1
2026-08-14 11:55:18,21.171875,1
2026-08-14 11:55:18,21.171875,1
2026-08-14 11:55:18,20.671875,1
2026-08-14 11:55:18,20.671875,1
2026-08-14 11:55:18,20.734375,1
2026-08-14 11:55:18,20.734375,1
2026-08-14 11:55:18,20.734375,1
2026-08-14 11:55:18,20.734375,1
2026-08-14 11:55:18,20.734375,1
2026-08-14 11:55:18,20.734375,1
2026-08-14 11:55:18,20.734375,1
2026-08-14 11:55:18,20.734375,1
2026-08-14 11:55:19,20.5,1
2026-08-14 11:55:19,20.5,1
2026-08-14 11:55:19,20.15625,1
2026-08-14 11:55:19,20.15625,1
2026-08-14 11:55:19,20.15625,1
2026-08-14 11:55:19,20.15625,1
2026-08-14 11:55:19,20.15625,1
2026-08-14 11:55:19,20.15625,1
2026-08-14 11:55:19,20.15625,1
2026-08-14 11:55:19,20.15625,1
2026-08-14 11:55:19,20.15625,1
2026-08-14 11:55:19,20.15625,1
2026-08-14 11:55:19,20.15625,1
2026-08-14 11:55:19,20.15625,1
2026-08-14 11:55:19,20.15625,1
2026-08-14 11:55:19,20.15625,1
2026-08-14 11:55:19,20.078125,1
2026-08-14 11:55:19,20.078125,1
2026-08-14 11:55:19,20.078125,1
2026-08-14 11:55:19,20.078125,1
2026-08-14 11:55:20,20.078125,1
2026-08-14 11:55:20,20.078125,1
2026-08-14 11:55:20,20.078125,1
2026-08-14 11:55:20,20.078125,1
2026-08-14 11:55:20,20.078125,1
2026-08-14 11:55:20,20.078125,1
2026-08-14 11:55:20,20.390625,1
2026-08-14 11:55:20,20.390625,1
2026-08-14 11:55:20,19.921875,1
2026-08-14 11:55:20,19.921875,1
2026-08-14 11:55:20,19.953125,1
2026-08-14 11:55:20,19.953125,1
2026-08-14 11:55:20,19.953125,1
2026-08-14 11:55:20,19.953125,1
2026-08-14 11:55:20,19.953125,1
2026-08-14 11:55:20,19.953125,1
2026-08-14 11:55:20,19.953125,1
2026-08-14 11:55:20,19.953125,1
2026-08-14 11:55:20,15.75,1
2026-08-14 11:55:20,15.75,1
2026-08-14 11:55:21,15.234375,1
2026-08-14 11:55:21,15.234375,1
2026-08-14 11:55:21,15.046875,1
2026-08-14 11:55:21,15.046875,1
2026-08-14 11:55:21,15.046875,1
2026-08-14 11:55:21,15.046875,1
2026-08-14 11:55:21,15.046875,1
2026-08-14 11:55:21,15.046875,1
2026-08-14 11:55:21,15.046875,1
2026-08-14 11:55:21,15.046875,1
2026-08-14 11:55:21,10.921875,1
2026-08-14 11:55:21,10.921875,1
2026-08-14 11:55:21,11.0,1
2026-08-14 11:55:21,11.0,1
2026-08-14 11:55:21,11.0,1
2026-08-14 11:55:21,11.0,1
2026-08-14 11:55:21,11.0,1
2026-08-14 11:55:21,11.0,1
2026-08-14 11:55:21,11.0,1
2026-08-14 11:55:21,11.0,1
2026-08-14 11:55:22,11.0,1
2026-08-14 11:55:22,11.0,1
2026-08-14 11:55:22,7.359375,1
2026-08-14 11:55:22,7.359375,1
2026-08-14 11:55:22,7.0625,1
2026-08-14 11:55:22,7.0625,1
2026-08-14 11:55:22,7.0625,1
2026-08-14 11:55:22,7.0625,1
2026-08-14 11:55:22,7.0625,1
2026-08-14 11:55:22,7.0625,1
2026-08-14 11:55:22,7.0625,1
2026-08-14 11:55:22,7.0625,1
2026-08-14 11:55:22,7.0625,1
2026-08-14 11:55:22,7.0625,1
2026-08-14 11:55:22,3.34375,1
2026-08-14 11:55:22,3.34375,1
2026-08-14 11:55:22,3.171875,1
2026-08-14 11:55:22,3.171875,1
2026-08-14 11:55:22,3.171875,1
2026-08-14 11:55:22,3.171875,1
2026-08-14 11:55:23,3.171875,1
2026-08-14 11:55:23,3.171875,1
2026-08-14 11:55:23,3.171875,1
2026-08-14 11:55:23,3.171875,1
2026-08-14 11:55:23,0.0,1
2026-08-14 11:55:23,0.0,1
2026-08-14 11:55:23,0.0,1
2026-08-14 11:55:23,0.0,1
2026-08-14 11:55:23,0.0,1
2026-08-14 11:55:23,0.0,1
2026-08-14 11:55:23,0.0,1
2026-08-14 11:55:23,0.0,1
2026-08-14 11:55:23,0.0,1
2026-08-14 11:55:23,0.0,1
2026-08-14 11:55:23,0.0,1
2026-08-14 11:55:23,0.0,1
2026-08-14 11:55:23,0.0,1
2026-08-14 11:55:23,0.0,1
2026-08-14 11:55:23,0.0,1
2026-08-14 11:55:23,0.0,1
2026-08-14 11:55:24,0.0,1
2026-08-14 11:55:24,0.0,1
2026-08-14 11:55:24,0.0,1
2026-08-14 11:55:24,0.0,1
2026-08-14 11:55:24,0.0,1
2026-08-14 11:55:24,0.0,1
2026-08-14 11:55:24,0.0,1
2026-08-14 11:55:24,0.0,1
2026-08-14 11:55:24,0.0,1
2026-08-14 11:55:24,0.0,1
2026-08-14 11:55:24,0.0,1
2026-08-14 11:55:24,0.0,1
2026-08-14 11:55:24,0.0,1
2026-08-14 11:55:24,0.0,1
2026-08-14 11:55:24,0.0,1
2026-08-14 11:55:24,0.0,1
2026-08-14 11:55:24,0.0,1
2026-08-14 11:55:24,0.0,1
2026-08-14 11:55:24,0.0,1
2026-08-14 11:55:24,0.0,1
2026-08-14 11:55:25,0.0,1
2026-08-14 11:55:25,0.0,1
2026-08-14 11:55:25,0.0,1
2026-08-14 11:55:25,0.0,1
2026-08-14 11:55:25,0.0,1
2026-08-14 11:55:25,0.0,1
2026-08-14 11:55:25,0.0,1
2026-08-14 11:55:25,0.0,1
2026-08-14 11:55:25,0.0,1
2026-08-14 11:55:25,0.0,1
2026-08-14 11:55:25,0.0,1
2026-08-14 11:55:25,0.0,1
2026-08-14 11:55:25,0.0,1
2026-08-14 11:55:25,0.0,1
2026-08-14 11:55:25,0.0,1
2026-08-14 11:55:25,0.0,1
2026-08-14 11:55:25,0.0,1
2026-08-14 11:55:25,0.0,1
2026-08-14 11:55:25,0.0,1
2026-08-14 11:55:25,0.0,1
2026-08-14 11:55:26,0.0,1
2026-08-14 11:55:26,0.0,1
2026-08-14 11:55:26,0.0,1
2026-08-14 11:55:26,0.0,1
2026-08-14 11:55:26,0.0,1
2026-08-14 11:55:26,0.0,1
2026-08-14 11:55:26,0.0,1
2026-08-14 11:55:26,0.0,1
2026-08-14 11:55:26,0.0,1
2026-08-14 11:55:26,0.0,1
2026-08-14 11:55:26,0.0,1
2026-08-14 11:55:26,0.0,1
2026-08-14 11:55:26,0.0,1
2026-08-14 11:55:26,0.0,1
2026-08-14 11:55:26,0.0,1
2026-08-14 11:55:26,0.0,1
2026-08-14 11:55:26,0.0,1
2026-08-14 11:55:26,0.0,1
2026-08-14 11:55:26,0.0,1
2026-08-14 11:55:26,0.0,1
2026-08-14 11:55:27,0.0,1
2026-08-14 11:55:27,0.0,1
2026-08-14 11:55:27,0.0,1
2026-08-14 11:55:27,0.0,1
2026-08-14 11:55:27,0.0,1
2026-08-14 11:55:27,0.0,1
2026-08-14 11:55:27,0.0,1
2026-08-14 11:55:27,0.0,1
2026-08-14 11:55:27,0.0,1
2026-08-14 11:55:27,0.0,1
2026-08-14 11:55:27,0.0,1
2026-08-14 11:55:27,0.0,1
2026-08-14 11:55:27,0.0,1
2026-08-14 11:55:27,0.0,1
2026-08-14 11:55:27,0.0,1
2026-08-14 11:55:27,0.0,1
2026-08-14 11:55:27,0.0,1
2026-08-14 11:55:27,0.0,1
2026-08-14 11:55:27,0.0,1
2026-08-14 11:55:27,0.0,1
2026-08-14 11:55:28,0.0,1
2026-08-14 11:55:28,0.0,1
2026-08-14 11:55:28,0.0,1
2026-08-14 11:55:28,0.0,1
2026-08-14 11:55:28,0.0,1
2026-08-14 11:55:28,0.0,1
2026-08-14 11:55:28,0.0,1
2026-08-14 11:55:28,0.0,1
2026-08-14 11:55:28,0.0,1
2026-08-14 11:55:28,0.0,1
2026-08-14 11:55:28,0.0,1
2026-08-14 11:55:28,0.0,1
2026-08-14 11:55:28,0.0,1
2026-08-14 11:55:28,0.0,1
2026-08-14 11:55:28,0.0,1
2026-08-14 11:55:28,0.0,1
2026-08-14 11:55:28,0.0,1
2026-08-14 11:55:28,0.0,1
2026-08-14 11:55:28,0.0,1
2026-08-14 11:55:28,0.0,1
2026-08-14 11:55:29,0.0,1
2026-08-14 11:55:29,0.0,1
2026-08-14 11:55:29,0.0,1
2026-08-14 11:55:29,0.0,1
2026-08-14 11:55:29,0.0,1
2026-08-14 11:55:29,0.0,1
2026-08-14 11:55:29,0.0,1
2026-08-14 11:55:29,0.0,1
2026-08-14 11:55:29,0.0,1
2026-08-14 11:55:29,0.0,1
2026-08-14 11:55:29,0.0,1
2026-08-14 11:55:29,0.0,1
2026-08-14 11:55:29,0.0,1
2026-08-14 11:55:29,0.0,1
2026-08-14 11:55:29,0.0,1
2026-08-14 11:55:29,0.0,1
2026-08-14 11:55:29,0.0,1
2026-08-14 11:55:29,0.0,1
2026-08-14 11:55:29,0.0,1
2026-08-14 11:55:29,0.0,1
2026-08-14 11:55:30,0.0,1
2026-08-14 11:55:30,0.0,1
2026-08-14 11:55:30,0.0,1
2026-08-14 11:55:30,0.0,1
2026-08-14 11:55:30,0.0,1
2026-08-14 11:55:30,0.0,1
2026-08-14 11:55:30,0.0,1
2026-08-14 11:55:30,0.0,1
2026-08-14 11:55:30,0.0,1
2026-08-14 11:55:30,0.0,1
2026-08-14 11:55:30,0.0,1
2026-08-14 11:55:30,0.0,1
2026-08-14 11:55:30,0.0,1
2026-08-14 11:55:30,0.0,1
2026-08-14 11:55:30,0.0,1
2026-08-14 11:55:30,0.0,1
2026-08-14 11:55:30,0.0,1
2026-08-14 11:55:30,0.0,1
2026-08-14 11:55:30,0.0,1
2026-08-14 11:55:30,0.0,1
2026-08-14 11:55:31,0.0,1
2026-08-14 11:55:31,0.0,1
2026-08-14 11:55:31,0.0,1
2026-08-14 11:55:31,0.0,1
2026-08-14 11:55:31,0.0,1
2026-08-14 11:55:31,0.0,1
2026-08-14 11:55:31,0.0,1
2026-08-14 11:55:31,0.0,1
2026-08-14 11:55:31,0.0,1
2026-08-14 11:55:31,0.0,1
2026-08-14 11:55:31,0.0,1
2026-08-14 11:55:31,0.0,1
2026-08-14 11:55:31,0.0,1
2026-08-14 11:55:31,0.0,1
2026-08-14 11:55:31,0.0,1
2026-08-14 11:55:31,0.0,1
2026-08-14 11:55:31,0.0,1
2026-08-14 11:55:31,0.0,1
2026-08-14 11:55:31,0.0,1
2026-08-14 11:55:31,0.0,1
2026-08-14 11:55:32,0.0,1
2026-08-14 11:55:32,0.0,1
2026-08-14 11:55:32,0.0,1
2026-08-14 11:55:32,0.0,1
2026-08-14 11:55:32,0.0,1
2026-08-14 11:55:32,0.0,1
2026-08-14 11:55:32,0.0,1
2026-08-14 11:55:32,0.0,1
2026-08-14 11:55:32,0.0,1
2026-08-14 11:55:32,0.0,1
2026-08-14 11:55:32,0.0,1
2026-08-14 11:55:32,0.0,1
2026-08-14 11:55:32,0.0,1
2026-08-14 11:55:32,0.0,1
2026-08-14 11:55:32,0.0,1
2026-08-14 11:55:32,0.0,1
2026-08-14 11:55:32,0.0,1
2026-08-14 11:55:32,0.0,1
2026-08-14 11:55:32,0.0,1
2026-08-14 11:55:32,0.0,1
2026-08-14 11:55:33,0.0,1
2026-08-14 11:55:33,0.0,1
2026-08-14 11:55:33,0.0,1
2026-08-14 11:55:33,0.0,1
2026-08-14 11:55:33,0.0,1
2026-08-14 11:55:33,0.0,1
2026-08-14 11:55:33,0.0,1
2026-08-14 11:55:33,0.0,1
2026-08-14 11:55:33,0.0,1
2026-08-14 11:55:33,0.0,1
2026-08-14 11:55:33,0.0,1
2026-08-14 11:55:33,0.0,1
2026-08-14 11:55:33,0.0,1
2026-08-14 11:55:33,0.0,1
2026-08-14 11:55:33,0.0,1
2026-08-14 11:55:33,0.0,1
2026-08-14 11:55:33,0.0,1
2026-08-14 11:55:33,0.0,1
2026-08-14 11:55:33,0.0,1
2026-08-14 11:55:33,0.0,1
2026-08-14 11:55:34,0.0,1
2026-08-14 11:55:34,0.0,1
2026-08-14 11:55:34,0.0,1
2026-08-14 11:55:34,0.0,1
2026-08-14 11:55:34,0.0,1
2026-08-14 11:55:34,0.0,1
2026-08-14 11:55:34,0.0,1
2026-08-14 11:55:34,0.0,1
2026-08-14 11:55:34,0.0,1
2026-08-14 11:55:34,0.0,1
2026-08-14 11:55:34,0.0,1
2026-08-14 11:55:34,0.0,1
2026-08-14 11:55:34,0.0,1
2026-08-14 11:55:34,0.0,1
2026-08-14 11:55:34,0.0,1
2026-08-14 11:55:34,0.0,1
2026-08-14 11:55:34,0.0,1
2026-08-14 11:55:34,0.0,1
2026-08-14 11:55:34,0.0,1
2026-08-14 11:55:34,0.0,1
2026-08-14 11:55:35,0.0,1
2026-08-14 11:55:35,0.0,1
2026-08-14 11:55:35,0.0,1
2026-08-14 11:55:35,0.0,1
2026-08-14 11:55:35,0.0,1
2026-08-14 11:55:35,0.0,1
2026-08-14 11:55:35,0.0,1
2026-08-14 11:55:35,0.0,1
2026-08-14 11:55:35,0.0,1
2026-08-14 11:55:35,0.0,1
2026-08-14 11:55:35,0.0,1
2026-08-14 11:55:35,0.0,1
2026-08-14 11:55:35,0.0,1
2026-08-14 11:55:35,0.0,1
2026-08-14 11:55:35,0.0,1
2026-08-14 11:55:35,0.0,1
2026-08-14 11:55:35,0.0,1
2026-08-14 11:55:35,0.0,1
2026-08-14 11:55:35,0.0,1
2026-08-14 11:55:35,0.0,1
2026-08-14 11:55:36,0.0,1
2026-08-14 11:55:36,0.0,1
2026-08-14 11:55:36,0.0,1
2026-08-14 11:55:36,0.0,1
2026-08-14 11:55:36,0.0,1
2026-08-14 11:55:36,0.0,1
2026-08-14 11:55:36,0.0,1
2026-08-14 11:55:36,0.0,1
2026-08-14 11:55:36,0.0,1
2026-08-14 11:55:36,0.0,1
2026-08-14 11:55:36,0.0,1
2026-08-14 11:55:36,0.0,1
2026-08-14 11:55:36,0.0,1
2026-08-14 11:55:36,0.0,1
2026-08-14 11:55:36,0.0,1
2026-08-14 11:55:36,0.0,1
2026-08-14 11:55:36,0.0,1
2026-08-14 11:55:36,0.0,1
2026-08-14 11:55:36,0.0,1
2026-08-14 11:55:36,0.0,1
2026-08-14 11:55:37,0.0,1
2026-08-14 11:55:37,0.0,1
2026-08-14 11:55:37,0.0,1
2026-08-14 11:55:37,0.0,1
2026-08-14 11:55:37,0.0,1
2026-08-14 11:55:37,0.0,1
2026-08-14 11:55:37,0.0,1
2026-08-14 11:55:37,0.0,1
2026-08-14 11:55:37,0.0,1
2026-08-14 11:55:37,0.0,1
2026-08-14 11:55:37,0.0,1
2026-08-14 11:55:37,0.0,1
2026-08-14 11:55:37,0.0,1
2026-08-14 11:55:37,0.0,1
2026-08-14 11:55:37,0.0,1
2026-08-14 11:55:37,0.0,1
2026-08-14 11:55:37,0.0,1
2026-08-14 11:55:37,0.0,1
2026-08-14 11:55:37,0.0,1
2026-08-14 11:55:37,0.0,1
2026-08-14 11:55:38,0.0,1
2026-08-14 11:55:38,0.0,1
2026-08-14 11:55:38,0.0,1
2026-08-14 11:55:38,0.0,1
2026-08-14 11:55:38,0.0,1
2026-08-14 11:55:38,0.0,1
2026-08-14 11:55:38,0.0,1
2026-08-14 11:55:38,0.0,1
2026-08-14 11:55:38,0.0,1
2026-08-14 11:55:38,0.0,1
2026-08-14 11:55:38,0.0,1
2026-08-14 11:55:38,0.0,1
2026-08-14 11:55:38,0.0,1
2026-08-14 11:55:38,0.0,1
2026-08-14 11:55:38,0.0,1
2026-08-14 11:55:38,0.0,1
2026-08-14 11:55:38,0.0,1
2026-08-14 11:55:38,0.0,1
2026-08-14 11:55:38,0.0,1
2026-08-14 11:55:38,0.0,1
2026-08-14 11:55:39,0.0,1
2026-08-14 11:55:39,0.0,1
2026-08-14 11:55:39,0.0,1
2026-08-14 11:55:39,0.0,1
2026-08-14 11:55:39,0.0,1
2026-08-14 11:55:39,0.0,1
2026-08-14 11:55:39,0.0,1
2026-08-14 11:55:39,0.0,1
2026-08-14 11:55:39,0.0,1
2026-08-14 11:55:39,0.0,1
2026-08-14 11:55:39,0.0,1
2026-08-14 11:55:39,0.0,1
2026-08-14 11:55:39,0.0,1
2026-08-14 11:55:39,0.0,1
2026-08-14 11:55:39,0.0,1
2026-08-14 11:55:39,0.0,1
2026-08-14 11:55:39,0.0,1
2026-08-14 11:55:39,0.0,1
2026-08-14 11:55:39,0.0,1
2026-08-14 11:55:39,0.0,1
2026-08-14 11:55:40,0.0,1
2026-08-14 11:55:40,0.0,1
2026-08-14 11:55:40,0.0,1
2026-08-14 11:55:40,0.0,1
2026-08-14 11:55:40,0.0,1
2026-08-14 11:55:40,0.0,1
2026-08-14 11:55:40,0.0,1
2026-08-14 11:55:40,0.0,1
2026-08-14 11:55:40,0.0,1
2026-08-14 11:55:40,0.0,1
2026-08-14 11:55:40,0.0,1
2026-08-14 11:55:40,0.0,1
2026-08-14 11:55:40,0.0,1
2026-08-14 11:55:40,0.0,1
2026-08-14 11:55:40,0.0,1
2026-08-14 11:55:40,0.0,1
2026-08-14 11:55:40,0.0,1
2026-08-14 11:55:40,0.0,1
2026-08-14 11:55:40,0.0,1
2026-08-14 11:55:40,0.0,1
2026-08-14 11:55:41,0.0,1
2026-08-14 11:55:41,0.0,1
2026-08-14 11:55:41,0.0,1
2026-08-14 11:55:41,0.0,1
2026-08-14 11:55:41,0.0,1
2026-08-14 11:55:41,0.0,1
2026-08-14 11:55:41,0.0,1
2026-08-14 11:55:41,0.0,1
2026-08-14 11:55:41,0.0,1
2026-08-14 11:55:41,0.0,1
2026-08-14 11:55:41,0.0,1
2026-08-14 11:55:41,0.0,1
2026-08-14 11:55:41,0.0,1
2026-08-14 11:55:41,0.0,1
2026-08-14 11:55:41,0.0,1
2026-08-14 11:55:41,0.0,1
2026-08-14 11:55:41,0.0,1
2026-08-14 11:55:41,0.0,1
2026-08-14 11:55:41,0.0,1
2026-08-14 11:55:41,0.0,1
2026-08-14 11:55:42,0.0,1
2026-08-14 11:55:42,0.0,1
2026-08-14 11:55:42,0.0,1
2026-08-14 11:55:42,0.0,1
2026-08-14 11:55:42,0.0,1
2026-08-14 11:55:42,0.0,1
2026-08-14 11:55:42,0.0,1
2026-08-14 11:55:42,0.0,1
2026-08-14 11:55:42,0.0,1
2026-08-14 11:55:42,0.0,1
2026-08-14 11:55:42,0.0,1
2026-08-14 11:55:42,0.0,1
2026-08-14 11:55:42,0.0,1
2026-08-14 11:55:42,0.0,1
2026-08-14 11:55:42,0.0,1
2026-08-14 11:55:42,0.0,1
2026-08-14 11:55:42,0.0,1
2026-08-14 11:55:42,0.0,1
2026-08-14 11:55:42,0.0,1
2026-08-14 11:55:42,0.0,1
2026-08-14 11:55:43,0.0,1
2026-08-14 11:55:43,0.0,1
2026-08-14 11:55:43,0.0,1
2026-08-14 11:55:43,0.0,1
2026-08-14 11:55:43,0.0,1
2026-08-14 11:55:43,0.0,1
2026-08-14 11:55:43,0.0,1
2026-08-14 11:55:43,0.0,1
2026-08-14 11:55:43,0.0,1
2026-08-14 11:55:43,0.0,1
2026-08-14 11:55:43,0.0,1
2026-08-14 11:55:43,0.0,1
2026-08-14 11:55:43,0.0,1
2026-08-14 11:55:43,0.0,1
2026-08-14 11:55:43,0.0,1
2026-08-14 11:55:43,0.0,1
2026-08-14 11:55:43,0.0,1
2026-08-14 11:55:43,0.0,1
2026-08-14 11:55:43,0.0,1
2026-08-14 11:55:43,0.0,1
2026-08-14 11:55:44,0.0,1
2026-08-14 11:55:44,0.0,1
2026-08-14 11:55:44,0.0,1
2026-08-14 11:55:44,0.0,1
2026-08-14 11:55:44,0.0,1
2026-08-14 11:55:44,0.0,1
2026-08-14 11:55:44,0.0,1
2026-08-14 11:55:44,0.0,1
2026-08-14 11:55:44,0.0,1
2026-08-14 11:55:44,0.0,1
2026-08-14 11:55:44,0.0,1
2026-08-14 11:55:44,0.0,1
2026-08-14 11:55:44,0.0,1
2026-08-14 11:55:44,0.0,1
2026-08-14 11:55:44,0.0,1
2026-08-14 11:55:44,0.0,1
2026-08-14 11:55:44,0.0,1
2026-08-14 11:55:44,0.0,1
2026-08-14 11:55:44,0.0,1
2026-08-14 11:55:44,0.0,1
2026-08-14 11:55:45,0.0,1
2026-08-14 11:55:45,0.0,1
2026-08-14 11:55:45,0.0,1
2026-08-14 11:55:45,0.0,1
2026-08-14 11:55:45,0.0,1
2026-08-14 11:55:45,0.0,1
2026-08-14 11:55:45,0.0,1
2026-08-14 11:55:45,0.0,1
2026-08-14 11:55:45,0.0,1
2026-08-14 11:55:45,0.0,1
2026-08-14 11:55:45,0.0,1
2026-08-14 11:55:45,0.0,1
2026-08-14 11:55:45,0.0,1
2026-08-14 11:55:45,0.0,1
2026-08-14 11:55:45,0.0,1
2026-08-14 11:55:45,0.0,1
2026-08-14 11:55:45,0.0,1
2026-08-14 11:55:45,0.0,1
2026-08-14 11:55:45,0.0,1
2026-08-14 11:55:45,0.0,1
2026-08-14 11:55:46,0.0,1
2026-08-14 11:55:46,0.0,1
2026-08-14 11:55:46,0.0,1
2026-08-14 11:55:46,0.0,1
2026-08-14 11:55:46,0.0,1
2026-08-14 11:55:46,0.0,1
2026-08-14 11:55:46,0.0,1
2026-08-14 11:55:46,0.0,1
2026-08-14 11:55:46,0.0,1
2026-08-14 11:55:46,0.0,1
2026-08-14 11:55:46,0.0,1
2026-08-14 11:55:46,0.0,1
2026-08-14 11:55:46,0.0,1
2026-08-14 11:55:46,0.0,1
2026-08-14 11:55:46,0.0,1
2026-08-14 11:55:46,0.0,1
2026-08-14 11:55:46,0.0,1
2026-08-14 11:55:46,0.0,1
2026-08-14 11:55:46,0.0,1
2026-08-14 11:55:46,0.0,1
2026-08-14 11:55:47,0.0,1
2026-08-14 11:55:47,0.0,1
2026-08-14 11:55:47,0.0,1
2026-08-14 11:55:47,0.0,1
2026-08-14 11:55:47,0.0,1
2026-08-14 11:55:47,0.0,1
2026-08-14 11:55:47,0.0,1
2026-08-14 11:55:47,0.0,1
2026-08-14 11:55:47,0.0,1
2026-08-14 11:55:47,0.0,1
2026-08-14 11:55:47,0.0,1
2026-08-14 11:55:47,0.0,1
2026-08-14 11:55:47,0.0,1
2026-08-14 11:55:47,0.0,1
2026-08-14 11:55:47,0.0,1
2026-08-14 11:55:47,0.0,1
2026-08-14 11:55:47,0.0,1
2026-08-14 11:55:47,0.0,1
2026-08-14 11:55:47,0.0,1
2026-08-14 11:55:47,0.0,1
2026-08-14 11:55:48,0.0,1
2026-08-14 11:55:48,0.0,1
2026-08-14 11:55:48,0.0,1
2026-08-14 11:55:48,0.0,1
2026-08-14 11:55:48,0.0,1
2026-08-14 11:55:48,0.0,1
2026-08-14 11:55:48,0.0,1
2026-08-14 11:55:48,0.0,1
2026-08-14 11:55:48,0.0,1
2026-08-14 11:55:48,0.0,1
2026-08-14 11:55:48,0.0,1
2026-08-14 11:55:48,0.0,1
2026-08-14 11:55:48,0.0,1
2026-08-14 11:55:48,0.0,1
2026-08-14 11:55:48,0.0,1
2026-08-14 11:55:48,0.0,1
2026-08-14 11:55:48,0.0,1
2026-08-14 11:55:48,0.0,1
2026-08-14 11:55:48,0.0,1
2026-08-14 11:55:48,0.0,1
2026-08-14 11:55:49,0.0,1
2026-08-14 11:55:49,0.0,1
2026-08-14 11:55:49,0.0,1
2026-08-14 11:55:49,0.0,1
2026-08-14 11:55:49,0.0,1
2026-08-14 11:55:49,0.0,1
2026-08-14 11:55:49,0.0,1
2026-08-14 11:55:49,0.0,1
2026-08-14 11:55:49,0.0,1
2026-08-14 11:55:49,0.0,1
2026-08-14 11:55:49,0.0,1
2026-08-14 11:55:49,0.0,1
2026-08-14 11:55:49,0.0,1
2026-08-14 11:55:49,0.0,1
2026-08-14 11:55:49,0.0,1
2026-08-14 11:55:49,0.0,1
2026-08-14 11:55:49,0.0,1
2026-08-14 11:55:49,0.0,1
2026-08-14 11:55:49,0.0,1
2026-08-14 11:55:49,0.0,1
2026-08-14 11:55:50,0.0,1
2026-08-14 11:55:50,0.0,1
2026-08-14 11:55:50,0.0,1
2026-08-14 11:55:50,0.0,1
2026-08-14 11:55:50,0.0,1
2026-08-14 11:55:50,0.0,1
2026-08-14 11:55:50,0.0,1
2026-08-14 11:55:50,0.0,1
2026-08-14 11:55:50,0.0,1
2026-08-14 11:55:50,0.0,1
2026-08-14 11:55:50,0.0,1
2026-08-14 11:55:50,0.0,1
2026-08-14 11:55:50,0.0,1
2026-08-14 11:55:50,0.0,1
2026-08-14 11:55:50,0.0,1
2026-08-14 11:55:50,0.0,1
2026-08-14 11:55:50,0.0,1
2026-08-14 11:55:50,0.0,1
2026-08-14 11:55:50,0.0,1
2026-08-14 11:55:50,0.0,1
2026-08-14 11:55:51,0.0,1
2026-08-14 11:55:51,0.0,1
2026-08-14 11:55:51,0.0,1
2026-08-14 11:55:51,0.0,1
2026-08-14 11:55:51,0.0,1
2026-08-14 11:55:51,0.0,1
2026-08-14 11:55:51,0.0,1
2026-08-14 11:55:51,0.0,1
2026-08-14 11:55:51,0.0,1
2026-08-14 11:55:51,0.0,1
2026-08-14 11:55:51,0.0,1
2026-08-14 11:55:51,0.0,1
2026-08-14 11:55:51,0.0,1
2026-08-14 11:55:51,0.0,1
2026-08-14 11:55:51,0.0,1
2026-08-14 11:55:51,0.0,1
2026-08-14 11:55:51,0.0,1
2026-08-14 11:55:51,0.0,1
2026-08-14 11:55:51,0.0,1
2026-08-14 11:55:51,0.0,1
2026-08-14 11:55:52,0.0,1
2026-08-14 11:55:52,0.0,1
2026-08-14 11:55:52,0.0,1
2026-08-14 11:55:52,0.0,1
2026-08-14 11:55:52,0.0,1
2026-08-14 11:55:52,0.0,1
2026-08-14 11:55:52,0.0,1
2026-08-14 11:55:52,0.0,1
2026-08-14 11:55:52,0.0,1
2026-08-14 11:55:52,0.0,1
2026-08-14 11:55:52,0.0,1
2026-08-14 11:55:52,0.0,1
2026-08-14 11:55:52,0.0,1
2026-08-14 11:55:52,0.0,1
2026-08-14 11:55:52,0.0,1
2026-08-14 11:55:52,0.0,1
2026-08-14 11:55:52,0.0,1
2026-08-14 11:55:52,0.0,1
2026-08-14 11:55:52,0.0,1
2026-08-14 11:55:52,0.0,1
2026-08-14 11:55:53,0.0,1
2026-08-14 11:55:53,0.0,1
2026-08-14 11:55:53,0.0,1
2026-08-14 11:55:53,0.0,1
2026-08-14 11:55:53,0.0,1
2026-08-14 11:55:53,0.0,1
2026-08-14 11:55:53,0.0,1
2026-08-14 11:55:53,0.0,1
2026-08-14 11:55:53,0.0,1
2026-08-14 11:55:53,0.0,1
2026-08-14 11:55:53,0.0,1
2026-08-14 11:55:53,0.0,1
2026-08-14 11:55:53,0.0,1
2026-08-14 11:55:53,0.0,1
2026-08-14 11:55:53,0.0,1
2026-08-14 11:55:53,0.0,1
2026-08-14 11:55:53,0.0,1
2026-08-14 11:55:53,0.0,1
2026-08-14 11:55:53,0.0,1
2026-08-14 11:55:53,0.0,1
2026-08-14 11:55:54,0.0,1
2026-08-14 11:55:54,0.0,1
2026-08-14 11:55:54,0.0,1
2026-08-14 11:55:54,0.0,1
2026-08-14 11:55:54,0.0,1
2026-08-14 11:55:54,0.0,1
2026-08-14 11:55:54,0.0,1
2026-08-14 11:55:54,0.0,1
2026-08-14 11:55:54,0.0,1
2026-08-14 11:55:54,0.0,1
2026-08-14 11:55:54,0.0,1
2026-08-14 11:55:54,0.0,1
2026-08-14 11:55:54,1.859375,1
2026-08-14 11:55:54,1.859375,1
2026-08-14 11:55:54,1.859375,1
2026-08-14 11:55:54,1.859375,1
2026-08-14 11:55:54,1.859375,1
2026-08-14 11:55:54,1.859375,1
2026-08-14 11:55:54,1.859375,1
2026-08-14 11:55:54,1.859375,1
2026-08-14 11:55:55,1.859375,1
2026-08-14 11:55:55,1.859375,1
2026-08-14 11:55:55,4.25,1
2026-08-14 11:55:55,4.25,1
2026-08-14 11:55:55,4.140625,1
2026-08-14 11:55:55,4.140625,1
2026-08-14 11:55:55,4.140625,1
2026-08-14 11:55:55,4.140625,1
2026-08-14 11:55:55,4.140625,1
2026-08-14 11:55:55,4.140625,1
2026-08-14 11:55:55,4.140625,1
2026-08-14 11:55:55,4.140625,1
2026-08-14 11:55:55,2.78125,1
2026-08-14 11:55:55,2.78125,1
2026-08-14 11:55:55,2.625,1
2026-08-14 11:55:55,2.625,1
2026-08-14 11:55:55,2.625,1
2026-08-14 11:55:55,2.625,1
2026-08-14 11:55:55,2.625,1
2026-08-14 11:55:55,2.625,1
2026-08-14 11:55:56,2.625,1
2026-08-14 11:55:56,2.625,1
2026-08-14 11:55:56,2.296875,1
2026-08-14 11:55:56,2.296875,1
2026-08-14 11:55:56,2.359375,1
2026-08-14 11:55:56,2.359375,1
2026-08-14 11:55:56,2.4375,1
2026-08-14 11:55:56,2.4375,1
2026-08-14 11:55:56,2.4375,1
2026-08-14 11:55:56,2.4375,1
2026-08-14 11:55:56,2.4375,1
2026-08-14 11:55:56,2.4375,1
2026-08-14 11:55:56,2.921875,1
2026-08-14 11:55:56,2.921875,1
2026-08-14 11:55:56,2.921875,1
2026-08-14 11:55:56,2.921875,1
2026-08-14 11:55:56,2.984375,1
2026-08-14 11:55:56,2.984375,1
2026-08-14 11:55:56,3.0,1
2026-08-14 11:55:56,3.0,1
2026-08-14 11:55:57,3.0,1
2026-08-14 11:55:57,3.0,1
2026-08-14 11:55:57,3.0,1
2026-08-14 11:55:57,3.0,1
2026-08-14 11:55:57,4.28125,1
2026-08-14 11:55:57,4.28125,1
2026-08-14 11:55:57,4.453125,1
2026-08-14 11:55:57,4.453125,1
2026-08-14 11:55:57,4.453125,1
2026-08-14 11:55:57,4.453125,1
2026-08-14 11:55:57,4.453125,1
2026-08-14 11:55:57,4.453125,1
2026-08-14 11:55:57,4.453125,1
2026-08-14 11:55:57,4.453125,1
2026-08-14 11:55:57,4.46875,1
2026-08-14 11:55:57,4.46875,1
2026-08-14 11:55:57,4.46875,1
2026-08-14 11:55:57,4.46875,1
2026-08-14 11:55:57,4.5625,1
2026-08-14 11:55:57,4.5625,1
2026-08-14 11:55:58,4.625,1
2026-08-14 11:55:58,4.625,1
2026-08-14 11:55:58,4.625,1
2026-08-14 11:55:58,4.625,1
2026-08-14 11:55:58,4.625,1
2026-08-14 11:55:58,4.625,1
2026-08-14 11:55:58,8.0,1
2026-08-14 11:55:58,8.0,1
2026-08-14 11:55:58,7.859375,1
2026-08-14 11:55:58,7.859375,1
2026-08-14 11:55:58,7.65625,1
2026-08-14 11:55:58,7.65625,1
2026-08-14 11:55:58,7.71875,1
2026-08-14 11:55:58,7.71875,1
2026-08-14 11:55:58,7.71875,1
2026-08-14 11:55:58,7.71875,1
2026-08-14 11:55:58,7.71875,1
2026-08-14 11:55:58,7.71875,1
2026-08-14 11:55:58,7.71875,1
2026-08-14 11:55:58,7.71875,1
2026-08-14 11:55:59,12.828125,1
2026-08-14 11:55:59,12.828125,1
2026-08-14 11:55:59,13.0625,1
2026-08-14 11:55:59,13.0625,1
2026-08-14 11:55:59,13.578125,1
2026-08-14 11:55:59,13.578125,1
2026-08-14 11:55:59,13.578125,1
2026-08-14 11:55:59,13.578125,1
2026-08-14 11:55:59,13.578125,1
2026-08-14 11:55:59,13.578125,1
2026-08-14 11:55:59,13.578125,1
2026-08-14 11:55:59,13.578125,1
2026-08-14 11:55:59,13.578125,1
2026-08-14 11:55:59,13.578125,1
2026-08-14 11:55:59,19.25,1
2026-08-14 11:55:59,19.25,1
2026-08-14 11:55:59,18.984375,1
2026-08-14 11:55:59,18.984375,1
2026-08-14 11:55:59,18.984375,1
2026-08-14 11:55:59,18.984375,1
2026-08-14 11:56:00,18.984375,1
2026-08-14 11:56:00,18.984375,1
2026-08-14 11:56:00,18.984375,1
2026-08-14 11:56:00,18.984375,1
2026-08-14 11:56:00,20.421875,1
2026-08-14 11:56:00,20.421875,1
2026-08-14 11:56:00,20.640625,1
2026-08-14 11:56:00,20.640625,1
2026-08-14 11:56:00,20.65625,1
2026-08-14 11:56:00,20.65625,1
2026-08-14 11:56:00,20.65625,1
2026-08-14 11:56:00,20.65625,1
2026-08-14 11:56:00,20.65625,1
2026-08-14 11:56:00,20.65625,1
2026-08-14 11:56:00,20.65625,1
2026-08-14 11:56:00,20.65625,1
2026-08-14 11:56:00,20.65625,1
2026-08-14 11:56:00,20.65625,1
2026-08-14 11:56:00,23.375,1
2026-08-14 11:56:00,23.375,1
2026-08-14 11:56:01,23.28125,1
2026-08-14 11:56:01,23.28125,1
2026-08-14 11:56:01,23.28125,1
2026-08-14 11:56:01,23.28125,1
2026-08-14 11:56:01,23.28125,1
2026-08-14 11:56:01,23.28125,1
2026-08-14 11:56:01,23.28125,1
2026-08-14 11:56:01,23.28125,1
2026-08-14 11:56:01,23.375,1
2026-08-14 11:56:01,23.375,1
2026-08-14 11:56:01,23.515625,1
2026-08-14 11:56:01,23.515625,1
2026-08-14 11:56:01,23.515625,1
2026-08-14 11:56:01,23.515625,1
2026-08-14 11:56:01,23.515625,1
2026-08-14 11:56:01,23.515625,1
2026-08-14 11:56:01,23.515625,1
2026-08-14 11:56:01,23.515625,1
2026-08-14 11:56:01,23.515625,1
2026-08-14 11:56:01,23.515625,1
2026-08-14 11:56:02,23.203125,1
2026-08-14 11:56:02,23.203125,1
2026-08-14 11:56:02,23.0625,1
2026-08-14 11:56:02,23.0625,1
2026-08-14 11:56:02,23.0625,1
2026-08-14 11:56:02,23.0625,1
2026-08-14 11:56:02,23.0625,1
2026-08-14 11:56:02,23.0625,1
2026-08-14 11:56:02,23.0625,1
2026-08-14 11:56:02,23.0625,1
2026-08-14 11:56:02,22.59375,1
2026-08-14 11:56:02,22.59375,1
2026-08-14 11:56:02,22.578125,1
2026-08-14 11:56:02,22.578125,1
2026-08-14 11:56:02,22.4375,1
2026-08-14 11:56:02,22.4375,1
2026-08-14 11:56:02,22.4375,1
2026-08-14 11:56:02,22.4375,1
2026-08-14 11:56:02,22.4375,1
2026-08-14 11:56:02,22.4375,1
2026-08-14 11:56:03,22.4375,1
2026-08-14 11:56:03,22.4375,1
2026-08-14 11:56:03,22.25,1
2026-08-14 11:56:03,22.25,1
2026-08-14 11:56:03,22.515625,1
2026-08-14 11:56:03,22.515625,1
2026-08-14 11:56:03,22.5,1
2026-08-14 11:56:03,22.5,1
2026-08-14 11:56:03,22.5,1
2026-08-14 11:56:03,22.5,1
2026-08-14 11:56:03,22.5,1
2026-08-14 11:56:03,22.5,1
2026-08-14 11:56:03,22.5,1
2026-08-14 11:56:03,22.5,1
2026-08-14 11:56:03,22.5,1
2026-08-14 11:56:03,22.5,1
2026-08-14 11:56:03,22.4375,1
2026-08-14 11:56:03,22.4375,1
2026-08-14 11:56:03,22.4375,1
2026-08-14 11:56:03,22.4375,1
2026-08-14 11:56:04,22.4375,1
2026-08-14 11:56:04,22.4375,1
2026-08-14 11:56:04,22.4375,1
2026-08-14 11:56:04,22.4375,1
2026-08-14 11:56:04,22.4375,1
2026-08-14 11:56:04,22.4375,1
2026-08-14 11:56:04,23.421875,1
2026-08-14 11:56:04,23.421875,1
2026-08-14 11:56:04,23.390625,1
2026-08-14 11:56:04,23.390625,1
2026-08-14 11:56:04,23.390625,1
2026-08-14 11:56:04,23.390625,1
2026-08-14 11:56:04,23.390625,1
2026-08-14 11:56:04,23.390625,1
2026-08-14 11:56:04,23.390625,1
2026-08-14 11:56:04,23.390625,1
2026-08-14 11:56:04,22.8125,1
2026-08-14 11:56:04,22.8125,1
2026-08-14 11:56:04,22.6875,1
2026-08-14 11:56:04,22.6875,1
2026-08-14 11:56:05,22.609375,1
2026-08-14 11:56:05,22.609375,1
2026-08-14 11:56:05,22.609375,1
2026-08-14 11:56:05,22.609375,1
2026-08-14 11:56:05,22.609375,1
2026-08-14 11:56:05,22.609375,1
2026-08-14 11:56:05,22.609375,1
2026-08-14 11:56:05,22.609375,1
2026-08-14 11:56:05,22.609375,1
2026-08-14 11:56:05,22.609375,1
2026-08-14 11:56:05,23.078125,1
2026-08-14 11:56:05,23.078125,1
2026-08-14 11:56:05,23.21875,1
2026-08-14 11:56:05,23.21875,1
2026-08-14 11:56:05,23.21875,1
2026-08-14 11:56:05,23.21875,1
2026-08-14 11:56:05,23.21875,1
2026-08-14 11:56:05,23.21875,1
2026-08-14 11:56:05,23.21875,1
2026-08-14 11:56:05,23.21875,1
2026-08-14 11:56:06,23.6875,1
2026-08-14 11:56:06,23.6875,1
2026-08-14 11:56:06,23.640625,1
2026-08-14 11:56:06,23.640625,1
2026-08-14 11:56:06,23.65625,1
2026-08-14 11:56:06,23.65625,1
2026-08-14 11:56:06,23.65625,1
2026-08-14 11:56:06,23.65625,1
2026-08-14 11:56:06,23.65625,1
2026-08-14 11:56:06,23.65625,1
2026-08-14 11:56:06,23.65625,1
2026-08-14 11:56:06,23.65625,1
2026-08-14 11:56:06,23.421875,1
2026-08-14 11:56:06,23.421875,1
2026-08-14 11:56:06,23.328125,1
2026-08-14 11:56:06,23.328125,1
2026-08-14 11:56:06,23.5,1
2026-08-14 11:56:06,23.5,1
2026-08-14 11:56:06,23.34375,1
2026-08-14 11:56:06,23.34375,1
2026-08-14 11:56:07,23.34375,1
2026-08-14 11:56:07,23.34375,1
2026-08-14 11:56:07,23.34375,1
2026-08-14 11:56:07,23.34375,1
2026-08-14 11:56:07,23.34375,1
2026-08-14 11:56:07,23.34375,1
2026-08-14 11:56:07,23.34375,1
2026-08-14 11:56:07,23.34375,1
2026-08-14 11:56:07,23.9375,1
2026-08-14 11:56:07,23.9375,1
2026-08-14 11:56:07,23.59375,1
2026-08-14 11:56:07,23.59375,1
2026-08-14 11:56:07,23.59375,1
2026-08-14 11:56:07,23.59375,1
2026-08-14 11:56:07,23.59375,1
2026-08-14 11:56:07,23.59375,1
2026-08-14 11:56:07,23.59375,1
2026-08-14 11:56:07,23.59375,1
2026-08-14 11:56:07,23.59375,1
2026-08-14 11:56:07,23.59375,1
2026-08-14 11:56:08,23.0625,1
2026-08-14 11:56:08,23.0625,1
2026-08-14 11:56:08,22.59375,1
2026-08-14 11:56:08,22.59375,1
2026-08-14 11:56:08,22.59375,1
2026-08-14 11:56:08,22.59375,1
2026-08-14 11:56:08,22.59375,1
2026-08-14 11:56:08,22.59375,1
2026-08-14 11:56:08,22.59375,1
2026-08-14 11:56:08,22.59375,1
2026-08-14 11:56:08,23.21875,1
2026-08-14 11:56:08,23.21875,1
2026-08-14 11:56:08,23.328125,1
2026-08-14 11:56:08,23.328125,1
2026-08-14 11:56:08,23.328125,1
2026-08-14 11:56:08,23.328125,1
2026-08-14 11:56:08,23.328125,1
2026-08-14 11:56:08,23.328125,1
2026-08-14 11:56:08,23.328125,1
2026-08-14 11:56:08,23.328125,1
2026-08-14 11:56:09,23.328125,1
2026-08-14 11:56:09,23.328125,1
2026-08-14 11:56:09,24.078125,1
2026-08-14 11:56:09,24.078125,1
2026-08-14 11:56:09,24.140625,1
2026-08-14 11:56:09,24.140625,1
2026-08-14 11:56:09,24.140625,1
2026-08-14 11:56:09,24.140625,1
2026-08-14 11:56:09,24.140625,1
2026-08-14 11:56:09,24.140625,1
2026-08-14 11:56:09,24.140625,1
2026-08-14 11:56:09,24.140625,1
2026-08-14 11:56:09,23.78125,1
2026-08-14 11:56:09,23.78125,1
2026-08-14 11:56:09,23.625,1
2026-08-14 11:56:09,23.625,1
2026-08-14 11:56:09,23.671875,1
2026-08-14 11:56:09,23.671875,1
2026-08-14 11:56:09,23.671875,1
2026-08-14 11:56:09,23.671875,1
2026-08-14 11:56:10,23.671875,1
2026-08-14 11:56:10,23.671875,1
2026-08-14 11:56:10,23.671875,1
2026-08-14 11:56:10,23.671875,1
2026-08-14 11:56:10,23.5,1
2026-08-14 11:56:10,23.5,1
2026-08-14 11:56:10,23.5625,1
2026-08-14 11:56:10,23.5625,1
2026-08-14 11:56:10,23.71875,1
2026-08-14 11:56:10,23.71875,1
2026-08-14 11:56:10,23.71875,1
2026-08-14 11:56:10,23.71875,1
2026-08-14 11:56:10,23.71875,1
2026-08-14 11:56:10,23.71875,1
2026-08-14 11:56:10,23.71875,1
2026-08-14 11:56:10,23.71875,1
2026-08-14 11:56:10,23.65625,1
2026-08-14 11:56:10,23.65625,1
2026-08-14 11:56:10,23.515625,1
2026-08-14 11:56:10,23.515625,1
2026-08-14 11:56:11,23.53125,1
2026-08-14 11:56:11,23.53125,1
2026-08-14 11:56:11,23.53125,1
2026-08-14 11:56:11,23.53125,1
2026-08-14 11:56:11,23.53125,1
2026-08-14 11:56:11,23.53125,1
2026-08-14 11:56:11,23.53125,1
2026-08-14 11:56:11,23.53125,1
2026-08-14 11:56:11,23.53125,1
2026-08-14 11:56:11,23.53125,1
2026-08-14 11:56:11,24.234375,1
2026-08-14 11:56:11,24.234375,1
2026-08-14 11:56:11,24.109375,1
2026-08-14 11:56:11,24.109375,1
2026-08-14 11:56:11,24.109375,1
2026-08-14 11:56:11,24.109375,1
2026-08-14 11:56:11,24.109375,1
2026-08-14 11:56:11,24.109375,1
2026-08-14 11:56:11,24.109375,1
2026-08-14 11:56:11,24.109375,1
2026-08-14 11:56:12,24.359375,1
2026-08-14 11:56:12,24.359375,1
2026-08-14 11:56:12,24.109375,1
2026-08-14 11:56:12,24.109375,1
2026-08-14 11:56:12,24.03125,1
2026-08-14 11:56:12,24.03125,1
2026-08-14 11:56:12,24.03125,1
2026-08-14 11:56:12,24.03125,1
2026-08-14 11:56:12,24.03125,1
2026-08-14 11:56:12,24.03125,1
2026-08-14 11:56:12,24.03125,1
2026-08-14 11:56:12,24.03125,1
2026-08-14 11:56:12,24.34375,1
2026-08-14 11:56:12,24.34375,1
2026-08-14 11:56:12,24.34375,1
2026-08-14 11:56:12,24.34375,1
2026-08-14 11:56:12,24.234375,1
2026-08-14 11:56:12,24.234375,1
2026-08-14 11:56:12,24.234375,1
2026-08-14 11:56:12,24.234375,1
2026-08-14 11:56:13,24.234375,1
2026-08-14 11:56:13,24.234375,1
2026-08-14 11:56:13,24.234375,1
2026-08-14 11:56:13,24.234375,1
2026-08-14 11:56:13,24.34375,1
2026-08-14 11:56:13,24.34375,1
2026-08-14 11:56:13,24.21875,1
2026-08-14 11:56:13,24.21875,1
2026-08-14 11:56:13,24.328125,1
2026-08-14 11:56:13,24.328125,1
2026-08-14 11:56:13,24.328125,1
2026-08-14 11:56:13,24.328125,1
2026-08-14 11:56:13,24.328125,1
2026-08-14 11:56:13,24.328125,1
2026-08-14 11:56:13,24.328125,1
2026-08-14 11:56:13,24.328125,1
2026-08-14 11:56:13,23.46875,1
2026-08-14 11:56:13,23.46875,1
2026-08-14 11:56:13,23.453125,1
2026-08-14 11:56:13,23.453125,1
2026-08-14 11:56:14,23.453125,1
2026-08-14 11:56:14,23.453125,1
2026-08-14 11:56:14,23.453125,1
2026-08-14 11:56:14,23.453125,1
2026-08-14 11:56:14,23.453125,1
2026-08-14 11:56:14,23.453125,1
2026-08-14 11:56:14,23.453125,1
2026-08-14 11:56:14,23.453125,1
2026-08-14 11:56:14,23.453125,1
2026-08-14 11:56:14,23.453125,1
2026-08-14 11:56:14,23.4375,1
2026-08-14 11:56:14,23.4375,1
2026-08-14 11:56:14,23.390625,1
2026-08-14 11:56:14,23.390625,1
2026-08-14 11:56:14,23.390625,1
2026-08-14 11:56:14,23.390625,1
2026-08-14 11:56:14,23.390625,1
2026-08-14 11:56:14,23.390625,1
2026-08-14 11:56:14,23.390625,1
2026-08-14 11:56:14,23.390625,1
2026-08-14 11:56:15,23.796875,1
2026-08-14 11:56:15,23.796875,1
2026-08-14 11:56:15,23.8125,1
2026-08-14 11:56:15,23.8125,1
2026-08-14 11:56:15,23.890625,1
2026-08-14 11:56:15,23.890625,1
2026-08-14 11:56:15,23.890625,1
2026-08-14 11:56:15,23.890625,1
2026-08-14 11:56:15,23.890625,1
2026-08-14 11:56:15,23.890625,1
2026-08-14 11:56:15,23.890625,1
2026-08-14 11:56:15,23.890625,1
2026-08-14 11:56:15,24.21875,1
2026-08-14 11:56:15,24.21875,1
2026-08-14 11:56:15,24.140625,1
2026-08-14 11:56:15,24.140625,1
2026-08-14 11:56:15,24.140625,1
2026-08-14 11:56:15,24.140625,1
2026-08-14 11:56:15,24.140625,1
2026-08-14 11:56:15,24.140625,1
2026-08-14 11:56:16,24.140625,1
2026-08-14 11:56:16,24.140625,1
2026-08-14 11:56:16,24.140625,1
2026-08-14 11:56:16,24.140625,1
2026-08-14 11:56:16,24.25,1
2026-08-14 11:56:16,24.25,1
2026-08-14 11:56:16,24.03125,1
2026-08-14 11:56:16,24.03125,1
2026-08-14 11:56:16,24.03125,1
2026-08-14 11:56:16,24.03125,1
2026-08-14 11:56:16,24.03125,1
2026-08-14 11:56:16,24.03125,1
2026-08-14 11:56:16,24.03125,1
2026-08-14 11:56:16,24.03125,1
2026-08-14 11:56:16,23.625,1
2026-08-14 11:56:16,23.625,1
2026-08-14 11:56:16,23.703125,1
2026-08-14 11:56:16,23.703125,1
2026-08-14 11:56:16,23.625,1
2026-08-14 11:56:16,23.625,1
2026-08-14 11:56:17,23.625,1
2026-08-14 11:56:17,23.625,1
2026-08-14 11:56:17,23.625,1
2026-08-14 11:56:17,23.625,1
2026-08-14 11:56:17,23.625,1
2026-08-14 11:56:17,23.625,1
2026-08-14 11:56:17,23.625,1
2026-08-14 11:56:17,23.625,1
2026-08-14 11:56:17,23.75,1
2026-08-14 11:56:17,23.75,1
2026-08-14 11:56:17,23.84375,1
2026-08-14 11:56:17,23.84375,1
2026-08-14 11:56:17,23.84375,1
2026-08-14 11:56:17,23.84375,1
2026-08-14 11:56:17,23.84375,1
2026-08-14 11:56:17,23.84375,1
2026-08-14 11:56:17,23.984375,1
2026-08-14 11:56:17,23.984375,1
2026-08-14 11:56:17,23.984375,1
2026-08-14 11:56:17,23.984375,1
2026-08-14 11:56:18,23.828125,1
2026-08-14 11:56:18,23.828125,1
2026-08-14 11:56:18,23.90625,1
2026-08-14 11:56:18,23.90625,1
2026-08-14 11:56:18,23.90625,1
2026-08-14 11:56:18,23.90625,1
2026-08-14 11:56:18,23.90625,1
2026-08-14 11:56:18,23.90625,1
2026-08-14 11:56:18,23.90625,1
2026-08-14 11:56:18,23.90625,1
2026-08-14 11:56:18,24.1875,1
2026-08-14 11:56:18,24.1875,1
2026-08-14 11:56:18,24.078125,1
2026-08-14 11:56:18,24.078125,1
2026-08-14 11:56:18,24.015625,1
2026-08-14 11:56:18,24.015625,1
2026-08-14 11:56:18,24.015625,1
2026-08-14 11:56:18,24.015625,1
2026-08-14 11:56:18,24.015625,1
2026-08-14 11:56:18,24.015625,1
2026-08-14 11:56:19,24.015625,1
2026-08-14 11:56:19,24.015625,1
2026-08-14 11:56:19,23.515625,1
2026-08-14 11:56:19,23.515625,1
2026-08-14 11:56:19,23.421875,1
2026-08-14 11:56:19,23.421875,1
2026-08-14 11:56:19,23.53125,1
2026-08-14 11:56:19,23.53125,1
2026-08-14 11:56:19,23.53125,1
2026-08-14 11:56:19,23.53125,1
2026-08-14 11:56:19,23.53125,1
2026-08-14 11:56:19,23.53125,1
2026-08-14 11:56:19,23.078125,1
2026-08-14 11:56:19,23.078125,1
2026-08-14 11:56:19,23.0,1
2026-08-14 11:56:19,23.0,1
2026-08-14 11:56:19,23.0625,1
2026-08-14 11:56:19,23.0625,1
2026-08-14 11:56:19,23.0625,1
2026-08-14 11:56:19,23.0625,1
2026-08-14 11:56:20,23.0625,1
2026-08-14 11:56:20,23.0625,1
2026-08-14 11:56:20,23.0625,1
2026-08-14 11:56:20,23.0625,1
2026-08-14 11:56:20,23.53125,1
2026-08-14 11:56:20,23.53125,1
2026-08-14 11:56:20,23.59375,1
2026-08-14 11:56:20,23.59375,1
2026-08-14 11:56:20,23.59375,1
2026-08-14 11:56:20,23.59375,1
2026-08-14 11:56:20,23.59375,1
2026-08-14 11:56:20,23.59375,1
2026-08-14 11:56:20,23.78125,1
2026-08-14 11:56:20,23.78125,1
2026-08-14 11:56:20,23.8125,1
2026-08-14 11:56:20,23.8125,1
2026-08-14 11:56:20,23.921875,1
2026-08-14 11:56:20,23.921875,1
2026-08-14 11:56:20,23.921875,1
2026-08-14 11:56:20,23.921875,1
2026-08-14 11:56:21,23.921875,1
2026-08-14 11:56:21,23.921875,1
2026-08-14 11:56:21,23.921875,1
2026-08-14 11:56:21,23.921875,1
2026-08-14 11:56:21,23.984375,1
2026-08-14 11:56:21,23.984375,1
2026-08-14 11:56:21,23.953125,1
2026-08-14 11:56:21,23.953125,1
2026-08-14 11:56:21,24.140625,1
2026-08-14 11:56:21,24.140625,1
2026-08-14 11:56:21,24.140625,1
2026-08-14 11:56:21,24.140625,1
2026-08-14 11:56:21,24.140625,1
2026-08-14 11:56:21,24.140625,1
2026-08-14 11:56:21,24.140625,1
2026-08-14 11:56:21,24.140625,1
2026-08-14 11:56:21,23.28125,1
2026-08-14 11:56:21,23.28125,1
2026-08-14 11:56:21,23.34375,1
2026-08-14 11:56:21,23.34375,1
2026-08-14 11:56:22,23.203125,1
2026-08-14 11:56:22,23.203125,1
2026-08-14 11:56:22,23.203125,1
2026-08-14 11:56:22,23.203125,1
2026-08-14 11:56:22,23.203125,1
2026-08-14 11:56:22,23.203125,1
2026-08-14 11:56:22,23.203125,1
2026-08-14 11:56:22,23.203125,1
2026-08-14 11:56:22,23.046875,1
2026-08-14 11:56:22,23.046875,1
2026-08-14 11:56:22,22.9375,1
2026-08-14 11:56:22,22.9375,1
2026-08-14 11:56:22,22.859375,1
2026-08-14 11:56:22,22.859375,1
2026-08-14 11:56:22,22.859375,1
2026-08-14 11:56:22,22.859375,1
2026-08-14 11:56:22,22.859375,1
2026-08-14 11:56:22,22.859375,1
2026-08-14 11:56:22,23.625,1
2026-08-14 11:56:22,23.625,1
2026-08-14 11:56:23,23.59375,1
2026-08-14 11:56:23,23.59375,1
2026-08-14 11:56:23,23.609375,1
2026-08-14 11:56:23,23.609375,1
2026-08-14 11:56:23,23.65625,1
2026-08-14 11:56:23,23.65625,1
2026-08-14 11:56:23,23.65625,1
2026-08-14 11:56:23,23.65625,1
2026-08-14 11:56:23,23.65625,1
2026-08-14 11:56:23,23.65625,1
2026-08-14 11:56:23,23.5,1
2026-08-14 11:56:23,23.5,1
2026-08-14 11:56:23,23.390625,1
2026-08-14 11:56:23,23.390625,1
2026-08-14 11:56:23,23.421875,1
2026-08-14 11:56:23,23.421875,1
2026-08-14 11:56:23,23.5,1
2026-08-14 11:56:23,23.5,1
2026-08-14 11:56:23,23.5,1
2026-08-14 11:56:23,23.5,1
2026-08-14 11:56:24,23.5,1
2026-08-14 11:56:24,23.5,1
2026-08-14 11:56:24,22.96875,1
2026-08-14 11:56:24,22.96875,1
2026-08-14 11:56:24,22.96875,1
2026-08-14 11:56:24,22.96875,1
2026-08-14 11:56:24,22.96875,1
2026-08-14 11:56:24,22.96875,1
2026-08-14 11:56:24,22.984375,1
2026-08-14 11:56:24,22.984375,1
2026-08-14 11:56:24,22.984375,1
2026-08-14 11:56:24,22.984375,1
2026-08-14 11:56:24,22.984375,1
2026-08-14 11:56:24,22.984375,1
2026-08-14 11:56:24,22.984375,1
2026-08-14 11:56:24,22.984375,1
2026-08-14 11:56:24,23.59375,1
2026-08-14 11:56:24,23.59375,1
2026-08-14 11:56:24,23.5,1
2026-08-14 11:56:24,23.5,1
2026-08-14 11:56:25,23.578125,1
2026-08-14 11:56:25,23.578125,1
2026-08-14 11:56:25,23.578125,1
2026-08-14 11:56:25,23.578125,1
2026-08-14 11:56:25,23.578125,1
2026-08-14 11:56:25,23.578125,1
2026-08-14 11:56:25,24.21875,1
2026-08-14 11:56:25,24.21875,1
2026-08-14 11:56:25,24.15625,1
2026-08-14 11:56:25,24.15625,1
2026-08-14 11:56:25,24.15625,1
2026-08-14 11:56:25,24.15625,1
2026-08-14 11:56:25,24.15625,1
2026-08-14 11:56:25,24.15625,1
2026-08-14 11:56:25,24.15625,1
2026-08-14 11:56:25,24.15625,1
2026-08-14 11:56:25,24.15625,1
2026-08-14 11:56:25,24.15625,1
2026-08-14 11:56:25,24.15625,1
2026-08-14 11:56:25,24.15625,1
2026-08-14 11:56:26,23.4375,1
2026-08-14 11:56:26,23.4375,1
2026-08-14 11:56:26,23.390625,1
2026-08-14 11:56:26,23.390625,1
2026-08-14 11:56:26,23.390625,1
2026-08-14 11:56:26,23.390625,1
2026-08-14 11:56:26,23.390625,1
2026-08-14 11:56:26,23.390625,1
2026-08-14 11:56:26,23.390625,1
2026-08-14 11:56:26,23.390625,1
2026-08-14 11:56:26,23.15625,1
2026-08-14 11:56:26,23.15625,1
2026-08-14 11:56:26,23.09375,1
2026-08-14 11:56:26,23.09375,1
2026-08-14 11:56:26,23.09375,1
2026-08-14 11:56:26,23.09375,1
2026-08-14 11:56:26,23.09375,1
2026-08-14 11:56:26,23.09375,1
2026-08-14 11:56:26,23.09375,1
2026-08-14 11:56:26,23.09375,1
2026-08-14 11:56:27,23.09375,1
2026-08-14 11:56:27,23.09375,1
2026-08-14 11:56:27,22.65625,1
2026-08-14 11:56:27,22.65625,1
2026-08-14 11:56:27,22.640625,1
2026-08-14 11:56:27,22.640625,1
2026-08-14 11:56:27,22.640625,1
2026-08-14 11:56:27,22.640625,1
2026-08-14 11:56:27,22.640625,1
2026-08-14 11:56:27,22.640625,1
2026-08-14 11:56:27,22.640625,1
2026-08-14 11:56:27,22.640625,1
2026-08-14 11:56:27,22.515625,1
2026-08-14 11:56:27,22.515625,1
2026-08-14 11:56:27,22.09375,1
2026-08-14 11:56:27,22.09375,1
2026-08-14 11:56:27,22.09375,1
2026-08-14 11:56:27,22.09375,1
2026-08-14 11:56:27,22.09375,1
2026-08-14 11:56:27,22.09375,1
2026-08-14 11:56:28,22.09375,1
2026-08-14 11:56:28,22.09375,1
2026-08-14 11:56:28,22.015625,1
2026-08-14 11:56:28,22.015625,1
2026-08-14 11:56:28,22.265625,1
2026-08-14 11:56:28,22.265625,1
2026-08-14 11:56:28,22.171875,1
2026-08-14 11:56:28,22.171875,1
2026-08-14 11:56:28,22.171875,1
2026-08-14 11:56:28,22.171875,1
2026-08-14 11:56:28,22.171875,1
2026-08-14 11:56:28,22.171875,1
2026-08-14 11:56:28,22.171875,1
2026-08-14 11:56:28,22.171875,1
2026-08-14 11:56:28,22.5,1
2026-08-14 11:56:28,22.5,1
2026-08-14 11:56:28,22.109375,1
2026-08-14 11:56:28,22.109375,1
2026-08-14 11:56:28,22.109375,1
2026-08-14 11:56:28,22.109375,1
2026-08-14 11:56:29,22.109375,1
2026-08-14 11:56:29,22.109375,1
2026-08-14 11:56:29,22.109375,1
2026-08-14 11:56:29,22.109375,1
2026-08-14 11:56:29,22.140625,1
2026-08-14 11:56:29,22.140625,1
2026-08-14 11:56:29,22.15625,1
2026-08-14 11:56:29,22.15625,1
2026-08-14 11:56:29,22.0625,1
2026-08-14 11:56:29,22.0625,1
2026-08-14 11:56:29,22.0625,1
2026-08-14 11:56:29,22.0625,1
2026-08-14 11:56:29,22.0625,1
2026-08-14 11:56:29,22.0625,1
2026-08-14 11:56:29,22.0625,1
2026-08-14 11:56:29,22.0625,1
2026-08-14 11:56:29,21.90625,1
2026-08-14 11:56:29,21.90625,1
2026-08-14 11:56:29,21.890625,1
2026-08-14 11:56:29,21.890625,1
2026-08-14 11:56:30,21.9375,1
2026-08-14 11:56:30,21.9375,1
2026-08-14 11:56:30,21.9375,1
2026-08-14 11:56:30,21.9375,1
2026-08-14 11:56:30,21.9375,1
2026-08-14 11:56:30,21.9375,1
2026-08-14 11:56:30,21.9375,1
2026-08-14 11:56:30,21.9375,1
2026-08-14 11:56:30,22.40625,1
2026-08-14 11:56:30,22.40625,1
2026-08-14 11:56:30,22.5,1
2026-08-14 11:56:30,22.5,1
2026-08-14 11:56:30,22.5,1
2026-08-14 11:56:30,22.5,1
2026-08-14 11:56:30,22.5,1
2026-08-14 11:56:30,22.5,1
2026-08-14 11:56:30,22.5,1
2026-08-14 11:56:30,22.5,1
2026-08-14 11:56:30,22.78125,1
2026-08-14 11:56:30,22.78125,1
2026-08-14 11:56:31,22.78125,1
2026-08-14 11:56:31,22.78125,1
2026-08-14 11:56:31,22.78125,1
2026-08-14 11:56:31,22.78125,1
2026-08-14 11:56:31,22.78125,1
2026-08-14 11:56:31,22.78125,1
2026-08-14 11:56:31,22.78125,1
2026-08-14 11:56:31,22.78125,1
2026-08-14 11:56:31,22.671875,1
2026-08-14 11:56:31,22.671875,1
2026-08-14 11:56:31,22.78125,1
2026-08-14 11:56:31,22.78125,1
2026-08-14 11:56:31,22.78125,1
2026-08-14 11:56:31,22.78125,1
2026-08-14 11:56:31,22.78125,1
2026-08-14 11:56:31,22.78125,1
2026-08-14 11:56:31,22.78125,1
2026-08-14 11:56:31,22.78125,1
2026-08-14 11:56:31,22.09375,1
2026-08-14 11:56:31,22.09375,1
2026-08-14 11:56:32,22.09375,1
2026-08-14 11:56:32,22.09375,1
2026-08-14 11:56:32,22.09375,1
2026-08-14 11:56:32,22.09375,1
2026-08-14 11:56:32,22.09375,1
2026-08-14 11:56:32,22.09375,1
2026-08-14 11:56:32,22.09375,1
2026-08-14 11:56:32,22.09375,1
2026-08-14 11:56:32,22.109375,1
2026-08-14 11:56:32,22.109375,1
2026-08-14 11:56:32,22.21875,1
2026-08-14 11:56:32,22.21875,1
2026-08-14 11:56:32,21.8125,1
2026-08-14 11:56:32,21.8125,1
2026-08-14 11:56:32,21.8125,1
2026-08-14 11:56:32,21.8125,1
2026-08-14 11:56:32,21.8125,1
2026-08-14 11:56:32,21.8125,1
2026-08-14 11:56:32,21.8125,1
2026-08-14 11:56:32,21.8125,1
2026-08-14 11:56:33,21.8125,1
2026-08-14 11:56:33,21.8125,1
2026-08-14 11:56:33,21.515625,1
2026-08-14 11:56:33,21.515625,1
2026-08-14 11:56:33,21.546875,1
2026-08-14 11:56:33,21.546875,1
2026-08-14 11:56:33,21.546875,1
2026-08-14 11:56:33,21.546875,1
2026-08-14 11:56:33,21.546875,1
2026-08-14 11:56:33,21.546875,1
2026-08-14 11:56:33,21.546875,1
2026-08-14 11:56:33,21.546875,1
2026-08-14 11:56:33,18.828125,1
2026-08-14 11:56:33,18.828125,1
2026-08-14 11:56:33,20.21875,1
2026-08-14 11:56:33,20.21875,1
2026-08-14 11:56:33,20.21875,1
2026-08-14 11:56:33,20.21875,1
2026-08-14 11:56:33,20.21875,1
2026-08-14 11:56:33,20.21875,1
2026-08-14 11:56:34,20.21875,1
2026-08-14 11:56:34,20.21875,1
2026-08-14 11:56:34,20.21875,1
2026-08-14 11:56:34,20.21875,1
2026-08-14 11:56:34,21.75,1
2026-08-14 11:56:34,21.75,1
2026-08-14 11:56:34,22.171875,1
2026-08-14 11:56:34,22.171875,1
2026-08-14 11:56:34,22.171875,1
2026-08-14 11:56:34,22.171875,1
2026-08-14 11:56:34,22.171875,1
2026-08-14 11:56:34,22.171875,1
2026-08-14 11:56:34,22.171875,1
2026-08-14 11:56:34,22.171875,1
2026-08-14 11:56:34,21.46875,1
2026-08-14 11:56:34,21.46875,1
2026-08-14 11:56:34,21.390625,1
2026-08-14 11:56:34,21.390625,1
2026-08-14 11:56:34,21.375,1
2026-08-14 11:56:34,21.375,1
2026-08-14 11:56:35,21.375,1
2026-08-14 11:56:35,21.375,1
2026-08-14 11:56:35,21.375,1
2026-08-14 11:56:35,21.375,1
2026-08-14 11:56:35,21.375,1
2026-08-14 11:56:35,21.375,1
2026-08-14 11:56:35,21.375,1
2026-08-14 11:56:35,21.375,1
2026-08-14 11:56:35,22.390625,1
2026-08-14 11:56:35,22.390625,1
2026-08-14 11:56:35,22.65625,1
2026-08-14 11:56:35,22.65625,1
2026-08-14 11:56:35,22.65625,1
2026-08-14 11:56:35,22.65625,1
2026-08-14 11:56:35,22.65625,1
2026-08-14 11:56:35,22.65625,1
2026-08-14 11:56:35,22.65625,1
2026-08-14 11:56:35,22.65625,1
2026-08-14 11:56:35,22.265625,1
2026-08-14 11:56:35,22.265625,1
2026-08-14 11:56:36,22.375,1
2026-08-14 11:56:36,22.375,1
2026-08-14 11:56:36,22.53125,1
2026-08-14 11:56:36,22.53125,1
2026-08-14 11:56:36,22.53125,1
2026-08-14 11:56:36,22.53125,1
2026-08-14 11:56:36,22.53125,1
2026-08-14 11:56:36,22.53125,1
2026-08-14 11:56:36,22.53125,1
2026-08-14 11:56:36,22.53125,1
2026-08-14 11:56:36,22.53125,1
2026-08-14 11:56:36,22.53125,1
2026-08-14 11:56:36,22.625,1
2026-08-14 11:56:36,22.625,1
2026-08-14 11:56:36,22.65625,1
2026-08-14 11:56:36,22.65625,1
2026-08-14 11:56:36,22.65625,1
2026-08-14 11:56:36,22.65625,1
2026-08-14 11:56:36,22.65625,1
2026-08-14 11:56:36,22.65625,1
2026-08-14 11:56:37,22.65625,1
2026-08-14 11:56:37,22.65625,1
2026-08-14 11:56:37,22.65625,1
2026-08-14 11:56:37,22.65625,1
2026-08-14 11:56:37,23.5625,1
2026-08-14 11:56:37,23.5625,1
2026-08-14 11:56:37,23.609375,1
2026-08-14 11:56:37,23.609375,1
2026-08-14 11:56:37,23.609375,1
2026-08-14 11:56:37,23.609375,1
2026-08-14 11:56:37,23.609375,1
2026-08-14 11:56:37,23.609375,1
2026-08-14 11:56:37,23.609375,1
2026-08-14 11:56:37,23.609375,1
2026-08-14 11:56:37,23.609375,1
2026-08-14 11:56:37,23.609375,1
2026-08-14 11:56:37,23.921875,1
2026-08-14 11:56:37,23.921875,1
2026-08-14 11:56:37,23.984375,1
2026-08-14 11:56:37,23.984375,1
2026-08-14 11:56:38,23.984375,1
2026-08-14 11:56:38,23.984375,1
2026-08-14 11:56:38,23.984375,1
2026-08-14 11:56:38,23.984375,1
2026-08-14 11:56:38,23.984375,1
2026-08-14 11:56:38,23.984375,1
2026-08-14 11:56:38,24.4375,1
2026-08-14 11:56:38,24.4375,1
2026-08-14 11:56:38,24.390625,1
2026-08-14 11:56:38,24.390625,1
2026-08-14 11:56:38,24.40625,1
2026-08-14 11:56:38,24.40625,1
2026-08-14 11:56:38,24.40625,1
2026-08-14 11:56:38,24.40625,1
2026-08-14 11:56:38,24.40625,1
2026-08-14 11:56:38,24.40625,1
2026-08-14 11:56:38,24.71875,1
2026-08-14 11:56:38,24.71875,1
2026-08-14 11:56:38,24.71875,1
2026-08-14 11:56:38,24.71875,1
2026-08-14 11:56:39,24.828125,1
2026-08-14 11:56:39,24.828125,1
2026-08-14 11:56:39,24.84375,1
2026-08-14 11:56:39,24.84375,1
2026-08-14 11:56:39,24.84375,1
2026-08-14 11:56:39,24.84375,1
2026-08-14 11:56:39,24.84375,1
2026-08-14 11:56:39,24.84375,1
2026-08-14 11:56:39,25.015625,1
2026-08-14 11:56:39,25.015625,1
2026-08-14 11:56:39,25.015625,1
2026-08-14 11:56:39,25.015625,1
2026-08-14 11:56:39,25.09375,1
2026-08-14 11:56:39,25.09375,1
2026-08-14 11:56:39,25.078125,1
2026-08-14 11:56:39,25.078125,1
2026-08-14 11:56:39,25.078125,1
2026-08-14 11:56:39,25.078125,1
2026-08-14 11:56:39,25.078125,1
2026-08-14 11:56:39,25.078125,1
2026-08-14 11:56:40,25.078125,1
2026-08-14 11:56:40,25.078125,1
2026-08-14 11:56:40,25.078125,1
2026-08-14 11:56:40,25.078125,1
2026-08-14 11:56:40,25.40625,1
2026-08-14 11:56:40,25.40625,1
2026-08-14 11:56:40,25.40625,1
2026-08-14 11:56:40,25.40625,1
2026-08-14 11:56:40,25.40625,1
2026-08-14 11:56:40,25.40625,1
2026-08-14 11:56:40,25.40625,1
2026-08-14 11:56:40,25.40625,1
2026-08-14 11:56:40,25.21875,1
2026-08-14 11:56:40,25.21875,1
2026-08-14 11:56:40,25.296875,1
2026-08-14 11:56:40,25.296875,1
2026-08-14 11:56:40,25.34375,1
2026-08-14 11:56:40,25.34375,1
2026-08-14 11:56:40,25.34375,1
2026-08-14 11:56:40,25.34375,1
2026-08-14 11:56:41,25.34375,1
2026-08-14 11:56:41,25.34375,1
2026-08-14 11:56:41,25.34375,1
2026-08-14 11:56:41,25.34375,1
2026-08-14 11:56:41,25.453125,1
2026-08-14 11:56:41,25.453125,1
2026-08-14 11:56:41,25.546875,1
2026-08-14 11:56:41,25.546875,1
2026-08-14 11:56:41,25.546875,1
2026-08-14 11:56:41,25.546875,1
2026-08-14 11:56:41,25.546875,1
2026-08-14 11:56:41,25.546875,1
2026-08-14 11:56:41,25.546875,1
2026-08-14 11:56:41,25.546875,1
2026-08-14 11:56:41,25.671875,1
2026-08-14 11:56:41,25.671875,1
2026-08-14 11:56:41,25.703125,1
2026-08-14 11:56:41,25.703125,1
2026-08-14 11:56:41,25.84375,1
2026-08-14 11:56:41,25.84375,1
2026-08-14 11:56:42,25.84375,1
2026-08-14 11:56:42,25.84375,1
2026-08-14 11:56:42,25.84375,1
2026-08-14 11:56:42,25.84375,1
2026-08-14 11:56:42,25.84375,1
2026-08-14 11:56:42,25.84375,1
2026-08-14 11:56:42,25.84375,1
2026-08-14 11:56:42,25.84375,1
2026-08-14 11:56:42,25.75,1
2026-08-14 11:56:42,25.75,1
2026-08-14 11:56:42,25.796875,1
2026-08-14 11:56:42,25.796875,1
2026-08-14 11:56:42,25.796875,1
2026-08-14 11:56:42,25.796875,1
2026-08-14 11:56:42,25.796875,1
2026-08-14 11:56:42,25.796875,1
2026-08-14 11:56:42,25.796875,1
2026-08-14 11:56:42,25.796875,1
2026-08-14 11:56:42,25.59375,1
2026-08-14 11:56:42,25.59375,1
2026-08-14 11:56:43,25.796875,1
2026-08-14 11:56:43,25.796875,1
2026-08-14 11:56:43,25.71875,1
2026-08-14 11:56:43,25.71875,1
2026-08-14 11:56:43,25.71875,1
2026-08-14 11:56:43,25.71875,1
2026-08-14 11:56:43,25.71875,1
2026-08-14 11:56:43,25.71875,1
2026-08-14 11:56:43,25.71875,1
2026-08-14 11:56:43,25.71875,1
2026-08-14 11:56:43,25.71875,1
2026-08-14 11:56:43,25.71875,1
2026-08-14 11:56:43,25.578125,1
2026-08-14 11:56:43,25.578125,1
2026-08-14 11:56:43,25.5,1
2026-08-14 11:56:43,25.5,1
2026-08-14 11:56:43,25.5,1
2026-08-14 11:56:43,25.5,1
2026-08-14 11:56:43,25.5,1
2026-08-14 11:56:43,25.5,1
2026-08-14 11:56:44,25.5,1
2026-08-14 11:56:44,25.5,1
2026-08-14 11:56:44,25.5,1
2026-08-14 11:56:44,25.5,1
2026-08-14 11:56:44,23.703125,1
2026-08-14 11:56:44,23.703125,1
2026-08-14 11:56:44,23.78125,1
2026-08-14 11:56:44,23.78125,1
2026-08-14 11:56:44,23.78125,1
2026-08-14 11:56:44,23.78125,1
2026-08-14 11:56:44,23.78125,1
2026-08-14 11:56:44,23.78125,1
2026-08-14 11:56:44,23.78125,1
2026-08-14 11:56:44,23.78125,1
2026-08-14 11:56:44,23.5,1
2026-08-14 11:56:44,23.5,1
2026-08-14 11:56:44,23.46875,1
2026-08-14 11:56:44,23.46875,1
2026-08-14 11:56:44,23.390625,1
2026-08-14 11:56:44,23.390625,1
2026-08-14 11:56:45,23.390625,1
2026-08-14 11:56:45,23.390625,1
2026-08-14 11:56:45,23.390625,1
2026-08-14 11:56:45,23.390625,1
2026-08-14 11:56:45,23.390625,1
2026-08-14 11:56:45,23.390625,1
2026-08-14 11:56:45,23.515625,1
2026-08-14 11:56:45,23.515625,1
2026-08-14 11:56:45,23.453125,1
2026-08-14 11:56:45,23.453125,1
2026-08-14 11:56:45,23.546875,1
2026-08-14 11:56:45,23.546875,1
2026-08-14 11:56:45,23.546875,1
2026-08-14 11:56:45,23.546875,1
2026-08-14 11:56:45,23.546875,1
2026-08-14 11:56:45,23.546875,1
2026-08-14 11:56:45,23.546875,1
2026-08-14 11:56:45,23.546875,1
2026-08-14 11:56:45,23.546875,1
2026-08-14 11:56:45,23.546875,1
2026-08-14 11:56:46,23.8125,1
2026-08-14 11:56:46,23.8125,1
2026-08-14 11:56:46,23.859375,1
2026-08-14 11:56:46,23.859375,1
2026-08-14 11:56:46,23.859375,1
2026-08-14 11:56:46,23.859375,1
2026-08-14 11:56:46,23.859375,1
2026-08-14 11:56:46,23.859375,1
2026-08-14 11:56:46,23.859375,1
2026-08-14 11:56:46,23.859375,1
2026-08-14 11:56:46,24.640625,1
2026-08-14 11:56:46,24.640625,1
2026-08-14 11:56:46,24.5,1
2026-08-14 11:56:46,24.5,1
2026-08-14 11:56:46,24.5,1
2026-08-14 11:56:46,24.5,1
2026-08-14 11:56:46,24.5,1
2026-08-14 11:56:46,24.5,1
2026-08-14 11:56:46,24.703125,1
2026-08-14 11:56:46,24.703125,1
2026-08-14 11:56:47,24.78125,1
2026-08-14 11:56:47,24.78125,1
2026-08-14 11:56:47,24.578125,1
2026-08-14 11:56:47,24.578125,1
2026-08-14 11:56:47,24.578125,1
2026-08-14 11:56:47,24.578125,1
2026-08-14 11:56:47,24.578125,1
2026-08-14 11:56:47,24.578125,1
2026-08-14 11:56:47,23.59375,1
2026-08-14 11:56:47,23.59375,1
2026-08-14 11:56:47,23.59375,1
2026-08-14 11:56:47,23.59375,1
2026-08-14 11:56:47,23.4375,1
2026-08-14 11:56:47,23.4375,1
2026-08-14 11:56:47,23.5,1
2026-08-14 11:56:47,23.5,1
2026-08-14 11:56:47,23.5,1
2026-08-14 11:56:47,23.5,1
2026-08-14 11:56:47,23.5,1
2026-08-14 11:56:47,23.5,1
2026-08-14 11:56:48,23.5,1
2026-08-14 11:56:48,23.5,1
2026-08-14 11:56:48,23.140625,1
2026-08-14 11:56:48,23.140625,1
2026-08-14 11:56:48,23.171875,1
2026-08-14 11:56:48,23.171875,1
2026-08-14 11:56:48,23.171875,1
2026-08-14 11:56:48,23.171875,1
2026-08-14 11:56:48,23.171875,1
2026-08-14 11:56:48,23.171875,1
2026-08-14 11:56:48,23.171875,1
2026-08-14 11:56:48,23.171875,1
2026-08-14 11:56:48,22.84375,1
2026-08-14 11:56:48,22.84375,1
2026-08-14 11:56:48,22.84375,1
2026-08-14 11:56:48,22.84375,1
2026-08-14 11:56:48,22.890625,1
2026-08-14 11:56:48,22.890625,1
2026-08-14 11:56:48,22.890625,1
2026-08-14 11:56:48,22.890625,1
2026-08-14 11:56:49,22.890625,1
2026-08-14 11:56:49,22.890625,1
2026-08-14 11:56:49,22.890625,1
2026-08-14 11:56:49,22.890625,1
2026-08-14 11:56:49,22.890625,1
2026-08-14 11:56:49,22.890625,1
2026-08-14 11:56:49,22.421875,1
2026-08-14 11:56:49,22.421875,1
2026-08-14 11:56:49,22.3125,1
2026-08-14 11:56:49,22.3125,1
2026-08-14 11:56:49,22.3125,1
2026-08-14 11:56:49,22.3125,1
2026-08-14 11:56:49,22.3125,1
2026-08-14 11:56:49,22.3125,1
2026-08-14 11:56:49,22.3125,1
2026-08-14 11:56:49,22.3125,1
2026-08-14 11:56:49,22.3125,1
2026-08-14 11:56:49,22.3125,1
2026-08-14 11:56:49,22.515625,1
2026-08-14 11:56:49,22.515625,1
2026-08-14 11:56:50,22.375,1
2026-08-14 11:56:50,22.375,1
2026-08-14 11:56:50,22.375,1
2026-08-14 11:56:50,22.375,1
2026-08-14 11:56:50,22.375,1
2026-08-14 11:56:50,22.375,1
2026-08-14 11:56:50,22.375,1
2026-08-14 11:56:50,22.375,1
2026-08-14 11:56:50,22.375,1
2026-08-14 11:56:50,22.375,1
2026-08-14 11:56:50,22.484375,1
2026-08-14 11:56:50,22.484375,1
2026-08-14 11:56:50,22.40625,1
2026-08-14 11:56:50,22.40625,1
2026-08-14 11:56:50,22.40625,1
2026-08-14 11:56:50,22.40625,1
2026-08-14 11:56:50,22.40625,1
2026-08-14 11:56:50,22.40625,1
2026-08-14 11:56:50,22.40625,1
2026-08-14 11:56:50,22.40625,1
2026-08-14 11:56:51,22.515625,1
2026-08-14 11:56:51,22.515625,1
2026-08-14 11:56:51,22.515625,1
2026-08-14 11:56:51,22.515625,1
2026-08-14 11:56:51,22.484375,1
2026-08-14 11:56:51,22.484375,1
2026-08-14 11:56:51,22.5625,1
2026-08-14 11:56:51,22.5625,1
2026-08-14 11:56:51,22.5625,1
2026-08-14 11:56:51,22.5625,1
2026-08-14 11:56:51,22.5625,1
2026-08-14 11:56:51,22.5625,1
2026-08-14 11:56:51,22.5625,1
2026-08-14 11:56:51,22.5625,1
2026-08-14 11:56:51,22.21875,1
2026-08-14 11:56:51,22.21875,1
2026-08-14 11:56:51,22.375,1
2026-08-14 11:56:51,22.375,1
2026-08-14 11:56:51,22.34375,1
2026-08-14 11:56:51,22.34375,1
2026-08-14 11:56:52,22.34375,1
2026-08-14 11:56:52,22.34375,1
2026-08-14 11:56:52,22.34375,1
2026-08-14 11:56:52,22.34375,1
2026-08-14 11:56:52,22.984375,1
2026-08-14 11:56:52,22.984375,1
2026-08-14 11:56:52,23.015625,1
2026-08-14 11:56:52,23.015625,1
2026-08-14 11:56:52,23.640625,1
2026-08-14 11:56:52,23.640625,1
2026-08-14 11:56:52,23.640625,1
2026-08-14 11:56:52,23.640625,1
2026-08-14 11:56:52,23.640625,1
2026-08-14 11:56:52,23.640625,1
2026-08-14 11:56:52,23.640625,1
2026-08-14 11:56:52,23.640625,1
2026-08-14 11:56:52,23.671875,1
2026-08-14 11:56:52,23.671875,1
2026-08-14 11:56:52,23.578125,1
2026-08-14 11:56:52,23.578125,1
2026-08-14 11:56:53,23.65625,1
2026-08-14 11:56:53,23.65625,1
2026-08-14 11:56:53,23.65625,1
2026-08-14 11:56:53,23.65625,1
2026-08-14 11:56:53,23.65625,1
2026-08-14 11:56:53,23.65625,1
2026-08-14 11:56:53,23.9375,1
2026-08-14 11:56:53,23.9375,1
2026-08-14 11:56:53,23.9375,1
2026-08-14 11:56:53,23.9375,1
2026-08-14 11:56:53,24.0,1
2026-08-14 11:56:53,24.0,1
2026-08-14 11:56:53,24.0,1
2026-08-14 11:56:53,24.0,1
2026-08-14 11:56:53,24.0,1
2026-08-14 11:56:53,24.0,1
2026-08-14 11:56:53,24.0,1
2026-08-14 11:56:53,24.0,1
2026-08-14 11:56:53,24.125,1
2026-08-14 11:56:53,24.125,1
2026-08-14 11:56:54,24.1875,1
2026-08-14 11:56:54,24.1875,1
2026-08-14 11:56:54,24.078125,1
2026-08-14 11:56:54,24.078125,1
2026-08-14 11:56:54,24.078125,1
2026-08-14 11:56:54,24.078125,1
2026-08-14 11:56:54,24.078125,1
2026-08-14 11:56:54,24.078125,1
2026-08-14 11:56:54,24.078125,1
2026-08-14 11:56:54,24.078125,1
2026-08-14 11:56:54,24.078125,1
2026-08-14 11:56:54,24.078125,1
2026-08-14 11:56:54,24.140625,1
2026-08-14 11:56:54,24.140625,1
2026-08-14 11:56:54,24.25,1
2026-08-14 11:56:54,24.25,1
2026-08-14 11:56:54,24.234375,1
2026-08-14 11:56:54,24.234375,1
2026-08-14 11:56:54,24.234375,1
2026-08-14 11:56:54,24.234375,1
2026-08-14 11:56:55,24.234375,1
2026-08-14 11:56:55,24.234375,1
2026-08-14 11:56:55,24.234375,1
2026-08-14 11:56:55,24.234375,1
2026-08-14 11:56:55,24.171875,1
2026-08-14 11:56:55,24.171875,1
2026-08-14 11:56:55,24.171875,1
2026-08-14 11:56:55,24.171875,1
2026-08-14 11:56:55,24.03125,1
2026-08-14 11:56:55,24.03125,1
2026-08-14 11:56:55,24.03125,1
2026-08-14 11:56:55,24.03125,1
2026-08-14 11:56:55,24.03125,1
2026-08-14 11:56:55,24.03125,1
2026-08-14 11:56:55,24.03125,1
2026-08-14 11:56:55,24.03125,1
2026-08-14 11:56:55,23.21875,1
2026-08-14 11:56:55,23.21875,1
2026-08-14 11:56:55,23.140625,1
2026-08-14 11:56:55,23.140625,1
2026-08-14 11:56:56,23.296875,1
2026-08-14 11:56:56,23.296875,1
2026-08-14 11:56:56,23.296875,1
2026-08-14 11:56:56,23.296875,1
2026-08-14 11:56:56,23.296875,1
2026-08-14 11:56:56,23.296875,1
2026-08-14 11:56:56,23.375,1
2026-08-14 11:56:56,23.375,1
2026-08-14 11:56:56,23.328125,1
2026-08-14 11:56:56,23.328125,1
2026-08-14 11:56:56,23.328125,1
2026-08-14 11:56:56,23.328125,1
2026-08-14 11:56:56,23.328125,1
2026-08-14 11:56:56,23.328125,1
2026-08-14 11:56:56,23.328125,1
2026-08-14 11:56:56,23.328125,1
2026-08-14 11:56:56,23.328125,1
2026-08-14 11:56:56,23.328125,1
2026-08-14 11:56:56,23.328125,1
2026-08-14 11:56:56,23.328125,1
2026-08-14 11:56:57,22.890625,1
2026-08-14 11:56:57,22.890625,1
2026-08-14 11:56:57,23.21875,1
2026-08-14 11:56:57,23.21875,1
2026-08-14 11:56:57,23.21875,1
2026-08-14 11:56:57,23.21875,1
2026-08-14 11:56:57,23.21875,1
2026-08-14 11:56:57,23.21875,1
2026-08-14 11:56:57,23.21875,1
2026-08-14 11:56:57,23.21875,1
2026-08-14 11:56:57,22.9375,1
2026-08-14 11:56:57,22.9375,1
2026-08-14 11:56:57,22.5,1
2026-08-14 11:56:57,22.5,1
2026-08-14 11:56:57,22.625,1
2026-08-14 11:56:57,22.625,1
2026-08-14 11:56:57,22.625,1
2026-08-14 11:56:57,22.625,1
2026-08-14 11:56:57,22.625,1
2026-08-14 11:56:57,22.625,1
2026-08-14 11:56:58,22.625,1
2026-08-14 11:56:58,22.625,1
2026-08-14 11:56:58,23.171875,1
2026-08-14 11:56:58,23.171875,1
2026-08-14 11:56:58,23.359375,1
2026-08-14 11:56:58,23.359375,1
2026-08-14 11:56:58,23.125,1
2026-08-14 11:56:58,23.125,1
2026-08-14 11:56:58,23.125,1
2026-08-14 11:56:58,23.125,1
2026-08-14 11:56:58,23.125,1
2026-08-14 11:56:58,23.125,1
2026-08-14 11:56:58,23.125,1
2026-08-14 11:56:58,23.125,1
2026-08-14 11:56:58,23.34375,1
2026-08-14 11:56:58,23.34375,1
2026-08-14 11:56:58,23.40625,1
2026-08-14 11:56:58,23.40625,1
2026-08-14 11:56:58,23.609375,1
2026-08-14 11:56:58,23.609375,1
2026-08-14 11:56:59,23.609375,1
2026-08-14 11:56:59,23.609375,1
2026-08-14 11:56:59,23.609375,1
2026-08-14 11:56:59,23.609375,1
2026-08-14 11:56:59,23.609375,1
2026-08-14 11:56:59,23.609375,1
2026-08-14 11:56:59,23.875,1
2026-08-14 11:56:59,23.875,1
2026-08-14 11:56:59,23.6875,1
2026-08-14 11:56:59,23.6875,1
2026-08-14 11:56:59,23.8125,1
2026-08-14 11:56:59,23.8125,1
2026-08-14 11:56:59,23.8125,1
2026-08-14 11:56:59,23.8125,1
2026-08-14 11:56:59,23.8125,1
2026-08-14 11:56:59,23.8125,1
2026-08-14 11:56:59,23.8125,1
2026-08-14 11:56:59,23.8125,1
2026-08-14 11:56:59,23.8125,1
2026-08-14 11:56:59,23.8125,1
2026-08-14 11:57:00,24.046875,1
2026-08-14 11:57:00,24.046875,1
2026-08-14 11:57:00,23.9375,1
2026-08-14 11:57:00,23.9375,1
2026-08-14 11:57:00,23.9375,1
2026-08-14 11:57:00,23.9375,1
2026-08-14 11:57:00,23.9375,1
2026-08-14 11:57:00,23.9375,1
2026-08-14 11:57:00,24.171875,1
2026-08-14 11:57:00,24.171875,1
2026-08-14 11:57:00,24.03125,1
2026-08-14 11:57:00,24.03125,1
2026-08-14 11:57:00,24.03125,1
2026-08-14 11:57:00,24.03125,1
2026-08-14 11:57:00,24.03125,1
2026-08-14 11:57:00,24.03125,1
2026-08-14 11:57:00,24.03125,1
2026-08-14 11:57:00,24.03125,1
2026-08-14 11:57:00,24.25,1
2026-08-14 11:57:00,24.25,1
2026-08-14 11:57:01,24.21875,1
2026-08-14 11:57:01,24.21875,1
2026-08-14 11:57:01,24.265625,1
2026-08-14 11:57:01,24.265625,1
2026-08-14 11:57:01,24.265625,1
2026-08-14 11:57:01,24.265625,1
2026-08-14 11:57:01,24.265625,1
2026-08-14 11:57:01,24.265625,1
2026-08-14 11:57:01,24.265625,1
2026-08-14 11:57:01,24.265625,1
2026-08-14 11:57:01,24.234375,1
2026-08-14 11:57:01,24.234375,1
2026-08-14 11:57:01,24.28125,1
2026-08-14 11:57:01,24.28125,1
2026-08-14 11:57:01,24.40625,1
2026-08-14 11:57:01,24.40625,1
2026-08-14 11:57:01,24.40625,1
2026-08-14 11:57:01,24.40625,1
2026-08-14 11:57:01,24.40625,1
2026-08-14 11:57:01,24.40625,1
2026-08-14 11:57:02,24.40625,1
2026-08-14 11:57:02,24.40625,1
2026-08-14 11:57:02,24.40625,1
2026-08-14 11:57:02,24.40625,1
2026-08-14 11:57:02,24.28125,1
2026-08-14 11:57:02,24.28125,1
2026-08-14 11:57:02,24.296875,1
2026-08-14 11:57:02,24.296875,1
2026-08-14 11:57:02,24.296875,1
2026-08-14 11:57:02,24.296875,1
2026-08-14 11:57:02,24.296875,1
2026-08-14 11:57:02,24.296875,1
2026-08-14 11:57:02,24.296875,1
2026-08-14 11:57:02,24.296875,1
2026-08-14 11:57:02,24.0625,1
2026-08-14 11:57:02,24.0625,1
2026-08-14 11:57:02,24.109375,1
2026-08-14 11:57:02,24.109375,1
2026-08-14 11:57:02,24.109375,1
2026-08-14 11:57:02,24.109375,1
2026-08-14 11:57:03,24.109375,1
2026-08-14 11:57:03,24.109375,1
2026-08-14 11:57:03,24.109375,1
2026-08-14 11:57:03,24.109375,1
2026-08-14 11:57:03,23.5625,1
2026-08-14 11:57:03,23.5625,1
2026-08-14 11:57:03,23.59375,1
2026-08-14 11:57:03,23.59375,1
2026-08-14 11:57:03,23.59375,1
2026-08-14 11:57:03,23.59375,1
2026-08-14 11:57:03,23.59375,1
2026-08-14 11:57:03,23.59375,1
2026-08-14 11:57:03,23.59375,1
2026-08-14 11:57:03,23.59375,1
2026-08-14 11:57:03,23.421875,1
2026-08-14 11:57:03,23.421875,1
2026-08-14 11:57:03,23.296875,1
2026-08-14 11:57:03,23.296875,1
2026-08-14 11:57:03,23.296875,1
2026-08-14 11:57:03,23.296875,1
2026-08-14 11:57:04,23.296875,1
2026-08-14 11:57:04,23.296875,1
2026-08-14 11:57:04,23.296875,1
2026-08-14 11:57:04,23.296875,1
2026-08-14 11:57:04,23.21875,1
2026-08-14 11:57:04,23.21875,1
2026-08-14 11:57:04,23.3125,1
2026-08-14 11:57:04,23.3125,1
2026-08-14 11:57:04,23.3125,1
2026-08-14 11:57:04,23.3125,1
2026-08-14 11:57:04,23.3125,1
2026-08-14 11:57:04,23.3125,1
2026-08-14 11:57:04,23.3125,1
2026-08-14 11:57:04,23.3125,1
2026-08-14 11:57:04,23.671875,1
2026-08-14 11:57:04,23.671875,1
2026-08-14 11:57:04,23.78125,1
2026-08-14 11:57:04,23.78125,1
2026-08-14 11:57:04,23.59375,1
2026-08-14 11:57:04,23.59375,1
2026-08-14 11:57:05,23.59375,1
2026-08-14 11:57:05,23.59375,1
2026-08-14 11:57:05,23.59375,1
2026-08-14 11:57:05,23.59375,1
2026-08-14 11:57:05,23.59375,1
2026-08-14 11:57:05,23.59375,1
2026-08-14 11:57:05,24.15625,1
2026-08-14 11:57:05,24.15625,1
2026-08-14 11:57:05,23.90625,1
2026-08-14 11:57:05,23.90625,1
2026-08-14 11:57:05,23.90625,1
2026-08-14 11:57:05,23.90625,1
2026-08-14 11:57:05,23.90625,1
2026-08-14 11:57:05,23.90625,1
2026-08-14 11:57:05,23.90625,1
2026-08-14 11:57:05,23.90625,1
2026-08-14 11:57:05,23.90625,1
2026-08-14 11:57:05,23.90625,1
2026-08-14 11:57:05,23.28125,1
2026-08-14 11:57:05,23.28125,1
2026-08-14 11:57:06,23.21875,1
2026-08-14 11:57:06,23.21875,1
2026-08-14 11:57:06,23.21875,1
2026-08-14 11:57:06,23.21875,1
2026-08-14 11:57:06,23.21875,1
2026-08-14 11:57:06,23.21875,1
2026-08-14 11:57:06,23.21875,1
2026-08-14 11:57:06,23.21875,1
2026-08-14 11:57:06,23.21875,1
2026-08-14 11:57:06,23.21875,1
2026-08-14 11:57:06,23.25,1
2026-08-14 11:57:06,23.25,1
2026-08-14 11:57:06,23.3125,1
2026-08-14 11:57:06,23.3125,1
2026-08-14 11:57:06,23.3125,1
2026-08-14 11:57:06,23.3125,1
2026-08-14 11:57:06,23.3125,1
2026-08-14 11:57:06,23.3125,1
2026-08-14 11:57:06,23.3125,1
2026-08-14 11:57:06,23.3125,1
2026-08-14 11:57:07,23.8125,1
2026-08-14 11:57:07,23.8125,1
2026-08-14 11:57:07,23.78125,1
2026-08-14 11:57:07,23.78125,1
2026-08-14 11:57:07,23.921875,1
2026-08-14 11:57:07,23.921875,1
2026-08-14 11:57:07,23.921875,1
2026-08-14 11:57:07,23.921875,1
2026-08-14 11:57:07,23.921875,1
2026-08-14 11:57:07,23.921875,1
2026-08-14 11:57:07,24.171875,1
2026-08-14 11:57:07,24.171875,1
2026-08-14 11:57:07,24.171875,1
2026-08-14 11:57:07,24.171875,1
2026-08-14 11:57:07,24.09375,1
2026-08-14 11:57:07,24.09375,1
2026-08-14 11:57:07,24.046875,1
2026-08-14 11:57:07,24.046875,1
2026-08-14 11:57:07,24.046875,1
2026-08-14 11:57:07,24.046875,1
2026-08-14 11:57:08,24.046875,1
2026-08-14 11:57:08,24.046875,1
2026-08-14 11:57:08,24.046875,1
2026-08-14 11:57:08,24.046875,1
2026-08-14 11:57:08,23.078125,1
2026-08-14 11:57:08,23.078125,1
2026-08-14 11:57:08,23.015625,1
2026-08-14 11:57:08,23.015625,1
2026-08-14 11:57:08,23.0,1
2026-08-14 11:57:08,23.0,1
2026-08-14 11:57:08,23.0,1
2026-08-14 11:57:08,23.0,1
2026-08-14 11:57:08,23.0,1
2026-08-14 11:57:08,23.0,1
2026-08-14 11:57:08,22.59375,1
2026-08-14 11:57:08,22.59375,1
2026-08-14 11:57:08,22.59375,1
2026-08-14 11:57:08,22.59375,1
2026-08-14 11:57:08,22.59375,1
2026-08-14 11:57:08,22.59375,1
2026-08-14 11:57:09,22.53125,1
2026-08-14 11:57:09,22.53125,1
2026-08-14 11:57:09,22.53125,1
2026-08-14 11:57:09,22.53125,1
2026-08-14 11:57:09,22.53125,1
2026-08-14 11:57:09,22.53125,1
2026-08-14 11:57:09,22.671875,1
2026-08-14 11:57:09,22.671875,1
2026-08-14 11:57:09,22.671875,1
2026-08-14 11:57:09,22.671875,1
2026-08-14 11:57:09,22.546875,1
2026-08-14 11:57:09,22.546875,1
2026-08-14 11:57:09,22.71875,1
2026-08-14 11:57:09,22.71875,1
2026-08-14 11:57:09,22.71875,1
2026-08-14 11:57:09,22.71875,1
2026-08-14 11:57:09,22.71875,1
2026-08-14 11:57:09,22.71875,1
2026-08-14 11:57:09,22.265625,1
2026-08-14 11:57:09,22.265625,1
2026-08-14 11:57:10,22.1875,1
2026-08-14 11:57:10,22.1875,1
2026-08-14 11:57:10,21.96875,1
2026-08-14 11:57:10,21.96875,1
2026-08-14 11:57:10,21.96875,1
2026-08-14 11:57:10,21.96875,1
2026-08-14 11:57:10,21.96875,1
2026-08-14 11:57:10,21.96875,1
2026-08-14 11:57:10,21.96875,1
2026-08-14 11:57:10,21.96875,1
2026-08-14 11:57:10,21.96875,1
2026-08-14 11:57:10,21.96875,1
2026-08-14 11:57:10,22.125,1
2026-08-14 11:57:10,22.125,1
2026-08-14 11:57:10,22.03125,1
2026-08-14 11:57:10,22.03125,1
2026-08-14 11:57:10,22.03125,1
2026-08-14 11:57:10,22.03125,1
2026-08-14 11:57:10,22.03125,1
2026-08-14 11:57:10,22.03125,1
2026-08-14 11:57:11,22.03125,1
2026-08-14 11:57:11,22.03125,1
2026-08-14 11:57:11,23.328125,1
2026-08-14 11:57:11,23.328125,1
2026-08-14 11:57:11,23.4375,1
2026-08-14 11:57:11,23.4375,1
2026-08-14 11:57:11,23.4375,1
2026-08-14 11:57:11,23.4375,1
2026-08-14 11:57:11,23.4375,1
2026-08-14 11:57:11,23.4375,1
2026-08-14 11:57:11,23.4375,1
2026-08-14 11:57:11,23.4375,1
2026-08-14 11:57:11,23.953125,1
2026-08-14 11:57:11,23.953125,1
2026-08-14 11:57:11,24.078125,1
2026-08-14 11:57:11,24.078125,1
2026-08-14 11:57:11,24.078125,1
2026-08-14 11:57:11,24.078125,1
2026-08-14 11:57:11,24.078125,1
2026-08-14 11:57:11,24.078125,1
2026-08-14 11:57:12,24.078125,1
2026-08-14 11:57:12,24.078125,1
2026-08-14 11:57:12,24.34375,1
2026-08-14 11:57:12,24.34375,1
2026-08-14 11:57:12,24.40625,1
2026-08-14 11:57:12,24.40625,1
2026-08-14 11:57:12,24.3125,1
2026-08-14 11:57:12,24.3125,1
2026-08-14 11:57:12,24.3125,1
2026-08-14 11:57:12,24.3125,1
2026-08-14 11:57:12,24.3125,1
2026-08-14 11:57:12,24.3125,1
2026-08-14 11:57:12,24.3125,1
2026-08-14 11:57:12,24.3125,1
2026-08-14 11:57:12,24.3125,1
2026-08-14 11:57:12,24.3125,1
2026-08-14 11:57:12,24.40625,1
2026-08-14 11:57:12,24.40625,1
2026-08-14 11:57:12,24.375,1
2026-08-14 11:57:12,24.375,1
2026-08-14 11:57:13,24.375,1
2026-08-14 11:57:13,24.375,1
2026-08-14 11:57:13,24.375,1
2026-08-14 11:57:13,24.375,1
2026-08-14 11:57:13,24.375,1
2026-08-14 11:57:13,24.375,1
2026-08-14 11:57:13,24.390625,1
2026-08-14 11:57:13,24.390625,1
2026-08-14 11:57:13,24.390625,1
2026-08-14 11:57:13,24.390625,1
2026-08-14 11:57:13,24.375,1
2026-08-14 11:57:13,24.375,1
2026-08-14 11:57:13,24.375,1
2026-08-14 11:57:13,24.375,1
2026-08-14 11:57:13,24.375,1
2026-08-14 11:57:13,24.375,1
2026-08-14 11:57:13,24.375,1
2026-08-14 11:57:13,24.375,1
2026-08-14 11:57:13,24.5625,1
2026-08-14 11:57:13,24.5625,1
2026-08-14 11:57:14,24.53125,1
2026-08-14 11:57:14,24.53125,1
2026-08-14 11:57:14,24.4375,1
2026-08-14 11:57:14,24.4375,1
2026-08-14 11:57:14,24.4375,1
2026-08-14 11:57:14,24.4375,1
2026-08-14 11:57:14,24.4375,1
2026-08-14 11:57:14,24.4375,1
2026-08-14 11:57:14,24.828125,1
2026-08-14 11:57:14,24.828125,1
2026-08-14 11:57:14,24.828125,1
2026-08-14 11:57:14,24.828125,1
2026-08-14 11:57:14,24.890625,1
2026-08-14 11:57:14,24.890625,1
2026-08-14 11:57:14,24.890625,1
2026-08-14 11:57:14,24.890625,1
2026-08-14 11:57:14,24.890625,1
2026-08-14 11:57:14,24.890625,1
2026-08-14 11:57:14,24.890625,1
2026-08-14 11:57:14,24.890625,1
2026-08-14 11:57:15,25.078125,1
2026-08-14 11:57:15,25.078125,1
2026-08-14 11:57:15,25.0625,1
2026-08-14 11:57:15,25.0625,1
2026-08-14 11:57:15,25.03125,1
2026-08-14 11:57:15,25.03125,1
2026-08-14 11:57:15,25.03125,1
2026-08-14 11:57:15,25.03125,1
2026-08-14 11:57:15,25.03125,1
2026-08-14 11:57:15,25.03125,1
2026-08-14 11:57:15,25.03125,1
2026-08-14 11:57:15,25.03125,1
2026-08-14 11:57:15,25.09375,1
2026-08-14 11:57:15,25.09375,1
2026-08-14 11:57:15,25.140625,1
2026-08-14 11:57:15,25.140625,1
2026-08-14 11:57:15,24.9375,1
2026-08-14 11:57:15,24.9375,1
2026-08-14 11:57:15,24.9375,1
2026-08-14 11:57:15,24.9375,1
2026-08-14 11:57:16,24.9375,1
2026-08-14 11:57:16,24.9375,1
2026-08-14 11:57:16,24.9375,1
2026-08-14 11:57:16,24.9375,1
2026-08-14 11:57:16,25.28125,1
2026-08-14 11:57:16,25.28125,1
2026-08-14 11:57:16,25.15625,1
2026-08-14 11:57:16,25.15625,1
2026-08-14 11:57:16,25.15625,1
2026-08-14 11:57:16,25.15625,1
2026-08-14 11:57:16,25.15625,1
2026-08-14 11:57:16,25.15625,1
2026-08-14 11:57:16,25.15625,1
2026-08-14 11:57:16,25.15625,1
2026-08-14 11:57:16,25.125,1
2026-08-14 11:57:16,25.125,1
2026-08-14 11:57:16,25.265625,1
2026-08-14 11:57:16,25.265625,1
2026-08-14 11:57:16,25.25,1
2026-08-14 11:57:16,25.25,1
2026-08-14 11:57:17,25.25,1
2026-08-14 11:57:17,25.25,1
2026-08-14 11:57:17,25.25,1
2026-08-14 11:57:17,25.25,1
2026-08-14 11:57:17,25.25,1
2026-08-14 11:57:17,25.25,1
2026-08-14 11:57:17,25.09375,1
2026-08-14 11:57:17,25.09375,1
2026-08-14 11:57:17,25.109375,1
2026-08-14 11:57:17,25.109375,1
2026-08-14 11:57:17,25.109375,1
2026-08-14 11:57:17,25.109375,1
2026-08-14 11:57:17,25.109375,1
2026-08-14 11:57:17,25.109375,1
2026-08-14 11:57:17,25.109375,1
2026-08-14 11:57:17,25.109375,1
2026-08-14 11:57:17,25.109375,1
2026-08-14 11:57:17,25.109375,1
2026-08-14 11:57:17,25.234375,1
2026-08-14 11:57:17,25.234375,1
2026-08-14 11:57:18,25.203125,1
2026-08-14 11:57:18,25.203125,1
2026-08-14 11:57:18,25.203125,1
2026-08-14 11:57:18,25.203125,1
2026-08-14 11:57:18,25.203125,1
2026-08-14 11:57:18,25.203125,1
2026-08-14 11:57:18,25.203125,1
2026-08-14 11:57:18,25.203125,1
2026-08-14 11:57:18,25.203125,1
2026-08-14 11:57:18,25.203125,1
2026-08-14 11:57:18,24.5,1
2026-08-14 11:57:18,24.5,1
2026-08-14 11:57:18,24.390625,1
2026-08-14 11:57:18,24.390625,1
2026-08-14 11:57:18,24.390625,1
2026-08-14 11:57:18,24.390625,1
2026-08-14 11:57:18,24.390625,1
2026-08-14 11:57:18,24.390625,1
2026-08-14 11:57:18,24.390625,1
2026-08-14 11:57:18,24.390625,1
2026-08-14 11:57:19,24.390625,1
2026-08-14 11:57:19,24.390625,1
2026-08-14 11:57:19,24.15625,1
2026-08-14 11:57:19,24.15625,1
2026-08-14 11:57:19,24.109375,1
2026-08-14 11:57:19,24.109375,1
2026-08-14 11:57:19,24.109375,1
2026-08-14 11:57:19,24.109375,1
2026-08-14 11:57:19,24.109375,1
2026-08-14 11:57:19,24.109375,1
2026-08-14 11:57:19,24.109375,1
2026-08-14 11:57:19,24.109375,1
2026-08-14 11:57:19,24.15625,1
2026-08-14 11:57:19,24.15625,1
2026-08-14 11:57:19,24.203125,1
2026-08-14 11:57:19,24.203125,1
2026-08-14 11:57:19,24.15625,1
2026-08-14 11:57:19,24.15625,1
2026-08-14 11:57:19,24.15625,1
2026-08-14 11:57:19,24.15625,1
2026-08-14 11:57:20,24.15625,1
2026-08-14 11:57:20,24.15625,1
2026-08-14 11:57:20,24.15625,1
2026-08-14 11:57:20,24.15625,1
2026-08-14 11:57:20,24.1875,1
2026-08-14 11:57:20,24.1875,1
2026-08-14 11:57:20,24.171875,1
2026-08-14 11:57:20,24.171875,1
2026-08-14 11:57:20,24.234375,1
2026-08-14 11:57:20,24.234375,1
2026-08-14 11:57:20,24.234375,1
2026-08-14 11:57:20,24.234375,1
2026-08-14 11:57:20,24.234375,1
2026-08-14 11:57:20,24.234375,1
2026-08-14 11:57:20,23.90625,1
2026-08-14 11:57:20,23.90625,1
2026-08-14 11:57:20,23.90625,1
2026-08-14 11:57:20,23.90625,1
2026-08-14 11:57:20,23.875,1
2026-08-14 11:57:20,23.875,1
2026-08-14 11:57:21,23.875,1
2026-08-14 11:57:21,23.875,1
2026-08-14 11:57:21,23.875,1
2026-08-14 11:57:21,23.875,1
2026-08-14 11:57:21,23.875,1
2026-08-14 11:57:21,23.875,1
2026-08-14 11:57:21,23.96875,1
2026-08-14 11:57:21,23.96875,1
2026-08-14 11:57:21,23.90625,1
2026-08-14 11:57:21,23.90625,1
2026-08-14 11:57:21,23.921875,1
2026-08-14 11:57:21,23.921875,1
2026-08-14 11:57:21,23.921875,1
2026-08-14 11:57:21,23.921875,1
2026-08-14 11:57:21,23.921875,1
2026-08-14 11:57:21,23.921875,1
2026-08-14 11:57:21,23.921875,1
2026-08-14 11:57:21,23.921875,1
2026-08-14 11:57:21,23.40625,1
2026-08-14 11:57:21,23.40625,1
2026-08-14 11:57:22,23.421875,1
2026-08-14 11:57:22,23.421875,1
2026-08-14 11:57:22,23.28125,1
2026-08-14 11:57:22,23.28125,1
2026-08-14 11:57:22,23.28125,1
2026-08-14 11:57:22,23.28125,1
2026-08-14 11:57:22,23.28125,1
2026-08-14 11:57:22,23.28125,1
2026-08-14 11:57:22,23.28125,1
2026-08-14 11:57:22,23.28125,1
2026-08-14 11:57:22,23.328125,1
2026-08-14 11:57:22,23.328125,1
2026-08-14 11:57:22,23.34375,1
2026-08-14 11:57:22,23.34375,1
2026-08-14 11:57:22,23.28125,1
2026-08-14 11:57:22,23.28125,1
2026-08-14 11:57:22,23.28125,1
2026-08-14 11:57:22,23.28125,1
2026-08-14 11:57:22,23.28125,1
2026-08-14 11:57:22,23.28125,1
2026-08-14 11:57:23,23.28125,1
2026-08-14 11:57:23,23.28125,1
2026-08-14 11:57:23,23.28125,1
2026-08-14 11:57:23,23.28125,1
2026-08-14 11:57:23,23.28125,1
2026-08-14 11:57:23,23.28125,1
2026-08-14 11:57:23,23.34375,1
2026-08-14 11:57:23,23.34375,1
2026-08-14 11:57:23,23.34375,1
2026-08-14 11:57:23,23.34375,1
2026-08-14 11:57:23,23.34375,1
2026-08-14 11:57:23,23.34375,1
2026-08-14 11:57:23,23.34375,1
2026-08-14 11:57:23,23.34375,1
2026-08-14 11:57:23,23.0,1
2026-08-14 11:57:23,23.0,1
2026-08-14 11:57:23,22.96875,1
2026-08-14 11:57:23,22.96875,1
2026-08-14 11:57:23,22.859375,1
2026-08-14 11:57:23,22.859375,1
2026-08-14 11:57:24,22.859375,1
2026-08-14 11:57:24,22.859375,1
2026-08-14 11:57:24,22.859375,1
2026-08-14 11:57:24,22.859375,1
2026-08-14 11:57:24,22.28125,1
2026-08-14 11:57:24,22.28125,1
2026-08-14 11:57:24,22.28125,1
2026-08-14 11:57:24,22.28125,1
2026-08-14 11:57:24,22.125,1
2026-08-14 11:57:24,22.125,1
2026-08-14 11:57:24,22.125,1
2026-08-14 11:57:24,22.125,1
2026-08-14 11:57:24,22.125,1
2026-08-14 11:57:24,22.125,1
2026-08-14 11:57:24,22.125,1
2026-08-14 11:57:24,22.125,1
2026-08-14 11:57:24,21.8125,1
2026-08-14 11:57:24,21.8125,1
2026-08-14 11:57:24,22.21875,1
2026-08-14 11:57:24,22.21875,1
2026-08-14 11:57:25,22.0,1
2026-08-14 11:57:25,22.0,1
2026-08-14 11:57:25,22.0,1
2026-08-14 11:57:25,22.0,1
2026-08-14 11:57:25,22.0,1
2026-08-14 11:57:25,22.0,1
2026-08-14 11:57:25,21.890625,1
2026-08-14 11:57:25,21.890625,1
2026-08-14 11:57:25,21.90625,1
2026-08-14 11:57:25,21.90625,1
2026-08-14 11:57:25,22.0625,1
2026-08-14 11:57:25,22.0625,1
2026-08-14 11:57:25,22.03125,1
2026-08-14 11:57:25,22.03125,1
2026-08-14 11:57:25,22.03125,1
2026-08-14 11:57:25,22.03125,1
2026-08-14 11:57:25,22.03125,1
2026-08-14 11:57:25,22.03125,1
2026-08-14 11:57:25,22.15625,1
2026-08-14 11:57:25,22.15625,1
2026-08-14 11:57:26,22.15625,1
2026-08-14 11:57:26,22.15625,1
2026-08-14 11:57:26,22.15625,1
2026-08-14 11:57:26,22.15625,1
2026-08-14 11:57:26,22.078125,1
2026-08-14 11:57:26,22.078125,1
2026-08-14 11:57:26,22.078125,1
2026-08-14 11:57:26,22.078125,1
2026-08-14 11:57:26,22.078125,1
2026-08-14 11:57:26,22.078125,1
2026-08-14 11:57:26,22.375,1
2026-08-14 11:57:26,22.375,1
2026-08-14 11:57:26,22.375,1
2026-08-14 11:57:26,22.375,1
2026-08-14 11:57:26,22.25,1
2026-08-14 11:57:26,22.25,1
2026-08-14 11:57:26,22.296875,1
2026-08-14 11:57:26,22.296875,1
2026-08-14 11:57:26,22.296875,1
2026-08-14 11:57:26,22.296875,1
2026-08-14 11:57:27,22.296875,1
2026-08-14 11:57:27,22.296875,1
2026-08-14 11:57:27,22.484375,1
2026-08-14 11:57:27,22.484375,1
2026-08-14 11:57:27,22.53125,1
2026-08-14 11:57:27,22.53125,1
2026-08-14 11:57:27,22.625,1
2026-08-14 11:57:27,22.625,1
2026-08-14 11:57:27,22.625,1
2026-08-14 11:57:27,22.625,1
2026-08-14 11:57:27,22.625,1
2026-08-14 11:57:27,22.625,1
2026-08-14 11:57:27,22.625,1
2026-08-14 11:57:27,22.625,1
2026-08-14 11:57:27,22.625,1
2026-08-14 11:57:27,22.625,1
2026-08-14 11:57:27,22.625,1
2026-08-14 11:57:27,22.625,1
2026-08-14 11:57:27,22.65625,1
2026-08-14 11:57:27,22.65625,1
2026-08-14 11:57:28,22.65625,1
2026-08-14 11:57:28,22.65625,1
2026-08-14 11:57:28,22.65625,1
2026-08-14 11:57:28,22.65625,1
2026-08-14 11:57:28,22.65625,1
2026-08-14 11:57:28,22.65625,1
2026-08-14 11:57:28,22.59375,1
2026-08-14 11:57:28,22.59375,1
2026-08-14 11:57:28,22.59375,1
2026-08-14 11:57:28,22.59375,1
2026-08-14 11:57:28,22.609375,1
2026-08-14 11:57:28,22.609375,1
2026-08-14 11:57:28,22.609375,1
2026-08-14 11:57:28,22.609375,1
2026-08-14 11:57:28,22.609375,1
2026-08-14 11:57:28,22.609375,1
2026-08-14 11:57:28,22.609375,1
2026-08-14 11:57:28,22.609375,1
2026-08-14 11:57:28,22.59375,1
2026-08-14 11:57:28,22.59375,1
2026-08-14 11:57:29,22.6875,1
2026-08-14 11:57:29,22.6875,1
2026-08-14 11:57:29,22.640625,1
2026-08-14 11:57:29,22.640625,1
2026-08-14 11:57:29,22.640625,1
2026-08-14 11:57:29,22.640625,1
2026-08-14 11:57:29,22.640625,1
2026-08-14 11:57:29,22.640625,1
2026-08-14 11:57:29,22.640625,1
2026-08-14 11:57:29,22.640625,1
2026-08-14 11:57:29,22.609375,1
2026-08-14 11:57:29,22.609375,1
2026-08-14 11:57:29,22.53125,1
2026-08-14 11:57:29,22.53125,1
2026-08-14 11:57:29,22.453125,1
2026-08-14 11:57:29,22.453125,1
2026-08-14 11:57:29,22.453125,1
2026-08-14 11:57:29,22.453125,1
2026-08-14 11:57:29,22.453125,1
2026-08-14 11:57:29,22.453125,1
2026-08-14 11:57:30,22.453125,1
2026-08-14 11:57:30,22.453125,1
2026-08-14 11:57:30,22.453125,1
2026-08-14 11:57:30,22.453125,1
2026-08-14 11:57:30,22.5,1
2026-08-14 11:57:30,22.5,1
2026-08-14 11:57:30,22.53125,1
2026-08-14 11:57:30,22.53125,1
2026-08-14 11:57:30,22.53125,1
2026-08-14 11:57:30,22.53125,1
2026-08-14 11:57:30,22.53125,1
2026-08-14 11:57:30,22.53125,1
2026-08-14 11:57:30,22.53125,1
2026-08-14 11:57:30,22.53125,1
2026-08-14 11:57:30,22.5625,1
2026-08-14 11:57:30,22.5625,1
2026-08-14 11:57:30,22.625,1
2026-08-14 11:57:30,22.625,1
2026-08-14 11:57:30,22.609375,1
2026-08-14 11:57:30,22.609375,1
2026-08-14 11:57:31,22.609375,1
2026-08-14 11:57:31,22.609375,1
2026-08-14 11:57:31,22.609375,1
2026-08-14 11:57:31,22.609375,1
2026-08-14 11:57:31,22.609375,1
2026-08-14 11:57:31,22.609375,1
2026-08-14 11:57:31,22.609375,1
2026-08-14 11:57:31,22.609375,1
2026-08-14 11:57:31,22.625,1
2026-08-14 11:57:31,22.625,1
2026-08-14 11:57:31,22.546875,1
2026-08-14 11:57:31,22.546875,1
2026-08-14 11:57:31,22.546875,1
2026-08-14 11:57:31,22.546875,1
2026-08-14 11:57:31,22.546875,1
2026-08-14 11:57:31,22.546875,1
2026-08-14 11:57:31,22.546875,1
2026-08-14 11:57:31,22.546875,1
2026-08-14 11:57:31,22.578125,1
2026-08-14 11:57:31,22.578125,1
2026-08-14 11:57:32,22.578125,1
2026-08-14 11:57:32,22.578125,1
2026-08-14 11:57:32,22.578125,1
2026-08-14 11:57:32,22.578125,1
2026-08-14 11:57:32,22.578125,1
2026-08-14 11:57:32,22.578125,1
2026-08-14 11:57:32,22.578125,1
2026-08-14 11:57:32,22.578125,1
2026-08-14 11:57:32,22.578125,1
2026-08-14 11:57:32,22.578125,1
2026-08-14 11:57:32,22.625,1
2026-08-14 11:57:32,22.625,1
2026-08-14 11:57:32,22.640625,1
2026-08-14 11:57:32,22.640625,1
2026-08-14 11:57:32,22.640625,1
2026-08-14 11:57:32,22.640625,1
2026-08-14 11:57:32,22.640625,1
2026-08-14 11:57:32,22.640625,1
2026-08-14 11:57:32,22.640625,1
2026-08-14 11:57:32,22.640625,1
2026-08-14 11:57:33,22.640625,1
2026-08-14 11:57:33,22.640625,1
2026-08-14 11:57:33,22.53125,1
2026-08-14 11:57:33,22.53125,1
2026-08-14 11:57:33,22.578125,1
2026-08-14 11:57:33,22.578125,1
2026-08-14 11:57:33,22.578125,1
2026-08-14 11:57:33,22.578125,1
2026-08-14 11:57:33,22.578125,1
2026-08-14 11:57:33,22.578125,1
2026-08-14 11:57:33,22.578125,1
2026-08-14 11:57:33,22.578125,1
2026-08-14 11:57:33,22.75,1
2026-08-14 11:57:33,22.75,1
2026-08-14 11:57:33,22.625,1
2026-08-14 11:57:33,22.625,1
2026-08-14 11:57:33,22.625,1
2026-08-14 11:57:33,22.625,1
2026-08-14 11:57:33,22.625,1
2026-08-14 11:57:33,22.625,1
2026-08-14 11:57:34,22.625,1
2026-08-14 11:57:34,22.625,1
2026-08-14 11:57:34,22.625,1
2026-08-14 11:57:34,22.625,1
2026-08-14 11:57:34,22.703125,1
2026-08-14 11:57:34,22.703125,1
2026-08-14 11:57:34,22.796875,1
2026-08-14 11:57:34,22.796875,1
2026-08-14 11:57:34,22.796875,1
2026-08-14 11:57:34,22.796875,1
2026-08-14 11:57:34,22.796875,1
2026-08-14 11:57:34,22.796875,1
2026-08-14 11:57:34,22.796875,1
2026-08-14 11:57:34,22.796875,1
2026-08-14 11:57:34,22.796875,1
2026-08-14 11:57:34,22.796875,1
2026-08-14 11:57:34,22.78125,1
2026-08-14 11:57:34,22.78125,1
2026-08-14 11:57:34,22.703125,1
2026-08-14 11:57:34,22.703125,1
2026-08-14 11:57:35,22.703125,1
2026-08-14 11:57:35,22.703125,1
2026-08-14 11:57:35,22.703125,1
2026-08-14 11:57:35,22.703125,1
2026-08-14 11:57:35,22.703125,1
2026-08-14 11:57:35,22.703125,1
2026-08-14 11:57:35,22.765625,1
2026-08-14 11:57:35,22.765625,1
2026-08-14 11:57:35,22.671875,1
2026-08-14 11:57:35,22.671875,1
2026-08-14 11:57:35,22.671875,1
2026-08-14 11:57:35,22.671875,1
2026-08-14 11:57:35,22.671875,1
2026-08-14 11:57:35,22.671875,1
2026-08-14 11:57:35,22.671875,1
2026-08-14 11:57:35,22.671875,1
2026-08-14 11:57:35,22.671875,1
2026-08-14 11:57:35,22.671875,1
2026-08-14 11:57:35,22.25,1
2026-08-14 11:57:35,22.25,1
2026-08-14 11:57:36,22.453125,1
2026-08-14 11:57:36,22.453125,1
2026-08-14 11:57:36,22.453125,1
2026-08-14 11:57:36,22.453125,1
2026-08-14 11:57:36,22.453125,1
2026-08-14 11:57:36,22.453125,1
2026-08-14 11:57:36,22.453125,1
2026-08-14 11:57:36,22.453125,1
2026-08-14 11:57:36,22.453125,1
2026-08-14 11:57:36,22.453125,1
2026-08-14 11:57:36,22.21875,1
2026-08-14 11:57:36,22.21875,1
2026-08-14 11:57:36,22.296875,1
2026-08-14 11:57:36,22.296875,1
2026-08-14 11:57:36,22.296875,1
2026-08-14 11:57:36,22.296875,1
2026-08-14 11:57:36,22.296875,1
2026-08-14 11:57:36,22.296875,1
2026-08-14 11:57:36,22.296875,1
2026-08-14 11:57:36,22.296875,1
2026-08-14 11:57:37,22.296875,1
2026-08-14 11:57:37,22.296875,1
2026-08-14 11:57:37,22.234375,1
2026-08-14 11:57:37,22.234375,1
2026-08-14 11:57:37,22.28125,1
2026-08-14 11:57:37,22.28125,1
2026-08-14 11:57:37,22.28125,1
2026-08-14 11:57:37,22.28125,1
2026-08-14 11:57:37,22.28125,1
2026-08-14 11:57:37,22.28125,1
2026-08-14 11:57:37,22.28125,1
2026-08-14 11:57:37,22.28125,1
2026-08-14 11:57:37,22.28125,1
2026-08-14 11:57:37,22.28125,1
2026-08-14 11:57:37,22.3125,1
2026-08-14 11:57:37,22.3125,1
2026-08-14 11:57:37,22.328125,1
2026-08-14 11:57:37,22.328125,1
2026-08-14 11:57:37,22.328125,1
2026-08-14 11:57:37,22.328125,1
2026-08-14 11:57:38,22.328125,1
2026-08-14 11:57:38,22.328125,1
2026-08-14 11:57:38,22.265625,1
2026-08-14 11:57:38,22.265625,1
2026-08-14 11:57:38,22.203125,1
2026-08-14 11:57:38,22.203125,1
2026-08-14 11:57:38,22.125,1
2026-08-14 11:57:38,22.125,1
2026-08-14 11:57:38,22.125,1
2026-08-14 11:57:38,22.125,1
2026-08-14 11:57:38,22.125,1
2026-08-14 11:57:38,22.125,1
2026-08-14 11:57:38,22.125,1
2026-08-14 11:57:38,22.125,1
2026-08-14 11:57:38,22.140625,1
2026-08-14 11:57:38,22.140625,1
2026-08-14 11:57:38,22.109375,1
2026-08-14 11:57:38,22.109375,1
2026-08-14 11:57:38,22.03125,1
2026-08-14 11:57:38,22.03125,1
2026-08-14 11:57:39,21.90625,1
2026-08-14 11:57:39,21.90625,1
2026-08-14 11:57:39,21.90625,1
2026-08-14 11:57:39,21.90625,1
2026-08-14 11:57:39,21.90625,1
2026-08-14 11:57:39,21.90625,1
2026-08-14 11:57:39,21.90625,1
2026-08-14 11:57:39,21.90625,1
2026-08-14 11:57:39,21.90625,1
2026-08-14 11:57:39,21.90625,1
2026-08-14 11:57:39,20.265625,1
2026-08-14 11:57:39,20.265625,1
2026-08-14 11:57:39,20.359375,1
2026-08-14 11:57:39,20.359375,1
2026-08-14 11:57:39,20.359375,1
2026-08-14 11:57:39,20.359375,1
2026-08-14 11:57:39,20.359375,1
2026-08-14 11:57:39,20.359375,1
2026-08-14 11:57:39,20.359375,1
2026-08-14 11:57:39,20.359375,1
2026-08-14 11:57:40,20.359375,1
2026-08-14 11:57:40,20.359375,1
2026-08-14 11:57:40,19.984375,1
2026-08-14 11:57:40,19.984375,1
2026-08-14 11:57:40,20.03125,1
2026-08-14 11:57:40,20.03125,1
2026-08-14 11:57:40,20.03125,1
2026-08-14 11:57:40,20.03125,1
2026-08-14 11:57:40,20.03125,1
2026-08-14 11:57:40,20.03125,1
2026-08-14 11:57:40,20.03125,1
2026-08-14 11:57:40,20.03125,1
2026-08-14 11:57:40,14.6875,1
2026-08-14 11:57:40,14.6875,1
2026-08-14 11:57:40,14.734375,1
2026-08-14 11:57:40,14.734375,1
2026-08-14 11:57:40,14.65625,1
2026-08-14 11:57:40,14.65625,1
2026-08-14 11:57:40,14.65625,1
2026-08-14 11:57:40,14.65625,1
2026-08-14 11:57:41,14.65625,1
2026-08-14 11:57:41,14.65625,1
2026-08-14 11:57:41,14.65625,1
2026-08-14 11:57:41,14.65625,1
2026-08-14 11:57:41,8.984375,1
2026-08-14 11:57:41,8.984375,1
2026-08-14 11:57:41,8.40625,1
2026-08-14 11:57:41,8.40625,1
2026-08-14 11:57:41,8.09375,1
2026-08-14 11:57:41,8.09375,1
2026-08-14 11:57:41,8.09375,1
2026-08-14 11:57:41,8.09375,1
2026-08-14 11:57:41,8.09375,1
2026-08-14 11:57:41,8.09375,1
2026-08-14 11:57:41,5.09375,1
2026-08-14 11:57:41,5.09375,1
2026-08-14 11:57:41,5.09375,1
2026-08-14 11:57:41,5.09375,1
2026-08-14 11:57:41,4.96875,1
2026-08-14 11:57:41,4.96875,1
2026-08-14 11:57:42,4.953125,1
2026-08-14 11:57:42,4.953125,1
2026-08-14 11:57:42,4.953125,1
2026-08-14 11:57:42,4.953125,1
2026-08-14 11:57:42,4.953125,1
2026-08-14 11:57:42,4.953125,1
2026-08-14 11:57:42,4.953125,1
2026-08-14 11:57:42,4.953125,1
2026-08-14 11:57:42,3.125,1
2026-08-14 11:57:42,3.125,1
2026-08-14 11:57:42,2.953125,1
2026-08-14 11:57:42,2.953125,1
2026-08-14 11:57:42,2.953125,1
2026-08-14 11:57:42,2.953125,1
2026-08-14 11:57:42,2.953125,1
2026-08-14 11:57:42,2.953125,1
2026-08-14 11:57:42,2.953125,1
2026-08-14 11:57:42,2.953125,1
2026-08-14 11:57:42,2.953125,1
2026-08-14 11:57:42,2.953125,1
2026-08-14 11:57:43,0.90625,1
2026-08-14 11:57:43,0.90625,1
2026-08-14 11:57:43,0.65625,1
2026-08-14 11:57:43,0.65625,1
2026-08-14 11:57:43,0.65625,1
2026-08-14 11:57:43,0.65625,1
2026-08-14 11:57:43,0.65625,1
2026-08-14 11:57:43,0.65625,1
2026-08-14 11:57:43,0.65625,1
2026-08-14 11:57:43,0.65625,1
2026-08-14 11:57:43,0.65625,1
2026-08-14 11:57:43,0.65625,1
2026-08-14 11:57:43,0.0,1
2026-08-14 11:57:43,0.0,1
2026-08-14 11:57:43,0.0,1
2026-08-14 11:57:43,0.0,1
2026-08-14 11:57:43,0.0,1
2026-08-14 11:57:43,0.0,1
2026-08-14 11:57:43,0.0,1
2026-08-14 11:57:43,0.0,1
2026-08-14 11:57:44,0.0,1
2026-08-14 11:57:44,0.0,1
2026-08-14 11:57:44,0.0,1
2026-08-14 11:57:44,0.0,1
2026-08-14 11:57:44,0.0,1
2026-08-14 11:57:44,0.0,1
2026-08-14 11:57:44,0.0,1
2026-08-14 11:57:44,0.0,1
2026-08-14 11:57:44,0.0,1
2026-08-14 11:57:44,0.0,1
2026-08-14 11:57:44,0.0,1
2026-08-14 11:57:44,0.0,1
2026-08-14 11:57:44,0.0,1
2026-08-14 11:57:44,0.0,1
2026-08-14 11:57:44,0.0,1
2026-08-14 11:57:44,0.0,1
2026-08-14 11:57:44,0.0,1
2026-08-14 11:57:44,0.0,1
2026-08-14 11:57:44,0.0,1
2026-08-14 11:57:44,0.0,1
2026-08-14 11:57:45,0.0,1
2026-08-14 11:57:45,0.0,1
2026-08-14 11:57:45,0.0,1
2026-08-14 11:57:45,0.0,1
2026-08-14 11:57:45,0.0,1
2026-08-14 11:57:45,0.0,1
2026-08-14 11:57:45,0.0,1
2026-08-14 11:57:45,0.0,1
2026-08-14 11:57:45,0.0,1
2026-08-14 11:57:45,0.0,1
2026-08-14 11:57:45,0.0,1
2026-08-14 11:57:45,0.0,1
2026-08-14 11:57:45,0.0,1
2026-08-14 11:57:45,0.0,1
2026-08-14 11:57:45,0.0,1
2026-08-14 11:57:45,0.0,1
2026-08-14 11:57:45,0.0,1
2026-08-14 11:57:45,0.0,1
2026-08-14 11:57:45,0.0,1
2026-08-14 11:57:45,0.0,1
2026-08-14 11:57:46,0.0,1
2026-08-14 11:57:46,0.0,1
2026-08-14 11:57:46,0.0,1
2026-08-14 11:57:46,0.0,1
2026-08-14 11:57:46,0.0,1
2026-08-14 11:57:46,0.0,1
2026-08-14 11:57:46,0.0,1
2026-08-14 11:57:46,0.0,1
2026-08-14 11:57:46,0.0,1
2026-08-14 11:57:46,0.0,1
2026-08-14 11:57:46,0.0,1
2026-08-14 11:57:46,0.0,1
2026-08-14 11:57:46,0.0,1
2026-08-14 11:57:46,0.0,1
2026-08-14 11:57:46,0.0,1
2026-08-14 11:57:46,0.0,1
2026-08-14 11:57:46,0.0,1
2026-08-14 11:57:46,0.0,1
2026-08-14 11:57:46,0.0,1
2026-08-14 11:57:46,0.0,1
2026-08-14 11:57:47,0.0,1
2026-08-14 11:57:47,0.0,1
2026-08-14 11:57:47,0.0,1
2026-08-14 11:57:47,0.0,1
2026-08-14 11:57:47,1.46875,1
2026-08-14 11:57:47,1.46875,1
2026-08-14 11:57:47,1.5625,1
2026-08-14 11:57:47,1.5625,1
2026-08-14 11:57:47,1.5625,1
2026-08-14 11:57:47,1.5625,1
2026-08-14 11:57:47,1.5625,1
2026-08-14 11:57:47,1.5625,1
2026-08-14 11:57:47,1.5625,1
2026-08-14 11:57:47,1.5625,1
2026-08-14 11:57:47,3.328125,1
2026-08-14 11:57:47,3.328125,1
2026-08-14 11:57:47,3.671875,1
2026-08-14 11:57:47,3.671875,1
2026-08-14 11:57:47,3.703125,1
2026-08-14 11:57:47,3.703125,1
2026-08-14 11:57:48,3.703125,1
2026-08-14 11:57:48,3.703125,1
2026-08-14 11:57:48,3.703125,1
2026-08-14 11:57:48,3.703125,1
2026-08-14 11:57:48,3.703125,1
2026-08-14 11:57:48,3.703125,1
2026-08-14 11:57:48,6.65625,1
2026-08-14 11:57:48,6.65625,1
2026-08-14 11:57:48,6.953125,1
2026-08-14 11:57:48,6.953125,1
2026-08-14 11:57:48,6.96875,1
2026-08-14 11:57:48,6.96875,1
2026-08-14 11:57:48,6.96875,1
2026-08-14 11:57:48,6.96875,1
2026-08-14 11:57:48,6.96875,1
2026-08-14 11:57:48,6.96875,1
2026-08-14 11:57:48,6.96875,1
2026-08-14 11:57:48,6.96875,1
2026-08-14 11:57:48,10.875,1
2026-08-14 11:57:48,10.875,1
2026-08-14 11:57:49,11.484375,1
2026-08-14 11:57:49,11.484375,1
2026-08-14 11:57:49,11.484375,1
2026-08-14 11:57:49,11.484375,1
2026-08-14 11:57:49,11.484375,1
2026-08-14 11:57:49,11.484375,1
2026-08-14 11:57:49,11.484375,1
2026-08-14 11:57:49,11.484375,1
2026-08-14 11:57:49,11.484375,1
2026-08-14 11:57:49,11.484375,1
2026-08-14 11:57:49,17.65625,1
2026-08-14 11:57:49,17.65625,1
2026-08-14 11:57:49,18.375,1
2026-08-14 11:57:49,18.375,1
2026-08-14 11:57:49,18.375,1
2026-08-14 11:57:49,18.375,1
2026-08-14 11:57:49,18.375,1
2026-08-14 11:57:49,18.375,1
2026-08-14 11:57:49,18.375,1
2026-08-14 11:57:49,18.375,1
2026-08-14 11:57:50,22.890625,1
2026-08-14 11:57:50,22.890625,1
2026-08-14 11:57:50,22.96875,1
2026-08-14 11:57:50,22.96875,1
2026-08-14 11:57:50,22.8125,1
2026-08-14 11:57:50,22.8125,1
2026-08-14 11:57:50,22.8125,1
2026-08-14 11:57:50,22.8125,1
2026-08-14 11:57:50,22.8125,1
2026-08-14 11:57:50,22.8125,1
2026-08-14 11:57:50,22.8125,1
2026-08-14 11:57:50,22.8125,1
2026-08-14 11:57:50,22.8125,1
2026-08-14 11:57:50,22.8125,1
2026-08-14 11:57:50,22.640625,1
2026-08-14 11:57:50,22.640625,1
2026-08-14 11:57:50,22.734375,1
2026-08-14 11:57:50,22.734375,1
2026-08-14 11:57:50,22.734375,1
2026-08-14 11:57:50,22.734375,1
2026-08-14 11:57:51,22.734375,1
2026-08-14 11:57:51,22.734375,1
2026-08-14 11:57:51,22.734375,1
2026-08-14 11:57:51,22.734375,1
2026-08-14 11:57:51,22.328125,1
2026-08-14 11:57:51,22.328125,1
2026-08-14 11:57:51,22.265625,1
2026-08-14 11:57:51,22.265625,1
2026-08-14 11:57:51,22.28125,1
2026-08-14 11:57:51,22.28125,1
2026-08-14 11:57:51,22.28125,1
2026-08-14 11:57:51,22.28125,1
2026-08-14 11:57:51,22.28125,1
2026-08-14 11:57:51,22.28125,1
2026-08-14 11:57:51,22.28125,1
2026-08-14 11:57:51,22.28125,1
2026-08-14 11:57:51,22.6875,1
2026-08-14 11:57:51,22.6875,1
2026-08-14 11:57:51,22.609375,1
2026-08-14 11:57:51,22.609375,1
2026-08-14 11:57:52,22.671875,1
2026-08-14 11:57:52,22.671875,1
2026-08-14 11:57:52,22.671875,1
2026-08-14 11:57:52,22.671875,1
2026-08-14 11:57:52,22.671875,1
2026-08-14 11:57:52,22.671875,1
2026-08-14 11:57:52,22.671875,1
2026-08-14 11:57:52,22.671875,1
2026-08-14 11:57:52,22.84375,1
2026-08-14 11:57:52,22.84375,1
2026-08-14 11:57:52,22.96875,1
2026-08-14 11:57:52,22.96875,1
2026-08-14 11:57:52,22.9375,1
2026-08-14 11:57:52,22.9375,1
2026-08-14 11:57:52,22.9375,1
2026-08-14 11:57:52,22.9375,1
2026-08-14 11:57:52,22.9375,1
2026-08-14 11:57:52,22.9375,1
2026-08-14 11:57:52,22.9375,1
2026-08-14 11:57:52,22.9375,1
2026-08-14 11:57:53,23.109375,1
2026-08-14 11:57:53,23.109375,1
2026-08-14 11:57:53,23.15625,1
2026-08-14 11:57:53,23.15625,1
2026-08-14 11:57:53,23.15625,1
2026-08-14 11:57:53,23.15625,1
2026-08-14 11:57:53,23.15625,1
2026-08-14 11:57:53,23.15625,1
2026-08-14 11:57:53,23.15625,1
2026-08-14 11:57:53,23.15625,1
2026-08-14 11:57:53,22.578125,1
2026-08-14 11:57:53,22.578125,1
2026-08-14 11:57:53,22.484375,1
2026-08-14 11:57:53,22.484375,1
2026-08-14 11:57:53,22.484375,1
2026-08-14 11:57:53,22.484375,1
2026-08-14 11:57:53,22.484375,1
2026-08-14 11:57:53,22.484375,1
2026-08-14 11:57:53,22.484375,1
2026-08-14 11:57:53,22.484375,1
2026-08-14 11:57:54,22.375,1
2026-08-14 11:57:54,22.375,1
2026-08-14 11:57:54,22.546875,1
2026-08-14 11:57:54,22.546875,1
2026-08-14 11:57:54,22.59375,1
2026-08-14 11:57:54,22.59375,1
2026-08-14 11:57:54,22.59375,1
2026-08-14 11:57:54,22.59375,1
2026-08-14 11:57:54,22.59375,1
2026-08-14 11:57:54,22.59375,1
2026-08-14 11:57:54,22.59375,1
2026-08-14 11:57:54,22.59375,1
2026-08-14 11:57:54,22.59375,1
2026-08-14 11:57:54,22.59375,1
2026-08-14 11:57:54,23.453125,1
2026-08-14 11:57:54,23.453125,1
2026-08-14 11:57:54,23.453125,1
2026-08-14 11:57:54,23.453125,1
2026-08-14 11:57:54,23.40625,1
2026-08-14 11:57:54,23.40625,1
2026-08-14 11:57:55,23.40625,1
2026-08-14 11:57:55,23.40625,1
2026-08-14 11:57:55,23.40625,1
2026-08-14 11:57:55,23.40625,1
2026-08-14 11:57:55,23.40625,1
2026-08-14 11:57:55,23.40625,1
2026-08-14 11:57:55,23.40625,1
2026-08-14 11:57:55,23.40625,1
2026-08-14 11:57:55,23.4375,1
2026-08-14 11:57:55,23.4375,1
2026-08-14 11:57:55,23.625,1
2026-08-14 11:57:55,23.625,1
2026-08-14 11:57:55,23.625,1
2026-08-14 11:57:55,23.625,1
2026-08-14 11:57:55,23.625,1
2026-08-14 11:57:55,23.625,1
2026-08-14 11:57:55,23.625,1
2026-08-14 11:57:55,23.625,1
2026-08-14 11:57:55,23.625,1
2026-08-14 11:57:55,23.625,1
2026-08-14 11:57:56,22.796875,1
2026-08-14 11:57:56,22.796875,1
2026-08-14 11:57:56,22.453125,1
2026-08-14 11:57:56,22.453125,1
2026-08-14 11:57:56,22.46875,1
2026-08-14 11:57:56,22.46875,1
2026-08-14 11:57:56,22.46875,1
2026-08-14 11:57:56,22.46875,1
2026-08-14 11:57:56,22.46875,1
2026-08-14 11:57:56,22.46875,1
2026-08-14 11:57:56,22.46875,1
2026-08-14 11:57:56,22.46875,1
2026-08-14 11:57:56,22.46875,1
2026-08-14 11:57:56,22.46875,1
2026-08-14 11:57:56,22.375,1
2026-08-14 11:57:56,22.375,1
2026-08-14 11:57:56,22.453125,1
2026-08-14 11:57:56,22.453125,1
2026-08-14 11:57:56,22.53125,1
2026-08-14 11:57:56,22.53125,1
2026-08-14 11:57:57,22.53125,1
2026-08-14 11:57:57,22.53125,1
2026-08-14 11:57:57,22.53125,1
2026-08-14 11:57:57,22.53125,1
2026-08-14 11:57:57,22.53125,1
2026-08-14 11:57:57,22.53125,1
2026-08-14 11:57:57,22.75,1
2026-08-14 11:57:57,22.75,1
2026-08-14 11:57:57,22.953125,1
2026-08-14 11:57:57,22.953125,1
2026-08-14 11:57:57,22.953125,1
2026-08-14 11:57:57,22.953125,1
2026-08-14 11:57:57,22.953125,1
2026-08-14 11:57:57,22.953125,1
2026-08-14 11:57:57,22.953125,1
2026-08-14 11:57:57,22.953125,1
2026-08-14 11:57:57,22.953125,1
2026-08-14 11:57:57,22.953125,1
2026-08-14 11:57:57,22.34375,1
2026-08-14 11:57:57,22.34375,1
2026-08-14 11:57:58,22.15625,1
2026-08-14 11:57:58,22.15625,1
2026-08-14 11:57:58,22.15625,1
2026-08-14 11:57:58,22.15625,1
2026-08-14 11:57:58,22.15625,1
2026-08-14 11:57:58,22.15625,1
2026-08-14 11:57:58,22.15625,1
2026-08-14 11:57:58,22.15625,1
2026-08-14 11:57:58,22.15625,1
2026-08-14 11:57:58,22.15625,1
2026-08-14 11:57:58,22.09375,1
2026-08-14 11:57:58,22.09375,1
2026-08-14 11:57:58,22.078125,1
2026-08-14 11:57:58,22.078125,1
2026-08-14 11:57:58,22.078125,1
2026-08-14 11:57:58,22.078125,1
2026-08-14 11:57:58,22.078125,1
2026-08-14 11:57:58,22.078125,1
2026-08-14 11:57:58,22.078125,1
2026-08-14 11:57:58,22.078125,1
2026-08-14 11:57:59,22.078125,1
2026-08-14 11:57:59,22.078125,1
2026-08-14 11:57:59,21.9375,1
2026-08-14 11:57:59,21.9375,1
2026-08-14 11:57:59,21.59375,1
2026-08-14 11:57:59,21.59375,1
2026-08-14 11:57:59,21.703125,1
2026-08-14 11:57:59,21.703125,1
2026-08-14 11:57:59,21.703125,1
2026-08-14 11:57:59,21.703125,1
2026-08-14 11:57:59,21.703125,1
2026-08-14 11:57:59,21.703125,1
2026-08-14 11:57:59,21.703125,1
2026-08-14 11:57:59,21.703125,1
2026-08-14 11:57:59,21.703125,1
2026-08-14 11:57:59,21.703125,1
2026-08-14 11:57:59,22.15625,1
2026-08-14 11:57:59,22.15625,1
2026-08-14 11:57:59,22.0,1
2026-08-14 11:57:59,22.0,1
2026-08-14 11:58:00,22.0,1
2026-08-14 11:58:00,22.0,1
2026-08-14 11:58:00,22.0,1
2026-08-14 11:58:00,22.0,1
2026-08-14 11:58:00,22.0,1
2026-08-14 11:58:00,22.0,1
2026-08-14 11:58:00,22.0,1
2026-08-14 11:58:00,22.0,1
2026-08-14 11:58:00,20.875,1
2026-08-14 11:58:00,20.875,1
2026-08-14 11:58:00,20.796875,1
2026-08-14 11:58:00,20.796875,1
2026-08-14 11:58:00,20.796875,1
2026-08-14 11:58:00,20.796875,1
2026-08-14 11:58:00,20.796875,1
2026-08-14 11:58:00,20.796875,1
2026-08-14 11:58:00,20.796875,1
2026-08-14 11:58:00,20.796875,1
2026-08-14 11:58:00,20.703125,1
2026-08-14 11:58:00,20.703125,1
2026-08-14 11:58:01,20.796875,1
2026-08-14 11:58:01,20.796875,1
2026-08-14 11:58:01,20.796875,1
2026-08-14 11:58:01,20.796875,1
2026-08-14 11:58:01,20.796875,1
2026-08-14 11:58:01,20.796875,1
2026-08-14 11:58:01,20.796875,1
2026-08-14 11:58:01,20.796875,1
2026-08-14 11:58:01,20.796875,1
2026-08-14 11:58:01,20.796875,1
2026-08-14 11:58:01,20.765625,1
2026-08-14 11:58:01,20.765625,1
2026-08-14 11:58:01,20.765625,1
2026-08-14 11:58:01,20.765625,1
2026-08-14 11:58:01,20.765625,1
2026-08-14 11:58:01,20.765625,1
2026-08-14 11:58:01,20.765625,1
2026-08-14 11:58:01,20.765625,1
2026-08-14 11:58:01,20.765625,1
2026-08-14 11:58:01,20.765625,1
2026-08-14 11:58:02,20.53125,1
2026-08-14 11:58:02,20.53125,1
2026-08-14 11:58:02,20.5,1
2026-08-14 11:58:02,20.5,1
2026-08-14 11:58:02,20.171875,1
2026-08-14 11:58:02,20.171875,1
2026-08-14 11:58:02,20.203125,1
2026-08-14 11:58:02,20.203125,1
2026-08-14 11:58:02,20.203125,1
2026-08-14 11:58:02,20.203125,1
2026-08-14 11:58:02,20.203125,1
2026-08-14 11:58:02,20.203125,1
2026-08-14 11:58:02,20.203125,1
2026-08-14 11:58:02,20.203125,1
2026-08-14 11:58:02,20.203125,1
2026-08-14 11:58:02,20.203125,1
2026-08-14 11:58:02,19.0625,1
2026-08-14 11:58:02,19.0625,1
2026-08-14 11:58:02,19.21875,1
2026-08-14 11:58:02,19.21875,1
2026-08-14 11:58:03,19.21875,1
2026-08-14 11:58:03,19.21875,1
2026-08-14 11:58:03,19.21875,1
2026-08-14 11:58:03,19.21875,1
2026-08-14 11:58:03,19.21875,1
2026-08-14 11:58:03,19.21875,1
2026-08-14 11:58:03,17.515625,1
2026-08-14 11:58:03,17.515625,1
2026-08-14 11:58:03,17.5,1
2026-08-14 11:58:03,17.5,1
2026-08-14 11:58:03,17.546875,1
2026-08-14 11:58:03,17.546875,1
2026-08-14 11:58:03,17.546875,1
2026-08-14 11:58:03,17.546875,1
2026-08-14 11:58:03,17.546875,1
2026-08-14 11:58:03,17.546875,1
2026-08-14 11:58:03,17.546875,1
2026-08-14 11:58:03,17.546875,1
2026-08-14 11:58:03,17.546875,1
2026-08-14 11:58:03,17.546875,1
2026-08-14 11:58:04,17.953125,1
2026-08-14 11:58:04,17.953125,1
2026-08-14 11:58:04,18.921875,1
2026-08-14 11:58:04,18.921875,1
2026-08-14 11:58:04,18.921875,1
2026-08-14 11:58:04,18.921875,1
2026-08-14 11:58:04,18.921875,1
2026-08-14 11:58:04,18.921875,1
2026-08-14 11:58:04,23.53125,1
2026-08-14 11:58:04,23.53125,1
2026-08-14 11:58:04,24.078125,1
2026-08-14 11:58:04,24.078125,1
2026-08-14 11:58:04,24.390625,1
2026-08-14 11:58:04,24.390625,1
2026-08-14 11:58:04,24.390625,1
2026-08-14 11:58:04,24.390625,1
2026-08-14 11:58:04,24.390625,1
2026-08-14 11:58:04,24.390625,1
2026-08-14 11:58:04,24.390625,1
2026-08-14 11:58:04,24.390625,1
2026-08-14 11:58:05,24.390625,1
2026-08-14 11:58:05,24.390625,1
2026-08-14 11:58:05,26.265625,1
2026-08-14 11:58:05,26.265625,1
2026-08-14 11:58:05,26.15625,1
2026-08-14 11:58:05,26.15625,1
2026-08-14 11:58:05,26.15625,1
2026-08-14 11:58:05,26.15625,1
2026-08-14 11:58:05,26.15625,1
2026-08-14 11:58:05,26.15625,1
2026-08-14 11:58:05,26.15625,1
2026-08-14 11:58:05,26.15625,1
2026-08-14 11:58:05,26.15625,1
2026-08-14 11:58:05,26.15625,1
2026-08-14 11:58:05,22.21875,1
2026-08-14 11:58:05,22.21875,1
2026-08-14 11:58:05,22.171875,1
2026-08-14 11:58:05,22.171875,1
2026-08-14 11:58:05,22.171875,1
2026-08-14 11:58:05,22.171875,1
2026-08-14 11:58:06,22.171875,1
2026-08-14 11:58:06,22.171875,1
2026-08-14 11:58:06,22.171875,1
2026-08-14 11:58:06,22.171875,1
2026-08-14 11:58:06,22.171875,1
2026-08-14 11:58:06,22.171875,1
2026-08-14 11:58:06,20.96875,1
2026-08-14 11:58:06,20.96875,1
2026-08-14 11:58:06,20.84375,1
2026-08-14 11:58:06,20.84375,1
2026-08-14 11:58:06,20.84375,1
2026-08-14 11:58:06,20.84375,1
2026-08-14 11:58:06,20.84375,1
2026-08-14 11:58:06,20.84375,1
2026-08-14 11:58:06,20.84375,1
2026-08-14 11:58:06,20.84375,1
2026-08-14 11:58:06,20.84375,1
2026-08-14 11:58:06,20.84375,1
2026-08-14 11:58:06,18.875,1
2026-08-14 11:58:06,18.875,1
2026-08-14 11:58:07,18.984375,1
2026-08-14 11:58:07,18.984375,1
2026-08-14 11:58:07,18.984375,1
2026-08-14 11:58:07,18.984375,1
2026-08-14 11:58:07,18.984375,1
2026-08-14 11:58:07,18.984375,1
2026-08-14 11:58:07,18.984375,1
2026-08-14 11:58:07,18.984375,1
2026-08-14 11:58:07,18.984375,1
2026-08-14 11:58:07,18.984375,1
2026-08-14 11:58:07,10.671875,1
2026-08-14 11:58:07,10.671875,1
2026-08-14 11:58:07,9.640625,1
2026-08-14 11:58:07,9.640625,1
2026-08-14 11:58:07,9.640625,1
2026-08-14 11:58:07,9.640625,1
2026-08-14 11:58:07,9.640625,1
2026-08-14 11:58:07,9.640625,1
2026-08-14 11:58:07,9.640625,1
2026-08-14 11:58:07,9.640625,1
2026-08-14 11:58:08,6.15625,1
2026-08-14 11:58:08,6.15625,1
2026-08-14 11:58:08,5.8125,1
2026-08-14 11:58:08,5.8125,1
2026-08-14 11:58:08,5.703125,1
2026-08-14 11:58:08,5.703125,1
2026-08-14 11:58:08,5.703125,1
2026-08-14 11:58:08,5.703125,1
2026-08-14 11:58:08,5.703125,1
2026-08-14 11:58:08,5.703125,1
2026-08-14 11:58:08,5.703125,1
2026-08-14 11:58:08,5.703125,1
2026-08-14 11:58:08,5.703125,1
2026-08-14 11:58:08,5.703125,1
2026-08-14 11:58:08,2.4375,1
2026-08-14 11:58:08,2.4375,1
2026-08-14 11:58:08,2.328125,1
2026-08-14 11:58:08,2.328125,1
2026-08-14 11:58:08,2.328125,1
2026-08-14 11:58:08,2.328125,1
2026-08-14 11:58:09,2.328125,1
2026-08-14 11:58:09,2.328125,1
2026-08-14 11:58:09,2.328125,1
2026-08-14 11:58:09,2.328125,1
2026-08-14 11:58:09,0.0,1
2026-08-14 11:58:09,0.0,1
2026-08-14 11:58:09,0.0,1
2026-08-14 11:58:09,0.0,1
2026-08-14 11:58:09,0.0,1
2026-08-14 11:58:09,0.0,1
2026-08-14 11:58:09,0.0,1
2026-08-14 11:58:09,0.0,1
2026-08-14 11:58:09,0.0,1
2026-08-14 11:58:09,0.0,1
2026-08-14 11:58:09,0.0,1
2026-08-14 11:58:09,0.0,1
2026-08-14 11:58:09,0.0,1
2026-08-14 11:58:09,0.0,1
2026-08-14 11:58:09,0.0,1
2026-08-14 11:58:09,0.0,1
2026-08-14 11:58:10,0.0,1
2026-08-14 11:58:10,0.0,1
2026-08-14 11:58:10,0.0,1
2026-08-14 11:58:10,0.0,1
2026-08-14 11:58:10,0.0,1
2026-08-14 11:58:10,0.0,1
2026-08-14 11:58:10,0.0,1
2026-08-14 11:58:10,0.0,1
2026-08-14 11:58:10,0.0,1
2026-08-14 11:58:10,0.0,1
2026-08-14 11:58:10,0.0,1
2026-08-14 11:58:10,0.0,1
2026-08-14 11:58:10,0.0,1
2026-08-14 11:58:10,0.0,1
2026-08-14 11:58:10,0.0,1
2026-08-14 11:58:10,0.0,1
2026-08-14 11:58:10,0.0,1
2026-08-14 11:58:10,0.0,1
2026-08-14 11:58:10,0.0,1
2026-08-14 11:58:10,0.0,1
2026-08-14 11:58:11,0.0,1
2026-08-14 11:58:11,0.0,1
2026-08-14 11:58:11,0.0,1
2026-08-14 11:58:11,0.0,1
2026-08-14 11:58:11,0.0,1
2026-08-14 11:58:11,0.0,1
2026-08-14 11:58:11,0.0,1
2026-08-14 11:58:11,0.0,1
2026-08-14 11:58:11,0.0,1
2026-08-14 11:58:11,0.0,1
2026-08-14 11:58:11,0.0,1
2026-08-14 11:58:11,0.0,1
2026-08-14 11:58:11,0.0,1
2026-08-14 11:58:11,0.0,1
2026-08-14 11:58:11,0.0,1
2026-08-14 11:58:11,0.0,1
2026-08-14 11:58:11,0.0,1
2026-08-14 11:58:11,0.0,1
2026-08-14 11:58:11,0.0,1
2026-08-14 11:58:11,0.0,1
2026-08-14 11:58:12,0.0,1
2026-08-14 11:58:12,0.0,1
2026-08-14 11:58:12,0.0,1
2026-08-14 11:58:12,0.0,1
2026-08-14 11:58:12,0.0,1
2026-08-14 11:58:12,0.0,1
2026-08-14 11:58:12,0.0,1
2026-08-14 11:58:12,0.0,1
2026-08-14 11:58:12,0.0,1
2026-08-14 11:58:12,0.0,1
2026-08-14 11:58:12,0.0,1
2026-08-14 11:58:12,0.0,1
2026-08-14 11:58:12,0.0,1
2026-08-14 11:58:12,0.0,1
2026-08-14 11:58:12,0.0,1
2026-08-14 11:58:12,0.0,1
2026-08-14 11:58:12,0.0,1
2026-08-14 11:58:12,0.0,1
2026-08-14 11:58:12,0.0,1
2026-08-14 11:58:12,0.0,1
2026-08-14 11:58:13,0.0,1
2026-08-14 11:58:13,0.0,1
2026-08-14 11:58:13,0.0,1
2026-08-14 11:58:13,0.0,1
2026-08-14 11:58:13,0.0,1
2026-08-14 11:58:13,0.0,1
2026-08-14 11:58:13,0.0,1
2026-08-14 11:58:13,0.0,1
2026-08-14 11:58:13,0.0,1
2026-08-14 11:58:13,0.0,1
2026-08-14 11:58:13,0.0,1
2026-08-14 11:58:13,0.0,1
2026-08-14 11:58:13,0.0,1
2026-08-14 11:58:13,0.0,1
2026-08-14 11:58:13,0.0,1
2026-08-14 11:58:13,0.0,1
2026-08-14 11:58:13,0.0,1
2026-08-14 11:58:13,0.0,1
2026-08-14 11:58:13,0.0,1
2026-08-14 11:58:13,0.0,1
2026-08-14 11:58:14,0.0,1
2026-08-14 11:58:14,0.0,1
2026-08-14 11:58:14,0.0,1
2026-08-14 11:58:14,0.0,1
2026-08-14 11:58:14,0.0,1
2026-08-14 11:58:14,0.0,1
2026-08-14 11:58:14,0.0,1
2026-08-14 11:58:14,0.0,1
2026-08-14 11:58:14,0.0,1
2026-08-14 11:58:14,0.0,1
2026-08-14 11:58:14,0.0,1
2026-08-14 11:58:14,0.0,1
2026-08-14 11:58:14,0.0,1
2026-08-14 11:58:14,0.0,1
2026-08-14 11:58:14,0.0,1
2026-08-14 11:58:14,0.0,1
2026-08-14 11:58:14,0.0,1
2026-08-14 11:58:14,0.0,1
2026-08-14 11:58:14,0.0,1
2026-08-14 11:58:14,0.0,1
2026-08-14 11:58:15,0.0,1
2026-08-14 11:58:15,0.0,1
2026-08-14 11:58:15,0.0,1
2026-08-14 11:58:15,0.0,1
2026-08-14 11:58:15,0.0,1
2026-08-14 11:58:15,0.0,1
2026-08-14 11:58:15,0.0,1
2026-08-14 11:58:15,0.0,1
2026-08-14 11:58:15,0.0,1
2026-08-14 11:58:15,0.0,1
2026-08-14 11:58:15,0.0,1
2026-08-14 11:58:15,0.0,1
2026-08-14 11:58:15,0.0,1
2026-08-14 11:58:15,0.0,1
2026-08-14 11:58:15,0.0,1
2026-08-14 11:58:15,0.0,1
2026-08-14 11:58:15,0.0,1
2026-08-14 11:58:15,0.0,1
2026-08-14 11:58:15,0.0,1
2026-08-14 11:58:15,0.0,1
2026-08-14 11:58:16,0.0,1
2026-08-14 11:58:16,0.0,1
2026-08-14 11:58:16,0.0,1
2026-08-14 11:58:16,0.0,1
2026-08-14 11:58:16,0.0,1
2026-08-14 11:58:16,0.0,1
2026-08-14 11:58:16,0.0,1
2026-08-14 11:58:16,0.0,1
2026-08-14 11:58:16,0.0,1
2026-08-14 11:58:16,0.0,1
2026-08-14 11:58:16,0.0,1
2026-08-14 11:58:16,0.0,1
2026-08-14 11:58:16,0.0,1
2026-08-14 11:58:16,0.0,1
2026-08-14 11:58:16,0.0,1
2026-08-14 11:58:16,0.0,1
2026-08-14 11:58:16,0.0,1
2026-08-14 11:58:16,0.0,1
2026-08-14 11:58:16,0.0,1
2026-08-14 11:58:16,0.0,1
2026-08-14 11:58:17,0.0,1
2026-08-14 11:58:17,0.0,1
2026-08-14 11:58:17,0.0,1
2026-08-14 11:58:17,0.0,1
2026-08-14 11:58:17,0.0,1
2026-08-14 11:58:17,0.0,1
2026-08-14 11:58:17,0.0,1
2026-08-14 11:58:17,0.0,1
2026-08-14 11:58:17,0.0,1
2026-08-14 11:58:17,0.0,1
2026-08-14 11:58:17,0.0,1
2026-08-14 11:58:17,0.0,1
2026-08-14 11:58:17,0.0,1
2026-08-14 11:58:17,0.0,1
2026-08-14 11:58:17,0.0,1
2026-08-14 11:58:17,0.0,1
2026-08-14 11:58:17,0.0,1
2026-08-14 11:58:17,0.0,1
2026-08-14 11:58:17,0.0,1
2026-08-14 11:58:17,0.0,1
2026-08-14 11:58:18,0.0,1
2026-08-14 11:58:18,0.0,1
2026-08-14 11:58:18,0.0,1
2026-08-14 11:58:18,0.0,1
2026-08-14 11:58:18,0.0,1
2026-08-14 11:58:18,0.0,1
2026-08-14 11:58:18,0.0,1
2026-08-14 11:58:18,0.0,1
2026-08-14 11:58:18,0.625,1
2026-08-14 11:58:18,0.625,1
2026-08-14 11:58:18,0.625,1
2026-08-14 11:58:18,0.625,1
2026-08-14 11:58:18,0.625,1
2026-08-14 11:58:18,0.625,1
2026-08-14 11:58:18,0.625,1
2026-08-14 11:58:18,0.625,1
2026-08-14 11:58:18,0.625,1
2026-08-14 11:58:18,0.625,1
2026-08-14 11:58:18,4.390625,1
2026-08-14 11:58:18,4.390625,1
2026-08-14 11:58:19,4.765625,1
2026-08-14 11:58:19,4.765625,1
2026-08-14 11:58:19,4.765625,1
2026-08-14 11:58:19,4.765625,1
2026-08-14 11:58:19,4.765625,1
2026-08-14 11:58:19,4.765625,1
2026-08-14 11:58:19,4.765625,1
2026-08-14 11:58:19,4.765625,1
2026-08-14 11:58:19,4.765625,1
2026-08-14 11:58:19,4.765625,1
2026-08-14 11:58:19,11.34375,1
2026-08-14 11:58:19,11.34375,1
2026-08-14 11:58:19,12.125,1
2026-08-14 11:58:19,12.125,1
2026-08-14 11:58:19,12.125,1
2026-08-14 11:58:19,12.125,1
2026-08-14 11:58:19,12.125,1
2026-08-14 11:58:19,12.125,1
2026-08-14 11:58:19,12.125,1
2026-08-14 11:58:19,12.125,1
2026-08-14 11:58:20,19.4375,1
2026-08-14 11:58:20,19.4375,1
2026-08-14 11:58:20,19.625,1
2026-08-14 11:58:20,19.625,1
2026-08-14 11:58:20,20.25,1
2026-08-14 11:58:20,20.25,1
2026-08-14 11:58:20,20.25,1
2026-08-14 11:58:20,20.25,1
2026-08-14 11:58:20,20.25,1
2026-08-14 11:58:20,20.25,1
2026-08-14 11:58:20,20.25,1
2026-08-14 11:58:20,20.25,1
2026-08-14 11:58:20,20.25,1
2026-08-14 11:58:20,20.25,1
2026-08-14 11:58:20,23.109375,1
2026-08-14 11:58:20,23.109375,1
2026-08-14 11:58:20,22.5625,1
2026-08-14 11:58:20,22.5625,1
2026-08-14 11:58:20,22.421875,1
2026-08-14 11:58:20,22.421875,1
2026-08-14 11:58:21,22.421875,1
2026-08-14 11:58:21,22.421875,1
2026-08-14 11:58:21,22.421875,1
2026-08-14 11:58:21,22.421875,1
2026-08-14 11:58:21,22.421875,1
2026-08-14 11:58:21,22.421875,1
2026-08-14 11:58:21,22.421875,1
2026-08-14 11:58:21,22.421875,1
2026-08-14 11:58:21,21.90625,1
2026-08-14 11:58:21,21.90625,1
2026-08-14 11:58:21,21.96875,1
2026-08-14 11:58:21,21.96875,1
2026-08-14 11:58:21,21.96875,1
2026-08-14 11:58:21,21.96875,1
2026-08-14 11:58:21,21.96875,1
2026-08-14 11:58:21,21.96875,1
2026-08-14 11:58:21,21.96875,1
2026-08-14 11:58:21,21.96875,1
2026-08-14 11:58:21,22.53125,1
2026-08-14 11:58:21,22.53125,1
2026-08-14 11:58:22,22.328125,1
2026-08-14 11:58:22,22.328125,1
2026-08-14 11:58:22,22.328125,1
2026-08-14 11:58:22,22.328125,1
2026-08-14 11:58:22,22.328125,1
2026-08-14 11:58:22,22.328125,1
2026-08-14 11:58:22,22.328125,1
2026-08-14 11:58:22,22.328125,1
2026-08-14 11:58:22,22.328125,1
2026-08-14 11:58:22,22.328125,1
2026-08-14 11:58:22,22.953125,1
2026-08-14 11:58:22,22.953125,1
2026-08-14 11:58:22,22.96875,1
2026-08-14 11:58:22,22.96875,1
2026-08-14 11:58:22,22.9375,1
2026-08-14 11:58:22,22.9375,1
2026-08-14 11:58:22,22.9375,1
2026-08-14 11:58:22,22.9375,1
2026-08-14 11:58:22,22.9375,1
2026-08-14 11:58:22,22.9375,1
2026-08-14 11:58:23,22.9375,1
2026-08-14 11:58:23,22.9375,1
2026-08-14 11:58:23,22.9375,1
2026-08-14 11:58:23,22.9375,1
2026-08-14 11:58:23,24.125,1
2026-08-14 11:58:23,24.125,1
2026-08-14 11:58:23,23.8125,1
2026-08-14 11:58:23,23.8125,1
2026-08-14 11:58:23,23.8125,1
2026-08-14 11:58:23,23.8125,1
2026-08-14 11:58:23,23.8125,1
2026-08-14 11:58:23,23.8125,1
2026-08-14 11:58:23,23.8125,1
2026-08-14 11:58:23,23.8125,1
2026-08-14 11:58:23,23.8125,1
2026-08-14 11:58:23,23.8125,1
2026-08-14 11:58:23,23.671875,1
2026-08-14 11:58:23,23.671875,1
2026-08-14 11:58:23,23.671875,1
2026-08-14 11:58:23,23.671875,1
2026-08-14 11:58:24,23.671875,1
2026-08-14 11:58:24,23.671875,1
2026-08-14 11:58:24,23.671875,1
2026-08-14 11:58:24,23.671875,1
2026-08-14 11:58:24,23.671875,1
2026-08-14 11:58:24,23.671875,1
2026-08-14 11:58:24,23.359375,1
2026-08-14 11:58:24,23.359375,1
2026-08-14 11:58:24,23.53125,1
2026-08-14 11:58:24,23.53125,1
2026-08-14 11:58:24,23.53125,1
2026-08-14 11:58:24,23.53125,1
2026-08-14 11:58:24,23.53125,1
2026-08-14 11:58:24,23.53125,1
2026-08-14 11:58:24,23.53125,1
2026-08-14 11:58:24,23.53125,1
2026-08-14 11:58:24,23.53125,1
2026-08-14 11:58:24,23.53125,1
2026-08-14 11:58:24,23.578125,1
2026-08-14 11:58:24,23.578125,1
2026-08-14 11:58:25,23.6875,1
2026-08-14 11:58:25,23.6875,1
2026-08-14 11:58:25,23.6875,1
2026-08-14 11:58:25,23.6875,1
2026-08-14 11:58:25,23.6875,1
2026-08-14 11:58:25,23.6875,1
2026-08-14 11:58:25,23.6875,1
2026-08-14 11:58:25,23.6875,1
2026-08-14 11:58:25,23.6875,1
2026-08-14 11:58:25,23.6875,1
2026-08-14 11:58:25,23.8125,1
2026-08-14 11:58:25,23.8125,1
2026-08-14 11:58:25,23.8125,1
2026-08-14 11:58:25,23.8125,1
2026-08-14 11:58:25,23.5625,1
2026-08-14 11:58:25,23.5625,1
2026-08-14 11:58:25,23.5625,1
2026-08-14 11:58:25,23.5625,1
2026-08-14 11:58:25,23.5625,1
2026-08-14 11:58:25,23.5625,1
2026-08-14 11:58:26,23.5625,1
2026-08-14 11:58:26,23.5625,1
2026-08-14 11:58:26,23.75,1
2026-08-14 11:58:26,23.75,1
2026-08-14 11:58:26,23.59375,1
2026-08-14 11:58:26,23.59375,1
2026-08-14 11:58:26,23.75,1
2026-08-14 11:58:26,23.75,1
2026-08-14 11:58:26,23.75,1
2026-08-14 11:58:26,23.75,1
2026-08-14 11:58:26,23.75,1
2026-08-14 11:58:26,23.75,1
2026-08-14 11:58:26,23.75,1
2026-08-14 11:58:26,23.75,1
2026-08-14 11:58:26,23.75,1
2026-08-14 11:58:26,23.75,1
2026-08-14 11:58:26,24.046875,1
2026-08-14 11:58:26,24.046875,1
2026-08-14 11:58:26,24.015625,1
2026-08-14 11:58:26,24.015625,1
2026-08-14 11:58:27,24.015625,1
2026-08-14 11:58:27,24.015625,1
2026-08-14 11:58:27,24.015625,1
2026-08-14 11:58:27,24.015625,1
2026-08-14 11:58:27,24.015625,1
2026-08-14 11:58:27,24.015625,1
2026-08-14 11:58:27,24.015625,1
2026-08-14 11:58:27,24.015625,1
2026-08-14 11:58:27,24.09375,1
2026-08-14 11:58:27,24.09375,1
2026-08-14 11:58:27,24.15625,1
2026-08-14 11:58:27,24.15625,1
2026-08-14 11:58:27,24.21875,1
2026-08-14 11:58:27,24.21875,1
2026-08-14 11:58:27,24.21875,1
2026-08-14 11:58:27,24.21875,1
2026-08-14 11:58:27,24.21875,1
2026-08-14 11:58:27,24.21875,1
2026-08-14 11:58:27,24.21875,1
2026-08-14 11:58:27,24.21875,1
2026-08-14 11:58:28,24.328125,1
2026-08-14 11:58:28,24.328125,1
2026-08-14 11:58:28,24.234375,1
2026-08-14 11:58:28,24.234375,1
2026-08-14 11:58:28,24.234375,1
2026-08-14 11:58:28,24.234375,1
2026-08-14 11:58:28,24.234375,1
2026-08-14 11:58:28,24.234375,1
2026-08-14 11:58:28,24.234375,1
2026-08-14 11:58:28,24.234375,1
2026-08-14 11:58:28,24.234375,1
2026-08-14 11:58:28,24.234375,1
2026-08-14 11:58:28,24.859375,1
2026-08-14 11:58:28,24.859375,1
2026-08-14 11:58:28,24.796875,1
2026-08-14 11:58:28,24.796875,1
2026-08-14 11:58:28,24.796875,1
2026-08-14 11:58:28,24.796875,1
2026-08-14 11:58:28,24.796875,1
2026-08-14 11:58:28,24.796875,1
2026-08-14 11:58:29,24.796875,1
2026-08-14 11:58:29,24.796875,1
2026-08-14 11:58:29,24.796875,1
2026-08-14 11:58:29,24.796875,1
2026-08-14 11:58:29,24.765625,1
2026-08-14 11:58:29,24.765625,1
2026-08-14 11:58:29,24.90625,1
2026-08-14 11:58:29,24.90625,1
2026-08-14 11:58:29,24.90625,1
2026-08-14 11:58:29,24.90625,1
2026-08-14 11:58:29,24.90625,1
2026-08-14 11:58:29,24.90625,1
2026-08-14 11:58:29,24.90625,1
2026-08-14 11:58:29,24.90625,1
2026-08-14 11:58:29,24.25,1
2026-08-14 11:58:29,24.25,1
2026-08-14 11:58:29,24.28125,1
2026-08-14 11:58:29,24.28125,1
2026-08-14 11:58:29,24.390625,1
2026-08-14 11:58:29,24.390625,1
2026-08-14 11:58:30,24.390625,1
2026-08-14 11:58:30,24.390625,1
2026-08-14 11:58:30,24.390625,1
2026-08-14 11:58:30,24.390625,1
2026-08-14 11:58:30,24.390625,1
2026-08-14 11:58:30,24.390625,1
2026-08-14 11:58:30,24.390625,1
2026-08-14 11:58:30,24.390625,1
2026-08-14 11:58:30,24.03125,1
2026-08-14 11:58:30,24.03125,1
2026-08-14 11:58:30,23.96875,1
2026-08-14 11:58:30,23.96875,1
2026-08-14 11:58:30,23.96875,1
2026-08-14 11:58:30,23.96875,1
2026-08-14 11:58:30,23.96875,1
2026-08-14 11:58:30,23.96875,1
2026-08-14 11:58:30,23.96875,1
2026-08-14 11:58:30,23.96875,1
2026-08-14 11:58:30,23.96875,1
2026-08-14 11:58:30,23.96875,1
2026-08-14 11:58:31,24.453125,1
2026-08-14 11:58:31,24.453125,1
2026-08-14 11:58:31,24.578125,1
2026-08-14 11:58:31,24.578125,1
2026-08-14 11:58:31,24.625,1
2026-08-14 11:58:31,24.625,1
2026-08-14 11:58:31,24.625,1
2026-08-14 11:58:31,24.625,1
2026-08-14 11:58:31,24.625,1
2026-08-14 11:58:31,24.625,1
2026-08-14 11:58:31,24.625,1
2026-08-14 11:58:31,24.625,1
2026-08-14 11:58:31,24.734375,1
2026-08-14 11:58:31,24.734375,1
2026-08-14 11:58:31,24.515625,1
2026-08-14 11:58:31,24.515625,1
2026-08-14 11:58:31,24.515625,1
2026-08-14 11:58:31,24.515625,1
2026-08-14 11:58:31,24.515625,1
2026-08-14 11:58:31,24.515625,1
2026-08-14 11:58:32,24.515625,1
2026-08-14 11:58:32,24.515625,1
2026-08-14 11:58:32,24.515625,1
2026-08-14 11:58:32,24.515625,1
2026-08-14 11:58:32,24.5,1
2026-08-14 11:58:32,24.5,1
2026-08-14 11:58:32,24.40625,1
2026-08-14 11:58:32,24.40625,1
2026-08-14 11:58:32,24.40625,1
2026-08-14 11:58:32,24.40625,1
2026-08-14 11:58:32,24.40625,1
2026-08-14 11:58:32,24.40625,1
2026-08-14 11:58:32,24.40625,1
2026-08-14 11:58:32,24.40625,1
2026-08-14 11:58:32,24.40625,1
2026-08-14 11:58:32,24.40625,1
2026-08-14 11:58:32,24.53125,1
2026-08-14 11:58:32,24.53125,1
2026-08-14 11:58:32,24.5625,1
2026-08-14 11:58:32,24.5625,1
2026-08-14 11:58:33,24.5625,1
2026-08-14 11:58:33,24.5625,1
2026-08-14 11:58:33,24.5625,1
2026-08-14 11:58:33,24.5625,1
2026-08-14 11:58:33,24.5625,1
2026-08-14 11:58:33,24.5625,1
2026-08-14 11:58:33,24.5625,1
2026-08-14 11:58:33,24.5625,1
2026-08-14 11:58:33,24.265625,1
2026-08-14 11:58:33,24.265625,1
2026-08-14 11:58:33,23.375,1
2026-08-14 11:58:33,23.375,1
2026-08-14 11:58:33,23.171875,1
2026-08-14 11:58:33,23.171875,1
2026-08-14 11:58:33,23.21875,1
2026-08-14 11:58:33,23.21875,1
2026-08-14 11:58:33,23.109375,1
2026-08-14 11:58:33,23.109375,1
2026-08-14 11:58:33,23.109375,1
2026-08-14 11:58:33,23.109375,1
2026-08-14 11:58:34,23.109375,1
2026-08-14 11:58:34,23.109375,1
2026-08-14 11:58:34,23.109375,1
2026-08-14 11:58:34,23.109375,1
2026-08-14 11:58:34,23.109375,1
2026-08-14 11:58:34,23.109375,1
2026-08-14 11:58:34,21.703125,1
2026-08-14 11:58:34,21.703125,1
2026-08-14 11:58:34,21.703125,1
2026-08-14 11:58:34,21.703125,1
2026-08-14 11:58:34,21.703125,1
2026-08-14 11:58:34,21.703125,1
2026-08-14 11:58:34,21.703125,1
2026-08-14 11:58:34,21.703125,1
2026-08-14 11:58:34,21.703125,1
2026-08-14 11:58:34,21.703125,1
2026-08-14 11:58:34,21.703125,1
2026-08-14 11:58:34,21.703125,1
2026-08-14 11:58:34,22.625,1
2026-08-14 11:58:34,22.625,1
2026-08-14 11:58:35,22.375,1
2026-08-14 11:58:35,22.375,1
2026-08-14 11:58:35,22.375,1
2026-08-14 11:58:35,22.375,1
2026-08-14 11:58:35,22.375,1
2026-08-14 11:58:35,22.375,1
2026-08-14 11:58:35,22.375,1
2026-08-14 11:58:35,22.375,1
2026-08-14 11:58:35,22.375,1
2026-08-14 11:58:35,22.375,1
2026-08-14 11:58:35,23.03125,1
2026-08-14 11:58:35,23.03125,1
2026-08-14 11:58:35,23.09375,1
2026-08-14 11:58:35,23.09375,1
2026-08-14 11:58:35,23.09375,1
2026-08-14 11:58:35,23.09375,1
2026-08-14 11:58:35,23.09375,1
2026-08-14 11:58:35,23.09375,1
2026-08-14 11:58:35,23.09375,1
2026-08-14 11:58:35,23.09375,1
2026-08-14 11:58:36,23.09375,1
2026-08-14 11:58:36,23.09375,1
2026-08-14 11:58:36,22.5625,1
2026-08-14 11:58:36,22.5625,1
2026-08-14 11:58:36,22.578125,1
2026-08-14 11:58:36,22.578125,1
2026-08-14 11:58:36,22.578125,1
2026-08-14 11:58:36,22.578125,1
2026-08-14 11:58:36,22.578125,1
2026-08-14 11:58:36,22.578125,1
2026-08-14 11:58:36,22.578125,1
2026-08-14 11:58:36,22.578125,1
2026-08-14 11:58:36,22.578125,1
2026-08-14 11:58:36,22.578125,1
2026-08-14 11:58:36,23.5625,1
2026-08-14 11:58:36,23.5625,1
2026-08-14 11:58:36,23.171875,1
2026-08-14 11:58:36,23.171875,1
2026-08-14 11:58:36,23.171875,1
2026-08-14 11:58:36,23.171875,1
2026-08-14 11:58:37,23.171875,1
2026-08-14 11:58:37,23.171875,1
2026-08-14 11:58:37,23.171875,1
2026-08-14 11:58:37,23.171875,1
2026-08-14 11:58:37,23.171875,1
2026-08-14 11:58:37,23.171875,1
2026-08-14 11:58:37,21.421875,1
2026-08-14 11:58:37,21.421875,1
2026-08-14 11:58:37,21.21875,1
2026-08-14 11:58:37,21.21875,1
2026-08-14 11:58:37,21.21875,1
2026-08-14 11:58:37,21.21875,1
2026-08-14 11:58:37,21.21875,1
2026-08-14 11:58:37,21.21875,1
2026-08-14 11:58:37,21.21875,1
2026-08-14 11:58:37,21.21875,1
2026-08-14 11:58:37,21.21875,1
2026-08-14 11:58:37,21.21875,1
2026-08-14 11:58:37,20.078125,1
2026-08-14 11:58:37,20.078125,1
2026-08-14 11:58:38,20.125,1
2026-08-14 11:58:38,20.125,1
2026-08-14 11:58:38,19.90625,1
2026-08-14 11:58:38,19.90625,1
2026-08-14 11:58:38,19.90625,1
2026-08-14 11:58:38,19.90625,1
2026-08-14 11:58:38,19.90625,1
2026-08-14 11:58:38,19.90625,1
2026-08-14 11:58:38,19.90625,1
2026-08-14 11:58:38,19.90625,1
2026-08-14 11:58:38,19.90625,1
2026-08-14 11:58:38,19.90625,1
2026-08-14 11:58:38,18.5625,1
2026-08-14 11:58:38,18.5625,1
2026-08-14 11:58:38,18.359375,1
2026-08-14 11:58:38,18.359375,1
2026-08-14 11:58:38,18.359375,1
2026-08-14 11:58:38,18.359375,1
2026-08-14 11:58:38,18.359375,1
2026-08-14 11:58:38,18.359375,1
2026-08-14 11:58:39,18.359375,1
2026-08-14 11:58:39,18.359375,1
2026-08-14 11:58:39,18.359375,1
2026-08-14 11:58:39,18.359375,1
2026-08-14 11:58:39,15.3125,1
2026-08-14 11:58:39,15.3125,1
2026-08-14 11:58:39,15.640625,1
2026-08-14 11:58:39,15.640625,1
2026-08-14 11:58:39,15.640625,1
2026-08-14 11:58:39,15.640625,1
2026-08-14 11:58:39,15.640625,1
2026-08-14 11:58:39,15.640625,1
2026-08-14 11:58:39,15.640625,1
2026-08-14 11:58:39,15.640625,1
2026-08-14 11:58:39,18.125,1
2026-08-14 11:58:39,18.125,1
2026-08-14 11:58:39,18.328125,1
2026-08-14 11:58:39,18.328125,1
2026-08-14 11:58:39,17.75,1
2026-08-14 11:58:39,17.75,1
2026-08-14 11:58:40,17.75,1
2026-08-14 11:58:40,17.75,1
2026-08-14 11:58:40,17.75,1
2026-08-14 11:58:40,17.75,1
2026-08-14 11:58:40,17.75,1
2026-08-14 11:58:40,17.75,1
2026-08-14 11:58:40,24.8125,1
2026-08-14 11:58:40,24.8125,1
2026-08-14 11:58:40,24.8125,1
2026-08-14 11:58:40,24.8125,1
2026-08-14 11:58:40,24.6875,1
2026-08-14 11:58:40,24.6875,1
2026-08-14 11:58:40,24.5,1
2026-08-14 11:58:40,24.5,1
2026-08-14 11:58:40,24.5,1
2026-08-14 11:58:40,24.5,1
2026-08-14 11:58:40,24.5,1
2026-08-14 11:58:40,24.5,1
2026-08-14 11:58:40,24.5,1
2026-08-14 11:58:40,24.5,1
2026-08-14 11:58:41,24.5,1
2026-08-14 11:58:41,24.5,1
2026-08-14 11:58:41,23.90625,1
2026-08-14 11:58:41,23.90625,1
2026-08-14 11:58:41,23.578125,1
2026-08-14 11:58:41,23.578125,1
2026-08-14 11:58:41,23.578125,1
2026-08-14 11:58:41,23.578125,1
2026-08-14 11:58:41,23.578125,1
2026-08-14 11:58:41,23.578125,1
2026-08-14 11:58:41,23.578125,1
2026-08-14 11:58:41,23.578125,1
2026-08-14 11:58:41,23.578125,1
2026-08-14 11:58:41,23.578125,1
2026-08-14 11:58:41,23.125,1
2026-08-14 11:58:41,23.125,1
2026-08-14 11:58:41,23.0,1
2026-08-14 11:58:41,23.0,1
2026-08-14 11:58:41,23.0,1
2026-08-14 11:58:41,23.0,1
2026-08-14 11:58:42,23.0,1
2026-08-14 11:58:42,23.0,1
2026-08-14 11:58:42,23.0,1
2026-08-14 11:58:42,23.0,1
2026-08-14 11:58:42,22.671875,1
2026-08-14 11:58:42,22.671875,1
2026-08-14 11:58:42,22.640625,1
2026-08-14 11:58:42,22.640625,1
2026-08-14 11:58:42,22.640625,1
2026-08-14 11:58:42,22.640625,1
2026-08-14 11:58:42,22.640625,1
2026-08-14 11:58:42,22.640625,1
2026-08-14 11:58:42,22.640625,1
2026-08-14 11:58:42,22.640625,1
2026-08-14 11:58:42,23.46875,1
2026-08-14 11:58:42,23.46875,1
2026-08-14 11:58:42,24.25,1
2026-08-14 11:58:42,24.25,1
2026-08-14 11:58:42,24.28125,1
2026-08-14 11:58:42,24.28125,1
2026-08-14 11:58:43,24.28125,1
2026-08-14 11:58:43,24.28125,1
2026-08-14 11:58:43,24.28125,1
2026-08-14 11:58:43,24.28125,1
2026-08-14 11:58:43,24.28125,1
2026-08-14 11:58:43,24.28125,1
2026-08-14 11:58:43,24.28125,1
2026-08-14 11:58:43,24.28125,1
2026-08-14 11:58:43,24.75,1
2026-08-14 11:58:43,24.75,1
2026-08-14 11:58:43,24.9375,1
2026-08-14 11:58:43,24.9375,1
2026-08-14 11:58:43,24.921875,1
2026-08-14 11:58:43,24.921875,1
2026-08-14 11:58:43,24.921875,1
2026-08-14 11:58:43,24.921875,1
2026-08-14 11:58:43,24.921875,1
2026-08-14 11:58:43,24.921875,1
2026-08-14 11:58:43,24.921875,1
2026-08-14 11:58:43,24.921875,1
2026-08-14 11:58:44,24.921875,1
2026-08-14 11:58:44,24.921875,1
2026-08-14 11:58:44,25.046875,1
2026-08-14 11:58:44,25.046875,1
2026-08-14 11:58:44,25.15625,1
2026-08-14 11:58:44,25.15625,1
2026-08-14 11:58:44,25.15625,1
2026-08-14 11:58:44,25.15625,1
2026-08-14 11:58:44,25.15625,1
2026-08-14 11:58:44,25.15625,1
2026-08-14 11:58:44,25.15625,1
2026-08-14 11:58:44,25.15625,1
2026-08-14 11:58:44,25.15625,1
2026-08-14 11:58:44,25.15625,1
2026-08-14 11:58:44,24.8125,1
2026-08-14 11:58:44,24.8125,1
2026-08-14 11:58:44,24.671875,1
2026-08-14 11:58:44,24.671875,1
2026-08-14 11:58:44,24.671875,1
2026-08-14 11:58:44,24.671875,1
2026-08-14 11:58:45,24.671875,1
2026-08-14 11:58:45,24.671875,1
2026-08-14 11:58:45,24.671875,1
2026-08-14 11:58:45,24.671875,1
2026-08-14 11:58:45,24.5,1
2026-08-14 11:58:45,24.5,1
2026-08-14 11:58:45,24.40625,1
2026-08-14 11:58:45,24.40625,1
2026-08-14 11:58:45,24.203125,1
2026-08-14 11:58:45,24.203125,1
2026-08-14 11:58:45,24.203125,1
2026-08-14 11:58:45,24.203125,1
2026-08-14 11:58:45,24.203125,1
2026-08-14 11:58:45,24.203125,1
2026-08-14 11:58:45,24.203125,1
2026-08-14 11:58:45,24.203125,1
2026-08-14 11:58:45,24.203125,1
2026-08-14 11:58:45,24.203125,1
2026-08-14 11:58:45,24.296875,1
2026-08-14 11:58:45,24.296875,1
2026-08-14 11:58:46,24.40625,1
2026-08-14 11:58:46,24.40625,1
2026-08-14 11:58:46,24.3125,1
2026-08-14 11:58:46,24.3125,1
2026-08-14 11:58:46,24.3125,1
2026-08-14 11:58:46,24.3125,1
2026-08-14 11:58:46,24.3125,1
2026-08-14 11:58:46,24.3125,1
2026-08-14 11:58:46,24.3125,1
2026-08-14 11:58:46,24.3125,1
2026-08-14 11:58:46,24.78125,1
2026-08-14 11:58:46,24.78125,1
2026-08-14 11:58:46,24.734375,1
2026-08-14 11:58:46,24.734375,1
2026-08-14 11:58:46,24.734375,1
2026-08-14 11:58:46,24.734375,1
2026-08-14 11:58:46,24.734375,1
2026-08-14 11:58:46,24.734375,1
2026-08-14 11:58:46,24.734375,1
2026-08-14 11:58:46,24.734375,1
2026-08-14 11:58:47,24.734375,1
2026-08-14 11:58:47,24.734375,1
2026-08-14 11:58:47,24.96875,1
2026-08-14 11:58:47,24.96875,1
2026-08-14 11:58:47,24.90625,1
2026-08-14 11:58:47,24.90625,1
2026-08-14 11:58:47,24.90625,1
2026-08-14 11:58:47,24.90625,1
2026-08-14 11:58:47,24.90625,1
2026-08-14 11:58:47,24.90625,1
2026-08-14 11:58:47,24.90625,1
2026-08-14 11:58:47,24.90625,1
2026-08-14 11:58:47,24.90625,1
2026-08-14 11:58:47,24.90625,1
2026-08-14 11:58:47,24.921875,1
2026-08-14 11:58:47,24.921875,1
2026-08-14 11:58:47,24.9375,1
2026-08-14 11:58:47,24.9375,1
2026-08-14 11:58:47,24.9375,1
2026-08-14 11:58:47,24.9375,1
2026-08-14 11:58:48,24.9375,1
2026-08-14 11:58:48,24.9375,1
2026-08-14 11:58:48,24.9375,1
2026-08-14 11:58:48,24.9375,1
2026-08-14 11:58:48,24.9375,1
2026-08-14 11:58:48,24.9375,1
2026-08-14 11:58:48,24.96875,1
2026-08-14 11:58:48,24.96875,1
2026-08-14 11:58:48,25.109375,1
2026-08-14 11:58:48,25.109375,1
2026-08-14 11:58:48,25.0625,1
2026-08-14 11:58:48,25.0625,1
2026-08-14 11:58:48,25.0625,1
2026-08-14 11:58:48,25.0625,1
2026-08-14 11:58:48,25.0625,1
2026-08-14 11:58:48,25.0625,1
2026-08-14 11:58:48,25.0625,1
2026-08-14 11:58:48,25.0625,1
2026-08-14 11:58:48,24.75,1
2026-08-14 11:58:48,24.75,1
2026-08-14 11:58:49,24.546875,1
2026-08-14 11:58:49,24.546875,1
2026-08-14 11:58:49,24.546875,1
2026-08-14 11:58:49,24.546875,1
2026-08-14 11:58:49,24.546875,1
2026-08-14 11:58:49,24.546875,1
2026-08-14 11:58:49,24.546875,1
2026-08-14 11:58:49,24.546875,1
2026-08-14 11:58:49,23.578125,1
2026-08-14 11:58:49,23.578125,1
2026-08-14 11:58:49,23.515625,1
2026-08-14 11:58:49,23.515625,1
2026-08-14 11:58:49,23.484375,1
2026-08-14 11:58:49,23.484375,1
2026-08-14 11:58:49,23.484375,1
2026-08-14 11:58:49,23.484375,1
2026-08-14 11:58:49,23.484375,1
2026-08-14 11:58:49,23.484375,1
2026-08-14 11:58:49,23.578125,1
2026-08-14 11:58:49,23.578125,1
2026-08-14 11:58:50,23.6875,1
2026-08-14 11:58:50,23.6875,1
2026-08-14 11:58:50,23.65625,1
2026-08-14 11:58:50,23.65625,1
2026-08-14 11:58:50,23.65625,1
2026-08-14 11:58:50,23.65625,1
2026-08-14 11:58:50,23.65625,1
2026-08-14 11:58:50,23.65625,1
2026-08-14 11:58:50,23.65625,1
2026-08-14 11:58:50,23.65625,1
2026-08-14 11:58:50,23.625,1
2026-08-14 11:58:50,23.625,1
2026-08-14 11:58:50,23.6875,1
2026-08-14 11:58:50,23.6875,1
2026-08-14 11:58:50,23.6875,1
2026-08-14 11:58:50,23.6875,1
2026-08-14 11:58:50,23.6875,1
2026-08-14 11:58:50,23.6875,1
2026-08-14 11:58:50,23.6875,1
2026-08-14 11:58:50,23.6875,1
2026-08-14 11:58:51,24.203125,1
2026-08-14 11:58:51,24.203125,1
2026-08-14 11:58:51,24.28125,1
2026-08-14 11:58:51,24.28125,1
2026-08-14 11:58:51,24.28125,1
2026-08-14 11:58:51,24.28125,1
2026-08-14 11:58:51,24.28125,1
2026-08-14 11:58:51,24.28125,1
2026-08-14 11:58:51,24.28125,1
2026-08-14 11:58:51,24.28125,1
2026-08-14 11:58:51,24.859375,1
2026-08-14 11:58:51,24.859375,1
2026-08-14 11:58:51,24.84375,1
2026-08-14 11:58:51,24.84375,1
2026-08-14 11:58:51,24.84375,1
2026-08-14 11:58:51,24.84375,1
2026-08-14 11:58:51,24.84375,1
2026-08-14 11:58:51,24.84375,1
2026-08-14 11:58:51,24.84375,1
2026-08-14 11:58:51,24.84375,1
2026-08-14 11:58:52,24.5,1
2026-08-14 11:58:52,24.5,1
2026-08-14 11:58:52,24.546875,1
2026-08-14 11:58:52,24.546875,1
2026-08-14 11:58:52,24.671875,1
2026-08-14 11:58:52,24.671875,1
2026-08-14 11:58:52,24.671875,1
2026-08-14 11:58:52,24.671875,1
2026-08-14 11:58:52,24.671875,1
2026-08-14 11:58:52,24.671875,1
2026-08-14 11:58:52,24.671875,1
2026-08-14 11:58:52,24.671875,1
2026-08-14 11:58:52,24.671875,1
2026-08-14 11:58:52,24.671875,1
2026-08-14 11:58:52,24.453125,1
2026-08-14 11:58:52,24.453125,1
2026-08-14 11:58:52,24.359375,1
2026-08-14 11:58:52,24.359375,1
2026-08-14 11:58:52,24.359375,1
2026-08-14 11:58:52,24.359375,1
2026-08-14 11:58:53,24.359375,1
2026-08-14 11:58:53,24.359375,1
2026-08-14 11:58:53,24.4375,1
2026-08-14 11:58:53,24.4375,1
2026-08-14 11:58:53,24.4375,1
2026-08-14 11:58:53,24.4375,1
2026-08-14 11:58:53,24.09375,1
2026-08-14 11:58:53,24.09375,1
2026-08-14 11:58:53,24.125,1
2026-08-14 11:58:53,24.125,1
2026-08-14 11:58:53,24.125,1
2026-08-14 11:58:53,24.125,1
2026-08-14 11:58:53,24.125,1
2026-08-14 11:58:53,24.125,1
2026-08-14 11:58:53,24.125,1
2026-08-14 11:58:53,24.125,1
2026-08-14 11:58:53,24.125,1
2026-08-14 11:58:53,24.125,1
2026-08-14 11:58:53,24.28125,1
2026-08-14 11:58:53,24.28125,1
2026-08-14 11:58:54,24.421875,1
2026-08-14 11:58:54,24.421875,1
2026-08-14 11:58:54,24.390625,1
2026-08-14 11:58:54,24.390625,1
2026-08-14 11:58:54,24.390625,1
2026-08-14 11:58:54,24.390625,1
2026-08-14 11:58:54,24.390625,1
2026-08-14 11:58:54,24.390625,1
2026-08-14 11:58:54,24.390625,1
2026-08-14 11:58:54,24.390625,1
2026-08-14 11:58:54,24.234375,1
2026-08-14 11:58:54,24.234375,1
2026-08-14 11:58:54,24.015625,1
2026-08-14 11:58:54,24.015625,1
2026-08-14 11:58:54,23.984375,1
2026-08-14 11:58:54,23.984375,1
2026-08-14 11:58:54,23.984375,1
2026-08-14 11:58:54,23.984375,1
2026-08-14 11:58:54,23.984375,1
2026-08-14 11:58:54,23.984375,1
2026-08-14 11:58:55,23.15625,1
2026-08-14 11:58:55,23.15625,1
2026-08-14 11:58:55,23.140625,1
2026-08-14 11:58:55,23.140625,1
2026-08-14 11:58:55,23.140625,1
2026-08-14 11:58:55,23.140625,1
2026-08-14 11:58:55,23.140625,1
2026-08-14 11:58:55,23.140625,1
2026-08-14 11:58:55,23.140625,1
2026-08-14 11:58:55,23.140625,1
2026-08-14 11:58:55,23.140625,1
2026-08-14 11:58:55,23.140625,1
2026-08-14 11:58:55,22.609375,1
2026-08-14 11:58:55,22.609375,1
2026-08-14 11:58:55,22.59375,1
2026-08-14 11:58:55,22.59375,1
2026-08-14 11:58:55,22.671875,1
2026-08-14 11:58:55,22.671875,1
2026-08-14 11:58:55,22.671875,1
2026-08-14 11:58:55,22.671875,1
2026-08-14 11:58:56,22.671875,1
2026-08-14 11:58:56,22.671875,1
2026-08-14 11:58:56,22.671875,1
2026-08-14 11:58:56,22.671875,1
2026-08-14 11:58:56,22.5625,1
2026-08-14 11:58:56,22.5625,1
2026-08-14 11:58:56,22.625,1
2026-08-14 11:58:56,22.625,1
2026-08-14 11:58:56,22.625,1
2026-08-14 11:58:56,22.625,1
2026-08-14 11:58:56,22.625,1
2026-08-14 11:58:56,22.625,1
2026-08-14 11:58:56,22.625,1
2026-08-14 11:58:56,22.625,1
2026-08-14 11:58:56,22.625,1
2026-08-14 11:58:56,22.625,1
2026-08-14 11:58:56,23.265625,1
2026-08-14 11:58:56,23.265625,1
2026-08-14 11:58:56,23.234375,1
2026-08-14 11:58:56,23.234375,1
2026-08-14 11:58:57,23.3125,1
2026-08-14 11:58:57,23.3125,1
2026-08-14 11:58:57,23.3125,1
2026-08-14 11:58:57,23.3125,1
2026-08-14 11:58:57,23.3125,1
2026-08-14 11:58:57,23.3125,1
2026-08-14 11:58:57,23.3125,1
2026-08-14 11:58:57,23.3125,1
2026-08-14 11:58:57,23.640625,1
2026-08-14 11:58:57,23.640625,1
2026-08-14 11:58:57,23.59375,1
2026-08-14 11:58:57,23.59375,1
2026-08-14 11:58:57,23.640625,1
2026-08-14 11:58:57,23.640625,1
2026-08-14 11:58:57,23.640625,1
2026-08-14 11:58:57,23.640625,1
2026-08-14 11:58:57,23.640625,1
2026-08-14 11:58:57,23.640625,1
2026-08-14 11:58:57,23.640625,1
2026-08-14 11:58:57,23.640625,1
2026-08-14 11:58:58,23.640625,1
2026-08-14 11:58:58,23.640625,1
2026-08-14 11:58:58,23.078125,1
2026-08-14 11:58:58,23.078125,1
2026-08-14 11:58:58,23.078125,1
2026-08-14 11:58:58,23.078125,1
2026-08-14 11:58:58,23.078125,1
2026-08-14 11:58:58,23.078125,1
2026-08-14 11:58:58,23.078125,1
2026-08-14 11:58:58,23.078125,1
2026-08-14 11:58:58,23.078125,1
2026-08-14 11:58:58,23.078125,1
2026-08-14 11:58:58,23.078125,1
2026-08-14 11:58:58,23.078125,1
2026-08-14 11:58:58,22.78125,1
2026-08-14 11:58:58,22.78125,1
2026-08-14 11:58:58,22.859375,1
2026-08-14 11:58:58,22.859375,1
2026-08-14 11:58:58,22.859375,1
2026-08-14 11:58:58,22.859375,1
2026-08-14 11:58:59,22.859375,1
2026-08-14 11:58:59,22.859375,1
2026-08-14 11:58:59,22.859375,1
2026-08-14 11:58:59,22.859375,1
2026-08-14 11:58:59,22.859375,1
2026-08-14 11:58:59,22.859375,1
2026-08-14 11:58:59,22.6875,1
2026-08-14 11:58:59,22.6875,1
2026-08-14 11:58:59,22.625,1
2026-08-14 11:58:59,22.625,1
2026-08-14 11:58:59,22.625,1
2026-08-14 11:58:59,22.625,1
2026-08-14 11:58:59,22.625,1
2026-08-14 11:58:59,22.625,1
2026-08-14 11:58:59,22.625,1
2026-08-14 11:58:59,22.625,1
2026-08-14 11:58:59,22.453125,1
2026-08-14 11:58:59,22.453125,1
2026-08-14 11:58:59,22.59375,1
2026-08-14 11:58:59,22.59375,1
2026-08-14 11:59:00,22.671875,1
2026-08-14 11:59:00,22.671875,1
2026-08-14 11:59:00,22.671875,1
2026-08-14 11:59:00,22.671875,1
2026-08-14 11:59:00,22.671875,1
2026-08-14 11:59:00,22.671875,1
2026-08-14 11:59:00,22.671875,1
2026-08-14 11:59:00,22.671875,1
2026-08-14 11:59:00,22.671875,1
2026-08-14 11:59:00,22.671875,1
2026-08-14 11:59:00,23.40625,1
2026-08-14 11:59:00,23.40625,1
2026-08-14 11:59:00,23.53125,1
2026-08-14 11:59:00,23.53125,1
2026-08-14 11:59:00,23.53125,1
2026-08-14 11:59:00,23.53125,1
2026-08-14 11:59:00,23.53125,1
2026-08-14 11:59:00,23.53125,1
2026-08-14 11:59:00,23.53125,1
2026-08-14 11:59:00,23.53125,1
2026-08-14 11:59:01,23.84375,1
2026-08-14 11:59:01,23.84375,1
2026-08-14 11:59:01,23.8125,1
2026-08-14 11:59:01,23.8125,1
2026-08-14 11:59:01,23.890625,1
2026-08-14 11:59:01,23.890625,1
2026-08-14 11:59:01,23.890625,1
2026-08-14 11:59:01,23.890625,1
2026-08-14 11:59:01,23.890625,1
2026-08-14 11:59:01,23.890625,1
2026-08-14 11:59:01,23.890625,1
2026-08-14 11:59:01,23.890625,1
2026-08-14 11:59:01,23.890625,1
2026-08-14 11:59:01,23.890625,1
2026-08-14 11:59:01,23.96875,1
2026-08-14 11:59:01,23.96875,1
2026-08-14 11:59:01,24.09375,1
2026-08-14 11:59:01,24.09375,1
2026-08-14 11:59:01,24.09375,1
2026-08-14 11:59:01,24.09375,1
2026-08-14 11:59:02,24.09375,1
2026-08-14 11:59:02,24.09375,1
2026-08-14 11:59:02,24.09375,1
2026-08-14 11:59:02,24.09375,1
2026-08-14 11:59:02,24.0625,1
2026-08-14 11:59:02,24.0625,1
2026-08-14 11:59:02,24.046875,1
2026-08-14 11:59:02,24.046875,1
2026-08-14 11:59:02,24.046875,1
2026-08-14 11:59:02,24.046875,1
2026-08-14 11:59:02,24.046875,1
2026-08-14 11:59:02,24.046875,1
2026-08-14 11:59:02,24.046875,1
2026-08-14 11:59:02,24.046875,1
2026-08-14 11:59:02,24.046875,1
2026-08-14 11:59:02,24.046875,1
2026-08-14 11:59:02,23.734375,1
2026-08-14 11:59:02,23.734375,1
2026-08-14 11:59:02,23.546875,1
2026-08-14 11:59:02,23.546875,1
2026-08-14 11:59:03,23.546875,1
2026-08-14 11:59:03,23.546875,1
2026-08-14 11:59:03,23.546875,1
2026-08-14 11:59:03,23.546875,1
2026-08-14 11:59:03,23.546875,1
2026-08-14 11:59:03,23.546875,1
2026-08-14 11:59:03,23.546875,1
2026-08-14 11:59:03,23.546875,1
2026-08-14 11:59:03,23.34375,1
2026-08-14 11:59:03,23.34375,1
2026-08-14 11:59:03,23.34375,1
2026-08-14 11:59:03,23.34375,1
2026-08-14 11:59:03,23.34375,1
2026-08-14 11:59:03,23.34375,1
2026-08-14 11:59:03,23.34375,1
2026-08-14 11:59:03,23.34375,1
2026-08-14 11:59:03,23.34375,1
2026-08-14 11:59:03,23.34375,1
2026-08-14 11:59:03,23.25,1
2026-08-14 11:59:03,23.25,1
2026-08-14 11:59:04,23.3125,1
2026-08-14 11:59:04,23.3125,1
2026-08-14 11:59:04,23.515625,1
2026-08-14 11:59:04,23.515625,1
2026-08-14 11:59:04,23.515625,1
2026-08-14 11:59:04,23.515625,1
2026-08-14 11:59:04,23.515625,1
2026-08-14 11:59:04,23.515625,1
2026-08-14 11:59:04,23.515625,1
2026-08-14 11:59:04,23.515625,1
2026-08-14 11:59:04,23.515625,1
2026-08-14 11:59:04,23.515625,1
2026-08-14 11:59:04,24.125,1
2026-08-14 11:59:04,24.125,1
2026-08-14 11:59:04,24.296875,1
2026-08-14 11:59:04,24.296875,1
2026-08-14 11:59:04,24.296875,1
2026-08-14 11:59:04,24.296875,1
2026-08-14 11:59:04,24.296875,1
2026-08-14 11:59:04,24.296875,1
2026-08-14 11:59:05,24.296875,1
2026-08-14 11:59:05,24.296875,1
2026-08-14 11:59:05,24.296875,1
2026-08-14 11:59:05,24.296875,1
2026-08-14 11:59:05,24.328125,1
2026-08-14 11:59:05,24.328125,1
2026-08-14 11:59:05,24.421875,1
2026-08-14 11:59:05,24.421875,1
2026-08-14 11:59:05,24.421875,1
2026-08-14 11:59:05,24.421875,1
2026-08-14 11:59:05,24.421875,1
2026-08-14 11:59:05,24.421875,1
2026-08-14 11:59:05,24.421875,1
2026-08-14 11:59:05,24.421875,1
2026-08-14 11:59:05,24.59375,1
2026-08-14 11:59:05,24.59375,1
2026-08-14 11:59:05,24.59375,1
2026-08-14 11:59:05,24.59375,1
2026-08-14 11:59:05,24.359375,1
2026-08-14 11:59:05,24.359375,1
2026-08-14 11:59:06,24.359375,1
2026-08-14 11:59:06,24.359375,1
2026-08-14 11:59:06,24.359375,1
2026-08-14 11:59:06,24.359375,1
2026-08-14 11:59:06,24.359375,1
2026-08-14 11:59:06,24.359375,1
2026-08-14 11:59:06,24.359375,1
2026-08-14 11:59:06,24.359375,1
2026-08-14 11:59:06,23.40625,1
2026-08-14 11:59:06,23.40625,1
2026-08-14 11:59:06,23.359375,1
2026-08-14 11:59:06,23.359375,1
2026-08-14 11:59:06,23.359375,1
2026-08-14 11:59:06,23.359375,1
2026-08-14 11:59:06,23.359375,1
2026-08-14 11:59:06,23.359375,1
2026-08-14 11:59:06,23.359375,1
2026-08-14 11:59:06,23.359375,1
2026-08-14 11:59:06,23.171875,1
2026-08-14 11:59:06,23.171875,1
2026-08-14 11:59:07,23.078125,1
2026-08-14 11:59:07,23.078125,1
2026-08-14 11:59:07,23.109375,1
2026-08-14 11:59:07,23.109375,1
2026-08-14 11:59:07,23.109375,1
2026-08-14 11:59:07,23.109375,1
2026-08-14 11:59:07,23.109375,1
2026-08-14 11:59:07,23.109375,1
2026-08-14 11:59:07,23.109375,1
2026-08-14 11:59:07,23.109375,1
2026-08-14 11:59:07,22.1875,1
2026-08-14 11:59:07,22.1875,1
2026-08-14 11:59:07,22.421875,1
2026-08-14 11:59:07,22.421875,1
2026-08-14 11:59:07,22.75,1
2026-08-14 11:59:07,22.75,1
2026-08-14 11:59:07,22.75,1
2026-08-14 11:59:07,22.75,1
2026-08-14 11:59:07,22.75,1
2026-08-14 11:59:07,22.75,1
2026-08-14 11:59:08,22.75,1
2026-08-14 11:59:08,22.75,1
2026-08-14 11:59:08,22.75,1
2026-08-14 11:59:08,22.75,1
2026-08-14 11:59:08,22.015625,1
2026-08-14 11:59:08,22.015625,1
2026-08-14 11:59:08,22.140625,1
2026-08-14 11:59:08,22.140625,1
2026-08-14 11:59:08,22.140625,1
2026-08-14 11:59:08,22.140625,1
2026-08-14 11:59:08,22.140625,1
2026-08-14 11:59:08,22.140625,1
2026-08-14 11:59:08,22.140625,1
2026-08-14 11:59:08,22.140625,1
2026-08-14 11:59:08,22.0,1
2026-08-14 11:59:08,22.0,1
2026-08-14 11:59:08,22.0,1
2026-08-14 11:59:08,22.0,1
2026-08-14 11:59:08,22.0,1
2026-08-14 11:59:08,22.0,1
2026-08-14 11:59:09,22.0,1
2026-08-14 11:59:09,22.0,1
2026-08-14 11:59:09,22.0,1
2026-08-14 11:59:09,22.0,1
2026-08-14 11:59:09,22.0,1
2026-08-14 11:59:09,22.0,1
2026-08-14 11:59:09,22.296875,1
2026-08-14 11:59:09,22.296875,1
2026-08-14 11:59:09,22.15625,1
2026-08-14 11:59:09,22.15625,1
2026-08-14 11:59:09,22.15625,1
2026-08-14 11:59:09,22.15625,1
2026-08-14 11:59:09,22.15625,1
2026-08-14 11:59:09,22.15625,1
2026-08-14 11:59:09,22.15625,1
2026-08-14 11:59:09,22.15625,1
2026-08-14 11:59:09,22.15625,1
2026-08-14 11:59:09,22.15625,1
2026-08-14 11:59:09,22.34375,1
2026-08-14 11:59:09,22.34375,1
2026-08-14 11:59:10,22.296875,1
2026-08-14 11:59:10,22.296875,1
2026-08-14 11:59:10,22.328125,1
2026-08-14 11:59:10,22.328125,1
2026-08-14 11:59:10,22.328125,1
2026-08-14 11:59:10,22.328125,1
2026-08-14 11:59:10,22.328125,1
2026-08-14 11:59:10,22.328125,1
2026-08-14 11:59:10,22.328125,1
2026-08-14 11:59:10,22.328125,1
2026-08-14 11:59:10,22.1875,1
2026-08-14 11:59:10,22.1875,1
2026-08-14 11:59:10,22.25,1
2026-08-14 11:59:10,22.25,1
2026-08-14 11:59:10,22.25,1
2026-08-14 11:59:10,22.25,1
2026-08-14 11:59:10,22.25,1
2026-08-14 11:59:10,22.25,1
2026-08-14 11:59:10,22.25,1
2026-08-14 11:59:10,22.25,1
2026-08-14 11:59:11,22.09375,1
2026-08-14 11:59:11,22.09375,1
2026-08-14 11:59:11,22.078125,1
2026-08-14 11:59:11,22.078125,1
2026-08-14 11:59:11,22.234375,1
2026-08-14 11:59:11,22.234375,1
2026-08-14 11:59:11,22.234375,1
2026-08-14 11:59:11,22.234375,1
2026-08-14 11:59:11,22.234375,1
2026-08-14 11:59:11,22.234375,1
2026-08-14 11:59:11,22.234375,1
2026-08-14 11:59:11,22.234375,1
2026-08-14 11:59:11,22.25,1
2026-08-14 11:59:11,22.25,1
2026-08-14 11:59:11,22.28125,1
2026-08-14 11:59:11,22.28125,1
2026-08-14 11:59:11,22.125,1
2026-08-14 11:59:11,22.125,1
2026-08-14 11:59:11,22.125,1
2026-08-14 11:59:11,22.125,1
2026-08-14 11:59:12,22.125,1
2026-08-14 11:59:12,22.125,1
2026-08-14 11:59:12,22.125,1
2026-08-14 11:59:12,22.125,1
2026-08-14 11:59:12,22.125,1
2026-08-14 11:59:12,22.125,1
2026-08-14 11:59:12,22.796875,1
2026-08-14 11:59:12,22.796875,1
2026-08-14 11:59:12,22.84375,1
2026-08-14 11:59:12,22.84375,1
2026-08-14 11:59:12,22.84375,1
2026-08-14 11:59:12,22.84375,1
2026-08-14 11:59:12,22.84375,1
2026-08-14 11:59:12,22.84375,1
2026-08-14 11:59:12,22.84375,1
2026-08-14 11:59:12,22.84375,1
2026-08-14 11:59:12,22.84375,1
2026-08-14 11:59:12,22.84375,1
2026-08-14 11:59:12,22.890625,1
2026-08-14 11:59:12,22.890625,1
2026-08-14 11:59:13,23.03125,1
2026-08-14 11:59:13,23.03125,1
2026-08-14 11:59:13,23.03125,1
2026-08-14 11:59:13,23.03125,1
2026-08-14 11:59:13,23.03125,1
2026-08-14 11:59:13,23.03125,1
2026-08-14 11:59:13,23.03125,1
2026-08-14 11:59:13,23.03125,1
2026-08-14 11:59:13,23.03125,1
2026-08-14 11:59:13,23.03125,1
2026-08-14 11:59:13,21.640625,1
2026-08-14 11:59:13,21.640625,1
2026-08-14 11:59:13,21.78125,1
2026-08-14 11:59:13,21.78125,1
2026-08-14 11:59:13,21.78125,1
2026-08-14 11:59:13,21.78125,1
2026-08-14 11:59:13,21.78125,1
2026-08-14 11:59:13,21.78125,1
2026-08-14 11:59:13,22.078125,1
2026-08-14 11:59:13,22.078125,1
2026-08-14 11:59:14,22.078125,1
2026-08-14 11:59:14,22.078125,1
2026-08-14 11:59:14,22.0625,1
2026-08-14 11:59:14,22.0625,1
2026-08-14 11:59:14,22.109375,1
2026-08-14 11:59:14,22.109375,1
2026-08-14 11:59:14,22.109375,1
2026-08-14 11:59:14,22.109375,1
2026-08-14 11:59:14,22.109375,1
2026-08-14 11:59:14,22.109375,1
2026-08-14 11:59:14,22.109375,1
2026-08-14 11:59:14,22.109375,1
2026-08-14 11:59:14,22.109375,1
2026-08-14 11:59:14,22.109375,1
2026-08-14 11:59:14,20.234375,1
2026-08-14 11:59:14,20.234375,1
2026-08-14 11:59:14,20.265625,1
2026-08-14 11:59:14,20.265625,1
2026-08-14 11:59:14,20.265625,1
2026-08-14 11:59:14,20.265625,1
2026-08-14 11:59:15,20.265625,1
2026-08-14 11:59:15,20.265625,1
2026-08-14 11:59:15,20.265625,1
2026-08-14 11:59:15,20.265625,1
2026-08-14 11:59:15,20.453125,1
2026-08-14 11:59:15,20.453125,1
2026-08-14 11:59:15,20.484375,1
2026-08-14 11:59:15,20.484375,1
2026-08-14 11:59:15,20.484375,1
2026-08-14 11:59:15,20.484375,1
2026-08-14 11:59:15,20.484375,1
2026-08-14 11:59:15,20.484375,1
2026-08-14 11:59:15,20.484375,1
2026-08-14 11:59:15,20.484375,1
2026-08-14 11:59:15,19.640625,1
2026-08-14 11:59:15,19.640625,1
2026-08-14 11:59:15,19.640625,1
2026-08-14 11:59:15,19.640625,1
2026-08-14 11:59:15,19.578125,1
2026-08-14 11:59:15,19.578125,1
2026-08-14 11:59:16,19.578125,1
2026-08-14 11:59:16,19.578125,1
2026-08-14 11:59:16,19.578125,1
2026-08-14 11:59:16,19.578125,1
2026-08-14 11:59:16,19.578125,1
2026-08-14 11:59:16,19.578125,1
2026-08-14 11:59:16,19.578125,1
2026-08-14 11:59:16,19.578125,1
2026-08-14 11:59:16,18.71875,1
2026-08-14 11:59:16,18.71875,1
2026-08-14 11:59:16,18.90625,1
2026-08-14 11:59:16,18.90625,1
2026-08-14 11:59:16,18.90625,1
2026-08-14 11:59:16,18.90625,1
2026-08-14 11:59:16,18.90625,1
2026-08-14 11:59:16,18.90625,1
2026-08-14 11:59:16,18.90625,1
2026-08-14 11:59:16,18.90625,1
2026-08-14 11:59:16,18.90625,1
2026-08-14 11:59:16,18.90625,1
2026-08-14 11:59:17,16.3125,1
2026-08-14 11:59:17,16.3125,1
2026-08-14 11:59:17,16.5625,1
2026-08-14 11:59:17,16.5625,1
2026-08-14 11:59:17,16.5625,1
2026-08-14 11:59:17,16.5625,1
2026-08-14 11:59:17,16.5625,1
2026-08-14 11:59:17,16.5625,1
2026-08-14 11:59:17,16.5625,1
2026-08-14 11:59:17,16.5625,1
2026-08-14 11:59:17,16.5625,1
2026-08-14 11:59:17,16.5625,1
2026-08-14 11:59:17,16.5625,1
2026-08-14 11:59:17,16.5625,1
2026-08-14 11:59:17,22.75,1
2026-08-14 11:59:17,22.75,1
2026-08-14 11:59:17,22.53125,1
2026-08-14 11:59:17,22.53125,1
2026-08-14 11:59:17,22.53125,1
2026-08-14 11:59:17,22.53125,1
2026-08-14 11:59:18,22.53125,1
2026-08-14 11:59:18,22.53125,1
2026-08-14 11:59:18,22.53125,1
2026-08-14 11:59:18,22.53125,1
2026-08-14 11:59:18,22.53125,1
2026-08-14 11:59:18,22.53125,1
2026-08-14 11:59:18,22.921875,1
2026-08-14 11:59:18,22.921875,1
2026-08-14 11:59:18,22.765625,1
2026-08-14 11:59:18,22.765625,1
2026-08-14 11:59:18,22.765625,1
2026-08-14 11:59:18,22.765625,1
2026-08-14 11:59:18,22.765625,1
2026-08-14 11:59:18,22.765625,1
2026-08-14 11:59:18,22.578125,1
2026-08-14 11:59:18,22.578125,1
2026-08-14 11:59:18,22.3125,1
2026-08-14 11:59:18,22.3125,1
2026-08-14 11:59:18,22.34375,1
2026-08-14 11:59:18,22.34375,1
2026-08-14 11:59:19,22.34375,1
2026-08-14 11:59:19,22.34375,1
2026-08-14 11:59:19,22.34375,1
2026-08-14 11:59:19,22.34375,1
2026-08-14 11:59:19,22.34375,1
2026-08-14 11:59:19,22.34375,1
2026-08-14 11:59:19,22.34375,1
2026-08-14 11:59:19,22.34375,1
2026-08-14 11:59:19,22.109375,1
2026-08-14 11:59:19,22.109375,1
2026-08-14 11:59:19,21.90625,1
2026-08-14 11:59:19,21.90625,1
2026-08-14 11:59:19,21.90625,1
2026-08-14 11:59:19,21.90625,1
2026-08-14 11:59:19,21.90625,1
2026-08-14 11:59:19,21.90625,1
2026-08-14 11:59:19,21.90625,1
2026-08-14 11:59:19,21.90625,1
2026-08-14 11:59:19,22.78125,1
2026-08-14 11:59:19,22.78125,1
2026-08-14 11:59:20,22.859375,1
2026-08-14 11:59:20,22.859375,1
2026-08-14 11:59:20,22.859375,1
2026-08-14 11:59:20,22.859375,1
2026-08-14 11:59:20,22.859375,1
2026-08-14 11:59:20,22.859375,1
2026-08-14 11:59:20,22.859375,1
2026-08-14 11:59:20,22.859375,1
2026-08-14 11:59:20,23.296875,1
2026-08-14 11:59:20,23.296875,1
2026-08-14 11:59:20,23.296875,1
2026-08-14 11:59:20,23.296875,1
2026-08-14 11:59:20,23.453125,1
2026-08-14 11:59:20,23.453125,1
2026-08-14 11:59:20,23.453125,1
2026-08-14 11:59:20,23.453125,1
2026-08-14 11:59:20,23.453125,1
2026-08-14 11:59:20,23.453125,1
2026-08-14 11:59:20,23.453125,1
2026-08-14 11:59:20,23.453125,1
2026-08-14 11:59:21,23.796875,1
2026-08-14 11:59:21,23.796875,1
2026-08-14 11:59:21,23.796875,1
2026-08-14 11:59:21,23.796875,1
2026-08-14 11:59:21,23.796875,1
2026-08-14 11:59:21,23.796875,1
2026-08-14 11:59:21,23.796875,1
2026-08-14 11:59:21,23.796875,1
2026-08-14 11:59:21,23.796875,1
2026-08-14 11:59:21,23.796875,1
2026-08-14 11:59:21,24.328125,1
2026-08-14 11:59:21,24.328125,1
2026-08-14 11:59:21,24.328125,1
2026-08-14 11:59:21,24.328125,1
2026-08-14 11:59:21,24.328125,1
2026-08-14 11:59:21,24.328125,1
2026-08-14 11:59:21,24.328125,1
2026-08-14 11:59:21,24.328125,1
2026-08-14 11:59:21,24.328125,1
2026-08-14 11:59:21,24.328125,1
2026-08-14 11:59:22,24.328125,1
2026-08-14 11:59:22,24.328125,1
2026-08-14 11:59:22,24.125,1
2026-08-14 11:59:22,24.125,1
2026-08-14 11:59:22,24.296875,1
2026-08-14 11:59:22,24.296875,1
2026-08-14 11:59:22,24.25,1
2026-08-14 11:59:22,24.25,1
2026-08-14 11:59:22,24.25,1
2026-08-14 11:59:22,24.25,1
2026-08-14 11:59:22,24.25,1
2026-08-14 11:59:22,24.25,1
2026-08-14 11:59:22,24.25,1
2026-08-14 11:59:22,24.25,1
2026-08-14 11:59:22,24.25,1
2026-08-14 11:59:22,24.25,1
2026-08-14 11:59:22,24.296875,1
2026-08-14 11:59:22,24.296875,1
2026-08-14 11:59:22,24.453125,1
2026-08-14 11:59:22,24.453125,1
2026-08-14 11:59:23,24.453125,1
2026-08-14 11:59:23,24.453125,1
2026-08-14 11:59:23,24.453125,1
2026-08-14 11:59:23,24.453125,1
2026-08-14 11:59:23,24.515625,1
2026-08-14 11:59:23,24.515625,1
2026-08-14 11:59:23,24.828125,1
2026-08-14 11:59:23,24.828125,1
2026-08-14 11:59:23,24.703125,1
2026-08-14 11:59:23,24.703125,1
2026-08-14 11:59:23,24.703125,1
2026-08-14 11:59:23,24.703125,1
2026-08-14 11:59:23,24.703125,1
2026-08-14 11:59:23,24.703125,1
2026-08-14 11:59:23,24.734375,1
2026-08-14 11:59:23,24.734375,1
2026-08-14 11:59:23,24.828125,1
2026-08-14 11:59:23,24.828125,1
2026-08-14 11:59:23,24.875,1
2026-08-14 11:59:23,24.875,1
2026-08-14 11:59:24,24.875,1
2026-08-14 11:59:24,24.875,1
2026-08-14 11:59:24,24.875,1
2026-08-14 11:59:24,24.875,1
2026-08-14 11:59:24,24.921875,1
2026-08-14 11:59:24,24.921875,1
2026-08-14 11:59:24,24.890625,1
2026-08-14 11:59:24,24.890625,1
2026-08-14 11:59:24,24.890625,1
2026-08-14 11:59:24,24.890625,1
2026-08-14 11:59:24,24.890625,1
2026-08-14 11:59:24,24.890625,1
2026-08-14 11:59:24,24.890625,1
2026-08-14 11:59:24,24.890625,1
2026-08-14 11:59:24,24.890625,1
2026-08-14 11:59:24,24.890625,1
2026-08-14 11:59:24,24.625,1
2026-08-14 11:59:24,24.625,1
2026-08-14 11:59:24,24.578125,1
2026-08-14 11:59:24,24.578125,1
2026-08-14 11:59:25,24.578125,1
2026-08-14 11:59:25,24.578125,1
2026-08-14 11:59:25,24.578125,1
2026-08-14 11:59:25,24.578125,1
2026-08-14 11:59:25,24.578125,1
2026-08-14 11:59:25,24.578125,1
2026-08-14 11:59:25,24.578125,1
2026-08-14 11:59:25,24.578125,1
2026-08-14 11:59:25,24.0,1
2026-08-14 11:59:25,24.0,1
2026-08-14 11:59:25,24.25,1
2026-08-14 11:59:25,24.25,1
2026-08-14 11:59:25,24.25,1
2026-08-14 11:59:25,24.25,1
2026-08-14 11:59:25,24.25,1
2026-08-14 11:59:25,24.25,1
2026-08-14 11:59:25,24.25,1
2026-08-14 11:59:25,24.25,1
2026-08-14 11:59:25,24.25,1
2026-08-14 11:59:25,24.25,1
2026-08-14 11:59:26,24.25,1
2026-08-14 11:59:26,24.25,1
2026-08-14 11:59:26,25.390625,1
2026-08-14 11:59:26,25.390625,1
2026-08-14 11:59:26,25.21875,1
2026-08-14 11:59:26,25.21875,1
2026-08-14 11:59:26,25.21875,1
2026-08-14 11:59:26,25.21875,1
2026-08-14 11:59:26,25.21875,1
2026-08-14 11:59:26,25.21875,1
2026-08-14 11:59:26,25.21875,1
2026-08-14 11:59:26,25.21875,1
2026-08-14 11:59:26,25.21875,1
2026-08-14 11:59:26,25.21875,1
2026-08-14 11:59:26,25.015625,1
2026-08-14 11:59:26,25.015625,1
2026-08-14 11:59:26,25.0,1
2026-08-14 11:59:26,25.0,1
2026-08-14 11:59:26,25.0,1
2026-08-14 11:59:26,25.0,1
2026-08-14 11:59:27,25.0,1
2026-08-14 11:59:27,25.0,1
2026-08-14 11:59:27,25.0,1
2026-08-14 11:59:27,25.0,1
2026-08-14 11:59:27,25.0,1
2026-08-14 11:59:27,25.0,1
2026-08-14 11:59:27,24.890625,1
2026-08-14 11:59:27,24.890625,1
2026-08-14 11:59:27,24.8125,1
2026-08-14 11:59:27,24.8125,1
2026-08-14 11:59:27,24.8125,1
2026-08-14 11:59:27,24.8125,1
2026-08-14 11:59:27,24.8125,1
2026-08-14 11:59:27,24.8125,1
2026-08-14 11:59:27,24.8125,1
2026-08-14 11:59:27,24.8125,1
2026-08-14 11:59:27,25.015625,1
2026-08-14 11:59:27,25.015625,1
2026-08-14 11:59:27,25.015625,1
2026-08-14 11:59:27,25.015625,1
2026-08-14 11:59:28,25.03125,1
2026-08-14 11:59:28,25.03125,1
2026-08-14 11:59:28,25.03125,1
2026-08-14 11:59:28,25.03125,1
2026-08-14 11:59:28,25.03125,1
2026-08-14 11:59:28,25.03125,1
2026-08-14 11:59:28,25.03125,1
2026-08-14 11:59:28,25.03125,1
2026-08-14 11:59:28,25.234375,1
2026-08-14 11:59:28,25.234375,1
2026-08-14 11:59:28,25.078125,1
2026-08-14 11:59:28,25.078125,1
2026-08-14 11:59:28,25.046875,1
2026-08-14 11:59:28,25.046875,1
2026-08-14 11:59:28,25.046875,1
2026-08-14 11:59:28,25.046875,1
2026-08-14 11:59:28,25.046875,1
2026-08-14 11:59:28,25.046875,1
2026-08-14 11:59:28,24.78125,1
2026-08-14 11:59:28,24.78125,1
2026-08-14 11:59:29,24.78125,1
2026-08-14 11:59:29,24.78125,1
2026-08-14 11:59:29,24.515625,1
2026-08-14 11:59:29,24.515625,1
2026-08-14 11:59:29,23.75,1
2026-08-14 11:59:29,23.75,1
2026-08-14 11:59:29,23.921875,1
2026-08-14 11:59:29,23.921875,1
2026-08-14 11:59:29,23.921875,1
2026-08-14 11:59:29,23.921875,1
2026-08-14 11:59:29,23.921875,1
2026-08-14 11:59:29,23.921875,1
2026-08-14 11:59:29,23.921875,1
2026-08-14 11:59:29,23.921875,1
2026-08-14 11:59:29,24.96875,1
2026-08-14 11:59:29,24.96875,1
2026-08-14 11:59:29,25.046875,1
2026-08-14 11:59:29,25.046875,1
2026-08-14 11:59:29,25.203125,1
2026-08-14 11:59:29,25.203125,1
2026-08-14 11:59:30,25.203125,1
2026-08-14 11:59:30,25.203125,1
2026-08-14 11:59:30,25.203125,1
2026-08-14 11:59:30,25.203125,1
2026-08-14 11:59:30,25.203125,1
2026-08-14 11:59:30,25.203125,1
2026-08-14 11:59:30,25.421875,1
2026-08-14 11:59:30,25.421875,1
2026-08-14 11:59:30,25.421875,1
2026-08-14 11:59:30,25.421875,1
2026-08-14 11:59:30,25.375,1
2026-08-14 11:59:30,25.375,1
2026-08-14 11:59:30,25.375,1
2026-08-14 11:59:30,25.375,1
2026-08-14 11:59:30,25.375,1
2026-08-14 11:59:30,25.375,1
2026-08-14 11:59:30,25.375,1
2026-08-14 11:59:30,25.375,1
2026-08-14 11:59:30,25.15625,1
2026-08-14 11:59:30,25.15625,1
2026-08-14 11:59:31,25.171875,1
2026-08-14 11:59:31,25.171875,1
2026-08-14 11:59:31,25.171875,1
2026-08-14 11:59:31,25.171875,1
2026-08-14 11:59:31,25.171875,1
2026-08-14 11:59:31,25.171875,1
2026-08-14 11:59:31,25.171875,1
2026-08-14 11:59:31,25.171875,1
2026-08-14 11:59:31,25.171875,1
2026-08-14 11:59:31,25.171875,1
2026-08-14 11:59:31,25.078125,1
2026-08-14 11:59:31,25.078125,1
2026-08-14 11:59:31,25.0,1
2026-08-14 11:59:31,25.0,1
2026-08-14 11:59:31,25.0625,1
2026-08-14 11:59:31,25.0625,1
2026-08-14 11:59:31,25.0625,1
2026-08-14 11:59:31,25.0625,1
2026-08-14 11:59:31,25.0625,1
2026-08-14 11:59:31,25.0625,1
2026-08-14 11:59:32,25.0625,1
2026-08-14 11:59:32,25.0625,1
2026-08-14 11:59:32,25.09375,1
2026-08-14 11:59:32,25.09375,1
2026-08-14 11:59:32,24.953125,1
2026-08-14 11:59:32,24.953125,1
2026-08-14 11:59:32,24.765625,1
2026-08-14 11:59:32,24.765625,1
2026-08-14 11:59:32,24.765625,1
2026-08-14 11:59:32,24.765625,1
2026-08-14 11:59:32,24.765625,1
2026-08-14 11:59:32,24.765625,1
2026-08-14 11:59:32,24.765625,1
2026-08-14 11:59:32,24.765625,1
2026-08-14 11:59:32,24.8125,1
2026-08-14 11:59:32,24.8125,1
2026-08-14 11:59:32,24.90625,1
2026-08-14 11:59:32,24.90625,1
2026-08-14 11:59:32,25.046875,1
2026-08-14 11:59:32,25.046875,1
2026-08-14 11:59:33,25.046875,1
2026-08-14 11:59:33,25.046875,1
2026-08-14 11:59:33,25.046875,1
2026-08-14 11:59:33,25.046875,1
2026-08-14 11:59:33,25.046875,1
2026-08-14 11:59:33,25.046875,1
2026-08-14 11:59:33,25.0625,1
2026-08-14 11:59:33,25.0625,1
2026-08-14 11:59:33,25.15625,1
2026-08-14 11:59:33,25.15625,1
2026-08-14 11:59:33,25.15625,1
2026-08-14 11:59:33,25.15625,1
2026-08-14 11:59:33,25.15625,1
2026-08-14 11:59:33,25.15625,1
2026-08-14 11:59:33,25.0625,1
2026-08-14 11:59:33,25.0625,1
2026-08-14 11:59:33,24.9375,1
2026-08-14 11:59:33,24.9375,1
2026-08-14 11:59:33,25.03125,1
2026-08-14 11:59:33,25.03125,1
2026-08-14 11:59:34,25.03125,1
2026-08-14 11:59:34,25.03125,1
2026-08-14 11:59:34,25.03125,1
2026-08-14 11:59:34,25.03125,1
2026-08-14 11:59:34,25.03125,1
2026-08-14 11:59:34,25.03125,1
2026-08-14 11:59:34,25.109375,1
2026-08-14 11:59:34,25.109375,1
2026-08-14 11:59:34,25.09375,1
2026-08-14 11:59:34,25.09375,1
2026-08-14 11:59:34,25.09375,1
2026-08-14 11:59:34,25.09375,1
2026-08-14 11:59:34,25.09375,1
2026-08-14 11:59:34,25.09375,1
2026-08-14 11:59:34,25.09375,1
2026-08-14 11:59:34,25.09375,1
2026-08-14 11:59:34,25.09375,1
2026-08-14 11:59:34,25.09375,1
2026-08-14 11:59:34,25.171875,1
2026-08-14 11:59:34,25.171875,1
2026-08-14 11:59:35,25.1875,1
2026-08-14 11:59:35,25.1875,1
2026-08-14 11:59:35,25.1875,1
2026-08-14 11:59:35,25.1875,1
2026-08-14 11:59:35,25.1875,1
2026-08-14 11:59:35,25.1875,1
2026-08-14 11:59:35,25.1875,1
2026-08-14 11:59:35,25.1875,1
2026-08-14 11:59:35,25.234375,1
2026-08-14 11:59:35,25.234375,1
2026-08-14 11:59:35,25.125,1
2026-08-14 11:59:35,25.125,1
2026-08-14 11:59:35,25.109375,1
2026-08-14 11:59:35,25.109375,1
2026-08-14 11:59:35,25.109375,1
2026-08-14 11:59:35,25.109375,1
2026-08-14 11:59:35,25.109375,1
2026-08-14 11:59:35,25.109375,1
2026-08-14 11:59:35,25.109375,1
2026-08-14 11:59:35,25.109375,1
2026-08-14 11:59:36,24.671875,1
2026-08-14 11:59:36,24.671875,1
2026-08-14 11:59:36,24.703125,1
2026-08-14 11:59:36,24.703125,1
2026-08-14 11:59:36,24.6875,1
2026-08-14 11:59:36,24.6875,1
2026-08-14 11:59:36,24.6875,1
2026-08-14 11:59:36,24.6875,1
2026-08-14 11:59:36,24.6875,1
2026-08-14 11:59:36,24.6875,1
2026-08-14 11:59:36,24.6875,1
2026-08-14 11:59:36,24.6875,1
2026-08-14 11:59:36,24.6875,1
2026-08-14 11:59:36,24.6875,1
2026-08-14 11:59:36,24.453125,1
2026-08-14 11:59:36,24.453125,1
2026-08-14 11:59:36,24.375,1
2026-08-14 11:59:36,24.375,1
2026-08-14 11:59:36,24.375,1
2026-08-14 11:59:36,24.375,1
2026-08-14 11:59:37,24.375,1
2026-08-14 11:59:37,24.375,1
2026-08-14 11:59:37,24.375,1
2026-08-14 11:59:37,24.375,1
2026-08-14 11:59:37,23.5,1
2026-08-14 11:59:37,23.5,1
2026-08-14 11:59:37,23.4375,1
2026-08-14 11:59:37,23.4375,1
2026-08-14 11:59:37,23.453125,1
2026-08-14 11:59:37,23.453125,1
2026-08-14 11:59:37,23.453125,1
2026-08-14 11:59:37,23.453125,1
2026-08-14 11:59:37,23.453125,1
2026-08-14 11:59:37,23.453125,1
2026-08-14 11:59:37,23.453125,1
2026-08-14 11:59:37,23.453125,1
2026-08-14 11:59:37,23.0625,1
2026-08-14 11:59:37,23.0625,1
2026-08-14 11:59:37,22.90625,1
2026-08-14 11:59:37,22.90625,1
2026-08-14 11:59:38,22.90625,1
2026-08-14 11:59:38,22.90625,1
2026-08-14 11:59:38,22.90625,1
2026-08-14 11:59:38,22.90625,1
2026-08-14 11:59:38,22.90625,1
2026-08-14 11:59:38,22.90625,1
2026-08-14 11:59:38,22.6875,1
2026-08-14 11:59:38,22.6875,1
2026-08-14 11:59:38,22.8125,1
2026-08-14 11:59:38,22.8125,1
2026-08-14 11:59:38,22.8125,1
2026-08-14 11:59:38,22.8125,1
2026-08-14 11:59:38,22.8125,1
2026-08-14 11:59:38,22.8125,1
2026-08-14 11:59:38,22.8125,1
2026-08-14 11:59:38,22.8125,1
2026-08-14 11:59:38,22.5625,1
2026-08-14 11:59:38,22.5625,1
2026-08-14 11:59:38,22.765625,1
2026-08-14 11:59:38,22.765625,1
2026-08-14 11:59:39,22.765625,1
2026-08-14 11:59:39,22.765625,1
2026-08-14 11:59:39,22.765625,1
2026-08-14 11:59:39,22.765625,1
2026-08-14 11:59:39,22.765625,1
2026-08-14 11:59:39,22.765625,1
2026-08-14 11:59:39,22.515625,1
2026-08-14 11:59:39,22.515625,1
2026-08-14 11:59:39,22.5,1
2026-08-14 11:59:39,22.5,1
2026-08-14 11:59:39,22.5,1
2026-08-14 11:59:39,22.5,1
2026-08-14 11:59:39,22.5,1
2026-08-14 11:59:39,22.5,1
2026-08-14 11:59:39,22.5,1
2026-08-14 11:59:39,22.5,1
2026-08-14 11:59:39,22.734375,1
2026-08-14 11:59:39,22.734375,1
2026-08-14 11:59:39,22.515625,1
2026-08-14 11:59:39,22.515625,1
2026-08-14 11:59:40,22.515625,1
2026-08-14 11:59:40,22.515625,1
2026-08-14 11:59:40,22.515625,1
2026-08-14 11:59:40,22.515625,1
2026-08-14 11:59:40,22.515625,1
2026-08-14 11:59:40,22.515625,1
2026-08-14 11:59:40,22.625,1
2026-08-14 11:59:40,22.625,1
2026-08-14 11:59:40,22.578125,1
2026-08-14 11:59:40,22.578125,1
2026-08-14 11:59:40,22.578125,1
2026-08-14 11:59:40,22.578125,1
2026-08-14 11:59:40,22.578125,1
2026-08-14 11:59:40,22.578125,1
2026-08-14 11:59:40,22.578125,1
2026-08-14 11:59:40,22.578125,1
2026-08-14 11:59:40,22.578125,1
2026-08-14 11:59:40,22.578125,1
2026-08-14 11:59:40,22.640625,1
2026-08-14 11:59:40,22.640625,1
2026-08-14 11:59:41,22.546875,1
2026-08-14 11:59:41,22.546875,1
2026-08-14 11:59:41,22.546875,1
2026-08-14 11:59:41,22.546875,1
2026-08-14 11:59:41,22.546875,1
2026-08-14 11:59:41,22.546875,1
2026-08-14 11:59:41,22.546875,1
2026-08-14 11:59:41,22.546875,1
2026-08-14 11:59:41,22.609375,1
2026-08-14 11:59:41,22.609375,1
2026-08-14 11:59:41,22.625,1
2026-08-14 11:59:41,22.625,1
2026-08-14 11:59:41,22.625,1
2026-08-14 11:59:41,22.625,1
2026-08-14 11:59:41,22.625,1
2026-08-14 11:59:41,22.625,1
2026-08-14 11:59:41,22.625,1
2026-08-14 11:59:41,22.625,1
2026-08-14 11:59:41,22.6875,1
2026-08-14 11:59:41,22.6875,1
2026-08-14 11:59:42,22.625,1
2026-08-14 11:59:42,22.625,1
2026-08-14 11:59:42,22.625,1
2026-08-14 11:59:42,22.625,1
2026-08-14 11:59:42,22.625,1
2026-08-14 11:59:42,22.625,1
2026-08-14 11:59:42,22.625,1
2026-08-14 11:59:42,22.625,1
2026-08-14 11:59:42,22.703125,1
2026-08-14 11:59:42,22.703125,1
2026-08-14 11:59:42,22.640625,1
2026-08-14 11:59:42,22.640625,1
2026-08-14 11:59:42,22.59375,1
2026-08-14 11:59:42,22.59375,1
2026-08-14 11:59:42,22.59375,1
2026-08-14 11:59:42,22.59375,1
2026-08-14 11:59:42,22.59375,1
2026-08-14 11:59:42,22.59375,1
2026-08-14 11:59:42,22.59375,1
2026-08-14 11:59:42,22.59375,1
2026-08-14 11:59:43,22.65625,1
2026-08-14 11:59:43,22.65625,1
2026-08-14 11:59:43,22.6875,1
2026-08-14 11:59:43,22.6875,1
2026-08-14 11:59:43,22.78125,1
2026-08-14 11:59:43,22.78125,1
2026-08-14 11:59:43,22.78125,1
2026-08-14 11:59:43,22.78125,1
2026-08-14 11:59:43,22.78125,1
2026-08-14 11:59:43,22.78125,1
2026-08-14 11:59:43,22.671875,1
2026-08-14 11:59:43,22.671875,1
2026-08-14 11:59:43,22.671875,1
2026-08-14 11:59:43,22.671875,1
2026-08-14 11:59:43,22.890625,1
2026-08-14 11:59:43,22.890625,1
2026-08-14 11:59:43,22.78125,1
2026-08-14 11:59:43,22.78125,1
2026-08-14 11:59:43,22.78125,1
2026-08-14 11:59:43,22.78125,1
2026-08-14 11:59:44,22.78125,1
2026-08-14 11:59:44,22.78125,1
2026-08-14 11:59:44,22.640625,1
2026-08-14 11:59:44,22.640625,1
2026-08-14 11:59:44,22.640625,1
2026-08-14 11:59:44,22.640625,1
2026-08-14 11:59:44,22.796875,1
2026-08-14 11:59:44,22.796875,1
2026-08-14 11:59:44,22.828125,1
2026-08-14 11:59:44,22.828125,1
2026-08-14 11:59:44,22.828125,1
2026-08-14 11:59:44,22.828125,1
2026-08-14 11:59:44,22.828125,1
2026-08-14 11:59:44,22.828125,1
2026-08-14 11:59:44,22.71875,1
2026-08-14 11:59:44,22.71875,1
2026-08-14 11:59:44,22.71875,1
2026-08-14 11:59:44,22.71875,1
2026-08-14 11:59:44,22.609375,1
2026-08-14 11:59:44,22.609375,1
2026-08-14 11:59:45,22.625,1
2026-08-14 11:59:45,22.625,1
2026-08-14 11:59:45,22.625,1
2026-08-14 11:59:45,22.625,1
2026-08-14 11:59:45,22.625,1
2026-08-14 11:59:45,22.625,1
2026-08-14 11:59:45,22.625,1
2026-08-14 11:59:45,22.625,1
2026-08-14 11:59:45,22.859375,1
2026-08-14 11:59:45,22.859375,1
2026-08-14 11:59:45,22.5625,1
2026-08-14 11:59:45,22.5625,1
2026-08-14 11:59:45,22.609375,1
2026-08-14 11:59:45,22.609375,1
2026-08-14 11:59:45,22.609375,1
2026-08-14 11:59:45,22.609375,1
2026-08-14 11:59:45,22.609375,1
2026-08-14 11:59:45,22.609375,1
2026-08-14 11:59:45,22.46875,1
2026-08-14 11:59:45,22.46875,1
2026-08-14 11:59:46,22.46875,1
2026-08-14 11:59:46,22.46875,1
2026-08-14 11:59:46,22.484375,1
2026-08-14 11:59:46,22.484375,1
2026-08-14 11:59:46,22.484375,1
2026-08-14 11:59:46,22.484375,1
2026-08-14 11:59:46,22.484375,1
2026-08-14 11:59:46,22.484375,1
2026-08-14 11:59:46,22.484375,1
2026-08-14 11:59:46,22.484375,1
2026-08-14 11:59:46,22.515625,1
2026-08-14 11:59:46,22.515625,1
2026-08-14 11:59:46,22.546875,1
2026-08-14 11:59:46,22.546875,1
2026-08-14 11:59:46,22.125,1
2026-08-14 11:59:46,22.125,1
2026-08-14 11:59:46,22.203125,1
2026-08-14 11:59:46,22.203125,1
2026-08-14 11:59:46,22.21875,1
2026-08-14 11:59:46,22.21875,1
2026-08-14 11:59:47,22.21875,1
2026-08-14 11:59:47,22.21875,1
2026-08-14 11:59:47,22.21875,1
2026-08-14 11:59:47,22.21875,1
2026-08-14 11:59:47,22.21875,1
2026-08-14 11:59:47,22.21875,1
2026-08-14 11:59:47,22.34375,1
2026-08-14 11:59:47,22.34375,1
2026-08-14 11:59:47,22.1875,1
2026-08-14 11:59:47,22.1875,1
2026-08-14 11:59:47,22.1875,1
2026-08-14 11:59:47,22.1875,1
2026-08-14 11:59:47,22.1875,1
2026-08-14 11:59:47,22.1875,1
2026-08-14 11:59:47,22.1875,1
2026-08-14 11:59:47,22.1875,1
2026-08-14 11:59:47,22.1875,1
2026-08-14 11:59:47,22.1875,1
2026-08-14 11:59:47,22.265625,1
2026-08-14 11:59:47,22.265625,1
2026-08-14 11:59:48,22.40625,1
2026-08-14 11:59:48,22.40625,1
2026-08-14 11:59:48,22.40625,1
2026-08-14 11:59:48,22.40625,1
2026-08-14 11:59:48,22.40625,1
2026-08-14 11:59:48,22.40625,1
2026-08-14 11:59:48,22.40625,1
2026-08-14 11:59:48,22.40625,1
2026-08-14 11:59:48,22.140625,1
2026-08-14 11:59:48,22.140625,1
2026-08-14 11:59:48,22.140625,1
2026-08-14 11:59:48,22.140625,1
2026-08-14 11:59:48,22.015625,1
2026-08-14 11:59:48,22.015625,1
2026-08-14 11:59:48,22.015625,1
2026-08-14 11:59:48,22.015625,1
2026-08-14 11:59:48,22.015625,1
2026-08-14 11:59:48,22.015625,1
2026-08-14 11:59:48,22.015625,1
2026-08-14 11:59:48,22.015625,1
2026-08-14 11:59:49,22.3125,1
2026-08-14 11:59:49,22.3125,1
2026-08-14 11:59:49,22.3125,1
2026-08-14 11:59:49,22.3125,1
2026-08-14 11:59:49,21.953125,1
2026-08-14 11:59:49,21.953125,1
2026-08-14 11:59:49,21.953125,1
2026-08-14 11:59:49,21.953125,1
2026-08-14 11:59:49,21.953125,1
2026-08-14 11:59:49,21.953125,1
2026-08-14 11:59:49,21.953125,1
2026-08-14 11:59:49,21.953125,1
2026-08-14 11:59:49,20.765625,1
2026-08-14 11:59:49,20.765625,1
2026-08-14 11:59:49,20.796875,1
2026-08-14 11:59:49,20.796875,1
2026-08-14 11:59:49,20.625,1
2026-08-14 11:59:49,20.625,1
2026-08-14 11:59:49,20.625,1
2026-08-14 11:59:49,20.625,1
2026-08-14 11:59:50,20.625,1
2026-08-14 11:59:50,20.625,1
2026-08-14 11:59:50,20.625,1
2026-08-14 11:59:50,20.625,1
2026-08-14 11:59:50,20.625,1
2026-08-14 11:59:50,20.625,1
2026-08-14 11:59:50,19.28125,1
2026-08-14 11:59:50,19.28125,1
2026-08-14 11:59:50,19.28125,1
2026-08-14 11:59:50,19.28125,1
2026-08-14 11:59:50,19.28125,1
2026-08-14 11:59:50,19.28125,1
2026-08-14 11:59:50,19.28125,1
2026-08-14 11:59:50,19.28125,1
2026-08-14 11:59:50,19.28125,1
2026-08-14 11:59:50,19.28125,1
2026-08-14 11:59:50,20.109375,1
2026-08-14 11:59:50,20.109375,1
2026-08-14 11:59:50,20.140625,1
2026-08-14 11:59:50,20.140625,1
2026-08-14 11:59:51,20.171875,1
2026-08-14 11:59:51,20.171875,1
2026-08-14 11:59:51,20.171875,1
2026-08-14 11:59:51,20.171875,1
2026-08-14 11:59:51,20.171875,1
2026-08-14 11:59:51,20.171875,1
2026-08-14 11:59:51,20.046875,1
2026-08-14 11:59:51,20.046875,1
2026-08-14 11:59:51,20.09375,1
2026-08-14 11:59:51,20.09375,1
2026-08-14 11:59:51,20.09375,1
2026-08-14 11:59:51,20.09375,1
2026-08-14 11:59:51,20.09375,1
2026-08-14 11:59:51,20.09375,1
2026-08-14 11:59:51,20.09375,1
2026-08-14 11:59:51,20.09375,1
2026-08-14 11:59:51,18.859375,1
2026-08-14 11:59:51,18.859375,1
2026-08-14 11:59:51,18.90625,1
2026-08-14 11:59:51,18.90625,1
2026-08-14 11:59:52,18.75,1
2026-08-14 11:59:52,18.75,1
2026-08-14 11:59:52,18.75,1
2026-08-14 11:59:52,18.75,1
2026-08-14 11:59:52,18.75,1
2026-08-14 11:59:52,18.75,1
2026-08-14 11:59:52,18.75,1
2026-08-14 11:59:52,18.75,1
2026-08-14 11:59:52,15.015625,1
2026-08-14 11:59:52,15.015625,1
2026-08-14 11:59:52,14.90625,1
2026-08-14 11:59:52,14.90625,1
2026-08-14 11:59:52,14.796875,1
2026-08-14 11:59:52,14.796875,1
2026-08-14 11:59:52,14.796875,1
2026-08-14 11:59:52,14.796875,1
2026-08-14 11:59:52,14.796875,1
2026-08-14 11:59:52,14.796875,1
2026-08-14 11:59:52,14.796875,1
2026-08-14 11:59:52,14.796875,1
2026-08-14 11:59:53,14.796875,1
2026-08-14 11:59:53,14.796875,1
2026-08-14 11:59:53,11.0,1
2026-08-14 11:59:53,11.0,1
2026-08-14 11:59:53,10.6875,1
2026-08-14 11:59:53,10.6875,1
2026-08-14 11:59:53,10.6875,1
2026-08-14 11:59:53,10.6875,1
2026-08-14 11:59:53,10.6875,1
2026-08-14 11:59:53,10.6875,1
2026-08-14 11:59:53,7.78125,1
2026-08-14 11:59:53,7.78125,1
2026-08-14 11:59:53,7.78125,1
2026-08-14 11:59:53,7.78125,1
2026-08-14 11:59:53,7.203125,1
2026-08-14 11:59:53,7.203125,1
2026-08-14 11:59:53,7.15625,1
2026-08-14 11:59:53,7.15625,1
2026-08-14 11:59:53,7.15625,1
2026-08-14 11:59:53,7.15625,1
2026-08-14 11:59:54,7.15625,1
2026-08-14 11:59:54,7.15625,1
2026-08-14 11:59:54,7.15625,1
2026-08-14 11:59:54,7.15625,1
2026-08-14 11:59:54,4.3125,1
2026-08-14 11:59:54,4.3125,1
2026-08-14 11:59:54,4.078125,1
2026-08-14 11:59:54,4.078125,1
2026-08-14 11:59:54,4.078125,1
2026-08-14 11:59:54,4.078125,1
2026-08-14 11:59:54,4.078125,1
2026-08-14 11:59:54,4.078125,1
2026-08-14 11:59:54,4.078125,1
2026-08-14 11:59:54,4.078125,1
2026-08-14 11:59:54,1.390625,1
2026-08-14 11:59:54,1.390625,1
2026-08-14 11:59:54,1.390625,1
2026-08-14 11:59:54,1.390625,1
2026-08-14 11:59:54,1.1875,1
2026-08-14 11:59:54,1.1875,1
2026-08-14 11:59:55,1.171875,1
2026-08-14 11:59:55,1.171875,1
2026-08-14 11:59:55,1.171875,1
2026-08-14 11:59:55,1.171875,1
2026-08-14 11:59:55,1.171875,1
2026-08-14 11:59:55,1.171875,1
2026-08-14 11:59:55,1.171875,1
2026-08-14 11:59:55,1.171875,1
2026-08-14 11:59:55,1.171875,1
2026-08-14 11:59:55,1.171875,1
2026-08-14 11:59:55,0.0,1
2026-08-14 11:59:55,0.0,1
2026-08-14 11:59:55,0.0,1
2026-08-14 11:59:55,0.0,1
2026-08-14 11:59:55,0.0,1
2026-08-14 11:59:55,0.0,1
2026-08-14 11:59:55,0.0,1
2026-08-14 11:59:55,0.0,1
2026-08-14 11:59:55,0.0,1
2026-08-14 11:59:55,0.0,1
2026-08-14 11:59:56,0.0,1
2026-08-14 11:59:56,0.0,1
2026-08-14 11:59:56,0.0,1
2026-08-14 11:59:56,0.0,1
2026-08-14 11:59:56,0.0,1
2026-08-14 11:59:56,0.0,1
2026-08-14 11:59:56,0.0,1
2026-08-14 11:59:56,0.0,1
2026-08-14 11:59:56,0.0,1
2026-08-14 11:59:56,0.0,1
2026-08-14 11:59:56,0.0,1
2026-08-14 11:59:56,0.0,1
2026-08-14 11:59:56,0.0,1
2026-08-14 11:59:56,0.0,1
2026-08-14 11:59:56,0.0,1
2026-08-14 11:59:56,0.0,1
2026-08-14 11:59:56,0.0,1
2026-08-14 11:59:56,0.0,1
2026-08-14 11:59:56,0.0,1
2026-08-14 11:59:56,0.0,1
2026-08-14 11:59:57,0.0,1
2026-08-14 11:59:57,0.0,1
2026-08-14 11:59:57,0.0,1
2026-08-14 11:59:57,0.0,1
2026-08-14 11:59:57,0.0,1
2026-08-14 11:59:57,0.0,1
2026-08-14 11:59:57,0.0,1
2026-08-14 11:59:57,0.0,1
2026-08-14 11:59:57,0.0,1
2026-08-14 11:59:57,0.0,1
2026-08-14 11:59:57,0.0,1
2026-08-14 11:59:57,0.0,1
2026-08-14 11:59:57,0.0,1
2026-08-14 11:59:57,0.0,1
2026-08-14 11:59:57,0.0,1
2026-08-14 11:59:57,0.0,1
2026-08-14 11:59:57,0.0,1
2026-08-14 11:59:57,0.0,1
2026-08-14 11:59:57,0.0,1
2026-08-14 11:59:57,0.0,1
2026-08-14 11:59:58,0.0,1
2026-08-14 11:59:58,0.0,1
2026-08-14 11:59:58,0.0,1
2026-08-14 11:59:58,0.0,1
2026-08-14 11:59:58,0.0,1
2026-08-14 11:59:58,0.0,1
2026-08-14 11:59:58,0.0,1
2026-08-14 11:59:58,0.0,1
2026-08-14 11:59:58,0.0,1
2026-08-14 11:59:58,0.0,1
2026-08-14 11:59:58,0.0,1
2026-08-14 11:59:58,0.0,1
2026-08-14 11:59:58,0.0,1
2026-08-14 11:59:58,0.0,1
2026-08-14 11:59:58,0.0,1
2026-08-14 11:59:58,0.0,1
2026-08-14 11:59:58,0.0,1
2026-08-14 11:59:58,0.0,1
2026-08-14 11:59:58,0.0,1
2026-08-14 11:59:58,0.0,1
2026-08-14 11:59:59,0.0,1
2026-08-14 11:59:59,0.0,1
2026-08-14 11:59:59,0.0,1
2026-08-14 11:59:59,0.0,1
2026-08-14 11:59:59,0.0,1
2026-08-14 11:59:59,0.0,1
2026-08-14 11:59:59,0.0,1
2026-08-14 11:59:59,0.0,1
2026-08-14 11:59:59,0.0,1
2026-08-14 11:59:59,0.0,1
2026-08-14 11:59:59,0.0,1
2026-08-14 11:59:59,0.0,1
2026-08-14 11:59:59,0.0,1
2026-08-14 11:59:59,0.0,1
2026-08-14 11:59:59,0.0,1
2026-08-14 11:59:59,0.0,1
2026-08-14 11:59:59,0.0,1
2026-08-14 11:59:59,0.0,1
2026-08-14 11:59:59,0.0,1
2026-08-14 11:59:59,0.0,1
2026-08-14 12:00:00,0.0,1
2026-08-14 12:00:00,0.0,1
2026-08-14 12:00:00,0.0,1
2026-08-14 12:00:00,0.0,1
2026-08-14 12:00:00,0.0,1
2026-08-14 12:00:00,0.0,1
2026-08-14 12:00:00,0.0,1
2026-08-14 12:00:00,0.0,1
2026-08-14 12:00:00,0.0,1
2026-08-14 12:00:00,0.0,1
2026-08-14 12:00:00,0.0,1
2026-08-14 12:00:00,0.0,1
2026-08-14 12:00:00,0.0,1
2026-08-14 12:00:00,0.0,1
2026-08-14 12:00:00,0.0,1
2026-08-14 12:00:00,0.0,1
2026-08-14 12:00:00,0.0,1
2026-08-14 12:00:00,0.0,1
2026-08-14 12:00:00,0.0,1
2026-08-14 12:00:00,0.0,1
2026-08-14 12:00:01,0.0,1
2026-08-14 12:00:01,0.0,1
2026-08-14 12:00:01,0.0,1
2026-08-14 12:00:01,0.0,1
2026-08-14 12:00:01,0.0,1
2026-08-14 12:00:01,0.0,1
2026-08-14 12:00:01,0.0,1
2026-08-14 12:00:01,0.0,1
2026-08-14 12:00:01,0.0,1
2026-08-14 12:00:01,0.0,1
2026-08-14 12:00:01,0.0,1
2026-08-14 12:00:01,0.0,1
2026-08-14 12:00:01,0.0,1
2026-08-14 12:00:01,0.0,1
2026-08-14 12:00:01,0.0,1
2026-08-14 12:00:01,0.0,1
2026-08-14 12:00:01,0.0,1
2026-08-14 12:00:01,0.0,1
2026-08-14 12:00:01,0.0,1
2026-08-14 12:00:01,0.0,1
2026-08-14 12:00:02,0.0,1
2026-08-14 12:00:02,0.0,1
2026-08-14 12:00:02,0.0,1
2026-08-14 12:00:02,0.0,1
2026-08-14 12:00:02,0.0,1
2026-08-14 12:00:02,0.0,1
2026-08-14 12:00:02,0.0,1
2026-08-14 12:00:02,0.0,1
2026-08-14 12:00:02,0.0,1
2026-08-14 12:00:02,0.0,1
2026-08-14 12:00:02,0.0,1
2026-08-14 12:00:02,0.0,1
2026-08-14 12:00:02,0.0,1
2026-08-14 12:00:02,0.0,1
2026-08-14 12:00:02,0.0,1
2026-08-14 12:00:02,0.0,1
2026-08-14 12:00:02,0.0,1
2026-08-14 12:00:02,0.0,1
2026-08-14 12:00:02,0.0,1
2026-08-14 12:00:02,0.0,1
2026-08-14 12:00:03,0.0,1
2026-08-14 12:00:03,0.0,1
2026-08-14 12:00:03,0.0,1
2026-08-14 12:00:03,0.0,1
2026-08-14 12:00:03,0.0,1
2026-08-14 12:00:03,0.0,1
2026-08-14 12:00:03,0.0,1
2026-08-14 12:00:03,0.0,1
2026-08-14 12:00:03,0.0,1
2026-08-14 12:00:03,0.0,1
2026-08-14 12:00:03,0.0,1
2026-08-14 12:00:03,0.0,1
2026-08-14 12:00:03,0.0,1
2026-08-14 12:00:03,0.0,1
2026-08-14 12:00:03,0.0,1
2026-08-14 12:00:03,0.0,1
2026-08-14 12:00:03,0.0,1
2026-08-14 12:00:03,0.0,1
2026-08-14 12:00:03,0.0,1
2026-08-14 12:00:03,0.0,1
2026-08-14 12:00:04,0.0,1
2026-08-14 12:00:04,0.0,1
2026-08-14 12:00:04,0.0,1
2026-08-14 12:00:04,0.0,1
2026-08-14 12:00:04,0.0,1
2026-08-14 12:00:04,0.0,1
2026-08-14 12:00:04,0.0,1
2026-08-14 12:00:04,0.0,1
2026-08-14 12:00:04,0.0,1
2026-08-14 12:00:04,0.0,1
2026-08-14 12:00:04,0.0,1
2026-08-14 12:00:04,0.0,1
2026-08-14 12:00:04,0.0,1
2026-08-14 12:00:04,0.0,1
2026-08-14 12:00:04,0.0,1
2026-08-14 12:00:04,0.0,1
2026-08-14 12:00:04,0.0,1
2026-08-14 12:00:04,0.0,1
2026-08-14 12:00:04,0.0,1
2026-08-14 12:00:04,0.0,1
2026-08-14 12:00:05,0.0,1
2026-08-14 12:00:05,0.0,1
2026-08-14 12:00:05,0.0,1
2026-08-14 12:00:05,0.0,1
2026-08-14 12:00:05,0.0,1
2026-08-14 12:00:05,0.0,1
2026-08-14 12:00:05,0.0,1
2026-08-14 12:00:05,0.0,1
2026-08-14 12:00:05,0.0,1
2026-08-14 12:00:05,0.0,1
2026-08-14 12:00:05,0.0,1
2026-08-14 12:00:05,0.0,1
2026-08-14 12:00:05,0.0,1
2026-08-14 12:00:05,0.0,1
2026-08-14 12:00:05,0.0,1
2026-08-14 12:00:05,0.0,1
2026-08-14 12:00:05,0.0,1
2026-08-14 12:00:05,0.0,1
2026-08-14 12:00:05,0.0,1
2026-08-14 12:00:05,0.0,1
2026-08-14 12:00:06,0.0,1
2026-08-14 12:00:06,0.0,1
2026-08-14 12:00:06,0.0,1
2026-08-14 12:00:06,0.0,1
2026-08-14 12:00:06,0.0,1
2026-08-14 12:00:06,0.0,1
2026-08-14 12:00:06,0.0,1
2026-08-14 12:00:06,0.0,1
2026-08-14 12:00:06,0.0,1
2026-08-14 12:00:06,0.0,1
2026-08-14 12:00:06,0.0,1
2026-08-14 12:00:06,0.0,1
2026-08-14 12:00:06,0.0,1
2026-08-14 12:00:06,0.0,1
2026-08-14 12:00:06,0.0,1
2026-08-14 12:00:06,0.0,1
2026-08-14 12:00:06,0.0,1
2026-08-14 12:00:06,0.0,1
2026-08-14 12:00:06,0.0,1
2026-08-14 12:00:06,0.0,1
2026-08-14 12:00:07,0.0,1
2026-08-14 12:00:07,0.0,1
2026-08-14 12:00:07,0.0,1
2026-08-14 12:00:07,0.0,1
2026-08-14 12:00:07,0.0,1
2026-08-14 12:00:07,0.0,1
2026-08-14 12:00:07,0.0,1
2026-08-14 12:00:07,0.0,1
2026-08-14 12:00:07,0.0,1
2026-08-14 12:00:07,0.0,1
2026-08-14 12:00:07,0.0,1
2026-08-14 12:00:07,0.0,1
2026-08-14 12:00:07,0.0,1
2026-08-14 12:00:07,0.0,1
2026-08-14 12:00:07,0.0,1
2026-08-14 12:00:07,0.0,1
2026-08-14 12:00:07,0.0,1
2026-08-14 12:00:07,0.0,1
2026-08-14 12:00:07,0.0,1
2026-08-14 12:00:07,0.0,1
2026-08-14 12:00:08,0.0,1
2026-08-14 12:00:08,0.0,1
2026-08-14 12:00:08,0.0,1
2026-08-14 12:00:08,0.0,1
2026-08-14 12:00:08,0.0,1
2026-08-14 12:00:08,0.0,1
2026-08-14 12:00:08,0.0,1
2026-08-14 12:00:08,0.0,1
2026-08-14 12:00:08,0.0,1
2026-08-14 12:00:08,0.0,1
2026-08-14 12:00:08,0.0,1
2026-08-14 12:00:08,0.0,1
2026-08-14 12:00:08,0.0,1
2026-08-14 12:00:08,0.0,1
2026-08-14 12:00:08,0.0,1
2026-08-14 12:00:08,0.0,1
2026-08-14 12:00:08,0.0,1
2026-08-14 12:00:08,0.0,1
2026-08-14 12:00:08,0.0,1
2026-08-14 12:00:08,0.0,1
2026-08-14 12:00:09,0.0,1
2026-08-14 12:00:09,0.0,1
2026-08-14 12:00:09,0.0,1
2026-08-14 12:00:09,0.0,1
2026-08-14 12:00:09,0.0,1
2026-08-14 12:00:09,0.0,1
2026-08-14 12:00:09,0.0,1
2026-08-14 12:00:09,0.0,1
2026-08-14 12:00:09,0.0,1
2026-08-14 12:00:09,0.0,1
2026-08-14 12:00:09,0.0,1
2026-08-14 12:00:09,0.0,1
2026-08-14 12:00:09,0.0,1
2026-08-14 12:00:09,0.0,1
2026-08-14 12:00:09,0.0,1
2026-08-14 12:00:09,0.0,1
2026-08-14 12:00:09,0.0,1
2026-08-14 12:00:09,0.0,1
2026-08-14 12:00:09,0.0,1
2026-08-14 12:00:09,0.0,1
2026-08-14 12:00:10,0.0,1
2026-08-14 12:00:10,0.0,1
2026-08-14 12:00:10,0.0,1
2026-08-14 12:00:10,0.0,1
2026-08-14 12:00:10,0.0,1
2026-08-14 12:00:10,0.0,1
2026-08-14 12:00:10,0.0,1
2026-08-14 12:00:10,0.0,1
2026-08-14 12:00:10,0.0,1
2026-08-14 12:00:10,0.0,1
2026-08-14 12:00:10,0.0,1
2026-08-14 12:00:10,0.0,1
2026-08-14 12:00:10,0.0,1
2026-08-14 12:00:10,0.0,1
2026-08-14 12:00:10,0.0,1
2026-08-14 12:00:10,0.0,1
2026-08-14 12:00:10,0.0,1
2026-08-14 12:00:10,0.0,1
2026-08-14 12:00:10,0.0,1
2026-08-14 12:00:10,0.0,1
2026-08-14 12:00:11,0.0,1
2026-08-14 12:00:11,0.0,1
2026-08-14 12:00:11,0.0,1
2026-08-14 12:00:11,0.0,1
2026-08-14 12:00:11,0.0,1
2026-08-14 12:00:11,0.0,1
2026-08-14 12:00:11,0.0,1
2026-08-14 12:00:11,0.0,1
2026-08-14 12:00:11,0.0,1
2026-08-14 12:00:11,0.0,1
2026-08-14 12:00:11,0.0,1
2026-08-14 12:00:11,0.0,1
2026-08-14 12:00:11,0.0,1
2026-08-14 12:00:11,0.0,1
2026-08-14 12:00:11,0.0,1
2026-08-14 12:00:11,0.0,1
2026-08-14 12:00:11,0.0,1
2026-08-14 12:00:11,0.0,1
2026-08-14 12:00:11,0.0,1
2026-08-14 12:00:11,0.0,1
2026-08-14 12:00:12,0.0,1
2026-08-14 12:00:12,0.0,1
2026-08-14 12:00:12,0.0,1
2026-08-14 12:00:12,0.0,1
2026-08-14 12:00:12,0.0,1
2026-08-14 12:00:12,0.0,1
2026-08-14 12:00:12,0.0,1
2026-08-14 12:00:12,0.0,1
2026-08-14 12:00:12,0.0,1
2026-08-14 12:00:12,0.0,1
2026-08-14 12:00:12,0.0,1
2026-08-14 12:00:12,0.0,1
2026-08-14 12:00:12,0.0,1
2026-08-14 12:00:12,0.0,1
2026-08-14 12:00:12,0.0,1
2026-08-14 12:00:12,0.0,1
2026-08-14 12:00:12,0.0,1
2026-08-14 12:00:12,0.0,1
2026-08-14 12:00:12,0.0,1
2026-08-14 12:00:12,0.0,1
2026-08-14 12:00:13,0.0,1
2026-08-14 12:00:13,0.0,1
2026-08-14 12:00:13,0.0,1
2026-08-14 12:00:13,0.0,1
2026-08-14 12:00:13,0.0,1
2026-08-14 12:00:13,0.0,1
2026-08-14 12:00:13,0.0,1
2026-08-14 12:00:13,0.0,1
2026-08-14 12:00:13,0.0,1
2026-08-14 12:00:13,0.0,1
2026-08-14 12:00:13,0.0,1
2026-08-14 12:00:13,0.0,1
2026-08-14 12:00:13,0.0,1
2026-08-14 12:00:13,0.0,1
2026-08-14 12:00:13,0.0,1
2026-08-14 12:00:13,0.0,1
2026-08-14 12:00:13,0.0,1
2026-08-14 12:00:13,0.0,1
2026-08-14 12:00:13,0.0,1
2026-08-14 12:00:13,0.0,1
2026-08-14 12:00:14,0.0,1
2026-08-14 12:00:14,0.0,1
2026-08-14 12:00:14,0.0,1
2026-08-14 12:00:14,0.0,1
2026-08-14 12:00:14,0.0,1
2026-08-14 12:00:14,0.0,1
2026-08-14 12:00:14,0.0,1
2026-08-14 12:00:14,0.0,1
2026-08-14 12:00:14,0.0,1
2026-08-14 12:00:14,0.0,1
2026-08-14 12:00:14,0.0,1
2026-08-14 12:00:14,0.0,1
2026-08-14 12:00:14,0.0,1
2026-08-14 12:00:14,0.0,1
2026-08-14 12:00:14,0.0,1
2026-08-14 12:00:14,0.0,1
2026-08-14 12:00:14,0.0,1
2026-08-14 12:00:14,0.0,1
2026-08-14 12:00:14,0.0,1
2026-08-14 12:00:14,0.0,1
2026-08-14 12:00:15,0.0,1
2026-08-14 12:00:15,0.0,1
2026-08-14 12:00:15,0.0,1
2026-08-14 12:00:15,0.0,1
2026-08-14 12:00:15,0.0,1
2026-08-14 12:00:15,0.0,1
2026-08-14 12:00:15,0.0,1
2026-08-14 12:00:15,0.0,1
2026-08-14 12:00:15,0.0,1
2026-08-14 12:00:15,0.0,1
2026-08-14 12:00:15,0.0,1
2026-08-14 12:00:15,0.0,1
2026-08-14 12:00:15,0.0,1
2026-08-14 12:00:15,0.0,1
2026-08-14 12:00:15,0.0,1
2026-08-14 12:00:15,0.0,1
2026-08-14 12:00:15,0.0,1
2026-08-14 12:00:15,0.0,1
2026-08-14 12:00:15,0.0,1
2026-08-14 12:00:15,0.0,1
2026-08-14 12:00:16,0.0,1
2026-08-14 12:00:16,0.0,1
2026-08-14 12:00:16,0.0,1
2026-08-14 12:00:16,0.0,1
2026-08-14 12:00:16,0.0,1
2026-08-14 12:00:16,0.0,1
2026-08-14 12:00:16,0.0,1
2026-08-14 12:00:16,0.0,1
2026-08-14 12:00:16,0.0,1
2026-08-14 12:00:16,0.0,1
2026-08-14 12:00:16,0.0,1
2026-08-14 12:00:16,0.0,1
2026-08-14 12:00:16,0.0,1
2026-08-14 12:00:16,0.0,1
2026-08-14 12:00:16,0.0,1
2026-08-14 12:00:16,0.0,1
2026-08-14 12:00:16,0.0,1
2026-08-14 12:00:16,0.0,1
2026-08-14 12:00:16,0.0,1
2026-08-14 12:00:16,0.0,1
2026-08-14 12:00:17,0.0,1
2026-08-14 12:00:17,0.0,1
2026-08-14 12:00:17,0.0,1
2026-08-14 12:00:17,0.0,1
2026-08-14 12:00:17,0.0,1
2026-08-14 12:00:17,0.0,1
2026-08-14 12:00:17,0.0,1
2026-08-14 12:00:17,0.0,1
2026-08-14 12:00:17,0.0,1
2026-08-14 12:00:17,0.0,1
2026-08-14 12:00:17,0.0,1
2026-08-14 12:00:17,0.0,1
2026-08-14 12:00:17,0.0,1
2026-08-14 12:00:17,0.0,1
2026-08-14 12:00:17,0.0,1
2026-08-14 12:00:17,0.0,1
2026-08-14 12:00:17,0.0,1
2026-08-14 12:00:17,0.0,1
2026-08-14 12:00:17,0.0,1
2026-08-14 12:00:17,0.0,1
2026-08-14 12:00:18,0.0,1
2026-08-14 12:00:18,0.0,1
2026-08-14 12:00:18,0.0,1
2026-08-14 12:00:18,0.0,1
2026-08-14 12:00:18,0.0,1
2026-08-14 12:00:18,0.0,1
2026-08-14 12:00:18,0.0,1
2026-08-14 12:00:18,0.0,1
2026-08-14 12:00:18,0.0,1
2026-08-14 12:00:18,0.0,1
2026-08-14 12:00:18,0.0,1
2026-08-14 12:00:18,0.0,1
2026-08-14 12:00:18,0.0,1
2026-08-14 12:00:18,0.0,1
2026-08-14 12:00:18,0.0,1
2026-08-14 12:00:18,0.0,1
2026-08-14 12:00:18,0.0,1
2026-08-14 12:00:18,0.0,1
2026-08-14 12:00:18,0.0,1
2026-08-14 12:00:18,0.0,1
2026-08-14 12:00:19,0.0,1
2026-08-14 12:00:19,0.0,1
2026-08-14 12:00:19,0.0,1
2026-08-14 12:00:19,0.0,1
2026-08-14 12:00:19,0.0,1
2026-08-14 12:00:19,0.0,1
2026-08-14 12:00:19,0.0,1
2026-08-14 12:00:19,0.0,1
2026-08-14 12:00:19,0.0,1
2026-08-14 12:00:19,0.0,1
2026-08-14 12:00:19,0.0,1
2026-08-14 12:00:19,0.0,1
2026-08-14 12:00:19,0.0,1
2026-08-14 12:00:19,0.0,1
2026-08-14 12:00:19,0.0,1
2026-08-14 12:00:19,0.0,1
2026-08-14 12:00:19,0.0,1
2026-08-14 12:00:19,0.0,1
2026-08-14 12:00:19,0.0,1
2026-08-14 12:00:19,0.0,1
2026-08-14 12:00:20,0.0,1
2026-08-14 12:00:20,0.0,1
2026-08-14 12:00:20,0.0,1
2026-08-14 12:00:20,0.0,1
2026-08-14 12:00:20,0.0,1
2026-08-14 12:00:20,0.0,1
2026-08-14 12:00:20,0.0,1
2026-08-14 12:00:20,0.0,1
2026-08-14 12:00:20,0.0,1
2026-08-14 12:00:20,0.0,1
2026-08-14 12:00:20,0.0,1
2026-08-14 12:00:20,0.0,1
2026-08-14 12:00:20,0.0,1
2026-08-14 12:00:20,0.0,1
2026-08-14 12:00:20,0.0,1
2026-08-14 12:00:20,0.0,1
2026-08-14 12:00:20,0.0,1
2026-08-14 12:00:20,0.0,1
2026-08-14 12:00:20,0.0,1
2026-08-14 12:00:20,0.0,1
2026-08-14 12:00:21,0.0,1
2026-08-14 12:00:21,0.0,1
2026-08-14 12:00:21,0.0,1
2026-08-14 12:00:21,0.0,1
2026-08-14 12:00:21,0.0,1
2026-08-14 12:00:21,0.0,1
2026-08-14 12:00:21,0.0,1
2026-08-14 12:00:21,0.0,1
2026-08-14 12:00:21,0.0,1
2026-08-14 12:00:21,0.0,1
2026-08-14 12:00:21,0.0,1
2026-08-14 12:00:21,0.0,1
2026-08-14 12:00:21,0.0,1
2026-08-14 12:00:21,0.0,1
2026-08-14 12:00:21,0.0,1
2026-08-14 12:00:21,0.0,1
2026-08-14 12:00:21,0.0,1
2026-08-14 12:00:21,0.0,1
2026-08-14 12:00:21,0.0,1
2026-08-14 12:00:21,0.0,1
2026-08-14 12:00:22,0.0,1
2026-08-14 12:00:22,0.0,1
2026-08-14 12:00:22,0.0,1
2026-08-14 12:00:22,0.0,1
2026-08-14 12:00:22,0.0,1
2026-08-14 12:00:22,0.0,1
2026-08-14 12:00:22,0.0,1
2026-08-14 12:00:22,0.0,1
2026-08-14 12:00:22,0.0,1
2026-08-14 12:00:22,0.0,1
2026-08-14 12:00:22,0.0,1
2026-08-14 12:00:22,0.0,1
2026-08-14 12:00:22,0.0,1
2026-08-14 12:00:22,0.0,1
2026-08-14 12:00:22,0.0,1
2026-08-14 12:00:22,0.0,1
2026-08-14 12:00:22,0.0,1
2026-08-14 12:00:22,0.0,1
2026-08-14 12:00:22,0.0,1
2026-08-14 12:00:22,0.0,1
2026-08-14 12:00:23,0.0,1
2026-08-14 12:00:23,0.0,1
2026-08-14 12:00:23,0.0,1
2026-08-14 12:00:23,0.0,1
