date,ref_id,pos_x,pos_y,pos_z,yaw
2026-08-04 14:35:41,11,-58824,168138,37306,-993
2026-08-04 14:35:41,11,-58824,168138,37306,-993
2026-08-04 14:35:41,11,-58824,168138,37306,-993
2026-08-04 14:35:41,11,-58824,168138,37306,-993
2026-08-04 14:35:41,11,-58824,168138,37306,-993
2026-08-04 14:35:41,11,-58824,168138,37306,-993
2026-08-04 14:35:42,11,-58824,168138,37306,-993
2026-08-04 14:35:42,11,-58824,168138,37306,-994
2026-08-04 14:35:42,11,-58824,168138,37306,-994
2026-08-04 14:35:42,11,-58824,168138,37306,-994
2026-08-04 14:35:42,11,-58824,168138,37306,-994
2026-08-04 14:35:42,11,-58824,168138,37306,-994
2026-08-04 14:35:42,11,-58824,168138,37306,-994
2026-08-04 14:35:42,11,-58824,168138,37306,-994
2026-08-04 14:35:42,11,-58824,168138,37306,-994
2026-08-04 14:35:42,11,-58824,168138,37306,-994
2026-08-04 14:35:43,11,-58824,168138,37306,-995
2026-08-04 14:35:43,11,-58824,168138,37306,-995
2026-08-04 14:35:43,11,-58824,168138,37306,-995
2026-08-04 14:35:43,11,-58824,168138,37306,-995
2026-08-04 14:35:43,11,-58824,168138,37306,-995
2026-08-04 14:35:43,11,-58824,168138,37306,-995
2026-08-04 14:35:43,11,-58824,168138,37306,-995
2026-08-04 14:35:43,11,-58824,168138,37306,-995
2026-08-04 14:35:43,11,-58824,168138,37306,-995
2026-08-04 14:35:43,11,-58824,168138,37306,-996
2026-08-04 14:35:44,11,-58824,168138,37306,-996
2026-08-04 14:35:44,11,-58824,168138,37306,-996
2026-08-04 14:35:44,11,-58824,168138,37306,-996
2026-08-04 14:35:44,11,-58824,168138,37306,-996
2026-08-04 14:35:44,11,-58824,168138,37306,-996
2026-08-04 14:35:44,11,-58824,168138,37306,-996
2026-08-04 14:35:44,11,-58824,168138,37306,-997
2026-08-04 14:35:44,11,-58824,168138,37306,-997
2026-08-04 14:35:44,11,-58824,168138,37306,-997
2026-08-04 14:35:44,11,-58824,168138,37306,-997
2026-08-04 14:35:45,11,-58824,168138,37306,-997
2026-08-04 14:35:45,11,-58824,168138,37306,-997
2026-08-04 14:35:45,11,-58824,168138,37306,-997
2026-08-04 14:35:45,11,-58824,168138,37306,-997
2026-08-04 14:35:45,11,-58824,168138,37306,-997
2026-08-04 14:35:45,11,-58824,168138,37306,-997
2026-08-04 14:35:45,11,-58824,168138,37306,-997
2026-08-04 14:35:45,11,-58824,168138,37306,-997
2026-08-04 14:35:45,11,-58824,168138,37306,-997
2026-08-04 14:35:45,11,-58824,168138,37306,-997
2026-08-04 14:35:46,11,-58824,168138,37306,-997
2026-08-04 14:35:46,11,-58824,168138,37306,-998
2026-08-04 14:35:46,11,-58824,168138,37306,-997
2026-08-04 14:35:46,11,-58824,168138,37306,-998
2026-08-04 14:35:46,11,-58824,168138,37306,-998
2026-08-04 14:35:46,11,-58824,168138,37306,-998
2026-08-04 14:35:46,11,-58824,168138,37306,-998
2026-08-04 14:35:46,11,-58824,168138,37306,-998
2026-08-04 14:35:46,11,-58824,168138,37306,-998
2026-08-04 14:35:46,11,-58824,168138,37306,-998
2026-08-04 14:35:47,11,-58824,168138,37306,-999
2026-08-04 14:35:47,11,-58824,168138,37306,-999
2026-08-04 14:35:47,11,-58824,168138,37306,-999
2026-08-04 14:35:47,11,-58824,168138,37306,-999
2026-08-04 14:35:47,11,-58824,168138,37306,-999
2026-08-04 14:35:47,11,-58824,168138,37306,-999
2026-08-04 14:35:47,11,-58824,168138,37306,-999
2026-08-04 14:35:47,11,-58824,168138,37306,-999
2026-08-04 14:35:47,11,-58824,168138,37306,-999
2026-08-04 14:35:47,11,-58824,168138,37306,-999
2026-08-04 14:35:48,11,-58824,168138,37306,-999
2026-08-04 14:35:48,11,-58824,168138,37306,-999
2026-08-04 14:35:48,11,-58824,168138,37306,-999
2026-08-04 14:35:48,11,-58824,168138,37306,-999
2026-08-04 14:35:48,11,-58824,168138,37306,-1000
2026-08-04 14:35:48,11,-58824,168138,37306,-1000
2026-08-04 14:35:48,11,-58824,168138,37306,-1000
2026-08-04 14:35:48,11,-58824,168138,37306,-1000
2026-08-04 14:35:48,11,-58824,168138,37306,-1000
2026-08-04 14:35:48,11,-58824,168138,37306,-1000
2026-08-04 14:35:49,11,-58824,168138,37306,-1000
2026-08-04 14:35:49,11,-58824,168138,37306,-1001
2026-08-04 14:35:49,11,-58824,168138,37306,-1001
2026-08-04 14:35:49,11,-58824,168138,37306,-1001
2026-08-04 14:35:49,11,-58824,168138,37306,-1001
2026-08-04 14:35:49,11,-58824,168138,37306,-1001
2026-08-04 14:35:49,11,-58824,168138,37306,-1001
2026-08-04 14:35:49,11,-58824,168138,37306,-1001
2026-08-04 14:35:49,11,-58824,168138,37306,-1001
2026-08-04 14:35:49,11,-58824,168138,37306,-1001
2026-08-04 14:35:50,11,-58824,168138,37306,-1001
2026-08-04 14:35:50,11,-58824,168138,37306,-1002
2026-08-04 14:35:50,11,-58824,168138,37306,-1002
2026-08-04 14:35:50,11,-58824,168138,37306,-1002
2026-08-04 14:35:50,11,-58824,168138,37306,-1002
2026-08-04 14:35:50,11,-58824,168138,37306,-1002
2026-08-04 14:35:50,11,-58824,168138,37306,-1002
2026-08-04 14:35:50,11,-58824,168138,37306,-1002
2026-08-04 14:35:50,11,-58824,168138,37306,-1002
2026-08-04 14:35:50,11,-58824,168138,37306,-1002
2026-08-04 14:35:51,11,-58824,168138,37306,-1003
2026-08-04 14:35:51,11,-58824,168138,37306,-1003
2026-08-04 14:35:51,11,-58824,168138,37306,-1003
2026-08-04 14:35:51,11,-58824,168138,37306,-1003
2026-08-04 14:35:51,11,-58824,168138,37306,-1003
2026-08-04 14:35:51,11,-58824,168138,37306,-1003
2026-08-04 14:35:51,11,-58824,168138,37306,-1003
2026-08-04 14:35:51,11,-58824,168138,37306,-1003
2026-08-04 14:35:51,11,-58824,168138,37306,-1003
2026-08-04 14:35:51,11,-58824,168138,37306,-1003
2026-08-04 14:35:52,11,-58824,168138,37306,-1003
2026-08-04 14:35:52,11,-58824,168138,37306,-1004
2026-08-04 14:35:52,11,-58824,168138,37306,-1004
2026-08-04 14:35:52,11,-58824,168138,37306,-1004
2026-08-04 14:35:52,11,-58824,168138,37306,-1004
2026-08-04 14:35:52,11,-58824,168138,37306,-1004
2026-08-04 14:35:52,11,-58824,168138,37306,-1004
2026-08-04 14:35:52,11,-58824,168138,37306,-1004
2026-08-04 14:35:52,11,-58824,168138,37306,-1004
2026-08-04 14:35:52,11,-58824,168138,37306,-1004
2026-08-04 14:35:53,11,-58824,168138,37306,-1005
2026-08-04 14:35:53,11,-58824,168138,37306,-1005
2026-08-04 14:35:53,11,-58824,168138,37306,-1005
2026-08-04 14:35:53,11,-58824,168138,37306,-1005
2026-08-04 14:35:53,11,-58824,168138,37306,-1005
2026-08-04 14:35:53,11,-58824,168138,37306,-1005
2026-08-04 14:35:53,11,-58824,168138,37306,-1005
2026-08-04 14:35:53,11,-58824,168138,37306,-1005
2026-08-04 14:35:53,11,-58824,168138,37306,-1005
2026-08-04 14:35:53,11,-58824,168138,37306,-1005
2026-08-04 14:35:54,11,-58824,168138,37306,-1006
2026-08-04 14:35:54,11,-58824,168138,37306,-1006
2026-08-04 14:35:54,11,-58824,168138,37306,-1006
2026-08-04 14:35:54,11,-58824,168138,37306,-1006
2026-08-04 14:35:54,11,-58824,168138,37306,-1006
2026-08-04 14:35:54,11,-58824,168138,37306,-1006
2026-08-04 14:35:54,11,-58824,168138,37306,-1006
2026-08-04 14:35:54,11,-58824,168138,37306,-1007
2026-08-04 14:35:54,11,-58824,168138,37306,-1006
2026-08-04 14:35:54,11,-58824,168138,37306,-1006
2026-08-04 14:35:55,11,-58824,168138,37306,-1007
2026-08-04 14:35:55,11,-58824,168138,37306,-1007
2026-08-04 14:35:55,11,-58824,168138,37306,-1007
2026-08-04 14:35:55,11,-58824,168138,37306,-1007
2026-08-04 14:35:55,11,-58824,168138,37306,-1007
2026-08-04 14:35:55,11,-58824,168138,37306,-1007
2026-08-04 14:35:55,11,-58824,168138,37306,-1007
2026-08-04 14:35:55,11,-58824,168138,37306,-1007
2026-08-04 14:35:55,11,-58824,168138,37306,-1008
2026-08-04 14:35:55,11,-58824,168138,37306,-1008
2026-08-04 14:35:56,11,-58824,168138,37306,-1008
2026-08-04 14:35:56,11,-58824,168138,37306,-1008
2026-08-04 14:35:56,11,-58824,168138,37306,-1008
2026-08-04 14:35:56,11,-58824,168138,37306,-1008
2026-08-04 14:35:56,11,-58824,168138,37306,-1008
2026-08-04 14:35:56,11,-58824,168138,37306,-1008
2026-08-04 14:35:56,11,-58824,168138,37306,-1008
2026-08-04 14:35:56,11,-58824,168138,37306,-1008
2026-08-04 14:35:56,11,-58824,168138,37306,-1008
2026-08-04 14:35:56,11,-58824,168138,37306,-1008
2026-08-04 14:35:57,11,-58824,168138,37306,-1008
2026-08-04 14:35:57,11,-58824,168138,37306,-1008
2026-08-04 14:35:57,11,-58824,168138,37306,-1008
2026-08-04 14:35:57,11,-58824,168138,37306,-1009
2026-08-04 14:35:57,11,-58824,168138,37306,-1009
2026-08-04 14:35:57,11,-58824,168138,37306,-1009
2026-08-04 14:35:57,11,-58824,168138,37306,-1009
2026-08-04 14:35:57,11,-58824,168138,37306,-1009
2026-08-04 14:35:57,11,-58824,168138,37306,-1009
2026-08-04 14:35:57,11,-58824,168138,37306,-1009
2026-08-04 14:35:58,11,-58824,168138,37306,-1009
2026-08-04 14:35:58,11,-58824,168138,37306,-1009
2026-08-04 14:35:58,11,-58824,168138,37306,-1010
2026-08-04 14:35:58,11,-58824,168138,37306,-1010
2026-08-04 14:35:58,11,-58824,168138,37306,-1010
2026-08-04 14:35:58,11,-58824,168138,37306,-1010
2026-08-04 14:35:58,11,-58824,168138,37306,-1010
2026-08-04 14:35:58,11,-58824,168138,37306,-1010
2026-08-04 14:35:58,11,-58824,168138,37306,-1010
2026-08-04 14:35:58,11,-58824,168138,37306,-1010
2026-08-04 14:35:59,11,-58824,168138,37306,-1010
2026-08-04 14:35:59,11,-58824,168138,37306,-1010
2026-08-04 14:35:59,11,-58824,168138,37306,-1010
2026-08-04 14:35:59,11,-58824,168138,37306,-1010
2026-08-04 14:35:59,11,-58824,168138,37306,-1010
2026-08-04 14:35:59,11,-58824,168138,37306,-1010
2026-08-04 14:35:59,11,-58824,168138,37306,-1011
2026-08-04 14:35:59,11,-58824,168138,37306,-1011
2026-08-04 14:35:59,11,-58824,168138,37306,-1011
2026-08-04 14:35:59,11,-58824,168138,37306,-1011
2026-08-04 14:36:00,11,-58824,168138,37306,-1011
2026-08-04 14:36:00,11,-58824,168138,37306,-1011
2026-08-04 14:36:00,11,-58824,168138,37306,-1011
2026-08-04 14:36:00,11,-58824,168138,37306,-1011
2026-08-04 14:36:00,11,-58824,168138,37306,-1011
2026-08-04 14:36:00,11,-58824,168138,37306,-1011
2026-08-04 14:36:00,11,-58824,168138,37306,-1012
2026-08-04 14:36:00,11,-58824,168138,37306,-1012
2026-08-04 14:36:00,11,-58824,168138,37306,-1012
2026-08-04 14:36:00,11,-58824,168138,37306,-1012
2026-08-04 14:36:01,11,-58824,168138,37306,-1012
2026-08-04 14:36:01,11,-58824,168138,37306,-1012
2026-08-04 14:36:01,11,-58824,168138,37306,-1012
2026-08-04 14:36:01,11,-58824,168138,37306,-1012
2026-08-04 14:36:01,11,-58824,168138,37306,-1013
2026-08-04 14:36:01,11,-58824,168138,37306,-1013
2026-08-04 14:36:01,11,-58824,168138,37306,-1013
2026-08-04 14:36:01,11,-58824,168138,37306,-1013
2026-08-04 14:36:01,11,-58824,168138,37306,-1013
2026-08-04 14:36:01,11,-58824,168138,37306,-1013
2026-08-04 14:36:02,11,-58824,168138,37306,-1013
2026-08-04 14:36:02,11,-58824,168138,37306,-1013
2026-08-04 14:36:02,11,-58824,168138,37306,-1013
2026-08-04 14:36:02,11,-58824,168138,37306,-1014
2026-08-04 14:36:02,11,-58824,168138,37306,-1014
2026-08-04 14:36:02,11,-58824,168138,37306,-1014
2026-08-04 14:36:02,11,-58824,168138,37306,-1014
2026-08-04 14:36:02,11,-58824,168138,37306,-1014
2026-08-04 14:36:02,11,-58824,168138,37306,-1014
2026-08-04 14:36:02,11,-58824,168138,37306,-1014
2026-08-04 14:36:03,11,-58824,168138,37306,-1014
2026-08-04 14:36:03,11,-58824,168138,37306,-1014
2026-08-04 14:36:03,11,-58824,168138,37306,-1015
2026-08-04 14:36:03,11,-58824,168138,37306,-1015
2026-08-04 14:36:03,11,-58824,168138,37306,-1015
2026-08-04 14:36:03,11,-58824,168138,37306,-1015
2026-08-04 14:36:03,11,-58824,168138,37306,-1015
2026-08-04 14:36:03,11,-58824,168138,37306,-1015
2026-08-04 14:36:03,11,-58824,168138,37306,-1015
2026-08-04 14:36:03,11,-58824,168138,37306,-1015
2026-08-04 14:36:04,11,-58824,168138,37306,-1015
2026-08-04 14:36:04,11,-58824,168138,37306,-1015
2026-08-04 14:36:04,11,-58824,168138,37306,-1015
2026-08-04 14:36:04,11,-58824,168138,37306,-1015
2026-08-04 14:36:04,11,-58824,168138,37306,-1016
2026-08-04 14:36:04,11,-58824,168138,37306,-1016
2026-08-04 14:36:04,11,-58824,168138,37306,-1016
2026-08-04 14:36:04,11,-58824,168138,37306,-1016
2026-08-04 14:36:04,11,-58824,168138,37306,-1016
2026-08-04 14:36:04,11,-58824,168138,37306,-1016
2026-08-04 14:36:05,11,-58810,168136,37304,-1016
2026-08-04 14:36:05,11,-58795,168133,37301,-1016
2026-08-04 14:36:05,11,-58746,168124,37292,-1016
2026-08-04 14:36:05,11,-58694,168115,37282,-1016
2026-08-04 14:36:05,11,-58694,168115,37282,-1017
2026-08-04 14:36:05,11,-58655,168108,37275,-1017
2026-08-04 14:36:05,11,-58617,168101,37267,-1017
2026-08-04 14:36:05,11,-58579,168094,37260,-1017
2026-08-04 14:36:05,11,-58579,168094,37260,-1017
2026-08-04 14:36:05,11,-58579,168094,37260,-1017
2026-08-04 14:36:06,11,-58557,168090,37256,-1017
2026-08-04 14:36:06,11,-58557,168090,37256,-1017
2026-08-04 14:36:06,11,-58557,168090,37256,-1017
2026-08-04 14:36:06,11,-58557,168090,37256,-1017
2026-08-04 14:36:06,11,-58557,168090,37256,-1017
2026-08-04 14:36:06,11,-58557,168090,37256,-1017
2026-08-04 14:36:06,11,-58557,168090,37256,-1018
2026-08-04 14:36:06,11,-58557,168090,37256,-1018
2026-08-04 14:36:06,11,-58557,168090,37256,-1018
2026-08-04 14:36:06,11,-58557,168090,37256,-1018
2026-08-04 14:36:07,11,-58557,168090,37256,-1018
2026-08-04 14:36:07,11,-58557,168090,37256,-1018
2026-08-04 14:36:07,11,-58557,168090,37256,-1018
2026-08-04 14:36:07,11,-58557,168090,37256,-1018
2026-08-04 14:36:07,11,-58557,168090,37256,-1018
2026-08-04 14:36:07,11,-58557,168090,37256,-1018
2026-08-04 14:36:07,11,-58557,168090,37256,-1019
2026-08-04 14:36:07,11,-58557,168090,37256,-1018
2026-08-04 14:36:07,11,-58557,168090,37256,-1019
2026-08-04 14:36:07,11,-58557,168090,37256,-1019
2026-08-04 14:36:08,11,-58557,168090,37256,-1019
2026-08-04 14:36:08,11,-58557,168090,37256,-1019
2026-08-04 14:36:08,11,-58557,168090,37256,-1019
2026-08-04 14:36:08,11,-58557,168090,37256,-1019
2026-08-04 14:36:08,11,-58557,168090,37256,-1019
2026-08-04 14:36:08,11,-58557,168090,37256,-1019
2026-08-04 14:36:08,11,-58557,168090,37256,-1020
2026-08-04 14:36:08,11,-58557,168090,37256,-1020
2026-08-04 14:36:08,11,-58557,168090,37256,-1020
2026-08-04 14:36:08,11,-58557,168090,37256,-1020
2026-08-04 14:36:09,11,-58557,168090,37256,-1020
2026-08-04 14:36:09,11,-58557,168090,37256,-1020
2026-08-04 14:36:09,11,-58557,168090,37256,-1020
2026-08-04 14:36:09,11,-58557,168090,37256,-1020
2026-08-04 14:36:09,11,-58557,168090,37256,-1020
2026-08-04 14:36:09,11,-58557,168090,37256,-1020
2026-08-04 14:36:09,11,-58557,168090,37256,-1021
2026-08-04 14:36:09,11,-58557,168090,37256,-1021
2026-08-04 14:36:09,11,-58557,168090,37256,-1021
2026-08-04 14:36:09,11,-58557,168090,37256,-1021
2026-08-04 14:36:10,11,-58557,168090,37256,-1021
2026-08-04 14:36:10,11,-58557,168090,37256,-1021
2026-08-04 14:36:10,11,-58557,168090,37256,-1021
2026-08-04 14:36:10,11,-58557,168090,37256,-1022
2026-08-04 14:36:10,11,-58557,168090,37256,-1022
2026-08-04 14:36:10,11,-58557,168090,37256,-1022
2026-08-04 14:36:10,11,-58557,168090,37256,-1022
2026-08-04 14:36:10,11,-58557,168090,37256,-1022
2026-08-04 14:36:10,11,-58557,168090,37256,-1022
2026-08-04 14:36:10,11,-58557,168090,37256,-1022
2026-08-04 14:36:11,11,-58557,168090,37256,-1022
2026-08-04 14:36:11,11,-58557,168090,37256,-1023
2026-08-04 14:36:11,11,-58557,168090,37256,-1023
2026-08-04 14:36:11,11,-58557,168090,37256,-1023
2026-08-04 14:36:11,11,-58557,168090,37256,-1023
2026-08-04 14:36:11,11,-58557,168090,37256,-1023
2026-08-04 14:36:11,11,-58557,168090,37256,-1023
2026-08-04 14:36:11,11,-58557,168090,37256,-1023
2026-08-04 14:36:11,11,-58557,168090,37256,-1023
2026-08-04 14:36:11,11,-58557,168090,37256,-1023
2026-08-04 14:36:12,11,-58557,168090,37256,-1023
2026-08-04 14:36:12,11,-58557,168090,37256,-1023
2026-08-04 14:36:12,11,-58557,168090,37256,-1023
2026-08-04 14:36:12,11,-58557,168090,37256,-1023
2026-08-04 14:36:12,11,-58557,168090,37256,-1024
2026-08-04 14:36:12,11,-58557,168090,37256,-1024
2026-08-04 14:36:12,11,-58557,168090,37256,-1024
2026-08-04 14:36:12,11,-58557,168090,37256,-1024
2026-08-04 14:36:12,11,-58557,168090,37256,-1024
2026-08-04 14:36:12,11,-58557,168090,37256,-1024
2026-08-04 14:36:13,11,-58557,168090,37256,-1024
2026-08-04 14:36:13,11,-58557,168090,37256,-1024
2026-08-04 14:36:13,11,-58557,168090,37256,-1024
2026-08-04 14:36:13,11,-58557,168090,37256,-1024
2026-08-04 14:36:13,11,-58557,168090,37256,-1024
2026-08-04 14:36:13,11,-58557,168090,37256,-1025
2026-08-04 14:36:13,11,-58557,168090,37256,-1025
2026-08-04 14:36:13,11,-58557,168090,37256,-1025
2026-08-04 14:36:13,11,-58557,168090,37256,-1025
2026-08-04 14:36:13,11,-58557,168090,37256,-1025
2026-08-04 14:36:14,11,-58557,168090,37256,-1025
2026-08-04 14:36:14,11,-58557,168090,37256,-1025
2026-08-04 14:36:14,11,-58557,168090,37256,-1025
2026-08-04 14:36:14,11,-58557,168090,37256,-1025
2026-08-04 14:36:14,11,-58557,168090,37256,-1026
2026-08-04 14:36:14,11,-58557,168090,37256,-1026
2026-08-04 14:36:14,11,-58557,168090,37256,-1026
2026-08-04 14:36:14,11,-58557,168090,37256,-1026
2026-08-04 14:36:14,11,-58557,168090,37256,-1026
2026-08-04 14:36:14,11,-58557,168090,37256,-1026
2026-08-04 14:36:15,11,-58557,168090,37256,-1026
2026-08-04 14:36:15,11,-58557,168090,37256,-1026
2026-08-04 14:36:15,11,-58557,168090,37256,-1027
2026-08-04 14:36:15,11,-58557,168090,37256,-1027
2026-08-04 14:36:15,11,-58557,168090,37256,-1027
2026-08-04 14:36:15,11,-58557,168090,37256,-1027
2026-08-04 14:36:15,11,-58557,168090,37256,-1027
2026-08-04 14:36:15,11,-58557,168090,37256,-1027
2026-08-04 14:36:15,11,-58557,168090,37256,-1027
2026-08-04 14:36:15,11,-58557,168090,37256,-1027
2026-08-04 14:36:16,11,-58557,168090,37256,-1027
2026-08-04 14:36:16,11,-58557,168090,37256,-1027
2026-08-04 14:36:16,11,-58557,168090,37256,-1028
2026-08-04 14:36:16,11,-58557,168090,37256,-1028
2026-08-04 14:36:16,11,-58557,168090,37256,-1028
2026-08-04 14:36:16,11,-58557,168090,37256,-1028
2026-08-04 14:36:16,11,-58557,168090,37256,-1028
2026-08-04 14:36:16,11,-58557,168090,37256,-1028
2026-08-04 14:36:16,11,-58557,168090,37256,-1028
2026-08-04 14:36:16,11,-58557,168090,37256,-1028
2026-08-04 14:36:17,11,-58557,168090,37256,-1028
2026-08-04 14:36:17,11,-58557,168090,37256,-1028
2026-08-04 14:36:17,11,-58557,168090,37256,-1029
2026-08-04 14:36:17,11,-58557,168090,37256,-1029
2026-08-04 14:36:17,11,-58557,168090,37256,-1029
2026-08-04 14:36:17,11,-58557,168090,37256,-1029
2026-08-04 14:36:17,11,-58557,168090,37256,-1029
2026-08-04 14:36:17,11,-58557,168090,37256,-1029
2026-08-04 14:36:17,11,-58557,168090,37256,-1029
2026-08-04 14:36:17,11,-58557,168090,37256,-1029
2026-08-04 14:36:18,11,-58557,168090,37256,-1029
2026-08-04 14:36:18,11,-58557,168090,37256,-1029
2026-08-04 14:36:18,11,-58557,168090,37256,-1029
2026-08-04 14:36:18,11,-58557,168090,37256,-1030
2026-08-04 14:36:18,11,-58557,168090,37256,-1030
2026-08-04 14:36:18,11,-58557,168090,37256,-1030
2026-08-04 14:36:18,11,-58557,168090,37256,-1030
2026-08-04 14:36:18,11,-58557,168090,37256,-1030
2026-08-04 14:36:18,11,-58557,168090,37256,-1030
2026-08-04 14:36:18,11,-58557,168090,37256,-1030
2026-08-04 14:36:19,11,-58557,168090,37256,-1030
2026-08-04 14:36:19,11,-58557,168090,37256,-1030
2026-08-04 14:36:19,11,-58557,168090,37256,-1030
2026-08-04 14:36:19,11,-58557,168090,37256,-1030
2026-08-04 14:36:19,11,-58557,168090,37256,-1030
2026-08-04 14:36:19,11,-58557,168090,37256,-1031
2026-08-04 14:36:19,11,-58557,168090,37256,-1030
2026-08-04 14:36:19,11,-58557,168090,37256,-1031
2026-08-04 14:36:19,11,-58557,168090,37256,-1031
2026-08-04 14:36:19,11,-58557,168090,37256,-1031
2026-08-04 14:36:20,11,-58557,168090,37256,-1031
2026-08-04 14:36:20,11,-58557,168090,37256,-1031
2026-08-04 14:36:20,11,-58557,168090,37256,-1031
2026-08-04 14:36:20,11,-58557,168090,37256,-1031
2026-08-04 14:36:20,11,-58557,168090,37256,-1031
2026-08-04 14:36:20,11,-58557,168090,37256,-1031
2026-08-04 14:36:20,11,-58557,168090,37256,-1031
2026-08-04 14:36:20,11,-58557,168090,37256,-1031
2026-08-04 14:36:20,11,-58557,168090,37256,-1031
2026-08-04 14:36:21,11,-58557,168090,37256,-1031
2026-08-04 14:36:21,11,-58557,168090,37256,-1032
2026-08-04 14:36:21,11,-58557,168090,37256,-1032
2026-08-04 14:36:21,11,-58557,168090,37256,-1032
2026-08-04 14:36:21,11,-58557,168090,37256,-1032
2026-08-04 14:36:21,11,-58557,168090,37256,-1032
2026-08-04 14:36:21,11,-58557,168090,37256,-1032
2026-08-04 14:36:21,11,-58557,168090,37256,-1032
2026-08-04 14:36:21,11,-58557,168090,37256,-1032
2026-08-04 14:36:21,11,-58557,168090,37256,-1032
2026-08-04 14:36:22,11,-58557,168090,37256,-1033
2026-08-04 14:36:22,11,-58557,168090,37256,-1033
2026-08-04 14:36:22,11,-58557,168090,37256,-1033
2026-08-04 14:36:22,11,-58557,168090,37256,-1033
2026-08-04 14:36:22,11,-58557,168090,37256,-1033
2026-08-04 14:36:22,11,-58557,168090,37256,-1033
2026-08-04 14:36:22,11,-58557,168090,37256,-1033
2026-08-04 14:36:22,11,-58557,168090,37256,-1034
2026-08-04 14:36:22,11,-58557,168090,37256,-1034
2026-08-04 14:36:22,11,-58557,168090,37256,-1034
2026-08-04 14:36:23,11,-58557,168090,37256,-1034
2026-08-04 14:36:23,11,-58557,168090,37256,-1034
2026-08-04 14:36:23,11,-58557,168090,37256,-1034
2026-08-04 14:36:23,11,-58557,168090,37256,-1034
2026-08-04 14:36:23,11,-58557,168090,37256,-1034
2026-08-04 14:36:23,11,-58557,168090,37256,-1034
2026-08-04 14:36:23,11,-58557,168090,37256,-1034
2026-08-04 14:36:23,11,-58557,168090,37256,-1034
2026-08-04 14:36:23,11,-58557,168090,37256,-1034
2026-08-04 14:36:23,11,-58557,168090,37256,-1035
2026-08-04 14:36:24,11,-58557,168090,37256,-1035
2026-08-04 14:36:24,11,-58557,168090,37256,-1035
2026-08-04 14:36:24,11,-58557,168090,37256,-1035
2026-08-04 14:36:24,11,-58557,168090,37256,-1035
2026-08-04 14:36:24,11,-58557,168090,37256,-1035
2026-08-04 14:36:24,11,0,0,0,-1035
2026-08-04 14:36:24,11,0,0,0,-1036
2026-08-04 14:36:24,11,0,0,0,-1036
2026-08-04 14:36:24,11,0,0,0,-1036
2026-08-04 14:36:24,11,0,0,0,-1036
2026-08-04 14:36:25,11,0,0,0,-1036
2026-08-04 14:36:25,11,0,0,0,-1036
2026-08-04 14:36:25,11,0,0,0,-1036
2026-08-04 14:36:25,11,0,0,0,-1036
2026-08-04 14:36:25,11,0,0,0,-1036
2026-08-04 14:36:25,11,0,0,0,-1036
2026-08-04 14:36:25,11,0,0,0,-1036
2026-08-04 14:36:25,11,0,0,0,-1036
2026-08-04 14:36:25,11,0,0,0,-1036
2026-08-04 14:36:25,11,0,0,0,-1036
2026-08-04 14:36:26,11,0,0,0,-1036
2026-08-04 14:36:26,11,0,0,0,-1037
2026-08-04 14:36:26,11,0,0,0,-1037
2026-08-04 14:36:26,11,0,0,0,-1037
2026-08-04 14:36:26,11,0,0,0,-1037
2026-08-04 14:36:26,11,0,0,0,-1037
2026-08-04 14:36:26,11,0,0,0,-1037
2026-08-04 14:36:26,11,0,0,0,-1037
2026-08-04 14:36:26,11,0,0,0,-1037
2026-08-04 14:36:26,11,0,0,0,-1037
2026-08-04 14:36:27,11,0,0,0,-1037
2026-08-04 14:36:27,11,0,0,0,-1037
2026-08-04 14:36:27,11,0,0,0,-1037
2026-08-04 14:36:27,11,0,0,0,-1037
2026-08-04 14:36:27,11,0,0,0,-1037
2026-08-04 14:36:27,11,0,0,0,-1038
2026-08-04 14:36:27,11,0,0,0,-1038
2026-08-04 14:36:27,11,0,0,0,-1038
2026-08-04 14:36:27,11,0,0,0,-1038
2026-08-04 14:36:27,11,0,0,0,-1038
2026-08-04 14:36:28,11,0,0,0,-1038
2026-08-04 14:36:28,11,0,0,0,-1038
2026-08-04 14:36:28,11,0,0,0,-1038
2026-08-04 14:36:28,11,0,0,0,-1038
2026-08-04 14:36:28,11,0,0,0,-1038
2026-08-04 14:36:28,11,0,0,0,-1039
2026-08-04 14:36:28,11,0,0,0,-1039
2026-08-04 14:36:28,11,0,0,0,-1039
2026-08-04 14:36:28,11,0,0,0,-1039
2026-08-04 14:36:28,11,0,0,0,-1039
2026-08-04 14:36:29,11,0,0,0,-1039
2026-08-04 14:36:29,11,0,0,0,-1039
2026-08-04 14:36:29,11,0,0,0,-1039
2026-08-04 14:36:29,11,0,0,0,-1039
2026-08-04 14:36:29,11,0,0,0,-1039
2026-08-04 14:36:29,11,0,0,0,-1039
2026-08-04 14:36:29,11,0,0,0,-1040
2026-08-04 14:36:29,11,0,0,0,-1040
2026-08-04 14:36:29,11,0,0,0,-1040
2026-08-04 14:36:29,11,0,0,0,-1040
2026-08-04 14:36:30,11,0,0,0,-1040
2026-08-04 14:36:30,11,0,0,0,-1040
2026-08-04 14:36:30,11,0,0,0,-1040
2026-08-04 14:36:30,11,0,0,0,-1040
2026-08-04 14:36:30,11,0,0,0,-1041
2026-08-04 14:36:30,11,0,0,0,-1041
2026-08-04 14:36:30,11,0,0,0,-1041
2026-08-04 14:36:30,11,0,0,0,-1041
2026-08-04 14:36:30,11,0,0,0,-1041
2026-08-04 14:36:30,11,0,0,0,-1041
2026-08-04 14:36:31,11,0,0,0,-1041
2026-08-04 14:36:31,11,0,0,0,-1041
2026-08-04 14:36:31,11,0,0,0,-1041
2026-08-04 14:36:31,11,0,0,0,-1041
2026-08-04 14:36:31,11,0,0,0,-1041
2026-08-04 14:36:31,11,0,0,0,-1041
2026-08-04 14:36:31,11,0,0,0,-1042
2026-08-04 14:36:31,11,0,0,0,-1042
2026-08-04 14:36:31,11,0,0,0,-1041
2026-08-04 14:36:31,11,0,0,0,-1042
2026-08-04 14:36:32,11,0,0,0,-1042
2026-08-04 14:36:32,11,0,0,0,-1042
2026-08-04 14:36:32,11,0,0,0,-1042
2026-08-04 14:36:32,11,0,0,0,-1042
2026-08-04 14:36:32,11,0,0,0,-1042
2026-08-04 14:36:32,11,0,0,0,-1042
2026-08-04 14:36:32,11,0,0,0,-1042
2026-08-04 14:36:32,11,0,0,0,-1042
2026-08-04 14:36:32,11,0,0,0,-1042
2026-08-04 14:36:32,11,0,0,0,-1042
2026-08-04 14:36:33,11,0,0,0,-1042
2026-08-04 14:36:33,11,0,0,0,-1043
2026-08-04 14:36:33,11,0,0,0,-1043
2026-08-04 14:36:33,11,0,0,0,-1043
2026-08-04 14:36:33,11,0,0,0,-1043
2026-08-04 14:36:33,11,0,0,0,-1043
2026-08-04 14:36:33,11,0,0,0,-1043
2026-08-04 14:36:33,11,0,0,0,-1043
2026-08-04 14:36:33,11,0,0,0,-1043
2026-08-04 14:36:33,11,0,0,0,-1043
2026-08-04 14:36:34,11,0,0,0,-1043
2026-08-04 14:36:34,11,0,0,0,-1043
2026-08-04 14:36:34,11,0,0,0,-1043
2026-08-04 14:36:34,11,0,0,0,-1044
2026-08-04 14:36:34,11,0,0,0,-1044
2026-08-04 14:36:34,11,0,0,0,-1044
2026-08-04 14:36:34,11,0,0,0,-1044
2026-08-04 14:36:34,11,0,0,0,-1044
2026-08-04 14:36:34,11,0,0,0,-1044
2026-08-04 14:36:34,11,0,0,0,-1044
2026-08-04 14:36:35,11,0,0,0,-1044
2026-08-04 14:36:35,11,0,0,0,-1044
2026-08-04 14:36:35,11,0,0,0,-1044
2026-08-04 14:36:35,11,0,0,0,-1044
2026-08-04 14:36:35,11,0,0,0,-1044
2026-08-04 14:36:35,11,0,0,0,-1045
2026-08-04 14:36:35,11,0,0,0,-1045
2026-08-04 14:36:35,11,0,0,0,-1045
2026-08-04 14:36:35,11,0,0,0,-1045
2026-08-04 14:36:35,11,0,0,0,-1045
2026-08-04 14:36:36,11,0,0,0,-1045
2026-08-04 14:36:36,11,0,0,0,-1045
2026-08-04 14:36:36,11,0,0,0,-1045
2026-08-04 14:36:36,11,0,0,0,-1046
2026-08-04 14:36:36,11,0,0,0,-1046
2026-08-04 14:36:36,11,0,0,0,-1046
2026-08-04 14:36:36,11,0,0,0,-1046
2026-08-04 14:36:36,11,0,0,0,-1046
2026-08-04 14:36:36,11,0,0,0,-1046
2026-08-04 14:36:37,11,0,0,0,-1046
2026-08-04 14:36:37,11,0,0,0,-1046
2026-08-04 14:36:37,11,0,0,0,-1046
2026-08-04 14:36:37,11,0,0,0,-1046
2026-08-04 14:36:37,11,0,0,0,-1046
2026-08-04 14:36:37,11,0,0,0,-1046
2026-08-04 14:36:37,11,0,0,0,-1047
2026-08-04 14:36:37,11,0,0,0,-1046
2026-08-04 14:36:37,11,0,0,0,-1046
2026-08-04 14:36:37,11,0,0,0,-1047
2026-08-04 14:36:38,11,0,0,0,-1047
2026-08-04 14:36:38,11,0,0,0,-1047
2026-08-04 14:36:38,11,0,0,0,-1047
2026-08-04 14:36:38,11,0,0,0,-1047
2026-08-04 14:36:38,11,0,0,0,-1047
2026-08-04 14:36:38,11,0,0,0,-1048
2026-08-04 14:36:38,11,0,0,0,-1048
2026-08-04 14:36:38,11,0,0,0,-1048
2026-08-04 14:36:38,11,0,0,0,-1048
2026-08-04 14:36:38,11,0,0,0,-1048
2026-08-04 14:36:39,11,0,0,0,-1048
2026-08-04 14:36:39,11,0,0,0,-1048
2026-08-04 14:36:39,11,0,0,0,-1048
2026-08-04 14:36:39,11,0,0,0,-1048
2026-08-04 14:36:39,11,0,0,0,-1048
2026-08-04 14:36:39,11,0,0,0,-1048
2026-08-04 14:36:39,11,0,0,0,-1049
2026-08-04 14:36:39,11,0,0,0,-1048
2026-08-04 14:36:39,11,0,0,0,-1048
2026-08-04 14:36:39,11,0,0,0,-1049
2026-08-04 14:36:40,11,0,0,0,-1051
2026-08-04 14:36:40,11,0,0,0,-1052
2026-08-04 14:36:40,11,0,0,0,-1053
2026-08-04 14:36:40,11,0,0,0,-1055
2026-08-04 14:36:40,11,0,0,0,-1055
2026-08-04 14:36:40,11,0,0,0,-1055
2026-08-04 14:36:40,11,0,0,0,-1056
2026-08-04 14:36:40,11,0,0,0,-1057
2026-08-04 14:36:40,11,0,0,0,-1059
2026-08-04 14:36:40,11,0,0,0,-1060
2026-08-04 14:36:41,11,0,0,0,-1061
2026-08-04 14:36:41,11,0,0,0,-1063
2026-08-04 14:36:41,11,0,0,0,-1064
2026-08-04 14:36:41,11,0,0,0,-1063
2026-08-04 14:36:41,11,0,0,0,-1064
2026-08-04 14:36:41,11,0,0,0,-1064
2026-08-04 14:36:41,11,0,0,0,-1064
2026-08-04 14:36:41,11,0,0,0,-1064
2026-08-04 14:36:41,11,0,0,0,-1065
2026-08-04 14:36:41,11,0,0,0,-1070
2026-08-04 14:36:42,11,0,0,0,-1073
2026-08-04 14:36:42,11,0,0,0,-1074
2026-08-04 14:36:42,11,0,0,0,-1077
2026-08-04 14:36:42,11,0,0,0,-1079
2026-08-04 14:36:42,11,0,0,0,-1081
2026-08-04 14:36:42,11,0,0,0,-1084
2026-08-04 14:36:42,11,0,0,0,-1089
2026-08-04 14:36:42,11,0,0,0,-1094
2026-08-04 14:36:42,11,0,0,0,-1093
2026-08-04 14:36:42,11,0,0,0,-1093
2026-08-04 14:36:43,11,0,0,0,-1095
2026-08-04 14:36:43,11,0,0,0,-1092
2026-08-04 14:36:43,11,0,0,0,-1094
2026-08-04 14:36:43,11,0,0,0,-1093
2026-08-04 14:36:43,11,0,0,0,-1093
2026-08-04 14:36:43,11,0,0,0,-1095
2026-08-04 14:36:43,11,0,0,0,-1095
2026-08-04 14:36:43,11,0,0,0,-1095
2026-08-04 14:36:43,11,0,0,0,-1095
2026-08-04 14:36:43,11,0,0,0,-1095
2026-08-04 14:36:44,11,0,0,0,-1095
2026-08-04 14:36:44,11,0,0,0,-1095
2026-08-04 14:36:44,11,0,0,0,-1095
2026-08-04 14:36:44,11,0,0,0,-1095
2026-08-04 14:36:44,11,0,0,0,-1095
2026-08-04 14:36:44,11,0,0,0,-1095
2026-08-04 14:36:44,11,0,0,0,-1095
2026-08-04 14:36:44,11,0,0,0,-1096
2026-08-04 14:36:44,11,0,0,0,-1096
2026-08-04 14:36:44,11,0,0,0,-1096
2026-08-04 14:36:45,11,0,0,0,-1096
2026-08-04 14:36:45,11,0,0,0,-1097
2026-08-04 14:36:45,11,0,0,0,-1096
2026-08-04 14:36:45,11,0,0,0,-1097
2026-08-04 14:36:45,11,0,0,0,-1097
2026-08-04 14:36:45,11,0,0,0,-1097
2026-08-04 14:36:45,11,0,0,0,-1099
2026-08-04 14:36:45,11,0,0,0,-1103
2026-08-04 14:36:45,11,0,0,0,-1110
2026-08-04 14:36:45,11,0,0,0,-1120
2026-08-04 14:36:46,11,0,0,0,-1132
2026-08-04 14:36:46,11,0,0,0,-1145
2026-08-04 14:36:46,11,20,-4,-3,-1162
2026-08-04 14:36:46,11,43,-8,-8,-1182
2026-08-04 14:36:46,11,65,-13,-12,-1206
2026-08-04 14:36:46,11,109,-23,-20,-1232
2026-08-04 14:36:46,11,154,-32,-29,-1261
2026-08-04 14:36:46,11,200,-43,-38,-1293
2026-08-04 14:36:46,11,247,-54,-47,-1326
2026-08-04 14:36:46,11,306,-68,-58,-1362
2026-08-04 14:36:47,11,365,-82,-69,-1404
2026-08-04 14:36:47,11,426,-97,-81,-1448
2026-08-04 14:36:47,11,488,-114,-93,-1495
2026-08-04 14:36:47,11,565,-134,-108,-1544
2026-08-04 14:36:47,11,642,-156,-123,-1598
2026-08-04 14:36:47,11,720,-179,-138,-1655
2026-08-04 14:36:47,11,815,-207,-157,-1713
2026-08-04 14:36:47,11,918,-239,-177,-1778
2026-08-04 14:36:47,11,1021,-273,-198,-1850
2026-08-04 14:36:47,11,1125,-308,-218,-1922
2026-08-04 14:36:48,11,1253,-353,-244,-2000
2026-08-04 14:36:48,11,1378,-400,-269,-2078
2026-08-04 14:36:48,11,1501,-447,-293,-2154
2026-08-04 14:36:48,11,1647,-505,-322,-2228
2026-08-04 14:36:48,11,1793,-566,-352,-2312
2026-08-04 14:36:48,11,1939,-629,-382,-2400
2026-08-04 14:36:48,11,2082,-693,-411,-2481
2026-08-04 14:36:48,11,2243,-768,-444,-2557
2026-08-04 14:36:48,11,2400,-844,-477,-2641
2026-08-04 14:36:48,11,2558,-923,-510,-2718
2026-08-04 14:36:49,11,2739,-1018,-549,-2790
2026-08-04 14:36:49,11,2919,-1114,-587,-2859
2026-08-04 14:36:49,11,3098,-1212,-626,-2928
2026-08-04 14:36:49,11,3275,-1312,-664,-2989
2026-08-04 14:36:49,11,3472,-1426,-707,-3040
2026-08-04 14:36:49,11,3668,-1542,-750,-3090
2026-08-04 14:36:49,11,3866,-1661,-794,-3136
2026-08-04 14:36:49,11,4078,-1791,-841,-3165
2026-08-04 14:36:49,11,4285,-1919,-887,-3184
2026-08-04 14:36:49,11,4494,-2049,-934,-3194
2026-08-04 14:36:50,11,4704,-2180,-980,-3190
2026-08-04 14:36:50,11,4932,-2322,-1031,-3180
2026-08-04 14:36:50,11,5158,-2461,-1081,-3165
2026-08-04 14:36:50,11,5387,-2602,-1132,-3140
2026-08-04 14:36:50,11,5617,-2742,-1184,-3109
2026-08-04 14:36:50,11,5871,-2895,-1241,-3077
2026-08-04 14:36:50,11,6126,-3046,-1297,-3039
2026-08-04 14:36:50,11,6383,-3196,-1354,-2992
2026-08-04 14:36:50,11,6650,-3349,-1413,-2946
2026-08-04 14:36:50,11,6919,-3500,-1472,-2900
2026-08-04 14:36:51,11,7190,-3650,-1532,-2853
2026-08-04 14:36:51,11,7466,-3798,-1592,-2802
2026-08-04 14:36:51,11,7770,-3959,-1659,-2745
2026-08-04 14:36:51,11,8077,-4118,-1727,-2686
2026-08-04 14:36:51,11,8388,-4274,-1795,-2621
2026-08-04 14:36:51,11,8711,-4431,-1866,-2550
2026-08-04 14:36:51,11,9037,-4586,-1937,-2482
2026-08-04 14:36:51,11,9368,-4737,-2009,-2403
2026-08-04 14:36:51,11,9756,-4908,-2092,-2328
2026-08-04 14:36:51,11,10147,-5075,-2175,-2261
2026-08-04 14:36:52,11,10541,-5237,-2257,-2183
2026-08-04 14:36:52,11,10942,-5396,-2340,-2100
2026-08-04 14:36:52,11,11401,-5570,-2435,-2018
2026-08-04 14:36:52,11,11874,-5741,-2532,-1940
2026-08-04 14:36:52,11,12345,-5905,-2627,-1873
2026-08-04 14:36:52,11,12891,-6088,-2735,-1816
2026-08-04 14:36:52,11,13436,-6266,-2842,-1773
2026-08-04 14:36:52,11,13990,-6442,-2949,-1739
2026-08-04 14:36:52,11,14551,-6616,-3058,-1698
2026-08-04 14:36:52,11,15141,-6795,-3175,-1656
2026-08-04 14:36:53,11,15738,-6971,-3295,-1617
2026-08-04 14:36:53,11,16340,-7144,-3417,-1574
2026-08-04 14:36:53,11,16942,-7312,-3539,-1518
2026-08-04 14:36:53,11,17538,-7472,-3660,-1457
2026-08-04 14:36:53,11,18138,-7626,-3782,-1402
2026-08-04 14:36:53,11,18737,-7774,-3904,-1359
2026-08-04 14:36:53,11,19341,-7919,-4029,-1322
2026-08-04 14:36:53,11,19949,-8061,-4156,-1298
2026-08-04 14:36:53,11,20558,-8201,-4284,-1278
2026-08-04 14:36:53,11,21167,-8338,-4410,-1263
2026-08-04 14:36:54,11,21777,-8475,-4531,-1245
2026-08-04 14:36:54,11,22387,-8609,-4648,-1224
2026-08-04 14:36:54,11,23008,-8743,-4766,-1208
2026-08-04 14:36:54,11,23624,-8875,-4881,-1195
2026-08-04 14:36:54,11,24244,-9006,-4996,-1181
2026-08-04 14:36:54,11,24865,-9136,-5114,-1170
2026-08-04 14:36:54,11,25485,-9264,-5236,-1169
2026-08-04 14:36:54,11,26117,-9395,-5364,-1161
2026-08-04 14:36:54,11,26756,-9526,-5493,-1154
2026-08-04 14:36:54,11,27379,-9653,-5617,-1146
2026-08-04 14:36:55,11,28002,-9779,-5743,-1145
2026-08-04 14:36:55,11,28627,-9906,-5870,-1139
2026-08-04 14:36:55,11,29256,-10032,-5999,-1133
2026-08-04 14:36:55,11,29868,-10155,-6124,-1132
2026-08-04 14:36:55,11,30484,-10278,-6248,-1127
2026-08-04 14:36:55,11,31094,-10400,-6368,-1123
2026-08-04 14:36:55,11,31703,-10521,-6486,-1118
2026-08-04 14:36:55,11,32321,-10643,-6607,-1117
2026-08-04 14:36:55,11,32936,-10764,-6729,-1112
2026-08-04 14:36:55,11,33550,-10885,-6850,-1107
2026-08-04 14:36:56,11,34165,-11005,-6970,-1100
2026-08-04 14:36:56,11,34786,-11126,-7090,-1098
2026-08-04 14:36:56,11,35407,-11247,-7210,-1094
2026-08-04 14:36:56,11,36028,-11366,-7334,-1090
2026-08-04 14:36:56,11,36655,-11487,-7461,-1089
2026-08-04 14:36:56,11,37279,-11607,-7586,-1088
2026-08-04 14:36:56,11,37904,-11727,-7709,-1084
2026-08-04 14:36:56,11,38535,-11848,-7832,-1079
2026-08-04 14:36:56,11,39142,-11964,-7951,-1078
2026-08-04 14:36:56,11,39755,-12080,-8073,-1076
2026-08-04 14:36:57,11,40369,-12197,-8197,-1072
2026-08-04 14:36:57,11,40992,-12315,-8321,-1072
2026-08-04 14:36:57,11,41589,-12428,-8439,-1071
2026-08-04 14:36:57,11,42202,-12544,-8559,-1070
2026-08-04 14:36:57,11,42816,-12660,-8680,-1067
2026-08-04 14:36:57,11,43432,-12776,-8802,-1066
2026-08-04 14:36:57,11,44049,-12892,-8924,-1063
2026-08-04 14:36:57,11,44670,-13008,-9046,-1062
2026-08-04 14:36:57,11,45296,-13126,-9173,-1060
2026-08-04 14:36:57,11,45914,-13242,-9298,-1062
2026-08-04 14:36:58,11,46537,-13359,-9423,-1066
2026-08-04 14:36:58,11,47157,-13475,-9549,-1071
2026-08-04 14:36:58,11,47775,-13593,-9676,-1077
2026-08-04 14:36:58,11,48397,-13711,-9804,-1081
2026-08-04 14:36:58,11,49013,-13829,-9929,-1083
2026-08-04 14:36:58,11,49631,-13947,-10051,-1082
2026-08-04 14:36:58,11,50248,-14065,-10173,-1082
2026-08-04 14:36:58,11,50873,-14184,-10298,-1076
2026-08-04 14:36:58,11,51487,-14301,-10425,-1074
2026-08-04 14:36:58,11,52107,-14419,-10555,-1070
2026-08-04 14:36:59,11,52731,-14536,-10688,-1070
2026-08-04 14:36:59,11,53351,-14653,-10818,-1067
2026-08-04 14:36:59,11,53991,-14774,-10948,-1061
2026-08-04 14:36:59,11,54608,-14889,-11069,-1059
2026-08-04 14:36:59,11,55234,-15006,-11193,-1058
2026-08-04 14:36:59,11,55860,-15123,-11320,-1062
2026-08-04 14:36:59,11,56490,-15242,-11450,-1060
2026-08-04 14:36:59,11,57119,-15360,-11580,-1054
2026-08-04 14:36:59,11,57744,-15476,-11713,-1050
2026-08-04 14:36:59,11,58370,-15592,-11846,-1046
2026-08-04 14:37:00,11,58997,-15707,-11978,-1041
2026-08-04 14:37:00,11,59626,-15823,-12108,-1035
2026-08-04 14:37:00,11,60255,-15938,-12239,-1027
2026-08-04 14:37:00,11,60882,-16051,-12370,-1023
2026-08-04 14:37:00,11,61501,-16163,-12501,-1014
2026-08-04 14:37:00,11,62121,-16273,-12633,-1012
2026-08-04 14:37:00,11,62740,-16384,-12763,-1011
2026-08-04 14:37:00,11,63363,-16495,-12890,-1009
2026-08-04 14:37:00,11,63986,-16606,-13014,-1002
2026-08-04 14:37:00,11,64611,-16716,-13139,-995
2026-08-04 14:37:01,11,65231,-16825,-13264,-993
2026-08-04 14:37:01,11,65856,-16935,-13393,-992
2026-08-04 14:37:01,11,66478,-17043,-13521,-992
2026-08-04 14:37:01,11,67101,-17152,-13647,-993
2026-08-04 14:37:01,11,67722,-17261,-13772,-992
2026-08-04 14:37:01,11,68338,-17369,-13895,-992
2026-08-04 14:37:01,11,68953,-17477,-14018,-993
2026-08-04 14:37:01,11,69583,-17587,-14146,-1000
2026-08-04 14:37:01,11,70190,-17694,-14270,-1007
2026-08-04 14:37:01,11,70819,-17806,-14398,-1011
2026-08-04 14:37:02,11,71421,-17913,-14521,-1017
2026-08-04 14:37:02,11,72032,-18023,-14647,-1026
2026-08-04 14:37:02,11,72647,-18135,-14772,-1035
2026-08-04 14:37:02,11,73252,-18245,-14891,-1039
2026-08-04 14:37:02,11,73862,-18357,-15007,-1045
2026-08-04 14:37:02,11,74475,-18470,-15124,-1055
2026-08-04 14:37:02,11,75090,-18585,-15246,-1065
2026-08-04 14:37:02,11,75710,-18702,-15370,-1076
2026-08-04 14:37:02,11,76315,-18817,-15494,-1085
2026-08-04 14:37:02,11,76938,-18937,-15619,-1090
2026-08-04 14:37:03,11,77526,-19050,-15735,-1097
2026-08-04 14:37:03,11,78130,-19167,-15852,-1103
2026-08-04 14:37:03,11,78746,-19288,-15973,-1111
2026-08-04 14:37:03,11,79354,-19407,-16093,-1119
2026-08-04 14:37:03,11,79961,-19527,-16215,-1123
2026-08-04 14:37:03,11,80568,-19648,-16338,-1128
2026-08-04 14:37:03,11,81168,-19768,-16461,-1131
2026-08-04 14:37:03,11,81775,-19889,-16586,-1132
2026-08-04 14:37:03,11,82383,-20011,-16710,-1134
2026-08-04 14:37:03,11,83009,-20136,-16833,-1138
2026-08-04 14:37:04,11,83608,-20257,-16950,-1136
2026-08-04 14:37:04,11,84212,-20378,-17069,-1133
2026-08-04 14:37:04,11,84823,-20501,-17192,-1132
2026-08-04 14:37:04,11,85410,-20618,-17309,-1135
2026-08-04 14:37:04,11,86013,-20740,-17428,-1134
2026-08-04 14:37:04,11,86639,-20865,-17551,-1130
2026-08-04 14:37:04,11,87228,-20983,-17666,-1128
2026-08-04 14:37:04,11,87833,-21104,-17784,-1126
2026-08-04 14:37:04,11,88439,-21224,-17902,-1125
2026-08-04 14:37:04,11,89045,-21345,-18021,-1120
2026-08-04 14:37:05,11,89650,-21464,-18139,-1116
2026-08-04 14:37:05,11,90252,-21583,-18256,-1117
2026-08-04 14:37:05,11,90872,-21706,-18376,-1117
2026-08-04 14:37:05,11,91457,-21821,-18488,-1114
2026-08-04 14:37:05,11,92050,-21938,-18603,-1113
2026-08-04 14:37:05,11,92648,-22056,-18718,-1113
2026-08-04 14:37:05,11,93233,-22171,-18829,-1115
2026-08-04 14:37:05,11,93831,-22289,-18944,-1119
2026-08-04 14:37:05,11,94429,-22407,-19058,-1115
2026-08-04 14:37:05,11,95034,-22527,-19174,-1113
2026-08-04 14:37:06,11,95628,-22643,-19289,-1116
2026-08-04 14:37:06,11,96252,-22767,-19410,-1117
2026-08-04 14:37:06,11,96890,-22893,-19535,-1113
2026-08-04 14:37:06,11,97484,-23009,-19651,-1107
2026-08-04 14:37:06,11,98091,-23128,-19769,-1103
2026-08-04 14:37:06,11,98689,-23245,-19885,-1100
2026-08-04 14:37:06,11,99286,-23361,-20000,-1106
2026-08-04 14:37:06,11,99888,-23479,-20116,-1108
2026-08-04 14:37:06,11,100443,-23588,-20223,-1103
2026-08-04 14:37:06,11,101000,-23696,-20329,-1097
2026-08-04 14:37:07,11,101558,-23804,-20435,-1094
2026-08-04 14:37:07,11,102120,-23913,-20541,-1090
2026-08-04 14:37:07,11,102665,-24018,-20646,-1095
2026-08-04 14:37:07,11,103200,-24121,-20749,-1095
2026-08-04 14:37:07,11,103743,-24227,-20851,-1093
2026-08-04 14:37:07,11,104322,-24338,-20959,-1085
2026-08-04 14:37:07,11,105484,-24561,-21135,-1081
2026-08-04 14:37:07,11,106066,-24672,-21219,-1088
2026-08-04 14:37:07,11,106626,-24780,-21300,-1095
2026-08-04 14:37:08,11,107185,-24888,-21381,-1096
2026-08-04 14:37:08,11,107742,-24996,-21464,-1092
2026-08-04 14:37:08,11,108297,-25103,-21547,-1095
2026-08-04 14:37:08,11,108827,-25206,-21625,-1102
2026-08-04 14:37:08,11,109345,-25307,-21702,-1113
2026-08-04 14:37:08,11,109863,-25409,-21778,-1123
2026-08-04 14:37:08,11,110916,-25620,-21936,-1150
2026-08-04 14:37:08,11,111439,-25726,-22016,-1173
2026-08-04 14:37:08,11,111967,-25836,-22097,-1209
2026-08-04 14:37:09,11,112491,-25949,-22177,-1256
2026-08-04 14:37:09,11,113020,-26067,-22258,-1313
2026-08-04 14:37:09,11,114070,-26319,-22420,-1376
2026-08-04 14:37:09,11,114586,-26453,-22501,-1457
2026-08-04 14:37:09,11,115095,-26594,-22582,-1552
2026-08-04 14:37:09,11,115600,-26745,-22662,-1666
2026-08-04 14:37:09,11,116083,-26902,-22740,-1793
2026-08-04 14:37:09,11,116561,-27070,-22817,-1933
2026-08-04 14:37:09,11,117032,-27249,-22895,-2083
2026-08-04 14:37:09,11,117497,-27441,-22972,-2247
2026-08-04 14:37:10,11,117937,-27639,-23047,-2425
2026-08-04 14:37:10,11,118371,-27852,-23123,-2607
2026-08-04 14:37:10,11,118797,-28077,-23200,-2792
2026-08-04 14:37:10,11,119253,-28339,-23287,-2980
2026-08-04 14:37:10,11,119684,-28604,-23373,-3155
2026-08-04 14:37:10,11,120087,-28869,-23456,-3340
2026-08-04 14:37:10,11,120476,-29145,-23540,-3535
2026-08-04 14:37:10,11,120903,-29472,-23636,-3742
2026-08-04 14:37:10,11,121323,-29821,-23735,-3970
2026-08-04 14:37:10,11,121732,-30189,-23838,-4200
2026-08-04 14:37:11,11,122178,-30625,-23956,-4433
2026-08-04 14:37:11,11,123016,-31560,-24198,-4944
2026-08-04 14:37:11,11,123403,-32060,-24323,-5225
2026-08-04 14:37:11,11,123764,-32579,-24449,-5513
2026-08-04 14:37:11,11,124111,-33136,-24580,-5811
2026-08-04 14:37:11,11,124423,-33709,-24712,-6137
2026-08-04 14:37:11,11,124708,-34307,-24849,-6457
2026-08-04 14:37:11,11,124955,-34915,-24986,-6786
2026-08-04 14:37:11,11,125166,-35532,-25124,-7114
2026-08-04 14:37:12,11,125343,-36158,-25263,-7422
2026-08-04 14:37:12,11,125482,-36777,-25398,-7734
2026-08-04 14:37:12,11,125587,-37400,-25532,-8036
2026-08-04 14:37:12,11,125660,-38025,-25665,-8339
2026-08-04 14:37:12,11,125698,-38653,-25801,-8648
2026-08-04 14:37:12,11,125704,-39280,-25942,-8945
2026-08-04 14:37:12,11,125681,-39907,-26085,-9215
2026-08-04 14:37:12,11,125630,-40534,-26234,-9459
2026-08-04 14:37:12,11,125560,-41137,-26379,-9661
2026-08-04 14:37:12,11,125474,-41741,-26526,-9816
2026-08-04 14:37:13,11,125377,-42339,-26672,-9919
2026-08-04 14:37:13,11,125280,-42949,-26827,-9898
2026-08-04 14:37:13,11,125184,-43535,-26977,-9932
2026-08-04 14:37:13,11,125085,-44129,-27130,-9947
2026-08-04 14:37:13,11,124986,-44718,-27281,-9951
2026-08-04 14:37:13,11,124886,-45316,-27436,-9954
2026-08-04 14:37:13,11,124784,-45919,-27592,-9956
2026-08-04 14:37:13,11,124682,-46523,-27751,-9960
2026-08-04 14:37:13,11,124580,-47126,-27913,-9962
2026-08-04 14:37:13,11,124475,-47732,-28117,-9981
2026-08-04 14:37:14,11,124369,-48341,-28320,-9983
2026-08-04 14:37:14,11,124262,-48955,-28523,-9986
2026-08-04 14:37:14,11,124156,-49566,-28723,-9990
2026-08-04 14:37:14,11,124047,-50186,-28923,-9990
2026-08-04 14:37:14,11,123940,-50799,-29121,-9992
2026-08-04 14:37:14,11,123832,-51414,-29322,-9996
2026-08-04 14:37:14,11,123723,-52034,-29528,-9996
2026-08-04 14:37:14,11,123613,-52659,-29740,-9998
2026-08-04 14:37:14,11,123503,-53283,-29951,-9996
2026-08-04 14:37:14,11,123395,-53901,-30158,-9994
2026-08-04 14:37:15,11,123286,-54519,-30362,-10000
2026-08-04 14:37:15,11,123177,-55133,-30564,-10006
2026-08-04 14:37:15,11,123068,-55748,-30767,-10005
2026-08-04 14:37:15,11,122957,-56373,-30975,-10010
2026-08-04 14:37:15,11,122845,-56999,-31181,-10012
2026-08-04 14:37:15,11,122733,-57625,-31383,-10013
2026-08-04 14:37:15,11,122616,-58279,-31594,-10017
2026-08-04 14:37:15,11,122507,-58880,-31789,-10020
2026-08-04 14:37:15,11,122394,-59506,-31995,-10022
2026-08-04 14:37:15,11,122282,-60130,-32201,-10025
2026-08-04 14:37:16,11,122169,-60749,-32406,-10027
2026-08-04 14:37:16,11,122057,-61368,-32609,-10026
2026-08-04 14:37:16,11,121945,-61986,-32812,-10030
2026-08-04 14:37:16,11,121832,-62604,-33011,-10033
2026-08-04 14:37:16,11,121718,-63223,-33210,-10040
2026-08-04 14:37:16,11,121604,-63841,-33406,-10046
2026-08-04 14:37:16,11,121488,-64470,-33605,-10046
2026-08-04 14:37:16,11,121374,-65087,-33802,-10051
2026-08-04 14:37:16,11,121257,-65710,-34003,-10054
2026-08-04 14:37:16,11,121140,-66339,-34204,-10058
2026-08-04 14:37:17,11,121024,-66959,-34400,-10063
2026-08-04 14:37:17,11,120907,-67582,-34595,-10064
2026-08-04 14:37:17,11,120789,-68206,-34794,-10062
2026-08-04 14:37:17,11,120673,-68827,-34993,-10063
2026-08-04 14:37:17,11,120557,-69445,-35193,-10067
2026-08-04 14:37:17,11,120439,-70063,-35389,-10073
2026-08-04 14:37:17,11,120319,-70697,-35588,-10074
2026-08-04 14:37:17,11,120203,-71309,-35781,-10074
2026-08-04 14:37:17,11,120083,-71942,-35980,-10079
2026-08-04 14:37:17,11,119961,-72574,-36179,-10086
2026-08-04 14:37:18,11,119840,-73206,-36377,-10086
2026-08-04 14:37:18,11,119717,-73844,-36579,-10093
2026-08-04 14:37:18,11,119591,-74493,-36787,-10094
2026-08-04 14:37:18,11,119473,-75101,-36984,-10100
2026-08-04 14:37:18,11,119350,-75732,-37189,-10102
2026-08-04 14:37:18,11,119227,-76361,-37390,-10108
2026-08-04 14:37:18,11,119103,-76991,-37589,-10114
2026-08-04 14:37:18,11,118978,-77622,-37786,-10122
2026-08-04 14:37:18,11,118853,-78251,-37980,-10128
2026-08-04 14:37:18,11,118726,-78885,-38174,-10133
2026-08-04 14:37:19,11,118599,-79519,-38370,-10134
2026-08-04 14:37:19,11,118469,-80162,-38571,-10138
2026-08-04 14:37:19,11,118342,-80796,-38769,-10140
2026-08-04 14:37:19,11,118212,-81435,-38966,-10146
2026-08-04 14:37:19,11,118082,-82073,-39160,-10148
2026-08-04 14:37:19,11,117951,-82717,-39356,-10153
2026-08-04 14:37:19,11,117819,-83367,-39557,-10152
2026-08-04 14:37:19,11,117688,-84004,-39757,-10157
2026-08-04 14:37:19,11,117556,-84650,-39959,-10159
2026-08-04 14:37:19,11,117424,-85289,-40155,-10165
2026-08-04 14:37:20,11,117289,-85940,-40351,-10166
2026-08-04 14:37:20,11,117160,-86565,-40538,-10172
2026-08-04 14:37:20,11,117028,-87202,-40733,-10173
2026-08-04 14:37:20,11,116893,-87850,-40931,-10174
2026-08-04 14:37:20,11,116758,-88498,-41129,-10178
2026-08-04 14:37:20,11,116622,-89147,-41325,-10182
2026-08-04 14:37:20,11,116486,-89797,-41523,-10183
2026-08-04 14:37:20,11,116348,-90452,-41723,-10185
2026-08-04 14:37:20,11,116210,-91109,-41922,-10190
2026-08-04 14:37:20,11,116071,-91767,-42115,-10196
2026-08-04 14:37:21,11,115934,-92409,-42300,-10200
2026-08-04 14:37:21,11,115797,-93052,-42484,-10205
2026-08-04 14:37:21,11,115658,-93701,-42672,-10209
2026-08-04 14:37:21,11,115516,-94360,-42863,-10210
2026-08-04 14:37:21,11,115375,-95017,-43055,-10212
2026-08-04 14:37:21,11,115235,-95670,-43249,-10211
2026-08-04 14:37:21,11,115094,-96328,-43445,-10207
2026-08-04 14:37:21,11,114956,-96976,-43634,-10202
2026-08-04 14:37:21,11,114818,-97633,-43821,-10187
2026-08-04 14:37:21,11,114683,-98289,-44002,-10156
2026-08-04 14:37:22,11,114552,-98957,-44187,-10106
2026-08-04 14:37:22,11,114430,-99613,-44365,-10041
2026-08-04 14:37:22,11,114316,-100276,-44547,-9974
2026-08-04 14:37:22,11,114209,-100938,-44729,-9911
2026-08-04 14:37:22,11,114110,-101600,-44911,-9848
2026-08-04 14:37:22,11,114017,-102263,-45088,-9786
2026-08-04 14:37:22,11,113932,-102927,-45260,-9729
2026-08-04 14:37:22,11,113853,-103587,-45431,-9677
2026-08-04 14:37:22,11,113779,-104238,-45602,-9650
2026-08-04 14:37:22,11,113706,-104884,-45775,-9641
2026-08-04 14:37:23,11,113633,-105534,-45948,-9641
2026-08-04 14:37:23,11,113563,-106162,-46112,-9637
2026-08-04 14:37:23,11,113494,-106789,-46277,-9632
2026-08-04 14:37:23,11,113425,-107406,-46442,-9635
2026-08-04 14:37:23,11,113353,-108037,-46610,-9656
2026-08-04 14:37:23,11,113279,-108665,-46773,-9675
2026-08-04 14:37:23,11,113203,-109288,-46933,-9718
2026-08-04 14:37:23,11,113122,-109913,-47093,-9745
2026-08-04 14:37:23,11,113037,-110542,-47254,-9774
2026-08-04 14:37:23,11,112946,-111189,-47422,-9801
2026-08-04 14:37:24,11,112857,-111805,-47582,-9829
2026-08-04 14:37:24,11,112763,-112432,-47744,-9853
2026-08-04 14:37:24,11,112671,-113032,-47900,-9893
2026-08-04 14:37:24,11,112572,-113645,-48056,-9920
2026-08-04 14:37:24,11,112469,-114260,-48217,-9947
2026-08-04 14:37:24,11,112366,-114864,-48374,-9965
2026-08-04 14:37:24,11,112261,-115474,-48533,-9982
2026-08-04 14:37:24,11,112155,-116079,-48691,-9999
2026-08-04 14:37:24,11,112047,-116685,-48848,-10012
2026-08-04 14:37:24,11,111938,-117292,-49003,-10020
2026-08-04 14:37:25,11,111829,-117898,-49158,-10022
2026-08-04 14:37:25,11,111718,-118508,-49315,-10028
2026-08-04 14:37:25,11,111610,-119098,-49467,-10032
2026-08-04 14:37:25,11,111501,-119695,-49622,-10039
2026-08-04 14:37:25,11,111389,-120303,-49776,-10040
2026-08-04 14:37:25,11,111279,-120902,-49928,-10047
2026-08-04 14:37:25,11,111168,-121498,-50079,-10051
2026-08-04 14:37:25,11,111059,-122086,-50230,-10056
2026-08-04 14:37:25,11,110948,-122680,-50382,-10055
2026-08-04 14:37:25,11,110837,-123277,-50534,-10057
2026-08-04 14:37:26,11,110724,-123883,-50688,-10056
2026-08-04 14:37:26,11,110610,-124491,-50843,-10056
2026-08-04 14:37:26,11,110499,-125084,-50996,-10059
2026-08-04 14:37:26,11,110387,-125686,-51151,-10061
2026-08-04 14:37:26,11,110275,-126277,-51303,-10065
2026-08-04 14:37:26,11,110164,-126867,-51452,-10064
2026-08-04 14:37:26,11,110053,-127459,-51601,-10066
2026-08-04 14:37:26,11,109942,-128050,-51749,-10065
2026-08-04 14:37:26,11,109829,-128646,-51900,-10068
2026-08-04 14:37:26,11,109714,-129255,-52053,-10068
2026-08-04 14:37:27,11,109602,-129853,-52203,-10067
2026-08-04 14:37:27,11,109487,-130461,-52356,-10065
2026-08-04 14:37:27,11,109375,-131057,-52505,-10063
2026-08-04 14:37:27,11,109262,-131659,-52655,-10062
2026-08-04 14:37:27,11,109149,-132265,-52806,-10058
2026-08-04 14:37:27,11,109039,-132857,-52954,-10052
2026-08-04 14:37:27,11,108928,-133459,-53107,-10045
2026-08-04 14:37:27,11,108819,-134055,-53260,-10037
2026-08-04 14:37:27,11,108711,-134648,-53413,-10024
2026-08-04 14:37:27,11,108605,-135241,-53564,-10013
2026-08-04 14:37:28,11,108500,-135832,-53714,-10007
2026-08-04 14:37:28,11,108396,-136422,-53861,-9997
2026-08-04 14:37:28,11,108294,-137006,-54007,-9987
2026-08-04 14:37:28,11,108192,-137593,-54151,-9980
2026-08-04 14:37:28,11,108093,-138168,-54291,-9977
2026-08-04 14:37:28,11,107993,-138751,-54429,-9970
2026-08-04 14:37:28,11,107891,-139349,-54569,-9965
2026-08-04 14:37:28,11,107794,-139924,-54702,-9962
2026-08-04 14:37:28,11,107700,-140482,-54828,-9956
2026-08-04 14:37:28,11,107608,-141029,-54951,-9946
2026-08-04 14:37:29,11,107516,-141587,-55078,-9943
2026-08-04 14:37:29,11,107424,-142139,-55203,-9941
2026-08-04 14:37:29,11,107333,-142686,-55327,-9944
2026-08-04 14:37:29,11,107239,-143254,-55456,-9942
2026-08-04 14:37:29,11,107148,-143801,-55582,-9941
2026-08-04 14:37:29,11,107062,-144324,-55702,-9934
2026-08-04 14:37:29,11,106975,-144856,-55825,-9931
2026-08-04 14:37:29,11,106889,-145378,-55945,-9928
2026-08-04 14:37:29,11,106804,-145904,-56066,-9932
2026-08-04 14:37:29,11,106714,-146447,-56191,-9937
2026-08-04 14:37:30,11,106629,-146964,-56310,-9941
2026-08-04 14:37:30,11,106541,-147493,-56427,-9941
2026-08-04 14:37:30,11,106455,-148014,-56540,-9940
2026-08-04 14:37:30,11,106367,-148545,-56654,-9935
2026-08-04 14:37:30,11,106282,-149064,-56765,-9931
2026-08-04 14:37:30,11,106196,-149589,-56875,-9930
2026-08-04 14:37:30,11,106119,-150055,-56972,-9942
2026-08-04 14:37:30,11,106044,-150507,-57064,-9949
2026-08-04 14:37:30,11,105967,-150963,-57156,-9950
2026-08-04 14:37:30,11,105893,-151410,-57244,-9946
2026-08-04 14:37:31,11,105827,-151808,-57322,-9931
2026-08-04 14:37:31,11,105762,-152205,-57360,-9932
2026-08-04 14:37:31,11,105697,-152596,-57398,-9930
2026-08-04 14:37:31,11,105637,-152966,-57433,-9933
2026-08-04 14:37:31,11,105576,-153332,-57468,-9935
2026-08-04 14:37:31,11,105517,-153691,-57502,-9936
2026-08-04 14:37:31,11,105460,-154038,-57535,-9939
2026-08-04 14:37:31,11,105404,-154376,-57568,-9941
2026-08-04 14:37:31,11,105347,-154719,-57600,-9940
2026-08-04 14:37:31,11,105291,-155055,-57633,-9941
2026-08-04 14:37:32,11,105238,-155376,-57664,-9950
2026-08-04 14:37:32,11,105185,-155688,-57695,-9955
2026-08-04 14:37:32,11,105134,-155993,-57725,-9961
2026-08-04 14:37:32,11,105081,-156301,-57755,-9972
2026-08-04 14:37:32,11,105030,-156594,-57784,-9985
2026-08-04 14:37:32,11,104979,-156889,-57813,-9993
2026-08-04 14:37:32,11,104927,-157184,-57842,-10001
2026-08-04 14:37:32,11,104879,-157452,-57868,-10012
2026-08-04 14:37:32,11,104832,-157714,-57895,-10018
2026-08-04 14:37:32,11,104785,-157978,-57922,-10020
2026-08-04 14:37:33,11,104737,-158243,-57949,-10030
2026-08-04 14:37:33,11,104692,-158487,-57974,-10041
2026-08-04 14:37:33,11,104648,-158727,-57999,-10047
2026-08-04 14:37:33,11,104602,-158971,-58025,-10055
2026-08-04 14:37:33,11,104557,-159211,-58050,-10070
2026-08-04 14:37:33,11,104515,-159432,-58074,-10072
2026-08-04 14:37:33,11,104474,-159653,-58097,-10071
2026-08-04 14:37:33,11,104431,-159875,-58120,-10082
2026-08-04 14:37:33,11,104395,-160064,-58140,-10088
2026-08-04 14:37:33,11,104357,-160260,-58160,-10085
2026-08-04 14:37:34,11,104320,-160454,-58181,-10088
2026-08-04 14:37:34,11,104282,-160649,-58202,-10092
2026-08-04 14:37:34,11,104247,-160830,-58221,-10090
2026-08-04 14:37:34,11,104212,-161016,-58241,-10091
2026-08-04 14:37:34,11,104176,-161201,-58260,-10094
2026-08-04 14:37:34,11,104146,-161357,-58277,-10093
2026-08-04 14:37:34,11,104116,-161513,-58294,-10093
2026-08-04 14:37:34,11,104087,-161662,-58310,-10094
2026-08-04 14:37:34,11,104058,-161810,-58326,-10094
2026-08-04 14:37:34,11,104042,-161896,-58334,-10092
2026-08-04 14:37:35,11,104026,-161979,-58343,-10092
2026-08-04 14:37:35,11,104010,-162061,-58352,-10093
2026-08-04 14:37:35,11,104010,-162061,-58352,-10094
2026-08-04 14:37:35,11,104010,-162061,-58352,-10094
2026-08-04 14:37:35,11,104010,-162061,-58352,-10093
2026-08-04 14:37:35,11,104010,-162061,-58352,-10093
2026-08-04 14:37:35,11,104010,-162061,-58352,-10093
2026-08-04 14:37:35,11,104010,-162061,-58352,-10093
2026-08-04 14:37:35,11,104010,-162061,-58352,-10093
2026-08-04 14:37:35,11,104010,-162061,-58352,-10093
2026-08-04 14:37:36,11,104010,-162061,-58352,-10092
2026-08-04 14:37:36,11,104010,-162061,-58352,-10092
2026-08-04 14:37:36,11,104010,-162061,-58352,-10092
2026-08-04 14:37:36,11,104010,-162061,-58352,-10092
2026-08-04 14:37:36,11,104010,-162061,-58352,-10092
2026-08-04 14:37:36,11,104010,-162061,-58352,-10092
2026-08-04 14:37:36,11,104010,-162061,-58352,-10092
2026-08-04 14:37:36,11,104010,-162061,-58352,-10092
2026-08-04 14:37:36,11,104010,-162061,-58352,-10092
2026-08-04 14:37:36,11,104010,-162061,-58352,-10092
2026-08-04 14:37:37,11,104010,-162061,-58352,-10092
2026-08-04 14:37:37,11,104010,-162061,-58352,-10092
2026-08-04 14:37:37,11,104010,-162061,-58352,-10092
2026-08-04 14:37:37,11,104010,-162061,-58352,-10092
2026-08-04 14:37:37,11,104010,-162061,-58352,-10092
2026-08-04 14:37:37,11,104010,-162061,-58352,-10092
2026-08-04 14:37:37,11,104010,-162061,-58352,-10092
2026-08-04 14:37:37,11,104010,-162061,-58352,-10092
2026-08-04 14:37:37,11,104010,-162061,-58352,-10092
2026-08-04 14:37:37,11,104010,-162061,-58352,-10092
2026-08-04 14:37:38,11,104010,-162061,-58352,-10092
2026-08-04 14:37:38,11,104010,-162061,-58352,-10092
2026-08-04 14:37:38,11,104010,-162061,-58352,-10093
2026-08-04 14:37:38,11,104010,-162061,-58352,-10092
2026-08-04 14:37:38,11,104010,-162061,-58352,-10093
2026-08-04 14:37:38,11,104010,-162061,-58352,-10093
2026-08-04 14:37:38,11,104010,-162061,-58352,-10093
2026-08-04 14:37:38,11,104010,-162061,-58352,-10093
2026-08-04 14:37:38,11,104010,-162061,-58352,-10093
2026-08-04 14:37:38,11,104010,-162061,-58352,-10093
2026-08-04 14:37:39,11,104010,-162061,-58352,-10093
2026-08-04 14:37:39,11,104010,-162061,-58352,-10093
2026-08-04 14:37:39,11,104010,-162061,-58352,-10093
2026-08-04 14:37:39,11,104010,-162061,-58352,-10093
2026-08-04 14:37:39,11,104010,-162061,-58352,-10093
2026-08-04 14:37:39,11,104010,-162061,-58352,-10093
2026-08-04 14:37:39,11,104010,-162061,-58352,-10093
2026-08-04 14:37:39,11,104010,-162061,-58352,-10093
2026-08-04 14:37:39,11,104010,-162061,-58352,-10093
2026-08-04 14:37:40,11,104010,-162061,-58352,-10094
2026-08-04 14:37:40,11,104010,-162061,-58352,-10094
2026-08-04 14:37:40,11,104010,-162061,-58352,-10094
2026-08-04 14:37:40,11,104010,-162061,-58352,-10094
2026-08-04 14:37:40,11,104010,-162061,-58352,-10094
2026-08-04 14:37:40,11,104010,-162061,-58352,-10094
2026-08-04 14:37:40,11,104010,-162061,-58352,-10094
2026-08-04 14:37:40,11,104010,-162061,-58352,-10094
2026-08-04 14:37:40,11,104010,-162061,-58352,-10094
2026-08-04 14:37:40,11,104010,-162061,-58352,-10094
2026-08-04 14:37:41,11,104010,-162061,-58352,-10095
2026-08-04 14:37:41,11,104010,-162061,-58352,-10095
2026-08-04 14:37:41,11,104010,-162061,-58352,-10095
2026-08-04 14:37:41,11,104010,-162061,-58352,-10095
2026-08-04 14:37:41,11,104010,-162061,-58352,-10095
2026-08-04 14:37:41,11,104010,-162061,-58352,-10095
2026-08-04 14:37:41,11,104010,-162061,-58352,-10096
2026-08-04 14:37:41,11,104010,-162061,-58352,-10096
2026-08-04 14:37:41,11,104010,-162061,-58352,-10096
2026-08-04 14:37:41,11,104010,-162061,-58352,-10096
2026-08-04 14:37:42,11,104010,-162061,-58352,-10096
2026-08-04 14:37:42,11,104010,-162061,-58352,-10096
2026-08-04 14:37:42,11,104010,-162061,-58352,-10097
2026-08-04 14:37:42,11,104010,-162061,-58352,-10097
2026-08-04 14:37:42,11,104010,-162061,-58352,-10097
2026-08-04 14:37:42,11,104010,-162061,-58352,-10097
2026-08-04 14:37:42,11,104010,-162061,-58352,-10097
2026-08-04 14:37:42,11,104010,-162061,-58352,-10098
2026-08-04 14:37:42,11,104010,-162061,-58352,-10098
2026-08-04 14:37:42,11,104010,-162061,-58352,-10098
2026-08-04 14:37:43,11,104010,-162061,-58352,-10098
2026-08-04 14:37:43,11,104010,-162061,-58352,-10098
2026-08-04 14:37:43,11,104010,-162061,-58352,-10099
2026-08-04 14:37:43,11,104010,-162061,-58352,-10099
2026-08-04 14:37:43,11,104010,-162061,-58352,-10100
2026-08-04 14:37:43,11,104010,-162061,-58352,-10100
2026-08-04 14:37:43,11,104010,-162061,-58352,-10100
2026-08-04 14:37:43,11,104010,-162061,-58352,-10100
2026-08-04 14:37:43,11,104010,-162061,-58352,-10101
2026-08-04 14:37:43,11,104010,-162061,-58352,-10101
2026-08-04 14:37:44,11,104010,-162061,-58352,-10102
2026-08-04 14:37:44,11,104010,-162061,-58352,-10102
2026-08-04 14:37:44,11,104010,-162061,-58352,-10103
2026-08-04 14:37:44,11,104010,-162061,-58352,-10103
2026-08-04 14:37:44,11,104010,-162061,-58352,-10105
2026-08-04 14:37:44,11,104010,-162061,-58352,-10105
2026-08-04 14:37:44,11,104010,-162061,-58352,-10113
2026-08-04 14:37:44,11,104010,-162061,-58352,-10113
2026-08-04 14:37:44,11,104010,-162061,-58352,-10112
2026-08-04 14:37:44,11,104010,-162061,-58352,-10113
2026-08-04 14:37:45,11,104010,-162061,-58352,-10112
2026-08-04 14:37:45,11,104010,-162061,-58352,-10112
2026-08-04 14:37:45,11,104010,-162061,-58352,-10112
2026-08-04 14:37:45,11,104010,-162061,-58352,-10112
2026-08-04 14:37:45,11,104010,-162061,-58352,-10112
2026-08-04 14:37:45,11,104010,-162061,-58352,-10112
2026-08-04 14:37:45,11,104010,-162061,-58352,-10111
2026-08-04 14:37:45,11,104010,-162061,-58352,-10111
2026-08-04 14:37:45,11,104010,-162061,-58352,-10111
2026-08-04 14:37:45,11,104010,-162061,-58352,-10111
2026-08-04 14:37:46,11,104010,-162061,-58352,-10110
2026-08-04 14:37:46,11,104010,-162061,-58352,-10110
2026-08-04 14:37:46,11,104010,-162061,-58352,-10109
2026-08-04 14:37:46,11,104010,-162061,-58352,-10109
2026-08-04 14:37:46,11,104010,-162061,-58352,-10109
2026-08-04 14:37:46,11,104010,-162061,-58352,-10109
2026-08-04 14:37:46,11,104010,-162061,-58352,-10109
2026-08-04 14:37:46,11,104010,-162061,-58352,-10109
2026-08-04 14:37:46,11,104010,-162061,-58352,-10109
2026-08-04 14:37:46,11,104010,-162061,-58352,-10109
2026-08-04 14:37:47,11,104010,-162061,-58352,-10109
2026-08-04 14:37:47,11,104010,-162061,-58352,-10109
2026-08-04 14:37:47,11,104010,-162061,-58352,-10109
2026-08-04 14:37:47,11,104010,-162061,-58352,-10109
2026-08-04 14:37:47,11,104010,-162061,-58352,-10109
2026-08-04 14:37:47,11,104010,-162061,-58352,-10109
2026-08-04 14:37:47,11,104010,-162061,-58352,-10109
2026-08-04 14:37:47,11,104010,-162061,-58352,-10109
2026-08-04 14:37:47,11,104010,-162061,-58352,-10109
2026-08-04 14:37:47,11,104010,-162061,-58352,-10110
2026-08-04 14:37:48,11,104010,-162061,-58352,-10109
2026-08-04 14:37:48,11,104010,-162061,-58352,-10109
2026-08-04 14:37:48,11,104010,-162061,-58352,-10109
2026-08-04 14:37:48,11,104010,-162061,-58352,-10109
2026-08-04 14:37:48,11,104010,-162061,-58352,-10109
2026-08-04 14:37:48,11,104010,-162061,-58352,-10110
2026-08-04 14:37:48,11,104010,-162061,-58352,-10109
2026-08-04 14:37:48,11,104010,-162061,-58352,-10110
2026-08-04 14:37:48,11,104010,-162061,-58352,-10109
2026-08-04 14:37:48,11,104010,-162061,-58352,-10109
2026-08-04 14:37:49,11,104010,-162061,-58352,-10109
2026-08-04 14:37:49,11,104010,-162061,-58352,-10109
2026-08-04 14:37:49,11,104010,-162061,-58352,-10109
2026-08-04 14:37:49,11,104010,-162061,-58352,-10109
2026-08-04 14:37:49,11,104010,-162061,-58352,-10109
2026-08-04 14:37:49,11,104010,-162061,-58352,-10109
2026-08-04 14:37:49,11,104010,-162061,-58352,-10109
2026-08-04 14:37:49,11,104010,-162061,-58352,-10109
2026-08-04 14:37:49,11,104010,-162061,-58352,-10109
2026-08-04 14:37:49,11,104010,-162061,-58352,-10109
2026-08-04 14:37:50,11,104010,-162061,-58352,-10109
2026-08-04 14:37:50,11,104010,-162061,-58352,-10109
2026-08-04 14:37:50,11,104010,-162061,-58352,-10109
2026-08-04 14:37:50,11,104010,-162061,-58352,-10109
2026-08-04 14:37:50,11,104010,-162061,-58352,-10109
2026-08-04 14:37:50,11,104010,-162061,-58352,-10109
2026-08-04 14:37:50,11,104010,-162061,-58352,-10109
2026-08-04 14:37:50,11,104010,-162061,-58352,-10109
2026-08-04 14:37:50,11,104010,-162061,-58352,-10109
2026-08-04 14:37:50,11,104010,-162061,-58352,-10109
2026-08-04 14:37:51,11,104010,-162061,-58352,-10109
2026-08-04 14:37:51,11,104010,-162061,-58352,-10110
2026-08-04 14:37:51,11,104010,-162061,-58352,-10109
2026-08-04 14:37:51,11,104010,-162061,-58352,-10109
2026-08-04 14:37:51,11,104010,-162061,-58352,-10109
2026-08-04 14:37:51,11,104010,-162061,-58352,-10110
2026-08-04 14:37:51,11,104010,-162061,-58352,-10110
2026-08-04 14:37:51,11,104010,-162061,-58352,-10109
2026-08-04 14:37:51,11,104010,-162061,-58352,-10109
2026-08-04 14:37:52,11,104010,-162061,-58352,-10109
2026-08-04 14:37:52,11,104010,-162061,-58352,-10109
2026-08-04 14:37:52,11,104010,-162061,-58352,-10109
2026-08-04 14:37:52,11,104010,-162061,-58352,-10110
2026-08-04 14:37:52,11,104010,-162061,-58352,-10109
2026-08-04 14:37:52,11,104010,-162061,-58352,-10110
2026-08-04 14:37:52,11,104010,-162061,-58352,-10110
2026-08-04 14:37:52,11,104010,-162061,-58352,-10109
2026-08-04 14:37:52,11,104010,-162061,-58352,-10110
2026-08-04 14:37:53,11,104010,-162061,-58352,-10109
2026-08-04 14:37:53,11,104010,-162061,-58352,-10109
2026-08-04 14:37:53,11,104010,-162061,-58352,-10109
2026-08-04 14:37:53,11,104010,-162061,-58352,-10109
2026-08-04 14:37:53,11,104010,-162061,-58352,-10109
2026-08-04 14:37:53,11,104010,-162061,-58352,-10110
2026-08-04 14:37:53,11,104010,-162061,-58352,-10109
2026-08-04 14:37:53,11,104010,-162061,-58352,-10109
2026-08-04 14:37:53,11,104010,-162061,-58352,-10110
2026-08-04 14:37:53,11,104010,-162061,-58352,-10110
2026-08-04 14:37:54,11,104010,-162061,-58352,-10110
2026-08-04 14:37:54,11,104010,-162061,-58352,-10110
2026-08-04 14:37:54,11,104010,-162061,-58352,-10109
2026-08-04 14:37:54,11,104010,-162061,-58352,-10110
2026-08-04 14:37:54,11,104010,-162061,-58352,-10110
2026-08-04 14:37:54,11,104010,-162061,-58352,-10109
2026-08-04 14:37:54,11,104010,-162061,-58352,-10110
2026-08-04 14:37:54,11,104010,-162061,-58352,-10110
2026-08-04 14:37:54,11,104010,-162061,-58352,-10110
2026-08-04 14:37:54,11,104010,-162061,-58352,-10110
2026-08-04 14:37:55,11,104010,-162061,-58352,-10110
2026-08-04 14:37:55,11,104010,-162061,-58352,-10110
2026-08-04 14:37:55,11,104010,-162061,-58352,-10110
2026-08-04 14:37:55,11,104010,-162061,-58352,-10110
2026-08-04 14:37:55,11,104010,-162061,-58352,-10110
2026-08-04 14:37:55,11,104010,-162061,-58352,-10110
2026-08-04 14:37:55,11,104010,-162061,-58352,-10110
2026-08-04 14:37:55,11,104010,-162061,-58352,-10110
2026-08-04 14:37:55,11,104010,-162061,-58352,-10110
2026-08-04 14:37:55,11,104010,-162061,-58352,-10110
2026-08-04 14:37:56,11,104010,-162061,-58352,-10110
2026-08-04 14:37:56,11,104010,-162061,-58352,-10110
2026-08-04 14:37:56,11,104010,-162061,-58352,-10110
2026-08-04 14:37:56,11,104010,-162061,-58352,-10110
2026-08-04 14:37:56,11,104010,-162061,-58352,-10110
2026-08-04 14:37:56,11,104010,-162061,-58352,-10110
2026-08-04 14:37:56,11,104010,-162061,-58352,-10110
2026-08-04 14:37:56,11,104010,-162061,-58352,-10110
2026-08-04 14:37:56,11,104010,-162061,-58352,-10110
2026-08-04 14:37:56,11,104010,-162061,-58352,-10110
2026-08-04 14:37:57,11,104010,-162061,-58352,-10110
2026-08-04 14:37:57,11,104010,-162061,-58352,-10110
2026-08-04 14:37:57,11,104010,-162061,-58352,-10110
2026-08-04 14:37:57,11,104010,-162061,-58352,-10110
2026-08-04 14:37:57,11,104010,-162061,-58352,-10110
2026-08-04 14:37:57,11,104010,-162061,-58352,-10110
2026-08-04 14:37:57,11,104010,-162061,-58352,-10110
2026-08-04 14:37:57,11,104010,-162061,-58352,-10110
2026-08-04 14:37:57,11,104010,-162061,-58352,-10110
2026-08-04 14:37:57,11,104010,-162061,-58352,-10110
2026-08-04 14:37:58,11,104010,-162061,-58352,-10110
2026-08-04 14:37:58,11,104010,-162061,-58352,-10110
2026-08-04 14:37:58,11,104010,-162061,-58352,-10110
2026-08-04 14:37:58,11,104010,-162061,-58352,-10110
2026-08-04 14:37:58,11,104010,-162061,-58352,-10110
2026-08-04 14:37:58,11,104010,-162061,-58352,-10110
2026-08-04 14:37:58,11,104010,-162061,-58352,-10110
2026-08-04 14:37:58,11,104010,-162061,-58352,-10110
2026-08-04 14:37:58,11,104010,-162061,-58352,-10110
2026-08-04 14:37:58,11,104010,-162061,-58352,-10110
2026-08-04 14:37:59,11,104010,-162061,-58352,-10110
2026-08-04 14:37:59,11,104010,-162061,-58352,-10110
2026-08-04 14:37:59,11,104010,-162061,-58352,-10111
2026-08-04 14:37:59,11,104010,-162061,-58352,-10110
2026-08-04 14:37:59,11,104010,-162061,-58352,-10111
2026-08-04 14:37:59,11,104010,-162061,-58352,-10111
2026-08-04 14:37:59,11,104010,-162061,-58352,-10110
2026-08-04 14:37:59,11,104010,-162061,-58352,-10111
2026-08-04 14:37:59,11,104010,-162061,-58352,-10111
2026-08-04 14:37:59,11,104010,-162061,-58352,-10111
2026-08-04 14:38:00,11,104010,-162061,-58352,-10111
2026-08-04 14:38:00,11,104010,-162061,-58352,-10111
2026-08-04 14:38:00,11,104010,-162061,-58352,-10111
2026-08-04 14:38:00,11,104010,-162061,-58352,-10111
2026-08-04 14:38:00,11,104010,-162061,-58352,-10111
2026-08-04 14:38:00,11,104010,-162061,-58352,-10111
2026-08-04 14:38:00,11,104010,-162061,-58352,-10111
2026-08-04 14:38:00,11,104010,-162061,-58352,-10111
2026-08-04 14:38:00,11,104010,-162061,-58352,-10111
2026-08-04 14:38:00,11,104010,-162061,-58352,-10111
2026-08-04 14:38:01,11,104010,-162061,-58352,-10111
2026-08-04 14:38:01,11,104010,-162061,-58352,-10111
2026-08-04 14:38:01,11,104010,-162061,-58352,-10111
2026-08-04 14:38:01,11,104010,-162061,-58352,-10111
2026-08-04 14:38:01,11,104010,-162061,-58352,-10111
2026-08-04 14:38:01,11,104010,-162061,-58352,-10111
2026-08-04 14:38:01,11,104010,-162061,-58352,-10111
2026-08-04 14:38:01,11,104010,-162061,-58352,-10111
2026-08-04 14:38:01,11,104010,-162061,-58352,-10111
2026-08-04 14:38:01,11,104010,-162061,-58352,-10111
2026-08-04 14:38:02,11,104010,-162061,-58352,-10111
2026-08-04 14:38:02,11,104010,-162061,-58352,-10111
2026-08-04 14:38:02,11,104010,-162061,-58352,-10111
2026-08-04 14:38:02,11,104010,-162061,-58352,-10111
2026-08-04 14:38:02,11,104010,-162061,-58352,-10111
2026-08-04 14:38:02,11,104010,-162061,-58352,-10111
2026-08-04 14:38:02,11,104010,-162061,-58352,-10111
2026-08-04 14:38:02,11,104010,-162061,-58352,-10111
2026-08-04 14:38:02,11,104010,-162061,-58352,-10111
2026-08-04 14:38:02,11,104010,-162061,-58352,-10111
2026-08-04 14:38:03,11,104010,-162061,-58352,-10111
2026-08-04 14:38:03,11,104010,-162061,-58352,-10111
2026-08-04 14:38:03,11,104010,-162061,-58352,-10111
2026-08-04 14:38:03,11,104010,-162061,-58352,-10111
2026-08-04 14:38:03,11,104010,-162061,-58352,-10111
2026-08-04 14:38:03,11,104010,-162061,-58352,-10111
2026-08-04 14:38:03,11,104010,-162061,-58352,-10111
2026-08-04 14:38:03,11,104010,-162061,-58352,-10111
2026-08-04 14:38:03,11,104010,-162061,-58352,-10111
2026-08-04 14:38:03,11,104010,-162061,-58352,-10111
2026-08-04 14:38:04,11,104010,-162061,-58352,-10111
2026-08-04 14:38:04,11,104010,-162061,-58352,-10111
2026-08-04 14:38:04,11,104010,-162061,-58352,-10111
2026-08-04 14:38:04,11,104010,-162061,-58352,-10111
2026-08-04 14:38:04,11,104010,-162061,-58352,-10111
2026-08-04 14:38:04,11,104010,-162061,-58352,-10112
2026-08-04 14:38:04,11,104010,-162061,-58352,-10112
2026-08-04 14:38:04,11,104010,-162061,-58352,-10112
2026-08-04 14:38:04,11,104010,-162061,-58352,-10112
2026-08-04 14:38:04,11,104010,-162061,-58352,-10112
2026-08-04 14:38:05,11,104010,-162061,-58352,-10112
2026-08-04 14:38:05,11,104010,-162061,-58352,-10112
2026-08-04 14:38:05,11,104010,-162061,-58352,-10112
2026-08-04 14:38:05,11,104010,-162061,-58352,-10112
2026-08-04 14:38:05,11,104010,-162061,-58352,-10112
2026-08-04 14:38:05,11,104010,-162061,-58352,-10112
2026-08-04 14:38:05,11,104010,-162061,-58352,-10112
2026-08-04 14:38:05,11,104010,-162061,-58352,-10112
2026-08-04 14:38:05,11,104010,-162061,-58352,-10112
2026-08-04 14:38:05,11,104010,-162061,-58352,-10112
2026-08-04 14:38:06,11,104010,-162061,-58352,-10112
2026-08-04 14:38:06,11,104010,-162061,-58352,-10112
2026-08-04 14:38:06,11,104010,-162061,-58352,-10112
2026-08-04 14:38:06,11,104010,-162061,-58352,-10112
2026-08-04 14:38:06,11,104010,-162061,-58352,-10112
2026-08-04 14:38:06,11,104010,-162061,-58352,-10112
2026-08-04 14:38:06,11,104010,-162061,-58352,-10112
2026-08-04 14:38:06,11,104010,-162061,-58352,-10112
2026-08-04 14:38:06,11,104010,-162061,-58352,-10112
2026-08-04 14:38:06,11,104010,-162061,-58352,-10112
2026-08-04 14:38:07,11,104010,-162061,-58352,-10112
2026-08-04 14:38:07,11,104010,-162061,-58352,-10112
2026-08-04 14:38:07,11,104010,-162061,-58352,-10112
2026-08-04 14:38:07,11,104010,-162061,-58352,-10112
2026-08-04 14:38:07,11,104010,-162061,-58352,-10112
2026-08-04 14:38:07,11,104010,-162061,-58352,-10112
2026-08-04 14:38:07,11,104010,-162061,-58352,-10112
2026-08-04 14:38:07,11,104010,-162061,-58352,-10112
2026-08-04 14:38:07,11,104010,-162061,-58352,-10112
2026-08-04 14:38:07,11,104010,-162061,-58352,-10112
2026-08-04 14:38:08,11,104010,-162061,-58352,-10112
2026-08-04 14:38:08,11,104010,-162061,-58352,-10112
2026-08-04 14:38:08,11,104010,-162061,-58352,-10113
2026-08-04 14:38:08,11,104010,-162061,-58352,-10113
2026-08-04 14:38:08,11,104010,-162061,-58352,-10113
2026-08-04 14:38:08,11,104010,-162061,-58352,-10113
2026-08-04 14:38:08,11,104010,-162061,-58352,-10113
2026-08-04 14:38:08,11,104010,-162061,-58352,-10113
2026-08-04 14:38:08,11,104010,-162061,-58352,-10113
2026-08-04 14:38:08,11,104010,-162061,-58352,-10113
2026-08-04 14:38:09,11,104010,-162061,-58352,-10113
2026-08-04 14:38:09,11,104010,-162061,-58352,-10113
2026-08-04 14:38:09,11,104010,-162061,-58352,-10113
2026-08-04 14:38:09,11,104010,-162061,-58352,-10113
2026-08-04 14:38:09,11,104010,-162061,-58352,-10113
2026-08-04 14:38:09,11,104010,-162061,-58352,-10113
2026-08-04 14:38:09,11,104010,-162061,-58352,-10113
2026-08-04 14:38:09,11,104010,-162061,-58352,-10113
2026-08-04 14:38:09,11,104010,-162061,-58352,-10113
2026-08-04 14:38:09,11,104010,-162061,-58352,-10113
2026-08-04 14:38:10,11,104010,-162061,-58352,-10113
2026-08-04 14:38:10,11,104010,-162061,-58352,-10113
2026-08-04 14:38:10,11,104010,-162061,-58352,-10113
2026-08-04 14:38:10,11,104010,-162061,-58352,-10113
2026-08-04 14:38:10,11,104010,-162061,-58352,-10113
2026-08-04 14:38:10,11,104010,-162061,-58352,-10113
2026-08-04 14:38:10,11,104010,-162061,-58352,-10113
2026-08-04 14:38:10,11,104010,-162061,-58352,-10113
2026-08-04 14:38:10,11,104010,-162061,-58352,-10113
2026-08-04 14:38:10,11,104010,-162061,-58352,-10113
2026-08-04 14:38:11,11,104010,-162061,-58352,-10113
2026-08-04 14:38:11,11,104010,-162061,-58352,-10113
2026-08-04 14:38:11,11,104010,-162061,-58352,-10113
2026-08-04 14:38:11,11,104010,-162061,-58352,-10113
2026-08-04 14:38:11,11,104010,-162061,-58352,-10113
2026-08-04 14:38:11,11,104010,-162061,-58352,-10113
2026-08-04 14:38:11,11,104010,-162061,-58352,-10113
2026-08-04 14:38:11,11,104010,-162061,-58352,-10113
2026-08-04 14:38:11,11,104010,-162061,-58352,-10113
2026-08-04 14:38:11,11,104010,-162061,-58352,-10113
2026-08-04 14:38:12,11,104010,-162061,-58352,-10113
2026-08-04 14:38:12,11,104010,-162061,-58352,-10113
2026-08-04 14:38:12,11,104010,-162061,-58352,-10113
2026-08-04 14:38:12,11,104010,-162061,-58352,-10113
2026-08-04 14:38:12,11,104010,-162061,-58352,-10113
2026-08-04 14:38:12,11,104010,-162061,-58352,-10113
2026-08-04 14:38:12,11,104010,-162061,-58352,-10113
2026-08-04 14:38:12,11,104010,-162061,-58352,-10113
2026-08-04 14:38:12,11,104010,-162061,-58352,-10113
2026-08-04 14:38:12,11,104010,-162061,-58352,-10113
2026-08-04 14:38:13,11,104010,-162061,-58352,-10113
2026-08-04 14:38:13,11,104010,-162061,-58352,-10113
2026-08-04 14:38:13,11,104010,-162061,-58352,-10113
2026-08-04 14:38:13,11,104010,-162061,-58352,-10113
2026-08-04 14:38:13,11,104010,-162061,-58352,-10113
2026-08-04 14:38:13,11,104010,-162061,-58352,-10113
2026-08-04 14:38:13,11,104010,-162061,-58352,-10113
2026-08-04 14:38:13,11,104010,-162061,-58352,-10113
2026-08-04 14:38:13,11,104010,-162061,-58352,-10114
2026-08-04 14:38:13,11,104010,-162061,-58352,-10114
2026-08-04 14:38:14,11,104010,-162061,-58352,-10114
2026-08-04 14:38:14,11,104010,-162061,-58352,-10114
2026-08-04 14:38:14,11,104010,-162061,-58352,-10114
2026-08-04 14:38:14,11,104010,-162061,-58352,-10114
2026-08-04 14:38:14,11,104010,-162061,-58352,-10114
2026-08-04 14:38:14,11,104010,-162061,-58352,-10114
2026-08-04 14:38:14,11,104010,-162061,-58352,-10113
2026-08-04 14:38:14,11,104010,-162061,-58352,-10114
2026-08-04 14:38:14,11,104010,-162061,-58352,-10114
2026-08-04 14:38:14,11,104010,-162061,-58352,-10114
2026-08-04 14:38:15,11,104010,-162061,-58352,-10114
2026-08-04 14:38:15,11,104010,-162061,-58352,-10115
2026-08-04 14:38:15,11,104014,-162039,-58347,-10115
2026-08-04 14:38:15,11,104021,-162004,-58340,-10115
2026-08-04 14:38:15,11,104031,-161952,-58329,-10115
2026-08-04 14:38:15,11,104042,-161897,-58318,-10116
2026-08-04 14:38:15,11,104054,-161834,-58304,-10117
2026-08-04 14:38:15,11,104068,-161764,-58290,-10118
2026-08-04 14:38:15,11,104080,-161703,-58277,-10119
2026-08-04 14:38:15,11,104092,-161645,-58265,-10120
2026-08-04 14:38:16,11,104103,-161589,-58254,-10122
2026-08-04 14:38:16,11,104125,-161480,-58231,-10123
2026-08-04 14:38:16,11,104147,-161365,-58208,-10124
2026-08-04 14:38:16,11,104171,-161244,-58183,-10124
2026-08-04 14:38:16,11,104202,-161092,-58152,-10126
2026-08-04 14:38:16,11,104232,-160940,-58121,-10126
2026-08-04 14:38:16,11,104262,-160790,-58090,-10123
2026-08-04 14:38:16,11,104291,-160641,-58059,-10122
2026-08-04 14:38:16,11,104328,-160458,-58022,-10121
2026-08-04 14:38:16,11,104365,-160272,-57983,-10119
2026-08-04 14:38:17,11,104402,-160080,-57944,-10117
2026-08-04 14:38:17,11,104447,-159857,-57897,-10117
2026-08-04 14:38:17,11,104490,-159637,-57852,-10109
2026-08-04 14:38:17,11,104532,-159421,-57807,-10100
2026-08-04 14:38:17,11,104574,-159208,-57763,-10091
2026-08-04 14:38:17,11,104614,-158999,-57720,-10078
2026-08-04 14:38:17,11,104653,-158791,-57677,-10059
2026-08-04 14:38:17,11,104693,-158579,-57634,-10047
2026-08-04 14:38:17,11,104732,-158365,-57590,-10035
2026-08-04 14:38:17,11,104775,-158129,-57543,-10018
2026-08-04 14:38:18,11,104818,-157892,-57495,-10003
2026-08-04 14:38:18,11,104860,-157655,-57448,-9993
2026-08-04 14:38:18,11,104902,-157415,-57399,-9984
2026-08-04 14:38:18,11,104940,-157192,-57355,-9980
2026-08-04 14:38:18,11,104980,-156964,-57309,-9980
2026-08-04 14:38:18,11,105019,-156735,-57263,-9980
2026-08-04 14:38:18,11,105062,-156488,-57214,-9979
2026-08-04 14:38:18,11,105105,-156239,-57164,-9978
2026-08-04 14:38:18,11,105148,-155989,-57115,-9980
2026-08-04 14:38:18,11,105193,-155729,-57063,-9983
2026-08-04 14:38:19,11,105238,-155466,-57012,-9985
2026-08-04 14:38:19,11,105284,-155202,-56960,-9988
2026-08-04 14:38:19,11,105331,-154936,-56908,-9989
2026-08-04 14:38:19,11,105383,-154637,-56849,-9992
2026-08-04 14:38:19,11,105436,-154334,-56790,-9992
2026-08-04 14:38:19,11,105489,-154030,-56730,-9991
2026-08-04 14:38:19,11,105542,-153727,-56670,-9990
2026-08-04 14:38:19,11,105599,-153398,-56605,-9991
2026-08-04 14:38:19,11,105658,-153066,-56539,-9991
2026-08-04 14:38:19,11,105716,-152734,-56473,-9991
2026-08-04 14:38:20,11,105777,-152384,-56404,-9990
2026-08-04 14:38:20,11,105837,-152038,-56335,-9989
2026-08-04 14:38:20,11,105898,-151689,-56265,-9986
2026-08-04 14:38:20,11,105959,-151338,-56194,-9984
2026-08-04 14:38:20,11,106021,-150984,-56122,-9983
2026-08-04 14:38:20,11,106081,-150632,-56049,-9978
2026-08-04 14:38:20,11,106142,-150283,-55977,-9979
2026-08-04 14:38:20,11,106204,-149924,-55902,-9980
2026-08-04 14:38:20,11,106265,-149568,-55828,-9980
2026-08-04 14:38:20,11,106326,-149215,-55755,-9977
2026-08-04 14:38:21,11,106387,-148861,-55682,-9979
2026-08-04 14:38:21,11,106449,-148503,-55606,-9983
2026-08-04 14:38:21,11,106513,-148134,-55527,-9991
2026-08-04 14:38:21,11,106575,-147782,-55452,-10004
2026-08-04 14:38:21,11,106638,-147427,-55375,-10016
2026-08-04 14:38:21,11,106701,-147073,-55300,-10027
2026-08-04 14:38:21,11,106765,-146719,-55225,-10040
2026-08-04 14:38:21,11,106832,-146358,-55149,-10052
2026-08-04 14:38:21,11,106898,-146002,-55075,-10061
2026-08-04 14:38:21,11,106964,-145652,-55002,-10072
2026-08-04 14:38:22,11,107031,-145296,-54928,-10083
2026-08-04 14:38:22,11,107098,-144943,-54855,-10093
2026-08-04 14:38:22,11,107169,-144579,-54780,-10105
2026-08-04 14:38:22,11,107236,-144235,-54709,-10112
2026-08-04 14:38:22,11,107306,-143879,-54636,-10116
2026-08-04 14:38:22,11,107377,-143522,-54564,-10120
2026-08-04 14:38:22,11,107447,-143169,-54494,-10122
2026-08-04 14:38:22,11,107517,-142814,-54424,-10119
2026-08-04 14:38:22,11,107587,-142460,-54354,-10117
2026-08-04 14:38:22,11,107659,-142097,-54282,-10118
2026-08-04 14:38:23,11,107729,-141744,-54212,-10120
2026-08-04 14:38:23,11,107798,-141396,-54143,-10119
2026-08-04 14:38:23,11,107869,-141034,-54072,-10115
2026-08-04 14:38:23,11,107939,-140682,-54002,-10112
2026-08-04 14:38:23,11,108009,-140328,-53933,-10111
2026-08-04 14:38:23,11,108079,-139971,-53863,-10113
2026-08-04 14:38:23,11,108218,-139264,-53726,-10110
2026-08-04 14:38:23,11,108288,-138905,-53656,-10105
2026-08-04 14:38:23,11,108356,-138556,-53587,-10104
2026-08-04 14:38:24,11,108424,-138210,-53518,-10106
2026-08-04 14:38:24,11,108495,-137846,-53446,-10106
2026-08-04 14:38:24,11,108565,-137488,-53375,-10108
2026-08-04 14:38:24,11,108633,-137139,-53306,-10109
2026-08-04 14:38:24,11,108702,-136787,-53236,-10109
2026-08-04 14:38:24,11,108771,-136437,-53166,-10110
2026-08-04 14:38:24,11,108908,-135739,-53024,-10111
2026-08-04 14:38:24,11,108977,-135387,-52953,-10113
2026-08-04 14:38:24,11,109046,-135038,-52881,-10116
2026-08-04 14:38:25,11,109115,-134688,-52808,-10116
2026-08-04 14:38:25,11,109254,-133986,-52663,-10116
2026-08-04 14:38:25,11,109323,-133635,-52591,-10118
2026-08-04 14:38:25,11,109460,-132942,-52449,-10121
2026-08-04 14:38:25,11,109601,-132231,-52300,-10124
2026-08-04 14:38:25,11,109742,-131523,-52150,-10126
2026-08-04 14:38:25,11,109814,-131163,-52073,-10127
2026-08-04 14:38:26,11,109885,-130808,-51997,-10128
2026-08-04 14:38:26,11,109956,-130452,-51921,-10127
2026-08-04 14:38:26,11,110027,-130094,-51845,-10124
2026-08-04 14:38:26,11,110098,-129740,-51770,-10125
2026-08-04 14:38:26,11,110098,-129740,-51770,-10129
2026-08-04 14:38:26,11,110240,-129027,-51619,-10132
2026-08-04 14:38:26,11,110311,-128672,-51544,-10133
2026-08-04 14:38:26,11,110382,-128320,-51469,-10136
2026-08-04 14:38:26,11,110452,-127972,-51396,-10136
2026-08-04 14:38:26,11,110521,-127627,-51324,-10134
2026-08-04 14:38:27,11,110591,-127277,-51251,-10135
2026-08-04 14:38:27,11,110664,-126918,-51177,-10137
2026-08-04 14:38:27,11,110735,-126564,-51105,-10138
2026-08-04 14:38:27,11,110808,-126205,-51031,-10141
2026-08-04 14:38:27,11,110879,-125850,-50959,-10144
2026-08-04 14:38:27,11,110951,-125493,-50886,-10142
2026-08-04 14:38:27,11,111023,-125138,-50813,-10139
2026-08-04 14:38:27,11,111095,-124783,-50740,-10139
2026-08-04 14:38:27,11,111166,-124430,-50668,-10141
2026-08-04 14:38:27,11,111239,-124071,-50594,-10143
2026-08-04 14:38:28,11,111311,-123713,-50521,-10146
2026-08-04 14:38:28,11,111384,-123354,-50447,-10151
2026-08-04 14:38:28,11,111454,-123009,-50377,-10152
2026-08-04 14:38:28,11,111525,-122664,-50306,-10151
2026-08-04 14:38:28,11,111596,-122314,-50234,-10152
2026-08-04 14:38:28,11,111667,-121965,-50162,-10151
2026-08-04 14:38:28,11,111738,-121617,-50090,-10150
2026-08-04 14:38:28,11,111810,-121262,-50017,-10150
2026-08-04 14:38:28,11,111883,-120908,-49944,-10151
2026-08-04 14:38:28,11,111955,-120553,-49871,-10154
2026-08-04 14:38:29,11,112028,-120197,-49798,-10157
2026-08-04 14:38:29,11,112100,-119847,-49726,-10157
2026-08-04 14:38:29,11,112171,-119498,-49654,-10157
2026-08-04 14:38:29,11,112244,-119142,-49581,-10159
2026-08-04 14:38:29,11,112390,-118433,-49434,-10166
2026-08-04 14:38:29,11,112464,-118077,-49360,-10167
2026-08-04 14:38:29,11,112537,-117723,-49288,-10163
2026-08-04 14:38:29,11,112609,-117371,-49216,-10161
2026-08-04 14:38:29,11,112681,-117020,-49144,-10163
2026-08-04 14:38:30,11,112754,-116670,-49072,-10163
2026-08-04 14:38:30,11,112827,-116315,-48998,-10164
2026-08-04 14:38:30,11,112900,-115960,-48925,-10167
2026-08-04 14:38:30,11,112973,-115608,-48852,-10170
2026-08-04 14:38:30,11,113045,-115260,-48781,-10170
2026-08-04 14:38:30,11,113118,-114908,-48710,-10170
2026-08-04 14:38:30,11,113191,-114556,-48638,-10169
2026-08-04 14:38:30,11,113263,-114209,-48568,-10167
2026-08-04 14:38:30,11,113335,-113857,-48496,-10166
2026-08-04 14:38:30,11,113407,-113511,-48425,-10168
2026-08-04 14:38:31,11,113479,-113161,-48352,-10168
2026-08-04 14:38:31,11,113554,-112802,-48277,-10169
2026-08-04 14:38:31,11,113627,-112445,-48203,-10171
2026-08-04 14:38:31,11,113701,-112094,-48129,-10172
2026-08-04 14:38:31,11,113773,-111744,-48056,-10172
2026-08-04 14:38:31,11,113846,-111394,-47983,-10174
2026-08-04 14:38:31,11,113920,-111038,-47908,-10176
2026-08-04 14:38:31,11,113992,-110690,-47836,-10175
2026-08-04 14:38:31,11,114065,-110340,-47763,-10174
2026-08-04 14:38:31,11,114138,-109990,-47689,-10177
2026-08-04 14:38:32,11,114212,-109636,-47615,-10176
2026-08-04 14:38:32,11,114285,-109283,-47540,-10176
2026-08-04 14:38:32,11,114358,-108937,-47468,-10182
2026-08-04 14:38:32,11,114431,-108589,-47395,-10184
2026-08-04 14:38:32,11,114504,-108241,-47323,-10182
2026-08-04 14:38:32,11,114577,-107892,-47251,-10183
2026-08-04 14:38:32,11,114651,-107540,-47179,-10183
2026-08-04 14:38:32,11,114723,-107195,-47108,-10182
2026-08-04 14:38:32,11,114797,-106844,-47036,-10186
2026-08-04 14:38:32,11,114871,-106491,-46964,-10195
2026-08-04 14:38:33,11,114946,-106138,-46892,-10197
2026-08-04 14:38:33,11,115021,-105786,-46820,-10197
2026-08-04 14:38:33,11,115095,-105438,-46749,-10199
2026-08-04 14:38:33,11,115169,-105087,-46676,-10197
2026-08-04 14:38:33,11,115244,-104736,-46604,-10195
2026-08-04 14:38:33,11,115317,-104389,-46532,-10195
2026-08-04 14:38:33,11,115393,-104033,-46459,-10199
2026-08-04 14:38:33,11,115466,-103689,-46388,-10201
2026-08-04 14:38:33,11,115541,-103336,-46316,-10202
2026-08-04 14:38:33,11,115616,-102984,-46243,-10206
2026-08-04 14:38:34,11,115691,-102635,-46171,-10206
2026-08-04 14:38:34,11,115766,-102282,-46099,-10205
2026-08-04 14:38:34,11,115841,-101933,-46029,-10207
2026-08-04 14:38:34,11,115916,-101582,-45958,-10207
2026-08-04 14:38:34,11,115992,-101228,-45885,-10209
2026-08-04 14:38:34,11,116068,-100873,-45812,-10210
2026-08-04 14:38:34,11,116142,-100531,-45741,-10213
2026-08-04 14:38:34,11,116216,-100183,-45669,-10212
2026-08-04 14:38:34,11,116291,-99837,-45598,-10212
2026-08-04 14:38:34,11,116365,-99494,-45528,-10214
2026-08-04 14:38:35,11,116441,-99137,-45455,-10213
2026-08-04 14:38:35,11,116517,-98786,-45383,-10214
2026-08-04 14:38:35,11,116593,-98435,-45311,-10216
2026-08-04 14:38:35,11,116669,-98081,-45239,-10216
2026-08-04 14:38:35,11,116744,-97732,-45167,-10217
2026-08-04 14:38:35,11,116820,-97380,-45095,-10216
2026-08-04 14:38:35,11,116895,-97032,-45024,-10212
2026-08-04 14:38:35,11,116969,-96685,-44952,-10213
2026-08-04 14:38:35,11,117044,-96339,-44881,-10214
2026-08-04 14:38:35,11,117118,-95994,-44810,-10217
2026-08-04 14:38:36,11,117194,-95645,-44739,-10221
2026-08-04 14:38:36,11,117269,-95298,-44668,-10223
2026-08-04 14:38:36,11,117345,-94948,-44595,-10222
2026-08-04 14:38:36,11,117421,-94598,-44523,-10221
2026-08-04 14:38:36,11,117496,-94252,-44452,-10219
2026-08-04 14:38:36,11,117571,-93903,-44379,-10218
2026-08-04 14:38:36,11,117648,-93547,-44306,-10221
2026-08-04 14:38:36,11,117723,-93199,-44235,-10222
2026-08-04 14:38:36,11,117800,-92844,-44162,-10222
2026-08-04 14:38:36,11,117877,-92492,-44089,-10225
2026-08-04 14:38:37,11,117954,-92139,-44016,-10226
2026-08-04 14:38:37,11,118031,-91784,-43942,-10226
2026-08-04 14:38:37,11,118106,-91439,-43871,-10228
2026-08-04 14:38:37,11,118181,-91094,-43799,-10230
2026-08-04 14:38:37,11,118257,-90746,-43727,-10231
2026-08-04 14:38:37,11,118333,-90398,-43656,-10230
2026-08-04 14:38:37,11,118410,-90043,-43584,-10231
2026-08-04 14:38:37,11,118486,-89695,-43513,-10233
2026-08-04 14:38:37,11,118563,-89344,-43442,-10232
2026-08-04 14:38:37,11,118639,-88994,-43371,-10230
2026-08-04 14:38:38,11,118715,-88648,-43300,-10222
2026-08-04 14:38:38,11,118789,-88303,-43229,-10212
2026-08-04 14:38:38,11,118864,-87951,-43157,-10199
2026-08-04 14:38:38,11,118937,-87600,-43085,-10183
2026-08-04 14:38:38,11,119010,-87249,-43013,-10162
2026-08-04 14:38:38,11,119081,-86896,-42940,-10140
2026-08-04 14:38:38,11,119149,-86551,-42869,-10116
2026-08-04 14:38:38,11,119217,-86202,-42797,-10089
2026-08-04 14:38:38,11,119283,-85850,-42725,-10062
2026-08-04 14:38:38,11,119347,-85499,-42653,-10037
2026-08-04 14:38:39,11,119412,-85140,-42579,-10015
2026-08-04 14:38:39,11,119474,-84785,-42505,-9989
2026-08-04 14:38:39,11,119534,-84434,-42432,-9963
2026-08-04 14:38:39,11,119592,-84084,-42360,-9944
2026-08-04 14:38:39,11,119649,-83735,-42288,-9927
2026-08-04 14:38:39,11,119705,-83385,-42216,-9911
2026-08-04 14:38:39,11,119762,-83032,-42143,-9901
2026-08-04 14:38:39,11,119815,-82688,-42072,-9887
2026-08-04 14:38:39,11,119869,-82342,-42000,-9873
2026-08-04 14:38:39,11,119920,-81997,-41929,-9851
2026-08-04 14:38:40,11,119972,-81640,-41855,-9822
2026-08-04 14:38:40,11,120022,-81284,-41783,-9790
2026-08-04 14:38:40,11,120069,-80928,-41710,-9756
2026-08-04 14:38:40,11,120115,-80567,-41636,-9723
2026-08-04 14:38:40,11,120158,-80214,-41563,-9691
2026-08-04 14:38:40,11,120200,-79858,-41489,-9657
2026-08-04 14:38:40,11,120240,-79496,-41415,-9627
2026-08-04 14:38:40,11,120277,-79142,-41342,-9596
2026-08-04 14:38:40,11,120312,-78785,-41269,-9565
2026-08-04 14:38:40,11,120347,-78421,-41195,-9534
2026-08-04 14:38:41,11,120378,-78069,-41122,-9507
2026-08-04 14:38:41,11,120408,-77713,-41049,-9484
2026-08-04 14:38:41,11,120438,-77355,-40977,-9466
2026-08-04 14:38:41,11,120466,-76998,-40904,-9451
2026-08-04 14:38:41,11,120494,-76640,-40832,-9448
2026-08-04 14:38:41,11,120522,-76280,-40759,-9447
2026-08-04 14:38:41,11,120579,-75562,-40612,-9455
2026-08-04 14:38:41,11,120608,-75204,-40539,-9464
2026-08-04 14:38:41,11,120637,-74852,-40468,-9476
2026-08-04 14:38:42,11,120668,-74496,-40395,-9488
2026-08-04 14:38:42,11,120699,-74143,-40323,-9506
2026-08-04 14:38:42,11,120731,-73790,-40251,-9523
2026-08-04 14:38:42,11,120764,-73433,-40179,-9542
2026-08-04 14:38:42,11,120800,-73070,-40105,-9563
2026-08-04 14:38:42,11,120836,-72713,-40033,-9588
2026-08-04 14:38:42,11,120874,-72358,-39961,-9613
2026-08-04 14:38:42,11,120914,-72000,-39888,-9640
2026-08-04 14:38:42,11,120954,-71649,-39816,-9661
2026-08-04 14:38:42,11,120996,-71301,-39745,-9678
2026-08-04 14:38:43,11,121038,-70948,-39673,-9693
2026-08-04 14:38:43,11,121082,-70599,-39602,-9705
2026-08-04 14:38:43,11,121126,-70241,-39529,-9714
2026-08-04 14:38:43,11,121171,-69887,-39458,-9714
2026-08-04 14:38:43,11,121215,-69533,-39386,-9708
2026-08-04 14:38:43,11,121258,-69180,-39315,-9693
2026-08-04 14:38:43,11,121300,-68825,-39243,-9670
2026-08-04 14:38:43,11,121340,-68477,-39173,-9643
2026-08-04 14:38:43,11,121378,-68124,-39102,-9615
2026-08-04 14:38:43,11,121415,-67768,-39030,-9593
2026-08-04 14:38:44,11,121452,-67409,-38958,-9574
2026-08-04 14:38:44,11,121486,-67056,-38887,-9553
2026-08-04 14:38:44,11,121520,-66703,-38817,-9537
2026-08-04 14:38:44,11,121552,-66349,-38746,-9523
2026-08-04 14:38:44,11,121584,-65998,-38675,-9509
2026-08-04 14:38:44,11,121615,-65642,-38603,-9500
2026-08-04 14:38:44,11,121646,-65287,-38532,-9491
2026-08-04 14:38:44,11,121676,-64927,-38459,-9483
2026-08-04 14:38:44,11,121706,-64570,-38388,-9475
2026-08-04 14:38:44,11,121735,-64212,-38317,-9470
2026-08-04 14:38:45,11,121764,-63861,-38247,-9471
2026-08-04 14:38:45,11,121794,-63509,-38176,-9477
2026-08-04 14:38:45,11,121824,-63154,-38104,-9483
2026-08-04 14:38:45,11,121854,-62801,-38033,-9493
2026-08-04 14:38:45,11,121885,-62453,-37963,-9510
2026-08-04 14:38:45,11,121917,-62096,-37891,-9525
2026-08-04 14:38:45,11,121951,-61736,-37818,-9537
2026-08-04 14:38:45,11,121985,-61379,-37746,-9550
2026-08-04 14:38:45,11,122020,-61021,-37674,-9562
2026-08-04 14:38:45,11,122056,-60668,-37603,-9572
2026-08-04 14:38:46,11,122092,-60313,-37532,-9585
2026-08-04 14:38:46,11,122129,-59960,-37462,-9603
2026-08-04 14:38:46,11,122167,-59609,-37391,-9619
2026-08-04 14:38:46,11,122206,-59255,-37319,-9635
2026-08-04 14:38:46,11,122246,-58902,-37246,-9647
2026-08-04 14:38:46,11,122288,-58543,-37172,-9664
2026-08-04 14:38:46,11,122330,-58188,-37098,-9682
2026-08-04 14:38:46,11,122373,-57836,-37026,-9705
2026-08-04 14:38:46,11,122418,-57486,-36954,-9732
2026-08-04 14:38:46,11,122464,-57133,-36879,-9755
2026-08-04 14:38:47,11,122512,-56779,-36805,-9775
2026-08-04 14:38:47,11,122562,-56422,-36729,-9792
2026-08-04 14:38:47,11,122612,-56066,-36655,-9807
2026-08-04 14:38:47,11,122663,-55712,-36580,-9821
2026-08-04 14:38:47,11,122715,-55357,-36504,-9837
2026-08-04 14:38:47,11,122767,-55008,-36430,-9850
2026-08-04 14:38:47,11,122820,-54658,-36355,-9858
2026-08-04 14:38:47,11,122873,-54307,-36280,-9860
2026-08-04 14:38:47,11,122925,-53964,-36207,-9861
2026-08-04 14:38:47,11,122979,-53605,-36132,-9856
2026-08-04 14:38:48,11,123033,-53248,-36057,-9847
2026-08-04 14:38:48,11,123085,-52894,-35984,-9833
2026-08-04 14:38:48,11,123136,-52540,-35911,-9821
2026-08-04 14:38:48,11,123186,-52187,-35839,-9810
2026-08-04 14:38:48,11,123236,-51832,-35766,-9798
2026-08-04 14:38:48,11,123286,-51476,-35694,-9789
2026-08-04 14:38:48,11,123335,-51118,-35621,-9782
2026-08-04 14:38:48,11,123383,-50766,-35549,-9782
2026-08-04 14:38:48,11,123432,-50415,-35477,-9792
2026-08-04 14:38:48,11,123481,-50065,-35405,-9804
2026-08-04 14:38:49,11,123532,-49713,-35332,-9821
2026-08-04 14:38:49,11,123584,-49360,-35259,-9840
2026-08-04 14:38:49,11,123636,-49008,-35187,-9857
2026-08-04 14:38:49,11,123690,-48654,-35114,-9873
2026-08-04 14:38:49,11,123746,-48296,-35039,-9890
2026-08-04 14:38:49,11,123802,-47943,-34966,-9907
2026-08-04 14:38:49,11,123859,-47592,-34893,-9928
2026-08-04 14:38:49,11,123917,-47244,-34820,-9950
2026-08-04 14:38:49,11,123978,-46888,-34745,-9971
2026-08-04 14:38:49,11,124039,-46536,-34671,-9995
2026-08-04 14:38:50,11,124101,-46187,-34598,-10022
2026-08-04 14:38:50,11,124166,-45833,-34523,-10047
2026-08-04 14:38:50,11,124232,-45482,-34450,-10071
2026-08-04 14:38:50,11,124298,-45139,-34378,-10097
2026-08-04 14:38:50,11,124367,-44788,-34305,-10121
2026-08-04 14:38:50,11,124438,-44438,-34232,-10146
2026-08-04 14:38:50,11,124511,-44086,-34159,-10172
2026-08-04 14:38:50,11,124584,-43735,-34086,-10196
2026-08-04 14:38:50,11,124660,-43386,-34014,-10221
2026-08-04 14:38:50,11,124736,-43038,-33942,-10245
2026-08-04 14:38:51,11,124813,-42693,-33871,-10271
2026-08-04 14:38:51,11,124893,-42344,-33799,-10297
2026-08-04 14:38:51,11,124976,-41989,-33726,-10323
2026-08-04 14:38:51,11,125060,-41640,-33655,-10350
2026-08-04 14:38:51,11,125143,-41295,-33584,-10374
2026-08-04 14:38:51,11,125230,-40948,-33513,-10401
2026-08-04 14:38:51,11,125316,-40604,-33442,-10425
2026-08-04 14:38:51,11,125405,-40258,-33372,-10450
2026-08-04 14:38:51,11,125497,-39910,-33300,-10476
2026-08-04 14:38:51,11,125589,-39564,-33228,-10502
2026-08-04 14:38:52,11,125682,-39222,-33157,-10527
2026-08-04 14:38:52,11,125779,-38871,-33084,-10552
2026-08-04 14:38:52,11,125875,-38531,-33012,-10583
2026-08-04 14:38:52,11,125973,-38188,-32938,-10610
2026-08-04 14:38:52,11,126073,-37846,-32864,-10633
2026-08-04 14:38:52,11,126175,-37500,-32790,-10657
2026-08-04 14:38:52,11,126280,-37155,-32715,-10685
2026-08-04 14:38:52,11,126384,-36812,-32640,-10711
2026-08-04 14:38:52,11,126491,-36470,-32565,-10739
2026-08-04 14:38:52,11,126599,-36127,-32490,-10755
2026-08-04 14:38:53,11,126707,-35789,-32415,-10764
2026-08-04 14:38:53,11,126815,-35450,-32340,-10762
2026-08-04 14:38:53,11,126922,-35110,-32265,-10754
2026-08-04 14:38:53,11,127028,-34774,-32190,-10745
2026-08-04 14:38:53,11,127135,-34434,-32116,-10741
2026-08-04 14:38:53,11,127241,-34094,-32041,-10738
2026-08-04 14:38:53,11,127350,-33746,-31964,-10730
2026-08-04 14:38:53,11,127456,-33405,-31890,-10714
2026-08-04 14:38:53,11,127561,-33060,-31817,-10685
2026-08-04 14:38:53,11,127666,-32708,-31742,-10654
2026-08-04 14:38:54,11,127767,-32362,-31668,-10628
2026-08-04 14:38:54,11,127867,-32016,-31594,-10606
2026-08-04 14:38:54,11,127964,-31675,-31522,-10581
2026-08-04 14:38:54,11,128061,-31331,-31449,-10561
2026-08-04 14:38:54,11,128157,-30983,-31376,-10542
2026-08-04 14:38:54,11,128252,-30636,-31303,-10518
2026-08-04 14:38:54,11,128345,-30292,-31230,-10499
2026-08-04 14:38:54,11,128436,-29949,-31158,-10488
2026-08-04 14:38:54,11,128526,-29609,-31086,-10479
2026-08-04 14:38:54,11,128616,-29266,-31014,-10472
2026-08-04 14:38:55,11,128707,-28919,-30941,-10468
2026-08-04 14:38:55,11,128798,-28571,-30868,-10461
2026-08-04 14:38:55,11,128888,-28224,-30795,-10449
2026-08-04 14:38:55,11,128977,-27877,-30722,-10438
2026-08-04 14:38:55,11,129066,-27530,-30649,-10432
2026-08-04 14:38:55,11,129153,-27190,-30578,-10426
2026-08-04 14:38:55,11,129238,-26852,-30507,-10419
2026-08-04 14:38:55,11,129325,-26510,-30436,-10414
2026-08-04 14:38:55,11,129411,-26165,-30364,-10408
2026-08-04 14:38:55,11,129497,-25823,-30292,-10407
2026-08-04 14:38:56,11,129583,-25479,-30221,-10408
2026-08-04 14:38:56,11,129671,-25128,-30149,-10408
2026-08-04 14:38:56,11,129758,-24782,-30077,-10409
2026-08-04 14:38:56,11,129844,-24442,-30007,-10412
2026-08-04 14:38:56,11,129931,-24096,-29936,-10414
2026-08-04 14:38:56,11,130019,-23748,-29864,-10411
2026-08-04 14:38:56,11,130106,-23401,-29792,-10411
2026-08-04 14:38:56,11,130192,-23057,-29720,-10409
2026-08-04 14:38:56,11,130278,-22714,-29648,-10411
2026-08-04 14:38:56,11,130365,-22369,-29576,-10418
2026-08-04 14:38:57,11,130452,-22027,-29503,-10426
2026-08-04 14:38:57,11,130540,-21682,-29429,-10423
2026-08-04 14:38:57,11,130627,-21338,-29356,-10422
2026-08-04 14:38:57,11,130715,-20991,-29281,-10421
2026-08-04 14:38:57,11,130802,-20646,-29207,-10417
2026-08-04 14:38:57,11,130891,-20296,-29131,-10417
2026-08-04 14:38:57,11,130985,-19921,-29049,-10420
2026-08-04 14:38:57,11,131069,-19591,-28977,-10423
2026-08-04 14:38:57,11,131158,-19242,-28901,-10427
2026-08-04 14:38:57,11,131246,-18895,-28826,-10430
2026-08-04 14:38:58,11,131336,-18544,-28751,-10430
2026-08-04 14:38:58,11,131426,-18190,-28675,-10430
2026-08-04 14:38:58,11,131513,-17847,-28601,-10429
2026-08-04 14:38:58,11,131601,-17502,-28527,-10428
2026-08-04 14:38:58,11,131690,-17152,-28453,-10428
2026-08-04 14:38:58,11,131780,-16800,-28379,-10427
2026-08-04 14:38:58,11,131867,-16457,-28307,-10428
2026-08-04 14:38:58,11,131954,-16115,-28235,-10432
2026-08-04 14:38:58,11,132043,-15770,-28164,-10433
2026-08-04 14:38:58,11,132129,-15431,-28094,-10432
2026-08-04 14:38:59,11,132216,-15091,-28024,-10432
2026-08-04 14:38:59,11,132303,-14751,-27955,-10431
2026-08-04 14:38:59,11,132389,-14414,-27886,-10430
2026-08-04 14:38:59,11,132478,-14065,-27814,-10435
2026-08-04 14:38:59,11,132566,-13722,-27743,-10440
2026-08-04 14:38:59,11,132656,-13374,-27671,-10444
2026-08-04 14:38:59,11,132745,-13028,-27599,-10447
2026-08-04 14:38:59,11,132832,-12689,-27530,-10444
2026-08-04 14:38:59,11,132918,-12355,-27461,-10440
2026-08-04 14:38:59,11,133004,-12022,-27392,-10441
2026-08-04 14:39:00,11,133091,-11685,-27322,-10454
2026-08-04 14:39:00,11,133183,-11334,-27249,-10474
2026-08-04 14:39:00,11,133267,-11015,-27183,-10503
2026-08-04 14:39:00,11,133359,-10680,-27113,-10542
2026-08-04 14:39:00,11,133451,-10350,-27045,-10585
2026-08-04 14:39:00,11,133547,-10018,-26975,-10624
2026-08-04 14:39:00,11,133646,-9684,-26904,-10665
2026-08-04 14:39:00,11,133748,-9349,-26834,-10706
2026-08-04 14:39:00,11,133855,-9006,-26763,-10748
2026-08-04 14:39:00,11,133959,-8680,-26695,-10789
2026-08-04 14:39:01,11,134068,-8347,-26626,-10833
2026-08-04 14:39:01,11,134181,-8011,-26555,-10872
2026-08-04 14:39:01,11,134292,-7687,-26487,-10907
2026-08-04 14:39:01,11,134407,-7358,-26417,-10931
2026-08-04 14:39:01,11,134524,-7027,-26346,-10941
2026-08-04 14:39:01,11,134641,-6694,-26275,-10938
2026-08-04 14:39:01,11,134757,-6364,-26205,-10933
2026-08-04 14:39:01,11,134872,-6035,-26134,-10923
2026-08-04 14:39:01,11,134985,-5710,-26064,-10909
2026-08-04 14:39:01,11,135096,-5389,-25995,-10893
2026-08-04 14:39:02,11,135208,-5058,-25923,-10870
2026-08-04 14:39:02,11,135315,-4739,-25854,-10843
2026-08-04 14:39:02,11,135424,-4409,-25782,-10816
2026-08-04 14:39:02,11,135531,-4080,-25710,-10798
2026-08-04 14:39:02,11,135639,-3747,-25636,-10778
2026-08-04 14:39:02,11,135743,-3418,-25563,-10761
2026-08-04 14:39:02,11,135849,-3086,-25489,-10746
2026-08-04 14:39:02,11,135951,-2759,-25417,-10727
2026-08-04 14:39:02,11,136053,-2428,-25344,-10702
2026-08-04 14:39:02,11,136152,-2100,-25272,-10669
2026-08-04 14:39:03,11,136251,-1766,-25199,-10640
2026-08-04 14:39:03,11,136349,-1430,-25126,-10610
2026-08-04 14:39:03,11,136440,-1109,-25057,-10579
2026-08-04 14:39:03,11,136532,-781,-24985,-10548
2026-08-04 14:39:03,11,136622,-452,-24914,-10516
2026-08-04 14:39:03,11,136712,-115,-24840,-10484
2026-08-04 14:39:03,11,136797,208,-24770,-10455
2026-08-04 14:39:03,11,136882,542,-24697,-10423
2026-08-04 14:39:03,11,136965,871,-24627,-10394
2026-08-04 14:39:03,11,137047,1207,-24556,-10363
2026-08-04 14:39:04,11,137130,1553,-24484,-10334
2026-08-04 14:39:04,11,137210,1893,-24413,-10315
2026-08-04 14:39:04,11,137288,2231,-24342,-10309
2026-08-04 14:39:04,11,137367,2570,-24271,-10302
2026-08-04 14:39:04,11,137444,2904,-24200,-10294
2026-08-04 14:39:04,11,137522,3244,-24128,-10287
2026-08-04 14:39:04,11,137598,3579,-24057,-10274
2026-08-04 14:39:04,11,137676,3924,-23984,-10253
2026-08-04 14:39:04,11,137751,4268,-23911,-10225
2026-08-04 14:39:04,11,137824,4609,-23840,-10193
2026-08-04 14:39:05,11,137896,4954,-23768,-10163
2026-08-04 14:39:05,11,137965,5294,-23698,-10135
2026-08-04 14:39:05,11,138033,5637,-23627,-10110
2026-08-04 14:39:05,11,138100,5981,-23555,-10093
2026-08-04 14:39:05,11,138168,6334,-23481,-10085
2026-08-04 14:39:05,11,138236,6687,-23407,-10086
2026-08-04 14:39:05,11,138303,7035,-23334,-10096
2026-08-04 14:39:05,11,138371,7384,-23262,-10109
2026-08-04 14:39:05,11,138440,7733,-23189,-10117
2026-08-04 14:39:05,11,138509,8082,-23116,-10128
2026-08-04 14:39:06,11,138579,8430,-23044,-10141
2026-08-04 14:39:06,11,138649,8776,-22973,-10160
2026-08-04 14:39:06,11,138722,9127,-22900,-10183
2026-08-04 14:39:06,11,138796,9474,-22829,-10204
2026-08-04 14:39:06,11,138870,9822,-22758,-10219
2026-08-04 14:39:06,11,138946,10169,-22687,-10232
2026-08-04 14:39:06,11,139023,10519,-22616,-10245
2026-08-04 14:39:06,11,139099,10863,-22545,-10255
2026-08-04 14:39:06,11,139176,11207,-22474,-10266
2026-08-04 14:39:06,11,139253,11548,-22403,-10277
2026-08-04 14:39:07,11,139331,11889,-22332,-10287
2026-08-04 14:39:07,11,139409,12233,-22260,-10291
2026-08-04 14:39:07,11,139488,12577,-22188,-10288
2026-08-04 14:39:07,11,139568,12927,-22115,-10277
2026-08-04 14:39:07,11,139647,13276,-22042,-10259
2026-08-04 14:39:07,11,139724,13624,-21968,-10239
2026-08-04 14:39:07,11,139799,13972,-21895,-10218
2026-08-04 14:39:07,11,139874,14319,-21821,-10195
2026-08-04 14:39:07,11,139946,14665,-21747,-10171
2026-08-04 14:39:07,11,140017,15009,-21672,-10152
2026-08-04 14:39:08,11,140088,15360,-21596,-10136
2026-08-04 14:39:08,11,140158,15709,-21521,-10131
2026-08-04 14:39:08,11,140227,16054,-21447,-10134
2026-08-04 14:39:08,11,140297,16404,-21373,-10144
2026-08-04 14:39:08,11,140369,16754,-21298,-10152
2026-08-04 14:39:08,11,140439,17097,-21225,-10155
2026-08-04 14:39:08,11,140511,17450,-21150,-10153
2026-08-04 14:39:08,11,140582,17800,-21076,-10143
2026-08-04 14:39:08,11,140652,18151,-21002,-10120
2026-08-04 14:39:09,11,140721,18504,-20928,-10089
2026-08-04 14:39:09,11,140787,18850,-20856,-10055
2026-08-04 14:39:09,11,140851,19198,-20784,-10024
2026-08-04 14:39:09,11,140912,19544,-20712,-9995
2026-08-04 14:39:09,11,140974,19901,-20639,-9974
2026-08-04 14:39:09,11,141034,20252,-20567,-9967
2026-08-04 14:39:09,11,141094,20604,-20496,-9969
2026-08-04 14:39:09,11,141155,20956,-20424,-9978
2026-08-04 14:39:09,11,141215,21305,-20353,-9989
2026-08-04 14:39:10,11,141338,22004,-20212,-10003
2026-08-04 14:39:10,11,141400,22351,-20142,-10008
2026-08-04 14:39:10,11,141462,22698,-20072,-10015
2026-08-04 14:39:10,11,141524,23045,-20002,-10020
2026-08-04 14:39:10,11,141587,23396,-19930,-10026
2026-08-04 14:39:10,11,141651,23744,-19858,-10037
2026-08-04 14:39:10,11,141715,24093,-19787,-10048
2026-08-04 14:39:10,11,141781,24446,-19714,-10058
2026-08-04 14:39:10,11,141847,24799,-19642,-10068
2026-08-04 14:39:10,11,141913,25145,-19570,-10075
2026-08-04 14:39:11,11,141978,25488,-19499,-10083
2026-08-04 14:39:11,11,142045,25836,-19428,-10091
2026-08-04 14:39:11,11,142112,26185,-19355,-10100
2026-08-04 14:39:11,11,142181,26537,-19281,-10105
2026-08-04 14:39:11,11,142249,26884,-19209,-10110
2026-08-04 14:39:11,11,142318,27232,-19136,-10120
2026-08-04 14:39:11,11,142386,27576,-19063,-10129
2026-08-04 14:39:11,11,142455,27923,-18990,-10132
2026-08-04 14:39:11,11,142524,28266,-18918,-10142
2026-08-04 14:39:11,11,142596,28618,-18845,-10149
2026-08-04 14:39:12,11,142667,28968,-18772,-10156
2026-08-04 14:39:12,11,142740,29322,-18698,-10164
2026-08-04 14:39:12,11,142813,29677,-18624,-10172
2026-08-04 14:39:12,11,142885,30025,-18552,-10181
2026-08-04 14:39:12,11,142958,30371,-18479,-10188
2026-08-04 14:39:12,11,143031,30718,-18407,-10197
2026-08-04 14:39:12,11,143105,31066,-18334,-10204
2026-08-04 14:39:12,11,143181,31420,-18261,-10206
2026-08-04 14:39:12,11,143254,31764,-18189,-10209
2026-08-04 14:39:12,11,143329,32113,-18117,-10213
2026-08-04 14:39:13,11,143405,32464,-18044,-10218
2026-08-04 14:39:13,11,143479,32808,-17972,-10223
2026-08-04 14:39:13,11,143555,33156,-17900,-10226
2026-08-04 14:39:13,11,143630,33502,-17827,-10229
2026-08-04 14:39:13,11,143705,33848,-17754,-10226
2026-08-04 14:39:13,11,143781,34195,-17681,-10223
2026-08-04 14:39:13,11,143856,34543,-17609,-10223
2026-08-04 14:39:13,11,143932,34892,-17536,-10222
2026-08-04 14:39:13,11,144007,35239,-17464,-10223
2026-08-04 14:39:13,11,144083,35589,-17390,-10223
2026-08-04 14:39:14,11,144159,35939,-17316,-10219
2026-08-04 14:39:14,11,144233,36282,-17243,-10219
2026-08-04 14:39:14,11,144307,36624,-17170,-10223
2026-08-04 14:39:14,11,144382,36970,-17096,-10221
2026-08-04 14:39:14,11,144458,37322,-17021,-10214
2026-08-04 14:39:14,11,144533,37673,-16946,-10215
2026-08-04 14:39:14,11,144608,38019,-16872,-10215
2026-08-04 14:39:14,11,144683,38369,-16798,-10211
2026-08-04 14:39:14,11,144757,38713,-16725,-10209
2026-08-04 14:39:14,11,144831,39060,-16650,-10207
2026-08-04 14:39:15,11,144906,39411,-16575,-10207
2026-08-04 14:39:15,11,144982,39763,-16499,-10209
2026-08-04 14:39:15,11,145058,40117,-16421,-10208
2026-08-04 14:39:15,11,145132,40465,-16346,-10206
2026-08-04 14:39:15,11,145207,40815,-16269,-10206
2026-08-04 14:39:15,11,145281,41164,-16194,-10205
2026-08-04 14:39:15,11,145356,41514,-16118,-10203
2026-08-04 14:39:15,11,145431,41866,-16042,-10202
2026-08-04 14:39:15,11,145506,42218,-15967,-10203
2026-08-04 14:39:15,11,145581,42567,-15892,-10201
2026-08-04 14:39:16,11,145655,42919,-15817,-10203
2026-08-04 14:39:16,11,145731,43274,-15742,-10200
2026-08-04 14:39:16,11,145805,43621,-15668,-10197
2026-08-04 14:39:16,11,145878,43967,-15595,-10195
2026-08-04 14:39:16,11,145951,44312,-15523,-10197
2026-08-04 14:39:16,11,146024,44656,-15450,-10195
2026-08-04 14:39:16,11,146098,45005,-15376,-10195
2026-08-04 14:39:16,11,146173,45358,-15302,-10196
2026-08-04 14:39:16,11,146247,45710,-15229,-10195
2026-08-04 14:39:16,11,146322,46063,-15156,-10192
2026-08-04 14:39:17,11,146396,46414,-15083,-10191
2026-08-04 14:39:17,11,146471,46767,-15009,-10191
2026-08-04 14:39:17,11,146545,47120,-14936,-10188
2026-08-04 14:39:17,11,146618,47467,-14864,-10189
2026-08-04 14:39:17,11,146691,47814,-14793,-10187
2026-08-04 14:39:17,11,146764,48163,-14721,-10185
2026-08-04 14:39:17,11,146838,48513,-14649,-10183
2026-08-04 14:39:17,11,146910,48860,-14576,-10181
2026-08-04 14:39:17,11,146983,49205,-14504,-10176
2026-08-04 14:39:17,11,147055,49554,-14431,-10178
2026-08-04 14:39:18,11,147127,49898,-14360,-10184
2026-08-04 14:39:18,11,147199,50242,-14289,-10184
2026-08-04 14:39:18,11,147271,50586,-14218,-10183
2026-08-04 14:39:18,11,147343,50929,-14148,-10183
2026-08-04 14:39:18,11,147417,51282,-14075,-10180
2026-08-04 14:39:18,11,147491,51634,-14003,-10176
2026-08-04 14:39:18,11,147563,51983,-13931,-10175
2026-08-04 14:39:18,11,147636,52335,-13857,-10170
2026-08-04 14:39:18,11,147707,52676,-13784,-10168
2026-08-04 14:39:18,11,147779,53025,-13711,-10169
2026-08-04 14:39:19,11,147850,53368,-13639,-10167
2026-08-04 14:39:19,11,147922,53717,-13567,-10165
2026-08-04 14:39:19,11,147994,54063,-13495,-10165
2026-08-04 14:39:19,11,148066,54416,-13422,-10161
2026-08-04 14:39:19,11,148139,54771,-13349,-10157
2026-08-04 14:39:19,11,148210,55116,-13278,-10155
2026-08-04 14:39:19,11,148280,55462,-13207,-10154
2026-08-04 14:39:19,11,148352,55811,-13135,-10148
2026-08-04 14:39:19,11,148422,56160,-13062,-10144
2026-08-04 14:39:19,11,148494,56512,-12989,-10142
2026-08-04 14:39:20,11,148564,56861,-12917,-10139
2026-08-04 14:39:20,11,148634,57211,-12844,-10136
2026-08-04 14:39:20,11,148705,57562,-12771,-10135
2026-08-04 14:39:20,11,148776,57916,-12697,-10134
2026-08-04 14:39:20,11,148847,58267,-12624,-10132
2026-08-04 14:39:20,11,148917,58618,-12551,-10129
2026-08-04 14:39:20,11,148986,58968,-12478,-10127
2026-08-04 14:39:20,11,149060,59338,-12400,-10123
2026-08-04 14:39:20,11,149126,59668,-12332,-10119
2026-08-04 14:39:20,11,149195,60017,-12259,-10121
2026-08-04 14:39:21,11,149264,60368,-12187,-10120
2026-08-04 14:39:21,11,149334,60722,-12114,-10117
2026-08-04 14:39:21,11,149403,61067,-12043,-10115
2026-08-04 14:39:21,11,149474,61429,-11969,-10114
2026-08-04 14:39:21,11,149545,61791,-11895,-10112
2026-08-04 14:39:21,11,149618,62163,-11820,-10111
2026-08-04 14:39:21,11,149689,62525,-11747,-10107
2026-08-04 14:39:21,11,149762,62897,-11672,-10107
2026-08-04 14:39:21,11,149836,63274,-11597,-10106
2026-08-04 14:39:21,11,149912,63661,-11518,-10103
2026-08-04 14:39:22,11,149987,64050,-11439,-10098
2026-08-04 14:39:22,11,150063,64441,-11358,-10097
2026-08-04 14:39:22,11,150139,64832,-11278,-10094
2026-08-04 14:39:22,11,150217,65236,-11195,-10090
2026-08-04 14:39:22,11,150295,65640,-11112,-10085
2026-08-04 14:39:22,11,150371,66036,-11029,-10084
2026-08-04 14:39:22,11,150446,66431,-10946,-10082
2026-08-04 14:39:22,11,150521,66820,-10864,-10079
2026-08-04 14:39:22,11,150594,67205,-10782,-10072
2026-08-04 14:39:22,11,150668,67597,-10700,-10070
2026-08-04 14:39:23,11,150741,67986,-10620,-10065
2026-08-04 14:39:23,11,150815,68376,-10540,-10061
2026-08-04 14:39:23,11,150888,68764,-10460,-10063
2026-08-04 14:39:23,11,150961,69155,-10380,-10063
2026-08-04 14:39:23,11,151032,69533,-10303,-10060
2026-08-04 14:39:23,11,151103,69911,-10225,-10056
2026-08-04 14:39:23,11,151173,70288,-10147,-10049
2026-08-04 14:39:23,11,151240,70651,-10073,-10045
2026-08-04 14:39:23,11,151306,71011,-9998,-10043
2026-08-04 14:39:23,11,151373,71372,-9923,-10042
2026-08-04 14:39:24,11,151439,71734,-9849,-10040
2026-08-04 14:39:24,11,151508,72106,-9772,-10040
2026-08-04 14:39:24,11,151575,72472,-9697,-10036
2026-08-04 14:39:24,11,151641,72834,-9621,-10033
2026-08-04 14:39:24,11,151707,73196,-9544,-10031
2026-08-04 14:39:24,11,151772,73554,-9468,-10029
2026-08-04 14:39:24,11,151836,73909,-9394,-10027
2026-08-04 14:39:24,11,151901,74265,-9319,-10022
2026-08-04 14:39:24,11,151965,74619,-9245,-10017
2026-08-04 14:39:24,11,152028,74975,-9170,-10012
2026-08-04 14:39:25,11,152092,75329,-9096,-10004
2026-08-04 14:39:25,11,152154,75683,-9022,-9995
2026-08-04 14:39:25,11,152216,76036,-8948,-9985
2026-08-04 14:39:25,11,152277,76389,-8875,-9975
2026-08-04 14:39:25,11,152338,76741,-8802,-9967
2026-08-04 14:39:25,11,152397,77090,-8728,-9963
2026-08-04 14:39:25,11,152456,77439,-8654,-9958
2026-08-04 14:39:25,11,152515,77791,-8580,-9950
2026-08-04 14:39:25,11,152574,78144,-8506,-9945
2026-08-04 14:39:25,11,152634,78503,-8430,-9940
2026-08-04 14:39:26,11,152693,78859,-8355,-9940
2026-08-04 14:39:26,11,152753,79218,-8279,-9946
2026-08-04 14:39:26,11,152812,79572,-8205,-9951
2026-08-04 14:39:26,11,152871,79928,-8131,-9956
2026-08-04 14:39:26,11,152931,80283,-8056,-9965
2026-08-04 14:39:26,11,152992,80636,-7982,-9976
2026-08-04 14:39:26,11,153052,80985,-7908,-9983
2026-08-04 14:39:26,11,153113,81336,-7834,-9990
2026-08-04 14:39:26,11,153173,81681,-7760,-10003
2026-08-04 14:39:26,11,153235,82030,-7686,-10014
2026-08-04 14:39:27,11,153297,82373,-7614,-10026
2026-08-04 14:39:27,11,153361,82727,-7540,-10037
2026-08-04 14:39:27,11,153426,83078,-7467,-10052
2026-08-04 14:39:27,11,153492,83434,-7393,-10068
2026-08-04 14:39:27,11,153560,83790,-7319,-10082
2026-08-04 14:39:27,11,153626,84138,-7247,-10095
2026-08-04 14:39:27,11,153695,84491,-7174,-10106
2026-08-04 14:39:27,11,153763,84838,-7102,-10116
2026-08-04 14:39:27,11,153831,85185,-7030,-10127
2026-08-04 14:39:27,11,153900,85530,-6959,-10140
2026-08-04 14:39:28,11,153971,85877,-6887,-10153
2026-08-04 14:39:28,11,154047,86251,-6809,-10166
2026-08-04 14:39:28,11,154115,86579,-6741,-10178
2026-08-04 14:39:28,11,154188,86927,-6668,-10187
2026-08-04 14:39:28,11,154260,87269,-6597,-10196
2026-08-04 14:39:28,11,154333,87614,-6526,-10204
2026-08-04 14:39:28,11,154407,87960,-6454,-10209
2026-08-04 14:39:28,11,154481,88307,-6382,-10210
2026-08-04 14:39:28,11,154556,88654,-6309,-10209
2026-08-04 14:39:28,11,154631,89007,-6234,-10203
2026-08-04 14:39:29,11,154706,89357,-6160,-10195
2026-08-04 14:39:29,11,154780,89710,-6084,-10188
2026-08-04 14:39:29,11,154851,90044,-6013,-10180
2026-08-04 14:39:29,11,154923,90391,-5939,-10175
2026-08-04 14:39:29,11,154995,90738,-5865,-10174
2026-08-04 14:39:29,11,155068,91089,-5790,-10170
2026-08-04 14:39:29,11,155139,91432,-5716,-10166
2026-08-04 14:39:29,11,155212,91784,-5641,-10162
2026-08-04 14:39:29,11,155284,92133,-5567,-10156
2026-08-04 14:39:29,11,155356,92484,-5494,-10153
2026-08-04 14:39:30,11,155428,92838,-5420,-10151
2026-08-04 14:39:30,11,155500,93191,-5345,-10149
2026-08-04 14:39:30,11,155570,93537,-5273,-10146
2026-08-04 14:39:30,11,155640,93884,-5201,-10145
2026-08-04 14:39:30,11,155711,94235,-5128,-10144
2026-08-04 14:39:30,11,155782,94585,-5055,-10142
2026-08-04 14:39:30,11,155851,94928,-4983,-10140
2026-08-04 14:39:30,11,155922,95278,-4909,-10139
2026-08-04 14:39:30,11,155993,95629,-4834,-10140
2026-08-04 14:39:30,11,156064,95983,-4758,-10138
2026-08-04 14:39:31,11,156135,96335,-4683,-10133
2026-08-04 14:39:31,11,156206,96687,-4608,-10132
2026-08-04 14:39:31,11,156277,97042,-4533,-10126
2026-08-04 14:39:31,11,156347,97394,-4458,-10124
2026-08-04 14:39:31,11,156416,97743,-4383,-10125
2026-08-04 14:39:31,11,156486,98095,-4308,-10123
2026-08-04 14:39:31,11,156555,98440,-4234,-10120
2026-08-04 14:39:31,11,156622,98780,-4162,-10118
2026-08-04 14:39:31,11,156690,99125,-4090,-10113
2026-08-04 14:39:31,11,156759,99473,-4017,-10107
2026-08-04 14:39:32,11,156827,99823,-3944,-10105
2026-08-04 14:39:32,11,156895,100171,-3873,-10104
2026-08-04 14:39:32,11,156964,100524,-3801,-10102
2026-08-04 14:39:32,11,157032,100872,-3731,-10101
2026-08-04 14:39:32,11,157100,101222,-3660,-10099
2026-08-04 14:39:32,11,157169,101579,-3589,-10094
2026-08-04 14:39:32,11,157236,101922,-3519,-10092
2026-08-04 14:39:32,11,157305,102281,-3447,-10089
2026-08-04 14:39:32,11,157373,102634,-3375,-10088
2026-08-04 14:39:32,11,157440,102985,-3304,-10087
2026-08-04 14:39:33,11,157505,103323,-3236,-10085
2026-08-04 14:39:33,11,157573,103677,-3164,-10082
2026-08-04 14:39:33,11,157639,104022,-3095,-10077
2026-08-04 14:39:33,11,157705,104368,-3025,-10071
2026-08-04 14:39:33,11,157769,104708,-2955,-10072
2026-08-04 14:39:33,11,157836,105062,-2882,-10067
2026-08-04 14:39:33,11,157900,105401,-2812,-10064
2026-08-04 14:39:33,11,157966,105752,-2739,-10060
2026-08-04 14:39:33,11,158031,106099,-2666,-10056
2026-08-04 14:39:33,11,158094,106440,-2595,-10053
2026-08-04 14:39:34,11,158157,106777,-2525,-10052
2026-08-04 14:39:34,11,158218,107104,-2458,-10048
2026-08-04 14:39:34,11,158278,107432,-2390,-10045
2026-08-04 14:39:34,11,158340,107767,-2320,-10042
2026-08-04 14:39:34,11,158398,108081,-2255,-10038
2026-08-04 14:39:34,11,158457,108404,-2187,-10036
2026-08-04 14:39:34,11,158516,108725,-2120,-10032
2026-08-04 14:39:34,11,158576,109054,-2051,-10029
2026-08-04 14:39:34,11,158637,109394,-1980,-10030
2026-08-04 14:39:34,11,158698,109728,-1910,-10030
2026-08-04 14:39:35,11,158758,110060,-1841,-10035
2026-08-04 14:39:35,11,158821,110401,-1771,-10035
2026-08-04 14:39:35,11,158885,110750,-1699,-10039
2026-08-04 14:39:35,11,158946,111087,-1629,-10044
2026-08-04 14:39:35,11,159009,111428,-1558,-10051
2026-08-04 14:39:35,11,159073,111772,-1486,-10062
2026-08-04 14:39:35,11,159137,112111,-1415,-10076
2026-08-04 14:39:35,11,159202,112455,-1343,-10092
2026-08-04 14:39:35,11,159268,112796,-1272,-10108
2026-08-04 14:39:35,11,159338,113150,-1198,-10126
2026-08-04 14:39:36,11,159407,113499,-1126,-10139
2026-08-04 14:39:36,11,159478,113851,-1052,-10152
2026-08-04 14:39:36,11,159552,114210,-977,-10163
2026-08-04 14:39:36,11,159622,114553,-905,-10167
2026-08-04 14:39:36,11,159694,114901,-831,-10169
2026-08-04 14:39:36,11,159766,115249,-758,-10173
2026-08-04 14:39:36,11,159837,115589,-686,-10176
2026-08-04 14:39:36,11,159909,115937,-612,-10177
2026-08-04 14:39:36,11,159981,116283,-540,-10178
2026-08-04 14:39:36,11,160054,116630,-466,-10170
2026-08-04 14:39:37,11,160126,116978,-393,-10159
2026-08-04 14:39:37,11,160198,117329,-318,-10142
2026-08-04 14:39:37,11,160269,117681,-244,-10123
2026-08-04 14:39:37,11,160337,118025,-171,-10107
2026-08-04 14:39:37,11,160404,118370,-98,-10091
2026-08-04 14:39:37,11,160472,118723,-23,-10077
2026-08-04 14:39:37,11,160538,119067,48,-10061
2026-08-04 14:39:37,11,160604,119423,123,-10041
2026-08-04 14:39:37,11,160667,119762,195,-10019
2026-08-04 14:39:37,11,160730,120113,270,-9992
2026-08-04 14:39:38,11,160791,120463,345,-9957
2026-08-04 14:39:38,11,160849,120810,418,-9917
2026-08-04 14:39:38,11,160905,121163,492,-9873
2026-08-04 14:39:38,11,160955,121491,560,-9827
2026-08-04 14:39:38,11,161004,121825,629,-9781
2026-08-04 14:39:38,11,161050,122165,699,-9737
2026-08-04 14:39:38,11,161093,122500,768,-9693
2026-08-04 14:39:38,11,161134,122840,837,-9650
2026-08-04 14:39:38,11,161170,123158,902,-9602
2026-08-04 14:39:38,11,161204,123477,967,-9556
2026-08-04 14:39:39,11,161235,123801,1033,-9507
2026-08-04 14:39:39,11,161263,124118,1097,-9461
2026-08-04 14:39:39,11,161287,124425,1159,-9413
2026-08-04 14:39:39,11,161308,124720,1218,-9363
2026-08-04 14:39:39,11,161327,125019,1277,-9313
2026-08-04 14:39:39,11,161342,125303,1334,-9257
2026-08-04 14:39:39,11,161355,125588,1391,-9189
2026-08-04 14:39:39,11,161364,125874,1447,-9118
2026-08-04 14:39:39,11,161370,126158,1504,-9039
2026-08-04 14:39:39,11,161371,126442,1561,-8949
2026-08-04 14:39:40,11,161368,126728,1618,-8852
2026-08-04 14:39:40,11,161360,127018,1676,-8746
2026-08-04 14:39:40,11,161346,127324,1738,-8633
2026-08-04 14:39:40,11,161326,127627,1799,-8510
2026-08-04 14:39:40,11,161299,127929,1861,-8377
2026-08-04 14:39:40,11,161266,128229,1922,-8245
2026-08-04 14:39:40,11,161227,128519,1981,-8109
2026-08-04 14:39:40,11,161182,128800,2038,-7974
2026-08-04 14:39:40,11,161131,129079,2096,-7838
2026-08-04 14:39:40,11,161070,129371,2156,-7695
2026-08-04 14:39:41,11,161003,129658,2216,-7550
2026-08-04 14:39:41,11,160927,129948,2277,-7402
2026-08-04 14:39:41,11,160845,130234,2336,-7254
2026-08-04 14:39:41,11,160760,130500,2392,-7110
2026-08-04 14:39:41,11,160670,130762,2447,-6962
2026-08-04 14:39:41,11,160575,131015,2501,-6820
2026-08-04 14:39:41,11,160370,131507,2605,-6528
2026-08-04 14:39:41,11,160258,131749,2656,-6391
2026-08-04 14:39:41,11,160136,131996,2709,-6252
2026-08-04 14:39:42,11,160013,132230,2759,-6108
2026-08-04 14:39:42,11,159620,132902,2906,-5829
2026-08-04 14:39:42,11,159485,133110,2953,-5695
2026-08-04 14:39:42,11,159485,133110,2953,-5564
2026-08-04 14:39:42,11,159196,133520,3047,-5428
2026-08-04 14:39:42,11,158889,133917,3141,-5169
2026-08-04 14:39:42,11,158889,133917,3141,-5039
2026-08-04 14:39:42,11,158566,134298,3234,-4913
2026-08-04 14:39:43,11,158410,134470,3276,-4784
2026-08-04 14:39:43,11,158084,134808,3362,-4538
2026-08-04 14:39:43,11,157921,134966,3404,-4414
2026-08-04 14:39:43,11,157751,135124,3446,-4295
2026-08-04 14:39:43,11,157584,135273,3486,-4176
2026-08-04 14:39:43,11,157410,135422,3528,-4063
2026-08-04 14:39:43,11,157248,135556,3566,-3953
2026-08-04 14:39:43,11,157082,135688,3604,-3844
2026-08-04 14:39:43,11,156917,135814,3642,-3740
2026-08-04 14:39:44,11,156766,135926,3676,-3637
2026-08-04 14:39:44,11,156611,136035,3710,-3535
2026-08-04 14:39:44,11,156457,136141,3744,-3438
2026-08-04 14:39:44,11,156301,136244,3777,-3342
2026-08-04 14:39:44,11,156154,136337,3808,-3251
2026-08-04 14:39:44,11,156005,136429,3840,-3162
2026-08-04 14:39:44,11,155858,136516,3870,-3074
2026-08-04 14:39:44,11,155708,136603,3901,-2992
2026-08-04 14:39:44,11,155573,136678,3929,-2907
2026-08-04 14:39:44,11,155437,136751,3956,-2818
2026-08-04 14:39:45,11,155298,136823,3984,-2734
2026-08-04 14:39:45,11,155155,136894,4012,-2647
2026-08-04 14:39:45,11,155014,136962,4039,-2560
2026-08-04 14:39:45,11,154870,137028,4067,-2471
2026-08-04 14:39:45,11,154724,137092,4095,-2378
2026-08-04 14:39:45,11,154564,137160,4126,-2287
2026-08-04 14:39:45,11,154404,137224,4156,-2195
2026-08-04 14:39:45,11,154244,137286,4186,-2097
2026-08-04 14:39:45,11,154072,137348,4218,-2000
2026-08-04 14:39:45,11,153901,137407,4249,-1897
2026-08-04 14:39:46,11,153732,137462,4280,-1793
2026-08-04 14:39:46,11,153558,137515,4311,-1688
2026-08-04 14:39:46,11,153369,137568,4345,-1581
2026-08-04 14:39:46,11,153173,137620,4380,-1474
2026-08-04 14:39:46,11,152976,137668,4415,-1368
2026-08-04 14:39:46,11,152764,137715,4452,-1260
2026-08-04 14:39:46,11,152550,137759,4489,-1153
2026-08-04 14:39:46,11,152341,137798,4525,-1052
2026-08-04 14:39:46,11,152123,137835,4563,-968
2026-08-04 14:39:46,11,151909,137868,4600,-891
2026-08-04 14:39:47,11,151694,137899,4637,-811
2026-08-04 14:39:47,11,151479,137927,4673,-734
2026-08-04 14:39:47,11,151240,137954,4714,-659
2026-08-04 14:39:47,11,151002,137979,4754,-581
2026-08-04 14:39:47,11,150759,138000,4794,-503
2026-08-04 14:39:47,11,150511,138018,4836,-426
2026-08-04 14:39:47,11,150243,138035,4880,-346
2026-08-04 14:39:47,11,149981,138047,4923,-264
2026-08-04 14:39:47,11,149718,138055,4967,-178
2026-08-04 14:39:47,11,149452,138059,5011,-91
2026-08-04 14:39:48,11,149183,138060,5056,-13
2026-08-04 14:39:48,11,148908,138058,5102,49
2026-08-04 14:39:48,11,148631,138052,5149,107
2026-08-04 14:39:48,11,148355,138045,5195,155
2026-08-04 14:39:48,11,148078,138035,5241,193
2026-08-04 14:39:48,11,147805,138025,5286,224
2026-08-04 14:39:48,11,147538,138013,5331,248
2026-08-04 14:39:48,11,147291,138002,5373,263
2026-08-04 14:39:48,11,147038,137990,5416,273
2026-08-04 14:39:48,11,146777,137977,5461,279
2026-08-04 14:39:49,11,146522,137964,5505,282
2026-08-04 14:39:49,11,146259,137951,5551,282
2026-08-04 14:39:49,11,146011,137939,5593,277
2026-08-04 14:39:49,11,145762,137928,5636,268
2026-08-04 14:39:49,11,145525,137917,5677,257
2026-08-04 14:39:49,11,145286,137907,5719,242
2026-08-04 14:39:49,11,145051,137898,5760,223
2026-08-04 14:39:49,11,144803,137889,5803,198
2026-08-04 14:39:49,11,144555,137882,5847,170
2026-08-04 14:39:49,11,144302,137876,5891,135
2026-08-04 14:39:50,11,144056,137871,5934,95
2026-08-04 14:39:50,11,143808,137869,5977,49
2026-08-04 14:39:50,11,143559,137869,6020,-1
2026-08-04 14:39:50,11,143313,137871,6063,-47
2026-08-04 14:39:50,11,143064,137875,6106,-94
2026-08-04 14:39:50,11,142810,137881,6150,-136
2026-08-04 14:39:50,11,142556,137888,6194,-175
2026-08-04 14:39:50,11,142303,137897,6237,-209
2026-08-04 14:39:50,11,142060,137907,6280,-237
2026-08-04 14:39:50,11,141815,137918,6323,-262
2026-08-04 14:39:51,11,141576,137930,6365,-284
2026-08-04 14:39:51,11,141333,137943,6408,-300
2026-08-04 14:39:51,11,141073,137957,6454,-312
2026-08-04 14:39:51,11,140811,137972,6500,-325
2026-08-04 14:39:51,11,140548,137988,6546,-339
2026-08-04 14:39:51,11,140282,138004,6592,-350
2026-08-04 14:39:51,11,140017,138020,6638,-359
2026-08-04 14:39:51,11,139751,138037,6685,-366
2026-08-04 14:39:51,11,139485,138055,6731,-371
2026-08-04 14:39:51,11,139199,138073,6781,-373
2026-08-04 14:39:52,11,138913,138092,6830,-378
2026-08-04 14:39:52,11,138622,138112,6880,-389
2026-08-04 14:39:52,11,138327,138133,6931,-405
2026-08-04 14:39:52,11,138029,138155,6982,-424
2026-08-04 14:39:52,11,137728,138178,7035,-450
2026-08-04 14:39:52,11,137424,138204,7088,-481
2026-08-04 14:39:52,11,137127,138230,7141,-516
2026-08-04 14:39:52,11,136820,138260,7194,-562
2026-08-04 14:39:52,11,136509,138293,7247,-610
2026-08-04 14:39:52,11,136192,138330,7301,-657
2026-08-04 14:39:53,11,135864,138370,7357,-700
2026-08-04 14:39:53,11,135533,138412,7413,-734
2026-08-04 14:39:53,11,135212,138455,7467,-752
2026-08-04 14:39:53,11,134885,138498,7523,-765
2026-08-04 14:39:53,11,134557,138543,7579,-776
2026-08-04 14:39:53,11,134224,138589,7636,-784
2026-08-04 14:39:53,11,133896,138635,7692,-794
2026-08-04 14:39:53,11,133568,138681,7748,-809
2026-08-04 14:39:53,11,133235,138730,7806,-829
2026-08-04 14:39:53,11,132899,138780,7864,-855
2026-08-04 14:39:54,11,132569,138831,7922,-885
2026-08-04 14:39:54,11,132222,138887,7982,-918
2026-08-04 14:39:54,11,131888,138943,8041,-952
2026-08-04 14:39:54,11,131547,139002,8100,-985
2026-08-04 14:39:54,11,131198,139064,8162,-1020
2026-08-04 14:39:54,11,130849,139129,8223,-1049
2026-08-04 14:39:54,11,130509,139194,8284,-1078
2026-08-04 14:39:54,11,130161,139261,8345,-1103
2026-08-04 14:39:54,11,129820,139329,8406,-1125
2026-08-04 14:39:54,11,129470,139399,8468,-1137
2026-08-04 14:39:55,11,129131,139468,8529,-1147
2026-08-04 14:39:55,11,128790,139538,8590,-1149
2026-08-04 14:39:55,11,128444,139608,8651,-1152
2026-08-04 14:39:55,11,128098,139679,8713,-1159
2026-08-04 14:39:55,11,127761,139749,8774,-1174
2026-08-04 14:39:55,11,127409,139823,8837,-1197
2026-08-04 14:39:55,11,127061,139899,8900,-1222
2026-08-04 14:39:55,11,126725,139973,8962,-1248
2026-08-04 14:39:55,11,126373,140052,9025,-1273
2026-08-04 14:39:55,11,126022,140133,9089,-1292
2026-08-04 14:39:56,11,125673,140214,9151,-1313
2026-08-04 14:39:56,11,125327,140295,9214,-1327
2026-08-04 14:39:56,11,124987,140376,9275,-1335
2026-08-04 14:39:56,11,124641,140459,9338,-1337
2026-08-04 14:39:56,11,124299,140540,9401,-1337
2026-08-04 14:39:56,11,123958,140621,9463,-1335
2026-08-04 14:39:56,11,123615,140702,9527,-1331
2026-08-04 14:39:56,11,123270,140783,9589,-1327
2026-08-04 14:39:56,11,122929,140864,9651,-1322
2026-08-04 14:39:56,11,122585,140944,9714,-1315
2026-08-04 14:39:57,11,122235,141026,9777,-1312
2026-08-04 14:39:57,11,121890,141106,9840,-1315
2026-08-04 14:39:57,11,121541,141188,9903,-1324
2026-08-04 14:39:57,11,121195,141270,9967,-1338
2026-08-04 14:39:57,11,120851,141354,10030,-1357
2026-08-04 14:39:57,11,120500,141439,10095,-1378
2026-08-04 14:39:57,11,120153,141526,10159,-1401
2026-08-04 14:39:57,11,119808,141613,10223,-1423
2026-08-04 14:39:57,11,119465,141701,10286,-1446
2026-08-04 14:39:57,11,119116,141792,10350,-1465
2026-08-04 14:39:58,11,118767,141884,10413,-1480
2026-08-04 14:39:58,11,118433,141973,10474,-1494
2026-08-04 14:39:58,11,118088,142066,10537,-1502
2026-08-04 14:39:58,11,117746,142158,10601,-1506
2026-08-04 14:39:58,11,117401,142251,10665,-1503
2026-08-04 14:39:58,11,117059,142342,10728,-1500
2026-08-04 14:39:58,11,116712,142435,10793,-1494
2026-08-04 14:39:58,11,116365,142527,10857,-1492
2026-08-04 14:39:58,11,116015,142621,10923,-1493
2026-08-04 14:39:58,11,115666,142714,10987,-1499
2026-08-04 14:39:59,11,115323,142807,11051,-1507
2026-08-04 14:39:59,11,114971,142902,11117,-1522
2026-08-04 14:39:59,11,114623,142998,11182,-1538
2026-08-04 14:39:59,11,114279,143093,11247,-1557
2026-08-04 14:39:59,11,113936,143190,11312,-1573
2026-08-04 14:39:59,11,113598,143286,11376,-1590
2026-08-04 14:39:59,11,113256,143384,11442,-1608
2026-08-04 14:39:59,11,112918,143483,11506,-1622
2026-08-04 14:39:59,11,112572,143584,11571,-1631
2026-08-04 14:39:59,11,112227,143685,11635,-1630
2026-08-04 14:40:00,11,111883,143785,11699,-1624
2026-08-04 14:40:00,11,111540,143884,11763,-1618
2026-08-04 14:40:00,11,111199,143983,11827,-1614
2026-08-04 14:40:00,11,110860,144081,11890,-1610
2026-08-04 14:40:00,11,110516,144180,11954,-1607
2026-08-04 14:40:00,11,110172,144279,12019,-1604
2026-08-04 14:40:00,11,109819,144381,12085,-1608
2026-08-04 14:40:00,11,109479,144479,12149,-1610
2026-08-04 14:40:00,11,109133,144580,12214,-1623
2026-08-04 14:40:00,11,108788,144681,12280,-1637
2026-08-04 14:40:01,11,108442,144783,12345,-1648
2026-08-04 14:40:01,11,108106,144883,12409,-1658
2026-08-04 14:40:01,11,107772,144983,12473,-1667
2026-08-04 14:40:01,11,107431,145086,12537,-1674
2026-08-04 14:40:01,11,107092,145188,12602,-1677
2026-08-04 14:40:01,11,106751,145291,12666,-1677
2026-08-04 14:40:01,11,106404,145395,12731,-1671
2026-08-04 14:40:01,11,106073,145494,12793,-1659
2026-08-04 14:40:01,11,105731,145595,12857,-1642
2026-08-04 14:40:01,11,105395,145693,12921,-1631
2026-08-04 14:40:02,11,105050,145794,12985,-1620
2026-08-04 14:40:02,11,104707,145893,13050,-1608
2026-08-04 14:40:02,11,104371,145989,13113,-1595
2026-08-04 14:40:02,11,104022,146088,13178,-1582
2026-08-04 14:40:02,11,103684,146183,13241,-1569
2026-08-04 14:40:02,11,103336,146281,13306,-1559
2026-08-04 14:40:02,11,102979,146380,13373,-1557
2026-08-04 14:40:02,11,102652,146471,13434,-1559
2026-08-04 14:40:02,11,102307,146568,13499,-1560
2026-08-04 14:40:02,11,101965,146663,13563,-1559
2026-08-04 14:40:03,11,101621,146759,13628,-1557
2026-08-04 14:40:03,11,101272,146856,13694,-1555
2026-08-04 14:40:03,11,100931,146951,13757,-1556
2026-08-04 14:40:03,11,100582,147048,13823,-1557
2026-08-04 14:40:03,11,100243,147143,13886,-1558
2026-08-04 14:40:03,11,99900,147239,13950,-1557
2026-08-04 14:40:03,11,99532,147341,14019,-1555
2026-08-04 14:40:03,11,99216,147429,14079,-1551
2026-08-04 14:40:03,11,98873,147524,14144,-1548
2026-08-04 14:40:03,11,98525,147620,14210,-1548
2026-08-04 14:40:04,11,98173,147718,14277,-1549
2026-08-04 14:40:04,11,97836,147811,14341,-1547
2026-08-04 14:40:04,11,97491,147907,14407,-1545
2026-08-04 14:40:04,11,97144,148003,14473,-1543
2026-08-04 14:40:04,11,96798,148098,14538,-1542
2026-08-04 14:40:04,11,96453,148193,14604,-1540
2026-08-04 14:40:04,11,96103,148289,14670,-1538
2026-08-04 14:40:04,11,95763,148383,14735,-1538
2026-08-04 14:40:04,11,95423,148476,14800,-1538
2026-08-04 14:40:04,11,95084,148570,14865,-1537
2026-08-04 14:40:05,11,94743,148664,14930,-1536
2026-08-04 14:40:05,11,94400,148758,14995,-1536
2026-08-04 14:40:05,11,94053,148853,15060,-1537
2026-08-04 14:40:05,11,93711,148947,15124,-1538
2026-08-04 14:40:05,11,93363,149043,15189,-1535
2026-08-04 14:40:05,11,93023,149136,15253,-1532
2026-08-04 14:40:05,11,92677,149231,15317,-1532
2026-08-04 14:40:05,11,92329,149326,15383,-1528
2026-08-04 14:40:05,11,91984,149420,15449,-1526
2026-08-04 14:40:05,11,91639,149514,15514,-1525
2026-08-04 14:40:06,11,91298,149607,15580,-1523
2026-08-04 14:40:06,11,90961,149699,15645,-1517
2026-08-04 14:40:06,11,90621,149791,15711,-1508
2026-08-04 14:40:06,11,90271,149885,15778,-1498
2026-08-04 14:40:06,11,89931,149975,15843,-1486
2026-08-04 14:40:06,11,89583,150067,15910,-1474
2026-08-04 14:40:06,11,89235,150158,15977,-1462
2026-08-04 14:40:06,11,88899,150245,16042,-1452
2026-08-04 14:40:06,11,88554,150334,16109,-1449
2026-08-04 14:40:06,11,88208,150424,16176,-1450
2026-08-04 14:40:07,11,87866,150512,16242,-1452
2026-08-04 14:40:07,11,87519,150602,16308,-1451
2026-08-04 14:40:07,11,87165,150694,16376,-1446
2026-08-04 14:40:07,11,86814,150784,16443,-1440
2026-08-04 14:40:07,11,86462,150874,16509,-1436
2026-08-04 14:40:07,11,86116,150963,16575,-1434
2026-08-04 14:40:07,11,85763,151053,16641,-1431
2026-08-04 14:40:07,11,85412,151142,16707,-1430
2026-08-04 14:40:07,11,85069,151230,16771,-1427
2026-08-04 14:40:07,11,84714,151320,16837,-1422
2026-08-04 14:40:08,11,84359,151410,16903,-1421
2026-08-04 14:40:08,11,84003,151500,16968,-1418
2026-08-04 14:40:08,11,83654,151588,17032,-1416
2026-08-04 14:40:08,11,83302,151677,17098,-1415
2026-08-04 14:40:08,11,82918,151773,17169,-1412
2026-08-04 14:40:08,11,82528,151871,17240,-1408
2026-08-04 14:40:08,11,82135,151970,17311,-1405
2026-08-04 14:40:08,11,81732,152070,17383,-1402
2026-08-04 14:40:08,11,81296,152179,17460,-1399
2026-08-04 14:40:08,11,80855,152289,17539,-1394
2026-08-04 14:40:09,11,80411,152399,17618,-1388
2026-08-04 14:40:09,11,79928,152518,17705,-1380
2026-08-04 14:40:09,11,79438,152637,17794,-1368
2026-08-04 14:40:09,11,78942,152757,17885,-1356
2026-08-04 14:40:09,11,78451,152875,17975,-1342
2026-08-04 14:40:09,11,77976,152987,18063,-1323
2026-08-04 14:40:09,11,77492,153099,18152,-1301
2026-08-04 14:40:09,11,77013,153209,18242,-1279
2026-08-04 14:40:09,11,76532,153317,18334,-1255
2026-08-04 14:40:09,11,76034,153426,18428,-1234
2026-08-04 14:40:10,11,75526,153536,18524,-1214
2026-08-04 14:40:10,11,75028,153642,18617,-1193
2026-08-04 14:40:10,11,74526,153747,18710,-1172
2026-08-04 14:40:10,11,74024,153850,18801,-1153
2026-08-04 14:40:10,11,73523,153951,18892,-1131
2026-08-04 14:40:10,11,73034,154047,18982,-1111
2026-08-04 14:40:10,11,72575,154136,19067,-1095
2026-08-04 14:40:10,11,72106,154227,19153,-1088
2026-08-04 14:40:10,11,71658,154313,19236,-1096
2026-08-04 14:40:10,11,71178,154407,19324,-1110
2026-08-04 14:40:11,11,70698,154502,19411,-1126
2026-08-04 14:40:11,11,70219,154599,19497,-1147
2026-08-04 14:40:11,11,69744,154697,19583,-1168
2026-08-04 14:40:11,11,69298,154790,19663,-1188
2026-08-04 14:40:11,11,68862,154883,19741,-1208
2026-08-04 14:40:11,11,68439,154974,19817,-1223
2026-08-04 14:40:11,11,68013,155067,19895,-1232
2026-08-04 14:40:11,11,67593,155159,19972,-1240
2026-08-04 14:40:11,11,67170,155252,20051,-1244
2026-08-04 14:40:11,11,66751,155345,20130,-1244
2026-08-04 14:40:12,11,66356,155432,20205,-1245
2026-08-04 14:40:12,11,65961,155520,20280,-1250
2026-08-04 14:40:12,11,65582,155604,20353,-1255
2026-08-04 14:40:12,11,65197,155690,20427,-1257
2026-08-04 14:40:12,11,64815,155775,20500,-1258
2026-08-04 14:40:12,11,64432,155861,20574,-1260
2026-08-04 14:40:12,11,64041,155948,20647,-1260
2026-08-04 14:40:12,11,63676,156030,20716,-1262
2026-08-04 14:40:12,11,63289,156117,20789,-1265
2026-08-04 14:40:12,11,62879,156209,20865,-1263
2026-08-04 14:40:13,11,62466,156301,20942,-1259
2026-08-04 14:40:13,11,62036,156397,21022,-1256
2026-08-04 14:40:13,11,61622,156489,21099,-1250
2026-08-04 14:40:13,11,61208,156580,21176,-1238
2026-08-04 14:40:13,11,60783,156673,21255,-1225
2026-08-04 14:40:13,11,60357,156765,21336,-1213
2026-08-04 14:40:13,11,59929,156857,21417,-1199
2026-08-04 14:40:13,11,59506,156946,21497,-1180
2026-08-04 14:40:13,11,59074,157035,21579,-1164
2026-08-04 14:40:13,11,58634,157125,21662,-1144
2026-08-04 14:40:14,11,58195,157213,21746,-1121
2026-08-04 14:40:14,11,57718,157306,21838,-1103
2026-08-04 14:40:14,11,57323,157382,21913,-1085
2026-08-04 14:40:14,11,56887,157465,21996,-1066
2026-08-04 14:40:14,11,56450,157547,22078,-1044
2026-08-04 14:40:14,11,56040,157621,22155,-1025
2026-08-04 14:40:14,11,55622,157696,22234,-1004
2026-08-04 14:40:14,11,55209,157768,22311,-983
2026-08-04 14:40:14,11,54801,157838,22387,-967
2026-08-04 14:40:14,11,54378,157910,22466,-952
2026-08-04 14:40:15,11,53959,157979,22544,-932
2026-08-04 14:40:15,11,53531,158049,22624,-914
2026-08-04 14:40:15,11,53133,158112,22698,-901
2026-08-04 14:40:15,11,52738,158174,22771,-891
2026-08-04 14:40:15,11,52344,158236,22844,-888
2026-08-04 14:40:15,11,51965,158295,22915,-891
2026-08-04 14:40:15,11,51566,158358,22990,-898
2026-08-04 14:40:15,11,51168,158421,23065,-899
2026-08-04 14:40:15,11,50785,158482,23137,-904
2026-08-04 14:40:15,11,50394,158544,23210,-911
2026-08-04 14:40:16,11,50021,158604,23281,-914
2026-08-04 14:40:16,11,49647,158665,23353,-916
2026-08-04 14:40:16,11,49279,158724,23423,-918
2026-08-04 14:40:16,11,48923,158782,23491,-919
2026-08-04 14:40:16,11,48568,158839,23558,-920
2026-08-04 14:40:16,11,48218,158896,23624,-920
2026-08-04 14:40:16,11,47864,158953,23691,-918
2026-08-04 14:40:16,11,47506,159011,23759,-915
2026-08-04 14:40:16,11,47145,159069,23828,-915
2026-08-04 14:40:16,11,46790,159126,23896,-915
2026-08-04 14:40:17,11,46452,159181,23960,-913
2026-08-04 14:40:17,11,46111,159236,24024,-916
2026-08-04 14:40:17,11,45771,159291,24089,-915
2026-08-04 14:40:17,11,45431,159345,24152,-913
2026-08-04 14:40:17,11,45086,159401,24217,-910
2026-08-04 14:40:17,11,44747,159455,24281,-905
2026-08-04 14:40:17,11,44401,159510,24345,-896
2026-08-04 14:40:17,11,44063,159563,24408,-887
2026-08-04 14:40:17,11,43719,159616,24473,-876
2026-08-04 14:40:17,11,43381,159668,24535,-863
2026-08-04 14:40:18,11,43038,159719,24599,-850
2026-08-04 14:40:18,11,42703,159769,24660,-834
2026-08-04 14:40:18,11,42369,159817,24722,-821
2026-08-04 14:40:18,11,42036,159865,24783,-808
2026-08-04 14:40:18,11,41704,159912,24845,-798
2026-08-04 14:40:18,11,41380,159957,24906,-790
2026-08-04 14:40:18,11,41053,160002,24967,-793
2026-08-04 14:40:18,11,40726,160048,25029,-801
2026-08-04 14:40:18,11,40402,160094,25091,-817
2026-08-04 14:40:18,11,40078,160141,25152,-835
2026-08-04 14:40:19,11,39752,160190,25214,-856
2026-08-04 14:40:19,11,39427,160240,25275,-876
2026-08-04 14:40:19,11,39103,160290,25337,-892
2026-08-04 14:40:19,11,38780,160341,25399,-909
2026-08-04 14:40:19,11,38453,160394,25462,-922
2026-08-04 14:40:19,11,38128,160447,25524,-931
2026-08-04 14:40:19,11,37794,160502,25588,-935
2026-08-04 14:40:19,11,37457,160558,25653,-940
2026-08-04 14:40:19,11,37120,160614,25718,-946
2026-08-04 14:40:19,11,36764,160674,25786,-951
2026-08-04 14:40:20,11,36398,160735,25856,-958
2026-08-04 14:40:20,11,36025,160798,25927,-963
2026-08-04 14:40:20,11,35653,160862,25998,-967
2026-08-04 14:40:20,11,35279,160926,26070,-970
2026-08-04 14:40:20,11,34899,160991,26143,-973
2026-08-04 14:40:20,11,34517,161056,26215,-973
2026-08-04 14:40:20,11,34124,161124,26290,-976
2026-08-04 14:40:20,11,33738,161190,26363,-980
2026-08-04 14:40:20,11,33343,161259,26437,-985
2026-08-04 14:40:20,11,32937,161329,26513,-987
2026-08-04 14:40:21,11,32530,161400,26589,-991
2026-08-04 14:40:21,11,32122,161472,26665,-996
2026-08-04 14:40:21,11,31714,161544,26741,-1000
2026-08-04 14:40:21,11,31296,161617,26819,-1001
2026-08-04 14:40:21,11,30879,161691,26896,-1003
2026-08-04 14:40:21,11,30457,161766,26974,-1006
2026-08-04 14:40:21,11,30031,161841,27052,-1006
2026-08-04 14:40:21,11,29601,161918,27132,-1011
2026-08-04 14:40:21,11,29167,161996,27214,-1021
2026-08-04 14:40:21,11,28744,162072,27294,-1027
2026-08-04 14:40:22,11,28307,162152,27376,-1031
2026-08-04 14:40:22,11,27859,162233,27461,-1031
2026-08-04 14:40:22,11,27428,162312,27543,-1029
2026-08-04 14:40:22,11,26978,162393,27628,-1034
2026-08-04 14:40:22,11,26527,162476,27713,-1039
2026-08-04 14:40:22,11,26076,162559,27798,-1043
2026-08-04 14:40:22,11,25633,162640,27883,-1044
2026-08-04 14:40:22,11,25182,162724,27969,-1048
2026-08-04 14:40:22,11,24730,162807,28056,-1051
2026-08-04 14:40:22,11,24281,162891,28140,-1054
2026-08-04 14:40:23,11,23831,162975,28224,-1059
2026-08-04 14:40:23,11,23358,163064,28311,-1064
2026-08-04 14:40:23,11,22895,163151,28395,-1067
2026-08-04 14:40:23,11,22429,163239,28481,-1072
2026-08-04 14:40:23,11,21961,163327,28567,-1071
2026-08-04 14:40:23,11,21493,163416,28655,-1070
2026-08-04 14:40:23,11,21024,163504,28743,-1070
2026-08-04 14:40:23,11,20550,163594,28831,-1075
2026-08-04 14:40:23,11,20065,163687,28920,-1082
2026-08-04 14:40:23,11,19592,163777,29006,-1083
2026-08-04 14:40:24,11,19114,163869,29093,-1087
2026-08-04 14:40:24,11,18634,163961,29181,-1087
2026-08-04 14:40:24,11,18162,164052,29268,-1087
2026-08-04 14:40:24,11,17686,164144,29356,-1088
2026-08-04 14:40:24,11,17203,164236,29445,-1092
2026-08-04 14:40:24,11,16722,164329,29534,-1101
2026-08-04 14:40:24,11,16241,164424,29624,-1110
2026-08-04 14:40:24,11,15758,164519,29714,-1110
2026-08-04 14:40:24,11,15271,164614,29805,-1108
2026-08-04 14:40:24,11,14782,164710,29897,-1112
2026-08-04 14:40:25,11,14292,164806,29990,-1117
2026-08-04 14:40:25,11,13798,164904,30085,-1120
2026-08-04 14:40:25,11,13310,165001,30180,-1127
2026-08-04 14:40:25,11,12818,165099,30275,-1130
2026-08-04 14:40:25,11,12327,165198,30373,-1135
2026-08-04 14:40:25,11,11918,165280,30455,-1140
2026-08-04 14:40:25,11,11512,165362,30538,-1144
2026-08-04 14:40:25,11,11118,165442,30617,-1146
2026-08-04 14:40:26,11,10518,165564,30738,-1145
2026-08-04 14:40:26,11,10318,165604,30778,-1144
2026-08-04 14:40:26,11,10131,165642,30815,-1145
2026-08-04 14:40:26,11,10109,165647,30820,-1144
2026-08-04 14:40:26,11,10087,165651,30824,-1143
2026-08-04 14:40:26,11,10065,165656,30828,-1145
2026-08-04 14:40:26,11,10042,165660,30833,-1145
2026-08-04 14:40:26,11,10042,165660,30833,-1133
2026-08-04 14:40:26,11,10042,165660,30833,-1133
2026-08-04 14:40:26,11,10042,165660,30833,-1133
2026-08-04 14:40:27,11,10042,165660,30833,-1133
2026-08-04 14:40:27,11,10042,165660,30833,-1137
2026-08-04 14:40:27,11,10042,165660,30833,-1136
2026-08-04 14:40:27,11,10042,165660,30833,-1138
2026-08-04 14:40:27,11,10042,165660,30833,-1138
2026-08-04 14:40:27,11,10042,165660,30833,-1139
2026-08-04 14:40:27,11,10042,165660,30833,-1139
2026-08-04 14:40:27,11,10042,165660,30833,-1141
2026-08-04 14:40:27,11,10042,165660,30833,-1141
2026-08-04 14:40:27,11,10042,165660,30833,-1143
2026-08-04 14:40:28,11,10042,165660,30833,-1143
2026-08-04 14:40:28,11,10042,165660,30833,-1144
2026-08-04 14:40:28,11,10042,165660,30833,-1144
2026-08-04 14:40:28,11,10042,165660,30833,-1144
2026-08-04 14:40:28,11,10042,165660,30833,-1144
2026-08-04 14:40:28,11,10042,165660,30833,-1146
2026-08-04 14:40:28,11,10042,165660,30833,-1146
2026-08-04 14:40:28,11,10042,165660,30833,-1146
2026-08-04 14:40:28,11,10027,165663,30835,-1146
2026-08-04 14:40:28,11,10012,165666,30838,-1148
2026-08-04 14:40:29,11,9995,165670,30841,-1148
2026-08-04 14:40:29,11,9977,165673,30845,-1150
2026-08-04 14:40:29,11,9940,165681,30852,-1151
2026-08-04 14:40:29,11,9901,165689,30859,-1152
2026-08-04 14:40:29,11,9861,165697,30866,-1154
2026-08-04 14:40:29,11,9799,165710,30878,-1156
2026-08-04 14:40:29,11,9737,165722,30889,-1157
2026-08-04 14:40:29,11,9673,165736,30901,-1162
2026-08-04 14:40:29,11,9607,165749,30913,-1165
2026-08-04 14:40:29,11,9491,165773,30935,-1168
2026-08-04 14:40:30,11,9372,165798,30956,-1173
2026-08-04 14:40:30,11,9250,165823,30978,-1180
2026-08-04 14:40:30,11,9128,165849,31000,-1186
2026-08-04 14:40:30,11,8923,165892,31037,-1194
2026-08-04 14:40:30,11,8717,165936,31075,-1204
2026-08-04 14:40:30,11,8516,165979,31111,-1215
2026-08-04 14:40:30,11,8303,166025,31150,-1224
2026-08-04 14:40:30,11,8088,166072,31190,-1229
2026-08-04 14:40:30,11,7871,166119,31230,-1238
2026-08-04 14:40:30,11,7650,166167,31270,-1246
2026-08-04 14:40:31,11,7390,166225,31317,-1256
2026-08-04 14:40:31,11,7129,166284,31364,-1264
2026-08-04 14:40:31,11,6861,166344,31412,-1274
2026-08-04 14:40:31,11,6601,166403,31459,-1284
2026-08-04 14:40:31,11,6338,166463,31506,-1294
2026-08-04 14:40:31,11,6078,166523,31553,-1303
2026-08-04 14:40:31,11,5815,166584,31600,-1312
2026-08-04 14:40:31,11,5535,166649,31650,-1318
2026-08-04 14:40:31,11,5256,166715,31698,-1325
2026-08-04 14:40:31,11,4972,166782,31747,-1335
2026-08-04 14:40:32,11,4686,166850,31797,-1347
2026-08-04 14:40:32,11,4392,166921,31848,-1356
2026-08-04 14:40:32,11,4098,166992,31900,-1363
2026-08-04 14:40:32,11,3805,167063,31952,-1370
2026-08-04 14:40:32,11,3499,167138,32006,-1379
2026-08-04 14:40:32,11,3194,167213,32060,-1386
2026-08-04 14:40:32,11,2886,167289,32114,-1396
2026-08-04 14:40:32,11,2572,167368,32170,-1405
2026-08-04 14:40:32,11,2252,167448,32227,-1415
2026-08-04 14:40:32,11,1928,167530,32285,-1425
2026-08-04 14:40:33,11,1602,167613,32343,-1433
2026-08-04 14:40:33,11,1275,167697,32401,-1444
2026-08-04 14:40:33,11,941,167783,32461,-1452
2026-08-04 14:40:33,11,615,167868,32519,-1461
2026-08-04 14:40:33,11,285,167954,32579,-1475
2026-08-04 14:40:33,11,-47,168042,32640,-1483
2026-08-04 14:40:33,11,-383,168131,32701,-1491
2026-08-04 14:40:33,11,-725,168223,32763,-1501
2026-08-04 14:40:33,11,-1050,168310,32821,-1509
2026-08-04 14:40:33,11,-1393,168403,32883,-1517
2026-08-04 14:40:34,11,-1734,168496,32944,-1527
2026-08-04 14:40:34,11,-2073,168588,33005,-1538
2026-08-04 14:40:34,11,-2411,168682,33066,-1548
2026-08-04 14:40:34,11,-2757,168778,33129,-1559
2026-08-04 14:40:34,11,-3094,168872,33190,-1568
2026-08-04 14:40:34,11,-3437,168969,33252,-1575
2026-08-04 14:40:34,11,-3781,169066,33315,-1586
2026-08-04 14:40:34,11,-4122,169163,33377,-1600
2026-08-04 14:40:34,11,-4457,169260,33438,-1613
2026-08-04 14:40:34,11,-4799,169359,33501,-1623
2026-08-04 14:40:35,11,-5137,169458,33563,-1635
2026-08-04 14:40:35,11,-5475,169557,33625,-1643
2026-08-04 14:40:35,11,-5815,169658,33687,-1653
2026-08-04 14:40:35,11,-6156,169759,33750,-1663
2026-08-04 14:40:35,11,-6497,169861,33813,-1674
2026-08-04 14:40:35,11,-6841,169965,33876,-1684
2026-08-04 14:40:35,11,-7178,170067,33937,-1691
2026-08-04 14:40:35,11,-7511,170168,33998,-1690
2026-08-04 14:40:35,11,-7846,170270,34059,-1682
2026-08-04 14:40:35,11,-8182,170371,34120,-1671
2026-08-04 14:40:36,11,-8520,170473,34182,-1664
2026-08-04 14:40:36,11,-8857,170574,34244,-1659
2026-08-04 14:40:36,11,-9194,170674,34306,-1647
2026-08-04 14:40:36,11,-9530,170773,34367,-1628
2026-08-04 14:40:36,11,-9865,170870,34429,-1599
2026-08-04 14:40:36,11,-10200,170965,34489,-1562
2026-08-04 14:40:36,11,-10536,171059,34551,-1523
2026-08-04 14:40:36,11,-10875,171150,34612,-1484
2026-08-04 14:40:36,11,-11209,171238,34673,-1442
2026-08-04 14:40:36,11,-11548,171324,34734,-1400
2026-08-04 14:40:37,11,-11879,171406,34795,-1363
2026-08-04 14:40:37,11,-12210,171486,34856,-1330
2026-08-04 14:40:37,11,-12541,171564,34917,-1303
2026-08-04 14:40:37,11,-12870,171639,34978,-1276
2026-08-04 14:40:37,11,-13188,171711,35037,-1250
2026-08-04 14:40:37,11,-13507,171781,35096,-1228
2026-08-04 14:40:37,11,-13826,171850,35155,-1208
2026-08-04 14:40:37,11,-14151,171920,35217,-1194
2026-08-04 14:40:37,11,-14347,171961,35254,-1187
2026-08-04 14:40:37,11,-14539,172001,35290,-1185
2026-08-04 14:40:38,11,-14717,172039,35324,-1184
2026-08-04 14:40:38,11,-14749,172045,35330,-1183
2026-08-04 14:40:38,11,-14761,172048,35332,-1183
2026-08-04 14:40:38,11,-14774,172051,35335,-1187
2026-08-04 14:40:38,11,-14786,172053,35337,-1186
2026-08-04 14:40:38,11,-14786,172053,35337,-1184
2026-08-04 14:40:38,11,-14786,172053,35337,-1184
2026-08-04 14:40:38,11,-14786,172053,35337,-1177
2026-08-04 14:40:38,11,-14786,172053,35337,-1176
2026-08-04 14:40:38,11,-14786,172053,35337,-1175
2026-08-04 14:40:39,11,-14786,172053,35337,-1176
2026-08-04 14:40:39,11,-14786,172053,35337,-1176
2026-08-04 14:40:39,11,-14786,172053,35337,-1175
2026-08-04 14:40:39,11,-14786,172053,35337,-1175
2026-08-04 14:40:39,11,-14786,172053,35337,-1175
2026-08-04 14:40:39,11,-14801,172056,35340,-1174
2026-08-04 14:40:39,11,-14816,172059,35342,-1173
2026-08-04 14:40:39,11,-14831,172063,35345,-1174
2026-08-04 14:40:39,11,-14850,172066,35348,-1173
2026-08-04 14:40:39,11,-14888,172074,35354,-1175
2026-08-04 14:40:40,11,-14926,172082,35360,-1176
2026-08-04 14:40:40,11,-14967,172091,35367,-1178
2026-08-04 14:40:40,11,-15031,172104,35378,-1180
2026-08-04 14:40:40,11,-15098,172118,35389,-1184
2026-08-04 14:40:40,11,-15169,172133,35401,-1189
2026-08-04 14:40:40,11,-15240,172148,35412,-1194
2026-08-04 14:40:40,11,-15335,172168,35428,-1200
2026-08-04 14:40:40,11,-15433,172189,35444,-1208
2026-08-04 14:40:40,11,-15531,172210,35461,-1216
2026-08-04 14:40:40,11,-15630,172232,35477,-1227
2026-08-04 14:40:41,11,-15764,172261,35499,-1240
2026-08-04 14:40:41,11,-15901,172291,35522,-1257
2026-08-04 14:40:41,11,-16040,172322,35545,-1272
2026-08-04 14:40:41,11,-16213,172361,35574,-1286
2026-08-04 14:40:41,11,-16387,172401,35603,-1300
2026-08-04 14:40:41,11,-16562,172442,35632,-1315
2026-08-04 14:40:41,11,-16749,172486,35664,-1329
2026-08-04 14:40:41,11,-16938,172530,35696,-1342
2026-08-04 14:40:41,11,-17130,172576,35729,-1356
2026-08-04 14:40:41,11,-17324,172623,35762,-1371
2026-08-04 14:40:42,11,-17527,172673,35797,-1384
2026-08-04 14:40:42,11,-17733,172724,35832,-1394
2026-08-04 14:40:42,11,-17927,172772,35864,-1405
2026-08-04 14:40:42,11,-18137,172825,35899,-1417
2026-08-04 14:40:42,11,-18347,172878,35934,-1430
2026-08-04 14:40:42,11,-18558,172932,35970,-1439
2026-08-04 14:40:42,11,-18775,172988,36006,-1446
2026-08-04 14:40:42,11,-19009,173048,36045,-1453
2026-08-04 14:40:42,11,-19240,173108,36083,-1459
2026-08-04 14:40:42,11,-19474,173169,36122,-1464
2026-08-04 14:40:43,11,-19708,173230,36161,-1467
2026-08-04 14:40:43,11,-19958,173296,36202,-1473
2026-08-04 14:40:43,11,-20205,173361,36243,-1479
2026-08-04 14:40:43,11,-20457,173428,36285,-1484
2026-08-04 14:40:43,11,-20739,173503,36332,-1489
2026-08-04 14:40:43,11,-21024,173578,36379,-1496
2026-08-04 14:40:43,11,-21309,173655,36426,-1501
2026-08-04 14:40:43,11,-21593,173731,36474,-1505
2026-08-04 14:40:43,11,-21903,173814,36525,-1510
2026-08-04 14:40:43,11,-22216,173899,36577,-1514
2026-08-04 14:40:44,11,-22535,173985,36630,-1517
2026-08-04 14:40:44,11,-22867,174075,36685,-1524
2026-08-04 14:40:44,11,-23201,174167,36741,-1529
2026-08-04 14:40:44,11,-23535,174258,36797,-1530
2026-08-04 14:40:44,11,-23867,174349,36853,-1531
2026-08-04 14:40:44,11,-24209,174442,36912,-1529
2026-08-04 14:40:44,11,-24547,174535,36970,-1528
2026-08-04 14:40:44,11,-24911,174634,37032,-1523
2026-08-04 14:40:44,11,-25228,174720,37086,-1513
2026-08-04 14:40:44,11,-25568,174812,37142,-1495
2026-08-04 14:40:45,11,-25901,174901,37197,-1472
2026-08-04 14:40:45,11,-26240,174990,37252,-1447
2026-08-04 14:40:45,11,-26566,175073,37306,-1418
2026-08-04 14:40:45,11,-26887,175154,37359,-1385
2026-08-04 14:40:45,11,-27207,175233,37413,-1351
2026-08-04 14:40:45,11,-27505,175304,37462,-1320
2026-08-04 14:40:45,11,-27802,175373,37512,-1290
2026-08-04 14:40:45,11,-28105,175442,37563,-1258
2026-08-04 14:40:45,11,-28394,175507,37611,-1225
2026-08-04 14:40:45,11,-28658,175564,37656,-1198
2026-08-04 14:40:46,11,-28920,175619,37700,-1173
2026-08-04 14:40:46,11,-29180,175673,37744,-1144
2026-08-04 14:40:46,11,-29435,175724,37786,-1118
2026-08-04 14:40:46,11,-29666,175770,37824,-1089
2026-08-04 14:40:46,11,-29895,175813,37862,-1059
2026-08-04 14:40:46,11,-30122,175856,37899,-1033
2026-08-04 14:40:46,11,-30353,175898,37938,-1005
2026-08-04 14:40:46,11,-30588,175939,37977,-979
2026-08-04 14:40:46,11,-30820,175979,38017,-954
2026-08-04 14:40:46,11,-31055,176018,38057,-930
2026-08-04 14:40:47,11,-31257,176051,38091,-909
2026-08-04 14:40:47,11,-31455,176083,38125,-891
2026-08-04 14:40:47,11,-31644,176112,38157,-872
2026-08-04 14:40:47,11,-31830,176141,38189,-854
2026-08-04 14:40:47,11,-31977,176163,38214,-836
2026-08-04 14:40:47,11,-32125,176184,38239,-836
2026-08-04 14:40:47,11,-32274,176206,38264,-853
2026-08-04 14:40:47,11,-32391,176224,38284,-851
2026-08-04 14:40:47,11,-32491,176239,38301,-842
2026-08-04 14:40:47,11,-32573,176251,38315,-840
2026-08-04 14:40:48,11,-32674,176266,38332,-836
2026-08-04 14:40:48,11,-32774,176280,38349,-834
2026-08-04 14:40:48,11,-32867,176294,38364,-840
2026-08-04 14:40:48,11,-32950,176306,38377,-843
2026-08-04 14:40:48,11,-32950,176306,38377,-844
2026-08-04 14:40:48,11,-32950,176306,38377,-846
2026-08-04 14:40:48,11,-32950,176306,38377,-844
2026-08-04 14:40:48,11,-32950,176306,38377,-844
2026-08-04 14:40:48,11,-32950,176306,38377,-845
2026-08-04 14:40:48,11,-32950,176306,38377,-845
2026-08-04 14:40:49,11,-32950,176306,38377,-845
2026-08-04 14:40:49,11,-32950,176306,38377,-845
2026-08-04 14:40:49,11,-32950,176306,38377,-845
2026-08-04 14:40:49,11,-32950,176306,38377,-843
2026-08-04 14:40:49,11,-32950,176306,38377,-843
2026-08-04 14:40:49,11,-32950,176306,38377,-842
2026-08-04 14:40:49,11,-32950,176306,38377,-842
2026-08-04 14:40:49,11,-32950,176306,38377,-841
2026-08-04 14:40:49,11,-32950,176306,38377,-841
2026-08-04 14:40:49,11,-32950,176306,38377,-841
2026-08-04 14:40:50,11,-32950,176306,38377,-841
2026-08-04 14:40:50,11,-32950,176306,38377,-841
2026-08-04 14:40:50,11,-32950,176306,38377,-841
2026-08-04 14:40:50,11,-32950,176306,38377,-840
2026-08-04 14:40:50,11,-32950,176306,38377,-840
2026-08-04 14:40:50,11,-32950,176306,38377,-840
2026-08-04 14:40:50,11,-32950,176306,38377,-840
2026-08-04 14:40:50,11,-32950,176306,38377,-839
2026-08-04 14:40:50,11,-32950,176306,38377,-839
2026-08-04 14:40:50,11,-32950,176306,38377,-839
2026-08-04 14:40:51,11,-32950,176306,38377,-839
2026-08-04 14:40:51,11,-32950,176306,38377,-839
2026-08-04 14:40:51,11,-32950,176306,38377,-839
2026-08-04 14:40:51,11,-32950,176306,38377,-839
2026-08-04 14:40:51,11,-32950,176306,38377,-839
2026-08-04 14:40:51,11,-32950,176306,38377,-839
2026-08-04 14:40:51,11,-32950,176306,38377,-838
2026-08-04 14:40:51,11,-32950,176306,38377,-838
2026-08-04 14:40:51,11,-32950,176306,38377,-838
2026-08-04 14:40:51,11,-32950,176306,38377,-838
2026-08-04 14:40:52,11,-32950,176306,38377,-838
2026-08-04 14:40:52,11,-32950,176306,38377,-838
2026-08-04 14:40:52,11,-32950,176306,38377,-838
2026-08-04 14:40:52,11,-32950,176306,38377,-837
2026-08-04 14:40:52,11,-32950,176306,38377,-837
2026-08-04 14:40:52,11,-32950,176306,38377,-837
2026-08-04 14:40:52,11,-32950,176306,38377,-837
2026-08-04 14:40:52,11,-32950,176306,38377,-837
2026-08-04 14:40:52,11,-32950,176306,38377,-837
2026-08-04 14:40:52,11,-32950,176306,38377,-837
2026-08-04 14:40:53,11,-32950,176306,38377,-837
2026-08-04 14:40:53,11,-32950,176306,38377,-837
2026-08-04 14:40:53,11,-32950,176306,38377,-837
2026-08-04 14:40:53,11,-32950,176306,38377,-837
2026-08-04 14:40:53,11,-32950,176306,38377,-836
2026-08-04 14:40:53,11,-32950,176306,38377,-836
2026-08-04 14:40:53,11,-32950,176306,38377,-836
2026-08-04 14:40:53,11,-32950,176306,38377,-836
2026-08-04 14:40:53,11,-32950,176306,38377,-836
2026-08-04 14:40:53,11,-32950,176306,38377,-836
2026-08-04 14:40:54,11,-32950,176306,38377,-836
2026-08-04 14:40:54,11,-32950,176306,38377,-836
2026-08-04 14:40:54,11,-32950,176306,38377,-836
2026-08-04 14:40:54,11,-32950,176306,38377,-836
2026-08-04 14:40:54,11,-32950,176306,38377,-837
2026-08-04 14:40:54,11,-32950,176306,38377,-837
2026-08-04 14:40:54,11,-32950,176306,38377,-837
2026-08-04 14:40:54,11,-32950,176306,38377,-837
2026-08-04 14:40:54,11,-32950,176306,38377,-836
2026-08-04 14:40:54,11,-32950,176306,38377,-836
2026-08-04 14:40:55,11,-32950,176306,38377,-836
2026-08-04 14:40:55,11,-32950,176306,38377,-835
2026-08-04 14:40:55,11,-32950,176306,38377,-835
2026-08-04 14:40:55,11,-32950,176306,38377,-835
2026-08-04 14:40:55,11,-32950,176306,38377,-834
2026-08-04 14:40:55,11,-32950,176306,38377,-833
2026-08-04 14:40:55,11,-32950,176306,38377,-833
2026-08-04 14:40:55,11,-32950,176306,38377,-834
2026-08-04 14:40:55,11,-32950,176306,38377,-832
2026-08-04 14:40:56,11,-32950,176306,38377,-832
2026-08-04 14:40:56,11,-32950,176306,38377,-833
2026-08-04 14:40:56,11,-32950,176306,38377,-832
2026-08-04 14:40:56,11,-32950,176306,38377,-832
2026-08-04 14:40:56,11,-32950,176306,38377,-832
2026-08-04 14:40:56,11,-32984,176312,38383,-833
2026-08-04 14:40:56,11,-32952,176307,38377,-833
2026-08-04 14:40:56,11,-32919,176302,38371,-832
2026-08-04 14:40:57,11,-32919,176302,38371,-829
2026-08-04 14:40:57,11,-32919,176302,38371,-828
2026-08-04 14:40:57,11,-32919,176302,38371,-827
2026-08-04 14:40:57,11,-32919,176302,38371,-826
2026-08-04 14:40:57,11,-32919,176302,38371,-822
2026-08-04 14:40:57,11,-32919,176302,38371,-819
2026-08-04 14:40:57,11,-32895,176298,38367,-814
2026-08-04 14:40:57,11,-32870,176295,38362,-808
2026-08-04 14:40:57,11,-32846,176292,38358,-798
2026-08-04 14:40:57,11,-32823,176288,38353,-788
2026-08-04 14:40:58,11,-32788,176284,38347,-775
2026-08-04 14:40:58,11,-32720,176274,38334,-746
2026-08-04 14:40:58,11,-32680,176269,38327,-731
2026-08-04 14:40:58,11,-32641,176264,38319,-716
2026-08-04 14:40:58,11,-32601,176259,38312,-700
2026-08-04 14:40:58,11,-32523,176250,38297,-668
2026-08-04 14:40:58,11,-32448,176241,38283,-650
2026-08-04 14:40:58,11,-32411,176237,38276,-632
2026-08-04 14:40:59,11,-32372,176233,38269,-614
2026-08-04 14:40:59,11,-32332,176228,38261,-594
2026-08-04 14:40:59,11,-32292,176224,38254,-572
2026-08-04 14:40:59,11,-32252,176221,38246,-548
2026-08-04 14:40:59,11,-32201,176216,38236,-523
2026-08-04 14:40:59,11,-32149,176211,38226,-495
2026-08-04 14:40:59,11,-32096,176207,38216,-463
2026-08-04 14:40:59,11,-32029,176202,38204,-430
2026-08-04 14:40:59,11,-31961,176197,38191,-396
2026-08-04 14:40:59,11,-31894,176193,38178,-358
2026-08-04 14:41:00,11,-31826,176189,38165,-319
2026-08-04 14:41:00,11,-31826,176189,38165,-281
2026-08-04 14:41:00,11,-31656,176182,38133,-245
2026-08-04 14:41:00,11,-31569,176178,38116,-208
2026-08-04 14:41:00,11,-31466,176175,38096,-172
2026-08-04 14:41:00,11,-31359,176173,38076,-139
2026-08-04 14:41:00,11,-31253,176171,38055,-109
2026-08-04 14:41:00,11,-31145,176169,38035,-83
2026-08-04 14:41:00,11,-31024,176168,38011,-61
2026-08-04 14:41:00,11,-30905,176167,37989,-46
2026-08-04 14:41:01,11,-30789,176166,37966,-36
2026-08-04 14:41:01,11,-30789,176166,37966,-33
2026-08-04 14:41:01,11,-30543,176165,37919,-34
2026-08-04 14:41:01,11,-30418,176164,37895,-37
2026-08-04 14:41:01,11,-30291,176163,37871,-43
2026-08-04 14:41:01,11,-30164,176162,37847,-52
2026-08-04 14:41:01,11,-30046,176160,37825,-63
2026-08-04 14:41:01,11,-29931,176159,37803,-76
2026-08-04 14:41:01,11,-29816,176157,37781,-92
2026-08-04 14:41:01,11,-29721,176155,37763,-109
2026-08-04 14:41:02,11,-29628,176153,37745,-128
2026-08-04 14:41:02,11,-29537,176151,37728,-150
2026-08-04 14:41:02,11,-29458,176148,37713,-174
2026-08-04 14:41:02,11,-29380,176146,37698,-198
2026-08-04 14:41:02,11,-29302,176143,37684,-221
2026-08-04 14:41:02,11,-29227,176139,37670,-244
2026-08-04 14:41:02,11,-29166,176137,37658,-266
2026-08-04 14:41:02,11,-29107,176134,37647,-289
2026-08-04 14:41:02,11,-29048,176130,37636,-316
2026-08-04 14:41:02,11,-28982,176126,37623,-345
2026-08-04 14:41:03,11,-28916,176122,37611,-380
2026-08-04 14:41:03,11,-28848,176117,37598,-414
2026-08-04 14:41:03,11,-28782,176112,37585,-451
2026-08-04 14:41:03,11,-28712,176106,37572,-491
2026-08-04 14:41:03,11,-28643,176099,37559,-531
2026-08-04 14:41:03,11,-28573,176092,37546,-570
2026-08-04 14:41:03,11,-28507,176085,37533,-609
2026-08-04 14:41:03,11,-28441,176078,37521,-646
2026-08-04 14:41:03,11,-28371,176069,37508,-684
2026-08-04 14:41:03,11,-28300,176060,37494,-719
2026-08-04 14:41:04,11,-28234,176052,37482,-753
2026-08-04 14:41:04,11,-28103,176033,37457,-813
2026-08-04 14:41:04,11,-28038,176024,37445,-840
2026-08-04 14:41:04,11,-27990,176016,37436,-868
2026-08-04 14:41:04,11,-27942,176009,37427,-896
2026-08-04 14:41:04,11,-27895,176001,37418,-924
2026-08-04 14:41:04,11,-27843,175992,37408,-952
2026-08-04 14:41:04,11,-27791,175984,37398,-980
2026-08-04 14:41:04,11,-27741,175974,37388,-1008
2026-08-04 14:41:05,11,-27690,175965,37378,-1037
2026-08-04 14:41:05,11,-27639,175956,37369,-1066
2026-08-04 14:41:05,11,-27585,175945,37358,-1097
2026-08-04 14:41:05,11,-27529,175934,37347,-1125
2026-08-04 14:41:05,11,-27473,175922,37336,-1154
2026-08-04 14:41:05,11,-27418,175911,37326,-1176
2026-08-04 14:41:05,11,-27366,175900,37316,-1192
2026-08-04 14:41:05,11,-27314,175889,37306,-1207
2026-08-04 14:41:05,11,-27279,175881,37299,-1216
2026-08-04 14:41:05,11,-27244,175874,37292,-1219
2026-08-04 14:41:06,11,-27209,175866,37286,-1221
2026-08-04 14:41:06,11,-27209,175866,37286,-1220
2026-08-04 14:41:06,11,-27209,175866,37286,-1218
2026-08-04 14:41:06,11,-27209,175866,37286,-1218
2026-08-04 14:41:06,11,-27209,175866,37286,-1217
2026-08-04 14:41:06,11,-27209,175866,37286,-1215
2026-08-04 14:41:06,11,-27209,175866,37286,-1215
2026-08-04 14:41:06,11,-27209,175866,37286,-1214
2026-08-04 14:41:06,11,-27209,175866,37286,-1212
2026-08-04 14:41:06,11,-27209,175866,37286,-1209
2026-08-04 14:41:07,11,-27209,175866,37286,-1207
2026-08-04 14:41:07,11,-27209,175866,37286,-1205
2026-08-04 14:41:07,11,-27209,175866,37286,-1203
2026-08-04 14:41:07,11,-27209,175866,37286,-1202
2026-08-04 14:41:07,11,-27209,175866,37286,-1202
2026-08-04 14:41:07,11,-27252,175875,37294,-1204
2026-08-04 14:41:07,11,-27292,175884,37301,-1207
2026-08-04 14:41:07,11,-27331,175892,37309,-1209
2026-08-04 14:41:07,11,-27369,175901,37316,-1216
2026-08-04 14:41:07,11,-27394,175906,37320,-1223
2026-08-04 14:41:08,11,-27422,175912,37325,-1233
2026-08-04 14:41:08,11,-27449,175918,37330,-1248
2026-08-04 14:41:08,11,-27486,175926,37337,-1263
2026-08-04 14:41:08,11,-27564,175944,37352,-1278
2026-08-04 14:41:08,11,-27639,175961,37366,-1294
2026-08-04 14:41:08,11,-27712,175978,37380,-1305
2026-08-04 14:41:08,11,-27785,175995,37394,-1309
2026-08-04 14:41:08,11,-27804,176000,37397,-1310
2026-08-04 14:41:08,11,-27824,176004,37401,-1311
2026-08-04 14:41:08,11,-27843,176009,37405,-1311
2026-08-04 14:41:09,11,-27843,176009,37405,-1311
2026-08-04 14:41:09,11,-27843,176009,37405,-1313
2026-08-04 14:41:09,11,-27843,176009,37405,-1315
2026-08-04 14:41:09,11,-27843,176009,37405,-1316
2026-08-04 14:41:09,11,-27843,176009,37405,-1314
2026-08-04 14:41:09,11,-27843,176009,37405,-1311
2026-08-04 14:41:09,11,-27843,176009,37405,-1306
2026-08-04 14:41:09,11,-27870,176015,37410,-1296
2026-08-04 14:41:09,11,-27896,176021,37415,-1283
2026-08-04 14:41:09,11,-27923,176027,37420,-1267
2026-08-04 14:41:10,11,-27949,176033,37425,-1250
2026-08-04 14:41:10,11,-27994,176042,37433,-1229
2026-08-04 14:41:10,11,-28039,176052,37441,-1202
2026-08-04 14:41:10,11,-28086,176062,37450,-1170
2026-08-04 14:41:10,11,-28148,176074,37461,-1134
2026-08-04 14:41:10,11,-28217,176088,37474,-1093
2026-08-04 14:41:10,11,-28285,176100,37486,-1047
2026-08-04 14:41:10,11,-28357,176113,37499,-995
2026-08-04 14:41:10,11,-28448,176128,37516,-944
2026-08-04 14:41:10,11,-28540,176143,37533,-895
2026-08-04 14:41:11,11,-28632,176157,37550,-845
2026-08-04 14:41:11,11,-28722,176169,37566,-796
2026-08-04 14:41:11,11,-28811,176181,37583,-748
2026-08-04 14:41:11,11,-28901,176192,37600,-705
2026-08-04 14:41:11,11,-28991,176203,37616,-667
2026-08-04 14:41:11,11,-29061,176211,37629,-630
2026-08-04 14:41:11,11,-29129,176218,37642,-596
2026-08-04 14:41:11,11,-29197,176225,37655,-565
2026-08-04 14:41:11,11,-29257,176230,37666,-533
2026-08-04 14:41:11,11,-29316,176235,37677,-502
2026-08-04 14:41:12,11,-29375,176240,37688,-472
2026-08-04 14:41:12,11,-29435,176245,37699,-443
2026-08-04 14:41:12,11,-29489,176249,37709,-414
2026-08-04 14:41:12,11,-29542,176252,37719,-385
2026-08-04 14:41:12,11,-29595,176256,37729,-356
2026-08-04 14:41:12,11,-29649,176259,37739,-326
2026-08-04 14:41:12,11,-29705,176262,37749,-294
2026-08-04 14:41:12,11,-29761,176264,37760,-259
2026-08-04 14:41:12,11,-29821,176267,37771,-221
2026-08-04 14:41:12,11,-29892,176269,37784,-182
2026-08-04 14:41:13,11,-29964,176271,37798,-142
2026-08-04 14:41:13,11,-30037,176272,37811,-99
2026-08-04 14:41:13,11,-30118,176273,37826,-54
2026-08-04 14:41:13,11,-30201,176273,37842,-7
2026-08-04 14:41:13,11,-30285,176273,37858,42
2026-08-04 14:41:13,11,-30371,176271,37874,84
2026-08-04 14:41:13,11,-30449,176270,37888,113
2026-08-04 14:41:13,11,-30525,176268,37903,127
2026-08-04 14:41:13,11,-30587,176267,37915,130
2026-08-04 14:41:13,11,-30647,176266,37926,126
2026-08-04 14:41:14,11,-30660,176265,37928,126
2026-08-04 14:41:14,11,-30660,176265,37928,126
2026-08-04 14:41:14,11,-30660,176265,37928,129
2026-08-04 14:41:14,11,-30660,176265,37928,133
2026-08-04 14:41:14,11,-30660,176265,37928,134
2026-08-04 14:41:14,11,-30660,176265,37928,134
2026-08-04 14:41:14,11,-30660,176265,37928,135
2026-08-04 14:41:14,11,-30660,176265,37928,135
2026-08-04 14:41:14,11,-30660,176265,37928,135
2026-08-04 14:41:14,11,-30660,176265,37928,135
2026-08-04 14:41:15,11,-30660,176265,37928,136
2026-08-04 14:41:15,11,-30660,176265,37928,137
2026-08-04 14:41:15,11,-30660,176265,37928,138
2026-08-04 14:41:15,11,-30660,176265,37928,138
2026-08-04 14:41:15,11,-30660,176265,37928,139
2026-08-04 14:41:15,11,-30660,176265,37928,139
2026-08-04 14:41:15,11,-30660,176265,37928,140
2026-08-04 14:41:15,11,-30660,176265,37928,141
2026-08-04 14:41:15,11,-30660,176265,37928,141
2026-08-04 14:41:15,11,-30660,176265,37928,143
2026-08-04 14:41:16,11,-30660,176265,37928,144
2026-08-04 14:41:16,11,-30660,176265,37928,145
2026-08-04 14:41:16,11,-30660,176265,37928,149
2026-08-04 14:41:16,11,-30660,176265,37928,151
2026-08-04 14:41:16,11,-30660,176265,37928,152
2026-08-04 14:41:16,11,-30660,176265,37928,154
2026-08-04 14:41:16,11,-30660,176265,37928,155
2026-08-04 14:41:16,11,-30660,176265,37928,156
2026-08-04 14:41:16,11,-30660,176265,37928,158
2026-08-04 14:41:16,11,-30660,176265,37928,160
2026-08-04 14:41:17,11,-30660,176265,37928,164
2026-08-04 14:41:17,11,-30641,176266,37925,169
2026-08-04 14:41:17,11,-30621,176266,37921,175
2026-08-04 14:41:17,11,-30602,176267,37917,183
2026-08-04 14:41:17,11,-30580,176268,37913,192
2026-08-04 14:41:17,11,-30542,176269,37906,202
2026-08-04 14:41:17,11,-30505,176270,37899,213
2026-08-04 14:41:17,11,-30466,176272,37891,226
2026-08-04 14:41:17,11,-30425,176274,37884,239
2026-08-04 14:41:17,11,-30373,176276,37874,253
2026-08-04 14:41:18,11,-30319,176278,37863,268
2026-08-04 14:41:18,11,-30264,176281,37853,284
2026-08-04 14:41:18,11,-30198,176285,37840,299
2026-08-04 14:41:18,11,-30130,176288,37827,316
2026-08-04 14:41:18,11,-30061,176292,37813,334
2026-08-04 14:41:18,11,-29991,176297,37800,352
2026-08-04 14:41:18,11,-29905,176302,37783,373
2026-08-04 14:41:18,11,-29819,176308,37766,394
2026-08-04 14:41:18,11,-29732,176314,37749,414
2026-08-04 14:41:18,11,-29629,176322,37729,436
2026-08-04 14:41:19,11,-29525,176330,37709,459
2026-08-04 14:41:19,11,-29420,176339,37688,479
2026-08-04 14:41:19,11,-29314,176348,37668,499
2026-08-04 14:41:19,11,-29203,176358,37646,515
2026-08-04 14:41:19,11,-29096,176368,37625,527
2026-08-04 14:41:19,11,-28991,176378,37605,538
2026-08-04 14:41:19,11,-28911,176385,37590,546
2026-08-04 14:41:19,11,-28832,176393,37574,550
2026-08-04 14:41:19,11,-28754,176401,37560,553
2026-08-04 14:41:19,11,-28680,176408,37545,552
2026-08-04 14:41:20,11,-28642,176411,37538,548
2026-08-04 14:41:20,11,-28606,176415,37531,546
2026-08-04 14:41:20,11,-28572,176418,37525,545
2026-08-04 14:41:20,11,-28539,176421,37518,544
2026-08-04 14:41:20,11,-28539,176421,37518,542
2026-08-04 14:41:20,11,-28539,176421,37518,542
2026-08-04 14:41:20,11,-28539,176421,37518,541
2026-08-04 14:41:20,11,-28539,176421,37518,540
2026-08-04 14:41:20,11,-28539,176421,37518,539
2026-08-04 14:41:20,11,-28539,176421,37518,539
2026-08-04 14:41:21,11,-28539,176421,37518,538
2026-08-04 14:41:21,11,-28539,176421,37518,537
2026-08-04 14:41:21,11,-28539,176421,37518,536
2026-08-04 14:41:21,11,-28539,176421,37518,535
2026-08-04 14:41:21,11,-28539,176421,37518,535
2026-08-04 14:41:21,11,-28539,176421,37518,535
2026-08-04 14:41:21,11,-28539,176421,37518,535
2026-08-04 14:41:21,11,-28539,176421,37518,536
2026-08-04 14:41:21,11,-28539,176421,37518,535
2026-08-04 14:41:21,11,-28539,176421,37518,536
2026-08-04 14:41:22,11,-28539,176421,37518,536
2026-08-04 14:41:22,11,-28539,176421,37518,536
2026-08-04 14:41:22,11,-28539,176421,37518,536
2026-08-04 14:41:22,11,-28539,176421,37518,536
2026-08-04 14:41:22,11,-28539,176421,37518,536
2026-08-04 14:41:22,11,-28539,176421,37518,536
2026-08-04 14:41:22,11,-28527,176422,37516,537
2026-08-04 14:41:22,11,-28516,176424,37514,536
2026-08-04 14:41:22,11,-28516,176424,37514,532
2026-08-04 14:41:22,11,-28516,176424,37514,532
2026-08-04 14:41:23,11,-28516,176424,37514,533
2026-08-04 14:41:23,11,-28516,176424,37514,532
2026-08-04 14:41:23,11,-28516,176424,37514,533
2026-08-04 14:41:23,11,-28516,176424,37514,533
2026-08-04 14:41:23,11,-28516,176424,37514,539
2026-08-04 14:41:23,11,-28516,176424,37514,547
2026-08-04 14:41:23,11,-28516,176424,37514,556
2026-08-04 14:41:23,11,-28516,176424,37514,573
2026-08-04 14:41:23,11,-28516,176424,37514,590
2026-08-04 14:41:23,11,-28561,176419,37522,612
2026-08-04 14:41:24,11,-28608,176413,37531,640
2026-08-04 14:41:24,11,-28654,176408,37540,671
2026-08-04 14:41:24,11,-28697,176403,37548,709
2026-08-04 14:41:24,11,-28762,176394,37561,749
2026-08-04 14:41:24,11,-28827,176386,37573,793
2026-08-04 14:41:24,11,-28898,176375,37587,840
2026-08-04 14:41:24,11,-28979,176363,37603,885
2026-08-04 14:41:24,11,-29057,176350,37618,929
2026-08-04 14:41:24,11,-29134,176337,37633,968
2026-08-04 14:41:24,11,-29211,176324,37648,1002
2026-08-04 14:41:25,11,-29272,176313,37660,1033
2026-08-04 14:41:25,11,-29327,176302,37671,1066
2026-08-04 14:41:25,11,-29379,176293,37681,1099
2026-08-04 14:41:25,11,-29431,176282,37691,1132
2026-08-04 14:41:25,11,-29489,176270,37703,1168
2026-08-04 14:41:25,11,-29551,176257,37715,1204
2026-08-04 14:41:25,11,-29613,176244,37727,1237
2026-08-04 14:41:25,11,-29679,176229,37740,1273
2026-08-04 14:41:25,11,-29745,176214,37753,1312
2026-08-04 14:41:25,11,-29811,176198,37766,1349
2026-08-04 14:41:26,11,-29877,176182,37779,1387
2026-08-04 14:41:26,11,-29939,176166,37791,1428
2026-08-04 14:41:26,11,-30001,176150,37804,1466
2026-08-04 14:41:26,11,-30065,176133,37817,1502
2026-08-04 14:41:26,11,-30132,176115,37830,1540
2026-08-04 14:41:26,11,-30199,176096,37844,1576
2026-08-04 14:41:26,11,-30266,176077,37857,1606
2026-08-04 14:41:26,11,-30330,176058,37870,1631
2026-08-04 14:41:26,11,-30383,176042,37881,1655
2026-08-04 14:41:26,11,-30436,176027,37891,1678
2026-08-04 14:41:27,11,-30487,176011,37902,1702
2026-08-04 14:41:27,11,-30544,175993,37913,1725
2026-08-04 14:41:27,11,-30602,175975,37925,1747
2026-08-04 14:41:27,11,-30661,175956,37937,1770
2026-08-04 14:41:27,11,-30720,175937,37949,1794
2026-08-04 14:41:27,11,-30788,175915,37963,1816
2026-08-04 14:41:27,11,-30857,175892,37977,1838
2026-08-04 14:41:27,11,-30926,175869,37991,1860
2026-08-04 14:41:27,11,-30996,175845,38005,1880
2026-08-04 14:41:27,11,-31074,175819,38021,1898
2026-08-04 14:41:28,11,-31153,175791,38037,1914
2026-08-04 14:41:28,11,-31230,175764,38053,1930
2026-08-04 14:41:28,11,-31309,175736,38069,1945
2026-08-04 14:41:28,11,-31389,175708,38085,1955
2026-08-04 14:41:28,11,-31469,175680,38101,1963
2026-08-04 14:41:28,11,-31549,175651,38118,1971
2026-08-04 14:41:28,11,-31631,175622,38135,1976
2026-08-04 14:41:28,11,-31712,175592,38151,1981
2026-08-04 14:41:28,11,-31793,175563,38168,1985
2026-08-04 14:41:28,11,-31878,175532,38185,1988
2026-08-04 14:41:29,11,-31963,175502,38202,1990
2026-08-04 14:41:29,11,-32048,175471,38219,1993
2026-08-04 14:41:29,11,-32135,175439,38237,1993
2026-08-04 14:41:29,11,-32229,175405,38256,1991
2026-08-04 14:41:29,11,-32323,175371,38275,1988
2026-08-04 14:41:29,11,-32418,175337,38294,1985
2026-08-04 14:41:29,11,-32518,175301,38314,1980
2026-08-04 14:41:29,11,-32616,175266,38334,1973
2026-08-04 14:41:29,11,-32716,175230,38353,1963
2026-08-04 14:41:29,11,-32815,175195,38373,1948
2026-08-04 14:41:30,11,-32919,175158,38394,1929
2026-08-04 14:41:30,11,-33020,175123,38413,1907
2026-08-04 14:41:30,11,-33123,175088,38434,1880
2026-08-04 14:41:30,11,-33227,175053,38454,1850
2026-08-04 14:41:30,11,-33331,175018,38474,1818
2026-08-04 14:41:30,11,-33435,174985,38494,1782
2026-08-04 14:41:30,11,-33542,174951,38515,1744
2026-08-04 14:41:30,11,-33641,174920,38534,1707
2026-08-04 14:41:30,11,-33743,174889,38553,1666
2026-08-04 14:41:30,11,-33845,174859,38573,1627
2026-08-04 14:41:31,11,-33946,174830,38592,1588
2026-08-04 14:41:31,11,-34041,174803,38610,1547
2026-08-04 14:41:31,11,-34134,174778,38627,1507
2026-08-04 14:41:31,11,-34227,174754,38644,1470
2026-08-04 14:41:31,11,-34320,174729,38662,1434
2026-08-04 14:41:31,11,-34397,174710,38676,1401
2026-08-04 14:41:31,11,-34473,174691,38690,1371
2026-08-04 14:41:31,11,-34544,174674,38703,1340
2026-08-04 14:41:31,11,-34602,174661,38714,1308
2026-08-04 14:41:31,11,-34661,174647,38724,1274
2026-08-04 14:41:32,11,-34721,174634,38735,1237
2026-08-04 14:41:32,11,-34783,174621,38747,1195
2026-08-04 14:41:32,11,-34856,174605,38760,1151
2026-08-04 14:41:32,11,-34934,174590,38774,1105
2026-08-04 14:41:32,11,-35005,174576,38787,1054
2026-08-04 14:41:32,11,-35080,174563,38800,1002
2026-08-04 14:41:32,11,-35177,174546,38818,948
2026-08-04 14:41:32,11,-35274,174531,38835,891
2026-08-04 14:41:32,11,-35371,174516,38853,839
2026-08-04 14:41:32,11,-35471,174502,38871,783
2026-08-04 14:41:33,11,-35571,174489,38889,726
2026-08-04 14:41:33,11,-35671,174477,38907,670
2026-08-04 14:41:33,11,-35778,174465,38926,611
2026-08-04 14:41:33,11,-35885,174454,38945,552
2026-08-04 14:41:33,11,-35993,174444,38964,492
2026-08-04 14:41:33,11,-36101,174436,38984,430
2026-08-04 14:41:33,11,-36213,174428,39004,370
2026-08-04 14:41:33,11,-36322,174421,39024,309
2026-08-04 14:41:33,11,-36430,174416,39043,253
2026-08-04 14:41:33,11,-36540,174412,39063,198
2026-08-04 14:41:34,11,-36651,174409,39083,140
2026-08-04 14:41:34,11,-36758,174407,39103,84
2026-08-04 14:41:34,11,-36863,174406,39122,29
2026-08-04 14:41:34,11,-36963,174406,39140,-24
2026-08-04 14:41:34,11,-37062,174407,39158,-75
2026-08-04 14:41:34,11,-37161,174409,39176,-130
2026-08-04 14:41:34,11,-37261,174412,39194,-183
2026-08-04 14:41:34,11,-37365,174416,39213,-238
2026-08-04 14:41:34,11,-37470,174421,39232,-296
2026-08-04 14:41:34,11,-37577,174427,39252,-354
2026-08-04 14:41:35,11,-37685,174434,39272,-413
2026-08-04 14:41:35,11,-37792,174442,39291,-476
2026-08-04 14:41:35,11,-37899,174452,39311,-536
2026-08-04 14:41:35,11,-38007,174463,39331,-598
2026-08-04 14:41:35,11,-38132,174477,39354,-668
2026-08-04 14:41:35,11,-38259,174493,39377,-743
2026-08-04 14:41:35,11,-38385,174510,39401,-822
2026-08-04 14:41:35,11,-38675,174557,39454,-989
2026-08-04 14:41:35,11,-38824,174584,39482,-1081
2026-08-04 14:41:36,11,-38975,174615,39510,-1172
2026-08-04 14:41:36,11,-39145,174652,39542,-1262
2026-08-04 14:41:36,11,-39313,174691,39574,-1342
2026-08-04 14:41:36,11,-39481,174732,39606,-1409
2026-08-04 14:41:36,11,-39648,174775,39638,-1463
2026-08-04 14:41:36,11,-39809,174818,39669,-1513
2026-08-04 14:41:36,11,-39968,174862,39700,-1561
2026-08-04 14:41:36,11,-40126,174907,39732,-1600
2026-08-04 14:41:36,11,-40284,174953,39762,-1631
2026-08-04 14:41:36,11,-40440,174999,39793,-1657
2026-08-04 14:41:37,11,-40595,175046,39823,-1668
2026-08-04 14:41:37,11,-40751,175092,39853,-1674
2026-08-04 14:41:37,11,-40916,175142,39885,-1682
2026-08-04 14:41:37,11,-41086,175194,39918,-1685
2026-08-04 14:41:37,11,-41258,175246,39951,-1678
2026-08-04 14:41:37,11,-41448,175303,39988,-1665
2026-08-04 14:41:37,11,-41637,175359,40025,-1648
2026-08-04 14:41:37,11,-41828,175415,40061,-1625
2026-08-04 14:41:37,11,-42018,175470,40098,-1602
2026-08-04 14:41:37,11,-42233,175531,40139,-1582
2026-08-04 14:41:38,11,-42450,175592,40180,-1562
2026-08-04 14:41:38,11,-42672,175654,40223,-1540
2026-08-04 14:41:38,11,-42913,175720,40268,-1519
2026-08-04 14:41:38,11,-43157,175786,40315,-1496
2026-08-04 14:41:38,11,-43403,175851,40361,-1471
2026-08-04 14:41:38,11,-43650,175915,40407,-1450
2026-08-04 14:41:38,11,-43919,175985,40458,-1429
2026-08-04 14:41:38,11,-44188,176052,40508,-1406
2026-08-04 14:41:38,11,-44460,176120,40559,-1381
2026-08-04 14:41:38,11,-44758,176193,40614,-1354
2026-08-04 14:41:39,11,-45059,176264,40669,-1329
2026-08-04 14:41:39,11,-45361,176335,40725,-1307
2026-08-04 14:41:39,11,-45662,176404,40781,-1289
2026-08-04 14:41:39,11,-45988,176478,40841,-1271
2026-08-04 14:41:39,11,-46308,176550,40899,-1257
2026-08-04 14:41:39,11,-46634,176623,40958,-1242
2026-08-04 14:41:39,11,-46958,176693,41015,-1224
2026-08-04 14:41:39,11,-47298,176767,41075,-1207
2026-08-04 14:41:39,11,-47643,176840,41135,-1193
2026-08-04 14:41:39,11,-47986,176912,41196,-1180
2026-08-04 14:41:40,11,-48338,176985,41260,-1171
2026-08-04 14:41:40,11,-48684,177057,41323,-1171
2026-08-04 14:41:40,11,-49033,177130,41387,-1175
2026-08-04 14:41:40,11,-49391,177204,41454,-1178
2026-08-04 14:41:40,11,-49745,177278,41520,-1184
2026-08-04 14:41:40,11,-50108,177355,41588,-1193
2026-08-04 14:41:40,11,-50463,177430,41655,-1206
2026-08-04 14:41:40,11,-50822,177507,41723,-1225
2026-08-04 14:41:40,11,-51178,177585,41791,-1249
2026-08-04 14:41:40,11,-51529,177664,41859,-1278
2026-08-04 14:41:41,11,-51888,177746,41930,-1311
2026-08-04 14:41:41,11,-52235,177829,42000,-1349
2026-08-04 14:41:41,11,-52586,177914,42070,-1389
2026-08-04 14:41:41,11,-52926,178000,42139,-1435
2026-08-04 14:41:41,11,-53280,178092,42210,-1485
2026-08-04 14:41:41,11,-53632,178187,42279,-1533
2026-08-04 14:41:41,11,-53976,178283,42347,-1579
2026-08-04 14:41:41,11,-54326,178383,42416,-1628
2026-08-04 14:41:41,11,-54682,178489,42486,-1665
2026-08-04 14:41:42,11,-55026,178593,42553,-1692
2026-08-04 14:41:42,11,-55378,178700,42623,-1701
2026-08-04 14:41:42,11,-55720,178805,42690,-1701
2026-08-04 14:41:42,11,-56061,178909,42756,-1693
2026-08-04 14:41:42,11,-56401,179012,42822,-1680
2026-08-04 14:41:42,11,-56747,179116,42888,-1667
2026-08-04 14:41:42,11,-57088,179218,42953,-1648
2026-08-04 14:41:42,11,-57434,179320,43018,-1625
2026-08-04 14:41:42,11,-57776,179418,43083,-1597
2026-08-04 14:41:42,11,-58114,179514,43147,-1570
2026-08-04 14:41:43,11,-58448,179607,43210,-1540
2026-08-04 14:41:43,11,-58793,179701,43275,-1514
2026-08-04 14:41:43,11,-59130,179792,43338,-1493
2026-08-04 14:41:43,11,-59426,179870,43392,-1468
2026-08-04 14:41:43,11,-59727,179948,43446,-1442
2026-08-04 14:41:43,11,-60027,180025,43499,-1421
2026-08-04 14:41:43,11,-60322,180099,43552,-1401
2026-08-04 14:41:43,11,-60621,180173,43606,-1380
2026-08-04 14:41:43,11,-60917,180246,43660,-1363
2026-08-04 14:41:43,11,-61213,180317,43714,-1343
2026-08-04 14:41:44,11,-61507,180387,43769,-1325
2026-08-04 14:41:44,11,-61803,180456,43823,-1307
2026-08-04 14:41:44,11,-62095,180523,43878,-1285
2026-08-04 14:41:44,11,-62385,180589,43932,-1267
2026-08-04 14:41:44,11,-62973,180719,44042,-1229
2026-08-04 14:41:44,11,-63263,180782,44097,-1211
2026-08-04 14:41:44,11,-63533,180839,44147,-1195
2026-08-04 14:41:44,11,-63800,180896,44198,-1184
2026-08-04 14:41:44,11,-64068,180952,44248,-1178
2026-08-04 14:41:45,11,-64334,181007,44299,-1178
2026-08-04 14:41:45,11,-64595,181062,44349,-1177
2026-08-04 14:41:45,11,-64860,181117,44400,-1181
2026-08-04 14:41:45,11,-65121,181172,44451,-1185
2026-08-04 14:41:45,11,-65369,181224,44500,-1187
2026-08-04 14:41:45,11,-65627,181278,44550,-1188
2026-08-04 14:41:45,11,-65877,181331,44598,-1189
2026-08-04 14:41:45,11,-66136,181385,44648,-1188
2026-08-04 14:41:45,11,-66389,181438,44696,-1189
2026-08-04 14:41:45,11,-66636,181491,44743,-1188
2026-08-04 14:41:46,11,-66886,181543,44791,-1192
2026-08-04 14:41:46,11,-67128,181594,44837,-1194
2026-08-04 14:41:46,11,-67381,181648,44886,-1192
2026-08-04 14:41:46,11,-67631,181701,44933,-1192
2026-08-04 14:41:46,11,-67885,181754,44982,-1194
2026-08-04 14:41:46,11,-68126,181805,45028,-1194
2026-08-04 14:41:46,11,-68359,181855,45073,-1195
2026-08-04 14:41:46,11,-68594,181904,45118,-1195
2026-08-04 14:41:46,11,-69051,182001,45205,-1197
2026-08-04 14:41:47,11,-69268,182047,45247,-1197
2026-08-04 14:41:47,11,-69483,182093,45289,-1196
2026-08-04 14:41:47,11,-69636,182125,45319,-1197
2026-08-04 14:41:47,11,-69783,182157,45347,-1198
2026-08-04 14:41:47,11,-69928,182187,45374,-1199
2026-08-04 14:41:47,11,-70074,182218,45402,-1199
2026-08-04 14:41:47,11,-70217,182249,45429,-1199
2026-08-04 14:41:47,11,-70364,182280,45456,-1200
2026-08-04 14:41:47,11,-70512,182311,45484,-1200
2026-08-04 14:41:47,11,-70663,182344,45513,-1201
2026-08-04 14:41:48,11,-70827,182379,45544,-1202
2026-08-04 14:41:48,11,-70992,182414,45575,-1201
2026-08-04 14:41:48,11,-71159,182449,45606,-1199
2026-08-04 14:41:48,11,-71322,182484,45637,-1197
2026-08-04 14:41:48,11,-71472,182516,45666,-1198
2026-08-04 14:41:48,11,-71615,182546,45694,-1199
2026-08-04 14:41:48,11,-71755,182576,45720,-1200
2026-08-04 14:41:48,11,-71852,182596,45739,-1201
2026-08-04 14:41:48,11,-71951,182617,45758,-1201
2026-08-04 14:41:48,11,-72047,182638,45776,-1201
2026-08-04 14:41:49,11,-72140,182658,45794,-1201
2026-08-04 14:41:49,11,-72164,182663,45798,-1201
2026-08-04 14:41:49,11,-72188,182668,45803,-1201
2026-08-04 14:41:49,11,-72212,182673,45807,-1202
2026-08-04 14:41:49,11,-72212,182673,45807,-1202
2026-08-04 14:41:49,11,-72212,182673,45807,-1203
2026-08-04 14:41:49,11,-72212,182673,45807,-1203
2026-08-04 14:41:49,11,-72212,182673,45807,-1203
2026-08-04 14:41:49,11,-72212,182673,45807,-1203
2026-08-04 14:41:49,11,-72212,182673,45807,-1203
2026-08-04 14:41:50,11,-72212,182673,45807,-1203
2026-08-04 14:41:50,11,-72212,182673,45807,-1204
2026-08-04 14:41:50,11,-72212,182673,45807,-1204
2026-08-04 14:41:50,11,-72212,182673,45807,-1203
2026-08-04 14:41:50,11,-72212,182673,45807,-1203
2026-08-04 14:41:50,11,-72212,182673,45807,-1203
2026-08-04 14:41:50,11,-72212,182673,45807,-1203
2026-08-04 14:41:50,11,-72212,182673,45807,-1203
2026-08-04 14:41:50,11,-72212,182673,45807,-1203
2026-08-04 14:41:50,11,-72212,182673,45807,-1203
2026-08-04 14:41:51,11,-72212,182673,45807,-1203
2026-08-04 14:41:51,11,-72212,182673,45807,-1203
2026-08-04 14:41:51,11,-72212,182673,45807,-1203
2026-08-04 14:41:51,11,-72212,182673,45807,-1203
2026-08-04 14:41:51,11,-72212,182673,45807,-1203
2026-08-04 14:41:51,11,-72212,182673,45807,-1204
2026-08-04 14:41:51,11,-72212,182673,45807,-1203
2026-08-04 14:41:51,11,-72212,182673,45807,-1203
2026-08-04 14:41:51,11,-72212,182673,45807,-1203
