date,speed_kmh,gear
2026-08-04 14:35:41,0.0,
2026-08-04 14:35:41,0.0,0
2026-08-04 14:35:41,0.0,0
2026-08-04 14:35:41,0.0,0
2026-08-04 14:35:41,0.0,0
2026-08-04 14:35:41,0.0,0
2026-08-04 14:35:42,0.0,0
2026-08-04 14:35:42,0.0,0
2026-08-04 14:35:42,0.0,0
2026-08-04 14:35:42,0.0,0
2026-08-04 14:35:42,0.0,0
2026-08-04 14:35:42,0.0,0
2026-08-04 14:35:42,0.0,0
2026-08-04 14:35:42,0.0,0
2026-08-04 14:35:42,0.0,0
2026-08-04 14:35:42,0.0,0
2026-08-04 14:35:42,0.0,0
2026-08-04 14:35:42,0.0,0
2026-08-04 14:35:42,0.0,0
2026-08-04 14:35:42,0.0,0
2026-08-04 14:35:42,0.0,0
2026-08-04 14:35:42,0.0,0
2026-08-04 14:35:42,0.0,0
2026-08-04 14:35:42,0.0,0
2026-08-04 14:35:42,0.0,0
2026-08-04 14:35:42,0.0,0
2026-08-04 14:35:43,0.0,0
2026-08-04 14:35:43,0.0,0
2026-08-04 14:35:43,0.0,0
2026-08-04 14:35:43,0.0,0
2026-08-04 14:35:43,0.0,0
2026-08-04 14:35:43,0.0,0
2026-08-04 14:35:43,0.0,0
2026-08-04 14:35:43,0.0,0
2026-08-04 14:35:43,0.0,0
2026-08-04 14:35:43,0.0,0
2026-08-04 14:35:43,0.0,0
2026-08-04 14:35:43,0.0,0
2026-08-04 14:35:43,0.0,0
2026-08-04 14:35:43,0.0,0
2026-08-04 14:35:43,0.0,0
2026-08-04 14:35:43,0.0,0
2026-08-04 14:35:43,0.0,0
2026-08-04 14:35:43,0.0,0
2026-08-04 14:35:43,0.0,0
2026-08-04 14:35:43,0.0,0
2026-08-04 14:35:44,0.0,0
2026-08-04 14:35:44,0.0,0
2026-08-04 14:35:44,0.0,0
2026-08-04 14:35:44,0.0,0
2026-08-04 14:35:44,0.0,0
2026-08-04 14:35:44,0.0,0
2026-08-04 14:35:44,0.0,0
2026-08-04 14:35:44,0.0,0
2026-08-04 14:35:44,0.0,0
2026-08-04 14:35:44,0.0,0
2026-08-04 14:35:44,0.0,0
2026-08-04 14:35:44,0.0,0
2026-08-04 14:35:44,0.0,0
2026-08-04 14:35:44,0.0,0
2026-08-04 14:35:44,0.0,0
2026-08-04 14:35:44,0.0,0
2026-08-04 14:35:44,0.0,0
2026-08-04 14:35:44,0.0,0
2026-08-04 14:35:44,0.0,0
2026-08-04 14:35:44,0.0,0
2026-08-04 14:35:45,0.0,0
2026-08-04 14:35:45,0.0,0
2026-08-04 14:35:45,0.0,0
2026-08-04 14:35:45,0.0,0
2026-08-04 14:35:45,0.0,0
2026-08-04 14:35:45,0.0,0
2026-08-04 14:35:45,0.0,0
2026-08-04 14:35:45,0.0,0
2026-08-04 14:35:45,0.0,0
2026-08-04 14:35:45,0.0,0
2026-08-04 14:35:45,0.0,0
2026-08-04 14:35:45,0.0,0
2026-08-04 14:35:45,0.0,0
2026-08-04 14:35:45,0.0,0
2026-08-04 14:35:45,0.0,0
2026-08-04 14:35:45,0.0,0
2026-08-04 14:35:45,0.0,0
2026-08-04 14:35:45,0.0,0
2026-08-04 14:35:45,0.0,0
2026-08-04 14:35:45,0.0,0
2026-08-04 14:35:46,0.0,0
2026-08-04 14:35:46,0.0,0
2026-08-04 14:35:46,0.0,0
2026-08-04 14:35:46,0.0,0
2026-08-04 14:35:46,0.0,0
2026-08-04 14:35:46,0.0,0
2026-08-04 14:35:46,0.0,0
2026-08-04 14:35:46,0.0,0
2026-08-04 14:35:46,0.0,0
2026-08-04 14:35:46,0.0,0
2026-08-04 14:35:46,0.0,0
2026-08-04 14:35:46,0.0,0
2026-08-04 14:35:46,0.0,0
2026-08-04 14:35:46,0.0,0
2026-08-04 14:35:46,0.0,0
2026-08-04 14:35:46,0.0,0
2026-08-04 14:35:46,0.0,0
2026-08-04 14:35:46,0.0,0
2026-08-04 14:35:46,0.0,0
2026-08-04 14:35:46,0.0,0
2026-08-04 14:35:47,0.0,0
2026-08-04 14:35:47,0.0,0
2026-08-04 14:35:47,0.0,0
2026-08-04 14:35:47,0.0,0
2026-08-04 14:35:47,0.0,0
2026-08-04 14:35:47,0.0,0
2026-08-04 14:35:47,0.0,0
2026-08-04 14:35:47,0.0,0
2026-08-04 14:35:47,0.0,0
2026-08-04 14:35:47,0.0,0
2026-08-04 14:35:47,0.0,0
2026-08-04 14:35:47,0.0,0
2026-08-04 14:35:47,0.0,0
2026-08-04 14:35:47,0.0,0
2026-08-04 14:35:47,0.0,0
2026-08-04 14:35:47,0.0,0
2026-08-04 14:35:47,0.0,0
2026-08-04 14:35:47,0.0,0
2026-08-04 14:35:47,0.0,0
2026-08-04 14:35:47,0.0,0
2026-08-04 14:35:48,0.0,0
2026-08-04 14:35:48,0.0,0
2026-08-04 14:35:48,0.0,0
2026-08-04 14:35:48,0.0,0
2026-08-04 14:35:48,0.0,0
2026-08-04 14:35:48,0.0,0
2026-08-04 14:35:48,0.0,0
2026-08-04 14:35:48,0.0,0
2026-08-04 14:35:48,0.0,0
2026-08-04 14:35:48,0.0,0
2026-08-04 14:35:48,0.0,0
2026-08-04 14:35:48,0.0,0
2026-08-04 14:35:48,0.0,0
2026-08-04 14:35:48,0.0,0
2026-08-04 14:35:48,0.0,0
2026-08-04 14:35:48,0.0,0
2026-08-04 14:35:48,0.0,0
2026-08-04 14:35:48,0.0,0
2026-08-04 14:35:48,0.0,0
2026-08-04 14:35:48,0.0,0
2026-08-04 14:35:49,0.0,0
2026-08-04 14:35:49,0.0,0
2026-08-04 14:35:49,0.0,0
2026-08-04 14:35:49,0.0,0
2026-08-04 14:35:49,0.0,0
2026-08-04 14:35:49,0.0,0
2026-08-04 14:35:49,0.0,0
2026-08-04 14:35:49,0.0,0
2026-08-04 14:35:49,0.0,0
2026-08-04 14:35:49,0.0,0
2026-08-04 14:35:49,0.0,0
2026-08-04 14:35:49,0.0,0
2026-08-04 14:35:49,0.0,0
2026-08-04 14:35:49,0.0,0
2026-08-04 14:35:49,0.0,0
2026-08-04 14:35:49,0.0,0
2026-08-04 14:35:49,0.0,0
2026-08-04 14:35:49,0.0,0
2026-08-04 14:35:49,0.0,0
2026-08-04 14:35:49,0.0,0
2026-08-04 14:35:50,0.0,0
2026-08-04 14:35:50,0.0,0
2026-08-04 14:35:50,0.0,0
2026-08-04 14:35:50,0.0,0
2026-08-04 14:35:50,0.0,0
2026-08-04 14:35:50,0.0,0
2026-08-04 14:35:50,0.0,0
2026-08-04 14:35:50,0.0,0
2026-08-04 14:35:50,0.0,0
2026-08-04 14:35:50,0.0,0
2026-08-04 14:35:50,0.0,0
2026-08-04 14:35:50,0.0,0
2026-08-04 14:35:50,0.0,0
2026-08-04 14:35:50,0.0,0
2026-08-04 14:35:50,0.0,0
2026-08-04 14:35:50,0.0,0
2026-08-04 14:35:50,0.0,0
2026-08-04 14:35:50,0.0,0
2026-08-04 14:35:50,0.0,0
2026-08-04 14:35:50,0.0,0
2026-08-04 14:35:51,0.0,0
2026-08-04 14:35:51,0.0,0
2026-08-04 14:35:51,0.0,0
2026-08-04 14:35:51,0.0,0
2026-08-04 14:35:51,0.0,0
2026-08-04 14:35:51,0.0,0
2026-08-04 14:35:51,0.0,0
2026-08-04 14:35:51,0.0,0
2026-08-04 14:35:51,0.0,0
2026-08-04 14:35:51,0.0,0
2026-08-04 14:35:51,0.0,0
2026-08-04 14:35:51,0.0,0
2026-08-04 14:35:51,0.0,0
2026-08-04 14:35:51,0.0,0
2026-08-04 14:35:51,0.0,0
2026-08-04 14:35:51,0.0,0
2026-08-04 14:35:51,0.0,0
2026-08-04 14:35:51,0.0,0
2026-08-04 14:35:51,0.0,0
2026-08-04 14:35:51,0.0,0
2026-08-04 14:35:52,0.0,0
2026-08-04 14:35:52,0.0,0
2026-08-04 14:35:52,0.0,0
2026-08-04 14:35:52,0.0,0
2026-08-04 14:35:52,0.0,0
2026-08-04 14:35:52,0.0,0
2026-08-04 14:35:52,0.0,0
2026-08-04 14:35:52,0.0,0
2026-08-04 14:35:52,0.0,0
2026-08-04 14:35:52,0.0,0
2026-08-04 14:35:52,0.0,0
2026-08-04 14:35:52,0.0,0
2026-08-04 14:35:52,0.0,0
2026-08-04 14:35:52,0.0,0
2026-08-04 14:35:52,0.0,0
2026-08-04 14:35:52,0.0,0
2026-08-04 14:35:52,0.0,0
2026-08-04 14:35:52,0.0,0
2026-08-04 14:35:52,0.0,0
2026-08-04 14:35:52,0.0,0
2026-08-04 14:35:53,0.0,0
2026-08-04 14:35:53,0.0,0
2026-08-04 14:35:53,0.0,0
2026-08-04 14:35:53,0.0,0
2026-08-04 14:35:53,0.0,0
2026-08-04 14:35:53,0.0,0
2026-08-04 14:35:53,0.0,0
2026-08-04 14:35:53,0.0,0
2026-08-04 14:35:53,0.0,0
2026-08-04 14:35:53,0.0,0
2026-08-04 14:35:53,0.0,0
2026-08-04 14:35:53,0.0,0
2026-08-04 14:35:53,0.0,0
2026-08-04 14:35:53,0.0,0
2026-08-04 14:35:53,0.0,0
2026-08-04 14:35:53,0.0,0
2026-08-04 14:35:53,0.0,0
2026-08-04 14:35:53,0.0,0
2026-08-04 14:35:53,0.0,0
2026-08-04 14:35:53,0.0,0
2026-08-04 14:35:54,0.0,0
2026-08-04 14:35:54,0.0,0
2026-08-04 14:35:54,0.0,0
2026-08-04 14:35:54,0.0,0
2026-08-04 14:35:54,0.0,0
2026-08-04 14:35:54,0.0,0
2026-08-04 14:35:54,0.0,0
2026-08-04 14:35:54,0.0,0
2026-08-04 14:35:54,0.0,0
2026-08-04 14:35:54,0.0,0
2026-08-04 14:35:54,0.0,0
2026-08-04 14:35:54,0.0,0
2026-08-04 14:35:54,0.0,0
2026-08-04 14:35:54,0.0,0
2026-08-04 14:35:54,0.0,0
2026-08-04 14:35:54,0.0,0
2026-08-04 14:35:54,0.0,0
2026-08-04 14:35:54,0.0,0
2026-08-04 14:35:54,0.0,0
2026-08-04 14:35:54,0.0,0
2026-08-04 14:35:55,0.0,0
2026-08-04 14:35:55,0.0,0
2026-08-04 14:35:55,0.0,0
2026-08-04 14:35:55,0.0,0
2026-08-04 14:35:55,0.0,0
2026-08-04 14:35:55,0.0,0
2026-08-04 14:35:55,0.0,0
2026-08-04 14:35:55,0.0,0
2026-08-04 14:35:55,0.0,0
2026-08-04 14:35:55,0.0,0
2026-08-04 14:35:55,0.0,0
2026-08-04 14:35:55,0.0,0
2026-08-04 14:35:55,0.0,0
2026-08-04 14:35:55,0.0,0
2026-08-04 14:35:55,0.0,0
2026-08-04 14:35:55,0.0,0
2026-08-04 14:35:55,0.0,0
2026-08-04 14:35:55,0.0,0
2026-08-04 14:35:55,0.0,0
2026-08-04 14:35:55,0.0,0
2026-08-04 14:35:56,0.0,0
2026-08-04 14:35:56,0.0,0
2026-08-04 14:35:56,0.0,0
2026-08-04 14:35:56,0.0,0
2026-08-04 14:35:56,0.0,0
2026-08-04 14:35:56,0.0,0
2026-08-04 14:35:56,0.0,0
2026-08-04 14:35:56,0.0,0
2026-08-04 14:35:56,0.0,0
2026-08-04 14:35:56,0.0,0
2026-08-04 14:35:56,0.0,0
2026-08-04 14:35:56,0.0,0
2026-08-04 14:35:56,0.0,0
2026-08-04 14:35:56,0.0,0
2026-08-04 14:35:56,0.0,0
2026-08-04 14:35:56,0.0,0
2026-08-04 14:35:56,0.0,0
2026-08-04 14:35:56,0.0,0
2026-08-04 14:35:56,0.0,0
2026-08-04 14:35:56,0.0,0
2026-08-04 14:35:57,0.0,0
2026-08-04 14:35:57,0.0,0
2026-08-04 14:35:57,0.0,0
2026-08-04 14:35:57,0.0,0
2026-08-04 14:35:57,0.0,0
2026-08-04 14:35:57,0.0,0
2026-08-04 14:35:57,0.0,0
2026-08-04 14:35:57,0.0,0
2026-08-04 14:35:57,0.0,0
2026-08-04 14:35:57,0.0,0
2026-08-04 14:35:57,0.0,0
2026-08-04 14:35:57,0.0,0
2026-08-04 14:35:57,0.0,0
2026-08-04 14:35:57,0.0,0
2026-08-04 14:35:57,0.0,0
2026-08-04 14:35:57,0.0,0
2026-08-04 14:35:57,0.0,0
2026-08-04 14:35:57,0.0,0
2026-08-04 14:35:57,0.0,0
2026-08-04 14:35:57,0.0,0
2026-08-04 14:35:58,0.0,0
2026-08-04 14:35:58,0.0,0
2026-08-04 14:35:58,0.0,0
2026-08-04 14:35:58,0.0,0
2026-08-04 14:35:58,0.0,0
2026-08-04 14:35:58,0.0,0
2026-08-04 14:35:58,0.0,0
2026-08-04 14:35:58,0.0,0
2026-08-04 14:35:58,0.0,0
2026-08-04 14:35:58,0.0,0
2026-08-04 14:35:58,0.0,0
2026-08-04 14:35:58,0.0,0
2026-08-04 14:35:58,0.0,0
2026-08-04 14:35:58,0.0,0
2026-08-04 14:35:58,0.0,0
2026-08-04 14:35:58,0.0,0
2026-08-04 14:35:58,0.0,0
2026-08-04 14:35:58,0.0,0
2026-08-04 14:35:58,0.0,0
2026-08-04 14:35:58,0.0,0
2026-08-04 14:35:59,0.0,0
2026-08-04 14:35:59,0.0,0
2026-08-04 14:35:59,0.0,0
2026-08-04 14:35:59,0.0,0
2026-08-04 14:35:59,0.0,0
2026-08-04 14:35:59,0.0,0
2026-08-04 14:35:59,0.0,0
2026-08-04 14:35:59,0.0,0
2026-08-04 14:35:59,0.0,0
2026-08-04 14:35:59,0.0,0
2026-08-04 14:35:59,0.0,0
2026-08-04 14:35:59,0.0,0
2026-08-04 14:35:59,0.0,0
2026-08-04 14:35:59,0.0,0
2026-08-04 14:35:59,0.0,0
2026-08-04 14:35:59,0.0,0
2026-08-04 14:35:59,0.0,0
2026-08-04 14:35:59,0.0,0
2026-08-04 14:35:59,0.0,0
2026-08-04 14:35:59,0.0,0
2026-08-04 14:36:00,0.0,0
2026-08-04 14:36:00,0.0,0
2026-08-04 14:36:00,0.0,0
2026-08-04 14:36:00,0.0,0
2026-08-04 14:36:00,0.0,0
2026-08-04 14:36:00,0.0,0
2026-08-04 14:36:00,0.0,0
2026-08-04 14:36:00,0.0,0
2026-08-04 14:36:00,0.0,0
2026-08-04 14:36:00,0.0,0
2026-08-04 14:36:00,0.0,0
2026-08-04 14:36:00,0.0,0
2026-08-04 14:36:00,0.0,0
2026-08-04 14:36:00,0.0,0
2026-08-04 14:36:00,0.0,0
2026-08-04 14:36:00,0.0,0
2026-08-04 14:36:00,0.0,0
2026-08-04 14:36:00,0.0,0
2026-08-04 14:36:00,0.0,0
2026-08-04 14:36:00,0.0,0
2026-08-04 14:36:01,0.0,0
2026-08-04 14:36:01,0.0,0
2026-08-04 14:36:01,0.0,0
2026-08-04 14:36:01,0.0,0
2026-08-04 14:36:01,0.0,0
2026-08-04 14:36:01,0.0,0
2026-08-04 14:36:01,0.0,0
2026-08-04 14:36:01,0.0,0
2026-08-04 14:36:01,0.0,0
2026-08-04 14:36:01,0.0,0
2026-08-04 14:36:01,0.0,0
2026-08-04 14:36:01,0.0,0
2026-08-04 14:36:01,0.0,0
2026-08-04 14:36:01,0.0,0
2026-08-04 14:36:01,0.0,0
2026-08-04 14:36:01,0.0,0
2026-08-04 14:36:01,0.0,0
2026-08-04 14:36:01,0.0,0
2026-08-04 14:36:01,0.0,0
2026-08-04 14:36:01,0.0,0
2026-08-04 14:36:02,0.0,0
2026-08-04 14:36:02,0.0,0
2026-08-04 14:36:02,0.0,0
2026-08-04 14:36:02,0.0,0
2026-08-04 14:36:02,0.0,0
2026-08-04 14:36:02,0.0,0
2026-08-04 14:36:02,0.0,0
2026-08-04 14:36:02,0.0,0
2026-08-04 14:36:02,0.0,0
2026-08-04 14:36:02,0.0,0
2026-08-04 14:36:02,0.0,0
2026-08-04 14:36:02,0.0,0
2026-08-04 14:36:02,0.0,0
2026-08-04 14:36:02,0.0,0
2026-08-04 14:36:02,0.0,0
2026-08-04 14:36:02,0.0,0
2026-08-04 14:36:02,0.0,0
2026-08-04 14:36:02,0.0,0
2026-08-04 14:36:02,0.0,0
2026-08-04 14:36:02,0.0,0
2026-08-04 14:36:03,0.0,0
2026-08-04 14:36:03,0.0,0
2026-08-04 14:36:03,0.0,0
2026-08-04 14:36:03,0.0,0
2026-08-04 14:36:03,0.0,0
2026-08-04 14:36:03,0.0,0
2026-08-04 14:36:03,0.0,0
2026-08-04 14:36:03,0.0,0
2026-08-04 14:36:03,0.0,0
2026-08-04 14:36:03,0.0,0
2026-08-04 14:36:03,0.0,0
2026-08-04 14:36:03,0.0,0
2026-08-04 14:36:03,0.0,0
2026-08-04 14:36:03,0.0,0
2026-08-04 14:36:03,0.0,0
2026-08-04 14:36:03,0.0,0
2026-08-04 14:36:03,0.0,0
2026-08-04 14:36:03,0.0,0
2026-08-04 14:36:03,0.0,0
2026-08-04 14:36:03,0.0,0
2026-08-04 14:36:04,0.0,0
2026-08-04 14:36:04,0.0,0
2026-08-04 14:36:04,0.0,0
2026-08-04 14:36:04,0.0,0
2026-08-04 14:36:04,0.0,0
2026-08-04 14:36:04,0.0,0
2026-08-04 14:36:04,0.0,0
2026-08-04 14:36:04,0.0,0
2026-08-04 14:36:04,0.0,0
2026-08-04 14:36:04,0.0,0
2026-08-04 14:36:04,0.0,0
2026-08-04 14:36:04,0.0,0
2026-08-04 14:36:04,0.0,0
2026-08-04 14:36:04,0.0,0
2026-08-04 14:36:04,0.0,0
2026-08-04 14:36:04,0.0,0
2026-08-04 14:36:04,0.0,0
2026-08-04 14:36:04,0.0,1
2026-08-04 14:36:04,0.0,1
2026-08-04 14:36:04,0.0,1
2026-08-04 14:36:05,0.53125,1
2026-08-04 14:36:05,0.53125,1
2026-08-04 14:36:05,0.53125,1
2026-08-04 14:36:05,0.53125,1
2026-08-04 14:36:05,1.828125,1
2026-08-04 14:36:05,1.828125,1
2026-08-04 14:36:05,1.953125,1
2026-08-04 14:36:05,1.953125,1
2026-08-04 14:36:05,0.0,1
2026-08-04 14:36:05,0.0,1
2026-08-04 14:36:05,1.421875,1
2026-08-04 14:36:05,1.421875,1
2026-08-04 14:36:05,1.421875,1
2026-08-04 14:36:05,1.421875,1
2026-08-04 14:36:05,1.421875,1
2026-08-04 14:36:05,1.421875,1
2026-08-04 14:36:05,0.0,1
2026-08-04 14:36:05,0.0,0
2026-08-04 14:36:05,0.0,0
2026-08-04 14:36:05,0.0,0
2026-08-04 14:36:06,0.796875,0
2026-08-04 14:36:06,0.796875,0
2026-08-04 14:36:06,0.0,0
2026-08-04 14:36:06,0.0,0
2026-08-04 14:36:06,0.0,0
2026-08-04 14:36:06,0.0,0
2026-08-04 14:36:06,0.0,0
2026-08-04 14:36:06,0.0,0
2026-08-04 14:36:06,0.0,0
2026-08-04 14:36:06,0.0,0
2026-08-04 14:36:06,0.0,0
2026-08-04 14:36:06,0.0,0
2026-08-04 14:36:06,0.0,0
2026-08-04 14:36:06,0.0,0
2026-08-04 14:36:06,0.0,0
2026-08-04 14:36:06,0.0,0
2026-08-04 14:36:06,0.0,0
2026-08-04 14:36:06,0.0,0
2026-08-04 14:36:06,0.0,0
2026-08-04 14:36:06,0.0,0
2026-08-04 14:36:07,0.0,0
2026-08-04 14:36:07,0.0,0
2026-08-04 14:36:07,0.0,0
2026-08-04 14:36:07,0.0,0
2026-08-04 14:36:07,0.0,0
2026-08-04 14:36:07,0.0,0
2026-08-04 14:36:07,0.0,0
2026-08-04 14:36:07,0.0,0
2026-08-04 14:36:07,0.0,0
2026-08-04 14:36:07,0.0,0
2026-08-04 14:36:07,0.0,0
2026-08-04 14:36:07,0.0,0
2026-08-04 14:36:07,0.0,0
2026-08-04 14:36:07,0.0,0
2026-08-04 14:36:07,0.0,0
2026-08-04 14:36:07,0.0,0
2026-08-04 14:36:07,0.0,0
2026-08-04 14:36:07,0.0,0
2026-08-04 14:36:07,0.0,0
2026-08-04 14:36:07,0.0,0
2026-08-04 14:36:08,0.0,0
2026-08-04 14:36:08,0.0,0
2026-08-04 14:36:08,0.0,0
2026-08-04 14:36:08,0.0,0
2026-08-04 14:36:08,0.0,0
2026-08-04 14:36:08,0.0,0
2026-08-04 14:36:08,0.0,0
2026-08-04 14:36:08,0.0,0
2026-08-04 14:36:08,0.0,0
2026-08-04 14:36:08,0.0,0
2026-08-04 14:36:08,0.0,0
2026-08-04 14:36:08,0.0,0
2026-08-04 14:36:08,0.0,0
2026-08-04 14:36:08,0.0,0
2026-08-04 14:36:08,0.0,0
2026-08-04 14:36:08,0.0,0
2026-08-04 14:36:08,0.0,0
2026-08-04 14:36:08,0.0,0
2026-08-04 14:36:08,0.0,0
2026-08-04 14:36:08,0.0,0
2026-08-04 14:36:09,0.0,0
2026-08-04 14:36:09,0.0,0
2026-08-04 14:36:09,0.0,0
2026-08-04 14:36:09,0.0,0
2026-08-04 14:36:09,0.0,0
2026-08-04 14:36:09,0.0,0
2026-08-04 14:36:09,0.0,0
2026-08-04 14:36:09,0.0,0
2026-08-04 14:36:09,0.0,0
2026-08-04 14:36:09,0.0,0
2026-08-04 14:36:09,0.0,0
2026-08-04 14:36:09,0.0,0
2026-08-04 14:36:09,0.0,0
2026-08-04 14:36:09,0.0,0
2026-08-04 14:36:09,0.0,0
2026-08-04 14:36:09,0.0,0
2026-08-04 14:36:09,0.0,0
2026-08-04 14:36:09,0.0,0
2026-08-04 14:36:09,0.0,0
2026-08-04 14:36:09,0.0,0
2026-08-04 14:36:10,0.0,0
2026-08-04 14:36:10,0.0,0
2026-08-04 14:36:10,0.0,0
2026-08-04 14:36:10,0.0,0
2026-08-04 14:36:10,0.0,0
2026-08-04 14:36:10,0.0,0
2026-08-04 14:36:10,0.0,0
2026-08-04 14:36:10,0.0,0
2026-08-04 14:36:10,0.0,0
2026-08-04 14:36:10,0.0,0
2026-08-04 14:36:10,0.0,0
2026-08-04 14:36:10,0.0,0
2026-08-04 14:36:10,0.0,0
2026-08-04 14:36:10,0.0,0
2026-08-04 14:36:10,0.0,0
2026-08-04 14:36:10,0.0,0
2026-08-04 14:36:10,0.0,0
2026-08-04 14:36:10,0.0,0
2026-08-04 14:36:10,0.0,0
2026-08-04 14:36:10,0.0,0
2026-08-04 14:36:11,0.0,0
2026-08-04 14:36:11,0.0,0
2026-08-04 14:36:11,0.0,0
2026-08-04 14:36:11,0.0,0
2026-08-04 14:36:11,0.0,0
2026-08-04 14:36:11,0.0,0
2026-08-04 14:36:11,0.0,0
2026-08-04 14:36:11,0.0,0
2026-08-04 14:36:11,0.0,0
2026-08-04 14:36:11,0.0,0
2026-08-04 14:36:11,0.0,0
2026-08-04 14:36:11,0.0,0
2026-08-04 14:36:11,0.0,0
2026-08-04 14:36:11,0.0,0
2026-08-04 14:36:11,0.0,0
2026-08-04 14:36:11,0.0,0
2026-08-04 14:36:11,0.0,0
2026-08-04 14:36:11,0.0,0
2026-08-04 14:36:11,0.0,0
2026-08-04 14:36:11,0.0,0
2026-08-04 14:36:12,0.0,0
2026-08-04 14:36:12,0.0,0
2026-08-04 14:36:12,0.0,0
2026-08-04 14:36:12,0.0,0
2026-08-04 14:36:12,0.0,0
2026-08-04 14:36:12,0.0,0
2026-08-04 14:36:12,0.0,0
2026-08-04 14:36:12,0.0,0
2026-08-04 14:36:12,0.0,0
2026-08-04 14:36:12,0.0,0
2026-08-04 14:36:12,0.0,0
2026-08-04 14:36:12,0.0,0
2026-08-04 14:36:12,0.0,0
2026-08-04 14:36:12,0.0,0
2026-08-04 14:36:12,0.0,0
2026-08-04 14:36:12,0.0,0
2026-08-04 14:36:12,0.0,0
2026-08-04 14:36:12,0.0,0
2026-08-04 14:36:12,0.0,0
2026-08-04 14:36:12,0.0,0
2026-08-04 14:36:13,0.0,0
2026-08-04 14:36:13,0.0,0
2026-08-04 14:36:13,0.0,0
2026-08-04 14:36:13,0.0,0
2026-08-04 14:36:13,0.0,0
2026-08-04 14:36:13,0.0,0
2026-08-04 14:36:13,0.0,0
2026-08-04 14:36:13,0.0,0
2026-08-04 14:36:13,0.0,0
2026-08-04 14:36:13,0.0,0
2026-08-04 14:36:13,0.0,0
2026-08-04 14:36:13,0.0,0
2026-08-04 14:36:13,0.0,0
2026-08-04 14:36:13,0.0,0
2026-08-04 14:36:13,0.0,0
2026-08-04 14:36:13,0.0,0
2026-08-04 14:36:13,0.0,0
2026-08-04 14:36:13,0.0,0
2026-08-04 14:36:13,0.0,0
2026-08-04 14:36:13,0.0,0
2026-08-04 14:36:14,0.0,0
2026-08-04 14:36:14,0.0,0
2026-08-04 14:36:14,0.0,0
2026-08-04 14:36:14,0.0,0
2026-08-04 14:36:14,0.0,0
2026-08-04 14:36:14,0.0,0
2026-08-04 14:36:14,0.0,0
2026-08-04 14:36:14,0.0,0
2026-08-04 14:36:14,0.0,0
2026-08-04 14:36:14,0.0,0
2026-08-04 14:36:14,0.0,0
2026-08-04 14:36:14,0.0,0
2026-08-04 14:36:14,0.0,0
2026-08-04 14:36:14,0.0,0
2026-08-04 14:36:14,0.0,0
2026-08-04 14:36:14,0.0,0
2026-08-04 14:36:14,0.0,0
2026-08-04 14:36:14,0.0,0
2026-08-04 14:36:14,0.0,0
2026-08-04 14:36:14,0.0,0
2026-08-04 14:36:15,0.0,0
2026-08-04 14:36:15,0.0,0
2026-08-04 14:36:15,0.0,0
2026-08-04 14:36:15,0.0,0
2026-08-04 14:36:15,0.0,0
2026-08-04 14:36:15,0.0,0
2026-08-04 14:36:15,0.0,0
2026-08-04 14:36:15,0.0,0
2026-08-04 14:36:15,0.0,0
2026-08-04 14:36:15,0.0,0
2026-08-04 14:36:15,0.0,0
2026-08-04 14:36:15,0.0,0
2026-08-04 14:36:15,0.0,0
2026-08-04 14:36:15,0.0,0
2026-08-04 14:36:15,0.0,0
2026-08-04 14:36:15,0.0,0
2026-08-04 14:36:15,0.0,0
2026-08-04 14:36:15,0.0,0
2026-08-04 14:36:15,0.0,0
2026-08-04 14:36:15,0.0,0
2026-08-04 14:36:16,0.0,0
2026-08-04 14:36:16,0.0,0
2026-08-04 14:36:16,0.0,0
2026-08-04 14:36:16,0.0,0
2026-08-04 14:36:16,0.0,0
2026-08-04 14:36:16,0.0,0
2026-08-04 14:36:16,0.0,0
2026-08-04 14:36:16,0.0,0
2026-08-04 14:36:16,0.0,0
2026-08-04 14:36:16,0.0,0
2026-08-04 14:36:16,0.0,0
2026-08-04 14:36:16,0.0,0
2026-08-04 14:36:16,0.0,0
2026-08-04 14:36:16,0.0,0
2026-08-04 14:36:16,0.0,0
2026-08-04 14:36:16,0.0,0
2026-08-04 14:36:16,0.0,0
2026-08-04 14:36:16,0.0,0
2026-08-04 14:36:16,0.0,0
2026-08-04 14:36:16,0.0,0
2026-08-04 14:36:17,0.0,0
2026-08-04 14:36:17,0.0,0
2026-08-04 14:36:17,0.0,0
2026-08-04 14:36:17,0.0,0
2026-08-04 14:36:17,0.0,0
2026-08-04 14:36:17,0.0,0
2026-08-04 14:36:17,0.0,0
2026-08-04 14:36:17,0.0,0
2026-08-04 14:36:17,0.0,0
2026-08-04 14:36:17,0.0,0
2026-08-04 14:36:17,0.0,0
2026-08-04 14:36:17,0.0,0
2026-08-04 14:36:17,0.0,0
2026-08-04 14:36:17,0.0,0
2026-08-04 14:36:17,0.0,0
2026-08-04 14:36:17,0.0,0
2026-08-04 14:36:17,0.0,0
2026-08-04 14:36:17,0.0,0
2026-08-04 14:36:17,0.0,0
2026-08-04 14:36:17,0.0,0
2026-08-04 14:36:18,0.0,0
2026-08-04 14:36:18,0.0,0
2026-08-04 14:36:18,0.0,0
2026-08-04 14:36:18,0.0,0
2026-08-04 14:36:18,0.0,0
2026-08-04 14:36:18,0.0,0
2026-08-04 14:36:18,0.0,0
2026-08-04 14:36:18,0.0,0
2026-08-04 14:36:18,0.0,0
2026-08-04 14:36:18,0.0,0
2026-08-04 14:36:18,0.0,0
2026-08-04 14:36:18,0.0,0
2026-08-04 14:36:18,0.0,0
2026-08-04 14:36:18,0.0,0
2026-08-04 14:36:18,0.0,0
2026-08-04 14:36:18,0.0,0
2026-08-04 14:36:18,0.0,0
2026-08-04 14:36:18,0.0,0
2026-08-04 14:36:18,0.0,0
2026-08-04 14:36:18,0.0,0
2026-08-04 14:36:19,0.0,0
2026-08-04 14:36:19,0.0,0
2026-08-04 14:36:19,0.0,0
2026-08-04 14:36:19,0.0,0
2026-08-04 14:36:19,0.0,0
2026-08-04 14:36:19,0.0,0
2026-08-04 14:36:19,0.0,0
2026-08-04 14:36:19,0.0,0
2026-08-04 14:36:19,0.0,0
2026-08-04 14:36:19,0.0,0
2026-08-04 14:36:19,0.0,0
2026-08-04 14:36:19,0.0,0
2026-08-04 14:36:19,0.0,0
2026-08-04 14:36:19,0.0,0
2026-08-04 14:36:19,0.0,0
2026-08-04 14:36:19,0.0,0
2026-08-04 14:36:19,0.0,0
2026-08-04 14:36:19,0.0,0
2026-08-04 14:36:19,0.0,0
2026-08-04 14:36:19,0.0,0
2026-08-04 14:36:20,0.0,0
2026-08-04 14:36:20,0.0,0
2026-08-04 14:36:20,0.0,0
2026-08-04 14:36:20,0.0,0
2026-08-04 14:36:20,0.0,0
2026-08-04 14:36:20,0.0,0
2026-08-04 14:36:20,0.0,0
2026-08-04 14:36:20,0.0,0
2026-08-04 14:36:20,0.0,0
2026-08-04 14:36:20,0.0,0
2026-08-04 14:36:20,0.0,0
2026-08-04 14:36:20,0.0,0
2026-08-04 14:36:20,0.0,0
2026-08-04 14:36:20,0.0,0
2026-08-04 14:36:20,0.0,0
2026-08-04 14:36:20,0.0,0
2026-08-04 14:36:20,0.0,0
2026-08-04 14:36:20,0.0,0
2026-08-04 14:36:20,0.0,0
2026-08-04 14:36:20,0.0,0
2026-08-04 14:36:21,0.0,0
2026-08-04 14:36:21,0.0,0
2026-08-04 14:36:21,0.0,0
2026-08-04 14:36:21,0.0,0
2026-08-04 14:36:21,0.0,0
2026-08-04 14:36:21,0.0,0
2026-08-04 14:36:21,0.0,0
2026-08-04 14:36:21,0.0,0
2026-08-04 14:36:21,0.0,0
2026-08-04 14:36:21,0.0,0
2026-08-04 14:36:21,0.0,0
2026-08-04 14:36:21,0.0,0
2026-08-04 14:36:21,0.0,0
2026-08-04 14:36:21,0.0,0
2026-08-04 14:36:21,0.0,0
2026-08-04 14:36:21,0.0,0
2026-08-04 14:36:21,0.0,0
2026-08-04 14:36:21,0.0,0
2026-08-04 14:36:21,0.0,0
2026-08-04 14:36:21,0.0,0
2026-08-04 14:36:22,0.0,0
2026-08-04 14:36:22,0.0,0
2026-08-04 14:36:22,0.0,0
2026-08-04 14:36:22,0.0,0
2026-08-04 14:36:22,0.0,0
2026-08-04 14:36:22,0.0,0
2026-08-04 14:36:22,0.0,0
2026-08-04 14:36:22,0.0,0
2026-08-04 14:36:22,0.0,0
2026-08-04 14:36:22,0.0,0
2026-08-04 14:36:22,0.0,0
2026-08-04 14:36:22,0.0,0
2026-08-04 14:36:22,0.0,0
2026-08-04 14:36:22,0.0,0
2026-08-04 14:36:22,0.0,0
2026-08-04 14:36:22,0.0,0
2026-08-04 14:36:22,0.0,0
2026-08-04 14:36:22,0.0,0
2026-08-04 14:36:22,0.0,0
2026-08-04 14:36:22,0.0,0
2026-08-04 14:36:23,0.0,0
2026-08-04 14:36:23,0.0,0
2026-08-04 14:36:23,0.0,0
2026-08-04 14:36:23,0.0,0
2026-08-04 14:36:23,0.0,0
2026-08-04 14:36:23,0.0,0
2026-08-04 14:36:23,0.0,0
2026-08-04 14:36:23,0.0,0
2026-08-04 14:36:23,0.0,0
2026-08-04 14:36:23,0.0,0
2026-08-04 14:36:23,0.0,0
2026-08-04 14:36:23,0.0,0
2026-08-04 14:36:23,0.0,0
2026-08-04 14:36:23,0.0,0
2026-08-04 14:36:23,0.0,0
2026-08-04 14:36:23,0.0,0
2026-08-04 14:36:23,0.0,0
2026-08-04 14:36:23,0.0,0
2026-08-04 14:36:23,0.0,0
2026-08-04 14:36:23,0.0,0
2026-08-04 14:36:24,0.0,0
2026-08-04 14:36:24,0.0,0
2026-08-04 14:36:24,0.0,0
2026-08-04 14:36:24,0.0,0
2026-08-04 14:36:24,0.0,0
2026-08-04 14:36:24,0.0,0
2026-08-04 14:36:24,0.0,0
2026-08-04 14:36:24,0.0,0
2026-08-04 14:36:24,0.0,0
2026-08-04 14:36:24,0.0,0
2026-08-04 14:36:24,0.0,0
2026-08-04 14:36:24,0.0,0
2026-08-04 14:36:24,0.0,0
2026-08-04 14:36:24,0.0,0
2026-08-04 14:36:24,0.0,0
2026-08-04 14:36:24,0.0,0
2026-08-04 14:36:24,0.0,0
2026-08-04 14:36:24,0.0,0
2026-08-04 14:36:24,0.0,0
2026-08-04 14:36:24,0.0,0
2026-08-04 14:36:25,0.0,0
2026-08-04 14:36:25,0.0,0
2026-08-04 14:36:25,0.0,0
2026-08-04 14:36:25,0.0,0
2026-08-04 14:36:25,0.0,0
2026-08-04 14:36:25,0.0,0
2026-08-04 14:36:25,0.0,0
2026-08-04 14:36:25,0.0,0
2026-08-04 14:36:25,0.0,0
2026-08-04 14:36:25,0.0,0
2026-08-04 14:36:25,0.0,0
2026-08-04 14:36:25,0.0,0
2026-08-04 14:36:25,0.0,0
2026-08-04 14:36:25,0.0,0
2026-08-04 14:36:25,0.0,0
2026-08-04 14:36:25,0.0,0
2026-08-04 14:36:25,0.0,0
2026-08-04 14:36:25,0.0,0
2026-08-04 14:36:25,0.0,0
2026-08-04 14:36:25,0.0,0
2026-08-04 14:36:26,0.0,0
2026-08-04 14:36:26,0.0,0
2026-08-04 14:36:26,0.0,0
2026-08-04 14:36:26,0.0,0
2026-08-04 14:36:26,0.0,0
2026-08-04 14:36:26,0.0,0
2026-08-04 14:36:26,0.0,0
2026-08-04 14:36:26,0.0,0
2026-08-04 14:36:26,0.0,0
2026-08-04 14:36:26,0.0,0
2026-08-04 14:36:26,0.0,0
2026-08-04 14:36:26,0.0,0
2026-08-04 14:36:26,0.0,0
2026-08-04 14:36:26,0.0,0
2026-08-04 14:36:26,0.0,0
2026-08-04 14:36:26,0.0,0
2026-08-04 14:36:26,0.0,0
2026-08-04 14:36:26,0.0,0
2026-08-04 14:36:26,0.0,0
2026-08-04 14:36:26,0.0,0
2026-08-04 14:36:27,0.0,0
2026-08-04 14:36:27,0.0,0
2026-08-04 14:36:27,0.0,0
2026-08-04 14:36:27,0.0,0
2026-08-04 14:36:27,0.0,0
2026-08-04 14:36:27,0.0,0
2026-08-04 14:36:27,0.0,0
2026-08-04 14:36:27,0.0,0
2026-08-04 14:36:27,0.0,0
2026-08-04 14:36:27,0.0,0
2026-08-04 14:36:27,0.0,0
2026-08-04 14:36:27,0.0,0
2026-08-04 14:36:27,0.0,0
2026-08-04 14:36:27,0.0,0
2026-08-04 14:36:27,0.0,0
2026-08-04 14:36:27,0.0,0
2026-08-04 14:36:27,0.0,0
2026-08-04 14:36:27,0.0,0
2026-08-04 14:36:27,0.0,0
2026-08-04 14:36:27,0.0,0
2026-08-04 14:36:28,0.0,0
2026-08-04 14:36:28,0.0,0
2026-08-04 14:36:28,0.0,0
2026-08-04 14:36:28,0.0,0
2026-08-04 14:36:28,0.0,0
2026-08-04 14:36:28,0.0,0
2026-08-04 14:36:28,0.0,0
2026-08-04 14:36:28,0.0,0
2026-08-04 14:36:28,0.0,0
2026-08-04 14:36:28,0.0,0
2026-08-04 14:36:28,0.0,0
2026-08-04 14:36:28,0.0,0
2026-08-04 14:36:28,0.0,0
2026-08-04 14:36:28,0.0,0
2026-08-04 14:36:28,0.0,0
2026-08-04 14:36:28,0.0,0
2026-08-04 14:36:28,0.0,0
2026-08-04 14:36:28,0.0,0
2026-08-04 14:36:28,0.0,0
2026-08-04 14:36:28,0.0,0
2026-08-04 14:36:29,0.0,0
2026-08-04 14:36:29,0.0,0
2026-08-04 14:36:29,0.0,0
2026-08-04 14:36:29,0.0,0
2026-08-04 14:36:29,0.0,0
2026-08-04 14:36:29,0.0,0
2026-08-04 14:36:29,0.0,0
2026-08-04 14:36:29,0.0,0
2026-08-04 14:36:29,0.0,0
2026-08-04 14:36:29,0.0,0
2026-08-04 14:36:29,0.0,0
2026-08-04 14:36:29,0.0,0
2026-08-04 14:36:29,0.0,0
2026-08-04 14:36:29,0.0,0
2026-08-04 14:36:29,0.0,0
2026-08-04 14:36:29,0.0,0
2026-08-04 14:36:29,0.0,0
2026-08-04 14:36:29,0.0,0
2026-08-04 14:36:29,0.0,0
2026-08-04 14:36:29,0.0,0
2026-08-04 14:36:30,0.0,0
2026-08-04 14:36:30,0.0,0
2026-08-04 14:36:30,0.0,0
2026-08-04 14:36:30,0.0,0
2026-08-04 14:36:30,0.0,0
2026-08-04 14:36:30,0.0,0
2026-08-04 14:36:30,0.0,0
2026-08-04 14:36:30,0.0,0
2026-08-04 14:36:30,0.0,0
2026-08-04 14:36:30,0.0,0
2026-08-04 14:36:30,0.0,0
2026-08-04 14:36:30,0.0,0
2026-08-04 14:36:30,0.0,0
2026-08-04 14:36:30,0.0,0
2026-08-04 14:36:30,0.0,0
2026-08-04 14:36:30,0.0,0
2026-08-04 14:36:30,0.0,0
2026-08-04 14:36:30,0.0,0
2026-08-04 14:36:30,0.0,0
2026-08-04 14:36:30,0.0,0
2026-08-04 14:36:31,0.0,0
2026-08-04 14:36:31,0.0,0
2026-08-04 14:36:31,0.0,0
2026-08-04 14:36:31,0.0,0
2026-08-04 14:36:31,0.0,0
2026-08-04 14:36:31,0.0,0
2026-08-04 14:36:31,0.0,0
2026-08-04 14:36:31,0.0,0
2026-08-04 14:36:31,0.0,0
2026-08-04 14:36:31,0.0,0
2026-08-04 14:36:31,0.0,0
2026-08-04 14:36:31,0.0,0
2026-08-04 14:36:31,0.0,0
2026-08-04 14:36:31,0.0,0
2026-08-04 14:36:31,0.0,0
2026-08-04 14:36:31,0.0,0
2026-08-04 14:36:31,0.0,0
2026-08-04 14:36:31,0.0,0
2026-08-04 14:36:31,0.0,0
2026-08-04 14:36:31,0.0,0
2026-08-04 14:36:32,0.0,0
2026-08-04 14:36:32,0.0,0
2026-08-04 14:36:32,0.0,0
2026-08-04 14:36:32,0.0,0
2026-08-04 14:36:32,0.0,0
2026-08-04 14:36:32,0.0,0
2026-08-04 14:36:32,0.0,0
2026-08-04 14:36:32,0.0,0
2026-08-04 14:36:32,0.0,0
2026-08-04 14:36:32,0.0,0
2026-08-04 14:36:32,0.0,0
2026-08-04 14:36:32,0.0,0
2026-08-04 14:36:32,0.0,0
2026-08-04 14:36:32,0.0,0
2026-08-04 14:36:32,0.0,0
2026-08-04 14:36:32,0.0,0
2026-08-04 14:36:32,0.0,0
2026-08-04 14:36:32,0.0,0
2026-08-04 14:36:32,0.0,0
2026-08-04 14:36:32,0.0,0
2026-08-04 14:36:33,0.0,0
2026-08-04 14:36:33,0.0,0
2026-08-04 14:36:33,0.0,0
2026-08-04 14:36:33,0.0,0
2026-08-04 14:36:33,0.0,0
2026-08-04 14:36:33,0.0,0
2026-08-04 14:36:33,0.0,0
2026-08-04 14:36:33,0.0,0
2026-08-04 14:36:33,0.0,0
2026-08-04 14:36:33,0.0,0
2026-08-04 14:36:33,0.0,0
2026-08-04 14:36:33,0.0,0
2026-08-04 14:36:33,0.0,0
2026-08-04 14:36:33,0.0,0
2026-08-04 14:36:33,0.0,0
2026-08-04 14:36:33,0.0,0
2026-08-04 14:36:33,0.0,0
2026-08-04 14:36:33,0.0,0
2026-08-04 14:36:33,0.0,0
2026-08-04 14:36:33,0.0,0
2026-08-04 14:36:34,0.0,0
2026-08-04 14:36:34,0.0,0
2026-08-04 14:36:34,0.0,0
2026-08-04 14:36:34,0.0,0
2026-08-04 14:36:34,0.0,0
2026-08-04 14:36:34,0.0,0
2026-08-04 14:36:34,0.0,0
2026-08-04 14:36:34,0.0,0
2026-08-04 14:36:34,0.0,0
2026-08-04 14:36:34,0.0,0
2026-08-04 14:36:34,0.0,0
2026-08-04 14:36:34,0.0,0
2026-08-04 14:36:34,0.0,0
2026-08-04 14:36:34,0.0,0
2026-08-04 14:36:34,0.0,0
2026-08-04 14:36:34,0.0,0
2026-08-04 14:36:34,0.0,0
2026-08-04 14:36:34,0.0,0
2026-08-04 14:36:34,0.0,0
2026-08-04 14:36:34,0.0,0
2026-08-04 14:36:35,0.0,0
2026-08-04 14:36:35,0.0,0
2026-08-04 14:36:35,0.0,0
2026-08-04 14:36:35,0.0,0
2026-08-04 14:36:35,0.0,0
2026-08-04 14:36:35,0.0,0
2026-08-04 14:36:35,0.0,0
2026-08-04 14:36:35,0.0,0
2026-08-04 14:36:35,0.0,0
2026-08-04 14:36:35,0.0,0
2026-08-04 14:36:35,0.0,0
2026-08-04 14:36:35,0.0,0
2026-08-04 14:36:35,0.0,0
2026-08-04 14:36:35,0.0,0
2026-08-04 14:36:35,0.0,0
2026-08-04 14:36:35,0.0,0
2026-08-04 14:36:35,0.0,0
2026-08-04 14:36:35,0.0,0
2026-08-04 14:36:35,0.0,0
2026-08-04 14:36:35,0.0,0
2026-08-04 14:36:36,0.0,0
2026-08-04 14:36:36,0.0,0
2026-08-04 14:36:36,0.0,0
2026-08-04 14:36:36,0.0,0
2026-08-04 14:36:36,0.0,0
2026-08-04 14:36:36,0.0,0
2026-08-04 14:36:36,0.0,0
2026-08-04 14:36:36,0.0,0
2026-08-04 14:36:36,0.0,0
2026-08-04 14:36:36,0.0,0
2026-08-04 14:36:36,0.0,0
2026-08-04 14:36:36,0.0,0
2026-08-04 14:36:36,0.0,0
2026-08-04 14:36:36,0.0,0
2026-08-04 14:36:36,0.0,0
2026-08-04 14:36:36,0.0,0
2026-08-04 14:36:36,0.0,0
2026-08-04 14:36:36,0.0,0
2026-08-04 14:36:36,0.0,0
2026-08-04 14:36:36,0.0,0
2026-08-04 14:36:37,0.0,0
2026-08-04 14:36:37,0.0,0
2026-08-04 14:36:37,0.0,0
2026-08-04 14:36:37,0.0,0
2026-08-04 14:36:37,0.0,0
2026-08-04 14:36:37,0.0,0
2026-08-04 14:36:37,0.0,0
2026-08-04 14:36:37,0.0,0
2026-08-04 14:36:37,0.0,0
2026-08-04 14:36:37,0.0,0
2026-08-04 14:36:37,0.0,0
2026-08-04 14:36:37,0.0,0
2026-08-04 14:36:37,0.0,0
2026-08-04 14:36:37,0.0,0
2026-08-04 14:36:37,0.0,0
2026-08-04 14:36:37,0.0,0
2026-08-04 14:36:37,0.0,0
2026-08-04 14:36:37,0.0,0
2026-08-04 14:36:37,0.0,0
2026-08-04 14:36:37,0.0,0
2026-08-04 14:36:38,0.0,0
2026-08-04 14:36:38,0.0,0
2026-08-04 14:36:38,0.0,0
2026-08-04 14:36:38,0.0,0
2026-08-04 14:36:38,0.0,0
2026-08-04 14:36:38,0.0,0
2026-08-04 14:36:38,0.0,0
2026-08-04 14:36:38,0.0,0
2026-08-04 14:36:38,0.0,0
2026-08-04 14:36:38,0.0,0
2026-08-04 14:36:38,0.0,0
2026-08-04 14:36:38,0.0,0
2026-08-04 14:36:38,0.0,0
2026-08-04 14:36:38,0.0,0
2026-08-04 14:36:38,0.0,0
2026-08-04 14:36:38,0.0,0
2026-08-04 14:36:38,0.0,0
2026-08-04 14:36:38,0.0,0
2026-08-04 14:36:38,0.0,0
2026-08-04 14:36:38,0.0,0
2026-08-04 14:36:39,0.0,0
2026-08-04 14:36:39,0.0,1
2026-08-04 14:36:39,0.0,1
2026-08-04 14:36:39,0.0,1
2026-08-04 14:36:39,0.0,1
2026-08-04 14:36:39,0.0,1
2026-08-04 14:36:39,0.0,1
2026-08-04 14:36:39,0.0,1
2026-08-04 14:36:39,0.0,1
2026-08-04 14:36:39,0.0,1
2026-08-04 14:36:39,0.0,1
2026-08-04 14:36:39,0.0,1
2026-08-04 14:36:39,0.0,1
2026-08-04 14:36:39,0.0,1
2026-08-04 14:36:39,0.0,1
2026-08-04 14:36:39,0.0,1
2026-08-04 14:36:39,0.0,1
2026-08-04 14:36:39,0.0,1
2026-08-04 14:36:39,0.0,1
2026-08-04 14:36:39,0.0,1
2026-08-04 14:36:40,0.0,1
2026-08-04 14:36:40,0.0,1
2026-08-04 14:36:40,0.0,1
2026-08-04 14:36:40,0.0,1
2026-08-04 14:36:40,0.0,1
2026-08-04 14:36:40,0.0,1
2026-08-04 14:36:40,0.0,1
2026-08-04 14:36:40,0.0,1
2026-08-04 14:36:40,0.0,1
2026-08-04 14:36:40,0.0,1
2026-08-04 14:36:40,0.0,1
2026-08-04 14:36:40,0.0,1
2026-08-04 14:36:40,0.0,1
2026-08-04 14:36:40,0.0,1
2026-08-04 14:36:40,0.0,1
2026-08-04 14:36:40,0.0,1
2026-08-04 14:36:40,0.0,1
2026-08-04 14:36:40,0.0,1
2026-08-04 14:36:40,0.0,1
2026-08-04 14:36:40,0.0,1
2026-08-04 14:36:41,0.0,1
2026-08-04 14:36:41,0.0,1
2026-08-04 14:36:41,0.0,1
2026-08-04 14:36:41,0.0,1
2026-08-04 14:36:41,0.0,1
2026-08-04 14:36:41,0.0,1
2026-08-04 14:36:41,0.0,1
2026-08-04 14:36:41,0.0,1
2026-08-04 14:36:41,0.0,1
2026-08-04 14:36:41,0.0,1
2026-08-04 14:36:41,0.0,1
2026-08-04 14:36:41,0.0,1
2026-08-04 14:36:41,0.0,1
2026-08-04 14:36:41,0.0,1
2026-08-04 14:36:41,0.0,1
2026-08-04 14:36:41,0.0,1
2026-08-04 14:36:41,0.0,1
2026-08-04 14:36:41,0.0,1
2026-08-04 14:36:41,0.0,1
2026-08-04 14:36:41,0.0,1
2026-08-04 14:36:42,0.0,1
2026-08-04 14:36:42,0.0,1
2026-08-04 14:36:42,0.0,1
2026-08-04 14:36:42,0.0,1
2026-08-04 14:36:42,0.0,1
2026-08-04 14:36:42,0.0,1
2026-08-04 14:36:42,0.0,1
2026-08-04 14:36:42,0.0,1
2026-08-04 14:36:42,0.0,1
2026-08-04 14:36:42,0.0,1
2026-08-04 14:36:42,0.0,1
2026-08-04 14:36:42,0.0,1
2026-08-04 14:36:42,0.0,1
2026-08-04 14:36:42,0.0,1
2026-08-04 14:36:42,0.0,1
2026-08-04 14:36:42,0.0,1
2026-08-04 14:36:42,0.0,1
2026-08-04 14:36:42,0.0,1
2026-08-04 14:36:42,0.0,1
2026-08-04 14:36:42,0.0,1
2026-08-04 14:36:43,0.0,1
2026-08-04 14:36:43,0.0,1
2026-08-04 14:36:43,0.0,1
2026-08-04 14:36:43,0.0,1
2026-08-04 14:36:43,0.0,1
2026-08-04 14:36:43,0.0,1
2026-08-04 14:36:43,0.0,1
2026-08-04 14:36:43,0.0,1
2026-08-04 14:36:43,0.0,1
2026-08-04 14:36:43,0.0,1
2026-08-04 14:36:43,0.0,1
2026-08-04 14:36:43,0.0,1
2026-08-04 14:36:43,0.0,1
2026-08-04 14:36:43,0.0,1
2026-08-04 14:36:43,0.0,1
2026-08-04 14:36:43,0.0,1
2026-08-04 14:36:43,0.0,1
2026-08-04 14:36:43,0.0,1
2026-08-04 14:36:43,0.0,1
2026-08-04 14:36:43,0.0,1
2026-08-04 14:36:44,0.0,1
2026-08-04 14:36:44,0.0,1
2026-08-04 14:36:44,0.0,1
2026-08-04 14:36:44,0.0,1
2026-08-04 14:36:44,0.0,1
2026-08-04 14:36:44,0.0,1
2026-08-04 14:36:44,0.0,1
2026-08-04 14:36:44,0.0,1
2026-08-04 14:36:44,0.0,1
2026-08-04 14:36:44,0.0,1
2026-08-04 14:36:44,0.0,1
2026-08-04 14:36:44,0.0,1
2026-08-04 14:36:44,0.0,1
2026-08-04 14:36:44,0.0,1
2026-08-04 14:36:44,0.0,1
2026-08-04 14:36:44,0.0,1
2026-08-04 14:36:44,0.0,1
2026-08-04 14:36:44,0.0,1
2026-08-04 14:36:44,0.0,1
2026-08-04 14:36:44,0.0,1
2026-08-04 14:36:45,0.0,1
2026-08-04 14:36:45,0.0,1
2026-08-04 14:36:45,0.0,1
2026-08-04 14:36:45,0.0,1
2026-08-04 14:36:45,0.0,1
2026-08-04 14:36:45,0.0,1
2026-08-04 14:36:45,0.0,1
2026-08-04 14:36:45,0.0,1
2026-08-04 14:36:45,0.0,1
2026-08-04 14:36:45,0.0,1
2026-08-04 14:36:45,0.0,1
2026-08-04 14:36:45,0.0,1
2026-08-04 14:36:45,0.0,1
2026-08-04 14:36:45,0.0,1
2026-08-04 14:36:45,0.0,1
2026-08-04 14:36:45,0.0,1
2026-08-04 14:36:45,0.0,1
2026-08-04 14:36:45,0.0,1
2026-08-04 14:36:45,0.0,1
2026-08-04 14:36:45,0.0,1
2026-08-04 14:36:46,0.0,1
2026-08-04 14:36:46,0.0,1
2026-08-04 14:36:46,0.765625,1
2026-08-04 14:36:46,0.765625,1
2026-08-04 14:36:46,0.84375,1
2026-08-04 14:36:46,0.84375,1
2026-08-04 14:36:46,0.84375,1
2026-08-04 14:36:46,0.84375,1
2026-08-04 14:36:46,1.65625,1
2026-08-04 14:36:46,1.65625,1
2026-08-04 14:36:46,1.6875,1
2026-08-04 14:36:46,1.6875,1
2026-08-04 14:36:46,1.703125,1
2026-08-04 14:36:46,1.703125,1
2026-08-04 14:36:46,1.765625,1
2026-08-04 14:36:46,1.765625,1
2026-08-04 14:36:46,2.21875,1
2026-08-04 14:36:46,2.21875,1
2026-08-04 14:36:46,2.234375,1
2026-08-04 14:36:46,2.234375,1
2026-08-04 14:36:47,2.296875,1
2026-08-04 14:36:47,2.296875,1
2026-08-04 14:36:47,2.34375,1
2026-08-04 14:36:47,2.34375,1
2026-08-04 14:36:47,2.921875,1
2026-08-04 14:36:47,2.921875,1
2026-08-04 14:36:47,2.953125,1
2026-08-04 14:36:47,2.953125,1
2026-08-04 14:36:47,2.953125,1
2026-08-04 14:36:47,2.953125,1
2026-08-04 14:36:47,3.65625,1
2026-08-04 14:36:47,3.65625,1
2026-08-04 14:36:47,3.875,1
2026-08-04 14:36:47,3.875,1
2026-08-04 14:36:47,4.03125,1
2026-08-04 14:36:47,4.03125,1
2026-08-04 14:36:47,4.03125,1
2026-08-04 14:36:47,4.03125,1
2026-08-04 14:36:47,4.96875,1
2026-08-04 14:36:47,4.96875,1
2026-08-04 14:36:48,4.890625,1
2026-08-04 14:36:48,4.890625,1
2026-08-04 14:36:48,4.828125,1
2026-08-04 14:36:48,4.828125,1
2026-08-04 14:36:48,5.734375,1
2026-08-04 14:36:48,5.734375,1
2026-08-04 14:36:48,5.8125,1
2026-08-04 14:36:48,5.8125,1
2026-08-04 14:36:48,5.796875,1
2026-08-04 14:36:48,5.796875,1
2026-08-04 14:36:48,5.765625,1
2026-08-04 14:36:48,5.765625,1
2026-08-04 14:36:48,6.453125,1
2026-08-04 14:36:48,6.453125,1
2026-08-04 14:36:48,6.4375,1
2026-08-04 14:36:48,6.4375,1
2026-08-04 14:36:48,6.46875,1
2026-08-04 14:36:48,6.46875,1
2026-08-04 14:36:48,7.484375,1
2026-08-04 14:36:48,7.484375,1
2026-08-04 14:36:49,7.46875,1
2026-08-04 14:36:49,7.46875,1
2026-08-04 14:36:49,7.46875,1
2026-08-04 14:36:49,7.46875,1
2026-08-04 14:36:49,7.46875,1
2026-08-04 14:36:49,7.46875,1
2026-08-04 14:36:49,8.3125,1
2026-08-04 14:36:49,8.3125,1
2026-08-04 14:36:49,8.34375,1
2026-08-04 14:36:49,8.34375,1
2026-08-04 14:36:49,8.46875,1
2026-08-04 14:36:49,8.46875,1
2026-08-04 14:36:49,9.03125,1
2026-08-04 14:36:49,9.03125,1
2026-08-04 14:36:49,9.015625,1
2026-08-04 14:36:49,9.015625,1
2026-08-04 14:36:49,9.0,1
2026-08-04 14:36:49,9.0,1
2026-08-04 14:36:49,9.09375,1
2026-08-04 14:36:49,9.09375,1
2026-08-04 14:36:50,9.734375,1
2026-08-04 14:36:50,9.734375,1
2026-08-04 14:36:50,9.828125,1
2026-08-04 14:36:50,9.828125,1
2026-08-04 14:36:50,9.859375,1
2026-08-04 14:36:50,9.859375,1
2026-08-04 14:36:50,9.875,1
2026-08-04 14:36:50,9.875,1
2026-08-04 14:36:50,10.828125,1
2026-08-04 14:36:50,10.828125,1
2026-08-04 14:36:50,10.875,1
2026-08-04 14:36:50,10.875,1
2026-08-04 14:36:50,10.90625,1
2026-08-04 14:36:50,10.90625,1
2026-08-04 14:36:50,11.296875,1
2026-08-04 14:36:50,11.296875,1
2026-08-04 14:36:50,11.3125,1
2026-08-04 14:36:50,11.3125,1
2026-08-04 14:36:50,11.34375,1
2026-08-04 14:36:50,11.34375,1
2026-08-04 14:36:51,11.46875,1
2026-08-04 14:36:51,11.46875,1
2026-08-04 14:36:51,12.640625,1
2026-08-04 14:36:51,12.640625,1
2026-08-04 14:36:51,12.671875,1
2026-08-04 14:36:51,12.671875,1
2026-08-04 14:36:51,12.75,1
2026-08-04 14:36:51,12.75,1
2026-08-04 14:36:51,13.1875,1
2026-08-04 14:36:51,13.1875,1
2026-08-04 14:36:51,13.25,1
2026-08-04 14:36:51,13.25,1
2026-08-04 14:36:51,13.34375,1
2026-08-04 14:36:51,13.34375,1
2026-08-04 14:36:51,15.5625,1
2026-08-04 14:36:51,15.5625,1
2026-08-04 14:36:51,15.59375,1
2026-08-04 14:36:51,15.59375,1
2026-08-04 14:36:51,15.609375,1
2026-08-04 14:36:51,15.609375,1
2026-08-04 14:36:52,15.671875,1
2026-08-04 14:36:52,15.671875,1
2026-08-04 14:36:52,18.171875,1
2026-08-04 14:36:52,18.171875,1
2026-08-04 14:36:52,18.265625,1
2026-08-04 14:36:52,18.265625,1
2026-08-04 14:36:52,18.46875,1
2026-08-04 14:36:52,18.46875,1
2026-08-04 14:36:52,21.0625,1
2026-08-04 14:36:52,21.0625,1
2026-08-04 14:36:52,21.015625,1
2026-08-04 14:36:52,21.015625,1
2026-08-04 14:36:52,21.265625,1
2026-08-04 14:36:52,21.265625,1
2026-08-04 14:36:52,21.5,1
2026-08-04 14:36:52,21.5,1
2026-08-04 14:36:52,22.59375,1
2026-08-04 14:36:52,22.59375,1
2026-08-04 14:36:52,22.84375,1
2026-08-04 14:36:52,22.84375,1
2026-08-04 14:36:53,22.953125,1
2026-08-04 14:36:53,22.953125,1
2026-08-04 14:36:53,22.921875,1
2026-08-04 14:36:53,22.921875,1
2026-08-04 14:36:53,22.640625,1
2026-08-04 14:36:53,22.640625,1
2026-08-04 14:36:53,22.71875,1
2026-08-04 14:36:53,22.71875,1
2026-08-04 14:36:53,22.65625,1
2026-08-04 14:36:53,22.65625,1
2026-08-04 14:36:53,22.828125,1
2026-08-04 14:36:53,22.828125,1
2026-08-04 14:36:53,22.921875,1
2026-08-04 14:36:53,22.921875,1
2026-08-04 14:36:53,22.953125,1
2026-08-04 14:36:53,22.953125,1
2026-08-04 14:36:53,22.921875,1
2026-08-04 14:36:53,22.921875,1
2026-08-04 14:36:53,22.921875,1
2026-08-04 14:36:53,22.921875,1
2026-08-04 14:36:54,22.90625,1
2026-08-04 14:36:54,22.90625,1
2026-08-04 14:36:54,23.0,1
2026-08-04 14:36:54,23.0,1
2026-08-04 14:36:54,23.296875,1
2026-08-04 14:36:54,23.296875,1
2026-08-04 14:36:54,23.171875,1
2026-08-04 14:36:54,23.171875,1
2026-08-04 14:36:54,23.25,1
2026-08-04 14:36:54,23.25,1
2026-08-04 14:36:54,23.203125,1
2026-08-04 14:36:54,23.203125,1
2026-08-04 14:36:54,23.703125,1
2026-08-04 14:36:54,23.703125,1
2026-08-04 14:36:54,23.703125,1
2026-08-04 14:36:54,23.703125,1
2026-08-04 14:36:54,23.546875,1
2026-08-04 14:36:54,23.546875,1
2026-08-04 14:36:54,23.34375,1
2026-08-04 14:36:54,23.34375,1
2026-08-04 14:36:55,23.40625,1
2026-08-04 14:36:55,23.40625,1
2026-08-04 14:36:55,23.328125,1
2026-08-04 14:36:55,23.328125,1
2026-08-04 14:36:55,23.140625,1
2026-08-04 14:36:55,23.140625,1
2026-08-04 14:36:55,23.03125,1
2026-08-04 14:36:55,23.03125,1
2026-08-04 14:36:55,22.828125,1
2026-08-04 14:36:55,22.828125,1
2026-08-04 14:36:55,22.75,1
2026-08-04 14:36:55,22.75,1
2026-08-04 14:36:55,23.078125,1
2026-08-04 14:36:55,23.078125,1
2026-08-04 14:36:55,23.0,1
2026-08-04 14:36:55,23.0,1
2026-08-04 14:36:55,22.921875,1
2026-08-04 14:36:55,22.921875,1
2026-08-04 14:36:55,22.984375,1
2026-08-04 14:36:55,22.984375,1
2026-08-04 14:36:56,23.171875,1
2026-08-04 14:36:56,23.171875,1
2026-08-04 14:36:56,23.203125,1
2026-08-04 14:36:56,23.203125,1
2026-08-04 14:36:56,23.203125,1
2026-08-04 14:36:56,23.203125,1
2026-08-04 14:36:56,23.4375,1
2026-08-04 14:36:56,23.4375,1
2026-08-04 14:36:56,23.3125,1
2026-08-04 14:36:56,23.3125,1
2026-08-04 14:36:56,23.328125,1
2026-08-04 14:36:56,23.328125,1
2026-08-04 14:36:56,23.3125,1
2026-08-04 14:36:56,23.3125,1
2026-08-04 14:36:56,22.875,1
2026-08-04 14:36:56,22.875,1
2026-08-04 14:36:56,22.90625,1
2026-08-04 14:36:56,22.90625,1
2026-08-04 14:36:56,22.90625,1
2026-08-04 14:36:56,22.90625,1
2026-08-04 14:36:57,22.8125,1
2026-08-04 14:36:57,22.8125,1
2026-08-04 14:36:57,22.734375,1
2026-08-04 14:36:57,22.734375,1
2026-08-04 14:36:57,22.890625,1
2026-08-04 14:36:57,22.890625,1
2026-08-04 14:36:57,22.90625,1
2026-08-04 14:36:57,22.90625,1
2026-08-04 14:36:57,22.984375,1
2026-08-04 14:36:57,22.984375,1
2026-08-04 14:36:57,23.03125,1
2026-08-04 14:36:57,23.03125,1
2026-08-04 14:36:57,23.15625,1
2026-08-04 14:36:57,23.15625,1
2026-08-04 14:36:57,23.15625,1
2026-08-04 14:36:57,23.15625,1
2026-08-04 14:36:57,23.296875,1
2026-08-04 14:36:57,23.296875,1
2026-08-04 14:36:57,23.28125,1
2026-08-04 14:36:57,23.28125,1
2026-08-04 14:36:58,23.15625,1
2026-08-04 14:36:58,23.15625,1
2026-08-04 14:36:58,23.109375,1
2026-08-04 14:36:58,23.109375,1
2026-08-04 14:36:58,23.234375,1
2026-08-04 14:36:58,23.234375,1
2026-08-04 14:36:58,23.015625,1
2026-08-04 14:36:58,23.015625,1
2026-08-04 14:36:58,23.078125,1
2026-08-04 14:36:58,23.078125,1
2026-08-04 14:36:58,23.046875,1
2026-08-04 14:36:58,23.046875,1
2026-08-04 14:36:58,23.109375,1
2026-08-04 14:36:58,23.109375,1
2026-08-04 14:36:58,23.1875,1
2026-08-04 14:36:58,23.1875,1
2026-08-04 14:36:58,23.21875,1
2026-08-04 14:36:58,23.21875,1
2026-08-04 14:36:58,23.328125,1
2026-08-04 14:36:58,23.328125,1
2026-08-04 14:36:59,23.21875,1
2026-08-04 14:36:59,23.21875,1
2026-08-04 14:36:59,23.40625,1
2026-08-04 14:36:59,23.40625,1
2026-08-04 14:36:59,23.515625,1
2026-08-04 14:36:59,23.515625,1
2026-08-04 14:36:59,23.359375,1
2026-08-04 14:36:59,23.359375,1
2026-08-04 14:36:59,23.375,1
2026-08-04 14:36:59,23.375,1
2026-08-04 14:36:59,23.53125,1
2026-08-04 14:36:59,23.53125,1
2026-08-04 14:36:59,23.53125,1
2026-08-04 14:36:59,23.53125,1
2026-08-04 14:36:59,23.375,1
2026-08-04 14:36:59,23.375,1
2026-08-04 14:36:59,23.40625,1
2026-08-04 14:36:59,23.40625,1
2026-08-04 14:36:59,23.421875,1
2026-08-04 14:36:59,23.421875,1
2026-08-04 14:37:00,23.515625,1
2026-08-04 14:37:00,23.515625,1
2026-08-04 14:37:00,23.484375,1
2026-08-04 14:37:00,23.484375,1
2026-08-04 14:37:00,23.4375,1
2026-08-04 14:37:00,23.4375,1
2026-08-04 14:37:00,23.109375,1
2026-08-04 14:37:00,23.109375,1
2026-08-04 14:37:00,23.15625,1
2026-08-04 14:37:00,23.15625,1
2026-08-04 14:37:00,23.140625,1
2026-08-04 14:37:00,23.140625,1
2026-08-04 14:37:00,23.21875,1
2026-08-04 14:37:00,23.21875,1
2026-08-04 14:37:00,23.203125,1
2026-08-04 14:37:00,23.203125,1
2026-08-04 14:37:00,23.28125,1
2026-08-04 14:37:00,23.28125,1
2026-08-04 14:37:00,23.109375,1
2026-08-04 14:37:00,23.109375,1
2026-08-04 14:37:01,23.3125,1
2026-08-04 14:37:01,23.3125,1
2026-08-04 14:37:01,23.21875,1
2026-08-04 14:37:01,23.21875,1
2026-08-04 14:37:01,23.21875,1
2026-08-04 14:37:01,23.21875,1
2026-08-04 14:37:01,23.109375,1
2026-08-04 14:37:01,23.109375,1
2026-08-04 14:37:01,22.953125,1
2026-08-04 14:37:01,22.953125,1
2026-08-04 14:37:01,22.90625,1
2026-08-04 14:37:01,22.90625,1
2026-08-04 14:37:01,23.015625,1
2026-08-04 14:37:01,23.015625,1
2026-08-04 14:37:01,23.09375,1
2026-08-04 14:37:01,23.09375,1
2026-08-04 14:37:01,23.03125,1
2026-08-04 14:37:01,23.03125,1
2026-08-04 14:37:01,22.875,1
2026-08-04 14:37:01,22.875,1
2026-08-04 14:37:02,22.828125,1
2026-08-04 14:37:02,22.828125,1
2026-08-04 14:37:02,22.703125,1
2026-08-04 14:37:02,22.703125,1
2026-08-04 14:37:02,22.78125,1
2026-08-04 14:37:02,22.78125,1
2026-08-04 14:37:02,22.71875,1
2026-08-04 14:37:02,22.71875,1
2026-08-04 14:37:02,22.828125,1
2026-08-04 14:37:02,22.828125,1
2026-08-04 14:37:02,22.953125,1
2026-08-04 14:37:02,22.953125,1
2026-08-04 14:37:02,22.90625,1
2026-08-04 14:37:02,22.90625,1
2026-08-04 14:37:02,22.84375,1
2026-08-04 14:37:02,22.84375,1
2026-08-04 14:37:02,22.609375,1
2026-08-04 14:37:02,22.609375,1
2026-08-04 14:37:02,22.625,1
2026-08-04 14:37:02,22.625,1
2026-08-04 14:37:03,22.5625,1
2026-08-04 14:37:03,22.5625,1
2026-08-04 14:37:03,23.015625,1
2026-08-04 14:37:03,23.015625,1
2026-08-04 14:37:03,22.734375,1
2026-08-04 14:37:03,22.734375,1
2026-08-04 14:37:03,22.671875,1
2026-08-04 14:37:03,22.671875,1
2026-08-04 14:37:03,22.515625,1
2026-08-04 14:37:03,22.515625,1
2026-08-04 14:37:03,22.6875,1
2026-08-04 14:37:03,22.6875,1
2026-08-04 14:37:03,22.734375,1
2026-08-04 14:37:03,22.734375,1
2026-08-04 14:37:03,22.75,1
2026-08-04 14:37:03,22.75,1
2026-08-04 14:37:03,23.171875,1
2026-08-04 14:37:03,23.171875,1
2026-08-04 14:37:03,22.625,1
2026-08-04 14:37:03,22.625,1
2026-08-04 14:37:04,22.59375,1
2026-08-04 14:37:04,22.59375,1
2026-08-04 14:37:04,22.40625,1
2026-08-04 14:37:04,22.40625,1
2026-08-04 14:37:04,22.40625,1
2026-08-04 14:37:04,22.40625,1
2026-08-04 14:37:04,22.578125,1
2026-08-04 14:37:04,22.578125,1
2026-08-04 14:37:04,22.703125,1
2026-08-04 14:37:04,22.703125,1
2026-08-04 14:37:04,22.71875,1
2026-08-04 14:37:04,22.71875,1
2026-08-04 14:37:04,22.59375,1
2026-08-04 14:37:04,22.59375,1
2026-08-04 14:37:04,22.65625,1
2026-08-04 14:37:04,22.65625,1
2026-08-04 14:37:04,22.65625,1
2026-08-04 14:37:04,22.65625,1
2026-08-04 14:37:04,22.59375,1
2026-08-04 14:37:04,22.59375,1
2026-08-04 14:37:05,22.5,1
2026-08-04 14:37:05,22.5,1
2026-08-04 14:37:05,22.5,1
2026-08-04 14:37:05,22.5,1
2026-08-04 14:37:05,22.5,1
2026-08-04 14:37:05,22.5,1
2026-08-04 14:37:05,22.140625,1
2026-08-04 14:37:05,22.140625,1
2026-08-04 14:37:05,22.125,1
2026-08-04 14:37:05,22.125,1
2026-08-04 14:37:05,22.0625,1
2026-08-04 14:37:05,22.0625,1
2026-08-04 14:37:05,22.3125,1
2026-08-04 14:37:05,22.3125,1
2026-08-04 14:37:05,22.3125,1
2026-08-04 14:37:05,22.3125,1
2026-08-04 14:37:05,22.390625,1
2026-08-04 14:37:05,22.390625,1
2026-08-04 14:37:05,22.40625,1
2026-08-04 14:37:05,22.40625,1
2026-08-04 14:37:06,23.296875,1
2026-08-04 14:37:06,23.296875,1
2026-08-04 14:37:06,23.15625,1
2026-08-04 14:37:06,23.15625,1
2026-08-04 14:37:06,22.875,1
2026-08-04 14:37:06,22.875,1
2026-08-04 14:37:06,22.671875,1
2026-08-04 14:37:06,22.671875,1
2026-08-04 14:37:06,22.3125,1
2026-08-04 14:37:06,22.3125,1
2026-08-04 14:37:06,22.296875,1
2026-08-04 14:37:06,22.296875,1
2026-08-04 14:37:06,22.46875,1
2026-08-04 14:37:06,22.46875,1
2026-08-04 14:37:06,20.71875,1
2026-08-04 14:37:06,20.71875,1
2026-08-04 14:37:06,20.765625,1
2026-08-04 14:37:06,20.765625,1
2026-08-04 14:37:06,20.828125,1
2026-08-04 14:37:06,20.828125,1
2026-08-04 14:37:07,20.953125,1
2026-08-04 14:37:07,20.953125,1
2026-08-04 14:37:07,20.125,1
2026-08-04 14:37:07,20.125,1
2026-08-04 14:37:07,20.15625,1
2026-08-04 14:37:07,20.15625,1
2026-08-04 14:37:07,20.28125,1
2026-08-04 14:37:07,20.28125,1
2026-08-04 14:37:07,21.578125,1
2026-08-04 14:37:07,21.578125,1
2026-08-04 14:37:07,21.546875,1
2026-08-04 14:37:07,21.546875,1
2026-08-04 14:37:07,21.5,1
2026-08-04 14:37:07,21.5,1
2026-08-04 14:37:07,21.5625,1
2026-08-04 14:37:07,21.5625,1
2026-08-04 14:37:07,20.734375,1
2026-08-04 14:37:07,20.734375,1
2026-08-04 14:37:07,20.6875,1
2026-08-04 14:37:07,20.6875,1
2026-08-04 14:37:08,20.640625,1
2026-08-04 14:37:08,20.640625,1
2026-08-04 14:37:08,20.578125,1
2026-08-04 14:37:08,20.578125,1
2026-08-04 14:37:08,19.421875,1
2026-08-04 14:37:08,19.421875,1
2026-08-04 14:37:08,19.390625,1
2026-08-04 14:37:08,19.390625,1
2026-08-04 14:37:08,19.21875,1
2026-08-04 14:37:08,19.21875,1
2026-08-04 14:37:08,19.625,1
2026-08-04 14:37:08,19.625,1
2026-08-04 14:37:08,19.46875,1
2026-08-04 14:37:08,19.46875,1
2026-08-04 14:37:08,19.40625,1
2026-08-04 14:37:08,19.40625,1
2026-08-04 14:37:08,19.453125,1
2026-08-04 14:37:08,19.453125,1
2026-08-04 14:37:08,19.6875,1
2026-08-04 14:37:08,19.6875,1
2026-08-04 14:37:09,19.75,1
2026-08-04 14:37:09,19.75,1
2026-08-04 14:37:09,19.65625,1
2026-08-04 14:37:09,19.65625,1
2026-08-04 14:37:09,19.65625,1
2026-08-04 14:37:09,19.65625,1
2026-08-04 14:37:09,19.390625,1
2026-08-04 14:37:09,19.390625,1
2026-08-04 14:37:09,19.234375,1
2026-08-04 14:37:09,19.234375,1
2026-08-04 14:37:09,19.203125,1
2026-08-04 14:37:09,19.203125,1
2026-08-04 14:37:09,18.5,1
2026-08-04 14:37:09,18.5,1
2026-08-04 14:37:09,18.453125,1
2026-08-04 14:37:09,18.453125,1
2026-08-04 14:37:09,18.359375,1
2026-08-04 14:37:09,18.359375,1
2026-08-04 14:37:09,18.3125,1
2026-08-04 14:37:09,18.3125,1
2026-08-04 14:37:10,17.59375,1
2026-08-04 14:37:10,17.59375,1
2026-08-04 14:37:10,17.609375,1
2026-08-04 14:37:10,17.609375,1
2026-08-04 14:37:10,17.5625,1
2026-08-04 14:37:10,17.5625,1
2026-08-04 14:37:10,19.1875,1
2026-08-04 14:37:10,19.1875,1
2026-08-04 14:37:10,18.484375,1
2026-08-04 14:37:10,18.484375,1
2026-08-04 14:37:10,17.625,1
2026-08-04 14:37:10,17.625,1
2026-08-04 14:37:10,17.4375,1
2026-08-04 14:37:10,17.4375,1
2026-08-04 14:37:10,19.65625,1
2026-08-04 14:37:10,19.65625,1
2026-08-04 14:37:10,19.984375,1
2026-08-04 14:37:10,19.984375,1
2026-08-04 14:37:10,20.125,1
2026-08-04 14:37:10,20.125,1
2026-08-04 14:37:11,22.859375,1
2026-08-04 14:37:11,22.859375,1
2026-08-04 14:37:11,22.90625,1
2026-08-04 14:37:11,22.90625,1
2026-08-04 14:37:11,23.140625,1
2026-08-04 14:37:11,23.140625,1
2026-08-04 14:37:11,23.203125,1
2026-08-04 14:37:11,23.203125,1
2026-08-04 14:37:11,23.203125,1
2026-08-04 14:37:11,23.203125,1
2026-08-04 14:37:11,24.109375,1
2026-08-04 14:37:11,24.109375,1
2026-08-04 14:37:11,23.953125,1
2026-08-04 14:37:11,23.953125,1
2026-08-04 14:37:11,24.359375,1
2026-08-04 14:37:11,24.359375,1
2026-08-04 14:37:11,24.140625,1
2026-08-04 14:37:11,24.140625,1
2026-08-04 14:37:11,23.984375,1
2026-08-04 14:37:11,23.984375,1
2026-08-04 14:37:12,23.9375,1
2026-08-04 14:37:12,23.9375,1
2026-08-04 14:37:12,23.359375,1
2026-08-04 14:37:12,23.359375,1
2026-08-04 14:37:12,23.234375,1
2026-08-04 14:37:12,23.234375,1
2026-08-04 14:37:12,23.15625,1
2026-08-04 14:37:12,23.15625,1
2026-08-04 14:37:12,23.171875,1
2026-08-04 14:37:12,23.171875,1
2026-08-04 14:37:12,23.15625,1
2026-08-04 14:37:12,23.15625,1
2026-08-04 14:37:12,23.171875,1
2026-08-04 14:37:12,23.171875,1
2026-08-04 14:37:12,23.234375,1
2026-08-04 14:37:12,23.234375,1
2026-08-04 14:37:12,22.5,1
2026-08-04 14:37:12,22.5,1
2026-08-04 14:37:12,22.59375,1
2026-08-04 14:37:12,22.59375,1
2026-08-04 14:37:13,22.4375,1
2026-08-04 14:37:13,22.4375,1
2026-08-04 14:37:13,22.671875,1
2026-08-04 14:37:13,22.671875,1
2026-08-04 14:37:13,22.296875,1
2026-08-04 14:37:13,22.296875,1
2026-08-04 14:37:13,22.359375,1
2026-08-04 14:37:13,22.359375,1
2026-08-04 14:37:13,22.15625,1
2026-08-04 14:37:13,22.15625,1
2026-08-04 14:37:13,22.53125,1
2026-08-04 14:37:13,22.53125,1
2026-08-04 14:37:13,22.75,1
2026-08-04 14:37:13,22.75,1
2026-08-04 14:37:13,22.78125,1
2026-08-04 14:37:13,22.78125,1
2026-08-04 14:37:13,22.78125,1
2026-08-04 14:37:13,22.78125,1
2026-08-04 14:37:13,23.3125,1
2026-08-04 14:37:13,23.3125,1
2026-08-04 14:37:14,23.40625,1
2026-08-04 14:37:14,23.40625,1
2026-08-04 14:37:14,23.390625,1
2026-08-04 14:37:14,23.390625,1
2026-08-04 14:37:14,23.6875,1
2026-08-04 14:37:14,23.6875,1
2026-08-04 14:37:14,23.765625,1
2026-08-04 14:37:14,23.765625,1
2026-08-04 14:37:14,23.53125,1
2026-08-04 14:37:14,23.53125,1
2026-08-04 14:37:14,23.59375,1
2026-08-04 14:37:14,23.59375,1
2026-08-04 14:37:14,23.84375,1
2026-08-04 14:37:14,23.84375,1
2026-08-04 14:37:14,24.09375,1
2026-08-04 14:37:14,24.09375,1
2026-08-04 14:37:14,24.03125,1
2026-08-04 14:37:14,24.03125,1
2026-08-04 14:37:14,23.78125,1
2026-08-04 14:37:14,23.78125,1
2026-08-04 14:37:15,23.765625,1
2026-08-04 14:37:15,23.765625,1
2026-08-04 14:37:15,23.609375,1
2026-08-04 14:37:15,23.609375,1
2026-08-04 14:37:15,23.640625,1
2026-08-04 14:37:15,23.640625,1
2026-08-04 14:37:15,24.03125,1
2026-08-04 14:37:15,24.03125,1
2026-08-04 14:37:15,24.0625,1
2026-08-04 14:37:15,24.0625,1
2026-08-04 14:37:15,24.046875,1
2026-08-04 14:37:15,24.046875,1
2026-08-04 14:37:15,24.109375,1
2026-08-04 14:37:15,24.109375,1
2026-08-04 14:37:15,24.046875,1
2026-08-04 14:37:15,24.046875,1
2026-08-04 14:37:15,24.078125,1
2026-08-04 14:37:15,24.078125,1
2026-08-04 14:37:15,23.984375,1
2026-08-04 14:37:15,23.984375,1
2026-08-04 14:37:16,23.84375,1
2026-08-04 14:37:16,23.84375,1
2026-08-04 14:37:16,23.78125,1
2026-08-04 14:37:16,23.78125,1
2026-08-04 14:37:16,23.765625,1
2026-08-04 14:37:16,23.765625,1
2026-08-04 14:37:16,23.734375,1
2026-08-04 14:37:16,23.734375,1
2026-08-04 14:37:16,23.765625,1
2026-08-04 14:37:16,23.765625,1
2026-08-04 14:37:16,23.6875,1
2026-08-04 14:37:16,23.6875,1
2026-08-04 14:37:16,23.875,1
2026-08-04 14:37:16,23.875,1
2026-08-04 14:37:16,23.90625,1
2026-08-04 14:37:16,23.90625,1
2026-08-04 14:37:16,23.953125,1
2026-08-04 14:37:16,23.953125,1
2026-08-04 14:37:16,23.890625,1
2026-08-04 14:37:16,23.890625,1
2026-08-04 14:37:17,24.03125,1
2026-08-04 14:37:17,24.03125,1
2026-08-04 14:37:17,23.859375,1
2026-08-04 14:37:17,23.859375,1
2026-08-04 14:37:17,23.96875,1
2026-08-04 14:37:17,23.96875,1
2026-08-04 14:37:17,23.84375,1
2026-08-04 14:37:17,23.84375,1
2026-08-04 14:37:17,23.734375,1
2026-08-04 14:37:17,23.734375,1
2026-08-04 14:37:17,23.75,1
2026-08-04 14:37:17,23.75,1
2026-08-04 14:37:17,23.828125,1
2026-08-04 14:37:17,23.828125,1
2026-08-04 14:37:17,23.953125,1
2026-08-04 14:37:17,23.953125,1
2026-08-04 14:37:17,24.265625,1
2026-08-04 14:37:17,24.265625,1
2026-08-04 14:37:17,24.265625,1
2026-08-04 14:37:17,24.265625,1
2026-08-04 14:37:18,24.25,1
2026-08-04 14:37:18,24.25,1
2026-08-04 14:37:18,24.25,1
2026-08-04 14:37:18,24.25,1
2026-08-04 14:37:18,24.21875,1
2026-08-04 14:37:18,24.21875,1
2026-08-04 14:37:18,24.34375,1
2026-08-04 14:37:18,24.34375,1
2026-08-04 14:37:18,24.328125,1
2026-08-04 14:37:18,24.328125,1
2026-08-04 14:37:18,24.15625,1
2026-08-04 14:37:18,24.15625,1
2026-08-04 14:37:18,24.203125,1
2026-08-04 14:37:18,24.203125,1
2026-08-04 14:37:18,24.21875,1
2026-08-04 14:37:18,24.21875,1
2026-08-04 14:37:18,24.125,1
2026-08-04 14:37:18,24.125,1
2026-08-04 14:37:18,24.296875,1
2026-08-04 14:37:18,24.296875,1
2026-08-04 14:37:19,24.328125,1
2026-08-04 14:37:19,24.328125,1
2026-08-04 14:37:19,24.453125,1
2026-08-04 14:37:19,24.453125,1
2026-08-04 14:37:19,24.59375,1
2026-08-04 14:37:19,24.59375,1
2026-08-04 14:37:19,24.515625,1
2026-08-04 14:37:19,24.515625,1
2026-08-04 14:37:19,24.46875,1
2026-08-04 14:37:19,24.46875,1
2026-08-04 14:37:19,24.671875,1
2026-08-04 14:37:19,24.671875,1
2026-08-04 14:37:19,24.734375,1
2026-08-04 14:37:19,24.734375,1
2026-08-04 14:37:19,24.734375,1
2026-08-04 14:37:19,24.734375,1
2026-08-04 14:37:19,24.8125,1
2026-08-04 14:37:19,24.8125,1
2026-08-04 14:37:19,24.515625,1
2026-08-04 14:37:19,24.515625,1
2026-08-04 14:37:20,24.484375,1
2026-08-04 14:37:20,24.484375,1
2026-08-04 14:37:20,24.421875,1
2026-08-04 14:37:20,24.421875,1
2026-08-04 14:37:20,24.4375,1
2026-08-04 14:37:20,24.4375,1
2026-08-04 14:37:20,24.890625,1
2026-08-04 14:37:20,24.890625,1
2026-08-04 14:37:20,24.875,1
2026-08-04 14:37:20,24.875,1
2026-08-04 14:37:20,24.875,1
2026-08-04 14:37:20,24.875,1
2026-08-04 14:37:20,24.9375,1
2026-08-04 14:37:20,24.9375,1
2026-08-04 14:37:20,25.171875,1
2026-08-04 14:37:20,25.171875,1
2026-08-04 14:37:20,25.203125,1
2026-08-04 14:37:20,25.203125,1
2026-08-04 14:37:20,25.1875,1
2026-08-04 14:37:20,25.1875,1
2026-08-04 14:37:21,24.546875,1
2026-08-04 14:37:21,24.546875,1
2026-08-04 14:37:21,24.59375,1
2026-08-04 14:37:21,24.59375,1
2026-08-04 14:37:21,24.84375,1
2026-08-04 14:37:21,24.84375,1
2026-08-04 14:37:21,25.203125,1
2026-08-04 14:37:21,25.203125,1
2026-08-04 14:37:21,25.15625,1
2026-08-04 14:37:21,25.15625,1
2026-08-04 14:37:21,25.046875,1
2026-08-04 14:37:21,25.046875,1
2026-08-04 14:37:21,24.984375,1
2026-08-04 14:37:21,24.984375,1
2026-08-04 14:37:21,25.046875,1
2026-08-04 14:37:21,25.046875,1
2026-08-04 14:37:21,25.078125,1
2026-08-04 14:37:21,25.078125,1
2026-08-04 14:37:21,24.984375,1
2026-08-04 14:37:21,24.984375,1
2026-08-04 14:37:22,25.125,1
2026-08-04 14:37:22,25.125,1
2026-08-04 14:37:22,25.140625,1
2026-08-04 14:37:22,25.140625,1
2026-08-04 14:37:22,25.0625,1
2026-08-04 14:37:22,25.0625,1
2026-08-04 14:37:22,25.046875,1
2026-08-04 14:37:22,25.046875,1
2026-08-04 14:37:22,24.9375,1
2026-08-04 14:37:22,24.9375,1
2026-08-04 14:37:22,24.9375,1
2026-08-04 14:37:22,24.9375,1
2026-08-04 14:37:22,24.875,1
2026-08-04 14:37:22,24.875,1
2026-08-04 14:37:22,24.71875,1
2026-08-04 14:37:22,24.71875,1
2026-08-04 14:37:22,24.375,1
2026-08-04 14:37:22,24.375,1
2026-08-04 14:37:22,24.21875,1
2026-08-04 14:37:22,24.21875,1
2026-08-04 14:37:23,24.375,1
2026-08-04 14:37:23,24.375,1
2026-08-04 14:37:23,23.5,1
2026-08-04 14:37:23,23.5,1
2026-08-04 14:37:23,23.453125,1
2026-08-04 14:37:23,23.453125,1
2026-08-04 14:37:23,23.375,1
2026-08-04 14:37:23,23.375,1
2026-08-04 14:37:23,23.40625,1
2026-08-04 14:37:23,23.40625,1
2026-08-04 14:37:23,23.5,1
2026-08-04 14:37:23,23.5,1
2026-08-04 14:37:23,23.34375,1
2026-08-04 14:37:23,23.34375,1
2026-08-04 14:37:23,23.375,1
2026-08-04 14:37:23,23.375,1
2026-08-04 14:37:23,23.578125,1
2026-08-04 14:37:23,23.578125,1
2026-08-04 14:37:23,23.59375,1
2026-08-04 14:37:23,23.59375,1
2026-08-04 14:37:24,23.59375,1
2026-08-04 14:37:24,23.59375,1
2026-08-04 14:37:24,23.578125,1
2026-08-04 14:37:24,23.578125,1
2026-08-04 14:37:24,23.0,1
2026-08-04 14:37:24,23.0,1
2026-08-04 14:37:24,23.0625,1
2026-08-04 14:37:24,23.0625,1
2026-08-04 14:37:24,22.96875,1
2026-08-04 14:37:24,22.96875,1
2026-08-04 14:37:24,22.96875,1
2026-08-04 14:37:24,22.96875,1
2026-08-04 14:37:24,22.8125,1
2026-08-04 14:37:24,22.8125,1
2026-08-04 14:37:24,22.828125,1
2026-08-04 14:37:24,22.828125,1
2026-08-04 14:37:24,22.859375,1
2026-08-04 14:37:24,22.859375,1
2026-08-04 14:37:24,22.890625,1
2026-08-04 14:37:24,22.890625,1
2026-08-04 14:37:25,22.859375,1
2026-08-04 14:37:25,22.859375,1
2026-08-04 14:37:25,22.796875,1
2026-08-04 14:37:25,22.796875,1
2026-08-04 14:37:25,22.734375,1
2026-08-04 14:37:25,22.734375,1
2026-08-04 14:37:25,22.53125,1
2026-08-04 14:37:25,22.53125,1
2026-08-04 14:37:25,22.703125,1
2026-08-04 14:37:25,22.703125,1
2026-08-04 14:37:25,22.625,1
2026-08-04 14:37:25,22.625,1
2026-08-04 14:37:25,22.484375,1
2026-08-04 14:37:25,22.484375,1
2026-08-04 14:37:25,22.1875,1
2026-08-04 14:37:25,22.1875,1
2026-08-04 14:37:25,22.4375,1
2026-08-04 14:37:25,22.4375,1
2026-08-04 14:37:25,22.546875,1
2026-08-04 14:37:25,22.546875,1
2026-08-04 14:37:26,22.875,1
2026-08-04 14:37:26,22.875,1
2026-08-04 14:37:26,22.9375,1
2026-08-04 14:37:26,22.9375,1
2026-08-04 14:37:26,22.640625,1
2026-08-04 14:37:26,22.640625,1
2026-08-04 14:37:26,22.734375,1
2026-08-04 14:37:26,22.734375,1
2026-08-04 14:37:26,22.359375,1
2026-08-04 14:37:26,22.359375,1
2026-08-04 14:37:26,22.25,1
2026-08-04 14:37:26,22.25,1
2026-08-04 14:37:26,22.125,1
2026-08-04 14:37:26,22.125,1
2026-08-04 14:37:26,22.296875,1
2026-08-04 14:37:26,22.296875,1
2026-08-04 14:37:26,22.5,1
2026-08-04 14:37:26,22.5,1
2026-08-04 14:37:26,22.984375,1
2026-08-04 14:37:26,22.984375,1
2026-08-04 14:37:27,22.765625,1
2026-08-04 14:37:27,22.765625,1
2026-08-04 14:37:27,22.734375,1
2026-08-04 14:37:27,22.734375,1
2026-08-04 14:37:27,22.71875,1
2026-08-04 14:37:27,22.71875,1
2026-08-04 14:37:27,22.703125,1
2026-08-04 14:37:27,22.703125,1
2026-08-04 14:37:27,22.59375,1
2026-08-04 14:37:27,22.59375,1
2026-08-04 14:37:27,22.578125,1
2026-08-04 14:37:27,22.578125,1
2026-08-04 14:37:27,22.484375,1
2026-08-04 14:37:27,22.484375,1
2026-08-04 14:37:27,22.484375,1
2026-08-04 14:37:27,22.484375,1
2026-08-04 14:37:27,22.390625,1
2026-08-04 14:37:27,22.390625,1
2026-08-04 14:37:27,22.34375,1
2026-08-04 14:37:27,22.34375,1
2026-08-04 14:37:28,22.296875,1
2026-08-04 14:37:28,22.296875,1
2026-08-04 14:37:28,22.1875,1
2026-08-04 14:37:28,22.1875,1
2026-08-04 14:37:28,22.203125,1
2026-08-04 14:37:28,22.203125,1
2026-08-04 14:37:28,21.84375,1
2026-08-04 14:37:28,21.84375,1
2026-08-04 14:37:28,21.625,1
2026-08-04 14:37:28,21.625,1
2026-08-04 14:37:28,22.0625,1
2026-08-04 14:37:28,22.0625,1
2026-08-04 14:37:28,21.984375,1
2026-08-04 14:37:28,21.984375,1
2026-08-04 14:37:28,21.984375,1
2026-08-04 14:37:28,21.984375,1
2026-08-04 14:37:28,20.671875,1
2026-08-04 14:37:28,20.671875,1
2026-08-04 14:37:28,20.640625,1
2026-08-04 14:37:28,20.640625,1
2026-08-04 14:37:29,20.671875,1
2026-08-04 14:37:29,20.671875,1
2026-08-04 14:37:29,20.625,1
2026-08-04 14:37:29,20.625,1
2026-08-04 14:37:29,20.671875,1
2026-08-04 14:37:29,20.671875,1
2026-08-04 14:37:29,20.8125,1
2026-08-04 14:37:29,20.8125,1
2026-08-04 14:37:29,20.671875,1
2026-08-04 14:37:29,20.671875,1
2026-08-04 14:37:29,19.765625,1
2026-08-04 14:37:29,19.765625,1
2026-08-04 14:37:29,19.703125,1
2026-08-04 14:37:29,19.703125,1
2026-08-04 14:37:29,19.75,1
2026-08-04 14:37:29,19.75,1
2026-08-04 14:37:29,19.671875,1
2026-08-04 14:37:29,19.671875,1
2026-08-04 14:37:29,19.71875,1
2026-08-04 14:37:29,19.71875,1
2026-08-04 14:37:30,19.734375,1
2026-08-04 14:37:30,19.734375,1
2026-08-04 14:37:30,19.75,1
2026-08-04 14:37:30,19.75,1
2026-08-04 14:37:30,19.640625,1
2026-08-04 14:37:30,19.640625,1
2026-08-04 14:37:30,19.609375,1
2026-08-04 14:37:30,19.609375,1
2026-08-04 14:37:30,19.53125,1
2026-08-04 14:37:30,19.53125,1
2026-08-04 14:37:30,19.5625,1
2026-08-04 14:37:30,19.5625,1
2026-08-04 14:37:30,17.203125,1
2026-08-04 14:37:30,17.203125,1
2026-08-04 14:37:30,16.984375,1
2026-08-04 14:37:30,16.984375,1
2026-08-04 14:37:30,16.8125,1
2026-08-04 14:37:30,16.8125,1
2026-08-04 14:37:30,16.78125,1
2026-08-04 14:37:30,16.78125,1
2026-08-04 14:37:31,14.640625,1
2026-08-04 14:37:31,14.640625,1
2026-08-04 14:37:31,14.546875,1
2026-08-04 14:37:31,14.546875,1
2026-08-04 14:37:31,14.484375,1
2026-08-04 14:37:31,14.484375,1
2026-08-04 14:37:31,13.421875,1
2026-08-04 14:37:31,13.421875,1
2026-08-04 14:37:31,13.40625,1
2026-08-04 14:37:31,13.40625,1
2026-08-04 14:37:31,13.296875,1
2026-08-04 14:37:31,13.296875,1
2026-08-04 14:37:31,12.578125,1
2026-08-04 14:37:31,12.578125,1
2026-08-04 14:37:31,12.515625,1
2026-08-04 14:37:31,12.515625,1
2026-08-04 14:37:31,12.46875,1
2026-08-04 14:37:31,12.46875,1
2026-08-04 14:37:31,12.4375,1
2026-08-04 14:37:31,12.4375,1
2026-08-04 14:37:32,11.65625,1
2026-08-04 14:37:32,11.65625,1
2026-08-04 14:37:32,11.421875,1
2026-08-04 14:37:32,11.421875,1
2026-08-04 14:37:32,11.296875,1
2026-08-04 14:37:32,11.296875,1
2026-08-04 14:37:32,11.21875,1
2026-08-04 14:37:32,11.21875,1
2026-08-04 14:37:32,10.859375,1
2026-08-04 14:37:32,10.859375,1
2026-08-04 14:37:32,10.828125,1
2026-08-04 14:37:32,10.828125,1
2026-08-04 14:37:32,10.734375,1
2026-08-04 14:37:32,10.734375,1
2026-08-04 14:37:32,9.84375,1
2026-08-04 14:37:32,9.84375,1
2026-08-04 14:37:32,9.734375,1
2026-08-04 14:37:32,9.734375,1
2026-08-04 14:37:32,9.6875,1
2026-08-04 14:37:32,9.6875,1
2026-08-04 14:37:33,9.65625,1
2026-08-04 14:37:33,9.65625,1
2026-08-04 14:37:33,8.953125,1
2026-08-04 14:37:33,8.953125,1
2026-08-04 14:37:33,8.9375,1
2026-08-04 14:37:33,8.9375,1
2026-08-04 14:37:33,8.90625,1
2026-08-04 14:37:33,8.90625,1
2026-08-04 14:37:33,8.90625,1
2026-08-04 14:37:33,8.90625,1
2026-08-04 14:37:33,8.15625,1
2026-08-04 14:37:33,8.15625,1
2026-08-04 14:37:33,8.046875,1
2026-08-04 14:37:33,8.046875,1
2026-08-04 14:37:33,7.9375,1
2026-08-04 14:37:33,7.9375,1
2026-08-04 14:37:33,7.28125,1
2026-08-04 14:37:33,7.28125,1
2026-08-04 14:37:33,7.140625,1
2026-08-04 14:37:33,7.140625,1
2026-08-04 14:37:34,7.15625,1
2026-08-04 14:37:34,7.15625,1
2026-08-04 14:37:34,7.171875,1
2026-08-04 14:37:34,7.171875,1
2026-08-04 14:37:34,6.734375,1
2026-08-04 14:37:34,6.734375,1
2026-08-04 14:37:34,6.8125,1
2026-08-04 14:37:34,6.8125,1
2026-08-04 14:37:34,6.8125,1
2026-08-04 14:37:34,6.8125,1
2026-08-04 14:37:34,5.8125,1
2026-08-04 14:37:34,5.8125,1
2026-08-04 14:37:34,5.6875,1
2026-08-04 14:37:34,5.6875,1
2026-08-04 14:37:34,5.5,1
2026-08-04 14:37:34,5.5,1
2026-08-04 14:37:34,5.484375,1
2026-08-04 14:37:34,5.484375,1
2026-08-04 14:37:34,3.171875,1
2026-08-04 14:37:34,3.171875,1
2026-08-04 14:37:35,3.03125,1
2026-08-04 14:37:35,3.03125,1
2026-08-04 14:37:35,3.03125,1
2026-08-04 14:37:35,3.03125,1
2026-08-04 14:37:35,0.0,1
2026-08-04 14:37:35,0.0,1
2026-08-04 14:37:35,0.0,1
2026-08-04 14:37:35,0.0,1
2026-08-04 14:37:35,0.0,1
2026-08-04 14:37:35,0.0,1
2026-08-04 14:37:35,0.0,1
2026-08-04 14:37:35,0.0,1
2026-08-04 14:37:35,0.0,1
2026-08-04 14:37:35,0.0,1
2026-08-04 14:37:35,0.0,1
2026-08-04 14:37:35,0.0,1
2026-08-04 14:37:35,0.0,1
2026-08-04 14:37:35,0.0,1
2026-08-04 14:37:35,0.0,1
2026-08-04 14:37:35,0.0,1
2026-08-04 14:37:36,0.0,1
2026-08-04 14:37:36,0.0,1
2026-08-04 14:37:36,0.0,1
2026-08-04 14:37:36,0.0,1
2026-08-04 14:37:36,0.0,1
2026-08-04 14:37:36,0.0,1
2026-08-04 14:37:36,0.0,1
2026-08-04 14:37:36,0.0,1
2026-08-04 14:37:36,0.0,1
2026-08-04 14:37:36,0.0,1
2026-08-04 14:37:36,0.0,1
2026-08-04 14:37:36,0.0,1
2026-08-04 14:37:36,0.0,1
2026-08-04 14:37:36,0.0,1
2026-08-04 14:37:36,0.0,1
2026-08-04 14:37:36,0.0,1
2026-08-04 14:37:36,0.0,1
2026-08-04 14:37:36,0.0,1
2026-08-04 14:37:36,0.0,1
2026-08-04 14:37:36,0.0,1
2026-08-04 14:37:37,0.0,1
2026-08-04 14:37:37,0.0,1
2026-08-04 14:37:37,0.0,1
2026-08-04 14:37:37,0.0,1
2026-08-04 14:37:37,0.0,1
2026-08-04 14:37:37,0.0,1
2026-08-04 14:37:37,0.0,1
2026-08-04 14:37:37,0.0,1
2026-08-04 14:37:37,0.0,1
2026-08-04 14:37:37,0.0,1
2026-08-04 14:37:37,0.0,1
2026-08-04 14:37:37,0.0,1
2026-08-04 14:37:37,0.0,1
2026-08-04 14:37:37,0.0,1
2026-08-04 14:37:37,0.0,1
2026-08-04 14:37:37,0.0,1
2026-08-04 14:37:37,0.0,1
2026-08-04 14:37:37,0.0,1
2026-08-04 14:37:37,0.0,1
2026-08-04 14:37:37,0.0,1
2026-08-04 14:37:38,0.0,1
2026-08-04 14:37:38,0.0,1
2026-08-04 14:37:38,0.0,1
2026-08-04 14:37:38,0.0,1
2026-08-04 14:37:38,0.0,1
2026-08-04 14:37:38,0.0,1
2026-08-04 14:37:38,0.0,1
2026-08-04 14:37:38,0.0,1
2026-08-04 14:37:38,0.0,1
2026-08-04 14:37:38,0.0,1
2026-08-04 14:37:38,0.0,1
2026-08-04 14:37:38,0.0,1
2026-08-04 14:37:38,0.0,1
2026-08-04 14:37:38,0.0,1
2026-08-04 14:37:38,0.0,1
2026-08-04 14:37:38,0.0,1
2026-08-04 14:37:38,0.0,1
2026-08-04 14:37:38,0.0,1
2026-08-04 14:37:38,0.0,1
2026-08-04 14:37:38,0.0,1
2026-08-04 14:37:39,0.0,1
2026-08-04 14:37:39,0.0,1
2026-08-04 14:37:39,0.0,1
2026-08-04 14:37:39,0.0,1
2026-08-04 14:37:39,0.0,1
2026-08-04 14:37:39,0.0,1
2026-08-04 14:37:39,0.0,1
2026-08-04 14:37:39,0.0,1
2026-08-04 14:37:39,0.0,1
2026-08-04 14:37:39,0.0,1
2026-08-04 14:37:39,0.0,1
2026-08-04 14:37:39,0.0,1
2026-08-04 14:37:39,0.0,1
2026-08-04 14:37:39,0.0,1
2026-08-04 14:37:39,0.0,1
2026-08-04 14:37:39,0.0,1
2026-08-04 14:37:39,0.0,1
2026-08-04 14:37:39,0.0,1
2026-08-04 14:37:39,0.0,1
2026-08-04 14:37:39,0.0,1
2026-08-04 14:37:40,0.0,1
2026-08-04 14:37:40,0.0,1
2026-08-04 14:37:40,0.0,1
2026-08-04 14:37:40,0.0,1
2026-08-04 14:37:40,0.0,1
2026-08-04 14:37:40,0.0,1
2026-08-04 14:37:40,0.0,1
2026-08-04 14:37:40,0.0,1
2026-08-04 14:37:40,0.0,1
2026-08-04 14:37:40,0.0,1
2026-08-04 14:37:40,0.0,1
2026-08-04 14:37:40,0.0,1
2026-08-04 14:37:40,0.0,1
2026-08-04 14:37:40,0.0,1
2026-08-04 14:37:40,0.0,1
2026-08-04 14:37:40,0.0,1
2026-08-04 14:37:40,0.0,1
2026-08-04 14:37:40,0.0,1
2026-08-04 14:37:40,0.0,1
2026-08-04 14:37:40,0.0,1
2026-08-04 14:37:41,0.0,1
2026-08-04 14:37:41,0.0,1
2026-08-04 14:37:41,0.0,1
2026-08-04 14:37:41,0.0,1
2026-08-04 14:37:41,0.0,1
2026-08-04 14:37:41,0.0,1
2026-08-04 14:37:41,0.0,1
2026-08-04 14:37:41,0.0,1
2026-08-04 14:37:41,0.0,1
2026-08-04 14:37:41,0.0,1
2026-08-04 14:37:41,0.0,1
2026-08-04 14:37:41,0.0,1
2026-08-04 14:37:41,0.0,1
2026-08-04 14:37:41,0.0,1
2026-08-04 14:37:41,0.0,1
2026-08-04 14:37:41,0.0,1
2026-08-04 14:37:41,0.0,1
2026-08-04 14:37:41,0.0,1
2026-08-04 14:37:41,0.0,1
2026-08-04 14:37:41,0.0,1
2026-08-04 14:37:42,0.0,1
2026-08-04 14:37:42,0.0,1
2026-08-04 14:37:42,0.0,1
2026-08-04 14:37:42,0.0,1
2026-08-04 14:37:42,0.0,1
2026-08-04 14:37:42,0.0,1
2026-08-04 14:37:42,0.0,1
2026-08-04 14:37:42,0.0,1
2026-08-04 14:37:42,0.0,1
2026-08-04 14:37:42,0.0,1
2026-08-04 14:37:42,0.0,1
2026-08-04 14:37:42,0.0,1
2026-08-04 14:37:42,0.0,1
2026-08-04 14:37:42,0.0,1
2026-08-04 14:37:42,0.0,1
2026-08-04 14:37:42,0.0,1
2026-08-04 14:37:42,0.0,1
2026-08-04 14:37:42,0.0,1
2026-08-04 14:37:42,0.0,1
2026-08-04 14:37:42,0.0,1
2026-08-04 14:37:43,0.0,1
2026-08-04 14:37:43,0.0,1
2026-08-04 14:37:43,0.0,1
2026-08-04 14:37:43,0.0,1
2026-08-04 14:37:43,0.0,1
2026-08-04 14:37:43,0.0,1
2026-08-04 14:37:43,0.0,1
2026-08-04 14:37:43,0.0,1
2026-08-04 14:37:43,0.0,1
2026-08-04 14:37:43,0.0,1
2026-08-04 14:37:43,0.0,1
2026-08-04 14:37:43,0.0,1
2026-08-04 14:37:43,0.0,1
2026-08-04 14:37:43,0.0,1
2026-08-04 14:37:43,0.0,1
2026-08-04 14:37:43,0.0,1
2026-08-04 14:37:43,0.0,1
2026-08-04 14:37:43,0.0,1
2026-08-04 14:37:43,0.0,1
2026-08-04 14:37:43,0.0,1
2026-08-04 14:37:44,0.0,1
2026-08-04 14:37:44,0.0,1
2026-08-04 14:37:44,0.0,1
2026-08-04 14:37:44,0.0,1
2026-08-04 14:37:44,0.0,1
2026-08-04 14:37:44,0.0,1
2026-08-04 14:37:44,0.0,1
2026-08-04 14:37:44,0.0,1
2026-08-04 14:37:44,0.0,1
2026-08-04 14:37:44,0.0,1
2026-08-04 14:37:44,0.0,1
2026-08-04 14:37:44,0.0,1
2026-08-04 14:37:44,0.0,1
2026-08-04 14:37:44,0.0,1
2026-08-04 14:37:44,0.0,1
2026-08-04 14:37:44,0.0,1
2026-08-04 14:37:44,0.0,1
2026-08-04 14:37:44,0.0,1
2026-08-04 14:37:44,0.0,1
2026-08-04 14:37:44,0.0,1
2026-08-04 14:37:45,0.0,1
2026-08-04 14:37:45,0.0,1
2026-08-04 14:37:45,0.0,1
2026-08-04 14:37:45,0.0,1
2026-08-04 14:37:45,0.0,1
2026-08-04 14:37:45,0.0,1
2026-08-04 14:37:45,0.0,1
2026-08-04 14:37:45,0.0,1
2026-08-04 14:37:45,0.0,1
2026-08-04 14:37:45,0.0,1
2026-08-04 14:37:45,0.0,1
2026-08-04 14:37:45,0.0,1
2026-08-04 14:37:45,0.0,1
2026-08-04 14:37:45,0.0,1
2026-08-04 14:37:45,0.0,1
2026-08-04 14:37:45,0.0,1
2026-08-04 14:37:45,0.0,1
2026-08-04 14:37:45,0.0,1
2026-08-04 14:37:45,0.0,1
2026-08-04 14:37:45,0.0,1
2026-08-04 14:37:46,0.0,1
2026-08-04 14:37:46,0.0,1
2026-08-04 14:37:46,0.0,1
2026-08-04 14:37:46,0.0,1
2026-08-04 14:37:46,0.0,1
2026-08-04 14:37:46,0.0,1
2026-08-04 14:37:46,0.0,1
2026-08-04 14:37:46,0.0,1
2026-08-04 14:37:46,0.0,1
2026-08-04 14:37:46,0.0,1
2026-08-04 14:37:46,0.0,1
2026-08-04 14:37:46,0.0,1
2026-08-04 14:37:46,0.0,1
2026-08-04 14:37:46,0.0,1
2026-08-04 14:37:46,0.0,1
2026-08-04 14:37:46,0.0,1
2026-08-04 14:37:46,0.0,1
2026-08-04 14:37:46,0.0,1
2026-08-04 14:37:46,0.0,1
2026-08-04 14:37:46,0.0,1
2026-08-04 14:37:47,0.0,1
2026-08-04 14:37:47,0.0,1
2026-08-04 14:37:47,0.0,1
2026-08-04 14:37:47,0.0,1
2026-08-04 14:37:47,0.0,1
2026-08-04 14:37:47,0.0,1
2026-08-04 14:37:47,0.0,1
2026-08-04 14:37:47,0.0,1
2026-08-04 14:37:47,0.0,1
2026-08-04 14:37:47,0.0,1
2026-08-04 14:37:47,0.0,1
2026-08-04 14:37:47,0.0,1
2026-08-04 14:37:47,0.0,1
2026-08-04 14:37:47,0.0,1
2026-08-04 14:37:47,0.0,1
2026-08-04 14:37:47,0.0,1
2026-08-04 14:37:47,0.0,1
2026-08-04 14:37:47,0.0,1
2026-08-04 14:37:47,0.0,1
2026-08-04 14:37:47,0.0,1
2026-08-04 14:37:48,0.0,1
2026-08-04 14:37:48,0.0,1
2026-08-04 14:37:48,0.0,1
2026-08-04 14:37:48,0.0,1
2026-08-04 14:37:48,0.0,1
2026-08-04 14:37:48,0.0,1
2026-08-04 14:37:48,0.0,1
2026-08-04 14:37:48,0.0,1
2026-08-04 14:37:48,0.0,1
2026-08-04 14:37:48,0.0,1
2026-08-04 14:37:48,0.0,1
2026-08-04 14:37:48,0.0,1
2026-08-04 14:37:48,0.0,1
2026-08-04 14:37:48,0.0,1
2026-08-04 14:37:48,0.0,1
2026-08-04 14:37:48,0.0,1
2026-08-04 14:37:48,0.0,1
2026-08-04 14:37:48,0.0,1
2026-08-04 14:37:48,0.0,1
2026-08-04 14:37:48,0.0,1
2026-08-04 14:37:49,0.0,1
2026-08-04 14:37:49,0.0,1
2026-08-04 14:37:49,0.0,1
2026-08-04 14:37:49,0.0,1
2026-08-04 14:37:49,0.0,1
2026-08-04 14:37:49,0.0,1
2026-08-04 14:37:49,0.0,1
2026-08-04 14:37:49,0.0,1
2026-08-04 14:37:49,0.0,1
2026-08-04 14:37:49,0.0,1
2026-08-04 14:37:49,0.0,1
2026-08-04 14:37:49,0.0,1
2026-08-04 14:37:49,0.0,1
2026-08-04 14:37:49,0.0,1
2026-08-04 14:37:49,0.0,1
2026-08-04 14:37:49,0.0,1
2026-08-04 14:37:49,0.0,1
2026-08-04 14:37:49,0.0,1
2026-08-04 14:37:49,0.0,1
2026-08-04 14:37:49,0.0,1
2026-08-04 14:37:50,0.0,1
2026-08-04 14:37:50,0.0,1
2026-08-04 14:37:50,0.0,1
2026-08-04 14:37:50,0.0,1
2026-08-04 14:37:50,0.0,1
2026-08-04 14:37:50,0.0,1
2026-08-04 14:37:50,0.0,1
2026-08-04 14:37:50,0.0,1
2026-08-04 14:37:50,0.0,1
2026-08-04 14:37:50,0.0,1
2026-08-04 14:37:50,0.0,1
2026-08-04 14:37:50,0.0,1
2026-08-04 14:37:50,0.0,1
2026-08-04 14:37:50,0.0,1
2026-08-04 14:37:50,0.0,1
2026-08-04 14:37:50,0.0,1
2026-08-04 14:37:50,0.0,1
2026-08-04 14:37:50,0.0,1
2026-08-04 14:37:50,0.0,1
2026-08-04 14:37:50,0.0,1
2026-08-04 14:37:51,0.0,1
2026-08-04 14:37:51,0.0,1
2026-08-04 14:37:51,0.0,1
2026-08-04 14:37:51,0.0,1
2026-08-04 14:37:51,0.0,1
2026-08-04 14:37:51,0.0,1
2026-08-04 14:37:51,0.0,1
2026-08-04 14:37:51,0.0,1
2026-08-04 14:37:51,0.0,1
2026-08-04 14:37:51,0.0,1
2026-08-04 14:37:51,0.0,1
2026-08-04 14:37:51,0.0,1
2026-08-04 14:37:51,0.0,1
2026-08-04 14:37:51,0.0,1
2026-08-04 14:37:51,0.0,1
2026-08-04 14:37:51,0.0,1
2026-08-04 14:37:51,0.0,1
2026-08-04 14:37:51,0.0,1
2026-08-04 14:37:51,0.0,1
2026-08-04 14:37:51,0.0,1
2026-08-04 14:37:52,0.0,1
2026-08-04 14:37:52,0.0,1
2026-08-04 14:37:52,0.0,1
2026-08-04 14:37:52,0.0,1
2026-08-04 14:37:52,0.0,1
2026-08-04 14:37:52,0.0,1
2026-08-04 14:37:52,0.0,1
2026-08-04 14:37:52,0.0,1
2026-08-04 14:37:52,0.0,1
2026-08-04 14:37:52,0.0,1
2026-08-04 14:37:52,0.0,1
2026-08-04 14:37:52,0.0,1
2026-08-04 14:37:52,0.0,1
2026-08-04 14:37:52,0.0,1
2026-08-04 14:37:52,0.0,1
2026-08-04 14:37:52,0.0,1
2026-08-04 14:37:52,0.0,1
2026-08-04 14:37:52,0.0,1
2026-08-04 14:37:52,0.0,1
2026-08-04 14:37:52,0.0,1
2026-08-04 14:37:53,0.0,1
2026-08-04 14:37:53,0.0,1
2026-08-04 14:37:53,0.0,1
2026-08-04 14:37:53,0.0,1
2026-08-04 14:37:53,0.0,1
2026-08-04 14:37:53,0.0,1
2026-08-04 14:37:53,0.0,1
2026-08-04 14:37:53,0.0,1
2026-08-04 14:37:53,0.0,1
2026-08-04 14:37:53,0.0,1
2026-08-04 14:37:53,0.0,1
2026-08-04 14:37:53,0.0,1
2026-08-04 14:37:53,0.0,1
2026-08-04 14:37:53,0.0,1
2026-08-04 14:37:53,0.0,1
2026-08-04 14:37:53,0.0,1
2026-08-04 14:37:53,0.0,1
2026-08-04 14:37:53,0.0,1
2026-08-04 14:37:53,0.0,1
2026-08-04 14:37:53,0.0,1
2026-08-04 14:37:54,0.0,1
2026-08-04 14:37:54,0.0,1
2026-08-04 14:37:54,0.0,1
2026-08-04 14:37:54,0.0,1
2026-08-04 14:37:54,0.0,1
2026-08-04 14:37:54,0.0,1
2026-08-04 14:37:54,0.0,1
2026-08-04 14:37:54,0.0,1
2026-08-04 14:37:54,0.0,1
2026-08-04 14:37:54,0.0,1
2026-08-04 14:37:54,0.0,1
2026-08-04 14:37:54,0.0,1
2026-08-04 14:37:54,0.0,1
2026-08-04 14:37:54,0.0,1
2026-08-04 14:37:54,0.0,1
2026-08-04 14:37:54,0.0,1
2026-08-04 14:37:54,0.0,1
2026-08-04 14:37:54,0.0,1
2026-08-04 14:37:54,0.0,1
2026-08-04 14:37:54,0.0,1
2026-08-04 14:37:55,0.0,1
2026-08-04 14:37:55,0.0,1
2026-08-04 14:37:55,0.0,1
2026-08-04 14:37:55,0.0,1
2026-08-04 14:37:55,0.0,1
2026-08-04 14:37:55,0.0,1
2026-08-04 14:37:55,0.0,1
2026-08-04 14:37:55,0.0,1
2026-08-04 14:37:55,0.0,1
2026-08-04 14:37:55,0.0,1
2026-08-04 14:37:55,0.0,1
2026-08-04 14:37:55,0.0,1
2026-08-04 14:37:55,0.0,1
2026-08-04 14:37:55,0.0,1
2026-08-04 14:37:55,0.0,1
2026-08-04 14:37:55,0.0,1
2026-08-04 14:37:55,0.0,1
2026-08-04 14:37:55,0.0,1
2026-08-04 14:37:55,0.0,1
2026-08-04 14:37:55,0.0,1
2026-08-04 14:37:56,0.0,1
2026-08-04 14:37:56,0.0,1
2026-08-04 14:37:56,0.0,1
2026-08-04 14:37:56,0.0,1
2026-08-04 14:37:56,0.0,1
2026-08-04 14:37:56,0.0,1
2026-08-04 14:37:56,0.0,1
2026-08-04 14:37:56,0.0,1
2026-08-04 14:37:56,0.0,1
2026-08-04 14:37:56,0.0,1
2026-08-04 14:37:56,0.0,1
2026-08-04 14:37:56,0.0,1
2026-08-04 14:37:56,0.0,1
2026-08-04 14:37:56,0.0,1
2026-08-04 14:37:56,0.0,1
2026-08-04 14:37:56,0.0,1
2026-08-04 14:37:56,0.0,1
2026-08-04 14:37:56,0.0,1
2026-08-04 14:37:56,0.0,1
2026-08-04 14:37:56,0.0,1
2026-08-04 14:37:57,0.0,1
2026-08-04 14:37:57,0.0,1
2026-08-04 14:37:57,0.0,1
2026-08-04 14:37:57,0.0,1
2026-08-04 14:37:57,0.0,1
2026-08-04 14:37:57,0.0,1
2026-08-04 14:37:57,0.0,1
2026-08-04 14:37:57,0.0,1
2026-08-04 14:37:57,0.0,1
2026-08-04 14:37:57,0.0,1
2026-08-04 14:37:57,0.0,1
2026-08-04 14:37:57,0.0,1
2026-08-04 14:37:57,0.0,1
2026-08-04 14:37:57,0.0,1
2026-08-04 14:37:57,0.0,1
2026-08-04 14:37:57,0.0,1
2026-08-04 14:37:57,0.0,1
2026-08-04 14:37:57,0.0,1
2026-08-04 14:37:57,0.0,1
2026-08-04 14:37:57,0.0,1
2026-08-04 14:37:58,0.0,1
2026-08-04 14:37:58,0.0,1
2026-08-04 14:37:58,0.0,1
2026-08-04 14:37:58,0.0,1
2026-08-04 14:37:58,0.0,1
2026-08-04 14:37:58,0.0,1
2026-08-04 14:37:58,0.0,1
2026-08-04 14:37:58,0.0,1
2026-08-04 14:37:58,0.0,1
2026-08-04 14:37:58,0.0,1
2026-08-04 14:37:58,0.0,1
2026-08-04 14:37:58,0.0,1
2026-08-04 14:37:58,0.0,1
2026-08-04 14:37:58,0.0,1
2026-08-04 14:37:58,0.0,1
2026-08-04 14:37:58,0.0,1
2026-08-04 14:37:58,0.0,1
2026-08-04 14:37:58,0.0,1
2026-08-04 14:37:58,0.0,1
2026-08-04 14:37:58,0.0,1
2026-08-04 14:37:59,0.0,1
2026-08-04 14:37:59,0.0,1
2026-08-04 14:37:59,0.0,1
2026-08-04 14:37:59,0.0,1
2026-08-04 14:37:59,0.0,1
2026-08-04 14:37:59,0.0,1
2026-08-04 14:37:59,0.0,1
2026-08-04 14:37:59,0.0,1
2026-08-04 14:37:59,0.0,1
2026-08-04 14:37:59,0.0,1
2026-08-04 14:37:59,0.0,1
2026-08-04 14:37:59,0.0,1
2026-08-04 14:37:59,0.0,1
2026-08-04 14:37:59,0.0,1
2026-08-04 14:37:59,0.0,1
2026-08-04 14:37:59,0.0,1
2026-08-04 14:37:59,0.0,1
2026-08-04 14:37:59,0.0,1
2026-08-04 14:37:59,0.0,1
2026-08-04 14:37:59,0.0,1
2026-08-04 14:38:00,0.0,1
2026-08-04 14:38:00,0.0,1
2026-08-04 14:38:00,0.0,1
2026-08-04 14:38:00,0.0,1
2026-08-04 14:38:00,0.0,1
2026-08-04 14:38:00,0.0,1
2026-08-04 14:38:00,0.0,1
2026-08-04 14:38:00,0.0,1
2026-08-04 14:38:00,0.0,1
2026-08-04 14:38:00,0.0,1
2026-08-04 14:38:00,0.0,1
2026-08-04 14:38:00,0.0,1
2026-08-04 14:38:00,0.0,1
2026-08-04 14:38:00,0.0,1
2026-08-04 14:38:00,0.0,1
2026-08-04 14:38:00,0.0,1
2026-08-04 14:38:00,0.0,1
2026-08-04 14:38:00,0.0,1
2026-08-04 14:38:00,0.0,1
2026-08-04 14:38:00,0.0,1
2026-08-04 14:38:01,0.0,1
2026-08-04 14:38:01,0.0,1
2026-08-04 14:38:01,0.0,1
2026-08-04 14:38:01,0.0,1
2026-08-04 14:38:01,0.0,1
2026-08-04 14:38:01,0.0,1
2026-08-04 14:38:01,0.0,1
2026-08-04 14:38:01,0.0,1
2026-08-04 14:38:01,0.0,1
2026-08-04 14:38:01,0.0,1
2026-08-04 14:38:01,0.0,1
2026-08-04 14:38:01,0.0,1
2026-08-04 14:38:01,0.0,1
2026-08-04 14:38:01,0.0,1
2026-08-04 14:38:01,0.0,1
2026-08-04 14:38:01,0.0,1
2026-08-04 14:38:01,0.0,1
2026-08-04 14:38:01,0.0,1
2026-08-04 14:38:01,0.0,1
2026-08-04 14:38:01,0.0,1
2026-08-04 14:38:02,0.0,1
2026-08-04 14:38:02,0.0,1
2026-08-04 14:38:02,0.0,1
2026-08-04 14:38:02,0.0,1
2026-08-04 14:38:02,0.0,1
2026-08-04 14:38:02,0.0,1
2026-08-04 14:38:02,0.0,1
2026-08-04 14:38:02,0.0,1
2026-08-04 14:38:02,0.0,1
2026-08-04 14:38:02,0.0,1
2026-08-04 14:38:02,0.0,1
2026-08-04 14:38:02,0.0,1
2026-08-04 14:38:02,0.0,1
2026-08-04 14:38:02,0.0,1
2026-08-04 14:38:02,0.0,1
2026-08-04 14:38:02,0.0,1
2026-08-04 14:38:02,0.0,1
2026-08-04 14:38:02,0.0,1
2026-08-04 14:38:02,0.0,1
2026-08-04 14:38:02,0.0,1
2026-08-04 14:38:03,0.0,1
2026-08-04 14:38:03,0.0,1
2026-08-04 14:38:03,0.0,1
2026-08-04 14:38:03,0.0,1
2026-08-04 14:38:03,0.0,1
2026-08-04 14:38:03,0.0,1
2026-08-04 14:38:03,0.0,1
2026-08-04 14:38:03,0.0,1
2026-08-04 14:38:03,0.0,1
2026-08-04 14:38:03,0.0,1
2026-08-04 14:38:03,0.0,1
2026-08-04 14:38:03,0.0,1
2026-08-04 14:38:03,0.0,1
2026-08-04 14:38:03,0.0,1
2026-08-04 14:38:03,0.0,1
2026-08-04 14:38:03,0.0,1
2026-08-04 14:38:03,0.0,1
2026-08-04 14:38:03,0.0,1
2026-08-04 14:38:03,0.0,1
2026-08-04 14:38:03,0.0,1
2026-08-04 14:38:04,0.0,1
2026-08-04 14:38:04,0.0,1
2026-08-04 14:38:04,0.0,1
2026-08-04 14:38:04,0.0,1
2026-08-04 14:38:04,0.0,1
2026-08-04 14:38:04,0.0,1
2026-08-04 14:38:04,0.0,1
2026-08-04 14:38:04,0.0,1
2026-08-04 14:38:04,0.0,1
2026-08-04 14:38:04,0.0,1
2026-08-04 14:38:04,0.0,1
2026-08-04 14:38:04,0.0,1
2026-08-04 14:38:04,0.0,1
2026-08-04 14:38:04,0.0,1
2026-08-04 14:38:04,0.0,1
2026-08-04 14:38:04,0.0,1
2026-08-04 14:38:04,0.0,1
2026-08-04 14:38:04,0.0,1
2026-08-04 14:38:04,0.0,1
2026-08-04 14:38:04,0.0,1
2026-08-04 14:38:05,0.0,1
2026-08-04 14:38:05,0.0,1
2026-08-04 14:38:05,0.0,1
2026-08-04 14:38:05,0.0,1
2026-08-04 14:38:05,0.0,1
2026-08-04 14:38:05,0.0,1
2026-08-04 14:38:05,0.0,1
2026-08-04 14:38:05,0.0,1
2026-08-04 14:38:05,0.0,1
2026-08-04 14:38:05,0.0,1
2026-08-04 14:38:05,0.0,1
2026-08-04 14:38:05,0.0,1
2026-08-04 14:38:05,0.0,1
2026-08-04 14:38:05,0.0,1
2026-08-04 14:38:05,0.0,1
2026-08-04 14:38:05,0.0,1
2026-08-04 14:38:05,0.0,1
2026-08-04 14:38:05,0.0,1
2026-08-04 14:38:05,0.0,1
2026-08-04 14:38:05,0.0,1
2026-08-04 14:38:06,0.0,1
2026-08-04 14:38:06,0.0,1
2026-08-04 14:38:06,0.0,1
2026-08-04 14:38:06,0.0,1
2026-08-04 14:38:06,0.0,1
2026-08-04 14:38:06,0.0,1
2026-08-04 14:38:06,0.0,1
2026-08-04 14:38:06,0.0,1
2026-08-04 14:38:06,0.0,1
2026-08-04 14:38:06,0.0,1
2026-08-04 14:38:06,0.0,1
2026-08-04 14:38:06,0.0,1
2026-08-04 14:38:06,0.0,1
2026-08-04 14:38:06,0.0,1
2026-08-04 14:38:06,0.0,1
2026-08-04 14:38:06,0.0,1
2026-08-04 14:38:06,0.0,1
2026-08-04 14:38:06,0.0,1
2026-08-04 14:38:06,0.0,1
2026-08-04 14:38:06,0.0,1
2026-08-04 14:38:07,0.0,1
2026-08-04 14:38:07,0.0,1
2026-08-04 14:38:07,0.0,1
2026-08-04 14:38:07,0.0,1
2026-08-04 14:38:07,0.0,1
2026-08-04 14:38:07,0.0,1
2026-08-04 14:38:07,0.0,1
2026-08-04 14:38:07,0.0,1
2026-08-04 14:38:07,0.0,1
2026-08-04 14:38:07,0.0,1
2026-08-04 14:38:07,0.0,1
2026-08-04 14:38:07,0.0,1
2026-08-04 14:38:07,0.0,1
2026-08-04 14:38:07,0.0,1
2026-08-04 14:38:07,0.0,1
2026-08-04 14:38:07,0.0,1
2026-08-04 14:38:07,0.0,1
2026-08-04 14:38:07,0.0,1
2026-08-04 14:38:07,0.0,1
2026-08-04 14:38:07,0.0,1
2026-08-04 14:38:08,0.0,1
2026-08-04 14:38:08,0.0,1
2026-08-04 14:38:08,0.0,1
2026-08-04 14:38:08,0.0,1
2026-08-04 14:38:08,0.0,1
2026-08-04 14:38:08,0.0,1
2026-08-04 14:38:08,0.0,1
2026-08-04 14:38:08,0.0,1
2026-08-04 14:38:08,0.0,1
2026-08-04 14:38:08,0.0,1
2026-08-04 14:38:08,0.0,1
2026-08-04 14:38:08,0.0,1
2026-08-04 14:38:08,0.0,1
2026-08-04 14:38:08,0.0,1
2026-08-04 14:38:08,0.0,1
2026-08-04 14:38:08,0.0,1
2026-08-04 14:38:08,0.0,1
2026-08-04 14:38:08,0.0,1
2026-08-04 14:38:08,0.0,1
2026-08-04 14:38:08,0.0,1
2026-08-04 14:38:09,0.0,1
2026-08-04 14:38:09,0.0,1
2026-08-04 14:38:09,0.0,1
2026-08-04 14:38:09,0.0,1
2026-08-04 14:38:09,0.0,1
2026-08-04 14:38:09,0.0,1
2026-08-04 14:38:09,0.0,1
2026-08-04 14:38:09,0.0,1
2026-08-04 14:38:09,0.0,1
2026-08-04 14:38:09,0.0,1
2026-08-04 14:38:09,0.0,1
2026-08-04 14:38:09,0.0,1
2026-08-04 14:38:09,0.0,1
2026-08-04 14:38:09,0.0,1
2026-08-04 14:38:09,0.0,1
2026-08-04 14:38:09,0.0,1
2026-08-04 14:38:09,0.0,1
2026-08-04 14:38:09,0.0,1
2026-08-04 14:38:09,0.0,1
2026-08-04 14:38:09,0.0,1
2026-08-04 14:38:10,0.0,1
2026-08-04 14:38:10,0.0,1
2026-08-04 14:38:10,0.0,1
2026-08-04 14:38:10,0.0,1
2026-08-04 14:38:10,0.0,1
2026-08-04 14:38:10,0.0,1
2026-08-04 14:38:10,0.0,1
2026-08-04 14:38:10,0.0,1
2026-08-04 14:38:10,0.0,1
2026-08-04 14:38:10,0.0,1
2026-08-04 14:38:10,0.0,1
2026-08-04 14:38:10,0.0,1
2026-08-04 14:38:10,0.0,1
2026-08-04 14:38:10,0.0,1
2026-08-04 14:38:10,0.0,1
2026-08-04 14:38:10,0.0,1
2026-08-04 14:38:10,0.0,1
2026-08-04 14:38:10,0.0,1
2026-08-04 14:38:10,0.0,1
2026-08-04 14:38:10,0.0,1
2026-08-04 14:38:11,0.0,1
2026-08-04 14:38:11,0.0,1
2026-08-04 14:38:11,0.0,1
2026-08-04 14:38:11,0.0,1
2026-08-04 14:38:11,0.0,1
2026-08-04 14:38:11,0.0,1
2026-08-04 14:38:11,0.0,1
2026-08-04 14:38:11,0.0,1
2026-08-04 14:38:11,0.0,1
2026-08-04 14:38:11,0.0,1
2026-08-04 14:38:11,0.0,1
2026-08-04 14:38:11,0.0,1
2026-08-04 14:38:11,0.0,1
2026-08-04 14:38:11,0.0,1
2026-08-04 14:38:11,0.0,1
2026-08-04 14:38:11,0.0,1
2026-08-04 14:38:11,0.0,1
2026-08-04 14:38:11,0.0,1
2026-08-04 14:38:11,0.0,1
2026-08-04 14:38:11,0.0,1
2026-08-04 14:38:12,0.0,1
2026-08-04 14:38:12,0.0,1
2026-08-04 14:38:12,0.0,1
2026-08-04 14:38:12,0.0,1
2026-08-04 14:38:12,0.0,1
2026-08-04 14:38:12,0.0,1
2026-08-04 14:38:12,0.0,1
2026-08-04 14:38:12,0.0,1
2026-08-04 14:38:12,0.0,1
2026-08-04 14:38:12,0.0,1
2026-08-04 14:38:12,0.0,1
2026-08-04 14:38:12,0.0,1
2026-08-04 14:38:12,0.0,1
2026-08-04 14:38:12,0.0,1
2026-08-04 14:38:12,0.0,1
2026-08-04 14:38:12,0.0,1
2026-08-04 14:38:12,0.0,1
2026-08-04 14:38:12,0.0,1
2026-08-04 14:38:12,0.0,1
2026-08-04 14:38:12,0.0,1
2026-08-04 14:38:13,0.0,1
2026-08-04 14:38:13,0.0,1
2026-08-04 14:38:13,0.0,1
2026-08-04 14:38:13,0.0,1
2026-08-04 14:38:13,0.0,1
2026-08-04 14:38:13,0.0,1
2026-08-04 14:38:13,0.0,1
2026-08-04 14:38:13,0.0,1
2026-08-04 14:38:13,0.0,1
2026-08-04 14:38:13,0.0,1
2026-08-04 14:38:13,0.0,1
2026-08-04 14:38:13,0.0,0
2026-08-04 14:38:13,0.0,0
2026-08-04 14:38:13,0.0,0
2026-08-04 14:38:13,0.0,0
2026-08-04 14:38:13,0.0,0
2026-08-04 14:38:13,0.0,0
2026-08-04 14:38:13,0.0,-1
2026-08-04 14:38:13,0.0,-1
2026-08-04 14:38:13,0.0,-1
2026-08-04 14:38:14,0.0,-1
2026-08-04 14:38:14,0.0,-1
2026-08-04 14:38:14,0.0,-1
2026-08-04 14:38:14,0.0,-1
2026-08-04 14:38:14,0.0,-1
2026-08-04 14:38:14,0.0,-1
2026-08-04 14:38:14,0.0,-1
2026-08-04 14:38:14,0.0,-1
2026-08-04 14:38:14,0.0,-1
2026-08-04 14:38:14,0.0,-1
2026-08-04 14:38:14,0.0,-1
2026-08-04 14:38:14,0.0,-1
2026-08-04 14:38:14,0.0,-1
2026-08-04 14:38:14,0.0,-1
2026-08-04 14:38:14,0.0,-1
2026-08-04 14:38:14,0.0,-1
2026-08-04 14:38:14,0.0,-1
2026-08-04 14:38:14,0.0,-1
2026-08-04 14:38:14,0.0,-1
2026-08-04 14:38:14,0.0,-1
2026-08-04 14:38:15,0.0,-1
2026-08-04 14:38:15,0.0,-1
2026-08-04 14:38:15,0.828125,-1
2026-08-04 14:38:15,0.828125,-1
2026-08-04 14:38:15,1.3125,-1
2026-08-04 14:38:15,1.3125,-1
2026-08-04 14:38:15,1.921875,-1
2026-08-04 14:38:15,1.921875,-1
2026-08-04 14:38:15,2.078125,-1
2026-08-04 14:38:15,2.078125,-1
2026-08-04 14:38:15,2.359375,-1
2026-08-04 14:38:15,2.359375,-1
2026-08-04 14:38:15,2.625,-1
2026-08-04 14:38:15,2.625,-1
2026-08-04 14:38:15,2.28125,-1
2026-08-04 14:38:15,2.28125,-1
2026-08-04 14:38:15,2.140625,-1
2026-08-04 14:38:15,2.140625,-1
2026-08-04 14:38:15,2.125,-1
2026-08-04 14:38:15,2.125,-1
2026-08-04 14:38:16,4.09375,-1
2026-08-04 14:38:16,4.09375,-1
2026-08-04 14:38:16,4.296875,-1
2026-08-04 14:38:16,4.296875,-1
2026-08-04 14:38:16,4.53125,-1
2026-08-04 14:38:16,4.53125,-1
2026-08-04 14:38:16,5.6875,-1
2026-08-04 14:38:16,5.6875,-1
2026-08-04 14:38:16,5.6875,-1
2026-08-04 14:38:16,5.6875,-1
2026-08-04 14:38:16,5.609375,-1
2026-08-04 14:38:16,5.609375,-1
2026-08-04 14:38:16,5.59375,-1
2026-08-04 14:38:16,5.59375,-1
2026-08-04 14:38:16,6.765625,-1
2026-08-04 14:38:16,6.765625,-1
2026-08-04 14:38:16,7.03125,-1
2026-08-04 14:38:16,7.03125,-1
2026-08-04 14:38:16,7.1875,-1
2026-08-04 14:38:16,7.1875,-1
2026-08-04 14:38:17,8.28125,-1
2026-08-04 14:38:17,8.28125,-1
2026-08-04 14:38:17,8.234375,-1
2026-08-04 14:38:17,8.234375,-1
2026-08-04 14:38:17,8.1875,-1
2026-08-04 14:38:17,8.1875,-1
2026-08-04 14:38:17,7.96875,-1
2026-08-04 14:38:17,7.96875,-1
2026-08-04 14:38:17,7.796875,-1
2026-08-04 14:38:17,7.796875,-1
2026-08-04 14:38:17,7.796875,-1
2026-08-04 14:38:17,7.796875,-1
2026-08-04 14:38:17,7.90625,-1
2026-08-04 14:38:17,7.90625,-1
2026-08-04 14:38:17,7.984375,-1
2026-08-04 14:38:17,7.984375,-1
2026-08-04 14:38:17,8.8125,-1
2026-08-04 14:38:17,8.8125,-1
2026-08-04 14:38:17,8.828125,-1
2026-08-04 14:38:17,8.828125,-1
2026-08-04 14:38:18,8.828125,-1
2026-08-04 14:38:18,8.828125,-1
2026-08-04 14:38:18,8.78125,-1
2026-08-04 14:38:18,8.78125,-1
2026-08-04 14:38:18,8.46875,-1
2026-08-04 14:38:18,8.46875,-1
2026-08-04 14:38:18,8.484375,-1
2026-08-04 14:38:18,8.484375,-1
2026-08-04 14:38:18,8.53125,-1
2026-08-04 14:38:18,8.53125,-1
2026-08-04 14:38:18,9.203125,-1
2026-08-04 14:38:18,9.203125,-1
2026-08-04 14:38:18,9.25,-1
2026-08-04 14:38:18,9.25,-1
2026-08-04 14:38:18,9.234375,-1
2026-08-04 14:38:18,9.234375,-1
2026-08-04 14:38:18,9.75,-1
2026-08-04 14:38:18,9.75,-1
2026-08-04 14:38:18,9.796875,-1
2026-08-04 14:38:18,9.796875,-1
2026-08-04 14:38:19,9.84375,-1
2026-08-04 14:38:19,9.84375,-1
2026-08-04 14:38:19,9.890625,-1
2026-08-04 14:38:19,9.890625,-1
2026-08-04 14:38:19,11.109375,-1
2026-08-04 14:38:19,11.109375,-1
2026-08-04 14:38:19,11.28125,-1
2026-08-04 14:38:19,11.28125,-1
2026-08-04 14:38:19,11.3125,-1
2026-08-04 14:38:19,11.3125,-1
2026-08-04 14:38:19,11.3125,-1
2026-08-04 14:38:19,11.3125,-1
2026-08-04 14:38:19,12.21875,-1
2026-08-04 14:38:19,12.21875,-1
2026-08-04 14:38:19,12.390625,-1
2026-08-04 14:38:19,12.390625,-1
2026-08-04 14:38:19,12.34375,-1
2026-08-04 14:38:19,12.34375,-1
2026-08-04 14:38:19,13.03125,-1
2026-08-04 14:38:19,13.03125,-1
2026-08-04 14:38:20,12.90625,-1
2026-08-04 14:38:20,12.90625,-1
2026-08-04 14:38:20,13.0,-1
2026-08-04 14:38:20,13.0,-1
2026-08-04 14:38:20,13.0625,-1
2026-08-04 14:38:20,13.0625,-1
2026-08-04 14:38:20,13.203125,-1
2026-08-04 14:38:20,13.203125,-1
2026-08-04 14:38:20,13.109375,-1
2026-08-04 14:38:20,13.109375,-1
2026-08-04 14:38:20,13.03125,-1
2026-08-04 14:38:20,13.03125,-1
2026-08-04 14:38:20,13.234375,-1
2026-08-04 14:38:20,13.234375,-1
2026-08-04 14:38:20,13.296875,-1
2026-08-04 14:38:20,13.296875,-1
2026-08-04 14:38:20,13.28125,-1
2026-08-04 14:38:20,13.28125,-1
2026-08-04 14:38:20,13.1875,-1
2026-08-04 14:38:20,13.1875,-1
2026-08-04 14:38:21,13.375,-1
2026-08-04 14:38:21,13.375,-1
2026-08-04 14:38:21,13.359375,-1
2026-08-04 14:38:21,13.359375,-1
2026-08-04 14:38:21,13.4375,-1
2026-08-04 14:38:21,13.4375,-1
2026-08-04 14:38:21,13.28125,-1
2026-08-04 14:38:21,13.28125,-1
2026-08-04 14:38:21,13.21875,-1
2026-08-04 14:38:21,13.21875,-1
2026-08-04 14:38:21,13.234375,-1
2026-08-04 14:38:21,13.234375,-1
2026-08-04 14:38:21,13.5,-1
2026-08-04 14:38:21,13.5,-1
2026-08-04 14:38:21,13.28125,-1
2026-08-04 14:38:21,13.28125,-1
2026-08-04 14:38:21,13.109375,-1
2026-08-04 14:38:21,13.109375,-1
2026-08-04 14:38:21,13.296875,-1
2026-08-04 14:38:21,13.296875,-1
2026-08-04 14:38:22,13.1875,-1
2026-08-04 14:38:22,13.1875,-1
2026-08-04 14:38:22,13.234375,-1
2026-08-04 14:38:22,13.234375,-1
2026-08-04 14:38:22,13.28125,-1
2026-08-04 14:38:22,13.28125,-1
2026-08-04 14:38:22,13.328125,-1
2026-08-04 14:38:22,13.328125,-1
2026-08-04 14:38:22,13.328125,-1
2026-08-04 14:38:22,13.328125,-1
2026-08-04 14:38:22,13.21875,-1
2026-08-04 14:38:22,13.21875,-1
2026-08-04 14:38:22,13.25,-1
2026-08-04 14:38:22,13.25,-1
2026-08-04 14:38:22,13.234375,-1
2026-08-04 14:38:22,13.234375,-1
2026-08-04 14:38:22,13.453125,-1
2026-08-04 14:38:22,13.453125,-1
2026-08-04 14:38:22,13.34375,-1
2026-08-04 14:38:22,13.34375,-1
2026-08-04 14:38:23,13.0,-1
2026-08-04 14:38:23,13.0,-1
2026-08-04 14:38:23,13.40625,-1
2026-08-04 14:38:23,13.40625,-1
2026-08-04 14:38:23,13.28125,-1
2026-08-04 14:38:23,13.28125,-1
2026-08-04 14:38:23,13.234375,-1
2026-08-04 14:38:23,13.234375,-1
2026-08-04 14:38:23,13.3125,-1
2026-08-04 14:38:23,13.3125,-1
2026-08-04 14:38:23,13.21875,-1
2026-08-04 14:38:23,13.21875,-1
2026-08-04 14:38:23,13.1875,-1
2026-08-04 14:38:23,13.1875,-1
2026-08-04 14:38:23,13.28125,-1
2026-08-04 14:38:23,13.28125,-1
2026-08-04 14:38:23,13.15625,-1
2026-08-04 14:38:23,13.15625,-1
2026-08-04 14:38:23,13.09375,-1
2026-08-04 14:38:23,13.09375,-1
2026-08-04 14:38:24,13.4375,-1
2026-08-04 14:38:24,13.4375,-1
2026-08-04 14:38:24,13.265625,-1
2026-08-04 14:38:24,13.265625,-1
2026-08-04 14:38:24,13.3125,-1
2026-08-04 14:38:24,13.3125,-1
2026-08-04 14:38:24,13.15625,-1
2026-08-04 14:38:24,13.15625,-1
2026-08-04 14:38:24,13.0625,-1
2026-08-04 14:38:24,13.0625,-1
2026-08-04 14:38:24,13.109375,-1
2026-08-04 14:38:24,13.109375,-1
2026-08-04 14:38:24,13.015625,-1
2026-08-04 14:38:24,13.015625,-1
2026-08-04 14:38:24,13.171875,-1
2026-08-04 14:38:24,13.171875,-1
2026-08-04 14:38:24,13.046875,-1
2026-08-04 14:38:24,13.046875,-1
2026-08-04 14:38:24,13.109375,-1
2026-08-04 14:38:24,13.109375,-1
2026-08-04 14:38:25,13.234375,-1
2026-08-04 14:38:25,13.234375,-1
2026-08-04 14:38:25,13.046875,-1
2026-08-04 14:38:25,13.046875,-1
2026-08-04 14:38:25,13.140625,-1
2026-08-04 14:38:25,13.140625,-1
2026-08-04 14:38:25,12.9375,-1
2026-08-04 14:38:25,12.9375,-1
2026-08-04 14:38:25,13.03125,-1
2026-08-04 14:38:25,13.03125,-1
2026-08-04 14:38:25,13.109375,-1
2026-08-04 14:38:25,13.109375,-1
2026-08-04 14:38:25,13.515625,-1
2026-08-04 14:38:25,13.515625,-1
2026-08-04 14:38:25,13.234375,-1
2026-08-04 14:38:25,13.234375,-1
2026-08-04 14:38:25,13.328125,-1
2026-08-04 14:38:25,13.328125,-1
2026-08-04 14:38:25,13.46875,-1
2026-08-04 14:38:25,13.46875,-1
2026-08-04 14:38:26,13.34375,-1
2026-08-04 14:38:26,13.34375,-1
2026-08-04 14:38:26,13.328125,-1
2026-08-04 14:38:26,13.328125,-1
2026-08-04 14:38:26,13.4375,-1
2026-08-04 14:38:26,13.4375,-1
2026-08-04 14:38:26,13.28125,-1
2026-08-04 14:38:26,13.28125,-1
2026-08-04 14:38:26,13.359375,-1
2026-08-04 14:38:26,13.359375,-1
2026-08-04 14:38:26,13.375,-1
2026-08-04 14:38:26,13.375,-1
2026-08-04 14:38:26,13.296875,-1
2026-08-04 14:38:26,13.296875,-1
2026-08-04 14:38:26,13.1875,-1
2026-08-04 14:38:26,13.1875,-1
2026-08-04 14:38:26,12.9375,-1
2026-08-04 14:38:26,12.9375,-1
2026-08-04 14:38:26,13.0625,-1
2026-08-04 14:38:26,13.0625,-1
2026-08-04 14:38:27,13.09375,-1
2026-08-04 14:38:27,13.09375,-1
2026-08-04 14:38:27,13.34375,-1
2026-08-04 14:38:27,13.34375,-1
2026-08-04 14:38:27,13.375,-1
2026-08-04 14:38:27,13.375,-1
2026-08-04 14:38:27,13.46875,-1
2026-08-04 14:38:27,13.46875,-1
2026-08-04 14:38:27,13.28125,-1
2026-08-04 14:38:27,13.28125,-1
2026-08-04 14:38:27,13.359375,-1
2026-08-04 14:38:27,13.359375,-1
2026-08-04 14:38:27,13.3125,-1
2026-08-04 14:38:27,13.3125,-1
2026-08-04 14:38:27,13.28125,-1
2026-08-04 14:38:27,13.28125,-1
2026-08-04 14:38:27,13.25,-1
2026-08-04 14:38:27,13.25,-1
2026-08-04 14:38:27,13.453125,-1
2026-08-04 14:38:27,13.453125,-1
2026-08-04 14:38:28,13.40625,-1
2026-08-04 14:38:28,13.40625,-1
2026-08-04 14:38:28,13.328125,-1
2026-08-04 14:38:28,13.328125,-1
2026-08-04 14:38:28,13.03125,-1
2026-08-04 14:38:28,13.03125,-1
2026-08-04 14:38:28,12.921875,-1
2026-08-04 14:38:28,12.921875,-1
2026-08-04 14:38:28,13.140625,-1
2026-08-04 14:38:28,13.140625,-1
2026-08-04 14:38:28,13.078125,-1
2026-08-04 14:38:28,13.078125,-1
2026-08-04 14:38:28,13.0625,-1
2026-08-04 14:38:28,13.0625,-1
2026-08-04 14:38:28,13.296875,-1
2026-08-04 14:38:28,13.296875,-1
2026-08-04 14:38:28,13.265625,-1
2026-08-04 14:38:28,13.265625,-1
2026-08-04 14:38:28,13.3125,-1
2026-08-04 14:38:28,13.3125,-1
2026-08-04 14:38:29,13.3125,-1
2026-08-04 14:38:29,13.3125,-1
2026-08-04 14:38:29,13.140625,-1
2026-08-04 14:38:29,13.140625,-1
2026-08-04 14:38:29,13.078125,-1
2026-08-04 14:38:29,13.078125,-1
2026-08-04 14:38:29,13.328125,-1
2026-08-04 14:38:29,13.328125,-1
2026-08-04 14:38:29,13.3125,-1
2026-08-04 14:38:29,13.3125,-1
2026-08-04 14:38:29,13.3125,-1
2026-08-04 14:38:29,13.3125,-1
2026-08-04 14:38:29,13.34375,-1
2026-08-04 14:38:29,13.34375,-1
2026-08-04 14:38:29,13.28125,-1
2026-08-04 14:38:29,13.28125,-1
2026-08-04 14:38:29,13.1875,-1
2026-08-04 14:38:29,13.1875,-1
2026-08-04 14:38:29,13.140625,-1
2026-08-04 14:38:29,13.140625,-1
2026-08-04 14:38:30,13.140625,-1
2026-08-04 14:38:30,13.140625,-1
2026-08-04 14:38:30,13.296875,-1
2026-08-04 14:38:30,13.296875,-1
2026-08-04 14:38:30,13.328125,-1
2026-08-04 14:38:30,13.328125,-1
2026-08-04 14:38:30,13.1875,-1
2026-08-04 14:38:30,13.1875,-1
2026-08-04 14:38:30,13.0625,-1
2026-08-04 14:38:30,13.0625,-1
2026-08-04 14:38:30,13.203125,-1
2026-08-04 14:38:30,13.203125,-1
2026-08-04 14:38:30,13.1875,-1
2026-08-04 14:38:30,13.1875,-1
2026-08-04 14:38:30,13.0,-1
2026-08-04 14:38:30,13.0,-1
2026-08-04 14:38:30,13.0625,-1
2026-08-04 14:38:30,13.0625,-1
2026-08-04 14:38:30,13.09375,-1
2026-08-04 14:38:30,13.09375,-1
2026-08-04 14:38:31,13.15625,-1
2026-08-04 14:38:31,13.15625,-1
2026-08-04 14:38:31,13.328125,-1
2026-08-04 14:38:31,13.328125,-1
2026-08-04 14:38:31,13.375,-1
2026-08-04 14:38:31,13.375,-1
2026-08-04 14:38:31,13.34375,-1
2026-08-04 14:38:31,13.34375,-1
2026-08-04 14:38:31,13.125,-1
2026-08-04 14:38:31,13.125,-1
2026-08-04 14:38:31,13.140625,-1
2026-08-04 14:38:31,13.140625,-1
2026-08-04 14:38:31,13.21875,-1
2026-08-04 14:38:31,13.21875,-1
2026-08-04 14:38:31,13.1875,-1
2026-08-04 14:38:31,13.1875,-1
2026-08-04 14:38:31,13.15625,-1
2026-08-04 14:38:31,13.15625,-1
2026-08-04 14:38:31,13.109375,-1
2026-08-04 14:38:31,13.109375,-1
2026-08-04 14:38:32,13.3125,-1
2026-08-04 14:38:32,13.3125,-1
2026-08-04 14:38:32,13.125,-1
2026-08-04 14:38:32,13.125,-1
2026-08-04 14:38:32,13.109375,-1
2026-08-04 14:38:32,13.109375,-1
2026-08-04 14:38:32,13.0625,-1
2026-08-04 14:38:32,13.0625,-1
2026-08-04 14:38:32,13.0625,-1
2026-08-04 14:38:32,13.0625,-1
2026-08-04 14:38:32,13.109375,-1
2026-08-04 14:38:32,13.109375,-1
2026-08-04 14:38:32,13.0625,-1
2026-08-04 14:38:32,13.0625,-1
2026-08-04 14:38:32,13.09375,-1
2026-08-04 14:38:32,13.09375,-1
2026-08-04 14:38:32,13.140625,-1
2026-08-04 14:38:32,13.140625,-1
2026-08-04 14:38:32,13.25,-1
2026-08-04 14:38:32,13.25,-1
2026-08-04 14:38:33,13.25,-1
2026-08-04 14:38:33,13.25,-1
2026-08-04 14:38:33,13.203125,-1
2026-08-04 14:38:33,13.203125,-1
2026-08-04 14:38:33,13.078125,-1
2026-08-04 14:38:33,13.078125,-1
2026-08-04 14:38:33,13.171875,-1
2026-08-04 14:38:33,13.171875,-1
2026-08-04 14:38:33,13.171875,-1
2026-08-04 14:38:33,13.171875,-1
2026-08-04 14:38:33,13.03125,-1
2026-08-04 14:38:33,13.03125,-1
2026-08-04 14:38:33,13.21875,-1
2026-08-04 14:38:33,13.21875,-1
2026-08-04 14:38:33,13.078125,-1
2026-08-04 14:38:33,13.078125,-1
2026-08-04 14:38:33,13.21875,-1
2026-08-04 14:38:33,13.21875,-1
2026-08-04 14:38:33,13.09375,-1
2026-08-04 14:38:33,13.09375,-1
2026-08-04 14:38:34,13.25,-1
2026-08-04 14:38:34,13.25,-1
2026-08-04 14:38:34,13.265625,-1
2026-08-04 14:38:34,13.265625,-1
2026-08-04 14:38:34,13.078125,-1
2026-08-04 14:38:34,13.078125,-1
2026-08-04 14:38:34,13.1875,-1
2026-08-04 14:38:34,13.1875,-1
2026-08-04 14:38:34,13.265625,-1
2026-08-04 14:38:34,13.265625,-1
2026-08-04 14:38:34,13.21875,-1
2026-08-04 14:38:34,13.21875,-1
2026-08-04 14:38:34,12.984375,-1
2026-08-04 14:38:34,12.984375,-1
2026-08-04 14:38:34,13.078125,-1
2026-08-04 14:38:34,13.078125,-1
2026-08-04 14:38:34,12.96875,-1
2026-08-04 14:38:34,12.96875,-1
2026-08-04 14:38:34,12.90625,-1
2026-08-04 14:38:34,12.90625,-1
2026-08-04 14:38:35,13.390625,-1
2026-08-04 14:38:35,13.390625,-1
2026-08-04 14:38:35,13.1875,-1
2026-08-04 14:38:35,13.1875,-1
2026-08-04 14:38:35,13.1875,-1
2026-08-04 14:38:35,13.1875,-1
2026-08-04 14:38:35,13.28125,-1
2026-08-04 14:38:35,13.28125,-1
2026-08-04 14:38:35,13.125,-1
2026-08-04 14:38:35,13.125,-1
2026-08-04 14:38:35,13.21875,-1
2026-08-04 14:38:35,13.21875,-1
2026-08-04 14:38:35,13.078125,-1
2026-08-04 14:38:35,13.078125,-1
2026-08-04 14:38:35,13.0,-1
2026-08-04 14:38:35,13.0,-1
2026-08-04 14:38:35,13.03125,-1
2026-08-04 14:38:35,13.03125,-1
2026-08-04 14:38:35,12.9375,-1
2026-08-04 14:38:35,12.9375,-1
2026-08-04 14:38:36,13.109375,-1
2026-08-04 14:38:36,13.109375,-1
2026-08-04 14:38:36,13.046875,-1
2026-08-04 14:38:36,13.046875,-1
2026-08-04 14:38:36,13.140625,-1
2026-08-04 14:38:36,13.140625,-1
2026-08-04 14:38:36,13.140625,-1
2026-08-04 14:38:36,13.140625,-1
2026-08-04 14:38:36,13.015625,-1
2026-08-04 14:38:36,13.015625,-1
2026-08-04 14:38:36,13.125,-1
2026-08-04 14:38:36,13.125,-1
2026-08-04 14:38:36,13.21875,-1
2026-08-04 14:38:36,13.21875,-1
2026-08-04 14:38:36,13.21875,-1
2026-08-04 14:38:36,13.21875,-1
2026-08-04 14:38:36,13.34375,-1
2026-08-04 14:38:36,13.34375,-1
2026-08-04 14:38:36,13.234375,-1
2026-08-04 14:38:36,13.234375,-1
2026-08-04 14:38:37,13.265625,-1
2026-08-04 14:38:37,13.265625,-1
2026-08-04 14:38:37,13.34375,-1
2026-08-04 14:38:37,13.34375,-1
2026-08-04 14:38:37,12.953125,-1
2026-08-04 14:38:37,12.953125,-1
2026-08-04 14:38:37,12.96875,-1
2026-08-04 14:38:37,12.96875,-1
2026-08-04 14:38:37,13.109375,-1
2026-08-04 14:38:37,13.109375,-1
2026-08-04 14:38:37,13.046875,-1
2026-08-04 14:38:37,13.046875,-1
2026-08-04 14:38:37,13.203125,-1
2026-08-04 14:38:37,13.203125,-1
2026-08-04 14:38:37,13.203125,-1
2026-08-04 14:38:37,13.203125,-1
2026-08-04 14:38:37,13.1875,-1
2026-08-04 14:38:37,13.1875,-1
2026-08-04 14:38:37,13.15625,-1
2026-08-04 14:38:37,13.15625,-1
2026-08-04 14:38:38,13.0,-1
2026-08-04 14:38:38,13.0,-1
2026-08-04 14:38:38,12.953125,-1
2026-08-04 14:38:38,12.953125,-1
2026-08-04 14:38:38,13.234375,-1
2026-08-04 14:38:38,13.234375,-1
2026-08-04 14:38:38,13.171875,-1
2026-08-04 14:38:38,13.171875,-1
2026-08-04 14:38:38,13.15625,-1
2026-08-04 14:38:38,13.15625,-1
2026-08-04 14:38:38,13.203125,-1
2026-08-04 14:38:38,13.203125,-1
2026-08-04 14:38:38,12.9375,-1
2026-08-04 14:38:38,12.9375,-1
2026-08-04 14:38:38,13.046875,-1
2026-08-04 14:38:38,13.046875,-1
2026-08-04 14:38:38,13.140625,-1
2026-08-04 14:38:38,13.140625,-1
2026-08-04 14:38:38,13.140625,-1
2026-08-04 14:38:38,13.140625,-1
2026-08-04 14:38:39,13.390625,-1
2026-08-04 14:38:39,13.390625,-1
2026-08-04 14:38:39,13.25,-1
2026-08-04 14:38:39,13.25,-1
2026-08-04 14:38:39,13.078125,-1
2026-08-04 14:38:39,13.078125,-1
2026-08-04 14:38:39,13.03125,-1
2026-08-04 14:38:39,13.03125,-1
2026-08-04 14:38:39,12.96875,-1
2026-08-04 14:38:39,12.96875,-1
2026-08-04 14:38:39,13.046875,-1
2026-08-04 14:38:39,13.046875,-1
2026-08-04 14:38:39,13.125,-1
2026-08-04 14:38:39,13.125,-1
2026-08-04 14:38:39,12.796875,-1
2026-08-04 14:38:39,12.796875,-1
2026-08-04 14:38:39,12.859375,-1
2026-08-04 14:38:39,12.859375,-1
2026-08-04 14:38:39,12.8125,-1
2026-08-04 14:38:39,12.8125,-1
2026-08-04 14:38:40,13.265625,-1
2026-08-04 14:38:40,13.265625,-1
2026-08-04 14:38:40,13.1875,-1
2026-08-04 14:38:40,13.1875,-1
2026-08-04 14:38:40,13.1875,-1
2026-08-04 14:38:40,13.1875,-1
2026-08-04 14:38:40,13.390625,-1
2026-08-04 14:38:40,13.390625,-1
2026-08-04 14:38:40,13.078125,-1
2026-08-04 14:38:40,13.078125,-1
2026-08-04 14:38:40,13.171875,-1
2026-08-04 14:38:40,13.171875,-1
2026-08-04 14:38:40,13.25,-1
2026-08-04 14:38:40,13.25,-1
2026-08-04 14:38:40,13.203125,-1
2026-08-04 14:38:40,13.203125,-1
2026-08-04 14:38:40,13.171875,-1
2026-08-04 14:38:40,13.171875,-1
2026-08-04 14:38:40,13.296875,-1
2026-08-04 14:38:40,13.296875,-1
2026-08-04 14:38:41,13.125,-1
2026-08-04 14:38:41,13.125,-1
2026-08-04 14:38:41,13.140625,-1
2026-08-04 14:38:41,13.140625,-1
2026-08-04 14:38:41,13.171875,-1
2026-08-04 14:38:41,13.171875,-1
2026-08-04 14:38:41,13.171875,-1
2026-08-04 14:38:41,13.171875,-1
2026-08-04 14:38:41,13.171875,-1
2026-08-04 14:38:41,13.171875,-1
2026-08-04 14:38:41,13.25,-1
2026-08-04 14:38:41,13.25,-1
2026-08-04 14:38:41,13.265625,-1
2026-08-04 14:38:41,13.265625,-1
2026-08-04 14:38:41,13.21875,-1
2026-08-04 14:38:41,13.21875,-1
2026-08-04 14:38:41,13.171875,-1
2026-08-04 14:38:41,13.171875,-1
2026-08-04 14:38:41,13.0,-1
2026-08-04 14:38:41,13.0,-1
2026-08-04 14:38:42,13.125,-1
2026-08-04 14:38:42,13.125,-1
2026-08-04 14:38:42,13.015625,-1
2026-08-04 14:38:42,13.015625,-1
2026-08-04 14:38:42,13.015625,-1
2026-08-04 14:38:42,13.015625,-1
2026-08-04 14:38:42,13.15625,-1
2026-08-04 14:38:42,13.15625,-1
2026-08-04 14:38:42,13.390625,-1
2026-08-04 14:38:42,13.390625,-1
2026-08-04 14:38:42,13.171875,-1
2026-08-04 14:38:42,13.171875,-1
2026-08-04 14:38:42,13.125,-1
2026-08-04 14:38:42,13.125,-1
2026-08-04 14:38:42,13.21875,-1
2026-08-04 14:38:42,13.21875,-1
2026-08-04 14:38:42,13.0,-1
2026-08-04 14:38:42,13.0,-1
2026-08-04 14:38:42,12.859375,-1
2026-08-04 14:38:42,12.859375,-1
2026-08-04 14:38:43,13.0625,-1
2026-08-04 14:38:43,13.0625,-1
2026-08-04 14:38:43,12.9375,-1
2026-08-04 14:38:43,12.9375,-1
2026-08-04 14:38:43,13.25,-1
2026-08-04 14:38:43,13.25,-1
2026-08-04 14:38:43,13.078125,-1
2026-08-04 14:38:43,13.078125,-1
2026-08-04 14:38:43,13.109375,-1
2026-08-04 14:38:43,13.109375,-1
2026-08-04 14:38:43,13.0625,-1
2026-08-04 14:38:43,13.0625,-1
2026-08-04 14:38:43,13.0,-1
2026-08-04 14:38:43,13.0,-1
2026-08-04 14:38:43,12.96875,-1
2026-08-04 14:38:43,12.96875,-1
2026-08-04 14:38:43,13.03125,-1
2026-08-04 14:38:43,13.03125,-1
2026-08-04 14:38:43,13.15625,-1
2026-08-04 14:38:43,13.15625,-1
2026-08-04 14:38:44,13.234375,-1
2026-08-04 14:38:44,13.234375,-1
2026-08-04 14:38:44,13.046875,-1
2026-08-04 14:38:44,13.046875,-1
2026-08-04 14:38:44,13.0,-1
2026-08-04 14:38:44,13.0,-1
2026-08-04 14:38:44,13.03125,-1
2026-08-04 14:38:44,13.03125,-1
2026-08-04 14:38:44,12.953125,-1
2026-08-04 14:38:44,12.953125,-1
2026-08-04 14:38:44,13.109375,-1
2026-08-04 14:38:44,13.109375,-1
2026-08-04 14:38:44,13.09375,-1
2026-08-04 14:38:44,13.09375,-1
2026-08-04 14:38:44,13.28125,-1
2026-08-04 14:38:44,13.28125,-1
2026-08-04 14:38:44,13.15625,-1
2026-08-04 14:38:44,13.15625,-1
2026-08-04 14:38:44,13.15625,-1
2026-08-04 14:38:44,13.15625,-1
2026-08-04 14:38:45,12.953125,-1
2026-08-04 14:38:45,12.953125,-1
2026-08-04 14:38:45,12.9375,-1
2026-08-04 14:38:45,12.9375,-1
2026-08-04 14:38:45,13.109375,-1
2026-08-04 14:38:45,13.109375,-1
2026-08-04 14:38:45,12.859375,-1
2026-08-04 14:38:45,12.859375,-1
2026-08-04 14:38:45,12.984375,-1
2026-08-04 14:38:45,12.984375,-1
2026-08-04 14:38:45,13.15625,-1
2026-08-04 14:38:45,13.15625,-1
2026-08-04 14:38:45,13.28125,-1
2026-08-04 14:38:45,13.28125,-1
2026-08-04 14:38:45,13.171875,-1
2026-08-04 14:38:45,13.171875,-1
2026-08-04 14:38:45,13.1875,-1
2026-08-04 14:38:45,13.1875,-1
2026-08-04 14:38:45,13.03125,-1
2026-08-04 14:38:45,13.03125,-1
2026-08-04 14:38:46,12.96875,-1
2026-08-04 14:38:46,12.96875,-1
2026-08-04 14:38:46,13.03125,-1
2026-08-04 14:38:46,13.03125,-1
2026-08-04 14:38:46,13.078125,-1
2026-08-04 14:38:46,13.078125,-1
2026-08-04 14:38:46,13.078125,-1
2026-08-04 14:38:46,13.078125,-1
2026-08-04 14:38:46,13.078125,-1
2026-08-04 14:38:46,13.078125,-1
2026-08-04 14:38:46,13.28125,-1
2026-08-04 14:38:46,13.28125,-1
2026-08-04 14:38:46,13.125,-1
2026-08-04 14:38:46,13.125,-1
2026-08-04 14:38:46,13.03125,-1
2026-08-04 14:38:46,13.03125,-1
2026-08-04 14:38:46,12.984375,-1
2026-08-04 14:38:46,12.984375,-1
2026-08-04 14:38:46,13.0625,-1
2026-08-04 14:38:46,13.0625,-1
2026-08-04 14:38:47,13.140625,-1
2026-08-04 14:38:47,13.140625,-1
2026-08-04 14:38:47,13.28125,-1
2026-08-04 14:38:47,13.28125,-1
2026-08-04 14:38:47,13.203125,-1
2026-08-04 14:38:47,13.203125,-1
2026-08-04 14:38:47,13.171875,-1
2026-08-04 14:38:47,13.171875,-1
2026-08-04 14:38:47,13.1875,-1
2026-08-04 14:38:47,13.1875,-1
2026-08-04 14:38:47,12.96875,-1
2026-08-04 14:38:47,12.96875,-1
2026-08-04 14:38:47,13.046875,-1
2026-08-04 14:38:47,13.046875,-1
2026-08-04 14:38:47,12.921875,-1
2026-08-04 14:38:47,12.921875,-1
2026-08-04 14:38:47,12.875,-1
2026-08-04 14:38:47,12.875,-1
2026-08-04 14:38:47,13.375,-1
2026-08-04 14:38:47,13.375,-1
2026-08-04 14:38:48,13.265625,-1
2026-08-04 14:38:48,13.265625,-1
2026-08-04 14:38:48,13.140625,-1
2026-08-04 14:38:48,13.140625,-1
2026-08-04 14:38:48,13.125,-1
2026-08-04 14:38:48,13.125,-1
2026-08-04 14:38:48,13.125,-1
2026-08-04 14:38:48,13.125,-1
2026-08-04 14:38:48,13.171875,-1
2026-08-04 14:38:48,13.171875,-1
2026-08-04 14:38:48,13.171875,-1
2026-08-04 14:38:48,13.171875,-1
2026-08-04 14:38:48,13.28125,-1
2026-08-04 14:38:48,13.28125,-1
2026-08-04 14:38:48,13.0625,-1
2026-08-04 14:38:48,13.0625,-1
2026-08-04 14:38:48,13.0,-1
2026-08-04 14:38:48,13.0,-1
2026-08-04 14:38:48,13.0,-1
2026-08-04 14:38:48,13.0,-1
2026-08-04 14:38:49,13.046875,-1
2026-08-04 14:38:49,13.046875,-1
2026-08-04 14:38:49,13.140625,-1
2026-08-04 14:38:49,13.140625,-1
2026-08-04 14:38:49,13.0625,-1
2026-08-04 14:38:49,13.0625,-1
2026-08-04 14:38:49,13.15625,-1
2026-08-04 14:38:49,13.15625,-1
2026-08-04 14:38:49,13.296875,-1
2026-08-04 14:38:49,13.296875,-1
2026-08-04 14:38:49,13.171875,-1
2026-08-04 14:38:49,13.171875,-1
2026-08-04 14:38:49,13.046875,-1
2026-08-04 14:38:49,13.046875,-1
2026-08-04 14:38:49,12.984375,-1
2026-08-04 14:38:49,12.984375,-1
2026-08-04 14:38:49,13.265625,-1
2026-08-04 14:38:49,13.265625,-1
2026-08-04 14:38:49,13.140625,-1
2026-08-04 14:38:49,13.140625,-1
2026-08-04 14:38:50,13.015625,-1
2026-08-04 14:38:50,13.015625,-1
2026-08-04 14:38:50,13.234375,-1
2026-08-04 14:38:50,13.234375,-1
2026-08-04 14:38:50,13.125,-1
2026-08-04 14:38:50,13.125,-1
2026-08-04 14:38:50,12.84375,-1
2026-08-04 14:38:50,12.84375,-1
2026-08-04 14:38:50,13.140625,-1
2026-08-04 14:38:50,13.140625,-1
2026-08-04 14:38:50,13.125,-1
2026-08-04 14:38:50,13.125,-1
2026-08-04 14:38:50,13.21875,-1
2026-08-04 14:38:50,13.21875,-1
2026-08-04 14:38:50,13.171875,-1
2026-08-04 14:38:50,13.171875,-1
2026-08-04 14:38:50,13.109375,-1
2026-08-04 14:38:50,13.109375,-1
2026-08-04 14:38:50,13.0625,-1
2026-08-04 14:38:50,13.0625,-1
2026-08-04 14:38:51,13.0,-1
2026-08-04 14:38:51,13.0,-1
2026-08-04 14:38:51,13.140625,-1
2026-08-04 14:38:51,13.140625,-1
2026-08-04 14:38:51,13.390625,-1
2026-08-04 14:38:51,13.390625,-1
2026-08-04 14:38:51,13.1875,-1
2026-08-04 14:38:51,13.1875,-1
2026-08-04 14:38:51,13.015625,-1
2026-08-04 14:38:51,13.015625,-1
2026-08-04 14:38:51,13.140625,-1
2026-08-04 14:38:51,13.140625,-1
2026-08-04 14:38:51,13.0,-1
2026-08-04 14:38:51,13.0,-1
2026-08-04 14:38:51,13.109375,-1
2026-08-04 14:38:51,13.109375,-1
2026-08-04 14:38:51,13.203125,-1
2026-08-04 14:38:51,13.203125,-1
2026-08-04 14:38:51,13.15625,-1
2026-08-04 14:38:51,13.15625,-1
2026-08-04 14:38:52,13.015625,-1
2026-08-04 14:38:52,13.015625,-1
2026-08-04 14:38:52,13.25,-1
2026-08-04 14:38:52,13.25,-1
2026-08-04 14:38:52,13.078125,-1
2026-08-04 14:38:52,13.078125,-1
2026-08-04 14:38:52,13.125,-1
2026-08-04 14:38:52,13.125,-1
2026-08-04 14:38:52,13.125,-1
2026-08-04 14:38:52,13.125,-1
2026-08-04 14:38:52,13.234375,-1
2026-08-04 14:38:52,13.234375,-1
2026-08-04 14:38:52,13.265625,-1
2026-08-04 14:38:52,13.265625,-1
2026-08-04 14:38:52,13.171875,-1
2026-08-04 14:38:52,13.171875,-1
2026-08-04 14:38:52,13.1875,-1
2026-08-04 14:38:52,13.1875,-1
2026-08-04 14:38:52,13.21875,-1
2026-08-04 14:38:52,13.21875,-1
2026-08-04 14:38:53,13.0625,-1
2026-08-04 14:38:53,13.0625,-1
2026-08-04 14:38:53,13.078125,-1
2026-08-04 14:38:53,13.078125,-1
2026-08-04 14:38:53,13.125,-1
2026-08-04 14:38:53,13.125,-1
2026-08-04 14:38:53,12.984375,-1
2026-08-04 14:38:53,12.984375,-1
2026-08-04 14:38:53,13.078125,-1
2026-08-04 14:38:53,13.078125,-1
2026-08-04 14:38:53,13.109375,-1
2026-08-04 14:38:53,13.109375,-1
2026-08-04 14:38:53,13.28125,-1
2026-08-04 14:38:53,13.28125,-1
2026-08-04 14:38:53,13.140625,-1
2026-08-04 14:38:53,13.140625,-1
2026-08-04 14:38:53,13.375,-1
2026-08-04 14:38:53,13.375,-1
2026-08-04 14:38:53,13.484375,-1
2026-08-04 14:38:53,13.484375,-1
2026-08-04 14:38:54,13.265625,-1
2026-08-04 14:38:54,13.265625,-1
2026-08-04 14:38:54,13.109375,-1
2026-08-04 14:38:54,13.109375,-1
2026-08-04 14:38:54,13.140625,-1
2026-08-04 14:38:54,13.140625,-1
2026-08-04 14:38:54,13.125,-1
2026-08-04 14:38:54,13.125,-1
2026-08-04 14:38:54,13.28125,-1
2026-08-04 14:38:54,13.28125,-1
2026-08-04 14:38:54,13.203125,-1
2026-08-04 14:38:54,13.203125,-1
2026-08-04 14:38:54,13.109375,-1
2026-08-04 14:38:54,13.109375,-1
2026-08-04 14:38:54,13.03125,-1
2026-08-04 14:38:54,13.03125,-1
2026-08-04 14:38:54,12.9375,-1
2026-08-04 14:38:54,12.9375,-1
2026-08-04 14:38:54,13.0,-1
2026-08-04 14:38:54,13.0,-1
2026-08-04 14:38:55,13.1875,-1
2026-08-04 14:38:55,13.1875,-1
2026-08-04 14:38:55,13.203125,-1
2026-08-04 14:38:55,13.203125,-1
2026-08-04 14:38:55,13.171875,-1
2026-08-04 14:38:55,13.171875,-1
2026-08-04 14:38:55,13.1875,-1
2026-08-04 14:38:55,13.1875,-1
2026-08-04 14:38:55,13.125,-1
2026-08-04 14:38:55,13.125,-1
2026-08-04 14:38:55,12.921875,-1
2026-08-04 14:38:55,12.921875,-1
2026-08-04 14:38:55,12.796875,-1
2026-08-04 14:38:55,12.796875,-1
2026-08-04 14:38:55,12.96875,-1
2026-08-04 14:38:55,12.96875,-1
2026-08-04 14:38:55,13.046875,-1
2026-08-04 14:38:55,13.046875,-1
2026-08-04 14:38:55,12.953125,-1
2026-08-04 14:38:55,12.953125,-1
2026-08-04 14:38:56,13.03125,-1
2026-08-04 14:38:56,13.03125,-1
2026-08-04 14:38:56,13.28125,-1
2026-08-04 14:38:56,13.28125,-1
2026-08-04 14:38:56,13.078125,-1
2026-08-04 14:38:56,13.078125,-1
2026-08-04 14:38:56,12.90625,-1
2026-08-04 14:38:56,12.90625,-1
2026-08-04 14:38:56,13.078125,-1
2026-08-04 14:38:56,13.078125,-1
2026-08-04 14:38:56,13.1875,-1
2026-08-04 14:38:56,13.1875,-1
2026-08-04 14:38:56,13.125,-1
2026-08-04 14:38:56,13.125,-1
2026-08-04 14:38:56,13.03125,-1
2026-08-04 14:38:56,13.03125,-1
2026-08-04 14:38:56,13.0,-1
2026-08-04 14:38:56,13.0,-1
2026-08-04 14:38:56,13.0625,-1
2026-08-04 14:38:56,13.0625,-1
2026-08-04 14:38:57,12.984375,-1
2026-08-04 14:38:57,12.984375,-1
2026-08-04 14:38:57,13.078125,-1
2026-08-04 14:38:57,13.078125,-1
2026-08-04 14:38:57,13.03125,-1
2026-08-04 14:38:57,13.03125,-1
2026-08-04 14:38:57,13.15625,-1
2026-08-04 14:38:57,13.15625,-1
2026-08-04 14:38:57,13.125,-1
2026-08-04 14:38:57,13.125,-1
2026-08-04 14:38:57,13.265625,-1
2026-08-04 14:38:57,13.265625,-1
2026-08-04 14:38:57,13.4375,-1
2026-08-04 14:38:57,13.4375,-1
2026-08-04 14:38:57,13.3125,-1
2026-08-04 14:38:57,13.3125,-1
2026-08-04 14:38:57,13.25,-1
2026-08-04 14:38:57,13.25,-1
2026-08-04 14:38:57,13.15625,-1
2026-08-04 14:38:57,13.15625,-1
2026-08-04 14:38:58,13.34375,-1
2026-08-04 14:38:58,13.34375,-1
2026-08-04 14:38:58,13.28125,-1
2026-08-04 14:38:58,13.28125,-1
2026-08-04 14:38:58,13.15625,-1
2026-08-04 14:38:58,13.15625,-1
2026-08-04 14:38:58,13.078125,-1
2026-08-04 14:38:58,13.078125,-1
2026-08-04 14:38:58,13.28125,-1
2026-08-04 14:38:58,13.28125,-1
2026-08-04 14:38:58,13.34375,-1
2026-08-04 14:38:58,13.34375,-1
2026-08-04 14:38:58,13.015625,-1
2026-08-04 14:38:58,13.015625,-1
2026-08-04 14:38:58,12.953125,-1
2026-08-04 14:38:58,12.953125,-1
2026-08-04 14:38:58,13.0625,-1
2026-08-04 14:38:58,13.0625,-1
2026-08-04 14:38:58,12.859375,-1
2026-08-04 14:38:58,12.859375,-1
2026-08-04 14:38:59,12.859375,-1
2026-08-04 14:38:59,12.859375,-1
2026-08-04 14:38:59,12.90625,-1
2026-08-04 14:38:59,12.90625,-1
2026-08-04 14:38:59,12.734375,-1
2026-08-04 14:38:59,12.734375,-1
2026-08-04 14:38:59,13.234375,-1
2026-08-04 14:38:59,13.234375,-1
2026-08-04 14:38:59,13.015625,-1
2026-08-04 14:38:59,13.015625,-1
2026-08-04 14:38:59,13.203125,-1
2026-08-04 14:38:59,13.203125,-1
2026-08-04 14:38:59,13.109375,-1
2026-08-04 14:38:59,13.109375,-1
2026-08-04 14:38:59,12.828125,-1
2026-08-04 14:38:59,12.828125,-1
2026-08-04 14:38:59,12.546875,-1
2026-08-04 14:38:59,12.546875,-1
2026-08-04 14:38:59,12.765625,-1
2026-08-04 14:38:59,12.765625,-1
2026-08-04 14:39:00,12.78125,-1
2026-08-04 14:39:00,12.78125,-1
2026-08-04 14:39:00,12.8125,-1
2026-08-04 14:39:00,12.8125,-1
2026-08-04 14:39:00,12.625,-1
2026-08-04 14:39:00,12.625,-1
2026-08-04 14:39:00,12.734375,-1
2026-08-04 14:39:00,12.734375,-1
2026-08-04 14:39:00,12.59375,-1
2026-08-04 14:39:00,12.59375,-1
2026-08-04 14:39:00,12.6875,-1
2026-08-04 14:39:00,12.6875,-1
2026-08-04 14:39:00,12.796875,-1
2026-08-04 14:39:00,12.796875,-1
2026-08-04 14:39:00,12.828125,-1
2026-08-04 14:39:00,12.828125,-1
2026-08-04 14:39:00,12.8125,-1
2026-08-04 14:39:00,12.8125,-1
2026-08-04 14:39:00,12.9375,-1
2026-08-04 14:39:00,12.9375,-1
2026-08-04 14:39:01,12.890625,-1
2026-08-04 14:39:01,12.890625,-1
2026-08-04 14:39:01,12.875,-1
2026-08-04 14:39:01,12.875,-1
2026-08-04 14:39:01,12.703125,-1
2026-08-04 14:39:01,12.703125,-1
2026-08-04 14:39:01,12.796875,-1
2026-08-04 14:39:01,12.796875,-1
2026-08-04 14:39:01,12.875,-1
2026-08-04 14:39:01,12.875,-1
2026-08-04 14:39:01,12.953125,-1
2026-08-04 14:39:01,12.953125,-1
2026-08-04 14:39:01,12.71875,-1
2026-08-04 14:39:01,12.71875,-1
2026-08-04 14:39:01,12.96875,-1
2026-08-04 14:39:01,12.96875,-1
2026-08-04 14:39:01,12.609375,-1
2026-08-04 14:39:01,12.609375,-1
2026-08-04 14:39:01,12.5,-1
2026-08-04 14:39:01,12.5,-1
2026-08-04 14:39:02,12.71875,-1
2026-08-04 14:39:02,12.71875,-1
2026-08-04 14:39:02,12.484375,-1
2026-08-04 14:39:02,12.484375,-1
2026-08-04 14:39:02,12.78125,-1
2026-08-04 14:39:02,12.78125,-1
2026-08-04 14:39:02,12.703125,-1
2026-08-04 14:39:02,12.703125,-1
2026-08-04 14:39:02,12.890625,-1
2026-08-04 14:39:02,12.890625,-1
2026-08-04 14:39:02,12.6875,-1
2026-08-04 14:39:02,12.6875,-1
2026-08-04 14:39:02,12.84375,-1
2026-08-04 14:39:02,12.84375,-1
2026-08-04 14:39:02,12.59375,-1
2026-08-04 14:39:02,12.59375,-1
2026-08-04 14:39:02,12.734375,-1
2026-08-04 14:39:02,12.734375,-1
2026-08-04 14:39:02,12.609375,-1
2026-08-04 14:39:02,12.609375,-1
2026-08-04 14:39:03,12.828125,-1
2026-08-04 14:39:03,12.828125,-1
2026-08-04 14:39:03,12.609375,-1
2026-08-04 14:39:03,12.609375,-1
2026-08-04 14:39:03,12.515625,-1
2026-08-04 14:39:03,12.515625,-1
2026-08-04 14:39:03,12.53125,-1
2026-08-04 14:39:03,12.53125,-1
2026-08-04 14:39:03,12.546875,-1
2026-08-04 14:39:03,12.546875,-1
2026-08-04 14:39:03,12.5625,-1
2026-08-04 14:39:03,12.5625,-1
2026-08-04 14:39:03,12.578125,-1
2026-08-04 14:39:03,12.578125,-1
2026-08-04 14:39:03,12.703125,-1
2026-08-04 14:39:03,12.703125,-1
2026-08-04 14:39:03,12.453125,-1
2026-08-04 14:39:03,12.453125,-1
2026-08-04 14:39:03,12.71875,-1
2026-08-04 14:39:03,12.71875,-1
2026-08-04 14:39:04,12.9375,-1
2026-08-04 14:39:04,12.9375,-1
2026-08-04 14:39:04,12.96875,-1
2026-08-04 14:39:04,12.96875,-1
2026-08-04 14:39:04,12.734375,-1
2026-08-04 14:39:04,12.734375,-1
2026-08-04 14:39:04,12.796875,-1
2026-08-04 14:39:04,12.796875,-1
2026-08-04 14:39:04,12.59375,-1
2026-08-04 14:39:04,12.59375,-1
2026-08-04 14:39:04,12.8125,-1
2026-08-04 14:39:04,12.8125,-1
2026-08-04 14:39:04,12.65625,-1
2026-08-04 14:39:04,12.65625,-1
2026-08-04 14:39:04,12.984375,-1
2026-08-04 14:39:04,12.984375,-1
2026-08-04 14:39:04,12.953125,-1
2026-08-04 14:39:04,12.953125,-1
2026-08-04 14:39:04,12.8125,-1
2026-08-04 14:39:04,12.8125,-1
2026-08-04 14:39:05,12.953125,-1
2026-08-04 14:39:05,12.953125,-1
2026-08-04 14:39:05,12.75,-1
2026-08-04 14:39:05,12.75,-1
2026-08-04 14:39:05,12.828125,-1
2026-08-04 14:39:05,12.828125,-1
2026-08-04 14:39:05,12.875,-1
2026-08-04 14:39:05,12.875,-1
2026-08-04 14:39:05,13.21875,-1
2026-08-04 14:39:05,13.21875,-1
2026-08-04 14:39:05,13.21875,-1
2026-08-04 14:39:05,13.21875,-1
2026-08-04 14:39:05,13.03125,-1
2026-08-04 14:39:05,13.03125,-1
2026-08-04 14:39:05,13.046875,-1
2026-08-04 14:39:05,13.046875,-1
2026-08-04 14:39:05,13.078125,-1
2026-08-04 14:39:05,13.078125,-1
2026-08-04 14:39:05,13.078125,-1
2026-08-04 14:39:05,13.078125,-1
2026-08-04 14:39:06,13.03125,-1
2026-08-04 14:39:06,13.03125,-1
2026-08-04 14:39:06,12.84375,-1
2026-08-04 14:39:06,12.84375,-1
2026-08-04 14:39:06,13.171875,-1
2026-08-04 14:39:06,13.171875,-1
2026-08-04 14:39:06,13.140625,-1
2026-08-04 14:39:06,13.140625,-1
2026-08-04 14:39:06,13.0625,-1
2026-08-04 14:39:06,13.0625,-1
2026-08-04 14:39:06,13.03125,-1
2026-08-04 14:39:06,13.03125,-1
2026-08-04 14:39:06,13.15625,-1
2026-08-04 14:39:06,13.15625,-1
2026-08-04 14:39:06,12.953125,-1
2026-08-04 14:39:06,12.953125,-1
2026-08-04 14:39:06,12.9375,-1
2026-08-04 14:39:06,12.9375,-1
2026-08-04 14:39:06,12.828125,-1
2026-08-04 14:39:06,12.828125,-1
2026-08-04 14:39:07,12.875,-1
2026-08-04 14:39:07,12.875,-1
2026-08-04 14:39:07,12.84375,-1
2026-08-04 14:39:07,12.84375,-1
2026-08-04 14:39:07,13.078125,-1
2026-08-04 14:39:07,13.078125,-1
2026-08-04 14:39:07,13.203125,-1
2026-08-04 14:39:07,13.203125,-1
2026-08-04 14:39:07,13.125,-1
2026-08-04 14:39:07,13.125,-1
2026-08-04 14:39:07,13.109375,-1
2026-08-04 14:39:07,13.109375,-1
2026-08-04 14:39:07,13.078125,-1
2026-08-04 14:39:07,13.078125,-1
2026-08-04 14:39:07,13.0625,-1
2026-08-04 14:39:07,13.0625,-1
2026-08-04 14:39:07,13.0,-1
2026-08-04 14:39:07,13.0,-1
2026-08-04 14:39:07,12.921875,-1
2026-08-04 14:39:07,12.921875,-1
2026-08-04 14:39:08,13.203125,-1
2026-08-04 14:39:08,13.203125,-1
2026-08-04 14:39:08,13.0625,-1
2026-08-04 14:39:08,13.0625,-1
2026-08-04 14:39:08,12.953125,-1
2026-08-04 14:39:08,12.953125,-1
2026-08-04 14:39:08,13.140625,-1
2026-08-04 14:39:08,13.140625,-1
2026-08-04 14:39:08,13.125,-1
2026-08-04 14:39:08,13.125,-1
2026-08-04 14:39:08,12.890625,-1
2026-08-04 14:39:08,12.890625,-1
2026-08-04 14:39:08,13.234375,-1
2026-08-04 14:39:08,13.234375,-1
2026-08-04 14:39:08,13.125,-1
2026-08-04 14:39:08,13.125,-1
2026-08-04 14:39:08,13.171875,-1
2026-08-04 14:39:08,13.171875,-1
2026-08-04 14:39:08,13.203125,-1
2026-08-04 14:39:08,13.203125,-1
2026-08-04 14:39:09,12.96875,-1
2026-08-04 14:39:09,12.96875,-1
2026-08-04 14:39:09,12.96875,-1
2026-08-04 14:39:09,12.96875,-1
2026-08-04 14:39:09,12.9375,-1
2026-08-04 14:39:09,12.9375,-1
2026-08-04 14:39:09,13.28125,-1
2026-08-04 14:39:09,13.28125,-1
2026-08-04 14:39:09,13.109375,-1
2026-08-04 14:39:09,13.109375,-1
2026-08-04 14:39:09,13.09375,-1
2026-08-04 14:39:09,13.09375,-1
2026-08-04 14:39:09,13.109375,-1
2026-08-04 14:39:09,13.109375,-1
2026-08-04 14:39:09,13.0,-1
2026-08-04 14:39:09,13.0,-1
2026-08-04 14:39:09,13.125,-1
2026-08-04 14:39:09,13.125,-1
2026-08-04 14:39:09,12.921875,-1
2026-08-04 14:39:09,12.921875,-1
2026-08-04 14:39:10,12.9375,-1
2026-08-04 14:39:10,12.9375,-1
2026-08-04 14:39:10,12.828125,-1
2026-08-04 14:39:10,12.828125,-1
2026-08-04 14:39:10,13.0625,-1
2026-08-04 14:39:10,13.0625,-1
2026-08-04 14:39:10,13.09375,-1
2026-08-04 14:39:10,13.09375,-1
2026-08-04 14:39:10,13.015625,-1
2026-08-04 14:39:10,13.015625,-1
2026-08-04 14:39:10,13.015625,-1
2026-08-04 14:39:10,13.015625,-1
2026-08-04 14:39:10,13.203125,-1
2026-08-04 14:39:10,13.203125,-1
2026-08-04 14:39:10,13.171875,-1
2026-08-04 14:39:10,13.171875,-1
2026-08-04 14:39:10,12.953125,-1
2026-08-04 14:39:10,12.953125,-1
2026-08-04 14:39:10,12.828125,-1
2026-08-04 14:39:10,12.828125,-1
2026-08-04 14:39:11,12.984375,-1
2026-08-04 14:39:11,12.984375,-1
2026-08-04 14:39:11,13.09375,-1
2026-08-04 14:39:11,13.09375,-1
2026-08-04 14:39:11,13.15625,-1
2026-08-04 14:39:11,13.15625,-1
2026-08-04 14:39:11,13.0,-1
2026-08-04 14:39:11,13.0,-1
2026-08-04 14:39:11,13.046875,-1
2026-08-04 14:39:11,13.046875,-1
2026-08-04 14:39:11,12.875,-1
2026-08-04 14:39:11,12.875,-1
2026-08-04 14:39:11,13.015625,-1
2026-08-04 14:39:11,13.015625,-1
2026-08-04 14:39:11,12.859375,-1
2026-08-04 14:39:11,12.859375,-1
2026-08-04 14:39:11,13.203125,-1
2026-08-04 14:39:11,13.203125,-1
2026-08-04 14:39:11,13.109375,-1
2026-08-04 14:39:11,13.109375,-1
2026-08-04 14:39:12,13.28125,-1
2026-08-04 14:39:12,13.28125,-1
2026-08-04 14:39:12,13.328125,-1
2026-08-04 14:39:12,13.328125,-1
2026-08-04 14:39:12,13.0625,-1
2026-08-04 14:39:12,13.0625,-1
2026-08-04 14:39:12,13.0,-1
2026-08-04 14:39:12,13.0,-1
2026-08-04 14:39:12,13.0,-1
2026-08-04 14:39:12,13.0,-1
2026-08-04 14:39:12,13.078125,-1
2026-08-04 14:39:12,13.078125,-1
2026-08-04 14:39:12,13.0625,-1
2026-08-04 14:39:12,13.0625,-1
2026-08-04 14:39:12,13.1875,-1
2026-08-04 14:39:12,13.1875,-1
2026-08-04 14:39:12,13.109375,-1
2026-08-04 14:39:12,13.109375,-1
2026-08-04 14:39:12,13.171875,-1
2026-08-04 14:39:12,13.171875,-1
2026-08-04 14:39:13,12.9375,-1
2026-08-04 14:39:13,12.9375,-1
2026-08-04 14:39:13,12.953125,-1
2026-08-04 14:39:13,12.953125,-1
2026-08-04 14:39:13,13.140625,-1
2026-08-04 14:39:13,13.140625,-1
2026-08-04 14:39:13,13.03125,-1
2026-08-04 14:39:13,13.03125,-1
2026-08-04 14:39:13,13.046875,-1
2026-08-04 14:39:13,13.046875,-1
2026-08-04 14:39:13,13.0625,-1
2026-08-04 14:39:13,13.0625,-1
2026-08-04 14:39:13,13.109375,-1
2026-08-04 14:39:13,13.109375,-1
2026-08-04 14:39:13,13.0625,-1
2026-08-04 14:39:13,13.0625,-1
2026-08-04 14:39:13,13.15625,-1
2026-08-04 14:39:13,13.15625,-1
2026-08-04 14:39:13,13.1875,-1
2026-08-04 14:39:13,13.1875,-1
2026-08-04 14:39:14,12.875,-1
2026-08-04 14:39:14,12.875,-1
2026-08-04 14:39:14,12.890625,-1
2026-08-04 14:39:14,12.890625,-1
2026-08-04 14:39:14,13.015625,-1
2026-08-04 14:39:14,13.015625,-1
2026-08-04 14:39:14,13.234375,-1
2026-08-04 14:39:14,13.234375,-1
2026-08-04 14:39:14,13.203125,-1
2026-08-04 14:39:14,13.203125,-1
2026-08-04 14:39:14,13.03125,-1
2026-08-04 14:39:14,13.03125,-1
2026-08-04 14:39:14,13.03125,-1
2026-08-04 14:39:14,13.03125,-1
2026-08-04 14:39:14,13.046875,-1
2026-08-04 14:39:14,13.046875,-1
2026-08-04 14:39:14,13.0625,-1
2026-08-04 14:39:14,13.0625,-1
2026-08-04 14:39:14,13.21875,-1
2026-08-04 14:39:14,13.21875,-1
2026-08-04 14:39:15,13.21875,-1
2026-08-04 14:39:15,13.21875,-1
2026-08-04 14:39:15,13.21875,-1
2026-08-04 14:39:15,13.21875,-1
2026-08-04 14:39:15,13.234375,-1
2026-08-04 14:39:15,13.234375,-1
2026-08-04 14:39:15,13.15625,-1
2026-08-04 14:39:15,13.15625,-1
2026-08-04 14:39:15,13.125,-1
2026-08-04 14:39:15,13.125,-1
2026-08-04 14:39:15,13.1875,-1
2026-08-04 14:39:15,13.1875,-1
2026-08-04 14:39:15,13.21875,-1
2026-08-04 14:39:15,13.21875,-1
2026-08-04 14:39:15,13.234375,-1
2026-08-04 14:39:15,13.234375,-1
2026-08-04 14:39:15,13.15625,-1
2026-08-04 14:39:15,13.15625,-1
2026-08-04 14:39:15,13.234375,-1
2026-08-04 14:39:15,13.234375,-1
2026-08-04 14:39:16,13.34375,-1
2026-08-04 14:39:16,13.34375,-1
2026-08-04 14:39:16,13.046875,-1
2026-08-04 14:39:16,13.046875,-1
2026-08-04 14:39:16,12.984375,-1
2026-08-04 14:39:16,12.984375,-1
2026-08-04 14:39:16,12.953125,-1
2026-08-04 14:39:16,12.953125,-1
2026-08-04 14:39:16,12.9375,-1
2026-08-04 14:39:16,12.9375,-1
2026-08-04 14:39:16,13.125,-1
2026-08-04 14:39:16,13.125,-1
2026-08-04 14:39:16,13.234375,-1
2026-08-04 14:39:16,13.234375,-1
2026-08-04 14:39:16,13.25,-1
2026-08-04 14:39:16,13.25,-1
2026-08-04 14:39:16,13.21875,-1
2026-08-04 14:39:16,13.21875,-1
2026-08-04 14:39:16,13.1875,-1
2026-08-04 14:39:16,13.1875,-1
2026-08-04 14:39:17,13.28125,-1
2026-08-04 14:39:17,13.28125,-1
2026-08-04 14:39:17,13.234375,-1
2026-08-04 14:39:17,13.234375,-1
2026-08-04 14:39:17,13.03125,-1
2026-08-04 14:39:17,13.03125,-1
2026-08-04 14:39:17,13.015625,-1
2026-08-04 14:39:17,13.015625,-1
2026-08-04 14:39:17,13.09375,-1
2026-08-04 14:39:17,13.09375,-1
2026-08-04 14:39:17,13.125,-1
2026-08-04 14:39:17,13.125,-1
2026-08-04 14:39:17,13.046875,-1
2026-08-04 14:39:17,13.046875,-1
2026-08-04 14:39:17,12.953125,-1
2026-08-04 14:39:17,12.953125,-1
2026-08-04 14:39:17,13.09375,-1
2026-08-04 14:39:17,13.09375,-1
2026-08-04 14:39:17,12.90625,-1
2026-08-04 14:39:17,12.90625,-1
2026-08-04 14:39:18,12.890625,-1
2026-08-04 14:39:18,12.890625,-1
2026-08-04 14:39:18,12.921875,-1
2026-08-04 14:39:18,12.921875,-1
2026-08-04 14:39:18,12.875,-1
2026-08-04 14:39:18,12.875,-1
2026-08-04 14:39:18,13.25,-1
2026-08-04 14:39:18,13.25,-1
2026-08-04 14:39:18,13.1875,-1
2026-08-04 14:39:18,13.1875,-1
2026-08-04 14:39:18,13.109375,-1
2026-08-04 14:39:18,13.109375,-1
2026-08-04 14:39:18,13.078125,-1
2026-08-04 14:39:18,13.078125,-1
2026-08-04 14:39:18,12.9375,-1
2026-08-04 14:39:18,12.9375,-1
2026-08-04 14:39:18,13.078125,-1
2026-08-04 14:39:18,13.078125,-1
2026-08-04 14:39:18,12.890625,-1
2026-08-04 14:39:18,12.890625,-1
2026-08-04 14:39:19,13.078125,-1
2026-08-04 14:39:19,13.078125,-1
2026-08-04 14:39:19,13.0,-1
2026-08-04 14:39:19,13.0,-1
2026-08-04 14:39:19,13.21875,-1
2026-08-04 14:39:19,13.21875,-1
2026-08-04 14:39:19,13.3125,-1
2026-08-04 14:39:19,13.3125,-1
2026-08-04 14:39:19,12.9375,-1
2026-08-04 14:39:19,12.9375,-1
2026-08-04 14:39:19,12.96875,-1
2026-08-04 14:39:19,12.96875,-1
2026-08-04 14:39:19,13.078125,-1
2026-08-04 14:39:19,13.078125,-1
2026-08-04 14:39:19,13.078125,-1
2026-08-04 14:39:19,13.078125,-1
2026-08-04 14:39:19,13.203125,-1
2026-08-04 14:39:19,13.203125,-1
2026-08-04 14:39:19,13.078125,-1
2026-08-04 14:39:19,13.078125,-1
2026-08-04 14:39:20,13.09375,-1
2026-08-04 14:39:20,13.09375,-1
2026-08-04 14:39:20,13.1875,-1
2026-08-04 14:39:20,13.1875,-1
2026-08-04 14:39:20,13.234375,-1
2026-08-04 14:39:20,13.234375,-1
2026-08-04 14:39:20,13.1875,-1
2026-08-04 14:39:20,13.1875,-1
2026-08-04 14:39:20,13.140625,-1
2026-08-04 14:39:20,13.140625,-1
2026-08-04 14:39:20,13.09375,-1
2026-08-04 14:39:20,13.09375,-1
2026-08-04 14:39:20,13.09375,-1
2026-08-04 14:39:20,13.09375,-1
2026-08-04 14:39:20,13.140625,-1
2026-08-04 14:39:20,13.140625,-1
2026-08-04 14:39:20,13.09375,-1
2026-08-04 14:39:20,13.09375,-1
2026-08-04 14:39:20,13.125,-1
2026-08-04 14:39:20,13.125,-1
2026-08-04 14:39:21,13.140625,-1
2026-08-04 14:39:21,13.140625,-1
2026-08-04 14:39:21,13.03125,-1
2026-08-04 14:39:21,13.03125,-1
2026-08-04 14:39:21,13.546875,-1
2026-08-04 14:39:21,13.546875,-1
2026-08-04 14:39:21,13.5625,-1
2026-08-04 14:39:21,13.5625,-1
2026-08-04 14:39:21,13.890625,-1
2026-08-04 14:39:21,13.890625,-1
2026-08-04 14:39:21,13.546875,-1
2026-08-04 14:39:21,13.546875,-1
2026-08-04 14:39:21,13.921875,-1
2026-08-04 14:39:21,13.921875,-1
2026-08-04 14:39:21,14.0625,-1
2026-08-04 14:39:21,14.0625,-1
2026-08-04 14:39:21,14.5,-1
2026-08-04 14:39:21,14.5,-1
2026-08-04 14:39:21,14.546875,-1
2026-08-04 14:39:21,14.546875,-1
2026-08-04 14:39:22,14.640625,-1
2026-08-04 14:39:22,14.640625,-1
2026-08-04 14:39:22,14.609375,-1
2026-08-04 14:39:22,14.609375,-1
2026-08-04 14:39:22,15.125,-1
2026-08-04 14:39:22,15.125,-1
2026-08-04 14:39:22,15.09375,-1
2026-08-04 14:39:22,15.09375,-1
2026-08-04 14:39:22,14.828125,-1
2026-08-04 14:39:22,14.828125,-1
2026-08-04 14:39:22,14.78125,-1
2026-08-04 14:39:22,14.78125,-1
2026-08-04 14:39:22,14.40625,-1
2026-08-04 14:39:22,14.40625,-1
2026-08-04 14:39:22,14.578125,-1
2026-08-04 14:39:22,14.578125,-1
2026-08-04 14:39:22,14.640625,-1
2026-08-04 14:39:22,14.640625,-1
2026-08-04 14:39:22,14.546875,-1
2026-08-04 14:39:22,14.546875,-1
2026-08-04 14:39:23,14.578125,-1
2026-08-04 14:39:23,14.578125,-1
2026-08-04 14:39:23,14.5,-1
2026-08-04 14:39:23,14.5,-1
2026-08-04 14:39:23,14.59375,-1
2026-08-04 14:39:23,14.59375,-1
2026-08-04 14:39:23,14.140625,-1
2026-08-04 14:39:23,14.140625,-1
2026-08-04 14:39:23,14.125,-1
2026-08-04 14:39:23,14.125,-1
2026-08-04 14:39:23,14.078125,-1
2026-08-04 14:39:23,14.078125,-1
2026-08-04 14:39:23,13.421875,-1
2026-08-04 14:39:23,13.421875,-1
2026-08-04 14:39:23,13.59375,-1
2026-08-04 14:39:23,13.59375,-1
2026-08-04 14:39:23,13.484375,-1
2026-08-04 14:39:23,13.484375,-1
2026-08-04 14:39:23,13.53125,-1
2026-08-04 14:39:23,13.53125,-1
2026-08-04 14:39:24,13.875,-1
2026-08-04 14:39:24,13.875,-1
2026-08-04 14:39:24,13.671875,-1
2026-08-04 14:39:24,13.671875,-1
2026-08-04 14:39:24,13.53125,-1
2026-08-04 14:39:24,13.53125,-1
2026-08-04 14:39:24,13.53125,-1
2026-08-04 14:39:24,13.53125,-1
2026-08-04 14:39:24,13.359375,-1
2026-08-04 14:39:24,13.359375,-1
2026-08-04 14:39:24,13.28125,-1
2026-08-04 14:39:24,13.28125,-1
2026-08-04 14:39:24,13.3125,-1
2026-08-04 14:39:24,13.3125,-1
2026-08-04 14:39:24,13.21875,-1
2026-08-04 14:39:24,13.21875,-1
2026-08-04 14:39:24,13.265625,-1
2026-08-04 14:39:24,13.265625,-1
2026-08-04 14:39:24,13.25,-1
2026-08-04 14:39:24,13.25,-1
2026-08-04 14:39:25,13.203125,-1
2026-08-04 14:39:25,13.203125,-1
2026-08-04 14:39:25,13.15625,-1
2026-08-04 14:39:25,13.15625,-1
2026-08-04 14:39:25,13.1875,-1
2026-08-04 14:39:25,13.1875,-1
2026-08-04 14:39:25,13.125,-1
2026-08-04 14:39:25,13.125,-1
2026-08-04 14:39:25,13.0,-1
2026-08-04 14:39:25,13.0,-1
2026-08-04 14:39:25,13.03125,-1
2026-08-04 14:39:25,13.03125,-1
2026-08-04 14:39:25,13.125,-1
2026-08-04 14:39:25,13.125,-1
2026-08-04 14:39:25,13.140625,-1
2026-08-04 14:39:25,13.140625,-1
2026-08-04 14:39:25,13.390625,-1
2026-08-04 14:39:25,13.390625,-1
2026-08-04 14:39:25,13.25,-1
2026-08-04 14:39:25,13.25,-1
2026-08-04 14:39:26,13.28125,-1
2026-08-04 14:39:26,13.28125,-1
2026-08-04 14:39:26,13.3125,-1
2026-08-04 14:39:26,13.3125,-1
2026-08-04 14:39:26,13.265625,-1
2026-08-04 14:39:26,13.265625,-1
2026-08-04 14:39:26,13.25,-1
2026-08-04 14:39:26,13.25,-1
2026-08-04 14:39:26,13.171875,-1
2026-08-04 14:39:26,13.171875,-1
2026-08-04 14:39:26,13.0,-1
2026-08-04 14:39:26,13.0,-1
2026-08-04 14:39:26,12.96875,-1
2026-08-04 14:39:26,12.96875,-1
2026-08-04 14:39:26,13.03125,-1
2026-08-04 14:39:26,13.03125,-1
2026-08-04 14:39:26,13.015625,-1
2026-08-04 14:39:26,13.015625,-1
2026-08-04 14:39:26,12.828125,-1
2026-08-04 14:39:26,12.828125,-1
2026-08-04 14:39:27,13.203125,-1
2026-08-04 14:39:27,13.203125,-1
2026-08-04 14:39:27,13.125,-1
2026-08-04 14:39:27,13.125,-1
2026-08-04 14:39:27,13.3125,-1
2026-08-04 14:39:27,13.3125,-1
2026-08-04 14:39:27,13.3125,-1
2026-08-04 14:39:27,13.3125,-1
2026-08-04 14:39:27,13.015625,-1
2026-08-04 14:39:27,13.015625,-1
2026-08-04 14:39:27,13.21875,-1
2026-08-04 14:39:27,13.21875,-1
2026-08-04 14:39:27,13.0,-1
2026-08-04 14:39:27,13.0,-1
2026-08-04 14:39:27,12.96875,-1
2026-08-04 14:39:27,12.96875,-1
2026-08-04 14:39:27,12.921875,-1
2026-08-04 14:39:27,12.921875,-1
2026-08-04 14:39:27,13.03125,-1
2026-08-04 14:39:27,13.03125,-1
2026-08-04 14:39:28,13.09375,-1
2026-08-04 14:39:28,13.09375,-1
2026-08-04 14:39:28,13.21875,-1
2026-08-04 14:39:28,13.21875,-1
2026-08-04 14:39:28,13.0625,-1
2026-08-04 14:39:28,13.0625,-1
2026-08-04 14:39:28,12.859375,-1
2026-08-04 14:39:28,12.859375,-1
2026-08-04 14:39:28,12.953125,-1
2026-08-04 14:39:28,12.953125,-1
2026-08-04 14:39:28,12.984375,-1
2026-08-04 14:39:28,12.984375,-1
2026-08-04 14:39:28,13.046875,-1
2026-08-04 14:39:28,13.046875,-1
2026-08-04 14:39:28,13.03125,-1
2026-08-04 14:39:28,13.03125,-1
2026-08-04 14:39:28,13.28125,-1
2026-08-04 14:39:28,13.28125,-1
2026-08-04 14:39:28,13.15625,-1
2026-08-04 14:39:28,13.15625,-1
2026-08-04 14:39:29,12.875,-1
2026-08-04 14:39:29,12.875,-1
2026-08-04 14:39:29,12.9375,-1
2026-08-04 14:39:29,12.9375,-1
2026-08-04 14:39:29,13.03125,-1
2026-08-04 14:39:29,13.03125,-1
2026-08-04 14:39:29,13.0625,-1
2026-08-04 14:39:29,13.0625,-1
2026-08-04 14:39:29,13.15625,-1
2026-08-04 14:39:29,13.15625,-1
2026-08-04 14:39:29,13.046875,-1
2026-08-04 14:39:29,13.046875,-1
2026-08-04 14:39:29,13.078125,-1
2026-08-04 14:39:29,13.078125,-1
2026-08-04 14:39:29,13.109375,-1
2026-08-04 14:39:29,13.109375,-1
2026-08-04 14:39:29,13.171875,-1
2026-08-04 14:39:29,13.171875,-1
2026-08-04 14:39:29,13.265625,-1
2026-08-04 14:39:29,13.265625,-1
2026-08-04 14:39:30,13.25,-1
2026-08-04 14:39:30,13.25,-1
2026-08-04 14:39:30,12.96875,-1
2026-08-04 14:39:30,12.96875,-1
2026-08-04 14:39:30,13.0,-1
2026-08-04 14:39:30,13.0,-1
2026-08-04 14:39:30,13.140625,-1
2026-08-04 14:39:30,13.140625,-1
2026-08-04 14:39:30,13.140625,-1
2026-08-04 14:39:30,13.140625,-1
2026-08-04 14:39:30,12.984375,-1
2026-08-04 14:39:30,12.984375,-1
2026-08-04 14:39:30,12.984375,-1
2026-08-04 14:39:30,12.984375,-1
2026-08-04 14:39:30,13.1875,-1
2026-08-04 14:39:30,13.1875,-1
2026-08-04 14:39:30,13.296875,-1
2026-08-04 14:39:30,13.296875,-1
2026-08-04 14:39:30,13.3125,-1
2026-08-04 14:39:30,13.3125,-1
2026-08-04 14:39:31,13.09375,-1
2026-08-04 14:39:31,13.09375,-1
2026-08-04 14:39:31,13.296875,-1
2026-08-04 14:39:31,13.296875,-1
2026-08-04 14:39:31,13.1875,-1
2026-08-04 14:39:31,13.1875,-1
2026-08-04 14:39:31,13.125,-1
2026-08-04 14:39:31,13.125,-1
2026-08-04 14:39:31,13.171875,-1
2026-08-04 14:39:31,13.171875,-1
2026-08-04 14:39:31,12.9375,-1
2026-08-04 14:39:31,12.9375,-1
2026-08-04 14:39:31,12.765625,-1
2026-08-04 14:39:31,12.765625,-1
2026-08-04 14:39:31,12.921875,-1
2026-08-04 14:39:31,12.921875,-1
2026-08-04 14:39:31,13.03125,-1
2026-08-04 14:39:31,13.03125,-1
2026-08-04 14:39:31,13.109375,-1
2026-08-04 14:39:31,13.109375,-1
2026-08-04 14:39:32,13.015625,-1
2026-08-04 14:39:32,13.015625,-1
2026-08-04 14:39:32,13.078125,-1
2026-08-04 14:39:32,13.078125,-1
2026-08-04 14:39:32,13.125,-1
2026-08-04 14:39:32,13.125,-1
2026-08-04 14:39:32,13.234375,-1
2026-08-04 14:39:32,13.234375,-1
2026-08-04 14:39:32,13.203125,-1
2026-08-04 14:39:32,13.203125,-1
2026-08-04 14:39:32,12.96875,-1
2026-08-04 14:39:32,12.96875,-1
2026-08-04 14:39:32,13.25,-1
2026-08-04 14:39:32,13.25,-1
2026-08-04 14:39:32,13.203125,-1
2026-08-04 14:39:32,13.203125,-1
2026-08-04 14:39:32,13.140625,-1
2026-08-04 14:39:32,13.140625,-1
2026-08-04 14:39:32,12.765625,-1
2026-08-04 14:39:32,12.765625,-1
2026-08-04 14:39:33,13.0625,-1
2026-08-04 14:39:33,13.0625,-1
2026-08-04 14:39:33,12.90625,-1
2026-08-04 14:39:33,12.90625,-1
2026-08-04 14:39:33,12.921875,-1
2026-08-04 14:39:33,12.921875,-1
2026-08-04 14:39:33,12.84375,-1
2026-08-04 14:39:33,12.84375,-1
2026-08-04 14:39:33,12.96875,-1
2026-08-04 14:39:33,12.96875,-1
2026-08-04 14:39:33,12.953125,-1
2026-08-04 14:39:33,12.953125,-1
2026-08-04 14:39:33,12.96875,-1
2026-08-04 14:39:33,12.96875,-1
2026-08-04 14:39:33,12.984375,-1
2026-08-04 14:39:33,12.984375,-1
2026-08-04 14:39:33,12.734375,-1
2026-08-04 14:39:33,12.734375,-1
2026-08-04 14:39:33,12.71875,-1
2026-08-04 14:39:33,12.71875,-1
2026-08-04 14:39:34,12.125,-1
2026-08-04 14:39:34,12.125,-1
2026-08-04 14:39:34,12.234375,-1
2026-08-04 14:39:34,12.234375,-1
2026-08-04 14:39:34,12.03125,-1
2026-08-04 14:39:34,12.03125,-1
2026-08-04 14:39:34,12.21875,-1
2026-08-04 14:39:34,12.21875,-1
2026-08-04 14:39:34,12.09375,-1
2026-08-04 14:39:34,12.09375,-1
2026-08-04 14:39:34,12.09375,-1
2026-08-04 14:39:34,12.09375,-1
2026-08-04 14:39:34,12.1875,-1
2026-08-04 14:39:34,12.1875,-1
2026-08-04 14:39:34,12.703125,-1
2026-08-04 14:39:34,12.703125,-1
2026-08-04 14:39:34,12.59375,-1
2026-08-04 14:39:34,12.59375,-1
2026-08-04 14:39:34,12.390625,-1
2026-08-04 14:39:34,12.390625,-1
2026-08-04 14:39:35,12.609375,-1
2026-08-04 14:39:35,12.609375,-1
2026-08-04 14:39:35,12.921875,-1
2026-08-04 14:39:35,12.921875,-1
2026-08-04 14:39:35,12.828125,-1
2026-08-04 14:39:35,12.828125,-1
2026-08-04 14:39:35,12.75,-1
2026-08-04 14:39:35,12.75,-1
2026-08-04 14:39:35,12.71875,-1
2026-08-04 14:39:35,12.71875,-1
2026-08-04 14:39:35,12.8125,-1
2026-08-04 14:39:35,12.8125,-1
2026-08-04 14:39:35,12.75,-1
2026-08-04 14:39:35,12.75,-1
2026-08-04 14:39:35,12.75,-1
2026-08-04 14:39:35,12.75,-1
2026-08-04 14:39:35,13.25,-1
2026-08-04 14:39:35,13.25,-1
2026-08-04 14:39:35,13.203125,-1
2026-08-04 14:39:35,13.203125,-1
2026-08-04 14:39:36,13.203125,-1
2026-08-04 14:39:36,13.203125,-1
2026-08-04 14:39:36,13.328125,-1
2026-08-04 14:39:36,13.328125,-1
2026-08-04 14:39:36,13.015625,-1
2026-08-04 14:39:36,13.015625,-1
2026-08-04 14:39:36,13.0625,-1
2026-08-04 14:39:36,13.0625,-1
2026-08-04 14:39:36,12.921875,-1
2026-08-04 14:39:36,12.921875,-1
2026-08-04 14:39:36,12.921875,-1
2026-08-04 14:39:36,12.921875,-1
2026-08-04 14:39:36,12.9375,-1
2026-08-04 14:39:36,12.9375,-1
2026-08-04 14:39:36,13.09375,-1
2026-08-04 14:39:36,13.09375,-1
2026-08-04 14:39:36,13.0625,-1
2026-08-04 14:39:36,13.0625,-1
2026-08-04 14:39:36,13.03125,-1
2026-08-04 14:39:36,13.03125,-1
2026-08-04 14:39:37,13.203125,-1
2026-08-04 14:39:37,13.203125,-1
2026-08-04 14:39:37,13.046875,-1
2026-08-04 14:39:37,13.046875,-1
2026-08-04 14:39:37,13.03125,-1
2026-08-04 14:39:37,13.03125,-1
2026-08-04 14:39:37,12.9375,-1
2026-08-04 14:39:37,12.9375,-1
2026-08-04 14:39:37,12.953125,-1
2026-08-04 14:39:37,12.953125,-1
2026-08-04 14:39:37,13.015625,-1
2026-08-04 14:39:37,13.015625,-1
2026-08-04 14:39:37,13.03125,-1
2026-08-04 14:39:37,13.03125,-1
2026-08-04 14:39:37,12.953125,-1
2026-08-04 14:39:37,12.953125,-1
2026-08-04 14:39:37,13.125,-1
2026-08-04 14:39:37,13.125,-1
2026-08-04 14:39:37,13.0625,-1
2026-08-04 14:39:37,13.0625,-1
2026-08-04 14:39:38,12.9375,-1
2026-08-04 14:39:38,12.9375,-1
2026-08-04 14:39:38,12.640625,-1
2026-08-04 14:39:38,12.640625,-1
2026-08-04 14:39:38,12.703125,-1
2026-08-04 14:39:38,12.703125,-1
2026-08-04 14:39:38,12.390625,-1
2026-08-04 14:39:38,12.390625,-1
2026-08-04 14:39:38,12.59375,-1
2026-08-04 14:39:38,12.59375,-1
2026-08-04 14:39:38,12.421875,-1
2026-08-04 14:39:38,12.421875,-1
2026-08-04 14:39:38,12.578125,-1
2026-08-04 14:39:38,12.578125,-1
2026-08-04 14:39:38,11.765625,-1
2026-08-04 14:39:38,11.765625,-1
2026-08-04 14:39:38,11.78125,-1
2026-08-04 14:39:38,11.78125,-1
2026-08-04 14:39:38,11.8125,-1
2026-08-04 14:39:38,11.8125,-1
2026-08-04 14:39:39,11.8125,-1
2026-08-04 14:39:39,11.8125,-1
2026-08-04 14:39:39,11.078125,-1
2026-08-04 14:39:39,11.078125,-1
2026-08-04 14:39:39,11.09375,-1
2026-08-04 14:39:39,11.09375,-1
2026-08-04 14:39:39,10.984375,-1
2026-08-04 14:39:39,10.984375,-1
2026-08-04 14:39:39,10.453125,-1
2026-08-04 14:39:39,10.453125,-1
2026-08-04 14:39:39,10.484375,-1
2026-08-04 14:39:39,10.484375,-1
2026-08-04 14:39:39,10.5,-1
2026-08-04 14:39:39,10.5,-1
2026-08-04 14:39:39,10.421875,-1
2026-08-04 14:39:39,10.421875,-1
2026-08-04 14:39:39,10.40625,-1
2026-08-04 14:39:39,10.40625,-1
2026-08-04 14:39:39,10.515625,-1
2026-08-04 14:39:39,10.515625,-1
2026-08-04 14:39:40,10.640625,-1
2026-08-04 14:39:40,10.640625,-1
2026-08-04 14:39:40,11.15625,-1
2026-08-04 14:39:40,11.15625,-1
2026-08-04 14:39:40,11.25,-1
2026-08-04 14:39:40,11.25,-1
2026-08-04 14:39:40,11.140625,-1
2026-08-04 14:39:40,11.140625,-1
2026-08-04 14:39:40,11.09375,-1
2026-08-04 14:39:40,11.09375,-1
2026-08-04 14:39:40,10.640625,-1
2026-08-04 14:39:40,10.640625,-1
2026-08-04 14:39:40,10.546875,-1
2026-08-04 14:39:40,10.546875,-1
2026-08-04 14:39:40,10.515625,-1
2026-08-04 14:39:40,10.515625,-1
2026-08-04 14:39:40,10.859375,-1
2026-08-04 14:39:40,10.859375,-1
2026-08-04 14:39:40,10.921875,-1
2026-08-04 14:39:40,10.921875,-1
2026-08-04 14:39:41,10.921875,-1
2026-08-04 14:39:41,10.921875,-1
2026-08-04 14:39:41,10.921875,-1
2026-08-04 14:39:41,10.921875,-1
2026-08-04 14:39:41,10.359375,-1
2026-08-04 14:39:41,10.359375,-1
2026-08-04 14:39:41,10.15625,-1
2026-08-04 14:39:41,10.15625,-1
2026-08-04 14:39:41,9.9375,-1
2026-08-04 14:39:41,9.9375,-1
2026-08-04 14:39:41,9.671875,-1
2026-08-04 14:39:41,9.671875,-1
2026-08-04 14:39:41,9.765625,-1
2026-08-04 14:39:41,9.765625,-1
2026-08-04 14:39:41,9.875,-1
2026-08-04 14:39:41,9.875,-1
2026-08-04 14:39:41,9.984375,-1
2026-08-04 14:39:41,9.984375,-1
2026-08-04 14:39:41,9.8125,-1
2026-08-04 14:39:41,9.8125,-1
2026-08-04 14:39:42,9.65625,-1
2026-08-04 14:39:42,9.65625,-1
2026-08-04 14:39:42,9.484375,-1
2026-08-04 14:39:42,9.484375,-1
2026-08-04 14:39:42,9.375,-1
2026-08-04 14:39:42,9.375,-1
2026-08-04 14:39:42,9.078125,-1
2026-08-04 14:39:42,9.078125,-1
2026-08-04 14:39:42,9.09375,-1
2026-08-04 14:39:42,9.09375,-1
2026-08-04 14:39:42,9.28125,-1
2026-08-04 14:39:42,9.28125,-1
2026-08-04 14:39:42,9.203125,-1
2026-08-04 14:39:42,9.203125,-1
2026-08-04 14:39:42,9.203125,-1
2026-08-04 14:39:42,9.203125,-1
2026-08-04 14:39:42,9.140625,-1
2026-08-04 14:39:42,9.140625,-1
2026-08-04 14:39:42,9.03125,-1
2026-08-04 14:39:42,9.03125,-1
2026-08-04 14:39:43,8.578125,-1
2026-08-04 14:39:43,8.578125,-1
2026-08-04 14:39:43,8.5625,-1
2026-08-04 14:39:43,8.5625,-1
2026-08-04 14:39:43,8.5625,-1
2026-08-04 14:39:43,8.5625,-1
2026-08-04 14:39:43,8.375,-1
2026-08-04 14:39:43,8.375,-1
2026-08-04 14:39:43,8.390625,-1
2026-08-04 14:39:43,8.390625,-1
2026-08-04 14:39:43,8.296875,-1
2026-08-04 14:39:43,8.296875,-1
2026-08-04 14:39:43,8.296875,-1
2026-08-04 14:39:43,8.296875,-1
2026-08-04 14:39:43,7.765625,-1
2026-08-04 14:39:43,7.765625,-1
2026-08-04 14:39:43,7.703125,-1
2026-08-04 14:39:43,7.703125,-1
2026-08-04 14:39:43,7.640625,-1
2026-08-04 14:39:43,7.640625,-1
2026-08-04 14:39:44,6.890625,-1
2026-08-04 14:39:44,6.890625,-1
2026-08-04 14:39:44,6.859375,-1
2026-08-04 14:39:44,6.859375,-1
2026-08-04 14:39:44,6.84375,-1
2026-08-04 14:39:44,6.84375,-1
2026-08-04 14:39:44,6.90625,-1
2026-08-04 14:39:44,6.90625,-1
2026-08-04 14:39:44,6.359375,-1
2026-08-04 14:39:44,6.359375,-1
2026-08-04 14:39:44,6.34375,-1
2026-08-04 14:39:44,6.34375,-1
2026-08-04 14:39:44,6.296875,-1
2026-08-04 14:39:44,6.296875,-1
2026-08-04 14:39:44,6.28125,-1
2026-08-04 14:39:44,6.28125,-1
2026-08-04 14:39:44,5.671875,-1
2026-08-04 14:39:44,5.671875,-1
2026-08-04 14:39:44,5.6875,-1
2026-08-04 14:39:44,5.6875,-1
2026-08-04 14:39:45,5.703125,-1
2026-08-04 14:39:45,5.703125,-1
2026-08-04 14:39:45,5.78125,-1
2026-08-04 14:39:45,5.78125,-1
2026-08-04 14:39:45,5.796875,-1
2026-08-04 14:39:45,5.796875,-1
2026-08-04 14:39:45,5.796875,-1
2026-08-04 14:39:45,5.796875,-1
2026-08-04 14:39:45,5.828125,-1
2026-08-04 14:39:45,5.828125,-1
2026-08-04 14:39:45,6.265625,-1
2026-08-04 14:39:45,6.265625,-1
2026-08-04 14:39:45,6.328125,-1
2026-08-04 14:39:45,6.328125,-1
2026-08-04 14:39:45,6.3125,-1
2026-08-04 14:39:45,6.3125,-1
2026-08-04 14:39:45,6.609375,-1
2026-08-04 14:39:45,6.609375,-1
2026-08-04 14:39:45,6.609375,-1
2026-08-04 14:39:45,6.609375,-1
2026-08-04 14:39:46,6.578125,-1
2026-08-04 14:39:46,6.578125,-1
2026-08-04 14:39:46,6.625,-1
2026-08-04 14:39:46,6.625,-1
2026-08-04 14:39:46,7.1875,-1
2026-08-04 14:39:46,7.1875,-1
2026-08-04 14:39:46,7.390625,-1
2026-08-04 14:39:46,7.390625,-1
2026-08-04 14:39:46,7.421875,-1
2026-08-04 14:39:46,7.421875,-1
2026-08-04 14:39:46,7.84375,-1
2026-08-04 14:39:46,7.84375,-1
2026-08-04 14:39:46,7.890625,-1
2026-08-04 14:39:46,7.890625,-1
2026-08-04 14:39:46,7.9375,-1
2026-08-04 14:39:46,7.9375,-1
2026-08-04 14:39:46,7.984375,-1
2026-08-04 14:39:46,7.984375,-1
2026-08-04 14:39:46,8.0,-1
2026-08-04 14:39:46,8.0,-1
2026-08-04 14:39:47,7.90625,-1
2026-08-04 14:39:47,7.90625,-1
2026-08-04 14:39:47,7.921875,-1
2026-08-04 14:39:47,7.921875,-1
2026-08-04 14:39:47,8.703125,-1
2026-08-04 14:39:47,8.703125,-1
2026-08-04 14:39:47,8.8125,-1
2026-08-04 14:39:47,8.8125,-1
2026-08-04 14:39:47,8.921875,-1
2026-08-04 14:39:47,8.921875,-1
2026-08-04 14:39:47,8.96875,-1
2026-08-04 14:39:47,8.96875,-1
2026-08-04 14:39:47,9.796875,-1
2026-08-04 14:39:47,9.796875,-1
2026-08-04 14:39:47,9.6875,-1
2026-08-04 14:39:47,9.6875,-1
2026-08-04 14:39:47,9.59375,-1
2026-08-04 14:39:47,9.59375,-1
2026-08-04 14:39:47,9.59375,-1
2026-08-04 14:39:47,9.59375,-1
2026-08-04 14:39:48,9.921875,-1
2026-08-04 14:39:48,9.921875,-1
2026-08-04 14:39:48,9.953125,-1
2026-08-04 14:39:48,9.953125,-1
2026-08-04 14:39:48,10.125,-1
2026-08-04 14:39:48,10.125,-1
2026-08-04 14:39:48,10.171875,-1
2026-08-04 14:39:48,10.171875,-1
2026-08-04 14:39:48,10.09375,-1
2026-08-04 14:39:48,10.09375,-1
2026-08-04 14:39:48,9.875,-1
2026-08-04 14:39:48,9.875,-1
2026-08-04 14:39:48,9.765625,-1
2026-08-04 14:39:48,9.765625,-1
2026-08-04 14:39:48,9.125,-1
2026-08-04 14:39:48,9.125,-1
2026-08-04 14:39:48,9.234375,-1
2026-08-04 14:39:48,9.234375,-1
2026-08-04 14:39:48,9.46875,-1
2026-08-04 14:39:48,9.46875,-1
2026-08-04 14:39:49,9.40625,-1
2026-08-04 14:39:49,9.40625,-1
2026-08-04 14:39:49,9.4375,-1
2026-08-04 14:39:49,9.4375,-1
2026-08-04 14:39:49,9.265625,-1
2026-08-04 14:39:49,9.265625,-1
2026-08-04 14:39:49,9.109375,-1
2026-08-04 14:39:49,9.109375,-1
2026-08-04 14:39:49,8.640625,-1
2026-08-04 14:39:49,8.640625,-1
2026-08-04 14:39:49,8.65625,-1
2026-08-04 14:39:49,8.65625,-1
2026-08-04 14:39:49,8.6875,-1
2026-08-04 14:39:49,8.6875,-1
2026-08-04 14:39:49,9.0625,-1
2026-08-04 14:39:49,9.0625,-1
2026-08-04 14:39:49,9.09375,-1
2026-08-04 14:39:49,9.09375,-1
2026-08-04 14:39:49,9.125,-1
2026-08-04 14:39:49,9.125,-1
2026-08-04 14:39:50,9.109375,-1
2026-08-04 14:39:50,9.109375,-1
2026-08-04 14:39:50,9.0625,-1
2026-08-04 14:39:50,9.0625,-1
2026-08-04 14:39:50,9.0,-1
2026-08-04 14:39:50,9.0,-1
2026-08-04 14:39:50,9.078125,-1
2026-08-04 14:39:50,9.078125,-1
2026-08-04 14:39:50,9.09375,-1
2026-08-04 14:39:50,9.09375,-1
2026-08-04 14:39:50,9.296875,-1
2026-08-04 14:39:50,9.296875,-1
2026-08-04 14:39:50,9.28125,-1
2026-08-04 14:39:50,9.28125,-1
2026-08-04 14:39:50,9.25,-1
2026-08-04 14:39:50,9.25,-1
2026-08-04 14:39:50,8.875,-1
2026-08-04 14:39:50,8.875,-1
2026-08-04 14:39:50,8.859375,-1
2026-08-04 14:39:50,8.859375,-1
2026-08-04 14:39:51,8.84375,-1
2026-08-04 14:39:51,8.84375,-1
2026-08-04 14:39:51,8.921875,-1
2026-08-04 14:39:51,8.921875,-1
2026-08-04 14:39:51,9.5,-1
2026-08-04 14:39:51,9.5,-1
2026-08-04 14:39:51,9.59375,-1
2026-08-04 14:39:51,9.59375,-1
2026-08-04 14:39:51,9.640625,-1
2026-08-04 14:39:51,9.640625,-1
2026-08-04 14:39:51,9.640625,-1
2026-08-04 14:39:51,9.640625,-1
2026-08-04 14:39:51,9.78125,-1
2026-08-04 14:39:51,9.78125,-1
2026-08-04 14:39:51,9.75,-1
2026-08-04 14:39:51,9.75,-1
2026-08-04 14:39:51,9.75,-1
2026-08-04 14:39:51,9.75,-1
2026-08-04 14:39:51,10.359375,-1
2026-08-04 14:39:51,10.359375,-1
2026-08-04 14:39:52,10.5625,-1
2026-08-04 14:39:52,10.5625,-1
2026-08-04 14:39:52,10.671875,-1
2026-08-04 14:39:52,10.671875,-1
2026-08-04 14:39:52,10.6875,-1
2026-08-04 14:39:52,10.6875,-1
2026-08-04 14:39:52,11.03125,-1
2026-08-04 14:39:52,11.03125,-1
2026-08-04 14:39:52,11.03125,-1
2026-08-04 14:39:52,11.03125,-1
2026-08-04 14:39:52,10.921875,-1
2026-08-04 14:39:52,10.921875,-1
2026-08-04 14:39:52,11.140625,-1
2026-08-04 14:39:52,11.140625,-1
2026-08-04 14:39:52,11.265625,-1
2026-08-04 14:39:52,11.265625,-1
2026-08-04 14:39:52,11.390625,-1
2026-08-04 14:39:52,11.390625,-1
2026-08-04 14:39:52,11.5625,-1
2026-08-04 14:39:52,11.5625,-1
2026-08-04 14:39:53,12.171875,-1
2026-08-04 14:39:53,12.171875,-1
2026-08-04 14:39:53,12.046875,-1
2026-08-04 14:39:53,12.046875,-1
2026-08-04 14:39:53,11.96875,-1
2026-08-04 14:39:53,11.96875,-1
2026-08-04 14:39:53,12.03125,-1
2026-08-04 14:39:53,12.03125,-1
2026-08-04 14:39:53,12.078125,-1
2026-08-04 14:39:53,12.078125,-1
2026-08-04 14:39:53,12.15625,-1
2026-08-04 14:39:53,12.15625,-1
2026-08-04 14:39:53,12.109375,-1
2026-08-04 14:39:53,12.109375,-1
2026-08-04 14:39:53,12.203125,-1
2026-08-04 14:39:53,12.203125,-1
2026-08-04 14:39:53,12.296875,-1
2026-08-04 14:39:53,12.296875,-1
2026-08-04 14:39:53,12.296875,-1
2026-08-04 14:39:53,12.296875,-1
2026-08-04 14:39:54,12.296875,-1
2026-08-04 14:39:54,12.296875,-1
2026-08-04 14:39:54,12.59375,-1
2026-08-04 14:39:54,12.59375,-1
2026-08-04 14:39:54,12.515625,-1
2026-08-04 14:39:54,12.515625,-1
2026-08-04 14:39:54,12.765625,-1
2026-08-04 14:39:54,12.765625,-1
2026-08-04 14:39:54,12.9375,-1
2026-08-04 14:39:54,12.9375,-1
2026-08-04 14:39:54,12.84375,-1
2026-08-04 14:39:54,12.84375,-1
2026-08-04 14:39:54,12.78125,-1
2026-08-04 14:39:54,12.78125,-1
2026-08-04 14:39:54,12.953125,-1
2026-08-04 14:39:54,12.953125,-1
2026-08-04 14:39:54,12.703125,-1
2026-08-04 14:39:54,12.703125,-1
2026-08-04 14:39:54,12.90625,-1
2026-08-04 14:39:54,12.90625,-1
2026-08-04 14:39:55,12.765625,-1
2026-08-04 14:39:55,12.765625,-1
2026-08-04 14:39:55,12.75,-1
2026-08-04 14:39:55,12.75,-1
2026-08-04 14:39:55,12.75,-1
2026-08-04 14:39:55,12.75,-1
2026-08-04 14:39:55,12.921875,-1
2026-08-04 14:39:55,12.921875,-1
2026-08-04 14:39:55,12.71875,-1
2026-08-04 14:39:55,12.71875,-1
2026-08-04 14:39:55,13.015625,-1
2026-08-04 14:39:55,13.015625,-1
2026-08-04 14:39:55,12.890625,-1
2026-08-04 14:39:55,12.890625,-1
2026-08-04 14:39:55,12.84375,-1
2026-08-04 14:39:55,12.84375,-1
2026-08-04 14:39:55,13.171875,-1
2026-08-04 14:39:55,13.171875,-1
2026-08-04 14:39:55,13.03125,-1
2026-08-04 14:39:55,13.03125,-1
2026-08-04 14:39:56,13.109375,-1
2026-08-04 14:39:56,13.109375,-1
2026-08-04 14:39:56,12.96875,-1
2026-08-04 14:39:56,12.96875,-1
2026-08-04 14:39:56,12.90625,-1
2026-08-04 14:39:56,12.90625,-1
2026-08-04 14:39:56,12.890625,-1
2026-08-04 14:39:56,12.890625,-1
2026-08-04 14:39:56,12.96875,-1
2026-08-04 14:39:56,12.96875,-1
2026-08-04 14:39:56,12.8125,-1
2026-08-04 14:39:56,12.8125,-1
2026-08-04 14:39:56,12.921875,-1
2026-08-04 14:39:56,12.921875,-1
2026-08-04 14:39:56,12.9375,-1
2026-08-04 14:39:56,12.9375,-1
2026-08-04 14:39:56,12.8125,-1
2026-08-04 14:39:56,12.8125,-1
2026-08-04 14:39:56,12.921875,-1
2026-08-04 14:39:56,12.921875,-1
2026-08-04 14:39:57,13.125,-1
2026-08-04 14:39:57,13.125,-1
2026-08-04 14:39:57,12.953125,-1
2026-08-04 14:39:57,12.953125,-1
2026-08-04 14:39:57,13.0,-1
2026-08-04 14:39:57,13.0,-1
2026-08-04 14:39:57,12.984375,-1
2026-08-04 14:39:57,12.984375,-1
2026-08-04 14:39:57,13.09375,-1
2026-08-04 14:39:57,13.09375,-1
2026-08-04 14:39:57,13.203125,-1
2026-08-04 14:39:57,13.203125,-1
2026-08-04 14:39:57,13.078125,-1
2026-08-04 14:39:57,13.078125,-1
2026-08-04 14:39:57,13.015625,-1
2026-08-04 14:39:57,13.015625,-1
2026-08-04 14:39:57,12.953125,-1
2026-08-04 14:39:57,12.953125,-1
2026-08-04 14:39:57,13.0625,-1
2026-08-04 14:39:57,13.0625,-1
2026-08-04 14:39:58,12.921875,-1
2026-08-04 14:39:58,12.921875,-1
2026-08-04 14:39:58,13.015625,-1
2026-08-04 14:39:58,13.015625,-1
2026-08-04 14:39:58,13.0625,-1
2026-08-04 14:39:58,13.0625,-1
2026-08-04 14:39:58,12.96875,-1
2026-08-04 14:39:58,12.96875,-1
2026-08-04 14:39:58,13.0625,-1
2026-08-04 14:39:58,13.0625,-1
2026-08-04 14:39:58,12.953125,-1
2026-08-04 14:39:58,12.953125,-1
2026-08-04 14:39:58,13.0,-1
2026-08-04 14:39:58,13.0,-1
2026-08-04 14:39:58,13.25,-1
2026-08-04 14:39:58,13.25,-1
2026-08-04 14:39:58,13.25,-1
2026-08-04 14:39:58,13.25,-1
2026-08-04 14:39:58,13.21875,-1
2026-08-04 14:39:58,13.21875,-1
2026-08-04 14:39:59,13.0,-1
2026-08-04 14:39:59,13.0,-1
2026-08-04 14:39:59,13.21875,-1
2026-08-04 14:39:59,13.21875,-1
2026-08-04 14:39:59,13.328125,-1
2026-08-04 14:39:59,13.328125,-1
2026-08-04 14:39:59,13.0625,-1
2026-08-04 14:39:59,13.0625,-1
2026-08-04 14:39:59,13.03125,-1
2026-08-04 14:39:59,13.03125,-1
2026-08-04 14:39:59,12.859375,-1
2026-08-04 14:39:59,12.859375,-1
2026-08-04 14:39:59,12.90625,-1
2026-08-04 14:39:59,12.90625,-1
2026-08-04 14:39:59,13.03125,-1
2026-08-04 14:39:59,13.03125,-1
2026-08-04 14:39:59,13.15625,-1
2026-08-04 14:39:59,13.15625,-1
2026-08-04 14:39:59,13.015625,-1
2026-08-04 14:39:59,13.015625,-1
2026-08-04 14:40:00,13.109375,-1
2026-08-04 14:40:00,13.109375,-1
2026-08-04 14:40:00,13.1875,-1
2026-08-04 14:40:00,13.1875,-1
2026-08-04 14:40:00,12.984375,-1
2026-08-04 14:40:00,12.984375,-1
2026-08-04 14:40:00,12.9375,-1
2026-08-04 14:40:00,12.9375,-1
2026-08-04 14:40:00,13.0625,-1
2026-08-04 14:40:00,13.0625,-1
2026-08-04 14:40:00,13.09375,-1
2026-08-04 14:40:00,13.09375,-1
2026-08-04 14:40:00,13.3125,-1
2026-08-04 14:40:00,13.3125,-1
2026-08-04 14:40:00,13.078125,-1
2026-08-04 14:40:00,13.078125,-1
2026-08-04 14:40:00,13.1875,-1
2026-08-04 14:40:00,13.1875,-1
2026-08-04 14:40:00,13.171875,-1
2026-08-04 14:40:00,13.171875,-1
2026-08-04 14:40:01,12.921875,-1
2026-08-04 14:40:01,12.921875,-1
2026-08-04 14:40:01,13.09375,-1
2026-08-04 14:40:01,13.09375,-1
2026-08-04 14:40:01,12.765625,-1
2026-08-04 14:40:01,12.765625,-1
2026-08-04 14:40:01,13.015625,-1
2026-08-04 14:40:01,13.015625,-1
2026-08-04 14:40:01,12.953125,-1
2026-08-04 14:40:01,12.953125,-1
2026-08-04 14:40:01,13.046875,-1
2026-08-04 14:40:01,13.046875,-1
2026-08-04 14:40:01,13.0,-1
2026-08-04 14:40:01,13.0,-1
2026-08-04 14:40:01,12.890625,-1
2026-08-04 14:40:01,12.890625,-1
2026-08-04 14:40:01,13.015625,-1
2026-08-04 14:40:01,13.015625,-1
2026-08-04 14:40:01,12.828125,-1
2026-08-04 14:40:01,12.828125,-1
2026-08-04 14:40:02,13.015625,-1
2026-08-04 14:40:02,13.015625,-1
2026-08-04 14:40:02,13.0625,-1
2026-08-04 14:40:02,13.0625,-1
2026-08-04 14:40:02,12.890625,-1
2026-08-04 14:40:02,12.890625,-1
2026-08-04 14:40:02,13.140625,-1
2026-08-04 14:40:02,13.140625,-1
2026-08-04 14:40:02,13.0,-1
2026-08-04 14:40:02,13.0,-1
2026-08-04 14:40:02,13.21875,-1
2026-08-04 14:40:02,13.21875,-1
2026-08-04 14:40:02,13.03125,-1
2026-08-04 14:40:02,13.03125,-1
2026-08-04 14:40:02,12.921875,-1
2026-08-04 14:40:02,12.921875,-1
2026-08-04 14:40:02,13.109375,-1
2026-08-04 14:40:02,13.109375,-1
2026-08-04 14:40:02,12.984375,-1
2026-08-04 14:40:02,12.984375,-1
2026-08-04 14:40:03,13.078125,-1
2026-08-04 14:40:03,13.078125,-1
2026-08-04 14:40:03,13.125,-1
2026-08-04 14:40:03,13.125,-1
2026-08-04 14:40:03,13.0625,-1
2026-08-04 14:40:03,13.0625,-1
2026-08-04 14:40:03,13.109375,-1
2026-08-04 14:40:03,13.109375,-1
2026-08-04 14:40:03,13.03125,-1
2026-08-04 14:40:03,13.03125,-1
2026-08-04 14:40:03,13.015625,-1
2026-08-04 14:40:03,13.015625,-1
2026-08-04 14:40:03,12.828125,-1
2026-08-04 14:40:03,12.828125,-1
2026-08-04 14:40:03,13.03125,-1
2026-08-04 14:40:03,13.03125,-1
2026-08-04 14:40:03,13.171875,-1
2026-08-04 14:40:03,13.171875,-1
2026-08-04 14:40:03,13.1875,-1
2026-08-04 14:40:03,13.1875,-1
2026-08-04 14:40:04,13.265625,-1
2026-08-04 14:40:04,13.265625,-1
2026-08-04 14:40:04,12.921875,-1
2026-08-04 14:40:04,12.921875,-1
2026-08-04 14:40:04,13.109375,-1
2026-08-04 14:40:04,13.109375,-1
2026-08-04 14:40:04,13.15625,-1
2026-08-04 14:40:04,13.15625,-1
2026-08-04 14:40:04,13.125,-1
2026-08-04 14:40:04,13.125,-1
2026-08-04 14:40:04,13.125,-1
2026-08-04 14:40:04,13.125,-1
2026-08-04 14:40:04,13.125,-1
2026-08-04 14:40:04,13.125,-1
2026-08-04 14:40:04,13.0625,-1
2026-08-04 14:40:04,13.0625,-1
2026-08-04 14:40:04,12.890625,-1
2026-08-04 14:40:04,12.890625,-1
2026-08-04 14:40:04,12.875,-1
2026-08-04 14:40:04,12.875,-1
2026-08-04 14:40:05,12.96875,-1
2026-08-04 14:40:05,12.96875,-1
2026-08-04 14:40:05,13.015625,-1
2026-08-04 14:40:05,13.015625,-1
2026-08-04 14:40:05,13.140625,-1
2026-08-04 14:40:05,13.140625,-1
2026-08-04 14:40:05,13.0,-1
2026-08-04 14:40:05,13.0,-1
2026-08-04 14:40:05,13.203125,-1
2026-08-04 14:40:05,13.203125,-1
2026-08-04 14:40:05,12.890625,-1
2026-08-04 14:40:05,12.890625,-1
2026-08-04 14:40:05,13.0,-1
2026-08-04 14:40:05,13.0,-1
2026-08-04 14:40:05,13.203125,-1
2026-08-04 14:40:05,13.203125,-1
2026-08-04 14:40:05,13.21875,-1
2026-08-04 14:40:05,13.21875,-1
2026-08-04 14:40:05,13.0625,-1
2026-08-04 14:40:05,13.0625,-1
2026-08-04 14:40:06,12.8125,-1
2026-08-04 14:40:06,12.8125,-1
2026-08-04 14:40:06,12.921875,-1
2026-08-04 14:40:06,12.921875,-1
2026-08-04 14:40:06,12.921875,-1
2026-08-04 14:40:06,12.921875,-1
2026-08-04 14:40:06,13.0,-1
2026-08-04 14:40:06,13.0,-1
2026-08-04 14:40:06,13.125,-1
2026-08-04 14:40:06,13.125,-1
2026-08-04 14:40:06,13.203125,-1
2026-08-04 14:40:06,13.203125,-1
2026-08-04 14:40:06,12.890625,-1
2026-08-04 14:40:06,12.890625,-1
2026-08-04 14:40:06,12.96875,-1
2026-08-04 14:40:06,12.96875,-1
2026-08-04 14:40:06,13.0625,-1
2026-08-04 14:40:06,13.0625,-1
2026-08-04 14:40:06,13.09375,-1
2026-08-04 14:40:06,13.09375,-1
2026-08-04 14:40:07,12.921875,-1
2026-08-04 14:40:07,12.921875,-1
2026-08-04 14:40:07,13.140625,-1
2026-08-04 14:40:07,13.140625,-1
2026-08-04 14:40:07,13.390625,-1
2026-08-04 14:40:07,13.390625,-1
2026-08-04 14:40:07,13.265625,-1
2026-08-04 14:40:07,13.265625,-1
2026-08-04 14:40:07,13.3125,-1
2026-08-04 14:40:07,13.3125,-1
2026-08-04 14:40:07,13.0625,-1
2026-08-04 14:40:07,13.0625,-1
2026-08-04 14:40:07,13.3125,-1
2026-08-04 14:40:07,13.3125,-1
2026-08-04 14:40:07,13.140625,-1
2026-08-04 14:40:07,13.140625,-1
2026-08-04 14:40:07,13.078125,-1
2026-08-04 14:40:07,13.078125,-1
2026-08-04 14:40:07,13.390625,-1
2026-08-04 14:40:07,13.390625,-1
2026-08-04 14:40:08,13.25,-1
2026-08-04 14:40:08,13.25,-1
2026-08-04 14:40:08,13.421875,-1
2026-08-04 14:40:08,13.421875,-1
2026-08-04 14:40:08,13.328125,-1
2026-08-04 14:40:08,13.328125,-1
2026-08-04 14:40:08,13.28125,-1
2026-08-04 14:40:08,13.28125,-1
2026-08-04 14:40:08,14.484375,-1
2026-08-04 14:40:08,14.484375,-1
2026-08-04 14:40:08,14.671875,-1
2026-08-04 14:40:08,14.671875,-1
2026-08-04 14:40:08,14.828125,-1
2026-08-04 14:40:08,14.828125,-1
2026-08-04 14:40:08,15.015625,-1
2026-08-04 14:40:08,15.015625,-1
2026-08-04 14:40:08,16.578125,-1
2026-08-04 14:40:08,16.578125,-1
2026-08-04 14:40:08,16.59375,-1
2026-08-04 14:40:08,16.59375,-1
2026-08-04 14:40:09,16.734375,-1
2026-08-04 14:40:09,16.734375,-1
2026-08-04 14:40:09,18.1875,-1
2026-08-04 14:40:09,18.1875,-1
2026-08-04 14:40:09,18.4375,-1
2026-08-04 14:40:09,18.4375,-1
2026-08-04 14:40:09,18.453125,-1
2026-08-04 14:40:09,18.453125,-1
2026-08-04 14:40:09,18.453125,-1
2026-08-04 14:40:09,18.453125,-1
2026-08-04 14:40:09,18.0625,-1
2026-08-04 14:40:09,18.0625,-1
2026-08-04 14:40:09,18.15625,-1
2026-08-04 14:40:09,18.15625,-1
2026-08-04 14:40:09,18.0,-1
2026-08-04 14:40:09,18.0,-1
2026-08-04 14:40:09,18.03125,-1
2026-08-04 14:40:09,18.03125,-1
2026-08-04 14:40:09,18.65625,-1
2026-08-04 14:40:09,18.65625,-1
2026-08-04 14:40:10,18.859375,-1
2026-08-04 14:40:10,18.859375,-1
2026-08-04 14:40:10,18.8125,-1
2026-08-04 14:40:10,18.8125,-1
2026-08-04 14:40:10,18.78125,-1
2026-08-04 14:40:10,18.78125,-1
2026-08-04 14:40:10,18.734375,-1
2026-08-04 14:40:10,18.734375,-1
2026-08-04 14:40:10,18.484375,-1
2026-08-04 14:40:10,18.484375,-1
2026-08-04 14:40:10,18.4375,-1
2026-08-04 14:40:10,18.4375,-1
2026-08-04 14:40:10,17.09375,-1
2026-08-04 14:40:10,17.09375,-1
2026-08-04 14:40:10,17.125,-1
2026-08-04 14:40:10,17.125,-1
2026-08-04 14:40:10,17.046875,-1
2026-08-04 14:40:10,17.046875,-1
2026-08-04 14:40:10,17.890625,-1
2026-08-04 14:40:10,17.890625,-1
2026-08-04 14:40:11,17.875,-1
2026-08-04 14:40:11,17.875,-1
2026-08-04 14:40:11,17.890625,-1
2026-08-04 14:40:11,17.890625,-1
2026-08-04 14:40:11,17.71875,-1
2026-08-04 14:40:11,17.71875,-1
2026-08-04 14:40:11,16.5,-1
2026-08-04 14:40:11,16.5,-1
2026-08-04 14:40:11,16.265625,-1
2026-08-04 14:40:11,16.265625,-1
2026-08-04 14:40:11,16.0,-1
2026-08-04 14:40:11,16.0,-1
2026-08-04 14:40:11,15.765625,-1
2026-08-04 14:40:11,15.765625,-1
2026-08-04 14:40:11,15.90625,-1
2026-08-04 14:40:11,15.90625,-1
2026-08-04 14:40:11,15.828125,-1
2026-08-04 14:40:11,15.828125,-1
2026-08-04 14:40:11,15.703125,-1
2026-08-04 14:40:11,15.703125,-1
2026-08-04 14:40:12,14.6875,-1
2026-08-04 14:40:12,14.6875,-1
2026-08-04 14:40:12,14.65625,-1
2026-08-04 14:40:12,14.65625,-1
2026-08-04 14:40:12,14.53125,-1
2026-08-04 14:40:12,14.53125,-1
2026-08-04 14:40:12,14.421875,-1
2026-08-04 14:40:12,14.421875,-1
2026-08-04 14:40:12,14.34375,-1
2026-08-04 14:40:12,14.34375,-1
2026-08-04 14:40:12,14.390625,-1
2026-08-04 14:40:12,14.390625,-1
2026-08-04 14:40:12,14.5,-1
2026-08-04 14:40:12,14.5,-1
2026-08-04 14:40:12,13.84375,-1
2026-08-04 14:40:12,13.84375,-1
2026-08-04 14:40:12,14.5,-1
2026-08-04 14:40:12,14.5,-1
2026-08-04 14:40:12,15.375,-1
2026-08-04 14:40:12,15.375,-1
2026-08-04 14:40:13,15.484375,-1
2026-08-04 14:40:13,15.484375,-1
2026-08-04 14:40:13,15.96875,-1
2026-08-04 14:40:13,15.96875,-1
2026-08-04 14:40:13,15.671875,-1
2026-08-04 14:40:13,15.671875,-1
2026-08-04 14:40:13,15.515625,-1
2026-08-04 14:40:13,15.515625,-1
2026-08-04 14:40:13,15.921875,-1
2026-08-04 14:40:13,15.921875,-1
2026-08-04 14:40:13,15.953125,-1
2026-08-04 14:40:13,15.953125,-1
2026-08-04 14:40:13,15.84375,-1
2026-08-04 14:40:13,15.84375,-1
2026-08-04 14:40:13,15.828125,-1
2026-08-04 14:40:13,15.828125,-1
2026-08-04 14:40:13,16.34375,-1
2026-08-04 14:40:13,16.34375,-1
2026-08-04 14:40:13,16.421875,-1
2026-08-04 14:40:13,16.421875,-1
2026-08-04 14:40:14,16.390625,-1
2026-08-04 14:40:14,16.390625,-1
2026-08-04 14:40:14,16.34375,-1
2026-08-04 14:40:14,16.34375,-1
2026-08-04 14:40:14,16.1875,-1
2026-08-04 14:40:14,16.1875,-1
2026-08-04 14:40:14,16.265625,-1
2026-08-04 14:40:14,16.265625,-1
2026-08-04 14:40:14,16.125,-1
2026-08-04 14:40:14,16.125,-1
2026-08-04 14:40:14,15.40625,-1
2026-08-04 14:40:14,15.40625,-1
2026-08-04 14:40:14,15.375,-1
2026-08-04 14:40:14,15.375,-1
2026-08-04 14:40:14,15.375,-1
2026-08-04 14:40:14,15.375,-1
2026-08-04 14:40:14,15.296875,-1
2026-08-04 14:40:14,15.296875,-1
2026-08-04 14:40:14,15.6875,-1
2026-08-04 14:40:14,15.6875,-1
2026-08-04 14:40:15,15.53125,-1
2026-08-04 14:40:15,15.53125,-1
2026-08-04 14:40:15,15.75,-1
2026-08-04 14:40:15,15.75,-1
2026-08-04 14:40:15,14.875,-1
2026-08-04 14:40:15,14.875,-1
2026-08-04 14:40:15,14.640625,-1
2026-08-04 14:40:15,14.640625,-1
2026-08-04 14:40:15,14.4375,-1
2026-08-04 14:40:15,14.4375,-1
2026-08-04 14:40:15,14.1875,-1
2026-08-04 14:40:15,14.1875,-1
2026-08-04 14:40:15,14.796875,-1
2026-08-04 14:40:15,14.796875,-1
2026-08-04 14:40:15,14.609375,-1
2026-08-04 14:40:15,14.609375,-1
2026-08-04 14:40:15,14.359375,-1
2026-08-04 14:40:15,14.359375,-1
2026-08-04 14:40:15,14.484375,-1
2026-08-04 14:40:15,14.484375,-1
2026-08-04 14:40:16,13.859375,-1
2026-08-04 14:40:16,13.859375,-1
2026-08-04 14:40:16,13.84375,-1
2026-08-04 14:40:16,13.84375,-1
2026-08-04 14:40:16,13.6875,-1
2026-08-04 14:40:16,13.6875,-1
2026-08-04 14:40:16,13.1875,-1
2026-08-04 14:40:16,13.1875,-1
2026-08-04 14:40:16,13.03125,-1
2026-08-04 14:40:16,13.03125,-1
2026-08-04 14:40:16,13.125,-1
2026-08-04 14:40:16,13.125,-1
2026-08-04 14:40:16,13.15625,-1
2026-08-04 14:40:16,13.15625,-1
2026-08-04 14:40:16,13.265625,-1
2026-08-04 14:40:16,13.265625,-1
2026-08-04 14:40:16,13.28125,-1
2026-08-04 14:40:16,13.28125,-1
2026-08-04 14:40:16,13.296875,-1
2026-08-04 14:40:16,13.296875,-1
2026-08-04 14:40:17,12.546875,-1
2026-08-04 14:40:17,12.546875,-1
2026-08-04 14:40:17,12.625,-1
2026-08-04 14:40:17,12.625,-1
2026-08-04 14:40:17,12.609375,-1
2026-08-04 14:40:17,12.609375,-1
2026-08-04 14:40:17,12.609375,-1
2026-08-04 14:40:17,12.609375,-1
2026-08-04 14:40:17,12.671875,-1
2026-08-04 14:40:17,12.671875,-1
2026-08-04 14:40:17,12.6875,-1
2026-08-04 14:40:17,12.6875,-1
2026-08-04 14:40:17,12.71875,-1
2026-08-04 14:40:17,12.71875,-1
2026-08-04 14:40:17,12.640625,-1
2026-08-04 14:40:17,12.640625,-1
2026-08-04 14:40:17,12.625,-1
2026-08-04 14:40:17,12.625,-1
2026-08-04 14:40:17,12.640625,-1
2026-08-04 14:40:17,12.640625,-1
2026-08-04 14:40:18,12.671875,-1
2026-08-04 14:40:18,12.671875,-1
2026-08-04 14:40:18,12.421875,-1
2026-08-04 14:40:18,12.421875,-1
2026-08-04 14:40:18,12.34375,-1
2026-08-04 14:40:18,12.34375,-1
2026-08-04 14:40:18,12.3125,-1
2026-08-04 14:40:18,12.3125,-1
2026-08-04 14:40:18,12.125,-1
2026-08-04 14:40:18,12.125,-1
2026-08-04 14:40:18,12.125,-1
2026-08-04 14:40:18,12.125,-1
2026-08-04 14:40:18,12.09375,-1
2026-08-04 14:40:18,12.09375,-1
2026-08-04 14:40:18,12.09375,-1
2026-08-04 14:40:18,12.09375,-1
2026-08-04 14:40:18,11.984375,-1
2026-08-04 14:40:18,11.984375,-1
2026-08-04 14:40:18,11.984375,-1
2026-08-04 14:40:18,11.984375,-1
2026-08-04 14:40:19,12.0625,-1
2026-08-04 14:40:19,12.0625,-1
2026-08-04 14:40:19,12.03125,-1
2026-08-04 14:40:19,12.03125,-1
2026-08-04 14:40:19,12.046875,-1
2026-08-04 14:40:19,12.046875,-1
2026-08-04 14:40:19,11.953125,-1
2026-08-04 14:40:19,11.953125,-1
2026-08-04 14:40:19,11.90625,-1
2026-08-04 14:40:19,11.90625,-1
2026-08-04 14:40:19,12.3125,-1
2026-08-04 14:40:19,12.3125,-1
2026-08-04 14:40:19,12.40625,-1
2026-08-04 14:40:19,12.40625,-1
2026-08-04 14:40:19,12.515625,-1
2026-08-04 14:40:19,12.515625,-1
2026-08-04 14:40:19,12.53125,-1
2026-08-04 14:40:19,12.53125,-1
2026-08-04 14:40:19,13.203125,-1
2026-08-04 14:40:19,13.203125,-1
2026-08-04 14:40:20,13.609375,-1
2026-08-04 14:40:20,13.609375,-1
2026-08-04 14:40:20,13.71875,-1
2026-08-04 14:40:20,13.71875,-1
2026-08-04 14:40:20,13.96875,-1
2026-08-04 14:40:20,13.96875,-1
2026-08-04 14:40:20,13.890625,-1
2026-08-04 14:40:20,13.890625,-1
2026-08-04 14:40:20,14.109375,-1
2026-08-04 14:40:20,14.109375,-1
2026-08-04 14:40:20,14.203125,-1
2026-08-04 14:40:20,14.203125,-1
2026-08-04 14:40:20,14.453125,-1
2026-08-04 14:40:20,14.453125,-1
2026-08-04 14:40:20,14.515625,-1
2026-08-04 14:40:20,14.515625,-1
2026-08-04 14:40:20,14.65625,-1
2026-08-04 14:40:20,14.65625,-1
2026-08-04 14:40:20,15.09375,-1
2026-08-04 14:40:20,15.09375,-1
2026-08-04 14:40:21,15.109375,-1
2026-08-04 14:40:21,15.109375,-1
2026-08-04 14:40:21,15.1875,-1
2026-08-04 14:40:21,15.1875,-1
2026-08-04 14:40:21,15.15625,-1
2026-08-04 14:40:21,15.15625,-1
2026-08-04 14:40:21,15.515625,-1
2026-08-04 14:40:21,15.515625,-1
2026-08-04 14:40:21,15.515625,-1
2026-08-04 14:40:21,15.515625,-1
2026-08-04 14:40:21,15.53125,-1
2026-08-04 14:40:21,15.53125,-1
2026-08-04 14:40:21,15.96875,-1
2026-08-04 14:40:21,15.96875,-1
2026-08-04 14:40:21,16.0,-1
2026-08-04 14:40:21,16.0,-1
2026-08-04 14:40:21,15.96875,-1
2026-08-04 14:40:21,15.96875,-1
2026-08-04 14:40:21,15.921875,-1
2026-08-04 14:40:21,15.921875,-1
2026-08-04 14:40:22,16.265625,-1
2026-08-04 14:40:22,16.265625,-1
2026-08-04 14:40:22,16.328125,-1
2026-08-04 14:40:22,16.328125,-1
2026-08-04 14:40:22,16.390625,-1
2026-08-04 14:40:22,16.390625,-1
2026-08-04 14:40:22,16.71875,-1
2026-08-04 14:40:22,16.71875,-1
2026-08-04 14:40:22,16.640625,-1
2026-08-04 14:40:22,16.640625,-1
2026-08-04 14:40:22,16.796875,-1
2026-08-04 14:40:22,16.796875,-1
2026-08-04 14:40:22,16.671875,-1
2026-08-04 14:40:22,16.671875,-1
2026-08-04 14:40:22,16.765625,-1
2026-08-04 14:40:22,16.765625,-1
2026-08-04 14:40:22,16.84375,-1
2026-08-04 14:40:22,16.84375,-1
2026-08-04 14:40:22,16.75,-1
2026-08-04 14:40:22,16.75,-1
2026-08-04 14:40:23,16.75,-1
2026-08-04 14:40:23,16.75,-1
2026-08-04 14:40:23,17.421875,-1
2026-08-04 14:40:23,17.421875,-1
2026-08-04 14:40:23,17.390625,-1
2026-08-04 14:40:23,17.390625,-1
2026-08-04 14:40:23,17.375,-1
2026-08-04 14:40:23,17.375,-1
2026-08-04 14:40:23,17.40625,-1
2026-08-04 14:40:23,17.40625,-1
2026-08-04 14:40:23,17.4375,-1
2026-08-04 14:40:23,17.4375,-1
2026-08-04 14:40:23,17.453125,-1
2026-08-04 14:40:23,17.453125,-1
2026-08-04 14:40:23,17.6875,-1
2026-08-04 14:40:23,17.6875,-1
2026-08-04 14:40:23,17.859375,-1
2026-08-04 14:40:23,17.859375,-1
2026-08-04 14:40:23,17.8125,-1
2026-08-04 14:40:23,17.8125,-1
2026-08-04 14:40:24,17.78125,-1
2026-08-04 14:40:24,17.78125,-1
2026-08-04 14:40:24,17.71875,-1
2026-08-04 14:40:24,17.71875,-1
2026-08-04 14:40:24,17.734375,-1
2026-08-04 14:40:24,17.734375,-1
2026-08-04 14:40:24,17.765625,-1
2026-08-04 14:40:24,17.765625,-1
2026-08-04 14:40:24,17.96875,-1
2026-08-04 14:40:24,17.96875,-1
2026-08-04 14:40:24,17.921875,-1
2026-08-04 14:40:24,17.921875,-1
2026-08-04 14:40:24,17.96875,-1
2026-08-04 14:40:24,17.96875,-1
2026-08-04 14:40:24,18.0,-1
2026-08-04 14:40:24,18.0,-1
2026-08-04 14:40:24,18.171875,-1
2026-08-04 14:40:24,18.171875,-1
2026-08-04 14:40:24,18.25,-1
2026-08-04 14:40:24,18.25,-1
2026-08-04 14:40:25,18.265625,-1
2026-08-04 14:40:25,18.265625,-1
2026-08-04 14:40:25,18.265625,-1
2026-08-04 14:40:25,18.265625,-1
2026-08-04 14:40:25,18.4375,-1
2026-08-04 14:40:25,18.4375,-1
2026-08-04 14:40:25,18.359375,-1
2026-08-04 14:40:25,18.359375,-1
2026-08-04 14:40:25,18.390625,-1
2026-08-04 14:40:25,18.390625,-1
2026-08-04 14:40:25,15.3125,-1
2026-08-04 14:40:25,15.3125,-1
2026-08-04 14:40:25,15.046875,-1
2026-08-04 14:40:25,15.046875,-1
2026-08-04 14:40:25,14.890625,-1
2026-08-04 14:40:25,14.890625,-1
2026-08-04 14:40:25,14.515625,-1
2026-08-04 14:40:25,14.515625,-1
2026-08-04 14:40:25,7.96875,-1
2026-08-04 14:40:25,7.96875,-1
2026-08-04 14:40:26,7.453125,-1
2026-08-04 14:40:26,7.453125,-1
2026-08-04 14:40:26,6.953125,-1
2026-08-04 14:40:26,6.953125,-1
2026-08-04 14:40:26,0.828125,-1
2026-08-04 14:40:26,0.828125,-1
2026-08-04 14:40:26,0.828125,-1
2026-08-04 14:40:26,0.828125,-1
2026-08-04 14:40:26,0.828125,-1
2026-08-04 14:40:26,0.828125,-1
2026-08-04 14:40:26,0.828125,-1
2026-08-04 14:40:26,0.828125,-1
2026-08-04 14:40:26,0.0,-1
2026-08-04 14:40:26,0.0,-1
2026-08-04 14:40:26,0.0,-1
2026-08-04 14:40:26,0.0,-1
2026-08-04 14:40:26,0.0,-1
2026-08-04 14:40:26,0.0,-1
2026-08-04 14:40:26,0.0,-1
2026-08-04 14:40:26,0.0,-1
2026-08-04 14:40:27,0.0,-1
2026-08-04 14:40:27,0.0,-1
2026-08-04 14:40:27,0.0,-1
2026-08-04 14:40:27,0.0,-1
2026-08-04 14:40:27,0.0,-1
2026-08-04 14:40:27,0.0,-1
2026-08-04 14:40:27,0.0,-1
2026-08-04 14:40:27,0.0,-1
2026-08-04 14:40:27,0.0,-1
2026-08-04 14:40:27,0.0,-1
2026-08-04 14:40:27,0.0,-1
2026-08-04 14:40:27,0.0,-1
2026-08-04 14:40:27,0.0,-1
2026-08-04 14:40:27,0.0,-1
2026-08-04 14:40:27,0.0,-1
2026-08-04 14:40:27,0.0,-1
2026-08-04 14:40:27,0.0,-1
2026-08-04 14:40:27,0.0,-1
2026-08-04 14:40:27,0.0,-1
2026-08-04 14:40:27,0.0,-1
2026-08-04 14:40:28,0.0,-1
2026-08-04 14:40:28,0.0,-1
2026-08-04 14:40:28,0.0,-1
2026-08-04 14:40:28,0.0,-1
2026-08-04 14:40:28,0.0,-1
2026-08-04 14:40:28,0.0,-1
2026-08-04 14:40:28,0.0,-1
2026-08-04 14:40:28,0.0,-1
2026-08-04 14:40:28,0.0,-1
2026-08-04 14:40:28,0.0,-1
2026-08-04 14:40:28,0.0,-1
2026-08-04 14:40:28,0.0,-1
2026-08-04 14:40:28,0.0,-1
2026-08-04 14:40:28,0.0,-1
2026-08-04 14:40:28,0.5625,-1
2026-08-04 14:40:28,0.5625,-1
2026-08-04 14:40:28,0.5625,-1
2026-08-04 14:40:28,0.5625,-1
2026-08-04 14:40:28,0.65625,-1
2026-08-04 14:40:28,0.65625,-1
2026-08-04 14:40:29,0.65625,-1
2026-08-04 14:40:29,0.65625,-1
2026-08-04 14:40:29,1.390625,-1
2026-08-04 14:40:29,1.390625,-1
2026-08-04 14:40:29,1.453125,-1
2026-08-04 14:40:29,1.453125,-1
2026-08-04 14:40:29,1.5,-1
2026-08-04 14:40:29,1.5,-1
2026-08-04 14:40:29,2.296875,-1
2026-08-04 14:40:29,2.296875,-1
2026-08-04 14:40:29,2.328125,-1
2026-08-04 14:40:29,2.328125,-1
2026-08-04 14:40:29,2.390625,-1
2026-08-04 14:40:29,2.390625,-1
2026-08-04 14:40:29,2.4375,-1
2026-08-04 14:40:29,2.4375,-1
2026-08-04 14:40:29,4.390625,-1
2026-08-04 14:40:29,4.390625,-1
2026-08-04 14:40:29,4.4375,-1
2026-08-04 14:40:29,4.4375,-1
2026-08-04 14:40:30,4.546875,-1
2026-08-04 14:40:30,4.546875,-1
2026-08-04 14:40:30,4.578125,-1
2026-08-04 14:40:30,4.578125,-1
2026-08-04 14:40:30,7.65625,-1
2026-08-04 14:40:30,7.65625,-1
2026-08-04 14:40:30,7.671875,-1
2026-08-04 14:40:30,7.671875,-1
2026-08-04 14:40:30,7.515625,-1
2026-08-04 14:40:30,7.515625,-1
2026-08-04 14:40:30,7.984375,-1
2026-08-04 14:40:30,7.984375,-1
2026-08-04 14:40:30,7.984375,-1
2026-08-04 14:40:30,7.984375,-1
2026-08-04 14:40:30,8.125,-1
2026-08-04 14:40:30,8.125,-1
2026-08-04 14:40:30,8.328125,-1
2026-08-04 14:40:30,8.328125,-1
2026-08-04 14:40:30,9.65625,-1
2026-08-04 14:40:30,9.65625,-1
2026-08-04 14:40:31,9.875,-1
2026-08-04 14:40:31,9.875,-1
2026-08-04 14:40:31,9.9375,-1
2026-08-04 14:40:31,9.9375,-1
2026-08-04 14:40:31,9.859375,-1
2026-08-04 14:40:31,9.859375,-1
2026-08-04 14:40:31,9.828125,-1
2026-08-04 14:40:31,9.828125,-1
2026-08-04 14:40:31,9.78125,-1
2026-08-04 14:40:31,9.78125,-1
2026-08-04 14:40:31,9.765625,-1
2026-08-04 14:40:31,9.765625,-1
2026-08-04 14:40:31,10.484375,-1
2026-08-04 14:40:31,10.484375,-1
2026-08-04 14:40:31,10.5625,-1
2026-08-04 14:40:31,10.5625,-1
2026-08-04 14:40:31,10.671875,-1
2026-08-04 14:40:31,10.671875,-1
2026-08-04 14:40:31,10.71875,-1
2026-08-04 14:40:31,10.71875,-1
2026-08-04 14:40:32,11.046875,-1
2026-08-04 14:40:32,11.046875,-1
2026-08-04 14:40:32,11.046875,-1
2026-08-04 14:40:32,11.046875,-1
2026-08-04 14:40:32,11.015625,-1
2026-08-04 14:40:32,11.015625,-1
2026-08-04 14:40:32,11.5,-1
2026-08-04 14:40:32,11.5,-1
2026-08-04 14:40:32,11.5,-1
2026-08-04 14:40:32,11.5,-1
2026-08-04 14:40:32,11.578125,-1
2026-08-04 14:40:32,11.578125,-1
2026-08-04 14:40:32,11.6875,-1
2026-08-04 14:40:32,11.6875,-1
2026-08-04 14:40:32,12.203125,-1
2026-08-04 14:40:32,12.203125,-1
2026-08-04 14:40:32,12.1875,-1
2026-08-04 14:40:32,12.1875,-1
2026-08-04 14:40:32,12.171875,-1
2026-08-04 14:40:32,12.171875,-1
2026-08-04 14:40:33,12.46875,-1
2026-08-04 14:40:33,12.46875,-1
2026-08-04 14:40:33,12.46875,-1
2026-08-04 14:40:33,12.46875,-1
2026-08-04 14:40:33,12.453125,-1
2026-08-04 14:40:33,12.453125,-1
2026-08-04 14:40:33,12.4375,-1
2026-08-04 14:40:33,12.4375,-1
2026-08-04 14:40:33,12.609375,-1
2026-08-04 14:40:33,12.609375,-1
2026-08-04 14:40:33,12.5625,-1
2026-08-04 14:40:33,12.5625,-1
2026-08-04 14:40:33,12.578125,-1
2026-08-04 14:40:33,12.578125,-1
2026-08-04 14:40:33,12.796875,-1
2026-08-04 14:40:33,12.796875,-1
2026-08-04 14:40:33,12.96875,-1
2026-08-04 14:40:33,12.96875,-1
2026-08-04 14:40:33,12.8125,-1
2026-08-04 14:40:33,12.8125,-1
2026-08-04 14:40:34,12.96875,-1
2026-08-04 14:40:34,12.96875,-1
2026-08-04 14:40:34,12.8125,-1
2026-08-04 14:40:34,12.8125,-1
2026-08-04 14:40:34,13.0,-1
2026-08-04 14:40:34,13.0,-1
2026-08-04 14:40:34,12.890625,-1
2026-08-04 14:40:34,12.890625,-1
2026-08-04 14:40:34,13.046875,-1
2026-08-04 14:40:34,13.046875,-1
2026-08-04 14:40:34,12.90625,-1
2026-08-04 14:40:34,12.90625,-1
2026-08-04 14:40:34,12.984375,-1
2026-08-04 14:40:34,12.984375,-1
2026-08-04 14:40:34,12.875,-1
2026-08-04 14:40:34,12.875,-1
2026-08-04 14:40:34,13.0,-1
2026-08-04 14:40:34,13.0,-1
2026-08-04 14:40:34,12.890625,-1
2026-08-04 14:40:34,12.890625,-1
2026-08-04 14:40:35,12.875,-1
2026-08-04 14:40:35,12.875,-1
2026-08-04 14:40:35,12.953125,-1
2026-08-04 14:40:35,12.953125,-1
2026-08-04 14:40:35,13.0,-1
2026-08-04 14:40:35,13.0,-1
2026-08-04 14:40:35,13.015625,-1
2026-08-04 14:40:35,13.015625,-1
2026-08-04 14:40:35,13.140625,-1
2026-08-04 14:40:35,13.140625,-1
2026-08-04 14:40:35,12.734375,-1
2026-08-04 14:40:35,12.734375,-1
2026-08-04 14:40:35,12.828125,-1
2026-08-04 14:40:35,12.828125,-1
2026-08-04 14:40:35,12.8125,-1
2026-08-04 14:40:35,12.8125,-1
2026-08-04 14:40:35,12.8125,-1
2026-08-04 14:40:35,12.8125,-1
2026-08-04 14:40:35,12.921875,-1
2026-08-04 14:40:35,12.921875,-1
2026-08-04 14:40:36,12.859375,-1
2026-08-04 14:40:36,12.859375,-1
2026-08-04 14:40:36,12.84375,-1
2026-08-04 14:40:36,12.84375,-1
2026-08-04 14:40:36,12.78125,-1
2026-08-04 14:40:36,12.78125,-1
2026-08-04 14:40:36,12.78125,-1
2026-08-04 14:40:36,12.78125,-1
2026-08-04 14:40:36,12.703125,-1
2026-08-04 14:40:36,12.703125,-1
2026-08-04 14:40:36,12.75,-1
2026-08-04 14:40:36,12.75,-1
2026-08-04 14:40:36,12.703125,-1
2026-08-04 14:40:36,12.703125,-1
2026-08-04 14:40:36,12.75,-1
2026-08-04 14:40:36,12.75,-1
2026-08-04 14:40:36,12.78125,-1
2026-08-04 14:40:36,12.78125,-1
2026-08-04 14:40:36,12.46875,-1
2026-08-04 14:40:36,12.46875,-1
2026-08-04 14:40:37,12.484375,-1
2026-08-04 14:40:37,12.484375,-1
2026-08-04 14:40:37,12.421875,-1
2026-08-04 14:40:37,12.421875,-1
2026-08-04 14:40:37,12.328125,-1
2026-08-04 14:40:37,12.328125,-1
2026-08-04 14:40:37,11.953125,-1
2026-08-04 14:40:37,11.953125,-1
2026-08-04 14:40:37,11.953125,-1
2026-08-04 14:40:37,11.953125,-1
2026-08-04 14:40:37,11.921875,-1
2026-08-04 14:40:37,11.921875,-1
2026-08-04 14:40:37,11.8125,-1
2026-08-04 14:40:37,11.8125,-1
2026-08-04 14:40:37,7.5625,-1
2026-08-04 14:40:37,7.5625,-1
2026-08-04 14:40:37,7.171875,-1
2026-08-04 14:40:37,7.171875,-1
2026-08-04 14:40:37,6.671875,-1
2026-08-04 14:40:37,6.671875,-1
2026-08-04 14:40:38,1.1875,-1
2026-08-04 14:40:38,1.1875,-1
2026-08-04 14:40:38,0.46875,-1
2026-08-04 14:40:38,0.46875,-1
2026-08-04 14:40:38,0.46875,-1
2026-08-04 14:40:38,0.46875,-1
2026-08-04 14:40:38,0.46875,-1
2026-08-04 14:40:38,0.46875,-1
2026-08-04 14:40:38,0.0,-1
2026-08-04 14:40:38,0.0,-1
2026-08-04 14:40:38,0.0,-1
2026-08-04 14:40:38,0.0,-1
2026-08-04 14:40:38,0.0,-1
2026-08-04 14:40:38,0.0,-1
2026-08-04 14:40:38,0.0,-1
2026-08-04 14:40:38,0.0,-1
2026-08-04 14:40:38,0.0,-1
2026-08-04 14:40:38,0.0,-1
2026-08-04 14:40:38,0.0,-1
2026-08-04 14:40:38,0.0,-1
2026-08-04 14:40:39,0.0,-1
2026-08-04 14:40:39,0.0,-1
2026-08-04 14:40:39,0.0,-1
2026-08-04 14:40:39,0.0,-1
2026-08-04 14:40:39,0.0,-1
2026-08-04 14:40:39,0.0,-1
2026-08-04 14:40:39,0.0,-1
2026-08-04 14:40:39,0.0,-1
2026-08-04 14:40:39,0.5625,-1
2026-08-04 14:40:39,0.5625,-1
2026-08-04 14:40:39,0.5625,-1
2026-08-04 14:40:39,0.5625,-1
2026-08-04 14:40:39,0.5625,-1
2026-08-04 14:40:39,0.5625,-1
2026-08-04 14:40:39,0.6875,-1
2026-08-04 14:40:39,0.6875,-1
2026-08-04 14:40:39,1.421875,-1
2026-08-04 14:40:39,1.421875,-1
2026-08-04 14:40:39,1.421875,-1
2026-08-04 14:40:39,1.421875,-1
2026-08-04 14:40:40,1.515625,-1
2026-08-04 14:40:40,1.515625,-1
2026-08-04 14:40:40,2.390625,-1
2026-08-04 14:40:40,2.390625,-1
2026-08-04 14:40:40,2.515625,-1
2026-08-04 14:40:40,2.515625,-1
2026-08-04 14:40:40,2.625,-1
2026-08-04 14:40:40,2.625,-1
2026-08-04 14:40:40,2.65625,-1
2026-08-04 14:40:40,2.65625,-1
2026-08-04 14:40:40,3.546875,-1
2026-08-04 14:40:40,3.546875,-1
2026-08-04 14:40:40,3.625,-1
2026-08-04 14:40:40,3.625,-1
2026-08-04 14:40:40,3.6875,-1
2026-08-04 14:40:40,3.6875,-1
2026-08-04 14:40:40,3.6875,-1
2026-08-04 14:40:40,3.6875,-1
2026-08-04 14:40:40,4.984375,-1
2026-08-04 14:40:40,4.984375,-1
2026-08-04 14:40:41,5.125,-1
2026-08-04 14:40:41,5.125,-1
2026-08-04 14:40:41,5.203125,-1
2026-08-04 14:40:41,5.203125,-1
2026-08-04 14:40:41,6.453125,-1
2026-08-04 14:40:41,6.453125,-1
2026-08-04 14:40:41,6.53125,-1
2026-08-04 14:40:41,6.53125,-1
2026-08-04 14:40:41,6.546875,-1
2026-08-04 14:40:41,6.546875,-1
2026-08-04 14:40:41,7.0,-1
2026-08-04 14:40:41,7.0,-1
2026-08-04 14:40:41,7.015625,-1
2026-08-04 14:40:41,7.015625,-1
2026-08-04 14:40:41,7.28125,-1
2026-08-04 14:40:41,7.28125,-1
2026-08-04 14:40:41,7.296875,-1
2026-08-04 14:40:41,7.296875,-1
2026-08-04 14:40:41,7.609375,-1
2026-08-04 14:40:41,7.609375,-1
2026-08-04 14:40:42,7.53125,-1
2026-08-04 14:40:42,7.53125,-1
2026-08-04 14:40:42,7.515625,-1
2026-08-04 14:40:42,7.515625,-1
2026-08-04 14:40:42,7.890625,-1
2026-08-04 14:40:42,7.890625,-1
2026-08-04 14:40:42,7.90625,-1
2026-08-04 14:40:42,7.90625,-1
2026-08-04 14:40:42,7.953125,-1
2026-08-04 14:40:42,7.953125,-1
2026-08-04 14:40:42,8.140625,-1
2026-08-04 14:40:42,8.140625,-1
2026-08-04 14:40:42,8.75,-1
2026-08-04 14:40:42,8.75,-1
2026-08-04 14:40:42,8.78125,-1
2026-08-04 14:40:42,8.78125,-1
2026-08-04 14:40:42,8.828125,-1
2026-08-04 14:40:42,8.828125,-1
2026-08-04 14:40:42,8.796875,-1
2026-08-04 14:40:42,8.796875,-1
2026-08-04 14:40:43,9.328125,-1
2026-08-04 14:40:43,9.328125,-1
2026-08-04 14:40:43,9.421875,-1
2026-08-04 14:40:43,9.421875,-1
2026-08-04 14:40:43,9.515625,-1
2026-08-04 14:40:43,9.515625,-1
2026-08-04 14:40:43,10.640625,-1
2026-08-04 14:40:43,10.640625,-1
2026-08-04 14:40:43,10.734375,-1
2026-08-04 14:40:43,10.734375,-1
2026-08-04 14:40:43,10.75,-1
2026-08-04 14:40:43,10.75,-1
2026-08-04 14:40:43,10.75,-1
2026-08-04 14:40:43,10.75,-1
2026-08-04 14:40:43,11.6875,-1
2026-08-04 14:40:43,11.6875,-1
2026-08-04 14:40:43,11.828125,-1
2026-08-04 14:40:43,11.828125,-1
2026-08-04 14:40:43,11.90625,-1
2026-08-04 14:40:43,11.90625,-1
2026-08-04 14:40:44,12.671875,-1
2026-08-04 14:40:44,12.671875,-1
2026-08-04 14:40:44,12.65625,-1
2026-08-04 14:40:44,12.65625,-1
2026-08-04 14:40:44,12.625,-1
2026-08-04 14:40:44,12.625,-1
2026-08-04 14:40:44,12.53125,-1
2026-08-04 14:40:44,12.53125,-1
2026-08-04 14:40:44,12.953125,-1
2026-08-04 14:40:44,12.953125,-1
2026-08-04 14:40:44,12.765625,-1
2026-08-04 14:40:44,12.765625,-1
2026-08-04 14:40:44,12.984375,-1
2026-08-04 14:40:44,12.984375,-1
2026-08-04 14:40:44,12.78125,-1
2026-08-04 14:40:44,12.78125,-1
2026-08-04 14:40:44,12.8125,-1
2026-08-04 14:40:44,12.8125,-1
2026-08-04 14:40:44,12.578125,-1
2026-08-04 14:40:44,12.578125,-1
2026-08-04 14:40:45,12.78125,-1
2026-08-04 14:40:45,12.78125,-1
2026-08-04 14:40:45,12.265625,-1
2026-08-04 14:40:45,12.265625,-1
2026-08-04 14:40:45,12.078125,-1
2026-08-04 14:40:45,12.078125,-1
2026-08-04 14:40:45,11.984375,-1
2026-08-04 14:40:45,11.984375,-1
2026-08-04 14:40:45,11.203125,-1
2026-08-04 14:40:45,11.203125,-1
2026-08-04 14:40:45,11.109375,-1
2026-08-04 14:40:45,11.109375,-1
2026-08-04 14:40:45,11.109375,-1
2026-08-04 14:40:45,11.109375,-1
2026-08-04 14:40:45,11.03125,-1
2026-08-04 14:40:45,11.03125,-1
2026-08-04 14:40:45,9.84375,-1
2026-08-04 14:40:45,9.84375,-1
2026-08-04 14:40:45,9.765625,-1
2026-08-04 14:40:45,9.765625,-1
2026-08-04 14:40:46,9.6875,-1
2026-08-04 14:40:46,9.6875,-1
2026-08-04 14:40:46,9.515625,-1
2026-08-04 14:40:46,9.515625,-1
2026-08-04 14:40:46,8.578125,-1
2026-08-04 14:40:46,8.578125,-1
2026-08-04 14:40:46,8.5,-1
2026-08-04 14:40:46,8.5,-1
2026-08-04 14:40:46,8.421875,-1
2026-08-04 14:40:46,8.421875,-1
2026-08-04 14:40:46,8.5625,-1
2026-08-04 14:40:46,8.5625,-1
2026-08-04 14:40:46,8.625,-1
2026-08-04 14:40:46,8.625,-1
2026-08-04 14:40:46,8.671875,-1
2026-08-04 14:40:46,8.671875,-1
2026-08-04 14:40:46,8.6875,-1
2026-08-04 14:40:46,8.6875,-1
2026-08-04 14:40:46,7.484375,-1
2026-08-04 14:40:46,7.484375,-1
2026-08-04 14:40:47,7.3125,-1
2026-08-04 14:40:47,7.3125,-1
2026-08-04 14:40:47,7.0,-1
2026-08-04 14:40:47,7.0,-1
2026-08-04 14:40:47,6.875,-1
2026-08-04 14:40:47,6.875,-1
2026-08-04 14:40:47,5.421875,-1
2026-08-04 14:40:47,5.421875,-1
2026-08-04 14:40:47,5.453125,-1
2026-08-04 14:40:47,5.453125,-1
2026-08-04 14:40:47,5.484375,-1
2026-08-04 14:40:47,5.484375,-1
2026-08-04 14:40:47,4.296875,-1
2026-08-04 14:40:47,4.296875,-1
2026-08-04 14:40:47,3.65625,-1
2026-08-04 14:40:47,3.65625,-1
2026-08-04 14:40:47,3.09375,-1
2026-08-04 14:40:47,3.09375,-1
2026-08-04 14:40:47,3.71875,-1
2026-08-04 14:40:47,3.71875,-1
2026-08-04 14:40:48,3.625,-1
2026-08-04 14:40:48,3.625,-1
2026-08-04 14:40:48,3.484375,-1
2026-08-04 14:40:48,3.484375,-1
2026-08-04 14:40:48,3.046875,-1
2026-08-04 14:40:48,3.046875,-1
2026-08-04 14:40:48,0.0,-1
2026-08-04 14:40:48,0.0,-1
2026-08-04 14:40:48,0.0,-1
2026-08-04 14:40:48,0.0,-1
2026-08-04 14:40:48,0.0,-1
2026-08-04 14:40:48,0.0,-1
2026-08-04 14:40:48,0.0,-1
2026-08-04 14:40:48,0.0,-1
2026-08-04 14:40:48,0.0,-1
2026-08-04 14:40:48,0.0,-1
2026-08-04 14:40:48,0.0,-1
2026-08-04 14:40:48,0.0,-1
2026-08-04 14:40:48,0.0,-1
2026-08-04 14:40:48,0.0,-1
2026-08-04 14:40:49,0.0,-1
2026-08-04 14:40:49,0.0,-1
2026-08-04 14:40:49,0.0,-1
2026-08-04 14:40:49,0.0,-1
2026-08-04 14:40:49,0.0,-1
2026-08-04 14:40:49,0.0,-1
2026-08-04 14:40:49,0.0,-1
2026-08-04 14:40:49,0.0,-1
2026-08-04 14:40:49,0.0,-1
2026-08-04 14:40:49,0.0,-1
2026-08-04 14:40:49,0.0,-1
2026-08-04 14:40:49,0.0,-1
2026-08-04 14:40:49,0.0,-1
2026-08-04 14:40:49,0.0,-1
2026-08-04 14:40:49,0.0,-1
2026-08-04 14:40:49,0.0,-1
2026-08-04 14:40:49,0.0,-1
2026-08-04 14:40:49,0.0,-1
2026-08-04 14:40:49,0.0,-1
2026-08-04 14:40:49,0.0,-1
2026-08-04 14:40:50,0.0,-1
2026-08-04 14:40:50,0.0,-1
2026-08-04 14:40:50,0.0,-1
2026-08-04 14:40:50,0.0,-1
2026-08-04 14:40:50,0.0,-1
2026-08-04 14:40:50,0.0,-1
2026-08-04 14:40:50,0.0,-1
2026-08-04 14:40:50,0.0,-1
2026-08-04 14:40:50,0.0,-1
2026-08-04 14:40:50,0.0,-1
2026-08-04 14:40:50,0.0,-1
2026-08-04 14:40:50,0.0,-1
2026-08-04 14:40:50,0.0,-1
2026-08-04 14:40:50,0.0,-1
2026-08-04 14:40:50,0.0,-1
2026-08-04 14:40:50,0.0,-1
2026-08-04 14:40:50,0.0,-1
2026-08-04 14:40:50,0.0,-1
2026-08-04 14:40:50,0.0,-1
2026-08-04 14:40:50,0.0,-1
2026-08-04 14:40:51,0.0,-1
2026-08-04 14:40:51,0.0,-1
2026-08-04 14:40:51,0.0,-1
2026-08-04 14:40:51,0.0,-1
2026-08-04 14:40:51,0.0,-1
2026-08-04 14:40:51,0.0,-1
2026-08-04 14:40:51,0.0,-1
2026-08-04 14:40:51,0.0,-1
2026-08-04 14:40:51,0.0,-1
2026-08-04 14:40:51,0.0,-1
2026-08-04 14:40:51,0.0,-1
2026-08-04 14:40:51,0.0,-1
2026-08-04 14:40:51,0.0,-1
2026-08-04 14:40:51,0.0,-1
2026-08-04 14:40:51,0.0,-1
2026-08-04 14:40:51,0.0,-1
2026-08-04 14:40:51,0.0,-1
2026-08-04 14:40:51,0.0,-1
2026-08-04 14:40:51,0.0,-1
2026-08-04 14:40:51,0.0,-1
2026-08-04 14:40:52,0.0,-1
2026-08-04 14:40:52,0.0,-1
2026-08-04 14:40:52,0.0,-1
2026-08-04 14:40:52,0.0,-1
2026-08-04 14:40:52,0.0,-1
2026-08-04 14:40:52,0.0,-1
2026-08-04 14:40:52,0.0,-1
2026-08-04 14:40:52,0.0,-1
2026-08-04 14:40:52,0.0,-1
2026-08-04 14:40:52,0.0,-1
2026-08-04 14:40:52,0.0,-1
2026-08-04 14:40:52,0.0,-1
2026-08-04 14:40:52,0.0,-1
2026-08-04 14:40:52,0.0,-1
2026-08-04 14:40:52,0.0,-1
2026-08-04 14:40:52,0.0,-1
2026-08-04 14:40:52,0.0,-1
2026-08-04 14:40:52,0.0,-1
2026-08-04 14:40:52,0.0,-1
2026-08-04 14:40:52,0.0,-1
2026-08-04 14:40:53,0.0,-1
2026-08-04 14:40:53,0.0,-1
2026-08-04 14:40:53,0.0,-1
2026-08-04 14:40:53,0.0,-1
2026-08-04 14:40:53,0.0,-1
2026-08-04 14:40:53,0.0,-1
2026-08-04 14:40:53,0.0,-1
2026-08-04 14:40:53,0.0,-1
2026-08-04 14:40:53,0.0,-1
2026-08-04 14:40:53,0.0,-1
2026-08-04 14:40:53,0.0,-1
2026-08-04 14:40:53,0.0,-1
2026-08-04 14:40:53,0.0,-1
2026-08-04 14:40:53,0.0,-1
2026-08-04 14:40:53,0.0,-1
2026-08-04 14:40:53,0.0,-1
2026-08-04 14:40:53,0.0,-1
2026-08-04 14:40:53,0.0,-1
2026-08-04 14:40:53,0.0,-1
2026-08-04 14:40:53,0.0,-1
2026-08-04 14:40:54,0.0,-1
2026-08-04 14:40:54,0.0,-1
2026-08-04 14:40:54,0.0,-1
2026-08-04 14:40:54,0.0,-1
2026-08-04 14:40:54,0.0,-1
2026-08-04 14:40:54,0.0,-1
2026-08-04 14:40:54,0.0,-1
2026-08-04 14:40:54,0.0,-1
2026-08-04 14:40:54,0.0,-1
2026-08-04 14:40:54,0.0,-1
2026-08-04 14:40:54,0.0,-1
2026-08-04 14:40:54,0.0,-1
2026-08-04 14:40:54,0.0,-1
2026-08-04 14:40:54,0.0,-1
2026-08-04 14:40:54,0.0,-1
2026-08-04 14:40:54,0.0,-1
2026-08-04 14:40:54,0.0,-1
2026-08-04 14:40:54,0.0,-1
2026-08-04 14:40:54,0.0,-1
2026-08-04 14:40:54,0.0,-1
2026-08-04 14:40:55,0.0,-1
2026-08-04 14:40:55,0.0,-1
2026-08-04 14:40:55,0.0,-1
2026-08-04 14:40:55,0.0,-1
2026-08-04 14:40:55,0.0,-1
2026-08-04 14:40:55,0.0,-1
2026-08-04 14:40:55,0.0,-1
2026-08-04 14:40:55,0.0,-1
2026-08-04 14:40:55,0.0,-1
2026-08-04 14:40:55,0.0,-1
2026-08-04 14:40:55,0.0,-1
2026-08-04 14:40:55,0.0,-1
2026-08-04 14:40:55,0.0,-1
2026-08-04 14:40:55,0.0,-1
2026-08-04 14:40:55,0.0,-1
2026-08-04 14:40:55,0.0,-1
2026-08-04 14:40:55,0.0,-1
2026-08-04 14:40:55,0.0,-1
2026-08-04 14:40:55,0.0,-1
2026-08-04 14:40:55,0.0,-1
2026-08-04 14:40:56,0.0,-1
2026-08-04 14:40:56,0.0,-1
2026-08-04 14:40:56,0.0,-1
2026-08-04 14:40:56,0.0,-1
2026-08-04 14:40:56,0.0,-1
2026-08-04 14:40:56,0.0,-1
2026-08-04 14:40:56,0.0,-1
2026-08-04 14:40:56,0.0,-1
2026-08-04 14:40:56,0.0,-1
2026-08-04 14:40:56,0.0,-1
2026-08-04 14:40:56,1.28125,-1
2026-08-04 14:40:56,1.28125,1
2026-08-04 14:40:56,1.21875,1
2026-08-04 14:40:56,1.21875,1
2026-08-04 14:40:56,1.21875,1
2026-08-04 14:40:56,1.21875,1
2026-08-04 14:40:56,0.0,1
2026-08-04 14:40:56,0.0,1
2026-08-04 14:40:56,0.0,1
2026-08-04 14:40:56,0.0,1
2026-08-04 14:40:57,0.0,1
2026-08-04 14:40:57,0.0,1
2026-08-04 14:40:57,0.0,1
2026-08-04 14:40:57,0.0,1
2026-08-04 14:40:57,0.0,1
2026-08-04 14:40:57,0.0,1
2026-08-04 14:40:57,0.0,1
2026-08-04 14:40:57,0.0,1
2026-08-04 14:40:57,0.0,1
2026-08-04 14:40:57,0.0,1
2026-08-04 14:40:57,0.890625,1
2026-08-04 14:40:57,0.890625,1
2026-08-04 14:40:57,0.890625,1
2026-08-04 14:40:57,0.890625,1
2026-08-04 14:40:57,0.890625,1
2026-08-04 14:40:57,0.890625,1
2026-08-04 14:40:57,0.875,1
2026-08-04 14:40:57,0.875,1
2026-08-04 14:40:57,1.265625,1
2026-08-04 14:40:57,1.265625,1
2026-08-04 14:40:58,1.265625,1
2026-08-04 14:40:58,1.265625,1
2026-08-04 14:40:58,1.28125,1
2026-08-04 14:40:58,1.28125,1
2026-08-04 14:40:58,1.453125,1
2026-08-04 14:40:58,1.453125,1
2026-08-04 14:40:58,1.453125,1
2026-08-04 14:40:58,1.453125,1
2026-08-04 14:40:58,1.46875,1
2026-08-04 14:40:58,1.46875,1
2026-08-04 14:40:58,1.46875,1
2026-08-04 14:40:58,1.46875,1
2026-08-04 14:40:58,1.40625,1
2026-08-04 14:40:58,1.40625,1
2026-08-04 14:40:58,1.390625,1
2026-08-04 14:40:58,1.390625,1
2026-08-04 14:40:58,1.375,1
2026-08-04 14:40:58,1.375,1
2026-08-04 14:40:58,1.375,1
2026-08-04 14:40:58,1.375,1
2026-08-04 14:40:59,1.4375,1
2026-08-04 14:40:59,1.4375,1
2026-08-04 14:40:59,1.453125,1
2026-08-04 14:40:59,1.453125,1
2026-08-04 14:40:59,1.46875,1
2026-08-04 14:40:59,1.46875,1
2026-08-04 14:40:59,1.46875,1
2026-08-04 14:40:59,1.46875,1
2026-08-04 14:40:59,1.875,1
2026-08-04 14:40:59,1.875,1
2026-08-04 14:40:59,1.921875,1
2026-08-04 14:40:59,1.921875,1
2026-08-04 14:40:59,1.953125,1
2026-08-04 14:40:59,1.953125,1
2026-08-04 14:40:59,2.453125,1
2026-08-04 14:40:59,2.453125,1
2026-08-04 14:40:59,2.484375,1
2026-08-04 14:40:59,2.484375,1
2026-08-04 14:40:59,2.484375,1
2026-08-04 14:40:59,2.484375,1
2026-08-04 14:41:00,2.5,1
2026-08-04 14:41:00,2.5,1
2026-08-04 14:41:00,3.078125,1
2026-08-04 14:41:00,3.078125,1
2026-08-04 14:41:00,3.15625,1
2026-08-04 14:41:00,3.15625,1
2026-08-04 14:41:00,3.1875,1
2026-08-04 14:41:00,3.1875,1
2026-08-04 14:41:00,3.796875,1
2026-08-04 14:41:00,3.796875,1
2026-08-04 14:41:00,3.890625,1
2026-08-04 14:41:00,3.890625,1
2026-08-04 14:41:00,3.890625,1
2026-08-04 14:41:00,3.890625,1
2026-08-04 14:41:00,3.96875,1
2026-08-04 14:41:00,3.96875,1
2026-08-04 14:41:00,4.453125,1
2026-08-04 14:41:00,4.453125,1
2026-08-04 14:41:00,4.34375,1
2026-08-04 14:41:00,4.34375,1
2026-08-04 14:41:01,4.265625,1
2026-08-04 14:41:01,4.265625,1
2026-08-04 14:41:01,4.484375,1
2026-08-04 14:41:01,4.484375,1
2026-08-04 14:41:01,4.515625,1
2026-08-04 14:41:01,4.515625,1
2026-08-04 14:41:01,4.578125,1
2026-08-04 14:41:01,4.578125,1
2026-08-04 14:41:01,4.65625,1
2026-08-04 14:41:01,4.65625,1
2026-08-04 14:41:01,4.65625,1
2026-08-04 14:41:01,4.65625,1
2026-08-04 14:41:01,4.28125,1
2026-08-04 14:41:01,4.28125,1
2026-08-04 14:41:01,4.25,1
2026-08-04 14:41:01,4.25,1
2026-08-04 14:41:01,4.21875,1
2026-08-04 14:41:01,4.21875,1
2026-08-04 14:41:01,3.5,1
2026-08-04 14:41:01,3.5,1
2026-08-04 14:41:02,3.390625,1
2026-08-04 14:41:02,3.390625,1
2026-08-04 14:41:02,3.359375,1
2026-08-04 14:41:02,3.359375,1
2026-08-04 14:41:02,2.875,1
2026-08-04 14:41:02,2.875,1
2026-08-04 14:41:02,2.875,1
2026-08-04 14:41:02,2.875,1
2026-08-04 14:41:02,2.8125,1
2026-08-04 14:41:02,2.8125,1
2026-08-04 14:41:02,2.78125,1
2026-08-04 14:41:02,2.78125,1
2026-08-04 14:41:02,2.234375,1
2026-08-04 14:41:02,2.234375,1
2026-08-04 14:41:02,2.1875,1
2026-08-04 14:41:02,2.1875,1
2026-08-04 14:41:02,2.15625,1
2026-08-04 14:41:02,2.15625,1
2026-08-04 14:41:02,2.40625,1
2026-08-04 14:41:02,2.40625,1
2026-08-04 14:41:03,2.4375,1
2026-08-04 14:41:03,2.4375,1
2026-08-04 14:41:03,2.453125,1
2026-08-04 14:41:03,2.453125,1
2026-08-04 14:41:03,2.453125,1
2026-08-04 14:41:03,2.453125,1
2026-08-04 14:41:03,2.59375,1
2026-08-04 14:41:03,2.59375,1
2026-08-04 14:41:03,2.546875,1
2026-08-04 14:41:03,2.546875,1
2026-08-04 14:41:03,2.546875,1
2026-08-04 14:41:03,2.546875,1
2026-08-04 14:41:03,2.421875,1
2026-08-04 14:41:03,2.421875,1
2026-08-04 14:41:03,2.453125,1
2026-08-04 14:41:03,2.453125,1
2026-08-04 14:41:03,2.5625,1
2026-08-04 14:41:03,2.5625,1
2026-08-04 14:41:03,2.640625,1
2026-08-04 14:41:03,2.640625,1
2026-08-04 14:41:04,2.4375,1
2026-08-04 14:41:04,2.4375,1
2026-08-04 14:41:04,2.4375,1
2026-08-04 14:41:04,2.4375,1
2026-08-04 14:41:04,2.40625,1
2026-08-04 14:41:04,2.40625,1
2026-08-04 14:41:04,2.40625,1
2026-08-04 14:41:04,2.40625,1
2026-08-04 14:41:04,1.765625,1
2026-08-04 14:41:04,1.765625,1
2026-08-04 14:41:04,1.765625,1
2026-08-04 14:41:04,1.765625,1
2026-08-04 14:41:04,1.78125,1
2026-08-04 14:41:04,1.78125,1
2026-08-04 14:41:04,1.921875,1
2026-08-04 14:41:04,1.921875,1
2026-08-04 14:41:04,1.921875,1
2026-08-04 14:41:04,1.921875,1
2026-08-04 14:41:04,1.890625,1
2026-08-04 14:41:04,1.890625,1
2026-08-04 14:41:05,1.890625,1
2026-08-04 14:41:05,1.890625,1
2026-08-04 14:41:05,1.90625,1
2026-08-04 14:41:05,1.90625,1
2026-08-04 14:41:05,2.0,1
2026-08-04 14:41:05,2.0,1
2026-08-04 14:41:05,2.109375,1
2026-08-04 14:41:05,2.109375,1
2026-08-04 14:41:05,2.09375,1
2026-08-04 14:41:05,2.09375,1
2026-08-04 14:41:05,2.03125,1
2026-08-04 14:41:05,2.03125,1
2026-08-04 14:41:05,1.953125,1
2026-08-04 14:41:05,1.953125,1
2026-08-04 14:41:05,1.953125,1
2026-08-04 14:41:05,1.953125,1
2026-08-04 14:41:05,1.3125,1
2026-08-04 14:41:05,1.3125,1
2026-08-04 14:41:05,1.3125,1
2026-08-04 14:41:05,1.3125,1
2026-08-04 14:41:06,1.3125,1
2026-08-04 14:41:06,1.3125,1
2026-08-04 14:41:06,0.0,1
2026-08-04 14:41:06,0.0,1
2026-08-04 14:41:06,0.0,1
2026-08-04 14:41:06,0.0,1
2026-08-04 14:41:06,0.0,1
2026-08-04 14:41:06,0.0,1
2026-08-04 14:41:06,0.0,1
2026-08-04 14:41:06,0.0,1
2026-08-04 14:41:06,0.0,1
2026-08-04 14:41:06,0.0,0
2026-08-04 14:41:06,0.0,0
2026-08-04 14:41:06,0.0,0
2026-08-04 14:41:06,0.0,0
2026-08-04 14:41:06,0.0,0
2026-08-04 14:41:06,0.0,0
2026-08-04 14:41:06,0.0,-1
2026-08-04 14:41:06,0.0,-1
2026-08-04 14:41:06,0.0,-1
2026-08-04 14:41:07,0.0,-1
2026-08-04 14:41:07,0.0,-1
2026-08-04 14:41:07,0.0,-1
2026-08-04 14:41:07,0.0,-1
2026-08-04 14:41:07,0.0,-1
2026-08-04 14:41:07,0.0,-1
2026-08-04 14:41:07,0.0,-1
2026-08-04 14:41:07,0.0,-1
2026-08-04 14:41:07,0.0,-1
2026-08-04 14:41:07,0.0,-1
2026-08-04 14:41:07,1.609375,-1
2026-08-04 14:41:07,1.609375,-1
2026-08-04 14:41:07,1.484375,-1
2026-08-04 14:41:07,1.484375,-1
2026-08-04 14:41:07,1.484375,-1
2026-08-04 14:41:07,1.484375,-1
2026-08-04 14:41:07,1.421875,-1
2026-08-04 14:41:07,1.421875,-1
2026-08-04 14:41:07,0.9375,-1
2026-08-04 14:41:07,0.9375,-1
2026-08-04 14:41:08,1.015625,-1
2026-08-04 14:41:08,1.015625,-1
2026-08-04 14:41:08,1.015625,-1
2026-08-04 14:41:08,1.015625,-1
2026-08-04 14:41:08,1.40625,-1
2026-08-04 14:41:08,1.40625,-1
2026-08-04 14:41:08,2.90625,-1
2026-08-04 14:41:08,2.90625,-1
2026-08-04 14:41:08,2.8125,-1
2026-08-04 14:41:08,2.8125,-1
2026-08-04 14:41:08,2.75,-1
2026-08-04 14:41:08,2.75,-1
2026-08-04 14:41:08,2.75,-1
2026-08-04 14:41:08,2.75,-1
2026-08-04 14:41:08,0.734375,-1
2026-08-04 14:41:08,0.734375,-1
2026-08-04 14:41:08,0.734375,-1
2026-08-04 14:41:08,0.734375,-1
2026-08-04 14:41:08,0.734375,-1
2026-08-04 14:41:08,0.734375,-1
2026-08-04 14:41:09,0.0,-1
2026-08-04 14:41:09,0.0,-1
2026-08-04 14:41:09,0.0,-1
2026-08-04 14:41:09,0.0,-1
2026-08-04 14:41:09,0.0,-1
2026-08-04 14:41:09,0.0,-1
2026-08-04 14:41:09,0.0,-1
2026-08-04 14:41:09,0.0,-1
2026-08-04 14:41:09,0.0,-1
2026-08-04 14:41:09,0.0,-1
2026-08-04 14:41:09,0.0,-1
2026-08-04 14:41:09,0.0,-1
2026-08-04 14:41:09,0.0,-1
2026-08-04 14:41:09,0.0,-1
2026-08-04 14:41:09,0.984375,-1
2026-08-04 14:41:09,0.984375,-1
2026-08-04 14:41:09,0.984375,-1
2026-08-04 14:41:09,0.984375,-1
2026-08-04 14:41:09,1.0,-1
2026-08-04 14:41:09,1.0,-1
2026-08-04 14:41:10,1.0,-1
2026-08-04 14:41:10,1.0,-1
2026-08-04 14:41:10,1.640625,-1
2026-08-04 14:41:10,1.640625,-1
2026-08-04 14:41:10,1.734375,-1
2026-08-04 14:41:10,1.734375,-1
2026-08-04 14:41:10,1.734375,-1
2026-08-04 14:41:10,1.734375,-1
2026-08-04 14:41:10,2.328125,-1
2026-08-04 14:41:10,2.328125,-1
2026-08-04 14:41:10,2.546875,-1
2026-08-04 14:41:10,2.546875,-1
2026-08-04 14:41:10,2.5625,-1
2026-08-04 14:41:10,2.5625,-1
2026-08-04 14:41:10,2.671875,-1
2026-08-04 14:41:10,2.671875,-1
2026-08-04 14:41:10,3.359375,-1
2026-08-04 14:41:10,3.359375,-1
2026-08-04 14:41:10,3.390625,-1
2026-08-04 14:41:10,3.390625,-1
2026-08-04 14:41:11,3.421875,-1
2026-08-04 14:41:11,3.421875,-1
2026-08-04 14:41:11,3.28125,-1
2026-08-04 14:41:11,3.28125,-1
2026-08-04 14:41:11,3.328125,-1
2026-08-04 14:41:11,3.328125,-1
2026-08-04 14:41:11,3.328125,-1
2026-08-04 14:41:11,3.328125,-1
2026-08-04 14:41:11,3.296875,-1
2026-08-04 14:41:11,3.296875,-1
2026-08-04 14:41:11,2.578125,-1
2026-08-04 14:41:11,2.578125,-1
2026-08-04 14:41:11,2.515625,-1
2026-08-04 14:41:11,2.515625,-1
2026-08-04 14:41:11,2.515625,-1
2026-08-04 14:41:11,2.515625,-1
2026-08-04 14:41:11,2.1875,-1
2026-08-04 14:41:11,2.1875,-1
2026-08-04 14:41:11,2.1875,-1
2026-08-04 14:41:11,2.1875,-1
2026-08-04 14:41:12,2.171875,-1
2026-08-04 14:41:12,2.171875,-1
2026-08-04 14:41:12,2.171875,-1
2026-08-04 14:41:12,2.171875,-1
2026-08-04 14:41:12,2.0,-1
2026-08-04 14:41:12,2.0,-1
2026-08-04 14:41:12,1.953125,-1
2026-08-04 14:41:12,1.953125,-1
2026-08-04 14:41:12,1.953125,-1
2026-08-04 14:41:12,1.953125,-1
2026-08-04 14:41:12,1.96875,-1
2026-08-04 14:41:12,1.96875,-1
2026-08-04 14:41:12,2.046875,-1
2026-08-04 14:41:12,2.046875,-1
2026-08-04 14:41:12,2.0625,-1
2026-08-04 14:41:12,2.0625,-1
2026-08-04 14:41:12,2.1875,-1
2026-08-04 14:41:12,2.1875,-1
2026-08-04 14:41:12,2.609375,-1
2026-08-04 14:41:12,2.609375,-1
2026-08-04 14:41:13,2.640625,-1
2026-08-04 14:41:13,2.640625,-1
2026-08-04 14:41:13,2.640625,-1
2026-08-04 14:41:13,2.640625,-1
2026-08-04 14:41:13,3.0,-1
2026-08-04 14:41:13,3.0,-1
2026-08-04 14:41:13,3.03125,-1
2026-08-04 14:41:13,3.03125,-1
2026-08-04 14:41:13,3.078125,-1
2026-08-04 14:41:13,3.078125,-1
2026-08-04 14:41:13,3.15625,-1
2026-08-04 14:41:13,3.15625,-1
2026-08-04 14:41:13,2.8125,-1
2026-08-04 14:41:13,2.8125,-1
2026-08-04 14:41:13,2.8125,-1
2026-08-04 14:41:13,2.8125,-1
2026-08-04 14:41:13,2.28125,-1
2026-08-04 14:41:13,2.28125,-1
2026-08-04 14:41:13,2.1875,-1
2026-08-04 14:41:13,2.1875,-1
2026-08-04 14:41:14,0.484375,-1
2026-08-04 14:41:14,0.484375,-1
2026-08-04 14:41:14,0.0,-1
2026-08-04 14:41:14,0.0,-1
2026-08-04 14:41:14,0.0,-1
2026-08-04 14:41:14,0.0,-1
2026-08-04 14:41:14,0.0,-1
2026-08-04 14:41:14,0.0,-1
2026-08-04 14:41:14,0.0,-1
2026-08-04 14:41:14,0.0,-1
2026-08-04 14:41:14,0.0,-1
2026-08-04 14:41:14,0.0,-1
2026-08-04 14:41:14,0.0,-1
2026-08-04 14:41:14,0.0,-1
2026-08-04 14:41:14,0.0,-1
2026-08-04 14:41:14,0.0,-1
2026-08-04 14:41:14,0.0,-1
2026-08-04 14:41:14,0.0,-1
2026-08-04 14:41:14,0.0,-1
2026-08-04 14:41:14,0.0,-1
2026-08-04 14:41:15,0.0,-1
2026-08-04 14:41:15,0.0,-1
2026-08-04 14:41:15,0.0,-1
2026-08-04 14:41:15,0.0,-1
2026-08-04 14:41:15,0.0,-1
2026-08-04 14:41:15,0.0,-1
2026-08-04 14:41:15,0.0,-1
2026-08-04 14:41:15,0.0,-1
2026-08-04 14:41:15,0.0,-1
2026-08-04 14:41:15,0.0,-1
2026-08-04 14:41:15,0.0,-1
2026-08-04 14:41:15,0.0,-1
2026-08-04 14:41:15,0.0,-1
2026-08-04 14:41:15,0.0,-1
2026-08-04 14:41:15,0.0,-1
2026-08-04 14:41:15,0.0,0
2026-08-04 14:41:15,0.0,0
2026-08-04 14:41:15,0.0,0
2026-08-04 14:41:15,0.0,0
2026-08-04 14:41:15,0.0,0
2026-08-04 14:41:16,0.0,0
2026-08-04 14:41:16,0.0,0
2026-08-04 14:41:16,0.0,0
2026-08-04 14:41:16,0.0,1
2026-08-04 14:41:16,0.0,1
2026-08-04 14:41:16,0.0,1
2026-08-04 14:41:16,0.0,1
2026-08-04 14:41:16,0.0,1
2026-08-04 14:41:16,0.0,1
2026-08-04 14:41:16,0.0,1
2026-08-04 14:41:16,0.0,1
2026-08-04 14:41:16,0.0,1
2026-08-04 14:41:16,0.0,1
2026-08-04 14:41:16,0.0,1
2026-08-04 14:41:16,0.0,1
2026-08-04 14:41:16,0.0,1
2026-08-04 14:41:16,0.0,1
2026-08-04 14:41:16,0.0,1
2026-08-04 14:41:16,0.0,1
2026-08-04 14:41:16,0.0,1
2026-08-04 14:41:17,0.0,1
2026-08-04 14:41:17,0.0,1
2026-08-04 14:41:17,0.703125,1
2026-08-04 14:41:17,0.703125,1
2026-08-04 14:41:17,0.703125,1
2026-08-04 14:41:17,0.703125,1
2026-08-04 14:41:17,0.703125,1
2026-08-04 14:41:17,0.703125,1
2026-08-04 14:41:17,0.796875,1
2026-08-04 14:41:17,0.796875,1
2026-08-04 14:41:17,1.40625,1
2026-08-04 14:41:17,1.40625,1
2026-08-04 14:41:17,1.375,1
2026-08-04 14:41:17,1.375,1
2026-08-04 14:41:17,1.421875,1
2026-08-04 14:41:17,1.421875,1
2026-08-04 14:41:17,1.5,1
2026-08-04 14:41:17,1.5,1
2026-08-04 14:41:17,1.921875,1
2026-08-04 14:41:17,1.921875,1
2026-08-04 14:41:18,1.984375,1
2026-08-04 14:41:18,1.984375,1
2026-08-04 14:41:18,1.984375,1
2026-08-04 14:41:18,1.984375,1
2026-08-04 14:41:18,2.4375,1
2026-08-04 14:41:18,2.4375,1
2026-08-04 14:41:18,2.5,1
2026-08-04 14:41:18,2.5,1
2026-08-04 14:41:18,2.515625,1
2026-08-04 14:41:18,2.515625,1
2026-08-04 14:41:18,2.59375,1
2026-08-04 14:41:18,2.59375,1
2026-08-04 14:41:18,3.15625,1
2026-08-04 14:41:18,3.15625,1
2026-08-04 14:41:18,3.15625,1
2026-08-04 14:41:18,3.15625,1
2026-08-04 14:41:18,3.1875,1
2026-08-04 14:41:18,3.1875,1
2026-08-04 14:41:18,3.8125,1
2026-08-04 14:41:18,3.8125,1
2026-08-04 14:41:19,3.8125,1
2026-08-04 14:41:19,3.8125,1
2026-08-04 14:41:19,3.859375,1
2026-08-04 14:41:19,3.859375,1
2026-08-04 14:41:19,3.90625,1
2026-08-04 14:41:19,3.90625,1
2026-08-04 14:41:19,4.078125,1
2026-08-04 14:41:19,4.078125,1
2026-08-04 14:41:19,3.96875,1
2026-08-04 14:41:19,3.96875,1
2026-08-04 14:41:19,3.84375,1
2026-08-04 14:41:19,3.84375,1
2026-08-04 14:41:19,2.9375,1
2026-08-04 14:41:19,2.9375,1
2026-08-04 14:41:19,2.9375,1
2026-08-04 14:41:19,2.9375,1
2026-08-04 14:41:19,2.84375,1
2026-08-04 14:41:19,2.84375,1
2026-08-04 14:41:19,2.75,1
2026-08-04 14:41:19,2.75,1
2026-08-04 14:41:20,1.375,1
2026-08-04 14:41:20,1.375,1
2026-08-04 14:41:20,1.34375,1
2026-08-04 14:41:20,1.34375,1
2026-08-04 14:41:20,1.25,1
2026-08-04 14:41:20,1.25,1
2026-08-04 14:41:20,1.203125,1
2026-08-04 14:41:20,1.203125,1
2026-08-04 14:41:20,0.0,1
2026-08-04 14:41:20,0.0,1
2026-08-04 14:41:20,0.0,1
2026-08-04 14:41:20,0.0,1
2026-08-04 14:41:20,0.0,1
2026-08-04 14:41:20,0.0,1
2026-08-04 14:41:20,0.0,1
2026-08-04 14:41:20,0.0,1
2026-08-04 14:41:20,0.0,1
2026-08-04 14:41:20,0.0,1
2026-08-04 14:41:20,0.0,1
2026-08-04 14:41:20,0.0,1
2026-08-04 14:41:21,0.0,1
2026-08-04 14:41:21,0.0,1
2026-08-04 14:41:21,0.0,1
2026-08-04 14:41:21,0.0,1
2026-08-04 14:41:21,0.0,1
2026-08-04 14:41:21,0.0,1
2026-08-04 14:41:21,0.0,1
2026-08-04 14:41:21,0.0,1
2026-08-04 14:41:21,0.0,1
2026-08-04 14:41:21,0.0,1
2026-08-04 14:41:21,0.0,1
2026-08-04 14:41:21,0.0,1
2026-08-04 14:41:21,0.0,1
2026-08-04 14:41:21,0.0,1
2026-08-04 14:41:21,0.0,1
2026-08-04 14:41:21,0.0,1
2026-08-04 14:41:21,0.0,1
2026-08-04 14:41:21,0.0,1
2026-08-04 14:41:21,0.0,1
2026-08-04 14:41:21,0.0,1
2026-08-04 14:41:22,0.0,1
2026-08-04 14:41:22,0.0,1
2026-08-04 14:41:22,0.0,1
2026-08-04 14:41:22,0.0,1
2026-08-04 14:41:22,0.0,1
2026-08-04 14:41:22,0.0,1
2026-08-04 14:41:22,0.0,1
2026-08-04 14:41:22,0.0,1
2026-08-04 14:41:22,0.0,1
2026-08-04 14:41:22,0.0,1
2026-08-04 14:41:22,0.0,1
2026-08-04 14:41:22,0.0,1
2026-08-04 14:41:22,0.4375,1
2026-08-04 14:41:22,0.4375,1
2026-08-04 14:41:22,0.4375,1
2026-08-04 14:41:22,0.4375,-1
2026-08-04 14:41:22,0.0,-1
2026-08-04 14:41:22,0.0,-1
2026-08-04 14:41:22,0.0,-1
2026-08-04 14:41:22,0.0,-1
2026-08-04 14:41:23,0.0,-1
2026-08-04 14:41:23,0.0,-1
2026-08-04 14:41:23,0.0,-1
2026-08-04 14:41:23,0.0,-1
2026-08-04 14:41:23,0.0,-1
2026-08-04 14:41:23,0.0,-1
2026-08-04 14:41:23,0.0,-1
2026-08-04 14:41:23,0.0,-1
2026-08-04 14:41:23,0.0,-1
2026-08-04 14:41:23,0.0,-1
2026-08-04 14:41:23,0.0,-1
2026-08-04 14:41:23,0.0,-1
2026-08-04 14:41:23,0.0,-1
2026-08-04 14:41:23,0.0,-1
2026-08-04 14:41:23,0.0,-1
2026-08-04 14:41:23,0.0,-1
2026-08-04 14:41:23,0.0,-1
2026-08-04 14:41:23,0.0,-1
2026-08-04 14:41:23,1.6875,-1
2026-08-04 14:41:23,1.6875,-1
2026-08-04 14:41:24,1.71875,-1
2026-08-04 14:41:24,1.71875,-1
2026-08-04 14:41:24,1.703125,-1
2026-08-04 14:41:24,1.703125,-1
2026-08-04 14:41:24,1.59375,-1
2026-08-04 14:41:24,1.59375,-1
2026-08-04 14:41:24,2.390625,-1
2026-08-04 14:41:24,2.390625,-1
2026-08-04 14:41:24,2.421875,-1
2026-08-04 14:41:24,2.421875,-1
2026-08-04 14:41:24,2.59375,-1
2026-08-04 14:41:24,2.59375,-1
2026-08-04 14:41:24,2.953125,-1
2026-08-04 14:41:24,2.953125,-1
2026-08-04 14:41:24,2.953125,-1
2026-08-04 14:41:24,2.953125,-1
2026-08-04 14:41:24,2.890625,-1
2026-08-04 14:41:24,2.890625,-1
2026-08-04 14:41:24,2.84375,-1
2026-08-04 14:41:24,2.84375,-1
2026-08-04 14:41:25,2.25,-1
2026-08-04 14:41:25,2.25,-1
2026-08-04 14:41:25,2.0625,-1
2026-08-04 14:41:25,2.0625,-1
2026-08-04 14:41:25,1.953125,-1
2026-08-04 14:41:25,1.953125,-1
2026-08-04 14:41:25,1.953125,-1
2026-08-04 14:41:25,1.953125,-1
2026-08-04 14:41:25,2.171875,-1
2026-08-04 14:41:25,2.171875,-1
2026-08-04 14:41:25,2.296875,-1
2026-08-04 14:41:25,2.296875,-1
2026-08-04 14:41:25,2.328125,-1
2026-08-04 14:41:25,2.328125,-1
2026-08-04 14:41:25,2.5,-1
2026-08-04 14:41:25,2.5,-1
2026-08-04 14:41:25,2.484375,-1
2026-08-04 14:41:25,2.484375,-1
2026-08-04 14:41:25,2.484375,-1
2026-08-04 14:41:25,2.484375,-1
2026-08-04 14:41:26,2.484375,-1
2026-08-04 14:41:26,2.484375,-1
2026-08-04 14:41:26,2.34375,-1
2026-08-04 14:41:26,2.34375,-1
2026-08-04 14:41:26,2.359375,-1
2026-08-04 14:41:26,2.359375,-1
2026-08-04 14:41:26,2.40625,-1
2026-08-04 14:41:26,2.40625,-1
2026-08-04 14:41:26,2.5625,-1
2026-08-04 14:41:26,2.5625,-1
2026-08-04 14:41:26,2.5625,-1
2026-08-04 14:41:26,2.5625,-1
2026-08-04 14:41:26,2.546875,-1
2026-08-04 14:41:26,2.546875,-1
2026-08-04 14:41:26,2.4375,-1
2026-08-04 14:41:26,2.4375,-1
2026-08-04 14:41:26,2.03125,-1
2026-08-04 14:41:26,2.03125,-1
2026-08-04 14:41:26,2.015625,-1
2026-08-04 14:41:26,2.015625,-1
2026-08-04 14:41:27,1.96875,-1
2026-08-04 14:41:27,1.96875,-1
2026-08-04 14:41:27,2.203125,-1
2026-08-04 14:41:27,2.203125,-1
2026-08-04 14:41:27,2.234375,-1
2026-08-04 14:41:27,2.234375,-1
2026-08-04 14:41:27,2.25,-1
2026-08-04 14:41:27,2.25,-1
2026-08-04 14:41:27,2.265625,-1
2026-08-04 14:41:27,2.265625,-1
2026-08-04 14:41:27,2.625,-1
2026-08-04 14:41:27,2.625,-1
2026-08-04 14:41:27,2.65625,-1
2026-08-04 14:41:27,2.65625,-1
2026-08-04 14:41:27,2.6875,-1
2026-08-04 14:41:27,2.6875,-1
2026-08-04 14:41:27,2.71875,-1
2026-08-04 14:41:27,2.71875,-1
2026-08-04 14:41:27,3.015625,-1
2026-08-04 14:41:27,3.015625,-1
2026-08-04 14:41:28,3.015625,-1
2026-08-04 14:41:28,3.015625,-1
2026-08-04 14:41:28,3.046875,-1
2026-08-04 14:41:28,3.046875,-1
2026-08-04 14:41:28,3.0625,-1
2026-08-04 14:41:28,3.0625,-1
2026-08-04 14:41:28,3.125,-1
2026-08-04 14:41:28,3.125,-1
2026-08-04 14:41:28,3.109375,-1
2026-08-04 14:41:28,3.109375,-1
2026-08-04 14:41:28,3.109375,-1
2026-08-04 14:41:28,3.109375,-1
2026-08-04 14:41:28,3.1875,-1
2026-08-04 14:41:28,3.1875,-1
2026-08-04 14:41:28,3.171875,-1
2026-08-04 14:41:28,3.171875,-1
2026-08-04 14:41:28,3.15625,-1
2026-08-04 14:41:28,3.15625,-1
2026-08-04 14:41:28,3.296875,-1
2026-08-04 14:41:28,3.296875,-1
2026-08-04 14:41:29,3.296875,-1
2026-08-04 14:41:29,3.296875,-1
2026-08-04 14:41:29,3.328125,-1
2026-08-04 14:41:29,3.328125,-1
2026-08-04 14:41:29,3.375,-1
2026-08-04 14:41:29,3.375,-1
2026-08-04 14:41:29,3.671875,-1
2026-08-04 14:41:29,3.671875,-1
2026-08-04 14:41:29,3.671875,-1
2026-08-04 14:41:29,3.671875,-1
2026-08-04 14:41:29,3.71875,-1
2026-08-04 14:41:29,3.71875,-1
2026-08-04 14:41:29,3.859375,-1
2026-08-04 14:41:29,3.859375,-1
2026-08-04 14:41:29,3.84375,-1
2026-08-04 14:41:29,3.84375,-1
2026-08-04 14:41:29,3.859375,-1
2026-08-04 14:41:29,3.859375,-1
2026-08-04 14:41:29,3.859375,-1
2026-08-04 14:41:29,3.859375,-1
2026-08-04 14:41:30,3.984375,-1
2026-08-04 14:41:30,3.984375,-1
2026-08-04 14:41:30,3.953125,-1
2026-08-04 14:41:30,3.953125,-1
2026-08-04 14:41:30,4.0,-1
2026-08-04 14:41:30,4.0,-1
2026-08-04 14:41:30,4.015625,-1
2026-08-04 14:41:30,4.015625,-1
2026-08-04 14:41:30,4.015625,-1
2026-08-04 14:41:30,4.015625,-1
2026-08-04 14:41:30,4.0,-1
2026-08-04 14:41:30,4.0,-1
2026-08-04 14:41:30,4.015625,-1
2026-08-04 14:41:30,4.015625,-1
2026-08-04 14:41:30,3.890625,-1
2026-08-04 14:41:30,3.890625,-1
2026-08-04 14:41:30,3.90625,-1
2026-08-04 14:41:30,3.90625,-1
2026-08-04 14:41:30,3.875,-1
2026-08-04 14:41:30,3.875,-1
2026-08-04 14:41:31,3.859375,-1
2026-08-04 14:41:31,3.859375,-1
2026-08-04 14:41:31,3.5625,-1
2026-08-04 14:41:31,3.5625,-1
2026-08-04 14:41:31,3.5625,-1
2026-08-04 14:41:31,3.5625,-1
2026-08-04 14:41:31,3.515625,-1
2026-08-04 14:41:31,3.515625,-1
2026-08-04 14:41:31,3.515625,-1
2026-08-04 14:41:31,3.515625,-1
2026-08-04 14:41:31,2.890625,-1
2026-08-04 14:41:31,2.890625,-1
2026-08-04 14:41:31,2.84375,-1
2026-08-04 14:41:31,2.84375,-1
2026-08-04 14:41:31,2.71875,-1
2026-08-04 14:41:31,2.71875,-1
2026-08-04 14:41:31,2.171875,-1
2026-08-04 14:41:31,2.171875,-1
2026-08-04 14:41:31,2.203125,-1
2026-08-04 14:41:31,2.203125,-1
2026-08-04 14:41:32,2.265625,-1
2026-08-04 14:41:32,2.265625,-1
2026-08-04 14:41:32,2.296875,-1
2026-08-04 14:41:32,2.296875,-1
2026-08-04 14:41:32,2.734375,-1
2026-08-04 14:41:32,2.734375,-1
2026-08-04 14:41:32,2.78125,-1
2026-08-04 14:41:32,2.78125,-1
2026-08-04 14:41:32,2.78125,-1
2026-08-04 14:41:32,2.78125,-1
2026-08-04 14:41:32,2.78125,-1
2026-08-04 14:41:32,2.78125,-1
2026-08-04 14:41:32,3.578125,-1
2026-08-04 14:41:32,3.578125,-1
2026-08-04 14:41:32,3.59375,-1
2026-08-04 14:41:32,3.59375,-1
2026-08-04 14:41:32,3.59375,-1
2026-08-04 14:41:32,3.59375,-1
2026-08-04 14:41:32,3.6875,-1
2026-08-04 14:41:32,3.6875,-1
2026-08-04 14:41:33,3.671875,-1
2026-08-04 14:41:33,3.671875,-1
2026-08-04 14:41:33,3.703125,-1
2026-08-04 14:41:33,3.703125,-1
2026-08-04 14:41:33,3.9375,-1
2026-08-04 14:41:33,3.9375,-1
2026-08-04 14:41:33,3.9375,-1
2026-08-04 14:41:33,3.9375,-1
2026-08-04 14:41:33,3.953125,-1
2026-08-04 14:41:33,3.953125,-1
2026-08-04 14:41:33,3.96875,-1
2026-08-04 14:41:33,3.96875,-1
2026-08-04 14:41:33,4.0625,-1
2026-08-04 14:41:33,4.0625,-1
2026-08-04 14:41:33,4.03125,-1
2026-08-04 14:41:33,4.03125,-1
2026-08-04 14:41:33,3.984375,-1
2026-08-04 14:41:33,3.984375,-1
2026-08-04 14:41:33,4.0,-1
2026-08-04 14:41:33,4.0,-1
2026-08-04 14:41:34,4.03125,-1
2026-08-04 14:41:34,4.03125,-1
2026-08-04 14:41:34,3.96875,-1
2026-08-04 14:41:34,3.96875,-1
2026-08-04 14:41:34,3.84375,-1
2026-08-04 14:41:34,3.84375,-1
2026-08-04 14:41:34,3.640625,-1
2026-08-04 14:41:34,3.640625,-1
2026-08-04 14:41:34,3.625,-1
2026-08-04 14:41:34,3.625,-1
2026-08-04 14:41:34,3.625,-1
2026-08-04 14:41:34,3.625,-1
2026-08-04 14:41:34,3.671875,-1
2026-08-04 14:41:34,3.671875,-1
2026-08-04 14:41:34,3.796875,-1
2026-08-04 14:41:34,3.796875,-1
2026-08-04 14:41:34,3.859375,-1
2026-08-04 14:41:34,3.859375,-1
2026-08-04 14:41:34,3.90625,-1
2026-08-04 14:41:34,3.90625,-1
2026-08-04 14:41:35,3.953125,-1
2026-08-04 14:41:35,3.953125,-1
2026-08-04 14:41:35,3.9375,-1
2026-08-04 14:41:35,3.9375,-1
2026-08-04 14:41:35,3.921875,-1
2026-08-04 14:41:35,3.921875,-1
2026-08-04 14:41:35,3.984375,-1
2026-08-04 14:41:35,3.984375,-1
2026-08-04 14:41:35,4.625,-1
2026-08-04 14:41:35,4.625,-1
2026-08-04 14:41:35,4.65625,-1
2026-08-04 14:41:35,4.65625,-1
2026-08-04 14:41:35,4.65625,-1
2026-08-04 14:41:35,4.65625,-1
2026-08-04 14:41:35,5.375,-1
2026-08-04 14:41:35,5.375,-1
2026-08-04 14:41:35,5.375,-1
2026-08-04 14:41:35,5.375,-1
2026-08-04 14:41:35,5.546875,-1
2026-08-04 14:41:35,5.546875,-1
2026-08-04 14:41:36,5.65625,-1
2026-08-04 14:41:36,5.65625,-1
2026-08-04 14:41:36,6.34375,-1
2026-08-04 14:41:36,6.34375,-1
2026-08-04 14:41:36,6.34375,-1
2026-08-04 14:41:36,6.34375,-1
2026-08-04 14:41:36,6.328125,-1
2026-08-04 14:41:36,6.328125,-1
2026-08-04 14:41:36,6.3125,-1
2026-08-04 14:41:36,6.3125,-1
2026-08-04 14:41:36,6.078125,-1
2026-08-04 14:41:36,6.078125,-1
2026-08-04 14:41:36,6.0625,-1
2026-08-04 14:41:36,6.0625,-1
2026-08-04 14:41:36,6.03125,-1
2026-08-04 14:41:36,6.03125,-1
2026-08-04 14:41:36,6.0,-1
2026-08-04 14:41:36,6.0,-1
2026-08-04 14:41:36,5.953125,-1
2026-08-04 14:41:36,5.953125,-1
2026-08-04 14:41:37,5.953125,-1
2026-08-04 14:41:37,5.953125,-1
2026-08-04 14:41:37,5.90625,-1
2026-08-04 14:41:37,5.90625,-1
2026-08-04 14:41:37,6.359375,-1
2026-08-04 14:41:37,6.359375,-1
2026-08-04 14:41:37,6.5,-1
2026-08-04 14:41:37,6.5,-1
2026-08-04 14:41:37,6.59375,-1
2026-08-04 14:41:37,6.59375,-1
2026-08-04 14:41:37,7.234375,-1
2026-08-04 14:41:37,7.234375,-1
2026-08-04 14:41:37,7.25,-1
2026-08-04 14:41:37,7.25,-1
2026-08-04 14:41:37,7.265625,-1
2026-08-04 14:41:37,7.265625,-1
2026-08-04 14:41:37,7.265625,-1
2026-08-04 14:41:37,7.265625,-1
2026-08-04 14:41:37,8.171875,-1
2026-08-04 14:41:37,8.171875,-1
2026-08-04 14:41:38,8.25,-1
2026-08-04 14:41:38,8.25,-1
2026-08-04 14:41:38,8.359375,-1
2026-08-04 14:41:38,8.359375,-1
2026-08-04 14:41:38,9.21875,-1
2026-08-04 14:41:38,9.21875,-1
2026-08-04 14:41:38,9.25,-1
2026-08-04 14:41:38,9.25,-1
2026-08-04 14:41:38,9.296875,-1
2026-08-04 14:41:38,9.296875,-1
2026-08-04 14:41:38,9.375,-1
2026-08-04 14:41:38,9.375,-1
2026-08-04 14:41:38,10.15625,-1
2026-08-04 14:41:38,10.15625,-1
2026-08-04 14:41:38,10.15625,-1
2026-08-04 14:41:38,10.15625,-1
2026-08-04 14:41:38,10.25,-1
2026-08-04 14:41:38,10.25,-1
2026-08-04 14:41:38,11.21875,-1
2026-08-04 14:41:38,11.21875,-1
2026-08-04 14:41:39,11.296875,-1
2026-08-04 14:41:39,11.296875,-1
2026-08-04 14:41:39,11.34375,-1
2026-08-04 14:41:39,11.34375,-1
2026-08-04 14:41:39,11.4375,-1
2026-08-04 14:41:39,11.4375,-1
2026-08-04 14:41:39,12.09375,-1
2026-08-04 14:41:39,12.09375,-1
2026-08-04 14:41:39,12.09375,-1
2026-08-04 14:41:39,12.09375,-1
2026-08-04 14:41:39,12.109375,-1
2026-08-04 14:41:39,12.109375,-1
2026-08-04 14:41:39,12.109375,-1
2026-08-04 14:41:39,12.109375,-1
2026-08-04 14:41:39,12.703125,-1
2026-08-04 14:41:39,12.703125,-1
2026-08-04 14:41:39,12.890625,-1
2026-08-04 14:41:39,12.890625,-1
2026-08-04 14:41:39,12.796875,-1
2026-08-04 14:41:39,12.796875,-1
2026-08-04 14:41:40,13.15625,-1
2026-08-04 14:41:40,13.15625,-1
2026-08-04 14:41:40,12.921875,-1
2026-08-04 14:41:40,12.921875,-1
2026-08-04 14:41:40,13.03125,-1
2026-08-04 14:41:40,13.03125,-1
2026-08-04 14:41:40,13.390625,-1
2026-08-04 14:41:40,13.390625,-1
2026-08-04 14:41:40,13.359375,-1
2026-08-04 14:41:40,13.359375,-1
2026-08-04 14:41:40,13.4375,-1
2026-08-04 14:41:40,13.4375,-1
2026-08-04 14:41:40,13.28125,-1
2026-08-04 14:41:40,13.28125,-1
2026-08-04 14:41:40,13.46875,-1
2026-08-04 14:41:40,13.46875,-1
2026-08-04 14:41:40,13.328125,-1
2026-08-04 14:41:40,13.328125,-1
2026-08-04 14:41:40,13.1875,-1
2026-08-04 14:41:40,13.1875,-1
2026-08-04 14:41:41,13.484375,-1
2026-08-04 14:41:41,13.484375,-1
2026-08-04 14:41:41,13.109375,-1
2026-08-04 14:41:41,13.109375,-1
2026-08-04 14:41:41,13.21875,-1
2026-08-04 14:41:41,13.21875,-1
2026-08-04 14:41:41,13.015625,-1
2026-08-04 14:41:41,13.015625,-1
2026-08-04 14:41:41,13.28125,-1
2026-08-04 14:41:41,13.28125,-1
2026-08-04 14:41:41,13.34375,-1
2026-08-04 14:41:41,13.34375,-1
2026-08-04 14:41:41,13.109375,-1
2026-08-04 14:41:41,13.109375,-1
2026-08-04 14:41:41,13.34375,-1
2026-08-04 14:41:41,13.34375,-1
2026-08-04 14:41:41,13.578125,-1
2026-08-04 14:41:41,13.578125,-1
2026-08-04 14:41:41,13.296875,-1
2026-08-04 14:41:41,13.296875,-1
2026-08-04 14:41:42,13.34375,-1
2026-08-04 14:41:42,13.34375,-1
2026-08-04 14:41:42,13.109375,-1
2026-08-04 14:41:42,13.109375,-1
2026-08-04 14:41:42,13.0625,-1
2026-08-04 14:41:42,13.0625,-1
2026-08-04 14:41:42,13.140625,-1
2026-08-04 14:41:42,13.140625,-1
2026-08-04 14:41:42,13.09375,-1
2026-08-04 14:41:42,13.09375,-1
2026-08-04 14:41:42,13.140625,-1
2026-08-04 14:41:42,13.140625,-1
2026-08-04 14:41:42,13.078125,-1
2026-08-04 14:41:42,13.078125,-1
2026-08-04 14:41:42,13.0,-1
2026-08-04 14:41:42,13.0,-1
2026-08-04 14:41:42,12.859375,-1
2026-08-04 14:41:42,12.859375,-1
2026-08-04 14:41:42,12.84375,-1
2026-08-04 14:41:42,12.84375,-1
2026-08-04 14:41:43,12.9375,-1
2026-08-04 14:41:43,12.9375,-1
2026-08-04 14:41:43,12.78125,-1
2026-08-04 14:41:43,12.78125,-1
2026-08-04 14:41:43,11.3125,-1
2026-08-04 14:41:43,11.3125,-1
2026-08-04 14:41:43,11.328125,-1
2026-08-04 14:41:43,11.328125,-1
2026-08-04 14:41:43,11.3125,-1
2026-08-04 14:41:43,11.3125,-1
2026-08-04 14:41:43,11.140625,-1
2026-08-04 14:41:43,11.140625,-1
2026-08-04 14:41:43,11.140625,-1
2026-08-04 14:41:43,11.140625,-1
2026-08-04 14:41:43,11.140625,-1
2026-08-04 14:41:43,11.140625,-1
2026-08-04 14:41:43,11.140625,-1
2026-08-04 14:41:43,11.140625,-1
2026-08-04 14:41:43,11.140625,-1
2026-08-04 14:41:43,11.140625,-1
2026-08-04 14:41:44,11.03125,-1
2026-08-04 14:41:44,11.03125,-1
2026-08-04 14:41:44,10.953125,-1
2026-08-04 14:41:44,10.953125,-1
2026-08-04 14:41:44,10.984375,-1
2026-08-04 14:41:44,10.984375,-1
2026-08-04 14:41:44,10.9375,-1
2026-08-04 14:41:44,10.9375,-1
2026-08-04 14:41:44,10.984375,-1
2026-08-04 14:41:44,10.984375,-1
2026-08-04 14:41:44,10.890625,-1
2026-08-04 14:41:44,10.890625,-1
2026-08-04 14:41:44,10.078125,-1
2026-08-04 14:41:44,10.078125,-1
2026-08-04 14:41:44,9.984375,-1
2026-08-04 14:41:44,9.984375,-1
2026-08-04 14:41:44,10.03125,-1
2026-08-04 14:41:44,10.03125,-1
2026-08-04 14:41:44,10.0625,-1
2026-08-04 14:41:44,10.0625,-1
2026-08-04 14:41:45,9.765625,-1
2026-08-04 14:41:45,9.765625,-1
2026-08-04 14:41:45,9.796875,-1
2026-08-04 14:41:45,9.796875,-1
2026-08-04 14:41:45,9.78125,-1
2026-08-04 14:41:45,9.78125,-1
2026-08-04 14:41:45,9.390625,-1
2026-08-04 14:41:45,9.390625,-1
2026-08-04 14:41:45,9.46875,-1
2026-08-04 14:41:45,9.46875,-1
2026-08-04 14:41:45,9.578125,-1
2026-08-04 14:41:45,9.578125,-1
2026-08-04 14:41:45,9.59375,-1
2026-08-04 14:41:45,9.59375,-1
2026-08-04 14:41:45,9.453125,-1
2026-08-04 14:41:45,9.453125,-1
2026-08-04 14:41:45,9.359375,-1
2026-08-04 14:41:45,9.359375,-1
2026-08-04 14:41:45,9.234375,-1
2026-08-04 14:41:45,9.234375,-1
2026-08-04 14:41:46,9.15625,-1
2026-08-04 14:41:46,9.15625,-1
2026-08-04 14:41:46,9.375,-1
2026-08-04 14:41:46,9.375,-1
2026-08-04 14:41:46,9.453125,-1
2026-08-04 14:41:46,9.453125,-1
2026-08-04 14:41:46,9.5,-1
2026-08-04 14:41:46,9.5,-1
2026-08-04 14:41:46,8.9375,-1
2026-08-04 14:41:46,8.9375,-1
2026-08-04 14:41:46,8.828125,-1
2026-08-04 14:41:46,8.828125,-1
2026-08-04 14:41:46,8.71875,-1
2026-08-04 14:41:46,8.71875,-1
2026-08-04 14:41:46,8.65625,-1
2026-08-04 14:41:46,8.65625,-1
2026-08-04 14:41:46,8.34375,-1
2026-08-04 14:41:46,8.34375,-1
2026-08-04 14:41:46,8.296875,-1
2026-08-04 14:41:46,8.296875,-1
2026-08-04 14:41:47,8.0625,-1
2026-08-04 14:41:47,8.0625,-1
2026-08-04 14:41:47,5.6875,-1
2026-08-04 14:41:47,5.6875,-1
2026-08-04 14:41:47,5.5625,-1
2026-08-04 14:41:47,5.5625,-1
2026-08-04 14:41:47,5.40625,-1
2026-08-04 14:41:47,5.40625,-1
2026-08-04 14:41:47,5.40625,-1
2026-08-04 14:41:47,5.40625,-1
2026-08-04 14:41:47,5.34375,-1
2026-08-04 14:41:47,5.34375,-1
2026-08-04 14:41:47,5.53125,-1
2026-08-04 14:41:47,5.53125,-1
2026-08-04 14:41:47,5.578125,-1
2026-08-04 14:41:47,5.578125,-1
2026-08-04 14:41:47,5.609375,-1
2026-08-04 14:41:47,5.609375,-1
2026-08-04 14:41:47,6.203125,-1
2026-08-04 14:41:47,6.203125,-1
2026-08-04 14:41:48,6.171875,-1
2026-08-04 14:41:48,6.171875,-1
2026-08-04 14:41:48,6.171875,-1
2026-08-04 14:41:48,6.171875,-1
2026-08-04 14:41:48,6.171875,-1
2026-08-04 14:41:48,6.171875,-1
2026-08-04 14:41:48,5.609375,-1
2026-08-04 14:41:48,5.609375,-1
2026-08-04 14:41:48,5.296875,-1
2026-08-04 14:41:48,5.296875,-1
2026-08-04 14:41:48,5.234375,-1
2026-08-04 14:41:48,5.234375,-1
2026-08-04 14:41:48,3.703125,-1
2026-08-04 14:41:48,3.703125,-1
2026-08-04 14:41:48,3.703125,-1
2026-08-04 14:41:48,3.703125,-1
2026-08-04 14:41:48,3.578125,-1
2026-08-04 14:41:48,3.578125,-1
2026-08-04 14:41:48,3.5,-1
2026-08-04 14:41:48,3.5,-1
2026-08-04 14:41:49,0.890625,-1
2026-08-04 14:41:49,0.890625,-1
2026-08-04 14:41:49,0.890625,-1
2026-08-04 14:41:49,0.890625,-1
2026-08-04 14:41:49,0.890625,-1
2026-08-04 14:41:49,0.890625,-1
2026-08-04 14:41:49,0.0,-1
2026-08-04 14:41:49,0.0,-1
2026-08-04 14:41:49,0.0,-1
2026-08-04 14:41:49,0.0,-1
2026-08-04 14:41:49,0.0,-1
2026-08-04 14:41:49,0.0,-1
2026-08-04 14:41:49,0.0,-1
2026-08-04 14:41:49,0.0,-1
2026-08-04 14:41:49,0.0,-1
2026-08-04 14:41:49,0.0,-1
2026-08-04 14:41:49,0.0,-1
2026-08-04 14:41:49,0.0,-1
2026-08-04 14:41:49,0.0,-1
2026-08-04 14:41:49,0.0,-1
2026-08-04 14:41:50,0.0,-1
2026-08-04 14:41:50,0.0,-1
2026-08-04 14:41:50,0.0,-1
2026-08-04 14:41:50,0.0,-1
2026-08-04 14:41:50,0.0,-1
2026-08-04 14:41:50,0.0,-1
2026-08-04 14:41:50,0.0,-1
2026-08-04 14:41:50,0.0,-1
2026-08-04 14:41:50,0.0,-1
2026-08-04 14:41:50,0.0,-1
2026-08-04 14:41:50,0.0,-1
2026-08-04 14:41:50,0.0,-1
2026-08-04 14:41:50,0.0,-1
2026-08-04 14:41:50,0.0,-1
2026-08-04 14:41:50,0.0,-1
2026-08-04 14:41:50,0.0,0
2026-08-04 14:41:50,0.0,0
2026-08-04 14:41:50,0.0,0
2026-08-04 14:41:50,0.0,0
2026-08-04 14:41:50,0.0,0
2026-08-04 14:41:51,0.0,0
2026-08-04 14:41:51,0.0,0
2026-08-04 14:41:51,0.0,0
2026-08-04 14:41:51,0.0,0
2026-08-04 14:41:51,0.0,0
2026-08-04 14:41:51,0.0,0
2026-08-04 14:41:51,0.0,0
2026-08-04 14:41:51,0.0,0
2026-08-04 14:41:51,0.0,0
2026-08-04 14:41:51,0.0,0
2026-08-04 14:41:51,0.0,0
2026-08-04 14:41:51,0.0,0
2026-08-04 14:41:51,0.0,0
2026-08-04 14:41:51,0.0,0
2026-08-04 14:41:51,0.0,0
2026-08-04 14:41:51,0.0,0
2026-08-04 14:41:51,0.0,0
2026-08-04 14:41:51,0.0,0
