date,speed_kmh,gear
2026-08-10 13:37:57,0.0,
2026-08-10 13:37:57,0.0,0
2026-08-10 13:37:57,0.0,0
2026-08-10 13:37:57,0.0,0
2026-08-10 13:37:57,0.0,0
2026-08-10 13:37:57,0.0,0
2026-08-10 13:37:57,0.0,0
2026-08-10 13:37:57,0.0,0
2026-08-10 13:37:57,0.0,0
2026-08-10 13:37:57,0.0,0
2026-08-10 13:37:57,0.0,0
2026-08-10 13:37:57,0.0,0
2026-08-10 13:37:58,0.0,0
2026-08-10 13:37:58,0.0,0
2026-08-10 13:37:58,0.0,0
2026-08-10 13:37:58,0.0,0
2026-08-10 13:37:58,0.0,0
2026-08-10 13:37:58,0.0,0
2026-08-10 13:37:58,0.0,0
2026-08-10 13:37:58,0.0,0
2026-08-10 13:37:58,0.0,0
2026-08-10 13:37:58,0.0,0
2026-08-10 13:37:58,0.0,0
2026-08-10 13:37:58,0.0,0
2026-08-10 13:37:58,0.0,0
2026-08-10 13:37:58,0.0,0
2026-08-10 13:37:58,0.0,0
2026-08-10 13:37:58,0.0,0
2026-08-10 13:37:58,0.0,0
2026-08-10 13:37:58,0.0,0
2026-08-10 13:37:58,0.0,0
2026-08-10 13:37:58,0.0,0
2026-08-10 13:37:59,0.0,0
2026-08-10 13:37:59,0.0,0
2026-08-10 13:37:59,0.0,0
2026-08-10 13:37:59,0.0,0
2026-08-10 13:37:59,0.0,0
2026-08-10 13:37:59,0.0,0
2026-08-10 13:37:59,0.0,0
2026-08-10 13:37:59,0.0,0
2026-08-10 13:37:59,0.0,0
2026-08-10 13:37:59,0.0,0
2026-08-10 13:37:59,0.0,0
2026-08-10 13:37:59,0.0,0
2026-08-10 13:37:59,0.0,0
2026-08-10 13:37:59,0.0,0
2026-08-10 13:37:59,0.0,0
2026-08-10 13:37:59,0.0,0
2026-08-10 13:37:59,0.0,0
2026-08-10 13:37:59,0.0,0
2026-08-10 13:37:59,0.0,0
2026-08-10 13:37:59,0.0,0
2026-08-10 13:38:00,0.0,0
2026-08-10 13:38:00,0.0,0
2026-08-10 13:38:00,0.0,0
2026-08-10 13:38:00,0.0,0
2026-08-10 13:38:00,0.0,0
2026-08-10 13:38:00,0.0,0
2026-08-10 13:38:00,0.0,0
2026-08-10 13:38:00,0.0,0
2026-08-10 13:38:00,0.0,0
2026-08-10 13:38:00,0.0,0
2026-08-10 13:38:00,0.0,0
2026-08-10 13:38:00,0.0,0
2026-08-10 13:38:00,0.0,0
2026-08-10 13:38:00,0.0,0
2026-08-10 13:38:00,0.0,0
2026-08-10 13:38:00,0.0,0
2026-08-10 13:38:00,0.0,0
2026-08-10 13:38:00,0.0,0
2026-08-10 13:38:00,0.0,0
2026-08-10 13:38:00,0.0,0
2026-08-10 13:38:01,0.0,0
2026-08-10 13:38:01,0.0,0
2026-08-10 13:38:01,0.0,0
2026-08-10 13:38:01,0.0,0
2026-08-10 13:38:01,0.0,0
2026-08-10 13:38:01,0.0,0
2026-08-10 13:38:01,0.0,0
2026-08-10 13:38:01,0.0,0
2026-08-10 13:38:01,0.0,0
2026-08-10 13:38:01,0.0,0
2026-08-10 13:38:01,0.0,0
2026-08-10 13:38:01,0.0,0
2026-08-10 13:38:01,0.0,0
2026-08-10 13:38:01,0.0,0
2026-08-10 13:38:01,0.0,0
2026-08-10 13:38:01,0.0,0
2026-08-10 13:38:01,0.0,0
2026-08-10 13:38:01,0.0,0
2026-08-10 13:38:01,0.0,0
2026-08-10 13:38:01,0.0,0
2026-08-10 13:38:02,0.0,0
2026-08-10 13:38:02,0.0,0
2026-08-10 13:38:02,0.0,0
2026-08-10 13:38:02,0.0,0
2026-08-10 13:38:02,0.0,0
2026-08-10 13:38:02,0.0,0
2026-08-10 13:38:02,0.0,0
2026-08-10 13:38:02,0.0,0
2026-08-10 13:38:02,0.0,0
2026-08-10 13:38:02,0.0,0
2026-08-10 13:38:02,0.0,0
2026-08-10 13:38:02,0.0,0
2026-08-10 13:38:02,0.0,0
2026-08-10 13:38:02,0.0,0
2026-08-10 13:38:02,0.0,0
2026-08-10 13:38:02,0.0,0
2026-08-10 13:38:02,0.0,0
2026-08-10 13:38:02,0.0,0
2026-08-10 13:38:02,0.0,0
2026-08-10 13:38:02,0.0,0
2026-08-10 13:38:03,0.0,0
2026-08-10 13:38:03,0.0,0
2026-08-10 13:38:03,0.0,0
2026-08-10 13:38:03,0.0,0
2026-08-10 13:38:03,0.0,0
2026-08-10 13:38:03,0.0,0
2026-08-10 13:38:03,0.0,0
2026-08-10 13:38:03,0.0,0
2026-08-10 13:38:03,0.0,0
2026-08-10 13:38:03,0.0,0
2026-08-10 13:38:03,0.0,0
2026-08-10 13:38:03,0.0,0
2026-08-10 13:38:03,0.0,0
2026-08-10 13:38:03,0.0,0
2026-08-10 13:38:03,0.0,0
2026-08-10 13:38:03,0.0,0
2026-08-10 13:38:03,0.0,0
2026-08-10 13:38:03,0.0,0
2026-08-10 13:38:03,0.0,0
2026-08-10 13:38:03,0.0,0
2026-08-10 13:38:04,0.0,0
2026-08-10 13:38:04,0.0,0
2026-08-10 13:38:04,0.0,0
2026-08-10 13:38:04,0.0,0
2026-08-10 13:38:04,0.0,0
2026-08-10 13:38:04,0.0,0
2026-08-10 13:38:04,0.0,0
2026-08-10 13:38:04,0.0,0
2026-08-10 13:38:04,0.0,0
2026-08-10 13:38:04,0.0,0
2026-08-10 13:38:04,0.0,0
2026-08-10 13:38:04,0.0,0
2026-08-10 13:38:04,0.0,0
2026-08-10 13:38:04,0.0,0
2026-08-10 13:38:04,0.0,0
2026-08-10 13:38:04,0.0,0
2026-08-10 13:38:04,0.0,0
2026-08-10 13:38:04,0.0,0
2026-08-10 13:38:04,0.0,0
2026-08-10 13:38:04,0.0,0
2026-08-10 13:38:05,0.0,0
2026-08-10 13:38:05,0.0,0
2026-08-10 13:38:05,0.0,0
2026-08-10 13:38:05,0.0,0
2026-08-10 13:38:05,0.0,0
2026-08-10 13:38:05,0.0,0
2026-08-10 13:38:05,0.0,0
2026-08-10 13:38:05,0.0,0
2026-08-10 13:38:05,0.0,0
2026-08-10 13:38:05,0.0,0
2026-08-10 13:38:05,0.0,0
2026-08-10 13:38:05,0.0,0
2026-08-10 13:38:05,0.0,0
2026-08-10 13:38:05,0.0,0
2026-08-10 13:38:05,0.0,0
2026-08-10 13:38:05,0.0,0
2026-08-10 13:38:05,0.0,0
2026-08-10 13:38:05,0.0,0
2026-08-10 13:38:05,0.0,0
2026-08-10 13:38:05,0.0,0
2026-08-10 13:38:06,0.0,0
2026-08-10 13:38:06,0.0,0
2026-08-10 13:38:06,0.0,0
2026-08-10 13:38:06,0.0,0
2026-08-10 13:38:06,0.0,0
2026-08-10 13:38:06,0.0,0
2026-08-10 13:38:06,0.0,0
2026-08-10 13:38:06,0.0,0
2026-08-10 13:38:06,0.0,0
2026-08-10 13:38:06,0.0,0
2026-08-10 13:38:06,0.0,0
2026-08-10 13:38:06,0.0,0
2026-08-10 13:38:06,0.0,0
2026-08-10 13:38:06,0.0,0
2026-08-10 13:38:06,0.0,0
2026-08-10 13:38:06,0.0,0
2026-08-10 13:38:06,0.0,0
2026-08-10 13:38:06,0.0,0
2026-08-10 13:38:06,0.0,0
2026-08-10 13:38:06,0.0,0
2026-08-10 13:38:07,0.0,0
2026-08-10 13:38:07,0.0,0
2026-08-10 13:38:07,0.0,0
2026-08-10 13:38:07,0.0,0
2026-08-10 13:38:07,0.0,0
2026-08-10 13:38:07,0.0,0
2026-08-10 13:38:07,0.0,0
2026-08-10 13:38:07,0.0,0
2026-08-10 13:38:07,0.0,0
2026-08-10 13:38:07,0.0,0
2026-08-10 13:38:07,0.0,0
2026-08-10 13:38:07,0.0,0
2026-08-10 13:38:07,0.0,0
2026-08-10 13:38:07,0.0,0
2026-08-10 13:38:07,0.0,0
2026-08-10 13:38:07,0.0,0
2026-08-10 13:38:07,0.0,0
2026-08-10 13:38:07,0.0,0
2026-08-10 13:38:07,0.0,0
2026-08-10 13:38:07,0.0,0
2026-08-10 13:38:08,0.0,0
2026-08-10 13:38:08,0.0,0
2026-08-10 13:38:08,0.0,0
2026-08-10 13:38:08,0.0,0
2026-08-10 13:38:08,0.0,0
2026-08-10 13:38:08,0.0,0
2026-08-10 13:38:08,0.0,0
2026-08-10 13:38:08,0.0,0
2026-08-10 13:38:08,0.0,0
2026-08-10 13:38:08,0.0,0
2026-08-10 13:38:08,0.0,0
2026-08-10 13:38:08,0.0,0
2026-08-10 13:38:08,0.0,0
2026-08-10 13:38:08,0.0,0
2026-08-10 13:38:08,0.0,0
2026-08-10 13:38:08,0.0,0
2026-08-10 13:38:08,0.0,0
2026-08-10 13:38:08,0.0,0
2026-08-10 13:38:08,0.0,0
2026-08-10 13:38:08,0.0,0
2026-08-10 13:38:09,0.0,0
2026-08-10 13:38:09,0.0,0
2026-08-10 13:38:09,0.0,0
2026-08-10 13:38:09,0.0,0
2026-08-10 13:38:09,0.0,0
2026-08-10 13:38:09,0.0,0
2026-08-10 13:38:09,0.0,0
2026-08-10 13:38:09,0.0,0
2026-08-10 13:38:09,0.0,0
2026-08-10 13:38:09,0.0,0
2026-08-10 13:38:09,0.0,0
2026-08-10 13:38:09,0.0,0
2026-08-10 13:38:09,0.0,0
2026-08-10 13:38:09,0.0,0
2026-08-10 13:38:09,0.0,0
2026-08-10 13:38:09,0.0,0
2026-08-10 13:38:09,0.0,0
2026-08-10 13:38:09,0.0,0
2026-08-10 13:38:09,0.0,0
2026-08-10 13:38:09,0.0,0
2026-08-10 13:38:10,0.0,0
2026-08-10 13:38:10,0.0,0
2026-08-10 13:38:10,0.0,0
2026-08-10 13:38:10,0.0,0
2026-08-10 13:38:10,0.0,0
2026-08-10 13:38:10,0.0,0
2026-08-10 13:38:10,0.0,0
2026-08-10 13:38:10,0.0,0
2026-08-10 13:38:10,0.0,0
2026-08-10 13:38:10,0.0,0
2026-08-10 13:38:10,0.0,0
2026-08-10 13:38:10,0.0,0
2026-08-10 13:38:10,0.0,0
2026-08-10 13:38:10,0.0,0
2026-08-10 13:38:10,0.0,0
2026-08-10 13:38:10,0.0,0
2026-08-10 13:38:10,0.0,0
2026-08-10 13:38:10,0.0,0
2026-08-10 13:38:10,0.0,0
2026-08-10 13:38:10,0.0,0
2026-08-10 13:38:11,0.0,0
2026-08-10 13:38:11,0.0,0
2026-08-10 13:38:11,0.0,0
2026-08-10 13:38:11,0.0,0
2026-08-10 13:38:11,0.0,0
2026-08-10 13:38:11,0.0,0
2026-08-10 13:38:11,0.0,0
2026-08-10 13:38:11,0.0,0
2026-08-10 13:38:11,0.0,0
2026-08-10 13:38:11,0.0,0
2026-08-10 13:38:11,0.0,0
2026-08-10 13:38:11,0.0,0
2026-08-10 13:38:11,0.0,0
2026-08-10 13:38:11,0.0,0
2026-08-10 13:38:11,0.0,0
2026-08-10 13:38:11,0.0,0
2026-08-10 13:38:11,0.0,0
2026-08-10 13:38:11,0.0,0
2026-08-10 13:38:11,0.0,0
2026-08-10 13:38:11,0.0,0
2026-08-10 13:38:12,0.0,0
2026-08-10 13:38:12,0.0,0
2026-08-10 13:38:12,0.0,0
2026-08-10 13:38:12,0.0,0
2026-08-10 13:38:12,0.0,0
2026-08-10 13:38:12,0.0,0
2026-08-10 13:38:12,0.0,0
2026-08-10 13:38:12,0.0,0
2026-08-10 13:38:12,0.0,0
2026-08-10 13:38:12,0.0,0
2026-08-10 13:38:12,0.0,0
2026-08-10 13:38:12,0.0,0
2026-08-10 13:38:12,0.0,0
2026-08-10 13:38:12,0.0,0
2026-08-10 13:38:12,0.0,0
2026-08-10 13:38:12,0.0,0
2026-08-10 13:38:12,0.0,0
2026-08-10 13:38:12,0.0,0
2026-08-10 13:38:12,0.0,0
2026-08-10 13:38:12,0.0,0
2026-08-10 13:38:13,0.0,0
2026-08-10 13:38:13,0.0,0
2026-08-10 13:38:13,0.0,0
2026-08-10 13:38:13,0.0,0
2026-08-10 13:38:13,0.0,0
2026-08-10 13:38:13,0.0,0
2026-08-10 13:38:13,0.0,0
2026-08-10 13:38:13,0.0,0
2026-08-10 13:38:13,0.0,0
2026-08-10 13:38:13,0.0,0
2026-08-10 13:38:13,0.0,0
2026-08-10 13:38:13,0.0,0
2026-08-10 13:38:13,0.0,0
2026-08-10 13:38:13,0.0,0
2026-08-10 13:38:13,0.0,0
2026-08-10 13:38:13,0.0,0
2026-08-10 13:38:13,0.0,0
2026-08-10 13:38:13,0.0,0
2026-08-10 13:38:13,0.0,0
2026-08-10 13:38:13,0.0,0
2026-08-10 13:38:14,0.0,0
2026-08-10 13:38:14,0.0,0
2026-08-10 13:38:14,0.0,0
2026-08-10 13:38:14,0.0,0
2026-08-10 13:38:14,0.0,0
2026-08-10 13:38:14,0.0,0
2026-08-10 13:38:14,0.0,0
2026-08-10 13:38:14,0.0,0
2026-08-10 13:38:14,0.0,0
2026-08-10 13:38:14,0.0,0
2026-08-10 13:38:14,0.0,0
2026-08-10 13:38:14,0.0,0
2026-08-10 13:38:14,0.0,0
2026-08-10 13:38:14,0.0,0
2026-08-10 13:38:14,0.0,0
2026-08-10 13:38:14,0.0,0
2026-08-10 13:38:14,0.0,0
2026-08-10 13:38:14,0.0,0
2026-08-10 13:38:14,0.0,0
2026-08-10 13:38:14,0.0,0
2026-08-10 13:38:15,0.0,0
2026-08-10 13:38:15,0.0,0
2026-08-10 13:38:15,0.0,0
2026-08-10 13:38:15,0.0,0
2026-08-10 13:38:15,0.0,0
2026-08-10 13:38:15,0.0,0
2026-08-10 13:38:15,0.0,0
2026-08-10 13:38:15,0.0,0
2026-08-10 13:38:15,0.0,0
2026-08-10 13:38:15,0.0,0
2026-08-10 13:38:15,0.0,0
2026-08-10 13:38:15,0.0,0
2026-08-10 13:38:15,0.0,0
2026-08-10 13:38:15,0.0,0
2026-08-10 13:38:15,0.0,0
2026-08-10 13:38:15,0.0,0
2026-08-10 13:38:15,0.0,0
2026-08-10 13:38:15,0.0,0
2026-08-10 13:38:15,0.0,0
2026-08-10 13:38:15,0.0,0
2026-08-10 13:38:16,0.0,0
2026-08-10 13:38:16,0.0,0
2026-08-10 13:38:16,0.0,0
2026-08-10 13:38:16,0.0,0
2026-08-10 13:38:16,0.0,0
2026-08-10 13:38:16,0.0,0
2026-08-10 13:38:16,0.0,0
2026-08-10 13:38:16,0.0,0
2026-08-10 13:38:16,0.0,0
2026-08-10 13:38:16,0.0,0
2026-08-10 13:38:16,0.0,0
2026-08-10 13:38:16,0.0,0
2026-08-10 13:38:16,0.0,0
2026-08-10 13:38:16,0.0,0
2026-08-10 13:38:16,0.0,0
2026-08-10 13:38:16,0.0,0
2026-08-10 13:38:16,0.0,0
2026-08-10 13:38:16,0.0,0
2026-08-10 13:38:16,0.0,0
2026-08-10 13:38:16,0.0,0
2026-08-10 13:38:17,0.0,0
2026-08-10 13:38:17,0.0,0
2026-08-10 13:38:17,0.0,0
2026-08-10 13:38:17,0.0,0
2026-08-10 13:38:17,0.0,0
2026-08-10 13:38:17,0.0,0
2026-08-10 13:38:17,0.0,0
2026-08-10 13:38:17,0.0,0
2026-08-10 13:38:17,0.0,0
2026-08-10 13:38:17,0.0,0
2026-08-10 13:38:17,0.0,0
2026-08-10 13:38:17,0.0,0
2026-08-10 13:38:17,0.0,0
2026-08-10 13:38:17,0.0,0
2026-08-10 13:38:17,0.0,0
2026-08-10 13:38:17,0.0,0
2026-08-10 13:38:17,0.0,0
2026-08-10 13:38:17,0.0,0
2026-08-10 13:38:17,0.0,0
2026-08-10 13:38:17,0.0,0
2026-08-10 13:38:18,0.0,0
2026-08-10 13:38:18,0.0,0
2026-08-10 13:38:18,0.0,0
2026-08-10 13:38:18,0.0,0
2026-08-10 13:38:18,0.0,0
2026-08-10 13:38:18,0.0,0
2026-08-10 13:38:18,0.0,0
2026-08-10 13:38:18,0.0,0
2026-08-10 13:38:18,0.0,0
2026-08-10 13:38:18,0.0,0
2026-08-10 13:38:18,0.0,0
2026-08-10 13:38:18,0.0,0
2026-08-10 13:38:18,0.0,0
2026-08-10 13:38:18,0.0,0
2026-08-10 13:38:18,0.0,0
2026-08-10 13:38:18,0.0,0
2026-08-10 13:38:18,0.0,0
2026-08-10 13:38:18,0.0,0
2026-08-10 13:38:18,0.0,0
2026-08-10 13:38:18,0.0,0
2026-08-10 13:38:19,0.0,0
2026-08-10 13:38:19,0.0,0
2026-08-10 13:38:19,0.0,0
2026-08-10 13:38:19,0.0,0
2026-08-10 13:38:19,0.0,0
2026-08-10 13:38:19,0.0,0
2026-08-10 13:38:19,0.0,0
2026-08-10 13:38:19,0.0,0
2026-08-10 13:38:19,0.0,0
2026-08-10 13:38:19,0.0,0
2026-08-10 13:38:19,0.0,0
2026-08-10 13:38:19,0.0,0
2026-08-10 13:38:19,0.0,0
2026-08-10 13:38:19,0.0,0
2026-08-10 13:38:19,0.0,0
2026-08-10 13:38:19,0.0,0
2026-08-10 13:38:19,0.0,0
2026-08-10 13:38:19,0.0,0
2026-08-10 13:38:19,0.0,0
2026-08-10 13:38:19,0.0,0
2026-08-10 13:38:20,0.0,0
2026-08-10 13:38:20,0.0,0
2026-08-10 13:38:20,0.0,0
2026-08-10 13:38:20,0.0,0
2026-08-10 13:38:20,0.0,0
2026-08-10 13:38:20,0.0,0
2026-08-10 13:38:20,0.0,0
2026-08-10 13:38:20,0.0,0
2026-08-10 13:38:20,0.0,0
2026-08-10 13:38:20,0.0,0
2026-08-10 13:38:20,0.0,0
2026-08-10 13:38:20,0.0,0
2026-08-10 13:38:20,0.0,0
2026-08-10 13:38:20,0.0,0
2026-08-10 13:38:20,0.0,0
2026-08-10 13:38:20,0.0,0
2026-08-10 13:38:20,0.0,0
2026-08-10 13:38:20,0.0,0
2026-08-10 13:38:20,0.0,0
2026-08-10 13:38:20,0.0,0
2026-08-10 13:38:21,0.0,0
2026-08-10 13:38:21,0.0,0
2026-08-10 13:38:21,0.0,0
2026-08-10 13:38:21,0.0,0
2026-08-10 13:38:21,0.0,0
2026-08-10 13:38:21,0.0,0
2026-08-10 13:38:21,0.0,0
2026-08-10 13:38:21,0.0,0
2026-08-10 13:38:21,0.0,0
2026-08-10 13:38:21,0.0,0
2026-08-10 13:38:21,0.0,0
2026-08-10 13:38:21,0.0,0
2026-08-10 13:38:21,0.0,0
2026-08-10 13:38:21,0.0,0
2026-08-10 13:38:21,0.0,0
2026-08-10 13:38:21,0.0,0
2026-08-10 13:38:21,0.0,0
2026-08-10 13:38:21,0.0,0
2026-08-10 13:38:21,0.0,0
2026-08-10 13:38:21,0.0,0
2026-08-10 13:38:22,0.0,0
2026-08-10 13:38:22,0.0,0
2026-08-10 13:38:22,0.0,0
2026-08-10 13:38:22,0.0,0
2026-08-10 13:38:22,0.0,0
2026-08-10 13:38:22,0.0,0
2026-08-10 13:38:22,0.0,0
2026-08-10 13:38:22,0.0,0
2026-08-10 13:38:22,0.0,0
2026-08-10 13:38:22,0.0,0
2026-08-10 13:38:22,0.0,0
2026-08-10 13:38:22,0.0,0
2026-08-10 13:38:22,0.0,0
2026-08-10 13:38:22,0.0,0
2026-08-10 13:38:22,0.0,0
2026-08-10 13:38:22,0.0,0
2026-08-10 13:38:22,0.0,0
2026-08-10 13:38:22,0.0,0
2026-08-10 13:38:22,0.0,0
2026-08-10 13:38:22,0.0,0
2026-08-10 13:38:23,0.0,0
2026-08-10 13:38:23,0.0,0
2026-08-10 13:38:23,0.0,0
2026-08-10 13:38:23,0.0,0
2026-08-10 13:38:23,0.0,0
2026-08-10 13:38:23,0.0,0
2026-08-10 13:38:23,0.0,0
2026-08-10 13:38:23,0.0,0
2026-08-10 13:38:23,0.0,0
2026-08-10 13:38:23,0.0,0
2026-08-10 13:38:23,0.0,0
2026-08-10 13:38:23,0.0,0
2026-08-10 13:38:23,0.0,0
2026-08-10 13:38:23,0.0,0
2026-08-10 13:38:23,0.0,0
2026-08-10 13:38:23,0.0,0
2026-08-10 13:38:23,0.0,0
2026-08-10 13:38:23,0.0,0
2026-08-10 13:38:23,0.0,0
2026-08-10 13:38:23,0.0,0
2026-08-10 13:38:24,0.0,0
2026-08-10 13:38:24,0.0,0
2026-08-10 13:38:24,0.0,0
2026-08-10 13:38:24,0.0,0
2026-08-10 13:38:24,0.0,0
2026-08-10 13:38:24,0.0,0
2026-08-10 13:38:24,0.0,0
2026-08-10 13:38:24,0.0,0
2026-08-10 13:38:24,0.0,0
2026-08-10 13:38:24,0.0,0
2026-08-10 13:38:24,0.0,0
2026-08-10 13:38:24,0.0,0
2026-08-10 13:38:24,0.0,0
2026-08-10 13:38:24,0.0,0
2026-08-10 13:38:24,0.0,0
2026-08-10 13:38:24,0.0,0
2026-08-10 13:38:24,0.0,0
2026-08-10 13:38:24,0.0,0
2026-08-10 13:38:24,0.0,0
2026-08-10 13:38:24,0.0,0
2026-08-10 13:38:25,0.0,0
2026-08-10 13:38:25,0.0,0
2026-08-10 13:38:25,0.0,0
2026-08-10 13:38:25,0.0,0
2026-08-10 13:38:25,0.0,0
2026-08-10 13:38:25,0.0,0
2026-08-10 13:38:25,0.0,0
2026-08-10 13:38:25,0.0,0
2026-08-10 13:38:25,0.0,0
2026-08-10 13:38:25,0.0,0
2026-08-10 13:38:25,0.0,0
2026-08-10 13:38:25,0.0,0
2026-08-10 13:38:25,0.0,0
2026-08-10 13:38:25,0.0,0
2026-08-10 13:38:25,0.0,0
2026-08-10 13:38:25,0.0,0
2026-08-10 13:38:25,0.0,0
2026-08-10 13:38:25,0.0,0
2026-08-10 13:38:25,0.0,0
2026-08-10 13:38:25,0.0,0
2026-08-10 13:38:26,0.0,0
2026-08-10 13:38:26,0.0,0
2026-08-10 13:38:26,0.0,0
2026-08-10 13:38:26,0.0,0
2026-08-10 13:38:26,0.0,0
2026-08-10 13:38:26,0.0,0
2026-08-10 13:38:26,0.0,0
2026-08-10 13:38:26,0.0,0
2026-08-10 13:38:26,0.0,0
2026-08-10 13:38:26,0.0,0
2026-08-10 13:38:26,0.0,0
2026-08-10 13:38:26,0.0,0
2026-08-10 13:38:26,0.0,0
2026-08-10 13:38:26,0.0,0
2026-08-10 13:38:26,0.0,0
2026-08-10 13:38:26,0.0,0
2026-08-10 13:38:26,0.0,0
2026-08-10 13:38:26,0.0,0
2026-08-10 13:38:26,0.0,0
2026-08-10 13:38:26,0.0,0
2026-08-10 13:38:27,0.0,0
2026-08-10 13:38:27,0.0,0
2026-08-10 13:38:27,0.0,0
2026-08-10 13:38:27,0.0,0
2026-08-10 13:38:27,0.0,0
2026-08-10 13:38:27,0.0,0
2026-08-10 13:38:27,0.0,0
2026-08-10 13:38:27,0.0,0
2026-08-10 13:38:27,0.0,0
2026-08-10 13:38:27,0.0,0
2026-08-10 13:38:27,0.0,0
2026-08-10 13:38:27,0.0,0
2026-08-10 13:38:27,0.0,0
2026-08-10 13:38:27,0.0,0
2026-08-10 13:38:27,0.0,0
2026-08-10 13:38:27,0.0,0
2026-08-10 13:38:27,0.0,0
2026-08-10 13:38:27,0.0,0
2026-08-10 13:38:27,0.0,0
2026-08-10 13:38:27,0.0,0
2026-08-10 13:38:28,0.0,0
2026-08-10 13:38:28,0.0,0
2026-08-10 13:38:28,0.0,0
2026-08-10 13:38:28,0.0,0
2026-08-10 13:38:28,0.0,0
2026-08-10 13:38:28,0.0,0
2026-08-10 13:38:28,0.0,0
2026-08-10 13:38:28,0.0,0
2026-08-10 13:38:28,0.0,0
2026-08-10 13:38:28,0.0,0
2026-08-10 13:38:28,0.0,0
2026-08-10 13:38:28,0.0,0
2026-08-10 13:38:28,0.0,0
2026-08-10 13:38:28,0.0,0
2026-08-10 13:38:28,0.0,0
2026-08-10 13:38:28,0.0,0
2026-08-10 13:38:28,0.0,0
2026-08-10 13:38:28,0.0,0
2026-08-10 13:38:28,0.0,0
2026-08-10 13:38:28,0.0,0
2026-08-10 13:38:29,0.0,0
2026-08-10 13:38:29,0.0,0
2026-08-10 13:38:29,0.0,0
2026-08-10 13:38:29,0.0,0
2026-08-10 13:38:29,0.0,0
2026-08-10 13:38:29,0.0,0
2026-08-10 13:38:29,0.0,0
2026-08-10 13:38:29,0.0,0
2026-08-10 13:38:29,0.0,0
2026-08-10 13:38:29,0.0,0
2026-08-10 13:38:29,0.0,0
2026-08-10 13:38:29,0.0,0
2026-08-10 13:38:29,0.0,0
2026-08-10 13:38:29,0.0,0
2026-08-10 13:38:29,0.0,0
2026-08-10 13:38:29,0.0,0
2026-08-10 13:38:29,0.0,0
2026-08-10 13:38:29,0.0,0
2026-08-10 13:38:29,0.0,0
2026-08-10 13:38:29,0.0,0
2026-08-10 13:38:30,0.0,0
2026-08-10 13:38:30,0.0,0
2026-08-10 13:38:30,0.0,0
2026-08-10 13:38:30,0.0,0
2026-08-10 13:38:30,0.0,0
2026-08-10 13:38:30,0.0,0
2026-08-10 13:38:30,0.0,0
2026-08-10 13:38:30,0.0,0
2026-08-10 13:38:30,0.0,0
2026-08-10 13:38:30,0.0,0
2026-08-10 13:38:30,0.0,0
2026-08-10 13:38:30,0.0,0
2026-08-10 13:38:30,0.0,0
2026-08-10 13:38:30,0.0,0
2026-08-10 13:38:30,0.0,0
2026-08-10 13:38:30,0.0,0
2026-08-10 13:38:30,0.0,0
2026-08-10 13:38:30,0.0,0
2026-08-10 13:38:30,0.0,0
2026-08-10 13:38:30,0.0,0
2026-08-10 13:38:31,0.0,0
2026-08-10 13:38:31,0.0,0
2026-08-10 13:38:31,0.0,0
2026-08-10 13:38:31,0.0,0
2026-08-10 13:38:31,0.0,0
2026-08-10 13:38:31,0.0,0
2026-08-10 13:38:31,0.0,0
2026-08-10 13:38:31,0.0,0
2026-08-10 13:38:31,0.0,0
2026-08-10 13:38:31,0.0,0
2026-08-10 13:38:31,0.0,0
2026-08-10 13:38:31,0.0,0
2026-08-10 13:38:31,0.0,0
2026-08-10 13:38:31,0.0,0
2026-08-10 13:38:31,0.0,0
2026-08-10 13:38:31,0.0,0
2026-08-10 13:38:31,0.0,0
2026-08-10 13:38:31,0.0,0
2026-08-10 13:38:31,0.0,0
2026-08-10 13:38:31,0.0,0
2026-08-10 13:38:32,0.0,0
2026-08-10 13:38:32,0.0,0
2026-08-10 13:38:32,0.0,0
2026-08-10 13:38:32,0.0,0
2026-08-10 13:38:32,0.0,0
2026-08-10 13:38:32,0.0,0
2026-08-10 13:38:32,0.0,0
2026-08-10 13:38:32,0.0,0
2026-08-10 13:38:32,0.0,0
2026-08-10 13:38:32,0.0,0
2026-08-10 13:38:32,0.0,0
2026-08-10 13:38:32,0.0,0
2026-08-10 13:38:32,0.0,0
2026-08-10 13:38:32,0.0,0
2026-08-10 13:38:32,0.0,0
2026-08-10 13:38:32,0.0,0
2026-08-10 13:38:32,0.0,0
2026-08-10 13:38:32,0.0,0
2026-08-10 13:38:32,0.0,0
2026-08-10 13:38:32,0.0,0
2026-08-10 13:38:33,0.0,0
2026-08-10 13:38:33,0.0,0
2026-08-10 13:38:33,0.0,0
2026-08-10 13:38:33,0.0,0
2026-08-10 13:38:33,0.0,0
2026-08-10 13:38:33,0.0,0
2026-08-10 13:38:33,0.0,0
2026-08-10 13:38:33,0.0,0
2026-08-10 13:38:33,0.0,0
2026-08-10 13:38:33,0.0,0
2026-08-10 13:38:33,0.0,0
2026-08-10 13:38:33,0.0,0
2026-08-10 13:38:33,0.0,0
2026-08-10 13:38:33,0.0,0
2026-08-10 13:38:33,0.0,0
2026-08-10 13:38:33,0.0,0
2026-08-10 13:38:33,0.0,0
2026-08-10 13:38:33,0.0,0
2026-08-10 13:38:33,0.0,0
2026-08-10 13:38:33,0.0,0
2026-08-10 13:38:34,0.0,0
2026-08-10 13:38:34,0.0,0
2026-08-10 13:38:34,0.0,0
2026-08-10 13:38:34,0.0,0
2026-08-10 13:38:34,0.0,0
2026-08-10 13:38:34,0.0,0
2026-08-10 13:38:34,0.0,0
2026-08-10 13:38:34,0.0,0
2026-08-10 13:38:34,0.0,0
2026-08-10 13:38:34,0.0,0
2026-08-10 13:38:34,0.0,0
2026-08-10 13:38:34,0.0,0
2026-08-10 13:38:34,0.0,0
2026-08-10 13:38:34,0.0,0
2026-08-10 13:38:34,0.0,0
2026-08-10 13:38:34,0.0,0
2026-08-10 13:38:34,0.0,0
2026-08-10 13:38:34,0.0,0
2026-08-10 13:38:34,0.0,0
2026-08-10 13:38:34,0.0,0
2026-08-10 13:38:35,0.0,0
2026-08-10 13:38:35,0.0,0
2026-08-10 13:38:35,0.0,0
2026-08-10 13:38:35,0.0,0
2026-08-10 13:38:35,0.0,0
2026-08-10 13:38:35,0.0,0
2026-08-10 13:38:35,0.0,0
2026-08-10 13:38:35,0.0,0
2026-08-10 13:38:35,0.0,0
2026-08-10 13:38:35,0.0,0
2026-08-10 13:38:35,0.0,0
2026-08-10 13:38:35,0.0,0
2026-08-10 13:38:35,0.0,0
2026-08-10 13:38:35,0.0,0
2026-08-10 13:38:35,0.0,0
2026-08-10 13:38:35,0.0,0
2026-08-10 13:38:35,0.0,0
2026-08-10 13:38:35,0.0,0
2026-08-10 13:38:35,0.0,0
2026-08-10 13:38:35,0.0,0
2026-08-10 13:38:36,0.0,0
2026-08-10 13:38:36,0.0,0
2026-08-10 13:38:36,0.0,0
2026-08-10 13:38:36,0.0,0
2026-08-10 13:38:36,0.0,0
2026-08-10 13:38:36,0.0,0
2026-08-10 13:38:36,0.0,0
2026-08-10 13:38:36,0.0,0
2026-08-10 13:38:36,0.0,0
2026-08-10 13:38:36,0.0,0
2026-08-10 13:38:36,0.0,0
2026-08-10 13:38:36,0.0,0
2026-08-10 13:38:36,0.0,0
2026-08-10 13:38:36,0.0,0
2026-08-10 13:38:36,0.0,0
2026-08-10 13:38:36,0.0,0
2026-08-10 13:38:36,0.0,0
2026-08-10 13:38:36,0.0,0
2026-08-10 13:38:36,0.0,0
2026-08-10 13:38:36,0.0,0
2026-08-10 13:38:37,0.0,0
2026-08-10 13:38:37,0.0,0
2026-08-10 13:38:37,0.0,0
2026-08-10 13:38:37,0.0,0
2026-08-10 13:38:37,0.0,0
2026-08-10 13:38:37,0.0,0
2026-08-10 13:38:37,0.0,0
2026-08-10 13:38:37,0.0,0
2026-08-10 13:38:37,0.0,0
2026-08-10 13:38:37,0.0,0
2026-08-10 13:38:37,0.0,0
2026-08-10 13:38:37,0.0,0
2026-08-10 13:38:37,0.0,0
2026-08-10 13:38:37,0.0,0
2026-08-10 13:38:37,0.0,0
2026-08-10 13:38:37,0.0,0
2026-08-10 13:38:37,0.0,0
2026-08-10 13:38:37,0.0,0
2026-08-10 13:38:37,0.0,0
2026-08-10 13:38:37,0.0,0
2026-08-10 13:38:38,0.0,0
2026-08-10 13:38:38,0.0,0
2026-08-10 13:38:38,0.0,0
2026-08-10 13:38:38,0.0,0
2026-08-10 13:38:38,0.0,0
2026-08-10 13:38:38,0.0,0
2026-08-10 13:38:38,0.0,0
2026-08-10 13:38:38,0.0,0
2026-08-10 13:38:38,0.0,0
2026-08-10 13:38:38,0.0,0
2026-08-10 13:38:38,0.0,0
2026-08-10 13:38:38,0.0,0
2026-08-10 13:38:38,0.0,0
2026-08-10 13:38:38,0.0,0
2026-08-10 13:38:38,0.0,0
2026-08-10 13:38:38,0.0,0
2026-08-10 13:38:38,0.0,0
2026-08-10 13:38:38,0.0,0
2026-08-10 13:38:38,0.0,0
2026-08-10 13:38:38,0.0,0
2026-08-10 13:38:39,0.0,0
2026-08-10 13:38:39,0.0,0
2026-08-10 13:38:39,0.0,0
2026-08-10 13:38:39,0.0,0
2026-08-10 13:38:39,0.0,0
2026-08-10 13:38:39,0.0,0
2026-08-10 13:38:39,0.0,0
2026-08-10 13:38:39,0.0,0
2026-08-10 13:38:39,0.0,0
2026-08-10 13:38:39,0.0,0
2026-08-10 13:38:39,0.0,0
2026-08-10 13:38:39,0.0,0
2026-08-10 13:38:39,0.0,0
2026-08-10 13:38:39,0.0,0
2026-08-10 13:38:39,0.0,0
2026-08-10 13:38:39,0.0,0
2026-08-10 13:38:39,0.0,0
2026-08-10 13:38:39,0.0,0
2026-08-10 13:38:39,0.0,0
2026-08-10 13:38:39,0.0,0
2026-08-10 13:38:40,0.0,0
2026-08-10 13:38:40,0.0,0
2026-08-10 13:38:40,0.0,0
2026-08-10 13:38:40,0.0,0
2026-08-10 13:38:40,0.0,0
2026-08-10 13:38:40,0.0,0
2026-08-10 13:38:40,0.0,0
2026-08-10 13:38:40,0.0,0
2026-08-10 13:38:40,0.0,0
2026-08-10 13:38:40,0.0,0
2026-08-10 13:38:40,0.0,0
2026-08-10 13:38:40,0.0,0
2026-08-10 13:38:40,0.0,0
2026-08-10 13:38:40,0.0,0
2026-08-10 13:38:40,0.0,0
2026-08-10 13:38:40,0.0,0
2026-08-10 13:38:40,0.0,0
2026-08-10 13:38:40,0.0,0
2026-08-10 13:38:40,0.0,0
2026-08-10 13:38:40,0.0,0
2026-08-10 13:38:41,0.0,0
2026-08-10 13:38:41,0.0,0
2026-08-10 13:38:41,0.0,0
2026-08-10 13:38:41,0.0,0
2026-08-10 13:38:41,0.0,0
2026-08-10 13:38:41,0.0,0
2026-08-10 13:38:41,0.0,0
2026-08-10 13:38:41,0.0,0
2026-08-10 13:38:41,0.0,0
2026-08-10 13:38:41,0.0,0
2026-08-10 13:38:41,0.0,0
2026-08-10 13:38:41,0.0,0
2026-08-10 13:38:41,0.0,0
2026-08-10 13:38:41,0.0,0
2026-08-10 13:38:41,0.0,0
2026-08-10 13:38:41,0.0,0
2026-08-10 13:38:41,0.0,0
2026-08-10 13:38:41,0.0,0
2026-08-10 13:38:41,0.0,0
2026-08-10 13:38:41,0.0,0
2026-08-10 13:38:42,0.0,0
2026-08-10 13:38:42,0.0,0
2026-08-10 13:38:42,0.0,0
2026-08-10 13:38:42,0.0,0
2026-08-10 13:38:42,0.0,0
2026-08-10 13:38:42,0.0,0
2026-08-10 13:38:42,0.0,0
2026-08-10 13:38:42,0.0,0
2026-08-10 13:38:42,0.0,0
2026-08-10 13:38:42,0.0,0
2026-08-10 13:38:42,0.0,0
2026-08-10 13:38:42,0.0,0
2026-08-10 13:38:42,0.0,0
2026-08-10 13:38:42,0.0,0
2026-08-10 13:38:42,0.0,0
2026-08-10 13:38:42,0.0,0
2026-08-10 13:38:42,0.0,0
2026-08-10 13:38:42,0.0,0
2026-08-10 13:38:42,0.0,0
2026-08-10 13:38:42,0.0,0
2026-08-10 13:38:43,0.0,0
2026-08-10 13:38:43,0.0,0
2026-08-10 13:38:43,0.0,0
2026-08-10 13:38:43,0.0,0
2026-08-10 13:38:43,0.0,0
2026-08-10 13:38:43,0.0,0
2026-08-10 13:38:43,0.0,0
2026-08-10 13:38:43,0.0,0
2026-08-10 13:38:43,0.0,0
2026-08-10 13:38:43,0.0,0
2026-08-10 13:38:43,0.0,0
2026-08-10 13:38:43,0.0,0
2026-08-10 13:38:43,0.0,0
2026-08-10 13:38:43,0.0,0
2026-08-10 13:38:43,0.0,0
2026-08-10 13:38:43,0.0,0
2026-08-10 13:38:43,0.0,0
2026-08-10 13:38:43,0.0,0
2026-08-10 13:38:43,0.0,0
2026-08-10 13:38:43,0.0,0
2026-08-10 13:38:44,0.0,0
2026-08-10 13:38:44,0.0,0
2026-08-10 13:38:44,0.0,0
2026-08-10 13:38:44,0.0,0
2026-08-10 13:38:44,0.0,0
2026-08-10 13:38:44,0.0,0
2026-08-10 13:38:44,0.0,0
2026-08-10 13:38:44,0.0,0
2026-08-10 13:38:44,0.0,0
2026-08-10 13:38:44,0.0,0
2026-08-10 13:38:44,0.0,0
2026-08-10 13:38:44,0.0,0
2026-08-10 13:38:44,0.0,0
2026-08-10 13:38:44,0.0,0
2026-08-10 13:38:44,0.0,0
2026-08-10 13:38:44,0.0,0
2026-08-10 13:38:44,0.0,0
2026-08-10 13:38:44,0.0,0
2026-08-10 13:38:44,0.0,0
2026-08-10 13:38:44,0.0,0
2026-08-10 13:38:45,0.0,0
2026-08-10 13:38:45,0.0,0
2026-08-10 13:38:45,0.0,0
2026-08-10 13:38:45,0.0,0
2026-08-10 13:38:45,0.0,0
2026-08-10 13:38:45,0.0,0
2026-08-10 13:38:45,0.0,0
2026-08-10 13:38:45,0.0,0
2026-08-10 13:38:45,0.0,0
2026-08-10 13:38:45,0.0,0
2026-08-10 13:38:45,0.0,0
2026-08-10 13:38:45,0.0,0
2026-08-10 13:38:45,0.0,0
2026-08-10 13:38:45,0.0,0
2026-08-10 13:38:45,0.0,0
2026-08-10 13:38:45,0.0,0
2026-08-10 13:38:45,0.0,0
2026-08-10 13:38:45,0.0,0
2026-08-10 13:38:45,0.0,0
2026-08-10 13:38:45,0.0,0
2026-08-10 13:38:46,0.0,0
2026-08-10 13:38:46,0.0,0
2026-08-10 13:38:46,0.0,0
2026-08-10 13:38:46,0.0,0
2026-08-10 13:38:46,0.0,0
2026-08-10 13:38:46,0.0,0
2026-08-10 13:38:46,0.0,0
2026-08-10 13:38:46,0.0,0
2026-08-10 13:38:46,0.0,0
2026-08-10 13:38:46,0.0,0
2026-08-10 13:38:46,0.0,0
2026-08-10 13:38:46,0.0,0
2026-08-10 13:38:46,0.0,0
2026-08-10 13:38:46,0.0,0
2026-08-10 13:38:46,0.0,0
2026-08-10 13:38:46,0.0,0
2026-08-10 13:38:46,0.0,0
2026-08-10 13:38:46,0.0,0
2026-08-10 13:38:46,0.0,0
2026-08-10 13:38:46,0.0,0
2026-08-10 13:38:47,0.0,0
2026-08-10 13:38:47,0.0,0
2026-08-10 13:38:47,0.0,0
2026-08-10 13:38:47,0.0,0
2026-08-10 13:38:47,0.0,0
2026-08-10 13:38:47,0.0,0
2026-08-10 13:38:47,0.0,0
2026-08-10 13:38:47,0.0,0
2026-08-10 13:38:47,0.0,0
2026-08-10 13:38:47,0.0,0
2026-08-10 13:38:47,0.0,0
2026-08-10 13:38:47,0.0,0
2026-08-10 13:38:47,0.0,0
2026-08-10 13:38:47,0.0,0
2026-08-10 13:38:47,0.0,0
2026-08-10 13:38:47,0.0,0
2026-08-10 13:38:47,0.0,0
2026-08-10 13:38:47,0.0,0
2026-08-10 13:38:47,0.0,0
2026-08-10 13:38:47,0.0,0
2026-08-10 13:38:48,0.0,0
2026-08-10 13:38:48,0.0,0
2026-08-10 13:38:48,0.0,0
2026-08-10 13:38:48,0.0,0
2026-08-10 13:38:48,0.0,0
2026-08-10 13:38:48,0.0,0
2026-08-10 13:38:48,0.0,0
2026-08-10 13:38:48,0.0,0
2026-08-10 13:38:48,0.0,0
2026-08-10 13:38:48,0.0,0
2026-08-10 13:38:48,0.0,0
2026-08-10 13:38:48,0.0,0
2026-08-10 13:38:48,0.0,0
2026-08-10 13:38:48,0.0,0
2026-08-10 13:38:48,0.0,0
2026-08-10 13:38:48,0.0,0
2026-08-10 13:38:48,0.0,0
2026-08-10 13:38:48,0.0,0
2026-08-10 13:38:48,0.0,0
2026-08-10 13:38:48,0.0,0
2026-08-10 13:38:49,0.0,0
2026-08-10 13:38:49,0.0,0
2026-08-10 13:38:49,0.0,0
2026-08-10 13:38:49,0.0,0
2026-08-10 13:38:49,0.0,0
2026-08-10 13:38:49,0.0,0
2026-08-10 13:38:49,0.0,0
2026-08-10 13:38:49,0.0,0
2026-08-10 13:38:49,0.0,0
2026-08-10 13:38:49,0.0,0
2026-08-10 13:38:49,0.0,0
2026-08-10 13:38:49,0.0,0
2026-08-10 13:38:49,0.0,0
2026-08-10 13:38:49,0.0,0
2026-08-10 13:38:49,0.0,0
2026-08-10 13:38:49,0.0,0
2026-08-10 13:38:49,0.0,0
2026-08-10 13:38:49,0.0,0
2026-08-10 13:38:49,0.0,0
2026-08-10 13:38:49,0.0,0
2026-08-10 13:38:50,0.0,0
2026-08-10 13:38:50,0.0,0
2026-08-10 13:38:50,0.0,0
2026-08-10 13:38:50,0.0,0
2026-08-10 13:38:50,0.0,0
2026-08-10 13:38:50,0.0,0
2026-08-10 13:38:50,0.0,0
2026-08-10 13:38:50,0.0,0
2026-08-10 13:38:50,0.0,0
2026-08-10 13:38:50,0.0,0
2026-08-10 13:38:50,0.0,0
2026-08-10 13:38:50,0.0,0
2026-08-10 13:38:50,0.0,0
2026-08-10 13:38:50,0.0,0
2026-08-10 13:38:50,0.0,0
2026-08-10 13:38:50,0.0,0
2026-08-10 13:38:50,0.0,0
2026-08-10 13:38:50,0.0,0
2026-08-10 13:38:50,0.0,0
2026-08-10 13:38:50,0.0,0
2026-08-10 13:38:51,0.0,0
2026-08-10 13:38:51,0.0,0
2026-08-10 13:38:51,0.0,0
2026-08-10 13:38:51,0.0,0
2026-08-10 13:38:51,0.0,0
2026-08-10 13:38:51,0.0,0
2026-08-10 13:38:51,0.0,0
2026-08-10 13:38:51,0.0,0
2026-08-10 13:38:51,0.0,0
2026-08-10 13:38:51,0.0,0
2026-08-10 13:38:51,0.0,0
2026-08-10 13:38:51,0.0,0
2026-08-10 13:38:51,0.0,0
2026-08-10 13:38:51,0.0,0
2026-08-10 13:38:51,0.0,0
2026-08-10 13:38:51,0.0,0
2026-08-10 13:38:51,0.0,0
2026-08-10 13:38:51,0.0,0
2026-08-10 13:38:51,0.0,0
2026-08-10 13:38:51,0.0,0
2026-08-10 13:38:52,0.0,0
2026-08-10 13:38:52,0.0,0
2026-08-10 13:38:52,0.0,0
2026-08-10 13:38:52,0.0,0
2026-08-10 13:38:52,0.0,0
2026-08-10 13:38:52,0.0,0
2026-08-10 13:38:52,0.0,0
2026-08-10 13:38:52,0.0,0
2026-08-10 13:38:52,0.0,0
2026-08-10 13:38:52,0.0,0
2026-08-10 13:38:52,0.0,0
2026-08-10 13:38:52,0.0,0
2026-08-10 13:38:52,0.0,0
2026-08-10 13:38:52,0.0,0
2026-08-10 13:38:52,0.0,0
2026-08-10 13:38:52,0.0,0
2026-08-10 13:38:52,0.0,0
2026-08-10 13:38:52,0.0,0
2026-08-10 13:38:52,0.0,0
2026-08-10 13:38:52,0.0,0
2026-08-10 13:38:53,0.0,0
2026-08-10 13:38:53,0.0,0
2026-08-10 13:38:53,0.0,0
2026-08-10 13:38:53,0.0,0
2026-08-10 13:38:53,0.0,0
2026-08-10 13:38:53,0.0,0
2026-08-10 13:38:53,0.0,0
2026-08-10 13:38:53,0.0,0
2026-08-10 13:38:53,0.0,0
2026-08-10 13:38:53,0.0,0
2026-08-10 13:38:53,0.0,0
2026-08-10 13:38:53,0.0,0
2026-08-10 13:38:53,0.0,0
2026-08-10 13:38:53,0.0,0
2026-08-10 13:38:53,0.0,0
2026-08-10 13:38:53,0.0,0
2026-08-10 13:38:53,0.0,0
2026-08-10 13:38:53,0.0,0
2026-08-10 13:38:53,0.0,0
2026-08-10 13:38:53,0.0,0
2026-08-10 13:38:54,0.0,0
2026-08-10 13:38:54,0.0,0
2026-08-10 13:38:54,0.0,0
2026-08-10 13:38:54,0.0,0
2026-08-10 13:38:54,0.0,0
2026-08-10 13:38:54,0.0,0
2026-08-10 13:38:54,0.0,0
2026-08-10 13:38:54,0.0,0
2026-08-10 13:38:54,0.0,0
2026-08-10 13:38:54,0.0,0
2026-08-10 13:38:54,0.0,0
2026-08-10 13:38:54,0.0,0
2026-08-10 13:38:54,0.0,0
2026-08-10 13:38:54,0.0,0
2026-08-10 13:38:54,0.0,0
2026-08-10 13:38:54,0.0,0
2026-08-10 13:38:54,0.0,0
2026-08-10 13:38:54,0.0,0
2026-08-10 13:38:54,0.0,0
2026-08-10 13:38:54,0.0,0
2026-08-10 13:38:55,0.0,0
2026-08-10 13:38:55,0.0,0
2026-08-10 13:38:55,0.0,0
2026-08-10 13:38:55,0.0,0
2026-08-10 13:38:55,0.0,0
2026-08-10 13:38:55,0.0,0
2026-08-10 13:38:55,0.0,0
2026-08-10 13:38:55,0.0,0
2026-08-10 13:38:55,0.0,0
2026-08-10 13:38:55,0.0,0
2026-08-10 13:38:55,0.0,0
2026-08-10 13:38:55,0.0,0
2026-08-10 13:38:55,0.0,0
2026-08-10 13:38:55,0.0,0
2026-08-10 13:38:55,0.0,0
2026-08-10 13:38:55,0.0,0
2026-08-10 13:38:55,0.0,0
2026-08-10 13:38:55,0.0,0
2026-08-10 13:38:55,0.0,0
2026-08-10 13:38:55,0.0,0
2026-08-10 13:38:56,0.0,0
2026-08-10 13:38:56,0.0,0
2026-08-10 13:38:56,0.0,0
2026-08-10 13:38:56,0.0,0
2026-08-10 13:38:56,0.0,0
2026-08-10 13:38:56,0.0,0
2026-08-10 13:38:56,0.0,0
2026-08-10 13:38:56,0.0,0
2026-08-10 13:38:56,0.0,0
2026-08-10 13:38:56,0.0,0
2026-08-10 13:38:56,0.0,0
2026-08-10 13:38:56,0.0,0
2026-08-10 13:38:56,0.0,0
2026-08-10 13:38:56,0.0,0
2026-08-10 13:38:56,0.0,0
2026-08-10 13:38:56,0.0,0
2026-08-10 13:38:56,0.0,0
2026-08-10 13:38:56,0.0,0
2026-08-10 13:38:56,0.0,0
2026-08-10 13:38:56,0.0,0
2026-08-10 13:38:57,0.0,0
2026-08-10 13:38:57,0.0,0
2026-08-10 13:38:57,0.0,0
2026-08-10 13:38:57,0.0,0
2026-08-10 13:38:57,0.0,0
2026-08-10 13:38:57,0.0,0
2026-08-10 13:38:57,0.0,0
2026-08-10 13:38:57,0.0,0
2026-08-10 13:38:57,0.0,0
2026-08-10 13:38:57,0.0,0
2026-08-10 13:38:57,0.0,0
2026-08-10 13:38:57,0.0,0
2026-08-10 13:38:57,0.0,0
2026-08-10 13:38:57,0.0,0
2026-08-10 13:38:57,0.0,0
2026-08-10 13:38:57,0.0,0
2026-08-10 13:38:57,0.0,0
2026-08-10 13:38:57,0.0,0
2026-08-10 13:38:57,0.0,0
2026-08-10 13:38:57,0.0,0
2026-08-10 13:38:58,0.0,0
2026-08-10 13:38:58,0.0,0
2026-08-10 13:38:58,0.0,0
2026-08-10 13:38:58,0.0,0
2026-08-10 13:38:58,0.0,0
2026-08-10 13:38:58,0.0,0
2026-08-10 13:38:58,0.0,0
2026-08-10 13:38:58,0.0,0
2026-08-10 13:38:58,0.0,0
2026-08-10 13:38:58,0.0,0
2026-08-10 13:38:58,0.0,0
2026-08-10 13:38:58,0.0,0
2026-08-10 13:38:58,0.0,0
2026-08-10 13:38:58,0.0,0
2026-08-10 13:38:58,0.0,0
2026-08-10 13:38:58,0.0,0
2026-08-10 13:38:58,0.0,0
2026-08-10 13:38:58,0.0,0
2026-08-10 13:38:58,0.0,0
2026-08-10 13:38:58,0.0,0
2026-08-10 13:38:59,0.0,0
2026-08-10 13:38:59,0.0,0
2026-08-10 13:38:59,0.0,0
2026-08-10 13:38:59,0.0,0
2026-08-10 13:38:59,0.0,0
2026-08-10 13:38:59,0.0,0
2026-08-10 13:38:59,0.0,0
2026-08-10 13:38:59,0.0,0
2026-08-10 13:38:59,0.0,0
2026-08-10 13:38:59,0.0,0
2026-08-10 13:38:59,0.0,0
2026-08-10 13:38:59,0.0,0
2026-08-10 13:38:59,0.0,0
2026-08-10 13:38:59,0.0,0
2026-08-10 13:38:59,0.0,0
2026-08-10 13:38:59,0.0,0
2026-08-10 13:38:59,0.0,0
2026-08-10 13:38:59,0.0,0
2026-08-10 13:38:59,0.0,0
2026-08-10 13:38:59,0.0,0
2026-08-10 13:39:00,0.0,0
2026-08-10 13:39:00,0.0,0
2026-08-10 13:39:00,0.0,0
2026-08-10 13:39:00,0.0,0
2026-08-10 13:39:00,0.0,0
2026-08-10 13:39:00,0.0,0
2026-08-10 13:39:00,0.0,0
2026-08-10 13:39:00,0.0,0
2026-08-10 13:39:00,0.0,0
2026-08-10 13:39:00,0.0,0
2026-08-10 13:39:00,0.0,0
2026-08-10 13:39:00,0.0,0
2026-08-10 13:39:00,0.0,0
2026-08-10 13:39:00,0.0,0
2026-08-10 13:39:00,0.0,0
2026-08-10 13:39:00,0.0,0
2026-08-10 13:39:00,0.0,0
2026-08-10 13:39:00,0.0,0
2026-08-10 13:39:00,0.0,0
2026-08-10 13:39:00,0.0,0
2026-08-10 13:39:01,0.0,0
2026-08-10 13:39:01,0.0,0
2026-08-10 13:39:01,0.0,0
2026-08-10 13:39:01,0.0,0
2026-08-10 13:39:01,0.0,0
2026-08-10 13:39:01,0.0,0
2026-08-10 13:39:01,0.0,0
2026-08-10 13:39:01,0.0,0
2026-08-10 13:39:01,0.0,0
2026-08-10 13:39:01,0.0,0
2026-08-10 13:39:01,0.0,0
2026-08-10 13:39:01,0.0,0
2026-08-10 13:39:01,0.0,0
2026-08-10 13:39:01,0.0,0
2026-08-10 13:39:01,0.0,0
2026-08-10 13:39:01,0.0,0
2026-08-10 13:39:01,0.0,0
2026-08-10 13:39:01,0.0,0
2026-08-10 13:39:01,0.0,0
2026-08-10 13:39:01,0.0,0
2026-08-10 13:39:02,0.0,0
2026-08-10 13:39:02,0.0,0
2026-08-10 13:39:02,0.0,0
2026-08-10 13:39:02,0.0,0
2026-08-10 13:39:02,0.0,0
2026-08-10 13:39:02,0.0,0
2026-08-10 13:39:02,0.0,0
2026-08-10 13:39:02,0.0,0
2026-08-10 13:39:02,0.0,0
2026-08-10 13:39:02,0.0,0
2026-08-10 13:39:02,0.0,0
2026-08-10 13:39:02,0.0,0
2026-08-10 13:39:02,0.0,0
2026-08-10 13:39:02,0.0,0
2026-08-10 13:39:02,0.0,0
2026-08-10 13:39:02,0.0,0
2026-08-10 13:39:02,0.0,0
2026-08-10 13:39:02,0.0,0
2026-08-10 13:39:02,0.0,0
2026-08-10 13:39:02,0.0,0
2026-08-10 13:39:03,0.0,0
2026-08-10 13:39:03,0.0,0
2026-08-10 13:39:03,0.0,0
2026-08-10 13:39:03,0.0,0
2026-08-10 13:39:03,0.0,0
2026-08-10 13:39:03,0.0,0
2026-08-10 13:39:03,0.0,0
2026-08-10 13:39:03,0.0,0
2026-08-10 13:39:03,0.0,0
2026-08-10 13:39:03,0.0,0
2026-08-10 13:39:03,0.0,0
2026-08-10 13:39:03,0.0,0
2026-08-10 13:39:03,0.0,0
2026-08-10 13:39:03,0.0,0
2026-08-10 13:39:03,0.0,0
2026-08-10 13:39:03,0.0,0
2026-08-10 13:39:03,0.0,0
2026-08-10 13:39:03,0.0,0
2026-08-10 13:39:03,0.0,0
2026-08-10 13:39:03,0.0,0
2026-08-10 13:39:04,0.0,0
2026-08-10 13:39:04,0.0,0
2026-08-10 13:39:04,0.0,0
2026-08-10 13:39:04,0.0,0
2026-08-10 13:39:04,0.0,0
2026-08-10 13:39:04,0.0,0
2026-08-10 13:39:04,0.0,0
2026-08-10 13:39:04,0.0,0
2026-08-10 13:39:04,0.0,0
2026-08-10 13:39:04,0.0,0
2026-08-10 13:39:04,0.0,0
2026-08-10 13:39:04,0.0,0
2026-08-10 13:39:04,0.0,0
2026-08-10 13:39:04,0.0,0
2026-08-10 13:39:04,0.0,0
2026-08-10 13:39:04,0.0,0
2026-08-10 13:39:04,0.0,0
2026-08-10 13:39:04,0.0,0
2026-08-10 13:39:04,0.0,0
2026-08-10 13:39:04,0.0,0
2026-08-10 13:39:05,0.0,0
2026-08-10 13:39:05,0.0,0
2026-08-10 13:39:05,0.0,0
2026-08-10 13:39:05,0.0,0
2026-08-10 13:39:05,0.0,0
2026-08-10 13:39:05,0.0,0
2026-08-10 13:39:05,0.0,0
2026-08-10 13:39:05,0.0,0
2026-08-10 13:39:05,0.0,0
2026-08-10 13:39:05,0.0,0
2026-08-10 13:39:05,0.0,0
2026-08-10 13:39:05,0.0,0
2026-08-10 13:39:05,0.0,0
2026-08-10 13:39:05,0.0,0
2026-08-10 13:39:05,0.0,0
2026-08-10 13:39:05,0.0,0
2026-08-10 13:39:05,0.0,0
2026-08-10 13:39:05,0.0,0
2026-08-10 13:39:05,0.0,0
2026-08-10 13:39:05,0.0,0
2026-08-10 13:39:06,0.0,0
2026-08-10 13:39:06,0.0,0
2026-08-10 13:39:06,0.0,0
2026-08-10 13:39:06,0.0,0
2026-08-10 13:39:06,0.0,0
2026-08-10 13:39:06,0.0,0
2026-08-10 13:39:06,0.0,0
2026-08-10 13:39:06,0.0,0
2026-08-10 13:39:06,0.0,0
2026-08-10 13:39:06,0.0,0
2026-08-10 13:39:06,0.0,0
2026-08-10 13:39:06,0.0,0
2026-08-10 13:39:06,0.0,0
2026-08-10 13:39:06,0.0,0
2026-08-10 13:39:06,0.0,0
2026-08-10 13:39:06,0.0,0
2026-08-10 13:39:06,0.0,0
2026-08-10 13:39:06,0.0,0
2026-08-10 13:39:06,0.0,0
2026-08-10 13:39:06,0.0,0
2026-08-10 13:39:07,0.0,0
2026-08-10 13:39:07,0.0,0
2026-08-10 13:39:07,0.0,0
2026-08-10 13:39:07,0.0,0
2026-08-10 13:39:07,0.0,0
2026-08-10 13:39:07,0.0,0
2026-08-10 13:39:07,0.0,0
2026-08-10 13:39:07,0.0,0
2026-08-10 13:39:07,0.0,0
2026-08-10 13:39:07,0.0,0
2026-08-10 13:39:07,0.0,0
2026-08-10 13:39:07,0.0,0
2026-08-10 13:39:07,0.0,0
2026-08-10 13:39:07,0.0,0
2026-08-10 13:39:07,0.0,0
2026-08-10 13:39:07,0.0,0
2026-08-10 13:39:07,0.0,0
2026-08-10 13:39:07,0.0,0
2026-08-10 13:39:07,0.0,0
2026-08-10 13:39:07,0.0,0
2026-08-10 13:39:08,0.0,0
2026-08-10 13:39:08,0.0,0
2026-08-10 13:39:08,0.0,0
2026-08-10 13:39:08,0.0,0
2026-08-10 13:39:08,0.0,0
2026-08-10 13:39:08,0.0,0
2026-08-10 13:39:08,0.0,0
2026-08-10 13:39:08,0.0,0
2026-08-10 13:39:08,0.0,0
2026-08-10 13:39:08,0.0,0
2026-08-10 13:39:08,0.0,0
2026-08-10 13:39:08,0.0,0
2026-08-10 13:39:08,0.0,0
2026-08-10 13:39:08,0.0,0
2026-08-10 13:39:08,0.0,0
2026-08-10 13:39:08,0.0,0
2026-08-10 13:39:08,0.0,0
2026-08-10 13:39:08,0.0,0
2026-08-10 13:39:08,0.0,0
2026-08-10 13:39:08,0.0,0
2026-08-10 13:39:09,0.0,0
2026-08-10 13:39:09,0.0,0
2026-08-10 13:39:09,0.0,0
2026-08-10 13:39:09,0.0,0
2026-08-10 13:39:09,0.0,0
2026-08-10 13:39:09,0.0,0
2026-08-10 13:39:09,0.0,0
2026-08-10 13:39:09,0.0,0
2026-08-10 13:39:09,0.0,0
2026-08-10 13:39:09,0.0,0
2026-08-10 13:39:09,0.0,0
2026-08-10 13:39:09,0.0,0
2026-08-10 13:39:09,0.0,0
2026-08-10 13:39:09,0.0,0
2026-08-10 13:39:09,0.0,0
2026-08-10 13:39:09,0.0,0
2026-08-10 13:39:09,0.0,0
2026-08-10 13:39:09,0.0,0
2026-08-10 13:39:09,0.0,0
2026-08-10 13:39:09,0.0,0
2026-08-10 13:39:10,0.0,0
2026-08-10 13:39:10,0.0,0
2026-08-10 13:39:10,0.0,0
2026-08-10 13:39:10,0.0,0
2026-08-10 13:39:10,0.0,0
2026-08-10 13:39:10,0.0,0
2026-08-10 13:39:10,0.0,0
2026-08-10 13:39:10,0.0,0
2026-08-10 13:39:10,0.0,0
2026-08-10 13:39:10,0.0,0
2026-08-10 13:39:10,0.0,0
2026-08-10 13:39:10,0.0,0
2026-08-10 13:39:10,0.0,0
2026-08-10 13:39:10,0.0,0
2026-08-10 13:39:10,0.0,0
2026-08-10 13:39:10,0.0,0
2026-08-10 13:39:10,0.0,0
2026-08-10 13:39:10,0.0,0
2026-08-10 13:39:10,0.0,0
2026-08-10 13:39:10,0.0,0
2026-08-10 13:39:11,0.0,0
2026-08-10 13:39:11,0.0,0
2026-08-10 13:39:11,0.0,0
2026-08-10 13:39:11,0.0,0
2026-08-10 13:39:11,0.0,0
2026-08-10 13:39:11,0.0,0
2026-08-10 13:39:11,0.0,0
2026-08-10 13:39:11,0.0,0
2026-08-10 13:39:11,0.0,0
2026-08-10 13:39:11,0.0,0
2026-08-10 13:39:11,0.0,0
2026-08-10 13:39:11,0.0,0
2026-08-10 13:39:11,0.0,0
2026-08-10 13:39:11,0.0,0
2026-08-10 13:39:11,0.0,0
2026-08-10 13:39:11,0.0,0
2026-08-10 13:39:11,0.0,0
2026-08-10 13:39:11,0.0,0
2026-08-10 13:39:11,0.0,0
2026-08-10 13:39:11,0.0,0
2026-08-10 13:39:12,0.0,0
2026-08-10 13:39:12,0.0,0
2026-08-10 13:39:12,0.0,0
2026-08-10 13:39:12,0.0,0
2026-08-10 13:39:12,0.0,0
2026-08-10 13:39:12,0.0,0
2026-08-10 13:39:12,0.0,0
2026-08-10 13:39:12,0.0,0
2026-08-10 13:39:12,0.0,0
2026-08-10 13:39:12,0.0,0
2026-08-10 13:39:12,0.0,0
2026-08-10 13:39:12,0.0,0
2026-08-10 13:39:12,0.0,0
2026-08-10 13:39:12,0.0,0
2026-08-10 13:39:12,0.0,0
2026-08-10 13:39:12,0.0,0
2026-08-10 13:39:12,0.0,0
2026-08-10 13:39:12,0.0,0
2026-08-10 13:39:12,0.0,0
2026-08-10 13:39:12,0.0,0
2026-08-10 13:39:13,0.0,0
2026-08-10 13:39:13,0.0,0
2026-08-10 13:39:13,0.0,0
2026-08-10 13:39:13,0.0,0
2026-08-10 13:39:13,0.0,0
2026-08-10 13:39:13,0.0,0
2026-08-10 13:39:13,0.0,0
2026-08-10 13:39:13,0.0,0
2026-08-10 13:39:13,0.0,0
2026-08-10 13:39:13,0.0,0
2026-08-10 13:39:13,0.0,0
2026-08-10 13:39:13,0.0,0
2026-08-10 13:39:13,0.0,0
2026-08-10 13:39:13,0.0,0
2026-08-10 13:39:13,0.0,0
2026-08-10 13:39:13,0.0,0
2026-08-10 13:39:13,0.0,0
2026-08-10 13:39:13,0.0,0
2026-08-10 13:39:13,0.0,0
2026-08-10 13:39:13,0.0,0
2026-08-10 13:39:14,0.0,0
2026-08-10 13:39:14,0.0,0
2026-08-10 13:39:14,0.0,0
2026-08-10 13:39:14,0.0,0
2026-08-10 13:39:14,0.0,0
2026-08-10 13:39:14,0.0,0
2026-08-10 13:39:14,0.0,0
2026-08-10 13:39:14,0.0,0
2026-08-10 13:39:14,0.0,0
2026-08-10 13:39:14,0.0,0
2026-08-10 13:39:14,0.0,0
2026-08-10 13:39:14,0.0,0
2026-08-10 13:39:14,0.0,0
2026-08-10 13:39:14,0.0,0
2026-08-10 13:39:14,0.0,0
2026-08-10 13:39:14,0.0,0
2026-08-10 13:39:14,0.0,0
2026-08-10 13:39:14,0.0,0
2026-08-10 13:39:14,0.0,0
2026-08-10 13:39:14,0.0,0
2026-08-10 13:39:15,0.0,0
2026-08-10 13:39:15,0.0,0
2026-08-10 13:39:15,0.0,0
2026-08-10 13:39:15,0.0,0
2026-08-10 13:39:15,0.0,0
2026-08-10 13:39:15,0.0,0
2026-08-10 13:39:15,0.0,0
2026-08-10 13:39:15,0.0,0
2026-08-10 13:39:15,0.0,0
2026-08-10 13:39:15,0.0,0
2026-08-10 13:39:15,0.0,0
2026-08-10 13:39:15,0.0,0
2026-08-10 13:39:15,0.0,0
2026-08-10 13:39:15,0.0,0
2026-08-10 13:39:15,0.0,0
2026-08-10 13:39:15,0.0,0
2026-08-10 13:39:15,0.0,0
2026-08-10 13:39:15,0.0,0
2026-08-10 13:39:15,0.0,0
2026-08-10 13:39:15,0.0,0
2026-08-10 13:39:16,0.0,0
2026-08-10 13:39:16,0.0,0
2026-08-10 13:39:16,0.0,0
2026-08-10 13:39:16,0.0,0
2026-08-10 13:39:16,0.0,0
2026-08-10 13:39:16,0.0,0
2026-08-10 13:39:16,0.0,0
2026-08-10 13:39:16,0.0,0
2026-08-10 13:39:16,0.0,0
2026-08-10 13:39:16,0.0,0
2026-08-10 13:39:16,0.0,0
2026-08-10 13:39:16,0.0,0
2026-08-10 13:39:16,0.0,0
2026-08-10 13:39:16,0.0,0
2026-08-10 13:39:16,0.0,0
2026-08-10 13:39:16,0.0,0
2026-08-10 13:39:16,0.0,0
2026-08-10 13:39:16,0.0,0
2026-08-10 13:39:16,0.0,0
2026-08-10 13:39:16,0.0,0
2026-08-10 13:39:17,0.0,0
2026-08-10 13:39:17,0.0,0
2026-08-10 13:39:17,0.0,0
2026-08-10 13:39:17,0.0,0
2026-08-10 13:39:17,0.0,0
2026-08-10 13:39:17,0.0,0
2026-08-10 13:39:17,0.0,0
2026-08-10 13:39:17,0.0,0
2026-08-10 13:39:17,0.0,0
2026-08-10 13:39:17,0.0,0
2026-08-10 13:39:17,0.0,0
2026-08-10 13:39:17,0.0,0
2026-08-10 13:39:17,0.0,0
2026-08-10 13:39:17,0.0,0
2026-08-10 13:39:17,0.0,0
2026-08-10 13:39:17,0.0,0
2026-08-10 13:39:17,0.0,0
2026-08-10 13:39:17,0.0,0
2026-08-10 13:39:17,0.0,0
2026-08-10 13:39:17,0.0,0
2026-08-10 13:39:18,0.0,0
2026-08-10 13:39:18,0.0,0
2026-08-10 13:39:18,0.0,0
2026-08-10 13:39:18,0.0,0
2026-08-10 13:39:18,0.0,0
2026-08-10 13:39:18,0.0,0
2026-08-10 13:39:18,0.0,0
2026-08-10 13:39:18,0.0,0
2026-08-10 13:39:18,0.0,0
2026-08-10 13:39:18,0.0,0
2026-08-10 13:39:18,0.0,0
2026-08-10 13:39:18,0.0,0
2026-08-10 13:39:18,0.0,0
2026-08-10 13:39:18,0.0,0
2026-08-10 13:39:18,0.0,0
2026-08-10 13:39:18,0.0,0
2026-08-10 13:39:18,0.0,0
2026-08-10 13:39:18,0.0,0
2026-08-10 13:39:18,0.0,0
2026-08-10 13:39:18,0.0,0
2026-08-10 13:39:19,0.0,0
2026-08-10 13:39:19,0.0,0
2026-08-10 13:39:19,0.0,0
2026-08-10 13:39:19,0.0,0
2026-08-10 13:39:19,0.0,0
2026-08-10 13:39:19,0.0,0
2026-08-10 13:39:19,0.0,0
2026-08-10 13:39:19,0.0,0
2026-08-10 13:39:19,0.0,0
2026-08-10 13:39:19,0.0,0
2026-08-10 13:39:19,0.0,0
2026-08-10 13:39:19,0.0,0
2026-08-10 13:39:19,0.0,0
2026-08-10 13:39:19,0.0,0
2026-08-10 13:39:19,0.0,0
2026-08-10 13:39:19,0.0,0
2026-08-10 13:39:19,0.0,0
2026-08-10 13:39:19,0.0,0
2026-08-10 13:39:19,0.0,0
2026-08-10 13:39:19,0.0,0
2026-08-10 13:39:20,0.0,0
2026-08-10 13:39:20,0.0,0
2026-08-10 13:39:20,0.0,0
2026-08-10 13:39:20,0.0,0
2026-08-10 13:39:20,0.0,0
2026-08-10 13:39:20,0.0,0
2026-08-10 13:39:20,0.0,0
2026-08-10 13:39:20,0.0,0
2026-08-10 13:39:20,0.0,0
2026-08-10 13:39:20,0.0,0
2026-08-10 13:39:20,0.0,0
2026-08-10 13:39:20,0.0,0
2026-08-10 13:39:20,0.0,0
2026-08-10 13:39:20,0.0,0
2026-08-10 13:39:20,0.0,0
2026-08-10 13:39:20,0.0,0
2026-08-10 13:39:20,0.0,0
2026-08-10 13:39:20,0.0,0
2026-08-10 13:39:20,0.0,0
2026-08-10 13:39:20,0.0,0
2026-08-10 13:39:21,0.0,0
2026-08-10 13:39:21,0.0,0
2026-08-10 13:39:21,0.0,0
2026-08-10 13:39:21,0.0,0
2026-08-10 13:39:21,0.0,0
2026-08-10 13:39:21,0.0,0
2026-08-10 13:39:21,0.0,0
2026-08-10 13:39:21,0.0,0
2026-08-10 13:39:21,0.0,0
2026-08-10 13:39:21,0.0,0
2026-08-10 13:39:21,0.0,0
2026-08-10 13:39:21,0.0,0
2026-08-10 13:39:21,0.0,0
2026-08-10 13:39:21,0.0,0
2026-08-10 13:39:21,0.0,0
2026-08-10 13:39:21,0.0,0
2026-08-10 13:39:21,0.0,0
2026-08-10 13:39:21,0.0,0
2026-08-10 13:39:21,0.0,0
2026-08-10 13:39:21,0.0,0
2026-08-10 13:39:22,0.0,0
2026-08-10 13:39:22,0.0,0
2026-08-10 13:39:22,0.0,0
2026-08-10 13:39:22,0.0,0
2026-08-10 13:39:22,0.0,0
2026-08-10 13:39:22,0.0,0
2026-08-10 13:39:22,0.0,0
2026-08-10 13:39:22,0.0,0
2026-08-10 13:39:22,0.0,0
2026-08-10 13:39:22,0.0,0
2026-08-10 13:39:22,0.0,0
2026-08-10 13:39:22,0.0,0
2026-08-10 13:39:22,0.0,0
2026-08-10 13:39:22,0.0,0
2026-08-10 13:39:22,0.0,0
2026-08-10 13:39:22,0.0,0
2026-08-10 13:39:22,0.0,0
2026-08-10 13:39:22,0.0,0
2026-08-10 13:39:22,0.0,0
2026-08-10 13:39:22,0.0,0
2026-08-10 13:39:23,0.0,0
2026-08-10 13:39:23,0.0,0
2026-08-10 13:39:23,0.0,0
2026-08-10 13:39:23,0.0,0
2026-08-10 13:39:23,0.0,0
2026-08-10 13:39:23,0.0,0
2026-08-10 13:39:23,0.0,0
2026-08-10 13:39:23,0.0,1
2026-08-10 13:39:23,0.0,1
2026-08-10 13:39:23,0.0,1
2026-08-10 13:39:23,0.0,1
2026-08-10 13:39:23,0.0,1
2026-08-10 13:39:23,0.921875,1
2026-08-10 13:39:23,0.921875,1
2026-08-10 13:39:23,0.921875,1
2026-08-10 13:39:23,0.921875,1
2026-08-10 13:39:23,0.0,1
2026-08-10 13:39:23,0.0,1
2026-08-10 13:39:23,0.0,1
2026-08-10 13:39:23,0.0,1
2026-08-10 13:39:24,0.0,1
2026-08-10 13:39:24,0.0,1
2026-08-10 13:39:24,0.0,1
2026-08-10 13:39:24,0.0,1
2026-08-10 13:39:24,0.0,1
2026-08-10 13:39:24,0.0,1
2026-08-10 13:39:24,0.0,1
2026-08-10 13:39:24,0.0,1
2026-08-10 13:39:24,0.0,1
2026-08-10 13:39:24,0.0,1
2026-08-10 13:39:24,0.0,1
2026-08-10 13:39:24,0.0,1
2026-08-10 13:39:24,0.0,1
2026-08-10 13:39:24,0.0,1
2026-08-10 13:39:24,0.0,1
2026-08-10 13:39:24,0.0,1
2026-08-10 13:39:24,0.0,1
2026-08-10 13:39:24,0.0,1
2026-08-10 13:39:24,0.0,1
2026-08-10 13:39:24,0.0,1
2026-08-10 13:39:25,0.0,1
2026-08-10 13:39:25,0.0,1
2026-08-10 13:39:25,0.0,1
2026-08-10 13:39:25,0.0,1
2026-08-10 13:39:25,0.0,1
2026-08-10 13:39:25,0.0,1
2026-08-10 13:39:25,0.0,1
2026-08-10 13:39:25,0.0,1
2026-08-10 13:39:25,0.0,1
2026-08-10 13:39:25,0.0,1
2026-08-10 13:39:25,0.0,1
2026-08-10 13:39:25,0.0,1
2026-08-10 13:39:25,0.0,1
2026-08-10 13:39:25,0.0,1
2026-08-10 13:39:25,0.0,1
2026-08-10 13:39:25,0.0,1
2026-08-10 13:39:25,0.0,1
2026-08-10 13:39:25,0.0,1
2026-08-10 13:39:25,0.0,1
2026-08-10 13:39:25,0.0,1
2026-08-10 13:39:26,0.0,1
2026-08-10 13:39:26,0.0,1
2026-08-10 13:39:26,0.0,1
2026-08-10 13:39:26,0.0,0
2026-08-10 13:39:26,0.0,0
2026-08-10 13:39:26,0.0,0
2026-08-10 13:39:26,0.0,0
2026-08-10 13:39:26,0.0,0
2026-08-10 13:39:26,0.0,0
2026-08-10 13:39:26,0.0,0
2026-08-10 13:39:26,0.0,0
2026-08-10 13:39:26,0.0,0
2026-08-10 13:39:26,0.0,0
2026-08-10 13:39:26,0.0,0
2026-08-10 13:39:26,0.0,0
2026-08-10 13:39:26,0.0,0
2026-08-10 13:39:26,0.0,0
2026-08-10 13:39:26,0.0,0
2026-08-10 13:39:26,0.0,0
2026-08-10 13:39:26,0.0,0
2026-08-10 13:39:27,0.0,0
2026-08-10 13:39:27,0.0,0
2026-08-10 13:39:27,0.0,0
2026-08-10 13:39:27,0.0,0
2026-08-10 13:39:27,0.0,0
2026-08-10 13:39:27,0.0,0
2026-08-10 13:39:27,0.0,0
2026-08-10 13:39:27,0.0,0
2026-08-10 13:39:27,0.0,0
2026-08-10 13:39:27,0.0,0
2026-08-10 13:39:27,0.0,0
2026-08-10 13:39:27,0.0,0
2026-08-10 13:39:27,0.0,0
2026-08-10 13:39:27,0.0,0
2026-08-10 13:39:27,0.0,0
2026-08-10 13:39:27,0.0,0
2026-08-10 13:39:27,0.0,0
2026-08-10 13:39:27,0.0,0
2026-08-10 13:39:27,0.0,0
2026-08-10 13:39:27,0.0,0
2026-08-10 13:39:28,0.0,0
2026-08-10 13:39:28,0.0,0
2026-08-10 13:39:28,0.0,0
2026-08-10 13:39:28,0.0,0
2026-08-10 13:39:28,0.0,0
2026-08-10 13:39:28,0.0,0
2026-08-10 13:39:28,0.0,0
2026-08-10 13:39:28,0.0,0
2026-08-10 13:39:28,0.0,0
2026-08-10 13:39:28,0.0,0
2026-08-10 13:39:28,0.0,0
2026-08-10 13:39:28,0.0,0
2026-08-10 13:39:28,0.0,0
2026-08-10 13:39:28,0.0,0
2026-08-10 13:39:28,0.0,0
2026-08-10 13:39:28,0.0,0
2026-08-10 13:39:28,0.0,0
2026-08-10 13:39:28,0.0,0
2026-08-10 13:39:28,0.0,0
2026-08-10 13:39:28,0.0,0
2026-08-10 13:39:29,0.0,0
2026-08-10 13:39:29,0.0,0
2026-08-10 13:39:29,0.0,0
2026-08-10 13:39:29,0.0,0
2026-08-10 13:39:29,0.0,0
2026-08-10 13:39:29,0.0,0
2026-08-10 13:39:29,0.0,0
2026-08-10 13:39:29,0.0,0
2026-08-10 13:39:29,0.0,0
2026-08-10 13:39:29,0.0,0
2026-08-10 13:39:29,0.0,0
2026-08-10 13:39:29,0.0,0
2026-08-10 13:39:29,0.0,0
2026-08-10 13:39:29,0.0,0
2026-08-10 13:39:29,0.0,0
2026-08-10 13:39:29,0.0,0
2026-08-10 13:39:29,0.0,0
2026-08-10 13:39:29,0.0,0
2026-08-10 13:39:29,0.0,0
2026-08-10 13:39:29,0.0,0
2026-08-10 13:39:30,0.0,0
2026-08-10 13:39:30,0.0,0
2026-08-10 13:39:30,0.0,0
2026-08-10 13:39:30,0.0,0
2026-08-10 13:39:30,0.0,0
2026-08-10 13:39:30,0.0,0
2026-08-10 13:39:30,0.0,0
2026-08-10 13:39:30,0.0,0
2026-08-10 13:39:30,0.0,0
2026-08-10 13:39:30,0.0,0
2026-08-10 13:39:30,0.0,0
2026-08-10 13:39:30,0.0,0
2026-08-10 13:39:30,0.0,0
2026-08-10 13:39:30,0.0,0
2026-08-10 13:39:30,0.0,0
2026-08-10 13:39:30,0.0,0
2026-08-10 13:39:30,0.0,0
2026-08-10 13:39:30,0.0,0
2026-08-10 13:39:30,0.0,0
2026-08-10 13:39:30,0.0,0
2026-08-10 13:39:31,0.0,0
2026-08-10 13:39:31,0.0,0
2026-08-10 13:39:31,0.0,0
2026-08-10 13:39:31,0.0,0
2026-08-10 13:39:31,0.0,0
2026-08-10 13:39:31,0.0,0
2026-08-10 13:39:31,0.0,0
2026-08-10 13:39:31,0.0,0
2026-08-10 13:39:31,0.0,0
2026-08-10 13:39:31,0.0,0
2026-08-10 13:39:31,0.0,0
2026-08-10 13:39:31,0.0,0
2026-08-10 13:39:31,0.0,0
2026-08-10 13:39:31,0.0,0
2026-08-10 13:39:31,0.0,0
2026-08-10 13:39:31,0.0,0
2026-08-10 13:39:31,0.0,0
2026-08-10 13:39:31,0.0,0
2026-08-10 13:39:31,0.0,0
2026-08-10 13:39:31,0.0,0
2026-08-10 13:39:32,0.0,0
2026-08-10 13:39:32,0.0,0
2026-08-10 13:39:32,0.0,0
2026-08-10 13:39:32,0.0,0
2026-08-10 13:39:32,0.0,0
2026-08-10 13:39:32,0.0,0
2026-08-10 13:39:32,0.0,0
2026-08-10 13:39:32,0.0,0
2026-08-10 13:39:32,0.0,0
2026-08-10 13:39:32,0.0,0
2026-08-10 13:39:32,0.0,0
2026-08-10 13:39:32,0.0,0
2026-08-10 13:39:32,0.0,0
2026-08-10 13:39:32,0.0,0
2026-08-10 13:39:32,0.0,0
2026-08-10 13:39:32,0.0,0
2026-08-10 13:39:32,0.0,0
2026-08-10 13:39:32,0.0,0
2026-08-10 13:39:32,0.0,0
2026-08-10 13:39:32,0.0,0
2026-08-10 13:39:33,0.0,0
2026-08-10 13:39:33,0.0,0
2026-08-10 13:39:33,0.0,0
2026-08-10 13:39:33,0.0,0
2026-08-10 13:39:33,0.0,0
2026-08-10 13:39:33,0.0,0
2026-08-10 13:39:33,0.0,0
2026-08-10 13:39:33,0.0,0
2026-08-10 13:39:33,0.0,0
2026-08-10 13:39:33,0.0,0
2026-08-10 13:39:33,0.0,0
2026-08-10 13:39:33,0.0,0
2026-08-10 13:39:33,0.0,0
2026-08-10 13:39:33,0.0,0
2026-08-10 13:39:33,0.0,0
2026-08-10 13:39:33,0.0,0
2026-08-10 13:39:33,0.0,0
2026-08-10 13:39:33,0.0,0
2026-08-10 13:39:33,0.0,0
2026-08-10 13:39:33,0.0,0
2026-08-10 13:39:34,0.0,0
2026-08-10 13:39:34,0.0,0
2026-08-10 13:39:34,0.0,0
2026-08-10 13:39:34,0.0,0
2026-08-10 13:39:34,0.0,0
2026-08-10 13:39:34,0.0,0
2026-08-10 13:39:34,0.0,0
2026-08-10 13:39:34,0.0,0
2026-08-10 13:39:34,0.0,0
2026-08-10 13:39:34,0.0,0
2026-08-10 13:39:34,0.0,0
2026-08-10 13:39:34,0.0,0
2026-08-10 13:39:34,0.0,0
2026-08-10 13:39:34,0.0,0
2026-08-10 13:39:34,0.0,0
2026-08-10 13:39:34,0.0,0
2026-08-10 13:39:34,0.0,0
2026-08-10 13:39:34,0.0,0
2026-08-10 13:39:34,0.0,0
2026-08-10 13:39:34,0.0,0
2026-08-10 13:39:35,0.0,0
2026-08-10 13:39:35,0.0,0
2026-08-10 13:39:35,0.0,0
2026-08-10 13:39:35,0.0,0
2026-08-10 13:39:35,0.0,0
2026-08-10 13:39:35,0.0,0
2026-08-10 13:39:35,0.0,0
2026-08-10 13:39:35,0.0,0
2026-08-10 13:39:35,0.0,0
2026-08-10 13:39:35,0.0,0
2026-08-10 13:39:35,0.0,0
2026-08-10 13:39:35,0.0,0
2026-08-10 13:39:35,0.0,0
2026-08-10 13:39:35,0.0,0
2026-08-10 13:39:35,0.0,0
2026-08-10 13:39:35,0.0,0
2026-08-10 13:39:35,0.0,0
2026-08-10 13:39:35,0.0,0
2026-08-10 13:39:35,0.0,0
2026-08-10 13:39:35,0.0,0
2026-08-10 13:39:36,0.0,0
2026-08-10 13:39:36,0.0,0
2026-08-10 13:39:36,0.0,0
2026-08-10 13:39:36,0.0,1
2026-08-10 13:39:36,0.0,1
2026-08-10 13:39:36,0.0,1
2026-08-10 13:39:36,0.0,1
2026-08-10 13:39:36,0.0,1
2026-08-10 13:39:36,0.0,1
2026-08-10 13:39:36,0.0,1
2026-08-10 13:39:36,0.0,1
2026-08-10 13:39:36,0.0,1
2026-08-10 13:39:36,0.0,1
2026-08-10 13:39:36,0.0,1
2026-08-10 13:39:36,0.0,1
2026-08-10 13:39:36,0.0,1
2026-08-10 13:39:36,0.0,1
2026-08-10 13:39:36,0.0,1
2026-08-10 13:39:36,0.0,1
2026-08-10 13:39:36,0.0,1
2026-08-10 13:39:37,0.0,1
2026-08-10 13:39:37,0.0,1
2026-08-10 13:39:37,0.0,1
2026-08-10 13:39:37,0.0,1
2026-08-10 13:39:37,0.0,1
2026-08-10 13:39:37,0.0,1
2026-08-10 13:39:37,0.0,1
2026-08-10 13:39:37,0.0,1
2026-08-10 13:39:37,0.0,1
2026-08-10 13:39:37,0.0,1
2026-08-10 13:39:37,0.0,1
2026-08-10 13:39:37,0.0,1
2026-08-10 13:39:37,0.0,1
2026-08-10 13:39:37,0.0,1
2026-08-10 13:39:37,0.0,1
2026-08-10 13:39:37,0.0,1
2026-08-10 13:39:37,0.0,1
2026-08-10 13:39:37,0.0,1
2026-08-10 13:39:37,0.0,1
2026-08-10 13:39:37,0.0,1
2026-08-10 13:39:38,0.0,1
2026-08-10 13:39:38,0.0,1
2026-08-10 13:39:38,0.0,1
2026-08-10 13:39:38,0.0,1
2026-08-10 13:39:38,0.0,1
2026-08-10 13:39:38,0.0,1
2026-08-10 13:39:38,0.0,1
2026-08-10 13:39:38,0.0,1
2026-08-10 13:39:38,0.0,1
2026-08-10 13:39:38,0.0,1
2026-08-10 13:39:38,0.0,1
2026-08-10 13:39:38,0.0,1
2026-08-10 13:39:38,0.0,1
2026-08-10 13:39:38,0.0,1
2026-08-10 13:39:38,0.0,1
2026-08-10 13:39:38,0.0,1
2026-08-10 13:39:38,0.0,1
2026-08-10 13:39:38,0.0,1
2026-08-10 13:39:38,0.0,1
2026-08-10 13:39:38,0.0,1
2026-08-10 13:39:39,0.0,1
2026-08-10 13:39:39,0.0,1
2026-08-10 13:39:39,0.0,1
2026-08-10 13:39:39,0.0,1
2026-08-10 13:39:39,0.0,1
2026-08-10 13:39:39,0.0,1
2026-08-10 13:39:39,0.0,1
2026-08-10 13:39:39,0.0,1
2026-08-10 13:39:39,0.0,1
2026-08-10 13:39:39,0.0,1
2026-08-10 13:39:39,0.0,1
2026-08-10 13:39:39,0.0,1
2026-08-10 13:39:39,0.0,1
2026-08-10 13:39:39,0.0,1
2026-08-10 13:39:39,0.0,1
2026-08-10 13:39:39,0.0,1
2026-08-10 13:39:39,0.0,1
2026-08-10 13:39:39,0.0,1
2026-08-10 13:39:39,0.0,1
2026-08-10 13:39:39,0.0,1
2026-08-10 13:39:40,0.0,1
2026-08-10 13:39:40,0.0,1
2026-08-10 13:39:40,0.0,1
2026-08-10 13:39:40,0.0,1
2026-08-10 13:39:40,0.0,1
2026-08-10 13:39:40,0.0,1
2026-08-10 13:39:40,0.0,1
2026-08-10 13:39:40,0.0,1
2026-08-10 13:39:40,0.0,1
2026-08-10 13:39:40,0.0,1
2026-08-10 13:39:40,0.0,1
2026-08-10 13:39:40,0.0,1
2026-08-10 13:39:40,0.0,1
2026-08-10 13:39:40,0.0,1
2026-08-10 13:39:40,0.0,1
2026-08-10 13:39:40,0.0,1
2026-08-10 13:39:40,0.0,1
2026-08-10 13:39:40,0.0,1
2026-08-10 13:39:40,0.0,1
2026-08-10 13:39:40,0.0,1
2026-08-10 13:39:41,0.0,1
2026-08-10 13:39:41,0.0,1
2026-08-10 13:39:41,0.0,1
2026-08-10 13:39:41,0.0,1
2026-08-10 13:39:41,0.0,1
2026-08-10 13:39:41,0.0,1
2026-08-10 13:39:41,0.0,1
2026-08-10 13:39:41,0.0,1
2026-08-10 13:39:41,0.0,1
2026-08-10 13:39:41,0.0,1
2026-08-10 13:39:41,0.0,1
2026-08-10 13:39:41,0.0,1
2026-08-10 13:39:41,0.0,1
2026-08-10 13:39:41,0.0,1
2026-08-10 13:39:41,0.0,1
2026-08-10 13:39:41,0.0,1
2026-08-10 13:39:41,0.0,1
2026-08-10 13:39:41,0.0,1
2026-08-10 13:39:41,0.0,1
2026-08-10 13:39:41,0.0,1
2026-08-10 13:39:42,0.0,1
2026-08-10 13:39:42,0.0,1
2026-08-10 13:39:42,0.0,1
2026-08-10 13:39:42,0.0,1
2026-08-10 13:39:42,0.0,1
2026-08-10 13:39:42,0.0,1
2026-08-10 13:39:42,0.0,1
2026-08-10 13:39:42,0.0,1
2026-08-10 13:39:42,0.0,1
2026-08-10 13:39:42,0.0,1
2026-08-10 13:39:42,0.0,1
2026-08-10 13:39:42,0.0,1
2026-08-10 13:39:42,0.0,1
2026-08-10 13:39:42,0.0,1
2026-08-10 13:39:42,0.0,1
2026-08-10 13:39:42,0.0,1
2026-08-10 13:39:42,0.0,1
2026-08-10 13:39:42,0.0,1
2026-08-10 13:39:42,0.0,1
2026-08-10 13:39:42,0.0,1
2026-08-10 13:39:43,0.0,1
2026-08-10 13:39:43,0.0,1
2026-08-10 13:39:43,0.0,1
2026-08-10 13:39:43,0.0,1
2026-08-10 13:39:43,0.0,1
2026-08-10 13:39:43,0.0,1
2026-08-10 13:39:43,0.0,1
2026-08-10 13:39:43,0.0,1
2026-08-10 13:39:43,0.0,1
2026-08-10 13:39:43,0.0,1
2026-08-10 13:39:43,0.0,1
2026-08-10 13:39:43,0.0,1
2026-08-10 13:39:43,0.0,1
2026-08-10 13:39:43,0.0,1
2026-08-10 13:39:43,0.0,1
2026-08-10 13:39:43,0.0,1
2026-08-10 13:39:43,0.0,1
2026-08-10 13:39:43,0.0,1
2026-08-10 13:39:43,0.0,1
2026-08-10 13:39:43,0.0,1
2026-08-10 13:39:44,0.0,1
2026-08-10 13:39:44,0.0,1
2026-08-10 13:39:44,0.0,1
2026-08-10 13:39:44,0.0,1
2026-08-10 13:39:44,0.0,1
2026-08-10 13:39:44,0.0,1
2026-08-10 13:39:44,0.0,1
2026-08-10 13:39:44,0.0,1
2026-08-10 13:39:44,0.0,1
2026-08-10 13:39:44,0.0,1
2026-08-10 13:39:44,0.0,1
2026-08-10 13:39:44,0.0,1
2026-08-10 13:39:44,0.0,1
2026-08-10 13:39:44,0.0,1
2026-08-10 13:39:44,0.0,1
2026-08-10 13:39:44,0.0,1
2026-08-10 13:39:44,0.0,1
2026-08-10 13:39:44,0.0,1
2026-08-10 13:39:44,0.0,1
2026-08-10 13:39:44,0.0,1
2026-08-10 13:39:45,0.0,1
2026-08-10 13:39:45,0.0,1
2026-08-10 13:39:45,0.0,1
2026-08-10 13:39:45,0.0,1
2026-08-10 13:39:45,0.0,1
2026-08-10 13:39:45,0.0,1
2026-08-10 13:39:45,0.0,1
2026-08-10 13:39:45,0.0,1
2026-08-10 13:39:45,0.0,1
2026-08-10 13:39:45,0.0,1
2026-08-10 13:39:45,0.0,1
2026-08-10 13:39:45,0.0,1
2026-08-10 13:39:45,0.0,1
2026-08-10 13:39:45,0.0,1
2026-08-10 13:39:45,0.0,1
2026-08-10 13:39:45,0.0,1
2026-08-10 13:39:45,0.0,1
2026-08-10 13:39:45,0.0,1
2026-08-10 13:39:45,0.0,1
2026-08-10 13:39:45,0.0,1
2026-08-10 13:39:46,0.0,1
2026-08-10 13:39:46,0.0,1
2026-08-10 13:39:46,0.0,1
2026-08-10 13:39:46,0.0,1
2026-08-10 13:39:46,0.0,1
2026-08-10 13:39:46,0.0,1
2026-08-10 13:39:46,0.0,1
2026-08-10 13:39:46,0.0,1
2026-08-10 13:39:46,0.0,1
2026-08-10 13:39:46,0.0,1
2026-08-10 13:39:46,0.0,1
2026-08-10 13:39:46,0.0,1
2026-08-10 13:39:46,0.0,1
2026-08-10 13:39:46,0.0,1
2026-08-10 13:39:46,0.0,1
2026-08-10 13:39:46,0.0,1
2026-08-10 13:39:46,0.0,1
2026-08-10 13:39:46,0.0,1
2026-08-10 13:39:46,0.0,1
2026-08-10 13:39:46,0.0,1
2026-08-10 13:39:47,0.0,1
2026-08-10 13:39:47,0.0,1
2026-08-10 13:39:47,0.0,1
2026-08-10 13:39:47,0.0,1
2026-08-10 13:39:47,0.0,1
2026-08-10 13:39:47,0.0,1
2026-08-10 13:39:47,0.0,1
2026-08-10 13:39:47,0.0,1
2026-08-10 13:39:47,0.0,1
2026-08-10 13:39:47,0.0,1
2026-08-10 13:39:47,0.0,1
2026-08-10 13:39:47,0.0,1
2026-08-10 13:39:47,0.0,1
2026-08-10 13:39:47,0.0,1
2026-08-10 13:39:47,0.0,1
2026-08-10 13:39:47,0.0,1
2026-08-10 13:39:47,0.0,1
2026-08-10 13:39:47,0.0,1
2026-08-10 13:39:47,0.0,1
2026-08-10 13:39:47,0.0,1
2026-08-10 13:39:48,0.0,1
2026-08-10 13:39:48,0.0,1
2026-08-10 13:39:48,0.0,1
2026-08-10 13:39:48,0.0,1
2026-08-10 13:39:48,0.0,1
2026-08-10 13:39:48,0.0,1
2026-08-10 13:39:48,0.0,1
2026-08-10 13:39:48,0.0,1
2026-08-10 13:39:48,0.0,1
2026-08-10 13:39:48,0.0,1
2026-08-10 13:39:48,0.0,1
2026-08-10 13:39:48,0.0,1
2026-08-10 13:39:48,0.0,1
2026-08-10 13:39:48,0.0,1
2026-08-10 13:39:48,0.0,1
2026-08-10 13:39:48,0.0,1
2026-08-10 13:39:48,0.0,1
2026-08-10 13:39:48,0.0,1
2026-08-10 13:39:48,0.0,1
2026-08-10 13:39:48,0.0,1
2026-08-10 13:39:49,0.0,1
2026-08-10 13:39:49,0.0,1
2026-08-10 13:39:49,0.0,1
2026-08-10 13:39:49,0.0,1
2026-08-10 13:39:49,0.0,1
2026-08-10 13:39:49,0.0,1
2026-08-10 13:39:49,0.0,1
2026-08-10 13:39:49,0.0,1
2026-08-10 13:39:49,0.0,1
2026-08-10 13:39:49,0.0,1
2026-08-10 13:39:49,0.0,1
2026-08-10 13:39:49,0.0,1
2026-08-10 13:39:49,0.0,1
2026-08-10 13:39:49,0.0,1
2026-08-10 13:39:49,0.0,1
2026-08-10 13:39:49,0.0,1
2026-08-10 13:39:49,0.0,1
2026-08-10 13:39:49,0.0,1
2026-08-10 13:39:49,0.0,1
2026-08-10 13:39:49,0.0,1
2026-08-10 13:39:50,0.0,1
2026-08-10 13:39:50,0.0,1
2026-08-10 13:39:50,0.0,1
2026-08-10 13:39:50,0.0,1
2026-08-10 13:39:50,0.0,1
2026-08-10 13:39:50,0.0,1
2026-08-10 13:39:50,0.0,1
2026-08-10 13:39:50,0.0,1
2026-08-10 13:39:50,0.0,1
2026-08-10 13:39:50,0.0,1
2026-08-10 13:39:50,0.0,1
2026-08-10 13:39:50,0.0,1
2026-08-10 13:39:50,0.0,1
2026-08-10 13:39:50,0.0,1
2026-08-10 13:39:50,0.0,1
2026-08-10 13:39:50,0.0,1
2026-08-10 13:39:50,0.0,1
2026-08-10 13:39:50,0.0,1
2026-08-10 13:39:50,0.0,1
2026-08-10 13:39:50,0.0,1
2026-08-10 13:39:51,0.0,1
2026-08-10 13:39:51,0.0,1
2026-08-10 13:39:51,0.0,1
2026-08-10 13:39:51,0.0,1
2026-08-10 13:39:51,0.0,1
2026-08-10 13:39:51,0.0,1
2026-08-10 13:39:51,0.0,1
2026-08-10 13:39:51,0.0,1
2026-08-10 13:39:51,0.0,1
2026-08-10 13:39:51,0.0,1
2026-08-10 13:39:51,0.0,1
2026-08-10 13:39:51,0.0,1
2026-08-10 13:39:51,0.0,1
2026-08-10 13:39:51,0.0,1
2026-08-10 13:39:51,0.0,1
2026-08-10 13:39:51,0.0,1
2026-08-10 13:39:51,0.0,1
2026-08-10 13:39:51,0.0,1
2026-08-10 13:39:51,0.0,1
2026-08-10 13:39:51,0.0,1
2026-08-10 13:39:52,0.0,1
2026-08-10 13:39:52,0.0,1
2026-08-10 13:39:52,0.0,1
2026-08-10 13:39:52,0.0,1
2026-08-10 13:39:52,0.0,1
2026-08-10 13:39:52,0.0,1
2026-08-10 13:39:52,0.0,1
2026-08-10 13:39:52,0.0,1
2026-08-10 13:39:52,0.0,1
2026-08-10 13:39:52,0.0,1
2026-08-10 13:39:52,0.0,1
2026-08-10 13:39:52,0.0,1
2026-08-10 13:39:52,0.0,1
2026-08-10 13:39:52,0.0,1
2026-08-10 13:39:52,0.0,1
2026-08-10 13:39:52,0.0,1
2026-08-10 13:39:52,0.0,1
2026-08-10 13:39:52,0.0,1
2026-08-10 13:39:52,0.0,1
2026-08-10 13:39:52,0.0,1
2026-08-10 13:39:53,0.0,1
2026-08-10 13:39:53,0.0,1
2026-08-10 13:39:53,0.0,1
2026-08-10 13:39:53,0.0,1
2026-08-10 13:39:53,0.0,1
2026-08-10 13:39:53,0.0,1
2026-08-10 13:39:53,0.0,1
2026-08-10 13:39:53,0.0,1
2026-08-10 13:39:53,0.0,1
2026-08-10 13:39:53,0.0,1
2026-08-10 13:39:53,0.0,1
2026-08-10 13:39:53,0.0,1
2026-08-10 13:39:53,0.0,1
2026-08-10 13:39:53,0.0,1
2026-08-10 13:39:53,0.0,1
2026-08-10 13:39:53,0.0,1
2026-08-10 13:39:53,0.0,1
2026-08-10 13:39:53,0.0,1
2026-08-10 13:39:53,0.0,1
2026-08-10 13:39:53,0.0,1
2026-08-10 13:39:54,0.0,1
2026-08-10 13:39:54,0.0,1
2026-08-10 13:39:54,0.0,1
2026-08-10 13:39:54,0.0,1
2026-08-10 13:39:54,0.0,1
2026-08-10 13:39:54,0.0,1
2026-08-10 13:39:54,0.0,1
2026-08-10 13:39:54,0.0,1
2026-08-10 13:39:54,0.0,1
2026-08-10 13:39:54,0.0,1
2026-08-10 13:39:54,0.0,1
2026-08-10 13:39:54,0.0,1
2026-08-10 13:39:54,0.0,1
2026-08-10 13:39:54,0.0,1
2026-08-10 13:39:54,0.0,1
2026-08-10 13:39:54,0.0,1
2026-08-10 13:39:54,0.0,1
2026-08-10 13:39:54,0.0,1
2026-08-10 13:39:54,0.0,1
2026-08-10 13:39:54,0.0,1
2026-08-10 13:39:55,0.0,1
2026-08-10 13:39:55,0.0,1
2026-08-10 13:39:55,0.0,1
2026-08-10 13:39:55,0.0,1
2026-08-10 13:39:55,0.0,1
2026-08-10 13:39:55,0.0,1
2026-08-10 13:39:55,0.0,1
2026-08-10 13:39:55,0.0,1
2026-08-10 13:39:55,0.0,1
2026-08-10 13:39:55,0.0,1
2026-08-10 13:39:55,0.0,1
2026-08-10 13:39:55,0.0,1
2026-08-10 13:39:55,0.0,1
2026-08-10 13:39:55,0.0,1
2026-08-10 13:39:55,0.0,1
2026-08-10 13:39:55,0.0,1
2026-08-10 13:39:55,0.0,1
2026-08-10 13:39:55,0.0,1
2026-08-10 13:39:55,0.0,1
2026-08-10 13:39:55,0.0,1
2026-08-10 13:39:56,0.0,1
2026-08-10 13:39:56,0.0,1
2026-08-10 13:39:56,0.0,1
2026-08-10 13:39:56,0.0,1
2026-08-10 13:39:56,0.0,1
2026-08-10 13:39:56,0.0,1
2026-08-10 13:39:56,0.0,1
2026-08-10 13:39:56,0.0,1
2026-08-10 13:39:56,0.0,1
2026-08-10 13:39:56,0.0,1
2026-08-10 13:39:56,0.0,1
2026-08-10 13:39:56,0.0,1
2026-08-10 13:39:56,0.0,1
2026-08-10 13:39:56,0.0,1
2026-08-10 13:39:56,0.0,1
2026-08-10 13:39:56,0.0,1
2026-08-10 13:39:56,0.0,1
2026-08-10 13:39:56,0.0,1
2026-08-10 13:39:56,0.0,1
2026-08-10 13:39:56,0.0,1
2026-08-10 13:39:57,0.0,1
2026-08-10 13:39:57,0.0,1
2026-08-10 13:39:57,0.0,1
2026-08-10 13:39:57,0.0,1
2026-08-10 13:39:57,0.0,1
2026-08-10 13:39:57,0.0,1
2026-08-10 13:39:57,0.0,1
2026-08-10 13:39:57,0.0,1
2026-08-10 13:39:57,0.0,1
2026-08-10 13:39:57,0.0,1
2026-08-10 13:39:57,0.0,1
2026-08-10 13:39:57,0.0,1
2026-08-10 13:39:57,0.0,1
2026-08-10 13:39:57,0.0,1
2026-08-10 13:39:57,0.0,1
2026-08-10 13:39:57,0.0,1
2026-08-10 13:39:57,0.0,1
2026-08-10 13:39:57,0.0,1
2026-08-10 13:39:57,0.0,1
2026-08-10 13:39:57,0.0,1
2026-08-10 13:39:58,0.0,1
2026-08-10 13:39:58,0.0,1
2026-08-10 13:39:58,0.0,1
2026-08-10 13:39:58,0.0,1
2026-08-10 13:39:58,0.0,1
2026-08-10 13:39:58,0.0,1
2026-08-10 13:39:58,0.0,1
2026-08-10 13:39:58,0.0,1
2026-08-10 13:39:58,0.0,1
2026-08-10 13:39:58,0.0,1
2026-08-10 13:39:58,0.0,1
2026-08-10 13:39:58,0.0,1
2026-08-10 13:39:58,0.0,1
2026-08-10 13:39:58,0.0,1
2026-08-10 13:39:58,0.0,1
2026-08-10 13:39:58,0.0,1
2026-08-10 13:39:58,0.0,1
2026-08-10 13:39:58,0.0,1
2026-08-10 13:39:58,0.0,1
2026-08-10 13:39:58,0.0,1
2026-08-10 13:39:59,0.0,1
2026-08-10 13:39:59,0.0,1
2026-08-10 13:39:59,0.0,1
2026-08-10 13:39:59,0.0,1
2026-08-10 13:39:59,0.0,1
2026-08-10 13:39:59,0.0,1
2026-08-10 13:39:59,0.0,1
2026-08-10 13:39:59,0.0,1
2026-08-10 13:39:59,0.0,1
2026-08-10 13:39:59,0.0,1
2026-08-10 13:39:59,0.0,1
2026-08-10 13:39:59,0.0,1
2026-08-10 13:39:59,0.0,1
2026-08-10 13:39:59,0.0,1
2026-08-10 13:39:59,0.0,1
2026-08-10 13:39:59,0.0,1
2026-08-10 13:39:59,0.0,1
2026-08-10 13:39:59,0.0,1
2026-08-10 13:39:59,0.0,1
2026-08-10 13:39:59,0.0,1
2026-08-10 13:40:00,0.0,1
2026-08-10 13:40:00,0.0,1
2026-08-10 13:40:00,0.0,1
2026-08-10 13:40:00,0.0,1
2026-08-10 13:40:00,0.0,1
2026-08-10 13:40:00,0.0,1
2026-08-10 13:40:00,0.0,1
2026-08-10 13:40:00,0.0,1
2026-08-10 13:40:00,0.0,1
2026-08-10 13:40:00,0.0,1
2026-08-10 13:40:00,0.0,1
2026-08-10 13:40:00,0.0,1
2026-08-10 13:40:00,0.0,1
2026-08-10 13:40:00,0.0,1
2026-08-10 13:40:00,0.0,1
2026-08-10 13:40:00,0.0,1
2026-08-10 13:40:00,0.6875,1
2026-08-10 13:40:00,0.6875,1
2026-08-10 13:40:00,0.6875,1
2026-08-10 13:40:00,0.6875,1
2026-08-10 13:40:01,0.78125,1
2026-08-10 13:40:01,0.78125,1
2026-08-10 13:40:01,1.265625,1
2026-08-10 13:40:01,1.265625,1
2026-08-10 13:40:01,1.3125,1
2026-08-10 13:40:01,1.3125,1
2026-08-10 13:40:01,1.375,1
2026-08-10 13:40:01,1.375,1
2026-08-10 13:40:01,1.4375,1
2026-08-10 13:40:01,1.4375,1
2026-08-10 13:40:01,2.140625,1
2026-08-10 13:40:01,2.140625,1
2026-08-10 13:40:01,2.15625,1
2026-08-10 13:40:01,2.15625,1
2026-08-10 13:40:01,2.125,1
2026-08-10 13:40:01,2.125,1
2026-08-10 13:40:01,2.421875,1
2026-08-10 13:40:01,2.421875,1
2026-08-10 13:40:01,2.46875,1
2026-08-10 13:40:01,2.46875,1
2026-08-10 13:40:02,2.53125,1
2026-08-10 13:40:02,2.53125,1
2026-08-10 13:40:02,2.5625,1
2026-08-10 13:40:02,2.5625,1
2026-08-10 13:40:02,3.859375,1
2026-08-10 13:40:02,3.859375,1
2026-08-10 13:40:02,3.796875,1
2026-08-10 13:40:02,3.796875,1
2026-08-10 13:40:02,3.65625,1
2026-08-10 13:40:02,3.65625,1
2026-08-10 13:40:02,4.625,1
2026-08-10 13:40:02,4.625,1
2026-08-10 13:40:02,4.984375,1
2026-08-10 13:40:02,4.984375,1
2026-08-10 13:40:02,5.25,1
2026-08-10 13:40:02,5.25,1
2026-08-10 13:40:02,5.609375,1
2026-08-10 13:40:02,5.609375,1
2026-08-10 13:40:02,8.0625,1
2026-08-10 13:40:02,8.0625,1
2026-08-10 13:40:03,8.234375,1
2026-08-10 13:40:03,8.234375,1
2026-08-10 13:40:03,8.40625,1
2026-08-10 13:40:03,8.40625,1
2026-08-10 13:40:03,12.09375,1
2026-08-10 13:40:03,12.09375,1
2026-08-10 13:40:03,12.4375,1
2026-08-10 13:40:03,12.4375,1
2026-08-10 13:40:03,12.71875,1
2026-08-10 13:40:03,12.71875,1
2026-08-10 13:40:03,12.953125,1
2026-08-10 13:40:03,12.953125,1
2026-08-10 13:40:03,16.203125,1
2026-08-10 13:40:03,16.203125,1
2026-08-10 13:40:03,16.359375,1
2026-08-10 13:40:03,16.359375,1
2026-08-10 13:40:03,16.578125,1
2026-08-10 13:40:03,16.578125,1
2026-08-10 13:40:03,16.703125,1
2026-08-10 13:40:03,16.703125,1
2026-08-10 13:40:04,18.78125,1
2026-08-10 13:40:04,18.78125,1
2026-08-10 13:40:04,19.09375,1
2026-08-10 13:40:04,19.09375,1
2026-08-10 13:40:04,19.34375,1
2026-08-10 13:40:04,19.34375,1
2026-08-10 13:40:04,20.03125,1
2026-08-10 13:40:04,20.03125,1
2026-08-10 13:40:04,20.0,1
2026-08-10 13:40:04,20.0,1
2026-08-10 13:40:04,20.078125,1
2026-08-10 13:40:04,20.078125,1
2026-08-10 13:40:04,21.703125,1
2026-08-10 13:40:04,21.703125,1
2026-08-10 13:40:04,21.625,1
2026-08-10 13:40:04,21.625,1
2026-08-10 13:40:04,21.84375,1
2026-08-10 13:40:04,21.84375,1
2026-08-10 13:40:04,21.84375,1
2026-08-10 13:40:04,21.84375,1
2026-08-10 13:40:05,22.453125,1
2026-08-10 13:40:05,22.453125,1
2026-08-10 13:40:05,22.625,1
2026-08-10 13:40:05,22.625,1
2026-08-10 13:40:05,22.484375,1
2026-08-10 13:40:05,22.484375,1
2026-08-10 13:40:05,22.484375,1
2026-08-10 13:40:05,22.484375,1
2026-08-10 13:40:05,22.578125,1
2026-08-10 13:40:05,22.578125,1
2026-08-10 13:40:05,22.4375,1
2026-08-10 13:40:05,22.4375,1
2026-08-10 13:40:05,22.390625,1
2026-08-10 13:40:05,22.390625,1
2026-08-10 13:40:05,20.984375,1
2026-08-10 13:40:05,20.984375,1
2026-08-10 13:40:05,20.921875,1
2026-08-10 13:40:05,20.921875,1
2026-08-10 13:40:05,20.875,1
2026-08-10 13:40:05,20.875,1
2026-08-10 13:40:06,20.796875,1
2026-08-10 13:40:06,20.796875,1
2026-08-10 13:40:06,20.203125,1
2026-08-10 13:40:06,20.203125,1
2026-08-10 13:40:06,20.046875,1
2026-08-10 13:40:06,20.046875,1
2026-08-10 13:40:06,20.015625,1
2026-08-10 13:40:06,20.015625,1
2026-08-10 13:40:06,19.640625,1
2026-08-10 13:40:06,19.640625,1
2026-08-10 13:40:06,19.65625,1
2026-08-10 13:40:06,19.65625,1
2026-08-10 13:40:06,19.6875,1
2026-08-10 13:40:06,19.6875,1
2026-08-10 13:40:06,19.546875,1
2026-08-10 13:40:06,19.546875,1
2026-08-10 13:40:06,19.84375,1
2026-08-10 13:40:06,19.84375,1
2026-08-10 13:40:06,19.8125,1
2026-08-10 13:40:06,19.8125,1
2026-08-10 13:40:07,19.984375,1
2026-08-10 13:40:07,19.984375,1
2026-08-10 13:40:07,20.859375,1
2026-08-10 13:40:07,20.859375,1
2026-08-10 13:40:07,20.765625,1
2026-08-10 13:40:07,20.765625,1
2026-08-10 13:40:07,20.84375,1
2026-08-10 13:40:07,20.84375,1
2026-08-10 13:40:07,20.953125,1
2026-08-10 13:40:07,20.953125,1
2026-08-10 13:40:07,21.859375,1
2026-08-10 13:40:07,21.859375,1
2026-08-10 13:40:07,21.859375,1
2026-08-10 13:40:07,21.859375,1
2026-08-10 13:40:07,21.9375,1
2026-08-10 13:40:07,21.9375,1
2026-08-10 13:40:07,22.578125,1
2026-08-10 13:40:07,22.578125,1
2026-08-10 13:40:07,22.4375,1
2026-08-10 13:40:07,22.4375,1
2026-08-10 13:40:08,22.625,1
2026-08-10 13:40:08,22.625,1
2026-08-10 13:40:08,22.625,1
2026-08-10 13:40:08,22.625,1
2026-08-10 13:40:08,22.875,1
2026-08-10 13:40:08,22.875,1
2026-08-10 13:40:08,22.84375,1
2026-08-10 13:40:08,22.84375,1
2026-08-10 13:40:08,22.953125,1
2026-08-10 13:40:08,22.953125,1
2026-08-10 13:40:08,22.953125,1
2026-08-10 13:40:08,22.953125,1
2026-08-10 13:40:08,22.96875,1
2026-08-10 13:40:08,22.96875,1
2026-08-10 13:40:08,22.90625,1
2026-08-10 13:40:08,22.90625,1
2026-08-10 13:40:08,22.90625,1
2026-08-10 13:40:08,22.90625,1
2026-08-10 13:40:08,22.890625,1
2026-08-10 13:40:08,22.890625,1
2026-08-10 13:40:09,22.90625,1
2026-08-10 13:40:09,22.90625,1
2026-08-10 13:40:09,22.796875,1
2026-08-10 13:40:09,22.796875,1
2026-08-10 13:40:09,23.015625,1
2026-08-10 13:40:09,23.015625,1
2026-08-10 13:40:09,21.359375,1
2026-08-10 13:40:09,21.359375,1
2026-08-10 13:40:09,21.359375,1
2026-08-10 13:40:09,21.359375,1
2026-08-10 13:40:09,21.390625,1
2026-08-10 13:40:09,21.390625,1
2026-08-10 13:40:09,20.671875,1
2026-08-10 13:40:09,20.671875,1
2026-08-10 13:40:09,20.640625,1
2026-08-10 13:40:09,20.640625,1
2026-08-10 13:40:09,20.609375,1
2026-08-10 13:40:09,20.609375,1
2026-08-10 13:40:09,20.546875,1
2026-08-10 13:40:09,20.546875,1
2026-08-10 13:40:10,20.015625,1
2026-08-10 13:40:10,20.015625,1
2026-08-10 13:40:10,19.984375,1
2026-08-10 13:40:10,19.984375,1
2026-08-10 13:40:10,19.953125,1
2026-08-10 13:40:10,19.953125,1
2026-08-10 13:40:10,19.90625,1
2026-08-10 13:40:10,19.90625,1
2026-08-10 13:40:10,19.8125,1
2026-08-10 13:40:10,19.8125,1
2026-08-10 13:40:10,19.75,1
2026-08-10 13:40:10,19.75,1
2026-08-10 13:40:10,19.734375,1
2026-08-10 13:40:10,19.734375,1
2026-08-10 13:40:10,19.8125,1
2026-08-10 13:40:10,19.8125,1
2026-08-10 13:40:10,19.84375,1
2026-08-10 13:40:10,19.84375,1
2026-08-10 13:40:10,19.828125,1
2026-08-10 13:40:10,19.828125,1
2026-08-10 13:40:11,19.84375,1
2026-08-10 13:40:11,19.84375,1
2026-08-10 13:40:11,19.546875,1
2026-08-10 13:40:11,19.546875,1
2026-08-10 13:40:11,19.546875,1
2026-08-10 13:40:11,19.546875,1
2026-08-10 13:40:11,19.453125,1
2026-08-10 13:40:11,19.453125,1
2026-08-10 13:40:11,19.640625,1
2026-08-10 13:40:11,19.640625,1
2026-08-10 13:40:11,19.75,1
2026-08-10 13:40:11,19.75,1
2026-08-10 13:40:11,19.734375,1
2026-08-10 13:40:11,19.734375,1
2026-08-10 13:40:11,19.75,1
2026-08-10 13:40:11,19.75,1
2026-08-10 13:40:11,19.3125,1
2026-08-10 13:40:11,19.3125,1
2026-08-10 13:40:11,19.328125,1
2026-08-10 13:40:11,19.328125,1
2026-08-10 13:40:12,19.25,1
2026-08-10 13:40:12,19.25,1
2026-08-10 13:40:12,20.828125,1
2026-08-10 13:40:12,20.828125,1
2026-08-10 13:40:12,20.90625,1
2026-08-10 13:40:12,20.90625,1
2026-08-10 13:40:12,21.0,1
2026-08-10 13:40:12,21.0,1
2026-08-10 13:40:12,21.171875,1
2026-08-10 13:40:12,21.171875,1
2026-08-10 13:40:12,19.15625,1
2026-08-10 13:40:12,19.15625,1
2026-08-10 13:40:12,19.171875,1
2026-08-10 13:40:12,19.171875,1
2026-08-10 13:40:12,19.640625,1
2026-08-10 13:40:12,19.640625,1
2026-08-10 13:40:12,21.03125,1
2026-08-10 13:40:12,21.03125,1
2026-08-10 13:40:12,21.0,1
2026-08-10 13:40:12,21.0,1
2026-08-10 13:40:13,20.875,1
2026-08-10 13:40:13,20.875,1
2026-08-10 13:40:13,20.65625,1
2026-08-10 13:40:13,20.65625,1
2026-08-10 13:40:13,20.4375,1
2026-08-10 13:40:13,20.4375,1
2026-08-10 13:40:13,20.546875,1
2026-08-10 13:40:13,20.546875,1
2026-08-10 13:40:13,20.640625,1
2026-08-10 13:40:13,20.640625,1
2026-08-10 13:40:13,20.65625,1
2026-08-10 13:40:13,20.65625,1
2026-08-10 13:40:13,22.0,1
2026-08-10 13:40:13,22.0,1
2026-08-10 13:40:13,21.953125,1
2026-08-10 13:40:13,21.953125,1
2026-08-10 13:40:13,22.0625,1
2026-08-10 13:40:13,22.0625,1
2026-08-10 13:40:13,22.796875,1
2026-08-10 13:40:13,22.796875,1
2026-08-10 13:40:14,22.703125,1
2026-08-10 13:40:14,22.703125,1
2026-08-10 13:40:14,22.703125,1
2026-08-10 13:40:14,22.703125,1
2026-08-10 13:40:14,22.8125,1
2026-08-10 13:40:14,22.8125,1
2026-08-10 13:40:14,23.0625,1
2026-08-10 13:40:14,23.0625,1
2026-08-10 13:40:14,23.09375,1
2026-08-10 13:40:14,23.09375,1
2026-08-10 13:40:14,23.046875,1
2026-08-10 13:40:14,23.046875,1
2026-08-10 13:40:14,22.5625,1
2026-08-10 13:40:14,22.5625,1
2026-08-10 13:40:14,22.5625,1
2026-08-10 13:40:14,22.5625,1
2026-08-10 13:40:14,22.390625,1
2026-08-10 13:40:14,22.390625,1
2026-08-10 13:40:14,22.125,1
2026-08-10 13:40:14,22.125,1
2026-08-10 13:40:15,21.328125,1
2026-08-10 13:40:15,21.328125,1
2026-08-10 13:40:15,21.328125,1
2026-08-10 13:40:15,21.328125,1
2026-08-10 13:40:15,21.4375,1
2026-08-10 13:40:15,21.4375,1
2026-08-10 13:40:15,20.546875,1
2026-08-10 13:40:15,20.546875,1
2026-08-10 13:40:15,20.5625,1
2026-08-10 13:40:15,20.5625,1
2026-08-10 13:40:15,20.625,1
2026-08-10 13:40:15,20.625,1
2026-08-10 13:40:15,20.4375,1
2026-08-10 13:40:15,20.4375,1
2026-08-10 13:40:15,20.09375,1
2026-08-10 13:40:15,20.09375,1
2026-08-10 13:40:15,20.03125,1
2026-08-10 13:40:15,20.03125,1
2026-08-10 13:40:15,20.03125,1
2026-08-10 13:40:15,20.03125,1
2026-08-10 13:40:16,20.0625,1
2026-08-10 13:40:16,20.0625,1
2026-08-10 13:40:16,19.625,1
2026-08-10 13:40:16,19.625,1
2026-08-10 13:40:16,19.625,1
2026-08-10 13:40:16,19.625,1
2026-08-10 13:40:16,19.65625,1
2026-08-10 13:40:16,19.65625,1
2026-08-10 13:40:16,19.515625,1
2026-08-10 13:40:16,19.515625,1
2026-08-10 13:40:16,19.515625,1
2026-08-10 13:40:16,19.515625,1
2026-08-10 13:40:16,19.4375,1
2026-08-10 13:40:16,19.4375,1
2026-08-10 13:40:16,19.390625,1
2026-08-10 13:40:16,19.390625,1
2026-08-10 13:40:16,18.96875,1
2026-08-10 13:40:16,18.96875,1
2026-08-10 13:40:16,19.046875,1
2026-08-10 13:40:16,19.046875,1
2026-08-10 13:40:17,19.296875,1
2026-08-10 13:40:17,19.296875,1
2026-08-10 13:40:17,19.40625,1
2026-08-10 13:40:17,19.40625,1
2026-08-10 13:40:17,19.375,1
2026-08-10 13:40:17,19.375,1
2026-08-10 13:40:17,19.40625,1
2026-08-10 13:40:17,19.40625,1
2026-08-10 13:40:17,19.390625,1
2026-08-10 13:40:17,19.390625,1
2026-08-10 13:40:17,20.6875,1
2026-08-10 13:40:17,20.6875,1
2026-08-10 13:40:17,21.140625,1
2026-08-10 13:40:17,21.140625,1
2026-08-10 13:40:17,21.359375,1
2026-08-10 13:40:17,21.359375,1
2026-08-10 13:40:17,21.359375,1
2026-08-10 13:40:17,21.359375,1
2026-08-10 13:40:17,20.078125,1
2026-08-10 13:40:17,20.078125,1
2026-08-10 13:40:18,19.921875,1
2026-08-10 13:40:18,19.921875,1
2026-08-10 13:40:18,19.859375,1
2026-08-10 13:40:18,19.859375,1
2026-08-10 13:40:18,19.140625,1
2026-08-10 13:40:18,19.140625,1
2026-08-10 13:40:18,19.140625,1
2026-08-10 13:40:18,19.140625,1
2026-08-10 13:40:18,19.140625,1
2026-08-10 13:40:18,19.140625,1
2026-08-10 13:40:18,18.515625,1
2026-08-10 13:40:18,18.515625,1
2026-08-10 13:40:18,18.390625,1
2026-08-10 13:40:18,18.390625,1
2026-08-10 13:40:18,18.390625,1
2026-08-10 13:40:18,18.390625,1
2026-08-10 13:40:18,18.421875,1
2026-08-10 13:40:18,18.421875,1
2026-08-10 13:40:18,17.6875,1
2026-08-10 13:40:18,17.6875,1
2026-08-10 13:40:19,17.703125,1
2026-08-10 13:40:19,17.703125,1
2026-08-10 13:40:19,17.640625,1
2026-08-10 13:40:19,17.640625,1
2026-08-10 13:40:19,17.78125,1
2026-08-10 13:40:19,17.78125,1
2026-08-10 13:40:19,17.484375,1
2026-08-10 13:40:19,17.484375,1
2026-08-10 13:40:19,17.375,1
2026-08-10 13:40:19,17.375,1
2026-08-10 13:40:19,17.359375,1
2026-08-10 13:40:19,17.359375,1
2026-08-10 13:40:19,17.40625,1
2026-08-10 13:40:19,17.40625,1
2026-08-10 13:40:19,17.5,1
2026-08-10 13:40:19,17.5,1
2026-08-10 13:40:19,17.609375,1
2026-08-10 13:40:19,17.609375,1
2026-08-10 13:40:19,17.6875,1
2026-08-10 13:40:19,17.6875,1
2026-08-10 13:40:20,18.859375,1
2026-08-10 13:40:20,18.859375,1
2026-08-10 13:40:20,18.84375,1
2026-08-10 13:40:20,18.84375,1
2026-08-10 13:40:20,18.84375,1
2026-08-10 13:40:20,18.84375,1
2026-08-10 13:40:20,20.796875,1
2026-08-10 13:40:20,20.796875,1
2026-08-10 13:40:20,20.8125,1
2026-08-10 13:40:20,20.8125,1
2026-08-10 13:40:20,20.953125,1
2026-08-10 13:40:20,20.953125,1
2026-08-10 13:40:20,21.109375,1
2026-08-10 13:40:20,21.109375,1
2026-08-10 13:40:20,23.171875,1
2026-08-10 13:40:20,23.171875,1
2026-08-10 13:40:20,22.90625,1
2026-08-10 13:40:20,22.90625,1
2026-08-10 13:40:20,22.828125,1
2026-08-10 13:40:20,22.828125,1
2026-08-10 13:40:21,22.765625,1
2026-08-10 13:40:21,22.765625,1
2026-08-10 13:40:21,23.0625,1
2026-08-10 13:40:21,23.0625,1
2026-08-10 13:40:21,22.984375,1
2026-08-10 13:40:21,22.984375,1
2026-08-10 13:40:21,23.0625,1
2026-08-10 13:40:21,23.0625,1
2026-08-10 13:40:21,22.796875,1
2026-08-10 13:40:21,22.796875,1
2026-08-10 13:40:21,22.65625,1
2026-08-10 13:40:21,22.65625,1
2026-08-10 13:40:21,22.6875,1
2026-08-10 13:40:21,22.6875,1
2026-08-10 13:40:21,22.453125,1
2026-08-10 13:40:21,22.453125,1
2026-08-10 13:40:21,22.59375,1
2026-08-10 13:40:21,22.59375,1
2026-08-10 13:40:21,22.53125,1
2026-08-10 13:40:21,22.53125,1
2026-08-10 13:40:22,22.578125,1
2026-08-10 13:40:22,22.578125,1
2026-08-10 13:40:22,22.5,1
2026-08-10 13:40:22,22.5,1
2026-08-10 13:40:22,22.4375,1
2026-08-10 13:40:22,22.4375,1
2026-08-10 13:40:22,22.5625,1
2026-08-10 13:40:22,22.5625,1
2026-08-10 13:40:22,22.375,1
2026-08-10 13:40:22,22.375,1
2026-08-10 13:40:22,22.234375,1
2026-08-10 13:40:22,22.234375,1
2026-08-10 13:40:22,22.09375,1
2026-08-10 13:40:22,22.09375,1
2026-08-10 13:40:22,22.078125,1
2026-08-10 13:40:22,22.078125,1
2026-08-10 13:40:22,21.21875,1
2026-08-10 13:40:22,21.21875,1
2026-08-10 13:40:22,21.09375,1
2026-08-10 13:40:22,21.09375,1
2026-08-10 13:40:23,21.1875,1
2026-08-10 13:40:23,21.1875,1
2026-08-10 13:40:23,21.0625,1
2026-08-10 13:40:23,21.0625,1
2026-08-10 13:40:23,20.3125,1
2026-08-10 13:40:23,20.3125,1
2026-08-10 13:40:23,20.21875,1
2026-08-10 13:40:23,20.21875,1
2026-08-10 13:40:23,20.265625,1
2026-08-10 13:40:23,20.265625,1
2026-08-10 13:40:23,19.84375,1
2026-08-10 13:40:23,19.84375,1
2026-08-10 13:40:23,19.8125,1
2026-08-10 13:40:23,19.8125,1
2026-08-10 13:40:23,19.734375,1
2026-08-10 13:40:23,19.734375,1
2026-08-10 13:40:23,19.671875,1
2026-08-10 13:40:23,19.671875,1
2026-08-10 13:40:23,19.59375,1
2026-08-10 13:40:23,19.59375,1
2026-08-10 13:40:24,19.53125,1
2026-08-10 13:40:24,19.53125,1
2026-08-10 13:40:24,19.484375,1
2026-08-10 13:40:24,19.484375,1
2026-08-10 13:40:24,19.578125,1
2026-08-10 13:40:24,19.578125,1
2026-08-10 13:40:24,19.421875,1
2026-08-10 13:40:24,19.421875,1
2026-08-10 13:40:24,19.5,1
2026-08-10 13:40:24,19.5,1
2026-08-10 13:40:24,19.375,1
2026-08-10 13:40:24,19.375,1
2026-08-10 13:40:24,19.265625,1
2026-08-10 13:40:24,19.265625,1
2026-08-10 13:40:24,19.421875,1
2026-08-10 13:40:24,19.421875,1
2026-08-10 13:40:24,19.59375,1
2026-08-10 13:40:24,19.59375,1
2026-08-10 13:40:24,19.0625,1
2026-08-10 13:40:24,19.0625,1
2026-08-10 13:40:25,19.265625,1
2026-08-10 13:40:25,19.265625,1
2026-08-10 13:40:25,19.640625,1
2026-08-10 13:40:25,19.640625,1
2026-08-10 13:40:25,19.984375,1
2026-08-10 13:40:25,19.984375,1
2026-08-10 13:40:25,19.9375,1
2026-08-10 13:40:25,19.9375,1
2026-08-10 13:40:25,20.09375,1
2026-08-10 13:40:25,20.09375,1
2026-08-10 13:40:25,20.375,1
2026-08-10 13:40:25,20.375,1
2026-08-10 13:40:25,20.515625,1
2026-08-10 13:40:25,20.515625,1
2026-08-10 13:40:25,20.25,1
2026-08-10 13:40:25,20.25,1
2026-08-10 13:40:25,20.4375,1
2026-08-10 13:40:25,20.4375,1
2026-08-10 13:40:25,20.5625,1
2026-08-10 13:40:25,20.5625,1
2026-08-10 13:40:26,19.96875,1
2026-08-10 13:40:26,19.96875,1
2026-08-10 13:40:26,19.5,1
2026-08-10 13:40:26,19.5,1
2026-08-10 13:40:26,19.078125,1
2026-08-10 13:40:26,19.078125,1
2026-08-10 13:40:26,18.640625,1
2026-08-10 13:40:26,18.640625,1
2026-08-10 13:40:26,17.890625,1
2026-08-10 13:40:26,17.890625,1
2026-08-10 13:40:26,17.9375,1
2026-08-10 13:40:26,17.9375,1
2026-08-10 13:40:26,18.140625,1
2026-08-10 13:40:26,18.140625,1
2026-08-10 13:40:26,18.484375,1
2026-08-10 13:40:26,18.484375,1
2026-08-10 13:40:26,18.421875,1
2026-08-10 13:40:26,18.421875,1
2026-08-10 13:40:26,18.328125,1
2026-08-10 13:40:26,18.328125,1
2026-08-10 13:40:27,18.296875,1
2026-08-10 13:40:27,18.296875,1
2026-08-10 13:40:27,18.40625,1
2026-08-10 13:40:27,18.40625,1
2026-08-10 13:40:27,18.53125,1
2026-08-10 13:40:27,18.53125,1
2026-08-10 13:40:27,18.71875,1
2026-08-10 13:40:27,18.71875,1
2026-08-10 13:40:27,18.71875,1
2026-08-10 13:40:27,18.71875,1
2026-08-10 13:40:27,19.8125,1
2026-08-10 13:40:27,19.8125,1
2026-08-10 13:40:27,19.875,1
2026-08-10 13:40:27,19.875,1
2026-08-10 13:40:27,19.953125,1
2026-08-10 13:40:27,19.953125,1
2026-08-10 13:40:27,21.40625,1
2026-08-10 13:40:27,21.40625,1
2026-08-10 13:40:27,21.453125,1
2026-08-10 13:40:27,21.453125,1
2026-08-10 13:40:28,21.609375,1
2026-08-10 13:40:28,21.609375,1
2026-08-10 13:40:28,22.703125,1
2026-08-10 13:40:28,22.703125,1
2026-08-10 13:40:28,22.609375,1
2026-08-10 13:40:28,22.609375,1
2026-08-10 13:40:28,22.46875,1
2026-08-10 13:40:28,22.46875,1
2026-08-10 13:40:28,22.46875,1
2026-08-10 13:40:28,22.46875,1
2026-08-10 13:40:28,22.8125,1
2026-08-10 13:40:28,22.8125,1
2026-08-10 13:40:28,22.640625,1
2026-08-10 13:40:28,22.640625,1
2026-08-10 13:40:28,22.46875,1
2026-08-10 13:40:28,22.46875,1
2026-08-10 13:40:28,22.515625,1
2026-08-10 13:40:28,22.515625,1
2026-08-10 13:40:28,22.546875,1
2026-08-10 13:40:28,22.546875,1
2026-08-10 13:40:29,22.625,1
2026-08-10 13:40:29,22.625,1
2026-08-10 13:40:29,22.578125,1
2026-08-10 13:40:29,22.578125,1
2026-08-10 13:40:29,22.78125,1
2026-08-10 13:40:29,22.78125,1
2026-08-10 13:40:29,22.75,1
2026-08-10 13:40:29,22.75,1
2026-08-10 13:40:29,22.90625,1
2026-08-10 13:40:29,22.90625,1
2026-08-10 13:40:29,22.78125,1
2026-08-10 13:40:29,22.78125,1
2026-08-10 13:40:29,22.890625,1
2026-08-10 13:40:29,22.890625,1
2026-08-10 13:40:29,22.796875,1
2026-08-10 13:40:29,22.796875,1
2026-08-10 13:40:29,22.75,1
2026-08-10 13:40:29,22.75,1
2026-08-10 13:40:29,22.765625,1
2026-08-10 13:40:29,22.765625,1
2026-08-10 13:40:30,22.875,1
2026-08-10 13:40:30,22.875,1
2026-08-10 13:40:30,22.765625,1
2026-08-10 13:40:30,22.765625,1
2026-08-10 13:40:30,22.78125,1
2026-08-10 13:40:30,22.78125,1
2026-08-10 13:40:30,22.46875,1
2026-08-10 13:40:30,22.46875,1
2026-08-10 13:40:30,22.375,1
2026-08-10 13:40:30,22.375,1
2026-08-10 13:40:30,22.25,1
2026-08-10 13:40:30,22.25,1
2026-08-10 13:40:30,21.046875,1
2026-08-10 13:40:30,21.046875,1
2026-08-10 13:40:30,20.984375,1
2026-08-10 13:40:30,20.984375,1
2026-08-10 13:40:30,21.0625,1
2026-08-10 13:40:30,21.0625,1
2026-08-10 13:40:30,21.0625,1
2026-08-10 13:40:30,21.0625,1
2026-08-10 13:40:31,20.1875,1
2026-08-10 13:40:31,20.1875,1
2026-08-10 13:40:31,20.125,1
2026-08-10 13:40:31,20.125,1
2026-08-10 13:40:31,20.109375,1
2026-08-10 13:40:31,20.109375,1
2026-08-10 13:40:31,19.65625,1
2026-08-10 13:40:31,19.65625,1
2026-08-10 13:40:31,19.6875,1
2026-08-10 13:40:31,19.6875,1
2026-08-10 13:40:31,19.609375,1
2026-08-10 13:40:31,19.609375,1
2026-08-10 13:40:31,19.578125,1
2026-08-10 13:40:31,19.578125,1
2026-08-10 13:40:31,19.453125,1
2026-08-10 13:40:31,19.453125,1
2026-08-10 13:40:31,19.515625,1
2026-08-10 13:40:31,19.515625,1
2026-08-10 13:40:31,19.46875,1
2026-08-10 13:40:31,19.46875,1
2026-08-10 13:40:32,19.359375,1
2026-08-10 13:40:32,19.359375,1
2026-08-10 13:40:32,19.359375,1
2026-08-10 13:40:32,19.359375,1
2026-08-10 13:40:32,19.328125,1
2026-08-10 13:40:32,19.328125,1
2026-08-10 13:40:32,19.28125,1
2026-08-10 13:40:32,19.28125,1
2026-08-10 13:40:32,19.703125,1
2026-08-10 13:40:32,19.703125,1
2026-08-10 13:40:32,19.625,1
2026-08-10 13:40:32,19.625,1
2026-08-10 13:40:32,19.53125,1
2026-08-10 13:40:32,19.53125,1
2026-08-10 13:40:32,19.53125,1
2026-08-10 13:40:32,19.53125,1
2026-08-10 13:40:32,18.40625,1
2026-08-10 13:40:32,18.40625,1
2026-08-10 13:40:32,18.375,1
2026-08-10 13:40:32,18.375,1
2026-08-10 13:40:33,18.4375,1
2026-08-10 13:40:33,18.4375,1
2026-08-10 13:40:33,16.75,1
2026-08-10 13:40:33,16.75,1
2026-08-10 13:40:33,16.6875,1
2026-08-10 13:40:33,16.6875,1
2026-08-10 13:40:33,16.59375,1
2026-08-10 13:40:33,16.59375,1
2026-08-10 13:40:33,16.546875,1
2026-08-10 13:40:33,16.546875,1
2026-08-10 13:40:33,17.359375,1
2026-08-10 13:40:33,17.359375,1
2026-08-10 13:40:33,17.359375,1
2026-08-10 13:40:33,17.359375,1
2026-08-10 13:40:33,16.96875,1
2026-08-10 13:40:33,16.96875,1
2026-08-10 13:40:33,14.078125,1
2026-08-10 13:40:33,14.078125,1
2026-08-10 13:40:33,13.484375,1
2026-08-10 13:40:33,13.484375,1
2026-08-10 13:40:34,13.234375,1
2026-08-10 13:40:34,13.234375,1
2026-08-10 13:40:34,13.171875,1
2026-08-10 13:40:34,13.171875,1
2026-08-10 13:40:34,13.765625,1
2026-08-10 13:40:34,13.765625,1
2026-08-10 13:40:34,14.09375,1
2026-08-10 13:40:34,14.09375,1
2026-08-10 13:40:34,14.203125,1
2026-08-10 13:40:34,14.203125,1
2026-08-10 13:40:34,14.203125,1
2026-08-10 13:40:34,14.203125,1
2026-08-10 13:40:34,12.921875,1
2026-08-10 13:40:34,12.921875,1
2026-08-10 13:40:34,12.609375,1
2026-08-10 13:40:34,12.609375,1
2026-08-10 13:40:34,12.65625,1
2026-08-10 13:40:34,12.65625,1
2026-08-10 13:40:34,12.390625,1
2026-08-10 13:40:34,12.390625,1
2026-08-10 13:40:35,12.375,1
2026-08-10 13:40:35,12.375,1
2026-08-10 13:40:35,12.421875,1
2026-08-10 13:40:35,12.421875,1
2026-08-10 13:40:35,11.546875,1
2026-08-10 13:40:35,11.546875,1
2026-08-10 13:40:35,11.421875,1
2026-08-10 13:40:35,11.421875,1
2026-08-10 13:40:35,11.40625,1
2026-08-10 13:40:35,11.40625,1
2026-08-10 13:40:35,11.359375,1
2026-08-10 13:40:35,11.359375,1
2026-08-10 13:40:35,11.125,1
2026-08-10 13:40:35,11.125,1
2026-08-10 13:40:35,11.15625,1
2026-08-10 13:40:35,11.15625,1
2026-08-10 13:40:35,11.125,1
2026-08-10 13:40:35,11.125,1
2026-08-10 13:40:35,10.1875,1
2026-08-10 13:40:35,10.1875,1
2026-08-10 13:40:36,10.15625,1
2026-08-10 13:40:36,10.15625,1
2026-08-10 13:40:36,10.109375,1
2026-08-10 13:40:36,10.109375,1
2026-08-10 13:40:36,10.140625,1
2026-08-10 13:40:36,10.140625,1
2026-08-10 13:40:36,9.78125,1
2026-08-10 13:40:36,9.78125,1
2026-08-10 13:40:36,9.78125,1
2026-08-10 13:40:36,9.78125,1
2026-08-10 13:40:36,9.734375,1
2026-08-10 13:40:36,9.734375,1
2026-08-10 13:40:36,9.734375,1
2026-08-10 13:40:36,9.734375,1
2026-08-10 13:40:36,8.609375,1
2026-08-10 13:40:36,8.609375,1
2026-08-10 13:40:36,8.5625,1
2026-08-10 13:40:36,8.5625,1
2026-08-10 13:40:36,8.4375,1
2026-08-10 13:40:36,8.4375,1
2026-08-10 13:40:37,7.75,1
2026-08-10 13:40:37,7.75,1
2026-08-10 13:40:37,7.75,1
2026-08-10 13:40:37,7.75,1
2026-08-10 13:40:37,7.71875,1
2026-08-10 13:40:37,7.71875,1
2026-08-10 13:40:37,7.609375,1
2026-08-10 13:40:37,7.609375,1
2026-08-10 13:40:37,6.9375,1
2026-08-10 13:40:37,6.9375,1
2026-08-10 13:40:37,6.84375,1
2026-08-10 13:40:37,6.84375,1
2026-08-10 13:40:37,6.796875,1
2026-08-10 13:40:37,6.796875,1
2026-08-10 13:40:37,6.265625,1
2026-08-10 13:40:37,6.265625,1
2026-08-10 13:40:37,6.21875,1
2026-08-10 13:40:37,6.21875,1
2026-08-10 13:40:37,6.171875,1
2026-08-10 13:40:37,6.171875,1
2026-08-10 13:40:38,6.109375,1
2026-08-10 13:40:38,6.109375,1
2026-08-10 13:40:38,5.640625,1
2026-08-10 13:40:38,5.640625,1
2026-08-10 13:40:38,5.515625,1
2026-08-10 13:40:38,5.515625,1
2026-08-10 13:40:38,5.453125,1
2026-08-10 13:40:38,5.453125,1
2026-08-10 13:40:38,5.453125,1
2026-08-10 13:40:38,5.453125,1
2026-08-10 13:40:38,5.3125,1
2026-08-10 13:40:38,5.3125,1
2026-08-10 13:40:38,5.265625,1
2026-08-10 13:40:38,5.265625,1
2026-08-10 13:40:38,5.265625,1
2026-08-10 13:40:38,5.265625,1
2026-08-10 13:40:38,4.96875,1
2026-08-10 13:40:38,4.96875,1
2026-08-10 13:40:38,4.9375,1
2026-08-10 13:40:38,4.9375,1
2026-08-10 13:40:39,5.0,1
2026-08-10 13:40:39,5.0,1
2026-08-10 13:40:39,5.0,1
2026-08-10 13:40:39,5.0,1
2026-08-10 13:40:39,5.109375,1
2026-08-10 13:40:39,5.109375,1
2026-08-10 13:40:39,5.078125,1
2026-08-10 13:40:39,5.078125,1
2026-08-10 13:40:39,5.015625,1
2026-08-10 13:40:39,5.015625,1
2026-08-10 13:40:39,5.140625,1
2026-08-10 13:40:39,5.140625,1
2026-08-10 13:40:39,5.15625,1
2026-08-10 13:40:39,5.15625,1
2026-08-10 13:40:39,5.078125,1
2026-08-10 13:40:39,5.078125,1
2026-08-10 13:40:39,5.09375,1
2026-08-10 13:40:39,5.09375,1
2026-08-10 13:40:39,5.09375,1
2026-08-10 13:40:39,5.09375,1
2026-08-10 13:40:40,5.0,1
2026-08-10 13:40:40,5.0,1
2026-08-10 13:40:40,5.0,1
2026-08-10 13:40:40,5.0,1
2026-08-10 13:40:40,5.21875,1
2026-08-10 13:40:40,5.21875,1
2026-08-10 13:40:40,5.234375,1
2026-08-10 13:40:40,5.234375,1
2026-08-10 13:40:40,5.15625,1
2026-08-10 13:40:40,5.15625,1
2026-08-10 13:40:40,5.15625,1
2026-08-10 13:40:40,5.15625,1
2026-08-10 13:40:40,5.140625,1
2026-08-10 13:40:40,5.140625,1
2026-08-10 13:40:40,5.109375,1
2026-08-10 13:40:40,5.109375,1
2026-08-10 13:40:40,5.125,1
2026-08-10 13:40:40,5.125,1
2026-08-10 13:40:40,5.28125,1
2026-08-10 13:40:40,5.28125,1
2026-08-10 13:40:41,5.265625,1
2026-08-10 13:40:41,5.265625,1
2026-08-10 13:40:41,5.25,1
2026-08-10 13:40:41,5.25,1
2026-08-10 13:40:41,5.265625,1
2026-08-10 13:40:41,5.265625,1
2026-08-10 13:40:41,5.6875,1
2026-08-10 13:40:41,5.6875,1
2026-08-10 13:40:41,5.78125,1
2026-08-10 13:40:41,5.78125,1
2026-08-10 13:40:41,5.8125,1
2026-08-10 13:40:41,5.8125,1
2026-08-10 13:40:41,6.625,1
2026-08-10 13:40:41,6.625,1
2026-08-10 13:40:41,6.578125,1
2026-08-10 13:40:41,6.578125,1
2026-08-10 13:40:41,6.578125,1
2026-08-10 13:40:41,6.578125,1
2026-08-10 13:40:41,6.65625,1
2026-08-10 13:40:41,6.65625,1
2026-08-10 13:40:42,7.734375,1
2026-08-10 13:40:42,7.734375,1
2026-08-10 13:40:42,7.78125,1
2026-08-10 13:40:42,7.78125,1
2026-08-10 13:40:42,7.875,1
2026-08-10 13:40:42,7.875,1
2026-08-10 13:40:42,7.875,1
2026-08-10 13:40:42,7.875,1
2026-08-10 13:40:42,8.8125,1
2026-08-10 13:40:42,8.8125,1
2026-08-10 13:40:42,8.8125,1
2026-08-10 13:40:42,8.8125,1
2026-08-10 13:40:42,8.84375,1
2026-08-10 13:40:42,8.84375,1
2026-08-10 13:40:42,9.703125,1
2026-08-10 13:40:42,9.703125,1
2026-08-10 13:40:42,9.75,1
2026-08-10 13:40:42,9.75,1
2026-08-10 13:40:42,9.828125,1
2026-08-10 13:40:42,9.828125,1
2026-08-10 13:40:43,9.8125,1
2026-08-10 13:40:43,9.8125,1
2026-08-10 13:40:43,10.328125,1
2026-08-10 13:40:43,10.328125,1
2026-08-10 13:40:43,10.34375,1
2026-08-10 13:40:43,10.34375,1
2026-08-10 13:40:43,10.375,1
2026-08-10 13:40:43,10.375,1
2026-08-10 13:40:43,10.375,1
2026-08-10 13:40:43,10.375,1
2026-08-10 13:40:43,10.9375,1
2026-08-10 13:40:43,10.9375,1
2026-08-10 13:40:43,10.9375,1
2026-08-10 13:40:43,10.9375,1
2026-08-10 13:40:43,10.984375,1
2026-08-10 13:40:43,10.984375,1
2026-08-10 13:40:43,11.578125,1
2026-08-10 13:40:43,11.578125,1
2026-08-10 13:40:43,11.5625,1
2026-08-10 13:40:43,11.5625,1
2026-08-10 13:40:44,11.5625,1
2026-08-10 13:40:44,11.5625,1
2026-08-10 13:40:44,12.078125,1
2026-08-10 13:40:44,12.078125,1
2026-08-10 13:40:44,12.03125,1
2026-08-10 13:40:44,12.03125,1
2026-08-10 13:40:44,12.109375,1
2026-08-10 13:40:44,12.109375,1
2026-08-10 13:40:44,12.125,1
2026-08-10 13:40:44,12.125,1
2026-08-10 13:40:44,12.65625,1
2026-08-10 13:40:44,12.65625,1
2026-08-10 13:40:44,12.65625,1
2026-08-10 13:40:44,12.65625,1
2026-08-10 13:40:44,12.65625,1
2026-08-10 13:40:44,12.65625,1
2026-08-10 13:40:44,13.09375,1
2026-08-10 13:40:44,13.09375,1
2026-08-10 13:40:44,13.09375,1
2026-08-10 13:40:44,13.09375,1
2026-08-10 13:40:45,13.125,1
2026-08-10 13:40:45,13.125,1
2026-08-10 13:40:45,13.15625,1
2026-08-10 13:40:45,13.15625,1
2026-08-10 13:40:45,13.953125,1
2026-08-10 13:40:45,13.953125,1
2026-08-10 13:40:45,13.875,1
2026-08-10 13:40:45,13.875,1
2026-08-10 13:40:45,13.953125,1
2026-08-10 13:40:45,13.953125,1
2026-08-10 13:40:45,14.515625,1
2026-08-10 13:40:45,14.515625,1
2026-08-10 13:40:45,14.546875,1
2026-08-10 13:40:45,14.546875,1
2026-08-10 13:40:45,14.625,1
2026-08-10 13:40:45,14.625,1
2026-08-10 13:40:45,14.65625,1
2026-08-10 13:40:45,14.65625,1
2026-08-10 13:40:45,15.21875,1
2026-08-10 13:40:45,15.21875,1
2026-08-10 13:40:46,15.265625,1
2026-08-10 13:40:46,15.265625,1
2026-08-10 13:40:46,15.359375,1
2026-08-10 13:40:46,15.359375,1
2026-08-10 13:40:46,15.390625,1
2026-08-10 13:40:46,15.390625,1
2026-08-10 13:40:46,16.0,1
2026-08-10 13:40:46,16.0,1
2026-08-10 13:40:46,15.984375,1
2026-08-10 13:40:46,15.984375,1
2026-08-10 13:40:46,15.984375,1
2026-08-10 13:40:46,15.984375,1
2026-08-10 13:40:46,16.078125,1
2026-08-10 13:40:46,16.078125,1
2026-08-10 13:40:46,17.28125,1
2026-08-10 13:40:46,17.28125,1
2026-08-10 13:40:46,17.34375,1
2026-08-10 13:40:46,17.34375,1
2026-08-10 13:40:46,17.25,1
2026-08-10 13:40:46,17.25,1
2026-08-10 13:40:47,17.78125,1
2026-08-10 13:40:47,17.78125,1
2026-08-10 13:40:47,17.921875,1
2026-08-10 13:40:47,17.921875,1
2026-08-10 13:40:47,18.125,1
2026-08-10 13:40:47,18.125,1
2026-08-10 13:40:47,18.75,1
2026-08-10 13:40:47,18.75,1
2026-08-10 13:40:47,18.75,1
2026-08-10 13:40:47,18.75,1
2026-08-10 13:40:47,18.8125,1
2026-08-10 13:40:47,18.8125,1
2026-08-10 13:40:47,18.828125,1
2026-08-10 13:40:47,18.828125,1
2026-08-10 13:40:47,19.375,1
2026-08-10 13:40:47,19.375,1
2026-08-10 13:40:47,19.59375,1
2026-08-10 13:40:47,19.59375,1
2026-08-10 13:40:47,19.78125,1
2026-08-10 13:40:47,19.78125,1
2026-08-10 13:40:48,20.328125,1
2026-08-10 13:40:48,20.328125,1
2026-08-10 13:40:48,20.265625,1
2026-08-10 13:40:48,20.265625,1
2026-08-10 13:40:48,20.15625,1
2026-08-10 13:40:48,20.15625,1
2026-08-10 13:40:48,20.109375,1
2026-08-10 13:40:48,20.109375,1
2026-08-10 13:40:48,20.0625,1
2026-08-10 13:40:48,20.0625,1
2026-08-10 13:40:48,20.1875,1
2026-08-10 13:40:48,20.1875,1
2026-08-10 13:40:48,20.109375,1
2026-08-10 13:40:48,20.109375,1
2026-08-10 13:40:48,19.96875,1
2026-08-10 13:40:48,19.96875,1
2026-08-10 13:40:48,19.90625,1
2026-08-10 13:40:48,19.90625,1
2026-08-10 13:40:48,19.90625,1
2026-08-10 13:40:48,19.90625,1
2026-08-10 13:40:49,19.90625,1
2026-08-10 13:40:49,19.90625,1
2026-08-10 13:40:49,20.6875,1
2026-08-10 13:40:49,20.6875,1
2026-08-10 13:40:49,20.828125,1
2026-08-10 13:40:49,20.828125,1
2026-08-10 13:40:49,20.796875,1
2026-08-10 13:40:49,20.796875,1
2026-08-10 13:40:49,21.515625,1
2026-08-10 13:40:49,21.515625,1
2026-08-10 13:40:49,21.546875,1
2026-08-10 13:40:49,21.546875,1
2026-08-10 13:40:49,21.515625,1
2026-08-10 13:40:49,21.515625,1
2026-08-10 13:40:49,21.5625,1
2026-08-10 13:40:49,21.5625,1
2026-08-10 13:40:49,22.046875,1
2026-08-10 13:40:49,22.046875,1
2026-08-10 13:40:49,22.15625,1
2026-08-10 13:40:49,22.15625,1
2026-08-10 13:40:50,22.140625,1
2026-08-10 13:40:50,22.140625,1
2026-08-10 13:40:50,22.28125,1
2026-08-10 13:40:50,22.28125,1
2026-08-10 13:40:50,22.484375,1
2026-08-10 13:40:50,22.484375,1
2026-08-10 13:40:50,22.609375,1
2026-08-10 13:40:50,22.609375,1
2026-08-10 13:40:50,22.578125,1
2026-08-10 13:40:50,22.578125,1
2026-08-10 13:40:50,22.8125,1
2026-08-10 13:40:50,22.8125,1
2026-08-10 13:40:50,22.78125,1
2026-08-10 13:40:50,22.78125,1
2026-08-10 13:40:50,22.765625,1
2026-08-10 13:40:50,22.765625,1
2026-08-10 13:40:50,22.859375,1
2026-08-10 13:40:50,22.859375,1
2026-08-10 13:40:50,22.703125,1
2026-08-10 13:40:50,22.703125,1
2026-08-10 13:40:51,22.6875,1
2026-08-10 13:40:51,22.6875,1
2026-08-10 13:40:51,22.65625,1
2026-08-10 13:40:51,22.65625,1
2026-08-10 13:40:51,22.984375,1
2026-08-10 13:40:51,22.984375,1
2026-08-10 13:40:51,22.953125,1
2026-08-10 13:40:51,22.953125,1
2026-08-10 13:40:51,22.984375,1
2026-08-10 13:40:51,22.984375,1
2026-08-10 13:40:51,22.9375,1
2026-08-10 13:40:51,22.9375,1
2026-08-10 13:40:51,22.9375,1
2026-08-10 13:40:51,22.9375,1
2026-08-10 13:40:51,22.9375,1
2026-08-10 13:40:51,22.9375,1
2026-08-10 13:40:51,22.90625,1
2026-08-10 13:40:51,22.90625,1
2026-08-10 13:40:51,22.875,1
2026-08-10 13:40:51,22.875,1
2026-08-10 13:40:52,22.703125,1
2026-08-10 13:40:52,22.703125,1
2026-08-10 13:40:52,22.734375,1
2026-08-10 13:40:52,22.734375,1
2026-08-10 13:40:52,22.6875,1
2026-08-10 13:40:52,22.6875,1
2026-08-10 13:40:52,22.71875,1
2026-08-10 13:40:52,22.71875,1
2026-08-10 13:40:52,22.65625,1
2026-08-10 13:40:52,22.65625,1
2026-08-10 13:40:52,22.609375,1
2026-08-10 13:40:52,22.609375,1
2026-08-10 13:40:52,22.6875,1
2026-08-10 13:40:52,22.6875,1
2026-08-10 13:40:52,22.53125,1
2026-08-10 13:40:52,22.53125,1
2026-08-10 13:40:52,22.578125,1
2026-08-10 13:40:52,22.578125,1
2026-08-10 13:40:52,22.5,1
2026-08-10 13:40:52,22.5,1
2026-08-10 13:40:53,21.109375,1
2026-08-10 13:40:53,21.109375,1
2026-08-10 13:40:53,21.0,1
2026-08-10 13:40:53,21.0,1
2026-08-10 13:40:53,20.890625,1
2026-08-10 13:40:53,20.890625,1
2026-08-10 13:40:53,20.796875,1
2026-08-10 13:40:53,20.796875,1
2026-08-10 13:40:53,20.265625,1
2026-08-10 13:40:53,20.265625,1
2026-08-10 13:40:53,20.25,1
2026-08-10 13:40:53,20.25,1
2026-08-10 13:40:53,20.1875,1
2026-08-10 13:40:53,20.1875,1
2026-08-10 13:40:53,20.21875,1
2026-08-10 13:40:53,20.21875,1
2026-08-10 13:40:53,19.859375,1
2026-08-10 13:40:53,19.859375,1
2026-08-10 13:40:53,19.90625,1
2026-08-10 13:40:53,19.90625,1
2026-08-10 13:40:54,19.828125,1
2026-08-10 13:40:54,19.828125,1
2026-08-10 13:40:54,19.78125,1
2026-08-10 13:40:54,19.78125,1
2026-08-10 13:40:54,19.75,1
2026-08-10 13:40:54,19.75,1
2026-08-10 13:40:54,19.78125,1
2026-08-10 13:40:54,19.78125,1
2026-08-10 13:40:54,19.859375,1
2026-08-10 13:40:54,19.859375,1
2026-08-10 13:40:54,19.46875,1
2026-08-10 13:40:54,19.46875,1
2026-08-10 13:40:54,19.46875,1
2026-08-10 13:40:54,19.46875,1
2026-08-10 13:40:54,19.359375,1
2026-08-10 13:40:54,19.359375,1
2026-08-10 13:40:54,20.109375,1
2026-08-10 13:40:54,20.109375,1
2026-08-10 13:40:54,19.9375,1
2026-08-10 13:40:54,19.9375,1
2026-08-10 13:40:55,19.84375,1
2026-08-10 13:40:55,19.84375,1
2026-08-10 13:40:55,19.75,1
2026-08-10 13:40:55,19.75,1
2026-08-10 13:40:55,18.421875,1
2026-08-10 13:40:55,18.421875,1
2026-08-10 13:40:55,18.25,1
2026-08-10 13:40:55,18.25,1
2026-08-10 13:40:55,18.078125,1
2026-08-10 13:40:55,18.078125,1
2026-08-10 13:40:55,16.359375,1
2026-08-10 13:40:55,16.359375,1
2026-08-10 13:40:55,16.03125,1
2026-08-10 13:40:55,16.03125,1
2026-08-10 13:40:55,15.859375,1
2026-08-10 13:40:55,15.859375,1
2026-08-10 13:40:55,15.703125,1
2026-08-10 13:40:55,15.703125,1
2026-08-10 13:40:55,14.5625,1
2026-08-10 13:40:55,14.5625,1
2026-08-10 13:40:56,14.421875,1
2026-08-10 13:40:56,14.421875,1
2026-08-10 13:40:56,14.375,1
2026-08-10 13:40:56,14.375,1
2026-08-10 13:40:56,13.171875,1
2026-08-10 13:40:56,13.171875,1
2026-08-10 13:40:56,13.109375,1
2026-08-10 13:40:56,13.109375,1
2026-08-10 13:40:56,13.046875,1
2026-08-10 13:40:56,13.046875,1
2026-08-10 13:40:56,13.0,1
2026-08-10 13:40:56,13.0,1
2026-08-10 13:40:56,11.359375,1
2026-08-10 13:40:56,11.359375,1
2026-08-10 13:40:56,11.390625,1
2026-08-10 13:40:56,11.390625,1
2026-08-10 13:40:56,11.484375,1
2026-08-10 13:40:56,11.484375,1
2026-08-10 13:40:56,10.84375,1
2026-08-10 13:40:56,10.84375,1
2026-08-10 13:40:57,10.734375,1
2026-08-10 13:40:57,10.734375,1
2026-08-10 13:40:57,10.640625,1
2026-08-10 13:40:57,10.640625,1
2026-08-10 13:40:57,10.5625,1
2026-08-10 13:40:57,10.5625,1
2026-08-10 13:40:57,10.34375,1
2026-08-10 13:40:57,10.34375,1
2026-08-10 13:40:57,10.265625,1
2026-08-10 13:40:57,10.265625,1
2026-08-10 13:40:57,10.265625,1
2026-08-10 13:40:57,10.265625,1
2026-08-10 13:40:57,10.609375,1
2026-08-10 13:40:57,10.609375,1
2026-08-10 13:40:57,10.65625,1
2026-08-10 13:40:57,10.65625,1
2026-08-10 13:40:57,10.703125,1
2026-08-10 13:40:57,10.703125,1
2026-08-10 13:40:57,10.765625,1
2026-08-10 13:40:57,10.765625,1
2026-08-10 13:40:58,11.1875,1
2026-08-10 13:40:58,11.1875,1
2026-08-10 13:40:58,11.171875,1
2026-08-10 13:40:58,11.171875,1
2026-08-10 13:40:58,11.1875,1
2026-08-10 13:40:58,11.1875,1
2026-08-10 13:40:58,11.25,1
2026-08-10 13:40:58,11.25,1
2026-08-10 13:40:58,11.90625,1
2026-08-10 13:40:58,11.90625,1
2026-08-10 13:40:58,11.890625,1
2026-08-10 13:40:58,11.890625,1
2026-08-10 13:40:58,11.96875,1
2026-08-10 13:40:58,11.96875,1
2026-08-10 13:40:58,12.59375,1
2026-08-10 13:40:58,12.59375,1
2026-08-10 13:40:58,12.609375,1
2026-08-10 13:40:58,12.609375,1
2026-08-10 13:40:58,12.65625,1
2026-08-10 13:40:58,12.65625,1
2026-08-10 13:40:59,12.625,1
2026-08-10 13:40:59,12.625,1
2026-08-10 13:40:59,13.453125,1
2026-08-10 13:40:59,13.453125,1
2026-08-10 13:40:59,13.453125,1
2026-08-10 13:40:59,13.453125,1
2026-08-10 13:40:59,13.515625,1
2026-08-10 13:40:59,13.515625,1
2026-08-10 13:40:59,14.234375,1
2026-08-10 13:40:59,14.234375,1
2026-08-10 13:40:59,14.21875,1
2026-08-10 13:40:59,14.21875,1
2026-08-10 13:40:59,14.171875,1
2026-08-10 13:40:59,14.171875,1
2026-08-10 13:40:59,14.21875,1
2026-08-10 13:40:59,14.21875,1
2026-08-10 13:40:59,15.0625,1
2026-08-10 13:40:59,15.0625,1
2026-08-10 13:40:59,15.109375,1
2026-08-10 13:40:59,15.109375,1
2026-08-10 13:41:00,15.25,1
2026-08-10 13:41:00,15.25,1
2026-08-10 13:41:00,15.875,1
2026-08-10 13:41:00,15.875,1
2026-08-10 13:41:00,15.953125,1
2026-08-10 13:41:00,15.953125,1
2026-08-10 13:41:00,16.015625,1
2026-08-10 13:41:00,16.015625,1
2026-08-10 13:41:00,16.0625,1
2026-08-10 13:41:00,16.0625,1
2026-08-10 13:41:00,16.75,1
2026-08-10 13:41:00,16.75,1
2026-08-10 13:41:00,16.8125,1
2026-08-10 13:41:00,16.8125,1
2026-08-10 13:41:00,16.9375,1
2026-08-10 13:41:00,16.9375,1
2026-08-10 13:41:00,17.6875,1
2026-08-10 13:41:00,17.6875,1
2026-08-10 13:41:00,17.734375,1
2026-08-10 13:41:00,17.734375,1
2026-08-10 13:41:01,17.8125,1
2026-08-10 13:41:01,17.8125,1
2026-08-10 13:41:01,17.921875,1
2026-08-10 13:41:01,17.921875,1
2026-08-10 13:41:01,18.9375,1
2026-08-10 13:41:01,18.9375,1
2026-08-10 13:41:01,18.921875,1
2026-08-10 13:41:01,18.921875,1
2026-08-10 13:41:01,18.90625,1
2026-08-10 13:41:01,18.90625,1
2026-08-10 13:41:01,18.890625,1
2026-08-10 13:41:01,18.890625,1
2026-08-10 13:41:01,20.21875,1
2026-08-10 13:41:01,20.21875,1
2026-08-10 13:41:01,20.15625,1
2026-08-10 13:41:01,20.15625,1
2026-08-10 13:41:01,20.125,1
2026-08-10 13:41:01,20.125,1
2026-08-10 13:41:01,20.984375,1
2026-08-10 13:41:01,20.984375,1
2026-08-10 13:41:02,21.09375,1
2026-08-10 13:41:02,21.09375,1
2026-08-10 13:41:02,21.0,1
2026-08-10 13:41:02,21.0,1
2026-08-10 13:41:02,21.078125,1
2026-08-10 13:41:02,21.078125,1
2026-08-10 13:41:02,21.125,1
2026-08-10 13:41:02,21.125,1
2026-08-10 13:41:02,20.8125,1
2026-08-10 13:41:02,20.8125,1
2026-08-10 13:41:02,20.734375,1
2026-08-10 13:41:02,20.734375,1
2026-08-10 13:41:02,19.3125,1
2026-08-10 13:41:02,19.3125,1
2026-08-10 13:41:02,19.234375,1
2026-08-10 13:41:02,19.234375,1
2026-08-10 13:41:02,19.28125,1
2026-08-10 13:41:02,19.28125,1
2026-08-10 13:41:02,19.359375,1
2026-08-10 13:41:02,19.359375,1
2026-08-10 13:41:03,18.8125,1
2026-08-10 13:41:03,18.8125,1
2026-08-10 13:41:03,18.765625,1
2026-08-10 13:41:03,18.765625,1
2026-08-10 13:41:03,18.671875,1
2026-08-10 13:41:03,18.671875,1
2026-08-10 13:41:03,19.25,1
2026-08-10 13:41:03,19.25,1
2026-08-10 13:41:03,19.25,1
2026-08-10 13:41:03,19.25,1
2026-08-10 13:41:03,19.296875,1
2026-08-10 13:41:03,19.296875,1
2026-08-10 13:41:03,19.25,1
2026-08-10 13:41:03,19.25,1
2026-08-10 13:41:03,19.171875,1
2026-08-10 13:41:03,19.171875,1
2026-08-10 13:41:03,19.09375,1
2026-08-10 13:41:03,19.09375,1
2026-08-10 13:41:03,18.859375,1
2026-08-10 13:41:03,18.859375,1
2026-08-10 13:41:04,17.59375,1
2026-08-10 13:41:04,17.59375,1
2026-08-10 13:41:04,17.5625,1
2026-08-10 13:41:04,17.5625,1
2026-08-10 13:41:04,17.59375,1
2026-08-10 13:41:04,17.59375,1
2026-08-10 13:41:04,17.546875,1
2026-08-10 13:41:04,17.546875,1
2026-08-10 13:41:04,16.734375,1
2026-08-10 13:41:04,16.734375,1
2026-08-10 13:41:04,16.796875,1
2026-08-10 13:41:04,16.796875,1
2026-08-10 13:41:04,16.8125,1
2026-08-10 13:41:04,16.8125,1
2026-08-10 13:41:04,15.984375,1
2026-08-10 13:41:04,15.984375,1
2026-08-10 13:41:04,15.890625,1
2026-08-10 13:41:04,15.890625,1
2026-08-10 13:41:04,15.8125,1
2026-08-10 13:41:04,15.8125,1
2026-08-10 13:41:05,15.671875,1
2026-08-10 13:41:05,15.671875,1
2026-08-10 13:41:05,15.875,1
2026-08-10 13:41:05,15.875,1
2026-08-10 13:41:05,15.921875,1
2026-08-10 13:41:05,15.921875,1
2026-08-10 13:41:05,15.90625,1
2026-08-10 13:41:05,15.90625,1
2026-08-10 13:41:05,15.9375,1
2026-08-10 13:41:05,15.9375,1
2026-08-10 13:41:05,16.375,1
2026-08-10 13:41:05,16.375,1
2026-08-10 13:41:05,16.375,1
2026-08-10 13:41:05,16.375,1
2026-08-10 13:41:05,16.5,1
2026-08-10 13:41:05,16.5,1
2026-08-10 13:41:05,17.59375,1
2026-08-10 13:41:05,17.59375,1
2026-08-10 13:41:05,17.6875,1
2026-08-10 13:41:05,17.6875,1
2026-08-10 13:41:06,17.75,1
2026-08-10 13:41:06,17.75,1
2026-08-10 13:41:06,17.78125,1
2026-08-10 13:41:06,17.78125,1
2026-08-10 13:41:06,18.4375,1
2026-08-10 13:41:06,18.4375,1
2026-08-10 13:41:06,18.484375,1
2026-08-10 13:41:06,18.484375,1
2026-08-10 13:41:06,18.515625,1
2026-08-10 13:41:06,18.515625,1
2026-08-10 13:41:06,18.515625,1
2026-08-10 13:41:06,18.515625,1
2026-08-10 13:41:06,16.703125,1
2026-08-10 13:41:06,16.703125,1
2026-08-10 13:41:06,16.640625,1
2026-08-10 13:41:06,16.640625,1
2026-08-10 13:41:06,16.53125,1
2026-08-10 13:41:06,16.53125,1
2026-08-10 13:41:06,17.265625,1
2026-08-10 13:41:06,17.265625,1
2026-08-10 13:41:07,17.3125,1
2026-08-10 13:41:07,17.3125,1
2026-08-10 13:41:07,17.4375,1
2026-08-10 13:41:07,17.4375,1
2026-08-10 13:41:07,16.28125,1
2026-08-10 13:41:07,16.28125,1
2026-08-10 13:41:07,16.640625,1
2026-08-10 13:41:07,16.640625,1
2026-08-10 13:41:07,16.96875,1
2026-08-10 13:41:07,16.96875,1
2026-08-10 13:41:07,17.203125,1
2026-08-10 13:41:07,17.203125,1
2026-08-10 13:41:07,16.34375,1
2026-08-10 13:41:07,16.34375,1
2026-08-10 13:41:07,16.25,1
2026-08-10 13:41:07,16.25,1
2026-08-10 13:41:07,16.28125,1
2026-08-10 13:41:07,16.28125,1
2026-08-10 13:41:07,16.1875,1
2026-08-10 13:41:07,16.1875,1
2026-08-10 13:41:08,15.5,1
2026-08-10 13:41:08,15.5,1
2026-08-10 13:41:08,15.34375,1
2026-08-10 13:41:08,15.34375,1
2026-08-10 13:41:08,15.28125,1
2026-08-10 13:41:08,15.28125,1
2026-08-10 13:41:08,14.59375,1
2026-08-10 13:41:08,14.59375,1
2026-08-10 13:41:08,14.6875,1
2026-08-10 13:41:08,14.6875,1
2026-08-10 13:41:08,14.515625,1
2026-08-10 13:41:08,14.515625,1
2026-08-10 13:41:08,14.578125,1
2026-08-10 13:41:08,14.578125,1
2026-08-10 13:41:08,13.703125,1
2026-08-10 13:41:08,13.703125,1
2026-08-10 13:41:08,13.671875,1
2026-08-10 13:41:08,13.671875,1
2026-08-10 13:41:08,13.609375,1
2026-08-10 13:41:08,13.609375,1
2026-08-10 13:41:09,13.046875,1
2026-08-10 13:41:09,13.046875,1
2026-08-10 13:41:09,13.015625,1
2026-08-10 13:41:09,13.015625,1
2026-08-10 13:41:09,12.953125,1
2026-08-10 13:41:09,12.953125,1
2026-08-10 13:41:09,12.859375,1
2026-08-10 13:41:09,12.859375,1
2026-08-10 13:41:09,12.234375,1
2026-08-10 13:41:09,12.234375,1
2026-08-10 13:41:09,12.203125,1
2026-08-10 13:41:09,12.203125,1
2026-08-10 13:41:09,12.125,1
2026-08-10 13:41:09,12.125,1
2026-08-10 13:41:09,11.703125,1
2026-08-10 13:41:09,11.703125,1
2026-08-10 13:41:09,11.65625,1
2026-08-10 13:41:09,11.65625,1
2026-08-10 13:41:09,11.625,1
2026-08-10 13:41:09,11.625,1
2026-08-10 13:41:10,11.5,1
2026-08-10 13:41:10,11.5,1
2026-08-10 13:41:10,10.90625,1
2026-08-10 13:41:10,10.90625,1
2026-08-10 13:41:10,10.78125,1
2026-08-10 13:41:10,10.78125,1
2026-08-10 13:41:10,10.796875,1
2026-08-10 13:41:10,10.796875,1
2026-08-10 13:41:10,10.78125,1
2026-08-10 13:41:10,10.78125,1
2026-08-10 13:41:10,10.4375,1
2026-08-10 13:41:10,10.4375,1
2026-08-10 13:41:10,10.3125,1
2026-08-10 13:41:10,10.3125,1
2026-08-10 13:41:10,10.21875,1
2026-08-10 13:41:10,10.21875,1
2026-08-10 13:41:10,9.90625,1
2026-08-10 13:41:10,9.90625,1
2026-08-10 13:41:10,9.921875,1
2026-08-10 13:41:10,9.921875,1
2026-08-10 13:41:11,9.921875,1
2026-08-10 13:41:11,9.921875,1
2026-08-10 13:41:11,9.96875,1
2026-08-10 13:41:11,9.96875,1
2026-08-10 13:41:11,9.765625,1
2026-08-10 13:41:11,9.765625,1
2026-08-10 13:41:11,9.578125,1
2026-08-10 13:41:11,9.578125,1
2026-08-10 13:41:11,9.515625,1
2026-08-10 13:41:11,9.515625,1
2026-08-10 13:41:11,9.453125,1
2026-08-10 13:41:11,9.453125,1
2026-08-10 13:41:11,9.484375,1
2026-08-10 13:41:11,9.484375,1
2026-08-10 13:41:11,9.5,1
2026-08-10 13:41:11,9.5,1
2026-08-10 13:41:11,9.515625,1
2026-08-10 13:41:11,9.515625,1
2026-08-10 13:41:11,9.15625,1
2026-08-10 13:41:11,9.15625,1
2026-08-10 13:41:12,9.078125,1
2026-08-10 13:41:12,9.078125,1
2026-08-10 13:41:12,9.09375,1
2026-08-10 13:41:12,9.09375,1
2026-08-10 13:41:12,9.09375,1
2026-08-10 13:41:12,9.09375,1
2026-08-10 13:41:12,9.15625,1
2026-08-10 13:41:12,9.15625,1
2026-08-10 13:41:12,9.140625,1
2026-08-10 13:41:12,9.140625,1
2026-08-10 13:41:12,9.171875,1
2026-08-10 13:41:12,9.171875,1
2026-08-10 13:41:12,9.0,1
2026-08-10 13:41:12,9.0,1
2026-08-10 13:41:12,9.03125,1
2026-08-10 13:41:12,9.03125,1
2026-08-10 13:41:12,9.046875,1
2026-08-10 13:41:12,9.046875,1
2026-08-10 13:41:12,9.296875,1
2026-08-10 13:41:12,9.296875,1
2026-08-10 13:41:13,9.28125,1
2026-08-10 13:41:13,9.28125,1
2026-08-10 13:41:13,9.40625,1
2026-08-10 13:41:13,9.40625,1
2026-08-10 13:41:13,9.484375,1
2026-08-10 13:41:13,9.484375,1
2026-08-10 13:41:13,10.265625,1
2026-08-10 13:41:13,10.265625,1
2026-08-10 13:41:13,10.328125,1
2026-08-10 13:41:13,10.328125,1
2026-08-10 13:41:13,10.40625,1
2026-08-10 13:41:13,10.40625,1
2026-08-10 13:41:13,10.375,1
2026-08-10 13:41:13,10.375,1
2026-08-10 13:41:13,11.25,1
2026-08-10 13:41:13,11.25,1
2026-08-10 13:41:13,11.328125,1
2026-08-10 13:41:13,11.328125,1
2026-08-10 13:41:13,11.375,1
2026-08-10 13:41:13,11.375,1
2026-08-10 13:41:14,12.28125,1
2026-08-10 13:41:14,12.28125,1
2026-08-10 13:41:14,12.3125,1
2026-08-10 13:41:14,12.3125,1
2026-08-10 13:41:14,12.40625,1
2026-08-10 13:41:14,12.40625,1
2026-08-10 13:41:14,12.40625,1
2026-08-10 13:41:14,12.40625,1
2026-08-10 13:41:14,13.046875,1
2026-08-10 13:41:14,13.046875,1
2026-08-10 13:41:14,13.140625,1
2026-08-10 13:41:14,13.140625,1
2026-08-10 13:41:14,13.140625,1
2026-08-10 13:41:14,13.140625,1
2026-08-10 13:41:14,13.140625,1
2026-08-10 13:41:14,13.140625,1
2026-08-10 13:41:14,14.03125,1
2026-08-10 13:41:14,14.03125,1
2026-08-10 13:41:14,14.046875,1
2026-08-10 13:41:14,14.046875,1
2026-08-10 13:41:15,14.125,1
2026-08-10 13:41:15,14.125,1
2026-08-10 13:41:15,14.578125,1
2026-08-10 13:41:15,14.578125,1
2026-08-10 13:41:15,14.6875,1
2026-08-10 13:41:15,14.6875,1
2026-08-10 13:41:15,14.75,1
2026-08-10 13:41:15,14.75,1
2026-08-10 13:41:15,15.40625,1
2026-08-10 13:41:15,15.40625,1
2026-08-10 13:41:15,15.5,1
2026-08-10 13:41:15,15.5,1
2026-08-10 13:41:15,15.53125,1
2026-08-10 13:41:15,15.53125,1
2026-08-10 13:41:15,15.53125,1
2026-08-10 13:41:15,15.53125,1
2026-08-10 13:41:15,15.921875,1
2026-08-10 13:41:15,15.921875,1
2026-08-10 13:41:15,16.0,1
2026-08-10 13:41:15,16.0,1
2026-08-10 13:41:16,16.078125,1
2026-08-10 13:41:16,16.078125,1
2026-08-10 13:41:16,16.140625,1
2026-08-10 13:41:16,16.140625,1
2026-08-10 13:41:16,16.9375,1
2026-08-10 13:41:16,16.9375,1
2026-08-10 13:41:16,16.953125,1
2026-08-10 13:41:16,16.953125,1
2026-08-10 13:41:16,16.890625,1
2026-08-10 13:41:16,16.890625,1
2026-08-10 13:41:16,17.546875,1
2026-08-10 13:41:16,17.546875,1
2026-08-10 13:41:16,17.671875,1
2026-08-10 13:41:16,17.671875,1
2026-08-10 13:41:16,17.75,1
2026-08-10 13:41:16,17.75,1
2026-08-10 13:41:16,17.84375,1
2026-08-10 13:41:16,17.84375,1
2026-08-10 13:41:16,18.328125,1
2026-08-10 13:41:16,18.328125,1
2026-08-10 13:41:17,18.46875,1
2026-08-10 13:41:17,18.46875,1
2026-08-10 13:41:17,18.46875,1
2026-08-10 13:41:17,18.46875,1
2026-08-10 13:41:17,18.953125,1
2026-08-10 13:41:17,18.953125,1
2026-08-10 13:41:17,19.03125,1
2026-08-10 13:41:17,19.03125,1
2026-08-10 13:41:17,19.0625,1
2026-08-10 13:41:17,19.0625,1
2026-08-10 13:41:17,19.15625,1
2026-08-10 13:41:17,19.15625,1
2026-08-10 13:41:17,19.484375,1
2026-08-10 13:41:17,19.484375,1
2026-08-10 13:41:17,19.4375,1
2026-08-10 13:41:17,19.4375,1
2026-08-10 13:41:17,19.46875,1
2026-08-10 13:41:17,19.46875,1
2026-08-10 13:41:17,19.3125,1
2026-08-10 13:41:17,19.3125,1
2026-08-10 13:41:18,19.25,1
2026-08-10 13:41:18,19.25,1
2026-08-10 13:41:18,19.1875,1
2026-08-10 13:41:18,19.1875,1
2026-08-10 13:41:18,19.0625,1
2026-08-10 13:41:18,19.0625,1
2026-08-10 13:41:18,17.234375,1
2026-08-10 13:41:18,17.234375,1
2026-08-10 13:41:18,17.09375,1
2026-08-10 13:41:18,17.09375,1
2026-08-10 13:41:18,17.0,1
2026-08-10 13:41:18,17.0,1
2026-08-10 13:41:18,17.0,1
2026-08-10 13:41:18,17.0,1
2026-08-10 13:41:18,18.40625,1
2026-08-10 13:41:18,18.40625,1
2026-08-10 13:41:18,18.484375,1
2026-08-10 13:41:18,18.484375,1
2026-08-10 13:41:18,18.46875,1
2026-08-10 13:41:18,18.46875,1
2026-08-10 13:41:19,18.46875,1
2026-08-10 13:41:19,18.46875,1
2026-08-10 13:41:19,18.65625,1
2026-08-10 13:41:19,18.65625,1
2026-08-10 13:41:19,18.578125,1
2026-08-10 13:41:19,18.578125,1
2026-08-10 13:41:19,18.421875,1
2026-08-10 13:41:19,18.421875,1
2026-08-10 13:41:19,18.25,1
2026-08-10 13:41:19,18.25,1
2026-08-10 13:41:19,18.453125,1
2026-08-10 13:41:19,18.453125,1
2026-08-10 13:41:19,18.484375,1
2026-08-10 13:41:19,18.484375,1
2026-08-10 13:41:19,18.421875,1
2026-08-10 13:41:19,18.421875,1
2026-08-10 13:41:19,18.625,1
2026-08-10 13:41:19,18.625,1
2026-08-10 13:41:19,18.703125,1
2026-08-10 13:41:19,18.703125,1
2026-08-10 13:41:20,18.6875,1
2026-08-10 13:41:20,18.6875,1
2026-08-10 13:41:20,19.234375,1
2026-08-10 13:41:20,19.234375,1
2026-08-10 13:41:20,19.375,1
2026-08-10 13:41:20,19.375,1
2026-08-10 13:41:20,19.28125,1
2026-08-10 13:41:20,19.28125,1
2026-08-10 13:41:20,19.6875,1
2026-08-10 13:41:20,19.6875,1
2026-08-10 13:41:20,19.765625,1
2026-08-10 13:41:20,19.765625,1
2026-08-10 13:41:20,19.671875,1
2026-08-10 13:41:20,19.671875,1
2026-08-10 13:41:20,19.6875,1
2026-08-10 13:41:20,19.6875,1
2026-08-10 13:41:20,19.265625,1
2026-08-10 13:41:20,19.265625,1
2026-08-10 13:41:20,19.0625,1
2026-08-10 13:41:20,19.0625,1
2026-08-10 13:41:21,19.140625,1
2026-08-10 13:41:21,19.140625,1
2026-08-10 13:41:21,18.828125,1
2026-08-10 13:41:21,18.828125,1
2026-08-10 13:41:21,17.34375,1
2026-08-10 13:41:21,17.34375,1
2026-08-10 13:41:21,17.25,1
2026-08-10 13:41:21,17.25,1
2026-08-10 13:41:21,17.140625,1
2026-08-10 13:41:21,17.140625,1
2026-08-10 13:41:21,17.546875,1
2026-08-10 13:41:21,17.546875,1
2026-08-10 13:41:21,17.578125,1
2026-08-10 13:41:21,17.578125,1
2026-08-10 13:41:21,17.671875,1
2026-08-10 13:41:21,17.671875,1
2026-08-10 13:41:21,17.515625,1
2026-08-10 13:41:21,17.515625,1
2026-08-10 13:41:21,17.15625,1
2026-08-10 13:41:21,17.15625,1
2026-08-10 13:41:22,17.109375,1
2026-08-10 13:41:22,17.109375,1
2026-08-10 13:41:22,17.1875,1
2026-08-10 13:41:22,17.1875,1
2026-08-10 13:41:22,16.484375,1
2026-08-10 13:41:22,16.484375,1
2026-08-10 13:41:22,16.40625,1
2026-08-10 13:41:22,16.40625,1
2026-08-10 13:41:22,16.453125,1
2026-08-10 13:41:22,16.453125,1
2026-08-10 13:41:22,15.765625,1
2026-08-10 13:41:22,15.765625,1
2026-08-10 13:41:22,15.515625,1
2026-08-10 13:41:22,15.515625,1
2026-08-10 13:41:22,15.4375,1
2026-08-10 13:41:22,15.4375,1
2026-08-10 13:41:22,15.359375,1
2026-08-10 13:41:22,15.359375,1
2026-08-10 13:41:22,15.5,1
2026-08-10 13:41:22,15.5,1
2026-08-10 13:41:23,15.625,1
2026-08-10 13:41:23,15.625,1
2026-08-10 13:41:23,15.625,1
2026-08-10 13:41:23,15.625,1
2026-08-10 13:41:23,15.5625,1
2026-08-10 13:41:23,15.5625,1
2026-08-10 13:41:23,14.1875,1
2026-08-10 13:41:23,14.1875,1
2026-08-10 13:41:23,15.0,1
2026-08-10 13:41:23,15.0,1
2026-08-10 13:41:23,15.59375,1
2026-08-10 13:41:23,15.59375,1
2026-08-10 13:41:23,15.5625,1
2026-08-10 13:41:23,15.5625,1
2026-08-10 13:41:23,15.265625,1
2026-08-10 13:41:23,15.265625,1
2026-08-10 13:41:23,14.8125,1
2026-08-10 13:41:23,14.8125,1
2026-08-10 13:41:23,14.546875,1
2026-08-10 13:41:23,14.546875,1
2026-08-10 13:41:24,14.78125,1
2026-08-10 13:41:24,14.78125,1
2026-08-10 13:41:24,14.953125,1
2026-08-10 13:41:24,14.953125,1
2026-08-10 13:41:24,15.375,1
2026-08-10 13:41:24,15.375,1
2026-08-10 13:41:24,16.4375,1
2026-08-10 13:41:24,16.4375,1
2026-08-10 13:41:24,16.59375,1
2026-08-10 13:41:24,16.59375,1
2026-08-10 13:41:24,16.59375,1
2026-08-10 13:41:24,16.59375,1
2026-08-10 13:41:24,16.640625,1
2026-08-10 13:41:24,16.640625,1
2026-08-10 13:41:24,18.0625,1
2026-08-10 13:41:24,18.0625,1
2026-08-10 13:41:24,18.0625,1
2026-08-10 13:41:24,18.0625,1
2026-08-10 13:41:24,18.25,1
2026-08-10 13:41:24,18.25,1
2026-08-10 13:41:25,19.6875,1
2026-08-10 13:41:25,19.6875,1
2026-08-10 13:41:25,19.734375,1
2026-08-10 13:41:25,19.734375,1
2026-08-10 13:41:25,19.90625,1
2026-08-10 13:41:25,19.90625,1
2026-08-10 13:41:25,20.15625,1
2026-08-10 13:41:25,20.15625,1
2026-08-10 13:41:25,19.421875,1
2026-08-10 13:41:25,19.421875,1
2026-08-10 13:41:25,19.40625,1
2026-08-10 13:41:25,19.40625,1
2026-08-10 13:41:25,19.4375,1
2026-08-10 13:41:25,19.4375,1
2026-08-10 13:41:25,18.453125,1
2026-08-10 13:41:25,18.453125,1
2026-08-10 13:41:25,18.34375,1
2026-08-10 13:41:25,18.34375,1
2026-08-10 13:41:25,18.234375,1
2026-08-10 13:41:25,18.234375,1
2026-08-10 13:41:26,18.21875,1
2026-08-10 13:41:26,18.21875,1
2026-08-10 13:41:26,18.15625,1
2026-08-10 13:41:26,18.15625,1
2026-08-10 13:41:26,18.109375,1
2026-08-10 13:41:26,18.109375,1
2026-08-10 13:41:26,18.1875,1
2026-08-10 13:41:26,18.1875,1
2026-08-10 13:41:26,17.5625,1
2026-08-10 13:41:26,17.5625,1
2026-08-10 13:41:26,17.53125,1
2026-08-10 13:41:26,17.53125,1
2026-08-10 13:41:26,17.5,1
2026-08-10 13:41:26,17.5,1
2026-08-10 13:41:26,17.5625,1
2026-08-10 13:41:26,17.5625,1
2026-08-10 13:41:26,17.421875,1
2026-08-10 13:41:26,17.421875,1
2026-08-10 13:41:26,17.34375,1
2026-08-10 13:41:26,17.34375,1
2026-08-10 13:41:27,17.25,1
2026-08-10 13:41:27,17.25,1
2026-08-10 13:41:27,17.171875,1
2026-08-10 13:41:27,17.171875,1
2026-08-10 13:41:27,16.4375,1
2026-08-10 13:41:27,16.4375,1
2026-08-10 13:41:27,16.40625,1
2026-08-10 13:41:27,16.40625,1
2026-08-10 13:41:27,16.359375,1
2026-08-10 13:41:27,16.359375,1
2026-08-10 13:41:27,15.328125,1
2026-08-10 13:41:27,15.328125,1
2026-08-10 13:41:27,15.46875,1
2026-08-10 13:41:27,15.46875,1
2026-08-10 13:41:27,15.515625,1
2026-08-10 13:41:27,15.515625,1
2026-08-10 13:41:27,15.359375,1
2026-08-10 13:41:27,15.359375,1
2026-08-10 13:41:27,14.640625,1
2026-08-10 13:41:27,14.640625,1
2026-08-10 13:41:28,14.515625,1
2026-08-10 13:41:28,14.515625,1
2026-08-10 13:41:28,14.53125,1
2026-08-10 13:41:28,14.53125,1
2026-08-10 13:41:28,13.0,1
2026-08-10 13:41:28,13.0,1
2026-08-10 13:41:28,12.828125,1
2026-08-10 13:41:28,12.828125,1
2026-08-10 13:41:28,12.796875,1
2026-08-10 13:41:28,12.796875,1
2026-08-10 13:41:28,12.796875,1
2026-08-10 13:41:28,12.796875,1
2026-08-10 13:41:28,12.828125,1
2026-08-10 13:41:28,12.828125,1
2026-08-10 13:41:28,12.953125,1
2026-08-10 13:41:28,12.953125,1
2026-08-10 13:41:28,12.96875,1
2026-08-10 13:41:28,12.96875,1
2026-08-10 13:41:28,12.3125,1
2026-08-10 13:41:28,12.3125,1
2026-08-10 13:41:29,12.203125,1
2026-08-10 13:41:29,12.203125,1
2026-08-10 13:41:29,12.03125,1
2026-08-10 13:41:29,12.03125,1
2026-08-10 13:41:29,11.953125,1
2026-08-10 13:41:29,11.953125,1
2026-08-10 13:41:29,11.203125,1
2026-08-10 13:41:29,11.203125,1
2026-08-10 13:41:29,11.3125,1
2026-08-10 13:41:29,11.3125,1
2026-08-10 13:41:29,11.375,1
2026-08-10 13:41:29,11.375,1
2026-08-10 13:41:29,11.40625,1
2026-08-10 13:41:29,11.40625,1
2026-08-10 13:41:29,10.21875,1
2026-08-10 13:41:29,10.21875,1
2026-08-10 13:41:29,10.0,1
2026-08-10 13:41:29,10.0,1
2026-08-10 13:41:29,9.953125,1
2026-08-10 13:41:29,9.953125,1
2026-08-10 13:41:30,8.140625,1
2026-08-10 13:41:30,8.140625,1
2026-08-10 13:41:30,7.953125,1
2026-08-10 13:41:30,7.953125,1
2026-08-10 13:41:30,7.828125,1
2026-08-10 13:41:30,7.828125,1
2026-08-10 13:41:30,7.78125,1
2026-08-10 13:41:30,7.78125,1
2026-08-10 13:41:30,5.265625,1
2026-08-10 13:41:30,5.265625,1
2026-08-10 13:41:30,4.96875,1
2026-08-10 13:41:30,4.96875,1
2026-08-10 13:41:30,4.734375,1
2026-08-10 13:41:30,4.734375,1
2026-08-10 13:41:30,1.34375,1
2026-08-10 13:41:30,1.34375,1
2026-08-10 13:41:30,1.28125,1
2026-08-10 13:41:30,1.28125,1
2026-08-10 13:41:30,1.234375,1
2026-08-10 13:41:30,1.234375,1
2026-08-10 13:41:31,0.65625,1
2026-08-10 13:41:31,0.65625,1
2026-08-10 13:41:31,0.0,1
2026-08-10 13:41:31,0.0,1
2026-08-10 13:41:31,0.0,1
2026-08-10 13:41:31,0.0,1
2026-08-10 13:41:31,0.0,1
2026-08-10 13:41:31,0.0,1
2026-08-10 13:41:31,0.0,1
2026-08-10 13:41:31,0.0,1
2026-08-10 13:41:31,0.0,1
2026-08-10 13:41:31,0.0,1
2026-08-10 13:41:31,0.0,1
2026-08-10 13:41:31,0.0,1
2026-08-10 13:41:31,0.0,1
2026-08-10 13:41:31,0.0,1
2026-08-10 13:41:31,0.0,1
2026-08-10 13:41:31,0.0,1
2026-08-10 13:41:31,0.0,1
2026-08-10 13:41:31,0.0,1
2026-08-10 13:41:32,0.0,1
2026-08-10 13:41:32,0.0,1
2026-08-10 13:41:32,0.0,1
2026-08-10 13:41:32,0.0,1
2026-08-10 13:41:32,0.0,1
2026-08-10 13:41:32,0.0,1
2026-08-10 13:41:32,0.0,1
2026-08-10 13:41:32,0.0,1
2026-08-10 13:41:32,0.0,1
2026-08-10 13:41:32,0.0,1
2026-08-10 13:41:32,0.0,1
2026-08-10 13:41:32,0.0,1
2026-08-10 13:41:32,0.0,1
2026-08-10 13:41:32,0.0,1
2026-08-10 13:41:32,0.0,1
2026-08-10 13:41:32,0.0,1
2026-08-10 13:41:32,0.0,1
2026-08-10 13:41:32,0.0,1
2026-08-10 13:41:32,0.0,1
2026-08-10 13:41:32,0.0,1
2026-08-10 13:41:33,0.0,1
2026-08-10 13:41:33,0.0,1
2026-08-10 13:41:33,0.0,1
2026-08-10 13:41:33,0.0,1
2026-08-10 13:41:33,0.0,1
2026-08-10 13:41:33,0.0,1
2026-08-10 13:41:33,0.0,1
2026-08-10 13:41:33,0.0,1
2026-08-10 13:41:33,0.0,1
2026-08-10 13:41:33,0.0,1
2026-08-10 13:41:33,0.0,1
2026-08-10 13:41:33,0.0,1
2026-08-10 13:41:33,0.0,1
2026-08-10 13:41:33,0.0,1
2026-08-10 13:41:33,0.0,1
2026-08-10 13:41:33,0.0,1
2026-08-10 13:41:33,0.0,1
2026-08-10 13:41:33,0.0,1
2026-08-10 13:41:33,0.0,1
2026-08-10 13:41:33,0.0,1
2026-08-10 13:41:34,0.0,1
2026-08-10 13:41:34,0.0,1
2026-08-10 13:41:34,0.0,1
2026-08-10 13:41:34,0.0,1
2026-08-10 13:41:34,0.0,1
2026-08-10 13:41:34,0.0,1
2026-08-10 13:41:34,0.0,1
2026-08-10 13:41:34,0.0,1
2026-08-10 13:41:34,0.0,1
2026-08-10 13:41:34,0.0,1
2026-08-10 13:41:34,0.0,1
2026-08-10 13:41:34,0.0,1
2026-08-10 13:41:34,0.0,1
2026-08-10 13:41:34,0.0,1
2026-08-10 13:41:34,0.0,1
2026-08-10 13:41:34,0.0,1
2026-08-10 13:41:34,0.0,1
2026-08-10 13:41:34,0.0,1
2026-08-10 13:41:34,0.0,1
2026-08-10 13:41:34,0.0,1
2026-08-10 13:41:35,0.0,1
2026-08-10 13:41:35,0.0,1
2026-08-10 13:41:35,0.0,1
2026-08-10 13:41:35,0.0,1
2026-08-10 13:41:35,0.0,1
2026-08-10 13:41:35,0.0,1
2026-08-10 13:41:35,0.0,1
2026-08-10 13:41:35,0.0,1
2026-08-10 13:41:35,0.0,1
2026-08-10 13:41:35,0.0,1
2026-08-10 13:41:35,0.0,1
2026-08-10 13:41:35,0.0,1
2026-08-10 13:41:35,0.0,1
2026-08-10 13:41:35,0.0,1
2026-08-10 13:41:35,0.0,1
2026-08-10 13:41:35,0.0,1
2026-08-10 13:41:35,0.0,1
2026-08-10 13:41:35,0.0,1
2026-08-10 13:41:35,0.0,1
2026-08-10 13:41:35,0.0,1
2026-08-10 13:41:36,0.0,1
2026-08-10 13:41:36,0.0,1
2026-08-10 13:41:36,0.0,1
2026-08-10 13:41:36,0.0,1
2026-08-10 13:41:36,0.0,1
2026-08-10 13:41:36,0.0,1
2026-08-10 13:41:36,0.0,1
2026-08-10 13:41:36,0.0,1
2026-08-10 13:41:36,0.0,1
2026-08-10 13:41:36,0.0,1
2026-08-10 13:41:36,0.0,1
2026-08-10 13:41:36,0.0,1
2026-08-10 13:41:36,0.0,1
2026-08-10 13:41:36,0.0,1
2026-08-10 13:41:36,0.0,1
2026-08-10 13:41:36,0.0,1
2026-08-10 13:41:36,0.0,1
2026-08-10 13:41:36,0.0,1
2026-08-10 13:41:36,0.0,1
2026-08-10 13:41:36,0.0,1
2026-08-10 13:41:37,0.0,1
2026-08-10 13:41:37,0.0,1
2026-08-10 13:41:37,0.0,1
2026-08-10 13:41:37,0.0,1
2026-08-10 13:41:37,0.0,1
2026-08-10 13:41:37,0.0,1
2026-08-10 13:41:37,0.0,1
2026-08-10 13:41:37,0.0,1
2026-08-10 13:41:37,0.0,1
2026-08-10 13:41:37,0.0,1
2026-08-10 13:41:37,0.0,1
2026-08-10 13:41:37,0.0,1
2026-08-10 13:41:37,0.0,1
2026-08-10 13:41:37,0.0,1
2026-08-10 13:41:37,0.0,1
2026-08-10 13:41:37,0.0,1
2026-08-10 13:41:37,0.0,1
2026-08-10 13:41:37,0.0,1
2026-08-10 13:41:37,0.0,1
2026-08-10 13:41:37,0.0,1
2026-08-10 13:41:38,0.0,1
2026-08-10 13:41:38,0.0,1
2026-08-10 13:41:38,0.0,1
2026-08-10 13:41:38,0.0,1
2026-08-10 13:41:38,0.0,1
2026-08-10 13:41:38,0.0,1
2026-08-10 13:41:38,0.0,1
2026-08-10 13:41:38,0.0,1
2026-08-10 13:41:38,0.0,1
2026-08-10 13:41:38,0.0,1
2026-08-10 13:41:38,0.0,1
2026-08-10 13:41:38,0.0,1
2026-08-10 13:41:38,0.0,1
2026-08-10 13:41:38,0.0,1
2026-08-10 13:41:38,0.0,1
2026-08-10 13:41:38,0.0,1
2026-08-10 13:41:38,0.0,1
2026-08-10 13:41:38,0.0,1
2026-08-10 13:41:38,0.0,1
2026-08-10 13:41:38,0.0,1
2026-08-10 13:41:39,0.0,1
2026-08-10 13:41:39,0.0,1
2026-08-10 13:41:39,0.0,1
2026-08-10 13:41:39,0.0,1
2026-08-10 13:41:39,0.0,1
2026-08-10 13:41:39,0.0,1
2026-08-10 13:41:39,0.0,1
2026-08-10 13:41:39,0.0,1
2026-08-10 13:41:39,0.0,1
2026-08-10 13:41:39,0.0,1
2026-08-10 13:41:39,0.0,1
2026-08-10 13:41:39,0.0,1
2026-08-10 13:41:39,0.0,1
2026-08-10 13:41:39,0.0,1
2026-08-10 13:41:39,0.0,1
2026-08-10 13:41:39,0.0,1
2026-08-10 13:41:39,0.0,1
2026-08-10 13:41:39,0.0,1
2026-08-10 13:41:39,0.0,1
2026-08-10 13:41:39,0.0,1
2026-08-10 13:41:40,0.0,1
2026-08-10 13:41:40,0.0,1
2026-08-10 13:41:40,0.0,1
2026-08-10 13:41:40,0.0,1
2026-08-10 13:41:40,0.0,1
2026-08-10 13:41:40,0.0,1
2026-08-10 13:41:40,0.0,1
2026-08-10 13:41:40,0.0,1
2026-08-10 13:41:40,0.0,1
2026-08-10 13:41:40,0.0,1
2026-08-10 13:41:40,0.0,1
2026-08-10 13:41:40,0.0,1
2026-08-10 13:41:40,0.0,1
2026-08-10 13:41:40,0.0,1
2026-08-10 13:41:40,0.0,1
2026-08-10 13:41:40,0.0,1
2026-08-10 13:41:40,0.0,1
2026-08-10 13:41:40,0.0,1
2026-08-10 13:41:40,0.0,1
2026-08-10 13:41:40,0.0,1
2026-08-10 13:41:41,0.0,1
2026-08-10 13:41:41,0.0,1
2026-08-10 13:41:41,0.0,1
2026-08-10 13:41:41,0.0,1
2026-08-10 13:41:41,0.0,1
2026-08-10 13:41:41,0.0,1
2026-08-10 13:41:41,0.0,1
2026-08-10 13:41:41,0.0,1
2026-08-10 13:41:41,0.0,1
2026-08-10 13:41:41,0.0,1
2026-08-10 13:41:41,0.0,1
2026-08-10 13:41:41,0.0,1
2026-08-10 13:41:41,0.0,1
2026-08-10 13:41:41,0.0,1
2026-08-10 13:41:41,0.0,1
2026-08-10 13:41:41,0.0,1
2026-08-10 13:41:41,0.0,1
2026-08-10 13:41:41,0.0,1
2026-08-10 13:41:41,0.0,1
2026-08-10 13:41:41,0.0,1
2026-08-10 13:41:42,0.0,1
2026-08-10 13:41:42,0.0,1
2026-08-10 13:41:42,0.0,1
2026-08-10 13:41:42,0.0,1
2026-08-10 13:41:42,0.0,1
2026-08-10 13:41:42,0.0,1
2026-08-10 13:41:42,0.0,1
2026-08-10 13:41:42,0.0,1
2026-08-10 13:41:42,0.0,1
2026-08-10 13:41:42,0.0,1
2026-08-10 13:41:42,0.0,1
2026-08-10 13:41:42,0.0,1
2026-08-10 13:41:42,0.0,1
2026-08-10 13:41:42,0.0,1
2026-08-10 13:41:42,0.0,1
2026-08-10 13:41:42,0.0,1
2026-08-10 13:41:42,0.0,1
2026-08-10 13:41:42,0.0,1
2026-08-10 13:41:42,2.375,1
2026-08-10 13:41:42,2.375,1
2026-08-10 13:41:43,2.515625,1
2026-08-10 13:41:43,2.515625,1
2026-08-10 13:41:43,2.625,1
2026-08-10 13:41:43,2.625,1
2026-08-10 13:41:43,4.578125,1
2026-08-10 13:41:43,4.578125,1
2026-08-10 13:41:43,4.734375,1
2026-08-10 13:41:43,4.734375,1
2026-08-10 13:41:43,4.921875,1
2026-08-10 13:41:43,4.921875,1
2026-08-10 13:41:43,7.75,1
2026-08-10 13:41:43,7.75,1
2026-08-10 13:41:43,8.0,1
2026-08-10 13:41:43,8.0,1
2026-08-10 13:41:43,8.21875,1
2026-08-10 13:41:43,8.21875,1
2026-08-10 13:41:43,8.28125,1
2026-08-10 13:41:43,8.28125,1
2026-08-10 13:41:43,11.28125,1
2026-08-10 13:41:43,11.28125,1
2026-08-10 13:41:44,11.59375,1
2026-08-10 13:41:44,11.59375,1
2026-08-10 13:41:44,11.75,1
2026-08-10 13:41:44,11.75,1
2026-08-10 13:41:44,11.90625,1
2026-08-10 13:41:44,11.90625,1
2026-08-10 13:41:44,15.1875,1
2026-08-10 13:41:44,15.1875,1
2026-08-10 13:41:44,15.296875,1
2026-08-10 13:41:44,15.296875,1
2026-08-10 13:41:44,15.546875,1
2026-08-10 13:41:44,15.546875,1
2026-08-10 13:41:44,17.6875,1
2026-08-10 13:41:44,17.6875,1
2026-08-10 13:41:44,17.390625,1
2026-08-10 13:41:44,17.390625,1
2026-08-10 13:41:44,17.515625,1
2026-08-10 13:41:44,17.515625,1
2026-08-10 13:41:44,17.15625,1
2026-08-10 13:41:44,17.15625,1
2026-08-10 13:41:45,17.4375,1
2026-08-10 13:41:45,17.4375,1
2026-08-10 13:41:45,17.328125,1
2026-08-10 13:41:45,17.328125,1
2026-08-10 13:41:45,17.25,1
2026-08-10 13:41:45,17.25,1
2026-08-10 13:41:45,17.3125,1
2026-08-10 13:41:45,17.3125,1
2026-08-10 13:41:45,16.78125,1
2026-08-10 13:41:45,16.78125,1
2026-08-10 13:41:45,16.96875,1
2026-08-10 13:41:45,16.96875,1
2026-08-10 13:41:45,16.9375,1
2026-08-10 13:41:45,16.9375,1
2026-08-10 13:41:45,16.671875,1
2026-08-10 13:41:45,16.671875,1
2026-08-10 13:41:45,16.875,1
2026-08-10 13:41:45,16.875,1
2026-08-10 13:41:45,17.015625,1
2026-08-10 13:41:45,17.015625,1
2026-08-10 13:41:46,16.953125,1
2026-08-10 13:41:46,16.953125,1
2026-08-10 13:41:46,16.5,1
2026-08-10 13:41:46,16.5,1
2026-08-10 13:41:46,16.453125,1
2026-08-10 13:41:46,16.453125,1
2026-08-10 13:41:46,16.46875,1
2026-08-10 13:41:46,16.46875,1
2026-08-10 13:41:46,15.90625,1
2026-08-10 13:41:46,15.90625,1
2026-08-10 13:41:46,15.828125,1
2026-08-10 13:41:46,15.828125,1
2026-08-10 13:41:46,15.890625,1
2026-08-10 13:41:46,15.890625,1
2026-08-10 13:41:46,15.78125,1
2026-08-10 13:41:46,15.78125,1
2026-08-10 13:41:46,14.453125,1
2026-08-10 13:41:46,14.453125,1
2026-08-10 13:41:46,14.515625,1
2026-08-10 13:41:46,14.515625,1
2026-08-10 13:41:47,14.40625,1
2026-08-10 13:41:47,14.40625,1
2026-08-10 13:41:47,14.4375,1
2026-08-10 13:41:47,14.4375,1
2026-08-10 13:41:47,14.375,1
2026-08-10 13:41:47,14.375,1
2026-08-10 13:41:47,14.453125,1
2026-08-10 13:41:47,14.453125,1
2026-08-10 13:41:47,14.5,1
2026-08-10 13:41:47,14.5,1
2026-08-10 13:41:47,12.828125,1
2026-08-10 13:41:47,12.828125,1
2026-08-10 13:41:47,12.953125,1
2026-08-10 13:41:47,12.953125,1
2026-08-10 13:41:47,13.125,1
2026-08-10 13:41:47,13.125,1
2026-08-10 13:41:47,13.234375,1
2026-08-10 13:41:47,13.234375,1
2026-08-10 13:41:47,13.359375,1
2026-08-10 13:41:47,13.359375,1
2026-08-10 13:41:48,13.28125,1
2026-08-10 13:41:48,13.28125,1
2026-08-10 13:41:48,13.078125,1
2026-08-10 13:41:48,13.078125,1
2026-08-10 13:41:48,12.359375,1
2026-08-10 13:41:48,12.359375,1
2026-08-10 13:41:48,12.25,1
2026-08-10 13:41:48,12.25,1
2026-08-10 13:41:48,12.234375,1
2026-08-10 13:41:48,12.234375,1
2026-08-10 13:41:48,12.25,1
2026-08-10 13:41:48,12.25,1
2026-08-10 13:41:48,12.71875,1
2026-08-10 13:41:48,12.71875,1
2026-08-10 13:41:48,12.6875,1
2026-08-10 13:41:48,12.6875,1
2026-08-10 13:41:48,12.734375,1
2026-08-10 13:41:48,12.734375,1
2026-08-10 13:41:48,12.453125,1
2026-08-10 13:41:48,12.453125,1
2026-08-10 13:41:49,12.46875,1
2026-08-10 13:41:49,12.46875,1
2026-08-10 13:41:49,12.453125,1
2026-08-10 13:41:49,12.453125,1
2026-08-10 13:41:49,12.53125,1
2026-08-10 13:41:49,12.53125,1
2026-08-10 13:41:49,12.671875,1
2026-08-10 13:41:49,12.671875,1
2026-08-10 13:41:49,12.65625,1
2026-08-10 13:41:49,12.65625,1
2026-08-10 13:41:49,12.640625,1
2026-08-10 13:41:49,12.640625,1
2026-08-10 13:41:49,12.4375,1
2026-08-10 13:41:49,12.4375,1
2026-08-10 13:41:49,12.4375,1
2026-08-10 13:41:49,12.4375,1
2026-08-10 13:41:49,12.375,1
2026-08-10 13:41:49,12.375,1
2026-08-10 13:41:49,12.234375,1
2026-08-10 13:41:49,12.234375,1
2026-08-10 13:41:50,11.8125,1
2026-08-10 13:41:50,11.8125,1
2026-08-10 13:41:50,11.734375,1
2026-08-10 13:41:50,11.734375,1
2026-08-10 13:41:50,11.71875,1
2026-08-10 13:41:50,11.71875,1
2026-08-10 13:41:50,11.71875,1
2026-08-10 13:41:50,11.71875,1
2026-08-10 13:41:50,11.09375,1
2026-08-10 13:41:50,11.09375,1
2026-08-10 13:41:50,11.078125,1
2026-08-10 13:41:50,11.078125,1
2026-08-10 13:41:50,11.015625,1
2026-08-10 13:41:50,11.015625,1
2026-08-10 13:41:50,10.59375,1
2026-08-10 13:41:50,10.59375,1
2026-08-10 13:41:50,10.578125,1
2026-08-10 13:41:50,10.578125,1
2026-08-10 13:41:50,10.59375,1
2026-08-10 13:41:50,10.59375,1
2026-08-10 13:41:51,10.625,1
2026-08-10 13:41:51,10.625,1
2026-08-10 13:41:51,10.296875,1
2026-08-10 13:41:51,10.296875,1
2026-08-10 13:41:51,10.265625,1
2026-08-10 13:41:51,10.265625,1
2026-08-10 13:41:51,10.265625,1
2026-08-10 13:41:51,10.265625,1
2026-08-10 13:41:51,10.296875,1
2026-08-10 13:41:51,10.296875,1
2026-08-10 13:41:51,10.296875,1
2026-08-10 13:41:51,10.296875,1
2026-08-10 13:41:51,10.265625,1
2026-08-10 13:41:51,10.265625,1
2026-08-10 13:41:51,10.25,1
2026-08-10 13:41:51,10.25,1
2026-08-10 13:41:51,10.28125,1
2026-08-10 13:41:51,10.28125,1
2026-08-10 13:41:51,10.328125,1
2026-08-10 13:41:51,10.328125,1
2026-08-10 13:41:52,10.390625,1
2026-08-10 13:41:52,10.390625,1
2026-08-10 13:41:52,10.46875,1
2026-08-10 13:41:52,10.46875,1
2026-08-10 13:41:52,10.671875,1
2026-08-10 13:41:52,10.671875,1
2026-08-10 13:41:52,10.640625,1
2026-08-10 13:41:52,10.640625,1
2026-08-10 13:41:52,10.640625,1
2026-08-10 13:41:52,10.640625,1
2026-08-10 13:41:52,11.359375,1
2026-08-10 13:41:52,11.359375,1
2026-08-10 13:41:52,11.421875,1
2026-08-10 13:41:52,11.421875,1
2026-08-10 13:41:52,11.453125,1
2026-08-10 13:41:52,11.453125,1
2026-08-10 13:41:52,11.453125,1
2026-08-10 13:41:52,11.453125,1
2026-08-10 13:41:52,11.796875,1
2026-08-10 13:41:52,11.796875,1
2026-08-10 13:41:53,11.953125,1
2026-08-10 13:41:53,11.953125,1
2026-08-10 13:41:53,11.921875,1
2026-08-10 13:41:53,11.921875,1
2026-08-10 13:41:53,11.921875,1
2026-08-10 13:41:53,11.921875,1
2026-08-10 13:41:53,12.4375,1
2026-08-10 13:41:53,12.4375,1
2026-08-10 13:41:53,12.4375,1
2026-08-10 13:41:53,12.4375,1
2026-08-10 13:41:53,12.46875,1
2026-08-10 13:41:53,12.46875,1
2026-08-10 13:41:53,12.9375,1
2026-08-10 13:41:53,12.9375,1
2026-08-10 13:41:53,13.0,1
2026-08-10 13:41:53,13.0,1
2026-08-10 13:41:53,13.015625,1
2026-08-10 13:41:53,13.015625,1
2026-08-10 13:41:53,13.421875,1
2026-08-10 13:41:53,13.421875,1
2026-08-10 13:41:54,13.46875,1
2026-08-10 13:41:54,13.46875,1
2026-08-10 13:41:54,13.515625,1
2026-08-10 13:41:54,13.515625,1
2026-08-10 13:41:54,13.515625,1
2026-08-10 13:41:54,13.515625,1
2026-08-10 13:41:54,13.671875,1
2026-08-10 13:41:54,13.671875,1
2026-08-10 13:41:54,13.703125,1
2026-08-10 13:41:54,13.703125,1
2026-08-10 13:41:54,13.765625,1
2026-08-10 13:41:54,13.765625,1
2026-08-10 13:41:54,13.875,1
2026-08-10 13:41:54,13.875,1
2026-08-10 13:41:54,14.15625,1
2026-08-10 13:41:54,14.15625,1
2026-08-10 13:41:54,14.15625,1
2026-08-10 13:41:54,14.15625,1
2026-08-10 13:41:54,13.984375,1
2026-08-10 13:41:54,13.984375,1
2026-08-10 13:41:55,14.390625,1
2026-08-10 13:41:55,14.390625,1
2026-08-10 13:41:55,14.359375,1
2026-08-10 13:41:55,14.359375,1
2026-08-10 13:41:55,14.328125,1
2026-08-10 13:41:55,14.328125,1
2026-08-10 13:41:55,14.34375,1
2026-08-10 13:41:55,14.34375,1
2026-08-10 13:41:55,14.59375,1
2026-08-10 13:41:55,14.59375,1
2026-08-10 13:41:55,14.515625,1
2026-08-10 13:41:55,14.515625,1
2026-08-10 13:41:55,14.390625,1
2026-08-10 13:41:55,14.390625,1
2026-08-10 13:41:55,14.5,1
2026-08-10 13:41:55,14.5,1
2026-08-10 13:41:55,14.53125,1
2026-08-10 13:41:55,14.53125,1
2026-08-10 13:41:55,14.546875,1
2026-08-10 13:41:55,14.546875,1
2026-08-10 13:41:56,14.515625,1
2026-08-10 13:41:56,14.515625,1
2026-08-10 13:41:56,14.46875,1
2026-08-10 13:41:56,14.46875,1
2026-08-10 13:41:56,14.484375,1
2026-08-10 13:41:56,14.484375,1
2026-08-10 13:41:56,14.5,1
2026-08-10 13:41:56,14.5,1
2026-08-10 13:41:56,14.453125,1
2026-08-10 13:41:56,14.453125,1
2026-08-10 13:41:56,14.40625,1
2026-08-10 13:41:56,14.40625,1
2026-08-10 13:41:56,14.359375,1
2026-08-10 13:41:56,14.359375,1
2026-08-10 13:41:56,14.375,1
2026-08-10 13:41:56,14.375,1
2026-08-10 13:41:56,14.546875,1
2026-08-10 13:41:56,14.546875,1
2026-08-10 13:41:56,14.515625,1
2026-08-10 13:41:56,14.515625,1
2026-08-10 13:41:57,14.515625,1
2026-08-10 13:41:57,14.515625,1
2026-08-10 13:41:57,14.453125,1
2026-08-10 13:41:57,14.453125,1
2026-08-10 13:41:57,14.375,1
2026-08-10 13:41:57,14.375,1
2026-08-10 13:41:57,14.484375,1
2026-08-10 13:41:57,14.484375,1
2026-08-10 13:41:57,14.609375,1
2026-08-10 13:41:57,14.609375,1
2026-08-10 13:41:57,14.640625,1
2026-08-10 13:41:57,14.640625,1
2026-08-10 13:41:57,14.578125,1
2026-08-10 13:41:57,14.578125,1
2026-08-10 13:41:57,14.5,1
2026-08-10 13:41:57,14.5,1
2026-08-10 13:41:57,14.40625,1
2026-08-10 13:41:57,14.40625,1
2026-08-10 13:41:57,14.5,1
2026-08-10 13:41:57,14.5,1
2026-08-10 13:41:58,14.5625,1
2026-08-10 13:41:58,14.5625,1
2026-08-10 13:41:58,14.71875,1
2026-08-10 13:41:58,14.71875,1
2026-08-10 13:41:58,14.671875,1
2026-08-10 13:41:58,14.671875,1
2026-08-10 13:41:58,14.75,1
2026-08-10 13:41:58,14.75,1
2026-08-10 13:41:58,14.734375,1
2026-08-10 13:41:58,14.734375,1
2026-08-10 13:41:58,14.6875,1
2026-08-10 13:41:58,14.6875,1
2026-08-10 13:41:58,14.734375,1
2026-08-10 13:41:58,14.734375,1
2026-08-10 13:41:58,14.78125,1
2026-08-10 13:41:58,14.78125,1
2026-08-10 13:41:58,14.828125,1
2026-08-10 13:41:58,14.828125,1
2026-08-10 13:41:58,14.921875,1
2026-08-10 13:41:58,14.921875,1
2026-08-10 13:41:59,14.96875,1
2026-08-10 13:41:59,14.96875,1
2026-08-10 13:41:59,14.96875,1
2026-08-10 13:41:59,14.96875,1
2026-08-10 13:41:59,15.015625,1
2026-08-10 13:41:59,15.015625,1
2026-08-10 13:41:59,14.921875,1
2026-08-10 13:41:59,14.921875,1
2026-08-10 13:41:59,14.890625,1
2026-08-10 13:41:59,14.890625,1
2026-08-10 13:41:59,14.890625,1
2026-08-10 13:41:59,14.890625,1
2026-08-10 13:41:59,14.90625,1
2026-08-10 13:41:59,14.90625,1
2026-08-10 13:41:59,15.109375,1
2026-08-10 13:41:59,15.109375,1
2026-08-10 13:41:59,15.125,1
2026-08-10 13:41:59,15.125,1
2026-08-10 13:41:59,15.1875,1
2026-08-10 13:41:59,15.1875,1
2026-08-10 13:42:00,15.171875,1
2026-08-10 13:42:00,15.171875,1
2026-08-10 13:42:00,15.078125,1
2026-08-10 13:42:00,15.078125,1
2026-08-10 13:42:00,15.078125,1
2026-08-10 13:42:00,15.078125,1
2026-08-10 13:42:00,15.171875,1
2026-08-10 13:42:00,15.171875,1
2026-08-10 13:42:00,15.203125,1
2026-08-10 13:42:00,15.203125,1
2026-08-10 13:42:00,15.25,1
2026-08-10 13:42:00,15.25,1
2026-08-10 13:42:00,15.34375,1
2026-08-10 13:42:00,15.34375,1
2026-08-10 13:42:00,15.40625,1
2026-08-10 13:42:00,15.40625,1
2026-08-10 13:42:00,15.203125,1
2026-08-10 13:42:00,15.203125,1
2026-08-10 13:42:00,15.140625,1
2026-08-10 13:42:00,15.140625,1
2026-08-10 13:42:01,15.046875,1
2026-08-10 13:42:01,15.046875,1
2026-08-10 13:42:01,14.78125,1
2026-08-10 13:42:01,14.78125,1
2026-08-10 13:42:01,14.8125,1
2026-08-10 13:42:01,14.8125,1
2026-08-10 13:42:01,14.921875,1
2026-08-10 13:42:01,14.921875,1
2026-08-10 13:42:01,14.484375,1
2026-08-10 13:42:01,14.484375,1
2026-08-10 13:42:01,14.203125,1
2026-08-10 13:42:01,14.203125,1
2026-08-10 13:42:01,14.328125,1
2026-08-10 13:42:01,14.328125,1
2026-08-10 13:42:01,14.21875,1
2026-08-10 13:42:01,14.21875,1
2026-08-10 13:42:01,13.984375,1
2026-08-10 13:42:01,13.984375,1
2026-08-10 13:42:01,13.921875,1
2026-08-10 13:42:01,13.921875,1
2026-08-10 13:42:02,13.921875,1
2026-08-10 13:42:02,13.921875,1
2026-08-10 13:42:02,13.390625,1
2026-08-10 13:42:02,13.390625,1
2026-08-10 13:42:02,13.375,1
2026-08-10 13:42:02,13.375,1
2026-08-10 13:42:02,13.3125,1
2026-08-10 13:42:02,13.3125,1
2026-08-10 13:42:02,13.296875,1
2026-08-10 13:42:02,13.296875,1
2026-08-10 13:42:02,12.796875,1
2026-08-10 13:42:02,12.796875,1
2026-08-10 13:42:02,12.8125,1
2026-08-10 13:42:02,12.8125,1
2026-08-10 13:42:02,12.875,1
2026-08-10 13:42:02,12.875,1
2026-08-10 13:42:02,12.859375,1
2026-08-10 13:42:02,12.859375,1
2026-08-10 13:42:02,12.515625,1
2026-08-10 13:42:02,12.515625,1
2026-08-10 13:42:03,12.515625,1
2026-08-10 13:42:03,12.515625,1
2026-08-10 13:42:03,12.546875,1
2026-08-10 13:42:03,12.546875,1
2026-08-10 13:42:03,12.21875,1
2026-08-10 13:42:03,12.21875,1
2026-08-10 13:42:03,12.203125,1
2026-08-10 13:42:03,12.203125,1
2026-08-10 13:42:03,12.0625,1
2026-08-10 13:42:03,12.0625,1
2026-08-10 13:42:03,12.015625,1
2026-08-10 13:42:03,12.015625,1
2026-08-10 13:42:03,11.890625,1
2026-08-10 13:42:03,11.890625,1
2026-08-10 13:42:03,11.984375,1
2026-08-10 13:42:03,11.984375,1
2026-08-10 13:42:03,11.984375,1
2026-08-10 13:42:03,11.984375,1
2026-08-10 13:42:03,11.53125,1
2026-08-10 13:42:03,11.53125,1
2026-08-10 13:42:04,11.515625,1
2026-08-10 13:42:04,11.515625,1
2026-08-10 13:42:04,11.515625,1
2026-08-10 13:42:04,11.515625,1
2026-08-10 13:42:04,11.46875,1
2026-08-10 13:42:04,11.46875,1
2026-08-10 13:42:04,11.1875,1
2026-08-10 13:42:04,11.1875,1
2026-08-10 13:42:04,11.15625,1
2026-08-10 13:42:04,11.15625,1
2026-08-10 13:42:04,11.15625,1
2026-08-10 13:42:04,11.15625,1
2026-08-10 13:42:04,10.78125,1
2026-08-10 13:42:04,10.78125,1
2026-08-10 13:42:04,10.71875,1
2026-08-10 13:42:04,10.71875,1
2026-08-10 13:42:04,10.71875,1
2026-08-10 13:42:04,10.71875,1
2026-08-10 13:42:04,10.734375,1
2026-08-10 13:42:04,10.734375,1
2026-08-10 13:42:05,10.59375,1
2026-08-10 13:42:05,10.59375,1
2026-08-10 13:42:05,10.625,1
2026-08-10 13:42:05,10.625,1
2026-08-10 13:42:05,10.5625,1
2026-08-10 13:42:05,10.5625,1
2026-08-10 13:42:05,10.3125,1
2026-08-10 13:42:05,10.3125,1
2026-08-10 13:42:05,10.296875,1
2026-08-10 13:42:05,10.296875,1
2026-08-10 13:42:05,10.28125,1
2026-08-10 13:42:05,10.28125,1
2026-08-10 13:42:05,10.28125,1
2026-08-10 13:42:05,10.28125,1
2026-08-10 13:42:05,10.21875,1
2026-08-10 13:42:05,10.21875,1
2026-08-10 13:42:05,10.171875,1
2026-08-10 13:42:05,10.171875,1
2026-08-10 13:42:05,10.015625,1
2026-08-10 13:42:05,10.015625,1
2026-08-10 13:42:06,9.890625,1
2026-08-10 13:42:06,9.890625,1
2026-08-10 13:42:06,9.828125,1
2026-08-10 13:42:06,9.828125,1
2026-08-10 13:42:06,9.8125,1
2026-08-10 13:42:06,9.8125,1
2026-08-10 13:42:06,9.8125,1
2026-08-10 13:42:06,9.8125,1
2026-08-10 13:42:06,9.8125,1
2026-08-10 13:42:06,9.8125,1
2026-08-10 13:42:06,9.78125,1
2026-08-10 13:42:06,9.78125,1
2026-08-10 13:42:06,9.8125,1
2026-08-10 13:42:06,9.8125,1
2026-08-10 13:42:06,9.8125,1
2026-08-10 13:42:06,9.8125,1
2026-08-10 13:42:06,9.8125,1
2026-08-10 13:42:06,9.8125,1
2026-08-10 13:42:06,9.78125,1
2026-08-10 13:42:06,9.78125,1
2026-08-10 13:42:07,9.75,1
2026-08-10 13:42:07,9.75,1
2026-08-10 13:42:07,9.6875,1
2026-08-10 13:42:07,9.6875,1
2026-08-10 13:42:07,9.65625,1
2026-08-10 13:42:07,9.65625,1
2026-08-10 13:42:07,9.71875,1
2026-08-10 13:42:07,9.71875,1
2026-08-10 13:42:07,9.65625,1
2026-08-10 13:42:07,9.65625,1
2026-08-10 13:42:07,9.65625,1
2026-08-10 13:42:07,9.65625,1
2026-08-10 13:42:07,9.640625,1
2026-08-10 13:42:07,9.640625,1
2026-08-10 13:42:07,9.59375,1
2026-08-10 13:42:07,9.59375,1
2026-08-10 13:42:07,9.609375,1
2026-08-10 13:42:07,9.609375,1
2026-08-10 13:42:07,9.5625,1
2026-08-10 13:42:07,9.5625,1
2026-08-10 13:42:08,9.515625,1
2026-08-10 13:42:08,9.515625,1
2026-08-10 13:42:08,9.25,1
2026-08-10 13:42:08,9.25,1
2026-08-10 13:42:08,9.15625,1
2026-08-10 13:42:08,9.15625,1
2026-08-10 13:42:08,9.015625,1
2026-08-10 13:42:08,9.015625,1
2026-08-10 13:42:08,8.921875,1
2026-08-10 13:42:08,8.921875,1
2026-08-10 13:42:08,7.265625,1
2026-08-10 13:42:08,7.265625,1
2026-08-10 13:42:08,7.203125,1
2026-08-10 13:42:08,7.203125,1
2026-08-10 13:42:08,7.0625,1
2026-08-10 13:42:08,7.0625,1
2026-08-10 13:42:08,7.0,1
2026-08-10 13:42:08,7.0,1
2026-08-10 13:42:08,5.75,1
2026-08-10 13:42:08,5.75,1
2026-08-10 13:42:09,5.71875,1
2026-08-10 13:42:09,5.71875,1
2026-08-10 13:42:09,5.578125,1
2026-08-10 13:42:09,5.578125,1
2026-08-10 13:42:09,3.875,1
2026-08-10 13:42:09,3.875,1
2026-08-10 13:42:09,3.84375,1
2026-08-10 13:42:09,3.84375,1
2026-08-10 13:42:09,3.8125,1
2026-08-10 13:42:09,3.8125,1
2026-08-10 13:42:09,3.78125,1
2026-08-10 13:42:09,3.78125,1
2026-08-10 13:42:09,2.40625,1
2026-08-10 13:42:09,2.40625,1
2026-08-10 13:42:09,2.40625,1
2026-08-10 13:42:09,2.40625,1
2026-08-10 13:42:09,2.078125,1
2026-08-10 13:42:09,2.078125,1
2026-08-10 13:42:09,0.875,1
2026-08-10 13:42:09,0.875,1
2026-08-10 13:42:10,0.875,1
2026-08-10 13:42:10,0.875,1
2026-08-10 13:42:10,0.875,1
2026-08-10 13:42:10,0.875,1
2026-08-10 13:42:10,0.40625,1
2026-08-10 13:42:10,0.40625,1
2026-08-10 13:42:10,0.0,1
2026-08-10 13:42:10,0.0,1
2026-08-10 13:42:10,0.0,1
2026-08-10 13:42:10,0.0,1
2026-08-10 13:42:10,0.0,1
2026-08-10 13:42:10,0.0,1
2026-08-10 13:42:10,0.0,1
2026-08-10 13:42:10,0.0,1
2026-08-10 13:42:10,0.0,1
2026-08-10 13:42:10,0.0,1
2026-08-10 13:42:10,0.0,1
2026-08-10 13:42:10,0.0,1
2026-08-10 13:42:10,0.0,1
2026-08-10 13:42:10,0.0,1
2026-08-10 13:42:11,0.0,1
2026-08-10 13:42:11,0.0,1
2026-08-10 13:42:11,0.0,1
2026-08-10 13:42:11,0.0,1
2026-08-10 13:42:11,0.0,1
2026-08-10 13:42:11,0.0,1
2026-08-10 13:42:11,0.0,1
2026-08-10 13:42:11,0.0,1
2026-08-10 13:42:11,0.0,1
2026-08-10 13:42:11,0.0,1
2026-08-10 13:42:11,0.0,1
2026-08-10 13:42:11,0.0,1
2026-08-10 13:42:11,0.0,1
2026-08-10 13:42:11,0.0,1
2026-08-10 13:42:11,0.0,1
2026-08-10 13:42:11,0.0,1
2026-08-10 13:42:11,0.0,1
2026-08-10 13:42:11,0.0,1
2026-08-10 13:42:11,0.0,1
2026-08-10 13:42:11,0.0,1
2026-08-10 13:42:12,0.0,1
2026-08-10 13:42:12,0.0,1
2026-08-10 13:42:12,0.0,1
2026-08-10 13:42:12,0.0,1
2026-08-10 13:42:12,0.0,1
2026-08-10 13:42:12,0.0,1
2026-08-10 13:42:12,0.0,1
2026-08-10 13:42:12,0.0,1
2026-08-10 13:42:12,0.0,1
2026-08-10 13:42:12,0.0,1
2026-08-10 13:42:12,0.0,1
2026-08-10 13:42:12,0.0,1
2026-08-10 13:42:12,0.0,1
2026-08-10 13:42:12,0.0,1
2026-08-10 13:42:12,0.0,1
2026-08-10 13:42:12,0.0,1
2026-08-10 13:42:12,0.0,1
2026-08-10 13:42:12,0.0,1
2026-08-10 13:42:12,0.0,1
2026-08-10 13:42:12,0.0,1
2026-08-10 13:42:13,0.0,1
2026-08-10 13:42:13,0.0,1
2026-08-10 13:42:13,0.0,1
2026-08-10 13:42:13,0.0,1
2026-08-10 13:42:13,0.0,1
2026-08-10 13:42:13,0.0,1
2026-08-10 13:42:13,0.0,1
2026-08-10 13:42:13,0.0,1
2026-08-10 13:42:13,0.0,1
2026-08-10 13:42:13,0.0,1
2026-08-10 13:42:13,0.0,1
2026-08-10 13:42:13,0.0,1
2026-08-10 13:42:13,0.0,1
2026-08-10 13:42:13,0.0,1
2026-08-10 13:42:13,0.0,1
2026-08-10 13:42:13,0.0,1
2026-08-10 13:42:13,0.0,1
2026-08-10 13:42:13,0.0,1
2026-08-10 13:42:13,0.0,1
2026-08-10 13:42:13,0.0,1
2026-08-10 13:42:14,0.0,1
2026-08-10 13:42:14,0.0,1
2026-08-10 13:42:14,0.0,1
2026-08-10 13:42:14,0.0,1
2026-08-10 13:42:14,0.0,1
2026-08-10 13:42:14,0.0,1
2026-08-10 13:42:14,0.0,1
2026-08-10 13:42:14,0.0,1
2026-08-10 13:42:14,0.0,1
2026-08-10 13:42:14,0.0,1
2026-08-10 13:42:14,0.0,1
2026-08-10 13:42:14,0.0,1
2026-08-10 13:42:14,0.0,1
2026-08-10 13:42:14,0.0,1
2026-08-10 13:42:14,0.0,1
2026-08-10 13:42:14,0.0,1
2026-08-10 13:42:14,0.0,1
2026-08-10 13:42:14,0.0,1
2026-08-10 13:42:14,0.0,1
2026-08-10 13:42:14,0.0,1
2026-08-10 13:42:15,0.0,1
2026-08-10 13:42:15,0.0,1
2026-08-10 13:42:15,0.0,1
2026-08-10 13:42:15,0.0,1
2026-08-10 13:42:15,0.0,1
2026-08-10 13:42:15,0.0,1
2026-08-10 13:42:15,0.0,1
2026-08-10 13:42:15,0.0,1
2026-08-10 13:42:15,0.0,1
2026-08-10 13:42:15,0.0,1
2026-08-10 13:42:15,0.0,1
2026-08-10 13:42:15,0.0,1
2026-08-10 13:42:15,0.0,1
2026-08-10 13:42:15,0.0,1
2026-08-10 13:42:15,0.0,1
2026-08-10 13:42:15,0.0,1
2026-08-10 13:42:15,0.0,1
2026-08-10 13:42:15,0.0,1
2026-08-10 13:42:15,0.0,1
2026-08-10 13:42:15,0.0,1
2026-08-10 13:42:16,0.0,1
2026-08-10 13:42:16,0.0,1
2026-08-10 13:42:16,0.0,1
2026-08-10 13:42:16,0.0,1
2026-08-10 13:42:16,0.0,1
2026-08-10 13:42:16,0.0,1
2026-08-10 13:42:16,0.0,1
2026-08-10 13:42:16,0.0,1
2026-08-10 13:42:16,0.0,1
2026-08-10 13:42:16,0.0,1
2026-08-10 13:42:16,0.0,1
2026-08-10 13:42:16,0.0,1
2026-08-10 13:42:16,0.0,1
2026-08-10 13:42:16,0.0,1
2026-08-10 13:42:16,0.0,1
2026-08-10 13:42:16,0.0,1
2026-08-10 13:42:16,0.0,1
2026-08-10 13:42:16,0.0,1
2026-08-10 13:42:16,0.0,1
2026-08-10 13:42:16,0.0,1
2026-08-10 13:42:17,0.0,1
2026-08-10 13:42:17,0.0,1
2026-08-10 13:42:17,0.0,1
2026-08-10 13:42:17,0.0,1
2026-08-10 13:42:17,0.0,1
2026-08-10 13:42:17,0.0,1
2026-08-10 13:42:17,0.0,1
2026-08-10 13:42:17,0.0,1
2026-08-10 13:42:17,0.0,1
2026-08-10 13:42:17,0.0,1
2026-08-10 13:42:17,0.0,1
2026-08-10 13:42:17,0.0,1
2026-08-10 13:42:17,0.0,1
2026-08-10 13:42:17,0.0,1
2026-08-10 13:42:17,0.0,1
2026-08-10 13:42:17,0.0,1
2026-08-10 13:42:17,0.0,1
2026-08-10 13:42:17,0.0,1
2026-08-10 13:42:17,0.0,1
2026-08-10 13:42:17,0.0,1
2026-08-10 13:42:18,0.0,1
2026-08-10 13:42:18,0.0,1
2026-08-10 13:42:18,0.0,1
2026-08-10 13:42:18,0.0,1
2026-08-10 13:42:18,0.0,1
2026-08-10 13:42:18,0.0,1
2026-08-10 13:42:18,0.0,1
2026-08-10 13:42:18,0.0,1
2026-08-10 13:42:18,0.0,1
2026-08-10 13:42:18,0.0,1
2026-08-10 13:42:18,0.0,1
2026-08-10 13:42:18,0.0,1
2026-08-10 13:42:18,0.0,1
2026-08-10 13:42:18,0.0,1
2026-08-10 13:42:18,0.0,1
2026-08-10 13:42:18,0.0,1
2026-08-10 13:42:18,0.4375,1
2026-08-10 13:42:18,0.4375,-1
2026-08-10 13:42:18,0.4375,-1
2026-08-10 13:42:18,0.4375,-1
2026-08-10 13:42:19,0.4375,-1
2026-08-10 13:42:19,0.4375,-1
2026-08-10 13:42:19,0.4375,-1
2026-08-10 13:42:19,0.4375,-1
2026-08-10 13:42:19,0.0,-1
2026-08-10 13:42:19,0.0,-1
2026-08-10 13:42:19,0.0,-1
2026-08-10 13:42:19,0.0,-1
2026-08-10 13:42:19,0.0,-1
2026-08-10 13:42:19,0.0,-1
2026-08-10 13:42:19,0.0,-1
2026-08-10 13:42:19,0.0,-1
2026-08-10 13:42:19,0.0,-1
2026-08-10 13:42:19,0.0,-1
2026-08-10 13:42:19,0.0,-1
2026-08-10 13:42:19,0.0,-1
2026-08-10 13:42:19,0.0,-1
2026-08-10 13:42:19,0.0,-1
2026-08-10 13:42:19,0.0,-1
2026-08-10 13:42:19,0.0,-1
2026-08-10 13:42:20,0.0,-1
2026-08-10 13:42:20,0.0,-1
2026-08-10 13:42:20,0.0,-1
2026-08-10 13:42:20,0.0,-1
2026-08-10 13:42:20,0.0,-1
2026-08-10 13:42:20,0.0,-1
2026-08-10 13:42:20,0.0,-1
2026-08-10 13:42:20,0.0,-1
2026-08-10 13:42:20,1.28125,-1
2026-08-10 13:42:20,1.28125,-1
2026-08-10 13:42:20,1.28125,-1
2026-08-10 13:42:20,1.28125,-1
2026-08-10 13:42:20,0.0,-1
2026-08-10 13:42:20,0.0,-1
2026-08-10 13:42:20,0.0,-1
2026-08-10 13:42:20,0.0,-1
2026-08-10 13:42:20,0.0,-1
2026-08-10 13:42:20,0.0,-1
2026-08-10 13:42:20,0.0,-1
2026-08-10 13:42:20,0.0,-1
2026-08-10 13:42:21,0.0,-1
2026-08-10 13:42:21,0.0,1
2026-08-10 13:42:21,0.0,1
2026-08-10 13:42:21,0.0,1
2026-08-10 13:42:21,0.0,1
2026-08-10 13:42:21,0.0,1
2026-08-10 13:42:21,0.0,1
2026-08-10 13:42:21,0.0,1
2026-08-10 13:42:21,0.0,1
2026-08-10 13:42:21,0.0,1
2026-08-10 13:42:21,0.0,1
2026-08-10 13:42:21,0.0,1
2026-08-10 13:42:21,0.0,1
2026-08-10 13:42:21,0.0,1
2026-08-10 13:42:21,0.0,1
2026-08-10 13:42:21,0.0,1
2026-08-10 13:42:21,0.0,1
2026-08-10 13:42:21,0.0,1
2026-08-10 13:42:21,0.609375,1
2026-08-10 13:42:21,0.609375,1
2026-08-10 13:42:22,0.0,1
2026-08-10 13:42:22,0.0,1
2026-08-10 13:42:22,0.0,1
2026-08-10 13:42:22,0.0,1
2026-08-10 13:42:22,0.0,1
2026-08-10 13:42:22,0.0,1
2026-08-10 13:42:22,0.0,1
2026-08-10 13:42:22,0.0,1
2026-08-10 13:42:22,0.0,1
2026-08-10 13:42:22,0.0,1
2026-08-10 13:42:22,0.0,1
2026-08-10 13:42:22,0.0,1
2026-08-10 13:42:22,0.0,1
2026-08-10 13:42:22,0.0,1
2026-08-10 13:42:22,0.0,1
2026-08-10 13:42:22,0.0,1
2026-08-10 13:42:22,0.0,1
2026-08-10 13:42:22,0.0,1
2026-08-10 13:42:22,0.0,1
2026-08-10 13:42:22,0.0,1
2026-08-10 13:42:23,0.0,1
2026-08-10 13:42:23,0.0,1
2026-08-10 13:42:23,0.0,1
2026-08-10 13:42:23,0.0,1
2026-08-10 13:42:23,0.0,1
2026-08-10 13:42:23,0.0,1
2026-08-10 13:42:23,0.0,1
2026-08-10 13:42:23,0.0,1
2026-08-10 13:42:23,0.0,1
2026-08-10 13:42:23,0.0,1
2026-08-10 13:42:23,0.0,1
2026-08-10 13:42:23,0.0,1
2026-08-10 13:42:23,0.0,1
2026-08-10 13:42:23,0.0,1
2026-08-10 13:42:23,0.0,1
2026-08-10 13:42:23,0.0,1
2026-08-10 13:42:23,0.0,1
2026-08-10 13:42:23,0.0,1
2026-08-10 13:42:23,0.0,1
2026-08-10 13:42:23,0.0,1
2026-08-10 13:42:24,0.0,1
2026-08-10 13:42:24,0.0,1
2026-08-10 13:42:24,0.0,1
2026-08-10 13:42:24,0.0,1
2026-08-10 13:42:24,0.0,1
2026-08-10 13:42:24,0.0,1
2026-08-10 13:42:24,0.0,1
2026-08-10 13:42:24,0.0,1
2026-08-10 13:42:24,0.0,1
2026-08-10 13:42:24,0.0,1
2026-08-10 13:42:24,0.0,1
2026-08-10 13:42:24,0.0,1
2026-08-10 13:42:24,0.0,1
2026-08-10 13:42:24,0.0,1
2026-08-10 13:42:24,0.0,1
2026-08-10 13:42:24,0.0,1
2026-08-10 13:42:24,0.0,1
2026-08-10 13:42:24,0.0,1
2026-08-10 13:42:24,0.0,1
2026-08-10 13:42:24,0.0,1
2026-08-10 13:42:25,0.0,1
2026-08-10 13:42:25,0.0,1
2026-08-10 13:42:25,0.0,1
2026-08-10 13:42:25,0.0,1
2026-08-10 13:42:25,0.0,1
2026-08-10 13:42:25,0.0,1
2026-08-10 13:42:25,0.0,1
2026-08-10 13:42:25,0.0,1
2026-08-10 13:42:25,0.0,1
2026-08-10 13:42:25,0.0,1
2026-08-10 13:42:25,0.0,1
2026-08-10 13:42:25,0.0,1
2026-08-10 13:42:25,0.0,1
2026-08-10 13:42:25,0.0,1
2026-08-10 13:42:25,0.0,1
2026-08-10 13:42:25,0.0,1
2026-08-10 13:42:25,0.0,1
2026-08-10 13:42:25,0.0,1
2026-08-10 13:42:25,0.0,1
2026-08-10 13:42:25,0.0,1
2026-08-10 13:42:26,0.0,1
2026-08-10 13:42:26,0.0,1
2026-08-10 13:42:26,0.0,1
2026-08-10 13:42:26,0.0,1
2026-08-10 13:42:26,0.0,1
2026-08-10 13:42:26,0.0,1
2026-08-10 13:42:26,0.0,1
2026-08-10 13:42:26,0.0,1
2026-08-10 13:42:26,0.0,1
2026-08-10 13:42:26,0.0,1
2026-08-10 13:42:26,0.0,1
2026-08-10 13:42:26,0.0,1
2026-08-10 13:42:26,0.0,1
2026-08-10 13:42:26,0.0,1
2026-08-10 13:42:26,0.0,1
2026-08-10 13:42:26,0.0,1
2026-08-10 13:42:26,0.0,1
2026-08-10 13:42:26,0.0,1
2026-08-10 13:42:26,0.0,1
2026-08-10 13:42:26,0.0,1
2026-08-10 13:42:27,0.0,1
2026-08-10 13:42:27,0.0,1
2026-08-10 13:42:27,0.0,1
2026-08-10 13:42:27,0.0,1
2026-08-10 13:42:27,0.0,1
2026-08-10 13:42:27,0.0,1
2026-08-10 13:42:27,0.0,1
2026-08-10 13:42:27,0.0,1
2026-08-10 13:42:27,0.0,1
2026-08-10 13:42:27,0.0,1
2026-08-10 13:42:27,0.0,1
2026-08-10 13:42:27,0.0,1
2026-08-10 13:42:27,0.0,1
2026-08-10 13:42:27,0.0,1
2026-08-10 13:42:27,0.0,1
2026-08-10 13:42:27,0.0,1
2026-08-10 13:42:27,0.0,1
2026-08-10 13:42:27,0.0,1
2026-08-10 13:42:27,0.0,1
2026-08-10 13:42:27,0.0,1
2026-08-10 13:42:28,0.0,1
2026-08-10 13:42:28,0.0,1
2026-08-10 13:42:28,0.0,1
2026-08-10 13:42:28,0.0,1
2026-08-10 13:42:28,0.0,1
2026-08-10 13:42:28,0.0,1
2026-08-10 13:42:28,0.0,1
2026-08-10 13:42:28,0.0,1
2026-08-10 13:42:28,0.0,1
2026-08-10 13:42:28,0.0,1
2026-08-10 13:42:28,0.0,1
2026-08-10 13:42:28,0.0,1
2026-08-10 13:42:28,0.0,1
2026-08-10 13:42:28,0.0,1
2026-08-10 13:42:28,0.0,1
2026-08-10 13:42:28,0.0,1
2026-08-10 13:42:28,0.0,1
2026-08-10 13:42:28,0.0,1
2026-08-10 13:42:28,0.0,1
2026-08-10 13:42:28,0.0,1
2026-08-10 13:42:29,0.0,1
2026-08-10 13:42:29,0.0,1
2026-08-10 13:42:29,0.0,1
2026-08-10 13:42:29,0.0,1
2026-08-10 13:42:29,0.0,1
2026-08-10 13:42:29,0.0,1
2026-08-10 13:42:29,0.0,1
2026-08-10 13:42:29,0.0,1
2026-08-10 13:42:29,0.0,1
2026-08-10 13:42:29,0.0,1
2026-08-10 13:42:29,0.0,1
2026-08-10 13:42:29,0.0,1
2026-08-10 13:42:29,0.0,1
2026-08-10 13:42:29,0.0,1
2026-08-10 13:42:29,0.0,1
2026-08-10 13:42:29,0.0,1
2026-08-10 13:42:29,0.0,1
2026-08-10 13:42:29,0.0,0
2026-08-10 13:42:29,0.0,0
2026-08-10 13:42:29,0.0,0
2026-08-10 13:42:30,0.0,0
2026-08-10 13:42:30,0.0,0
2026-08-10 13:42:30,0.0,0
2026-08-10 13:42:30,0.0,0
2026-08-10 13:42:30,0.0,0
2026-08-10 13:42:30,0.0,0
2026-08-10 13:42:30,0.0,0
2026-08-10 13:42:30,0.0,0
2026-08-10 13:42:30,0.0,0
2026-08-10 13:42:30,0.0,0
2026-08-10 13:42:30,0.0,0
2026-08-10 13:42:30,0.0,0
2026-08-10 13:42:30,0.0,0
2026-08-10 13:42:30,0.0,0
2026-08-10 13:42:30,0.0,0
2026-08-10 13:42:30,0.0,0
2026-08-10 13:42:30,0.0,0
2026-08-10 13:42:30,0.0,0
2026-08-10 13:42:30,0.0,0
2026-08-10 13:42:30,0.0,0
2026-08-10 13:42:31,0.0,0
2026-08-10 13:42:31,0.0,-1
2026-08-10 13:42:31,0.0,-1
2026-08-10 13:42:31,0.0,-1
2026-08-10 13:42:31,0.0,-1
2026-08-10 13:42:31,0.0,-1
2026-08-10 13:42:31,0.0,-1
2026-08-10 13:42:31,0.0,-1
2026-08-10 13:42:31,0.0,-1
2026-08-10 13:42:31,0.0,-1
2026-08-10 13:42:31,0.0,-1
2026-08-10 13:42:31,0.0,-1
2026-08-10 13:42:31,0.0,-1
2026-08-10 13:42:31,0.0,-1
2026-08-10 13:42:31,0.0,-1
2026-08-10 13:42:31,0.0,-1
2026-08-10 13:42:31,0.0,-1
2026-08-10 13:42:31,0.0,-1
2026-08-10 13:42:31,0.0,-1
2026-08-10 13:42:31,0.0,-1
2026-08-10 13:42:32,0.0,-1
2026-08-10 13:42:32,0.0,-1
2026-08-10 13:42:32,0.0,-1
2026-08-10 13:42:32,0.0,-1
2026-08-10 13:42:32,0.0,-1
2026-08-10 13:42:32,0.0,-1
2026-08-10 13:42:32,0.0,-1
2026-08-10 13:42:32,0.0,-1
2026-08-10 13:42:32,0.65625,-1
2026-08-10 13:42:32,0.65625,-1
2026-08-10 13:42:32,0.65625,-1
2026-08-10 13:42:32,0.65625,-1
2026-08-10 13:42:32,0.0,-1
2026-08-10 13:42:32,0.0,-1
2026-08-10 13:42:32,0.0,-1
2026-08-10 13:42:32,0.0,-1
2026-08-10 13:42:32,0.0,-1
2026-08-10 13:42:32,0.0,-1
2026-08-10 13:42:32,0.0,-1
2026-08-10 13:42:32,0.0,-1
2026-08-10 13:42:33,0.0,-1
2026-08-10 13:42:33,0.0,-1
2026-08-10 13:42:33,0.0,-1
2026-08-10 13:42:33,0.0,-1
2026-08-10 13:42:33,0.0,-1
2026-08-10 13:42:33,0.0,-1
2026-08-10 13:42:33,0.0,-1
2026-08-10 13:42:33,0.0,-1
2026-08-10 13:42:33,0.0,-1
2026-08-10 13:42:33,0.0,-1
2026-08-10 13:42:33,0.0,-1
2026-08-10 13:42:33,0.0,-1
2026-08-10 13:42:33,0.0,-1
2026-08-10 13:42:33,0.0,-1
2026-08-10 13:42:33,0.0,-1
2026-08-10 13:42:33,0.0,-1
2026-08-10 13:42:33,0.0,-1
2026-08-10 13:42:33,0.0,-1
2026-08-10 13:42:33,0.0,-1
2026-08-10 13:42:33,0.0,-1
2026-08-10 13:42:34,0.0,-1
2026-08-10 13:42:34,0.0,-1
2026-08-10 13:42:34,0.0,-1
2026-08-10 13:42:34,0.0,-1
2026-08-10 13:42:34,0.0,-1
2026-08-10 13:42:34,0.0,-1
2026-08-10 13:42:34,0.0,-1
2026-08-10 13:42:34,0.0,-1
2026-08-10 13:42:34,0.0,-1
2026-08-10 13:42:34,0.0,-1
2026-08-10 13:42:34,0.0,-1
2026-08-10 13:42:34,0.0,-1
2026-08-10 13:42:34,0.0,-1
2026-08-10 13:42:34,0.0,-1
2026-08-10 13:42:34,0.0,-1
2026-08-10 13:42:34,0.0,-1
2026-08-10 13:42:34,0.0,-1
2026-08-10 13:42:34,0.0,-1
2026-08-10 13:42:34,0.0,-1
2026-08-10 13:42:34,0.0,-1
2026-08-10 13:42:35,0.0,-1
2026-08-10 13:42:35,0.0,-1
2026-08-10 13:42:35,0.0,-1
2026-08-10 13:42:35,0.0,-1
2026-08-10 13:42:35,0.0,-1
2026-08-10 13:42:35,0.0,-1
2026-08-10 13:42:35,0.0,-1
2026-08-10 13:42:35,0.0,-1
2026-08-10 13:42:35,0.0,-1
2026-08-10 13:42:35,0.0,-1
2026-08-10 13:42:35,0.0,-1
2026-08-10 13:42:35,0.0,-1
2026-08-10 13:42:35,0.0,-1
2026-08-10 13:42:35,0.0,-1
2026-08-10 13:42:35,0.0,-1
2026-08-10 13:42:35,0.0,-1
2026-08-10 13:42:35,0.0,-1
2026-08-10 13:42:35,0.0,-1
2026-08-10 13:42:35,0.0,-1
2026-08-10 13:42:35,0.0,-1
2026-08-10 13:42:36,0.0,-1
2026-08-10 13:42:36,0.0,-1
2026-08-10 13:42:36,0.0,-1
2026-08-10 13:42:36,0.0,-1
2026-08-10 13:42:36,0.0,-1
2026-08-10 13:42:36,0.0,-1
2026-08-10 13:42:36,0.0,-1
2026-08-10 13:42:36,0.0,-1
2026-08-10 13:42:36,0.0,-1
2026-08-10 13:42:36,0.0,-1
2026-08-10 13:42:36,0.0,-1
2026-08-10 13:42:36,0.0,-1
2026-08-10 13:42:36,0.0,-1
2026-08-10 13:42:36,0.0,-1
2026-08-10 13:42:36,0.0,-1
2026-08-10 13:42:36,0.0,-1
2026-08-10 13:42:36,0.0,-1
2026-08-10 13:42:36,0.0,-1
2026-08-10 13:42:36,0.0,-1
2026-08-10 13:42:36,0.0,-1
2026-08-10 13:42:37,0.0,-1
2026-08-10 13:42:37,0.0,-1
2026-08-10 13:42:37,0.0,-1
2026-08-10 13:42:37,0.0,-1
2026-08-10 13:42:37,0.0,-1
2026-08-10 13:42:37,0.0,-1
2026-08-10 13:42:37,0.0,-1
2026-08-10 13:42:37,0.0,-1
2026-08-10 13:42:37,0.0,-1
2026-08-10 13:42:37,0.0,-1
2026-08-10 13:42:37,0.0,-1
2026-08-10 13:42:37,0.0,-1
2026-08-10 13:42:37,0.0,-1
2026-08-10 13:42:37,0.0,-1
2026-08-10 13:42:37,0.0,-1
2026-08-10 13:42:37,0.0,-1
2026-08-10 13:42:37,0.0,-1
2026-08-10 13:42:37,0.0,-1
2026-08-10 13:42:37,0.0,-1
2026-08-10 13:42:37,0.0,-1
2026-08-10 13:42:38,0.0,-1
2026-08-10 13:42:38,0.0,-1
2026-08-10 13:42:38,0.0,-1
2026-08-10 13:42:38,0.0,-1
2026-08-10 13:42:38,0.0,-1
2026-08-10 13:42:38,0.0,-1
2026-08-10 13:42:38,0.0,-1
2026-08-10 13:42:38,0.0,-1
2026-08-10 13:42:38,0.0,-1
2026-08-10 13:42:38,0.0,-1
2026-08-10 13:42:38,0.0,-1
2026-08-10 13:42:38,0.0,-1
2026-08-10 13:42:38,0.0,-1
2026-08-10 13:42:38,0.0,-1
2026-08-10 13:42:38,0.0,-1
2026-08-10 13:42:38,0.0,-1
2026-08-10 13:42:38,0.0,-1
2026-08-10 13:42:38,0.0,-1
2026-08-10 13:42:38,0.0,-1
2026-08-10 13:42:38,0.0,-1
2026-08-10 13:42:39,0.0,-1
2026-08-10 13:42:39,0.0,-1
2026-08-10 13:42:39,0.0,-1
2026-08-10 13:42:39,0.0,-1
2026-08-10 13:42:39,0.0,-1
2026-08-10 13:42:39,0.0,-1
2026-08-10 13:42:39,0.0,-1
2026-08-10 13:42:39,0.0,-1
2026-08-10 13:42:39,0.0,-1
2026-08-10 13:42:39,0.0,-1
2026-08-10 13:42:39,0.0,-1
2026-08-10 13:42:39,0.0,-1
2026-08-10 13:42:39,0.0,-1
2026-08-10 13:42:39,0.0,-1
2026-08-10 13:42:39,0.0,-1
2026-08-10 13:42:39,0.0,-1
2026-08-10 13:42:39,0.0,-1
2026-08-10 13:42:39,0.0,-1
2026-08-10 13:42:39,0.0,-1
2026-08-10 13:42:39,0.0,-1
2026-08-10 13:42:40,0.0,-1
2026-08-10 13:42:40,0.0,-1
2026-08-10 13:42:40,0.0,-1
2026-08-10 13:42:40,0.0,-1
2026-08-10 13:42:40,0.0,-1
2026-08-10 13:42:40,0.0,-1
2026-08-10 13:42:40,0.0,-1
2026-08-10 13:42:40,0.0,-1
2026-08-10 13:42:40,0.0,-1
2026-08-10 13:42:40,0.0,-1
2026-08-10 13:42:40,0.0,-1
2026-08-10 13:42:40,0.0,-1
2026-08-10 13:42:40,0.0,-1
2026-08-10 13:42:40,0.0,-1
2026-08-10 13:42:40,0.0,-1
2026-08-10 13:42:40,0.0,-1
2026-08-10 13:42:40,0.0,-1
2026-08-10 13:42:40,0.0,-1
2026-08-10 13:42:40,0.0,-1
2026-08-10 13:42:40,0.0,-1
2026-08-10 13:42:41,0.0,-1
2026-08-10 13:42:41,0.0,-1
2026-08-10 13:42:41,0.0,-1
2026-08-10 13:42:41,0.0,-1
2026-08-10 13:42:41,0.0,-1
2026-08-10 13:42:41,0.0,-1
2026-08-10 13:42:41,0.0,-1
2026-08-10 13:42:41,0.0,-1
2026-08-10 13:42:41,0.0,-1
2026-08-10 13:42:41,0.0,-1
2026-08-10 13:42:41,0.0,-1
2026-08-10 13:42:41,0.0,-1
2026-08-10 13:42:41,0.0,-1
2026-08-10 13:42:41,0.0,-1
2026-08-10 13:42:41,0.0,-1
2026-08-10 13:42:41,0.0,-1
2026-08-10 13:42:41,0.0,-1
2026-08-10 13:42:41,0.0,-1
2026-08-10 13:42:41,0.0,-1
2026-08-10 13:42:41,0.0,-1
2026-08-10 13:42:42,0.0,-1
2026-08-10 13:42:42,0.0,-1
2026-08-10 13:42:42,0.0,-1
2026-08-10 13:42:42,0.0,-1
2026-08-10 13:42:42,0.0,-1
2026-08-10 13:42:42,0.0,-1
2026-08-10 13:42:42,0.0,-1
2026-08-10 13:42:42,0.0,-1
2026-08-10 13:42:42,0.0,-1
2026-08-10 13:42:42,0.0,-1
2026-08-10 13:42:42,0.0,-1
2026-08-10 13:42:42,0.0,-1
2026-08-10 13:42:42,0.0,-1
2026-08-10 13:42:42,0.0,-1
2026-08-10 13:42:42,0.0,-1
2026-08-10 13:42:42,0.0,-1
2026-08-10 13:42:42,0.0,-1
2026-08-10 13:42:42,0.0,-1
2026-08-10 13:42:42,0.0,-1
2026-08-10 13:42:42,0.0,-1
2026-08-10 13:42:43,0.0,-1
2026-08-10 13:42:43,0.0,-1
2026-08-10 13:42:43,0.0,-1
2026-08-10 13:42:43,0.0,-1
2026-08-10 13:42:43,0.0,-1
2026-08-10 13:42:43,0.0,-1
2026-08-10 13:42:43,0.0,-1
2026-08-10 13:42:43,0.0,-1
2026-08-10 13:42:43,0.0,-1
2026-08-10 13:42:43,0.0,-1
2026-08-10 13:42:43,0.0,-1
2026-08-10 13:42:43,0.0,-1
2026-08-10 13:42:43,0.0,-1
2026-08-10 13:42:43,0.0,-1
2026-08-10 13:42:43,0.0,-1
2026-08-10 13:42:43,0.0,-1
2026-08-10 13:42:43,0.0,-1
2026-08-10 13:42:43,0.0,-1
2026-08-10 13:42:43,0.0,-1
2026-08-10 13:42:43,0.0,-1
2026-08-10 13:42:44,0.0,-1
2026-08-10 13:42:44,0.0,-1
2026-08-10 13:42:44,0.0,-1
2026-08-10 13:42:44,0.0,-1
2026-08-10 13:42:44,0.0,-1
2026-08-10 13:42:44,0.0,-1
2026-08-10 13:42:44,0.0,-1
2026-08-10 13:42:44,0.0,-1
2026-08-10 13:42:44,0.0,-1
2026-08-10 13:42:44,0.0,-1
2026-08-10 13:42:44,0.0,-1
2026-08-10 13:42:44,0.0,-1
2026-08-10 13:42:44,0.0,-1
2026-08-10 13:42:44,0.0,-1
2026-08-10 13:42:44,0.0,-1
2026-08-10 13:42:44,0.0,-1
2026-08-10 13:42:44,0.0,-1
2026-08-10 13:42:44,0.0,-1
2026-08-10 13:42:44,0.0,-1
2026-08-10 13:42:44,0.0,-1
2026-08-10 13:42:45,0.0,-1
2026-08-10 13:42:45,0.0,-1
2026-08-10 13:42:45,0.0,-1
2026-08-10 13:42:45,0.0,-1
2026-08-10 13:42:45,0.0,-1
2026-08-10 13:42:45,0.0,-1
2026-08-10 13:42:45,0.0,-1
2026-08-10 13:42:45,0.0,-1
2026-08-10 13:42:45,0.0,-1
2026-08-10 13:42:45,0.0,-1
2026-08-10 13:42:45,0.0,-1
2026-08-10 13:42:45,0.0,-1
2026-08-10 13:42:45,0.0,-1
2026-08-10 13:42:45,0.0,-1
2026-08-10 13:42:45,0.0,-1
2026-08-10 13:42:45,0.0,-1
2026-08-10 13:42:45,0.0,-1
2026-08-10 13:42:45,0.0,-1
2026-08-10 13:42:45,0.0,-1
2026-08-10 13:42:45,0.0,-1
2026-08-10 13:42:46,0.0,-1
2026-08-10 13:42:46,0.0,-1
2026-08-10 13:42:46,0.0,-1
2026-08-10 13:42:46,0.0,-1
2026-08-10 13:42:46,0.0,-1
2026-08-10 13:42:46,0.0,-1
2026-08-10 13:42:46,0.0,-1
2026-08-10 13:42:46,0.0,-1
2026-08-10 13:42:46,0.0,-1
2026-08-10 13:42:46,0.0,-1
2026-08-10 13:42:46,0.0,-1
2026-08-10 13:42:46,0.0,-1
2026-08-10 13:42:46,0.0,-1
2026-08-10 13:42:46,0.0,-1
2026-08-10 13:42:46,0.0,-1
2026-08-10 13:42:46,0.0,-1
2026-08-10 13:42:46,0.0,-1
2026-08-10 13:42:46,0.0,-1
2026-08-10 13:42:46,0.0,-1
2026-08-10 13:42:46,0.0,-1
2026-08-10 13:42:47,0.0,-1
2026-08-10 13:42:47,0.0,-1
2026-08-10 13:42:47,0.0,-1
2026-08-10 13:42:47,0.0,-1
2026-08-10 13:42:47,0.0,-1
2026-08-10 13:42:47,0.0,-1
2026-08-10 13:42:47,0.0,-1
2026-08-10 13:42:47,0.0,-1
2026-08-10 13:42:47,0.0,-1
2026-08-10 13:42:47,0.0,-1
2026-08-10 13:42:47,0.0,-1
2026-08-10 13:42:47,0.0,-1
2026-08-10 13:42:47,0.0,-1
2026-08-10 13:42:47,0.0,-1
2026-08-10 13:42:47,0.0,-1
2026-08-10 13:42:47,0.0,-1
2026-08-10 13:42:47,0.0,-1
2026-08-10 13:42:47,0.0,-1
2026-08-10 13:42:47,0.0,-1
2026-08-10 13:42:47,0.0,-1
2026-08-10 13:42:48,0.0,-1
2026-08-10 13:42:48,0.0,-1
2026-08-10 13:42:48,0.0,-1
2026-08-10 13:42:48,0.0,-1
2026-08-10 13:42:48,0.0,-1
2026-08-10 13:42:48,0.0,-1
2026-08-10 13:42:48,0.0,-1
2026-08-10 13:42:48,0.0,-1
2026-08-10 13:42:48,0.0,-1
2026-08-10 13:42:48,0.0,-1
2026-08-10 13:42:48,0.0,-1
2026-08-10 13:42:48,0.0,-1
2026-08-10 13:42:48,0.0,-1
2026-08-10 13:42:48,0.0,-1
2026-08-10 13:42:48,0.0,-1
2026-08-10 13:42:48,0.0,-1
2026-08-10 13:42:48,0.0,-1
2026-08-10 13:42:48,0.0,-1
2026-08-10 13:42:48,0.0,-1
2026-08-10 13:42:48,0.0,-1
2026-08-10 13:42:49,0.0,-1
2026-08-10 13:42:49,0.0,-1
2026-08-10 13:42:49,0.0,-1
2026-08-10 13:42:49,0.0,-1
2026-08-10 13:42:49,0.0,-1
2026-08-10 13:42:49,0.0,-1
2026-08-10 13:42:49,0.0,-1
2026-08-10 13:42:49,0.0,-1
2026-08-10 13:42:49,0.0,-1
2026-08-10 13:42:49,0.0,-1
2026-08-10 13:42:49,0.0,-1
2026-08-10 13:42:49,0.0,-1
2026-08-10 13:42:49,0.0,-1
2026-08-10 13:42:49,0.0,-1
2026-08-10 13:42:49,0.0,-1
2026-08-10 13:42:49,0.0,-1
2026-08-10 13:42:49,0.0,-1
2026-08-10 13:42:49,0.0,-1
2026-08-10 13:42:49,0.0,-1
2026-08-10 13:42:49,0.0,-1
2026-08-10 13:42:50,0.0,-1
2026-08-10 13:42:50,0.0,-1
2026-08-10 13:42:50,0.0,-1
2026-08-10 13:42:50,0.0,-1
2026-08-10 13:42:50,0.0,-1
2026-08-10 13:42:50,0.0,-1
2026-08-10 13:42:50,0.0,-1
2026-08-10 13:42:50,0.0,-1
2026-08-10 13:42:50,0.0,-1
2026-08-10 13:42:50,0.0,-1
2026-08-10 13:42:50,0.0,-1
2026-08-10 13:42:50,0.0,-1
2026-08-10 13:42:50,0.0,-1
2026-08-10 13:42:50,0.0,-1
2026-08-10 13:42:50,0.0,-1
2026-08-10 13:42:50,0.0,-1
2026-08-10 13:42:50,0.0,-1
2026-08-10 13:42:50,0.0,-1
2026-08-10 13:42:50,0.0,-1
2026-08-10 13:42:50,0.0,-1
2026-08-10 13:42:51,0.0,-1
2026-08-10 13:42:51,0.0,-1
2026-08-10 13:42:51,0.0,-1
2026-08-10 13:42:51,0.0,-1
2026-08-10 13:42:51,0.0,-1
2026-08-10 13:42:51,0.0,-1
2026-08-10 13:42:51,0.0,-1
2026-08-10 13:42:51,0.0,-1
2026-08-10 13:42:51,0.0,-1
2026-08-10 13:42:51,0.0,-1
2026-08-10 13:42:51,0.0,-1
2026-08-10 13:42:51,0.0,-1
2026-08-10 13:42:51,0.0,-1
2026-08-10 13:42:51,0.0,-1
2026-08-10 13:42:51,0.0,-1
2026-08-10 13:42:51,0.0,-1
2026-08-10 13:42:51,0.0,-1
2026-08-10 13:42:51,0.0,-1
2026-08-10 13:42:51,0.0,-1
2026-08-10 13:42:51,0.0,-1
2026-08-10 13:42:52,0.0,-1
2026-08-10 13:42:52,0.0,-1
2026-08-10 13:42:52,0.0,-1
2026-08-10 13:42:52,0.0,-1
2026-08-10 13:42:52,0.0,-1
2026-08-10 13:42:52,0.0,-1
2026-08-10 13:42:52,0.0,-1
2026-08-10 13:42:52,0.0,-1
2026-08-10 13:42:52,0.0,-1
2026-08-10 13:42:52,0.0,-1
2026-08-10 13:42:52,0.0,-1
2026-08-10 13:42:52,0.0,-1
2026-08-10 13:42:52,0.0,-1
2026-08-10 13:42:52,0.0,-1
2026-08-10 13:42:52,0.0,-1
2026-08-10 13:42:52,0.0,-1
2026-08-10 13:42:52,0.0,-1
2026-08-10 13:42:52,0.0,-1
2026-08-10 13:42:52,0.0,-1
2026-08-10 13:42:52,0.0,-1
2026-08-10 13:42:53,0.0,-1
2026-08-10 13:42:53,0.0,-1
2026-08-10 13:42:53,0.0,-1
2026-08-10 13:42:53,0.0,-1
2026-08-10 13:42:53,0.0,-1
2026-08-10 13:42:53,0.0,-1
2026-08-10 13:42:53,0.0,-1
2026-08-10 13:42:53,0.0,-1
2026-08-10 13:42:53,0.0,-1
2026-08-10 13:42:53,0.0,-1
2026-08-10 13:42:53,0.0,-1
2026-08-10 13:42:53,0.0,-1
2026-08-10 13:42:53,0.0,-1
2026-08-10 13:42:53,0.0,-1
2026-08-10 13:42:53,0.0,-1
2026-08-10 13:42:53,0.0,-1
2026-08-10 13:42:53,0.0,-1
2026-08-10 13:42:53,0.0,-1
2026-08-10 13:42:53,0.0,-1
2026-08-10 13:42:53,0.0,-1
2026-08-10 13:42:54,0.0,-1
2026-08-10 13:42:54,0.0,-1
2026-08-10 13:42:54,0.0,-1
2026-08-10 13:42:54,0.0,-1
2026-08-10 13:42:54,0.0,-1
2026-08-10 13:42:54,0.0,-1
2026-08-10 13:42:54,0.0,-1
2026-08-10 13:42:54,0.0,-1
2026-08-10 13:42:54,0.0,-1
2026-08-10 13:42:54,0.0,-1
2026-08-10 13:42:54,0.0,-1
2026-08-10 13:42:54,0.0,-1
2026-08-10 13:42:54,0.0,-1
2026-08-10 13:42:54,0.0,-1
2026-08-10 13:42:54,0.0,-1
2026-08-10 13:42:54,0.0,-1
2026-08-10 13:42:54,0.0,-1
2026-08-10 13:42:54,0.0,-1
2026-08-10 13:42:54,0.0,-1
2026-08-10 13:42:54,0.0,-1
2026-08-10 13:42:55,0.0,-1
2026-08-10 13:42:55,0.0,-1
2026-08-10 13:42:55,0.0,-1
2026-08-10 13:42:55,0.0,-1
2026-08-10 13:42:55,0.0,-1
2026-08-10 13:42:55,0.0,-1
2026-08-10 13:42:55,0.0,-1
2026-08-10 13:42:55,0.0,-1
2026-08-10 13:42:55,0.0,-1
2026-08-10 13:42:55,0.0,-1
2026-08-10 13:42:55,0.0,-1
2026-08-10 13:42:55,0.0,-1
2026-08-10 13:42:55,0.0,-1
2026-08-10 13:42:55,0.0,-1
2026-08-10 13:42:55,0.0,-1
2026-08-10 13:42:55,0.0,-1
2026-08-10 13:42:55,0.0,-1
2026-08-10 13:42:55,0.0,-1
2026-08-10 13:42:55,0.0,-1
2026-08-10 13:42:55,0.0,-1
2026-08-10 13:42:56,0.0,-1
2026-08-10 13:42:56,0.0,-1
2026-08-10 13:42:56,0.0,-1
2026-08-10 13:42:56,0.0,-1
2026-08-10 13:42:56,0.0,-1
2026-08-10 13:42:56,0.0,-1
2026-08-10 13:42:56,0.0,-1
2026-08-10 13:42:56,0.0,-1
2026-08-10 13:42:56,0.0,-1
2026-08-10 13:42:56,0.0,-1
2026-08-10 13:42:56,0.0,-1
2026-08-10 13:42:56,0.0,-1
2026-08-10 13:42:56,0.0,-1
2026-08-10 13:42:56,0.0,-1
2026-08-10 13:42:56,0.0,-1
2026-08-10 13:42:56,0.0,-1
2026-08-10 13:42:56,0.0,-1
2026-08-10 13:42:56,0.0,-1
2026-08-10 13:42:56,0.0,-1
2026-08-10 13:42:56,0.0,-1
2026-08-10 13:42:57,0.0,-1
2026-08-10 13:42:57,0.0,-1
2026-08-10 13:42:57,0.0,-1
2026-08-10 13:42:57,0.0,-1
2026-08-10 13:42:57,0.0,-1
2026-08-10 13:42:57,0.0,-1
2026-08-10 13:42:57,0.0,-1
2026-08-10 13:42:57,0.0,-1
2026-08-10 13:42:57,0.0,-1
2026-08-10 13:42:57,0.0,-1
2026-08-10 13:42:57,0.0,-1
2026-08-10 13:42:57,0.0,-1
2026-08-10 13:42:57,0.0,-1
2026-08-10 13:42:57,0.0,-1
2026-08-10 13:42:57,0.0,-1
2026-08-10 13:42:57,0.0,-1
2026-08-10 13:42:57,0.0,-1
2026-08-10 13:42:57,0.0,-1
2026-08-10 13:42:57,0.0,-1
2026-08-10 13:42:57,0.0,-1
2026-08-10 13:42:58,0.0,-1
2026-08-10 13:42:58,0.0,-1
2026-08-10 13:42:58,0.0,-1
2026-08-10 13:42:58,0.0,-1
2026-08-10 13:42:58,0.0,-1
2026-08-10 13:42:58,0.0,-1
2026-08-10 13:42:58,0.0,-1
2026-08-10 13:42:58,0.0,-1
2026-08-10 13:42:58,0.0,-1
2026-08-10 13:42:58,0.0,-1
2026-08-10 13:42:58,0.0,-1
2026-08-10 13:42:58,0.0,-1
2026-08-10 13:42:58,0.0,-1
2026-08-10 13:42:58,0.0,-1
2026-08-10 13:42:58,0.0,-1
2026-08-10 13:42:58,0.0,-1
2026-08-10 13:42:58,0.0,-1
2026-08-10 13:42:58,0.0,-1
2026-08-10 13:42:58,0.0,-1
2026-08-10 13:42:58,0.0,-1
2026-08-10 13:42:59,0.0,-1
2026-08-10 13:42:59,0.0,-1
2026-08-10 13:42:59,0.0,-1
2026-08-10 13:42:59,0.0,-1
2026-08-10 13:42:59,0.0,-1
2026-08-10 13:42:59,0.0,-1
2026-08-10 13:42:59,0.0,-1
2026-08-10 13:42:59,0.0,-1
2026-08-10 13:42:59,0.0,-1
2026-08-10 13:42:59,0.0,-1
2026-08-10 13:42:59,0.0,-1
2026-08-10 13:42:59,0.0,-1
2026-08-10 13:42:59,0.0,-1
2026-08-10 13:42:59,0.0,-1
2026-08-10 13:42:59,0.0,-1
2026-08-10 13:42:59,0.0,-1
2026-08-10 13:42:59,0.0,-1
2026-08-10 13:42:59,0.0,-1
2026-08-10 13:42:59,0.0,-1
2026-08-10 13:42:59,0.0,-1
2026-08-10 13:43:00,0.0,-1
2026-08-10 13:43:00,0.0,-1
2026-08-10 13:43:00,0.0,-1
2026-08-10 13:43:00,0.0,-1
2026-08-10 13:43:00,0.0,-1
2026-08-10 13:43:00,0.0,-1
2026-08-10 13:43:00,0.0,-1
2026-08-10 13:43:00,0.0,-1
2026-08-10 13:43:00,0.0,-1
2026-08-10 13:43:00,0.0,-1
2026-08-10 13:43:00,0.0,-1
2026-08-10 13:43:00,0.0,-1
2026-08-10 13:43:00,0.0,-1
2026-08-10 13:43:00,0.0,-1
2026-08-10 13:43:00,0.0,-1
2026-08-10 13:43:00,0.0,-1
2026-08-10 13:43:00,0.0,-1
2026-08-10 13:43:00,0.0,-1
2026-08-10 13:43:00,0.0,-1
2026-08-10 13:43:00,0.0,-1
2026-08-10 13:43:01,0.0,-1
2026-08-10 13:43:01,0.0,-1
2026-08-10 13:43:01,0.0,-1
2026-08-10 13:43:01,0.0,-1
2026-08-10 13:43:01,0.0,-1
2026-08-10 13:43:01,0.0,-1
2026-08-10 13:43:01,0.0,-1
2026-08-10 13:43:01,0.0,-1
2026-08-10 13:43:01,0.0,-1
2026-08-10 13:43:01,0.0,-1
2026-08-10 13:43:01,0.0,-1
2026-08-10 13:43:01,0.0,-1
2026-08-10 13:43:01,0.0,-1
2026-08-10 13:43:01,0.0,-1
2026-08-10 13:43:01,0.0,-1
2026-08-10 13:43:01,0.0,-1
2026-08-10 13:43:01,0.0,-1
2026-08-10 13:43:01,0.0,-1
2026-08-10 13:43:01,0.0,-1
2026-08-10 13:43:01,0.0,-1
2026-08-10 13:43:02,0.0,-1
2026-08-10 13:43:02,0.0,-1
2026-08-10 13:43:02,0.0,-1
2026-08-10 13:43:02,0.0,-1
2026-08-10 13:43:02,0.0,-1
2026-08-10 13:43:02,0.0,-1
2026-08-10 13:43:02,0.0,-1
2026-08-10 13:43:02,0.0,-1
2026-08-10 13:43:02,0.0,-1
2026-08-10 13:43:02,0.0,-1
2026-08-10 13:43:02,0.0,-1
2026-08-10 13:43:02,0.0,-1
2026-08-10 13:43:02,0.0,-1
2026-08-10 13:43:02,0.0,-1
2026-08-10 13:43:02,0.0,-1
2026-08-10 13:43:02,0.0,-1
2026-08-10 13:43:02,0.0,-1
2026-08-10 13:43:02,0.0,-1
2026-08-10 13:43:02,0.0,-1
2026-08-10 13:43:02,0.0,-1
2026-08-10 13:43:03,0.0,-1
2026-08-10 13:43:03,0.0,-1
2026-08-10 13:43:03,0.0,-1
2026-08-10 13:43:03,0.0,-1
2026-08-10 13:43:03,0.0,-1
2026-08-10 13:43:03,0.0,-1
2026-08-10 13:43:03,0.0,-1
2026-08-10 13:43:03,0.0,-1
2026-08-10 13:43:03,0.0,-1
2026-08-10 13:43:03,0.0,-1
2026-08-10 13:43:03,0.0,-1
2026-08-10 13:43:03,0.0,-1
2026-08-10 13:43:03,0.0,-1
2026-08-10 13:43:03,0.0,-1
2026-08-10 13:43:03,0.0,-1
2026-08-10 13:43:03,0.0,-1
2026-08-10 13:43:03,0.0,-1
2026-08-10 13:43:03,0.0,-1
2026-08-10 13:43:03,0.0,-1
2026-08-10 13:43:03,0.0,-1
2026-08-10 13:43:04,0.0,-1
2026-08-10 13:43:04,0.0,-1
2026-08-10 13:43:04,0.0,-1
2026-08-10 13:43:04,0.0,-1
2026-08-10 13:43:04,0.0,-1
2026-08-10 13:43:04,0.0,-1
2026-08-10 13:43:04,0.0,-1
2026-08-10 13:43:04,0.0,-1
2026-08-10 13:43:04,0.0,-1
2026-08-10 13:43:04,0.0,-1
2026-08-10 13:43:04,0.0,-1
2026-08-10 13:43:04,0.0,-1
2026-08-10 13:43:04,0.0,-1
2026-08-10 13:43:04,0.0,-1
2026-08-10 13:43:04,0.0,-1
2026-08-10 13:43:04,0.0,-1
2026-08-10 13:43:04,0.0,-1
2026-08-10 13:43:04,0.0,-1
2026-08-10 13:43:04,0.0,-1
2026-08-10 13:43:04,0.0,-1
2026-08-10 13:43:05,0.0,-1
2026-08-10 13:43:05,0.0,-1
2026-08-10 13:43:05,0.0,-1
2026-08-10 13:43:05,0.0,-1
2026-08-10 13:43:05,0.0,-1
2026-08-10 13:43:05,0.0,-1
2026-08-10 13:43:05,0.0,-1
2026-08-10 13:43:05,0.0,-1
2026-08-10 13:43:05,0.0,-1
2026-08-10 13:43:05,0.0,-1
2026-08-10 13:43:05,0.0,-1
2026-08-10 13:43:05,0.0,-1
2026-08-10 13:43:05,0.0,-1
2026-08-10 13:43:05,0.0,-1
2026-08-10 13:43:05,0.828125,-1
2026-08-10 13:43:05,0.828125,-1
2026-08-10 13:43:05,0.953125,-1
2026-08-10 13:43:05,0.953125,-1
2026-08-10 13:43:05,0.953125,-1
2026-08-10 13:43:05,0.953125,-1
2026-08-10 13:43:06,1.59375,-1
2026-08-10 13:43:06,1.59375,-1
2026-08-10 13:43:06,1.65625,-1
2026-08-10 13:43:06,1.65625,-1
2026-08-10 13:43:06,1.703125,-1
2026-08-10 13:43:06,1.703125,-1
2026-08-10 13:43:06,1.703125,-1
2026-08-10 13:43:06,1.703125,-1
2026-08-10 13:43:06,2.234375,-1
2026-08-10 13:43:06,2.234375,-1
2026-08-10 13:43:06,2.25,-1
2026-08-10 13:43:06,2.25,-1
2026-08-10 13:43:06,2.25,-1
2026-08-10 13:43:06,2.25,-1
2026-08-10 13:43:06,2.71875,-1
2026-08-10 13:43:06,2.71875,-1
2026-08-10 13:43:06,2.734375,-1
2026-08-10 13:43:06,2.734375,-1
2026-08-10 13:43:06,2.734375,-1
2026-08-10 13:43:06,2.734375,-1
2026-08-10 13:43:07,2.75,-1
2026-08-10 13:43:07,2.75,-1
2026-08-10 13:43:07,3.109375,-1
2026-08-10 13:43:07,3.109375,-1
2026-08-10 13:43:07,3.15625,-1
2026-08-10 13:43:07,3.15625,-1
2026-08-10 13:43:07,3.15625,-1
2026-08-10 13:43:07,3.15625,-1
2026-08-10 13:43:07,3.265625,-1
2026-08-10 13:43:07,3.265625,-1
2026-08-10 13:43:07,3.296875,-1
2026-08-10 13:43:07,3.296875,-1
2026-08-10 13:43:07,3.296875,-1
2026-08-10 13:43:07,3.296875,-1
2026-08-10 13:43:07,3.3125,-1
2026-08-10 13:43:07,3.3125,-1
2026-08-10 13:43:07,2.875,-1
2026-08-10 13:43:07,2.875,-1
2026-08-10 13:43:07,2.8125,-1
2026-08-10 13:43:07,2.8125,-1
2026-08-10 13:43:08,2.8125,-1
2026-08-10 13:43:08,2.8125,-1
2026-08-10 13:43:08,2.703125,-1
2026-08-10 13:43:08,2.703125,-1
2026-08-10 13:43:08,1.5625,-1
2026-08-10 13:43:08,1.5625,-1
2026-08-10 13:43:08,1.46875,-1
2026-08-10 13:43:08,1.46875,-1
2026-08-10 13:43:08,1.4375,-1
2026-08-10 13:43:08,1.4375,-1
2026-08-10 13:43:08,1.109375,-1
2026-08-10 13:43:08,1.109375,-1
2026-08-10 13:43:08,1.078125,-1
2026-08-10 13:43:08,1.078125,-1
2026-08-10 13:43:08,1.09375,-1
2026-08-10 13:43:08,1.09375,-1
2026-08-10 13:43:08,1.09375,-1
2026-08-10 13:43:08,1.09375,-1
2026-08-10 13:43:08,1.3125,-1
2026-08-10 13:43:08,1.3125,-1
2026-08-10 13:43:09,1.3125,-1
2026-08-10 13:43:09,1.3125,-1
2026-08-10 13:43:09,1.296875,-1
2026-08-10 13:43:09,1.296875,-1
2026-08-10 13:43:09,1.265625,-1
2026-08-10 13:43:09,1.265625,-1
2026-08-10 13:43:09,1.265625,-1
2026-08-10 13:43:09,1.265625,-1
2026-08-10 13:43:09,1.203125,-1
2026-08-10 13:43:09,1.203125,-1
2026-08-10 13:43:09,1.203125,-1
2026-08-10 13:43:09,1.203125,-1
2026-08-10 13:43:09,0.8125,-1
2026-08-10 13:43:09,0.8125,-1
2026-08-10 13:43:09,0.6875,-1
2026-08-10 13:43:09,0.6875,-1
2026-08-10 13:43:09,0.6875,-1
2026-08-10 13:43:09,0.6875,-1
2026-08-10 13:43:09,0.0,-1
2026-08-10 13:43:09,0.0,-1
2026-08-10 13:43:10,0.0,-1
2026-08-10 13:43:10,0.0,-1
2026-08-10 13:43:10,0.0,-1
2026-08-10 13:43:10,0.0,-1
2026-08-10 13:43:10,0.0,-1
2026-08-10 13:43:10,0.0,-1
2026-08-10 13:43:10,0.0,-1
2026-08-10 13:43:10,0.0,-1
2026-08-10 13:43:10,0.0,-1
2026-08-10 13:43:10,0.0,-1
2026-08-10 13:43:10,0.0,-1
2026-08-10 13:43:10,0.0,-1
2026-08-10 13:43:10,0.0,-1
2026-08-10 13:43:10,0.0,-1
2026-08-10 13:43:10,0.0,-1
2026-08-10 13:43:10,0.0,-1
2026-08-10 13:43:10,0.0,-1
2026-08-10 13:43:10,0.0,-1
2026-08-10 13:43:10,0.0,-1
2026-08-10 13:43:10,0.0,-1
2026-08-10 13:43:11,0.0,-1
2026-08-10 13:43:11,0.0,-1
2026-08-10 13:43:11,0.0,-1
2026-08-10 13:43:11,0.0,-1
2026-08-10 13:43:11,0.0,-1
2026-08-10 13:43:11,0.0,-1
2026-08-10 13:43:11,0.0,-1
2026-08-10 13:43:11,0.0,-1
2026-08-10 13:43:11,0.0,-1
2026-08-10 13:43:11,0.0,-1
2026-08-10 13:43:11,0.0,-1
2026-08-10 13:43:11,0.0,-1
2026-08-10 13:43:11,0.0,-1
2026-08-10 13:43:11,0.0,-1
2026-08-10 13:43:11,0.0,-1
2026-08-10 13:43:11,0.0,-1
2026-08-10 13:43:11,0.0,-1
2026-08-10 13:43:11,0.0,-1
2026-08-10 13:43:11,0.0,-1
2026-08-10 13:43:11,0.0,-1
2026-08-10 13:43:12,0.0,-1
2026-08-10 13:43:12,0.0,-1
2026-08-10 13:43:12,0.0,-1
2026-08-10 13:43:12,0.0,-1
2026-08-10 13:43:12,0.0,-1
2026-08-10 13:43:12,0.0,-1
2026-08-10 13:43:12,0.0,-1
2026-08-10 13:43:12,0.0,-1
2026-08-10 13:43:12,0.0,-1
2026-08-10 13:43:12,0.0,-1
2026-08-10 13:43:12,0.0,-1
2026-08-10 13:43:12,0.0,-1
2026-08-10 13:43:12,0.0,-1
2026-08-10 13:43:12,0.0,-1
2026-08-10 13:43:12,0.0,-1
2026-08-10 13:43:12,0.0,-1
2026-08-10 13:43:12,0.0,-1
2026-08-10 13:43:12,0.0,-1
2026-08-10 13:43:12,0.0,-1
2026-08-10 13:43:12,0.0,-1
2026-08-10 13:43:13,0.0,-1
2026-08-10 13:43:13,0.0,-1
2026-08-10 13:43:13,0.0,-1
2026-08-10 13:43:13,0.0,-1
2026-08-10 13:43:13,0.0,-1
2026-08-10 13:43:13,0.0,1
2026-08-10 13:43:13,0.0,1
2026-08-10 13:43:13,0.0,1
2026-08-10 13:43:13,0.0,1
2026-08-10 13:43:13,0.0,1
2026-08-10 13:43:13,0.921875,1
2026-08-10 13:43:13,0.921875,1
2026-08-10 13:43:13,0.828125,1
2026-08-10 13:43:13,0.828125,1
2026-08-10 13:43:13,0.828125,1
2026-08-10 13:43:13,0.828125,1
2026-08-10 13:43:13,0.828125,1
2026-08-10 13:43:13,0.828125,1
2026-08-10 13:43:13,0.0,1
2026-08-10 13:43:13,0.0,1
2026-08-10 13:43:14,0.0,1
2026-08-10 13:43:14,0.0,1
2026-08-10 13:43:14,0.0,1
2026-08-10 13:43:14,0.0,1
2026-08-10 13:43:14,0.0,1
2026-08-10 13:43:14,0.0,1
2026-08-10 13:43:14,0.0,1
2026-08-10 13:43:14,0.0,1
2026-08-10 13:43:14,0.0,1
2026-08-10 13:43:14,0.0,1
2026-08-10 13:43:14,0.0,1
2026-08-10 13:43:14,0.0,1
2026-08-10 13:43:14,0.0,1
2026-08-10 13:43:14,0.0,1
2026-08-10 13:43:14,0.0,1
2026-08-10 13:43:14,0.0,1
2026-08-10 13:43:14,0.0,1
2026-08-10 13:43:14,0.0,1
2026-08-10 13:43:14,0.0,1
2026-08-10 13:43:14,0.0,1
2026-08-10 13:43:15,0.0,1
2026-08-10 13:43:15,0.0,1
2026-08-10 13:43:15,0.0,1
2026-08-10 13:43:15,0.0,1
2026-08-10 13:43:15,0.0,1
2026-08-10 13:43:15,0.0,1
2026-08-10 13:43:15,0.0,1
2026-08-10 13:43:15,0.0,1
2026-08-10 13:43:15,0.0,1
2026-08-10 13:43:15,0.0,1
2026-08-10 13:43:15,0.0,1
2026-08-10 13:43:15,0.0,1
2026-08-10 13:43:15,0.0,1
2026-08-10 13:43:15,0.0,1
2026-08-10 13:43:15,0.59375,1
2026-08-10 13:43:15,0.59375,1
2026-08-10 13:43:15,0.59375,1
2026-08-10 13:43:15,0.59375,1
2026-08-10 13:43:15,0.59375,1
2026-08-10 13:43:15,0.59375,1
2026-08-10 13:43:16,0.859375,1
2026-08-10 13:43:16,0.859375,1
2026-08-10 13:43:16,0.90625,1
2026-08-10 13:43:16,0.90625,1
2026-08-10 13:43:16,1.015625,1
2026-08-10 13:43:16,1.015625,1
2026-08-10 13:43:16,1.015625,1
2026-08-10 13:43:16,1.015625,1
2026-08-10 13:43:16,2.234375,1
2026-08-10 13:43:16,2.234375,1
2026-08-10 13:43:16,2.296875,1
2026-08-10 13:43:16,2.296875,1
2026-08-10 13:43:16,2.53125,1
2026-08-10 13:43:16,2.53125,1
2026-08-10 13:43:16,4.859375,1
2026-08-10 13:43:16,4.859375,1
2026-08-10 13:43:16,4.921875,1
2026-08-10 13:43:16,4.921875,1
2026-08-10 13:43:16,4.953125,1
2026-08-10 13:43:16,4.953125,1
2026-08-10 13:43:17,4.96875,1
2026-08-10 13:43:17,4.96875,1
2026-08-10 13:43:17,7.203125,1
2026-08-10 13:43:17,7.203125,1
2026-08-10 13:43:17,7.3125,1
2026-08-10 13:43:17,7.3125,1
2026-08-10 13:43:17,7.34375,1
2026-08-10 13:43:17,7.34375,1
2026-08-10 13:43:17,8.171875,1
2026-08-10 13:43:17,8.171875,1
2026-08-10 13:43:17,8.265625,1
2026-08-10 13:43:17,8.265625,1
2026-08-10 13:43:17,8.296875,1
2026-08-10 13:43:17,8.296875,1
2026-08-10 13:43:17,8.28125,1
2026-08-10 13:43:17,8.28125,1
2026-08-10 13:43:17,8.21875,1
2026-08-10 13:43:17,8.21875,1
2026-08-10 13:43:17,8.171875,1
2026-08-10 13:43:17,8.171875,1
2026-08-10 13:43:18,8.109375,1
2026-08-10 13:43:18,8.109375,1
2026-08-10 13:43:18,8.125,1
2026-08-10 13:43:18,8.125,1
2026-08-10 13:43:18,8.21875,1
2026-08-10 13:43:18,8.21875,1
2026-08-10 13:43:18,8.234375,1
2026-08-10 13:43:18,8.234375,1
2026-08-10 13:43:18,8.140625,1
2026-08-10 13:43:18,8.140625,1
2026-08-10 13:43:18,9.609375,1
2026-08-10 13:43:18,9.609375,1
2026-08-10 13:43:18,9.484375,1
2026-08-10 13:43:18,9.484375,1
2026-08-10 13:43:18,9.15625,1
2026-08-10 13:43:18,9.15625,1
2026-08-10 13:43:18,9.125,1
2026-08-10 13:43:18,9.125,1
2026-08-10 13:43:18,11.953125,1
2026-08-10 13:43:18,11.953125,1
2026-08-10 13:43:19,12.078125,1
2026-08-10 13:43:19,12.078125,1
2026-08-10 13:43:19,12.140625,1
2026-08-10 13:43:19,12.140625,1
2026-08-10 13:43:19,14.34375,1
2026-08-10 13:43:19,14.34375,1
2026-08-10 13:43:19,14.296875,1
2026-08-10 13:43:19,14.296875,1
2026-08-10 13:43:19,14.34375,1
2026-08-10 13:43:19,14.34375,1
2026-08-10 13:43:19,14.578125,1
2026-08-10 13:43:19,14.578125,1
2026-08-10 13:43:19,14.96875,1
2026-08-10 13:43:19,14.96875,1
2026-08-10 13:43:19,14.875,1
2026-08-10 13:43:19,14.875,1
2026-08-10 13:43:19,14.671875,1
2026-08-10 13:43:19,14.671875,1
2026-08-10 13:43:19,14.859375,1
2026-08-10 13:43:19,14.859375,1
2026-08-10 13:43:20,13.40625,1
2026-08-10 13:43:20,13.40625,1
2026-08-10 13:43:20,13.40625,1
2026-08-10 13:43:20,13.40625,1
2026-08-10 13:43:20,13.78125,1
2026-08-10 13:43:20,13.78125,1
2026-08-10 13:43:20,14.375,1
2026-08-10 13:43:20,14.375,1
2026-08-10 13:43:20,14.515625,1
2026-08-10 13:43:20,14.515625,1
2026-08-10 13:43:20,14.296875,1
2026-08-10 13:43:20,14.296875,1
2026-08-10 13:43:20,14.0625,1
2026-08-10 13:43:20,14.0625,1
2026-08-10 13:43:20,13.328125,1
2026-08-10 13:43:20,13.328125,1
2026-08-10 13:43:20,13.40625,1
2026-08-10 13:43:20,13.40625,1
2026-08-10 13:43:20,13.53125,1
2026-08-10 13:43:20,13.53125,1
2026-08-10 13:43:21,14.171875,1
2026-08-10 13:43:21,14.171875,1
2026-08-10 13:43:21,14.21875,1
2026-08-10 13:43:21,14.21875,1
2026-08-10 13:43:21,14.15625,1
2026-08-10 13:43:21,14.15625,1
2026-08-10 13:43:21,14.109375,1
2026-08-10 13:43:21,14.109375,1
2026-08-10 13:43:21,13.4375,1
2026-08-10 13:43:21,13.4375,1
2026-08-10 13:43:21,13.421875,1
2026-08-10 13:43:21,13.421875,1
2026-08-10 13:43:21,13.4375,1
2026-08-10 13:43:21,13.4375,1
2026-08-10 13:43:21,12.953125,1
2026-08-10 13:43:21,12.953125,1
2026-08-10 13:43:21,12.890625,1
2026-08-10 13:43:21,12.890625,1
2026-08-10 13:43:21,12.828125,1
2026-08-10 13:43:21,12.828125,1
2026-08-10 13:43:22,12.796875,1
2026-08-10 13:43:22,12.796875,1
2026-08-10 13:43:22,12.078125,1
2026-08-10 13:43:22,12.078125,1
2026-08-10 13:43:22,11.96875,1
2026-08-10 13:43:22,11.96875,1
2026-08-10 13:43:22,12.09375,1
2026-08-10 13:43:22,12.09375,1
2026-08-10 13:43:22,11.65625,1
2026-08-10 13:43:22,11.65625,1
2026-08-10 13:43:22,11.71875,1
2026-08-10 13:43:22,11.71875,1
2026-08-10 13:43:22,11.796875,1
2026-08-10 13:43:22,11.796875,1
2026-08-10 13:43:22,11.828125,1
2026-08-10 13:43:22,11.828125,1
2026-08-10 13:43:22,11.171875,1
2026-08-10 13:43:22,11.171875,1
2026-08-10 13:43:22,11.046875,1
2026-08-10 13:43:22,11.046875,1
2026-08-10 13:43:23,10.921875,1
2026-08-10 13:43:23,10.921875,1
2026-08-10 13:43:23,10.859375,1
2026-08-10 13:43:23,10.859375,1
2026-08-10 13:43:23,10.453125,1
2026-08-10 13:43:23,10.453125,1
2026-08-10 13:43:23,10.453125,1
2026-08-10 13:43:23,10.453125,1
2026-08-10 13:43:23,10.40625,1
2026-08-10 13:43:23,10.40625,1
2026-08-10 13:43:23,10.046875,1
2026-08-10 13:43:23,10.046875,1
2026-08-10 13:43:23,10.03125,1
2026-08-10 13:43:23,10.03125,1
2026-08-10 13:43:23,10.046875,1
2026-08-10 13:43:23,10.046875,1
2026-08-10 13:43:23,10.015625,1
2026-08-10 13:43:23,10.015625,1
2026-08-10 13:43:23,11.328125,1
2026-08-10 13:43:23,11.328125,1
2026-08-10 13:43:24,11.390625,1
2026-08-10 13:43:24,11.390625,1
2026-08-10 13:43:24,11.453125,1
2026-08-10 13:43:24,11.453125,1
2026-08-10 13:43:24,11.46875,1
2026-08-10 13:43:24,11.46875,1
2026-08-10 13:43:24,13.703125,1
2026-08-10 13:43:24,13.703125,1
2026-08-10 13:43:24,14.0625,1
2026-08-10 13:43:24,14.0625,1
2026-08-10 13:43:24,14.390625,1
2026-08-10 13:43:24,14.390625,1
2026-08-10 13:43:24,16.484375,1
2026-08-10 13:43:24,16.484375,1
2026-08-10 13:43:24,17.078125,1
2026-08-10 13:43:24,17.078125,1
2026-08-10 13:43:24,17.34375,1
2026-08-10 13:43:24,17.34375,1
2026-08-10 13:43:24,17.65625,1
2026-08-10 13:43:24,17.65625,1
2026-08-10 13:43:25,16.3125,1
2026-08-10 13:43:25,16.3125,1
2026-08-10 13:43:25,16.546875,1
2026-08-10 13:43:25,16.546875,1
2026-08-10 13:43:25,16.5,1
2026-08-10 13:43:25,16.5,1
2026-08-10 13:43:25,15.890625,1
2026-08-10 13:43:25,15.890625,1
2026-08-10 13:43:25,15.875,1
2026-08-10 13:43:25,15.875,1
2026-08-10 13:43:25,15.859375,1
2026-08-10 13:43:25,15.859375,1
2026-08-10 13:43:25,15.90625,1
2026-08-10 13:43:25,15.90625,1
2026-08-10 13:43:25,16.328125,1
2026-08-10 13:43:25,16.328125,1
2026-08-10 13:43:25,16.28125,1
2026-08-10 13:43:25,16.28125,1
2026-08-10 13:43:25,16.25,1
2026-08-10 13:43:25,16.25,1
2026-08-10 13:43:26,16.953125,1
2026-08-10 13:43:26,16.953125,1
2026-08-10 13:43:26,16.78125,1
2026-08-10 13:43:26,16.78125,1
2026-08-10 13:43:26,16.703125,1
2026-08-10 13:43:26,16.703125,1
2026-08-10 13:43:26,16.546875,1
2026-08-10 13:43:26,16.546875,1
2026-08-10 13:43:26,16.421875,1
2026-08-10 13:43:26,16.421875,1
2026-08-10 13:43:26,16.453125,1
2026-08-10 13:43:26,16.453125,1
2026-08-10 13:43:26,16.578125,1
2026-08-10 13:43:26,16.578125,1
2026-08-10 13:43:26,16.625,1
2026-08-10 13:43:26,16.625,1
2026-08-10 13:43:26,16.40625,1
2026-08-10 13:43:26,16.40625,1
2026-08-10 13:43:26,16.4375,1
2026-08-10 13:43:26,16.4375,1
2026-08-10 13:43:27,16.359375,1
2026-08-10 13:43:27,16.359375,1
2026-08-10 13:43:27,16.40625,1
2026-08-10 13:43:27,16.40625,1
2026-08-10 13:43:27,16.421875,1
2026-08-10 13:43:27,16.421875,1
2026-08-10 13:43:27,16.484375,1
2026-08-10 13:43:27,16.484375,1
2026-08-10 13:43:27,16.53125,1
2026-08-10 13:43:27,16.53125,1
2026-08-10 13:43:27,17.03125,1
2026-08-10 13:43:27,17.03125,1
2026-08-10 13:43:27,16.96875,1
2026-08-10 13:43:27,16.96875,1
2026-08-10 13:43:27,17.03125,1
2026-08-10 13:43:27,17.03125,1
2026-08-10 13:43:27,17.203125,1
2026-08-10 13:43:27,17.203125,1
2026-08-10 13:43:27,17.296875,1
2026-08-10 13:43:27,17.296875,1
2026-08-10 13:43:28,17.3125,1
2026-08-10 13:43:28,17.3125,1
2026-08-10 13:43:28,17.40625,1
2026-08-10 13:43:28,17.40625,1
2026-08-10 13:43:28,17.515625,1
2026-08-10 13:43:28,17.515625,1
2026-08-10 13:43:28,17.515625,1
2026-08-10 13:43:28,17.515625,1
2026-08-10 13:43:28,17.421875,1
2026-08-10 13:43:28,17.421875,1
2026-08-10 13:43:28,15.828125,1
2026-08-10 13:43:28,15.828125,1
2026-08-10 13:43:28,15.703125,1
2026-08-10 13:43:28,15.703125,1
2026-08-10 13:43:28,15.8125,1
2026-08-10 13:43:28,15.8125,1
2026-08-10 13:43:28,15.921875,1
2026-08-10 13:43:28,15.921875,1
2026-08-10 13:43:28,16.671875,1
2026-08-10 13:43:28,16.671875,1
2026-08-10 13:43:29,16.78125,1
2026-08-10 13:43:29,16.78125,1
2026-08-10 13:43:29,16.828125,1
2026-08-10 13:43:29,16.828125,1
2026-08-10 13:43:29,15.75,1
2026-08-10 13:43:29,15.75,1
2026-08-10 13:43:29,15.421875,1
2026-08-10 13:43:29,15.421875,1
2026-08-10 13:43:29,15.015625,1
2026-08-10 13:43:29,15.015625,1
2026-08-10 13:43:29,14.65625,1
2026-08-10 13:43:29,14.65625,1
2026-08-10 13:43:29,14.15625,1
2026-08-10 13:43:29,14.15625,1
2026-08-10 13:43:29,14.3125,1
2026-08-10 13:43:29,14.3125,1
2026-08-10 13:43:29,14.5,1
2026-08-10 13:43:29,14.5,1
2026-08-10 13:43:29,14.65625,1
2026-08-10 13:43:29,14.65625,1
2026-08-10 13:43:30,13.953125,1
2026-08-10 13:43:30,13.953125,1
2026-08-10 13:43:30,13.9375,1
2026-08-10 13:43:30,13.9375,1
2026-08-10 13:43:30,14.046875,1
2026-08-10 13:43:30,14.046875,1
2026-08-10 13:43:30,13.5,1
2026-08-10 13:43:30,13.5,1
2026-08-10 13:43:30,13.515625,1
2026-08-10 13:43:30,13.515625,1
2026-08-10 13:43:30,13.46875,1
2026-08-10 13:43:30,13.46875,1
2026-08-10 13:43:30,13.46875,1
2026-08-10 13:43:30,13.46875,1
2026-08-10 13:43:30,13.03125,1
2026-08-10 13:43:30,13.03125,1
2026-08-10 13:43:30,13.0,1
2026-08-10 13:43:30,13.0,1
2026-08-10 13:43:30,12.9375,1
2026-08-10 13:43:30,12.9375,1
2026-08-10 13:43:31,12.9375,1
2026-08-10 13:43:31,12.9375,1
2026-08-10 13:43:31,12.375,1
2026-08-10 13:43:31,12.375,1
2026-08-10 13:43:31,12.3125,1
2026-08-10 13:43:31,12.3125,1
2026-08-10 13:43:31,12.265625,1
2026-08-10 13:43:31,12.265625,1
2026-08-10 13:43:31,11.859375,1
2026-08-10 13:43:31,11.859375,1
2026-08-10 13:43:31,11.90625,1
2026-08-10 13:43:31,11.90625,1
2026-08-10 13:43:31,11.875,1
2026-08-10 13:43:31,11.875,1
2026-08-10 13:43:31,11.859375,1
2026-08-10 13:43:31,11.859375,1
2026-08-10 13:43:31,10.71875,1
2026-08-10 13:43:31,10.71875,1
2026-08-10 13:43:31,10.671875,1
2026-08-10 13:43:31,10.671875,1
2026-08-10 13:43:32,10.515625,1
2026-08-10 13:43:32,10.515625,1
2026-08-10 13:43:32,9.5,1
2026-08-10 13:43:32,9.5,1
2026-08-10 13:43:32,9.484375,1
2026-08-10 13:43:32,9.484375,1
2026-08-10 13:43:32,9.4375,1
2026-08-10 13:43:32,9.4375,1
2026-08-10 13:43:32,8.40625,1
2026-08-10 13:43:32,8.40625,1
2026-08-10 13:43:32,8.375,1
2026-08-10 13:43:32,8.375,1
2026-08-10 13:43:32,8.25,1
2026-08-10 13:43:32,8.25,1
2026-08-10 13:43:32,8.078125,1
2026-08-10 13:43:32,8.078125,1
2026-08-10 13:43:32,6.96875,1
2026-08-10 13:43:32,6.96875,1
2026-08-10 13:43:32,6.890625,1
2026-08-10 13:43:32,6.890625,1
2026-08-10 13:43:33,6.859375,1
2026-08-10 13:43:33,6.859375,1
2026-08-10 13:43:33,6.875,1
2026-08-10 13:43:33,6.875,1
2026-08-10 13:43:33,5.75,1
2026-08-10 13:43:33,5.75,1
2026-08-10 13:43:33,5.6875,1
2026-08-10 13:43:33,5.6875,1
2026-08-10 13:43:33,5.671875,1
2026-08-10 13:43:33,5.671875,1
2026-08-10 13:43:33,4.703125,1
2026-08-10 13:43:33,4.703125,1
2026-08-10 13:43:33,4.625,1
2026-08-10 13:43:33,4.625,1
2026-08-10 13:43:33,4.609375,1
2026-08-10 13:43:33,4.609375,1
2026-08-10 13:43:33,4.546875,1
2026-08-10 13:43:33,4.546875,1
2026-08-10 13:43:33,3.734375,1
2026-08-10 13:43:33,3.734375,1
2026-08-10 13:43:34,3.71875,1
2026-08-10 13:43:34,3.71875,1
2026-08-10 13:43:34,3.640625,1
2026-08-10 13:43:34,3.640625,1
2026-08-10 13:43:34,3.640625,1
2026-08-10 13:43:34,3.640625,1
2026-08-10 13:43:34,2.6875,1
2026-08-10 13:43:34,2.6875,1
2026-08-10 13:43:34,2.5625,1
2026-08-10 13:43:34,2.5625,1
2026-08-10 13:43:34,2.515625,1
2026-08-10 13:43:34,2.515625,1
2026-08-10 13:43:34,1.640625,1
2026-08-10 13:43:34,1.640625,1
2026-08-10 13:43:34,1.625,1
2026-08-10 13:43:34,1.625,1
2026-08-10 13:43:34,1.59375,1
2026-08-10 13:43:34,1.59375,1
2026-08-10 13:43:34,0.890625,1
2026-08-10 13:43:34,0.890625,1
2026-08-10 13:43:35,0.84375,1
2026-08-10 13:43:35,0.84375,1
2026-08-10 13:43:35,0.84375,1
2026-08-10 13:43:35,0.84375,1
2026-08-10 13:43:35,0.84375,1
2026-08-10 13:43:35,0.84375,1
2026-08-10 13:43:35,0.0,1
2026-08-10 13:43:35,0.0,1
2026-08-10 13:43:35,0.0,1
2026-08-10 13:43:35,0.0,1
2026-08-10 13:43:35,0.0,1
2026-08-10 13:43:35,0.0,1
2026-08-10 13:43:35,0.0,1
2026-08-10 13:43:35,0.0,1
2026-08-10 13:43:35,0.0,1
2026-08-10 13:43:35,0.0,1
2026-08-10 13:43:35,0.0,1
2026-08-10 13:43:35,0.0,1
2026-08-10 13:43:35,0.0,1
2026-08-10 13:43:35,0.0,1
2026-08-10 13:43:36,0.0,1
2026-08-10 13:43:36,0.0,1
2026-08-10 13:43:36,0.0,1
2026-08-10 13:43:36,0.0,1
2026-08-10 13:43:36,0.0,1
2026-08-10 13:43:36,0.0,1
2026-08-10 13:43:36,0.0,1
2026-08-10 13:43:36,0.0,1
2026-08-10 13:43:36,0.0,1
2026-08-10 13:43:36,0.0,-1
2026-08-10 13:43:36,0.0,-1
2026-08-10 13:43:36,0.0,-1
2026-08-10 13:43:36,0.0,-1
2026-08-10 13:43:36,0.0,-1
2026-08-10 13:43:36,0.0,-1
2026-08-10 13:43:36,0.0,-1
2026-08-10 13:43:36,0.0,-1
2026-08-10 13:43:36,0.0,-1
2026-08-10 13:43:36,0.0,-1
2026-08-10 13:43:36,0.0,-1
2026-08-10 13:43:37,0.0,-1
2026-08-10 13:43:37,0.0,-1
2026-08-10 13:43:37,0.0,-1
2026-08-10 13:43:37,0.0,-1
2026-08-10 13:43:37,0.0,-1
2026-08-10 13:43:37,0.0,-1
2026-08-10 13:43:37,0.0,-1
2026-08-10 13:43:37,0.0,-1
2026-08-10 13:43:37,0.0,-1
2026-08-10 13:43:37,0.0,-1
2026-08-10 13:43:37,0.0,-1
2026-08-10 13:43:37,0.0,-1
2026-08-10 13:43:37,0.0,-1
2026-08-10 13:43:37,0.0,-1
2026-08-10 13:43:37,0.0,-1
2026-08-10 13:43:37,0.0,-1
2026-08-10 13:43:37,0.0,-1
2026-08-10 13:43:37,0.0,-1
2026-08-10 13:43:37,0.0,-1
2026-08-10 13:43:37,0.0,-1
2026-08-10 13:43:38,0.875,-1
2026-08-10 13:43:38,0.875,-1
2026-08-10 13:43:38,1.265625,-1
2026-08-10 13:43:38,1.265625,-1
2026-08-10 13:43:38,1.859375,-1
2026-08-10 13:43:38,1.859375,-1
2026-08-10 13:43:38,1.875,-1
2026-08-10 13:43:38,1.875,-1
2026-08-10 13:43:38,1.78125,-1
2026-08-10 13:43:38,1.78125,-1
2026-08-10 13:43:38,1.859375,-1
2026-08-10 13:43:38,1.859375,-1
2026-08-10 13:43:38,1.796875,-1
2026-08-10 13:43:38,1.796875,-1
2026-08-10 13:43:38,1.765625,-1
2026-08-10 13:43:38,1.765625,-1
2026-08-10 13:43:38,1.78125,-1
2026-08-10 13:43:38,1.78125,-1
2026-08-10 13:43:38,3.25,-1
2026-08-10 13:43:38,3.25,-1
2026-08-10 13:43:39,3.5625,-1
2026-08-10 13:43:39,3.5625,-1
2026-08-10 13:43:39,3.640625,-1
2026-08-10 13:43:39,3.640625,-1
2026-08-10 13:43:39,4.0,-1
2026-08-10 13:43:39,4.0,-1
2026-08-10 13:43:39,3.96875,-1
2026-08-10 13:43:39,3.96875,-1
2026-08-10 13:43:39,3.765625,-1
2026-08-10 13:43:39,3.765625,-1
2026-08-10 13:43:39,3.6875,-1
2026-08-10 13:43:39,3.6875,-1
2026-08-10 13:43:39,3.546875,-1
2026-08-10 13:43:39,3.546875,-1
2026-08-10 13:43:39,3.65625,-1
2026-08-10 13:43:39,3.65625,-1
2026-08-10 13:43:39,3.671875,-1
2026-08-10 13:43:39,3.671875,-1
2026-08-10 13:43:39,3.234375,-1
2026-08-10 13:43:39,3.234375,-1
2026-08-10 13:43:40,3.265625,-1
2026-08-10 13:43:40,3.265625,-1
2026-08-10 13:43:40,3.28125,-1
2026-08-10 13:43:40,3.28125,-1
2026-08-10 13:43:40,3.28125,-1
2026-08-10 13:43:40,3.28125,-1
2026-08-10 13:43:40,4.109375,-1
2026-08-10 13:43:40,4.109375,-1
2026-08-10 13:43:40,4.171875,-1
2026-08-10 13:43:40,4.171875,-1
2026-08-10 13:43:40,4.21875,-1
2026-08-10 13:43:40,4.21875,-1
2026-08-10 13:43:40,5.3125,-1
2026-08-10 13:43:40,5.3125,-1
2026-08-10 13:43:40,5.375,-1
2026-08-10 13:43:40,5.375,-1
2026-08-10 13:43:40,5.421875,-1
2026-08-10 13:43:40,5.421875,-1
2026-08-10 13:43:40,5.421875,-1
2026-08-10 13:43:40,5.421875,-1
2026-08-10 13:43:41,6.53125,-1
2026-08-10 13:43:41,6.53125,-1
2026-08-10 13:43:41,6.5625,-1
2026-08-10 13:43:41,6.5625,-1
2026-08-10 13:43:41,6.609375,-1
2026-08-10 13:43:41,6.609375,-1
2026-08-10 13:43:41,7.140625,-1
2026-08-10 13:43:41,7.140625,-1
2026-08-10 13:43:41,7.125,-1
2026-08-10 13:43:41,7.125,-1
2026-08-10 13:43:41,7.125,-1
2026-08-10 13:43:41,7.125,-1
2026-08-10 13:43:41,7.15625,-1
2026-08-10 13:43:41,7.15625,-1
2026-08-10 13:43:41,7.390625,-1
2026-08-10 13:43:41,7.390625,-1
2026-08-10 13:43:41,7.453125,-1
2026-08-10 13:43:41,7.453125,-1
2026-08-10 13:43:41,7.421875,-1
2026-08-10 13:43:41,7.421875,-1
2026-08-10 13:43:42,7.421875,-1
2026-08-10 13:43:42,7.421875,-1
2026-08-10 13:43:42,7.21875,-1
2026-08-10 13:43:42,7.21875,-1
2026-08-10 13:43:42,7.125,-1
2026-08-10 13:43:42,7.125,-1
2026-08-10 13:43:42,7.09375,-1
2026-08-10 13:43:42,7.09375,-1
2026-08-10 13:43:42,7.046875,-1
2026-08-10 13:43:42,7.046875,-1
2026-08-10 13:43:42,7.0625,-1
2026-08-10 13:43:42,7.0625,-1
2026-08-10 13:43:42,7.109375,-1
2026-08-10 13:43:42,7.109375,-1
2026-08-10 13:43:42,7.140625,-1
2026-08-10 13:43:42,7.140625,-1
2026-08-10 13:43:42,7.375,-1
2026-08-10 13:43:42,7.375,-1
2026-08-10 13:43:42,7.328125,-1
2026-08-10 13:43:42,7.328125,-1
2026-08-10 13:43:43,7.296875,-1
2026-08-10 13:43:43,7.296875,-1
2026-08-10 13:43:43,7.203125,-1
2026-08-10 13:43:43,7.203125,-1
2026-08-10 13:43:43,7.265625,-1
2026-08-10 13:43:43,7.265625,-1
2026-08-10 13:43:43,7.234375,-1
2026-08-10 13:43:43,7.234375,-1
2026-08-10 13:43:43,7.25,-1
2026-08-10 13:43:43,7.25,-1
2026-08-10 13:43:43,7.390625,-1
2026-08-10 13:43:43,7.390625,-1
2026-08-10 13:43:43,7.46875,-1
2026-08-10 13:43:43,7.46875,-1
2026-08-10 13:43:43,7.484375,-1
2026-08-10 13:43:43,7.484375,-1
2026-08-10 13:43:43,7.5,-1
2026-08-10 13:43:43,7.5,-1
2026-08-10 13:43:43,7.75,-1
2026-08-10 13:43:43,7.75,-1
2026-08-10 13:43:44,7.8125,-1
2026-08-10 13:43:44,7.8125,-1
2026-08-10 13:43:44,7.875,-1
2026-08-10 13:43:44,7.875,-1
2026-08-10 13:43:44,8.4375,-1
2026-08-10 13:43:44,8.4375,-1
2026-08-10 13:43:44,8.578125,-1
2026-08-10 13:43:44,8.578125,-1
2026-08-10 13:43:44,8.671875,-1
2026-08-10 13:43:44,8.671875,-1
2026-08-10 13:43:44,8.671875,-1
2026-08-10 13:43:44,8.671875,-1
2026-08-10 13:43:44,9.0,-1
2026-08-10 13:43:44,9.0,-1
2026-08-10 13:43:44,8.984375,-1
2026-08-10 13:43:44,8.984375,-1
2026-08-10 13:43:44,8.953125,-1
2026-08-10 13:43:44,8.953125,-1
2026-08-10 13:43:44,9.09375,-1
2026-08-10 13:43:44,9.09375,-1
2026-08-10 13:43:45,9.09375,-1
2026-08-10 13:43:45,9.09375,-1
2026-08-10 13:43:45,9.1875,-1
2026-08-10 13:43:45,9.1875,-1
2026-08-10 13:43:45,9.375,-1
2026-08-10 13:43:45,9.375,-1
2026-08-10 13:43:45,10.203125,-1
2026-08-10 13:43:45,10.203125,-1
2026-08-10 13:43:45,10.140625,-1
2026-08-10 13:43:45,10.140625,-1
2026-08-10 13:43:45,10.109375,-1
2026-08-10 13:43:45,10.109375,-1
2026-08-10 13:43:45,10.21875,-1
2026-08-10 13:43:45,10.21875,-1
2026-08-10 13:43:45,10.296875,-1
2026-08-10 13:43:45,10.296875,-1
2026-08-10 13:43:45,10.328125,-1
2026-08-10 13:43:45,10.328125,-1
2026-08-10 13:43:45,10.40625,-1
2026-08-10 13:43:45,10.40625,-1
2026-08-10 13:43:46,10.546875,-1
2026-08-10 13:43:46,10.546875,-1
2026-08-10 13:43:46,10.5,-1
2026-08-10 13:43:46,10.5,-1
2026-08-10 13:43:46,10.46875,-1
2026-08-10 13:43:46,10.46875,-1
2026-08-10 13:43:46,10.453125,-1
2026-08-10 13:43:46,10.453125,-1
2026-08-10 13:43:46,10.15625,-1
2026-08-10 13:43:46,10.15625,-1
2026-08-10 13:43:46,10.0625,-1
2026-08-10 13:43:46,10.0625,-1
2026-08-10 13:43:46,10.078125,-1
2026-08-10 13:43:46,10.078125,-1
2026-08-10 13:43:46,10.515625,-1
2026-08-10 13:43:46,10.515625,-1
2026-08-10 13:43:46,10.578125,-1
2026-08-10 13:43:46,10.578125,-1
2026-08-10 13:43:46,10.828125,-1
2026-08-10 13:43:46,10.828125,-1
2026-08-10 13:43:47,10.78125,-1
2026-08-10 13:43:47,10.78125,-1
2026-08-10 13:43:47,11.0,-1
2026-08-10 13:43:47,11.0,-1
2026-08-10 13:43:47,11.25,-1
2026-08-10 13:43:47,11.25,-1
2026-08-10 13:43:47,11.03125,-1
2026-08-10 13:43:47,11.03125,-1
2026-08-10 13:43:47,11.375,-1
2026-08-10 13:43:47,11.375,-1
2026-08-10 13:43:47,11.140625,-1
2026-08-10 13:43:47,11.140625,-1
2026-08-10 13:43:47,11.328125,-1
2026-08-10 13:43:47,11.328125,-1
2026-08-10 13:43:47,11.328125,-1
2026-08-10 13:43:47,11.328125,-1
2026-08-10 13:43:47,11.390625,-1
2026-08-10 13:43:47,11.390625,-1
2026-08-10 13:43:47,11.515625,-1
2026-08-10 13:43:47,11.515625,-1
2026-08-10 13:43:48,11.59375,-1
2026-08-10 13:43:48,11.59375,-1
2026-08-10 13:43:48,11.640625,-1
2026-08-10 13:43:48,11.640625,-1
2026-08-10 13:43:48,11.640625,-1
2026-08-10 13:43:48,11.640625,-1
2026-08-10 13:43:48,11.578125,-1
2026-08-10 13:43:48,11.578125,-1
2026-08-10 13:43:48,11.796875,-1
2026-08-10 13:43:48,11.796875,-1
2026-08-10 13:43:48,11.515625,-1
2026-08-10 13:43:48,11.515625,-1
2026-08-10 13:43:48,11.875,-1
2026-08-10 13:43:48,11.875,-1
2026-08-10 13:43:48,11.640625,-1
2026-08-10 13:43:48,11.640625,-1
2026-08-10 13:43:48,11.765625,-1
2026-08-10 13:43:48,11.765625,-1
2026-08-10 13:43:48,11.4375,-1
2026-08-10 13:43:48,11.4375,-1
2026-08-10 13:43:49,11.65625,-1
2026-08-10 13:43:49,11.65625,-1
2026-08-10 13:43:49,11.5625,-1
2026-08-10 13:43:49,11.5625,-1
2026-08-10 13:43:49,11.6875,-1
2026-08-10 13:43:49,11.6875,-1
2026-08-10 13:43:49,11.59375,-1
2026-08-10 13:43:49,11.59375,-1
2026-08-10 13:43:49,11.734375,-1
2026-08-10 13:43:49,11.734375,-1
2026-08-10 13:43:49,11.46875,-1
2026-08-10 13:43:49,11.46875,-1
2026-08-10 13:43:49,11.828125,-1
2026-08-10 13:43:49,11.828125,-1
2026-08-10 13:43:49,11.5625,-1
2026-08-10 13:43:49,11.5625,-1
2026-08-10 13:43:49,11.59375,-1
2026-08-10 13:43:49,11.59375,-1
2026-08-10 13:43:49,11.875,-1
2026-08-10 13:43:49,11.875,-1
2026-08-10 13:43:50,11.53125,-1
2026-08-10 13:43:50,11.53125,-1
2026-08-10 13:43:50,11.671875,-1
2026-08-10 13:43:50,11.671875,-1
2026-08-10 13:43:50,11.421875,-1
2026-08-10 13:43:50,11.421875,-1
2026-08-10 13:43:50,11.703125,-1
2026-08-10 13:43:50,11.703125,-1
2026-08-10 13:43:50,11.515625,-1
2026-08-10 13:43:50,11.515625,-1
2026-08-10 13:43:50,11.765625,-1
2026-08-10 13:43:50,11.765625,-1
2026-08-10 13:43:50,12.0,-1
2026-08-10 13:43:50,12.0,-1
2026-08-10 13:43:50,11.890625,-1
2026-08-10 13:43:50,11.890625,-1
2026-08-10 13:43:50,11.96875,-1
2026-08-10 13:43:50,11.96875,-1
2026-08-10 13:43:50,11.796875,-1
2026-08-10 13:43:50,11.796875,-1
2026-08-10 13:43:51,11.8125,-1
2026-08-10 13:43:51,11.8125,-1
2026-08-10 13:43:51,11.734375,-1
2026-08-10 13:43:51,11.734375,-1
2026-08-10 13:43:51,11.90625,-1
2026-08-10 13:43:51,11.90625,-1
2026-08-10 13:43:51,11.859375,-1
2026-08-10 13:43:51,11.859375,-1
2026-08-10 13:43:51,12.328125,-1
2026-08-10 13:43:51,12.328125,-1
2026-08-10 13:43:51,12.203125,-1
2026-08-10 13:43:51,12.203125,-1
2026-08-10 13:43:51,12.078125,-1
2026-08-10 13:43:51,12.078125,-1
2026-08-10 13:43:51,11.890625,-1
2026-08-10 13:43:51,11.890625,-1
2026-08-10 13:43:51,12.03125,-1
2026-08-10 13:43:51,12.03125,-1
2026-08-10 13:43:51,12.046875,-1
2026-08-10 13:43:51,12.046875,-1
2026-08-10 13:43:52,11.8125,-1
2026-08-10 13:43:52,11.8125,-1
2026-08-10 13:43:52,11.890625,-1
2026-08-10 13:43:52,11.890625,-1
2026-08-10 13:43:52,11.890625,-1
2026-08-10 13:43:52,11.890625,-1
2026-08-10 13:43:52,11.859375,-1
2026-08-10 13:43:52,11.859375,-1
2026-08-10 13:43:52,11.765625,-1
2026-08-10 13:43:52,11.765625,-1
2026-08-10 13:43:52,11.890625,-1
2026-08-10 13:43:52,11.890625,-1
2026-08-10 13:43:52,11.890625,-1
2026-08-10 13:43:52,11.890625,-1
2026-08-10 13:43:52,11.8125,-1
2026-08-10 13:43:52,11.8125,-1
2026-08-10 13:43:52,11.859375,-1
2026-08-10 13:43:52,11.859375,-1
2026-08-10 13:43:52,11.96875,-1
2026-08-10 13:43:52,11.96875,-1
2026-08-10 13:43:53,11.75,-1
2026-08-10 13:43:53,11.75,-1
2026-08-10 13:43:53,11.828125,-1
2026-08-10 13:43:53,11.828125,-1
2026-08-10 13:43:53,11.796875,-1
2026-08-10 13:43:53,11.796875,-1
2026-08-10 13:43:53,11.796875,-1
2026-08-10 13:43:53,11.796875,-1
2026-08-10 13:43:53,11.734375,-1
2026-08-10 13:43:53,11.734375,-1
2026-08-10 13:43:53,11.859375,-1
2026-08-10 13:43:53,11.859375,-1
2026-08-10 13:43:53,11.75,-1
2026-08-10 13:43:53,11.75,-1
2026-08-10 13:43:53,11.71875,-1
2026-08-10 13:43:53,11.71875,-1
2026-08-10 13:43:53,11.9375,-1
2026-08-10 13:43:53,11.9375,-1
2026-08-10 13:43:53,11.671875,-1
2026-08-10 13:43:53,11.671875,-1
2026-08-10 13:43:54,11.796875,-1
2026-08-10 13:43:54,11.796875,-1
2026-08-10 13:43:54,11.828125,-1
2026-08-10 13:43:54,11.828125,-1
2026-08-10 13:43:54,11.859375,-1
2026-08-10 13:43:54,11.859375,-1
2026-08-10 13:43:54,11.75,-1
2026-08-10 13:43:54,11.75,-1
2026-08-10 13:43:54,11.75,-1
2026-08-10 13:43:54,11.75,-1
2026-08-10 13:43:54,11.796875,-1
2026-08-10 13:43:54,11.796875,-1
2026-08-10 13:43:54,11.59375,-1
2026-08-10 13:43:54,11.59375,-1
2026-08-10 13:43:54,11.671875,-1
2026-08-10 13:43:54,11.671875,-1
2026-08-10 13:43:54,11.84375,-1
2026-08-10 13:43:54,11.84375,-1
2026-08-10 13:43:54,11.859375,-1
2026-08-10 13:43:54,11.859375,-1
2026-08-10 13:43:55,11.84375,-1
2026-08-10 13:43:55,11.84375,-1
2026-08-10 13:43:55,11.8125,-1
2026-08-10 13:43:55,11.8125,-1
2026-08-10 13:43:55,11.828125,-1
2026-08-10 13:43:55,11.828125,-1
2026-08-10 13:43:55,11.71875,-1
2026-08-10 13:43:55,11.71875,-1
2026-08-10 13:43:55,11.71875,-1
2026-08-10 13:43:55,11.71875,-1
2026-08-10 13:43:55,11.859375,-1
2026-08-10 13:43:55,11.859375,-1
2026-08-10 13:43:55,11.875,-1
2026-08-10 13:43:55,11.875,-1
2026-08-10 13:43:55,11.5,-1
2026-08-10 13:43:55,11.5,-1
2026-08-10 13:43:55,11.59375,-1
2026-08-10 13:43:55,11.59375,-1
2026-08-10 13:43:55,11.515625,-1
2026-08-10 13:43:55,11.515625,-1
2026-08-10 13:43:56,11.59375,-1
2026-08-10 13:43:56,11.59375,-1
2026-08-10 13:43:56,11.40625,-1
2026-08-10 13:43:56,11.40625,-1
2026-08-10 13:43:56,11.625,-1
2026-08-10 13:43:56,11.625,-1
2026-08-10 13:43:56,11.390625,-1
2026-08-10 13:43:56,11.390625,-1
2026-08-10 13:43:56,11.71875,-1
2026-08-10 13:43:56,11.71875,-1
2026-08-10 13:43:56,11.53125,-1
2026-08-10 13:43:56,11.53125,-1
2026-08-10 13:43:56,11.578125,-1
2026-08-10 13:43:56,11.578125,-1
2026-08-10 13:43:56,11.671875,-1
2026-08-10 13:43:56,11.671875,-1
2026-08-10 13:43:56,11.53125,-1
2026-08-10 13:43:56,11.53125,-1
2026-08-10 13:43:56,11.625,-1
2026-08-10 13:43:56,11.625,-1
2026-08-10 13:43:57,11.375,-1
2026-08-10 13:43:57,11.375,-1
2026-08-10 13:43:57,11.578125,-1
2026-08-10 13:43:57,11.578125,-1
2026-08-10 13:43:57,11.359375,-1
2026-08-10 13:43:57,11.359375,-1
2026-08-10 13:43:57,11.625,-1
2026-08-10 13:43:57,11.625,-1
2026-08-10 13:43:57,11.484375,-1
2026-08-10 13:43:57,11.484375,-1
2026-08-10 13:43:57,11.484375,-1
2026-08-10 13:43:57,11.484375,-1
2026-08-10 13:43:57,11.390625,-1
2026-08-10 13:43:57,11.390625,-1
2026-08-10 13:43:57,11.40625,-1
2026-08-10 13:43:57,11.40625,-1
2026-08-10 13:43:57,11.328125,-1
2026-08-10 13:43:57,11.328125,-1
2026-08-10 13:43:57,11.390625,-1
2026-08-10 13:43:57,11.390625,-1
2026-08-10 13:43:58,11.125,-1
2026-08-10 13:43:58,11.125,-1
2026-08-10 13:43:58,11.28125,-1
2026-08-10 13:43:58,11.28125,-1
2026-08-10 13:43:58,11.15625,-1
2026-08-10 13:43:58,11.15625,-1
2026-08-10 13:43:58,11.03125,-1
2026-08-10 13:43:58,11.03125,-1
2026-08-10 13:43:58,11.21875,-1
2026-08-10 13:43:58,11.21875,-1
2026-08-10 13:43:58,11.09375,-1
2026-08-10 13:43:58,11.09375,-1
2026-08-10 13:43:58,10.875,-1
2026-08-10 13:43:58,10.875,-1
2026-08-10 13:43:58,11.03125,-1
2026-08-10 13:43:58,11.03125,-1
2026-08-10 13:43:58,10.828125,-1
2026-08-10 13:43:58,10.828125,-1
2026-08-10 13:43:58,10.96875,-1
2026-08-10 13:43:58,10.96875,-1
2026-08-10 13:43:59,11.109375,-1
2026-08-10 13:43:59,11.109375,-1
2026-08-10 13:43:59,10.890625,-1
2026-08-10 13:43:59,10.890625,-1
2026-08-10 13:43:59,11.140625,-1
2026-08-10 13:43:59,11.140625,-1
2026-08-10 13:43:59,10.9375,-1
2026-08-10 13:43:59,10.9375,-1
2026-08-10 13:43:59,11.125,-1
2026-08-10 13:43:59,11.125,-1
2026-08-10 13:43:59,10.984375,-1
2026-08-10 13:43:59,10.984375,-1
2026-08-10 13:43:59,10.9375,-1
2026-08-10 13:43:59,10.9375,-1
2026-08-10 13:43:59,11.078125,-1
2026-08-10 13:43:59,11.078125,-1
2026-08-10 13:43:59,10.96875,-1
2026-08-10 13:43:59,10.96875,-1
2026-08-10 13:43:59,11.015625,-1
2026-08-10 13:43:59,11.015625,-1
2026-08-10 13:44:00,10.921875,-1
2026-08-10 13:44:00,10.921875,-1
2026-08-10 13:44:00,10.984375,-1
2026-08-10 13:44:00,10.984375,-1
2026-08-10 13:44:00,10.859375,-1
2026-08-10 13:44:00,10.859375,-1
2026-08-10 13:44:00,10.875,-1
2026-08-10 13:44:00,10.875,-1
2026-08-10 13:44:00,10.828125,-1
2026-08-10 13:44:00,10.828125,-1
2026-08-10 13:44:00,10.875,-1
2026-08-10 13:44:00,10.875,-1
2026-08-10 13:44:00,10.875,-1
2026-08-10 13:44:00,10.875,-1
2026-08-10 13:44:00,10.953125,-1
2026-08-10 13:44:00,10.953125,-1
2026-08-10 13:44:00,10.8125,-1
2026-08-10 13:44:00,10.8125,-1
2026-08-10 13:44:00,10.921875,-1
2026-08-10 13:44:00,10.921875,-1
2026-08-10 13:44:01,10.921875,-1
2026-08-10 13:44:01,10.921875,-1
2026-08-10 13:44:01,10.75,-1
2026-08-10 13:44:01,10.75,-1
2026-08-10 13:44:01,10.75,-1
2026-08-10 13:44:01,10.75,-1
2026-08-10 13:44:01,10.640625,-1
2026-08-10 13:44:01,10.640625,-1
2026-08-10 13:44:01,10.640625,-1
2026-08-10 13:44:01,10.640625,-1
2026-08-10 13:44:01,10.734375,-1
2026-08-10 13:44:01,10.734375,-1
2026-08-10 13:44:01,10.671875,-1
2026-08-10 13:44:01,10.671875,-1
2026-08-10 13:44:01,11.109375,-1
2026-08-10 13:44:01,11.109375,-1
2026-08-10 13:44:01,10.890625,-1
2026-08-10 13:44:01,10.890625,-1
2026-08-10 13:44:01,11.171875,-1
2026-08-10 13:44:01,11.171875,-1
2026-08-10 13:44:02,11.0,-1
2026-08-10 13:44:02,11.0,-1
2026-08-10 13:44:02,11.25,-1
2026-08-10 13:44:02,11.25,-1
2026-08-10 13:44:02,11.515625,-1
2026-08-10 13:44:02,11.515625,-1
2026-08-10 13:44:02,11.453125,-1
2026-08-10 13:44:02,11.453125,-1
2026-08-10 13:44:02,12.265625,-1
2026-08-10 13:44:02,12.265625,-1
2026-08-10 13:44:02,12.125,-1
2026-08-10 13:44:02,12.125,-1
2026-08-10 13:44:02,12.09375,-1
2026-08-10 13:44:02,12.09375,-1
2026-08-10 13:44:02,12.09375,-1
2026-08-10 13:44:02,12.09375,-1
2026-08-10 13:44:02,12.890625,-1
2026-08-10 13:44:02,12.890625,-1
2026-08-10 13:44:02,12.828125,-1
2026-08-10 13:44:02,12.828125,-1
2026-08-10 13:44:03,13.015625,-1
2026-08-10 13:44:03,13.015625,-1
2026-08-10 13:44:03,12.84375,-1
2026-08-10 13:44:03,12.84375,-1
2026-08-10 13:44:03,13.265625,-1
2026-08-10 13:44:03,13.265625,-1
2026-08-10 13:44:03,13.09375,-1
2026-08-10 13:44:03,13.09375,-1
2026-08-10 13:44:03,13.03125,-1
2026-08-10 13:44:03,13.03125,-1
2026-08-10 13:44:03,13.171875,-1
2026-08-10 13:44:03,13.171875,-1
2026-08-10 13:44:03,13.25,-1
2026-08-10 13:44:03,13.25,-1
2026-08-10 13:44:03,13.421875,-1
2026-08-10 13:44:03,13.421875,-1
2026-08-10 13:44:03,13.328125,-1
2026-08-10 13:44:03,13.328125,-1
2026-08-10 13:44:03,13.140625,-1
2026-08-10 13:44:03,13.140625,-1
2026-08-10 13:44:04,13.171875,-1
2026-08-10 13:44:04,13.171875,-1
2026-08-10 13:44:04,13.109375,-1
2026-08-10 13:44:04,13.109375,-1
2026-08-10 13:44:04,13.109375,-1
2026-08-10 13:44:04,13.109375,-1
2026-08-10 13:44:04,12.828125,-1
2026-08-10 13:44:04,12.828125,-1
2026-08-10 13:44:04,12.96875,-1
2026-08-10 13:44:04,12.96875,-1
2026-08-10 13:44:04,12.78125,-1
2026-08-10 13:44:04,12.78125,-1
2026-08-10 13:44:04,11.296875,-1
2026-08-10 13:44:04,11.296875,-1
2026-08-10 13:44:04,11.171875,-1
2026-08-10 13:44:04,11.171875,-1
2026-08-10 13:44:04,10.828125,-1
2026-08-10 13:44:04,10.828125,-1
2026-08-10 13:44:04,8.984375,-1
2026-08-10 13:44:04,8.984375,-1
2026-08-10 13:44:05,8.765625,-1
2026-08-10 13:44:05,8.765625,-1
2026-08-10 13:44:05,8.71875,-1
2026-08-10 13:44:05,8.71875,-1
2026-08-10 13:44:05,8.65625,-1
2026-08-10 13:44:05,8.65625,-1
2026-08-10 13:44:05,7.703125,-1
2026-08-10 13:44:05,7.703125,-1
2026-08-10 13:44:05,7.6875,-1
2026-08-10 13:44:05,7.6875,-1
2026-08-10 13:44:05,7.6875,-1
2026-08-10 13:44:05,7.6875,-1
2026-08-10 13:44:05,6.1875,-1
2026-08-10 13:44:05,6.1875,-1
2026-08-10 13:44:05,6.015625,-1
2026-08-10 13:44:05,6.015625,-1
2026-08-10 13:44:05,5.984375,-1
2026-08-10 13:44:05,5.984375,-1
2026-08-10 13:44:05,5.703125,-1
2026-08-10 13:44:05,5.703125,-1
2026-08-10 13:44:06,5.359375,-1
2026-08-10 13:44:06,5.359375,-1
2026-08-10 13:44:06,5.375,-1
2026-08-10 13:44:06,5.375,-1
2026-08-10 13:44:06,5.5,-1
2026-08-10 13:44:06,5.5,-1
2026-08-10 13:44:06,5.5,-1
2026-08-10 13:44:06,5.5,-1
2026-08-10 13:44:06,5.59375,-1
2026-08-10 13:44:06,5.59375,-1
2026-08-10 13:44:06,5.59375,-1
2026-08-10 13:44:06,5.59375,-1
2026-08-10 13:44:06,5.5625,-1
2026-08-10 13:44:06,5.5625,-1
2026-08-10 13:44:06,5.296875,-1
2026-08-10 13:44:06,5.296875,-1
2026-08-10 13:44:06,5.265625,-1
2026-08-10 13:44:06,5.265625,-1
2026-08-10 13:44:06,5.234375,-1
2026-08-10 13:44:06,5.234375,-1
2026-08-10 13:44:07,5.234375,-1
2026-08-10 13:44:07,5.234375,-1
2026-08-10 13:44:07,5.59375,-1
2026-08-10 13:44:07,5.59375,-1
2026-08-10 13:44:07,5.6875,-1
2026-08-10 13:44:07,5.6875,-1
2026-08-10 13:44:07,5.71875,-1
2026-08-10 13:44:07,5.71875,-1
2026-08-10 13:44:07,6.484375,-1
2026-08-10 13:44:07,6.484375,-1
2026-08-10 13:44:07,6.515625,-1
2026-08-10 13:44:07,6.515625,-1
2026-08-10 13:44:07,6.625,-1
2026-08-10 13:44:07,6.625,-1
2026-08-10 13:44:07,6.640625,-1
2026-08-10 13:44:07,6.640625,-1
2026-08-10 13:44:07,7.609375,-1
2026-08-10 13:44:07,7.609375,-1
2026-08-10 13:44:07,7.640625,-1
2026-08-10 13:44:07,7.640625,-1
2026-08-10 13:44:08,7.703125,-1
2026-08-10 13:44:08,7.703125,-1
2026-08-10 13:44:08,7.71875,-1
2026-08-10 13:44:08,7.71875,-1
2026-08-10 13:44:08,8.859375,-1
2026-08-10 13:44:08,8.859375,-1
2026-08-10 13:44:08,8.875,-1
2026-08-10 13:44:08,8.875,-1
2026-08-10 13:44:08,9.0625,-1
2026-08-10 13:44:08,9.0625,-1
2026-08-10 13:44:08,10.078125,-1
2026-08-10 13:44:08,10.078125,-1
2026-08-10 13:44:08,10.125,-1
2026-08-10 13:44:08,10.125,-1
2026-08-10 13:44:08,10.15625,-1
2026-08-10 13:44:08,10.15625,-1
2026-08-10 13:44:08,10.171875,-1
2026-08-10 13:44:08,10.171875,-1
2026-08-10 13:44:08,11.0,-1
2026-08-10 13:44:08,11.0,-1
2026-08-10 13:44:09,11.0,-1
2026-08-10 13:44:09,11.0,-1
2026-08-10 13:44:09,11.03125,-1
2026-08-10 13:44:09,11.03125,-1
2026-08-10 13:44:09,11.21875,-1
2026-08-10 13:44:09,11.21875,-1
2026-08-10 13:44:09,11.21875,-1
2026-08-10 13:44:09,11.21875,-1
2026-08-10 13:44:09,11.28125,-1
2026-08-10 13:44:09,11.28125,-1
2026-08-10 13:44:09,11.34375,-1
2026-08-10 13:44:09,11.34375,-1
2026-08-10 13:44:09,11.734375,-1
2026-08-10 13:44:09,11.734375,-1
2026-08-10 13:44:09,11.71875,-1
2026-08-10 13:44:09,11.71875,-1
2026-08-10 13:44:09,11.828125,-1
2026-08-10 13:44:09,11.828125,-1
2026-08-10 13:44:09,12.0,-1
2026-08-10 13:44:09,12.0,-1
2026-08-10 13:44:10,11.90625,-1
2026-08-10 13:44:10,11.90625,-1
2026-08-10 13:44:10,11.9375,-1
2026-08-10 13:44:10,11.9375,-1
2026-08-10 13:44:10,11.96875,-1
2026-08-10 13:44:10,11.96875,-1
2026-08-10 13:44:10,11.953125,-1
2026-08-10 13:44:10,11.953125,-1
2026-08-10 13:44:10,11.921875,-1
2026-08-10 13:44:10,11.921875,-1
2026-08-10 13:44:10,11.953125,-1
2026-08-10 13:44:10,11.953125,-1
2026-08-10 13:44:10,11.90625,-1
2026-08-10 13:44:10,11.90625,-1
2026-08-10 13:44:10,11.75,-1
2026-08-10 13:44:10,11.75,-1
2026-08-10 13:44:10,11.71875,-1
2026-08-10 13:44:10,11.71875,-1
2026-08-10 13:44:10,11.71875,-1
2026-08-10 13:44:10,11.71875,-1
2026-08-10 13:44:11,11.4375,-1
2026-08-10 13:44:11,11.4375,-1
2026-08-10 13:44:11,11.484375,-1
2026-08-10 13:44:11,11.484375,-1
2026-08-10 13:44:11,11.453125,-1
2026-08-10 13:44:11,11.453125,-1
2026-08-10 13:44:11,11.4375,-1
2026-08-10 13:44:11,11.4375,-1
2026-08-10 13:44:11,12.0625,-1
2026-08-10 13:44:11,12.0625,-1
2026-08-10 13:44:11,12.140625,-1
2026-08-10 13:44:11,12.140625,-1
2026-08-10 13:44:11,12.15625,-1
2026-08-10 13:44:11,12.15625,-1
2026-08-10 13:44:11,12.125,-1
2026-08-10 13:44:11,12.125,-1
2026-08-10 13:44:11,12.09375,-1
2026-08-10 13:44:11,12.09375,-1
2026-08-10 13:44:11,12.03125,-1
2026-08-10 13:44:11,12.03125,-1
2026-08-10 13:44:12,11.984375,-1
2026-08-10 13:44:12,11.984375,-1
2026-08-10 13:44:12,11.953125,-1
2026-08-10 13:44:12,11.953125,-1
2026-08-10 13:44:12,11.9375,-1
2026-08-10 13:44:12,11.9375,-1
2026-08-10 13:44:12,11.921875,-1
2026-08-10 13:44:12,11.921875,-1
2026-08-10 13:44:12,11.796875,-1
2026-08-10 13:44:12,11.796875,-1
2026-08-10 13:44:12,11.859375,-1
2026-08-10 13:44:12,11.859375,-1
2026-08-10 13:44:12,11.859375,-1
2026-08-10 13:44:12,11.859375,-1
2026-08-10 13:44:12,11.875,-1
2026-08-10 13:44:12,11.875,-1
2026-08-10 13:44:12,12.5,-1
2026-08-10 13:44:12,12.5,-1
2026-08-10 13:44:12,12.71875,-1
2026-08-10 13:44:12,12.71875,-1
2026-08-10 13:44:13,12.53125,-1
2026-08-10 13:44:13,12.53125,-1
2026-08-10 13:44:13,12.6875,-1
2026-08-10 13:44:13,12.6875,-1
2026-08-10 13:44:13,12.84375,-1
2026-08-10 13:44:13,12.84375,-1
2026-08-10 13:44:13,12.96875,-1
2026-08-10 13:44:13,12.96875,-1
2026-08-10 13:44:13,12.875,-1
2026-08-10 13:44:13,12.875,-1
2026-08-10 13:44:13,12.578125,-1
2026-08-10 13:44:13,12.578125,-1
2026-08-10 13:44:13,12.703125,-1
2026-08-10 13:44:13,12.703125,-1
2026-08-10 13:44:13,12.65625,-1
2026-08-10 13:44:13,12.65625,-1
2026-08-10 13:44:13,12.640625,-1
2026-08-10 13:44:13,12.640625,-1
2026-08-10 13:44:13,11.703125,-1
2026-08-10 13:44:13,11.703125,-1
2026-08-10 13:44:14,11.5,-1
2026-08-10 13:44:14,11.5,-1
2026-08-10 13:44:14,11.390625,-1
2026-08-10 13:44:14,11.390625,-1
2026-08-10 13:44:14,10.046875,-1
2026-08-10 13:44:14,10.046875,-1
2026-08-10 13:44:14,9.96875,-1
2026-08-10 13:44:14,9.96875,-1
2026-08-10 13:44:14,9.890625,-1
2026-08-10 13:44:14,9.890625,-1
2026-08-10 13:44:14,9.84375,-1
2026-08-10 13:44:14,9.84375,-1
2026-08-10 13:44:14,9.546875,-1
2026-08-10 13:44:14,9.546875,-1
2026-08-10 13:44:14,9.625,-1
2026-08-10 13:44:14,9.625,-1
2026-08-10 13:44:14,9.609375,-1
2026-08-10 13:44:14,9.609375,-1
2026-08-10 13:44:14,9.046875,-1
2026-08-10 13:44:14,9.046875,-1
2026-08-10 13:44:15,9.03125,-1
2026-08-10 13:44:15,9.03125,-1
2026-08-10 13:44:15,9.046875,-1
2026-08-10 13:44:15,9.046875,-1
2026-08-10 13:44:15,8.953125,-1
2026-08-10 13:44:15,8.953125,-1
2026-08-10 13:44:15,8.3125,-1
2026-08-10 13:44:15,8.3125,-1
2026-08-10 13:44:15,8.34375,-1
2026-08-10 13:44:15,8.34375,-1
2026-08-10 13:44:15,8.359375,-1
2026-08-10 13:44:15,8.359375,-1
2026-08-10 13:44:15,8.34375,-1
2026-08-10 13:44:15,8.34375,-1
2026-08-10 13:44:15,7.25,-1
2026-08-10 13:44:15,7.25,-1
2026-08-10 13:44:15,7.171875,-1
2026-08-10 13:44:15,7.171875,-1
2026-08-10 13:44:15,7.203125,-1
2026-08-10 13:44:15,7.203125,-1
2026-08-10 13:44:16,7.78125,-1
2026-08-10 13:44:16,7.78125,-1
2026-08-10 13:44:16,7.78125,-1
2026-08-10 13:44:16,7.78125,-1
2026-08-10 13:44:16,7.734375,-1
2026-08-10 13:44:16,7.734375,-1
2026-08-10 13:44:16,7.6875,-1
2026-08-10 13:44:16,7.6875,-1
2026-08-10 13:44:16,6.0625,-1
2026-08-10 13:44:16,6.0625,-1
2026-08-10 13:44:16,5.921875,-1
2026-08-10 13:44:16,5.921875,-1
2026-08-10 13:44:16,5.84375,-1
2026-08-10 13:44:16,5.84375,-1
2026-08-10 13:44:16,7.125,-1
2026-08-10 13:44:16,7.125,-1
2026-08-10 13:44:16,7.328125,-1
2026-08-10 13:44:16,7.328125,-1
2026-08-10 13:44:16,7.453125,-1
2026-08-10 13:44:16,7.453125,-1
2026-08-10 13:44:17,7.59375,-1
2026-08-10 13:44:17,7.59375,-1
2026-08-10 13:44:17,7.96875,-1
2026-08-10 13:44:17,7.96875,-1
2026-08-10 13:44:17,7.921875,-1
2026-08-10 13:44:17,7.921875,-1
2026-08-10 13:44:17,7.90625,-1
2026-08-10 13:44:17,7.90625,-1
2026-08-10 13:44:17,7.90625,-1
2026-08-10 13:44:17,7.90625,-1
2026-08-10 13:44:17,8.6875,-1
2026-08-10 13:44:17,8.6875,-1
2026-08-10 13:44:17,8.6875,-1
2026-08-10 13:44:17,8.6875,-1
2026-08-10 13:44:17,8.90625,-1
2026-08-10 13:44:17,8.90625,-1
2026-08-10 13:44:17,9.15625,-1
2026-08-10 13:44:17,9.15625,-1
2026-08-10 13:44:17,8.984375,-1
2026-08-10 13:44:17,8.984375,-1
2026-08-10 13:44:18,8.90625,-1
2026-08-10 13:44:18,8.90625,-1
2026-08-10 13:44:18,8.765625,-1
2026-08-10 13:44:18,8.765625,-1
2026-08-10 13:44:18,9.6875,-1
2026-08-10 13:44:18,9.6875,-1
2026-08-10 13:44:18,9.859375,-1
2026-08-10 13:44:18,9.859375,-1
2026-08-10 13:44:18,10.015625,-1
2026-08-10 13:44:18,10.015625,-1
2026-08-10 13:44:18,10.703125,-1
2026-08-10 13:44:18,10.703125,-1
2026-08-10 13:44:18,10.78125,-1
2026-08-10 13:44:18,10.78125,-1
2026-08-10 13:44:18,10.765625,-1
2026-08-10 13:44:18,10.765625,-1
2026-08-10 13:44:18,10.703125,-1
2026-08-10 13:44:18,10.703125,-1
2026-08-10 13:44:18,11.34375,-1
2026-08-10 13:44:18,11.34375,-1
2026-08-10 13:44:19,11.375,-1
2026-08-10 13:44:19,11.375,-1
2026-08-10 13:44:19,11.375,-1
2026-08-10 13:44:19,11.375,-1
2026-08-10 13:44:19,11.40625,-1
2026-08-10 13:44:19,11.40625,-1
2026-08-10 13:44:19,11.640625,-1
2026-08-10 13:44:19,11.640625,-1
2026-08-10 13:44:19,11.546875,-1
2026-08-10 13:44:19,11.546875,-1
2026-08-10 13:44:19,11.53125,-1
2026-08-10 13:44:19,11.53125,-1
2026-08-10 13:44:19,11.171875,-1
2026-08-10 13:44:19,11.171875,-1
2026-08-10 13:44:19,11.109375,-1
2026-08-10 13:44:19,11.109375,-1
2026-08-10 13:44:19,11.03125,-1
2026-08-10 13:44:19,11.03125,-1
2026-08-10 13:44:19,11.109375,-1
2026-08-10 13:44:19,11.109375,-1
2026-08-10 13:44:20,11.65625,-1
2026-08-10 13:44:20,11.65625,-1
2026-08-10 13:44:20,11.65625,-1
2026-08-10 13:44:20,11.65625,-1
2026-08-10 13:44:20,11.625,-1
2026-08-10 13:44:20,11.625,-1
2026-08-10 13:44:20,10.8125,-1
2026-08-10 13:44:20,10.8125,-1
2026-08-10 13:44:20,10.734375,-1
2026-08-10 13:44:20,10.734375,-1
2026-08-10 13:44:20,10.65625,-1
2026-08-10 13:44:20,10.65625,-1
2026-08-10 13:44:20,10.65625,-1
2026-08-10 13:44:20,10.65625,-1
2026-08-10 13:44:20,11.109375,-1
2026-08-10 13:44:20,11.109375,-1
2026-08-10 13:44:20,11.171875,-1
2026-08-10 13:44:20,11.171875,-1
2026-08-10 13:44:20,11.40625,-1
2026-08-10 13:44:20,11.40625,-1
2026-08-10 13:44:21,12.25,-1
2026-08-10 13:44:21,12.25,-1
2026-08-10 13:44:21,12.296875,-1
2026-08-10 13:44:21,12.296875,-1
2026-08-10 13:44:21,12.21875,-1
2026-08-10 13:44:21,12.21875,-1
2026-08-10 13:44:21,12.21875,-1
2026-08-10 13:44:21,12.21875,-1
2026-08-10 13:44:21,12.734375,-1
2026-08-10 13:44:21,12.734375,-1
2026-08-10 13:44:21,12.78125,-1
2026-08-10 13:44:21,12.78125,-1
2026-08-10 13:44:21,13.0,-1
2026-08-10 13:44:21,13.0,-1
2026-08-10 13:44:21,12.84375,-1
2026-08-10 13:44:21,12.84375,-1
2026-08-10 13:44:21,12.75,-1
2026-08-10 13:44:21,12.75,-1
2026-08-10 13:44:21,12.875,-1
2026-08-10 13:44:21,12.875,-1
2026-08-10 13:44:22,12.8125,-1
2026-08-10 13:44:22,12.8125,-1
2026-08-10 13:44:22,11.921875,-1
2026-08-10 13:44:22,11.921875,-1
2026-08-10 13:44:22,11.765625,-1
2026-08-10 13:44:22,11.765625,-1
2026-08-10 13:44:22,11.71875,-1
2026-08-10 13:44:22,11.71875,-1
2026-08-10 13:44:22,11.546875,-1
2026-08-10 13:44:22,11.546875,-1
2026-08-10 13:44:22,9.453125,-1
2026-08-10 13:44:22,9.453125,-1
2026-08-10 13:44:22,9.296875,-1
2026-08-10 13:44:22,9.296875,-1
2026-08-10 13:44:22,9.203125,-1
2026-08-10 13:44:22,9.203125,-1
2026-08-10 13:44:22,7.015625,-1
2026-08-10 13:44:22,7.015625,-1
2026-08-10 13:44:22,6.890625,-1
2026-08-10 13:44:22,6.890625,-1
2026-08-10 13:44:23,6.703125,-1
2026-08-10 13:44:23,6.703125,-1
2026-08-10 13:44:23,6.6875,-1
2026-08-10 13:44:23,6.6875,-1
2026-08-10 13:44:23,7.328125,-1
2026-08-10 13:44:23,7.328125,-1
2026-08-10 13:44:23,7.453125,-1
2026-08-10 13:44:23,7.453125,-1
2026-08-10 13:44:23,7.546875,-1
2026-08-10 13:44:23,7.546875,-1
2026-08-10 13:44:23,7.046875,-1
2026-08-10 13:44:23,7.046875,-1
2026-08-10 13:44:23,6.875,-1
2026-08-10 13:44:23,6.875,-1
2026-08-10 13:44:23,6.71875,-1
2026-08-10 13:44:23,6.71875,-1
2026-08-10 13:44:23,6.484375,-1
2026-08-10 13:44:23,6.484375,-1
2026-08-10 13:44:23,6.421875,-1
2026-08-10 13:44:23,6.421875,-1
2026-08-10 13:44:24,6.53125,-1
2026-08-10 13:44:24,6.53125,-1
2026-08-10 13:44:24,6.671875,-1
2026-08-10 13:44:24,6.671875,-1
2026-08-10 13:44:24,6.8125,-1
2026-08-10 13:44:24,6.8125,-1
2026-08-10 13:44:24,7.796875,-1
2026-08-10 13:44:24,7.796875,-1
2026-08-10 13:44:24,7.796875,-1
2026-08-10 13:44:24,7.796875,-1
2026-08-10 13:44:24,7.828125,-1
2026-08-10 13:44:24,7.828125,-1
2026-08-10 13:44:24,8.296875,-1
2026-08-10 13:44:24,8.296875,-1
2026-08-10 13:44:24,8.359375,-1
2026-08-10 13:44:24,8.359375,-1
2026-08-10 13:44:24,8.421875,-1
2026-08-10 13:44:24,8.421875,-1
2026-08-10 13:44:24,8.578125,-1
2026-08-10 13:44:24,8.578125,-1
2026-08-10 13:44:25,9.109375,-1
2026-08-10 13:44:25,9.109375,-1
2026-08-10 13:44:25,9.0625,-1
2026-08-10 13:44:25,9.0625,-1
2026-08-10 13:44:25,9.0,-1
2026-08-10 13:44:25,9.0,-1
2026-08-10 13:44:25,9.28125,-1
2026-08-10 13:44:25,9.28125,-1
2026-08-10 13:44:25,9.3125,-1
2026-08-10 13:44:25,9.3125,-1
2026-08-10 13:44:25,9.5,-1
2026-08-10 13:44:25,9.5,-1
2026-08-10 13:44:25,9.65625,-1
2026-08-10 13:44:25,9.65625,-1
2026-08-10 13:44:25,9.578125,-1
2026-08-10 13:44:25,9.578125,-1
2026-08-10 13:44:25,9.53125,-1
2026-08-10 13:44:25,9.53125,-1
2026-08-10 13:44:25,9.34375,-1
2026-08-10 13:44:25,9.34375,-1
2026-08-10 13:44:26,9.1875,-1
2026-08-10 13:44:26,9.1875,-1
2026-08-10 13:44:26,9.296875,-1
2026-08-10 13:44:26,9.296875,-1
2026-08-10 13:44:26,9.328125,-1
2026-08-10 13:44:26,9.328125,-1
2026-08-10 13:44:26,9.515625,-1
2026-08-10 13:44:26,9.515625,-1
2026-08-10 13:44:26,10.6875,-1
2026-08-10 13:44:26,10.6875,-1
2026-08-10 13:44:26,10.859375,-1
2026-08-10 13:44:26,10.859375,-1
2026-08-10 13:44:26,10.796875,-1
2026-08-10 13:44:26,10.796875,-1
2026-08-10 13:44:26,10.8125,-1
2026-08-10 13:44:26,10.8125,-1
2026-08-10 13:44:26,10.671875,-1
2026-08-10 13:44:26,10.671875,-1
2026-08-10 13:44:26,10.5625,-1
2026-08-10 13:44:26,10.5625,-1
2026-08-10 13:44:27,10.609375,-1
2026-08-10 13:44:27,10.609375,-1
2026-08-10 13:44:27,10.609375,-1
2026-08-10 13:44:27,10.609375,-1
2026-08-10 13:44:27,11.8125,-1
2026-08-10 13:44:27,11.8125,-1
2026-08-10 13:44:27,11.9375,-1
2026-08-10 13:44:27,11.9375,-1
2026-08-10 13:44:27,11.984375,-1
2026-08-10 13:44:27,11.984375,-1
2026-08-10 13:44:27,12.171875,-1
2026-08-10 13:44:27,12.171875,-1
2026-08-10 13:44:27,12.078125,-1
2026-08-10 13:44:27,12.078125,-1
2026-08-10 13:44:27,12.046875,-1
2026-08-10 13:44:27,12.046875,-1
2026-08-10 13:44:27,11.453125,-1
2026-08-10 13:44:27,11.453125,-1
2026-08-10 13:44:27,11.453125,-1
2026-08-10 13:44:27,11.453125,-1
2026-08-10 13:44:28,11.390625,-1
2026-08-10 13:44:28,11.390625,-1
2026-08-10 13:44:28,11.390625,-1
2026-08-10 13:44:28,11.390625,-1
2026-08-10 13:44:28,10.484375,-1
2026-08-10 13:44:28,10.484375,-1
2026-08-10 13:44:28,10.5625,-1
2026-08-10 13:44:28,10.5625,-1
2026-08-10 13:44:28,10.671875,-1
2026-08-10 13:44:28,10.671875,-1
2026-08-10 13:44:28,10.640625,-1
2026-08-10 13:44:28,10.640625,-1
2026-08-10 13:44:28,10.640625,-1
2026-08-10 13:44:28,10.640625,-1
2026-08-10 13:44:28,10.59375,-1
2026-08-10 13:44:28,10.59375,-1
2026-08-10 13:44:28,10.515625,-1
2026-08-10 13:44:28,10.515625,-1
2026-08-10 13:44:28,9.71875,-1
2026-08-10 13:44:28,9.71875,-1
2026-08-10 13:44:29,9.703125,-1
2026-08-10 13:44:29,9.703125,-1
2026-08-10 13:44:29,9.6875,-1
2026-08-10 13:44:29,9.6875,-1
2026-08-10 13:44:29,9.6875,-1
2026-08-10 13:44:29,9.6875,-1
2026-08-10 13:44:29,8.046875,-1
2026-08-10 13:44:29,8.046875,-1
2026-08-10 13:44:29,8.015625,-1
2026-08-10 13:44:29,8.015625,-1
2026-08-10 13:44:29,7.78125,-1
2026-08-10 13:44:29,7.78125,-1
2026-08-10 13:44:29,6.09375,-1
2026-08-10 13:44:29,6.09375,-1
2026-08-10 13:44:29,5.9375,-1
2026-08-10 13:44:29,5.9375,-1
2026-08-10 13:44:29,5.90625,-1
2026-08-10 13:44:29,5.90625,-1
2026-08-10 13:44:29,5.8125,-1
2026-08-10 13:44:29,5.8125,-1
2026-08-10 13:44:30,4.0,-1
2026-08-10 13:44:30,4.0,-1
2026-08-10 13:44:30,3.921875,-1
2026-08-10 13:44:30,3.921875,-1
2026-08-10 13:44:30,3.765625,-1
2026-08-10 13:44:30,3.765625,-1
2026-08-10 13:44:30,3.765625,-1
2026-08-10 13:44:30,3.765625,-1
2026-08-10 13:44:30,1.734375,-1
2026-08-10 13:44:30,1.734375,-1
2026-08-10 13:44:30,1.484375,-1
2026-08-10 13:44:30,1.484375,-1
2026-08-10 13:44:30,1.46875,-1
2026-08-10 13:44:30,1.46875,-1
2026-08-10 13:44:30,0.0,-1
2026-08-10 13:44:30,0.0,-1
2026-08-10 13:44:30,0.0,-1
2026-08-10 13:44:30,0.0,-1
2026-08-10 13:44:30,0.0,-1
2026-08-10 13:44:30,0.0,-1
2026-08-10 13:44:31,0.0,-1
2026-08-10 13:44:31,0.0,-1
2026-08-10 13:44:31,0.0,-1
2026-08-10 13:44:31,0.0,-1
2026-08-10 13:44:31,0.0,-1
2026-08-10 13:44:31,0.0,-1
2026-08-10 13:44:31,0.0,-1
2026-08-10 13:44:31,0.0,-1
2026-08-10 13:44:31,0.0,-1
2026-08-10 13:44:31,0.0,-1
2026-08-10 13:44:31,0.0,-1
2026-08-10 13:44:31,0.0,-1
2026-08-10 13:44:31,0.0,-1
2026-08-10 13:44:31,0.0,-1
2026-08-10 13:44:31,0.0,-1
2026-08-10 13:44:31,0.0,-1
2026-08-10 13:44:31,1.09375,-1
2026-08-10 13:44:31,1.09375,-1
2026-08-10 13:44:31,1.125,-1
2026-08-10 13:44:31,1.125,-1
2026-08-10 13:44:32,1.125,-1
2026-08-10 13:44:32,1.125,-1
2026-08-10 13:44:32,1.65625,-1
2026-08-10 13:44:32,1.65625,-1
2026-08-10 13:44:32,1.640625,-1
2026-08-10 13:44:32,1.640625,-1
2026-08-10 13:44:32,1.671875,-1
2026-08-10 13:44:32,1.671875,-1
2026-08-10 13:44:32,1.6875,-1
2026-08-10 13:44:32,1.6875,-1
2026-08-10 13:44:32,1.546875,-1
2026-08-10 13:44:32,1.546875,-1
2026-08-10 13:44:32,1.546875,-1
2026-08-10 13:44:32,1.546875,-1
2026-08-10 13:44:32,1.5,-1
2026-08-10 13:44:32,1.5,-1
2026-08-10 13:44:32,1.640625,-1
2026-08-10 13:44:32,1.640625,-1
2026-08-10 13:44:32,1.640625,-1
2026-08-10 13:44:32,1.640625,-1
2026-08-10 13:44:33,1.640625,-1
2026-08-10 13:44:33,1.640625,-1
2026-08-10 13:44:33,1.625,-1
2026-08-10 13:44:33,1.625,-1
2026-08-10 13:44:33,2.015625,-1
2026-08-10 13:44:33,2.015625,-1
2026-08-10 13:44:33,2.03125,-1
2026-08-10 13:44:33,2.03125,-1
2026-08-10 13:44:33,2.03125,-1
2026-08-10 13:44:33,2.03125,-1
2026-08-10 13:44:33,2.828125,-1
2026-08-10 13:44:33,2.828125,-1
2026-08-10 13:44:33,2.875,-1
2026-08-10 13:44:33,2.875,-1
2026-08-10 13:44:33,2.90625,-1
2026-08-10 13:44:33,2.90625,-1
2026-08-10 13:44:33,2.984375,-1
2026-08-10 13:44:33,2.984375,-1
2026-08-10 13:44:33,4.484375,-1
2026-08-10 13:44:33,4.484375,-1
2026-08-10 13:44:34,4.59375,-1
2026-08-10 13:44:34,4.59375,-1
2026-08-10 13:44:34,4.65625,-1
2026-08-10 13:44:34,4.65625,-1
2026-08-10 13:44:34,5.203125,-1
2026-08-10 13:44:34,5.203125,-1
2026-08-10 13:44:34,5.15625,-1
2026-08-10 13:44:34,5.15625,-1
2026-08-10 13:44:34,5.09375,-1
2026-08-10 13:44:34,5.09375,-1
2026-08-10 13:44:34,5.0,-1
2026-08-10 13:44:34,5.0,-1
2026-08-10 13:44:34,5.171875,-1
2026-08-10 13:44:34,5.171875,-1
2026-08-10 13:44:34,5.21875,-1
2026-08-10 13:44:34,5.21875,-1
2026-08-10 13:44:34,5.234375,-1
2026-08-10 13:44:34,5.234375,-1
2026-08-10 13:44:34,5.375,-1
2026-08-10 13:44:34,5.375,-1
2026-08-10 13:44:35,5.53125,-1
2026-08-10 13:44:35,5.53125,-1
2026-08-10 13:44:35,5.46875,-1
2026-08-10 13:44:35,5.46875,-1
2026-08-10 13:44:35,5.046875,-1
2026-08-10 13:44:35,5.046875,-1
2026-08-10 13:44:35,2.65625,-1
2026-08-10 13:44:35,2.65625,-1
2026-08-10 13:44:35,2.5625,-1
2026-08-10 13:44:35,2.5625,-1
2026-08-10 13:44:35,2.59375,-1
2026-08-10 13:44:35,2.59375,-1
2026-08-10 13:44:35,2.6875,-1
2026-08-10 13:44:35,2.6875,-1
2026-08-10 13:44:35,3.515625,-1
2026-08-10 13:44:35,3.515625,-1
2026-08-10 13:44:35,3.625,-1
2026-08-10 13:44:35,3.625,-1
2026-08-10 13:44:35,3.625,-1
2026-08-10 13:44:35,3.625,-1
2026-08-10 13:44:36,4.359375,-1
2026-08-10 13:44:36,4.359375,-1
2026-08-10 13:44:36,4.296875,-1
2026-08-10 13:44:36,4.296875,-1
2026-08-10 13:44:36,4.234375,-1
2026-08-10 13:44:36,4.234375,-1
2026-08-10 13:44:36,4.265625,-1
2026-08-10 13:44:36,4.265625,-1
2026-08-10 13:44:36,4.734375,-1
2026-08-10 13:44:36,4.734375,-1
2026-08-10 13:44:36,4.859375,-1
2026-08-10 13:44:36,4.859375,-1
2026-08-10 13:44:36,4.90625,-1
2026-08-10 13:44:36,4.90625,-1
2026-08-10 13:44:36,5.21875,-1
2026-08-10 13:44:36,5.21875,-1
2026-08-10 13:44:36,5.234375,-1
2026-08-10 13:44:36,5.234375,-1
2026-08-10 13:44:36,5.25,-1
2026-08-10 13:44:36,5.25,-1
2026-08-10 13:44:37,5.265625,-1
2026-08-10 13:44:37,5.265625,-1
2026-08-10 13:44:37,5.6875,-1
2026-08-10 13:44:37,5.6875,-1
2026-08-10 13:44:37,5.734375,-1
2026-08-10 13:44:37,5.734375,-1
2026-08-10 13:44:37,5.796875,-1
2026-08-10 13:44:37,5.796875,-1
2026-08-10 13:44:37,6.390625,-1
2026-08-10 13:44:37,6.390625,-1
2026-08-10 13:44:37,6.4375,-1
2026-08-10 13:44:37,6.4375,-1
2026-08-10 13:44:37,6.4375,-1
2026-08-10 13:44:37,6.4375,-1
2026-08-10 13:44:37,6.484375,-1
2026-08-10 13:44:37,6.484375,-1
2026-08-10 13:44:37,6.71875,-1
2026-08-10 13:44:37,6.71875,-1
2026-08-10 13:44:37,6.75,-1
2026-08-10 13:44:37,6.75,-1
2026-08-10 13:44:38,6.78125,-1
2026-08-10 13:44:38,6.78125,-1
2026-08-10 13:44:38,6.796875,-1
2026-08-10 13:44:38,6.796875,-1
2026-08-10 13:44:38,7.078125,-1
2026-08-10 13:44:38,7.078125,-1
2026-08-10 13:44:38,7.078125,-1
2026-08-10 13:44:38,7.078125,-1
2026-08-10 13:44:38,7.078125,-1
2026-08-10 13:44:38,7.078125,-1
2026-08-10 13:44:38,6.78125,-1
2026-08-10 13:44:38,6.78125,-1
2026-08-10 13:44:38,6.734375,-1
2026-08-10 13:44:38,6.734375,-1
2026-08-10 13:44:38,6.78125,-1
2026-08-10 13:44:38,6.78125,-1
2026-08-10 13:44:38,6.765625,-1
2026-08-10 13:44:38,6.765625,-1
2026-08-10 13:44:38,6.65625,-1
2026-08-10 13:44:38,6.65625,-1
2026-08-10 13:44:39,6.796875,-1
2026-08-10 13:44:39,6.796875,-1
2026-08-10 13:44:39,6.84375,-1
2026-08-10 13:44:39,6.84375,-1
2026-08-10 13:44:39,6.828125,-1
2026-08-10 13:44:39,6.828125,-1
2026-08-10 13:44:39,6.75,-1
2026-08-10 13:44:39,6.75,-1
2026-08-10 13:44:39,6.703125,-1
2026-08-10 13:44:39,6.703125,-1
2026-08-10 13:44:39,6.6875,-1
2026-08-10 13:44:39,6.6875,-1
2026-08-10 13:44:39,7.484375,-1
2026-08-10 13:44:39,7.484375,-1
2026-08-10 13:44:39,7.59375,-1
2026-08-10 13:44:39,7.59375,-1
2026-08-10 13:44:39,7.625,-1
2026-08-10 13:44:39,7.625,-1
2026-08-10 13:44:39,7.765625,-1
2026-08-10 13:44:39,7.765625,-1
2026-08-10 13:44:40,8.640625,-1
2026-08-10 13:44:40,8.640625,-1
2026-08-10 13:44:40,8.65625,-1
2026-08-10 13:44:40,8.65625,-1
2026-08-10 13:44:40,8.59375,-1
2026-08-10 13:44:40,8.59375,-1
2026-08-10 13:44:40,9.4375,-1
2026-08-10 13:44:40,9.4375,-1
2026-08-10 13:44:40,9.546875,-1
2026-08-10 13:44:40,9.546875,-1
2026-08-10 13:44:40,9.65625,-1
2026-08-10 13:44:40,9.65625,-1
2026-08-10 13:44:40,9.765625,-1
2026-08-10 13:44:40,9.765625,-1
2026-08-10 13:44:40,10.859375,-1
2026-08-10 13:44:40,10.859375,-1
2026-08-10 13:44:40,10.796875,-1
2026-08-10 13:44:40,10.796875,-1
2026-08-10 13:44:40,10.75,-1
2026-08-10 13:44:40,10.75,-1
2026-08-10 13:44:41,11.203125,-1
2026-08-10 13:44:41,11.203125,-1
2026-08-10 13:44:41,11.359375,-1
2026-08-10 13:44:41,11.359375,-1
2026-08-10 13:44:41,11.515625,-1
2026-08-10 13:44:41,11.515625,-1
2026-08-10 13:44:41,11.75,-1
2026-08-10 13:44:41,11.75,-1
2026-08-10 13:44:41,12.25,-1
2026-08-10 13:44:41,12.25,-1
2026-08-10 13:44:41,12.125,-1
2026-08-10 13:44:41,12.125,-1
2026-08-10 13:44:41,12.21875,-1
2026-08-10 13:44:41,12.21875,-1
2026-08-10 13:44:41,12.484375,-1
2026-08-10 13:44:41,12.484375,-1
2026-08-10 13:44:41,12.390625,-1
2026-08-10 13:44:41,12.390625,-1
2026-08-10 13:44:41,12.4375,-1
2026-08-10 13:44:41,12.4375,-1
2026-08-10 13:44:42,12.46875,-1
2026-08-10 13:44:42,12.46875,-1
2026-08-10 13:44:42,12.5625,-1
2026-08-10 13:44:42,12.5625,-1
2026-08-10 13:44:42,12.625,-1
2026-08-10 13:44:42,12.625,-1
2026-08-10 13:44:42,12.703125,-1
2026-08-10 13:44:42,12.703125,-1
2026-08-10 13:44:42,12.703125,-1
2026-08-10 13:44:42,12.703125,-1
2026-08-10 13:44:42,12.515625,-1
2026-08-10 13:44:42,12.515625,-1
2026-08-10 13:44:42,12.625,-1
2026-08-10 13:44:42,12.625,-1
2026-08-10 13:44:42,12.5,-1
2026-08-10 13:44:42,12.5,-1
2026-08-10 13:44:42,11.703125,-1
2026-08-10 13:44:42,11.703125,-1
2026-08-10 13:44:42,11.53125,-1
2026-08-10 13:44:42,11.53125,-1
2026-08-10 13:44:43,11.4375,-1
2026-08-10 13:44:43,11.4375,-1
2026-08-10 13:44:43,11.375,-1
2026-08-10 13:44:43,11.375,-1
2026-08-10 13:44:43,9.640625,-1
2026-08-10 13:44:43,9.640625,-1
2026-08-10 13:44:43,9.421875,-1
2026-08-10 13:44:43,9.421875,-1
2026-08-10 13:44:43,9.203125,-1
2026-08-10 13:44:43,9.203125,-1
2026-08-10 13:44:43,8.171875,-1
2026-08-10 13:44:43,8.171875,-1
2026-08-10 13:44:43,7.984375,-1
2026-08-10 13:44:43,7.984375,-1
2026-08-10 13:44:43,7.875,-1
2026-08-10 13:44:43,7.875,-1
2026-08-10 13:44:43,7.78125,-1
2026-08-10 13:44:43,7.78125,-1
2026-08-10 13:44:43,7.3125,-1
2026-08-10 13:44:43,7.3125,-1
2026-08-10 13:44:44,7.296875,-1
2026-08-10 13:44:44,7.296875,-1
2026-08-10 13:44:44,7.328125,-1
2026-08-10 13:44:44,7.328125,-1
2026-08-10 13:44:44,6.15625,-1
2026-08-10 13:44:44,6.15625,-1
2026-08-10 13:44:44,6.078125,-1
2026-08-10 13:44:44,6.078125,-1
2026-08-10 13:44:44,6.0,-1
2026-08-10 13:44:44,6.0,-1
2026-08-10 13:44:44,5.8125,-1
2026-08-10 13:44:44,5.8125,-1
2026-08-10 13:44:44,5.640625,-1
2026-08-10 13:44:44,5.640625,-1
2026-08-10 13:44:44,5.65625,-1
2026-08-10 13:44:44,5.65625,-1
2026-08-10 13:44:44,5.75,-1
2026-08-10 13:44:44,5.75,-1
2026-08-10 13:44:44,5.78125,-1
2026-08-10 13:44:44,5.78125,-1
2026-08-10 13:44:45,6.03125,-1
2026-08-10 13:44:45,6.03125,-1
2026-08-10 13:44:45,6.046875,-1
2026-08-10 13:44:45,6.046875,-1
2026-08-10 13:44:45,6.078125,-1
2026-08-10 13:44:45,6.078125,-1
2026-08-10 13:44:45,5.953125,-1
2026-08-10 13:44:45,5.953125,-1
2026-08-10 13:44:45,5.875,-1
2026-08-10 13:44:45,5.875,-1
2026-08-10 13:44:45,5.765625,-1
2026-08-10 13:44:45,5.765625,-1
2026-08-10 13:44:45,5.734375,-1
2026-08-10 13:44:45,5.734375,-1
2026-08-10 13:44:45,6.0,-1
2026-08-10 13:44:45,6.0,-1
2026-08-10 13:44:45,6.078125,-1
2026-08-10 13:44:45,6.078125,-1
2026-08-10 13:44:45,6.1875,-1
2026-08-10 13:44:45,6.1875,-1
2026-08-10 13:44:46,5.796875,-1
2026-08-10 13:44:46,5.796875,-1
2026-08-10 13:44:46,5.78125,-1
2026-08-10 13:44:46,5.78125,-1
2026-08-10 13:44:46,5.765625,-1
2026-08-10 13:44:46,5.765625,-1
2026-08-10 13:44:46,5.75,-1
2026-08-10 13:44:46,5.75,-1
2026-08-10 13:44:46,6.203125,-1
2026-08-10 13:44:46,6.203125,-1
2026-08-10 13:44:46,6.203125,-1
2026-08-10 13:44:46,6.203125,-1
2026-08-10 13:44:46,6.21875,-1
2026-08-10 13:44:46,6.21875,-1
2026-08-10 13:44:46,6.21875,-1
2026-08-10 13:44:46,6.21875,-1
2026-08-10 13:44:46,6.171875,-1
2026-08-10 13:44:46,6.171875,-1
2026-08-10 13:44:46,6.21875,-1
2026-08-10 13:44:46,6.21875,-1
2026-08-10 13:44:47,6.1875,-1
2026-08-10 13:44:47,6.1875,-1
2026-08-10 13:44:47,6.21875,-1
2026-08-10 13:44:47,6.21875,-1
2026-08-10 13:44:47,6.25,-1
2026-08-10 13:44:47,6.25,-1
2026-08-10 13:44:47,6.265625,-1
2026-08-10 13:44:47,6.265625,-1
2026-08-10 13:44:47,6.3125,-1
2026-08-10 13:44:47,6.3125,-1
2026-08-10 13:44:47,6.84375,-1
2026-08-10 13:44:47,6.84375,-1
2026-08-10 13:44:47,6.90625,-1
2026-08-10 13:44:47,6.90625,-1
2026-08-10 13:44:47,6.84375,-1
2026-08-10 13:44:47,6.84375,-1
2026-08-10 13:44:47,7.125,-1
2026-08-10 13:44:47,7.125,-1
2026-08-10 13:44:47,7.140625,-1
2026-08-10 13:44:47,7.140625,-1
2026-08-10 13:44:48,7.171875,-1
2026-08-10 13:44:48,7.171875,-1
2026-08-10 13:44:48,7.25,-1
2026-08-10 13:44:48,7.25,-1
2026-08-10 13:44:48,7.78125,-1
2026-08-10 13:44:48,7.78125,-1
2026-08-10 13:44:48,7.8125,-1
2026-08-10 13:44:48,7.8125,-1
2026-08-10 13:44:48,7.8125,-1
2026-08-10 13:44:48,7.8125,-1
2026-08-10 13:44:48,7.859375,-1
2026-08-10 13:44:48,7.859375,-1
2026-08-10 13:44:48,8.21875,-1
2026-08-10 13:44:48,8.21875,-1
2026-08-10 13:44:48,8.21875,-1
2026-08-10 13:44:48,8.21875,-1
2026-08-10 13:44:48,8.25,-1
2026-08-10 13:44:48,8.25,-1
2026-08-10 13:44:48,9.015625,-1
2026-08-10 13:44:48,9.015625,-1
2026-08-10 13:44:49,8.875,-1
2026-08-10 13:44:49,8.875,-1
2026-08-10 13:44:49,8.796875,-1
2026-08-10 13:44:49,8.796875,-1
2026-08-10 13:44:49,8.84375,-1
2026-08-10 13:44:49,8.84375,-1
2026-08-10 13:44:49,10.0625,-1
2026-08-10 13:44:49,10.0625,-1
2026-08-10 13:44:49,10.453125,-1
2026-08-10 13:44:49,10.453125,-1
2026-08-10 13:44:49,10.5625,-1
2026-08-10 13:44:49,10.5625,-1
2026-08-10 13:44:49,11.03125,-1
2026-08-10 13:44:49,11.03125,-1
2026-08-10 13:44:49,10.890625,-1
2026-08-10 13:44:49,10.890625,-1
2026-08-10 13:44:49,10.765625,-1
2026-08-10 13:44:49,10.765625,-1
2026-08-10 13:44:49,10.78125,-1
2026-08-10 13:44:49,10.78125,-1
2026-08-10 13:44:50,11.6875,-1
2026-08-10 13:44:50,11.6875,-1
2026-08-10 13:44:50,11.765625,-1
2026-08-10 13:44:50,11.765625,-1
2026-08-10 13:44:50,11.921875,-1
2026-08-10 13:44:50,11.921875,-1
2026-08-10 13:44:50,12.09375,-1
2026-08-10 13:44:50,12.09375,-1
2026-08-10 13:44:50,12.140625,-1
2026-08-10 13:44:50,12.140625,-1
2026-08-10 13:44:50,12.078125,-1
2026-08-10 13:44:50,12.078125,-1
2026-08-10 13:44:50,12.125,-1
2026-08-10 13:44:50,12.125,-1
2026-08-10 13:44:50,12.546875,-1
2026-08-10 13:44:50,12.546875,-1
2026-08-10 13:44:50,12.484375,-1
2026-08-10 13:44:50,12.484375,-1
2026-08-10 13:44:50,12.53125,-1
2026-08-10 13:44:50,12.53125,-1
2026-08-10 13:44:51,12.46875,-1
2026-08-10 13:44:51,12.46875,-1
2026-08-10 13:44:51,12.5,-1
2026-08-10 13:44:51,12.5,-1
2026-08-10 13:44:51,12.65625,-1
2026-08-10 13:44:51,12.65625,-1
2026-08-10 13:44:51,12.6875,-1
2026-08-10 13:44:51,12.6875,-1
2026-08-10 13:44:51,12.65625,-1
2026-08-10 13:44:51,12.65625,-1
2026-08-10 13:44:51,12.734375,-1
2026-08-10 13:44:51,12.734375,-1
2026-08-10 13:44:51,12.578125,-1
2026-08-10 13:44:51,12.578125,-1
2026-08-10 13:44:51,12.734375,-1
2026-08-10 13:44:51,12.734375,-1
2026-08-10 13:44:51,12.453125,-1
2026-08-10 13:44:51,12.453125,-1
2026-08-10 13:44:51,12.421875,-1
2026-08-10 13:44:51,12.421875,-1
2026-08-10 13:44:52,12.46875,-1
2026-08-10 13:44:52,12.46875,-1
2026-08-10 13:44:52,12.84375,-1
2026-08-10 13:44:52,12.84375,-1
2026-08-10 13:44:52,12.859375,-1
2026-08-10 13:44:52,12.859375,-1
2026-08-10 13:44:52,12.90625,-1
2026-08-10 13:44:52,12.90625,-1
2026-08-10 13:44:52,12.96875,-1
2026-08-10 13:44:52,12.96875,-1
2026-08-10 13:44:52,13.296875,-1
2026-08-10 13:44:52,13.296875,-1
2026-08-10 13:44:52,13.375,-1
2026-08-10 13:44:52,13.375,-1
2026-08-10 13:44:52,13.1875,-1
2026-08-10 13:44:52,13.1875,-1
2026-08-10 13:44:52,13.40625,-1
2026-08-10 13:44:52,13.40625,-1
2026-08-10 13:44:52,13.453125,-1
2026-08-10 13:44:52,13.453125,-1
2026-08-10 13:44:53,13.40625,-1
2026-08-10 13:44:53,13.40625,-1
2026-08-10 13:44:53,13.390625,-1
2026-08-10 13:44:53,13.390625,-1
2026-08-10 13:44:53,13.40625,-1
2026-08-10 13:44:53,13.40625,-1
2026-08-10 13:44:53,13.203125,-1
2026-08-10 13:44:53,13.203125,-1
2026-08-10 13:44:53,13.375,-1
2026-08-10 13:44:53,13.375,-1
2026-08-10 13:44:53,13.34375,-1
2026-08-10 13:44:53,13.34375,-1
2026-08-10 13:44:53,13.375,-1
2026-08-10 13:44:53,13.375,-1
2026-08-10 13:44:53,13.453125,-1
2026-08-10 13:44:53,13.453125,-1
2026-08-10 13:44:53,13.4375,-1
2026-08-10 13:44:53,13.4375,-1
2026-08-10 13:44:53,13.71875,-1
2026-08-10 13:44:53,13.71875,-1
2026-08-10 13:44:54,13.84375,-1
2026-08-10 13:44:54,13.84375,-1
2026-08-10 13:44:54,13.734375,-1
2026-08-10 13:44:54,13.734375,-1
2026-08-10 13:44:54,13.6875,-1
2026-08-10 13:44:54,13.6875,-1
2026-08-10 13:44:54,13.453125,-1
2026-08-10 13:44:54,13.453125,-1
2026-08-10 13:44:54,13.453125,-1
2026-08-10 13:44:54,13.453125,-1
2026-08-10 13:44:54,13.390625,-1
2026-08-10 13:44:54,13.390625,-1
2026-08-10 13:44:54,13.3125,-1
2026-08-10 13:44:54,13.3125,-1
2026-08-10 13:44:54,13.296875,-1
2026-08-10 13:44:54,13.296875,-1
2026-08-10 13:44:54,13.1875,-1
2026-08-10 13:44:54,13.1875,-1
2026-08-10 13:44:54,13.203125,-1
2026-08-10 13:44:54,13.203125,-1
2026-08-10 13:44:55,13.140625,-1
2026-08-10 13:44:55,13.140625,-1
2026-08-10 13:44:55,13.359375,-1
2026-08-10 13:44:55,13.359375,-1
2026-08-10 13:44:55,13.28125,-1
2026-08-10 13:44:55,13.28125,-1
2026-08-10 13:44:55,13.265625,-1
2026-08-10 13:44:55,13.265625,-1
2026-08-10 13:44:55,10.46875,-1
2026-08-10 13:44:55,10.46875,-1
2026-08-10 13:44:55,10.609375,-1
2026-08-10 13:44:55,10.609375,-1
2026-08-10 13:44:55,10.640625,-1
2026-08-10 13:44:55,10.640625,-1
2026-08-10 13:44:55,7.453125,-1
2026-08-10 13:44:55,7.453125,-1
2026-08-10 13:44:55,7.09375,-1
2026-08-10 13:44:55,7.09375,-1
2026-08-10 13:44:55,6.53125,-1
2026-08-10 13:44:55,6.53125,-1
2026-08-10 13:44:56,6.453125,-1
2026-08-10 13:44:56,6.453125,-1
2026-08-10 13:44:56,4.828125,-1
2026-08-10 13:44:56,4.828125,-1
2026-08-10 13:44:56,4.9375,-1
2026-08-10 13:44:56,4.9375,-1
2026-08-10 13:44:56,5.03125,-1
2026-08-10 13:44:56,5.03125,-1
2026-08-10 13:44:56,2.859375,-1
2026-08-10 13:44:56,2.859375,-1
2026-08-10 13:44:56,2.859375,-1
2026-08-10 13:44:56,2.859375,-1
2026-08-10 13:44:56,2.25,-1
2026-08-10 13:44:56,2.25,-1
2026-08-10 13:44:56,2.140625,-1
2026-08-10 13:44:56,2.140625,-1
2026-08-10 13:44:56,0.0,-1
2026-08-10 13:44:56,0.0,-1
2026-08-10 13:44:56,0.0,-1
2026-08-10 13:44:56,0.0,-1
2026-08-10 13:44:57,0.0,-1
2026-08-10 13:44:57,0.0,-1
2026-08-10 13:44:57,0.0,-1
2026-08-10 13:44:57,0.0,-1
2026-08-10 13:44:57,0.0,-1
2026-08-10 13:44:57,0.0,-1
2026-08-10 13:44:57,0.0,-1
2026-08-10 13:44:57,0.0,-1
2026-08-10 13:44:57,0.0,-1
2026-08-10 13:44:57,0.0,-1
2026-08-10 13:44:57,0.0,-1
2026-08-10 13:44:57,0.0,-1
2026-08-10 13:44:57,0.0,-1
2026-08-10 13:44:57,0.0,-1
2026-08-10 13:44:57,0.0,-1
2026-08-10 13:44:57,0.0,-1
2026-08-10 13:44:57,0.0,-1
2026-08-10 13:44:57,0.0,-1
2026-08-10 13:44:57,0.0,-1
2026-08-10 13:44:57,0.0,-1
2026-08-10 13:44:58,0.0,-1
2026-08-10 13:44:58,0.0,-1
2026-08-10 13:44:58,0.0,-1
2026-08-10 13:44:58,0.0,-1
2026-08-10 13:44:58,0.0,-1
2026-08-10 13:44:58,0.0,-1
2026-08-10 13:44:58,0.0,-1
2026-08-10 13:44:58,0.0,-1
2026-08-10 13:44:58,0.0,-1
2026-08-10 13:44:58,0.0,-1
2026-08-10 13:44:58,0.0,-1
2026-08-10 13:44:58,0.0,-1
2026-08-10 13:44:58,0.0,-1
2026-08-10 13:44:58,0.0,-1
2026-08-10 13:44:58,0.0,-1
2026-08-10 13:44:58,0.0,-1
2026-08-10 13:44:58,0.0,-1
2026-08-10 13:44:58,0.0,-1
2026-08-10 13:44:58,0.0,-1
2026-08-10 13:44:58,0.0,-1
2026-08-10 13:44:59,1.03125,-1
2026-08-10 13:44:59,1.03125,-1
2026-08-10 13:44:59,1.03125,-1
2026-08-10 13:44:59,1.03125,-1
2026-08-10 13:44:59,1.03125,-1
2026-08-10 13:44:59,1.03125,-1
2026-08-10 13:44:59,1.671875,-1
2026-08-10 13:44:59,1.671875,-1
2026-08-10 13:44:59,1.71875,-1
2026-08-10 13:44:59,1.71875,-1
2026-08-10 13:44:59,1.796875,-1
2026-08-10 13:44:59,1.796875,-1
2026-08-10 13:44:59,1.8125,-1
2026-08-10 13:44:59,1.8125,-1
2026-08-10 13:44:59,2.5,-1
2026-08-10 13:44:59,2.5,-1
2026-08-10 13:44:59,2.609375,-1
2026-08-10 13:44:59,2.609375,-1
2026-08-10 13:44:59,2.640625,-1
2026-08-10 13:44:59,2.640625,-1
2026-08-10 13:45:00,3.4375,-1
2026-08-10 13:45:00,3.4375,-1
2026-08-10 13:45:00,3.53125,-1
2026-08-10 13:45:00,3.53125,-1
2026-08-10 13:45:00,3.546875,-1
2026-08-10 13:45:00,3.546875,-1
2026-08-10 13:45:00,3.65625,-1
2026-08-10 13:45:00,3.65625,-1
2026-08-10 13:45:00,4.84375,-1
2026-08-10 13:45:00,4.84375,-1
2026-08-10 13:45:00,4.859375,-1
2026-08-10 13:45:00,4.859375,-1
2026-08-10 13:45:00,4.9375,-1
2026-08-10 13:45:00,4.9375,-1
2026-08-10 13:45:00,5.59375,-1
2026-08-10 13:45:00,5.59375,-1
2026-08-10 13:45:00,5.6875,-1
2026-08-10 13:45:00,5.6875,-1
2026-08-10 13:45:00,5.734375,-1
2026-08-10 13:45:00,5.734375,-1
2026-08-10 13:45:01,5.71875,-1
2026-08-10 13:45:01,5.71875,-1
2026-08-10 13:45:01,4.953125,-1
2026-08-10 13:45:01,4.953125,-1
2026-08-10 13:45:01,4.890625,-1
2026-08-10 13:45:01,4.890625,-1
2026-08-10 13:45:01,4.796875,-1
2026-08-10 13:45:01,4.796875,-1
2026-08-10 13:45:01,5.171875,-1
2026-08-10 13:45:01,5.171875,-1
2026-08-10 13:45:01,5.28125,-1
2026-08-10 13:45:01,5.28125,-1
2026-08-10 13:45:01,5.34375,-1
2026-08-10 13:45:01,5.34375,-1
2026-08-10 13:45:01,5.328125,-1
2026-08-10 13:45:01,5.328125,-1
2026-08-10 13:45:01,4.84375,-1
2026-08-10 13:45:01,4.84375,-1
2026-08-10 13:45:01,4.6875,-1
2026-08-10 13:45:01,4.6875,-1
2026-08-10 13:45:02,4.625,-1
2026-08-10 13:45:02,4.625,-1
2026-08-10 13:45:02,4.453125,-1
2026-08-10 13:45:02,4.453125,-1
2026-08-10 13:45:02,2.0625,-1
2026-08-10 13:45:02,2.0625,-1
2026-08-10 13:45:02,2.015625,-1
2026-08-10 13:45:02,2.015625,-1
2026-08-10 13:45:02,2.015625,-1
2026-08-10 13:45:02,2.015625,-1
2026-08-10 13:45:02,1.90625,-1
2026-08-10 13:45:02,1.90625,-1
2026-08-10 13:45:02,1.15625,-1
2026-08-10 13:45:02,1.15625,-1
2026-08-10 13:45:02,1.15625,-1
2026-08-10 13:45:02,1.15625,-1
2026-08-10 13:45:02,1.203125,-1
2026-08-10 13:45:02,1.203125,-1
2026-08-10 13:45:02,1.984375,-1
2026-08-10 13:45:02,1.984375,-1
2026-08-10 13:45:03,2.125,-1
2026-08-10 13:45:03,2.125,-1
2026-08-10 13:45:03,2.375,-1
2026-08-10 13:45:03,2.375,-1
2026-08-10 13:45:03,3.03125,-1
2026-08-10 13:45:03,3.03125,-1
2026-08-10 13:45:03,3.03125,-1
2026-08-10 13:45:03,3.03125,-1
2026-08-10 13:45:03,2.953125,-1
2026-08-10 13:45:03,2.953125,-1
2026-08-10 13:45:03,2.9375,-1
2026-08-10 13:45:03,2.9375,-1
2026-08-10 13:45:03,3.9375,-1
2026-08-10 13:45:03,3.9375,-1
2026-08-10 13:45:03,4.015625,-1
2026-08-10 13:45:03,4.015625,-1
2026-08-10 13:45:03,4.15625,-1
2026-08-10 13:45:03,4.15625,-1
2026-08-10 13:45:03,4.171875,-1
2026-08-10 13:45:03,4.171875,-1
2026-08-10 13:45:04,5.203125,-1
2026-08-10 13:45:04,5.203125,-1
2026-08-10 13:45:04,5.265625,-1
2026-08-10 13:45:04,5.265625,-1
2026-08-10 13:45:04,5.390625,-1
2026-08-10 13:45:04,5.390625,-1
2026-08-10 13:45:04,6.578125,-1
2026-08-10 13:45:04,6.578125,-1
2026-08-10 13:45:04,6.6875,-1
2026-08-10 13:45:04,6.6875,-1
2026-08-10 13:45:04,6.75,-1
2026-08-10 13:45:04,6.75,-1
2026-08-10 13:45:04,6.78125,-1
2026-08-10 13:45:04,6.78125,-1
2026-08-10 13:45:04,8.046875,-1
2026-08-10 13:45:04,8.046875,-1
2026-08-10 13:45:04,8.109375,-1
2026-08-10 13:45:04,8.109375,-1
2026-08-10 13:45:04,8.21875,-1
2026-08-10 13:45:04,8.21875,-1
2026-08-10 13:45:05,9.609375,-1
2026-08-10 13:45:05,9.609375,-1
2026-08-10 13:45:05,9.71875,-1
2026-08-10 13:45:05,9.71875,-1
2026-08-10 13:45:05,9.828125,-1
2026-08-10 13:45:05,9.828125,-1
2026-08-10 13:45:05,9.84375,-1
2026-08-10 13:45:05,9.84375,-1
2026-08-10 13:45:05,11.03125,-1
2026-08-10 13:45:05,11.03125,-1
2026-08-10 13:45:05,11.109375,-1
2026-08-10 13:45:05,11.109375,-1
2026-08-10 13:45:05,11.1875,-1
2026-08-10 13:45:05,11.1875,-1
2026-08-10 13:45:05,12.296875,-1
2026-08-10 13:45:05,12.296875,-1
2026-08-10 13:45:05,12.34375,-1
2026-08-10 13:45:05,12.34375,-1
2026-08-10 13:45:05,12.421875,-1
2026-08-10 13:45:05,12.421875,-1
2026-08-10 13:45:06,12.40625,-1
2026-08-10 13:45:06,12.40625,-1
2026-08-10 13:45:06,13.171875,-1
2026-08-10 13:45:06,13.171875,-1
2026-08-10 13:45:06,13.046875,-1
2026-08-10 13:45:06,13.046875,-1
2026-08-10 13:45:06,13.109375,-1
2026-08-10 13:45:06,13.109375,-1
2026-08-10 13:45:06,13.453125,-1
2026-08-10 13:45:06,13.453125,-1
2026-08-10 13:45:06,13.4375,-1
2026-08-10 13:45:06,13.4375,-1
2026-08-10 13:45:06,13.53125,-1
2026-08-10 13:45:06,13.53125,-1
2026-08-10 13:45:06,13.421875,-1
2026-08-10 13:45:06,13.421875,-1
2026-08-10 13:45:06,13.390625,-1
2026-08-10 13:45:06,13.390625,-1
2026-08-10 13:45:06,13.390625,-1
2026-08-10 13:45:06,13.390625,-1
2026-08-10 13:45:07,13.734375,-1
2026-08-10 13:45:07,13.734375,-1
2026-08-10 13:45:07,13.15625,-1
2026-08-10 13:45:07,13.15625,-1
2026-08-10 13:45:07,13.296875,-1
2026-08-10 13:45:07,13.296875,-1
2026-08-10 13:45:07,13.21875,-1
2026-08-10 13:45:07,13.21875,-1
2026-08-10 13:45:07,13.25,-1
2026-08-10 13:45:07,13.25,-1
2026-08-10 13:45:07,13.390625,-1
2026-08-10 13:45:07,13.390625,-1
2026-08-10 13:45:07,13.25,-1
2026-08-10 13:45:07,13.25,-1
2026-08-10 13:45:07,13.296875,-1
2026-08-10 13:45:07,13.296875,-1
2026-08-10 13:45:07,13.484375,-1
2026-08-10 13:45:07,13.484375,-1
2026-08-10 13:45:07,13.421875,-1
2026-08-10 13:45:07,13.421875,-1
2026-08-10 13:45:08,13.375,-1
2026-08-10 13:45:08,13.375,-1
2026-08-10 13:45:08,13.28125,-1
2026-08-10 13:45:08,13.28125,-1
2026-08-10 13:45:08,13.28125,-1
2026-08-10 13:45:08,13.28125,-1
2026-08-10 13:45:08,13.421875,-1
2026-08-10 13:45:08,13.421875,-1
2026-08-10 13:45:08,13.234375,-1
2026-08-10 13:45:08,13.234375,-1
2026-08-10 13:45:08,13.359375,-1
2026-08-10 13:45:08,13.359375,-1
2026-08-10 13:45:08,13.140625,-1
2026-08-10 13:45:08,13.140625,-1
2026-08-10 13:45:08,13.0,-1
2026-08-10 13:45:08,13.0,-1
2026-08-10 13:45:08,13.1875,-1
2026-08-10 13:45:08,13.1875,-1
2026-08-10 13:45:08,12.765625,-1
2026-08-10 13:45:08,12.765625,-1
2026-08-10 13:45:09,12.796875,-1
2026-08-10 13:45:09,12.796875,-1
2026-08-10 13:45:09,12.796875,-1
2026-08-10 13:45:09,12.796875,-1
2026-08-10 13:45:09,12.90625,-1
2026-08-10 13:45:09,12.90625,-1
2026-08-10 13:45:09,12.125,-1
2026-08-10 13:45:09,12.125,-1
2026-08-10 13:45:09,12.140625,-1
2026-08-10 13:45:09,12.140625,-1
2026-08-10 13:45:09,12.046875,-1
2026-08-10 13:45:09,12.046875,-1
2026-08-10 13:45:09,11.234375,-1
2026-08-10 13:45:09,11.234375,-1
2026-08-10 13:45:09,11.1875,-1
2026-08-10 13:45:09,11.1875,-1
2026-08-10 13:45:09,11.15625,-1
2026-08-10 13:45:09,11.15625,-1
2026-08-10 13:45:09,11.09375,-1
2026-08-10 13:45:09,11.09375,-1
2026-08-10 13:45:10,10.234375,-1
2026-08-10 13:45:10,10.234375,-1
2026-08-10 13:45:10,10.203125,-1
2026-08-10 13:45:10,10.203125,-1
2026-08-10 13:45:10,10.21875,-1
2026-08-10 13:45:10,10.21875,-1
2026-08-10 13:45:10,9.8125,-1
2026-08-10 13:45:10,9.8125,-1
2026-08-10 13:45:10,9.8125,-1
2026-08-10 13:45:10,9.8125,-1
2026-08-10 13:45:10,9.953125,-1
2026-08-10 13:45:10,9.953125,-1
2026-08-10 13:45:10,9.984375,-1
2026-08-10 13:45:10,9.984375,-1
2026-08-10 13:45:10,9.625,-1
2026-08-10 13:45:10,9.625,-1
2026-08-10 13:45:10,9.53125,-1
2026-08-10 13:45:10,9.53125,-1
2026-08-10 13:45:10,9.40625,-1
2026-08-10 13:45:10,9.40625,-1
2026-08-10 13:45:11,9.171875,-1
2026-08-10 13:45:11,9.171875,-1
2026-08-10 13:45:11,9.21875,-1
2026-08-10 13:45:11,9.21875,-1
2026-08-10 13:45:11,9.359375,-1
2026-08-10 13:45:11,9.359375,-1
2026-08-10 13:45:11,9.4375,-1
2026-08-10 13:45:11,9.4375,-1
2026-08-10 13:45:11,9.375,-1
2026-08-10 13:45:11,9.375,-1
2026-08-10 13:45:11,9.234375,-1
2026-08-10 13:45:11,9.234375,-1
2026-08-10 13:45:11,9.171875,-1
2026-08-10 13:45:11,9.171875,-1
2026-08-10 13:45:11,9.34375,-1
2026-08-10 13:45:11,9.34375,-1
2026-08-10 13:45:11,9.4375,-1
2026-08-10 13:45:11,9.4375,-1
2026-08-10 13:45:11,9.5625,-1
2026-08-10 13:45:11,9.5625,-1
2026-08-10 13:45:12,9.578125,-1
2026-08-10 13:45:12,9.578125,-1
2026-08-10 13:45:12,9.78125,-1
2026-08-10 13:45:12,9.78125,-1
2026-08-10 13:45:12,9.84375,-1
2026-08-10 13:45:12,9.84375,-1
2026-08-10 13:45:12,9.8125,-1
2026-08-10 13:45:12,9.8125,-1
2026-08-10 13:45:12,9.78125,-1
2026-08-10 13:45:12,9.78125,-1
2026-08-10 13:45:12,9.609375,-1
2026-08-10 13:45:12,9.609375,-1
2026-08-10 13:45:12,9.640625,-1
2026-08-10 13:45:12,9.640625,-1
2026-08-10 13:45:12,9.625,-1
2026-08-10 13:45:12,9.625,-1
2026-08-10 13:45:12,9.125,-1
2026-08-10 13:45:12,9.125,-1
2026-08-10 13:45:12,9.09375,-1
2026-08-10 13:45:12,9.09375,-1
2026-08-10 13:45:13,9.03125,-1
2026-08-10 13:45:13,9.03125,-1
2026-08-10 13:45:13,8.96875,-1
2026-08-10 13:45:13,8.96875,-1
2026-08-10 13:45:13,8.578125,-1
2026-08-10 13:45:13,8.578125,-1
2026-08-10 13:45:13,8.609375,-1
2026-08-10 13:45:13,8.609375,-1
2026-08-10 13:45:13,8.640625,-1
2026-08-10 13:45:13,8.640625,-1
2026-08-10 13:45:13,8.71875,-1
2026-08-10 13:45:13,8.71875,-1
2026-08-10 13:45:13,8.46875,-1
2026-08-10 13:45:13,8.46875,-1
2026-08-10 13:45:13,8.4375,-1
2026-08-10 13:45:13,8.4375,-1
2026-08-10 13:45:13,8.390625,-1
2026-08-10 13:45:13,8.390625,-1
2026-08-10 13:45:13,8.09375,-1
2026-08-10 13:45:13,8.09375,-1
2026-08-10 13:45:14,8.140625,-1
2026-08-10 13:45:14,8.140625,-1
2026-08-10 13:45:14,8.140625,-1
2026-08-10 13:45:14,8.140625,-1
2026-08-10 13:45:14,8.109375,-1
2026-08-10 13:45:14,8.109375,-1
2026-08-10 13:45:14,7.671875,-1
2026-08-10 13:45:14,7.671875,-1
2026-08-10 13:45:14,7.65625,-1
2026-08-10 13:45:14,7.65625,-1
2026-08-10 13:45:14,7.671875,-1
2026-08-10 13:45:14,7.671875,-1
2026-08-10 13:45:14,7.984375,-1
2026-08-10 13:45:14,7.984375,-1
2026-08-10 13:45:14,7.96875,-1
2026-08-10 13:45:14,7.96875,-1
2026-08-10 13:45:14,8.015625,-1
2026-08-10 13:45:14,8.015625,-1
2026-08-10 13:45:14,7.984375,-1
2026-08-10 13:45:14,7.984375,-1
2026-08-10 13:45:15,9.203125,-1
2026-08-10 13:45:15,9.203125,-1
2026-08-10 13:45:15,9.234375,-1
2026-08-10 13:45:15,9.234375,-1
2026-08-10 13:45:15,9.3125,-1
2026-08-10 13:45:15,9.3125,-1
2026-08-10 13:45:15,9.375,-1
2026-08-10 13:45:15,9.375,-1
2026-08-10 13:45:15,11.953125,-1
2026-08-10 13:45:15,11.953125,-1
2026-08-10 13:45:15,12.015625,-1
2026-08-10 13:45:15,12.015625,-1
2026-08-10 13:45:15,12.109375,-1
2026-08-10 13:45:15,12.109375,-1
2026-08-10 13:45:15,13.625,-1
2026-08-10 13:45:15,13.625,-1
2026-08-10 13:45:15,13.65625,-1
2026-08-10 13:45:15,13.65625,-1
2026-08-10 13:45:15,13.609375,-1
2026-08-10 13:45:15,13.609375,-1
2026-08-10 13:45:16,13.59375,-1
2026-08-10 13:45:16,13.59375,-1
2026-08-10 13:45:16,15.6875,-1
2026-08-10 13:45:16,15.6875,-1
2026-08-10 13:45:16,15.84375,-1
2026-08-10 13:45:16,15.84375,-1
2026-08-10 13:45:16,15.84375,-1
2026-08-10 13:45:16,15.84375,-1
2026-08-10 13:45:16,15.84375,-1
2026-08-10 13:45:16,15.84375,-1
2026-08-10 13:45:16,16.71875,-1
2026-08-10 13:45:16,16.71875,-1
2026-08-10 13:45:16,16.59375,-1
2026-08-10 13:45:16,16.59375,-1
2026-08-10 13:45:16,16.40625,-1
2026-08-10 13:45:16,16.40625,-1
2026-08-10 13:45:16,16.375,-1
2026-08-10 13:45:16,16.375,-1
2026-08-10 13:45:16,16.375,-1
2026-08-10 13:45:16,16.375,-1
2026-08-10 13:45:17,16.296875,-1
2026-08-10 13:45:17,16.296875,-1
2026-08-10 13:45:17,14.640625,-1
2026-08-10 13:45:17,14.640625,-1
2026-08-10 13:45:17,14.515625,-1
2026-08-10 13:45:17,14.515625,-1
2026-08-10 13:45:17,14.296875,-1
2026-08-10 13:45:17,14.296875,-1
2026-08-10 13:45:17,14.15625,-1
2026-08-10 13:45:17,14.15625,-1
2026-08-10 13:45:17,13.375,-1
2026-08-10 13:45:17,13.375,-1
2026-08-10 13:45:17,13.359375,-1
2026-08-10 13:45:17,13.359375,-1
2026-08-10 13:45:17,13.421875,-1
2026-08-10 13:45:17,13.421875,-1
2026-08-10 13:45:17,13.5,-1
2026-08-10 13:45:17,13.5,-1
2026-08-10 13:45:17,13.046875,-1
2026-08-10 13:45:17,13.046875,-1
2026-08-10 13:45:18,13.03125,-1
2026-08-10 13:45:18,13.03125,-1
2026-08-10 13:45:18,12.9375,-1
2026-08-10 13:45:18,12.9375,-1
2026-08-10 13:45:18,11.703125,-1
2026-08-10 13:45:18,11.703125,-1
2026-08-10 13:45:18,11.484375,-1
2026-08-10 13:45:18,11.484375,-1
2026-08-10 13:45:18,11.453125,-1
2026-08-10 13:45:18,11.453125,-1
2026-08-10 13:45:18,11.4375,-1
2026-08-10 13:45:18,11.4375,-1
2026-08-10 13:45:18,9.203125,-1
2026-08-10 13:45:18,9.203125,-1
2026-08-10 13:45:18,9.25,-1
2026-08-10 13:45:18,9.25,-1
2026-08-10 13:45:18,9.171875,-1
2026-08-10 13:45:18,9.171875,-1
2026-08-10 13:45:18,5.546875,-1
2026-08-10 13:45:18,5.546875,-1
2026-08-10 13:45:19,5.390625,-1
2026-08-10 13:45:19,5.390625,-1
2026-08-10 13:45:19,5.0625,-1
2026-08-10 13:45:19,5.0625,-1
2026-08-10 13:45:19,4.953125,-1
2026-08-10 13:45:19,4.953125,-1
2026-08-10 13:45:19,2.953125,-1
2026-08-10 13:45:19,2.953125,-1
2026-08-10 13:45:19,2.984375,-1
2026-08-10 13:45:19,2.984375,-1
2026-08-10 13:45:19,3.015625,-1
2026-08-10 13:45:19,3.015625,-1
2026-08-10 13:45:19,2.5,-1
2026-08-10 13:45:19,2.5,-1
2026-08-10 13:45:19,2.5,-1
2026-08-10 13:45:19,2.5,-1
2026-08-10 13:45:19,2.34375,-1
2026-08-10 13:45:19,2.34375,-1
2026-08-10 13:45:19,2.34375,-1
2026-08-10 13:45:19,2.34375,-1
2026-08-10 13:45:20,1.796875,-1
2026-08-10 13:45:20,1.796875,-1
2026-08-10 13:45:20,1.765625,-1
2026-08-10 13:45:20,1.765625,-1
2026-08-10 13:45:20,1.71875,-1
2026-08-10 13:45:20,1.71875,-1
2026-08-10 13:45:20,1.71875,-1
2026-08-10 13:45:20,1.71875,-1
2026-08-10 13:45:20,1.4375,-1
2026-08-10 13:45:20,1.4375,-1
2026-08-10 13:45:20,1.421875,-1
2026-08-10 13:45:20,1.421875,-1
2026-08-10 13:45:20,1.4375,-1
2026-08-10 13:45:20,1.4375,-1
2026-08-10 13:45:20,1.3125,-1
2026-08-10 13:45:20,1.3125,-1
2026-08-10 13:45:20,1.25,-1
2026-08-10 13:45:20,1.25,-1
2026-08-10 13:45:20,1.234375,-1
2026-08-10 13:45:20,1.234375,-1
2026-08-10 13:45:21,1.234375,-1
2026-08-10 13:45:21,1.234375,-1
2026-08-10 13:45:21,0.921875,-1
2026-08-10 13:45:21,0.921875,-1
2026-08-10 13:45:21,1.109375,-1
2026-08-10 13:45:21,1.109375,-1
2026-08-10 13:45:21,1.109375,-1
2026-08-10 13:45:21,1.109375,-1
2026-08-10 13:45:21,1.3125,-1
2026-08-10 13:45:21,1.3125,-1
2026-08-10 13:45:21,1.3125,-1
2026-08-10 13:45:21,1.3125,-1
2026-08-10 13:45:21,1.296875,-1
2026-08-10 13:45:21,1.296875,-1
2026-08-10 13:45:21,1.140625,-1
2026-08-10 13:45:21,1.140625,-1
2026-08-10 13:45:21,3.0625,-1
2026-08-10 13:45:21,3.0625,-1
2026-08-10 13:45:21,3.109375,-1
2026-08-10 13:45:21,3.109375,-1
2026-08-10 13:45:22,3.125,-1
2026-08-10 13:45:22,3.125,-1
2026-08-10 13:45:22,5.65625,-1
2026-08-10 13:45:22,5.65625,-1
2026-08-10 13:45:22,5.6875,-1
2026-08-10 13:45:22,5.6875,-1
2026-08-10 13:45:22,6.046875,-1
2026-08-10 13:45:22,6.046875,-1
2026-08-10 13:45:22,6.46875,-1
2026-08-10 13:45:22,6.46875,-1
2026-08-10 13:45:22,8.53125,-1
2026-08-10 13:45:22,8.53125,-1
2026-08-10 13:45:22,9.25,-1
2026-08-10 13:45:22,9.25,-1
2026-08-10 13:45:22,9.34375,-1
2026-08-10 13:45:22,9.34375,-1
2026-08-10 13:45:22,9.0,-1
2026-08-10 13:45:22,9.0,-1
2026-08-10 13:45:22,6.921875,-1
2026-08-10 13:45:22,6.921875,-1
2026-08-10 13:45:23,6.015625,-1
2026-08-10 13:45:23,6.015625,-1
2026-08-10 13:45:23,5.203125,-1
2026-08-10 13:45:23,5.203125,-1
2026-08-10 13:45:23,3.25,-1
2026-08-10 13:45:23,3.25,-1
2026-08-10 13:45:23,3.109375,-1
2026-08-10 13:45:23,3.109375,-1
2026-08-10 13:45:23,3.078125,-1
2026-08-10 13:45:23,3.078125,-1
2026-08-10 13:45:23,3.171875,-1
2026-08-10 13:45:23,3.171875,-1
2026-08-10 13:45:23,2.703125,-1
2026-08-10 13:45:23,2.703125,-1
2026-08-10 13:45:23,3.046875,-1
2026-08-10 13:45:23,3.046875,-1
2026-08-10 13:45:23,3.140625,-1
2026-08-10 13:45:23,3.140625,-1
2026-08-10 13:45:23,2.125,-1
2026-08-10 13:45:23,2.125,-1
2026-08-10 13:45:24,1.765625,-1
2026-08-10 13:45:24,1.765625,-1
2026-08-10 13:45:24,1.65625,-1
2026-08-10 13:45:24,1.65625,-1
2026-08-10 13:45:24,1.421875,-1
2026-08-10 13:45:24,1.421875,-1
2026-08-10 13:45:24,0.765625,-1
2026-08-10 13:45:24,0.765625,-1
2026-08-10 13:45:24,0.765625,-1
2026-08-10 13:45:24,0.765625,-1
2026-08-10 13:45:24,1.0,-1
2026-08-10 13:45:24,1.0,-1
2026-08-10 13:45:24,1.0,-1
2026-08-10 13:45:24,1.0,-1
2026-08-10 13:45:24,0.921875,-1
2026-08-10 13:45:24,0.921875,-1
2026-08-10 13:45:24,0.921875,-1
2026-08-10 13:45:24,0.921875,-1
2026-08-10 13:45:24,0.921875,-1
2026-08-10 13:45:24,0.921875,-1
2026-08-10 13:45:25,1.6875,-1
2026-08-10 13:45:25,1.6875,-1
2026-08-10 13:45:25,1.75,-1
2026-08-10 13:45:25,1.75,-1
2026-08-10 13:45:25,2.015625,-1
2026-08-10 13:45:25,2.015625,-1
2026-08-10 13:45:25,2.09375,-1
2026-08-10 13:45:25,2.09375,-1
2026-08-10 13:45:25,3.984375,-1
2026-08-10 13:45:25,3.984375,-1
2026-08-10 13:45:25,4.359375,-1
2026-08-10 13:45:25,4.359375,-1
2026-08-10 13:45:25,4.5,-1
2026-08-10 13:45:25,4.5,-1
2026-08-10 13:45:25,4.5,-1
2026-08-10 13:45:25,4.5,-1
2026-08-10 13:45:25,9.34375,-1
2026-08-10 13:45:25,9.34375,-1
2026-08-10 13:45:25,9.5,-1
2026-08-10 13:45:25,9.5,-1
2026-08-10 13:45:26,9.703125,-1
2026-08-10 13:45:26,9.703125,-1
2026-08-10 13:45:26,11.609375,-1
2026-08-10 13:45:26,11.609375,-1
2026-08-10 13:45:26,11.546875,-1
2026-08-10 13:45:26,11.546875,-1
2026-08-10 13:45:26,11.859375,-1
2026-08-10 13:45:26,11.859375,-1
2026-08-10 13:45:26,11.578125,-1
2026-08-10 13:45:26,11.578125,-1
2026-08-10 13:45:26,13.765625,-1
2026-08-10 13:45:26,13.765625,-1
2026-08-10 13:45:26,13.484375,-1
2026-08-10 13:45:26,13.484375,-1
2026-08-10 13:45:26,13.28125,-1
2026-08-10 13:45:26,13.28125,-1
2026-08-10 13:45:26,16.421875,-1
2026-08-10 13:45:26,16.421875,-1
2026-08-10 13:45:26,16.984375,-1
2026-08-10 13:45:26,16.984375,-1
2026-08-10 13:45:27,17.59375,-1
2026-08-10 13:45:27,17.59375,-1
2026-08-10 13:45:27,17.84375,-1
2026-08-10 13:45:27,17.84375,-1
2026-08-10 13:45:27,20.140625,-1
2026-08-10 13:45:27,20.140625,-1
2026-08-10 13:45:27,20.15625,-1
2026-08-10 13:45:27,20.15625,-1
2026-08-10 13:45:27,20.0625,-1
2026-08-10 13:45:27,20.0625,-1
2026-08-10 13:45:27,22.375,-1
2026-08-10 13:45:27,22.375,-1
2026-08-10 13:45:27,22.328125,-1
2026-08-10 13:45:27,22.328125,-1
2026-08-10 13:45:27,22.359375,-1
2026-08-10 13:45:27,22.359375,-1
2026-08-10 13:45:27,22.1875,-1
2026-08-10 13:45:27,22.1875,-1
2026-08-10 13:45:27,22.328125,-1
2026-08-10 13:45:27,22.328125,-1
2026-08-10 13:45:28,22.15625,-1
2026-08-10 13:45:28,22.15625,-1
2026-08-10 13:45:28,22.125,-1
2026-08-10 13:45:28,22.125,-1
2026-08-10 13:45:28,20.703125,-1
2026-08-10 13:45:28,20.703125,-1
2026-08-10 13:45:28,20.671875,-1
2026-08-10 13:45:28,20.671875,-1
2026-08-10 13:45:28,20.671875,-1
2026-08-10 13:45:28,20.671875,-1
2026-08-10 13:45:28,20.71875,-1
2026-08-10 13:45:28,20.71875,-1
2026-08-10 13:45:28,19.609375,-1
2026-08-10 13:45:28,19.609375,-1
2026-08-10 13:45:28,19.3125,-1
2026-08-10 13:45:28,19.3125,-1
2026-08-10 13:45:28,19.078125,-1
2026-08-10 13:45:28,19.078125,-1
2026-08-10 13:45:28,18.21875,-1
2026-08-10 13:45:28,18.21875,-1
2026-08-10 13:45:29,18.125,-1
2026-08-10 13:45:29,18.125,-1
2026-08-10 13:45:29,18.109375,-1
2026-08-10 13:45:29,18.109375,-1
2026-08-10 13:45:29,18.125,-1
2026-08-10 13:45:29,18.125,-1
2026-08-10 13:45:29,17.765625,-1
2026-08-10 13:45:29,17.765625,-1
2026-08-10 13:45:29,17.703125,-1
2026-08-10 13:45:29,17.703125,-1
2026-08-10 13:45:29,17.65625,-1
2026-08-10 13:45:29,17.65625,-1
2026-08-10 13:45:29,17.59375,-1
2026-08-10 13:45:29,17.59375,-1
2026-08-10 13:45:29,18.609375,-1
2026-08-10 13:45:29,18.609375,-1
2026-08-10 13:45:29,18.5625,-1
2026-08-10 13:45:29,18.5625,-1
2026-08-10 13:45:29,18.78125,-1
2026-08-10 13:45:29,18.78125,-1
2026-08-10 13:45:30,17.828125,-1
2026-08-10 13:45:30,17.828125,-1
2026-08-10 13:45:30,17.765625,-1
2026-08-10 13:45:30,17.765625,-1
2026-08-10 13:45:30,17.796875,-1
2026-08-10 13:45:30,17.796875,-1
2026-08-10 13:45:30,17.765625,-1
2026-08-10 13:45:30,17.765625,-1
2026-08-10 13:45:30,17.421875,-1
2026-08-10 13:45:30,17.421875,-1
2026-08-10 13:45:30,17.421875,-1
2026-08-10 13:45:30,17.421875,-1
2026-08-10 13:45:30,17.4375,-1
2026-08-10 13:45:30,17.4375,-1
2026-08-10 13:45:30,17.234375,-1
2026-08-10 13:45:30,17.234375,-1
2026-08-10 13:45:30,17.234375,-1
2026-08-10 13:45:30,17.234375,-1
2026-08-10 13:45:30,17.296875,-1
2026-08-10 13:45:30,17.296875,-1
2026-08-10 13:45:31,17.21875,-1
2026-08-10 13:45:31,17.21875,-1
2026-08-10 13:45:31,17.4375,-1
2026-08-10 13:45:31,17.4375,-1
2026-08-10 13:45:31,17.5,-1
2026-08-10 13:45:31,17.5,-1
2026-08-10 13:45:31,17.65625,-1
2026-08-10 13:45:31,17.65625,-1
2026-08-10 13:45:31,15.625,-1
2026-08-10 13:45:31,15.625,-1
2026-08-10 13:45:31,15.4375,-1
2026-08-10 13:45:31,15.4375,-1
2026-08-10 13:45:31,15.3125,-1
2026-08-10 13:45:31,15.3125,-1
2026-08-10 13:45:31,14.8125,-1
2026-08-10 13:45:31,14.8125,-1
2026-08-10 13:45:31,12.03125,-1
2026-08-10 13:45:31,12.03125,-1
2026-08-10 13:45:31,11.75,-1
2026-08-10 13:45:31,11.75,-1
2026-08-10 13:45:32,11.671875,-1
2026-08-10 13:45:32,11.671875,-1
2026-08-10 13:45:32,11.65625,-1
2026-08-10 13:45:32,11.65625,-1
2026-08-10 13:45:32,10.40625,-1
2026-08-10 13:45:32,10.40625,-1
2026-08-10 13:45:32,10.390625,-1
2026-08-10 13:45:32,10.390625,-1
2026-08-10 13:45:32,10.3125,-1
2026-08-10 13:45:32,10.3125,-1
2026-08-10 13:45:32,8.859375,-1
2026-08-10 13:45:32,8.859375,-1
2026-08-10 13:45:32,8.8125,-1
2026-08-10 13:45:32,8.8125,-1
2026-08-10 13:45:32,8.796875,-1
2026-08-10 13:45:32,8.796875,-1
2026-08-10 13:45:32,8.8125,-1
2026-08-10 13:45:32,8.8125,-1
2026-08-10 13:45:32,7.453125,-1
2026-08-10 13:45:32,7.453125,-1
2026-08-10 13:45:33,7.40625,-1
2026-08-10 13:45:33,7.40625,-1
2026-08-10 13:45:33,7.3125,-1
2026-08-10 13:45:33,7.3125,-1
2026-08-10 13:45:33,6.015625,-1
2026-08-10 13:45:33,6.015625,-1
2026-08-10 13:45:33,5.890625,-1
2026-08-10 13:45:33,5.890625,-1
2026-08-10 13:45:33,5.71875,-1
2026-08-10 13:45:33,5.71875,-1
2026-08-10 13:45:33,4.5625,-1
2026-08-10 13:45:33,4.5625,-1
2026-08-10 13:45:33,4.484375,-1
2026-08-10 13:45:33,4.484375,-1
2026-08-10 13:45:33,4.4375,-1
2026-08-10 13:45:33,4.4375,-1
2026-08-10 13:45:33,4.375,-1
2026-08-10 13:45:33,4.375,-1
2026-08-10 13:45:33,4.125,-1
2026-08-10 13:45:33,4.125,-1
2026-08-10 13:45:34,4.328125,-1
2026-08-10 13:45:34,4.328125,-1
2026-08-10 13:45:34,4.421875,-1
2026-08-10 13:45:34,4.421875,-1
2026-08-10 13:45:34,4.46875,-1
2026-08-10 13:45:34,4.46875,-1
2026-08-10 13:45:34,5.484375,-1
2026-08-10 13:45:34,5.484375,-1
2026-08-10 13:45:34,5.5625,-1
2026-08-10 13:45:34,5.5625,-1
2026-08-10 13:45:34,5.5625,-1
2026-08-10 13:45:34,5.5625,-1
2026-08-10 13:45:34,5.5625,-1
2026-08-10 13:45:34,5.5625,-1
2026-08-10 13:45:34,7.1875,-1
2026-08-10 13:45:34,7.1875,-1
2026-08-10 13:45:34,7.484375,-1
2026-08-10 13:45:34,7.484375,-1
2026-08-10 13:45:34,7.78125,-1
2026-08-10 13:45:34,7.78125,-1
2026-08-10 13:45:35,9.25,-1
2026-08-10 13:45:35,9.25,-1
2026-08-10 13:45:35,8.859375,-1
2026-08-10 13:45:35,8.859375,-1
2026-08-10 13:45:35,8.390625,-1
2026-08-10 13:45:35,8.390625,-1
2026-08-10 13:45:35,6.53125,-1
2026-08-10 13:45:35,6.53125,-1
2026-08-10 13:45:35,6.390625,-1
2026-08-10 13:45:35,6.390625,-1
2026-08-10 13:45:35,6.328125,-1
2026-08-10 13:45:35,6.328125,-1
2026-08-10 13:45:35,6.53125,-1
2026-08-10 13:45:35,6.53125,-1
2026-08-10 13:45:35,7.296875,-1
2026-08-10 13:45:35,7.296875,-1
2026-08-10 13:45:35,7.5625,-1
2026-08-10 13:45:35,7.5625,-1
2026-08-10 13:45:35,7.71875,-1
2026-08-10 13:45:35,7.71875,-1
2026-08-10 13:45:36,7.625,-1
2026-08-10 13:45:36,7.625,-1
2026-08-10 13:45:36,6.203125,-1
2026-08-10 13:45:36,6.203125,-1
2026-08-10 13:45:36,6.0625,-1
2026-08-10 13:45:36,6.0625,-1
2026-08-10 13:45:36,6.015625,-1
2026-08-10 13:45:36,6.015625,-1
2026-08-10 13:45:36,6.015625,-1
2026-08-10 13:45:36,6.015625,-1
2026-08-10 13:45:36,6.78125,-1
2026-08-10 13:45:36,6.78125,-1
2026-08-10 13:45:36,6.921875,-1
2026-08-10 13:45:36,6.921875,-1
2026-08-10 13:45:36,6.921875,-1
2026-08-10 13:45:36,6.921875,-1
2026-08-10 13:45:36,6.390625,-1
2026-08-10 13:45:36,6.390625,-1
2026-08-10 13:45:36,6.328125,-1
2026-08-10 13:45:36,6.328125,-1
2026-08-10 13:45:37,6.328125,-1
2026-08-10 13:45:37,6.328125,-1
2026-08-10 13:45:37,6.328125,-1
2026-08-10 13:45:37,6.328125,-1
2026-08-10 13:45:37,8.375,-1
2026-08-10 13:45:37,8.375,-1
2026-08-10 13:45:37,8.453125,-1
2026-08-10 13:45:37,8.453125,-1
2026-08-10 13:45:37,8.703125,-1
2026-08-10 13:45:37,8.703125,-1
2026-08-10 13:45:37,8.703125,-1
2026-08-10 13:45:37,8.703125,-1
2026-08-10 13:45:37,7.8125,-1
2026-08-10 13:45:37,7.8125,-1
2026-08-10 13:45:37,8.078125,-1
2026-08-10 13:45:37,8.078125,-1
2026-08-10 13:45:37,8.640625,-1
2026-08-10 13:45:37,8.640625,-1
2026-08-10 13:45:37,10.46875,-1
2026-08-10 13:45:37,10.46875,-1
2026-08-10 13:45:38,10.703125,-1
2026-08-10 13:45:38,10.703125,-1
2026-08-10 13:45:38,10.671875,-1
2026-08-10 13:45:38,10.671875,-1
2026-08-10 13:45:38,9.640625,-1
2026-08-10 13:45:38,9.640625,-1
2026-08-10 13:45:38,9.21875,-1
2026-08-10 13:45:38,9.21875,-1
2026-08-10 13:45:38,8.890625,-1
2026-08-10 13:45:38,8.890625,-1
2026-08-10 13:45:38,8.6875,-1
2026-08-10 13:45:38,8.6875,-1
2026-08-10 13:45:38,10.3125,-1
2026-08-10 13:45:38,10.3125,-1
2026-08-10 13:45:38,10.984375,-1
2026-08-10 13:45:38,10.984375,-1
2026-08-10 13:45:38,11.21875,-1
2026-08-10 13:45:38,11.21875,-1
2026-08-10 13:45:38,13.453125,-1
2026-08-10 13:45:38,13.453125,-1
2026-08-10 13:45:39,13.46875,-1
2026-08-10 13:45:39,13.46875,-1
2026-08-10 13:45:39,13.515625,-1
2026-08-10 13:45:39,13.515625,-1
2026-08-10 13:45:39,13.515625,-1
2026-08-10 13:45:39,13.515625,-1
2026-08-10 13:45:39,16.6875,-1
2026-08-10 13:45:39,16.6875,-1
2026-08-10 13:45:39,16.890625,-1
2026-08-10 13:45:39,16.890625,-1
2026-08-10 13:45:39,17.203125,-1
2026-08-10 13:45:39,17.203125,-1
2026-08-10 13:45:39,18.53125,-1
2026-08-10 13:45:39,18.53125,-1
2026-08-10 13:45:39,18.46875,-1
2026-08-10 13:45:39,18.46875,-1
2026-08-10 13:45:39,18.59375,-1
2026-08-10 13:45:39,18.59375,-1
2026-08-10 13:45:39,18.546875,-1
2026-08-10 13:45:39,18.546875,-1
2026-08-10 13:45:40,19.140625,-1
2026-08-10 13:45:40,19.140625,-1
2026-08-10 13:45:40,19.171875,-1
2026-08-10 13:45:40,19.171875,-1
2026-08-10 13:45:40,19.09375,-1
2026-08-10 13:45:40,19.09375,-1
2026-08-10 13:45:40,18.046875,-1
2026-08-10 13:45:40,18.046875,-1
2026-08-10 13:45:40,18.046875,-1
2026-08-10 13:45:40,18.046875,-1
2026-08-10 13:45:40,17.84375,-1
2026-08-10 13:45:40,17.84375,-1
2026-08-10 13:45:40,17.84375,-1
2026-08-10 13:45:40,17.84375,-1
2026-08-10 13:45:40,17.34375,-1
2026-08-10 13:45:40,17.34375,-1
2026-08-10 13:45:40,17.25,-1
2026-08-10 13:45:40,17.25,-1
2026-08-10 13:45:40,17.171875,-1
2026-08-10 13:45:40,17.171875,-1
2026-08-10 13:45:41,17.09375,-1
2026-08-10 13:45:41,17.09375,-1
2026-08-10 13:45:41,17.078125,-1
2026-08-10 13:45:41,17.078125,-1
2026-08-10 13:45:41,17.09375,-1
2026-08-10 13:45:41,17.09375,-1
2026-08-10 13:45:41,17.046875,-1
2026-08-10 13:45:41,17.046875,-1
2026-08-10 13:45:41,17.046875,-1
2026-08-10 13:45:41,17.046875,-1
2026-08-10 13:45:41,17.125,-1
2026-08-10 13:45:41,17.125,-1
2026-08-10 13:45:41,17.234375,-1
2026-08-10 13:45:41,17.234375,-1
2026-08-10 13:45:41,17.25,-1
2026-08-10 13:45:41,17.25,-1
2026-08-10 13:45:41,18.171875,-1
2026-08-10 13:45:41,18.171875,-1
2026-08-10 13:45:41,18.109375,-1
2026-08-10 13:45:41,18.109375,-1
2026-08-10 13:45:42,18.1875,-1
2026-08-10 13:45:42,18.1875,-1
2026-08-10 13:45:42,17.171875,-1
2026-08-10 13:45:42,17.171875,-1
2026-08-10 13:45:42,17.109375,-1
2026-08-10 13:45:42,17.109375,-1
2026-08-10 13:45:42,17.140625,-1
2026-08-10 13:45:42,17.140625,-1
2026-08-10 13:45:42,17.0625,-1
2026-08-10 13:45:42,17.0625,-1
2026-08-10 13:45:42,17.421875,-1
2026-08-10 13:45:42,17.421875,-1
2026-08-10 13:45:42,17.296875,-1
2026-08-10 13:45:42,17.296875,-1
2026-08-10 13:45:42,17.109375,-1
2026-08-10 13:45:42,17.109375,-1
2026-08-10 13:45:42,16.21875,-1
2026-08-10 13:45:42,16.21875,-1
2026-08-10 13:45:42,16.15625,-1
2026-08-10 13:45:42,16.15625,-1
2026-08-10 13:45:43,16.171875,-1
2026-08-10 13:45:43,16.171875,-1
2026-08-10 13:45:43,16.109375,-1
2026-08-10 13:45:43,16.109375,-1
2026-08-10 13:45:43,15.8125,-1
2026-08-10 13:45:43,15.8125,-1
2026-08-10 13:45:43,15.71875,-1
2026-08-10 13:45:43,15.71875,-1
2026-08-10 13:45:43,15.71875,-1
2026-08-10 13:45:43,15.71875,-1
2026-08-10 13:45:43,15.140625,-1
2026-08-10 13:45:43,15.140625,-1
2026-08-10 13:45:43,15.0625,-1
2026-08-10 13:45:43,15.0625,-1
2026-08-10 13:45:43,15.046875,-1
2026-08-10 13:45:43,15.046875,-1
2026-08-10 13:45:43,15.109375,-1
2026-08-10 13:45:43,15.109375,-1
2026-08-10 13:45:43,14.4375,-1
2026-08-10 13:45:43,14.4375,-1
2026-08-10 13:45:44,14.203125,-1
2026-08-10 13:45:44,14.203125,-1
2026-08-10 13:45:44,13.953125,-1
2026-08-10 13:45:44,13.953125,-1
2026-08-10 13:45:44,10.484375,-1
2026-08-10 13:45:44,10.484375,-1
2026-08-10 13:45:44,10.171875,-1
2026-08-10 13:45:44,10.171875,-1
2026-08-10 13:45:44,9.75,-1
2026-08-10 13:45:44,9.75,-1
2026-08-10 13:45:44,9.375,-1
2026-08-10 13:45:44,9.375,-1
2026-08-10 13:45:44,5.90625,-1
2026-08-10 13:45:44,5.90625,-1
2026-08-10 13:45:44,5.859375,-1
2026-08-10 13:45:44,5.859375,-1
2026-08-10 13:45:44,5.78125,-1
2026-08-10 13:45:44,5.78125,-1
2026-08-10 13:45:44,5.515625,-1
2026-08-10 13:45:44,5.515625,-1
2026-08-10 13:45:45,1.546875,-1
2026-08-10 13:45:45,1.546875,-1
2026-08-10 13:45:45,0.6875,-1
2026-08-10 13:45:45,0.6875,-1
2026-08-10 13:45:45,0.6875,-1
2026-08-10 13:45:45,0.6875,-1
2026-08-10 13:45:45,0.0,-1
2026-08-10 13:45:45,0.0,-1
2026-08-10 13:45:45,0.0,-1
2026-08-10 13:45:45,0.0,-1
2026-08-10 13:45:45,0.0,-1
2026-08-10 13:45:45,0.0,-1
2026-08-10 13:45:45,0.0,-1
2026-08-10 13:45:45,0.0,-1
2026-08-10 13:45:45,0.0,-1
2026-08-10 13:45:45,0.0,-1
2026-08-10 13:45:45,0.0,-1
2026-08-10 13:45:45,0.0,-1
2026-08-10 13:45:45,0.0,-1
2026-08-10 13:45:45,0.0,-1
2026-08-10 13:45:46,0.0,-1
2026-08-10 13:45:46,0.0,-1
2026-08-10 13:45:46,0.0,-1
2026-08-10 13:45:46,0.0,-1
2026-08-10 13:45:46,0.0,-1
2026-08-10 13:45:46,0.0,-1
2026-08-10 13:45:46,0.0,-1
2026-08-10 13:45:46,0.0,-1
2026-08-10 13:45:46,3.03125,-1
2026-08-10 13:45:46,3.03125,-1
2026-08-10 13:45:46,3.28125,-1
2026-08-10 13:45:46,3.28125,-1
2026-08-10 13:45:46,3.96875,-1
2026-08-10 13:45:46,3.96875,-1
2026-08-10 13:45:46,5.25,-1
2026-08-10 13:45:46,5.25,-1
2026-08-10 13:45:46,4.875,-1
2026-08-10 13:45:46,4.875,-1
2026-08-10 13:45:46,3.640625,-1
2026-08-10 13:45:46,3.640625,-1
2026-08-10 13:45:47,3.21875,-1
2026-08-10 13:45:47,3.21875,-1
2026-08-10 13:45:47,0.328125,-1
2026-08-10 13:45:47,0.328125,-1
2026-08-10 13:45:47,0.328125,-1
2026-08-10 13:45:47,0.328125,-1
2026-08-10 13:45:47,0.328125,-1
2026-08-10 13:45:47,0.328125,-1
2026-08-10 13:45:47,0.0,-1
2026-08-10 13:45:47,0.0,1
2026-08-10 13:45:47,0.0,1
2026-08-10 13:45:47,0.0,1
2026-08-10 13:45:47,0.0,1
2026-08-10 13:45:47,0.0,1
2026-08-10 13:45:47,0.0,1
2026-08-10 13:45:47,0.0,1
2026-08-10 13:45:47,0.0,1
2026-08-10 13:45:47,0.0,1
2026-08-10 13:45:47,0.0,1
2026-08-10 13:45:47,0.0,1
2026-08-10 13:45:48,0.0,1
2026-08-10 13:45:48,0.0,1
2026-08-10 13:45:48,1.078125,1
2026-08-10 13:45:48,1.078125,1
2026-08-10 13:45:48,1.25,1
2026-08-10 13:45:48,1.25,1
2026-08-10 13:45:48,1.25,1
2026-08-10 13:45:48,1.25,1
2026-08-10 13:45:48,1.359375,1
2026-08-10 13:45:48,1.359375,1
2026-08-10 13:45:48,2.46875,1
2026-08-10 13:45:48,2.46875,1
2026-08-10 13:45:48,2.5,1
2026-08-10 13:45:48,2.5,1
2026-08-10 13:45:48,2.515625,1
2026-08-10 13:45:48,2.515625,1
2026-08-10 13:45:48,5.921875,1
2026-08-10 13:45:48,5.921875,1
2026-08-10 13:45:48,5.984375,1
2026-08-10 13:45:48,5.984375,1
2026-08-10 13:45:49,6.03125,1
2026-08-10 13:45:49,6.03125,1
2026-08-10 13:45:49,6.1875,1
2026-08-10 13:45:49,6.1875,1
2026-08-10 13:45:49,10.921875,1
2026-08-10 13:45:49,10.921875,1
2026-08-10 13:45:49,11.734375,1
2026-08-10 13:45:49,11.734375,1
2026-08-10 13:45:49,12.28125,1
2026-08-10 13:45:49,12.28125,1
2026-08-10 13:45:49,16.25,1
2026-08-10 13:45:49,16.25,1
2026-08-10 13:45:49,17.03125,1
2026-08-10 13:45:49,17.03125,1
2026-08-10 13:45:49,17.203125,1
2026-08-10 13:45:49,17.203125,1
2026-08-10 13:45:49,17.6875,1
2026-08-10 13:45:49,17.6875,1
2026-08-10 13:45:49,18.75,1
2026-08-10 13:45:49,18.75,1
2026-08-10 13:45:50,18.828125,1
2026-08-10 13:45:50,18.828125,1
2026-08-10 13:45:50,18.96875,1
2026-08-10 13:45:50,18.96875,1
2026-08-10 13:45:50,17.96875,1
2026-08-10 13:45:50,17.96875,1
2026-08-10 13:45:50,18.203125,1
2026-08-10 13:45:50,18.203125,1
2026-08-10 13:45:50,18.171875,1
2026-08-10 13:45:50,18.171875,1
2026-08-10 13:45:50,18.21875,1
2026-08-10 13:45:50,18.21875,1
2026-08-10 13:45:50,18.734375,1
2026-08-10 13:45:50,18.734375,1
2026-08-10 13:45:50,18.546875,1
2026-08-10 13:45:50,18.546875,1
2026-08-10 13:45:50,18.6875,1
2026-08-10 13:45:50,18.6875,1
2026-08-10 13:45:50,18.59375,1
2026-08-10 13:45:50,18.59375,1
2026-08-10 13:45:51,18.875,1
2026-08-10 13:45:51,18.875,1
2026-08-10 13:45:51,18.859375,1
2026-08-10 13:45:51,18.859375,1
2026-08-10 13:45:51,18.75,1
2026-08-10 13:45:51,18.75,1
2026-08-10 13:45:51,19.421875,1
2026-08-10 13:45:51,19.421875,1
2026-08-10 13:45:51,19.328125,1
2026-08-10 13:45:51,19.328125,1
2026-08-10 13:45:51,19.328125,1
2026-08-10 13:45:51,19.328125,1
2026-08-10 13:45:51,19.3125,1
2026-08-10 13:45:51,19.3125,1
2026-08-10 13:45:51,20.28125,1
2026-08-10 13:45:51,20.28125,1
2026-08-10 13:45:51,20.265625,1
2026-08-10 13:45:51,20.265625,1
2026-08-10 13:45:51,20.40625,1
2026-08-10 13:45:51,20.40625,1
2026-08-10 13:45:52,21.28125,1
2026-08-10 13:45:52,21.28125,1
2026-08-10 13:45:52,21.234375,1
2026-08-10 13:45:52,21.234375,1
2026-08-10 13:45:52,21.359375,1
2026-08-10 13:45:52,21.359375,1
2026-08-10 13:45:52,22.390625,1
2026-08-10 13:45:52,22.390625,1
2026-08-10 13:45:52,22.375,1
2026-08-10 13:45:52,22.375,1
2026-08-10 13:45:52,22.4375,1
2026-08-10 13:45:52,22.4375,1
2026-08-10 13:45:52,22.484375,1
2026-08-10 13:45:52,22.484375,1
2026-08-10 13:45:52,22.640625,1
2026-08-10 13:45:52,22.640625,1
2026-08-10 13:45:52,22.75,1
2026-08-10 13:45:52,22.75,1
2026-08-10 13:45:52,22.65625,1
2026-08-10 13:45:52,22.65625,1
2026-08-10 13:45:53,22.765625,1
2026-08-10 13:45:53,22.765625,1
2026-08-10 13:45:53,22.5625,1
2026-08-10 13:45:53,22.5625,1
2026-08-10 13:45:53,22.578125,1
2026-08-10 13:45:53,22.578125,1
2026-08-10 13:45:53,22.4375,1
2026-08-10 13:45:53,22.4375,1
2026-08-10 13:45:53,21.671875,1
2026-08-10 13:45:53,21.671875,1
2026-08-10 13:45:53,21.625,1
2026-08-10 13:45:53,21.625,1
2026-08-10 13:45:53,21.484375,1
2026-08-10 13:45:53,21.484375,1
2026-08-10 13:45:53,20.96875,1
2026-08-10 13:45:53,20.96875,1
2026-08-10 13:45:53,21.09375,1
2026-08-10 13:45:53,21.09375,1
2026-08-10 13:45:53,21.09375,1
2026-08-10 13:45:53,21.09375,1
2026-08-10 13:45:54,21.09375,1
2026-08-10 13:45:54,21.09375,1
2026-08-10 13:45:54,21.09375,1
2026-08-10 13:45:54,21.09375,1
2026-08-10 13:45:54,21.078125,1
2026-08-10 13:45:54,21.078125,1
2026-08-10 13:45:54,21.109375,1
2026-08-10 13:45:54,21.109375,1
2026-08-10 13:45:54,21.125,1
2026-08-10 13:45:54,21.125,1
2026-08-10 13:45:54,21.375,1
2026-08-10 13:45:54,21.375,1
2026-08-10 13:45:54,21.359375,1
2026-08-10 13:45:54,21.359375,1
2026-08-10 13:45:54,21.375,1
2026-08-10 13:45:54,21.375,1
2026-08-10 13:45:54,22.046875,1
2026-08-10 13:45:54,22.046875,1
2026-08-10 13:45:54,22.09375,1
2026-08-10 13:45:54,22.09375,1
2026-08-10 13:45:55,22.109375,1
2026-08-10 13:45:55,22.109375,1
2026-08-10 13:45:55,22.046875,1
2026-08-10 13:45:55,22.046875,1
2026-08-10 13:45:55,22.140625,1
2026-08-10 13:45:55,22.140625,1
2026-08-10 13:45:55,22.171875,1
2026-08-10 13:45:55,22.171875,1
2026-08-10 13:45:55,22.234375,1
2026-08-10 13:45:55,22.234375,1
2026-08-10 13:45:55,22.34375,1
2026-08-10 13:45:55,22.34375,1
2026-08-10 13:45:55,22.25,1
2026-08-10 13:45:55,22.25,1
2026-08-10 13:45:55,22.390625,1
2026-08-10 13:45:55,22.390625,1
2026-08-10 13:45:55,22.296875,1
2026-08-10 13:45:55,22.296875,1
2026-08-10 13:45:55,22.484375,1
2026-08-10 13:45:55,22.484375,1
2026-08-10 13:45:56,22.375,1
2026-08-10 13:45:56,22.375,1
2026-08-10 13:45:56,22.421875,1
2026-08-10 13:45:56,22.421875,1
2026-08-10 13:45:56,22.421875,1
2026-08-10 13:45:56,22.421875,1
2026-08-10 13:45:56,22.90625,1
2026-08-10 13:45:56,22.90625,1
2026-08-10 13:45:56,22.921875,1
2026-08-10 13:45:56,22.921875,1
2026-08-10 13:45:56,22.90625,1
2026-08-10 13:45:56,22.90625,1
2026-08-10 13:45:56,22.875,1
2026-08-10 13:45:56,22.875,1
2026-08-10 13:45:56,22.9375,1
2026-08-10 13:45:56,22.9375,1
2026-08-10 13:45:56,22.984375,1
2026-08-10 13:45:56,22.984375,1
2026-08-10 13:45:56,23.078125,1
2026-08-10 13:45:56,23.078125,1
2026-08-10 13:45:57,23.15625,1
2026-08-10 13:45:57,23.15625,1
2026-08-10 13:45:57,23.125,1
2026-08-10 13:45:57,23.125,1
2026-08-10 13:45:57,23.09375,1
2026-08-10 13:45:57,23.09375,1
2026-08-10 13:45:57,23.390625,1
2026-08-10 13:45:57,23.390625,1
2026-08-10 13:45:57,23.421875,1
2026-08-10 13:45:57,23.421875,1
2026-08-10 13:45:57,23.609375,1
2026-08-10 13:45:57,23.609375,1
2026-08-10 13:45:57,23.640625,1
2026-08-10 13:45:57,23.640625,1
2026-08-10 13:45:57,23.671875,1
2026-08-10 13:45:57,23.671875,1
2026-08-10 13:45:57,23.703125,1
2026-08-10 13:45:57,23.703125,1
2026-08-10 13:45:57,23.703125,1
2026-08-10 13:45:57,23.703125,1
2026-08-10 13:45:58,23.765625,1
2026-08-10 13:45:58,23.765625,1
2026-08-10 13:45:58,23.796875,1
2026-08-10 13:45:58,23.796875,1
2026-08-10 13:45:58,23.71875,1
2026-08-10 13:45:58,23.71875,1
2026-08-10 13:45:58,23.765625,1
2026-08-10 13:45:58,23.765625,1
2026-08-10 13:45:58,23.578125,1
2026-08-10 13:45:58,23.578125,1
2026-08-10 13:45:58,23.578125,1
2026-08-10 13:45:58,23.578125,1
2026-08-10 13:45:58,23.53125,1
2026-08-10 13:45:58,23.53125,1
2026-08-10 13:45:58,23.859375,1
2026-08-10 13:45:58,23.859375,1
2026-08-10 13:45:58,23.859375,1
2026-08-10 13:45:58,23.859375,1
2026-08-10 13:45:58,23.828125,1
2026-08-10 13:45:58,23.828125,1
2026-08-10 13:45:59,23.78125,1
2026-08-10 13:45:59,23.78125,1
2026-08-10 13:45:59,23.671875,1
2026-08-10 13:45:59,23.671875,1
2026-08-10 13:45:59,23.703125,1
2026-08-10 13:45:59,23.703125,1
2026-08-10 13:45:59,23.765625,1
2026-08-10 13:45:59,23.765625,1
2026-08-10 13:45:59,23.703125,1
2026-08-10 13:45:59,23.703125,1
2026-08-10 13:45:59,23.671875,1
2026-08-10 13:45:59,23.671875,1
2026-08-10 13:45:59,23.734375,1
2026-08-10 13:45:59,23.734375,1
2026-08-10 13:45:59,23.65625,1
2026-08-10 13:45:59,23.65625,1
2026-08-10 13:45:59,23.65625,1
2026-08-10 13:45:59,23.65625,1
2026-08-10 13:45:59,23.421875,1
2026-08-10 13:45:59,23.421875,1
2026-08-10 13:46:00,23.40625,1
2026-08-10 13:46:00,23.40625,1
2026-08-10 13:46:00,23.4375,1
2026-08-10 13:46:00,23.4375,1
2026-08-10 13:46:00,23.125,1
2026-08-10 13:46:00,23.125,1
2026-08-10 13:46:00,22.921875,1
2026-08-10 13:46:00,22.921875,1
2026-08-10 13:46:00,23.015625,1
2026-08-10 13:46:00,23.015625,1
2026-08-10 13:46:00,23.015625,1
2026-08-10 13:46:00,23.015625,1
2026-08-10 13:46:00,22.796875,1
2026-08-10 13:46:00,22.796875,1
2026-08-10 13:46:00,22.625,1
2026-08-10 13:46:00,22.625,1
2026-08-10 13:46:00,22.65625,1
2026-08-10 13:46:00,22.65625,1
2026-08-10 13:46:00,22.9375,1
2026-08-10 13:46:00,22.9375,1
2026-08-10 13:46:01,22.96875,1
2026-08-10 13:46:01,22.96875,1
2026-08-10 13:46:01,23.125,1
2026-08-10 13:46:01,23.125,1
2026-08-10 13:46:01,23.140625,1
2026-08-10 13:46:01,23.140625,1
2026-08-10 13:46:01,23.171875,1
2026-08-10 13:46:01,23.171875,1
2026-08-10 13:46:01,23.15625,1
2026-08-10 13:46:01,23.15625,1
2026-08-10 13:46:01,23.0625,1
2026-08-10 13:46:01,23.0625,1
2026-08-10 13:46:01,22.828125,1
2026-08-10 13:46:01,22.828125,1
2026-08-10 13:46:01,22.703125,1
2026-08-10 13:46:01,22.703125,1
2026-08-10 13:46:01,22.703125,1
2026-08-10 13:46:01,22.703125,1
2026-08-10 13:46:01,22.734375,1
2026-08-10 13:46:01,22.734375,1
2026-08-10 13:46:02,22.453125,1
2026-08-10 13:46:02,22.453125,1
2026-08-10 13:46:02,22.359375,1
2026-08-10 13:46:02,22.359375,1
2026-08-10 13:46:02,22.359375,1
2026-08-10 13:46:02,22.359375,1
2026-08-10 13:46:02,22.125,1
2026-08-10 13:46:02,22.125,1
2026-08-10 13:46:02,22.125,1
2026-08-10 13:46:02,22.125,1
2026-08-10 13:46:02,22.1875,1
2026-08-10 13:46:02,22.1875,1
2026-08-10 13:46:02,21.875,1
2026-08-10 13:46:02,21.875,1
2026-08-10 13:46:02,21.921875,1
2026-08-10 13:46:02,21.921875,1
2026-08-10 13:46:02,21.90625,1
2026-08-10 13:46:02,21.90625,1
2026-08-10 13:46:02,21.875,1
2026-08-10 13:46:02,21.875,1
2026-08-10 13:46:03,21.671875,1
2026-08-10 13:46:03,21.671875,1
2026-08-10 13:46:03,21.671875,1
2026-08-10 13:46:03,21.671875,1
2026-08-10 13:46:03,21.578125,1
2026-08-10 13:46:03,21.578125,1
2026-08-10 13:46:03,21.546875,1
2026-08-10 13:46:03,21.546875,1
2026-08-10 13:46:03,21.546875,1
2026-08-10 13:46:03,21.546875,1
2026-08-10 13:46:03,21.515625,1
2026-08-10 13:46:03,21.515625,1
2026-08-10 13:46:03,21.5,1
2026-08-10 13:46:03,21.5,1
2026-08-10 13:46:03,21.5625,1
2026-08-10 13:46:03,21.5625,1
2026-08-10 13:46:03,21.53125,1
2026-08-10 13:46:03,21.53125,1
2026-08-10 13:46:03,21.484375,1
2026-08-10 13:46:03,21.484375,1
2026-08-10 13:46:04,21.59375,1
2026-08-10 13:46:04,21.59375,1
2026-08-10 13:46:04,21.5,1
2026-08-10 13:46:04,21.5,1
2026-08-10 13:46:04,21.421875,1
2026-08-10 13:46:04,21.421875,1
2026-08-10 13:46:04,21.40625,1
2026-08-10 13:46:04,21.40625,1
2026-08-10 13:46:04,21.265625,1
2026-08-10 13:46:04,21.265625,1
2026-08-10 13:46:04,21.203125,1
2026-08-10 13:46:04,21.203125,1
2026-08-10 13:46:04,21.265625,1
2026-08-10 13:46:04,21.265625,1
2026-08-10 13:46:04,21.203125,1
2026-08-10 13:46:04,21.203125,1
2026-08-10 13:46:04,21.4375,1
2026-08-10 13:46:04,21.4375,1
2026-08-10 13:46:04,21.5,1
2026-08-10 13:46:04,21.5,1
2026-08-10 13:46:05,21.515625,1
2026-08-10 13:46:05,21.515625,1
2026-08-10 13:46:05,21.8125,1
2026-08-10 13:46:05,21.8125,1
2026-08-10 13:46:05,21.875,1
2026-08-10 13:46:05,21.875,1
2026-08-10 13:46:05,21.65625,1
2026-08-10 13:46:05,21.65625,1
2026-08-10 13:46:05,21.703125,1
2026-08-10 13:46:05,21.703125,1
2026-08-10 13:46:05,21.6875,1
2026-08-10 13:46:05,21.6875,1
2026-08-10 13:46:05,21.625,1
2026-08-10 13:46:05,21.625,1
2026-08-10 13:46:05,21.6875,1
2026-08-10 13:46:05,21.6875,1
2026-08-10 13:46:05,21.875,1
2026-08-10 13:46:05,21.875,1
2026-08-10 13:46:05,21.96875,1
2026-08-10 13:46:05,21.96875,1
2026-08-10 13:46:06,21.890625,1
2026-08-10 13:46:06,21.890625,1
2026-08-10 13:46:06,22.078125,1
2026-08-10 13:46:06,22.078125,1
2026-08-10 13:46:06,22.171875,1
2026-08-10 13:46:06,22.171875,1
2026-08-10 13:46:06,22.3125,1
2026-08-10 13:46:06,22.3125,1
2026-08-10 13:46:06,22.28125,1
2026-08-10 13:46:06,22.28125,1
2026-08-10 13:46:06,22.390625,1
2026-08-10 13:46:06,22.390625,1
2026-08-10 13:46:06,22.421875,1
2026-08-10 13:46:06,22.421875,1
2026-08-10 13:46:06,22.46875,1
2026-08-10 13:46:06,22.46875,1
2026-08-10 13:46:06,22.40625,1
2026-08-10 13:46:06,22.40625,1
2026-08-10 13:46:06,22.578125,1
2026-08-10 13:46:06,22.578125,1
2026-08-10 13:46:07,22.59375,1
2026-08-10 13:46:07,22.59375,1
2026-08-10 13:46:07,22.453125,1
2026-08-10 13:46:07,22.453125,1
2026-08-10 13:46:07,22.703125,1
2026-08-10 13:46:07,22.703125,1
2026-08-10 13:46:07,22.703125,1
2026-08-10 13:46:07,22.703125,1
2026-08-10 13:46:07,22.71875,1
2026-08-10 13:46:07,22.71875,1
2026-08-10 13:46:07,22.8125,1
2026-08-10 13:46:07,22.8125,1
2026-08-10 13:46:07,22.921875,1
2026-08-10 13:46:07,22.921875,1
2026-08-10 13:46:07,22.9375,1
2026-08-10 13:46:07,22.9375,1
2026-08-10 13:46:07,22.90625,1
2026-08-10 13:46:07,22.90625,1
2026-08-10 13:46:07,23.015625,1
2026-08-10 13:46:07,23.015625,1
2026-08-10 13:46:08,23.4375,1
2026-08-10 13:46:08,23.4375,1
2026-08-10 13:46:08,23.421875,1
2026-08-10 13:46:08,23.421875,1
2026-08-10 13:46:08,23.4375,1
2026-08-10 13:46:08,23.4375,1
2026-08-10 13:46:08,23.90625,1
2026-08-10 13:46:08,23.90625,1
2026-08-10 13:46:08,23.921875,1
2026-08-10 13:46:08,23.921875,1
2026-08-10 13:46:08,23.921875,1
2026-08-10 13:46:08,23.921875,1
2026-08-10 13:46:08,23.84375,1
2026-08-10 13:46:08,23.84375,1
2026-08-10 13:46:08,24.359375,1
2026-08-10 13:46:08,24.359375,1
2026-08-10 13:46:08,24.515625,1
2026-08-10 13:46:08,24.515625,1
2026-08-10 13:46:08,24.53125,1
2026-08-10 13:46:08,24.53125,1
2026-08-10 13:46:09,24.65625,1
2026-08-10 13:46:09,24.65625,1
2026-08-10 13:46:09,24.46875,1
2026-08-10 13:46:09,24.46875,1
2026-08-10 13:46:09,24.5,1
2026-08-10 13:46:09,24.5,1
2026-08-10 13:46:09,24.5,1
2026-08-10 13:46:09,24.5,1
2026-08-10 13:46:09,24.375,1
2026-08-10 13:46:09,24.375,1
2026-08-10 13:46:09,24.296875,1
2026-08-10 13:46:09,24.296875,1
2026-08-10 13:46:09,24.234375,1
2026-08-10 13:46:09,24.234375,1
2026-08-10 13:46:09,24.234375,1
2026-08-10 13:46:09,24.234375,1
2026-08-10 13:46:09,23.375,1
2026-08-10 13:46:09,23.375,1
2026-08-10 13:46:09,23.328125,1
2026-08-10 13:46:09,23.328125,1
2026-08-10 13:46:10,23.234375,1
2026-08-10 13:46:10,23.234375,1
2026-08-10 13:46:10,22.265625,1
2026-08-10 13:46:10,22.265625,1
2026-08-10 13:46:10,22.65625,1
2026-08-10 13:46:10,22.65625,1
2026-08-10 13:46:10,22.09375,1
2026-08-10 13:46:10,22.09375,1
2026-08-10 13:46:10,22.28125,1
2026-08-10 13:46:10,22.28125,1
2026-08-10 13:46:10,22.421875,1
2026-08-10 13:46:10,22.421875,1
2026-08-10 13:46:10,22.546875,1
2026-08-10 13:46:10,22.546875,1
2026-08-10 13:46:10,22.640625,1
2026-08-10 13:46:10,22.640625,1
2026-08-10 13:46:10,22.703125,1
2026-08-10 13:46:10,22.703125,1
2026-08-10 13:46:10,22.671875,1
2026-08-10 13:46:10,22.671875,1
2026-08-10 13:46:11,22.75,1
2026-08-10 13:46:11,22.75,1
2026-08-10 13:46:11,22.671875,1
2026-08-10 13:46:11,22.671875,1
2026-08-10 13:46:11,22.828125,1
2026-08-10 13:46:11,22.828125,1
2026-08-10 13:46:11,22.828125,1
2026-08-10 13:46:11,22.828125,1
2026-08-10 13:46:11,22.90625,1
2026-08-10 13:46:11,22.90625,1
2026-08-10 13:46:11,22.859375,1
2026-08-10 13:46:11,22.859375,1
2026-08-10 13:46:11,23.15625,1
2026-08-10 13:46:11,23.15625,1
2026-08-10 13:46:11,23.125,1
2026-08-10 13:46:11,23.125,1
2026-08-10 13:46:11,23.171875,1
2026-08-10 13:46:11,23.171875,1
2026-08-10 13:46:11,23.265625,1
2026-08-10 13:46:11,23.265625,1
2026-08-10 13:46:12,23.234375,1
2026-08-10 13:46:12,23.234375,1
2026-08-10 13:46:12,23.3125,1
2026-08-10 13:46:12,23.3125,1
2026-08-10 13:46:12,23.28125,1
2026-08-10 13:46:12,23.28125,1
2026-08-10 13:46:12,23.515625,1
2026-08-10 13:46:12,23.515625,1
2026-08-10 13:46:12,23.578125,1
2026-08-10 13:46:12,23.578125,1
2026-08-10 13:46:12,23.640625,1
2026-08-10 13:46:12,23.640625,1
2026-08-10 13:46:12,23.609375,1
2026-08-10 13:46:12,23.609375,1
2026-08-10 13:46:12,23.4375,1
2026-08-10 13:46:12,23.4375,1
2026-08-10 13:46:12,23.375,1
2026-08-10 13:46:12,23.375,1
2026-08-10 13:46:12,23.46875,1
2026-08-10 13:46:12,23.46875,1
2026-08-10 13:46:13,23.5,1
2026-08-10 13:46:13,23.5,1
2026-08-10 13:46:13,23.453125,1
2026-08-10 13:46:13,23.453125,1
2026-08-10 13:46:13,23.609375,1
2026-08-10 13:46:13,23.609375,1
2026-08-10 13:46:13,23.609375,1
2026-08-10 13:46:13,23.609375,1
2026-08-10 13:46:13,23.609375,1
2026-08-10 13:46:13,23.609375,1
2026-08-10 13:46:13,23.59375,1
2026-08-10 13:46:13,23.59375,1
2026-08-10 13:46:13,23.515625,1
2026-08-10 13:46:13,23.515625,1
2026-08-10 13:46:13,23.703125,1
2026-08-10 13:46:13,23.703125,1
2026-08-10 13:46:13,23.8125,1
2026-08-10 13:46:13,23.8125,1
2026-08-10 13:46:13,23.90625,1
2026-08-10 13:46:13,23.90625,1
2026-08-10 13:46:14,24.203125,1
2026-08-10 13:46:14,24.203125,1
2026-08-10 13:46:14,24.328125,1
2026-08-10 13:46:14,24.328125,1
2026-08-10 13:46:14,24.21875,1
2026-08-10 13:46:14,24.21875,1
2026-08-10 13:46:14,24.1875,1
2026-08-10 13:46:14,24.1875,1
2026-08-10 13:46:14,24.265625,1
2026-08-10 13:46:14,24.265625,1
2026-08-10 13:46:14,24.21875,1
2026-08-10 13:46:14,24.21875,1
2026-08-10 13:46:14,24.265625,1
2026-08-10 13:46:14,24.265625,1
2026-08-10 13:46:14,23.890625,1
2026-08-10 13:46:14,23.890625,1
2026-08-10 13:46:14,24.15625,1
2026-08-10 13:46:14,24.15625,1
2026-08-10 13:46:14,24.125,1
2026-08-10 13:46:14,24.125,1
2026-08-10 13:46:15,24.15625,1
2026-08-10 13:46:15,24.15625,1
2026-08-10 13:46:15,24.34375,1
2026-08-10 13:46:15,24.34375,1
2026-08-10 13:46:15,24.4375,1
2026-08-10 13:46:15,24.4375,1
2026-08-10 13:46:15,24.46875,1
2026-08-10 13:46:15,24.46875,1
2026-08-10 13:46:15,24.46875,1
2026-08-10 13:46:15,24.46875,1
2026-08-10 13:46:15,24.3125,1
2026-08-10 13:46:15,24.3125,1
2026-08-10 13:46:15,24.3125,1
2026-08-10 13:46:15,24.3125,1
2026-08-10 13:46:15,24.296875,1
2026-08-10 13:46:15,24.296875,1
2026-08-10 13:46:15,24.3125,1
2026-08-10 13:46:15,24.3125,1
2026-08-10 13:46:15,24.296875,1
2026-08-10 13:46:15,24.296875,1
2026-08-10 13:46:16,24.328125,1
2026-08-10 13:46:16,24.328125,1
2026-08-10 13:46:16,24.296875,1
2026-08-10 13:46:16,24.296875,1
2026-08-10 13:46:16,24.078125,1
2026-08-10 13:46:16,24.078125,1
2026-08-10 13:46:16,24.03125,1
2026-08-10 13:46:16,24.03125,1
2026-08-10 13:46:16,24.015625,1
2026-08-10 13:46:16,24.015625,1
2026-08-10 13:46:16,24.015625,1
2026-08-10 13:46:16,24.015625,1
2026-08-10 13:46:16,23.75,1
2026-08-10 13:46:16,23.75,1
2026-08-10 13:46:16,23.78125,1
2026-08-10 13:46:16,23.78125,1
2026-08-10 13:46:16,23.71875,1
2026-08-10 13:46:16,23.71875,1
2026-08-10 13:46:16,23.578125,1
2026-08-10 13:46:16,23.578125,1
2026-08-10 13:46:17,23.59375,1
2026-08-10 13:46:17,23.59375,1
2026-08-10 13:46:17,23.515625,1
2026-08-10 13:46:17,23.515625,1
2026-08-10 13:46:17,23.40625,1
2026-08-10 13:46:17,23.40625,1
2026-08-10 13:46:17,23.28125,1
2026-08-10 13:46:17,23.28125,1
2026-08-10 13:46:17,23.265625,1
2026-08-10 13:46:17,23.265625,1
2026-08-10 13:46:17,23.234375,1
2026-08-10 13:46:17,23.234375,1
2026-08-10 13:46:17,23.15625,1
2026-08-10 13:46:17,23.15625,1
2026-08-10 13:46:17,23.125,1
2026-08-10 13:46:17,23.125,1
2026-08-10 13:46:17,23.140625,1
2026-08-10 13:46:17,23.140625,1
2026-08-10 13:46:17,23.0,1
2026-08-10 13:46:17,23.0,1
2026-08-10 13:46:18,23.0625,1
2026-08-10 13:46:18,23.0625,1
2026-08-10 13:46:18,23.109375,1
2026-08-10 13:46:18,23.109375,1
2026-08-10 13:46:18,23.09375,1
2026-08-10 13:46:18,23.09375,1
2026-08-10 13:46:18,22.71875,1
2026-08-10 13:46:18,22.71875,1
2026-08-10 13:46:18,22.765625,1
2026-08-10 13:46:18,22.765625,1
2026-08-10 13:46:18,22.59375,1
2026-08-10 13:46:18,22.59375,1
2026-08-10 13:46:18,22.6875,1
2026-08-10 13:46:18,22.6875,1
2026-08-10 13:46:18,22.53125,1
2026-08-10 13:46:18,22.53125,1
2026-08-10 13:46:18,22.5625,1
2026-08-10 13:46:18,22.5625,1
2026-08-10 13:46:18,22.5625,1
2026-08-10 13:46:18,22.5625,1
2026-08-10 13:46:19,22.421875,1
2026-08-10 13:46:19,22.421875,1
2026-08-10 13:46:19,22.421875,1
2026-08-10 13:46:19,22.421875,1
2026-08-10 13:46:19,22.484375,1
2026-08-10 13:46:19,22.484375,1
2026-08-10 13:46:19,22.453125,1
2026-08-10 13:46:19,22.453125,1
2026-08-10 13:46:19,22.46875,1
2026-08-10 13:46:19,22.46875,1
2026-08-10 13:46:19,22.40625,1
2026-08-10 13:46:19,22.40625,1
2026-08-10 13:46:19,22.328125,1
2026-08-10 13:46:19,22.328125,1
2026-08-10 13:46:19,21.578125,1
2026-08-10 13:46:19,21.578125,1
2026-08-10 13:46:19,21.5,1
2026-08-10 13:46:19,21.5,1
2026-08-10 13:46:19,21.46875,1
2026-08-10 13:46:19,21.46875,1
2026-08-10 13:46:20,21.484375,1
2026-08-10 13:46:20,21.484375,1
2026-08-10 13:46:20,21.890625,1
2026-08-10 13:46:20,21.890625,1
2026-08-10 13:46:20,22.03125,1
2026-08-10 13:46:20,22.03125,1
2026-08-10 13:46:20,22.1875,1
2026-08-10 13:46:20,22.1875,1
2026-08-10 13:46:20,21.984375,1
2026-08-10 13:46:20,21.984375,1
2026-08-10 13:46:20,21.921875,1
2026-08-10 13:46:20,21.921875,1
2026-08-10 13:46:20,21.84375,1
2026-08-10 13:46:20,21.84375,1
2026-08-10 13:46:20,21.65625,1
2026-08-10 13:46:20,21.65625,1
2026-08-10 13:46:20,21.109375,1
2026-08-10 13:46:20,21.109375,1
2026-08-10 13:46:20,21.125,1
2026-08-10 13:46:20,21.125,1
2026-08-10 13:46:21,21.1875,1
2026-08-10 13:46:21,21.1875,1
2026-08-10 13:46:21,21.1875,1
2026-08-10 13:46:21,21.1875,1
2026-08-10 13:46:21,20.53125,1
2026-08-10 13:46:21,20.53125,1
2026-08-10 13:46:21,20.46875,1
2026-08-10 13:46:21,20.46875,1
2026-08-10 13:46:21,20.390625,1
2026-08-10 13:46:21,20.390625,1
2026-08-10 13:46:21,20.75,1
2026-08-10 13:46:21,20.75,1
2026-08-10 13:46:21,20.765625,1
2026-08-10 13:46:21,20.765625,1
2026-08-10 13:46:21,20.78125,1
2026-08-10 13:46:21,20.78125,1
2026-08-10 13:46:21,20.78125,1
2026-08-10 13:46:21,20.78125,1
2026-08-10 13:46:21,20.84375,1
2026-08-10 13:46:21,20.84375,1
2026-08-10 13:46:22,20.9375,1
2026-08-10 13:46:22,20.9375,1
2026-08-10 13:46:22,21.03125,1
2026-08-10 13:46:22,21.03125,1
2026-08-10 13:46:22,21.25,1
2026-08-10 13:46:22,21.25,1
2026-08-10 13:46:22,21.21875,1
2026-08-10 13:46:22,21.21875,1
2026-08-10 13:46:22,21.1875,1
2026-08-10 13:46:22,21.1875,1
2026-08-10 13:46:22,21.125,1
2026-08-10 13:46:22,21.125,1
2026-08-10 13:46:22,20.625,1
2026-08-10 13:46:22,20.625,1
2026-08-10 13:46:22,20.71875,1
2026-08-10 13:46:22,20.71875,1
2026-08-10 13:46:22,20.765625,1
2026-08-10 13:46:22,20.765625,1
2026-08-10 13:46:22,20.71875,1
2026-08-10 13:46:22,20.71875,1
2026-08-10 13:46:23,20.234375,1
2026-08-10 13:46:23,20.234375,1
2026-08-10 13:46:23,20.125,1
2026-08-10 13:46:23,20.125,1
2026-08-10 13:46:23,20.109375,1
2026-08-10 13:46:23,20.109375,1
2026-08-10 13:46:23,20.0,1
2026-08-10 13:46:23,20.0,1
2026-08-10 13:46:23,20.078125,1
2026-08-10 13:46:23,20.078125,1
2026-08-10 13:46:23,20.0,1
2026-08-10 13:46:23,20.0,1
2026-08-10 13:46:23,20.0,1
2026-08-10 13:46:23,20.0,1
2026-08-10 13:46:23,19.75,1
2026-08-10 13:46:23,19.75,1
2026-08-10 13:46:23,19.6875,1
2026-08-10 13:46:23,19.6875,1
2026-08-10 13:46:23,19.640625,1
2026-08-10 13:46:23,19.640625,1
2026-08-10 13:46:24,19.34375,1
2026-08-10 13:46:24,19.34375,1
2026-08-10 13:46:24,19.265625,1
2026-08-10 13:46:24,19.265625,1
2026-08-10 13:46:24,19.359375,1
2026-08-10 13:46:24,19.359375,1
2026-08-10 13:46:24,19.328125,1
2026-08-10 13:46:24,19.328125,1
2026-08-10 13:46:24,19.21875,1
2026-08-10 13:46:24,19.21875,1
2026-08-10 13:46:24,19.171875,1
2026-08-10 13:46:24,19.171875,1
2026-08-10 13:46:24,19.09375,1
2026-08-10 13:46:24,19.09375,1
2026-08-10 13:46:24,19.078125,1
2026-08-10 13:46:24,19.078125,1
2026-08-10 13:46:24,19.125,1
2026-08-10 13:46:24,19.125,1
2026-08-10 13:46:24,19.171875,1
2026-08-10 13:46:24,19.171875,1
2026-08-10 13:46:25,19.25,1
2026-08-10 13:46:25,19.25,1
2026-08-10 13:46:25,21.578125,1
2026-08-10 13:46:25,21.578125,1
2026-08-10 13:46:25,21.640625,1
2026-08-10 13:46:25,21.640625,1
2026-08-10 13:46:25,21.640625,1
2026-08-10 13:46:25,21.640625,1
2026-08-10 13:46:25,21.703125,1
2026-08-10 13:46:25,21.703125,1
2026-08-10 13:46:25,21.0,1
2026-08-10 13:46:25,21.0,1
2026-08-10 13:46:25,21.09375,1
2026-08-10 13:46:25,21.09375,1
2026-08-10 13:46:25,21.09375,1
2026-08-10 13:46:25,21.09375,1
2026-08-10 13:46:25,22.015625,1
2026-08-10 13:46:25,22.015625,1
2026-08-10 13:46:25,22.078125,1
2026-08-10 13:46:25,22.078125,1
2026-08-10 13:46:26,22.140625,1
2026-08-10 13:46:26,22.140625,1
2026-08-10 13:46:26,21.796875,1
2026-08-10 13:46:26,21.796875,1
2026-08-10 13:46:26,21.796875,1
2026-08-10 13:46:26,21.796875,1
2026-08-10 13:46:26,21.671875,1
2026-08-10 13:46:26,21.671875,1
2026-08-10 13:46:26,21.46875,1
2026-08-10 13:46:26,21.46875,1
2026-08-10 13:46:26,20.484375,1
2026-08-10 13:46:26,20.484375,1
2026-08-10 13:46:26,20.390625,1
2026-08-10 13:46:26,20.390625,1
2026-08-10 13:46:26,20.171875,1
2026-08-10 13:46:26,20.171875,1
2026-08-10 13:46:26,20.171875,1
2026-08-10 13:46:26,20.171875,1
2026-08-10 13:46:26,19.171875,1
2026-08-10 13:46:26,19.171875,1
2026-08-10 13:46:27,19.21875,1
2026-08-10 13:46:27,19.21875,1
2026-08-10 13:46:27,19.25,1
2026-08-10 13:46:27,19.25,1
2026-08-10 13:46:27,18.921875,1
2026-08-10 13:46:27,18.921875,1
2026-08-10 13:46:27,18.890625,1
2026-08-10 13:46:27,18.890625,1
2026-08-10 13:46:27,18.953125,1
2026-08-10 13:46:27,18.953125,1
2026-08-10 13:46:27,17.953125,1
2026-08-10 13:46:27,17.953125,1
2026-08-10 13:46:27,17.84375,1
2026-08-10 13:46:27,17.84375,1
2026-08-10 13:46:27,17.75,1
2026-08-10 13:46:27,17.75,1
2026-08-10 13:46:27,17.640625,1
2026-08-10 13:46:27,17.640625,1
2026-08-10 13:46:27,16.484375,1
2026-08-10 13:46:27,16.484375,1
2026-08-10 13:46:28,16.453125,1
2026-08-10 13:46:28,16.453125,1
2026-08-10 13:46:28,16.421875,1
2026-08-10 13:46:28,16.421875,1
2026-08-10 13:46:28,16.421875,1
2026-08-10 13:46:28,16.421875,1
2026-08-10 13:46:28,15.171875,1
2026-08-10 13:46:28,15.171875,1
2026-08-10 13:46:28,15.0,1
2026-08-10 13:46:28,15.0,1
2026-08-10 13:46:28,14.90625,1
2026-08-10 13:46:28,14.90625,1
2026-08-10 13:46:28,13.984375,1
2026-08-10 13:46:28,13.984375,1
2026-08-10 13:46:28,13.96875,1
2026-08-10 13:46:28,13.96875,1
2026-08-10 13:46:28,13.890625,1
2026-08-10 13:46:28,13.890625,1
2026-08-10 13:46:28,13.75,1
2026-08-10 13:46:28,13.75,1
2026-08-10 13:46:29,12.546875,1
2026-08-10 13:46:29,12.546875,1
2026-08-10 13:46:29,12.40625,1
2026-08-10 13:46:29,12.40625,1
2026-08-10 13:46:29,12.328125,1
2026-08-10 13:46:29,12.328125,1
2026-08-10 13:46:29,12.09375,1
2026-08-10 13:46:29,12.09375,1
2026-08-10 13:46:29,12.15625,1
2026-08-10 13:46:29,12.15625,1
2026-08-10 13:46:29,12.234375,1
2026-08-10 13:46:29,12.234375,1
2026-08-10 13:46:29,12.203125,1
2026-08-10 13:46:29,12.203125,1
2026-08-10 13:46:29,12.15625,1
2026-08-10 13:46:29,12.15625,1
2026-08-10 13:46:29,12.140625,1
2026-08-10 13:46:29,12.140625,1
2026-08-10 13:46:29,12.0625,1
2026-08-10 13:46:29,12.0625,1
2026-08-10 13:46:30,12.03125,1
2026-08-10 13:46:30,12.03125,1
2026-08-10 13:46:30,12.09375,1
2026-08-10 13:46:30,12.09375,1
2026-08-10 13:46:30,12.171875,1
2026-08-10 13:46:30,12.171875,1
2026-08-10 13:46:30,12.125,1
2026-08-10 13:46:30,12.125,1
2026-08-10 13:46:30,11.859375,1
2026-08-10 13:46:30,11.859375,1
2026-08-10 13:46:30,11.875,1
2026-08-10 13:46:30,11.875,1
2026-08-10 13:46:30,11.890625,1
2026-08-10 13:46:30,11.890625,1
2026-08-10 13:46:30,11.046875,1
2026-08-10 13:46:30,11.046875,1
2026-08-10 13:46:30,11.015625,1
2026-08-10 13:46:30,11.015625,1
2026-08-10 13:46:30,10.953125,1
2026-08-10 13:46:30,10.953125,1
2026-08-10 13:46:31,10.90625,1
2026-08-10 13:46:31,10.90625,1
2026-08-10 13:46:31,10.078125,1
2026-08-10 13:46:31,10.078125,1
2026-08-10 13:46:31,10.0625,1
2026-08-10 13:46:31,10.0625,1
2026-08-10 13:46:31,10.015625,1
2026-08-10 13:46:31,10.015625,1
2026-08-10 13:46:31,9.375,1
2026-08-10 13:46:31,9.375,1
2026-08-10 13:46:31,9.3125,1
2026-08-10 13:46:31,9.3125,1
2026-08-10 13:46:31,9.25,1
2026-08-10 13:46:31,9.25,1
2026-08-10 13:46:31,9.1875,1
2026-08-10 13:46:31,9.1875,1
2026-08-10 13:46:31,8.296875,1
2026-08-10 13:46:31,8.296875,1
2026-08-10 13:46:31,8.25,1
2026-08-10 13:46:31,8.25,1
2026-08-10 13:46:32,8.203125,1
2026-08-10 13:46:32,8.203125,1
2026-08-10 13:46:32,8.1875,1
2026-08-10 13:46:32,8.1875,1
2026-08-10 13:46:32,7.203125,1
2026-08-10 13:46:32,7.203125,1
2026-08-10 13:46:32,7.109375,1
2026-08-10 13:46:32,7.109375,1
2026-08-10 13:46:32,7.03125,1
2026-08-10 13:46:32,7.03125,1
2026-08-10 13:46:32,5.5625,1
2026-08-10 13:46:32,5.5625,1
2026-08-10 13:46:32,5.40625,1
2026-08-10 13:46:32,5.40625,1
2026-08-10 13:46:32,5.34375,1
2026-08-10 13:46:32,5.34375,1
2026-08-10 13:46:32,5.25,1
2026-08-10 13:46:32,5.25,1
2026-08-10 13:46:32,3.828125,1
2026-08-10 13:46:32,3.828125,1
2026-08-10 13:46:33,3.71875,1
2026-08-10 13:46:33,3.71875,1
2026-08-10 13:46:33,3.703125,1
2026-08-10 13:46:33,3.703125,1
2026-08-10 13:46:33,2.421875,1
2026-08-10 13:46:33,2.421875,1
2026-08-10 13:46:33,2.390625,1
2026-08-10 13:46:33,2.390625,1
2026-08-10 13:46:33,2.21875,1
2026-08-10 13:46:33,2.21875,1
2026-08-10 13:46:33,2.15625,1
2026-08-10 13:46:33,2.15625,0
2026-08-10 13:46:33,0.0,0
2026-08-10 13:46:33,0.0,-1
2026-08-10 13:46:33,0.0,-1
2026-08-10 13:46:33,0.0,-1
2026-08-10 13:46:33,0.0,-1
2026-08-10 13:46:33,0.0,-1
2026-08-10 13:46:33,0.0,-1
2026-08-10 13:46:33,0.0,-1
2026-08-10 13:46:34,0.0,-1
2026-08-10 13:46:34,0.0,-1
2026-08-10 13:46:34,0.0,-1
2026-08-10 13:46:34,0.0,-1
2026-08-10 13:46:34,0.0,-1
2026-08-10 13:46:34,0.0,-1
2026-08-10 13:46:34,1.21875,-1
2026-08-10 13:46:34,1.21875,-1
2026-08-10 13:46:34,1.1875,-1
2026-08-10 13:46:34,1.1875,-1
2026-08-10 13:46:34,1.203125,-1
2026-08-10 13:46:34,1.203125,-1
2026-08-10 13:46:34,1.578125,-1
2026-08-10 13:46:34,1.578125,-1
2026-08-10 13:46:34,1.296875,-1
2026-08-10 13:46:34,1.296875,-1
2026-08-10 13:46:34,1.359375,-1
2026-08-10 13:46:34,1.359375,-1
2026-08-10 13:46:34,1.359375,-1
2026-08-10 13:46:34,1.359375,-1
2026-08-10 13:46:35,5.421875,-1
2026-08-10 13:46:35,5.421875,-1
2026-08-10 13:46:35,5.734375,-1
2026-08-10 13:46:35,5.734375,-1
2026-08-10 13:46:35,5.796875,-1
2026-08-10 13:46:35,5.796875,-1
2026-08-10 13:46:35,5.75,-1
2026-08-10 13:46:35,5.75,-1
2026-08-10 13:46:35,7.90625,-1
2026-08-10 13:46:35,7.90625,-1
2026-08-10 13:46:35,8.375,-1
2026-08-10 13:46:35,8.375,-1
2026-08-10 13:46:35,8.921875,-1
2026-08-10 13:46:35,8.921875,-1
2026-08-10 13:46:35,11.25,-1
2026-08-10 13:46:35,11.25,-1
2026-08-10 13:46:35,11.109375,-1
2026-08-10 13:46:35,11.109375,-1
2026-08-10 13:46:35,10.890625,-1
2026-08-10 13:46:35,10.890625,-1
2026-08-10 13:46:36,10.703125,-1
2026-08-10 13:46:36,10.703125,-1
2026-08-10 13:46:36,11.328125,-1
2026-08-10 13:46:36,11.328125,-1
2026-08-10 13:46:36,11.296875,-1
2026-08-10 13:46:36,11.296875,-1
2026-08-10 13:46:36,11.578125,-1
2026-08-10 13:46:36,11.578125,-1
2026-08-10 13:46:36,13.34375,-1
2026-08-10 13:46:36,13.34375,-1
2026-08-10 13:46:36,13.703125,-1
2026-08-10 13:46:36,13.703125,-1
2026-08-10 13:46:36,14.09375,-1
2026-08-10 13:46:36,14.09375,-1
2026-08-10 13:46:36,14.125,-1
2026-08-10 13:46:36,14.125,-1
2026-08-10 13:46:36,14.96875,-1
2026-08-10 13:46:36,14.96875,-1
2026-08-10 13:46:36,14.96875,-1
2026-08-10 13:46:36,14.96875,-1
2026-08-10 13:46:37,14.796875,-1
2026-08-10 13:46:37,14.796875,-1
2026-08-10 13:46:37,15.671875,-1
2026-08-10 13:46:37,15.671875,-1
2026-08-10 13:46:37,15.65625,-1
2026-08-10 13:46:37,15.65625,-1
2026-08-10 13:46:37,16.0,-1
2026-08-10 13:46:37,16.0,-1
2026-08-10 13:46:37,17.015625,-1
2026-08-10 13:46:37,17.015625,-1
2026-08-10 13:46:37,17.171875,-1
2026-08-10 13:46:37,17.171875,-1
2026-08-10 13:46:37,17.28125,-1
2026-08-10 13:46:37,17.28125,-1
2026-08-10 13:46:37,17.15625,-1
2026-08-10 13:46:37,17.15625,-1
2026-08-10 13:46:37,17.265625,-1
2026-08-10 13:46:37,17.265625,-1
2026-08-10 13:46:37,17.640625,-1
2026-08-10 13:46:37,17.640625,-1
2026-08-10 13:46:38,18.046875,-1
2026-08-10 13:46:38,18.046875,-1
2026-08-10 13:46:38,18.28125,-1
2026-08-10 13:46:38,18.28125,-1
2026-08-10 13:46:38,17.578125,-1
2026-08-10 13:46:38,17.578125,-1
2026-08-10 13:46:38,17.515625,-1
2026-08-10 13:46:38,17.515625,-1
2026-08-10 13:46:38,17.34375,-1
2026-08-10 13:46:38,17.34375,-1
2026-08-10 13:46:38,17.515625,-1
2026-08-10 13:46:38,17.515625,-1
2026-08-10 13:46:38,17.453125,-1
2026-08-10 13:46:38,17.453125,-1
2026-08-10 13:46:38,17.515625,-1
2026-08-10 13:46:38,17.515625,-1
2026-08-10 13:46:38,17.5625,-1
2026-08-10 13:46:38,17.5625,-1
2026-08-10 13:46:38,17.59375,-1
2026-08-10 13:46:38,17.59375,-1
2026-08-10 13:46:39,17.609375,-1
2026-08-10 13:46:39,17.609375,-1
2026-08-10 13:46:39,17.578125,-1
2026-08-10 13:46:39,17.578125,-1
2026-08-10 13:46:39,17.71875,-1
2026-08-10 13:46:39,17.71875,-1
2026-08-10 13:46:39,17.703125,-1
2026-08-10 13:46:39,17.703125,-1
2026-08-10 13:46:39,17.703125,-1
2026-08-10 13:46:39,17.703125,-1
2026-08-10 13:46:39,17.59375,-1
2026-08-10 13:46:39,17.59375,-1
2026-08-10 13:46:39,17.6875,-1
2026-08-10 13:46:39,17.6875,-1
2026-08-10 13:46:39,17.765625,-1
2026-08-10 13:46:39,17.765625,-1
2026-08-10 13:46:39,17.828125,-1
2026-08-10 13:46:39,17.828125,-1
2026-08-10 13:46:39,17.8125,-1
2026-08-10 13:46:39,17.8125,-1
2026-08-10 13:46:40,17.90625,-1
2026-08-10 13:46:40,17.90625,-1
2026-08-10 13:46:40,17.859375,-1
2026-08-10 13:46:40,17.859375,-1
2026-08-10 13:46:40,17.953125,-1
2026-08-10 13:46:40,17.953125,-1
2026-08-10 13:46:40,17.828125,-1
2026-08-10 13:46:40,17.828125,-1
2026-08-10 13:46:40,17.765625,-1
2026-08-10 13:46:40,17.765625,-1
2026-08-10 13:46:40,17.71875,-1
2026-08-10 13:46:40,17.71875,-1
2026-08-10 13:46:40,17.78125,-1
2026-08-10 13:46:40,17.78125,-1
2026-08-10 13:46:40,17.625,-1
2026-08-10 13:46:40,17.625,-1
2026-08-10 13:46:40,17.59375,-1
2026-08-10 13:46:40,17.59375,-1
2026-08-10 13:46:40,17.515625,-1
2026-08-10 13:46:40,17.515625,-1
2026-08-10 13:46:41,17.484375,-1
2026-08-10 13:46:41,17.484375,-1
2026-08-10 13:46:41,17.453125,-1
2026-08-10 13:46:41,17.453125,-1
2026-08-10 13:46:41,17.515625,-1
2026-08-10 13:46:41,17.515625,-1
2026-08-10 13:46:41,17.546875,-1
2026-08-10 13:46:41,17.546875,-1
2026-08-10 13:46:41,17.078125,-1
2026-08-10 13:46:41,17.078125,-1
2026-08-10 13:46:41,17.046875,-1
2026-08-10 13:46:41,17.046875,-1
2026-08-10 13:46:41,16.921875,-1
2026-08-10 13:46:41,16.921875,-1
2026-08-10 13:46:41,16.59375,-1
2026-08-10 13:46:41,16.59375,-1
2026-08-10 13:46:41,16.53125,-1
2026-08-10 13:46:41,16.53125,-1
2026-08-10 13:46:41,16.453125,-1
2026-08-10 13:46:41,16.453125,-1
2026-08-10 13:46:42,16.5,-1
2026-08-10 13:46:42,16.5,-1
2026-08-10 13:46:42,16.046875,-1
2026-08-10 13:46:42,16.046875,-1
2026-08-10 13:46:42,15.953125,-1
2026-08-10 13:46:42,15.953125,-1
2026-08-10 13:46:42,15.890625,-1
2026-08-10 13:46:42,15.890625,-1
2026-08-10 13:46:42,15.859375,-1
2026-08-10 13:46:42,15.859375,-1
2026-08-10 13:46:42,15.234375,-1
2026-08-10 13:46:42,15.234375,-1
2026-08-10 13:46:42,15.265625,-1
2026-08-10 13:46:42,15.265625,-1
2026-08-10 13:46:42,15.265625,-1
2026-08-10 13:46:42,15.265625,-1
2026-08-10 13:46:42,14.296875,-1
2026-08-10 13:46:42,14.296875,-1
2026-08-10 13:46:42,14.34375,-1
2026-08-10 13:46:42,14.34375,-1
2026-08-10 13:46:43,14.34375,-1
2026-08-10 13:46:43,14.34375,-1
2026-08-10 13:46:43,14.234375,-1
2026-08-10 13:46:43,14.234375,-1
2026-08-10 13:46:43,13.59375,-1
2026-08-10 13:46:43,13.59375,-1
2026-08-10 13:46:43,13.515625,-1
2026-08-10 13:46:43,13.515625,-1
2026-08-10 13:46:43,13.515625,-1
2026-08-10 13:46:43,13.515625,-1
2026-08-10 13:46:43,13.0625,-1
2026-08-10 13:46:43,13.0625,-1
2026-08-10 13:46:43,13.125,-1
2026-08-10 13:46:43,13.125,-1
2026-08-10 13:46:43,13.03125,-1
2026-08-10 13:46:43,13.03125,-1
2026-08-10 13:46:43,12.75,-1
2026-08-10 13:46:43,12.75,-1
2026-08-10 13:46:43,12.453125,-1
2026-08-10 13:46:43,12.453125,-1
2026-08-10 13:46:44,12.3125,-1
2026-08-10 13:46:44,12.3125,-1
2026-08-10 13:46:44,12.09375,-1
2026-08-10 13:46:44,12.09375,-1
2026-08-10 13:46:44,11.484375,-1
2026-08-10 13:46:44,11.484375,-1
2026-08-10 13:46:44,11.328125,-1
2026-08-10 13:46:44,11.328125,-1
2026-08-10 13:46:44,11.375,-1
2026-08-10 13:46:44,11.375,-1
2026-08-10 13:46:44,11.03125,-1
2026-08-10 13:46:44,11.03125,-1
2026-08-10 13:46:44,11.0,-1
2026-08-10 13:46:44,11.0,-1
2026-08-10 13:46:44,10.96875,-1
2026-08-10 13:46:44,10.96875,-1
2026-08-10 13:46:44,10.96875,-1
2026-08-10 13:46:44,10.96875,-1
2026-08-10 13:46:44,10.390625,-1
2026-08-10 13:46:44,10.390625,-1
2026-08-10 13:46:45,10.5625,-1
2026-08-10 13:46:45,10.5625,-1
2026-08-10 13:46:45,10.671875,-1
2026-08-10 13:46:45,10.671875,-1
2026-08-10 13:46:45,10.671875,-1
2026-08-10 13:46:45,10.671875,-1
2026-08-10 13:46:45,10.921875,-1
2026-08-10 13:46:45,10.921875,-1
2026-08-10 13:46:45,10.9375,-1
2026-08-10 13:46:45,10.9375,-1
2026-08-10 13:46:45,10.9375,-1
2026-08-10 13:46:45,10.9375,-1
2026-08-10 13:46:45,11.265625,-1
2026-08-10 13:46:45,11.265625,-1
2026-08-10 13:46:45,11.234375,-1
2026-08-10 13:46:45,11.234375,-1
2026-08-10 13:46:45,11.28125,-1
2026-08-10 13:46:45,11.28125,-1
2026-08-10 13:46:45,10.9375,-1
2026-08-10 13:46:45,10.9375,-1
2026-08-10 13:46:46,10.96875,-1
2026-08-10 13:46:46,10.96875,-1
2026-08-10 13:46:46,10.96875,-1
2026-08-10 13:46:46,10.96875,-1
2026-08-10 13:46:46,10.96875,-1
2026-08-10 13:46:46,10.96875,-1
2026-08-10 13:46:46,10.328125,-1
2026-08-10 13:46:46,10.328125,-1
2026-08-10 13:46:46,10.390625,-1
2026-08-10 13:46:46,10.390625,-1
2026-08-10 13:46:46,10.40625,-1
2026-08-10 13:46:46,10.40625,-1
2026-08-10 13:46:46,10.578125,-1
2026-08-10 13:46:46,10.578125,-1
2026-08-10 13:46:46,10.5625,-1
2026-08-10 13:46:46,10.5625,-1
2026-08-10 13:46:46,10.53125,-1
2026-08-10 13:46:46,10.53125,-1
2026-08-10 13:46:46,10.515625,-1
2026-08-10 13:46:46,10.515625,-1
2026-08-10 13:46:47,10.515625,-1
2026-08-10 13:46:47,10.515625,-1
2026-08-10 13:46:47,10.46875,-1
2026-08-10 13:46:47,10.46875,-1
2026-08-10 13:46:47,10.390625,-1
2026-08-10 13:46:47,10.390625,-1
2026-08-10 13:46:47,10.421875,-1
2026-08-10 13:46:47,10.421875,-1
2026-08-10 13:46:47,10.46875,-1
2026-08-10 13:46:47,10.46875,-1
2026-08-10 13:46:47,10.578125,-1
2026-08-10 13:46:47,10.578125,-1
2026-08-10 13:46:47,10.609375,-1
2026-08-10 13:46:47,10.609375,-1
2026-08-10 13:46:47,10.90625,-1
2026-08-10 13:46:47,10.90625,-1
2026-08-10 13:46:47,10.953125,-1
2026-08-10 13:46:47,10.953125,-1
2026-08-10 13:46:47,10.953125,-1
2026-08-10 13:46:47,10.953125,-1
2026-08-10 13:46:48,10.890625,-1
2026-08-10 13:46:48,10.890625,-1
2026-08-10 13:46:48,10.359375,-1
2026-08-10 13:46:48,10.359375,-1
2026-08-10 13:46:48,10.265625,-1
2026-08-10 13:46:48,10.265625,-1
2026-08-10 13:46:48,10.15625,-1
2026-08-10 13:46:48,10.15625,-1
2026-08-10 13:46:48,8.09375,-1
2026-08-10 13:46:48,8.09375,-1
2026-08-10 13:46:48,7.984375,-1
2026-08-10 13:46:48,7.984375,-1
2026-08-10 13:46:48,7.90625,-1
2026-08-10 13:46:48,7.90625,-1
2026-08-10 13:46:48,7.84375,-1
2026-08-10 13:46:48,7.84375,-1
2026-08-10 13:46:48,6.546875,-1
2026-08-10 13:46:48,6.546875,-1
2026-08-10 13:46:48,6.6875,-1
2026-08-10 13:46:48,6.6875,-1
2026-08-10 13:46:49,6.828125,-1
2026-08-10 13:46:49,6.828125,-1
2026-08-10 13:46:49,7.375,-1
2026-08-10 13:46:49,7.375,-1
2026-08-10 13:46:49,7.421875,-1
2026-08-10 13:46:49,7.421875,-1
2026-08-10 13:46:49,7.390625,-1
2026-08-10 13:46:49,7.390625,-1
2026-08-10 13:46:49,7.359375,-1
2026-08-10 13:46:49,7.359375,-1
2026-08-10 13:46:49,7.359375,-1
2026-08-10 13:46:49,7.359375,-1
2026-08-10 13:46:49,7.8125,-1
2026-08-10 13:46:49,7.8125,-1
2026-08-10 13:46:49,7.84375,-1
2026-08-10 13:46:49,7.84375,-1
2026-08-10 13:46:49,8.4375,-1
2026-08-10 13:46:49,8.4375,-1
2026-08-10 13:46:49,8.484375,-1
2026-08-10 13:46:49,8.484375,-1
2026-08-10 13:46:50,8.5625,-1
2026-08-10 13:46:50,8.5625,-1
2026-08-10 13:46:50,8.5625,-1
2026-08-10 13:46:50,8.5625,-1
2026-08-10 13:46:50,8.4375,-1
2026-08-10 13:46:50,8.4375,-1
2026-08-10 13:46:50,8.375,-1
2026-08-10 13:46:50,8.375,-1
2026-08-10 13:46:50,8.3125,-1
2026-08-10 13:46:50,8.3125,-1
2026-08-10 13:46:50,8.25,-1
2026-08-10 13:46:50,8.25,-1
2026-08-10 13:46:50,7.421875,-1
2026-08-10 13:46:50,7.421875,-1
2026-08-10 13:46:50,7.359375,-1
2026-08-10 13:46:50,7.359375,-1
2026-08-10 13:46:50,7.3125,-1
2026-08-10 13:46:50,7.3125,-1
2026-08-10 13:46:50,7.5625,-1
2026-08-10 13:46:50,7.5625,-1
2026-08-10 13:46:51,7.71875,-1
2026-08-10 13:46:51,7.71875,-1
2026-08-10 13:46:51,7.859375,-1
2026-08-10 13:46:51,7.859375,-1
2026-08-10 13:46:51,8.015625,-1
2026-08-10 13:46:51,8.015625,-1
2026-08-10 13:46:51,8.75,-1
2026-08-10 13:46:51,8.75,-1
2026-08-10 13:46:51,8.640625,-1
2026-08-10 13:46:51,8.640625,-1
2026-08-10 13:46:51,8.65625,-1
2026-08-10 13:46:51,8.65625,-1
2026-08-10 13:46:51,9.265625,-1
2026-08-10 13:46:51,9.265625,-1
2026-08-10 13:46:51,9.328125,-1
2026-08-10 13:46:51,9.328125,-1
2026-08-10 13:46:51,9.40625,-1
2026-08-10 13:46:51,9.40625,-1
2026-08-10 13:46:51,9.578125,-1
2026-08-10 13:46:51,9.578125,-1
2026-08-10 13:46:52,10.15625,-1
2026-08-10 13:46:52,10.15625,-1
2026-08-10 13:46:52,10.109375,-1
2026-08-10 13:46:52,10.109375,-1
2026-08-10 13:46:52,10.078125,-1
2026-08-10 13:46:52,10.078125,-1
2026-08-10 13:46:52,10.03125,-1
2026-08-10 13:46:52,10.03125,-1
2026-08-10 13:46:52,10.21875,-1
2026-08-10 13:46:52,10.21875,-1
2026-08-10 13:46:52,10.25,-1
2026-08-10 13:46:52,10.25,-1
2026-08-10 13:46:52,10.328125,-1
2026-08-10 13:46:52,10.328125,-1
2026-08-10 13:46:52,10.265625,-1
2026-08-10 13:46:52,10.265625,-1
2026-08-10 13:46:52,10.1875,-1
2026-08-10 13:46:52,10.1875,-1
2026-08-10 13:46:52,10.109375,-1
2026-08-10 13:46:52,10.109375,-1
2026-08-10 13:46:53,10.078125,-1
2026-08-10 13:46:53,10.078125,-1
2026-08-10 13:46:53,9.875,-1
2026-08-10 13:46:53,9.875,-1
2026-08-10 13:46:53,9.859375,-1
2026-08-10 13:46:53,9.859375,-1
2026-08-10 13:46:53,9.875,-1
2026-08-10 13:46:53,9.875,-1
2026-08-10 13:46:53,8.921875,-1
2026-08-10 13:46:53,8.921875,-1
2026-08-10 13:46:53,8.828125,-1
2026-08-10 13:46:53,8.828125,-1
2026-08-10 13:46:53,8.75,-1
2026-08-10 13:46:53,8.75,-1
2026-08-10 13:46:53,8.53125,-1
2026-08-10 13:46:53,8.53125,-1
2026-08-10 13:46:53,8.328125,-1
2026-08-10 13:46:53,8.328125,-1
2026-08-10 13:46:53,8.296875,-1
2026-08-10 13:46:53,8.296875,-1
2026-08-10 13:46:54,8.234375,-1
2026-08-10 13:46:54,8.234375,-1
2026-08-10 13:46:54,8.21875,-1
2026-08-10 13:46:54,8.21875,-1
2026-08-10 13:46:54,7.890625,-1
2026-08-10 13:46:54,7.890625,-1
2026-08-10 13:46:54,7.921875,-1
2026-08-10 13:46:54,7.921875,-1
2026-08-10 13:46:54,7.96875,-1
2026-08-10 13:46:54,7.96875,-1
2026-08-10 13:46:54,7.828125,-1
2026-08-10 13:46:54,7.828125,-1
2026-08-10 13:46:54,7.765625,-1
2026-08-10 13:46:54,7.765625,-1
2026-08-10 13:46:54,7.734375,-1
2026-08-10 13:46:54,7.734375,-1
2026-08-10 13:46:54,7.5625,-1
2026-08-10 13:46:54,7.5625,-1
2026-08-10 13:46:54,6.5625,-1
2026-08-10 13:46:54,6.5625,-1
2026-08-10 13:46:55,6.484375,-1
2026-08-10 13:46:55,6.484375,-1
2026-08-10 13:46:55,6.484375,-1
2026-08-10 13:46:55,6.484375,-1
2026-08-10 13:46:55,5.671875,-1
2026-08-10 13:46:55,5.671875,-1
2026-08-10 13:46:55,5.796875,-1
2026-08-10 13:46:55,5.796875,-1
2026-08-10 13:46:55,5.96875,-1
2026-08-10 13:46:55,5.96875,-1
2026-08-10 13:46:55,5.96875,-1
2026-08-10 13:46:55,5.96875,-1
2026-08-10 13:46:55,6.796875,-1
2026-08-10 13:46:55,6.796875,-1
2026-08-10 13:46:55,6.703125,-1
2026-08-10 13:46:55,6.703125,-1
2026-08-10 13:46:55,6.59375,-1
2026-08-10 13:46:55,6.59375,-1
2026-08-10 13:46:55,6.546875,-1
2026-08-10 13:46:55,6.546875,-1
2026-08-10 13:46:56,6.5625,-1
2026-08-10 13:46:56,6.5625,-1
2026-08-10 13:46:56,6.59375,-1
2026-08-10 13:46:56,6.59375,-1
2026-08-10 13:46:56,6.609375,-1
2026-08-10 13:46:56,6.609375,-1
2026-08-10 13:46:56,7.015625,-1
2026-08-10 13:46:56,7.015625,-1
2026-08-10 13:46:56,7.015625,-1
2026-08-10 13:46:56,7.015625,-1
2026-08-10 13:46:56,7.078125,-1
2026-08-10 13:46:56,7.078125,-1
2026-08-10 13:46:56,7.125,-1
2026-08-10 13:46:56,7.125,-1
2026-08-10 13:46:56,8.328125,-1
2026-08-10 13:46:56,8.328125,-1
2026-08-10 13:46:56,8.3125,-1
2026-08-10 13:46:56,8.3125,-1
2026-08-10 13:46:56,8.296875,-1
2026-08-10 13:46:56,8.296875,-1
2026-08-10 13:46:57,8.65625,-1
2026-08-10 13:46:57,8.65625,-1
2026-08-10 13:46:57,8.703125,-1
2026-08-10 13:46:57,8.703125,-1
2026-08-10 13:46:57,8.765625,-1
2026-08-10 13:46:57,8.765625,-1
2026-08-10 13:46:57,8.8125,-1
2026-08-10 13:46:57,8.8125,-1
2026-08-10 13:46:57,9.0625,-1
2026-08-10 13:46:57,9.0625,-1
2026-08-10 13:46:57,9.0625,-1
2026-08-10 13:46:57,9.0625,-1
2026-08-10 13:46:57,9.0625,-1
2026-08-10 13:46:57,9.0625,-1
2026-08-10 13:46:57,8.109375,-1
2026-08-10 13:46:57,8.109375,-1
2026-08-10 13:46:57,7.953125,-1
2026-08-10 13:46:57,7.953125,-1
2026-08-10 13:46:57,7.8125,-1
2026-08-10 13:46:57,7.8125,-1
2026-08-10 13:46:58,7.75,-1
2026-08-10 13:46:58,7.75,-1
2026-08-10 13:46:58,8.0625,-1
2026-08-10 13:46:58,8.0625,-1
2026-08-10 13:46:58,8.265625,-1
2026-08-10 13:46:58,8.265625,-1
2026-08-10 13:46:58,8.484375,-1
2026-08-10 13:46:58,8.484375,-1
2026-08-10 13:46:58,9.53125,-1
2026-08-10 13:46:58,9.53125,-1
2026-08-10 13:46:58,9.515625,-1
2026-08-10 13:46:58,9.515625,-1
2026-08-10 13:46:58,9.53125,-1
2026-08-10 13:46:58,9.53125,-1
2026-08-10 13:46:58,9.375,-1
2026-08-10 13:46:58,9.375,-1
2026-08-10 13:46:58,10.09375,-1
2026-08-10 13:46:58,10.09375,-1
2026-08-10 13:46:58,10.09375,-1
2026-08-10 13:46:58,10.09375,-1
2026-08-10 13:46:59,10.1875,-1
2026-08-10 13:46:59,10.1875,-1
2026-08-10 13:46:59,10.359375,-1
2026-08-10 13:46:59,10.359375,-1
2026-08-10 13:46:59,11.25,-1
2026-08-10 13:46:59,11.25,-1
2026-08-10 13:46:59,11.234375,-1
2026-08-10 13:46:59,11.234375,-1
2026-08-10 13:46:59,11.140625,-1
2026-08-10 13:46:59,11.140625,-1
2026-08-10 13:46:59,11.015625,-1
2026-08-10 13:46:59,11.015625,-1
2026-08-10 13:46:59,11.078125,-1
2026-08-10 13:46:59,11.078125,-1
2026-08-10 13:46:59,11.234375,-1
2026-08-10 13:46:59,11.234375,-1
2026-08-10 13:46:59,11.265625,-1
2026-08-10 13:46:59,11.265625,-1
2026-08-10 13:46:59,11.328125,-1
2026-08-10 13:46:59,11.328125,-1
2026-08-10 13:47:00,11.203125,-1
2026-08-10 13:47:00,11.203125,-1
2026-08-10 13:47:00,11.0625,-1
2026-08-10 13:47:00,11.0625,-1
2026-08-10 13:47:00,10.734375,-1
2026-08-10 13:47:00,10.734375,-1
2026-08-10 13:47:00,10.71875,-1
2026-08-10 13:47:00,10.71875,-1
2026-08-10 13:47:00,10.75,-1
2026-08-10 13:47:00,10.75,-1
2026-08-10 13:47:00,10.71875,-1
2026-08-10 13:47:00,10.71875,-1
2026-08-10 13:47:00,10.125,-1
2026-08-10 13:47:00,10.125,-1
2026-08-10 13:47:00,10.078125,-1
2026-08-10 13:47:00,10.078125,-1
2026-08-10 13:47:00,10.015625,-1
2026-08-10 13:47:00,10.015625,-1
2026-08-10 13:47:00,10.5625,-1
2026-08-10 13:47:00,10.5625,-1
2026-08-10 13:47:01,10.625,-1
2026-08-10 13:47:01,10.625,-1
2026-08-10 13:47:01,10.625,-1
2026-08-10 13:47:01,10.625,-1
2026-08-10 13:47:01,10.671875,-1
2026-08-10 13:47:01,10.671875,-1
2026-08-10 13:47:01,10.8125,-1
2026-08-10 13:47:01,10.8125,-1
2026-08-10 13:47:01,10.765625,-1
2026-08-10 13:47:01,10.765625,-1
2026-08-10 13:47:01,10.6875,-1
2026-08-10 13:47:01,10.6875,-1
2026-08-10 13:47:01,10.609375,-1
2026-08-10 13:47:01,10.609375,-1
2026-08-10 13:47:01,10.09375,-1
2026-08-10 13:47:01,10.09375,-1
2026-08-10 13:47:01,10.1875,-1
2026-08-10 13:47:01,10.1875,-1
2026-08-10 13:47:01,10.375,-1
2026-08-10 13:47:01,10.375,-1
2026-08-10 13:47:02,11.734375,-1
2026-08-10 13:47:02,11.734375,-1
2026-08-10 13:47:02,11.796875,-1
2026-08-10 13:47:02,11.796875,-1
2026-08-10 13:47:02,11.765625,-1
2026-08-10 13:47:02,11.765625,-1
2026-08-10 13:47:02,11.734375,-1
2026-08-10 13:47:02,11.734375,-1
2026-08-10 13:47:02,12.359375,-1
2026-08-10 13:47:02,12.359375,-1
2026-08-10 13:47:02,12.390625,-1
2026-08-10 13:47:02,12.390625,-1
2026-08-10 13:47:02,12.4375,-1
2026-08-10 13:47:02,12.4375,-1
2026-08-10 13:47:02,12.640625,-1
2026-08-10 13:47:02,12.640625,-1
2026-08-10 13:47:02,12.78125,-1
2026-08-10 13:47:02,12.78125,-1
2026-08-10 13:47:02,12.765625,-1
2026-08-10 13:47:02,12.765625,-1
2026-08-10 13:47:03,12.859375,-1
2026-08-10 13:47:03,12.859375,-1
2026-08-10 13:47:03,13.0625,-1
2026-08-10 13:47:03,13.0625,-1
2026-08-10 13:47:03,13.3125,-1
2026-08-10 13:47:03,13.3125,-1
2026-08-10 13:47:03,13.3125,-1
2026-08-10 13:47:03,13.3125,-1
2026-08-10 13:47:03,13.390625,-1
2026-08-10 13:47:03,13.390625,-1
2026-08-10 13:47:03,13.09375,-1
2026-08-10 13:47:03,13.09375,-1
2026-08-10 13:47:03,13.25,-1
2026-08-10 13:47:03,13.25,-1
2026-08-10 13:47:03,13.25,-1
2026-08-10 13:47:03,13.25,-1
2026-08-10 13:47:03,13.328125,-1
2026-08-10 13:47:03,13.328125,-1
2026-08-10 13:47:03,13.140625,-1
2026-08-10 13:47:03,13.140625,-1
2026-08-10 13:47:04,13.1875,-1
2026-08-10 13:47:04,13.1875,-1
2026-08-10 13:47:04,13.234375,-1
2026-08-10 13:47:04,13.234375,-1
2026-08-10 13:47:04,13.53125,-1
2026-08-10 13:47:04,13.53125,-1
2026-08-10 13:47:04,13.40625,-1
2026-08-10 13:47:04,13.40625,-1
2026-08-10 13:47:04,13.5,-1
2026-08-10 13:47:04,13.5,-1
2026-08-10 13:47:04,13.265625,-1
2026-08-10 13:47:04,13.265625,-1
2026-08-10 13:47:04,13.046875,-1
2026-08-10 13:47:04,13.046875,-1
2026-08-10 13:47:04,13.046875,-1
2026-08-10 13:47:04,13.046875,-1
2026-08-10 13:47:04,12.859375,-1
2026-08-10 13:47:04,12.859375,-1
2026-08-10 13:47:04,11.25,-1
2026-08-10 13:47:04,11.25,-1
2026-08-10 13:47:05,10.953125,-1
2026-08-10 13:47:05,10.953125,-1
2026-08-10 13:47:05,10.75,-1
2026-08-10 13:47:05,10.75,-1
2026-08-10 13:47:05,10.640625,-1
2026-08-10 13:47:05,10.640625,-1
2026-08-10 13:47:05,9.53125,-1
2026-08-10 13:47:05,9.53125,-1
2026-08-10 13:47:05,9.640625,-1
2026-08-10 13:47:05,9.640625,-1
2026-08-10 13:47:05,9.6875,-1
2026-08-10 13:47:05,9.6875,-1
2026-08-10 13:47:05,9.640625,-1
2026-08-10 13:47:05,9.640625,-1
2026-08-10 13:47:05,9.453125,-1
2026-08-10 13:47:05,9.453125,-1
2026-08-10 13:47:05,9.3125,-1
2026-08-10 13:47:05,9.3125,-1
2026-08-10 13:47:05,9.171875,-1
2026-08-10 13:47:05,9.171875,-1
2026-08-10 13:47:06,9.171875,-1
2026-08-10 13:47:06,9.171875,-1
2026-08-10 13:47:06,9.296875,-1
2026-08-10 13:47:06,9.296875,-1
2026-08-10 13:47:06,9.328125,-1
2026-08-10 13:47:06,9.328125,-1
2026-08-10 13:47:06,9.0,-1
2026-08-10 13:47:06,9.0,-1
2026-08-10 13:47:06,8.875,-1
2026-08-10 13:47:06,8.875,-1
2026-08-10 13:47:06,8.765625,-1
2026-08-10 13:47:06,8.765625,-1
2026-08-10 13:47:06,8.703125,-1
2026-08-10 13:47:06,8.703125,-1
2026-08-10 13:47:06,7.75,-1
2026-08-10 13:47:06,7.75,-1
2026-08-10 13:47:06,7.734375,-1
2026-08-10 13:47:06,7.734375,-1
2026-08-10 13:47:06,7.703125,-1
2026-08-10 13:47:06,7.703125,-1
2026-08-10 13:47:07,7.671875,-1
2026-08-10 13:47:07,7.671875,-1
2026-08-10 13:47:07,6.859375,-1
2026-08-10 13:47:07,6.859375,-1
2026-08-10 13:47:07,6.78125,-1
2026-08-10 13:47:07,6.78125,-1
2026-08-10 13:47:07,6.71875,-1
2026-08-10 13:47:07,6.71875,-1
2026-08-10 13:47:07,5.671875,-1
2026-08-10 13:47:07,5.671875,-1
2026-08-10 13:47:07,5.609375,-1
2026-08-10 13:47:07,5.609375,-1
2026-08-10 13:47:07,5.546875,-1
2026-08-10 13:47:07,5.546875,-1
2026-08-10 13:47:07,5.453125,-1
2026-08-10 13:47:07,5.453125,-1
2026-08-10 13:47:07,3.734375,-1
2026-08-10 13:47:07,3.734375,-1
2026-08-10 13:47:07,3.828125,-1
2026-08-10 13:47:07,3.828125,-1
2026-08-10 13:47:08,3.90625,-1
2026-08-10 13:47:08,3.90625,-1
2026-08-10 13:47:08,5.21875,-1
2026-08-10 13:47:08,5.21875,-1
2026-08-10 13:47:08,5.25,-1
2026-08-10 13:47:08,5.25,-1
2026-08-10 13:47:08,5.1875,-1
2026-08-10 13:47:08,5.1875,-1
2026-08-10 13:47:08,5.15625,-1
2026-08-10 13:47:08,5.15625,-1
2026-08-10 13:47:08,5.171875,-1
2026-08-10 13:47:08,5.171875,-1
2026-08-10 13:47:08,5.1875,-1
2026-08-10 13:47:08,5.1875,-1
2026-08-10 13:47:08,5.28125,-1
2026-08-10 13:47:08,5.28125,-1
2026-08-10 13:47:08,4.8125,-1
2026-08-10 13:47:08,4.8125,-1
2026-08-10 13:47:08,4.75,-1
2026-08-10 13:47:08,4.75,-1
2026-08-10 13:47:09,4.75,-1
2026-08-10 13:47:09,4.75,-1
2026-08-10 13:47:09,4.546875,-1
2026-08-10 13:47:09,4.546875,-1
2026-08-10 13:47:09,4.015625,-1
2026-08-10 13:47:09,4.015625,-1
2026-08-10 13:47:09,3.96875,-1
2026-08-10 13:47:09,3.96875,-1
2026-08-10 13:47:09,4.015625,-1
2026-08-10 13:47:09,4.015625,-1
2026-08-10 13:47:09,4.125,-1
2026-08-10 13:47:09,4.125,-1
2026-08-10 13:47:09,4.65625,-1
2026-08-10 13:47:09,4.65625,-1
2026-08-10 13:47:09,4.78125,-1
2026-08-10 13:47:09,4.78125,-1
2026-08-10 13:47:09,4.78125,-1
2026-08-10 13:47:09,4.78125,-1
2026-08-10 13:47:09,4.75,-1
2026-08-10 13:47:09,4.75,-1
2026-08-10 13:47:10,4.640625,-1
2026-08-10 13:47:10,4.640625,-1
2026-08-10 13:47:10,4.5625,-1
2026-08-10 13:47:10,4.5625,-1
2026-08-10 13:47:10,4.578125,-1
2026-08-10 13:47:10,4.578125,-1
2026-08-10 13:47:10,5.5,-1
2026-08-10 13:47:10,5.5,-1
2026-08-10 13:47:10,5.609375,-1
2026-08-10 13:47:10,5.609375,-1
2026-08-10 13:47:10,5.65625,-1
2026-08-10 13:47:10,5.65625,-1
2026-08-10 13:47:10,3.96875,-1
2026-08-10 13:47:10,3.96875,-1
2026-08-10 13:47:10,3.734375,-1
2026-08-10 13:47:10,3.734375,-1
2026-08-10 13:47:10,3.671875,-1
2026-08-10 13:47:10,3.671875,-1
2026-08-10 13:47:10,3.5,-1
2026-08-10 13:47:10,3.5,-1
2026-08-10 13:47:11,2.828125,-1
2026-08-10 13:47:11,2.828125,-1
2026-08-10 13:47:11,2.953125,-1
2026-08-10 13:47:11,2.953125,-1
2026-08-10 13:47:11,3.15625,-1
2026-08-10 13:47:11,3.15625,-1
2026-08-10 13:47:11,3.171875,-1
2026-08-10 13:47:11,3.171875,-1
2026-08-10 13:47:11,3.3125,-1
2026-08-10 13:47:11,3.3125,-1
2026-08-10 13:47:11,3.203125,-1
2026-08-10 13:47:11,3.203125,-1
2026-08-10 13:47:11,3.1875,-1
2026-08-10 13:47:11,3.1875,-1
2026-08-10 13:47:11,3.65625,-1
2026-08-10 13:47:11,3.65625,-1
2026-08-10 13:47:11,3.6875,-1
2026-08-10 13:47:11,3.6875,-1
2026-08-10 13:47:11,3.78125,-1
2026-08-10 13:47:11,3.78125,-1
2026-08-10 13:47:12,3.828125,-1
2026-08-10 13:47:12,3.828125,-1
2026-08-10 13:47:12,3.515625,-1
2026-08-10 13:47:12,3.515625,-1
2026-08-10 13:47:12,3.4375,-1
2026-08-10 13:47:12,3.4375,-1
2026-08-10 13:47:12,3.390625,-1
2026-08-10 13:47:12,3.390625,-1
2026-08-10 13:47:12,2.40625,-1
2026-08-10 13:47:12,2.40625,-1
2026-08-10 13:47:12,2.25,-1
2026-08-10 13:47:12,2.25,-1
2026-08-10 13:47:12,2.15625,-1
2026-08-10 13:47:12,2.15625,-1
2026-08-10 13:47:12,2.125,-1
2026-08-10 13:47:12,2.125,-1
2026-08-10 13:47:12,1.359375,-1
2026-08-10 13:47:12,1.359375,-1
2026-08-10 13:47:12,1.28125,-1
2026-08-10 13:47:12,1.28125,-1
2026-08-10 13:47:13,1.28125,-1
2026-08-10 13:47:13,1.28125,-1
2026-08-10 13:47:13,1.28125,-1
2026-08-10 13:47:13,1.28125,-1
2026-08-10 13:47:13,0.484375,-1
2026-08-10 13:47:13,0.484375,-1
2026-08-10 13:47:13,0.0,-1
2026-08-10 13:47:13,0.0,-1
2026-08-10 13:47:13,0.0,-1
2026-08-10 13:47:13,0.0,-1
2026-08-10 13:47:13,0.0,-1
2026-08-10 13:47:13,0.0,1
2026-08-10 13:47:13,0.0,1
2026-08-10 13:47:13,0.0,1
2026-08-10 13:47:13,0.0,1
2026-08-10 13:47:13,0.0,1
2026-08-10 13:47:13,0.0,1
2026-08-10 13:47:13,0.0,1
2026-08-10 13:47:13,0.0,1
2026-08-10 13:47:13,0.0,1
2026-08-10 13:47:14,0.0,1
2026-08-10 13:47:14,0.0,1
2026-08-10 13:47:14,0.0,1
2026-08-10 13:47:14,0.0,1
2026-08-10 13:47:14,0.59375,1
2026-08-10 13:47:14,0.59375,1
2026-08-10 13:47:14,0.59375,1
2026-08-10 13:47:14,0.59375,1
2026-08-10 13:47:14,0.59375,1
2026-08-10 13:47:14,0.59375,1
2026-08-10 13:47:14,0.59375,1
2026-08-10 13:47:14,0.59375,1
2026-08-10 13:47:14,0.0,1
2026-08-10 13:47:14,0.0,1
2026-08-10 13:47:14,0.0,1
2026-08-10 13:47:14,0.0,1
2026-08-10 13:47:14,0.0,1
2026-08-10 13:47:14,0.0,1
2026-08-10 13:47:14,0.0,1
2026-08-10 13:47:14,0.0,1
2026-08-10 13:47:15,0.0,1
2026-08-10 13:47:15,0.0,1
2026-08-10 13:47:15,0.0,1
2026-08-10 13:47:15,0.0,1
2026-08-10 13:47:15,0.0,1
2026-08-10 13:47:15,0.0,1
2026-08-10 13:47:15,0.0,1
2026-08-10 13:47:15,0.0,1
2026-08-10 13:47:15,0.0,1
2026-08-10 13:47:15,0.0,1
2026-08-10 13:47:15,0.0,1
2026-08-10 13:47:15,0.0,1
2026-08-10 13:47:15,2.5,1
2026-08-10 13:47:15,2.5,1
2026-08-10 13:47:15,2.734375,1
2026-08-10 13:47:15,2.734375,1
2026-08-10 13:47:15,2.890625,1
2026-08-10 13:47:15,2.890625,1
2026-08-10 13:47:15,3.03125,1
2026-08-10 13:47:15,3.03125,1
2026-08-10 13:47:16,5.125,1
2026-08-10 13:47:16,5.125,1
2026-08-10 13:47:16,5.40625,1
2026-08-10 13:47:16,5.40625,1
2026-08-10 13:47:16,5.46875,1
2026-08-10 13:47:16,5.46875,1
2026-08-10 13:47:16,5.609375,1
2026-08-10 13:47:16,5.609375,1
2026-08-10 13:47:16,8.375,1
2026-08-10 13:47:16,8.375,1
2026-08-10 13:47:16,8.8125,1
2026-08-10 13:47:16,8.8125,1
2026-08-10 13:47:16,8.859375,1
2026-08-10 13:47:16,8.859375,1
2026-08-10 13:47:16,12.296875,1
2026-08-10 13:47:16,12.296875,1
2026-08-10 13:47:16,12.53125,1
2026-08-10 13:47:16,12.53125,1
2026-08-10 13:47:16,12.6875,1
2026-08-10 13:47:16,12.6875,1
2026-08-10 13:47:17,12.859375,1
2026-08-10 13:47:17,12.859375,1
2026-08-10 13:47:17,15.96875,1
2026-08-10 13:47:17,15.96875,1
2026-08-10 13:47:17,16.390625,1
2026-08-10 13:47:17,16.390625,1
2026-08-10 13:47:17,16.9375,1
2026-08-10 13:47:17,16.9375,1
2026-08-10 13:47:17,17.03125,1
2026-08-10 13:47:17,17.03125,1
2026-08-10 13:47:17,19.390625,1
2026-08-10 13:47:17,19.390625,1
2026-08-10 13:47:17,19.34375,1
2026-08-10 13:47:17,19.34375,1
2026-08-10 13:47:17,19.3125,1
2026-08-10 13:47:17,19.3125,1
2026-08-10 13:47:17,21.015625,1
2026-08-10 13:47:17,21.015625,1
2026-08-10 13:47:17,20.953125,1
2026-08-10 13:47:17,20.953125,1
2026-08-10 13:47:18,20.875,1
2026-08-10 13:47:18,20.875,1
2026-08-10 13:47:18,21.03125,1
2026-08-10 13:47:18,21.03125,1
2026-08-10 13:47:18,22.078125,1
2026-08-10 13:47:18,22.078125,1
2026-08-10 13:47:18,21.984375,1
2026-08-10 13:47:18,21.984375,1
2026-08-10 13:47:18,21.984375,1
2026-08-10 13:47:18,21.984375,1
2026-08-10 13:47:18,22.46875,1
2026-08-10 13:47:18,22.46875,1
2026-08-10 13:47:18,22.609375,1
2026-08-10 13:47:18,22.609375,1
2026-08-10 13:47:18,22.6875,1
2026-08-10 13:47:18,22.6875,1
2026-08-10 13:47:18,22.609375,1
2026-08-10 13:47:18,22.609375,1
2026-08-10 13:47:18,22.578125,1
2026-08-10 13:47:18,22.578125,1
2026-08-10 13:47:19,22.609375,1
2026-08-10 13:47:19,22.609375,1
2026-08-10 13:47:19,22.671875,1
2026-08-10 13:47:19,22.671875,1
2026-08-10 13:47:19,21.578125,1
2026-08-10 13:47:19,21.578125,1
2026-08-10 13:47:19,21.34375,1
2026-08-10 13:47:19,21.34375,1
2026-08-10 13:47:19,21.390625,1
2026-08-10 13:47:19,21.390625,1
2026-08-10 13:47:19,21.21875,1
2026-08-10 13:47:19,21.21875,1
2026-08-10 13:47:19,20.796875,1
2026-08-10 13:47:19,20.796875,1
2026-08-10 13:47:19,20.734375,1
2026-08-10 13:47:19,20.734375,1
2026-08-10 13:47:19,20.71875,1
2026-08-10 13:47:19,20.71875,1
2026-08-10 13:47:19,20.5625,1
2026-08-10 13:47:19,20.5625,1
2026-08-10 13:47:20,20.65625,1
2026-08-10 13:47:20,20.65625,1
2026-08-10 13:47:20,20.671875,1
2026-08-10 13:47:20,20.671875,1
2026-08-10 13:47:20,20.734375,1
2026-08-10 13:47:20,20.734375,1
2026-08-10 13:47:20,21.0,1
2026-08-10 13:47:20,21.0,1
2026-08-10 13:47:20,21.09375,1
2026-08-10 13:47:20,21.09375,1
2026-08-10 13:47:20,21.109375,1
2026-08-10 13:47:20,21.109375,1
2026-08-10 13:47:20,21.28125,1
2026-08-10 13:47:20,21.28125,1
2026-08-10 13:47:20,22.0625,1
2026-08-10 13:47:20,22.0625,1
2026-08-10 13:47:20,22.203125,1
2026-08-10 13:47:20,22.203125,1
2026-08-10 13:47:20,22.390625,1
2026-08-10 13:47:20,22.390625,1
2026-08-10 13:47:21,22.921875,1
2026-08-10 13:47:21,22.921875,1
2026-08-10 13:47:21,22.765625,1
2026-08-10 13:47:21,22.765625,1
2026-08-10 13:47:21,22.828125,1
2026-08-10 13:47:21,22.828125,1
2026-08-10 13:47:21,22.875,1
2026-08-10 13:47:21,22.875,1
2026-08-10 13:47:21,23.046875,1
2026-08-10 13:47:21,23.046875,1
2026-08-10 13:47:21,22.953125,1
2026-08-10 13:47:21,22.953125,1
2026-08-10 13:47:21,22.9375,1
2026-08-10 13:47:21,22.9375,1
2026-08-10 13:47:21,23.125,1
2026-08-10 13:47:21,23.125,1
2026-08-10 13:47:21,23.09375,1
2026-08-10 13:47:21,23.09375,1
2026-08-10 13:47:21,23.03125,1
2026-08-10 13:47:21,23.03125,1
2026-08-10 13:47:22,23.0625,1
2026-08-10 13:47:22,23.0625,1
2026-08-10 13:47:22,23.296875,1
2026-08-10 13:47:22,23.296875,1
2026-08-10 13:47:22,23.171875,1
2026-08-10 13:47:22,23.171875,1
2026-08-10 13:47:22,23.125,1
2026-08-10 13:47:22,23.125,1
2026-08-10 13:47:22,22.875,1
2026-08-10 13:47:22,22.875,1
2026-08-10 13:47:22,22.78125,1
2026-08-10 13:47:22,22.78125,1
2026-08-10 13:47:22,22.921875,1
2026-08-10 13:47:22,22.921875,1
2026-08-10 13:47:22,22.890625,1
2026-08-10 13:47:22,22.890625,1
2026-08-10 13:47:22,22.984375,1
2026-08-10 13:47:22,22.984375,1
2026-08-10 13:47:22,23.046875,1
2026-08-10 13:47:22,23.046875,1
2026-08-10 13:47:23,23.09375,1
2026-08-10 13:47:23,23.09375,1
2026-08-10 13:47:23,22.875,1
2026-08-10 13:47:23,22.875,1
2026-08-10 13:47:23,22.765625,1
2026-08-10 13:47:23,22.765625,1
2026-08-10 13:47:23,22.703125,1
2026-08-10 13:47:23,22.703125,1
2026-08-10 13:47:23,22.828125,1
2026-08-10 13:47:23,22.828125,1
2026-08-10 13:47:23,22.8125,1
2026-08-10 13:47:23,22.8125,1
2026-08-10 13:47:23,22.9375,1
2026-08-10 13:47:23,22.9375,1
2026-08-10 13:47:23,22.921875,1
2026-08-10 13:47:23,22.921875,1
2026-08-10 13:47:23,22.9375,1
2026-08-10 13:47:23,22.9375,1
2026-08-10 13:47:23,23.0,1
2026-08-10 13:47:23,23.0,1
2026-08-10 13:47:24,23.015625,1
2026-08-10 13:47:24,23.015625,1
2026-08-10 13:47:24,23.140625,1
2026-08-10 13:47:24,23.140625,1
2026-08-10 13:47:24,23.03125,1
2026-08-10 13:47:24,23.03125,1
2026-08-10 13:47:24,23.0,1
2026-08-10 13:47:24,23.0,1
2026-08-10 13:47:24,23.0625,1
2026-08-10 13:47:24,23.0625,1
2026-08-10 13:47:24,23.0,1
2026-08-10 13:47:24,23.0,1
2026-08-10 13:47:24,23.34375,1
2026-08-10 13:47:24,23.34375,1
2026-08-10 13:47:24,23.265625,1
2026-08-10 13:47:24,23.265625,1
2026-08-10 13:47:24,23.234375,1
2026-08-10 13:47:24,23.234375,1
2026-08-10 13:47:24,23.25,1
2026-08-10 13:47:24,23.25,1
2026-08-10 13:47:25,23.171875,1
2026-08-10 13:47:25,23.171875,1
2026-08-10 13:47:25,23.109375,1
2026-08-10 13:47:25,23.109375,1
2026-08-10 13:47:25,23.140625,1
2026-08-10 13:47:25,23.140625,1
2026-08-10 13:47:25,23.296875,1
2026-08-10 13:47:25,23.296875,1
2026-08-10 13:47:25,23.234375,1
2026-08-10 13:47:25,23.234375,1
2026-08-10 13:47:25,23.09375,1
2026-08-10 13:47:25,23.09375,1
2026-08-10 13:47:25,23.03125,1
2026-08-10 13:47:25,23.03125,1
2026-08-10 13:47:25,23.28125,1
2026-08-10 13:47:25,23.28125,1
2026-08-10 13:47:25,23.3125,1
2026-08-10 13:47:25,23.3125,1
2026-08-10 13:47:25,23.296875,1
2026-08-10 13:47:25,23.296875,1
2026-08-10 13:47:26,23.359375,1
2026-08-10 13:47:26,23.359375,1
2026-08-10 13:47:26,23.234375,1
2026-08-10 13:47:26,23.234375,1
2026-08-10 13:47:26,23.3125,1
2026-08-10 13:47:26,23.3125,1
2026-08-10 13:47:26,23.328125,1
2026-08-10 13:47:26,23.328125,1
2026-08-10 13:47:26,23.390625,1
2026-08-10 13:47:26,23.390625,1
2026-08-10 13:47:26,23.375,1
2026-08-10 13:47:26,23.375,1
2026-08-10 13:47:26,23.3125,1
2026-08-10 13:47:26,23.3125,1
2026-08-10 13:47:26,23.296875,1
2026-08-10 13:47:26,23.296875,1
2026-08-10 13:47:26,23.125,1
2026-08-10 13:47:26,23.125,1
2026-08-10 13:47:26,23.328125,1
2026-08-10 13:47:26,23.328125,1
2026-08-10 13:47:27,23.203125,1
2026-08-10 13:47:27,23.203125,1
2026-08-10 13:47:27,23.421875,1
2026-08-10 13:47:27,23.421875,1
2026-08-10 13:47:27,23.34375,1
2026-08-10 13:47:27,23.34375,1
2026-08-10 13:47:27,23.421875,1
2026-08-10 13:47:27,23.421875,1
2026-08-10 13:47:27,23.1875,1
2026-08-10 13:47:27,23.1875,1
2026-08-10 13:47:27,23.078125,1
2026-08-10 13:47:27,23.078125,1
2026-08-10 13:47:27,23.265625,1
2026-08-10 13:47:27,23.265625,1
2026-08-10 13:47:27,23.21875,1
2026-08-10 13:47:27,23.21875,1
2026-08-10 13:47:27,23.109375,1
2026-08-10 13:47:27,23.109375,1
2026-08-10 13:47:27,23.078125,1
2026-08-10 13:47:27,23.078125,1
2026-08-10 13:47:28,23.171875,1
2026-08-10 13:47:28,23.171875,1
2026-08-10 13:47:28,23.15625,1
2026-08-10 13:47:28,23.15625,1
2026-08-10 13:47:28,23.28125,1
2026-08-10 13:47:28,23.28125,1
2026-08-10 13:47:28,23.3125,1
2026-08-10 13:47:28,23.3125,1
2026-08-10 13:47:28,23.28125,1
2026-08-10 13:47:28,23.28125,1
2026-08-10 13:47:28,23.34375,1
2026-08-10 13:47:28,23.34375,1
2026-08-10 13:47:28,23.203125,1
2026-08-10 13:47:28,23.203125,1
2026-08-10 13:47:28,23.15625,1
2026-08-10 13:47:28,23.15625,1
2026-08-10 13:47:28,23.296875,1
2026-08-10 13:47:28,23.296875,1
2026-08-10 13:47:28,23.078125,1
2026-08-10 13:47:28,23.078125,1
2026-08-10 13:47:29,23.171875,1
2026-08-10 13:47:29,23.171875,1
2026-08-10 13:47:29,23.15625,1
2026-08-10 13:47:29,23.15625,1
2026-08-10 13:47:29,23.140625,1
2026-08-10 13:47:29,23.140625,1
2026-08-10 13:47:29,23.0625,1
2026-08-10 13:47:29,23.0625,1
2026-08-10 13:47:29,23.078125,1
2026-08-10 13:47:29,23.078125,1
2026-08-10 13:47:29,23.265625,1
2026-08-10 13:47:29,23.265625,1
2026-08-10 13:47:29,23.265625,1
2026-08-10 13:47:29,23.265625,1
2026-08-10 13:47:29,23.1875,1
2026-08-10 13:47:29,23.1875,1
2026-08-10 13:47:29,23.359375,1
2026-08-10 13:47:29,23.359375,1
2026-08-10 13:47:29,23.140625,1
2026-08-10 13:47:29,23.140625,1
2026-08-10 13:47:30,23.265625,1
2026-08-10 13:47:30,23.265625,1
2026-08-10 13:47:30,23.265625,1
2026-08-10 13:47:30,23.265625,1
2026-08-10 13:47:30,23.1875,1
2026-08-10 13:47:30,23.1875,1
2026-08-10 13:47:30,23.390625,1
2026-08-10 13:47:30,23.390625,1
2026-08-10 13:47:30,23.40625,1
2026-08-10 13:47:30,23.40625,1
2026-08-10 13:47:30,23.296875,1
2026-08-10 13:47:30,23.296875,1
2026-08-10 13:47:30,23.25,1
2026-08-10 13:47:30,23.25,1
2026-08-10 13:47:30,23.28125,1
2026-08-10 13:47:30,23.28125,1
2026-08-10 13:47:30,23.203125,1
2026-08-10 13:47:30,23.203125,1
2026-08-10 13:47:30,23.15625,1
2026-08-10 13:47:30,23.15625,1
2026-08-10 13:47:31,22.390625,1
2026-08-10 13:47:31,22.390625,1
2026-08-10 13:47:31,22.515625,1
2026-08-10 13:47:31,22.515625,1
2026-08-10 13:47:31,22.421875,1
2026-08-10 13:47:31,22.421875,1
2026-08-10 13:47:31,21.96875,1
2026-08-10 13:47:31,21.96875,1
2026-08-10 13:47:31,21.921875,1
2026-08-10 13:47:31,21.921875,1
2026-08-10 13:47:31,22.078125,1
2026-08-10 13:47:31,22.078125,1
2026-08-10 13:47:31,22.15625,1
2026-08-10 13:47:31,22.15625,1
2026-08-10 13:47:31,21.796875,1
2026-08-10 13:47:31,21.796875,1
2026-08-10 13:47:31,21.984375,1
2026-08-10 13:47:31,21.984375,1
2026-08-10 13:47:31,21.953125,1
2026-08-10 13:47:31,21.953125,1
2026-08-10 13:47:32,22.125,1
2026-08-10 13:47:32,22.125,1
2026-08-10 13:47:32,21.71875,1
2026-08-10 13:47:32,21.71875,1
2026-08-10 13:47:32,21.640625,1
2026-08-10 13:47:32,21.640625,1
2026-08-10 13:47:32,21.6875,1
2026-08-10 13:47:32,21.6875,1
2026-08-10 13:47:32,21.6875,1
2026-08-10 13:47:32,21.6875,1
2026-08-10 13:47:32,21.578125,1
2026-08-10 13:47:32,21.578125,1
2026-08-10 13:47:32,21.625,1
2026-08-10 13:47:32,21.625,1
2026-08-10 13:47:32,21.609375,1
2026-08-10 13:47:32,21.609375,1
2026-08-10 13:47:32,22.125,1
2026-08-10 13:47:32,22.125,1
2026-08-10 13:47:32,21.765625,1
2026-08-10 13:47:32,21.765625,1
2026-08-10 13:47:33,21.75,1
2026-08-10 13:47:33,21.75,1
2026-08-10 13:47:33,21.984375,1
2026-08-10 13:47:33,21.984375,1
2026-08-10 13:47:33,21.875,1
2026-08-10 13:47:33,21.875,1
2026-08-10 13:47:33,21.8125,1
2026-08-10 13:47:33,21.8125,1
2026-08-10 13:47:33,21.8125,1
2026-08-10 13:47:33,21.8125,1
2026-08-10 13:47:33,21.1875,1
2026-08-10 13:47:33,21.1875,1
2026-08-10 13:47:33,21.046875,1
2026-08-10 13:47:33,21.046875,1
2026-08-10 13:47:33,20.9375,1
2026-08-10 13:47:33,20.9375,1
2026-08-10 13:47:33,20.3125,1
2026-08-10 13:47:33,20.3125,1
2026-08-10 13:47:33,20.328125,1
2026-08-10 13:47:33,20.328125,1
2026-08-10 13:47:34,20.3125,1
2026-08-10 13:47:34,20.3125,1
2026-08-10 13:47:34,20.234375,1
2026-08-10 13:47:34,20.234375,1
2026-08-10 13:47:34,20.25,1
2026-08-10 13:47:34,20.25,1
2026-08-10 13:47:34,20.25,1
2026-08-10 13:47:34,20.25,1
2026-08-10 13:47:34,20.328125,1
2026-08-10 13:47:34,20.328125,1
2026-08-10 13:47:34,20.28125,1
2026-08-10 13:47:34,20.28125,1
2026-08-10 13:47:34,20.296875,1
2026-08-10 13:47:34,20.296875,1
2026-08-10 13:47:34,20.390625,1
2026-08-10 13:47:34,20.390625,1
2026-08-10 13:47:34,20.40625,1
2026-08-10 13:47:34,20.40625,1
2026-08-10 13:47:34,20.375,1
2026-08-10 13:47:34,20.375,1
2026-08-10 13:47:35,20.390625,1
2026-08-10 13:47:35,20.390625,1
2026-08-10 13:47:35,20.390625,1
2026-08-10 13:47:35,20.390625,1
2026-08-10 13:47:35,20.328125,1
2026-08-10 13:47:35,20.328125,1
2026-08-10 13:47:35,20.3125,1
2026-08-10 13:47:35,20.3125,1
2026-08-10 13:47:35,20.21875,1
2026-08-10 13:47:35,20.21875,1
2026-08-10 13:47:35,20.203125,1
2026-08-10 13:47:35,20.203125,1
2026-08-10 13:47:35,19.34375,1
2026-08-10 13:47:35,19.34375,1
2026-08-10 13:47:35,19.21875,1
2026-08-10 13:47:35,19.21875,1
2026-08-10 13:47:35,19.28125,1
2026-08-10 13:47:35,19.28125,1
2026-08-10 13:47:35,19.171875,1
2026-08-10 13:47:35,19.171875,1
2026-08-10 13:47:36,18.703125,1
2026-08-10 13:47:36,18.703125,1
2026-08-10 13:47:36,18.484375,1
2026-08-10 13:47:36,18.484375,1
2026-08-10 13:47:36,18.4375,1
2026-08-10 13:47:36,18.4375,1
2026-08-10 13:47:36,16.6875,1
2026-08-10 13:47:36,16.6875,1
2026-08-10 13:47:36,16.65625,1
2026-08-10 13:47:36,16.65625,1
2026-08-10 13:47:36,16.640625,1
2026-08-10 13:47:36,16.640625,1
2026-08-10 13:47:36,16.53125,1
2026-08-10 13:47:36,16.53125,1
2026-08-10 13:47:36,15.109375,1
2026-08-10 13:47:36,15.109375,1
2026-08-10 13:47:36,15.0,1
2026-08-10 13:47:36,15.0,1
2026-08-10 13:47:36,14.890625,1
2026-08-10 13:47:36,14.890625,1
2026-08-10 13:47:37,14.078125,1
2026-08-10 13:47:37,14.078125,1
2026-08-10 13:47:37,13.609375,1
2026-08-10 13:47:37,13.609375,1
2026-08-10 13:47:37,13.265625,1
2026-08-10 13:47:37,13.265625,1
2026-08-10 13:47:37,13.234375,1
2026-08-10 13:47:37,13.234375,1
2026-08-10 13:47:37,12.140625,1
2026-08-10 13:47:37,12.140625,1
2026-08-10 13:47:37,12.1875,1
2026-08-10 13:47:37,12.1875,1
2026-08-10 13:47:37,12.140625,1
2026-08-10 13:47:37,12.140625,1
2026-08-10 13:47:37,11.03125,1
2026-08-10 13:47:37,11.03125,1
2026-08-10 13:47:37,10.953125,1
2026-08-10 13:47:37,10.953125,1
2026-08-10 13:47:37,10.765625,1
2026-08-10 13:47:37,10.765625,1
2026-08-10 13:47:38,10.609375,1
2026-08-10 13:47:38,10.609375,1
2026-08-10 13:47:38,9.75,1
2026-08-10 13:47:38,9.75,1
2026-08-10 13:47:38,9.78125,1
2026-08-10 13:47:38,9.78125,1
2026-08-10 13:47:38,9.890625,1
2026-08-10 13:47:38,9.890625,1
2026-08-10 13:47:38,10.015625,1
2026-08-10 13:47:38,10.015625,1
2026-08-10 13:47:38,10.078125,1
2026-08-10 13:47:38,10.078125,1
2026-08-10 13:47:38,10.171875,1
2026-08-10 13:47:38,10.171875,1
2026-08-10 13:47:38,10.296875,1
2026-08-10 13:47:38,10.296875,1
2026-08-10 13:47:38,11.40625,1
2026-08-10 13:47:38,11.40625,1
2026-08-10 13:47:38,11.5625,1
2026-08-10 13:47:38,11.5625,1
2026-08-10 13:47:39,11.671875,1
2026-08-10 13:47:39,11.671875,1
2026-08-10 13:47:39,13.28125,1
2026-08-10 13:47:39,13.28125,1
2026-08-10 13:47:39,13.375,1
2026-08-10 13:47:39,13.375,1
2026-08-10 13:47:39,13.390625,1
2026-08-10 13:47:39,13.390625,1
2026-08-10 13:47:39,13.5,1
2026-08-10 13:47:39,13.5,1
2026-08-10 13:47:39,14.109375,1
2026-08-10 13:47:39,14.109375,1
2026-08-10 13:47:39,14.09375,1
2026-08-10 13:47:39,14.09375,1
2026-08-10 13:47:39,14.015625,1
2026-08-10 13:47:39,14.015625,1
2026-08-10 13:47:39,13.953125,1
2026-08-10 13:47:39,13.953125,1
2026-08-10 13:47:39,13.890625,1
2026-08-10 13:47:39,13.890625,1
2026-08-10 13:47:40,13.953125,1
2026-08-10 13:47:40,13.953125,1
2026-08-10 13:47:40,13.875,1
2026-08-10 13:47:40,13.875,1
2026-08-10 13:47:40,12.953125,1
2026-08-10 13:47:40,12.953125,1
2026-08-10 13:47:40,12.8125,1
2026-08-10 13:47:40,12.8125,1
2026-08-10 13:47:40,12.5625,1
2026-08-10 13:47:40,12.5625,1
2026-08-10 13:47:40,12.390625,1
2026-08-10 13:47:40,12.390625,1
2026-08-10 13:47:40,11.796875,1
2026-08-10 13:47:40,11.796875,1
2026-08-10 13:47:40,11.8125,1
2026-08-10 13:47:40,11.8125,1
2026-08-10 13:47:40,11.90625,1
2026-08-10 13:47:40,11.90625,1
2026-08-10 13:47:40,11.9375,1
2026-08-10 13:47:40,11.9375,1
2026-08-10 13:47:41,11.640625,1
2026-08-10 13:47:41,11.640625,1
2026-08-10 13:47:41,11.65625,1
2026-08-10 13:47:41,11.65625,1
2026-08-10 13:47:41,11.625,1
2026-08-10 13:47:41,11.625,1
2026-08-10 13:47:41,11.984375,1
2026-08-10 13:47:41,11.984375,1
2026-08-10 13:47:41,11.953125,1
2026-08-10 13:47:41,11.953125,1
2026-08-10 13:47:41,11.890625,1
2026-08-10 13:47:41,11.890625,1
2026-08-10 13:47:41,11.9375,1
2026-08-10 13:47:41,11.9375,1
2026-08-10 13:47:41,12.71875,1
2026-08-10 13:47:41,12.71875,1
2026-08-10 13:47:41,12.90625,1
2026-08-10 13:47:41,12.90625,1
2026-08-10 13:47:41,13.03125,1
2026-08-10 13:47:41,13.03125,1
2026-08-10 13:47:42,14.796875,1
2026-08-10 13:47:42,14.796875,1
2026-08-10 13:47:42,15.0625,1
2026-08-10 13:47:42,15.0625,1
2026-08-10 13:47:42,15.3125,1
2026-08-10 13:47:42,15.3125,1
2026-08-10 13:47:42,15.5,1
2026-08-10 13:47:42,15.5,1
2026-08-10 13:47:42,18.78125,1
2026-08-10 13:47:42,18.78125,1
2026-08-10 13:47:42,18.875,1
2026-08-10 13:47:42,18.875,1
2026-08-10 13:47:42,19.09375,1
2026-08-10 13:47:42,19.09375,1
2026-08-10 13:47:42,21.1875,1
2026-08-10 13:47:42,21.1875,1
2026-08-10 13:47:42,21.65625,1
2026-08-10 13:47:42,21.65625,1
2026-08-10 13:47:42,22.0625,1
2026-08-10 13:47:42,22.0625,1
2026-08-10 13:47:43,22.234375,1
2026-08-10 13:47:43,22.234375,1
2026-08-10 13:47:43,22.390625,1
2026-08-10 13:47:43,22.390625,1
2026-08-10 13:47:43,22.71875,1
2026-08-10 13:47:43,22.71875,1
2026-08-10 13:47:43,22.890625,1
2026-08-10 13:47:43,22.890625,1
2026-08-10 13:47:43,22.5,1
2026-08-10 13:47:43,22.5,1
2026-08-10 13:47:43,22.640625,1
2026-08-10 13:47:43,22.640625,1
2026-08-10 13:47:43,22.890625,1
2026-08-10 13:47:43,22.890625,1
2026-08-10 13:47:43,22.84375,1
2026-08-10 13:47:43,22.84375,1
2026-08-10 13:47:43,23.1875,1
2026-08-10 13:47:43,23.1875,1
2026-08-10 13:47:43,23.359375,1
2026-08-10 13:47:43,23.359375,1
2026-08-10 13:47:44,23.40625,1
2026-08-10 13:47:44,23.40625,1
2026-08-10 13:47:44,23.203125,1
2026-08-10 13:47:44,23.203125,1
2026-08-10 13:47:44,23.203125,1
2026-08-10 13:47:44,23.203125,1
2026-08-10 13:47:44,23.3125,1
2026-08-10 13:47:44,23.3125,1
2026-08-10 13:47:44,23.125,1
2026-08-10 13:47:44,23.125,1
2026-08-10 13:47:44,22.859375,1
2026-08-10 13:47:44,22.859375,1
2026-08-10 13:47:44,22.765625,1
2026-08-10 13:47:44,22.765625,1
2026-08-10 13:47:44,22.765625,1
2026-08-10 13:47:44,22.765625,1
2026-08-10 13:47:44,22.25,1
2026-08-10 13:47:44,22.25,1
2026-08-10 13:47:44,22.46875,1
2026-08-10 13:47:44,22.46875,1
2026-08-10 13:47:45,22.453125,1
2026-08-10 13:47:45,22.453125,1
2026-08-10 13:47:45,22.484375,1
2026-08-10 13:47:45,22.484375,1
2026-08-10 13:47:45,21.765625,1
2026-08-10 13:47:45,21.765625,1
2026-08-10 13:47:45,21.671875,1
2026-08-10 13:47:45,21.671875,1
2026-08-10 13:47:45,21.75,1
2026-08-10 13:47:45,21.75,1
2026-08-10 13:47:45,21.5625,1
2026-08-10 13:47:45,21.5625,1
2026-08-10 13:47:45,21.5,1
2026-08-10 13:47:45,21.5,1
2026-08-10 13:47:45,21.59375,1
2026-08-10 13:47:45,21.59375,1
2026-08-10 13:47:45,21.453125,1
2026-08-10 13:47:45,21.453125,1
2026-08-10 13:47:45,21.3125,1
2026-08-10 13:47:45,21.3125,1
2026-08-10 13:47:46,21.265625,1
2026-08-10 13:47:46,21.265625,1
2026-08-10 13:47:46,21.296875,1
2026-08-10 13:47:46,21.296875,1
2026-08-10 13:47:46,21.21875,1
2026-08-10 13:47:46,21.21875,1
2026-08-10 13:47:46,21.484375,1
2026-08-10 13:47:46,21.484375,1
2026-08-10 13:47:46,21.46875,1
2026-08-10 13:47:46,21.46875,1
2026-08-10 13:47:46,21.25,1
2026-08-10 13:47:46,21.25,1
2026-08-10 13:47:46,21.78125,1
2026-08-10 13:47:46,21.78125,1
2026-08-10 13:47:46,21.78125,1
2026-08-10 13:47:46,21.78125,1
2026-08-10 13:47:46,21.828125,1
2026-08-10 13:47:46,21.828125,1
2026-08-10 13:47:46,21.984375,1
2026-08-10 13:47:46,21.984375,1
2026-08-10 13:47:47,22.484375,1
2026-08-10 13:47:47,22.484375,1
2026-08-10 13:47:47,22.578125,1
2026-08-10 13:47:47,22.578125,1
2026-08-10 13:47:47,22.71875,1
2026-08-10 13:47:47,22.71875,1
2026-08-10 13:47:47,23.46875,1
2026-08-10 13:47:47,23.46875,1
2026-08-10 13:47:47,23.5625,1
2026-08-10 13:47:47,23.5625,1
2026-08-10 13:47:47,23.765625,1
2026-08-10 13:47:47,23.765625,1
2026-08-10 13:47:47,23.71875,1
2026-08-10 13:47:47,23.71875,1
2026-08-10 13:47:47,24.171875,1
2026-08-10 13:47:47,24.171875,1
2026-08-10 13:47:47,23.984375,1
2026-08-10 13:47:47,23.984375,1
2026-08-10 13:47:47,23.9375,1
2026-08-10 13:47:47,23.9375,1
2026-08-10 13:47:48,22.8125,1
2026-08-10 13:47:48,22.8125,1
2026-08-10 13:47:48,22.71875,1
2026-08-10 13:47:48,22.71875,1
2026-08-10 13:47:48,22.703125,1
2026-08-10 13:47:48,22.703125,1
2026-08-10 13:47:48,22.71875,1
2026-08-10 13:47:48,22.71875,1
2026-08-10 13:47:48,22.40625,1
2026-08-10 13:47:48,22.40625,1
2026-08-10 13:47:48,22.25,1
2026-08-10 13:47:48,22.25,1
2026-08-10 13:47:48,22.109375,1
2026-08-10 13:47:48,22.109375,1
2026-08-10 13:47:48,22.09375,1
2026-08-10 13:47:48,22.09375,1
2026-08-10 13:47:48,21.578125,1
2026-08-10 13:47:48,21.578125,1
2026-08-10 13:47:48,21.53125,1
2026-08-10 13:47:48,21.53125,1
2026-08-10 13:47:49,21.59375,1
2026-08-10 13:47:49,21.59375,1
2026-08-10 13:47:49,21.53125,1
2026-08-10 13:47:49,21.53125,1
2026-08-10 13:47:49,21.65625,1
2026-08-10 13:47:49,21.65625,1
2026-08-10 13:47:49,21.578125,1
2026-08-10 13:47:49,21.578125,1
2026-08-10 13:47:49,21.46875,1
2026-08-10 13:47:49,21.46875,1
2026-08-10 13:47:49,20.546875,1
2026-08-10 13:47:49,20.546875,1
2026-08-10 13:47:49,20.578125,1
2026-08-10 13:47:49,20.578125,1
2026-08-10 13:47:49,20.46875,1
2026-08-10 13:47:49,20.46875,1
2026-08-10 13:47:49,20.578125,1
2026-08-10 13:47:49,20.578125,1
2026-08-10 13:47:49,20.21875,1
2026-08-10 13:47:49,20.21875,1
2026-08-10 13:47:50,20.21875,1
2026-08-10 13:47:50,20.21875,1
2026-08-10 13:47:50,20.28125,1
2026-08-10 13:47:50,20.28125,1
2026-08-10 13:47:50,19.984375,1
2026-08-10 13:47:50,19.984375,1
2026-08-10 13:47:50,20.0625,1
2026-08-10 13:47:50,20.0625,1
2026-08-10 13:47:50,20.140625,1
2026-08-10 13:47:50,20.140625,1
2026-08-10 13:47:50,20.109375,1
2026-08-10 13:47:50,20.109375,1
2026-08-10 13:47:50,20.140625,1
2026-08-10 13:47:50,20.140625,1
2026-08-10 13:47:50,20.078125,1
2026-08-10 13:47:50,20.078125,1
2026-08-10 13:47:50,20.078125,1
2026-08-10 13:47:50,20.078125,1
2026-08-10 13:47:50,20.03125,1
2026-08-10 13:47:50,20.03125,1
2026-08-10 13:47:51,19.984375,1
2026-08-10 13:47:51,19.984375,1
2026-08-10 13:47:51,20.03125,1
2026-08-10 13:47:51,20.03125,1
2026-08-10 13:47:51,20.015625,1
2026-08-10 13:47:51,20.015625,1
2026-08-10 13:47:51,19.25,1
2026-08-10 13:47:51,19.25,1
2026-08-10 13:47:51,18.890625,1
2026-08-10 13:47:51,18.890625,1
2026-08-10 13:47:51,18.796875,1
2026-08-10 13:47:51,18.796875,1
2026-08-10 13:47:51,15.828125,1
2026-08-10 13:47:51,15.828125,1
2026-08-10 13:47:51,15.640625,1
2026-08-10 13:47:51,15.640625,1
2026-08-10 13:47:51,15.484375,1
2026-08-10 13:47:51,15.484375,1
2026-08-10 13:47:51,15.40625,1
2026-08-10 13:47:51,15.40625,1
2026-08-10 13:47:52,14.46875,1
2026-08-10 13:47:52,14.46875,1
2026-08-10 13:47:52,14.390625,1
2026-08-10 13:47:52,14.390625,1
2026-08-10 13:47:52,14.390625,1
2026-08-10 13:47:52,14.390625,1
2026-08-10 13:47:52,12.296875,1
2026-08-10 13:47:52,12.296875,1
2026-08-10 13:47:52,12.28125,1
2026-08-10 13:47:52,12.28125,1
2026-08-10 13:47:52,12.296875,1
2026-08-10 13:47:52,12.296875,1
2026-08-10 13:47:52,12.25,1
2026-08-10 13:47:52,12.25,1
2026-08-10 13:47:52,11.984375,1
2026-08-10 13:47:52,11.984375,1
2026-08-10 13:47:52,11.953125,1
2026-08-10 13:47:52,11.953125,1
2026-08-10 13:47:52,11.859375,1
2026-08-10 13:47:52,11.859375,1
2026-08-10 13:47:53,11.796875,1
2026-08-10 13:47:53,11.796875,1
2026-08-10 13:47:53,10.671875,1
2026-08-10 13:47:53,10.671875,1
2026-08-10 13:47:53,10.625,1
2026-08-10 13:47:53,10.625,1
2026-08-10 13:47:53,10.515625,1
2026-08-10 13:47:53,10.515625,1
2026-08-10 13:47:53,9.15625,1
2026-08-10 13:47:53,9.15625,1
2026-08-10 13:47:53,9.0,1
2026-08-10 13:47:53,9.0,1
2026-08-10 13:47:53,8.796875,1
2026-08-10 13:47:53,8.796875,1
2026-08-10 13:47:53,8.734375,1
2026-08-10 13:47:53,8.734375,1
2026-08-10 13:47:53,7.53125,1
2026-08-10 13:47:53,7.53125,1
2026-08-10 13:47:53,7.4375,1
2026-08-10 13:47:53,7.4375,1
2026-08-10 13:47:54,7.40625,1
2026-08-10 13:47:54,7.40625,1
2026-08-10 13:47:54,6.296875,1
2026-08-10 13:47:54,6.296875,1
2026-08-10 13:47:54,6.234375,1
2026-08-10 13:47:54,6.234375,1
2026-08-10 13:47:54,6.171875,1
2026-08-10 13:47:54,6.171875,1
2026-08-10 13:47:54,6.09375,1
2026-08-10 13:47:54,6.09375,1
2026-08-10 13:47:54,5.234375,1
2026-08-10 13:47:54,5.234375,1
2026-08-10 13:47:54,5.203125,1
2026-08-10 13:47:54,5.203125,1
2026-08-10 13:47:54,5.125,1
2026-08-10 13:47:54,5.125,1
2026-08-10 13:47:54,4.625,1
2026-08-10 13:47:54,4.625,1
2026-08-10 13:47:54,4.640625,1
2026-08-10 13:47:54,4.640625,1
2026-08-10 13:47:55,4.65625,1
2026-08-10 13:47:55,4.65625,1
2026-08-10 13:47:55,4.65625,1
2026-08-10 13:47:55,4.65625,1
2026-08-10 13:47:55,4.421875,1
2026-08-10 13:47:55,4.421875,1
2026-08-10 13:47:55,4.390625,1
2026-08-10 13:47:55,4.390625,1
2026-08-10 13:47:55,4.390625,1
2026-08-10 13:47:55,4.390625,1
2026-08-10 13:47:55,4.375,1
2026-08-10 13:47:55,4.375,1
2026-08-10 13:47:55,4.296875,1
2026-08-10 13:47:55,4.296875,1
2026-08-10 13:47:55,4.203125,1
2026-08-10 13:47:55,4.203125,1
2026-08-10 13:47:55,4.140625,1
2026-08-10 13:47:55,4.140625,1
2026-08-10 13:47:55,4.03125,1
2026-08-10 13:47:55,4.03125,1
2026-08-10 13:47:56,4.015625,1
2026-08-10 13:47:56,4.015625,1
2026-08-10 13:47:56,4.046875,1
2026-08-10 13:47:56,4.046875,1
2026-08-10 13:47:56,4.078125,1
2026-08-10 13:47:56,4.078125,1
2026-08-10 13:47:56,3.890625,1
2026-08-10 13:47:56,3.890625,1
2026-08-10 13:47:56,3.78125,1
2026-08-10 13:47:56,3.78125,1
2026-08-10 13:47:56,3.71875,1
2026-08-10 13:47:56,3.71875,1
2026-08-10 13:47:56,3.71875,1
2026-08-10 13:47:56,3.71875,1
2026-08-10 13:47:56,3.203125,1
2026-08-10 13:47:56,3.203125,1
2026-08-10 13:47:56,3.171875,1
2026-08-10 13:47:56,3.171875,1
2026-08-10 13:47:56,3.1875,1
2026-08-10 13:47:56,3.1875,1
2026-08-10 13:47:57,2.046875,1
2026-08-10 13:47:57,2.046875,1
2026-08-10 13:47:57,1.984375,1
2026-08-10 13:47:57,1.984375,1
2026-08-10 13:47:57,1.78125,1
2026-08-10 13:47:57,1.78125,1
2026-08-10 13:47:57,0.421875,1
2026-08-10 13:47:57,0.421875,1
2026-08-10 13:47:57,0.421875,1
2026-08-10 13:47:57,0.421875,1
2026-08-10 13:47:57,0.0,1
2026-08-10 13:47:57,0.0,1
2026-08-10 13:47:57,0.0,1
2026-08-10 13:47:57,0.0,1
2026-08-10 13:47:57,0.0,1
2026-08-10 13:47:57,0.0,1
2026-08-10 13:47:57,0.0,1
2026-08-10 13:47:57,0.0,1
2026-08-10 13:47:57,0.0,1
2026-08-10 13:47:57,0.0,1
2026-08-10 13:47:58,0.0,1
2026-08-10 13:47:58,0.0,1
2026-08-10 13:47:58,0.0,1
2026-08-10 13:47:58,0.0,1
2026-08-10 13:47:58,0.0,1
2026-08-10 13:47:58,0.0,1
2026-08-10 13:47:58,0.0,1
2026-08-10 13:47:58,0.0,1
2026-08-10 13:47:58,0.0,1
2026-08-10 13:47:58,0.0,1
2026-08-10 13:47:58,0.0,1
2026-08-10 13:47:58,0.0,1
2026-08-10 13:47:58,0.0,1
2026-08-10 13:47:58,0.0,1
2026-08-10 13:47:58,0.0,1
2026-08-10 13:47:58,0.0,1
2026-08-10 13:47:58,0.0,1
2026-08-10 13:47:58,0.0,1
2026-08-10 13:47:58,0.0,1
2026-08-10 13:47:58,0.0,1
2026-08-10 13:47:59,0.0,1
2026-08-10 13:47:59,0.0,1
2026-08-10 13:47:59,0.0,1
2026-08-10 13:47:59,0.0,1
2026-08-10 13:47:59,0.0,1
2026-08-10 13:47:59,0.0,1
2026-08-10 13:47:59,0.0,1
2026-08-10 13:47:59,0.0,1
2026-08-10 13:47:59,0.0,1
2026-08-10 13:47:59,0.0,1
2026-08-10 13:47:59,0.0,1
2026-08-10 13:47:59,0.0,1
2026-08-10 13:47:59,0.0,1
2026-08-10 13:47:59,0.0,1
2026-08-10 13:47:59,0.0,1
2026-08-10 13:47:59,0.0,1
2026-08-10 13:47:59,0.0,1
2026-08-10 13:47:59,0.0,1
2026-08-10 13:47:59,0.0,1
2026-08-10 13:47:59,0.0,1
2026-08-10 13:48:00,0.0,1
2026-08-10 13:48:00,0.0,1
2026-08-10 13:48:00,0.0,1
2026-08-10 13:48:00,0.0,1
2026-08-10 13:48:00,0.0,1
2026-08-10 13:48:00,0.0,1
2026-08-10 13:48:00,0.0,1
2026-08-10 13:48:00,0.0,1
2026-08-10 13:48:00,0.0,1
2026-08-10 13:48:00,0.0,1
2026-08-10 13:48:00,0.0,1
2026-08-10 13:48:00,0.0,1
2026-08-10 13:48:00,0.0,1
2026-08-10 13:48:00,0.0,1
2026-08-10 13:48:00,0.0,1
2026-08-10 13:48:00,0.0,1
2026-08-10 13:48:00,0.0,1
2026-08-10 13:48:00,0.0,1
2026-08-10 13:48:00,0.0,1
2026-08-10 13:48:00,0.0,1
2026-08-10 13:48:01,0.0,1
2026-08-10 13:48:01,0.0,1
2026-08-10 13:48:01,0.0,1
2026-08-10 13:48:01,0.0,1
2026-08-10 13:48:01,0.0,1
2026-08-10 13:48:01,0.0,1
2026-08-10 13:48:01,0.0,1
2026-08-10 13:48:01,0.0,1
2026-08-10 13:48:01,0.0,1
2026-08-10 13:48:01,0.0,1
2026-08-10 13:48:01,0.0,1
2026-08-10 13:48:01,0.0,1
2026-08-10 13:48:01,0.0,1
2026-08-10 13:48:01,0.0,1
2026-08-10 13:48:01,0.0,1
2026-08-10 13:48:01,0.0,1
2026-08-10 13:48:01,0.0,1
2026-08-10 13:48:01,0.0,1
2026-08-10 13:48:01,0.0,1
2026-08-10 13:48:01,0.0,1
2026-08-10 13:48:02,0.0,1
2026-08-10 13:48:02,0.0,1
2026-08-10 13:48:02,0.0,1
2026-08-10 13:48:02,0.0,1
2026-08-10 13:48:02,0.0,1
2026-08-10 13:48:02,0.0,1
2026-08-10 13:48:02,0.0,1
2026-08-10 13:48:02,0.0,1
2026-08-10 13:48:02,0.0,1
2026-08-10 13:48:02,0.0,1
2026-08-10 13:48:02,0.0,1
2026-08-10 13:48:02,0.0,1
2026-08-10 13:48:02,0.0,1
2026-08-10 13:48:02,0.0,1
2026-08-10 13:48:02,0.0,1
2026-08-10 13:48:02,0.0,1
2026-08-10 13:48:02,0.0,1
2026-08-10 13:48:02,0.0,1
2026-08-10 13:48:02,0.0,1
2026-08-10 13:48:02,0.0,1
2026-08-10 13:48:03,0.0,1
2026-08-10 13:48:03,0.0,1
2026-08-10 13:48:03,0.0,1
2026-08-10 13:48:03,0.0,1
2026-08-10 13:48:03,0.0,1
2026-08-10 13:48:03,0.0,1
2026-08-10 13:48:03,0.0,1
2026-08-10 13:48:03,0.0,1
2026-08-10 13:48:03,0.0,1
2026-08-10 13:48:03,0.0,1
2026-08-10 13:48:03,0.0,1
2026-08-10 13:48:03,0.0,1
2026-08-10 13:48:03,0.0,1
2026-08-10 13:48:03,0.0,1
2026-08-10 13:48:03,0.0,1
2026-08-10 13:48:03,0.0,1
2026-08-10 13:48:03,0.0,1
2026-08-10 13:48:03,0.0,1
2026-08-10 13:48:03,0.0,1
2026-08-10 13:48:03,0.0,1
2026-08-10 13:48:04,0.0,1
2026-08-10 13:48:04,0.0,1
2026-08-10 13:48:04,0.0,1
2026-08-10 13:48:04,0.0,1
2026-08-10 13:48:04,0.0,1
2026-08-10 13:48:04,0.0,1
2026-08-10 13:48:04,0.0,1
2026-08-10 13:48:04,0.0,1
2026-08-10 13:48:04,0.0,1
2026-08-10 13:48:04,0.0,1
2026-08-10 13:48:04,0.0,1
2026-08-10 13:48:04,0.0,1
2026-08-10 13:48:04,0.0,1
2026-08-10 13:48:04,0.0,1
2026-08-10 13:48:04,0.0,1
2026-08-10 13:48:04,0.0,1
2026-08-10 13:48:04,0.0,1
2026-08-10 13:48:04,0.0,1
2026-08-10 13:48:04,0.0,1
2026-08-10 13:48:04,0.0,1
2026-08-10 13:48:05,0.0,1
2026-08-10 13:48:05,0.0,1
2026-08-10 13:48:05,0.0,1
2026-08-10 13:48:05,0.0,1
2026-08-10 13:48:05,0.0,1
2026-08-10 13:48:05,0.0,1
2026-08-10 13:48:05,0.0,1
2026-08-10 13:48:05,0.0,1
2026-08-10 13:48:05,0.0,1
2026-08-10 13:48:05,0.0,1
2026-08-10 13:48:05,0.0,1
2026-08-10 13:48:05,0.0,1
2026-08-10 13:48:05,0.0,1
2026-08-10 13:48:05,0.0,1
2026-08-10 13:48:05,0.0,1
2026-08-10 13:48:05,0.0,1
2026-08-10 13:48:05,0.0,1
2026-08-10 13:48:05,0.0,1
2026-08-10 13:48:05,0.0,1
2026-08-10 13:48:05,0.0,1
2026-08-10 13:48:06,0.0,1
2026-08-10 13:48:06,0.0,1
2026-08-10 13:48:06,0.0,1
2026-08-10 13:48:06,0.0,1
2026-08-10 13:48:06,0.0,1
2026-08-10 13:48:06,0.0,1
2026-08-10 13:48:06,0.0,1
2026-08-10 13:48:06,0.0,1
2026-08-10 13:48:06,0.0,1
2026-08-10 13:48:06,0.0,1
2026-08-10 13:48:06,0.0,1
2026-08-10 13:48:06,0.0,1
2026-08-10 13:48:06,0.0,1
2026-08-10 13:48:06,0.0,1
2026-08-10 13:48:06,0.0,1
2026-08-10 13:48:06,0.0,1
2026-08-10 13:48:06,0.0,1
2026-08-10 13:48:06,0.0,1
2026-08-10 13:48:06,0.0,1
2026-08-10 13:48:06,0.0,1
2026-08-10 13:48:07,0.0,1
2026-08-10 13:48:07,0.0,1
2026-08-10 13:48:07,0.0,1
2026-08-10 13:48:07,0.0,1
2026-08-10 13:48:07,0.0,1
2026-08-10 13:48:07,0.0,1
2026-08-10 13:48:07,0.0,1
2026-08-10 13:48:07,0.0,1
2026-08-10 13:48:07,0.0,1
2026-08-10 13:48:07,0.0,1
2026-08-10 13:48:07,0.0,1
2026-08-10 13:48:07,0.0,1
2026-08-10 13:48:07,0.0,1
2026-08-10 13:48:07,0.0,1
2026-08-10 13:48:07,0.0,1
2026-08-10 13:48:07,0.0,1
2026-08-10 13:48:07,0.0,1
2026-08-10 13:48:07,0.0,1
2026-08-10 13:48:07,0.0,1
2026-08-10 13:48:07,0.0,1
2026-08-10 13:48:08,0.0,1
2026-08-10 13:48:08,0.0,1
2026-08-10 13:48:08,0.0,1
2026-08-10 13:48:08,0.0,1
2026-08-10 13:48:08,0.0,1
2026-08-10 13:48:08,0.0,1
2026-08-10 13:48:08,0.0,1
2026-08-10 13:48:08,0.0,1
2026-08-10 13:48:08,0.0,1
2026-08-10 13:48:08,0.0,1
2026-08-10 13:48:08,0.0,1
2026-08-10 13:48:08,0.0,1
2026-08-10 13:48:08,0.0,1
2026-08-10 13:48:08,0.0,1
2026-08-10 13:48:08,0.0,1
2026-08-10 13:48:08,0.0,1
2026-08-10 13:48:08,0.0,1
2026-08-10 13:48:08,0.0,1
2026-08-10 13:48:08,0.0,1
2026-08-10 13:48:08,0.0,1
2026-08-10 13:48:09,0.0,1
2026-08-10 13:48:09,0.0,1
2026-08-10 13:48:09,0.0,1
2026-08-10 13:48:09,0.0,1
2026-08-10 13:48:09,0.0,1
2026-08-10 13:48:09,0.0,1
2026-08-10 13:48:09,0.0,1
2026-08-10 13:48:09,0.0,1
2026-08-10 13:48:09,0.0,1
2026-08-10 13:48:09,0.0,1
2026-08-10 13:48:09,0.0,1
2026-08-10 13:48:09,0.0,1
2026-08-10 13:48:09,0.0,1
2026-08-10 13:48:09,0.0,1
2026-08-10 13:48:09,0.0,1
2026-08-10 13:48:09,0.0,1
2026-08-10 13:48:09,0.0,1
2026-08-10 13:48:09,0.0,1
2026-08-10 13:48:09,0.0,1
2026-08-10 13:48:09,0.0,1
2026-08-10 13:48:10,0.0,1
2026-08-10 13:48:10,0.0,1
2026-08-10 13:48:10,0.0,1
2026-08-10 13:48:10,0.0,1
2026-08-10 13:48:10,0.0,1
2026-08-10 13:48:10,0.0,1
2026-08-10 13:48:10,0.0,1
2026-08-10 13:48:10,0.0,1
2026-08-10 13:48:10,0.0,1
2026-08-10 13:48:10,0.0,1
2026-08-10 13:48:10,0.0,1
2026-08-10 13:48:10,0.0,1
2026-08-10 13:48:10,0.0,1
2026-08-10 13:48:10,0.0,1
2026-08-10 13:48:10,0.0,1
2026-08-10 13:48:10,0.0,1
2026-08-10 13:48:10,0.0,1
2026-08-10 13:48:10,0.0,1
2026-08-10 13:48:10,0.0,1
2026-08-10 13:48:10,0.0,1
2026-08-10 13:48:11,0.0,1
2026-08-10 13:48:11,0.0,1
2026-08-10 13:48:11,0.0,1
2026-08-10 13:48:11,0.0,1
2026-08-10 13:48:11,0.0,1
2026-08-10 13:48:11,0.0,1
2026-08-10 13:48:11,0.0,1
2026-08-10 13:48:11,0.0,1
2026-08-10 13:48:11,0.0,1
2026-08-10 13:48:11,0.0,1
2026-08-10 13:48:11,0.0,1
2026-08-10 13:48:11,0.0,1
2026-08-10 13:48:11,0.0,1
2026-08-10 13:48:11,0.0,1
2026-08-10 13:48:11,0.0,1
2026-08-10 13:48:11,0.0,1
2026-08-10 13:48:11,0.0,1
2026-08-10 13:48:11,0.0,1
2026-08-10 13:48:11,0.0,1
2026-08-10 13:48:11,0.0,1
2026-08-10 13:48:12,0.0,1
2026-08-10 13:48:12,0.0,1
2026-08-10 13:48:12,0.0,1
2026-08-10 13:48:12,0.0,1
2026-08-10 13:48:12,0.0,1
2026-08-10 13:48:12,0.0,1
2026-08-10 13:48:12,0.0,1
2026-08-10 13:48:12,0.0,1
2026-08-10 13:48:12,0.0,1
2026-08-10 13:48:12,0.0,1
2026-08-10 13:48:12,0.0,1
2026-08-10 13:48:12,0.0,1
2026-08-10 13:48:12,0.0,1
2026-08-10 13:48:12,0.0,1
2026-08-10 13:48:12,0.0,1
2026-08-10 13:48:12,0.0,1
2026-08-10 13:48:12,0.0,1
2026-08-10 13:48:12,0.0,1
2026-08-10 13:48:12,0.0,1
2026-08-10 13:48:12,0.0,1
2026-08-10 13:48:13,0.0,1
2026-08-10 13:48:13,0.0,1
2026-08-10 13:48:13,0.0,1
2026-08-10 13:48:13,0.0,1
2026-08-10 13:48:13,0.0,1
2026-08-10 13:48:13,0.0,1
2026-08-10 13:48:13,0.0,1
2026-08-10 13:48:13,0.0,1
2026-08-10 13:48:13,0.0,1
2026-08-10 13:48:13,0.0,1
2026-08-10 13:48:13,0.0,1
2026-08-10 13:48:13,0.0,1
2026-08-10 13:48:13,0.0,1
2026-08-10 13:48:13,0.0,1
2026-08-10 13:48:13,0.0,1
2026-08-10 13:48:13,0.0,1
2026-08-10 13:48:13,0.0,1
2026-08-10 13:48:13,0.0,1
2026-08-10 13:48:13,0.0,1
2026-08-10 13:48:13,0.0,1
2026-08-10 13:48:14,0.0,1
2026-08-10 13:48:14,0.0,1
2026-08-10 13:48:14,0.0,1
2026-08-10 13:48:14,0.0,1
2026-08-10 13:48:14,0.0,1
2026-08-10 13:48:14,0.0,1
2026-08-10 13:48:14,0.0,1
2026-08-10 13:48:14,0.0,1
2026-08-10 13:48:14,0.0,1
2026-08-10 13:48:14,0.0,1
2026-08-10 13:48:14,0.0,1
2026-08-10 13:48:14,0.0,1
2026-08-10 13:48:14,0.0,1
2026-08-10 13:48:14,0.0,1
2026-08-10 13:48:14,0.0,1
2026-08-10 13:48:14,0.0,1
2026-08-10 13:48:14,0.0,1
2026-08-10 13:48:14,0.0,1
2026-08-10 13:48:14,0.0,1
2026-08-10 13:48:14,0.0,1
2026-08-10 13:48:15,0.0,1
2026-08-10 13:48:15,0.0,1
2026-08-10 13:48:15,0.0,1
2026-08-10 13:48:15,0.0,1
2026-08-10 13:48:15,0.0,1
2026-08-10 13:48:15,0.0,1
2026-08-10 13:48:15,0.0,1
2026-08-10 13:48:15,0.0,1
2026-08-10 13:48:15,0.0,1
2026-08-10 13:48:15,0.0,1
2026-08-10 13:48:15,0.0,1
2026-08-10 13:48:15,0.0,1
2026-08-10 13:48:15,0.0,1
2026-08-10 13:48:15,0.0,1
2026-08-10 13:48:15,0.0,1
2026-08-10 13:48:15,0.0,1
2026-08-10 13:48:15,0.0,1
2026-08-10 13:48:15,0.0,1
2026-08-10 13:48:15,0.0,1
2026-08-10 13:48:15,0.0,1
2026-08-10 13:48:16,0.0,1
2026-08-10 13:48:16,0.0,1
2026-08-10 13:48:16,0.0,1
2026-08-10 13:48:16,0.0,1
2026-08-10 13:48:16,0.0,1
2026-08-10 13:48:16,0.0,1
2026-08-10 13:48:16,0.0,1
2026-08-10 13:48:16,0.0,1
2026-08-10 13:48:16,0.0,1
2026-08-10 13:48:16,0.0,1
2026-08-10 13:48:16,0.0,1
2026-08-10 13:48:16,0.0,1
2026-08-10 13:48:16,0.0,1
2026-08-10 13:48:16,0.0,1
2026-08-10 13:48:16,0.0,1
2026-08-10 13:48:16,0.0,1
2026-08-10 13:48:16,0.0,1
2026-08-10 13:48:16,0.0,1
2026-08-10 13:48:16,0.0,1
2026-08-10 13:48:16,0.0,1
2026-08-10 13:48:17,0.0,1
2026-08-10 13:48:17,0.0,1
2026-08-10 13:48:17,0.0,1
2026-08-10 13:48:17,0.0,1
2026-08-10 13:48:17,0.0,1
2026-08-10 13:48:17,0.0,1
2026-08-10 13:48:17,0.0,1
2026-08-10 13:48:17,0.0,0
2026-08-10 13:48:17,0.0,0
2026-08-10 13:48:17,0.0,0
2026-08-10 13:48:17,0.0,0
2026-08-10 13:48:17,0.0,0
2026-08-10 13:48:17,0.0,0
2026-08-10 13:48:17,0.0,-1
2026-08-10 13:48:17,0.0,-1
2026-08-10 13:48:17,0.0,-1
2026-08-10 13:48:17,0.0,-1
2026-08-10 13:48:17,0.0,-1
2026-08-10 13:48:17,0.0,-1
2026-08-10 13:48:17,0.0,-1
2026-08-10 13:48:18,0.0,-1
2026-08-10 13:48:18,0.0,-1
2026-08-10 13:48:18,0.0,-1
2026-08-10 13:48:18,0.0,-1
2026-08-10 13:48:18,0.0,-1
2026-08-10 13:48:18,0.0,-1
2026-08-10 13:48:18,0.0,-1
2026-08-10 13:48:18,0.0,-1
2026-08-10 13:48:18,0.0,-1
2026-08-10 13:48:18,0.0,-1
2026-08-10 13:48:18,0.0,-1
2026-08-10 13:48:18,0.0,-1
2026-08-10 13:48:18,0.0,-1
2026-08-10 13:48:18,0.0,-1
2026-08-10 13:48:18,0.0,-1
2026-08-10 13:48:18,0.0,-1
2026-08-10 13:48:18,0.0,-1
2026-08-10 13:48:18,0.0,-1
2026-08-10 13:48:18,0.0,-1
2026-08-10 13:48:18,0.0,-1
2026-08-10 13:48:19,0.0,-1
2026-08-10 13:48:19,0.0,-1
2026-08-10 13:48:19,0.0,-1
2026-08-10 13:48:19,0.0,-1
2026-08-10 13:48:19,0.0,-1
2026-08-10 13:48:19,0.0,-1
2026-08-10 13:48:19,0.0,-1
2026-08-10 13:48:19,0.0,-1
2026-08-10 13:48:19,0.0,-1
2026-08-10 13:48:19,0.0,-1
2026-08-10 13:48:19,0.0,-1
2026-08-10 13:48:19,0.0,-1
2026-08-10 13:48:19,0.0,-1
2026-08-10 13:48:19,0.0,-1
2026-08-10 13:48:19,0.0,-1
2026-08-10 13:48:19,0.0,-1
2026-08-10 13:48:19,1.15625,-1
2026-08-10 13:48:19,1.15625,-1
2026-08-10 13:48:19,1.15625,-1
2026-08-10 13:48:19,1.15625,-1
2026-08-10 13:48:20,1.28125,-1
2026-08-10 13:48:20,1.28125,-1
2026-08-10 13:48:20,2.546875,-1
2026-08-10 13:48:20,2.546875,-1
2026-08-10 13:48:20,2.53125,-1
2026-08-10 13:48:20,2.53125,-1
2026-08-10 13:48:20,2.578125,-1
2026-08-10 13:48:20,2.578125,-1
2026-08-10 13:48:20,2.703125,-1
2026-08-10 13:48:20,2.703125,-1
2026-08-10 13:48:20,4.578125,-1
2026-08-10 13:48:20,4.578125,-1
2026-08-10 13:48:20,4.65625,-1
2026-08-10 13:48:20,4.65625,-1
2026-08-10 13:48:20,4.828125,-1
2026-08-10 13:48:20,4.828125,-1
2026-08-10 13:48:20,4.9375,-1
2026-08-10 13:48:20,4.9375,-1
2026-08-10 13:48:20,6.9375,-1
2026-08-10 13:48:20,6.9375,-1
2026-08-10 13:48:21,7.109375,-1
2026-08-10 13:48:21,7.109375,-1
2026-08-10 13:48:21,7.140625,-1
2026-08-10 13:48:21,7.140625,-1
2026-08-10 13:48:21,9.234375,-1
2026-08-10 13:48:21,9.234375,-1
2026-08-10 13:48:21,9.46875,-1
2026-08-10 13:48:21,9.46875,-1
2026-08-10 13:48:21,9.59375,-1
2026-08-10 13:48:21,9.59375,-1
2026-08-10 13:48:21,9.640625,-1
2026-08-10 13:48:21,9.640625,-1
2026-08-10 13:48:21,11.3125,-1
2026-08-10 13:48:21,11.3125,-1
2026-08-10 13:48:21,11.46875,-1
2026-08-10 13:48:21,11.46875,-1
2026-08-10 13:48:21,11.5625,-1
2026-08-10 13:48:21,11.5625,-1
2026-08-10 13:48:21,13.46875,-1
2026-08-10 13:48:21,13.46875,-1
2026-08-10 13:48:22,13.34375,-1
2026-08-10 13:48:22,13.34375,-1
2026-08-10 13:48:22,13.453125,-1
2026-08-10 13:48:22,13.453125,-1
2026-08-10 13:48:22,13.328125,-1
2026-08-10 13:48:22,13.328125,-1
2026-08-10 13:48:22,13.796875,-1
2026-08-10 13:48:22,13.796875,-1
2026-08-10 13:48:22,13.796875,-1
2026-08-10 13:48:22,13.796875,-1
2026-08-10 13:48:22,13.84375,-1
2026-08-10 13:48:22,13.84375,-1
2026-08-10 13:48:22,13.734375,-1
2026-08-10 13:48:22,13.734375,-1
2026-08-10 13:48:22,14.796875,-1
2026-08-10 13:48:22,14.796875,-1
2026-08-10 13:48:22,14.796875,-1
2026-08-10 13:48:22,14.796875,-1
2026-08-10 13:48:22,14.71875,-1
2026-08-10 13:48:22,14.71875,-1
2026-08-10 13:48:23,14.171875,-1
2026-08-10 13:48:23,14.171875,-1
2026-08-10 13:48:23,14.078125,-1
2026-08-10 13:48:23,14.078125,-1
2026-08-10 13:48:23,14.078125,-1
2026-08-10 13:48:23,14.078125,-1
2026-08-10 13:48:23,14.140625,-1
2026-08-10 13:48:23,14.140625,-1
2026-08-10 13:48:23,14.609375,-1
2026-08-10 13:48:23,14.609375,-1
2026-08-10 13:48:23,14.484375,-1
2026-08-10 13:48:23,14.484375,-1
2026-08-10 13:48:23,14.40625,-1
2026-08-10 13:48:23,14.40625,-1
2026-08-10 13:48:23,13.96875,-1
2026-08-10 13:48:23,13.96875,-1
2026-08-10 13:48:23,13.953125,-1
2026-08-10 13:48:23,13.953125,-1
2026-08-10 13:48:23,13.921875,-1
2026-08-10 13:48:23,13.921875,-1
2026-08-10 13:48:24,14.03125,-1
2026-08-10 13:48:24,14.03125,-1
2026-08-10 13:48:24,13.890625,-1
2026-08-10 13:48:24,13.890625,-1
2026-08-10 13:48:24,13.703125,-1
2026-08-10 13:48:24,13.703125,-1
2026-08-10 13:48:24,13.578125,-1
2026-08-10 13:48:24,13.578125,-1
2026-08-10 13:48:24,13.65625,-1
2026-08-10 13:48:24,13.65625,-1
2026-08-10 13:48:24,13.6875,-1
2026-08-10 13:48:24,13.6875,-1
2026-08-10 13:48:24,13.6875,-1
2026-08-10 13:48:24,13.6875,-1
2026-08-10 13:48:24,13.703125,-1
2026-08-10 13:48:24,13.703125,-1
2026-08-10 13:48:24,13.703125,-1
2026-08-10 13:48:24,13.703125,-1
2026-08-10 13:48:24,13.5625,-1
2026-08-10 13:48:24,13.5625,-1
2026-08-10 13:48:25,13.4375,-1
2026-08-10 13:48:25,13.4375,-1
2026-08-10 13:48:25,13.453125,-1
2026-08-10 13:48:25,13.453125,-1
2026-08-10 13:48:25,13.796875,-1
2026-08-10 13:48:25,13.796875,-1
2026-08-10 13:48:25,13.8125,-1
2026-08-10 13:48:25,13.8125,-1
2026-08-10 13:48:25,13.71875,-1
2026-08-10 13:48:25,13.71875,-1
2026-08-10 13:48:25,13.78125,-1
2026-08-10 13:48:25,13.78125,-1
2026-08-10 13:48:25,13.796875,-1
2026-08-10 13:48:25,13.796875,-1
2026-08-10 13:48:25,13.75,-1
2026-08-10 13:48:25,13.75,-1
2026-08-10 13:48:25,13.6875,-1
2026-08-10 13:48:25,13.6875,-1
2026-08-10 13:48:25,13.6875,-1
2026-08-10 13:48:25,13.6875,-1
2026-08-10 13:48:26,13.609375,-1
2026-08-10 13:48:26,13.609375,-1
2026-08-10 13:48:26,13.6875,-1
2026-08-10 13:48:26,13.6875,-1
2026-08-10 13:48:26,13.71875,-1
2026-08-10 13:48:26,13.71875,-1
2026-08-10 13:48:26,13.71875,-1
2026-08-10 13:48:26,13.71875,-1
2026-08-10 13:48:26,13.640625,-1
2026-08-10 13:48:26,13.640625,-1
2026-08-10 13:48:26,13.65625,-1
2026-08-10 13:48:26,13.65625,-1
2026-08-10 13:48:26,13.578125,-1
2026-08-10 13:48:26,13.578125,-1
2026-08-10 13:48:26,13.65625,-1
2026-08-10 13:48:26,13.65625,-1
2026-08-10 13:48:26,13.53125,-1
2026-08-10 13:48:26,13.53125,-1
2026-08-10 13:48:26,13.53125,-1
2026-08-10 13:48:26,13.53125,-1
2026-08-10 13:48:27,13.625,-1
2026-08-10 13:48:27,13.625,-1
2026-08-10 13:48:27,13.625,-1
2026-08-10 13:48:27,13.625,-1
2026-08-10 13:48:27,13.515625,-1
2026-08-10 13:48:27,13.515625,-1
2026-08-10 13:48:27,13.59375,-1
2026-08-10 13:48:27,13.59375,-1
2026-08-10 13:48:27,13.5625,-1
2026-08-10 13:48:27,13.5625,-1
2026-08-10 13:48:27,13.453125,-1
2026-08-10 13:48:27,13.453125,-1
2026-08-10 13:48:27,13.5625,-1
2026-08-10 13:48:27,13.5625,-1
2026-08-10 13:48:27,13.546875,-1
2026-08-10 13:48:27,13.546875,-1
2026-08-10 13:48:27,13.4375,-1
2026-08-10 13:48:27,13.4375,-1
2026-08-10 13:48:27,13.515625,-1
2026-08-10 13:48:27,13.515625,-1
2026-08-10 13:48:28,13.53125,-1
2026-08-10 13:48:28,13.53125,-1
2026-08-10 13:48:28,13.40625,-1
2026-08-10 13:48:28,13.40625,-1
2026-08-10 13:48:28,13.421875,-1
2026-08-10 13:48:28,13.421875,-1
2026-08-10 13:48:28,13.40625,-1
2026-08-10 13:48:28,13.40625,-1
2026-08-10 13:48:28,13.578125,-1
2026-08-10 13:48:28,13.578125,-1
2026-08-10 13:48:28,13.46875,-1
2026-08-10 13:48:28,13.46875,-1
2026-08-10 13:48:28,13.515625,-1
2026-08-10 13:48:28,13.515625,-1
2026-08-10 13:48:28,13.375,-1
2026-08-10 13:48:28,13.375,-1
2026-08-10 13:48:28,13.46875,-1
2026-08-10 13:48:28,13.46875,-1
2026-08-10 13:48:28,13.5625,-1
2026-08-10 13:48:28,13.5625,-1
2026-08-10 13:48:29,13.4375,-1
2026-08-10 13:48:29,13.4375,-1
2026-08-10 13:48:29,13.328125,-1
2026-08-10 13:48:29,13.328125,-1
2026-08-10 13:48:29,13.390625,-1
2026-08-10 13:48:29,13.390625,-1
2026-08-10 13:48:29,13.421875,-1
2026-08-10 13:48:29,13.421875,-1
2026-08-10 13:48:29,13.328125,-1
2026-08-10 13:48:29,13.328125,-1
2026-08-10 13:48:29,13.265625,-1
2026-08-10 13:48:29,13.265625,-1
2026-08-10 13:48:29,13.421875,-1
2026-08-10 13:48:29,13.421875,-1
2026-08-10 13:48:29,13.40625,-1
2026-08-10 13:48:29,13.40625,-1
2026-08-10 13:48:29,13.53125,-1
2026-08-10 13:48:29,13.53125,-1
2026-08-10 13:48:29,13.421875,-1
2026-08-10 13:48:29,13.421875,-1
2026-08-10 13:48:30,13.375,-1
2026-08-10 13:48:30,13.375,-1
2026-08-10 13:48:30,13.46875,-1
2026-08-10 13:48:30,13.46875,-1
2026-08-10 13:48:30,13.3125,-1
2026-08-10 13:48:30,13.3125,-1
2026-08-10 13:48:30,13.3125,-1
2026-08-10 13:48:30,13.3125,-1
2026-08-10 13:48:30,13.328125,-1
2026-08-10 13:48:30,13.328125,-1
2026-08-10 13:48:30,13.375,-1
2026-08-10 13:48:30,13.375,-1
2026-08-10 13:48:30,13.328125,-1
2026-08-10 13:48:30,13.328125,-1
2026-08-10 13:48:30,13.265625,-1
2026-08-10 13:48:30,13.265625,-1
2026-08-10 13:48:30,13.359375,-1
2026-08-10 13:48:30,13.359375,-1
2026-08-10 13:48:30,13.453125,-1
2026-08-10 13:48:30,13.453125,-1
2026-08-10 13:48:31,13.390625,-1
2026-08-10 13:48:31,13.390625,-1
2026-08-10 13:48:31,13.453125,-1
2026-08-10 13:48:31,13.453125,-1
2026-08-10 13:48:31,13.359375,-1
2026-08-10 13:48:31,13.359375,-1
2026-08-10 13:48:31,13.421875,-1
2026-08-10 13:48:31,13.421875,-1
2026-08-10 13:48:31,13.453125,-1
2026-08-10 13:48:31,13.453125,-1
2026-08-10 13:48:31,13.328125,-1
2026-08-10 13:48:31,13.328125,-1
2026-08-10 13:48:31,13.296875,-1
2026-08-10 13:48:31,13.296875,-1
2026-08-10 13:48:31,13.3125,-1
2026-08-10 13:48:31,13.3125,-1
2026-08-10 13:48:31,13.46875,-1
2026-08-10 13:48:31,13.46875,-1
2026-08-10 13:48:31,13.390625,-1
2026-08-10 13:48:31,13.390625,-1
2026-08-10 13:48:32,13.265625,-1
2026-08-10 13:48:32,13.265625,-1
2026-08-10 13:48:32,13.359375,-1
2026-08-10 13:48:32,13.359375,-1
2026-08-10 13:48:32,13.390625,-1
2026-08-10 13:48:32,13.390625,-1
2026-08-10 13:48:32,13.390625,-1
2026-08-10 13:48:32,13.390625,-1
2026-08-10 13:48:32,13.21875,-1
2026-08-10 13:48:32,13.21875,-1
2026-08-10 13:48:32,13.265625,-1
2026-08-10 13:48:32,13.265625,-1
2026-08-10 13:48:32,13.40625,-1
2026-08-10 13:48:32,13.40625,-1
2026-08-10 13:48:32,13.359375,-1
2026-08-10 13:48:32,13.359375,-1
2026-08-10 13:48:32,13.25,-1
2026-08-10 13:48:32,13.25,-1
2026-08-10 13:48:32,13.25,-1
2026-08-10 13:48:32,13.25,-1
2026-08-10 13:48:33,13.328125,-1
2026-08-10 13:48:33,13.328125,-1
2026-08-10 13:48:33,13.4375,-1
2026-08-10 13:48:33,13.4375,-1
2026-08-10 13:48:33,13.359375,-1
2026-08-10 13:48:33,13.359375,-1
2026-08-10 13:48:33,13.375,-1
2026-08-10 13:48:33,13.375,-1
2026-08-10 13:48:33,13.453125,-1
2026-08-10 13:48:33,13.453125,-1
2026-08-10 13:48:33,13.375,-1
2026-08-10 13:48:33,13.375,-1
2026-08-10 13:48:33,13.34375,-1
2026-08-10 13:48:33,13.34375,-1
2026-08-10 13:48:33,13.34375,-1
2026-08-10 13:48:33,13.34375,-1
2026-08-10 13:48:33,13.25,-1
2026-08-10 13:48:33,13.25,-1
2026-08-10 13:48:33,13.328125,-1
2026-08-10 13:48:33,13.328125,-1
2026-08-10 13:48:34,13.3125,-1
2026-08-10 13:48:34,13.3125,-1
2026-08-10 13:48:34,13.34375,-1
2026-08-10 13:48:34,13.34375,-1
2026-08-10 13:48:34,13.40625,-1
2026-08-10 13:48:34,13.40625,-1
2026-08-10 13:48:34,13.453125,-1
2026-08-10 13:48:34,13.453125,-1
2026-08-10 13:48:34,13.46875,-1
2026-08-10 13:48:34,13.46875,-1
2026-08-10 13:48:34,13.40625,-1
2026-08-10 13:48:34,13.40625,-1
2026-08-10 13:48:34,13.375,-1
2026-08-10 13:48:34,13.375,-1
2026-08-10 13:48:34,13.390625,-1
2026-08-10 13:48:34,13.390625,-1
2026-08-10 13:48:34,13.53125,-1
2026-08-10 13:48:34,13.53125,-1
2026-08-10 13:48:34,13.390625,-1
2026-08-10 13:48:34,13.390625,-1
2026-08-10 13:48:35,13.265625,-1
2026-08-10 13:48:35,13.265625,-1
2026-08-10 13:48:35,13.21875,-1
2026-08-10 13:48:35,13.21875,-1
2026-08-10 13:48:35,13.359375,-1
2026-08-10 13:48:35,13.359375,-1
2026-08-10 13:48:35,13.34375,-1
2026-08-10 13:48:35,13.34375,-1
2026-08-10 13:48:35,13.328125,-1
2026-08-10 13:48:35,13.328125,-1
2026-08-10 13:48:35,13.296875,-1
2026-08-10 13:48:35,13.296875,-1
2026-08-10 13:48:35,13.453125,-1
2026-08-10 13:48:35,13.453125,-1
2026-08-10 13:48:35,13.375,-1
2026-08-10 13:48:35,13.375,-1
2026-08-10 13:48:35,13.359375,-1
2026-08-10 13:48:35,13.359375,-1
2026-08-10 13:48:35,13.453125,-1
2026-08-10 13:48:35,13.453125,-1
2026-08-10 13:48:36,13.3125,-1
2026-08-10 13:48:36,13.3125,-1
2026-08-10 13:48:36,13.328125,-1
2026-08-10 13:48:36,13.328125,-1
2026-08-10 13:48:36,13.359375,-1
2026-08-10 13:48:36,13.359375,-1
2026-08-10 13:48:36,13.4375,-1
2026-08-10 13:48:36,13.4375,-1
2026-08-10 13:48:36,13.328125,-1
2026-08-10 13:48:36,13.328125,-1
2026-08-10 13:48:36,13.328125,-1
2026-08-10 13:48:36,13.328125,-1
2026-08-10 13:48:36,13.390625,-1
2026-08-10 13:48:36,13.390625,-1
2026-08-10 13:48:36,14.5,-1
2026-08-10 13:48:36,14.5,-1
2026-08-10 13:48:36,14.890625,-1
2026-08-10 13:48:36,14.890625,-1
2026-08-10 13:48:36,15.265625,-1
2026-08-10 13:48:36,15.265625,-1
2026-08-10 13:48:37,16.28125,-1
2026-08-10 13:48:37,16.28125,-1
2026-08-10 13:48:37,16.4375,-1
2026-08-10 13:48:37,16.4375,-1
2026-08-10 13:48:37,16.640625,-1
2026-08-10 13:48:37,16.640625,-1
2026-08-10 13:48:37,16.71875,-1
2026-08-10 13:48:37,16.71875,-1
2026-08-10 13:48:37,17.78125,-1
2026-08-10 13:48:37,17.78125,-1
2026-08-10 13:48:37,17.859375,-1
2026-08-10 13:48:37,17.859375,-1
2026-08-10 13:48:37,17.78125,-1
2026-08-10 13:48:37,17.78125,-1
2026-08-10 13:48:37,18.734375,-1
2026-08-10 13:48:37,18.734375,-1
2026-08-10 13:48:37,18.71875,-1
2026-08-10 13:48:37,18.71875,-1
2026-08-10 13:48:37,18.71875,-1
2026-08-10 13:48:37,18.71875,-1
2026-08-10 13:48:38,18.75,-1
2026-08-10 13:48:38,18.75,-1
2026-08-10 13:48:38,19.0,-1
2026-08-10 13:48:38,19.0,-1
2026-08-10 13:48:38,18.9375,-1
2026-08-10 13:48:38,18.9375,-1
2026-08-10 13:48:38,19.1875,-1
2026-08-10 13:48:38,19.1875,-1
2026-08-10 13:48:38,18.28125,-1
2026-08-10 13:48:38,18.28125,-1
2026-08-10 13:48:38,18.328125,-1
2026-08-10 13:48:38,18.328125,-1
2026-08-10 13:48:38,18.390625,-1
2026-08-10 13:48:38,18.390625,-1
2026-08-10 13:48:38,18.421875,-1
2026-08-10 13:48:38,18.421875,-1
2026-08-10 13:48:38,18.03125,-1
2026-08-10 13:48:38,18.03125,-1
2026-08-10 13:48:38,18.09375,-1
2026-08-10 13:48:38,18.09375,-1
2026-08-10 13:48:39,18.296875,-1
2026-08-10 13:48:39,18.296875,-1
2026-08-10 13:48:39,17.390625,-1
2026-08-10 13:48:39,17.390625,-1
2026-08-10 13:48:39,17.375,-1
2026-08-10 13:48:39,17.375,-1
2026-08-10 13:48:39,17.296875,-1
2026-08-10 13:48:39,17.296875,-1
2026-08-10 13:48:39,17.390625,-1
2026-08-10 13:48:39,17.390625,-1
2026-08-10 13:48:39,16.71875,-1
2026-08-10 13:48:39,16.71875,-1
2026-08-10 13:48:39,16.765625,-1
2026-08-10 13:48:39,16.765625,-1
2026-08-10 13:48:39,16.71875,-1
2026-08-10 13:48:39,16.71875,-1
2026-08-10 13:48:39,17.96875,-1
2026-08-10 13:48:39,17.96875,-1
2026-08-10 13:48:39,18.125,-1
2026-08-10 13:48:39,18.125,-1
2026-08-10 13:48:40,18.296875,-1
2026-08-10 13:48:40,18.296875,-1
2026-08-10 13:48:40,18.28125,-1
2026-08-10 13:48:40,18.28125,-1
2026-08-10 13:48:40,17.71875,-1
2026-08-10 13:48:40,17.71875,-1
2026-08-10 13:48:40,18.046875,-1
2026-08-10 13:48:40,18.046875,-1
2026-08-10 13:48:40,18.0,-1
2026-08-10 13:48:40,18.0,-1
2026-08-10 13:48:40,19.453125,-1
2026-08-10 13:48:40,19.453125,-1
2026-08-10 13:48:40,19.53125,-1
2026-08-10 13:48:40,19.53125,-1
2026-08-10 13:48:40,19.5625,-1
2026-08-10 13:48:40,19.5625,-1
2026-08-10 13:48:40,19.609375,-1
2026-08-10 13:48:40,19.609375,-1
2026-08-10 13:48:40,21.28125,-1
2026-08-10 13:48:40,21.28125,-1
2026-08-10 13:48:41,21.296875,-1
2026-08-10 13:48:41,21.296875,-1
2026-08-10 13:48:41,21.234375,-1
2026-08-10 13:48:41,21.234375,-1
2026-08-10 13:48:41,21.21875,-1
2026-08-10 13:48:41,21.21875,-1
2026-08-10 13:48:41,19.921875,-1
2026-08-10 13:48:41,19.921875,-1
2026-08-10 13:48:41,19.921875,-1
2026-08-10 13:48:41,19.921875,-1
2026-08-10 13:48:41,20.21875,-1
2026-08-10 13:48:41,20.21875,-1
2026-08-10 13:48:41,20.328125,-1
2026-08-10 13:48:41,20.328125,-1
2026-08-10 13:48:41,20.265625,-1
2026-08-10 13:48:41,20.265625,-1
2026-08-10 13:48:41,20.078125,-1
2026-08-10 13:48:41,20.078125,-1
2026-08-10 13:48:41,20.09375,-1
2026-08-10 13:48:41,20.09375,-1
2026-08-10 13:48:42,19.296875,-1
2026-08-10 13:48:42,19.296875,-1
2026-08-10 13:48:42,19.234375,-1
2026-08-10 13:48:42,19.234375,-1
2026-08-10 13:48:42,19.25,-1
2026-08-10 13:48:42,19.25,-1
2026-08-10 13:48:42,19.3125,-1
2026-08-10 13:48:42,19.3125,-1
2026-08-10 13:48:42,19.359375,-1
2026-08-10 13:48:42,19.359375,-1
2026-08-10 13:48:42,19.1875,-1
2026-08-10 13:48:42,19.1875,-1
2026-08-10 13:48:42,19.1875,-1
2026-08-10 13:48:42,19.1875,-1
2026-08-10 13:48:42,18.546875,-1
2026-08-10 13:48:42,18.546875,-1
2026-08-10 13:48:42,18.703125,-1
2026-08-10 13:48:42,18.703125,-1
2026-08-10 13:48:42,18.859375,-1
2026-08-10 13:48:42,18.859375,-1
2026-08-10 13:48:43,19.09375,-1
2026-08-10 13:48:43,19.09375,-1
2026-08-10 13:48:43,18.359375,-1
2026-08-10 13:48:43,18.359375,-1
2026-08-10 13:48:43,18.1875,-1
2026-08-10 13:48:43,18.1875,-1
2026-08-10 13:48:43,18.0,-1
2026-08-10 13:48:43,18.0,-1
2026-08-10 13:48:43,17.09375,-1
2026-08-10 13:48:43,17.09375,-1
2026-08-10 13:48:43,17.09375,-1
2026-08-10 13:48:43,17.09375,-1
2026-08-10 13:48:43,17.09375,-1
2026-08-10 13:48:43,17.09375,-1
2026-08-10 13:48:43,17.0625,-1
2026-08-10 13:48:43,17.0625,-1
2026-08-10 13:48:43,16.34375,-1
2026-08-10 13:48:43,16.34375,-1
2026-08-10 13:48:43,16.25,-1
2026-08-10 13:48:43,16.25,-1
2026-08-10 13:48:44,16.109375,-1
2026-08-10 13:48:44,16.109375,-1
2026-08-10 13:48:44,14.984375,-1
2026-08-10 13:48:44,14.984375,-1
2026-08-10 13:48:44,14.953125,-1
2026-08-10 13:48:44,14.953125,-1
2026-08-10 13:48:44,14.84375,-1
2026-08-10 13:48:44,14.84375,-1
2026-08-10 13:48:44,14.921875,-1
2026-08-10 13:48:44,14.921875,-1
2026-08-10 13:48:44,14.109375,-1
2026-08-10 13:48:44,14.109375,-1
2026-08-10 13:48:44,14.125,-1
2026-08-10 13:48:44,14.125,-1
2026-08-10 13:48:44,13.953125,-1
2026-08-10 13:48:44,13.953125,-1
2026-08-10 13:48:44,13.234375,-1
2026-08-10 13:48:44,13.234375,-1
2026-08-10 13:48:44,13.15625,-1
2026-08-10 13:48:44,13.15625,-1
2026-08-10 13:48:45,13.109375,-1
2026-08-10 13:48:45,13.109375,-1
2026-08-10 13:48:45,13.046875,-1
2026-08-10 13:48:45,13.046875,-1
2026-08-10 13:48:45,12.328125,-1
2026-08-10 13:48:45,12.328125,-1
2026-08-10 13:48:45,12.3125,-1
2026-08-10 13:48:45,12.3125,-1
2026-08-10 13:48:45,12.265625,-1
2026-08-10 13:48:45,12.265625,-1
2026-08-10 13:48:45,12.203125,-1
2026-08-10 13:48:45,12.203125,-1
2026-08-10 13:48:45,11.703125,-1
2026-08-10 13:48:45,11.703125,-1
2026-08-10 13:48:45,11.703125,-1
2026-08-10 13:48:45,11.703125,-1
2026-08-10 13:48:45,11.625,-1
2026-08-10 13:48:45,11.625,-1
2026-08-10 13:48:45,11.21875,-1
2026-08-10 13:48:45,11.21875,-1
2026-08-10 13:48:46,11.296875,-1
2026-08-10 13:48:46,11.296875,-1
2026-08-10 13:48:46,11.25,-1
2026-08-10 13:48:46,11.25,-1
2026-08-10 13:48:46,10.15625,-1
2026-08-10 13:48:46,10.15625,-1
2026-08-10 13:48:46,10.15625,-1
2026-08-10 13:48:46,10.15625,-1
2026-08-10 13:48:46,10.15625,-1
2026-08-10 13:48:46,10.15625,-1
2026-08-10 13:48:46,10.125,-1
2026-08-10 13:48:46,10.125,-1
2026-08-10 13:48:46,7.1875,-1
2026-08-10 13:48:46,7.1875,-1
2026-08-10 13:48:46,6.875,-1
2026-08-10 13:48:46,6.875,-1
2026-08-10 13:48:46,6.578125,-1
2026-08-10 13:48:46,6.578125,-1
2026-08-10 13:48:46,6.40625,-1
2026-08-10 13:48:46,6.40625,-1
2026-08-10 13:48:47,2.015625,-1
2026-08-10 13:48:47,2.015625,-1
2026-08-10 13:48:47,2.015625,-1
2026-08-10 13:48:47,2.015625,-1
2026-08-10 13:48:47,1.40625,-1
2026-08-10 13:48:47,1.40625,-1
2026-08-10 13:48:47,0.0,-1
2026-08-10 13:48:47,0.0,-1
2026-08-10 13:48:47,0.0,-1
2026-08-10 13:48:47,0.0,-1
2026-08-10 13:48:47,0.0,-1
2026-08-10 13:48:47,0.0,-1
2026-08-10 13:48:47,0.0,-1
2026-08-10 13:48:47,0.0,-1
2026-08-10 13:48:47,0.0,-1
2026-08-10 13:48:47,0.0,-1
2026-08-10 13:48:47,0.0,-1
2026-08-10 13:48:47,0.0,-1
2026-08-10 13:48:47,0.0,-1
2026-08-10 13:48:47,0.0,-1
2026-08-10 13:48:48,0.0,-1
2026-08-10 13:48:48,0.0,-1
2026-08-10 13:48:48,0.0,-1
2026-08-10 13:48:48,0.0,-1
2026-08-10 13:48:48,0.0,-1
2026-08-10 13:48:48,0.0,-1
2026-08-10 13:48:48,0.0,-1
2026-08-10 13:48:48,0.0,-1
2026-08-10 13:48:48,0.0,-1
2026-08-10 13:48:48,0.0,-1
2026-08-10 13:48:48,0.0,-1
2026-08-10 13:48:48,0.0,-1
2026-08-10 13:48:48,0.0,-1
2026-08-10 13:48:48,0.0,-1
2026-08-10 13:48:48,0.0,-1
2026-08-10 13:48:48,0.0,-1
2026-08-10 13:48:48,0.0,-1
2026-08-10 13:48:48,0.0,-1
2026-08-10 13:48:48,0.0,-1
2026-08-10 13:48:48,0.0,-1
2026-08-10 13:48:49,0.0,-1
2026-08-10 13:48:49,0.0,-1
2026-08-10 13:48:49,0.0,-1
2026-08-10 13:48:49,0.0,-1
2026-08-10 13:48:49,0.0,-1
2026-08-10 13:48:49,0.0,-1
2026-08-10 13:48:49,0.0,-1
2026-08-10 13:48:49,0.0,-1
2026-08-10 13:48:49,0.0,-1
2026-08-10 13:48:49,0.0,-1
2026-08-10 13:48:49,0.0,-1
2026-08-10 13:48:49,0.0,-1
2026-08-10 13:48:49,0.0,-1
2026-08-10 13:48:49,0.0,-1
2026-08-10 13:48:49,0.0,-1
2026-08-10 13:48:49,0.0,-1
2026-08-10 13:48:49,0.0,-1
2026-08-10 13:48:49,0.0,-1
2026-08-10 13:48:49,0.0,-1
2026-08-10 13:48:49,0.0,-1
2026-08-10 13:48:50,0.0,-1
2026-08-10 13:48:50,0.0,-1
2026-08-10 13:48:50,0.0,-1
2026-08-10 13:48:50,0.0,-1
2026-08-10 13:48:50,0.0,-1
2026-08-10 13:48:50,0.0,-1
2026-08-10 13:48:50,0.0,-1
2026-08-10 13:48:50,0.0,-1
2026-08-10 13:48:50,0.0,-1
2026-08-10 13:48:50,0.0,-1
2026-08-10 13:48:50,1.015625,-1
2026-08-10 13:48:50,1.015625,-1
2026-08-10 13:48:50,1.015625,-1
2026-08-10 13:48:50,1.015625,-1
2026-08-10 13:48:50,1.140625,-1
2026-08-10 13:48:50,1.140625,-1
2026-08-10 13:48:50,1.140625,-1
2026-08-10 13:48:50,1.140625,-1
2026-08-10 13:48:50,1.0,-1
2026-08-10 13:48:50,1.0,-1
2026-08-10 13:48:51,0.984375,-1
2026-08-10 13:48:51,0.984375,-1
2026-08-10 13:48:51,0.84375,-1
2026-08-10 13:48:51,0.84375,-1
2026-08-10 13:48:51,0.0,-1
2026-08-10 13:48:51,0.0,-1
2026-08-10 13:48:51,0.0,-1
2026-08-10 13:48:51,0.0,-1
2026-08-10 13:48:51,0.0,-1
2026-08-10 13:48:51,0.0,-1
2026-08-10 13:48:51,0.0,-1
2026-08-10 13:48:51,0.0,-1
2026-08-10 13:48:51,0.0,-1
2026-08-10 13:48:51,0.0,-1
2026-08-10 13:48:51,0.0,-1
2026-08-10 13:48:51,0.0,-1
2026-08-10 13:48:51,0.0,-1
2026-08-10 13:48:51,0.0,-1
2026-08-10 13:48:51,0.0,-1
2026-08-10 13:48:51,0.0,-1
2026-08-10 13:48:52,0.0,-1
2026-08-10 13:48:52,0.0,-1
2026-08-10 13:48:52,0.0,-1
2026-08-10 13:48:52,0.0,-1
2026-08-10 13:48:52,0.0,-1
2026-08-10 13:48:52,0.0,-1
2026-08-10 13:48:52,0.0,-1
2026-08-10 13:48:52,0.0,-1
2026-08-10 13:48:52,0.0,-1
2026-08-10 13:48:52,0.0,-1
2026-08-10 13:48:52,0.0,-1
2026-08-10 13:48:52,0.0,-1
2026-08-10 13:48:52,0.0,-1
2026-08-10 13:48:52,0.0,-1
2026-08-10 13:48:52,0.0,-1
2026-08-10 13:48:52,0.0,-1
2026-08-10 13:48:52,0.0,-1
2026-08-10 13:48:52,0.0,-1
2026-08-10 13:48:52,0.0,-1
2026-08-10 13:48:52,0.0,-1
2026-08-10 13:48:53,0.0,-1
2026-08-10 13:48:53,0.0,-1
2026-08-10 13:48:53,0.0,-1
2026-08-10 13:48:53,0.0,-1
2026-08-10 13:48:53,0.0,-1
2026-08-10 13:48:53,0.0,-1
2026-08-10 13:48:53,0.0,-1
2026-08-10 13:48:53,0.0,-1
2026-08-10 13:48:53,0.0,-1
2026-08-10 13:48:53,0.0,-1
2026-08-10 13:48:53,0.0,-1
2026-08-10 13:48:53,0.0,-1
2026-08-10 13:48:53,0.0,-1
2026-08-10 13:48:53,0.0,-1
2026-08-10 13:48:53,0.0,-1
2026-08-10 13:48:53,0.0,-1
2026-08-10 13:48:53,0.0,-1
2026-08-10 13:48:53,0.0,-1
2026-08-10 13:48:53,0.0,-1
2026-08-10 13:48:53,0.0,-1
2026-08-10 13:48:54,0.0,-1
2026-08-10 13:48:54,0.0,-1
2026-08-10 13:48:54,0.0,-1
2026-08-10 13:48:54,0.0,-1
2026-08-10 13:48:54,0.0,-1
2026-08-10 13:48:54,0.0,-1
2026-08-10 13:48:54,0.0,-1
2026-08-10 13:48:54,0.0,-1
2026-08-10 13:48:54,0.0,-1
2026-08-10 13:48:54,0.0,-1
2026-08-10 13:48:54,0.0,-1
2026-08-10 13:48:54,0.0,-1
2026-08-10 13:48:54,0.0,-1
2026-08-10 13:48:54,0.0,-1
2026-08-10 13:48:54,0.0,-1
2026-08-10 13:48:54,0.0,-1
2026-08-10 13:48:54,0.0,-1
2026-08-10 13:48:54,0.0,-1
2026-08-10 13:48:54,0.0,-1
2026-08-10 13:48:54,0.0,-1
2026-08-10 13:48:55,0.0,-1
2026-08-10 13:48:55,0.0,-1
2026-08-10 13:48:55,0.0,-1
2026-08-10 13:48:55,0.0,-1
2026-08-10 13:48:55,0.0,-1
2026-08-10 13:48:55,0.0,-1
2026-08-10 13:48:55,0.0,-1
2026-08-10 13:48:55,0.0,-1
2026-08-10 13:48:55,0.0,-1
2026-08-10 13:48:55,0.0,-1
2026-08-10 13:48:55,0.0,-1
2026-08-10 13:48:55,0.0,-1
2026-08-10 13:48:55,0.0,-1
2026-08-10 13:48:55,0.0,-1
2026-08-10 13:48:55,0.0,-1
2026-08-10 13:48:55,0.0,-1
2026-08-10 13:48:55,0.0,-1
2026-08-10 13:48:55,0.0,-1
2026-08-10 13:48:55,0.0,-1
2026-08-10 13:48:55,0.0,-1
2026-08-10 13:48:56,0.0,-1
2026-08-10 13:48:56,0.0,-1
2026-08-10 13:48:56,0.0,-1
2026-08-10 13:48:56,0.0,-1
2026-08-10 13:48:56,0.0,-1
2026-08-10 13:48:56,0.0,-1
2026-08-10 13:48:56,0.0,-1
2026-08-10 13:48:56,0.0,-1
2026-08-10 13:48:56,0.0,-1
2026-08-10 13:48:56,0.0,-1
2026-08-10 13:48:56,0.0,-1
2026-08-10 13:48:56,0.0,-1
2026-08-10 13:48:56,0.0,-1
2026-08-10 13:48:56,0.0,-1
2026-08-10 13:48:56,0.0,-1
2026-08-10 13:48:56,0.0,-1
2026-08-10 13:48:56,0.0,-1
2026-08-10 13:48:56,0.0,-1
2026-08-10 13:48:56,1.171875,-1
2026-08-10 13:48:56,1.171875,-1
2026-08-10 13:48:57,1.296875,-1
2026-08-10 13:48:57,1.296875,-1
2026-08-10 13:48:57,1.34375,-1
2026-08-10 13:48:57,1.34375,-1
2026-08-10 13:48:57,1.421875,-1
2026-08-10 13:48:57,1.421875,-1
2026-08-10 13:48:57,2.328125,-1
2026-08-10 13:48:57,2.328125,-1
2026-08-10 13:48:57,2.375,-1
2026-08-10 13:48:57,2.375,-1
2026-08-10 13:48:57,2.375,-1
2026-08-10 13:48:57,2.375,-1
2026-08-10 13:48:57,2.453125,-1
2026-08-10 13:48:57,2.453125,-1
2026-08-10 13:48:57,3.5,-1
2026-08-10 13:48:57,3.5,-1
2026-08-10 13:48:57,3.546875,-1
2026-08-10 13:48:57,3.546875,-1
2026-08-10 13:48:57,3.625,-1
2026-08-10 13:48:57,3.625,-1
2026-08-10 13:48:58,4.921875,-1
2026-08-10 13:48:58,4.921875,-1
2026-08-10 13:48:58,5.0,-1
2026-08-10 13:48:58,5.0,-1
2026-08-10 13:48:58,5.09375,-1
2026-08-10 13:48:58,5.09375,-1
2026-08-10 13:48:58,6.140625,-1
2026-08-10 13:48:58,6.140625,-1
2026-08-10 13:48:58,6.3125,-1
2026-08-10 13:48:58,6.3125,-1
2026-08-10 13:48:58,6.453125,-1
2026-08-10 13:48:58,6.453125,-1
2026-08-10 13:48:58,6.625,-1
2026-08-10 13:48:58,6.625,-1
2026-08-10 13:48:58,7.96875,-1
2026-08-10 13:48:58,7.96875,-1
2026-08-10 13:48:58,8.015625,-1
2026-08-10 13:48:58,8.015625,-1
2026-08-10 13:48:58,8.09375,-1
2026-08-10 13:48:58,8.09375,-1
2026-08-10 13:48:59,8.046875,-1
2026-08-10 13:48:59,8.046875,-1
2026-08-10 13:48:59,8.859375,-1
2026-08-10 13:48:59,8.859375,-1
2026-08-10 13:48:59,8.8125,-1
2026-08-10 13:48:59,8.8125,-1
2026-08-10 13:48:59,8.90625,-1
2026-08-10 13:48:59,8.90625,-1
2026-08-10 13:48:59,9.984375,-1
2026-08-10 13:48:59,9.984375,-1
2026-08-10 13:48:59,10.046875,-1
2026-08-10 13:48:59,10.046875,-1
2026-08-10 13:48:59,10.109375,-1
2026-08-10 13:48:59,10.109375,-1
2026-08-10 13:48:59,10.140625,-1
2026-08-10 13:48:59,10.140625,-1
2026-08-10 13:48:59,10.5625,-1
2026-08-10 13:48:59,10.5625,-1
2026-08-10 13:48:59,10.625,-1
2026-08-10 13:48:59,10.625,-1
2026-08-10 13:49:00,10.6875,-1
2026-08-10 13:49:00,10.6875,-1
2026-08-10 13:49:00,11.59375,-1
2026-08-10 13:49:00,11.59375,-1
2026-08-10 13:49:00,11.65625,-1
2026-08-10 13:49:00,11.65625,-1
2026-08-10 13:49:00,11.765625,-1
2026-08-10 13:49:00,11.765625,-1
2026-08-10 13:49:00,11.78125,-1
2026-08-10 13:49:00,11.78125,-1
2026-08-10 13:49:00,12.765625,-1
2026-08-10 13:49:00,12.765625,-1
2026-08-10 13:49:00,12.890625,-1
2026-08-10 13:49:00,12.890625,-1
2026-08-10 13:49:00,12.96875,-1
2026-08-10 13:49:00,12.96875,-1
2026-08-10 13:49:00,13.109375,-1
2026-08-10 13:49:00,13.109375,-1
2026-08-10 13:49:00,13.171875,-1
2026-08-10 13:49:00,13.171875,-1
2026-08-10 13:49:01,13.15625,-1
2026-08-10 13:49:01,13.15625,-1
2026-08-10 13:49:01,13.125,-1
2026-08-10 13:49:01,13.125,-1
2026-08-10 13:49:01,12.859375,-1
2026-08-10 13:49:01,12.859375,-1
2026-08-10 13:49:01,12.734375,-1
2026-08-10 13:49:01,12.734375,-1
2026-08-10 13:49:01,12.71875,-1
2026-08-10 13:49:01,12.71875,-1
2026-08-10 13:49:01,12.71875,-1
2026-08-10 13:49:01,12.71875,-1
2026-08-10 13:49:01,12.65625,-1
2026-08-10 13:49:01,12.65625,-1
2026-08-10 13:49:01,12.671875,-1
2026-08-10 13:49:01,12.671875,-1
2026-08-10 13:49:01,12.59375,-1
2026-08-10 13:49:01,12.59375,-1
2026-08-10 13:49:01,11.921875,-1
2026-08-10 13:49:01,11.921875,-1
2026-08-10 13:49:02,11.921875,-1
2026-08-10 13:49:02,11.921875,-1
2026-08-10 13:49:02,11.921875,-1
2026-08-10 13:49:02,11.921875,-1
2026-08-10 13:49:02,11.9375,-1
2026-08-10 13:49:02,11.9375,-1
2026-08-10 13:49:02,11.609375,-1
2026-08-10 13:49:02,11.609375,-1
2026-08-10 13:49:02,11.5625,-1
2026-08-10 13:49:02,11.5625,-1
2026-08-10 13:49:02,11.53125,-1
2026-08-10 13:49:02,11.53125,-1
2026-08-10 13:49:02,10.640625,-1
2026-08-10 13:49:02,10.640625,-1
2026-08-10 13:49:02,10.4375,-1
2026-08-10 13:49:02,10.4375,-1
2026-08-10 13:49:02,10.40625,-1
2026-08-10 13:49:02,10.40625,-1
2026-08-10 13:49:02,10.359375,-1
2026-08-10 13:49:02,10.359375,-1
2026-08-10 13:49:03,10.21875,-1
2026-08-10 13:49:03,10.21875,-1
2026-08-10 13:49:03,10.046875,-1
2026-08-10 13:49:03,10.046875,-1
2026-08-10 13:49:03,9.8125,-1
2026-08-10 13:49:03,9.8125,-1
2026-08-10 13:49:03,9.0625,-1
2026-08-10 13:49:03,9.0625,-1
2026-08-10 13:49:03,9.0625,-1
2026-08-10 13:49:03,9.0625,-1
2026-08-10 13:49:03,9.078125,-1
2026-08-10 13:49:03,9.078125,-1
2026-08-10 13:49:03,9.125,-1
2026-08-10 13:49:03,9.125,-1
2026-08-10 13:49:03,8.8125,-1
2026-08-10 13:49:03,8.8125,-1
2026-08-10 13:49:03,8.796875,-1
2026-08-10 13:49:03,8.796875,-1
2026-08-10 13:49:03,8.734375,-1
2026-08-10 13:49:03,8.734375,-1
2026-08-10 13:49:04,8.65625,-1
2026-08-10 13:49:04,8.65625,-1
2026-08-10 13:49:04,7.984375,-1
2026-08-10 13:49:04,7.984375,-1
2026-08-10 13:49:04,7.984375,-1
2026-08-10 13:49:04,7.984375,-1
2026-08-10 13:49:04,8.0,-1
2026-08-10 13:49:04,8.0,-1
2026-08-10 13:49:04,7.734375,-1
2026-08-10 13:49:04,7.734375,-1
2026-08-10 13:49:04,7.75,-1
2026-08-10 13:49:04,7.75,-1
2026-08-10 13:49:04,7.71875,-1
2026-08-10 13:49:04,7.71875,-1
2026-08-10 13:49:04,7.6875,-1
2026-08-10 13:49:04,7.6875,-1
2026-08-10 13:49:04,7.34375,-1
2026-08-10 13:49:04,7.34375,-1
2026-08-10 13:49:04,7.3125,-1
2026-08-10 13:49:04,7.3125,-1
2026-08-10 13:49:05,7.3125,-1
2026-08-10 13:49:05,7.3125,-1
2026-08-10 13:49:05,7.15625,-1
2026-08-10 13:49:05,7.15625,-1
2026-08-10 13:49:05,7.171875,-1
2026-08-10 13:49:05,7.171875,-1
2026-08-10 13:49:05,7.15625,-1
2026-08-10 13:49:05,7.15625,-1
2026-08-10 13:49:05,7.109375,-1
2026-08-10 13:49:05,7.109375,-1
2026-08-10 13:49:05,6.921875,-1
2026-08-10 13:49:05,6.921875,-1
2026-08-10 13:49:05,6.9375,-1
2026-08-10 13:49:05,6.9375,-1
2026-08-10 13:49:05,6.96875,-1
2026-08-10 13:49:05,6.96875,-1
2026-08-10 13:49:05,6.953125,-1
2026-08-10 13:49:05,6.953125,-1
2026-08-10 13:49:05,8.078125,-1
2026-08-10 13:49:05,8.078125,-1
2026-08-10 13:49:06,8.03125,-1
2026-08-10 13:49:06,8.03125,-1
2026-08-10 13:49:06,8.078125,-1
2026-08-10 13:49:06,8.078125,-1
2026-08-10 13:49:06,9.75,-1
2026-08-10 13:49:06,9.75,-1
2026-08-10 13:49:06,9.765625,-1
2026-08-10 13:49:06,9.765625,-1
2026-08-10 13:49:06,9.875,-1
2026-08-10 13:49:06,9.875,-1
2026-08-10 13:49:06,10.09375,-1
2026-08-10 13:49:06,10.09375,-1
2026-08-10 13:49:06,12.015625,-1
2026-08-10 13:49:06,12.015625,-1
2026-08-10 13:49:06,11.90625,-1
2026-08-10 13:49:06,11.90625,-1
2026-08-10 13:49:06,11.734375,-1
2026-08-10 13:49:06,11.734375,-1
2026-08-10 13:49:06,10.3125,-1
2026-08-10 13:49:06,10.3125,-1
2026-08-10 13:49:07,10.1875,-1
2026-08-10 13:49:07,10.1875,-1
2026-08-10 13:49:07,10.109375,-1
2026-08-10 13:49:07,10.109375,-1
2026-08-10 13:49:07,10.109375,-1
2026-08-10 13:49:07,10.109375,-1
2026-08-10 13:49:07,10.125,-1
2026-08-10 13:49:07,10.125,-1
2026-08-10 13:49:07,10.28125,-1
2026-08-10 13:49:07,10.28125,-1
2026-08-10 13:49:07,10.390625,-1
2026-08-10 13:49:07,10.390625,-1
2026-08-10 13:49:07,9.671875,-1
2026-08-10 13:49:07,9.671875,-1
2026-08-10 13:49:07,9.5625,-1
2026-08-10 13:49:07,9.5625,-1
2026-08-10 13:49:07,9.34375,-1
2026-08-10 13:49:07,9.34375,-1
2026-08-10 13:49:07,9.1875,-1
2026-08-10 13:49:07,9.1875,-1
2026-08-10 13:49:08,9.375,-1
2026-08-10 13:49:08,9.375,-1
2026-08-10 13:49:08,9.4375,-1
2026-08-10 13:49:08,9.4375,-1
2026-08-10 13:49:08,9.53125,-1
2026-08-10 13:49:08,9.53125,-1
2026-08-10 13:49:08,9.609375,-1
2026-08-10 13:49:08,9.609375,-1
2026-08-10 13:49:08,10.390625,-1
2026-08-10 13:49:08,10.390625,-1
2026-08-10 13:49:08,10.359375,-1
2026-08-10 13:49:08,10.359375,-1
2026-08-10 13:49:08,10.25,-1
2026-08-10 13:49:08,10.25,-1
2026-08-10 13:49:08,11.796875,-1
2026-08-10 13:49:08,11.796875,-1
2026-08-10 13:49:08,12.0625,-1
2026-08-10 13:49:08,12.0625,-1
2026-08-10 13:49:08,12.328125,-1
2026-08-10 13:49:08,12.328125,-1
2026-08-10 13:49:09,12.65625,-1
2026-08-10 13:49:09,12.65625,-1
2026-08-10 13:49:09,13.890625,-1
2026-08-10 13:49:09,13.890625,-1
2026-08-10 13:49:09,13.71875,-1
2026-08-10 13:49:09,13.71875,-1
2026-08-10 13:49:09,13.3125,-1
2026-08-10 13:49:09,13.3125,-1
2026-08-10 13:49:09,13.140625,-1
2026-08-10 13:49:09,13.140625,-1
2026-08-10 13:49:09,12.90625,-1
2026-08-10 13:49:09,12.90625,-1
2026-08-10 13:49:09,12.859375,-1
2026-08-10 13:49:09,12.859375,-1
2026-08-10 13:49:09,13.03125,-1
2026-08-10 13:49:09,13.03125,-1
2026-08-10 13:49:09,13.796875,-1
2026-08-10 13:49:09,13.796875,-1
2026-08-10 13:49:09,14.046875,-1
2026-08-10 13:49:09,14.046875,-1
2026-08-10 13:49:10,14.09375,-1
2026-08-10 13:49:10,14.09375,-1
2026-08-10 13:49:10,14.0,-1
2026-08-10 13:49:10,14.0,-1
2026-08-10 13:49:10,13.921875,-1
2026-08-10 13:49:10,13.921875,-1
2026-08-10 13:49:10,13.84375,-1
2026-08-10 13:49:10,13.84375,-1
2026-08-10 13:49:10,13.828125,-1
2026-08-10 13:49:10,13.828125,-1
2026-08-10 13:49:10,14.78125,-1
2026-08-10 13:49:10,14.78125,-1
2026-08-10 13:49:10,14.90625,-1
2026-08-10 13:49:10,14.90625,-1
2026-08-10 13:49:10,15.15625,-1
2026-08-10 13:49:10,15.15625,-1
2026-08-10 13:49:10,16.21875,-1
2026-08-10 13:49:10,16.21875,-1
2026-08-10 13:49:10,16.375,-1
2026-08-10 13:49:10,16.375,-1
2026-08-10 13:49:11,16.40625,-1
2026-08-10 13:49:11,16.40625,-1
2026-08-10 13:49:11,16.375,-1
2026-08-10 13:49:11,16.375,-1
2026-08-10 13:49:11,17.046875,-1
2026-08-10 13:49:11,17.046875,-1
2026-08-10 13:49:11,17.171875,-1
2026-08-10 13:49:11,17.171875,-1
2026-08-10 13:49:11,17.40625,-1
2026-08-10 13:49:11,17.40625,-1
2026-08-10 13:49:11,17.296875,-1
2026-08-10 13:49:11,17.296875,-1
2026-08-10 13:49:11,17.203125,-1
2026-08-10 13:49:11,17.203125,-1
2026-08-10 13:49:11,17.09375,-1
2026-08-10 13:49:11,17.09375,-1
2026-08-10 13:49:11,17.046875,-1
2026-08-10 13:49:11,17.046875,-1
2026-08-10 13:49:11,17.375,-1
2026-08-10 13:49:11,17.375,-1
2026-08-10 13:49:12,17.421875,-1
2026-08-10 13:49:12,17.421875,-1
2026-08-10 13:49:12,17.453125,-1
2026-08-10 13:49:12,17.453125,-1
2026-08-10 13:49:12,17.390625,-1
2026-08-10 13:49:12,17.390625,-1
2026-08-10 13:49:12,16.5,-1
2026-08-10 13:49:12,16.5,-1
2026-08-10 13:49:12,16.1875,-1
2026-08-10 13:49:12,16.1875,-1
2026-08-10 13:49:12,16.078125,-1
2026-08-10 13:49:12,16.078125,-1
2026-08-10 13:49:12,16.078125,-1
2026-08-10 13:49:12,16.078125,-1
2026-08-10 13:49:12,15.5,-1
2026-08-10 13:49:12,15.5,-1
2026-08-10 13:49:12,15.46875,-1
2026-08-10 13:49:12,15.46875,-1
2026-08-10 13:49:12,15.484375,-1
2026-08-10 13:49:12,15.484375,-1
2026-08-10 13:49:13,15.09375,-1
2026-08-10 13:49:13,15.09375,-1
2026-08-10 13:49:13,15.046875,-1
2026-08-10 13:49:13,15.046875,-1
2026-08-10 13:49:13,15.046875,-1
2026-08-10 13:49:13,15.046875,-1
2026-08-10 13:49:13,14.1875,-1
2026-08-10 13:49:13,14.1875,-1
2026-08-10 13:49:13,14.140625,-1
2026-08-10 13:49:13,14.140625,-1
2026-08-10 13:49:13,14.078125,-1
2026-08-10 13:49:13,14.078125,-1
2026-08-10 13:49:13,14.28125,-1
2026-08-10 13:49:13,14.28125,-1
2026-08-10 13:49:13,13.0,-1
2026-08-10 13:49:13,13.0,-1
2026-08-10 13:49:13,13.0625,-1
2026-08-10 13:49:13,13.0625,-1
2026-08-10 13:49:13,12.90625,-1
2026-08-10 13:49:13,12.90625,-1
2026-08-10 13:49:14,13.1875,-1
2026-08-10 13:49:14,13.1875,-1
2026-08-10 13:49:14,11.328125,-1
2026-08-10 13:49:14,11.328125,-1
2026-08-10 13:49:14,11.390625,-1
2026-08-10 13:49:14,11.390625,-1
2026-08-10 13:49:14,11.6875,-1
2026-08-10 13:49:14,11.6875,-1
2026-08-10 13:49:14,13.484375,-1
2026-08-10 13:49:14,13.484375,-1
2026-08-10 13:49:14,13.71875,-1
2026-08-10 13:49:14,13.71875,-1
2026-08-10 13:49:14,13.734375,-1
2026-08-10 13:49:14,13.734375,-1
2026-08-10 13:49:14,13.71875,-1
2026-08-10 13:49:14,13.71875,-1
2026-08-10 13:49:14,12.328125,-1
2026-08-10 13:49:14,12.328125,-1
2026-08-10 13:49:14,12.171875,-1
2026-08-10 13:49:14,12.171875,-1
2026-08-10 13:49:15,12.078125,-1
2026-08-10 13:49:15,12.078125,-1
2026-08-10 13:49:15,13.28125,-1
2026-08-10 13:49:15,13.28125,-1
2026-08-10 13:49:15,13.21875,-1
2026-08-10 13:49:15,13.21875,-1
2026-08-10 13:49:15,12.78125,-1
2026-08-10 13:49:15,12.78125,-1
2026-08-10 13:49:15,12.6875,-1
2026-08-10 13:49:15,12.6875,-1
2026-08-10 13:49:15,12.046875,-1
2026-08-10 13:49:15,12.046875,-1
2026-08-10 13:49:15,12.0,-1
2026-08-10 13:49:15,12.0,-1
2026-08-10 13:49:15,12.03125,-1
2026-08-10 13:49:15,12.03125,-1
2026-08-10 13:49:15,12.171875,-1
2026-08-10 13:49:15,12.171875,-1
2026-08-10 13:49:15,12.484375,-1
2026-08-10 13:49:15,12.484375,-1
2026-08-10 13:49:16,12.5625,-1
2026-08-10 13:49:16,12.5625,-1
2026-08-10 13:49:16,12.515625,-1
2026-08-10 13:49:16,12.515625,-1
2026-08-10 13:49:16,12.046875,-1
2026-08-10 13:49:16,12.046875,-1
2026-08-10 13:49:16,11.90625,-1
2026-08-10 13:49:16,11.90625,-1
2026-08-10 13:49:16,11.90625,-1
2026-08-10 13:49:16,11.90625,-1
2026-08-10 13:49:16,11.875,-1
2026-08-10 13:49:16,11.875,-1
2026-08-10 13:49:16,11.484375,-1
2026-08-10 13:49:16,11.484375,-1
2026-08-10 13:49:16,11.609375,-1
2026-08-10 13:49:16,11.609375,-1
2026-08-10 13:49:16,11.640625,-1
2026-08-10 13:49:16,11.640625,-1
2026-08-10 13:49:16,11.734375,-1
2026-08-10 13:49:16,11.734375,-1
2026-08-10 13:49:17,11.640625,-1
2026-08-10 13:49:17,11.640625,-1
2026-08-10 13:49:17,11.546875,-1
2026-08-10 13:49:17,11.546875,-1
2026-08-10 13:49:17,11.421875,-1
2026-08-10 13:49:17,11.421875,-1
2026-08-10 13:49:17,10.671875,-1
2026-08-10 13:49:17,10.671875,-1
2026-08-10 13:49:17,10.6875,-1
2026-08-10 13:49:17,10.6875,-1
2026-08-10 13:49:17,10.71875,-1
2026-08-10 13:49:17,10.71875,-1
2026-08-10 13:49:17,10.734375,-1
2026-08-10 13:49:17,10.734375,-1
2026-08-10 13:49:17,10.6875,-1
2026-08-10 13:49:17,10.6875,-1
2026-08-10 13:49:17,10.8125,-1
2026-08-10 13:49:17,10.8125,-1
2026-08-10 13:49:17,10.875,-1
2026-08-10 13:49:17,10.875,-1
2026-08-10 13:49:18,10.09375,-1
2026-08-10 13:49:18,10.09375,-1
2026-08-10 13:49:18,10.0,-1
2026-08-10 13:49:18,10.0,-1
2026-08-10 13:49:18,9.8125,-1
2026-08-10 13:49:18,9.8125,-1
2026-08-10 13:49:18,9.78125,-1
2026-08-10 13:49:18,9.78125,-1
2026-08-10 13:49:18,9.234375,-1
2026-08-10 13:49:18,9.234375,-1
2026-08-10 13:49:18,9.515625,-1
2026-08-10 13:49:18,9.515625,-1
2026-08-10 13:49:18,9.84375,-1
2026-08-10 13:49:18,9.84375,-1
2026-08-10 13:49:18,10.375,-1
2026-08-10 13:49:18,10.375,-1
2026-08-10 13:49:18,10.203125,-1
2026-08-10 13:49:18,10.203125,-1
2026-08-10 13:49:18,9.828125,-1
2026-08-10 13:49:18,9.828125,-1
2026-08-10 13:49:19,9.40625,-1
2026-08-10 13:49:19,9.40625,-1
2026-08-10 13:49:19,8.28125,-1
2026-08-10 13:49:19,8.28125,-1
2026-08-10 13:49:19,8.171875,-1
2026-08-10 13:49:19,8.171875,-1
2026-08-10 13:49:19,8.21875,-1
2026-08-10 13:49:19,8.21875,-1
2026-08-10 13:49:19,8.375,-1
2026-08-10 13:49:19,8.375,-1
2026-08-10 13:49:19,9.03125,-1
2026-08-10 13:49:19,9.03125,-1
2026-08-10 13:49:19,9.03125,-1
2026-08-10 13:49:19,9.03125,-1
2026-08-10 13:49:19,8.96875,-1
2026-08-10 13:49:19,8.96875,-1
2026-08-10 13:49:19,7.65625,-1
2026-08-10 13:49:19,7.65625,-1
2026-08-10 13:49:19,7.421875,-1
2026-08-10 13:49:19,7.421875,-1
2026-08-10 13:49:20,7.25,-1
2026-08-10 13:49:20,7.25,-1
2026-08-10 13:49:20,7.21875,-1
2026-08-10 13:49:20,7.21875,-1
2026-08-10 13:49:20,7.84375,-1
2026-08-10 13:49:20,7.84375,-1
2026-08-10 13:49:20,8.09375,-1
2026-08-10 13:49:20,8.09375,-1
2026-08-10 13:49:20,8.1875,-1
2026-08-10 13:49:20,8.1875,-1
2026-08-10 13:49:20,8.453125,-1
2026-08-10 13:49:20,8.453125,-1
2026-08-10 13:49:20,8.40625,-1
2026-08-10 13:49:20,8.40625,-1
2026-08-10 13:49:20,8.296875,-1
2026-08-10 13:49:20,8.296875,-1
2026-08-10 13:49:20,8.234375,-1
2026-08-10 13:49:20,8.234375,-1
2026-08-10 13:49:20,9.3125,-1
2026-08-10 13:49:20,9.3125,-1
2026-08-10 13:49:21,9.5625,-1
2026-08-10 13:49:21,9.5625,-1
2026-08-10 13:49:21,9.75,-1
2026-08-10 13:49:21,9.75,-1
2026-08-10 13:49:21,10.953125,-1
2026-08-10 13:49:21,10.953125,-1
2026-08-10 13:49:21,11.078125,-1
2026-08-10 13:49:21,11.078125,-1
2026-08-10 13:49:21,11.09375,-1
2026-08-10 13:49:21,11.09375,-1
2026-08-10 13:49:21,11.140625,-1
2026-08-10 13:49:21,11.140625,-1
2026-08-10 13:49:21,10.640625,-1
2026-08-10 13:49:21,10.640625,-1
2026-08-10 13:49:21,10.625,-1
2026-08-10 13:49:21,10.625,-1
2026-08-10 13:49:21,10.765625,-1
2026-08-10 13:49:21,10.765625,-1
2026-08-10 13:49:21,10.796875,-1
2026-08-10 13:49:21,10.796875,-1
2026-08-10 13:49:22,11.796875,-1
2026-08-10 13:49:22,11.796875,-1
2026-08-10 13:49:22,11.609375,-1
2026-08-10 13:49:22,11.609375,-1
2026-08-10 13:49:22,11.4375,-1
2026-08-10 13:49:22,11.4375,-1
2026-08-10 13:49:22,10.546875,-1
2026-08-10 13:49:22,10.546875,-1
2026-08-10 13:49:22,10.484375,-1
2026-08-10 13:49:22,10.484375,-1
2026-08-10 13:49:22,10.484375,-1
2026-08-10 13:49:22,10.484375,-1
2026-08-10 13:49:22,10.546875,-1
2026-08-10 13:49:22,10.546875,-1
2026-08-10 13:49:22,11.203125,-1
2026-08-10 13:49:22,11.203125,-1
2026-08-10 13:49:22,11.296875,-1
2026-08-10 13:49:22,11.296875,-1
2026-08-10 13:49:22,11.28125,-1
2026-08-10 13:49:22,11.28125,-1
2026-08-10 13:49:23,11.28125,-1
2026-08-10 13:49:23,11.28125,-1
2026-08-10 13:49:23,10.5,-1
2026-08-10 13:49:23,10.5,-1
2026-08-10 13:49:23,10.34375,-1
2026-08-10 13:49:23,10.34375,-1
2026-08-10 13:49:23,10.296875,-1
2026-08-10 13:49:23,10.296875,-1
2026-08-10 13:49:23,10.546875,-1
2026-08-10 13:49:23,10.546875,-1
2026-08-10 13:49:23,10.796875,-1
2026-08-10 13:49:23,10.796875,-1
2026-08-10 13:49:23,11.171875,-1
2026-08-10 13:49:23,11.171875,-1
2026-08-10 13:49:23,12.109375,-1
2026-08-10 13:49:23,12.109375,-1
2026-08-10 13:49:23,12.140625,-1
2026-08-10 13:49:23,12.140625,-1
2026-08-10 13:49:23,12.0625,-1
2026-08-10 13:49:23,12.0625,-1
2026-08-10 13:49:24,12.015625,-1
2026-08-10 13:49:24,12.015625,-1
2026-08-10 13:49:24,14.375,-1
2026-08-10 13:49:24,14.375,-1
2026-08-10 13:49:24,14.3125,-1
2026-08-10 13:49:24,14.3125,-1
2026-08-10 13:49:24,14.125,-1
2026-08-10 13:49:24,14.125,-1
2026-08-10 13:49:24,14.125,-1
2026-08-10 13:49:24,14.125,-1
2026-08-10 13:49:24,14.21875,-1
2026-08-10 13:49:24,14.21875,-1
2026-08-10 13:49:24,14.40625,-1
2026-08-10 13:49:24,14.40625,-1
2026-08-10 13:49:24,14.640625,-1
2026-08-10 13:49:24,14.640625,-1
2026-08-10 13:49:24,14.390625,-1
2026-08-10 13:49:24,14.390625,-1
2026-08-10 13:49:24,14.4375,-1
2026-08-10 13:49:24,14.4375,-1
2026-08-10 13:49:25,14.40625,-1
2026-08-10 13:49:25,14.40625,-1
2026-08-10 13:49:25,14.3125,-1
2026-08-10 13:49:25,14.3125,-1
2026-08-10 13:49:25,12.859375,-1
2026-08-10 13:49:25,12.859375,-1
2026-08-10 13:49:25,12.734375,-1
2026-08-10 13:49:25,12.734375,-1
2026-08-10 13:49:25,12.609375,-1
2026-08-10 13:49:25,12.609375,-1
2026-08-10 13:49:25,12.515625,-1
2026-08-10 13:49:25,12.515625,-1
2026-08-10 13:49:25,12.65625,-1
2026-08-10 13:49:25,12.65625,-1
2026-08-10 13:49:25,12.6875,-1
2026-08-10 13:49:25,12.6875,-1
2026-08-10 13:49:25,12.65625,-1
2026-08-10 13:49:25,12.65625,-1
2026-08-10 13:49:25,11.46875,-1
2026-08-10 13:49:25,11.46875,-1
2026-08-10 13:49:26,11.25,-1
2026-08-10 13:49:26,11.25,-1
2026-08-10 13:49:26,11.1875,-1
2026-08-10 13:49:26,11.1875,-1
2026-08-10 13:49:26,11.0,-1
2026-08-10 13:49:26,11.0,-1
2026-08-10 13:49:26,11.078125,-1
2026-08-10 13:49:26,11.078125,-1
2026-08-10 13:49:26,11.109375,-1
2026-08-10 13:49:26,11.109375,-1
2026-08-10 13:49:26,11.1875,-1
2026-08-10 13:49:26,11.1875,-1
2026-08-10 13:49:26,10.515625,-1
2026-08-10 13:49:26,10.515625,-1
2026-08-10 13:49:26,10.40625,-1
2026-08-10 13:49:26,10.40625,-1
2026-08-10 13:49:26,10.265625,-1
2026-08-10 13:49:26,10.265625,-1
2026-08-10 13:49:26,10.3125,-1
2026-08-10 13:49:26,10.3125,-1
2026-08-10 13:49:27,9.765625,-1
2026-08-10 13:49:27,9.765625,-1
2026-08-10 13:49:27,9.75,-1
2026-08-10 13:49:27,9.75,-1
2026-08-10 13:49:27,9.734375,-1
2026-08-10 13:49:27,9.734375,-1
2026-08-10 13:49:27,8.5625,-1
2026-08-10 13:49:27,8.5625,-1
2026-08-10 13:49:27,8.328125,-1
2026-08-10 13:49:27,8.328125,-1
2026-08-10 13:49:27,8.25,-1
2026-08-10 13:49:27,8.25,-1
2026-08-10 13:49:27,8.0625,-1
2026-08-10 13:49:27,8.0625,-1
2026-08-10 13:49:27,6.71875,-1
2026-08-10 13:49:27,6.71875,-1
2026-08-10 13:49:27,6.609375,-1
2026-08-10 13:49:27,6.609375,-1
2026-08-10 13:49:27,6.515625,-1
2026-08-10 13:49:27,6.515625,-1
2026-08-10 13:49:28,6.515625,-1
2026-08-10 13:49:28,6.515625,-1
2026-08-10 13:49:28,4.453125,-1
2026-08-10 13:49:28,4.453125,-1
2026-08-10 13:49:28,4.265625,-1
2026-08-10 13:49:28,4.265625,-1
2026-08-10 13:49:28,4.25,-1
2026-08-10 13:49:28,4.25,-1
2026-08-10 13:49:28,2.4375,-1
2026-08-10 13:49:28,2.4375,-1
2026-08-10 13:49:28,2.421875,-1
2026-08-10 13:49:28,2.421875,-1
2026-08-10 13:49:28,2.40625,-1
2026-08-10 13:49:28,2.40625,-1
2026-08-10 13:49:28,2.265625,-1
2026-08-10 13:49:28,2.265625,-1
2026-08-10 13:49:28,2.125,-1
2026-08-10 13:49:28,2.125,-1
2026-08-10 13:49:28,2.03125,-1
2026-08-10 13:49:28,2.03125,-1
2026-08-10 13:49:29,1.953125,-1
2026-08-10 13:49:29,1.953125,-1
2026-08-10 13:49:29,0.859375,-1
2026-08-10 13:49:29,0.859375,-1
2026-08-10 13:49:29,0.859375,-1
2026-08-10 13:49:29,0.859375,-1
2026-08-10 13:49:29,0.359375,-1
2026-08-10 13:49:29,0.359375,-1
2026-08-10 13:49:29,0.359375,-1
2026-08-10 13:49:29,0.359375,-1
2026-08-10 13:49:29,0.0,-1
2026-08-10 13:49:29,0.0,-1
2026-08-10 13:49:29,0.0,-1
2026-08-10 13:49:29,0.0,-1
2026-08-10 13:49:29,0.0,-1
2026-08-10 13:49:29,0.0,-1
2026-08-10 13:49:29,0.0,-1
2026-08-10 13:49:29,0.0,-1
2026-08-10 13:49:29,0.0,-1
2026-08-10 13:49:29,0.0,-1
2026-08-10 13:49:30,0.0,-1
2026-08-10 13:49:30,0.0,-1
2026-08-10 13:49:30,0.0,-1
2026-08-10 13:49:30,0.0,-1
2026-08-10 13:49:30,0.0,-1
2026-08-10 13:49:30,0.0,-1
2026-08-10 13:49:30,0.0,-1
2026-08-10 13:49:30,0.0,-1
2026-08-10 13:49:30,0.0,-1
2026-08-10 13:49:30,0.0,-1
2026-08-10 13:49:30,0.0,-1
2026-08-10 13:49:30,0.0,-1
2026-08-10 13:49:30,0.0,-1
2026-08-10 13:49:30,0.0,-1
2026-08-10 13:49:30,0.0,-1
2026-08-10 13:49:30,0.0,-1
2026-08-10 13:49:30,0.0,-1
2026-08-10 13:49:30,0.0,-1
2026-08-10 13:49:30,0.0,-1
2026-08-10 13:49:30,0.0,-1
2026-08-10 13:49:31,0.0,-1
2026-08-10 13:49:31,0.0,-1
2026-08-10 13:49:31,0.0,-1
2026-08-10 13:49:31,0.0,-1
2026-08-10 13:49:31,0.0,-1
2026-08-10 13:49:31,0.0,1
2026-08-10 13:49:31,0.0,1
2026-08-10 13:49:31,0.0,1
2026-08-10 13:49:31,0.0,1
2026-08-10 13:49:31,0.0,1
2026-08-10 13:49:31,0.0,1
2026-08-10 13:49:31,0.0,1
2026-08-10 13:49:31,0.0,1
2026-08-10 13:49:31,0.0,1
2026-08-10 13:49:31,0.0,1
2026-08-10 13:49:31,0.0,1
2026-08-10 13:49:31,0.0,1
2026-08-10 13:49:31,0.0,1
2026-08-10 13:49:31,2.234375,1
2026-08-10 13:49:31,2.234375,1
2026-08-10 13:49:32,2.078125,1
2026-08-10 13:49:32,2.078125,1
2026-08-10 13:49:32,1.40625,1
2026-08-10 13:49:32,1.40625,1
2026-08-10 13:49:32,0.9375,1
2026-08-10 13:49:32,0.9375,1
2026-08-10 13:49:32,2.234375,1
2026-08-10 13:49:32,2.234375,1
2026-08-10 13:49:32,2.859375,1
2026-08-10 13:49:32,2.859375,1
2026-08-10 13:49:32,3.125,1
2026-08-10 13:49:32,3.125,1
2026-08-10 13:49:32,4.71875,1
2026-08-10 13:49:32,4.71875,1
2026-08-10 13:49:32,4.828125,1
2026-08-10 13:49:32,4.828125,1
2026-08-10 13:49:32,4.8125,1
2026-08-10 13:49:32,4.8125,1
2026-08-10 13:49:32,4.734375,1
2026-08-10 13:49:32,4.734375,1
2026-08-10 13:49:33,6.09375,1
2026-08-10 13:49:33,6.09375,1
2026-08-10 13:49:33,6.171875,1
2026-08-10 13:49:33,6.171875,1
2026-08-10 13:49:33,6.453125,1
2026-08-10 13:49:33,6.453125,1
2026-08-10 13:49:33,6.5625,1
2026-08-10 13:49:33,6.5625,1
2026-08-10 13:49:33,8.296875,1
2026-08-10 13:49:33,8.296875,1
2026-08-10 13:49:33,8.328125,1
2026-08-10 13:49:33,8.328125,1
2026-08-10 13:49:33,8.375,1
2026-08-10 13:49:33,8.375,1
2026-08-10 13:49:33,10.0625,1
2026-08-10 13:49:33,10.0625,1
2026-08-10 13:49:33,10.28125,1
2026-08-10 13:49:33,10.28125,1
2026-08-10 13:49:33,10.421875,1
2026-08-10 13:49:33,10.421875,1
2026-08-10 13:49:34,10.46875,1
2026-08-10 13:49:34,10.46875,1
2026-08-10 13:49:34,12.640625,1
2026-08-10 13:49:34,12.640625,1
2026-08-10 13:49:34,12.828125,1
2026-08-10 13:49:34,12.828125,1
2026-08-10 13:49:34,12.9375,1
2026-08-10 13:49:34,12.9375,1
2026-08-10 13:49:34,15.5625,1
2026-08-10 13:49:34,15.5625,1
2026-08-10 13:49:34,15.8125,1
2026-08-10 13:49:34,15.8125,1
2026-08-10 13:49:34,16.078125,1
2026-08-10 13:49:34,16.078125,1
2026-08-10 13:49:34,16.171875,1
2026-08-10 13:49:34,16.171875,1
2026-08-10 13:49:34,17.984375,1
2026-08-10 13:49:34,17.984375,1
2026-08-10 13:49:34,18.09375,1
2026-08-10 13:49:34,18.09375,1
2026-08-10 13:49:35,18.25,1
2026-08-10 13:49:35,18.25,1
2026-08-10 13:49:35,20.921875,1
2026-08-10 13:49:35,20.921875,1
2026-08-10 13:49:35,20.875,1
2026-08-10 13:49:35,20.875,1
2026-08-10 13:49:35,20.921875,1
2026-08-10 13:49:35,20.921875,1
2026-08-10 13:49:35,21.078125,1
2026-08-10 13:49:35,21.078125,1
2026-08-10 13:49:35,22.390625,1
2026-08-10 13:49:35,22.390625,1
2026-08-10 13:49:35,22.453125,1
2026-08-10 13:49:35,22.453125,1
2026-08-10 13:49:35,22.390625,1
2026-08-10 13:49:35,22.390625,1
2026-08-10 13:49:35,22.546875,1
2026-08-10 13:49:35,22.546875,1
2026-08-10 13:49:35,23.265625,1
2026-08-10 13:49:35,23.265625,1
2026-08-10 13:49:36,23.328125,1
2026-08-10 13:49:36,23.328125,1
2026-08-10 13:49:36,23.484375,1
2026-08-10 13:49:36,23.484375,1
2026-08-10 13:49:36,24.875,1
2026-08-10 13:49:36,24.875,1
2026-08-10 13:49:36,24.84375,1
2026-08-10 13:49:36,24.84375,1
2026-08-10 13:49:36,24.859375,1
2026-08-10 13:49:36,24.859375,1
2026-08-10 13:49:36,24.9375,1
2026-08-10 13:49:36,24.9375,1
2026-08-10 13:49:36,24.6875,1
2026-08-10 13:49:36,24.6875,1
2026-08-10 13:49:36,24.65625,1
2026-08-10 13:49:36,24.65625,1
2026-08-10 13:49:36,24.703125,1
2026-08-10 13:49:36,24.703125,1
2026-08-10 13:49:36,23.875,1
2026-08-10 13:49:36,23.875,1
2026-08-10 13:49:37,23.96875,1
2026-08-10 13:49:37,23.96875,1
2026-08-10 13:49:37,23.9375,1
2026-08-10 13:49:37,23.9375,1
2026-08-10 13:49:37,23.765625,1
2026-08-10 13:49:37,23.765625,1
2026-08-10 13:49:37,23.578125,1
2026-08-10 13:49:37,23.578125,1
2026-08-10 13:49:37,23.515625,1
2026-08-10 13:49:37,23.515625,1
2026-08-10 13:49:37,23.59375,1
2026-08-10 13:49:37,23.59375,1
2026-08-10 13:49:37,23.59375,1
2026-08-10 13:49:37,23.59375,1
2026-08-10 13:49:37,23.796875,1
2026-08-10 13:49:37,23.796875,1
2026-08-10 13:49:37,23.875,1
2026-08-10 13:49:37,23.875,1
2026-08-10 13:49:37,23.84375,1
2026-08-10 13:49:37,23.84375,1
2026-08-10 13:49:38,23.84375,1
2026-08-10 13:49:38,23.84375,1
2026-08-10 13:49:38,23.859375,1
2026-08-10 13:49:38,23.859375,1
2026-08-10 13:49:38,23.828125,1
2026-08-10 13:49:38,23.828125,1
2026-08-10 13:49:38,23.875,1
2026-08-10 13:49:38,23.875,1
2026-08-10 13:49:38,23.859375,1
2026-08-10 13:49:38,23.859375,1
2026-08-10 13:49:38,23.859375,1
2026-08-10 13:49:38,23.859375,1
2026-08-10 13:49:38,23.828125,1
2026-08-10 13:49:38,23.828125,1
2026-08-10 13:49:38,23.96875,1
2026-08-10 13:49:38,23.96875,1
2026-08-10 13:49:38,23.90625,1
2026-08-10 13:49:38,23.90625,1
2026-08-10 13:49:38,23.921875,1
2026-08-10 13:49:38,23.921875,1
2026-08-10 13:49:39,23.953125,1
2026-08-10 13:49:39,23.953125,1
2026-08-10 13:49:39,24.03125,1
2026-08-10 13:49:39,24.03125,1
2026-08-10 13:49:39,24.171875,1
2026-08-10 13:49:39,24.171875,1
2026-08-10 13:49:39,24.1875,1
2026-08-10 13:49:39,24.1875,1
2026-08-10 13:49:39,24.21875,1
2026-08-10 13:49:39,24.21875,1
2026-08-10 13:49:39,24.296875,1
2026-08-10 13:49:39,24.296875,1
2026-08-10 13:49:39,24.140625,1
2026-08-10 13:49:39,24.140625,1
2026-08-10 13:49:39,24.21875,1
2026-08-10 13:49:39,24.21875,1
2026-08-10 13:49:39,24.3125,1
2026-08-10 13:49:39,24.3125,1
2026-08-10 13:49:39,24.375,1
2026-08-10 13:49:39,24.375,1
2026-08-10 13:49:40,24.3125,1
2026-08-10 13:49:40,24.3125,1
2026-08-10 13:49:40,24.265625,1
2026-08-10 13:49:40,24.265625,1
2026-08-10 13:49:40,24.125,1
2026-08-10 13:49:40,24.125,1
2026-08-10 13:49:40,24.203125,1
2026-08-10 13:49:40,24.203125,1
2026-08-10 13:49:40,24.0625,1
2026-08-10 13:49:40,24.0625,1
2026-08-10 13:49:40,23.40625,1
2026-08-10 13:49:40,23.40625,1
2026-08-10 13:49:40,23.515625,1
2026-08-10 13:49:40,23.515625,1
2026-08-10 13:49:40,23.5,1
2026-08-10 13:49:40,23.5,1
2026-08-10 13:49:40,23.53125,1
2026-08-10 13:49:40,23.53125,1
2026-08-10 13:49:40,23.59375,1
2026-08-10 13:49:40,23.59375,1
2026-08-10 13:49:41,23.734375,1
2026-08-10 13:49:41,23.734375,1
2026-08-10 13:49:41,23.625,1
2026-08-10 13:49:41,23.625,1
2026-08-10 13:49:41,23.59375,1
2026-08-10 13:49:41,23.59375,1
2026-08-10 13:49:41,23.3125,1
2026-08-10 13:49:41,23.3125,1
2026-08-10 13:49:41,23.4375,1
2026-08-10 13:49:41,23.4375,1
2026-08-10 13:49:41,23.265625,1
2026-08-10 13:49:41,23.265625,1
2026-08-10 13:49:41,23.203125,1
2026-08-10 13:49:41,23.203125,1
2026-08-10 13:49:41,23.234375,1
2026-08-10 13:49:41,23.234375,1
2026-08-10 13:49:41,23.1875,1
2026-08-10 13:49:41,23.1875,1
2026-08-10 13:49:41,22.984375,1
2026-08-10 13:49:41,22.984375,1
2026-08-10 13:49:42,22.84375,1
2026-08-10 13:49:42,22.84375,1
2026-08-10 13:49:42,22.96875,1
2026-08-10 13:49:42,22.96875,1
2026-08-10 13:49:42,22.890625,1
2026-08-10 13:49:42,22.890625,1
2026-08-10 13:49:42,22.734375,1
2026-08-10 13:49:42,22.734375,1
2026-08-10 13:49:42,22.828125,1
2026-08-10 13:49:42,22.828125,1
2026-08-10 13:49:42,22.9375,1
2026-08-10 13:49:42,22.9375,1
2026-08-10 13:49:42,22.953125,1
2026-08-10 13:49:42,22.953125,1
2026-08-10 13:49:42,22.734375,1
2026-08-10 13:49:42,22.734375,1
2026-08-10 13:49:42,22.84375,1
2026-08-10 13:49:42,22.84375,1
2026-08-10 13:49:42,22.578125,1
2026-08-10 13:49:42,22.578125,1
2026-08-10 13:49:43,22.875,1
2026-08-10 13:49:43,22.875,1
2026-08-10 13:49:43,22.625,1
2026-08-10 13:49:43,22.625,1
2026-08-10 13:49:43,22.46875,1
2026-08-10 13:49:43,22.46875,1
2026-08-10 13:49:43,22.375,1
2026-08-10 13:49:43,22.375,1
2026-08-10 13:49:43,22.6875,1
2026-08-10 13:49:43,22.6875,1
2026-08-10 13:49:43,22.625,1
2026-08-10 13:49:43,22.625,1
2026-08-10 13:49:43,22.90625,1
2026-08-10 13:49:43,22.90625,1
2026-08-10 13:49:43,22.765625,1
2026-08-10 13:49:43,22.765625,1
2026-08-10 13:49:43,22.625,1
2026-08-10 13:49:43,22.625,1
2026-08-10 13:49:43,22.734375,1
2026-08-10 13:49:43,22.734375,1
2026-08-10 13:49:44,22.78125,1
2026-08-10 13:49:44,22.78125,1
2026-08-10 13:49:44,22.59375,1
2026-08-10 13:49:44,22.59375,1
2026-08-10 13:49:44,22.625,1
2026-08-10 13:49:44,22.625,1
2026-08-10 13:49:44,22.671875,1
2026-08-10 13:49:44,22.671875,1
2026-08-10 13:49:44,22.6875,1
2026-08-10 13:49:44,22.6875,1
2026-08-10 13:49:44,23.09375,1
2026-08-10 13:49:44,23.09375,1
2026-08-10 13:49:44,23.109375,1
2026-08-10 13:49:44,23.109375,1
2026-08-10 13:49:44,23.0625,1
2026-08-10 13:49:44,23.0625,1
2026-08-10 13:49:44,23.078125,1
2026-08-10 13:49:44,23.078125,1
2026-08-10 13:49:44,23.09375,1
2026-08-10 13:49:44,23.09375,1
2026-08-10 13:49:45,23.171875,1
2026-08-10 13:49:45,23.171875,1
2026-08-10 13:49:45,23.140625,1
2026-08-10 13:49:45,23.140625,1
2026-08-10 13:49:45,23.34375,1
2026-08-10 13:49:45,23.34375,1
2026-08-10 13:49:45,23.28125,1
2026-08-10 13:49:45,23.28125,1
2026-08-10 13:49:45,23.265625,1
2026-08-10 13:49:45,23.265625,1
2026-08-10 13:49:45,23.25,1
2026-08-10 13:49:45,23.25,1
2026-08-10 13:49:45,23.1875,1
2026-08-10 13:49:45,23.1875,1
2026-08-10 13:49:45,23.21875,1
2026-08-10 13:49:45,23.21875,1
2026-08-10 13:49:45,23.171875,1
2026-08-10 13:49:45,23.171875,1
2026-08-10 13:49:45,23.140625,1
2026-08-10 13:49:45,23.140625,1
2026-08-10 13:49:46,23.15625,1
2026-08-10 13:49:46,23.15625,1
2026-08-10 13:49:46,23.046875,1
2026-08-10 13:49:46,23.046875,1
2026-08-10 13:49:46,22.8125,1
2026-08-10 13:49:46,22.8125,1
2026-08-10 13:49:46,22.65625,1
2026-08-10 13:49:46,22.65625,1
2026-08-10 13:49:46,22.6875,1
2026-08-10 13:49:46,22.6875,1
2026-08-10 13:49:46,22.640625,1
2026-08-10 13:49:46,22.640625,1
2026-08-10 13:49:46,22.265625,1
2026-08-10 13:49:46,22.265625,1
2026-08-10 13:49:46,22.28125,1
2026-08-10 13:49:46,22.28125,1
2026-08-10 13:49:46,22.234375,1
2026-08-10 13:49:46,22.234375,1
2026-08-10 13:49:46,22.203125,1
2026-08-10 13:49:46,22.203125,1
2026-08-10 13:49:47,22.109375,1
2026-08-10 13:49:47,22.109375,1
2026-08-10 13:49:47,22.078125,1
2026-08-10 13:49:47,22.078125,1
2026-08-10 13:49:47,22.0625,1
2026-08-10 13:49:47,22.0625,1
2026-08-10 13:49:47,22.28125,1
2026-08-10 13:49:47,22.28125,1
2026-08-10 13:49:47,22.203125,1
2026-08-10 13:49:47,22.203125,1
2026-08-10 13:49:47,22.203125,1
2026-08-10 13:49:47,22.203125,1
2026-08-10 13:49:47,22.234375,1
2026-08-10 13:49:47,22.234375,1
2026-08-10 13:49:47,22.34375,1
2026-08-10 13:49:47,22.34375,1
2026-08-10 13:49:47,22.328125,1
2026-08-10 13:49:47,22.328125,1
2026-08-10 13:49:47,22.375,1
2026-08-10 13:49:47,22.375,1
2026-08-10 13:49:48,22.15625,1
2026-08-10 13:49:48,22.15625,1
2026-08-10 13:49:48,22.296875,1
2026-08-10 13:49:48,22.296875,1
2026-08-10 13:49:48,22.203125,1
2026-08-10 13:49:48,22.203125,1
2026-08-10 13:49:48,22.296875,1
2026-08-10 13:49:48,22.296875,1
2026-08-10 13:49:48,22.203125,1
2026-08-10 13:49:48,22.203125,1
2026-08-10 13:49:48,22.25,1
2026-08-10 13:49:48,22.25,1
2026-08-10 13:49:48,22.359375,1
2026-08-10 13:49:48,22.359375,1
2026-08-10 13:49:48,21.296875,1
2026-08-10 13:49:48,21.296875,1
2026-08-10 13:49:48,20.890625,1
2026-08-10 13:49:48,20.890625,1
2026-08-10 13:49:48,20.875,1
2026-08-10 13:49:48,20.875,1
2026-08-10 13:49:49,20.796875,1
2026-08-10 13:49:49,20.796875,1
2026-08-10 13:49:49,20.03125,1
2026-08-10 13:49:49,20.03125,1
2026-08-10 13:49:49,20.140625,1
2026-08-10 13:49:49,20.140625,1
2026-08-10 13:49:49,20.28125,1
2026-08-10 13:49:49,20.28125,1
2026-08-10 13:49:49,20.34375,1
2026-08-10 13:49:49,20.34375,1
2026-08-10 13:49:49,20.25,1
2026-08-10 13:49:49,20.25,1
2026-08-10 13:49:49,20.328125,1
2026-08-10 13:49:49,20.328125,1
2026-08-10 13:49:49,20.4375,1
2026-08-10 13:49:49,20.4375,1
2026-08-10 13:49:49,20.6875,1
2026-08-10 13:49:49,20.6875,1
2026-08-10 13:49:49,20.78125,1
2026-08-10 13:49:49,20.78125,1
2026-08-10 13:49:50,20.8125,1
2026-08-10 13:49:50,20.8125,1
2026-08-10 13:49:50,20.828125,1
2026-08-10 13:49:50,20.828125,1
2026-08-10 13:49:50,20.921875,1
2026-08-10 13:49:50,20.921875,1
2026-08-10 13:49:50,20.65625,1
2026-08-10 13:49:50,20.65625,1
2026-08-10 13:49:50,20.546875,1
2026-08-10 13:49:50,20.546875,1
2026-08-10 13:49:50,19.9375,1
2026-08-10 13:49:50,19.9375,1
2026-08-10 13:49:50,19.96875,1
2026-08-10 13:49:50,19.96875,1
2026-08-10 13:49:50,20.03125,1
2026-08-10 13:49:50,20.03125,1
2026-08-10 13:49:50,20.125,1
2026-08-10 13:49:50,20.125,1
2026-08-10 13:49:50,19.703125,1
2026-08-10 13:49:50,19.703125,1
2026-08-10 13:49:51,19.734375,1
2026-08-10 13:49:51,19.734375,1
2026-08-10 13:49:51,19.609375,1
2026-08-10 13:49:51,19.609375,1
2026-08-10 13:49:51,20.53125,1
2026-08-10 13:49:51,20.53125,1
2026-08-10 13:49:51,20.46875,1
2026-08-10 13:49:51,20.46875,1
2026-08-10 13:49:51,20.609375,1
2026-08-10 13:49:51,20.609375,1
2026-08-10 13:49:51,20.71875,1
2026-08-10 13:49:51,20.71875,1
2026-08-10 13:49:51,21.671875,1
2026-08-10 13:49:51,21.671875,1
2026-08-10 13:49:51,21.78125,1
2026-08-10 13:49:51,21.78125,1
2026-08-10 13:49:51,21.875,1
2026-08-10 13:49:51,21.875,1
2026-08-10 13:49:51,21.875,1
2026-08-10 13:49:51,21.875,1
2026-08-10 13:49:52,22.640625,1
2026-08-10 13:49:52,22.640625,1
2026-08-10 13:49:52,22.640625,1
2026-08-10 13:49:52,22.640625,1
2026-08-10 13:49:52,22.65625,1
2026-08-10 13:49:52,22.65625,1
2026-08-10 13:49:52,21.1875,1
2026-08-10 13:49:52,21.1875,1
2026-08-10 13:49:52,20.984375,1
2026-08-10 13:49:52,20.984375,1
2026-08-10 13:49:52,20.890625,1
2026-08-10 13:49:52,20.890625,1
2026-08-10 13:49:52,20.65625,1
2026-08-10 13:49:52,20.65625,1
2026-08-10 13:49:52,20.0,1
2026-08-10 13:49:52,20.0,1
2026-08-10 13:49:52,19.90625,1
2026-08-10 13:49:52,19.90625,1
2026-08-10 13:49:52,19.703125,1
2026-08-10 13:49:52,19.703125,1
2026-08-10 13:49:53,19.8125,1
2026-08-10 13:49:53,19.8125,1
2026-08-10 13:49:53,19.484375,1
2026-08-10 13:49:53,19.484375,1
2026-08-10 13:49:53,19.484375,1
2026-08-10 13:49:53,19.484375,1
2026-08-10 13:49:53,19.53125,1
2026-08-10 13:49:53,19.53125,1
2026-08-10 13:49:53,19.40625,1
2026-08-10 13:49:53,19.40625,1
2026-08-10 13:49:53,19.328125,1
2026-08-10 13:49:53,19.328125,1
2026-08-10 13:49:53,19.28125,1
2026-08-10 13:49:53,19.28125,1
2026-08-10 13:49:53,19.296875,1
2026-08-10 13:49:53,19.296875,1
2026-08-10 13:49:53,19.78125,1
2026-08-10 13:49:53,19.78125,1
2026-08-10 13:49:53,19.796875,1
2026-08-10 13:49:53,19.796875,1
2026-08-10 13:49:54,19.609375,1
2026-08-10 13:49:54,19.609375,1
2026-08-10 13:49:54,20.140625,1
2026-08-10 13:49:54,20.140625,1
2026-08-10 13:49:54,20.125,1
2026-08-10 13:49:54,20.125,1
2026-08-10 13:49:54,20.21875,1
2026-08-10 13:49:54,20.21875,1
2026-08-10 13:49:54,20.28125,1
2026-08-10 13:49:54,20.28125,1
2026-08-10 13:49:54,20.375,1
2026-08-10 13:49:54,20.375,1
2026-08-10 13:49:54,20.296875,1
2026-08-10 13:49:54,20.296875,1
2026-08-10 13:49:54,20.171875,1
2026-08-10 13:49:54,20.171875,1
2026-08-10 13:49:54,19.53125,1
2026-08-10 13:49:54,19.53125,1
2026-08-10 13:49:54,19.5,1
2026-08-10 13:49:54,19.5,1
2026-08-10 13:49:55,19.59375,1
2026-08-10 13:49:55,19.59375,1
2026-08-10 13:49:55,19.5625,1
2026-08-10 13:49:55,19.5625,1
2026-08-10 13:49:55,18.953125,1
2026-08-10 13:49:55,18.953125,1
2026-08-10 13:49:55,18.875,1
2026-08-10 13:49:55,18.875,1
2026-08-10 13:49:55,18.796875,1
2026-08-10 13:49:55,18.796875,1
2026-08-10 13:49:55,18.75,1
2026-08-10 13:49:55,18.75,1
2026-08-10 13:49:55,14.46875,1
2026-08-10 13:49:55,14.46875,1
2026-08-10 13:49:55,14.375,1
2026-08-10 13:49:55,14.375,1
2026-08-10 13:49:55,14.390625,1
2026-08-10 13:49:55,14.390625,1
2026-08-10 13:49:55,10.953125,1
2026-08-10 13:49:55,10.953125,1
2026-08-10 13:49:56,10.890625,1
2026-08-10 13:49:56,10.890625,1
2026-08-10 13:49:56,10.640625,1
2026-08-10 13:49:56,10.640625,1
2026-08-10 13:49:56,10.40625,1
2026-08-10 13:49:56,10.40625,1
2026-08-10 13:49:56,5.328125,1
2026-08-10 13:49:56,5.328125,1
2026-08-10 13:49:56,4.984375,1
2026-08-10 13:49:56,4.984375,1
2026-08-10 13:49:56,4.828125,1
2026-08-10 13:49:56,4.828125,1
2026-08-10 13:49:56,0.984375,1
2026-08-10 13:49:56,0.984375,1
2026-08-10 13:49:56,0.984375,1
2026-08-10 13:49:56,0.984375,1
2026-08-10 13:49:56,0.984375,1
2026-08-10 13:49:56,0.984375,1
2026-08-10 13:49:56,0.984375,1
2026-08-10 13:49:56,0.984375,1
2026-08-10 13:49:57,0.0,1
2026-08-10 13:49:57,0.0,1
2026-08-10 13:49:57,0.0,1
2026-08-10 13:49:57,0.0,1
2026-08-10 13:49:57,0.0,1
2026-08-10 13:49:57,0.0,1
2026-08-10 13:49:57,0.0,1
2026-08-10 13:49:57,0.0,1
2026-08-10 13:49:57,0.0,1
2026-08-10 13:49:57,0.0,-1
2026-08-10 13:49:57,0.0,-1
2026-08-10 13:49:57,0.0,-1
2026-08-10 13:49:57,0.0,-1
2026-08-10 13:49:57,0.0,-1
2026-08-10 13:49:57,0.0,-1
2026-08-10 13:49:57,0.0,-1
2026-08-10 13:49:57,0.0,-1
2026-08-10 13:49:57,0.0,-1
2026-08-10 13:49:57,0.0,-1
2026-08-10 13:49:57,0.0,-1
2026-08-10 13:49:58,1.328125,-1
2026-08-10 13:49:58,1.328125,-1
2026-08-10 13:49:58,1.484375,-1
2026-08-10 13:49:58,1.484375,-1
2026-08-10 13:49:58,1.484375,-1
2026-08-10 13:49:58,1.484375,-1
2026-08-10 13:49:58,1.6875,-1
2026-08-10 13:49:58,1.6875,-1
2026-08-10 13:49:58,0.546875,-1
2026-08-10 13:49:58,0.546875,-1
2026-08-10 13:49:58,1.75,-1
2026-08-10 13:49:58,1.75,-1
2026-08-10 13:49:58,1.75,-1
2026-08-10 13:49:58,1.75,-1
2026-08-10 13:49:58,3.03125,-1
2026-08-10 13:49:58,3.03125,-1
2026-08-10 13:49:58,4.765625,-1
2026-08-10 13:49:58,4.765625,-1
2026-08-10 13:49:58,4.59375,-1
2026-08-10 13:49:58,4.59375,-1
2026-08-10 13:49:59,4.21875,-1
2026-08-10 13:49:59,4.21875,-1
2026-08-10 13:49:59,4.453125,-1
2026-08-10 13:49:59,4.453125,-1
2026-08-10 13:49:59,4.328125,-1
2026-08-10 13:49:59,4.328125,-1
2026-08-10 13:49:59,4.375,-1
2026-08-10 13:49:59,4.375,-1
2026-08-10 13:49:59,4.546875,-1
2026-08-10 13:49:59,4.546875,-1
2026-08-10 13:49:59,6.890625,-1
2026-08-10 13:49:59,6.890625,-1
2026-08-10 13:49:59,7.21875,-1
2026-08-10 13:49:59,7.21875,-1
2026-08-10 13:49:59,7.390625,-1
2026-08-10 13:49:59,7.390625,-1
2026-08-10 13:49:59,7.46875,-1
2026-08-10 13:49:59,7.46875,-1
2026-08-10 13:49:59,7.65625,-1
2026-08-10 13:49:59,7.65625,-1
2026-08-10 13:50:00,7.53125,-1
2026-08-10 13:50:00,7.53125,-1
2026-08-10 13:50:00,7.4375,-1
2026-08-10 13:50:00,7.4375,-1
2026-08-10 13:50:00,8.640625,-1
2026-08-10 13:50:00,8.640625,-1
2026-08-10 13:50:00,8.734375,-1
2026-08-10 13:50:00,8.734375,-1
2026-08-10 13:50:00,8.984375,-1
2026-08-10 13:50:00,8.984375,-1
2026-08-10 13:50:00,9.828125,-1
2026-08-10 13:50:00,9.828125,-1
2026-08-10 13:50:00,9.78125,-1
2026-08-10 13:50:00,9.78125,-1
2026-08-10 13:50:00,9.640625,-1
2026-08-10 13:50:00,9.640625,-1
2026-08-10 13:50:00,9.640625,-1
2026-08-10 13:50:00,9.640625,-1
2026-08-10 13:50:00,10.0,-1
2026-08-10 13:50:00,10.0,-1
2026-08-10 13:50:01,10.125,-1
2026-08-10 13:50:01,10.125,-1
2026-08-10 13:50:01,10.28125,-1
2026-08-10 13:50:01,10.28125,-1
2026-08-10 13:50:01,10.3125,-1
2026-08-10 13:50:01,10.3125,-1
2026-08-10 13:50:01,11.28125,-1
2026-08-10 13:50:01,11.28125,-1
2026-08-10 13:50:01,11.296875,-1
2026-08-10 13:50:01,11.296875,-1
2026-08-10 13:50:01,11.375,-1
2026-08-10 13:50:01,11.375,-1
2026-08-10 13:50:01,11.703125,-1
2026-08-10 13:50:01,11.703125,-1
2026-08-10 13:50:01,11.84375,-1
2026-08-10 13:50:01,11.84375,-1
2026-08-10 13:50:01,11.75,-1
2026-08-10 13:50:01,11.75,-1
2026-08-10 13:50:01,12.015625,-1
2026-08-10 13:50:01,12.015625,-1
2026-08-10 13:50:02,12.3125,-1
2026-08-10 13:50:02,12.3125,-1
2026-08-10 13:50:02,12.265625,-1
2026-08-10 13:50:02,12.265625,-1
2026-08-10 13:50:02,12.3125,-1
2026-08-10 13:50:02,12.3125,-1
2026-08-10 13:50:02,12.21875,-1
2026-08-10 13:50:02,12.21875,-1
2026-08-10 13:50:02,11.96875,-1
2026-08-10 13:50:02,11.96875,-1
2026-08-10 13:50:02,12.125,-1
2026-08-10 13:50:02,12.125,-1
2026-08-10 13:50:02,11.84375,-1
2026-08-10 13:50:02,11.84375,-1
2026-08-10 13:50:02,11.140625,-1
2026-08-10 13:50:02,11.140625,-1
2026-08-10 13:50:02,11.015625,-1
2026-08-10 13:50:02,11.015625,-1
2026-08-10 13:50:02,10.953125,-1
2026-08-10 13:50:02,10.953125,-1
2026-08-10 13:50:03,10.953125,-1
2026-08-10 13:50:03,10.953125,-1
2026-08-10 13:50:03,11.015625,-1
2026-08-10 13:50:03,11.015625,-1
2026-08-10 13:50:03,10.984375,-1
2026-08-10 13:50:03,10.984375,-1
2026-08-10 13:50:03,11.03125,-1
2026-08-10 13:50:03,11.03125,-1
2026-08-10 13:50:03,11.03125,-1
2026-08-10 13:50:03,11.03125,-1
2026-08-10 13:50:03,11.703125,-1
2026-08-10 13:50:03,11.703125,-1
2026-08-10 13:50:03,11.71875,-1
2026-08-10 13:50:03,11.71875,-1
2026-08-10 13:50:03,11.6875,-1
2026-08-10 13:50:03,11.6875,-1
2026-08-10 13:50:03,12.015625,-1
2026-08-10 13:50:03,12.015625,-1
2026-08-10 13:50:03,11.890625,-1
2026-08-10 13:50:03,11.890625,-1
2026-08-10 13:50:04,12.109375,-1
2026-08-10 13:50:04,12.109375,-1
2026-08-10 13:50:04,12.015625,-1
2026-08-10 13:50:04,12.015625,-1
2026-08-10 13:50:04,11.75,-1
2026-08-10 13:50:04,11.75,-1
2026-08-10 13:50:04,12.015625,-1
2026-08-10 13:50:04,12.015625,-1
2026-08-10 13:50:04,11.734375,-1
2026-08-10 13:50:04,11.734375,-1
2026-08-10 13:50:04,11.078125,-1
2026-08-10 13:50:04,11.078125,-1
2026-08-10 13:50:04,10.90625,-1
2026-08-10 13:50:04,10.90625,-1
2026-08-10 13:50:04,10.859375,-1
2026-08-10 13:50:04,10.859375,-1
2026-08-10 13:50:04,10.859375,-1
2026-08-10 13:50:04,10.859375,-1
2026-08-10 13:50:04,9.828125,-1
2026-08-10 13:50:04,9.828125,-1
2026-08-10 13:50:05,9.84375,-1
2026-08-10 13:50:05,9.84375,-1
2026-08-10 13:50:05,9.71875,-1
2026-08-10 13:50:05,9.71875,-1
2026-08-10 13:50:05,8.703125,-1
2026-08-10 13:50:05,8.703125,-1
2026-08-10 13:50:05,8.65625,-1
2026-08-10 13:50:05,8.65625,-1
2026-08-10 13:50:05,8.5625,-1
2026-08-10 13:50:05,8.5625,-1
2026-08-10 13:50:05,8.53125,-1
2026-08-10 13:50:05,8.53125,-1
2026-08-10 13:50:05,7.5625,-1
2026-08-10 13:50:05,7.5625,-1
2026-08-10 13:50:05,7.546875,-1
2026-08-10 13:50:05,7.546875,-1
2026-08-10 13:50:05,7.484375,-1
2026-08-10 13:50:05,7.484375,-1
2026-08-10 13:50:05,7.40625,-1
2026-08-10 13:50:05,7.40625,-1
2026-08-10 13:50:06,6.875,-1
2026-08-10 13:50:06,6.875,-1
2026-08-10 13:50:06,6.859375,-1
2026-08-10 13:50:06,6.859375,-1
2026-08-10 13:50:06,6.890625,-1
2026-08-10 13:50:06,6.890625,-1
2026-08-10 13:50:06,6.359375,-1
2026-08-10 13:50:06,6.359375,-1
2026-08-10 13:50:06,6.203125,-1
2026-08-10 13:50:06,6.203125,-1
2026-08-10 13:50:06,6.140625,-1
2026-08-10 13:50:06,6.140625,-1
2026-08-10 13:50:06,6.078125,-1
2026-08-10 13:50:06,6.078125,-1
2026-08-10 13:50:06,5.234375,-1
2026-08-10 13:50:06,5.234375,-1
2026-08-10 13:50:06,5.21875,-1
2026-08-10 13:50:06,5.21875,-1
2026-08-10 13:50:06,5.1875,-1
2026-08-10 13:50:06,5.1875,-1
2026-08-10 13:50:07,4.375,-1
2026-08-10 13:50:07,4.375,-1
2026-08-10 13:50:07,4.3125,-1
2026-08-10 13:50:07,4.3125,-1
2026-08-10 13:50:07,4.21875,-1
2026-08-10 13:50:07,4.21875,-1
2026-08-10 13:50:07,4.203125,-1
2026-08-10 13:50:07,4.203125,-1
2026-08-10 13:50:07,3.578125,-1
2026-08-10 13:50:07,3.578125,-1
2026-08-10 13:50:07,3.546875,-1
2026-08-10 13:50:07,3.546875,-1
2026-08-10 13:50:07,3.5,-1
2026-08-10 13:50:07,3.5,-1
2026-08-10 13:50:07,2.84375,-1
2026-08-10 13:50:07,2.84375,-1
2026-08-10 13:50:07,2.8125,-1
2026-08-10 13:50:07,2.8125,-1
2026-08-10 13:50:07,2.78125,-1
2026-08-10 13:50:07,2.78125,-1
2026-08-10 13:50:08,2.78125,-1
2026-08-10 13:50:08,2.78125,-1
2026-08-10 13:50:08,2.3125,-1
2026-08-10 13:50:08,2.3125,-1
2026-08-10 13:50:08,2.484375,-1
2026-08-10 13:50:08,2.484375,-1
2026-08-10 13:50:08,2.515625,-1
2026-08-10 13:50:08,2.515625,-1
2026-08-10 13:50:08,2.546875,-1
2026-08-10 13:50:08,2.546875,-1
2026-08-10 13:50:08,3.359375,-1
2026-08-10 13:50:08,3.359375,-1
2026-08-10 13:50:08,3.390625,-1
2026-08-10 13:50:08,3.390625,-1
2026-08-10 13:50:08,3.53125,-1
2026-08-10 13:50:08,3.53125,-1
2026-08-10 13:50:08,4.703125,-1
2026-08-10 13:50:08,4.703125,-1
2026-08-10 13:50:08,4.71875,-1
2026-08-10 13:50:08,4.71875,-1
2026-08-10 13:50:09,4.796875,-1
2026-08-10 13:50:09,4.796875,-1
2026-08-10 13:50:09,4.84375,-1
2026-08-10 13:50:09,4.84375,-1
2026-08-10 13:50:09,3.8125,-1
2026-08-10 13:50:09,3.8125,-1
2026-08-10 13:50:09,3.734375,-1
2026-08-10 13:50:09,3.734375,-1
2026-08-10 13:50:09,3.71875,-1
2026-08-10 13:50:09,3.71875,-1
2026-08-10 13:50:09,4.890625,-1
2026-08-10 13:50:09,4.890625,-1
2026-08-10 13:50:09,5.078125,-1
2026-08-10 13:50:09,5.078125,-1
2026-08-10 13:50:09,5.234375,-1
2026-08-10 13:50:09,5.234375,-1
2026-08-10 13:50:09,5.28125,-1
2026-08-10 13:50:09,5.28125,-1
2026-08-10 13:50:09,6.28125,-1
2026-08-10 13:50:09,6.28125,-1
2026-08-10 13:50:10,6.234375,-1
2026-08-10 13:50:10,6.234375,-1
2026-08-10 13:50:10,6.28125,-1
2026-08-10 13:50:10,6.28125,-1
2026-08-10 13:50:10,7.5625,-1
2026-08-10 13:50:10,7.5625,-1
2026-08-10 13:50:10,7.65625,-1
2026-08-10 13:50:10,7.65625,-1
2026-08-10 13:50:10,7.875,-1
2026-08-10 13:50:10,7.875,-1
2026-08-10 13:50:10,7.953125,-1
2026-08-10 13:50:10,7.953125,-1
2026-08-10 13:50:10,8.921875,-1
2026-08-10 13:50:10,8.921875,-1
2026-08-10 13:50:10,8.953125,-1
2026-08-10 13:50:10,8.953125,-1
2026-08-10 13:50:10,8.890625,-1
2026-08-10 13:50:10,8.890625,-1
2026-08-10 13:50:10,9.6875,-1
2026-08-10 13:50:10,9.6875,-1
2026-08-10 13:50:11,9.75,-1
2026-08-10 13:50:11,9.75,-1
2026-08-10 13:50:11,9.890625,-1
2026-08-10 13:50:11,9.890625,-1
2026-08-10 13:50:11,10.015625,-1
2026-08-10 13:50:11,10.015625,-1
2026-08-10 13:50:11,10.390625,-1
2026-08-10 13:50:11,10.390625,-1
2026-08-10 13:50:11,10.484375,-1
2026-08-10 13:50:11,10.484375,-1
2026-08-10 13:50:11,10.46875,-1
2026-08-10 13:50:11,10.46875,-1
2026-08-10 13:50:11,10.5,-1
2026-08-10 13:50:11,10.5,-1
2026-08-10 13:50:11,10.90625,-1
2026-08-10 13:50:11,10.90625,-1
2026-08-10 13:50:11,10.84375,-1
2026-08-10 13:50:11,10.84375,-1
2026-08-10 13:50:11,10.8125,-1
2026-08-10 13:50:11,10.8125,-1
2026-08-10 13:50:12,10.703125,-1
2026-08-10 13:50:12,10.703125,-1
2026-08-10 13:50:12,10.609375,-1
2026-08-10 13:50:12,10.609375,-1
2026-08-10 13:50:12,10.671875,-1
2026-08-10 13:50:12,10.671875,-1
2026-08-10 13:50:12,10.65625,-1
2026-08-10 13:50:12,10.65625,-1
2026-08-10 13:50:12,10.984375,-1
2026-08-10 13:50:12,10.984375,-1
2026-08-10 13:50:12,11.03125,-1
2026-08-10 13:50:12,11.03125,-1
2026-08-10 13:50:12,11.03125,-1
2026-08-10 13:50:12,11.03125,-1
2026-08-10 13:50:12,9.21875,-1
2026-08-10 13:50:12,9.21875,-1
2026-08-10 13:50:12,9.078125,-1
2026-08-10 13:50:12,9.078125,-1
2026-08-10 13:50:12,8.984375,-1
2026-08-10 13:50:12,8.984375,-1
2026-08-10 13:50:13,8.921875,-1
2026-08-10 13:50:13,8.921875,-1
2026-08-10 13:50:13,5.8125,-1
2026-08-10 13:50:13,5.8125,-1
2026-08-10 13:50:13,5.703125,-1
2026-08-10 13:50:13,5.703125,-1
2026-08-10 13:50:13,5.25,-1
2026-08-10 13:50:13,5.25,-1
2026-08-10 13:50:13,2.28125,-1
2026-08-10 13:50:13,2.28125,-1
2026-08-10 13:50:13,1.96875,-1
2026-08-10 13:50:13,1.96875,-1
2026-08-10 13:50:13,1.890625,-1
2026-08-10 13:50:13,1.890625,-1
2026-08-10 13:50:13,1.71875,-1
2026-08-10 13:50:13,1.71875,-1
2026-08-10 13:50:13,0.0,-1
2026-08-10 13:50:13,0.0,-1
2026-08-10 13:50:13,0.0,-1
2026-08-10 13:50:13,0.0,-1
2026-08-10 13:50:14,0.0,-1
2026-08-10 13:50:14,0.0,-1
2026-08-10 13:50:14,0.0,-1
2026-08-10 13:50:14,0.0,-1
2026-08-10 13:50:14,0.0,-1
2026-08-10 13:50:14,0.0,-1
2026-08-10 13:50:14,0.0,-1
2026-08-10 13:50:14,0.0,-1
2026-08-10 13:50:14,0.0,-1
2026-08-10 13:50:14,0.0,-1
2026-08-10 13:50:14,0.0,-1
2026-08-10 13:50:14,0.0,-1
2026-08-10 13:50:14,0.0,-1
2026-08-10 13:50:14,0.0,-1
2026-08-10 13:50:14,0.0,-1
2026-08-10 13:50:14,0.0,0
2026-08-10 13:50:14,0.0,0
2026-08-10 13:50:14,0.0,0
2026-08-10 13:50:14,0.0,0
2026-08-10 13:50:14,0.0,1
2026-08-10 13:50:15,0.0,1
2026-08-10 13:50:15,0.0,1
2026-08-10 13:50:15,0.0,1
2026-08-10 13:50:15,0.0,1
2026-08-10 13:50:15,0.0,1
2026-08-10 13:50:15,0.0,1
2026-08-10 13:50:15,0.328125,1
2026-08-10 13:50:15,0.328125,1
2026-08-10 13:50:15,0.328125,1
2026-08-10 13:50:15,0.328125,1
2026-08-10 13:50:15,0.328125,1
2026-08-10 13:50:15,0.328125,1
2026-08-10 13:50:15,0.0,1
2026-08-10 13:50:15,0.0,1
2026-08-10 13:50:15,0.0,1
2026-08-10 13:50:15,0.0,1
2026-08-10 13:50:15,0.0,1
2026-08-10 13:50:15,0.0,1
2026-08-10 13:50:15,0.0,1
2026-08-10 13:50:15,0.0,1
2026-08-10 13:50:16,1.953125,1
2026-08-10 13:50:16,1.953125,1
2026-08-10 13:50:16,1.96875,1
2026-08-10 13:50:16,1.96875,1
2026-08-10 13:50:16,1.90625,1
2026-08-10 13:50:16,1.90625,1
2026-08-10 13:50:16,2.96875,1
2026-08-10 13:50:16,2.96875,1
2026-08-10 13:50:16,3.015625,1
2026-08-10 13:50:16,3.015625,1
2026-08-10 13:50:16,3.28125,1
2026-08-10 13:50:16,3.28125,1
2026-08-10 13:50:16,3.375,1
2026-08-10 13:50:16,3.375,1
2026-08-10 13:50:16,6.15625,1
2026-08-10 13:50:16,6.15625,1
2026-08-10 13:50:16,6.46875,1
2026-08-10 13:50:16,6.46875,1
2026-08-10 13:50:16,6.5,1
2026-08-10 13:50:16,6.5,1
2026-08-10 13:50:17,6.96875,1
2026-08-10 13:50:17,6.96875,1
2026-08-10 13:50:17,6.9375,1
2026-08-10 13:50:17,6.9375,1
2026-08-10 13:50:17,7.1875,1
2026-08-10 13:50:17,7.1875,1
2026-08-10 13:50:17,7.234375,1
2026-08-10 13:50:17,7.234375,1
2026-08-10 13:50:17,9.21875,1
2026-08-10 13:50:17,9.21875,1
2026-08-10 13:50:17,9.328125,1
2026-08-10 13:50:17,9.328125,1
2026-08-10 13:50:17,9.3125,1
2026-08-10 13:50:17,9.3125,1
2026-08-10 13:50:17,9.3125,1
2026-08-10 13:50:17,9.3125,1
2026-08-10 13:50:17,8.78125,1
2026-08-10 13:50:17,8.78125,1
2026-08-10 13:50:17,8.671875,1
2026-08-10 13:50:17,8.671875,1
2026-08-10 13:50:18,8.6875,1
2026-08-10 13:50:18,8.6875,1
2026-08-10 13:50:18,9.203125,1
2026-08-10 13:50:18,9.203125,1
2026-08-10 13:50:18,9.3125,1
2026-08-10 13:50:18,9.3125,1
2026-08-10 13:50:18,9.484375,1
2026-08-10 13:50:18,9.484375,1
2026-08-10 13:50:18,9.515625,1
2026-08-10 13:50:18,9.515625,1
2026-08-10 13:50:18,10.59375,1
2026-08-10 13:50:18,10.59375,1
2026-08-10 13:50:18,10.59375,1
2026-08-10 13:50:18,10.59375,1
2026-08-10 13:50:18,10.671875,1
2026-08-10 13:50:18,10.671875,1
2026-08-10 13:50:18,12.9375,1
2026-08-10 13:50:18,12.9375,1
2026-08-10 13:50:18,13.109375,1
2026-08-10 13:50:18,13.109375,1
2026-08-10 13:50:19,13.171875,1
2026-08-10 13:50:19,13.171875,1
2026-08-10 13:50:19,13.375,1
2026-08-10 13:50:19,13.375,1
2026-08-10 13:50:19,15.875,1
2026-08-10 13:50:19,15.875,1
2026-08-10 13:50:19,15.96875,1
2026-08-10 13:50:19,15.96875,1
2026-08-10 13:50:19,15.9375,1
2026-08-10 13:50:19,15.9375,1
2026-08-10 13:50:19,17.546875,1
2026-08-10 13:50:19,17.546875,1
2026-08-10 13:50:19,17.59375,1
2026-08-10 13:50:19,17.59375,1
2026-08-10 13:50:19,17.640625,1
2026-08-10 13:50:19,17.640625,1
2026-08-10 13:50:19,17.578125,1
2026-08-10 13:50:19,17.578125,1
2026-08-10 13:50:19,17.9375,1
2026-08-10 13:50:19,17.9375,1
2026-08-10 13:50:20,17.921875,1
2026-08-10 13:50:20,17.921875,1
2026-08-10 13:50:20,17.796875,1
2026-08-10 13:50:20,17.796875,1
2026-08-10 13:50:20,17.78125,1
2026-08-10 13:50:20,17.78125,1
2026-08-10 13:50:20,15.703125,1
2026-08-10 13:50:20,15.703125,1
2026-08-10 13:50:20,15.3125,1
2026-08-10 13:50:20,15.3125,1
2026-08-10 13:50:20,15.03125,1
2026-08-10 13:50:20,15.03125,1
2026-08-10 13:50:20,11.0625,1
2026-08-10 13:50:20,11.0625,1
2026-08-10 13:50:20,10.515625,1
2026-08-10 13:50:20,10.515625,1
2026-08-10 13:50:20,10.34375,1
2026-08-10 13:50:20,10.34375,1
2026-08-10 13:50:20,10.046875,1
2026-08-10 13:50:20,10.046875,1
2026-08-10 13:50:21,4.421875,1
2026-08-10 13:50:21,4.421875,-1
2026-08-10 13:50:21,3.9375,-1
2026-08-10 13:50:21,3.9375,-1
2026-08-10 13:50:21,3.734375,-1
2026-08-10 13:50:21,3.734375,-1
2026-08-10 13:50:21,0.1875,-1
2026-08-10 13:50:21,0.1875,0
2026-08-10 13:50:21,0.1875,0
2026-08-10 13:50:21,0.1875,0
2026-08-10 13:50:21,0.1875,0
2026-08-10 13:50:21,0.1875,0
2026-08-10 13:50:21,0.0,0
2026-08-10 13:50:21,0.0,0
2026-08-10 13:50:21,0.0,0
2026-08-10 13:50:21,0.0,0
2026-08-10 13:50:21,0.0,0
2026-08-10 13:50:21,0.0,0
2026-08-10 13:50:21,0.0,0
2026-08-10 13:50:21,0.0,-1
2026-08-10 13:50:22,0.0,-1
2026-08-10 13:50:22,0.0,-1
2026-08-10 13:50:22,0.0,-1
2026-08-10 13:50:22,0.0,-1
2026-08-10 13:50:22,0.0,-1
2026-08-10 13:50:22,0.0,-1
2026-08-10 13:50:22,0.0,-1
2026-08-10 13:50:22,0.0,-1
2026-08-10 13:50:22,0.0,-1
2026-08-10 13:50:22,0.0,-1
2026-08-10 13:50:22,0.0,-1
2026-08-10 13:50:22,0.0,-1
2026-08-10 13:50:22,0.0,-1
2026-08-10 13:50:22,0.0,-1
2026-08-10 13:50:22,0.96875,-1
2026-08-10 13:50:22,0.96875,-1
2026-08-10 13:50:22,0.96875,-1
2026-08-10 13:50:22,0.96875,-1
2026-08-10 13:50:22,1.15625,-1
2026-08-10 13:50:22,1.15625,-1
2026-08-10 13:50:23,1.15625,-1
2026-08-10 13:50:23,1.15625,-1
2026-08-10 13:50:23,2.125,-1
2026-08-10 13:50:23,2.125,-1
2026-08-10 13:50:23,1.765625,-1
2026-08-10 13:50:23,1.765625,-1
2026-08-10 13:50:23,0.859375,-1
2026-08-10 13:50:23,0.859375,-1
2026-08-10 13:50:23,4.03125,-1
2026-08-10 13:50:23,4.03125,-1
2026-08-10 13:50:23,4.453125,-1
2026-08-10 13:50:23,4.453125,-1
2026-08-10 13:50:23,4.96875,-1
2026-08-10 13:50:23,4.96875,-1
2026-08-10 13:50:23,5.5625,-1
2026-08-10 13:50:23,5.5625,-1
2026-08-10 13:50:23,6.875,-1
2026-08-10 13:50:23,6.875,-1
2026-08-10 13:50:23,6.640625,-1
2026-08-10 13:50:23,6.640625,-1
2026-08-10 13:50:24,6.234375,-1
2026-08-10 13:50:24,6.234375,-1
2026-08-10 13:50:24,6.234375,-1
2026-08-10 13:50:24,6.234375,-1
2026-08-10 13:50:24,7.609375,-1
2026-08-10 13:50:24,7.609375,-1
2026-08-10 13:50:24,7.8125,-1
2026-08-10 13:50:24,7.8125,-1
2026-08-10 13:50:24,8.328125,-1
2026-08-10 13:50:24,8.328125,-1
2026-08-10 13:50:24,9.890625,-1
2026-08-10 13:50:24,9.890625,-1
2026-08-10 13:50:24,9.953125,-1
2026-08-10 13:50:24,9.953125,-1
2026-08-10 13:50:24,9.8125,-1
2026-08-10 13:50:24,9.8125,-1
2026-08-10 13:50:24,9.796875,-1
2026-08-10 13:50:24,9.796875,-1
2026-08-10 13:50:24,9.53125,-1
2026-08-10 13:50:24,9.53125,-1
2026-08-10 13:50:25,9.5,-1
2026-08-10 13:50:25,9.5,-1
2026-08-10 13:50:25,9.640625,-1
2026-08-10 13:50:25,9.640625,-1
2026-08-10 13:50:25,10.234375,-1
2026-08-10 13:50:25,10.234375,-1
2026-08-10 13:50:25,10.328125,-1
2026-08-10 13:50:25,10.328125,-1
2026-08-10 13:50:25,10.328125,-1
2026-08-10 13:50:25,10.328125,-1
2026-08-10 13:50:25,10.3125,-1
2026-08-10 13:50:25,10.3125,-1
2026-08-10 13:50:25,9.546875,-1
2026-08-10 13:50:25,9.546875,-1
2026-08-10 13:50:25,9.328125,-1
2026-08-10 13:50:25,9.328125,-1
2026-08-10 13:50:25,9.296875,-1
2026-08-10 13:50:25,9.296875,-1
2026-08-10 13:50:25,9.265625,-1
2026-08-10 13:50:25,9.265625,-1
2026-08-10 13:50:26,9.5,-1
2026-08-10 13:50:26,9.5,-1
2026-08-10 13:50:26,9.546875,-1
2026-08-10 13:50:26,9.546875,-1
2026-08-10 13:50:26,9.5625,-1
2026-08-10 13:50:26,9.5625,-1
2026-08-10 13:50:26,8.421875,-1
2026-08-10 13:50:26,8.421875,-1
2026-08-10 13:50:26,8.28125,-1
2026-08-10 13:50:26,8.28125,-1
2026-08-10 13:50:26,8.21875,-1
2026-08-10 13:50:26,8.21875,-1
2026-08-10 13:50:26,8.15625,-1
2026-08-10 13:50:26,8.15625,-1
2026-08-10 13:50:26,8.03125,-1
2026-08-10 13:50:26,8.03125,-1
2026-08-10 13:50:26,8.0625,-1
2026-08-10 13:50:26,8.0625,-1
2026-08-10 13:50:26,8.078125,-1
2026-08-10 13:50:26,8.078125,-1
2026-08-10 13:50:27,7.203125,-1
2026-08-10 13:50:27,7.203125,-1
2026-08-10 13:50:27,7.0,-1
2026-08-10 13:50:27,7.0,-1
2026-08-10 13:50:27,6.8125,-1
2026-08-10 13:50:27,6.8125,-1
2026-08-10 13:50:27,6.796875,-1
2026-08-10 13:50:27,6.796875,-1
2026-08-10 13:50:27,6.0,-1
2026-08-10 13:50:27,6.0,-1
2026-08-10 13:50:27,5.96875,-1
2026-08-10 13:50:27,5.96875,-1
2026-08-10 13:50:27,5.984375,-1
2026-08-10 13:50:27,5.984375,-1
2026-08-10 13:50:27,6.53125,-1
2026-08-10 13:50:27,6.53125,-1
2026-08-10 13:50:27,6.546875,-1
2026-08-10 13:50:27,6.546875,-1
2026-08-10 13:50:27,6.53125,-1
2026-08-10 13:50:27,6.53125,-1
2026-08-10 13:50:28,6.515625,-1
2026-08-10 13:50:28,6.515625,-1
2026-08-10 13:50:28,7.671875,-1
2026-08-10 13:50:28,7.671875,-1
2026-08-10 13:50:28,7.703125,-1
2026-08-10 13:50:28,7.703125,-1
2026-08-10 13:50:28,7.828125,-1
2026-08-10 13:50:28,7.828125,-1
2026-08-10 13:50:28,9.109375,-1
2026-08-10 13:50:28,9.109375,-1
2026-08-10 13:50:28,9.21875,-1
2026-08-10 13:50:28,9.21875,-1
2026-08-10 13:50:28,9.21875,-1
2026-08-10 13:50:28,9.21875,-1
2026-08-10 13:50:28,9.375,-1
2026-08-10 13:50:28,9.375,-1
2026-08-10 13:50:28,9.375,-1
2026-08-10 13:50:28,9.375,-1
2026-08-10 13:50:28,10.921875,-1
2026-08-10 13:50:28,10.921875,-1
2026-08-10 13:50:29,10.984375,-1
2026-08-10 13:50:29,10.984375,-1
2026-08-10 13:50:29,11.078125,-1
2026-08-10 13:50:29,11.078125,-1
2026-08-10 13:50:29,12.40625,-1
2026-08-10 13:50:29,12.40625,-1
2026-08-10 13:50:29,12.59375,-1
2026-08-10 13:50:29,12.59375,-1
2026-08-10 13:50:29,12.640625,-1
2026-08-10 13:50:29,12.640625,-1
2026-08-10 13:50:29,13.234375,-1
2026-08-10 13:50:29,13.234375,-1
2026-08-10 13:50:29,13.171875,-1
2026-08-10 13:50:29,13.171875,-1
2026-08-10 13:50:29,13.21875,-1
2026-08-10 13:50:29,13.21875,-1
2026-08-10 13:50:29,13.078125,-1
2026-08-10 13:50:29,13.078125,-1
2026-08-10 13:50:29,11.9375,-1
2026-08-10 13:50:29,11.9375,-1
2026-08-10 13:50:30,11.875,-1
2026-08-10 13:50:30,11.875,-1
2026-08-10 13:50:30,11.6875,-1
2026-08-10 13:50:30,11.6875,-1
2026-08-10 13:50:30,11.6875,-1
2026-08-10 13:50:30,11.6875,-1
2026-08-10 13:50:30,11.171875,-1
2026-08-10 13:50:30,11.171875,-1
2026-08-10 13:50:30,11.265625,-1
2026-08-10 13:50:30,11.265625,-1
2026-08-10 13:50:30,11.484375,-1
2026-08-10 13:50:30,11.484375,-1
2026-08-10 13:50:30,12.390625,-1
2026-08-10 13:50:30,12.390625,-1
2026-08-10 13:50:30,12.390625,-1
2026-08-10 13:50:30,12.390625,-1
2026-08-10 13:50:30,12.359375,-1
2026-08-10 13:50:30,12.359375,-1
2026-08-10 13:50:30,12.34375,-1
2026-08-10 13:50:30,12.34375,-1
2026-08-10 13:50:31,11.875,-1
2026-08-10 13:50:31,11.875,-1
2026-08-10 13:50:31,11.90625,-1
2026-08-10 13:50:31,11.90625,-1
2026-08-10 13:50:31,11.921875,-1
2026-08-10 13:50:31,11.921875,-1
2026-08-10 13:50:31,11.359375,-1
2026-08-10 13:50:31,11.359375,-1
2026-08-10 13:50:31,11.296875,-1
2026-08-10 13:50:31,11.296875,-1
2026-08-10 13:50:31,11.171875,-1
2026-08-10 13:50:31,11.171875,-1
2026-08-10 13:50:31,11.109375,-1
2026-08-10 13:50:31,11.109375,-1
2026-08-10 13:50:31,10.75,-1
2026-08-10 13:50:31,10.75,-1
2026-08-10 13:50:31,10.671875,-1
2026-08-10 13:50:31,10.671875,-1
2026-08-10 13:50:31,10.734375,-1
2026-08-10 13:50:31,10.734375,-1
2026-08-10 13:50:32,10.734375,-1
2026-08-10 13:50:32,10.734375,-1
2026-08-10 13:50:32,10.703125,-1
2026-08-10 13:50:32,10.703125,-1
2026-08-10 13:50:32,10.734375,-1
2026-08-10 13:50:32,10.734375,-1
2026-08-10 13:50:32,10.765625,-1
2026-08-10 13:50:32,10.765625,-1
2026-08-10 13:50:32,11.1875,-1
2026-08-10 13:50:32,11.1875,-1
2026-08-10 13:50:32,11.140625,-1
2026-08-10 13:50:32,11.140625,-1
2026-08-10 13:50:32,11.171875,-1
2026-08-10 13:50:32,11.171875,-1
2026-08-10 13:50:32,11.15625,-1
2026-08-10 13:50:32,11.15625,-1
2026-08-10 13:50:32,11.859375,-1
2026-08-10 13:50:32,11.859375,-1
2026-08-10 13:50:32,12.015625,-1
2026-08-10 13:50:32,12.015625,-1
2026-08-10 13:50:33,12.109375,-1
2026-08-10 13:50:33,12.109375,-1
2026-08-10 13:50:33,12.484375,-1
2026-08-10 13:50:33,12.484375,-1
2026-08-10 13:50:33,12.359375,-1
2026-08-10 13:50:33,12.359375,-1
2026-08-10 13:50:33,12.3125,-1
2026-08-10 13:50:33,12.3125,-1
2026-08-10 13:50:33,12.28125,-1
2026-08-10 13:50:33,12.28125,-1
2026-08-10 13:50:33,10.484375,-1
2026-08-10 13:50:33,10.484375,-1
2026-08-10 13:50:33,10.3125,-1
2026-08-10 13:50:33,10.3125,-1
2026-08-10 13:50:33,10.25,-1
2026-08-10 13:50:33,10.25,-1
2026-08-10 13:50:33,11.0,-1
2026-08-10 13:50:33,11.0,-1
2026-08-10 13:50:33,11.140625,-1
2026-08-10 13:50:33,11.140625,-1
2026-08-10 13:50:34,11.171875,-1
2026-08-10 13:50:34,11.171875,-1
2026-08-10 13:50:34,11.25,-1
2026-08-10 13:50:34,11.25,-1
2026-08-10 13:50:34,11.203125,-1
2026-08-10 13:50:34,11.203125,-1
2026-08-10 13:50:34,11.09375,-1
2026-08-10 13:50:34,11.09375,-1
2026-08-10 13:50:34,11.0,-1
2026-08-10 13:50:34,11.0,-1
2026-08-10 13:50:34,10.96875,-1
2026-08-10 13:50:34,10.96875,-1
2026-08-10 13:50:34,10.484375,-1
2026-08-10 13:50:34,10.484375,-1
2026-08-10 13:50:34,10.4375,-1
2026-08-10 13:50:34,10.4375,-1
2026-08-10 13:50:34,10.375,-1
2026-08-10 13:50:34,10.375,-1
2026-08-10 13:50:34,8.875,-1
2026-08-10 13:50:34,8.875,-1
2026-08-10 13:50:35,8.734375,-1
2026-08-10 13:50:35,8.734375,-1
2026-08-10 13:50:35,8.515625,-1
2026-08-10 13:50:35,8.515625,-1
2026-08-10 13:50:35,8.46875,-1
2026-08-10 13:50:35,8.46875,-1
2026-08-10 13:50:35,6.984375,-1
2026-08-10 13:50:35,6.984375,-1
2026-08-10 13:50:35,7.125,-1
2026-08-10 13:50:35,7.125,-1
2026-08-10 13:50:35,7.203125,-1
2026-08-10 13:50:35,7.203125,-1
2026-08-10 13:50:35,8.234375,-1
2026-08-10 13:50:35,8.234375,-1
2026-08-10 13:50:35,8.234375,-1
2026-08-10 13:50:35,8.234375,-1
2026-08-10 13:50:35,8.09375,-1
2026-08-10 13:50:35,8.09375,-1
2026-08-10 13:50:35,8.09375,-1
2026-08-10 13:50:35,8.09375,-1
2026-08-10 13:50:36,8.828125,-1
2026-08-10 13:50:36,8.828125,-1
2026-08-10 13:50:36,8.890625,-1
2026-08-10 13:50:36,8.890625,-1
2026-08-10 13:50:36,9.015625,-1
2026-08-10 13:50:36,9.015625,-1
2026-08-10 13:50:36,9.109375,-1
2026-08-10 13:50:36,9.109375,-1
2026-08-10 13:50:36,9.953125,-1
2026-08-10 13:50:36,9.953125,-1
2026-08-10 13:50:36,10.0,-1
2026-08-10 13:50:36,10.0,-1
2026-08-10 13:50:36,10.046875,-1
2026-08-10 13:50:36,10.046875,-1
2026-08-10 13:50:36,10.546875,-1
2026-08-10 13:50:36,10.546875,-1
2026-08-10 13:50:36,10.484375,-1
2026-08-10 13:50:36,10.484375,-1
2026-08-10 13:50:36,10.4375,-1
2026-08-10 13:50:36,10.4375,-1
2026-08-10 13:50:37,10.5,-1
2026-08-10 13:50:37,10.5,-1
2026-08-10 13:50:37,11.078125,-1
2026-08-10 13:50:37,11.078125,-1
2026-08-10 13:50:37,11.078125,-1
2026-08-10 13:50:37,11.078125,-1
2026-08-10 13:50:37,11.203125,-1
2026-08-10 13:50:37,11.203125,-1
2026-08-10 13:50:37,11.4375,-1
2026-08-10 13:50:37,11.4375,-1
2026-08-10 13:50:37,11.4375,-1
2026-08-10 13:50:37,11.4375,-1
2026-08-10 13:50:37,11.359375,-1
2026-08-10 13:50:37,11.359375,-1
2026-08-10 13:50:37,11.359375,-1
2026-08-10 13:50:37,11.359375,-1
2026-08-10 13:50:37,11.578125,-1
2026-08-10 13:50:37,11.578125,-1
2026-08-10 13:50:37,11.609375,-1
2026-08-10 13:50:37,11.609375,-1
2026-08-10 13:50:38,11.6875,-1
2026-08-10 13:50:38,11.6875,-1
2026-08-10 13:50:38,11.84375,-1
2026-08-10 13:50:38,11.84375,-1
2026-08-10 13:50:38,11.84375,-1
2026-08-10 13:50:38,11.84375,-1
2026-08-10 13:50:38,11.796875,-1
2026-08-10 13:50:38,11.796875,-1
2026-08-10 13:50:38,11.78125,-1
2026-08-10 13:50:38,11.78125,-1
2026-08-10 13:50:38,11.546875,-1
2026-08-10 13:50:38,11.546875,-1
2026-08-10 13:50:38,11.59375,-1
2026-08-10 13:50:38,11.59375,-1
2026-08-10 13:50:38,11.609375,-1
2026-08-10 13:50:38,11.609375,-1
2026-08-10 13:50:38,11.625,-1
2026-08-10 13:50:38,11.625,-1
2026-08-10 13:50:38,11.234375,-1
2026-08-10 13:50:38,11.234375,-1
2026-08-10 13:50:39,11.21875,-1
2026-08-10 13:50:39,11.21875,-1
2026-08-10 13:50:39,11.140625,-1
2026-08-10 13:50:39,11.140625,-1
2026-08-10 13:50:39,11.21875,-1
2026-08-10 13:50:39,11.21875,-1
2026-08-10 13:50:39,11.1875,-1
2026-08-10 13:50:39,11.1875,-1
2026-08-10 13:50:39,11.203125,-1
2026-08-10 13:50:39,11.203125,-1
2026-08-10 13:50:39,12.21875,-1
2026-08-10 13:50:39,12.21875,-1
2026-08-10 13:50:39,12.265625,-1
2026-08-10 13:50:39,12.265625,-1
2026-08-10 13:50:39,12.265625,-1
2026-08-10 13:50:39,12.265625,-1
2026-08-10 13:50:39,12.359375,-1
2026-08-10 13:50:39,12.359375,-1
2026-08-10 13:50:39,12.796875,-1
2026-08-10 13:50:39,12.796875,-1
2026-08-10 13:50:40,12.6875,-1
2026-08-10 13:50:40,12.6875,-1
2026-08-10 13:50:40,12.6875,-1
2026-08-10 13:50:40,12.6875,-1
2026-08-10 13:50:40,12.6875,-1
2026-08-10 13:50:40,12.6875,-1
2026-08-10 13:50:40,12.90625,-1
2026-08-10 13:50:40,12.90625,-1
2026-08-10 13:50:40,13.046875,-1
2026-08-10 13:50:40,13.046875,-1
2026-08-10 13:50:40,12.953125,-1
2026-08-10 13:50:40,12.953125,-1
2026-08-10 13:50:40,13.15625,-1
2026-08-10 13:50:40,13.15625,-1
2026-08-10 13:50:40,13.09375,-1
2026-08-10 13:50:40,13.09375,-1
2026-08-10 13:50:40,13.265625,-1
2026-08-10 13:50:40,13.265625,-1
2026-08-10 13:50:40,13.234375,-1
2026-08-10 13:50:40,13.234375,-1
2026-08-10 13:50:41,13.3125,-1
2026-08-10 13:50:41,13.3125,-1
2026-08-10 13:50:41,13.265625,-1
2026-08-10 13:50:41,13.265625,-1
2026-08-10 13:50:41,13.390625,-1
2026-08-10 13:50:41,13.390625,-1
2026-08-10 13:50:41,13.3125,-1
2026-08-10 13:50:41,13.3125,-1
2026-08-10 13:50:41,13.28125,-1
2026-08-10 13:50:41,13.28125,-1
2026-08-10 13:50:41,13.375,-1
2026-08-10 13:50:41,13.375,-1
2026-08-10 13:50:41,13.390625,-1
2026-08-10 13:50:41,13.390625,-1
2026-08-10 13:50:41,13.921875,-1
2026-08-10 13:50:41,13.921875,-1
2026-08-10 13:50:41,14.046875,-1
2026-08-10 13:50:41,14.046875,-1
2026-08-10 13:50:41,14.0,-1
2026-08-10 13:50:41,14.0,-1
2026-08-10 13:50:42,13.796875,-1
2026-08-10 13:50:42,13.796875,-1
2026-08-10 13:50:42,13.734375,-1
2026-08-10 13:50:42,13.734375,-1
2026-08-10 13:50:42,13.703125,-1
2026-08-10 13:50:42,13.703125,-1
2026-08-10 13:50:42,13.75,-1
2026-08-10 13:50:42,13.75,-1
2026-08-10 13:50:42,13.796875,-1
2026-08-10 13:50:42,13.796875,-1
2026-08-10 13:50:42,13.8125,-1
2026-08-10 13:50:42,13.8125,-1
2026-08-10 13:50:42,13.6875,-1
2026-08-10 13:50:42,13.6875,-1
2026-08-10 13:50:42,13.78125,-1
2026-08-10 13:50:42,13.78125,-1
2026-08-10 13:50:42,13.890625,-1
2026-08-10 13:50:42,13.890625,-1
2026-08-10 13:50:42,13.84375,-1
2026-08-10 13:50:42,13.84375,-1
2026-08-10 13:50:43,13.96875,-1
2026-08-10 13:50:43,13.96875,-1
2026-08-10 13:50:43,13.703125,-1
2026-08-10 13:50:43,13.703125,-1
2026-08-10 13:50:43,13.703125,-1
2026-08-10 13:50:43,13.703125,-1
2026-08-10 13:50:43,13.65625,-1
2026-08-10 13:50:43,13.65625,-1
2026-08-10 13:50:43,13.40625,-1
2026-08-10 13:50:43,13.40625,-1
2026-08-10 13:50:43,13.5,-1
2026-08-10 13:50:43,13.5,-1
2026-08-10 13:50:43,13.3125,-1
2026-08-10 13:50:43,13.3125,-1
2026-08-10 13:50:43,13.390625,-1
2026-08-10 13:50:43,13.390625,-1
2026-08-10 13:50:43,13.34375,-1
2026-08-10 13:50:43,13.34375,-1
2026-08-10 13:50:43,13.328125,-1
2026-08-10 13:50:43,13.328125,-1
2026-08-10 13:50:44,13.328125,-1
2026-08-10 13:50:44,13.328125,-1
2026-08-10 13:50:44,13.265625,-1
2026-08-10 13:50:44,13.265625,-1
2026-08-10 13:50:44,13.234375,-1
2026-08-10 13:50:44,13.234375,-1
2026-08-10 13:50:44,13.375,-1
2026-08-10 13:50:44,13.375,-1
2026-08-10 13:50:44,13.265625,-1
2026-08-10 13:50:44,13.265625,-1
2026-08-10 13:50:44,13.109375,-1
2026-08-10 13:50:44,13.109375,-1
2026-08-10 13:50:44,13.15625,-1
2026-08-10 13:50:44,13.15625,-1
2026-08-10 13:50:44,13.015625,-1
2026-08-10 13:50:44,13.015625,-1
2026-08-10 13:50:44,11.640625,-1
2026-08-10 13:50:44,11.640625,-1
2026-08-10 13:50:44,11.90625,-1
2026-08-10 13:50:44,11.90625,-1
2026-08-10 13:50:45,12.0625,-1
2026-08-10 13:50:45,12.0625,-1
2026-08-10 13:50:45,12.296875,-1
2026-08-10 13:50:45,12.296875,-1
2026-08-10 13:50:45,12.5625,-1
2026-08-10 13:50:45,12.5625,-1
2026-08-10 13:50:45,12.5,-1
2026-08-10 13:50:45,12.5,-1
2026-08-10 13:50:45,12.5,-1
2026-08-10 13:50:45,12.5,-1
2026-08-10 13:50:45,12.3125,-1
2026-08-10 13:50:45,12.3125,-1
2026-08-10 13:50:45,12.390625,-1
2026-08-10 13:50:45,12.390625,-1
2026-08-10 13:50:45,12.390625,-1
2026-08-10 13:50:45,12.390625,-1
2026-08-10 13:50:45,12.40625,-1
2026-08-10 13:50:45,12.40625,-1
2026-08-10 13:50:45,11.40625,-1
2026-08-10 13:50:45,11.40625,-1
2026-08-10 13:50:46,11.1875,-1
2026-08-10 13:50:46,11.1875,-1
2026-08-10 13:50:46,10.953125,-1
2026-08-10 13:50:46,10.953125,-1
2026-08-10 13:50:46,10.859375,-1
2026-08-10 13:50:46,10.859375,-1
2026-08-10 13:50:46,8.34375,-1
2026-08-10 13:50:46,8.34375,-1
2026-08-10 13:50:46,8.1875,-1
2026-08-10 13:50:46,8.1875,-1
2026-08-10 13:50:46,7.96875,-1
2026-08-10 13:50:46,7.96875,-1
2026-08-10 13:50:46,5.265625,-1
2026-08-10 13:50:46,5.265625,-1
2026-08-10 13:50:46,5.09375,-1
2026-08-10 13:50:46,5.09375,-1
2026-08-10 13:50:46,4.859375,-1
2026-08-10 13:50:46,4.859375,-1
2026-08-10 13:50:46,4.703125,-1
2026-08-10 13:50:46,4.703125,-1
2026-08-10 13:50:47,3.65625,-1
2026-08-10 13:50:47,3.65625,-1
2026-08-10 13:50:47,3.65625,-1
2026-08-10 13:50:47,3.65625,-1
2026-08-10 13:50:47,3.71875,-1
2026-08-10 13:50:47,3.71875,-1
2026-08-10 13:50:47,3.765625,-1
2026-08-10 13:50:47,3.765625,-1
2026-08-10 13:50:47,3.734375,-1
2026-08-10 13:50:47,3.734375,-1
2026-08-10 13:50:47,3.71875,-1
2026-08-10 13:50:47,3.71875,-1
2026-08-10 13:50:47,3.640625,-1
2026-08-10 13:50:47,3.640625,-1
2026-08-10 13:50:47,2.34375,-1
2026-08-10 13:50:47,2.34375,-1
2026-08-10 13:50:47,2.3125,-1
2026-08-10 13:50:47,2.3125,-1
2026-08-10 13:50:47,2.1875,-1
2026-08-10 13:50:47,2.1875,-1
2026-08-10 13:50:48,1.203125,-1
2026-08-10 13:50:48,1.203125,-1
2026-08-10 13:50:48,1.140625,-1
2026-08-10 13:50:48,1.140625,-1
2026-08-10 13:50:48,1.140625,-1
2026-08-10 13:50:48,1.140625,-1
2026-08-10 13:50:48,1.125,-1
2026-08-10 13:50:48,1.125,-1
2026-08-10 13:50:48,0.0,-1
2026-08-10 13:50:48,0.0,-1
2026-08-10 13:50:48,0.0,-1
2026-08-10 13:50:48,0.0,-1
2026-08-10 13:50:48,0.0,-1
2026-08-10 13:50:48,0.0,-1
2026-08-10 13:50:48,0.0,-1
2026-08-10 13:50:48,0.0,-1
2026-08-10 13:50:48,0.0,-1
2026-08-10 13:50:48,0.0,1
2026-08-10 13:50:48,0.0,1
2026-08-10 13:50:48,0.0,1
2026-08-10 13:50:49,0.0,1
2026-08-10 13:50:49,0.0,1
2026-08-10 13:50:49,0.0,1
2026-08-10 13:50:49,0.0,1
2026-08-10 13:50:49,0.0,1
2026-08-10 13:50:49,0.0,1
2026-08-10 13:50:49,0.0,1
2026-08-10 13:50:49,0.0,1
2026-08-10 13:50:49,0.0,1
2026-08-10 13:50:49,0.0,1
2026-08-10 13:50:49,0.65625,1
2026-08-10 13:50:49,0.65625,1
2026-08-10 13:50:49,0.65625,1
2026-08-10 13:50:49,0.65625,1
2026-08-10 13:50:49,0.453125,1
2026-08-10 13:50:49,0.453125,1
2026-08-10 13:50:49,0.0,1
2026-08-10 13:50:49,0.0,1
2026-08-10 13:50:49,0.0,1
2026-08-10 13:50:49,0.0,1
2026-08-10 13:50:50,0.0,1
2026-08-10 13:50:50,0.0,1
2026-08-10 13:50:50,0.0,1
2026-08-10 13:50:50,0.0,1
2026-08-10 13:50:50,0.0,1
2026-08-10 13:50:50,0.0,1
2026-08-10 13:50:50,0.0,1
2026-08-10 13:50:50,0.0,1
2026-08-10 13:50:50,0.0,1
2026-08-10 13:50:50,0.0,1
2026-08-10 13:50:50,0.0,1
2026-08-10 13:50:50,0.0,1
2026-08-10 13:50:50,1.578125,1
2026-08-10 13:50:50,1.578125,1
2026-08-10 13:50:50,1.75,1
2026-08-10 13:50:50,1.75,1
2026-08-10 13:50:50,1.796875,1
2026-08-10 13:50:50,1.796875,1
2026-08-10 13:50:50,3.734375,1
2026-08-10 13:50:50,3.734375,1
2026-08-10 13:50:51,4.078125,1
2026-08-10 13:50:51,4.078125,1
2026-08-10 13:50:51,4.40625,1
2026-08-10 13:50:51,4.40625,1
2026-08-10 13:50:51,4.5,1
2026-08-10 13:50:51,4.5,1
2026-08-10 13:50:51,7.3125,1
2026-08-10 13:50:51,7.3125,1
2026-08-10 13:50:51,7.46875,1
2026-08-10 13:50:51,7.46875,1
2026-08-10 13:50:51,7.515625,1
2026-08-10 13:50:51,7.515625,1
2026-08-10 13:50:51,10.359375,1
2026-08-10 13:50:51,10.359375,1
2026-08-10 13:50:51,10.640625,1
2026-08-10 13:50:51,10.640625,1
2026-08-10 13:50:51,10.9375,1
2026-08-10 13:50:51,10.9375,1
2026-08-10 13:50:51,11.0625,1
2026-08-10 13:50:51,11.0625,1
2026-08-10 13:50:52,14.265625,1
2026-08-10 13:50:52,14.265625,1
2026-08-10 13:50:52,14.484375,1
2026-08-10 13:50:52,14.484375,1
2026-08-10 13:50:52,14.703125,1
2026-08-10 13:50:52,14.703125,1
2026-08-10 13:50:52,18.484375,1
2026-08-10 13:50:52,18.484375,1
2026-08-10 13:50:52,18.734375,1
2026-08-10 13:50:52,18.734375,1
2026-08-10 13:50:52,18.953125,1
2026-08-10 13:50:52,18.953125,1
2026-08-10 13:50:52,19.09375,1
2026-08-10 13:50:52,19.09375,1
2026-08-10 13:50:52,20.109375,1
2026-08-10 13:50:52,20.109375,1
2026-08-10 13:50:52,20.453125,1
2026-08-10 13:50:52,20.453125,1
2026-08-10 13:50:52,20.75,1
2026-08-10 13:50:52,20.75,1
2026-08-10 13:50:53,21.03125,1
2026-08-10 13:50:53,21.03125,1
2026-08-10 13:50:53,21.109375,1
2026-08-10 13:50:53,21.109375,1
2026-08-10 13:50:53,21.109375,1
2026-08-10 13:50:53,21.109375,1
2026-08-10 13:50:53,21.34375,1
2026-08-10 13:50:53,21.34375,1
2026-08-10 13:50:53,21.9375,1
2026-08-10 13:50:53,21.9375,1
2026-08-10 13:50:53,21.953125,1
2026-08-10 13:50:53,21.953125,1
2026-08-10 13:50:53,22.078125,1
2026-08-10 13:50:53,22.078125,1
2026-08-10 13:50:53,22.421875,1
2026-08-10 13:50:53,22.421875,1
2026-08-10 13:50:53,22.421875,1
2026-08-10 13:50:53,22.421875,1
2026-08-10 13:50:53,22.578125,1
2026-08-10 13:50:53,22.578125,1
2026-08-10 13:50:54,22.5,1
2026-08-10 13:50:54,22.5,1
2026-08-10 13:50:54,22.53125,1
2026-08-10 13:50:54,22.53125,1
2026-08-10 13:50:54,22.53125,1
2026-08-10 13:50:54,22.53125,1
2026-08-10 13:50:54,22.703125,1
2026-08-10 13:50:54,22.703125,1
2026-08-10 13:50:54,22.84375,1
2026-08-10 13:50:54,22.84375,1
2026-08-10 13:50:54,22.953125,1
2026-08-10 13:50:54,22.953125,1
2026-08-10 13:50:54,23.109375,1
2026-08-10 13:50:54,23.109375,1
2026-08-10 13:50:54,22.96875,1
2026-08-10 13:50:54,22.96875,1
2026-08-10 13:50:54,23.109375,1
2026-08-10 13:50:54,23.109375,1
2026-08-10 13:50:54,23.0625,1
2026-08-10 13:50:54,23.0625,1
2026-08-10 13:50:55,22.953125,1
2026-08-10 13:50:55,22.953125,1
2026-08-10 13:50:55,22.859375,1
2026-08-10 13:50:55,22.859375,1
2026-08-10 13:50:55,23.15625,1
2026-08-10 13:50:55,23.15625,1
2026-08-10 13:50:55,23.1875,1
2026-08-10 13:50:55,23.1875,1
2026-08-10 13:50:55,23.3125,1
2026-08-10 13:50:55,23.3125,1
2026-08-10 13:50:55,23.3125,1
2026-08-10 13:50:55,23.3125,1
2026-08-10 13:50:55,23.484375,1
2026-08-10 13:50:55,23.484375,1
2026-08-10 13:50:55,23.75,1
2026-08-10 13:50:55,23.75,1
2026-08-10 13:50:55,23.8125,1
2026-08-10 13:50:55,23.8125,1
2026-08-10 13:50:55,24.03125,1
2026-08-10 13:50:55,24.03125,1
2026-08-10 13:50:56,23.890625,1
2026-08-10 13:50:56,23.890625,1
2026-08-10 13:50:56,23.9375,1
2026-08-10 13:50:56,23.9375,1
2026-08-10 13:50:56,23.9375,1
2026-08-10 13:50:56,23.9375,1
2026-08-10 13:50:56,23.890625,1
2026-08-10 13:50:56,23.890625,1
2026-08-10 13:50:56,23.96875,1
2026-08-10 13:50:56,23.96875,1
2026-08-10 13:50:56,23.734375,1
2026-08-10 13:50:56,23.734375,1
2026-08-10 13:50:56,23.796875,1
2026-08-10 13:50:56,23.796875,1
2026-08-10 13:50:56,23.8125,1
2026-08-10 13:50:56,23.8125,1
2026-08-10 13:50:56,23.859375,1
2026-08-10 13:50:56,23.859375,1
2026-08-10 13:50:56,23.984375,1
2026-08-10 13:50:56,23.984375,1
2026-08-10 13:50:57,24.0,1
2026-08-10 13:50:57,24.0,1
2026-08-10 13:50:57,24.015625,1
2026-08-10 13:50:57,24.015625,1
2026-08-10 13:50:57,24.078125,1
2026-08-10 13:50:57,24.078125,1
2026-08-10 13:50:57,24.078125,1
2026-08-10 13:50:57,24.078125,1
2026-08-10 13:50:57,23.9375,1
2026-08-10 13:50:57,23.9375,1
2026-08-10 13:50:57,23.859375,1
2026-08-10 13:50:57,23.859375,1
2026-08-10 13:50:57,23.984375,1
2026-08-10 13:50:57,23.984375,1
2026-08-10 13:50:57,24.578125,1
2026-08-10 13:50:57,24.578125,1
2026-08-10 13:50:57,24.59375,1
2026-08-10 13:50:57,24.59375,1
2026-08-10 13:50:57,24.515625,1
2026-08-10 13:50:57,24.515625,1
2026-08-10 13:50:58,24.515625,1
2026-08-10 13:50:58,24.515625,1
2026-08-10 13:50:58,24.59375,1
2026-08-10 13:50:58,24.59375,1
2026-08-10 13:50:58,24.484375,1
2026-08-10 13:50:58,24.484375,1
2026-08-10 13:50:58,24.65625,1
2026-08-10 13:50:58,24.65625,1
2026-08-10 13:50:58,24.25,1
2026-08-10 13:50:58,24.25,1
2026-08-10 13:50:58,24.21875,1
2026-08-10 13:50:58,24.21875,1
2026-08-10 13:50:58,24.25,1
2026-08-10 13:50:58,24.25,1
2026-08-10 13:50:58,24.265625,1
2026-08-10 13:50:58,24.265625,1
2026-08-10 13:50:58,24.453125,1
2026-08-10 13:50:58,24.453125,1
2026-08-10 13:50:58,24.328125,1
2026-08-10 13:50:58,24.328125,1
2026-08-10 13:50:59,24.34375,1
2026-08-10 13:50:59,24.34375,1
2026-08-10 13:50:59,24.6875,1
2026-08-10 13:50:59,24.6875,1
2026-08-10 13:50:59,24.578125,1
2026-08-10 13:50:59,24.578125,1
2026-08-10 13:50:59,24.671875,1
2026-08-10 13:50:59,24.671875,1
2026-08-10 13:50:59,24.578125,1
2026-08-10 13:50:59,24.578125,1
2026-08-10 13:50:59,23.390625,1
2026-08-10 13:50:59,23.390625,1
2026-08-10 13:50:59,23.171875,1
2026-08-10 13:50:59,23.171875,1
2026-08-10 13:50:59,23.15625,1
2026-08-10 13:50:59,23.15625,1
2026-08-10 13:50:59,23.359375,1
2026-08-10 13:50:59,23.359375,1
2026-08-10 13:50:59,23.28125,1
2026-08-10 13:50:59,23.28125,1
2026-08-10 13:51:00,23.359375,1
2026-08-10 13:51:00,23.359375,1
2026-08-10 13:51:00,23.34375,1
2026-08-10 13:51:00,23.34375,1
2026-08-10 13:51:00,23.15625,1
2026-08-10 13:51:00,23.15625,1
2026-08-10 13:51:00,22.984375,1
2026-08-10 13:51:00,22.984375,1
2026-08-10 13:51:00,23.015625,1
2026-08-10 13:51:00,23.015625,1
2026-08-10 13:51:00,23.296875,1
2026-08-10 13:51:00,23.296875,1
2026-08-10 13:51:00,23.40625,1
2026-08-10 13:51:00,23.40625,1
2026-08-10 13:51:00,23.421875,1
2026-08-10 13:51:00,23.421875,1
2026-08-10 13:51:00,23.359375,1
2026-08-10 13:51:00,23.359375,1
2026-08-10 13:51:00,23.234375,1
2026-08-10 13:51:00,23.234375,1
2026-08-10 13:51:01,23.34375,1
2026-08-10 13:51:01,23.34375,1
2026-08-10 13:51:01,23.296875,1
2026-08-10 13:51:01,23.296875,1
2026-08-10 13:51:01,23.203125,1
2026-08-10 13:51:01,23.203125,1
2026-08-10 13:51:01,23.234375,1
2026-08-10 13:51:01,23.234375,1
2026-08-10 13:51:01,23.265625,1
2026-08-10 13:51:01,23.265625,1
2026-08-10 13:51:01,23.15625,1
2026-08-10 13:51:01,23.15625,1
2026-08-10 13:51:01,22.984375,1
2026-08-10 13:51:01,22.984375,1
2026-08-10 13:51:01,23.171875,1
2026-08-10 13:51:01,23.171875,1
2026-08-10 13:51:01,23.171875,1
2026-08-10 13:51:01,23.171875,1
2026-08-10 13:51:01,23.140625,1
2026-08-10 13:51:01,23.140625,1
2026-08-10 13:51:02,23.09375,1
2026-08-10 13:51:02,23.09375,1
2026-08-10 13:51:02,23.21875,1
2026-08-10 13:51:02,23.21875,1
2026-08-10 13:51:02,23.1875,1
2026-08-10 13:51:02,23.1875,1
2026-08-10 13:51:02,23.296875,1
2026-08-10 13:51:02,23.296875,1
2026-08-10 13:51:02,23.234375,1
2026-08-10 13:51:02,23.234375,1
2026-08-10 13:51:02,23.25,1
2026-08-10 13:51:02,23.25,1
2026-08-10 13:51:02,23.265625,1
2026-08-10 13:51:02,23.265625,1
2026-08-10 13:51:02,23.359375,1
2026-08-10 13:51:02,23.359375,1
2026-08-10 13:51:02,23.484375,1
2026-08-10 13:51:02,23.484375,1
2026-08-10 13:51:02,23.3125,1
2026-08-10 13:51:02,23.3125,1
2026-08-10 13:51:03,23.390625,1
2026-08-10 13:51:03,23.390625,1
2026-08-10 13:51:03,23.453125,1
2026-08-10 13:51:03,23.453125,1
2026-08-10 13:51:03,23.46875,1
2026-08-10 13:51:03,23.46875,1
2026-08-10 13:51:03,23.390625,1
2026-08-10 13:51:03,23.390625,1
2026-08-10 13:51:03,23.28125,1
2026-08-10 13:51:03,23.28125,1
2026-08-10 13:51:03,23.375,1
2026-08-10 13:51:03,23.375,1
2026-08-10 13:51:03,23.25,1
2026-08-10 13:51:03,23.25,1
2026-08-10 13:51:03,23.3125,1
2026-08-10 13:51:03,23.3125,1
2026-08-10 13:51:03,23.3125,1
2026-08-10 13:51:03,23.3125,1
2026-08-10 13:51:03,23.359375,1
2026-08-10 13:51:03,23.359375,1
2026-08-10 13:51:04,23.25,1
2026-08-10 13:51:04,23.25,1
2026-08-10 13:51:04,23.359375,1
2026-08-10 13:51:04,23.359375,1
2026-08-10 13:51:04,23.375,1
2026-08-10 13:51:04,23.375,1
2026-08-10 13:51:04,23.3125,1
2026-08-10 13:51:04,23.3125,1
2026-08-10 13:51:04,23.375,1
2026-08-10 13:51:04,23.375,1
2026-08-10 13:51:04,23.03125,1
2026-08-10 13:51:04,23.03125,1
2026-08-10 13:51:04,22.84375,1
2026-08-10 13:51:04,22.84375,1
2026-08-10 13:51:04,22.953125,1
2026-08-10 13:51:04,22.953125,1
2026-08-10 13:51:04,22.578125,1
2026-08-10 13:51:04,22.578125,1
2026-08-10 13:51:04,22.640625,1
2026-08-10 13:51:04,22.640625,1
2026-08-10 13:51:05,22.625,1
2026-08-10 13:51:05,22.625,1
2026-08-10 13:51:05,22.5625,1
2026-08-10 13:51:05,22.5625,1
2026-08-10 13:51:05,22.34375,1
2026-08-10 13:51:05,22.34375,1
2026-08-10 13:51:05,22.390625,1
2026-08-10 13:51:05,22.390625,1
2026-08-10 13:51:05,22.203125,1
2026-08-10 13:51:05,22.203125,1
2026-08-10 13:51:05,22.03125,1
2026-08-10 13:51:05,22.03125,1
2026-08-10 13:51:05,22.0625,1
2026-08-10 13:51:05,22.0625,1
2026-08-10 13:51:05,22.234375,1
2026-08-10 13:51:05,22.234375,1
2026-08-10 13:51:05,22.1875,1
2026-08-10 13:51:05,22.1875,1
2026-08-10 13:51:05,22.015625,1
2026-08-10 13:51:05,22.015625,1
2026-08-10 13:51:06,21.953125,1
2026-08-10 13:51:06,21.953125,1
2026-08-10 13:51:06,22.09375,1
2026-08-10 13:51:06,22.09375,1
2026-08-10 13:51:06,21.984375,1
2026-08-10 13:51:06,21.984375,1
2026-08-10 13:51:06,21.8125,1
2026-08-10 13:51:06,21.8125,1
2026-08-10 13:51:06,21.890625,1
2026-08-10 13:51:06,21.890625,1
2026-08-10 13:51:06,21.875,1
2026-08-10 13:51:06,21.875,1
2026-08-10 13:51:06,22.078125,1
2026-08-10 13:51:06,22.078125,1
2026-08-10 13:51:06,21.984375,1
2026-08-10 13:51:06,21.984375,1
2026-08-10 13:51:06,21.90625,1
2026-08-10 13:51:06,21.90625,1
2026-08-10 13:51:06,21.921875,1
2026-08-10 13:51:06,21.921875,1
2026-08-10 13:51:07,21.140625,1
2026-08-10 13:51:07,21.140625,1
2026-08-10 13:51:07,21.125,1
2026-08-10 13:51:07,21.125,1
2026-08-10 13:51:07,21.015625,1
2026-08-10 13:51:07,21.015625,1
2026-08-10 13:51:07,20.734375,1
2026-08-10 13:51:07,20.734375,1
2026-08-10 13:51:07,20.78125,1
2026-08-10 13:51:07,20.78125,1
2026-08-10 13:51:07,20.703125,1
2026-08-10 13:51:07,20.703125,1
2026-08-10 13:51:07,20.734375,1
2026-08-10 13:51:07,20.734375,1
2026-08-10 13:51:07,21.953125,1
2026-08-10 13:51:07,21.953125,1
2026-08-10 13:51:07,22.015625,1
2026-08-10 13:51:07,22.015625,1
2026-08-10 13:51:07,22.015625,1
2026-08-10 13:51:07,22.015625,1
2026-08-10 13:51:08,22.484375,1
2026-08-10 13:51:08,22.484375,1
2026-08-10 13:51:08,22.390625,1
2026-08-10 13:51:08,22.390625,1
2026-08-10 13:51:08,22.125,1
2026-08-10 13:51:08,22.125,1
2026-08-10 13:51:08,22.140625,1
2026-08-10 13:51:08,22.140625,1
2026-08-10 13:51:08,19.78125,1
2026-08-10 13:51:08,19.78125,1
2026-08-10 13:51:08,19.578125,1
2026-08-10 13:51:08,19.578125,1
2026-08-10 13:51:08,19.34375,1
2026-08-10 13:51:08,19.34375,1
2026-08-10 13:51:08,18.734375,1
2026-08-10 13:51:08,18.734375,1
2026-08-10 13:51:08,18.5625,1
2026-08-10 13:51:08,18.5625,1
2026-08-10 13:51:08,18.421875,1
2026-08-10 13:51:08,18.421875,1
2026-08-10 13:51:09,18.375,1
2026-08-10 13:51:09,18.375,1
2026-08-10 13:51:09,16.734375,1
2026-08-10 13:51:09,16.734375,1
2026-08-10 13:51:09,16.75,1
2026-08-10 13:51:09,16.75,1
2026-08-10 13:51:09,16.84375,1
2026-08-10 13:51:09,16.84375,1
2026-08-10 13:51:09,15.546875,1
2026-08-10 13:51:09,15.546875,1
2026-08-10 13:51:09,15.515625,1
2026-08-10 13:51:09,15.515625,1
2026-08-10 13:51:09,15.484375,1
2026-08-10 13:51:09,15.484375,1
2026-08-10 13:51:09,15.359375,1
2026-08-10 13:51:09,15.359375,1
2026-08-10 13:51:09,14.65625,1
2026-08-10 13:51:09,14.65625,1
2026-08-10 13:51:09,14.46875,1
2026-08-10 13:51:09,14.46875,1
2026-08-10 13:51:10,14.296875,1
2026-08-10 13:51:10,14.296875,1
2026-08-10 13:51:10,14.1875,1
2026-08-10 13:51:10,14.1875,1
2026-08-10 13:51:10,12.703125,1
2026-08-10 13:51:10,12.703125,1
2026-08-10 13:51:10,12.515625,1
2026-08-10 13:51:10,12.515625,1
2026-08-10 13:51:10,12.015625,1
2026-08-10 13:51:10,12.015625,1
2026-08-10 13:51:10,10.78125,1
2026-08-10 13:51:10,10.78125,1
2026-08-10 13:51:10,10.671875,1
2026-08-10 13:51:10,10.671875,1
2026-08-10 13:51:10,10.71875,1
2026-08-10 13:51:10,10.71875,1
2026-08-10 13:51:10,10.71875,1
2026-08-10 13:51:10,10.71875,1
2026-08-10 13:51:10,10.484375,1
2026-08-10 13:51:10,10.484375,1
2026-08-10 13:51:11,10.4375,1
2026-08-10 13:51:11,10.4375,1
2026-08-10 13:51:11,10.375,1
2026-08-10 13:51:11,10.375,1
2026-08-10 13:51:11,9.96875,1
2026-08-10 13:51:11,9.96875,1
2026-08-10 13:51:11,9.96875,1
2026-08-10 13:51:11,9.96875,1
2026-08-10 13:51:11,9.953125,1
2026-08-10 13:51:11,9.953125,1
2026-08-10 13:51:11,9.96875,1
2026-08-10 13:51:11,9.96875,1
2026-08-10 13:51:11,10.21875,1
2026-08-10 13:51:11,10.21875,1
2026-08-10 13:51:11,10.3125,1
2026-08-10 13:51:11,10.3125,1
2026-08-10 13:51:11,10.453125,1
2026-08-10 13:51:11,10.453125,1
2026-08-10 13:51:11,10.96875,1
2026-08-10 13:51:11,10.96875,1
2026-08-10 13:51:12,10.96875,1
2026-08-10 13:51:12,10.96875,1
2026-08-10 13:51:12,11.03125,1
2026-08-10 13:51:12,11.03125,1
2026-08-10 13:51:12,11.03125,1
2026-08-10 13:51:12,11.03125,1
2026-08-10 13:51:12,12.46875,1
2026-08-10 13:51:12,12.46875,1
2026-08-10 13:51:12,12.359375,1
2026-08-10 13:51:12,12.359375,1
2026-08-10 13:51:12,12.328125,1
2026-08-10 13:51:12,12.328125,1
2026-08-10 13:51:12,14.421875,1
2026-08-10 13:51:12,14.421875,1
2026-08-10 13:51:12,14.65625,1
2026-08-10 13:51:12,14.65625,1
2026-08-10 13:51:12,14.875,1
2026-08-10 13:51:12,14.875,1
2026-08-10 13:51:12,15.03125,1
2026-08-10 13:51:12,15.03125,1
2026-08-10 13:51:13,18.046875,1
2026-08-10 13:51:13,18.046875,1
2026-08-10 13:51:13,18.28125,1
2026-08-10 13:51:13,18.28125,1
2026-08-10 13:51:13,18.328125,1
2026-08-10 13:51:13,18.328125,1
2026-08-10 13:51:13,18.4375,1
2026-08-10 13:51:13,18.4375,1
2026-08-10 13:51:13,21.640625,1
2026-08-10 13:51:13,21.640625,1
2026-08-10 13:51:13,21.78125,1
2026-08-10 13:51:13,21.78125,1
2026-08-10 13:51:13,22.109375,1
2026-08-10 13:51:13,22.109375,1
2026-08-10 13:51:13,23.078125,1
2026-08-10 13:51:13,23.078125,1
2026-08-10 13:51:13,23.390625,1
2026-08-10 13:51:13,23.390625,1
2026-08-10 13:51:13,23.53125,1
2026-08-10 13:51:13,23.53125,1
2026-08-10 13:51:14,23.84375,1
2026-08-10 13:51:14,23.84375,1
2026-08-10 13:51:14,23.609375,1
2026-08-10 13:51:14,23.609375,1
2026-08-10 13:51:14,23.78125,1
2026-08-10 13:51:14,23.78125,1
2026-08-10 13:51:14,23.84375,1
2026-08-10 13:51:14,23.84375,1
2026-08-10 13:51:14,23.34375,1
2026-08-10 13:51:14,23.34375,1
2026-08-10 13:51:14,23.40625,1
2026-08-10 13:51:14,23.40625,1
2026-08-10 13:51:14,23.265625,1
2026-08-10 13:51:14,23.265625,1
2026-08-10 13:51:14,23.296875,1
2026-08-10 13:51:14,23.296875,1
2026-08-10 13:51:14,22.859375,1
2026-08-10 13:51:14,22.859375,1
2026-08-10 13:51:14,22.828125,1
2026-08-10 13:51:14,22.828125,1
2026-08-10 13:51:15,22.90625,1
2026-08-10 13:51:15,22.90625,1
2026-08-10 13:51:15,22.53125,1
2026-08-10 13:51:15,22.53125,1
2026-08-10 13:51:15,22.640625,1
2026-08-10 13:51:15,22.640625,1
2026-08-10 13:51:15,22.515625,1
2026-08-10 13:51:15,22.515625,1
2026-08-10 13:51:15,22.515625,1
2026-08-10 13:51:15,22.515625,1
2026-08-10 13:51:15,22.265625,1
2026-08-10 13:51:15,22.265625,1
2026-08-10 13:51:15,22.015625,1
2026-08-10 13:51:15,22.015625,1
2026-08-10 13:51:15,22.15625,1
2026-08-10 13:51:15,22.15625,1
2026-08-10 13:51:15,22.078125,1
2026-08-10 13:51:15,22.078125,1
2026-08-10 13:51:15,22.359375,1
2026-08-10 13:51:15,22.359375,1
2026-08-10 13:51:16,22.453125,1
2026-08-10 13:51:16,22.453125,1
2026-08-10 13:51:16,22.421875,1
2026-08-10 13:51:16,22.421875,1
2026-08-10 13:51:16,22.96875,1
2026-08-10 13:51:16,22.96875,1
2026-08-10 13:51:16,22.921875,1
2026-08-10 13:51:16,22.921875,1
2026-08-10 13:51:16,22.96875,1
2026-08-10 13:51:16,22.96875,1
2026-08-10 13:51:16,22.921875,1
2026-08-10 13:51:16,22.921875,1
2026-08-10 13:51:16,23.5,1
2026-08-10 13:51:16,23.5,1
2026-08-10 13:51:16,23.515625,1
2026-08-10 13:51:16,23.515625,1
2026-08-10 13:51:16,23.53125,1
2026-08-10 13:51:16,23.53125,1
2026-08-10 13:51:16,23.53125,1
2026-08-10 13:51:16,23.53125,1
2026-08-10 13:51:17,23.15625,1
2026-08-10 13:51:17,23.15625,1
2026-08-10 13:51:17,23.140625,1
2026-08-10 13:51:17,23.140625,1
2026-08-10 13:51:17,23.265625,1
2026-08-10 13:51:17,23.265625,1
2026-08-10 13:51:17,22.640625,1
2026-08-10 13:51:17,22.640625,1
2026-08-10 13:51:17,22.796875,1
2026-08-10 13:51:17,22.796875,1
2026-08-10 13:51:17,22.75,1
2026-08-10 13:51:17,22.75,1
2026-08-10 13:51:17,22.40625,1
2026-08-10 13:51:17,22.40625,1
2026-08-10 13:51:17,22.390625,1
2026-08-10 13:51:17,22.390625,1
2026-08-10 13:51:17,22.390625,1
2026-08-10 13:51:17,22.390625,1
2026-08-10 13:51:17,22.453125,1
2026-08-10 13:51:17,22.453125,1
2026-08-10 13:51:18,22.703125,1
2026-08-10 13:51:18,22.703125,1
2026-08-10 13:51:18,22.75,1
2026-08-10 13:51:18,22.75,1
2026-08-10 13:51:18,22.65625,1
2026-08-10 13:51:18,22.65625,1
2026-08-10 13:51:18,22.65625,1
2026-08-10 13:51:18,22.65625,1
2026-08-10 13:51:18,22.59375,1
2026-08-10 13:51:18,22.59375,1
2026-08-10 13:51:18,22.5625,1
2026-08-10 13:51:18,22.5625,1
2026-08-10 13:51:18,22.453125,1
2026-08-10 13:51:18,22.453125,1
2026-08-10 13:51:18,21.796875,1
2026-08-10 13:51:18,21.796875,1
2026-08-10 13:51:18,21.71875,1
2026-08-10 13:51:18,21.71875,1
2026-08-10 13:51:18,21.625,1
2026-08-10 13:51:18,21.625,1
2026-08-10 13:51:19,21.5,1
2026-08-10 13:51:19,21.5,1
2026-08-10 13:51:19,19.84375,1
2026-08-10 13:51:19,19.84375,1
2026-08-10 13:51:19,19.796875,1
2026-08-10 13:51:19,19.796875,1
2026-08-10 13:51:19,19.671875,1
2026-08-10 13:51:19,19.671875,1
2026-08-10 13:51:19,19.671875,1
2026-08-10 13:51:19,19.671875,1
2026-08-10 13:51:19,21.0625,1
2026-08-10 13:51:19,21.0625,1
2026-08-10 13:51:19,20.984375,1
2026-08-10 13:51:19,20.984375,1
2026-08-10 13:51:19,21.0625,1
2026-08-10 13:51:19,21.0625,1
2026-08-10 13:51:19,21.359375,1
2026-08-10 13:51:19,21.359375,1
2026-08-10 13:51:19,21.3125,1
2026-08-10 13:51:19,21.3125,1
2026-08-10 13:51:20,21.359375,1
2026-08-10 13:51:20,21.359375,1
2026-08-10 13:51:20,21.28125,1
2026-08-10 13:51:20,21.28125,1
2026-08-10 13:51:20,21.28125,1
2026-08-10 13:51:20,21.28125,1
2026-08-10 13:51:20,21.5,1
2026-08-10 13:51:20,21.5,1
2026-08-10 13:51:20,21.53125,1
2026-08-10 13:51:20,21.53125,1
2026-08-10 13:51:20,20.359375,1
2026-08-10 13:51:20,20.359375,1
2026-08-10 13:51:20,20.46875,1
2026-08-10 13:51:20,20.46875,1
2026-08-10 13:51:20,20.40625,1
2026-08-10 13:51:20,20.40625,1
2026-08-10 13:51:20,20.484375,1
2026-08-10 13:51:20,20.484375,1
2026-08-10 13:51:20,20.734375,1
2026-08-10 13:51:20,20.734375,1
2026-08-10 13:51:21,20.734375,1
2026-08-10 13:51:21,20.734375,1
2026-08-10 13:51:21,20.6875,1
2026-08-10 13:51:21,20.6875,1
2026-08-10 13:51:21,19.578125,1
2026-08-10 13:51:21,19.578125,1
2026-08-10 13:51:21,19.484375,1
2026-08-10 13:51:21,19.484375,1
2026-08-10 13:51:21,19.4375,1
2026-08-10 13:51:21,19.4375,1
2026-08-10 13:51:21,17.671875,1
2026-08-10 13:51:21,17.671875,1
2026-08-10 13:51:21,17.796875,1
2026-08-10 13:51:21,17.796875,1
2026-08-10 13:51:21,18.125,1
2026-08-10 13:51:21,18.125,1
2026-08-10 13:51:21,18.53125,1
2026-08-10 13:51:21,18.53125,1
2026-08-10 13:51:21,16.703125,1
2026-08-10 13:51:21,16.703125,1
2026-08-10 13:51:22,16.75,1
2026-08-10 13:51:22,16.75,1
2026-08-10 13:51:22,16.640625,1
2026-08-10 13:51:22,16.640625,1
2026-08-10 13:51:22,16.640625,1
2026-08-10 13:51:22,16.640625,1
2026-08-10 13:51:22,15.015625,1
2026-08-10 13:51:22,15.015625,1
2026-08-10 13:51:22,14.9375,1
2026-08-10 13:51:22,14.9375,1
2026-08-10 13:51:22,14.890625,1
2026-08-10 13:51:22,14.890625,1
2026-08-10 13:51:22,12.125,1
2026-08-10 13:51:22,12.125,1
2026-08-10 13:51:22,11.8125,1
2026-08-10 13:51:22,11.8125,1
2026-08-10 13:51:22,11.640625,1
2026-08-10 13:51:22,11.640625,1
2026-08-10 13:51:22,11.640625,1
2026-08-10 13:51:22,11.640625,1
2026-08-10 13:51:23,9.15625,1
2026-08-10 13:51:23,9.15625,1
2026-08-10 13:51:23,9.03125,1
2026-08-10 13:51:23,9.03125,1
2026-08-10 13:51:23,9.03125,1
2026-08-10 13:51:23,9.03125,1
2026-08-10 13:51:23,6.453125,1
2026-08-10 13:51:23,6.453125,1
2026-08-10 13:51:23,6.390625,1
2026-08-10 13:51:23,6.390625,1
2026-08-10 13:51:23,6.3125,1
2026-08-10 13:51:23,6.3125,1
2026-08-10 13:51:23,6.171875,1
2026-08-10 13:51:23,6.171875,1
2026-08-10 13:51:23,2.609375,1
2026-08-10 13:51:23,2.609375,1
2026-08-10 13:51:23,2.484375,1
2026-08-10 13:51:23,2.484375,1
2026-08-10 13:51:23,2.046875,1
2026-08-10 13:51:23,2.046875,1
2026-08-10 13:51:24,2.046875,1
2026-08-10 13:51:24,2.046875,1
2026-08-10 13:51:24,0.0,1
2026-08-10 13:51:24,0.0,1
2026-08-10 13:51:24,0.0,1
2026-08-10 13:51:24,0.0,1
2026-08-10 13:51:24,0.0,1
2026-08-10 13:51:24,0.0,1
2026-08-10 13:51:24,0.0,1
2026-08-10 13:51:24,0.0,1
2026-08-10 13:51:24,0.0,1
2026-08-10 13:51:24,0.0,1
2026-08-10 13:51:24,0.0,1
2026-08-10 13:51:24,0.0,1
2026-08-10 13:51:24,0.0,1
2026-08-10 13:51:24,0.0,1
2026-08-10 13:51:24,0.0,1
2026-08-10 13:51:24,0.0,1
2026-08-10 13:51:24,0.0,1
2026-08-10 13:51:24,0.0,1
2026-08-10 13:51:25,0.0,1
2026-08-10 13:51:25,0.0,1
2026-08-10 13:51:25,0.0,1
2026-08-10 13:51:25,0.0,1
2026-08-10 13:51:25,0.0,1
2026-08-10 13:51:25,0.0,1
2026-08-10 13:51:25,0.0,1
2026-08-10 13:51:25,0.0,1
2026-08-10 13:51:25,0.0,1
2026-08-10 13:51:25,0.0,1
2026-08-10 13:51:25,0.0,1
2026-08-10 13:51:25,0.0,1
2026-08-10 13:51:25,0.0,1
2026-08-10 13:51:25,0.0,1
2026-08-10 13:51:25,0.0,1
2026-08-10 13:51:25,0.0,1
2026-08-10 13:51:25,0.0,1
2026-08-10 13:51:25,0.0,1
2026-08-10 13:51:25,0.0,1
2026-08-10 13:51:25,0.0,1
2026-08-10 13:51:26,0.0,1
2026-08-10 13:51:26,0.0,1
2026-08-10 13:51:26,0.0,1
2026-08-10 13:51:26,0.0,1
2026-08-10 13:51:26,1.9375,1
2026-08-10 13:51:26,1.9375,1
2026-08-10 13:51:26,2.0625,1
2026-08-10 13:51:26,2.0625,1
2026-08-10 13:51:26,2.140625,1
2026-08-10 13:51:26,2.140625,1
2026-08-10 13:51:26,4.671875,1
2026-08-10 13:51:26,4.671875,1
2026-08-10 13:51:26,5.03125,1
2026-08-10 13:51:26,5.03125,1
2026-08-10 13:51:26,5.34375,1
2026-08-10 13:51:26,5.34375,1
2026-08-10 13:51:26,5.515625,1
2026-08-10 13:51:26,5.515625,1
2026-08-10 13:51:26,7.28125,1
2026-08-10 13:51:26,7.28125,1
2026-08-10 13:51:27,7.203125,1
2026-08-10 13:51:27,7.203125,1
2026-08-10 13:51:27,7.171875,1
2026-08-10 13:51:27,7.171875,1
2026-08-10 13:51:27,8.296875,1
2026-08-10 13:51:27,8.296875,1
2026-08-10 13:51:27,8.375,1
2026-08-10 13:51:27,8.375,1
2026-08-10 13:51:27,8.453125,1
2026-08-10 13:51:27,8.453125,1
2026-08-10 13:51:27,8.46875,1
2026-08-10 13:51:27,8.46875,1
2026-08-10 13:51:27,8.640625,1
2026-08-10 13:51:27,8.640625,1
2026-08-10 13:51:27,8.59375,1
2026-08-10 13:51:27,8.59375,1
2026-08-10 13:51:27,8.515625,1
2026-08-10 13:51:27,8.515625,1
2026-08-10 13:51:27,8.46875,1
2026-08-10 13:51:27,8.46875,1
2026-08-10 13:51:28,8.09375,1
2026-08-10 13:51:28,8.09375,1
2026-08-10 13:51:28,8.078125,1
2026-08-10 13:51:28,8.078125,1
2026-08-10 13:51:28,8.046875,1
2026-08-10 13:51:28,8.046875,1
2026-08-10 13:51:28,7.78125,1
2026-08-10 13:51:28,7.78125,1
2026-08-10 13:51:28,7.78125,1
2026-08-10 13:51:28,7.78125,1
2026-08-10 13:51:28,7.75,1
2026-08-10 13:51:28,7.75,1
2026-08-10 13:51:28,7.734375,1
2026-08-10 13:51:28,7.734375,1
2026-08-10 13:51:28,7.4375,1
2026-08-10 13:51:28,7.4375,1
2026-08-10 13:51:28,7.46875,1
2026-08-10 13:51:28,7.46875,1
2026-08-10 13:51:28,7.4375,1
2026-08-10 13:51:28,7.4375,1
2026-08-10 13:51:29,6.875,1
2026-08-10 13:51:29,6.875,1
2026-08-10 13:51:29,6.671875,1
2026-08-10 13:51:29,6.671875,1
2026-08-10 13:51:29,6.53125,1
2026-08-10 13:51:29,6.53125,1
2026-08-10 13:51:29,6.359375,1
2026-08-10 13:51:29,6.359375,1
2026-08-10 13:51:29,3.671875,1
2026-08-10 13:51:29,3.671875,1
2026-08-10 13:51:29,3.46875,1
2026-08-10 13:51:29,3.46875,1
2026-08-10 13:51:29,3.375,1
2026-08-10 13:51:29,3.375,1
2026-08-10 13:51:29,3.15625,1
2026-08-10 13:51:29,3.15625,1
2026-08-10 13:51:29,0.4375,1
2026-08-10 13:51:29,0.4375,1
2026-08-10 13:51:29,0.4375,1
2026-08-10 13:51:29,0.4375,1
2026-08-10 13:51:30,0.0,1
2026-08-10 13:51:30,0.0,1
2026-08-10 13:51:30,0.0,1
2026-08-10 13:51:30,0.0,1
2026-08-10 13:51:30,0.0,1
2026-08-10 13:51:30,0.0,1
2026-08-10 13:51:30,0.0,1
2026-08-10 13:51:30,0.0,1
2026-08-10 13:51:30,0.0,1
2026-08-10 13:51:30,0.0,1
2026-08-10 13:51:30,0.0,1
2026-08-10 13:51:30,0.0,1
2026-08-10 13:51:30,0.0,1
2026-08-10 13:51:30,0.0,1
2026-08-10 13:51:30,0.0,1
2026-08-10 13:51:30,0.0,1
2026-08-10 13:51:30,0.0,1
2026-08-10 13:51:30,0.0,1
2026-08-10 13:51:30,0.0,1
2026-08-10 13:51:30,0.0,1
2026-08-10 13:51:31,0.0,1
2026-08-10 13:51:31,0.0,1
2026-08-10 13:51:31,0.0,1
2026-08-10 13:51:31,0.0,1
2026-08-10 13:51:31,0.0,1
2026-08-10 13:51:31,0.0,1
2026-08-10 13:51:31,0.0,1
2026-08-10 13:51:31,0.0,1
2026-08-10 13:51:31,0.0,1
2026-08-10 13:51:31,0.0,1
2026-08-10 13:51:31,0.0,1
2026-08-10 13:51:31,0.0,1
2026-08-10 13:51:31,0.0,1
2026-08-10 13:51:31,0.0,1
2026-08-10 13:51:31,0.0,1
2026-08-10 13:51:31,0.0,1
2026-08-10 13:51:31,0.0,1
2026-08-10 13:51:31,0.0,1
2026-08-10 13:51:31,0.0,1
2026-08-10 13:51:31,0.0,1
2026-08-10 13:51:32,0.0,1
2026-08-10 13:51:32,0.0,1
2026-08-10 13:51:32,0.0,1
2026-08-10 13:51:32,0.0,1
2026-08-10 13:51:32,0.0,1
2026-08-10 13:51:32,0.0,1
2026-08-10 13:51:32,0.0,1
2026-08-10 13:51:32,0.0,1
2026-08-10 13:51:32,0.0,1
2026-08-10 13:51:32,0.0,1
2026-08-10 13:51:32,0.0,1
2026-08-10 13:51:32,0.0,1
2026-08-10 13:51:32,0.0,1
2026-08-10 13:51:32,0.0,1
2026-08-10 13:51:32,0.0,1
2026-08-10 13:51:32,0.0,1
2026-08-10 13:51:32,0.0,1
2026-08-10 13:51:32,0.0,1
2026-08-10 13:51:32,0.0,1
2026-08-10 13:51:32,0.0,1
2026-08-10 13:51:33,0.0,1
2026-08-10 13:51:33,0.0,1
2026-08-10 13:51:33,0.0,1
2026-08-10 13:51:33,0.0,1
2026-08-10 13:51:33,0.0,1
2026-08-10 13:51:33,0.0,1
2026-08-10 13:51:33,0.0,1
2026-08-10 13:51:33,0.0,1
2026-08-10 13:51:33,0.0,1
2026-08-10 13:51:33,0.0,1
2026-08-10 13:51:33,0.0,1
2026-08-10 13:51:33,0.0,1
2026-08-10 13:51:33,0.0,1
2026-08-10 13:51:33,0.0,1
2026-08-10 13:51:33,0.0,1
2026-08-10 13:51:33,0.0,1
2026-08-10 13:51:33,0.0,1
2026-08-10 13:51:33,0.0,1
2026-08-10 13:51:33,0.0,1
2026-08-10 13:51:33,0.0,1
2026-08-10 13:51:34,0.0,1
2026-08-10 13:51:34,0.0,1
2026-08-10 13:51:34,0.0,1
2026-08-10 13:51:34,0.0,1
2026-08-10 13:51:34,0.0,1
2026-08-10 13:51:34,0.0,1
2026-08-10 13:51:34,0.0,1
2026-08-10 13:51:34,0.0,1
2026-08-10 13:51:34,0.0,1
2026-08-10 13:51:34,0.0,1
2026-08-10 13:51:34,0.0,1
2026-08-10 13:51:34,0.0,1
2026-08-10 13:51:34,0.0,1
2026-08-10 13:51:34,0.0,1
2026-08-10 13:51:34,0.0,1
2026-08-10 13:51:34,0.0,1
2026-08-10 13:51:34,0.0,1
2026-08-10 13:51:34,0.0,1
2026-08-10 13:51:34,0.0,1
2026-08-10 13:51:34,0.0,1
2026-08-10 13:51:35,0.0,1
2026-08-10 13:51:35,0.0,1
2026-08-10 13:51:35,0.0,1
2026-08-10 13:51:35,0.0,1
2026-08-10 13:51:35,0.0,1
2026-08-10 13:51:35,0.0,1
2026-08-10 13:51:35,0.0,1
2026-08-10 13:51:35,0.0,1
2026-08-10 13:51:35,0.0,1
2026-08-10 13:51:35,0.0,1
2026-08-10 13:51:35,0.0,1
2026-08-10 13:51:35,0.0,1
2026-08-10 13:51:35,0.0,1
2026-08-10 13:51:35,0.0,1
2026-08-10 13:51:35,0.0,1
2026-08-10 13:51:35,0.0,1
2026-08-10 13:51:35,0.0,1
2026-08-10 13:51:35,0.0,1
2026-08-10 13:51:35,0.0,1
2026-08-10 13:51:35,0.0,1
2026-08-10 13:51:36,0.0,1
2026-08-10 13:51:36,0.0,1
2026-08-10 13:51:36,0.0,1
2026-08-10 13:51:36,0.0,1
2026-08-10 13:51:36,0.0,1
2026-08-10 13:51:36,0.0,1
2026-08-10 13:51:36,0.0,1
2026-08-10 13:51:36,0.0,1
2026-08-10 13:51:36,0.0,1
2026-08-10 13:51:36,0.0,1
2026-08-10 13:51:36,0.0,1
2026-08-10 13:51:36,0.0,1
2026-08-10 13:51:36,0.0,1
2026-08-10 13:51:36,0.0,1
2026-08-10 13:51:36,0.0,1
2026-08-10 13:51:36,0.0,1
2026-08-10 13:51:36,0.0,1
2026-08-10 13:51:36,0.0,1
2026-08-10 13:51:36,0.0,1
2026-08-10 13:51:36,0.0,1
2026-08-10 13:51:37,0.0,1
2026-08-10 13:51:37,0.0,1
2026-08-10 13:51:37,0.0,1
2026-08-10 13:51:37,0.0,1
2026-08-10 13:51:37,0.0,1
2026-08-10 13:51:37,0.0,1
2026-08-10 13:51:37,0.0,1
2026-08-10 13:51:37,0.0,1
2026-08-10 13:51:37,0.0,1
2026-08-10 13:51:37,0.0,1
2026-08-10 13:51:37,0.0,1
2026-08-10 13:51:37,0.0,1
2026-08-10 13:51:37,0.0,1
2026-08-10 13:51:37,0.0,-1
2026-08-10 13:51:37,0.0,-1
2026-08-10 13:51:37,0.0,-1
2026-08-10 13:51:37,0.0,-1
2026-08-10 13:51:37,0.0,-1
2026-08-10 13:51:37,0.0,-1
2026-08-10 13:51:37,0.0,-1
2026-08-10 13:51:38,0.0,-1
2026-08-10 13:51:38,0.0,-1
2026-08-10 13:51:38,0.0,-1
2026-08-10 13:51:38,0.0,-1
2026-08-10 13:51:38,0.0,-1
2026-08-10 13:51:38,0.0,-1
2026-08-10 13:51:38,0.0,-1
2026-08-10 13:51:38,0.0,0
2026-08-10 13:51:38,0.0,0
2026-08-10 13:51:38,0.0,0
2026-08-10 13:51:38,0.0,0
2026-08-10 13:51:38,0.0,0
2026-08-10 13:51:38,0.0,0
2026-08-10 13:51:38,0.0,-1
2026-08-10 13:51:38,0.0,-1
2026-08-10 13:51:38,0.0,-1
2026-08-10 13:51:38,0.0,-1
2026-08-10 13:51:38,0.0,-1
2026-08-10 13:51:38,0.0,-1
2026-08-10 13:51:38,0.0,-1
2026-08-10 13:51:39,0.0,-1
2026-08-10 13:51:39,0.0,-1
2026-08-10 13:51:39,0.0,-1
2026-08-10 13:51:39,0.0,-1
2026-08-10 13:51:39,0.0,-1
2026-08-10 13:51:39,0.0,-1
2026-08-10 13:51:39,0.0,-1
2026-08-10 13:51:39,0.0,-1
2026-08-10 13:51:39,0.0,-1
2026-08-10 13:51:39,0.0,-1
2026-08-10 13:51:39,0.0,-1
2026-08-10 13:51:39,0.0,-1
2026-08-10 13:51:39,0.0,-1
2026-08-10 13:51:39,0.0,-1
2026-08-10 13:51:39,0.0,-1
2026-08-10 13:51:39,0.0,-1
2026-08-10 13:51:39,0.0,-1
2026-08-10 13:51:39,0.0,-1
2026-08-10 13:51:39,0.0,-1
2026-08-10 13:51:39,0.0,-1
2026-08-10 13:51:40,0.0,-1
2026-08-10 13:51:40,0.0,-1
2026-08-10 13:51:40,1.53125,-1
2026-08-10 13:51:40,1.53125,-1
2026-08-10 13:51:40,1.609375,-1
2026-08-10 13:51:40,1.609375,-1
2026-08-10 13:51:40,1.609375,-1
2026-08-10 13:51:40,1.609375,-1
2026-08-10 13:51:40,2.375,-1
2026-08-10 13:51:40,2.375,-1
2026-08-10 13:51:40,2.453125,-1
2026-08-10 13:51:40,2.453125,-1
2026-08-10 13:51:40,2.515625,-1
2026-08-10 13:51:40,2.515625,-1
2026-08-10 13:51:40,2.515625,-1
2026-08-10 13:51:40,2.515625,-1
2026-08-10 13:51:40,3.65625,-1
2026-08-10 13:51:40,3.65625,-1
2026-08-10 13:51:40,3.71875,-1
2026-08-10 13:51:40,3.71875,-1
2026-08-10 13:51:41,3.75,-1
2026-08-10 13:51:41,3.75,-1
2026-08-10 13:51:41,4.984375,-1
2026-08-10 13:51:41,4.984375,-1
2026-08-10 13:51:41,5.03125,-1
2026-08-10 13:51:41,5.03125,-1
2026-08-10 13:51:41,5.265625,-1
2026-08-10 13:51:41,5.265625,-1
2026-08-10 13:51:41,5.3125,-1
2026-08-10 13:51:41,5.3125,-1
2026-08-10 13:51:41,6.640625,-1
2026-08-10 13:51:41,6.640625,-1
2026-08-10 13:51:41,6.71875,-1
2026-08-10 13:51:41,6.71875,-1
2026-08-10 13:51:41,6.78125,-1
2026-08-10 13:51:41,6.78125,-1
2026-08-10 13:51:41,7.953125,-1
2026-08-10 13:51:41,7.953125,-1
2026-08-10 13:51:41,8.03125,-1
2026-08-10 13:51:41,8.03125,-1
2026-08-10 13:51:42,8.0625,-1
2026-08-10 13:51:42,8.0625,-1
2026-08-10 13:51:42,8.203125,-1
2026-08-10 13:51:42,8.203125,-1
2026-08-10 13:51:42,9.890625,-1
2026-08-10 13:51:42,9.890625,-1
2026-08-10 13:51:42,9.921875,-1
2026-08-10 13:51:42,9.921875,-1
2026-08-10 13:51:42,9.90625,-1
2026-08-10 13:51:42,9.90625,-1
2026-08-10 13:51:42,11.203125,-1
2026-08-10 13:51:42,11.203125,-1
2026-08-10 13:51:42,11.328125,-1
2026-08-10 13:51:42,11.328125,-1
2026-08-10 13:51:42,11.4375,-1
2026-08-10 13:51:42,11.4375,-1
2026-08-10 13:51:42,11.625,-1
2026-08-10 13:51:42,11.625,-1
2026-08-10 13:51:42,12.78125,-1
2026-08-10 13:51:42,12.78125,-1
2026-08-10 13:51:43,12.796875,-1
2026-08-10 13:51:43,12.796875,-1
2026-08-10 13:51:43,12.875,-1
2026-08-10 13:51:43,12.875,-1
2026-08-10 13:51:43,12.828125,-1
2026-08-10 13:51:43,12.828125,-1
2026-08-10 13:51:43,13.1875,-1
2026-08-10 13:51:43,13.1875,-1
2026-08-10 13:51:43,13.46875,-1
2026-08-10 13:51:43,13.46875,-1
2026-08-10 13:51:43,13.40625,-1
2026-08-10 13:51:43,13.40625,-1
2026-08-10 13:51:43,13.40625,-1
2026-08-10 13:51:43,13.40625,-1
2026-08-10 13:51:43,13.578125,-1
2026-08-10 13:51:43,13.578125,-1
2026-08-10 13:51:43,13.625,-1
2026-08-10 13:51:43,13.625,-1
2026-08-10 13:51:43,13.453125,-1
2026-08-10 13:51:43,13.453125,-1
2026-08-10 13:51:44,14.34375,-1
2026-08-10 13:51:44,14.34375,-1
2026-08-10 13:51:44,14.4375,-1
2026-08-10 13:51:44,14.4375,-1
2026-08-10 13:51:44,14.296875,-1
2026-08-10 13:51:44,14.296875,-1
2026-08-10 13:51:44,13.8125,-1
2026-08-10 13:51:44,13.8125,-1
2026-08-10 13:51:44,13.796875,-1
2026-08-10 13:51:44,13.796875,-1
2026-08-10 13:51:44,13.84375,-1
2026-08-10 13:51:44,13.84375,-1
2026-08-10 13:51:44,13.84375,-1
2026-08-10 13:51:44,13.84375,-1
2026-08-10 13:51:44,13.84375,-1
2026-08-10 13:51:44,13.84375,-1
2026-08-10 13:51:44,13.984375,-1
2026-08-10 13:51:44,13.984375,-1
2026-08-10 13:51:44,14.0,-1
2026-08-10 13:51:44,14.0,-1
2026-08-10 13:51:45,13.9375,-1
2026-08-10 13:51:45,13.9375,-1
2026-08-10 13:51:45,13.9375,-1
2026-08-10 13:51:45,13.9375,-1
2026-08-10 13:51:45,13.8125,-1
2026-08-10 13:51:45,13.8125,-1
2026-08-10 13:51:45,13.859375,-1
2026-08-10 13:51:45,13.859375,-1
2026-08-10 13:51:45,13.71875,-1
2026-08-10 13:51:45,13.71875,-1
2026-08-10 13:51:45,13.78125,-1
2026-08-10 13:51:45,13.78125,-1
2026-08-10 13:51:45,13.953125,-1
2026-08-10 13:51:45,13.953125,-1
2026-08-10 13:51:45,13.875,-1
2026-08-10 13:51:45,13.875,-1
2026-08-10 13:51:45,13.859375,-1
2026-08-10 13:51:45,13.859375,-1
2026-08-10 13:51:45,13.96875,-1
2026-08-10 13:51:45,13.96875,-1
2026-08-10 13:51:46,13.90625,-1
2026-08-10 13:51:46,13.90625,-1
2026-08-10 13:51:46,13.90625,-1
2026-08-10 13:51:46,13.90625,-1
2026-08-10 13:51:46,13.640625,-1
2026-08-10 13:51:46,13.640625,-1
2026-08-10 13:51:46,13.65625,-1
2026-08-10 13:51:46,13.65625,-1
2026-08-10 13:51:46,13.671875,-1
2026-08-10 13:51:46,13.671875,-1
2026-08-10 13:51:46,14.4375,-1
2026-08-10 13:51:46,14.4375,-1
2026-08-10 13:51:46,14.890625,-1
2026-08-10 13:51:46,14.890625,-1
2026-08-10 13:51:46,14.84375,-1
2026-08-10 13:51:46,14.84375,-1
2026-08-10 13:51:46,14.484375,-1
2026-08-10 13:51:46,14.484375,-1
2026-08-10 13:51:46,14.984375,-1
2026-08-10 13:51:46,14.984375,-1
2026-08-10 13:51:47,15.625,-1
2026-08-10 13:51:47,15.625,-1
2026-08-10 13:51:47,16.046875,-1
2026-08-10 13:51:47,16.046875,-1
2026-08-10 13:51:47,15.9375,-1
2026-08-10 13:51:47,15.9375,-1
2026-08-10 13:51:47,15.875,-1
2026-08-10 13:51:47,15.875,-1
2026-08-10 13:51:47,15.9375,-1
2026-08-10 13:51:47,15.9375,-1
2026-08-10 13:51:47,16.609375,-1
2026-08-10 13:51:47,16.609375,-1
2026-08-10 13:51:47,16.671875,-1
2026-08-10 13:51:47,16.671875,-1
2026-08-10 13:51:47,16.78125,-1
2026-08-10 13:51:47,16.78125,-1
2026-08-10 13:51:47,17.078125,-1
2026-08-10 13:51:47,17.078125,-1
2026-08-10 13:51:47,17.59375,-1
2026-08-10 13:51:47,17.59375,-1
2026-08-10 13:51:48,17.578125,-1
2026-08-10 13:51:48,17.578125,-1
2026-08-10 13:51:48,17.484375,-1
2026-08-10 13:51:48,17.484375,-1
2026-08-10 13:51:48,17.484375,-1
2026-08-10 13:51:48,17.484375,-1
2026-08-10 13:51:48,17.5,-1
2026-08-10 13:51:48,17.5,-1
2026-08-10 13:51:48,17.46875,-1
2026-08-10 13:51:48,17.46875,-1
2026-08-10 13:51:48,17.5,-1
2026-08-10 13:51:48,17.5,-1
2026-08-10 13:51:48,17.328125,-1
2026-08-10 13:51:48,17.328125,-1
2026-08-10 13:51:48,17.375,-1
2026-08-10 13:51:48,17.375,-1
2026-08-10 13:51:48,17.65625,-1
2026-08-10 13:51:48,17.65625,-1
2026-08-10 13:51:48,17.6875,-1
2026-08-10 13:51:48,17.6875,-1
2026-08-10 13:51:49,17.578125,-1
2026-08-10 13:51:49,17.578125,-1
2026-08-10 13:51:49,17.5,-1
2026-08-10 13:51:49,17.5,-1
2026-08-10 13:51:49,17.484375,-1
2026-08-10 13:51:49,17.484375,-1
2026-08-10 13:51:49,16.734375,-1
2026-08-10 13:51:49,16.734375,-1
2026-08-10 13:51:49,16.8125,-1
2026-08-10 13:51:49,16.8125,-1
2026-08-10 13:51:49,16.875,-1
2026-08-10 13:51:49,16.875,-1
2026-08-10 13:51:49,16.953125,-1
2026-08-10 13:51:49,16.953125,-1
2026-08-10 13:51:49,15.78125,-1
2026-08-10 13:51:49,15.78125,-1
2026-08-10 13:51:49,15.8125,-1
2026-08-10 13:51:49,15.8125,-1
2026-08-10 13:51:49,15.734375,-1
2026-08-10 13:51:49,15.734375,-1
2026-08-10 13:51:50,14.890625,-1
2026-08-10 13:51:50,14.890625,-1
2026-08-10 13:51:50,14.8125,-1
2026-08-10 13:51:50,14.8125,-1
2026-08-10 13:51:50,14.828125,-1
2026-08-10 13:51:50,14.828125,-1
2026-08-10 13:51:50,14.71875,-1
2026-08-10 13:51:50,14.71875,-1
2026-08-10 13:51:50,16.578125,-1
2026-08-10 13:51:50,16.578125,-1
2026-08-10 13:51:50,16.53125,-1
2026-08-10 13:51:50,16.53125,-1
2026-08-10 13:51:50,16.65625,-1
2026-08-10 13:51:50,16.65625,-1
2026-08-10 13:51:50,16.90625,-1
2026-08-10 13:51:50,16.90625,-1
2026-08-10 13:51:50,14.65625,-1
2026-08-10 13:51:50,14.65625,-1
2026-08-10 13:51:50,14.46875,-1
2026-08-10 13:51:50,14.46875,-1
2026-08-10 13:51:51,14.515625,-1
2026-08-10 13:51:51,14.515625,-1
2026-08-10 13:51:51,14.390625,-1
2026-08-10 13:51:51,14.390625,-1
2026-08-10 13:51:51,16.4375,-1
2026-08-10 13:51:51,16.4375,-1
2026-08-10 13:51:51,16.53125,-1
2026-08-10 13:51:51,16.53125,-1
2026-08-10 13:51:51,16.484375,-1
2026-08-10 13:51:51,16.484375,-1
2026-08-10 13:51:51,16.515625,-1
2026-08-10 13:51:51,16.515625,-1
2026-08-10 13:51:51,16.5625,-1
2026-08-10 13:51:51,16.5625,-1
2026-08-10 13:51:51,16.359375,-1
2026-08-10 13:51:51,16.359375,-1
2026-08-10 13:51:51,15.734375,-1
2026-08-10 13:51:51,15.734375,-1
2026-08-10 13:51:51,15.65625,-1
2026-08-10 13:51:51,15.65625,-1
2026-08-10 13:51:52,15.828125,-1
2026-08-10 13:51:52,15.828125,-1
2026-08-10 13:51:52,15.890625,-1
2026-08-10 13:51:52,15.890625,-1
2026-08-10 13:51:52,17.03125,-1
2026-08-10 13:51:52,17.03125,-1
2026-08-10 13:51:52,17.015625,-1
2026-08-10 13:51:52,17.015625,-1
2026-08-10 13:51:52,16.953125,-1
2026-08-10 13:51:52,16.953125,-1
2026-08-10 13:51:52,16.953125,-1
2026-08-10 13:51:52,16.953125,-1
2026-08-10 13:51:52,16.84375,-1
2026-08-10 13:51:52,16.84375,-1
2026-08-10 13:51:52,16.796875,-1
2026-08-10 13:51:52,16.796875,-1
2026-08-10 13:51:52,16.96875,-1
2026-08-10 13:51:52,16.96875,-1
2026-08-10 13:51:52,17.0,-1
2026-08-10 13:51:52,17.0,-1
2026-08-10 13:51:53,16.421875,-1
2026-08-10 13:51:53,16.421875,-1
2026-08-10 13:51:53,16.34375,-1
2026-08-10 13:51:53,16.34375,-1
2026-08-10 13:51:53,16.375,-1
2026-08-10 13:51:53,16.375,-1
2026-08-10 13:51:53,15.78125,-1
2026-08-10 13:51:53,15.78125,-1
2026-08-10 13:51:53,15.828125,-1
2026-08-10 13:51:53,15.828125,-1
2026-08-10 13:51:53,15.640625,-1
2026-08-10 13:51:53,15.640625,-1
2026-08-10 13:51:53,15.125,-1
2026-08-10 13:51:53,15.125,-1
2026-08-10 13:51:53,15.078125,-1
2026-08-10 13:51:53,15.078125,-1
2026-08-10 13:51:53,15.171875,-1
2026-08-10 13:51:53,15.171875,-1
2026-08-10 13:51:53,15.09375,-1
2026-08-10 13:51:53,15.09375,-1
2026-08-10 13:51:54,14.671875,-1
2026-08-10 13:51:54,14.671875,-1
2026-08-10 13:51:54,14.640625,-1
2026-08-10 13:51:54,14.640625,-1
2026-08-10 13:51:54,14.6875,-1
2026-08-10 13:51:54,14.6875,-1
2026-08-10 13:51:54,14.453125,-1
2026-08-10 13:51:54,14.453125,-1
2026-08-10 13:51:54,14.34375,-1
2026-08-10 13:51:54,14.34375,-1
2026-08-10 13:51:54,14.34375,-1
2026-08-10 13:51:54,14.34375,-1
2026-08-10 13:51:54,14.359375,-1
2026-08-10 13:51:54,14.359375,-1
2026-08-10 13:51:54,14.171875,-1
2026-08-10 13:51:54,14.171875,-1
2026-08-10 13:51:54,14.09375,-1
2026-08-10 13:51:54,14.09375,-1
2026-08-10 13:51:54,14.125,-1
2026-08-10 13:51:54,14.125,-1
2026-08-10 13:51:55,14.046875,-1
2026-08-10 13:51:55,14.046875,-1
2026-08-10 13:51:55,14.125,-1
2026-08-10 13:51:55,14.125,-1
2026-08-10 13:51:55,14.09375,-1
2026-08-10 13:51:55,14.09375,-1
2026-08-10 13:51:55,14.515625,-1
2026-08-10 13:51:55,14.515625,-1
2026-08-10 13:51:55,15.875,-1
2026-08-10 13:51:55,15.875,-1
2026-08-10 13:51:55,15.625,-1
2026-08-10 13:51:55,15.625,-1
2026-08-10 13:51:55,15.453125,-1
2026-08-10 13:51:55,15.453125,-1
2026-08-10 13:51:55,15.390625,-1
2026-08-10 13:51:55,15.390625,-1
2026-08-10 13:51:55,16.0625,-1
2026-08-10 13:51:55,16.0625,-1
2026-08-10 13:51:55,16.265625,-1
2026-08-10 13:51:55,16.265625,-1
2026-08-10 13:51:56,16.21875,-1
2026-08-10 13:51:56,16.21875,-1
2026-08-10 13:51:56,16.296875,-1
2026-08-10 13:51:56,16.296875,-1
2026-08-10 13:51:56,17.09375,-1
2026-08-10 13:51:56,17.09375,-1
2026-08-10 13:51:56,17.21875,-1
2026-08-10 13:51:56,17.21875,-1
2026-08-10 13:51:56,17.21875,-1
2026-08-10 13:51:56,17.21875,-1
2026-08-10 13:51:56,17.171875,-1
2026-08-10 13:51:56,17.171875,-1
2026-08-10 13:51:56,17.203125,-1
2026-08-10 13:51:56,17.203125,-1
2026-08-10 13:51:56,17.25,-1
2026-08-10 13:51:56,17.25,-1
2026-08-10 13:51:56,17.25,-1
2026-08-10 13:51:56,17.25,-1
2026-08-10 13:51:56,17.375,-1
2026-08-10 13:51:56,17.375,-1
2026-08-10 13:51:57,17.390625,-1
2026-08-10 13:51:57,17.390625,-1
2026-08-10 13:51:57,17.453125,-1
2026-08-10 13:51:57,17.453125,-1
2026-08-10 13:51:57,17.09375,-1
2026-08-10 13:51:57,17.09375,-1
2026-08-10 13:51:57,17.125,-1
2026-08-10 13:51:57,17.125,-1
2026-08-10 13:51:57,17.265625,-1
2026-08-10 13:51:57,17.265625,-1
2026-08-10 13:51:57,16.875,-1
2026-08-10 13:51:57,16.875,-1
2026-08-10 13:51:57,16.90625,-1
2026-08-10 13:51:57,16.90625,-1
2026-08-10 13:51:57,16.9375,-1
2026-08-10 13:51:57,16.9375,-1
2026-08-10 13:51:57,16.953125,-1
2026-08-10 13:51:57,16.953125,-1
2026-08-10 13:51:57,15.71875,-1
2026-08-10 13:51:57,15.71875,-1
2026-08-10 13:51:58,15.6875,-1
2026-08-10 13:51:58,15.6875,-1
2026-08-10 13:51:58,15.765625,-1
2026-08-10 13:51:58,15.765625,-1
2026-08-10 13:51:58,15.75,-1
2026-08-10 13:51:58,15.75,-1
2026-08-10 13:51:58,15.09375,-1
2026-08-10 13:51:58,15.09375,-1
2026-08-10 13:51:58,15.0,-1
2026-08-10 13:51:58,15.0,-1
2026-08-10 13:51:58,14.953125,-1
2026-08-10 13:51:58,14.953125,-1
2026-08-10 13:51:58,13.859375,-1
2026-08-10 13:51:58,13.859375,-1
2026-08-10 13:51:58,13.953125,-1
2026-08-10 13:51:58,13.953125,-1
2026-08-10 13:51:58,14.078125,-1
2026-08-10 13:51:58,14.078125,-1
2026-08-10 13:51:58,14.109375,-1
2026-08-10 13:51:58,14.109375,-1
2026-08-10 13:51:59,13.609375,-1
2026-08-10 13:51:59,13.609375,-1
2026-08-10 13:51:59,13.625,-1
2026-08-10 13:51:59,13.625,-1
2026-08-10 13:51:59,13.734375,-1
2026-08-10 13:51:59,13.734375,-1
2026-08-10 13:51:59,13.796875,-1
2026-08-10 13:51:59,13.796875,-1
2026-08-10 13:51:59,13.734375,-1
2026-08-10 13:51:59,13.734375,-1
2026-08-10 13:51:59,14.03125,-1
2026-08-10 13:51:59,14.03125,-1
2026-08-10 13:51:59,14.453125,-1
2026-08-10 13:51:59,14.453125,-1
2026-08-10 13:51:59,13.609375,-1
2026-08-10 13:51:59,13.609375,-1
2026-08-10 13:51:59,13.84375,-1
2026-08-10 13:51:59,13.84375,-1
2026-08-10 13:51:59,14.515625,-1
2026-08-10 13:51:59,14.515625,-1
2026-08-10 13:52:00,14.9375,-1
2026-08-10 13:52:00,14.9375,-1
2026-08-10 13:52:00,14.96875,-1
2026-08-10 13:52:00,14.96875,-1
2026-08-10 13:52:00,15.078125,-1
2026-08-10 13:52:00,15.078125,-1
2026-08-10 13:52:00,15.046875,-1
2026-08-10 13:52:00,15.046875,-1
2026-08-10 13:52:00,15.171875,-1
2026-08-10 13:52:00,15.171875,-1
2026-08-10 13:52:00,15.875,-1
2026-08-10 13:52:00,15.875,-1
2026-08-10 13:52:00,15.90625,-1
2026-08-10 13:52:00,15.90625,-1
2026-08-10 13:52:00,15.921875,-1
2026-08-10 13:52:00,15.921875,-1
2026-08-10 13:52:00,16.046875,-1
2026-08-10 13:52:00,16.046875,-1
2026-08-10 13:52:00,15.921875,-1
2026-08-10 13:52:00,15.921875,-1
2026-08-10 13:52:01,15.765625,-1
2026-08-10 13:52:01,15.765625,-1
2026-08-10 13:52:01,15.421875,-1
2026-08-10 13:52:01,15.421875,-1
2026-08-10 13:52:01,15.359375,-1
2026-08-10 13:52:01,15.359375,-1
2026-08-10 13:52:01,15.328125,-1
2026-08-10 13:52:01,15.328125,-1
2026-08-10 13:52:01,15.359375,-1
2026-08-10 13:52:01,15.359375,-1
2026-08-10 13:52:01,14.28125,-1
2026-08-10 13:52:01,14.28125,-1
2026-08-10 13:52:01,14.046875,-1
2026-08-10 13:52:01,14.046875,-1
2026-08-10 13:52:01,14.171875,-1
2026-08-10 13:52:01,14.171875,-1
2026-08-10 13:52:01,13.828125,-1
2026-08-10 13:52:01,13.828125,-1
2026-08-10 13:52:01,14.0,-1
2026-08-10 13:52:01,14.0,-1
2026-08-10 13:52:02,13.859375,-1
2026-08-10 13:52:02,13.859375,-1
2026-08-10 13:52:02,13.859375,-1
2026-08-10 13:52:02,13.859375,-1
2026-08-10 13:52:02,13.296875,-1
2026-08-10 13:52:02,13.296875,-1
2026-08-10 13:52:02,13.171875,-1
2026-08-10 13:52:02,13.171875,-1
2026-08-10 13:52:02,13.1875,-1
2026-08-10 13:52:02,13.1875,-1
2026-08-10 13:52:02,13.265625,-1
2026-08-10 13:52:02,13.265625,-1
2026-08-10 13:52:02,13.078125,-1
2026-08-10 13:52:02,13.078125,-1
2026-08-10 13:52:02,13.3125,-1
2026-08-10 13:52:02,13.3125,-1
2026-08-10 13:52:02,13.125,-1
2026-08-10 13:52:02,13.125,-1
2026-08-10 13:52:02,13.125,-1
2026-08-10 13:52:02,13.125,-1
2026-08-10 13:52:03,13.015625,-1
2026-08-10 13:52:03,13.015625,-1
2026-08-10 13:52:03,12.828125,-1
2026-08-10 13:52:03,12.828125,-1
2026-08-10 13:52:03,13.046875,-1
2026-08-10 13:52:03,13.046875,-1
2026-08-10 13:52:03,11.90625,-1
2026-08-10 13:52:03,11.90625,-1
2026-08-10 13:52:03,11.984375,-1
2026-08-10 13:52:03,11.984375,-1
2026-08-10 13:52:03,11.90625,-1
2026-08-10 13:52:03,11.90625,-1
2026-08-10 13:52:03,10.8125,-1
2026-08-10 13:52:03,10.8125,-1
2026-08-10 13:52:03,10.671875,-1
2026-08-10 13:52:03,10.671875,-1
2026-08-10 13:52:03,10.5625,-1
2026-08-10 13:52:03,10.5625,-1
2026-08-10 13:52:03,10.546875,-1
2026-08-10 13:52:03,10.546875,-1
2026-08-10 13:52:04,8.3125,-1
2026-08-10 13:52:04,8.3125,-1
2026-08-10 13:52:04,8.15625,-1
2026-08-10 13:52:04,8.15625,-1
2026-08-10 13:52:04,7.9375,-1
2026-08-10 13:52:04,7.9375,-1
2026-08-10 13:52:04,7.90625,-1
2026-08-10 13:52:04,7.90625,-1
2026-08-10 13:52:04,5.671875,-1
2026-08-10 13:52:04,5.671875,-1
2026-08-10 13:52:04,5.46875,-1
2026-08-10 13:52:04,5.46875,-1
2026-08-10 13:52:04,5.40625,-1
2026-08-10 13:52:04,5.40625,-1
2026-08-10 13:52:04,5.3125,-1
2026-08-10 13:52:04,5.3125,-1
2026-08-10 13:52:04,4.265625,-1
2026-08-10 13:52:04,4.265625,-1
2026-08-10 13:52:04,4.265625,-1
2026-08-10 13:52:04,4.265625,-1
2026-08-10 13:52:05,4.265625,-1
2026-08-10 13:52:05,4.265625,-1
2026-08-10 13:52:05,2.578125,-1
2026-08-10 13:52:05,2.578125,-1
2026-08-10 13:52:05,2.5,-1
2026-08-10 13:52:05,2.5,-1
2026-08-10 13:52:05,2.1875,-1
2026-08-10 13:52:05,2.1875,-1
2026-08-10 13:52:05,0.0,-1
2026-08-10 13:52:05,0.0,-1
2026-08-10 13:52:05,0.0,-1
2026-08-10 13:52:05,0.0,-1
2026-08-10 13:52:05,0.0,-1
2026-08-10 13:52:05,0.0,-1
2026-08-10 13:52:05,0.0,-1
2026-08-10 13:52:05,0.0,-1
2026-08-10 13:52:05,0.0,-1
2026-08-10 13:52:05,0.0,-1
2026-08-10 13:52:05,0.0,-1
2026-08-10 13:52:05,0.0,-1
2026-08-10 13:52:06,0.0,-1
2026-08-10 13:52:06,0.0,-1
2026-08-10 13:52:06,0.0,-1
2026-08-10 13:52:06,0.0,-1
2026-08-10 13:52:06,0.0,-1
2026-08-10 13:52:06,0.0,-1
2026-08-10 13:52:06,0.0,-1
2026-08-10 13:52:06,0.0,-1
2026-08-10 13:52:06,0.0,-1
2026-08-10 13:52:06,0.0,-1
2026-08-10 13:52:06,0.0,-1
2026-08-10 13:52:06,0.0,1
2026-08-10 13:52:06,0.0,1
2026-08-10 13:52:06,0.0,1
2026-08-10 13:52:06,0.0,1
2026-08-10 13:52:06,0.0,1
2026-08-10 13:52:06,0.0,1
2026-08-10 13:52:06,0.0,1
2026-08-10 13:52:06,0.0,1
2026-08-10 13:52:06,0.0,1
2026-08-10 13:52:07,0.0,1
2026-08-10 13:52:07,0.0,1
2026-08-10 13:52:07,0.0,1
2026-08-10 13:52:07,0.0,1
2026-08-10 13:52:07,0.0,1
2026-08-10 13:52:07,0.0,1
2026-08-10 13:52:07,0.0,1
2026-08-10 13:52:07,0.0,1
2026-08-10 13:52:07,0.0,1
2026-08-10 13:52:07,0.0,1
2026-08-10 13:52:07,0.0,1
2026-08-10 13:52:07,0.0,1
2026-08-10 13:52:07,0.0,1
2026-08-10 13:52:07,0.0,1
2026-08-10 13:52:07,0.0,1
2026-08-10 13:52:07,0.0,1
2026-08-10 13:52:07,0.0,1
2026-08-10 13:52:07,0.0,1
2026-08-10 13:52:07,1.5,1
2026-08-10 13:52:07,1.5,1
2026-08-10 13:52:08,1.546875,1
2026-08-10 13:52:08,1.546875,1
2026-08-10 13:52:08,1.609375,1
2026-08-10 13:52:08,1.609375,1
2026-08-10 13:52:08,1.65625,1
2026-08-10 13:52:08,1.65625,1
2026-08-10 13:52:08,3.015625,1
2026-08-10 13:52:08,3.015625,1
2026-08-10 13:52:08,3.40625,1
2026-08-10 13:52:08,3.40625,1
2026-08-10 13:52:08,3.6875,1
2026-08-10 13:52:08,3.6875,1
2026-08-10 13:52:08,3.90625,1
2026-08-10 13:52:08,3.90625,1
2026-08-10 13:52:08,6.453125,1
2026-08-10 13:52:08,6.453125,1
2026-08-10 13:52:08,6.390625,1
2026-08-10 13:52:08,6.390625,1
2026-08-10 13:52:08,6.28125,1
2026-08-10 13:52:08,6.28125,1
2026-08-10 13:52:09,8.1875,1
2026-08-10 13:52:09,8.1875,1
2026-08-10 13:52:09,8.328125,1
2026-08-10 13:52:09,8.328125,1
2026-08-10 13:52:09,8.59375,1
2026-08-10 13:52:09,8.59375,1
2026-08-10 13:52:09,9.65625,1
2026-08-10 13:52:09,9.65625,1
2026-08-10 13:52:09,9.625,1
2026-08-10 13:52:09,9.625,1
2026-08-10 13:52:09,9.609375,1
2026-08-10 13:52:09,9.609375,1
2026-08-10 13:52:09,9.65625,1
2026-08-10 13:52:09,9.65625,1
2026-08-10 13:52:09,10.265625,1
2026-08-10 13:52:09,10.265625,1
2026-08-10 13:52:09,10.1875,1
2026-08-10 13:52:09,10.1875,1
2026-08-10 13:52:09,10.09375,1
2026-08-10 13:52:09,10.09375,1
2026-08-10 13:52:10,10.1875,1
2026-08-10 13:52:10,10.1875,1
2026-08-10 13:52:10,10.3125,1
2026-08-10 13:52:10,10.3125,1
2026-08-10 13:52:10,10.3125,1
2026-08-10 13:52:10,10.3125,1
2026-08-10 13:52:10,10.40625,1
2026-08-10 13:52:10,10.40625,1
2026-08-10 13:52:10,10.484375,1
2026-08-10 13:52:10,10.484375,1
2026-08-10 13:52:10,10.328125,1
2026-08-10 13:52:10,10.328125,1
2026-08-10 13:52:10,10.328125,1
2026-08-10 13:52:10,10.328125,1
2026-08-10 13:52:10,10.234375,1
2026-08-10 13:52:10,10.234375,1
2026-08-10 13:52:10,10.296875,1
2026-08-10 13:52:10,10.296875,1
2026-08-10 13:52:10,10.375,1
2026-08-10 13:52:10,10.375,1
2026-08-10 13:52:11,10.4375,1
2026-08-10 13:52:11,10.4375,1
2026-08-10 13:52:11,10.4375,1
2026-08-10 13:52:11,10.4375,1
2026-08-10 13:52:11,10.515625,1
2026-08-10 13:52:11,10.515625,1
2026-08-10 13:52:11,10.453125,1
2026-08-10 13:52:11,10.453125,1
2026-08-10 13:52:11,10.40625,1
2026-08-10 13:52:11,10.40625,1
2026-08-10 13:52:11,9.734375,1
2026-08-10 13:52:11,9.734375,0
2026-08-10 13:52:11,9.46875,0
2026-08-10 13:52:11,9.46875,0
2026-08-10 13:52:11,9.375,0
2026-08-10 13:52:11,9.375,0
2026-08-10 13:52:11,9.3125,0
2026-08-10 13:52:11,9.3125,0
2026-08-10 13:52:11,9.4375,0
2026-08-10 13:52:11,9.4375,0
2026-08-10 13:52:12,9.328125,0
2026-08-10 13:52:12,9.328125,0
2026-08-10 13:52:12,9.234375,0
2026-08-10 13:52:12,9.234375,0
2026-08-10 13:52:12,5.234375,0
2026-08-10 13:52:12,5.234375,0
2026-08-10 13:52:12,5.125,0
2026-08-10 13:52:12,5.125,0
2026-08-10 13:52:12,4.953125,0
2026-08-10 13:52:12,4.953125,0
2026-08-10 13:52:12,1.140625,0
2026-08-10 13:52:12,1.140625,-1
2026-08-10 13:52:12,1.046875,-1
2026-08-10 13:52:12,1.046875,-1
2026-08-10 13:52:12,1.046875,-1
2026-08-10 13:52:12,1.046875,-1
2026-08-10 13:52:12,0.734375,-1
2026-08-10 13:52:12,0.734375,-1
2026-08-10 13:52:12,0.0,-1
2026-08-10 13:52:12,0.0,-1
2026-08-10 13:52:13,0.0,-1
2026-08-10 13:52:13,0.0,-1
2026-08-10 13:52:13,0.0,-1
2026-08-10 13:52:13,0.0,-1
2026-08-10 13:52:13,1.390625,-1
2026-08-10 13:52:13,1.390625,-1
2026-08-10 13:52:13,1.296875,-1
2026-08-10 13:52:13,1.296875,-1
2026-08-10 13:52:13,1.296875,-1
2026-08-10 13:52:13,1.296875,-1
2026-08-10 13:52:13,1.296875,-1
2026-08-10 13:52:13,1.296875,-1
2026-08-10 13:52:13,1.25,-1
2026-08-10 13:52:13,1.25,-1
2026-08-10 13:52:13,1.875,-1
2026-08-10 13:52:13,1.875,-1
2026-08-10 13:52:13,1.984375,-1
2026-08-10 13:52:13,1.984375,-1
2026-08-10 13:52:13,2.5,-1
2026-08-10 13:52:13,2.5,-1
2026-08-10 13:52:14,3.71875,-1
2026-08-10 13:52:14,3.71875,-1
2026-08-10 13:52:14,3.640625,-1
2026-08-10 13:52:14,3.640625,-1
2026-08-10 13:52:14,3.625,-1
2026-08-10 13:52:14,3.625,-1
2026-08-10 13:52:14,5.421875,-1
2026-08-10 13:52:14,5.421875,-1
2026-08-10 13:52:14,5.71875,-1
2026-08-10 13:52:14,5.71875,-1
2026-08-10 13:52:14,5.96875,-1
2026-08-10 13:52:14,5.96875,-1
2026-08-10 13:52:14,6.25,-1
2026-08-10 13:52:14,6.25,-1
2026-08-10 13:52:14,8.21875,-1
2026-08-10 13:52:14,8.21875,-1
2026-08-10 13:52:14,8.234375,-1
2026-08-10 13:52:14,8.234375,-1
2026-08-10 13:52:14,8.234375,-1
2026-08-10 13:52:14,8.234375,-1
2026-08-10 13:52:15,9.9375,-1
2026-08-10 13:52:15,9.9375,-1
2026-08-10 13:52:15,9.984375,-1
2026-08-10 13:52:15,9.984375,-1
2026-08-10 13:52:15,10.125,-1
2026-08-10 13:52:15,10.125,-1
2026-08-10 13:52:15,10.484375,-1
2026-08-10 13:52:15,10.484375,-1
2026-08-10 13:52:15,12.125,-1
2026-08-10 13:52:15,12.125,-1
2026-08-10 13:52:15,12.09375,-1
2026-08-10 13:52:15,12.09375,-1
2026-08-10 13:52:15,12.03125,-1
2026-08-10 13:52:15,12.03125,-1
2026-08-10 13:52:15,12.109375,-1
2026-08-10 13:52:15,12.109375,-1
2026-08-10 13:52:15,12.96875,-1
2026-08-10 13:52:15,12.96875,-1
2026-08-10 13:52:15,13.0,-1
2026-08-10 13:52:15,13.0,-1
2026-08-10 13:52:16,13.046875,-1
2026-08-10 13:52:16,13.046875,-1
2026-08-10 13:52:16,13.578125,-1
2026-08-10 13:52:16,13.578125,-1
2026-08-10 13:52:16,13.5625,-1
2026-08-10 13:52:16,13.5625,-1
2026-08-10 13:52:16,13.640625,-1
2026-08-10 13:52:16,13.640625,-1
2026-08-10 13:52:16,13.640625,-1
2026-08-10 13:52:16,13.640625,-1
2026-08-10 13:52:16,13.453125,-1
2026-08-10 13:52:16,13.453125,-1
2026-08-10 13:52:16,13.515625,-1
2026-08-10 13:52:16,13.515625,-1
2026-08-10 13:52:16,13.4375,-1
2026-08-10 13:52:16,13.4375,-1
2026-08-10 13:52:16,13.6875,-1
2026-08-10 13:52:16,13.6875,-1
2026-08-10 13:52:16,13.78125,-1
2026-08-10 13:52:16,13.78125,-1
2026-08-10 13:52:17,13.6875,-1
2026-08-10 13:52:17,13.6875,-1
2026-08-10 13:52:17,13.546875,-1
2026-08-10 13:52:17,13.546875,-1
2026-08-10 13:52:17,12.96875,-1
2026-08-10 13:52:17,12.96875,-1
2026-08-10 13:52:17,13.171875,-1
2026-08-10 13:52:17,13.171875,-1
2026-08-10 13:52:17,13.390625,-1
2026-08-10 13:52:17,13.390625,-1
2026-08-10 13:52:17,13.109375,-1
2026-08-10 13:52:17,13.109375,-1
2026-08-10 13:52:17,13.015625,-1
2026-08-10 13:52:17,13.015625,-1
2026-08-10 13:52:17,13.203125,-1
2026-08-10 13:52:17,13.203125,-1
2026-08-10 13:52:17,13.03125,-1
2026-08-10 13:52:17,13.03125,-1
2026-08-10 13:52:17,11.65625,-1
2026-08-10 13:52:17,11.65625,-1
2026-08-10 13:52:18,11.453125,-1
2026-08-10 13:52:18,11.453125,-1
2026-08-10 13:52:18,11.421875,-1
2026-08-10 13:52:18,11.421875,-1
2026-08-10 13:52:18,11.359375,-1
2026-08-10 13:52:18,11.359375,-1
2026-08-10 13:52:18,10.1875,-1
2026-08-10 13:52:18,10.1875,-1
2026-08-10 13:52:18,10.078125,-1
2026-08-10 13:52:18,10.078125,-1
2026-08-10 13:52:18,9.890625,-1
2026-08-10 13:52:18,9.890625,-1
2026-08-10 13:52:18,7.4375,-1
2026-08-10 13:52:18,7.4375,-1
2026-08-10 13:52:18,7.140625,-1
2026-08-10 13:52:18,7.140625,-1
2026-08-10 13:52:18,6.953125,-1
2026-08-10 13:52:18,6.953125,-1
2026-08-10 13:52:18,6.8125,-1
2026-08-10 13:52:18,6.8125,-1
2026-08-10 13:52:19,4.515625,-1
2026-08-10 13:52:19,4.515625,-1
2026-08-10 13:52:19,4.234375,-1
2026-08-10 13:52:19,4.234375,-1
2026-08-10 13:52:19,4.0,-1
2026-08-10 13:52:19,4.0,-1
2026-08-10 13:52:19,3.078125,-1
2026-08-10 13:52:19,3.078125,-1
2026-08-10 13:52:19,2.9375,-1
2026-08-10 13:52:19,2.9375,-1
2026-08-10 13:52:19,2.796875,-1
2026-08-10 13:52:19,2.796875,-1
2026-08-10 13:52:19,2.640625,-1
2026-08-10 13:52:19,2.640625,-1
2026-08-10 13:52:19,3.0625,-1
2026-08-10 13:52:19,3.0625,-1
2026-08-10 13:52:19,3.15625,-1
2026-08-10 13:52:19,3.15625,-1
2026-08-10 13:52:19,3.421875,-1
2026-08-10 13:52:19,3.421875,-1
2026-08-10 13:52:20,3.515625,-1
2026-08-10 13:52:20,3.515625,-1
2026-08-10 13:52:20,4.328125,-1
2026-08-10 13:52:20,4.328125,-1
2026-08-10 13:52:20,4.296875,-1
2026-08-10 13:52:20,4.296875,-1
2026-08-10 13:52:20,4.265625,-1
2026-08-10 13:52:20,4.265625,-1
2026-08-10 13:52:20,5.265625,-1
2026-08-10 13:52:20,5.265625,-1
2026-08-10 13:52:20,5.34375,-1
2026-08-10 13:52:20,5.34375,-1
2026-08-10 13:52:20,5.5,-1
2026-08-10 13:52:20,5.5,-1
2026-08-10 13:52:20,5.53125,-1
2026-08-10 13:52:20,5.53125,-1
2026-08-10 13:52:20,6.859375,-1
2026-08-10 13:52:20,6.859375,-1
2026-08-10 13:52:20,6.875,-1
2026-08-10 13:52:20,6.875,-1
2026-08-10 13:52:21,6.953125,-1
2026-08-10 13:52:21,6.953125,-1
2026-08-10 13:52:21,7.890625,-1
2026-08-10 13:52:21,7.890625,-1
2026-08-10 13:52:21,7.96875,-1
2026-08-10 13:52:21,7.96875,-1
2026-08-10 13:52:21,8.046875,-1
2026-08-10 13:52:21,8.046875,-1
2026-08-10 13:52:21,8.125,-1
2026-08-10 13:52:21,8.125,-1
2026-08-10 13:52:21,9.078125,-1
2026-08-10 13:52:21,9.078125,-1
2026-08-10 13:52:21,9.15625,-1
2026-08-10 13:52:21,9.15625,-1
2026-08-10 13:52:21,9.125,-1
2026-08-10 13:52:21,9.125,-1
2026-08-10 13:52:21,9.21875,-1
2026-08-10 13:52:21,9.21875,-1
2026-08-10 13:52:21,10.078125,-1
2026-08-10 13:52:21,10.078125,-1
2026-08-10 13:52:22,10.078125,-1
2026-08-10 13:52:22,10.078125,-1
2026-08-10 13:52:22,10.09375,-1
2026-08-10 13:52:22,10.09375,-1
2026-08-10 13:52:22,10.90625,-1
2026-08-10 13:52:22,10.90625,-1
2026-08-10 13:52:22,11.078125,-1
2026-08-10 13:52:22,11.078125,-1
2026-08-10 13:52:22,11.15625,-1
2026-08-10 13:52:22,11.15625,-1
2026-08-10 13:52:22,11.25,-1
2026-08-10 13:52:22,11.25,-1
2026-08-10 13:52:22,11.453125,-1
2026-08-10 13:52:22,11.453125,-1
2026-08-10 13:52:22,11.359375,-1
2026-08-10 13:52:22,11.359375,-1
2026-08-10 13:52:22,11.34375,-1
2026-08-10 13:52:22,11.34375,-1
2026-08-10 13:52:22,11.484375,-1
2026-08-10 13:52:22,11.484375,-1
2026-08-10 13:52:23,11.578125,-1
2026-08-10 13:52:23,11.578125,-1
2026-08-10 13:52:23,11.53125,-1
2026-08-10 13:52:23,11.53125,-1
2026-08-10 13:52:23,11.546875,-1
2026-08-10 13:52:23,11.546875,-1
2026-08-10 13:52:23,11.84375,-1
2026-08-10 13:52:23,11.84375,-1
2026-08-10 13:52:23,11.84375,-1
2026-08-10 13:52:23,11.84375,-1
2026-08-10 13:52:23,11.875,-1
2026-08-10 13:52:23,11.875,-1
2026-08-10 13:52:23,11.796875,-1
2026-08-10 13:52:23,11.796875,-1
2026-08-10 13:52:23,11.5,-1
2026-08-10 13:52:23,11.5,-1
2026-08-10 13:52:23,11.1875,-1
2026-08-10 13:52:23,11.1875,-1
2026-08-10 13:52:23,11.0,-1
2026-08-10 13:52:23,11.0,-1
2026-08-10 13:52:24,10.859375,-1
2026-08-10 13:52:24,10.859375,-1
2026-08-10 13:52:24,11.046875,-1
2026-08-10 13:52:24,11.046875,-1
2026-08-10 13:52:24,11.21875,-1
2026-08-10 13:52:24,11.21875,-1
2026-08-10 13:52:24,11.390625,-1
2026-08-10 13:52:24,11.390625,-1
2026-08-10 13:52:24,10.640625,-1
2026-08-10 13:52:24,10.640625,-1
2026-08-10 13:52:24,10.46875,-1
2026-08-10 13:52:24,10.46875,-1
2026-08-10 13:52:24,10.21875,-1
2026-08-10 13:52:24,10.21875,-1
2026-08-10 13:52:24,8.90625,-1
2026-08-10 13:52:24,8.90625,-1
2026-08-10 13:52:24,8.8125,-1
2026-08-10 13:52:24,8.8125,-1
2026-08-10 13:52:24,8.8125,-1
2026-08-10 13:52:24,8.8125,-1
2026-08-10 13:52:25,8.96875,-1
2026-08-10 13:52:25,8.96875,-1
2026-08-10 13:52:25,8.578125,-1
2026-08-10 13:52:25,8.578125,-1
2026-08-10 13:52:25,8.546875,-1
2026-08-10 13:52:25,8.546875,-1
2026-08-10 13:52:25,8.53125,-1
2026-08-10 13:52:25,8.53125,-1
2026-08-10 13:52:25,7.375,-1
2026-08-10 13:52:25,7.375,-1
2026-08-10 13:52:25,7.1875,-1
2026-08-10 13:52:25,7.1875,-1
2026-08-10 13:52:25,7.140625,-1
2026-08-10 13:52:25,7.140625,-1
2026-08-10 13:52:25,7.140625,-1
2026-08-10 13:52:25,7.140625,-1
2026-08-10 13:52:25,6.734375,-1
2026-08-10 13:52:25,6.734375,-1
2026-08-10 13:52:25,6.8125,-1
2026-08-10 13:52:25,6.8125,-1
2026-08-10 13:52:26,6.828125,-1
2026-08-10 13:52:26,6.828125,-1
2026-08-10 13:52:26,6.765625,-1
2026-08-10 13:52:26,6.765625,-1
2026-08-10 13:52:26,6.125,-1
2026-08-10 13:52:26,6.125,-1
2026-08-10 13:52:26,5.984375,-1
2026-08-10 13:52:26,5.984375,-1
2026-08-10 13:52:26,5.890625,-1
2026-08-10 13:52:26,5.890625,-1
2026-08-10 13:52:26,5.703125,-1
2026-08-10 13:52:26,5.703125,-1
2026-08-10 13:52:26,5.71875,-1
2026-08-10 13:52:26,5.71875,-1
2026-08-10 13:52:26,5.71875,-1
2026-08-10 13:52:26,5.71875,-1
2026-08-10 13:52:26,5.71875,-1
2026-08-10 13:52:26,5.71875,-1
2026-08-10 13:52:26,5.296875,-1
2026-08-10 13:52:26,5.296875,-1
2026-08-10 13:52:27,5.28125,-1
2026-08-10 13:52:27,5.28125,-1
2026-08-10 13:52:27,5.171875,-1
2026-08-10 13:52:27,5.171875,-1
2026-08-10 13:52:27,4.1875,-1
2026-08-10 13:52:27,4.1875,-1
2026-08-10 13:52:27,4.140625,-1
2026-08-10 13:52:27,4.140625,-1
2026-08-10 13:52:27,4.078125,-1
2026-08-10 13:52:27,4.078125,-1
2026-08-10 13:52:27,4.015625,-1
2026-08-10 13:52:27,4.015625,-1
2026-08-10 13:52:27,2.9375,-1
2026-08-10 13:52:27,2.9375,-1
2026-08-10 13:52:27,2.921875,-1
2026-08-10 13:52:27,2.921875,-1
2026-08-10 13:52:27,2.875,-1
2026-08-10 13:52:27,2.875,-1
2026-08-10 13:52:27,2.1875,-1
2026-08-10 13:52:27,2.1875,-1
2026-08-10 13:52:28,2.109375,-1
2026-08-10 13:52:28,2.109375,-1
2026-08-10 13:52:28,2.03125,-1
2026-08-10 13:52:28,2.03125,-1
2026-08-10 13:52:28,2.0,-1
2026-08-10 13:52:28,2.0,-1
2026-08-10 13:52:28,1.484375,-1
2026-08-10 13:52:28,1.484375,-1
2026-08-10 13:52:28,1.5,-1
2026-08-10 13:52:28,1.5,-1
2026-08-10 13:52:28,1.53125,-1
2026-08-10 13:52:28,1.53125,-1
2026-08-10 13:52:28,1.53125,-1
2026-08-10 13:52:28,1.53125,-1
2026-08-10 13:52:28,1.3125,-1
2026-08-10 13:52:28,1.3125,-1
2026-08-10 13:52:28,1.3125,-1
2026-08-10 13:52:28,1.3125,-1
2026-08-10 13:52:28,1.203125,-1
2026-08-10 13:52:28,1.203125,-1
2026-08-10 13:52:29,1.78125,-1
2026-08-10 13:52:29,1.78125,-1
2026-08-10 13:52:29,1.84375,-1
2026-08-10 13:52:29,1.84375,-1
2026-08-10 13:52:29,1.875,-1
2026-08-10 13:52:29,1.875,-1
2026-08-10 13:52:29,1.875,-1
2026-08-10 13:52:29,1.875,-1
2026-08-10 13:52:29,2.828125,-1
2026-08-10 13:52:29,2.828125,-1
2026-08-10 13:52:29,2.859375,-1
2026-08-10 13:52:29,2.859375,-1
2026-08-10 13:52:29,2.890625,-1
2026-08-10 13:52:29,2.890625,-1
2026-08-10 13:52:29,4.609375,-1
2026-08-10 13:52:29,4.609375,-1
2026-08-10 13:52:29,4.734375,-1
2026-08-10 13:52:29,4.734375,-1
2026-08-10 13:52:29,4.875,-1
2026-08-10 13:52:29,4.875,-1
2026-08-10 13:52:30,4.953125,-1
2026-08-10 13:52:30,4.953125,-1
2026-08-10 13:52:30,6.53125,-1
2026-08-10 13:52:30,6.53125,-1
2026-08-10 13:52:30,6.53125,-1
2026-08-10 13:52:30,6.53125,-1
2026-08-10 13:52:30,6.546875,-1
2026-08-10 13:52:30,6.546875,-1
2026-08-10 13:52:30,6.59375,-1
2026-08-10 13:52:30,6.59375,-1
2026-08-10 13:52:30,8.578125,-1
2026-08-10 13:52:30,8.578125,-1
2026-08-10 13:52:30,8.609375,-1
2026-08-10 13:52:30,8.609375,-1
2026-08-10 13:52:30,8.65625,-1
2026-08-10 13:52:30,8.65625,-1
2026-08-10 13:52:30,10.46875,-1
2026-08-10 13:52:30,10.46875,-1
2026-08-10 13:52:30,10.734375,-1
2026-08-10 13:52:30,10.734375,-1
2026-08-10 13:52:31,10.890625,-1
2026-08-10 13:52:31,10.890625,-1
2026-08-10 13:52:31,11.03125,-1
2026-08-10 13:52:31,11.03125,-1
2026-08-10 13:52:31,12.59375,-1
2026-08-10 13:52:31,12.59375,-1
2026-08-10 13:52:31,12.6875,-1
2026-08-10 13:52:31,12.6875,-1
2026-08-10 13:52:31,12.734375,-1
2026-08-10 13:52:31,12.734375,-1
2026-08-10 13:52:31,11.953125,-1
2026-08-10 13:52:31,11.953125,-1
2026-08-10 13:52:31,12.125,-1
2026-08-10 13:52:31,12.125,-1
2026-08-10 13:52:31,12.53125,-1
2026-08-10 13:52:31,12.53125,-1
2026-08-10 13:52:31,13.453125,-1
2026-08-10 13:52:31,13.453125,-1
2026-08-10 13:52:31,13.375,-1
2026-08-10 13:52:31,13.375,-1
2026-08-10 13:52:32,13.65625,-1
2026-08-10 13:52:32,13.65625,-1
2026-08-10 13:52:32,13.6875,-1
2026-08-10 13:52:32,13.6875,-1
2026-08-10 13:52:32,13.8125,-1
2026-08-10 13:52:32,13.8125,-1
2026-08-10 13:52:32,12.578125,-1
2026-08-10 13:52:32,12.578125,-1
2026-08-10 13:52:32,12.21875,-1
2026-08-10 13:52:32,12.21875,-1
2026-08-10 13:52:32,12.140625,-1
2026-08-10 13:52:32,12.140625,-1
2026-08-10 13:52:32,12.078125,-1
2026-08-10 13:52:32,12.078125,-1
2026-08-10 13:52:32,11.71875,-1
2026-08-10 13:52:32,11.71875,-1
2026-08-10 13:52:32,11.890625,-1
2026-08-10 13:52:32,11.890625,-1
2026-08-10 13:52:32,11.9375,-1
2026-08-10 13:52:32,11.9375,-1
2026-08-10 13:52:33,11.890625,-1
2026-08-10 13:52:33,11.890625,-1
2026-08-10 13:52:33,11.84375,-1
2026-08-10 13:52:33,11.84375,-1
2026-08-10 13:52:33,11.765625,-1
2026-08-10 13:52:33,11.765625,-1
2026-08-10 13:52:33,12.5,-1
2026-08-10 13:52:33,12.5,-1
2026-08-10 13:52:33,12.515625,-1
2026-08-10 13:52:33,12.515625,-1
2026-08-10 13:52:33,12.46875,-1
2026-08-10 13:52:33,12.46875,-1
2026-08-10 13:52:33,12.5,-1
2026-08-10 13:52:33,12.5,-1
2026-08-10 13:52:33,13.578125,-1
2026-08-10 13:52:33,13.578125,-1
2026-08-10 13:52:33,13.75,-1
2026-08-10 13:52:33,13.75,-1
2026-08-10 13:52:33,13.859375,-1
2026-08-10 13:52:33,13.859375,-1
2026-08-10 13:52:34,13.59375,-1
2026-08-10 13:52:34,13.59375,-1
2026-08-10 13:52:34,13.453125,-1
2026-08-10 13:52:34,13.453125,-1
2026-08-10 13:52:34,13.78125,-1
2026-08-10 13:52:34,13.78125,-1
2026-08-10 13:52:34,13.90625,-1
2026-08-10 13:52:34,13.90625,-1
2026-08-10 13:52:34,13.390625,-1
2026-08-10 13:52:34,13.390625,-1
2026-08-10 13:52:34,13.546875,-1
2026-08-10 13:52:34,13.546875,-1
2026-08-10 13:52:34,13.515625,-1
2026-08-10 13:52:34,13.515625,-1
2026-08-10 13:52:34,13.4375,-1
2026-08-10 13:52:34,13.4375,-1
2026-08-10 13:52:34,12.75,-1
2026-08-10 13:52:34,12.75,-1
2026-08-10 13:52:34,12.71875,-1
2026-08-10 13:52:34,12.71875,-1
2026-08-10 13:52:35,12.796875,-1
2026-08-10 13:52:35,12.796875,-1
2026-08-10 13:52:35,13.21875,-1
2026-08-10 13:52:35,13.21875,-1
2026-08-10 13:52:35,13.140625,-1
2026-08-10 13:52:35,13.140625,-1
2026-08-10 13:52:35,13.078125,-1
2026-08-10 13:52:35,13.078125,-1
2026-08-10 13:52:35,12.875,-1
2026-08-10 13:52:35,12.875,-1
2026-08-10 13:52:35,12.875,-1
2026-08-10 13:52:35,12.875,-1
2026-08-10 13:52:35,12.875,-1
2026-08-10 13:52:35,12.875,-1
2026-08-10 13:52:35,12.9375,-1
2026-08-10 13:52:35,12.9375,-1
2026-08-10 13:52:35,12.828125,-1
2026-08-10 13:52:35,12.828125,-1
2026-08-10 13:52:35,12.765625,-1
2026-08-10 13:52:35,12.765625,-1
2026-08-10 13:52:36,12.734375,-1
2026-08-10 13:52:36,12.734375,-1
2026-08-10 13:52:36,12.625,-1
2026-08-10 13:52:36,12.625,-1
2026-08-10 13:52:36,12.078125,-1
2026-08-10 13:52:36,12.078125,-1
2026-08-10 13:52:36,12.109375,-1
2026-08-10 13:52:36,12.109375,-1
2026-08-10 13:52:36,12.078125,-1
2026-08-10 13:52:36,12.078125,-1
2026-08-10 13:52:36,12.015625,-1
2026-08-10 13:52:36,12.015625,-1
2026-08-10 13:52:36,11.984375,-1
2026-08-10 13:52:36,11.984375,-1
2026-08-10 13:52:36,12.015625,-1
2026-08-10 13:52:36,12.015625,-1
2026-08-10 13:52:36,11.984375,-1
2026-08-10 13:52:36,11.984375,-1
2026-08-10 13:52:36,13.109375,-1
2026-08-10 13:52:36,13.109375,-1
2026-08-10 13:52:37,12.875,-1
2026-08-10 13:52:37,12.875,-1
2026-08-10 13:52:37,12.734375,-1
2026-08-10 13:52:37,12.734375,-1
2026-08-10 13:52:37,14.765625,-1
2026-08-10 13:52:37,14.765625,-1
2026-08-10 13:52:37,15.265625,-1
2026-08-10 13:52:37,15.265625,-1
2026-08-10 13:52:37,15.828125,-1
2026-08-10 13:52:37,15.828125,-1
2026-08-10 13:52:37,16.578125,-1
2026-08-10 13:52:37,16.578125,-1
2026-08-10 13:52:37,17.09375,-1
2026-08-10 13:52:37,17.09375,-1
2026-08-10 13:52:37,17.203125,-1
2026-08-10 13:52:37,17.203125,-1
2026-08-10 13:52:37,17.140625,-1
2026-08-10 13:52:37,17.140625,-1
2026-08-10 13:52:37,17.09375,-1
2026-08-10 13:52:37,17.09375,-1
2026-08-10 13:52:38,17.46875,-1
2026-08-10 13:52:38,17.46875,-1
2026-08-10 13:52:38,17.390625,-1
2026-08-10 13:52:38,17.390625,-1
2026-08-10 13:52:38,17.40625,-1
2026-08-10 13:52:38,17.40625,-1
2026-08-10 13:52:38,17.453125,-1
2026-08-10 13:52:38,17.453125,-1
2026-08-10 13:52:38,17.421875,-1
2026-08-10 13:52:38,17.421875,-1
2026-08-10 13:52:38,17.453125,-1
2026-08-10 13:52:38,17.453125,-1
2026-08-10 13:52:38,17.703125,-1
2026-08-10 13:52:38,17.703125,-1
2026-08-10 13:52:38,17.875,-1
2026-08-10 13:52:38,17.875,-1
2026-08-10 13:52:38,17.734375,-1
2026-08-10 13:52:38,17.734375,-1
2026-08-10 13:52:38,17.640625,-1
2026-08-10 13:52:38,17.640625,-1
2026-08-10 13:52:39,17.140625,-1
2026-08-10 13:52:39,17.140625,-1
2026-08-10 13:52:39,16.921875,-1
2026-08-10 13:52:39,16.921875,-1
2026-08-10 13:52:39,17.015625,-1
2026-08-10 13:52:39,17.015625,-1
2026-08-10 13:52:39,16.0,-1
2026-08-10 13:52:39,16.0,-1
2026-08-10 13:52:39,16.109375,-1
2026-08-10 13:52:39,16.109375,-1
2026-08-10 13:52:39,16.015625,-1
2026-08-10 13:52:39,16.015625,-1
2026-08-10 13:52:39,15.953125,-1
2026-08-10 13:52:39,15.953125,-1
2026-08-10 13:52:39,15.015625,-1
2026-08-10 13:52:39,15.015625,-1
2026-08-10 13:52:39,15.125,-1
2026-08-10 13:52:39,15.125,-1
2026-08-10 13:52:39,15.09375,-1
2026-08-10 13:52:39,15.09375,-1
2026-08-10 13:52:40,16.046875,-1
2026-08-10 13:52:40,16.046875,-1
2026-08-10 13:52:40,16.125,-1
2026-08-10 13:52:40,16.125,-1
2026-08-10 13:52:40,16.109375,-1
2026-08-10 13:52:40,16.109375,-1
2026-08-10 13:52:40,16.15625,-1
2026-08-10 13:52:40,16.15625,-1
2026-08-10 13:52:40,14.5,-1
2026-08-10 13:52:40,14.5,-1
2026-08-10 13:52:40,14.53125,-1
2026-08-10 13:52:40,14.53125,-1
2026-08-10 13:52:40,14.546875,-1
2026-08-10 13:52:40,14.546875,-1
2026-08-10 13:52:40,14.5625,-1
2026-08-10 13:52:40,14.5625,-1
2026-08-10 13:52:40,14.421875,-1
2026-08-10 13:52:40,14.421875,-1
2026-08-10 13:52:40,14.25,-1
2026-08-10 13:52:40,14.25,-1
2026-08-10 13:52:41,13.765625,-1
2026-08-10 13:52:41,13.765625,-1
2026-08-10 13:52:41,13.359375,-1
2026-08-10 13:52:41,13.359375,-1
2026-08-10 13:52:41,13.375,-1
2026-08-10 13:52:41,13.375,-1
2026-08-10 13:52:41,13.609375,-1
2026-08-10 13:52:41,13.609375,-1
2026-08-10 13:52:41,13.796875,-1
2026-08-10 13:52:41,13.796875,-1
2026-08-10 13:52:41,14.8125,-1
2026-08-10 13:52:41,14.8125,-1
2026-08-10 13:52:41,14.765625,-1
2026-08-10 13:52:41,14.765625,-1
2026-08-10 13:52:41,14.703125,-1
2026-08-10 13:52:41,14.703125,-1
2026-08-10 13:52:41,14.703125,-1
2026-08-10 13:52:41,14.703125,-1
2026-08-10 13:52:41,15.046875,-1
2026-08-10 13:52:41,15.046875,-1
2026-08-10 13:52:42,14.984375,-1
2026-08-10 13:52:42,14.984375,-1
2026-08-10 13:52:42,14.96875,-1
2026-08-10 13:52:42,14.96875,-1
2026-08-10 13:52:42,16.453125,-1
2026-08-10 13:52:42,16.453125,-1
2026-08-10 13:52:42,16.4375,-1
2026-08-10 13:52:42,16.4375,-1
2026-08-10 13:52:42,16.53125,-1
2026-08-10 13:52:42,16.53125,-1
2026-08-10 13:52:42,17.015625,-1
2026-08-10 13:52:42,17.015625,-1
2026-08-10 13:52:42,17.171875,-1
2026-08-10 13:52:42,17.171875,-1
2026-08-10 13:52:42,17.1875,-1
2026-08-10 13:52:42,17.1875,-1
2026-08-10 13:52:42,17.21875,-1
2026-08-10 13:52:42,17.21875,-1
2026-08-10 13:52:42,17.53125,-1
2026-08-10 13:52:42,17.53125,-1
2026-08-10 13:52:43,17.609375,-1
2026-08-10 13:52:43,17.609375,-1
2026-08-10 13:52:43,17.328125,-1
2026-08-10 13:52:43,17.328125,-1
2026-08-10 13:52:43,17.375,-1
2026-08-10 13:52:43,17.375,-1
2026-08-10 13:52:43,17.453125,-1
2026-08-10 13:52:43,17.453125,-1
2026-08-10 13:52:43,17.625,-1
2026-08-10 13:52:43,17.625,-1
2026-08-10 13:52:43,17.671875,-1
2026-08-10 13:52:43,17.671875,-1
2026-08-10 13:52:43,17.015625,-1
2026-08-10 13:52:43,17.015625,-1
2026-08-10 13:52:43,16.453125,-1
2026-08-10 13:52:43,16.453125,-1
2026-08-10 13:52:43,16.03125,-1
2026-08-10 13:52:43,16.03125,-1
2026-08-10 13:52:43,15.203125,-1
2026-08-10 13:52:43,15.203125,-1
2026-08-10 13:52:44,15.171875,-1
2026-08-10 13:52:44,15.171875,-1
2026-08-10 13:52:44,15.171875,-1
2026-08-10 13:52:44,15.171875,-1
2026-08-10 13:52:44,15.171875,-1
2026-08-10 13:52:44,15.171875,-1
2026-08-10 13:52:44,14.703125,-1
2026-08-10 13:52:44,14.703125,-1
2026-08-10 13:52:44,14.515625,-1
2026-08-10 13:52:44,14.515625,-1
2026-08-10 13:52:44,14.46875,-1
2026-08-10 13:52:44,14.46875,-1
2026-08-10 13:52:44,14.21875,-1
2026-08-10 13:52:44,14.21875,-1
2026-08-10 13:52:44,13.96875,-1
2026-08-10 13:52:44,13.96875,-1
2026-08-10 13:52:44,14.171875,-1
2026-08-10 13:52:44,14.171875,-1
2026-08-10 13:52:44,14.40625,-1
2026-08-10 13:52:44,14.40625,-1
2026-08-10 13:52:45,15.96875,-1
2026-08-10 13:52:45,15.96875,-1
2026-08-10 13:52:45,16.15625,-1
2026-08-10 13:52:45,16.15625,-1
2026-08-10 13:52:45,16.265625,-1
2026-08-10 13:52:45,16.265625,-1
2026-08-10 13:52:45,16.28125,-1
2026-08-10 13:52:45,16.28125,-1
2026-08-10 13:52:45,16.46875,-1
2026-08-10 13:52:45,16.46875,-1
2026-08-10 13:52:45,16.578125,-1
2026-08-10 13:52:45,16.578125,-1
2026-08-10 13:52:45,16.546875,-1
2026-08-10 13:52:45,16.546875,-1
2026-08-10 13:52:45,16.78125,-1
2026-08-10 13:52:45,16.78125,-1
2026-08-10 13:52:45,16.6875,-1
2026-08-10 13:52:45,16.6875,-1
2026-08-10 13:52:45,16.765625,-1
2026-08-10 13:52:45,16.765625,-1
2026-08-10 13:52:46,16.703125,-1
2026-08-10 13:52:46,16.703125,-1
2026-08-10 13:52:46,16.125,-1
2026-08-10 13:52:46,16.125,-1
2026-08-10 13:52:46,16.140625,-1
2026-08-10 13:52:46,16.140625,-1
2026-08-10 13:52:46,16.25,-1
2026-08-10 13:52:46,16.25,-1
2026-08-10 13:52:46,16.25,-1
2026-08-10 13:52:46,16.25,-1
2026-08-10 13:52:46,17.046875,-1
2026-08-10 13:52:46,17.046875,-1
2026-08-10 13:52:46,17.078125,-1
2026-08-10 13:52:46,17.078125,-1
2026-08-10 13:52:46,17.015625,-1
2026-08-10 13:52:46,17.015625,-1
2026-08-10 13:52:46,17.953125,-1
2026-08-10 13:52:46,17.953125,-1
2026-08-10 13:52:46,17.953125,-1
2026-08-10 13:52:46,17.953125,-1
2026-08-10 13:52:47,17.8125,-1
2026-08-10 13:52:47,17.8125,-1
2026-08-10 13:52:47,18.109375,-1
2026-08-10 13:52:47,18.109375,-1
2026-08-10 13:52:47,18.0625,-1
2026-08-10 13:52:47,18.0625,-1
2026-08-10 13:52:47,17.890625,-1
2026-08-10 13:52:47,17.890625,-1
2026-08-10 13:52:47,17.984375,-1
2026-08-10 13:52:47,17.984375,-1
2026-08-10 13:52:47,17.84375,-1
2026-08-10 13:52:47,17.84375,-1
2026-08-10 13:52:47,17.6875,-1
2026-08-10 13:52:47,17.6875,-1
2026-08-10 13:52:47,17.5,-1
2026-08-10 13:52:47,17.5,-1
2026-08-10 13:52:47,17.515625,-1
2026-08-10 13:52:47,17.515625,-1
2026-08-10 13:52:47,16.484375,-1
2026-08-10 13:52:47,16.484375,-1
2026-08-10 13:52:48,16.40625,-1
2026-08-10 13:52:48,16.40625,-1
2026-08-10 13:52:48,16.4375,-1
2026-08-10 13:52:48,16.4375,-1
2026-08-10 13:52:48,15.796875,-1
2026-08-10 13:52:48,15.796875,-1
2026-08-10 13:52:48,15.765625,-1
2026-08-10 13:52:48,15.765625,-1
2026-08-10 13:52:48,15.71875,-1
2026-08-10 13:52:48,15.71875,-1
2026-08-10 13:52:48,15.59375,-1
2026-08-10 13:52:48,15.59375,-1
2026-08-10 13:52:48,15.234375,-1
2026-08-10 13:52:48,15.234375,-1
2026-08-10 13:52:48,15.1875,-1
2026-08-10 13:52:48,15.1875,-1
2026-08-10 13:52:48,15.125,-1
2026-08-10 13:52:48,15.125,-1
2026-08-10 13:52:48,14.734375,-1
2026-08-10 13:52:48,14.734375,-1
2026-08-10 13:52:49,14.546875,-1
2026-08-10 13:52:49,14.546875,-1
2026-08-10 13:52:49,14.515625,-1
2026-08-10 13:52:49,14.515625,-1
2026-08-10 13:52:49,14.3125,-1
2026-08-10 13:52:49,14.3125,-1
2026-08-10 13:52:49,13.296875,-1
2026-08-10 13:52:49,13.296875,-1
2026-08-10 13:52:49,13.109375,-1
2026-08-10 13:52:49,13.109375,-1
2026-08-10 13:52:49,13.25,-1
2026-08-10 13:52:49,13.25,-1
2026-08-10 13:52:49,13.0625,-1
2026-08-10 13:52:49,13.0625,-1
2026-08-10 13:52:49,10.296875,-1
2026-08-10 13:52:49,10.296875,-1
2026-08-10 13:52:49,10.09375,-1
2026-08-10 13:52:49,10.09375,-1
2026-08-10 13:52:49,9.859375,-1
2026-08-10 13:52:49,9.859375,-1
2026-08-10 13:52:50,5.609375,-1
2026-08-10 13:52:50,5.609375,-1
2026-08-10 13:52:50,5.1875,-1
2026-08-10 13:52:50,5.1875,-1
2026-08-10 13:52:50,4.953125,-1
2026-08-10 13:52:50,4.953125,-1
2026-08-10 13:52:50,4.78125,-1
2026-08-10 13:52:50,4.78125,-1
2026-08-10 13:52:50,1.703125,-1
2026-08-10 13:52:50,1.703125,-1
2026-08-10 13:52:50,1.5625,-1
2026-08-10 13:52:50,1.5625,-1
2026-08-10 13:52:50,1.390625,-1
2026-08-10 13:52:50,1.390625,-1
2026-08-10 13:52:50,0.0,-1
2026-08-10 13:52:50,0.0,-1
2026-08-10 13:52:50,0.0,-1
2026-08-10 13:52:50,0.0,0
2026-08-10 13:52:50,0.0,0
2026-08-10 13:52:50,0.0,0
2026-08-10 13:52:51,0.0,0
2026-08-10 13:52:51,0.0,0
2026-08-10 13:52:51,0.0,0
2026-08-10 13:52:51,0.0,1
2026-08-10 13:52:51,0.0,1
2026-08-10 13:52:51,0.0,1
2026-08-10 13:52:51,0.0,1
2026-08-10 13:52:51,0.0,1
2026-08-10 13:52:51,0.0,1
2026-08-10 13:52:51,0.0,1
2026-08-10 13:52:51,1.21875,1
2026-08-10 13:52:51,1.21875,1
2026-08-10 13:52:51,1.21875,1
2026-08-10 13:52:51,1.21875,1
2026-08-10 13:52:51,0.875,1
2026-08-10 13:52:51,0.875,1
2026-08-10 13:52:51,0.0,1
2026-08-10 13:52:51,0.0,1
2026-08-10 13:52:51,0.0,1
2026-08-10 13:52:51,0.0,1
2026-08-10 13:52:52,0.0,1
2026-08-10 13:52:52,0.0,1
2026-08-10 13:52:52,0.859375,1
2026-08-10 13:52:52,0.859375,1
2026-08-10 13:52:52,1.28125,1
2026-08-10 13:52:52,1.28125,1
2026-08-10 13:52:52,1.421875,1
2026-08-10 13:52:52,1.421875,1
2026-08-10 13:52:52,1.609375,1
2026-08-10 13:52:52,1.609375,1
2026-08-10 13:52:52,3.1875,1
2026-08-10 13:52:52,3.1875,1
2026-08-10 13:52:52,3.171875,1
2026-08-10 13:52:52,3.171875,1
2026-08-10 13:52:52,3.25,1
2026-08-10 13:52:52,3.25,1
2026-08-10 13:52:52,3.28125,1
2026-08-10 13:52:52,3.28125,1
2026-08-10 13:52:52,6.8125,1
2026-08-10 13:52:52,6.8125,1
2026-08-10 13:52:53,8.125,1
2026-08-10 13:52:53,8.125,1
2026-08-10 13:52:53,9.078125,1
2026-08-10 13:52:53,9.078125,1
2026-08-10 13:52:53,11.78125,1
2026-08-10 13:52:53,11.78125,1
2026-08-10 13:52:53,11.78125,1
2026-08-10 13:52:53,11.78125,1
2026-08-10 13:52:53,11.625,1
2026-08-10 13:52:53,11.625,1
2026-08-10 13:52:53,11.53125,1
2026-08-10 13:52:53,11.53125,1
2026-08-10 13:52:53,14.046875,1
2026-08-10 13:52:53,14.046875,1
2026-08-10 13:52:53,13.953125,1
2026-08-10 13:52:53,13.953125,1
2026-08-10 13:52:53,14.21875,1
2026-08-10 13:52:53,14.21875,1
2026-08-10 13:52:53,16.6875,1
2026-08-10 13:52:53,16.6875,1
2026-08-10 13:52:54,16.59375,1
2026-08-10 13:52:54,16.59375,1
2026-08-10 13:52:54,16.65625,1
2026-08-10 13:52:54,16.65625,1
2026-08-10 13:52:54,16.71875,1
2026-08-10 13:52:54,16.71875,1
2026-08-10 13:52:54,20.703125,1
2026-08-10 13:52:54,20.703125,1
2026-08-10 13:52:54,20.875,1
2026-08-10 13:52:54,20.875,1
2026-08-10 13:52:54,21.3125,1
2026-08-10 13:52:54,21.3125,1
2026-08-10 13:52:54,25.03125,1
2026-08-10 13:52:54,25.03125,1
2026-08-10 13:52:54,25.375,1
2026-08-10 13:52:54,25.375,1
2026-08-10 13:52:54,25.546875,1
2026-08-10 13:52:54,25.546875,1
2026-08-10 13:52:54,25.8125,1
2026-08-10 13:52:54,25.8125,1
2026-08-10 13:52:55,28.65625,1
2026-08-10 13:52:55,28.65625,1
2026-08-10 13:52:55,28.71875,1
2026-08-10 13:52:55,28.71875,1
2026-08-10 13:52:55,28.90625,1
2026-08-10 13:52:55,28.90625,1
2026-08-10 13:52:55,28.921875,1
2026-08-10 13:52:55,28.921875,1
2026-08-10 13:52:55,30.140625,1
2026-08-10 13:52:55,30.140625,1
2026-08-10 13:52:55,30.328125,1
2026-08-10 13:52:55,30.328125,1
2026-08-10 13:52:55,30.1875,1
2026-08-10 13:52:55,30.1875,1
2026-08-10 13:52:55,28.953125,1
2026-08-10 13:52:55,28.953125,1
2026-08-10 13:52:55,28.84375,1
2026-08-10 13:52:55,28.84375,1
2026-08-10 13:52:55,28.71875,1
2026-08-10 13:52:55,28.71875,1
2026-08-10 13:52:56,28.546875,1
2026-08-10 13:52:56,28.546875,1
2026-08-10 13:52:56,26.125,1
2026-08-10 13:52:56,26.125,1
2026-08-10 13:52:56,26.0625,1
2026-08-10 13:52:56,26.0625,1
2026-08-10 13:52:56,26.09375,1
2026-08-10 13:52:56,26.09375,1
2026-08-10 13:52:56,24.5,1
2026-08-10 13:52:56,24.5,1
2026-08-10 13:52:56,24.421875,1
2026-08-10 13:52:56,24.421875,1
2026-08-10 13:52:56,24.390625,1
2026-08-10 13:52:56,24.390625,1
2026-08-10 13:52:56,24.34375,1
2026-08-10 13:52:56,24.34375,1
2026-08-10 13:52:56,23.65625,1
2026-08-10 13:52:56,23.65625,1
2026-08-10 13:52:56,23.65625,1
2026-08-10 13:52:56,23.65625,1
2026-08-10 13:52:57,23.609375,1
2026-08-10 13:52:57,23.609375,1
2026-08-10 13:52:57,23.484375,1
2026-08-10 13:52:57,23.484375,1
2026-08-10 13:52:57,23.203125,1
2026-08-10 13:52:57,23.203125,1
2026-08-10 13:52:57,23.21875,1
2026-08-10 13:52:57,23.21875,1
2026-08-10 13:52:57,23.1875,1
2026-08-10 13:52:57,23.1875,1
2026-08-10 13:52:57,22.9375,1
2026-08-10 13:52:57,22.9375,1
2026-08-10 13:52:57,22.90625,1
2026-08-10 13:52:57,22.90625,1
2026-08-10 13:52:57,22.921875,1
2026-08-10 13:52:57,22.921875,1
2026-08-10 13:52:57,22.921875,1
2026-08-10 13:52:57,22.921875,1
2026-08-10 13:52:57,21.828125,1
2026-08-10 13:52:57,21.828125,1
2026-08-10 13:52:58,21.96875,1
2026-08-10 13:52:58,21.96875,1
2026-08-10 13:52:58,22.28125,1
2026-08-10 13:52:58,22.28125,1
2026-08-10 13:52:58,21.734375,1
2026-08-10 13:52:58,21.734375,1
2026-08-10 13:52:58,21.75,1
2026-08-10 13:52:58,21.75,1
2026-08-10 13:52:58,21.6875,1
2026-08-10 13:52:58,21.6875,1
2026-08-10 13:52:58,21.84375,1
2026-08-10 13:52:58,21.84375,1
2026-08-10 13:52:58,21.546875,1
2026-08-10 13:52:58,21.546875,1
2026-08-10 13:52:58,21.546875,1
2026-08-10 13:52:58,21.546875,1
2026-08-10 13:52:58,21.4375,1
2026-08-10 13:52:58,21.4375,1
2026-08-10 13:52:58,21.453125,1
2026-08-10 13:52:58,21.453125,1
2026-08-10 13:52:59,21.625,1
2026-08-10 13:52:59,21.625,1
2026-08-10 13:52:59,21.625,1
2026-08-10 13:52:59,21.625,1
2026-08-10 13:52:59,21.5625,1
2026-08-10 13:52:59,21.5625,1
2026-08-10 13:52:59,21.796875,1
2026-08-10 13:52:59,21.796875,1
2026-08-10 13:52:59,21.875,1
2026-08-10 13:52:59,21.875,1
2026-08-10 13:52:59,21.859375,1
2026-08-10 13:52:59,21.859375,1
2026-08-10 13:52:59,21.90625,1
2026-08-10 13:52:59,21.90625,1
2026-08-10 13:52:59,21.875,1
2026-08-10 13:52:59,21.875,1
2026-08-10 13:52:59,21.796875,1
2026-08-10 13:52:59,21.796875,1
2026-08-10 13:52:59,21.734375,1
2026-08-10 13:52:59,21.734375,1
2026-08-10 13:53:00,21.890625,1
2026-08-10 13:53:00,21.890625,1
2026-08-10 13:53:00,21.59375,1
2026-08-10 13:53:00,21.59375,1
2026-08-10 13:53:00,21.90625,1
2026-08-10 13:53:00,21.90625,1
2026-08-10 13:53:00,21.984375,1
2026-08-10 13:53:00,21.984375,1
2026-08-10 13:53:00,22.265625,1
2026-08-10 13:53:00,22.265625,1
2026-08-10 13:53:00,22.375,1
2026-08-10 13:53:00,22.375,1
2026-08-10 13:53:00,22.421875,1
2026-08-10 13:53:00,22.421875,1
2026-08-10 13:53:00,22.09375,1
2026-08-10 13:53:00,22.09375,1
2026-08-10 13:53:00,22.03125,1
2026-08-10 13:53:00,22.03125,1
2026-08-10 13:53:00,21.984375,1
2026-08-10 13:53:00,21.984375,1
2026-08-10 13:53:01,22.171875,1
2026-08-10 13:53:01,22.171875,1
2026-08-10 13:53:01,22.234375,1
2026-08-10 13:53:01,22.234375,1
2026-08-10 13:53:01,22.25,1
2026-08-10 13:53:01,22.25,1
2026-08-10 13:53:01,22.15625,1
2026-08-10 13:53:01,22.15625,1
2026-08-10 13:53:01,22.171875,1
2026-08-10 13:53:01,22.171875,1
2026-08-10 13:53:01,22.421875,1
2026-08-10 13:53:01,22.421875,1
2026-08-10 13:53:01,22.40625,1
2026-08-10 13:53:01,22.40625,1
2026-08-10 13:53:01,22.375,1
2026-08-10 13:53:01,22.375,1
2026-08-10 13:53:01,22.609375,1
2026-08-10 13:53:01,22.609375,1
2026-08-10 13:53:01,22.640625,1
2026-08-10 13:53:01,22.640625,1
2026-08-10 13:53:02,22.5625,1
2026-08-10 13:53:02,22.5625,1
2026-08-10 13:53:02,22.609375,1
2026-08-10 13:53:02,22.609375,1
2026-08-10 13:53:02,22.8125,1
2026-08-10 13:53:02,22.8125,1
2026-08-10 13:53:02,22.875,1
2026-08-10 13:53:02,22.875,1
2026-08-10 13:53:02,22.828125,1
2026-08-10 13:53:02,22.828125,1
2026-08-10 13:53:02,23.0,1
2026-08-10 13:53:02,23.0,1
2026-08-10 13:53:02,22.984375,1
2026-08-10 13:53:02,22.984375,1
2026-08-10 13:53:02,22.9375,1
2026-08-10 13:53:02,22.9375,1
2026-08-10 13:53:02,22.921875,1
2026-08-10 13:53:02,22.921875,1
2026-08-10 13:53:02,23.09375,1
2026-08-10 13:53:02,23.09375,1
2026-08-10 13:53:03,23.171875,1
2026-08-10 13:53:03,23.171875,1
2026-08-10 13:53:03,23.15625,1
2026-08-10 13:53:03,23.15625,1
2026-08-10 13:53:03,23.15625,1
2026-08-10 13:53:03,23.15625,1
2026-08-10 13:53:03,23.265625,1
2026-08-10 13:53:03,23.265625,1
2026-08-10 13:53:03,23.234375,1
2026-08-10 13:53:03,23.234375,1
2026-08-10 13:53:03,23.28125,1
2026-08-10 13:53:03,23.28125,1
2026-08-10 13:53:03,23.21875,1
2026-08-10 13:53:03,23.21875,1
2026-08-10 13:53:03,23.21875,1
2026-08-10 13:53:03,23.21875,1
2026-08-10 13:53:03,23.21875,1
2026-08-10 13:53:03,23.21875,1
2026-08-10 13:53:03,23.390625,1
2026-08-10 13:53:03,23.390625,1
2026-08-10 13:53:04,23.5625,1
2026-08-10 13:53:04,23.5625,1
2026-08-10 13:53:04,23.671875,1
2026-08-10 13:53:04,23.671875,1
2026-08-10 13:53:04,23.625,1
2026-08-10 13:53:04,23.625,1
2026-08-10 13:53:04,24.078125,1
2026-08-10 13:53:04,24.078125,1
2026-08-10 13:53:04,24.015625,1
2026-08-10 13:53:04,24.015625,1
2026-08-10 13:53:04,23.984375,1
2026-08-10 13:53:04,23.984375,1
2026-08-10 13:53:04,23.875,1
2026-08-10 13:53:04,23.875,1
2026-08-10 13:53:04,24.703125,1
2026-08-10 13:53:04,24.703125,1
2026-08-10 13:53:04,24.84375,1
2026-08-10 13:53:04,24.84375,1
2026-08-10 13:53:04,24.703125,1
2026-08-10 13:53:04,24.703125,1
2026-08-10 13:53:05,24.1875,1
2026-08-10 13:53:05,24.1875,1
2026-08-10 13:53:05,24.21875,1
2026-08-10 13:53:05,24.21875,1
2026-08-10 13:53:05,24.125,1
2026-08-10 13:53:05,24.125,1
2026-08-10 13:53:05,24.0625,1
2026-08-10 13:53:05,24.0625,1
2026-08-10 13:53:05,23.53125,1
2026-08-10 13:53:05,23.53125,1
2026-08-10 13:53:05,23.53125,1
2026-08-10 13:53:05,23.53125,1
2026-08-10 13:53:05,23.390625,1
2026-08-10 13:53:05,23.390625,1
2026-08-10 13:53:05,23.390625,1
2026-08-10 13:53:05,23.390625,1
2026-08-10 13:53:05,23.125,1
2026-08-10 13:53:05,23.125,1
2026-08-10 13:53:05,23.046875,1
2026-08-10 13:53:05,23.046875,1
2026-08-10 13:53:06,22.90625,1
2026-08-10 13:53:06,22.90625,1
2026-08-10 13:53:06,22.96875,1
2026-08-10 13:53:06,22.96875,1
2026-08-10 13:53:06,22.875,1
2026-08-10 13:53:06,22.875,1
2026-08-10 13:53:06,22.859375,1
2026-08-10 13:53:06,22.859375,1
2026-08-10 13:53:06,22.8125,1
2026-08-10 13:53:06,22.8125,1
2026-08-10 13:53:06,22.84375,1
2026-08-10 13:53:06,22.84375,1
2026-08-10 13:53:06,22.859375,1
2026-08-10 13:53:06,22.859375,1
2026-08-10 13:53:06,22.9375,1
2026-08-10 13:53:06,22.9375,1
2026-08-10 13:53:06,23.0,1
2026-08-10 13:53:06,23.0,1
2026-08-10 13:53:06,23.109375,1
2026-08-10 13:53:06,23.109375,1
2026-08-10 13:53:07,23.046875,1
2026-08-10 13:53:07,23.046875,1
2026-08-10 13:53:07,23.09375,1
2026-08-10 13:53:07,23.09375,1
2026-08-10 13:53:07,23.1875,1
2026-08-10 13:53:07,23.1875,1
2026-08-10 13:53:07,23.203125,1
2026-08-10 13:53:07,23.203125,1
2026-08-10 13:53:07,23.171875,1
2026-08-10 13:53:07,23.171875,1
2026-08-10 13:53:07,22.921875,1
2026-08-10 13:53:07,22.921875,1
2026-08-10 13:53:07,22.859375,1
2026-08-10 13:53:07,22.859375,1
2026-08-10 13:53:07,22.78125,1
2026-08-10 13:53:07,22.78125,1
2026-08-10 13:53:07,22.625,1
2026-08-10 13:53:07,22.625,1
2026-08-10 13:53:07,22.75,1
2026-08-10 13:53:07,22.75,1
2026-08-10 13:53:08,22.53125,1
2026-08-10 13:53:08,22.53125,1
2026-08-10 13:53:08,22.609375,1
2026-08-10 13:53:08,22.609375,1
2026-08-10 13:53:08,22.453125,1
2026-08-10 13:53:08,22.453125,1
2026-08-10 13:53:08,22.5625,1
2026-08-10 13:53:08,22.5625,1
2026-08-10 13:53:08,22.8125,1
2026-08-10 13:53:08,22.8125,1
2026-08-10 13:53:08,22.71875,1
2026-08-10 13:53:08,22.71875,1
2026-08-10 13:53:08,23.171875,1
2026-08-10 13:53:08,23.171875,1
2026-08-10 13:53:08,22.953125,1
2026-08-10 13:53:08,22.953125,1
2026-08-10 13:53:08,22.9375,1
2026-08-10 13:53:08,22.9375,1
2026-08-10 13:53:08,23.15625,1
2026-08-10 13:53:08,23.15625,1
2026-08-10 13:53:09,23.046875,1
2026-08-10 13:53:09,23.046875,1
2026-08-10 13:53:09,22.953125,1
2026-08-10 13:53:09,22.953125,1
2026-08-10 13:53:09,23.0,1
2026-08-10 13:53:09,23.0,1
2026-08-10 13:53:09,23.171875,1
2026-08-10 13:53:09,23.171875,1
2026-08-10 13:53:09,23.046875,1
2026-08-10 13:53:09,23.046875,1
2026-08-10 13:53:09,22.921875,1
2026-08-10 13:53:09,22.921875,1
2026-08-10 13:53:09,22.921875,1
2026-08-10 13:53:09,22.921875,1
2026-08-10 13:53:09,22.953125,1
2026-08-10 13:53:09,22.953125,1
2026-08-10 13:53:09,22.953125,1
2026-08-10 13:53:09,22.953125,1
2026-08-10 13:53:09,23.078125,1
2026-08-10 13:53:09,23.078125,1
2026-08-10 13:53:10,22.65625,1
2026-08-10 13:53:10,22.65625,1
2026-08-10 13:53:10,22.640625,1
2026-08-10 13:53:10,22.640625,1
2026-08-10 13:53:10,22.53125,1
2026-08-10 13:53:10,22.53125,1
2026-08-10 13:53:10,22.078125,1
2026-08-10 13:53:10,22.078125,1
2026-08-10 13:53:10,21.984375,1
2026-08-10 13:53:10,21.984375,1
2026-08-10 13:53:10,21.984375,1
2026-08-10 13:53:10,21.984375,1
2026-08-10 13:53:10,21.984375,1
2026-08-10 13:53:10,21.984375,1
2026-08-10 13:53:10,22.25,1
2026-08-10 13:53:10,22.25,1
2026-08-10 13:53:10,22.328125,1
2026-08-10 13:53:10,22.328125,1
2026-08-10 13:53:10,22.359375,1
2026-08-10 13:53:10,22.359375,1
2026-08-10 13:53:11,22.390625,1
2026-08-10 13:53:11,22.390625,1
2026-08-10 13:53:11,22.390625,1
2026-08-10 13:53:11,22.390625,1
2026-08-10 13:53:11,22.34375,1
2026-08-10 13:53:11,22.34375,1
2026-08-10 13:53:11,22.34375,1
2026-08-10 13:53:11,22.34375,1
2026-08-10 13:53:11,22.359375,1
2026-08-10 13:53:11,22.359375,1
2026-08-10 13:53:11,22.5,1
2026-08-10 13:53:11,22.5,1
2026-08-10 13:53:11,22.515625,1
2026-08-10 13:53:11,22.515625,1
2026-08-10 13:53:11,22.453125,1
2026-08-10 13:53:11,22.453125,1
2026-08-10 13:53:11,22.5,1
2026-08-10 13:53:11,22.5,1
2026-08-10 13:53:11,22.5,1
2026-08-10 13:53:11,22.5,1
2026-08-10 13:53:12,22.234375,1
2026-08-10 13:53:12,22.234375,1
2026-08-10 13:53:12,21.84375,1
2026-08-10 13:53:12,21.84375,1
2026-08-10 13:53:12,21.84375,1
2026-08-10 13:53:12,21.84375,1
2026-08-10 13:53:12,21.625,1
2026-08-10 13:53:12,21.625,1
2026-08-10 13:53:12,21.59375,1
2026-08-10 13:53:12,21.59375,1
2026-08-10 13:53:12,20.828125,1
2026-08-10 13:53:12,20.828125,1
2026-08-10 13:53:12,20.765625,1
2026-08-10 13:53:12,20.765625,1
2026-08-10 13:53:12,20.625,1
2026-08-10 13:53:12,20.625,1
2026-08-10 13:53:12,19.765625,1
2026-08-10 13:53:12,19.765625,1
2026-08-10 13:53:12,19.75,1
2026-08-10 13:53:12,19.75,1
2026-08-10 13:53:13,19.84375,1
2026-08-10 13:53:13,19.84375,1
2026-08-10 13:53:13,19.90625,1
2026-08-10 13:53:13,19.90625,1
2026-08-10 13:53:13,20.234375,1
2026-08-10 13:53:13,20.234375,1
2026-08-10 13:53:13,20.25,1
2026-08-10 13:53:13,20.25,1
2026-08-10 13:53:13,20.296875,1
2026-08-10 13:53:13,20.296875,1
2026-08-10 13:53:13,21.546875,1
2026-08-10 13:53:13,21.546875,1
2026-08-10 13:53:13,21.671875,1
2026-08-10 13:53:13,21.671875,1
2026-08-10 13:53:13,21.6875,1
2026-08-10 13:53:13,21.6875,1
2026-08-10 13:53:13,21.8125,1
2026-08-10 13:53:13,21.8125,1
2026-08-10 13:53:13,21.0,1
2026-08-10 13:53:13,21.0,1
2026-08-10 13:53:14,21.046875,1
2026-08-10 13:53:14,21.046875,1
2026-08-10 13:53:14,21.03125,1
2026-08-10 13:53:14,21.03125,1
2026-08-10 13:53:14,20.734375,1
2026-08-10 13:53:14,20.734375,1
2026-08-10 13:53:14,20.6875,1
2026-08-10 13:53:14,20.6875,1
2026-08-10 13:53:14,20.546875,1
2026-08-10 13:53:14,20.546875,1
2026-08-10 13:53:14,20.09375,1
2026-08-10 13:53:14,20.09375,1
2026-08-10 13:53:14,19.8125,1
2026-08-10 13:53:14,19.8125,1
2026-08-10 13:53:14,19.765625,1
2026-08-10 13:53:14,19.765625,1
2026-08-10 13:53:14,19.71875,1
2026-08-10 13:53:14,19.71875,1
2026-08-10 13:53:14,19.765625,1
2026-08-10 13:53:14,19.765625,1
2026-08-10 13:53:15,19.1875,1
2026-08-10 13:53:15,19.1875,1
2026-08-10 13:53:15,19.21875,1
2026-08-10 13:53:15,19.21875,1
2026-08-10 13:53:15,19.125,1
2026-08-10 13:53:15,19.125,1
2026-08-10 13:53:15,18.796875,1
2026-08-10 13:53:15,18.796875,1
2026-08-10 13:53:15,18.765625,1
2026-08-10 13:53:15,18.765625,1
2026-08-10 13:53:15,18.765625,1
2026-08-10 13:53:15,18.765625,1
2026-08-10 13:53:15,18.78125,1
2026-08-10 13:53:15,18.78125,1
2026-08-10 13:53:15,19.3125,1
2026-08-10 13:53:15,19.3125,1
2026-08-10 13:53:15,19.1875,1
2026-08-10 13:53:15,19.1875,1
2026-08-10 13:53:15,19.1875,1
2026-08-10 13:53:15,19.1875,1
2026-08-10 13:53:16,19.1875,1
2026-08-10 13:53:16,19.1875,1
2026-08-10 13:53:16,19.0,1
2026-08-10 13:53:16,19.0,1
2026-08-10 13:53:16,18.765625,1
2026-08-10 13:53:16,18.765625,1
2026-08-10 13:53:16,18.625,1
2026-08-10 13:53:16,18.625,1
2026-08-10 13:53:16,17.125,1
2026-08-10 13:53:16,17.125,1
2026-08-10 13:53:16,17.015625,1
2026-08-10 13:53:16,17.015625,1
2026-08-10 13:53:16,16.859375,1
2026-08-10 13:53:16,16.859375,1
2026-08-10 13:53:16,15.609375,1
2026-08-10 13:53:16,15.609375,1
2026-08-10 13:53:16,15.59375,1
2026-08-10 13:53:16,15.59375,1
2026-08-10 13:53:16,15.578125,1
2026-08-10 13:53:16,15.578125,1
2026-08-10 13:53:17,15.578125,1
2026-08-10 13:53:17,15.578125,1
2026-08-10 13:53:17,13.671875,1
2026-08-10 13:53:17,13.671875,1
2026-08-10 13:53:17,13.46875,1
2026-08-10 13:53:17,13.46875,1
2026-08-10 13:53:17,13.296875,1
2026-08-10 13:53:17,13.296875,1
2026-08-10 13:53:17,13.234375,1
2026-08-10 13:53:17,13.234375,1
2026-08-10 13:53:17,12.234375,1
2026-08-10 13:53:17,12.234375,1
2026-08-10 13:53:17,11.984375,1
2026-08-10 13:53:17,11.984375,1
2026-08-10 13:53:17,11.953125,1
2026-08-10 13:53:17,11.953125,1
2026-08-10 13:53:17,10.671875,1
2026-08-10 13:53:17,10.671875,1
2026-08-10 13:53:17,10.703125,1
2026-08-10 13:53:17,10.703125,1
2026-08-10 13:53:18,10.703125,1
2026-08-10 13:53:18,10.703125,1
2026-08-10 13:53:18,10.703125,1
2026-08-10 13:53:18,10.703125,1
2026-08-10 13:53:18,9.484375,1
2026-08-10 13:53:18,9.484375,1
2026-08-10 13:53:18,9.40625,1
2026-08-10 13:53:18,9.40625,1
2026-08-10 13:53:18,9.3125,1
2026-08-10 13:53:18,9.3125,1
2026-08-10 13:53:18,8.0625,1
2026-08-10 13:53:18,8.0625,1
2026-08-10 13:53:18,7.953125,1
2026-08-10 13:53:18,7.953125,1
2026-08-10 13:53:18,7.890625,1
2026-08-10 13:53:18,7.890625,1
2026-08-10 13:53:18,7.84375,1
2026-08-10 13:53:18,7.84375,1
2026-08-10 13:53:18,6.578125,1
2026-08-10 13:53:18,6.578125,1
2026-08-10 13:53:19,6.5,1
2026-08-10 13:53:19,6.5,1
2026-08-10 13:53:19,6.4375,1
2026-08-10 13:53:19,6.4375,1
2026-08-10 13:53:19,4.34375,1
2026-08-10 13:53:19,4.34375,1
2026-08-10 13:53:19,4.125,1
2026-08-10 13:53:19,4.125,1
2026-08-10 13:53:19,3.9375,1
2026-08-10 13:53:19,3.9375,1
2026-08-10 13:53:19,3.71875,1
2026-08-10 13:53:19,3.71875,1
2026-08-10 13:53:19,0.78125,1
2026-08-10 13:53:19,0.78125,-1
2026-08-10 13:53:19,0.78125,-1
2026-08-10 13:53:19,0.78125,-1
2026-08-10 13:53:19,0.78125,-1
2026-08-10 13:53:19,0.78125,-1
2026-08-10 13:53:19,0.0,-1
2026-08-10 13:53:19,0.0,-1
2026-08-10 13:53:20,0.0,-1
2026-08-10 13:53:20,0.0,-1
2026-08-10 13:53:20,0.0,-1
2026-08-10 13:53:20,0.0,-1
2026-08-10 13:53:20,0.0,-1
2026-08-10 13:53:20,0.0,-1
2026-08-10 13:53:20,0.0,-1
2026-08-10 13:53:20,0.0,-1
2026-08-10 13:53:20,0.953125,-1
2026-08-10 13:53:20,0.953125,-1
2026-08-10 13:53:20,0.953125,-1
2026-08-10 13:53:20,0.953125,-1
2026-08-10 13:53:20,3.953125,-1
2026-08-10 13:53:20,3.953125,-1
2026-08-10 13:53:20,4.34375,-1
2026-08-10 13:53:20,4.34375,-1
2026-08-10 13:53:20,4.34375,-1
2026-08-10 13:53:20,4.34375,-1
2026-08-10 13:53:20,4.0,-1
2026-08-10 13:53:20,4.0,-1
2026-08-10 13:53:21,3.578125,-1
2026-08-10 13:53:21,3.578125,-1
2026-08-10 13:53:21,3.25,-1
2026-08-10 13:53:21,3.25,-1
2026-08-10 13:53:21,3.0625,-1
2026-08-10 13:53:21,3.0625,-1
2026-08-10 13:53:21,3.109375,-1
2026-08-10 13:53:21,3.109375,-1
2026-08-10 13:53:21,6.75,-1
2026-08-10 13:53:21,6.75,-1
2026-08-10 13:53:21,7.53125,-1
2026-08-10 13:53:21,7.53125,-1
2026-08-10 13:53:21,7.84375,-1
2026-08-10 13:53:21,7.84375,-1
2026-08-10 13:53:21,9.546875,-1
2026-08-10 13:53:21,9.546875,-1
2026-08-10 13:53:21,9.265625,-1
2026-08-10 13:53:21,9.265625,-1
2026-08-10 13:53:21,9.015625,-1
2026-08-10 13:53:21,9.015625,-1
2026-08-10 13:53:22,8.859375,-1
2026-08-10 13:53:22,8.859375,-1
2026-08-10 13:53:22,11.21875,-1
2026-08-10 13:53:22,11.21875,-1
2026-08-10 13:53:22,11.625,-1
2026-08-10 13:53:22,11.625,-1
2026-08-10 13:53:22,12.015625,-1
2026-08-10 13:53:22,12.015625,-1
2026-08-10 13:53:22,13.1875,-1
2026-08-10 13:53:22,13.1875,-1
2026-08-10 13:53:22,13.171875,-1
2026-08-10 13:53:22,13.171875,-1
2026-08-10 13:53:22,13.0625,-1
2026-08-10 13:53:22,13.0625,-1
2026-08-10 13:53:22,12.953125,-1
2026-08-10 13:53:22,12.953125,-1
2026-08-10 13:53:22,13.609375,-1
2026-08-10 13:53:22,13.609375,-1
2026-08-10 13:53:22,13.703125,-1
2026-08-10 13:53:22,13.703125,-1
2026-08-10 13:53:23,13.765625,-1
2026-08-10 13:53:23,13.765625,-1
2026-08-10 13:53:23,13.890625,-1
2026-08-10 13:53:23,13.890625,-1
2026-08-10 13:53:23,13.984375,-1
2026-08-10 13:53:23,13.984375,-1
2026-08-10 13:53:23,13.984375,-1
2026-08-10 13:53:23,13.984375,-1
2026-08-10 13:53:23,13.96875,-1
2026-08-10 13:53:23,13.96875,-1
2026-08-10 13:53:23,15.015625,-1
2026-08-10 13:53:23,15.015625,-1
2026-08-10 13:53:23,15.109375,-1
2026-08-10 13:53:23,15.109375,-1
2026-08-10 13:53:23,15.234375,-1
2026-08-10 13:53:23,15.234375,-1
2026-08-10 13:53:23,15.25,-1
2026-08-10 13:53:23,15.25,-1
2026-08-10 13:53:23,15.203125,-1
2026-08-10 13:53:23,15.203125,-1
2026-08-10 13:53:24,15.25,-1
2026-08-10 13:53:24,15.25,-1
2026-08-10 13:53:24,15.265625,-1
2026-08-10 13:53:24,15.265625,-1
2026-08-10 13:53:24,15.21875,-1
2026-08-10 13:53:24,15.21875,-1
2026-08-10 13:53:24,15.515625,-1
2026-08-10 13:53:24,15.515625,-1
2026-08-10 13:53:24,15.484375,-1
2026-08-10 13:53:24,15.484375,-1
2026-08-10 13:53:24,15.59375,-1
2026-08-10 13:53:24,15.59375,-1
2026-08-10 13:53:24,15.265625,-1
2026-08-10 13:53:24,15.265625,-1
2026-08-10 13:53:24,15.375,-1
2026-08-10 13:53:24,15.375,-1
2026-08-10 13:53:24,15.25,-1
2026-08-10 13:53:24,15.25,-1
2026-08-10 13:53:24,15.09375,-1
2026-08-10 13:53:24,15.09375,-1
2026-08-10 13:53:25,14.984375,-1
2026-08-10 13:53:25,14.984375,-1
2026-08-10 13:53:25,14.96875,-1
2026-08-10 13:53:25,14.96875,-1
2026-08-10 13:53:25,14.859375,-1
2026-08-10 13:53:25,14.859375,-1
2026-08-10 13:53:25,14.53125,-1
2026-08-10 13:53:25,14.53125,-1
2026-08-10 13:53:25,14.609375,-1
2026-08-10 13:53:25,14.609375,-1
2026-08-10 13:53:25,14.59375,-1
2026-08-10 13:53:25,14.59375,-1
2026-08-10 13:53:25,14.59375,-1
2026-08-10 13:53:25,14.59375,-1
2026-08-10 13:53:25,13.984375,-1
2026-08-10 13:53:25,13.984375,-1
2026-08-10 13:53:25,13.890625,-1
2026-08-10 13:53:25,13.890625,-1
2026-08-10 13:53:25,13.8125,-1
2026-08-10 13:53:25,13.8125,-1
2026-08-10 13:53:26,12.953125,-1
2026-08-10 13:53:26,12.953125,-1
2026-08-10 13:53:26,12.96875,-1
2026-08-10 13:53:26,12.96875,-1
2026-08-10 13:53:26,12.9375,-1
2026-08-10 13:53:26,12.9375,-1
2026-08-10 13:53:26,12.84375,-1
2026-08-10 13:53:26,12.84375,-1
2026-08-10 13:53:26,11.3125,-1
2026-08-10 13:53:26,11.3125,-1
2026-08-10 13:53:26,11.5,-1
2026-08-10 13:53:26,11.5,-1
2026-08-10 13:53:26,11.609375,-1
2026-08-10 13:53:26,11.609375,-1
2026-08-10 13:53:26,10.296875,-1
2026-08-10 13:53:26,10.296875,-1
2026-08-10 13:53:26,10.0,-1
2026-08-10 13:53:26,10.0,-1
2026-08-10 13:53:26,9.71875,-1
2026-08-10 13:53:26,9.71875,-1
2026-08-10 13:53:27,9.46875,-1
2026-08-10 13:53:27,9.46875,-1
2026-08-10 13:53:27,7.90625,-1
2026-08-10 13:53:27,7.90625,-1
2026-08-10 13:53:27,7.96875,-1
2026-08-10 13:53:27,7.96875,-1
2026-08-10 13:53:27,8.046875,-1
2026-08-10 13:53:27,8.046875,-1
2026-08-10 13:53:27,8.125,-1
2026-08-10 13:53:27,8.125,-1
2026-08-10 13:53:27,8.765625,-1
2026-08-10 13:53:27,8.765625,-1
2026-08-10 13:53:27,8.671875,-1
2026-08-10 13:53:27,8.671875,-1
2026-08-10 13:53:27,8.515625,-1
2026-08-10 13:53:27,8.515625,-1
2026-08-10 13:53:27,9.046875,-1
2026-08-10 13:53:27,9.046875,-1
2026-08-10 13:53:27,9.140625,-1
2026-08-10 13:53:27,9.140625,-1
2026-08-10 13:53:28,9.328125,-1
2026-08-10 13:53:28,9.328125,-1
2026-08-10 13:53:28,9.484375,-1
2026-08-10 13:53:28,9.484375,-1
2026-08-10 13:53:28,10.8125,-1
2026-08-10 13:53:28,10.8125,-1
2026-08-10 13:53:28,10.78125,-1
2026-08-10 13:53:28,10.78125,-1
2026-08-10 13:53:28,10.59375,-1
2026-08-10 13:53:28,10.59375,-1
2026-08-10 13:53:28,11.265625,-1
2026-08-10 13:53:28,11.265625,-1
2026-08-10 13:53:28,11.40625,-1
2026-08-10 13:53:28,11.40625,-1
2026-08-10 13:53:28,11.453125,-1
2026-08-10 13:53:28,11.453125,-1
2026-08-10 13:53:28,11.59375,-1
2026-08-10 13:53:28,11.59375,-1
2026-08-10 13:53:28,12.5625,-1
2026-08-10 13:53:28,12.5625,-1
2026-08-10 13:53:29,12.65625,-1
2026-08-10 13:53:29,12.65625,-1
2026-08-10 13:53:29,12.53125,-1
2026-08-10 13:53:29,12.53125,-1
2026-08-10 13:53:29,12.90625,-1
2026-08-10 13:53:29,12.90625,-1
2026-08-10 13:53:29,13.0,-1
2026-08-10 13:53:29,13.0,-1
2026-08-10 13:53:29,13.0,-1
2026-08-10 13:53:29,13.0,-1
2026-08-10 13:53:29,13.015625,-1
2026-08-10 13:53:29,13.015625,-1
2026-08-10 13:53:29,13.1875,-1
2026-08-10 13:53:29,13.1875,-1
2026-08-10 13:53:29,13.171875,-1
2026-08-10 13:53:29,13.171875,-1
2026-08-10 13:53:29,13.171875,-1
2026-08-10 13:53:29,13.171875,-1
2026-08-10 13:53:29,13.015625,-1
2026-08-10 13:53:29,13.015625,-1
2026-08-10 13:53:30,13.109375,-1
2026-08-10 13:53:30,13.109375,-1
2026-08-10 13:53:30,13.015625,-1
2026-08-10 13:53:30,13.015625,-1
2026-08-10 13:53:30,12.875,-1
2026-08-10 13:53:30,12.875,-1
2026-08-10 13:53:30,13.171875,-1
2026-08-10 13:53:30,13.171875,-1
2026-08-10 13:53:30,13.265625,-1
2026-08-10 13:53:30,13.265625,-1
2026-08-10 13:53:30,13.15625,-1
2026-08-10 13:53:30,13.15625,-1
2026-08-10 13:53:30,13.25,-1
2026-08-10 13:53:30,13.25,-1
2026-08-10 13:53:30,12.765625,-1
2026-08-10 13:53:30,12.765625,-1
2026-08-10 13:53:30,12.65625,-1
2026-08-10 13:53:30,12.65625,-1
2026-08-10 13:53:30,12.859375,-1
2026-08-10 13:53:30,12.859375,-1
2026-08-10 13:53:31,12.625,-1
2026-08-10 13:53:31,12.625,-1
2026-08-10 13:53:31,12.703125,-1
2026-08-10 13:53:31,12.703125,-1
2026-08-10 13:53:31,12.5,-1
2026-08-10 13:53:31,12.5,-1
2026-08-10 13:53:31,12.65625,-1
2026-08-10 13:53:31,12.65625,-1
2026-08-10 13:53:31,12.4375,-1
2026-08-10 13:53:31,12.4375,-1
2026-08-10 13:53:31,12.5625,-1
2026-08-10 13:53:31,12.5625,-1
2026-08-10 13:53:31,12.53125,-1
2026-08-10 13:53:31,12.53125,-1
2026-08-10 13:53:31,12.578125,-1
2026-08-10 13:53:31,12.578125,-1
2026-08-10 13:53:31,12.625,-1
2026-08-10 13:53:31,12.625,-1
2026-08-10 13:53:31,12.65625,-1
2026-08-10 13:53:31,12.65625,-1
2026-08-10 13:53:32,12.453125,-1
2026-08-10 13:53:32,12.453125,-1
2026-08-10 13:53:32,12.40625,-1
2026-08-10 13:53:32,12.40625,-1
2026-08-10 13:53:32,12.40625,-1
2026-08-10 13:53:32,12.40625,-1
2026-08-10 13:53:32,12.4375,-1
2026-08-10 13:53:32,12.4375,-1
2026-08-10 13:53:32,12.296875,-1
2026-08-10 13:53:32,12.296875,-1
2026-08-10 13:53:32,12.625,-1
2026-08-10 13:53:32,12.625,-1
2026-08-10 13:53:32,12.53125,-1
2026-08-10 13:53:32,12.53125,-1
2026-08-10 13:53:32,12.671875,-1
2026-08-10 13:53:32,12.671875,-1
2026-08-10 13:53:32,12.484375,-1
2026-08-10 13:53:32,12.484375,-1
2026-08-10 13:53:32,12.625,-1
2026-08-10 13:53:32,12.625,-1
2026-08-10 13:53:33,12.5625,-1
2026-08-10 13:53:33,12.5625,-1
2026-08-10 13:53:33,12.625,-1
2026-08-10 13:53:33,12.625,-1
2026-08-10 13:53:33,12.484375,-1
2026-08-10 13:53:33,12.484375,-1
2026-08-10 13:53:33,12.375,-1
2026-08-10 13:53:33,12.375,-1
2026-08-10 13:53:33,12.1875,-1
2026-08-10 13:53:33,12.1875,-1
2026-08-10 13:53:33,11.921875,-1
2026-08-10 13:53:33,11.921875,-1
2026-08-10 13:53:33,11.90625,-1
2026-08-10 13:53:33,11.90625,-1
2026-08-10 13:53:33,11.90625,-1
2026-08-10 13:53:33,11.90625,-1
2026-08-10 13:53:33,11.875,-1
2026-08-10 13:53:33,11.875,-1
2026-08-10 13:53:33,11.65625,-1
2026-08-10 13:53:33,11.65625,-1
2026-08-10 13:53:34,11.625,-1
2026-08-10 13:53:34,11.625,-1
2026-08-10 13:53:34,11.578125,-1
2026-08-10 13:53:34,11.578125,-1
2026-08-10 13:53:34,11.765625,-1
2026-08-10 13:53:34,11.765625,-1
2026-08-10 13:53:34,11.84375,-1
2026-08-10 13:53:34,11.84375,-1
2026-08-10 13:53:34,11.84375,-1
2026-08-10 13:53:34,11.84375,-1
2026-08-10 13:53:34,11.890625,-1
2026-08-10 13:53:34,11.890625,-1
2026-08-10 13:53:34,12.265625,-1
2026-08-10 13:53:34,12.265625,-1
2026-08-10 13:53:34,12.25,-1
2026-08-10 13:53:34,12.25,-1
2026-08-10 13:53:34,12.28125,-1
2026-08-10 13:53:34,12.28125,-1
2026-08-10 13:53:34,12.59375,-1
2026-08-10 13:53:34,12.59375,-1
2026-08-10 13:53:35,12.46875,-1
2026-08-10 13:53:35,12.46875,-1
2026-08-10 13:53:35,12.65625,-1
2026-08-10 13:53:35,12.65625,-1
2026-08-10 13:53:35,12.71875,-1
2026-08-10 13:53:35,12.71875,-1
2026-08-10 13:53:35,12.3125,-1
2026-08-10 13:53:35,12.3125,-1
2026-08-10 13:53:35,12.265625,-1
2026-08-10 13:53:35,12.265625,-1
2026-08-10 13:53:35,12.1875,-1
2026-08-10 13:53:35,12.1875,-1
2026-08-10 13:53:35,11.828125,-1
2026-08-10 13:53:35,11.828125,-1
2026-08-10 13:53:35,11.890625,-1
2026-08-10 13:53:35,11.890625,-1
2026-08-10 13:53:35,11.875,-1
2026-08-10 13:53:35,11.875,-1
2026-08-10 13:53:35,11.828125,-1
2026-08-10 13:53:35,11.828125,-1
2026-08-10 13:53:36,11.25,-1
2026-08-10 13:53:36,11.25,-1
2026-08-10 13:53:36,11.015625,-1
2026-08-10 13:53:36,11.015625,-1
2026-08-10 13:53:36,10.890625,-1
2026-08-10 13:53:36,10.890625,-1
2026-08-10 13:53:36,10.828125,-1
2026-08-10 13:53:36,10.828125,-1
2026-08-10 13:53:36,9.484375,-1
2026-08-10 13:53:36,9.484375,-1
2026-08-10 13:53:36,9.40625,-1
2026-08-10 13:53:36,9.40625,-1
2026-08-10 13:53:36,9.390625,-1
2026-08-10 13:53:36,9.390625,-1
2026-08-10 13:53:36,8.875,-1
2026-08-10 13:53:36,8.875,-1
2026-08-10 13:53:36,8.75,-1
2026-08-10 13:53:36,8.75,-1
2026-08-10 13:53:36,8.5625,-1
2026-08-10 13:53:36,8.5625,-1
2026-08-10 13:53:37,8.421875,-1
2026-08-10 13:53:37,8.421875,-1
2026-08-10 13:53:37,9.296875,-1
2026-08-10 13:53:37,9.296875,-1
2026-08-10 13:53:37,9.4375,-1
2026-08-10 13:53:37,9.4375,-1
2026-08-10 13:53:37,9.65625,-1
2026-08-10 13:53:37,9.65625,-1
2026-08-10 13:53:37,11.390625,-1
2026-08-10 13:53:37,11.390625,-1
2026-08-10 13:53:37,11.640625,-1
2026-08-10 13:53:37,11.640625,-1
2026-08-10 13:53:37,11.671875,-1
2026-08-10 13:53:37,11.671875,-1
2026-08-10 13:53:37,11.640625,-1
2026-08-10 13:53:37,11.640625,-1
2026-08-10 13:53:37,12.390625,-1
2026-08-10 13:53:37,12.390625,-1
2026-08-10 13:53:37,12.421875,-1
2026-08-10 13:53:37,12.421875,-1
2026-08-10 13:53:38,12.5,-1
2026-08-10 13:53:38,12.5,-1
2026-08-10 13:53:38,13.34375,-1
2026-08-10 13:53:38,13.34375,-1
2026-08-10 13:53:38,13.046875,-1
2026-08-10 13:53:38,13.046875,-1
2026-08-10 13:53:38,13.1875,-1
2026-08-10 13:53:38,13.1875,-1
2026-08-10 13:53:38,13.3125,-1
2026-08-10 13:53:38,13.3125,-1
2026-08-10 13:53:38,13.28125,-1
2026-08-10 13:53:38,13.28125,-1
2026-08-10 13:53:38,13.125,-1
2026-08-10 13:53:38,13.125,-1
2026-08-10 13:53:38,13.078125,-1
2026-08-10 13:53:38,13.078125,-1
2026-08-10 13:53:38,13.21875,-1
2026-08-10 13:53:38,13.21875,-1
2026-08-10 13:53:38,13.6875,-1
2026-08-10 13:53:38,13.6875,-1
2026-08-10 13:53:39,13.5625,-1
2026-08-10 13:53:39,13.5625,-1
2026-08-10 13:53:39,13.609375,-1
2026-08-10 13:53:39,13.609375,-1
2026-08-10 13:53:39,13.484375,-1
2026-08-10 13:53:39,13.484375,-1
2026-08-10 13:53:39,13.421875,-1
2026-08-10 13:53:39,13.421875,-1
2026-08-10 13:53:39,13.4375,-1
2026-08-10 13:53:39,13.4375,-1
2026-08-10 13:53:39,13.34375,-1
2026-08-10 13:53:39,13.34375,-1
2026-08-10 13:53:39,13.265625,-1
2026-08-10 13:53:39,13.265625,-1
2026-08-10 13:53:39,13.390625,-1
2026-08-10 13:53:39,13.390625,-1
2026-08-10 13:53:39,13.4375,-1
2026-08-10 13:53:39,13.4375,-1
2026-08-10 13:53:39,13.078125,-1
2026-08-10 13:53:39,13.078125,-1
2026-08-10 13:53:40,12.90625,-1
2026-08-10 13:53:40,12.90625,-1
2026-08-10 13:53:40,12.953125,-1
2026-08-10 13:53:40,12.953125,-1
2026-08-10 13:53:40,13.125,-1
2026-08-10 13:53:40,13.125,-1
2026-08-10 13:53:40,13.125,-1
2026-08-10 13:53:40,13.125,-1
2026-08-10 13:53:40,13.140625,-1
2026-08-10 13:53:40,13.140625,-1
2026-08-10 13:53:40,13.203125,-1
2026-08-10 13:53:40,13.203125,-1
2026-08-10 13:53:40,13.125,-1
2026-08-10 13:53:40,13.125,-1
2026-08-10 13:53:40,13.25,-1
2026-08-10 13:53:40,13.25,-1
2026-08-10 13:53:40,13.046875,-1
2026-08-10 13:53:40,13.046875,-1
2026-08-10 13:53:40,13.203125,-1
2026-08-10 13:53:40,13.203125,-1
2026-08-10 13:53:41,13.171875,-1
2026-08-10 13:53:41,13.171875,-1
2026-08-10 13:53:41,12.984375,-1
2026-08-10 13:53:41,12.984375,-1
2026-08-10 13:53:41,13.203125,-1
2026-08-10 13:53:41,13.203125,-1
2026-08-10 13:53:41,13.0,-1
2026-08-10 13:53:41,13.0,-1
2026-08-10 13:53:41,13.046875,-1
2026-08-10 13:53:41,13.046875,-1
2026-08-10 13:53:41,13.171875,-1
2026-08-10 13:53:41,13.171875,-1
2026-08-10 13:53:41,12.96875,-1
2026-08-10 13:53:41,12.96875,-1
2026-08-10 13:53:41,13.1875,-1
2026-08-10 13:53:41,13.1875,-1
2026-08-10 13:53:41,13.28125,-1
2026-08-10 13:53:41,13.28125,-1
2026-08-10 13:53:41,13.328125,-1
2026-08-10 13:53:41,13.328125,-1
2026-08-10 13:53:42,13.1875,-1
2026-08-10 13:53:42,13.1875,-1
2026-08-10 13:53:42,13.171875,-1
2026-08-10 13:53:42,13.171875,-1
2026-08-10 13:53:42,13.171875,-1
2026-08-10 13:53:42,13.171875,-1
2026-08-10 13:53:42,13.1875,-1
2026-08-10 13:53:42,13.1875,-1
2026-08-10 13:53:42,13.484375,-1
2026-08-10 13:53:42,13.484375,-1
2026-08-10 13:53:42,13.5625,-1
2026-08-10 13:53:42,13.5625,-1
2026-08-10 13:53:42,13.578125,-1
2026-08-10 13:53:42,13.578125,-1
2026-08-10 13:53:42,13.625,-1
2026-08-10 13:53:42,13.625,-1
2026-08-10 13:53:42,13.65625,-1
2026-08-10 13:53:42,13.65625,-1
2026-08-10 13:53:42,13.53125,-1
2026-08-10 13:53:42,13.53125,-1
2026-08-10 13:53:43,13.390625,-1
2026-08-10 13:53:43,13.390625,-1
2026-08-10 13:53:43,13.25,-1
2026-08-10 13:53:43,13.25,-1
2026-08-10 13:53:43,13.375,-1
2026-08-10 13:53:43,13.375,-1
2026-08-10 13:53:43,13.359375,-1
2026-08-10 13:53:43,13.359375,-1
2026-08-10 13:53:43,13.359375,-1
2026-08-10 13:53:43,13.359375,-1
2026-08-10 13:53:43,13.15625,-1
2026-08-10 13:53:43,13.15625,-1
2026-08-10 13:53:43,13.1875,-1
2026-08-10 13:53:43,13.1875,-1
2026-08-10 13:53:43,13.234375,-1
2026-08-10 13:53:43,13.234375,-1
2026-08-10 13:53:43,13.234375,-1
2026-08-10 13:53:43,13.234375,-1
2026-08-10 13:53:43,13.125,-1
2026-08-10 13:53:43,13.125,-1
2026-08-10 13:53:44,13.234375,-1
2026-08-10 13:53:44,13.234375,-1
2026-08-10 13:53:44,13.15625,-1
2026-08-10 13:53:44,13.15625,-1
2026-08-10 13:53:44,13.265625,-1
2026-08-10 13:53:44,13.265625,-1
2026-08-10 13:53:44,13.0625,-1
2026-08-10 13:53:44,13.0625,-1
2026-08-10 13:53:44,13.015625,-1
2026-08-10 13:53:44,13.015625,-1
2026-08-10 13:53:44,13.03125,-1
2026-08-10 13:53:44,13.03125,-1
2026-08-10 13:53:44,12.75,-1
2026-08-10 13:53:44,12.75,-1
2026-08-10 13:53:44,12.5,-1
2026-08-10 13:53:44,12.5,-1
2026-08-10 13:53:44,11.875,-1
2026-08-10 13:53:44,11.875,-1
2026-08-10 13:53:44,10.3125,-1
2026-08-10 13:53:44,10.3125,-1
2026-08-10 13:53:45,10.171875,-1
2026-08-10 13:53:45,10.171875,-1
2026-08-10 13:53:45,9.921875,-1
2026-08-10 13:53:45,9.921875,-1
2026-08-10 13:53:45,9.984375,-1
2026-08-10 13:53:45,9.984375,-1
2026-08-10 13:53:45,11.21875,-1
2026-08-10 13:53:45,11.21875,-1
2026-08-10 13:53:45,11.515625,-1
2026-08-10 13:53:45,11.515625,-1
2026-08-10 13:53:45,11.875,-1
2026-08-10 13:53:45,11.875,-1
2026-08-10 13:53:45,11.875,-1
2026-08-10 13:53:45,11.875,-1
2026-08-10 13:53:45,11.015625,-1
2026-08-10 13:53:45,11.015625,-1
2026-08-10 13:53:45,10.75,-1
2026-08-10 13:53:45,10.75,-1
2026-08-10 13:53:45,10.375,-1
2026-08-10 13:53:45,10.375,-1
2026-08-10 13:53:46,9.40625,-1
2026-08-10 13:53:46,9.40625,-1
2026-08-10 13:53:46,9.515625,-1
2026-08-10 13:53:46,9.515625,-1
2026-08-10 13:53:46,9.640625,-1
2026-08-10 13:53:46,9.640625,-1
2026-08-10 13:53:46,9.71875,-1
2026-08-10 13:53:46,9.71875,-1
2026-08-10 13:53:46,8.1875,-1
2026-08-10 13:53:46,8.1875,-1
2026-08-10 13:53:46,7.921875,-1
2026-08-10 13:53:46,7.921875,-1
2026-08-10 13:53:46,7.6875,-1
2026-08-10 13:53:46,7.6875,-1
2026-08-10 13:53:46,6.046875,-1
2026-08-10 13:53:46,6.046875,-1
2026-08-10 13:53:46,6.015625,-1
2026-08-10 13:53:46,6.015625,-1
2026-08-10 13:53:46,6.046875,-1
2026-08-10 13:53:46,6.046875,-1
2026-08-10 13:53:47,6.046875,-1
2026-08-10 13:53:47,6.046875,-1
2026-08-10 13:53:47,5.671875,-1
2026-08-10 13:53:47,5.671875,-1
2026-08-10 13:53:47,5.59375,-1
2026-08-10 13:53:47,5.59375,-1
2026-08-10 13:53:47,5.546875,-1
2026-08-10 13:53:47,5.546875,-1
2026-08-10 13:53:47,6.40625,-1
2026-08-10 13:53:47,6.40625,-1
2026-08-10 13:53:47,6.515625,-1
2026-08-10 13:53:47,6.515625,-1
2026-08-10 13:53:47,6.609375,-1
2026-08-10 13:53:47,6.609375,-1
2026-08-10 13:53:47,6.8125,-1
2026-08-10 13:53:47,6.8125,-1
2026-08-10 13:53:47,7.84375,-1
2026-08-10 13:53:47,7.84375,-1
2026-08-10 13:53:47,7.90625,-1
2026-08-10 13:53:47,7.90625,-1
2026-08-10 13:53:48,7.890625,-1
2026-08-10 13:53:48,7.890625,-1
2026-08-10 13:53:48,7.125,-1
2026-08-10 13:53:48,7.125,-1
2026-08-10 13:53:48,6.84375,-1
2026-08-10 13:53:48,6.84375,-1
2026-08-10 13:53:48,6.71875,-1
2026-08-10 13:53:48,6.71875,-1
2026-08-10 13:53:48,6.765625,-1
2026-08-10 13:53:48,6.765625,-1
2026-08-10 13:53:48,6.015625,-1
2026-08-10 13:53:48,6.015625,-1
2026-08-10 13:53:48,6.078125,-1
2026-08-10 13:53:48,6.078125,-1
2026-08-10 13:53:48,6.03125,-1
2026-08-10 13:53:48,6.03125,-1
2026-08-10 13:53:48,6.03125,-1
2026-08-10 13:53:48,6.03125,-1
2026-08-10 13:53:48,6.546875,-1
2026-08-10 13:53:48,6.546875,-1
2026-08-10 13:53:49,6.5,-1
2026-08-10 13:53:49,6.5,-1
2026-08-10 13:53:49,6.546875,-1
2026-08-10 13:53:49,6.546875,-1
2026-08-10 13:53:49,6.609375,-1
2026-08-10 13:53:49,6.609375,-1
2026-08-10 13:53:49,6.59375,-1
2026-08-10 13:53:49,6.59375,-1
2026-08-10 13:53:49,6.484375,-1
2026-08-10 13:53:49,6.484375,-1
2026-08-10 13:53:49,6.328125,-1
2026-08-10 13:53:49,6.328125,-1
2026-08-10 13:53:49,6.234375,-1
2026-08-10 13:53:49,6.234375,-1
2026-08-10 13:53:49,6.15625,-1
2026-08-10 13:53:49,6.15625,-1
2026-08-10 13:53:49,6.09375,-1
2026-08-10 13:53:49,6.09375,-1
2026-08-10 13:53:49,6.046875,-1
2026-08-10 13:53:49,6.046875,-1
2026-08-10 13:53:50,6.078125,-1
2026-08-10 13:53:50,6.078125,-1
2026-08-10 13:53:50,6.140625,-1
2026-08-10 13:53:50,6.140625,-1
2026-08-10 13:53:50,6.0625,-1
2026-08-10 13:53:50,6.0625,-1
2026-08-10 13:53:50,3.59375,-1
2026-08-10 13:53:50,3.59375,-1
2026-08-10 13:53:50,3.296875,-1
2026-08-10 13:53:50,3.296875,-1
2026-08-10 13:53:50,3.140625,-1
2026-08-10 13:53:50,3.140625,-1
2026-08-10 13:53:50,1.21875,-1
2026-08-10 13:53:50,1.21875,0
2026-08-10 13:53:50,1.171875,0
2026-08-10 13:53:50,1.171875,0
2026-08-10 13:53:50,1.125,0
2026-08-10 13:53:50,1.125,0
2026-08-10 13:53:50,1.125,0
2026-08-10 13:53:50,1.125,0
2026-08-10 13:53:51,0.609375,0
2026-08-10 13:53:51,0.609375,1
2026-08-10 13:53:51,0.609375,1
2026-08-10 13:53:51,0.609375,1
2026-08-10 13:53:51,0.609375,1
2026-08-10 13:53:51,0.609375,1
2026-08-10 13:53:51,0.609375,1
2026-08-10 13:53:51,0.609375,1
2026-08-10 13:53:51,0.0,1
2026-08-10 13:53:51,0.0,1
2026-08-10 13:53:51,0.0,1
2026-08-10 13:53:51,0.0,1
2026-08-10 13:53:51,0.0,1
2026-08-10 13:53:51,0.0,1
2026-08-10 13:53:51,0.0,1
2026-08-10 13:53:51,0.0,1
2026-08-10 13:53:51,0.0,1
2026-08-10 13:53:51,0.0,1
2026-08-10 13:53:51,0.0,1
2026-08-10 13:53:51,0.0,1
2026-08-10 13:53:52,0.0,1
2026-08-10 13:53:52,0.0,1
2026-08-10 13:53:52,0.0,1
2026-08-10 13:53:52,0.0,1
2026-08-10 13:53:52,0.0,1
2026-08-10 13:53:52,0.0,1
2026-08-10 13:53:52,0.0,1
2026-08-10 13:53:52,0.0,1
2026-08-10 13:53:52,0.0,1
2026-08-10 13:53:52,0.0,1
2026-08-10 13:53:52,0.0,1
2026-08-10 13:53:52,0.0,1
2026-08-10 13:53:52,0.0,1
2026-08-10 13:53:52,0.0,1
2026-08-10 13:53:52,0.0,1
2026-08-10 13:53:52,0.0,1
2026-08-10 13:53:52,0.0,1
2026-08-10 13:53:52,0.0,1
2026-08-10 13:53:52,0.0,1
2026-08-10 13:53:52,0.0,1
2026-08-10 13:53:53,0.0,1
2026-08-10 13:53:53,0.0,1
2026-08-10 13:53:53,0.0,1
2026-08-10 13:53:53,0.0,1
2026-08-10 13:53:53,0.0,1
2026-08-10 13:53:53,0.0,1
2026-08-10 13:53:53,0.0,1
2026-08-10 13:53:53,0.0,1
2026-08-10 13:53:53,0.0,1
2026-08-10 13:53:53,0.0,1
2026-08-10 13:53:53,0.0,1
2026-08-10 13:53:53,0.0,1
2026-08-10 13:53:53,0.0,1
2026-08-10 13:53:53,0.0,1
2026-08-10 13:53:53,0.578125,1
2026-08-10 13:53:53,0.578125,1
2026-08-10 13:53:53,1.1875,1
2026-08-10 13:53:53,1.1875,1
2026-08-10 13:53:53,1.1875,1
2026-08-10 13:53:53,1.1875,1
2026-08-10 13:53:54,1.34375,1
2026-08-10 13:53:54,1.34375,1
2026-08-10 13:53:54,1.40625,1
2026-08-10 13:53:54,1.40625,1
2026-08-10 13:53:54,2.015625,1
2026-08-10 13:53:54,2.015625,1
2026-08-10 13:53:54,1.984375,1
2026-08-10 13:53:54,1.984375,1
2026-08-10 13:53:54,2.09375,1
2026-08-10 13:53:54,2.09375,1
2026-08-10 13:53:54,2.859375,1
2026-08-10 13:53:54,2.859375,1
2026-08-10 13:53:54,2.796875,1
2026-08-10 13:53:54,2.796875,1
2026-08-10 13:53:54,2.796875,1
2026-08-10 13:53:54,2.796875,1
2026-08-10 13:53:54,2.828125,1
2026-08-10 13:53:54,2.828125,1
2026-08-10 13:53:54,4.015625,1
2026-08-10 13:53:54,4.015625,1
2026-08-10 13:53:55,4.140625,1
2026-08-10 13:53:55,4.140625,1
2026-08-10 13:53:55,4.28125,1
2026-08-10 13:53:55,4.28125,1
2026-08-10 13:53:55,5.0,1
2026-08-10 13:53:55,5.0,1
2026-08-10 13:53:55,5.0625,1
2026-08-10 13:53:55,5.0625,1
2026-08-10 13:53:55,5.28125,1
2026-08-10 13:53:55,5.28125,1
2026-08-10 13:53:55,5.625,1
2026-08-10 13:53:55,5.625,1
2026-08-10 13:53:55,7.765625,1
2026-08-10 13:53:55,7.765625,1
2026-08-10 13:53:55,7.90625,1
2026-08-10 13:53:55,7.90625,1
2026-08-10 13:53:55,7.90625,1
2026-08-10 13:53:55,7.90625,1
2026-08-10 13:53:55,7.921875,1
2026-08-10 13:53:55,7.921875,1
2026-08-10 13:53:56,10.671875,1
2026-08-10 13:53:56,10.671875,1
2026-08-10 13:53:56,11.0,1
2026-08-10 13:53:56,11.0,1
2026-08-10 13:53:56,11.265625,1
2026-08-10 13:53:56,11.265625,1
2026-08-10 13:53:56,13.75,1
2026-08-10 13:53:56,13.75,1
2026-08-10 13:53:56,13.953125,1
2026-08-10 13:53:56,13.953125,1
2026-08-10 13:53:56,14.296875,1
2026-08-10 13:53:56,14.296875,1
2026-08-10 13:53:56,14.59375,1
2026-08-10 13:53:56,14.59375,1
2026-08-10 13:53:56,14.4375,1
2026-08-10 13:53:56,14.4375,1
2026-08-10 13:53:56,15.234375,1
2026-08-10 13:53:56,15.234375,1
2026-08-10 13:53:56,15.46875,1
2026-08-10 13:53:56,15.46875,1
2026-08-10 13:53:57,15.46875,1
2026-08-10 13:53:57,15.46875,1
2026-08-10 13:53:57,15.203125,1
2026-08-10 13:53:57,15.203125,1
2026-08-10 13:53:57,15.421875,1
2026-08-10 13:53:57,15.421875,1
2026-08-10 13:53:57,15.5,1
2026-08-10 13:53:57,15.5,1
2026-08-10 13:53:57,13.203125,1
2026-08-10 13:53:57,13.203125,1
2026-08-10 13:53:57,13.0625,1
2026-08-10 13:53:57,13.0625,1
2026-08-10 13:53:57,12.9375,1
2026-08-10 13:53:57,12.9375,1
2026-08-10 13:53:57,12.84375,1
2026-08-10 13:53:57,12.84375,1
2026-08-10 13:53:57,13.109375,1
2026-08-10 13:53:57,13.109375,1
2026-08-10 13:53:57,13.234375,1
2026-08-10 13:53:57,13.234375,1
2026-08-10 13:53:58,13.171875,1
2026-08-10 13:53:58,13.171875,1
2026-08-10 13:53:58,12.4375,1
2026-08-10 13:53:58,12.4375,1
2026-08-10 13:53:58,12.265625,1
2026-08-10 13:53:58,12.265625,1
2026-08-10 13:53:58,12.15625,1
2026-08-10 13:53:58,12.15625,1
2026-08-10 13:53:58,12.15625,1
2026-08-10 13:53:58,12.15625,1
2026-08-10 13:53:58,12.015625,1
2026-08-10 13:53:58,12.015625,1
2026-08-10 13:53:58,12.0,1
2026-08-10 13:53:58,12.0,1
2026-08-10 13:53:58,11.984375,1
2026-08-10 13:53:58,11.984375,1
2026-08-10 13:53:58,11.328125,1
2026-08-10 13:53:58,11.328125,1
2026-08-10 13:53:58,11.25,1
2026-08-10 13:53:58,11.25,1
2026-08-10 13:53:59,11.265625,1
2026-08-10 13:53:59,11.265625,1
2026-08-10 13:53:59,11.234375,1
2026-08-10 13:53:59,11.234375,1
2026-08-10 13:53:59,11.1875,1
2026-08-10 13:53:59,11.1875,1
2026-08-10 13:53:59,11.171875,1
2026-08-10 13:53:59,11.171875,1
2026-08-10 13:53:59,11.15625,1
2026-08-10 13:53:59,11.15625,1
2026-08-10 13:53:59,11.125,1
2026-08-10 13:53:59,11.125,1
2026-08-10 13:53:59,10.765625,1
2026-08-10 13:53:59,10.765625,1
2026-08-10 13:53:59,10.78125,1
2026-08-10 13:53:59,10.78125,1
2026-08-10 13:53:59,10.734375,1
2026-08-10 13:53:59,10.734375,1
2026-08-10 13:53:59,10.453125,1
2026-08-10 13:53:59,10.453125,1
2026-08-10 13:54:00,10.4375,1
2026-08-10 13:54:00,10.4375,1
2026-08-10 13:54:00,10.453125,1
2026-08-10 13:54:00,10.453125,1
2026-08-10 13:54:00,10.34375,1
2026-08-10 13:54:00,10.34375,1
2026-08-10 13:54:00,9.828125,1
2026-08-10 13:54:00,9.828125,1
2026-08-10 13:54:00,9.78125,1
2026-08-10 13:54:00,9.78125,1
2026-08-10 13:54:00,9.703125,1
2026-08-10 13:54:00,9.703125,1
2026-08-10 13:54:00,9.265625,1
2026-08-10 13:54:00,9.265625,1
2026-08-10 13:54:00,9.21875,1
2026-08-10 13:54:00,9.21875,1
2026-08-10 13:54:00,9.203125,1
2026-08-10 13:54:00,9.203125,1
2026-08-10 13:54:00,9.171875,1
2026-08-10 13:54:00,9.171875,1
2026-08-10 13:54:01,8.671875,1
2026-08-10 13:54:01,8.671875,1
2026-08-10 13:54:01,8.671875,1
2026-08-10 13:54:01,8.671875,1
2026-08-10 13:54:01,8.625,1
2026-08-10 13:54:01,8.625,1
2026-08-10 13:54:01,8.0625,1
2026-08-10 13:54:01,8.0625,1
2026-08-10 13:54:01,8.046875,1
2026-08-10 13:54:01,8.046875,1
2026-08-10 13:54:01,8.078125,1
2026-08-10 13:54:01,8.078125,1
2026-08-10 13:54:01,8.0625,1
2026-08-10 13:54:01,8.0625,1
2026-08-10 13:54:01,7.703125,1
2026-08-10 13:54:01,7.703125,1
2026-08-10 13:54:01,7.703125,1
2026-08-10 13:54:01,7.703125,1
2026-08-10 13:54:01,7.65625,1
2026-08-10 13:54:01,7.65625,1
2026-08-10 13:54:02,7.671875,1
2026-08-10 13:54:02,7.671875,1
2026-08-10 13:54:02,7.1875,1
2026-08-10 13:54:02,7.1875,1
2026-08-10 13:54:02,7.15625,1
2026-08-10 13:54:02,7.15625,1
2026-08-10 13:54:02,7.15625,1
2026-08-10 13:54:02,7.15625,1
2026-08-10 13:54:02,6.859375,1
2026-08-10 13:54:02,6.859375,1
2026-08-10 13:54:02,6.859375,1
2026-08-10 13:54:02,6.859375,1
2026-08-10 13:54:02,6.859375,1
2026-08-10 13:54:02,6.859375,1
2026-08-10 13:54:02,6.90625,1
2026-08-10 13:54:02,6.90625,1
2026-08-10 13:54:02,7.5625,1
2026-08-10 13:54:02,7.5625,1
2026-08-10 13:54:02,7.625,1
2026-08-10 13:54:02,7.625,1
2026-08-10 13:54:03,7.578125,1
2026-08-10 13:54:03,7.578125,1
2026-08-10 13:54:03,7.5625,1
2026-08-10 13:54:03,7.5625,1
2026-08-10 13:54:03,7.46875,1
2026-08-10 13:54:03,7.46875,1
2026-08-10 13:54:03,7.453125,1
2026-08-10 13:54:03,7.453125,1
2026-08-10 13:54:03,8.109375,1
2026-08-10 13:54:03,8.109375,1
2026-08-10 13:54:03,8.1875,1
2026-08-10 13:54:03,8.1875,1
2026-08-10 13:54:03,8.3125,1
2026-08-10 13:54:03,8.3125,1
2026-08-10 13:54:03,8.421875,1
2026-08-10 13:54:03,8.421875,1
2026-08-10 13:54:03,8.390625,1
2026-08-10 13:54:03,8.390625,1
2026-08-10 13:54:03,8.328125,1
2026-08-10 13:54:03,8.328125,1
2026-08-10 13:54:04,8.3125,1
2026-08-10 13:54:04,8.3125,1
2026-08-10 13:54:04,8.296875,1
2026-08-10 13:54:04,8.296875,1
2026-08-10 13:54:04,9.640625,1
2026-08-10 13:54:04,9.640625,1
2026-08-10 13:54:04,9.875,1
2026-08-10 13:54:04,9.875,1
2026-08-10 13:54:04,9.984375,1
2026-08-10 13:54:04,9.984375,1
2026-08-10 13:54:04,11.171875,1
2026-08-10 13:54:04,11.171875,1
2026-08-10 13:54:04,11.1875,1
2026-08-10 13:54:04,11.1875,1
2026-08-10 13:54:04,11.203125,1
2026-08-10 13:54:04,11.203125,1
2026-08-10 13:54:04,11.28125,1
2026-08-10 13:54:04,11.28125,1
2026-08-10 13:54:04,13.765625,1
2026-08-10 13:54:04,13.765625,1
2026-08-10 13:54:05,13.921875,1
2026-08-10 13:54:05,13.921875,1
2026-08-10 13:54:05,14.03125,1
2026-08-10 13:54:05,14.03125,1
2026-08-10 13:54:05,15.90625,1
2026-08-10 13:54:05,15.90625,1
2026-08-10 13:54:05,16.046875,1
2026-08-10 13:54:05,16.046875,1
2026-08-10 13:54:05,16.234375,1
2026-08-10 13:54:05,16.234375,1
2026-08-10 13:54:05,16.4375,1
2026-08-10 13:54:05,16.4375,1
2026-08-10 13:54:05,17.328125,1
2026-08-10 13:54:05,17.328125,1
2026-08-10 13:54:05,17.171875,1
2026-08-10 13:54:05,17.171875,1
2026-08-10 13:54:05,17.34375,1
2026-08-10 13:54:05,17.34375,1
2026-08-10 13:54:05,18.546875,1
2026-08-10 13:54:05,18.546875,1
2026-08-10 13:54:06,18.671875,1
2026-08-10 13:54:06,18.671875,1
2026-08-10 13:54:06,18.484375,1
2026-08-10 13:54:06,18.484375,1
2026-08-10 13:54:06,18.5625,1
2026-08-10 13:54:06,18.5625,1
2026-08-10 13:54:06,19.515625,1
2026-08-10 13:54:06,19.515625,1
2026-08-10 13:54:06,19.4375,1
2026-08-10 13:54:06,19.4375,1
2026-08-10 13:54:06,19.421875,1
2026-08-10 13:54:06,19.421875,1
2026-08-10 13:54:06,19.46875,1
2026-08-10 13:54:06,19.46875,1
2026-08-10 13:54:06,19.859375,1
2026-08-10 13:54:06,19.859375,1
2026-08-10 13:54:06,19.890625,1
2026-08-10 13:54:06,19.890625,1
2026-08-10 13:54:06,19.890625,1
2026-08-10 13:54:06,19.890625,1
2026-08-10 13:54:07,20.265625,1
2026-08-10 13:54:07,20.265625,1
2026-08-10 13:54:07,20.21875,1
2026-08-10 13:54:07,20.21875,1
2026-08-10 13:54:07,20.234375,1
2026-08-10 13:54:07,20.234375,1
2026-08-10 13:54:07,20.234375,1
2026-08-10 13:54:07,20.234375,1
2026-08-10 13:54:07,19.6875,1
2026-08-10 13:54:07,19.6875,1
2026-08-10 13:54:07,19.640625,1
2026-08-10 13:54:07,19.640625,1
2026-08-10 13:54:07,19.828125,1
2026-08-10 13:54:07,19.828125,1
2026-08-10 13:54:07,20.203125,1
2026-08-10 13:54:07,20.203125,1
2026-08-10 13:54:07,20.125,1
2026-08-10 13:54:07,20.125,1
2026-08-10 13:54:07,20.296875,1
2026-08-10 13:54:07,20.296875,1
2026-08-10 13:54:08,20.171875,1
2026-08-10 13:54:08,20.171875,1
2026-08-10 13:54:08,20.71875,1
2026-08-10 13:54:08,20.71875,1
2026-08-10 13:54:08,20.9375,1
2026-08-10 13:54:08,20.9375,1
2026-08-10 13:54:08,20.859375,1
2026-08-10 13:54:08,20.859375,1
2026-08-10 13:54:08,21.390625,1
2026-08-10 13:54:08,21.390625,1
2026-08-10 13:54:08,21.40625,1
2026-08-10 13:54:08,21.40625,1
2026-08-10 13:54:08,21.484375,1
2026-08-10 13:54:08,21.484375,1
2026-08-10 13:54:08,21.6875,1
2026-08-10 13:54:08,21.6875,1
2026-08-10 13:54:08,22.625,1
2026-08-10 13:54:08,22.625,1
2026-08-10 13:54:08,22.703125,1
2026-08-10 13:54:08,22.703125,1
2026-08-10 13:54:09,22.796875,1
2026-08-10 13:54:09,22.796875,1
2026-08-10 13:54:09,23.40625,1
2026-08-10 13:54:09,23.40625,1
2026-08-10 13:54:09,23.625,1
2026-08-10 13:54:09,23.625,1
2026-08-10 13:54:09,23.59375,1
2026-08-10 13:54:09,23.59375,1
2026-08-10 13:54:09,23.546875,1
2026-08-10 13:54:09,23.546875,1
2026-08-10 13:54:09,23.265625,1
2026-08-10 13:54:09,23.265625,1
2026-08-10 13:54:09,23.390625,1
2026-08-10 13:54:09,23.390625,1
2026-08-10 13:54:09,23.46875,1
2026-08-10 13:54:09,23.46875,1
2026-08-10 13:54:09,23.640625,1
2026-08-10 13:54:09,23.640625,1
2026-08-10 13:54:09,23.515625,1
2026-08-10 13:54:09,23.515625,1
2026-08-10 13:54:10,23.5625,1
2026-08-10 13:54:10,23.5625,1
2026-08-10 13:54:10,23.484375,1
2026-08-10 13:54:10,23.484375,1
2026-08-10 13:54:10,23.46875,1
2026-08-10 13:54:10,23.46875,1
2026-08-10 13:54:10,23.421875,1
2026-08-10 13:54:10,23.421875,1
2026-08-10 13:54:10,23.40625,1
2026-08-10 13:54:10,23.40625,1
2026-08-10 13:54:10,23.5,1
2026-08-10 13:54:10,23.5,1
2026-08-10 13:54:10,22.3125,1
2026-08-10 13:54:10,22.3125,1
2026-08-10 13:54:10,22.375,1
2026-08-10 13:54:10,22.375,1
2026-08-10 13:54:10,22.484375,1
2026-08-10 13:54:10,22.484375,1
2026-08-10 13:54:10,21.875,1
2026-08-10 13:54:10,21.875,1
2026-08-10 13:54:11,21.875,1
2026-08-10 13:54:11,21.875,1
2026-08-10 13:54:11,21.9375,1
2026-08-10 13:54:11,21.9375,1
2026-08-10 13:54:11,22.0,1
2026-08-10 13:54:11,22.0,1
2026-08-10 13:54:11,22.1875,1
2026-08-10 13:54:11,22.1875,1
2026-08-10 13:54:11,22.296875,1
2026-08-10 13:54:11,22.296875,1
2026-08-10 13:54:11,22.28125,1
2026-08-10 13:54:11,22.28125,1
2026-08-10 13:54:11,22.453125,1
2026-08-10 13:54:11,22.453125,1
2026-08-10 13:54:11,22.46875,1
2026-08-10 13:54:11,22.46875,1
2026-08-10 13:54:11,22.46875,1
2026-08-10 13:54:11,22.46875,1
2026-08-10 13:54:11,22.5,1
2026-08-10 13:54:11,22.5,1
2026-08-10 13:54:12,22.609375,1
2026-08-10 13:54:12,22.609375,1
2026-08-10 13:54:12,22.734375,1
2026-08-10 13:54:12,22.734375,1
2026-08-10 13:54:12,22.640625,1
2026-08-10 13:54:12,22.640625,1
2026-08-10 13:54:12,22.640625,1
2026-08-10 13:54:12,22.640625,1
2026-08-10 13:54:12,23.75,1
2026-08-10 13:54:12,23.75,1
2026-08-10 13:54:12,23.890625,1
2026-08-10 13:54:12,23.890625,1
2026-08-10 13:54:12,23.96875,1
2026-08-10 13:54:12,23.96875,1
2026-08-10 13:54:12,24.3125,1
2026-08-10 13:54:12,24.3125,1
2026-08-10 13:54:12,24.15625,1
2026-08-10 13:54:12,24.15625,1
2026-08-10 13:54:12,24.171875,1
2026-08-10 13:54:12,24.171875,1
2026-08-10 13:54:13,24.125,1
2026-08-10 13:54:13,24.125,1
2026-08-10 13:54:13,23.515625,1
2026-08-10 13:54:13,23.515625,1
2026-08-10 13:54:13,23.453125,1
2026-08-10 13:54:13,23.453125,1
2026-08-10 13:54:13,23.5,1
2026-08-10 13:54:13,23.5,1
2026-08-10 13:54:13,22.9375,1
2026-08-10 13:54:13,22.9375,1
2026-08-10 13:54:13,22.9375,1
2026-08-10 13:54:13,22.9375,1
2026-08-10 13:54:13,22.9375,1
2026-08-10 13:54:13,22.9375,1
2026-08-10 13:54:13,22.9375,1
2026-08-10 13:54:13,22.9375,1
2026-08-10 13:54:13,22.4375,1
2026-08-10 13:54:13,22.4375,1
2026-08-10 13:54:13,22.484375,1
2026-08-10 13:54:13,22.484375,1
2026-08-10 13:54:14,22.40625,1
2026-08-10 13:54:14,22.40625,1
2026-08-10 13:54:14,22.53125,1
2026-08-10 13:54:14,22.53125,1
2026-08-10 13:54:14,22.375,1
2026-08-10 13:54:14,22.375,1
2026-08-10 13:54:14,22.375,1
2026-08-10 13:54:14,22.375,1
2026-08-10 13:54:14,22.328125,1
2026-08-10 13:54:14,22.328125,1
2026-08-10 13:54:14,22.640625,1
2026-08-10 13:54:14,22.640625,1
2026-08-10 13:54:14,22.40625,1
2026-08-10 13:54:14,22.40625,1
2026-08-10 13:54:14,22.328125,1
2026-08-10 13:54:14,22.328125,1
2026-08-10 13:54:14,22.609375,1
2026-08-10 13:54:14,22.609375,1
2026-08-10 13:54:14,22.609375,1
2026-08-10 13:54:14,22.609375,1
2026-08-10 13:54:15,22.609375,1
2026-08-10 13:54:15,22.609375,1
2026-08-10 13:54:15,22.59375,1
2026-08-10 13:54:15,22.59375,1
2026-08-10 13:54:15,22.984375,1
2026-08-10 13:54:15,22.984375,1
2026-08-10 13:54:15,23.046875,1
2026-08-10 13:54:15,23.046875,1
2026-08-10 13:54:15,23.03125,1
2026-08-10 13:54:15,23.03125,1
2026-08-10 13:54:15,22.96875,1
2026-08-10 13:54:15,22.96875,1
2026-08-10 13:54:15,23.296875,1
2026-08-10 13:54:15,23.296875,1
2026-08-10 13:54:15,23.515625,1
2026-08-10 13:54:15,23.515625,1
2026-08-10 13:54:15,23.328125,1
2026-08-10 13:54:15,23.328125,1
2026-08-10 13:54:15,23.734375,1
2026-08-10 13:54:15,23.734375,1
2026-08-10 13:54:16,23.703125,1
2026-08-10 13:54:16,23.703125,1
2026-08-10 13:54:16,23.78125,1
2026-08-10 13:54:16,23.78125,1
2026-08-10 13:54:16,23.75,1
2026-08-10 13:54:16,23.75,1
2026-08-10 13:54:16,23.53125,1
2026-08-10 13:54:16,23.53125,1
2026-08-10 13:54:16,23.53125,1
2026-08-10 13:54:16,23.53125,1
2026-08-10 13:54:16,23.515625,1
2026-08-10 13:54:16,23.515625,1
2026-08-10 13:54:16,23.484375,1
2026-08-10 13:54:16,23.484375,1
2026-08-10 13:54:16,23.609375,1
2026-08-10 13:54:16,23.609375,1
2026-08-10 13:54:16,23.640625,1
2026-08-10 13:54:16,23.640625,1
2026-08-10 13:54:16,23.734375,1
2026-08-10 13:54:16,23.734375,1
2026-08-10 13:54:17,23.5,1
2026-08-10 13:54:17,23.5,1
2026-08-10 13:54:17,23.609375,1
2026-08-10 13:54:17,23.609375,1
2026-08-10 13:54:17,23.5625,1
2026-08-10 13:54:17,23.5625,1
2026-08-10 13:54:17,23.546875,1
2026-08-10 13:54:17,23.546875,1
2026-08-10 13:54:17,23.140625,1
2026-08-10 13:54:17,23.140625,1
2026-08-10 13:54:17,23.21875,1
2026-08-10 13:54:17,23.21875,1
2026-08-10 13:54:17,23.1875,1
2026-08-10 13:54:17,23.1875,1
2026-08-10 13:54:17,22.828125,1
2026-08-10 13:54:17,22.828125,1
2026-08-10 13:54:17,22.8125,1
2026-08-10 13:54:17,22.8125,1
2026-08-10 13:54:17,22.71875,1
2026-08-10 13:54:17,22.71875,1
2026-08-10 13:54:18,22.71875,1
2026-08-10 13:54:18,22.71875,1
2026-08-10 13:54:18,22.390625,1
2026-08-10 13:54:18,22.390625,1
2026-08-10 13:54:18,22.34375,1
2026-08-10 13:54:18,22.34375,1
2026-08-10 13:54:18,22.3125,1
2026-08-10 13:54:18,22.3125,1
2026-08-10 13:54:18,22.515625,1
2026-08-10 13:54:18,22.515625,1
2026-08-10 13:54:18,22.421875,1
2026-08-10 13:54:18,22.421875,1
2026-08-10 13:54:18,22.46875,1
2026-08-10 13:54:18,22.46875,1
2026-08-10 13:54:18,22.4375,1
2026-08-10 13:54:18,22.4375,1
2026-08-10 13:54:18,22.65625,1
2026-08-10 13:54:18,22.65625,1
2026-08-10 13:54:18,22.71875,1
2026-08-10 13:54:18,22.71875,1
2026-08-10 13:54:19,22.71875,1
2026-08-10 13:54:19,22.71875,1
2026-08-10 13:54:19,22.78125,1
2026-08-10 13:54:19,22.78125,1
2026-08-10 13:54:19,22.859375,1
2026-08-10 13:54:19,22.859375,1
2026-08-10 13:54:19,22.890625,1
2026-08-10 13:54:19,22.890625,1
2026-08-10 13:54:19,22.953125,1
2026-08-10 13:54:19,22.953125,1
2026-08-10 13:54:19,23.21875,1
2026-08-10 13:54:19,23.21875,1
2026-08-10 13:54:19,23.125,1
2026-08-10 13:54:19,23.125,1
2026-08-10 13:54:19,23.171875,1
2026-08-10 13:54:19,23.171875,1
2026-08-10 13:54:19,23.21875,1
2026-08-10 13:54:19,23.21875,1
2026-08-10 13:54:19,23.203125,1
2026-08-10 13:54:19,23.203125,1
2026-08-10 13:54:20,23.1875,1
2026-08-10 13:54:20,23.1875,1
2026-08-10 13:54:20,23.1875,1
2026-08-10 13:54:20,23.1875,1
2026-08-10 13:54:20,22.96875,1
2026-08-10 13:54:20,22.96875,1
2026-08-10 13:54:20,22.8125,1
2026-08-10 13:54:20,22.8125,1
2026-08-10 13:54:20,22.796875,1
2026-08-10 13:54:20,22.796875,1
2026-08-10 13:54:20,22.84375,1
2026-08-10 13:54:20,22.84375,1
2026-08-10 13:54:20,22.296875,1
2026-08-10 13:54:20,22.296875,1
2026-08-10 13:54:20,22.28125,1
2026-08-10 13:54:20,22.28125,1
2026-08-10 13:54:20,22.296875,1
2026-08-10 13:54:20,22.296875,1
2026-08-10 13:54:20,22.375,1
2026-08-10 13:54:20,22.375,1
2026-08-10 13:54:21,22.40625,1
2026-08-10 13:54:21,22.40625,1
2026-08-10 13:54:21,22.40625,1
2026-08-10 13:54:21,22.40625,1
2026-08-10 13:54:21,22.28125,1
2026-08-10 13:54:21,22.28125,1
2026-08-10 13:54:21,22.28125,1
2026-08-10 13:54:21,22.28125,1
2026-08-10 13:54:21,22.234375,1
2026-08-10 13:54:21,22.234375,1
2026-08-10 13:54:21,22.171875,1
2026-08-10 13:54:21,22.171875,1
2026-08-10 13:54:21,22.15625,1
2026-08-10 13:54:21,22.15625,1
2026-08-10 13:54:21,22.234375,1
2026-08-10 13:54:21,22.234375,1
2026-08-10 13:54:21,22.09375,1
2026-08-10 13:54:21,22.09375,1
2026-08-10 13:54:21,22.09375,1
2026-08-10 13:54:21,22.09375,1
2026-08-10 13:54:22,22.0625,1
2026-08-10 13:54:22,22.0625,1
2026-08-10 13:54:22,22.046875,1
2026-08-10 13:54:22,22.046875,1
2026-08-10 13:54:22,22.015625,1
2026-08-10 13:54:22,22.015625,1
2026-08-10 13:54:22,21.9375,1
2026-08-10 13:54:22,21.9375,1
2026-08-10 13:54:22,20.59375,1
2026-08-10 13:54:22,20.59375,1
2026-08-10 13:54:22,20.546875,1
2026-08-10 13:54:22,20.546875,1
2026-08-10 13:54:22,20.5,1
2026-08-10 13:54:22,20.5,1
2026-08-10 13:54:22,20.59375,1
2026-08-10 13:54:22,20.59375,1
2026-08-10 13:54:22,20.578125,1
2026-08-10 13:54:22,20.578125,1
2026-08-10 13:54:22,20.53125,1
2026-08-10 13:54:22,20.53125,1
2026-08-10 13:54:23,20.53125,1
2026-08-10 13:54:23,20.53125,1
2026-08-10 13:54:23,20.953125,1
2026-08-10 13:54:23,20.953125,1
2026-08-10 13:54:23,20.984375,1
2026-08-10 13:54:23,20.984375,1
2026-08-10 13:54:23,20.984375,1
2026-08-10 13:54:23,20.984375,1
2026-08-10 13:54:23,21.421875,1
2026-08-10 13:54:23,21.421875,1
2026-08-10 13:54:23,21.421875,1
2026-08-10 13:54:23,21.421875,1
2026-08-10 13:54:23,21.390625,1
2026-08-10 13:54:23,21.390625,1
2026-08-10 13:54:23,21.3125,1
2026-08-10 13:54:23,21.3125,1
2026-08-10 13:54:23,20.375,1
2026-08-10 13:54:23,20.375,1
2026-08-10 13:54:23,20.40625,1
2026-08-10 13:54:23,20.40625,1
2026-08-10 13:54:24,20.40625,1
2026-08-10 13:54:24,20.40625,1
2026-08-10 13:54:24,20.390625,1
2026-08-10 13:54:24,20.390625,1
2026-08-10 13:54:24,20.34375,1
2026-08-10 13:54:24,20.34375,1
2026-08-10 13:54:24,20.34375,1
2026-08-10 13:54:24,20.34375,1
2026-08-10 13:54:24,20.140625,1
2026-08-10 13:54:24,20.140625,1
2026-08-10 13:54:24,19.453125,1
2026-08-10 13:54:24,19.453125,1
2026-08-10 13:54:24,19.3125,1
2026-08-10 13:54:24,19.3125,1
2026-08-10 13:54:24,19.140625,1
2026-08-10 13:54:24,19.140625,1
2026-08-10 13:54:24,17.71875,1
2026-08-10 13:54:24,17.71875,1
2026-08-10 13:54:24,17.640625,1
2026-08-10 13:54:24,17.640625,1
2026-08-10 13:54:25,17.625,1
2026-08-10 13:54:25,17.625,1
2026-08-10 13:54:25,17.59375,1
2026-08-10 13:54:25,17.59375,1
2026-08-10 13:54:25,18.78125,1
2026-08-10 13:54:25,18.78125,1
2026-08-10 13:54:25,18.3125,1
2026-08-10 13:54:25,18.3125,1
2026-08-10 13:54:25,18.125,1
2026-08-10 13:54:25,18.125,1
2026-08-10 13:54:25,17.265625,1
2026-08-10 13:54:25,17.265625,1
2026-08-10 13:54:25,15.84375,1
2026-08-10 13:54:25,15.84375,1
2026-08-10 13:54:25,15.984375,1
2026-08-10 13:54:25,15.984375,1
2026-08-10 13:54:25,16.421875,1
2026-08-10 13:54:25,16.421875,1
2026-08-10 13:54:25,18.046875,1
2026-08-10 13:54:25,18.046875,1
2026-08-10 13:54:26,18.34375,1
2026-08-10 13:54:26,18.34375,1
2026-08-10 13:54:26,18.3125,1
2026-08-10 13:54:26,18.3125,1
2026-08-10 13:54:26,18.125,1
2026-08-10 13:54:26,18.125,1
2026-08-10 13:54:26,16.28125,1
2026-08-10 13:54:26,16.28125,1
2026-08-10 13:54:26,16.390625,1
2026-08-10 13:54:26,16.390625,1
2026-08-10 13:54:26,16.5,1
2026-08-10 13:54:26,16.5,1
2026-08-10 13:54:26,15.859375,1
2026-08-10 13:54:26,15.859375,1
2026-08-10 13:54:26,16.21875,1
2026-08-10 13:54:26,16.21875,1
2026-08-10 13:54:26,16.4375,1
2026-08-10 13:54:26,16.4375,1
2026-08-10 13:54:26,16.421875,1
2026-08-10 13:54:26,16.421875,1
2026-08-10 13:54:27,15.03125,1
2026-08-10 13:54:27,15.03125,1
2026-08-10 13:54:27,15.015625,1
2026-08-10 13:54:27,15.015625,1
2026-08-10 13:54:27,15.21875,1
2026-08-10 13:54:27,15.21875,1
2026-08-10 13:54:27,18.0,1
2026-08-10 13:54:27,18.0,1
2026-08-10 13:54:27,18.359375,1
2026-08-10 13:54:27,18.359375,1
2026-08-10 13:54:27,18.484375,1
2026-08-10 13:54:27,18.484375,1
2026-08-10 13:54:27,18.421875,1
2026-08-10 13:54:27,18.421875,1
2026-08-10 13:54:27,20.84375,1
2026-08-10 13:54:27,20.84375,1
2026-08-10 13:54:27,21.0,1
2026-08-10 13:54:27,21.0,1
2026-08-10 13:54:27,21.359375,1
2026-08-10 13:54:27,21.359375,1
2026-08-10 13:54:28,22.171875,1
2026-08-10 13:54:28,22.171875,1
2026-08-10 13:54:28,22.25,1
2026-08-10 13:54:28,22.25,1
2026-08-10 13:54:28,22.484375,1
2026-08-10 13:54:28,22.484375,1
2026-08-10 13:54:28,22.6875,1
2026-08-10 13:54:28,22.6875,1
2026-08-10 13:54:28,22.75,1
2026-08-10 13:54:28,22.75,1
2026-08-10 13:54:28,22.78125,1
2026-08-10 13:54:28,22.78125,1
2026-08-10 13:54:28,22.921875,1
2026-08-10 13:54:28,22.921875,1
2026-08-10 13:54:28,23.15625,1
2026-08-10 13:54:28,23.15625,1
2026-08-10 13:54:28,23.03125,1
2026-08-10 13:54:28,23.03125,1
2026-08-10 13:54:28,23.03125,1
2026-08-10 13:54:28,23.03125,1
2026-08-10 13:54:29,22.921875,1
2026-08-10 13:54:29,22.921875,1
2026-08-10 13:54:29,22.9375,1
2026-08-10 13:54:29,22.9375,1
2026-08-10 13:54:29,22.828125,1
2026-08-10 13:54:29,22.828125,1
2026-08-10 13:54:29,22.875,1
2026-08-10 13:54:29,22.875,1
2026-08-10 13:54:29,22.890625,1
2026-08-10 13:54:29,22.890625,1
2026-08-10 13:54:29,22.53125,1
2026-08-10 13:54:29,22.53125,1
2026-08-10 13:54:29,22.609375,1
2026-08-10 13:54:29,22.609375,1
2026-08-10 13:54:29,22.59375,1
2026-08-10 13:54:29,22.59375,1
2026-08-10 13:54:29,22.375,1
2026-08-10 13:54:29,22.375,1
2026-08-10 13:54:29,22.296875,1
2026-08-10 13:54:29,22.296875,1
2026-08-10 13:54:30,22.359375,1
2026-08-10 13:54:30,22.359375,1
2026-08-10 13:54:30,22.390625,1
2026-08-10 13:54:30,22.390625,1
2026-08-10 13:54:30,21.609375,1
2026-08-10 13:54:30,21.609375,1
2026-08-10 13:54:30,21.609375,1
2026-08-10 13:54:30,21.609375,1
2026-08-10 13:54:30,21.421875,1
2026-08-10 13:54:30,21.421875,1
2026-08-10 13:54:30,21.390625,1
2026-08-10 13:54:30,21.390625,1
2026-08-10 13:54:30,21.390625,1
2026-08-10 13:54:30,21.390625,1
2026-08-10 13:54:30,21.25,1
2026-08-10 13:54:30,21.25,1
2026-08-10 13:54:30,21.203125,1
2026-08-10 13:54:30,21.203125,1
2026-08-10 13:54:30,21.296875,1
2026-08-10 13:54:30,21.296875,1
2026-08-10 13:54:31,21.3125,1
2026-08-10 13:54:31,21.3125,1
2026-08-10 13:54:31,21.3125,1
2026-08-10 13:54:31,21.3125,1
2026-08-10 13:54:31,21.28125,1
2026-08-10 13:54:31,21.28125,1
2026-08-10 13:54:31,21.25,1
2026-08-10 13:54:31,21.25,1
2026-08-10 13:54:31,21.34375,1
2026-08-10 13:54:31,21.34375,1
2026-08-10 13:54:31,21.359375,1
2026-08-10 13:54:31,21.359375,1
2026-08-10 13:54:31,21.5,1
2026-08-10 13:54:31,21.5,1
2026-08-10 13:54:31,21.390625,1
2026-08-10 13:54:31,21.390625,1
2026-08-10 13:54:31,21.484375,1
2026-08-10 13:54:31,21.484375,1
2026-08-10 13:54:31,21.34375,1
2026-08-10 13:54:31,21.34375,1
2026-08-10 13:54:32,21.3125,1
2026-08-10 13:54:32,21.3125,1
2026-08-10 13:54:32,21.3125,1
2026-08-10 13:54:32,21.3125,1
2026-08-10 13:54:32,21.203125,1
2026-08-10 13:54:32,21.203125,1
2026-08-10 13:54:32,21.59375,1
2026-08-10 13:54:32,21.59375,1
2026-08-10 13:54:32,21.375,1
2026-08-10 13:54:32,21.375,1
2026-08-10 13:54:32,21.546875,1
2026-08-10 13:54:32,21.546875,1
2026-08-10 13:54:32,21.53125,1
2026-08-10 13:54:32,21.53125,1
2026-08-10 13:54:32,22.078125,1
2026-08-10 13:54:32,22.078125,1
2026-08-10 13:54:32,22.03125,1
2026-08-10 13:54:32,22.03125,1
2026-08-10 13:54:32,22.09375,1
2026-08-10 13:54:32,22.09375,1
2026-08-10 13:54:33,22.375,1
2026-08-10 13:54:33,22.375,1
2026-08-10 13:54:33,22.390625,1
2026-08-10 13:54:33,22.390625,1
2026-08-10 13:54:33,22.46875,1
2026-08-10 13:54:33,22.46875,1
2026-08-10 13:54:33,22.421875,1
2026-08-10 13:54:33,22.421875,1
2026-08-10 13:54:33,22.84375,1
2026-08-10 13:54:33,22.84375,1
2026-08-10 13:54:33,22.71875,1
2026-08-10 13:54:33,22.71875,1
2026-08-10 13:54:33,22.828125,1
2026-08-10 13:54:33,22.828125,1
2026-08-10 13:54:33,22.828125,1
2026-08-10 13:54:33,22.828125,1
2026-08-10 13:54:33,22.921875,1
2026-08-10 13:54:33,22.921875,1
2026-08-10 13:54:33,22.859375,1
2026-08-10 13:54:33,22.859375,1
2026-08-10 13:54:34,22.859375,1
2026-08-10 13:54:34,22.859375,1
2026-08-10 13:54:34,22.0625,1
2026-08-10 13:54:34,22.0625,1
2026-08-10 13:54:34,22.0,1
2026-08-10 13:54:34,22.0,1
2026-08-10 13:54:34,22.0625,1
2026-08-10 13:54:34,22.0625,1
2026-08-10 13:54:34,22.0,1
2026-08-10 13:54:34,22.0,1
2026-08-10 13:54:34,21.296875,1
2026-08-10 13:54:34,21.296875,1
2026-08-10 13:54:34,21.203125,1
2026-08-10 13:54:34,21.203125,1
2026-08-10 13:54:34,21.21875,1
2026-08-10 13:54:34,21.21875,1
2026-08-10 13:54:34,20.34375,1
2026-08-10 13:54:34,20.34375,1
2026-08-10 13:54:34,20.59375,1
2026-08-10 13:54:34,20.59375,1
2026-08-10 13:54:35,20.84375,1
2026-08-10 13:54:35,20.84375,1
2026-08-10 13:54:35,20.828125,1
2026-08-10 13:54:35,20.828125,1
2026-08-10 13:54:35,20.875,1
2026-08-10 13:54:35,20.875,1
2026-08-10 13:54:35,20.96875,1
2026-08-10 13:54:35,20.96875,1
2026-08-10 13:54:35,20.921875,1
2026-08-10 13:54:35,20.921875,1
2026-08-10 13:54:35,20.84375,1
2026-08-10 13:54:35,20.84375,1
2026-08-10 13:54:35,20.328125,1
2026-08-10 13:54:35,20.328125,1
2026-08-10 13:54:35,20.5625,1
2026-08-10 13:54:35,20.5625,1
2026-08-10 13:54:35,20.5625,1
2026-08-10 13:54:35,20.5625,1
2026-08-10 13:54:35,20.046875,1
2026-08-10 13:54:35,20.046875,1
2026-08-10 13:54:36,20.046875,1
2026-08-10 13:54:36,20.046875,1
2026-08-10 13:54:36,20.203125,1
2026-08-10 13:54:36,20.203125,1
2026-08-10 13:54:36,19.46875,1
2026-08-10 13:54:36,19.46875,1
2026-08-10 13:54:36,19.390625,1
2026-08-10 13:54:36,19.390625,1
2026-08-10 13:54:36,19.34375,1
2026-08-10 13:54:36,19.34375,1
2026-08-10 13:54:36,19.3125,1
2026-08-10 13:54:36,19.3125,1
2026-08-10 13:54:36,19.65625,1
2026-08-10 13:54:36,19.65625,1
2026-08-10 13:54:36,19.71875,1
2026-08-10 13:54:36,19.71875,1
2026-08-10 13:54:36,19.71875,1
2026-08-10 13:54:36,19.71875,1
2026-08-10 13:54:36,19.8125,1
2026-08-10 13:54:36,19.8125,1
2026-08-10 13:54:37,20.078125,1
2026-08-10 13:54:37,20.078125,1
2026-08-10 13:54:37,20.375,1
2026-08-10 13:54:37,20.375,1
2026-08-10 13:54:37,20.390625,1
2026-08-10 13:54:37,20.390625,1
2026-08-10 13:54:37,20.703125,1
2026-08-10 13:54:37,20.703125,1
2026-08-10 13:54:37,20.546875,1
2026-08-10 13:54:37,20.546875,1
2026-08-10 13:54:37,20.359375,1
2026-08-10 13:54:37,20.359375,1
2026-08-10 13:54:37,20.234375,1
2026-08-10 13:54:37,20.234375,1
2026-08-10 13:54:37,20.265625,1
2026-08-10 13:54:37,20.265625,1
2026-08-10 13:54:37,20.21875,1
2026-08-10 13:54:37,20.21875,1
2026-08-10 13:54:37,20.265625,1
2026-08-10 13:54:37,20.265625,1
2026-08-10 13:54:38,18.25,1
2026-08-10 13:54:38,18.25,1
2026-08-10 13:54:38,18.34375,1
2026-08-10 13:54:38,18.34375,1
2026-08-10 13:54:38,18.515625,1
2026-08-10 13:54:38,18.515625,1
2026-08-10 13:54:38,18.671875,1
2026-08-10 13:54:38,18.671875,1
2026-08-10 13:54:38,15.734375,1
2026-08-10 13:54:38,15.734375,1
2026-08-10 13:54:38,15.640625,1
2026-08-10 13:54:38,15.640625,1
2026-08-10 13:54:38,15.5,1
2026-08-10 13:54:38,15.5,1
2026-08-10 13:54:38,11.8125,1
2026-08-10 13:54:38,11.8125,1
2026-08-10 13:54:38,11.78125,1
2026-08-10 13:54:38,11.78125,1
2026-08-10 13:54:38,11.625,1
2026-08-10 13:54:38,11.625,1
2026-08-10 13:54:39,11.109375,1
2026-08-10 13:54:39,11.109375,1
2026-08-10 13:54:39,7.375,1
2026-08-10 13:54:39,7.375,1
2026-08-10 13:54:39,7.03125,1
2026-08-10 13:54:39,7.03125,1
2026-08-10 13:54:39,6.546875,1
2026-08-10 13:54:39,6.546875,1
2026-08-10 13:54:39,6.296875,1
2026-08-10 13:54:39,6.296875,1
2026-08-10 13:54:39,3.234375,1
2026-08-10 13:54:39,3.234375,1
2026-08-10 13:54:39,3.109375,1
2026-08-10 13:54:39,3.109375,1
2026-08-10 13:54:39,3.03125,1
2026-08-10 13:54:39,3.03125,1
2026-08-10 13:54:39,0.515625,1
2026-08-10 13:54:39,0.515625,1
2026-08-10 13:54:39,0.515625,1
2026-08-10 13:54:39,0.515625,1
2026-08-10 13:54:40,0.0,1
2026-08-10 13:54:40,0.0,1
2026-08-10 13:54:40,0.0,1
2026-08-10 13:54:40,0.0,1
2026-08-10 13:54:40,0.0,1
2026-08-10 13:54:40,0.0,1
2026-08-10 13:54:40,0.0,1
2026-08-10 13:54:40,0.0,1
2026-08-10 13:54:40,0.0,1
2026-08-10 13:54:40,0.0,1
2026-08-10 13:54:40,0.0,1
2026-08-10 13:54:40,0.0,1
2026-08-10 13:54:40,0.0,1
2026-08-10 13:54:40,0.0,1
2026-08-10 13:54:40,0.0,1
2026-08-10 13:54:40,0.0,1
2026-08-10 13:54:40,0.0,1
2026-08-10 13:54:40,0.0,1
2026-08-10 13:54:40,0.0,1
2026-08-10 13:54:40,0.0,1
2026-08-10 13:54:41,0.0,1
2026-08-10 13:54:41,0.0,1
2026-08-10 13:54:41,0.0,1
2026-08-10 13:54:41,0.0,1
2026-08-10 13:54:41,0.0,1
2026-08-10 13:54:41,0.0,1
2026-08-10 13:54:41,0.0,1
2026-08-10 13:54:41,0.0,1
2026-08-10 13:54:41,0.0,1
2026-08-10 13:54:41,0.0,1
2026-08-10 13:54:41,0.0,1
2026-08-10 13:54:41,0.0,1
2026-08-10 13:54:41,0.0,1
2026-08-10 13:54:41,0.0,1
2026-08-10 13:54:41,0.0,1
2026-08-10 13:54:41,0.0,1
2026-08-10 13:54:41,0.0,1
2026-08-10 13:54:41,0.0,1
2026-08-10 13:54:41,0.0,1
2026-08-10 13:54:41,0.0,1
2026-08-10 13:54:42,0.0,1
2026-08-10 13:54:42,0.0,1
2026-08-10 13:54:42,0.0,1
2026-08-10 13:54:42,0.0,1
2026-08-10 13:54:42,0.0,1
2026-08-10 13:54:42,0.0,1
2026-08-10 13:54:42,0.0,1
2026-08-10 13:54:42,0.0,1
2026-08-10 13:54:42,0.0,1
2026-08-10 13:54:42,0.0,1
2026-08-10 13:54:42,0.0,1
2026-08-10 13:54:42,0.0,1
2026-08-10 13:54:42,0.0,1
2026-08-10 13:54:42,0.0,1
2026-08-10 13:54:42,0.0,1
2026-08-10 13:54:42,0.0,0
2026-08-10 13:54:42,0.0,0
2026-08-10 13:54:42,0.0,0
2026-08-10 13:54:42,0.0,0
2026-08-10 13:54:42,0.0,0
2026-08-10 13:54:43,0.0,0
2026-08-10 13:54:43,0.0,-1
2026-08-10 13:54:43,0.0,-1
2026-08-10 13:54:43,0.0,-1
2026-08-10 13:54:43,0.0,-1
2026-08-10 13:54:43,0.0,-1
2026-08-10 13:54:43,0.0,-1
2026-08-10 13:54:43,0.0,-1
2026-08-10 13:54:43,0.0,-1
2026-08-10 13:54:43,0.0,-1
2026-08-10 13:54:43,0.0,-1
2026-08-10 13:54:43,0.0,-1
2026-08-10 13:54:43,0.0,-1
2026-08-10 13:54:43,0.0,-1
2026-08-10 13:54:43,0.0,-1
2026-08-10 13:54:43,0.0,-1
2026-08-10 13:54:43,2.359375,-1
2026-08-10 13:54:43,2.359375,-1
2026-08-10 13:54:43,2.09375,-1
2026-08-10 13:54:43,2.09375,-1
2026-08-10 13:54:44,1.796875,-1
2026-08-10 13:54:44,1.796875,-1
2026-08-10 13:54:44,1.78125,-1
2026-08-10 13:54:44,1.78125,-1
2026-08-10 13:54:44,2.109375,-1
2026-08-10 13:54:44,2.109375,-1
2026-08-10 13:54:44,2.109375,-1
2026-08-10 13:54:44,2.109375,-1
2026-08-10 13:54:44,3.328125,-1
2026-08-10 13:54:44,3.328125,-1
2026-08-10 13:54:44,5.390625,-1
2026-08-10 13:54:44,5.390625,-1
2026-08-10 13:54:44,5.359375,-1
2026-08-10 13:54:44,5.359375,-1
2026-08-10 13:54:44,5.25,-1
2026-08-10 13:54:44,5.25,-1
2026-08-10 13:54:44,6.40625,-1
2026-08-10 13:54:44,6.40625,-1
2026-08-10 13:54:44,6.5,-1
2026-08-10 13:54:44,6.5,-1
2026-08-10 13:54:45,6.78125,-1
2026-08-10 13:54:45,6.78125,-1
2026-08-10 13:54:45,6.8125,-1
2026-08-10 13:54:45,6.8125,-1
2026-08-10 13:54:45,9.140625,-1
2026-08-10 13:54:45,9.140625,-1
2026-08-10 13:54:45,9.3125,-1
2026-08-10 13:54:45,9.3125,-1
2026-08-10 13:54:45,9.359375,-1
2026-08-10 13:54:45,9.359375,-1
2026-08-10 13:54:45,10.53125,-1
2026-08-10 13:54:45,10.53125,-1
2026-08-10 13:54:45,10.59375,-1
2026-08-10 13:54:45,10.59375,-1
2026-08-10 13:54:45,10.65625,-1
2026-08-10 13:54:45,10.65625,-1
2026-08-10 13:54:45,10.859375,-1
2026-08-10 13:54:45,10.859375,-1
2026-08-10 13:54:45,12.53125,-1
2026-08-10 13:54:45,12.53125,-1
2026-08-10 13:54:46,12.703125,-1
2026-08-10 13:54:46,12.703125,-1
2026-08-10 13:54:46,12.53125,-1
2026-08-10 13:54:46,12.53125,-1
2026-08-10 13:54:46,12.84375,-1
2026-08-10 13:54:46,12.84375,-1
2026-08-10 13:54:46,13.328125,-1
2026-08-10 13:54:46,13.328125,-1
2026-08-10 13:54:46,13.34375,-1
2026-08-10 13:54:46,13.34375,-1
2026-08-10 13:54:46,13.3125,-1
2026-08-10 13:54:46,13.3125,-1
2026-08-10 13:54:46,13.625,-1
2026-08-10 13:54:46,13.625,-1
2026-08-10 13:54:46,13.6875,-1
2026-08-10 13:54:46,13.6875,-1
2026-08-10 13:54:46,13.8125,-1
2026-08-10 13:54:46,13.8125,-1
2026-08-10 13:54:46,13.96875,-1
2026-08-10 13:54:46,13.96875,-1
2026-08-10 13:54:47,14.046875,-1
2026-08-10 13:54:47,14.046875,-1
2026-08-10 13:54:47,13.90625,-1
2026-08-10 13:54:47,13.90625,-1
2026-08-10 13:54:47,13.84375,-1
2026-08-10 13:54:47,13.84375,-1
2026-08-10 13:54:47,13.890625,-1
2026-08-10 13:54:47,13.890625,-1
2026-08-10 13:54:47,14.046875,-1
2026-08-10 13:54:47,14.046875,-1
2026-08-10 13:54:47,13.953125,-1
2026-08-10 13:54:47,13.953125,-1
2026-08-10 13:54:47,13.9375,-1
2026-08-10 13:54:47,13.9375,-1
2026-08-10 13:54:47,13.671875,-1
2026-08-10 13:54:47,13.671875,-1
2026-08-10 13:54:47,13.640625,-1
2026-08-10 13:54:47,13.640625,-1
2026-08-10 13:54:47,13.65625,-1
2026-08-10 13:54:47,13.65625,-1
2026-08-10 13:54:48,13.703125,-1
2026-08-10 13:54:48,13.703125,-1
2026-08-10 13:54:48,13.78125,-1
2026-08-10 13:54:48,13.78125,-1
2026-08-10 13:54:48,13.8125,-1
2026-08-10 13:54:48,13.8125,-1
2026-08-10 13:54:48,13.765625,-1
2026-08-10 13:54:48,13.765625,-1
2026-08-10 13:54:48,13.5,-1
2026-08-10 13:54:48,13.5,-1
2026-08-10 13:54:48,13.765625,-1
2026-08-10 13:54:48,13.765625,-1
2026-08-10 13:54:48,13.609375,-1
2026-08-10 13:54:48,13.609375,-1
2026-08-10 13:54:48,13.578125,-1
2026-08-10 13:54:48,13.578125,-1
2026-08-10 13:54:48,13.75,-1
2026-08-10 13:54:48,13.75,-1
2026-08-10 13:54:48,13.859375,-1
2026-08-10 13:54:48,13.859375,-1
2026-08-10 13:54:49,13.84375,-1
2026-08-10 13:54:49,13.84375,-1
2026-08-10 13:54:49,13.734375,-1
2026-08-10 13:54:49,13.734375,-1
2026-08-10 13:54:49,13.71875,-1
2026-08-10 13:54:49,13.71875,-1
2026-08-10 13:54:49,13.8125,-1
2026-08-10 13:54:49,13.8125,-1
2026-08-10 13:54:49,13.75,-1
2026-08-10 13:54:49,13.75,-1
2026-08-10 13:54:49,13.671875,-1
2026-08-10 13:54:49,13.671875,-1
2026-08-10 13:54:49,13.671875,-1
2026-08-10 13:54:49,13.671875,-1
2026-08-10 13:54:49,13.734375,-1
2026-08-10 13:54:49,13.734375,-1
2026-08-10 13:54:49,13.734375,-1
2026-08-10 13:54:49,13.734375,-1
2026-08-10 13:54:49,13.640625,-1
2026-08-10 13:54:49,13.640625,-1
2026-08-10 13:54:50,13.625,-1
2026-08-10 13:54:50,13.625,-1
2026-08-10 13:54:50,13.75,-1
2026-08-10 13:54:50,13.75,-1
2026-08-10 13:54:50,14.15625,-1
2026-08-10 13:54:50,14.15625,-1
2026-08-10 13:54:50,13.578125,-1
2026-08-10 13:54:50,13.578125,-1
2026-08-10 13:54:50,13.546875,-1
2026-08-10 13:54:50,13.546875,-1
2026-08-10 13:54:50,13.421875,-1
2026-08-10 13:54:50,13.421875,-1
2026-08-10 13:54:50,14.515625,-1
2026-08-10 13:54:50,14.515625,-1
2026-08-10 13:54:50,14.40625,-1
2026-08-10 13:54:50,14.40625,-1
2026-08-10 13:54:50,14.3125,-1
2026-08-10 13:54:50,14.3125,-1
2026-08-10 13:54:50,15.6875,-1
2026-08-10 13:54:50,15.6875,-1
2026-08-10 13:54:51,15.734375,-1
2026-08-10 13:54:51,15.734375,-1
2026-08-10 13:54:51,15.734375,-1
2026-08-10 13:54:51,15.734375,-1
2026-08-10 13:54:51,15.671875,-1
2026-08-10 13:54:51,15.671875,-1
2026-08-10 13:54:51,15.96875,-1
2026-08-10 13:54:51,15.96875,-1
2026-08-10 13:54:51,16.046875,-1
2026-08-10 13:54:51,16.046875,-1
2026-08-10 13:54:51,16.0,-1
2026-08-10 13:54:51,16.0,-1
2026-08-10 13:54:51,15.9375,-1
2026-08-10 13:54:51,15.9375,-1
2026-08-10 13:54:51,15.859375,-1
2026-08-10 13:54:51,15.859375,-1
2026-08-10 13:54:51,15.890625,-1
2026-08-10 13:54:51,15.890625,-1
2026-08-10 13:54:51,15.96875,-1
2026-08-10 13:54:51,15.96875,-1
2026-08-10 13:54:52,16.609375,-1
2026-08-10 13:54:52,16.609375,-1
2026-08-10 13:54:52,16.46875,-1
2026-08-10 13:54:52,16.46875,-1
2026-08-10 13:54:52,16.46875,-1
2026-08-10 13:54:52,16.46875,-1
2026-08-10 13:54:52,16.53125,-1
2026-08-10 13:54:52,16.53125,-1
2026-08-10 13:54:52,16.28125,-1
2026-08-10 13:54:52,16.28125,-1
2026-08-10 13:54:52,16.125,-1
2026-08-10 13:54:52,16.125,-1
2026-08-10 13:54:52,15.984375,-1
2026-08-10 13:54:52,15.984375,-1
2026-08-10 13:54:52,15.9375,-1
2026-08-10 13:54:52,15.9375,-1
2026-08-10 13:54:52,16.015625,-1
2026-08-10 13:54:52,16.015625,-1
2026-08-10 13:54:52,16.109375,-1
2026-08-10 13:54:52,16.109375,-1
2026-08-10 13:54:53,16.09375,-1
2026-08-10 13:54:53,16.09375,-1
2026-08-10 13:54:53,15.796875,-1
2026-08-10 13:54:53,15.796875,-1
2026-08-10 13:54:53,15.765625,-1
2026-08-10 13:54:53,15.765625,-1
2026-08-10 13:54:53,15.640625,-1
2026-08-10 13:54:53,15.640625,-1
2026-08-10 13:54:53,15.171875,-1
2026-08-10 13:54:53,15.171875,-1
2026-08-10 13:54:53,15.140625,-1
2026-08-10 13:54:53,15.140625,-1
2026-08-10 13:54:53,15.171875,-1
2026-08-10 13:54:53,15.171875,-1
2026-08-10 13:54:53,15.15625,-1
2026-08-10 13:54:53,15.15625,-1
2026-08-10 13:54:53,14.859375,-1
2026-08-10 13:54:53,14.859375,-1
2026-08-10 13:54:53,14.921875,-1
2026-08-10 13:54:53,14.921875,-1
2026-08-10 13:54:54,14.890625,-1
2026-08-10 13:54:54,14.890625,-1
2026-08-10 13:54:54,14.890625,-1
2026-08-10 13:54:54,14.890625,-1
2026-08-10 13:54:54,14.5625,-1
2026-08-10 13:54:54,14.5625,-1
2026-08-10 13:54:54,14.578125,-1
2026-08-10 13:54:54,14.578125,-1
2026-08-10 13:54:54,14.515625,-1
2026-08-10 13:54:54,14.515625,-1
2026-08-10 13:54:54,14.328125,-1
2026-08-10 13:54:54,14.328125,-1
2026-08-10 13:54:54,14.25,-1
2026-08-10 13:54:54,14.25,-1
2026-08-10 13:54:54,14.21875,-1
2026-08-10 13:54:54,14.21875,-1
2026-08-10 13:54:54,14.046875,-1
2026-08-10 13:54:54,14.046875,-1
2026-08-10 13:54:54,14.078125,-1
2026-08-10 13:54:54,14.078125,-1
2026-08-10 13:54:55,14.0,-1
2026-08-10 13:54:55,14.0,-1
2026-08-10 13:54:55,13.890625,-1
2026-08-10 13:54:55,13.890625,-1
2026-08-10 13:54:55,13.78125,-1
2026-08-10 13:54:55,13.78125,-1
2026-08-10 13:54:55,13.84375,-1
2026-08-10 13:54:55,13.84375,-1
2026-08-10 13:54:55,13.796875,-1
2026-08-10 13:54:55,13.796875,-1
2026-08-10 13:54:55,13.796875,-1
2026-08-10 13:54:55,13.796875,-1
2026-08-10 13:54:55,13.546875,-1
2026-08-10 13:54:55,13.546875,-1
2026-08-10 13:54:55,13.5625,-1
2026-08-10 13:54:55,13.5625,-1
2026-08-10 13:54:55,13.53125,-1
2026-08-10 13:54:55,13.53125,-1
2026-08-10 13:54:55,13.40625,-1
2026-08-10 13:54:55,13.40625,-1
2026-08-10 13:54:56,13.46875,-1
2026-08-10 13:54:56,13.46875,-1
2026-08-10 13:54:56,13.5625,-1
2026-08-10 13:54:56,13.5625,-1
2026-08-10 13:54:56,13.5,-1
2026-08-10 13:54:56,13.5,-1
2026-08-10 13:54:56,15.671875,-1
2026-08-10 13:54:56,15.671875,-1
2026-08-10 13:54:56,15.375,-1
2026-08-10 13:54:56,15.375,-1
2026-08-10 13:54:56,15.203125,-1
2026-08-10 13:54:56,15.203125,-1
2026-08-10 13:54:56,14.75,-1
2026-08-10 13:54:56,14.75,-1
2026-08-10 13:54:56,14.78125,-1
2026-08-10 13:54:56,14.78125,-1
2026-08-10 13:54:56,14.96875,-1
2026-08-10 13:54:56,14.96875,-1
2026-08-10 13:54:56,15.15625,-1
2026-08-10 13:54:56,15.15625,-1
2026-08-10 13:54:57,16.875,-1
2026-08-10 13:54:57,16.875,-1
2026-08-10 13:54:57,17.125,-1
2026-08-10 13:54:57,17.125,-1
2026-08-10 13:54:57,17.421875,-1
2026-08-10 13:54:57,17.421875,-1
2026-08-10 13:54:57,17.609375,-1
2026-08-10 13:54:57,17.609375,-1
2026-08-10 13:54:57,17.46875,-1
2026-08-10 13:54:57,17.46875,-1
2026-08-10 13:54:57,17.46875,-1
2026-08-10 13:54:57,17.46875,-1
2026-08-10 13:54:57,17.65625,-1
2026-08-10 13:54:57,17.65625,-1
2026-08-10 13:54:57,19.6875,-1
2026-08-10 13:54:57,19.6875,-1
2026-08-10 13:54:57,19.8125,-1
2026-08-10 13:54:57,19.8125,-1
2026-08-10 13:54:57,19.765625,-1
2026-08-10 13:54:57,19.765625,-1
2026-08-10 13:54:58,19.6875,-1
2026-08-10 13:54:58,19.6875,-1
2026-08-10 13:54:58,20.453125,-1
2026-08-10 13:54:58,20.453125,-1
2026-08-10 13:54:58,20.53125,-1
2026-08-10 13:54:58,20.53125,-1
2026-08-10 13:54:58,20.734375,-1
2026-08-10 13:54:58,20.734375,-1
2026-08-10 13:54:58,21.5,-1
2026-08-10 13:54:58,21.5,-1
2026-08-10 13:54:58,21.4375,-1
2026-08-10 13:54:58,21.4375,-1
2026-08-10 13:54:58,21.484375,-1
2026-08-10 13:54:58,21.484375,-1
2026-08-10 13:54:58,21.515625,-1
2026-08-10 13:54:58,21.515625,-1
2026-08-10 13:54:58,22.71875,-1
2026-08-10 13:54:58,22.71875,-1
2026-08-10 13:54:58,22.828125,-1
2026-08-10 13:54:58,22.828125,-1
2026-08-10 13:54:59,22.84375,-1
2026-08-10 13:54:59,22.84375,-1
2026-08-10 13:54:59,23.125,-1
2026-08-10 13:54:59,23.125,-1
2026-08-10 13:54:59,23.078125,-1
2026-08-10 13:54:59,23.078125,-1
2026-08-10 13:54:59,23.28125,-1
2026-08-10 13:54:59,23.28125,-1
2026-08-10 13:54:59,23.203125,-1
2026-08-10 13:54:59,23.203125,-1
2026-08-10 13:54:59,22.65625,-1
2026-08-10 13:54:59,22.65625,-1
2026-08-10 13:54:59,22.765625,-1
2026-08-10 13:54:59,22.765625,-1
2026-08-10 13:54:59,22.859375,-1
2026-08-10 13:54:59,22.859375,-1
2026-08-10 13:54:59,23.046875,-1
2026-08-10 13:54:59,23.046875,-1
2026-08-10 13:54:59,22.703125,-1
2026-08-10 13:54:59,22.703125,-1
2026-08-10 13:55:00,22.65625,-1
2026-08-10 13:55:00,22.65625,-1
2026-08-10 13:55:00,22.6875,-1
2026-08-10 13:55:00,22.6875,-1
2026-08-10 13:55:00,21.671875,-1
2026-08-10 13:55:00,21.671875,-1
2026-08-10 13:55:00,21.5,-1
2026-08-10 13:55:00,21.5,-1
2026-08-10 13:55:00,21.484375,-1
2026-08-10 13:55:00,21.484375,-1
2026-08-10 13:55:00,21.4375,-1
2026-08-10 13:55:00,21.4375,-1
2026-08-10 13:55:00,22.265625,-1
2026-08-10 13:55:00,22.265625,-1
2026-08-10 13:55:00,22.09375,-1
2026-08-10 13:55:00,22.09375,-1
2026-08-10 13:55:00,22.15625,-1
2026-08-10 13:55:00,22.15625,-1
2026-08-10 13:55:00,21.34375,-1
2026-08-10 13:55:00,21.34375,-1
2026-08-10 13:55:01,21.171875,-1
2026-08-10 13:55:01,21.171875,-1
2026-08-10 13:55:01,21.125,-1
2026-08-10 13:55:01,21.125,-1
2026-08-10 13:55:01,20.890625,-1
2026-08-10 13:55:01,20.890625,-1
2026-08-10 13:55:01,21.421875,-1
2026-08-10 13:55:01,21.421875,-1
2026-08-10 13:55:01,21.25,-1
2026-08-10 13:55:01,21.25,-1
2026-08-10 13:55:01,21.171875,-1
2026-08-10 13:55:01,21.171875,-1
2026-08-10 13:55:01,21.1875,-1
2026-08-10 13:55:01,21.1875,-1
2026-08-10 13:55:01,21.265625,-1
2026-08-10 13:55:01,21.265625,-1
2026-08-10 13:55:01,21.546875,-1
2026-08-10 13:55:01,21.546875,-1
2026-08-10 13:55:01,21.53125,-1
2026-08-10 13:55:01,21.53125,-1
2026-08-10 13:55:02,21.28125,-1
2026-08-10 13:55:02,21.28125,-1
2026-08-10 13:55:02,21.09375,-1
2026-08-10 13:55:02,21.09375,-1
2026-08-10 13:55:02,21.078125,-1
2026-08-10 13:55:02,21.078125,-1
2026-08-10 13:55:02,20.96875,-1
2026-08-10 13:55:02,20.96875,-1
2026-08-10 13:55:02,20.375,-1
2026-08-10 13:55:02,20.375,-1
2026-08-10 13:55:02,20.421875,-1
2026-08-10 13:55:02,20.421875,-1
2026-08-10 13:55:02,20.390625,-1
2026-08-10 13:55:02,20.390625,-1
2026-08-10 13:55:02,20.15625,-1
2026-08-10 13:55:02,20.15625,-1
2026-08-10 13:55:02,20.125,-1
2026-08-10 13:55:02,20.125,-1
2026-08-10 13:55:02,20.109375,-1
2026-08-10 13:55:02,20.109375,-1
2026-08-10 13:55:03,20.0625,-1
2026-08-10 13:55:03,20.0625,-1
2026-08-10 13:55:03,19.34375,-1
2026-08-10 13:55:03,19.34375,-1
2026-08-10 13:55:03,19.328125,-1
2026-08-10 13:55:03,19.328125,-1
2026-08-10 13:55:03,19.296875,-1
2026-08-10 13:55:03,19.296875,-1
2026-08-10 13:55:03,18.8125,-1
2026-08-10 13:55:03,18.8125,-1
2026-08-10 13:55:03,18.71875,-1
2026-08-10 13:55:03,18.71875,-1
2026-08-10 13:55:03,18.8125,-1
2026-08-10 13:55:03,18.8125,-1
2026-08-10 13:55:03,18.671875,-1
2026-08-10 13:55:03,18.671875,-1
2026-08-10 13:55:03,18.125,-1
2026-08-10 13:55:03,18.125,-1
2026-08-10 13:55:03,18.09375,-1
2026-08-10 13:55:03,18.09375,-1
2026-08-10 13:55:04,18.125,-1
2026-08-10 13:55:04,18.125,-1
2026-08-10 13:55:04,17.25,-1
2026-08-10 13:55:04,17.25,-1
2026-08-10 13:55:04,17.171875,-1
2026-08-10 13:55:04,17.171875,-1
2026-08-10 13:55:04,17.09375,-1
2026-08-10 13:55:04,17.09375,-1
2026-08-10 13:55:04,17.03125,-1
2026-08-10 13:55:04,17.03125,-1
2026-08-10 13:55:04,16.609375,-1
2026-08-10 13:55:04,16.609375,-1
2026-08-10 13:55:04,16.515625,-1
2026-08-10 13:55:04,16.515625,-1
2026-08-10 13:55:04,16.53125,-1
2026-08-10 13:55:04,16.53125,-1
2026-08-10 13:55:04,16.453125,-1
2026-08-10 13:55:04,16.453125,-1
2026-08-10 13:55:04,15.4375,-1
2026-08-10 13:55:04,15.4375,-1
2026-08-10 13:55:05,15.375,-1
2026-08-10 13:55:05,15.375,-1
2026-08-10 13:55:05,15.3125,-1
2026-08-10 13:55:05,15.3125,-1
2026-08-10 13:55:05,13.90625,-1
2026-08-10 13:55:05,13.90625,-1
2026-08-10 13:55:05,13.796875,-1
2026-08-10 13:55:05,13.796875,-1
2026-08-10 13:55:05,13.609375,-1
2026-08-10 13:55:05,13.609375,-1
2026-08-10 13:55:05,13.53125,-1
2026-08-10 13:55:05,13.53125,-1
2026-08-10 13:55:05,13.09375,-1
2026-08-10 13:55:05,13.09375,-1
2026-08-10 13:55:05,12.96875,-1
2026-08-10 13:55:05,12.96875,-1
2026-08-10 13:55:05,13.03125,-1
2026-08-10 13:55:05,13.03125,-1
2026-08-10 13:55:05,13.03125,-1
2026-08-10 13:55:05,13.03125,-1
2026-08-10 13:55:06,12.84375,-1
2026-08-10 13:55:06,12.84375,-1
2026-08-10 13:55:06,12.765625,-1
2026-08-10 13:55:06,12.765625,-1
2026-08-10 13:55:06,12.765625,-1
2026-08-10 13:55:06,12.765625,-1
2026-08-10 13:55:06,12.65625,-1
2026-08-10 13:55:06,12.65625,-1
2026-08-10 13:55:06,12.609375,-1
2026-08-10 13:55:06,12.609375,-1
2026-08-10 13:55:06,12.578125,-1
2026-08-10 13:55:06,12.578125,-1
2026-08-10 13:55:06,12.609375,-1
2026-08-10 13:55:06,12.609375,-1
2026-08-10 13:55:06,12.9375,-1
2026-08-10 13:55:06,12.9375,-1
2026-08-10 13:55:06,12.953125,-1
2026-08-10 13:55:06,12.953125,-1
2026-08-10 13:55:06,12.96875,-1
2026-08-10 13:55:06,12.96875,-1
2026-08-10 13:55:07,13.1875,-1
2026-08-10 13:55:07,13.1875,-1
2026-08-10 13:55:07,13.140625,-1
2026-08-10 13:55:07,13.140625,-1
2026-08-10 13:55:07,13.203125,-1
2026-08-10 13:55:07,13.203125,-1
2026-08-10 13:55:07,13.171875,-1
2026-08-10 13:55:07,13.171875,-1
2026-08-10 13:55:07,13.015625,-1
2026-08-10 13:55:07,13.015625,-1
2026-08-10 13:55:07,13.125,-1
2026-08-10 13:55:07,13.125,-1
2026-08-10 13:55:07,12.9375,-1
2026-08-10 13:55:07,12.9375,-1
2026-08-10 13:55:07,12.984375,-1
2026-08-10 13:55:07,12.984375,-1
2026-08-10 13:55:07,11.65625,-1
2026-08-10 13:55:07,11.65625,-1
2026-08-10 13:55:07,11.28125,-1
2026-08-10 13:55:07,11.28125,-1
2026-08-10 13:55:08,11.25,-1
2026-08-10 13:55:08,11.25,-1
2026-08-10 13:55:08,8.640625,-1
2026-08-10 13:55:08,8.640625,-1
2026-08-10 13:55:08,8.484375,-1
2026-08-10 13:55:08,8.484375,-1
2026-08-10 13:55:08,8.390625,-1
2026-08-10 13:55:08,8.390625,-1
2026-08-10 13:55:08,5.78125,-1
2026-08-10 13:55:08,5.78125,-1
2026-08-10 13:55:08,5.546875,-1
2026-08-10 13:55:08,5.546875,-1
2026-08-10 13:55:08,5.40625,-1
2026-08-10 13:55:08,5.40625,-1
2026-08-10 13:55:08,5.21875,-1
2026-08-10 13:55:08,5.21875,-1
2026-08-10 13:55:08,4.890625,-1
2026-08-10 13:55:08,4.890625,-1
2026-08-10 13:55:08,4.828125,-1
2026-08-10 13:55:08,4.828125,-1
2026-08-10 13:55:09,4.828125,-1
2026-08-10 13:55:09,4.828125,-1
2026-08-10 13:55:09,5.046875,-1
2026-08-10 13:55:09,5.046875,-1
2026-08-10 13:55:09,5.140625,-1
2026-08-10 13:55:09,5.140625,-1
2026-08-10 13:55:09,5.234375,-1
2026-08-10 13:55:09,5.234375,-1
2026-08-10 13:55:09,5.328125,-1
2026-08-10 13:55:09,5.328125,-1
2026-08-10 13:55:09,5.953125,-1
2026-08-10 13:55:09,5.953125,-1
2026-08-10 13:55:09,5.96875,-1
2026-08-10 13:55:09,5.96875,-1
2026-08-10 13:55:09,6.046875,-1
2026-08-10 13:55:09,6.046875,-1
2026-08-10 13:55:09,7.0625,-1
2026-08-10 13:55:09,7.0625,-1
2026-08-10 13:55:09,7.140625,-1
2026-08-10 13:55:09,7.140625,-1
2026-08-10 13:55:10,7.140625,-1
2026-08-10 13:55:10,7.140625,-1
2026-08-10 13:55:10,7.21875,-1
2026-08-10 13:55:10,7.21875,-1
2026-08-10 13:55:10,8.4375,-1
2026-08-10 13:55:10,8.4375,-1
2026-08-10 13:55:10,8.484375,-1
2026-08-10 13:55:10,8.484375,-1
2026-08-10 13:55:10,8.609375,-1
2026-08-10 13:55:10,8.609375,-1
2026-08-10 13:55:10,8.625,-1
2026-08-10 13:55:10,8.625,-1
2026-08-10 13:55:10,9.796875,-1
2026-08-10 13:55:10,9.796875,-1
2026-08-10 13:55:10,9.859375,-1
2026-08-10 13:55:10,9.859375,-1
2026-08-10 13:55:10,10.0,-1
2026-08-10 13:55:10,10.0,-1
2026-08-10 13:55:10,11.046875,-1
2026-08-10 13:55:10,11.046875,-1
2026-08-10 13:55:11,11.078125,-1
2026-08-10 13:55:11,11.078125,-1
2026-08-10 13:55:11,11.015625,-1
2026-08-10 13:55:11,11.015625,-1
2026-08-10 13:55:11,10.984375,-1
2026-08-10 13:55:11,10.984375,-1
2026-08-10 13:55:11,11.59375,-1
2026-08-10 13:55:11,11.59375,-1
2026-08-10 13:55:11,11.609375,-1
2026-08-10 13:55:11,11.609375,-1
2026-08-10 13:55:11,11.71875,-1
2026-08-10 13:55:11,11.71875,-1
2026-08-10 13:55:11,12.03125,-1
2026-08-10 13:55:11,12.03125,-1
2026-08-10 13:55:11,11.9375,-1
2026-08-10 13:55:11,11.9375,-1
2026-08-10 13:55:11,12.0625,-1
2026-08-10 13:55:11,12.0625,-1
2026-08-10 13:55:11,12.15625,-1
2026-08-10 13:55:11,12.15625,-1
2026-08-10 13:55:12,12.09375,-1
2026-08-10 13:55:12,12.09375,-1
2026-08-10 13:55:12,12.15625,-1
2026-08-10 13:55:12,12.15625,-1
2026-08-10 13:55:12,12.453125,-1
2026-08-10 13:55:12,12.453125,-1
2026-08-10 13:55:12,12.375,-1
2026-08-10 13:55:12,12.375,-1
2026-08-10 13:55:12,12.140625,-1
2026-08-10 13:55:12,12.140625,-1
2026-08-10 13:55:12,12.25,-1
2026-08-10 13:55:12,12.25,-1
2026-08-10 13:55:12,12.21875,-1
2026-08-10 13:55:12,12.21875,-1
2026-08-10 13:55:12,12.046875,-1
2026-08-10 13:55:12,12.046875,-1
2026-08-10 13:55:12,11.96875,-1
2026-08-10 13:55:12,11.96875,-1
2026-08-10 13:55:12,12.09375,-1
2026-08-10 13:55:12,12.09375,-1
2026-08-10 13:55:13,11.953125,-1
2026-08-10 13:55:13,11.953125,-1
2026-08-10 13:55:13,11.859375,-1
2026-08-10 13:55:13,11.859375,-1
2026-08-10 13:55:13,11.9375,-1
2026-08-10 13:55:13,11.9375,-1
2026-08-10 13:55:13,11.90625,-1
2026-08-10 13:55:13,11.90625,-1
2026-08-10 13:55:13,11.5625,-1
2026-08-10 13:55:13,11.5625,-1
2026-08-10 13:55:13,11.671875,-1
2026-08-10 13:55:13,11.671875,-1
2026-08-10 13:55:13,11.5625,-1
2026-08-10 13:55:13,11.5625,-1
2026-08-10 13:55:13,11.59375,-1
2026-08-10 13:55:13,11.59375,-1
2026-08-10 13:55:13,11.234375,-1
2026-08-10 13:55:13,11.234375,-1
2026-08-10 13:55:13,11.25,-1
2026-08-10 13:55:13,11.25,-1
2026-08-10 13:55:14,11.25,-1
2026-08-10 13:55:14,11.25,-1
2026-08-10 13:55:14,11.296875,-1
2026-08-10 13:55:14,11.296875,-1
2026-08-10 13:55:14,11.078125,-1
2026-08-10 13:55:14,11.078125,-1
2026-08-10 13:55:14,11.046875,-1
2026-08-10 13:55:14,11.046875,-1
2026-08-10 13:55:14,11.078125,-1
2026-08-10 13:55:14,11.078125,-1
2026-08-10 13:55:14,10.421875,-1
2026-08-10 13:55:14,10.421875,-1
2026-08-10 13:55:14,10.359375,-1
2026-08-10 13:55:14,10.359375,-1
2026-08-10 13:55:14,10.390625,-1
2026-08-10 13:55:14,10.390625,-1
2026-08-10 13:55:14,9.890625,-1
2026-08-10 13:55:14,9.890625,-1
2026-08-10 13:55:14,9.875,-1
2026-08-10 13:55:14,9.875,-1
2026-08-10 13:55:15,9.8125,-1
2026-08-10 13:55:15,9.8125,-1
2026-08-10 13:55:15,9.796875,-1
2026-08-10 13:55:15,9.796875,-1
2026-08-10 13:55:15,9.453125,-1
2026-08-10 13:55:15,9.453125,-1
2026-08-10 13:55:15,9.40625,-1
2026-08-10 13:55:15,9.40625,-1
2026-08-10 13:55:15,9.40625,-1
2026-08-10 13:55:15,9.40625,-1
2026-08-10 13:55:15,9.34375,-1
2026-08-10 13:55:15,9.34375,-1
2026-08-10 13:55:15,9.375,-1
2026-08-10 13:55:15,9.375,-1
2026-08-10 13:55:15,9.3125,-1
2026-08-10 13:55:15,9.3125,-1
2026-08-10 13:55:15,9.265625,-1
2026-08-10 13:55:15,9.265625,-1
2026-08-10 13:55:15,9.078125,-1
2026-08-10 13:55:15,9.078125,-1
2026-08-10 13:55:16,9.0625,-1
2026-08-10 13:55:16,9.0625,-1
2026-08-10 13:55:16,8.984375,-1
2026-08-10 13:55:16,8.984375,-1
2026-08-10 13:55:16,9.28125,-1
2026-08-10 13:55:16,9.28125,-1
2026-08-10 13:55:16,9.25,-1
2026-08-10 13:55:16,9.25,-1
2026-08-10 13:55:16,9.34375,-1
2026-08-10 13:55:16,9.34375,-1
2026-08-10 13:55:16,9.296875,-1
2026-08-10 13:55:16,9.296875,-1
2026-08-10 13:55:16,9.25,-1
2026-08-10 13:55:16,9.25,-1
2026-08-10 13:55:16,9.21875,-1
2026-08-10 13:55:16,9.21875,-1
2026-08-10 13:55:16,9.203125,-1
2026-08-10 13:55:16,9.203125,-1
2026-08-10 13:55:16,9.21875,-1
2026-08-10 13:55:16,9.21875,-1
2026-08-10 13:55:17,10.140625,-1
2026-08-10 13:55:17,10.140625,-1
2026-08-10 13:55:17,10.34375,-1
2026-08-10 13:55:17,10.34375,-1
2026-08-10 13:55:17,10.453125,-1
2026-08-10 13:55:17,10.453125,-1
2026-08-10 13:55:17,11.734375,-1
2026-08-10 13:55:17,11.734375,-1
2026-08-10 13:55:17,11.90625,-1
2026-08-10 13:55:17,11.90625,-1
2026-08-10 13:55:17,11.984375,-1
2026-08-10 13:55:17,11.984375,-1
2026-08-10 13:55:17,12.046875,-1
2026-08-10 13:55:17,12.046875,-1
2026-08-10 13:55:17,13.875,-1
2026-08-10 13:55:17,13.875,-1
2026-08-10 13:55:17,13.828125,-1
2026-08-10 13:55:17,13.828125,-1
2026-08-10 13:55:17,13.9375,-1
2026-08-10 13:55:17,13.9375,-1
2026-08-10 13:55:18,15.453125,-1
2026-08-10 13:55:18,15.453125,-1
2026-08-10 13:55:18,15.390625,-1
2026-08-10 13:55:18,15.390625,-1
2026-08-10 13:55:18,15.484375,-1
2026-08-10 13:55:18,15.484375,-1
2026-08-10 13:55:18,15.4375,-1
2026-08-10 13:55:18,15.4375,-1
2026-08-10 13:55:18,16.828125,-1
2026-08-10 13:55:18,16.828125,-1
2026-08-10 13:55:18,16.96875,-1
2026-08-10 13:55:18,16.96875,-1
2026-08-10 13:55:18,17.125,-1
2026-08-10 13:55:18,17.125,-1
2026-08-10 13:55:18,16.921875,-1
2026-08-10 13:55:18,16.921875,-1
2026-08-10 13:55:18,17.375,-1
2026-08-10 13:55:18,17.375,-1
2026-08-10 13:55:18,17.34375,-1
2026-08-10 13:55:18,17.34375,-1
2026-08-10 13:55:19,17.234375,-1
2026-08-10 13:55:19,17.234375,-1
2026-08-10 13:55:19,17.28125,-1
2026-08-10 13:55:19,17.28125,-1
2026-08-10 13:55:19,17.40625,-1
2026-08-10 13:55:19,17.40625,-1
2026-08-10 13:55:19,17.34375,-1
2026-08-10 13:55:19,17.34375,-1
2026-08-10 13:55:19,17.4375,-1
2026-08-10 13:55:19,17.4375,-1
2026-08-10 13:55:19,16.671875,-1
2026-08-10 13:55:19,16.671875,-1
2026-08-10 13:55:19,16.5,-1
2026-08-10 13:55:19,16.5,-1
2026-08-10 13:55:19,16.359375,-1
2026-08-10 13:55:19,16.359375,-1
2026-08-10 13:55:19,16.890625,-1
2026-08-10 13:55:19,16.890625,-1
2026-08-10 13:55:19,16.671875,-1
2026-08-10 13:55:19,16.671875,-1
2026-08-10 13:55:20,16.578125,-1
2026-08-10 13:55:20,16.578125,-1
2026-08-10 13:55:20,16.53125,-1
2026-08-10 13:55:20,16.53125,-1
2026-08-10 13:55:20,16.59375,-1
2026-08-10 13:55:20,16.59375,-1
2026-08-10 13:55:20,16.921875,-1
2026-08-10 13:55:20,16.921875,-1
2026-08-10 13:55:20,16.859375,-1
2026-08-10 13:55:20,16.859375,-1
2026-08-10 13:55:20,17.265625,-1
2026-08-10 13:55:20,17.265625,-1
2026-08-10 13:55:20,17.125,-1
2026-08-10 13:55:20,17.125,-1
2026-08-10 13:55:20,17.0625,-1
2026-08-10 13:55:20,17.0625,-1
2026-08-10 13:55:20,17.125,-1
2026-08-10 13:55:20,17.125,-1
2026-08-10 13:55:20,16.6875,-1
2026-08-10 13:55:20,16.6875,-1
2026-08-10 13:55:21,16.578125,-1
2026-08-10 13:55:21,16.578125,-1
2026-08-10 13:55:21,16.515625,-1
2026-08-10 13:55:21,16.515625,-1
2026-08-10 13:55:21,16.25,-1
2026-08-10 13:55:21,16.25,-1
2026-08-10 13:55:21,16.09375,-1
2026-08-10 13:55:21,16.09375,-1
2026-08-10 13:55:21,16.1875,-1
2026-08-10 13:55:21,16.1875,-1
2026-08-10 13:55:21,16.296875,-1
2026-08-10 13:55:21,16.296875,-1
2026-08-10 13:55:21,15.84375,-1
2026-08-10 13:55:21,15.84375,-1
2026-08-10 13:55:21,16.203125,-1
2026-08-10 13:55:21,16.203125,-1
2026-08-10 13:55:21,16.265625,-1
2026-08-10 13:55:21,16.265625,-1
2026-08-10 13:55:21,16.796875,-1
2026-08-10 13:55:21,16.796875,-1
2026-08-10 13:55:22,16.734375,-1
2026-08-10 13:55:22,16.734375,-1
2026-08-10 13:55:22,16.671875,-1
2026-08-10 13:55:22,16.671875,-1
2026-08-10 13:55:22,16.578125,-1
2026-08-10 13:55:22,16.578125,-1
2026-08-10 13:55:22,17.25,-1
2026-08-10 13:55:22,17.25,-1
2026-08-10 13:55:22,16.984375,-1
2026-08-10 13:55:22,16.984375,-1
2026-08-10 13:55:22,16.953125,-1
2026-08-10 13:55:22,16.953125,-1
2026-08-10 13:55:22,17.046875,-1
2026-08-10 13:55:22,17.046875,-1
2026-08-10 13:55:22,16.484375,-1
2026-08-10 13:55:22,16.484375,-1
2026-08-10 13:55:22,16.5625,-1
2026-08-10 13:55:22,16.5625,-1
2026-08-10 13:55:22,16.59375,-1
2026-08-10 13:55:22,16.59375,-1
2026-08-10 13:55:23,15.734375,-1
2026-08-10 13:55:23,15.734375,-1
2026-08-10 13:55:23,16.015625,-1
2026-08-10 13:55:23,16.015625,-1
2026-08-10 13:55:23,16.203125,-1
2026-08-10 13:55:23,16.203125,-1
2026-08-10 13:55:23,16.328125,-1
2026-08-10 13:55:23,16.328125,-1
2026-08-10 13:55:23,16.78125,-1
2026-08-10 13:55:23,16.78125,-1
2026-08-10 13:55:23,16.5625,-1
2026-08-10 13:55:23,16.5625,-1
2026-08-10 13:55:23,16.484375,-1
2026-08-10 13:55:23,16.484375,-1
2026-08-10 13:55:23,16.921875,-1
2026-08-10 13:55:23,16.921875,-1
2026-08-10 13:55:23,17.0,-1
2026-08-10 13:55:23,17.0,-1
2026-08-10 13:55:23,17.234375,-1
2026-08-10 13:55:23,17.234375,-1
2026-08-10 13:55:24,17.359375,-1
2026-08-10 13:55:24,17.359375,-1
2026-08-10 13:55:24,18.046875,-1
2026-08-10 13:55:24,18.046875,-1
2026-08-10 13:55:24,17.953125,-1
2026-08-10 13:55:24,17.953125,-1
2026-08-10 13:55:24,17.96875,-1
2026-08-10 13:55:24,17.96875,-1
2026-08-10 13:55:24,18.765625,-1
2026-08-10 13:55:24,18.765625,-1
2026-08-10 13:55:24,18.578125,-1
2026-08-10 13:55:24,18.578125,-1
2026-08-10 13:55:24,18.609375,-1
2026-08-10 13:55:24,18.609375,-1
2026-08-10 13:55:24,18.671875,-1
2026-08-10 13:55:24,18.671875,-1
2026-08-10 13:55:24,18.25,-1
2026-08-10 13:55:24,18.25,-1
2026-08-10 13:55:24,18.25,-1
2026-08-10 13:55:24,18.25,-1
2026-08-10 13:55:25,17.96875,-1
2026-08-10 13:55:25,17.96875,-1
2026-08-10 13:55:25,17.75,-1
2026-08-10 13:55:25,17.75,-1
2026-08-10 13:55:25,17.828125,-1
2026-08-10 13:55:25,17.828125,-1
2026-08-10 13:55:25,17.796875,-1
2026-08-10 13:55:25,17.796875,-1
2026-08-10 13:55:25,17.859375,-1
2026-08-10 13:55:25,17.859375,-1
2026-08-10 13:55:25,17.375,-1
2026-08-10 13:55:25,17.375,-1
2026-08-10 13:55:25,17.375,-1
2026-08-10 13:55:25,17.375,-1
2026-08-10 13:55:25,17.40625,-1
2026-08-10 13:55:25,17.40625,-1
2026-08-10 13:55:25,17.4375,-1
2026-08-10 13:55:25,17.4375,-1
2026-08-10 13:55:25,18.15625,-1
2026-08-10 13:55:25,18.15625,-1
2026-08-10 13:55:26,18.234375,-1
2026-08-10 13:55:26,18.234375,-1
2026-08-10 13:55:26,18.328125,-1
2026-08-10 13:55:26,18.328125,-1
2026-08-10 13:55:26,18.328125,-1
2026-08-10 13:55:26,18.328125,-1
2026-08-10 13:55:26,20.046875,-1
2026-08-10 13:55:26,20.046875,-1
2026-08-10 13:55:26,20.3125,-1
2026-08-10 13:55:26,20.3125,-1
2026-08-10 13:55:26,20.21875,-1
2026-08-10 13:55:26,20.21875,-1
2026-08-10 13:55:26,19.75,-1
2026-08-10 13:55:26,19.75,-1
2026-08-10 13:55:26,19.859375,-1
2026-08-10 13:55:26,19.859375,-1
2026-08-10 13:55:26,20.0625,-1
2026-08-10 13:55:26,20.0625,-1
2026-08-10 13:55:26,20.140625,-1
2026-08-10 13:55:26,20.140625,-1
2026-08-10 13:55:27,19.953125,-1
2026-08-10 13:55:27,19.953125,-1
2026-08-10 13:55:27,19.8125,-1
2026-08-10 13:55:27,19.8125,-1
2026-08-10 13:55:27,19.78125,-1
2026-08-10 13:55:27,19.78125,-1
2026-08-10 13:55:27,19.15625,-1
2026-08-10 13:55:27,19.15625,-1
2026-08-10 13:55:27,19.078125,-1
2026-08-10 13:55:27,19.078125,-1
2026-08-10 13:55:27,19.171875,-1
2026-08-10 13:55:27,19.171875,-1
2026-08-10 13:55:27,19.078125,-1
2026-08-10 13:55:27,19.078125,-1
2026-08-10 13:55:27,18.6875,-1
2026-08-10 13:55:27,18.6875,-1
2026-08-10 13:55:27,18.453125,-1
2026-08-10 13:55:27,18.453125,-1
2026-08-10 13:55:27,18.171875,-1
2026-08-10 13:55:27,18.171875,-1
2026-08-10 13:55:28,19.0625,-1
2026-08-10 13:55:28,19.0625,-1
2026-08-10 13:55:28,19.0,-1
2026-08-10 13:55:28,19.0,-1
2026-08-10 13:55:28,18.890625,-1
2026-08-10 13:55:28,18.890625,-1
2026-08-10 13:55:28,18.84375,-1
2026-08-10 13:55:28,18.84375,-1
2026-08-10 13:55:28,17.78125,-1
2026-08-10 13:55:28,17.78125,-1
2026-08-10 13:55:28,17.65625,-1
2026-08-10 13:55:28,17.65625,-1
2026-08-10 13:55:28,17.484375,-1
2026-08-10 13:55:28,17.484375,-1
2026-08-10 13:55:28,16.328125,-1
2026-08-10 13:55:28,16.328125,-1
2026-08-10 13:55:28,16.21875,-1
2026-08-10 13:55:28,16.21875,-1
2026-08-10 13:55:28,16.34375,-1
2026-08-10 13:55:28,16.34375,-1
2026-08-10 13:55:29,16.25,-1
2026-08-10 13:55:29,16.25,-1
2026-08-10 13:55:29,15.890625,-1
2026-08-10 13:55:29,15.890625,-1
2026-08-10 13:55:29,15.53125,-1
2026-08-10 13:55:29,15.53125,-1
2026-08-10 13:55:29,15.125,-1
2026-08-10 13:55:29,15.125,-1
2026-08-10 13:55:29,14.578125,-1
2026-08-10 13:55:29,14.578125,-1
2026-08-10 13:55:29,14.53125,-1
2026-08-10 13:55:29,14.53125,-1
2026-08-10 13:55:29,14.609375,-1
2026-08-10 13:55:29,14.609375,-1
2026-08-10 13:55:29,14.625,-1
2026-08-10 13:55:29,14.625,-1
2026-08-10 13:55:29,14.53125,-1
2026-08-10 13:55:29,14.53125,-1
2026-08-10 13:55:29,14.5,-1
2026-08-10 13:55:29,14.5,-1
2026-08-10 13:55:30,14.453125,-1
2026-08-10 13:55:30,14.453125,-1
2026-08-10 13:55:30,14.6875,-1
2026-08-10 13:55:30,14.6875,-1
2026-08-10 13:55:30,14.734375,-1
2026-08-10 13:55:30,14.734375,-1
2026-08-10 13:55:30,14.71875,-1
2026-08-10 13:55:30,14.71875,-1
2026-08-10 13:55:30,14.78125,-1
2026-08-10 13:55:30,14.78125,-1
2026-08-10 13:55:30,15.109375,-1
2026-08-10 13:55:30,15.109375,-1
2026-08-10 13:55:30,15.203125,-1
2026-08-10 13:55:30,15.203125,-1
2026-08-10 13:55:30,15.234375,-1
2026-08-10 13:55:30,15.234375,-1
2026-08-10 13:55:30,15.328125,-1
2026-08-10 13:55:30,15.328125,-1
2026-08-10 13:55:30,16.109375,-1
2026-08-10 13:55:30,16.109375,-1
2026-08-10 13:55:31,16.328125,-1
2026-08-10 13:55:31,16.328125,-1
2026-08-10 13:55:31,16.5,-1
2026-08-10 13:55:31,16.5,-1
2026-08-10 13:55:31,15.390625,-1
2026-08-10 13:55:31,15.390625,-1
2026-08-10 13:55:31,15.453125,-1
2026-08-10 13:55:31,15.453125,-1
2026-08-10 13:55:31,15.453125,-1
2026-08-10 13:55:31,15.453125,-1
2026-08-10 13:55:31,15.375,-1
2026-08-10 13:55:31,15.375,-1
2026-08-10 13:55:31,15.546875,-1
2026-08-10 13:55:31,15.546875,-1
2026-08-10 13:55:31,15.3125,-1
2026-08-10 13:55:31,15.3125,-1
2026-08-10 13:55:31,15.078125,-1
2026-08-10 13:55:31,15.078125,-1
2026-08-10 13:55:31,14.34375,-1
2026-08-10 13:55:31,14.34375,-1
2026-08-10 13:55:32,14.328125,-1
2026-08-10 13:55:32,14.328125,-1
2026-08-10 13:55:32,14.453125,-1
2026-08-10 13:55:32,14.453125,-1
2026-08-10 13:55:32,14.46875,-1
2026-08-10 13:55:32,14.46875,-1
2026-08-10 13:55:32,15.359375,-1
2026-08-10 13:55:32,15.359375,-1
2026-08-10 13:55:32,15.46875,-1
2026-08-10 13:55:32,15.46875,-1
2026-08-10 13:55:32,15.078125,-1
2026-08-10 13:55:32,15.078125,-1
2026-08-10 13:55:32,13.578125,-1
2026-08-10 13:55:32,13.578125,-1
2026-08-10 13:55:32,13.734375,-1
2026-08-10 13:55:32,13.734375,-1
2026-08-10 13:55:32,13.875,-1
2026-08-10 13:55:32,13.875,-1
2026-08-10 13:55:32,13.875,-1
2026-08-10 13:55:32,13.875,-1
2026-08-10 13:55:33,12.671875,-1
2026-08-10 13:55:33,12.671875,-1
2026-08-10 13:55:33,12.90625,-1
2026-08-10 13:55:33,12.90625,-1
2026-08-10 13:55:33,13.1875,-1
2026-08-10 13:55:33,13.1875,-1
2026-08-10 13:55:33,13.328125,-1
2026-08-10 13:55:33,13.328125,-1
2026-08-10 13:55:33,13.125,-1
2026-08-10 13:55:33,13.125,-1
2026-08-10 13:55:33,13.015625,-1
2026-08-10 13:55:33,13.015625,-1
2026-08-10 13:55:33,12.75,-1
2026-08-10 13:55:33,12.75,-1
2026-08-10 13:55:33,11.96875,-1
2026-08-10 13:55:33,11.96875,-1
2026-08-10 13:55:33,11.9375,-1
2026-08-10 13:55:33,11.9375,-1
2026-08-10 13:55:33,12.03125,-1
2026-08-10 13:55:33,12.03125,-1
2026-08-10 13:55:34,12.03125,-1
2026-08-10 13:55:34,12.03125,-1
2026-08-10 13:55:34,12.0625,-1
2026-08-10 13:55:34,12.0625,-1
2026-08-10 13:55:34,12.09375,-1
2026-08-10 13:55:34,12.09375,-1
2026-08-10 13:55:34,12.046875,-1
2026-08-10 13:55:34,12.046875,-1
2026-08-10 13:55:34,11.03125,-1
2026-08-10 13:55:34,11.03125,-1
2026-08-10 13:55:34,10.765625,-1
2026-08-10 13:55:34,10.765625,-1
2026-08-10 13:55:34,10.609375,-1
2026-08-10 13:55:34,10.609375,-1
2026-08-10 13:55:34,10.546875,-1
2026-08-10 13:55:34,10.546875,-1
2026-08-10 13:55:34,8.1875,-1
2026-08-10 13:55:34,8.1875,-1
2026-08-10 13:55:34,8.125,-1
2026-08-10 13:55:34,8.125,-1
2026-08-10 13:55:35,7.9375,-1
2026-08-10 13:55:35,7.9375,-1
2026-08-10 13:55:35,4.5,-1
2026-08-10 13:55:35,4.5,-1
2026-08-10 13:55:35,4.25,-1
2026-08-10 13:55:35,4.25,-1
2026-08-10 13:55:35,4.0625,-1
2026-08-10 13:55:35,4.0625,-1
2026-08-10 13:55:35,3.828125,-1
2026-08-10 13:55:35,3.828125,-1
2026-08-10 13:55:35,1.25,-1
2026-08-10 13:55:35,1.25,-1
2026-08-10 13:55:35,1.25,-1
2026-08-10 13:55:35,1.25,-1
2026-08-10 13:55:35,0.953125,-1
2026-08-10 13:55:35,0.953125,-1
2026-08-10 13:55:35,0.953125,-1
2026-08-10 13:55:35,0.953125,-1
2026-08-10 13:55:35,0.0,-1
2026-08-10 13:55:35,0.0,-1
2026-08-10 13:55:36,0.0,-1
2026-08-10 13:55:36,0.0,-1
2026-08-10 13:55:36,0.0,-1
2026-08-10 13:55:36,0.0,-1
2026-08-10 13:55:36,0.0,-1
2026-08-10 13:55:36,0.0,-1
2026-08-10 13:55:36,0.0,-1
2026-08-10 13:55:36,0.0,1
2026-08-10 13:55:36,0.0,1
2026-08-10 13:55:36,0.0,1
2026-08-10 13:55:36,0.0,1
2026-08-10 13:55:36,0.0,1
2026-08-10 13:55:36,0.0,1
2026-08-10 13:55:36,0.0,1
2026-08-10 13:55:36,0.0,1
2026-08-10 13:55:36,0.0,1
2026-08-10 13:55:36,0.0,1
2026-08-10 13:55:36,0.0,1
2026-08-10 13:55:36,0.0,1
2026-08-10 13:55:36,0.0,1
2026-08-10 13:55:37,0.3125,1
2026-08-10 13:55:37,0.3125,1
2026-08-10 13:55:37,0.0,1
2026-08-10 13:55:37,0.0,1
2026-08-10 13:55:37,0.0,1
2026-08-10 13:55:37,0.0,1
2026-08-10 13:55:37,0.0,1
2026-08-10 13:55:37,0.0,1
2026-08-10 13:55:37,0.0,1
2026-08-10 13:55:37,0.0,1
2026-08-10 13:55:37,0.0,1
2026-08-10 13:55:37,0.0,1
2026-08-10 13:55:37,0.78125,1
2026-08-10 13:55:37,0.78125,1
2026-08-10 13:55:37,1.453125,1
2026-08-10 13:55:37,1.453125,1
2026-08-10 13:55:37,1.5625,1
2026-08-10 13:55:37,1.5625,1
2026-08-10 13:55:37,1.578125,1
2026-08-10 13:55:37,1.578125,1
2026-08-10 13:55:38,2.53125,1
2026-08-10 13:55:38,2.53125,1
2026-08-10 13:55:38,2.609375,1
2026-08-10 13:55:38,2.609375,1
2026-08-10 13:55:38,2.640625,1
2026-08-10 13:55:38,2.640625,1
2026-08-10 13:55:38,2.65625,1
2026-08-10 13:55:38,2.65625,1
2026-08-10 13:55:38,3.890625,1
2026-08-10 13:55:38,3.890625,1
2026-08-10 13:55:38,3.9375,1
2026-08-10 13:55:38,3.9375,1
2026-08-10 13:55:38,3.984375,1
2026-08-10 13:55:38,3.984375,1
2026-08-10 13:55:38,5.359375,1
2026-08-10 13:55:38,5.359375,1
2026-08-10 13:55:38,5.390625,1
2026-08-10 13:55:38,5.390625,1
2026-08-10 13:55:38,5.515625,1
2026-08-10 13:55:38,5.515625,1
2026-08-10 13:55:39,5.53125,1
2026-08-10 13:55:39,5.53125,1
2026-08-10 13:55:39,7.59375,1
2026-08-10 13:55:39,7.59375,1
2026-08-10 13:55:39,7.71875,1
2026-08-10 13:55:39,7.71875,1
2026-08-10 13:55:39,7.828125,1
2026-08-10 13:55:39,7.828125,1
2026-08-10 13:55:39,10.171875,1
2026-08-10 13:55:39,10.171875,1
2026-08-10 13:55:39,10.390625,1
2026-08-10 13:55:39,10.390625,1
2026-08-10 13:55:39,10.5,1
2026-08-10 13:55:39,10.5,1
2026-08-10 13:55:39,10.625,1
2026-08-10 13:55:39,10.625,1
2026-08-10 13:55:39,13.3125,1
2026-08-10 13:55:39,13.3125,1
2026-08-10 13:55:39,13.53125,1
2026-08-10 13:55:39,13.53125,1
2026-08-10 13:55:40,13.703125,1
2026-08-10 13:55:40,13.703125,1
2026-08-10 13:55:40,16.453125,1
2026-08-10 13:55:40,16.453125,1
2026-08-10 13:55:40,16.515625,1
2026-08-10 13:55:40,16.515625,1
2026-08-10 13:55:40,16.640625,1
2026-08-10 13:55:40,16.640625,1
2026-08-10 13:55:40,16.8125,1
2026-08-10 13:55:40,16.8125,1
2026-08-10 13:55:40,18.921875,1
2026-08-10 13:55:40,18.921875,1
2026-08-10 13:55:40,19.1875,1
2026-08-10 13:55:40,19.1875,1
2026-08-10 13:55:40,19.375,1
2026-08-10 13:55:40,19.375,1
2026-08-10 13:55:40,21.546875,1
2026-08-10 13:55:40,21.546875,1
2026-08-10 13:55:40,21.6875,1
2026-08-10 13:55:40,21.6875,1
2026-08-10 13:55:41,21.796875,1
2026-08-10 13:55:41,21.796875,1
2026-08-10 13:55:41,22.0,1
2026-08-10 13:55:41,22.0,1
2026-08-10 13:55:41,23.859375,1
2026-08-10 13:55:41,23.859375,1
2026-08-10 13:55:41,24.015625,1
2026-08-10 13:55:41,24.015625,1
2026-08-10 13:55:41,24.03125,1
2026-08-10 13:55:41,24.03125,1
2026-08-10 13:55:41,24.125,1
2026-08-10 13:55:41,24.125,1
2026-08-10 13:55:41,25.265625,1
2026-08-10 13:55:41,25.265625,1
2026-08-10 13:55:41,25.28125,1
2026-08-10 13:55:41,25.28125,1
2026-08-10 13:55:41,25.421875,1
2026-08-10 13:55:41,25.421875,1
2026-08-10 13:55:41,25.859375,1
2026-08-10 13:55:41,25.859375,1
2026-08-10 13:55:42,25.8125,1
2026-08-10 13:55:42,25.8125,1
2026-08-10 13:55:42,25.859375,1
2026-08-10 13:55:42,25.859375,1
2026-08-10 13:55:42,25.828125,1
2026-08-10 13:55:42,25.828125,1
2026-08-10 13:55:42,25.46875,1
2026-08-10 13:55:42,25.46875,1
2026-08-10 13:55:42,25.390625,1
2026-08-10 13:55:42,25.390625,1
2026-08-10 13:55:42,25.390625,1
2026-08-10 13:55:42,25.390625,1
2026-08-10 13:55:42,24.375,1
2026-08-10 13:55:42,24.375,1
2026-08-10 13:55:42,24.34375,1
2026-08-10 13:55:42,24.34375,1
2026-08-10 13:55:42,24.421875,1
2026-08-10 13:55:42,24.421875,1
2026-08-10 13:55:42,24.203125,1
2026-08-10 13:55:42,24.203125,1
2026-08-10 13:55:43,23.84375,1
2026-08-10 13:55:43,23.84375,1
2026-08-10 13:55:43,23.84375,1
2026-08-10 13:55:43,23.84375,1
2026-08-10 13:55:43,23.8125,1
2026-08-10 13:55:43,23.8125,1
2026-08-10 13:55:43,23.484375,1
2026-08-10 13:55:43,23.484375,1
2026-08-10 13:55:43,23.453125,1
2026-08-10 13:55:43,23.453125,1
2026-08-10 13:55:43,23.484375,1
2026-08-10 13:55:43,23.484375,1
2026-08-10 13:55:43,23.484375,1
2026-08-10 13:55:43,23.484375,1
2026-08-10 13:55:43,23.453125,1
2026-08-10 13:55:43,23.453125,1
2026-08-10 13:55:43,23.390625,1
2026-08-10 13:55:43,23.390625,1
2026-08-10 13:55:43,23.359375,1
2026-08-10 13:55:43,23.359375,1
2026-08-10 13:55:44,23.359375,1
2026-08-10 13:55:44,23.359375,1
2026-08-10 13:55:44,23.515625,1
2026-08-10 13:55:44,23.515625,1
2026-08-10 13:55:44,23.40625,1
2026-08-10 13:55:44,23.40625,1
2026-08-10 13:55:44,23.59375,1
2026-08-10 13:55:44,23.59375,1
2026-08-10 13:55:44,23.640625,1
2026-08-10 13:55:44,23.640625,1
2026-08-10 13:55:44,23.71875,1
2026-08-10 13:55:44,23.71875,1
2026-08-10 13:55:44,23.734375,1
2026-08-10 13:55:44,23.734375,1
2026-08-10 13:55:44,23.734375,1
2026-08-10 13:55:44,23.734375,1
2026-08-10 13:55:44,23.484375,1
2026-08-10 13:55:44,23.484375,1
2026-08-10 13:55:44,23.390625,1
2026-08-10 13:55:44,23.390625,1
2026-08-10 13:55:45,23.375,1
2026-08-10 13:55:45,23.375,1
2026-08-10 13:55:45,23.1875,1
2026-08-10 13:55:45,23.1875,1
2026-08-10 13:55:45,23.140625,1
2026-08-10 13:55:45,23.140625,1
2026-08-10 13:55:45,23.1875,1
2026-08-10 13:55:45,23.1875,1
2026-08-10 13:55:45,23.1875,1
2026-08-10 13:55:45,23.1875,1
2026-08-10 13:55:45,23.34375,1
2026-08-10 13:55:45,23.34375,1
2026-08-10 13:55:45,23.421875,1
2026-08-10 13:55:45,23.421875,1
2026-08-10 13:55:45,23.515625,1
2026-08-10 13:55:45,23.515625,1
2026-08-10 13:55:45,23.515625,1
2026-08-10 13:55:45,23.515625,1
2026-08-10 13:55:45,23.4375,1
2026-08-10 13:55:45,23.4375,1
2026-08-10 13:55:46,23.40625,1
2026-08-10 13:55:46,23.40625,1
2026-08-10 13:55:46,23.46875,1
2026-08-10 13:55:46,23.46875,1
2026-08-10 13:55:46,23.734375,1
2026-08-10 13:55:46,23.734375,1
2026-08-10 13:55:46,23.640625,1
2026-08-10 13:55:46,23.640625,1
2026-08-10 13:55:46,23.734375,1
2026-08-10 13:55:46,23.734375,1
2026-08-10 13:55:46,23.734375,1
2026-08-10 13:55:46,23.734375,1
2026-08-10 13:55:46,23.734375,1
2026-08-10 13:55:46,23.734375,1
2026-08-10 13:55:46,23.875,1
2026-08-10 13:55:46,23.875,1
2026-08-10 13:55:46,23.875,1
2026-08-10 13:55:46,23.875,1
2026-08-10 13:55:46,23.40625,1
2026-08-10 13:55:46,23.40625,1
2026-08-10 13:55:47,23.28125,1
2026-08-10 13:55:47,23.28125,1
2026-08-10 13:55:47,23.3125,1
2026-08-10 13:55:47,23.3125,1
2026-08-10 13:55:47,23.21875,1
2026-08-10 13:55:47,23.21875,1
2026-08-10 13:55:47,23.515625,1
2026-08-10 13:55:47,23.515625,1
2026-08-10 13:55:47,23.390625,1
2026-08-10 13:55:47,23.390625,1
2026-08-10 13:55:47,23.375,1
2026-08-10 13:55:47,23.375,1
2026-08-10 13:55:47,23.140625,1
2026-08-10 13:55:47,23.140625,1
2026-08-10 13:55:47,23.234375,1
2026-08-10 13:55:47,23.234375,1
2026-08-10 13:55:47,23.1875,1
2026-08-10 13:55:47,23.1875,1
2026-08-10 13:55:47,23.1875,1
2026-08-10 13:55:47,23.1875,1
2026-08-10 13:55:48,23.390625,1
2026-08-10 13:55:48,23.390625,1
2026-08-10 13:55:48,23.34375,1
2026-08-10 13:55:48,23.34375,1
2026-08-10 13:55:48,23.34375,1
2026-08-10 13:55:48,23.34375,1
2026-08-10 13:55:48,23.34375,1
2026-08-10 13:55:48,23.34375,1
2026-08-10 13:55:48,23.3125,1
2026-08-10 13:55:48,23.3125,1
2026-08-10 13:55:48,23.28125,1
2026-08-10 13:55:48,23.28125,1
2026-08-10 13:55:48,23.28125,1
2026-08-10 13:55:48,23.28125,1
2026-08-10 13:55:48,23.046875,1
2026-08-10 13:55:48,23.046875,1
2026-08-10 13:55:48,22.828125,1
2026-08-10 13:55:48,22.828125,1
2026-08-10 13:55:48,22.75,1
2026-08-10 13:55:48,22.75,1
2026-08-10 13:55:49,22.78125,1
2026-08-10 13:55:49,22.78125,1
2026-08-10 13:55:49,22.828125,1
2026-08-10 13:55:49,22.828125,1
2026-08-10 13:55:49,23.078125,1
2026-08-10 13:55:49,23.078125,1
2026-08-10 13:55:49,23.140625,1
2026-08-10 13:55:49,23.140625,1
2026-08-10 13:55:49,23.171875,1
2026-08-10 13:55:49,23.171875,1
2026-08-10 13:55:49,23.015625,1
2026-08-10 13:55:49,23.015625,1
2026-08-10 13:55:49,22.90625,1
2026-08-10 13:55:49,22.90625,1
2026-08-10 13:55:49,22.953125,1
2026-08-10 13:55:49,22.953125,1
2026-08-10 13:55:49,23.578125,1
2026-08-10 13:55:49,23.578125,1
2026-08-10 13:55:49,23.59375,1
2026-08-10 13:55:49,23.59375,1
2026-08-10 13:55:50,23.578125,1
2026-08-10 13:55:50,23.578125,1
2026-08-10 13:55:50,23.75,1
2026-08-10 13:55:50,23.75,1
2026-08-10 13:55:50,23.796875,1
2026-08-10 13:55:50,23.796875,1
2026-08-10 13:55:50,23.75,1
2026-08-10 13:55:50,23.75,1
2026-08-10 13:55:50,23.734375,1
2026-08-10 13:55:50,23.734375,1
2026-08-10 13:55:50,23.484375,1
2026-08-10 13:55:50,23.484375,1
2026-08-10 13:55:50,23.421875,1
2026-08-10 13:55:50,23.421875,1
2026-08-10 13:55:50,23.5,1
2026-08-10 13:55:50,23.5,1
2026-08-10 13:55:50,22.859375,1
2026-08-10 13:55:50,22.859375,1
2026-08-10 13:55:50,22.796875,1
2026-08-10 13:55:50,22.796875,1
2026-08-10 13:55:51,22.71875,1
2026-08-10 13:55:51,22.71875,1
2026-08-10 13:55:51,22.625,1
2026-08-10 13:55:51,22.625,1
2026-08-10 13:55:51,22.296875,1
2026-08-10 13:55:51,22.296875,1
2026-08-10 13:55:51,22.328125,1
2026-08-10 13:55:51,22.328125,1
2026-08-10 13:55:51,22.296875,1
2026-08-10 13:55:51,22.296875,1
2026-08-10 13:55:51,22.5,1
2026-08-10 13:55:51,22.5,1
2026-08-10 13:55:51,22.5,1
2026-08-10 13:55:51,22.5,1
2026-08-10 13:55:51,22.546875,1
2026-08-10 13:55:51,22.546875,1
2026-08-10 13:55:51,22.59375,1
2026-08-10 13:55:51,22.59375,1
2026-08-10 13:55:51,22.625,1
2026-08-10 13:55:51,22.625,1
2026-08-10 13:55:52,22.625,1
2026-08-10 13:55:52,22.625,1
2026-08-10 13:55:52,22.671875,1
2026-08-10 13:55:52,22.671875,1
2026-08-10 13:55:52,22.6875,1
2026-08-10 13:55:52,22.6875,1
2026-08-10 13:55:52,22.71875,1
2026-08-10 13:55:52,22.71875,1
2026-08-10 13:55:52,22.8125,1
2026-08-10 13:55:52,22.8125,1
2026-08-10 13:55:52,22.703125,1
2026-08-10 13:55:52,22.703125,1
2026-08-10 13:55:52,22.796875,1
2026-08-10 13:55:52,22.796875,1
2026-08-10 13:55:52,22.640625,1
2026-08-10 13:55:52,22.640625,1
2026-08-10 13:55:52,22.71875,1
2026-08-10 13:55:52,22.71875,1
2026-08-10 13:55:52,22.625,1
2026-08-10 13:55:52,22.625,1
2026-08-10 13:55:53,22.484375,1
2026-08-10 13:55:53,22.484375,1
2026-08-10 13:55:53,22.515625,1
2026-08-10 13:55:53,22.515625,1
2026-08-10 13:55:53,22.421875,1
2026-08-10 13:55:53,22.421875,1
2026-08-10 13:55:53,22.5,1
2026-08-10 13:55:53,22.5,1
2026-08-10 13:55:53,22.390625,1
2026-08-10 13:55:53,22.390625,1
2026-08-10 13:55:53,22.234375,1
2026-08-10 13:55:53,22.234375,1
2026-08-10 13:55:53,22.09375,1
2026-08-10 13:55:53,22.09375,1
2026-08-10 13:55:53,22.09375,1
2026-08-10 13:55:53,22.09375,1
2026-08-10 13:55:53,21.1875,1
2026-08-10 13:55:53,21.1875,1
2026-08-10 13:55:53,21.109375,1
2026-08-10 13:55:53,21.109375,1
2026-08-10 13:55:54,21.125,1
2026-08-10 13:55:54,21.125,1
2026-08-10 13:55:54,20.34375,1
2026-08-10 13:55:54,20.34375,1
2026-08-10 13:55:54,20.34375,1
2026-08-10 13:55:54,20.34375,1
2026-08-10 13:55:54,20.359375,1
2026-08-10 13:55:54,20.359375,1
2026-08-10 13:55:54,20.296875,1
2026-08-10 13:55:54,20.296875,1
2026-08-10 13:55:54,20.3125,1
2026-08-10 13:55:54,20.3125,1
2026-08-10 13:55:54,20.3125,1
2026-08-10 13:55:54,20.3125,1
2026-08-10 13:55:54,20.28125,1
2026-08-10 13:55:54,20.28125,1
2026-08-10 13:55:54,19.734375,1
2026-08-10 13:55:54,19.734375,1
2026-08-10 13:55:54,19.40625,1
2026-08-10 13:55:54,19.40625,1
2026-08-10 13:55:55,19.15625,1
2026-08-10 13:55:55,19.15625,1
2026-08-10 13:55:55,15.890625,1
2026-08-10 13:55:55,15.890625,1
2026-08-10 13:55:55,15.6875,1
2026-08-10 13:55:55,15.6875,1
2026-08-10 13:55:55,15.5,1
2026-08-10 13:55:55,15.5,1
2026-08-10 13:55:55,15.28125,1
2026-08-10 13:55:55,15.28125,1
2026-08-10 13:55:55,14.4375,1
2026-08-10 13:55:55,14.4375,1
2026-08-10 13:55:55,14.484375,1
2026-08-10 13:55:55,14.484375,1
2026-08-10 13:55:55,14.453125,1
2026-08-10 13:55:55,14.453125,1
2026-08-10 13:55:55,15.40625,1
2026-08-10 13:55:55,15.40625,1
2026-08-10 13:55:55,15.4375,1
2026-08-10 13:55:55,15.4375,1
2026-08-10 13:55:56,15.40625,1
2026-08-10 13:55:56,15.40625,1
2026-08-10 13:55:56,15.3125,1
2026-08-10 13:55:56,15.3125,1
2026-08-10 13:55:56,15.421875,1
2026-08-10 13:55:56,15.421875,1
2026-08-10 13:55:56,15.4375,1
2026-08-10 13:55:56,15.4375,1
2026-08-10 13:55:56,15.4375,1
2026-08-10 13:55:56,15.4375,1
2026-08-10 13:55:56,15.421875,1
2026-08-10 13:55:56,15.421875,1
2026-08-10 13:55:56,14.875,1
2026-08-10 13:55:56,14.875,1
2026-08-10 13:55:56,14.84375,1
2026-08-10 13:55:56,14.84375,1
2026-08-10 13:55:56,14.78125,1
2026-08-10 13:55:56,14.78125,1
2026-08-10 13:55:56,14.359375,1
2026-08-10 13:55:56,14.359375,1
2026-08-10 13:55:57,14.375,1
2026-08-10 13:55:57,14.375,1
2026-08-10 13:55:57,14.421875,1
2026-08-10 13:55:57,14.421875,1
2026-08-10 13:55:57,14.390625,1
2026-08-10 13:55:57,14.390625,1
2026-08-10 13:55:57,14.359375,1
2026-08-10 13:55:57,14.359375,1
2026-08-10 13:55:57,14.359375,1
2026-08-10 13:55:57,14.359375,1
2026-08-10 13:55:57,14.328125,1
2026-08-10 13:55:57,14.328125,1
2026-08-10 13:55:57,13.25,1
2026-08-10 13:55:57,13.25,1
2026-08-10 13:55:57,13.25,1
2026-08-10 13:55:57,13.25,1
2026-08-10 13:55:57,13.296875,1
2026-08-10 13:55:57,13.296875,1
2026-08-10 13:55:57,13.28125,1
2026-08-10 13:55:57,13.28125,1
2026-08-10 13:55:58,12.5625,1
2026-08-10 13:55:58,12.5625,1
2026-08-10 13:55:58,12.625,1
2026-08-10 13:55:58,12.625,1
2026-08-10 13:55:58,12.640625,1
2026-08-10 13:55:58,12.640625,1
2026-08-10 13:55:58,12.84375,1
2026-08-10 13:55:58,12.84375,1
2026-08-10 13:55:58,12.859375,1
2026-08-10 13:55:58,12.859375,1
2026-08-10 13:55:58,12.90625,1
2026-08-10 13:55:58,12.90625,1
2026-08-10 13:55:58,12.921875,1
2026-08-10 13:55:58,12.921875,1
2026-08-10 13:55:58,13.265625,1
2026-08-10 13:55:58,13.265625,1
2026-08-10 13:55:58,13.265625,1
2026-08-10 13:55:58,13.265625,1
2026-08-10 13:55:58,13.3125,1
2026-08-10 13:55:58,13.3125,1
2026-08-10 13:55:59,13.15625,1
2026-08-10 13:55:59,13.15625,1
2026-08-10 13:55:59,12.796875,1
2026-08-10 13:55:59,12.796875,1
2026-08-10 13:55:59,12.421875,1
2026-08-10 13:55:59,12.421875,1
2026-08-10 13:55:59,12.015625,1
2026-08-10 13:55:59,12.015625,1
2026-08-10 13:55:59,12.140625,1
2026-08-10 13:55:59,12.140625,1
2026-08-10 13:55:59,12.125,1
2026-08-10 13:55:59,12.125,1
2026-08-10 13:55:59,12.203125,1
2026-08-10 13:55:59,12.203125,1
2026-08-10 13:55:59,12.234375,1
2026-08-10 13:55:59,12.234375,1
2026-08-10 13:55:59,10.890625,1
2026-08-10 13:55:59,10.890625,1
2026-08-10 13:55:59,10.984375,1
2026-08-10 13:55:59,10.984375,1
2026-08-10 13:56:00,11.015625,1
2026-08-10 13:56:00,11.015625,1
2026-08-10 13:56:00,9.828125,1
2026-08-10 13:56:00,9.828125,1
2026-08-10 13:56:00,9.890625,1
2026-08-10 13:56:00,9.890625,1
2026-08-10 13:56:00,9.96875,1
2026-08-10 13:56:00,9.96875,1
2026-08-10 13:56:00,10.03125,1
2026-08-10 13:56:00,10.03125,1
2026-08-10 13:56:00,8.984375,1
2026-08-10 13:56:00,8.984375,1
2026-08-10 13:56:00,8.9375,1
2026-08-10 13:56:00,8.9375,1
2026-08-10 13:56:00,8.625,1
2026-08-10 13:56:00,8.625,1
2026-08-10 13:56:00,8.0,1
2026-08-10 13:56:00,8.0,1
2026-08-10 13:56:00,7.953125,1
2026-08-10 13:56:00,7.953125,1
2026-08-10 13:56:01,7.859375,1
2026-08-10 13:56:01,7.859375,1
2026-08-10 13:56:01,7.796875,1
2026-08-10 13:56:01,7.796875,1
2026-08-10 13:56:01,8.59375,1
2026-08-10 13:56:01,8.59375,1
2026-08-10 13:56:01,8.578125,1
2026-08-10 13:56:01,8.578125,1
2026-08-10 13:56:01,8.546875,1
2026-08-10 13:56:01,8.546875,1
2026-08-10 13:56:01,8.5625,1
2026-08-10 13:56:01,8.5625,1
2026-08-10 13:56:01,9.578125,1
2026-08-10 13:56:01,9.578125,1
2026-08-10 13:56:01,9.734375,1
2026-08-10 13:56:01,9.734375,1
2026-08-10 13:56:01,9.921875,1
2026-08-10 13:56:01,9.921875,1
2026-08-10 13:56:01,10.875,1
2026-08-10 13:56:01,10.875,1
2026-08-10 13:56:02,10.9375,1
2026-08-10 13:56:02,10.9375,1
2026-08-10 13:56:02,10.953125,1
2026-08-10 13:56:02,10.953125,1
2026-08-10 13:56:02,11.0,1
2026-08-10 13:56:02,11.0,1
2026-08-10 13:56:02,12.046875,1
2026-08-10 13:56:02,12.046875,1
2026-08-10 13:56:02,12.203125,1
2026-08-10 13:56:02,12.203125,1
2026-08-10 13:56:02,12.265625,1
2026-08-10 13:56:02,12.265625,1
2026-08-10 13:56:02,13.59375,1
2026-08-10 13:56:02,13.59375,1
2026-08-10 13:56:02,13.703125,1
2026-08-10 13:56:02,13.703125,1
2026-08-10 13:56:02,13.75,1
2026-08-10 13:56:02,13.75,1
2026-08-10 13:56:02,13.765625,1
2026-08-10 13:56:02,13.765625,1
2026-08-10 13:56:03,15.515625,1
2026-08-10 13:56:03,15.515625,1
2026-08-10 13:56:03,15.734375,1
2026-08-10 13:56:03,15.734375,1
2026-08-10 13:56:03,15.859375,1
2026-08-10 13:56:03,15.859375,1
2026-08-10 13:56:03,15.859375,1
2026-08-10 13:56:03,15.859375,1
2026-08-10 13:56:03,17.640625,1
2026-08-10 13:56:03,17.640625,1
2026-08-10 13:56:03,17.875,1
2026-08-10 13:56:03,17.875,1
2026-08-10 13:56:03,17.953125,1
2026-08-10 13:56:03,17.953125,1
2026-08-10 13:56:03,19.3125,1
2026-08-10 13:56:03,19.3125,1
2026-08-10 13:56:03,19.484375,1
2026-08-10 13:56:03,19.484375,1
2026-08-10 13:56:03,19.5,1
2026-08-10 13:56:03,19.5,1
2026-08-10 13:56:04,21.796875,1
2026-08-10 13:56:04,21.796875,1
2026-08-10 13:56:04,21.890625,1
2026-08-10 13:56:04,21.890625,1
2026-08-10 13:56:04,22.109375,1
2026-08-10 13:56:04,22.109375,1
2026-08-10 13:56:04,22.140625,1
2026-08-10 13:56:04,22.140625,1
2026-08-10 13:56:04,22.8125,1
2026-08-10 13:56:04,22.8125,1
2026-08-10 13:56:04,22.84375,1
2026-08-10 13:56:04,22.84375,1
2026-08-10 13:56:04,22.859375,1
2026-08-10 13:56:04,22.859375,1
2026-08-10 13:56:04,22.78125,1
2026-08-10 13:56:04,22.78125,1
2026-08-10 13:56:04,22.734375,1
2026-08-10 13:56:04,22.734375,1
2026-08-10 13:56:04,22.75,1
2026-08-10 13:56:04,22.75,1
2026-08-10 13:56:05,22.78125,1
2026-08-10 13:56:05,22.78125,1
2026-08-10 13:56:05,22.375,1
2026-08-10 13:56:05,22.375,1
2026-08-10 13:56:05,22.1875,1
2026-08-10 13:56:05,22.1875,1
2026-08-10 13:56:05,22.046875,1
2026-08-10 13:56:05,22.046875,1
2026-08-10 13:56:05,21.890625,1
2026-08-10 13:56:05,21.890625,1
2026-08-10 13:56:05,21.234375,1
2026-08-10 13:56:05,21.234375,1
2026-08-10 13:56:05,21.234375,1
2026-08-10 13:56:05,21.234375,1
2026-08-10 13:56:05,21.140625,1
2026-08-10 13:56:05,21.140625,1
2026-08-10 13:56:05,21.140625,1
2026-08-10 13:56:05,21.140625,1
2026-08-10 13:56:05,20.296875,1
2026-08-10 13:56:05,20.296875,1
2026-08-10 13:56:06,20.25,1
2026-08-10 13:56:06,20.25,1
2026-08-10 13:56:06,20.15625,1
2026-08-10 13:56:06,20.15625,1
2026-08-10 13:56:06,19.71875,1
2026-08-10 13:56:06,19.71875,1
2026-08-10 13:56:06,19.6875,1
2026-08-10 13:56:06,19.6875,1
2026-08-10 13:56:06,19.625,1
2026-08-10 13:56:06,19.625,1
2026-08-10 13:56:06,19.53125,1
2026-08-10 13:56:06,19.53125,1
2026-08-10 13:56:06,19.53125,1
2026-08-10 13:56:06,19.53125,1
2026-08-10 13:56:06,19.453125,1
2026-08-10 13:56:06,19.453125,1
2026-08-10 13:56:06,19.375,1
2026-08-10 13:56:06,19.375,1
2026-08-10 13:56:06,19.1875,1
2026-08-10 13:56:06,19.1875,1
2026-08-10 13:56:07,19.203125,1
2026-08-10 13:56:07,19.203125,1
2026-08-10 13:56:07,19.234375,1
2026-08-10 13:56:07,19.234375,1
2026-08-10 13:56:07,19.359375,1
2026-08-10 13:56:07,19.359375,1
2026-08-10 13:56:07,19.46875,1
2026-08-10 13:56:07,19.46875,1
2026-08-10 13:56:07,19.5,1
2026-08-10 13:56:07,19.5,1
2026-08-10 13:56:07,19.5,1
2026-08-10 13:56:07,19.5,1
2026-08-10 13:56:07,18.171875,1
2026-08-10 13:56:07,18.171875,1
2026-08-10 13:56:07,18.296875,1
2026-08-10 13:56:07,18.296875,1
2026-08-10 13:56:07,18.53125,1
2026-08-10 13:56:07,18.53125,1
2026-08-10 13:56:07,18.5625,1
2026-08-10 13:56:07,18.5625,1
2026-08-10 13:56:08,17.234375,1
2026-08-10 13:56:08,17.234375,1
2026-08-10 13:56:08,17.390625,1
2026-08-10 13:56:08,17.390625,1
2026-08-10 13:56:08,17.59375,1
2026-08-10 13:56:08,17.59375,1
2026-08-10 13:56:08,16.0,1
2026-08-10 13:56:08,16.0,1
2026-08-10 13:56:08,15.984375,1
2026-08-10 13:56:08,15.984375,1
2026-08-10 13:56:08,15.828125,1
2026-08-10 13:56:08,15.828125,1
2026-08-10 13:56:08,15.65625,1
2026-08-10 13:56:08,15.65625,1
2026-08-10 13:56:08,14.3125,1
2026-08-10 13:56:08,14.3125,1
2026-08-10 13:56:08,14.234375,1
2026-08-10 13:56:08,14.234375,1
2026-08-10 13:56:08,14.265625,1
2026-08-10 13:56:08,14.265625,1
2026-08-10 13:56:09,11.515625,1
2026-08-10 13:56:09,11.515625,1
2026-08-10 13:56:09,11.53125,1
2026-08-10 13:56:09,11.53125,1
2026-08-10 13:56:09,11.46875,1
2026-08-10 13:56:09,11.46875,1
2026-08-10 13:56:09,11.453125,1
2026-08-10 13:56:09,11.453125,1
2026-08-10 13:56:09,9.578125,1
2026-08-10 13:56:09,9.578125,1
2026-08-10 13:56:09,9.203125,1
2026-08-10 13:56:09,9.203125,1
2026-08-10 13:56:09,8.984375,1
2026-08-10 13:56:09,8.984375,1
2026-08-10 13:56:09,6.90625,1
2026-08-10 13:56:09,6.90625,1
2026-08-10 13:56:09,6.546875,1
2026-08-10 13:56:09,6.546875,1
2026-08-10 13:56:09,6.265625,1
2026-08-10 13:56:09,6.265625,1
2026-08-10 13:56:10,6.25,1
2026-08-10 13:56:10,6.25,1
2026-08-10 13:56:10,3.140625,1
2026-08-10 13:56:10,3.140625,1
2026-08-10 13:56:10,3.0,1
2026-08-10 13:56:10,3.0,1
2026-08-10 13:56:10,2.875,1
2026-08-10 13:56:10,2.875,1
2026-08-10 13:56:10,0.0,1
2026-08-10 13:56:10,0.0,1
2026-08-10 13:56:10,0.0,1
2026-08-10 13:56:10,0.0,1
2026-08-10 13:56:10,0.0,1
2026-08-10 13:56:10,0.0,1
2026-08-10 13:56:10,0.0,1
2026-08-10 13:56:10,0.0,1
2026-08-10 13:56:10,0.0,1
2026-08-10 13:56:10,0.0,1
2026-08-10 13:56:10,0.0,1
2026-08-10 13:56:10,0.0,1
2026-08-10 13:56:11,0.0,1
2026-08-10 13:56:11,0.0,1
2026-08-10 13:56:11,0.0,1
2026-08-10 13:56:11,0.0,1
2026-08-10 13:56:11,0.0,1
2026-08-10 13:56:11,0.0,1
2026-08-10 13:56:11,0.0,1
2026-08-10 13:56:11,0.0,1
2026-08-10 13:56:11,0.0,1
2026-08-10 13:56:11,0.0,1
2026-08-10 13:56:11,0.0,1
2026-08-10 13:56:11,0.0,1
2026-08-10 13:56:11,0.0,1
2026-08-10 13:56:11,0.0,1
2026-08-10 13:56:11,0.0,1
2026-08-10 13:56:11,0.0,1
2026-08-10 13:56:11,0.0,1
2026-08-10 13:56:11,0.0,1
2026-08-10 13:56:11,0.0,1
2026-08-10 13:56:11,0.0,1
2026-08-10 13:56:12,0.0,1
2026-08-10 13:56:12,0.0,1
2026-08-10 13:56:12,0.0,1
2026-08-10 13:56:12,0.0,1
2026-08-10 13:56:12,0.0,1
2026-08-10 13:56:12,0.0,1
2026-08-10 13:56:12,0.0,1
2026-08-10 13:56:12,0.0,1
2026-08-10 13:56:12,0.0,1
2026-08-10 13:56:12,0.0,1
2026-08-10 13:56:12,0.0,1
2026-08-10 13:56:12,0.0,1
2026-08-10 13:56:12,0.0,1
2026-08-10 13:56:12,0.0,1
2026-08-10 13:56:12,0.0,1
2026-08-10 13:56:12,0.0,1
2026-08-10 13:56:12,0.0,1
2026-08-10 13:56:12,0.0,1
2026-08-10 13:56:12,0.0,1
2026-08-10 13:56:12,0.0,1
2026-08-10 13:56:13,0.0,1
2026-08-10 13:56:13,0.0,1
2026-08-10 13:56:13,0.0,1
2026-08-10 13:56:13,0.0,1
2026-08-10 13:56:13,0.0,1
2026-08-10 13:56:13,0.0,1
2026-08-10 13:56:13,0.0,1
2026-08-10 13:56:13,0.0,1
2026-08-10 13:56:13,0.0,1
2026-08-10 13:56:13,0.0,1
2026-08-10 13:56:13,0.0,1
2026-08-10 13:56:13,0.0,1
2026-08-10 13:56:13,0.0,1
2026-08-10 13:56:13,0.0,1
2026-08-10 13:56:13,0.0,1
2026-08-10 13:56:13,0.0,1
2026-08-10 13:56:13,0.0,1
2026-08-10 13:56:13,0.0,1
2026-08-10 13:56:13,0.0,1
2026-08-10 13:56:13,0.0,1
2026-08-10 13:56:14,0.46875,1
2026-08-10 13:56:14,0.46875,-1
2026-08-10 13:56:14,0.0,-1
2026-08-10 13:56:14,0.0,-1
2026-08-10 13:56:14,0.0,-1
2026-08-10 13:56:14,0.0,-1
2026-08-10 13:56:14,0.0,-1
2026-08-10 13:56:14,0.0,-1
2026-08-10 13:56:14,0.0,-1
2026-08-10 13:56:14,0.0,-1
2026-08-10 13:56:14,0.0,-1
2026-08-10 13:56:14,0.0,-1
2026-08-10 13:56:14,0.0,-1
2026-08-10 13:56:14,0.0,-1
2026-08-10 13:56:14,0.0,-1
2026-08-10 13:56:14,0.0,-1
2026-08-10 13:56:14,0.0,-1
2026-08-10 13:56:14,0.0,-1
2026-08-10 13:56:14,0.0,-1
2026-08-10 13:56:14,0.0,-1
2026-08-10 13:56:15,0.0,-1
2026-08-10 13:56:15,0.0,-1
2026-08-10 13:56:15,0.0,-1
2026-08-10 13:56:15,0.0,-1
2026-08-10 13:56:15,0.0,-1
2026-08-10 13:56:15,0.0,-1
2026-08-10 13:56:15,0.0,-1
2026-08-10 13:56:15,0.0,-1
2026-08-10 13:56:15,2.734375,-1
2026-08-10 13:56:15,2.734375,-1
2026-08-10 13:56:15,2.078125,-1
2026-08-10 13:56:15,2.078125,-1
2026-08-10 13:56:15,1.796875,-1
2026-08-10 13:56:15,1.796875,-1
2026-08-10 13:56:15,1.3125,-1
2026-08-10 13:56:15,1.3125,-1
2026-08-10 13:56:15,1.125,-1
2026-08-10 13:56:15,1.125,-1
2026-08-10 13:56:15,1.0625,-1
2026-08-10 13:56:15,1.0625,-1
2026-08-10 13:56:16,1.453125,-1
2026-08-10 13:56:16,1.453125,-1
2026-08-10 13:56:16,2.796875,-1
2026-08-10 13:56:16,2.796875,-1
2026-08-10 13:56:16,3.28125,-1
2026-08-10 13:56:16,3.28125,-1
2026-08-10 13:56:16,3.28125,-1
2026-08-10 13:56:16,3.28125,-1
2026-08-10 13:56:16,2.53125,-1
2026-08-10 13:56:16,2.53125,-1
2026-08-10 13:56:16,2.484375,-1
2026-08-10 13:56:16,2.484375,-1
2026-08-10 13:56:16,1.984375,-1
2026-08-10 13:56:16,1.984375,-1
2026-08-10 13:56:16,1.921875,-1
2026-08-10 13:56:16,1.921875,-1
2026-08-10 13:56:16,2.8125,-1
2026-08-10 13:56:16,2.8125,-1
2026-08-10 13:56:16,3.078125,-1
2026-08-10 13:56:16,3.078125,-1
2026-08-10 13:56:17,3.234375,-1
2026-08-10 13:56:17,3.234375,-1
2026-08-10 13:56:17,3.515625,-1
2026-08-10 13:56:17,3.515625,-1
2026-08-10 13:56:17,4.609375,-1
2026-08-10 13:56:17,4.609375,-1
2026-08-10 13:56:17,4.484375,-1
2026-08-10 13:56:17,4.484375,-1
2026-08-10 13:56:17,4.328125,-1
2026-08-10 13:56:17,4.328125,-1
2026-08-10 13:56:17,4.53125,-1
2026-08-10 13:56:17,4.53125,-1
2026-08-10 13:56:17,4.65625,-1
2026-08-10 13:56:17,4.65625,-1
2026-08-10 13:56:17,4.78125,-1
2026-08-10 13:56:17,4.78125,-1
2026-08-10 13:56:17,4.890625,-1
2026-08-10 13:56:17,4.890625,-1
2026-08-10 13:56:17,5.75,-1
2026-08-10 13:56:17,5.75,-1
2026-08-10 13:56:18,5.765625,-1
2026-08-10 13:56:18,5.765625,-1
2026-08-10 13:56:18,5.75,-1
2026-08-10 13:56:18,5.75,-1
2026-08-10 13:56:18,6.359375,-1
2026-08-10 13:56:18,6.359375,-1
2026-08-10 13:56:18,6.40625,-1
2026-08-10 13:56:18,6.40625,-1
2026-08-10 13:56:18,6.484375,-1
2026-08-10 13:56:18,6.484375,-1
2026-08-10 13:56:18,6.546875,-1
2026-08-10 13:56:18,6.546875,-1
2026-08-10 13:56:18,7.0625,-1
2026-08-10 13:56:18,7.0625,-1
2026-08-10 13:56:18,7.046875,-1
2026-08-10 13:56:18,7.046875,-1
2026-08-10 13:56:18,7.140625,-1
2026-08-10 13:56:18,7.140625,-1
2026-08-10 13:56:18,7.171875,-1
2026-08-10 13:56:18,7.171875,-1
2026-08-10 13:56:19,7.546875,-1
2026-08-10 13:56:19,7.546875,-1
2026-08-10 13:56:19,7.53125,-1
2026-08-10 13:56:19,7.53125,-1
2026-08-10 13:56:19,7.5625,-1
2026-08-10 13:56:19,7.5625,-1
2026-08-10 13:56:19,8.015625,-1
2026-08-10 13:56:19,8.015625,-1
2026-08-10 13:56:19,7.984375,-1
2026-08-10 13:56:19,7.984375,-1
2026-08-10 13:56:19,8.015625,-1
2026-08-10 13:56:19,8.015625,-1
2026-08-10 13:56:19,8.015625,-1
2026-08-10 13:56:19,8.015625,-1
2026-08-10 13:56:19,8.21875,-1
2026-08-10 13:56:19,8.21875,-1
2026-08-10 13:56:19,8.1875,-1
2026-08-10 13:56:19,8.1875,-1
2026-08-10 13:56:19,8.21875,-1
2026-08-10 13:56:19,8.21875,-1
2026-08-10 13:56:20,8.359375,-1
2026-08-10 13:56:20,8.359375,-1
2026-08-10 13:56:20,8.40625,-1
2026-08-10 13:56:20,8.40625,-1
2026-08-10 13:56:20,8.390625,-1
2026-08-10 13:56:20,8.390625,-1
2026-08-10 13:56:20,8.40625,-1
2026-08-10 13:56:20,8.40625,-1
2026-08-10 13:56:20,8.25,-1
2026-08-10 13:56:20,8.25,-1
2026-08-10 13:56:20,8.171875,-1
2026-08-10 13:56:20,8.171875,-1
2026-08-10 13:56:20,8.171875,-1
2026-08-10 13:56:20,8.171875,-1
2026-08-10 13:56:20,8.15625,-1
2026-08-10 13:56:20,8.15625,-1
2026-08-10 13:56:20,7.328125,-1
2026-08-10 13:56:20,7.328125,-1
2026-08-10 13:56:20,7.3125,-1
2026-08-10 13:56:20,7.3125,-1
2026-08-10 13:56:21,7.3125,-1
2026-08-10 13:56:21,7.3125,-1
2026-08-10 13:56:21,6.578125,-1
2026-08-10 13:56:21,6.578125,-1
2026-08-10 13:56:21,6.53125,-1
2026-08-10 13:56:21,6.53125,-1
2026-08-10 13:56:21,6.421875,-1
2026-08-10 13:56:21,6.421875,-1
2026-08-10 13:56:21,5.609375,-1
2026-08-10 13:56:21,5.609375,-1
2026-08-10 13:56:21,5.578125,-1
2026-08-10 13:56:21,5.578125,-1
2026-08-10 13:56:21,5.515625,-1
2026-08-10 13:56:21,5.515625,-1
2026-08-10 13:56:21,5.453125,-1
2026-08-10 13:56:21,5.453125,-1
2026-08-10 13:56:21,4.59375,-1
2026-08-10 13:56:21,4.59375,-1
2026-08-10 13:56:21,4.515625,-1
2026-08-10 13:56:21,4.515625,-1
2026-08-10 13:56:22,4.421875,-1
2026-08-10 13:56:22,4.421875,-1
2026-08-10 13:56:22,4.375,-1
2026-08-10 13:56:22,4.375,-1
2026-08-10 13:56:22,3.34375,-1
2026-08-10 13:56:22,3.34375,-1
2026-08-10 13:56:22,3.265625,-1
2026-08-10 13:56:22,3.265625,-1
2026-08-10 13:56:22,3.15625,-1
2026-08-10 13:56:22,3.15625,-1
2026-08-10 13:56:22,3.15625,-1
2026-08-10 13:56:22,3.15625,-1
2026-08-10 13:56:22,1.921875,-1
2026-08-10 13:56:22,1.921875,-1
2026-08-10 13:56:22,1.78125,-1
2026-08-10 13:56:22,1.78125,-1
2026-08-10 13:56:22,1.75,-1
2026-08-10 13:56:22,1.75,-1
2026-08-10 13:56:22,0.5,-1
2026-08-10 13:56:22,0.5,-1
2026-08-10 13:56:23,0.5,-1
2026-08-10 13:56:23,0.5,-1
2026-08-10 13:56:23,0.5,-1
2026-08-10 13:56:23,0.5,-1
2026-08-10 13:56:23,0.5,-1
2026-08-10 13:56:23,0.5,-1
2026-08-10 13:56:23,0.0,-1
2026-08-10 13:56:23,0.0,-1
2026-08-10 13:56:23,0.0,-1
2026-08-10 13:56:23,0.0,-1
2026-08-10 13:56:23,0.0,-1
2026-08-10 13:56:23,0.0,-1
2026-08-10 13:56:23,0.0,-1
2026-08-10 13:56:23,0.0,-1
2026-08-10 13:56:23,0.0,-1
2026-08-10 13:56:23,0.0,-1
2026-08-10 13:56:23,0.0,-1
2026-08-10 13:56:23,0.0,-1
2026-08-10 13:56:23,0.0,-1
2026-08-10 13:56:23,0.0,-1
2026-08-10 13:56:24,0.0,-1
2026-08-10 13:56:24,0.0,-1
2026-08-10 13:56:24,0.0,-1
2026-08-10 13:56:24,0.0,-1
2026-08-10 13:56:24,0.0,-1
2026-08-10 13:56:24,0.0,-1
2026-08-10 13:56:24,0.0,-1
2026-08-10 13:56:24,0.0,-1
2026-08-10 13:56:24,0.0,-1
2026-08-10 13:56:24,0.0,-1
2026-08-10 13:56:24,0.0,-1
2026-08-10 13:56:24,0.0,-1
2026-08-10 13:56:24,0.0,-1
2026-08-10 13:56:24,0.0,-1
2026-08-10 13:56:24,0.0,-1
2026-08-10 13:56:24,0.0,-1
2026-08-10 13:56:24,0.0,-1
2026-08-10 13:56:24,0.0,-1
2026-08-10 13:56:24,0.0,-1
2026-08-10 13:56:24,0.0,-1
2026-08-10 13:56:25,0.0,-1
2026-08-10 13:56:25,0.0,-1
2026-08-10 13:56:25,0.0,-1
2026-08-10 13:56:25,0.0,-1
2026-08-10 13:56:25,0.0,-1
2026-08-10 13:56:25,0.0,-1
2026-08-10 13:56:25,0.0,-1
2026-08-10 13:56:25,0.0,-1
2026-08-10 13:56:25,0.0,-1
2026-08-10 13:56:25,0.0,-1
2026-08-10 13:56:25,0.0,-1
2026-08-10 13:56:25,0.0,-1
2026-08-10 13:56:25,0.0,-1
2026-08-10 13:56:25,0.0,-1
2026-08-10 13:56:25,0.0,-1
2026-08-10 13:56:25,0.0,-1
2026-08-10 13:56:25,0.0,-1
2026-08-10 13:56:25,0.0,-1
2026-08-10 13:56:25,0.0,-1
2026-08-10 13:56:25,0.0,-1
2026-08-10 13:56:26,0.0,-1
2026-08-10 13:56:26,0.0,-1
2026-08-10 13:56:26,0.0,-1
2026-08-10 13:56:26,0.0,-1
2026-08-10 13:56:26,0.0,-1
2026-08-10 13:56:26,0.0,-1
2026-08-10 13:56:26,0.0,-1
2026-08-10 13:56:26,0.0,-1
2026-08-10 13:56:26,0.0,-1
2026-08-10 13:56:26,0.0,-1
2026-08-10 13:56:26,0.0,-1
2026-08-10 13:56:26,0.0,-1
2026-08-10 13:56:26,0.0,-1
2026-08-10 13:56:26,0.0,-1
2026-08-10 13:56:26,0.0,-1
2026-08-10 13:56:26,0.0,-1
2026-08-10 13:56:26,0.0,-1
2026-08-10 13:56:26,0.0,-1
2026-08-10 13:56:26,0.0,-1
2026-08-10 13:56:26,0.0,-1
2026-08-10 13:56:27,0.0,-1
2026-08-10 13:56:27,0.0,-1
2026-08-10 13:56:27,0.0,-1
2026-08-10 13:56:27,0.0,-1
2026-08-10 13:56:27,0.0,-1
2026-08-10 13:56:27,0.0,-1
2026-08-10 13:56:27,0.0,-1
2026-08-10 13:56:27,0.0,-1
2026-08-10 13:56:27,0.0,-1
2026-08-10 13:56:27,0.0,-1
2026-08-10 13:56:27,0.0,-1
2026-08-10 13:56:27,0.0,-1
2026-08-10 13:56:27,0.0,-1
2026-08-10 13:56:27,0.0,-1
2026-08-10 13:56:27,0.0,-1
2026-08-10 13:56:27,0.0,-1
2026-08-10 13:56:27,0.0,-1
2026-08-10 13:56:27,0.0,-1
2026-08-10 13:56:27,0.0,-1
2026-08-10 13:56:27,0.0,-1
2026-08-10 13:56:28,0.0,-1
2026-08-10 13:56:28,0.0,-1
2026-08-10 13:56:28,0.0,-1
2026-08-10 13:56:28,0.0,-1
2026-08-10 13:56:28,0.0,-1
2026-08-10 13:56:28,0.0,-1
2026-08-10 13:56:28,0.0,-1
2026-08-10 13:56:28,0.0,-1
2026-08-10 13:56:28,0.0,-1
2026-08-10 13:56:28,0.0,-1
2026-08-10 13:56:28,0.0,-1
2026-08-10 13:56:28,0.0,-1
2026-08-10 13:56:28,0.0,-1
2026-08-10 13:56:28,0.0,-1
2026-08-10 13:56:28,0.0,-1
2026-08-10 13:56:28,0.0,-1
2026-08-10 13:56:28,0.0,-1
2026-08-10 13:56:28,0.0,-1
2026-08-10 13:56:28,0.0,-1
2026-08-10 13:56:28,0.0,-1
2026-08-10 13:56:29,0.0,-1
2026-08-10 13:56:29,0.0,-1
2026-08-10 13:56:29,0.0,-1
2026-08-10 13:56:29,0.0,-1
2026-08-10 13:56:29,0.0,-1
2026-08-10 13:56:29,0.0,-1
2026-08-10 13:56:29,0.0,-1
2026-08-10 13:56:29,0.0,-1
2026-08-10 13:56:29,0.703125,-1
2026-08-10 13:56:29,0.703125,-1
2026-08-10 13:56:29,0.703125,-1
2026-08-10 13:56:29,0.703125,-1
2026-08-10 13:56:29,1.609375,-1
2026-08-10 13:56:29,1.609375,-1
2026-08-10 13:56:29,1.609375,-1
2026-08-10 13:56:29,1.609375,-1
2026-08-10 13:56:29,1.609375,-1
2026-08-10 13:56:29,1.609375,-1
2026-08-10 13:56:29,1.125,-1
2026-08-10 13:56:29,1.125,-1
2026-08-10 13:56:30,1.15625,-1
2026-08-10 13:56:30,1.15625,-1
2026-08-10 13:56:30,1.296875,-1
2026-08-10 13:56:30,1.296875,-1
2026-08-10 13:56:30,1.453125,-1
2026-08-10 13:56:30,1.453125,-1
2026-08-10 13:56:30,2.421875,-1
2026-08-10 13:56:30,2.421875,-1
2026-08-10 13:56:30,2.390625,-1
2026-08-10 13:56:30,2.390625,-1
2026-08-10 13:56:30,2.390625,-1
2026-08-10 13:56:30,2.390625,-1
2026-08-10 13:56:30,2.34375,-1
2026-08-10 13:56:30,2.34375,-1
2026-08-10 13:56:30,2.59375,-1
2026-08-10 13:56:30,2.59375,-1
2026-08-10 13:56:30,2.59375,-1
2026-08-10 13:56:30,2.59375,-1
2026-08-10 13:56:30,2.640625,-1
2026-08-10 13:56:30,2.640625,-1
2026-08-10 13:56:31,3.0625,-1
2026-08-10 13:56:31,3.0625,-1
2026-08-10 13:56:31,3.109375,-1
2026-08-10 13:56:31,3.109375,-1
2026-08-10 13:56:31,3.0625,-1
2026-08-10 13:56:31,3.0625,-1
2026-08-10 13:56:31,3.0625,-1
2026-08-10 13:56:31,3.0625,-1
2026-08-10 13:56:31,3.390625,-1
2026-08-10 13:56:31,3.390625,-1
2026-08-10 13:56:31,3.421875,-1
2026-08-10 13:56:31,3.421875,-1
2026-08-10 13:56:31,3.46875,-1
2026-08-10 13:56:31,3.46875,-1
2026-08-10 13:56:31,3.515625,-1
2026-08-10 13:56:31,3.515625,-1
2026-08-10 13:56:31,3.515625,-1
2026-08-10 13:56:31,3.515625,-1
2026-08-10 13:56:31,3.46875,-1
2026-08-10 13:56:31,3.46875,-1
2026-08-10 13:56:32,3.4375,-1
2026-08-10 13:56:32,3.4375,-1
2026-08-10 13:56:32,3.9375,-1
2026-08-10 13:56:32,3.9375,-1
2026-08-10 13:56:32,4.046875,-1
2026-08-10 13:56:32,4.046875,-1
2026-08-10 13:56:32,4.109375,-1
2026-08-10 13:56:32,4.109375,-1
2026-08-10 13:56:32,4.453125,-1
2026-08-10 13:56:32,4.453125,-1
2026-08-10 13:56:32,4.546875,-1
2026-08-10 13:56:32,4.546875,-1
2026-08-10 13:56:32,4.625,-1
2026-08-10 13:56:32,4.625,-1
2026-08-10 13:56:32,4.625,-1
2026-08-10 13:56:32,4.625,-1
2026-08-10 13:56:32,4.859375,-1
2026-08-10 13:56:32,4.859375,-1
2026-08-10 13:56:32,4.84375,-1
2026-08-10 13:56:32,4.84375,-1
2026-08-10 13:56:33,4.828125,-1
2026-08-10 13:56:33,4.828125,-1
2026-08-10 13:56:33,4.8125,-1
2026-08-10 13:56:33,4.8125,-1
2026-08-10 13:56:33,5.296875,-1
2026-08-10 13:56:33,5.296875,-1
2026-08-10 13:56:33,5.265625,-1
2026-08-10 13:56:33,5.265625,-1
2026-08-10 13:56:33,5.296875,-1
2026-08-10 13:56:33,5.296875,-1
2026-08-10 13:56:33,5.484375,-1
2026-08-10 13:56:33,5.484375,-1
2026-08-10 13:56:33,5.515625,-1
2026-08-10 13:56:33,5.515625,-1
2026-08-10 13:56:33,5.546875,-1
2026-08-10 13:56:33,5.546875,-1
2026-08-10 13:56:33,5.640625,-1
2026-08-10 13:56:33,5.640625,-1
2026-08-10 13:56:33,5.28125,-1
2026-08-10 13:56:33,5.28125,-1
2026-08-10 13:56:34,5.25,-1
2026-08-10 13:56:34,5.25,-1
2026-08-10 13:56:34,5.265625,-1
2026-08-10 13:56:34,5.265625,-1
2026-08-10 13:56:34,6.203125,-1
2026-08-10 13:56:34,6.203125,-1
2026-08-10 13:56:34,6.21875,-1
2026-08-10 13:56:34,6.21875,-1
2026-08-10 13:56:34,6.28125,-1
2026-08-10 13:56:34,6.28125,-1
2026-08-10 13:56:34,6.328125,-1
2026-08-10 13:56:34,6.328125,-1
2026-08-10 13:56:34,7.109375,-1
2026-08-10 13:56:34,7.109375,-1
2026-08-10 13:56:34,7.125,-1
2026-08-10 13:56:34,7.125,-1
2026-08-10 13:56:34,7.21875,-1
2026-08-10 13:56:34,7.21875,-1
2026-08-10 13:56:34,7.265625,-1
2026-08-10 13:56:34,7.265625,-1
2026-08-10 13:56:35,7.25,-1
2026-08-10 13:56:35,7.25,-1
2026-08-10 13:56:35,7.171875,-1
2026-08-10 13:56:35,7.171875,-1
2026-08-10 13:56:35,7.15625,-1
2026-08-10 13:56:35,7.15625,-1
2026-08-10 13:56:35,6.5,-1
2026-08-10 13:56:35,6.5,-1
2026-08-10 13:56:35,6.421875,-1
2026-08-10 13:56:35,6.421875,-1
2026-08-10 13:56:35,6.421875,-1
2026-08-10 13:56:35,6.421875,-1
2026-08-10 13:56:35,6.375,-1
2026-08-10 13:56:35,6.375,-1
2026-08-10 13:56:35,5.609375,-1
2026-08-10 13:56:35,5.609375,-1
2026-08-10 13:56:35,5.546875,-1
2026-08-10 13:56:35,5.546875,-1
2026-08-10 13:56:35,5.453125,-1
2026-08-10 13:56:35,5.453125,-1
2026-08-10 13:56:36,4.3125,-1
2026-08-10 13:56:36,4.3125,-1
2026-08-10 13:56:36,4.15625,-1
2026-08-10 13:56:36,4.15625,-1
2026-08-10 13:56:36,4.046875,-1
2026-08-10 13:56:36,4.046875,-1
2026-08-10 13:56:36,4.03125,-1
2026-08-10 13:56:36,4.03125,-1
2026-08-10 13:56:36,2.5,-1
2026-08-10 13:56:36,2.5,-1
2026-08-10 13:56:36,2.390625,-1
2026-08-10 13:56:36,2.390625,-1
2026-08-10 13:56:36,2.34375,-1
2026-08-10 13:56:36,2.34375,-1
2026-08-10 13:56:36,0.921875,-1
2026-08-10 13:56:36,0.921875,-1
2026-08-10 13:56:36,0.484375,-1
2026-08-10 13:56:36,0.484375,-1
2026-08-10 13:56:36,0.484375,-1
2026-08-10 13:56:36,0.484375,-1
2026-08-10 13:56:37,0.484375,-1
2026-08-10 13:56:37,0.484375,-1
2026-08-10 13:56:37,0.0,-1
2026-08-10 13:56:37,0.0,-1
2026-08-10 13:56:37,0.0,-1
2026-08-10 13:56:37,0.0,-1
2026-08-10 13:56:37,0.0,-1
2026-08-10 13:56:37,0.0,-1
2026-08-10 13:56:37,0.0,-1
2026-08-10 13:56:37,0.0,-1
2026-08-10 13:56:37,0.0,-1
2026-08-10 13:56:37,0.0,-1
2026-08-10 13:56:37,0.0,-1
2026-08-10 13:56:37,0.0,-1
2026-08-10 13:56:37,0.0,-1
2026-08-10 13:56:37,0.0,-1
2026-08-10 13:56:37,0.0,-1
2026-08-10 13:56:37,0.0,-1
2026-08-10 13:56:37,0.0,-1
2026-08-10 13:56:37,0.0,-1
2026-08-10 13:56:38,0.0,-1
2026-08-10 13:56:38,0.0,-1
2026-08-10 13:56:38,0.0,-1
2026-08-10 13:56:38,0.0,-1
2026-08-10 13:56:38,0.0,-1
2026-08-10 13:56:38,0.0,-1
2026-08-10 13:56:38,0.0,-1
2026-08-10 13:56:38,0.0,-1
2026-08-10 13:56:38,0.0,-1
2026-08-10 13:56:38,0.0,-1
2026-08-10 13:56:38,0.0,-1
2026-08-10 13:56:38,0.0,-1
2026-08-10 13:56:38,0.0,-1
2026-08-10 13:56:38,0.0,-1
2026-08-10 13:56:38,0.0,-1
2026-08-10 13:56:38,0.0,-1
2026-08-10 13:56:38,0.0,-1
2026-08-10 13:56:38,0.0,-1
2026-08-10 13:56:38,0.0,-1
2026-08-10 13:56:38,0.0,-1
2026-08-10 13:56:39,0.0,-1
2026-08-10 13:56:39,0.0,-1
2026-08-10 13:56:39,0.0,-1
2026-08-10 13:56:39,0.0,-1
2026-08-10 13:56:39,0.0,-1
2026-08-10 13:56:39,0.0,-1
2026-08-10 13:56:39,0.0,-1
2026-08-10 13:56:39,0.0,-1
2026-08-10 13:56:39,0.0,-1
2026-08-10 13:56:39,0.0,-1
2026-08-10 13:56:39,0.0,-1
2026-08-10 13:56:39,0.0,-1
2026-08-10 13:56:39,0.0,-1
2026-08-10 13:56:39,0.0,-1
2026-08-10 13:56:39,0.0,-1
2026-08-10 13:56:39,0.0,-1
2026-08-10 13:56:39,0.0,-1
2026-08-10 13:56:39,0.0,-1
2026-08-10 13:56:39,0.0,-1
2026-08-10 13:56:39,0.0,-1
2026-08-10 13:56:40,0.0,-1
2026-08-10 13:56:40,0.0,-1
2026-08-10 13:56:40,0.0,-1
2026-08-10 13:56:40,0.0,-1
2026-08-10 13:56:40,0.0,-1
2026-08-10 13:56:40,0.0,-1
2026-08-10 13:56:40,0.0,-1
2026-08-10 13:56:40,0.0,-1
2026-08-10 13:56:40,0.0,-1
2026-08-10 13:56:40,0.0,-1
2026-08-10 13:56:40,0.0,-1
2026-08-10 13:56:40,0.0,-1
2026-08-10 13:56:40,0.0,-1
2026-08-10 13:56:40,0.0,-1
2026-08-10 13:56:40,0.0,-1
2026-08-10 13:56:40,0.0,-1
2026-08-10 13:56:40,0.0,-1
2026-08-10 13:56:40,0.0,-1
2026-08-10 13:56:40,0.0,-1
2026-08-10 13:56:40,0.0,-1
2026-08-10 13:56:41,0.0,-1
2026-08-10 13:56:41,0.0,-1
2026-08-10 13:56:41,0.0,-1
2026-08-10 13:56:41,0.0,-1
2026-08-10 13:56:41,0.0,-1
2026-08-10 13:56:41,0.0,-1
2026-08-10 13:56:41,0.0,-1
2026-08-10 13:56:41,0.0,-1
2026-08-10 13:56:41,0.0,-1
2026-08-10 13:56:41,0.0,-1
2026-08-10 13:56:41,0.0,-1
2026-08-10 13:56:41,0.0,-1
2026-08-10 13:56:41,0.0,-1
2026-08-10 13:56:41,0.0,-1
2026-08-10 13:56:41,0.0,-1
2026-08-10 13:56:41,0.0,-1
2026-08-10 13:56:41,0.0,-1
2026-08-10 13:56:41,0.0,-1
2026-08-10 13:56:41,0.0,-1
2026-08-10 13:56:41,0.0,-1
2026-08-10 13:56:42,0.0,-1
2026-08-10 13:56:42,0.0,-1
2026-08-10 13:56:42,0.0,-1
2026-08-10 13:56:42,0.0,-1
2026-08-10 13:56:42,0.0,-1
2026-08-10 13:56:42,0.0,-1
2026-08-10 13:56:42,0.0,-1
2026-08-10 13:56:42,0.0,-1
2026-08-10 13:56:42,0.0,-1
2026-08-10 13:56:42,0.0,-1
2026-08-10 13:56:42,1.546875,-1
2026-08-10 13:56:42,1.546875,-1
2026-08-10 13:56:42,1.546875,-1
2026-08-10 13:56:42,1.546875,-1
2026-08-10 13:56:42,1.59375,-1
2026-08-10 13:56:42,1.59375,-1
2026-08-10 13:56:42,2.34375,-1
2026-08-10 13:56:42,2.34375,-1
2026-08-10 13:56:42,2.328125,-1
2026-08-10 13:56:42,2.328125,-1
2026-08-10 13:56:43,2.328125,-1
2026-08-10 13:56:43,2.328125,-1
2026-08-10 13:56:43,2.3125,-1
2026-08-10 13:56:43,2.3125,-1
2026-08-10 13:56:43,2.34375,-1
2026-08-10 13:56:43,2.34375,-1
2026-08-10 13:56:43,2.40625,-1
2026-08-10 13:56:43,2.40625,-1
2026-08-10 13:56:43,2.515625,-1
2026-08-10 13:56:43,2.515625,-1
2026-08-10 13:56:43,2.578125,-1
2026-08-10 13:56:43,2.578125,-1
2026-08-10 13:56:43,3.546875,-1
2026-08-10 13:56:43,3.546875,-1
2026-08-10 13:56:43,3.59375,-1
2026-08-10 13:56:43,3.59375,-1
2026-08-10 13:56:43,3.59375,-1
2026-08-10 13:56:43,3.59375,-1
2026-08-10 13:56:43,4.296875,-1
2026-08-10 13:56:43,4.296875,-1
2026-08-10 13:56:44,4.484375,-1
2026-08-10 13:56:44,4.484375,-1
2026-08-10 13:56:44,4.5,-1
2026-08-10 13:56:44,4.5,-1
2026-08-10 13:56:44,5.09375,-1
2026-08-10 13:56:44,5.09375,-1
2026-08-10 13:56:44,5.109375,-1
2026-08-10 13:56:44,5.109375,-1
2026-08-10 13:56:44,5.1875,-1
2026-08-10 13:56:44,5.1875,-1
2026-08-10 13:56:44,5.1875,-1
2026-08-10 13:56:44,5.1875,-1
2026-08-10 13:56:44,5.3125,-1
2026-08-10 13:56:44,5.3125,-1
2026-08-10 13:56:44,5.328125,-1
2026-08-10 13:56:44,5.328125,-1
2026-08-10 13:56:44,5.328125,-1
2026-08-10 13:56:44,5.328125,-1
2026-08-10 13:56:44,5.34375,-1
2026-08-10 13:56:44,5.34375,-1
2026-08-10 13:56:45,5.296875,-1
2026-08-10 13:56:45,5.296875,-1
2026-08-10 13:56:45,5.3125,-1
2026-08-10 13:56:45,5.3125,-1
2026-08-10 13:56:45,5.296875,-1
2026-08-10 13:56:45,5.296875,-1
2026-08-10 13:56:45,5.578125,-1
2026-08-10 13:56:45,5.578125,-1
2026-08-10 13:56:45,5.65625,-1
2026-08-10 13:56:45,5.65625,-1
2026-08-10 13:56:45,5.875,-1
2026-08-10 13:56:45,5.875,-1
2026-08-10 13:56:45,5.90625,-1
2026-08-10 13:56:45,5.90625,-1
2026-08-10 13:56:45,6.84375,-1
2026-08-10 13:56:45,6.84375,-1
2026-08-10 13:56:45,6.828125,-1
2026-08-10 13:56:45,6.828125,-1
2026-08-10 13:56:45,6.734375,-1
2026-08-10 13:56:45,6.734375,-1
2026-08-10 13:56:46,6.640625,-1
2026-08-10 13:56:46,6.640625,-1
2026-08-10 13:56:46,6.671875,-1
2026-08-10 13:56:46,6.671875,-1
2026-08-10 13:56:46,6.734375,-1
2026-08-10 13:56:46,6.734375,-1
2026-08-10 13:56:46,6.828125,-1
2026-08-10 13:56:46,6.828125,-1
2026-08-10 13:56:46,7.71875,-1
2026-08-10 13:56:46,7.71875,-1
2026-08-10 13:56:46,7.71875,-1
2026-08-10 13:56:46,7.71875,-1
2026-08-10 13:56:46,7.703125,-1
2026-08-10 13:56:46,7.703125,-1
2026-08-10 13:56:46,7.28125,-1
2026-08-10 13:56:46,7.28125,-1
2026-08-10 13:56:46,7.203125,-1
2026-08-10 13:56:46,7.203125,-1
2026-08-10 13:56:46,7.203125,-1
2026-08-10 13:56:46,7.203125,-1
2026-08-10 13:56:47,7.296875,-1
2026-08-10 13:56:47,7.296875,-1
2026-08-10 13:56:47,7.328125,-1
2026-08-10 13:56:47,7.328125,-1
2026-08-10 13:56:47,7.390625,-1
2026-08-10 13:56:47,7.390625,-1
2026-08-10 13:56:47,7.484375,-1
2026-08-10 13:56:47,7.484375,-1
2026-08-10 13:56:47,7.484375,-1
2026-08-10 13:56:47,7.484375,-1
2026-08-10 13:56:47,7.828125,-1
2026-08-10 13:56:47,7.828125,-1
2026-08-10 13:56:47,7.796875,-1
2026-08-10 13:56:47,7.796875,-1
2026-08-10 13:56:47,7.6875,-1
2026-08-10 13:56:47,7.6875,-1
2026-08-10 13:56:47,7.734375,-1
2026-08-10 13:56:47,7.734375,-1
2026-08-10 13:56:47,7.75,-1
2026-08-10 13:56:47,7.75,-1
2026-08-10 13:56:48,7.84375,-1
2026-08-10 13:56:48,7.84375,-1
2026-08-10 13:56:48,7.84375,-1
2026-08-10 13:56:48,7.84375,-1
2026-08-10 13:56:48,8.109375,-1
2026-08-10 13:56:48,8.109375,-1
2026-08-10 13:56:48,8.0625,-1
2026-08-10 13:56:48,8.0625,-1
2026-08-10 13:56:48,8.03125,-1
2026-08-10 13:56:48,8.03125,-1
2026-08-10 13:56:48,8.328125,-1
2026-08-10 13:56:48,8.328125,-1
2026-08-10 13:56:48,8.3125,-1
2026-08-10 13:56:48,8.3125,-1
2026-08-10 13:56:48,8.265625,-1
2026-08-10 13:56:48,8.265625,-1
2026-08-10 13:56:48,8.25,-1
2026-08-10 13:56:48,8.25,-1
2026-08-10 13:56:48,8.3125,-1
2026-08-10 13:56:48,8.3125,-1
2026-08-10 13:56:49,8.25,-1
2026-08-10 13:56:49,8.25,-1
2026-08-10 13:56:49,8.25,-1
2026-08-10 13:56:49,8.25,-1
2026-08-10 13:56:49,8.203125,-1
2026-08-10 13:56:49,8.203125,-1
2026-08-10 13:56:49,8.1875,-1
2026-08-10 13:56:49,8.1875,-1
2026-08-10 13:56:49,8.1875,-1
2026-08-10 13:56:49,8.1875,-1
2026-08-10 13:56:49,8.125,-1
2026-08-10 13:56:49,8.125,-1
2026-08-10 13:56:49,7.515625,-1
2026-08-10 13:56:49,7.515625,-1
2026-08-10 13:56:49,7.421875,-1
2026-08-10 13:56:49,7.421875,-1
2026-08-10 13:56:49,7.34375,-1
2026-08-10 13:56:49,7.34375,-1
2026-08-10 13:56:49,7.4375,-1
2026-08-10 13:56:49,7.4375,-1
2026-08-10 13:56:50,7.5625,-1
2026-08-10 13:56:50,7.5625,-1
2026-08-10 13:56:50,7.65625,-1
2026-08-10 13:56:50,7.65625,-1
2026-08-10 13:56:50,7.6875,-1
2026-08-10 13:56:50,7.6875,-1
2026-08-10 13:56:50,8.5,-1
2026-08-10 13:56:50,8.5,-1
2026-08-10 13:56:50,8.46875,-1
2026-08-10 13:56:50,8.46875,-1
2026-08-10 13:56:50,8.53125,-1
2026-08-10 13:56:50,8.53125,-1
2026-08-10 13:56:50,8.53125,-1
2026-08-10 13:56:50,8.53125,-1
2026-08-10 13:56:50,9.984375,-1
2026-08-10 13:56:50,9.984375,-1
2026-08-10 13:56:50,10.046875,-1
2026-08-10 13:56:50,10.046875,-1
2026-08-10 13:56:50,10.109375,-1
2026-08-10 13:56:50,10.109375,-1
2026-08-10 13:56:51,10.875,-1
2026-08-10 13:56:51,10.875,-1
2026-08-10 13:56:51,10.890625,-1
2026-08-10 13:56:51,10.890625,-1
2026-08-10 13:56:51,10.953125,-1
2026-08-10 13:56:51,10.953125,-1
2026-08-10 13:56:51,11.015625,-1
2026-08-10 13:56:51,11.015625,-1
2026-08-10 13:56:51,11.765625,-1
2026-08-10 13:56:51,11.765625,-1
2026-08-10 13:56:51,11.734375,-1
2026-08-10 13:56:51,11.734375,-1
2026-08-10 13:56:51,11.578125,-1
2026-08-10 13:56:51,11.578125,-1
2026-08-10 13:56:51,10.96875,-1
2026-08-10 13:56:51,10.96875,-1
2026-08-10 13:56:51,10.90625,-1
2026-08-10 13:56:51,10.90625,-1
2026-08-10 13:56:51,10.890625,-1
2026-08-10 13:56:51,10.890625,-1
2026-08-10 13:56:52,10.90625,-1
2026-08-10 13:56:52,10.90625,-1
2026-08-10 13:56:52,10.515625,-1
2026-08-10 13:56:52,10.515625,-1
2026-08-10 13:56:52,10.546875,-1
2026-08-10 13:56:52,10.546875,-1
2026-08-10 13:56:52,10.546875,-1
2026-08-10 13:56:52,10.546875,-1
2026-08-10 13:56:52,10.5625,-1
2026-08-10 13:56:52,10.5625,-1
2026-08-10 13:56:52,9.8125,-1
2026-08-10 13:56:52,9.8125,-1
2026-08-10 13:56:52,9.703125,-1
2026-08-10 13:56:52,9.703125,-1
2026-08-10 13:56:52,9.640625,-1
2026-08-10 13:56:52,9.640625,-1
2026-08-10 13:56:52,10.53125,-1
2026-08-10 13:56:52,10.53125,-1
2026-08-10 13:56:52,10.625,-1
2026-08-10 13:56:52,10.625,-1
2026-08-10 13:56:53,10.875,-1
2026-08-10 13:56:53,10.875,-1
2026-08-10 13:56:53,10.984375,-1
2026-08-10 13:56:53,10.984375,-1
2026-08-10 13:56:53,12.0625,-1
2026-08-10 13:56:53,12.0625,-1
2026-08-10 13:56:53,11.921875,-1
2026-08-10 13:56:53,11.921875,-1
2026-08-10 13:56:53,11.90625,-1
2026-08-10 13:56:53,11.90625,-1
2026-08-10 13:56:53,11.328125,-1
2026-08-10 13:56:53,11.328125,-1
2026-08-10 13:56:53,11.3125,-1
2026-08-10 13:56:53,11.3125,-1
2026-08-10 13:56:53,11.40625,-1
2026-08-10 13:56:53,11.40625,-1
2026-08-10 13:56:53,11.40625,-1
2026-08-10 13:56:53,11.40625,-1
2026-08-10 13:56:53,11.0,-1
2026-08-10 13:56:53,11.0,-1
2026-08-10 13:56:54,10.953125,-1
2026-08-10 13:56:54,10.953125,-1
2026-08-10 13:56:54,10.8125,-1
2026-08-10 13:56:54,10.8125,-1
2026-08-10 13:56:54,10.765625,-1
2026-08-10 13:56:54,10.765625,-1
2026-08-10 13:56:54,9.90625,-1
2026-08-10 13:56:54,9.90625,-1
2026-08-10 13:56:54,9.921875,-1
2026-08-10 13:56:54,9.921875,-1
2026-08-10 13:56:54,10.046875,-1
2026-08-10 13:56:54,10.046875,-1
2026-08-10 13:56:54,10.90625,-1
2026-08-10 13:56:54,10.90625,-1
2026-08-10 13:56:54,10.953125,-1
2026-08-10 13:56:54,10.953125,-1
2026-08-10 13:56:54,11.03125,-1
2026-08-10 13:56:54,11.03125,-1
2026-08-10 13:56:54,11.3125,-1
2026-08-10 13:56:54,11.3125,-1
2026-08-10 13:56:55,11.265625,-1
2026-08-10 13:56:55,11.265625,-1
2026-08-10 13:56:55,11.265625,-1
2026-08-10 13:56:55,11.265625,-1
2026-08-10 13:56:55,11.296875,-1
2026-08-10 13:56:55,11.296875,-1
2026-08-10 13:56:55,11.84375,-1
2026-08-10 13:56:55,11.84375,-1
2026-08-10 13:56:55,12.0,-1
2026-08-10 13:56:55,12.0,-1
2026-08-10 13:56:55,11.984375,-1
2026-08-10 13:56:55,11.984375,-1
2026-08-10 13:56:55,11.671875,-1
2026-08-10 13:56:55,11.671875,-1
2026-08-10 13:56:55,11.625,-1
2026-08-10 13:56:55,11.625,-1
2026-08-10 13:56:55,11.46875,-1
2026-08-10 13:56:55,11.46875,-1
2026-08-10 13:56:55,11.4375,-1
2026-08-10 13:56:55,11.4375,-1
2026-08-10 13:56:56,10.703125,-1
2026-08-10 13:56:56,10.703125,-1
2026-08-10 13:56:56,10.625,-1
2026-08-10 13:56:56,10.625,-1
2026-08-10 13:56:56,10.65625,-1
2026-08-10 13:56:56,10.65625,-1
2026-08-10 13:56:56,9.125,-1
2026-08-10 13:56:56,9.125,-1
2026-08-10 13:56:56,9.015625,-1
2026-08-10 13:56:56,9.015625,-1
2026-08-10 13:56:56,8.875,-1
2026-08-10 13:56:56,8.875,-1
2026-08-10 13:56:56,8.703125,-1
2026-08-10 13:56:56,8.703125,-1
2026-08-10 13:56:56,6.609375,-1
2026-08-10 13:56:56,6.609375,-1
2026-08-10 13:56:56,6.53125,-1
2026-08-10 13:56:56,6.53125,-1
2026-08-10 13:56:56,6.375,-1
2026-08-10 13:56:56,6.375,-1
2026-08-10 13:56:57,6.3125,-1
2026-08-10 13:56:57,6.3125,-1
2026-08-10 13:56:57,5.90625,-1
2026-08-10 13:56:57,5.90625,-1
2026-08-10 13:56:57,5.765625,-1
2026-08-10 13:56:57,5.765625,-1
2026-08-10 13:56:57,5.65625,-1
2026-08-10 13:56:57,5.65625,-1
2026-08-10 13:56:57,6.015625,-1
2026-08-10 13:56:57,6.015625,-1
2026-08-10 13:56:57,5.96875,-1
2026-08-10 13:56:57,5.96875,-1
2026-08-10 13:56:57,6.078125,-1
2026-08-10 13:56:57,6.078125,-1
2026-08-10 13:56:57,6.453125,-1
2026-08-10 13:56:57,6.453125,-1
2026-08-10 13:56:57,6.546875,-1
2026-08-10 13:56:57,6.546875,-1
2026-08-10 13:56:57,6.625,-1
2026-08-10 13:56:57,6.625,-1
2026-08-10 13:56:58,6.609375,-1
2026-08-10 13:56:58,6.609375,-1
2026-08-10 13:56:58,6.625,-1
2026-08-10 13:56:58,6.625,-1
2026-08-10 13:56:58,6.53125,-1
2026-08-10 13:56:58,6.53125,-1
2026-08-10 13:56:58,6.546875,-1
2026-08-10 13:56:58,6.546875,-1
2026-08-10 13:56:58,6.578125,-1
2026-08-10 13:56:58,6.578125,-1
2026-08-10 13:56:58,8.0,-1
2026-08-10 13:56:58,8.0,-1
2026-08-10 13:56:58,8.234375,-1
2026-08-10 13:56:58,8.234375,-1
2026-08-10 13:56:58,8.34375,-1
2026-08-10 13:56:58,8.34375,-1
2026-08-10 13:56:58,9.484375,-1
2026-08-10 13:56:58,9.484375,-1
2026-08-10 13:56:58,9.421875,-1
2026-08-10 13:56:58,9.421875,-1
2026-08-10 13:56:59,9.390625,-1
2026-08-10 13:56:59,9.390625,-1
2026-08-10 13:56:59,9.484375,-1
2026-08-10 13:56:59,9.484375,-1
2026-08-10 13:56:59,11.03125,-1
2026-08-10 13:56:59,11.03125,-1
2026-08-10 13:56:59,11.21875,-1
2026-08-10 13:56:59,11.21875,-1
2026-08-10 13:56:59,11.3125,-1
2026-08-10 13:56:59,11.3125,-1
2026-08-10 13:56:59,12.59375,-1
2026-08-10 13:56:59,12.59375,-1
2026-08-10 13:56:59,12.5625,-1
2026-08-10 13:56:59,12.5625,-1
2026-08-10 13:56:59,12.484375,-1
2026-08-10 13:56:59,12.484375,-1
2026-08-10 13:56:59,12.578125,-1
2026-08-10 13:56:59,12.578125,-1
2026-08-10 13:56:59,13.078125,-1
2026-08-10 13:56:59,13.078125,-1
2026-08-10 13:57:00,13.265625,-1
2026-08-10 13:57:00,13.265625,-1
2026-08-10 13:57:00,13.125,-1
2026-08-10 13:57:00,13.125,-1
2026-08-10 13:57:00,13.3125,-1
2026-08-10 13:57:00,13.3125,-1
2026-08-10 13:57:00,13.296875,-1
2026-08-10 13:57:00,13.296875,-1
2026-08-10 13:57:00,13.3125,-1
2026-08-10 13:57:00,13.3125,-1
2026-08-10 13:57:00,13.234375,-1
2026-08-10 13:57:00,13.234375,-1
2026-08-10 13:57:00,13.203125,-1
2026-08-10 13:57:00,13.203125,-1
2026-08-10 13:57:00,13.09375,-1
2026-08-10 13:57:00,13.09375,-1
2026-08-10 13:57:00,13.21875,-1
2026-08-10 13:57:00,13.21875,-1
2026-08-10 13:57:00,13.015625,-1
2026-08-10 13:57:00,13.015625,-1
2026-08-10 13:57:01,12.875,-1
2026-08-10 13:57:01,12.875,-1
2026-08-10 13:57:01,12.796875,-1
2026-08-10 13:57:01,12.796875,-1
2026-08-10 13:57:01,12.953125,-1
2026-08-10 13:57:01,12.953125,-1
2026-08-10 13:57:01,12.796875,-1
2026-08-10 13:57:01,12.796875,-1
2026-08-10 13:57:01,13.046875,-1
2026-08-10 13:57:01,13.046875,-1
2026-08-10 13:57:01,13.203125,-1
2026-08-10 13:57:01,13.203125,-1
2026-08-10 13:57:01,13.078125,-1
2026-08-10 13:57:01,13.078125,-1
2026-08-10 13:57:01,13.375,-1
2026-08-10 13:57:01,13.375,-1
2026-08-10 13:57:01,13.34375,-1
2026-08-10 13:57:01,13.34375,-1
2026-08-10 13:57:01,13.21875,-1
2026-08-10 13:57:01,13.21875,-1
2026-08-10 13:57:02,13.3125,-1
2026-08-10 13:57:02,13.3125,-1
2026-08-10 13:57:02,13.21875,-1
2026-08-10 13:57:02,13.21875,-1
2026-08-10 13:57:02,13.34375,-1
2026-08-10 13:57:02,13.34375,-1
2026-08-10 13:57:02,13.5,-1
2026-08-10 13:57:02,13.5,-1
2026-08-10 13:57:02,13.734375,-1
2026-08-10 13:57:02,13.734375,-1
2026-08-10 13:57:02,13.78125,-1
2026-08-10 13:57:02,13.78125,-1
2026-08-10 13:57:02,13.625,-1
2026-08-10 13:57:02,13.625,-1
2026-08-10 13:57:02,13.625,-1
2026-08-10 13:57:02,13.625,-1
2026-08-10 13:57:02,13.265625,-1
2026-08-10 13:57:02,13.265625,-1
2026-08-10 13:57:02,13.28125,-1
2026-08-10 13:57:02,13.28125,-1
2026-08-10 13:57:03,13.171875,-1
2026-08-10 13:57:03,13.171875,-1
2026-08-10 13:57:03,13.265625,-1
2026-08-10 13:57:03,13.265625,-1
2026-08-10 13:57:03,13.125,-1
2026-08-10 13:57:03,13.125,-1
2026-08-10 13:57:03,13.203125,-1
2026-08-10 13:57:03,13.203125,-1
2026-08-10 13:57:03,13.390625,-1
2026-08-10 13:57:03,13.390625,-1
2026-08-10 13:57:03,13.296875,-1
2026-08-10 13:57:03,13.296875,-1
2026-08-10 13:57:03,13.296875,-1
2026-08-10 13:57:03,13.296875,-1
2026-08-10 13:57:03,13.375,-1
2026-08-10 13:57:03,13.375,-1
2026-08-10 13:57:03,13.3125,-1
2026-08-10 13:57:03,13.3125,-1
2026-08-10 13:57:03,13.265625,-1
2026-08-10 13:57:03,13.265625,-1
2026-08-10 13:57:04,13.25,-1
2026-08-10 13:57:04,13.25,-1
2026-08-10 13:57:04,13.09375,-1
2026-08-10 13:57:04,13.09375,-1
2026-08-10 13:57:04,12.953125,-1
2026-08-10 13:57:04,12.953125,-1
2026-08-10 13:57:04,12.875,-1
2026-08-10 13:57:04,12.875,-1
2026-08-10 13:57:04,12.6875,-1
2026-08-10 13:57:04,12.6875,-1
2026-08-10 13:57:04,12.84375,-1
2026-08-10 13:57:04,12.84375,-1
2026-08-10 13:57:04,12.84375,-1
2026-08-10 13:57:04,12.84375,-1
2026-08-10 13:57:04,12.71875,-1
2026-08-10 13:57:04,12.71875,-1
2026-08-10 13:57:04,12.6875,-1
2026-08-10 13:57:04,12.6875,-1
2026-08-10 13:57:04,12.6875,-1
2026-08-10 13:57:04,12.6875,-1
2026-08-10 13:57:05,12.390625,-1
2026-08-10 13:57:05,12.390625,-1
2026-08-10 13:57:05,12.453125,-1
2026-08-10 13:57:05,12.453125,-1
2026-08-10 13:57:05,12.375,-1
2026-08-10 13:57:05,12.375,-1
2026-08-10 13:57:05,12.3125,-1
2026-08-10 13:57:05,12.3125,-1
2026-08-10 13:57:05,12.234375,-1
2026-08-10 13:57:05,12.234375,-1
2026-08-10 13:57:05,12.28125,-1
2026-08-10 13:57:05,12.28125,-1
2026-08-10 13:57:05,12.21875,-1
2026-08-10 13:57:05,12.21875,-1
2026-08-10 13:57:05,12.046875,-1
2026-08-10 13:57:05,12.046875,-1
2026-08-10 13:57:05,12.09375,-1
2026-08-10 13:57:05,12.09375,-1
2026-08-10 13:57:05,12.0,-1
2026-08-10 13:57:05,12.0,-1
2026-08-10 13:57:06,12.0,-1
2026-08-10 13:57:06,12.0,-1
2026-08-10 13:57:06,11.765625,-1
2026-08-10 13:57:06,11.765625,-1
2026-08-10 13:57:06,11.78125,-1
2026-08-10 13:57:06,11.78125,-1
2026-08-10 13:57:06,11.8125,-1
2026-08-10 13:57:06,11.8125,-1
2026-08-10 13:57:06,11.578125,-1
2026-08-10 13:57:06,11.578125,-1
2026-08-10 13:57:06,11.71875,-1
2026-08-10 13:57:06,11.71875,-1
2026-08-10 13:57:06,11.71875,-1
2026-08-10 13:57:06,11.71875,-1
2026-08-10 13:57:06,11.71875,-1
2026-08-10 13:57:06,11.71875,-1
2026-08-10 13:57:06,12.140625,-1
2026-08-10 13:57:06,12.140625,-1
2026-08-10 13:57:06,12.125,-1
2026-08-10 13:57:06,12.125,-1
2026-08-10 13:57:07,12.140625,-1
2026-08-10 13:57:07,12.140625,-1
2026-08-10 13:57:07,12.171875,-1
2026-08-10 13:57:07,12.171875,-1
2026-08-10 13:57:07,12.125,-1
2026-08-10 13:57:07,12.125,-1
2026-08-10 13:57:07,12.09375,-1
2026-08-10 13:57:07,12.09375,-1
2026-08-10 13:57:07,11.21875,-1
2026-08-10 13:57:07,11.21875,-1
2026-08-10 13:57:07,11.171875,-1
2026-08-10 13:57:07,11.171875,-1
2026-08-10 13:57:07,11.09375,-1
2026-08-10 13:57:07,11.09375,-1
2026-08-10 13:57:07,11.0625,-1
2026-08-10 13:57:07,11.0625,-1
2026-08-10 13:57:07,10.9375,-1
2026-08-10 13:57:07,10.9375,-1
2026-08-10 13:57:07,10.953125,-1
2026-08-10 13:57:07,10.953125,-1
2026-08-10 13:57:08,11.015625,-1
2026-08-10 13:57:08,11.015625,-1
2026-08-10 13:57:08,10.484375,-1
2026-08-10 13:57:08,10.484375,-1
2026-08-10 13:57:08,10.4375,-1
2026-08-10 13:57:08,10.4375,-1
2026-08-10 13:57:08,10.421875,-1
2026-08-10 13:57:08,10.421875,-1
2026-08-10 13:57:08,10.296875,-1
2026-08-10 13:57:08,10.296875,-1
2026-08-10 13:57:08,9.609375,-1
2026-08-10 13:57:08,9.609375,-1
2026-08-10 13:57:08,9.609375,-1
2026-08-10 13:57:08,9.609375,-1
2026-08-10 13:57:08,9.59375,-1
2026-08-10 13:57:08,9.59375,-1
2026-08-10 13:57:08,9.578125,-1
2026-08-10 13:57:08,9.578125,-1
2026-08-10 13:57:08,8.765625,-1
2026-08-10 13:57:08,8.765625,-1
2026-08-10 13:57:09,8.609375,-1
2026-08-10 13:57:09,8.609375,-1
2026-08-10 13:57:09,8.609375,-1
2026-08-10 13:57:09,8.609375,-1
2026-08-10 13:57:09,8.78125,-1
2026-08-10 13:57:09,8.78125,-1
2026-08-10 13:57:09,8.765625,-1
2026-08-10 13:57:09,8.765625,-1
2026-08-10 13:57:09,8.765625,-1
2026-08-10 13:57:09,8.765625,-1
2026-08-10 13:57:09,8.96875,-1
2026-08-10 13:57:09,8.96875,-1
2026-08-10 13:57:09,9.171875,-1
2026-08-10 13:57:09,9.171875,-1
2026-08-10 13:57:09,9.171875,-1
2026-08-10 13:57:09,9.171875,-1
2026-08-10 13:57:09,9.03125,-1
2026-08-10 13:57:09,9.03125,-1
2026-08-10 13:57:09,8.796875,-1
2026-08-10 13:57:09,8.796875,-1
2026-08-10 13:57:10,6.8125,-1
2026-08-10 13:57:10,6.8125,-1
2026-08-10 13:57:10,6.75,-1
2026-08-10 13:57:10,6.75,-1
2026-08-10 13:57:10,6.703125,-1
2026-08-10 13:57:10,6.703125,-1
2026-08-10 13:57:10,3.71875,-1
2026-08-10 13:57:10,3.71875,-1
2026-08-10 13:57:10,3.640625,-1
2026-08-10 13:57:10,3.640625,-1
2026-08-10 13:57:10,3.15625,-1
2026-08-10 13:57:10,3.15625,-1
2026-08-10 13:57:10,2.96875,-1
2026-08-10 13:57:10,2.96875,-1
2026-08-10 13:57:10,0.0,-1
2026-08-10 13:57:10,0.0,-1
2026-08-10 13:57:10,0.0,-1
2026-08-10 13:57:10,0.0,-1
2026-08-10 13:57:10,0.0,-1
2026-08-10 13:57:10,0.0,-1
2026-08-10 13:57:11,0.0,-1
2026-08-10 13:57:11,0.0,-1
2026-08-10 13:57:11,0.0,-1
2026-08-10 13:57:11,0.0,-1
2026-08-10 13:57:11,0.0,-1
2026-08-10 13:57:11,0.0,-1
2026-08-10 13:57:11,0.0,-1
2026-08-10 13:57:11,0.0,-1
2026-08-10 13:57:11,0.0,-1
2026-08-10 13:57:11,0.0,-1
2026-08-10 13:57:11,0.0,-1
2026-08-10 13:57:11,0.0,-1
2026-08-10 13:57:11,0.0,-1
2026-08-10 13:57:11,0.0,-1
2026-08-10 13:57:11,0.0,-1
2026-08-10 13:57:11,0.0,-1
2026-08-10 13:57:11,0.0,-1
2026-08-10 13:57:11,0.0,-1
2026-08-10 13:57:11,0.0,-1
2026-08-10 13:57:11,0.0,-1
2026-08-10 13:57:12,0.0,-1
2026-08-10 13:57:12,0.0,-1
2026-08-10 13:57:12,0.0,-1
2026-08-10 13:57:12,0.0,-1
2026-08-10 13:57:12,0.0,-1
2026-08-10 13:57:12,0.0,-1
2026-08-10 13:57:12,0.0,-1
2026-08-10 13:57:12,0.0,-1
2026-08-10 13:57:12,0.0,-1
2026-08-10 13:57:12,0.0,-1
2026-08-10 13:57:12,0.0,-1
2026-08-10 13:57:12,0.0,-1
2026-08-10 13:57:12,0.0,-1
2026-08-10 13:57:12,0.0,-1
2026-08-10 13:57:12,0.0,-1
2026-08-10 13:57:12,0.0,-1
2026-08-10 13:57:12,0.0,-1
2026-08-10 13:57:12,0.0,-1
2026-08-10 13:57:12,0.0,-1
2026-08-10 13:57:12,0.0,-1
2026-08-10 13:57:13,0.0,-1
2026-08-10 13:57:13,0.0,-1
2026-08-10 13:57:13,0.0,-1
2026-08-10 13:57:13,0.0,-1
2026-08-10 13:57:13,0.0,-1
2026-08-10 13:57:13,0.0,-1
2026-08-10 13:57:13,0.0,-1
2026-08-10 13:57:13,0.0,-1
2026-08-10 13:57:13,0.0,-1
2026-08-10 13:57:13,0.0,-1
2026-08-10 13:57:13,0.0,-1
2026-08-10 13:57:13,0.0,-1
2026-08-10 13:57:13,0.0,-1
2026-08-10 13:57:13,0.0,-1
2026-08-10 13:57:13,0.0,-1
2026-08-10 13:57:13,0.0,-1
2026-08-10 13:57:13,0.0,-1
2026-08-10 13:57:13,0.0,-1
2026-08-10 13:57:13,0.0,-1
2026-08-10 13:57:13,0.0,-1
2026-08-10 13:57:14,0.0,-1
2026-08-10 13:57:14,0.0,-1
2026-08-10 13:57:14,0.0,-1
2026-08-10 13:57:14,0.0,-1
2026-08-10 13:57:14,0.0,-1
2026-08-10 13:57:14,0.0,-1
2026-08-10 13:57:14,0.0,-1
2026-08-10 13:57:14,0.0,-1
2026-08-10 13:57:14,0.0,-1
2026-08-10 13:57:14,0.0,-1
2026-08-10 13:57:14,0.0,-1
2026-08-10 13:57:14,0.0,-1
2026-08-10 13:57:14,0.0,-1
2026-08-10 13:57:14,0.0,-1
2026-08-10 13:57:14,0.0,-1
2026-08-10 13:57:14,0.0,-1
2026-08-10 13:57:14,0.0,-1
2026-08-10 13:57:14,0.0,-1
2026-08-10 13:57:14,0.0,-1
2026-08-10 13:57:14,0.0,-1
2026-08-10 13:57:15,0.0,-1
2026-08-10 13:57:15,0.0,-1
2026-08-10 13:57:15,0.0,-1
2026-08-10 13:57:15,0.0,-1
2026-08-10 13:57:15,0.0,-1
2026-08-10 13:57:15,0.0,-1
2026-08-10 13:57:15,0.0,-1
2026-08-10 13:57:15,0.0,-1
2026-08-10 13:57:15,0.0,-1
2026-08-10 13:57:15,0.0,-1
2026-08-10 13:57:15,0.0,-1
2026-08-10 13:57:15,0.0,-1
2026-08-10 13:57:15,0.0,-1
2026-08-10 13:57:15,0.0,-1
2026-08-10 13:57:15,0.0,-1
2026-08-10 13:57:15,0.0,-1
2026-08-10 13:57:15,0.0,-1
2026-08-10 13:57:15,0.0,-1
2026-08-10 13:57:15,0.0,-1
2026-08-10 13:57:15,0.0,-1
2026-08-10 13:57:16,0.0,-1
2026-08-10 13:57:16,0.0,-1
2026-08-10 13:57:16,0.0,-1
2026-08-10 13:57:16,0.0,-1
2026-08-10 13:57:16,0.0,-1
2026-08-10 13:57:16,0.0,-1
2026-08-10 13:57:16,0.0,-1
2026-08-10 13:57:16,0.0,-1
2026-08-10 13:57:16,0.0,-1
2026-08-10 13:57:16,0.0,-1
2026-08-10 13:57:16,0.0,-1
2026-08-10 13:57:16,0.0,-1
2026-08-10 13:57:16,0.0,-1
2026-08-10 13:57:16,0.0,-1
2026-08-10 13:57:16,0.0,-1
2026-08-10 13:57:16,0.0,-1
2026-08-10 13:57:16,0.0,-1
2026-08-10 13:57:16,0.0,-1
2026-08-10 13:57:16,0.0,-1
2026-08-10 13:57:16,0.0,-1
2026-08-10 13:57:17,0.0,-1
2026-08-10 13:57:17,0.0,-1
2026-08-10 13:57:17,0.0,-1
2026-08-10 13:57:17,0.0,-1
2026-08-10 13:57:17,0.0,-1
2026-08-10 13:57:17,0.0,-1
2026-08-10 13:57:17,0.0,-1
2026-08-10 13:57:17,0.0,-1
2026-08-10 13:57:17,0.0,-1
2026-08-10 13:57:17,0.0,-1
2026-08-10 13:57:17,0.0,-1
2026-08-10 13:57:17,0.0,-1
2026-08-10 13:57:17,0.0,-1
2026-08-10 13:57:17,0.0,-1
2026-08-10 13:57:17,0.0,-1
2026-08-10 13:57:17,0.0,-1
2026-08-10 13:57:17,0.0,-1
2026-08-10 13:57:17,0.0,-1
2026-08-10 13:57:17,0.0,-1
2026-08-10 13:57:17,0.0,-1
2026-08-10 13:57:18,0.0,-1
2026-08-10 13:57:18,0.0,-1
2026-08-10 13:57:18,0.0,-1
2026-08-10 13:57:18,0.0,-1
2026-08-10 13:57:18,0.0,-1
2026-08-10 13:57:18,0.0,-1
2026-08-10 13:57:18,0.0,-1
2026-08-10 13:57:18,0.0,-1
2026-08-10 13:57:18,0.0,-1
2026-08-10 13:57:18,0.0,-1
2026-08-10 13:57:18,0.0,-1
2026-08-10 13:57:18,0.0,-1
2026-08-10 13:57:18,0.0,-1
2026-08-10 13:57:18,0.0,-1
2026-08-10 13:57:18,0.0,-1
2026-08-10 13:57:18,0.0,-1
2026-08-10 13:57:18,0.0,-1
2026-08-10 13:57:18,0.0,-1
2026-08-10 13:57:18,0.0,-1
2026-08-10 13:57:18,0.0,-1
2026-08-10 13:57:19,0.0,-1
2026-08-10 13:57:19,0.0,-1
2026-08-10 13:57:19,0.0,-1
2026-08-10 13:57:19,0.0,-1
2026-08-10 13:57:19,0.0,-1
2026-08-10 13:57:19,0.0,-1
2026-08-10 13:57:19,0.0,-1
2026-08-10 13:57:19,0.0,-1
2026-08-10 13:57:19,0.0,-1
2026-08-10 13:57:19,0.0,-1
2026-08-10 13:57:19,0.0,-1
2026-08-10 13:57:19,0.0,-1
2026-08-10 13:57:19,0.0,-1
2026-08-10 13:57:19,0.0,-1
2026-08-10 13:57:19,0.0,-1
2026-08-10 13:57:19,0.0,-1
2026-08-10 13:57:19,0.0,-1
2026-08-10 13:57:19,0.0,-1
2026-08-10 13:57:19,0.0,-1
2026-08-10 13:57:19,0.0,-1
2026-08-10 13:57:20,0.0,-1
2026-08-10 13:57:20,0.0,-1
2026-08-10 13:57:20,0.0,-1
2026-08-10 13:57:20,0.0,-1
2026-08-10 13:57:20,0.0,-1
2026-08-10 13:57:20,0.0,-1
2026-08-10 13:57:20,0.0,-1
2026-08-10 13:57:20,0.0,-1
2026-08-10 13:57:20,0.0,-1
2026-08-10 13:57:20,0.0,-1
2026-08-10 13:57:20,0.0,-1
2026-08-10 13:57:20,0.0,-1
2026-08-10 13:57:20,0.0,-1
2026-08-10 13:57:20,0.0,-1
2026-08-10 13:57:20,0.0,-1
2026-08-10 13:57:20,0.0,-1
2026-08-10 13:57:20,0.0,-1
2026-08-10 13:57:20,0.0,-1
2026-08-10 13:57:20,0.0,-1
2026-08-10 13:57:20,0.0,-1
2026-08-10 13:57:21,0.0,-1
2026-08-10 13:57:21,0.0,-1
2026-08-10 13:57:21,0.0,-1
2026-08-10 13:57:21,0.0,-1
2026-08-10 13:57:21,0.0,-1
2026-08-10 13:57:21,0.0,-1
2026-08-10 13:57:21,0.0,-1
2026-08-10 13:57:21,0.0,-1
2026-08-10 13:57:21,0.0,-1
2026-08-10 13:57:21,0.0,-1
2026-08-10 13:57:21,0.0,-1
2026-08-10 13:57:21,0.0,-1
2026-08-10 13:57:21,0.0,-1
2026-08-10 13:57:21,0.0,-1
2026-08-10 13:57:21,0.0,-1
2026-08-10 13:57:21,0.0,-1
2026-08-10 13:57:21,0.0,-1
2026-08-10 13:57:21,0.0,-1
2026-08-10 13:57:21,0.0,-1
2026-08-10 13:57:21,0.0,-1
2026-08-10 13:57:22,0.0,-1
2026-08-10 13:57:22,0.0,-1
2026-08-10 13:57:22,0.0,-1
2026-08-10 13:57:22,0.0,-1
2026-08-10 13:57:22,0.0,-1
2026-08-10 13:57:22,0.0,-1
2026-08-10 13:57:22,0.0,-1
2026-08-10 13:57:22,0.0,-1
2026-08-10 13:57:22,0.0,-1
2026-08-10 13:57:22,0.0,-1
2026-08-10 13:57:22,0.0,-1
2026-08-10 13:57:22,0.0,-1
2026-08-10 13:57:22,0.0,-1
2026-08-10 13:57:22,0.0,-1
2026-08-10 13:57:22,0.0,-1
2026-08-10 13:57:22,0.0,-1
2026-08-10 13:57:22,0.0,-1
2026-08-10 13:57:22,0.0,-1
2026-08-10 13:57:22,0.0,-1
2026-08-10 13:57:22,0.0,-1
2026-08-10 13:57:23,0.0,-1
2026-08-10 13:57:23,0.0,-1
2026-08-10 13:57:23,0.0,-1
2026-08-10 13:57:23,0.0,-1
2026-08-10 13:57:23,0.0,-1
2026-08-10 13:57:23,0.0,-1
2026-08-10 13:57:23,0.0,-1
2026-08-10 13:57:23,0.0,-1
2026-08-10 13:57:23,0.0,-1
2026-08-10 13:57:23,0.0,-1
2026-08-10 13:57:23,0.0,-1
2026-08-10 13:57:23,0.0,-1
2026-08-10 13:57:23,0.0,-1
2026-08-10 13:57:23,0.0,-1
2026-08-10 13:57:23,0.0,-1
2026-08-10 13:57:23,0.0,-1
2026-08-10 13:57:23,0.0,-1
2026-08-10 13:57:23,0.0,-1
2026-08-10 13:57:23,0.0,-1
2026-08-10 13:57:23,0.0,-1
2026-08-10 13:57:24,0.0,-1
2026-08-10 13:57:24,0.0,-1
2026-08-10 13:57:24,0.0,-1
2026-08-10 13:57:24,0.0,-1
2026-08-10 13:57:24,0.0,-1
2026-08-10 13:57:24,0.0,-1
2026-08-10 13:57:24,0.0,-1
2026-08-10 13:57:24,0.0,-1
2026-08-10 13:57:24,0.0,-1
2026-08-10 13:57:24,0.0,-1
2026-08-10 13:57:24,0.0,-1
2026-08-10 13:57:24,0.0,-1
2026-08-10 13:57:24,0.0,-1
2026-08-10 13:57:24,0.0,-1
2026-08-10 13:57:24,0.0,-1
2026-08-10 13:57:24,0.0,-1
2026-08-10 13:57:24,0.0,-1
2026-08-10 13:57:24,0.0,-1
2026-08-10 13:57:24,0.0,-1
2026-08-10 13:57:24,0.0,-1
2026-08-10 13:57:25,0.0,-1
2026-08-10 13:57:25,0.0,-1
2026-08-10 13:57:25,0.0,-1
2026-08-10 13:57:25,0.0,-1
2026-08-10 13:57:25,0.0,-1
2026-08-10 13:57:25,0.0,-1
2026-08-10 13:57:25,0.0,-1
2026-08-10 13:57:25,0.0,-1
2026-08-10 13:57:25,0.0,-1
2026-08-10 13:57:25,0.0,-1
2026-08-10 13:57:25,0.0,-1
2026-08-10 13:57:25,0.0,-1
2026-08-10 13:57:25,0.0,-1
2026-08-10 13:57:25,0.0,-1
2026-08-10 13:57:25,0.0,-1
2026-08-10 13:57:25,0.0,-1
2026-08-10 13:57:25,0.0,-1
2026-08-10 13:57:25,0.0,-1
2026-08-10 13:57:25,0.0,-1
2026-08-10 13:57:25,0.0,-1
2026-08-10 13:57:26,0.0,-1
2026-08-10 13:57:26,0.0,-1
2026-08-10 13:57:26,0.0,-1
2026-08-10 13:57:26,0.0,-1
2026-08-10 13:57:26,0.0,-1
2026-08-10 13:57:26,0.0,-1
2026-08-10 13:57:26,0.0,-1
2026-08-10 13:57:26,0.0,-1
2026-08-10 13:57:26,0.0,-1
2026-08-10 13:57:26,0.0,-1
2026-08-10 13:57:26,0.0,-1
2026-08-10 13:57:26,0.0,-1
2026-08-10 13:57:26,0.0,-1
2026-08-10 13:57:26,0.0,-1
2026-08-10 13:57:26,0.0,-1
2026-08-10 13:57:26,0.0,-1
2026-08-10 13:57:26,0.0,-1
2026-08-10 13:57:26,0.0,-1
2026-08-10 13:57:26,0.0,-1
2026-08-10 13:57:26,0.0,-1
2026-08-10 13:57:27,0.0,-1
2026-08-10 13:57:27,0.0,-1
2026-08-10 13:57:27,0.0,-1
2026-08-10 13:57:27,0.0,-1
2026-08-10 13:57:27,0.0,-1
2026-08-10 13:57:27,0.0,-1
2026-08-10 13:57:27,0.0,-1
2026-08-10 13:57:27,0.0,-1
2026-08-10 13:57:27,0.0,-1
2026-08-10 13:57:27,0.0,-1
2026-08-10 13:57:27,0.0,-1
2026-08-10 13:57:27,0.0,-1
2026-08-10 13:57:27,0.0,-1
2026-08-10 13:57:27,0.0,-1
2026-08-10 13:57:27,0.0,-1
2026-08-10 13:57:27,0.0,-1
2026-08-10 13:57:27,0.0,-1
2026-08-10 13:57:27,0.0,-1
2026-08-10 13:57:27,0.0,-1
2026-08-10 13:57:27,0.0,-1
2026-08-10 13:57:28,0.0,-1
2026-08-10 13:57:28,0.0,-1
2026-08-10 13:57:28,0.0,-1
2026-08-10 13:57:28,0.0,-1
2026-08-10 13:57:28,0.0,-1
2026-08-10 13:57:28,0.0,-1
2026-08-10 13:57:28,0.0,-1
2026-08-10 13:57:28,0.0,-1
2026-08-10 13:57:28,0.0,-1
2026-08-10 13:57:28,0.0,-1
2026-08-10 13:57:28,0.0,-1
2026-08-10 13:57:28,0.0,-1
2026-08-10 13:57:28,0.0,-1
2026-08-10 13:57:28,0.0,-1
2026-08-10 13:57:28,0.0,-1
2026-08-10 13:57:28,0.0,-1
2026-08-10 13:57:28,0.0,-1
2026-08-10 13:57:28,0.0,-1
2026-08-10 13:57:28,0.0,-1
2026-08-10 13:57:28,0.0,-1
2026-08-10 13:57:29,0.0,-1
2026-08-10 13:57:29,0.0,-1
2026-08-10 13:57:29,0.0,-1
2026-08-10 13:57:29,0.0,-1
2026-08-10 13:57:29,0.0,-1
2026-08-10 13:57:29,0.0,-1
2026-08-10 13:57:29,0.0,-1
2026-08-10 13:57:29,0.0,-1
2026-08-10 13:57:29,0.0,-1
2026-08-10 13:57:29,0.0,-1
2026-08-10 13:57:29,0.0,-1
2026-08-10 13:57:29,0.0,-1
2026-08-10 13:57:29,0.0,-1
2026-08-10 13:57:29,0.0,-1
2026-08-10 13:57:29,0.0,-1
2026-08-10 13:57:29,0.0,-1
2026-08-10 13:57:29,0.0,-1
2026-08-10 13:57:29,0.0,-1
2026-08-10 13:57:29,0.0,-1
2026-08-10 13:57:29,0.0,-1
2026-08-10 13:57:30,0.0,-1
2026-08-10 13:57:30,0.0,-1
2026-08-10 13:57:30,0.0,-1
2026-08-10 13:57:30,0.0,-1
2026-08-10 13:57:30,0.0,-1
2026-08-10 13:57:30,0.0,-1
2026-08-10 13:57:30,0.0,-1
2026-08-10 13:57:30,0.0,-1
2026-08-10 13:57:30,0.0,-1
2026-08-10 13:57:30,0.0,-1
2026-08-10 13:57:30,0.0,-1
2026-08-10 13:57:30,0.0,-1
2026-08-10 13:57:30,0.0,-1
2026-08-10 13:57:30,0.0,-1
2026-08-10 13:57:30,0.0,-1
2026-08-10 13:57:30,0.0,-1
2026-08-10 13:57:30,0.0,-1
2026-08-10 13:57:30,0.0,-1
2026-08-10 13:57:30,0.0,-1
2026-08-10 13:57:30,0.0,-1
2026-08-10 13:57:31,0.0,-1
2026-08-10 13:57:31,0.0,-1
2026-08-10 13:57:31,0.0,-1
2026-08-10 13:57:31,0.0,-1
2026-08-10 13:57:31,0.0,-1
2026-08-10 13:57:31,0.0,-1
2026-08-10 13:57:31,0.0,-1
2026-08-10 13:57:31,0.0,-1
2026-08-10 13:57:31,0.0,-1
2026-08-10 13:57:31,0.0,-1
2026-08-10 13:57:31,0.0,-1
2026-08-10 13:57:31,0.0,-1
2026-08-10 13:57:31,0.0,-1
2026-08-10 13:57:31,0.0,-1
2026-08-10 13:57:31,0.0,-1
2026-08-10 13:57:31,0.0,-1
2026-08-10 13:57:31,0.0,-1
2026-08-10 13:57:31,0.0,-1
2026-08-10 13:57:31,0.0,-1
2026-08-10 13:57:31,0.0,-1
2026-08-10 13:57:32,0.0,-1
2026-08-10 13:57:32,0.0,-1
2026-08-10 13:57:32,0.0,-1
2026-08-10 13:57:32,0.0,-1
2026-08-10 13:57:32,0.0,-1
2026-08-10 13:57:32,0.0,-1
2026-08-10 13:57:32,0.0,-1
2026-08-10 13:57:32,0.0,-1
2026-08-10 13:57:32,0.0,-1
2026-08-10 13:57:32,0.0,-1
2026-08-10 13:57:32,0.0,-1
2026-08-10 13:57:32,0.0,-1
2026-08-10 13:57:32,0.0,-1
2026-08-10 13:57:32,0.0,-1
2026-08-10 13:57:32,0.0,-1
2026-08-10 13:57:32,0.0,-1
2026-08-10 13:57:32,0.0,-1
2026-08-10 13:57:32,0.0,-1
2026-08-10 13:57:32,0.0,-1
2026-08-10 13:57:32,0.0,-1
2026-08-10 13:57:33,0.0,-1
2026-08-10 13:57:33,0.0,-1
2026-08-10 13:57:33,0.0,-1
2026-08-10 13:57:33,0.0,-1
2026-08-10 13:57:33,0.0,-1
2026-08-10 13:57:33,0.0,-1
2026-08-10 13:57:33,0.0,-1
2026-08-10 13:57:33,0.0,-1
2026-08-10 13:57:33,0.0,-1
2026-08-10 13:57:33,0.0,-1
2026-08-10 13:57:33,0.0,-1
2026-08-10 13:57:33,0.0,-1
2026-08-10 13:57:33,0.0,-1
2026-08-10 13:57:33,0.0,-1
2026-08-10 13:57:33,0.0,-1
2026-08-10 13:57:33,0.0,-1
2026-08-10 13:57:33,0.0,-1
2026-08-10 13:57:33,0.0,-1
2026-08-10 13:57:33,0.0,-1
2026-08-10 13:57:33,0.0,-1
2026-08-10 13:57:34,0.0,-1
2026-08-10 13:57:34,0.0,-1
2026-08-10 13:57:34,0.0,-1
2026-08-10 13:57:34,0.0,-1
2026-08-10 13:57:34,0.0,-1
2026-08-10 13:57:34,0.0,-1
2026-08-10 13:57:34,0.0,-1
2026-08-10 13:57:34,0.0,-1
2026-08-10 13:57:34,0.0,-1
2026-08-10 13:57:34,0.0,-1
2026-08-10 13:57:34,0.0,-1
2026-08-10 13:57:34,0.0,-1
2026-08-10 13:57:34,0.0,-1
2026-08-10 13:57:34,0.0,-1
2026-08-10 13:57:34,0.0,-1
2026-08-10 13:57:34,0.0,-1
2026-08-10 13:57:34,0.0,-1
2026-08-10 13:57:34,0.0,-1
2026-08-10 13:57:34,0.0,-1
2026-08-10 13:57:34,0.0,-1
2026-08-10 13:57:35,0.0,-1
2026-08-10 13:57:35,0.0,-1
2026-08-10 13:57:35,0.0,-1
2026-08-10 13:57:35,0.0,-1
2026-08-10 13:57:35,0.0,-1
2026-08-10 13:57:35,0.0,-1
2026-08-10 13:57:35,0.0,-1
2026-08-10 13:57:35,0.0,-1
2026-08-10 13:57:35,0.0,-1
2026-08-10 13:57:35,0.0,-1
2026-08-10 13:57:35,0.0,-1
2026-08-10 13:57:35,0.0,-1
2026-08-10 13:57:35,0.0,-1
2026-08-10 13:57:35,0.0,-1
2026-08-10 13:57:35,0.0,-1
2026-08-10 13:57:35,0.0,-1
2026-08-10 13:57:35,0.0,-1
2026-08-10 13:57:35,0.0,-1
2026-08-10 13:57:35,0.0,-1
2026-08-10 13:57:35,0.0,-1
2026-08-10 13:57:36,0.0,-1
2026-08-10 13:57:36,0.0,-1
2026-08-10 13:57:36,0.0,-1
2026-08-10 13:57:36,0.0,-1
2026-08-10 13:57:36,0.0,-1
2026-08-10 13:57:36,0.0,-1
2026-08-10 13:57:36,0.0,-1
2026-08-10 13:57:36,0.0,-1
2026-08-10 13:57:36,0.0,-1
2026-08-10 13:57:36,0.0,-1
2026-08-10 13:57:36,0.0,-1
2026-08-10 13:57:36,0.0,-1
2026-08-10 13:57:36,0.0,-1
2026-08-10 13:57:36,0.0,-1
2026-08-10 13:57:36,0.0,-1
2026-08-10 13:57:36,0.0,-1
2026-08-10 13:57:36,0.0,-1
2026-08-10 13:57:36,0.0,-1
2026-08-10 13:57:36,0.0,-1
2026-08-10 13:57:36,0.0,-1
2026-08-10 13:57:37,0.0,-1
2026-08-10 13:57:37,0.0,-1
2026-08-10 13:57:37,0.0,-1
2026-08-10 13:57:37,0.0,-1
2026-08-10 13:57:37,0.0,-1
2026-08-10 13:57:37,0.0,-1
2026-08-10 13:57:37,0.0,-1
2026-08-10 13:57:37,0.0,-1
2026-08-10 13:57:37,0.0,-1
2026-08-10 13:57:37,0.0,-1
2026-08-10 13:57:37,0.0,-1
2026-08-10 13:57:37,0.0,-1
2026-08-10 13:57:37,0.0,-1
2026-08-10 13:57:37,0.0,-1
2026-08-10 13:57:37,0.0,-1
2026-08-10 13:57:37,0.0,-1
2026-08-10 13:57:37,0.0,-1
2026-08-10 13:57:37,0.0,-1
2026-08-10 13:57:37,0.0,-1
2026-08-10 13:57:37,0.0,-1
2026-08-10 13:57:38,0.0,-1
2026-08-10 13:57:38,0.0,-1
2026-08-10 13:57:38,0.0,-1
2026-08-10 13:57:38,0.0,-1
2026-08-10 13:57:38,0.0,-1
2026-08-10 13:57:38,0.0,-1
2026-08-10 13:57:38,0.0,-1
2026-08-10 13:57:38,0.0,-1
2026-08-10 13:57:38,0.0,-1
2026-08-10 13:57:38,0.0,-1
2026-08-10 13:57:38,0.0,-1
2026-08-10 13:57:38,0.0,-1
2026-08-10 13:57:38,0.0,-1
2026-08-10 13:57:38,0.0,-1
2026-08-10 13:57:38,0.0,-1
2026-08-10 13:57:38,0.0,-1
2026-08-10 13:57:38,0.0,-1
2026-08-10 13:57:38,0.0,-1
2026-08-10 13:57:38,0.0,-1
2026-08-10 13:57:38,0.0,-1
2026-08-10 13:57:39,0.0,-1
2026-08-10 13:57:39,0.0,-1
2026-08-10 13:57:39,0.0,-1
2026-08-10 13:57:39,0.0,-1
2026-08-10 13:57:39,0.0,-1
2026-08-10 13:57:39,0.0,-1
2026-08-10 13:57:39,0.0,-1
2026-08-10 13:57:39,0.0,-1
2026-08-10 13:57:39,0.0,-1
2026-08-10 13:57:39,0.0,-1
2026-08-10 13:57:39,0.0,-1
2026-08-10 13:57:39,0.0,-1
2026-08-10 13:57:39,0.0,-1
2026-08-10 13:57:39,0.0,-1
2026-08-10 13:57:39,0.0,-1
2026-08-10 13:57:39,0.0,-1
2026-08-10 13:57:39,0.0,-1
2026-08-10 13:57:39,0.0,-1
2026-08-10 13:57:39,0.0,-1
2026-08-10 13:57:39,0.0,-1
2026-08-10 13:57:40,0.0,-1
2026-08-10 13:57:40,0.0,-1
2026-08-10 13:57:40,0.0,-1
2026-08-10 13:57:40,0.0,-1
2026-08-10 13:57:40,0.0,-1
2026-08-10 13:57:40,0.0,-1
2026-08-10 13:57:40,0.0,-1
2026-08-10 13:57:40,0.0,-1
2026-08-10 13:57:40,0.0,-1
2026-08-10 13:57:40,0.0,-1
2026-08-10 13:57:40,0.0,-1
2026-08-10 13:57:40,0.0,-1
2026-08-10 13:57:40,0.0,-1
2026-08-10 13:57:40,0.0,-1
2026-08-10 13:57:40,0.0,-1
2026-08-10 13:57:40,0.0,-1
2026-08-10 13:57:40,0.0,-1
2026-08-10 13:57:40,0.0,-1
2026-08-10 13:57:40,0.0,-1
2026-08-10 13:57:40,0.0,-1
2026-08-10 13:57:41,0.0,-1
2026-08-10 13:57:41,0.0,-1
2026-08-10 13:57:41,0.0,-1
2026-08-10 13:57:41,0.0,-1
2026-08-10 13:57:41,0.0,-1
2026-08-10 13:57:41,0.0,-1
2026-08-10 13:57:41,0.0,-1
2026-08-10 13:57:41,0.0,-1
2026-08-10 13:57:41,0.0,-1
2026-08-10 13:57:41,0.0,-1
2026-08-10 13:57:41,0.0,-1
2026-08-10 13:57:41,0.0,-1
2026-08-10 13:57:41,0.0,-1
2026-08-10 13:57:41,0.0,-1
2026-08-10 13:57:41,0.0,-1
2026-08-10 13:57:41,0.0,-1
2026-08-10 13:57:41,0.0,-1
2026-08-10 13:57:41,0.0,-1
2026-08-10 13:57:41,0.0,-1
2026-08-10 13:57:41,0.0,-1
2026-08-10 13:57:42,0.0,-1
2026-08-10 13:57:42,0.0,-1
2026-08-10 13:57:42,0.0,-1
2026-08-10 13:57:42,0.0,-1
2026-08-10 13:57:42,0.0,-1
2026-08-10 13:57:42,0.0,-1
2026-08-10 13:57:42,0.0,-1
2026-08-10 13:57:42,0.0,-1
2026-08-10 13:57:42,0.0,-1
2026-08-10 13:57:42,0.0,-1
2026-08-10 13:57:42,0.0,-1
2026-08-10 13:57:42,0.0,-1
2026-08-10 13:57:42,0.0,-1
2026-08-10 13:57:42,0.0,-1
2026-08-10 13:57:42,0.0,-1
2026-08-10 13:57:42,0.0,-1
2026-08-10 13:57:42,0.0,-1
2026-08-10 13:57:42,0.0,-1
2026-08-10 13:57:42,0.0,-1
2026-08-10 13:57:42,0.0,-1
2026-08-10 13:57:43,0.0,-1
2026-08-10 13:57:43,0.0,-1
2026-08-10 13:57:43,0.0,-1
2026-08-10 13:57:43,0.0,-1
2026-08-10 13:57:43,0.0,-1
2026-08-10 13:57:43,0.0,-1
2026-08-10 13:57:43,0.0,-1
2026-08-10 13:57:43,0.0,-1
2026-08-10 13:57:43,0.0,-1
2026-08-10 13:57:43,0.0,-1
2026-08-10 13:57:43,0.0,-1
2026-08-10 13:57:43,0.0,-1
2026-08-10 13:57:43,0.0,-1
2026-08-10 13:57:43,0.0,-1
2026-08-10 13:57:43,0.0,-1
2026-08-10 13:57:43,0.0,-1
2026-08-10 13:57:43,0.0,-1
2026-08-10 13:57:43,0.0,-1
2026-08-10 13:57:43,0.0,-1
2026-08-10 13:57:43,0.0,-1
2026-08-10 13:57:44,0.0,-1
2026-08-10 13:57:44,0.0,-1
2026-08-10 13:57:44,0.0,-1
2026-08-10 13:57:44,0.0,-1
2026-08-10 13:57:44,0.0,-1
2026-08-10 13:57:44,0.0,-1
2026-08-10 13:57:44,0.0,-1
2026-08-10 13:57:44,0.0,-1
2026-08-10 13:57:44,0.0,-1
2026-08-10 13:57:44,0.0,-1
2026-08-10 13:57:44,0.0,-1
2026-08-10 13:57:44,0.0,-1
2026-08-10 13:57:44,0.0,-1
2026-08-10 13:57:44,0.0,-1
2026-08-10 13:57:44,0.0,-1
2026-08-10 13:57:44,0.0,-1
2026-08-10 13:57:44,0.0,-1
2026-08-10 13:57:44,0.0,-1
2026-08-10 13:57:44,0.0,-1
2026-08-10 13:57:44,0.0,-1
2026-08-10 13:57:45,0.0,-1
2026-08-10 13:57:45,0.0,-1
2026-08-10 13:57:45,0.0,-1
2026-08-10 13:57:45,0.0,-1
2026-08-10 13:57:45,0.0,-1
2026-08-10 13:57:45,0.0,-1
2026-08-10 13:57:45,0.0,-1
2026-08-10 13:57:45,0.0,-1
2026-08-10 13:57:45,0.0,-1
2026-08-10 13:57:45,0.0,-1
2026-08-10 13:57:45,0.0,-1
2026-08-10 13:57:45,0.0,-1
2026-08-10 13:57:45,0.0,-1
2026-08-10 13:57:45,0.0,-1
2026-08-10 13:57:45,0.0,-1
2026-08-10 13:57:45,0.0,-1
2026-08-10 13:57:45,0.0,-1
2026-08-10 13:57:45,0.0,-1
2026-08-10 13:57:45,0.0,-1
2026-08-10 13:57:45,0.0,-1
2026-08-10 13:57:46,0.0,-1
2026-08-10 13:57:46,0.0,-1
2026-08-10 13:57:46,0.0,-1
2026-08-10 13:57:46,0.0,-1
2026-08-10 13:57:46,0.0,-1
2026-08-10 13:57:46,0.0,-1
2026-08-10 13:57:46,0.0,-1
2026-08-10 13:57:46,0.0,-1
2026-08-10 13:57:46,0.0,-1
2026-08-10 13:57:46,0.0,-1
2026-08-10 13:57:46,0.0,-1
2026-08-10 13:57:46,0.0,-1
2026-08-10 13:57:46,0.0,-1
2026-08-10 13:57:46,0.0,-1
2026-08-10 13:57:46,0.0,-1
2026-08-10 13:57:46,0.0,-1
2026-08-10 13:57:46,0.0,-1
2026-08-10 13:57:46,0.0,-1
2026-08-10 13:57:46,0.0,-1
2026-08-10 13:57:46,0.0,-1
2026-08-10 13:57:47,0.0,-1
2026-08-10 13:57:47,0.0,-1
2026-08-10 13:57:47,0.0,-1
2026-08-10 13:57:47,0.0,-1
2026-08-10 13:57:47,0.0,-1
2026-08-10 13:57:47,0.0,-1
2026-08-10 13:57:47,0.0,-1
2026-08-10 13:57:47,0.0,-1
2026-08-10 13:57:47,0.0,-1
2026-08-10 13:57:47,0.0,-1
2026-08-10 13:57:47,0.0,-1
2026-08-10 13:57:47,0.0,-1
2026-08-10 13:57:47,0.0,-1
2026-08-10 13:57:47,0.0,-1
2026-08-10 13:57:47,0.0,-1
2026-08-10 13:57:47,0.0,-1
2026-08-10 13:57:47,0.0,-1
2026-08-10 13:57:47,0.0,-1
2026-08-10 13:57:47,0.0,-1
2026-08-10 13:57:47,0.0,-1
2026-08-10 13:57:48,0.0,-1
2026-08-10 13:57:48,0.0,-1
2026-08-10 13:57:48,0.0,-1
2026-08-10 13:57:48,0.0,-1
2026-08-10 13:57:48,0.0,-1
2026-08-10 13:57:48,0.0,-1
2026-08-10 13:57:48,0.0,-1
2026-08-10 13:57:48,0.0,-1
2026-08-10 13:57:48,0.0,-1
2026-08-10 13:57:48,0.0,-1
2026-08-10 13:57:48,0.0,-1
2026-08-10 13:57:48,0.0,-1
2026-08-10 13:57:48,0.0,-1
2026-08-10 13:57:48,0.0,-1
2026-08-10 13:57:48,0.0,-1
2026-08-10 13:57:48,0.0,-1
2026-08-10 13:57:48,0.0,-1
2026-08-10 13:57:48,0.0,-1
2026-08-10 13:57:48,0.0,-1
2026-08-10 13:57:48,0.0,-1
2026-08-10 13:57:49,0.0,-1
2026-08-10 13:57:49,0.0,-1
2026-08-10 13:57:49,0.0,-1
2026-08-10 13:57:49,0.0,-1
2026-08-10 13:57:49,0.0,-1
2026-08-10 13:57:49,0.0,-1
2026-08-10 13:57:49,0.0,-1
2026-08-10 13:57:49,0.0,-1
2026-08-10 13:57:49,0.0,-1
2026-08-10 13:57:49,0.0,-1
2026-08-10 13:57:49,0.0,-1
2026-08-10 13:57:49,0.0,-1
2026-08-10 13:57:49,0.0,-1
2026-08-10 13:57:49,0.0,-1
2026-08-10 13:57:49,0.0,-1
2026-08-10 13:57:49,0.0,-1
2026-08-10 13:57:49,0.0,-1
2026-08-10 13:57:49,0.0,-1
2026-08-10 13:57:49,0.0,-1
2026-08-10 13:57:49,0.0,-1
2026-08-10 13:57:50,0.0,-1
2026-08-10 13:57:50,0.0,-1
2026-08-10 13:57:50,0.0,-1
2026-08-10 13:57:50,0.0,-1
2026-08-10 13:57:50,0.0,-1
2026-08-10 13:57:50,0.0,-1
2026-08-10 13:57:50,0.0,-1
2026-08-10 13:57:50,0.0,-1
2026-08-10 13:57:50,0.0,-1
2026-08-10 13:57:50,0.0,-1
2026-08-10 13:57:50,0.0,-1
2026-08-10 13:57:50,0.0,-1
2026-08-10 13:57:50,0.0,-1
2026-08-10 13:57:50,0.0,-1
2026-08-10 13:57:50,0.0,-1
2026-08-10 13:57:50,0.0,-1
2026-08-10 13:57:50,0.0,-1
2026-08-10 13:57:50,0.0,-1
2026-08-10 13:57:50,0.609375,-1
2026-08-10 13:57:50,0.609375,0
2026-08-10 13:57:51,0.0,0
2026-08-10 13:57:51,0.0,0
2026-08-10 13:57:51,0.0,0
2026-08-10 13:57:51,0.0,0
2026-08-10 13:57:51,0.0,0
2026-08-10 13:57:51,0.0,0
2026-08-10 13:57:51,0.0,0
2026-08-10 13:57:51,0.0,0
2026-08-10 13:57:51,0.0,0
2026-08-10 13:57:51,0.0,0
2026-08-10 13:57:51,0.0,0
2026-08-10 13:57:51,0.0,0
2026-08-10 13:57:51,0.0,0
2026-08-10 13:57:51,0.0,0
2026-08-10 13:57:51,0.0,0
2026-08-10 13:57:51,0.0,0
2026-08-10 13:57:51,0.0,0
2026-08-10 13:57:51,0.0,0
2026-08-10 13:57:51,0.0,0
2026-08-10 13:57:51,0.0,0
2026-08-10 13:57:52,0.0,0
2026-08-10 13:57:52,0.0,0
2026-08-10 13:57:52,0.0,0
2026-08-10 13:57:52,0.0,0
2026-08-10 13:57:52,0.0,0
2026-08-10 13:57:52,0.0,0
2026-08-10 13:57:52,0.0,0
2026-08-10 13:57:52,0.0,0
2026-08-10 13:57:52,0.0,0
2026-08-10 13:57:52,0.0,0
2026-08-10 13:57:52,0.0,0
2026-08-10 13:57:52,0.0,0
2026-08-10 13:57:52,0.0,0
2026-08-10 13:57:52,0.0,0
2026-08-10 13:57:52,0.0,0
2026-08-10 13:57:52,0.0,0
2026-08-10 13:57:52,0.0,0
2026-08-10 13:57:52,0.0,0
2026-08-10 13:57:52,0.0,0
2026-08-10 13:57:52,0.0,0
2026-08-10 13:57:53,0.0,0
2026-08-10 13:57:53,0.0,0
2026-08-10 13:57:53,0.0,0
2026-08-10 13:57:53,0.0,0
2026-08-10 13:57:53,0.0,0
2026-08-10 13:57:53,0.0,0
2026-08-10 13:57:53,0.0,0
2026-08-10 13:57:53,0.0,0
2026-08-10 13:57:53,0.0,0
2026-08-10 13:57:53,0.0,0
2026-08-10 13:57:53,0.0,0
2026-08-10 13:57:53,0.0,0
2026-08-10 13:57:53,0.0,0
2026-08-10 13:57:53,0.0,0
2026-08-10 13:57:53,0.0,0
2026-08-10 13:57:53,0.0,0
2026-08-10 13:57:53,0.0,0
2026-08-10 13:57:53,0.0,0
2026-08-10 13:57:53,0.0,0
2026-08-10 13:57:53,0.0,0
2026-08-10 13:57:54,0.0,0
2026-08-10 13:57:54,0.0,0
2026-08-10 13:57:54,0.0,0
2026-08-10 13:57:54,0.0,0
2026-08-10 13:57:54,0.0,0
2026-08-10 13:57:54,0.0,0
2026-08-10 13:57:54,0.0,0
2026-08-10 13:57:54,0.0,0
2026-08-10 13:57:54,0.0,0
2026-08-10 13:57:54,0.0,0
2026-08-10 13:57:54,0.0,0
2026-08-10 13:57:54,0.0,0
2026-08-10 13:57:54,0.0,0
2026-08-10 13:57:54,0.0,0
2026-08-10 13:57:54,0.0,0
2026-08-10 13:57:54,0.0,0
2026-08-10 13:57:54,0.0,0
2026-08-10 13:57:54,0.0,0
2026-08-10 13:57:54,0.0,0
2026-08-10 13:57:54,0.0,0
2026-08-10 13:57:55,0.0,0
2026-08-10 13:57:55,0.0,0
2026-08-10 13:57:55,0.0,0
2026-08-10 13:57:55,0.0,0
2026-08-10 13:57:55,0.0,0
2026-08-10 13:57:55,0.0,0
2026-08-10 13:57:55,0.0,0
2026-08-10 13:57:55,0.0,0
2026-08-10 13:57:55,0.0,0
2026-08-10 13:57:55,0.0,0
2026-08-10 13:57:55,0.0,0
2026-08-10 13:57:55,0.0,0
2026-08-10 13:57:55,0.0,0
2026-08-10 13:57:55,0.0,0
2026-08-10 13:57:55,0.0,0
2026-08-10 13:57:55,0.0,0
2026-08-10 13:57:55,0.0,0
2026-08-10 13:57:55,0.0,0
2026-08-10 13:57:55,0.0,0
2026-08-10 13:57:55,0.0,0
2026-08-10 13:57:56,0.0,0
2026-08-10 13:57:56,0.0,0
2026-08-10 13:57:56,0.0,0
2026-08-10 13:57:56,0.0,0
2026-08-10 13:57:56,0.0,0
2026-08-10 13:57:56,0.0,0
2026-08-10 13:57:56,0.0,0
2026-08-10 13:57:56,0.0,0
2026-08-10 13:57:56,0.0,0
2026-08-10 13:57:56,0.0,0
2026-08-10 13:57:56,0.0,0
2026-08-10 13:57:56,0.0,0
2026-08-10 13:57:56,0.0,0
2026-08-10 13:57:56,0.0,0
2026-08-10 13:57:56,0.0,0
2026-08-10 13:57:56,0.0,0
2026-08-10 13:57:56,0.0,0
2026-08-10 13:57:56,0.0,0
2026-08-10 13:57:56,0.0,0
2026-08-10 13:57:56,0.0,0
2026-08-10 13:57:57,0.0,0
2026-08-10 13:57:57,0.0,0
2026-08-10 13:57:57,0.0,0
2026-08-10 13:57:57,0.0,0
2026-08-10 13:57:57,0.0,0
2026-08-10 13:57:57,0.0,0
2026-08-10 13:57:57,0.0,0
2026-08-10 13:57:57,0.0,0
2026-08-10 13:57:57,0.0,0
2026-08-10 13:57:57,0.0,0
2026-08-10 13:57:57,0.0,0
2026-08-10 13:57:57,0.0,0
2026-08-10 13:57:57,0.0,0
2026-08-10 13:57:57,0.0,0
2026-08-10 13:57:57,0.0,0
2026-08-10 13:57:57,0.0,0
2026-08-10 13:57:57,0.0,0
2026-08-10 13:57:57,0.0,0
2026-08-10 13:57:57,0.0,0
2026-08-10 13:57:57,0.0,0
2026-08-10 13:57:58,0.0,0
2026-08-10 13:57:58,0.0,0
2026-08-10 13:57:58,0.0,0
2026-08-10 13:57:58,0.0,0
2026-08-10 13:57:58,0.0,0
2026-08-10 13:57:58,0.0,0
2026-08-10 13:57:58,0.0,0
2026-08-10 13:57:58,0.0,0
2026-08-10 13:57:58,0.0,0
2026-08-10 13:57:58,0.0,0
2026-08-10 13:57:58,0.0,0
2026-08-10 13:57:58,0.0,0
2026-08-10 13:57:58,0.0,0
2026-08-10 13:57:58,0.0,0
2026-08-10 13:57:58,0.0,0
2026-08-10 13:57:58,0.0,0
2026-08-10 13:57:58,0.0,0
2026-08-10 13:57:58,0.0,0
2026-08-10 13:57:58,0.0,0
2026-08-10 13:57:58,0.0,0
2026-08-10 13:57:59,0.0,0
2026-08-10 13:57:59,0.0,0
2026-08-10 13:57:59,0.0,0
2026-08-10 13:57:59,0.0,0
2026-08-10 13:57:59,0.0,0
2026-08-10 13:57:59,0.0,0
2026-08-10 13:57:59,0.0,0
2026-08-10 13:57:59,0.0,0
2026-08-10 13:57:59,0.0,0
2026-08-10 13:57:59,0.0,0
2026-08-10 13:57:59,0.0,0
2026-08-10 13:57:59,0.0,0
2026-08-10 13:57:59,0.0,0
2026-08-10 13:57:59,0.0,0
2026-08-10 13:57:59,0.0,0
2026-08-10 13:57:59,0.0,0
2026-08-10 13:57:59,0.0,0
2026-08-10 13:57:59,0.0,0
2026-08-10 13:57:59,0.0,0
2026-08-10 13:57:59,0.0,0
2026-08-10 13:58:00,0.0,0
2026-08-10 13:58:00,0.0,0
2026-08-10 13:58:00,0.0,0
2026-08-10 13:58:00,0.0,0
2026-08-10 13:58:00,0.0,0
2026-08-10 13:58:00,0.0,0
2026-08-10 13:58:00,0.0,0
2026-08-10 13:58:00,0.0,0
2026-08-10 13:58:00,0.0,0
2026-08-10 13:58:00,0.0,0
2026-08-10 13:58:00,0.0,0
2026-08-10 13:58:00,0.0,0
2026-08-10 13:58:00,0.0,0
2026-08-10 13:58:00,0.0,0
2026-08-10 13:58:00,0.0,0
2026-08-10 13:58:00,0.0,0
2026-08-10 13:58:00,0.0,0
2026-08-10 13:58:00,0.0,0
2026-08-10 13:58:00,0.0,0
2026-08-10 13:58:00,0.0,0
2026-08-10 13:58:01,0.0,0
2026-08-10 13:58:01,0.0,0
2026-08-10 13:58:01,0.0,0
2026-08-10 13:58:01,0.0,0
2026-08-10 13:58:01,0.0,0
2026-08-10 13:58:01,0.0,0
2026-08-10 13:58:01,0.0,0
2026-08-10 13:58:01,0.0,0
2026-08-10 13:58:01,0.0,0
2026-08-10 13:58:01,0.0,0
2026-08-10 13:58:01,0.0,0
2026-08-10 13:58:01,0.0,0
2026-08-10 13:58:01,0.0,0
2026-08-10 13:58:01,0.0,0
2026-08-10 13:58:01,0.0,0
2026-08-10 13:58:01,0.0,0
2026-08-10 13:58:01,0.0,0
2026-08-10 13:58:01,0.0,0
2026-08-10 13:58:01,0.0,0
2026-08-10 13:58:01,0.0,0
2026-08-10 13:58:02,0.0,0
2026-08-10 13:58:02,0.0,0
2026-08-10 13:58:02,0.0,0
2026-08-10 13:58:02,0.0,0
2026-08-10 13:58:02,0.0,0
2026-08-10 13:58:02,0.0,0
2026-08-10 13:58:02,0.0,0
2026-08-10 13:58:02,0.0,0
2026-08-10 13:58:02,0.0,0
2026-08-10 13:58:02,0.0,0
2026-08-10 13:58:02,0.0,0
2026-08-10 13:58:02,0.0,0
2026-08-10 13:58:02,0.0,0
2026-08-10 13:58:02,0.0,0
2026-08-10 13:58:02,0.0,0
2026-08-10 13:58:02,0.0,0
2026-08-10 13:58:02,0.0,0
2026-08-10 13:58:02,0.0,0
2026-08-10 13:58:02,0.0,0
2026-08-10 13:58:02,0.0,0
2026-08-10 13:58:03,0.0,0
2026-08-10 13:58:03,0.0,0
2026-08-10 13:58:03,0.0,0
2026-08-10 13:58:03,0.0,0
2026-08-10 13:58:03,0.0,0
2026-08-10 13:58:03,0.0,0
2026-08-10 13:58:03,0.0,0
2026-08-10 13:58:03,0.0,0
2026-08-10 13:58:03,0.0,0
2026-08-10 13:58:03,0.0,0
2026-08-10 13:58:03,0.0,0
2026-08-10 13:58:03,0.0,0
2026-08-10 13:58:03,0.0,0
2026-08-10 13:58:03,0.0,0
2026-08-10 13:58:03,0.0,0
2026-08-10 13:58:03,0.0,0
2026-08-10 13:58:03,0.0,0
2026-08-10 13:58:03,0.0,0
2026-08-10 13:58:03,0.0,0
2026-08-10 13:58:03,0.0,0
2026-08-10 13:58:04,0.0,0
2026-08-10 13:58:04,0.0,0
2026-08-10 13:58:04,0.0,0
2026-08-10 13:58:04,0.0,0
2026-08-10 13:58:04,0.0,0
2026-08-10 13:58:04,0.0,0
2026-08-10 13:58:04,0.0,0
2026-08-10 13:58:04,0.0,0
2026-08-10 13:58:04,0.0,0
2026-08-10 13:58:04,0.0,0
2026-08-10 13:58:04,0.0,0
2026-08-10 13:58:04,0.0,0
2026-08-10 13:58:04,0.0,0
2026-08-10 13:58:04,0.0,0
2026-08-10 13:58:04,0.0,0
2026-08-10 13:58:04,0.0,0
2026-08-10 13:58:04,0.0,0
2026-08-10 13:58:04,0.0,0
2026-08-10 13:58:04,0.0,0
2026-08-10 13:58:04,0.0,0
2026-08-10 13:58:05,0.0,0
2026-08-10 13:58:05,0.0,0
2026-08-10 13:58:05,0.0,0
2026-08-10 13:58:05,0.0,0
2026-08-10 13:58:05,0.0,0
2026-08-10 13:58:05,0.0,0
2026-08-10 13:58:05,0.0,0
2026-08-10 13:58:05,0.0,0
2026-08-10 13:58:05,0.0,0
2026-08-10 13:58:05,0.0,0
2026-08-10 13:58:05,0.0,0
2026-08-10 13:58:05,0.0,0
2026-08-10 13:58:05,0.0,0
2026-08-10 13:58:05,0.0,0
2026-08-10 13:58:05,0.0,0
2026-08-10 13:58:05,0.0,0
2026-08-10 13:58:05,0.0,0
2026-08-10 13:58:05,0.0,0
2026-08-10 13:58:05,0.0,0
2026-08-10 13:58:05,0.0,0
2026-08-10 13:58:06,0.0,0
2026-08-10 13:58:06,0.0,0
2026-08-10 13:58:06,0.0,0
2026-08-10 13:58:06,0.0,0
2026-08-10 13:58:06,0.0,0
2026-08-10 13:58:06,0.0,0
2026-08-10 13:58:06,0.0,0
2026-08-10 13:58:06,0.0,0
2026-08-10 13:58:06,0.0,0
2026-08-10 13:58:06,0.0,0
2026-08-10 13:58:06,0.0,0
2026-08-10 13:58:06,0.0,0
2026-08-10 13:58:06,0.0,0
2026-08-10 13:58:06,0.0,0
2026-08-10 13:58:06,0.0,0
2026-08-10 13:58:06,0.0,0
2026-08-10 13:58:06,0.0,0
2026-08-10 13:58:06,0.0,0
2026-08-10 13:58:06,0.0,0
2026-08-10 13:58:06,0.0,0
2026-08-10 13:58:07,0.0,0
2026-08-10 13:58:07,0.0,0
2026-08-10 13:58:07,0.0,0
2026-08-10 13:58:07,0.0,0
2026-08-10 13:58:07,0.0,0
2026-08-10 13:58:07,0.0,0
2026-08-10 13:58:07,0.0,0
2026-08-10 13:58:07,0.0,0
2026-08-10 13:58:07,0.0,0
2026-08-10 13:58:07,0.0,0
2026-08-10 13:58:07,0.0,0
2026-08-10 13:58:07,0.0,0
2026-08-10 13:58:07,0.0,0
2026-08-10 13:58:07,0.0,0
2026-08-10 13:58:07,0.0,0
2026-08-10 13:58:07,0.0,0
2026-08-10 13:58:07,0.0,0
2026-08-10 13:58:07,0.0,0
2026-08-10 13:58:07,0.0,0
2026-08-10 13:58:07,0.0,0
2026-08-10 13:58:08,0.0,0
2026-08-10 13:58:08,0.0,0
2026-08-10 13:58:08,0.0,0
2026-08-10 13:58:08,0.0,0
2026-08-10 13:58:08,0.0,0
2026-08-10 13:58:08,0.0,0
2026-08-10 13:58:08,0.0,0
2026-08-10 13:58:08,0.0,0
2026-08-10 13:58:08,0.0,0
2026-08-10 13:58:08,0.0,0
2026-08-10 13:58:08,0.0,0
2026-08-10 13:58:08,0.0,0
2026-08-10 13:58:08,0.0,0
2026-08-10 13:58:08,0.0,0
2026-08-10 13:58:08,0.0,0
2026-08-10 13:58:08,0.0,0
2026-08-10 13:58:08,0.0,0
2026-08-10 13:58:08,0.0,0
2026-08-10 13:58:08,0.0,0
2026-08-10 13:58:08,0.0,0
2026-08-10 13:58:09,0.0,0
2026-08-10 13:58:09,0.0,0
2026-08-10 13:58:09,0.0,0
