(1785791650.373152) can0 1CECFFF1#20120003FF19F000
(1785791650.374088) can0 1CEBFFF1#0127100000000000
(1785791650.375085) can0 1CEBFFF1#0200000000000000
(1785791650.376065) can0 1CEBFFF1#03FEF8F4B4FFFFFF
(1785791650.402122) can0 18F015F1#0000454748D3473C
(1785791650.405264) can0 18FEF1F8#FF0000FFFFFFFFFF
(1785791650.406408) can0 18F005F8#7DFFFF7DFFFFFFFF
(1785791650.448232) can0 18FF09D1#01000A00D5D4E5
(1785791650.473114) can0 1CECFFF1#20120003FF19F000
(1785791650.474088) can0 1CEBFFF1#0127100000000000
(1785791650.475101) can0 1CEBFFF1#0200000000000000
(1785791650.476079) can0 1CEBFFF1#03FEF8F4B4FFFFFF
(1785791650.503106) can0 18F015F1#0000454748D3473B
(1785791650.505174) can0 18FEF1F8#FF0000FFFFFFFFFF
(1785791650.506321) can0 18F005F8#7DFFFF7DFFFFFFFF
(1785791650.548238) can0 18FF09D1#01000A00D5D4E5
(1785791650.573214) can0 1CECFFF1#20120003FF19F000
(1785791650.574089) can0 1CEBFFF1#0127100000000000
(1785791650.575096) can0 1CEBFFF1#0200000000000000
(1785791650.576079) can0 1CEBFFF1#03FEF8F4B4FFFFFF
(1785791650.603158) can0 18F015F1#0000454748D2473B
(1785791650.605224) can0 18FEF1F8#FF0000FFFFFFFFFF
(1785791650.606442) can0 18F005F8#7DFFFF7DFFFFFFFF
(1785791650.648307) can0 18FF09D1#01000A00D5D4E5
(1785791650.648580) can0 18FF14D1#
(1785791650.674118) can0 1CECFFF1#20120003FF19F000
(1785791650.675077) can0 1CEBFFF1#0127100000000000
(1785791650.676091) can0 1CEBFFF1#0200000000000000
(1785791650.677063) can0 1CEBFFF1#03FEF8F4B4FFFFFF
(1785791650.703113) can0 18F015F1#0000454748D3473C
(1785791650.705172) can0 18FEF1F8#FF0000FFFFFFFFFF
(1785791650.706288) can0 18F005F8#7DFFFF7DFFFFFFFF
(1785791650.748242) can0 18FF09D1#01000A00D5D4E5
(1785791650.774110) can0 1CECFFF1#20120003FF19F000
(1785791650.775081) can0 1CEBFFF1#0127100000000000
(1785791650.776094) can0 1CEBFFF1#0200000000000000
(1785791650.777094) can0 1CEBFFF1#03FEF8F4B4FFFFFF
(1785791650.803097) can0 18F015F1#0000454748D3473B
(1785791650.805420) can0 18FEF1F8#FF0000FFFFFFFFFF
(1785791650.806594) can0 18F005F8#7DFFFF7DFFFFFFFF
(1785791650.848238) can0 18FF09D1#01000A00D5D4E5
(1785791650.874105) can0 1CECFFF1#20120003FF19F000
(1785791650.875079) can0 1CEBFFF1#0127100000000000
(1785791650.876094) can0 1CEBFFF1#0200000000000000
(1785791650.877066) can0 1CEBFFF1#03FEF8F4B4FFFFFF
(1785791650.903124) can0 18F015F1#0000454748D2473B
(1785791650.905347) can0 18FEF1F8#FF0000FFFFFFFFFF
(1785791650.906485) can0 18F005F8#7DFFFF7DFFFFFFFF
(1785791650.948343) can0 18FF09D1#01000A00D5D4E5
(1785791650.974383) can0 1CECFFF1#20120003FF19F000
(1785791650.975131) can0 1CEBFFF1#0127100000000000
(1785791650.976165) can0 1CEBFFF1#0200000000000000
(1785791650.977411) can0 1CEBFFF1#03FEF8F4B4FFFFFF
(1785791651.003212) can0 18F015F1#0000454748D4473C
(1785791651.005177) can0 18FEF1F8#FF0000FFFFFFFFFF
(1785791651.006295) can0 18F005F8#7DFFFF7DFFFFFFFF
(1785791651.048451) can0 18FF09D1#01000A00D5D4E5
(1785791651.074152) can0 1CECFFF1#20120003FF19F000
(1785791651.075089) can0 1CEBFFF1#0127100000000000
(1785791651.076098) can0 1CEBFFF1#0200000000000000
(1785791651.077068) can0 1CEBFFF1#03FEF8F4B4FFFFFF
(1785791651.104073) can0 18F015F1#0000454748D3473B
(1785791651.105262) can0 18FEF1F8#FF0000FFFFFFFFFF
(1785791651.106406) can0 18F005F8#7DFFFF7DFFFFFFFF
(1785791651.112990) can0 18F017F1#F2E90AE29E0C
(1785791651.113452) can0 18F018F1#EA2902DF8DE5
(1785791651.148406) can0 18FF09D1#01000A00D57BE6
(1785791651.148780) can0 18FF14D1#
(1785791651.149068) can0 18FF16D1#01000A0064
(1785791651.174130) can0 1CECFFF1#20120003FF19F000
(1785791651.175100) can0 1CEBFFF1#0127100000000000
(1785791651.176106) can0 1CEBFFF1#0200000000000000
(1785791651.177078) can0 1CEBFFF1#03FEF8F4B4FFFFFF
(1785791651.203087) can0 18F015F1#0000454748D2473B
(1785791651.205183) can0 18FEF1F8#FF0000FFFFFFFFFF
(1785791651.206337) can0 18F005F8#7DFFFF7DFFFFFFFF
(1785791651.248365) can0 18FF09D1#01000A00D57BE6
(1785791651.275278) can0 1CECFFF1#20120003FF19F000
(1785791651.276256) can0 1CEBFFF1#0127100000000000
(1785791651.277147) can0 1CEBFFF1#0200000000000000
(1785791651.278133) can0 1CEBFFF1#03FEF8F4B4FFFFFF
(1785791651.304385) can0 18F015F1#0000454748D3473C
(1785791651.306421) can0 18FEF1F8#FF0000FFFFFFFFFF
(1785791651.307637) can0 18F005F8#7DFFFF7DFFFFFFFF
(1785791651.348300) can0 18FF09D1#01000A00D57BE6
(1785791651.375292) can0 1CECFFF1#20120003FF19F000
(1785791651.376112) can0 1CEBFFF1#0127100000000000
(1785791651.377102) can0 1CEBFFF1#0200000000000000
(1785791651.378090) can0 1CEBFFF1#03FEF8F4B4FFFFFF
(1785791651.404201) can0 18F015F1#0000454748D3473B
(1785791651.405650) can0 18FEF1F8#FF0000FFFFFFFFFF
(1785791651.406797) can0 18F005F8#7DFFFF7DFFFFFFFF
(1785791651.448246) can0 18FF09D1#01000A00D57BE6
(1785791651.475123) can0 1CECFFF1#20120003FF19F000
(1785791651.476100) can0 1CEBFFF1#0127100000000000
(1785791651.477106) can0 1CEBFFF1#0200000000000000
(1785791651.478081) can0 1CEBFFF1#03FEF8F4B4FFFFFF
(1785791651.504119) can0 18F015F1#0000454748D2473B
(1785791651.505403) can0 18FEF1F8#FF0000FFFFFFFFFF
(1785791651.506610) can0 18F005F8#7DFFFF7DFFFFFFFF
(1785791651.548253) can0 18FF09D1#01000A00D57BE6
(1785791651.575142) can0 1CECFFF1#20120003FF19F000
(1785791651.576101) can0 1CEBFFF1#0127100000000000
(1785791651.577106) can0 1CEBFFF1#0200000000000000
(1785791651.578086) can0 1CEBFFF1#03FEF8F4B4FFFFFF
(1785791651.605077) can0 18F015F1#0000454748D3473C
(1785791651.605632) can0 18FEF1F8#FF0000FFFFFFFFFF
(1785791651.606846) can0 18F005F8#7DFFFF7DFFFFFFFF
(1785791651.648395) can0 18FF09D1#01000A00D5D4E5
(1785791651.648970) can0 18FF14D1#
(1785791651.675121) can0 1CECFFF1#20120003FF19F000
(1785791651.676091) can0 1CEBFFF1#0127100000000000
(1785791651.677094) can0 1CEBFFF1#0200000000000000
(1785791651.678069) can0 1CEBFFF1#03FEF8F4B4FFFFFF
(1785791651.704114) can0 18F015F1#0000454748D3473C
(1785791651.705317) can0 18FEF1F8#FF0000FFFFFFFFFF
(1785791651.706441) can0 18F005F8#7DFFFF7DFFFFFFFF
(1785791651.748218) can0 18FF09D1#01000A00D5D4E5
(1785791651.775131) can0 1CECFFF1#20120003FF19F000
(1785791651.776108) can0 1CEBFFF1#0127100000000000
(1785791651.777129) can0 1CEBFFF1#0200000000000000
(1785791651.778109) can0 1CEBFFF1#03FEF8F4B4FFFFFF
(1785791651.804151) can0 18F015F1#0000454748D3473B
(1785791651.805507) can0 18FEF1F8#FF0000FFFFFFFFFF
(1785791651.806732) can0 18F005F8#7DFFFF7DFFFFFFFF
(1785791651.848208) can0 18FF09D1#01000A00D5D4E5
(1785791651.875143) can0 1CECFFF1#20120003FF19F000
(1785791651.876099) can0 1CEBFFF1#0127100000000000
(1785791651.877115) can0 1CEBFFF1#0200000000000000
(1785791651.878089) can0 1CEBFFF1#03FEF8F4B4FFFFFF
(1785791651.904221) can0 18F015F1#0000454748D3473C
(1785791651.905598) can0 18FEF1F8#FF0000FFFFFFFFFF
(1785791651.906769) can0 18F005F8#7DFFFF7DFFFFFFFF
(1785791651.948264) can0 18FF09D1#01000A00D5D4E5
(1785791651.975340) can0 1CECFFF1#20120003FF19F000
(1785791651.976129) can0 1CEBFFF1#0127100000000000
(1785791651.977171) can0 1CEBFFF1#0200000000000000
(1785791651.978118) can0 1CEBFFF1#03FEF8F4B4FFFFFF
(1785791652.004176) can0 18F015F1#0000454748D3473C
(1785791652.005368) can0 18FEF1F8#FF0000FFFFFFFFFF
(1785791652.006805) can0 18F005F8#7DFFFF7DFFFFFFFF
(1785791652.048214) can0 18FF09D1#01000A00D5D4E5
(1785791652.076144) can0 1CECFFF1#20120003FF19F000
(1785791652.077095) can0 1CEBFFF1#0127100000000000
(1785791652.078117) can0 1CEBFFF1#0200000000000000
(1785791652.079079) can0 1CEBFFF1#03FEF8F4B4FFFFFF
(1785791652.105076) can0 18F015F1#0000454748D3473C
(1785791652.105635) can0 18FEF1F8#FF0000FFFFFFFFFF
(1785791652.106841) can0 18F005F8#7DFFFF7DFFFFFFFF
(1785791652.114996) can0 18F017F1#F2BB09BA9DE8
(1785791652.115466) can0 18F018F1#EBA602638ED2
(1785791652.148261) can0 18FF09D1#01000A00D5D4E5
(1785791652.148527) can0 18FF14D1#
(1785791652.176136) can0 1CECFFF1#20120003FF19F000
(1785791652.177105) can0 1CEBFFF1#0127100000000000
(1785791652.178115) can0 1CEBFFF1#0200000000000000
(1785791652.179090) can0 1CEBFFF1#03FEF8F4B4FFFFFF
(1785791652.205075) can0 18F015F1#0000454748D3473C
(1785791652.205640) can0 18FEF1F8#FF0000FFFFFFFFFF
(1785791652.206836) can0 18F005F8#7DFFFF7DFFFFFFFF
(1785791652.248278) can0 18FF09D1#01000A00D5D4E5
(1785791652.276314) can0 1CECFFF1#20120003FF19F000
(1785791652.277145) can0 1CEBFFF1#0127100000000000
(1785791652.278156) can0 1CEBFFF1#0200000000000000
(1785791652.279162) can0 1CEBFFF1#03FEF8F4B4FFFFFF
(1785791652.305838) can0 18F015F1#0000454748D2473C
(1785791652.306610) can0 18FEF1F8#FF0000FFFFFFFFFF
(1785791652.308472) can0 18F005F8#7DFFFF7DFFFFFFFF
(1785791652.348203) can0 18FF09D1#01000A00D5D4E5
(1785791652.376169) can0 1CECFFF1#20120003FF19F000
(1785791652.377090) can0 1CEBFFF1#0127100000000000
(1785791652.378101) can0 1CEBFFF1#0200000000000000
(1785791652.379073) can0 1CEBFFF1#03FEF8F4B4FFFFFF
(1785791652.405129) can0 18F015F1#0000454748D3473C
(1785791652.405642) can0 18FEF1F8#FF0000FFFFFFFFFF
(1785791652.406888) can0 18F005F8#7DFFFF7DFFFFFFFF
(1785791652.448235) can0 18FF09D1#01000A00D5D4E5
(1785791652.476208) can0 1CECFFF1#20120003FF19F000
(1785791652.477093) can0 1CEBFFF1#0127100000000000
(1785791652.478109) can0 1CEBFFF1#0200000000000000
(1785791652.479078) can0 1CEBFFF1#03FEF8F4B4FFFFFF
(1785791652.505073) can0 18F015F1#0000454748D3473C
(1785791652.505625) can0 18FEF1F8#FF0000FFFFFFFFFF
(1785791652.506803) can0 18F005F8#7DFFFF7DFFFFFFFF
(1785791652.548170) can0 18FF09D1#01000A00D5D4E5
(1785791652.576165) can0 1CECFFF1#20120003FF19F000
(1785791652.577100) can0 1CEBFFF1#0127100000000000
(1785791652.578130) can0 1CEBFFF1#0200000000000000
(1785791652.579091) can0 1CEBFFF1#03FEF8F4B4FFFFFF
(1785791652.605370) can0 18FEF1F8#FF0000FFFFFFFFFF
(1785791652.606131) can0 18F015F1#0000454748D2473C
(1785791652.606638) can0 18F005F8#7DFFFF7DFFFFFFFF
(1785791652.648365) can0 18FF09D1#01000A00D5D4E5
(1785791652.648741) can0 18FF14D1#
(1785791652.676127) can0 1CECFFF1#20120003FF19F000
(1785791652.677098) can0 1CEBFFF1#0127100000000000
(1785791652.678103) can0 1CEBFFF1#0200000000000000
(1785791652.679078) can0 1CEBFFF1#03FEF8F4B4FFFFFF
(1785791652.705074) can0 18F015F1#0000454748D3473C
(1785791652.705670) can0 18FEF1F8#FF0000FFFFFFFFFF
(1785791652.707091) can0 18F005F8#7DFFFF7DFFFFFFFF
(1785791652.748188) can0 18FF09D1#01000A00D5D4E5
(1785791652.776132) can0 1CECFFF1#20120003FF19F000
(1785791652.777105) can0 1CEBFFF1#0127100000000000
(1785791652.778130) can0 1CEBFFF1#0200000000000000
(1785791652.779083) can0 1CEBFFF1#03FEF8F4B4FFFFFF
(1785791652.805134) can0 18F015F1#0000454748D3473C
(1785791652.805635) can0 18FEF1F8#FF0000FFFFFFFFFF
(1785791652.806856) can0 18F005F8#7DFFFF7DFFFFFFFF
(1785791652.848191) can0 18FF09D1#01000A00D5D4E5
(1785791652.877149) can0 1CECFFF1#20120003FF19F000
(1785791652.878108) can0 1CEBFFF1#0127100000000000
(1785791652.879108) can0 1CEBFFF1#0200000000000000
(1785791652.880088) can0 1CEBFFF1#03FEF7F0F4FFFFFF
(1785791652.905283) can0 18FEF1F8#FF0000FFFFFFFFFF
(1785791652.906085) can0 18F015F1#0000454648D2473C
(1785791652.906622) can0 18F005F8#7DFFFF7DFFFFFFFF
(1785791652.948334) can0 18FF09D1#01000A00D5D4E5
(1785791652.977355) can0 1CECFFF1#20120003FF19F000
(1785791652.978145) can0 1CEBFFF1#0127100000000000
(1785791652.979168) can0 1CEBFFF1#0200000000000000
(1785791652.980141) can0 1CEBFFF1#03FEF7F0F4FFFFFF
(1785791653.005203) can0 18FEF1F8#FF0000FFFFFFFFFF
(1785791653.006078) can0 18F015F1#0000454748D3473C
(1785791653.006628) can0 18F005F8#7DFFFF7DFFFFFFFF
(1785791653.048158) can0 18FF09D1#01000A00D5D4E5
(1785791653.077172) can0 1CECFFF1#20120003FF19F000
(1785791653.078119) can0 1CEBFFF1#0127100000000000
(1785791653.079120) can0 1CEBFFF1#0200000000000000
(1785791653.080093) can0 1CEBFFF1#03FEF8F4B4FFFFFF
(1785791653.105243) can0 18FEF1F8#FF0000FFFFFFFFFF
(1785791653.106451) can0 18F005F8#7DFFFF7DFFFFFFFF
(1785791653.107110) can0 18F015F1#0000454748D3473C
(1785791653.116035) can0 18F017F1#F2BB09BA9DE8
(1785791653.116484) can0 18F018F1#EBA602638ED2
(1785791653.148369) can0 18FF09D1#01000A00D5C8E7
(1785791653.148640) can0 18FF14D1#
(1785791653.149086) can0 18FF16D1#01000A0064
(1785791653.177138) can0 1CECFFF1#20120003FF19F000
(1785791653.178114) can0 1CEBFFF1#0127100000000000
(1785791653.179118) can0 1CEBFFF1#0200000000000000
(1785791653.180099) can0 1CEBFFF1#03FEF7F0F4FFFFFF
(1785791653.205214) can0 18FEF1F8#FF0000FFFFFFFFFF
(1785791653.206094) can0 18F015F1#0000454648D2473C
(1785791653.206635) can0 18F005F8#7DFFFF7DFFFFFFFF
(1785791653.248219) can0 18FF09D1#01000A00D5C8E7
(1785791653.277372) can0 1CECFFF1#20120003FF19F000
(1785791653.278111) can0 1CEBFFF1#0127100000000000
(1785791653.279136) can0 1CEBFFF1#0200000000000000
(1785791653.280111) can0 1CEBFFF1#03FEF7F0F4FFFFFF
(1785791653.305362) can0 18FEF1F8#FF0000FFFFFFFFFF
(1785791653.306286) can0 18F015F1#0000454748D3473C
(1785791653.306750) can0 18F005F8#7DFFFF7DFFFFFFFF
(1785791653.348276) can0 18FF09D1#01000A00D5C8E7
(1785791653.377143) can0 1CECFFF1#20120003FF19F000
(1785791653.378108) can0 1CEBFFF1#0127100000000000
(1785791653.379105) can0 1CEBFFF1#0200000000000000
(1785791653.380079) can0 1CEBFFF1#03FEF8F4B4FFFFFF
(1785791653.405461) can0 18FEF1F8#FF0000FFFFFFFFFF
(1785791653.406157) can0 18F015F1#0000454748D3473C
(1785791653.406625) can0 18F005F8#7DFFFF7DFFFFFFFF
(1785791653.448156) can0 18FF09D1#01000A00D5C8E7
(1785791653.477144) can0 1CECFFF1#20120003FF19F000
(1785791653.478115) can0 1CEBFFF1#0127100000000000
(1785791653.479123) can0 1CEBFFF1#0200000000000000
(1785791653.480104) can0 1CEBFFF1#03FEF7F0F4FFFFFF
(1785791653.505248) can0 18FEF1F8#FF0000FFFFFFFFFF
(1785791653.506112) can0 18F015F1#0000454648D2473C
(1785791653.506644) can0 18F005F8#7DFFFF7DFFFFFFFF
(1785791653.548156) can0 18FF09D1#01000A00D5C8E7
(1785791653.578159) can0 1CECFFF1#20120003FF19F000
(1785791653.579112) can0 1CEBFFF1#0127100000000000
(1785791653.580120) can0 1CEBFFF1#0200000000000000
(1785791653.581097) can0 1CEBFFF1#03FEF7F0F4FFFFFF
(1785791653.605314) can0 18FEF1F8#FF0000FFFFFFFFFF
(1785791653.606470) can0 18F005F8#7DFFFF7DFFFFFFFF
(1785791653.607084) can0 18F015F1#0000454648D3473C
(1785791653.648672) can0 18FF09D1#01000A00D59CE6
(1785791653.649319) can0 18FF14D1#
(1785791653.678149) can0 1CECFFF1#20120003FF19F000
(1785791653.679099) can0 1CEBFFF1#0127100000000000
(1785791653.680109) can0 1CEBFFF1#0200000000000000
(1785791653.681092) can0 1CEBFFF1#03FEF7F0F4FFFFFF
(1785791653.705204) can0 18FEF1F8#FF0000FFFFFFFFFF
(1785791653.706401) can0 18F005F8#7DFFFF7DFFFFFFFF
(1785791653.707085) can0 18F015F1#0000454748D3473C
(1785791653.748183) can0 18FF09D1#01000A00D59CE6
(1785791653.778154) can0 1CECFFF1#20120003FF19F000
(1785791653.779114) can0 1CEBFFF1#0127100000000000
(1785791653.780120) can0 1CEBFFF1#0200000000000000
(1785791653.781148) can0 1CEBFFF1#03FEF7F0F4FFFFFF
(1785791653.805254) can0 18FEF1F8#FF0000FFFFFFFFFF
(1785791653.806439) can0 18F005F8#7DFFFF7DFFFFFFFF
(1785791653.807122) can0 18F015F1#0000454648D2473C
(1785791653.848148) can0 18FF09D1#01000A00D59CE6
(1785791653.878151) can0 1CECFFF1#20120003FF19F000
(1785791653.879120) can0 1CEBFFF1#0127100000000000
(1785791653.880127) can0 1CEBFFF1#0200000000000000
(1785791653.881106) can0 1CEBFFF1#03FEF7F0F4FFFFFF
(1785791653.905386) can0 18FEF1F8#FF0000FFFFFFFFFF
(1785791653.906571) can0 18F005F8#7DFFFF7DFFFFFFFF
(1785791653.907151) can0 18F015F1#0000454748D3473C
(1785791653.948234) can0 18FF09D1#01000A00D59CE6
(1785791653.978313) can0 1CECFFF1#20120003FF19F000
(1785791653.979125) can0 1CEBFFF1#0127100000000000
(1785791653.980428) can0 1CEBFFF1#0200000000000000
(1785791653.981131) can0 1CEBFFF1#03FEF8F4B4FFFFFF
(1785791654.005393) can0 18FEF1F8#FF0000FFFFFFFFFF
(1785791654.006571) can0 18F005F8#7DFFFF7DFFFFFFFF
(1785791654.007159) can0 18F015F1#0000454748D3473C
(1785791654.048153) can0 18FF09D1#01000A00D59CE6
(1785791654.078158) can0 1CECFFF1#20120003FF19F000
(1785791654.079113) can0 1CEBFFF1#0127100000000000
(1785791654.080115) can0 1CEBFFF1#0200000000000000
(1785791654.081096) can0 1CEBFFF1#03FEF7F0F4FFFFFF
(1785791654.105230) can0 18FEF1F8#FF0000FFFFFFFFFF
(1785791654.106393) can0 18F005F8#7DFFFF7DFFFFFFFF
(1785791654.108092) can0 18F015F1#0000454648D2473C
(1785791654.117032) can0 18F017F1#F36209F89E19
(1785791654.117491) can0 18F018F1#E82502448D2A
(1785791654.148212) can0 18FF09D1#01000A00D5C8E7
(1785791654.148480) can0 18FF14D1#
(1785791654.179136) can0 1CECFFF1#20120003FF19F000
(1785791654.180112) can0 1CEBFFF1#0127100000000000
(1785791654.181125) can0 1CEBFFF1#0200000000000000
(1785791654.182099) can0 1CEBFFF1#03FEF8F4B4FFFFFF
(1785791654.205190) can0 18FEF1F8#FF0000FFFFFFFFFF
(1785791654.206720) can0 18F005F8#7DFFFF7DFFFFFFFF
(1785791654.208100) can0 18F015F1#0000454748D3473C
(1785791654.248237) can0 18FF09D1#01000A00D5C8E7
(1785791654.279256) can0 1CECFFF1#20120003FF19F000
(1785791654.280146) can0 1CEBFFF1#0127100000000000
(1785791654.281170) can0 1CEBFFF1#0200000000000000
(1785791654.282131) can0 1CEBFFF1#03FEF8F4B4FFFFFF
(1785791654.305702) can0 18FEF1F8#FF0000FFFFFFFFFF
(1785791654.306947) can0 18F005F8#7DFFFF7DFFFFFFFF
(1785791654.307539) can0 18F015F1#0000454648D3473C
(1785791654.348124) can0 18FF09D1#01000A00D5C8E7
(1785791654.379299) can0 1CECFFF1#20120003FF19F000
(1785791654.380131) can0 1CEBFFF1#0127100000000000
(1785791654.381125) can0 1CEBFFF1#0200000000000000
(1785791654.382102) can0 1CEBFFF1#03FEF7F0F4FFFFFF
(1785791654.405712) can0 18FEF1F8#FF0000FFFFFFFFFF
(1785791654.406873) can0 18F005F8#7DFFFF7DFFFFFFFF
(1785791654.408091) can0 18F015F1#0000454648D3473C
(1785791654.448151) can0 18FF09D1#01000A00D5C8E7
(1785791654.479177) can0 1CECFFF1#20120003FF19F000
(1785791654.480125) can0 1CEBFFF1#0127100000000000
(1785791654.481138) can0 1CEBFFF1#0200000000000000
(1785791654.482114) can0 1CEBFFF1#03FEF7F0F4FFFFFF
(1785791654.505293) can0 18FEF1F8#FF0000FFFFFFFFFF
(1785791654.506513) can0 18F005F8#7DFFFF7DFFFFFFFF
(1785791654.508090) can0 18F015F1#0000454748D3473C
(1785791654.548175) can0 18FF09D1#01000A00D5C8E7
(1785791654.579211) can0 1CECFFF1#20120003FF19F000
(1785791654.580129) can0 1CEBFFF1#0127100000000000
(1785791654.581160) can0 1CEBFFF1#0200000000000000
(1785791654.582122) can0 1CEBFFF1#03FEF8F4B4FFFFFF
(1785791654.605316) can0 18FEF1F8#FF0000FFFFFFFFFF
(1785791654.606609) can0 18F005F8#7DFFFF7DFFFFFFFF
(1785791654.608112) can0 18F015F1#0000454748D3473C
(1785791654.648521) can0 18FF09D1#01000A00D5C8E7
(1785791654.649275) can0 18FF14D1#
(1785791654.679140) can0 1CECFFF1#20120003FF19F000
(1785791654.680114) can0 1CEBFFF1#0127100000000000
(1785791654.681117) can0 1CEBFFF1#0200000000000000
(1785791654.682094) can0 1CEBFFF1#03FEF8F4B4FFFFFF
(1785791654.705174) can0 18FEF1F8#FF0000FFFFFFFFFF
(1785791654.706299) can0 18F005F8#7DFFFF7DFFFFFFFF
(1785791654.708089) can0 18F015F1#0000454748D2473C
(1785791654.748133) can0 18FF09D1#01000A00D5C8E7
(1785791654.779140) can0 1CECFFF1#20120003FF19F000
(1785791654.780115) can0 1CEBFFF1#0127100000000000
(1785791654.781126) can0 1CEBFFF1#0200000000000000
(1785791654.782129) can0 1CEBFFF1#03FEF8F4B4FFFFFF
(1785791654.805243) can0 18FEF1F8#FF0000FFFFFFFFFF
(1785791654.806465) can0 18F005F8#7DFFFF7DFFFFFFFF
(1785791654.808119) can0 18F015F1#0000454748D4473C
(1785791654.848124) can0 18FF09D1#01000A00D5C8E7
(1785791654.879158) can0 1CECFFF1#20120003FF19F000
(1785791654.880124) can0 1CEBFFF1#0127100000000000
(1785791654.881132) can0 1CEBFFF1#0200000000000000
(1785791654.882104) can0 1CEBFFF1#03FEF8F4B4FFFFFF
(1785791654.905230) can0 18FEF1F8#FF0000FFFFFFFFFF
(1785791654.906392) can0 18F005F8#7DFFFF7DFFFFFFFF
(1785791654.908101) can0 18F015F1#0000454748D4473C
(1785791654.948204) can0 18FF09D1#01000A00D5C8E7
(1785791654.980193) can0 1CECFFF1#20120003FF19F000
(1785791654.981166) can0 1CEBFFF1#0127100000000000
(1785791654.982172) can0 1CEBFFF1#0200000000000000
(1785791654.983179) can0 1CEBFFF1#03FEF7F0F4FFFFFF
(1785791655.005335) can0 18FEF1F8#FF0000FFFFFFFFFF
(1785791655.006492) can0 18F005F8#7DFFFF7DFFFFFFFF
(1785791655.009089) can0 18F015F1#0000454748D3473C
(1785791655.048103) can0 18FF09D1#01000A00D5C8E7
(1785791655.080176) can0 1CECFFF1#20120003FF19F000
(1785791655.081136) can0 1CEBFFF1#0127100000000000
(1785791655.082133) can0 1CEBFFF1#0200000000000000
(1785791655.083105) can0 1CEBFFF1#03FEF8F4B4FFFFFF
(1785791655.105186) can0 18FEF1F8#FF0000FFFFFFFFFF
(1785791655.106316) can0 18F005F8#7DFFFF7DFFFFFFFF
(1785791655.109088) can0 18F015F1#0000454748D4473C
(1785791655.119023) can0 18F017F1#F36209F89E19
(1785791655.119485) can0 18F018F1#E82502448D2A
(1785791655.148223) can0 18FF09D1#01000A00D5C8E7
(1785791655.148525) can0 18FF14D1#
(1785791655.180141) can0 1CECFFF1#20120003FF19F000
(1785791655.181127) can0 1CEBFFF1#0127100000000000
(1785791655.182151) can0 1CEBFFF1#0200000000000000
(1785791655.183133) can0 1CEBFFF1#03FEF8F4B4FFFFFF
(1785791655.205206) can0 18FEF1F8#FF0000FFFFFFFFFF
(1785791655.206409) can0 18F005F8#7DFFFF7DFFFFFFFF
(1785791655.209102) can0 18F015F1#0000454648D4473C
(1785791655.248584) can0 18FF09D1#01000A00D5C8E7
(1785791655.280308) can0 1CECFFF1#20120003FF19F000
(1785791655.281162) can0 1CEBFFF1#0127100000000000
(1785791655.282165) can0 1CEBFFF1#0200000000000000
(1785791655.283144) can0 1CEBFFF1#03FEF7F0F4FFFFFF
(1785791655.305497) can0 18FEF1F8#FF0000FFFFFFFFFF
(1785791655.306884) can0 18F005F8#7DFFFF7DFFFFFFFF
(1785791655.309107) can0 18F015F1#0000454648D3473C
(1785791655.348131) can0 18FF09D1#01000A00D5C8E7
(1785791655.380149) can0 1CECFFF1#20120003FF19F000
(1785791655.381116) can0 1CEBFFF1#0127100000000000
(1785791655.382125) can0 1CEBFFF1#0200000000000000
(1785791655.383123) can0 1CEBFFF1#03FEF7F0F4FFFFFF
(1785791655.406078) can0 18FEF1F8#FF0000FFFFFFFFFF
(1785791655.407936) can0 18F005F8#7DFFFF7DFFFFFFFF
(1785791655.409118) can0 18F015F1#0000454648D4473C
(1785791655.448098) can0 18FF09D1#01000A00D5C8E7
(1785791655.480159) can0 1CECFFF1#20120003FF19F000
(1785791655.481128) can0 1CEBFFF1#0127100000000000
(1785791655.482142) can0 1CEBFFF1#0200000000000000
(1785791655.483123) can0 1CEBFFF1#03FEF7F0F4FFFFFF
(1785791655.505337) can0 18FEF1F8#FF0000FFFFFFFFFF
(1785791655.506619) can0 18F005F8#7DFFFF7DFFFFFFFF
(1785791655.509131) can0 18F015F1#0000454648D4473D
(1785791655.548105) can0 18FF09D1#01000A00D5C8E7
(1785791655.580650) can0 1CECFFF1#20120003FF19F000
(1785791655.581122) can0 1CEBFFF1#0127100000000000
(1785791655.582138) can0 1CEBFFF1#0200000000000000
(1785791655.583113) can0 1CEBFFF1#03FEF7F0F4FFFFFF
(1785791655.605416) can0 18FEF1F8#FF0000FFFFFFFFFF
(1785791655.606644) can0 18F005F8#7DFFFF7DFFFFFFFF
(1785791655.610112) can0 18F015F1#0000454648D3473C
(1785791655.648257) can0 18FF09D1#01000A00D5C8E7
(1785791655.648766) can0 18FF14D1#
(1785791655.680169) can0 1CECFFF1#20120003FF19F000
(1785791655.681115) can0 1CEBFFF1#0127100000000000
(1785791655.682125) can0 1CEBFFF1#0200000000000000
(1785791655.683144) can0 1CEBFFF1#03FEF7F0F4FFFFFF
(1785791655.705212) can0 18FEF1F8#FF0000FFFFFFFFFF
(1785791655.706330) can0 18F005F8#7DFFFF7DFFFFFFFF
(1785791655.709117) can0 18F015F1#0000454648D4473C
(1785791655.748144) can0 18FF09D1#01000A00D5C8E7
(1785791655.781180) can0 1CECFFF1#20120003FF19F000
(1785791655.782130) can0 1CEBFFF1#0127100000000000
(1785791655.783149) can0 1CEBFFF1#0200000000000000
(1785791655.784161) can0 1CEBFFF1#03FEF7F0F4FFFFFF
(1785791655.805534) can0 18FEF1F8#FF0000FFFFFFFFFF
(1785791655.806845) can0 18F005F8#7DFFFF7DFFFFFFFF
(1785791655.810130) can0 18F015F1#0000454648D4473C
(1785791655.848072) can0 18FF09D1#01000A00D5C8E7
(1785791655.881148) can0 1CECFFF1#20120003FF19F000
(1785791655.882117) can0 1CEBFFF1#0127100000000000
(1785791655.883128) can0 1CEBFFF1#0200000000000000
(1785791655.884108) can0 1CEBFFF1#03FEF7F0F4FFFFFF
(1785791655.905290) can0 18FEF1F8#FF0000FFFFFFFFFF
(1785791655.906471) can0 18F005F8#7DFFFF7DFFFFFFFF
(1785791655.910108) can0 18F015F1#0000454648D3473C
(1785791655.948199) can0 18FF09D1#01000A00D5C8E7
(1785791655.981378) can0 1CECFFF1#20120003FF19F000
(1785791655.982248) can0 1CEBFFF1#0127100000000000
(1785791655.983168) can0 1CEBFFF1#0200000000000000
(1785791655.984156) can0 1CEBFFF1#03FEF7F0F4FFFFFF
(1785791656.005805) can0 18FEF1F8#FF0000FFFFFFFFFF
(1785791656.007221) can0 18F005F8#7DFFFF7DFFFFFFFF
(1785791656.010132) can0 18F015F1#0000454648D4473C
(1785791656.048104) can0 18FF09D1#01000A00D5C8E7
(1785791656.081366) can0 1CECFFF1#20120003FF19F000
(1785791656.082191) can0 1CEBFFF1#0127100000000000
(1785791656.083293) can0 1CEBFFF1#0200000000000000
(1785791656.084132) can0 1CEBFFF1#03FEF7F0F4FFFFFF
(1785791656.105224) can0 18FEF1F8#FF0000FFFFFFFFFF
(1785791656.106381) can0 18F005F8#7DFFFF7DFFFFFFFF
(1785791656.111110) can0 18F015F1#0000454648D4473C
(1785791656.120039) can0 18F017F1#F3EF0A499EAD
(1785791656.120497) can0 18F018F1#E91D021B8DF5
(1785791656.148147) can0 18FF09D1#01000A00D570E5
(1785791656.148412) can0 18FF14D1#
(1785791656.181156) can0 1CECFFF1#20120003FF19F000
(1785791656.182137) can0 1CEBFFF1#0127100000000000
(1785791656.183147) can0 1CEBFFF1#0200000000000000
(1785791656.184122) can0 1CEBFFF1#03FEF7F0F4FFFFFF
(1785791656.205194) can0 18FEF1F8#FF0000FFFFFFFFFF
(1785791656.206346) can0 18F005F8#7DFFFF7DFFFFFFFF
(1785791656.210108) can0 18F015F1#0000454648D3473C
(1785791656.248036) can0 18FF09D1#01000A00D570E5
(1785791656.281283) can0 1CECFFF1#20120003FF19F000
(1785791656.282154) can0 1CEBFFF1#0127100000000000
(1785791656.283162) can0 1CEBFFF1#0200000000000000
(1785791656.284140) can0 1CEBFFF1#03FEF7F0F4FFFFFF
(1785791656.305617) can0 18FEF1F8#FF0000FFFFFFFFFF
(1785791656.306851) can0 18F005F8#7DFFFF7DFFFFFFFF
(1785791656.310191) can0 18F015F1#0000454648D4473C
(1785791656.348204) can0 18FF09D1#01000A00D570E5
(1785791656.381166) can0 1CECFFF1#20120003FF19F000
(1785791656.382132) can0 1CEBFFF1#0127100000000000
(1785791656.383140) can0 1CEBFFF1#0200000000000000
(1785791656.384119) can0 1CEBFFF1#03FEF7F0F4FFFFFF
(1785791656.405679) can0 18FEF1F8#FF0000FFFFFFFFFF
(1785791656.406843) can0 18F005F8#7DFFFF7DFFFFFFFF
(1785791656.410137) can0 18F015F1#0000454648D4473C
(1785791656.448133) can0 18FF09D1#01000A00D570E5
(1785791656.481174) can0 1CECFFF1#20120003FF19F000
(1785791656.482140) can0 1CEBFFF1#0127100000000000
(1785791656.483155) can0 1CEBFFF1#0200000000000000
(1785791656.484130) can0 1CEBFFF1#03FEF7F0F4FFFFFF
(1785791656.505226) can0 18FEF1F8#FF0000FFFFFFFFFF
(1785791656.506437) can0 18F005F8#7DFFFF7DFFFFFFFF
(1785791656.511108) can0 18F015F1#0000454648D4473C
(1785791656.548062) can0 18FF09D1#01000A00D570E5
(1785791656.582262) can0 1CECFFF1#20120003FF19F000
(1785791656.583148) can0 1CEBFFF1#0127100000000000
(1785791656.584161) can0 1CEBFFF1#0200000000000000
(1785791656.585133) can0 1CEBFFF1#03FEF7F0F4FFFFFF
(1785791656.605354) can0 18FEF1F8#FF0000FFFFFFFFFF
(1785791656.606607) can0 18F005F8#7DFFFF7DFFFFFFFF
(1785791656.611182) can0 18F015F1#0000454648D4473C
(1785791656.648249) can0 18FF09D1#01000A00D564E7
(1785791656.648548) can0 18FF14D1#
(1785791656.682183) can0 1CECFFF1#20120003FF19F000
(1785791656.683127) can0 1CEBFFF1#0127100000000000
(1785791656.684133) can0 1CEBFFF1#0200000000000000
(1785791656.685118) can0 1CEBFFF1#03FEF7F0F4FFFFFF
(1785791656.705289) can0 18FEF1F8#FF0000FFFFFFFFFF
(1785791656.706635) can0 18F005F8#7DFFFF7DFFFFFFFF
(1785791656.711119) can0 18F015F1#0000454648D4473C
(1785791656.748123) can0 18FF09D1#01000A00D564E7
(1785791656.782209) can0 1CECFFF1#20120003FF19F000
(1785791656.783151) can0 1CEBFFF1#0127100000000000
(1785791656.784157) can0 1CEBFFF1#0200000000000000
(1785791656.785185) can0 1CEBFFF1#03FEF63035FFFFFF
(1785791656.805266) can0 18FEF1F8#FF0000FFFFFFFFFF
(1785791656.806460) can0 18F005F8#7DFFFF7DFFFFFFFF
(1785791656.811139) can0 18F015F1#0000454648D4473C
(1785791656.848097) can0 18FF09D1#01000A00D564E7
(1785791656.882197) can0 1CECFFF1#20120003FF19F000
(1785791656.883131) can0 1CEBFFF1#0127100000000000
(1785791656.884141) can0 1CEBFFF1#0200000000000000
(1785791656.885120) can0 1CEBFFF1#03FEF7F0F4FFFFFF
(1785791656.905273) can0 18FEF1F8#FF0000FFFFFFFFFF
(1785791656.906467) can0 18F005F8#7DFFFF7DFFFFFFFF
(1785791656.911116) can0 18F015F1#0000454648D4473C
(1785791656.948161) can0 18FF09D1#01000A00D564E7
(1785791656.982239) can0 1CECFFF1#20120003FF19F000
(1785791656.983145) can0 1CEBFFF1#0127100000000000
(1785791656.984175) can0 1CEBFFF1#0200000000000000
(1785791656.985147) can0 1CEBFFF1#03FEF7F0F4FFFFFF
(1785791657.005856) can0 18FEF1F8#FF0000FFFFFFFFFF
(1785791657.007724) can0 18F005F8#7DFFFF7DFFFFFFFF
(1785791657.011175) can0 18F015F1#0000454648D5473D
(1785791657.048030) can0 18FF09D1#01000A00D564E7
(1785791657.082199) can0 1CECFFF1#20120003FF19F000
(1785791657.083128) can0 1CEBFFF1#0127100000000000
(1785791657.084156) can0 1CEBFFF1#0200000000000000
(1785791657.085133) can0 1CEBFFF1#03FEF7F0F4FFFFFF
(1785791657.105214) can0 18FEF1F8#FF0000FFFFFFFFFF
(1785791657.106364) can0 18F005F8#7DFFFF7DFFFFFFFF
(1785791657.112109) can0 18F015F1#0000454648D4473C
(1785791657.121061) can0 18F017F1#F3EF0A499EAD
(1785791657.121656) can0 18F018F1#E91D021B8DF5
(1785791657.148213) can0 18FF09D1#01000A00D564E7
(1785791657.148477) can0 18FF14D1#
(1785791657.148944) can0 18FF16D1#01000A0064
(1785791657.183180) can0 1CECFFF1#20120003FF19F000
(1785791657.184139) can0 1CEBFFF1#0127100000000000
(1785791657.185146) can0 1CEBFFF1#0200000000000000
(1785791657.186156) can0 1CEBFFF1#03FEF7F0F4FFFFFF
(1785791657.205207) can0 18FEF1F8#FF0000FFFFFFFFFF
(1785791657.206399) can0 18F005F8#7DFFFF7DFFFFFFFF
(1785791657.211123) can0 18F015F1#0000454648D4473C
(1785791657.248028) can0 18FF09D1#01000A00D564E7
(1785791657.283252) can0 1CECFFF1#20120003FF19F000
(1785791657.284158) can0 1CEBFFF1#0127100000000000
(1785791657.285159) can0 1CEBFFF1#0200000000000000
(1785791657.286145) can0 1CEBFFF1#03FEF7F0F4FFFFFF
(1785791657.305439) can0 18FEF1F8#FF0000FFFFFFFFFF
(1785791657.306708) can0 18F005F8#7DFFFF7DFFFFFFFF
(1785791657.312192) can0 18F015F1#0000454548D4473C
(1785791657.348256) can0 18FF09D1#01000A00D564E7
(1785791657.383170) can0 1CECFFF1#20120003FF19F000
(1785791657.384137) can0 1CEBFFF1#0127100000000000
(1785791657.385140) can0 1CEBFFF1#0200000000000000
(1785791657.386133) can0 1CEBFFF1#03FEF63035FFFFFF
(1785791657.405379) can0 18FEF1F8#FF0000FFFFFFFFFF
(1785791657.406498) can0 18F005F8#7DFFFF7DFFFFFFFF
(1785791657.412301) can0 18F015F1#0000454648D4473C
(1785791657.448023) can0 18FF09D1#01000A00D564E7
(1785791657.483175) can0 1CECFFF1#20120003FF19F000
(1785791657.484141) can0 1CEBFFF1#0127100000000000
(1785791657.485147) can0 1CEBFFF1#0200000000000000
(1785791657.486127) can0 1CEBFFF1#03FEF7F0F4FFFFFF
(1785791657.505347) can0 18FEF1F8#FF0000FFFFFFFFFF
(1785791657.506767) can0 18F005F8#7DFFFF7DFFFFFFFF
(1785791657.512217) can0 18F015F1#0000454648D4473C
(1785791657.548089) can0 18FF09D1#01000A00D564E7
(1785791657.583227) can0 1CECFFF1#20120003FF19F000
(1785791657.584133) can0 1CEBFFF1#0127100000000000
(1785791657.585143) can0 1CEBFFF1#0200000000000000
(1785791657.586129) can0 1CEBFFF1#03FEF7F0F4FFFFFF
(1785791657.605195) can0 18FEF1F8#FF0000FFFFFFFFFF
(1785791657.606344) can0 18F005F8#7DFFFF7DFFFFFFFF
(1785791657.613145) can0 18F015F1#0000454548D5473C
(1785791657.648219) can0 18FF09D1#01000A00D564E7
(1785791657.648836) can0 18FF14D1#
(1785791657.683377) can0 1CECFFF1#20120003FF19F000
(1785791657.684190) can0 1CEBFFF1#0127100000000000
(1785791657.685161) can0 1CEBFFF1#0200000000000000
(1785791657.686247) can0 1CEBFFF1#03FEF63035FFFFFF
(1785791657.705423) can0 18FEF1F8#FF0000FFFFFFFFFF
(1785791657.706633) can0 18F005F8#7DFFFF7DFFFFFFFF
(1785791657.712111) can0 18F015F1#0000454648D4473C
(1785791657.749096) can0 18FF09D1#01000A00D564E7
(1785791657.783809) can0 1CECFFF1#20120003FF19F000
(1785791657.784109) can0 1CEBFFF1#0127100000000000
(1785791657.785142) can0 1CEBFFF1#0200000000000000
(1785791657.786169) can0 1CEBFFF1#03FEF7F0F4FFFFFF
(1785791657.805209) can0 18FEF1F8#FF0000FFFFFFFFFF
(1785791657.806525) can0 18F005F8#7DFFFF7DFFFFFFFF
(1785791657.812159) can0 18F015F1#0000454648D4473C
(1785791657.848021) can0 18FF09D1#01000A00D564E7
(1785791657.884171) can0 1CECFFF1#20120003FF19F000
(1785791657.885138) can0 1CEBFFF1#0127100000000000
(1785791657.886151) can0 1CEBFFF1#0200000000000000
(1785791657.887121) can0 1CEBFFF1#03FEF63035FFFFFF
(1785791657.905250) can0 18FEF1F8#FF0000FFFFFFFFFF
(1785791657.906390) can0 18F005F8#7DFFFF7DFFFFFFFF
(1785791657.913111) can0 18F015F1#0000454548D5473C
(1785791657.948070) can0 18FF09D1#01000A00D564E7
(1785791657.983308) can0 1CECFFF1#20120003FF19F000
(1785791657.984168) can0 1CEBFFF1#0127100000000000
(1785791657.985200) can0 1CEBFFF1#0200000000000000
(1785791657.986170) can0 1CEBFFF1#03FEF63035FFFFFF
(1785791658.006018) can0 18FEF1F8#FF0000FFFFFFFFFF
(1785791658.007217) can0 18F005F8#7DFFFF7DFFFFFFFF
(1785791658.013291) can0 18F015F1#0000454548D4473C
(1785791658.048021) can0 18FF09D1#01000A00D564E7
(1785791658.084201) can0 1CECFFF1#20120003FF19F000
(1785791658.085133) can0 1CEBFFF1#0127100000000000
(1785791658.086152) can0 1CEBFFF1#0200000000000000
(1785791658.087128) can0 1CEBFFF1#03FEF7F0F4FFFFFF
(1785791658.105230) can0 18FEF1F8#FF0000FFFFFFFFFF
(1785791658.106381) can0 18F005F8#7DFFFF7DFFFFFFFF
(1785791658.113121) can0 18F015F1#0000454648D4473C
(1785791658.123042) can0 18F017F1#F3550A759EB2
(1785791658.123502) can0 18F018F1#EB6002468E55
(1785791658.148062) can0 18FF09D1#01000A00D59CE6
(1785791658.148356) can0 18FF14D1#
(1785791658.184171) can0 1CECFFF1#20120003FF19F000
(1785791658.185150) can0 1CEBFFF1#0127100000000000
(1785791658.186168) can0 1CEBFFF1#0200000000000000
(1785791658.187142) can0 1CEBFFF1#03FEF63035FFFFFF
(1785791658.205195) can0 18FEF1F8#FF0000FFFFFFFFFF
(1785791658.206397) can0 18F005F8#7DFFFF7DFFFFFFFF
(1785791658.213128) can0 18F015F1#0000454548D5473C
(1785791658.247985) can0 18FF09D1#01000A00D59CE6
(1785791658.284306) can0 1CECFFF1#20120003FF19F000
(1785791658.285159) can0 1CEBFFF1#0127100000000000
(1785791658.286172) can0 1CEBFFF1#0200000000000000
(1785791658.287163) can0 1CEBFFF1#03FEF63035FFFFFF
(1785791658.306407) can0 18FEF1F8#FF0000FFFFFFFFFF
(1785791658.307651) can0 18F005F8#7DFFFF7DFFFFFFFF
(1785791658.313283) can0 18F015F1#0000454548D4473C
(1785791658.348091) can0 18FF09D1#01000A00D59CE6
(1785791658.384169) can0 1CECFFF1#20120003FF19F000
(1785791658.385137) can0 1CEBFFF1#0127100000000000
(1785791658.386162) can0 1CEBFFF1#0200000000000000
(1785791658.387124) can0 1CEBFFF1#03FEF63035FFFFFF
(1785791658.405258) can0 18FEF1F8#FF0000FFFFFFFFFF
(1785791658.406384) can0 18F005F8#7DFFFF7DFFFFFFFF
(1785791658.413169) can0 18F015F1#0000454548D4473B
(1785791658.448018) can0 18FF09D1#01000A00D59CE6
(1785791658.484170) can0 1CECFFF1#20120003FF19F000
(1785791658.485145) can0 1CEBFFF1#0127100000000000
(1785791658.486158) can0 1CEBFFF1#0200000000000000
(1785791658.487135) can0 1CEBFFF1#03FEF63035FFFFFF
(1785791658.505238) can0 18FEF1F8#FF0000FFFFFFFFFF
(1785791658.506390) can0 18F005F8#7DFFFF7DFFFFFFFF
(1785791658.513113) can0 18F015F1#0000454548D5473C
(1785791658.547988) can0 18FF09D1#01000A00D59CE6
(1785791658.584169) can0 1CECFFF1#20120003FF19F000
(1785791658.585143) can0 1CEBFFF1#0127100000000000
(1785791658.586416) can0 1CEBFFF1#0200000000000000
(1785791658.587132) can0 1CEBFFF1#03FEF63035FFFFFF
(1785791658.605434) can0 18FEF1F8#FF0000FFFFFFFFFF
(1785791658.606640) can0 18F005F8#7DFFFF7DFFFFFFFF
(1785791658.614186) can0 18F015F1#0000454548D4473C
(1785791658.648187) can0 18FF09D1#01000A00D59CE6
(1785791658.648797) can0 18FF14D1#
(1785791658.685175) can0 1CECFFF1#20120003FF19F000
(1785791658.686158) can0 1CEBFFF1#0127100000000000
(1785791658.687149) can0 1CEBFFF1#0200000000000000
(1785791658.688128) can0 1CEBFFF1#03FEF63035FFFFFF
(1785791658.705169) can0 18FEF1F8#FF0000FFFFFFFFFF
(1785791658.706323) can0 18F005F8#7DFFFF7DFFFFFFFF
(1785791658.714142) can0 18F015F1#0000454548D4473C
(1785791658.748180) can0 18FF09D1#01000A00D59CE6
(1785791658.785200) can0 1CECFFF1#20120003FF19F000
(1785791658.786159) can0 1CEBFFF1#0127100000000000
(1785791658.787152) can0 1CEBFFF1#0200000000000000
(1785791658.788164) can0 1CEBFFF1#03FEF63035FFFFFF
(1785791658.805211) can0 18FEF1F8#FF0000FFFFFFFFFF
(1785791658.806400) can0 18F005F8#7DFFFF7DFFFFFFFF
(1785791658.814158) can0 18F015F1#0000454548D5473C
(1785791658.848010) can0 18FF09D1#01000A00D59CE6
(1785791658.885199) can0 1CECFFF1#20120003FF19F000
(1785791658.886151) can0 1CEBFFF1#0127100000000000
(1785791658.887154) can0 1CEBFFF1#0200000000000000
(1785791658.888132) can0 1CEBFFF1#03FEF63035FFFFFF
(1785791658.905499) can0 18FEF1F8#FF0000FFFFFFFFFF
(1785791658.906660) can0 18F005F8#7DFFFF7DFFFFFFFF
(1785791658.914140) can0 18F015F1#0000454548D5473C
(1785791658.948083) can0 18FF09D1#01000A00D59CE6
(1785791658.985347) can0 1CECFFF1#20120003FF19F000
(1785791658.986178) can0 1CEBFFF1#0127100000000000
(1785791658.987204) can0 1CEBFFF1#0200000000000000
(1785791658.988175) can0 1CEBFFF1#03FEF63035FFFFFF
(1785791659.005862) can0 18FEF1F8#FF0000FFFFFFFFFF
(1785791659.007291) can0 18F005F8#7DFFFF7DFFFFFFFF
(1785791659.014433) can0 18F015F1#0000454548D4473C
(1785791659.047994) can0 18FF09D1#01000A00D59CE6
(1785791659.085380) can0 1CECFFF1#20120003FF19F000
(1785791659.086215) can0 1CEBFFF1#0127100000000000
(1785791659.087260) can0 1CEBFFF1#0200000000000000
(1785791659.088207) can0 1CEBFFF1#03FEF63035FFFFFF
(1785791659.105218) can0 18FEF1F8#FF0000FFFFFFFFFF
(1785791659.106384) can0 18F005F8#7DFFFF7DFFFFFFFF
(1785791659.115144) can0 18F015F1#0000454548D5473D
(1785791659.124067) can0 18F017F1#F3550A759EB2
(1785791659.124511) can0 18F018F1#EB6002468E55
(1785791659.148090) can0 18FF09D1#01000A00D5D4E5
(1785791659.148372) can0 18FF14D1#
(1785791659.185176) can0 1CECFFF1#20120003FF19F000
(1785791659.186160) can0 1CEBFFF1#0127100000000000
(1785791659.187171) can0 1CEBFFF1#0200000000000000
(1785791659.188143) can0 1CEBFFF1#03FEF63035FFFFFF
(1785791659.205194) can0 18FEF1F8#FF0000FFFFFFFFFF
(1785791659.206377) can0 18F005F8#7DFFFF7DFFFFFFFF
(1785791659.214136) can0 18F015F1#0000454548D4473C
(1785791659.247985) can0 18FF09D1#01000A00D5D4E5
(1785791659.285298) can0 1CECFFF1#20120003FF19F000
(1785791659.286178) can0 1CEBFFF1#0127100000000000
(1785791659.287188) can0 1CEBFFF1#0200000000000000
(1785791659.288153) can0 1CEBFFF1#03FEF63035FFFFFF
(1785791659.305498) can0 18FEF1F8#FF0000FFFFFFFFFF
(1785791659.306823) can0 18F005F8#7DFFFF7DFFFFFFFF
(1785791659.314256) can0 18F015F1#0000454548D4473C
(1785791659.348091) can0 18FF09D1#01000A00D5D4E5
(1785791659.385181) can0 1CECFFF1#20120003FF19F000
(1785791659.386166) can0 1CEBFFF1#0127100000000000
(1785791659.387155) can0 1CEBFFF1#0200000000000000
(1785791659.388133) can0 1CEBFFF1#03FEF63035FFFFFF
(1785791659.405252) can0 18FEF1F8#FF0000FFFFFFFFFF
(1785791659.406412) can0 18F005F8#7DFFFF7DFFFFFFFF
(1785791659.416207) can0 18F015F1#0000454548D5473C
(1785791659.447979) can0 18FF09D1#01000A00D5D4E5
(1785791659.486175) can0 1CECFFF1#20120003FF19F000
(1785791659.487155) can0 1CEBFFF1#0127100000000000
(1785791659.488163) can0 1CEBFFF1#0200000000000000
(1785791659.489146) can0 1CEBFFF1#03FEF63035FFFFFF
(1785791659.505258) can0 18FEF1F8#FF0000FFFFFFFFFF
(1785791659.506514) can0 18F005F8#7DFFFF7DFFFFFFFF
(1785791659.515145) can0 18F015F1#0000454548D5473C
(1785791659.547968) can0 18FF09D1#01000A00D5D4E5
(1785791659.586193) can0 1CECFFF1#20120003FF19F000
(1785791659.587155) can0 1CEBFFF1#0127100000000000
(1785791659.588166) can0 1CEBFFF1#0200000000000000
(1785791659.589142) can0 1CEBFFF1#03FEF63035FFFFFF
(1785791659.606933) can0 18FEF1F8#FF0000FFFFFFFFFF
(1785791659.608147) can0 18F005F8#7DFFFF7DFFFFFFFF
(1785791659.615215) can0 18F015F1#0000454548D4473C
(1785791659.648168) can0 18FF09D1#01000A00D5D4E5
(1785791659.648491) can0 18FF14D1#
(1785791659.686293) can0 1CECFFF1#20120003FF19F000
(1785791659.687397) can0 1CEBFFF1#0127100000000000
(1785791659.688165) can0 1CEBFFF1#0200000000000000
(1785791659.689133) can0 1CEBFFF1#03FEF63035FFFFFF
(1785791659.705186) can0 18FEF1F8#FF0000FFFFFFFFFF
(1785791659.706660) can0 18F005F8#7DFFFF7DFFFFFFFF
(1785791659.715115) can0 18F015F1#0000454548D5473D
(1785791659.747985) can0 18FF09D1#01000A00D5D4E5
(1785791659.786229) can0 1CECFFF1#20120003FF19F000
(1785791659.787148) can0 1CEBFFF1#0127100000000000
(1785791659.788164) can0 1CEBFFF1#0200000000000000
(1785791659.789155) can0 1CEBFFF1#03FEF63035FFFFFF
(1785791659.805250) can0 18FEF1F8#FF0000FFFFFFFFFF
(1785791659.806456) can0 18F005F8#7DFFFF7DFFFFFFFF
(1785791659.815160) can0 18F015F1#0000454548D5473C
(1785791659.847972) can0 18FF09D1#01000A00D5D4E5
(1785791659.886205) can0 1CECFFF1#20120003FF19F000
(1785791659.887163) can0 1CEBFFF1#0127100000000000
(1785791659.888178) can0 1CEBFFF1#0200000000000000
(1785791659.889164) can0 1CEBFFF1#03FEF63035FFFFFF
(1785791659.905254) can0 18FEF1F8#FF0000FFFFFFFFFF
(1785791659.906410) can0 18F005F8#7DFFFF7DFFFFFFFF
(1785791659.915142) can0 18F015F1#0000454548D4473C
(1785791659.948064) can0 18FF09D1#01000A00D5D4E5
(1785791659.986580) can0 1CECFFF1#20120003FF19F000
(1785791659.987204) can0 1CEBFFF1#0127100000000000
(1785791659.988246) can0 1CEBFFF1#0200000000000000
(1785791659.989333) can0 1CEBFFF1#03FEF63035FFFFFF
(1785791660.006740) can0 18FEF1F8#FF0000FFFFFFFFFF
(1785791660.008244) can0 18F005F8#7DFFFF7DFFFFFFFF
(1785791660.015433) can0 18F015F1#0000454548D5473D
(1785791660.048042) can0 18FF09D1#01000A00D5D4E5
(1785791660.086236) can0 1CECFFF1#20120003FF19F000
(1785791660.087178) can0 1CEBFFF1#0127100000000000
(1785791660.088171) can0 1CEBFFF1#0200000000000000
(1785791660.089139) can0 1CEBFFF1#03FEF63035FFFFFF
(1785791660.105218) can0 18FEF1F8#FF0000FFFFFFFFFF
(1785791660.106367) can0 18F005F8#7DFFFF7DFFFFFFFF
(1785791660.116312) can0 18F015F1#0000454548D5473C
(1785791660.125075) can0 18F017F1#F2ED0A04983E
(1785791660.125530) can0 18F018F1#EB6F02A9934F
(1785791660.148024) can0 18FF09D1#01000A00D5D4E5
(1785791660.148284) can0 18FF14D1#
(1785791660.186186) can0 1CECFFF1#20120003FF19F000
(1785791660.187167) can0 1CEBFFF1#0127100000000000
(1785791660.188210) can0 1CEBFFF1#0200000000000000
(1785791660.189152) can0 1CEBFFF1#03FEF63035FFFFFF
(1785791660.205195) can0 18FEF1F8#FF0000FFFFFFFFFF
(1785791660.206377) can0 18F005F8#7DFFFF7DFFFFFFFF
(1785791660.216140) can0 18F015F1#0000454548D4473C
(1785791660.247930) can0 18FF09D1#01000A00D5D4E5
(1785791660.287296) can0 1CECFFF1#20120003FF19F000
(1785791660.288166) can0 1CEBFFF1#0127100000000000
(1785791660.289175) can0 1CEBFFF1#0200000000000000
(1785791660.290159) can0 1CEBFFF1#03FEF63035FFFFFF
(1785791660.305514) can0 18FEF1F8#FF0000FFFFFFFFFF
(1785791660.306883) can0 18F005F8#7DFFFF7DFFFFFFFF
(1785791660.316622) can0 18F015F1#0000454548D6473D
(1785791660.348081) can0 18FF09D1#01000A00D5D4E5
(1785791660.387185) can0 1CECFFF1#20120003FF19F000
(1785791660.388150) can0 1CEBFFF1#0127100000000000
(1785791660.389177) can0 1CEBFFF1#0200000000000000
(1785791660.390142) can0 1CEBFFF1#03FEF63035FFFFFF
(1785791660.406776) can0 18FEF1F8#FF0000FFFFFFFFFF
(1785791660.407900) can0 18F005F8#7DFFFF7DFFFFFFFF
(1785791660.416146) can0 18F015F1#0000454548D5473C
(1785791660.447976) can0 18FF09D1#01000A00D5D4E5
(1785791660.487195) can0 1CECFFF1#20120003FF19F000
(1785791660.488174) can0 1CEBFFF1#0127100000000000
(1785791660.489171) can0 1CEBFFF1#0200000000000000
(1785791660.490150) can0 1CEBFFF1#03FEF63035FFFFFF
(1785791660.505199) can0 18FEF1F8#FF0000FFFFFFFFFF
(1785791660.506352) can0 18F005F8#7DFFFF7DFFFFFFFF
(1785791660.516146) can0 18F015F1#0000454548D4473C
(1785791660.547944) can0 18FF09D1#01000A00D5D4E5
(1785791660.587693) can0 1CECFFF1#20120003FF19F000
(1785791660.588166) can0 1CEBFFF1#0127100000000000
(1785791660.589177) can0 1CEBFFF1#0200000000000000
(1785791660.590158) can0 1CEBFFF1#03FEF63035FFFFFF
(1785791660.605425) can0 18FEF1F8#FF0000FFFFFFFFFF
(1785791660.606609) can0 18F005F8#7DFFFF7DFFFFFFFF
(1785791660.617237) can0 18F015F1#0000454548D5473D
(1785791660.648163) can0 18FF09D1#01000A00D5D4E5
(1785791660.648570) can0 18FF14D1#
(1785791660.687204) can0 1CECFFF1#20120003FF19F000
(1785791660.688160) can0 1CEBFFF1#0127100000000000
(1785791660.689165) can0 1CEBFFF1#0200000000000000
(1785791660.690142) can0 1CEBFFF1#03FEF63035FFFFFF
(1785791660.705173) can0 18FEF1F8#FF0000FFFFFFFFFF
(1785791660.706286) can0 18F005F8#7DFFFF7DFFFFFFFF
(1785791660.716159) can0 18F015F1#0000454548D5473C
(1785791660.747942) can0 18FF09D1#01000A00D5D4E5
(1785791660.787224) can0 1CECFFF1#20120003FF19F000
(1785791660.788161) can0 1CEBFFF1#0127100000000000
(1785791660.789170) can0 1CEBFFF1#0200000000000000
(1785791660.790153) can0 1CEBFFF1#03FEF63035FFFFFF
(1785791660.805235) can0 18FEF1F8#FF0000FFFFFFFFFF
(1785791660.806443) can0 18F005F8#7DFFFF7DFFFFFFFF
(1785791660.816179) can0 18F015F1#0000454548D4473C
(1785791660.848092) can0 18FF09D1#01000A00D5D4E5
(1785791660.887218) can0 1CECFFF1#20120003FF19F000
(1785791660.888171) can0 1CEBFFF1#0127100000000000
(1785791660.889182) can0 1CEBFFF1#0200000000000000
(1785791660.890160) can0 1CEBFFF1#03FEF63035FFFFFF
(1785791660.905577) can0 18FEF1F8#FF0000FFFFFFFFFF
(1785791660.906793) can0 18F005F8#7DFFFF7DFFFFFFFF
(1785791660.916153) can0 18F015F1#0000454548D6473D
(1785791660.947998) can0 18FF09D1#01000A00D5D4E5
(1785791660.988656) can0 1CECFFF1#20120003FF19F000
(1785791660.989225) can0 1CEBFFF1#0127100000000000
(1785791660.990320) can0 1CEBFFF1#0200000000000000
(1785791660.991164) can0 1CEBFFF1#03FEF63035FFFFFF
(1785791661.005722) can0 18FEF1F8#FF0000FFFFFFFFFF
(1785791661.007195) can0 18F005F8#7DFFFF7DFFFFFFFF
(1785791661.017263) can0 18F015F1#0000454548D5473C
(1785791661.047932) can0 18FF09D1#01000A00D5D4E5
(1785791661.088567) can0 1CECFFF1#20120003FF19F000
(1785791661.089656) can0 1CEBFFF1#0127100000000000
(1785791661.090179) can0 1CEBFFF1#0200000000000000
(1785791661.091164) can0 1CEBFFF1#03FEF63035FFFFFF
(1785791661.105256) can0 18FEF1F8#FF0000FFFFFFFFFF
(1785791661.106724) can0 18F005F8#7DFFFF7DFFFFFFFF
(1785791661.117167) can0 18F015F1#0000454548D4473C
(1785791661.127130) can0 18F017F1#F2ED0A04983E
(1785791661.127544) can0 18F018F1#EB6F02A9934F
(1785791661.148144) can0 18FF09D1#01000A00D5D4E5
(1785791661.148507) can0 18FF14D1#
(1785791661.148800) can0 18FF16D1#01000A0064
(1785791661.188258) can0 1CECFFF1#20120003FF19F000
(1785791661.189164) can0 1CEBFFF1#0127100000000000
(1785791661.190171) can0 1CEBFFF1#0200000000000000
(1785791661.191152) can0 1CEBFFF1#03FEF63035FFFFFF
(1785791661.205224) can0 18FEF1F8#FF0000FFFFFFFFFF
(1785791661.206393) can0 18F005F8#7DFFFF7DFFFFFFFF
(1785791661.217162) can0 18F015F1#0000454548D6473D
(1785791661.247957) can0 18FF09D1#01000A00D5D4E5
(1785791661.288308) can0 1CECFFF1#20120003FF19F000
(1785791661.289187) can0 1CEBFFF1#0127100000000000
(1785791661.290189) can0 1CEBFFF1#0200000000000000
(1785791661.291172) can0 1CEBFFF1#03FEF63035FFFFFF
(1785791661.305393) can0 18FEF1F8#FF0000FFFFFFFFFF
(1785791661.306639) can0 18F005F8#7DFFFF7DFFFFFFFF
(1785791661.317259) can0 18F015F1#0000454548D5473C
(1785791661.348246) can0 18FF09D1#01000A00D5D4E5
(1785791661.388205) can0 1CECFFF1#20120003FF19F000
(1785791661.389169) can0 1CEBFFF1#0127100000000000
(1785791661.390169) can0 1CEBFFF1#0200000000000000
(1785791661.391151) can0 1CEBFFF1#03FEF63035FFFFFF
(1785791661.405579) can0 18FEF1F8#FF0000FFFFFFFFFF
(1785791661.406738) can0 18F005F8#7DFFFF7DFFFFFFFF
(1785791661.417190) can0 18F015F1#0000454548D4473C
(1785791661.447912) can0 18FF09D1#01000A00D5D4E5
(1785791661.488218) can0 1CECFFF1#20120003FF19F000
(1785791661.489172) can0 1CEBFFF1#0127100000000000
(1785791661.490184) can0 1CEBFFF1#0200000000000000
(1785791661.491181) can0 1CEBFFF1#03FEF63035FFFFFF
(1785791661.505263) can0 18FEF1F8#FF0000FFFFFFFFFF
(1785791661.506443) can0 18F005F8#7DFFFF7DFFFFFFFF
(1785791661.517161) can0 18F015F1#0000454548D6473D
(1785791661.548331) can0 18FF09D1#01000A00D5D4E5
(1785791661.588197) can0 1CECFFF1#20120003FF19F000
(1785791661.589172) can0 1CEBFFF1#0127100000000000
(1785791661.590189) can0 1CEBFFF1#0200000000000000
(1785791661.591170) can0 1CEBFFF1#03FEF63035FFFFFF
(1785791661.605340) can0 18FEF1F8#FF0000FFFFFFFFFF
(1785791661.606659) can0 18F005F8#7DFFFF7DFFFFFFFF
(1785791661.618227) can0 18F015F1#0000454548D4473C
(1785791661.648034) can0 18FF09D1#01000A00D5D4E5
(1785791661.648480) can0 18FF14D1#
(1785791661.688225) can0 1CECFFF1#20120003FF19F000
(1785791661.689167) can0 1CEBFFF1#0127100000000000
(1785791661.690175) can0 1CEBFFF1#0200000000000000
(1785791661.691149) can0 1CEBFFF1#03FEF63035FFFFFF
(1785791661.705182) can0 18FEF1F8#FF0000FFFFFFFFFF
(1785791661.706300) can0 18F005F8#7DFFFF7DFFFFFFFF
(1785791661.718141) can0 18F015F1#0000454548D4473D
(1785791661.748031) can0 18FF09D1#01000A00D5D4E5
(1785791661.789238) can0 1CECFFF1#20120003FF19F000
(1785791661.790168) can0 1CEBFFF1#0127100000000000
(1785791661.791181) can0 1CEBFFF1#0200000000000000
(1785791661.792187) can0 1CEBFFF1#03FEF53175FFFFFF
(1785791661.805228) can0 18FEF1F8#FF0000FFFFFFFFFF
(1785791661.806378) can0 18F005F8#7DFFFF7DFFFFFFFF
(1785791661.818171) can0 18F015F1#0000454448D5473D
(1785791661.848322) can0 18FF09D1#01000A00D5D4E5
(1785791661.889213) can0 1CECFFF1#20120003FF19F000
(1785791661.890195) can0 1CEBFFF1#0127100000000000
(1785791661.891191) can0 1CEBFFF1#0200000000000000
(1785791661.892170) can0 1CEBFFF1#03FEF63035FFFFFF
(1785791661.905330) can0 18FEF1F8#FF0000FFFFFFFFFF
(1785791661.906480) can0 18F005F8#7DFFFF7DFFFFFFFF
(1785791661.918169) can0 18F015F1#0000454548D5473D
(1785791661.948016) can0 18FF09D1#01000A00D5D4E5
(1785791661.989427) can0 1CECFFF1#20120003FF19F000
(1785791661.990272) can0 1CEBFFF1#0127100000000000
(1785791661.991246) can0 1CEBFFF1#0200000000000000
(1785791661.992195) can0 1CEBFFF1#03FEF63035FFFFFF
(1785791662.005393) can0 18FEF1F8#FF0000FFFFFFFFFF
(1785791662.006976) can0 18F005F8#7DFFFF7DFFFFFFFF
(1785791662.018301) can0 18F015F1#0000454548D4473D
(1785791662.047904) can0 18FF09D1#01000A00D5D4E5
(1785791662.089241) can0 1CECFFF1#20120003FF19F000
(1785791662.090165) can0 1CEBFFF1#0127100000000000
(1785791662.091174) can0 1CEBFFF1#0200000000000000
(1785791662.092159) can0 1CEBFFF1#03FEF63035FFFFFF
(1785791662.105237) can0 18FEF1F8#FF0000FFFFFFFFFF
(1785791662.106387) can0 18F005F8#7DFFFF7DFFFFFFFF
(1785791662.119174) can0 18F015F1#0000454448D5473D
(1785791662.128095) can0 18F017F1#F31A09849933
(1785791662.128543) can0 18F018F1#EA7702A89274
(1785791662.147957) can0 18FF09D1#01000A00D5D4E5
(1785791662.148227) can0 18FF14D1#
(1785791662.189201) can0 1CECFFF1#20120003FF19F000
(1785791662.190181) can0 1CEBFFF1#0127100000000000
(1785791662.191189) can0 1CEBFFF1#0200000000000000
(1785791662.192165) can0 1CEBFFF1#03FEF63035FFFFFF
(1785791662.205213) can0 18FEF1F8#FF0000FFFFFFFFFF
(1785791662.206357) can0 18F005F8#7DFFFF7DFFFFFFFF
(1785791662.218157) can0 18F015F1#0000454548D5473D
(1785791662.248266) can0 18FF09D1#01000A00D5D4E5
(1785791662.289323) can0 1CECFFF1#20120003FF19F000
(1785791662.290203) can0 1CEBFFF1#0127100000000000
(1785791662.291199) can0 1CEBFFF1#0200000000000000
(1785791662.292178) can0 1CEBFFF1#03FEF63035FFFFFF
(1785791662.305530) can0 18FEF1F8#FF0000FFFFFFFFFF
(1785791662.306875) can0 18F005F8#7DFFFF7DFFFFFFFF
(1785791662.318310) can0 18F015F1#0000454548D4473D
(1785791662.348185) can0 18FF09D1#01000A00D5D4E5
(1785791662.390230) can0 1CECFFF1#20120003FF19F000
(1785791662.391170) can0 1CEBFFF1#0127100000000000
(1785791662.392175) can0 1CEBFFF1#0200000000000000
(1785791662.393151) can0 1CEBFFF1#03FEF53175FFFFFF
(1785791662.405225) can0 18FEF1F8#FF0000FFFFFFFFFF
(1785791662.406363) can0 18F005F8#7DFFFF7DFFFFFFFF
(1785791662.419204) can0 18F015F1#0000454448D5473D
(1785791662.447894) can0 18FF09D1#01000A00D5D4E5
(1785791662.490209) can0 1CECFFF1#20120003FF19F000
(1785791662.491222) can0 1CEBFFF1#0127100000000000
(1785791662.492187) can0 1CEBFFF1#0200000000000000
(1785791662.493169) can0 1CEBFFF1#03FEF63035FFFFFF
(1785791662.505214) can0 18FEF1F8#FF0000FFFFFFFFFF
(1785791662.506452) can0 18F005F8#7DFFFF7DFFFFFFFF
(1785791662.519163) can0 18F015F1#0000454548D4473D
(1785791662.548278) can0 18FF09D1#01000A00D5D4E5
(1785791662.590193) can0 1CECFFF1#20120003FF19F000
(1785791662.591174) can0 1CEBFFF1#0127100000000000
(1785791662.592193) can0 1CEBFFF1#0200000000000000
(1785791662.593186) can0 1CEBFFF1#03FEF63035FFFFFF
(1785791662.605430) can0 18FEF1F8#FF0000FFFFFFFFFF
(1785791662.606743) can0 18F005F8#7DFFFF7DFFFFFFFF
(1785791662.619258) can0 18F015F1#0000454548D4473D
(1785791662.648039) can0 18FF09D1#01000A00D570E5
(1785791662.648451) can0 18FF14D1#
(1785791662.690212) can0 1CECFFF1#20120003FF19F000
(1785791662.691169) can0 1CEBFFF1#0127100000000000
(1785791662.692182) can0 1CEBFFF1#0200000000000000
(1785791662.693155) can0 1CEBFFF1#03FEF53175FFFFFF
(1785791662.705169) can0 18FEF1F8#FF0000FFFFFFFFFF
(1785791662.706283) can0 18F005F8#7DFFFF7DFFFFFFFF
(1785791662.719156) can0 18F015F1#0000454448D5473D
(1785791662.747844) can0 18FF09D1#01000A00D570E5
(1785791662.790244) can0 1CECFFF1#20120003FF19F000
(1785791662.791173) can0 1CEBFFF1#0127100000000000
(1785791662.792190) can0 1CEBFFF1#0200000000000000
(1785791662.793205) can0 1CEBFFF1#03FEF53175FFFFFF
(1785791662.805222) can0 18FEF1F8#FF0000FFFFFFFFFF
(1785791662.806424) can0 18F005F8#7DFFFF7DFFFFFFFF
(1785791662.819242) can0 18F015F1#0000454448D5473D
(1785791662.848182) can0 18FF09D1#01000A00D570E5
(1785791662.890263) can0 1CECFFF1#20120003FF19F000
(1785791662.891189) can0 1CEBFFF1#0127100000000000
(1785791662.892204) can0 1CEBFFF1#0200000000000000
(1785791662.893186) can0 1CEBFFF1#03FEF53175FFFFFF
(1785791662.905306) can0 18FEF1F8#FF0000FFFFFFFFFF
(1785791662.906467) can0 18F005F8#7DFFFF7DFFFFFFFF
(1785791662.919177) can0 18F015F1#0000454448D4473D
(1785791662.948310) can0 18FF09D1#01000A00D570E5
(1785791662.990289) can0 1CECFFF1#20120003FF19F000
(1785791662.991235) can0 1CEBFFF1#0127100000000000
(1785791662.992244) can0 1CEBFFF1#0200000000000000
(1785791662.993198) can0 1CEBFFF1#03FEF53175FFFFFF
(1785791663.005366) can0 18FEF1F8#FF0000FFFFFFFFFF
(1785791663.006727) can0 18F005F8#7DFFFF7DFFFFFFFF
(1785791663.019299) can0 18F015F1#0000454448D5473D
(1785791663.048112) can0 18FF09D1#01000A00D570E5
(1785791663.090239) can0 1CECFFF1#20120003FF19F000
(1785791663.091173) can0 1CEBFFF1#0127100000000000
(1785791663.092181) can0 1CEBFFF1#0200000000000000
(1785791663.093155) can0 1CEBFFF1#03FEF53175FFFFFF
(1785791663.105259) can0 18FEF1F8#FF0000FFFFFFFFFF
(1785791663.106395) can0 18F005F8#7DFFFF7DFFFFFFFF
(1785791663.120178) can0 18F015F1#0000454448D5473D
(1785791663.130113) can0 18F017F1#F31A09849933
(1785791663.130551) can0 18F018F1#EA7702A89274
(1785791663.148030) can0 18FF09D1#01000A00D53EE5
(1785791663.148354) can0 18FF14D1#
(1785791663.148737) can0 18FF16D1#01000A0064
(1785791663.191216) can0 1CECFFF1#20120003FF19F000
(1785791663.192175) can0 1CEBFFF1#0127100000000000
(1785791663.193187) can0 1CEBFFF1#0200000000000000
(1785791663.194167) can0 1CEBFFF1#03FEF53175FFFFFF
(1785791663.205201) can0 18FEF1F8#FF0000FFFFFFFFFF
(1785791663.206354) can0 18F005F8#7DFFFF7DFFFFFFFF
(1785791663.220168) can0 18F015F1#0000454448D4473D
(1785791663.247862) can0 18FF09D1#01000A00D53EE5
(1785791663.291344) can0 1CECFFF1#20120003FF19F000
(1785791663.292238) can0 1CEBFFF1#0127100000000000
(1785791663.293225) can0 1CEBFFF1#0200000000000000
(1785791663.294191) can0 1CEBFFF1#03FEF53175FFFFFF
(1785791663.305321) can0 18FEF1F8#FF0000FFFFFFFFFF
(1785791663.306488) can0 18F005F8#7DFFFF7DFFFFFFFF
(1785791663.320394) can0 18F015F1#0000454448D5473E
(1785791663.348011) can0 18FF09D1#01000A00D53EE5
(1785791663.391231) can0 1CECFFF1#20120003FF19F000
(1785791663.392176) can0 1CEBFFF1#0127100000000000
(1785791663.393185) can0 1CEBFFF1#0200000000000000
(1785791663.394162) can0 1CEBFFF1#03FEF53175FFFFFF
(1785791663.405230) can0 18FEF1F8#FF0000FFFFFFFFFF
(1785791663.406394) can0 18F005F8#7DFFFF7DFFFFFFFF
(1785791663.420173) can0 18F015F1#0000454448D5473D
(1785791663.447895) can0 18FF09D1#01000A00D53EE5
(1785791663.491289) can0 1CECFFF1#20120003FF19F000
(1785791663.492219) can0 1CEBFFF1#0127100000000000
(1785791663.493272) can0 1CEBFFF1#0200000000000000
(1785791663.494189) can0 1CEBFFF1#03FEF53175FFFFFF
(1785791663.505251) can0 18FEF1F8#FF0000FFFFFFFFFF
(1785791663.506504) can0 18F005F8#7DFFFF7DFFFFFFFF
(1785791663.520206) can0 18F015F1#0000454448D4473D
(1785791663.547862) can0 18FF09D1#01000A00D53EE5
(1785791663.591223) can0 1CECFFF1#20120003FF19F000
(1785791663.592179) can0 1CEBFFF1#0127100000000000
(1785791663.593199) can0 1CEBFFF1#0200000000000000
(1785791663.594165) can0 1CEBFFF1#03FEF53175FFFFFF
(1785791663.605177) can0 18FEF1F8#FF0000FFFFFFFFFF
(1785791663.606389) can0 18F005F8#7DFFFF7DFFFFFFFF
(1785791663.621674) can0 18F015F1#0000454448D5473E
(1785791663.647981) can0 18FF09D1#01000A00D570E5
(1785791663.648461) can0 18FF14D1#
(1785791663.691395) can0 1CECFFF1#20120003FF19F000
(1785791663.692230) can0 1CEBFFF1#0127100000000000
(1785791663.693222) can0 1CEBFFF1#0200000000000000
(1785791663.694210) can0 1CEBFFF1#03FEF53175FFFFFF
(1785791663.705345) can0 18FEF1F8#FF0000FFFFFFFFFF
(1785791663.706497) can0 18F005F8#7DFFFF7DFFFFFFFF
(1785791663.720165) can0 18F015F1#0000454448D5473D
(1785791663.747843) can0 18FF09D1#01000A00D570E5
(1785791663.791244) can0 1CECFFF1#20120003FF19F000
(1785791663.792182) can0 1CEBFFF1#0127100000000000
(1785791663.793193) can0 1CEBFFF1#0200000000000000
(1785791663.794166) can0 1CEBFFF1#03FEF53175FFFFFF
(1785791663.805229) can0 18FEF1F8#FF0000FFFFFFFFFF
(1785791663.806466) can0 18F005F8#7DFFFF7DFFFFFFFF
(1785791663.820211) can0 18F015F1#0000454448D4473D
(1785791663.848076) can0 18FF09D1#01000A00D570E5
(1785791663.892248) can0 1CECFFF1#20120003FF19F000
(1785791663.893240) can0 1CEBFFF1#0127100000000000
(1785791663.894206) can0 1CEBFFF1#0200000000000000
(1785791663.895185) can0 1CEBFFF1#03FEF53175FFFFFF
(1785791663.905257) can0 18FEF1F8#FF0000FFFFFFFFFF
(1785791663.906461) can0 18F005F8#7DFFFF7DFFFFFFFF
(1785791663.920182) can0 18F015F1#0000454448D5473E
(1785791663.947935) can0 18FF09D1#01000A00D570E5
(1785791663.992343) can0 1CECFFF1#20120003FF19F000
(1785791663.993236) can0 1CEBFFF1#0127100000000000
(1785791663.994254) can0 1CEBFFF1#0200000000000000
(1785791663.995212) can0 1CEBFFF1#03FEF53175FFFFFF
(1785791664.008828) can0 18FEF1F8#FF0000FFFFFFFFFF
(1785791664.010533) can0 18F005F8#7DFFFF7DFFFFFFFF
(1785791664.021393) can0 18F015F1#0000454448D5473E
(1785791664.047852) can0 18FF09D1#01000A00D570E5
(1785791664.092247) can0 1CECFFF1#20120003FF19F000
(1785791664.093179) can0 1CEBFFF1#0127100000000000
(1785791664.094188) can0 1CEBFFF1#0200000000000000
(1785791664.095166) can0 1CEBFFF1#03FEF53175FFFFFF
(1785791664.105280) can0 18FEF1F8#FF0000FFFFFFFFFF
(1785791664.106458) can0 18F005F8#7DFFFF7DFFFFFFFF
(1785791664.121179) can0 18F015F1#0000454448D2473D
(1785791664.131119) can0 18F017F1#F2CA09E499D3
(1785791664.131557) can0 18F018F1#EA6B0291906A
(1785791664.147889) can0 18FF09D1#01000A00D570E5
(1785791664.148195) can0 18FF14D1#
(1785791664.192212) can0 1CECFFF1#20120003FF19F000
(1785791664.193209) can0 1CEBFFF1#0127100000000000
(1785791664.194191) can0 1CEBFFF1#0200000000000000
(1785791664.195169) can0 1CEBFFF1#03FEF53175FFFFFF
(1785791664.205178) can0 18FEF1F8#FF0000FFFFFFFFFF
(1785791664.206305) can0 18F005F8#7DFFFF7DFFFFFFFF
(1785791664.221180) can0 18F015F1#0000454448D0473E
(1785791664.248176) can0 18FF09D1#01000A00D570E5
(1785791664.292388) can0 1CECFFF1#20120003FF19F000
(1785791664.293223) can0 1CEBFFF1#0127100000000000
(1785791664.294231) can0 1CEBFFF1#0200000000000000
(1785791664.295203) can0 1CEBFFF1#03FEF53175FFFFFF
(1785791664.305301) can0 18FEF1F8#FF0000FFFFFFFFFF
(1785791664.306579) can0 18F005F8#7DFFFF7DFFFFFFFF
(1785791664.321451) can0 18F015F1#0000454448CE473E
(1785791664.347965) can0 18FF09D1#01000A00D570E5
(1785791664.392220) can0 1CECFFF1#20120003FF19F000
(1785791664.393194) can0 1CEBFFF1#0127100000000000
(1785791664.394196) can0 1CEBFFF1#0200000000000000
(1785791664.395171) can0 1CEBFFF1#03FEF63035FFFFFF
(1785791664.405548) can0 18FEF1F8#FF0000FFFFFFFFFF
(1785791664.406669) can0 18F005F8#7DFFFF7DFFFFFFFF
(1785791664.421198) can0 18F015F1#0000454548CB473D
(1785791664.447873) can0 18FF09D1#01000A00D570E5
(1785791664.492228) can0 1CECFFF1#20120003FF19F000
(1785791664.493204) can0 1CEBFFF1#0127100000000000
(1785791664.494197) can0 1CEBFFF1#0200000000000000
(1785791664.495174) can0 1CEBFFF1#03FEF63035FFFFFF
(1785791664.505220) can0 18FEF1F8#FF0000FFFFFFFFFF
(1785791664.506353) can0 18F005F8#7DFFFF7DFFFFFFFF
(1785791664.521172) can0 18F015F1#0000454548CC473E
(1785791664.547811) can0 18FF09D1#01000A00D570E5
(1785791664.592242) can0 1CECFFF1#20120003FF19F000
(1785791664.593186) can0 1CEBFFF1#0127100000000000
(1785791664.594195) can0 1CEBFFF1#0200000000000000
(1785791664.595205) can0 1CEBFFF1#03FEF63035FFFFFF
(1785791664.605240) can0 18FEF1F8#FF0000FFFFFFFFFF
(1785791664.606469) can0 18F005F8#7DFFFF7DFFFFFFFF
(1785791664.622305) can0 18F015F1#0000454548CC473E
(1785791664.648084) can0 18FF09D1#01000A00D570E5
(1785791664.648525) can0 18FF14D1#
(1785791664.693357) can0 1CECFFF1#20120003FF19F000
(1785791664.694219) can0 1CEBFFF1#0127100000000000
(1785791664.695192) can0 1CEBFFF1#0200000000000000
(1785791664.696185) can0 1CEBFFF1#03FEF63035FFFFFF
(1785791664.705287) can0 18FEF1F8#FF0000FFFFFFFFFF
(1785791664.706488) can0 18F005F8#7DFFFF7DFFFFFFFF
(1785791664.722168) can0 18F015F1#0000454548CC473D
(1785791664.747799) can0 18FF09D1#01000A00D570E5
(1785791664.793262) can0 1CECFFF1#20120003FF19F000
(1785791664.794189) can0 1CEBFFF1#0127100000000000
(1785791664.795197) can0 1CEBFFF1#0200000000000000
(1785791664.796224) can0 1CEBFFF1#03FEF7F0F4FFFFFF
(1785791664.805227) can0 18FEF1F8#FF0000FFFFFFFFFF
(1785791664.806349) can0 18F005F8#7DFFFF7DFFFFFFFF
(1785791664.822185) can0 18F015F1#0000454648CB473D
(1785791664.847824) can0 18FF09D1#01000A00D570E5
(1785791664.893265) can0 1CECFFF1#20120003FF19F000
(1785791664.894205) can0 1CEBFFF1#0127100000000000
(1785791664.895199) can0 1CEBFFF1#0200000000000000
(1785791664.896191) can0 1CEBFFF1#03FEF7F0F4FFFFFF
(1785791664.905308) can0 18FEF1F8#FF0000FFFFFFFFFF
(1785791664.906437) can0 18F005F8#7DFFFF7DFFFFFFFF
(1785791664.922210) can0 18F015F1#0000454648CC473E
(1785791664.948211) can0 18FF09D1#01000A00D570E5
(1785791664.993363) can0 1CECFFF1#20120003FF19F000
(1785791664.994231) can0 1CEBFFF1#0127100000000000
(1785791664.995234) can0 1CEBFFF1#0200000000000000
(1785791664.996234) can0 1CEBFFF1#03FEF63035FFFFFF
(1785791665.005425) can0 18FEF1F8#FF0000FFFFFFFFFF
(1785791665.007053) can0 18F005F8#7DFFFF7DFFFFFFFF
(1785791665.022270) can0 18F015F1#0000454648CD473C
(1785791665.047800) can0 18FF09D1#01000A00D570E5
(1785791665.093237) can0 1CECFFF1#20120003FF19F000
(1785791665.094421) can0 1CEBFFF1#0127100000000000
(1785791665.095234) can0 1CEBFFF1#0200000000000000
(1785791665.096209) can0 1CEBFFF1#03FEF63035FFFFFF
(1785791665.105246) can0 18FEF1F8#FF0000FFFFFFFFFF
(1785791665.106662) can0 18F005F8#7DFFFF7DFFFFFFFF
(1785791665.123214) can0 18F015F1#0000454648D7473D
(1785791665.132110) can0 18F017F1#F2CA09E499D3
(1785791665.132560) can0 18F018F1#EA6B0291906A
(1785791665.147972) can0 18FF09D1#01000A00D5A8E4
(1785791665.148231) can0 18FF14D1#
(1785791665.148695) can0 18FF16D1#01000A0064
(1785791665.193246) can0 1CECFFF1#20120003FF19F000
(1785791665.194202) can0 1CEBFFF1#0127100000000000
(1785791665.195216) can0 1CEBFFF1#0200000000000000
(1785791665.196192) can0 1CEBFFF1#03FEF63035FFFFFF
(1785791665.205199) can0 18FEF1F8#FF0000FFFFFFFFFF
(1785791665.206354) can0 18F005F8#7DFFFF7DFFFFFFFF
(1785791665.222183) can0 18F015F1#0000454648D8473D
(1785791665.247797) can0 18FF09D1#01000A00D5A8E4
(1785791665.294471) can0 1CECFFF1#20120003FF19F000
(1785791665.295209) can0 1CEBFFF1#0127100000000000
(1785791665.296219) can0 1CEBFFF1#0200000000000000
(1785791665.297204) can0 1CEBFFF1#03FEF7F0F4FFFFFF
(1785791665.305257) can0 18FEF1F8#FF0000FFFFFFFFFF
(1785791665.306410) can0 18F005F8#7DFFFF7DFFFFFFFF
(1785791665.323362) can0 18F015F1#0000454648D4473E
(1785791665.347973) can0 18FF09D1#01000A00D5A8E4
(1785791665.394236) can0 1CECFFF1#20120003FF19F000
(1785791665.395195) can0 1CEBFFF1#0127100000000000
(1785791665.396212) can0 1CEBFFF1#0200000000000000
(1785791665.397181) can0 1CEBFFF1#03FEF7F0F4FFFFFF
(1785791665.405204) can0 18FEF1F8#FF0000FFFFFFFFFF
(1785791665.406325) can0 18F005F8#7DFFFF7DFFFFFFFF
(1785791665.422178) can0 18F015F1#0000454648D3473E
(1785791665.447805) can0 18FF09D1#01000A00D5A8E4
(1785791665.494320) can0 1CECFFF1#20120003FF19F000
(1785791665.495315) can0 1CEBFFF1#0127100000000000
(1785791665.496304) can0 1CEBFFF1#0200000000000000
(1785791665.497292) can0 1CEBFFF1#03FEF7F0F4FFFFFF
(1785791665.505320) can0 18FEF1F8#FF0000FFFFFFFFFF
(1785791665.506507) can0 18F005F8#7DFFFF7DFFFFFFFF
(1785791665.523219) can0 18F015F1#0000454648D5473E
(1785791665.547832) can0 18FF09D1#01000A00D5A8E4
(1785791665.594283) can0 1CECFFF1#20120003FF19F000
(1785791665.595196) can0 1CEBFFF1#0127100000000000
(1785791665.596212) can0 1CEBFFF1#0200000000000000
(1785791665.597183) can0 1CEBFFF1#03FEF7F0F4FFFFFF
(1785791665.605203) can0 18FEF1F8#FF0000FFFFFFFFFF
(1785791665.606366) can0 18F005F8#7DFFFF7DFFFFFFFF
(1785791665.623204) can0 18F015F1#0000454648D4473E
(1785791665.648051) can0 18FF09D1#01000A00D506E6
(1785791665.648629) can0 18FF14D1#
(1785791665.694387) can0 1CECFFF1#20120003FF19F000
(1785791665.695232) can0 1CEBFFF1#0127100000000000
(1785791665.696508) can0 1CEBFFF1#0200000000000000
(1785791665.697269) can0 1CEBFFF1#03FEF7F0F4FFFFFF
(1785791665.705492) can0 18FEF1F8#FF0000FFFFFFFFFF
(1785791665.706763) can0 18F005F8#7DFFFF7DFFFFFFFF
(1785791665.723326) can0 18F015F1#0000454648D3473E
(1785791665.747840) can0 18FF09D1#01000A00D506E6
(1785791665.794262) can0 1CECFFF1#20120003FF19F000
(1785791665.795213) can0 1CEBFFF1#0127100000000000
(1785791665.796244) can0 1CEBFFF1#0200000000000000
(1785791665.797202) can0 1CEBFFF1#03FEF7F0F4FFFFFF
(1785791665.805244) can0 18FEF1F8#FF0000FFFFFFFFFF
(1785791665.806809) can0 18F005F8#7DFFFF7DFFFFFFFF
(1785791665.823218) can0 18F015F1#0000454548D4473E
(1785791665.847782) can0 18FF09D1#01000A00D506E6
(1785791665.894258) can0 1CECFFF1#20120003FF19F000
(1785791665.895199) can0 1CEBFFF1#0127100000000000
(1785791665.896215) can0 1CEBFFF1#0200000000000000
(1785791665.897189) can0 1CEBFFF1#03FEF7F0F4FFFFFF
(1785791665.905217) can0 18FEF1F8#FF0000FFFFFFFFFF
(1785791665.906360) can0 18F005F8#7DFFFF7DFFFFFFFF
(1785791665.923203) can0 18F015F1#0000454648D4473E
(1785791665.948377) can0 18FF09D1#01000A00D506E6
(1785791665.994399) can0 1CECFFF1#20120003FF19F000
(1785791665.995221) can0 1CEBFFF1#0127100000000000
(1785791665.996269) can0 1CEBFFF1#0200000000000000
(1785791665.997247) can0 1CEBFFF1#03FEF7F0F4FFFFFF
(1785791666.005721) can0 18FEF1F8#FF0000FFFFFFFFFF
(1785791666.007210) can0 18F005F8#7DFFFF7DFFFFFFFF
(1785791666.023328) can0 18F015F1#0000454648D4473E
(1785791666.048033) can0 18FF09D1#01000A00D506E6
(1785791666.095249) can0 1CECFFF1#20120003FF19F000
(1785791666.096202) can0 1CEBFFF1#0127100000000000
(1785791666.097210) can0 1CEBFFF1#0200000000000000
(1785791666.098190) can0 1CEBFFF1#03FEF7F0F4FFFFFF
(1785791666.105222) can0 18FEF1F8#FF0000FFFFFFFFFF
(1785791666.106403) can0 18F005F8#7DFFFF7DFFFFFFFF
(1785791666.124238) can0 18F015F1#0000454648D5473E
(1785791666.134143) can0 18F017F1#040C0BB47CF5
(1785791666.134588) can0 18F018F1#E64802268FC6
(1785791666.147841) can0 18FF09D1#01000A00D564E7
(1785791666.148136) can0 18FF14D1#
(1785791666.195234) can0 1CECFFF1#20120003FF19F000
(1785791666.196210) can0 1CEBFFF1#0127100000000000
(1785791666.197215) can0 1CEBFFF1#0200000000000000
(1785791666.198194) can0 1CEBFFF1#03FEF7F0F4FFFFFF
(1785791666.205184) can0 18FEF1F8#FF0000FFFFFFFFFF
(1785791666.206353) can0 18F005F8#7DFFFF7DFFFFFFFF
(1785791666.224195) can0 18F015F1#0000454648D5473E
(1785791666.247747) can0 18FF09D1#01000A00D564E7
(1785791666.295363) can0 1CECFFF1#20120003FF19F000
(1785791666.296240) can0 1CEBFFF1#0127100000000000
(1785791666.297252) can0 1CEBFFF1#0200000000000000
(1785791666.298226) can0 1CEBFFF1#03FEF63035FFFFFF
(1785791666.305392) can0 18FEF1F8#FF0000FFFFFFFFFF
(1785791666.306695) can0 18F005F8#7DFFFF7DFFFFFFFF
(1785791666.324355) can0 18F015F1#0000454648D5473E
(1785791666.347953) can0 18FF09D1#01000A00D564E7
(1785791666.395247) can0 1CECFFF1#20120003FF19F000
(1785791666.396215) can0 1CEBFFF1#0127100000000000
(1785791666.397207) can0 1CEBFFF1#0200000000000000
(1785791666.398186) can0 1CEBFFF1#03FEF7F0F4FFFFFF
(1785791666.405226) can0 18FEF1F8#FF0000FFFFFFFFFF
(1785791666.406362) can0 18F005F8#7DFFFF7DFFFFFFFF
(1785791666.424198) can0 18F015F1#0000454648D5473E
(1785791666.447821) can0 18FF09D1#01000A00D564E7
(1785791666.495255) can0 1CECFFF1#20120003FF19F000
(1785791666.496215) can0 1CEBFFF1#0127100000000000
(1785791666.497235) can0 1CEBFFF1#0200000000000000
(1785791666.498207) can0 1CEBFFF1#03FEF7F0F4FFFFFF
(1785791666.505183) can0 18FEF1F8#FF0000FFFFFFFFFF
(1785791666.506341) can0 18F005F8#7DFFFF7DFFFFFFFF
(1785791666.524211) can0 18F015F1#0000454648D4473F
(1785791666.547764) can0 18FF09D1#01000A00D564E7
(1785791666.595233) can0 1CECFFF1#20120003FF19F000
(1785791666.596211) can0 1CEBFFF1#0127100000000000
(1785791666.597224) can0 1CEBFFF1#0200000000000000
(1785791666.598203) can0 1CEBFFF1#03FEF7F0F4FFFFFF
(1785791666.605193) can0 18FEF1F8#FF0000FFFFFFFFFF
(1785791666.606338) can0 18F005F8#7DFFFF7DFFFFFFFF
(1785791666.625936) can0 18F015F1#0000454648D3473F
(1785791666.647922) can0 18FF09D1#01000A00D564E7
(1785791666.648268) can0 18FF14D1#
(1785791666.695465) can0 1CECFFF1#20120003FF19F000
(1785791666.696219) can0 1CEBFFF1#0127100000000000
(1785791666.697208) can0 1CEBFFF1#0200000000000000
(1785791666.698218) can0 1CEBFFF1#03FEF7F0F4FFFFFF
(1785791666.705169) can0 18FEF1F8#FF0000FFFFFFFFFF
(1785791666.706559) can0 18F005F8#7DFFFF7DFFFFFFFF
(1785791666.724203) can0 18F015F1#0000454648D6473F
(1785791666.747719) can0 18FF09D1#01000A00D564E7
(1785791666.795285) can0 1CECFFF1#20120003FF19F000
(1785791666.796241) can0 1CEBFFF1#0127100000000000
(1785791666.797218) can0 1CEBFFF1#0200000000000000
(1785791666.798223) can0 1CEBFFF1#03FEF63035FFFFFF
(1785791666.805208) can0 18FEF1F8#FF0000FFFFFFFFFF
(1785791666.806378) can0 18F005F8#7DFFFF7DFFFFFFFF
(1785791666.824242) can0 18F015F1#0000454548DA473E
(1785791666.847749) can0 18FF09D1#01000A00D564E7
(1785791666.896350) can0 1CECFFF1#20120003FF19F000
(1785791666.897240) can0 1CEBFFF1#0127100000000000
(1785791666.899534) can0 1CEBFFF1#0200000000000000
(1785791666.899909) can0 1CEBFFF1#03FEF63035FFFFFF
(1785791666.905535) can0 18FEF1F8#FF0000FFFFFFFFFF
(1785791666.906768) can0 18F005F8#7DFFFF7DFFFFFFFF
(1785791666.925261) can0 18F015F1#0000454548DA473E
(1785791666.947818) can0 18FF09D1#01000A00D564E7
(1785791666.996478) can0 1CECFFF1#20120003FF19F000
(1785791666.997234) can0 1CEBFFF1#0127100000000000
(1785791666.998238) can0 1CEBFFF1#0200000000000000
(1785791666.999210) can0 1CEBFFF1#03FEF63035FFFFFF
(1785791667.005233) can0 18FEF1F8#FF0000FFFFFFFFFF
(1785791667.006454) can0 18F005F8#7DFFFF7DFFFFFFFF
(1785791667.025374) can0 18F015F1#0000454548DB473F
(1785791667.048237) can0 18FF09D1#01000A00D564E7
(1785791667.096267) can0 1CECFFF1#20120003FF19F000
(1785791667.097220) can0 1CEBFFF1#0127100000000000
(1785791667.098218) can0 1CEBFFF1#0200000000000000
(1785791667.099254) can0 1CEBFFF1#03FEF63035FFFFFF
(1785791667.105227) can0 18FEF1F8#FF0000FFFFFFFFFF
(1785791667.106354) can0 18F005F8#7DFFFF7DFFFFFFFF
(1785791667.126237) can0 18F015F1#0000454448DC473F
(1785791667.135142) can0 18F017F1#040C0BB47CF5
(1785791667.135589) can0 18F018F1#E64802268FC6
(1785791667.147909) can0 18FF09D1#01000A00D564E7
(1785791667.148238) can0 18FF14D1#
(1785791667.148620) can0 18FF16D1#01000A0064
(1785791667.196238) can0 1CECFFF1#20120003FF19F000
(1785791667.197206) can0 1CEBFFF1#0127100000000000
(1785791667.198215) can0 1CEBFFF1#0200000000000000
(1785791667.199191) can0 1CEBFFF1#03FEF53175FFFFFF
(1785791667.205174) can0 18FEF1F8#FF0000FFFFFFFFFF
(1785791667.206311) can0 18F005F8#7DFFFF7DFFFFFFFF
(1785791667.225187) can0 18F015F1#0000454448DD473F
(1785791667.247730) can0 18FF09D1#01000A00D564E7
(1785791667.296257) can0 1CECFFF1#20120003FF19F000
(1785791667.297213) can0 1CEBFFF1#0127100000000000
(1785791667.298251) can0 1CEBFFF1#0200000000000000
(1785791667.299197) can0 1CEBFFF1#03FEF53175FFFFFF
(1785791667.305311) can0 18FEF1F8#FF0000FFFFFFFFFF
(1785791667.306876) can0 18F005F8#7DFFFF7DFFFFFFFF
(1785791667.325324) can0 18F015F1#0000454448DE473F
(1785791667.347877) can0 18FF09D1#01000A00D564E7
(1785791667.396380) can0 1CECFFF1#20120003FF19F000
(1785791667.397239) can0 1CEBFFF1#0127100000000000
(1785791667.398265) can0 1CEBFFF1#0200000000000000
(1785791667.399240) can0 1CEBFFF1#03FEF4F1B4FFFFFF
(1785791667.405544) can0 18FEF1F8#FF0000FFFFFFFFFF
(1785791667.406763) can0 18F005F8#7DFFFF7DFFFFFFFF
(1785791667.425227) can0 18F015F1#0000454348DE473F
(1785791667.447745) can0 18FF09D1#01000A00D564E7
(1785791667.496325) can0 1CECFFF1#20120003FF19F000
(1785791667.497208) can0 1CEBFFF1#0127100000000000
(1785791667.498224) can0 1CEBFFF1#0200000000000000
(1785791667.499216) can0 1CEBFFF1#03FEF4F1B4FFFFFF
(1785791667.505193) can0 18FEF1F8#FF0000FFFFFFFFFF
(1785791667.506338) can0 18F005F8#7DFFFF7DFFFFFFFF
(1785791667.525239) can0 18F015F1#0000454348DE473F
(1785791667.548085) can0 18FF09D1#01000A00D564E7
(1785791667.597242) can0 1CECFFF1#20120003FF19F000
(1785791667.598207) can0 1CEBFFF1#0127100000000000
(1785791667.599216) can0 1CEBFFF1#0200000000000000
(1785791667.600193) can0 1CEBFFF1#03FEF4F1B4FFFFFF
(1785791667.605177) can0 18FEF1F8#FF0000FFFFFFFFFF
(1785791667.606324) can0 18F005F8#7DFFFF7DFFFFFFFF
(1785791667.626218) can0 18F015F1#0000454348DE473F
(1785791667.647882) can0 18FF09D1#01000A00D518E3
(1785791667.648466) can0 18FF14D1#
(1785791667.697355) can0 1CECFFF1#20120003FF19F000
(1785791667.698209) can0 1CEBFFF1#0127100000000000
(1785791667.699390) can0 1CEBFFF1#0200000000000000
(1785791667.700342) can0 1CEBFFF1#03FEF333F5FFFFFF
(1785791667.705440) can0 18FEF1F8#FF0000FFFFFFFFFF
(1785791667.706801) can0 18F005F8#7DFFFF7DFFFFFFFF
(1785791667.726392) can0 18F015F1#0000454248DE473F
(1785791667.747747) can0 18FF09D1#01000A00D518E3
(1785791667.797308) can0 1CECFFF1#20120003FF19F000
(1785791667.798220) can0 1CEBFFF1#0127100000000000
(1785791667.799239) can0 1CEBFFF1#0200000000000000
(1785791667.800241) can0 1CEBFFF1#03FEF333F5FFFFFF
(1785791667.805236) can0 18FEF1F8#FF0000FFFFFFFFFF
(1785791667.806406) can0 18F005F8#7DFFFF7DFFFFFFFF
(1785791667.826250) can0 18F015F1#0000454248DB473F
(1785791667.847763) can0 18FF09D1#01000A00D518E3
(1785791667.897306) can0 1CECFFF1#20120003FF19F000
(1785791667.898218) can0 1CEBFFF1#0127100000000000
(1785791667.899227) can0 1CEBFFF1#0200000000000000
(1785791667.900205) can0 1CEBFFF1#03FEF2F334FFFFFF
(1785791667.905409) can0 18FEF1F8#FF0000FFFFFFFFFF
(1785791667.906552) can0 18F005F8#7DFFFF7DFFFFFFFF
(1785791667.926264) can0 18F015F1#0000454148D9473E
(1785791667.947723) can0 18FF09D1#01000A00D518E3
(1785791667.997393) can0 1CECFFF1#20120003FF19F000
(1785791667.998238) can0 1CEBFFF1#0127100000000000
(1785791667.999261) can0 1CEBFFF1#0200000000000000
(1785791668.000233) can0 1CEBFFF1#03FEF1F274FFFFFF
(1785791668.007270) can0 18FEF1F8#FF0000FFFFFFFFFF
(1785791668.008487) can0 18F005F8#7DFFFF7DFFFFFFFF
(1785791668.026293) can0 18F015F1#0000454048D6473E
(1785791668.047929) can0 18FF09D1#01000A00D518E3
(1785791668.097264) can0 1CECFFF1#20120003FF19F000
(1785791668.098209) can0 1CEBFFF1#0127100000000000
(1785791668.099224) can0 1CEBFFF1#0200000000000000
(1785791668.100207) can0 1CEBFFF1#03FEF032B5FFFFFF
(1785791668.105171) can0 18FEF1F8#FF0000FFFFFFFFFF
(1785791668.106358) can0 18F005F8#7DFFFF7DFFFFFFFF
(1785791668.127264) can0 18F015F1#0000453F48D3473F
(1785791668.136151) can0 18F017F1#FB9E09D99D90
(1785791668.136602) can0 18F018F1#ED4303279114
(1785791668.147792) can0 18FF09D1#01000A00D518E3
(1785791668.148057) can0 18FF14D1#
(1785791668.197244) can0 1CECFFF1#20120003FF19F000
(1785791668.198221) can0 1CEBFFF1#0127100000000000
(1785791668.199230) can0 1CEBFFF1#0200000000000000
(1785791668.200212) can0 1CEBFFF1#03FEF032B5FFFFFF
(1785791668.205187) can0 18FEF1F8#FF0000FFFFFFFFFF
(1785791668.206323) can0 18F005F8#7DFFFF7DFFFFFFFF
(1785791668.226206) can0 18F015F1#0000453F48D24741
(1785791668.247688) can0 18FF09D1#01000A00D518E3
(1785791668.297299) can0 1CECFFF1#20120003FF19F000
(1785791668.298225) can0 1CEBFFF1#0127100000000000
(1785791668.299241) can0 1CEBFFF1#0200000000000000
(1785791668.300224) can0 1CEBFFF1#03FEF032B5FFFFFF
(1785791668.305329) can0 18FEF1F8#FF0000FFFFFFFFFF
(1785791668.306505) can0 18F005F8#7DFFFF7DFFFFFFFF
(1785791668.326317) can0 18F015F1#0000453E48CF4742
(1785791668.347803) can0 18FF09D1#01000A00D518E3
(1785791668.398276) can0 1CECFFF1#20120003FF19F000
(1785791668.399213) can0 1CEBFFF1#0127100000000000
(1785791668.400224) can0 1CEBFFF1#0200000000000000
(1785791668.401201) can0 1CEBFFF1#03FEEE3A35FFFFFF
(1785791668.405348) can0 18FEF1F8#FF0000FFFFFFFFFF
(1785791668.406660) can0 18F005F8#7DFFFF7DFFFFFFFF
(1785791668.427202) can0 18F015F1#0000453D48CA4740
(1785791668.447721) can0 18FF09D1#01000A00D518E3
(1785791668.498281) can0 1CECFFF1#20120003FF19F000
(1785791668.499214) can0 1CEBFFF1#0127100000000000
(1785791668.500226) can0 1CEBFFF1#0200000000000000
(1785791668.501208) can0 1CEBFFF1#03FEEE3A35FFFFFF
(1785791668.505170) can0 18FEF1F8#FF0000FFFFFFFFFF
(1785791668.506319) can0 18F005F8#7DFFFF7DFFFFFFFF
(1785791668.527213) can0 18F015F1#0000453C48C64740
(1785791668.547697) can0 18FF09D1#01000A00D518E3
(1785791668.598246) can0 1CECFFF1#20120003FF19F000
(1785791668.599227) can0 1CEBFFF1#0127100000000000
(1785791668.600237) can0 1CEBFFF1#0200000000000000
(1785791668.601216) can0 1CEBFFF1#03FEECFBB4FFFFFF
(1785791668.605181) can0 18FEF1F8#FF0000FFFFFFFFFF
(1785791668.606335) can0 18F005F8#7DFFFF7DFFFFFFFF
(1785791668.627255) can0 18F015F1#0000453A48C14740
(1785791668.647871) can0 18FF09D1#01000A00D5D4E5
(1785791668.648315) can0 18FF14D1#
(1785791668.698269) can0 1CECFFF1#20120003FF19F000
(1785791668.699219) can0 1CEBFFF1#0127100000000000
(1785791668.700226) can0 1CEBFFF1#0200000000000000
(1785791668.701203) can0 1CEBFFF1#03FEEB39F5FFFFFF
(1785791668.705429) can0 18FEF1F8#FF0000FFFFFFFFFF
(1785791668.707354) can0 18F005F8#7DFFFF7DFFFFFFFF
(1785791668.727212) can0 18F015F1#0000453A48BC4743
(1785791668.747670) can0 18FF09D1#01000A00D5D4E5
(1785791668.798310) can0 1CECFFF1#20120003FF19F000
(1785791668.799215) can0 1CEBFFF1#0127100000000000
(1785791668.800230) can0 1CEBFFF1#0200000000000000
(1785791668.801232) can0 1CEBFFF1#03FEEB39F5FFFFFF
(1785791668.805287) can0 18FEF1F8#FF0000FFFFFFFFFF
(1785791668.806455) can0 18F005F8#7DFFFF7DFFFFFFFF
(1785791668.827233) can0 18F015F1#0000453A48B84745
(1785791668.847689) can0 18FF09D1#01000A00D5D4E5
(1785791668.898302) can0 1CECFFF1#20120003FF19F000
(1785791668.899233) can0 1CEBFFF1#0127100000000000
(1785791668.900249) can0 1CEBFFF1#0200000000000000
(1785791668.901221) can0 1CEBFFF1#03FEEB39F5FFFFFF
(1785791668.905244) can0 18FEF1F8#FF0000FFFFFFFFFF
(1785791668.906366) can0 18F005F8#7DFFFF7DFFFFFFFF
(1785791668.927232) can0 18F015F1#0000453A48B44747
(1785791668.948062) can0 18FF09D1#01000A00D5D4E5
(1785791668.999361) can0 1CECFFF1#20120003FF19F000
(1785791669.000302) can0 1CEBFFF1#0127100000000000
(1785791669.001247) can0 1CEBFFF1#0200000000000000
(1785791669.002228) can0 1CEBFFF1#03FEEB39F5FFFFFF
(1785791669.005459) can0 18FEF1F8#FF0000FFFFFFFFFF
(1785791669.006840) can0 18F005F8#7DFFFF7DFFFFFFFF
(1785791669.027520) can0 18F015F1#0000453A48B24747
(1785791669.047756) can0 18FF09D1#01000A00D5D4E5
(1785791669.098271) can0 1CECFFF1#20120003FF19F000
(1785791669.099220) can0 1CEBFFF1#0127100000000000
(1785791669.100240) can0 1CEBFFF1#0200000000000000
(1785791669.101218) can0 1CEBFFF1#03FEEB39F5FFFFFF
(1785791669.105173) can0 18FEF1F8#FF0000FFFFFFFFFF
(1785791669.106317) can0 18F005F8#7DFFFF7DFFFFFFFF
(1785791669.128419) can0 18F015F1#0000453948B54746
(1785791669.138179) can0 18F017F1#FB9E09D99D90
(1785791669.138626) can0 18F018F1#ED4303279114
(1785791669.147782) can0 18FF09D1#01000A00D59CE6
(1785791669.148110) can0 18FF14D1#
(1785791669.199285) can0 1CECFFF1#20120003FF19F000
(1785791669.202863) can0 1CEBFFF1#0127100000000000
(1785791669.203040) can0 1CEBFFF1#0200000000000000
(1785791669.203505) can0 1CEBFFF1#03FEE9F874FFFFFF
(1785791669.205189) can0 18FEF1F8#FF0000FFFFFFFFFF
(1785791669.206390) can0 18F005F8#7DFFFF7DFFFFFFFF
(1785791669.228258) can0 18F015F1#0000453848BA4745
(1785791669.247698) can0 18FF09D1#01000A00D59CE6
(1785791669.299310) can0 1CECFFF1#20120003FF19F000
(1785791669.300234) can0 1CEBFFF1#0127100000000000
(1785791669.301236) can0 1CEBFFF1#0200000000000000
(1785791669.302218) can0 1CEBFFF1#03FEE9F874FFFFFF
(1785791669.306251) can0 18FEF1F8#FF0000FFFFFFFFFF
(1785791669.307460) can0 18F005F8#7DFFFF7DFFFFFFFF
(1785791669.328335) can0 18F015F1#0000453848BF4745
(1785791669.347811) can0 18FF09D1#01000A00D59CE6
(1785791669.399441) can0 1CECFFF1#20120003FF19F000
(1785791669.400242) can0 1CEBFFF1#0127100000000000
(1785791669.401248) can0 1CEBFFF1#0200000000000000
(1785791669.402207) can0 1CEBFFF1#03FEEAF934FFFFFF
(1785791669.405334) can0 18FEF1F8#FF0000FFFFFFFFFF
(1785791669.406544) can0 18F005F8#7DFFFF7DFFFFFFFF
(1785791669.428224) can0 18F015F1#0000453948C04745
(1785791669.447678) can0 18FF09D1#01000A00D59CE6
(1785791669.499299) can0 1CECFFF1#20120003FF19F000
(1785791669.500243) can0 1CEBFFF1#0127100000000000
(1785791669.501270) can0 1CEBFFF1#0200000000000000
(1785791669.502215) can0 1CEBFFF1#03FEE9F874FFFFFF
(1785791669.505217) can0 18FEF1F8#FF0000FFFFFFFFFF
(1785791669.506355) can0 18F005F8#7DFFFF7DFFFFFFFF
(1785791669.528242) can0 18F015F1#0000453848BF4745
(1785791669.547687) can0 18FF09D1#01000A00D59CE6
(1785791669.599266) can0 1CECFFF1#20120003FF19F000
(1785791669.600227) can0 1CEBFFF1#0127100000000000
(1785791669.601234) can0 1CEBFFF1#0200000000000000
(1785791669.602214) can0 1CEBFFF1#03FEE9F874FFFFFF
(1785791669.605174) can0 18FEF1F8#FF0000FFFFFFFFFF
(1785791669.606326) can0 18F005F8#7DFFFF7DFFFFFFFF
(1785791669.629227) can0 18F015F1#0000453848BE4745
(1785791669.647771) can0 18FF09D1#01000A00D59CE6
(1785791669.648099) can0 18FF14D1#
(1785791669.699337) can0 1CECFFF1#20120003FF19F000
(1785791669.700246) can0 1CEBFFF1#0127100000000000
(1785791669.701267) can0 1CEBFFF1#0200000000000000
(1785791669.702226) can0 1CEBFFF1#03FEE9F874FFFFFF
(1785791669.705377) can0 18FEF1F8#FF0000FFFFFFFFFF
(1785791669.706629) can0 18F005F8#7DFFFF7DFFFFFFFF
(1785791669.728309) can0 18F015F1#0000453848BD4745
(1785791669.747679) can0 18FF09D1#01000A00D59CE6
(1785791669.800310) can0 1CECFFF1#20120003FF19F000
(1785791669.801226) can0 1CEBFFF1#0127100000000000
(1785791669.802234) can0 1CEBFFF1#0200000000000000
(1785791669.803259) can0 1CEBFFF1#03FEE9F874FFFFFF
(1785791669.805194) can0 18FEF1F8#FF0000FFFFFFFFFF
(1785791669.806334) can0 18F005F8#7DFFFF7DFFFFFFFF
(1785791669.829249) can0 18F015F1#0000453848BC4744
(1785791669.847637) can0 18FF09D1#01000A00D59CE6
(1785791669.900295) can0 1CECFFF1#20120003FF19F000
(1785791669.901232) can0 1CEBFFF1#0127100000000000
(1785791669.902240) can0 1CEBFFF1#0200000000000000
(1785791669.903219) can0 1CEBFFF1#03FEE9F874FFFFFF
(1785791669.905316) can0 18FEF1F8#FF0000FFFFFFFFFF
(1785791669.906455) can0 18F005F8#7DFFFF7DFFFFFFFF
(1785791669.929251) can0 18F015F1#0000453848BD4744
(1785791669.947673) can0 18FF09D1#01000A00D59CE6
(1785791670.000365) can0 1CECFFF1#20120003FF19F000
(1785791670.001278) can0 1CEBFFF1#0127100000000000
(1785791670.002284) can0 1CEBFFF1#0200000000000000
(1785791670.003281) can0 1CEBFFF1#03FEE9F874FFFFFF
(1785791670.006036) can0 18FEF1F8#FF0000FFFFFFFFFF
(1785791670.007254) can0 18F005F8#7DFFFF7DFFFFFFFF
(1785791670.029490) can0 18F015F1#0000453848BC4744
(1785791670.047761) can0 18FF09D1#01000A00D59CE6
(1785791670.100286) can0 1CECFFF1#20120003FF19F000
(1785791670.101237) can0 1CEBFFF1#0127100000000000
(1785791670.102267) can0 1CEBFFF1#0200000000000000
(1785791670.103214) can0 1CEBFFF1#03FEE9F874FFFFFF
(1785791670.105168) can0 18FEF1F8#FF0000FFFFFFFFFF
(1785791670.106293) can0 18F005F8#7DFFFF7DFFFFFFFF
(1785791670.129288) can0 18F015F1#0000453848BC4743
(1785791670.139155) can0 18F017F1#FB6C0A9E9C5C
(1785791670.139596) can0 18F018F1#D7AC00AD8D24
(1785791670.147721) can0 18FF09D1#01000A00D5C8E7
(1785791670.148045) can0 18FF14D1#
(1785791670.200267) can0 1CECFFF1#20120003FF19F000
(1785791670.201226) can0 1CEBFFF1#0127100000000000
(1785791670.202236) can0 1CEBFFF1#0200000000000000
(1785791670.203216) can0 1CEBFFF1#03FEE9F874FFFFFF
(1785791670.205168) can0 18FEF1F8#FF0000FFFFFFFFFF
(1785791670.206296) can0 18F005F8#7DFFFF7DFFFFFFFF
(1785791670.229216) can0 18F015F1#0000453848BD4743
(1785791670.247627) can0 18FF09D1#01000A00D5C8E7
(1785791670.300303) can0 1CECFFF1#20120003FF19F000
(1785791670.301226) can0 1CEBFFF1#0127100000000000
(1785791670.302245) can0 1CEBFFF1#0200000000000000
(1785791670.303222) can0 1CEBFFF1#03FEE9F874FFFFFF
(1785791670.305344) can0 18FEF1F8#FF0000FFFFFFFFFF
(1785791670.306490) can0 18F005F8#7DFFFF7DFFFFFFFF
(1785791670.329322) can0 18F015F1#0000453848BC4744
(1785791670.347730) can0 18FF09D1#01000A00D5C8E7
(1785791670.400420) can0 1CECFFF1#20120003FF19F000
(1785791670.401286) can0 1CEBFFF1#0127100000000000
(1785791670.402297) can0 1CEBFFF1#0200000000000000
(1785791670.403278) can0 1CEBFFF1#03FEE9F874FFFFFF
(1785791670.405544) can0 18FEF1F8#FF0000FFFFFFFFFF
(1785791670.406903) can0 18F005F8#7DFFFF7DFFFFFFFF
(1785791670.429235) can0 18F015F1#0000453848BC4743
(1785791670.447705) can0 18FF09D1#01000A00D5C8E7
(1785791670.500320) can0 1CECFFF1#20120003FF19F000
(1785791670.501233) can0 1CEBFFF1#0127100000000000
(1785791670.502249) can0 1CEBFFF1#0200000000000000
(1785791670.503225) can0 1CEBFFF1#03FEE838B5FFFFFF
(1785791670.505178) can0 18FEF1F8#FF0000FFFFFFFFFF
(1785791670.506322) can0 18F005F8#7DFFFF7DFFFFFFFF
(1785791670.529234) can0 18F015F1#0000453748BC4743
(1785791670.547620) can0 18FF09D1#01000A00D5C8E7
(1785791670.601260) can0 1CECFFF1#20120003FF19F000
(1785791670.602238) can0 1CEBFFF1#0127100000000000
(1785791670.603253) can0 1CEBFFF1#0200000000000000
(1785791670.604277) can0 1CEBFFF1#03FEE838B5FFFFFF
(1785791670.605456) can0 18FEF1F8#FF0000FFFFFFFFFF
(1785791670.606600) can0 18F005F8#7DFFFF7DFFFFFFFF
(1785791670.630899) can0 18F015F1#0000453748BC4742
(1785791670.647984) can0 18ECFFD1#200E0002FF09FF00
(1785791670.648487) can0 18EBFFD1#0101000A00D5C8E7
(1785791670.649191) can0 18EBFFD1#0201000B00D310DC
(1785791670.649676) can0 18FF14D1#
(1785791670.701378) can0 1CECFFF1#20120003FF19F000
(1785791670.702253) can0 1CEBFFF1#0127100000000000
(1785791670.703243) can0 1CEBFFF1#0200000000000000
(1785791670.704309) can0 1CEBFFF1#03FEE838B5FFFFFF
(1785791670.705598) can0 18FEF1F8#FF0000FFFFFFFFFF
(1785791670.706850) can0 18F005F8#7DFFFF7DFFFFFFFF
(1785791670.730259) can0 18F015F1#0000453748BB4743
(1785791670.747716) can0 18ECFFD1#200E0002FF09FF00
(1785791670.748261) can0 18EBFFD1#0101000A00D5C8E7
(1785791670.748838) can0 18EBFFD1#0201000B00D310DC
(1785791670.801503) can0 1CECFFF1#20120003FF19F000
(1785791670.802348) can0 1CEBFFF1#0127100000000000
(1785791670.803293) can0 1CEBFFF1#0200000000000000
(1785791670.804256) can0 1CEBFFF1#03FEE838B5FFFFFF
(1785791670.805486) can0 18FEF1F8#FF0000FFFFFFFFFF
(1785791670.806661) can0 18F005F8#7DFFFF7DFFFFFFFF
(1785791670.830261) can0 18F015F1#0000453748BC4743
(1785791670.847730) can0 18ECFFD1#200E0002FF09FF00
(1785791670.848275) can0 18EBFFD1#0101000A00D5C8E7
(1785791670.848850) can0 18EBFFD1#0201000B00D310DC
(1785791670.901309) can0 1CECFFF1#20120003FF19F000
(1785791670.902247) can0 1CEBFFF1#0127100000000000
(1785791670.903253) can0 1CEBFFF1#0200000000000000
(1785791670.904262) can0 1CEBFFF1#03FEE838B5FFFFFF
(1785791670.905468) can0 18FEF1F8#FF0000FFFFFFFFFF
(1785791670.906627) can0 18F005F8#7DFFFF7DFFFFFFFF
(1785791670.930247) can0 18F015F1#0000453748BC4742
(1785791670.948100) can0 18ECFFD1#200E0002FF09FF00
(1785791670.948649) can0 18EBFFD1#0101000A00D5C8E7
(1785791670.949227) can0 18EBFFD1#0201000B00D310DC
(1785791671.001393) can0 1CECFFF1#20120003FF19F000
(1785791671.002260) can0 1CEBFFF1#0127100000000000
(1785791671.003260) can0 1CEBFFF1#0200000000000000
(1785791671.004243) can0 1CEBFFF1#03FEE838B5FFFFFF
(1785791671.005472) can0 18FEF1F8#FF0000FFFFFFFFFF
(1785791671.006680) can0 18F005F8#7DFFFF7DFFFFFFFF
(1785791671.030393) can0 18F015F1#0000453748BB4742
(1785791671.047890) can0 18ECFFD1#200E0002FF09FF00
(1785791671.048313) can0 18EBFFD1#0101000A00D5C8E7
(1785791671.048822) can0 18EBFFD1#0201000B00D310DC
(1785791671.101433) can0 1CECFFF1#20120003FF19F000
(1785791671.102250) can0 1CEBFFF1#0127100000000000
(1785791671.103246) can0 1CEBFFF1#0200000000000000
(1785791671.104264) can0 1CEBFFF1#03FEE838B5FFFFFF
(1785791671.105504) can0 18FEF1F8#FF0000FFFFFFFFFF
(1785791671.106657) can0 18F005F8#7DFFFF7DFFFFFFFF
(1785791671.131284) can0 18F015F1#0000453748BB4742
(1785791671.140165) can0 18F017F1#FB6C0A9E9C5C
(1785791671.140607) can0 18F018F1#D7AC00AD8D24
(1785791671.148272) can0 18ECFFD1#200E0002FF09FF00
(1785791671.148804) can0 18EBFFD1#0101000A00D564E7
(1785791671.149385) can0 18EBFFD1#0201000B00D310DC
(1785791671.150019) can0 18FF14D1#
(1785791671.150516) can0 18FF16D1#01000A0064
(1785791671.201295) can0 1CECFFF1#20120003FF19F000
(1785791671.202249) can0 1CEBFFF1#0127100000000000
(1785791671.203249) can0 1CEBFFF1#0200000000000000
(1785791671.204227) can0 1CEBFFF1#03FEE838B5FFFFFF
(1785791671.205463) can0 18FEF1F8#FF0000FFFFFFFFFF
(1785791671.206616) can0 18F005F8#7DFFFF7DFFFFFFFF
(1785791671.230221) can0 18F015F1#0000453748BB4742
(1785791671.247715) can0 18ECFFD1#200E0002FF09FF00
(1785791671.248259) can0 18EBFFD1#0101000A00D564E7
(1785791671.248827) can0 18EBFFD1#0201000B00D310DC
(1785791671.302298) can0 1CECFFF1#20120003FF19F000
(1785791671.303235) can0 1CEBFFF1#0127100000000000
(1785791671.304265) can0 1CEBFFF1#0200000000000000
(1785791671.305236) can0 1CEBFFF1#03FEE838B5FFFFFF
(1785791671.305809) can0 18FEF1F8#FF0000FFFFFFFFFF
(1785791671.306949) can0 18F005F8#7DFFFF7DFFFFFFFF
(1785791671.331360) can0 18F015F1#0000453748BB4742
(1785791671.347816) can0 18ECFFD1#200E0002FF09FF00
(1785791671.348196) can0 18EBFFD1#0101000A00D564E7
(1785791671.348810) can0 18EBFFD1#0201000B00D310DC
(1785791671.402378) can0 1CECFFF1#20120003FF19F000
(1785791671.403249) can0 1CEBFFF1#0127100000000000
(1785791671.404503) can0 1CEBFFF1#0200000000000000
(1785791671.405434) can0 1CEBFFF1#03FEE838B5FFFFFF
(1785791671.405904) can0 18FEF1F8#FF0000FFFFFFFFFF
(1785791671.407497) can0 18F005F8#7DFFFF7DFFFFFFFF
(1785791671.431261) can0 18F015F1#0000453748BB4741
(1785791671.447681) can0 18ECFFD1#200E0002FF09FF00
(1785791671.448228) can0 18EBFFD1#0101000A00D564E7
(1785791671.448803) can0 18EBFFD1#0201000B00D310DC
(1785791671.502320) can0 1CECFFF1#20120003FF19F000
(1785791671.503242) can0 1CEBFFF1#0127100000000000
(1785791671.504254) can0 1CEBFFF1#0200000000000000
(1785791671.505239) can0 1CEBFFF1#03FEE838B5FFFFFF
(1785791671.505821) can0 18FEF1F8#FF0000FFFFFFFFFF
(1785791671.506944) can0 18F005F8#7DFFFF7DFFFFFFFF
(1785791671.531308) can0 18F015F1#0000453748BE4742
(1785791671.547734) can0 18ECFFD1#200E0002FF09FF00
(1785791671.548248) can0 18EBFFD1#0101000A00D564E7
(1785791671.548818) can0 18EBFFD1#0201000B00D310DC
(1785791671.602296) can0 1CECFFF1#20120003FF19F000
(1785791671.603243) can0 1CEBFFF1#0127100000000000
(1785791671.604262) can0 1CEBFFF1#0200000000000000
(1785791671.605240) can0 1CEBFFF1#03FEE838B5FFFFFF
(1785791671.605807) can0 18FEF1F8#FF0000FFFFFFFFFF
(1785791671.606939) can0 18F005F8#7DFFFF7DFFFFFFFF
(1785791671.632220) can0 18F015F1#0000453748C34742
(1785791671.647805) can0 18ECFFD1#200E0002FF09FF00
(1785791671.648305) can0 18EBFFD1#0101000A00D59CE6
(1785791671.648888) can0 18EBFFD1#0201000B00D310DC
(1785791671.649531) can0 18FF14D1#
(1785791671.702350) can0 1CECFFF1#20120003FF19F000
(1785791671.703279) can0 1CEBFFF1#0127100000000000
(1785791671.704392) can0 1CEBFFF1#0200000000000000
(1785791671.705260) can0 1CEBFFF1#03FEE838B5FFFFFF
(1785791671.705889) can0 18FEF1F8#FF0000FFFFFFFFFF
(1785791671.707062) can0 18F005F8#7DFFFF7DFFFFFFFF
(1785791671.731423) can0 18F015F1#0000453748C64742
(1785791671.747686) can0 18ECFFD1#200E0002FF09FF00
(1785791671.748214) can0 18EBFFD1#0101000A00D59CE6
(1785791671.751346) can0 18EBFFD1#0201000B00D310DC
(1785791671.802351) can0 1CECFFF1#20120003FF19F000
(1785791671.803234) can0 1CEBFFF1#0127100000000000
(1785791671.804253) can0 1CEBFFF1#0200000000000000
(1785791671.805574) can0 1CEBFFF1#03FEE838B5FFFFFF
(1785791671.806007) can0 18FEF1F8#FF0000FFFFFFFFFF
(1785791671.807296) can0 18F005F8#7DFFFF7DFFFFFFFF
(1785791671.831292) can0 18F015F1#0000453648C94742
(1785791671.847690) can0 18ECFFD1#200E0002FF09FF00
(1785791671.848223) can0 18EBFFD1#0101000A00D59CE6
(1785791671.848801) can0 18EBFFD1#0201000B00D310DC
(1785791671.902327) can0 1CECFFF1#20120003FF19F000
(1785791671.903261) can0 1CEBFFF1#0127100000000000
(1785791671.904586) can0 1CEBFFF1#0200000000000000
(1785791671.905267) can0 1CEBFFF1#03FEE73CF5FFFFFF
(1785791671.905809) can0 18FEF1F8#FF0000FFFFFFFFFF
(1785791671.906938) can0 18F005F8#7DFFFF7DFFFFFFFF
(1785791671.931253) can0 18F015F1#0000453648CA4742
(1785791671.947678) can0 18ECFFD1#200E0002FF09FF00
(1785791671.948217) can0 18EBFFD1#0101000A00D59CE6
(1785791671.948792) can0 18EBFFD1#0201000B00D310DC
(1785791672.002482) can0 1CECFFF1#20120003FF19F000
(1785791672.003258) can0 1CEBFFF1#0127100000000000
(1785791672.004336) can0 1CEBFFF1#0200000000000000
(1785791672.005275) can0 1CEBFFF1#03FEE73CF5FFFFFF
(1785791672.005862) can0 18FEF1F8#FF0000FFFFFFFFFF
(1785791672.007052) can0 18F005F8#7DFFFF7DFFFFFFFF
(1785791672.031406) can0 18F015F1#0000453648C94743
(1785791672.047875) can0 18ECFFD1#200E0002FF09FF00
(1785791672.048357) can0 18EBFFD1#0101000A00D59CE6
(1785791672.048861) can0 18EBFFD1#0201000B00D310DC
(1785791672.103327) can0 1CECFFF1#20120003FF19F000
(1785791672.104325) can0 1CEBFFF1#0127100000000000
(1785791672.105258) can0 1CEBFFF1#0200000000000000
(1785791672.105880) can0 18FEF1F8#FF0000FFFFFFFFFF
(1785791672.106525) can0 1CEBFFF1#03FEE73CF5FFFFFF
(1785791672.107004) can0 18F005F8#7DFFFF7DFFFFFFFF
(1785791672.132290) can0 18F015F1#0000453648CB4743
(1785791672.142219) can0 18F017F1#F6510A859E0A
(1785791672.142580) can0 18F018F1#EBB6006E8FCC
(1785791672.147786) can0 18ECFFD1#200E0002FF09FF00
(1785791672.148330) can0 18EBFFD1#0101000A00D59CE6
(1785791672.148918) can0 18EBFFD1#0201000B00D310DC
(1785791672.149596) can0 18FF14D1#
(1785791672.203342) can0 1CECFFF1#20120003FF19F000
(1785791672.204250) can0 1CEBFFF1#0127100000000000
(1785791672.205260) can0 1CEBFFF1#0200000000000000
(1785791672.205851) can0 18FEF1F8#FF0000FFFFFFFFFF
(1785791672.206502) can0 1CEBFFF1#03FEE73CF5FFFFFF
(1785791672.206986) can0 18F005F8#7DFFFF7DFFFFFFFF
(1785791672.232276) can0 18F015F1#0000453648CC4744
(1785791672.247718) can0 18ECFFD1#200E0002FF09FF00
(1785791672.248756) can0 18EBFFD1#0101000A00D59CE6
(1785791672.249330) can0 18EBFFD1#0201000B00D310DC
(1785791672.303334) can0 1CECFFF1#20120003FF19F000
(1785791672.304273) can0 1CEBFFF1#0127100000000000
(1785791672.305266) can0 1CEBFFF1#0200000000000000
(1785791672.305847) can0 18FEF1F8#FF0000FFFFFFFFFF
(1785791672.306514) can0 1CEBFFF1#03FEE73CF5FFFFFF
(1785791672.306986) can0 18F005F8#7DFFFF7DFFFFFFFF
(1785791672.332428) can0 18F015F1#0000453648CD4744
(1785791672.347787) can0 18ECFFD1#200E0002FF09FF00
(1785791672.348229) can0 18EBFFD1#0101000A00D59CE6
(1785791672.348848) can0 18EBFFD1#0201000B00D310DC
(1785791672.403395) can0 1CECFFF1#20120003FF19F000
(1785791672.404436) can0 1CEBFFF1#0127100000000000
(1785791672.405370) can0 1CEBFFF1#0200000000000000
(1785791672.405882) can0 18FEF1F8#FF0000FFFFFFFFFF
(1785791672.406522) can0 1CEBFFF1#03FEE73CF5FFFFFF
(1785791672.407008) can0 18F005F8#7DFFFF7DFFFFFFFF
(1785791672.432254) can0 18F015F1#0000453648D04745
(1785791672.447713) can0 18ECFFD1#200E0002FF09FF00
(1785791672.448249) can0 18EBFFD1#0101000A00D59CE6
(1785791672.448827) can0 18EBFFD1#0201000B00D310DC
(1785791672.503312) can0 1CECFFF1#20120003FF19F000
(1785791672.504302) can0 1CEBFFF1#0127100000000000
(1785791672.505256) can0 1CEBFFF1#0200000000000000
(1785791672.505846) can0 18FEF1F8#FF0000FFFFFFFFFF
(1785791672.506502) can0 1CEBFFF1#03FEE73CF5FFFFFF
(1785791672.506996) can0 18F005F8#7DFFFF7DFFFFFFFF
(1785791672.532268) can0 18F015F1#0000453648D54748
(1785791672.547691) can0 18ECFFD1#200E0002FF09FF00
(1785791672.548223) can0 18EBFFD1#0101000A00D59CE6
(1785791672.548811) can0 18EBFFD1#0201000B00D310DC
(1785791672.603273) can0 1CECFFF1#20120003FF19F000
(1785791672.604304) can0 1CEBFFF1#0127100000000000
(1785791672.605260) can0 1CEBFFF1#0200000000000000
(1785791672.605835) can0 18FEF1F8#FF0000FFFFFFFFFF
(1785791672.606465) can0 1CEBFFF1#03FEE6FC34FFFFFF
(1785791672.606963) can0 18F005F8#7DFFFF7DFFFFFFFF
(1785791672.633253) can0 18F015F1#0000453548D9474B
(1785791672.647879) can0 18ECFFD1#200E0002FF09FF00
(1785791672.648349) can0 18EBFFD1#0101000A00D590E8
(1785791672.648905) can0 18EBFFD1#0201000B00D310DC
(1785791672.649647) can0 18FF14D1#
(1785791672.703380) can0 1CECFFF1#20120003FF19F000
(1785791672.704336) can0 1CEBFFF1#0127100000000000
(1785791672.705264) can0 1CEBFFF1#0200000000000000
(1785791672.705859) can0 18FEF1F8#FF0000FFFFFFFFFF
(1785791672.706493) can0 1CEBFFF1#03FEE6FC34FFFFFF
(1785791672.706973) can0 18F005F8#7DFFFF7DFFFFFFFF
(1785791672.732262) can0 18F015F1#0000453548DD474C
(1785791672.747702) can0 18ECFFD1#200E0002FF09FF00
(1785791672.748238) can0 18EBFFD1#0101000A00D590E8
(1785791672.748806) can0 18EBFFD1#0201000B00D310DC
(1785791672.804809) can0 1CECFFF1#20120003FF19F000
(1785791672.805384) can0 1CEBFFF1#0127100000000000
(1785791672.806360) can0 1CEBFFF1#0200000000000000
(1785791672.806923) can0 18FEF1F8#FF0000FFFFFFFFFF
(1785791672.807846) can0 1CEBFFF1#03FEE838B5FFFFFF
(1785791672.808610) can0 18F005F8#7DFFFF7DFFFFFFFF
(1785791672.833306) can0 18F015F1#0000453748DE474E
(1785791672.847703) can0 18ECFFD1#200E0002FF09FF00
(1785791672.848212) can0 18EBFFD1#0101000A00D590E8
(1785791672.848778) can0 18EBFFD1#0201000B00D310DC
(1785791672.904457) can0 1CECFFF1#20120003FF19F000
(1785791672.905267) can0 1CEBFFF1#0127100000000000
(1785791672.905850) can0 18FEF1F8#FF0000FFFFFFFFFF
(1785791672.906537) can0 1CEBFFF1#0200000000000000
(1785791672.907008) can0 18F005F8#7DFFFF7DFFFFFFFF
(1785791672.907620) can0 1CEBFFF1#03FEE838B5FFFFFF
(1785791672.933292) can0 18F015F1#0000453748DD474E
(1785791672.947639) can0 18ECFFD1#200E0002FF09FF00
(1785791672.948177) can0 18EBFFD1#0101000A00D590E8
(1785791672.948748) can0 18EBFFD1#0201000B00D310DC
(1785791673.004304) can0 1CECFFF1#20120003FF19F000
(1785791673.005249) can0 1CEBFFF1#0127100000000000
(1785791673.005825) can0 18FEF1F8#FF0000FFFFFFFFFF
(1785791673.006578) can0 1CEBFFF1#0200000000000000
(1785791673.006968) can0 18F005F8#7DFFFF7DFFFFFFFF
(1785791673.007575) can0 1CEBFFF1#03FEE838B5FFFFFF
(1785791673.033331) can0 18F015F1#0000453748DC474D
(1785791673.047712) can0 18ECFFD1#200E0002FF09FF00
(1785791673.048218) can0 18EBFFD1#0101000A00D590E8
(1785791673.048828) can0 18EBFFD1#0201000B00D310DC
(1785791673.104842) can0 1CECFFF1#20120003FF19F000
(1785791673.105531) can0 1CEBFFF1#0127100000000000
(1785791673.106445) can0 1CEBFFF1#0200000000000000
(1785791673.106972) can0 18FEF1F8#FF0000FFFFFFFFFF
(1785791673.107749) can0 1CEBFFF1#03FEE73CF5FFFFFF
(1785791673.108212) can0 18F005F8#7DFFFF7DFFFFFFFF
(1785791673.134262) can0 18F015F1#0000453648DC474B
(1785791673.143204) can0 18F017F1#F6510A859E0A
(1785791673.143563) can0 18F018F1#EBB6006E8FCC
(1785791673.147718) can0 18FF09D1#01000A00D590E8
(1785791673.148107) can0 18FF14D1#
(1785791673.148420) can0 18FF16D1#01000B0064
(1785791673.204333) can0 1CECFFF1#20120003FF19F000
(1785791673.205262) can0 1CEBFFF1#0127100000000000
(1785791673.205836) can0 18FEF1F8#FF0000FFFFFFFFFF
(1785791673.206471) can0 1CEBFFF1#0200000000000000
(1785791673.206977) can0 18F005F8#7DFFFF7DFFFFFFFF
(1785791673.207577) can0 1CEBFFF1#03FEE73CF5FFFFFF
(1785791673.233251) can0 18F015F1#0000453548DC474D
(1785791673.247559) can0 18FF09D1#01000A00D590E8
(1785791673.304314) can0 1CECFFF1#20120003FF19F000
(1785791673.305317) can0 1CEBFFF1#0127100000000000
(1785791673.305894) can0 18FEF1F8#FF0000FFFFFFFFFF
(1785791673.306639) can0 1CEBFFF1#0200000000000000
(1785791673.307102) can0 18F005F8#7DFFFF7DFFFFFFFF
(1785791673.307713) can0 1CEBFFF1#03FEE73CF5FFFFFF
(1785791673.333445) can0 18F015F1#0000453648DF474F
(1785791673.347600) can0 18FF09D1#01000A00D590E8
(1785791673.404857) can0 1CECFFF1#20120003FF19F000
(1785791673.405651) can0 1CEBFFF1#0127100000000000
(1785791673.406516) can0 1CEBFFF1#0200000000000000
(1785791673.407007) can0 18FEF1F8#FF0000FFFFFFFFFF
(1785791673.407692) can0 1CEBFFF1#03FEE9F874FFFFFF
(1785791673.408182) can0 18F005F8#7DFFFF7DFFFFFFFF
(1785791673.433253) can0 18F015F1#0000453948E24753
(1785791673.447535) can0 18FF09D1#01000A00D590E8
(1785791673.505281) can0 1CECFFF1#20120003FF19F000
(1785791673.505843) can0 18FEF1F8#FF0000FFFFFFFFFF
(1785791673.506489) can0 1CEBFFF1#0127100000000000
(1785791673.506964) can0 18F005F8#7DFFFF7DFFFFFFFF
(1785791673.507587) can0 1CEBFFF1#0200000000000000
(1785791673.508249) can0 1CEBFFF1#03FEE9F874FFFFFF
(1785791673.533281) can0 18F015F1#0000453748E9474F
(1785791673.547930) can0 18FF09D1#01000A00D590E8
(1785791673.605214) can0 18FEF1F8#FF0000FFFFFFFFFF
(1785791673.605969) can0 1CECFFF1#20120003FF19F000
(1785791673.606392) can0 1CEBFFF1#0127100000000000
(1785791673.606935) can0 18F005F8#7DFFFF7DFFFFFFFF
(1785791673.607556) can0 1CEBFFF1#0200000000000000
(1785791673.608242) can0 1CEBFFF1#03FEE73CF5FFFFFF
(1785791673.634271) can0 18F015F1#0000453648F4474F
(1785791673.647654) can0 18FF09D1#01000A00D538E6
(1785791673.647922) can0 18FF14D1#
(1785791673.705564) can0 1CECFFF1#20120003FF19F000
(1785791673.706262) can0 18FEF1F8#FF0000FFFFFFFFFF
(1785791673.706699) can0 1CEBFFF1#0127100000000000
(1785791673.707304) can0 1CEBFFF1#0200000000000000
(1785791673.708296) can0 1CEBFFF1#03FEE73CF5FFFFFF
(1785791673.708798) can0 18F005F8#7DFFFF7DFFFFFFFF
(1785791673.734343) can0 18F015F1#0000453649024750
(1785791673.747802) can0 18FF09D1#01000A00D538E6
(1785791673.805310) can0 1CECFFF1#20120003FF19F000
(1785791673.806385) can0 18FEF1F8#FF0000FFFFFFFFFF
(1785791673.806841) can0 1CEBFFF1#0127100000000000
(1785791673.807678) can0 1CEBFFF1#0200000000000000
(1785791673.808349) can0 18F005F8#7DFFFF7DFFFFFFFF
(1785791673.808877) can0 1CEBFFF1#03FEEB39F5FFFFFF
(1785791673.834290) can0 18F015F1#0000453B490B4751
(1785791673.847531) can0 18FF09D1#01000A00D538E6
(1785791673.905296) can0 1CECFFF1#20120003FF19F000
(1785791673.905863) can0 18FEF1F8#FF0000FFFFFFFFFF
(1785791673.906530) can0 1CEBFFF1#0127100000000000
(1785791673.907051) can0 18F005F8#7DFFFF7DFFFFFFFF
(1785791673.907671) can0 1CEBFFF1#0200000000000000
(1785791673.908260) can0 1CEBFFF1#03FEECFBB4FFFFFF
(1785791673.934276) can0 18F015F1#0000453A490B474D
(1785791673.947549) can0 18FF09D1#01000A00D538E6
(1785791674.005315) can0 1CECFFF1#20120003FF19F000
(1785791674.005884) can0 18FEF1F8#FF0000FFFFFFFFFF
(1785791674.006649) can0 1CEBFFF1#0127100000000000
(1785791674.007091) can0 18F005F8#7DFFFF7DFFFFFFFF
(1785791674.007912) can0 1CEBFFF1#0200000000000000
(1785791674.008277) can0 1CEBFFF1#03FEEAF934FFFFFF
(1785791674.034360) can0 18F015F1#0000453849044755
(1785791674.047993) can0 18FF09D1#01000A00D538E6
(1785791674.105232) can0 18FEF1F8#FF0000FFFFFFFFFF
(1785791674.105973) can0 1CECFFF1#20120003FF19F000
(1785791674.106411) can0 1CEBFFF1#0127100000000000
(1785791674.106951) can0 18F005F8#7DFFFF7DFFFFFFFF
(1785791674.107571) can0 1CEBFFF1#0200000000000000
(1785791674.108254) can0 1CEBFFF1#03FEE9F874FFFFFF
(1785791674.135293) can0 18F015F1#0000453848FB4758
(1785791674.144213) can0 18F017F1#07010B1DA90A
(1785791674.144642) can0 18F018F1#F7A0049A8FCC
(1785791674.147644) can0 18FF09D1#01000A00D500E7
(1785791674.147975) can0 18FF14D1#
(1785791674.205214) can0 18FEF1F8#FF0000FFFFFFFFFF
(1785791674.206278) can0 1CECFFF1#20120003FF19F000
(1785791674.206814) can0 18F005F8#7DFFFF7DFFFFFFFF
(1785791674.207447) can0 1CEBFFF1#0127100000000000
(1785791674.208272) can0 1CEBFFF1#0200000000000000
(1785791674.209250) can0 1CEBFFF1#03FEEB39F5FFFFFF
(1785791674.235274) can0 18F015F1#0000453A48F84754
(1785791674.247509) can0 18FF09D1#01000A00D500E7
(1785791674.305236) can0 18FEF1F8#FF0000FFFFFFFFFF
(1785791674.306272) can0 1CECFFF1#20120003FF19F000
(1785791674.306808) can0 18F005F8#7DFFFF7DFFFFFFFF
(1785791674.307418) can0 1CEBFFF1#0127100000000000
(1785791674.308276) can0 1CEBFFF1#0200000000000000
(1785791674.309254) can0 1CEBFFF1#03FEECFBB4FFFFFF
(1785791674.335395) can0 18F015F1#0000453B48F84752
(1785791674.347607) can0 18FF09D1#01000A00D500E7
(1785791674.405818) can0 18FEF1F8#FF0000FFFFFFFFFF
(1785791674.406279) can0 1CECFFF1#20120003FF19F000
(1785791674.407276) can0 1CEBFFF1#0127100000000000
(1785791674.407814) can0 18F005F8#7DFFFF7DFFFFFFFF
(1785791674.408442) can0 1CEBFFF1#0200000000000000
(1785791674.409301) can0 1CEBFFF1#03FEEB39F5FFFFFF
(1785791674.435302) can0 18F015F1#0000453A48FD4750
(1785791674.447525) can0 18FF09D1#01000A00D500E7
(1785791674.505325) can0 18FEF1F8#FF0000FFFFFFFFFF
(1785791674.506270) can0 1CECFFF1#20120003FF19F000
(1785791674.506810) can0 18F005F8#7DFFFF7DFFFFFFFF
(1785791674.507420) can0 1CEBFFF1#0127100000000000
(1785791674.508347) can0 1CEBFFF1#0200000000000000
(1785791674.509252) can0 1CEBFFF1#03FEEAF934FFFFFF
(1785791674.535282) can0 18F015F1#000045384904474C
(1785791674.547514) can0 18FF09D1#01000A00D500E7
(1785791674.605243) can0 18FEF1F8#FF0000FFFFFFFFFF
(1785791674.606282) can0 1CECFFF1#20120003FF19F000
(1785791674.606821) can0 18F005F8#7DFFFF7DFFFFFFFF
(1785791674.607430) can0 1CEBFFF1#0127100000000000
(1785791674.608289) can0 1CEBFFF1#0200000000000000
(1785791674.609262) can0 1CEBFFF1#03FEE9F874FFFFFF
(1785791674.636269) can0 18F015F1#0000453849064742
(1785791674.647657) can0 18FF09D1#01000A00D500E7
(1785791674.647979) can0 18FF14D1#
(1785791674.705367) can0 18FEF1F8#FF0000FFFFFFFFFF
(1785791674.706356) can0 1CECFFF1#20120003FF19F000
(1785791674.706842) can0 18F005F8#7DFFFF7DFFFFFFFF
(1785791674.707453) can0 1CEBFFF1#0127100000000000
(1785791674.708310) can0 1CEBFFF1#0200000000000000
(1785791674.709788) can0 1CEBFFF1#03FEEAF934FFFFFF
(1785791674.735273) can0 18F015F1#0000453948FF4747
(1785791674.747507) can0 18FF09D1#01000A00D500E7
(1785791674.805533) can0 18FEF1F8#FF0000FFFFFFFFFF
(1785791674.806437) can0 1CECFFF1#20120003FF19F000
(1785791674.806772) can0 18F005F8#7DFFFF7DFFFFFFFF
(1785791674.807474) can0 1CEBFFF1#0127100000000000
(1785791674.808280) can0 1CEBFFF1#0200000000000000
(1785791674.809249) can0 1CEBFFF1#03FEED3B75FFFFFF
(1785791674.835373) can0 18F015F1#0000453C48EF474D
(1785791674.849155) can0 18FF09D1#01000A00D500E7
(1785791674.905532) can0 18FEF1F8#FF0000FFFFFFFFFF
(1785791674.906475) can0 1CECFFF1#20120003FF19F000
(1785791674.906920) can0 18F005F8#7DFFFF7DFFFFFFFF
(1785791674.907529) can0 1CEBFFF1#0127100000000000
(1785791674.908277) can0 1CEBFFF1#0200000000000000
(1785791674.909252) can0 1CEBFFF1#03FEEB39F5FFFFFF
(1785791674.935270) can0 18F015F1#0000453848E04744
(1785791674.947478) can0 18FF09D1#01000A00D500E7
(1785791675.005468) can0 18FEF1F8#FF0000FFFFFFFFFF
(1785791675.006639) can0 18F005F8#7DFFFF7DFFFFFFFF
(1785791675.007272) can0 1CECFFF1#20120003FF19F000
(1785791675.008286) can0 1CEBFFF1#0127100000000000
(1785791675.009299) can0 1CEBFFF1#0200000000000000
(1785791675.010278) can0 1CEBFFF1#03FEE9F874FFFFFF
(1785791675.036355) can0 18F015F1#0000453848DE474F
(1785791675.047582) can0 18FF09D1#01000A00D500E7
(1785791675.105486) can0 18FEF1F8#FF0000FFFFFFFFFF
(1785791675.106755) can0 18F005F8#7DFFFF7DFFFFFFFF
(1785791675.107354) can0 1CECFFF1#20120003FF19F000
(1785791675.108267) can0 1CEBFFF1#0127100000000000
(1785791675.109274) can0 1CEBFFF1#0200000000000000
(1785791675.110254) can0 1CEBFFF1#03FEE838B5FFFFFF
(1785791675.136313) can0 18F015F1#0000453748E44757
(1785791675.146897) can0 18F017F1#07010B1DA90A
(1785791675.147541) can0 18F018F1#F7A0049A8FCC
(1785791675.148049) can0 18FF09D1#01000A00D500E7
(1785791675.148758) can0 18FF14D1#
(1785791675.149228) can0 18FF16D1#01000A0064
(1785791675.205253) can0 18FEF1F8#FF0000FFFFFFFFFF
(1785791675.206449) can0 18F005F8#7DFFFF7DFFFFFFFF
(1785791675.207271) can0 1CECFFF1#20120003FF19F000
(1785791675.208268) can0 1CEBFFF1#0127100000000000
(1785791675.209277) can0 1CEBFFF1#0200000000000000
(1785791675.210253) can0 1CEBFFF1#03FEE838B5FFFFFF
(1785791675.236262) can0 18F015F1#0000453848FA475D
(1785791675.247505) can0 18FF09D1#01000A00D500E7
(1785791675.305252) can0 18FEF1F8#FF0000FFFFFFFFFF
(1785791675.306439) can0 18F005F8#7DFFFF7DFFFFFFFF
(1785791675.307267) can0 1CECFFF1#20120003FF19F000
(1785791675.308265) can0 1CEBFFF1#0127100000000000
(1785791675.309278) can0 1CEBFFF1#0200000000000000
(1785791675.310262) can0 1CEBFFF1#03FEE73CF5FFFFFF
(1785791675.336293) can0 18F015F1#000045364901475A
(1785791675.347487) can0 18FF09D1#01000A00D500E7
(1785791675.405384) can0 18FEF1F8#FF0000FFFFFFFFFF
(1785791675.406737) can0 18F005F8#7DFFFF7DFFFFFFFF
(1785791675.407333) can0 1CECFFF1#20120003FF19F000
(1785791675.408315) can0 1CEBFFF1#0127100000000000
(1785791675.409326) can0 1CEBFFF1#0200000000000000
(1785791675.410382) can0 1CEBFFF1#03FEE73CF5FFFFFF
(1785791675.436297) can0 18F015F1#0000453749014762
(1785791675.447480) can0 18FF09D1#01000A00D500E7
(1785791675.505331) can0 18FEF1F8#FF0000FFFFFFFFFF
(1785791675.506547) can0 18F005F8#7DFFFF7DFFFFFFFF
(1785791675.507285) can0 1CECFFF1#20120003FF19F000
(1785791675.508420) can0 1CEBFFF1#0127100000000000
(1785791675.509302) can0 1CEBFFF1#0200000000000000
(1785791675.510270) can0 1CEBFFF1#03FEE73CF5FFFFFF
(1785791675.536282) can0 18F015F1#0000453449074764
(1785791675.547503) can0 18FF09D1#01000A00D500E7
(1785791675.605248) can0 18FEF1F8#FF0000FFFFFFFFFF
(1785791675.606464) can0 18F005F8#7DFFFF7DFFFFFFFF
(1785791675.607284) can0 1CECFFF1#20120003FF19F000
(1785791675.608279) can0 1CEBFFF1#0127100000000000
(1785791675.609291) can0 1CEBFFF1#0200000000000000
(1785791675.610268) can0 1CEBFFF1#03FEE3FFF4FFFFFF
(1785791675.637291) can0 18F015F1#0000453148FD4764
(1785791675.647557) can0 18FF09D1#01000A00D5C0E0
(1785791675.647874) can0 18FF14D1#
(1785791675.705558) can0 18FEF1F8#FF0000FFFFFFFFFF
(1785791675.706967) can0 18F005F8#7DFFFF7DFFFFFFFF
(1785791675.707576) can0 1CECFFF1#20120003FF19F000
(1785791675.708314) can0 1CEBFFF1#0127100000000000
(1785791675.709338) can0 1CEBFFF1#0200000000000000
(1785791675.710318) can0 1CEBFFF1#03FEDD2F75FFFFFF
(1785791675.736569) can0 18F015F1#0000452C48FA475F
(1785791675.747674) can0 18FF09D1#01000A00D5C0E0
(1785791675.805333) can0 18FEF1F8#FF0000FFFFFFFFFF
(1785791675.806577) can0 18F005F8#7DFFFF7DFFFFFFFF
(1785791675.808317) can0 1CECFFF1#20120003FF19F000
(1785791675.809306) can0 1CEBFFF1#0127100000000000
(1785791675.810305) can0 1CEBFFF1#0200000000000000
(1785791675.811300) can0 1CEBFFF1#03FED82CB5FFFFFF
(1785791675.837304) can0 18F015F1#000045254907475B
(1785791675.847474) can0 18FF09D1#01000A00D5C0E0
(1785791675.905439) can0 18FEF1F8#FF0000FFFFFFFFFF
(1785791675.906646) can0 18F005F8#7DFFFF7DFFFFFFFF
(1785791675.908269) can0 1CECFFF1#20120003FF19F000
(1785791675.909270) can0 1CEBFFF1#0127100000000000
(1785791675.910284) can0 1CEBFFF1#0200000000000000
(1785791675.911258) can0 1CEBFFF1#03FED429B5FFFFFF
(1785791675.937267) can0 18F015F1#0000452449094770
(1785791675.947469) can0 18FF09D1#01000A00D5C0E0
(1785791676.005408) can0 18FEF1F8#FF0000FFFFFFFFFF
(1785791676.006603) can0 18F005F8#7DFFFF7DFFFFFFFF
(1785791676.008294) can0 1CECFFF1#20120003FF19F000
(1785791676.009284) can0 1CEBFFF1#0127100000000000
(1785791676.010292) can0 1CEBFFF1#0200000000000000
(1785791676.011267) can0 1CEBFFF1#03FED22B35FFFFFF
(1785791676.037320) can0 18F015F1#0000451F49144761
(1785791676.047601) can0 18FF09D1#01000A00D5C0E0
(1785791676.106648) can0 18FEF1F8#FF0000FFFFFFFFFF
(1785791676.108422) can0 1CECFFF1#20120003FF19F000
(1785791676.108911) can0 18F005F8#7DFFFF7DFFFFFFFF
(1785791676.109777) can0 1CEBFFF1#0127100000000000
(1785791676.110364) can0 1CEBFFF1#0200000000000000
(1785791676.111431) can0 1CEBFFF1#03FEC7E4F4FFFFFF
(1785791676.140201) can0 18F015F1#00004514490E4754
(1785791676.147381) can0 18F017F1#0CC313317DF7
(1785791676.147923) can0 18F018F1#F131FFE08BEE
(1785791676.148266) can0 18FF09D1#01000A00D5C0E0
(1785791676.148557) can0 18FF14D1#
(1785791676.205349) can0 18FEF1F8#FF0000FFFFFFFFFF
(1785791676.206531) can0 18F005F8#7DFFFF7DFFFFFFFF
(1785791676.208288) can0 1CECFFF1#20120003FF19F000
(1785791676.209285) can0 1CEBFFF1#0127100000000000
(1785791676.210293) can0 1CEBFFF1#0200000000000000
(1785791676.211268) can0 1CEBFFF1#03FEC2E734FFFFFF
(1785791676.237457) can0 18F015F1#0000451149044749
(1785791676.247517) can0 18FF09D1#01000A00D5C0E0
(1785791676.305249) can0 18FEF1F8#FF0000FFFFFFFFFF
(1785791676.306449) can0 18F005F8#7DFFFF7DFFFFFFFF
(1785791676.308282) can0 1CECFFF1#20120003FF19F000
(1785791676.309287) can0 1CEBFFF1#0127100000000000
(1785791676.310324) can0 1CEBFFF1#0200000000000000
(1785791676.311277) can0 1CEBFFF1#03FEBFC6F4FFFFFF
(1785791676.337299) can0 18F015F1#0000450B48F04733
(1785791676.347467) can0 18FF09D1#01000A00D5C0E0
(1785791676.405588) can0 18FEF1F8#FF0000FFFFFFFFFF
(1785791676.406852) can0 18F005F8#7DFFFF7DFFFFFFFF
(1785791676.409368) can0 1CECFFF1#20120003FF19F000
(1785791676.410298) can0 1CEBFFF1#0127100000000000
(1785791676.411340) can0 1CEBFFF1#0200000000000000
(1785791676.412276) can0 1CEBFFF1#03FEB5C174FFFFFF
(1785791676.437392) can0 18F015F1#0000450348DE4736
(1785791676.447464) can0 18FF09D1#01000A00D5C0E0
(1785791676.505246) can0 18FEF1F8#FF0000FFFFFFFFFF
(1785791676.506435) can0 18F005F8#7DFFFF7DFFFFFFFF
(1785791676.509278) can0 1CECFFF1#20120003FF19F000
(1785791676.510276) can0 1CEBFFF1#0127100000000000
(1785791676.511291) can0 1CEBFFF1#0200000000000000
(1785791676.512266) can0 1CEBFFF1#03FEB20335FFFFFF
(1785791676.538315) can0 18F015F1#0000450048CA473F
(1785791676.547455) can0 18FF09D1#01000A00D5C0E0
(1785791676.605926) can0 18FEF1F8#FF0000FFFFFFFFFF
(1785791676.607179) can0 18F005F8#7DFFFF7DFFFFFFFF
(1785791676.609316) can0 1CECFFF1#20120003FF19F000
(1785791676.610295) can0 1CEBFFF1#0127100000000000
(1785791676.611307) can0 1CEBFFF1#0200000000000000
(1785791676.612284) can0 1CEBFFF1#03FEAA0935FFFFFF
(1785791676.638314) can0 18F015F1#000044F948E4472F
(1785791676.647543) can0 18FF09D1#01000A00D5C0E0
(1785791676.647900) can0 18FF14D1#
(1785791676.705368) can0 18FEF1F8#FF0000FFFFFFFFFF
(1785791676.706540) can0 18F005F8#7DFFFF7DFFFFFFFF
(1785791676.709287) can0 1CECFFF1#20120003FF19F000
(1785791676.710298) can0 1CEBFFF1#0127100000000000
(1785791676.711298) can0 1CEBFFF1#0200000000000000
(1785791676.712281) can0 1CEBFFF1#03FEAC0BB5FFFFFF
(1785791676.738407) can0 18F015F1#000044F948F3472E
(1785791676.747557) can0 18FF09D1#01000A00D5C0E0
(1785791676.805352) can0 18FEF1F8#FF0000FFFFFFFFFF
(1785791676.806641) can0 18F005F8#7DFFFF7DFFFFFFFF
(1785791676.809315) can0 1CECFFF1#20120003FF19F000
(1785791676.810299) can0 1CEBFFF1#0127100000000000
(1785791676.811365) can0 1CEBFFF1#0200000000000000
(1785791676.813272) can0 1CEBFFF1#03FEA4CDB4FFFFFF
(1785791676.838398) can0 18F015F1#000044F148F34725
(1785791676.847460) can0 18FF09D1#01000A00D5C0E0
(1785791676.905338) can0 18FEF1F8#FF0000FFFFFFFFFF
(1785791676.906476) can0 18F005F8#7DFFFF7DFFFFFFFF
(1785791676.909279) can0 1CECFFF1#20120003FF19F000
(1785791676.910281) can0 1CEBFFF1#0127100000000000
(1785791676.911300) can0 1CEBFFF1#0200000000000000
(1785791676.912273) can0 1CEBFFF1#03FE9F1EF5FFFFFF
(1785791676.938289) can0 18F015F1#000044EC49124725
(1785791676.947431) can0 18FF09D1#01000A00D5C0E0
(1785791677.006334) can0 18FEF1F8#FF0000FFFFFFFFFF
(1785791677.007505) can0 18F005F8#7DFFFF7DFFFFFFFF
(1785791677.009286) can0 1CECFFF1#20120003FF19F000
(1785791677.010290) can0 1CEBFFF1#0127100000000000
(1785791677.011299) can0 1CEBFFF1#0200000000000000
(1785791677.012292) can0 1CEBFFF1#03FE991C75FFFFFF
(1785791677.038362) can0 18F015F1#000044E649234727
(1785791677.047547) can0 18FF09D1#01000A00D5C0E0
(1785791677.105262) can0 18FEF1F8#FF0000FFFFFFFFFF
(1785791677.106434) can0 18F005F8#7DFFFF7DFFFFFFFF
(1785791677.110279) can0 1CECFFF1#20120003FF19F000
(1785791677.111277) can0 1CEBFFF1#0127100000000000
(1785791677.112287) can0 1CEBFFF1#0200000000000000
(1785791677.113268) can0 1CEBFFF1#03FE961835FFFFFF
(1785791677.139332) can0 18F015F1#000044E4491C471D
(1785791677.147708) can0 18FF09D1#01000A00D5C0E0
(1785791677.148161) can0 18FF14D1#
(1785791677.148417) can0 18F017F1#0CC313317DF7
(1785791677.148867) can0 18F018F1#F131FFE08BEE
(1785791677.149378) can0 18FF16D1#01000A0064
(1785791677.205243) can0 18FEF1F8#FF0000FFFFFFFFFF
(1785791677.206430) can0 18F005F8#7DFFFF7DFFFFFFFF
(1785791677.209281) can0 1CECFFF1#20120003FF19F000
(1785791677.210286) can0 1CEBFFF1#0127100000000000
(1785791677.211291) can0 1CEBFFF1#0200000000000000
(1785791677.212265) can0 1CEBFFF1#03FE91DA74FFFFFF
(1785791677.238294) can0 18F015F1#000044DF49164718
(1785791677.247539) can0 18ECFFD1#200E0002FF09FF00
(1785791677.248089) can0 18EBFFD1#0101000A00D5C0E0
(1785791677.248664) can0 18EBFFD1#0201000B00D310DC
(1785791677.305224) can0 18FEF1F8#FF0000FFFFFFFFFF
(1785791677.306443) can0 18F005F8#7DFFFF7DFFFFFFFF
(1785791677.310285) can0 1CECFFF1#20120003FF19F000
(1785791677.311285) can0 1CEBFFF1#0127100000000000
(1785791677.312318) can0 1CEBFFF1#0200000000000000
(1785791677.313289) can0 1CEBFFF1#03FE8AD134FFFFFF
(1785791677.339321) can0 18F015F1#000044D848FD4719
(1785791677.347619) can0 18ECFFD1#200E0002FF09FF00
(1785791677.348090) can0 18EBFFD1#0101000A00D5C0E0
(1785791677.348658) can0 18EBFFD1#0201000B00D310DC
(1785791677.405958) can0 18FEF1F8#FF0000FFFFFFFFFF
(1785791677.407497) can0 18F005F8#7DFFFF7DFFFFFFFF
(1785791677.410320) can0 1CECFFF1#20120003FF19F000
(1785791677.411282) can0 1CEBFFF1#0127100000000000
(1785791677.412292) can0 1CEBFFF1#0200000000000000
(1785791677.413274) can0 1CEBFFF1#03FE89D074FFFFFF
(1785791677.439292) can0 18F015F1#000044D948C9470F
(1785791677.447522) can0 18ECFFD1#200E0002FF09FF00
(1785791677.448073) can0 18EBFFD1#0101000A00D5C0E0
(1785791677.448648) can0 18EBFFD1#0201000B00D310DC
(1785791677.505350) can0 18FEF1F8#FF0000FFFFFFFFFF
(1785791677.506616) can0 18F005F8#7DFFFF7DFFFFFFFF
(1785791677.510321) can0 1CECFFF1#20120003FF19F000
(1785791677.511300) can0 1CEBFFF1#0127100000000000
(1785791677.512319) can0 1CEBFFF1#0200000000000000
(1785791677.513293) can0 1CEBFFF1#03FE8810B5FFFFFF
(1785791677.539326) can0 18F015F1#000044D6489D471D
(1785791677.547539) can0 18ECFFD1#200E0002FF09FF00
(1785791677.548094) can0 18EBFFD1#0101000A00D5C0E0
(1785791677.548648) can0 18EBFFD1#0201000B00D310DC
(1785791677.605223) can0 18FEF1F8#FF0000FFFFFFFFFF
(1785791677.606435) can0 18F005F8#7DFFFF7DFFFFFFFF
(1785791677.610296) can0 1CECFFF1#20120003FF19F000
(1785791677.611286) can0 1CEBFFF1#0127100000000000
(1785791677.612297) can0 1CEBFFF1#0200000000000000
(1785791677.613282) can0 1CEBFFF1#03FE86D434FFFFFF
(1785791677.640283) can0 18F015F1#000044D448B14722
(1785791677.647583) can0 18ECFFD1#200E0002FF09FF00
(1785791677.648139) can0 18EBFFD1#0101000A00D5C0E0
(1785791677.648868) can0 18EBFFD1#0201000B00D310DC
(1785791677.649509) can0 18FF14D1#
(1785791677.705345) can0 18FEF1F8#FF0000FFFFFFFFFF
(1785791677.706631) can0 18F005F8#7DFFFF7DFFFFFFFF
(1785791677.710337) can0 1CECFFF1#20120003FF19F000
(1785791677.711335) can0 1CEBFFF1#0127100000000000
(1785791677.712370) can0 1CEBFFF1#0200000000000000
(1785791677.713340) can0 1CEBFFF1#03FE86D434FFFFFF
(1785791677.739392) can0 18F015F1#000044D648BC4711
(1785791677.747647) can0 18ECFFD1#200E0002FF09FF00
(1785791677.748153) can0 18EBFFD1#0101000A00D5C0E0
(1785791677.748877) can0 18EBFFD1#0201000B00D310DC
(1785791677.805399) can0 18FEF1F8#FF0000FFFFFFFFFF
(1785791677.806843) can0 18F005F8#7DFFFF7DFFFFFFFF
(1785791677.810355) can0 1CECFFF1#20120003FF19F000
(1785791677.811291) can0 1CEBFFF1#0127100000000000
(1785791677.812293) can0 1CEBFFF1#0200000000000000
(1785791677.813273) can0 1CEBFFF1#03FE86D434FFFFFF
(1785791677.839333) can0 18F015F1#000044D248C94715
(1785791677.847511) can0 18ECFFD1#200E0002FF09FF00
(1785791677.848051) can0 18EBFFD1#0101000A00D5C0E0
(1785791677.848621) can0 18EBFFD1#0201000B00D310DC
(1785791677.905355) can0 18FEF1F8#FF0000FFFFFFFFFF
(1785791677.906508) can0 18F005F8#7DFFFF7DFFFFFFFF
(1785791677.911299) can0 1CECFFF1#20120003FF19F000
(1785791677.912291) can0 1CEBFFF1#0127100000000000
(1785791677.913307) can0 1CEBFFF1#0200000000000000
(1785791677.914284) can0 1CEBFFF1#03FE7E5635FFFFFF
(1785791677.940310) can0 18F015F1#000044CE48F74714
(1785791677.947511) can0 18ECFFD1#200E0002FF09FF00
(1785791677.948065) can0 18EBFFD1#0101000A00D5C0E0
(1785791677.948641) can0 18EBFFD1#0201000B00D310DC
(1785791678.005503) can0 18FEF1F8#FF0000FFFFFFFFFF
(1785791678.006836) can0 18F005F8#7DFFFF7DFFFFFFFF
(1785791678.011358) can0 1CECFFF1#20120003FF19F000
(1785791678.012321) can0 1CEBFFF1#0127100000000000
(1785791678.013468) can0 1CEBFFF1#0200000000000000
(1785791678.014314) can0 1CEBFFF1#03FE7E5635FFFFFF
(1785791678.040369) can0 18F015F1#000044CC49194719
(1785791678.047847) can0 18ECFFD1#200E0002FF09FF00
(1785791678.048468) can0 18EBFFD1#0101000A00D5C0E0
(1785791678.048896) can0 18EBFFD1#0201000B00D310DC
(1785791678.105235) can0 18FEF1F8#FF0000FFFFFFFFFF
(1785791678.106375) can0 18F005F8#7DFFFF7DFFFFFFFF
(1785791678.111302) can0 1CECFFF1#20120003FF19F000
(1785791678.112292) can0 1CEBFFF1#0127100000000000
(1785791678.113338) can0 1CEBFFF1#0200000000000000
(1785791678.114279) can0 1CEBFFF1#03FE7B55F5FFFFFF
(1785791678.140307) can0 18F015F1#000044CA4929471E
(1785791678.147726) can0 18ECFFD1#200E0002FF09FF00
(1785791678.148271) can0 18EBFFD1#0101000A00D510DC
(1785791678.148973) can0 18EBFFD1#0201000B00D310DC
(1785791678.149596) can0 18FF14D1#
(1785791678.150213) can0 18F017F1#009816077D83
(1785791678.150712) can0 18F018F1#E5C5FB9E800A
(1785791678.205248) can0 18FEF1F8#FF0000FFFFFFFFFF
(1785791678.206446) can0 18F005F8#7DFFFF7DFFFFFFFF
(1785791678.211306) can0 1CECFFF1#20120003FF19F000
(1785791678.212294) can0 1CEBFFF1#0127100000000000
(1785791678.213303) can0 1CEBFFF1#0200000000000000
(1785791678.214289) can0 1CEBFFF1#03FE7B55F5FFFFFF
(1785791678.240296) can0 18F015F1#000044C94923471F
(1785791678.247519) can0 18ECFFD1#200E0002FF09FF00
(1785791678.248055) can0 18EBFFD1#0101000A00D510DC
(1785791678.248637) can0 18EBFFD1#0201000B00D310DC
(1785791678.305244) can0 18FEF1F8#FF0000FFFFFFFFFF
(1785791678.306477) can0 18F005F8#7DFFFF7DFFFFFFFF
(1785791678.311303) can0 1CECFFF1#20120003FF19F000
(1785791678.312313) can0 1CEBFFF1#0127100000000000
(1785791678.313324) can0 1CEBFFF1#0200000000000000
(1785791678.314292) can0 1CEBFFF1#03FE7854B5FFFFFF
(1785791678.340309) can0 18F015F1#000044C6491F472A
(1785791678.347543) can0 18ECFFD1#200E0002FF09FF00
(1785791678.348067) can0 18EBFFD1#0101000A00D510DC
(1785791678.348638) can0 18EBFFD1#0201000B00D310DC
(1785791678.406541) can0 18FEF1F8#FF0000FFFFFFFFFF
(1785791678.407822) can0 18F005F8#7DFFFF7DFFFFFFFF
(1785791678.411364) can0 1CECFFF1#20120003FF19F000
(1785791678.412286) can0 1CEBFFF1#0127100000000000
(1785791678.413489) can0 1CEBFFF1#0200000000000000
(1785791678.417078) can0 1CEBFFF1#03FE7854B5FFFFFF
(1785791678.440460) can0 18F015F1#000044C7491E472E
(1785791678.447615) can0 18ECFFD1#200E0002FF09FF00
(1785791678.448043) can0 18EBFFD1#0101000A00D510DC
(1785791678.448634) can0 18EBFFD1#0201000B00D310DC
(1785791678.505215) can0 18FEF1F8#FF0000FFFFFFFFFF
(1785791678.506384) can0 18F005F8#7DFFFF7DFFFFFFFF
(1785791678.511347) can0 1CECFFF1#20120003FF19F000
(1785791678.512296) can0 1CEBFFF1#0127100000000000
(1785791678.513300) can0 1CEBFFF1#0200000000000000
(1785791678.514274) can0 1CEBFFF1#03FE799474FFFFFF
(1785791678.540315) can0 18F015F1#000044C8492B472F
(1785791678.547482) can0 18ECFFD1#200E0002FF09FF00
(1785791678.548022) can0 18EBFFD1#0101000A00D510DC
(1785791678.548594) can0 18EBFFD1#0201000B00D310DC
(1785791678.605244) can0 18FEF1F8#FF0000FFFFFFFFFF
(1785791678.606396) can0 18F005F8#7DFFFF7DFFFFFFFF
(1785791678.611306) can0 1CECFFF1#20120003FF19F000
(1785791678.612297) can0 1CEBFFF1#0127100000000000
(1785791678.613305) can0 1CEBFFF1#0200000000000000
(1785791678.614285) can0 1CEBFFF1#03FE769034FFFFFF
(1785791678.641304) can0 18F015F1#000044C449394724
(1785791678.647621) can0 18ECFFD1#200E0002FF09FF00
(1785791678.648164) can0 18EBFFD1#0101000A00D5D8DC
(1785791678.648732) can0 18EBFFD1#0201000B00D310DC
(1785791678.649420) can0 18FF14D1#
(1785791678.705483) can0 18FEF1F8#FF0000FFFFFFFFFF
(1785791678.706775) can0 18F005F8#7DFFFF7DFFFFFFFF
(1785791678.712343) can0 1CECFFF1#20120003FF19F000
(1785791678.713332) can0 1CEBFFF1#0127100000000000
(1785791678.714334) can0 1CEBFFF1#0200000000000000
(1785791678.715320) can0 1CEBFFF1#03FE7393F4FFFFFF
(1785791678.741477) can0 18F015F1#000044C249404719
(1785791678.747572) can0 18ECFFD1#200E0002FF09FF00
(1785791678.748050) can0 18EBFFD1#0101000A00D5D8DC
(1785791678.748637) can0 18EBFFD1#0201000B00D310DC
(1785791678.805547) can0 18FEF1F8#FF0000FFFFFFFFFF
(1785791678.806830) can0 18F005F8#7DFFFF7DFFFFFFFF
(1785791678.812476) can0 1CECFFF1#20120003FF19F000
(1785791678.813326) can0 1CEBFFF1#0127100000000000
(1785791678.814316) can0 1CEBFFF1#0200000000000000
(1785791678.815287) can0 1CEBFFF1#03FE7451B5FFFFFF
(1785791678.841325) can0 18F015F1#000044C349354716
(1785791678.847540) can0 18ECFFD1#200E0002FF09FF00
(1785791678.848078) can0 18EBFFD1#0101000A00D5D8DC
(1785791678.848659) can0 18EBFFD1#0201000B00D310DC
(1785791678.905288) can0 18FEF1F8#FF0000FFFFFFFFFF
(1785791678.906512) can0 18F005F8#7DFFFF7DFFFFFFFF
(1785791678.912305) can0 1CECFFF1#20120003FF19F000
(1785791678.913296) can0 1CEBFFF1#0127100000000000
(1785791678.914322) can0 1CEBFFF1#0200000000000000
(1785791678.915293) can0 1CEBFFF1#03FE769034FFFFFF
(1785791678.941306) can0 18F015F1#000044C749284725
(1785791678.947469) can0 18ECFFD1#200E0002FF09FF00
(1785791678.948013) can0 18EBFFD1#0101000A00D5D8DC
(1785791678.948608) can0 18EBFFD1#0201000B00D310DC
(1785791679.005222) can0 18FEF1F8#FF0000FFFFFFFFFF
(1785791679.006435) can0 18F005F8#7DFFFF7DFFFFFFFF
(1785791679.012311) can0 1CECFFF1#20120003FF19F000
(1785791679.013304) can0 1CEBFFF1#0127100000000000
(1785791679.014318) can0 1CEBFFF1#0200000000000000
(1785791679.015298) can0 1CEBFFF1#03FE7A9534FFFFFF
(1785791679.041464) can0 18F015F1#000044CA49244726
(1785791679.047506) can0 18ECFFD1#200E0002FF09FF00
(1785791679.048027) can0 18EBFFD1#0101000A00D5D8DC
(1785791679.048621) can0 18EBFFD1#0201000B00D310DC
(1785791679.105357) can0 18FEF1F8#FF0000FFFFFFFFFF
(1785791679.106666) can0 18F005F8#7DFFFF7DFFFFFFFF
(1785791679.113711) can0 1CECFFF1#20120003FF19F000
(1785791679.114001) can0 1CEBFFF1#0127100000000000
(1785791679.114272) can0 1CEBFFF1#0200000000000000
(1785791679.115392) can0 1CEBFFF1#03FE7D5775FFFFFF
(1785791679.142302) can0 18F015F1#000044CD49264725
(1785791679.147633) can0 18ECFFD1#200E0002FF09FF00
(1785791679.148146) can0 18EBFFD1#0101000A00D5D8DC
(1785791679.148731) can0 18EBFFD1#0201000B00D310DC
(1785791679.149541) can0 18FF14D1#
(1785791679.151261) can0 18F017F1#009816077D83
(1785791679.151695) can0 18F018F1#E5C5FB9E800A
(1785791679.205250) can0 18FEF1F8#FF0000FFFFFFFFFF
(1785791679.206448) can0 18F005F8#7DFFFF7DFFFFFFFF
(1785791679.212342) can0 1CECFFF1#20120003FF19F000
(1785791679.213316) can0 1CEBFFF1#0127100000000000
(1785791679.214314) can0 1CEBFFF1#0200000000000000
(1785791679.215306) can0 1CEBFFF1#03FE7F96F4FFFFFF
(1785791679.241300) can0 18F015F1#000044CE49254726
(1785791679.247489) can0 18ECFFD1#200E0002FF09FF00
(1785791679.248024) can0 18EBFFD1#0101000A00D5D8DC
(1785791679.248609) can0 18EBFFD1#0201000B00D310DC
(1785791679.305241) can0 18FEF1F8#FF0000FFFFFFFFFF
(1785791679.306424) can0 18F005F8#7DFFFF7DFFFFFFFF
(1785791679.312409) can0 1CECFFF1#20120003FF19F000
(1785791679.313338) can0 1CEBFFF1#0127100000000000
(1785791679.314383) can0 1CEBFFF1#0200000000000000
(1785791679.315312) can0 1CEBFFF1#03FE80D6B4FFFFFF
(1785791679.341302) can0 18F015F1#000044D1492D4723
(1785791679.347453) can0 18ECFFD1#200E0002FF09FF00
(1785791679.347999) can0 18EBFFD1#0101000A00D5D8DC
(1785791679.348572) can0 18EBFFD1#0201000B00D310DC
(1785791679.405799) can0 18FEF1F8#FF0000FFFFFFFFFF
(1785791679.406960) can0 18F005F8#7DFFFF7DFFFFFFFF
(1785791679.413443) can0 1CECFFF1#20120003FF19F000
(1785791679.414325) can0 1CEBFFF1#0127100000000000
(1785791679.415332) can0 1CEBFFF1#0200000000000000
(1785791679.416356) can0 1CEBFFF1#03FE811675FFFFFF
(1785791679.441337) can0 18F015F1#000044D149334715
(1785791679.447468) can0 18ECFFD1#200E0002FF09FF00
(1785791679.448003) can0 18EBFFD1#0101000A00D5D8DC
(1785791679.448567) can0 18EBFFD1#0201000B00D310DC
(1785791679.505611) can0 18FEF1F8#FF0000FFFFFFFFFF
(1785791679.507197) can0 18F005F8#7DFFFF7DFFFFFFFF
(1785791679.513391) can0 1CECFFF1#20120003FF19F000
(1785791679.514832) can0 1CEBFFF1#0127100000000000
(1785791679.515659) can0 1CEBFFF1#0200000000000000
(1785791679.516451) can0 1CEBFFF1#03FE83D7F4FFFFFF
(1785791679.542315) can0 18F015F1#000044D34938471C
(1785791679.547491) can0 18ECFFD1#200E0002FF09FF00
(1785791679.548017) can0 18EBFFD1#0101000A00D5D8DC
(1785791679.548595) can0 18EBFFD1#0201000B00D310DC
(1785791679.605334) can0 18FEF1F8#FF0000FFFFFFFFFF
(1785791679.606524) can0 18F005F8#7DFFFF7DFFFFFFFF
(1785791679.613316) can0 1CECFFF1#20120003FF19F000
(1785791679.614312) can0 1CEBFFF1#0127100000000000
(1785791679.615325) can0 1CEBFFF1#0200000000000000
(1785791679.616305) can0 1CEBFFF1#03FE86D434FFFFFF
(1785791679.642309) can0 18F015F1#000044D7493F471D
(1785791679.647525) can0 18ECFFD1#200E0002FF09FF00
(1785791679.648065) can0 18EBFFD1#0101000A00D5D8DC
(1785791679.648635) can0 18EBFFD1#0201000B00D310DC
(1785791679.649295) can0 18FF14D1#
(1785791679.705383) can0 18FEF1F8#FF0000FFFFFFFFFF
(1785791679.706582) can0 18F005F8#7DFFFF7DFFFFFFFF
(1785791679.713389) can0 1CECFFF1#20120003FF19F000
(1785791679.714313) can0 1CEBFFF1#0127100000000000
(1785791679.715321) can0 1CEBFFF1#0200000000000000
(1785791679.716311) can0 1CEBFFF1#03FE8AD134FFFFFF
(1785791679.742490) can0 18F015F1#000044DA49484720
(1785791679.747444) can0 18FF09D1#01000A00D5D8DC
(1785791679.805304) can0 18FEF1F8#FF0000FFFFFFFFFF
(1785791679.806613) can0 18F005F8#7DFFFF7DFFFFFFFF
(1785791679.813376) can0 1CECFFF1#20120003FF19F000
(1785791679.814305) can0 1CEBFFF1#0127100000000000
(1785791679.815385) can0 1CEBFFF1#0200000000000000
(1785791679.816363) can0 1CEBFFF1#03FE8AD134FFFFFF
(1785791679.842349) can0 18F015F1#000044DB493E4723
(1785791679.847336) can0 18FF09D1#01000A00D5D8DC
(1785791679.905361) can0 18FEF1F8#FF0000FFFFFFFFFF
(1785791679.906503) can0 18F005F8#7DFFFF7DFFFFFFFF
(1785791679.913312) can0 1CECFFF1#20120003FF19F000
(1785791679.914306) can0 1CEBFFF1#0127100000000000
(1785791679.915312) can0 1CEBFFF1#0200000000000000
(1785791679.916299) can0 1CEBFFF1#03FE91DA74FFFFFF
(1785791679.942305) can0 18F015F1#000044E349174737
(1785791679.947346) can0 18FF09D1#01000A00D5D8DC
(1785791680.005497) can0 18FEF1F8#FF0000FFFFFFFFFF
(1785791680.006663) can0 18F005F8#7DFFFF7DFFFFFFFF
(1785791680.013316) can0 1CECFFF1#20120003FF19F000
(1785791680.014308) can0 1CEBFFF1#0127100000000000
(1785791680.015334) can0 1CEBFFF1#0200000000000000
(1785791680.016318) can0 1CEBFFF1#03FE9BDDF4FFFFFF
(1785791680.042421) can0 18F015F1#000044EC48D14745
(1785791680.047436) can0 18FF09D1#01000A00D5D8DC
(1785791680.105595) can0 18FEF1F8#FF0000FFFFFFFFFF
(1785791680.107439) can0 18F005F8#7DFFFF7DFFFFFFFF
(1785791680.113350) can0 1CECFFF1#20120003FF19F000
(1785791680.114306) can0 1CEBFFF1#0127100000000000
(1785791680.115310) can0 1CEBFFF1#0200000000000000
(1785791680.116398) can0 1CEBFFF1#03FE9DDF74FFFFFF
(1785791680.143402) can0 18F015F1#000044EC48994743
(1785791680.147427) can0 18FF09D1#01000A00D5D8DC
(1785791680.147698) can0 18FF14D1#
(1785791680.152268) can0 18F017F1#F71F168DB13A
(1785791680.152691) can0 18F018F1#DD3EFD22843E
(1785791680.205248) can0 18FEF1F8#FF0000FFFFFFFFFF
(1785791680.206429) can0 18F005F8#7DFFFF7DFFFFFFFF
(1785791680.214320) can0 1CECFFF1#20120003FF19F000
(1785791680.215308) can0 1CEBFFF1#0127100000000000
(1785791680.216384) can0 1CEBFFF1#0200000000000000
(1785791680.217292) can0 1CEBFFF1#03FEA30FF5FFFFFF
(1785791680.243311) can0 18F015F1#000044F34854473C
(1785791680.247344) can0 18FF09D1#01000A00D5D8DC
(1785791680.305305) can0 18FEF1F8#FF0000FFFFFFFFFF
(1785791680.306491) can0 18F005F8#7DFFFF7DFFFFFFFF
(1785791680.314339) can0 1CECFFF1#20120003FF19F000
(1785791680.315329) can0 1CEBFFF1#0127100000000000
(1785791680.316334) can0 1CEBFFF1#0200000000000000
(1785791680.317306) can0 1CEBFFF1#03FEA90875FFFFFF
(1785791680.343319) can0 18F015F1#000044FA481B472C
(1785791680.347336) can0 18FF09D1#01000A00D5D8DC
(1785791680.406007) can0 18FEF1F8#FF0000FFFFFFFFFF
(1785791680.407253) can0 18F005F8#7DFFFF7DFFFFFFFF
(1785791680.414423) can0 1CECFFF1#20120003FF19F000
(1785791680.415353) can0 1CEBFFF1#0127100000000000
(1785791680.416355) can0 1CEBFFF1#0200000000000000
(1785791680.417400) can0 1CEBFFF1#03FEAECA34FFFFFF
(1785791680.443344) can0 18F015F1#000044FE4807472C
(1785791680.447350) can0 18FF09D1#01000A00D5D8DC
(1785791680.506689) can0 18FEF1F8#FF0000FFFFFFFFFF
(1785791680.507987) can0 18F005F8#7DFFFF7DFFFFFFFF
(1785791680.514306) can0 1CECFFF1#20120003FF19F000
(1785791680.515305) can0 1CEBFFF1#0127100000000000
(1785791680.516323) can0 1CEBFFF1#0200000000000000
(1785791680.517295) can0 1CEBFFF1#03FEB10275FFFFFF
(1785791680.543339) can0 18F015F1#00004501482D4755
(1785791680.547325) can0 18FF09D1#01000A00D5D8DC
(1785791680.605236) can0 18FEF1F8#FF0000FFFFFFFFFF
(1785791680.606431) can0 18F005F8#7DFFFF7DFFFFFFFF
(1785791680.614318) can0 1CECFFF1#20120003FF19F000
(1785791680.615316) can0 1CEBFFF1#0127100000000000
(1785791680.616330) can0 1CEBFFF1#0200000000000000
(1785791680.617308) can0 1CEBFFF1#03FEB6C034FFFFFF
(1785791680.644306) can0 18F015F1#000045094868476B
(1785791680.647418) can0 18FF09D1#01000A00D5D8DC
(1785791680.647689) can0 18FF14D1#
(1785791680.705357) can0 18FEF1F8#FF0000FFFFFFFFFF
(1785791680.706724) can0 18F005F8#7DFFFF7DFFFFFFFF
(1785791680.714637) can0 1CECFFF1#20120003FF19F000
(1785791680.715340) can0 1CEBFFF1#0127100000000000
(1785791680.716404) can0 1CEBFFF1#0200000000000000
(1785791680.717416) can0 1CEBFFF1#03FEBFC6F4FFFFFF
(1785791680.743448) can0 18F015F1#0000450E48B2475A
(1785791680.747490) can0 18ECFFD1#200E0002FF09FF00
(1785791680.747990) can0 18EBFFD1#0101000A00D5D8DC
(1785791680.748494) can0 18EBFFD1#0201000B00D310DC
(1785791680.805331) can0 18FEF1F8#FF0000FFFFFFFFFF
(1785791680.806729) can0 18F005F8#7DFFFF7DFFFFFFFF
(1785791680.814577) can0 1CECFFF1#20120003FF19F000
(1785791680.815390) can0 1CEBFFF1#0127100000000000
(1785791680.816329) can0 1CEBFFF1#0200000000000000
(1785791680.817298) can0 1CEBFFF1#03FEC1E674FFFFFF
(1785791680.844365) can0 18F015F1#0000451048EB4741
(1785791680.847608) can0 18ECFFD1#200E0002FF09FF00
(1785791680.848154) can0 18EBFFD1#0101000A00D5D8DC
(1785791680.848724) can0 18EBFFD1#0201000B00D310DC
(1785791680.905425) can0 18FEF1F8#FF0000FFFFFFFFFF
(1785791680.906659) can0 18F005F8#7DFFFF7DFFFFFFFF
(1785791680.914330) can0 1CECFFF1#20120003FF19F000
(1785791680.915326) can0 1CEBFFF1#0127100000000000
(1785791680.916347) can0 1CEBFFF1#0200000000000000
(1785791680.917314) can0 1CEBFFF1#03FEBFC6F4FFFFFF
(1785791680.943351) can0 18F015F1#0000450F49164725
(1785791680.947451) can0 18ECFFD1#200E0002FF09FF00
(1785791680.947966) can0 18EBFFD1#0101000A00D5D8DC
(1785791680.948552) can0 18EBFFD1#0201000B00D310DC
(1785791681.005293) can0 18FEF1F8#FF0000FFFFFFFFFF
(1785791681.006502) can0 18F005F8#7DFFFF7DFFFFFFFF
(1785791681.015342) can0 1CECFFF1#20120003FF19F000
(1785791681.016330) can0 1CEBFFF1#0127100000000000
(1785791681.017346) can0 1CEBFFF1#0200000000000000
(1785791681.018325) can0 1CEBFFF1#03FEC026B5FFFFFF
(1785791681.044473) can0 18F015F1#000045114937472C
(1785791681.047491) can0 18ECFFD1#200E0002FF09FF00
(1785791681.047969) can0 18EBFFD1#0101000A00D5D8DC
(1785791681.048577) can0 18EBFFD1#0201000B00D310DC
(1785791681.107489) can0 18FEF1F8#FF0000FFFFFFFFFF
(1785791681.108768) can0 18F005F8#7DFFFF7DFFFFFFFF
(1785791681.115372) can0 1CECFFF1#20120003FF19F000
(1785791681.116503) can0 1CEBFFF1#0127100000000000
(1785791681.117379) can0 1CEBFFF1#0200000000000000
(1785791681.118344) can0 1CEBFFF1#03FEC7E4F4FFFFFF
(1785791681.144556) can0 18F015F1#0000451649454751
(1785791681.147587) can0 18ECFFD1#200E0002FF09FF00
(1785791681.148498) can0 18EBFFD1#0101000A00D5A0DD
(1785791681.148978) can0 18EBFFD1#0201000B00D310DC
(1785791681.149425) can0 18FF14D1#
(1785791681.154348) can0 18F017F1#F71F168DB13A
(1785791681.154635) can0 18F018F1#DD3EFD22843E
(1785791681.205237) can0 18FEF1F8#FF0000FFFFFFFFFF
(1785791681.206375) can0 18F005F8#7DFFFF7DFFFFFFFF
(1785791681.215316) can0 1CECFFF1#20120003FF19F000
(1785791681.216321) can0 1CEBFFF1#0127100000000000
(1785791681.217339) can0 1CEBFFF1#0200000000000000
(1785791681.218306) can0 1CEBFFF1#03FECDE374FFFFFF
(1785791681.244317) can0 18F015F1#0000451E49364768
(1785791681.247425) can0 18ECFFD1#200E0002FF09FF00
(1785791681.247971) can0 18EBFFD1#0101000A00D5A0DD
(1785791681.248548) can0 18EBFFD1#0201000B00D3D8DC
(1785791681.305244) can0 18FEF1F8#FF0000FFFFFFFFFF
(1785791681.306421) can0 18F005F8#7DFFFF7DFFFFFFFF
(1785791681.315344) can0 1CECFFF1#20120003FF19F000
(1785791681.316329) can0 1CEBFFF1#0127100000000000
(1785791681.317337) can0 1CEBFFF1#0200000000000000
(1785791681.318313) can0 1CEBFFF1#03FECF22F5FFFFFF
(1785791681.344307) can0 18F015F1#0000452249234762
(1785791681.347394) can0 18ECFFD1#200E0002FF09FF00
(1785791681.347949) can0 18EBFFD1#0101000A00D5A0DD
(1785791681.348517) can0 18EBFFD1#0201000B00D3D8DC
(1785791681.405896) can0 18FEF1F8#FF0000FFFFFFFFFF
(1785791681.407110) can0 18F005F8#7DFFFF7DFFFFFFFF
(1785791681.415492) can0 1CECFFF1#20120003FF19F000
(1785791681.416399) can0 1CEBFFF1#0127100000000000
(1785791681.417352) can0 1CEBFFF1#0200000000000000
(1785791681.418350) can0 1CEBFFF1#03FED22B35FFFFFF
(1785791681.444321) can0 18F015F1#000045214910474B
(1785791681.447409) can0 18ECFFD1#200E0002FF09FF00
(1785791681.447950) can0 18EBFFD1#0101000A00D5A0DD
(1785791681.448519) can0 18EBFFD1#0201000B00D3D8DC
(1785791681.505319) can0 18FEF1F8#FF0000FFFFFFFFFF
(1785791681.506659) can0 18F005F8#7DFFFF7DFFFFFFFF
(1785791681.516098) can0 1CECFFF1#20120003FF19F000
(1785791681.516533) can0 1CEBFFF1#0127100000000000
(1785791681.517460) can0 1CEBFFF1#0200000000000000
(1785791681.518396) can0 1CEBFFF1#03FED0EAB4FFFFFF
(1785791681.544586) can0 18F015F1#0000451F49014734
(1785791681.547435) can0 18ECFFD1#200E0002FF09FF00
(1785791681.547947) can0 18EBFFD1#0101000A00D5A0DD
(1785791681.548517) can0 18EBFFD1#0201000B00D3D8DC
(1785791681.605240) can0 18FEF1F8#FF0000FFFFFFFFFF
(1785791681.606442) can0 18F005F8#7DFFFF7DFFFFFFFF
(1785791681.616324) can0 1CECFFF1#20120003FF19F000
(1785791681.617322) can0 1CEBFFF1#0127100000000000
(1785791681.618332) can0 1CEBFFF1#0200000000000000
(1785791681.619301) can0 1CEBFFF1#03FECF22F5FFFFFF
(1785791681.645325) can0 18F015F1#0000451E49004734
(1785791681.647475) can0 18ECFFD1#200E0002FF09FF00
(1785791681.648025) can0 18EBFFD1#0101000A00D5A0DD
(1785791681.648592) can0 18EBFFD1#0201000B00D3D8DC
(1785791681.649380) can0 18FF14D1#
(1785791681.705345) can0 18FEF1F8#FF0000FFFFFFFFFF
(1785791681.706501) can0 18F005F8#7DFFFF7DFFFFFFFF
(1785791681.716420) can0 1CECFFF1#20120003FF19F000
(1785791681.717318) can0 1CEBFFF1#0127100000000000
(1785791681.718323) can0 1CEBFFF1#0200000000000000
(1785791681.719313) can0 1CEBFFF1#03FED3EBF4FFFFFF
(1785791681.745506) can0 18F015F1#00004524490A474B
(1785791681.747478) can0 18ECFFD1#200E0002FF09FF00
(1785791681.747977) can0 18EBFFD1#0101000A00D5A0DD
(1785791681.748557) can0 18EBFFD1#0201000B00D3D8DC
(1785791681.805401) can0 18FEF1F8#FF0000FFFFFFFFFF
(1785791681.806813) can0 18F005F8#7DFFFF7DFFFFFFFF
(1785791681.816377) can0 1CECFFF1#20120003FF19F000
(1785791681.817325) can0 1CEBFFF1#0127100000000000
(1785791681.818329) can0 1CEBFFF1#0200000000000000
(1785791681.819305) can0 1CEBFFF1#03FED82CB5FFFFFF
(1785791681.845347) can0 18F015F1#000045284921475B
(1785791681.847378) can0 18ECFFD1#200E0002FF09FF00
(1785791681.847928) can0 18EBFFD1#0101000A00D5A0DD
(1785791681.848493) can0 18EBFFD1#0201000B00D3D8DC
(1785791681.905320) can0 18FEF1F8#FF0000FFFFFFFFFF
(1785791681.906519) can0 18F005F8#7DFFFF7DFFFFFFFF
(1785791681.916335) can0 1CECFFF1#20120003FF19F000
(1785791681.917320) can0 1CEBFFF1#0127100000000000
(1785791681.918328) can0 1CEBFFF1#0200000000000000
(1785791681.919310) can0 1CEBFFF1#03FEDCEFB4FFFFFF
(1785791681.945323) can0 18F015F1#0000452A49284765
(1785791681.947388) can0 18ECFFD1#200E0002FF09FF00
(1785791681.947945) can0 18EBFFD1#0101000A00D5A0DD
(1785791681.948511) can0 18EBFFD1#0201000B00D3D8DC
(1785791682.005347) can0 18FEF1F8#FF0000FFFFFFFFFF
(1785791682.006514) can0 18F005F8#7DFFFF7DFFFFFFFF
(1785791682.016346) can0 1CECFFF1#20120003FF19F000
(1785791682.017336) can0 1CEBFFF1#0127100000000000
(1785791682.018342) can0 1CEBFFF1#0200000000000000
(1785791682.019313) can0 1CEBFFF1#03FEDFEEF4FFFFFF
(1785791682.045445) can0 18F015F1#0000452E49164765
(1785791682.047459) can0 18ECFFD1#200E0002FF09FF00
(1785791682.047960) can0 18EBFFD1#0101000A00D5A0DD
(1785791682.048538) can0 18EBFFD1#0201000B00D3D8DC
(1785791682.105675) can0 18FEF1F8#FF0000FFFFFFFFFF
(1785791682.106893) can0 18F005F8#7DFFFF7DFFFFFFFF
(1785791682.116436) can0 1CECFFF1#20120003FF19F000
(1785791682.117363) can0 1CEBFFF1#0127100000000000
(1785791682.118356) can0 1CEBFFF1#0200000000000000
(1785791682.119381) can0 1CEBFFF1#03FEE23F35FFFFFF
(1785791682.146492) can0 18F015F1#00004531490D4759
(1785791682.147690) can0 18ECFFD1#200E0002FF09FF00
(1785791682.148211) can0 18EBFFD1#0101000A00D5A0DD
(1785791682.148777) can0 18EBFFD1#0201000B00D3D8DC
(1785791682.149625) can0 18FF14D1#
(1785791682.155318) can0 18F017F1#FD1A1BCB6FBF
(1785791682.155706) can0 18F018F1#D40AF5FA8391
(1785791682.205254) can0 18FEF1F8#FF0000FFFFFFFFFF
(1785791682.206389) can0 18F005F8#7DFFFF7DFFFFFFFF
(1785791682.216350) can0 1CECFFF1#20120003FF19F000
(1785791682.217324) can0 1CEBFFF1#0127100000000000
(1785791682.218333) can0 1CEBFFF1#0200000000000000
(1785791682.219310) can0 1CEBFFF1#03FEE3FFF4FFFFFF
(1785791682.245334) can0 18F015F1#0000453148FF474C
(1785791682.247368) can0 18ECFFD1#200E0002FF09FF00
(1785791682.247920) can0 18EBFFD1#0101000A00D5A0DD
(1785791682.248512) can0 18EBFFD1#0201000B00D3D8DC
(1785791682.305216) can0 18FEF1F8#FF0000FFFFFFFFFF
(1785791682.306349) can0 18F005F8#7DFFFF7DFFFFFFFF
(1785791682.316364) can0 1CECFFF1#20120003FF19F000
(1785791682.317328) can0 1CEBFFF1#0127100000000000
(1785791682.318331) can0 1CEBFFF1#0200000000000000
(1785791682.319316) can0 1CEBFFF1#03FEE23F35FFFFFF
(1785791682.345322) can0 18F015F1#0000453148ED4743
(1785791682.347374) can0 18ECFFD1#200E0002FF09FF00
(1785791682.347932) can0 18EBFFD1#0101000A00D5A0DD
(1785791682.348510) can0 18EBFFD1#0201000B00D3D8DC
(1785791682.405499) can0 18FEF1F8#FF0000FFFFFFFFFF
(1785791682.406734) can0 18F005F8#7DFFFF7DFFFFFFFF
(1785791682.417415) can0 1CECFFF1#20120003FF19F000
(1785791682.418351) can0 1CEBFFF1#0127100000000000
(1785791682.419373) can0 1CEBFFF1#0200000000000000
(1785791682.420340) can0 1CEBFFF1#03FEE3FFF4FFFFFF
(1785791682.446343) can0 18F015F1#0000453348C6473C
(1785791682.447559) can0 18ECFFD1#200E0002FF09FF00
(1785791682.448114) can0 18EBFFD1#0101000A00D5A0DD
(1785791682.448696) can0 18EBFFD1#0201000B00D3D8DC
(1785791682.505229) can0 18FEF1F8#FF0000FFFFFFFFFF
(1785791682.506362) can0 18F005F8#7DFFFF7DFFFFFFFF
(1785791682.517325) can0 1CECFFF1#20120003FF19F000
(1785791682.518319) can0 1CEBFFF1#0127100000000000
(1785791682.519331) can0 1CEBFFF1#0200000000000000
(1785791682.520318) can0 1CEBFFF1#03FEEAF934FFFFFF
(1785791682.546358) can0 18F015F1#0000453948B3474E
(1785791682.547529) can0 18ECFFD1#200E0002FF09FF00
(1785791682.548082) can0 18EBFFD1#0101000A00D5A0DD
(1785791682.548660) can0 18EBFFD1#0201000B00D3D8DC
(1785791682.605246) can0 18FEF1F8#FF0000FFFFFFFFFF
(1785791682.606474) can0 18F005F8#7DFFFF7DFFFFFFFF
(1785791682.617352) can0 1CECFFF1#20120003FF19F000
(1785791682.618330) can0 1CEBFFF1#0127100000000000
(1785791682.619338) can0 1CEBFFF1#0200000000000000
(1785791682.620316) can0 1CEBFFF1#03FEECFBB4FFFFFF
(1785791682.646344) can0 18F015F1#0000453E48BB4768
(1785791682.647630) can0 18ECFFD1#200E0002FF09FF00
(1785791682.648185) can0 18EBFFD1#0101000A00D5A0DD
(1785791682.648762) can0 18EBFFD1#0201000B00D3D8DC
(1785791682.649636) can0 18FF14D1#
(1785791682.705444) can0 18FEF1F8#FF0000FFFFFFFFFF
(1785791682.706756) can0 18F005F8#7DFFFF7DFFFFFFFF
(1785791682.717415) can0 1CECFFF1#20120003FF19F000
(1785791682.718350) can0 1CEBFFF1#0127100000000000
(1785791682.719345) can0 1CEBFFF1#0200000000000000
(1785791682.720323) can0 1CEBFFF1#03FEF032B5FFFFFF
(1785791682.746415) can0 18F015F1#0000453F48D04766
(1785791682.747619) can0 18ECFFD1#200E0002FF09FF00
(1785791682.748111) can0 18EBFFD1#0101000A00D5A0DD
(1785791682.748689) can0 18EBFFD1#0201000B00D368DE
(1785791682.805607) can0 18FEF1F8#FF0000FFFFFFFFFF
(1785791682.807225) can0 18F005F8#7DFFFF7DFFFFFFFF
(1785791682.817400) can0 1CECFFF1#20120003FF19F000
(1785791682.818338) can0 1CEBFFF1#0127100000000000
(1785791682.819338) can0 1CEBFFF1#0200000000000000
(1785791682.820310) can0 1CEBFFF1#03FEF333F5FFFFFF
(1785791682.846344) can0 18F015F1#0000454148C7475C
(1785791682.847556) can0 18ECFFD1#200E0002FF09FF00
(1785791682.848101) can0 18EBFFD1#0101000A00D5A0DD
(1785791682.848690) can0 18EBFFD1#0201000B00D368DE
(1785791682.905319) can0 18FEF1F8#FF0000FFFFFFFFFF
(1785791682.906462) can0 18F005F8#7DFFFF7DFFFFFFFF
(1785791682.917339) can0 1CECFFF1#20120003FF19F000
(1785791682.918326) can0 1CEBFFF1#0127100000000000
(1785791682.919336) can0 1CEBFFF1#0200000000000000
(1785791682.920313) can0 1CEBFFF1#03FEF1F274FFFFFF
(1785791682.946339) can0 18F015F1#0000454048C6474C
(1785791682.947534) can0 18ECFFD1#200E0002FF09FF00
(1785791682.948086) can0 18EBFFD1#0101000A00D5A0DD
(1785791682.948679) can0 18EBFFD1#0201000B00D368DE
(1785791683.005275) can0 18FEF1F8#FF0000FFFFFFFFFF
(1785791683.006441) can0 18F005F8#7DFFFF7DFFFFFFFF
(1785791683.017386) can0 1CECFFF1#20120003FF19F000
(1785791683.018341) can0 1CEBFFF1#0127100000000000
(1785791683.019359) can0 1CEBFFF1#0200000000000000
(1785791683.020325) can0 1CEBFFF1#03FEF2F334FFFFFF
(1785791683.046418) can0 18F015F1#0000454048C44749
(1785791683.047548) can0 18ECFFD1#200E0002FF09FF00
(1785791683.048089) can0 18EBFFD1#0101000A00D5A0DD
(1785791683.048705) can0 18EBFFD1#0201000B00D368DE
(1785791683.105704) can0 18FEF1F8#FF0000FFFFFFFFFF
(1785791683.107399) can0 18F005F8#7DFFFF7DFFFFFFFF
(1785791683.117444) can0 1CECFFF1#20120003FF19F000
(1785791683.118371) can0 1CEBFFF1#0127100000000000
(1785791683.119381) can0 1CEBFFF1#0200000000000000
(1785791683.120364) can0 1CEBFFF1#03FEF2F334FFFFFF
(1785791683.147556) can0 18F015F1#0000454148CD4744
(1785791683.148564) can0 18ECFFD1#200E0002FF09FF00
(1785791683.148955) can0 18EBFFD1#0101000A00D5A0DD
(1785791683.149526) can0 18EBFFD1#0201000B00D368DE
(1785791683.149873) can0 18FF14D1#
(1785791683.150232) can0 18FF16D1#01000B0064
(1785791683.157296) can0 18F017F1#FD1A1BCB6FBF
(1785791683.157744) can0 18F018F1#D40AF5FA8391
(1785791683.205619) can0 18FEF1F8#FF0000FFFFFFFFFF
(1785791683.206801) can0 18F005F8#7DFFFF7DFFFFFFFF
(1785791683.218377) can0 1CECFFF1#20120003FF19F000
(1785791683.219348) can0 1CEBFFF1#0127100000000000
(1785791683.220350) can0 1CEBFFF1#0200000000000000
(1785791683.221327) can0 1CEBFFF1#03FEF63035FFFFFF
(1785791683.247364) can0 18F015F1#0000454748C3473F
(1785791683.247882) can0 18ECFFD1#200E0002FF09FF00
(1785791683.248436) can0 18EBFFD1#0101000A00D5A0DD
(1785791683.249172) can0 18EBFFD1#0201000B00D368DE
(1785791683.305275) can0 18FEF1F8#FF0000FFFFFFFFFF
(1785791683.306726) can0 18F005F8#7DFFFF7DFFFFFFFF
(1785791683.318355) can0 1CECFFF1#20120003FF19F000
(1785791683.319346) can0 1CEBFFF1#0127100000000000
(1785791683.320342) can0 1CEBFFF1#0200000000000000
(1785791683.321322) can0 1CEBFFF1#03FEFF36F5FFFFFF
(1785791683.347322) can0 18F015F1#0000455248BE4742
(1785791683.347868) can0 18ECFFD1#200E0002FF09FF00
(1785791683.348428) can0 18EBFFD1#0101000A00D5A0DD
(1785791683.349010) can0 18EBFFD1#0201000B00D368DE
(1785791683.405698) can0 18FEF1F8#FF0000FFFFFFFFFF
(1785791683.407669) can0 18F005F8#7DFFFF7DFFFFFFFF
(1785791683.418437) can0 1CECFFF1#20120003FF19F000
(1785791683.419349) can0 1CEBFFF1#0127100000000000
(1785791683.420373) can0 1CEBFFF1#0200000000000000
(1785791683.421347) can0 1CEBFFF1#03FF0AE134FFFFFF
(1785791683.447705) can0 18F015F1#0000455C48BA4743
(1785791683.448261) can0 18ECFFD1#200E0002FF09FF00
(1785791683.448623) can0 18EBFFD1#0101000A00D5A0DD
(1785791683.449580) can0 18EBFFD1#0201000B00D368DE
(1785791683.505585) can0 18FEF1F8#FF0000FFFFFFFFFF
(1785791683.507229) can0 18F005F8#7DFFFF7DFFFFFFFF
(1785791683.518379) can0 1CECFFF1#20120003FF19F000
(1785791683.519421) can0 1CEBFFF1#0127100000000000
(1785791683.520341) can0 1CEBFFF1#0200000000000000
(1785791683.521328) can0 1CEBFFF1#03FF132BF5FFFFFF
(1785791683.547367) can0 18F015F1#0000456548C04743
(1785791683.547882) can0 18ECFFD1#200E0002FF09FF00
(1785791683.548469) can0 18EBFFD1#0101000A00D5A0DD
(1785791683.549037) can0 18EBFFD1#0201000B00D368DE
(1785791683.605256) can0 18FEF1F8#FF0000FFFFFFFFFF
(1785791683.606432) can0 18F005F8#7DFFFF7DFFFFFFFF
(1785791683.618346) can0 1CECFFF1#20120003FF19F000
(1785791683.619339) can0 1CEBFFF1#0127100000000000
(1785791683.620350) can0 1CEBFFF1#0200000000000000
(1785791683.621329) can0 1CEBFFF1#03FF1EEE34FFFFFF
(1785791683.647414) can0 18ECFFD1#200E0002FF09FF00
(1785791683.647964) can0 18EBFFD1#0101000A00D5A0DD
(1785791683.648602) can0 18EBFFD1#0201000B00D368DE
(1785791683.649333) can0 18FF14D1#
(1785791683.705330) can0 18FEF1F8#FF0000FFFFFFFFFF
(1785791683.706662) can0 18F005F8#7DFFFF7DFFFFFFFF
(1785791683.718504) can0 1CECFFF1#20120003FF19F000
(1785791683.719377) can0 1CEBFFF1#0127100000000000
(1785791683.720377) can0 1CEBFFF1#0200000000000000
(1785791683.721354) can0 1CEBFFF1#03FF2BF9F4FFFFFF
(1785791683.747467) can0 18ECFFD1#200E0002FF09FF00
(1785791683.747911) can0 18EBFFD1#0101000A00D5A0DD
(1785791683.748527) can0 18EBFFD1#0201000B00D3A0DD
(1785791683.805595) can0 18FEF1F8#FF0000FFFFFFFFFF
(1785791683.806937) can0 18F005F8#7DFFFF7DFFFFFFFF
(1785791683.818462) can0 1CECFFF1#20120003FF19F000
(1785791683.819342) can0 1CEBFFF1#0127100000000000
(1785791683.820381) can0 1CEBFFF1#0200000000000000
(1785791683.821323) can0 1CEBFFF1#03FF39F474FFFFFF
(1785791683.847354) can0 18ECFFD1#200E0002FF09FF00
(1785791683.847883) can0 18EBFFD1#0101000A00D5A0DD
(1785791683.848489) can0 18EBFFD1#0201000B00D3A0DD
(1785791683.905326) can0 18FEF1F8#FF0000FFFFFFFFFF
(1785791683.906510) can0 18F005F8#7DFFFF7DFFFFFFFF
(1785791683.919383) can0 1CECFFF1#20120003FF19F000
(1785791683.920342) can0 1CEBFFF1#0127100000000000
(1785791683.921345) can0 1CEBFFF1#0200000000000000
(1785791683.922328) can0 1CEBFFF1#03FF42D734FFFFFF
(1785791683.947357) can0 18ECFFD1#200E0002FF09FF00
(1785791683.947897) can0 18EBFFD1#0101000A00D5A0DD
(1785791683.948479) can0 18EBFFD1#0201000B00D3A0DD
(1785791684.005403) can0 18FEF1F8#FF0000FFFFFFFFFF
(1785791684.006626) can0 18F005F8#7DFFFF7DFFFFFFFF
(1785791684.019378) can0 1CECFFF1#20120003FF19F000
(1785791684.020347) can0 1CEBFFF1#0127100000000000
(1785791684.021354) can0 1CEBFFF1#0200000000000000
(1785791684.022338) can0 1CEBFFF1#03FF47D4F4FFFFFF
(1785791684.047787) can0 18ECFFD1#200E0002FF09FF00
(1785791684.048245) can0 18EBFFD1#0101000A00D5A0DD
(1785791684.048842) can0 18EBFFD1#0201000B00D3A0DD
(1785791684.105624) can0 18FEF1F8#FF0000FFFFFFFFFF
(1785791684.107149) can0 18F005F8#7DFFFF7DFFFFFFFF
(1785791684.119599) can0 1CECFFF1#20120003FF19F000
(1785791684.120386) can0 1CEBFFF1#0127100000000000
(1785791684.121431) can0 1CEBFFF1#0200000000000000
(1785791684.122355) can0 1CEBFFF1#03FF4A1135FFFFFF
(1785791684.147425) can0 18FF09D1#01000B00D3A0DD
(1785791684.147805) can0 18FF14D1#
(1785791684.148346) can0 18F015F1#0000459B48F5471E
(1785791684.158343) can0 18F017F1#19FE23227BA0
(1785791684.158743) can0 18F018F1#E0C1FB2C83C0
(1785791684.205281) can0 18FEF1F8#FF0000FFFFFFFFFF
(1785791684.206408) can0 18F005F8#7DFFFF7DFFFFFFFF
(1785791684.219361) can0 1CECFFF1#20120003FF19F000
(1785791684.220340) can0 1CEBFFF1#0127100000000000
(1785791684.221348) can0 1CEBFFF1#0200000000000000
(1785791684.222334) can0 1CEBFFF1#03FF4BD1F4FFFFFF
(1785791684.247239) can0 18FF09D1#01000B00D3A0DD
(1785791684.248331) can0 18F015F1#0000459A48FC4717
(1785791684.305211) can0 18FEF1F8#FF0000FFFFFFFFFF
(1785791684.306368) can0 18F005F8#7DFFFF7DFFFFFFFF
(1785791684.319370) can0 1CECFFF1#20120003FF19F000
(1785791684.320340) can0 1CEBFFF1#0127100000000000
(1785791684.321357) can0 1CEBFFF1#0200000000000000
(1785791684.322334) can0 1CEBFFF1#03FF4A1135FFFFFF
(1785791684.347233) can0 18FF09D1#01000B00D3A0DD
(1785791684.348336) can0 18F015F1#0000459848FB470D
(1785791684.406579) can0 18FEF1F8#FF0000FFFFFFFFFF
(1785791684.407877) can0 18F005F8#7DFFFF7DFFFFFFFF
(1785791684.419425) can0 1CECFFF1#20120003FF19F000
(1785791684.420351) can0 1CEBFFF1#0127100000000000
(1785791684.421384) can0 1CEBFFF1#0200000000000000
(1785791684.422363) can0 1CEBFFF1#03FF47D4F4FFFFFF
(1785791684.447262) can0 18FF09D1#01000B00D3A0DD
(1785791684.448338) can0 18F015F1#0000459548EC4704
(1785791684.505217) can0 18FEF1F8#FF0000FFFFFFFFFF
(1785791684.506361) can0 18F005F8#7DFFFF7DFFFFFFFF
(1785791684.520347) can0 1CECFFF1#20120003FF19F000
(1785791684.521336) can0 1CEBFFF1#0127100000000000
(1785791684.522351) can0 1CEBFFF1#0200000000000000
(1785791684.523331) can0 1CEBFFF1#03FF461435FFFFFF
(1785791684.547266) can0 18FF09D1#01000B00D3A0DD
(1785791684.549330) can0 18F015F1#0000459548D4470C
(1785791684.605252) can0 18FEF1F8#FF0000FFFFFFFFFF
(1785791684.606432) can0 18F005F8#7DFFFF7DFFFFFFFF
(1785791684.619364) can0 1CECFFF1#20120003FF19F000
(1785791684.620353) can0 1CEBFFF1#0127100000000000
(1785791684.621369) can0 1CEBFFF1#0200000000000000
(1785791684.622346) can0 1CEBFFF1#03FF4A1135FFFFFF
(1785791684.647595) can0 18FF09D1#01000B00D3A0DD
(1785791684.647856) can0 18FF14D1#
(1785791684.649365) can0 18F015F1#0000459A48BC4716
(1785791684.706697) can0 18FEF1F8#FF0000FFFFFFFFFF
(1785791684.707846) can0 18F005F8#7DFFFF7DFFFFFFFF
(1785791684.720475) can0 1CECFFF1#20120003FF19F000
(1785791684.721392) can0 1CEBFFF1#0127100000000000
(1785791684.726079) can0 1CEBFFF1#0200000000000000
(1785791684.735902) can0 1CEBFFF1#03FF521B35FFFFFF
(1785791684.747363) can0 18FF09D1#01000B00D3A0DD
(1785791684.749406) can0 18F015F1#000045A2489C471F
(1785791684.805360) can0 18FEF1F8#FF0000FFFFFFFFFF
(1785791684.806536) can0 18F005F8#7DFFFF7DFFFFFFFF
(1785791684.820453) can0 1CECFFF1#20120003FF19F000
(1785791684.821358) can0 1CEBFFF1#0127100000000000
(1785791684.822350) can0 1CEBFFF1#0200000000000000
(1785791684.823326) can0 1CEBFFF1#03FF56D834FFFFFF
(1785791684.847242) can0 18FF09D1#01000B00D3A0DD
(1785791684.849336) can0 18F015F1#000045A84882472C
(1785791684.905408) can0 18FEF1F8#FF0000FFFFFFFFFF
(1785791684.906590) can0 18F005F8#7DFFFF7DFFFFFFFF
(1785791684.920351) can0 1CECFFF1#20120003FF19F000
(1785791684.921348) can0 1CEBFFF1#0127100000000000
(1785791684.922353) can0 1CEBFFF1#0200000000000000
(1785791684.923336) can0 1CEBFFF1#03FF60CEB4FFFFFF
(1785791684.947211) can0 18FF09D1#01000B00D3A0DD
(1785791684.949339) can0 18F015F1#000045B4487C4729
(1785791685.005199) can0 18FEF1F8#FF0000FFFFFFFFFF
(1785791685.006359) can0 18F005F8#7DFFFF7DFFFFFFFF
(1785791685.020365) can0 1CECFFF1#20120003FF19F000
(1785791685.021359) can0 1CEBFFF1#0127100000000000
(1785791685.022372) can0 1CEBFFF1#0200000000000000
(1785791685.023356) can0 1CEBFFF1#03FF6D0B75FFFFFF
(1785791685.047299) can0 18FF09D1#01000B00D3A0DD
(1785791685.049384) can0 18F015F1#000045BF48894724
(1785791685.106261) can0 18FEF1F8#FF0000FFFFFFFFFF
(1785791685.107477) can0 18F005F8#7DFFFF7DFFFFFFFF
(1785791685.120391) can0 1CECFFF1#20120003FF19F000
(1785791685.121373) can0 1CEBFFF1#0127100000000000
(1785791685.122370) can0 1CEBFFF1#0200000000000000
(1785791685.123374) can0 1CEBFFF1#03FF74C1B4FFFFFF
(1785791685.147484) can0 18FF09D1#01000B00D3A0DD
(1785791685.147878) can0 18FF14D1#
(1785791685.148169) can0 18FF16D1#01000B0064
(1785791685.150375) can0 18F015F1#000045C6488D4726
(1785791685.159332) can0 18F017F1#19FE23227BA0
(1785791685.159710) can0 18F018F1#E0C1FB2C83C0
(1785791685.205270) can0 18FEF1F8#FF0000FFFFFFFFFF
(1785791685.206430) can0 18F005F8#7DFFFF7DFFFFFFFF
(1785791685.220369) can0 1CECFFF1#20120003FF19F000
(1785791685.221355) can0 1CEBFFF1#0127100000000000
(1785791685.222355) can0 1CEBFFF1#0200000000000000
(1785791685.223340) can0 1CEBFFF1#03FF7DC774FFFFFF
(1785791685.247234) can0 18FF09D1#01000B00D3A0DD
(1785791685.249346) can0 18F015F1#000045CE488F472B
(1785791685.306155) can0 18FEF1F8#FF0000FFFFFFFFFF
(1785791685.307308) can0 18F005F8#7DFFFF7DFFFFFFFF
(1785791685.321461) can0 1CECFFF1#20120003FF19F000
(1785791685.322376) can0 1CEBFFF1#0127100000000000
(1785791685.323374) can0 1CEBFFF1#0200000000000000
(1785791685.324336) can0 1CEBFFF1#03FF8485B4FFFFFF
(1785791685.347217) can0 18FF09D1#01000B00D3E0E3
(1785791685.350327) can0 18F015F1#000045D548784733
(1785791685.405613) can0 18FEF1F8#FF0000FFFFFFFFFF
(1785791685.406816) can0 18F005F8#7DFFFF7DFFFFFFFF
(1785791685.421492) can0 1CECFFF1#20120003FF19F000
(1785791685.422442) can0 1CEBFFF1#0127100000000000
(1785791685.423396) can0 1CEBFFF1#0200000000000000
(1785791685.424388) can0 1CEBFFF1#03FF8B81F4FFFFFF
(1785791685.447304) can0 18FF09D1#01000B00D3E0E3
(1785791685.450326) can0 18F015F1#000045DA4865472D
(1785791685.505402) can0 18FEF1F8#FF0000FFFFFFFFFF
(1785791685.506633) can0 18F005F8#7DFFFF7DFFFFFFFF
(1785791685.521614) can0 1CECFFF1#20120003FF19F000
(1785791685.522427) can0 1CEBFFF1#0127100000000000
(1785791685.523434) can0 1CEBFFF1#0200000000000000
(1785791685.524406) can0 1CEBFFF1#03FF8F42F5FFFFFF
(1785791685.547237) can0 18FF09D1#01000B00D3E0E3
(1785791685.550373) can0 18F015F1#000045E0485F472B
(1785791685.605240) can0 18FEF1F8#FF0000FFFFFFFFFF
(1785791685.606478) can0 18F005F8#7DFFFF7DFFFFFFFF
(1785791685.621377) can0 1CECFFF1#20120003FF19F000
(1785791685.622350) can0 1CEBFFF1#0127100000000000
(1785791685.623366) can0 1CEBFFF1#0200000000000000
(1785791685.624340) can0 1CEBFFF1#03FF958974FFFFFF
(1785791685.647357) can0 18ECFFD1#200E0002FF09FF00
(1785791685.647898) can0 18EBFFD1#0101000B00D3E0E3
(1785791685.648469) can0 18EBFFD1#0201000A00D510DC
(1785791685.649191) can0 18FF14D1#
(1785791685.651333) can0 18F015F1#000045E648644731
(1785791685.705207) can0 18FEF1F8#FF0000FFFFFFFFFF
(1785791685.706346) can0 18F005F8#7DFFFF7DFFFFFFFF
(1785791685.721487) can0 1CECFFF1#20120003FF19F000
(1785791685.722362) can0 1CEBFFF1#0127100000000000
(1785791685.723372) can0 1CEBFFF1#0200000000000000
(1785791685.724367) can0 1CEBFFF1#03FF9B4DF5FFFFFF
(1785791685.747358) can0 18ECFFD1#200E0002FF09FF00
(1785791685.747778) can0 18EBFFD1#0101000B00D3E0E3
(1785791685.748407) can0 18EBFFD1#0201000A00D510DC
(1785791685.750447) can0 18F015F1#000045EB48634740
(1785791685.805381) can0 18FEF1F8#FF0000FFFFFFFFFF
(1785791685.806944) can0 18F005F8#7DFFFF7DFFFFFFFF
(1785791685.821403) can0 1CECFFF1#20120003FF19F000
(1785791685.822392) can0 1CEBFFF1#0127100000000000
(1785791685.823365) can0 1CEBFFF1#0200000000000000
(1785791685.824343) can0 1CEBFFF1#03FFA15E75FFFFFF
(1785791685.847310) can0 18ECFFD1#200E0002FF09FF00
(1785791685.847818) can0 18EBFFD1#0101000B00D3A8E4
(1785791685.848384) can0 18EBFFD1#0201000A00D510DC
(1785791685.850345) can0 18F015F1#000045F2485F4750
(1785791685.905370) can0 18FEF1F8#FF0000FFFFFFFFFF
(1785791685.906605) can0 18F005F8#7DFFFF7DFFFFFFFF
(1785791685.921400) can0 1CECFFF1#20120003FF19F000
(1785791685.922352) can0 1CEBFFF1#0127100000000000
(1785791685.923365) can0 1CEBFFF1#0200000000000000
(1785791685.924342) can0 1CEBFFF1#03FFA99874FFFFFF
(1785791685.947297) can0 18ECFFD1#200E0002FF09FF00
(1785791685.947820) can0 18EBFFD1#0101000B00D3A8E4
(1785791685.948400) can0 18EBFFD1#0201000A00D510DC
(1785791685.950362) can0 18F015F1#000045FA485C474D
(1785791686.005355) can0 18FEF1F8#FF0000FFFFFFFFFF
(1785791686.006612) can0 18F005F8#7DFFFF7DFFFFFFFF
(1785791686.021394) can0 1CECFFF1#20120003FF19F000
(1785791686.022352) can0 1CEBFFF1#0127100000000000
(1785791686.023361) can0 1CEBFFF1#0200000000000000
(1785791686.024346) can0 1CEBFFF1#03FFAD5B75FFFFFF
(1785791686.047327) can0 18ECFFD1#200E0002FF09FF00
(1785791686.047836) can0 18EBFFD1#0101000B00D3A8E4
(1785791686.048421) can0 18EBFFD1#0201000A00D510DC
(1785791686.051395) can0 18F015F1#000045FC485E474A
(1785791686.105681) can0 18FEF1F8#FF0000FFFFFFFFFF
(1785791686.107182) can0 18F005F8#7DFFFF7DFFFFFFFF
(1785791686.122571) can0 1CECFFF1#20120003FF19F000
(1785791686.123435) can0 1CEBFFF1#0127100000000000
(1785791686.124418) can0 1CEBFFF1#0200000000000000
(1785791686.125401) can0 1CEBFFF1#03FFAC9BB4FFFFFF
(1785791686.147611) can0 18ECFFD1#200E0002FF09FF00
(1785791686.148081) can0 18EBFFD1#0101000B00D3A8E4
(1785791686.148500) can0 18EBFFD1#0201000A00D510DC
(1785791686.149136) can0 18FF14D1#
(1785791686.151446) can0 18F015F1#000045FE4870474A
(1785791686.161395) can0 18F017F1#0282174771C7
(1785791686.161677) can0 18F018F1#CC81F53480D5
(1785791686.205336) can0 18FEF1F8#FF0000FFFFFFFFFF
(1785791686.206538) can0 18F005F8#7DFFFF7DFFFFFFFF
(1785791686.222411) can0 1CECFFF1#20120003FF19F000
(1785791686.223380) can0 1CEBFFF1#0127100000000000
(1785791686.224383) can0 1CEBFFF1#0200000000000000
(1785791686.225363) can0 1CEBFFF1#03FFB491B4FFFFFF
(1785791686.247283) can0 18ECFFD1#200E0002FF09FF00
(1785791686.256004) can0 18EBFFD1#0101000B00D3A8E4
(1785791686.265903) can0 18EBFFD1#0201000A00D510DC
(1785791686.266387) can0 18F015F1#000046064889473A
(1785791686.305227) can0 18FEF1F8#FF0000FFFFFFFFFF
(1785791686.306436) can0 18F005F8#7DFFFF7DFFFFFFFF
(1785791686.322381) can0 1CECFFF1#20120003FF19F000
(1785791686.323364) can0 1CEBFFF1#0127100000000000
(1785791686.324378) can0 1CEBFFF1#0200000000000000
(1785791686.325357) can0 1CEBFFF1#03FFBA5535FFFFFF
(1785791686.347267) can0 18ECFFD1#200E0002FF09FF00
(1785791686.347820) can0 18EBFFD1#0101000B00D3A8E4
(1785791686.348383) can0 18EBFFD1#0201000A00D510DC
(1785791686.351356) can0 18F015F1#000046094899473A
(1785791686.405900) can0 18FEF1F8#FF0000FFFFFFFFFF
(1785791686.407137) can0 18F005F8#7DFFFF7DFFFFFFFF
(1785791686.422546) can0 1CECFFF1#20120003FF19F000
(1785791686.423411) can0 1CEBFFF1#0127100000000000
(1785791686.424433) can0 1CEBFFF1#0200000000000000
(1785791686.425410) can0 1CEBFFF1#03FFB95475FFFFFF
(1785791686.447416) can0 18ECFFD1#200E0002FF09FF00
(1785791686.447888) can0 18EBFFD1#0101000B00D3A8E4
(1785791686.448408) can0 18EBFFD1#0201000A00D510DC
(1785791686.451373) can0 18F015F1#0000460A489B4737
(1785791686.505219) can0 18FEF1F8#FF0000FFFFFFFFFF
(1785791686.506334) can0 18F005F8#7DFFFF7DFFFFFFFF
(1785791686.522366) can0 1CECFFF1#20120003FF19F000
(1785791686.523363) can0 1CEBFFF1#0127100000000000
(1785791686.524378) can0 1CEBFFF1#0200000000000000
(1785791686.525361) can0 1CEBFFF1#03FFBE9634FFFFFF
(1785791686.547308) can0 18ECFFD1#200E0002FF09FF00
(1785791686.547786) can0 18EBFFD1#0101000B00D3A8E4
(1785791686.548389) can0 18EBFFD1#0201000A00D510DC
(1785791686.551367) can0 18F015F1#0000460F48954737
(1785791686.605207) can0 18FEF1F8#FF0000FFFFFFFFFF
(1785791686.606405) can0 18F005F8#7DFFFF7DFFFFFFFF
(1785791686.622366) can0 1CECFFF1#20120003FF19F000
(1785791686.623361) can0 1CEBFFF1#0127100000000000
(1785791686.624377) can0 1CEBFFF1#0200000000000000
(1785791686.625357) can0 1CEBFFF1#03FFC27735FFFFFF
(1785791686.647308) can0 18ECFFD1#200E0002FF09FF00
(1785791686.647856) can0 18EBFFD1#0101000B00D3A8E4
(1785791686.648452) can0 18EBFFD1#0201000A00D510DC
(1785791686.649590) can0 18FF14D1#
(1785791686.652348) can0 18F015F1#00004613488C4744
(1785791686.705300) can0 18FEF1F8#FF0000FFFFFFFFFF
(1785791686.706613) can0 18F005F8#7DFFFF7DFFFFFFFF
(1785791686.722558) can0 1CECFFF1#20120003FF19F000
(1785791686.723396) can0 1CEBFFF1#0127100000000000
(1785791686.724411) can0 1CEBFFF1#0200000000000000
(1785791686.725376) can0 1CEBFFF1#03FFCAB134FFFFFF
(1785791686.747426) can0 18ECFFD1#200E0002FF09FF00
(1785791686.747796) can0 18EBFFD1#0101000B00D3A8E4
(1785791686.748851) can0 18EBFFD1#0201000A00D510DC
(1785791686.751455) can0 18F015F1#0000461B48904751
(1785791686.805372) can0 18FEF1F8#FF0000FFFFFFFFFF
(1785791686.806598) can0 18F005F8#7DFFFF7DFFFFFFFF
(1785791686.822396) can0 1CECFFF1#20120003FF19F000
(1785791686.823358) can0 1CEBFFF1#0127100000000000
(1785791686.824362) can0 1CEBFFF1#0200000000000000
(1785791686.825348) can0 1CEBFFF1#03FFD1BA74FFFFFF
(1785791686.847284) can0 18ECFFD1#200E0002FF09FF00
(1785791686.847791) can0 18EBFFD1#0101000B00D3A8E4
(1785791686.848422) can0 18EBFFD1#0201000A00D510DC
(1785791686.851335) can0 18F015F1#0000462148954760
(1785791686.905305) can0 18FEF1F8#FF0000FFFFFFFFFF
(1785791686.906502) can0 18F005F8#7DFFFF7DFFFFFFFF
(1785791686.923393) can0 1CECFFF1#20120003FF19F000
(1785791686.924366) can0 1CEBFFF1#0127100000000000
(1785791686.925369) can0 1CEBFFF1#0200000000000000
(1785791686.926356) can0 1CEBFFF1#03FFD1BA74FFFFFF
(1785791686.947243) can0 18ECFFD1#200E0002FF09FF00
(1785791686.947770) can0 18EBFFD1#0101000B00D3A8E4
(1785791686.948342) can0 18EBFFD1#0201000A00D510DC
(1785791686.952346) can0 18F015F1#000046204894475D
(1785791687.005214) can0 18FEF1F8#FF0000FFFFFFFFFF
(1785791687.006419) can0 18F005F8#7DFFFF7DFFFFFFFF
(1785791687.023378) can0 1CECFFF1#20120003FF19F000
(1785791687.024370) can0 1CEBFFF1#0127100000000000
(1785791687.025387) can0 1CEBFFF1#0200000000000000
(1785791687.026368) can0 1CEBFFF1#03FFD4B9B4FFFFFF
(1785791687.047254) can0 18ECFFD1#200E0002FF09FF00
(1785791687.047798) can0 18EBFFD1#0101000B00D3A8E4
(1785791687.048405) can0 18EBFFD1#0201000A00D510DC
(1785791687.052738) can0 18F015F1#000046244898476F
(1785791687.105364) can0 18FEF1F8#FF0000FFFFFFFFFF
(1785791687.106636) can0 18F005F8#7DFFFF7DFFFFFFFF
(1785791687.123848) can0 1CECFFF1#20120003FF19F000
(1785791687.124387) can0 1CEBFFF1#0127100000000000
(1785791687.125398) can0 1CEBFFF1#0200000000000000
(1785791687.126375) can0 1CEBFFF1#03FFD67835FFFFFF
(1785791687.147567) can0 18ECFFD1#200E0002FF09FF00
(1785791687.148067) can0 18EBFFD1#0101000B00D3A8E4
(1785791687.148729) can0 18EBFFD1#0201000A00D510DC
(1785791687.149518) can0 18FF14D1#
(1785791687.149838) can0 18FF16D1#01000B0064
(1785791687.152637) can0 18F015F1#0000462548A4476A
(1785791687.162441) can0 18F017F1#0282174771C7
(1785791687.162777) can0 18F018F1#CC81F53480D5
(1785791687.205198) can0 18FEF1F8#FF0000FFFFFFFFFF
(1785791687.206358) can0 18F005F8#7DFFFF7DFFFFFFFF
(1785791687.223441) can0 1CECFFF1#20120003FF19F000
(1785791687.224369) can0 1CEBFFF1#0127100000000000
(1785791687.225372) can0 1CEBFFF1#0200000000000000
(1785791687.226364) can0 1CEBFFF1#03FFD97C75FFFFFF
(1785791687.247253) can0 18ECFFD1#200E0002FF09FF00
(1785791687.247819) can0 18EBFFD1#0101000B00D3A8E4
(1785791687.248385) can0 18EBFFD1#0201000A00D510DC
(1785791687.252372) can0 18F015F1#00004629489D4766
(1785791687.305241) can0 18FEF1F8#FF0000FFFFFFFFFF
(1785791687.306431) can0 18F005F8#7DFFFF7DFFFFFFFF
(1785791687.323389) can0 1CECFFF1#20120003FF19F000
(1785791687.324372) can0 1CEBFFF1#0127100000000000
(1785791687.325384) can0 1CEBFFF1#0200000000000000
(1785791687.326380) can0 1CEBFFF1#03FFDDBF74FFFFFF
(1785791687.347230) can0 18ECFFD1#200E0002FF09FF00
(1785791687.347776) can0 18EBFFD1#0101000B00D3A8E4
(1785791687.348365) can0 18EBFFD1#0201000A00D510DC
(1785791687.352365) can0 18F015F1#0000462E48A0476C
(1785791687.405879) can0 18FEF1F8#FF0000FFFFFFFFFF
(1785791687.407106) can0 18F005F8#7DFFFF7DFFFFFFFF
(1785791687.423441) can0 1CECFFF1#20120003FF19F000
(1785791687.424392) can0 1CEBFFF1#0127100000000000
(1785791687.425401) can0 1CEBFFF1#0200000000000000
(1785791687.426382) can0 1CEBFFF1#03FFDF7EF5FFFFFF
(1785791687.447281) can0 18ECFFD1#200E0002FF09FF00
(1785791687.447825) can0 18EBFFD1#0101000B00D3A8E4
(1785791687.448293) can0 18EBFFD1#0201000A00D510DC
(1785791687.452448) can0 18F015F1#0000462E4898475A
(1785791687.505245) can0 18FEF1F8#FF0000FFFFFFFFFF
(1785791687.506411) can0 18F005F8#7DFFFF7DFFFFFFFF
(1785791687.523489) can0 1CECFFF1#20120003FF19F000
(1785791687.524426) can0 1CEBFFF1#0127100000000000
(1785791687.525391) can0 1CEBFFF1#0200000000000000
(1785791687.526372) can0 1CEBFFF1#03FFDF7EF5FFFFFF
(1785791687.547466) can0 18ECFFD1#200E0002FF09FF00
(1785791687.547905) can0 18EBFFD1#0101000B00D3A8E4
(1785791687.548317) can0 18EBFFD1#0201000A00D510DC
(1785791687.552502) can0 18F015F1#0000462C48A04756
(1785791687.605444) can0 18FEF1F8#FF0000FFFFFFFFFF
(1785791687.606671) can0 18F005F8#7DFFFF7DFFFFFFFF
(1785791687.624455) can0 1CECFFF1#20120003FF19F000
(1785791687.625373) can0 1CEBFFF1#0127100000000000
(1785791687.626435) can0 1CEBFFF1#0200000000000000
(1785791687.627374) can0 1CEBFFF1#03FFDC7FB5FFFFFF
(1785791687.647332) can0 18ECFFD1#200E0002FF09FF00
(1785791687.647855) can0 18EBFFD1#0101000B00D3A8E4
(1785791687.648427) can0 18EBFFD1#0201000A00D510DC
(1785791687.649211) can0 18FF14D1#
(1785791687.653353) can0 18F015F1#0000462C48AF474E
(1785791687.705353) can0 18FEF1F8#FF0000FFFFFFFFFF
(1785791687.706592) can0 18F005F8#7DFFFF7DFFFFFFFF
(1785791687.724441) can0 1CECFFF1#20120003FF19F000
(1785791687.725381) can0 1CEBFFF1#0127100000000000
(1785791687.726411) can0 1CEBFFF1#0200000000000000
(1785791687.727368) can0 1CEBFFF1#03FFE2AF34FFFFFF
(1785791687.747285) can0 18ECFFD1#200E0002FF09FF00
(1785791687.747765) can0 18EBFFD1#0101000B00D3A8E4
(1785791687.748361) can0 18EBFFD1#0201000A00D510DC
(1785791687.753393) can0 18F015F1#0000463448B04757
(1785791687.805627) can0 18FEF1F8#FF0000FFFFFFFFFF
(1785791687.808168) can0 18F005F8#7DFFFF7DFFFFFFFF
(1785791687.824491) can0 1CECFFF1#20120003FF19F000
(1785791687.825376) can0 1CEBFFF1#0127100000000000
(1785791687.826384) can0 1CEBFFF1#0200000000000000
(1785791687.827390) can0 1CEBFFF1#03FFEA6935FFFFFF
(1785791687.847276) can0 18ECFFD1#200E0002FF09FF00
(1785791687.847762) can0 18EBFFD1#0101000B00D338E6
(1785791687.848366) can0 18EBFFD1#0201000A00D510DC
(1785791687.853434) can0 18F015F1#0000463948BB474A
(1785791687.906718) can0 18FEF1F8#FF0000FFFFFFFFFF
(1785791687.908189) can0 18F005F8#7DFFFF7DFFFFFFFF
(1785791687.924398) can0 1CECFFF1#20120003FF19F000
(1785791687.925364) can0 1CEBFFF1#0127100000000000
(1785791687.926376) can0 1CEBFFF1#0200000000000000
(1785791687.927354) can0 1CEBFFF1#03FFE4ADB4FFFFFF
(1785791687.947223) can0 18ECFFD1#200E0002FF09FF00
(1785791687.947754) can0 18EBFFD1#0101000B00D338E6
(1785791687.948437) can0 18EBFFD1#0201000A00D510DC
(1785791687.953366) can0 18F015F1#0000463048CD4732
(1785791688.005330) can0 18FEF1F8#FF0000FFFFFFFFFF
(1785791688.006604) can0 18F005F8#7DFFFF7DFFFFFFFF
(1785791688.024402) can0 1CECFFF1#20120003FF19F000
(1785791688.025411) can0 1CEBFFF1#0127100000000000
(1785791688.026395) can0 1CEBFFF1#0200000000000000
(1785791688.027365) can0 1CEBFFF1#03FFDBBDF4FFFFFF
(1785791688.047212) can0 18ECFFD1#200E0002FF09FF00
(1785791688.047739) can0 18EBFFD1#0101000B00D338E6
(1785791688.048410) can0 18EBFFD1#0201000A00D510DC
(1785791688.053371) can0 18F015F1#0000462A48BE4714
(1785791688.105340) can0 18FEF1F8#FF0000FFFFFFFFFF
(1785791688.106658) can0 18F005F8#7DFFFF7DFFFFFFFF
(1785791688.124493) can0 1CECFFF1#20120003FF19F000
(1785791688.125401) can0 1CEBFFF1#0127100000000000
(1785791688.126448) can0 1CEBFFF1#0200000000000000
(1785791688.127411) can0 1CEBFFF1#03FFDDBF74FFFFFF
(1785791688.147575) can0 18FF09D1#01000B00D338E6
(1785791688.148448) can0 18FF14D1#
(1785791688.154557) can0 18F015F1#0000462E48BB4701
(1785791688.163465) can0 18F017F1#F4540F58A6BD
(1785791688.164011) can0 18F018F1#DA57FCD58956
(1785791688.205340) can0 18FEF1F8#FF0000FFFFFFFFFF
(1785791688.206457) can0 18F005F8#7DFFFF7DFFFFFFFF
(1785791688.224430) can0 1CECFFF1#20120003FF19F000
(1785791688.225376) can0 1CEBFFF1#0127100000000000
(1785791688.226391) can0 1CEBFFF1#0200000000000000
(1785791688.227371) can0 1CEBFFF1#03FFE06EB5FFFFFF
(1785791688.247106) can0 18FF09D1#01000B00D338E6
(1785791688.253362) can0 18F015F1#0000463048BB4709
(1785791688.305206) can0 18FEF1F8#FF0000FFFFFFFFFF
(1785791688.306360) can0 18F005F8#7DFFFF7DFFFFFFFF
(1785791688.324393) can0 1CECFFF1#20120003FF19F000
(1785791688.325374) can0 1CEBFFF1#0127100000000000
(1785791688.326401) can0 1CEBFFF1#0200000000000000
(1785791688.327375) can0 1CEBFFF1#03FFE2AF34FFFFFF
(1785791688.347126) can0 18FF09D1#01000B00D364E7
(1785791688.353358) can0 18F015F1#0000463248B54718
(1785791688.405788) can0 18FEF1F8#FF0000FFFFFFFFFF
(1785791688.407093) can0 18F005F8#7DFFFF7DFFFFFFFF
(1785791688.425517) can0 1CECFFF1#20120003FF19F000
(1785791688.426406) can0 1CEBFFF1#0127100000000000
(1785791688.427423) can0 1CEBFFF1#0200000000000000
(1785791688.428397) can0 1CEBFFF1#03FFE7ACF4FFFFFF
(1785791688.447219) can0 18FF09D1#01000B00D364E7
(1785791688.454402) can0 18F015F1#0000463748B1471F
(1785791688.505214) can0 18FEF1F8#FF0000FFFFFFFFFF
(1785791688.506482) can0 18F005F8#7DFFFF7DFFFFFFFF
(1785791688.525379) can0 1CECFFF1#20120003FF19F000
(1785791688.526377) can0 1CEBFFF1#0127100000000000
(1785791688.527386) can0 1CEBFFF1#0200000000000000
(1785791688.528368) can0 1CEBFFF1#03FFE8A8B4FFFFFF
(1785791688.547234) can0 18FF09D1#01000B00D364E7
(1785791688.554410) can0 18F015F1#0000463648B2471C
(1785791688.605236) can0 18FEF1F8#FF0000FFFFFFFFFF
(1785791688.606387) can0 18F005F8#7DFFFF7DFFFFFFFF
(1785791688.625405) can0 1CECFFF1#20120003FF19F000
(1785791688.626376) can0 1CEBFFF1#0127100000000000
(1785791688.627379) can0 1CEBFFF1#0200000000000000
(1785791688.628359) can0 1CEBFFF1#03FFE4ADB4FFFFFF
(1785791688.647147) can0 18FF09D1#01000B00D364E7
(1785791688.647449) can0 18FF14D1#
(1785791688.654345) can0 18F015F1#0000463448B6471A
(1785791688.705203) can0 18FEF1F8#FF0000FFFFFFFFFF
(1785791688.706355) can0 18F005F8#7DFFFF7DFFFFFFFF
(1785791688.725517) can0 1CECFFF1#20120003FF19F000
(1785791688.726393) can0 1CEBFFF1#0127100000000000
(1785791688.727416) can0 1CEBFFF1#0200000000000000
(1785791688.728391) can0 1CEBFFF1#03FFE8A8B4FFFFFF
(1785791688.747170) can0 18FF09D1#01000B00D364E7
(1785791688.754493) can0 18F015F1#0000463848B94719
(1785791688.805303) can0 18FEF1F8#FF0000FFFFFFFFFF
(1785791688.806713) can0 18F005F8#7DFFFF7DFFFFFFFF
(1785791688.825413) can0 1CECFFF1#20120003FF19F000
(1785791688.826374) can0 1CEBFFF1#0127100000000000
(1785791688.827378) can0 1CEBFFF1#0200000000000000
(1785791688.828371) can0 1CEBFFF1#03FFEC6BB5FFFFFF
(1785791688.847098) can0 18FF09D1#01000B00D300E7
(1785791688.854373) can0 18F015F1#0000463B48B9471F
(1785791688.906257) can0 18FEF1F8#FF0000FFFFFFFFFF
(1785791688.907556) can0 18F005F8#7DFFFF7DFFFFFFFF
(1785791688.925440) can0 1CECFFF1#20120003FF19F000
(1785791688.926696) can0 1CEBFFF1#0127100000000000
(1785791688.927381) can0 1CEBFFF1#0200000000000000
(1785791688.928365) can0 1CEBFFF1#03FFEA6935FFFFFF
(1785791688.947080) can0 18FF09D1#01000B00D300E7
(1785791688.954353) can0 18F015F1#0000463948B64721
(1785791689.005233) can0 18FEF1F8#FF0000FFFFFFFFFF
(1785791689.006414) can0 18F005F8#7DFFFF7DFFFFFFFF
(1785791689.026395) can0 1CECFFF1#20120003FF19F000
(1785791689.027385) can0 1CEBFFF1#0127100000000000
(1785791689.028400) can0 1CEBFFF1#0200000000000000
(1785791689.029379) can0 1CEBFFF1#03FFEBA9F4FFFFFF
(1785791689.047085) can0 18FF09D1#01000B00D300E7
(1785791689.055368) can0 18F015F1#0000463B48B44721
(1785791689.105385) can0 18FEF1F8#FF0000FFFFFFFFFF
(1785791689.106606) can0 18F005F8#7DFFFF7DFFFFFFFF
(1785791689.126607) can0 1CECFFF1#20120003FF19F000
(1785791689.127417) can0 1CEBFFF1#0127100000000000
(1785791689.128447) can0 1CEBFFF1#0200000000000000
(1785791689.129397) can0 1CEBFFF1#03FFEF6AF5FFFFFF
(1785791689.147611) can0 18FF09D1#01000B00D300E7
(1785791689.147892) can0 18FF14D1#
(1785791689.155582) can0 18F015F1#0000463E48B4471F
(1785791689.165441) can0 18F017F1#F4540F58A6BD
(1785791689.165919) can0 18F018F1#DA57FCD58956
(1785791689.205358) can0 18FEF1F8#FF0000FFFFFFFFFF
(1785791689.206520) can0 18F005F8#7DFFFF7DFFFFFFFF
(1785791689.226758) can0 1CECFFF1#20120003FF19F000
(1785791689.227374) can0 1CEBFFF1#0127100000000000
(1785791689.228399) can0 1CEBFFF1#0200000000000000
(1785791689.229365) can0 1CEBFFF1#03FFEDAB74FFFFFF
(1785791689.247063) can0 18FF09D1#01000B00D300E7
(1785791689.255361) can0 18F015F1#0000463C48B64719
(1785791689.305241) can0 18FEF1F8#FF0000FFFFFFFFFF
(1785791689.306449) can0 18F005F8#7DFFFF7DFFFFFFFF
(1785791689.326397) can0 1CECFFF1#20120003FF19F000
(1785791689.327380) can0 1CEBFFF1#0127100000000000
(1785791689.328388) can0 1CEBFFF1#0200000000000000
(1785791689.329375) can0 1CEBFFF1#03FFEDAB74FFFFFF
(1785791689.347074) can0 18FF09D1#01000B00D300E7
(1785791689.355394) can0 18F015F1#0000463C48B7471A
(1785791689.406002) can0 18FEF1F8#FF0000FFFFFFFFFF
(1785791689.407259) can0 18F005F8#7DFFFF7DFFFFFFFF
(1785791689.426521) can0 1CECFFF1#20120003FF19F000
(1785791689.427444) can0 1CEBFFF1#0127100000000000
(1785791689.428449) can0 1CEBFFF1#0200000000000000
(1785791689.429421) can0 1CEBFFF1#03FFF0A2B4FFFFFF
(1785791689.447290) can0 18FF09D1#01000B00D300E7
(1785791689.455562) can0 18F015F1#0000464048B74720
(1785791689.505302) can0 18FEF1F8#FF0000FFFFFFFFFF
(1785791689.506686) can0 18F005F8#7DFFFF7DFFFFFFFF
(1785791689.526510) can0 1CECFFF1#20120003FF19F000
(1785791689.527383) can0 1CEBFFF1#0127100000000000
(1785791689.528411) can0 1CEBFFF1#0200000000000000
(1785791689.529368) can0 1CEBFFF1#03FFF16275FFFFFF
(1785791689.547098) can0 18FF09D1#01000B00D300E7
(1785791689.555441) can0 18F015F1#0000464048B74720
(1785791689.605229) can0 18FEF1F8#FF0000FFFFFFFFFF
(1785791689.606437) can0 18F005F8#7DFFFF7DFFFFFFFF
(1785791689.626398) can0 1CECFFF1#20120003FF19F000
(1785791689.627390) can0 1CEBFFF1#0127100000000000
(1785791689.628393) can0 1CEBFFF1#0200000000000000
(1785791689.629377) can0 1CEBFFF1#03FFEF6AF5FFFFFF
(1785791689.647175) can0 18FF09D1#01000B00D300E7
(1785791689.647488) can0 18FF14D1#
(1785791689.656363) can0 18F015F1#0000463E48B6471A
(1785791689.705210) can0 18FEF1F8#FF0000FFFFFFFFFF
(1785791689.706337) can0 18F005F8#7DFFFF7DFFFFFFFF
(1785791689.726751) can0 1CECFFF1#20120003FF19F000
(1785791689.727387) can0 1CEBFFF1#0127100000000000
(1785791689.728408) can0 1CEBFFF1#0200000000000000
(1785791689.729390) can0 1CEBFFF1#03FFF0A2B4FFFFFF
(1785791689.747145) can0 18FF09D1#01000B00D300E7
(1785791689.755517) can0 18F015F1#0000463F48B74719
(1785791689.805786) can0 18FEF1F8#FF0000FFFFFFFFFF
(1785791689.807332) can0 18F005F8#7DFFFF7DFFFFFFFF
(1785791689.827503) can0 1CECFFF1#20120003FF19F000
(1785791689.828458) can0 1CEBFFF1#0127100000000000
(1785791689.829399) can0 1CEBFFF1#0200000000000000
(1785791689.830390) can0 1CEBFFF1#03FFF0A2B4FFFFFF
(1785791689.847130) can0 18FF09D1#01000B00D300E7
(1785791689.856367) can0 18F015F1#0000463E48BA471C
(1785791689.905651) can0 18FEF1F8#FF0000FFFFFFFFFF
(1785791689.910825) can0 18F005F8#7DFFFF7DFFFFFFFF
(1785791689.927494) can0 1CECFFF1#20120003FF19F000
(1785791689.928388) can0 1CEBFFF1#0127100000000000
(1785791689.929413) can0 1CEBFFF1#0200000000000000
(1785791689.930380) can0 1CEBFFF1#03FFEEAA34FFFFFF
(1785791689.947103) can0 18FF09D1#01000B00D300E7
(1785791689.956372) can0 18F015F1#0000463D48BF471C
(1785791690.005351) can0 18FEF1F8#FF0000FFFFFFFFFF
(1785791690.006614) can0 18F005F8#7DFFFF7DFFFFFFFF
(1785791690.027424) can0 1CECFFF1#20120003FF19F000
(1785791690.028386) can0 1CEBFFF1#0127100000000000
(1785791690.029402) can0 1CEBFFF1#0200000000000000
(1785791690.030384) can0 1CEBFFF1#03FFEF6AF5FFFFFF
(1785791690.047058) can0 18FF09D1#01000B00D300E7
(1785791690.056386) can0 18F015F1#0000463F48C3471F
(1785791690.105331) can0 18FEF1F8#FF0000FFFFFFFFFF
(1785791690.106577) can0 18F005F8#7DFFFF7DFFFFFFFF
(1785791690.127493) can0 1CECFFF1#20120003FF19F000
(1785791690.128393) can0 1CEBFFF1#0127100000000000
(1785791690.129401) can0 1CEBFFF1#0200000000000000
(1785791690.130374) can0 1CEBFFF1#03FFF0A2B4FFFFFF
(1785791690.147325) can0 18FF09D1#01000B00D300E7
(1785791690.147816) can0 18FF14D1#
(1785791690.156583) can0 18F015F1#0000463E48C2471F
(1785791690.166499) can0 18F017F1#F8E108519C95
(1785791690.166921) can0 18F018F1#DEFC00FD9011
(1785791690.205209) can0 18FEF1F8#FF0000FFFFFFFFFF
(1785791690.206331) can0 18F005F8#7DFFFF7DFFFFFFFF
(1785791690.227444) can0 1CECFFF1#20120003FF19F000
(1785791690.228395) can0 1CEBFFF1#0127100000000000
(1785791690.229393) can0 1CEBFFF1#0200000000000000
(1785791690.230370) can0 1CEBFFF1#03FFEEAA34FFFFFF
(1785791690.247061) can0 18FF09D1#01000B00D300E7
(1785791690.256367) can0 18F015F1#0000463D48E0471D
(1785791690.305250) can0 18FEF1F8#FF0000FFFFFFFFFF
(1785791690.306404) can0 18F005F8#7DFFFF7DFFFFFFFF
(1785791690.327401) can0 1CECFFF1#20120003FF19F000
(1785791690.328381) can0 1CEBFFF1#0127100000000000
(1785791690.329390) can0 1CEBFFF1#0200000000000000
(1785791690.330375) can0 1CEBFFF1#03FFEF6AF5FFFFFF
(1785791690.347041) can0 18FF09D1#01000B00D364E7
(1785791690.356365) can0 18F015F1#0000463E48E4471D
(1785791690.405676) can0 18FEF1F8#FF0000FFFFFFFFFF
(1785791690.406890) can0 18F005F8#7DFFFF7DFFFFFFFF
(1785791690.427490) can0 1CECFFF1#20120003FF19F000
(1785791690.428393) can0 1CEBFFF1#0127100000000000
(1785791690.429397) can0 1CEBFFF1#0200000000000000
(1785791690.430393) can0 1CEBFFF1#03FFEF6AF5FFFFFF
(1785791690.447099) can0 18FF09D1#01000B00D364E7
(1785791690.456635) can0 18F015F1#0000463E48E8471F
(1785791690.505228) can0 18FEF1F8#FF0000FFFFFFFFFF
(1785791690.506356) can0 18F005F8#7DFFFF7DFFFFFFFF
(1785791690.527389) can0 1CECFFF1#20120003FF19F000
(1785791690.528384) can0 1CEBFFF1#0127100000000000
(1785791690.529391) can0 1CEBFFF1#0200000000000000
(1785791690.530373) can0 1CEBFFF1#03FFEF6AF5FFFFFF
(1785791690.547009) can0 18FF09D1#01000B00D364E7
(1785791690.556412) can0 18F015F1#0000463E48E94720
(1785791690.605233) can0 18FEF1F8#FF0000FFFFFFFFFF
(1785791690.606365) can0 18F005F8#7DFFFF7DFFFFFFFF
(1785791690.628416) can0 1CECFFF1#20120003FF19F000
(1785791690.629387) can0 1CEBFFF1#0127100000000000
(1785791690.630392) can0 1CEBFFF1#0200000000000000
(1785791690.631367) can0 1CEBFFF1#03FFF0A2B4FFFFFF
(1785791690.647096) can0 18FF09D1#01000B00D364E7
(1785791690.647412) can0 18FF14D1#
(1785791690.657375) can0 18F015F1#0000463F48EC4720
(1785791690.705233) can0 18FEF1F8#FF0000FFFFFFFFFF
(1785791690.706395) can0 18F005F8#7DFFFF7DFFFFFFFF
(1785791690.728467) can0 1CECFFF1#20120003FF19F000
(1785791690.729393) can0 1CEBFFF1#0127100000000000
(1785791690.730404) can0 1CEBFFF1#0200000000000000
(1785791690.731391) can0 1CEBFFF1#03FFF0A2B4FFFFFF
(1785791690.747113) can0 18FF09D1#01000B00D364E7
(1785791690.757410) can0 18F015F1#0000463F48EC4720
(1785791690.805377) can0 18FEF1F8#FF0000FFFFFFFFFF
(1785791690.806888) can0 18F005F8#7DFFFF7DFFFFFFFF
(1785791690.828471) can0 1CECFFF1#20120003FF19F000
(1785791690.829402) can0 1CEBFFF1#0127100000000000
(1785791690.830400) can0 1CEBFFF1#0200000000000000
(1785791690.831371) can0 1CEBFFF1#03FFF0A2B4FFFFFF
(1785791690.847168) can0 18FF09D1#01000B00D364E7
(1785791690.857402) can0 18F015F1#0000463F48ED4720
(1785791690.906094) can0 18FEF1F8#FF0000FFFFFFFFFF
(1785791690.907254) can0 18F005F8#7DFFFF7DFFFFFFFF
(1785791690.928444) can0 1CECFFF1#20120003FF19F000
(1785791690.929389) can0 1CEBFFF1#0127100000000000
(1785791690.930402) can0 1CEBFFF1#0200000000000000
(1785791690.931376) can0 1CEBFFF1#03FFF0A2B4FFFFFF
(1785791690.947019) can0 18FF09D1#01000B00D364E7
(1785791690.957386) can0 18F015F1#0000463F48ED4720
(1785791691.005224) can0 18FEF1F8#FF0000FFFFFFFFFF
(1785791691.006393) can0 18F005F8#7DFFFF7DFFFFFFFF
(1785791691.028415) can0 1CECFFF1#20120003FF19F000
(1785791691.029399) can0 1CEBFFF1#0127100000000000
(1785791691.030408) can0 1CEBFFF1#0200000000000000
(1785791691.031387) can0 1CEBFFF1#03FFF16275FFFFFF
(1785791691.047028) can0 18FF09D1#01000B00D364E7
(1785791691.057392) can0 18F015F1#0000464048ED4720
(1785791691.105445) can0 18FEF1F8#FF0000FFFFFFFFFF
(1785791691.106655) can0 18F005F8#7DFFFF7DFFFFFFFF
(1785791691.128593) can0 1CECFFF1#20120003FF19F000
(1785791691.129404) can0 1CEBFFF1#0127100000000000
(1785791691.130432) can0 1CEBFFF1#0200000000000000
(1785791691.131412) can0 1CEBFFF1#03FFF16275FFFFFF
(1785791691.147381) can0 18FF09D1#01000B00D364E7
(1785791691.148176) can0 18FF16D1#01000B0064
(1785791691.148351) can0 18FF14D1#
(1785791691.158516) can0 18F015F1#0000464048EC4720
(1785791691.167601) can0 18F017F1#F8E108519C95
(1785791691.168236) can0 18F018F1#DEFC00FD9011
(1785791691.205228) can0 18FEF1F8#FF0000FFFFFFFFFF
(1785791691.206368) can0 18F005F8#7DFFFF7DFFFFFFFF
(1785791691.228450) can0 1CECFFF1#20120003FF19F000
(1785791691.229392) can0 1CEBFFF1#0127100000000000
(1785791691.230406) can0 1CEBFFF1#0200000000000000
(1785791691.231377) can0 1CEBFFF1#03FFF16275FFFFFF
(1785791691.247019) can0 18FF09D1#01000B00D364E7
(1785791691.257376) can0 18F015F1#0000464048ED471F
(1785791691.305227) can0 18FEF1F8#FF0000FFFFFFFFFF
(1785791691.306372) can0 18F005F8#7DFFFF7DFFFFFFFF
(1785791691.329474) can0 1CECFFF1#20120003FF19F000
(1785791691.330399) can0 1CEBFFF1#0127100000000000
(1785791691.331402) can0 1CEBFFF1#0200000000000000
(1785791691.332381) can0 1CEBFFF1#03FFF16275FFFFFF
(1785791691.347008) can0 18FF09D1#01000B00D364E7
(1785791691.358383) can0 18F015F1#0000464048ED471E
(1785791691.405270) can0 18FEF1F8#FF0000FFFFFFFFFF
(1785791691.406427) can0 18F005F8#7DFFFF7DFFFFFFFF
(1785791691.429514) can0 1CECFFF1#20120003FF19F000
(1785791691.430398) can0 1CEBFFF1#0127100000000000
(1785791691.431408) can0 1CEBFFF1#0200000000000000
(1785791691.432386) can0 1CEBFFF1#03FFF16275FFFFFF
(1785791691.447178) can0 18FF09D1#01000B00D364E7
(1785791691.458503) can0 18F015F1#0000464048EE471E
(1785791691.505293) can0 18FEF1F8#FF0000FFFFFFFFFF
(1785791691.506417) can0 18F005F8#7DFFFF7DFFFFFFFF
(1785791691.529880) can0 1CECFFF1#20120003FF19F000
(1785791691.530622) can0 1CEBFFF1#0127100000000000
(1785791691.531475) can0 1CEBFFF1#0200000000000000
(1785791691.532486) can0 1CEBFFF1#03FFF16275FFFFFF
(1785791691.547023) can0 18FF09D1#01000B00D364E7
(1785791691.558702) can0 18F015F1#0000464048F1471E
(1785791691.605255) can0 18FEF1F8#FF0000FFFFFFFFFF
(1785791691.606405) can0 18F005F8#7DFFFF7DFFFFFFFF
(1785791691.629437) can0 1CECFFF1#20120003FF19F000
(1785791691.630400) can0 1CEBFFF1#0127100000000000
(1785791691.631407) can0 1CEBFFF1#0200000000000000
(1785791691.632386) can0 1CEBFFF1#03FFF16275FFFFFF
(1785791691.647089) can0 18FF09D1#01000B00D364E7
(1785791691.647380) can0 18FF14D1#
(1785791691.659379) can0 18F015F1#0000464048F4471D
(1785791691.705231) can0 18FEF1F8#FF0000FFFFFFFFFF
(1785791691.706389) can0 18F005F8#7DFFFF7DFFFFFFFF
(1785791691.729450) can0 1CECFFF1#20120003FF19F000
(1785791691.730421) can0 1CEBFFF1#0127100000000000
(1785791691.731423) can0 1CEBFFF1#0200000000000000
(1785791691.732401) can0 1CEBFFF1#03FFF26335FFFFFF
(1785791691.747109) can0 18FF09D1#01000B00D364E7
(1785791691.758451) can0 18F015F1#0000464148F5471E
(1785791691.805602) can0 18FEF1F8#FF0000FFFFFFFFFF
(1785791691.807436) can0 18F005F8#7DFFFF7DFFFFFFFF
(1785791691.829451) can0 1CECFFF1#20120003FF19F000
(1785791691.830402) can0 1CEBFFF1#0127100000000000
(1785791691.831405) can0 1CEBFFF1#0200000000000000
(1785791691.832390) can0 1CEBFFF1#03FFF3A3F4FFFFFF
(1785791691.846996) can0 18FF09D1#01000B00D364E7
(1785791691.858427) can0 18F015F1#0000464348F7471F
(1785791691.907162) can0 18FEF1F8#FF0000FFFFFFFFFF
(1785791691.909324) can0 18F005F8#7DFFFF7DFFFFFFFF
(1785791691.929457) can0 1CECFFF1#20120003FF19F000
(1785791691.930398) can0 1CEBFFF1#0127100000000000
(1785791691.931405) can0 1CEBFFF1#0200000000000000
(1785791691.932390) can0 1CEBFFF1#03FFF461B5FFFFFF
(1785791691.947034) can0 18FF09D1#01000B00D364E7
(1785791691.959430) can0 18F015F1#0000464248FA471F
(1785791692.005301) can0 18FEF1F8#FF0000FFFFFFFFFF
(1785791692.006475) can0 18F005F8#7DFFFF7DFFFFFFFF
(1785791692.030472) can0 1CECFFF1#20120003FF19F000
(1785791692.031406) can0 1CEBFFF1#0127100000000000
(1785791692.032425) can0 1CEBFFF1#0200000000000000
(1785791692.033405) can0 1CEBFFF1#03FFF3A3F4FFFFFF
(1785791692.047093) can0 18FF09D1#01000B00D364E7
(1785791692.058416) can0 18F015F1#0000464248FE4720
(1785791692.105420) can0 18FEF1F8#FF0000FFFFFFFFFF
(1785791692.106685) can0 18F005F8#7DFFFF7DFFFFFFFF
(1785791692.130519) can0 1CECFFF1#20120003FF19F000
(1785791692.131453) can0 1CEBFFF1#0127100000000000
(1785791692.132501) can0 1CEBFFF1#0200000000000000
(1785791692.133449) can0 1CEBFFF1#03FFF461B5FFFFFF
(1785791692.147174) can0 18FF09D1#01000B00D364E7
(1785791692.147602) can0 18FF14D1#
(1785791692.159502) can0 18F015F1#0000464349024722
(1785791692.169556) can0 18F017F1#005608A99C52
(1785791692.170143) can0 18F018F1#F1E702039555
(1785791692.205395) can0 18FEF1F8#FF0000FFFFFFFFFF
(1785791692.206593) can0 18F005F8#7DFFFF7DFFFFFFFF
(1785791692.230514) can0 1CECFFF1#20120003FF19F000
(1785791692.231471) can0 1CEBFFF1#0127100000000000
(1785791692.232443) can0 1CEBFFF1#0200000000000000
(1785791692.233450) can0 1CEBFFF1#03FFF6A034FFFFFF
(1785791692.247228) can0 18FF09D1#01000B00D364E7
(1785791692.259622) can0 18F015F1#0000464649024726
(1785791692.305257) can0 18FEF1F8#FF0000FFFFFFFFFF
(1785791692.306410) can0 18F005F8#7DFFFF7DFFFFFFFF
(1785791692.330432) can0 1CECFFF1#20120003FF19F000
(1785791692.331409) can0 1CEBFFF1#0127100000000000
(1785791692.332419) can0 1CEBFFF1#0200000000000000
(1785791692.333399) can0 1CEBFFF1#03FFF9A474FFFFFF
(1785791692.346988) can0 18FF09D1#01000B00D3C8E7
(1785791692.359395) can0 18F015F1#0000464848FE4722
(1785791692.405498) can0 18FEF1F8#FF0000FFFFFFFFFF
(1785791692.406706) can0 18F005F8#7DFFFF7DFFFFFFFF
(1785791692.430434) can0 1CECFFF1#20120003FF19F000
(1785791692.431416) can0 1CEBFFF1#0127100000000000
(1785791692.432423) can0 1CEBFFF1#0200000000000000
(1785791692.433417) can0 1CEBFFF1#03FFF9A474FFFFFF
(1785791692.447075) can0 18FF09D1#01000B00D3C8E7
(1785791692.459479) can0 18F015F1#0000464848F9471D
(1785791692.505447) can0 18FEF1F8#FF0000FFFFFFFFFF
(1785791692.506733) can0 18F005F8#7DFFFF7DFFFFFFFF
(1785791692.530411) can0 1CECFFF1#20120003FF19F000
(1785791692.531400) can0 1CEBFFF1#0127100000000000
(1785791692.532413) can0 1CEBFFF1#0200000000000000
(1785791692.533401) can0 1CEBFFF1#03FFF760F5FFFFFF
(1785791692.546955) can0 18FF09D1#01000B00D3C8E7
(1785791692.559388) can0 18F015F1#0000464548F6471B
(1785791692.605250) can0 18FEF1F8#FF0000FFFFFFFFFF
(1785791692.606390) can0 18F005F8#7DFFFF7DFFFFFFFF
(1785791692.630431) can0 1CECFFF1#20120003FF19F000
(1785791692.631415) can0 1CEBFFF1#0127100000000000
(1785791692.632432) can0 1CEBFFF1#0200000000000000
(1785791692.633410) can0 1CEBFFF1#03FFF864B5FFFFFF
(1785791692.647039) can0 18FF09D1#01000B00D3C8E7
(1785791692.647335) can0 18FF14D1#
(1785791692.660395) can0 18F015F1#0000464848F7471A
(1785791692.705249) can0 18FEF1F8#FF0000FFFFFFFFFF
(1785791692.706414) can0 18F005F8#7DFFFF7DFFFFFFFF
(1785791692.731425) can0 1CECFFF1#20120003FF19F000
(1785791692.732425) can0 1CEBFFF1#0127100000000000
(1785791692.733442) can0 1CEBFFF1#0200000000000000
(1785791692.734420) can0 1CEBFFF1#03FFFB65F5FFFFFF
(1785791692.747092) can0 18FF09D1#01000B00D3C8E7
(1785791692.760481) can0 18F015F1#0000464B48F54722
(1785791692.805607) can0 18FEF1F8#FF0000FFFFFFFFFF
(1785791692.807093) can0 18F005F8#7DFFFF7DFFFFFFFF
(1785791692.831451) can0 1CECFFF1#20120003FF19F000
(1785791692.832402) can0 1CEBFFF1#0127100000000000
(1785791692.833409) can0 1CEBFFF1#0200000000000000
(1785791692.834442) can0 1CEBFFF1#03FFFD6775FFFFFF
(1785791692.846956) can0 18FF09D1#01000B00D3C8E7
(1785791692.860418) can0 18F015F1#0000464E48E84729
(1785791692.906931) can0 18FEF1F8#FF0000FFFFFFFFFF
(1785791692.908540) can0 18F005F8#7DFFFF7DFFFFFFFF
(1785791692.931524) can0 1CECFFF1#20120003FF19F000
(1785791692.932440) can0 1CEBFFF1#0127100000000000
(1785791692.933414) can0 1CEBFFF1#0200000000000000
(1785791692.934467) can0 1CEBFFF1#030004D5F4FFFFFF
(1785791692.946985) can0 18FF09D1#01000B00D3C8E7
(1785791692.960414) can0 18F015F1#0000465548DB471F
(1785791693.005224) can0 18FEF1F8#FF0000FFFFFFFFFF
(1785791693.006419) can0 18F005F8#7DFFFF7DFFFFFFFF
(1785791693.031431) can0 1CECFFF1#20120003FF19F000
(1785791693.032404) can0 1CEBFFF1#0127100000000000
(1785791693.033415) can0 1CEBFFF1#0200000000000000
(1785791693.034399) can0 1CEBFFF1#030004D5F4FFFFFF
(1785791693.046954) can0 18FF09D1#01000B00D3C8E7
(1785791693.060409) can0 18F015F1#0000465348DC4714
(1785791693.105251) can0 18FEF1F8#FF0000FFFFFFFFFF
(1785791693.106499) can0 18F005F8#7DFFFF7DFFFFFFFF
(1785791693.131593) can0 1CECFFF1#20120003FF19F000
(1785791693.132417) can0 1CEBFFF1#0127100000000000
(1785791693.133421) can0 1CEBFFF1#0200000000000000
(1785791693.134404) can0 1CEBFFF1#03FFFE6635FFFFFF
(1785791693.147269) can0 18FF09D1#01000B00D3C8E7
(1785791693.147768) can0 18FF14D1#
(1785791693.148049) can0 18FF16D1#01000A0064
(1785791693.161483) can0 18F015F1#0000464A48E64713
(1785791693.170857) can0 18F017F1#005608A99C52
(1785791693.171512) can0 18F018F1#F1E702039555
(1785791693.205477) can0 18FEF1F8#FF0000FFFFFFFFFF
(1785791693.206672) can0 18F005F8#7DFFFF7DFFFFFFFF
(1785791693.231437) can0 1CECFFF1#20120003FF19F000
(1785791693.232991) can0 1CEBFFF1#0127100000000000
(1785791693.233509) can0 1CEBFFF1#0200000000000000
(1785791693.234406) can0 1CEBFFF1#03FFEF6AF5FFFFFF
(1785791693.246975) can0 18FF09D1#01000B00D3C8E7
(1785791693.260420) can0 18F015F1#0000463848F04714
(1785791693.305249) can0 18FEF1F8#FF0000FFFFFFFFFF
(1785791693.306446) can0 18F005F8#7DFFFF7DFFFFFFFF
(1785791693.331433) can0 1CECFFF1#20120003FF19F000
(1785791693.332412) can0 1CEBFFF1#0127100000000000
(1785791693.333424) can0 1CEBFFF1#0200000000000000
(1785791693.334408) can0 1CEBFFF1#03FFDDBF74FFFFFF
(1785791693.346940) can0 18FF09D1#01000B00D338E6
(1785791693.360402) can0 18F015F1#0000462748F6470F
(1785791693.405558) can0 18FEF1F8#FF0000FFFFFFFFFF
(1785791693.406762) can0 18F005F8#7DFFFF7DFFFFFFFF
(1785791693.431552) can0 1CECFFF1#20120003FF19F000
(1785791693.432453) can0 1CEBFFF1#0127100000000000
(1785791693.433448) can0 1CEBFFF1#0200000000000000
(1785791693.434438) can0 1CEBFFF1#03FFD07AB5FFFFFF
(1785791693.447091) can0 18FF09D1#01000B00D338E6
(1785791693.460482) can0 18F015F1#0000461C48FA470B
(1785791693.505381) can0 18FEF1F8#FF0000FFFFFFFFFF
(1785791693.506669) can0 18F005F8#7DFFFF7DFFFFFFFF
(1785791693.532814) can0 1CECFFF1#20120003FF19F000
(1785791693.533420) can0 1CEBFFF1#0127100000000000
(1785791693.534420) can0 1CEBFFF1#0200000000000000
(1785791693.535400) can0 1CEBFFF1#03FFC774F5FFFFFF
(1785791693.546983) can0 18FF09D1#01000B00D338E6
(1785791693.561413) can0 18F015F1#0000461348F7470D
(1785791693.605238) can0 18FEF1F8#FF0000FFFFFFFFFF
(1785791693.606386) can0 18F005F8#7DFFFF7DFFFFFFFF
(1785791693.632441) can0 1CECFFF1#20120003FF19F000
(1785791693.633412) can0 1CEBFFF1#0127100000000000
(1785791693.634422) can0 1CEBFFF1#0200000000000000
(1785791693.635403) can0 1CEBFFF1#03FFBB95F4FFFFFF
(1785791693.647027) can0 18FF09D1#01000B00D338E6
(1785791693.647315) can0 18FF14D1#
(1785791693.661415) can0 18F015F1#0000460748EE470E
(1785791693.705226) can0 18FEF1F8#FF0000FFFFFFFFFF
(1785791693.706403) can0 18F005F8#7DFFFF7DFFFFFFFF
(1785791693.735649) can0 1CECFFF1#20120003FF19F000
(1785791693.736087) can0 1CEBFFF1#03FFB19274FFFFFF
(1785791693.736242) can0 1CEBFFF1#0127100000000000
(1785791693.747055) can0 18FF09D1#01000B00D338E6
(1785791693.761491) can0 18F015F1#000045FD48DF471D
(1785791693.805452) can0 18FEF1F8#FF0000FFFFFFFFFF
(1785791693.806741) can0 18F005F8#7DFFFF7DFFFFFFFF
(1785791693.832564) can0 1CECFFF1#20120003FF19F000
(1785791693.833425) can0 1CEBFFF1#0127100000000000
(1785791693.834432) can0 1CEBFFF1#0200000000000000
(1785791693.835404) can0 1CEBFFF1#03FFA69C34FFFFFF
(1785791693.846937) can0 18FF09D1#01000B00D3E0E3
(1785791693.861428) can0 18F015F1#000045F148CE4729
(1785791693.907834) can0 18FEF1F8#FF0000FFFFFFFFFF
(1785791693.909228) can0 18F005F8#7DFFFF7DFFFFFFFF
(1785791693.932502) can0 1CECFFF1#20120003FF19F000
(1785791693.933426) can0 1CEBFFF1#0127100000000000
(1785791693.934419) can0 1CEBFFF1#0200000000000000
(1785791693.935399) can0 1CEBFFF1#03FF968834FFFFFF
(1785791693.946983) can0 18FF09D1#01000B00D3E0E3
(1785791693.961423) can0 18F015F1#000045E048BC472C
(1785791694.005992) can0 18FEF1F8#FF0000FFFFFFFFFF
(1785791694.007210) can0 18F005F8#7DFFFF7DFFFFFFFF
(1785791694.032461) can0 1CECFFF1#20120003FF19F000
(1785791694.033446) can0 1CEBFFF1#0127100000000000
(1785791694.034424) can0 1CEBFFF1#0200000000000000
(1785791694.035407) can0 1CEBFFF1#03FF8784F4FFFFFF
(1785791694.046926) can0 18FF09D1#01000B00D3E0E3
(1785791694.061403) can0 18F015F1#000045D3486F4732
(1785791694.105205) can0 18FEF1F8#FF0000FFFFFFFFFF
(1785791694.106362) can0 18F005F8#7DFFFF7DFFFFFFFF
(1785791694.132563) can0 1CECFFF1#20120003FF19F000
(1785791694.133422) can0 1CEBFFF1#0127100000000000
(1785791694.134439) can0 1CEBFFF1#0200000000000000
(1785791694.135435) can0 1CEBFFF1#03FF7C07B5FFFFFF
(1785791694.147071) can0 18FF09D1#01000B00D3E0E3
(1785791694.147351) can0 18FF14D1#
(1785791694.162436) can0 18F015F1#000045C7486D473B
(1785791694.171509) can0 18F017F1#046A0BD8A253
(1785791694.171903) can0 18F018F1#E789FAA58577
(1785791694.206034) can0 18FEF1F8#FF0000FFFFFFFFFF
(1785791694.207705) can0 18F005F8#7DFFFF7DFFFFFFFF
(1785791694.232474) can0 1CECFFF1#20120003FF19F000
(1785791694.233414) can0 1CEBFFF1#0127100000000000
(1785791694.234424) can0 1CEBFFF1#0200000000000000
(1785791694.235409) can0 1CEBFFF1#03FF6D0B75FFFFFF
(1785791694.247177) can0 18FF09D1#01000B00D3E0E3
(1785791694.261489) can0 18F015F1#000045B7486A4739
(1785791694.305284) can0 18FEF1F8#FF0000FFFFFFFFFF
(1785791694.306445) can0 18F005F8#7DFFFF7DFFFFFFFF
(1785791694.333505) can0 1CECFFF1#20120003FF19F000
(1785791694.334424) can0 1CEBFFF1#0127100000000000
(1785791694.335437) can0 1CEBFFF1#0200000000000000
(1785791694.336424) can0 1CEBFFF1#03FF5D1F75FFFFFF
(1785791694.346978) can0 18FF09D1#01000B00D3E0E3
(1785791694.362452) can0 18F015F1#000045A7486A4736
(1785791694.405280) can0 18FEF1F8#FF0000FFFFFFFFFF
(1785791694.406476) can0 18F005F8#7DFFFF7DFFFFFFFF
(1785791694.433515) can0 1CECFFF1#20120003FF19F000
(1785791694.434444) can0 1CEBFFF1#0127100000000000
(1785791694.435457) can0 1CEBFFF1#0200000000000000
(1785791694.436445) can0 1CEBFFF1#03FF511A75FFFFFF
(1785791694.446988) can0 18FF09D1#01000B00D3E0E3
(1785791694.462519) can0 18F015F1#0000459C48674724
(1785791694.505224) can0 18FEF1F8#FF0000FFFFFFFFFF
(1785791694.506392) can0 18F005F8#7DFFFF7DFFFFFFFF
(1785791694.533496) can0 1CECFFF1#20120003FF19F000
(1785791694.534461) can0 1CEBFFF1#0127100000000000
(1785791694.535476) can0 1CEBFFF1#0200000000000000
(1785791694.536468) can0 1CEBFFF1#03FF461435FFFFFF
(1785791694.547439) can0 18FF09D1#01000B00D3E0E3
(1785791694.562491) can0 18F015F1#0000459048614717
(1785791694.605248) can0 18FEF1F8#FF0000FFFFFFFFFF
(1785791694.606675) can0 18F005F8#7DFFFF7DFFFFFFFF
(1785791694.633455) can0 1CECFFF1#20120003FF19F000
(1785791694.634415) can0 1CEBFFF1#0127100000000000
(1785791694.635434) can0 1CEBFFF1#0200000000000000
(1785791694.636431) can0 1CEBFFF1#03FF3834B5FFFFFF
(1785791694.646976) can0 18FF09D1#01000B00D3E0E3
(1785791694.647289) can0 18FF14D1#
(1785791694.663404) can0 18F015F1#0000458348584713
(1785791694.705194) can0 18FEF1F8#FF0000FFFFFFFFFF
(1785791694.706314) can0 18F005F8#7DFFFF7DFFFFFFFF
(1785791694.733428) can0 1CECFFF1#20120003FF19F000
(1785791694.734414) can0 1CEBFFF1#0127100000000000
(1785791694.735429) can0 1CEBFFF1#0200000000000000
(1785791694.736418) can0 1CEBFFF1#03FF2F3AF5FFFFFF
(1785791694.747001) can0 18FF09D1#01000B00D3E0E3
(1785791694.762595) can0 18F015F1#0000457C4852471C
(1785791694.805646) can0 18FEF1F8#FF0000FFFFFFFFFF
(1785791694.806896) can0 18F005F8#7DFFFF7DFFFFFFFF
(1785791694.833591) can0 1CECFFF1#20120003FF19F000
(1785791694.834461) can0 1CEBFFF1#0127100000000000
(1785791694.835430) can0 1CEBFFF1#0200000000000000
(1785791694.836426) can0 1CEBFFF1#03FF28F8B4FFFFFF
(1785791694.846893) can0 18FF09D1#01000B00D3E0E3
(1785791694.862429) can0 18F015F1#00004574485C4726
(1785791694.906637) can0 18FEF1F8#FF0000FFFFFFFFFF
(1785791694.909220) can0 18F005F8#7DFFFF7DFFFFFFFF
(1785791694.933646) can0 1CECFFF1#20120003FF19F000
(1785791694.934457) can0 1CEBFFF1#0127100000000000
(1785791694.935445) can0 1CEBFFF1#0200000000000000
(1785791694.936431) can0 1CEBFFF1#03FF203EB5FFFFFF
(1785791694.946979) can0 18FF09D1#01000B00D350E2
(1785791694.962448) can0 18F015F1#0000456D4866472E
(1785791695.005231) can0 18FEF1F8#FF0000FFFFFFFFFF
(1785791695.006446) can0 18F005F8#7DFFFF7DFFFFFFFF
(1785791695.034452) can0 1CECFFF1#20120003FF19F000
(1785791695.035431) can0 1CEBFFF1#0127100000000000
(1785791695.036448) can0 1CEBFFF1#0200000000000000
(1785791695.037423) can0 1CEBFFF1#03FF1C2FB5FFFFFF
(1785791695.046912) can0 18FF09D1#01000B00D350E2
(1785791695.063415) can0 18F015F1#0000456B486D4738
(1785791695.105268) can0 18FEF1F8#FF0000FFFFFFFFFF
(1785791695.106436) can0 18F005F8#7DFFFF7DFFFFFFFF
(1785791695.134521) can0 1CECFFF1#20120003FF19F000
(1785791695.135511) can0 1CEBFFF1#0127100000000000
(1785791695.136494) can0 1CEBFFF1#0200000000000000
(1785791695.137475) can0 1CEBFFF1#03FF1DEF74FFFFFF
(1785791695.147174) can0 18FF09D1#01000B00D350E2
(1785791695.147674) can0 18FF14D1#
(1785791695.147962) can0 18FF16D1#01000B0064
(1785791695.163672) can0 18F015F1#0000456B48714738
(1785791695.173479) can0 18F017F1#046A0BD8A253
(1785791695.173908) can0 18F018F1#E789FAA58577
(1785791695.205203) can0 18FEF1F8#FF0000FFFFFFFFFF
(1785791695.206326) can0 18F005F8#7DFFFF7DFFFFFFFF
(1785791695.234428) can0 1CECFFF1#20120003FF19F000
(1785791695.235417) can0 1CEBFFF1#0127100000000000
(1785791695.236435) can0 1CEBFFF1#0200000000000000
(1785791695.237410) can0 1CEBFFF1#03FF192C75FFFFFF
(1785791695.246898) can0 18FF09D1#01000B00D350E2
(1785791695.263551) can0 18F015F1#000045664877473A
(1785791695.305256) can0 18FEF1F8#FF0000FFFFFFFFFF
(1785791695.306426) can0 18F005F8#7DFFFF7DFFFFFFFF
(1785791695.334456) can0 1CECFFF1#20120003FF19F000
(1785791695.335438) can0 1CEBFFF1#0127100000000000
(1785791695.336449) can0 1CEBFFF1#0200000000000000
(1785791695.337424) can0 1CEBFFF1#03FF12EB34FFFFFF
(1785791695.346883) can0 18FF09D1#01000B00D350E2
(1785791695.363427) can0 18F015F1#00004560487A4740
(1785791695.405474) can0 18FEF1F8#FF0000FFFFFFFFFF
(1785791695.406664) can0 18F005F8#7DFFFF7DFFFFFFFF
(1785791695.434469) can0 1CECFFF1#20120003FF19F000
(1785791695.435434) can0 1CEBFFF1#0127100000000000
(1785791695.436468) can0 1CEBFFF1#0200000000000000
(1785791695.437431) can0 1CEBFFF1#03FF12EB34FFFFFF
(1785791695.446998) can0 18FF09D1#01000B00D3C0E0
(1785791695.463465) can0 18F015F1#00004563487C4746
(1785791695.506215) can0 18FEF1F8#FF0000FFFFFFFFFF
(1785791695.507747) can0 18F005F8#7DFFFF7DFFFFFFFF
(1785791695.534582) can0 1CECFFF1#20120003FF19F000
(1785791695.535452) can0 1CEBFFF1#0127100000000000
(1785791695.536489) can0 1CEBFFF1#0200000000000000
(1785791695.537416) can0 1CEBFFF1#03FF152975FFFFFF
(1785791695.546921) can0 18FF09D1#01000B00D3C0E0
(1785791695.563457) can0 18F015F1#0000456448804748
(1785791695.605271) can0 18FEF1F8#FF0000FFFFFFFFFF
(1785791695.606453) can0 18F005F8#7DFFFF7DFFFFFFFF
(1785791695.634469) can0 1CECFFF1#20120003FF19F000
(1785791695.635432) can0 1CEBFFF1#0127100000000000
(1785791695.636439) can0 1CEBFFF1#0200000000000000
(1785791695.637416) can0 1CEBFFF1#03FF12EB34FFFFFF
(1785791695.647063) can0 18ECFFD1#200E0002FF09FF00
(1785791695.647608) can0 18EBFFD1#0101000B00D3C0E0
(1785791695.648223) can0 18EBFFD1#0201000C00C410DC
(1785791695.648930) can0 18FF14D1#
(1785791695.664448) can0 18F015F1#00004560488C473E
(1785791695.705248) can0 18FEF1F8#FF0000FFFFFFFFFF
(1785791695.706462) can0 18F005F8#7DFFFF7DFFFFFFFF
(1785791695.734498) can0 1CECFFF1#20120003FF19F000
(1785791695.735438) can0 1CEBFFF1#0127100000000000
(1785791695.736447) can0 1CEBFFF1#0200000000000000
(1785791695.737434) can0 1CEBFFF1#03FF0E2235FFFFFF
(1785791695.746985) can0 18ECFFD1#200E0002FF09FF00
(1785791695.747535) can0 18EBFFD1#0101000B00D3C0E0
(1785791695.748120) can0 18EBFFD1#0201000C00C410DC
(1785791695.764056) can0 18F015F1#0000455B48994730
(1785791695.805423) can0 18FEF1F8#FF0000FFFFFFFFFF
(1785791695.806721) can0 18F005F8#7DFFFF7DFFFFFFFF
(1785791695.835718) can0 1CECFFF1#20120003FF19F000
(1785791695.836666) can0 1CEBFFF1#0127100000000000
(1785791695.837499) can0 1CEBFFF1#0200000000000000
(1785791695.838472) can0 1CEBFFF1#03FF0B21F5FFFFFF
(1785791695.847242) can0 18ECFFD1#200E0002FF09FF00
(1785791695.847540) can0 18EBFFD1#0101000B00D3C0E0
(1785791695.848134) can0 18EBFFD1#0201000C00C410DC
(1785791695.864566) can0 18F015F1#0000455948AA4731
(1785791695.905679) can0 18FEF1F8#FF0000FFFFFFFFFF
(1785791695.907163) can0 18F005F8#7DFFFF7DFFFFFFFF
(1785791695.935628) can0 1CECFFF1#20120003FF19F000
(1785791695.936461) can0 1CEBFFF1#0127100000000000
(1785791695.937464) can0 1CEBFFF1#0200000000000000
(1785791695.938483) can0 1CEBFFF1#03FF0E2235FFFFFF
(1785791695.947087) can0 18ECFFD1#200E0002FF09FF00
(1785791695.947554) can0 18EBFFD1#0101000B00D3C0E0
(1785791695.948564) can0 18EBFFD1#0201000C00C410DC
(1785791695.964439) can0 18F015F1#0000455F48B4473C
(1785791696.005256) can0 18FEF1F8#FF0000FFFFFFFFFF
(1785791696.006428) can0 18F005F8#7DFFFF7DFFFFFFFF
(1785791696.035479) can0 1CECFFF1#20120003FF19F000
(1785791696.036433) can0 1CEBFFF1#0127100000000000
(1785791696.037434) can0 1CEBFFF1#0200000000000000
(1785791696.038426) can0 1CEBFFF1#03FF162835FFFFFF
(1785791696.046960) can0 18ECFFD1#200E0002FF09FF00
(1785791696.047501) can0 18EBFFD1#0101000B00D3C0E0
(1785791696.048084) can0 18EBFFD1#0201000C00C410DC
(1785791696.064417) can0 18F015F1#0000456548B94745
(1785791696.105240) can0 18FEF1F8#FF0000FFFFFFFFFF
(1785791696.106392) can0 18F005F8#7DFFFF7DFFFFFFFF
(1785791696.135579) can0 1CECFFF1#20120003FF19F000
(1785791696.136448) can0 1CEBFFF1#0127100000000000
(1785791696.137434) can0 1CEBFFF1#0200000000000000
(1785791696.138446) can0 1CEBFFF1#03FF1EEE34FFFFFF
(1785791696.147123) can0 18ECFFD1#200E0002FF09FF00
(1785791696.147650) can0 18EBFFD1#0101000B00D3C0E0
(1785791696.148251) can0 18EBFFD1#0201000C00C410DC
(1785791696.148903) can0 18FF14D1#
(1785791696.165607) can0 18F015F1#0000457248C44744
(1785791696.174502) can0 18F017F1#300B0B13B0C5
(1785791696.174964) can0 18F018F1#F11B002F891C
(1785791696.205447) can0 18FEF1F8#FF0000FFFFFFFFFF
(1785791696.206706) can0 18F005F8#7DFFFF7DFFFFFFFF
(1785791696.235471) can0 1CECFFF1#20120003FF19F000
(1785791696.236440) can0 1CEBFFF1#0127100000000000
(1785791696.237447) can0 1CEBFFF1#0200000000000000
(1785791696.238423) can0 1CEBFFF1#03FF2EFA34FFFFFF
(1785791696.246962) can0 18ECFFD1#200E0002FF09FF00
(1785791696.247523) can0 18EBFFD1#0101000B00D3C0E0
(1785791696.248095) can0 18EBFFD1#0201000C00C410DC
(1785791696.264480) can0 18F015F1#0000457D48C74739
(1785791696.305262) can0 18FEF1F8#FF0000FFFFFFFFFF
(1785791696.306420) can0 18F005F8#7DFFFF7DFFFFFFFF
(1785791696.335459) can0 1CECFFF1#20120003FF19F000
(1785791696.336445) can0 1CEBFFF1#0127100000000000
(1785791696.337449) can0 1CEBFFF1#0200000000000000
(1785791696.338424) can0 1CEBFFF1#03FF30F2B4FFFFFF
(1785791696.346979) can0 18ECFFD1#200E0002FF09FF00
(1785791696.347535) can0 18EBFFD1#0101000B00D3C0E0
(1785791696.348113) can0 18EBFFD1#0201000C00C410DC
(1785791696.364511) can0 18F015F1#0000457F48C0472C
(1785791696.405308) can0 18FEF1F8#FF0000FFFFFFFFFF
(1785791696.406511) can0 18F005F8#7DFFFF7DFFFFFFFF
(1785791696.436544) can0 1CECFFF1#20120003FF19F000
(1785791696.437449) can0 1CEBFFF1#0127100000000000
(1785791696.438467) can0 1CEBFFF1#0200000000000000
(1785791696.439451) can0 1CEBFFF1#03FF33F3F4FFFFFF
(1785791696.447040) can0 18ECFFD1#200E0002FF09FF00
(1785791696.447470) can0 18EBFFD1#0101000B00D3CCDE
(1785791696.448069) can0 18EBFFD1#0201000C00C410DC
(1785791696.465586) can0 18F015F1#0000458348BC4743
(1785791696.505579) can0 18FEF1F8#FF0000FFFFFFFFFF
(1785791696.506845) can0 18F005F8#7DFFFF7DFFFFFFFF
(1785791696.536728) can0 1CECFFF1#20120003FF19F000
(1785791696.537435) can0 1CEBFFF1#0127100000000000
(1785791696.538478) can0 1CEBFFF1#0200000000000000
(1785791696.539418) can0 1CEBFFF1#03FF39F474FFFFFF
(1785791696.546974) can0 18ECFFD1#200E0002FF09FF00
(1785791696.547505) can0 18EBFFD1#0101000B00D3CCDE
(1785791696.548088) can0 18EBFFD1#0201000C00C410DC
(1785791696.565477) can0 18F015F1#0000458A48BB474E
(1785791696.605292) can0 18FEF1F8#FF0000FFFFFFFFFF
(1785791696.606438) can0 18F005F8#7DFFFF7DFFFFFFFF
(1785791696.636509) can0 1CECFFF1#20120003FF19F000
(1785791696.637451) can0 1CEBFFF1#0127100000000000
(1785791696.638457) can0 1CEBFFF1#0200000000000000
(1785791696.639443) can0 1CEBFFF1#03FF3FF6F4FFFFFF
(1785791696.647016) can0 18ECFFD1#200E0002FF09FF00
(1785791696.647564) can0 18EBFFD1#0101000B00D3CCDE
(1785791696.648142) can0 18EBFFD1#0201000C00C410DC
(1785791696.648820) can0 18FF14D1#
(1785791696.665433) can0 18F015F1#0000458F48BB4753
(1785791696.705205) can0 18FEF1F8#FF0000FFFFFFFFFF
(1785791696.706358) can0 18F005F8#7DFFFF7DFFFFFFFF
(1785791696.736470) can0 1CECFFF1#20120003FF19F000
(1785791696.737443) can0 1CEBFFF1#0127100000000000
(1785791696.738453) can0 1CEBFFF1#0200000000000000
(1785791696.739450) can0 1CEBFFF1#03FF41D674FFFFFF
(1785791696.746958) can0 18ECFFD1#200E0002FF09FF00
(1785791696.747504) can0 18EBFFD1#0101000B00D3CCDE
(1785791696.748104) can0 18EBFFD1#0201000C00C410DC
(1785791696.767011) can0 18F015F1#0000459148BA474B
(1785791696.805521) can0 18FEF1F8#FF0000FFFFFFFFFF
(1785791696.806863) can0 18F005F8#7DFFFF7DFFFFFFFF
(1785791696.837086) can0 1CECFFF1#20120003FF19F000
(1785791696.837950) can0 1CEBFFF1#0127100000000000
(1785791696.838538) can0 1CEBFFF1#0200000000000000
(1785791696.839566) can0 1CEBFFF1#03FF451575FFFFFF
(1785791696.847148) can0 18ECFFD1#200E0002FF09FF00
(1785791696.847530) can0 18EBFFD1#0101000B00D3CCDE
(1785791696.848002) can0 18EBFFD1#0201000C00C410DC
(1785791696.865484) can0 18F015F1#0000459448B6473E
(1785791696.906046) can0 18FEF1F8#FF0000FFFFFFFFFF
(1785791696.907600) can0 18F005F8#7DFFFF7DFFFFFFFF
(1785791696.937031) can0 1CECFFF1#20120003FF19F000
(1785791696.937955) can0 1CEBFFF1#0127100000000000
(1785791696.938536) can0 1CEBFFF1#0200000000000000
(1785791696.939527) can0 1CEBFFF1#03FF461435FFFFFF
(1785791696.947098) can0 18ECFFD1#200E0002FF09FF00
(1785791696.947550) can0 18EBFFD1#0101000B00D3CCDE
(1785791696.948289) can0 18EBFFD1#0201000C00C410DC
(1785791696.965444) can0 18F015F1#0000459F48CA476E
(1785791697.005227) can0 18FEF1F8#FF0000FFFFFFFFFF
(1785791697.006376) can0 18F005F8#7DFFFF7DFFFFFFFF
(1785791697.036479) can0 1CECFFF1#20120003FF19F000
(1785791697.037448) can0 1CEBFFF1#0127100000000000
(1785791697.038453) can0 1CEBFFF1#0200000000000000
(1785791697.039477) can0 1CEBFFF1#03FF5419B5FFFFFF
(1785791697.046950) can0 18ECFFD1#200E0002FF09FF00
(1785791697.047497) can0 18EBFFD1#0101000B00D3CCDE
(1785791697.048101) can0 18EBFFD1#0201000C00C410DC
(1785791697.065433) can0 18F015F1#000045A948D84777
(1785791697.105220) can0 18FEF1F8#FF0000FFFFFFFFFF
(1785791697.106428) can0 18F005F8#7DFFFF7DFFFFFFFF
(1785791697.136595) can0 1CECFFF1#20120003FF19F000
(1785791697.137447) can0 1CEBFFF1#0127100000000000
(1785791697.138512) can0 1CEBFFF1#0200000000000000
(1785791697.139452) can0 1CEBFFF1#03FF5ADD34FFFFFF
(1785791697.147154) can0 18ECFFD1#200E0002FF09FF00
(1785791697.147691) can0 18EBFFD1#0101000B00D3CCDE
(1785791697.148444) can0 18EBFFD1#0201000C00C410DC
(1785791697.149005) can0 18FF14D1#
(1785791697.149372) can0 18FF16D1#01000B0064
(1785791697.166581) can0 18F015F1#000045A848CD4771
(1785791697.177021) can0 18F017F1#300B0B13B0C5
(1785791697.177419) can0 18F018F1#F11B002F891C
(1785791697.205419) can0 18FEF1F8#FF0000FFFFFFFFFF
(1785791697.206804) can0 18F005F8#7DFFFF7DFFFFFFFF
(1785791697.237489) can0 1CECFFF1#20120003FF19F000
(1785791697.238445) can0 1CEBFFF1#0127100000000000
(1785791697.239454) can0 1CEBFFF1#0200000000000000
(1785791697.240455) can0 1CEBFFF1#03FF55D974FFFFFF
(1785791697.246924) can0 18ECFFD1#200E0002FF09FF00
(1785791697.247471) can0 18EBFFD1#0101000B00D3CCDE
(1785791697.248095) can0 18EBFFD1#0201000C00C410DC
(1785791697.266474) can0 18F015F1#000045A248AC474E
(1785791697.305275) can0 18FEF1F8#FF0000FFFFFFFFFF
(1785791697.306428) can0 18F005F8#7DFFFF7DFFFFFFFF
(1785791697.337534) can0 1CECFFF1#20120003FF19F000
(1785791697.338440) can0 1CEBFFF1#0127100000000000
(1785791697.339450) can0 1CEBFFF1#0200000000000000
(1785791697.340429) can0 1CEBFFF1#03FF53DBF4FFFFFF
(1785791697.346923) can0 18ECFFD1#200E0002FF09FF00
(1785791697.347467) can0 18EBFFD1#0101000B00D3CCDE
(1785791697.348098) can0 18EBFFD1#0201000C00C410DC
(1785791697.366446) can0 18F015F1#000045A24881472F
(1785791697.405474) can0 18FEF1F8#FF0000FFFFFFFFFF
(1785791697.406628) can0 18F005F8#7DFFFF7DFFFFFFFF
(1785791697.437486) can0 1CECFFF1#20120003FF19F000
(1785791697.438466) can0 1CEBFFF1#0127100000000000
(1785791697.439471) can0 1CEBFFF1#0200000000000000
(1785791697.440450) can0 1CEBFFF1#03FF50DAB4FFFFFF
(1785791697.447018) can0 18ECFFD1#200E0002FF09FF00
(1785791697.447501) can0 18EBFFD1#0101000B00D3F8DF
(1785791697.448303) can0 18EBFFD1#0201000C00C410DC
(1785791697.466512) can0 18F015F1#000045A04876471C
(1785791697.507039) can0 18FEF1F8#FF0000FFFFFFFFFF
(1785791697.508533) can0 18F005F8#7DFFFF7DFFFFFFFF
(1785791697.537735) can0 1CECFFF1#20120003FF19F000
(1785791697.538561) can0 1CEBFFF1#0127100000000000
(1785791697.539458) can0 1CEBFFF1#0200000000000000
(1785791697.540541) can0 1CEBFFF1#03FF5419B5FFFFFF
(1785791697.547023) can0 18ECFFD1#200E0002FF09FF00
(1785791697.547480) can0 18EBFFD1#0101000B00D3F8DF
(1785791697.548057) can0 18EBFFD1#0201000C00C410DC
(1785791697.566442) can0 18F015F1#000045A848634755
(1785791697.605271) can0 18FEF1F8#FF0000FFFFFFFFFF
(1785791697.606447) can0 18F005F8#7DFFFF7DFFFFFFFF
(1785791697.637488) can0 1CECFFF1#20120003FF19F000
(1785791697.638445) can0 1CEBFFF1#0127100000000000
(1785791697.639462) can0 1CEBFFF1#0200000000000000
(1785791697.640429) can0 1CEBFFF1#03FF5E1E35FFFFFF
(1785791697.647032) can0 18ECFFD1#200E0002FF09FF00
(1785791697.647582) can0 18EBFFD1#0101000B00D3F8DF
(1785791697.648169) can0 18EBFFD1#0201000C00C410DC
(1785791697.648898) can0 18FF14D1#
(1785791697.667440) can0 18F015F1#000045AF48A5475F
(1785791697.705200) can0 18FEF1F8#FF0000FFFFFFFFFF
(1785791697.706340) can0 18F005F8#7DFFFF7DFFFFFFFF
(1785791697.737455) can0 1CECFFF1#20120003FF19F000
(1785791697.738450) can0 1CEBFFF1#0127100000000000
(1785791697.739452) can0 1CEBFFF1#0200000000000000
(1785791697.740433) can0 1CEBFFF1#03FF63CFF4FFFFFF
(1785791697.747283) can0 18ECFFD1#200E0002FF09FF00
(1785791697.747847) can0 18EBFFD1#0101000B00D3F8DF
(1785791697.748426) can0 18EBFFD1#0201000C00C410DC
(1785791697.766444) can0 18F015F1#000045B248CE4760
(1785791697.805354) can0 18FEF1F8#FF0000FFFFFFFFFF
(1785791697.806637) can0 18F005F8#7DFFFF7DFFFFFFFF
(1785791697.837974) can0 1CECFFF1#20120003FF19F000
(1785791697.838636) can0 1CEBFFF1#0127100000000000
(1785791697.839933) can0 1CEBFFF1#0200000000000000
(1785791697.840485) can0 1CEBFFF1#03FF620F35FFFFFF
(1785791697.847054) can0 18ECFFD1#200E0002FF09FF00
(1785791697.847622) can0 18EBFFD1#0101000B00D3F8DF
(1785791697.848187) can0 18EBFFD1#0201000C00C410DC
(1785791697.866499) can0 18F015F1#000045B048D7474E
(1785791697.907371) can0 18FEF1F8#FF0000FFFFFFFFFF
(1785791697.908877) can0 18F005F8#7DFFFF7DFFFFFFFF
(1785791697.938663) can0 1CECFFF1#20120003FF19F000
(1785791697.939506) can0 1CEBFFF1#0127100000000000
(1785791697.940644) can0 1CEBFFF1#0200000000000000
(1785791697.941574) can0 1CEBFFF1#03FF610E75FFFFFF
(1785791697.947035) can0 18ECFFD1#200E0002FF09FF00
(1785791697.947483) can0 18EBFFD1#0101000B00D3F8DF
(1785791697.948114) can0 18EBFFD1#0201000C00C410DC
(1785791697.966455) can0 18F015F1#000045B048E1474C
(1785791698.005326) can0 18FEF1F8#FF0000FFFFFFFFFF
(1785791698.006474) can0 18F005F8#7DFFFF7DFFFFFFFF
(1785791698.038483) can0 1CECFFF1#20120003FF19F000
(1785791698.039445) can0 1CEBFFF1#0127100000000000
(1785791698.040451) can0 1CEBFFF1#0200000000000000
(1785791698.041433) can0 1CEBFFF1#03FF60CEB4FFFFFF
(1785791698.046886) can0 18ECFFD1#200E0002FF09FF00
(1785791698.047438) can0 18EBFFD1#0101000B00D3F8DF
(1785791698.048026) can0 18EBFFD1#0201000C00C410DC
(1785791698.067467) can0 18F015F1#000045AE48EE4730
(1785791698.105242) can0 18FEF1F8#FF0000FFFFFFFFFF
(1785791698.106425) can0 18F005F8#7DFFFF7DFFFFFFFF
(1785791698.138582) can0 1CECFFF1#20120003FF19F000
(1785791698.139470) can0 1CEBFFF1#0127100000000000
(1785791698.140470) can0 1CEBFFF1#0200000000000000
(1785791698.141451) can0 1CEBFFF1#03FF5FDEF4FFFFFF
(1785791698.146946) can0 18FF09D1#01000B00D3F8DF
(1785791698.147260) can0 18FF14D1#
(1785791698.167515) can0 18F015F1#000045AE48E64735
(1785791698.177543) can0 18F017F1#21D528D07D82
(1785791698.177897) can0 18F018F1#D109F08D826D
(1785791698.205377) can0 18FEF1F8#FF0000FFFFFFFFFF
(1785791698.209676) can0 18F005F8#7DFFFF7DFFFFFFFF
(1785791698.238455) can0 1CECFFF1#20120003FF19F000
(1785791698.239446) can0 1CEBFFF1#0127100000000000
(1785791698.240453) can0 1CEBFFF1#0200000000000000
(1785791698.241430) can0 1CEBFFF1#03FF5FDEF4FFFFFF
(1785791698.246809) can0 18FF09D1#01000B00D3F8DF
(1785791698.267624) can0 18F015F1#000045B048CE474C
(1785791698.305236) can0 18FEF1F8#FF0000FFFFFFFFFF
(1785791698.306399) can0 18F005F8#7DFFFF7DFFFFFFFF
(1785791698.338486) can0 1CECFFF1#20120003FF19F000
(1785791698.339448) can0 1CEBFFF1#0127100000000000
(1785791698.340466) can0 1CEBFFF1#0200000000000000
(1785791698.341443) can0 1CEBFFF1#03FF65CD74FFFFFF
(1785791698.346819) can0 18FF09D1#01000B00D3F8DF
(1785791698.367455) can0 18F015F1#000045B648BE476D
(1785791698.405518) can0 18FEF1F8#FF0000FFFFFFFFFF
(1785791698.406735) can0 18F005F8#7DFFFF7DFFFFFFFF
(1785791698.439034) can0 1CECFFF1#20120003FF19F000
(1785791698.439478) can0 1CEBFFF1#0127100000000000
(1785791698.440466) can0 1CEBFFF1#0200000000000000
(1785791698.441438) can0 1CEBFFF1#03FF6AC934FFFFFF
(1785791698.446826) can0 18FF09D1#01000B00D3F8DF
(1785791698.467557) can0 18F015F1#000045BA48B54780
(1785791698.505405) can0 18FEF1F8#FF0000FFFFFFFFFF
(1785791698.506750) can0 18F005F8#7DFFFF7DFFFFFFFF
(1785791698.538501) can0 1CECFFF1#20120003FF19F000
(1785791698.539449) can0 1CEBFFF1#0127100000000000
(1785791698.540456) can0 1CEBFFF1#0200000000000000
(1785791698.541439) can0 1CEBFFF1#03FF6B09F5FFFFFF
(1785791698.546792) can0 18FF09D1#01000B00D3F8DF
(1785791698.567429) can0 18F015F1#000045BB48B8477E
(1785791698.605264) can0 18FEF1F8#FF0000FFFFFFFFFF
(1785791698.606431) can0 18F005F8#7DFFFF7DFFFFFFFF
(1785791698.638513) can0 1CECFFF1#20120003FF19F000
(1785791698.639459) can0 1CEBFFF1#0127100000000000
(1785791698.640465) can0 1CEBFFF1#0200000000000000
(1785791698.641444) can0 1CEBFFF1#03FF69C874FFFFFF
(1785791698.646899) can0 18FF09D1#01000B00D3F8DF
(1785791698.647258) can0 18FF14D1#
(1785791698.668511) can0 18F015F1#000045B448C04754
(1785791698.705285) can0 18FEF1F8#FF0000FFFFFFFFFF
(1785791698.706509) can0 18F005F8#7DFFFF7DFFFFFFFF
(1785791698.739511) can0 1CECFFF1#20120003FF19F000
(1785791698.740458) can0 1CEBFFF1#0127100000000000
(1785791698.741479) can0 1CEBFFF1#0200000000000000
(1785791698.742464) can0 1CEBFFF1#03FF60CEB4FFFFFF
(1785791698.746823) can0 18FF09D1#01000B00D3F8DF
(1785791698.768483) can0 18F015F1#000045AA48D1472A
(1785791698.805396) can0 18FEF1F8#FF0000FFFFFFFFFF
(1785791698.806618) can0 18F005F8#7DFFFF7DFFFFFFFF
(1785791698.839602) can0 1CECFFF1#20120003FF19F000
(1785791698.840502) can0 1CEBFFF1#0127100000000000
(1785791698.841589) can0 1CEBFFF1#0200000000000000
(1785791698.842512) can0 1CEBFFF1#03FF581CB5FFFFFF
(1785791698.846948) can0 18FF09D1#01000B00D3F8DF
(1785791698.868623) can0 18F015F1#000045A648D4472D
(1785791698.905832) can0 18FEF1F8#FF0000FFFFFFFFFF
(1785791698.906990) can0 18F005F8#7DFFFF7DFFFFFFFF
(1785791698.939953) can0 1CECFFF1#20120003FF19F000
(1785791698.940686) can0 1CEBFFF1#0127100000000000
(1785791698.941465) can0 1CEBFFF1#0200000000000000
(1785791698.942534) can0 1CEBFFF1#03FF55D974FFFFFF
(1785791698.946930) can0 18FF09D1#01000B00D3F8DF
(1785791698.968471) can0 18F015F1#000045A348C74743
(1785791699.005232) can0 18FEF1F8#FF0000FFFFFFFFFF
(1785791699.006428) can0 18F005F8#7DFFFF7DFFFFFFFF
(1785791699.039471) can0 1CECFFF1#20120003FF19F000
(1785791699.040455) can0 1CEBFFF1#0127100000000000
(1785791699.041468) can0 1CEBFFF1#0200000000000000
(1785791699.042450) can0 1CEBFFF1#03FF5419B5FFFFFF
(1785791699.046778) can0 18FF09D1#01000B00D3F8DF
(1785791699.068447) can0 18F015F1#000045A448BC4763
(1785791699.105216) can0 18FEF1F8#FF0000FFFFFFFFFF
(1785791699.106414) can0 18F005F8#7DFFFF7DFFFFFFFF
(1785791699.139601) can0 1CECFFF1#20120003FF19F000
(1785791699.140455) can0 1CEBFFF1#0127100000000000
(1785791699.141464) can0 1CEBFFF1#0200000000000000
(1785791699.142446) can0 1CEBFFF1#03FF5718F5FFFFFF
(1785791699.146923) can0 18FF09D1#01000B00D3F8DF
(1785791699.147233) can0 18FF14D1#
(1785791699.169532) can0 18F015F1#000045A748B64775
(1785791699.178498) can0 18F017F1#21D528D07D82
(1785791699.178863) can0 18F018F1#D109F08D826D
(1785791699.205388) can0 18FEF1F8#FF0000FFFFFFFFFF
(1785791699.206663) can0 18F005F8#7DFFFF7DFFFFFFFF
(1785791699.239484) can0 1CECFFF1#20120003FF19F000
(1785791699.240452) can0 1CEBFFF1#0127100000000000
(1785791699.241460) can0 1CEBFFF1#0200000000000000
(1785791699.242437) can0 1CEBFFF1#03FF5718F5FFFFFF
(1785791699.246759) can0 18FF09D1#01000B00D3F8DF
(1785791699.268446) can0 18F015F1#000045A448C64766
(1785791699.305254) can0 18FEF1F8#FF0000FFFFFFFFFF
(1785791699.306448) can0 18F005F8#7DFFFF7DFFFFFFFF
(1785791699.339491) can0 1CECFFF1#20120003FF19F000
(1785791699.340463) can0 1CEBFFF1#0127100000000000
(1785791699.341476) can0 1CEBFFF1#0200000000000000
(1785791699.342450) can0 1CEBFFF1#03FF50DAB4FFFFFF
(1785791699.346794) can0 18FF09D1#01000B00D3F8DF
(1785791699.368458) can0 18F015F1#0000459A48D94737
(1785791699.406639) can0 18FEF1F8#FF0000FFFFFFFFFF
(1785791699.407783) can0 18F005F8#7DFFFF7DFFFFFFFF
(1785791699.439483) can0 1CECFFF1#20120003FF19F000
(1785791699.440469) can0 1CEBFFF1#0127100000000000
(1785791699.441482) can0 1CEBFFF1#0200000000000000
(1785791699.442453) can0 1CEBFFF1#03FF44D5B4FFFFFF
(1785791699.446805) can0 18FF09D1#01000B00D3F8DF
(1785791699.469576) can0 18F015F1#0000459048DE4723
(1785791699.505448) can0 18FEF1F8#FF0000FFFFFFFFFF
(1785791699.506755) can0 18F005F8#7DFFFF7DFFFFFFFF
(1785791699.540777) can0 1CECFFF1#20120003FF19F000
(1785791699.541576) can0 1CEBFFF1#0127100000000000
(1785791699.542524) can0 1CEBFFF1#0200000000000000
(1785791699.543456) can0 1CEBFFF1#03FF3FF6F4FFFFFF
(1785791699.546973) can0 18FF09D1#01000B00D3F8DF
(1785791699.569460) can0 18F015F1#0000458D48DD4727
(1785791699.605182) can0 18FEF1F8#FF0000FFFFFFFFFF
(1785791699.606297) can0 18F005F8#7DFFFF7DFFFFFFFF
(1785791699.640523) can0 1CECFFF1#20120003FF19F000
(1785791699.641457) can0 1CEBFFF1#0127100000000000
(1785791699.642468) can0 1CEBFFF1#0200000000000000
(1785791699.643451) can0 1CEBFFF1#03FF3D3775FFFFFF
(1785791699.646844) can0 18FF09D1#01000B00D3F8DF
(1785791699.647192) can0 18FF14D1#
(1785791699.669465) can0 18F015F1#0000458B48D64735
(1785791699.705227) can0 18FEF1F8#FF0000FFFFFFFFFF
(1785791699.706377) can0 18F005F8#7DFFFF7DFFFFFFFF
(1785791699.740482) can0 1CECFFF1#20120003FF19F000
(1785791699.741461) can0 1CEBFFF1#0127100000000000
(1785791699.742475) can0 1CEBFFF1#0200000000000000
(1785791699.743446) can0 1CEBFFF1#03FF39F474FFFFFF
(1785791699.746763) can0 18FF09D1#01000B00D3F8DF
(1785791699.769458) can0 18F015F1#0000458948D0474F
(1785791699.805389) can0 18FEF1F8#FF0000FFFFFFFFFF
(1785791699.806652) can0 18F005F8#7DFFFF7DFFFFFFFF
(1785791699.849539) can0 1CECFFF1#20120003FF19F000
(1785791699.850887) can0 18FF09D1#01000B00D3F8DF
(1785791699.851351) can0 1CEBFFF1#0127100000000000
(1785791699.869609) can0 18F015F1#0000458648C44756
(1785791699.905675) can0 18FEF1F8#FF0000FFFFFFFFFF
(1785791699.907026) can0 18F005F8#7DFFFF7DFFFFFFFF
(1785791699.940639) can0 1CECFFF1#20120003FF19F000
(1785791699.941477) can0 1CEBFFF1#0127100000000000
(1785791699.942473) can0 1CEBFFF1#0200000000000000
(1785791699.943452) can0 1CEBFFF1#03FF323335FFFFFF
(1785791699.969502) can0 18F015F1#0000458048C3474E
(1785791700.005325) can0 18FEF1F8#FF0000FFFFFFFFFF
(1785791700.006580) can0 18F005F8#7DFFFF7DFFFFFFFF
(1785791700.040529) can0 1CECFFF1#20120003FF19F000
(1785791700.041464) can0 1CEBFFF1#0127100000000000
(1785791700.042479) can0 1CEBFFF1#0200000000000000
(1785791700.043457) can0 1CEBFFF1#03FF30F2B4FFFFFF
(1785791700.069454) can0 18F015F1#0000457E48C4474F
(1785791700.105199) can0 18FEF1F8#FF0000FFFFFFFFFF
(1785791700.106391) can0 18F005F8#7DFFFF7DFFFFFFFF
(1785791700.141630) can0 1CECFFF1#20120003FF19F000
(1785791700.142489) can0 1CEBFFF1#0127100000000000
(1785791700.143515) can0 1CEBFFF1#0200000000000000
(1785791700.144470) can0 1CEBFFF1#03FF2BF9F4FFFFFF
(1785791700.146501) can0 18FF14D1#
(1785791700.170666) can0 18F015F1#0000457848BE4740
(1785791700.179458) can0 18F017F1#159A189C7ACE
(1785791700.179893) can0 18F018F1#DD4BFAC683FE
(1785791700.205335) can0 18FEF1F8#FF0000FFFFFFFFFF
(1785791700.206496) can0 18F005F8#7DFFFF7DFFFFFFFF
(1785791700.241487) can0 1CECFFF1#20120003FF19F000
(1785791700.242464) can0 1CEBFFF1#0127100000000000
(1785791700.243465) can0 1CEBFFF1#0200000000000000
(1785791700.244449) can0 1CEBFFF1#03FF263C35FFFFFF
(1785791700.270450) can0 18F015F1#0000457248B7473C
(1785791700.305266) can0 18FEF1F8#FF0000FFFFFFFFFF
(1785791700.306419) can0 18F005F8#7DFFFF7DFFFFFFFF
(1785791700.341510) can0 1CECFFF1#20120003FF19F000
(1785791700.342467) can0 1CEBFFF1#0127100000000000
(1785791700.343472) can0 1CEBFFF1#0200000000000000
(1785791700.344448) can0 1CEBFFF1#03FF1EEE34FFFFFF
(1785791700.370473) can0 18F015F1#0000456A48B74746
(1785791700.405412) can0 18FEF1F8#FF0000FFFFFFFFFF
(1785791700.406620) can0 18F005F8#7DFFFF7DFFFFFFFF
(1785791700.441489) can0 1CECFFF1#20120003FF19F000
(1785791700.442472) can0 1CEBFFF1#0127100000000000
(1785791700.443478) can0 1CEBFFF1#0200000000000000
(1785791700.444464) can0 1CEBFFF1#03FF17E8F4FFFFFF
(1785791700.470505) can0 18F015F1#0000456448B4474D
(1785791700.507166) can0 18FEF1F8#FF0000FFFFFFFFFF
(1785791700.508417) can0 18F005F8#7DFFFF7DFFFFFFFF
(1785791700.541584) can0 1CECFFF1#20120003FF19F000
(1785791700.542472) can0 1CEBFFF1#0127100000000000
(1785791700.543467) can0 1CEBFFF1#0200000000000000
(1785791700.544458) can0 1CEBFFF1#03FF102AB5FFFFFF
(1785791700.570453) can0 18F015F1#0000455B48B14751
(1785791700.605189) can0 18FEF1F8#FF0000FFFFFFFFFF
(1785791700.606328) can0 18F005F8#7DFFFF7DFFFFFFFF
(1785791700.641549) can0 1CECFFF1#20120003FF19F000
(1785791700.642466) can0 1CEBFFF1#0127100000000000
(1785791700.643476) can0 1CEBFFF1#0200000000000000
(1785791700.644471) can0 1CEBFFF1#03FF00E6B4FFFFFF
(1785791700.646425) can0 18FF14D1#
(1785791700.671475) can0 18F015F1#0000454A48B1474D
(1785791700.705237) can0 18FEF1F8#FF0000FFFFFFFFFF
(1785791700.706398) can0 18F005F8#7DFFFF7DFFFFFFFF
(1785791700.741521) can0 1CECFFF1#20120003FF19F000
(1785791700.742471) can0 1CEBFFF1#0127100000000000
(1785791700.743483) can0 1CEBFFF1#0200000000000000
(1785791700.744466) can0 1CEBFFF1#03FEF1F274FFFFFF
(1785791700.770465) can0 18F015F1#0000453D48BC4740
(1785791700.805454) can0 18FEF1F8#FF0000FFFFFFFFFF
(1785791700.806753) can0 18F005F8#7DFFFF7DFFFFFFFF
(1785791700.841657) can0 1CECFFF1#20120003FF19F000
(1785791700.842523) can0 1CEBFFF1#0127100000000000
(1785791700.843549) can0 1CEBFFF1#0200000000000000
(1785791700.844518) can0 1CEBFFF1#03FEE73CF5FFFFFF
(1785791700.871044) can0 18F015F1#0000453248C64739
(1785791700.905418) can0 18FEF1F8#FF0000FFFFFFFFFF
(1785791700.906680) can0 18F005F8#7DFFFF7DFFFFFFFF
(1785791700.942591) can0 1CECFFF1#20120003FF19F000
(1785791700.943498) can0 1CEBFFF1#0127100000000000
(1785791700.944570) can0 1CEBFFF1#0200000000000000
(1785791700.945492) can0 1CEBFFF1#03FEDAED34FFFFFF
(1785791700.971714) can0 18F015F1#0000452548C64741
(1785791701.005277) can0 18FEF1F8#FF0000FFFFFFFFFF
(1785791701.006468) can0 18F005F8#7DFFFF7DFFFFFFFF
(1785791701.042512) can0 1CECFFF1#20120003FF19F000
(1785791701.043472) can0 1CEBFFF1#0127100000000000
(1785791701.044487) can0 1CEBFFF1#0200000000000000
(1785791701.045462) can0 1CEBFFF1#03FECF22F5FFFFFF
(1785791701.071473) can0 18F015F1#0000451D48B7474A
(1785791701.105228) can0 18FEF1F8#FF0000FFFFFFFFFF
(1785791701.106434) can0 18F005F8#7DFFFF7DFFFFFFFF
(1785791701.142524) can0 1CECFFF1#20120003FF19F000
(1785791701.143894) can0 1CEBFFF1#0127100000000000
(1785791701.144489) can0 1CEBFFF1#0200000000000000
(1785791701.145457) can0 1CEBFFF1#03FECDE374FFFFFF
(1785791701.146421) can0 18FF14D1#
(1785791701.172549) can0 18F015F1#0000451C48B94749
(1785791701.181464) can0 18F017F1#159A189C7ACE
(1785791701.181849) can0 18F018F1#DD4BFAC683FE
(1785791701.205641) can0 18FEF1F8#FF0000FFFFFFFFFF
(1785791701.207273) can0 18F005F8#7DFFFF7DFFFFFFFF
(1785791701.242595) can0 1CECFFF1#20120003FF19F000
(1785791701.243470) can0 1CEBFFF1#0127100000000000
(1785791701.244474) can0 1CEBFFF1#0200000000000000
(1785791701.245450) can0 1CEBFFF1#03FECF22F5FFFFFF
(1785791701.271465) can0 18F015F1#0000452048B64739
(1785791701.305305) can0 18FEF1F8#FF0000FFFFFFFFFF
(1785791701.306479) can0 18F005F8#7DFFFF7DFFFFFFFF
(1785791701.342507) can0 1CECFFF1#20120003FF19F000
(1785791701.343466) can0 1CEBFFF1#0127100000000000
(1785791701.344476) can0 1CEBFFF1#0200000000000000
(1785791701.345450) can0 1CEBFFF1#03FED6E834FFFFFF
(1785791701.371482) can0 18F015F1#0000452848B64735
(1785791701.405224) can0 18FEF1F8#FF0000FFFFFFFFFF
(1785791701.406389) can0 18F005F8#7DFFFF7DFFFFFFFF
(1785791701.442539) can0 1CECFFF1#20120003FF19F000
(1785791701.443481) can0 1CEBFFF1#0127100000000000
(1785791701.444488) can0 1CEBFFF1#0200000000000000
(1785791701.445469) can0 1CEBFFF1#03FEE0FEB4FFFFFF
(1785791701.471498) can0 18F015F1#0000453248B64737
(1785791701.505293) can0 18FEF1F8#FF0000FFFFFFFFFF
(1785791701.506459) can0 18F005F8#7DFFFF7DFFFFFFFF
(1785791701.542860) can0 1CECFFF1#20120003FF19F000
(1785791701.543546) can0 1CEBFFF1#0127100000000000
(1785791701.544678) can0 1CEBFFF1#0200000000000000
(1785791701.545478) can0 1CEBFFF1#03FEEB39F5FFFFFF
(1785791701.571662) can0 18F015F1#0000453B48B64746
(1785791701.605187) can0 18FEF1F8#FF0000FFFFFFFFFF
(1785791701.606555) can0 18F005F8#7DFFFF7DFFFFFFFF
(1785791701.643566) can0 1CECFFF1#20120003FF19F000
(1785791701.644475) can0 1CEBFFF1#0127100000000000
(1785791701.645488) can0 1CEBFFF1#0200000000000000
(1785791701.646473) can0 1CEBFFF1#03FEEFFAF4FFFFFF
(1785791701.646729) can0 18FF14D1#
(1785791701.672479) can0 18F015F1#0000454048B84751
(1785791701.705248) can0 18FEF1F8#FF0000FFFFFFFFFF
(1785791701.706400) can0 18F005F8#7DFFFF7DFFFFFFFF
(1785791701.743494) can0 1CECFFF1#20120003FF19F000
(1785791701.744475) can0 1CEBFFF1#0127100000000000
(1785791701.745486) can0 1CEBFFF1#0200000000000000
(1785791701.746473) can0 1CEBFFF1#03FEF63035FFFFFF
(1785791701.772481) can0 18F015F1#0000454648BE4757
(1785791701.805248) can0 18FEF1F8#FF0000FFFFFFFFFF
(1785791701.806483) can0 18F005F8#7DFFFF7DFFFFFFFF
(1785791701.843557) can0 1CECFFF1#20120003FF19F000
(1785791701.844518) can0 1CEBFFF1#0127100000000000
(1785791701.845541) can0 1CEBFFF1#0200000000000000
(1785791701.846532) can0 1CEBFFF1#03FEFBF5F4FFFFFF
(1785791701.876145) can0 18F015F1#0000454C48CB476D
(1785791701.907251) can0 18FEF1F8#FF0000FFFFFFFFFF
(1785791701.908770) can0 18F005F8#7DFFFF7DFFFFFFFF
(1785791701.943665) can0 1CECFFF1#20120003FF19F000
(1785791701.944523) can0 1CEBFFF1#0127100000000000
(1785791701.945504) can0 1CEBFFF1#0200000000000000
(1785791701.946483) can0 1CEBFFF1#03FF022735FFFFFF
(1785791701.972544) can0 18F015F1#0000455048B94759
(1785791702.005426) can0 18FEF1F8#FF0000FFFFFFFFFF
(1785791702.006606) can0 18F005F8#7DFFFF7DFFFFFFFF
(1785791702.043539) can0 1CECFFF1#20120003FF19F000
(1785791702.044486) can0 1CEBFFF1#0127100000000000
(1785791702.045491) can0 1CEBFFF1#0200000000000000
(1785791702.046487) can0 1CEBFFF1#03FF022735FFFFFF
(1785791702.072466) can0 18F015F1#0000455248B54752
(1785791702.105202) can0 18FEF1F8#FF0000FFFFFFFFFF
(1785791702.106389) can0 18F005F8#7DFFFF7DFFFFFFFF
(1785791702.143565) can0 1CECFFF1#20120003FF19F000
(1785791702.144490) can0 1CEBFFF1#0127100000000000
(1785791702.145496) can0 1CEBFFF1#0200000000000000
(1785791702.146494) can0 1CEBFFF1#03FF09E074FFFFFF
(1785791702.146757) can0 18FF14D1#
(1785791702.173565) can0 18F015F1#0000455948AA474B
(1785791702.182598) can0 18F017F1#F19316DE67D6
(1785791702.183038) can0 18F018F1#C64EFC1785E5
(1785791702.205586) can0 18FEF1F8#FF0000FFFFFFFFFF
(1785791702.207342) can0 18F005F8#7DFFFF7DFFFFFFFF
(1785791702.243586) can0 1CECFFF1#20120003FF19F000
(1785791702.244488) can0 1CEBFFF1#0127100000000000
(1785791702.245483) can0 1CEBFFF1#0200000000000000
(1785791702.246484) can0 1CEBFFF1#03FF0B21F5FFFFFF
(1785791702.272478) can0 18F015F1#0000455C48A7473E
(1785791702.305196) can0 18FEF1F8#FF0000FFFFFFFFFF
(1785791702.306379) can0 18F005F8#7DFFFF7DFFFFFFFF
(1785791702.343525) can0 1CECFFF1#20120003FF19F000
(1785791702.344484) can0 1CEBFFF1#0127100000000000
(1785791702.345498) can0 1CEBFFF1#0200000000000000
(1785791702.346479) can0 1CEBFFF1#03FF102AB5FFFFFF
(1785791702.372486) can0 18F015F1#0000456048A44744
(1785791702.405973) can0 18FEF1F8#FF0000FFFFFFFFFF
(1785791702.407158) can0 18F005F8#7DFFFF7DFFFFFFFF
(1785791702.444514) can0 1CECFFF1#20120003FF19F000
(1785791702.445485) can0 1CEBFFF1#0127100000000000
(1785791702.446501) can0 1CEBFFF1#0200000000000000
(1785791702.447476) can0 1CEBFFF1#03FF18ECB4FFFFFF
(1785791702.476130) can0 18F015F1#0000456C48A14755
(1785791702.505326) can0 18FEF1F8#FF0000FFFFFFFFFF
(1785791702.506580) can0 18F005F8#7DFFFF7DFFFFFFFF
(1785791702.544634) can0 1CECFFF1#20120003FF19F000
(1785791702.545487) can0 1CEBFFF1#0127100000000000
(1785791702.546508) can0 1CEBFFF1#0200000000000000
(1785791702.547472) can0 1CEBFFF1#03FF24FDB4FFFFFF
(1785791702.573457) can0 18F015F1#0000457448974763
(1785791702.605174) can0 18FEF1F8#FF0000FFFFFFFFFF
(1785791702.606307) can0 18F005F8#7DFFFF7DFFFFFFFF
(1785791702.644568) can0 1CECFFF1#20120003FF19F000
(1785791702.645489) can0 1CEBFFF1#0127100000000000
(1785791702.646500) can0 1CEBFFF1#0200000000000000
(1785791702.646751) can0 18FF14D1#
(1785791702.647469) can0 1CEBFFF1#03FF293875FFFFFF
(1785791702.673498) can0 18F015F1#0000457948924758
(1785791702.705226) can0 18FEF1F8#FF0000FFFFFFFFFF
(1785791702.706369) can0 18F005F8#7DFFFF7DFFFFFFFF
(1785791702.744491) can0 1CECFFF1#20120003FF19F000
(1785791702.745479) can0 1CEBFFF1#0127100000000000
(1785791702.746494) can0 1CEBFFF1#0200000000000000
(1785791702.747480) can0 1CEBFFF1#03FF2DFB74FFFFFF
(1785791702.773471) can0 18F015F1#0000457F488C474B
(1785791702.805241) can0 18FEF1F8#FF0000FFFFFFFFFF
(1785791702.806404) can0 18F005F8#7DFFFF7DFFFFFFFF
(1785791702.844650) can0 1CECFFF1#20120003FF19F000
(1785791702.845537) can0 1CEBFFF1#0127100000000000
(1785791702.846570) can0 1CEBFFF1#0200000000000000
(1785791702.847525) can0 1CEBFFF1#03FF33F3F4FFFFFF
(1785791702.873734) can0 18F015F1#0000458448794745
(1785791702.905440) can0 18FEF1F8#FF0000FFFFFFFFFF
(1785791702.906623) can0 18F005F8#7DFFFF7DFFFFFFFF
(1785791702.944785) can0 1CECFFF1#20120003FF19F000
(1785791702.945495) can0 1CEBFFF1#0127100000000000
(1785791702.946506) can0 1CEBFFF1#0200000000000000
(1785791702.947479) can0 1CEBFFF1#03FF3834B5FFFFFF
(1785791702.973489) can0 18F015F1#0000458948754745
(1785791703.005234) can0 18FEF1F8#FF0000FFFFFFFFFF
(1785791703.006379) can0 18F005F8#7DFFFF7DFFFFFFFF
(1785791703.044537) can0 1CECFFF1#20120003FF19F000
(1785791703.045484) can0 1CEBFFF1#0127100000000000
(1785791703.046500) can0 1CEBFFF1#0200000000000000
(1785791703.047481) can0 1CEBFFF1#03FF3E3635FFFFFF
(1785791703.074523) can0 18F015F1#0000458F48784749
(1785791703.105269) can0 18FEF1F8#FF0000FFFFFFFFFF
(1785791703.106523) can0 18F005F8#7DFFFF7DFFFFFFFF
(1785791703.145569) can0 1CECFFF1#20120003FF19F000
(1785791703.146495) can0 1CEBFFF1#0127100000000000
(1785791703.146779) can0 18FF14D1#
(1785791703.147503) can0 1CEBFFF1#0200000000000000
(1785791703.148483) can0 1CEBFFF1#03FF4317F5FFFFFF
(1785791703.174604) can0 18F015F1#00004594487E474B
(1785791703.184487) can0 18F017F1#F19316DE67D6
(1785791703.184948) can0 18F018F1#C64EFC1785E5
(1785791703.205600) can0 18FEF1F8#FF0000FFFFFFFFFF
(1785791703.207109) can0 18F005F8#7DFFFF7DFFFFFFFF
(1785791703.245591) can0 1CECFFF1#20120003FF19F000
(1785791703.246491) can0 1CEBFFF1#0127100000000000
(1785791703.247488) can0 1CEBFFF1#0200000000000000
(1785791703.248478) can0 1CEBFFF1#03FF47D4F4FFFFFF
(1785791703.274488) can0 18F015F1#0000459548874735
(1785791703.305223) can0 18FEF1F8#FF0000FFFFFFFFFF
(1785791703.306392) can0 18F005F8#7DFFFF7DFFFFFFFF
(1785791703.345564) can0 1CECFFF1#20120003FF19F000
(1785791703.346505) can0 1CEBFFF1#0127100000000000
(1785791703.347495) can0 1CEBFFF1#0200000000000000
(1785791703.348471) can0 1CEBFFF1#03FF461435FFFFFF
(1785791703.374486) can0 18F015F1#0000459648854720
(1785791703.405388) can0 18FEF1F8#FF0000FFFFFFFFFF
(1785791703.406570) can0 18F005F8#7DFFFF7DFFFFFFFF
(1785791703.445519) can0 1CECFFF1#20120003FF19F000
(1785791703.446489) can0 1CEBFFF1#0127100000000000
(1785791703.447491) can0 1CEBFFF1#0200000000000000
(1785791703.448477) can0 1CEBFFF1#03FF461435FFFFFF
(1785791703.474466) can0 18F015F1#000045964885471E
(1785791703.505370) can0 18FEF1F8#FF0000FFFFFFFFFF
(1785791703.506595) can0 18F005F8#7DFFFF7DFFFFFFFF
(1785791703.545587) can0 1CECFFF1#20120003FF19F000
(1785791703.546505) can0 1CEBFFF1#0127100000000000
(1785791703.547549) can0 1CEBFFF1#0200000000000000
(1785791703.548521) can0 1CEBFFF1#03FF48D0B4FFFFFF
(1785791703.574670) can0 18F015F1#0000459848984723
(1785791703.605208) can0 18FEF1F8#FF0000FFFFFFFFFF
(1785791703.606379) can0 18F005F8#7DFFFF7DFFFFFFFF
(1785791703.645581) can0 1CECFFF1#20120003FF19F000
(1785791703.646506) can0 1CEBFFF1#0127100000000000
(1785791703.646770) can0 18FF14D1#
(1785791703.647512) can0 1CEBFFF1#0200000000000000
(1785791703.648479) can0 1CEBFFF1#03FF4DD374FFFFFF
(1785791703.675508) can0 18F015F1#0000459F48D3472A
(1785791703.705228) can0 18FEF1F8#FF0000FFFFFFFFFF
(1785791703.706427) can0 18F005F8#7DFFFF7DFFFFFFFF
(1785791703.745544) can0 1CECFFF1#20120003FF19F000
(1785791703.746494) can0 1CEBFFF1#0127100000000000
(1785791703.747504) can0 1CEBFFF1#0200000000000000
(1785791703.748488) can0 1CEBFFF1#03FF5419B5FFFFFF
(1785791703.774496) can0 18F015F1#000045A3490D472F
(1785791703.805272) can0 18FEF1F8#FF0000FFFFFFFFFF
(1785791703.806426) can0 18F005F8#7DFFFF7DFFFFFFFF
(1785791703.846629) can0 1CECFFF1#20120003FF19F000
(1785791703.847507) can0 1CEBFFF1#0127100000000000
(1785791703.848527) can0 1CEBFFF1#0200000000000000
(1785791703.849505) can0 1CEBFFF1#03FF5718F5FFFFFF
(1785791703.874741) can0 18F015F1#000045A549414734
(1785791703.905887) can0 18FEF1F8#FF0000FFFFFFFFFF
(1785791703.907069) can0 18F005F8#7DFFFF7DFFFFFFFF
(1785791703.947180) can0 1CECFFF1#20120003FF19F000
(1785791703.947488) can0 1CEBFFF1#0127100000000000
(1785791703.948920) can0 1CEBFFF1#0200000000000000
(1785791703.949580) can0 1CEBFFF1#03FF5CDFB4FFFFFF
(1785791703.975512) can0 18F015F1#000045AD49684730
(1785791704.005523) can0 18FEF1F8#FF0000FFFFFFFFFF
(1785791704.006771) can0 18F005F8#7DFFFF7DFFFFFFFF
(1785791704.046542) can0 1CECFFF1#20120003FF19F000
(1785791704.047492) can0 1CEBFFF1#0127100000000000
(1785791704.048512) can0 1CEBFFF1#0200000000000000
(1785791704.049492) can0 1CEBFFF1#03FF60CEB4FFFFFF
(1785791704.075499) can0 18F015F1#000045AF496F4729
(1785791704.105198) can0 18FEF1F8#FF0000FFFFFFFFFF
(1785791704.106385) can0 18F005F8#7DFFFF7DFFFFFFFF
(1785791704.146539) can0 1CECFFF1#20120003FF19F000
(1785791704.146799) can0 18FF14D1#
(1785791704.147498) can0 1CEBFFF1#0127100000000000
(1785791704.148506) can0 1CEBFFF1#0200000000000000
(1785791704.149497) can0 1CEBFFF1#03FF620F35FFFFFF
(1785791704.175629) can0 18F015F1#000045B04950470F
(1785791704.185433) can0 18F017F1#288515F26E9E
(1785791704.185901) can0 18F018F1#D7B1E773860A
(1785791704.205505) can0 18FEF1F8#FF0000FFFFFFFFFF
(1785791704.207084) can0 18F005F8#7DFFFF7DFFFFFFFF
(1785791704.246717) can0 1CECFFF1#20120003FF19F000
(1785791704.247579) can0 1CEBFFF1#0127100000000000
(1785791704.248874) can0 1CEBFFF1#0200000000000000
(1785791704.249511) can0 1CEBFFF1#03FF63CFF4FFFFFF
(1785791704.275490) can0 18F015F1#000045B3490E46ED
(1785791704.305243) can0 18FEF1F8#FF0000FFFFFFFFFF
(1785791704.306425) can0 18F005F8#7DFFFF7DFFFFFFFF
(1785791704.346548) can0 1CECFFF1#20120003FF19F000
(1785791704.347497) can0 1CEBFFF1#0127100000000000
(1785791704.348503) can0 1CEBFFF1#0200000000000000
(1785791704.349480) can0 1CEBFFF1#03FF66CC34FFFFFF
(1785791704.375494) can0 18F015F1#000045B648D146E7
(1785791704.405243) can0 18FEF1F8#FF0000FFFFFFFFFF
(1785791704.406369) can0 18F005F8#7DFFFF7DFFFFFFFF
(1785791704.446511) can0 1CECFFF1#20120003FF19F000
(1785791704.447494) can0 1CEBFFF1#0127100000000000
(1785791704.448500) can0 1CEBFFF1#0200000000000000
(1785791704.449480) can0 1CEBFFF1#03FF69C874FFFFFF
(1785791704.475479) can0 18F015F1#000045B848BC46F0
(1785791704.505406) can0 18FEF1F8#FF0000FFFFFFFFFF
(1785791704.506680) can0 18F005F8#7DFFFF7DFFFFFFFF
(1785791704.546723) can0 1CECFFF1#20120003FF19F000
(1785791704.547545) can0 1CEBFFF1#0127100000000000
(1785791704.548582) can0 1CEBFFF1#0200000000000000
(1785791704.549538) can0 1CEBFFF1#03FF6B09F5FFFFFF
(1785791704.575518) can0 18F015F1#000045B948C246FA
(1785791704.605179) can0 18FEF1F8#FF0000FFFFFFFFFF
(1785791704.606304) can0 18F005F8#7DFFFF7DFFFFFFFF
(1785791704.646336) can0 18FF14D1#
(1785791704.647605) can0 1CECFFF1#20120003FF19F000
(1785791704.648533) can0 1CEBFFF1#0127100000000000
(1785791704.649518) can0 1CEBFFF1#0200000000000000
(1785791704.650500) can0 1CEBFFF1#03FF6B09F5FFFFFF
(1785791704.676511) can0 18F015F1#000045BA48D846E8
(1785791704.706780) can0 18FEF1F8#FF0000FFFFFFFFFF
(1785791704.707968) can0 18F005F8#7DFFFF7DFFFFFFFF
(1785791704.747519) can0 1CECFFF1#20120003FF19F000
(1785791704.748500) can0 1CEBFFF1#0127100000000000
(1785791704.749511) can0 1CEBFFF1#0200000000000000
(1785791704.750492) can0 1CEBFFF1#03FF6AC934FFFFFF
(1785791704.776490) can0 18F015F1#000045B748F446CC
(1785791704.805205) can0 18FEF1F8#FF0000FFFFFFFFFF
(1785791704.806393) can0 18F005F8#7DFFFF7DFFFFFFFF
(1785791704.847570) can0 1CECFFF1#20120003FF19F000
(1785791704.848526) can0 1CEBFFF1#0127100000000000
(1785791704.849530) can0 1CEBFFF1#0200000000000000
(1785791704.850526) can0 1CEBFFF1#03FF66CC34FFFFFF
(1785791704.876770) can0 18F015F1#000045B3490746AF
(1785791704.907791) can0 18FEF1F8#FF0000FFFFFFFFFF
(1785791704.909366) can0 18F005F8#7DFFFF7DFFFFFFFF
(1785791704.947688) can0 1CECFFF1#20120003FF19F000
(1785791704.948514) can0 1CEBFFF1#0127100000000000
(1785791704.949557) can0 1CEBFFF1#0200000000000000
(1785791704.950587) can0 1CEBFFF1#03FF610E75FFFFFF
(1785791704.976524) can0 18F015F1#000045AF491D46A0
(1785791705.005242) can0 18FEF1F8#FF0000FFFFFFFFFF
(1785791705.006433) can0 18F005F8#7DFFFF7DFFFFFFFF
(1785791705.047571) can0 1CECFFF1#20120003FF19F000
(1785791705.048507) can0 1CEBFFF1#0127100000000000
(1785791705.049514) can0 1CEBFFF1#0200000000000000
(1785791705.050506) can0 1CEBFFF1#03FF620F35FFFFFF
(1785791705.076525) can0 18F015F1#000045B0492A46AC
(1785791705.105215) can0 18FEF1F8#FF0000FFFFFFFFFF
(1785791705.106359) can0 18F005F8#7DFFFF7DFFFFFFFF
(1785791705.146409) can0 18FF14D1#
(1785791705.147511) can0 1CECFFF1#20120003FF19F000
(1785791705.148501) can0 1CEBFFF1#0127100000000000
(1785791705.149519) can0 1CEBFFF1#0200000000000000
(1785791705.150504) can0 1CEBFFF1#03FF610E75FFFFFF
(1785791705.177583) can0 18F015F1#000045B1492F46B9
(1785791705.186428) can0 18F017F1#288515F26E9E
(1785791705.186866) can0 18F018F1#D7B1E773860A
(1785791705.205526) can0 18FEF1F8#FF0000FFFFFFFFFF
(1785791705.206858) can0 18F005F8#7DFFFF7DFFFFFFFF
(1785791705.247729) can0 1CECFFF1#20120003FF19F000
(1785791705.248518) can0 1CEBFFF1#0127100000000000
(1785791705.249512) can0 1CEBFFF1#0200000000000000
(1785791705.250532) can0 1CEBFFF1#03FF620F35FFFFFF
(1785791705.276797) can0 18F015F1#000045B2493146C8
(1785791705.305211) can0 18FEF1F8#FF0000FFFFFFFFFF
(1785791705.307379) can0 18F005F8#7DFFFF7DFFFFFFFF
(1785791705.348624) can0 1CECFFF1#20120003FF19F000
(1785791705.349510) can0 1CEBFFF1#0127100000000000
(1785791705.350571) can0 1CEBFFF1#0200000000000000
(1785791705.351680) can0 1CEBFFF1#03FF63CFF4FFFFFF
(1785791705.377528) can0 18F015F1#000045B2492946BE
(1785791705.405331) can0 18FEF1F8#FF0000FFFFFFFFFF
(1785791705.406503) can0 18F005F8#7DFFFF7DFFFFFFFF
(1785791705.448588) can0 1CECFFF1#20120003FF19F000
(1785791705.449541) can0 1CEBFFF1#0127100000000000
(1785791705.450520) can0 1CEBFFF1#0200000000000000
(1785791705.451502) can0 1CEBFFF1#03FF620F35FFFFFF
(1785791705.477502) can0 18F015F1#000045AF491F46BB
(1785791705.505353) can0 18FEF1F8#FF0000FFFFFFFFFF
(1785791705.506537) can0 18F005F8#7DFFFF7DFFFFFFFF
(1785791705.548814) can0 1CECFFF1#20120003FF19F000
(1785791705.549582) can0 1CEBFFF1#0127100000000000
(1785791705.550662) can0 1CEBFFF1#0200000000000000
(1785791705.551556) can0 1CEBFFF1#03FF5D1F75FFFFFF
(1785791705.577836) can0 18F015F1#000045AB491346C0
(1785791705.605371) can0 18FEF1F8#FF0000FFFFFFFFFF
(1785791705.606568) can0 18F005F8#7DFFFF7DFFFFFFFF
(1785791705.646335) can0 18FF14D1#
(1785791705.648501) can0 1CECFFF1#20120003FF19F000
(1785791705.649498) can0 1CEBFFF1#0127100000000000
(1785791705.650508) can0 1CEBFFF1#0200000000000000
(1785791705.651496) can0 1CEBFFF1#03FF5CDFB4FFFFFF
(1785791705.678546) can0 18F015F1#000045AB490846C5
(1785791705.705234) can0 18FEF1F8#FF0000FFFFFFFFFF
(1785791705.706434) can0 18F005F8#7DFFFF7DFFFFFFFF
(1785791705.748558) can0 1CECFFF1#20120003FF19F000
(1785791705.749507) can0 1CEBFFF1#0127100000000000
(1785791705.750517) can0 1CEBFFF1#0200000000000000
(1785791705.751496) can0 1CEBFFF1#03FF5ADD34FFFFFF
(1785791705.777537) can0 18F015F1#000045A848FD46CF
(1785791705.805207) can0 18FEF1F8#FF0000FFFFFFFFFF
(1785791705.806400) can0 18F005F8#7DFFFF7DFFFFFFFF
(1785791705.848608) can0 1CECFFF1#20120003FF19F000
(1785791705.849523) can0 1CEBFFF1#0127100000000000
(1785791705.850562) can0 1CEBFFF1#0200000000000000
(1785791705.851539) can0 1CEBFFF1#03FF5B1DF5FFFFFF
(1785791705.877773) can0 18F015F1#000045AC48F146E1
(1785791705.906426) can0 18FEF1F8#FF0000FFFFFFFFFF
(1785791705.908136) can0 18F005F8#7DFFFF7DFFFFFFFF
(1785791705.948624) can0 1CECFFF1#20120003FF19F000
(1785791705.949988) can0 1CEBFFF1#0127100000000000
(1785791705.950555) can0 1CEBFFF1#0200000000000000
(1785791705.951499) can0 1CEBFFF1#03FF60CEB4FFFFFF
(1785791705.977646) can0 18F015F1#000045B148EF46F9
(1785791706.005390) can0 18FEF1F8#FF0000FFFFFFFFFF
(1785791706.006584) can0 18F005F8#7DFFFF7DFFFFFFFF
(1785791706.049565) can0 1CECFFF1#20120003FF19F000
(1785791706.050513) can0 1CEBFFF1#0127100000000000
(1785791706.051551) can0 1CEBFFF1#0200000000000000
(1785791706.052508) can0 1CEBFFF1#03FF65CD74FFFFFF
(1785791706.077538) can0 18F015F1#000045B44900471C
(1785791706.105199) can0 18FEF1F8#FF0000FFFFFFFFFF
(1785791706.106334) can0 18F005F8#7DFFFF7DFFFFFFFF
(1785791706.146280) can0 18FF14D1#
(1785791706.149532) can0 1CECFFF1#20120003FF19F000
(1785791706.150514) can0 1CEBFFF1#0127100000000000
(1785791706.151525) can0 1CEBFFF1#0200000000000000
(1785791706.152501) can0 1CEBFFF1#03FF6AC934FFFFFF
(1785791706.178717) can0 18F015F1#000045B9490E472F
(1785791706.188486) can0 18F017F1#17FB0DF87E49
(1785791706.188905) can0 18F018F1#EF28F4B29954
(1785791706.205395) can0 18FEF1F8#FF0000FFFFFFFFFF
(1785791706.206711) can0 18F005F8#7DFFFF7DFFFFFFFF
(1785791706.249761) can0 1CECFFF1#20120003FF19F000
(1785791706.250525) can0 1CEBFFF1#0127100000000000
(1785791706.251580) can0 1CEBFFF1#0200000000000000
(1785791706.252506) can0 1CEBFFF1#03FF6808B5FFFFFF
(1785791706.278577) can0 18F015F1#000045B3490C4717
(1785791706.305184) can0 18FEF1F8#FF0000FFFFFFFFFF
(1785791706.306301) can0 18F005F8#7DFFFF7DFFFFFFFF
(1785791706.349578) can0 1CECFFF1#20120003FF19F000
(1785791706.350505) can0 1CEBFFF1#0127100000000000
(1785791706.351513) can0 1CEBFFF1#0200000000000000
(1785791706.352526) can0 1CEBFFF1#03FF5CDFB4FFFFFF
(1785791706.378505) can0 18F015F1#000045A848E4470E
(1785791706.405271) can0 18FEF1F8#FF0000FFFFFFFFFF
(1785791706.406436) can0 18F005F8#7DFFFF7DFFFFFFFF
(1785791706.449549) can0 1CECFFF1#20120003FF19F000
(1785791706.450506) can0 1CEBFFF1#0127100000000000
(1785791706.451517) can0 1CEBFFF1#0200000000000000
(1785791706.452500) can0 1CEBFFF1#03FF581CB5FFFFFF
(1785791706.478500) can0 18F015F1#000045A748854724
(1785791706.505340) can0 18FEF1F8#FF0000FFFFFFFFFF
(1785791706.506489) can0 18F005F8#7DFFFF7DFFFFFFFF
(1785791706.549613) can0 1CECFFF1#20120003FF19F000
(1785791706.550535) can0 1CEBFFF1#0127100000000000
(1785791706.551647) can0 1CEBFFF1#0200000000000000
(1785791706.552592) can0 1CEBFFF1#03FF5B1DF5FFFFFF
(1785791706.578629) can0 18F015F1#000045AB4835472A
(1785791706.605204) can0 18FEF1F8#FF0000FFFFFFFFFF
(1785791706.606347) can0 18F005F8#7DFFFF7DFFFFFFFF
(1785791706.646388) can0 18FF14D1#
(1785791706.649532) can0 1CECFFF1#20120003FF19F000
(1785791706.650503) can0 1CEBFFF1#0127100000000000
(1785791706.651514) can0 1CEBFFF1#0200000000000000
(1785791706.652497) can0 1CEBFFF1#03FF5E1E35FFFFFF
(1785791706.679543) can0 18F015F1#000045AE4837471D
(1785791706.705202) can0 18FEF1F8#FF0000FFFFFFFFFF
(1785791706.706337) can0 18F005F8#7DFFFF7DFFFFFFFF
(1785791706.750532) can0 1CECFFF1#20120003FF19F000
(1785791706.751513) can0 1CEBFFF1#0127100000000000
(1785791706.752523) can0 1CEBFFF1#0200000000000000
(1785791706.753512) can0 1CEBFFF1#03FF5CDFB4FFFFFF
(1785791706.778512) can0 18F015F1#000045AA48A8471A
(1785791706.805195) can0 18FEF1F8#FF0000FFFFFFFFFF
(1785791706.806376) can0 18F005F8#7DFFFF7DFFFFFFFF
(1785791706.849658) can0 1CECFFF1#20120003FF19F000
(1785791706.850530) can0 1CEBFFF1#0127100000000000
(1785791706.851539) can0 1CEBFFF1#0200000000000000
(1785791706.852513) can0 1CEBFFF1#03FF56D834FFFFFF
(1785791706.878880) can0 18F015F1#000045A5493F472F
(1785791706.905834) can0 18FEF1F8#FF0000FFFFFFFFFF
(1785791706.907059) can0 18F005F8#7DFFFF7DFFFFFFFF
(1785791706.950560) can0 1CECFFF1#20120003FF19F000
(1785791706.951505) can0 1CEBFFF1#0127100000000000
(1785791706.952515) can0 1CEBFFF1#0200000000000000
(1785791706.953503) can0 1CEBFFF1#03FF50DAB4FFFFFF
(1785791706.979524) can0 18F015F1#000045A0498C4751
(1785791707.005271) can0 18FEF1F8#FF0000FFFFFFFFFF
(1785791707.006429) can0 18F005F8#7DFFFF7DFFFFFFFF
(1785791707.050544) can0 1CECFFF1#20120003FF19F000
(1785791707.051515) can0 1CEBFFF1#0127100000000000
(1785791707.052526) can0 1CEBFFF1#0200000000000000
(1785791707.053509) can0 1CEBFFF1#03FF50DAB4FFFFFF
(1785791707.079540) can0 18F015F1#0000459D49794766
(1785791707.105184) can0 18FEF1F8#FF0000FFFFFFFFFF
(1785791707.106392) can0 18F005F8#7DFFFF7DFFFFFFFF
(1785791707.146300) can0 18FF14D1#
(1785791707.150533) can0 1CECFFF1#20120003FF19F000
(1785791707.151523) can0 1CEBFFF1#0127100000000000
(1785791707.152537) can0 1CEBFFF1#0200000000000000
(1785791707.153524) can0 1CEBFFF1#03FF491075FFFFFF
(1785791707.180664) can0 18F015F1#0000459449324767
(1785791707.189528) can0 18F017F1#17FB0DF87E49
(1785791707.189895) can0 18F018F1#EF28F4B29954
(1785791707.207149) can0 18FEF1F8#FF0000FFFFFFFFFF
(1785791707.208455) can0 18F005F8#7DFFFF7DFFFFFFFF
(1785791707.250712) can0 1CECFFF1#20120003FF19F000
(1785791707.251522) can0 1CEBFFF1#0127100000000000
(1785791707.252550) can0 1CEBFFF1#0200000000000000
(1785791707.253511) can0 1CEBFFF1#03FF4016B5FFFFFF
(1785791707.279548) can0 18F015F1#0000458D48EE476C
(1785791707.305188) can0 18FEF1F8#FF0000FFFFFFFFFF
(1785791707.306364) can0 18F005F8#7DFFFF7DFFFFFFFF
(1785791707.350582) can0 1CECFFF1#20120003FF19F000
(1785791707.351520) can0 1CEBFFF1#0127100000000000
(1785791707.352527) can0 1CEBFFF1#0200000000000000
(1785791707.353515) can0 1CEBFFF1#03FF36F034FFFFFF
(1785791707.379526) can0 18F015F1#0000458148BA4756
(1785791707.405258) can0 18FEF1F8#FF0000FFFFFFFFFF
(1785791707.406427) can0 18F005F8#7DFFFF7DFFFFFFFF
(1785791707.450577) can0 1CECFFF1#20120003FF19F000
(1785791707.451533) can0 1CEBFFF1#0127100000000000
(1785791707.452540) can0 1CEBFFF1#0200000000000000
(1785791707.453520) can0 1CEBFFF1#03FF2C3BB5FFFFFF
(1785791707.479542) can0 18F015F1#0000457D48C0475F
(1785791707.505366) can0 18FEF1F8#FF0000FFFFFFFFFF
(1785791707.506672) can0 18F005F8#7DFFFF7DFFFFFFFF
(1785791707.550854) can0 1CECFFF1#20120003FF19F000
(1785791707.551611) can0 1CEBFFF1#0127100000000000
(1785791707.552631) can0 1CEBFFF1#0200000000000000
(1785791707.553581) can0 1CEBFFF1#03FF28F8B4FFFFFF
(1785791707.579938) can0 18F015F1#0000457148D74759
(1785791707.605705) can0 18FEF1F8#FF0000FFFFFFFFFF
(1785791707.607084) can0 18F005F8#7DFFFF7DFFFFFFFF
(1785791707.646267) can0 18FF14D1#
(1785791707.651731) can0 1CECFFF1#20120003FF19F000
(1785791707.652524) can0 1CEBFFF1#0127100000000000
(1785791707.653530) can0 1CEBFFF1#0200000000000000
(1785791707.654514) can0 1CEBFFF1#03FF21FE74FFFFFF
(1785791707.680576) can0 18F015F1#0000456D48FF4761
(1785791707.705237) can0 18FEF1F8#FF0000FFFFFFFFFF
(1785791707.707575) can0 18F005F8#7DFFFF7DFFFFFFFF
(1785791707.751561) can0 1CECFFF1#20120003FF19F000
(1785791707.752529) can0 1CEBFFF1#0127100000000000
(1785791707.753539) can0 1CEBFFF1#0200000000000000
(1785791707.754522) can0 1CEBFFF1#03FF1C2FB5FFFFFF
(1785791707.780525) can0 18F015F1#000045694910475B
(1785791707.805213) can0 18FEF1F8#FF0000FFFFFFFFFF
(1785791707.806364) can0 18F005F8#7DFFFF7DFFFFFFFF
(1785791707.851713) can0 1CECFFF1#20120003FF19F000
(1785791707.852542) can0 1CEBFFF1#0127100000000000
(1785791707.853546) can0 1CEBFFF1#0200000000000000
(1785791707.854531) can0 1CEBFFF1#03FF14E9B4FFFFFF
(1785791707.880679) can0 18F015F1#000045614916475A
(1785791707.905710) can0 18FEF1F8#FF0000FFFFFFFFFF
(1785791707.907110) can0 18F005F8#7DFFFF7DFFFFFFFF
(1785791707.951668) can0 1CECFFF1#20120003FF19F000
(1785791707.952532) can0 1CEBFFF1#0127100000000000
(1785791707.953530) can0 1CEBFFF1#0200000000000000
(1785791707.954511) can0 1CEBFFF1#03FF0D2375FFFFFF
(1785791707.980530) can0 18F015F1#0000455B490D4761
(1785791708.005467) can0 18FEF1F8#FF0000FFFFFFFFFF
(1785791708.006617) can0 18F005F8#7DFFFF7DFFFFFFFF
(1785791708.051575) can0 1CECFFF1#20120003FF19F000
(1785791708.052516) can0 1CEBFFF1#0127100000000000
(1785791708.053528) can0 1CEBFFF1#0200000000000000
(1785791708.054523) can0 1CEBFFF1#03FF0B21F5FFFFFF
(1785791708.080534) can0 18F015F1#0000455748FC4769
(1785791708.105191) can0 18FEF1F8#FF0000FFFFFFFFFF
(1785791708.106404) can0 18F005F8#7DFFFF7DFFFFFFFF
(1785791708.146244) can0 18FF14D1#
(1785791708.151535) can0 1CECFFF1#20120003FF19F000
(1785791708.152527) can0 1CEBFFF1#0127100000000000
(1785791708.153539) can0 1CEBFFF1#0200000000000000
(1785791708.154533) can0 1CEBFFF1#03FF05E574FFFFFF
(1785791708.181724) can0 18F015F1#0000455448EC4770
(1785791708.190551) can0 18F017F1#180E15837E2D
(1785791708.190986) can0 18F018F1#E4ACF4CA8735
(1785791708.205356) can0 18FEF1F8#FF0000FFFFFFFFFF
(1785791708.206525) can0 18F005F8#7DFFFF7DFFFFFFFF
(1785791708.252669) can0 1CECFFF1#20120003FF19F000
(1785791708.253528) can0 1CEBFFF1#0127100000000000
(1785791708.254529) can0 1CEBFFF1#0200000000000000
(1785791708.255522) can0 1CEBFFF1#03FF012675FFFFFF
(1785791708.281556) can0 18F015F1#0000454C48DF475F
(1785791708.305193) can0 18FEF1F8#FF0000FFFFFFFFFF
(1785791708.306331) can0 18F005F8#7DFFFF7DFFFFFFFF
(1785791708.352580) can0 1CECFFF1#20120003FF19F000
(1785791708.353523) can0 1CEBFFF1#0127100000000000
(1785791708.354555) can0 1CEBFFF1#0200000000000000
(1785791708.355541) can0 1CEBFFF1#03FEF7F0F4FFFFFF
(1785791708.381545) can0 18F015F1#0000454548E04761
(1785791708.405656) can0 18FEF1F8#FF0000FFFFFFFFFF
(1785791708.406865) can0 18F005F8#7DFFFF7DFFFFFFFF
(1785791708.452549) can0 1CECFFF1#20120003FF19F000
(1785791708.453528) can0 1CEBFFF1#0127100000000000
(1785791708.454533) can0 1CEBFFF1#0200000000000000
(1785791708.455507) can0 1CEBFFF1#03FEF2F334FFFFFF
(1785791708.481519) can0 18F015F1#0000453F48EF4761
(1785791708.505239) can0 18FEF1F8#FF0000FFFFFFFFFF
(1785791708.506494) can0 18F005F8#7DFFFF7DFFFFFFFF
(1785791708.552699) can0 1CECFFF1#20120003FF19F000
(1785791708.553550) can0 1CEBFFF1#0127100000000000
(1785791708.554554) can0 1CEBFFF1#0200000000000000
(1785791708.555599) can0 1CEBFFF1#03FEEFFAF4FFFFFF
(1785791708.581726) can0 18F015F1#0000453C48EF4750
(1785791708.605199) can0 18FEF1F8#FF0000FFFFFFFFFF
(1785791708.606332) can0 18F005F8#7DFFFF7DFFFFFFFF
(1785791708.646245) can0 18FF14D1#
(1785791708.652532) can0 1CECFFF1#20120003FF19F000
(1785791708.653527) can0 1CEBFFF1#0127100000000000
(1785791708.654538) can0 1CEBFFF1#0200000000000000
(1785791708.656264) can0 1CEBFFF1#03FEF1F274FFFFFF
(1785791708.682570) can0 18F015F1#000045404905475C
(1785791708.705208) can0 18FEF1F8#FF0000FFFFFFFFFF
(1785791708.706363) can0 18F005F8#7DFFFF7DFFFFFFFF
(1785791708.752557) can0 1CECFFF1#20120003FF19F000
(1785791708.753533) can0 1CEBFFF1#0127100000000000
(1785791708.754539) can0 1CEBFFF1#0200000000000000
(1785791708.755514) can0 1CEBFFF1#03FEF2F334FFFFFF
(1785791708.781533) can0 18F015F1#0000453F48F04752
(1785791708.805211) can0 18FEF1F8#FF0000FFFFFFFFFF
(1785791708.806338) can0 18F005F8#7DFFFF7DFFFFFFFF
(1785791708.852748) can0 1CECFFF1#20120003FF19F000
(1785791708.853583) can0 1CEBFFF1#0127100000000000
(1785791708.854545) can0 1CEBFFF1#0200000000000000
(1785791708.855517) can0 1CEBFFF1#03FEF2F334FFFFFF
(1785791708.881670) can0 18F015F1#0000454148BF474F
(1785791708.907405) can0 18FEF1F8#FF0000FFFFFFFFFF
(1785791708.909047) can0 18F005F8#7DFFFF7DFFFFFFFF
(1785791708.952693) can0 1CECFFF1#20120003FF19F000
(1785791708.953538) can0 1CEBFFF1#0127100000000000
(1785791708.954536) can0 1CEBFFF1#0200000000000000
(1785791708.955507) can0 1CEBFFF1#03FEF2F334FFFFFF
(1785791708.981537) can0 18F015F1#0000454248D8474E
(1785791709.005294) can0 18FEF1F8#FF0000FFFFFFFFFF
(1785791709.006491) can0 18F005F8#7DFFFF7DFFFFFFFF
(1785791709.053573) can0 1CECFFF1#20120003FF19F000
(1785791709.054534) can0 1CEBFFF1#0127100000000000
(1785791709.055541) can0 1CEBFFF1#0200000000000000
(1785791709.056521) can0 1CEBFFF1#03FEF2F334FFFFFF
(1785791709.082553) can0 18F015F1#0000454248E2473F
(1785791709.105195) can0 18FEF1F8#FF0000FFFFFFFFFF
(1785791709.106319) can0 18F005F8#7DFFFF7DFFFFFFFF
(1785791709.146230) can0 18FF14D1#
(1785791709.153544) can0 1CECFFF1#20120003FF19F000
(1785791709.154531) can0 1CEBFFF1#0127100000000000
(1785791709.155537) can0 1CEBFFF1#0200000000000000
(1785791709.156517) can0 1CEBFFF1#03FEF53175FFFFFF
(1785791709.182672) can0 18F015F1#0000454548E0474D
(1785791709.192582) can0 18F017F1#180E15837E2D
(1785791709.193000) can0 18F018F1#E4ACF4CA8735
(1785791709.205247) can0 18FEF1F8#FF0000FFFFFFFFFF
(1785791709.206505) can0 18F005F8#7DFFFF7DFFFFFFFF
(1785791709.253691) can0 1CECFFF1#20120003FF19F000
(1785791709.254543) can0 1CEBFFF1#0127100000000000
(1785791709.255535) can0 1CEBFFF1#0200000000000000
(1785791709.256532) can0 1CEBFFF1#03FEF7F0F4FFFFFF
(1785791709.282537) can0 18F015F1#0000454548CF4746
(1785791709.305213) can0 18FEF1F8#FF0000FFFFFFFFFF
(1785791709.306398) can0 18F005F8#7DFFFF7DFFFFFFFF
(1785791709.353606) can0 1CECFFF1#20120003FF19F000
(1785791709.354535) can0 1CEBFFF1#0127100000000000
(1785791709.355542) can0 1CEBFFF1#0200000000000000
(1785791709.356527) can0 1CEBFFF1#03FEFA3535FFFFFF
(1785791709.382554) can0 18F015F1#0000454948BE4741
(1785791709.405477) can0 18FEF1F8#FF0000FFFFFFFFFF
(1785791709.406635) can0 18F005F8#7DFFFF7DFFFFFFFF
(1785791709.453558) can0 1CECFFF1#20120003FF19F000
(1785791709.454536) can0 1CEBFFF1#0127100000000000
(1785791709.455541) can0 1CEBFFF1#0200000000000000
(1785791709.456526) can0 1CEBFFF1#03FEF93475FFFFFF
(1785791709.482528) can0 18F015F1#0000454948D1473C
(1785791709.505316) can0 18FEF1F8#FF0000FFFFFFFFFF
(1785791709.506521) can0 18F005F8#7DFFFF7DFFFFFFFF
(1785791709.553719) can0 1CECFFF1#20120003FF19F000
(1785791709.554570) can0 1CEBFFF1#0127100000000000
(1785791709.555601) can0 1CEBFFF1#0200000000000000
(1785791709.556581) can0 1CEBFFF1#03FEFF36F5FFFFFF
(1785791709.582656) can0 18F015F1#0000455148F14751
(1785791709.605375) can0 18FEF1F8#FF0000FFFFFFFFFF
(1785791709.606608) can0 18F005F8#7DFFFF7DFFFFFFFF
(1785791709.646190) can0 18FF14D1#
(1785791709.653534) can0 1CECFFF1#20120003FF19F000
(1785791709.654528) can0 1CEBFFF1#0127100000000000
(1785791709.655539) can0 1CEBFFF1#0200000000000000
(1785791709.656537) can0 1CEBFFF1#03FF0820B5FFFFFF
(1785791709.683641) can0 18F015F1#0000455748EF476F
(1785791709.705263) can0 18FEF1F8#FF0000FFFFFFFFFF
(1785791709.706471) can0 18F005F8#7DFFFF7DFFFFFFFF
(1785791709.753613) can0 1CECFFF1#20120003FF19F000
(1785791709.754543) can0 1CEBFFF1#0127100000000000
(1785791709.755551) can0 1CEBFFF1#0200000000000000
(1785791709.756554) can0 1CEBFFF1#03FF0FE2F4FFFFFF
(1785791709.782602) can0 18F015F1#0000455F48CE4773
(1785791709.805256) can0 18FEF1F8#FF0000FFFFFFFFFF
(1785791709.806462) can0 18F005F8#7DFFFF7DFFFFFFFF
(1785791709.854639) can0 1CECFFF1#20120003FF19F000
(1785791709.855543) can0 1CEBFFF1#0127100000000000
(1785791709.856578) can0 1CEBFFF1#0200000000000000
(1785791709.857563) can0 1CEBFFF1#03FF102AB5FFFFFF
(1785791709.883640) can0 18F015F1#0000456248994763
(1785791709.905455) can0 18FEF1F8#FF0000FFFFFFFFFF
(1785791709.906854) can0 18F005F8#7DFFFF7DFFFFFFFF
(1785791709.954716) can0 1CECFFF1#20120003FF19F000
(1785791709.955551) can0 1CEBFFF1#0127100000000000
(1785791709.956571) can0 1CEBFFF1#0200000000000000
(1785791709.957533) can0 1CEBFFF1#03FF14E9B4FFFFFF
(1785791709.983550) can0 18F015F1#0000456348684757
(1785791710.005476) can0 18FEF1F8#FF0000FFFFFFFFFF
(1785791710.006803) can0 18F005F8#7DFFFF7DFFFFFFFF
(1785791710.054606) can0 1CECFFF1#20120003FF19F000
(1785791710.055538) can0 1CEBFFF1#0127100000000000
(1785791710.056552) can0 1CEBFFF1#0200000000000000
(1785791710.057525) can0 1CEBFFF1#03FF192C75FFFFFF
(1785791710.083562) can0 18F015F1#00004569486C4755
(1785791710.105207) can0 18FEF1F8#FF0000FFFFFFFFFF
(1785791710.106401) can0 18F005F8#7DFFFF7DFFFFFFFF
(1785791710.146188) can0 18FF14D1#
(1785791710.154551) can0 1CECFFF1#20120003FF19F000
(1785791710.155549) can0 1CEBFFF1#0127100000000000
(1785791710.156567) can0 1CEBFFF1#0200000000000000
(1785791710.157545) can0 1CEBFFF1#03FF1EEE34FFFFFF
(1785791710.184663) can0 18F015F1#0000456F4885474A
(1785791710.193545) can0 18F017F1#F4701EB27C64
(1785791710.193991) can0 18F018F1#CE64ED008D9E
(1785791710.205248) can0 18FEF1F8#FF0000FFFFFFFFFF
(1785791710.206516) can0 18F005F8#7DFFFF7DFFFFFFFF
(1785791710.254851) can0 1CECFFF1#20120003FF19F000
(1785791710.255553) can0 1CEBFFF1#0127100000000000
(1785791710.256554) can0 1CEBFFF1#0200000000000000
(1785791710.257558) can0 1CEBFFF1#03FF24FDB4FFFFFF
(1785791710.283558) can0 18F015F1#0000457348A5473C
(1785791710.305176) can0 18FEF1F8#FF0000FFFFFFFFFF
(1785791710.306310) can0 18F005F8#7DFFFF7DFFFFFFFF
(1785791710.354607) can0 1CECFFF1#20120003FF19F000
(1785791710.355535) can0 1CEBFFF1#0127100000000000
(1785791710.356547) can0 1CEBFFF1#0200000000000000
(1785791710.357529) can0 1CEBFFF1#03FF263C35FFFFFF
(1785791710.383543) can0 18F015F1#0000457648C3473D
(1785791710.405284) can0 18FEF1F8#FF0000FFFFFFFFFF
(1785791710.406436) can0 18F005F8#7DFFFF7DFFFFFFFF
(1785791710.454565) can0 1CECFFF1#20120003FF19F000
(1785791710.455554) can0 1CEBFFF1#0127100000000000
(1785791710.456564) can0 1CEBFFF1#0200000000000000
(1785791710.457544) can0 1CEBFFF1#03FF293875FFFFFF
(1785791710.483538) can0 18F015F1#0000457A48CF4740
(1785791710.505204) can0 18FEF1F8#FF0000FFFFFFFFFF
(1785791710.506370) can0 18F005F8#7DFFFF7DFFFFFFFF
(1785791710.554791) can0 1CECFFF1#20120003FF19F000
(1785791710.555546) can0 1CEBFFF1#0127100000000000
(1785791710.556591) can0 1CEBFFF1#0200000000000000
(1785791710.557567) can0 1CEBFFF1#03FF2EFA34FFFFFF
(1785791710.584566) can0 18F015F1#0000457F48C7474F
(1785791710.605210) can0 18FEF1F8#FF0000FFFFFFFFFF
(1785791710.606399) can0 18F005F8#7DFFFF7DFFFFFFFF
(1785791710.646334) can0 18FF14D1#
(1785791710.655851) can0 1CECFFF1#20120003FF19F000
(1785791710.656770) can0 1CEBFFF1#0127100000000000
(1785791710.657898) can0 1CEBFFF1#0200000000000000
(1785791710.658561) can0 1CEBFFF1#03FF35F174FFFFFF
(1785791710.684580) can0 18F015F1#0000458748BE476A
(1785791710.705214) can0 18FEF1F8#FF0000FFFFFFFFFF
(1785791710.706421) can0 18F005F8#7DFFFF7DFFFFFFFF
(1785791710.755602) can0 1CECFFF1#20120003FF19F000
(1785791710.756541) can0 1CEBFFF1#0127100000000000
(1785791710.757552) can0 1CEBFFF1#0200000000000000
(1785791710.758533) can0 1CEBFFF1#03FF3E3635FFFFFF
(1785791710.784540) can0 18F015F1#0000458F48BE4787
(1785791710.805184) can0 18FEF1F8#FF0000FFFFFFFFFF
(1785791710.806398) can0 18F005F8#7DFFFF7DFFFFFFFF
(1785791710.855641) can0 1CECFFF1#20120003FF19F000
(1785791710.856559) can0 1CEBFFF1#0127100000000000
(1785791710.857582) can0 1CEBFFF1#0200000000000000
(1785791710.858555) can0 1CEBFFF1#03FF44D5B4FFFFFF
(1785791710.884626) can0 18F015F1#0000459448D6478F
(1785791710.905617) can0 18FEF1F8#FF0000FFFFFFFFFF
(1785791710.906968) can0 18F005F8#7DFFFF7DFFFFFFFF
(1785791710.946570) can0 18FF09D1#01000C00C488E1
(1785791710.955548) can0 1CECFFF1#20120003FF19F000
(1785791710.956543) can0 1CEBFFF1#0127100000000000
(1785791710.957553) can0 1CEBFFF1#0200000000000000
(1785791710.958535) can0 1CEBFFF1#03FF491075FFFFFF
(1785791710.984549) can0 18F015F1#0000459548D2477D
(1785791711.005225) can0 18FEF1F8#FF0000FFFFFFFFFF
(1785791711.006387) can0 18F005F8#7DFFFF7DFFFFFFFF
(1785791711.046475) can0 18FF09D1#01000C00C488E1
(1785791711.055560) can0 1CECFFF1#20120003FF19F000
(1785791711.056552) can0 1CEBFFF1#0127100000000000
(1785791711.057562) can0 1CEBFFF1#0200000000000000
(1785791711.058546) can0 1CEBFFF1#03FF4A1135FFFFFF
(1785791711.084564) can0 18F015F1#0000459A48B74791
(1785791711.105202) can0 18FEF1F8#FF0000FFFFFFFFFF
(1785791711.106349) can0 18F005F8#7DFFFF7DFFFFFFFF
(1785791711.146563) can0 18FF09D1#01000C00C488E1
(1785791711.146841) can0 18FF14D1#
(1785791711.156552) can0 1CECFFF1#20120003FF19F000
(1785791711.157546) can0 1CEBFFF1#0127100000000000
(1785791711.158554) can0 1CEBFFF1#0200000000000000
(1785791711.159537) can0 1CEBFFF1#03FF4C13B5FFFFFF
(1785791711.185676) can0 18F015F1#0000459C48914799
(1785791711.194587) can0 18F017F1#F4701EB27C64
(1785791711.194985) can0 18F018F1#CE64ED008D9E
(1785791711.205321) can0 18FEF1F8#FF0000FFFFFFFFFF
(1785791711.206608) can0 18F005F8#7DFFFF7DFFFFFFFF
(1785791711.246809) can0 18FF09D1#01000C00C488E1
(1785791711.255924) can0 1CECFFF1#20120003FF19F000
(1785791711.256585) can0 1CEBFFF1#0127100000000000
(1785791711.257602) can0 1CEBFFF1#0200000000000000
(1785791711.258562) can0 1CEBFFF1#03FF521B35FFFFFF
(1785791711.284953) can0 18F015F1#000045A1487647A8
(1785791711.305177) can0 18FEF1F8#FF0000FFFFFFFFFF
(1785791711.306355) can0 18F005F8#7DFFFF7DFFFFFFFF
(1785791711.346476) can0 18FF09D1#01000C00C488E1
(1785791711.356565) can0 1CECFFF1#20120003FF19F000
(1785791711.357553) can0 1CEBFFF1#0127100000000000
(1785791711.358566) can0 1CEBFFF1#0200000000000000
(1785791711.359539) can0 1CEBFFF1#03FF55D974FFFFFF
(1785791711.385557) can0 18F015F1#000045A548794789
(1785791711.405248) can0 18FEF1F8#FF0000FFFFFFFFFF
(1785791711.406420) can0 18F005F8#7DFFFF7DFFFFFFFF
(1785791711.446451) can0 18FF09D1#01000C00C494DF
(1785791711.456583) can0 1CECFFF1#20120003FF19F000
(1785791711.457563) can0 1CEBFFF1#0127100000000000
(1785791711.458561) can0 1CEBFFF1#0200000000000000
(1785791711.459543) can0 1CEBFFF1#03FF59DC74FFFFFF
(1785791711.485557) can0 18F015F1#000045A748A9476F
(1785791711.505277) can0 18FEF1F8#FF0000FFFFFFFFFF
(1785791711.506434) can0 18F005F8#7DFFFF7DFFFFFFFF
(1785791711.546482) can0 18FF09D1#01000C00C494DF
(1785791711.556724) can0 1CECFFF1#20120003FF19F000
(1785791711.557625) can0 1CEBFFF1#0127100000000000
(1785791711.558613) can0 1CEBFFF1#0200000000000000
(1785791711.559576) can0 1CEBFFF1#03FF5ADD34FFFFFF
(1785791711.585810) can0 18F015F1#000045AA48BA4768
(1785791711.605371) can0 18FEF1F8#FF0000FFFFFFFFFF
(1785791711.606585) can0 18F005F8#7DFFFF7DFFFFFFFF
(1785791711.646540) can0 18FF09D1#01000C00C494DF
(1785791711.646849) can0 18FF14D1#
(1785791711.656548) can0 1CECFFF1#20120003FF19F000
(1785791711.657543) can0 1CEBFFF1#0127100000000000
(1785791711.658556) can0 1CEBFFF1#0200000000000000
(1785791711.659534) can0 1CEBFFF1#03FF5FDEF4FFFFFF
(1785791711.686589) can0 18F015F1#000045AD48AA476B
(1785791711.705227) can0 18FEF1F8#FF0000FFFFFFFFFF
(1785791711.706401) can0 18F005F8#7DFFFF7DFFFFFFFF
(1785791711.746441) can0 18FF09D1#01000C00C494DF
(1785791711.756573) can0 1CECFFF1#20120003FF19F000
(1785791711.757558) can0 1CEBFFF1#0127100000000000
(1785791711.758562) can0 1CEBFFF1#0200000000000000
(1785791711.759551) can0 1CEBFFF1#03FF620F35FFFFFF
(1785791711.785567) can0 18F015F1#000045B3489A476D
(1785791711.805208) can0 18FEF1F8#FF0000FFFFFFFFFF
(1785791711.806359) can0 18F005F8#7DFFFF7DFFFFFFFF
(1785791711.846459) can0 18FF09D1#01000C00C494DF
(1785791711.856685) can0 1CECFFF1#20120003FF19F000
(1785791711.857579) can0 1CEBFFF1#0127100000000000
(1785791711.858588) can0 1CEBFFF1#0200000000000000
(1785791711.859558) can0 1CEBFFF1#03FF670CF5FFFFFF
(1785791711.885712) can0 18F015F1#000045B74895476A
(1785791711.906697) can0 18FEF1F8#FF0000FFFFFFFFFF
(1785791711.907859) can0 18F005F8#7DFFFF7DFFFFFFFF
(1785791711.946569) can0 18FF09D1#01000C00C494DF
(1785791711.957669) can0 1CECFFF1#20120003FF19F000
(1785791711.958596) can0 1CEBFFF1#0127100000000000
(1785791711.959648) can0 1CEBFFF1#0200000000000000
(1785791711.960571) can0 1CEBFFF1#03FF6808B5FFFFFF
(1785791711.986580) can0 18F015F1#000045B848A4475E
(1785791712.005657) can0 18FEF1F8#FF0000FFFFFFFFFF
(1785791712.007935) can0 18F005F8#7DFFFF7DFFFFFFFF
(1785791712.046441) can0 18FF09D1#01000C00C47CE3
(1785791712.057591) can0 1CECFFF1#20120003FF19F000
(1785791712.058560) can0 1CEBFFF1#0127100000000000
(1785791712.059563) can0 1CEBFFF1#0200000000000000
(1785791712.060547) can0 1CEBFFF1#03FF69C874FFFFFF
(1785791712.086681) can0 18F015F1#000045B848AE474D
(1785791712.105273) can0 18FEF1F8#FF0000FFFFFFFFFF
(1785791712.106388) can0 18F005F8#7DFFFF7DFFFFFFFF
(1785791712.146512) can0 18FF09D1#01000C00C47CE3
(1785791712.146990) can0 18FF14D1#
(1785791712.157566) can0 1CECFFF1#20120003FF19F000
(1785791712.158548) can0 1CEBFFF1#0127100000000000
(1785791712.159558) can0 1CEBFFF1#0200000000000000
(1785791712.160544) can0 1CEBFFF1#03FF6B09F5FFFFFF
(1785791712.186540) can0 18F015F1#000045BB48B44750
(1785791712.196523) can0 18F017F1#EAF31664D8AC
(1785791712.196923) can0 18F018F1#BBAAF543818B
(1785791712.205352) can0 18FEF1F8#FF0000FFFFFFFFFF
(1785791712.206621) can0 18F005F8#7DFFFF7DFFFFFFFF
(1785791712.246489) can0 18FF09D1#01000C00C47CE3
(1785791712.257671) can0 1CECFFF1#20120003FF19F000
(1785791712.258557) can0 1CEBFFF1#0127100000000000
(1785791712.259559) can0 1CEBFFF1#0200000000000000
(1785791712.260538) can0 1CEBFFF1#03FF6E0A35FFFFFF
(1785791712.286725) can0 18F015F1#000045BE48A74752
(1785791712.305196) can0 18FEF1F8#FF0000FFFFFFFFFF
(1785791712.306339) can0 18F005F8#7DFFFF7DFFFFFFFF
(1785791712.346436) can0 18FF09D1#01000C00C47CE3
(1785791712.357586) can0 1CECFFF1#20120003FF19F000
(1785791712.358557) can0 1CEBFFF1#0127100000000000
(1785791712.359565) can0 1CEBFFF1#0200000000000000
(1785791712.360555) can0 1CEBFFF1#03FF7002B5FFFFFF
(1785791712.386579) can0 18F015F1#000045C0489B4758
(1785791712.405461) can0 18FEF1F8#FF0000FFFFFFFFFF
(1785791712.406622) can0 18F005F8#7DFFFF7DFFFFFFFF
(1785791712.446395) can0 18FF09D1#01000C00C47CE3
(1785791712.457573) can0 1CECFFF1#20120003FF19F000
(1785791712.458556) can0 1CEBFFF1#0127100000000000
(1785791712.459564) can0 1CEBFFF1#0200000000000000
(1785791712.460545) can0 1CEBFFF1#03FF71C274FFFFFF
(1785791712.486546) can0 18F015F1#000045C148884745
(1785791712.505178) can0 18FEF1F8#FF0000FFFFFFFFFF
(1785791712.506354) can0 18F005F8#7DFFFF7DFFFFFFFF
(1785791712.546453) can0 18FF09D1#01000C00C47CE3
(1785791712.557741) can0 1CECFFF1#20120003FF19F000
(1785791712.558604) can0 1CEBFFF1#0127100000000000
(1785791712.559630) can0 1CEBFFF1#0200000000000000
(1785791712.560581) can0 1CEBFFF1#03FF74C1B4FFFFFF
(1785791712.586687) can0 18F015F1#000045C4488E473E
(1785791712.605191) can0 18FEF1F8#FF0000FFFFFFFFFF
(1785791712.606620) can0 18F005F8#7DFFFF7DFFFFFFFF
(1785791712.646468) can0 18FF09D1#01000C00C47CE3
(1785791712.646782) can0 18FF14D1#
(1785791712.657564) can0 1CECFFF1#20120003FF19F000
(1785791712.658558) can0 1CEBFFF1#0127100000000000
(1785791712.659569) can0 1CEBFFF1#0200000000000000
(1785791712.660546) can0 1CEBFFF1#03FF78C4B4FFFFFF
(1785791712.687599) can0 18F015F1#000045C7488C474C
(1785791712.705199) can0 18FEF1F8#FF0000FFFFFFFFFF
(1785791712.706385) can0 18F005F8#7DFFFF7DFFFFFFFF
(1785791712.746398) can0 18FF09D1#01000C00C47CE3
(1785791712.758583) can0 1CECFFF1#20120003FF19F000
(1785791712.759565) can0 1CEBFFF1#0127100000000000
(1785791712.760576) can0 1CEBFFF1#0200000000000000
(1785791712.761552) can0 1CEBFFF1#03FF78C4B4FFFFFF
(1785791712.787564) can0 18F015F1#000045C8489A4747
(1785791712.805198) can0 18FEF1F8#FF0000FFFFFFFFFF
(1785791712.806393) can0 18F005F8#7DFFFF7DFFFFFFFF
(1785791712.846434) can0 18FF09D1#01000C00C47CE3
(1785791712.858742) can0 1CECFFF1#20120003FF19F000
(1785791712.859586) can0 1CEBFFF1#0127100000000000
(1785791712.860587) can0 1CEBFFF1#0200000000000000
(1785791712.861561) can0 1CEBFFF1#03FF7BC5F4FFFFFF
(1785791712.887711) can0 18F015F1#000045CB47F84748
(1785791712.905862) can0 18FEF1F8#FF0000FFFFFFFFFF
(1785791712.907279) can0 18F005F8#7DFFFF7DFFFFFFFF
(1785791712.946473) can0 18FF09D1#01000C00C47CE3
(1785791712.958781) can0 1CECFFF1#20120003FF19F000
(1785791712.959592) can0 1CEBFFF1#0127100000000000
(1785791712.960609) can0 1CEBFFF1#0200000000000000
(1785791712.961574) can0 1CEBFFF1#03FF7EC634FFFFFF
(1785791712.987704) can0 18F015F1#000045CD47F4474E
(1785791713.005202) can0 18FEF1F8#FF0000FFFFFFFFFF
(1785791713.006342) can0 18F005F8#7DFFFF7DFFFFFFFF
(1785791713.046402) can0 18FF09D1#01000C00C488E1
(1785791713.058594) can0 1CECFFF1#20120003FF19F000
(1785791713.059560) can0 1CEBFFF1#0127100000000000
(1785791713.060572) can0 1CEBFFF1#0200000000000000
(1785791713.061551) can0 1CEBFFF1#03FF8046B5FFFFFF
(1785791713.087589) can0 18F015F1#000045D047ED474F
(1785791713.105221) can0 18FEF1F8#FF0000FFFFFFFFFF
(1785791713.106446) can0 18F005F8#7DFFFF7DFFFFFFFF
(1785791713.146499) can0 18FF09D1#01000C00C488E1
(1785791713.146842) can0 18FF14D1#
(1785791713.158575) can0 1CECFFF1#20120003FF19F000
(1785791713.159565) can0 1CEBFFF1#0127100000000000
(1785791713.160577) can0 1CEBFFF1#0200000000000000
(1785791713.161558) can0 1CEBFFF1#03FF8485B4FFFFFF
(1785791713.188577) can0 18F015F1#000045D447E1474B
(1785791713.197528) can0 18F017F1#EAF31664D8AC
(1785791713.197960) can0 18F018F1#BBAAF543818B
(1785791713.205462) can0 18FEF1F8#FF0000FFFFFFFFFF
(1785791713.206690) can0 18F005F8#7DFFFF7DFFFFFFFF
(1785791713.246467) can0 18FF09D1#01000C00C488E1
(1785791713.258790) can0 1CECFFF1#20120003FF19F000
(1785791713.259514) can0 1CEBFFF1#0127100000000000
(1785791713.260581) can0 1CEBFFF1#0200000000000000
(1785791713.261556) can0 1CEBFFF1#03FF8880B4FFFFFF
(1785791713.287590) can0 18F015F1#000045D848004753
(1785791713.305244) can0 18FEF1F8#FF0000FFFFFFFFFF
(1785791713.306393) can0 18F005F8#7DFFFF7DFFFFFFFF
(1785791713.346520) can0 18FF09D1#01000C00C488E1
(1785791713.358610) can0 1CECFFF1#20120003FF19F000
(1785791713.359563) can0 1CEBFFF1#0127100000000000
(1785791713.360570) can0 1CEBFFF1#0200000000000000
(1785791713.361550) can0 1CEBFFF1#03FF8A4135FFFFFF
(1785791713.387563) can0 18F015F1#000045D748064759
(1785791713.405223) can0 18FEF1F8#FF0000FFFFFFFFFF
(1785791713.406359) can0 18F005F8#7DFFFF7DFFFFFFFF
(1785791713.446383) can0 18FF09D1#01000C00C488E1
(1785791713.458571) can0 1CECFFF1#20120003FF19F000
(1785791713.459555) can0 1CEBFFF1#0127100000000000
(1785791713.460567) can0 1CEBFFF1#0200000000000000
(1785791713.461561) can0 1CEBFFF1#03FF8B81F4FFFFFF
(1785791713.487567) can0 18F015F1#000045DB480D474A
(1785791713.505378) can0 18FEF1F8#FF0000FFFFFFFFFF
(1785791713.506515) can0 18F005F8#7DFFFF7DFFFFFFFF
(1785791713.546423) can0 18FF09D1#01000C00C488E1
(1785791713.559627) can0 1CECFFF1#20120003FF19F000
(1785791713.560595) can0 1CEBFFF1#0127100000000000
(1785791713.561594) can0 1CEBFFF1#0200000000000000
(1785791713.562599) can0 1CEBFFF1#03FF8F42F5FFFFFF
(1785791713.588752) can0 18F015F1#000045E04813473B
(1785791713.605329) can0 18FEF1F8#FF0000FFFFFFFFFF
(1785791713.606585) can0 18F005F8#7DFFFF7DFFFFFFFF
(1785791713.646592) can0 18FF09D1#01000C00C488E1
(1785791713.646912) can0 18FF14D1#
(1785791713.659568) can0 1CECFFF1#20120003FF19F000
(1785791713.660566) can0 1CEBFFF1#0127100000000000
(1785791713.661577) can0 1CEBFFF1#0200000000000000
(1785791713.662556) can0 1CEBFFF1#03FF984CB5FFFFFF
(1785791713.688606) can0 18F015F1#000045E9481B4739
(1785791713.705211) can0 18FEF1F8#FF0000FFFFFFFFFF
(1785791713.706334) can0 18F005F8#7DFFFF7DFFFFFFFF
(1785791713.746371) can0 18FF09D1#01000C00C488E1
(1785791713.759591) can0 1CECFFF1#20120003FF19F000
(1785791713.760564) can0 1CEBFFF1#0127100000000000
(1785791713.761576) can0 1CEBFFF1#0200000000000000
(1785791713.762556) can0 1CEBFFF1#03FFA15E75FFFFFF
(1785791713.788586) can0 18F015F1#000045F448174740
(1785791713.805179) can0 18FEF1F8#FF0000FFFFFFFFFF
(1785791713.806357) can0 18F005F8#7DFFFF7DFFFFFFFF
(1785791713.846355) can0 18FF09D1#01000C00C488E1
(1785791713.859654) can0 1CECFFF1#20120003FF19F000
(1785791713.860585) can0 1CEBFFF1#0127100000000000
(1785791713.861597) can0 1CEBFFF1#0200000000000000
(1785791713.862582) can0 1CEBFFF1#03FFAD5B75FFFFFF
(1785791713.888704) can0 18F015F1#000045FF47FF474F
(1785791713.905863) can0 18FEF1F8#FF0000FFFFFFFFFF
(1785791713.907392) can0 18F005F8#7DFFFF7DFFFFFFFF
(1785791713.946417) can0 18FF09D1#01000C00C488E1
(1785791713.959597) can0 1CECFFF1#20120003FF19F000
(1785791713.960563) can0 1CEBFFF1#0127100000000000
(1785791713.961570) can0 1CEBFFF1#0200000000000000
(1785791713.962549) can0 1CEBFFF1#03FFB95475FFFFFF
(1785791713.988573) can0 18F015F1#0000460B47FD475A
(1785791714.005314) can0 18FEF1F8#FF0000FFFFFFFFFF
(1785791714.006467) can0 18F005F8#7DFFFF7DFFFFFFFF
(1785791714.046374) can0 18FF09D1#01000C00C424E1
(1785791714.059601) can0 1CECFFF1#20120003FF19F000
(1785791714.060581) can0 1CEBFFF1#0127100000000000
(1785791714.061580) can0 1CEBFFF1#0200000000000000
(1785791714.062563) can0 1CEBFFF1#03FFC27735FFFFFF
(1785791714.088599) can0 18F015F1#000046134804474F
(1785791714.105187) can0 18FEF1F8#FF0000FFFFFFFFFF
(1785791714.106327) can0 18F005F8#7DFFFF7DFFFFFFFF
(1785791714.146452) can0 18FF09D1#01000C00C424E1
(1785791714.146741) can0 18FF14D1#
(1785791714.159587) can0 1CECFFF1#20120003FF19F000
(1785791714.160564) can0 1CEBFFF1#0127100000000000
(1785791714.161578) can0 1CEBFFF1#0200000000000000
(1785791714.162554) can0 1CEBFFF1#03FFCAB134FFFFFF
(1785791714.189605) can0 18F015F1#0000461B47FB4746
(1785791714.198550) can0 18F017F1#04C10F667E4D
(1785791714.198918) can0 18F018F1#E519FCA9813E
(1785791714.205329) can0 18FEF1F8#FF0000FFFFFFFFFF
(1785791714.206536) can0 18F005F8#7DFFFF7DFFFFFFFF
(1785791714.246513) can0 18FF09D1#01000C00C424E1
(1785791714.261082) can0 1CECFFF1#20120003FF19F000
(1785791714.261640) can0 1CEBFFF1#0127100000000000
(1785791714.262616) can0 1CEBFFF1#0200000000000000
(1785791714.263576) can0 1CEBFFF1#03FFCE7235FFFFFF
(1785791714.288759) can0 18F015F1#0000461F47FA473F
(1785791714.305340) can0 18FEF1F8#FF0000FFFFFFFFFF
(1785791714.306561) can0 18F005F8#7DFFFF7DFFFFFFFF
(1785791714.346354) can0 18FF09D1#01000C00C424E1
(1785791714.360650) can0 1CECFFF1#20120003FF19F000
(1785791714.361581) can0 1CEBFFF1#0127100000000000
(1785791714.362584) can0 1CEBFFF1#0200000000000000
(1785791714.363565) can0 1CEBFFF1#03FFD1BA74FFFFFF
(1785791714.389582) can0 18F015F1#0000462048084748
(1785791714.405261) can0 18FEF1F8#FF0000FFFFFFFFFF
(1785791714.406433) can0 18F005F8#7DFFFF7DFFFFFFFF
(1785791714.446346) can0 18FF09D1#01000C00C424E1
(1785791714.460602) can0 1CECFFF1#20120003FF19F000
(1785791714.461580) can0 1CEBFFF1#0127100000000000
(1785791714.462594) can0 1CEBFFF1#0200000000000000
(1785791714.463578) can0 1CEBFFF1#03FFD1BA74FFFFFF
(1785791714.489589) can0 18F015F1#0000462048024752
(1785791714.505224) can0 18FEF1F8#FF0000FFFFFFFFFF
(1785791714.506431) can0 18F005F8#7DFFFF7DFFFFFFFF
(1785791714.546405) can0 18FF09D1#01000C00C424E1
(1785791714.560695) can0 1CECFFF1#20120003FF19F000
(1785791714.561594) can0 1CEBFFF1#0127100000000000
(1785791714.562624) can0 1CEBFFF1#0200000000000000
(1785791714.563606) can0 1CEBFFF1#03FFD37BF5FFFFFF
(1785791714.589985) can0 18F015F1#0000462247FE474D
(1785791714.605193) can0 18FEF1F8#FF0000FFFFFFFFFF
(1785791714.606367) can0 18F005F8#7DFFFF7DFFFFFFFF
(1785791714.646393) can0 18FF09D1#01000C00C424E1
(1785791714.646650) can0 18FF14D1#
(1785791714.660568) can0 1CECFFF1#20120003FF19F000
(1785791714.661563) can0 1CEBFFF1#0127100000000000
(1785791714.662574) can0 1CEBFFF1#0200000000000000
(1785791714.663557) can0 1CEBFFF1#03FFD37BF5FFFFFF
(1785791714.690927) can0 18F015F1#000046214804474A
(1785791714.705339) can0 18FEF1F8#FF0000FFFFFFFFFF
(1785791714.706500) can0 18F005F8#7DFFFF7DFFFFFFFF
(1785791714.746317) can0 18FF09D1#01000C00C424E1
(1785791714.760600) can0 1CECFFF1#20120003FF19F000
(1785791714.761579) can0 1CEBFFF1#0127100000000000
(1785791714.762588) can0 1CEBFFF1#0200000000000000
(1785791714.763571) can0 1CEBFFF1#03FFD1BA74FFFFFF
(1785791714.789591) can0 18F015F1#00004620480A4744
(1785791714.805192) can0 18FEF1F8#FF0000FFFFFFFFFF
(1785791714.806386) can0 18F005F8#7DFFFF7DFFFFFFFF
(1785791714.846305) can0 18FF09D1#01000C00C424E1
(1785791714.860637) can0 1CECFFF1#20120003FF19F000
(1785791714.861601) can0 1CEBFFF1#0127100000000000
(1785791714.862609) can0 1CEBFFF1#0200000000000000
(1785791714.863598) can0 1CEBFFF1#03FFD2BB34FFFFFF
(1785791714.889689) can0 18F015F1#0000462148134745
(1785791714.905443) can0 18FEF1F8#FF0000FFFFFFFFFF
(1785791714.906767) can0 18F005F8#7DFFFF7DFFFFFFFF
(1785791714.946506) can0 18FF09D1#01000C00C424E1
(1785791714.960660) can0 1CECFFF1#20120003FF19F000
(1785791714.961576) can0 1CEBFFF1#0127100000000000
(1785791714.962577) can0 1CEBFFF1#0200000000000000
(1785791714.963564) can0 1CEBFFF1#03FFD2BB34FFFFFF
(1785791714.989594) can0 18F015F1#0000461F4812474C
(1785791715.005189) can0 18FEF1F8#FF0000FFFFFFFFFF
(1785791715.006396) can0 18F005F8#7DFFFF7DFFFFFFFF
(1785791715.046319) can0 18FF09D1#01000C00C424E1
(1785791715.061606) can0 1CECFFF1#20120003FF19F000
(1785791715.062585) can0 1CEBFFF1#0127100000000000
(1785791715.063593) can0 1CEBFFF1#0200000000000000
(1785791715.064576) can0 1CEBFFF1#03FFCFB2F4FFFFFF
(1785791715.090593) can0 18F015F1#0000461D4813474A
(1785791715.105215) can0 18FEF1F8#FF0000FFFFFFFFFF
(1785791715.106415) can0 18F005F8#7DFFFF7DFFFFFFFF
(1785791715.146416) can0 18FF09D1#01000C00C424E1
(1785791715.146751) can0 18FF14D1#
(1785791715.161595) can0 1CECFFF1#20120003FF19F000
(1785791715.162586) can0 1CEBFFF1#0127100000000000
(1785791715.163595) can0 1CEBFFF1#0200000000000000
(1785791715.164584) can0 1CEBFFF1#03FFCE7235FFFFFF
(1785791715.190576) can0 18F015F1#0000461E48244759
(1785791715.200514) can0 18F017F1#04C10F667E4D
(1785791715.200966) can0 18F018F1#E519FCA9813E
(1785791715.205236) can0 18FEF1F8#FF0000FFFFFFFFFF
(1785791715.206404) can0 18F005F8#7DFFFF7DFFFFFFFF
(1785791715.246811) can0 18FF09D1#01000C00C424E1
(1785791715.261684) can0 1CECFFF1#20120003FF19F000
(1785791715.262617) can0 1CEBFFF1#0127100000000000
(1785791715.263617) can0 1CEBFFF1#0200000000000000
(1785791715.264596) can0 1CEBFFF1#03FFCE7235FFFFFF
(1785791715.290678) can0 18F015F1#0000461C482F475F
(1785791715.305202) can0 18FEF1F8#FF0000FFFFFFFFFF
(1785791715.306462) can0 18F005F8#7DFFFF7DFFFFFFFF
(1785791715.346352) can0 18FF09D1#01000C00C424E1
(1785791715.361824) can0 1CECFFF1#20120003FF19F000
(1785791715.362693) can0 1CEBFFF1#0127100000000000
(1785791715.363700) can0 1CEBFFF1#0200000000000000
(1785791715.364660) can0 1CEBFFF1#03FFCCB3B4FFFFFF
(1785791715.390580) can0 18F015F1#0000461948274769
(1785791715.405477) can0 18FEF1F8#FF0000FFFFFFFFFF
(1785791715.406627) can0 18F005F8#7DFFFF7DFFFFFFFF
(1785791715.446302) can0 18FF09D1#01000C00C424E1
(1785791715.461592) can0 1CECFFF1#20120003FF19F000
(1785791715.462574) can0 1CEBFFF1#0127100000000000
(1785791715.463583) can0 1CEBFFF1#0200000000000000
(1785791715.464562) can0 1CEBFFF1#03FFC5B574FFFFFF
(1785791715.490563) can0 18F015F1#00004612481F476C
(1785791715.505327) can0 18FEF1F8#FF0000FFFFFFFFFF
(1785791715.506578) can0 18F005F8#7DFFFF7DFFFFFFFF
(1785791715.546404) can0 18FF09D1#01000C00C488E1
(1785791715.561644) can0 1CECFFF1#20120003FF19F000
(1785791715.562594) can0 1CEBFFF1#0127100000000000
(1785791715.563615) can0 1CEBFFF1#0200000000000000
(1785791715.564579) can0 1CEBFFF1#03FFBF56F5FFFFFF
(1785791715.590700) can0 18F015F1#0000460A48134766
(1785791715.605410) can0 18FEF1F8#FF0000FFFFFFFFFF
(1785791715.606587) can0 18F005F8#7DFFFF7DFFFFFFFF
(1785791715.646404) can0 18FF09D1#01000C00C488E1
(1785791715.646781) can0 18FF14D1#
(1785791715.662580) can0 1CECFFF1#20120003FF19F000
(1785791715.663571) can0 1CEBFFF1#0127100000000000
(1785791715.664581) can0 1CEBFFF1#0200000000000000
(1785791715.665559) can0 1CEBFFF1#03FFB491B4FFFFFF
(1785791715.691649) can0 18F015F1#000045FF4807475E
(1785791715.705267) can0 18FEF1F8#FF0000FFFFFFFFFF
(1785791715.706455) can0 18F005F8#7DFFFF7DFFFFFFFF
(1785791715.746330) can0 18FF09D1#01000C00C488E1
(1785791715.762615) can0 1CECFFF1#20120003FF19F000
(1785791715.763587) can0 1CEBFFF1#0127100000000000
(1785791715.764593) can0 1CEBFFF1#0200000000000000
(1785791715.765574) can0 1CEBFFF1#03FFA858B5FFFFFF
(1785791715.791606) can0 18F015F1#000045F447FE4756
(1785791715.805201) can0 18FEF1F8#FF0000FFFFFFFFFF
(1785791715.806388) can0 18F005F8#7DFFFF7DFFFFFFFF
(1785791715.846290) can0 18FF09D1#01000C00C488E1
(1785791715.862696) can0 1CECFFF1#20120003FF19F000
(1785791715.863599) can0 1CEBFFF1#0127100000000000
(1785791715.864632) can0 1CEBFFF1#0200000000000000
(1785791715.865609) can0 1CEBFFF1#03FFA09EB4FFFFFF
(1785791715.891732) can0 18F015F1#000045EC47EF4766
(1785791715.906462) can0 18FEF1F8#FF0000FFFFFFFFFF
(1785791715.907750) can0 18F005F8#7DFFFF7DFFFFFFFF
(1785791715.946419) can0 18FF09D1#01000C00C488E1
(1785791715.962592) can0 1CECFFF1#20120003FF19F000
(1785791715.963576) can0 1CEBFFF1#0127100000000000
(1785791715.964588) can0 1CEBFFF1#0200000000000000
(1785791715.965566) can0 1CEBFFF1#03FF9449B5FFFFFF
(1785791715.991602) can0 18F015F1#000045E047E6477E
(1785791716.005862) can0 18FEF1F8#FF0000FFFFFFFFFF
(1785791716.006980) can0 18F005F8#7DFFFF7DFFFFFFFF
(1785791716.046284) can0 18FF09D1#01000C00C488E1
(1785791716.062609) can0 1CECFFF1#20120003FF19F000
(1785791716.063580) can0 1CEBFFF1#0127100000000000
(1785791716.064590) can0 1CEBFFF1#0200000000000000
(1785791716.065570) can0 1CEBFFF1#03FF8784F4FFFFFF
(1785791716.091599) can0 18F015F1#000045D047EB4781
(1785791716.105206) can0 18FEF1F8#FF0000FFFFFFFFFF
(1785791716.106391) can0 18F005F8#7DFFFF7DFFFFFFFF
(1785791716.146368) can0 18FF09D1#01000C00C488E1
(1785791716.146681) can0 18FF14D1#
(1785791716.162589) can0 1CECFFF1#20120003FF19F000
(1785791716.163591) can0 1CEBFFF1#0127100000000000
(1785791716.164598) can0 1CEBFFF1#0200000000000000
(1785791716.165593) can0 1CEBFFF1#03FF74C1B4FFFFFF
(1785791716.192583) can0 18F015F1#000045BC47F5476B
(1785791716.201532) can0 18F017F1#FEC3147B7E7E
(1785791716.201990) can0 18F018F1#E4D2FDFF82BC
(1785791716.205256) can0 18FEF1F8#FF0000FFFFFFFFFF
(1785791716.206516) can0 18F005F8#7DFFFF7DFFFFFFFF
(1785791716.246382) can0 18FF09D1#01000C00C488E1
(1785791716.262943) can0 1CECFFF1#20120003FF19F000
(1785791716.263758) can0 1CEBFFF1#0127100000000000
(1785791716.264684) can0 1CEBFFF1#0200000000000000
(1785791716.265664) can0 1CEBFFF1#03FF60CEB4FFFFFF
(1785791716.291617) can0 18F015F1#000045AA47FF4752
(1785791716.305190) can0 18FEF1F8#FF0000FFFFFFFFFF
(1785791716.306361) can0 18F005F8#7DFFFF7DFFFFFFFF
(1785791716.346255) can0 18FF09D1#01000C00C488E1
(1785791716.362847) can0 1CECFFF1#20120003FF19F000
(1785791716.363595) can0 1CEBFFF1#0127100000000000
(1785791716.364604) can0 1CEBFFF1#0200000000000000
(1785791716.365586) can0 1CEBFFF1#03FF4ED234FFFFFF
(1785791716.391611) can0 18F015F1#00004598480A4742
(1785791716.405514) can0 18FEF1F8#FF0000FFFFFFFFFF
(1785791716.406673) can0 18F005F8#7DFFFF7DFFFFFFFF
(1785791716.446292) can0 18FF09D1#01000C00C488E1
(1785791716.463670) can0 1CECFFF1#20120003FF19F000
(1785791716.464607) can0 1CEBFFF1#0127100000000000
(1785791716.465629) can0 1CEBFFF1#0200000000000000
(1785791716.466607) can0 1CEBFFF1#03FF3AF534FFFFFF
(1785791716.492630) can0 18F015F1#0000458348114746
(1785791716.505216) can0 18FEF1F8#FF0000FFFFFFFFFF
(1785791716.506434) can0 18F005F8#7DFFFF7DFFFFFFFF
(1785791716.546342) can0 18FF09D1#01000C00C488E1
(1785791716.563755) can0 1CECFFF1#20120003FF19F000
(1785791716.564614) can0 1CEBFFF1#0127100000000000
(1785791716.565632) can0 1CEBFFF1#0200000000000000
(1785791716.566620) can0 1CEBFFF1#03FF233FF5FFFFFF
(1785791716.592670) can0 18F015F1#00004568480E475E
(1785791716.605372) can0 18FEF1F8#FF0000FFFFFFFFFF
(1785791716.606575) can0 18F005F8#7DFFFF7DFFFFFFFF
(1785791716.646592) can0 18FF09D1#01000C00C488E1
(1785791716.646850) can0 18FF14D1#
(1785791716.663594) can0 1CECFFF1#20120003FF19F000
(1785791716.664586) can0 1CEBFFF1#0127100000000000
(1785791716.665596) can0 1CEBFFF1#0200000000000000
(1785791716.666587) can0 1CEBFFF1#03FF022735FFFFFF
(1785791716.692607) can0 18F015F1#00004547480F4776
(1785791716.705593) can0 18FEF1F8#FF0000FFFFFFFFFF
(1785791716.706930) can0 18F005F8#7DFFFF7DFFFFFFFF
(1785791716.746266) can0 18FF09D1#01000C00C488E1
(1785791716.763605) can0 1CECFFF1#20120003FF19F000
(1785791716.764594) can0 1CEBFFF1#0127100000000000
(1785791716.765606) can0 1CEBFFF1#0200000000000000
(1785791716.766589) can0 1CEBFFF1#03FEDB2DF5FFFFFF
(1785791716.792619) can0 18F015F1#0000451D480D4774
(1785791716.805220) can0 18FEF1F8#FF0000FFFFFFFFFF
(1785791716.806419) can0 18F005F8#7DFFFF7DFFFFFFFF
(1785791716.846277) can0 18FF09D1#01000C00C488E1
(1785791716.864229) can0 1CECFFF1#20120003FF19F000
(1785791716.864617) can0 1CEBFFF1#0127100000000000
(1785791716.865610) can0 1CEBFFF1#0200000000000000
(1785791716.866593) can0 1CEBFFF1#03FEADCB74FFFFFF
(1785791716.892710) can0 18F015F1#000044ED480B4763
(1785791716.905441) can0 18FEF1F8#FF0000FFFFFFFFFF
(1785791716.906671) can0 18F005F8#7DFFFF7DFFFFFFFF
(1785791716.946700) can0 18FF09D1#01000C00C488E1
(1785791716.963620) can0 1CECFFF1#20120003FF19F000
(1785791716.964627) can0 1CEBFFF1#0127100000000000
(1785791716.965654) can0 1CEBFFF1#0200000000000000
(1785791716.966592) can0 1CEBFFF1#03FE799474FFFFFF
(1785791716.992603) can0 18F015F1#000044B94808474F
(1785791717.005184) can0 18FEF1F8#FF0000FFFFFFFFFF
(1785791717.006302) can0 18F005F8#7DFFFF7DFFFFFFFF
(1785791717.046298) can0 18FF09D1#01000C00C4ECE1
(1785791717.063619) can0 1CECFFF1#20120003FF19F000
(1785791717.064595) can0 1CEBFFF1#0127100000000000
(1785791717.065688) can0 1CEBFFF1#0200000000000000
(1785791717.066583) can0 1CEBFFF1#03FE468434FFFFFF
(1785791717.092610) can0 18F015F1#000044844807474A
(1785791717.105235) can0 18FEF1F8#FF0000FFFFFFFFFF
(1785791717.106389) can0 18F005F8#7DFFFF7DFFFFFFFF
(1785791717.146379) can0 18FF09D1#01000C00C4ECE1
(1785791717.146642) can0 18FF14D1#
(1785791717.163610) can0 1CECFFF1#20120003FF19F000
(1785791717.164593) can0 1CEBFFF1#0127100000000000
(1785791717.165606) can0 1CEBFFF1#0200000000000000
(1785791717.166586) can0 1CEBFFF1#03FE0EB234FFFFFF
(1785791717.193590) can0 18F015F1#0000444B4807475C
(1785791717.203513) can0 18F017F1#FEC3147B7E7E
(1785791717.203988) can0 18F018F1#E4D2FDFF82BC
(1785791717.205170) can0 18FEF1F8#FF0000FFFFFFFFFF
(1785791717.206327) can0 18F005F8#7DFFFF7DFFFFFFFF
(1785791717.246389) can0 18FF09D1#01000C00C4ECE1
(1785791717.264813) can0 1CECFFF1#20120003FF19F000
(1785791717.265717) can0 1CEBFFF1#0127100000000000
(1785791717.266722) can0 1CEBFFF1#0200000000000000
(1785791717.267756) can0 1CEBFFF1#03FDCE1234FFFFFF
(1785791717.293696) can0 18F015F1#0000440948064768
(1785791717.305203) can0 18FEF1F8#FF0000FFFFFFFFFF
(1785791717.306322) can0 18F005F8#7DFFFF7DFFFFFFFF
(1785791717.346247) can0 18FF09D1#01000C00C4ECE1
(1785791717.364633) can0 1CECFFF1#20120003FF19F000
(1785791717.365632) can0 1CEBFFF1#0127100000000000
(1785791717.366654) can0 1CEBFFF1#0200000000000000
(1785791717.367730) can0 1CEBFFF1#03FD87E4F5FFFFFF
(1785791717.393615) can0 18F015F1#000043BE48134743
(1785791717.405264) can0 18FEF1F8#FF0000FFFFFFFFFF
(1785791717.406436) can0 18F005F8#7DFFFF7DFFFFFFFF
(1785791717.446262) can0 18FF09D1#01000C00C4ECE1
(1785791717.464622) can0 1CECFFF1#20120003FF19F000
(1785791717.465602) can0 1CEBFFF1#0127100000000000
(1785791717.466609) can0 1CEBFFF1#0200000000000000
(1785791717.467588) can0 1CEBFFF1#03FD369035FFFFFF
(1785791717.493595) can0 18F015F1#0000436A48394723
(1785791717.505244) can0 18FEF1F8#FF0000FFFFFFFFFF
(1785791717.506424) can0 18F005F8#7DFFFF7DFFFFFFFF
(1785791717.546308) can0 18FF09D1#01000C00C4ECE1
(1785791717.564792) can0 1CECFFF1#20120003FF19F000
(1785791717.565607) can0 1CEBFFF1#0127100000000000
(1785791717.566634) can0 1CEBFFF1#0200000000000000
(1785791717.567608) can0 1CEBFFF1#03FCDC8FB5FFFFFF
(1785791717.593677) can0 18F015F1#0000431148634707
(1785791717.605452) can0 18FEF1F8#FF0000FFFFFFFFFF
(1785791717.607000) can0 18F005F8#7DFFFF7DFFFFFFFF
(1785791717.646475) can0 18FF09D1#01000C00C4ECE1
(1785791717.647075) can0 18FF14D1#
(1785791717.664619) can0 1CECFFF1#20120003FF19F000
(1785791717.665596) can0 1CEBFFF1#0127100000000000
(1785791717.666608) can0 1CEBFFF1#0200000000000000
(1785791717.667590) can0 1CEBFFF1#03FC8B71F4FFFFFF
(1785791717.695027) can0 18F015F1#000042C3487B4707
(1785791717.705283) can0 18FEF1F8#FF0000FFFFFFFFFF
(1785791717.706499) can0 18F005F8#7DFFFF7DFFFFFFFF
(1785791717.746261) can0 18FF09D1#01000C00C4ECE1
(1785791717.764617) can0 1CECFFF1#20120003FF19F000
(1785791717.765603) can0 1CEBFFF1#0127100000000000
(1785791717.766611) can0 1CEBFFF1#0200000000000000
(1785791717.767595) can0 1CEBFFF1#03FC3BC5F5FFFFFF
(1785791717.793623) can0 18F015F1#0000427348834720
(1785791717.805187) can0 18FEF1F8#FF0000FFFFFFFFFF
(1785791717.806315) can0 18F005F8#7DFFFF7DFFFFFFFF
(1785791717.846238) can0 18FF09D1#01000C00C4ECE1
(1785791717.864623) can0 1CECFFF1#20120003FF19F000
(1785791717.865594) can0 1CEBFFF1#0127100000000000
(1785791717.866606) can0 1CEBFFF1#0200000000000000
(1785791717.867593) can0 1CEBFFF1#03FBEFAAF7FFFFFF
(1785791717.893741) can0 18F015F1#00004227488D4732
(1785791717.905574) can0 18FEF1F8#FF0000FFFFFFFFFF
(1785791717.906862) can0 18F005F8#7DFFFF7DFFFFFFFF
(1785791717.946742) can0 18FF09D1#01000C00C4ECE1
(1785791717.964718) can0 1CECFFF1#20120003FF19F000
(1785791717.965604) can0 1CEBFFF1#0127100000000000
(1785791717.966610) can0 1CEBFFF1#0200000000000000
(1785791717.967626) can0 1CEBFFF1#03FBA19E77FFFFFF
(1785791717.993613) can0 18F015F1#000041D7489B4730
(1785791718.005333) can0 18FEF1F8#FF0000FFFFFFFFFF
(1785791718.006465) can0 18F005F8#7DFFFF7DFFFFFFFF
(1785791718.046239) can0 18FF09D1#01000C00C4ECE1
(1785791718.065627) can0 1CECFFF1#20120003FF19F000
(1785791718.066604) can0 1CEBFFF1#0127100000000000
(1785791718.067626) can0 1CEBFFF1#0200000000000000
(1785791718.068583) can0 1CEBFFF1#03FB4AD137FFFFFF
(1785791718.094623) can0 18F015F1#0000417E48B44729
(1785791718.105224) can0 18FEF1F8#FF0000FFFFFFFFFF
(1785791718.106368) can0 18F005F8#7DFFFF7DFFFFFFFF
(1785791718.146306) can0 18FF09D1#01000C00C430DF
(1785791718.146569) can0 18FF14D1#
(1785791718.165614) can0 1CECFFF1#20120003FF19F000
(1785791718.166605) can0 1CEBFFF1#0127100000000000
(1785791718.167622) can0 1CEBFFF1#0200000000000000
(1785791718.168594) can0 1CEBFFF1#03FAF23336FFFFFF
(1785791718.194604) can0 18F015F1#0000412848C64729
(1785791718.206252) can0 18F017F1#F9BC0F69ADC6
(1785791718.206409) can0 18F018F1#E5F5ED808458
(1785791718.206744) can0 18FEF1F8#FF0000FFFFFFFFFF
(1785791718.207899) can0 18F005F8#7DFFFF7DFFFFFFFF
(1785791718.246347) can0 18FF09D1#01000C00C430DF
(1785791718.265808) can0 1CECFFF1#20120003FF19F000
(1785791718.266613) can0 1CEBFFF1#0127100000000000
(1785791718.267609) can0 1CEBFFF1#0200000000000000
(1785791718.271431) can0 1CEBFFF1#03FAA0CEB7FFFFFF
(1785791718.294758) can0 18F015F1#000040D748DD4730
(1785791718.305423) can0 18FEF1F8#FF0000FFFFFFFFFF
(1785791718.306640) can0 18F005F8#7DFFFF7DFFFFFFFF
(1785791718.346226) can0 18FF09D1#01000C00C430DF
(1785791718.365820) can0 1CECFFF1#20120003FF19F000
(1785791718.366621) can0 1CEBFFF1#0127100000000000
(1785791718.367618) can0 1CEBFFF1#0200000000000000
(1785791718.368589) can0 1CEBFFF1#03FA4C43B6FFFFFF
(1785791718.394639) can0 18F015F1#0000408148E5473D
(1785791718.405396) can0 18FEF1F8#FF0000FFFFFFFFFF
(1785791718.406629) can0 18F005F8#7DFFFF7DFFFFFFFF
(1785791718.446232) can0 18FF09D1#01000C00C430DF
(1785791718.465610) can0 1CECFFF1#20120003FF19F000
(1785791718.466599) can0 1CEBFFF1#0127100000000000
(1785791718.467608) can0 1CEBFFF1#0200000000000000
(1785791718.468583) can0 1CEBFFF1#03F9F8C4B6FFFFFF
(1785791718.494590) can0 18F015F1#0000402E48CB4735
(1785791718.505185) can0 18FEF1F8#FF0000FFFFFFFFFF
(1785791718.506345) can0 18F005F8#7DFFFF7DFFFFFFFF
(1785791718.546311) can0 18FF09D1#01000C00C430DF
(1785791718.565717) can0 1CECFFF1#20120003FF19F000
(1785791718.566619) can0 1CEBFFF1#0127100000000000
(1785791718.567626) can0 1CEBFFF1#0200000000000000
(1785791718.568606) can0 1CEBFFF1#03F9A1FE76FFFFFF
(1785791718.595676) can0 18F015F1#00003FD448A9471F
(1785791718.605925) can0 18FEF1F8#FF0000FFFFFFFFFF
(1785791718.607116) can0 18F005F8#7DFFFF7DFFFFFFFF
(1785791718.646313) can0 18FF09D1#01000C00C494DF
(1785791718.646583) can0 18FF14D1#
(1785791718.665633) can0 1CECFFF1#20120003FF19F000
(1785791718.666615) can0 1CEBFFF1#0127100000000000
(1785791718.667626) can0 1CEBFFF1#0200000000000000
(1785791718.668604) can0 1CEBFFF1#03F93F56F7FFFFFF
(1785791718.695645) can0 18F015F1#00003F7048854722
(1785791718.706760) can0 18FEF1F8#FF0000FFFFFFFFFF
(1785791718.708046) can0 18F005F8#7DFFFF7DFFFFFFFF
(1785791718.746251) can0 18FF09D1#01000C00C494DF
(1785791718.766647) can0 1CECFFF1#20120003FF19F000
(1785791718.767771) can0 1CEBFFF1#0127100000000000
(1785791718.768672) can0 1CEBFFF1#0200000000000000
(1785791718.769621) can0 1CEBFFF1#03F8DF4EF7FFFFFF
(1785791718.795670) can0 18F015F1#00003F12486A473E
(1785791718.805192) can0 18FEF1F8#FF0000FFFFFFFFFF
(1785791718.806318) can0 18F005F8#7DFFFF7DFFFFFFFF
(1785791718.846202) can0 18FF09D1#01000C00C494DF
(1785791718.866615) can0 1CECFFF1#20120003FF19F000
(1785791718.867601) can0 1CEBFFF1#0127100000000000
(1785791718.868613) can0 1CEBFFF1#0200000000000000
(1785791718.869596) can0 1CEBFFF1#03F87F36F7FFFFFF
(1785791718.895817) can0 18F015F1#00003EB04854474A
(1785791718.905376) can0 18FEF1F8#FF0000FFFFFFFFFF
(1785791718.906630) can0 18F005F8#7DFFFF7DFFFFFFFF
(1785791718.946402) can0 18FF09D1#01000C00C494DF
(1785791718.966850) can0 1CECFFF1#20120003FF19F000
(1785791718.967613) can0 1CEBFFF1#0127100000000000
(1785791718.968612) can0 1CEBFFF1#0200000000000000
(1785791718.969603) can0 1CEBFFF1#03F817D8F6FFFFFF
(1785791718.995612) can0 18F015F1#00003E4348434746
(1785791719.005176) can0 18FEF1F8#FF0000FFFFFFFFFF
(1785791719.006295) can0 18F005F8#7DFFFF7DFFFFFFFF
(1785791719.046398) can0 18FF09D1#01000C00C494DF
(1785791719.066645) can0 1CECFFF1#20120003FF19F000
(1785791719.067617) can0 1CEBFFF1#0127100000000000
(1785791719.068618) can0 1CEBFFF1#0200000000000000
(1785791719.069603) can0 1CEBFFF1#03F79C4FB3FFFFFF
(1785791719.095642) can0 18F015F1#00003DC648354733
(1785791719.105197) can0 18FEF1F8#FF0000FFFFFFFFFF
(1785791719.106399) can0 18F005F8#7DFFFF7DFFFFFFFF
(1785791719.146385) can0 18FF09D1#01000C00C494DF
(1785791719.146811) can0 18FF14D1#
(1785791719.147068) can0 18FF16D1#01000C0064
(1785791719.166665) can0 1CECFFF1#20120003FF19F000
(1785791719.167639) can0 1CEBFFF1#0127100000000000
(1785791719.168633) can0 1CEBFFF1#0200000000000000
(1785791719.169612) can0 1CEBFFF1#03F725FD72FFFFFF
(1785791719.196622) can0 18F015F1#00003D504830471E
(1785791719.205200) can0 18FEF1F8#FF0000FFFFFFFFFF
(1785791719.205856) can0 18F017F1#F9BC0F69ADC6
(1785791719.206145) can0 18F018F1#E5F5ED808458
(1785791719.206726) can0 18F005F8#7DFFFF7DFFFFFFFF
(1785791719.246289) can0 18FF09D1#01000C00C494DF
(1785791719.266827) can0 1CECFFF1#20120003FF19F000
(1785791719.268033) can0 1CEBFFF1#0127100000000000
(1785791719.268601) can0 1CEBFFF1#0200000000000000
(1785791719.269632) can0 1CEBFFF1#03F6A808B3FFFFFF
(1785791719.295902) can0 18F015F1#00003CCD48354729
(1785791719.305835) can0 18FEF1F8#FF0000FFFFFFFFFF
(1785791719.307440) can0 18F005F8#7DFFFF7DFFFFFFFF
(1785791719.346604) can0 18FF09D1#01000C00C494DF
(1785791719.367688) can0 1CECFFF1#20120003FF19F000
(1785791719.368647) can0 1CEBFFF1#0127100000000000
(1785791719.369636) can0 1CEBFFF1#0200000000000000
(1785791719.371167) can0 1CEBFFF1#03F614B9B2FFFFFF
(1785791719.396903) can0 18F015F1#00003C34483A4757
(1785791719.405347) can0 18FEF1F8#FF0000FFFFFFFFFF
(1785791719.406611) can0 18F005F8#7DFFFF7DFFFFFFFF
(1785791719.446245) can0 18FF09D1#01000C00C494DF
(1785791719.467668) can0 1CECFFF1#20120003FF19F000
(1785791719.468619) can0 1CEBFFF1#0127100000000000
(1785791719.469651) can0 1CEBFFF1#0200000000000000
(1785791719.470640) can0 1CEBFFF1#03F57760F2FFFFFF
(1785791719.496717) can0 18F015F1#00003B94483D4795
(1785791719.505593) can0 18FEF1F8#FF0000FFFFFFFFFF
(1785791719.506898) can0 18F005F8#7DFFFF7DFFFFFFFF
(1785791719.546228) can0 18FF09D1#01000C00C494DF
(1785791719.567673) can0 1CECFFF1#20120003FF19F000
(1785791719.568641) can0 1CEBFFF1#0127100000000000
(1785791719.569658) can0 1CEBFFF1#0200000000000000
(1785791719.570628) can0 1CEBFFF1#03F4CE4232FFFFFF
(1785791719.596778) can0 18F015F1#00003AE6483847DD
(1785791719.605332) can0 18FEF1F8#FF0000FFFFFFFFFF
(1785791719.606533) can0 18F005F8#7DFFFF7DFFFFFFFF
(1785791719.646488) can0 18FF09D1#01000C00C494DF
(1785791719.647477) can0 18FF14D1#
(1785791719.667793) can0 1CECFFF1#20120003FF19F000
(1785791719.668642) can0 1CEBFFF1#0127100000000000
(1785791719.669655) can0 1CEBFFF1#0200000000000000
(1785791719.670619) can0 1CEBFFF1#03F409D073FFFFFF
(1785791719.697823) can0 18F015F1#00003A1B48334824
(1785791719.705221) can0 18FEF1F8#FF0000FFFFFFFFFF
(1785791719.706903) can0 18F005F8#7DFFFF7DFFFFFFFF
(1785791719.746287) can0 18FF09D1#01000C00C494DF
(1785791719.767699) can0 1CECFFF1#20120003FF19F000
(1785791719.768614) can0 1CEBFFF1#0127100000000000
(1785791719.769627) can0 1CEBFFF1#0200000000000000
(1785791719.770595) can0 1CEBFFF1#03F33CF7B1FFFFFF
(1785791719.796769) can0 18F015F1#0000394F47CE4885
(1785791719.805246) can0 18FEF1F8#FF0000FFFFFFFFFF
(1785791719.806478) can0 18F005F8#7DFFFF7DFFFFFFFF
(1785791719.846307) can0 18FF09D1#01000C00C494DF
(1785791719.867701) can0 1CECFFF1#20120003FF19F000
(1785791719.868619) can0 1CEBFFF1#0127100000000000
(1785791719.869637) can0 1CEBFFF1#0200000000000000
(1785791719.870608) can0 1CEBFFF1#03F2629F31FFFFFF
(1785791719.896653) can0 18F015F1#0000386C47D1487D
(1785791719.905257) can0 18FEF1F8#FF0000FFFFFFFFFF
(1785791719.906457) can0 18F005F8#7DFFFF7DFFFFFFFF
(1785791719.946311) can0 18FF09D1#01000C00C494DF
(1785791719.967781) can0 1CECFFF1#20120003FF19F000
(1785791719.968664) can0 1CEBFFF1#0127100000000000
(1785791719.969671) can0 1CEBFFF1#0200000000000000
(1785791719.970663) can0 1CEBFFF1#03F17BA5F0FFFFFF
(1785791719.996868) can0 18F015F1#0000378347E24852
(1785791720.007575) can0 18FEF1F8#FF0000FFFFFFFFFF
(1785791720.008841) can0 18F005F8#7DFFFF7DFFFFFFFF
(1785791720.046260) can0 18FF09D1#01000C00C494DF
(1785791720.067654) can0 1CECFFF1#20120003FF19F000
(1785791720.068638) can0 1CEBFFF1#0127100000000000
(1785791720.069626) can0 1CEBFFF1#0200000000000000
(1785791720.070614) can0 1CEBFFF1#03F0937BF1FFFFFF
(1785791720.096627) can0 18F015F1#0000369C47F5481D
(1785791720.105199) can0 18FEF1F8#FF0000FFFFFFFFFF
(1785791720.106334) can0 18F005F8#7DFFFF7DFFFFFFFF
(1785791720.146253) can0 18FF09D1#01000C00C494DF
(1785791720.146521) can0 18FF14D1#
(1785791720.168628) can0 1CECFFF1#20120003FF19F000
(1785791720.169610) can0 1CEBFFF1#0127100000000000
(1785791720.170622) can0 1CEBFFF1#0200000000000000
(1785791720.171607) can0 1CEBFFF1#03EFA95879FFFFFF
(1785791720.197610) can0 18F015F1#000035B24813480F
(1785791720.205162) can0 18FEF1F8#FF0000FFFFFFFFFF
(1785791720.206387) can0 18F005F8#7DFFFF7DFFFFFFFF
(1785791720.207516) can0 18F017F1#154E0E61AD57
(1785791720.207981) can0 18F018F1#F1E8EC808062
(1785791720.246245) can0 18FF09D1#01000C00C494DF
(1785791720.268690) can0 1CECFFF1#20120003FF19F000
(1785791720.269620) can0 1CEBFFF1#0127100000000000
(1785791720.270642) can0 1CEBFFF1#0200000000000000
(1785791720.271615) can0 1CEBFFF1#03EEC12679FFFFFF
(1785791720.297904) can0 18F015F1#000034C7481B482C
(1785791720.305444) can0 18FEF1F8#FF0000FFFFFFFFFF
(1785791720.306869) can0 18F005F8#7DFFFF7DFFFFFFFF
(1785791720.346232) can0 18FF09D1#01000C00C494DF
(1785791720.368636) can0 1CECFFF1#20120003FF19F000
(1785791720.369611) can0 1CEBFFF1#0127100000000000
(1785791720.370627) can0 1CEBFFF1#0200000000000000
(1785791720.371598) can0 1CEBFFF1#03EDCED239FFFFFF
(1785791720.397653) can0 18F015F1#000033D348184866
(1785791720.405254) can0 18FEF1F8#FF0000FFFFFFFFFF
(1785791720.406425) can0 18F005F8#7DFFFF7DFFFFFFFF
(1785791720.446169) can0 18FF09D1#01000C00C494DF
(1785791720.468651) can0 1CECFFF1#20120003FF19F000
(1785791720.469618) can0 1CEBFFF1#0127100000000000
(1785791720.470631) can0 1CEBFFF1#0200000000000000
(1785791720.471615) can0 1CEBFFF1#03ECCF82F9FFFFFF
(1785791720.497605) can0 18F015F1#000032D2480B4890
(1785791720.505187) can0 18FEF1F8#FF0000FFFFFFFFFF
(1785791720.506330) can0 18F005F8#7DFFFF7DFFFFFFFF
(1785791720.546153) can0 18FF09D1#01000C00C494DF
(1785791720.568670) can0 1CECFFF1#20120003FF19F000
(1785791720.569626) can0 1CEBFFF1#0127100000000000
(1785791720.570642) can0 1CEBFFF1#0200000000000000
(1785791720.571628) can0 1CEBFFF1#03EBCCB3BBFFFFFF
(1785791720.597693) can0 18F015F1#000031CD480F48BF
(1785791720.606131) can0 18FEF1F8#FF0000FFFFFFFFFF
(1785791720.607562) can0 18F005F8#7DFFFF7DFFFFFFFF
(1785791720.646365) can0 18FF09D1#01000C00C494DF
(1785791720.646896) can0 18FF14D1#
(1785791720.668641) can0 1CECFFF1#20120003FF19F000
(1785791720.669620) can0 1CEBFFF1#0127100000000000
(1785791720.670633) can0 1CEBFFF1#0200000000000000
(1785791720.671614) can0 1CEBFFF1#03EABFC6FBFFFFFF
(1785791720.698612) can0 18F015F1#000030BE482248CD
(1785791720.705171) can0 18FEF1F8#FF0000FFFFFFFFFF
(1785791720.706305) can0 18F005F8#7DFFFF7DFFFFFFFF
(1785791720.746204) can0 18FF09D1#01000C00C494DF
(1785791720.768647) can0 1CECFFF1#20120003FF19F000
(1785791720.769617) can0 1CEBFFF1#0127100000000000
(1785791720.770623) can0 1CEBFFF1#0200000000000000
(1785791720.771606) can0 1CEBFFF1#03E9B7F0FAFFFFFF
(1785791720.797671) can0 18F015F1#00002FB6484148BD
(1785791720.805210) can0 18FEF1F8#FF0000FFFFFFFFFF
(1785791720.806364) can0 18F005F8#7DFFFF7DFFFFFFFF
(1785791720.846174) can0 18FF09D1#01000C00C494DF
(1785791720.868676) can0 1CECFFF1#20120003FF19F000
(1785791720.869634) can0 1CEBFFF1#0127100000000000
(1785791720.870643) can0 1CEBFFF1#0200000000000000
(1785791720.871615) can0 1CEBFFF1#03E8AC6BBBFFFFFF
(1785791720.897692) can0 18F015F1#00002EA9485148A5
(1785791720.905394) can0 18FEF1F8#FF0000FFFFFFFFFF
(1785791720.906566) can0 18F005F8#7DFFFF7DFFFFFFFF
(1785791720.946240) can0 18FF09D1#01000C00C494DF
(1785791720.969724) can0 1CECFFF1#20120003FF19F000
(1785791720.970918) can0 1CEBFFF1#0127100000000000
(1785791720.971684) can0 1CEBFFF1#0200000000000000
(1785791720.972646) can0 1CEBFFF1#03E79B4DFFFFFFFF
(1785791720.998864) can0 18F015F1#00002DA348DE48E7
(1785791721.005448) can0 18FEF1F8#FF0000FFFFFFFFFF
(1785791721.007066) can0 18F005F8#7DFFFF7DFFFFFFFF
(1785791721.046169) can0 18FF09D1#01000C00C494DF
(1785791721.069776) can0 1CECFFF1#20120003FF19F000
(1785791721.070628) can0 1CEBFFF1#0127100000000000
(1785791721.071627) can0 1CEBFFF1#0200000000000000
(1785791721.072605) can0 1CEBFFF1#03E6A9087FFFFFFF
(1785791721.098631) can0 18F015F1#00002CAE48EF4900
(1785791721.105177) can0 18FEF1F8#FF0000FFFFFFFFFF
(1785791721.106341) can0 18F005F8#7DFFFF7DFFFFFFFF
(1785791721.145895) can0 18FF14D1#
(1785791721.169631) can0 1CECFFF1#20120003FF19F000
(1785791721.170615) can0 1CEBFFF1#0127100000000000
(1785791721.171633) can0 1CEBFFF1#0200000000000000
(1785791721.172609) can0 1CEBFFF1#03E5B333FEFFFFFF
(1785791721.198614) can0 18F015F1#00002BB748FB4924
(1785791721.205166) can0 18FEF1F8#FF0000FFFFFFFFFF
(1785791721.206284) can0 18F005F8#7DFFFF7DFFFFFFFF
(1785791721.208519) can0 18F017F1#154E0E61AD57
(1785791721.208985) can0 18F018F1#F1E8EC808062
(1785791721.269774) can0 1CECFFF1#20120003FF19F000
(1785791721.270652) can0 1CEBFFF1#0127100000000000
(1785791721.271657) can0 1CEBFFF1#0200000000000000
(1785791721.272912) can0 1CEBFFF1#03E4B461BEFFFFFF
(1785791721.298768) can0 18F015F1#00002ABA4908492F
(1785791721.305329) can0 18FEF1F8#FF0000FFFFFFFFFF
(1785791721.306472) can0 18F005F8#7DFFFF7DFFFFFFFF
(1785791721.369667) can0 1CECFFF1#20120003FF19F000
(1785791721.370619) can0 1CEBFFF1#0127100000000000
(1785791721.371627) can0 1CEBFFF1#0200000000000000
(1785791721.372605) can0 1CEBFFF1#03E3C377FCFFFFFF
(1785791721.398670) can0 18F015F1#000029C94917490B
(1785791721.406027) can0 18FEF1F8#FF0000FFFFFFFFFF
(1785791721.407575) can0 18F005F8#7DFFFF7DFFFFFFFF
(1785791721.469686) can0 1CECFFF1#20120003FF19F000
(1785791721.470624) can0 1CEBFFF1#0127100000000000
(1785791721.471638) can0 1CEBFFF1#0200000000000000
(1785791721.472627) can0 1CEBFFF1#03E2CCE3BDFFFFFF
(1785791721.498674) can0 18F015F1#000028D2492248D4
(1785791721.505243) can0 18FEF1F8#FF0000FFFFFFFFFF
(1785791721.506461) can0 18F005F8#7DFFFF7DFFFFFFFF
(1785791721.569669) can0 1CECFFF1#20120003FF19F000
(1785791721.570622) can0 1CEBFFF1#0127100000000000
(1785791721.571637) can0 1CEBFFF1#0200000000000000
(1785791721.572625) can0 1CEBFFF1#03E1E5CD7CFFFFFF
(1785791721.598744) can0 18F015F1#000027F5492948D1
(1785791721.605255) can0 18FEF1F8#FF0000FFFFFFFFFF
(1785791721.606426) can0 18F005F8#7DFFFF7DFFFFFFFF
(1785791721.646390) can0 18FF14D1#
(1785791721.670739) can0 1CECFFF1#20120003FF19F000
(1785791721.671633) can0 1CEBFFF1#0127100000000000
(1785791721.672632) can0 1CEBFFF1#0200000000000000
(1785791721.673686) can0 1CEBFFF1#03E11A8D3CFFFFFF
(1785791721.699637) can0 18F015F1#00002730493848D8
(1785791721.705172) can0 18FEF1F8#FF0000FFFFFFFFFF
(1785791721.706570) can0 18F005F8#7DFFFF7DFFFFFFFF
(1785791721.770683) can0 1CECFFF1#20120003FF19F000
(1785791721.771627) can0 1CEBFFF1#0127100000000000
(1785791721.772638) can0 1CEBFFF1#0200000000000000
(1785791721.773620) can0 1CEBFFF1#03E05D2F7DFFFFFF
(1785791721.799688) can0 18F015F1#000026804939493A
(1785791721.805189) can0 18FEF1F8#FF0000FFFFFFFFFF
(1785791721.806369) can0 18F005F8#7DFFFF7DFFFFFFFF
(1785791721.870680) can0 1CECFFF1#20120003FF19F000
(1785791721.871671) can0 1CEBFFF1#0127100000000000
(1785791721.872646) can0 1CEBFFF1#0200000000000000
(1785791721.873625) can0 1CEBFFF1#03DFB750EDFFFFFF
(1785791721.899676) can0 18F015F1#000025D14939493F
(1785791721.905321) can0 18FEF1F8#FF0000FFFFFFFFFF
(1785791721.906472) can0 18F005F8#7DFFFF7DFFFFFFFF
(1785791721.971115) can0 1CECFFF1#20120003FF19F000
(1785791721.971950) can0 1CEBFFF1#0127100000000000
(1785791721.972663) can0 1CEBFFF1#0200000000000000
(1785791721.973648) can0 1CEBFFF1#03DF0A212DFFFFFF
(1785791721.999880) can0 18F015F1#0000252C492E4955
(1785791722.005441) can0 18FEF1F8#FF0000FFFFFFFFFF
(1785791722.006837) can0 18F005F8#7DFFFF7DFFFFFFFF
(1785791722.070719) can0 1CECFFF1#20120003FF19F000
(1785791722.071639) can0 1CEBFFF1#0127100000000000
(1785791722.072643) can0 1CEBFFF1#0200000000000000
(1785791722.073603) can0 1CEBFFF1#03DE7790ECFFFFFF
(1785791722.099653) can0 18F015F1#0000249C492C4943
(1785791722.105175) can0 18FEF1F8#FF0000FFFFFFFFFF
(1785791722.106340) can0 18F005F8#7DFFFF7DFFFFFFFF
(1785791722.145885) can0 18FF14D1#
(1785791722.170643) can0 1CECFFF1#20120003FF19F000
(1785791722.171626) can0 1CEBFFF1#0127100000000000
(1785791722.172635) can0 1CEBFFF1#0200000000000000
(1785791722.173615) can0 1CEBFFF1#03DDF2C32DFFFFFF
(1785791722.200618) can0 18F015F1#0000241A493D4923
(1785791722.205168) can0 18FEF1F8#FF0000FFFFFFFFFF
(1785791722.206289) can0 18F005F8#7DFFFF7DFFFFFFFF
(1785791722.209525) can0 18F017F1#F4DC22F47FB5
(1785791722.210000) can0 18F018F1#BD45F4408029
(1785791722.271726) can0 1CECFFF1#20120003FF19F000
(1785791722.272635) can0 1CEBFFF1#0127100000000000
(1785791722.273646) can0 1CEBFFF1#0200000000000000
(1785791722.274619) can0 1CEBFFF1#03DD6EAA2DFFFFFF
(1785791722.299830) can0 18F015F1#0000239A4956490B
(1785791722.305627) can0 18FEF1F8#FF0000FFFFFFFFFF
(1785791722.306878) can0 18F005F8#7DFFFF7DFFFFFFFF
(1785791722.370664) can0 1CECFFF1#20120003FF19F000
(1785791722.371624) can0 1CEBFFF1#0127100000000000
(1785791722.372634) can0 1CEBFFF1#0200000000000000
(1785791722.373611) can0 1CEBFFF1#03DCFF96EDFFFFFF
(1785791722.399641) can0 18F015F1#00002330495C48FE
(1785791722.405485) can0 18FEF1F8#FF0000FFFFFFFFFF
(1785791722.406661) can0 18F005F8#7DFFFF7DFFFFFFFF
(1785791722.471678) can0 1CECFFF1#20120003FF19F000
(1785791722.472626) can0 1CEBFFF1#0127100000000000
(1785791722.473637) can0 1CEBFFF1#0200000000000000
(1785791722.474602) can0 1CEBFFF1#03DCA26F2CFFFFFF
(1785791722.500625) can0 18F015F1#000022D8495B48FE
(1785791722.505166) can0 18FEF1F8#FF0000FFFFFFFFFF
(1785791722.506290) can0 18F005F8#7DFFFF7DFFFFFFFF
(1785791722.571712) can0 1CECFFF1#20120003FF19F000
(1785791722.572652) can0 1CEBFFF1#0127100000000000
(1785791722.573667) can0 1CEBFFF1#0200000000000000
(1785791722.574639) can0 1CEBFFF1#03DC50EAADFFFFFF
(1785791722.600730) can0 18F015F1#000022894959490A
(1785791722.605246) can0 18FEF1F8#FF0000FFFFFFFFFF
(1785791722.606415) can0 18F005F8#7DFFFF7DFFFFFFFF
(1785791722.646057) can0 18FF14D1#
(1785791722.671658) can0 1CECFFF1#20120003FF19F000
(1785791722.672634) can0 1CEBFFF1#0127100000000000
(1785791722.673637) can0 1CEBFFF1#0200000000000000
(1785791722.674616) can0 1CEBFFF1#03DC0B11ECFFFFFF
(1785791722.700634) can0 18F015F1#00002247495E4912
(1785791722.705173) can0 18FEF1F8#FF0000FFFFFFFFFF
(1785791722.706291) can0 18F005F8#7DFFFF7DFFFFFFFF
(1785791722.771678) can0 1CECFFF1#20120003FF19F000
(1785791722.772632) can0 1CEBFFF1#0127100000000000
(1785791722.773652) can0 1CEBFFF1#0200000000000000
(1785791722.774615) can0 1CEBFFF1#03DBCE722EFFFFFF
(1785791722.800654) can0 18F015F1#0000220B496A4912
(1785791722.805197) can0 18FEF1F8#FF0000FFFFFFFFFF
(1785791722.806354) can0 18F005F8#7DFFFF7DFFFFFFFF
(1785791722.871683) can0 1CECFFF1#20120003FF19F000
(1785791722.872649) can0 1CEBFFF1#0127100000000000
(1785791722.873655) can0 1CEBFFF1#0200000000000000
(1785791722.874629) can0 1CEBFFF1#03DB914A6EFFFFFF
(1785791722.900670) can0 18F015F1#000021CE497E4905
(1785791722.905233) can0 18FEF1F8#FF0000FFFFFFFFFF
(1785791722.906353) can0 18F005F8#7DFFFF7DFFFFFFFF
(1785791722.971754) can0 1CECFFF1#20120003FF19F000
(1785791722.972641) can0 1CEBFFF1#0127100000000000
(1785791722.973747) can0 1CEBFFF1#0200000000000000
(1785791722.974640) can0 1CEBFFF1#03DB581CAEFFFFFF
(1785791723.000679) can0 18F015F1#00002196498148FE
(1785791723.005305) can0 18FEF1F8#FF0000FFFFFFFFFF
(1785791723.006725) can0 18F005F8#7DFFFF7DFFFFFFFF
(1785791723.073366) can0 1CECFFF1#20120003FF19F000
(1785791723.074094) can0 1CEBFFF1#0127100000000000
(1785791723.074743) can0 1CEBFFF1#0200000000000000
(1785791723.075841) can0 1CEBFFF1#03DB21FE6FFFFFFF
(1785791723.101913) can0 18F015F1#00002160498F48FF
(1785791723.105211) can0 18FEF1F8#FF0000FFFFFFFFFF
(1785791723.106355) can0 18F005F8#7DFFFF7DFFFFFFFF
(1785791723.145895) can0 18FF14D1#
(1785791723.146306) can0 18FF16D1#01000C0064
(1785791723.172726) can0 1CECFFF1#20120003FF19F000
(1785791723.173659) can0 1CEBFFF1#0127100000000000
(1785791723.174667) can0 1CEBFFF1#0200000000000000
(1785791723.175623) can0 1CEBFFF1#03DAF1F26FFFFFFF
(1785791723.201659) can0 18F015F1#000021324974490A
(1785791723.205170) can0 18FEF1F8#FF0000FFFFFFFFFF
(1785791723.206346) can0 18F005F8#7DFFFF7DFFFFFFFF
(1785791723.211547) can0 18F017F1#F4DC22F47FB5
(1785791723.212013) can0 18F018F1#BD45F4408029
(1785791723.272805) can0 1CECFFF1#20120003FF19F000
(1785791723.273671) can0 1CEBFFF1#0127100000000000
(1785791723.274682) can0 1CEBFFF1#0200000000000000
(1785791723.275659) can0 1CEBFFF1#03DAC327EEFFFFFF
(1785791723.301810) can0 18F015F1#0000210349794918
(1785791723.305429) can0 18FEF1F8#FF0000FFFFFFFFFF
(1785791723.306710) can0 18F005F8#7DFFFF7DFFFFFFFF
(1785791723.372691) can0 1CECFFF1#20120003FF19F000
(1785791723.373653) can0 1CEBFFF1#0127100000000000
(1785791723.374648) can0 1CEBFFF1#0200000000000000
(1785791723.375620) can0 1CEBFFF1#03DA91DA6FFFFFFF
(1785791723.401638) can0 18F015F1#000020D249584921
(1785791723.405200) can0 18FEF1F8#FF0000FFFFFFFFFF
(1785791723.406325) can0 18F005F8#7DFFFF7DFFFFFFFF
(1785791723.472712) can0 1CECFFF1#20120003FF19F000
(1785791723.473653) can0 1CEBFFF1#0127100000000000
(1785791723.474656) can0 1CEBFFF1#0200000000000000
(1785791723.475627) can0 1CEBFFF1#03DA635FEEFFFFFF
(1785791723.502181) can0 18F015F1#000020A5495F491F
(1785791723.505193) can0 18FEF1F8#FF0000FFFFFFFFFF
(1785791723.506316) can0 18F005F8#7DFFFF7DFFFFFFFF
(1785791723.572696) can0 1CECFFF1#20120003FF19F000
(1785791723.573647) can0 1CEBFFF1#0127100000000000
(1785791723.574655) can0 1CEBFFF1#0200000000000000
(1785791723.575638) can0 1CEBFFF1#03DA36602EFFFFFF
(1785791723.601774) can0 18F015F1#00002078493A4920
(1785791723.605332) can0 18FEF1F8#FF0000FFFFFFFFFF
(1785791723.606511) can0 18F005F8#7DFFFF7DFFFFFFFF
(1785791723.646054) can0 18FF14D1#
(1785791723.672818) can0 1CECFFF1#20120003FF19F000
(1785791723.673640) can0 1CEBFFF1#0127100000000000
(1785791723.674656) can0 1CEBFFF1#0200000000000000
(1785791723.675670) can0 1CEBFFF1#03DA0A712EFFFFFF
(1785791723.702670) can0 18F015F1#0000204B493F491D
(1785791723.705171) can0 18FEF1F8#FF0000FFFFFFFFFF
(1785791723.706324) can0 18F005F8#7DFFFF7DFFFFFFFF
(1785791723.772704) can0 1CECFFF1#20120003FF19F000
(1785791723.773637) can0 1CEBFFF1#0127100000000000
(1785791723.774670) can0 1CEBFFF1#0200000000000000
(1785791723.775625) can0 1CEBFFF1#03D9DEDE2EFFFFFF
(1785791723.801635) can0 18F015F1#0000202348874934
(1785791723.805174) can0 18FEF1F8#FF0000FFFFFFFFFF
(1785791723.806293) can0 18F005F8#7DFFFF7DFFFFFFFF
(1785791723.873674) can0 1CECFFF1#20120003FF19F000
(1785791723.874642) can0 1CEBFFF1#0127100000000000
(1785791723.875656) can0 1CEBFFF1#0200000000000000
(1785791723.876628) can0 1CEBFFF1#03D9B5316FFFFFFF
(1785791723.902690) can0 18F015F1#00001FF7488C4935
(1785791723.905247) can0 18FEF1F8#FF0000FFFFFFFFFF
(1785791723.906393) can0 18F005F8#7DFFFF7DFFFFFFFF
(1785791723.973873) can0 1CECFFF1#20120003FF19F000
(1785791723.974682) can0 1CEBFFF1#0127100000000000
(1785791723.975724) can0 1CEBFFF1#0200000000000000
(1785791723.976724) can0 1CEBFFF1#03D989206FFFFFFF
(1785791724.002853) can0 18F015F1#00001FCA48914932
(1785791724.005393) can0 18FEF1F8#FF0000FFFFFFFFFF
(1785791724.006881) can0 18F005F8#7DFFFF7DFFFFFFFF
(1785791724.073694) can0 1CECFFF1#20120003FF19F000
(1785791724.074639) can0 1CEBFFF1#0127100000000000
(1785791724.075645) can0 1CEBFFF1#0200000000000000
(1785791724.076698) can0 1CEBFFF1#03D95D7F6FFFFFFF
(1785791724.102683) can0 18F015F1#00001F9E48944931
(1785791724.105189) can0 18FEF1F8#FF0000FFFFFFFFFF
(1785791724.106334) can0 18F005F8#7DFFFF7DFFFFFFFF
(1785791724.145765) can0 18FF14D1#
(1785791724.173666) can0 1CECFFF1#20120003FF19F000
(1785791724.174648) can0 1CEBFFF1#0127100000000000
(1785791724.175660) can0 1CEBFFF1#0200000000000000
(1785791724.176641) can0 1CEBFFF1#03D92F5AEFFFFFFF
(1785791724.202646) can0 18F015F1#00001F71489A492C
(1785791724.205173) can0 18FEF1F8#FF0000FFFFFFFFFF
(1785791724.206353) can0 18F005F8#7DFFFF7DFFFFFFFF
(1785791724.212560) can0 18F017F1#F59825749A07
(1785791724.213019) can0 18F018F1#C4EE19708507
(1785791724.273770) can0 1CECFFF1#20120003FF19F000
(1785791724.274663) can0 1CEBFFF1#0127100000000000
(1785791724.275674) can0 1CEBFFF1#0200000000000000
(1785791724.276670) can0 1CEBFFF1#03D90387EEFFFFFF
(1785791724.302834) can0 18F015F1#00001F45489D492A
(1785791724.305380) can0 18FEF1F8#FF0000FFFFFFFFFF
(1785791724.306680) can0 18F005F8#7DFFFF7DFFFFFFFF
(1785791724.373695) can0 1CECFFF1#20120003FF19F000
(1785791724.374641) can0 1CEBFFF1#0127100000000000
(1785791724.375651) can0 1CEBFFF1#0200000000000000
(1785791724.376631) can0 1CEBFFF1#03D8D748EFFFFFFF
(1785791724.402689) can0 18F015F1#00001F1948AA4926
(1785791724.405210) can0 18FEF1F8#FF0000FFFFFFFFFF
(1785791724.406330) can0 18F005F8#7DFFFF7DFFFFFFFF
(1785791724.473717) can0 1CECFFF1#20120003FF19F000
(1785791724.474654) can0 1CEBFFF1#0127100000000000
(1785791724.475664) can0 1CEBFFF1#0200000000000000
(1785791724.476638) can0 1CEBFFF1#03D8AC6BAFFFFFFF
(1785791724.502670) can0 18F015F1#00001EEF48AE4926
(1785791724.505215) can0 18FEF1F8#FF0000FFFFFFFFFF
(1785791724.506360) can0 18F005F8#7DFFFF7DFFFFFFFF
(1785791724.573666) can0 1CECFFF1#20120003FF19F000
(1785791724.574655) can0 1CEBFFF1#0127100000000000
(1785791724.575663) can0 1CEBFFF1#0200000000000000
(1785791724.576642) can0 1CEBFFF1#03D88475AFFFFFFF
(1785791724.602772) can0 18F015F1#00001EC748C24921
(1785791724.605272) can0 18FEF1F8#FF0000FFFFFFFFFF
(1785791724.606487) can0 18F005F8#7DFFFF7DFFFFFFFF
(1785791724.646113) can0 18FF14D1#
(1785791724.674783) can0 1CECFFF1#20120003FF19F000
(1785791724.675648) can0 1CEBFFF1#0127100000000000
(1785791724.676659) can0 1CEBFFF1#0200000000000000
(1785791724.677627) can0 1CEBFFF1#03D85C2FAFFFFFFF
(1785791724.703645) can0 18F015F1#00001EA048C74923
(1785791724.705165) can0 18FEF1F8#FF0000FFFFFFFFFF
(1785791724.706304) can0 18F005F8#7DFFFF7DFFFFFFFF
(1785791724.774712) can0 1CECFFF1#20120003FF19F000
(1785791724.775649) can0 1CEBFFF1#0127100000000000
(1785791724.776661) can0 1CEBFFF1#0200000000000000
(1785791724.777639) can0 1CEBFFF1#03D837C0EEFFFFFF
(1785791724.803659) can0 18F015F1#00001E7B48D74922
(1785791724.805173) can0 18FEF1F8#FF0000FFFFFFFFFF
(1785791724.806338) can0 18F005F8#7DFFFF7DFFFFFFFF
(1785791724.874671) can0 1CECFFF1#20120003FF19F000
(1785791724.875658) can0 1CEBFFF1#0127100000000000
(1785791724.876674) can0 1CEBFFF1#0200000000000000
(1785791724.877674) can0 1CEBFFF1#03D813DBEEFFFFFF
(1785791724.903688) can0 18F015F1#00001E5748DD4924
(1785791724.905227) can0 18FEF1F8#FF0000FFFFFFFFFF
(1785791724.906354) can0 18F005F8#7DFFFF7DFFFFFFFF
(1785791724.974763) can0 1CECFFF1#20120003FF19F000
(1785791724.975675) can0 1CEBFFF1#0127100000000000
(1785791724.976682) can0 1CEBFFF1#0200000000000000
(1785791724.977655) can0 1CEBFFF1#03D7F1626BFFFFFF
(1785791725.003881) can0 18F015F1#00001E3648DA4924
(1785791725.005446) can0 18FEF1F8#FF0000FFFFFFFFFF
(1785791725.006977) can0 18F005F8#7DFFFF7DFFFFFFFF
(1785791725.074700) can0 1CECFFF1#20120003FF19F000
(1785791725.075643) can0 1CEBFFF1#0127100000000000
(1785791725.076654) can0 1CEBFFF1#0200000000000000
(1785791725.077628) can0 1CEBFFF1#03D7D2BB2AFFFFFF
(1785791725.103686) can0 18F015F1#00001E1948DF4925
(1785791725.105180) can0 18FEF1F8#FF0000FFFFFFFFFF
(1785791725.106310) can0 18F005F8#7DFFFF7DFFFFFFFF
(1785791725.145790) can0 18FF14D1#
(1785791725.174668) can0 1CECFFF1#20120003FF19F000
(1785791725.175653) can0 1CEBFFF1#0127100000000000
(1785791725.176664) can0 1CEBFFF1#0200000000000000
(1785791725.177638) can0 1CEBFFF1#03D7B6502BFFFFFF
(1785791725.204749) can0 18F015F1#00001DFD48E14927
(1785791725.205230) can0 18FEF1F8#FF0000FFFFFFFFFF
(1785791725.206392) can0 18F005F8#7DFFFF7DFFFFFFFF
(1785791725.213587) can0 18F017F1#F59825749A07
(1785791725.214040) can0 18F018F1#C4EE19708507
(1785791725.274794) can0 1CECFFF1#20120003FF19F000
(1785791725.275678) can0 1CEBFFF1#0127100000000000
(1785791725.276713) can0 1CEBFFF1#0200000000000000
(1785791725.277689) can0 1CEBFFF1#03D79C8FAAFFFFFF
(1785791725.303833) can0 18F015F1#00001DE448E54928
(1785791725.305254) can0 18FEF1F8#FF0000FFFFFFFFFF
(1785791725.306475) can0 18F005F8#7DFFFF7DFFFFFFFF
(1785791725.375710) can0 1CECFFF1#20120003FF19F000
(1785791725.376650) can0 1CEBFFF1#0127100000000000
(1785791725.377658) can0 1CEBFFF1#0200000000000000
(1785791725.378637) can0 1CEBFFF1#03D786442BFFFFFF
(1785791725.404784) can0 18F015F1#00001DCF48E34927
(1785791725.405269) can0 18FEF1F8#FF0000FFFFFFFFFF
(1785791725.406386) can0 18F005F8#7DFFFF7DFFFFFFFF
(1785791725.475712) can0 1CECFFF1#20120003FF19F000
(1785791725.476655) can0 1CEBFFF1#0127100000000000
(1785791725.477668) can0 1CEBFFF1#0200000000000000
(1785791725.478641) can0 1CEBFFF1#03D772C32AFFFFFF
(1785791725.504829) can0 18F015F1#00001DBC48E64927
(1785791725.505317) can0 18FEF1F8#FF0000FFFFFFFFFF
(1785791725.506479) can0 18F005F8#7DFFFF7DFFFFFFFF
(1785791725.575723) can0 1CECFFF1#20120003FF19F000
(1785791725.576653) can0 1CEBFFF1#0127100000000000
(1785791725.577687) can0 1CEBFFF1#0200000000000000
(1785791725.578649) can0 1CEBFFF1#03D7620F2BFFFFFF
(1785791725.604923) can0 18F015F1#00001DAD48E34926
(1785791725.605398) can0 18FEF1F8#FF0000FFFFFFFFFF
(1785791725.606644) can0 18F005F8#7DFFFF7DFFFFFFFF
(1785791725.645958) can0 18FF14D1#
(1785791725.675787) can0 1CECFFF1#20120003FF19F000
(1785791725.676652) can0 1CEBFFF1#0127100000000000
(1785791725.677665) can0 1CEBFFF1#0200000000000000
(1785791725.678630) can0 1CEBFFF1#03D755D96AFFFFFF
(1785791725.705200) can0 18FEF1F8#FF0000FFFFFFFFFF
(1785791725.705861) can0 18F015F1#00001DA048E34927
(1785791725.706698) can0 18F005F8#7DFFFF7DFFFFFFFF
(1785791725.775744) can0 1CECFFF1#20120003FF19F000
(1785791725.776673) can0 1CEBFFF1#0127100000000000
(1785791725.777676) can0 1CEBFFF1#0200000000000000
(1785791725.778637) can0 1CEBFFF1#03D74BD1EAFFFFFF
(1785791725.804728) can0 18F015F1#00001D9748DF4926
(1785791725.805213) can0 18FEF1F8#FF0000FFFFFFFFFF
(1785791725.806338) can0 18F005F8#7DFFFF7DFFFFFFFF
(1785791725.875685) can0 1CECFFF1#20120003FF19F000
(1785791725.876655) can0 1CEBFFF1#0127100000000000
(1785791725.877700) can0 1CEBFFF1#0200000000000000
(1785791725.878653) can0 1CEBFFF1#03D742D72AFFFFFF
(1785791725.904808) can0 18F015F1#00001D8F48E04927
(1785791725.905293) can0 18FEF1F8#FF0000FFFFFFFFFF
(1785791725.906419) can0 18F005F8#7DFFFF7DFFFFFFFF
(1785791725.975825) can0 1CECFFF1#20120003FF19F000
(1785791725.976706) can0 1CEBFFF1#0127100000000000
(1785791725.977692) can0 1CEBFFF1#0200000000000000
(1785791725.978679) can0 1CEBFFF1#03D73CF7AAFFFFFF
(1785791726.005410) can0 18F015F1#00001D8A48DA4925
(1785791726.008207) can0 18FEF1F8#FF0000FFFFFFFFFF
(1785791726.010334) can0 18F005F8#7DFFFF7DFFFFFFFF
(1785791726.075763) can0 1CECFFF1#20120003FF19F000
(1785791726.076672) can0 1CEBFFF1#0127100000000000
(1785791726.077680) can0 1CEBFFF1#0200000000000000
(1785791726.078657) can0 1CEBFFF1#03D739F46AFFFFFF
(1785791726.104729) can0 18F015F1#00001D8848DA4925
(1785791726.105215) can0 18FEF1F8#FF0000FFFFFFFFFF
(1785791726.106341) can0 18F005F8#7DFFFF7DFFFFFFFF
(1785791726.146050) can0 18FF14D1#
(1785791726.176687) can0 1CECFFF1#20120003FF19F000
(1785791726.177661) can0 1CEBFFF1#0127100000000000
(1785791726.178667) can0 1CEBFFF1#0200000000000000
(1785791726.179650) can0 1CEBFFF1#03D739F46AFFFFFF
(1785791726.205177) can0 18FEF1F8#FF0000FFFFFFFFFF
(1785791726.205843) can0 18F015F1#00001D8848CA4927
(1785791726.206308) can0 18F005F8#7DFFFF7DFFFFFFFF
(1785791726.215553) can0 18F017F1#F282238B9862
(1785791726.216028) can0 18F018F1#E60C1D348DEA
(1785791726.276778) can0 1CECFFF1#20120003FF19F000
(1785791726.277728) can0 1CEBFFF1#0127100000000000
(1785791726.278697) can0 1CEBFFF1#0200000000000000
(1785791726.279672) can0 1CEBFFF1#03D739F46AFFFFFF
(1785791726.305476) can0 18FEF1F8#FF0000FFFFFFFFFF
(1785791726.306180) can0 18F015F1#00001D8848CC4929
(1785791726.306704) can0 18F005F8#7DFFFF7DFFFFFFFF
(1785791726.376704) can0 1CECFFF1#20120003FF19F000
(1785791726.377657) can0 1CEBFFF1#0127100000000000
(1785791726.378673) can0 1CEBFFF1#0200000000000000
(1785791726.379645) can0 1CEBFFF1#03D739F46AFFFFFF
(1785791726.405229) can0 18FEF1F8#FF0000FFFFFFFFFF
(1785791726.405891) can0 18F015F1#00001D8848CC4925
(1785791726.406362) can0 18F005F8#7DFFFF7DFFFFFFFF
(1785791726.476733) can0 1CECFFF1#20120003FF19F000
(1785791726.477667) can0 1CEBFFF1#0127100000000000
(1785791726.478674) can0 1CEBFFF1#0200000000000000
(1785791726.479670) can0 1CEBFFF1#03D739F46AFFFFFF
(1785791726.505212) can0 18FEF1F8#FF0000FFFFFFFFFF
(1785791726.505913) can0 18F015F1#00001D8848CC4923
(1785791726.506372) can0 18F005F8#7DFFFF7DFFFFFFFF
(1785791726.576696) can0 1CECFFF1#20120003FF19F000
(1785791726.577671) can0 1CEBFFF1#0127100000000000
(1785791726.578684) can0 1CEBFFF1#0200000000000000
(1785791726.579650) can0 1CEBFFF1#03D73AF52AFFFFFF
(1785791726.605420) can0 18FEF1F8#FF0000FFFFFFFFFF
(1785791726.606005) can0 18F015F1#00001D8848CC491F
(1785791726.607188) can0 18F005F8#7DFFFF7DFFFFFFFF
(1785791726.645812) can0 18FF14D1#
(1785791726.676693) can0 1CECFFF1#20120003FF19F000
(1785791726.677663) can0 1CEBFFF1#0127100000000000
(1785791726.678671) can0 1CEBFFF1#0200000000000000
(1785791726.679654) can0 1CEBFFF1#03D739F46AFFFFFF
(1785791726.705182) can0 18FEF1F8#FF0000FFFFFFFFFF
(1785791726.706300) can0 18F005F8#7DFFFF7DFFFFFFFF
(1785791726.706878) can0 18F015F1#00001D8848CC4921
(1785791726.777954) can0 1CECFFF1#20120003FF19F000
(1785791726.778754) can0 1CEBFFF1#0127100000000000
(1785791726.779743) can0 1CEBFFF1#0200000000000000
(1785791726.780711) can0 1CEBFFF1#03D73834ABFFFFFF
(1785791726.805210) can0 18FEF1F8#FF0000FFFFFFFFFF
(1785791726.806343) can0 18F005F8#7DFFFF7DFFFFFFFF
(1785791726.806913) can0 18F015F1#00001D8648CC491D
(1785791726.877723) can0 1CECFFF1#20120003FF19F000
(1785791726.878692) can0 1CEBFFF1#0127100000000000
(1785791726.879687) can0 1CEBFFF1#0200000000000000
(1785791726.880660) can0 1CEBFFF1#03D73730EBFFFFFF
(1785791726.905293) can0 18FEF1F8#FF0000FFFFFFFFFF
(1785791726.906477) can0 18F005F8#7DFFFF7DFFFFFFFF
(1785791726.907018) can0 18F015F1#00001D8548CD491C
(1785791726.977822) can0 1CECFFF1#20120003FF19F000
(1785791726.978671) can0 1CEBFFF1#0127100000000000
(1785791726.979675) can0 1CEBFFF1#0200000000000000
(1785791726.980648) can0 1CEBFFF1#03D735F16AFFFFFF
(1785791727.005474) can0 18FEF1F8#FF0000FFFFFFFFFF
(1785791727.006683) can0 18F015F1#00001D8248CE4917
(1785791727.007203) can0 18F005F8#7DFFFF7DFFFFFFFF
(1785791727.078073) can0 1CECFFF1#20120003FF19F000
(1785791727.078762) can0 1CEBFFF1#0127100000000000
(1785791727.079679) can0 1CEBFFF1#0200000000000000
(1785791727.080670) can0 1CEBFFF1#03D72F3AEBFFFFFF
(1785791727.105318) can0 18FEF1F8#FF0000FFFFFFFFFF
(1785791727.106518) can0 18F005F8#7DFFFF7DFFFFFFFF
(1785791727.107096) can0 18F015F1#00001D7B48D24919
(1785791727.145707) can0 18FF14D1#
(1785791727.177706) can0 1CECFFF1#20120003FF19F000
(1785791727.178686) can0 1CEBFFF1#0127100000000000
(1785791727.179690) can0 1CEBFFF1#0200000000000000
(1785791727.180665) can0 1CEBFFF1#03D7253D6BFFFFFF
(1785791727.205201) can0 18FEF1F8#FF0000FFFFFFFFFF
(1785791727.206354) can0 18F005F8#7DFFFF7DFFFFFFFF
(1785791727.207661) can0 18F015F1#00001D6F48D6490F
(1785791727.216594) can0 18F017F1#F282238B9862
(1785791727.217051) can0 18F018F1#E60C1D348DEA
(1785791727.277821) can0 1CECFFF1#20120003FF19F000
(1785791727.278705) can0 1CEBFFF1#0127100000000000
(1785791727.279701) can0 1CEBFFF1#0200000000000000
(1785791727.280673) can0 1CEBFFF1#03D714E9AAFFFFFF
(1785791727.305444) can0 18FEF1F8#FF0000FFFFFFFFFF
(1785791727.306706) can0 18F015F1#00001D5D48DF4911
(1785791727.307238) can0 18F005F8#7DFFFF7DFFFFFFFF
(1785791727.377708) can0 1CECFFF1#20120003FF19F000
(1785791727.378663) can0 1CEBFFF1#0127100000000000
(1785791727.379673) can0 1CEBFFF1#0200000000000000
(1785791727.380658) can0 1CEBFFF1#03D6FBF5EAFFFFFF
(1785791727.405282) can0 18FEF1F8#FF0000FFFFFFFFFF
(1785791727.406441) can0 18F005F8#7DFFFF7DFFFFFFFF
(1785791727.407014) can0 18F015F1#00001D2948B74849
(1785791727.477778) can0 1CECFFF1#20120003FF19F000
(1785791727.478685) can0 1CEBFFF1#0127100000000000
(1785791727.479691) can0 1CEBFFF1#0200000000000000
(1785791727.480671) can0 1CEBFFF1#03D6BE062BFFFFFF
(1785791727.505428) can0 18FEF1F8#FF0000FFFFFFFFFF
(1785791727.506696) can0 18F005F8#7DFFFF7DFFFFFFFF
(1785791727.507264) can0 18F015F1#00001CFF48C6484C
(1785791727.578760) can0 1CECFFF1#20120003FF19F000
(1785791727.579676) can0 1CEBFFF1#0127100000000000
(1785791727.580681) can0 1CEBFFF1#0200000000000000
(1785791727.581672) can0 1CEBFFF1#03D68B11EBFFFFFF
(1785791727.605281) can0 18FEF1F8#FF0000FFFFFFFFFF
(1785791727.606517) can0 18F005F8#7DFFFF7DFFFFFFFF
(1785791727.607667) can0 18F015F1#00001CC748D44855
(1785791727.645820) can0 18FF14D1#
(1785791727.678970) can0 1CECFFF1#20120003FF19F000
(1785791727.679698) can0 1CEBFFF1#0127100000000000
(1785791727.680723) can0 1CEBFFF1#0200000000000000
(1785791727.681773) can0 1CEBFFF1#03D64744EBFFFFFF
(1785791727.705232) can0 18FEF1F8#FF0000FFFFFFFFFF
(1785791727.706486) can0 18F005F8#7DFFFF7DFFFFFFFF
(1785791727.707664) can0 18F015F1#00001C7D48E0485A
(1785791727.778730) can0 1CECFFF1#20120003FF19F000
(1785791727.779666) can0 1CEBFFF1#0127100000000000
(1785791727.780683) can0 1CEBFFF1#0200000000000000
(1785791727.781654) can0 1CEBFFF1#03D5EECA2BFFFFFF
(1785791727.805199) can0 18FEF1F8#FF0000FFFFFFFFFF
(1785791727.806331) can0 18F005F8#7DFFFF7DFFFFFFFF
(1785791727.807650) can0 18F015F1#00001C2048EF4863
(1785791727.878737) can0 1CECFFF1#20120003FF19F000
(1785791727.879686) can0 1CEBFFF1#0127100000000000
(1785791727.880694) can0 1CEBFFF1#0200000000000000
(1785791727.881696) can0 1CEBFFF1#03D584E5ABFFFFFF
(1785791727.905328) can0 18FEF1F8#FF0000FFFFFFFFFF
(1785791727.906470) can0 18F005F8#7DFFFF7DFFFFFFFF
(1785791727.907653) can0 18F015F1#00001BAD4900486E
(1785791727.978818) can0 1CECFFF1#20120003FF19F000
(1785791727.979756) can0 1CEBFFF1#0127100000000000
(1785791727.980717) can0 1CEBFFF1#0200000000000000
(1785791727.981702) can0 1CEBFFF1#03D50086ABFFFFFF
(1785791728.006328) can0 18FEF1F8#FF0000FFFFFFFFFF
(1785791728.007685) can0 18F005F8#7DFFFF7DFFFFFFFF
(1785791728.008232) can0 18F015F1#00001B2449174881
(1785791728.078727) can0 1CECFFF1#20120003FF19F000
(1785791728.079674) can0 1CEBFFF1#0127100000000000
(1785791728.081737) can0 1CEBFFF1#0200000000000000
(1785791728.082317) can0 1CEBFFF1#03D4653D6AFFFFFF
(1785791728.105273) can0 18FEF1F8#FF0000FFFFFFFFFF
(1785791728.106420) can0 18F005F8#7DFFFF7DFFFFFFFF
(1785791728.107750) can0 18F015F1#00001A80492A4888
(1785791728.145986) can0 18FF14D1#
(1785791728.178702) can0 1CECFFF1#20120003FF19F000
(1785791728.179675) can0 1CEBFFF1#0127100000000000
(1785791728.180683) can0 1CEBFFF1#0200000000000000
(1785791728.181655) can0 1CEBFFF1#03D3B25328FFFFFF
(1785791728.205176) can0 18FEF1F8#FF0000FFFFFFFFFF
(1785791728.206303) can0 18F005F8#7DFFFF7DFFFFFFFF
(1785791728.208656) can0 18F015F1#000019C84933487F
(1785791728.217576) can0 18F017F1#16EF22FFA44F
(1785791728.218048) can0 18F018F1#EE95FF218C50
(1785791728.278802) can0 1CECFFF1#20120003FF19F000
(1785791728.279676) can0 1CEBFFF1#0127100000000000
(1785791728.280696) can0 1CEBFFF1#0200000000000000
(1785791728.281671) can0 1CEBFFF1#03D2EF3AE8FFFFFF
(1785791728.305402) can0 18FEF1F8#FF0000FFFFFFFFFF
(1785791728.306797) can0 18F005F8#7DFFFF7DFFFFFFFF
(1785791728.307737) can0 18F015F1#00001900492D4863
(1785791728.379745) can0 1CECFFF1#20120003FF19F000
(1785791728.380671) can0 1CEBFFF1#0127100000000000
(1785791728.381681) can0 1CEBFFF1#0200000000000000
(1785791728.382671) can0 1CEBFFF1#03D21C7FA8FFFFFF
(1785791728.405428) can0 18FEF1F8#FF0000FFFFFFFFFF
(1785791728.406604) can0 18F005F8#7DFFFF7DFFFFFFFF
(1785791728.408662) can0 18F015F1#0000182D49234840
(1785791728.479738) can0 1CECFFF1#20120003FF19F000
(1785791728.480676) can0 1CEBFFF1#0127100000000000
(1785791728.481684) can0 1CEBFFF1#0200000000000000
(1785791728.482655) can0 1CEBFFF1#03D14D7369FFFFFF
(1785791728.505209) can0 18FEF1F8#FF0000FFFFFFFFFF
(1785791728.506392) can0 18F005F8#7DFFFF7DFFFFFFFF
(1785791728.508643) can0 18F015F1#0000175C491C4845
(1785791728.579728) can0 1CECFFF1#20120003FF19F000
(1785791728.580687) can0 1CEBFFF1#0127100000000000
(1785791728.581698) can0 1CEBFFF1#0200000000000000
(1785791728.582679) can0 1CEBFFF1#03D078F4A8FFFFFF
(1785791728.605364) can0 18FEF1F8#FF0000FFFFFFFFFF
(1785791728.606573) can0 18F005F8#7DFFFF7DFFFFFFFF
(1785791728.608706) can0 18F015F1#0000168D49454898
(1785791728.645829) can0 18FF14D1#
(1785791728.679721) can0 1CECFFF1#20120003FF19F000
(1785791728.680674) can0 1CEBFFF1#0127100000000000
(1785791728.681722) can0 1CEBFFF1#0200000000000000
(1785791728.682662) can0 1CEBFFF1#03CFAE5A21FFFFFF
(1785791728.705185) can0 18FEF1F8#FF0000FFFFFFFFFF
(1785791728.706343) can0 18F005F8#7DFFFF7DFFFFFFFF
(1785791728.709647) can0 18F015F1#000015C2496048CD
(1785791728.779738) can0 1CECFFF1#20120003FF19F000
(1785791728.780677) can0 1CEBFFF1#0127100000000000
(1785791728.781686) can0 1CEBFFF1#0200000000000000
(1785791728.782668) can0 1CEBFFF1#03CEEAF920FFFFFF
(1785791728.805212) can0 18FEF1F8#FF0000FFFFFFFFFF
(1785791728.806419) can0 18F005F8#7DFFFF7DFFFFFFFF
(1785791728.808663) can0 18F015F1#0000150149564902
(1785791728.845934) can0 18FF09D1#01000C00C4F8DF
(1785791728.879746) can0 1CECFFF1#20120003FF19F000
(1785791728.880700) can0 1CEBFFF1#0127100000000000
(1785791728.881703) can0 1CEBFFF1#0200000000000000
(1785791728.882678) can0 1CEBFFF1#03CE187CA1FFFFFF
(1785791728.905310) can0 18FEF1F8#FF0000FFFFFFFFFF
(1785791728.906442) can0 18F005F8#7DFFFF7DFFFFFFFF
(1785791728.908655) can0 18F015F1#00001424494E48F6
(1785791728.946105) can0 18FF09D1#01000C00C4F8DF
(1785791728.979849) can0 1CECFFF1#20120003FF19F000
(1785791728.980702) can0 1CEBFFF1#0127100000000000
(1785791728.981712) can0 1CEBFFF1#0200000000000000
(1785791728.982723) can0 1CEBFFF1#03CD457560FFFFFF
(1785791729.005670) can0 18FEF1F8#FF0000FFFFFFFFFF
(1785791729.007289) can0 18F005F8#7DFFFF7DFFFFFFFF
(1785791729.008732) can0 18F015F1#00001359492548D7
(1785791729.045978) can0 18FF09D1#01000C00C4F8DF
(1785791729.081091) can0 1CECFFF1#20120003FF19F000
(1785791729.081958) can0 1CEBFFF1#0127100000000000
(1785791729.082893) can0 1CEBFFF1#0200000000000000
(1785791729.083791) can0 1CEBFFF1#03CC7AF521FFFFFF
(1785791729.105260) can0 18FEF1F8#FF0000FFFFFFFFFF
(1785791729.106386) can0 18F005F8#7DFFFF7DFFFFFFFF
(1785791729.109649) can0 18F015F1#0000128A490C48AE
(1785791729.146127) can0 18FF09D1#01000C00C4F8DF
(1785791729.146408) can0 18FF14D1#
(1785791729.146802) can0 18FF16D1#01000C0064
(1785791729.180766) can0 1CECFFF1#20120003FF19F000
(1785791729.181696) can0 1CEBFFF1#0127100000000000
(1785791729.182705) can0 1CEBFFF1#0200000000000000
(1785791729.183682) can0 1CEBFFF1#03CBA55D62FFFFFF
(1785791729.205195) can0 18FEF1F8#FF0000FFFFFFFFFF
(1785791729.206346) can0 18F005F8#7DFFFF7DFFFFFFFF
(1785791729.209660) can0 18F015F1#000011B6498548AB
(1785791729.219613) can0 18F017F1#16EF22FFA44F
(1785791729.220084) can0 18F018F1#EE95FF218C50
(1785791729.245909) can0 18FF09D1#01000C00C4F8DF
(1785791729.280716) can0 1CECFFF1#20120003FF19F000
(1785791729.281990) can0 1CEBFFF1#0127100000000000
(1785791729.282711) can0 1CEBFFF1#0200000000000000
(1785791729.283684) can0 1CEBFFF1#03CADA2D22FFFFFF
(1785791729.305408) can0 18FEF1F8#FF0000FFFFFFFFFF
(1785791729.306678) can0 18F005F8#7DFFFF7DFFFFFFFF
(1785791729.309698) can0 18F015F1#000010EC499448B1
(1785791729.346399) can0 18FF09D1#01000C00C4F8DF
(1785791729.380732) can0 1CECFFF1#20120003FF19F000
(1785791729.381694) can0 1CEBFFF1#0127100000000000
(1785791729.382700) can0 1CEBFFF1#0200000000000000
(1785791729.383673) can0 1CEBFFF1#03CA06B423FFFFFF
(1785791729.405237) can0 18FEF1F8#FF0000FFFFFFFFFF
(1785791729.406655) can0 18F005F8#7DFFFF7DFFFFFFFF
(1785791729.409663) can0 18F015F1#0000101249A4489A
(1785791729.445950) can0 18FF09D1#01000C00C4F8DF
(1785791729.480729) can0 1CECFFF1#20120003FF19F000
(1785791729.481684) can0 1CEBFFF1#0127100000000000
(1785791729.482694) can0 1CEBFFF1#0200000000000000
(1785791729.483670) can0 1CEBFFF1#03C92D5B63FFFFFF
(1785791729.505296) can0 18FEF1F8#FF0000FFFFFFFFFF
(1785791729.506451) can0 18F005F8#7DFFFF7DFFFFFFFF
(1785791729.509669) can0 18F015F1#00000F3949BA486D
(1785791729.546194) can0 18FF09D1#01000C00C4F8DF
(1785791729.580731) can0 1CECFFF1#20120003FF19F000
(1785791729.581693) can0 1CEBFFF1#0127100000000000
(1785791729.582715) can0 1CEBFFF1#0200000000000000
(1785791729.583678) can0 1CEBFFF1#03C84BE1E2FFFFFF
(1785791729.605260) can0 18FEF1F8#FF0000FFFFFFFFFF
(1785791729.606461) can0 18F005F8#7DFFFF7DFFFFFFFF
(1785791729.609696) can0 18F015F1#00000E5449D54828
(1785791729.646127) can0 18FF09D1#01000C00C4F8DF
(1785791729.646894) can0 18FF14D1#
(1785791729.681401) can0 1CECFFF1#20120003FF19F000
(1785791729.682440) can0 1CEBFFF1#0127100000000000
(1785791729.683874) can0 1CEBFFF1#0200000000000000
(1785791729.684126) can0 1CEBFFF1#03C7600EA7FFFFFF
(1785791729.705514) can0 18FEF1F8#FF0000FFFFFFFFFF
(1785791729.706718) can0 18F005F8#7DFFFF7DFFFFFFFF
(1785791729.710664) can0 18F015F1#00000D6B49E847FC
(1785791729.745933) can0 18FF09D1#01000C00C4F8DF
(1785791729.780786) can0 1CECFFF1#20120003FF19F000
(1785791729.781697) can0 1CEBFFF1#0127100000000000
(1785791729.782718) can0 1CEBFFF1#0200000000000000
(1785791729.783698) can0 1CEBFFF1#03C67C57A7FFFFFF
(1785791729.805264) can0 18FEF1F8#FF0000FFFFFFFFFF
(1785791729.806416) can0 18F005F8#7DFFFF7DFFFFFFFF
(1785791729.810693) can0 18F015F1#00000C8649E34803
(1785791729.845916) can0 18FF09D1#01000C00C4F8DF
(1785791729.881725) can0 1CECFFF1#20120003FF19F000
(1785791729.882687) can0 1CEBFFF1#0127100000000000
(1785791729.883695) can0 1CEBFFF1#0200000000000000
(1785791729.884670) can0 1CEBFFF1#03C5A1FE67FFFFFF
(1785791729.905257) can0 18FEF1F8#FF0000FFFFFFFFFF
(1785791729.906417) can0 18F005F8#7DFFFF7DFFFFFFFF
(1785791729.910664) can0 18F015F1#00000BB149D34847
(1785791729.946039) can0 18FF09D1#01000C00C4F8DF
(1785791729.981879) can0 1CECFFF1#20120003FF19F000
(1785791729.982712) can0 1CEBFFF1#0127100000000000
(1785791729.983720) can0 1CEBFFF1#0200000000000000
(1785791729.984706) can0 1CEBFFF1#03C4D34BE6FFFFFF
(1785791730.006546) can0 18FEF1F8#FF0000FFFFFFFFFF
(1785791730.007842) can0 18F005F8#7DFFFF7DFFFFFFFF
(1785791730.011611) can0 18F015F1#00000AE949C6489C
(1785791730.045925) can0 18FF09D1#01000C00C4F8DF
(1785791730.081748) can0 1CECFFF1#20120003FF19F000
(1785791730.082798) can0 1CEBFFF1#0127100000000000
(1785791730.083701) can0 1CEBFFF1#0200000000000000
(1785791730.084705) can0 1CEBFFF1#03C41F1EE6FFFFFF
(1785791730.105305) can0 18FEF1F8#FF0000FFFFFFFFFF
(1785791730.106455) can0 18F005F8#7DFFFF7DFFFFFFFF
(1785791730.110664) can0 18F015F1#00000A3749C048E2
(1785791730.145995) can0 18FF09D1#01000C00C4F8DF
(1785791730.146328) can0 18FF14D1#
(1785791730.181716) can0 1CECFFF1#20120003FF19F000
(1785791730.182688) can0 1CEBFFF1#0127100000000000
(1785791730.183698) can0 1CEBFFF1#0200000000000000
(1785791730.184673) can0 1CEBFFF1#03C35E1E24FFFFFF
(1785791730.205172) can0 18FEF1F8#FF0000FFFFFFFFFF
(1785791730.206314) can0 18F005F8#7DFFFF7DFFFFFFFF
(1785791730.211663) can0 18F015F1#0000097449D248F0
(1785791730.220614) can0 18F017F1#09FC1B27BCB4
(1785791730.221080) can0 18F018F1#DF9EF54D895E
(1785791730.245865) can0 18FF09D1#01000C00C4F8DF
(1785791730.281800) can0 1CECFFF1#20120003FF19F000
(1785791730.282746) can0 1CEBFFF1#0127100000000000
(1785791730.283748) can0 1CEBFFF1#0200000000000000
(1785791730.284701) can0 1CEBFFF1#03C2A2CF25FFFFFF
(1785791730.305331) can0 18FEF1F8#FF0000FFFFFFFFFF
(1785791730.306502) can0 18F005F8#7DFFFF7DFFFFFFFF
(1785791730.310718) can0 18F015F1#000008B749FA48BC
(1785791730.346213) can0 18FF09D1#01000C00C4F8DF
(1785791730.381723) can0 1CECFFF1#20120003FF19F000
(1785791730.382690) can0 1CEBFFF1#0127100000000000
(1785791730.383695) can0 1CEBFFF1#0200000000000000
(1785791730.384688) can0 1CEBFFF1#03C1E00EA5FFFFFF
(1785791730.405217) can0 18FEF1F8#FF0000FFFFFFFFFF
(1785791730.406344) can0 18F005F8#7DFFFF7DFFFFFFFF
(1785791730.410670) can0 18F015F1#000007F74A374863
(1785791730.445938) can0 18FF09D1#01000C00C4F8DF
(1785791730.482730) can0 1CECFFF1#20120003FF19F000
(1785791730.483696) can0 1CEBFFF1#0127100000000000
(1785791730.484699) can0 1CEBFFF1#0200000000000000
(1785791730.485670) can0 1CEBFFF1#03C12B99E4FFFFFF
(1785791730.505223) can0 18FEF1F8#FF0000FFFFFFFFFF
(1785791730.506342) can0 18F005F8#7DFFFF7DFFFFFFFF
(1785791730.511675) can0 18F015F1#0000074A4A88482F
(1785791730.545898) can0 18FF09D1#01000C00C4F8DF
(1785791730.582723) can0 1CECFFF1#20120003FF19F000
(1785791730.583700) can0 1CEBFFF1#0127100000000000
(1785791730.584716) can0 1CEBFFF1#0200000000000000
(1785791730.585694) can0 1CEBFFF1#03C091BA64FFFFFF
(1785791730.605281) can0 18FEF1F8#FF0000FFFFFFFFFF
(1785791730.606568) can0 18F005F8#7DFFFF7DFFFFFFFF
(1785791730.611736) can0 18F015F1#000006B34ACF483C
(1785791730.646144) can0 18FF09D1#01000C00C4F8DF
(1785791730.646560) can0 18FF14D1#
(1785791730.682859) can0 1CECFFF1#20120003FF19F000
(1785791730.683705) can0 1CEBFFF1#0127100000000000
(1785791730.684713) can0 1CEBFFF1#0200000000000000
(1785791730.685699) can0 1CEBFFF1#03C0061425FFFFFF
(1785791730.705181) can0 18FEF1F8#FF0000FFFFFFFFFF
(1785791730.706310) can0 18F005F8#7DFFFF7DFFFFFFFF
(1785791730.711664) can0 18F015F1#000006324AE848A4
(1785791730.745889) can0 18FF09D1#01000C00C4F8DF
(1785791730.782768) can0 1CECFFF1#20120003FF19F000
(1785791730.783696) can0 1CEBFFF1#0127100000000000
(1785791730.784706) can0 1CEBFFF1#0200000000000000
(1785791730.785684) can0 1CEBFFF1#03BFA05E85FFFFFF
(1785791730.805210) can0 18FEF1F8#FF0000FFFFFFFFFF
(1785791730.806340) can0 18F005F8#7DFFFF7DFFFFFFFF
(1785791730.811673) can0 18F015F1#000005F44AA74987
(1785791730.845884) can0 18FF09D1#01000C00C4A0DD
(1785791730.882741) can0 1CECFFF1#20120003FF19F000
(1785791730.883706) can0 1CEBFFF1#0127100000000000
(1785791730.884719) can0 1CEBFFF1#0200000000000000
(1785791730.885693) can0 1CEBFFF1#03BF62CF04FFFFFF
(1785791730.905249) can0 18FEF1F8#FF0000FFFFFFFFFF
(1785791730.906390) can0 18F005F8#7DFFFF7DFFFFFFFF
(1785791730.911675) can0 18F015F1#000005934A914979
(1785791730.945914) can0 18FF09D1#01000C00C4A0DD
(1785791730.982848) can0 1CECFFF1#20120003FF19F000
(1785791730.983719) can0 1CEBFFF1#0127100000000000
(1785791730.984735) can0 1CEBFFF1#0200000000000000
(1785791730.985715) can0 1CEBFFF1#03BEF23305FFFFFF
(1785791731.005820) can0 18FEF1F8#FF0000FFFFFFFFFF
(1785791731.007146) can0 18F005F8#7DFFFF7DFFFFFFFF
(1785791731.011812) can0 18F015F1#000005204A7C4943
(1785791731.045989) can0 18FF09D1#01000C00C4A0DD
(1785791731.082773) can0 1CECFFF1#20120003FF19F000
(1785791731.083699) can0 1CEBFFF1#0127100000000000
(1785791731.084704) can0 1CEBFFF1#0200000000000000
(1785791731.085680) can0 1CEBFFF1#03BE8C1385FFFFFF
(1785791731.105913) can0 18FEF1F8#FF0000FFFFFFFFFF
(1785791731.107140) can0 18F005F8#7DFFFF7DFFFFFFFF
(1785791731.111706) can0 18F015F1#000004C14A73492F
(1785791731.146044) can0 18FF09D1#01000C00C4A0DD
(1785791731.146317) can0 18FF14D1#
(1785791731.146680) can0 18FF16D1#01000C0064
(1785791731.182748) can0 1CECFFF1#20120003FF19F000
(1785791731.183706) can0 1CEBFFF1#0127100000000000
(1785791731.184713) can0 1CEBFFF1#0200000000000000
(1785791731.185686) can0 1CEBFFF1#03BE3D6745FFFFFF
(1785791731.205174) can0 18FEF1F8#FF0000FFFFFFFFFF
(1785791731.206333) can0 18F005F8#7DFFFF7DFFFFFFFF
(1785791731.212686) can0 18F015F1#000004744A7C4944
(1785791731.222625) can0 18F017F1#09FC1B27BCB4
(1785791731.223083) can0 18F018F1#DF9EF54D895E
(1785791731.245846) can0 18FF09D1#01000C00C4A0DD
(1785791731.283786) can0 1CECFFF1#20120003FF19F000
(1785791731.284719) can0 1CEBFFF1#0127100000000000
(1785791731.285743) can0 1CEBFFF1#0200000000000000
(1785791731.286723) can0 1CEBFFF1#03BDEE0A04FFFFFF
(1785791731.305374) can0 18FEF1F8#FF0000FFFFFFFFFF
(1785791731.306674) can0 18F005F8#7DFFFF7DFFFFFFFF
(1785791731.312742) can0 18F015F1#000004274A79495A
(1785791731.346139) can0 18FF09D1#01000C00C4A0DD
(1785791731.383795) can0 1CECFFF1#20120003FF19F000
(1785791731.384708) can0 1CEBFFF1#0127100000000000
(1785791731.385705) can0 1CEBFFF1#0200000000000000
(1785791731.386681) can0 1CEBFFF1#03BDA93844FFFFFF
(1785791731.406401) can0 18FEF1F8#FF0000FFFFFFFFFF
(1785791731.407598) can0 18F005F8#7DFFFF7DFFFFFFFF
(1785791731.412689) can0 18F015F1#000003E84A7C4961
(1785791731.445902) can0 18FF09D1#01000C00C4A0DD
(1785791731.483738) can0 1CECFFF1#20120003FF19F000
(1785791731.484699) can0 1CEBFFF1#0127100000000000
(1785791731.485713) can0 1CEBFFF1#0200000000000000
(1785791731.486703) can0 1CEBFFF1#03BD70A285FFFFFF
(1785791731.505352) can0 18FEF1F8#FF0000FFFFFFFFFF
(1785791731.506581) can0 18F005F8#7DFFFF7DFFFFFFFF
(1785791731.512742) can0 18F015F1#000003B04A894940
(1785791731.545874) can0 18FF09D1#01000C00C4A0DD
(1785791731.583744) can0 1CECFFF1#20120003FF19F000
(1785791731.584706) can0 1CEBFFF1#0127100000000000
(1785791731.585710) can0 1CEBFFF1#0200000000000000
(1785791731.586704) can0 1CEBFFF1#03BD40B685FFFFFF
(1785791731.605174) can0 18FEF1F8#FF0000FFFFFFFFFF
(1785791731.606345) can0 18F005F8#7DFFFF7DFFFFFFFF
(1785791731.612694) can0 18F015F1#000003804AA04949
(1785791731.646037) can0 18FF09D1#01000C00C4A0DD
(1785791731.646510) can0 18FF14D1#
(1785791731.684065) can0 1CECFFF1#20120003FF19F000
(1785791731.684829) can0 1CEBFFF1#0127100000000000
(1785791731.685811) can0 1CEBFFF1#0200000000000000
(1785791731.686766) can0 1CEBFFF1#03BD114A44FFFFFF
(1785791731.705286) can0 18FEF1F8#FF0000FFFFFFFFFF
(1785791731.706439) can0 18F005F8#7DFFFF7DFFFFFFFF
(1785791731.713707) can0 18F015F1#000003554A844966
(1785791731.745875) can0 18FF09D1#01000C00C4A0DD
(1785791731.783777) can0 1CECFFF1#20120003FF19F000
(1785791731.784706) can0 1CEBFFF1#0127100000000000
(1785791731.785709) can0 1CEBFFF1#0200000000000000
(1785791731.786690) can0 1CEBFFF1#03BCE65C04FFFFFF
(1785791731.805192) can0 18FEF1F8#FF0000FFFFFFFFFF
(1785791731.806308) can0 18F005F8#7DFFFF7DFFFFFFFF
(1785791731.812687) can0 18F015F1#000003254A60495C
(1785791731.845870) can0 18FF09D1#01000C00C43CDD
(1785791731.883784) can0 1CECFFF1#20120003FF19F000
(1785791731.884713) can0 1CEBFFF1#0127100000000000
(1785791731.885721) can0 1CEBFFF1#0200000000000000
(1785791731.886700) can0 1CEBFFF1#03BCB2A305FFFFFF
(1785791731.905368) can0 18FEF1F8#FF0000FFFFFFFFFF
(1785791731.906507) can0 18F005F8#7DFFFF7DFFFFFFFF
(1785791731.912693) can0 18F015F1#000002F34A32494D
(1785791731.945910) can0 18FF09D1#01000C00C43CDD
(1785791731.983839) can0 1CECFFF1#20120003FF19F000
(1785791731.984709) can0 1CEBFFF1#0127100000000000
(1785791731.985724) can0 1CEBFFF1#0200000000000000
(1785791731.986703) can0 1CEBFFF1#03BC7EF605FFFFFF
(1785791732.007072) can0 18FEF1F8#FF0000FFFFFFFFFF
(1785791732.008454) can0 18F005F8#7DFFFF7DFFFFFFFF
(1785791732.013785) can0 18F015F1#000002BF4A224945
(1785791732.045937) can0 18FF09D1#01000C00C43CDD
(1785791732.084778) can0 1CECFFF1#20120003FF19F000
(1785791732.085702) can0 1CEBFFF1#0127100000000000
(1785791732.086714) can0 1CEBFFF1#0200000000000000
(1785791732.087695) can0 1CEBFFF1#03BC4BE1C5FFFFFF
(1785791732.105225) can0 18FEF1F8#FF0000FFFFFFFFFF
(1785791732.106343) can0 18F005F8#7DFFFF7DFFFFFFFF
(1785791732.113739) can0 18F015F1#0000028C4A2F4957
(1785791732.145928) can0 18FF09D1#01000C00C43CDD
(1785791732.146187) can0 18FF14D1#
(1785791732.184751) can0 1CECFFF1#20120003FF19F000
(1785791732.185715) can0 1CEBFFF1#0127100000000000
(1785791732.186724) can0 1CEBFFF1#0200000000000000
(1785791732.187697) can0 1CEBFFF1#03BC22CF05FFFFFF
(1785791732.205206) can0 18FEF1F8#FF0000FFFFFFFFFF
(1785791732.206400) can0 18F005F8#7DFFFF7DFFFFFFFF
(1785791732.213700) can0 18F015F1#000002634A454967
(1785791732.223641) can0 18F017F1#FD1022F57EF8
(1785791732.224101) can0 18F018F1#C664E8308869
(1785791732.245791) can0 18FF09D1#01000C00C43CDD
(1785791732.284788) can0 1CECFFF1#20120003FF19F000
(1785791732.285899) can0 1CEBFFF1#0127100000000000
(1785791732.286760) can0 1CEBFFF1#0200000000000000
(1785791732.287729) can0 1CEBFFF1#03BBF760C6FFFFFF
(1785791732.305371) can0 18FEF1F8#FF0000FFFFFFFFFF
(1785791732.306655) can0 18F005F8#7DFFFF7DFFFFFFFF
(1785791732.313715) can0 18F015F1#0000023B4A69496B
(1785791732.346064) can0 18FF09D1#01000C00C43CDD
(1785791732.384751) can0 1CECFFF1#20120003FF19F000
(1785791732.385706) can0 1CEBFFF1#0127100000000000
(1785791732.386717) can0 1CEBFFF1#0200000000000000
(1785791732.387683) can0 1CEBFFF1#03BBCCB387FFFFFF
(1785791732.405226) can0 18FEF1F8#FF0000FFFFFFFFFF
(1785791732.406369) can0 18F005F8#7DFFFF7DFFFFFFFF
(1785791732.413694) can0 18F015F1#0000020F4A8A495D
(1785791732.445884) can0 18FF09D1#01000C00C43CDD
(1785791732.484765) can0 1CECFFF1#20120003FF19F000
(1785791732.485715) can0 1CEBFFF1#0127100000000000
(1785791732.486718) can0 1CEBFFF1#0200000000000000
(1785791732.487699) can0 1CEBFFF1#03BBA09E87FFFFFF
(1785791732.505179) can0 18FEF1F8#FF0000FFFFFFFFFF
(1785791732.506339) can0 18F005F8#7DFFFF7DFFFFFFFF
(1785791732.513699) can0 18F015F1#000001DF4A99494C
(1785791732.545835) can0 18FF09D1#01000C00C43CDD
(1785791732.584755) can0 1CECFFF1#20120003FF19F000
(1785791732.585717) can0 1CEBFFF1#0127100000000000
(1785791732.586729) can0 1CEBFFF1#0200000000000000
(1785791732.587714) can0 1CEBFFF1#03BB71C247FFFFFF
(1785791732.605185) can0 18FEF1F8#FF0000FFFFFFFFFF
(1785791732.606327) can0 18F005F8#7DFFFF7DFFFFFFFF
(1785791732.613704) can0 18F015F1#000001B44AA3493D
(1785791732.646034) can0 18FF09D1#01000C00C43CDD
(1785791732.646625) can0 18FF14D1#
(1785791732.684882) can0 1CECFFF1#20120003FF19F000
(1785791732.685721) can0 1CEBFFF1#0127100000000000
(1785791732.686732) can0 1CEBFFF1#0200000000000000
(1785791732.687699) can0 1CEBFFF1#03BB4ED207FFFFFF
(1785791732.705222) can0 18FEF1F8#FF0000FFFFFFFFFF
(1785791732.706362) can0 18F005F8#7DFFFF7DFFFFFFFF
(1785791732.714704) can0 18F015F1#000001924A9E4948
(1785791732.745779) can0 18FF09D1#01000C00C43CDD
(1785791732.786051) can0 1CECFFF1#20120003FF19F000
(1785791732.786792) can0 1CEBFFF1#0127100000000000
(1785791732.787733) can0 1CEBFFF1#0200000000000000
(1785791732.788703) can0 1CEBFFF1#03BB2DFB47FFFFFF
(1785791732.805205) can0 18FEF1F8#FF0000FFFFFFFFFF
(1785791732.806353) can0 18F005F8#7DFFFF7DFFFFFFFF
(1785791732.814714) can0 18F015F1#0000016F4A964956
(1785791732.845796) can0 18FF09D1#01000C00C43CDD
(1785791732.885783) can0 1CECFFF1#20120003FF19F000
(1785791732.886727) can0 1CEBFFF1#0127100000000000
(1785791732.887738) can0 1CEBFFF1#0200000000000000
(1785791732.888717) can0 1CEBFFF1#03BB0AE107FFFFFF
(1785791732.905286) can0 18FEF1F8#FF0000FFFFFFFFFF
(1785791732.906426) can0 18F005F8#7DFFFF7DFFFFFFFF
(1785791732.914695) can0 18F015F1#0000014D4A8C4949
(1785791732.945807) can0 18FF09D1#01000C00C43CDD
(1785791732.985853) can0 1CECFFF1#20120003FF19F000
(1785791732.986734) can0 1CEBFFF1#0127100000000000
(1785791732.987740) can0 1CEBFFF1#0200000000000000
(1785791732.988725) can0 1CEBFFF1#03BAEAF907FFFFFF
(1785791733.005390) can0 18FEF1F8#FF0000FFFFFFFFFF
(1785791733.006736) can0 18F005F8#7DFFFF7DFFFFFFFF
(1785791733.015551) can0 18F015F1#000001374A724951
(1785791733.046036) can0 18FF09D1#01000C00C43CDD
(1785791733.085798) can0 1CECFFF1#20120003FF19F000
(1785791733.086716) can0 1CEBFFF1#0127100000000000
(1785791733.087724) can0 1CEBFFF1#0200000000000000
(1785791733.088698) can0 1CEBFFF1#03BAD12A46FFFFFF
(1785791733.105530) can0 18FEF1F8#FF0000FFFFFFFFFF
(1785791733.106673) can0 18F005F8#7DFFFF7DFFFFFFFF
(1785791733.115045) can0 18F015F1#0000011B4A67493A
(1785791733.145948) can0 18FF09D1#01000C00C43CDD
(1785791733.146228) can0 18FF14D1#
(1785791733.185754) can0 1CECFFF1#20120003FF19F000
(1785791733.186725) can0 1CEBFFF1#0127100000000000
(1785791733.187744) can0 1CEBFFF1#0200000000000000
(1785791733.188717) can0 1CEBFFF1#03BABB05C6FFFFFF
(1785791733.205201) can0 18FEF1F8#FF0000FFFFFFFFFF
(1785791733.206347) can0 18F005F8#7DFFFF7DFFFFFFFF
(1785791733.215700) can0 18F015F1#000001094A4D494B
(1785791733.224638) can0 18F017F1#FD1022F57EF8
(1785791733.225108) can0 18F018F1#C664E8308869
(1785791733.245789) can0 18FF09D1#01000C00C43CDD
(1785791733.285777) can0 1CECFFF1#20120003FF19F000
(1785791733.286726) can0 1CEBFFF1#0127100000000000
(1785791733.287756) can0 1CEBFFF1#0200000000000000
(1785791733.288719) can0 1CEBFFF1#03BAA30FC6FFFFFF
(1785791733.305427) can0 18FEF1F8#FF0000FFFFFFFFFF
(1785791733.306761) can0 18F005F8#7DFFFF7DFFFFFFFF
(1785791733.314800) can0 18F015F1#000000EC4A37496A
(1785791733.345954) can0 18FF09D1#01000C00C43CDD
(1785791733.385921) can0 1CECFFF1#20120003FF19F000
(1785791733.386749) can0 1CEBFFF1#0127100000000000
(1785791733.387767) can0 1CEBFFF1#0200000000000000
(1785791733.388699) can0 1CEBFFF1#03BA86D407FFFFFF
(1785791733.405471) can0 18FEF1F8#FF0000FFFFFFFFFF
(1785791733.406619) can0 18F005F8#7DFFFF7DFFFFFFFF
(1785791733.414692) can0 18F015F1#000000CA4A2E495A
(1785791733.445784) can0 18FF09D1#01000C00C488E1
(1785791733.485786) can0 1CECFFF1#20120003FF19F000
(1785791733.486730) can0 1CEBFFF1#0127100000000000
(1785791733.487743) can0 1CEBFFF1#0200000000000000
(1785791733.488711) can0 1CEBFFF1#03BA6A5906FFFFFF
(1785791733.505269) can0 18FEF1F8#FF0000FFFFFFFFFF
(1785791733.507073) can0 18F005F8#7DFFFF7DFFFFFFFF
(1785791733.514719) can0 18F015F1#000000B54A3F4936
(1785791733.545798) can0 18FF09D1#01000C00C488E1
(1785791733.586768) can0 1CECFFF1#20120003FF19F000
(1785791733.587739) can0 1CEBFFF1#0127100000000000
(1785791733.588744) can0 1CEBFFF1#0200000000000000
(1785791733.589712) can0 1CEBFFF1#03BA5788C7FFFFFF
(1785791733.605186) can0 18FEF1F8#FF0000FFFFFFFFFF
(1785791733.606369) can0 18F005F8#7DFFFF7DFFFFFFFF
(1785791733.615728) can0 18F015F1#0000009D4A5F4913
(1785791733.646047) can0 18FF09D1#01000C00C488E1
(1785791733.646607) can0 18FF14D1#
(1785791733.686816) can0 1CECFFF1#20120003FF19F000
(1785791733.687743) can0 1CEBFFF1#0127100000000000
(1785791733.688751) can0 1CEBFFF1#0200000000000000
(1785791733.689727) can0 1CEBFFF1#03BA4B41C6FFFFFF
(1785791733.706003) can0 18FEF1F8#FF0000FFFFFFFFFF
(1785791733.707264) can0 18F005F8#7DFFFF7DFFFFFFFF
(1785791733.716073) can0 18F015F1#000000954A7B492D
(1785791733.745776) can0 18FF09D1#01000C00C488E1
(1785791733.786788) can0 1CECFFF1#20120003FF19F000
(1785791733.787730) can0 1CEBFFF1#0127100000000000
(1785791733.788732) can0 1CEBFFF1#0200000000000000
(1785791733.789710) can0 1CEBFFF1#03BA4387C7FFFFFF
(1785791733.805195) can0 18FEF1F8#FF0000FFFFFFFFFF
(1785791733.806348) can0 18F005F8#7DFFFF7DFFFFFFFF
(1785791733.815752) can0 18F015F1#0000008E4A8A493A
(1785791733.845754) can0 18FF09D1#01000C00C488E1
(1785791733.886771) can0 1CECFFF1#20120003FF19F000
(1785791733.887728) can0 1CEBFFF1#0127100000000000
(1785791733.888733) can0 1CEBFFF1#0200000000000000
(1785791733.889705) can0 1CEBFFF1#03BA3A6506FFFFFF
(1785791733.905284) can0 18FEF1F8#FF0000FFFFFFFFFF
(1785791733.906479) can0 18F005F8#7DFFFF7DFFFFFFFF
(1785791733.915710) can0 18F015F1#000000864A894942
(1785791733.945753) can0 18FF09D1#01000C00C424E1
(1785791733.986830) can0 1CECFFF1#20120003FF19F000
(1785791733.987731) can0 1CEBFFF1#0127100000000000
(1785791733.988753) can0 1CEBFFF1#0200000000000000
(1785791733.989723) can0 1CEBFFF1#03BA34A187FFFFFF
(1785791734.007305) can0 18FEF1F8#FF0000FFFFFFFFFF
(1785791734.008690) can0 18F005F8#7DFFFF7DFFFFFFFF
(1785791734.016496) can0 18F015F1#0000007B4A7D4917
(1785791734.045983) can0 18FF09D1#01000C00C424E1
(1785791734.086782) can0 1CECFFF1#20120003FF19F000
(1785791734.087861) can0 1CEBFFF1#0127100000000000
(1785791734.088761) can0 1CEBFFF1#0200000000000000
(1785791734.089696) can0 1CEBFFF1#03BA286886FFFFFF
(1785791734.105202) can0 18FEF1F8#FF0000FFFFFFFFFF
(1785791734.106316) can0 18F005F8#7DFFFF7DFFFFFFFF
(1785791734.115797) can0 18F015F1#000000774A7E490B
(1785791734.145937) can0 18FF09D1#01000C00C424E1
(1785791734.146268) can0 18FF14D1#
(1785791734.187784) can0 1CECFFF1#20120003FF19F000
(1785791734.188735) can0 1CEBFFF1#0127100000000000
(1785791734.189738) can0 1CEBFFF1#0200000000000000
(1785791734.190709) can0 1CEBFFF1#03BA286886FFFFFF
(1785791734.205261) can0 18FEF1F8#FF0000FFFFFFFFFF
(1785791734.206422) can0 18F005F8#7DFFFF7DFFFFFFFF
(1785791734.216807) can0 18F015F1#000000754A8848E3
(1785791734.225666) can0 18F017F1#D8E83B4E7EDB
(1785791734.226095) can0 18F018F1#AF54F4FA8391
(1785791734.245783) can0 18FF09D1#01000C00C424E1
(1785791734.287740) can0 1CECFFF1#20120003FF19F000
(1785791734.288729) can0 1CEBFFF1#0127100000000000
(1785791734.289728) can0 1CEBFFF1#0200000000000000
(1785791734.290700) can0 1CEBFFF1#03BA246D86FFFFFF
(1785791734.305289) can0 18FEF1F8#FF0000FFFFFFFFFF
(1785791734.306518) can0 18F005F8#7DFFFF7DFFFFFFFF
(1785791734.316825) can0 18F015F1#000000744A8F48D9
(1785791734.345936) can0 18FF09D1#01000C00C424E1
(1785791734.387894) can0 1CECFFF1#20120003FF19F000
(1785791734.388752) can0 1CEBFFF1#0127100000000000
(1785791734.389735) can0 1CEBFFF1#0200000000000000
(1785791734.390715) can0 1CEBFFF1#03BA26AC07FFFFFF
(1785791734.405268) can0 18FEF1F8#FF0000FFFFFFFFFF
(1785791734.406680) can0 18F005F8#7DFFFF7DFFFFFFFF
(1785791734.416712) can0 18F015F1#000000764A8948E0
(1785791734.445784) can0 18FF09D1#01000C00C4E0E3
(1785791734.487778) can0 1CECFFF1#20120003FF19F000
(1785791734.488723) can0 1CEBFFF1#0127100000000000
(1785791734.489733) can0 1CEBFFF1#0200000000000000
(1785791734.490716) can0 1CEBFFF1#03BA29A847FFFFFF
(1785791734.505219) can0 18FEF1F8#FF0000FFFFFFFFFF
(1785791734.506366) can0 18F005F8#7DFFFF7DFFFFFFFF
(1785791734.516727) can0 18F015F1#0000007B4A8248F0
(1785791734.545847) can0 18FF09D1#01000C00C4E0E3
(1785791734.587767) can0 1CECFFF1#20120003FF19F000
(1785791734.588741) can0 1CEBFFF1#0127100000000000
(1785791734.589744) can0 1CEBFFF1#0200000000000000
(1785791734.590723) can0 1CEBFFF1#03BA306286FFFFFF
(1785791734.605181) can0 18FEF1F8#FF0000FFFFFFFFFF
(1785791734.606361) can0 18F005F8#7DFFFF7DFFFFFFFF
(1785791734.616722) can0 18F015F1#0000007E4A8048F0
(1785791734.645990) can0 18FF09D1#01000C00C4E0E3
(1785791734.646539) can0 18FF14D1#
(1785791734.687889) can0 1CECFFF1#20120003FF19F000
(1785791734.688731) can0 1CEBFFF1#0127100000000000
(1785791734.689728) can0 1CEBFFF1#0200000000000000
(1785791734.690707) can0 1CEBFFF1#03BA2FAAC7FFFFFF
(1785791734.705183) can0 18FEF1F8#FF0000FFFFFFFFFF
(1785791734.706299) can0 18F005F8#7DFFFF7DFFFFFFFF
(1785791734.717709) can0 18F015F1#0000007E4A8248EE
(1785791734.745751) can0 18FF09D1#01000C00C4E0E3
(1785791734.788057) can0 1CECFFF1#20120003FF19F000
(1785791734.788818) can0 1CEBFFF1#0127100000000000
(1785791734.789924) can0 1CEBFFF1#0200000000000000
(1785791734.790771) can0 1CEBFFF1#03BA37A0C7FFFFFF
(1785791734.805211) can0 18FEF1F8#FF0000FFFFFFFFFF
(1785791734.806332) can0 18F005F8#7DFFFF7DFFFFFFFF
(1785791734.816711) can0 18F015F1#000000894A7E48DE
(1785791734.845753) can0 18FF09D1#01000C00C4E0E3
(1785791734.887775) can0 1CECFFF1#20120003FF19F000
(1785791734.888725) can0 1CEBFFF1#0127100000000000
(1785791734.889736) can0 1CEBFFF1#0200000000000000
(1785791734.890708) can0 1CEBFFF1#03BA4B41C6FFFFFF
(1785791734.905276) can0 18FEF1F8#FF0000FFFFFFFFFF
(1785791734.906425) can0 18F005F8#7DFFFF7DFFFFFFFF
(1785791734.916731) can0 18F015F1#000000A34A7348DA
(1785791734.945726) can0 18FF09D1#01000C00C47CE3
(1785791734.988831) can0 1CECFFF1#20120003FF19F000
(1785791734.989736) can0 1CEBFFF1#0127100000000000
(1785791734.990741) can0 1CEBFFF1#0200000000000000
(1785791734.991712) can0 1CEBFFF1#03BA689887FFFFFF
(1785791735.005480) can0 18FEF1F8#FF0000FFFFFFFFFF
(1785791735.006833) can0 18F005F8#7DFFFF7DFFFFFFFF
(1785791735.017850) can0 18F015F1#000000BE4A6848D6
(1785791735.046062) can0 18FF09D1#01000C00C47CE3
(1785791735.088800) can0 1CECFFF1#20120003FF19F000
(1785791735.089734) can0 1CEBFFF1#0127100000000000
(1785791735.090751) can0 1CEBFFF1#0200000000000000
(1785791735.091709) can0 1CEBFFF1#03BA811646FFFFFF
(1785791735.105179) can0 18FEF1F8#FF0000FFFFFFFFFF
(1785791735.106290) can0 18F005F8#7DFFFF7DFFFFFFFF
(1785791735.117759) can0 18F015F1#000000D94A6348D8
(1785791735.145892) can0 18FF09D1#01000C00C47CE3
(1785791735.146270) can0 18FF14D1#
(1785791735.188754) can0 1CECFFF1#20120003FF19F000
(1785791735.189725) can0 1CEBFFF1#0127100000000000
(1785791735.190734) can0 1CEBFFF1#0200000000000000
(1785791735.191711) can0 1CEBFFF1#03BA9DDF47FFFFFF
(1785791735.205199) can0 18FEF1F8#FF0000FFFFFFFFFF
(1785791735.206315) can0 18F005F8#7DFFFF7DFFFFFFFF
(1785791735.217706) can0 18F015F1#000000F24A6548D4
(1785791735.227631) can0 18F017F1#D8E83B4E7EDB
(1785791735.228094) can0 18F018F1#AF54F4FA8391
(1785791735.245710) can0 18FF09D1#01000C00C47CE3
(1785791735.288804) can0 1CECFFF1#20120003FF19F000
(1785791735.289728) can0 1CEBFFF1#0127100000000000
(1785791735.290738) can0 1CEBFFF1#0200000000000000
(1785791735.291711) can0 1CEBFFF1#03BAB40186FFFFFF
(1785791735.306206) can0 18FEF1F8#FF0000FFFFFFFFFF
(1785791735.307427) can0 18F005F8#7DFFFF7DFFFFFFFF
(1785791735.317846) can0 18F015F1#0000010B4A6D48DE
(1785791735.345904) can0 18FF09D1#01000C00C47CE3
(1785791735.389008) can0 1CECFFF1#20120003FF19F000
(1785791735.389786) can0 1CEBFFF1#0127100000000000
(1785791735.390800) can0 1CEBFFF1#0200000000000000
(1785791735.391709) can0 1CEBFFF1#03BACF22C6FFFFFF
(1785791735.405328) can0 18FEF1F8#FF0000FFFFFFFFFF
(1785791735.406455) can0 18F005F8#7DFFFF7DFFFFFFFF
(1785791735.417718) can0 18F015F1#000001244A6C48DE
(1785791735.446814) can0 18FF09D1#01000C00C47CE3
(1785791735.488791) can0 1CECFFF1#20120003FF19F000
(1785791735.489738) can0 1CEBFFF1#0127100000000000
(1785791735.490741) can0 1CEBFFF1#0200000000000000
(1785791735.491720) can0 1CEBFFF1#03BAE83886FFFFFF
(1785791735.505325) can0 18FEF1F8#FF0000FFFFFFFFFF
(1785791735.506480) can0 18F005F8#7DFFFF7DFFFFFFFF
(1785791735.517741) can0 18F015F1#0000013F4A6B48EA
(1785791735.545786) can0 18FF09D1#01000C00C47CE3
(1785791735.588790) can0 1CECFFF1#20120003FF19F000
(1785791735.589736) can0 1CEBFFF1#0127100000000000
(1785791735.590755) can0 1CEBFFF1#0200000000000000
(1785791735.591724) can0 1CEBFFF1#03BB00E687FFFFFF
(1785791735.605225) can0 18FEF1F8#FF0000FFFFFFFFFF
(1785791735.606408) can0 18F005F8#7DFFFF7DFFFFFFFF
(1785791735.617737) can0 18F015F1#000001544A7048EE
(1785791735.645894) can0 18FF09D1#01000C00C47CE3
(1785791735.646292) can0 18FF14D1#
(1785791735.688914) can0 1CECFFF1#20120003FF19F000
(1785791735.689790) can0 1CEBFFF1#0127100000000000
(1785791735.690768) can0 1CEBFFF1#0200000000000000
(1785791735.691802) can0 1CEBFFF1#03BB17E8C7FFFFFF
(1785791735.705392) can0 18FEF1F8#FF0000FFFFFFFFFF
(1785791735.706976) can0 18F005F8#7DFFFF7DFFFFFFFF
(1785791735.718847) can0 18F015F1#0000016E4A7648FF
(1785791735.745764) can0 18FF09D1#01000C00C47CE3
(1785791735.789939) can0 1CECFFF1#20120003FF19F000
(1785791735.790743) can0 1CEBFFF1#0127100000000000
(1785791735.791741) can0 1CEBFFF1#0200000000000000
(1785791735.792718) can0 1CEBFFF1#03BB2BF9C7FFFFFF
(1785791735.805195) can0 18FEF1F8#FF0000FFFFFFFFFF
(1785791735.806402) can0 18F005F8#7DFFFF7DFFFFFFFF
(1785791735.818725) can0 18F015F1#000001804A7548EE
(1785791735.845697) can0 18FF09D1#01000C00C47CE3
(1785791735.889781) can0 1CECFFF1#20120003FF19F000
(1785791735.890738) can0 1CEBFFF1#0127100000000000
(1785791735.891746) can0 1CEBFFF1#0200000000000000
(1785791735.892729) can0 1CEBFFF1#03BB3E3606FFFFFF
(1785791735.905445) can0 18FEF1F8#FF0000FFFFFFFFFF
(1785791735.906636) can0 18F005F8#7DFFFF7DFFFFFFFF
(1785791735.918755) can0 18F015F1#000001924A7348EE
(1785791735.945715) can0 18FF09D1#01000C00C4D4E5
(1785791735.989866) can0 1CECFFF1#20120003FF19F000
(1785791735.990758) can0 1CEBFFF1#0127100000000000
(1785791735.991764) can0 1CEBFFF1#0200000000000000
(1785791735.992739) can0 1CEBFFF1#03BB2BF9C7FFFFFF
(1785791736.005591) can0 18FEF1F8#FF0000FFFFFFFFFF
(1785791736.007063) can0 18F005F8#7DFFFF7DFFFFFFFF
(1785791736.018821) can0 18F015F1#0000017E4A844821
(1785791736.046288) can0 18FF09D1#01000C00C4D4E5
(1785791736.089801) can0 1CECFFF1#20120003FF19F000
(1785791736.090804) can0 1CEBFFF1#0127100000000000
(1785791736.091853) can0 1CEBFFF1#0200000000000000
(1785791736.092768) can0 1CEBFFF1#03BB3AF507FFFFFF
(1785791736.105193) can0 18FEF1F8#FF0000FFFFFFFFFF
(1785791736.106302) can0 18F005F8#7DFFFF7DFFFFFFFF
(1785791736.118753) can0 18F015F1#0000018C4A914818
(1785791736.145788) can0 18FF09D1#01000C00C4D4E5
(1785791736.146065) can0 18FF14D1#
(1785791736.189762) can0 1CECFFF1#20120003FF19F000
(1785791736.190738) can0 1CEBFFF1#0127100000000000
(1785791736.191749) can0 1CEBFFF1#0200000000000000
(1785791736.192725) can0 1CEBFFF1#03BB42D707FFFFFF
(1785791736.205203) can0 18FEF1F8#FF0000FFFFFFFFFF
(1785791736.206348) can0 18F005F8#7DFFFF7DFFFFFFFF
(1785791736.219726) can0 18F015F1#000001954A93481D
(1785791736.228645) can0 18F017F1#D1D22259B5AE
(1785791736.229117) can0 18F018F1#BC93081D8505
(1785791736.245715) can0 18FF09D1#01000C00C4D4E5
(1785791736.289833) can0 1CECFFF1#20120003FF19F000
(1785791736.290748) can0 1CEBFFF1#0127100000000000
(1785791736.291777) can0 1CEBFFF1#0200000000000000
(1785791736.292749) can0 1CEBFFF1#03BB491046FFFFFF
(1785791736.305405) can0 18FEF1F8#FF0000FFFFFFFFFF
(1785791736.306674) can0 18F005F8#7DFFFF7DFFFFFFFF
(1785791736.318917) can0 18F015F1#000001994A94481F
(1785791736.345896) can0 18FF09D1#01000C00C4D4E5
(1785791736.389974) can0 1CECFFF1#20120003FF19F000
(1785791736.390806) can0 1CEBFFF1#0127100000000000
(1785791736.391777) can0 1CEBFFF1#0200000000000000
(1785791736.392817) can0 1CEBFFF1#03BB50DA87FFFFFF
(1785791736.405676) can0 18FEF1F8#FF0000FFFFFFFFFF
(1785791736.406880) can0 18F005F8#7DFFFF7DFFFFFFFF
(1785791736.418764) can0 18F015F1#0000019E4A894841
(1785791736.445700) can0 18FF09D1#01000C00C4D4E5
(1785791736.490818) can0 1CECFFF1#20120003FF19F000
(1785791736.491834) can0 1CEBFFF1#0127100000000000
(1785791736.492779) can0 1CEBFFF1#0200000000000000
(1785791736.493747) can0 1CEBFFF1#03BB4ED207FFFFFF
(1785791736.505204) can0 18FEF1F8#FF0000FFFFFFFFFF
(1785791736.506363) can0 18F005F8#7DFFFF7DFFFFFFFF
(1785791736.519738) can0 18F015F1#0000019C4A864847
(1785791736.545699) can0 18FF09D1#01000C00C4D4E5
(1785791736.590774) can0 1CECFFF1#20120003FF19F000
(1785791736.591752) can0 1CEBFFF1#0127100000000000
(1785791736.592773) can0 1CEBFFF1#0200000000000000
(1785791736.593746) can0 1CEBFFF1#03BB4BD1C7FFFFFF
(1785791736.605186) can0 18FEF1F8#FF0000FFFFFFFFFF
(1785791736.606325) can0 18F005F8#7DFFFF7DFFFFFFFF
(1785791736.619745) can0 18F015F1#000001984A81484B
(1785791736.645936) can0 18FF09D1#01000C00C4D4E5
(1785791736.646231) can0 18FF14D1#
(1785791736.690938) can0 1CECFFF1#20120003FF19F000
(1785791736.691808) can0 1CEBFFF1#0127100000000000
(1785791736.692812) can0 1CEBFFF1#0200000000000000
(1785791736.693759) can0 1CEBFFF1#03BB47D4C7FFFFFF
(1785791736.705692) can0 18FEF1F8#FF0000FFFFFFFFFF
(1785791736.706879) can0 18F005F8#7DFFFF7DFFFFFFFF
(1785791736.719744) can0 18F015F1#000001944A854844
(1785791736.745662) can0 18FF09D1#01000C00C4D4E5
(1785791736.790798) can0 1CECFFF1#20120003FF19F000
(1785791736.791737) can0 1CEBFFF1#0127100000000000
(1785791736.792744) can0 1CEBFFF1#0200000000000000
(1785791736.793818) can0 1CEBFFF1#03BB4317C6FFFFFF
(1785791736.805230) can0 18FEF1F8#FF0000FFFFFFFFFF
(1785791736.806362) can0 18F005F8#7DFFFF7DFFFFFFFF
(1785791736.819735) can0 18F015F1#000001904A854844
(1785791736.845667) can0 18FF09D1#01000C00C4D4E5
(1785791736.890787) can0 1CECFFF1#20120003FF19F000
(1785791736.891755) can0 1CEBFFF1#0127100000000000
(1785791736.892758) can0 1CEBFFF1#0200000000000000
(1785791736.893725) can0 1CEBFFF1#03BB3D3746FFFFFF
(1785791736.905512) can0 18FEF1F8#FF0000FFFFFFFFFF
(1785791736.906746) can0 18F005F8#7DFFFF7DFFFFFFFF
(1785791736.919750) can0 18F015F1#0000018B4A864841
(1785791736.945669) can0 18FF09D1#01000C00C4D4E5
(1785791736.990846) can0 1CECFFF1#20120003FF19F000
(1785791736.991769) can0 1CEBFFF1#0127100000000000
(1785791736.992767) can0 1CEBFFF1#0200000000000000
(1785791736.993745) can0 1CEBFFF1#03BB3AF507FFFFFF
(1785791737.005472) can0 18FEF1F8#FF0000FFFFFFFFFF
(1785791737.006773) can0 18F005F8#7DFFFF7DFFFFFFFF
(1785791737.019802) can0 18F015F1#000001884A86483E
(1785791737.045700) can0 18FF09D1#01000C00C4D4E5
(1785791737.090805) can0 1CECFFF1#20120003FF19F000
(1785791737.091748) can0 1CEBFFF1#0127100000000000
(1785791737.092750) can0 1CEBFFF1#0200000000000000
(1785791737.093756) can0 1CEBFFF1#03BB36F007FFFFFF
(1785791737.105183) can0 18FEF1F8#FF0000FFFFFFFFFF
(1785791737.106322) can0 18F005F8#7DFFFF7DFFFFFFFF
(1785791737.119748) can0 18F015F1#000001834A864841
(1785791737.145907) can0 18FF09D1#01000C00C4D4E5
(1785791737.146194) can0 18FF14D1#
(1785791737.146490) can0 18FF16D1#01000C0064
(1785791737.190775) can0 1CECFFF1#20120003FF19F000
(1785791737.191752) can0 1CEBFFF1#0127100000000000
(1785791737.192753) can0 1CEBFFF1#0200000000000000
(1785791737.193734) can0 1CEBFFF1#03BB2EFA07FFFFFF
(1785791737.205183) can0 18FEF1F8#FF0000FFFFFFFFFF
(1785791737.206321) can0 18F005F8#7DFFFF7DFFFFFFFF
(1785791737.220726) can0 18F015F1#0000017B4A774842
(1785791737.230648) can0 18F017F1#D1D22259B5AE
(1785791737.231108) can0 18F018F1#BC93081D8505
(1785791737.245648) can0 18FF09D1#01000C00C4D4E5
(1785791737.291785) can0 1CECFFF1#20120003FF19F000
(1785791737.292760) can0 1CEBFFF1#0127100000000000
(1785791737.293762) can0 1CEBFFF1#0200000000000000
(1785791737.294737) can0 1CEBFFF1#03BB28F887FFFFFF
(1785791737.305255) can0 18FEF1F8#FF0000FFFFFFFFFF
(1785791737.306442) can0 18F005F8#7DFFFF7DFFFFFFFF
(1785791737.320818) can0 18F015F1#000001764A744845
(1785791737.345871) can0 18FF09D1#01000C00C4D4E5
(1785791737.391854) can0 1CECFFF1#20120003FF19F000
(1785791737.392767) can0 1CEBFFF1#0127100000000000
(1785791737.393793) can0 1CEBFFF1#0200000000000000
(1785791737.394779) can0 1CEBFFF1#03BB24FD87FFFFFF
(1785791737.405529) can0 18FEF1F8#FF0000FFFFFFFFFF
(1785791737.406651) can0 18F005F8#7DFFFF7DFFFFFFFF
(1785791737.420726) can0 18F015F1#000001714A65484C
(1785791737.445621) can0 18FF09D1#01000C00C4D4E5
(1785791737.491819) can0 1CECFFF1#20120003FF19F000
(1785791737.492755) can0 1CEBFFF1#0127100000000000
(1785791737.493776) can0 1CEBFFF1#0200000000000000
(1785791737.494744) can0 1CEBFFF1#03BB1BEDC7FFFFFF
(1785791737.505278) can0 18FEF1F8#FF0000FFFFFFFFFF
(1785791737.506503) can0 18F005F8#7DFFFF7DFFFFFFFF
(1785791737.520762) can0 18F015F1#000001684A67484D
(1785791737.545690) can0 18FF09D1#01000C00C4D4E5
(1785791737.591787) can0 1CECFFF1#20120003FF19F000
(1785791737.592752) can0 1CEBFFF1#0127100000000000
(1785791737.593763) can0 1CEBFFF1#0200000000000000
(1785791737.594738) can0 1CEBFFF1#03BB152946FFFFFF
(1785791737.605198) can0 18FEF1F8#FF0000FFFFFFFFFF
(1785791737.606373) can0 18F005F8#7DFFFF7DFFFFFFFF
(1785791737.620741) can0 18F015F1#000001614A5D4850
(1785791737.645757) can0 18FF09D1#01000C00C4D4E5
(1785791737.646131) can0 18FF14D1#
(1785791737.691957) can0 1CECFFF1#20120003FF19F000
(1785791737.692767) can0 1CEBFFF1#0127100000000000
(1785791737.693835) can0 1CEBFFF1#0200000000000000
(1785791737.694765) can0 1CEBFFF1#03BB09E047FFFFFF
(1785791737.705444) can0 18FEF1F8#FF0000FFFFFFFFFF
(1785791737.706704) can0 18F005F8#7DFFFF7DFFFFFFFF
(1785791737.721813) can0 18F015F1#000001534A5F4852
(1785791737.745671) can0 18FF09D1#01000C00C4D4E5
(1785791737.791922) can0 1CECFFF1#20120003FF19F000
(1785791737.792766) can0 1CEBFFF1#0127100000000000
(1785791737.793764) can0 1CEBFFF1#0200000000000000
(1785791737.794731) can0 1CEBFFF1#03BAF93446FFFFFF
(1785791737.805310) can0 18FEF1F8#FF0000FFFFFFFFFF
(1785791737.806485) can0 18F005F8#7DFFFF7DFFFFFFFF
(1785791737.820996) can0 18F015F1#000001454A4D484D
(1785791737.845672) can0 18FF09D1#01000C00C4D4E5
(1785791737.892811) can0 1CECFFF1#20120003FF19F000
(1785791737.893758) can0 1CEBFFF1#0127100000000000
(1785791737.894767) can0 1CEBFFF1#0200000000000000
(1785791737.895784) can0 1CEBFFF1#03BAEFFAC7FFFFFF
(1785791737.905540) can0 18FEF1F8#FF0000FFFFFFFFFF
(1785791737.906800) can0 18F005F8#7DFFFF7DFFFFFFFF
(1785791737.920751) can0 18F015F1#0000013C4A4C484E
(1785791737.945623) can0 18FF09D1#01000C00C4D4E5
(1785791737.992831) can0 1CECFFF1#20120003FF19F000
(1785791737.993762) can0 1CEBFFF1#0127100000000000
(1785791737.994765) can0 1CEBFFF1#0200000000000000
(1785791737.995794) can0 1CEBFFF1#03BAE5FD47FFFFFF
(1785791738.005370) can0 18FEF1F8#FF0000FFFFFFFFFF
(1785791738.006670) can0 18F005F8#7DFFFF7DFFFFFFFF
(1785791738.021926) can0 18F015F1#0000012F4A40484A
(1785791738.046188) can0 18FF09D1#01000C00C4D4E5
(1785791738.092975) can0 1CECFFF1#20120003FF19F000
(1785791738.093761) can0 1CEBFFF1#0127100000000000
(1785791738.094755) can0 1CEBFFF1#0200000000000000
(1785791738.095769) can0 1CEBFFF1#03BAD22B06FFFFFF
(1785791738.105726) can0 18FEF1F8#FF0000FFFFFFFFFF
(1785791738.107082) can0 18F005F8#7DFFFF7DFFFFFFFF
(1785791738.121746) can0 18F015F1#0000011B4A454842
(1785791738.145773) can0 18FF09D1#01000C00C4D4E5
(1785791738.146068) can0 18FF14D1#
(1785791738.192800) can0 1CECFFF1#20120003FF19F000
(1785791738.193766) can0 1CEBFFF1#0127100000000000
(1785791738.194781) can0 1CEBFFF1#0200000000000000
(1785791738.195773) can0 1CEBFFF1#03BABFC6C7FFFFFF
(1785791738.205212) can0 18FEF1F8#FF0000FFFFFFFFFF
(1785791738.206357) can0 18F005F8#7DFFFF7DFFFFFFFF
(1785791738.221784) can0 18F015F1#000001094A394835
(1785791738.231717) can0 18F017F1#DC9D12CDA076
(1785791738.232115) can0 18F018F1#C61408D588F1
(1785791738.245617) can0 18FF09D1#01000C00C4D4E5
(1785791738.292790) can0 1CECFFF1#20120003FF19F000
(1785791738.293760) can0 1CEBFFF1#0127100000000000
(1785791738.294777) can0 1CEBFFF1#0200000000000000
(1785791738.295755) can0 1CEBFFF1#03BAABC9C7FFFFFF
(1785791738.305375) can0 18FEF1F8#FF0000FFFFFFFFFF
(1785791738.306776) can0 18F005F8#7DFFFF7DFFFFFFFF
(1785791738.321898) can0 18F015F1#000000F34A3F482A
(1785791738.345798) can0 18FF09D1#01000C00C4D4E5
(1785791738.392885) can0 1CECFFF1#20120003FF19F000
(1785791738.393757) can0 1CEBFFF1#0127100000000000
(1785791738.394759) can0 1CEBFFF1#0200000000000000
(1785791738.395758) can0 1CEBFFF1#03BA92DB07FFFFFF
(1785791738.405673) can0 18FEF1F8#FF0000FFFFFFFFFF
(1785791738.406883) can0 18F005F8#7DFFFF7DFFFFFFFF
(1785791738.421750) can0 18F015F1#000000DB4A17481F
(1785791738.492835) can0 1CECFFF1#20120003FF19F000
(1785791738.493767) can0 1CEBFFF1#0127100000000000
(1785791738.494785) can0 1CEBFFF1#0200000000000000
(1785791738.495785) can0 1CEBFFF1#03BA80D687FFFFFF
(1785791738.505263) can0 18FEF1F8#FF0000FFFFFFFFFF
(1785791738.506450) can0 18F005F8#7DFFFF7DFFFFFFFF
(1785791738.521800) can0 18F015F1#000000C94A1A481F
(1785791738.545688) can0 18FF09D1#01000C00C464E7
(1785791738.592841) can0 1CECFFF1#20120003FF19F000
(1785791738.593769) can0 1CEBFFF1#0127100000000000
(1785791738.594806) can0 1CEBFFF1#0200000000000000
(1785791738.595756) can0 1CEBFFF1#03BA6D9B47FFFFFF
(1785791738.605217) can0 18FEF1F8#FF0000FFFFFFFFFF
(1785791738.606425) can0 18F005F8#7DFFFF7DFFFFFFFF
(1785791738.622816) can0 18F015F1#000000B449F64825
(1785791738.645794) can0 18FF09D1#01000C00C464E7
(1785791738.646184) can0 18FF14D1#
(1785791738.692868) can0 1CECFFF1#20120003FF19F000
(1785791738.693764) can0 1CEBFFF1#0127100000000000
(1785791738.694780) can0 1CEBFFF1#0200000000000000
(1785791738.695776) can0 1CEBFFF1#03BA534BC6FFFFFF
(1785791738.705469) can0 18FEF1F8#FF0000FFFFFFFFFF
(1785791738.706706) can0 18F005F8#7DFFFF7DFFFFFFFF
(1785791738.722865) can0 18F015F1#0000009B49F54829
(1785791738.745617) can0 18FF09D1#01000C00C464E7
(1785791738.793802) can0 1CECFFF1#20120003FF19F000
(1785791738.794754) can0 1CEBFFF1#0127100000000000
(1785791738.795932) can0 1CEBFFF1#0200000000000000
(1785791738.796774) can0 1CEBFFF1#03BA3EA607FFFFFF
(1785791738.805276) can0 18FEF1F8#FF0000FFFFFFFFFF
(1785791738.806481) can0 18F005F8#7DFFFF7DFFFFFFFF
(1785791738.823037) can0 18F015F1#0000008848E74827
(1785791738.845631) can0 18FF09D1#01000C00C464E7
(1785791738.893816) can0 1CECFFF1#20120003FF19F000
(1785791738.894756) can0 1CEBFFF1#0127100000000000
(1785791738.895783) can0 1CEBFFF1#0200000000000000
(1785791738.896738) can0 1CEBFFF1#03BA2E6A06FFFFFF
(1785791738.905511) can0 18FEF1F8#FF0000FFFFFFFFFF
(1785791738.907416) can0 18F005F8#7DFFFF7DFFFFFFFF
(1785791738.922748) can0 18F015F1#0000007648E84828
(1785791738.945601) can0 18FF09D1#01000C00C464E7
(1785791738.993800) can0 1CECFFF1#20120003FF19F000
(1785791738.994762) can0 1CEBFFF1#0127100000000000
(1785791738.995788) can0 1CEBFFF1#0200000000000000
(1785791738.996742) can0 1CEBFFF1#03BA1778C6FFFFFF
(1785791739.005241) can0 18FEF1F8#FF0000FFFFFFFFFF
(1785791739.006410) can0 18F005F8#7DFFFF7DFFFFFFFF
(1785791739.022863) can0 18F015F1#0000006048F5482A
(1785791739.045697) can0 18FF09D1#01000C00C464E7
(1785791739.093907) can0 1CECFFF1#20120003FF19F000
(1785791739.094764) can0 1CEBFFF1#0127100000000000
(1785791739.095821) can0 1CEBFFF1#0200000000000000
(1785791739.096746) can0 1CEBFFF1#03BA01B647FFFFFF
(1785791739.105320) can0 18FEF1F8#FF0000FFFFFFFFFF
(1785791739.106500) can0 18F005F8#7DFFFF7DFFFFFFFF
(1785791739.122749) can0 18F015F1#0000004B48F34829
(1785791739.145881) can0 18FF09D1#01000C00C464E7
(1785791739.146271) can0 18FF14D1#
(1785791739.146593) can0 18FF16D1#01000C0064
(1785791739.193798) can0 1CECFFF1#20120003FF19F000
(1785791739.194757) can0 1CEBFFF1#0127100000000000
(1785791739.195778) can0 1CEBFFF1#0200000000000000
(1785791739.196758) can0 1CEBFFF1#03B9F0C286FFFFFF
(1785791739.205216) can0 18FEF1F8#FF0000FFFFFFFFFF
(1785791739.206366) can0 18F005F8#7DFFFF7DFFFFFFFF
(1785791739.223754) can0 18F015F1#0000003949094826
(1785791739.232668) can0 18F017F1#DC9D12CDA076
(1785791739.233126) can0 18F018F1#C61408D588F1
(1785791739.245590) can0 18FF09D1#01000C00C464E7
(1785791739.293792) can0 1CECFFF1#20120003FF19F000
(1785791739.294769) can0 1CEBFFF1#0127100000000000
(1785791739.295783) can0 1CEBFFF1#0200000000000000
(1785791739.296767) can0 1CEBFFF1#03B9DC1F87FFFFFF
(1785791739.305245) can0 18FEF1F8#FF0000FFFFFFFFFF
(1785791739.306511) can0 18F005F8#7DFFFF7DFFFFFFFF
(1785791739.322906) can0 18F015F1#0000002549094822
(1785791739.345728) can0 18FF09D1#01000C00C464E7
(1785791739.394861) can0 1CECFFF1#20120003FF19F000
(1785791739.395805) can0 1CEBFFF1#0127100000000000
(1785791739.396768) can0 1CEBFFF1#0200000000000000
(1785791739.397744) can0 1CEBFFF1#03B9C5D546FFFFFF
(1785791739.405320) can0 18FEF1F8#FF0000FFFFFFFFFF
(1785791739.406482) can0 18F005F8#7DFFFF7DFFFFFFFF
(1785791739.423766) can0 18F015F1#0000000E48F4481D
(1785791739.445565) can0 18FF09D1#01000C00C464E7
(1785791739.494825) can0 1CECFFF1#20120003FF19F000
(1785791739.495775) can0 1CEBFFF1#0127100000000000
(1785791739.496784) can0 1CEBFFF1#0200000000000000
(1785791739.497761) can0 1CEBFFF1#03B9B333C7FFFFFF
(1785791739.505281) can0 18FEF1F8#FF0000FFFFFFFFFF
(1785791739.506491) can0 18F005F8#7DFFFF7DFFFFFFFF
(1785791739.523758) can0 18F015F1#00008C9E48F1481E
(1785791739.545588) can0 18FF09D1#01000C00C464E7
(1785791739.594819) can0 1CECFFF1#20120003FF19F000
(1785791739.595783) can0 1CEBFFF1#0127100000000000
(1785791739.596809) can0 1CEBFFF1#0200000000000000
(1785791739.597766) can0 1CEBFFF1#0346458506FFFFFF
(1785791739.605207) can0 18FEF1F8#FF0000FFFFFFFFFF
(1785791739.606352) can0 18F005F8#7DFFFF7DFFFFFFFF
(1785791739.623761) can0 18F015F1#00008C9048E64822
(1785791739.645678) can0 18FF09D1#01000C00C464E7
(1785791739.645985) can0 18FF14D1#
(1785791739.695002) can0 1CECFFF1#20120003FF19F000
(1785791739.695806) can0 1CEBFFF1#0127100000000000
(1785791739.696784) can0 1CEBFFF1#0200000000000000
(1785791739.697761) can0 1CEBFFF1#034632A346FFFFFF
(1785791739.705954) can0 18FEF1F8#FF0000FFFFFFFFFF
(1785791739.707424) can0 18F005F8#7DFFFF7DFFFFFFFF
(1785791739.724865) can0 18F015F1#00008C7C48E4481F
(1785791739.745597) can0 18FF09D1#01000C00C464E7
(1785791739.794873) can0 1CECFFF1#20120003FF19F000
(1785791739.795798) can0 1CEBFFF1#0127100000000000
(1785791739.796832) can0 1CEBFFF1#0200000000000000
(1785791739.797800) can0 1CEBFFF1#03461FBE86FFFFFF
(1785791739.805387) can0 18FEF1F8#FF0000FFFFFFFFFF
(1785791739.807572) can0 18F005F8#7DFFFF7DFFFFFFFF
(1785791739.823771) can0 18F015F1#00008C6A48E24818
(1785791739.845575) can0 18FF09D1#01000C00C464E7
(1785791739.894816) can0 1CECFFF1#20120003FF19F000
(1785791739.895779) can0 1CEBFFF1#0127100000000000
(1785791739.896783) can0 1CEBFFF1#0200000000000000
(1785791739.897770) can0 1CEBFFF1#03460F7287FFFFFF
(1785791739.905258) can0 18FEF1F8#FF0000FFFFFFFFFF
(1785791739.906411) can0 18F005F8#7DFFFF7DFFFFFFFF
(1785791739.923792) can0 18F015F1#00008C5B48E34810
(1785791739.945573) can0 18FF09D1#01000C00C464E7
(1785791739.994961) can0 1CECFFF1#20120003FF19F000
(1785791739.995815) can0 1CEBFFF1#0127100000000000
(1785791739.996796) can0 1CEBFFF1#0200000000000000
(1785791739.997784) can0 1CEBFFF1#0345FFC687FFFFFF
(1785791740.005420) can0 18FEF1F8#FF0000FFFFFFFFFF
(1785791740.006875) can0 18F005F8#7DFFFF7DFFFFFFFF
(1785791740.023870) can0 18F015F1#00008C4B48E3480A
(1785791740.045819) can0 18FF09D1#01000C00C464E7
(1785791740.094960) can0 1CECFFF1#20120003FF19F000
(1785791740.095874) can0 1CEBFFF1#0127100000000000
(1785791740.096784) can0 1CEBFFF1#0200000000000000
(1785791740.097781) can0 1CEBFFF1#0345F0C2C7FFFFFF
(1785791740.105176) can0 18FEF1F8#FF0000FFFFFFFFFF
(1785791740.106346) can0 18F005F8#7DFFFF7DFFFFFFFF
(1785791740.123770) can0 18F015F1#00008C3C48E4480C
(1785791740.145697) can0 18FF09D1#01000C00C464E7
(1785791740.146055) can0 18FF14D1#
(1785791740.195808) can0 1CECFFF1#20120003FF19F000
(1785791740.196772) can0 1CEBFFF1#0127100000000000
(1785791740.197774) can0 1CEBFFF1#0200000000000000
(1785791740.198747) can0 1CEBFFF1#0345E2CF47FFFFFF
(1785791740.205190) can0 18FEF1F8#FF0000FFFFFFFFFF
(1785791740.206345) can0 18F005F8#7DFFFF7DFFFFFFFF
(1785791740.224764) can0 18F015F1#00008C2F48DA480E
(1785791740.234680) can0 18F017F1#F16A10ABA31F
(1785791740.235140) can0 18F018F1#E01907228CD8
(1785791740.245540) can0 18FF09D1#01000C00C464E7
(1785791740.295858) can0 1CECFFF1#20120003FF19F000
(1785791740.296773) can0 1CEBFFF1#0127100000000000
(1785791740.297781) can0 1CEBFFF1#0200000000000000
(1785791740.298761) can0 1CEBFFF1#0345D7D887FFFFFF
(1785791740.305184) can0 18FEF1F8#FF0000FFFFFFFFFF
(1785791740.306338) can0 18F005F8#7DFFFF7DFFFFFFFF
(1785791740.324892) can0 18F015F1#00008C2448DB4810
(1785791740.345663) can0 18FF09D1#01000C00C464E7
(1785791740.396012) can0 1CECFFF1#20120003FF19F000
(1785791740.396774) can0 1CEBFFF1#0127100000000000
(1785791740.397769) can0 1CEBFFF1#0200000000000000
(1785791740.398749) can0 1CEBFFF1#0345CD1306FFFFFF
(1785791740.405225) can0 18FEF1F8#FF0000FFFFFFFFFF
(1785791740.406352) can0 18F005F8#7DFFFF7DFFFFFFFF
(1785791740.424755) can0 18F015F1#00008C1A48D74814
(1785791740.445544) can0 18FF09D1#01000C00C464E7
(1785791740.496036) can0 1CECFFF1#20120003FF19F000
(1785791740.496789) can0 1CEBFFF1#0127100000000000
(1785791740.497787) can0 1CEBFFF1#0200000000000000
(1785791740.498751) can0 1CEBFFF1#0345C21746FFFFFF
(1785791740.505192) can0 18FEF1F8#FF0000FFFFFFFFFF
(1785791740.506329) can0 18F005F8#7DFFFF7DFFFFFFFF
(1785791740.524794) can0 18F015F1#00008C0E48D84813
(1785791740.545604) can0 18FF09D1#01000C00C464E7
(1785791740.595809) can0 1CECFFF1#20120003FF19F000
(1785791740.596777) can0 1CEBFFF1#0127100000000000
(1785791740.597783) can0 1CEBFFF1#0200000000000000
(1785791740.598758) can0 1CEBFFF1#0345B7F087FFFFFF
(1785791740.605186) can0 18FEF1F8#FF0000FFFFFFFFFF
(1785791740.606341) can0 18F005F8#7DFFFF7DFFFFFFFF
(1785791740.624769) can0 18F015F1#00008C0348D64810
(1785791740.646436) can0 18FF09D1#01000C00C464E7
(1785791740.646705) can0 18FF14D1#
(1785791740.696080) can0 1CECFFF1#20120003FF19F000
(1785791740.696799) can0 1CEBFFF1#0127100000000000
(1785791740.697857) can0 1CEBFFF1#0200000000000000
(1785791740.698815) can0 1CEBFFF1#0345AD3B06FFFFFF
(1785791740.705419) can0 18FEF1F8#FF0000FFFFFFFFFF
(1785791740.707067) can0 18F005F8#7DFFFF7DFFFFFFFF
(1785791740.726564) can0 18F015F1#00008BFA48D8480F
(1785791740.746167) can0 18FF09D1#01000C00C464E7
(1785791740.795968) can0 1CECFFF1#20120003FF19F000
(1785791740.796789) can0 1CEBFFF1#0127100000000000
(1785791740.797798) can0 1CEBFFF1#0200000000000000
(1785791740.798786) can0 1CEBFFF1#0345A43DC6FFFFFF
(1785791740.805621) can0 18FEF1F8#FF0000FFFFFFFFFF
(1785791740.807250) can0 18F005F8#7DFFFF7DFFFFFFFF
(1785791740.825241) can0 18F015F1#00008BF248E0480F
(1785791740.846001) can0 18FF09D1#01000C00C464E7
(1785791740.896927) can0 1CECFFF1#20120003FF19F000
(1785791740.897799) can0 1CEBFFF1#0127100000000000
(1785791740.898794) can0 1CEBFFF1#0200000000000000
(1785791740.899775) can0 1CEBFFF1#03459B2D86FFFFFF
(1785791740.905446) can0 18FEF1F8#FF0000FFFFFFFFFF
(1785791740.906646) can0 18F005F8#7DFFFF7DFFFFFFFF
(1785791740.925905) can0 18F015F1#00008BE948E0480E
(1785791740.945600) can0 18FF09D1#01000C00C464E7
(1785791740.996811) can0 1CECFFF1#20120003FF19F000
(1785791740.997777) can0 1CEBFFF1#0127100000000000
(1785791740.998781) can0 1CEBFFF1#0200000000000000
(1785791740.999765) can0 1CEBFFF1#034593EB87FFFFFF
(1785791741.005192) can0 18FEF1F8#FF0000FFFFFFFFFF
(1785791741.006309) can0 18F005F8#7DFFFF7DFFFFFFFF
(1785791741.025773) can0 18F015F1#00008BE048E0480C
(1785791741.045575) can0 18FF09D1#01000C00C464E7
(1785791741.097028) can0 1CECFFF1#20120003FF19F000
(1785791741.097850) can0 1CEBFFF1#0127100000000000
(1785791741.099008) can0 1CEBFFF1#0200000000000000
(1785791741.099898) can0 1CEBFFF1#03458BE187FFFFFF
(1785791741.105435) can0 18FEF1F8#FF0000FFFFFFFFFF
(1785791741.106767) can0 18F005F8#7DFFFF7DFFFFFFFF
(1785791741.125984) can0 18F015F1#00008BD948E1480C
(1785791741.145924) can0 18FF09D1#01000C00C464E7
(1785791741.146364) can0 18FF14D1#
(1785791741.146681) can0 18FF16D1#01000C0064
(1785791741.196829) can0 1CECFFF1#20120003FF19F000
(1785791741.197777) can0 1CEBFFF1#0127100000000000
(1785791741.198784) can0 1CEBFFF1#0200000000000000
(1785791741.199756) can0 1CEBFFF1#0345832786FFFFFF
(1785791741.205181) can0 18FEF1F8#FF0000FFFFFFFFFF
(1785791741.206331) can0 18F005F8#7DFFFF7DFFFFFFFF
(1785791741.225790) can0 18F015F1#00008BD048E1480E
(1785791741.235694) can0 18F017F1#F16A10ABA31F
(1785791741.236165) can0 18F018F1#E01907228CD8
(1785791741.245531) can0 18FF09D1#01000C00C464E7
(1785791741.296815) can0 1CECFFF1#20120003FF19F000
(1785791741.297786) can0 1CEBFFF1#0127100000000000
(1785791741.298803) can0 1CEBFFF1#0200000000000000
(1785791741.299788) can0 1CEBFFF1#0345796406FFFFFF
(1785791741.305181) can0 18FEF1F8#FF0000FFFFFFFFFF
(1785791741.306359) can0 18F005F8#7DFFFF7DFFFFFFFF
(1785791741.325776) can0 18F015F1#00008BC648E1480F
(1785791741.345536) can0 18FF09D1#01000C00C464E7
(1785791741.396969) can0 1CECFFF1#20120003FF19F000
(1785791741.397835) can0 1CEBFFF1#0127100000000000
(1785791741.398827) can0 1CEBFFF1#0200000000000000
(1785791741.399795) can0 1CEBFFF1#034571A207FFFFFF
(1785791741.405677) can0 18FEF1F8#FF0000FFFFFFFFFF
(1785791741.406944) can0 18F005F8#7DFFFF7DFFFFFFFF
(1785791741.425811) can0 18F015F1#00008BBF48E24813
(1785791741.445535) can0 18FF09D1#01000C00C464E7
(1785791741.496800) can0 1CECFFF1#20120003FF19F000
(1785791741.499318) can0 1CEBFFF1#0127100000000000
(1785791741.499605) can0 1CEBFFF1#0200000000000000
(1785791741.499883) can0 1CEBFFF1#03456868C6FFFFFF
(1785791741.505530) can0 18FEF1F8#FF0000FFFFFFFFFF
(1785791741.506732) can0 18F005F8#7DFFFF7DFFFFFFFF
(1785791741.525944) can0 18F015F1#00008BB648E14816
(1785791741.545563) can0 18FF09D1#01000C00C464E7
(1785791741.596827) can0 1CECFFF1#20120003FF19F000
(1785791741.597778) can0 1CEBFFF1#0127100000000000
(1785791741.598785) can0 1CEBFFF1#0200000000000000
(1785791741.599766) can0 1CEBFFF1#03455FBE87FFFFFF
(1785791741.605187) can0 18FEF1F8#FF0000FFFFFFFFFF
(1785791741.606379) can0 18F005F8#7DFFFF7DFFFFFFFF
(1785791741.625788) can0 18F015F1#00008BAC48E04817
(1785791741.645600) can0 18FF09D1#01000C00C464E7
(1785791741.645889) can0 18FF14D1#
(1785791741.697831) can0 1CECFFF1#20120003FF19F000
(1785791741.698785) can0 1CEBFFF1#0127100000000000
(1785791741.699792) can0 1CEBFFF1#0200000000000000
(1785791741.700770) can0 1CEBFFF1#034556B847FFFFFF
(1785791741.705172) can0 18FEF1F8#FF0000FFFFFFFFFF
(1785791741.706345) can0 18F005F8#7DFFFF7DFFFFFFFF
(1785791741.726878) can0 18F015F1#00008BA448DF4814
(1785791741.745617) can0 18FF09D1#01000C00C464E7
(1785791741.797857) can0 1CECFFF1#20120003FF19F000
(1785791741.798816) can0 1CEBFFF1#0127100000000000
(1785791741.799810) can0 1CEBFFF1#0200000000000000
(1785791741.800779) can0 1CEBFFF1#03454EB247FFFFFF
(1785791741.805253) can0 18FEF1F8#FF0000FFFFFFFFFF
(1785791741.806790) can0 18F005F8#7DFFFF7DFFFFFFFF
(1785791741.826782) can0 18F015F1#00008B9C48DD4813
(1785791741.845515) can0 18FF09D1#01000C00C464E7
(1785791741.897838) can0 1CECFFF1#20120003FF19F000
(1785791741.898789) can0 1CEBFFF1#0127100000000000
(1785791741.899795) can0 1CEBFFF1#0200000000000000
(1785791741.900774) can0 1CEBFFF1#0345457506FFFFFF
(1785791741.905272) can0 18FEF1F8#FF0000FFFFFFFFFF
(1785791741.906416) can0 18F005F8#7DFFFF7DFFFFFFFF
(1785791741.926809) can0 18F015F1#00008B9248D94811
(1785791741.945509) can0 18FF09D1#01000C00C464E7
(1785791741.997835) can0 1CECFFF1#20120003FF19F000
(1785791741.998786) can0 1CEBFFF1#0127100000000000
(1785791741.999791) can0 1CEBFFF1#0200000000000000
(1785791742.000773) can0 1CEBFFF1#03453C97C7FFFFFF
(1785791742.005315) can0 18FEF1F8#FF0000FFFFFFFFFF
(1785791742.006482) can0 18F005F8#7DFFFF7DFFFFFFFF
(1785791742.026848) can0 18F015F1#00008B8A48D9480F
(1785791742.045649) can0 18FF09D1#01000C00C438E6
(1785791742.097876) can0 1CECFFF1#20120003FF19F000
(1785791742.098809) can0 1CEBFFF1#0127100000000000
(1785791742.099865) can0 1CEBFFF1#0200000000000000
(1785791742.100861) can0 1CEBFFF1#03453451C6FFFFFF
(1785791742.106011) can0 18FEF1F8#FF0000FFFFFFFFFF
(1785791742.107398) can0 18F005F8#7DFFFF7DFFFFFFFF
(1785791742.126859) can0 18F015F1#00008B8248D7480F
(1785791742.145600) can0 18FF09D1#01000C00C438E6
(1785791742.145889) can0 18FF14D1#
(1785791742.197835) can0 1CECFFF1#20120003FF19F000
(1785791742.198780) can0 1CEBFFF1#0127100000000000
(1785791742.199804) can0 1CEBFFF1#0200000000000000
(1785791742.200791) can0 1CEBFFF1#03452D9B07FFFFFF
(1785791742.205196) can0 18FEF1F8#FF0000FFFFFFFFFF
(1785791742.206339) can0 18F005F8#7DFFFF7DFFFFFFFF
(1785791742.227784) can0 18F015F1#00008B7A48D8480F
(1785791742.236711) can0 18F017F1#F44610329BFA
(1785791742.237152) can0 18F018F1#E8A8076E90F1
(1785791742.245484) can0 18FF09D1#01000C00C438E6
(1785791742.298815) can0 1CECFFF1#20120003FF19F000
(1785791742.299782) can0 1CEBFFF1#0127100000000000
(1785791742.300791) can0 1CEBFFF1#0200000000000000
(1785791742.301763) can0 1CEBFFF1#0345255D06FFFFFF
(1785791742.305164) can0 18FEF1F8#FF0000FFFFFFFFFF
(1785791742.306336) can0 18F005F8#7DFFFF7DFFFFFFFF
(1785791742.327785) can0 18F015F1#00008B7348D5480F
(1785791742.345500) can0 18FF09D1#01000C00C438E6
(1785791742.397981) can0 1CECFFF1#20120003FF19F000
(1785791742.398848) can0 1CEBFFF1#0127100000000000
(1785791742.399842) can0 1CEBFFF1#0200000000000000
(1785791742.400795) can0 1CEBFFF1#03451E8E47FFFFFF
(1785791742.408133) can0 18FEF1F8#FF0000FFFFFFFFFF
(1785791742.409409) can0 18F005F8#7DFFFF7DFFFFFFFF
(1785791742.427816) can0 18F015F1#00008B6C48D7480D
(1785791742.445508) can0 18FF09D1#01000C00C438E6
(1785791742.498824) can0 1CECFFF1#20120003FF19F000
(1785791742.499785) can0 1CEBFFF1#0127100000000000
(1785791742.500788) can0 1CEBFFF1#0200000000000000
(1785791742.501767) can0 1CEBFFF1#0345188CC7FFFFFF
(1785791742.505160) can0 18FEF1F8#FF0000FFFFFFFFFF
(1785791742.506617) can0 18F005F8#7DFFFF7DFFFFFFFF
(1785791742.527818) can0 18F015F1#00008B6748D5480E
(1785791742.545519) can0 18FF09D1#01000C00C438E6
(1785791742.598827) can0 1CECFFF1#20120003FF19F000
(1785791742.599792) can0 1CEBFFF1#0127100000000000
(1785791742.600803) can0 1CEBFFF1#0200000000000000
(1785791742.601783) can0 1CEBFFF1#0345128B47FFFFFF
(1785791742.605187) can0 18FEF1F8#FF0000FFFFFFFFFF
(1785791742.606307) can0 18F005F8#7DFFFF7DFFFFFFFF
(1785791742.627788) can0 18F015F1#00008B6148D6480E
(1785791742.645617) can0 18FF09D1#01000C00C438E6
(1785791742.645898) can0 18FF14D1#
(1785791742.698942) can0 1CECFFF1#20120003FF19F000
(1785791742.699807) can0 1CEBFFF1#0127100000000000
(1785791742.700815) can0 1CEBFFF1#0200000000000000
(1785791742.701788) can0 1CEBFFF1#03450E4246FFFFFF
(1785791742.705329) can0 18FEF1F8#FF0000FFFFFFFFFF
(1785791742.706620) can0 18F005F8#7DFFFF7DFFFFFFFF
(1785791742.727957) can0 18F015F1#00008B5D48D5480F
(1785791742.745672) can0 18FF09D1#01000C00C438E6
(1785791742.798834) can0 1CECFFF1#20120003FF19F000
(1785791742.799782) can0 1CEBFFF1#0127100000000000
(1785791742.800791) can0 1CEBFFF1#0200000000000000
(1785791742.801770) can0 1CEBFFF1#03450A8147FFFFFF
(1785791742.805297) can0 18FEF1F8#FF0000FFFFFFFFFF
(1785791742.806458) can0 18F005F8#7DFFFF7DFFFFFFFF
(1785791742.827918) can0 18F015F1#00008B5948D34810
(1785791742.845696) can0 18FF09D1#01000C00C438E6
(1785791742.898842) can0 1CECFFF1#20120003FF19F000
(1785791742.899791) can0 1CEBFFF1#0127100000000000
(1785791742.900798) can0 1CEBFFF1#0200000000000000
(1785791742.901771) can0 1CEBFFF1#0345068447FFFFFF
(1785791742.905471) can0 18FEF1F8#FF0000FFFFFFFFFF
(1785791742.906642) can0 18F005F8#7DFFFF7DFFFFFFFF
(1785791742.927807) can0 18F015F1#00008B5548D24811
(1785791742.945539) can0 18FF09D1#01000C00C438E6
(1785791742.998869) can0 1CECFFF1#20120003FF19F000
(1785791742.999806) can0 1CEBFFF1#0127100000000000
(1785791743.000812) can0 1CEBFFF1#0200000000000000
(1785791743.001786) can0 1CEBFFF1#0345024746FFFFFF
(1785791743.005280) can0 18FEF1F8#FF0000FFFFFFFFFF
(1785791743.006499) can0 18F005F8#7DFFFF7DFFFFFFFF
(1785791743.027826) can0 18F015F1#00008B5248D04811
(1785791743.045655) can0 18FF09D1#01000C00C438E6
(1785791743.099911) can0 1CECFFF1#20120003FF19F000
(1785791743.100798) can0 1CEBFFF1#0127100000000000
(1785791743.101804) can0 1CEBFFF1#0200000000000000
(1785791743.102784) can0 1CEBFFF1#03450086C7FFFFFF
(1785791743.105269) can0 18FEF1F8#FF0000FFFFFFFFFF
(1785791743.106437) can0 18F005F8#7DFFFF7DFFFFFFFF
(1785791743.128855) can0 18F015F1#00008B4F48CF4811
(1785791743.145867) can0 18FF09D1#01000C00C438E6
(1785791743.146592) can0 18FF14D1#
(1785791743.200041) can0 1CECFFF1#20120003FF19F000
(1785791743.200907) can0 1CEBFFF1#0127100000000000
(1785791743.201813) can0 1CEBFFF1#0200000000000000
(1785791743.202791) can0 1CEBFFF1#0344FD9707FFFFFF
(1785791743.205195) can0 18FEF1F8#FF0000FFFFFFFFFF
(1785791743.206332) can0 18F005F8#7DFFFF7DFFFFFFFF
(1785791743.228804) can0 18F015F1#00008B4C48CC4810
(1785791743.238703) can0 18F017F1#F44610329BFA
(1785791743.239157) can0 18F018F1#E8A8076E90F1
(1785791743.245458) can0 18FF09D1#01000C00C438E6
(1785791743.299854) can0 1CECFFF1#20120003FF19F000
(1785791743.300805) can0 1CEBFFF1#0127100000000000
(1785791743.301799) can0 1CEBFFF1#0200000000000000
(1785791743.302773) can0 1CEBFFF1#0344FB9587FFFFFF
(1785791743.305162) can0 18FEF1F8#FF0000FFFFFFFFFF
(1785791743.306291) can0 18F005F8#7DFFFF7DFFFFFFFF
(1785791743.328789) can0 18F015F1#00008B4B48CC4810
(1785791743.345482) can0 18FF09D1#01000C00C438E6
(1785791743.399916) can0 1CECFFF1#20120003FF19F000
(1785791743.400804) can0 1CEBFFF1#0127100000000000
(1785791743.401814) can0 1CEBFFF1#0200000000000000
(1785791743.402788) can0 1CEBFFF1#0344FA5546FFFFFF
(1785791743.405537) can0 18FEF1F8#FF0000FFFFFFFFFF
(1785791743.406682) can0 18F005F8#7DFFFF7DFFFFFFFF
(1785791743.428843) can0 18F015F1#00008B4A48CB480F
(1785791743.445547) can0 18FF09D1#01000C00C438E6
(1785791743.500106) can0 1CECFFF1#20120003FF19F000
(1785791743.500800) can0 1CEBFFF1#0127100000000000
(1785791743.501815) can0 1CEBFFF1#0200000000000000
(1785791743.502806) can0 1CEBFFF1#0344FA5546FFFFFF
(1785791743.505283) can0 18FEF1F8#FF0000FFFFFFFFFF
(1785791743.506618) can0 18F005F8#7DFFFF7DFFFFFFFF
(1785791743.529039) can0 18F015F1#00008B4A48CC480F
(1785791743.545502) can0 18FF09D1#01000C00C438E6
(1785791743.599866) can0 1CECFFF1#20120003FF19F000
(1785791743.600795) can0 1CEBFFF1#0127100000000000
(1785791743.601813) can0 1CEBFFF1#0200000000000000
(1785791743.602795) can0 1CEBFFF1#0344FA5546FFFFFF
(1785791743.605202) can0 18FEF1F8#FF0000FFFFFFFFFF
(1785791743.606388) can0 18F005F8#7DFFFF7DFFFFFFFF
(1785791743.628779) can0 18F015F1#00008B4A48CE480F
(1785791743.645532) can0 18FF09D1#01000C00C438E6
(1785791743.645802) can0 18FF14D1#
(1785791743.699854) can0 1CECFFF1#20120003FF19F000
(1785791743.700796) can0 1CEBFFF1#0127100000000000
(1785791743.701809) can0 1CEBFFF1#0200000000000000
(1785791743.702788) can0 1CEBFFF1#0344FA5546FFFFFF
(1785791743.705189) can0 18FEF1F8#FF0000FFFFFFFFFF
(1785791743.706335) can0 18F005F8#7DFFFF7DFFFFFFFF
(1785791743.729963) can0 18F015F1#00008B4A48CF480F
(1785791743.745479) can0 18FF09D1#01000C00C438E6
(1785791743.799888) can0 1CECFFF1#20120003FF19F000
(1785791743.810349) can0 1CEBFFF1#0127100000000000
(1785791743.810594) can0 1CEBFFF1#0200000000000000
(1785791743.811186) can0 1CEBFFF1#0344FA5546FFFFFF
(1785791743.812542) can0 18FEF1F8#FF0000FFFFFFFFFF
(1785791743.814111) can0 18F005F8#7DFFFF7DFFFFFFFF
(1785791743.828872) can0 18F015F1#00008B4A48CF4810
(1785791743.845441) can0 18FF09D1#01000C00C438E6
(1785791743.900885) can0 1CECFFF1#20120003FF19F000
(1785791743.901810) can0 1CEBFFF1#0127100000000000
(1785791743.902818) can0 1CEBFFF1#0200000000000000
(1785791743.903803) can0 1CEBFFF1#0344FA5546FFFFFF
(1785791743.905230) can0 18FEF1F8#FF0000FFFFFFFFFF
(1785791743.906389) can0 18F005F8#7DFFFF7DFFFFFFFF
(1785791743.929829) can0 18F015F1#00008B4B48CE480F
(1785791743.945448) can0 18FF09D1#01000C00C438E6
(1785791744.000839) can0 1CECFFF1#20120003FF19F000
(1785791744.002126) can0 1CEBFFF1#0127100000000000
(1785791744.002831) can0 1CEBFFF1#0200000000000000
(1785791744.003795) can0 1CEBFFF1#0344FB9587FFFFFF
(1785791744.005241) can0 18FEF1F8#FF0000FFFFFFFFFF
(1785791744.006429) can0 18F005F8#7DFFFF7DFFFFFFFF
(1785791744.029866) can0 18F015F1#00008B4B48D0480F
(1785791744.045554) can0 18FF09D1#01000C00C438E6
(1785791744.101262) can0 1CECFFF1#20120003FF19F000
(1785791744.101982) can0 1CEBFFF1#0127100000000000
(1785791744.102820) can0 1CEBFFF1#0200000000000000
(1785791744.103796) can0 1CEBFFF1#0344FB9587FFFFFF
(1785791744.105344) can0 18FEF1F8#FF0000FFFFFFFFFF
(1785791744.106565) can0 18F005F8#7DFFFF7DFFFFFFFF
(1785791744.129931) can0 18F015F1#00008B4B48CF4810
(1785791744.145592) can0 18FF09D1#01000C00C438E6
(1785791744.145996) can0 18FF14D1#
(1785791744.200865) can0 1CECFFF1#20120003FF19F000
(1785791744.201799) can0 1CEBFFF1#0127100000000000
(1785791744.202828) can0 1CEBFFF1#0200000000000000
(1785791744.203794) can0 1CEBFFF1#0344FC57C6FFFFFF
(1785791744.205173) can0 18FEF1F8#FF0000FFFFFFFFFF
(1785791744.206285) can0 18F005F8#7DFFFF7DFFFFFFFF
(1785791744.230803) can0 18F015F1#00008B4C48CF4810
(1785791744.239715) can0 18F017F1#F8070F219A36
(1785791744.240177) can0 18F018F1#EB55085F8FEE
(1785791744.245425) can0 18FF09D1#01000C00C438E6
(1785791744.300837) can0 1CECFFF1#20120003FF19F000
(1785791744.301808) can0 1CEBFFF1#0127100000000000
(1785791744.302816) can0 1CEBFFF1#0200000000000000
(1785791744.303798) can0 1CEBFFF1#0344FC57C6FFFFFF
(1785791744.305180) can0 18FEF1F8#FF0000FFFFFFFFFF
(1785791744.306320) can0 18F005F8#7DFFFF7DFFFFFFFF
(1785791744.329798) can0 18F015F1#00008B4C48CF480F
(1785791744.345443) can0 18FF09D1#01000C00C438E6
(1785791744.400926) can0 1CECFFF1#20120003FF19F000
(1785791744.401845) can0 1CEBFFF1#0127100000000000
(1785791744.402889) can0 1CEBFFF1#0200000000000000
(1785791744.403863) can0 1CEBFFF1#0344FC57C6FFFFFF
(1785791744.405354) can0 18FEF1F8#FF0000FFFFFFFFFF
(1785791744.406575) can0 18F005F8#7DFFFF7DFFFFFFFF
(1785791744.429928) can0 18F015F1#00008B4C48D04810
(1785791744.445520) can0 18FF09D1#01000C00C438E6
(1785791744.500822) can0 1CECFFF1#20120003FF19F000
(1785791744.501802) can0 1CEBFFF1#0127100000000000
(1785791744.502812) can0 1CEBFFF1#0200000000000000
(1785791744.503796) can0 1CEBFFF1#0344FD9707FFFFFF
(1785791744.505168) can0 18FEF1F8#FF0000FFFFFFFFFF
(1785791744.506293) can0 18F005F8#7DFFFF7DFFFFFFFF
(1785791744.529876) can0 18F015F1#00008B4D48D04810
(1785791744.600871) can0 1CECFFF1#20120003FF19F000
(1785791744.601815) can0 1CEBFFF1#0127100000000000
(1785791744.602825) can0 1CEBFFF1#0200000000000000
(1785791744.603801) can0 1CEBFFF1#0344FD9707FFFFFF
(1785791744.605178) can0 18FEF1F8#FF0000FFFFFFFFFF
(1785791744.606338) can0 18F005F8#7DFFFF7DFFFFFFFF
(1785791744.629805) can0 18F015F1#00008B4D48D0480F
(1785791744.645521) can0 18FF09D1#01000C00C4C8E7
(1785791744.645794) can0 18FF14D1#
(1785791744.701904) can0 1CECFFF1#20120003FF19F000
(1785791744.702823) can0 1CEBFFF1#0127100000000000
(1785791744.703820) can0 1CEBFFF1#0200000000000000
(1785791744.704799) can0 1CEBFFF1#0344FD9707FFFFFF
(1785791744.705362) can0 18FEF1F8#FF0000FFFFFFFFFF
(1785791744.706505) can0 18F005F8#7DFFFF7DFFFFFFFF
(1785791744.730847) can0 18F015F1#00008B4D48D0480F
(1785791744.745558) can0 18FF09D1#01000C00C4C8E7
(1785791744.801972) can0 1CECFFF1#20120003FF19F000
(1785791744.802820) can0 1CEBFFF1#0127100000000000
(1785791744.803829) can0 1CEBFFF1#0200000000000000
(1785791744.804867) can0 1CEBFFF1#0344FD9707FFFFFF
(1785791744.805362) can0 18FEF1F8#FF0000FFFFFFFFFF
(1785791744.806990) can0 18F005F8#7DFFFF7DFFFFFFFF
(1785791744.830810) can0 18F015F1#00008B4E48D04810
(1785791744.845448) can0 18FF09D1#01000C00C4C8E7
(1785791744.901875) can0 1CECFFF1#20120003FF19F000
(1785791744.902803) can0 1CEBFFF1#0127100000000000
(1785791744.904044) can0 1CEBFFF1#0200000000000000
(1785791744.906025) can0 1CEBFFF1#0344FE9647FFFFFF
(1785791744.907356) can0 18FEF1F8#FF0000FFFFFFFFFF
(1785791744.908520) can0 18F005F8#7DFFFF7DFFFFFFFF
(1785791744.930827) can0 18F015F1#00008B4F48D04810
(1785791744.945415) can0 18FF09D1#01000C00C4C8E7
(1785791745.001863) can0 1CECFFF1#20120003FF19F000
(1785791745.002814) can0 1CEBFFF1#0127100000000000
(1785791745.003831) can0 1CEBFFF1#0200000000000000
(1785791745.004795) can0 1CEBFFF1#0344FF5686FFFFFF
(1785791745.005353) can0 18FEF1F8#FF0000FFFFFFFFFF
(1785791745.006522) can0 18F005F8#7DFFFF7DFFFFFFFF
(1785791745.032047) can0 18F015F1#00008B4F48D04811
(1785791745.045549) can0 18FF09D1#01000C00C4C8E7
(1785791745.102121) can0 1CECFFF1#20120003FF19F000
(1785791745.102836) can0 1CEBFFF1#0127100000000000
(1785791745.103900) can0 1CEBFFF1#0200000000000000
(1785791745.105090) can0 1CEBFFF1#0344FF5686FFFFFF
(1785791745.105547) can0 18FEF1F8#FF0000FFFFFFFFFF
(1785791745.106750) can0 18F005F8#7DFFFF7DFFFFFFFF
(1785791745.131382) can0 18F015F1#00008B4F48D04811
(1785791745.145564) can0 18FF09D1#01000C00C4C8E7
(1785791745.146023) can0 18FF14D1#
(1785791745.201910) can0 1CECFFF1#20120003FF19F000
(1785791745.202807) can0 1CEBFFF1#0127100000000000
(1785791745.203818) can0 1CEBFFF1#0200000000000000
(1785791745.204805) can0 1CEBFFF1#0344FE9647FFFFFF
(1785791745.205349) can0 18FEF1F8#FF0000FFFFFFFFFF
(1785791745.206698) can0 18F005F8#7DFFFF7DFFFFFFFF
(1785791745.231853) can0 18F015F1#00008B4F48D04810
(1785791745.240763) can0 18F017F1#F8070F219A36
(1785791745.241194) can0 18F018F1#EB55085F8FEE
(1785791745.245456) can0 18FF09D1#01000C00C4C8E7
(1785791745.301886) can0 1CECFFF1#20120003FF19F000
(1785791745.302798) can0 1CEBFFF1#0127100000000000
(1785791745.303813) can0 1CEBFFF1#0200000000000000
(1785791745.304795) can0 1CEBFFF1#0344FE9647FFFFFF
(1785791745.305349) can0 18FEF1F8#FF0000FFFFFFFFFF
(1785791745.306497) can0 18F005F8#7DFFFF7DFFFFFFFF
(1785791745.330882) can0 18F015F1#00008B4E48D04811
(1785791745.345430) can0 18FF09D1#01000C00C4C8E7
(1785791745.402921) can0 1CECFFF1#20120003FF19F000
(1785791745.404070) can0 1CEBFFF1#0127100000000000
(1785791745.405110) can0 1CEBFFF1#0200000000000000
(1785791745.405595) can0 18FEF1F8#FF0000FFFFFFFFFF
(1785791745.406307) can0 1CEBFFF1#0344FE9647FFFFFF
(1785791745.406789) can0 18F005F8#7DFFFF7DFFFFFFFF
(1785791745.431899) can0 18F015F1#00008B4E48D14812
(1785791745.445539) can0 18FF09D1#01000C00C4C8E7
(1785791745.502996) can0 1CECFFF1#20120003FF19F000
(1785791745.503864) can0 1CEBFFF1#0127100000000000
(1785791745.504847) can0 1CEBFFF1#0200000000000000
(1785791745.505392) can0 18FEF1F8#FF0000FFFFFFFFFF
(1785791745.506114) can0 1CEBFFF1#0344FE9647FFFFFF
(1785791745.506606) can0 18F005F8#7DFFFF7DFFFFFFFF
(1785791745.531994) can0 18F015F1#00008B4E48D04811
(1785791745.545473) can0 18FF09D1#01000C00C4C8E7
(1785791745.602866) can0 1CECFFF1#20120003FF19F000
(1785791745.603808) can0 1CEBFFF1#0127100000000000
(1785791745.604816) can0 1CEBFFF1#0200000000000000
(1785791745.605373) can0 18FEF1F8#FF0000FFFFFFFFFF
(1785791745.606048) can0 1CEBFFF1#0344FE9647FFFFFF
(1785791745.606537) can0 18F005F8#7DFFFF7DFFFFFFFF
(1785791745.631818) can0 18F015F1#00008B4E48D14812
(1785791745.645469) can0 18FF09D1#01000C00C4C8E7
(1785791745.645790) can0 18FF14D1#
(1785791745.702899) can0 1CECFFF1#20120003FF19F000
(1785791745.703815) can0 1CEBFFF1#0127100000000000
(1785791745.704827) can0 1CEBFFF1#0200000000000000
(1785791745.705384) can0 18FEF1F8#FF0000FFFFFFFFFF
(1785791745.706054) can0 1CEBFFF1#0344FE9647FFFFFF
(1785791745.706534) can0 18F005F8#7DFFFF7DFFFFFFFF
(1785791745.732949) can0 18F015F1#00008B4E48D14812
(1785791745.745426) can0 18FF09D1#01000C00C4C8E7
(1785791745.802914) can0 1CECFFF1#20120003FF19F000
(1785791745.803819) can0 1CEBFFF1#0127100000000000
(1785791745.805067) can0 1CEBFFF1#0200000000000000
(1785791745.805539) can0 18FEF1F8#FF0000FFFFFFFFFF
(1785791745.806345) can0 1CEBFFF1#0344FE9647FFFFFF
(1785791745.806826) can0 18F005F8#7DFFFF7DFFFFFFFF
(1785791745.831817) can0 18F015F1#00008B4E48D14811
(1785791745.845385) can0 18FF09D1#01000C00C4C8E7
(1785791745.902885) can0 1CECFFF1#20120003FF19F000
(1785791745.904075) can0 1CEBFFF1#0127100000000000
(1785791745.904842) can0 1CEBFFF1#0200000000000000
(1785791745.905379) can0 18FEF1F8#FF0000FFFFFFFFFF
(1785791745.906083) can0 1CEBFFF1#0344FE9647FFFFFF
(1785791745.906572) can0 18F005F8#7DFFFF7DFFFFFFFF
(1785791745.931834) can0 18F015F1#00008B4E48D14812
(1785791745.945405) can0 18FF09D1#01000C00C4C8E7
(1785791746.003926) can0 1CECFFF1#20120003FF19F000
(1785791746.004846) can0 1CEBFFF1#0127100000000000
(1785791746.005383) can0 18FEF1F8#FF0000FFFFFFFFFF
(1785791746.006116) can0 1CEBFFF1#0200000000000000
(1785791746.006614) can0 18F005F8#7DFFFF7DFFFFFFFF
(1785791746.007216) can0 1CEBFFF1#0344FE9647FFFFFF
(1785791746.032839) can0 18F015F1#00008B4E48D14812
(1785791746.046557) can0 18FF09D1#01000C00C4C8E7
(1785791746.103166) can0 1CECFFF1#20120003FF19F000
(1785791746.103836) can0 1CEBFFF1#0127100000000000
(1785791746.104862) can0 1CEBFFF1#0200000000000000
(1785791746.105405) can0 18FEF1F8#FF0000FFFFFFFFFF
(1785791746.106210) can0 1CEBFFF1#0344FE9647FFFFFF
(1785791746.106639) can0 18F005F8#7DFFFF7DFFFFFFFF
(1785791746.133043) can0 18F015F1#00008B4E48D14812
(1785791746.145540) can0 18FF09D1#01000C00C464E7
(1785791746.145949) can0 18FF14D1#
(1785791746.203894) can0 1CECFFF1#20120003FF19F000
(1785791746.204811) can0 1CEBFFF1#0127100000000000
(1785791746.205368) can0 18FEF1F8#FF0000FFFFFFFFFF
(1785791746.206047) can0 1CEBFFF1#0200000000000000
(1785791746.206534) can0 18F005F8#7DFFFF7DFFFFFFFF
(1785791746.207142) can0 1CEBFFF1#0344FE9647FFFFFF
(1785791746.232813) can0 18F015F1#00008B4F48D24815
(1785791746.242741) can0 18F017F1#F8D50FE39B37
(1785791746.243193) can0 18F018F1#F13C092D91B1
(1785791746.245353) can0 18FF09D1#01000C00C464E7
(1785791746.303853) can0 1CECFFF1#20120003FF19F000
(1785791746.304814) can0 1CEBFFF1#0127100000000000
(1785791746.305367) can0 18FEF1F8#FF0000FFFFFFFFFF
(1785791746.306030) can0 1CEBFFF1#0200000000000000
(1785791746.306539) can0 18F005F8#7DFFFF7DFFFFFFFF
(1785791746.307130) can0 1CEBFFF1#0344FF5686FFFFFF
(1785791746.332830) can0 18F015F1#00008B4F48D34815
(1785791746.345373) can0 18FF09D1#01000C00C464E7
(1785791746.404379) can0 1CECFFF1#20120003FF19F000
(1785791746.404866) can0 1CEBFFF1#0127100000000000
(1785791746.405868) can0 1CEBFFF1#0200000000000000
(1785791746.406383) can0 18FEF1F8#FF0000FFFFFFFFFF
(1785791746.407078) can0 1CEBFFF1#0344FF5686FFFFFF
(1785791746.407577) can0 18F005F8#7DFFFF7DFFFFFFFF
(1785791746.432917) can0 18F015F1#00008B4F48D34814
(1785791746.445433) can0 18FF09D1#01000C00C464E7
(1785791746.503861) can0 1CECFFF1#20120003FF19F000
(1785791746.504812) can0 1CEBFFF1#0127100000000000
(1785791746.505366) can0 18FEF1F8#FF0000FFFFFFFFFF
(1785791746.506028) can0 1CEBFFF1#0200000000000000
(1785791746.506552) can0 18F005F8#7DFFFF7DFFFFFFFF
(1785791746.507139) can0 1CEBFFF1#0344FF5686FFFFFF
(1785791746.532968) can0 18F015F1#00008B4F48D44815
(1785791746.545392) can0 18FF09D1#01000C00C464E7
(1785791746.603883) can0 1CECFFF1#20120003FF19F000
(1785791746.604815) can0 1CEBFFF1#0127100000000000
(1785791746.605377) can0 18FEF1F8#FF0000FFFFFFFFFF
(1785791746.606039) can0 1CEBFFF1#0200000000000000
(1785791746.606545) can0 18F005F8#7DFFFF7DFFFFFFFF
(1785791746.607137) can0 1CEBFFF1#0344FF5686FFFFFF
(1785791746.632811) can0 18F015F1#00008B5048D44816
(1785791746.645451) can0 18FF09D1#01000C00C464E7
(1785791746.645741) can0 18FF14D1#
(1785791746.707059) can0 1CECFFF1#20120003FF19F000
(1785791746.707459) can0 1CEBFFF1#03450086C7FFFFFF
(1785791746.707615) can0 1CEBFFF1#0127100000000000
(1785791746.708974) can0 18FEF1F8#FF0000FFFFFFFFFF
(1785791746.710123) can0 18F005F8#7DFFFF7DFFFFFFFF
(1785791746.733870) can0 18F015F1#00008B4F48D44817
(1785791746.745536) can0 18FF09D1#01000C00C464E7
(1785791746.804852) can0 1CECFFF1#20120003FF19F000
(1785791746.805381) can0 18FEF1F8#FF0000FFFFFFFFFF
(1785791746.806075) can0 1CEBFFF1#0127100000000000
(1785791746.806542) can0 18F005F8#7DFFFF7DFFFFFFFF
(1785791746.807159) can0 1CEBFFF1#0200000000000000
(1785791746.807822) can0 1CEBFFF1#03450086C7FFFFFF
(1785791746.833829) can0 18F015F1#00008B5048D44819
(1785791746.845776) can0 18FF09D1#01000C00C464E7
(1785791746.904931) can0 1CECFFF1#20120003FF19F000
(1785791746.905411) can0 18FEF1F8#FF0000FFFFFFFFFF
(1785791746.906113) can0 1CEBFFF1#0127100000000000
(1785791746.906582) can0 18F005F8#7DFFFF7DFFFFFFFF
(1785791746.907203) can0 1CEBFFF1#0200000000000000
(1785791746.908070) can0 1CEBFFF1#03450086C7FFFFFF
(1785791746.933842) can0 18F015F1#00008B5048D4481A
(1785791746.945354) can0 18FF09D1#01000C00C464E7
(1785791747.004826) can0 1CECFFF1#20120003FF19F000
(1785791747.005373) can0 18FEF1F8#FF0000FFFFFFFFFF
(1785791747.006057) can0 1CEBFFF1#0127100000000000
(1785791747.006535) can0 18F005F8#7DFFFF7DFFFFFFFF
(1785791747.007158) can0 1CEBFFF1#0200000000000000
(1785791747.007817) can0 1CEBFFF1#03450086C7FFFFFF
(1785791747.033825) can0 18F015F1#00008B5148D4481B
(1785791747.045414) can0 18FF09D1#01000C00C464E7
(1785791747.105107) can0 1CECFFF1#20120003FF19F000
(1785791747.105558) can0 18FEF1F8#FF0000FFFFFFFFFF
(1785791747.106304) can0 1CEBFFF1#0127100000000000
(1785791747.106785) can0 18F005F8#7DFFFF7DFFFFFFFF
(1785791747.107410) can0 1CEBFFF1#0200000000000000
(1785791747.107987) can0 1CEBFFF1#0345014606FFFFFF
(1785791747.133929) can0 18F015F1#00008B5148D4481C
(1785791747.145657) can0 18FF09D1#01000C00C464E7
(1785791747.146117) can0 18FF14D1#
(1785791747.146379) can0 18FF16D1#01000C0064
(1785791747.204837) can0 1CECFFF1#20120003FF19F000
(1785791747.205370) can0 18FEF1F8#FF0000FFFFFFFFFF
(1785791747.206049) can0 1CEBFFF1#0127100000000000
(1785791747.206526) can0 18F005F8#7DFFFF7DFFFFFFFF
(1785791747.207148) can0 1CEBFFF1#0200000000000000
(1785791747.207808) can0 1CEBFFF1#0345014606FFFFFF
(1785791747.234846) can0 18F015F1#00008B5148D4481E
(1785791747.243752) can0 18F017F1#F8D50FE39B37
(1785791747.244253) can0 18F018F1#F13C092D91B1
(1785791747.245439) can0 18FF09D1#01000C00C464E7
(1785791747.304829) can0 1CECFFF1#20120003FF19F000
(1785791747.305377) can0 18FEF1F8#FF0000FFFFFFFFFF
(1785791747.306083) can0 1CEBFFF1#0127100000000000
(1785791747.306580) can0 18F005F8#7DFFFF7DFFFFFFFF
(1785791747.307203) can0 1CEBFFF1#0200000000000000
(1785791747.307811) can0 1CEBFFF1#0345024746FFFFFF
(1785791747.333820) can0 18F015F1#00008B5248D4481E
(1785791747.345344) can0 18FF09D1#01000C00C464E7
(1785791747.405137) can0 1CECFFF1#20120003FF19F000
(1785791747.405656) can0 18FEF1F8#FF0000FFFFFFFFFF
(1785791747.406306) can0 1CEBFFF1#0127100000000000
(1785791747.406847) can0 1CEBFFF1#0200000000000000
(1785791747.407386) can0 18F005F8#7DFFFF7DFFFFFFFF
(1785791747.407991) can0 1CEBFFF1#0345024746FFFFFF
(1785791747.433926) can0 18F015F1#00008B5348D34820
(1785791747.445706) can0 18FF09D1#01000C00C464E7
(1785791747.505176) can0 1CECFFF1#20120003FF19F000
(1785791747.505492) can0 18FEF1F8#FF0000FFFFFFFFFF
(1785791747.507292) can0 1CEBFFF1#0127100000000000
(1785791747.507776) can0 1CEBFFF1#0200000000000000
(1785791747.508194) can0 1CEBFFF1#0345038787FFFFFF
(1785791747.509590) can0 18F005F8#7DFFFF7DFFFFFFFF
(1785791747.534150) can0 18F015F1#00008B5348D24820
(1785791747.545370) can0 18FF09D1#01000C00C464E7
(1785791747.605256) can0 18FEF1F8#FF0000FFFFFFFFFF
(1785791747.605967) can0 1CECFFF1#20120003FF19F000
(1785791747.606433) can0 18F005F8#7DFFFF7DFFFFFFFF
(1785791747.607042) can0 1CEBFFF1#0127100000000000
(1785791747.607837) can0 1CEBFFF1#0200000000000000
(1785791747.608811) can0 1CEBFFF1#03450445C6FFFFFF
(1785791747.634836) can0 18F015F1#00008B5448D14822
(1785791747.645417) can0 18FF09D1#01000C00C464E7
(1785791747.645804) can0 18FF14D1#
(1785791747.705240) can0 18FEF1F8#FF0000FFFFFFFFFF
(1785791747.705974) can0 1CECFFF1#20120003FF19F000
(1785791747.706450) can0 18F005F8#7DFFFF7DFFFFFFFF
(1785791747.707062) can0 1CEBFFF1#0127100000000000
(1785791747.707843) can0 1CEBFFF1#0200000000000000
(1785791747.708812) can0 1CEBFFF1#03450445C6FFFFFF
(1785791747.735956) can0 18F015F1#00008B5448D04821
(1785791747.745475) can0 18FF09D1#01000C00C464E7
(1785791747.805673) can0 18FEF1F8#FF0000FFFFFFFFFF
(1785791747.806419) can0 1CECFFF1#20120003FF19F000
(1785791747.806847) can0 1CEBFFF1#0127100000000000
(1785791747.807901) can0 1CEBFFF1#0200000000000000
(1785791747.808377) can0 18F005F8#7DFFFF7DFFFFFFFF
(1785791747.808970) can0 1CEBFFF1#03450445C6FFFFFF
(1785791747.834825) can0 18F015F1#00008B5448CE4821
(1785791747.845327) can0 18FF09D1#01000C00C464E7
(1785791747.905349) can0 18FEF1F8#FF0000FFFFFFFFFF
(1785791747.906116) can0 1CECFFF1#20120003FF19F000
(1785791747.906495) can0 18F005F8#7DFFFF7DFFFFFFFF
(1785791747.907104) can0 1CEBFFF1#0127100000000000
(1785791747.907840) can0 1CEBFFF1#0200000000000000
(1785791747.908808) can0 1CEBFFF1#03450445C6FFFFFF
(1785791747.934859) can0 18F015F1#00008B5448CD4820
(1785791747.945325) can0 18FF09D1#01000C00C464E7
(1785791748.005382) can0 18FEF1F8#FF0000FFFFFFFFFF
(1785791748.006121) can0 1CECFFF1#20120003FF19F000
(1785791748.006593) can0 18F005F8#7DFFFF7DFFFFFFFF
(1785791748.007232) can0 1CEBFFF1#0127100000000000
(1785791748.007855) can0 1CEBFFF1#0200000000000000
(1785791748.008823) can0 1CEBFFF1#03450445C6FFFFFF
(1785791748.034859) can0 18F015F1#00008B5448CD481F
(1785791748.045338) can0 18FF09D1#01000C00C464E7
(1785791748.105512) can0 18FEF1F8#FF0000FFFFFFFFFF
(1785791748.106086) can0 1CECFFF1#20120003FF19F000
(1785791748.106889) can0 1CEBFFF1#0127100000000000
(1785791748.107388) can0 18F005F8#7DFFFF7DFFFFFFFF
(1785791748.108014) can0 1CEBFFF1#0200000000000000
(1785791748.108843) can0 1CEBFFF1#0345058507FFFFFF
(1785791748.135209) can0 18F015F1#00008B5548CB481E
(1785791748.145863) can0 18FF09D1#01000C00C464E7
(1785791748.146692) can0 18FF14D1#
(1785791748.205298) can0 18FEF1F8#FF0000FFFFFFFFFF
(1785791748.206034) can0 1CECFFF1#20120003FF19F000
(1785791748.206685) can0 18F005F8#7DFFFF7DFFFFFFFF
(1785791748.207109) can0 1CEBFFF1#0127100000000000
(1785791748.208146) can0 1CEBFFF1#0200000000000000
(1785791748.208849) can0 1CEBFFF1#0345058507FFFFFF
(1785791748.235882) can0 18F015F1#00008B5548CB481D
(1785791748.244748) can0 18F017F1#FC5610B79F5A
(1785791748.245193) can0 18F018F1#E9660B5E8E58
(1785791748.245715) can0 18FF09D1#01000C00C464E7
(1785791748.305244) can0 18FEF1F8#FF0000FFFFFFFFFF
(1785791748.305933) can0 1CECFFF1#20120003FF19F000
(1785791748.306398) can0 18F005F8#7DFFFF7DFFFFFFFF
(1785791748.307006) can0 1CEBFFF1#0127100000000000
(1785791748.307858) can0 1CEBFFF1#0200000000000000
(1785791748.308839) can0 1CEBFFF1#0345058507FFFFFF
(1785791748.335854) can0 18F015F1#00008B5548CA481D
(1785791748.345320) can0 18FF09D1#01000C00C464E7
(1785791748.405775) can0 18FEF1F8#FF0000FFFFFFFFFF
(1785791748.406850) can0 1CECFFF1#20120003FF19F000
(1785791748.407387) can0 18F005F8#7DFFFF7DFFFFFFFF
(1785791748.407998) can0 1CEBFFF1#0127100000000000
(1785791748.408861) can0 1CEBFFF1#0200000000000000
(1785791748.409857) can0 1CEBFFF1#0345058507FFFFFF
(1785791748.435965) can0 18F015F1#00008B5548C8481C
(1785791748.445463) can0 18FF09D1#01000C00C464E7
(1785791748.505230) can0 18FEF1F8#FF0000FFFFFFFFFF
(1785791748.506375) can0 18F005F8#7DFFFF7DFFFFFFFF
(1785791748.506981) can0 1CECFFF1#20120003FF19F000
(1785791748.507836) can0 1CEBFFF1#0127100000000000
(1785791748.508843) can0 1CEBFFF1#0200000000000000
(1785791748.509830) can0 1CEBFFF1#0345058507FFFFFF
(1785791748.535836) can0 18F015F1#00008B5548C7481C
(1785791748.545288) can0 18FF09D1#01000C00C464E7
(1785791748.605242) can0 18FEF1F8#FF0000FFFFFFFFFF
(1785791748.606449) can0 18F005F8#7DFFFF7DFFFFFFFF
(1785791748.607047) can0 1CECFFF1#20120003FF19F000
(1785791748.607830) can0 1CEBFFF1#0127100000000000
(1785791748.608839) can0 1CEBFFF1#0200000000000000
(1785791748.609821) can0 1CEBFFF1#0345058507FFFFFF
(1785791748.635871) can0 18F015F1#00008B5548C7481C
(1785791748.645054) can0 18FF14D1#
(1785791748.705228) can0 18FEF1F8#FF0000FFFFFFFFFF
(1785791748.706358) can0 18F005F8#7DFFFF7DFFFFFFFF
(1785791748.706958) can0 1CECFFF1#20120003FF19F000
(1785791748.707832) can0 1CEBFFF1#0127100000000000
(1785791748.708837) can0 1CEBFFF1#0200000000000000
(1785791748.709863) can0 1CEBFFF1#0345058507FFFFFF
(1785791748.736958) can0 18F015F1#00008B5548C7481C
(1785791748.745490) can0 18FF09D1#01000C00C4E0E3
(1785791748.805964) can0 18FEF1F8#FF0000FFFFFFFFFF
(1785791748.806981) can0 1CECFFF1#20120003FF19F000
(1785791748.807482) can0 18F005F8#7DFFFF7DFFFFFFFF
(1785791748.808048) can0 1CEBFFF1#0127100000000000
(1785791748.808878) can0 1CEBFFF1#0200000000000000
(1785791748.809892) can0 1CEBFFF1#0345058507FFFFFF
(1785791748.835862) can0 18F015F1#00008B5548C6481A
(1785791748.845306) can0 18FF09D1#01000C00C4E0E3
(1785791748.905376) can0 18FEF1F8#FF0000FFFFFFFFFF
(1785791748.906521) can0 18F005F8#7DFFFF7DFFFFFFFF
(1785791748.907126) can0 1CECFFF1#20120003FF19F000
(1785791748.907841) can0 1CEBFFF1#0127100000000000
(1785791748.908846) can0 1CEBFFF1#0200000000000000
(1785791748.909845) can0 1CEBFFF1#0345058507FFFFFF
(1785791748.935882) can0 18F015F1#00008B5448C8481A
(1785791748.945279) can0 18FF09D1#01000C00C4E0E3
(1785791749.005263) can0 18FEF1F8#FF0000FFFFFFFFFF
(1785791749.006425) can0 18F005F8#7DFFFF7DFFFFFFFF
(1785791749.007031) can0 1CECFFF1#20120003FF19F000
(1785791749.007841) can0 1CEBFFF1#0127100000000000
(1785791749.008848) can0 1CEBFFF1#0200000000000000
(1785791749.009822) can0 1CEBFFF1#03450445C6FFFFFF
(1785791749.035866) can0 18F015F1#00008B5448C8481B
(1785791749.045655) can0 18FF09D1#01000C00C4E0E3
(1785791749.105476) can0 18FEF1F8#FF0000FFFFFFFFFF
(1785791749.106851) can0 18F005F8#7DFFFF7DFFFFFFFF
(1785791749.107886) can0 1CECFFF1#20120003FF19F000
(1785791749.108873) can0 1CEBFFF1#0127100000000000
(1785791749.109889) can0 1CEBFFF1#0200000000000000
(1785791749.110871) can0 1CEBFFF1#0345058507FFFFFF
(1785791749.137198) can0 18F015F1#00008B5548C6481A
(1785791749.146338) can0 18FF09D1#01000C00C4E0E3
(1785791749.146935) can0 18FF14D1#
(1785791749.205233) can0 18FEF1F8#FF0000FFFFFFFFFF
(1785791749.206640) can0 18F005F8#7DFFFF7DFFFFFFFF
(1785791749.207835) can0 1CECFFF1#20120003FF19F000
(1785791749.208825) can0 1CEBFFF1#0127100000000000
(1785791749.209837) can0 1CEBFFF1#0200000000000000
(1785791749.210821) can0 1CEBFFF1#0345058507FFFFFF
(1785791749.236880) can0 18F015F1#00008B5448C8481B
(1785791749.245300) can0 18FF09D1#01000C00C4ECE1
(1785791749.246759) can0 18F017F1#FC5610B79F5A
(1785791749.247206) can0 18F018F1#E9660B5E8E58
(1785791749.305227) can0 18FEF1F8#FF0000FFFFFFFFFF
(1785791749.306367) can0 18F005F8#7DFFFF7DFFFFFFFF
(1785791749.307837) can0 1CECFFF1#20120003FF19F000
(1785791749.308830) can0 1CEBFFF1#0127100000000000
(1785791749.309843) can0 1CEBFFF1#0200000000000000
(1785791749.310818) can0 1CEBFFF1#03450445C6FFFFFF
(1785791749.336841) can0 18F015F1#00008B5548C9481B
(1785791749.345259) can0 18FF09D1#01000C00C4ECE1
(1785791749.405260) can0 18FEF1F8#FF0000FFFFFFFFFF
(1785791749.406520) can0 18F005F8#7DFFFF7DFFFFFFFF
(1785791749.407862) can0 1CECFFF1#20120003FF19F000
(1785791749.408865) can0 1CEBFFF1#0127100000000000
(1785791749.409872) can0 1CEBFFF1#0200000000000000
(1785791749.410862) can0 1CEBFFF1#0345058507FFFFFF
(1785791749.436922) can0 18F015F1#00008B5548C7481A
(1785791749.445372) can0 18FF09D1#01000C00C4ECE1
(1785791749.505274) can0 18FEF1F8#FF0000FFFFFFFFFF
(1785791749.506416) can0 18F005F8#7DFFFF7DFFFFFFFF
(1785791749.507843) can0 1CECFFF1#20120003FF19F000
(1785791749.508834) can0 1CEBFFF1#0127100000000000
(1785791749.509843) can0 1CEBFFF1#0200000000000000
(1785791749.510843) can0 1CEBFFF1#03450445C6FFFFFF
(1785791749.536981) can0 18F015F1#00008B5448C8481B
(1785791749.545290) can0 18FF09D1#01000C00C4ECE1
(1785791749.605282) can0 18FEF1F8#FF0000FFFFFFFFFF
(1785791749.606404) can0 18F005F8#7DFFFF7DFFFFFFFF
(1785791749.607856) can0 1CECFFF1#20120003FF19F000
(1785791749.608841) can0 1CEBFFF1#0127100000000000
(1785791749.609856) can0 1CEBFFF1#0200000000000000
(1785791749.610826) can0 1CEBFFF1#03450445C6FFFFFF
(1785791749.636866) can0 18F015F1#00008B5548C9481B
(1785791749.645354) can0 18FF09D1#01000C00C4ECE1
(1785791749.645615) can0 18FF14D1#
(1785791749.707024) can0 18FEF1F8#FF0000FFFFFFFFFF
(1785791749.708149) can0 18F005F8#7DFFFF7DFFFFFFFF
(1785791749.708847) can0 1CECFFF1#20120003FF19F000
(1785791749.710213) can0 1CEBFFF1#0127100000000000
(1785791749.710854) can0 1CEBFFF1#0200000000000000
(1785791749.711867) can0 1CEBFFF1#03450445C6FFFFFF
(1785791749.737910) can0 18F015F1#00008B5448C8481A
(1785791749.745299) can0 18FF09D1#01000C00C438E6
(1785791749.805378) can0 18FEF1F8#FF0000FFFFFFFFFF
(1785791749.806585) can0 18F005F8#7DFFFF7DFFFFFFFF
(1785791749.809002) can0 1CECFFF1#20120003FF19F000
(1785791749.809865) can0 1CEBFFF1#0127100000000000
(1785791749.820325) can0 1CEBFFF1#0200000000000000
(1785791749.820589) can0 1CEBFFF1#03450445C6FFFFFF
(1785791749.837927) can0 18F015F1#00008B5448C9481B
(1785791749.845271) can0 18FF09D1#01000C00C438E6
(1785791749.906174) can0 18FEF1F8#FF0000FFFFFFFFFF
(1785791749.907562) can0 18F005F8#7DFFFF7DFFFFFFFF
(1785791749.908866) can0 1CECFFF1#20120003FF19F000
(1785791749.909839) can0 1CEBFFF1#0127100000000000
(1785791749.910846) can0 1CEBFFF1#0200000000000000
(1785791749.911830) can0 1CEBFFF1#0345058507FFFFFF
(1785791749.937865) can0 18F015F1#00008B5548C9481B
(1785791749.945266) can0 18FF09D1#01000C00C438E6
(1785791750.005366) can0 18FEF1F8#FF0000FFFFFFFFFF
(1785791750.006519) can0 18F005F8#7DFFFF7DFFFFFFFF
(1785791750.008851) can0 1CECFFF1#20120003FF19F000
(1785791750.009849) can0 1CEBFFF1#0127100000000000
(1785791750.010851) can0 1CEBFFF1#0200000000000000
(1785791750.011868) can0 1CEBFFF1#0345058507FFFFFF
(1785791750.037863) can0 18F015F1#00008B5548CA481B
(1785791750.045270) can0 18FF09D1#01000C00C438E6
(1785791750.105427) can0 18FEF1F8#FF0000FFFFFFFFFF
(1785791750.106646) can0 18F005F8#7DFFFF7DFFFFFFFF
(1785791750.108876) can0 1CECFFF1#20120003FF19F000
(1785791750.109845) can0 1CEBFFF1#0127100000000000
(1785791750.110860) can0 1CEBFFF1#0200000000000000
(1785791750.111856) can0 1CEBFFF1#0345058507FFFFFF
(1785791750.138037) can0 18F015F1#00008B5548CC481B
(1785791750.145470) can0 18FF09D1#01000C00C438E6
(1785791750.146088) can0 18FF14D1#
(1785791750.205462) can0 18FEF1F8#FF0000FFFFFFFFFF
(1785791750.206725) can0 18F005F8#7DFFFF7DFFFFFFFF
(1785791750.208847) can0 1CECFFF1#20120003FF19F000
(1785791750.209848) can0 1CEBFFF1#0127100000000000
(1785791750.210857) can0 1CEBFFF1#0200000000000000
(1785791750.211839) can0 1CEBFFF1#0345058507FFFFFF
(1785791750.238875) can0 18F015F1#00008B5548CD481B
(1785791750.245241) can0 18FF09D1#01000C00C438E6
(1785791750.247757) can0 18F017F1#FB64107F9CF7
(1785791750.248215) can0 18F018F1#E94608ED916D
(1785791750.305262) can0 18FEF1F8#FF0000FFFFFFFFFF
(1785791750.306414) can0 18F005F8#7DFFFF7DFFFFFFFF
(1785791750.308839) can0 1CECFFF1#20120003FF19F000
(1785791750.309844) can0 1CEBFFF1#0127100000000000
(1785791750.310855) can0 1CEBFFF1#0200000000000000
(1785791750.311837) can0 1CEBFFF1#0345058507FFFFFF
(1785791750.337842) can0 18F015F1#00008B5548CD481B
(1785791750.345406) can0 18FF09D1#01000C00C438E6
(1785791750.405264) can0 18FEF1F8#FF0000FFFFFFFFFF
(1785791750.406418) can0 18F005F8#7DFFFF7DFFFFFFFF
(1785791750.408875) can0 1CECFFF1#20120003FF19F000
(1785791750.409855) can0 1CEBFFF1#0127100000000000
(1785791750.410862) can0 1CEBFFF1#0200000000000000
(1785791750.411842) can0 1CEBFFF1#0345058507FFFFFF
(1785791750.437925) can0 18F015F1#00008B5548CD481C
(1785791750.445333) can0 18FF09D1#01000C00C438E6
(1785791750.505252) can0 18FEF1F8#FF0000FFFFFFFFFF
(1785791750.506379) can0 18F005F8#7DFFFF7DFFFFFFFF
(1785791750.509843) can0 1CECFFF1#20120003FF19F000
(1785791750.510839) can0 1CEBFFF1#0127100000000000
(1785791750.511848) can0 1CEBFFF1#0200000000000000
(1785791750.512831) can0 1CEBFFF1#0345058507FFFFFF
(1785791750.538824) can0 18F015F1#00008B5548CE481C
(1785791750.545218) can0 18FF09D1#01000C00C438E6
(1785791750.605236) can0 18FEF1F8#FF0000FFFFFFFFFF
(1785791750.606452) can0 18F005F8#7DFFFF7DFFFFFFFF
(1785791750.609850) can0 1CECFFF1#20120003FF19F000
(1785791750.610853) can0 1CEBFFF1#0127100000000000
(1785791750.611860) can0 1CEBFFF1#0200000000000000
(1785791750.612843) can0 1CEBFFF1#0345058507FFFFFF
(1785791750.638869) can0 18F015F1#00008B5548CF481C
(1785791750.645342) can0 18FF09D1#01000C00C438E6
(1785791750.645692) can0 18FF14D1#
(1785791750.705196) can0 18FEF1F8#FF0000FFFFFFFFFF
(1785791750.706346) can0 18F005F8#7DFFFF7DFFFFFFFF
(1785791750.709869) can0 1CECFFF1#20120003FF19F000
(1785791750.710852) can0 1CEBFFF1#0127100000000000
(1785791750.711863) can0 1CEBFFF1#0200000000000000
(1785791750.712844) can0 1CEBFFF1#0345058507FFFFFF
(1785791750.739374) can0 18F015F1#00008B5548CF481C
(1785791750.745264) can0 18FF09D1#01000C00C438E6
(1785791750.805530) can0 18FEF1F8#FF0000FFFFFFFFFF
(1785791750.806871) can0 18F005F8#7DFFFF7DFFFFFFFF
(1785791750.809946) can0 1CECFFF1#20120003FF19F000
(1785791750.810913) can0 1CEBFFF1#0127100000000000
(1785791750.811907) can0 1CEBFFF1#0200000000000000
(1785791750.812884) can0 1CEBFFF1#0345058507FFFFFF
(1785791750.838925) can0 18F015F1#00008B5548CF481D
(1785791750.845247) can0 18FF09D1#01000C00C438E6
(1785791750.906789) can0 18FEF1F8#FF0000FFFFFFFFFF
(1785791750.908019) can0 18F005F8#7DFFFF7DFFFFFFFF
(1785791750.909908) can0 1CECFFF1#20120003FF19F000
(1785791750.910902) can0 1CEBFFF1#0127100000000000
(1785791750.911943) can0 1CEBFFF1#0200000000000000
(1785791750.912898) can0 1CEBFFF1#0345058507FFFFFF
(1785791750.938860) can0 18F015F1#00008B5548CF481C
(1785791750.945222) can0 18FF09D1#01000C00C438E6
(1785791751.005214) can0 18FEF1F8#FF0000FFFFFFFFFF
(1785791751.006369) can0 18F005F8#7DFFFF7DFFFFFFFF
(1785791751.009851) can0 1CECFFF1#20120003FF19F000
(1785791751.010876) can0 1CEBFFF1#0127100000000000
(1785791751.011869) can0 1CEBFFF1#0200000000000000
(1785791751.012841) can0 1CEBFFF1#0345058507FFFFFF
(1785791751.038856) can0 18F015F1#00008B5648D0481C
(1785791751.045230) can0 18FF09D1#01000C00C438E6
(1785791751.105473) can0 18FEF1F8#FF0000FFFFFFFFFF
(1785791751.106700) can0 18F005F8#7DFFFF7DFFFFFFFF
(1785791751.109915) can0 1CECFFF1#20120003FF19F000
(1785791751.110873) can0 1CEBFFF1#0127100000000000
(1785791751.111887) can0 1CEBFFF1#0200000000000000
(1785791751.112859) can0 1CEBFFF1#0345068447FFFFFF
(1785791751.138944) can0 18F015F1#00008B5648D0481C
(1785791751.145650) can0 18FF09D1#01000C00C438E6
(1785791751.146312) can0 18FF16D1#01000C0064
(1785791751.146480) can0 18FF14D1#
(1785791751.205215) can0 18FEF1F8#FF0000FFFFFFFFFF
(1785791751.206634) can0 18F005F8#7DFFFF7DFFFFFFFF
(1785791751.209849) can0 1CECFFF1#20120003FF19F000
(1785791751.210844) can0 1CEBFFF1#0127100000000000
(1785791751.211855) can0 1CEBFFF1#0200000000000000
(1785791751.212835) can0 1CEBFFF1#0345068447FFFFFF
(1785791751.240081) can0 18F015F1#00008B5648D1481C
(1785791751.245500) can0 18FF09D1#01000C00C40CE5
(1785791751.249793) can0 18F017F1#FB64107F9CF7
(1785791751.250226) can0 18F018F1#E94608ED916D
(1785791751.305255) can0 18FEF1F8#FF0000FFFFFFFFFF
(1785791751.306405) can0 18F005F8#7DFFFF7DFFFFFFFF
(1785791751.310868) can0 1CECFFF1#20120003FF19F000
(1785791751.311861) can0 1CEBFFF1#0127100000000000
(1785791751.312874) can0 1CEBFFF1#0200000000000000
(1785791751.313844) can0 1CEBFFF1#0345068447FFFFFF
(1785791751.339856) can0 18F015F1#00008B5648D1481B
(1785791751.345223) can0 18FF09D1#01000C00C40CE5
(1785791751.405289) can0 18FEF1F8#FF0000FFFFFFFFFF
(1785791751.406440) can0 18F005F8#7DFFFF7DFFFFFFFF
(1785791751.410857) can0 1CECFFF1#20120003FF19F000
(1785791751.411848) can0 1CEBFFF1#0127100000000000
(1785791751.413176) can0 1CEBFFF1#0200000000000000
(1785791751.413840) can0 1CEBFFF1#0345068447FFFFFF
(1785791751.439965) can0 18F015F1#00008B5648D1481B
(1785791751.445230) can0 18FF09D1#01000C00C40CE5
(1785791751.505306) can0 18FEF1F8#FF0000FFFFFFFFFF
(1785791751.506744) can0 18F005F8#7DFFFF7DFFFFFFFF
(1785791751.510925) can0 1CECFFF1#20120003FF19F000
(1785791751.511887) can0 1CEBFFF1#0127100000000000
(1785791751.512938) can0 1CEBFFF1#0200000000000000
(1785791751.513868) can0 1CEBFFF1#0345068447FFFFFF
(1785791751.539861) can0 18F015F1#00008B5648D1481C
(1785791751.545264) can0 18FF09D1#01000C00C40CE5
(1785791751.605262) can0 18FEF1F8#FF0000FFFFFFFFFF
(1785791751.606418) can0 18F005F8#7DFFFF7DFFFFFFFF
(1785791751.610863) can0 1CECFFF1#20120003FF19F000
(1785791751.611853) can0 1CEBFFF1#0127100000000000
(1785791751.612861) can0 1CEBFFF1#0200000000000000
(1785791751.613841) can0 1CEBFFF1#0345074486FFFFFF
(1785791751.639873) can0 18F015F1#00008B5748D2481C
(1785791751.645280) can0 18FF09D1#01000C00C40CE5
(1785791751.645539) can0 18FF14D1#
(1785791751.705235) can0 18FEF1F8#FF0000FFFFFFFFFF
(1785791751.706459) can0 18F005F8#7DFFFF7DFFFFFFFF
(1785791751.710889) can0 1CECFFF1#20120003FF19F000
(1785791751.711874) can0 1CEBFFF1#0127100000000000
(1785791751.712887) can0 1CEBFFF1#0200000000000000
(1785791751.713842) can0 1CEBFFF1#0345074486FFFFFF
(1785791751.740870) can0 18F015F1#00008B5648D4481C
(1785791751.745203) can0 18FF09D1#01000C00C438E6
(1785791751.805507) can0 18FEF1F8#FF0000FFFFFFFFFF
(1785791751.806953) can0 18F005F8#7DFFFF7DFFFFFFFF
(1785791751.811006) can0 1CECFFF1#20120003FF19F000
(1785791751.811919) can0 1CEBFFF1#0127100000000000
(1785791751.812962) can0 1CEBFFF1#0200000000000000
(1785791751.813932) can0 1CEBFFF1#0345074486FFFFFF
(1785791751.840051) can0 18F015F1#00008B5748D6481C
(1785791751.845220) can0 18FF09D1#01000C00C438E6
(1785791751.906301) can0 18FEF1F8#FF0000FFFFFFFFFF
(1785791751.908144) can0 18F005F8#7DFFFF7DFFFFFFFF
(1785791751.910994) can0 1CECFFF1#20120003FF19F000
(1785791751.911872) can0 1CEBFFF1#0127100000000000
(1785791751.912874) can0 1CEBFFF1#0200000000000000
(1785791751.913905) can0 1CEBFFF1#0345074486FFFFFF
(1785791751.939889) can0 18F015F1#00008B5748D7481A
(1785791751.945230) can0 18FF09D1#01000C00C438E6
(1785791752.005430) can0 18FEF1F8#FF0000FFFFFFFFFF
(1785791752.006628) can0 18F005F8#7DFFFF7DFFFFFFFF
(1785791752.011903) can0 1CECFFF1#20120003FF19F000
(1785791752.012928) can0 1CEBFFF1#0127100000000000
(1785791752.013877) can0 1CEBFFF1#0200000000000000
(1785791752.014862) can0 1CEBFFF1#0345058507FFFFFF
(1785791752.040895) can0 18F015F1#00008B5348D9481A
(1785791752.045213) can0 18FF09D1#01000C00C438E6
(1785791752.106069) can0 18FEF1F8#FF0000FFFFFFFFFF
(1785791752.107291) can0 18F005F8#7DFFFF7DFFFFFFFF
(1785791752.111945) can0 1CECFFF1#20120003FF19F000
(1785791752.112869) can0 1CEBFFF1#0127100000000000
(1785791752.113895) can0 1CEBFFF1#0200000000000000
(1785791752.114871) can0 1CEBFFF1#03450086C7FFFFFF
(1785791752.140957) can0 18F015F1#00008B4F48DA4819
(1785791752.145379) can0 18FF09D1#01000C00C438E6
(1785791752.145806) can0 18FF14D1#
(1785791752.205229) can0 18FEF1F8#FF0000FFFFFFFFFF
(1785791752.206440) can0 18F005F8#7DFFFF7DFFFFFFFF
(1785791752.211895) can0 1CECFFF1#20120003FF19F000
(1785791752.212856) can0 1CEBFFF1#0127100000000000
(1785791752.213865) can0 1CEBFFF1#0200000000000000
(1785791752.214846) can0 1CEBFFF1#0344FE9647FFFFFF
(1785791752.240894) can0 18F015F1#00008B4E48D94818
(1785791752.245226) can0 18FF09D1#01000C00C470E5
(1785791752.250802) can0 18F017F1#F9B60E299F50
(1785791752.251252) can0 18F018F1#F1200A788FE6
(1785791752.305223) can0 18FEF1F8#FF0000FFFFFFFFFF
(1785791752.306382) can0 18F005F8#7DFFFF7DFFFFFFFF
(1785791752.311890) can0 1CECFFF1#20120003FF19F000
(1785791752.312864) can0 1CEBFFF1#0127100000000000
(1785791752.313876) can0 1CEBFFF1#0200000000000000
(1785791752.314853) can0 1CEBFFF1#0344FD9707FFFFFF
(1785791752.340867) can0 18F015F1#00008B4D48D64819
(1785791752.345196) can0 18FF09D1#01000C00C470E5
(1785791752.405653) can0 18FEF1F8#FF0000FFFFFFFFFF
(1785791752.406812) can0 18F005F8#7DFFFF7DFFFFFFFF
(1785791752.412930) can0 1CECFFF1#20120003FF19F000
(1785791752.413190) can0 1CEBFFF1#0127100000000000
(1785791752.413881) can0 1CEBFFF1#0200000000000000
(1785791752.414861) can0 1CEBFFF1#0344FC57C6FFFFFF
(1785791752.440934) can0 18F015F1#00008B4B48D6481A
(1785791752.445222) can0 18FF09D1#01000C00C470E5
(1785791752.505213) can0 18FEF1F8#FF0000FFFFFFFFFF
(1785791752.506379) can0 18F005F8#7DFFFF7DFFFFFFFF
(1785791752.511868) can0 1CECFFF1#20120003FF19F000
(1785791752.512855) can0 1CEBFFF1#0127100000000000
(1785791752.513864) can0 1CEBFFF1#0200000000000000
(1785791752.514853) can0 1CEBFFF1#0344FA5546FFFFFF
(1785791752.540841) can0 18F015F1#00008B4A48D7481B
(1785791752.545165) can0 18FF09D1#01000C00C470E5
(1785791752.605247) can0 18FEF1F8#FF0000FFFFFFFFFF
(1785791752.606438) can0 18F005F8#7DFFFF7DFFFFFFFF
(1785791752.611874) can0 1CECFFF1#20120003FF19F000
(1785791752.612870) can0 1CEBFFF1#0127100000000000
(1785791752.613876) can0 1CEBFFF1#0200000000000000
(1785791752.614856) can0 1CEBFFF1#0344F894C7FFFFFF
(1785791752.640859) can0 18F015F1#00008B4748D8481A
(1785791752.645302) can0 18FF09D1#01000C00C470E5
(1785791752.645575) can0 18FF14D1#
(1785791752.705214) can0 18FEF1F8#FF0000FFFFFFFFFF
(1785791752.706354) can0 18F005F8#7DFFFF7DFFFFFFFF
(1785791752.711874) can0 1CECFFF1#20120003FF19F000
(1785791752.712884) can0 1CEBFFF1#0127100000000000
(1785791752.713902) can0 1CEBFFF1#0200000000000000
(1785791752.714869) can0 1CEBFFF1#0344F491C7FFFFFF
(1785791752.741890) can0 18F015F1#00008B4348D94817
(1785791752.745192) can0 18FF09D1#01000C00C40CE5
(1785791752.805386) can0 18FEF1F8#FF0000FFFFFFFFFF
(1785791752.806605) can0 18F005F8#7DFFFF7DFFFFFFFF
(1785791752.813068) can0 1CECFFF1#20120003FF19F000
(1785791752.813924) can0 1CEBFFF1#0127100000000000
(1785791752.814924) can0 1CEBFFF1#0200000000000000
(1785791752.815934) can0 1CEBFFF1#0344F29347FFFFFF
(1785791752.842314) can0 18F015F1#00008B4148D94816
(1785791752.845279) can0 18FF09D1#01000C00C40CE5
(1785791752.905936) can0 18FEF1F8#FF0000FFFFFFFFFF
(1785791752.907085) can0 18F005F8#7DFFFF7DFFFFFFFF
(1785791752.913170) can0 1CECFFF1#20120003FF19F000
(1785791752.913901) can0 1CEBFFF1#0127100000000000
(1785791752.914933) can0 1CEBFFF1#0200000000000000
(1785791752.916015) can0 1CEBFFF1#0344EF9A87FFFFFF
(1785791752.941899) can0 18F015F1#00008B3E48D84819
(1785791752.945165) can0 18FF09D1#01000C00C40CE5
(1785791753.005258) can0 18FEF1F8#FF0000FFFFFFFFFF
(1785791753.006443) can0 18F005F8#7DFFFF7DFFFFFFFF
(1785791753.012878) can0 1CECFFF1#20120003FF19F000
(1785791753.013862) can0 1CEBFFF1#0127100000000000
(1785791753.014872) can0 1CEBFFF1#0200000000000000
(1785791753.015876) can0 1CEBFFF1#0344EC9BC7FFFFFF
(1785791753.041852) can0 18F015F1#00008B3B48D94819
(1785791753.045159) can0 18FF09D1#01000C00C40CE5
(1785791753.105452) can0 18FEF1F8#FF0000FFFFFFFFFF
(1785791753.106657) can0 18F005F8#7DFFFF7DFFFFFFFF
(1785791753.112924) can0 1CECFFF1#20120003FF19F000
(1785791753.113870) can0 1CEBFFF1#0127100000000000
(1785791753.114877) can0 1CEBFFF1#0200000000000000
(1785791753.116280) can0 1CEBFFF1#0344E858C6FFFFFF
(1785791753.142050) can0 18F015F1#00008B3748D9481A
(1785791753.145368) can0 18FF09D1#01000C00C40CE5
(1785791753.145775) can0 18FF14D1#
(1785791753.205244) can0 18FEF1F8#FF0000FFFFFFFFFF
(1785791753.206408) can0 18F005F8#7DFFFF7DFFFFFFFF
(1785791753.212868) can0 1CECFFF1#20120003FF19F000
(1785791753.213859) can0 1CEBFFF1#0127100000000000
(1785791753.214868) can0 1CEBFFF1#0200000000000000
(1785791753.215874) can0 1CEBFFF1#0344E59D07FFFFFF
(1785791753.242995) can0 18F015F1#00008B3548D8481C
(1785791753.245294) can0 18FF09D1#01000C00C40CE5
(1785791753.251787) can0 18F017F1#F9B60E299F50
(1785791753.252248) can0 18F018F1#F1200A788FE6
(1785791753.305314) can0 18FEF1F8#FF0000FFFFFFFFFF
(1785791753.306504) can0 18F005F8#7DFFFF7DFFFFFFFF
(1785791753.312864) can0 1CECFFF1#20120003FF19F000
(1785791753.313862) can0 1CEBFFF1#0127100000000000
(1785791753.314879) can0 1CEBFFF1#0200000000000000
(1785791753.315998) can0 1CEBFFF1#0344E45DC6FFFFFF
(1785791753.341885) can0 18F015F1#00008B3448D6481C
(1785791753.345149) can0 18FF09D1#01000C00C40CE5
(1785791753.405310) can0 18FEF1F8#FF0000FFFFFFFFFF
(1785791753.406475) can0 18F005F8#7DFFFF7DFFFFFFFF
(1785791753.413884) can0 1CECFFF1#20120003FF19F000
(1785791753.414874) can0 1CEBFFF1#0127100000000000
(1785791753.415902) can0 1CEBFFF1#0200000000000000
(1785791753.416874) can0 1CEBFFF1#0344E25F46FFFFFF
(1785791753.442957) can0 18F015F1#00008B3248D6481A
(1785791753.445159) can0 18FF09D1#01000C00C40CE5
(1785791753.505571) can0 18FEF1F8#FF0000FFFFFFFFFF
(1785791753.506859) can0 18F005F8#7DFFFF7DFFFFFFFF
(1785791753.513923) can0 1CECFFF1#20120003FF19F000
(1785791753.514905) can0 1CEBFFF1#0127100000000000
(1785791753.515959) can0 1CEBFFF1#0200000000000000
(1785791753.516948) can0 1CEBFFF1#0344E09EC7FFFFFF
(1785791753.542892) can0 18F015F1#00008B2F48D14817
(1785791753.545166) can0 18FF09D1#01000C00C40CE5
(1785791753.605252) can0 18FEF1F8#FF0000FFFFFFFFFF
(1785791753.606436) can0 18F005F8#7DFFFF7DFFFFFFFF
(1785791753.613890) can0 1CECFFF1#20120003FF19F000
(1785791753.614866) can0 1CEBFFF1#0127100000000000
(1785791753.615894) can0 1CEBFFF1#0200000000000000
(1785791753.616866) can0 1CEBFFF1#0344DE4E46FFFFFF
(1785791753.642859) can0 18F015F1#00008B2E48CE4811
(1785791753.645218) can0 18FF09D1#01000C00C40CE5
(1785791753.645525) can0 18FF14D1#
(1785791753.705244) can0 18FEF1F8#FF0000FFFFFFFFFF
(1785791753.706424) can0 18F005F8#7DFFFF7DFFFFFFFF
(1785791753.713876) can0 1CECFFF1#20120003FF19F000
(1785791753.714865) can0 1CEBFFF1#0127100000000000
(1785791753.715891) can0 1CEBFFF1#0200000000000000
(1785791753.716876) can0 1CEBFFF1#0344DE4E46FFFFFF
(1785791753.743873) can0 18F015F1#00008B2E48CD480E
(1785791753.745069) can0 18FF09D1#01000C00C40CE5
(1785791753.805564) can0 18FEF1F8#FF0000FFFFFFFFFF
(1785791753.806814) can0 18F005F8#7DFFFF7DFFFFFFFF
(1785791753.814131) can0 1CECFFF1#20120003FF19F000
(1785791753.814916) can0 1CEBFFF1#0127100000000000
(1785791753.816006) can0 1CEBFFF1#0200000000000000
(1785791753.816992) can0 1CEBFFF1#0344DD4F06FFFFFF
(1785791753.842995) can0 18F015F1#00008B2C48CC480C
(1785791753.845144) can0 18FF09D1#01000C00C40CE5
(1785791753.906199) can0 18FEF1F8#FF0000FFFFFFFFFF
(1785791753.907449) can0 18F005F8#7DFFFF7DFFFFFFFF
(1785791753.914026) can0 1CECFFF1#20120003FF19F000
(1785791753.916139) can0 1CEBFFF1#0127100000000000
(1785791753.916495) can0 1CEBFFF1#0200000000000000
(1785791753.916810) can0 1CEBFFF1#0344DB4D86FFFFFF
(1785791753.942905) can0 18F015F1#00008B2C48CB480A
(1785791753.945140) can0 18FF09D1#01000C00C40CE5
(1785791754.006393) can0 18FEF1F8#FF0000FFFFFFFFFF
(1785791754.007530) can0 18F005F8#7DFFFF7DFFFFFFFF
(1785791754.013868) can0 1CECFFF1#20120003FF19F000
(1785791754.014872) can0 1CEBFFF1#0127100000000000
(1785791754.016181) can0 1CEBFFF1#0200000000000000
(1785791754.016862) can0 1CEBFFF1#0344DC8FC7FFFFFF
(1785791754.042908) can0 18F015F1#00008B2C48CA4808
(1785791754.045153) can0 18FF09D1#01000C00C40CE5
(1785791754.105468) can0 18FEF1F8#FF0000FFFFFFFFFF
(1785791754.106801) can0 18F005F8#7DFFFF7DFFFFFFFF
(1785791754.114017) can0 1CECFFF1#20120003FF19F000
(1785791754.114882) can0 1CEBFFF1#0127100000000000
(1785791754.116001) can0 1CEBFFF1#0200000000000000
(1785791754.116880) can0 1CEBFFF1#0344DB4D86FFFFFF
(1785791754.142941) can0 18F015F1#00008B2B48CC4809
(1785791754.145244) can0 18FF09D1#01000C00C40CE5
(1785791754.145511) can0 18FF14D1#
(1785791754.205560) can0 18FEF1F8#FF0000FFFFFFFFFF
(1785791754.207021) can0 18F005F8#7DFFFF7DFFFFFFFF
(1785791754.214920) can0 1CECFFF1#20120003FF19F000
(1785791754.215968) can0 1CEBFFF1#0127100000000000
(1785791754.217052) can0 1CEBFFF1#0200000000000000
(1785791754.217857) can0 1CEBFFF1#0344DA8D47FFFFFF
(1785791754.243919) can0 18F015F1#00008B2A48CE4809
(1785791754.245122) can0 18FF09D1#01000C00C40CE5
(1785791754.253844) can0 18F017F1#FDB70F5E9944
(1785791754.254277) can0 18F018F1#E15C07C28DBB
(1785791754.305228) can0 18FEF1F8#FF0000FFFFFFFFFF
(1785791754.306448) can0 18F005F8#7DFFFF7DFFFFFFFF
(1785791754.314939) can0 1CECFFF1#20120003FF19F000
(1785791754.315918) can0 1CEBFFF1#0127100000000000
(1785791754.316894) can0 1CEBFFF1#0200000000000000
(1785791754.317914) can0 1CEBFFF1#0344DA8D47FFFFFF
(1785791754.343901) can0 18F015F1#00008B2B48CE480A
(1785791754.345102) can0 18FF09D1#01000C00C40CE5
(1785791754.405589) can0 18FEF1F8#FF0000FFFFFFFFFF
(1785791754.406819) can0 18F005F8#7DFFFF7DFFFFFFFF
(1785791754.414881) can0 1CECFFF1#20120003FF19F000
(1785791754.415911) can0 1CEBFFF1#0127100000000000
(1785791754.416892) can0 1CEBFFF1#0200000000000000
(1785791754.417854) can0 1CEBFFF1#0344DB4D86FFFFFF
(1785791754.443980) can0 18F015F1#00008B2B48CE480B
(1785791754.445167) can0 18FF09D1#01000C00C40CE5
(1785791754.505393) can0 18FEF1F8#FF0000FFFFFFFFFF
(1785791754.506577) can0 18F005F8#7DFFFF7DFFFFFFFF
(1785791754.514887) can0 1CECFFF1#20120003FF19F000
(1785791754.515998) can0 1CEBFFF1#0127100000000000
(1785791754.516966) can0 1CEBFFF1#0200000000000000
(1785791754.517920) can0 1CEBFFF1#0344DB4D86FFFFFF
(1785791754.543880) can0 18F015F1#00008B2A48CE480B
(1785791754.545089) can0 18FF09D1#01000C00C40CE5
(1785791754.605246) can0 18FEF1F8#FF0000FFFFFFFFFF
(1785791754.606398) can0 18F005F8#7DFFFF7DFFFFFFFF
(1785791754.614901) can0 1CECFFF1#20120003FF19F000
(1785791754.616138) can0 1CEBFFF1#0127100000000000
(1785791754.616894) can0 1CEBFFF1#0200000000000000
(1785791754.617868) can0 1CEBFFF1#0344DA8D47FFFFFF
(1785791754.643878) can0 18F015F1#00008B2B48D1480A
(1785791754.645187) can0 18FF09D1#01000C00C40CE5
(1785791754.645504) can0 18FF14D1#
(1785791754.705220) can0 18FEF1F8#FF0000FFFFFFFFFF
(1785791754.706421) can0 18F005F8#7DFFFF7DFFFFFFFF
(1785791754.714890) can0 1CECFFF1#20120003FF19F000
(1785791754.715893) can0 1CEBFFF1#0127100000000000
(1785791754.716891) can0 1CEBFFF1#0200000000000000
(1785791754.717864) can0 1CEBFFF1#0344DB4D86FFFFFF
(1785791754.744889) can0 18F015F1#00008B2B48D0480B
(1785791754.745390) can0 18FF09D1#01000C00C40CE5
(1785791754.805560) can0 18FEF1F8#FF0000FFFFFFFFFF
(1785791754.806846) can0 18F005F8#7DFFFF7DFFFFFFFF
(1785791754.814974) can0 1CECFFF1#20120003FF19F000
(1785791754.815939) can0 1CEBFFF1#0127100000000000
(1785791754.816961) can0 1CEBFFF1#0200000000000000
(1785791754.817997) can0 1CEBFFF1#0344DA8D47FFFFFF
(1785791754.843970) can0 18F015F1#00008B2A48D1480A
(1785791754.845105) can0 18FF09D1#01000C00C40CE5
(1785791754.906716) can0 18FEF1F8#FF0000FFFFFFFFFF
(1785791754.909332) can0 18F005F8#7DFFFF7DFFFFFFFF
(1785791754.915914) can0 1CECFFF1#20120003FF19F000
(1785791754.916946) can0 1CEBFFF1#0127100000000000
(1785791754.917940) can0 1CEBFFF1#0200000000000000
(1785791754.918885) can0 1CEBFFF1#0344DA8D47FFFFFF
(1785791754.943904) can0 18F015F1#00008B2B48D2480A
(1785791754.945097) can0 18FF09D1#01000C00C40CE5
(1785791755.005240) can0 18FEF1F8#FF0000FFFFFFFFFF
(1785791755.006376) can0 18F005F8#7DFFFF7DFFFFFFFF
(1785791755.015918) can0 1CECFFF1#20120003FF19F000
(1785791755.016878) can0 1CEBFFF1#0127100000000000
(1785791755.017889) can0 1CEBFFF1#0200000000000000
(1785791755.018859) can0 1CEBFFF1#0344DB4D86FFFFFF
(1785791755.044871) can0 18F015F1#00008B2A48D2480B
(1785791755.045380) can0 18FF09D1#01000C00C40CE5
(1785791755.105477) can0 18FEF1F8#FF0000FFFFFFFFFF
(1785791755.106798) can0 18F005F8#7DFFFF7DFFFFFFFF
(1785791755.116051) can0 1CECFFF1#20120003FF19F000
(1785791755.116936) can0 1CEBFFF1#0127100000000000
(1785791755.117901) can0 1CEBFFF1#0200000000000000
(1785791755.118872) can0 1CEBFFF1#0344DA8D47FFFFFF
(1785791755.145098) can0 18F015F1#00008B2A48D2480B
(1785791755.145468) can0 18FF09D1#01000C00C40CE5
(1785791755.145869) can0 18FF14D1#
(1785791755.146152) can0 18FF16D1#01000C0064
(1785791755.205477) can0 18FEF1F8#FF0000FFFFFFFFFF
(1785791755.206740) can0 18F005F8#7DFFFF7DFFFFFFFF
(1785791755.215909) can0 1CECFFF1#20120003FF19F000
(1785791755.216890) can0 1CEBFFF1#0127100000000000
(1785791755.217895) can0 1CEBFFF1#0200000000000000
(1785791755.218879) can0 1CEBFFF1#0344DA8D47FFFFFF
(1785791755.245921) can0 18F015F1#00008B2B48D4480B
(1785791755.254839) can0 18F017F1#FDB70F5E9944
(1785791755.255186) can0 18F018F1#E15C07C28DBB
(1785791755.305266) can0 18FEF1F8#FF0000FFFFFFFFFF
(1785791755.306483) can0 18F005F8#7DFFFF7DFFFFFFFF
(1785791755.315917) can0 1CECFFF1#20120003FF19F000
(1785791755.316899) can0 1CEBFFF1#0127100000000000
(1785791755.317910) can0 1CEBFFF1#0200000000000000
(1785791755.318871) can0 1CEBFFF1#0344DB4D86FFFFFF
(1785791755.344907) can0 18F015F1#00008B2A48D4480A
(1785791755.405640) can0 18FEF1F8#FF0000FFFFFFFFFF
(1785791755.406795) can0 18F005F8#7DFFFF7DFFFFFFFF
(1785791755.415918) can0 1CECFFF1#20120003FF19F000
(1785791755.416883) can0 1CEBFFF1#0127100000000000
(1785791755.417892) can0 1CEBFFF1#0200000000000000
(1785791755.418867) can0 1CEBFFF1#0344DA8D47FFFFFF
(1785791755.445012) can0 18F015F1#00008B2A48D4480A
(1785791755.508328) can0 18FEF1F8#FF0000FFFFFFFFFF
(1785791755.509715) can0 18F005F8#7DFFFF7DFFFFFFFF
(1785791755.516154) can0 1CECFFF1#20120003FF19F000
(1785791755.516962) can0 1CEBFFF1#0127100000000000
(1785791755.518081) can0 1CEBFFF1#0200000000000000
(1785791755.518964) can0 1CEBFFF1#0344DA8D47FFFFFF
(1785791755.544912) can0 18F015F1#00008B2A48D5480A
(1785791755.605246) can0 18FEF1F8#FF0000FFFFFFFFFF
(1785791755.606432) can0 18F005F8#7DFFFF7DFFFFFFFF
(1785791755.615905) can0 1CECFFF1#20120003FF19F000
(1785791755.616883) can0 1CEBFFF1#0127100000000000
(1785791755.617893) can0 1CEBFFF1#0200000000000000
(1785791755.618871) can0 1CEBFFF1#0344DA8D47FFFFFF
(1785791755.644898) can0 18F015F1#00008B2A48D6480A
(1785791755.645152) can0 18FF14D1#
(1785791755.705237) can0 18FEF1F8#FF0000FFFFFFFFFF
(1785791755.706409) can0 18F005F8#7DFFFF7DFFFFFFFF
(1785791755.716890) can0 1CECFFF1#20120003FF19F000
(1785791755.717881) can0 1CEBFFF1#0127100000000000
(1785791755.718893) can0 1CEBFFF1#0200000000000000
(1785791755.719868) can0 1CEBFFF1#0344DA8D47FFFFFF
(1785791755.745936) can0 18F015F1#00008B2B48D6480A
(1785791755.805536) can0 18FEF1F8#FF0000FFFFFFFFFF
(1785791755.807011) can0 18F005F8#7DFFFF7DFFFFFFFF
(1785791755.816994) can0 1CECFFF1#20120003FF19F000
(1785791755.817896) can0 1CEBFFF1#0127100000000000
(1785791755.818939) can0 1CEBFFF1#0200000000000000
(1785791755.819884) can0 1CEBFFF1#0344DB4D86FFFFFF
(1785791755.846097) can0 18F015F1#00008B2B48D7480A
(1785791755.907804) can0 18FEF1F8#FF0000FFFFFFFFFF
(1785791755.908950) can0 18F005F8#7DFFFF7DFFFFFFFF
(1785791755.916927) can0 1CECFFF1#20120003FF19F000
(1785791755.917896) can0 1CEBFFF1#0127100000000000
(1785791755.918890) can0 1CEBFFF1#0200000000000000
(1785791755.919864) can0 1CEBFFF1#0344DB4D86FFFFFF
(1785791755.946198) can0 18F015F1#00008B2B48D8480B
(1785791756.005398) can0 18FEF1F8#FF0000FFFFFFFFFF
(1785791756.006676) can0 18F005F8#7DFFFF7DFFFFFFFF
(1785791756.016927) can0 1CECFFF1#20120003FF19F000
(1785791756.017923) can0 1CEBFFF1#0127100000000000
(1785791756.018907) can0 1CEBFFF1#0200000000000000
(1785791756.019887) can0 1CEBFFF1#0344DB4D86FFFFFF
(1785791756.045934) can0 18F015F1#00008B2B48D8480A
(1785791756.105244) can0 18FEF1F8#FF0000FFFFFFFFFF
(1785791756.106412) can0 18F005F8#7DFFFF7DFFFFFFFF
(1785791756.116959) can0 1CECFFF1#20120003FF19F000
(1785791756.117893) can0 1CEBFFF1#0127100000000000
(1785791756.118896) can0 1CEBFFF1#0200000000000000
(1785791756.119866) can0 1CEBFFF1#0344DB4D86FFFFFF
(1785791756.144947) can0 18FF14D1#
(1785791756.145944) can0 18F015F1#00008B2B48D8480A
(1785791756.206240) can0 18FEF1F8#FF0000FFFFFFFFFF
(1785791756.207542) can0 18F005F8#7DFFFF7DFFFFFFFF
(1785791756.216948) can0 1CECFFF1#20120003FF19F000
(1785791756.217915) can0 1CEBFFF1#0127100000000000
(1785791756.218906) can0 1CEBFFF1#0200000000000000
(1785791756.219867) can0 1CEBFFF1#0344DB4D86FFFFFF
(1785791756.248085) can0 18F015F1#00008B2B48DA480A
(1785791756.255813) can0 18F017F1#F7A6109D9D5D
(1785791756.256355) can0 18F018F1#EFEF080C8FCB
(1785791756.305271) can0 18FEF1F8#FF0000FFFFFFFFFF
(1785791756.306458) can0 18F005F8#7DFFFF7DFFFFFFFF
(1785791756.316922) can0 1CECFFF1#20120003FF19F000
(1785791756.317895) can0 1CEBFFF1#0127100000000000
(1785791756.318910) can0 1CEBFFF1#0200000000000000
(1785791756.319936) can0 1CEBFFF1#0344DB4D86FFFFFF
(1785791756.345186) can0 18FF09D1#01000C00C464E7
(1785791756.346928) can0 18F015F1#00008B2B48D9480A
(1785791756.405370) can0 18FEF1F8#FF0000FFFFFFFFFF
(1785791756.406573) can0 18F005F8#7DFFFF7DFFFFFFFF
(1785791756.416928) can0 1CECFFF1#20120003FF19F000
(1785791756.417895) can0 1CEBFFF1#0127100000000000
(1785791756.418906) can0 1CEBFFF1#0200000000000000
(1785791756.420157) can0 1CEBFFF1#0344DB4D86FFFFFF
(1785791756.445363) can0 18FF09D1#01000C00C464E7
(1785791756.446880) can0 18F015F1#00008B2B48DA4809
(1785791756.505386) can0 18FEF1F8#FF0000FFFFFFFFFF
(1785791756.506870) can0 18F005F8#7DFFFF7DFFFFFFFF
(1785791756.518002) can0 1CECFFF1#20120003FF19F000
(1785791756.518898) can0 1CEBFFF1#0127100000000000
(1785791756.519898) can0 1CEBFFF1#0200000000000000
(1785791756.520874) can0 1CEBFFF1#0344DB4D86FFFFFF
(1785791756.545062) can0 18FF09D1#01000C00C464E7
(1785791756.546868) can0 18F015F1#00008B2B48DB480A
(1785791756.605251) can0 18FEF1F8#FF0000FFFFFFFFFF
(1785791756.606436) can0 18F005F8#7DFFFF7DFFFFFFFF
(1785791756.617931) can0 1CECFFF1#20120003FF19F000
(1785791756.618891) can0 1CEBFFF1#0127100000000000
(1785791756.619899) can0 1CEBFFF1#0200000000000000
(1785791756.620874) can0 1CEBFFF1#0344DB4D86FFFFFF
(1785791756.645193) can0 18FF09D1#01000C00C464E7
(1785791756.645621) can0 18FF14D1#
(1785791756.646863) can0 18F015F1#00008B2B48DC480A
(1785791756.705216) can0 18FEF1F8#FF0000FFFFFFFFFF
(1785791756.706437) can0 18F005F8#7DFFFF7DFFFFFFFF
(1785791756.717898) can0 1CECFFF1#20120003FF19F000
(1785791756.718889) can0 1CEBFFF1#0127100000000000
(1785791756.719901) can0 1CEBFFF1#0200000000000000
(1785791756.720870) can0 1CEBFFF1#0344DB4D86FFFFFF
(1785791756.745089) can0 18FF09D1#01000C00C464E7
(1785791756.747867) can0 18F015F1#00008B2B48DC4809
(1785791756.805513) can0 18FEF1F8#FF0000FFFFFFFFFF
(1785791756.806907) can0 18F005F8#7DFFFF7DFFFFFFFF
(1785791756.818262) can0 1CECFFF1#20120003FF19F000
(1785791756.818940) can0 1CEBFFF1#0127100000000000
(1785791756.819945) can0 1CEBFFF1#0200000000000000
(1785791756.820924) can0 1CEBFFF1#0344DA8D47FFFFFF
(1785791756.845198) can0 18FF09D1#01000C00C438E6
(1785791756.846896) can0 18F015F1#00008B2B48DE480A
(1785791756.905997) can0 18FEF1F8#FF0000FFFFFFFFFF
(1785791756.907473) can0 18F005F8#7DFFFF7DFFFFFFFF
(1785791756.919514) can0 1CECFFF1#20120003FF19F000
(1785791756.919978) can0 1CEBFFF1#0127100000000000
(1785791756.920290) can0 1CEBFFF1#0200000000000000
(1785791756.920913) can0 1CEBFFF1#0344DB4D86FFFFFF
(1785791756.945282) can0 18FF09D1#01000C00C438E6
(1785791756.947022) can0 18F015F1#00008B2B48DD4809
(1785791757.005242) can0 18FEF1F8#FF0000FFFFFFFFFF
(1785791757.006467) can0 18F005F8#7DFFFF7DFFFFFFFF
(1785791757.017938) can0 1CECFFF1#20120003FF19F000
(1785791757.018894) can0 1CEBFFF1#0127100000000000
(1785791757.019902) can0 1CEBFFF1#0200000000000000
(1785791757.020871) can0 1CEBFFF1#0344DB4D86FFFFFF
(1785791757.045058) can0 18FF09D1#01000C00C438E6
(1785791757.046878) can0 18F015F1#00008B2A48DE4809
(1785791757.105244) can0 18FEF1F8#FF0000FFFFFFFFFF
(1785791757.106456) can0 18F005F8#7DFFFF7DFFFFFFFF
(1785791757.118950) can0 1CECFFF1#20120003FF19F000
(1785791757.119917) can0 1CEBFFF1#0127100000000000
(1785791757.120920) can0 1CEBFFF1#0200000000000000
(1785791757.121894) can0 1CEBFFF1#0344DA8D47FFFFFF
(1785791757.145293) can0 18FF09D1#01000C00C438E6
(1785791757.145595) can0 18FF14D1#
(1785791757.147908) can0 18F015F1#00008B2A48DF480A
(1785791757.205402) can0 18FEF1F8#FF0000FFFFFFFFFF
(1785791757.206584) can0 18F005F8#7DFFFF7DFFFFFFFF
(1785791757.218922) can0 1CECFFF1#20120003FF19F000
(1785791757.219894) can0 1CEBFFF1#0127100000000000
(1785791757.220901) can0 1CEBFFF1#0200000000000000
(1785791757.221887) can0 1CEBFFF1#0344DA8D47FFFFFF
(1785791757.245058) can0 18FF09D1#01000C00C438E6
(1785791757.247877) can0 18F015F1#00008B2B48E04809
(1785791757.257825) can0 18F017F1#F7A6109D9D5D
(1785791757.258267) can0 18F018F1#EFEF080C8FCB
(1785791757.305287) can0 18FEF1F8#FF0000FFFFFFFFFF
(1785791757.306483) can0 18F005F8#7DFFFF7DFFFFFFFF
(1785791757.318918) can0 1CECFFF1#20120003FF19F000
(1785791757.319904) can0 1CEBFFF1#0127100000000000
(1785791757.320913) can0 1CEBFFF1#0200000000000000
(1785791757.321889) can0 1CEBFFF1#0344DA8D47FFFFFF
(1785791757.345092) can0 18FF09D1#01000C00C438E6
(1785791757.347893) can0 18F015F1#00008B2A48E0480A
(1785791757.405293) can0 18FEF1F8#FF0000FFFFFFFFFF
(1785791757.406462) can0 18F005F8#7DFFFF7DFFFFFFFF
(1785791757.418915) can0 1CECFFF1#20120003FF19F000
(1785791757.419897) can0 1CEBFFF1#0127100000000000
(1785791757.420905) can0 1CEBFFF1#0200000000000000
(1785791757.421881) can0 1CEBFFF1#0344DA8D47FFFFFF
(1785791757.445169) can0 18FF09D1#01000C00C438E6
(1785791757.447944) can0 18F015F1#00008B2A48E24809
(1785791757.505615) can0 18FEF1F8#FF0000FFFFFFFFFF
(1785791757.507193) can0 18F005F8#7DFFFF7DFFFFFFFF
(1785791757.519114) can0 1CECFFF1#20120003FF19F000
(1785791757.520014) can0 1CEBFFF1#0127100000000000
(1785791757.521039) can0 1CEBFFF1#0200000000000000
(1785791757.521927) can0 1CEBFFF1#0344DA8D47FFFFFF
(1785791757.545068) can0 18FF09D1#01000C00C438E6
(1785791757.547906) can0 18F015F1#00008B2A48E24809
(1785791757.605264) can0 18FEF1F8#FF0000FFFFFFFFFF
(1785791757.606443) can0 18F005F8#7DFFFF7DFFFFFFFF
(1785791757.618930) can0 1CECFFF1#20120003FF19F000
(1785791757.619900) can0 1CEBFFF1#0127100000000000
(1785791757.620907) can0 1CEBFFF1#0200000000000000
(1785791757.621883) can0 1CEBFFF1#0344DA8D47FFFFFF
(1785791757.645143) can0 18FF09D1#01000C00C438E6
(1785791757.645471) can0 18FF14D1#
(1785791757.647882) can0 18F015F1#00008B2A48E34809
(1785791757.705241) can0 18FEF1F8#FF0000FFFFFFFFFF
(1785791757.706417) can0 18F005F8#7DFFFF7DFFFFFFFF
(1785791757.718909) can0 1CECFFF1#20120003FF19F000
(1785791757.719898) can0 1CEBFFF1#0127100000000000
(1785791757.720911) can0 1CEBFFF1#0200000000000000
(1785791757.721884) can0 1CEBFFF1#0344DA8D47FFFFFF
(1785791757.745038) can0 18FF09D1#01000C00C438E6
(1785791757.748875) can0 18F015F1#00008B2A48E34809
(1785791757.805610) can0 18FEF1F8#FF0000FFFFFFFFFF
(1785791757.806902) can0 18F005F8#7DFFFF7DFFFFFFFF
(1785791757.819013) can0 1CECFFF1#20120003FF19F000
(1785791757.819921) can0 1CEBFFF1#0127100000000000
(1785791757.821017) can0 1CEBFFF1#0200000000000000
(1785791757.821897) can0 1CEBFFF1#0344DA8D47FFFFFF
(1785791757.845802) can0 18FF09D1#01000C00C49CE6
(1785791757.847952) can0 18F015F1#00008B2A48E54809
(1785791757.905993) can0 18FEF1F8#FF0000FFFFFFFFFF
(1785791757.907641) can0 18F005F8#7DFFFF7DFFFFFFFF
(1785791757.920070) can0 1CECFFF1#20120003FF19F000
(1785791757.920941) can0 1CEBFFF1#0127100000000000
(1785791757.921962) can0 1CEBFFF1#0200000000000000
(1785791757.923137) can0 1CEBFFF1#0344DA8D47FFFFFF
(1785791757.945192) can0 18FF09D1#01000C00C49CE6
(1785791757.948967) can0 18F015F1#00008B2A48E44809
(1785791758.005522) can0 18FEF1F8#FF0000FFFFFFFFFF
(1785791758.006675) can0 18F005F8#7DFFFF7DFFFFFFFF
(1785791758.019974) can0 1CECFFF1#20120003FF19F000
(1785791758.020915) can0 1CEBFFF1#0127100000000000
(1785791758.021918) can0 1CEBFFF1#0200000000000000
(1785791758.022898) can0 1CEBFFF1#0344DA8D47FFFFFF
(1785791758.045046) can0 18FF09D1#01000C00C49CE6
(1785791758.048889) can0 18F015F1#00008B2A48E74809
(1785791758.105242) can0 18FEF1F8#FF0000FFFFFFFFFF
(1785791758.106389) can0 18F005F8#7DFFFF7DFFFFFFFF
(1785791758.120030) can0 1CECFFF1#20120003FF19F000
(1785791758.120908) can0 1CEBFFF1#0127100000000000
(1785791758.121921) can0 1CEBFFF1#0200000000000000
(1785791758.122902) can0 1CEBFFF1#0344DA8D47FFFFFF
(1785791758.148374) can0 18FF09D1#01000C00C49CE6
(1785791758.148932) can0 18F015F1#00008B2A48E64809
(1785791758.149103) can0 18FF14D1#
(1785791758.206417) can0 18FEF1F8#FF0000FFFFFFFFFF
(1785791758.208135) can0 18F005F8#7DFFFF7DFFFFFFFF
(1785791758.220217) can0 1CECFFF1#20120003FF19F000
(1785791758.221059) can0 1CEBFFF1#0127100000000000
(1785791758.221980) can0 1CEBFFF1#0200000000000000
(1785791758.222914) can0 1CEBFFF1#0344DA8D47FFFFFF
(1785791758.245086) can0 18FF09D1#01000C00C49CE6
(1785791758.248935) can0 18F015F1#00008B2A48E84809
(1785791758.258854) can0 18F017F1#F4B50E309A4F
(1785791758.259422) can0 18F018F1#EEA0095891D3
(1785791758.305334) can0 18FEF1F8#FF0000FFFFFFFFFF
(1785791758.306509) can0 18F005F8#7DFFFF7DFFFFFFFF
(1785791758.319956) can0 1CECFFF1#20120003FF19F000
(1785791758.320945) can0 1CEBFFF1#0127100000000000
(1785791758.321927) can0 1CEBFFF1#0200000000000000
(1785791758.322905) can0 1CEBFFF1#0344DA8D47FFFFFF
(1785791758.345066) can0 18FF09D1#01000C00C49CE6
(1785791758.348935) can0 18F015F1#00008B2A48E84809
(1785791758.405762) can0 18FEF1F8#FF0000FFFFFFFFFF
(1785791758.407031) can0 18F005F8#7DFFFF7DFFFFFFFF
(1785791758.420063) can0 1CECFFF1#20120003FF19F000
(1785791758.420907) can0 1CEBFFF1#0127100000000000
(1785791758.421938) can0 1CEBFFF1#0200000000000000
(1785791758.422911) can0 1CEBFFF1#0344DA8D47FFFFFF
(1785791758.445173) can0 18FF09D1#01000C00C49CE6
(1785791758.448939) can0 18F015F1#00008B2A48EA4809
(1785791758.505363) can0 18FEF1F8#FF0000FFFFFFFFFF
(1785791758.506560) can0 18F005F8#7DFFFF7DFFFFFFFF
(1785791758.520005) can0 1CECFFF1#20120003FF19F000
(1785791758.520945) can0 1CEBFFF1#0127100000000000
(1785791758.522013) can0 1CEBFFF1#0200000000000000
(1785791758.522930) can0 1CEBFFF1#0344DA8D47FFFFFF
(1785791758.545147) can0 18FF09D1#01000C00C49CE6
(1785791758.548994) can0 18F015F1#00008B2A48E94809
(1785791758.607149) can0 18FEF1F8#FF0000FFFFFFFFFF
(1785791758.608485) can0 18F005F8#7DFFFF7DFFFFFFFF
(1785791758.620009) can0 1CECFFF1#20120003FF19F000
(1785791758.620905) can0 1CEBFFF1#0127100000000000
(1785791758.621918) can0 1CEBFFF1#0200000000000000
(1785791758.622931) can0 1CEBFFF1#0344DA8D47FFFFFF
(1785791758.645114) can0 18FF09D1#01000C00C49CE6
(1785791758.645467) can0 18FF14D1#
(1785791758.648884) can0 18F015F1#00008B2A48EC4809
(1785791758.705245) can0 18FEF1F8#FF0000FFFFFFFFFF
(1785791758.706407) can0 18F005F8#7DFFFF7DFFFFFFFF
(1785791758.720923) can0 1CECFFF1#20120003FF19F000
(1785791758.721907) can0 1CEBFFF1#0127100000000000
(1785791758.722920) can0 1CEBFFF1#0200000000000000
(1785791758.723893) can0 1CEBFFF1#0344DA8D47FFFFFF
(1785791758.745042) can0 18FF09D1#01000C00C49CE6
(1785791758.749897) can0 18F015F1#00008B2A48EC4809
(1785791758.805414) can0 18FEF1F8#FF0000FFFFFFFFFF
(1785791758.806698) can0 18F005F8#7DFFFF7DFFFFFFFF
(1785791758.821022) can0 1CECFFF1#20120003FF19F000
(1785791758.821949) can0 1CEBFFF1#0127100000000000
(1785791758.822966) can0 1CEBFFF1#0200000000000000
(1785791758.823944) can0 1CEBFFF1#0344DA8D47FFFFFF
(1785791758.845133) can0 18FF09D1#01000C00C49CE6
(1785791758.850054) can0 18F015F1#00008B2A48ED4809
(1785791758.906473) can0 18FEF1F8#FF0000FFFFFFFFFF
(1785791758.907906) can0 18F005F8#7DFFFF7DFFFFFFFF
(1785791758.920975) can0 1CECFFF1#20120003FF19F000
(1785791758.921917) can0 1CEBFFF1#0127100000000000
(1785791758.922978) can0 1CEBFFF1#0200000000000000
(1785791758.923929) can0 1CEBFFF1#0344DA8D47FFFFFF
(1785791758.945072) can0 18FF09D1#01000C00C47CE3
(1785791758.949974) can0 18F015F1#00008B2A48EE4809
(1785791759.005252) can0 18FEF1F8#FF0000FFFFFFFFFF
(1785791759.006397) can0 18F005F8#7DFFFF7DFFFFFFFF
(1785791759.020946) can0 1CECFFF1#20120003FF19F000
(1785791759.021906) can0 1CEBFFF1#0127100000000000
(1785791759.022916) can0 1CEBFFF1#0200000000000000
(1785791759.023893) can0 1CEBFFF1#0344DA8D47FFFFFF
(1785791759.045007) can0 18FF09D1#01000C00C47CE3
(1785791759.049888) can0 18F015F1#00008B2A48EF4809
(1785791759.105258) can0 18FEF1F8#FF0000FFFFFFFFFF
(1785791759.106423) can0 18F005F8#7DFFFF7DFFFFFFFF
(1785791759.120934) can0 1CECFFF1#20120003FF19F000
(1785791759.121930) can0 1CEBFFF1#0127100000000000
(1785791759.122933) can0 1CEBFFF1#0200000000000000
(1785791759.123906) can0 1CEBFFF1#0344DA8D47FFFFFF
(1785791759.145238) can0 18FF09D1#01000C00C47CE3
(1785791759.145640) can0 18FF14D1#
(1785791759.145965) can0 18FF16D1#01000C0064
(1785791759.149925) can0 18F015F1#00008B2A48EF4809
(1785791759.205672) can0 18FEF1F8#FF0000FFFFFFFFFF
(1785791759.207173) can0 18F005F8#7DFFFF7DFFFFFFFF
(1785791759.221111) can0 1CECFFF1#20120003FF19F000
(1785791759.221926) can0 1CEBFFF1#0127100000000000
(1785791759.222918) can0 1CEBFFF1#0200000000000000
(1785791759.223892) can0 1CEBFFF1#0344DA8D47FFFFFF
(1785791759.245032) can0 18FF09D1#01000C00C47CE3
(1785791759.250896) can0 18F015F1#00008B2A48F14808
(1785791759.259817) can0 18F017F1#F4B50E309A4F
(1785791759.260284) can0 18F018F1#EEA0095891D3
(1785791759.305290) can0 18FEF1F8#FF0000FFFFFFFFFF
(1785791759.306479) can0 18F005F8#7DFFFF7DFFFFFFFF
(1785791759.320940) can0 1CECFFF1#20120003FF19F000
(1785791759.321912) can0 1CEBFFF1#0127100000000000
(1785791759.322920) can0 1CEBFFF1#0200000000000000
(1785791759.323893) can0 1CEBFFF1#0344DA8D47FFFFFF
(1785791759.344991) can0 18FF09D1#01000C00C47CE3
(1785791759.349890) can0 18F015F1#00008B2A48F24809
(1785791759.405262) can0 18FEF1F8#FF0000FFFFFFFFFF
(1785791759.406396) can0 18F005F8#7DFFFF7DFFFFFFFF
(1785791759.421944) can0 1CECFFF1#20120003FF19F000
(1785791759.422930) can0 1CEBFFF1#0127100000000000
(1785791759.423944) can0 1CEBFFF1#0200000000000000
(1785791759.424929) can0 1CEBFFF1#0344DA8D47FFFFFF
(1785791759.445007) can0 18FF09D1#01000C00C400E7
(1785791759.450901) can0 18F015F1#00008B2A48F34808
(1785791759.505534) can0 18FEF1F8#FF0000FFFFFFFFFF
(1785791759.506957) can0 18F005F8#7DFFFF7DFFFFFFFF
(1785791759.522188) can0 1CECFFF1#20120003FF19F000
(1785791759.523001) can0 1CEBFFF1#0127100000000000
(1785791759.523956) can0 1CEBFFF1#0200000000000000
(1785791759.524947) can0 1CEBFFF1#0344DA8D47FFFFFF
(1785791759.545208) can0 18FF09D1#01000C00C400E7
(1785791759.550909) can0 18F015F1#00008B2A48F44808
(1785791759.605226) can0 18FEF1F8#FF0000FFFFFFFFFF
(1785791759.606370) can0 18F005F8#7DFFFF7DFFFFFFFF
(1785791759.621983) can0 1CECFFF1#20120003FF19F000
(1785791759.622915) can0 1CEBFFF1#0127100000000000
(1785791759.623920) can0 1CEBFFF1#0200000000000000
(1785791759.624914) can0 1CEBFFF1#0344DA8D47FFFFFF
(1785791759.645102) can0 18FF09D1#01000C00C400E7
(1785791759.645358) can0 18FF14D1#
(1785791759.650900) can0 18F015F1#00008B2A48F64809
(1785791759.705229) can0 18FEF1F8#FF0000FFFFFFFFFF
(1785791759.706376) can0 18F005F8#7DFFFF7DFFFFFFFF
(1785791759.721922) can0 1CECFFF1#20120003FF19F000
(1785791759.722911) can0 1CEBFFF1#0127100000000000
(1785791759.723919) can0 1CEBFFF1#0200000000000000
(1785791759.724897) can0 1CEBFFF1#0344DA8D47FFFFFF
(1785791759.745006) can0 18FF09D1#01000C00C400E7
(1785791759.751895) can0 18F015F1#00008B2A48F54808
(1785791759.805470) can0 18FEF1F8#FF0000FFFFFFFFFF
(1785791759.806680) can0 18F005F8#7DFFFF7DFFFFFFFF
(1785791759.821989) can0 1CECFFF1#20120003FF19F000
(1785791759.822925) can0 1CEBFFF1#0127100000000000
(1785791759.823940) can0 1CEBFFF1#0200000000000000
(1785791759.824908) can0 1CEBFFF1#0344DA8D47FFFFFF
(1785791759.845176) can0 18FF09D1#01000C00C400E7
(1785791759.851016) can0 18F015F1#00008B2A48F84808
(1785791759.906359) can0 18FEF1F8#FF0000FFFFFFFFFF
(1785791759.908450) can0 18F005F8#7DFFFF7DFFFFFFFF
(1785791759.921973) can0 1CECFFF1#20120003FF19F000
(1785791759.922926) can0 1CEBFFF1#0127100000000000
(1785791759.923935) can0 1CEBFFF1#0200000000000000
(1785791759.924907) can0 1CEBFFF1#0344DA8D47FFFFFF
(1785791759.947323) can0 18FF09D1#01000C00C438E6
(1785791759.950932) can0 18F015F1#00008B2A48F84808
(1785791760.005940) can0 18FEF1F8#FF0000FFFFFFFFFF
(1785791760.007064) can0 18F005F8#7DFFFF7DFFFFFFFF
(1785791760.021959) can0 1CECFFF1#20120003FF19F000
(1785791760.022919) can0 1CEBFFF1#0127100000000000
(1785791760.023924) can0 1CEBFFF1#0200000000000000
(1785791760.024900) can0 1CEBFFF1#0344DA8D47FFFFFF
(1785791760.045004) can0 18FF09D1#01000C00C438E6
(1785791760.050907) can0 18F015F1#00008B2A48FA4808
(1785791760.105246) can0 18FEF1F8#FF0000FFFFFFFFFF
(1785791760.106449) can0 18F005F8#7DFFFF7DFFFFFFFF
(1785791760.121937) can0 1CECFFF1#20120003FF19F000
(1785791760.122927) can0 1CEBFFF1#0127100000000000
(1785791760.123937) can0 1CEBFFF1#0200000000000000
(1785791760.124912) can0 1CEBFFF1#0344DA8D47FFFFFF
(1785791760.145165) can0 18FF09D1#01000C00C438E6
(1785791760.145623) can0 18FF14D1#
(1785791760.151058) can0 18F015F1#00008B2A48FA4808
(1785791760.206156) can0 18FEF1F8#FF0000FFFFFFFFFF
(1785791760.207627) can0 18F005F8#7DFFFF7DFFFFFFFF
(1785791760.223309) can0 1CECFFF1#20120003FF19F000
(1785791760.223958) can0 1CEBFFF1#0127100000000000
(1785791760.224935) can0 1CEBFFF1#0200000000000000
(1785791760.225969) can0 1CEBFFF1#0344DA8D47FFFFFF
(1785791760.244988) can0 18FF09D1#01000C00C438E6
(1785791760.251918) can0 18F015F1#00008B2A48FD4808
(1785791760.261816) can0 18F017F1#F4250D759D6D
(1785791760.262285) can0 18F018F1#EDFE08F3903B
(1785791760.305294) can0 18FEF1F8#FF0000FFFFFFFFFF
(1785791760.306564) can0 18F005F8#7DFFFF7DFFFFFFFF
(1785791760.322966) can0 1CECFFF1#20120003FF19F000
(1785791760.323933) can0 1CEBFFF1#0127100000000000
(1785791760.324943) can0 1CEBFFF1#0200000000000000
(1785791760.325923) can0 1CEBFFF1#0344D98C07FFFFFF
(1785791760.344979) can0 18FF09D1#01000C00C438E6
(1785791760.351907) can0 18F015F1#00008B2948FC4808
(1785791760.405309) can0 18FEF1F8#FF0000FFFFFFFFFF
(1785791760.406439) can0 18F005F8#7DFFFF7DFFFFFFFF
(1785791760.422935) can0 1CECFFF1#20120003FF19F000
(1785791760.423920) can0 1CEBFFF1#0127100000000000
(1785791760.424926) can0 1CEBFFF1#0200000000000000
(1785791760.425917) can0 1CEBFFF1#0344DA8D47FFFFFF
(1785791760.444972) can0 18FF09D1#01000C00C4E0E3
(1785791760.451901) can0 18F015F1#00008B2A48FF4808
(1785791760.507136) can0 18FEF1F8#FF0000FFFFFFFFFF
(1785791760.508375) can0 18F005F8#7DFFFF7DFFFFFFFF
(1785791760.523095) can0 1CECFFF1#20120003FF19F000
(1785791760.523953) can0 1CEBFFF1#0127100000000000
(1785791760.524940) can0 1CEBFFF1#0200000000000000
(1785791760.526045) can0 1CEBFFF1#0344D98C07FFFFFF
(1785791760.545008) can0 18FF09D1#01000C00C4E0E3
(1785791760.551903) can0 18F015F1#00008B2948FF4808
(1785791760.605183) can0 18FEF1F8#FF0000FFFFFFFFFF
(1785791760.606309) can0 18F005F8#7DFFFF7DFFFFFFFF
(1785791760.623042) can0 1CECFFF1#20120003FF19F000
(1785791760.623953) can0 1CEBFFF1#0127100000000000
(1785791760.624934) can0 1CEBFFF1#0200000000000000
(1785791760.625937) can0 1CEBFFF1#0344D98C07FFFFFF
(1785791760.645049) can0 18FF09D1#01000C00C4E0E3
(1785791760.645310) can0 18FF14D1#
(1785791760.651909) can0 18F015F1#00008B2949024808
(1785791760.705285) can0 18FEF1F8#FF0000FFFFFFFFFF
(1785791760.706497) can0 18F005F8#7DFFFF7DFFFFFFFF
(1785791760.722974) can0 1CECFFF1#20120003FF19F000
(1785791760.723928) can0 1CEBFFF1#0127100000000000
(1785791760.724939) can0 1CEBFFF1#0200000000000000
(1785791760.725937) can0 1CEBFFF1#0344DA8D47FFFFFF
(1785791760.745044) can0 18FF09D1#01000C00C4E0E3
(1785791760.752955) can0 18F015F1#00008B2A49024807
(1785791760.805253) can0 18FEF1F8#FF0000FFFFFFFFFF
(1785791760.806430) can0 18F005F8#7DFFFF7DFFFFFFFF
(1785791760.824135) can0 1CECFFF1#20120003FF19F000
(1785791760.824958) can0 1CEBFFF1#0127100000000000
(1785791760.826043) can0 1CEBFFF1#0200000000000000
(1785791760.826947) can0 1CEBFFF1#0344DA8D47FFFFFF
(1785791760.845086) can0 18FF09D1#01000C00C4E0E3
(1785791760.853134) can0 18F015F1#00008B2A49044808
(1785791760.907061) can0 18FEF1F8#FF0000FFFFFFFFFF
(1785791760.908539) can0 18F005F8#7DFFFF7DFFFFFFFF
(1785791760.924364) can0 1CECFFF1#20120003FF19F000
(1785791760.924955) can0 1CEBFFF1#0127100000000000
(1785791760.926112) can0 1CEBFFF1#0200000000000000
(1785791760.927110) can0 1CEBFFF1#0344D98C07FFFFFF
(1785791760.945130) can0 18FF09D1#01000C00C4E0E3
(1785791760.954252) can0 18F015F1#00008B2949044808
(1785791761.005227) can0 18FEF1F8#FF0000FFFFFFFFFF
(1785791761.006371) can0 18F005F8#7DFFFF7DFFFFFFFF
(1785791761.023961) can0 1CECFFF1#20120003FF19F000
(1785791761.024956) can0 1CEBFFF1#0127100000000000
(1785791761.025963) can0 1CEBFFF1#0200000000000000
(1785791761.026913) can0 1CEBFFF1#0344DA8D47FFFFFF
(1785791761.044954) can0 18FF09D1#01000C00C4E0E3
(1785791761.052917) can0 18F015F1#00008B2A49084807
(1785791761.105257) can0 18FEF1F8#FF0000FFFFFFFFFF
(1785791761.106387) can0 18F005F8#7DFFFF7DFFFFFFFF
(1785791761.123972) can0 1CECFFF1#20120003FF19F000
(1785791761.124928) can0 1CEBFFF1#0127100000000000
(1785791761.125962) can0 1CEBFFF1#0200000000000000
(1785791761.126941) can0 1CEBFFF1#0344DA8D47FFFFFF
(1785791761.145159) can0 18FF09D1#01000C00C4E0E3
(1785791761.145503) can0 18FF14D1#
(1785791761.145766) can0 18FF16D1#01000C0064
(1785791761.153022) can0 18F015F1#00008B2949084808
(1785791761.205447) can0 18FEF1F8#FF0000FFFFFFFFFF
(1785791761.206710) can0 18F005F8#7DFFFF7DFFFFFFFF
(1785791761.224016) can0 1CECFFF1#20120003FF19F000
(1785791761.225096) can0 1CEBFFF1#0127100000000000
(1785791761.226088) can0 1CEBFFF1#0200000000000000
(1785791761.227060) can0 1CEBFFF1#0344D98C07FFFFFF
(1785791761.245426) can0 18FF09D1#01000C00C4E0E3
(1785791761.254007) can0 18F015F1#00008B29490B4807
(1785791761.263141) can0 18F017F1#F4250D759D6D
(1785791761.263638) can0 18F018F1#EDFE08F3903B
(1785791761.305327) can0 18FEF1F8#FF0000FFFFFFFFFF
(1785791761.306524) can0 18F005F8#7DFFFF7DFFFFFFFF
(1785791761.323950) can0 1CECFFF1#20120003FF19F000
(1785791761.324938) can0 1CEBFFF1#0127100000000000
(1785791761.325966) can0 1CEBFFF1#0200000000000000
(1785791761.326917) can0 1CEBFFF1#0344DA8D47FFFFFF
(1785791761.344943) can0 18FF09D1#01000C00C4E0E3
(1785791761.352933) can0 18F015F1#00008B2A490B4807
(1785791761.405467) can0 18FEF1F8#FF0000FFFFFFFFFF
(1785791761.406642) can0 18F005F8#7DFFFF7DFFFFFFFF
(1785791761.423954) can0 1CECFFF1#20120003FF19F000
(1785791761.424939) can0 1CEBFFF1#0127100000000000
(1785791761.425967) can0 1CEBFFF1#0200000000000000
(1785791761.426925) can0 1CEBFFF1#0344D98C07FFFFFF
(1785791761.444937) can0 18FF09D1#01000C00C4E0E3
(1785791761.452919) can0 18F015F1#00008B29490E4807
(1785791761.505319) can0 18FEF1F8#FF0000FFFFFFFFFF
(1785791761.506523) can0 18F005F8#7DFFFF7DFFFFFFFF
(1785791761.524087) can0 1CECFFF1#20120003FF19F000
(1785791761.525052) can0 1CEBFFF1#0127100000000000
(1785791761.526033) can0 1CEBFFF1#0200000000000000
(1785791761.526970) can0 1CEBFFF1#0344D98C07FFFFFF
(1785791761.545354) can0 18FF09D1#01000C00C4E0E3
(1785791761.553277) can0 18F015F1#00008B29490E4807
(1785791761.605218) can0 18FEF1F8#FF0000FFFFFFFFFF
(1785791761.606394) can0 18F005F8#7DFFFF7DFFFFFFFF
(1785791761.625004) can0 1CECFFF1#20120003FF19F000
(1785791761.625957) can0 1CEBFFF1#0127100000000000
(1785791761.627005) can0 1CEBFFF1#0200000000000000
(1785791761.627962) can0 1CEBFFF1#0344D98C07FFFFFF
(1785791761.645023) can0 18FF09D1#01000C00C4E0E3
(1785791761.645344) can0 18FF14D1#
(1785791761.653912) can0 18F015F1#00008B2949124806
(1785791761.705243) can0 18FEF1F8#FF0000FFFFFFFFFF
(1785791761.706405) can0 18F005F8#7DFFFF7DFFFFFFFF
(1785791761.724948) can0 1CECFFF1#20120003FF19F000
(1785791761.725951) can0 1CEBFFF1#0127100000000000
(1785791761.726944) can0 1CEBFFF1#0200000000000000
(1785791761.727913) can0 1CEBFFF1#0344D98C07FFFFFF
(1785791761.744963) can0 18FF09D1#01000C00C4E0E3
(1785791761.753924) can0 18F015F1#00008B2949124807
(1785791761.805288) can0 18FEF1F8#FF0000FFFFFFFFFF
(1785791761.806443) can0 18F005F8#7DFFFF7DFFFFFFFF
(1785791761.825044) can0 1CECFFF1#20120003FF19F000
(1785791761.825974) can0 1CEBFFF1#0127100000000000
(1785791761.826948) can0 1CEBFFF1#0200000000000000
(1785791761.827929) can0 1CEBFFF1#0344D98C07FFFFFF
(1785791761.845091) can0 18FF09D1#01000C00C4E0E3
(1785791761.854007) can0 18F015F1#00008B2949164806
(1785791761.906318) can0 18FEF1F8#FF0000FFFFFFFFFF
(1785791761.907660) can0 18F005F8#7DFFFF7DFFFFFFFF
(1785791761.924997) can0 1CECFFF1#20120003FF19F000
(1785791761.925969) can0 1CEBFFF1#0127100000000000
(1785791761.926956) can0 1CEBFFF1#0200000000000000
(1785791761.927937) can0 1CEBFFF1#0344D98C07FFFFFF
(1785791761.944953) can0 18FF09D1#01000C00C438E6
(1785791761.953995) can0 18F015F1#00008B2949164806
(1785791762.005332) can0 18FEF1F8#FF0000FFFFFFFFFF
(1785791762.006710) can0 18F005F8#7DFFFF7DFFFFFFFF
(1785791762.024981) can0 1CECFFF1#20120003FF19F000
(1785791762.025972) can0 1CEBFFF1#0127100000000000
(1785791762.026960) can0 1CEBFFF1#0200000000000000
(1785791762.027942) can0 1CEBFFF1#0344D98C07FFFFFF
(1785791762.044936) can0 18FF09D1#01000C00C438E6
(1785791762.053944) can0 18F015F1#00008B29491B4806
(1785791762.105286) can0 18FEF1F8#FF0000FFFFFFFFFF
(1785791762.106448) can0 18F005F8#7DFFFF7DFFFFFFFF
(1785791762.124964) can0 1CECFFF1#20120003FF19F000
(1785791762.125974) can0 1CEBFFF1#0127100000000000
(1785791762.126944) can0 1CEBFFF1#0200000000000000
(1785791762.127922) can0 1CEBFFF1#0344D98C07FFFFFF
(1785791762.145083) can0 18FF09D1#01000C00C438E6
(1785791762.145502) can0 18FF14D1#
(1785791762.154069) can0 18F015F1#00008B29491A4806
(1785791762.205843) can0 18FEF1F8#FF0000FFFFFFFFFF
(1785791762.207215) can0 18F005F8#7DFFFF7DFFFFFFFF
(1785791762.225002) can0 1CECFFF1#20120003FF19F000
(1785791762.226001) can0 1CEBFFF1#0127100000000000
(1785791762.226943) can0 1CEBFFF1#0200000000000000
(1785791762.227927) can0 1CEBFFF1#0344D98C07FFFFFF
(1785791762.244905) can0 18FF09D1#01000C00C438E6
(1785791762.254916) can0 18F015F1#00008B29491F4805
(1785791762.263838) can0 18F017F1#F29A0D779BE2
(1785791762.264298) can0 18F018F1#ED5408DA91DA
(1785791762.305280) can0 18FEF1F8#FF0000FFFFFFFFFF
(1785791762.306500) can0 18F005F8#7DFFFF7DFFFFFFFF
(1785791762.324970) can0 1CECFFF1#20120003FF19F000
(1785791762.325969) can0 1CEBFFF1#0127100000000000
(1785791762.326951) can0 1CEBFFF1#0200000000000000
(1785791762.327929) can0 1CEBFFF1#0344D98C07FFFFFF
(1785791762.344931) can0 18FF09D1#01000C00C438E6
(1785791762.353936) can0 18F015F1#00008B2949204806
(1785791762.405526) can0 18FEF1F8#FF0000FFFFFFFFFF
(1785791762.406749) can0 18F005F8#7DFFFF7DFFFFFFFF
(1785791762.425992) can0 1CECFFF1#20120003FF19F000
(1785791762.426943) can0 1CEBFFF1#0127100000000000
(1785791762.427952) can0 1CEBFFF1#0200000000000000
(1785791762.428929) can0 1CEBFFF1#0344D98C07FFFFFF
(1785791762.444948) can0 18FF09D1#01000C00C444E4
(1785791762.454937) can0 18F015F1#00008B2949264805
(1785791762.505503) can0 18FEF1F8#FF0000FFFFFFFFFF
(1785791762.506920) can0 18F005F8#7DFFFF7DFFFFFFFF
(1785791762.526180) can0 1CECFFF1#20120003FF19F000
(1785791762.526986) can0 1CEBFFF1#0127100000000000
(1785791762.527980) can0 1CEBFFF1#0200000000000000
(1785791762.528996) can0 1CEBFFF1#0344D98C07FFFFFF
(1785791762.544941) can0 18FF09D1#01000C00C444E4
(1785791762.554932) can0 18F015F1#00008B2949264805
(1785791762.605190) can0 18FEF1F8#FF0000FFFFFFFFFF
(1785791762.606368) can0 18F005F8#7DFFFF7DFFFFFFFF
(1785791762.625973) can0 1CECFFF1#20120003FF19F000
(1785791762.626940) can0 1CEBFFF1#0127100000000000
(1785791762.628790) can0 1CEBFFF1#0200000000000000
(1785791762.629085) can0 1CEBFFF1#0344D98C07FFFFFF
(1785791762.645046) can0 18FF09D1#01000C00C444E4
(1785791762.645468) can0 18FF14D1#
(1785791762.654929) can0 18F015F1#00008B29492D4805
(1785791762.705239) can0 18FEF1F8#FF0000FFFFFFFFFF
(1785791762.706408) can0 18F005F8#7DFFFF7DFFFFFFFF
(1785791762.725972) can0 1CECFFF1#20120003FF19F000
(1785791762.726944) can0 1CEBFFF1#0127100000000000
(1785791762.727965) can0 1CEBFFF1#0200000000000000
(1785791762.728930) can0 1CEBFFF1#0344D98C07FFFFFF
(1785791762.744909) can0 18FF09D1#01000C00C444E4
(1785791762.755990) can0 18F015F1#00008B28492D4805
(1785791762.805259) can0 18FEF1F8#FF0000FFFFFFFFFF
(1785791762.806521) can0 18F005F8#7DFFFF7DFFFFFFFF
(1785791762.826183) can0 1CECFFF1#20120003FF19F000
(1785791762.826928) can0 1CEBFFF1#0127100000000000
(1785791762.827971) can0 1CEBFFF1#0200000000000000
(1785791762.828927) can0 1CEBFFF1#0344D84CC6FFFFFF
(1785791762.845015) can0 18FF09D1#01000C00C444E4
(1785791762.855073) can0 18F015F1#00008B2849334805
(1785791762.907426) can0 18FEF1F8#FF0000FFFFFFFFFF
(1785791762.908693) can0 18F005F8#7DFFFF7DFFFFFFFF
(1785791762.926681) can0 1CECFFF1#20120003FF19F000
(1785791762.927242) can0 1CEBFFF1#0127100000000000
(1785791762.927954) can0 1CEBFFF1#0200000000000000
(1785791762.928949) can0 1CEBFFF1#0344D84CC6FFFFFF
(1785791762.945157) can0 18FF09D1#01000C00C444E4
(1785791762.955093) can0 18F015F1#00008B2849364805
(1785791763.005308) can0 18FEF1F8#FF0000FFFFFFFFFF
(1785791763.006474) can0 18F005F8#7DFFFF7DFFFFFFFF
(1785791763.026020) can0 1CECFFF1#20120003FF19F000
(1785791763.026956) can0 1CEBFFF1#0127100000000000
(1785791763.027976) can0 1CEBFFF1#0200000000000000
(1785791763.028936) can0 1CEBFFF1#0344D84CC6FFFFFF
(1785791763.044940) can0 18FF09D1#01000C00C438E6
(1785791763.055013) can0 18F015F1#00008B2949394805
(1785791763.105257) can0 18FEF1F8#FF0000FFFFFFFFFF
(1785791763.106566) can0 18F005F8#7DFFFF7DFFFFFFFF
(1785791763.126981) can0 1CECFFF1#20120003FF19F000
(1785791763.127949) can0 1CEBFFF1#0127100000000000
(1785791763.128958) can0 1CEBFFF1#0200000000000000
(1785791763.129932) can0 1CEBFFF1#0344D84CC6FFFFFF
(1785791763.144974) can0 18FF09D1#01000C00C438E6
(1785791763.145265) can0 18FF14D1#
(1785791763.156005) can0 18F015F1#00008B28493A4805
(1785791763.205350) can0 18FEF1F8#FF0000FFFFFFFFFF
(1785791763.206635) can0 18F005F8#7DFFFF7DFFFFFFFF
(1785791763.227219) can0 1CECFFF1#20120003FF19F000
(1785791763.227961) can0 1CEBFFF1#0127100000000000
(1785791763.228985) can0 1CEBFFF1#0200000000000000
(1785791763.229969) can0 1CEBFFF1#0344D84CC6FFFFFF
(1785791763.244896) can0 18FF09D1#01000C00C438E6
(1785791763.256049) can0 18F015F1#00008B28493A4805
(1785791763.265901) can0 18F017F1#F29A0D779BE2
(1785791763.266312) can0 18F018F1#ED5408DA91DA
(1785791763.305590) can0 18FEF1F8#FF0000FFFFFFFFFF
(1785791763.306877) can0 18F005F8#7DFFFF7DFFFFFFFF
(1785791763.326962) can0 1CECFFF1#20120003FF19F000
(1785791763.327945) can0 1CEBFFF1#0127100000000000
(1785791763.328961) can0 1CEBFFF1#0200000000000000
(1785791763.329931) can0 1CEBFFF1#0344D84CC6FFFFFF
(1785791763.344886) can0 18FF09D1#01000C00C438E6
(1785791763.355948) can0 18F015F1#00008B28493A4805
(1785791763.405350) can0 18FEF1F8#FF0000FFFFFFFFFF
(1785791763.406483) can0 18F005F8#7DFFFF7DFFFFFFFF
(1785791763.426968) can0 1CECFFF1#20120003FF19F000
(1785791763.427944) can0 1CEBFFF1#0127100000000000
(1785791763.428951) can0 1CEBFFF1#0200000000000000
(1785791763.429928) can0 1CEBFFF1#0344D84CC6FFFFFF
(1785791763.444864) can0 18FF09D1#01000C00C438E6
(1785791763.455957) can0 18F015F1#00008B28493B4805
(1785791763.505315) can0 18FEF1F8#FF0000FFFFFFFFFF
(1785791763.506467) can0 18F005F8#7DFFFF7DFFFFFFFF
(1785791763.527169) can0 1CECFFF1#20120003FF19F000
(1785791763.528025) can0 1CEBFFF1#0127100000000000
(1785791763.528995) can0 1CEBFFF1#0200000000000000
(1785791763.529971) can0 1CEBFFF1#0344D84CC6FFFFFF
(1785791763.545148) can0 18FF09D1#01000C00C438E6
(1785791763.556415) can0 18F015F1#00008B28493B4805
(1785791763.605948) can0 18FEF1F8#FF0000FFFFFFFFFF
(1785791763.607126) can0 18F005F8#7DFFFF7DFFFFFFFF
(1785791763.627060) can0 1CECFFF1#20120003FF19F000
(1785791763.627943) can0 1CEBFFF1#0127100000000000
(1785791763.628952) can0 1CEBFFF1#0200000000000000
(1785791763.629919) can0 1CEBFFF1#0344D74886FFFFFF
(1785791763.644989) can0 18FF09D1#01000C00C438E6
(1785791763.645376) can0 18FF14D1#
(1785791763.655972) can0 18F015F1#00008B27493C4805
(1785791763.705254) can0 18FEF1F8#FF0000FFFFFFFFFF
(1785791763.706460) can0 18F005F8#7DFFFF7DFFFFFFFF
(1785791763.726964) can0 1CECFFF1#20120003FF19F000
(1785791763.727955) can0 1CEBFFF1#0127100000000000
(1785791763.728966) can0 1CEBFFF1#0200000000000000
(1785791763.729946) can0 1CEBFFF1#0344D74886FFFFFF
(1785791763.744861) can0 18FF09D1#01000C00C438E6
(1785791763.756961) can0 18F015F1#00008B27493B4805
(1785791763.805218) can0 18FEF1F8#FF0000FFFFFFFFFF
(1785791763.806402) can0 18F005F8#7DFFFF7DFFFFFFFF
(1785791763.827102) can0 1CECFFF1#20120003FF19F000
(1785791763.827965) can0 1CEBFFF1#0127100000000000
(1785791763.828978) can0 1CEBFFF1#0200000000000000
(1785791763.829954) can0 1CEBFFF1#0344D74886FFFFFF
(1785791763.844938) can0 18FF09D1#01000C00C438E6
(1785791763.856107) can0 18F015F1#00008B27493A4804
(1785791763.906364) can0 18FEF1F8#FF0000FFFFFFFFFF
(1785791763.907715) can0 18F005F8#7DFFFF7DFFFFFFFF
(1785791763.928040) can0 1CECFFF1#20120003FF19F000
(1785791763.928959) can0 1CEBFFF1#0127100000000000
(1785791763.929975) can0 1CEBFFF1#0200000000000000
(1785791763.930951) can0 1CEBFFF1#0344D74886FFFFFF
(1785791763.944951) can0 18FF09D1#01000C00C438E6
(1785791763.957013) can0 18F015F1#00008B2749384805
(1785791764.005354) can0 18FEF1F8#FF0000FFFFFFFFFF
(1785791764.006576) can0 18F005F8#7DFFFF7DFFFFFFFF
(1785791764.027995) can0 1CECFFF1#20120003FF19F000
(1785791764.028950) can0 1CEBFFF1#0127100000000000
(1785791764.029970) can0 1CEBFFF1#0200000000000000
(1785791764.030948) can0 1CEBFFF1#0344D68847FFFFFF
(1785791764.044844) can0 18FF09D1#01000C00C47CE3
(1785791764.056945) can0 18F015F1#00008B2649364803
(1785791764.105224) can0 18FEF1F8#FF0000FFFFFFFFFF
(1785791764.106439) can0 18F005F8#7DFFFF7DFFFFFFFF
(1785791764.127991) can0 1CECFFF1#20120003FF19F000
(1785791764.128956) can0 1CEBFFF1#0127100000000000
(1785791764.129963) can0 1CEBFFF1#0200000000000000
(1785791764.130931) can0 1CEBFFF1#0344D68847FFFFFF
(1785791764.145002) can0 18FF09D1#01000C00C47CE3
(1785791764.145308) can0 18FF14D1#
(1785791764.157036) can0 18F015F1#00008B2649384803
(1785791764.205597) can0 18FEF1F8#FF0000FFFFFFFFFF
(1785791764.207143) can0 18F005F8#7DFFFF7DFFFFFFFF
(1785791764.228073) can0 1CECFFF1#20120003FF19F000
(1785791764.228955) can0 1CEBFFF1#0127100000000000
(1785791764.229954) can0 1CEBFFF1#0200000000000000
(1785791764.230929) can0 1CEBFFF1#0344D68847FFFFFF
(1785791764.244861) can0 18FF09D1#01000C00C47CE3
(1785791764.257949) can0 18F015F1#00008B2649364803
(1785791764.266865) can0 18F017F1#F41B0EE49842
(1785791764.267315) can0 18F018F1#E18409038F3C
(1785791764.305216) can0 18FEF1F8#FF0000FFFFFFFFFF
(1785791764.306462) can0 18F005F8#7DFFFF7DFFFFFFFF
(1785791764.327980) can0 1CECFFF1#20120003FF19F000
(1785791764.328954) can0 1CEBFFF1#0127100000000000
(1785791764.329973) can0 1CEBFFF1#0200000000000000
(1785791764.330934) can0 1CEBFFF1#0344D68847FFFFFF
(1785791764.345211) can0 18FF09D1#01000C00C47CE3
(1785791764.356942) can0 18F015F1#00008B2649354804
(1785791764.405701) can0 18FEF1F8#FF0000FFFFFFFFFF
(1785791764.406932) can0 18F005F8#7DFFFF7DFFFFFFFF
(1785791764.427967) can0 1CECFFF1#20120003FF19F000
(1785791764.428955) can0 1CEBFFF1#0127100000000000
(1785791764.429968) can0 1CEBFFF1#0200000000000000
(1785791764.430938) can0 1CEBFFF1#0344D68847FFFFFF
(1785791764.444833) can0 18FF09D1#01000C00C47CE3
(1785791764.456933) can0 18F015F1#00008B2649394804
(1785791764.505375) can0 18FEF1F8#FF0000FFFFFFFFFF
(1785791764.506662) can0 18F005F8#7DFFFF7DFFFFFFFF
(1785791764.529156) can0 1CECFFF1#20120003FF19F000
(1785791764.529985) can0 1CEBFFF1#0127100000000000
(1785791764.531013) can0 1CEBFFF1#0200000000000000
(1785791764.531978) can0 1CEBFFF1#0344D68847FFFFFF
(1785791764.544926) can0 18FF09D1#01000C00C4D4E5
(1785791764.557971) can0 18F015F1#00008B26493B4803
(1785791764.605186) can0 18FEF1F8#FF0000FFFFFFFFFF
(1785791764.606358) can0 18F005F8#7DFFFF7DFFFFFFFF
(1785791764.628959) can0 1CECFFF1#20120003FF19F000
(1785791764.629951) can0 1CEBFFF1#0127100000000000
(1785791764.630964) can0 1CEBFFF1#0200000000000000
(1785791764.631937) can0 1CEBFFF1#0344D68847FFFFFF
(1785791764.644996) can0 18FF09D1#01000C00C4D4E5
(1785791764.645284) can0 18FF14D1#
(1785791764.657964) can0 18F015F1#00008B2649414803
(1785791764.705215) can0 18FEF1F8#FF0000FFFFFFFFFF
(1785791764.706398) can0 18F005F8#7DFFFF7DFFFFFFFF
(1785791764.728969) can0 1CECFFF1#20120003FF19F000
(1785791764.729955) can0 1CEBFFF1#0127100000000000
(1785791764.730959) can0 1CEBFFF1#0200000000000000
(1785791764.731936) can0 1CEBFFF1#0344D68847FFFFFF
(1785791764.744857) can0 18FF09D1#01000C00C4D4E5
(1785791764.757974) can0 18F015F1#00008B2649414803
(1785791764.805219) can0 18FEF1F8#FF0000FFFFFFFFFF
(1785791764.806404) can0 18F005F8#7DFFFF7DFFFFFFFF
(1785791764.829118) can0 1CECFFF1#20120003FF19F000
(1785791764.830002) can0 1CEBFFF1#0127100000000000
(1785791764.831014) can0 1CEBFFF1#0200000000000000
(1785791764.831976) can0 1CEBFFF1#0344D68847FFFFFF
(1785791764.845054) can0 18FF09D1#01000C00C4D4E5
(1785791764.858092) can0 18F015F1#00008B2649434803
(1785791764.906358) can0 18FEF1F8#FF0000FFFFFFFFFF
(1785791764.907743) can0 18F005F8#7DFFFF7DFFFFFFFF
(1785791764.929023) can0 1CECFFF1#20120003FF19F000
(1785791764.929968) can0 1CEBFFF1#0127100000000000
(1785791764.930971) can0 1CEBFFF1#0200000000000000
(1785791764.931944) can0 1CEBFFF1#0344D68847FFFFFF
(1785791764.944954) can0 18FF09D1#01000C00C4D4E5
(1785791764.958169) can0 18F015F1#00008B2649434803
(1785791765.006015) can0 18FEF1F8#FF0000FFFFFFFFFF
(1785791765.007146) can0 18F005F8#7DFFFF7DFFFFFFFF
(1785791765.029016) can0 1CECFFF1#20120003FF19F000
(1785791765.029952) can0 1CEBFFF1#0127100000000000
(1785791765.030961) can0 1CEBFFF1#0200000000000000
(1785791765.031931) can0 1CEBFFF1#0344D68847FFFFFF
(1785791765.044819) can0 18FF09D1#01000C00C4D4E5
(1785791765.057952) can0 18F015F1#00008B2549494802
(1785791765.105269) can0 18FEF1F8#FF0000FFFFFFFFFF
(1785791765.106512) can0 18F005F8#7DFFFF7DFFFFFFFF
(1785791765.129037) can0 1CECFFF1#20120003FF19F000
(1785791765.129986) can0 1CEBFFF1#0127100000000000
(1785791765.130989) can0 1CEBFFF1#0200000000000000
(1785791765.131948) can0 1CEBFFF1#0344D58907FFFFFF
(1785791765.145046) can0 18FF09D1#01000C00C4D4E5
(1785791765.145323) can0 18FF14D1#
(1785791765.145777) can0 18FF16D1#01000C0064
(1785791765.158013) can0 18F015F1#00008B26494A4802
(1785791765.205587) can0 18FEF1F8#FF0000FFFFFFFFFF
(1785791765.206949) can0 18F005F8#7DFFFF7DFFFFFFFF
(1785791765.229481) can0 1CECFFF1#20120003FF19F000
(1785791765.229996) can0 1CEBFFF1#0127100000000000
(1785791765.231029) can0 1CEBFFF1#0200000000000000
(1785791765.231953) can0 1CEBFFF1#0344D68847FFFFFF
(1785791765.245002) can0 18FF09D1#01000C00C4D4E5
(1785791765.258961) can0 18F015F1#00008B26494C4803
(1785791765.268875) can0 18F017F1#F41B0EE49842
(1785791765.269326) can0 18F018F1#E18409038F3C
(1785791765.305218) can0 18FEF1F8#FF0000FFFFFFFFFF
(1785791765.306833) can0 18F005F8#7DFFFF7DFFFFFFFF
(1785791765.330118) can0 1CECFFF1#20120003FF19F000
(1785791765.330956) can0 1CEBFFF1#0127100000000000
(1785791765.331966) can0 1CEBFFF1#0200000000000000
(1785791765.332942) can0 1CEBFFF1#0344D68847FFFFFF
(1785791765.344806) can0 18FF09D1#01000C00C4D4E5
(1785791765.358953) can0 18F015F1#00008B26494C4803
(1785791765.405480) can0 18FEF1F8#FF0000FFFFFFFFFF
(1785791765.406646) can0 18F005F8#7DFFFF7DFFFFFFFF
(1785791765.429982) can0 1CECFFF1#20120003FF19F000
(1785791765.430957) can0 1CEBFFF1#0127100000000000
(1785791765.431967) can0 1CEBFFF1#0200000000000000
(1785791765.432946) can0 1CEBFFF1#0344D58907FFFFFF
(1785791765.444798) can0 18FF09D1#01000C00C4D4E5
(1785791765.458948) can0 18F015F1#00008B25494E4803
(1785791765.505673) can0 18FEF1F8#FF0000FFFFFFFFFF
(1785791765.506931) can0 18F005F8#7DFFFF7DFFFFFFFF
(1785791765.530134) can0 1CECFFF1#20120003FF19F000
(1785791765.531003) can0 1CEBFFF1#0127100000000000
(1785791765.532035) can0 1CEBFFF1#0200000000000000
(1785791765.533003) can0 1CEBFFF1#0344D58907FFFFFF
(1785791765.544981) can0 18FF09D1#01000C00C418E3
(1785791765.559143) can0 18F015F1#00008B25494E4803
(1785791765.605218) can0 18FEF1F8#FF0000FFFFFFFFFF
(1785791765.606374) can0 18F005F8#7DFFFF7DFFFFFFFF
(1785791765.629975) can0 1CECFFF1#20120003FF19F000
(1785791765.630958) can0 1CEBFFF1#0127100000000000
(1785791765.631982) can0 1CEBFFF1#0200000000000000
(1785791765.632951) can0 1CEBFFF1#0344D58907FFFFFF
(1785791765.644971) can0 18FF09D1#01000C00C418E3
(1785791765.645318) can0 18FF14D1#
(1785791765.658962) can0 18F015F1#00008B25494F4803
(1785791765.705247) can0 18FEF1F8#FF0000FFFFFFFFFF
(1785791765.706423) can0 18F005F8#7DFFFF7DFFFFFFFF
(1785791765.729977) can0 1CECFFF1#20120003FF19F000
(1785791765.730959) can0 1CEBFFF1#0127100000000000
(1785791765.731970) can0 1CEBFFF1#0200000000000000
(1785791765.732949) can0 1CEBFFF1#0344D58907FFFFFF
(1785791765.744849) can0 18FF09D1#01000C00C418E3
(1785791765.759983) can0 18F015F1#00008B25494F4804
(1785791765.805207) can0 18FEF1F8#FF0000FFFFFFFFFF
(1785791765.806366) can0 18F005F8#7DFFFF7DFFFFFFFF
(1785791765.830103) can0 1CECFFF1#20120003FF19F000
(1785791765.831028) can0 1CEBFFF1#0127100000000000
(1785791765.831995) can0 1CEBFFF1#0200000000000000
(1785791765.832973) can0 1CEBFFF1#0344D449C6FFFFFF
(1785791765.844891) can0 18FF09D1#01000C00C418E3
(1785791765.859043) can0 18F015F1#00008B2449504804
(1785791765.905840) can0 18FEF1F8#FF0000FFFFFFFFFF
(1785791765.907339) can0 18F005F8#7DFFFF7DFFFFFFFF
(1785791765.930259) can0 1CECFFF1#20120003FF19F000
(1785791765.931001) can0 1CEBFFF1#0127100000000000
(1785791765.931997) can0 1CEBFFF1#0200000000000000
(1785791765.932974) can0 1CEBFFF1#0344D38B87FFFFFF
(1785791765.944879) can0 18FF09D1#01000C00C418E3
(1785791765.959083) can0 18F015F1#00008B2349514803
(1785791766.005578) can0 18FEF1F8#FF0000FFFFFFFFFF
(1785791766.006763) can0 18F005F8#7DFFFF7DFFFFFFFF
(1785791766.030009) can0 1CECFFF1#20120003FF19F000
(1785791766.030959) can0 1CEBFFF1#0127100000000000
(1785791766.031973) can0 1CEBFFF1#0200000000000000
(1785791766.032941) can0 1CEBFFF1#0344D38B87FFFFFF
(1785791766.044777) can0 18FF09D1#01000C00C418E3
(1785791766.058964) can0 18F015F1#00008B2349514804
(1785791766.105253) can0 18FEF1F8#FF0000FFFFFFFFFF
(1785791766.106486) can0 18F005F8#7DFFFF7DFFFFFFFF
(1785791766.131015) can0 1CECFFF1#20120003FF19F000
(1785791766.131978) can0 1CEBFFF1#0127100000000000
(1785791766.132987) can0 1CEBFFF1#0200000000000000
(1785791766.133959) can0 1CEBFFF1#0344D24B46FFFFFF
(1785791766.144939) can0 18FF09D1#01000C00C418E3
(1785791766.145256) can0 18FF14D1#
(1785791766.160008) can0 18F015F1#00008B2149514804
(1785791766.205456) can0 18FEF1F8#FF0000FFFFFFFFFF
(1785791766.206720) can0 18F005F8#7DFFFF7DFFFFFFFF
(1785791766.231345) can0 1CECFFF1#20120003FF19F000
(1785791766.232067) can0 1CEBFFF1#0127100000000000
(1785791766.233065) can0 1CEBFFF1#0200000000000000
(1785791766.233957) can0 1CEBFFF1#0344D08AC7FFFFFF
(1785791766.244852) can0 18FF09D1#01000C00C418E3
(1785791766.259968) can0 18F015F1#00008B2049544805
(1785791766.269910) can0 18F017F1#F25C10729E95
(1785791766.270336) can0 18F018F1#EA4D09018D75
(1785791766.305191) can0 18FEF1F8#FF0000FFFFFFFFFF
(1785791766.306372) can0 18F005F8#7DFFFF7DFFFFFFFF
(1785791766.331024) can0 1CECFFF1#20120003FF19F000
(1785791766.331967) can0 1CEBFFF1#0127100000000000
(1785791766.332974) can0 1CEBFFF1#0200000000000000
(1785791766.333954) can0 1CEBFFF1#0344CF4286FFFFFF
(1785791766.344789) can0 18FF09D1#01000C00C418E3
(1785791766.359982) can0 18F015F1#00008B1E49564805
(1785791766.405497) can0 18FEF1F8#FF0000FFFFFFFFFF
(1785791766.406666) can0 18F005F8#7DFFFF7DFFFFFFFF
(1785791766.431004) can0 1CECFFF1#20120003FF19F000
(1785791766.431981) can0 1CEBFFF1#0127100000000000
(1785791766.432992) can0 1CEBFFF1#0200000000000000
(1785791766.433969) can0 1CEBFFF1#0344CD8307FFFFFF
(1785791766.444781) can0 18FF09D1#01000C00C418E3
(1785791766.459964) can0 18F015F1#00008B1D49584805
(1785791766.505335) can0 18FEF1F8#FF0000FFFFFFFFFF
(1785791766.506518) can0 18F005F8#7DFFFF7DFFFFFFFF
(1785791766.531059) can0 1CECFFF1#20120003FF19F000
(1785791766.531973) can0 1CEBFFF1#0127100000000000
(1785791766.532980) can0 1CEBFFF1#0200000000000000
(1785791766.533953) can0 1CEBFFF1#0344CB8187FFFFFF
(1785791766.544926) can0 18FF09D1#01000C00C438E6
(1785791766.560126) can0 18F015F1#00008B1B495A4805
(1785791766.605207) can0 18FEF1F8#FF0000FFFFFFFFFF
(1785791766.606376) can0 18F005F8#7DFFFF7DFFFFFFFF
(1785791766.630980) can0 1CECFFF1#20120003FF19F000
(1785791766.631962) can0 1CEBFFF1#0127100000000000
(1785791766.632970) can0 1CEBFFF1#0200000000000000
(1785791766.633951) can0 1CEBFFF1#0344C94006FFFFFF
(1785791766.644829) can0 18FF09D1#01000C00C438E6
(1785791766.645094) can0 18FF14D1#
(1785791766.659992) can0 18F015F1#00008B19495A4806
(1785791766.705244) can0 18FEF1F8#FF0000FFFFFFFFFF
(1785791766.706432) can0 18F005F8#7DFFFF7DFFFFFFFF
(1785791766.730990) can0 1CECFFF1#20120003FF19F000
(1785791766.731968) can0 1CEBFFF1#0127100000000000
(1785791766.732977) can0 1CEBFFF1#0200000000000000
(1785791766.733949) can0 1CEBFFF1#0344C78487FFFFFF
(1785791766.744773) can0 18FF09D1#01000C00C438E6
(1785791766.760998) can0 18F015F1#00008B1649594807
(1785791766.805246) can0 18FEF1F8#FF0000FFFFFFFFFF
(1785791766.806462) can0 18F005F8#7DFFFF7DFFFFFFFF
(1785791766.832021) can0 1CECFFF1#20120003FF19F000
(1785791766.832996) can0 1CEBFFF1#0127100000000000
(1785791766.834004) can0 1CEBFFF1#0200000000000000
(1785791766.834985) can0 1CEBFFF1#0344C54506FFFFFF
(1785791766.844901) can0 18FF09D1#01000C00C438E6
(1785791766.861043) can0 18F015F1#00008B144957480A
(1785791766.906014) can0 18FEF1F8#FF0000FFFFFFFFFF
(1785791766.907713) can0 18F005F8#7DFFFF7DFFFFFFFF
(1785791766.932207) can0 1CECFFF1#20120003FF19F000
(1785791766.933024) can0 1CEBFFF1#0127100000000000
(1785791766.934021) can0 1CEBFFF1#0200000000000000
(1785791766.934976) can0 1CEBFFF1#0344C34786FFFFFF
(1785791766.944767) can0 18FF09D1#01000C00C438E6
(1785791766.960977) can0 18F015F1#00008B124954480D
(1785791767.005251) can0 18FEF1F8#FF0000FFFFFFFFFF
(1785791767.006413) can0 18F005F8#7DFFFF7DFFFFFFFF
(1785791767.032041) can0 1CECFFF1#20120003FF19F000
(1785791767.032975) can0 1CEBFFF1#0127100000000000
(1785791767.033981) can0 1CEBFFF1#0200000000000000
(1785791767.034956) can0 1CEBFFF1#0344C046C6FFFFFF
(1785791767.044753) can0 18FF09D1#01000C00C424E1
(1785791767.060978) can0 18F015F1#00008B0F49504810
(1785791767.105250) can0 18FEF1F8#FF0000FFFFFFFFFF
(1785791767.106444) can0 18F005F8#7DFFFF7DFFFFFFFF
(1785791767.132014) can0 1CECFFF1#20120003FF19F000
(1785791767.132985) can0 1CEBFFF1#0127100000000000
(1785791767.133991) can0 1CEBFFF1#0200000000000000
(1785791767.134972) can0 1CEBFFF1#0344BCA7C7FFFFFF
(1785791767.144975) can0 18FF09D1#01000C00C424E1
(1785791767.145303) can0 18FF14D1#
(1785791767.145703) can0 18FF16D1#01000C0064
(1785791767.161030) can0 18F015F1#00008B0B494D4810
(1785791767.205439) can0 18FEF1F8#FF0000FFFFFFFFFF
(1785791767.206813) can0 18F005F8#7DFFFF7DFFFFFFFF
(1785791767.232174) can0 1CECFFF1#20120003FF19F000
(1785791767.232980) can0 1CEBFFF1#0127100000000000
(1785791767.234043) can0 1CEBFFF1#0200000000000000
(1785791767.235005) can0 1CEBFFF1#0344B864C6FFFFFF
(1785791767.244769) can0 18FF09D1#01000C00C424E1
(1785791767.261977) can0 18F015F1#00008B06494C4811
(1785791767.270897) can0 18F017F1#F25C10729E95
(1785791767.271349) can0 18F018F1#EA4D09018D75
(1785791767.305236) can0 18FEF1F8#FF0000FFFFFFFFFF
(1785791767.306444) can0 18F005F8#7DFFFF7DFFFFFFFF
(1785791767.332054) can0 1CECFFF1#20120003FF19F000
(1785791767.332970) can0 1CEBFFF1#0127100000000000
(1785791767.334774) can0 1CEBFFF1#0200000000000000
(1785791767.335098) can0 1CEBFFF1#0344B461C6FFFFFF
(1785791767.344777) can0 18FF09D1#01000C00C424E1
(1785791767.361004) can0 18F015F1#00008B03494B4814
(1785791767.405534) can0 18FEF1F8#FF0000FFFFFFFFFF
(1785791767.406684) can0 18F005F8#7DFFFF7DFFFFFFFF
(1785791767.432007) can0 1CECFFF1#20120003FF19F000
(1785791767.432983) can0 1CEBFFF1#0127100000000000
(1785791767.433981) can0 1CEBFFF1#0200000000000000
(1785791767.434952) can0 1CEBFFF1#0344B0A2C7FFFFFF
(1785791767.444781) can0 18FF09D1#01000C00C424E1
(1785791767.461988) can0 18F015F1#00008AFF494A4815
(1785791767.505585) can0 18FEF1F8#FF0000FFFFFFFFFF
(1785791767.506957) can0 18F005F8#7DFFFF7DFFFFFFFF
(1785791767.533092) can0 1CECFFF1#20120003FF19F000
(1785791767.534033) can0 1CEBFFF1#0127100000000000
(1785791767.535022) can0 1CEBFFF1#0200000000000000
(1785791767.536057) can0 1CEBFFF1#0344AC6BC6FFFFFF
(1785791767.544859) can0 18FF09D1#01000C00C418E3
(1785791767.562027) can0 18F015F1#00008AFA494A4811
(1785791767.605403) can0 18FEF1F8#FF0000FFFFFFFFFF
(1785791767.606672) can0 18F005F8#7DFFFF7DFFFFFFFF
(1785791767.632994) can0 1CECFFF1#20120003FF19F000
(1785791767.633979) can0 1CEBFFF1#0127100000000000
(1785791767.634987) can0 1CEBFFF1#0200000000000000
(1785791767.635976) can0 1CEBFFF1#0344A4ADC7FFFFFF
(1785791767.644817) can0 18FF09D1#01000C00C418E3
(1785791767.645080) can0 18FF14D1#
(1785791767.661978) can0 18F015F1#00008AF2494B480C
(1785791767.705245) can0 18FEF1F8#FF0000FFFFFFFFFF
(1785791767.706414) can0 18F005F8#7DFFFF7DFFFFFFFF
(1785791767.732991) can0 1CECFFF1#20120003FF19F000
(1785791767.733977) can0 1CEBFFF1#0127100000000000
(1785791767.734990) can0 1CEBFFF1#0200000000000000
(1785791767.736008) can0 1CEBFFF1#03449C7FC6FFFFFF
(1785791767.744757) can0 18FF09D1#01000C00C418E3
(1785791767.761999) can0 18F015F1#00008AEB494C4807
(1785791767.805232) can0 18FEF1F8#FF0000FFFFFFFFFF
(1785791767.806413) can0 18F005F8#7DFFFF7DFFFFFFFF
(1785791767.832991) can0 1CECFFF1#20120003FF19F000
(1785791767.834007) can0 1CEBFFF1#0127100000000000
(1785791767.834999) can0 1CEBFFF1#0200000000000000
(1785791767.836018) can0 1CEBFFF1#034497B887FFFFFF
(1785791767.844843) can0 18FF09D1#01000C00C418E3
(1785791767.862069) can0 18F015F1#00008AE6494D4809
(1785791767.907518) can0 18FEF1F8#FF0000FFFFFFFFFF
(1785791767.909252) can0 18F005F8#7DFFFF7DFFFFFFFF
(1785791767.933041) can0 1CECFFF1#20120003FF19F000
(1785791767.933981) can0 1CEBFFF1#0127100000000000
(1785791767.935001) can0 1CEBFFF1#0200000000000000
(1785791767.936033) can0 1CEBFFF1#0344937B86FFFFFF
(1785791767.944812) can0 18FF09D1#01000C00C418E3
(1785791767.961995) can0 18F015F1#00008AE2494F480E
(1785791768.005871) can0 18FEF1F8#FF0000FFFFFFFFFF
(1785791768.007033) can0 18F005F8#7DFFFF7DFFFFFFFF
(1785791768.033034) can0 1CECFFF1#20120003FF19F000
(1785791768.033977) can0 1CEBFFF1#0127100000000000
(1785791768.034988) can0 1CEBFFF1#0200000000000000
(1785791768.035991) can0 1CEBFFF1#0344907AC6FFFFFF
(1785791768.044713) can0 18FF09D1#01000C00C4F8DF
(1785791768.061968) can0 18F015F1#00008ADF49514816
(1785791768.105232) can0 18FEF1F8#FF0000FFFFFFFFFF
(1785791768.106445) can0 18F005F8#7DFFFF7DFFFFFFFF
(1785791768.133041) can0 1CECFFF1#20120003FF19F000
(1785791768.133980) can0 1CEBFFF1#0127100000000000
(1785791768.134995) can0 1CEBFFF1#0200000000000000
(1785791768.136063) can0 1CEBFFF1#0344907AC6FFFFFF
(1785791768.144856) can0 18FF09D1#01000C00C4F8DF
(1785791768.145114) can0 18FF14D1#
(1785791768.161959) can0 18F015F1#00008AE049524819
(1785791768.205358) can0 18FEF1F8#FF0000FFFFFFFFFF
(1785791768.206651) can0 18F005F8#7DFFFF7DFFFFFFFF
(1785791768.234267) can0 1CECFFF1#20120003FF19F000
(1785791768.235047) can0 1CEBFFF1#0127100000000000
(1785791768.236096) can0 1CEBFFF1#0200000000000000
(1785791768.237013) can0 1CEBFFF1#034491BA07FFFFFF
(1785791768.245068) can0 18FF09D1#01000C00C4F8DF
(1785791768.263080) can0 18F015F1#00008AE149534818
(1785791768.271957) can0 18F017F1#F9970F6A9B3A
(1785791768.272559) can0 18F018F1#F2C1088491B3
(1785791768.305199) can0 18FEF1F8#FF0000FFFFFFFFFF
(1785791768.306651) can0 18F005F8#7DFFFF7DFFFFFFFF
(1785791768.334014) can0 1CECFFF1#20120003FF19F000
(1785791768.334977) can0 1CEBFFF1#0127100000000000
(1785791768.335998) can0 1CEBFFF1#0200000000000000
(1785791768.336961) can0 1CEBFFF1#034491BA07FFFFFF
(1785791768.344777) can0 18FF09D1#01000C00C4F8DF
(1785791768.362982) can0 18F015F1#00008AE149554818
(1785791768.405236) can0 18FEF1F8#FF0000FFFFFFFFFF
(1785791768.406375) can0 18F005F8#7DFFFF7DFFFFFFFF
(1785791768.433998) can0 1CECFFF1#20120003FF19F000
(1785791768.434980) can0 1CEBFFF1#0127100000000000
(1785791768.435990) can0 1CEBFFF1#0200000000000000
(1785791768.436970) can0 1CEBFFF1#034491BA07FFFFFF
(1785791768.444700) can0 18FF09D1#01000C00C4F8DF
(1785791768.462963) can0 18F015F1#00008AE2495B4819
(1785791768.505214) can0 18FEF1F8#FF0000FFFFFFFFFF
(1785791768.506556) can0 18F005F8#7DFFFF7DFFFFFFFF
(1785791768.534111) can0 1CECFFF1#20120003FF19F000
(1785791768.535003) can0 1CEBFFF1#0127100000000000
(1785791768.536036) can0 1CEBFFF1#0200000000000000
(1785791768.536992) can0 1CEBFFF1#0344937B86FFFFFF
(1785791768.544752) can0 18FF09D1#01000C00C4F8DF
(1785791768.563059) can0 18F015F1#00008AE44960481E
(1785791768.605228) can0 18FEF1F8#FF0000FFFFFFFFFF
(1785791768.606369) can0 18F005F8#7DFFFF7DFFFFFFFF
(1785791768.634007) can0 1CECFFF1#20120003FF19F000
(1785791768.634988) can0 1CEBFFF1#0127100000000000
(1785791768.635997) can0 1CEBFFF1#0200000000000000
(1785791768.636975) can0 1CEBFFF1#0344957906FFFFFF
(1785791768.644773) can0 18FF09D1#01000C00C4F8DF
(1785791768.645044) can0 18FF14D1#
(1785791768.662996) can0 18F015F1#00008AE549694824
(1785791768.705228) can0 18FEF1F8#FF0000FFFFFFFFFF
(1785791768.706374) can0 18F005F8#7DFFFF7DFFFFFFFF
(1785791768.734007) can0 1CECFFF1#20120003FF19F000
(1785791768.734995) can0 1CEBFFF1#0127100000000000
(1785791768.736002) can0 1CEBFFF1#0200000000000000
(1785791768.736975) can0 1CEBFFF1#034494B9C7FFFFFF
(1785791768.744744) can0 18FF09D1#01000C00C4F8DF
(1785791768.763977) can0 18F015F1#00008AE349764826
(1785791768.805258) can0 18FEF1F8#FF0000FFFFFFFFFF
(1785791768.806422) can0 18F005F8#7DFFFF7DFFFFFFFF
(1785791768.834000) can0 1CECFFF1#20120003FF19F000
(1785791768.834996) can0 1CEBFFF1#0127100000000000
(1785791768.836005) can0 1CEBFFF1#0200000000000000
(1785791768.836977) can0 1CEBFFF1#034494B9C7FFFFFF
(1785791768.844737) can0 18FF09D1#01000C00C4F8DF
(1785791768.863092) can0 18F015F1#00008AE649814820
(1785791768.905951) can0 18FEF1F8#FF0000FFFFFFFFFF
(1785791768.907181) can0 18F005F8#7DFFFF7DFFFFFFFF
(1785791768.934045) can0 1CECFFF1#20120003FF19F000
(1785791768.934999) can0 1CEBFFF1#0127100000000000
(1785791768.936031) can0 1CEBFFF1#0200000000000000
(1785791768.937147) can0 1CEBFFF1#034498BCC7FFFFFF
(1785791768.944796) can0 18FF09D1#01000C00C4F8DF
(1785791768.964013) can0 18F015F1#00008AE84985481C
(1785791769.005199) can0 18FEF1F8#FF0000FFFFFFFFFF
(1785791769.006309) can0 18F005F8#7DFFFF7DFFFFFFFF
(1785791769.034043) can0 1CECFFF1#20120003FF19F000
(1785791769.034983) can0 1CEBFFF1#0127100000000000
(1785791769.036004) can0 1CEBFFF1#0200000000000000
(1785791769.036970) can0 1CEBFFF1#034497B887FFFFFF
(1785791769.044698) can0 18FF09D1#01000C00C4F8DF
(1785791769.063979) can0 18F015F1#00008AE649884822
(1785791769.105266) can0 18FEF1F8#FF0000FFFFFFFFFF
(1785791769.106413) can0 18F005F8#7DFFFF7DFFFFFFFF
(1785791769.135026) can0 1CECFFF1#20120003FF19F000
(1785791769.136004) can0 1CEBFFF1#0127100000000000
(1785791769.137008) can0 1CEBFFF1#0200000000000000
(1785791769.137984) can0 1CEBFFF1#0344957906FFFFFF
(1785791769.144870) can0 18FF09D1#01000C00C4B4E2
(1785791769.145132) can0 18FF14D1#
(1785791769.145619) can0 18FF16D1#01000C0064
(1785791769.164016) can0 18F015F1#00008AE649904829
(1785791769.205335) can0 18FEF1F8#FF0000FFFFFFFFFF
(1785791769.206611) can0 18F005F8#7DFFFF7DFFFFFFFF
(1785791769.235211) can0 1CECFFF1#20120003FF19F000
(1785791769.236526) can0 1CEBFFF1#0127100000000000
(1785791769.236996) can0 1CEBFFF1#0200000000000000
(1785791769.237967) can0 1CEBFFF1#0344997C06FFFFFF
(1785791769.244775) can0 18FF09D1#01000C00C4B4E2
(1785791769.265129) can0 18F015F1#00008AE949984824
(1785791769.273907) can0 18F017F1#F9970F6A9B3A
(1785791769.274354) can0 18F018F1#F2C1088491B3
(1785791769.305216) can0 18FEF1F8#FF0000FFFFFFFFFF
(1785791769.306334) can0 18F005F8#7DFFFF7DFFFFFFFF
(1785791769.335038) can0 1CECFFF1#20120003FF19F000
(1785791769.335999) can0 1CEBFFF1#0127100000000000
(1785791769.336990) can0 1CEBFFF1#0200000000000000
(1785791769.337964) can0 1CEBFFF1#0344997C06FFFFFF
(1785791769.344723) can0 18FF09D1#01000C00C4B4E2
(1785791769.363998) can0 18F015F1#00008AE9499C481F
(1785791769.405312) can0 18FEF1F8#FF0000FFFFFFFFFF
(1785791769.406454) can0 18F005F8#7DFFFF7DFFFFFFFF
(1785791769.435017) can0 1CECFFF1#20120003FF19F000
(1785791769.436021) can0 1CEBFFF1#0127100000000000
(1785791769.437014) can0 1CEBFFF1#0200000000000000
(1785791769.437987) can0 1CEBFFF1#0344997C06FFFFFF
(1785791769.444694) can0 18FF09D1#01000C00C4B4E2
(1785791769.463984) can0 18F015F1#00008AE849A54816
(1785791769.505317) can0 18FEF1F8#FF0000FFFFFFFFFF
(1785791769.506522) can0 18F005F8#7DFFFF7DFFFFFFFF
(1785791769.535186) can0 1CECFFF1#20120003FF19F000
(1785791769.536074) can0 1CEBFFF1#0127100000000000
(1785791769.537022) can0 1CEBFFF1#0200000000000000
(1785791769.537997) can0 1CEBFFF1#03449A7D46FFFFFF
(1785791769.544803) can0 18FF09D1#01000C00C4B4E2
(1785791769.564171) can0 18F015F1#00008AEA499E4817
(1785791769.605825) can0 18FEF1F8#FF0000FFFFFFFFFF
(1785791769.607135) can0 18F005F8#7DFFFF7DFFFFFFFF
(1785791769.635042) can0 1CECFFF1#20120003FF19F000
(1785791769.636234) can0 1CEBFFF1#0127100000000000
(1785791769.636999) can0 1CEBFFF1#0200000000000000
(1785791769.638108) can0 1CEBFFF1#03449F7E86FFFFFF
(1785791769.644782) can0 18FF09D1#01000C00C450E2
(1785791769.645123) can0 18FF14D1#
(1785791769.664011) can0 18F015F1#00008AEF498F482D
(1785791769.705308) can0 18FEF1F8#FF0000FFFFFFFFFF
(1785791769.706532) can0 18F005F8#7DFFFF7DFFFFFFFF
(1785791769.736048) can0 1CECFFF1#20120003FF19F000
(1785791769.736992) can0 1CEBFFF1#0127100000000000
(1785791769.738005) can0 1CEBFFF1#0200000000000000
(1785791769.738980) can0 1CEBFFF1#03449DBF07FFFFFF
(1785791769.744657) can0 18FF09D1#01000C00C450E2
(1785791769.764985) can0 18F015F1#00008AF1497A4831
(1785791769.805234) can0 18FEF1F8#FF0000FFFFFFFFFF
(1785791769.806383) can0 18F005F8#7DFFFF7DFFFFFFFF
(1785791769.836003) can0 1CECFFF1#20120003FF19F000
(1785791769.836988) can0 1CEBFFF1#0127100000000000
(1785791769.837997) can0 1CEBFFF1#0200000000000000
(1785791769.838978) can0 1CEBFFF1#0344A7AC87FFFFFF
(1785791769.844661) can0 18FF09D1#01000C00C450E2
(1785791769.865164) can0 18F015F1#00008AF949744833
(1785791769.905349) can0 18FEF1F8#FF0000FFFFFFFFFF
(1785791769.906655) can0 18F005F8#7DFFFF7DFFFFFFFF
(1785791769.936343) can0 1CECFFF1#20120003FF19F000
(1785791769.937019) can0 1CEBFFF1#0127100000000000
(1785791769.938058) can0 1CEBFFF1#0200000000000000
(1785791769.938997) can0 1CEBFFF1#0344AEAA47FFFFFF
(1785791769.944935) can0 18FF09D1#01000C00C450E2
(1785791769.965029) can0 18F015F1#00008B004981483C
(1785791770.005413) can0 18FEF1F8#FF0000FFFFFFFFFF
(1785791770.006582) can0 18F005F8#7DFFFF7DFFFFFFFF
(1785791770.036267) can0 1CECFFF1#20120003FF19F000
(1785791770.037053) can0 1CEBFFF1#0127100000000000
(1785791770.037998) can0 1CEBFFF1#0200000000000000
(1785791770.038969) can0 1CEBFFF1#0344B26346FFFFFF
(1785791770.044640) can0 18FF09D1#01000C00C450E2
(1785791770.064982) can0 18F015F1#00008B03498A483F
(1785791770.105241) can0 18FEF1F8#FF0000FFFFFFFFFF
(1785791770.106489) can0 18F005F8#7DFFFF7DFFFFFFFF
(1785791770.136061) can0 1CECFFF1#20120003FF19F000
(1785791770.137002) can0 1CEBFFF1#0127100000000000
(1785791770.138008) can0 1CEBFFF1#0200000000000000
(1785791770.138983) can0 1CEBFFF1#0344B864C6FFFFFF
(1785791770.144766) can0 18FF09D1#01000C00C4C0E0
(1785791770.145032) can0 18FF14D1#
(1785791770.164997) can0 18F015F1#00008B0A4982483F
(1785791770.205431) can0 18FEF1F8#FF0000FFFFFFFFFF
(1785791770.206766) can0 18F005F8#7DFFFF7DFFFFFFFF
(1785791770.236159) can0 1CECFFF1#20120003FF19F000
(1785791770.237040) can0 1CEBFFF1#0127100000000000
(1785791770.238054) can0 1CEBFFF1#0200000000000000
(1785791770.239023) can0 1CEBFFF1#0344C046C6FFFFFF
(1785791770.244750) can0 18FF09D1#01000C00C4C0E0
(1785791770.266158) can0 18F015F1#00008B1349794845
(1785791770.274908) can0 18F017F1#0E28164A7960
(1785791770.275372) can0 18F018F1#F2E6FE3F81C7
(1785791770.305217) can0 18FEF1F8#FF0000FFFFFFFFFF
(1785791770.306337) can0 18F005F8#7DFFFF7DFFFFFFFF
(1785791770.336042) can0 1CECFFF1#20120003FF19F000
(1785791770.336992) can0 1CEBFFF1#0127100000000000
(1785791770.337999) can0 1CEBFFF1#0200000000000000
(1785791770.338973) can0 1CEBFFF1#0344CB8187FFFFFF
(1785791770.344658) can0 18FF09D1#01000C00C4C0E0
(1785791770.365006) can0 18F015F1#00008B2149714847
(1785791770.405563) can0 18FEF1F8#FF0000FFFFFFFFFF
(1785791770.406725) can0 18F005F8#7DFFFF7DFFFFFFFF
(1785791770.436053) can0 1CECFFF1#20120003FF19F000
(1785791770.436997) can0 1CEBFFF1#0127100000000000
(1785791770.438015) can0 1CEBFFF1#0200000000000000
(1785791770.438987) can0 1CEBFFF1#0344E15E06FFFFFF
(1785791770.444653) can0 18FF09D1#01000C00C4C0E0
(1785791770.464997) can0 18F015F1#00008B3349684859
(1785791770.505220) can0 18FEF1F8#FF0000FFFFFFFFFF
(1785791770.506450) can0 18F005F8#7DFFFF7DFFFFFFFF
(1785791770.537186) can0 1CECFFF1#20120003FF19F000
(1785791770.538030) can0 1CEBFFF1#0127100000000000
(1785791770.539042) can0 1CEBFFF1#0200000000000000
(1785791770.540032) can0 1CEBFFF1#0344E858C6FFFFFF
(1785791770.544701) can0 18FF09D1#01000C00C4C0E0
(1785791770.566153) can0 18F015F1#00008B3A495E484E
(1785791770.605362) can0 18FEF1F8#FF0000FFFFFFFFFF
(1785791770.606589) can0 18F005F8#7DFFFF7DFFFFFFFF
(1785791770.637054) can0 1CECFFF1#20120003FF19F000
(1785791770.638003) can0 1CEBFFF1#0127100000000000
(1785791770.639003) can0 1CEBFFF1#0200000000000000
(1785791770.639972) can0 1CEBFFF1#0344F29347FFFFFF
(1785791770.644790) can0 18ECFFD1#200E0002FF09FF00
(1785791770.645366) can0 18EBFFD1#0101000C00C4C0E0
(1785791770.645978) can0 18EBFFD1#0201000B00D3D8DC
(1785791770.646714) can0 18FF14D1#
(1785791770.666529) can0 18F015F1#00008B474964484A
(1785791770.705235) can0 18FEF1F8#FF0000FFFFFFFFFF
(1785791770.706372) can0 18F005F8#7DFFFF7DFFFFFFFF
(1785791770.737104) can0 1CECFFF1#20120003FF19F000
(1785791770.738008) can0 1CEBFFF1#0127100000000000
(1785791770.739016) can0 1CEBFFF1#0200000000000000
(1785791770.739998) can0 1CEBFFF1#0345024746FFFFFF
(1785791770.744750) can0 18ECFFD1#200E0002FF09FF00
(1785791770.745328) can0 18EBFFD1#0101000C00C4C0E0
(1785791770.745953) can0 18EBFFD1#0201000B00D3D8DC
(1785791770.766037) can0 18F015F1#00008B5649614843
(1785791770.805230) can0 18FEF1F8#FF0000FFFFFFFFFF
(1785791770.806398) can0 18F005F8#7DFFFF7DFFFFFFFF
(1785791770.837015) can0 1CECFFF1#20120003FF19F000
(1785791770.838001) can0 1CEBFFF1#0127100000000000
(1785791770.839014) can0 1CEBFFF1#0200000000000000
(1785791770.839995) can0 1CEBFFF1#0345128B47FFFFFF
(1785791770.844719) can0 18ECFFD1#200E0002FF09FF00
(1785791770.845298) can0 18EBFFD1#0101000C00C4C0E0
(1785791770.845913) can0 18EBFFD1#0201000B00D3D8DC
(1785791770.866152) can0 18F015F1#00008B64494E4851
(1785791770.905871) can0 18FEF1F8#FF0000FFFFFFFFFF
(1785791770.907123) can0 18F005F8#7DFFFF7DFFFFFFFF
(1785791770.937227) can0 1CECFFF1#20120003FF19F000
(1785791770.938026) can0 1CEBFFF1#0127100000000000
(1785791770.939030) can0 1CEBFFF1#0200000000000000
(1785791770.940017) can0 1CEBFFF1#03451A4D46FFFFFF
(1785791770.944858) can0 18ECFFD1#200E0002FF09FF00
(1785791770.945329) can0 18EBFFD1#0101000C00C4C0E0
(1785791770.945950) can0 18EBFFD1#0201000B00D3D8DC
(1785791770.966139) can0 18F015F1#00008B6C49524845
(1785791771.005208) can0 18FEF1F8#FF0000FFFFFFFFFF
(1785791771.006579) can0 18F005F8#7DFFFF7DFFFFFFFF
(1785791771.037057) can0 1CECFFF1#20120003FF19F000
(1785791771.038013) can0 1CEBFFF1#0127100000000000
(1785791771.039017) can0 1CEBFFF1#0200000000000000
(1785791771.039993) can0 1CEBFFF1#0345249DC7FFFFFF
(1785791771.044734) can0 18ECFFD1#200E0002FF09FF00
(1785791771.045299) can0 18EBFFD1#0101000C00C4C0E0
(1785791771.045901) can0 18EBFFD1#0201000B00D3D8DC
(1785791771.066027) can0 18F015F1#00008B7749704839
(1785791771.105237) can0 18FEF1F8#FF0000FFFFFFFFFF
(1785791771.106399) can0 18F005F8#7DFFFF7DFFFFFFFF
(1785791771.138064) can0 1CECFFF1#20120003FF19F000
(1785791771.139002) can0 1CEBFFF1#0127100000000000
(1785791771.140016) can0 1CEBFFF1#0200000000000000
(1785791771.140994) can0 1CEBFFF1#03452D9B07FFFFFF
(1785791771.144865) can0 18ECFFD1#200E0002FF09FF00
(1785791771.145423) can0 18EBFFD1#0101000C00C4C0E0
(1785791771.146036) can0 18EBFFD1#0201000B00D3D8DC
(1785791771.146682) can0 18FF14D1#
(1785791771.166008) can0 18F015F1#00008B8049714829
(1785791771.205492) can0 18FEF1F8#FF0000FFFFFFFFFF
(1785791771.206682) can0 18F005F8#7DFFFF7DFFFFFFFF
(1785791771.238155) can0 1CECFFF1#20120003FF19F000
(1785791771.239049) can0 1CEBFFF1#0127100000000000
(1785791771.240094) can0 1CEBFFF1#0200000000000000
(1785791771.241018) can0 1CEBFFF1#0345399407FFFFFF
(1785791771.244800) can0 18ECFFD1#200E0002FF09FF00
(1785791771.245388) can0 18EBFFD1#0101000C00C4C0E0
(1785791771.246049) can0 18EBFFD1#0201000B00D3D8DC
(1785791771.267245) can0 18F015F1#00008B8C4970482C
(1785791771.277006) can0 18F017F1#0E28164A7960
(1785791771.277382) can0 18F018F1#F2E6FE3F81C7
(1785791771.305356) can0 18FEF1F8#FF0000FFFFFFFFFF
(1785791771.306533) can0 18F005F8#7DFFFF7DFFFFFFFF
(1785791771.338043) can0 1CECFFF1#20120003FF19F000
(1785791771.338999) can0 1CEBFFF1#0127100000000000
(1785791771.340007) can0 1CEBFFF1#0200000000000000
(1785791771.340982) can0 1CEBFFF1#034542B747FFFFFF
(1785791771.344709) can0 18ECFFD1#200E0002FF09FF00
(1785791771.345280) can0 18EBFFD1#0101000C00C4C0E0
(1785791771.345890) can0 18EBFFD1#0201000B00D3D8DC
(1785791771.367103) can0 18F015F1#00008B9549754832
(1785791771.405380) can0 18FEF1F8#FF0000FFFFFFFFFF
(1785791771.406537) can0 18F005F8#7DFFFF7DFFFFFFFF
(1785791771.438049) can0 1CECFFF1#20120003FF19F000
(1785791771.439012) can0 1CEBFFF1#0127100000000000
(1785791771.440028) can0 1CEBFFF1#0200000000000000
(1785791771.441025) can0 1CEBFFF1#034548B0C7FFFFFF
(1785791771.444733) can0 18ECFFD1#200E0002FF09FF00
(1785791771.445308) can0 18EBFFD1#0101000C00C4C0E0
(1785791771.445887) can0 18EBFFD1#0201000B00D3D8DC
(1785791771.467029) can0 18F015F1#00008B9E4973483D
(1785791771.505365) can0 18FEF1F8#FF0000FFFFFFFFFF
(1785791771.506510) can0 18F005F8#7DFFFF7DFFFFFFFF
(1785791771.538175) can0 1CECFFF1#20120003FF19F000
(1785791771.539021) can0 1CEBFFF1#0127100000000000
(1785791771.540041) can0 1CEBFFF1#0200000000000000
(1785791771.541083) can0 1CEBFFF1#03454BB187FFFFFF
(1785791771.544809) can0 18ECFFD1#200E0002FF09FF00
(1785791771.545327) can0 18EBFFD1#0101000C00C4C0E0
(1785791771.546032) can0 18EBFFD1#0201000B00D3D8DC
(1785791771.567223) can0 18F015F1#00008B9D4971483C
(1785791771.605358) can0 18FEF1F8#FF0000FFFFFFFFFF
(1785791771.606530) can0 18F005F8#7DFFFF7DFFFFFFFF
(1785791771.638028) can0 1CECFFF1#20120003FF19F000
(1785791771.639000) can0 1CEBFFF1#0127100000000000
(1785791771.640100) can0 1CEBFFF1#0200000000000000
(1785791771.640989) can0 1CEBFFF1#034556B847FFFFFF
(1785791771.644817) can0 18ECFFD1#200E0002FF09FF00
(1785791771.645385) can0 18EBFFD1#0101000C00C4C0E0
(1785791771.645989) can0 18EBFFD1#0201000B00D3D8DC
(1785791771.647207) can0 18FF14D1#
(1785791771.666988) can0 18F015F1#00008BA9496F483F
(1785791771.705252) can0 18FEF1F8#FF0000FFFFFFFFFF
(1785791771.706405) can0 18F005F8#7DFFFF7DFFFFFFFF
(1785791771.738052) can0 1CECFFF1#20120003FF19F000
(1785791771.739007) can0 1CEBFFF1#0127100000000000
(1785791771.740021) can0 1CEBFFF1#0200000000000000
(1785791771.740996) can0 1CEBFFF1#03455ABD47FFFFFF
(1785791771.744718) can0 18ECFFD1#200E0002FF09FF00
(1785791771.745281) can0 18EBFFD1#0101000C00C4C0E0
(1785791771.745895) can0 18EBFFD1#0201000B00D3D8DC
(1785791771.768039) can0 18F015F1#00008BAA49654832
(1785791771.805288) can0 18FEF1F8#FF0000FFFFFFFFFF
(1785791771.806503) can0 18F005F8#7DFFFF7DFFFFFFFF
(1785791771.838075) can0 1CECFFF1#20120003FF19F000
(1785791771.839010) can0 1CEBFFF1#0127100000000000
(1785791771.840017) can0 1CEBFFF1#0200000000000000
(1785791771.840994) can0 1CEBFFF1#03455B7D86FFFFFF
(1785791771.844718) can0 18ECFFD1#200E0002FF09FF00
(1785791771.845289) can0 18EBFFD1#0101000C00C4C0E0
(1785791771.845935) can0 18EBFFD1#0201000B00D3D8DC
(1785791771.867124) can0 18F015F1#00008BAB496A482C
(1785791771.905578) can0 18FEF1F8#FF0000FFFFFFFFFF
(1785791771.907000) can0 18F005F8#7DFFFF7DFFFFFFFF
(1785791771.938745) can0 1CECFFF1#20120003FF19F000
(1785791771.939300) can0 1CEBFFF1#0127100000000000
(1785791771.940063) can0 1CEBFFF1#0200000000000000
(1785791771.941056) can0 1CEBFFF1#03455D7F06FFFFFF
(1785791771.944736) can0 18ECFFD1#200E0002FF09FF00
(1785791771.945307) can0 18EBFFD1#0101000C00C4C0E0
(1785791771.945961) can0 18EBFFD1#0201000B00D3D8DC
(1785791771.967294) can0 18F015F1#00008BAF4978482E
(1785791772.005461) can0 18FEF1F8#FF0000FFFFFFFFFF
(1785791772.007798) can0 18F005F8#7DFFFF7DFFFFFFFF
(1785791772.039060) can0 1CECFFF1#20120003FF19F000
(1785791772.040006) can0 1CEBFFF1#0127100000000000
(1785791772.041014) can0 1CEBFFF1#0200000000000000
(1785791772.042005) can0 1CEBFFF1#034563AF87FFFFFF
(1785791772.044695) can0 18ECFFD1#200E0002FF09FF00
(1785791772.045259) can0 18EBFFD1#0101000C00C4C0E0
(1785791772.045879) can0 18EBFFD1#0201000B00D3D8DC
(1785791772.068023) can0 18F015F1#00008BB5498D4829
(1785791772.105234) can0 18FEF1F8#FF0000FFFFFFFFFF
(1785791772.106384) can0 18F005F8#7DFFFF7DFFFFFFFF
(1785791772.139059) can0 1CECFFF1#20120003FF19F000
(1785791772.140015) can0 1CEBFFF1#0127100000000000
(1785791772.141023) can0 1CEBFFF1#0200000000000000
(1785791772.141993) can0 1CEBFFF1#03456868C6FFFFFF
(1785791772.144829) can0 18ECFFD1#200E0002FF09FF00
(1785791772.145392) can0 18EBFFD1#0101000C00C4C0E0
(1785791772.145993) can0 18EBFFD1#0201000B00D3D8DC
(1785791772.146699) can0 18FF14D1#
(1785791772.168021) can0 18F015F1#00008BB849A14822
(1785791772.205488) can0 18FEF1F8#FF0000FFFFFFFFFF
(1785791772.206715) can0 18F005F8#7DFFFF7DFFFFFFFF
(1785791772.239112) can0 1CECFFF1#20120003FF19F000
(1785791772.240126) can0 1CEBFFF1#0127100000000000
(1785791772.241131) can0 1CEBFFF1#0200000000000000
(1785791772.242009) can0 1CEBFFF1#03456868C6FFFFFF
(1785791772.244739) can0 18ECFFD1#200E0002FF09FF00
(1785791772.245287) can0 18EBFFD1#0101000C00C4C0E0
(1785791772.246029) can0 18EBFFD1#0201000B00D3D8DC
(1785791772.268164) can0 18F015F1#00008BB949B34821
(1785791772.277925) can0 18F017F1#0864252F655B
(1785791772.278384) can0 18F018F1#D1D8F2D883ED
(1785791772.305214) can0 18FEF1F8#FF0000FFFFFFFFFF
(1785791772.306677) can0 18F005F8#7DFFFF7DFFFFFFFF
(1785791772.339029) can0 1CECFFF1#20120003FF19F000
(1785791772.340011) can0 1CEBFFF1#0127100000000000
(1785791772.341026) can0 1CEBFFF1#0200000000000000
(1785791772.342538) can0 1CEBFFF1#03456D6B06FFFFFF
(1785791772.344708) can0 18ECFFD1#200E0002FF09FF00
(1785791772.345267) can0 18EBFFD1#0101000C00C4C0E0
(1785791772.345888) can0 18EBFFD1#0201000B00D3D8DC
(1785791772.368063) can0 18F015F1#00008BBF49B9482B
(1785791772.405314) can0 18FEF1F8#FF0000FFFFFFFFFF
(1785791772.406445) can0 18F005F8#7DFFFF7DFFFFFFFF
(1785791772.439044) can0 1CECFFF1#20120003FF19F000
(1785791772.440014) can0 1CEBFFF1#0127100000000000
(1785791772.441021) can0 1CEBFFF1#0200000000000000
(1785791772.441986) can0 1CEBFFF1#0345736386FFFFFF
(1785791772.444672) can0 18ECFFD1#200E0002FF09FF00
(1785791772.445245) can0 18EBFFD1#0101000C00C4C0E0
(1785791772.445851) can0 18EBFFD1#0201000B00D3D8DC
(1785791772.468023) can0 18F015F1#00008BC449AD4829
(1785791772.505223) can0 18FEF1F8#FF0000FFFFFFFFFF
(1785791772.506400) can0 18F005F8#7DFFFF7DFFFFFFFF
(1785791772.539160) can0 1CECFFF1#20120003FF19F000
(1785791772.540041) can0 1CEBFFF1#0127100000000000
(1785791772.541041) can0 1CEBFFF1#0200000000000000
(1785791772.542021) can0 1CEBFFF1#034574A1C7FFFFFF
(1785791772.544718) can0 18ECFFD1#200E0002FF09FF00
(1785791772.545249) can0 18EBFFD1#0101000C00C4C0E0
(1785791772.545891) can0 18EBFFD1#0201000B00D3D8DC
(1785791772.568108) can0 18F015F1#00008BC4499A4829
(1785791772.605387) can0 18FEF1F8#FF0000FFFFFFFFFF
(1785791772.607130) can0 18F005F8#7DFFFF7DFFFFFFFF
(1785791772.640042) can0 1CECFFF1#20120003FF19F000
(1785791772.641012) can0 1CEBFFF1#0127100000000000
(1785791772.642023) can0 1CEBFFF1#0200000000000000
(1785791772.642988) can0 1CEBFFF1#0345736386FFFFFF
(1785791772.644739) can0 18ECFFD1#200E0002FF09FF00
(1785791772.645310) can0 18EBFFD1#0101000C00C4C0E0
(1785791772.645922) can0 18EBFFD1#0201000B00D3D8DC
(1785791772.646561) can0 18FF14D1#
(1785791772.669014) can0 18F015F1#00008BC5497F4823
(1785791772.705274) can0 18FEF1F8#FF0000FFFFFFFFFF
(1785791772.706579) can0 18F005F8#7DFFFF7DFFFFFFFF
(1785791772.740058) can0 1CECFFF1#20120003FF19F000
(1785791772.741024) can0 1CEBFFF1#0127100000000000
(1785791772.742035) can0 1CEBFFF1#0200000000000000
(1785791772.743011) can0 1CEBFFF1#0345766046FFFFFF
(1785791772.744700) can0 18ECFFD1#200E0002FF09FF00
(1785791772.745274) can0 18EBFFD1#0101000C00C4C0E0
(1785791772.745874) can0 18EBFFD1#0201000B00D3D8DC
(1785791772.769030) can0 18F015F1#00008BC64971481B
(1785791772.805234) can0 18FEF1F8#FF0000FFFFFFFFFF
(1785791772.806409) can0 18F005F8#7DFFFF7DFFFFFFFF
(1785791772.840038) can0 1CECFFF1#20120003FF19F000
(1785791772.841027) can0 1CEBFFF1#0127100000000000
(1785791772.842054) can0 1CEBFFF1#0200000000000000
(1785791772.843008) can0 1CEBFFF1#0345766046FFFFFF
(1785791772.845036) can0 18ECFFD1#200E0002FF09FF00
(1785791772.845611) can0 18EBFFD1#0101000C00C4C0E0
(1785791772.846184) can0 18EBFFD1#0201000B00D3D8DC
(1785791772.869013) can0 18F015F1#00008BC54977481C
(1785791772.905569) can0 18FEF1F8#FF0000FFFFFFFFFF
(1785791772.906807) can0 18F005F8#7DFFFF7DFFFFFFFF
(1785791772.940357) can0 1CECFFF1#20120003FF19F000
(1785791772.941063) can0 1CEBFFF1#0127100000000000
(1785791772.942128) can0 1CEBFFF1#0200000000000000
(1785791772.943111) can0 1CEBFFF1#034571A207FFFFFF
(1785791772.944721) can0 18ECFFD1#200E0002FF09FF00
(1785791772.945260) can0 18EBFFD1#0101000C00C4C0E0
(1785791772.945972) can0 18EBFFD1#0201000B00D3D8DC
(1785791772.969130) can0 18F015F1#00008BBF4980482E
(1785791773.005208) can0 18FEF1F8#FF0000FFFFFFFFFF
(1785791773.006342) can0 18F005F8#7DFFFF7DFFFFFFFF
(1785791773.040086) can0 1CECFFF1#20120003FF19F000
(1785791773.041024) can0 1CEBFFF1#0127100000000000
(1785791773.042027) can0 1CEBFFF1#0200000000000000
(1785791773.042997) can0 1CEBFFF1#03456868C6FFFFFF
(1785791773.044673) can0 18ECFFD1#200E0002FF09FF00
(1785791773.045240) can0 18EBFFD1#0101000C00C4C0E0
(1785791773.045812) can0 18EBFFD1#0201000B00D3D8DC
(1785791773.069031) can0 18F015F1#00008BB64977482E
(1785791773.105248) can0 18FEF1F8#FF0000FFFFFFFFFF
(1785791773.106410) can0 18F005F8#7DFFFF7DFFFFFFFF
(1785791773.140073) can0 1CECFFF1#20120003FF19F000
(1785791773.141012) can0 1CEBFFF1#0127100000000000
(1785791773.142025) can0 1CEBFFF1#0200000000000000
(1785791773.142994) can0 1CEBFFF1#0345626F46FFFFFF
(1785791773.144360) can0 18FF14D1#
(1785791773.169017) can0 18F015F1#00008BB149694829
(1785791773.205369) can0 18FEF1F8#FF0000FFFFFFFFFF
(1785791773.206634) can0 18F005F8#7DFFFF7DFFFFFFFF
(1785791773.240206) can0 1CECFFF1#20120003FF19F000
(1785791773.241040) can0 1CEBFFF1#0127100000000000
(1785791773.242056) can0 1CEBFFF1#0200000000000000
(1785791773.243054) can0 1CEBFFF1#03455E7E46FFFFFF
(1785791773.270149) can0 18F015F1#00008BAE49524824
(1785791773.279133) can0 18F017F1#0864252F655B
(1785791773.279730) can0 18F018F1#D1D8F2D883ED
(1785791773.305409) can0 18FEF1F8#FF0000FFFFFFFFFF
(1785791773.306882) can0 18F005F8#7DFFFF7DFFFFFFFF
(1785791773.340125) can0 1CECFFF1#20120003FF19F000
(1785791773.341033) can0 1CEBFFF1#0127100000000000
(1785791773.342091) can0 1CEBFFF1#0200000000000000
(1785791773.343052) can0 1CEBFFF1#03455D7F06FFFFFF
(1785791773.369088) can0 18F015F1#00008BAD494C4817
(1785791773.405381) can0 18FEF1F8#FF0000FFFFFFFFFF
(1785791773.406541) can0 18F005F8#7DFFFF7DFFFFFFFF
(1785791773.441070) can0 1CECFFF1#20120003FF19F000
(1785791773.442028) can0 1CEBFFF1#0127100000000000
(1785791773.443029) can0 1CEBFFF1#0200000000000000
(1785791773.444009) can0 1CEBFFF1#03455CBFC7FFFFFF
(1785791773.470034) can0 18F015F1#00008BAB4946480D
(1785791773.505556) can0 18FEF1F8#FF0000FFFFFFFFFF
(1785791773.506755) can0 18F005F8#7DFFFF7DFFFFFFFF
(1785791773.541052) can0 1CECFFF1#20120003FF19F000
(1785791773.542031) can0 1CEBFFF1#0127100000000000
(1785791773.543026) can0 1CEBFFF1#0200000000000000
(1785791773.544001) can0 1CEBFFF1#03455B7D86FFFFFF
(1785791773.570099) can0 18F015F1#00008BAC494B4815
(1785791773.605315) can0 18FEF1F8#FF0000FFFFFFFFFF
(1785791773.606510) can0 18F005F8#7DFFFF7DFFFFFFFF
(1785791773.641117) can0 1CECFFF1#20120003FF19F000
(1785791773.642031) can0 1CEBFFF1#0127100000000000
(1785791773.643069) can0 1CEBFFF1#0200000000000000
(1785791773.644048) can0 1CEBFFF1#03455FBE87FFFFFF
(1785791773.644326) can0 18FF14D1#
(1785791773.670006) can0 18F015F1#00008BAF495A4822
(1785791773.705254) can0 18FEF1F8#FF0000FFFFFFFFFF
(1785791773.706407) can0 18F005F8#7DFFFF7DFFFFFFFF
(1785791773.741066) can0 1CECFFF1#20120003FF19F000
(1785791773.742032) can0 1CEBFFF1#0127100000000000
(1785791773.743039) can0 1CEBFFF1#0200000000000000
(1785791773.744023) can0 1CEBFFF1#034563AF87FFFFFF
(1785791773.771026) can0 18F015F1#00008BB34969482F
(1785791773.805240) can0 18FEF1F8#FF0000FFFFFFFFFF
(1785791773.806418) can0 18F005F8#7DFFFF7DFFFFFFFF
(1785791773.841057) can0 1CECFFF1#20120003FF19F000
(1785791773.842033) can0 1CEBFFF1#0127100000000000
(1785791773.843045) can0 1CEBFFF1#0200000000000000
(1785791773.844015) can0 1CEBFFF1#0345616E06FFFFFF
(1785791773.870050) can0 18F015F1#00008BB14971482D
(1785791773.905411) can0 18FEF1F8#FF0000FFFFFFFFFF
(1785791773.906801) can0 18F005F8#7DFFFF7DFFFFFFFF
(1785791773.941442) can0 1CECFFF1#20120003FF19F000
(1785791773.942120) can0 1CEBFFF1#0127100000000000
(1785791773.943099) can0 1CEBFFF1#0200000000000000
(1785791773.944074) can0 1CEBFFF1#034563AF87FFFFFF
(1785791773.970139) can0 18F015F1#00008BB4496E482D
(1785791774.005341) can0 18FEF1F8#FF0000FFFFFFFFFF
(1785791774.006595) can0 18F005F8#7DFFFF7DFFFFFFFF
(1785791774.041167) can0 1CECFFF1#20120003FF19F000
(1785791774.042028) can0 1CEBFFF1#0127100000000000
(1785791774.043037) can0 1CEBFFF1#0200000000000000
(1785791774.044018) can0 1CEBFFF1#034565AD07FFFFFF
(1785791774.070060) can0 18F015F1#00008BB6495C4826
(1785791774.105258) can0 18FEF1F8#FF0000FFFFFFFFFF
(1785791774.106418) can0 18F005F8#7DFFFF7DFFFFFFFF
(1785791774.141114) can0 1CECFFF1#20120003FF19F000
(1785791774.142043) can0 1CEBFFF1#0127100000000000
(1785791774.143043) can0 1CEBFFF1#0200000000000000
(1785791774.144015) can0 1CEBFFF1#0345646DC6FFFFFF
(1785791774.144334) can0 18FF14D1#
(1785791774.170035) can0 18F015F1#00008BB24950481D
(1785791774.205247) can0 18FEF1F8#FF0000FFFFFFFFFF
(1785791774.206421) can0 18F005F8#7DFFFF7DFFFFFFFF
(1785791774.242160) can0 1CECFFF1#20120003FF19F000
(1785791774.243053) can0 1CEBFFF1#0127100000000000
(1785791774.244068) can0 1CEBFFF1#0200000000000000
(1785791774.245061) can0 1CEBFFF1#03455E7E46FFFFFF
(1785791774.271237) can0 18F015F1#00008BAD494C4821
(1785791774.281139) can0 18F017F1#F66B1C3E7F2A
(1785791774.281528) can0 18F018F1#DE4C04128416
(1785791774.305218) can0 18FEF1F8#FF0000FFFFFFFFFF
(1785791774.306346) can0 18F005F8#7DFFFF7DFFFFFFFF
(1785791774.342037) can0 1CECFFF1#20120003FF19F000
(1785791774.343023) can0 1CEBFFF1#0127100000000000
(1785791774.344032) can0 1CEBFFF1#0200000000000000
(1785791774.345007) can0 1CEBFFF1#03455D7F06FFFFFF
(1785791774.371078) can0 18F015F1#00008BAE49424824
(1785791774.405446) can0 18FEF1F8#FF0000FFFFFFFFFF
(1785791774.406600) can0 18F005F8#7DFFFF7DFFFFFFFF
(1785791774.442052) can0 1CECFFF1#20120003FF19F000
(1785791774.443026) can0 1CEBFFF1#0127100000000000
(1785791774.444036) can0 1CEBFFF1#0200000000000000
(1785791774.445014) can0 1CEBFFF1#03455FBE87FFFFFF
(1785791774.471045) can0 18F015F1#00008BB049374820
(1785791774.505202) can0 18FEF1F8#FF0000FFFFFFFFFF
(1785791774.506389) can0 18F005F8#7DFFFF7DFFFFFFFF
(1785791774.542119) can0 1CECFFF1#20120003FF19F000
(1785791774.543049) can0 1CEBFFF1#0127100000000000
(1785791774.544061) can0 1CEBFFF1#0200000000000000
(1785791774.545036) can0 1CEBFFF1#03455FBE87FFFFFF
(1785791774.571139) can0 18F015F1#00008BAF49384829
(1785791774.605467) can0 18FEF1F8#FF0000FFFFFFFFFF
(1785791774.606809) can0 18F005F8#7DFFFF7DFFFFFFFF
(1785791774.642063) can0 1CECFFF1#20120003FF19F000
(1785791774.643037) can0 1CEBFFF1#0127100000000000
(1785791774.644044) can0 1CEBFFF1#0200000000000000
(1785791774.644299) can0 18FF14D1#
(1785791774.645021) can0 1CEBFFF1#03455E7E46FFFFFF
(1785791774.671021) can0 18F015F1#00008BAF4944482B
(1785791774.705532) can0 18FEF1F8#FF0000FFFFFFFFFF
(1785791774.706778) can0 18F005F8#7DFFFF7DFFFFFFFF
(1785791774.742076) can0 1CECFFF1#20120003FF19F000
(1785791774.743049) can0 1CEBFFF1#0127100000000000
(1785791774.744052) can0 1CEBFFF1#0200000000000000
(1785791774.745020) can0 1CEBFFF1#0345646DC6FFFFFF
(1785791774.772029) can0 18F015F1#00008BB849494824
(1785791774.805238) can0 18FEF1F8#FF0000FFFFFFFFFF
(1785791774.806398) can0 18F005F8#7DFFFF7DFFFFFFFF
(1785791774.842056) can0 1CECFFF1#20120003FF19F000
(1785791774.843038) can0 1CEBFFF1#0127100000000000
(1785791774.844050) can0 1CEBFFF1#0200000000000000
(1785791774.845026) can0 1CEBFFF1#03456AA947FFFFFF
(1785791774.871028) can0 18F015F1#00008BBA49434819
(1785791774.905410) can0 18FEF1F8#FF0000FFFFFFFFFF
(1785791774.906646) can0 18F005F8#7DFFFF7DFFFFFFFF
(1785791774.942265) can0 1CECFFF1#20120003FF19F000
(1785791774.943052) can0 1CEBFFF1#0127100000000000
(1785791774.944088) can0 1CEBFFF1#0200000000000000
(1785791774.945086) can0 1CEBFFF1#03456D6B06FFFFFF
(1785791774.972149) can0 18F015F1#00008BBE49444817
(1785791775.005203) can0 18FEF1F8#FF0000FFFFFFFFFF
(1785791775.006342) can0 18F005F8#7DFFFF7DFFFFFFFF
(1785791775.043110) can0 1CECFFF1#20120003FF19F000
(1785791775.044160) can0 1CEBFFF1#0127100000000000
(1785791775.045043) can0 1CEBFFF1#0200000000000000
(1785791775.046025) can0 1CEBFFF1#034574A1C7FFFFFF
(1785791775.072063) can0 18F015F1#00008BC749474818
(1785791775.105213) can0 18FEF1F8#FF0000FFFFFFFFFF
(1785791775.106361) can0 18F005F8#7DFFFF7DFFFFFFFF
(1785791775.143068) can0 1CECFFF1#20120003FF19F000
(1785791775.144031) can0 1CEBFFF1#0127100000000000
(1785791775.144307) can0 18FF14D1#
(1785791775.145045) can0 1CEBFFF1#0200000000000000
(1785791775.146036) can0 1CEBFFF1#03457BA587FFFFFF
(1785791775.172039) can0 18F015F1#00008BCD49554820
(1785791775.205198) can0 18FEF1F8#FF0000FFFFFFFFFF
(1785791775.206354) can0 18F005F8#7DFFFF7DFFFFFFFF
(1785791775.243152) can0 1CECFFF1#20120003FF19F000
(1785791775.244054) can0 1CEBFFF1#0127100000000000
(1785791775.245065) can0 1CEBFFF1#0200000000000000
(1785791775.246048) can0 1CEBFFF1#03457F6686FFFFFF
(1785791775.273371) can0 18F015F1#00008BD0495A4828
(1785791775.282227) can0 18F017F1#F66B1C3E7F2A
(1785791775.282799) can0 18F018F1#DE4C04128416
(1785791775.305497) can0 18FEF1F8#FF0000FFFFFFFFFF
(1785791775.306955) can0 18F005F8#7DFFFF7DFFFFFFFF
(1785791775.343070) can0 1CECFFF1#20120003FF19F000
(1785791775.344036) can0 1CEBFFF1#0127100000000000
(1785791775.345046) can0 1CEBFFF1#0200000000000000
(1785791775.346019) can0 1CEBFFF1#0345862446FFFFFF
(1785791775.372248) can0 18F015F1#00008BD849674826
(1785791775.405324) can0 18FEF1F8#FF0000FFFFFFFFFF
(1785791775.406478) can0 18F005F8#7DFFFF7DFFFFFFFF
(1785791775.443077) can0 1CECFFF1#20120003FF19F000
(1785791775.444036) can0 1CEBFFF1#0127100000000000
(1785791775.445041) can0 1CEBFFF1#0200000000000000
(1785791775.446024) can0 1CEBFFF1#03458C23C6FFFFFF
(1785791775.472047) can0 18F015F1#00008BDD496E4821
(1785791775.505387) can0 18FEF1F8#FF0000FFFFFFFFFF
(1785791775.506690) can0 18F005F8#7DFFFF7DFFFFFFFF
(1785791775.544091) can0 1CECFFF1#20120003FF19F000
(1785791775.545050) can0 1CEBFFF1#0127100000000000
(1785791775.546076) can0 1CEBFFF1#0200000000000000
(1785791775.547040) can0 1CEBFFF1#034590EAC7FFFFFF
(1785791775.573160) can0 18F015F1#00008BE149604825
(1785791775.605529) can0 18FEF1F8#FF0000FFFFFFFFFF
(1785791775.606815) can0 18F005F8#7DFFFF7DFFFFFFFF
(1785791775.643151) can0 1CECFFF1#20120003FF19F000
(1785791775.644056) can0 1CEBFFF1#0127100000000000
(1785791775.644308) can0 18FF14D1#
(1785791775.645044) can0 1CEBFFF1#0200000000000000
(1785791775.646021) can0 1CEBFFF1#03459429C6FFFFFF
(1785791775.672035) can0 18F015F1#00008BE64953482B
(1785791775.705287) can0 18FEF1F8#FF0000FFFFFFFFFF
(1785791775.706449) can0 18F005F8#7DFFFF7DFFFFFFFF
(1785791775.744108) can0 1CECFFF1#20120003FF19F000
(1785791775.745044) can0 1CEBFFF1#0127100000000000
(1785791775.746054) can0 1CEBFFF1#0200000000000000
(1785791775.747018) can0 1CEBFFF1#03459AED47FFFFFF
(1785791775.773068) can0 18F015F1#00008BEA493E482B
(1785791775.805232) can0 18FEF1F8#FF0000FFFFFFFFFF
(1785791775.806368) can0 18F005F8#7DFFFF7DFFFFFFFF
(1785791775.844077) can0 1CECFFF1#20120003FF19F000
(1785791775.845055) can0 1CEBFFF1#0127100000000000
(1785791775.846065) can0 1CEBFFF1#0200000000000000
(1785791775.847040) can0 1CEBFFF1#03459D2F06FFFFFF
(1785791775.873051) can0 18F015F1#00008BEE4923482D
(1785791775.905453) can0 18FEF1F8#FF0000FFFFFFFFFF
(1785791775.906737) can0 18F005F8#7DFFFF7DFFFFFFFF
(1785791775.944307) can0 1CECFFF1#20120003FF19F000
(1785791775.945070) can0 1CEBFFF1#0127100000000000
(1785791775.946212) can0 1CEBFFF1#0200000000000000
(1785791775.947105) can0 1CEBFFF1#03459CEFC7FFFFFF
(1785791775.973139) can0 18F015F1#00008BEC48FD480B
(1785791776.005266) can0 18FEF1F8#FF0000FFFFFFFFFF
(1785791776.006439) can0 18F005F8#7DFFFF7DFFFFFFFF
(1785791776.044107) can0 1CECFFF1#20120003FF19F000
(1785791776.045071) can0 1CEBFFF1#0127100000000000
(1785791776.046062) can0 1CEBFFF1#0200000000000000
(1785791776.047022) can0 1CEBFFF1#03459E2E46FFFFFF
(1785791776.073070) can0 18F015F1#00008BF048F74802
(1785791776.105232) can0 18FEF1F8#FF0000FFFFFFFFFF
(1785791776.106372) can0 18F005F8#7DFFFF7DFFFFFFFF
(1785791776.144123) can0 1CECFFF1#20120003FF19F000
(1785791776.144457) can0 18FF14D1#
(1785791776.145048) can0 1CEBFFF1#0127100000000000
(1785791776.146071) can0 1CEBFFF1#0200000000000000
(1785791776.147033) can0 1CEBFFF1#0345A13E06FFFFFF
(1785791776.173069) can0 18F015F1#00008BF0490A47FC
(1785791776.205264) can0 18FEF1F8#FF0000FFFFFFFFFF
(1785791776.206411) can0 18F005F8#7DFFFF7DFFFFFFFF
(1785791776.244183) can0 1CECFFF1#20120003FF19F000
(1785791776.245070) can0 1CEBFFF1#0127100000000000
(1785791776.246078) can0 1CEBFFF1#0200000000000000
(1785791776.247061) can0 1CEBFFF1#0345A23F46FFFFFF
(1785791776.274198) can0 18F015F1#00008BF449294809
(1785791776.283359) can0 18F017F1#00BA191275E5
(1785791776.284038) can0 18F018F1#E2090420807A
(1785791776.305552) can0 18FEF1F8#FF0000FFFFFFFFFF
(1785791776.307017) can0 18F005F8#7DFFFF7DFFFFFFFF
(1785791776.345087) can0 1CECFFF1#20120003FF19F000
(1785791776.346063) can0 1CEBFFF1#0127100000000000
(1785791776.347046) can0 1CEBFFF1#0200000000000000
(1785791776.348025) can0 1CEBFFF1#0345A5FD07FFFFFF
(1785791776.374099) can0 18F015F1#00008BF5494D4805
(1785791776.405397) can0 18FEF1F8#FF0000FFFFFFFFFF
(1785791776.406553) can0 18F005F8#7DFFFF7DFFFFFFFF
(1785791776.445090) can0 1CECFFF1#20120003FF19F000
(1785791776.446050) can0 1CEBFFF1#0127100000000000
(1785791776.447055) can0 1CEBFFF1#0200000000000000
(1785791776.448024) can0 1CEBFFF1#0345A73C86FFFFFF
(1785791776.474034) can0 18F015F1#00008BF749734800
(1785791776.505215) can0 18FEF1F8#FF0000FFFFFFFFFF
(1785791776.506359) can0 18F005F8#7DFFFF7DFFFFFFFF
(1785791776.545089) can0 1CECFFF1#20120003FF19F000
(1785791776.546058) can0 1CEBFFF1#0127100000000000
(1785791776.547074) can0 1CEBFFF1#0200000000000000
(1785791776.548041) can0 1CEBFFF1#0345A838C6FFFFFF
(1785791776.574089) can0 18F015F1#00008BF8499A47D6
(1785791776.605496) can0 18FEF1F8#FF0000FFFFFFFFFF
(1785791776.606679) can0 18F005F8#7DFFFF7DFFFFFFFF
(1785791776.644188) can0 18FF14D1#
(1785791776.645061) can0 1CECFFF1#20120003FF19F000
(1785791776.646051) can0 1CEBFFF1#0127100000000000
(1785791776.647057) can0 1CEBFFF1#0200000000000000
(1785791776.648036) can0 1CEBFFF1#0345A0FEC7FFFFFF
(1785791776.674031) can0 18F015F1#00008BEF49BB47B9
(1785791776.705417) can0 18FEF1F8#FF0000FFFFFFFFFF
(1785791776.707067) can0 18F005F8#7DFFFF7DFFFFFFFF
(1785791776.745080) can0 1CECFFF1#20120003FF19F000
(1785791776.746059) can0 1CEBFFF1#0127100000000000
(1785791776.747064) can0 1CEBFFF1#0200000000000000
(1785791776.748034) can0 1CEBFFF1#03459E2E46FFFFFF
(1785791776.775065) can0 18F015F1#00008BED49D047B9
(1785791776.805256) can0 18FEF1F8#FF0000FFFFFFFFFF
(1785791776.806485) can0 18F005F8#7DFFFF7DFFFFFFFF
(1785791776.845080) can0 1CECFFF1#20120003FF19F000
(1785791776.846064) can0 1CEBFFF1#0127100000000000
(1785791776.847073) can0 1CEBFFF1#0200000000000000
(1785791776.848045) can0 1CEBFFF1#03459B2D86FFFFFF
(1785791776.874054) can0 18F015F1#00008BEA49DD47AE
(1785791776.905460) can0 18FEF1F8#FF0000FFFFFFFFFF
(1785791776.906746) can0 18F005F8#7DFFFF7DFFFFFFFF
(1785791776.945365) can0 1CECFFF1#20120003FF19F000
(1785791776.946137) can0 1CEBFFF1#0127100000000000
(1785791776.947440) can0 1CEBFFF1#0200000000000000
(1785791776.948063) can0 1CEBFFF1#0345972886FFFFFF
(1785791776.974215) can0 18F015F1#00008BE549E0479A
(1785791777.005205) can0 18FEF1F8#FF0000FFFFFFFFFF
(1785791777.006329) can0 18F005F8#7DFFFF7DFFFFFFFF
(1785791777.045284) can0 1CECFFF1#20120003FF19F000
(1785791777.046112) can0 1CEBFFF1#0127100000000000
(1785791777.047132) can0 1CEBFFF1#0200000000000000
(1785791777.048021) can0 1CEBFFF1#03458F2286FFFFFF
(1785791777.074054) can0 18F015F1#00008BDD49D8478C
(1785791777.105236) can0 18FEF1F8#FF0000FFFFFFFFFF
(1785791777.106413) can0 18F005F8#7DFFFF7DFFFFFFFF
(1785791777.144280) can0 18FF14D1#
(1785791777.146062) can0 1CECFFF1#20120003FF19F000
(1785791777.147049) can0 1CEBFFF1#0127100000000000
(1785791777.148058) can0 1CEBFFF1#0200000000000000
(1785791777.149025) can0 1CEBFFF1#03458A2146FFFFFF
(1785791777.175049) can0 18F015F1#00008BDB49C8477D
(1785791777.205186) can0 18FEF1F8#FF0000FFFFFFFFFF
(1785791777.206369) can0 18F005F8#7DFFFF7DFFFFFFFF
(1785791777.246170) can0 1CECFFF1#20120003FF19F000
(1785791777.247071) can0 1CEBFFF1#0127100000000000
(1785791777.248083) can0 1CEBFFF1#0200000000000000
(1785791777.249050) can0 1CEBFFF1#03458A2146FFFFFF
(1785791777.275430) can0 18F015F1#00008BD949A94786
(1785791777.285404) can0 18F017F1#00BA191275E5
(1785791777.285959) can0 18F018F1#E2090420807A
(1785791777.305335) can0 18FEF1F8#FF0000FFFFFFFFFF
(1785791777.306761) can0 18F005F8#7DFFFF7DFFFFFFFF
(1785791777.346186) can0 1CECFFF1#20120003FF19F000
(1785791777.347052) can0 1CEBFFF1#0127100000000000
(1785791777.348191) can0 1CEBFFF1#0200000000000000
(1785791777.349051) can0 1CEBFFF1#0345862446FFFFFF
(1785791777.375248) can0 18F015F1#00008BD449904784
(1785791777.405279) can0 18FEF1F8#FF0000FFFFFFFFFF
(1785791777.406676) can0 18F005F8#7DFFFF7DFFFFFFFF
(1785791777.446088) can0 1CECFFF1#20120003FF19F000
(1785791777.447051) can0 1CEBFFF1#0127100000000000
(1785791777.448064) can0 1CEBFFF1#0200000000000000
(1785791777.449031) can0 1CEBFFF1#0345832786FFFFFF
(1785791777.475059) can0 18F015F1#00008BD4498C477F
(1785791777.505288) can0 18FEF1F8#FF0000FFFFFFFFFF
(1785791777.506462) can0 18F005F8#7DFFFF7DFFFFFFFF
(1785791777.546097) can0 1CECFFF1#20120003FF19F000
(1785791777.547052) can0 1CEBFFF1#0127100000000000
(1785791777.548089) can0 1CEBFFF1#0200000000000000
(1785791777.549052) can0 1CEBFFF1#03458026C6FFFFFF
(1785791777.575200) can0 18F015F1#00008BCE498E4781
(1785791777.605515) can0 18FEF1F8#FF0000FFFFFFFFFF
(1785791777.606871) can0 18F005F8#7DFFFF7DFFFFFFFF
(1785791777.644319) can0 18FF14D1#
(1785791777.646087) can0 1CECFFF1#20120003FF19F000
(1785791777.647086) can0 1CEBFFF1#0127100000000000
(1785791777.648058) can0 1CEBFFF1#0200000000000000
(1785791777.649026) can0 1CEBFFF1#03457BA587FFFFFF
(1785791777.675052) can0 18F015F1#00008BC9499A4780
(1785791777.705453) can0 18FEF1F8#FF0000FFFFFFFFFF
(1785791777.706607) can0 18F005F8#7DFFFF7DFFFFFFFF
(1785791777.746101) can0 1CECFFF1#20120003FF19F000
(1785791777.747052) can0 1CEBFFF1#0127100000000000
(1785791777.748061) can0 1CEBFFF1#0200000000000000
(1785791777.749035) can0 1CEBFFF1#034577A087FFFFFF
(1785791777.776052) can0 18F015F1#00008BC549A7477B
(1785791777.805241) can0 18FEF1F8#FF0000FFFFFFFFFF
(1785791777.806419) can0 18F005F8#7DFFFF7DFFFFFFFF
(1785791777.846078) can0 1CECFFF1#20120003FF19F000
(1785791777.847057) can0 1CEBFFF1#0127100000000000
(1785791777.848068) can0 1CEBFFF1#0200000000000000
(1785791777.849045) can0 1CEBFFF1#034572A347FFFFFF
(1785791777.875945) can0 18F015F1#00008BC049A84779
(1785791777.905652) can0 18FEF1F8#FF0000FFFFFFFFFF
(1785791777.906835) can0 18F005F8#7DFFFF7DFFFFFFFF
(1785791777.947370) can0 1CECFFF1#20120003FF19F000
(1785791777.948075) can0 1CEBFFF1#0127100000000000
(1785791777.949150) can0 1CEBFFF1#0200000000000000
(1785791777.950073) can0 1CEBFFF1#034569A807FFFFFF
(1785791777.976302) can0 18F015F1#00008BB649A1476D
(1785791778.005344) can0 18FEF1F8#FF0000FFFFFFFFFF
(1785791778.006617) can0 18F005F8#7DFFFF7DFFFFFFFF
(1785791778.047138) can0 1CECFFF1#20120003FF19F000
(1785791778.048056) can0 1CEBFFF1#0127100000000000
(1785791778.049067) can0 1CEBFFF1#0200000000000000
(1785791778.050037) can0 1CEBFFF1#0345626F46FFFFFF
(1785791778.076074) can0 18F015F1#00008BB049824783
(1785791778.105234) can0 18FEF1F8#FF0000FFFFFFFFFF
(1785791778.106416) can0 18F005F8#7DFFFF7DFFFFFFFF
(1785791778.144180) can0 18FF14D1#
(1785791778.147087) can0 1CECFFF1#20120003FF19F000
(1785791778.148065) can0 1CEBFFF1#0127100000000000
(1785791778.149083) can0 1CEBFFF1#0200000000000000
(1785791778.150062) can0 1CEBFFF1#034559BC07FFFFFF
(1785791778.176048) can0 18F015F1#00008BA6496B4796
(1785791778.205199) can0 18FEF1F8#FF0000FFFFFFFFFF
(1785791778.206386) can0 18F005F8#7DFFFF7DFFFFFFFF
(1785791778.247172) can0 1CECFFF1#20120003FF19F000
(1785791778.248080) can0 1CEBFFF1#0127100000000000
(1785791778.249093) can0 1CEBFFF1#0200000000000000
(1785791778.250072) can0 1CEBFFF1#03454EB247FFFFFF
(1785791778.277345) can0 18F015F1#00008B9A49604797
(1785791778.286545) can0 18F017F1#082D1B777E74
(1785791778.286794) can0 18F018F1#ECDAFD578470
(1785791778.305434) can0 18FEF1F8#FF0000FFFFFFFFFF
(1785791778.306632) can0 18F005F8#7DFFFF7DFFFFFFFF
(1785791778.347104) can0 1CECFFF1#20120003FF19F000
(1785791778.348057) can0 1CEBFFF1#0127100000000000
(1785791778.349071) can0 1CEBFFF1#0200000000000000
(1785791778.350047) can0 1CEBFFF1#03453D5706FFFFFF
(1785791778.376101) can0 18F015F1#00008B8649554793
(1785791778.405375) can0 18FEF1F8#FF0000FFFFFFFFFF
(1785791778.406527) can0 18F005F8#7DFFFF7DFFFFFFFF
(1785791778.447155) can0 1CECFFF1#20120003FF19F000
(1785791778.448056) can0 1CEBFFF1#0127100000000000
(1785791778.449069) can0 1CEBFFF1#0200000000000000
(1785791778.450036) can0 1CEBFFF1#03452C5BC6FFFFFF
(1785791778.476076) can0 18F015F1#00008B77495147A4
(1785791778.505269) can0 18FEF1F8#FF0000FFFFFFFFFF
(1785791778.506484) can0 18F005F8#7DFFFF7DFFFFFFFF
(1785791778.547136) can0 1CECFFF1#20120003FF19F000
(1785791778.548055) can0 1CEBFFF1#0127100000000000
(1785791778.549070) can0 1CEBFFF1#0200000000000000
(1785791778.550123) can0 1CEBFFF1#0345194C06FFFFFF
(1785791778.576162) can0 18F015F1#00008B63494D47AD
(1785791778.605408) can0 18FEF1F8#FF0000FFFFFFFFFF
(1785791778.606686) can0 18F005F8#7DFFFF7DFFFFFFFF
(1785791778.644145) can0 18FF14D1#
(1785791778.648065) can0 1CECFFF1#20120003FF19F000
(1785791778.649052) can0 1CEBFFF1#0127100000000000
(1785791778.650064) can0 1CEBFFF1#0200000000000000
(1785791778.651047) can0 1CEBFFF1#0345058507FFFFFF
(1785791778.677049) can0 18F015F1#00008B50494847A6
(1785791778.705183) can0 18FEF1F8#FF0000FFFFFFFFFF
(1785791778.706321) can0 18F005F8#7DFFFF7DFFFFFFFF
(1785791778.748118) can0 1CECFFF1#20120003FF19F000
(1785791778.749055) can0 1CEBFFF1#0127100000000000
(1785791778.750072) can0 1CEBFFF1#0200000000000000
(1785791778.751051) can0 1CEBFFF1#0344F19207FFFFFF
(1785791778.777062) can0 18F015F1#00008B39493E4789
(1785791778.805248) can0 18FEF1F8#FF0000FFFFFFFFFF
(1785791778.806386) can0 18F005F8#7DFFFF7DFFFFFFFF
(1785791778.848082) can0 1CECFFF1#20120003FF19F000
(1785791778.849067) can0 1CEBFFF1#0127100000000000
(1785791778.850079) can0 1CEBFFF1#0200000000000000
(1785791778.851050) can0 1CEBFFF1#0344D68847FFFFFF
(1785791778.877064) can0 18F015F1#00008B1F4944478A
(1785791778.905897) can0 18FEF1F8#FF0000FFFFFFFFFF
(1785791778.907095) can0 18F005F8#7DFFFF7DFFFFFFFF
(1785791778.948376) can0 1CECFFF1#20120003FF19F000
(1785791778.949372) can0 1CEBFFF1#0127100000000000
(1785791778.950152) can0 1CEBFFF1#0200000000000000
(1785791778.951199) can0 1CEBFFF1#0344BD6706FFFFFF
(1785791778.977175) can0 18F015F1#00008B0649484790
(1785791779.005212) can0 18FEF1F8#FF0000FFFFFFFFFF
(1785791779.006641) can0 18F005F8#7DFFFF7DFFFFFFFF
(1785791779.048310) can0 1CECFFF1#20120003FF19F000
(1785791779.049140) can0 1CEBFFF1#0127100000000000
(1785791779.050244) can0 1CEBFFF1#0200000000000000
(1785791779.051168) can0 1CEBFFF1#0344AC6BC6FFFFFF
(1785791779.077069) can0 18F015F1#00008AF6495C47A6
(1785791779.105227) can0 18FEF1F8#FF0000FFFFFFFFFF
(1785791779.106401) can0 18F005F8#7DFFFF7DFFFFFFFF
(1785791779.144217) can0 18FF14D1#
(1785791779.148088) can0 1CECFFF1#20120003FF19F000
(1785791779.149060) can0 1CEBFFF1#0127100000000000
(1785791779.150072) can0 1CEBFFF1#0200000000000000
(1785791779.151046) can0 1CEBFFF1#0344997C06FFFFFF
(1785791779.177058) can0 18F015F1#00008AE249734798
(1785791779.205186) can0 18FEF1F8#FF0000FFFFFFFFFF
(1785791779.206328) can0 18F005F8#7DFFFF7DFFFFFFFF
(1785791779.248220) can0 1CECFFF1#20120003FF19F000
(1785791779.249081) can0 1CEBFFF1#0127100000000000
(1785791779.250088) can0 1CEBFFF1#0200000000000000
(1785791779.251075) can0 1CEBFFF1#0344817606FFFFFF
(1785791779.278159) can0 18F015F1#00008ACB49864789
(1785791779.287346) can0 18F017F1#082D1B777E74
(1785791779.287936) can0 18F018F1#ECDAFD578470
(1785791779.305489) can0 18FEF1F8#FF0000FFFFFFFFFF
(1785791779.306739) can0 18F005F8#7DFFFF7DFFFFFFFF
(1785791779.349107) can0 1CECFFF1#20120003FF19F000
(1785791779.350077) can0 1CEBFFF1#0127100000000000
(1785791779.351076) can0 1CEBFFF1#0200000000000000
(1785791779.352051) can0 1CEBFFF1#03446BF987FFFFFF
(1785791779.377755) can0 18F015F1#00008AB449894783
(1785791779.405278) can0 18FEF1F8#FF0000FFFFFFFFFF
(1785791779.406469) can0 18F005F8#7DFFFF7DFFFFFFFF
(1785791779.449095) can0 1CECFFF1#20120003FF19F000
(1785791779.450065) can0 1CEBFFF1#0127100000000000
(1785791779.451073) can0 1CEBFFF1#0200000000000000
(1785791779.452047) can0 1CEBFFF1#0344592C06FFFFFF
(1785791779.478069) can0 18F015F1#00008AA3497D4795
(1785791779.505983) can0 18FEF1F8#FF0000FFFFFFFFFF
(1785791779.507115) can0 18F005F8#7DFFFF7DFFFFFFFF
(1785791779.549115) can0 1CECFFF1#20120003FF19F000
(1785791779.550065) can0 1CEBFFF1#0127100000000000
(1785791779.551070) can0 1CEBFFF1#0200000000000000
(1785791779.552074) can0 1CEBFFF1#03444820C6FFFFFF
(1785791779.578209) can0 18F015F1#00008A93496F47B7
(1785791779.605554) can0 18FEF1F8#FF0000FFFFFFFFFF
(1785791779.606901) can0 18F005F8#7DFFFF7DFFFFFFFF
(1785791779.644295) can0 18FF14D1#
(1785791779.650164) can0 1CECFFF1#20120003FF19F000
(1785791779.650891) can0 1CEBFFF1#0127100000000000
(1785791779.651402) can0 1CEBFFF1#0200000000000000
(1785791779.652334) can0 1CEBFFF1#03443EC647FFFFFF
(1785791779.678161) can0 18F015F1#00008A8B495347EC
(1785791779.705372) can0 18FEF1F8#FF0000FFFFFFFFFF
(1785791779.706512) can0 18F005F8#7DFFFF7DFFFFFFFF
(1785791779.749121) can0 1CECFFF1#20120003FF19F000
(1785791779.750074) can0 1CEBFFF1#0127100000000000
(1785791779.751092) can0 1CEBFFF1#0200000000000000
(1785791779.752066) can0 1CEBFFF1#034432C347FFFFFF
(1785791779.779086) can0 18F015F1#00008A8149294818
(1785791779.805257) can0 18FEF1F8#FF0000FFFFFFFFFF
(1785791779.806438) can0 18F005F8#7DFFFF7DFFFFFFFF
(1785791779.849102) can0 1CECFFF1#20120003FF19F000
(1785791779.850077) can0 1CEBFFF1#0127100000000000
(1785791779.851093) can0 1CEBFFF1#0200000000000000
(1785791779.852066) can0 1CEBFFF1#034429C807FFFFFF
(1785791779.878060) can0 18F015F1#00008A76490F4851
(1785791779.905490) can0 18FEF1F8#FF0000FFFFFFFFFF
(1785791779.906760) can0 18F005F8#7DFFFF7DFFFFFFFF
(1785791779.949255) can0 1CECFFF1#20120003FF19F000
(1785791779.950120) can0 1CEBFFF1#0127100000000000
(1785791779.951140) can0 1CEBFFF1#0200000000000000
(1785791779.952170) can0 1CEBFFF1#03441D1F06FFFFFF
(1785791779.978284) can0 18F015F1#00008A6849314870
(1785791780.005293) can0 18FEF1F8#FF0000FFFFFFFFFF
(1785791780.006442) can0 18F005F8#7DFFFF7DFFFFFFFF
(1785791780.050135) can0 1CECFFF1#20120003FF19F000
(1785791780.051064) can0 1CEBFFF1#0127100000000000
(1785791780.052146) can0 1CEBFFF1#0200000000000000
(1785791780.053070) can0 1CEBFFF1#03440ED247FFFFFF
(1785791780.079076) can0 18F015F1#00008A5C498F4884
(1785791780.105241) can0 18FEF1F8#FF0000FFFFFFFFFF
(1785791780.106471) can0 18F005F8#7DFFFF7DFFFFFFFF
(1785791780.144153) can0 18FF14D1#
(1785791780.150108) can0 1CECFFF1#20120003FF19F000
(1785791780.151081) can0 1CEBFFF1#0127100000000000
(1785791780.152090) can0 1CEBFFF1#0200000000000000
(1785791780.153065) can0 1CEBFFF1#0344091006FFFFFF
(1785791780.179067) can0 18F015F1#00008A5549E74880
(1785791780.205201) can0 18FEF1F8#FF0000FFFFFFFFFF
(1785791780.206350) can0 18F005F8#7DFFFF7DFFFFFFFF
(1785791780.250182) can0 1CECFFF1#20120003FF19F000
(1785791780.251094) can0 1CEBFFF1#0127100000000000
(1785791780.252101) can0 1CEBFFF1#0200000000000000
(1785791780.253088) can0 1CEBFFF1#03440BD187FFFFFF
(1785791780.279144) can0 18F015F1#00008A5C4A064882
(1785791780.290309) can0 18F017F1#0B1B1E377E86
(1785791780.291009) can0 18F018F1#EB74E7FB82FA
(1785791780.305485) can0 18FEF1F8#FF0000FFFFFFFFFF
(1785791780.306827) can0 18F005F8#7DFFFF7DFFFFFFFF
(1785791780.350107) can0 1CECFFF1#20120003FF19F000
(1785791780.351071) can0 1CEBFFF1#0127100000000000
(1785791780.352086) can0 1CEBFFF1#0200000000000000
(1785791780.353061) can0 1CEBFFF1#034416D847FFFFFF
(1785791780.379062) can0 18F015F1#00008A6849E04881
(1785791780.405305) can0 18FEF1F8#FF0000FFFFFFFFFF
(1785791780.406516) can0 18F005F8#7DFFFF7DFFFFFFFF
(1785791780.450113) can0 1CECFFF1#20120003FF19F000
(1785791780.451084) can0 1CEBFFF1#0127100000000000
(1785791780.452090) can0 1CEBFFF1#0200000000000000
(1785791780.453065) can0 1CEBFFF1#034425CD07FFFFFF
(1785791780.479074) can0 18F015F1#00008A7A49A948A6
(1785791780.505206) can0 18FEF1F8#FF0000FFFFFFFFFF
(1785791780.506358) can0 18F005F8#7DFFFF7DFFFFFFFF
(1785791780.550142) can0 1CECFFF1#20120003FF19F000
(1785791780.551076) can0 1CEBFFF1#0127100000000000
(1785791780.552087) can0 1CEBFFF1#0200000000000000
(1785791780.553071) can0 1CEBFFF1#0344330386FFFFFF
(1785791780.579202) can0 18F015F1#00008A87498748AB
(1785791780.605441) can0 18FEF1F8#FF0000FFFFFFFFFF
(1785791780.606835) can0 18F005F8#7DFFFF7DFFFFFFFF
(1785791780.644648) can0 18FF14D1#
(1785791780.650108) can0 1CECFFF1#20120003FF19F000
(1785791780.651085) can0 1CEBFFF1#0127100000000000
(1785791780.652098) can0 1CEBFFF1#0200000000000000
(1785791780.653060) can0 1CEBFFF1#03443EC647FFFFFF
(1785791780.679078) can0 18F015F1#00008A92498548A3
(1785791780.705213) can0 18FEF1F8#FF0000FFFFFFFFFF
(1785791780.706345) can0 18F005F8#7DFFFF7DFFFFFFFF
(1785791780.750153) can0 1CECFFF1#20120003FF19F000
(1785791780.751080) can0 1CEBFFF1#0127100000000000
(1785791780.752083) can0 1CEBFFF1#0200000000000000
(1785791780.753056) can0 1CEBFFF1#03444CE3C7FFFFFF
(1785791780.780073) can0 18F015F1#00008AA14999489A
(1785791780.806915) can0 18FEF1F8#FF0000FFFFFFFFFF
(1785791780.808096) can0 18F005F8#7DFFFF7DFFFFFFFF
(1785791780.851108) can0 1CECFFF1#20120003FF19F000
(1785791780.852087) can0 1CEBFFF1#0127100000000000
(1785791780.853099) can0 1CEBFFF1#0200000000000000
(1785791780.854072) can0 1CEBFFF1#0344552906FFFFFF
(1785791780.880084) can0 18F015F1#00008AAA49A44889
(1785791780.905840) can0 18FEF1F8#FF0000FFFFFFFFFF
(1785791780.907034) can0 18F005F8#7DFFFF7DFFFFFFFF
(1785791780.951268) can0 1CECFFF1#20120003FF19F000
(1785791780.952108) can0 1CEBFFF1#0127100000000000
(1785791780.953219) can0 1CEBFFF1#0200000000000000
(1785791780.954121) can0 1CEBFFF1#034464FDC7FFFFFF
(1785791780.980186) can0 18F015F1#00008AB949A6488C
(1785791781.005205) can0 18FEF1F8#FF0000FFFFFFFFFF
(1785791781.006338) can0 18F005F8#7DFFFF7DFFFFFFFF
(1785791781.051307) can0 1CECFFF1#20120003FF19F000
(1785791781.052091) can0 1CEBFFF1#0127100000000000
(1785791781.053102) can0 1CEBFFF1#0200000000000000
(1785791781.054073) can0 1CEBFFF1#03446DFB07FFFFFF
(1785791781.080249) can0 18F015F1#00008ABF49A34879
(1785791781.105227) can0 18FEF1F8#FF0000FFFFFFFFFF
(1785791781.106709) can0 18F005F8#7DFFFF7DFFFFFFFF
(1785791781.144101) can0 18FF14D1#
(1785791781.151128) can0 1CECFFF1#20120003FF19F000
(1785791781.152091) can0 1CEBFFF1#0127100000000000
(1785791781.153092) can0 1CEBFFF1#0200000000000000
(1785791781.154062) can0 1CEBFFF1#03447B3586FFFFFF
(1785791781.180077) can0 18F015F1#00008AD149AB487D
(1785791781.205199) can0 18FEF1F8#FF0000FFFFFFFFFF
(1785791781.206330) can0 18F005F8#7DFFFF7DFFFFFFFF
(1785791781.251368) can0 1CECFFF1#20120003FF19F000
(1785791781.252085) can0 1CEBFFF1#0127100000000000
(1785791781.253095) can0 1CEBFFF1#0200000000000000
(1785791781.254068) can0 1CEBFFF1#03448870C6FFFFFF
(1785791781.281219) can0 18F015F1#00008ADB49C04879
(1785791781.291086) can0 18F017F1#0B1B1E377E86
(1785791781.291513) can0 18F018F1#EB74E7FB82FA
(1785791781.305503) can0 18FEF1F8#FF0000FFFFFFFFFF
(1785791781.306827) can0 18F005F8#7DFFFF7DFFFFFFFF
(1785791781.351133) can0 1CECFFF1#20120003FF19F000
(1785791781.352073) can0 1CEBFFF1#0127100000000000
(1785791781.353083) can0 1CEBFFF1#0200000000000000
(1785791781.354055) can0 1CEBFFF1#0344967846FFFFFF
(1785791781.380081) can0 18F015F1#00008AEE49C34877
(1785791781.405330) can0 18FEF1F8#FF0000FFFFFFFFFF
(1785791781.406561) can0 18F005F8#7DFFFF7DFFFFFFFF
(1785791781.451128) can0 1CECFFF1#20120003FF19F000
(1785791781.452082) can0 1CEBFFF1#0127100000000000
(1785791781.453089) can0 1CEBFFF1#0200000000000000
(1785791781.454074) can0 1CEBFFF1#0344ABA987FFFFFF
(1785791781.480101) can0 18F015F1#00008B0149AE4878
(1785791781.505464) can0 18FEF1F8#FF0000FFFFFFFFFF
(1785791781.506643) can0 18F005F8#7DFFFF7DFFFFFFFF
(1785791781.551127) can0 1CECFFF1#20120003FF19F000
(1785791781.552083) can0 1CEBFFF1#0127100000000000
(1785791781.553102) can0 1CEBFFF1#0200000000000000
(1785791781.554077) can0 1CEBFFF1#0344C046C6FFFFFF
(1785791781.580229) can0 18F015F1#00008B19499F4882
(1785791781.605327) can0 18FEF1F8#FF0000FFFFFFFFFF
(1785791781.606534) can0 18F005F8#7DFFFF7DFFFFFFFF
(1785791781.644140) can0 18FF14D1#
(1785791781.652153) can0 1CECFFF1#20120003FF19F000
(1785791781.653103) can0 1CEBFFF1#0127100000000000
(1785791781.654186) can0 1CEBFFF1#0200000000000000
(1785791781.655100) can0 1CEBFFF1#0344DE4E46FFFFFF
(1785791781.681089) can0 18F015F1#00008B3349A34879
(1785791781.705199) can0 18FEF1F8#FF0000FFFFFFFFFF
(1785791781.706311) can0 18F005F8#7DFFFF7DFFFFFFFF
(1785791781.744369) can0 18FF09D1#01000B00D3F8DF
(1785791781.752096) can0 1CECFFF1#20120003FF19F000
(1785791781.753084) can0 1CEBFFF1#0127100000000000
(1785791781.754095) can0 1CEBFFF1#0200000000000000
(1785791781.755063) can0 1CEBFFF1#0344F491C7FFFFFF
(1785791781.781084) can0 18F015F1#00008B4A49AB4878
(1785791781.805222) can0 18FEF1F8#FF0000FFFFFFFFFF
(1785791781.806379) can0 18F005F8#7DFFFF7DFFFFFFFF
(1785791781.844342) can0 18FF09D1#01000B00D3F8DF
(1785791781.852109) can0 1CECFFF1#20120003FF19F000
(1785791781.853083) can0 1CEBFFF1#0127100000000000
(1785791781.854097) can0 1CEBFFF1#0200000000000000
(1785791781.855083) can0 1CEBFFF1#0345098007FFFFFF
(1785791781.881077) can0 18F015F1#00008B6049B44889
(1785791781.905324) can0 18FEF1F8#FF0000FFFFFFFFFF
(1785791781.906508) can0 18F005F8#7DFFFF7DFFFFFFFF
(1785791781.944455) can0 18FF09D1#01000B00D3F8DF
(1785791781.952224) can0 1CECFFF1#20120003FF19F000
(1785791781.953130) can0 1CEBFFF1#0127100000000000
(1785791781.954147) can0 1CEBFFF1#0200000000000000
(1785791781.955100) can0 1CEBFFF1#0345205EC6FFFFFF
(1785791781.982195) can0 18F015F1#00008B7849B44892
(1785791782.005705) can0 18FEF1F8#FF0000FFFFFFFFFF
(1785791782.007072) can0 18F005F8#7DFFFF7DFFFFFFFF
(1785791782.044342) can0 18FF09D1#01000B00D3F8DF
(1785791782.052109) can0 1CECFFF1#20120003FF19F000
(1785791782.053082) can0 1CEBFFF1#0127100000000000
(1785791782.054098) can0 1CEBFFF1#0200000000000000
(1785791782.055071) can0 1CEBFFF1#0345325346FFFFFF
(1785791782.081125) can0 18F015F1#00008B8649C0489D
(1785791782.105232) can0 18FEF1F8#FF0000FFFFFFFFFF
(1785791782.106398) can0 18F005F8#7DFFFF7DFFFFFFFF
(1785791782.144429) can0 18FF09D1#01000B00D3F8DF
(1785791782.144839) can0 18FF14D1#
(1785791782.152146) can0 1CECFFF1#20120003FF19F000
(1785791782.153091) can0 1CEBFFF1#0127100000000000
(1785791782.154097) can0 1CEBFFF1#0200000000000000
(1785791782.155073) can0 1CEBFFF1#03453D5706FFFFFF
(1785791782.181087) can0 18F015F1#00008B9049BE4892
(1785791782.205200) can0 18FEF1F8#FF0000FFFFFFFFFF
(1785791782.206365) can0 18F005F8#7DFFFF7DFFFFFFFF
(1785791782.244413) can0 18FF09D1#01000B00D3D8DC
(1785791782.252283) can0 1CECFFF1#20120003FF19F000
(1785791782.253121) can0 1CEBFFF1#0127100000000000
(1785791782.254131) can0 1CEBFFF1#0200000000000000
(1785791782.255117) can0 1CEBFFF1#034547B487FFFFFF
(1785791782.282266) can0 18F015F1#00008B9A49EE488C
(1785791782.293144) can0 18F017F1#FD4E22777EE2
(1785791782.293709) can0 18F018F1#DABB03998189
(1785791782.305625) can0 18FEF1F8#FF0000FFFFFFFFFF
(1785791782.306989) can0 18F005F8#7DFFFF7DFFFFFFFF
(1785791782.344313) can0 18FF09D1#01000B00D3D8DC
(1785791782.353108) can0 1CECFFF1#20120003FF19F000
(1785791782.354081) can0 1CEBFFF1#0127100000000000
(1785791782.355091) can0 1CEBFFF1#0200000000000000
(1785791782.356073) can0 1CEBFFF1#034550BAC7FFFFFF
(1785791782.381101) can0 1CEBFFF1#0127100000000000
(1785791782.405456) can0 18FEF1F8#FF0000FFFFFFFFFF
(1785791782.406659) can0 18F005F8#7DFFFF7DFFFFFFFF
(1785791782.444317) can0 18FF09D1#01000B00D3D8DC
(1785791782.453106) can0 1CECFFF1#20120003FF19F000
(1785791782.454089) can0 1CEBFFF1#0127100000000000
(1785791782.455101) can0 1CEBFFF1#0200000000000000
(1785791782.456084) can0 1CEBFFF1#03455ABD47FFFFFF
(1785791782.482093) can0 18F015F1#00008BAB49BB4887
(1785791782.505205) can0 18FEF1F8#FF0000FFFFFFFFFF
(1785791782.506350) can0 18F005F8#7DFFFF7DFFFFFFFF
(1785791782.544319) can0 18FF09D1#01000B00D3D8DC
(1785791782.553115) can0 1CECFFF1#20120003FF19F000
(1785791782.554101) can0 1CEBFFF1#0127100000000000
(1785791782.555116) can0 1CEBFFF1#0200000000000000
(1785791782.556101) can0 1CEBFFF1#034563AF87FFFFFF
(1785791782.582235) can0 18F015F1#00008BB449AC4882
(1785791782.605485) can0 18FEF1F8#FF0000FFFFFFFFFF
(1785791782.606748) can0 18F005F8#7DFFFF7DFFFFFFFF
(1785791782.644390) can0 18FF09D1#01000B00D3D8DC
(1785791782.644665) can0 18FF14D1#
(1785791782.653159) can0 1CECFFF1#20120003FF19F000
(1785791782.654092) can0 1CEBFFF1#0127100000000000
(1785791782.655091) can0 1CEBFFF1#0200000000000000
(1785791782.656080) can0 1CEBFFF1#034565AD07FFFFFF
(1785791782.682084) can0 18F015F1#00008BB749B04871
(1785791782.705171) can0 18FEF1F8#FF0000FFFFFFFFFF
(1785791782.706294) can0 18F005F8#7DFFFF7DFFFFFFFF
(1785791782.744355) can0 18FF09D1#01000B00D3D8DC
(1785791782.753145) can0 1CECFFF1#20120003FF19F000
(1785791782.754118) can0 1CEBFFF1#0127100000000000
(1785791782.755118) can0 1CEBFFF1#0200000000000000
(1785791782.756089) can0 1CEBFFF1#03456B6986FFFFFF
(1785791782.783128) can0 18F015F1#00008BBE49C6487F
(1785791782.805280) can0 18FEF1F8#FF0000FFFFFFFFFF
(1785791782.806406) can0 18F005F8#7DFFFF7DFFFFFFFF
(1785791782.844375) can0 18FF09D1#01000B00D3D8DC
(1785791782.853169) can0 1CECFFF1#20120003FF19F000
(1785791782.854104) can0 1CEBFFF1#0127100000000000
(1785791782.855113) can0 1CEBFFF1#0200000000000000
(1785791782.856088) can0 1CEBFFF1#0345756106FFFFFF
(1785791782.882107) can0 18F015F1#00008BC749D34880
(1785791782.905311) can0 18FEF1F8#FF0000FFFFFFFFFF
(1785791782.906494) can0 18F005F8#7DFFFF7DFFFFFFFF
(1785791782.944391) can0 18FF09D1#01000B00D3D8DC
(1785791782.953185) can0 1CECFFF1#20120003FF19F000
(1785791782.954117) can0 1CEBFFF1#0127100000000000
(1785791782.955153) can0 1CEBFFF1#0200000000000000
(1785791782.956141) can0 1CEBFFF1#03457DA707FFFFFF
(1785791782.983422) can0 18F015F1#00008BCD49D94872
(1785791783.005591) can0 18FEF1F8#FF0000FFFFFFFFFF
(1785791783.006953) can0 18F005F8#7DFFFF7DFFFFFFFF
(1785791783.044298) can0 18FF09D1#01000B00D3D8DC
(1785791783.053134) can0 1CECFFF1#20120003FF19F000
(1785791783.054099) can0 1CEBFFF1#0127100000000000
(1785791783.055104) can0 1CEBFFF1#0200000000000000
(1785791783.056080) can0 1CEBFFF1#03457BA587FFFFFF
(1785791783.083127) can0 18F015F1#00008BCC49D54855
(1785791783.105211) can0 18FEF1F8#FF0000FFFFFFFFFF
(1785791783.106367) can0 18F005F8#7DFFFF7DFFFFFFFF
(1785791783.144487) can0 18FF09D1#01000B00D3D8DC
(1785791783.144752) can0 18FF14D1#
(1785791783.145125) can0 18FF16D1#01000B0064
(1785791783.154158) can0 1CECFFF1#20120003FF19F000
(1785791783.155106) can0 1CEBFFF1#0127100000000000
(1785791783.156126) can0 1CEBFFF1#0200000000000000
(1785791783.157076) can0 1CEBFFF1#03457F6686FFFFFF
(1785791783.183108) can0 18F015F1#00008BD149D5485A
(1785791783.205204) can0 18FEF1F8#FF0000FFFFFFFFFF
(1785791783.206393) can0 18F005F8#7DFFFF7DFFFFFFFF
(1785791783.244308) can0 18FF09D1#01000B00D330DF
(1785791783.254214) can0 1CECFFF1#20120003FF19F000
(1785791783.255122) can0 1CEBFFF1#0127100000000000
(1785791783.256136) can0 1CEBFFF1#0200000000000000
(1785791783.257109) can0 1CEBFFF1#034587E487FFFFFF
(1785791783.283210) can0 18F015F1#00008BD949DD4850
(1785791783.294151) can0 18F017F1#FD4E22777EE2
(1785791783.294504) can0 18F018F1#DABB03998189
(1785791783.305556) can0 18FEF1F8#FF0000FFFFFFFFFF
(1785791783.307042) can0 18F005F8#7DFFFF7DFFFFFFFF
(1785791783.344312) can0 18FF09D1#01000B00D330DF
(1785791783.354110) can0 1CECFFF1#20120003FF19F000
(1785791783.355092) can0 1CEBFFF1#0127100000000000
(1785791783.356111) can0 1CEBFFF1#0200000000000000
(1785791783.357075) can0 1CEBFFF1#03458C23C6FFFFFF
(1785791783.383083) can0 18F015F1#00008BDD49DF4846
(1785791783.406115) can0 18FEF1F8#FF0000FFFFFFFFFF
(1785791783.407771) can0 18F005F8#7DFFFF7DFFFFFFFF
(1785791783.444323) can0 18FF09D1#01000B00D330DF
(1785791783.454103) can0 1CECFFF1#20120003FF19F000
(1785791783.455111) can0 1CEBFFF1#0127100000000000
(1785791783.456111) can0 1CEBFFF1#0200000000000000
(1785791783.457072) can0 1CEBFFF1#03458F2286FFFFFF
(1785791783.483123) can0 18F015F1#00008BE049DD482D
(1785791783.505527) can0 18FEF1F8#FF0000FFFFFFFFFF
(1785791783.506898) can0 18F005F8#7DFFFF7DFFFFFFFF
(1785791783.544281) can0 18FF09D1#01000B00D330DF
(1785791783.554135) can0 1CECFFF1#20120003FF19F000
(1785791783.555116) can0 1CEBFFF1#0127100000000000
(1785791783.556151) can0 1CEBFFF1#0200000000000000
(1785791783.557127) can0 1CEBFFF1#03459429C6FFFFFF
(1785791783.583168) can0 18F015F1#00008BE549D44830
(1785791783.605324) can0 18FEF1F8#FF0000FFFFFFFFFF
(1785791783.606477) can0 18F005F8#7DFFFF7DFFFFFFFF
(1785791783.644705) can0 18FF09D1#01000B00D330DF
(1785791783.645506) can0 18FF14D1#
(1785791783.654187) can0 1CECFFF1#20120003FF19F000
(1785791783.655105) can0 1CEBFFF1#0127100000000000
(1785791783.656113) can0 1CEBFFF1#0200000000000000
(1785791783.657078) can0 1CEBFFF1#034599EC07FFFFFF
(1785791783.683105) can0 18F015F1#00008BF049CA4844
(1785791783.705208) can0 18FEF1F8#FF0000FFFFFFFFFF
(1785791783.706651) can0 18F005F8#7DFFFF7DFFFFFFFF
(1785791783.744313) can0 18FF09D1#01000B00D3A0DD
(1785791783.755119) can0 1CECFFF1#20120003FF19F000
(1785791783.756113) can0 1CEBFFF1#0127100000000000
(1785791783.757104) can0 1CEBFFF1#0200000000000000
(1785791783.758079) can0 1CEBFFF1#0345A73C86FFFFFF
(1785791783.784093) can0 18F015F1#00008BFA49C74855
(1785791783.805233) can0 18FEF1F8#FF0000FFFFFFFFFF
(1785791783.806402) can0 18F005F8#7DFFFF7DFFFFFFFF
(1785791783.844279) can0 18FF09D1#01000B00D3A0DD
(1785791783.855132) can0 1CECFFF1#20120003FF19F000
(1785791783.856116) can0 1CEBFFF1#0127100000000000
(1785791783.857123) can0 1CEBFFF1#0200000000000000
(1785791783.858097) can0 1CEBFFF1#0345AFFA87FFFFFF
(1785791783.884114) can0 18F015F1#00008C0149C0484E
(1785791783.905300) can0 18FEF1F8#FF0000FFFFFFFFFF
(1785791783.906577) can0 18F005F8#7DFFFF7DFFFFFFFF
(1785791783.944447) can0 18FF09D1#01000B00D3A0DD
(1785791783.955792) can0 1CECFFF1#20120003FF19F000
(1785791783.956272) can0 1CEBFFF1#0127100000000000
(1785791783.957139) can0 1CEBFFF1#0200000000000000
(1785791783.958128) can0 1CEBFFF1#0345B33386FFFFFF
(1785791783.984224) can0 18F015F1#00008C0849A74832
(1785791784.005712) can0 18FEF1F8#FF0000FFFFFFFFFF
(1785791784.007053) can0 18F005F8#7DFFFF7DFFFFFFFF
(1785791784.044268) can0 18FF09D1#01000B00D3A0DD
(1785791784.055121) can0 1CECFFF1#20120003FF19F000
(1785791784.056113) can0 1CEBFFF1#0127100000000000
(1785791784.057114) can0 1CEBFFF1#0200000000000000
(1785791784.058089) can0 1CEBFFF1#0345B7F087FFFFFF
(1785791784.084167) can0 18F015F1#00008C0B498B483C
(1785791784.105234) can0 18FEF1F8#FF0000FFFFFFFFFF
(1785791784.106456) can0 18F005F8#7DFFFF7DFFFFFFFF
(1785791784.144350) can0 18FF09D1#01000B00D3A0DD
(1785791784.144728) can0 18FF14D1#
(1785791784.155137) can0 1CECFFF1#20120003FF19F000
(1785791784.156121) can0 1CEBFFF1#0127100000000000
(1785791784.157124) can0 1CEBFFF1#0200000000000000
(1785791784.158097) can0 1CEBFFF1#0345BBF587FFFFFF
(1785791784.184095) can0 18F015F1#00008C13498C4857
(1785791784.205212) can0 18FEF1F8#FF0000FFFFFFFFFF
(1785791784.206366) can0 18F005F8#7DFFFF7DFFFFFFFF
(1785791784.244941) can0 18FF09D1#01000B00D37CE3
(1785791784.255216) can0 1CECFFF1#20120003FF19F000
(1785791784.256134) can0 1CEBFFF1#0127100000000000
(1785791784.257136) can0 1CEBFFF1#0200000000000000
(1785791784.258115) can0 1CEBFFF1#0345C810C6FFFFFF
(1785791784.285255) can0 18F015F1#00008C1C49A74866
(1785791784.295192) can0 18F017F1#EEB428A87A91
(1785791784.295558) can0 18F018F1#C11CFA178011
(1785791784.305496) can0 18FEF1F8#FF0000FFFFFFFFFF
(1785791784.306892) can0 18F005F8#7DFFFF7DFFFFFFFF
(1785791784.344275) can0 18FF09D1#01000B00D37CE3
(1785791784.355127) can0 1CECFFF1#20120003FF19F000
(1785791784.356113) can0 1CEBFFF1#0127100000000000
(1785791784.357110) can0 1CEBFFF1#0200000000000000
(1785791784.358092) can0 1CEBFFF1#0345D7D887FFFFFF
(1785791784.384098) can0 18F015F1#00008C2949C1485F
(1785791784.405265) can0 18FEF1F8#FF0000FFFFFFFFFF
(1785791784.406396) can0 18F005F8#7DFFFF7DFFFFFFFF
(1785791784.444276) can0 18FF09D1#01000B00D37CE3
(1785791784.455130) can0 1CECFFF1#20120003FF19F000
(1785791784.456116) can0 1CEBFFF1#0127100000000000
(1785791784.457128) can0 1CEBFFF1#0200000000000000
(1785791784.458101) can0 1CEBFFF1#0345DF1E86FFFFFF
(1785791784.484115) can0 18F015F1#00008C3149C2486A
(1785791784.505196) can0 18FEF1F8#FF0000FFFFFFFFFF
(1785791784.506441) can0 18F005F8#7DFFFF7DFFFFFFFF
(1785791784.544267) can0 18FF09D1#01000B00D37CE3
(1785791784.556124) can0 1CECFFF1#20120003FF19F000
(1785791784.557110) can0 1CEBFFF1#0127100000000000
(1785791784.558117) can0 1CEBFFF1#0200000000000000
(1785791784.559090) can0 1CEBFFF1#0345E4CDC7FFFFFF
(1785791784.585212) can0 18F015F1#00008C3649B54872
(1785791784.605341) can0 18FEF1F8#FF0000FFFFFFFFFF
(1785791784.606620) can0 18F005F8#7DFFFF7DFFFFFFFF
(1785791784.644346) can0 18FF09D1#01000B00D37CE3
(1785791784.644640) can0 18FF14D1#
(1785791784.656184) can0 1CECFFF1#20120003FF19F000
(1785791784.657104) can0 1CEBFFF1#0127100000000000
(1785791784.658109) can0 1CEBFFF1#0200000000000000
(1785791784.659087) can0 1CEBFFF1#0345EA0946FFFFFF
(1785791784.685090) can0 18F015F1#00008C3D49A14872
(1785791784.705168) can0 18FEF1F8#FF0000FFFFFFFFFF
(1785791784.706292) can0 18F005F8#7DFFFF7DFFFFFFFF
(1785791784.744391) can0 18FF09D1#01000B00D37CE3
(1785791784.756140) can0 1CECFFF1#20120003FF19F000
(1785791784.757116) can0 1CEBFFF1#0127100000000000
(1785791784.758120) can0 1CEBFFF1#0200000000000000
(1785791784.759093) can0 1CEBFFF1#0345EC0BC6FFFFFF
(1785791784.785118) can0 18F015F1#00008C3A49AF483C
(1785791784.805209) can0 18FEF1F8#FF0000FFFFFFFFFF
(1785791784.806354) can0 18F005F8#7DFFFF7DFFFFFFFF
(1785791784.844249) can0 18FF09D1#01000B00D3E0E3
(1785791784.856137) can0 1CECFFF1#20120003FF19F000
(1785791784.857113) can0 1CEBFFF1#0127100000000000
(1785791784.858120) can0 1CEBFFF1#0200000000000000
(1785791784.859099) can0 1CEBFFF1#0345EBC987FFFFFF
(1785791784.885111) can0 18F015F1#00008C3A49E34814
(1785791784.905279) can0 18FEF1F8#FF0000FFFFFFFFFF
(1785791784.906470) can0 18F005F8#7DFFFF7DFFFFFFFF
(1785791784.944350) can0 18FF09D1#01000B00D3E0E3
(1785791784.956273) can0 1CECFFF1#20120003FF19F000
(1785791784.957156) can0 1CEBFFF1#0127100000000000
(1785791784.958172) can0 1CEBFFF1#0200000000000000
(1785791784.959133) can0 1CEBFFF1#0345E7CC87FFFFFF
(1785791784.985900) can0 18F015F1#00008C364A0747FB
(1785791785.006011) can0 18FEF1F8#FF0000FFFFFFFFFF
(1785791785.007590) can0 18F005F8#7DFFFF7DFFFFFFFF
(1785791785.044283) can0 18FF09D1#01000B00D3E0E3
(1785791785.056154) can0 1CECFFF1#20120003FF19F000
(1785791785.057123) can0 1CEBFFF1#0127100000000000
(1785791785.058125) can0 1CEBFFF1#0200000000000000
(1785791785.059108) can0 1CEBFFF1#0345E60C46FFFFFF
(1785791785.085162) can0 18F015F1#00008C384A14480C
(1785791785.105264) can0 18FEF1F8#FF0000FFFFFFFFFF
(1785791785.106384) can0 18F005F8#7DFFFF7DFFFFFFFF
(1785791785.144407) can0 18FF09D1#01000B00D3E0E3
(1785791785.144796) can0 18FF14D1#
(1785791785.156345) can0 1CECFFF1#20120003FF19F000
(1785791785.157134) can0 1CEBFFF1#0127100000000000
(1785791785.158120) can0 1CEBFFF1#0200000000000000
(1785791785.159091) can0 1CEBFFF1#0345EC0BC6FFFFFF
(1785791785.185120) can0 18F015F1#00008C3E49FB481D
(1785791785.205188) can0 18FEF1F8#FF0000FFFFFFFFFF
(1785791785.206315) can0 18F005F8#7DFFFF7DFFFFFFFF
(1785791785.244228) can0 18FF09D1#01000B00D3E0E3
(1785791785.256187) can0 1CECFFF1#20120003FF19F000
(1785791785.257143) can0 1CEBFFF1#0127100000000000
(1785791785.258139) can0 1CEBFFF1#0200000000000000
(1785791785.259109) can0 1CEBFFF1#0345EF0A86FFFFFF
(1785791785.286181) can0 18F015F1#00008C3F49CC47F7
(1785791785.297134) can0 18F017F1#EEB428A87A91
(1785791785.297539) can0 18F018F1#C11CFA178011
(1785791785.305548) can0 18FEF1F8#FF0000FFFFFFFFFF
(1785791785.306929) can0 18F005F8#7DFFFF7DFFFFFFFF
(1785791785.344629) can0 18FF09D1#01000B00D3E0E3
(1785791785.357296) can0 1CECFFF1#20120003FF19F000
(1785791785.358228) can0 1CEBFFF1#0127100000000000
(1785791785.359447) can0 1CEBFFF1#0200000000000000
(1785791785.360194) can0 1CEBFFF1#0345EDCB07FFFFFF
(1785791785.386154) can0 18F015F1#00008C3A49A047D8
(1785791785.407363) can0 18FEF1F8#FF0000FFFFFFFFFF
(1785791785.408566) can0 18F005F8#7DFFFF7DFFFFFFFF
(1785791785.444261) can0 18FF09D1#01000B00D3E0E3
(1785791785.457147) can0 1CECFFF1#20120003FF19F000
(1785791785.458122) can0 1CEBFFF1#0127100000000000
(1785791785.459130) can0 1CEBFFF1#0200000000000000
(1785791785.460097) can0 1CEBFFF1#0345E00EC6FFFFFF
(1785791785.486115) can0 18F015F1#00008C2F498B47A6
(1785791785.505543) can0 18FEF1F8#FF0000FFFFFFFFFF
(1785791785.506889) can0 18F005F8#7DFFFF7DFFFFFFFF
(1785791785.544221) can0 18FF09D1#01000B00D3E0E3
(1785791785.557147) can0 1CECFFF1#20120003FF19F000
(1785791785.558119) can0 1CEBFFF1#0127100000000000
(1785791785.559124) can0 1CEBFFF1#0200000000000000
(1785791785.560095) can0 1CEBFFF1#0345E2CF47FFFFFF
(1785791785.586153) can0 18F015F1#00008C34498947B9
(1785791785.605306) can0 18FEF1F8#FF0000FFFFFFFFFF
(1785791785.606517) can0 18F005F8#7DFFFF7DFFFFFFFF
(1785791785.644447) can0 18FF09D1#01000B00D3E0E3
(1785791785.645018) can0 18FF14D1#
(1785791785.657215) can0 1CECFFF1#20120003FF19F000
(1785791785.658134) can0 1CEBFFF1#0127100000000000
(1785791785.659172) can0 1CEBFFF1#0200000000000000
(1785791785.660123) can0 1CEBFFF1#0345E4CDC7FFFFFF
(1785791785.686268) can0 18F015F1#00008C36499B47C6
(1785791785.705238) can0 18FEF1F8#FF0000FFFFFFFFFF
(1785791785.706364) can0 18F005F8#7DFFFF7DFFFFFFFF
(1785791785.744264) can0 18FF09D1#01000B00D3E0E3
(1785791785.757206) can0 1CECFFF1#20120003FF19F000
(1785791785.758118) can0 1CEBFFF1#0127100000000000
(1785791785.759120) can0 1CEBFFF1#0200000000000000
(1785791785.760092) can0 1CEBFFF1#0345EBC987FFFFFF
(1785791785.787140) can0 18F015F1#00008C3C49AB47D3
(1785791785.805188) can0 18FEF1F8#FF0000FFFFFFFFFF
(1785791785.806366) can0 18F005F8#7DFFFF7DFFFFFFFF
(1785791785.844238) can0 18FF09D1#01000B00D3E0E3
(1785791785.857129) can0 1CECFFF1#20120003FF19F000
(1785791785.858111) can0 1CEBFFF1#0127100000000000
(1785791785.859121) can0 1CEBFFF1#0200000000000000
(1785791785.860095) can0 1CEBFFF1#0345EBC987FFFFFF
(1785791785.886125) can0 18F015F1#00008C3C49BC47DC
(1785791785.905446) can0 18FEF1F8#FF0000FFFFFFFFFF
(1785791785.906591) can0 18F005F8#7DFFFF7DFFFFFFFF
(1785791785.944299) can0 18FF09D1#01000B00D3E0E3
(1785791785.957225) can0 1CECFFF1#20120003FF19F000
(1785791785.958122) can0 1CEBFFF1#0127100000000000
(1785791785.959131) can0 1CEBFFF1#0200000000000000
(1785791785.960105) can0 1CEBFFF1#0345EECA47FFFFFF
(1785791785.986270) can0 18F015F1#00008C3F49E047EA
(1785791786.006107) can0 18FEF1F8#FF0000FFFFFFFFFF
(1785791786.009082) can0 18F005F8#7DFFFF7DFFFFFFFF
(1785791786.044244) can0 18FF09D1#01000B00D3E0E3
(1785791786.058196) can0 1CECFFF1#20120003FF19F000
(1785791786.059128) can0 1CEBFFF1#0127100000000000
(1785791786.060136) can0 1CEBFFF1#0200000000000000
(1785791786.061117) can0 1CEBFFF1#0345F20346FFFFFF
(1785791786.087348) can0 18F015F1#00008C4349FF47F6
(1785791786.105219) can0 18FEF1F8#FF0000FFFFFFFFFF
(1785791786.106362) can0 18F005F8#7DFFFF7DFFFFFFFF
(1785791786.144424) can0 18ECFFD1#200E0002FF09FF00
(1785791786.144935) can0 18EBFFD1#0101000B00D3E0E3
(1785791786.145652) can0 18EBFFD1#0201000A00D568DE
(1785791786.146493) can0 18FF14D1#
(1785791786.158162) can0 1CECFFF1#20120003FF19F000
(1785791786.159116) can0 1CEBFFF1#0127100000000000
(1785791786.160128) can0 1CEBFFF1#0200000000000000
(1785791786.161104) can0 1CEBFFF1#0345F70086FFFFFF
(1785791786.187123) can0 18F015F1#00008C4A4A1447FB
(1785791786.205202) can0 18FEF1F8#FF0000FFFFFFFFFF
(1785791786.206378) can0 18F005F8#7DFFFF7DFFFFFFFF
(1785791786.244304) can0 18ECFFD1#200E0002FF09FF00
(1785791786.244906) can0 18EBFFD1#0101000B00D3E0E3
(1785791786.245543) can0 18EBFFD1#0201000A00D568DE
(1785791786.258489) can0 1CECFFF1#20120003FF19F000
(1785791786.259128) can0 1CEBFFF1#0127100000000000
(1785791786.260138) can0 1CEBFFF1#0200000000000000
(1785791786.261120) can0 1CEBFFF1#0345FD0706FFFFFF
(1785791786.287225) can0 18F015F1#00008C4D4A134811
(1785791786.298214) can0 18F017F1#E86B18EB77C4
(1785791786.298506) can0 18F018F1#BCE9FC9282C1
(1785791786.305522) can0 18FEF1F8#FF0000FFFFFFFFFF
(1785791786.306927) can0 18F005F8#7DFFFF7DFFFFFFFF
(1785791786.344576) can0 18ECFFD1#200E0002FF09FF00
(1785791786.345028) can0 18EBFFD1#0101000B00D3C0E0
(1785791786.345641) can0 18EBFFD1#0201000A00D568DE
(1785791786.358143) can0 1CECFFF1#20120003FF19F000
(1785791786.359115) can0 1CEBFFF1#0127100000000000
(1785791786.360120) can0 1CEBFFF1#0200000000000000
(1785791786.361146) can0 1CEBFFF1#0345FCC7C7FFFFFF
(1785791786.387114) can0 18F015F1#00008C4D49FC481B
(1785791786.405404) can0 18FEF1F8#FF0000FFFFFFFFFF
(1785791786.406594) can0 18F005F8#7DFFFF7DFFFFFFFF
(1785791786.444360) can0 18ECFFD1#200E0002FF09FF00
(1785791786.444826) can0 18EBFFD1#0101000B00D3C0E0
(1785791786.445555) can0 18EBFFD1#0201000A00D568DE
(1785791786.458150) can0 1CECFFF1#20120003FF19F000
(1785791786.459117) can0 1CEBFFF1#0127100000000000
(1785791786.460125) can0 1CEBFFF1#0200000000000000
(1785791786.461111) can0 1CEBFFF1#0345FCC7C7FFFFFF
(1785791786.487113) can0 18F015F1#00008C4E49BC481E
(1785791786.505223) can0 18FEF1F8#FF0000FFFFFFFFFF
(1785791786.506368) can0 18F005F8#7DFFFF7DFFFFFFFF
(1785791786.544321) can0 18ECFFD1#200E0002FF09FF00
(1785791786.544829) can0 18EBFFD1#0101000B00D3C0E0
(1785791786.545420) can0 18EBFFD1#0201000A00D568DE
(1785791786.558157) can0 1CECFFF1#20120003FF19F000
(1785791786.559129) can0 1CEBFFF1#0127100000000000
(1785791786.560141) can0 1CEBFFF1#0200000000000000
(1785791786.561123) can0 1CEBFFF1#0345FCC7C7FFFFFF
(1785791786.587195) can0 18F015F1#00008C4A4962481E
(1785791786.605429) can0 18FEF1F8#FF0000FFFFFFFFFF
(1785791786.606635) can0 18F005F8#7DFFFF7DFFFFFFFF
(1785791786.644538) can0 18ECFFD1#200E0002FF09FF00
(1785791786.645073) can0 18EBFFD1#0101000B00D3C0E0
(1785791786.645452) can0 18EBFFD1#0201000A00D504DE
(1785791786.646226) can0 18FF14D1#
(1785791786.659249) can0 1CECFFF1#20120003FF19F000
(1785791786.660140) can0 1CEBFFF1#0127100000000000
(1785791786.661154) can0 1CEBFFF1#0200000000000000
(1785791786.662209) can0 1CEBFFF1#0345F5C107FFFFFF
(1785791786.688126) can0 18F015F1#00008C4549174812
(1785791786.705225) can0 18FEF1F8#FF0000FFFFFFFFFF
(1785791786.706370) can0 18F005F8#7DFFFF7DFFFFFFFF
(1785791786.744254) can0 18ECFFD1#200E0002FF09FF00
(1785791786.744818) can0 18EBFFD1#0101000B00D3C0E0
(1785791786.746631) can0 18EBFFD1#0201000A00D504DE
(1785791786.758135) can0 1CECFFF1#20120003FF19F000
(1785791786.759113) can0 1CEBFFF1#0127100000000000
(1785791786.760123) can0 1CEBFFF1#0200000000000000
(1785791786.761109) can0 1CEBFFF1#0345F5C107FFFFFF
(1785791786.788152) can0 18F015F1#00008C4448FA47F2
(1785791786.805194) can0 18FEF1F8#FF0000FFFFFFFFFF
(1785791786.806383) can0 18F005F8#7DFFFF7DFFFFFFFF
(1785791786.844299) can0 18ECFFD1#200E0002FF09FF00
(1785791786.844807) can0 18EBFFD1#0101000B00D3C0E0
(1785791786.845505) can0 18EBFFD1#0201000A00D504DE
(1785791786.859140) can0 1CECFFF1#20120003FF19F000
(1785791786.860120) can0 1CEBFFF1#0127100000000000
(1785791786.861131) can0 1CEBFFF1#0200000000000000
(1785791786.862115) can0 1CEBFFF1#0345F3C387FFFFFF
(1785791786.888131) can0 18F015F1#00008C42491747E5
(1785791786.905558) can0 18FEF1F8#FF0000FFFFFFFFFF
(1785791786.906712) can0 18F005F8#7DFFFF7DFFFFFFFF
(1785791786.944365) can0 18ECFFD1#200E0002FF09FF00
(1785791786.944839) can0 18EBFFD1#0101000B00D3C0E0
(1785791786.945407) can0 18EBFFD1#0201000A00D504DE
(1785791786.959242) can0 1CECFFF1#20120003FF19F000
(1785791786.960128) can0 1CEBFFF1#0127100000000000
(1785791786.961136) can0 1CEBFFF1#0200000000000000
(1785791786.962116) can0 1CEBFFF1#0345EF0A86FFFFFF
(1785791786.988215) can0 18F015F1#00008C3F494D47E1
(1785791787.005559) can0 18FEF1F8#FF0000FFFFFFFFFF
(1785791787.007239) can0 18F005F8#7DFFFF7DFFFFFFFF
(1785791787.044262) can0 18ECFFD1#200E0002FF09FF00
(1785791787.044782) can0 18EBFFD1#0101000B00D3C0E0
(1785791787.045358) can0 18EBFFD1#0201000A00D504DE
(1785791787.059157) can0 1CECFFF1#20120003FF19F000
(1785791787.060121) can0 1CEBFFF1#0127100000000000
(1785791787.061128) can0 1CEBFFF1#0200000000000000
(1785791787.062111) can0 1CEBFFF1#0345F10206FFFFFF
(1785791787.088141) can0 18F015F1#00008C43498847E7
(1785791787.105249) can0 18FEF1F8#FF0000FFFFFFFFFF
(1785791787.106403) can0 18F005F8#7DFFFF7DFFFFFFFF
(1785791787.144460) can0 18ECFFD1#200E0002FF09FF00
(1785791787.144998) can0 18EBFFD1#0101000B00D3C0E0
(1785791787.145597) can0 18EBFFD1#0201000A00D504DE
(1785791787.146235) can0 18FF14D1#
(1785791787.146644) can0 18FF16D1#01000B0064
(1785791787.159203) can0 1CECFFF1#20120003FF19F000
(1785791787.160125) can0 1CEBFFF1#0127100000000000
(1785791787.161134) can0 1CEBFFF1#0200000000000000
(1785791787.162108) can0 1CEBFFF1#0345F20346FFFFFF
(1785791787.188146) can0 18F015F1#00008C4649BD47DC
(1785791787.205229) can0 18FEF1F8#FF0000FFFFFFFFFF
(1785791787.206442) can0 18F005F8#7DFFFF7DFFFFFFFF
(1785791787.244309) can0 18ECFFD1#200E0002FF09FF00
(1785791787.244820) can0 18EBFFD1#0101000B00D3C0E0
(1785791787.245422) can0 18EBFFD1#0201000A00D504DE
(1785791787.265981) can0 1CECFFF1#20120003FF19F000
(1785791787.266263) can0 1CEBFFF1#0345F3C387FFFFFF
(1785791787.266416) can0 1CEBFFF1#0127100000000000
(1785791787.289239) can0 18F015F1#00008C4649D547D2
(1785791787.299158) can0 18F017F1#E86B18EB77C4
(1785791787.299529) can0 18F018F1#BCE9FC9282C1
(1785791787.305258) can0 18FEF1F8#FF0000FFFFFFFFFF
(1785791787.306404) can0 18F005F8#7DFFFF7DFFFFFFFF
(1785791787.344860) can0 18ECFFD1#200E0002FF09FF00
(1785791787.345315) can0 18EBFFD1#0101000B00D388E1
(1785791787.345902) can0 18EBFFD1#0201000A00D504DE
(1785791787.359511) can0 1CECFFF1#20120003FF19F000
(1785791787.360297) can0 1CEBFFF1#0127100000000000
(1785791787.361141) can0 1CEBFFF1#0200000000000000
(1785791787.362128) can0 1CEBFFF1#0345F401C6FFFFFF
(1785791787.388294) can0 18F015F1#00008C4449C647C4
(1785791787.405275) can0 18FEF1F8#FF0000FFFFFFFFFF
(1785791787.406398) can0 18F005F8#7DFFFF7DFFFFFFFF
(1785791787.444311) can0 18ECFFD1#200E0002FF09FF00
(1785791787.444801) can0 18EBFFD1#0101000B00D388E1
(1785791787.445410) can0 18EBFFD1#0201000A00D504DE
(1785791787.460155) can0 1CECFFF1#20120003FF19F000
(1785791787.461124) can0 1CEBFFF1#0127100000000000
(1785791787.462137) can0 1CEBFFF1#0200000000000000
(1785791787.463116) can0 1CEBFFF1#0345F401C6FFFFFF
(1785791787.489114) can0 18F015F1#00008C44499247C8
(1785791787.505436) can0 18FEF1F8#FF0000FFFFFFFFFF
(1785791787.506845) can0 18F005F8#7DFFFF7DFFFFFFFF
(1785791787.544279) can0 18ECFFD1#200E0002FF09FF00
(1785791787.544775) can0 18EBFFD1#0101000B00D388E1
(1785791787.545403) can0 18EBFFD1#0201000A00D504DE
(1785791787.560180) can0 1CECFFF1#20120003FF19F000
(1785791787.561131) can0 1CEBFFF1#0127100000000000
(1785791787.562133) can0 1CEBFFF1#0200000000000000
(1785791787.563122) can0 1CEBFFF1#0345F5C107FFFFFF
(1785791787.589137) can0 18F015F1#00008C45497647C0
(1785791787.605231) can0 18FEF1F8#FF0000FFFFFFFFFF
(1785791787.606448) can0 18F005F8#7DFFFF7DFFFFFFFF
(1785791787.644518) can0 18ECFFD1#200E0002FF09FF00
(1785791787.645028) can0 18EBFFD1#0101000B00D388E1
(1785791787.645528) can0 18EBFFD1#0201000A00D510DC
(1785791787.646217) can0 18FF14D1#
(1785791787.660343) can0 1CECFFF1#20120003FF19F000
(1785791787.661184) can0 1CEBFFF1#0127100000000000
(1785791787.662156) can0 1CEBFFF1#0200000000000000
(1785791787.663138) can0 1CEBFFF1#0345F6C047FFFFFF
(1785791787.689253) can0 18F015F1#00008C47497047B5
(1785791787.705232) can0 18FEF1F8#FF0000FFFFFFFFFF
(1785791787.706412) can0 18F005F8#7DFFFF7DFFFFFFFF
(1785791787.744243) can0 18ECFFD1#200E0002FF09FF00
(1785791787.744785) can0 18EBFFD1#0101000B00D388E1
(1785791787.745361) can0 18EBFFD1#0201000A00D510DC
(1785791787.760170) can0 1CECFFF1#20120003FF19F000
(1785791787.761127) can0 1CEBFFF1#0127100000000000
(1785791787.762131) can0 1CEBFFF1#0200000000000000
(1785791787.763110) can0 1CEBFFF1#0345FAC547FFFFFF
(1785791787.790152) can0 18F015F1#00008C4C496947AD
(1785791787.805194) can0 18FEF1F8#FF0000FFFFFFFFFF
(1785791787.806391) can0 18F005F8#7DFFFF7DFFFFFFFF
(1785791787.844318) can0 18ECFFD1#200E0002FF09FF00
(1785791787.844830) can0 18EBFFD1#0101000B00D388E1
(1785791787.845426) can0 18EBFFD1#0201000A00D510DC
(1785791787.860166) can0 1CECFFF1#20120003FF19F000
(1785791787.861137) can0 1CEBFFF1#0127100000000000
(1785791787.862170) can0 1CEBFFF1#0200000000000000
(1785791787.863136) can0 1CEBFFF1#0346037787FFFFFF
(1785791787.889134) can0 18F015F1#00008C57496747AE
(1785791787.905509) can0 18FEF1F8#FF0000FFFFFFFFFF
(1785791787.906649) can0 18F005F8#7DFFFF7DFFFFFFFF
(1785791787.944301) can0 18ECFFD1#200E0002FF09FF00
(1785791787.944743) can0 18EBFFD1#0101000B00D388E1
(1785791787.945376) can0 18EBFFD1#0201000A00D510DC
(1785791787.960247) can0 1CECFFF1#20120003FF19F000
(1785791787.961137) can0 1CEBFFF1#0127100000000000
(1785791787.962145) can0 1CEBFFF1#0200000000000000
(1785791787.963115) can0 1CEBFFF1#0346127B47FFFFFF
(1785791787.989287) can0 18F015F1#00008C67495B47C0
(1785791788.005999) can0 18FEF1F8#FF0000FFFFFFFFFF
(1785791788.007219) can0 18F005F8#7DFFFF7DFFFFFFFF
(1785791788.044345) can0 18ECFFD1#200E0002FF09FF00
(1785791788.044841) can0 18EBFFD1#0101000B00D388E1
(1785791788.045408) can0 18EBFFD1#0201000A00D510DC
(1785791788.060164) can0 1CECFFF1#20120003FF19F000
(1785791788.061125) can0 1CEBFFF1#0127100000000000
(1785791788.062134) can0 1CEBFFF1#0200000000000000
(1785791788.063117) can0 1CEBFFF1#0346216E07FFFFFF
(1785791788.089149) can0 18F015F1#00008C75495847CC
(1785791788.105249) can0 18FEF1F8#FF0000FFFFFFFFFF
(1785791788.106483) can0 18F005F8#7DFFFF7DFFFFFFFF
(1785791788.144335) can0 18ECFFD1#200E0002FF09FF00
(1785791788.144846) can0 18EBFFD1#0101000B00D388E1
(1785791788.145438) can0 18EBFFD1#0201000A00D5CCDE
(1785791788.146071) can0 18FF14D1#
(1785791788.160223) can0 1CECFFF1#20120003FF19F000
(1785791788.161137) can0 1CEBFFF1#0127100000000000
(1785791788.162146) can0 1CEBFFF1#0200000000000000
(1785791788.163124) can0 1CEBFFF1#03463062C7FFFFFF
(1785791788.189132) can0 18F015F1#00008C85495747D3
(1785791788.205201) can0 18FEF1F8#FF0000FFFFFFFFFF
(1785791788.206350) can0 18F005F8#7DFFFF7DFFFFFFFF
(1785791788.244276) can0 18ECFFD1#200E0002FF09FF00
(1785791788.244821) can0 18EBFFD1#0101000B00D388E1
(1785791788.245390) can0 18EBFFD1#0201000A00D5CCDE
(1785791788.261172) can0 1CECFFF1#20120003FF19F000
(1785791788.262141) can0 1CEBFFF1#0127100000000000
(1785791788.263155) can0 1CEBFFF1#0200000000000000
(1785791788.264133) can0 1CEBFFF1#03463EA646FFFFFF
(1785791788.290322) can0 18F015F1#00008C91496847C5
(1785791788.301109) can0 18F017F1#FA76185E7279
(1785791788.301478) can0 18F018F1#CB06F8E08714
(1785791788.305240) can0 18FEF1F8#FF0000FFFFFFFFFF
(1785791788.306506) can0 18F005F8#7DFFFF7DFFFFFFFF
(1785791788.344561) can0 18ECFFD1#200E0002FF09FF00
(1785791788.345162) can0 18EBFFD1#0101000B00D37CE3
(1785791788.345532) can0 18EBFFD1#0201000A00D5CCDE
(1785791788.361163) can0 1CECFFF1#20120003FF19F000
(1785791788.362303) can0 1CEBFFF1#0127100000000000
(1785791788.363139) can0 1CEBFFF1#0200000000000000
(1785791788.364111) can0 1CEBFFF1#03464A8146FFFFFF
(1785791788.390119) can0 18F015F1#00008C9E496547BA
(1785791788.405375) can0 18FEF1F8#FF0000FFFFFFFFFF
(1785791788.406514) can0 18F005F8#7DFFFF7DFFFFFFFF
(1785791788.444265) can0 18ECFFD1#200E0002FF09FF00
(1785791788.444773) can0 18EBFFD1#0101000B00D37CE3
(1785791788.445362) can0 18EBFFD1#0201000A00D5CCDE
(1785791788.461174) can0 1CECFFF1#20120003FF19F000
(1785791788.462149) can0 1CEBFFF1#0127100000000000
(1785791788.463155) can0 1CEBFFF1#0200000000000000
(1785791788.464126) can0 1CEBFFF1#03B9B8F486FFFFFF
(1785791788.490150) can0 18F015F1#0000000A496C47C4
(1785791788.505229) can0 18FEF1F8#FF0000FFFFFFFFFF
(1785791788.506386) can0 18F005F8#7DFFFF7DFFFFFFFF
(1785791788.544661) can0 18ECFFD1#200E0002FF09FF00
(1785791788.545214) can0 18EBFFD1#0101000B00D37CE3
(1785791788.545809) can0 18EBFFD1#0201000A00D5CCDE
(1785791788.561174) can0 1CECFFF1#20120003FF19F000
(1785791788.562146) can0 1CEBFFF1#0127100000000000
(1785791788.563154) can0 1CEBFFF1#0200000000000000
(1785791788.564126) can0 1CEBFFF1#03B9C714C7FFFFFF
(1785791788.590137) can0 18F015F1#0000001D496547D7
(1785791788.605217) can0 18FEF1F8#FF0000FFFFFFFFFF
(1785791788.606439) can0 18F005F8#7DFFFF7DFFFFFFFF
(1785791788.644487) can0 18ECFFD1#200E0002FF09FF00
(1785791788.644986) can0 18EBFFD1#0101000B00D37CE3
(1785791788.645430) can0 18EBFFD1#0201000A00D55CE0
(1785791788.646316) can0 18FF14D1#
(1785791788.661242) can0 1CECFFF1#20120003FF19F000
(1785791788.662161) can0 1CEBFFF1#0127100000000000
(1785791788.663179) can0 1CEBFFF1#0200000000000000
(1785791788.664148) can0 1CEBFFF1#03B9DEDE06FFFFFF
(1785791788.690253) can0 18F015F1#00000033496547E8
(1785791788.705216) can0 18FEF1F8#FF0000FFFFFFFFFF
(1785791788.706624) can0 18F005F8#7DFFFF7DFFFFFFFF
(1785791788.744224) can0 18ECFFD1#200E0002FF09FF00
(1785791788.744786) can0 18EBFFD1#0101000B00D37CE3
(1785791788.745365) can0 18EBFFD1#0201000A00D55CE0
(1785791788.761192) can0 1CECFFF1#20120003FF19F000
(1785791788.762131) can0 1CEBFFF1#0127100000000000
(1785791788.763140) can0 1CEBFFF1#0200000000000000
(1785791788.764113) can0 1CEBFFF1#03B9EF0AC7FFFFFF
(1785791788.791162) can0 18F015F1#00000042495D47F1
(1785791788.805198) can0 18FEF1F8#FF0000FFFFFFFFFF
(1785791788.806403) can0 18F005F8#7DFFFF7DFFFFFFFF
(1785791788.844303) can0 18ECFFD1#200E0002FF09FF00
(1785791788.844789) can0 18EBFFD1#0101000B00D3B4E2
(1785791788.845388) can0 18EBFFD1#0201000A00D55CE0
(1785791788.861174) can0 1CECFFF1#20120003FF19F000
(1785791788.862143) can0 1CEBFFF1#0127100000000000
(1785791788.863156) can0 1CEBFFF1#0200000000000000
(1785791788.864140) can0 1CEBFFF1#03B9FB05C7FFFFFF
(1785791788.890153) can0 18F015F1#0000004D495647F1
(1785791788.905262) can0 18FEF1F8#FF0000FFFFFFFFFF
(1785791788.906401) can0 18F005F8#7DFFFF7DFFFFFFFF
(1785791788.945946) can0 18ECFFD1#200E0002FF09FF00
(1785791788.946287) can0 18EBFFD1#0201000A00D55CE0
(1785791788.946473) can0 18EBFFD1#0101000B00D3B4E2
(1785791788.961322) can0 1CECFFF1#20120003FF19F000
(1785791788.962155) can0 1CEBFFF1#0127100000000000
(1785791788.963184) can0 1CEBFFF1#0200000000000000
(1785791788.964138) can0 1CEBFFF1#03BA057546FFFFFF
(1785791788.990301) can0 18F015F1#00000058493C47DA
(1785791789.005530) can0 18FEF1F8#FF0000FFFFFFFFFF
(1785791789.006912) can0 18F005F8#7DFFFF7DFFFFFFFF
(1785791789.044307) can0 18ECFFD1#200E0002FF09FF00
(1785791789.044804) can0 18EBFFD1#0101000B00D3B4E2
(1785791789.045339) can0 18EBFFD1#0201000A00D55CE0
(1785791789.062171) can0 1CECFFF1#20120003FF19F000
(1785791789.063134) can0 1CEBFFF1#0127100000000000
(1785791789.064143) can0 1CEBFFF1#0200000000000000
(1785791789.065114) can0 1CEBFFF1#03BA127B06FFFFFF
(1785791789.091627) can0 18F015F1#00000063492B47C0
(1785791789.105198) can0 18FEF1F8#FF0000FFFFFFFFFF
(1785791789.107072) can0 18F005F8#7DFFFF7DFFFFFFFF
(1785791789.144411) can0 18ECFFD1#200E0002FF09FF00
(1785791789.144913) can0 18EBFFD1#0101000B00D3B4E2
(1785791789.145509) can0 18EBFFD1#0201000A00D55CE0
(1785791789.146271) can0 18FF14D1#
(1785791789.146821) can0 18FF16D1#01000A0064
(1785791789.162304) can0 1CECFFF1#20120003FF19F000
(1785791789.163144) can0 1CEBFFF1#0127100000000000
(1785791789.164155) can0 1CEBFFF1#0200000000000000
(1785791789.165123) can0 1CEBFFF1#03BA187C86FFFFFF
(1785791789.191142) can0 18F015F1#00000069492347B6
(1785791789.205184) can0 18FEF1F8#FF0000FFFFFFFFFF
(1785791789.206323) can0 18F005F8#7DFFFF7DFFFFFFFF
(1785791789.244204) can0 18ECFFD1#200E0002FF09FF00
(1785791789.244754) can0 18EBFFD1#0101000B00D3B4E2
(1785791789.245352) can0 18EBFFD1#0201000A00D55CE0
(1785791789.262174) can0 1CECFFF1#20120003FF19F000
(1785791789.263150) can0 1CEBFFF1#0127100000000000
(1785791789.264164) can0 1CEBFFF1#0200000000000000
(1785791789.265150) can0 1CEBFFF1#03BA1FBEC7FFFFFF
(1785791789.292189) can0 18F015F1#00000071492247B4
(1785791789.302167) can0 18F017F1#FA76185E7279
(1785791789.302648) can0 18F018F1#CB06F8E08714
(1785791789.305352) can0 18FEF1F8#FF0000FFFFFFFFFF
(1785791789.306530) can0 18F005F8#7DFFFF7DFFFFFFFF
(1785791789.344355) can0 18ECFFD1#200E0002FF09FF00
(1785791789.344944) can0 18EBFFD1#0101000B00D324E1
(1785791789.345440) can0 18EBFFD1#0201000A00D55CE0
(1785791789.362337) can0 1CECFFF1#20120003FF19F000
(1785791789.363208) can0 1CEBFFF1#0127100000000000
(1785791789.364208) can0 1CEBFFF1#0200000000000000
(1785791789.365178) can0 1CEBFFF1#03BA29A847FFFFFF
(1785791789.391168) can0 18F015F1#00000079491A47B6
(1785791789.405397) can0 18FEF1F8#FF0000FFFFFFFFFF
(1785791789.406624) can0 18F005F8#7DFFFF7DFFFFFFFF
(1785791789.444495) can0 18ECFFD1#200E0002FF09FF00
(1785791789.444978) can0 18EBFFD1#0101000B00D324E1
(1785791789.445672) can0 18EBFFD1#0201000A00D55CE0
(1785791789.462215) can0 1CECFFF1#20120003FF19F000
(1785791789.463153) can0 1CEBFFF1#0127100000000000
(1785791789.464170) can0 1CEBFFF1#0200000000000000
(1785791789.465141) can0 1CEBFFF1#03BA2AA907FFFFFF
(1785791789.491178) can0 18F015F1#00000078491647B4
(1785791789.505389) can0 18FEF1F8#FF0000FFFFFFFFFF
(1785791789.506599) can0 18F005F8#7DFFFF7DFFFFFFFF
(1785791789.544252) can0 18ECFFD1#200E0002FF09FF00
(1785791789.544740) can0 18EBFFD1#0101000B00D324E1
(1785791789.545373) can0 18EBFFD1#0201000A00D55CE0
(1785791789.562236) can0 1CECFFF1#20120003FF19F000
(1785791789.563158) can0 1CEBFFF1#0127100000000000
(1785791789.564166) can0 1CEBFFF1#0200000000000000
(1785791789.565138) can0 1CEBFFF1#03BA2AA907FFFFFF
(1785791789.591202) can0 18F015F1#00000078491047B4
(1785791789.605235) can0 18FEF1F8#FF0000FFFFFFFFFF
(1785791789.606456) can0 18F005F8#7DFFFF7DFFFFFFFF
(1785791789.644418) can0 18ECFFD1#200E0002FF09FF00
(1785791789.644943) can0 18EBFFD1#0101000B00D324E1
(1785791789.645551) can0 18EBFFD1#0201000A00D55CE0
(1785791789.646393) can0 18FF14D1#
(1785791789.662875) can0 1CECFFF1#20120003FF19F000
(1785791789.663248) can0 1CEBFFF1#0127100000000000
(1785791789.664157) can0 1CEBFFF1#0200000000000000
(1785791789.665131) can0 1CEBFFF1#03BA2B69C6FFFFFF
(1785791789.691236) can0 18F015F1#0000007A491947AD
(1785791789.705469) can0 18FEF1F8#FF0000FFFFFFFFFF
(1785791789.706821) can0 18F005F8#7DFFFF7DFFFFFFFF
(1785791789.744373) can0 18ECFFD1#200E0002FF09FF00
(1785791789.744833) can0 18EBFFD1#0101000B00D324E1
(1785791789.745355) can0 18EBFFD1#0201000A00D55CE0
(1785791789.763185) can0 1CECFFF1#20120003FF19F000
(1785791789.764135) can0 1CEBFFF1#0127100000000000
(1785791789.765147) can0 1CEBFFF1#0200000000000000
(1785791789.766128) can0 1CEBFFF1#03BA2D6B46FFFFFF
(1785791789.792165) can0 18F015F1#0000007B491F47A8
(1785791789.805210) can0 18FEF1F8#FF0000FFFFFFFFFF
(1785791789.806414) can0 18F005F8#7DFFFF7DFFFFFFFF
(1785791789.844298) can0 18ECFFD1#200E0002FF09FF00
(1785791789.844798) can0 18EBFFD1#0101000B00D318E3
(1785791789.845398) can0 18EBFFD1#0201000A00D55CE0
(1785791789.863182) can0 1CECFFF1#20120003FF19F000
(1785791789.864157) can0 1CEBFFF1#0127100000000000
(1785791789.865170) can0 1CEBFFF1#0200000000000000
(1785791789.866144) can0 1CEBFFF1#03BA2B69C6FFFFFF
(1785791789.892149) can0 18F015F1#0000007A492547A5
(1785791789.905242) can0 18FEF1F8#FF0000FFFFFFFFFF
(1785791789.906373) can0 18F005F8#7DFFFF7DFFFFFFFF
(1785791789.945946) can0 18ECFFD1#200E0002FF09FF00
(1785791789.946300) can0 18EBFFD1#0201000A00D55CE0
(1785791789.946484) can0 18EBFFD1#0101000B00D318E3
(1785791789.963355) can0 1CECFFF1#20120003FF19F000
(1785791789.964170) can0 1CEBFFF1#0127100000000000
(1785791789.965177) can0 1CEBFFF1#0200000000000000
(1785791789.966154) can0 1CEBFFF1#03BA2E6A06FFFFFF
(1785791789.992274) can0 18F015F1#0000007E491F47A3
(1785791790.005550) can0 18FEF1F8#FF0000FFFFFFFFFF
(1785791790.006879) can0 18F005F8#7DFFFF7DFFFFFFFF
(1785791790.044328) can0 18ECFFD1#200E0002FF09FF00
(1785791790.044774) can0 18EBFFD1#0101000B00D318E3
(1785791790.045366) can0 18EBFFD1#0201000A00D55CE0
(1785791790.063180) can0 1CECFFF1#20120003FF19F000
(1785791790.064141) can0 1CEBFFF1#0127100000000000
(1785791790.065148) can0 1CEBFFF1#0200000000000000
(1785791790.066157) can0 1CEBFFF1#03BA32A307FFFFFF
(1785791790.092207) can0 18F015F1#00000082492047AA
(1785791790.105226) can0 18FEF1F8#FF0000FFFFFFFFFF
(1785791790.106362) can0 18F005F8#7DFFFF7DFFFFFFFF
(1785791790.144284) can0 18ECFFD1#200E0002FF09FF00
(1785791790.144782) can0 18EBFFD1#0101000B00D318E3
(1785791790.145386) can0 18EBFFD1#0201000A00D55CE0
(1785791790.146044) can0 18FF14D1#
(1785791790.163190) can0 1CECFFF1#20120003FF19F000
(1785791790.164188) can0 1CEBFFF1#0127100000000000
(1785791790.165163) can0 1CEBFFF1#0200000000000000
(1785791790.166133) can0 1CEBFFF1#03BA356146FFFFFF
(1785791790.192166) can0 18F015F1#00000085492447B6
(1785791790.205204) can0 18FEF1F8#FF0000FFFFFFFFFF
(1785791790.206350) can0 18F005F8#7DFFFF7DFFFFFFFF
(1785791790.244197) can0 18ECFFD1#200E0002FF09FF00
(1785791790.244741) can0 18EBFFD1#0101000B00D318E3
(1785791790.245323) can0 18EBFFD1#0201000A00D55CE0
(1785791790.263182) can0 1CECFFF1#20120003FF19F000
(1785791790.264159) can0 1CEBFFF1#0127100000000000
(1785791790.265172) can0 1CEBFFF1#0200000000000000
(1785791790.266155) can0 1CEBFFF1#03BA37A0C7FFFFFF
(1785791790.293273) can0 18F015F1#00000086492F47B7
(1785791790.304262) can0 18F017F1#EA25196FA9D8
(1785791790.304848) can0 18F018F1#D44F01D0861F
(1785791790.306058) can0 18FEF1F8#FF0000FFFFFFFFFF
(1785791790.307183) can0 18F005F8#7DFFFF7DFFFFFFFF
(1785791790.344418) can0 18ECFFD1#200E0002FF09FF00
(1785791790.345053) can0 18EBFFD1#0101000B00D318E3
(1785791790.345363) can0 18EBFFD1#0201000A00D55CE0
(1785791790.363262) can0 1CECFFF1#20120003FF19F000
(1785791790.364149) can0 1CEBFFF1#0127100000000000
(1785791790.365152) can0 1CEBFFF1#0200000000000000
(1785791790.366134) can0 1CEBFFF1#03BA356146FFFFFF
(1785791790.392157) can0 18F015F1#00000083492E47B2
(1785791790.405225) can0 18FEF1F8#FF0000FFFFFFFFFF
(1785791790.406353) can0 18F005F8#7DFFFF7DFFFFFFFF
(1785791790.444245) can0 18ECFFD1#200E0002FF09FF00
(1785791790.444722) can0 18EBFFD1#0101000B00D318E3
(1785791790.445338) can0 18EBFFD1#0201000A00D55CE0
(1785791790.463198) can0 1CECFFF1#20120003FF19F000
(1785791790.464163) can0 1CEBFFF1#0127100000000000
(1785791790.465160) can0 1CEBFFF1#0200000000000000
(1785791790.466134) can0 1CEBFFF1#03BA31A247FFFFFF
(1785791790.492154) can0 18F015F1#0000007F492547AB
(1785791790.505189) can0 18FEF1F8#FF0000FFFFFFFFFF
(1785791790.506325) can0 18F005F8#7DFFFF7DFFFFFFFF
(1785791790.544234) can0 18ECFFD1#200E0002FF09FF00
(1785791790.544746) can0 18EBFFD1#0101000B00D318E3
(1785791790.545343) can0 18EBFFD1#0201000A00D55CE0
(1785791790.564182) can0 1CECFFF1#20120003FF19F000
(1785791790.565153) can0 1CEBFFF1#0127100000000000
(1785791790.566165) can0 1CEBFFF1#0200000000000000
(1785791790.567143) can0 1CEBFFF1#03BA2AA907FFFFFF
(1785791790.593151) can0 18F015F1#00000078491847A8
(1785791790.605201) can0 18FEF1F8#FF0000FFFFFFFFFF
(1785791790.606346) can0 18F005F8#7DFFFF7DFFFFFFFF
(1785791790.644392) can0 18ECFFD1#200E0002FF09FF00
(1785791790.644865) can0 18EBFFD1#0101000B00D318E3
(1785791790.645409) can0 18EBFFD1#0201000A00D594DF
(1785791790.646247) can0 18FF14D1#
(1785791790.664306) can0 1CECFFF1#20120003FF19F000
(1785791790.665191) can0 1CEBFFF1#0127100000000000
(1785791790.666207) can0 1CEBFFF1#0200000000000000
(1785791790.667183) can0 1CEBFFF1#03BA25AD47FFFFFF
(1785791790.693376) can0 18F015F1#00000072491247A6
(1785791790.705196) can0 18FEF1F8#FF0000FFFFFFFFFF
(1785791790.706638) can0 18F005F8#7DFFFF7DFFFFFFFF
(1785791790.744559) can0 18ECFFD1#200E0002FF09FF00
(1785791790.745062) can0 18EBFFD1#0101000B00D318E3
(1785791790.745635) can0 18EBFFD1#0201000A00D594DF
(1785791790.764612) can0 1CECFFF1#20120003FF19F000
(1785791790.765326) can0 1CEBFFF1#0127100000000000
(1785791790.766177) can0 1CEBFFF1#0200000000000000
(1785791790.767148) can0 1CEBFFF1#03BA1FBEC7FFFFFF
(1785791790.794198) can0 18F015F1#0000006B490A47A6
(1785791790.805209) can0 18FEF1F8#FF0000FFFFFFFFFF
(1785791790.806420) can0 18F005F8#7DFFFF7DFFFFFFFF
(1785791790.844207) can0 18ECFFD1#200E0002FF09FF00
(1785791790.844725) can0 18EBFFD1#0101000B00D318E3
(1785791790.845329) can0 18EBFFD1#0201000A00D594DF
(1785791790.864190) can0 1CECFFF1#20120003FF19F000
(1785791790.865160) can0 1CEBFFF1#0127100000000000
(1785791790.866174) can0 1CEBFFF1#0200000000000000
(1785791790.867135) can0 1CEBFFF1#03BA1778C6FFFFFF
(1785791790.893160) can0 18F015F1#00000065490247A7
(1785791790.905355) can0 18FEF1F8#FF0000FFFFFFFFFF
(1785791790.906481) can0 18F005F8#7DFFFF7DFFFFFFFF
(1785791790.944197) can0 18ECFFD1#200E0002FF09FF00
(1785791790.944769) can0 18EBFFD1#0101000B00D318E3
(1785791790.945336) can0 18EBFFD1#0201000A00D594DF
(1785791790.964216) can0 1CECFFF1#20120003FF19F000
(1785791790.966079) can0 1CEBFFF1#0127100000000000
(1785791790.966341) can0 1CEBFFF1#0200000000000000
(1785791790.967188) can0 1CEBFFF1#03BA147986FFFFFF
(1785791790.993219) can0 18F015F1#0000006148F647A4
(1785791791.005505) can0 18FEF1F8#FF0000FFFFFFFFFF
(1785791791.006878) can0 18F005F8#7DFFFF7DFFFFFFFF
(1785791791.044236) can0 18ECFFD1#200E0002FF09FF00
(1785791791.044750) can0 18EBFFD1#0101000B00D318E3
(1785791791.045485) can0 18EBFFD1#0201000A00D594DF
(1785791791.064627) can0 1CECFFF1#20120003FF19F000
(1785791791.065396) can0 1CEBFFF1#0127100000000000
(1785791791.066226) can0 1CEBFFF1#0200000000000000
(1785791791.067188) can0 1CEBFFF1#03BA0F72C6FFFFFF
(1785791791.093193) can0 18F015F1#0000005C48F647A2
(1785791791.105239) can0 18FEF1F8#FF0000FFFFFFFFFF
(1785791791.106438) can0 18F005F8#7DFFFF7DFFFFFFFF
(1785791791.144365) can0 18ECFFD1#200E0002FF09FF00
(1785791791.144850) can0 18EBFFD1#0101000B00D318E3
(1785791791.145464) can0 18EBFFD1#0201000A00D588E1
(1785791791.146156) can0 18FF14D1#
(1785791791.146599) can0 18FF16D1#01000B0064
(1785791791.164218) can0 1CECFFF1#20120003FF19F000
(1785791791.165170) can0 1CEBFFF1#0127100000000000
(1785791791.166225) can0 1CEBFFF1#0200000000000000
(1785791791.167165) can0 1CEBFFF1#03BA097046FFFFFF
(1785791791.194163) can0 18F015F1#0000005648F347A3
(1785791791.205209) can0 18FEF1F8#FF0000FFFFFFFFFF
(1785791791.206358) can0 18F005F8#7DFFFF7DFFFFFFFF
(1785791791.244146) can0 18ECFFD1#200E0002FF09FF00
(1785791791.244701) can0 18EBFFD1#0101000B00D318E3
(1785791791.245300) can0 18EBFFD1#0201000A00D588E1
(1785791791.265202) can0 1CECFFF1#20120003FF19F000
(1785791791.266167) can0 1CEBFFF1#0127100000000000
(1785791791.267181) can0 1CEBFFF1#0200000000000000
(1785791791.268161) can0 1CEBFFF1#03BA067406FFFFFF
(1785791791.294295) can0 18F015F1#0000005548F547A3
(1785791791.305111) can0 18F017F1#EA25196FA9D8
(1785791791.305512) can0 18F018F1#D44F01D0861F
(1785791791.306101) can0 18FEF1F8#FF0000FFFFFFFFFF
(1785791791.307253) can0 18F005F8#7DFFFF7DFFFFFFFF
(1785791791.344334) can0 18ECFFD1#200E0002FF09FF00
(1785791791.344719) can0 18EBFFD1#0101000B00D3F8DF
(1785791791.345405) can0 18EBFFD1#0201000A00D588E1
(1785791791.365280) can0 1CECFFF1#20120003FF19F000
(1785791791.366163) can0 1CEBFFF1#0127100000000000
(1785791791.367166) can0 1CEBFFF1#0200000000000000
(1785791791.368138) can0 1CEBFFF1#03BA04B587FFFFFF
(1785791791.394157) can0 18F015F1#0000005248F447A7
(1785791791.405434) can0 18FEF1F8#FF0000FFFFFFFFFF
(1785791791.406625) can0 18F005F8#7DFFFF7DFFFFFFFF
(1785791791.444173) can0 18ECFFD1#200E0002FF09FF00
(1785791791.444690) can0 18EBFFD1#0101000B00D3F8DF
(1785791791.445267) can0 18EBFFD1#0201000A00D588E1
(1785791791.465203) can0 1CECFFF1#20120003FF19F000
(1785791791.466167) can0 1CEBFFF1#0127100000000000
(1785791791.467176) can0 1CEBFFF1#0200000000000000
(1785791791.468144) can0 1CEBFFF1#03B9FFC6C6FFFFFF
(1785791791.494163) can0 18F015F1#0000004D48F347A6
(1785791791.505682) can0 18FEF1F8#FF0000FFFFFFFFFF
(1785791791.507084) can0 18F005F8#7DFFFF7DFFFFFFFF
(1785791791.544151) can0 18ECFFD1#200E0002FF09FF00
(1785791791.544688) can0 18EBFFD1#0101000B00D3F8DF
(1785791791.545304) can0 18EBFFD1#0201000A00D588E1
(1785791791.565193) can0 1CECFFF1#20120003FF19F000
(1785791791.566191) can0 1CEBFFF1#0127100000000000
(1785791791.567184) can0 1CEBFFF1#0200000000000000
(1785791791.568162) can0 1CEBFFF1#03B9FD0747FFFFFF
(1785791791.594164) can0 18F015F1#0000004B48F147A6
(1785791791.605249) can0 18FEF1F8#FF0000FFFFFFFFFF
(1785791791.606446) can0 18F005F8#7DFFFF7DFFFFFFFF
(1785791791.644407) can0 18ECFFD1#200E0002FF09FF00
(1785791791.644777) can0 18EBFFD1#0101000B00D3F8DF
(1785791791.645440) can0 18EBFFD1#0201000A00D588E1
(1785791791.646090) can0 18FF14D1#
(1785791791.665335) can0 1CECFFF1#20120003FF19F000
(1785791791.666223) can0 1CEBFFF1#0127100000000000
(1785791791.667237) can0 1CEBFFF1#0200000000000000
(1785791791.668218) can0 1CEBFFF1#03B9FB05C7FFFFFF
(1785791791.694349) can0 18F015F1#0000004948F247A5
(1785791791.705585) can0 18FEF1F8#FF0000FFFFFFFFFF
(1785791791.707029) can0 18F005F8#7DFFFF7DFFFFFFFF
(1785791791.744198) can0 18ECFFD1#200E0002FF09FF00
(1785791791.744713) can0 18EBFFD1#0101000B00D3F8DF
(1785791791.745342) can0 18EBFFD1#0201000A00D588E1
(1785791791.765220) can0 1CECFFF1#20120003FF19F000
(1785791791.766165) can0 1CEBFFF1#0127100000000000
(1785791791.767213) can0 1CEBFFF1#0200000000000000
(1785791791.768157) can0 1CEBFFF1#03B9F80487FFFFFF
(1785791791.795322) can0 18F015F1#0000004548EF47A4
(1785791791.805244) can0 18FEF1F8#FF0000FFFFFFFFFF
(1785791791.806393) can0 18F005F8#7DFFFF7DFFFFFFFF
(1785791791.844191) can0 18ECFFD1#200E0002FF09FF00
(1785791791.844679) can0 18EBFFD1#0101000B00D3F8DF
(1785791791.845296) can0 18EBFFD1#0201000A00D588E1
(1785791791.865190) can0 1CECFFF1#20120003FF19F000
(1785791791.866158) can0 1CEBFFF1#0127100000000000
(1785791791.867212) can0 1CEBFFF1#0200000000000000
(1785791791.868141) can0 1CEBFFF1#03B9F6C006FFFFFF
(1785791791.894157) can0 18F015F1#0000004548F147A4
(1785791791.905509) can0 18FEF1F8#FF0000FFFFFFFFFF
(1785791791.907559) can0 18F005F8#7DFFFF7DFFFFFFFF
(1785791791.944115) can0 18ECFFD1#200E0002FF09FF00
(1785791791.944655) can0 18EBFFD1#0101000B00D3F8DF
(1785791791.945241) can0 18EBFFD1#0201000A00D588E1
(1785791791.966288) can0 1CECFFF1#20120003FF19F000
(1785791791.967219) can0 1CEBFFF1#0127100000000000
(1785791791.968189) can0 1CEBFFF1#0200000000000000
(1785791791.969161) can0 1CEBFFF1#03B9F6C006FFFFFF
(1785791791.995335) can0 18F015F1#0000004448ED47A3
(1785791792.005558) can0 18FEF1F8#FF0000FFFFFFFFFF
(1785791792.007313) can0 18F005F8#7DFFFF7DFFFFFFFF
(1785791792.044288) can0 18ECFFD1#200E0002FF09FF00
(1785791792.044748) can0 18EBFFD1#0101000B00D3F8DF
(1785791792.045346) can0 18EBFFD1#0201000A00D588E1
(1785791792.066198) can0 1CECFFF1#20120003FF19F000
(1785791792.067177) can0 1CEBFFF1#0127100000000000
(1785791792.068176) can0 1CEBFFF1#0200000000000000
(1785791792.069154) can0 1CEBFFF1#03B9F5C146FFFFFF
(1785791792.095206) can0 18F015F1#0000004348EF47A4
(1785791792.105231) can0 18FEF1F8#FF0000FFFFFFFFFF
(1785791792.107540) can0 18F005F8#7DFFFF7DFFFFFFFF
(1785791792.144225) can0 18ECFFD1#200E0002FF09FF00
(1785791792.144722) can0 18EBFFD1#0101000B00D3F8DF
(1785791792.145312) can0 18EBFFD1#0201000A00D588E1
(1785791792.146009) can0 18FF14D1#
(1785791792.166199) can0 1CECFFF1#20120003FF19F000
(1785791792.167169) can0 1CEBFFF1#0127100000000000
(1785791792.168235) can0 1CEBFFF1#0200000000000000
(1785791792.169164) can0 1CEBFFF1#03B9F40187FFFFFF
(1785791792.195180) can0 18F015F1#0000004347F747A3
(1785791792.205192) can0 18FEF1F8#FF0000FFFFFFFFFF
(1785791792.206332) can0 18F005F8#7DFFFF7DFFFFFFFF
(1785791792.244159) can0 18ECFFD1#200E0002FF09FF00
(1785791792.244701) can0 18EBFFD1#0101000B00D3F8DF
(1785791792.245325) can0 18EBFFD1#0201000A00D588E1
(1785791792.266202) can0 1CECFFF1#20120003FF19F000
(1785791792.267176) can0 1CEBFFF1#0127100000000000
(1785791792.268175) can0 1CEBFFF1#0200000000000000
(1785791792.269150) can0 1CEBFFF1#03B9F3C3C6FFFFFF
(1785791792.295282) can0 18F015F1#00000043480047A4
(1785791792.305568) can0 18FEF1F8#FF0000FFFFFFFFFF
(1785791792.306323) can0 18F017F1#06FA0D1A9B04
(1785791792.306581) can0 18F018F1#D6A8059F8CF4
(1785791792.307103) can0 18F005F8#7DFFFF7DFFFFFFFF
(1785791792.344727) can0 18ECFFD1#200E0002FF09FF00
(1785791792.345151) can0 18EBFFD1#0101000B00D32AE0
(1785791792.346250) can0 18EBFFD1#0201000A00D588E1
(1785791792.366291) can0 1CECFFF1#20120003FF19F000
(1785791792.367456) can0 1CEBFFF1#0127100000000000
(1785791792.368236) can0 1CEBFFF1#0200000000000000
(1785791792.369291) can0 1CEBFFF1#03B9F40187FFFFFF
(1785791792.395164) can0 18F015F1#00000043480747A5
(1785791792.405348) can0 18FEF1F8#FF0000FFFFFFFFFF
(1785791792.406530) can0 18F005F8#7DFFFF7DFFFFFFFF
(1785791792.444167) can0 18ECFFD1#200E0002FF09FF00
(1785791792.444675) can0 18EBFFD1#0101000B00D32AE0
(1785791792.445258) can0 18EBFFD1#0201000A00D588E1
(1785791792.466226) can0 1CECFFF1#20120003FF19F000
(1785791792.467182) can0 1CEBFFF1#0127100000000000
(1785791792.468186) can0 1CEBFFF1#0200000000000000
(1785791792.469158) can0 1CEBFFF1#03B9F40187FFFFFF
(1785791792.495179) can0 18F015F1#00000043480547A5
(1785791792.505178) can0 18FEF1F8#FF0000FFFFFFFFFF
(1785791792.506312) can0 18F005F8#7DFFFF7DFFFFFFFF
(1785791792.544125) can0 18ECFFD1#200E0002FF09FF00
(1785791792.544648) can0 18EBFFD1#0101000B00D32AE0
(1785791792.545247) can0 18EBFFD1#0201000A00D588E1
(1785791792.566209) can0 1CECFFF1#20120003FF19F000
(1785791792.567169) can0 1CEBFFF1#0127100000000000
(1785791792.568175) can0 1CEBFFF1#0200000000000000
(1785791792.569156) can0 1CEBFFF1#03B9F3C3C6FFFFFF
(1785791792.595174) can0 18F015F1#00000042480447A7
(1785791792.605212) can0 18FEF1F8#FF0000FFFFFFFFFF
(1785791792.606353) can0 18F005F8#7DFFFF7DFFFFFFFF
(1785791792.644326) can0 18ECFFD1#200E0002FF09FF00
(1785791792.644788) can0 18EBFFD1#0101000B00D32AE0
(1785791792.645426) can0 18EBFFD1#0201000A00D55CE0
(1785791792.646072) can0 18FF14D1#
(1785791792.666337) can0 1CECFFF1#20120003FF19F000
(1785791792.667210) can0 1CEBFFF1#0127100000000000
(1785791792.668222) can0 1CEBFFF1#0200000000000000
(1785791792.669218) can0 1CEBFFF1#03B9F40187FFFFFF
(1785791792.695249) can0 18F015F1#00000043480547A7
(1785791792.705294) can0 18FEF1F8#FF0000FFFFFFFFFF
(1785791792.706446) can0 18F005F8#7DFFFF7DFFFFFFFF
(1785791792.744087) can0 18ECFFD1#200E0002FF09FF00
(1785791792.744626) can0 18EBFFD1#0101000B00D32AE0
(1785791792.745222) can0 18EBFFD1#0201000A00D55CE0
(1785791792.767201) can0 1CECFFF1#20120003FF19F000
(1785791792.768181) can0 1CEBFFF1#0127100000000000
(1785791792.769186) can0 1CEBFFF1#0200000000000000
(1785791792.770198) can0 1CEBFFF1#03B9F40187FFFFFF
(1785791792.796249) can0 18F015F1#00000043480647A9
(1785791792.805223) can0 18FEF1F8#FF0000FFFFFFFFFF
(1785791792.806430) can0 18F005F8#7DFFFF7DFFFFFFFF
(1785791792.844155) can0 18ECFFD1#200E0002FF09FF00
(1785791792.844679) can0 18EBFFD1#0101000B00D32AE0
(1785791792.846018) can0 18EBFFD1#0201000A00D55CE0
(1785791792.867228) can0 1CECFFF1#20120003FF19F000
(1785791792.868183) can0 1CEBFFF1#0127100000000000
(1785791792.869188) can0 1CEBFFF1#0200000000000000
(1785791792.870163) can0 1CEBFFF1#03B9F3C3C6FFFFFF
(1785791792.896181) can0 18F015F1#00000042480647A8
(1785791792.905234) can0 18FEF1F8#FF0000FFFFFFFFFF
(1785791792.906358) can0 18F005F8#7DFFFF7DFFFFFFFF
(1785791792.944100) can0 18ECFFD1#200E0002FF09FF00
(1785791792.944644) can0 18EBFFD1#0101000B00D32AE0
(1785791792.945222) can0 18EBFFD1#0201000A00D55CE0
(1785791792.967340) can0 1CECFFF1#20120003FF19F000
(1785791792.968182) can0 1CEBFFF1#0127100000000000
(1785791792.969197) can0 1CEBFFF1#0200000000000000
(1785791792.970167) can0 1CEBFFF1#03B9F3C3C6FFFFFF
(1785791792.996287) can0 18F015F1#00000042480947AA
(1785791793.005391) can0 18FEF1F8#FF0000FFFFFFFFFF
(1785791793.006623) can0 18F005F8#7DFFFF7DFFFFFFFF
(1785791793.044563) can0 18ECFFD1#200E0002FF09FF00
(1785791793.045070) can0 18EBFFD1#0101000B00D32AE0
(1785791793.045625) can0 18EBFFD1#0201000A00D55CE0
(1785791793.067223) can0 1CECFFF1#20120003FF19F000
(1785791793.068203) can0 1CEBFFF1#0127100000000000
(1785791793.069186) can0 1CEBFFF1#0200000000000000
(1785791793.070147) can0 1CEBFFF1#03B9F3C3C6FFFFFF
(1785791793.096198) can0 18F015F1#00000042480A47AA
(1785791793.105179) can0 18FEF1F8#FF0000FFFFFFFFFF
(1785791793.106426) can0 18F005F8#7DFFFF7DFFFFFFFF
(1785791793.144308) can0 18ECFFD1#200E0002FF09FF00
(1785791793.144917) can0 18EBFFD1#0101000B00D32AE0
(1785791793.145509) can0 18EBFFD1#0201000A00D588E1
(1785791793.146554) can0 18FF14D1#
(1785791793.147111) can0 18FF16D1#01000A0064
(1785791793.167220) can0 1CECFFF1#20120003FF19F000
(1785791793.168173) can0 1CEBFFF1#0127100000000000
(1785791793.169190) can0 1CEBFFF1#0200000000000000
(1785791793.170201) can0 1CEBFFF1#03B9F20307FFFFFF
(1785791793.196192) can0 18F015F1#00000041480B47AC
(1785791793.205192) can0 18FEF1F8#FF0000FFFFFFFFFF
(1785791793.206395) can0 18F005F8#7DFFFF7DFFFFFFFF
(1785791793.244080) can0 18ECFFD1#200E0002FF09FF00
(1785791793.244625) can0 18EBFFD1#0101000B00D32AE0
(1785791793.245196) can0 18EBFFD1#0201000A00D588E1
(1785791793.267217) can0 1CECFFF1#20120003FF19F000
(1785791793.268184) can0 1CEBFFF1#0127100000000000
(1785791793.269192) can0 1CEBFFF1#0200000000000000
(1785791793.270177) can0 1CEBFFF1#03B9F20307FFFFFF
(1785791793.299875) can0 18F015F1#00000041480C47AC
(1785791793.305251) can0 18FEF1F8#FF0000FFFFFFFFFF
(1785791793.306516) can0 18F005F8#7DFFFF7DFFFFFFFF
(1785791793.307142) can0 18F017F1#06FA0D1A9B04
(1785791793.307612) can0 18F018F1#D6A8059F8CF4
(1785791793.344236) can0 18ECFFD1#200E0002FF09FF00
(1785791793.344734) can0 18EBFFD1#0101000B00D3D8DC
(1785791793.345234) can0 18EBFFD1#0201000A00D588E1
(1785791793.367426) can0 1CECFFF1#20120003FF19F000
(1785791793.368244) can0 1CEBFFF1#0127100000000000
(1785791793.369233) can0 1CEBFFF1#0200000000000000
(1785791793.370178) can0 1CEBFFF1#03B9F10247FFFFFF
(1785791793.396197) can0 18F015F1#00000040480D47AE
(1785791793.405265) can0 18FEF1F8#FF0000FFFFFFFFFF
(1785791793.406410) can0 18F005F8#7DFFFF7DFFFFFFFF
(1785791793.444203) can0 18ECFFD1#200E0002FF09FF00
(1785791793.444635) can0 18EBFFD1#0101000B00D3D8DC
(1785791793.445268) can0 18EBFFD1#0201000A00D588E1
(1785791793.468296) can0 1CECFFF1#20120003FF19F000
(1785791793.469235) can0 1CEBFFF1#0127100000000000
(1785791793.470208) can0 1CEBFFF1#0200000000000000
(1785791793.471317) can0 1CEBFFF1#03B9F0C286FFFFFF
(1785791793.497201) can0 18F015F1#0000003F480D47AF
(1785791793.505624) can0 18FEF1F8#FF0000FFFFFFFFFF
(1785791793.506857) can0 18F005F8#7DFFFF7DFFFFFFFF
(1785791793.544098) can0 18ECFFD1#200E0002FF09FF00
(1785791793.544658) can0 18EBFFD1#0101000B00D3D8DC
(1785791793.545219) can0 18EBFFD1#0201000A00D588E1
(1785791793.568262) can0 1CECFFF1#20120003FF19F000
(1785791793.569193) can0 1CEBFFF1#0127100000000000
(1785791793.570200) can0 1CEBFFF1#0200000000000000
(1785791793.571196) can0 1CEBFFF1#03B9EF0AC7FFFFFF
(1785791793.597192) can0 18F015F1#0000003E480E47B0
(1785791793.605207) can0 18FEF1F8#FF0000FFFFFFFFFF
(1785791793.606369) can0 18F005F8#7DFFFF7DFFFFFFFF
(1785791793.644202) can0 18ECFFD1#200E0002FF09FF00
(1785791793.644726) can0 18EBFFD1#0101000B00D3D8DC
(1785791793.645339) can0 18EBFFD1#0201000A00D58EE0
(1785791793.646042) can0 18FF14D1#
(1785791793.668251) can0 1CECFFF1#20120003FF19F000
(1785791793.669183) can0 1CEBFFF1#0127100000000000
(1785791793.670194) can0 1CEBFFF1#0200000000000000
(1785791793.671170) can0 1CEBFFF1#03B9EECA06FFFFFF
(1785791793.697261) can0 18F015F1#0000003D480F47B1
(1785791793.705348) can0 18FEF1F8#FF0000FFFFFFFFFF
(1785791793.706698) can0 18F005F8#7DFFFF7DFFFFFFFF
(1785791793.744165) can0 18ECFFD1#200E0002FF09FF00
(1785791793.744694) can0 18EBFFD1#0101000B00D3D8DC
(1785791793.745218) can0 18EBFFD1#0201000A00D58EE0
(1785791793.768206) can0 1CECFFF1#20120003FF19F000
(1785791793.769185) can0 1CEBFFF1#0127100000000000
(1785791793.770177) can0 1CEBFFF1#0200000000000000
(1785791793.771143) can0 1CEBFFF1#03B9EDCB46FFFFFF
(1785791793.798219) can0 18F015F1#0000003C480F47B2
(1785791793.805187) can0 18FEF1F8#FF0000FFFFFFFFFF
(1785791793.806351) can0 18F005F8#7DFFFF7DFFFFFFFF
(1785791793.844120) can0 18ECFFD1#200E0002FF09FF00
(1785791793.844620) can0 18EBFFD1#0101000B00D3A0DD
(1785791793.845215) can0 18EBFFD1#0201000A00D58EE0
(1785791793.868270) can0 1CECFFF1#20120003FF19F000
(1785791793.869211) can0 1CEBFFF1#0127100000000000
(1785791793.870200) can0 1CEBFFF1#0200000000000000
(1785791793.871173) can0 1CEBFFF1#03B9EC0B87FFFFFF
(1785791793.897224) can0 18F015F1#0000003A480F47B4
(1785791793.905467) can0 18FEF1F8#FF0000FFFFFFFFFF
(1785791793.906637) can0 18F005F8#7DFFFF7DFFFFFFFF
(1785791793.944110) can0 18ECFFD1#200E0002FF09FF00
(1785791793.944590) can0 18EBFFD1#0101000B00D3A0DD
(1785791793.945201) can0 18EBFFD1#0201000A00D58EE0
(1785791793.968226) can0 1CECFFF1#20120003FF19F000
(1785791793.969219) can0 1CEBFFF1#0127100000000000
(1785791793.970199) can0 1CEBFFF1#0200000000000000
(1785791793.971172) can0 1CEBFFF1#03B9EA0907FFFFFF
(1785791793.997555) can0 18F015F1#00000039481047B5
(1785791794.005470) can0 18FEF1F8#FF0000FFFFFFFFFF
(1785791794.006728) can0 18F005F8#7DFFFF7DFFFFFFFF
(1785791794.044388) can0 18ECFFD1#200E0002FF09FF00
(1785791794.044780) can0 18EBFFD1#0101000B00D3A0DD
(1785791794.045227) can0 18EBFFD1#0201000A00D58EE0
(1785791794.068614) can0 1CECFFF1#20120003FF19F000
(1785791794.069482) can0 1CEBFFF1#0127100000000000
(1785791794.070298) can0 1CEBFFF1#0200000000000000
(1785791794.071184) can0 1CEBFFF1#03B9E90847FFFFFF
(1785791794.097208) can0 18F015F1#00000038480F47B6
(1785791794.105171) can0 18FEF1F8#FF0000FFFFFFFFFF
(1785791794.106309) can0 18F005F8#7DFFFF7DFFFFFFFF
(1785791794.144161) can0 18ECFFD1#200E0002FF09FF00
(1785791794.144666) can0 18EBFFD1#0101000B00D3A0DD
(1785791794.145267) can0 18EBFFD1#0201000A00D55CE0
(1785791794.146288) can0 18FF14D1#
(1785791794.168218) can0 1CECFFF1#20120003FF19F000
(1785791794.169184) can0 1CEBFFF1#0127100000000000
(1785791794.170187) can0 1CEBFFF1#0200000000000000
(1785791794.171172) can0 1CEBFFF1#03B9E7CCC6FFFFFF
(1785791794.198215) can0 18F015F1#00000036480F47B8
(1785791794.205189) can0 18FEF1F8#FF0000FFFFFFFFFF
(1785791794.206334) can0 18F005F8#7DFFFF7DFFFFFFFF
(1785791794.244070) can0 18ECFFD1#200E0002FF09FF00
(1785791794.244619) can0 18EBFFD1#0101000B00D3A0DD
(1785791794.245194) can0 18EBFFD1#0201000A00D55CE0
(1785791794.269213) can0 1CECFFF1#20120003FF19F000
(1785791794.270183) can0 1CEBFFF1#0127100000000000
(1785791794.271203) can0 1CEBFFF1#0200000000000000
(1785791794.272181) can0 1CEBFFF1#03B9E60C07FFFFFF
(1785791794.298184) can0 18F015F1#00000034480E47B9
(1785791794.305636) can0 18FEF1F8#FF0000FFFFFFFFFF
(1785791794.306858) can0 18F005F8#7DFFFF7DFFFFFFFF
(1785791794.309105) can0 18F017F1#05A30B1A9E79
(1785791794.309570) can0 18F018F1#FC9C069F8F88
(1785791794.344270) can0 18ECFFD1#200E0002FF09FF00
(1785791794.344620) can0 18EBFFD1#0101000B00D3A0DD
(1785791794.345178) can0 18EBFFD1#0201000A00D55CE0
(1785791794.369380) can0 1CECFFF1#20120003FF19F000
(1785791794.370204) can0 1CEBFFF1#0127100000000000
(1785791794.371243) can0 1CEBFFF1#0200000000000000
(1785791794.372188) can0 1CEBFFF1#03B9E4CD86FFFFFF
(1785791794.398202) can0 18F015F1#00000032480F47B9
(1785791794.405383) can0 18FEF1F8#FF0000FFFFFFFFFF
(1785791794.406506) can0 18F005F8#7DFFFF7DFFFFFFFF
(1785791794.444044) can0 18ECFFD1#200E0002FF09FF00
(1785791794.444591) can0 18EBFFD1#0101000B00D304DE
(1785791794.445179) can0 18EBFFD1#0201000A00D55CE0
(1785791794.469245) can0 1CECFFF1#20120003FF19F000
(1785791794.470185) can0 1CEBFFF1#0127100000000000
(1785791794.471189) can0 1CEBFFF1#0200000000000000
(1785791794.472170) can0 1CEBFFF1#03B9E2CF06FFFFFF
(1785791794.498201) can0 18F015F1#00000030480F47B9
(1785791794.505198) can0 18FEF1F8#FF0000FFFFFFFFFF
(1785791794.506365) can0 18F005F8#7DFFFF7DFFFFFFFF
(1785791794.544138) can0 18ECFFD1#200E0002FF09FF00
(1785791794.544668) can0 18EBFFD1#0101000B00D304DE
(1785791794.545276) can0 18EBFFD1#0201000A00D55CE0
(1785791794.569226) can0 1CECFFF1#20120003FF19F000
(1785791794.570190) can0 1CEBFFF1#0127100000000000
(1785791794.571204) can0 1CEBFFF1#0200000000000000
(1785791794.572184) can0 1CEBFFF1#03B9DF1EC7FFFFFF
(1785791794.598179) can0 18F015F1#0000002E481147B8
(1785791794.605191) can0 18FEF1F8#FF0000FFFFFFFFFF
(1785791794.606395) can0 18F005F8#7DFFFF7DFFFFFFFF
(1785791794.644264) can0 18ECFFD1#200E0002FF09FF00
(1785791794.644691) can0 18EBFFD1#0101000B00D304DE
(1785791794.645341) can0 18EBFFD1#0201000A00D55CE0
(1785791794.645894) can0 18FF14D1#
(1785791794.669294) can0 1CECFFF1#20120003FF19F000
(1785791794.670202) can0 1CEBFFF1#0127100000000000
(1785791794.671228) can0 1CEBFFF1#0200000000000000
(1785791794.672202) can0 1CEBFFF1#03B9DEDE06FFFFFF
(1785791794.698301) can0 18F015F1#0000002D480F47B7
(1785791794.705261) can0 18FEF1F8#FF0000FFFFFFFFFF
(1785791794.706417) can0 18F005F8#7DFFFF7DFFFFFFFF
(1785791794.744063) can0 18ECFFD1#200E0002FF09FF00
(1785791794.744620) can0 18EBFFD1#0101000B00D304DE
(1785791794.745176) can0 18EBFFD1#0201000A00D55CE0
(1785791794.769207) can0 1CECFFF1#20120003FF19F000
(1785791794.770176) can0 1CEBFFF1#0127100000000000
(1785791794.771185) can0 1CEBFFF1#0200000000000000
(1785791794.772163) can0 1CEBFFF1#03B9DEDE06FFFFFF
(1785791794.799503) can0 18F015F1#0000002D483447B6
(1785791794.805210) can0 18FEF1F8#FF0000FFFFFFFFFF
(1785791794.806434) can0 18F005F8#7DFFFF7DFFFFFFFF
(1785791794.844085) can0 18ECFFD1#200E0002FF09FF00
(1785791794.844604) can0 18EBFFD1#0101000B00D39ADE
(1785791794.845187) can0 18EBFFD1#0201000A00D55CE0
(1785791794.870254) can0 1CECFFF1#20120003FF19F000
(1785791794.871196) can0 1CEBFFF1#0127100000000000
(1785791794.872208) can0 1CEBFFF1#0200000000000000
(1785791794.873180) can0 1CEBFFF1#03B9DEDE06FFFFFF
(1785791794.899197) can0 18F015F1#0000002D483247B6
(1785791794.905314) can0 18FEF1F8#FF0000FFFFFFFFFF
(1785791794.906486) can0 18F005F8#7DFFFF7DFFFFFFFF
(1785791794.944081) can0 18ECFFD1#200E0002FF09FF00
(1785791794.944615) can0 18EBFFD1#0101000B00D39ADE
(1785791794.945185) can0 18EBFFD1#0201000A00D55CE0
(1785791794.970211) can0 1CECFFF1#20120003FF19F000
(1785791794.971184) can0 1CEBFFF1#0127100000000000
(1785791794.972208) can0 1CEBFFF1#0200000000000000
(1785791794.973177) can0 1CEBFFF1#03B9DDDF46FFFFFF
(1785791794.999351) can0 18F015F1#0000002C483647B5
(1785791795.005440) can0 18FEF1F8#FF0000FFFFFFFFFF
(1785791795.006774) can0 18F005F8#7DFFFF7DFFFFFFFF
(1785791795.044234) can0 18ECFFD1#200E0002FF09FF00
(1785791795.044686) can0 18EBFFD1#0101000B00D39ADE
(1785791795.045225) can0 18EBFFD1#0201000A00D55CE0
(1785791795.070587) can0 1CECFFF1#20120003FF19F000
(1785791795.071332) can0 1CEBFFF1#0127100000000000
(1785791795.072293) can0 1CEBFFF1#0200000000000000
(1785791795.073351) can0 1CEBFFF1#03B9DC1F87FFFFFF
(1785791795.099263) can0 18F015F1#0000002B483A47B6
(1785791795.105222) can0 18FEF1F8#FF0000FFFFFFFFFF
(1785791795.106458) can0 18F005F8#7DFFFF7DFFFFFFFF
(1785791795.144259) can0 18ECFFD1#200E0002FF09FF00
(1785791795.144737) can0 18EBFFD1#0101000B00D39ADE
(1785791795.145338) can0 18EBFFD1#0201000A00D530DF
(1785791795.146166) can0 18FF14D1#
(1785791795.146671) can0 18FF16D1#01000B0064
(1785791795.170227) can0 1CECFFF1#20120003FF19F000
(1785791795.171190) can0 1CEBFFF1#0127100000000000
(1785791795.172198) can0 1CEBFFF1#0200000000000000
(1785791795.173187) can0 1CEBFFF1#03B9DDDF46FFFFFF
(1785791795.199213) can0 18F015F1#0000002C483A47B6
(1785791795.205195) can0 18FEF1F8#FF0000FFFFFFFFFF
(1785791795.206379) can0 18F005F8#7DFFFF7DFFFFFFFF
(1785791795.244055) can0 18ECFFD1#200E0002FF09FF00
(1785791795.244573) can0 18EBFFD1#0101000B00D39ADE
(1785791795.245161) can0 18EBFFD1#0201000A00D530DF
(1785791795.270225) can0 1CECFFF1#20120003FF19F000
(1785791795.271199) can0 1CEBFFF1#0127100000000000
(1785791795.272211) can0 1CEBFFF1#0200000000000000
(1785791795.273180) can0 1CEBFFF1#03B9DDDF46FFFFFF
(1785791795.300240) can0 18F015F1#0000002C483A47B6
(1785791795.305185) can0 18FEF1F8#FF0000FFFFFFFFFF
(1785791795.306401) can0 18F005F8#7DFFFF7DFFFFFFFF
(1785791795.310082) can0 18F017F1#05A30B1A9E79
(1785791795.310557) can0 18F018F1#FC9C069F8F88
(1785791795.344128) can0 18ECFFD1#200E0002FF09FF00
(1785791795.344583) can0 18EBFFD1#0101000B00D39ADE
(1785791795.345170) can0 18EBFFD1#0201000A00D530DF
(1785791795.370384) can0 1CECFFF1#20120003FF19F000
(1785791795.371229) can0 1CEBFFF1#0127100000000000
(1785791795.372224) can0 1CEBFFF1#0200000000000000
(1785791795.373281) can0 1CEBFFF1#03B9DC1F87FFFFFF
(1785791795.399320) can0 18F015F1#0000002C483B47B7
(1785791795.405569) can0 18FEF1F8#FF0000FFFFFFFFFF
(1785791795.406906) can0 18F005F8#7DFFFF7DFFFFFFFF
(1785791795.444073) can0 18ECFFD1#200E0002FF09FF00
(1785791795.444645) can0 18EBFFD1#0101000B00D39ADE
(1785791795.445234) can0 18EBFFD1#0201000A00D530DF
(1785791795.470421) can0 1CECFFF1#20120003FF19F000
(1785791795.471318) can0 1CEBFFF1#0127100000000000
(1785791795.472290) can0 1CEBFFF1#0200000000000000
(1785791795.473216) can0 1CEBFFF1#03B9DDDF46FFFFFF
(1785791795.499206) can0 18F015F1#0000002C483A47B7
(1785791795.505314) can0 18FEF1F8#FF0000FFFFFFFFFF
(1785791795.506569) can0 18F005F8#7DFFFF7DFFFFFFFF
(1785791795.544094) can0 18ECFFD1#200E0002FF09FF00
(1785791795.544617) can0 18EBFFD1#0101000B00D39ADE
(1785791795.545202) can0 18EBFFD1#0201000A00D530DF
(1785791795.570243) can0 1CECFFF1#20120003FF19F000
(1785791795.571191) can0 1CEBFFF1#0127100000000000
(1785791795.572202) can0 1CEBFFF1#0200000000000000
(1785791795.573208) can0 1CEBFFF1#03B9DC1F87FFFFFF
(1785791795.599215) can0 18F015F1#0000002B483A47B6
(1785791795.605212) can0 18FEF1F8#FF0000FFFFFFFFFF
(1785791795.606427) can0 18F005F8#7DFFFF7DFFFFFFFF
(1785791795.644176) can0 18ECFFD1#200E0002FF09FF00
(1785791795.644684) can0 18EBFFD1#0101000B00D39ADE
(1785791795.645300) can0 18EBFFD1#0201000A00D5F8DF
(1785791795.645966) can0 18FF14D1#
(1785791795.671358) can0 1CECFFF1#20120003FF19F000
(1785791795.672221) can0 1CEBFFF1#0127100000000000
(1785791795.673222) can0 1CEBFFF1#0200000000000000
(1785791795.674204) can0 1CEBFFF1#03B9DC1F87FFFFFF
(1785791795.700263) can0 18F015F1#0000002B483B47B6
(1785791795.705301) can0 18FEF1F8#FF0000FFFFFFFFFF
(1785791795.706490) can0 18F005F8#7DFFFF7DFFFFFFFF
(1785791795.744295) can0 18ECFFD1#200E0002FF09FF00
(1785791795.744812) can0 18EBFFD1#0101000B00D39ADE
(1785791795.745268) can0 18EBFFD1#0201000A00D5F8DF
(1785791795.771423) can0 1CECFFF1#20120003FF19F000
(1785791795.772240) can0 1CEBFFF1#0127100000000000
(1785791795.773244) can0 1CEBFFF1#0200000000000000
(1785791795.774224) can0 1CEBFFF1#03B9DC1F87FFFFFF
(1785791795.800249) can0 18F015F1#0000002B483B47B7
(1785791795.805260) can0 18FEF1F8#FF0000FFFFFFFFFF
(1785791795.806838) can0 18F005F8#7DFFFF7DFFFFFFFF
(1785791795.844092) can0 18ECFFD1#200E0002FF09FF00
(1785791795.844586) can0 18EBFFD1#0101000B00D39ADE
(1785791795.845219) can0 18EBFFD1#0201000A00D5F8DF
(1785791795.871247) can0 1CECFFF1#20120003FF19F000
(1785791795.872189) can0 1CEBFFF1#0127100000000000
(1785791795.873201) can0 1CEBFFF1#0200000000000000
(1785791795.874181) can0 1CEBFFF1#03B9DC1F87FFFFFF
(1785791795.900213) can0 18F015F1#0000002B483B47B7
(1785791795.905415) can0 18FEF1F8#FF0000FFFFFFFFFF
(1785791795.906647) can0 18F005F8#7DFFFF7DFFFFFFFF
(1785791795.943993) can0 18ECFFD1#200E0002FF09FF00
(1785791795.944537) can0 18EBFFD1#0101000B00D39ADE
(1785791795.945137) can0 18EBFFD1#0201000A00D5F8DF
(1785791795.971218) can0 1CECFFF1#20120003FF19F000
(1785791795.972196) can0 1CEBFFF1#0127100000000000
(1785791795.973207) can0 1CEBFFF1#0200000000000000
(1785791795.974190) can0 1CEBFFF1#03B9DC1F87FFFFFF
(1785791796.000222) can0 18F015F1#0000002B483C47B7
(1785791796.005423) can0 18FEF1F8#FF0000FFFFFFFFFF
(1785791796.006736) can0 18F005F8#7DFFFF7DFFFFFFFF
(1785791796.044031) can0 18ECFFD1#200E0002FF09FF00
(1785791796.044523) can0 18EBFFD1#0101000B00D39ADE
(1785791796.045141) can0 18EBFFD1#0201000A00D5F8DF
(1785791796.071627) can0 1CECFFF1#20120003FF19F000
(1785791796.072425) can0 1CEBFFF1#0127100000000000
(1785791796.075090) can0 1CEBFFF1#0200000000000000
(1785791796.076577) can0 1CEBFFF1#03B9DC1F87FFFFFF
(1785791796.100555) can0 18F015F1#0000002B483C47B7
(1785791796.105663) can0 18FEF1F8#FF0000FFFFFFFFFF
(1785791796.107187) can0 18F005F8#7DFFFF7DFFFFFFFF
(1785791796.144156) can0 18ECFFD1#200E0002FF09FF00
(1785791796.144632) can0 18EBFFD1#0101000B00D39ADE
(1785791796.145251) can0 18EBFFD1#0201000A00D5C0E0
(1785791796.146070) can0 18FF14D1#
(1785791796.171252) can0 1CECFFF1#20120003FF19F000
(1785791796.172204) can0 1CEBFFF1#0127100000000000
(1785791796.173203) can0 1CEBFFF1#0200000000000000
(1785791796.174184) can0 1CEBFFF1#03B9DC1F87FFFFFF
(1785791796.200251) can0 18F015F1#0000002B483C47B7
(1785791796.205278) can0 18FEF1F8#FF0000FFFFFFFFFF
(1785791796.206625) can0 18F005F8#7DFFFF7DFFFFFFFF
(1785791796.244067) can0 18ECFFD1#200E0002FF09FF00
(1785791796.244577) can0 18EBFFD1#0101000B00D39ADE
(1785791796.245192) can0 18EBFFD1#0201000A00D5C0E0
(1785791796.271233) can0 1CECFFF1#20120003FF19F000
(1785791796.272194) can0 1CEBFFF1#0127100000000000
(1785791796.273210) can0 1CEBFFF1#0200000000000000
(1785791796.274192) can0 1CEBFFF1#03B9DC1F87FFFFFF
(1785791796.301195) can0 18F015F1#0000002B483C47B7
(1785791796.305155) can0 18FEF1F8#FF0000FFFFFFFFFF
(1785791796.306314) can0 18F005F8#7DFFFF7DFFFFFFFF
(1785791796.312136) can0 18F017F1#04360D169D08
(1785791796.312609) can0 18F018F1#EC7105E291E2
(1785791796.344097) can0 18ECFFD1#200E0002FF09FF00
(1785791796.344570) can0 18EBFFD1#0101000B00D39ADE
(1785791796.345192) can0 18EBFFD1#0201000A00D5C0E0
(1785791796.371420) can0 1CECFFF1#20120003FF19F000
(1785791796.372236) can0 1CEBFFF1#0127100000000000
(1785791796.373255) can0 1CEBFFF1#0200000000000000
(1785791796.374293) can0 1CEBFFF1#03B9DBDDC6FFFFFF
(1785791796.400279) can0 18F015F1#0000002A483C47B6
(1785791796.407326) can0 18FEF1F8#FF0000FFFFFFFFFF
(1785791796.408462) can0 18F005F8#7DFFFF7DFFFFFFFF
(1785791796.444021) can0 18ECFFD1#200E0002FF09FF00
(1785791796.444552) can0 18EBFFD1#0101000B00D330DF
(1785791796.445130) can0 18EBFFD1#0201000A00D5C0E0
(1785791796.472278) can0 1CECFFF1#20120003FF19F000
(1785791796.473204) can0 1CEBFFF1#0127100000000000
(1785791796.474205) can0 1CEBFFF1#0200000000000000
(1785791796.475188) can0 1CEBFFF1#03B9DC1F87FFFFFF
(1785791796.501208) can0 18F015F1#0000002B483D47B7
(1785791796.505193) can0 18FEF1F8#FF0000FFFFFFFFFF
(1785791796.506737) can0 18F005F8#7DFFFF7DFFFFFFFF
(1785791796.544019) can0 18ECFFD1#200E0002FF09FF00
(1785791796.544533) can0 18EBFFD1#0101000B00D330DF
(1785791796.545139) can0 18EBFFD1#0201000A00D5C0E0
(1785791796.572239) can0 1CECFFF1#20120003FF19F000
(1785791796.573207) can0 1CEBFFF1#0127100000000000
(1785791796.574221) can0 1CEBFFF1#0200000000000000
(1785791796.575212) can0 1CEBFFF1#03B9DC1F87FFFFFF
(1785791796.601221) can0 18F015F1#0000002B483E47B8
(1785791796.605187) can0 18FEF1F8#FF0000FFFFFFFFFF
(1785791796.606361) can0 18F005F8#7DFFFF7DFFFFFFFF
(1785791796.644693) can0 18ECFFD1#200E0002FF09FF00
(1785791796.644971) can0 18EBFFD1#0101000B00D330DF
(1785791796.645250) can0 18EBFFD1#0201000A00D594DF
(1785791796.645871) can0 18FF14D1#
(1785791796.672314) can0 1CECFFF1#20120003FF19F000
(1785791796.673216) can0 1CEBFFF1#0127100000000000
(1785791796.674224) can0 1CEBFFF1#0200000000000000
(1785791796.675198) can0 1CEBFFF1#03B9DBDDC6FFFFFF
(1785791796.701324) can0 18F015F1#0000002A483D47B7
(1785791796.705272) can0 18FEF1F8#FF0000FFFFFFFFFF
(1785791796.706479) can0 18F005F8#7DFFFF7DFFFFFFFF
(1785791796.744103) can0 18ECFFD1#200E0002FF09FF00
(1785791796.744633) can0 18EBFFD1#0101000B00D330DF
(1785791796.745201) can0 18EBFFD1#0201000A00D594DF
(1785791796.772217) can0 1CECFFF1#20120003FF19F000
(1785791796.773201) can0 1CEBFFF1#0127100000000000
(1785791796.774210) can0 1CEBFFF1#0200000000000000
(1785791796.775184) can0 1CEBFFF1#03B9DBDDC6FFFFFF
(1785791796.802342) can0 18F015F1#0000002A483E47B7
(1785791796.805278) can0 18FEF1F8#FF0000FFFFFFFFFF
(1785791796.806549) can0 18F005F8#7DFFFF7DFFFFFFFF
(1785791796.844016) can0 18ECFFD1#200E0002FF09FF00
(1785791796.844519) can0 18EBFFD1#0101000B00D330DF
(1785791796.845096) can0 18EBFFD1#0201000A00D594DF
(1785791796.872239) can0 1CECFFF1#20120003FF19F000
(1785791796.873194) can0 1CEBFFF1#0127100000000000
(1785791796.874204) can0 1CEBFFF1#0200000000000000
(1785791796.875183) can0 1CEBFFF1#03B9DBDDC6FFFFFF
(1785791796.901231) can0 18F015F1#0000002A483F47B7
(1785791796.905236) can0 18FEF1F8#FF0000FFFFFFFFFF
(1785791796.906373) can0 18F005F8#7DFFFF7DFFFFFFFF
(1785791796.944029) can0 18ECFFD1#200E0002FF09FF00
(1785791796.944547) can0 18EBFFD1#0101000B00D330DF
(1785791796.945125) can0 18EBFFD1#0201000A00D594DF
(1785791796.972223) can0 1CECFFF1#20120003FF19F000
(1785791796.973193) can0 1CEBFFF1#0127100000000000
(1785791796.974203) can0 1CEBFFF1#0200000000000000
(1785791796.975180) can0 1CEBFFF1#03B9DBDDC6FFFFFF
(1785791797.001226) can0 18F015F1#0000002A483F47B8
(1785791797.005413) can0 18FEF1F8#FF0000FFFFFFFFFF
(1785791797.006593) can0 18F005F8#7DFFFF7DFFFFFFFF
(1785791797.044133) can0 18ECFFD1#200E0002FF09FF00
(1785791797.044598) can0 18EBFFD1#0101000B00D330DF
(1785791797.045167) can0 18EBFFD1#0201000A00D594DF
(1785791797.072536) can0 1CECFFF1#20120003FF19F000
(1785791797.073224) can0 1CEBFFF1#0127100000000000
(1785791797.074373) can0 1CEBFFF1#0200000000000000
(1785791797.075242) can0 1CEBFFF1#03B9DBDDC6FFFFFF
(1785791797.101329) can0 18F015F1#0000002A483F47B7
(1785791797.105514) can0 18FEF1F8#FF0000FFFFFFFFFF
(1785791797.107345) can0 18F005F8#7DFFFF7DFFFFFFFF
(1785791797.144218) can0 18ECFFD1#200E0002FF09FF00
(1785791797.144678) can0 18EBFFD1#0101000B00D330DF
(1785791797.145264) can0 18EBFFD1#0201000A00D594DF
(1785791797.145960) can0 18FF14D1#
(1785791797.146404) can0 18FF16D1#01000A0064
(1785791797.173246) can0 1CECFFF1#20120003FF19F000
(1785791797.174201) can0 1CEBFFF1#0127100000000000
(1785791797.175416) can0 1CEBFFF1#0200000000000000
(1785791797.176235) can0 1CEBFFF1#03B9DBDDC6FFFFFF
(1785791797.202230) can0 18F015F1#0000002A484047B8
(1785791797.205175) can0 18FEF1F8#FF0000FFFFFFFFFF
(1785791797.206329) can0 18F005F8#7DFFFF7DFFFFFFFF
(1785791797.243972) can0 18ECFFD1#200E0002FF09FF00
(1785791797.244512) can0 18EBFFD1#0101000B00D330DF
(1785791797.245094) can0 18EBFFD1#0201000A00D594DF
(1785791797.273230) can0 1CECFFF1#20120003FF19F000
(1785791797.274205) can0 1CEBFFF1#0127100000000000
(1785791797.275222) can0 1CEBFFF1#0200000000000000
(1785791797.276201) can0 1CEBFFF1#03B9DBDDC6FFFFFF
(1785791797.302230) can0 18F015F1#0000002A484047B8
(1785791797.305188) can0 18FEF1F8#FF0000FFFFFFFFFF
(1785791797.306398) can0 18F005F8#7DFFFF7DFFFFFFFF
(1785791797.313174) can0 18F017F1#04360D169D08
(1785791797.313535) can0 18F018F1#EC7105E291E2
(1785791797.344063) can0 18ECFFD1#200E0002FF09FF00
(1785791797.344574) can0 18EBFFD1#0101000B00D330DF
(1785791797.345116) can0 18EBFFD1#0201000A00D594DF
(1785791797.373436) can0 1CECFFF1#20120003FF19F000
(1785791797.374232) can0 1CEBFFF1#0127100000000000
(1785791797.375245) can0 1CEBFFF1#0200000000000000
(1785791797.376219) can0 1CEBFFF1#03B9DBDDC6FFFFFF
(1785791797.402263) can0 18F015F1#0000002A484147B8
(1785791797.405226) can0 18FEF1F8#FF0000FFFFFFFFFF
(1785791797.406514) can0 18F005F8#7DFFFF7DFFFFFFFF
(1785791797.443975) can0 18ECFFD1#200E0002FF09FF00
(1785791797.444510) can0 18EBFFD1#0101000B00D330DF
(1785791797.445083) can0 18EBFFD1#0201000A00D594DF
(1785791797.473305) can0 1CECFFF1#20120003FF19F000
(1785791797.474220) can0 1CEBFFF1#0127100000000000
(1785791797.475232) can0 1CEBFFF1#0200000000000000
(1785791797.476211) can0 1CEBFFF1#03B9DBDDC6FFFFFF
(1785791797.502271) can0 18F015F1#0000002A484147B8
(1785791797.505274) can0 18FEF1F8#FF0000FFFFFFFFFF
(1785791797.506561) can0 18F005F8#7DFFFF7DFFFFFFFF
(1785791797.544391) can0 18ECFFD1#200E0002FF09FF00
(1785791797.544892) can0 18EBFFD1#0101000B00D330DF
(1785791797.545493) can0 18EBFFD1#0201000A00D594DF
(1785791797.573256) can0 1CECFFF1#20120003FF19F000
(1785791797.574211) can0 1CEBFFF1#0127100000000000
(1785791797.575212) can0 1CEBFFF1#0200000000000000
(1785791797.576192) can0 1CEBFFF1#03B9DBDDC6FFFFFF
(1785791797.602201) can0 18F015F1#0000002A484247B8
(1785791797.605175) can0 18FEF1F8#FF0000FFFFFFFFFF
(1785791797.606389) can0 18F005F8#7DFFFF7DFFFFFFFF
(1785791797.644340) can0 18ECFFD1#200E0002FF09FF00
(1785791797.644881) can0 18EBFFD1#0101000B00D330DF
(1785791797.645464) can0 18EBFFD1#0201000A00D530DF
(1785791797.646012) can0 18FF14D1#
(1785791797.673372) can0 1CECFFF1#20120003FF19F000
(1785791797.674211) can0 1CEBFFF1#0127100000000000
(1785791797.675230) can0 1CEBFFF1#0200000000000000
(1785791797.676202) can0 1CEBFFF1#03B9DBDDC6FFFFFF
(1785791797.702720) can0 18F015F1#00000029484247B7
(1785791797.705606) can0 18FEF1F8#FF0000FFFFFFFFFF
(1785791797.706842) can0 18F005F8#7DFFFF7DFFFFFFFF
(1785791797.744342) can0 18ECFFD1#200E0002FF09FF00
(1785791797.744868) can0 18EBFFD1#0101000B00D330DF
(1785791797.745431) can0 18EBFFD1#0201000A00D530DF
(1785791797.773252) can0 1CECFFF1#20120003FF19F000
(1785791797.774210) can0 1CEBFFF1#0127100000000000
(1785791797.775219) can0 1CEBFFF1#0200000000000000
(1785791797.776215) can0 1CEBFFF1#03B9DA1D07FFFFFF
(1785791797.803351) can0 18F015F1#00000029484547B8
(1785791797.805477) can0 18FEF1F8#FF0000FFFFFFFFFF
(1785791797.807075) can0 18F005F8#7DFFFF7DFFFFFFFF
(1785791797.843999) can0 18ECFFD1#200E0002FF09FF00
(1785791797.844512) can0 18EBFFD1#0101000B00D330DF
(1785791797.845098) can0 18EBFFD1#0201000A00D530DF
(1785791797.873242) can0 1CECFFF1#20120003FF19F000
(1785791797.874213) can0 1CEBFFF1#0127100000000000
(1785791797.875212) can0 1CEBFFF1#0200000000000000
(1785791797.876209) can0 1CEBFFF1#03B9DA1D07FFFFFF
(1785791797.902221) can0 18F015F1#00000028484647B8
(1785791797.905256) can0 18FEF1F8#FF0000FFFFFFFFFF
(1785791797.906401) can0 18F005F8#7DFFFF7DFFFFFFFF
(1785791797.943956) can0 18ECFFD1#200E0002FF09FF00
(1785791797.944493) can0 18EBFFD1#0101000B00D330DF
(1785791797.945104) can0 18EBFFD1#0201000A00D530DF
(1785791797.974242) can0 1CECFFF1#20120003FF19F000
(1785791797.975218) can0 1CEBFFF1#0127100000000000
(1785791797.976224) can0 1CEBFFF1#0200000000000000
(1785791797.977189) can0 1CEBFFF1#03B9D8DC86FFFFFF
(1785791798.004889) can0 18F015F1#00000027484947B6
(1785791798.006693) can0 18FEF1F8#FF0000FFFFFFFFFF
(1785791798.007900) can0 18F005F8#7DFFFF7DFFFFFFFF
(1785791798.044030) can0 18ECFFD1#200E0002FF09FF00
(1785791798.044527) can0 18EBFFD1#0101000B00D330DF
(1785791798.045088) can0 18EBFFD1#0201000A00D530DF
(1785791798.074565) can0 1CECFFF1#20120003FF19F000
(1785791798.075985) can0 1CEBFFF1#0127100000000000
(1785791798.076250) can0 1CEBFFF1#0200000000000000
(1785791798.077240) can0 1CEBFFF1#03B9D8DC86FFFFFF
(1785791798.103404) can0 18F015F1#00000027484947B5
(1785791798.105246) can0 18FEF1F8#FF0000FFFFFFFFFF
(1785791798.106374) can0 18F005F8#7DFFFF7DFFFFFFFF
(1785791798.144922) can0 18ECFFD1#200E0002FF09FF00
(1785791798.145329) can0 18EBFFD1#0201000A00D568DE
(1785791798.145927) can0 18EBFFD1#0101000B00D330DF
(1785791798.148316) can0 18FF14D1#
(1785791798.174284) can0 1CECFFF1#20120003FF19F000
(1785791798.175323) can0 1CEBFFF1#0127100000000000
(1785791798.176244) can0 1CEBFFF1#0200000000000000
(1785791798.177203) can0 1CEBFFF1#03B9D91C47FFFFFF
(1785791798.203248) can0 18F015F1#00000028484B47B5
(1785791798.205182) can0 18FEF1F8#FF0000FFFFFFFFFF
(1785791798.206323) can0 18F005F8#7DFFFF7DFFFFFFFF
(1785791798.244007) can0 18ECFFD1#200E0002FF09FF00
(1785791798.244510) can0 18EBFFD1#0101000B00D330DF
(1785791798.245092) can0 18EBFFD1#0201000A00D568DE
(1785791798.274281) can0 1CECFFF1#20120003FF19F000
(1785791798.275226) can0 1CEBFFF1#0127100000000000
(1785791798.276232) can0 1CEBFFF1#0200000000000000
(1785791798.277209) can0 1CEBFFF1#03B9D91C47FFFFFF
(1785791798.304342) can0 18F015F1#00000028484B47B6
(1785791798.305569) can0 18FEF1F8#FF0000FFFFFFFFFF
(1785791798.306745) can0 18F005F8#7DFFFF7DFFFFFFFF
(1785791798.314154) can0 18F017F1#FFEA0C619DF7
(1785791798.314596) can0 18F018F1#F910056E9130
(1785791798.344086) can0 18ECFFD1#200E0002FF09FF00
(1785791798.344456) can0 18EBFFD1#0101000B00D330DF
(1785791798.345088) can0 18EBFFD1#0201000A00D568DE
(1785791798.374468) can0 1CECFFF1#20120003FF19F000
(1785791798.375259) can0 1CEBFFF1#0127100000000000
(1785791798.376293) can0 1CEBFFF1#0200000000000000
(1785791798.377233) can0 1CEBFFF1#03B9D91C47FFFFFF
(1785791798.403304) can0 18F015F1#00000029484C47B8
(1785791798.405534) can0 18FEF1F8#FF0000FFFFFFFFFF
(1785791798.407058) can0 18F005F8#7DFFFF7DFFFFFFFF
(1785791798.444124) can0 18ECFFD1#200E0002FF09FF00
(1785791798.444479) can0 18EBFFD1#0101000B00D330DF
(1785791798.445120) can0 18EBFFD1#0201000A00D568DE
(1785791798.474238) can0 1CECFFF1#20120003FF19F000
(1785791798.475209) can0 1CEBFFF1#0127100000000000
(1785791798.476224) can0 1CEBFFF1#0200000000000000
(1785791798.477197) can0 1CEBFFF1#03B9DA1D07FFFFFF
(1785791798.503269) can0 18F015F1#00000029484D47B7
(1785791798.505201) can0 18FEF1F8#FF0000FFFFFFFFFF
(1785791798.506348) can0 18F005F8#7DFFFF7DFFFFFFFF
(1785791798.543966) can0 18ECFFD1#200E0002FF09FF00
(1785791798.544483) can0 18EBFFD1#0101000B00D330DF
(1785791798.545057) can0 18EBFFD1#0201000A00D568DE
(1785791798.575245) can0 1CECFFF1#20120003FF19F000
(1785791798.576223) can0 1CEBFFF1#0127100000000000
(1785791798.577226) can0 1CEBFFF1#0200000000000000
(1785791798.578212) can0 1CEBFFF1#03B9DA1D07FFFFFF
(1785791798.604218) can0 18F015F1#00000029484E47B6
(1785791798.605411) can0 18FEF1F8#FF0000FFFFFFFFFF
(1785791798.606571) can0 18F005F8#7DFFFF7DFFFFFFFF
(1785791798.644042) can0 18ECFFD1#200E0002FF09FF00
(1785791798.644578) can0 18EBFFD1#0101000B00D330DF
(1785791798.645147) can0 18EBFFD1#0201000A00D568DE
(1785791798.646073) can0 18FF14D1#
(1785791798.675339) can0 1CECFFF1#20120003FF19F000
(1785791798.676247) can0 1CEBFFF1#0127100000000000
(1785791798.677261) can0 1CEBFFF1#0200000000000000
(1785791798.678245) can0 1CEBFFF1#03B9DA1D07FFFFFF
(1785791798.704568) can0 18F015F1#0000002A484E47B6
(1785791798.705963) can0 18FEF1F8#FF0000FFFFFFFFFF
(1785791798.707238) can0 18F005F8#7DFFFF7DFFFFFFFF
(1785791798.744043) can0 18ECFFD1#200E0002FF09FF00
(1785791798.744496) can0 18EBFFD1#0101000B00D330DF
(1785791798.745025) can0 18EBFFD1#0201000A00D568DE
(1785791798.775229) can0 1CECFFF1#20120003FF19F000
(1785791798.776220) can0 1CEBFFF1#0127100000000000
(1785791798.777227) can0 1CEBFFF1#0200000000000000
(1785791798.778209) can0 1CEBFFF1#03B9DC1F87FFFFFF
(1785791798.804527) can0 18F015F1#0000002B484F47B6
(1785791798.805950) can0 18FEF1F8#FF0000FFFFFFFFFF
(1785791798.807095) can0 18F005F8#7DFFFF7DFFFFFFFF
(1785791798.843952) can0 18ECFFD1#200E0002FF09FF00
(1785791798.844501) can0 18EBFFD1#0101000B00D330DF
(1785791798.845029) can0 18EBFFD1#0201000A00D568DE
(1785791798.875288) can0 1CECFFF1#20120003FF19F000
(1785791798.876228) can0 1CEBFFF1#0127100000000000
(1785791798.877229) can0 1CEBFFF1#0200000000000000
(1785791798.878201) can0 1CEBFFF1#03B9DDDF46FFFFFF
(1785791798.904551) can0 18F015F1#0000002C484F47B6
(1785791798.905760) can0 18FEF1F8#FF0000FFFFFFFFFF
(1785791798.906900) can0 18F005F8#7DFFFF7DFFFFFFFF
(1785791798.943942) can0 18ECFFD1#200E0002FF09FF00
(1785791798.944476) can0 18EBFFD1#0101000B00D304DE
(1785791798.945100) can0 18EBFFD1#0201000A00D568DE
(1785791798.975240) can0 1CECFFF1#20120003FF19F000
(1785791798.976223) can0 1CEBFFF1#0127100000000000
(1785791798.977232) can0 1CEBFFF1#0200000000000000
(1785791798.978207) can0 1CEBFFF1#03B9DEDE06FFFFFF
(1785791799.004288) can0 18F015F1#0000002D484F47B6
(1785791799.005528) can0 18FEF1F8#FF0000FFFFFFFFFF
(1785791799.006822) can0 18F005F8#7DFFFF7DFFFFFFFF
(1785791799.044082) can0 18ECFFD1#200E0002FF09FF00
(1785791799.044616) can0 18EBFFD1#0101000B00D304DE
(1785791799.045093) can0 18EBFFD1#0201000A00D568DE
(1785791799.075353) can0 1CECFFF1#20120003FF19F000
(1785791799.076233) can0 1CEBFFF1#0127100000000000
(1785791799.077320) can0 1CEBFFF1#0200000000000000
(1785791799.078324) can0 1CEBFFF1#03B9E00E87FFFFFF
(1785791799.104261) can0 18F015F1#0000002F484F47B5
(1785791799.105442) can0 18FEF1F8#FF0000FFFFFFFFFF
(1785791799.106604) can0 18F005F8#7DFFFF7DFFFFFFFF
(1785791799.144100) can0 18ECFFD1#200E0002FF09FF00
(1785791799.144623) can0 18EBFFD1#0101000B00D304DE
(1785791799.145196) can0 18EBFFD1#0201000A00D5F8DF
(1785791799.145956) can0 18FF14D1#
(1785791799.146422) can0 18FF16D1#01000B0064
(1785791799.175339) can0 1CECFFF1#20120003FF19F000
(1785791799.176225) can0 1CEBFFF1#0127100000000000
(1785791799.177224) can0 1CEBFFF1#0200000000000000
(1785791799.178346) can0 1CEBFFF1#03B9E2CF06FFFFFF
(1785791799.204335) can0 18F015F1#00000031485047B5
(1785791799.205545) can0 18FEF1F8#FF0000FFFFFFFFFF
(1785791799.206725) can0 18F005F8#7DFFFF7DFFFFFFFF
(1785791799.243951) can0 18ECFFD1#200E0002FF09FF00
(1785791799.244485) can0 18EBFFD1#0101000B00D304DE
(1785791799.245106) can0 18EBFFD1#0201000A00D5F8DF
(1785791799.275259) can0 1CECFFF1#20120003FF19F000
(1785791799.276228) can0 1CEBFFF1#0127100000000000
(1785791799.277241) can0 1CEBFFF1#0200000000000000
(1785791799.278204) can0 1CEBFFF1#03B9E4CD86FFFFFF
(1785791799.305204) can0 18F015F1#00000034485047B5
(1785791799.305780) can0 18FEF1F8#FF0000FFFFFFFFFF
(1785791799.306925) can0 18F005F8#7DFFFF7DFFFFFFFF
(1785791799.316151) can0 18F017F1#FFEA0C619DF7
(1785791799.316608) can0 18F018F1#F910056E9130
(1785791799.343934) can0 18ECFFD1#200E0002FF09FF00
(1785791799.344463) can0 18EBFFD1#0101000B00D304DE
(1785791799.345049) can0 18EBFFD1#0201000A00D5F8DF
(1785791799.376355) can0 1CECFFF1#20120003FF19F000
(1785791799.377263) can0 1CEBFFF1#0127100000000000
(1785791799.378247) can0 1CEBFFF1#0200000000000000
(1785791799.379228) can0 1CEBFFF1#03B9E7CCC6FFFFFF
(1785791799.405843) can0 18F015F1#00000037485147B5
(1785791799.406205) can0 18FEF1F8#FF0000FFFFFFFFFF
(1785791799.407980) can0 18F005F8#7DFFFF7DFFFFFFFF
(1785791799.443947) can0 18ECFFD1#200E0002FF09FF00
(1785791799.444448) can0 18EBFFD1#0101000B00D3A0DD
(1785791799.445065) can0 18EBFFD1#0201000A00D5F8DF
(1785791799.476254) can0 1CECFFF1#20120003FF19F000
(1785791799.477226) can0 1CEBFFF1#0127100000000000
(1785791799.478233) can0 1CEBFFF1#0200000000000000
(1785791799.479217) can0 1CEBFFF1#03B9EBC9C6FFFFFF
(1785791799.505252) can0 18F015F1#0000003B485047B4
(1785791799.505931) can0 18FEF1F8#FF0000FFFFFFFFFF
(1785791799.507160) can0 18F005F8#7DFFFF7DFFFFFFFF
(1785791799.544324) can0 18ECFFD1#200E0002FF09FF00
(1785791799.544825) can0 18EBFFD1#0101000B00D3A0DD
(1785791799.545492) can0 18EBFFD1#0201000A00D5F8DF
(1785791799.576288) can0 1CECFFF1#20120003FF19F000
(1785791799.577233) can0 1CEBFFF1#0127100000000000
(1785791799.578249) can0 1CEBFFF1#0200000000000000
(1785791799.579226) can0 1CEBFFF1#03B9EF0AC7FFFFFF
(1785791799.605231) can0 18F015F1#00000040485047B4
(1785791799.605785) can0 18FEF1F8#FF0000FFFFFFFFFF
(1785791799.606936) can0 18F005F8#7DFFFF7DFFFFFFFF
(1785791799.643970) can0 18ECFFD1#200E0002FF09FF00
(1785791799.644511) can0 18EBFFD1#0101000B00D3A0DD
(1785791799.645142) can0 18EBFFD1#0201000A00D5F8DF
(1785791799.645872) can0 18FF14D1#
(1785791799.676290) can0 1CECFFF1#20120003FF19F000
(1785791799.677240) can0 1CEBFFF1#0127100000000000
(1785791799.678249) can0 1CEBFFF1#0200000000000000
(1785791799.679224) can0 1CEBFFF1#03B9F40187FFFFFF
(1785791799.705232) can0 18F015F1#00000045484F47B5
(1785791799.705783) can0 18FEF1F8#FF0000FFFFFFFFFF
(1785791799.706951) can0 18F005F8#7DFFFF7DFFFFFFFF
(1785791799.744101) can0 18ECFFD1#200E0002FF09FF00
(1785791799.744635) can0 18EBFFD1#0101000B00D3A0DD
(1785791799.745948) can0 18EBFFD1#0201000A00D5F8DF
(1785791799.776263) can0 1CECFFF1#20120003FF19F000
(1785791799.777221) can0 1CEBFFF1#0127100000000000
(1785791799.778232) can0 1CEBFFF1#0200000000000000
(1785791799.779204) can0 1CEBFFF1#03B9F9C446FFFFFF
(1785791799.805329) can0 18FEF1F8#FF0000FFFFFFFFFF
(1785791799.806222) can0 18F015F1#0000004A484F47B5
(1785791799.806754) can0 18F005F8#7DFFFF7DFFFFFFFF
(1785791799.843920) can0 18ECFFD1#200E0002FF09FF00
(1785791799.844423) can0 18EBFFD1#0101000B00D3A0DD
(1785791799.844993) can0 18EBFFD1#0201000A00D5F8DF
(1785791799.876304) can0 1CECFFF1#20120003FF19F000
(1785791799.877233) can0 1CEBFFF1#0127100000000000
(1785791799.878239) can0 1CEBFFF1#0200000000000000
(1785791799.879216) can0 1CEBFFF1#03BA007686FFFFFF
(1785791799.905219) can0 18F015F1#00000051484F47B4
(1785791799.905785) can0 18FEF1F8#FF0000FFFFFFFFFF
(1785791799.906919) can0 18F005F8#7DFFFF7DFFFFFFFF
(1785791799.943904) can0 18ECFFD1#200E0002FF09FF00
(1785791799.944423) can0 18EBFFD1#0101000B00D3D8DC
(1785791799.945002) can0 18EBFFD1#0201000A00D5F8DF
(1785791799.976257) can0 1CECFFF1#20120003FF19F000
(1785791799.977227) can0 1CEBFFF1#0127100000000000
(1785791799.978248) can0 1CEBFFF1#0200000000000000
(1785791799.979219) can0 1CEBFFF1#03BA07B4C7FFFFFF
(1785791800.005416) can0 18F015F1#00000059484F47B4
(1785791800.005868) can0 18FEF1F8#FF0000FFFFFFFFFF
(1785791800.007905) can0 18F005F8#7DFFFF7DFFFFFFFF
(1785791800.044058) can0 18ECFFD1#200E0002FF09FF00
(1785791800.044453) can0 18EBFFD1#0101000B00D3D8DC
(1785791800.045017) can0 18EBFFD1#0201000A00D5F8DF
(1785791800.076511) can0 1CECFFF1#20120003FF19F000
(1785791800.077265) can0 1CEBFFF1#0127100000000000
(1785791800.078321) can0 1CEBFFF1#0200000000000000
(1785791800.079234) can0 1CEBFFF1#03BA0F72C6FFFFFF
(1785791800.105366) can0 18F015F1#00000060484C47B4
(1785791800.105896) can0 18FEF1F8#FF0000FFFFFFFFFF
(1785791800.107117) can0 18F005F8#7DFFFF7DFFFFFFFF
(1785791800.143965) can0 18ECFFD1#200E0002FF09FF00
(1785791800.144490) can0 18EBFFD1#0101000B00D3D8DC
(1785791800.145062) can0 18EBFFD1#0201000A00D5F8DF
(1785791800.145703) can0 18FF14D1#
(1785791800.177369) can0 1CECFFF1#20120003FF19F000
(1785791800.178229) can0 1CEBFFF1#0127100000000000
(1785791800.179228) can0 1CEBFFF1#0200000000000000
(1785791800.180202) can0 1CEBFFF1#03BA187C86FFFFFF
(1785791800.205241) can0 18FEF1F8#FF0000FFFFFFFFFF
(1785791800.206236) can0 18F015F1#0000006A484C47B2
(1785791800.206805) can0 18F005F8#7DFFFF7DFFFFFFFF
(1785791800.243888) can0 18ECFFD1#200E0002FF09FF00
(1785791800.244416) can0 18EBFFD1#0101000B00D3D8DC
(1785791800.244990) can0 18EBFFD1#0201000A00D5F8DF
(1785791800.277255) can0 1CECFFF1#20120003FF19F000
(1785791800.278232) can0 1CEBFFF1#0127100000000000
(1785791800.279256) can0 1CEBFFF1#0200000000000000
(1785791800.280219) can0 1CEBFFF1#03BA216E46FFFFFF
(1785791800.305325) can0 18FEF1F8#FF0000FFFFFFFFFF
(1785791800.306215) can0 18F015F1#00000072484B47B2
(1785791800.306762) can0 18F005F8#7DFFFF7DFFFFFFFF
(1785791800.317170) can0 18F017F1#053A0B1D9E5B
(1785791800.317612) can0 18F018F1#FAE0082C90A6
(1785791800.343897) can0 18ECFFD1#200E0002FF09FF00
(1785791800.344404) can0 18EBFFD1#0101000B00D3D8DC
(1785791800.344985) can0 18EBFFD1#0201000A00D5F8DF
(1785791800.377323) can0 1CECFFF1#20120003FF19F000
(1785791800.378250) can0 1CEBFFF1#0127100000000000
(1785791800.379257) can0 1CEBFFF1#0200000000000000
(1785791800.380220) can0 1CEBFFF1#03BA286886FFFFFF
(1785791800.405595) can0 18FEF1F8#FF0000FFFFFFFFFF
(1785791800.406445) can0 18F015F1#0000007A484947B0
(1785791800.406962) can0 18F005F8#7DFFFF7DFFFFFFFF
(1785791800.444154) can0 18ECFFD1#200E0002FF09FF00
(1785791800.444877) can0 18EBFFD1#0101000B00D3D8DC
(1785791800.446660) can0 18EBFFD1#0201000A00D5F8DF
(1785791800.477269) can0 1CECFFF1#20120003FF19F000
(1785791800.478223) can0 1CEBFFF1#0127100000000000
(1785791800.479235) can0 1CEBFFF1#0200000000000000
(1785791800.480203) can0 1CEBFFF1#03BA356146FFFFFF
(1785791800.505353) can0 18FEF1F8#FF0000FFFFFFFFFF
(1785791800.506220) can0 18F015F1#00000088484847B1
(1785791800.506762) can0 18F005F8#7DFFFF7DFFFFFFFF
(1785791800.543967) can0 18ECFFD1#200E0002FF09FF00
(1785791800.544422) can0 18EBFFD1#0101000B00D3D8DC
(1785791800.545037) can0 18EBFFD1#0201000A00D5F8DF
(1785791800.577317) can0 1CECFFF1#20120003FF19F000
(1785791800.578230) can0 1CEBFFF1#0127100000000000
(1785791800.579241) can0 1CEBFFF1#0200000000000000
(1785791800.580209) can0 1CEBFFF1#03BA424706FFFFFF
(1785791800.605251) can0 18FEF1F8#FF0000FFFFFFFFFF
(1785791800.606213) can0 18F015F1#00000094484847AF
(1785791800.606751) can0 18F005F8#7DFFFF7DFFFFFFFF
(1785791800.644007) can0 18ECFFD1#200E0002FF09FF00
(1785791800.644511) can0 18EBFFD1#0101000B00D3D8DC
(1785791800.645098) can0 18EBFFD1#0201000A00D588E1
(1785791800.645913) can0 18FF14D1#
(1785791800.677240) can0 1CECFFF1#20120003FF19F000
(1785791800.678232) can0 1CEBFFF1#0127100000000000
(1785791800.679249) can0 1CEBFFF1#0200000000000000
(1785791800.680227) can0 1CEBFFF1#03BA4D4346FFFFFF
(1785791800.705361) can0 18FEF1F8#FF0000FFFFFFFFFF
(1785791800.706217) can0 18F015F1#000000A0484947B2
(1785791800.706782) can0 18F005F8#7DFFFF7DFFFFFFFF
(1785791800.744264) can0 18ECFFD1#200E0002FF09FF00
(1785791800.744959) can0 18EBFFD1#0201000A00D588E1
(1785791800.745154) can0 18EBFFD1#0101000B00D3D8DC
(1785791800.777264) can0 1CECFFF1#20120003FF19F000
(1785791800.778224) can0 1CEBFFF1#0127100000000000
(1785791800.779233) can0 1CEBFFF1#0200000000000000
(1785791800.780204) can0 1CEBFFF1#03BA5B8DC7FFFFFF
(1785791800.805313) can0 18FEF1F8#FF0000FFFFFFFFFF
(1785791800.806539) can0 18F005F8#7DFFFF7DFFFFFFFF
(1785791800.807224) can0 18F015F1#000000AF484C47B2
(1785791800.843907) can0 18ECFFD1#200E0002FF09FF00
(1785791800.844411) can0 18EBFFD1#0101000B00D3D8DC
(1785791800.844992) can0 18EBFFD1#0201000A00D588E1
(1785791800.878290) can0 1CECFFF1#20120003FF19F000
(1785791800.879227) can0 1CEBFFF1#0127100000000000
(1785791800.880235) can0 1CEBFFF1#0200000000000000
(1785791800.881215) can0 1CEBFFF1#03BA6B99C7FFFFFF
(1785791800.905253) can0 18FEF1F8#FF0000FFFFFFFFFF
(1785791800.906474) can0 18F005F8#7DFFFF7DFFFFFFFF
(1785791800.907219) can0 18F015F1#000000BE485047B0
(1785791800.943892) can0 18ECFFD1#200E0002FF09FF00
(1785791800.944410) can0 18EBFFD1#0101000B00D304DE
(1785791800.944993) can0 18EBFFD1#0201000A00D588E1
(1785791800.978270) can0 1CECFFF1#20120003FF19F000
(1785791800.979237) can0 1CEBFFF1#0127100000000000
(1785791800.980248) can0 1CEBFFF1#0200000000000000
(1785791800.981227) can0 1CEBFFF1#03BA799447FFFFFF
(1785791801.005178) can0 18FEF1F8#FF0000FFFFFFFFFF
(1785791801.006369) can0 18F005F8#7DFFFF7DFFFFFFFF
(1785791801.007229) can0 18F015F1#000000CD485447AC
(1785791801.043928) can0 18ECFFD1#200E0002FF09FF00
(1785791801.044371) can0 18EBFFD1#0101000B00D304DE
(1785791801.044987) can0 18EBFFD1#0201000A00D588E1
(1785791801.078509) can0 1CECFFF1#20120003FF19F000
(1785791801.079236) can0 1CEBFFF1#0127100000000000
(1785791801.080256) can0 1CEBFFF1#0200000000000000
(1785791801.081270) can0 1CEBFFF1#03BA89D047FFFFFF
(1785791801.105625) can0 18FEF1F8#FF0000FFFFFFFFFF
(1785791801.107027) can0 18F005F8#7DFFFF7DFFFFFFFF
(1785791801.107546) can0 18F015F1#000000DD485447AB
(1785791801.144384) can0 18ECFFD1#200E0002FF09FF00
(1785791801.144903) can0 18EBFFD1#0101000B00D304DE
(1785791801.145477) can0 18EBFFD1#0201000A00D556E1
(1785791801.146163) can0 18FF14D1#
(1785791801.146645) can0 18FF16D1#01000B0064
(1785791801.178543) can0 1CECFFF1#20120003FF19F000
(1785791801.179300) can0 1CEBFFF1#0127100000000000
(1785791801.180290) can0 1CEBFFF1#0200000000000000
(1785791801.181211) can0 1CEBFFF1#03BA9BDDC7FFFFFF
(1785791801.205346) can0 18FEF1F8#FF0000FFFFFFFFFF
(1785791801.207323) can0 18F015F1#000000EF485547AC
(1785791801.207799) can0 18F005F8#7DFFFF7DFFFFFFFF
(1785791801.243848) can0 18ECFFD1#200E0002FF09FF00
(1785791801.244420) can0 18EBFFD1#0101000B00D304DE
(1785791801.244962) can0 18EBFFD1#0201000A00D556E1
(1785791801.278258) can0 1CECFFF1#20120003FF19F000
(1785791801.279228) can0 1CEBFFF1#0127100000000000
(1785791801.280242) can0 1CEBFFF1#0200000000000000
(1785791801.281207) can0 1CEBFFF1#03BAA90846FFFFFF
(1785791801.305224) can0 18FEF1F8#FF0000FFFFFFFFFF
(1785791801.306402) can0 18F005F8#7DFFFF7DFFFFFFFF
(1785791801.308218) can0 18F015F1#000000FC485747AD
(1785791801.318154) can0 18F017F1#053A0B1D9E5B
(1785791801.318612) can0 18F018F1#FAE0082C90A6
(1785791801.343853) can0 18ECFFD1#200E0002FF09FF00
(1785791801.344390) can0 18EBFFD1#0101000B00D304DE
(1785791801.344960) can0 18EBFFD1#0201000A00D556E1
(1785791801.378371) can0 1CECFFF1#20120003FF19F000
(1785791801.379251) can0 1CEBFFF1#0127100000000000
(1785791801.380258) can0 1CEBFFF1#0200000000000000
(1785791801.381236) can0 1CEBFFF1#03BAB5C147FFFFFF
(1785791801.405512) can0 18FEF1F8#FF0000FFFFFFFFFF
(1785791801.406797) can0 18F005F8#7DFFFF7DFFFFFFFF
(1785791801.407358) can0 18F015F1#00000107485847B0
(1785791801.443850) can0 18ECFFD1#200E0002FF09FF00
(1785791801.444376) can0 18EBFFD1#0101000B00D3F8DF
(1785791801.444955) can0 18EBFFD1#0201000A00D556E1
(1785791801.478260) can0 1CECFFF1#20120003FF19F000
(1785791801.479237) can0 1CEBFFF1#0127100000000000
(1785791801.480247) can0 1CEBFFF1#0200000000000000
(1785791801.481238) can0 1CEBFFF1#03BABE0606FFFFFF
(1785791801.509686) can0 18F015F1#0000010F485847AF
(1785791801.510540) can0 18FEF1F8#FF0000FFFFFFFFFF
(1785791801.512558) can0 18F005F8#7DFFFF7DFFFFFFFF
(1785791801.543872) can0 18ECFFD1#200E0002FF09FF00
(1785791801.544378) can0 18EBFFD1#0101000B00D3F8DF
(1785791801.544952) can0 18EBFFD1#0201000A00D556E1
(1785791801.578280) can0 1CECFFF1#20120003FF19F000
(1785791801.579242) can0 1CEBFFF1#0127100000000000
(1785791801.580253) can0 1CEBFFF1#0200000000000000
(1785791801.581224) can0 1CEBFFF1#03BAC4E587FFFFFF
(1785791801.605220) can0 18FEF1F8#FF0000FFFFFFFFFF
(1785791801.606379) can0 18F005F8#7DFFFF7DFFFFFFFF
(1785791801.607227) can0 18F015F1#00000114485A47B0
(1785791801.643938) can0 18ECFFD1#200E0002FF09FF00
(1785791801.644482) can0 18EBFFD1#0101000B00D3F8DF
(1785791801.645077) can0 18EBFFD1#0201000A00D503E1
(1785791801.646236) can0 18FF14D1#
(1785791801.679259) can0 1CECFFF1#20120003FF19F000
(1785791801.680245) can0 1CEBFFF1#0127100000000000
(1785791801.681260) can0 1CEBFFF1#0200000000000000
(1785791801.682233) can0 1CEBFFF1#03BAC62406FFFFFF
(1785791801.705386) can0 18FEF1F8#FF0000FFFFFFFFFF
(1785791801.706617) can0 18F005F8#7DFFFF7DFFFFFFFF
(1785791801.708278) can0 18F015F1#00000116485C47AF
(1785791801.743979) can0 18ECFFD1#200E0002FF09FF00
(1785791801.744529) can0 18EBFFD1#0101000B00D3F8DF
(1785791801.745132) can0 18EBFFD1#0201000A00D503E1
(1785791801.779380) can0 1CECFFF1#20120003FF19F000
(1785791801.780274) can0 1CEBFFF1#0127100000000000
(1785791801.781255) can0 1CEBFFF1#0200000000000000
(1785791801.782222) can0 1CEBFFF1#03BAC62406FFFFFF
(1785791801.805453) can0 18FEF1F8#FF0000FFFFFFFFFF
(1785791801.806820) can0 18F005F8#7DFFFF7DFFFFFFFF
(1785791801.808230) can0 18F015F1#00000114485E47B0
(1785791801.843913) can0 18ECFFD1#200E0002FF09FF00
(1785791801.844391) can0 18EBFFD1#0101000B00D3F8DF
(1785791801.844982) can0 18EBFFD1#0201000A00D503E1
(1785791801.879294) can0 1CECFFF1#20120003FF19F000
(1785791801.880237) can0 1CEBFFF1#0127100000000000
(1785791801.881245) can0 1CEBFFF1#0200000000000000
(1785791801.882219) can0 1CEBFFF1#03BAC02686FFFFFF
(1785791801.905239) can0 18FEF1F8#FF0000FFFFFFFFFF
(1785791801.906425) can0 18F005F8#7DFFFF7DFFFFFFFF
(1785791801.908218) can0 18F015F1#0000010C486047AF
(1785791801.944208) can0 18ECFFD1#200E0002FF09FF00
(1785791801.944742) can0 18EBFFD1#0101000B00D39ADE
(1785791801.945343) can0 18EBFFD1#0201000A00D503E1
(1785791801.979310) can0 1CECFFF1#20120003FF19F000
(1785791801.980255) can0 1CEBFFF1#0127100000000000
(1785791801.981263) can0 1CEBFFF1#0200000000000000
(1785791801.982245) can0 1CEBFFF1#03BAB5C147FFFFFF
(1785791802.005357) can0 18FEF1F8#FF0000FFFFFFFFFF
(1785791802.006514) can0 18F005F8#7DFFFF7DFFFFFFFF
(1785791802.008267) can0 18F015F1#00000101486B47B0
(1785791802.044012) can0 18ECFFD1#200E0002FF09FF00
(1785791802.044440) can0 18EBFFD1#0101000B00D39ADE
(1785791802.045017) can0 18EBFFD1#0201000A00D503E1
(1785791802.079479) can0 1CECFFF1#20120003FF19F000
(1785791802.080299) can0 1CEBFFF1#0127100000000000
(1785791802.081389) can0 1CEBFFF1#0200000000000000
(1785791802.082288) can0 1CEBFFF1#03BAABC9C7FFFFFF
(1785791802.105621) can0 18FEF1F8#FF0000FFFFFFFFFF
(1785791802.106980) can0 18F005F8#7DFFFF7DFFFFFFFF
(1785791802.108383) can0 18F015F1#000000F7487747AD
(1785791802.143947) can0 18ECFFD1#200E0002FF09FF00
(1785791802.144452) can0 18EBFFD1#0101000B00D39ADE
(1785791802.145044) can0 18EBFFD1#0201000A00D503E1
(1785791802.145847) can0 18FF14D1#
(1785791802.179468) can0 1CECFFF1#20120003FF19F000
(1785791802.180306) can0 1CEBFFF1#0127100000000000
(1785791802.181313) can0 1CEBFFF1#0200000000000000
(1785791802.182271) can0 1CEBFFF1#03BA9F1EC6FFFFFF
(1785791802.205220) can0 18FEF1F8#FF0000FFFFFFFFFF
(1785791802.206437) can0 18F005F8#7DFFFF7DFFFFFFFF
(1785791802.208238) can0 18F015F1#000000E948A147AD
(1785791802.243849) can0 18ECFFD1#200E0002FF09FF00
(1785791802.244386) can0 18EBFFD1#0101000B00D39ADE
(1785791802.244994) can0 18EBFFD1#0201000A00D503E1
(1785791802.279289) can0 1CECFFF1#20120003FF19F000
(1785791802.280250) can0 1CEBFFF1#0127100000000000
(1785791802.281264) can0 1CEBFFF1#0200000000000000
(1785791802.282242) can0 1CEBFFF1#03BA8E1206FFFFFF
(1785791802.305193) can0 18FEF1F8#FF0000FFFFFFFFFF
(1785791802.306411) can0 18F005F8#7DFFFF7DFFFFFFFF
(1785791802.309354) can0 18F015F1#000000D848AE47A9
(1785791802.320167) can0 18F017F1#06470CBB9FD9
(1785791802.320637) can0 18F018F1#F12905068FB0
(1785791802.343853) can0 18ECFFD1#200E0002FF09FF00
(1785791802.344391) can0 18EBFFD1#0101000B00D39ADE
(1785791802.344981) can0 18EBFFD1#0201000A00D503E1
(1785791802.380433) can0 1CECFFF1#20120003FF19F000
(1785791802.381274) can0 1CEBFFF1#0127100000000000
(1785791802.382276) can0 1CEBFFF1#0200000000000000
(1785791802.383256) can0 1CEBFFF1#03BA7E5606FFFFFF
(1785791802.406077) can0 18FEF1F8#FF0000FFFFFFFFFF
(1785791802.407300) can0 18F005F8#7DFFFF7DFFFFFFFF
(1785791802.409290) can0 18F015F1#000000C948CA47A5
(1785791802.443864) can0 18ECFFD1#200E0002FF09FF00
(1785791802.444375) can0 18EBFFD1#0101000B00D39ADE
(1785791802.444970) can0 18EBFFD1#0201000A00D503E1
(1785791802.480253) can0 1CECFFF1#20120003FF19F000
(1785791802.481236) can0 1CEBFFF1#0127100000000000
(1785791802.482245) can0 1CEBFFF1#0200000000000000
(1785791802.483248) can0 1CEBFFF1#03BA6E9A07FFFFFF
(1785791802.505755) can0 18FEF1F8#FF0000FFFFFFFFFF
(1785791802.507234) can0 18F005F8#7DFFFF7DFFFFFFFF
(1785791802.509290) can0 18F015F1#000000B848D0479B
(1785791802.543883) can0 18ECFFD1#200E0002FF09FF00
(1785791802.544398) can0 18EBFFD1#0101000B00D39ADE
(1785791802.545004) can0 18EBFFD1#0201000A00D503E1
(1785791802.580306) can0 1CECFFF1#20120003FF19F000
(1785791802.581255) can0 1CEBFFF1#0127100000000000
(1785791802.582265) can0 1CEBFFF1#0200000000000000
(1785791802.583250) can0 1CEBFFF1#03BA5D8F47FFFFFF
(1785791802.605226) can0 18FEF1F8#FF0000FFFFFFFFFF
(1785791802.606416) can0 18F005F8#7DFFFF7DFFFFFFFF
(1785791802.609233) can0 18F015F1#000000A648ED4794
(1785791802.643954) can0 18ECFFD1#200E0002FF09FF00
(1785791802.644456) can0 18EBFFD1#0101000B00D39ADE
(1785791802.645042) can0 18EBFFD1#0201000A00D588E1
(1785791802.645865) can0 18FF14D1#
(1785791802.680313) can0 1CECFFF1#20120003FF19F000
(1785791802.681256) can0 1CEBFFF1#0127100000000000
(1785791802.682272) can0 1CEBFFF1#0200000000000000
(1785791802.683244) can0 1CEBFFF1#03BA498047FFFFFF
(1785791802.705496) can0 18FEF1F8#FF0000FFFFFFFFFF
(1785791802.706859) can0 18F005F8#7DFFFF7DFFFFFFFF
(1785791802.709316) can0 18F015F1#0000009348F44794
(1785791802.744349) can0 18ECFFD1#200E0002FF09FF00
(1785791802.744885) can0 18EBFFD1#0101000B00D39ADE
(1785791802.745497) can0 18EBFFD1#0201000A00D588E1
(1785791802.780386) can0 1CECFFF1#20120003FF19F000
(1785791802.781262) can0 1CEBFFF1#0127100000000000
(1785791802.782261) can0 1CEBFFF1#0200000000000000
(1785791802.783240) can0 1CEBFFF1#03BA3BA5C7FFFFFF
(1785791802.805492) can0 18FEF1F8#FF0000FFFFFFFFFF
(1785791802.806928) can0 18F005F8#7DFFFF7DFFFFFFFF
(1785791802.811129) can0 18F015F1#0000008648E24791
(1785791802.844178) can0 18ECFFD1#200E0002FF09FF00
(1785791802.844642) can0 18EBFFD1#0101000B00D39ADE
(1785791802.844929) can0 18EBFFD1#0201000A00D588E1
(1785791802.880378) can0 1CECFFF1#20120003FF19F000
(1785791802.881363) can0 1CEBFFF1#0127100000000000
(1785791802.882265) can0 1CEBFFF1#0200000000000000
(1785791802.883248) can0 1CEBFFF1#03BA2FAAC7FFFFFF
(1785791802.905363) can0 18FEF1F8#FF0000FFFFFFFFFF
(1785791802.906667) can0 18F005F8#7DFFFF7DFFFFFFFF
(1785791802.909301) can0 18F015F1#0000007A48E84794
(1785791802.943930) can0 18ECFFD1#200E0002FF09FF00
(1785791802.944384) can0 18EBFFD1#0101000B00D39ADE
(1785791802.944964) can0 18EBFFD1#0201000A00D588E1
(1785791802.980318) can0 1CECFFF1#20120003FF19F000
(1785791802.981299) can0 1CEBFFF1#0127100000000000
(1785791802.982282) can0 1CEBFFF1#0200000000000000
(1785791802.983260) can0 1CEBFFF1#03BA1FBEC7FFFFFF
(1785791803.005394) can0 18FEF1F8#FF0000FFFFFFFFFF
(1785791803.006671) can0 18F005F8#7DFFFF7DFFFFFFFF
(1785791803.009239) can0 18F015F1#0000006A48F84795
(1785791803.043952) can0 18ECFFD1#200E0002FF09FF00
(1785791803.044439) can0 18EBFFD1#0101000B00D39ADE
(1785791803.044929) can0 18EBFFD1#0201000A00D588E1
(1785791803.080509) can0 1CECFFF1#20120003FF19F000
(1785791803.081290) can0 1CEBFFF1#0127100000000000
(1785791803.082324) can0 1CEBFFF1#0200000000000000
(1785791803.083289) can0 1CEBFFF1#03BA10BA87FFFFFF
(1785791803.105831) can0 18FEF1F8#FF0000FFFFFFFFFF
(1785791803.107263) can0 18F005F8#7DFFFF7DFFFFFFFF
(1785791803.109248) can0 18F015F1#0000005C48FB4793
(1785791803.144436) can0 18ECFFD1#200E0002FF09FF00
(1785791803.144937) can0 18EBFFD1#0101000B00D39ADE
(1785791803.145530) can0 18EBFFD1#0201000A00D5C0E0
(1785791803.146191) can0 18FF14D1#
(1785791803.146676) can0 18FF16D1#01000A0064
(1785791803.181518) can0 1CECFFF1#20120003FF19F000
(1785791803.182395) can0 1CEBFFF1#0127100000000000
(1785791803.183358) can0 1CEBFFF1#0200000000000000
(1785791803.184335) can0 1CEBFFF1#03BA057546FFFFFF
(1785791803.205224) can0 18FEF1F8#FF0000FFFFFFFFFF
(1785791803.206679) can0 18F005F8#7DFFFF7DFFFFFFFF
(1785791803.210222) can0 18F015F1#00000050490D4792
(1785791803.243814) can0 18ECFFD1#200E0002FF09FF00
(1785791803.244337) can0 18EBFFD1#0101000B00D39ADE
(1785791803.244927) can0 18EBFFD1#0201000A00D5C0E0
(1785791803.281300) can0 1CECFFF1#20120003FF19F000
(1785791803.282252) can0 1CEBFFF1#0127100000000000
(1785791803.283261) can0 1CEBFFF1#0200000000000000
(1785791803.284240) can0 1CEBFFF1#03B9F9C446FFFFFF
(1785791803.305235) can0 18FEF1F8#FF0000FFFFFFFFFF
(1785791803.306435) can0 18F005F8#7DFFFF7DFFFFFFFF
(1785791803.310247) can0 18F015F1#0000004449114797
(1785791803.321164) can0 18F017F1#06470CBB9FD9
(1785791803.321785) can0 18F018F1#F12905068FB0
(1785791803.343799) can0 18ECFFD1#200E0002FF09FF00
(1785791803.344333) can0 18EBFFD1#0101000B00D39ADE
(1785791803.344932) can0 18EBFFD1#0201000A00D5C0E0
(1785791803.381490) can0 1CECFFF1#20120003FF19F000
(1785791803.382269) can0 1CEBFFF1#0127100000000000
(1785791803.383285) can0 1CEBFFF1#0200000000000000
(1785791803.384237) can0 1CEBFFF1#03B9EDCB46FFFFFF
(1785791803.406040) can0 18FEF1F8#FF0000FFFFFFFFFF
(1785791803.407267) can0 18F005F8#7DFFFF7DFFFFFFFF
(1785791803.410344) can0 18F015F1#000000384920479B
(1785791803.443918) can0 18ECFFD1#200E0002FF09FF00
(1785791803.444472) can0 18EBFFD1#0101000B00D3A0DD
(1785791803.445066) can0 18EBFFD1#0201000A00D5C0E0
(1785791803.481295) can0 1CECFFF1#20120003FF19F000
(1785791803.482259) can0 1CEBFFF1#0127100000000000
(1785791803.483272) can0 1CEBFFF1#0200000000000000
(1785791803.484250) can0 1CEBFFF1#03B9E2CF06FFFFFF
(1785791803.505450) can0 18FEF1F8#FF0000FFFFFFFFFF
(1785791803.506841) can0 18F005F8#7DFFFF7DFFFFFFFF
(1785791803.510277) can0 18F015F1#0000002E4921479C
(1785791803.543829) can0 18ECFFD1#200E0002FF09FF00
(1785791803.544351) can0 18EBFFD1#0101000B00D3A0DD
(1785791803.544908) can0 18EBFFD1#0201000A00D5C0E0
(1785791803.581315) can0 1CECFFF1#20120003FF19F000
(1785791803.582263) can0 1CEBFFF1#0127100000000000
(1785791803.583271) can0 1CEBFFF1#0200000000000000
(1785791803.584239) can0 1CEBFFF1#03B9D8DC86FFFFFF
(1785791803.605202) can0 18FEF1F8#FF0000FFFFFFFFFF
(1785791803.606370) can0 18F005F8#7DFFFF7DFFFFFFFF
(1785791803.610252) can0 18F015F1#000000244929479E
(1785791803.643849) can0 18ECFFD1#200E0002FF09FF00
(1785791803.644395) can0 18EBFFD1#0101000B00D3A0DD
(1785791803.644990) can0 18EBFFD1#0201000A00D5C0E0
(1785791803.645593) can0 18FF14D1#
(1785791803.681288) can0 1CECFFF1#20120003FF19F000
(1785791803.682264) can0 1CEBFFF1#0127100000000000
(1785791803.683273) can0 1CEBFFF1#0200000000000000
(1785791803.684248) can0 1CEBFFF1#03B9CE1207FFFFFF
(1785791803.705224) can0 18FEF1F8#FF0000FFFFFFFFFF
(1785791803.706438) can0 18F005F8#7DFFFF7DFFFFFFFF
(1785791803.710242) can0 18F015F1#00000019492B479F
(1785791803.743887) can0 18ECFFD1#200E0002FF09FF00
(1785791803.744341) can0 18EBFFD1#0101000B00D3A0DD
(1785791803.744957) can0 18EBFFD1#0201000A00D5C0E0
(1785791803.782419) can0 1CECFFF1#20120003FF19F000
(1785791803.783257) can0 1CEBFFF1#0127100000000000
(1785791803.784257) can0 1CEBFFF1#0200000000000000
(1785791803.785230) can0 1CEBFFF1#03B9C3D7C6FFFFFF
(1785791803.805643) can0 18FEF1F8#FF0000FFFFFFFFFF
(1785791803.806949) can0 18F005F8#7DFFFF7DFFFFFFFF
(1785791803.811303) can0 18F015F1#0000000F4930479F
(1785791803.844239) can0 18ECFFD1#200E0002FF09FF00
(1785791803.844945) can0 18EBFFD1#0101000B00D3A0DD
(1785791803.845512) can0 18EBFFD1#0201000A00D5C0E0
(1785791803.882321) can0 1CECFFF1#20120003FF19F000
(1785791803.883278) can0 1CEBFFF1#0127100000000000
(1785791803.884285) can0 1CEBFFF1#0200000000000000
(1785791803.885265) can0 1CEBFFF1#03B9BA3507FFFFFF
(1785791803.905262) can0 18FEF1F8#FF0000FFFFFFFFFF
(1785791803.906416) can0 18F005F8#7DFFFF7DFFFFFFFF
(1785791803.911259) can0 18F015F1#000000064931479F
(1785791803.943783) can0 18ECFFD1#200E0002FF09FF00
(1785791803.944305) can0 18EBFFD1#0101000B00D3A0DD
(1785791803.944888) can0 18EBFFD1#0201000A00D5C0E0
(1785791803.982292) can0 1CECFFF1#20120003FF19F000
(1785791803.983265) can0 1CEBFFF1#0127100000000000
(1785791803.984274) can0 1CEBFFF1#0200000000000000
(1785791803.985244) can0 1CEBFFF1#03B9B1F246FFFFFF
(1785791804.005449) can0 18FEF1F8#FF0000FFFFFFFFFF
(1785791804.006649) can0 18F005F8#7DFFFF7DFFFFFFFF
(1785791804.011343) can0 18F015F1#00008C9E493047A0
(1785791804.043904) can0 18ECFFD1#200E0002FF09FF00
(1785791804.044314) can0 18EBFFD1#0101000B00D3A0DD
(1785791804.044867) can0 18EBFFD1#0201000A00D5C0E0
(1785791804.082390) can0 1CECFFF1#20120003FF19F000
(1785791804.083278) can0 1CEBFFF1#0127100000000000
(1785791804.084302) can0 1CEBFFF1#0200000000000000
(1785791804.085295) can0 1CEBFFF1#03464840C7FFFFFF
(1785791804.106276) can0 18FEF1F8#FF0000FFFFFFFFFF
(1785791804.107906) can0 18F005F8#7DFFFF7DFFFFFFFF
(1785791804.111314) can0 18F015F1#00008C954931479F
(1785791804.143863) can0 18ECFFD1#200E0002FF09FF00
(1785791804.144546) can0 18EBFFD1#0101000B00D3A0DD
(1785791804.145114) can0 18EBFFD1#0201000A00D550E2
(1785791804.146100) can0 18FF14D1#
(1785791804.183789) can0 1CECFFF1#20120003FF19F000
(1785791804.184976) can0 1CEBFFF1#0200000000000000
(1785791804.186202) can0 1CEBFFF1#0127100000000000
(1785791804.186614) can0 1CEBFFF1#03464086C6FFFFFF
(1785791804.205488) can0 18FEF1F8#FF0000FFFFFFFFFF
(1785791804.206844) can0 18F005F8#7DFFFF7DFFFFFFFF
(1785791804.211241) can0 18F015F1#00008C8E4931479D
(1785791804.244106) can0 18ECFFD1#200E0002FF09FF00
(1785791804.244631) can0 18EBFFD1#0101000B00D3A0DD
(1785791804.245213) can0 18EBFFD1#0201000A00D550E2
(1785791804.282300) can0 1CECFFF1#20120003FF19F000
(1785791804.283264) can0 1CEBFFF1#0127100000000000
(1785791804.284269) can0 1CEBFFF1#0200000000000000
(1785791804.285242) can0 1CEBFFF1#03463A6547FFFFFF
(1785791804.305196) can0 18FEF1F8#FF0000FFFFFFFFFF
(1785791804.306375) can0 18F005F8#7DFFFF7DFFFFFFFF
(1785791804.312243) can0 18F015F1#00008C884932479C
(1785791804.322163) can0 18F017F1#F1E10C649B3B
(1785791804.322627) can0 18F018F1#E90905AB9077
(1785791804.343757) can0 18ECFFD1#200E0002FF09FF00
(1785791804.344308) can0 18EBFFD1#0101000B00D3A0DD
(1785791804.344883) can0 18EBFFD1#0201000A00D550E2
(1785791804.382430) can0 1CECFFF1#20120003FF19F000
(1785791804.383281) can0 1CEBFFF1#0127100000000000
(1785791804.384289) can0 1CEBFFF1#0200000000000000
(1785791804.385265) can0 1CEBFFF1#034632A346FFFFFF
(1785791804.405988) can0 18FEF1F8#FF0000FFFFFFFFFF
(1785791804.407234) can0 18F005F8#7DFFFF7DFFFFFFFF
(1785791804.411349) can0 18F015F1#00008C8049364799
(1785791804.443897) can0 18ECFFD1#200E0002FF09FF00
(1785791804.444361) can0 18EBFFD1#0101000B00D394DF
(1785791804.444907) can0 18EBFFD1#0201000A00D550E2
(1785791804.482276) can0 1CECFFF1#20120003FF19F000
(1785791804.483252) can0 1CEBFFF1#0127100000000000
(1785791804.484264) can0 1CEBFFF1#0200000000000000
(1785791804.485237) can0 1CEBFFF1#03462B6987FFFFFF
(1785791804.505155) can0 18FEF1F8#FF0000FFFFFFFFFF
(1785791804.506269) can0 18F005F8#7DFFFF7DFFFFFFFF
(1785791804.511218) can0 18F015F1#00008C7A49374799
(1785791804.543816) can0 18ECFFD1#200E0002FF09FF00
(1785791804.544314) can0 18EBFFD1#0101000B00D394DF
(1785791804.544932) can0 18EBFFD1#0201000A00D550E2
(1785791804.583292) can0 1CECFFF1#20120003FF19F000
(1785791804.584264) can0 1CEBFFF1#0127100000000000
(1785791804.585268) can0 1CEBFFF1#0200000000000000
(1785791804.586259) can0 1CEBFFF1#034626AC46FFFFFF
(1785791804.605190) can0 18FEF1F8#FF0000FFFFFFFFFF
(1785791804.606337) can0 18F005F8#7DFFFF7DFFFFFFFF
(1785791804.612255) can0 18F015F1#00008C74493B4797
(1785791804.643879) can0 18ECFFD1#200E0002FF09FF00
(1785791804.644416) can0 18EBFFD1#0101000B00D394DF
(1785791804.644988) can0 18EBFFD1#0201000A00D550E2
(1785791804.645668) can0 18FF14D1#
(1785791804.683291) can0 1CECFFF1#20120003FF19F000
(1785791804.684268) can0 1CEBFFF1#0127100000000000
(1785791804.685279) can0 1CEBFFF1#0200000000000000
(1785791804.686270) can0 1CEBFFF1#0346216E07FFFFFF
(1785791804.705185) can0 18FEF1F8#FF0000FFFFFFFFFF
(1785791804.706325) can0 18F005F8#7DFFFF7DFFFFFFFF
(1785791804.712243) can0 18F015F1#00008C6F493B4797
(1785791804.743837) can0 18ECFFD1#200E0002FF09FF00
(1785791804.744307) can0 18EBFFD1#0101000B00D394DF
(1785791804.744886) can0 18EBFFD1#0201000A00D550E2
(1785791804.783433) can0 1CECFFF1#20120003FF19F000
(1785791804.784383) can0 1CEBFFF1#0127100000000000
(1785791804.785352) can0 1CEBFFF1#0200000000000000
(1785791804.786433) can0 1CEBFFF1#03461CBFC6FFFFFF
(1785791804.805277) can0 18FEF1F8#FF0000FFFFFFFFFF
(1785791804.806704) can0 18F005F8#7DFFFF7DFFFFFFFF
(1785791804.812458) can0 18F015F1#00008C6A493E4796
(1785791804.843759) can0 18ECFFD1#200E0002FF09FF00
(1785791804.844290) can0 18EBFFD1#0101000B00D394DF
(1785791804.844862) can0 18EBFFD1#0201000A00D550E2
(1785791804.883334) can0 1CECFFF1#20120003FF19F000
(1785791804.884287) can0 1CEBFFF1#0127100000000000
(1785791804.885299) can0 1CEBFFF1#0200000000000000
(1785791804.886293) can0 1CEBFFF1#0346177887FFFFFF
(1785791804.905301) can0 18FEF1F8#FF0000FFFFFFFFFF
(1785791804.906430) can0 18F005F8#7DFFFF7DFFFFFFFF
(1785791804.912421) can0 18F015F1#00008C66493F4796
(1785791804.943836) can0 18ECFFD1#200E0002FF09FF00
(1785791804.944319) can0 18EBFFD1#0101000B00D394DF
(1785791804.944924) can0 18EBFFD1#0201000A00D550E2
(1785791804.983351) can0 1CECFFF1#20120003FF19F000
(1785791804.984271) can0 1CEBFFF1#0127100000000000
(1785791804.985274) can0 1CEBFFF1#0200000000000000
(1785791804.986245) can0 1CEBFFF1#034613BB86FFFFFF
(1785791805.005209) can0 18FEF1F8#FF0000FFFFFFFFFF
(1785791805.006435) can0 18F005F8#7DFFFF7DFFFFFFFF
(1785791805.012279) can0 18F015F1#00008C6149414794
(1785791805.043757) can0 18ECFFD1#200E0002FF09FF00
(1785791805.044256) can0 18EBFFD1#0101000B00D3C0E0
(1785791805.044814) can0 18EBFFD1#0201000A00D550E2
(1785791805.083439) can0 1CECFFF1#20120003FF19F000
(1785791805.084262) can0 1CEBFFF1#0127100000000000
(1785791805.085286) can0 1CEBFFF1#0200000000000000
(1785791805.086267) can0 1CEBFFF1#03460EB246FFFFFF
(1785791805.105289) can0 18FEF1F8#FF0000FFFFFFFFFF
(1785791805.106536) can0 18F005F8#7DFFFF7DFFFFFFFF
(1785791805.112387) can0 18F015F1#00008C5D49414794
(1785791805.144105) can0 18ECFFD1#200E0002FF09FF00
(1785791805.144620) can0 18EBFFD1#0101000B00D3C0E0
(1785791805.145170) can0 18EBFFD1#0201000A00D550E2
(1785791805.145828) can0 18FF14D1#
(1785791805.146232) can0 18FF16D1#01000B0064
(1785791805.183541) can0 1CECFFF1#20120003FF19F000
(1785791805.184263) can0 1CEBFFF1#0127100000000000
(1785791805.185268) can0 1CEBFFF1#0200000000000000
(1785791805.186255) can0 1CEBFFF1#03460A7147FFFFFF
(1785791805.205939) can0 18FEF1F8#FF0000FFFFFFFFFF
(1785791805.207104) can0 18F005F8#7DFFFF7DFFFFFFFF
(1785791805.212251) can0 18F015F1#00008C5949424793
(1785791805.243752) can0 18ECFFD1#200E0002FF09FF00
(1785791805.244270) can0 18EBFFD1#0101000B00D3C0E0
(1785791805.244850) can0 18EBFFD1#0201000A00D550E2
(1785791805.283295) can0 1CECFFF1#20120003FF19F000
(1785791805.284271) can0 1CEBFFF1#0127100000000000
(1785791805.285266) can0 1CEBFFF1#0200000000000000
(1785791805.286290) can0 1CEBFFF1#034607B486FFFFFF
(1785791805.305263) can0 18FEF1F8#FF0000FFFFFFFFFF
(1785791805.306436) can0 18F005F8#7DFFFF7DFFFFFFFF
(1785791805.313243) can0 18F015F1#00008C5649424793
(1785791805.324179) can0 18F017F1#F1E10C649B3B
(1785791805.324627) can0 18F018F1#E90905AB9077
(1785791805.343741) can0 18ECFFD1#200E0002FF09FF00
(1785791805.344280) can0 18EBFFD1#0101000B00D3C0E0
(1785791805.344849) can0 18EBFFD1#0201000A00D550E2
(1785791805.384353) can0 1CECFFF1#20120003FF19F000
(1785791805.385280) can0 1CEBFFF1#0127100000000000
(1785791805.386296) can0 1CEBFFF1#0200000000000000
(1785791805.387278) can0 1CEBFFF1#034604B5C6FFFFFF
(1785791805.405980) can0 18FEF1F8#FF0000FFFFFFFFFF
(1785791805.407134) can0 18F005F8#7DFFFF7DFFFFFFFF
(1785791805.413553) can0 18F015F1#00008C5349434793
(1785791805.444292) can0 18ECFFD1#200E0002FF09FF00
(1785791805.444628) can0 18EBFFD1#0101000B00D3C0E0
(1785791805.445244) can0 18EBFFD1#0201000A00D550E2
(1785791805.484316) can0 1CECFFF1#20120003FF19F000
(1785791805.485263) can0 1CEBFFF1#0127100000000000
(1785791805.486282) can0 1CEBFFF1#0200000000000000
(1785791805.487256) can0 1CEBFFF1#034601B606FFFFFF
(1785791805.505420) can0 18FEF1F8#FF0000FFFFFFFFFF
(1785791805.506746) can0 18F005F8#7DFFFF7DFFFFFFFF
(1785791805.513454) can0 18F015F1#00008C5049434794
(1785791805.543859) can0 18ECFFD1#200E0002FF09FF00
(1785791805.544327) can0 18EBFFD1#0101000B00D3C0E0
(1785791805.544804) can0 18EBFFD1#0201000A00D550E2
(1785791805.584333) can0 1CECFFF1#20120003FF19F000
(1785791805.585278) can0 1CEBFFF1#0127100000000000
(1785791805.586343) can0 1CEBFFF1#0200000000000000
(1785791805.587257) can0 1CEBFFF1#0345FE0646FFFFFF
(1785791805.605220) can0 18FEF1F8#FF0000FFFFFFFFFF
(1785791805.606383) can0 18F005F8#7DFFFF7DFFFFFFFF
(1785791805.613266) can0 18F015F1#00008C4D49454794
(1785791805.643828) can0 18ECFFD1#200E0002FF09FF00
(1785791805.644363) can0 18EBFFD1#0101000B00D3C0E0
(1785791805.644938) can0 18EBFFD1#0201000A00D588E1
(1785791805.645672) can0 18FF14D1#
(1785791805.684298) can0 1CECFFF1#20120003FF19F000
(1785791805.685277) can0 1CEBFFF1#0127100000000000
(1785791805.686286) can0 1CEBFFF1#0200000000000000
(1785791805.687272) can0 1CEBFFF1#0345FB0586FFFFFF
(1785791805.705237) can0 18FEF1F8#FF0000FFFFFFFFFF
(1785791805.706404) can0 18F005F8#7DFFFF7DFFFFFFFF
(1785791805.713270) can0 18F015F1#00008C4B49454794
(1785791805.743968) can0 18ECFFD1#200E0002FF09FF00
(1785791805.744487) can0 18EBFFD1#0101000B00D3C0E0
(1785791805.744814) can0 18EBFFD1#0201000A00D588E1
(1785791805.784334) can0 1CECFFF1#20120003FF19F000
(1785791805.785262) can0 1CEBFFF1#0127100000000000
(1785791805.786305) can0 1CEBFFF1#0200000000000000
(1785791805.787423) can0 1CEBFFF1#0345FAC547FFFFFF
(1785791805.805500) can0 18FEF1F8#FF0000FFFFFFFFFF
(1785791805.807180) can0 18F005F8#7DFFFF7DFFFFFFFF
(1785791805.814291) can0 18F015F1#00008C4949454794
(1785791805.843698) can0 18ECFFD1#200E0002FF09FF00
(1785791805.844234) can0 18EBFFD1#0101000B00D3C0E0
(1785791805.844805) can0 18EBFFD1#0201000A00D588E1
(1785791805.884336) can0 1CECFFF1#20120003FF19F000
(1785791805.885264) can0 1CEBFFF1#0127100000000000
(1785791805.886942) can0 1CEBFFF1#0200000000000000
(1785791805.887231) can0 1CEBFFF1#0345F804C6FFFFFF
(1785791805.905302) can0 18FEF1F8#FF0000FFFFFFFFFF
(1785791805.906433) can0 18F005F8#7DFFFF7DFFFFFFFF
(1785791805.913241) can0 18F015F1#00008C4749454795
(1785791805.943750) can0 18ECFFD1#200E0002FF09FF00
(1785791805.944277) can0 18EBFFD1#0101000B00D3C0E0
(1785791805.944856) can0 18EBFFD1#0201000A00D588E1
(1785791805.984294) can0 1CECFFF1#20120003FF19F000
(1785791805.985266) can0 1CEBFFF1#0127100000000000
(1785791805.986279) can0 1CEBFFF1#0200000000000000
(1785791805.987255) can0 1CEBFFF1#0345F6C047FFFFFF
(1785791806.005375) can0 18FEF1F8#FF0000FFFFFFFFFF
(1785791806.006514) can0 18F005F8#7DFFFF7DFFFFFFFF
(1785791806.013258) can0 18F015F1#00008C4649474795
(1785791806.043717) can0 18ECFFD1#200E0002FF09FF00
(1785791806.044240) can0 18EBFFD1#0101000B00D3A0DD
(1785791806.044853) can0 18EBFFD1#0201000A00D588E1
(1785791806.085413) can0 1CECFFF1#20120003FF19F000
(1785791806.086292) can0 1CEBFFF1#0127100000000000
(1785791806.087340) can0 1CEBFFF1#0200000000000000
(1785791806.088325) can0 1CEBFFF1#0345F5C107FFFFFF
(1785791806.105560) can0 18FEF1F8#FF0000FFFFFFFFFF
(1785791806.106919) can0 18F005F8#7DFFFF7DFFFFFFFF
(1785791806.114473) can0 18F015F1#00008C4549464795
(1785791806.143910) can0 18ECFFD1#200E0002FF09FF00
(1785791806.144355) can0 18EBFFD1#0101000B00D3A0DD
(1785791806.144918) can0 18EBFFD1#0201000A00D588E1
(1785791806.145622) can0 18FF14D1#
(1785791806.185316) can0 1CECFFF1#20120003FF19F000
(1785791806.186270) can0 1CEBFFF1#0127100000000000
(1785791806.187272) can0 1CEBFFF1#0200000000000000
(1785791806.188251) can0 1CEBFFF1#0345F401C6FFFFFF
(1785791806.205219) can0 18FEF1F8#FF0000FFFFFFFFFF
(1785791806.206354) can0 18F005F8#7DFFFF7DFFFFFFFF
(1785791806.214305) can0 18F015F1#00008C4449474795
(1785791806.243701) can0 18ECFFD1#200E0002FF09FF00
(1785791806.244229) can0 18EBFFD1#0101000B00D3A0DD
(1785791806.244800) can0 18EBFFD1#0201000A00D588E1
(1785791806.285318) can0 1CECFFF1#20120003FF19F000
(1785791806.286281) can0 1CEBFFF1#0127100000000000
(1785791806.287289) can0 1CEBFFF1#0200000000000000
(1785791806.288271) can0 1CEBFFF1#0345F3C387FFFFFF
(1785791806.305207) can0 18FEF1F8#FF0000FFFFFFFFFF
(1785791806.306359) can0 18F005F8#7DFFFF7DFFFFFFFF
(1785791806.314257) can0 18F015F1#00008C4349474796
(1785791806.325181) can0 18F017F1#F1710C909B90
(1785791806.325644) can0 18F018F1#EA52052A92C1
(1785791806.343691) can0 18ECFFD1#200E0002FF09FF00
(1785791806.344247) can0 18EBFFD1#0101000B00D3A0DD
(1785791806.344817) can0 18EBFFD1#0201000A00D588E1
(1785791806.385366) can0 1CECFFF1#20120003FF19F000
(1785791806.386305) can0 1CEBFFF1#0127100000000000
(1785791806.387320) can0 1CEBFFF1#0200000000000000
(1785791806.388293) can0 1CEBFFF1#0345F3C387FFFFFF
(1785791806.405846) can0 18FEF1F8#FF0000FFFFFFFFFF
(1785791806.407023) can0 18F005F8#7DFFFF7DFFFFFFFF
(1785791806.414271) can0 18F015F1#00008C4349474795
(1785791806.443887) can0 18ECFFD1#200E0002FF09FF00
(1785791806.444318) can0 18EBFFD1#0101000B00D3A0DD
(1785791806.444897) can0 18EBFFD1#0201000A00D588E1
(1785791806.485303) can0 1CECFFF1#20120003FF19F000
(1785791806.486287) can0 1CEBFFF1#0127100000000000
(1785791806.487284) can0 1CEBFFF1#0200000000000000
(1785791806.488261) can0 1CEBFFF1#0345F20346FFFFFF
(1785791806.505180) can0 18FEF1F8#FF0000FFFFFFFFFF
(1785791806.506308) can0 18F005F8#7DFFFF7DFFFFFFFF
(1785791806.514248) can0 18F015F1#00008C4249484796
(1785791806.543745) can0 18ECFFD1#200E0002FF09FF00
(1785791806.544236) can0 18EBFFD1#0101000B00D368DE
(1785791806.544806) can0 18EBFFD1#0201000A00D588E1
(1785791806.585326) can0 1CECFFF1#20120003FF19F000
(1785791806.586271) can0 1CEBFFF1#0127100000000000
(1785791806.587282) can0 1CEBFFF1#0200000000000000
(1785791806.588256) can0 1CEBFFF1#0345F20346FFFFFF
(1785791806.605171) can0 18FEF1F8#FF0000FFFFFFFFFF
(1785791806.606320) can0 18F005F8#7DFFFF7DFFFFFFFF
(1785791806.614255) can0 18F015F1#00008C4249484796
(1785791806.643790) can0 18ECFFD1#200E0002FF09FF00
(1785791806.644330) can0 18EBFFD1#0101000B00D368DE
(1785791806.644898) can0 18EBFFD1#0201000A00D5BAE1
(1785791806.645593) can0 18FF14D1#
(1785791806.685308) can0 1CECFFF1#20120003FF19F000
(1785791806.686282) can0 1CEBFFF1#0127100000000000
(1785791806.687293) can0 1CEBFFF1#0200000000000000
(1785791806.688268) can0 1CEBFFF1#0345F20346FFFFFF
(1785791806.705207) can0 18FEF1F8#FF0000FFFFFFFFFF
(1785791806.706367) can0 18F005F8#7DFFFF7DFFFFFFFF
(1785791806.715292) can0 18F015F1#00008C4249494795
(1785791806.743756) can0 18ECFFD1#200E0002FF09FF00
(1785791806.744267) can0 18EBFFD1#0101000B00D368DE
(1785791806.744861) can0 18EBFFD1#0201000A00D5BAE1
(1785791806.785520) can0 1CECFFF1#20120003FF19F000
(1785791806.786329) can0 1CEBFFF1#0127100000000000
(1785791806.787587) can0 1CEBFFF1#0200000000000000
(1785791806.788281) can0 1CEBFFF1#0345F20346FFFFFF
(1785791806.805531) can0 18FEF1F8#FF0000FFFFFFFFFF
(1785791806.806740) can0 18F005F8#7DFFFF7DFFFFFFFF
(1785791806.815334) can0 18F015F1#00008C42494A4796
(1785791806.843679) can0 18ECFFD1#200E0002FF09FF00
(1785791806.844219) can0 18EBFFD1#0101000B00D368DE
(1785791806.844785) can0 18EBFFD1#0201000A00D5BAE1
(1785791806.886360) can0 1CECFFF1#20120003FF19F000
(1785791806.887293) can0 1CEBFFF1#0127100000000000
(1785791806.888290) can0 1CEBFFF1#0200000000000000
(1785791806.889280) can0 1CEBFFF1#0345F10206FFFFFF
(1785791806.905263) can0 18FEF1F8#FF0000FFFFFFFFFF
(1785791806.906391) can0 18F005F8#7DFFFF7DFFFFFFFF
(1785791806.915272) can0 18F015F1#00008C4149494796
(1785791806.943710) can0 18ECFFD1#200E0002FF09FF00
(1785791806.944231) can0 18EBFFD1#0101000B00D368DE
(1785791806.944801) can0 18EBFFD1#0201000A00D5BAE1
(1785791806.986333) can0 1CECFFF1#20120003FF19F000
(1785791806.987287) can0 1CEBFFF1#0127100000000000
(1785791806.988298) can0 1CEBFFF1#0200000000000000
(1785791806.989282) can0 1CEBFFF1#0345F10206FFFFFF
(1785791807.005217) can0 18FEF1F8#FF0000FFFFFFFFFF
(1785791807.006419) can0 18F005F8#7DFFFF7DFFFFFFFF
(1785791807.015296) can0 18F015F1#00008C4149494796
(1785791807.043704) can0 18ECFFD1#200E0002FF09FF00
(1785791807.044235) can0 18EBFFD1#0101000B00D3CCDE
(1785791807.044835) can0 18EBFFD1#0201000A00D5BAE1
(1785791807.086418) can0 1CECFFF1#20120003FF19F000
(1785791807.087377) can0 1CEBFFF1#0127100000000000
(1785791807.088339) can0 1CEBFFF1#0200000000000000
(1785791807.089318) can0 1CEBFFF1#0345F10206FFFFFF
(1785791807.106244) can0 18FEF1F8#FF0000FFFFFFFFFF
(1785791807.107638) can0 18F005F8#7DFFFF7DFFFFFFFF
(1785791807.115550) can0 18F015F1#00008C4149494797
(1785791807.144617) can0 18ECFFD1#200E0002FF09FF00
(1785791807.145113) can0 18EBFFD1#0101000B00D3CCDE
(1785791807.145681) can0 18EBFFD1#0201000A00D5BAE1
(1785791807.146571) can0 18FF14D1#
(1785791807.147191) can0 18FF16D1#01000A0064
(1785791807.186567) can0 1CECFFF1#20120003FF19F000
(1785791807.187274) can0 1CEBFFF1#0127100000000000
(1785791807.188293) can0 1CEBFFF1#0200000000000000
(1785791807.189316) can0 1CEBFFF1#0345F0C2C7FFFFFF
(1785791807.205257) can0 18FEF1F8#FF0000FFFFFFFFFF
(1785791807.206403) can0 18F005F8#7DFFFF7DFFFFFFFF
(1785791807.215573) can0 18F015F1#00008C40494A4797
(1785791807.243752) can0 18ECFFD1#200E0002FF09FF00
(1785791807.244223) can0 18EBFFD1#0101000B00D3CCDE
(1785791807.244804) can0 18EBFFD1#0201000A00D5BAE1
(1785791807.286355) can0 1CECFFF1#20120003FF19F000
(1785791807.287279) can0 1CEBFFF1#0127100000000000
(1785791807.288288) can0 1CEBFFF1#0200000000000000
(1785791807.289281) can0 1CEBFFF1#0345F0C2C7FFFFFF
(1785791807.305228) can0 18FEF1F8#FF0000FFFFFFFFFF
(1785791807.306374) can0 18F005F8#7DFFFF7DFFFFFFFF
(1785791807.316268) can0 18F015F1#00008C40494A4797
(1785791807.326199) can0 18F017F1#F1710C909B90
(1785791807.326642) can0 18F018F1#EA52052A92C1
(1785791807.343676) can0 18ECFFD1#200E0002FF09FF00
(1785791807.344210) can0 18EBFFD1#0101000B00D3CCDE
(1785791807.344788) can0 18EBFFD1#0201000A00D5BAE1
(1785791807.386355) can0 1CECFFF1#20120003FF19F000
(1785791807.387312) can0 1CEBFFF1#0127100000000000
(1785791807.388310) can0 1CEBFFF1#0200000000000000
(1785791807.389278) can0 1CEBFFF1#0345EF0A86FFFFFF
(1785791807.405888) can0 18FEF1F8#FF0000FFFFFFFFFF
(1785791807.407070) can0 18F005F8#7DFFFF7DFFFFFFFF
(1785791807.415278) can0 18F015F1#00008C3F494B4798
(1785791807.443798) can0 18ECFFD1#200E0002FF09FF00
(1785791807.444212) can0 18EBFFD1#0101000B00D3CCDE
(1785791807.444780) can0 18EBFFD1#0201000A00D5BAE1
(1785791807.487325) can0 1CECFFF1#20120003FF19F000
(1785791807.488282) can0 1CEBFFF1#0127100000000000
(1785791807.489285) can0 1CEBFFF1#0200000000000000
(1785791807.490257) can0 1CEBFFF1#0345EECA47FFFFFF
(1785791807.505723) can0 18FEF1F8#FF0000FFFFFFFFFF
(1785791807.506942) can0 18F005F8#7DFFFF7DFFFFFFFF
(1785791807.516791) can0 18F015F1#00008C3E494B4798
(1785791807.543683) can0 18ECFFD1#200E0002FF09FF00
(1785791807.544190) can0 18EBFFD1#0101000B00D3CCDE
(1785791807.544766) can0 18EBFFD1#0201000A00D5BAE1
(1785791807.587347) can0 1CECFFF1#20120003FF19F000
(1785791807.588281) can0 1CEBFFF1#0127100000000000
(1785791807.589288) can0 1CEBFFF1#0200000000000000
(1785791807.590266) can0 1CEBFFF1#0345EDCB07FFFFFF
(1785791807.605191) can0 18FEF1F8#FF0000FFFFFFFFFF
(1785791807.606336) can0 18F005F8#7DFFFF7DFFFFFFFF
(1785791807.616262) can0 18F015F1#00008C3D494C4799
(1785791807.643742) can0 18ECFFD1#200E0002FF09FF00
(1785791807.644264) can0 18EBFFD1#0101000B00D3CCDE
(1785791807.644848) can0 18EBFFD1#0201000A00D588E1
(1785791807.645525) can0 18FF14D1#
(1785791807.687310) can0 1CECFFF1#20120003FF19F000
(1785791807.688291) can0 1CEBFFF1#0127100000000000
(1785791807.689301) can0 1CEBFFF1#0200000000000000
(1785791807.690272) can0 1CEBFFF1#0345EC0BC6FFFFFF
(1785791807.705247) can0 18FEF1F8#FF0000FFFFFFFFFF
(1785791807.706386) can0 18F005F8#7DFFFF7DFFFFFFFF
(1785791807.716249) can0 18F015F1#00008C3B494C479A
(1785791807.743774) can0 18ECFFD1#200E0002FF09FF00
(1785791807.744243) can0 18EBFFD1#0101000B00D3CCDE
(1785791807.744789) can0 18EBFFD1#0201000A00D588E1
(1785791807.787889) can0 1CECFFF1#20120003FF19F000
(1785791807.788392) can0 1CEBFFF1#0127100000000000
(1785791807.789303) can0 1CEBFFF1#0200000000000000
(1785791807.790287) can0 1CEBFFF1#0345EA0946FFFFFF
(1785791807.805620) can0 18FEF1F8#FF0000FFFFFFFFFF
(1785791807.806951) can0 18F005F8#7DFFFF7DFFFFFFFF
(1785791807.817322) can0 18F015F1#00008C39494D479B
(1785791807.843635) can0 18ECFFD1#200E0002FF09FF00
(1785791807.844170) can0 18EBFFD1#0101000B00D3CCDE
(1785791807.844754) can0 18EBFFD1#0201000A00D588E1
(1785791807.887356) can0 1CECFFF1#20120003FF19F000
(1785791807.888280) can0 1CEBFFF1#0127100000000000
(1785791807.889289) can0 1CEBFFF1#0200000000000000
(1785791807.890263) can0 1CEBFFF1#0345E8C8C7FFFFFF
(1785791807.905273) can0 18FEF1F8#FF0000FFFFFFFFFF
(1785791807.906403) can0 18F005F8#7DFFFF7DFFFFFFFF
(1785791807.916276) can0 18F015F1#00008C37494D479C
(1785791807.943648) can0 18ECFFD1#200E0002FF09FF00
(1785791807.944314) can0 18EBFFD1#0101000B00D3CCDE
(1785791807.944892) can0 18EBFFD1#0201000A00D588E1
(1785791807.987311) can0 1CECFFF1#20120003FF19F000
(1785791807.988284) can0 1CEBFFF1#0127100000000000
(1785791807.989294) can0 1CEBFFF1#0200000000000000
(1785791807.990263) can0 1CEBFFF1#0345E50D06FFFFFF
(1785791808.005561) can0 18FEF1F8#FF0000FFFFFFFFFF
(1785791808.006734) can0 18F005F8#7DFFFF7DFFFFFFFF
(1785791808.016333) can0 18F015F1#00008C35494E479E
(1785791808.043661) can0 18ECFFD1#200E0002FF09FF00
(1785791808.044179) can0 18EBFFD1#0101000B00D3CCDE
(1785791808.044757) can0 18EBFFD1#0201000A00D588E1
(1785791808.087410) can0 1CECFFF1#20120003FF19F000
(1785791808.088288) can0 1CEBFFF1#0127100000000000
(1785791808.089298) can0 1CEBFFF1#0200000000000000
(1785791808.090279) can0 1CEBFFF1#0345E30F86FFFFFF
(1785791808.105402) can0 18FEF1F8#FF0000FFFFFFFFFF
(1785791808.106856) can0 18F005F8#7DFFFF7DFFFFFFFF
(1785791808.116453) can0 18F015F1#00008C32494F47A0
(1785791808.143825) can0 18ECFFD1#200E0002FF09FF00
(1785791808.144278) can0 18EBFFD1#0101000B00D3CCDE
(1785791808.144874) can0 18EBFFD1#0201000A00D5ECE1
(1785791808.145618) can0 18FF14D1#
(1785791808.187459) can0 1CECFFF1#20120003FF19F000
(1785791808.188291) can0 1CEBFFF1#0127100000000000
(1785791808.189291) can0 1CEBFFF1#0200000000000000
(1785791808.190267) can0 1CEBFFF1#0345DF1E86FFFFFF
(1785791808.205205) can0 18FEF1F8#FF0000FFFFFFFFFF
(1785791808.206575) can0 18F005F8#7DFFFF7DFFFFFFFF
(1785791808.216345) can0 18F015F1#00008C2E494F47A1
(1785791808.243660) can0 18ECFFD1#200E0002FF09FF00
(1785791808.244159) can0 18EBFFD1#0101000B00D3CCDE
(1785791808.244744) can0 18EBFFD1#0201000A00D5ECE1
(1785791808.288334) can0 1CECFFF1#20120003FF19F000
(1785791808.289284) can0 1CEBFFF1#0127100000000000
(1785791808.290292) can0 1CEBFFF1#0200000000000000
(1785791808.291269) can0 1CEBFFF1#0345DC1FC6FFFFFF
(1785791808.305192) can0 18FEF1F8#FF0000FFFFFFFFFF
(1785791808.306333) can0 18F005F8#7DFFFF7DFFFFFFFF
(1785791808.317260) can0 18F015F1#00008C2B494F47A3
(1785791808.328187) can0 18F017F1#F7940B369E22
(1785791808.328647) can0 18F018F1#ED1704B99105
(1785791808.343618) can0 18ECFFD1#200E0002FF09FF00
(1785791808.344164) can0 18EBFFD1#0101000B00D3CCDE
(1785791808.344744) can0 18EBFFD1#0201000A00D5ECE1
(1785791808.388380) can0 1CECFFF1#20120003FF19F000
(1785791808.389291) can0 1CEBFFF1#0127100000000000
(1785791808.390300) can0 1CEBFFF1#0200000000000000
(1785791808.391269) can0 1CEBFFF1#0345D8DCC7FFFFFF
(1785791808.405630) can0 18FEF1F8#FF0000FFFFFFFFFF
(1785791808.406852) can0 18F005F8#7DFFFF7DFFFFFFFF
(1785791808.417304) can0 18F015F1#00008C27495047A5
(1785791808.443729) can0 18ECFFD1#200E0002FF09FF00
(1785791808.444294) can0 18EBFFD1#0101000B00D3CCDE
(1785791808.444815) can0 18EBFFD1#0201000A00D5ECE1
(1785791808.488338) can0 1CECFFF1#20120003FF19F000
(1785791808.489292) can0 1CEBFFF1#0127100000000000
(1785791808.490315) can0 1CEBFFF1#0200000000000000
(1785791808.491274) can0 1CEBFFF1#0345D4D9C7FFFFFF
(1785791808.505180) can0 18FEF1F8#FF0000FFFFFFFFFF
(1785791808.506445) can0 18F005F8#7DFFFF7DFFFFFFFF
(1785791808.517276) can0 18F015F1#00008C23495047A7
(1785791808.543676) can0 18ECFFD1#200E0002FF09FF00
(1785791808.544181) can0 18EBFFD1#0101000B00D3CCDE
(1785791808.544752) can0 18EBFFD1#0201000A00D5ECE1
(1785791808.588360) can0 1CECFFF1#20120003FF19F000
(1785791808.589300) can0 1CEBFFF1#0127100000000000
(1785791808.590310) can0 1CEBFFF1#0200000000000000
(1785791808.591279) can0 1CEBFFF1#0345D01AC6FFFFFF
(1785791808.605197) can0 18FEF1F8#FF0000FFFFFFFFFF
(1785791808.606361) can0 18F005F8#7DFFFF7DFFFFFFFF
(1785791808.617286) can0 18F015F1#00008C1E495147A9
(1785791808.643753) can0 18ECFFD1#200E0002FF09FF00
(1785791808.644283) can0 18EBFFD1#0101000B00D3CCDE
(1785791808.644867) can0 18EBFFD1#0201000A00D5ECE1
(1785791808.645540) can0 18FF14D1#
(1785791808.688315) can0 1CECFFF1#20120003FF19F000
(1785791808.689297) can0 1CEBFFF1#0127100000000000
(1785791808.690306) can0 1CEBFFF1#0200000000000000
(1785791808.691275) can0 1CEBFFF1#0345CB1186FFFFFF
(1785791808.705203) can0 18FEF1F8#FF0000FFFFFFFFFF
(1785791808.706368) can0 18F005F8#7DFFFF7DFFFFFFFF
(1785791808.717276) can0 18F015F1#00008C19495247A9
(1785791808.743713) can0 18ECFFD1#200E0002FF09FF00
(1785791808.744205) can0 18EBFFD1#0101000B00D3CCDE
(1785791808.744775) can0 18EBFFD1#0201000A00D5ECE1
(1785791808.788483) can0 1CECFFF1#20120003FF19F000
(1785791808.789294) can0 1CEBFFF1#0127100000000000
(1785791808.790296) can0 1CEBFFF1#0200000000000000
(1785791808.791274) can0 1CEBFFF1#0345C5D507FFFFFF
(1785791808.805267) can0 18FEF1F8#FF0000FFFFFFFFFF
(1785791808.806450) can0 18F005F8#7DFFFF7DFFFFFFFF
(1785791808.818552) can0 18F015F1#00008C14495447AA
(1785791808.843625) can0 18ECFFD1#200E0002FF09FF00
(1785791808.844157) can0 18EBFFD1#0101000B00D3CCDE
(1785791808.844739) can0 18EBFFD1#0201000A00D5ECE1
(1785791808.888396) can0 1CECFFF1#20120003FF19F000
(1785791808.889303) can0 1CEBFFF1#0127100000000000
(1785791808.890311) can0 1CEBFFF1#0200000000000000
(1785791808.891273) can0 1CEBFFF1#0345C0D6C7FFFFFF
(1785791808.905276) can0 18FEF1F8#FF0000FFFFFFFFFF
(1785791808.906413) can0 18F005F8#7DFFFF7DFFFFFFFF
(1785791808.917292) can0 18F015F1#00008C0F495747AC
(1785791808.943634) can0 18ECFFD1#200E0002FF09FF00
(1785791808.944163) can0 18EBFFD1#0101000B00D3CCDE
(1785791808.944762) can0 18EBFFD1#0201000A00D5ECE1
(1785791808.988319) can0 1CECFFF1#20120003FF19F000
(1785791808.989288) can0 1CEBFFF1#0127100000000000
(1785791808.990298) can0 1CEBFFF1#0200000000000000
(1785791808.991274) can0 1CEBFFF1#0345BEF647FFFFFF
(1785791809.005207) can0 18FEF1F8#FF0000FFFFFFFFFF
(1785791809.006364) can0 18F005F8#7DFFFF7DFFFFFFFF
(1785791809.017323) can0 18F015F1#00008C0D495947AE
(1785791809.043604) can0 18ECFFD1#200E0002FF09FF00
(1785791809.044138) can0 18EBFFD1#0101000B00D3CCDE
(1785791809.044726) can0 18EBFFD1#0201000A00D5ECE1
(1785791809.089410) can0 1CECFFF1#20120003FF19F000
(1785791809.090310) can0 1CEBFFF1#0127100000000000
(1785791809.091375) can0 1CEBFFF1#0200000000000000
(1785791809.092291) can0 1CEBFFF1#0345BEF647FFFFFF
(1785791809.105442) can0 18FEF1F8#FF0000FFFFFFFFFF
(1785791809.106759) can0 18F005F8#7DFFFF7DFFFFFFFF
(1785791809.118557) can0 18F015F1#00008C0E495C47B2
(1785791809.144364) can0 18ECFFD1#200E0002FF09FF00
(1785791809.145067) can0 18EBFFD1#0201000A00D588E1
(1785791809.145259) can0 18EBFFD1#0101000B00D3CCDE
(1785791809.146100) can0 18FF14D1#
(1785791809.146425) can0 18FF16D1#01000B0064
(1785791809.189517) can0 1CECFFF1#20120003FF19F000
(1785791809.190360) can0 1CEBFFF1#0127100000000000
(1785791809.191333) can0 1CEBFFF1#0200000000000000
(1785791809.192325) can0 1CEBFFF1#0345BEF647FFFFFF
(1785791809.205272) can0 18FEF1F8#FF0000FFFFFFFFFF
(1785791809.206717) can0 18F005F8#7DFFFF7DFFFFFFFF
(1785791809.218326) can0 18F015F1#00008C0E496047B6
(1785791809.243650) can0 18ECFFD1#200E0002FF09FF00
(1785791809.244149) can0 18EBFFD1#0101000B00D3CCDE
(1785791809.244727) can0 18EBFFD1#0201000A00D588E1
(1785791809.289353) can0 1CECFFF1#20120003FF19F000
(1785791809.293893) can0 1CEBFFF1#0127100000000000
(1785791809.294067) can0 1CEBFFF1#0200000000000000
(1785791809.294542) can0 1CEBFFF1#0345BF3686FFFFFF
(1785791809.305258) can0 18FEF1F8#FF0000FFFFFFFFFF
(1785791809.306417) can0 18F005F8#7DFFFF7DFFFFFFFF
(1785791809.318364) can0 18F015F1#00008C0F496247B7
(1785791809.329258) can0 18F017F1#F7940B369E22
(1785791809.329663) can0 18F018F1#ED1704B99105
(1785791809.343673) can0 18ECFFD1#200E0002FF09FF00
(1785791809.344172) can0 18EBFFD1#0101000B00D3CCDE
(1785791809.344941) can0 18EBFFD1#0201000A00D588E1
(1785791809.389491) can0 1CECFFF1#20120003FF19F000
(1785791809.390431) can0 1CEBFFF1#0127100000000000
(1785791809.391354) can0 1CEBFFF1#0200000000000000
(1785791809.392285) can0 1CEBFFF1#0345C11606FFFFFF
(1785791809.405531) can0 18FEF1F8#FF0000FFFFFFFFFF
(1785791809.406819) can0 18F005F8#7DFFFF7DFFFFFFFF
(1785791809.418395) can0 18F015F1#00008C11496247B6
(1785791809.443688) can0 18ECFFD1#200E0002FF09FF00
(1785791809.444127) can0 18EBFFD1#0101000B00D3CCDE
(1785791809.444736) can0 18EBFFD1#0201000A00D588E1
(1785791809.489371) can0 1CECFFF1#20120003FF19F000
(1785791809.490301) can0 1CEBFFF1#0127100000000000
(1785791809.491300) can0 1CEBFFF1#0200000000000000
(1785791809.492278) can0 1CEBFFF1#0345C11606FFFFFF
(1785791809.505544) can0 18FEF1F8#FF0000FFFFFFFFFF
(1785791809.506844) can0 18F005F8#7DFFFF7DFFFFFFFF
(1785791809.518301) can0 18F015F1#00008C10496247B0
(1785791809.543676) can0 18ECFFD1#200E0002FF09FF00
(1785791809.544173) can0 18EBFFD1#0101000B00D33CDD
(1785791809.544816) can0 18EBFFD1#0201000A00D588E1
(1785791809.589352) can0 1CECFFF1#20120003FF19F000
(1785791809.590312) can0 1CEBFFF1#0127100000000000
(1785791809.591305) can0 1CEBFFF1#0200000000000000
(1785791809.592275) can0 1CEBFFF1#0345BF3686FFFFFF
(1785791809.605227) can0 18FEF1F8#FF0000FFFFFFFFFF
(1785791809.606375) can0 18F005F8#7DFFFF7DFFFFFFFF
(1785791809.618294) can0 18F015F1#00008C0F496047A9
(1785791809.643683) can0 18ECFFD1#200E0002FF09FF00
(1785791809.644213) can0 18EBFFD1#0101000B00D33CDD
(1785791809.644792) can0 18EBFFD1#0201000A00D588E1
(1785791809.645435) can0 18FF14D1#
(1785791809.689327) can0 1CECFFF1#20120003FF19F000
(1785791809.690308) can0 1CEBFFF1#0127100000000000
(1785791809.691314) can0 1CEBFFF1#0200000000000000
(1785791809.692284) can0 1CEBFFF1#0345BF3686FFFFFF
(1785791809.705245) can0 18FEF1F8#FF0000FFFFFFFFFF
(1785791809.706398) can0 18F005F8#7DFFFF7DFFFFFFFF
(1785791809.718274) can0 18F015F1#00008C0F495C47A4
(1785791809.743612) can0 18ECFFD1#200E0002FF09FF00
(1785791809.744156) can0 18EBFFD1#0101000B00D33CDD
(1785791809.744741) can0 18EBFFD1#0201000A00D588E1
(1785791809.790660) can0 1CECFFF1#20120003FF19F000
(1785791809.791340) can0 1CEBFFF1#0127100000000000
(1785791809.792359) can0 1CEBFFF1#0200000000000000
(1785791809.793334) can0 1CEBFFF1#0345BF3686FFFFFF
(1785791809.805553) can0 18FEF1F8#FF0000FFFFFFFFFF
(1785791809.806879) can0 18F005F8#7DFFFF7DFFFFFFFF
(1785791809.819494) can0 18F015F1#00008C0F4958479F
(1785791809.843650) can0 18ECFFD1#200E0002FF09FF00
(1785791809.844147) can0 18EBFFD1#0101000B00D33CDD
(1785791809.844714) can0 18EBFFD1#0201000A00D588E1
(1785791809.890362) can0 1CECFFF1#20120003FF19F000
(1785791809.891293) can0 1CEBFFF1#0127100000000000
(1785791809.892300) can0 1CEBFFF1#0200000000000000
(1785791809.893276) can0 1CEBFFF1#0345C0D6C7FFFFFF
(1785791809.905577) can0 18FEF1F8#FF0000FFFFFFFFFF
(1785791809.906790) can0 18F005F8#7DFFFF7DFFFFFFFF
(1785791809.919309) can0 18F015F1#00008C114954479D
(1785791809.943590) can0 18ECFFD1#200E0002FF09FF00
(1785791809.944117) can0 18EBFFD1#0101000B00D33CDD
(1785791809.944695) can0 18EBFFD1#0201000A00D588E1
(1785791809.990332) can0 1CECFFF1#20120003FF19F000
(1785791809.991304) can0 1CEBFFF1#0127100000000000
(1785791809.992313) can0 1CEBFFF1#0200000000000000
(1785791809.993280) can0 1CEBFFF1#0345C21746FFFFFF
(1785791810.005372) can0 18FEF1F8#FF0000FFFFFFFFFF
(1785791810.006538) can0 18F005F8#7DFFFF7DFFFFFFFF
(1785791810.019319) can0 18F015F1#00008C124952479B
(1785791810.043948) can0 18ECFFD1#200E0002FF09FF00
(1785791810.044473) can0 18EBFFD1#0101000B00D33CDD
(1785791810.045053) can0 18EBFFD1#0201000A00D588E1
(1785791810.090443) can0 1CECFFF1#20120003FF19F000
(1785791810.091320) can0 1CEBFFF1#0127100000000000
(1785791810.092331) can0 1CEBFFF1#0200000000000000
(1785791810.093298) can0 1CEBFFF1#0345C3D787FFFFFF
(1785791810.105285) can0 18FEF1F8#FF0000FFFFFFFFFF
(1785791810.106509) can0 18F005F8#7DFFFF7DFFFFFFFF
(1785791810.119465) can0 18F015F1#00008C14494D479B
(1785791810.143892) can0 18ECFFD1#200E0002FF09FF00
(1785791810.144425) can0 18EBFFD1#0101000B00D33CDD
(1785791810.144788) can0 18EBFFD1#0201000A00D524E1
(1785791810.146157) can0 18FF14D1#
(1785791810.190370) can0 1CECFFF1#20120003FF19F000
(1785791810.191352) can0 1CEBFFF1#0127100000000000
(1785791810.192331) can0 1CEBFFF1#0200000000000000
(1785791810.193276) can0 1CEBFFF1#0345C6D447FFFFFF
(1785791810.205179) can0 18FEF1F8#FF0000FFFFFFFFFF
(1785791810.206331) can0 18F005F8#7DFFFF7DFFFFFFFF
(1785791810.219327) can0 18F015F1#00008C17494A479A
(1785791810.243601) can0 18ECFFD1#200E0002FF09FF00
(1785791810.244108) can0 18EBFFD1#0101000B00D33CDD
(1785791810.244686) can0 18EBFFD1#0201000A00D524E1
(1785791810.290346) can0 1CECFFF1#20120003FF19F000
(1785791810.291318) can0 1CEBFFF1#0127100000000000
(1785791810.292313) can0 1CEBFFF1#0200000000000000
(1785791810.293306) can0 1CEBFFF1#0345C9D007FFFFFF
(1785791810.305270) can0 18FEF1F8#FF0000FFFFFFFFFF
(1785791810.306450) can0 18F005F8#7DFFFF7DFFFFFFFF
(1785791810.320299) can0 18F015F1#00008C1A4947479B
(1785791810.331224) can0 18F017F1#F6B10AFCA0BE
(1785791810.331689) can0 18F018F1#EE1C079A910B
(1785791810.343578) can0 18ECFFD1#200E0002FF09FF00
(1785791810.344143) can0 18EBFFD1#0101000B00D33CDD
(1785791810.344688) can0 18EBFFD1#0201000A00D524E1
(1785791810.391331) can0 1CECFFF1#20120003FF19F000
(1785791810.392311) can0 1CEBFFF1#0127100000000000
(1785791810.393322) can0 1CEBFFF1#0200000000000000
(1785791810.394293) can0 1CEBFFF1#0345CD1306FFFFFF
(1785791810.405781) can0 18FEF1F8#FF0000FFFFFFFFFF
(1785791810.406950) can0 18F005F8#7DFFFF7DFFFFFFFF
(1785791810.420402) can0 18F015F1#00008C1E4944479D
(1785791810.443761) can0 18ECFFD1#200E0002FF09FF00
(1785791810.444262) can0 18EBFFD1#0101000B00D33CDD
(1785791810.444649) can0 18EBFFD1#0201000A00D524E1
(1785791810.491364) can0 1CECFFF1#20120003FF19F000
(1785791810.492301) can0 1CEBFFF1#0127100000000000
(1785791810.493306) can0 1CEBFFF1#0200000000000000
(1785791810.494277) can0 1CEBFFF1#0345D01AC6FFFFFF
(1785791810.505182) can0 18FEF1F8#FF0000FFFFFFFFFF
(1785791810.506325) can0 18F005F8#7DFFFF7DFFFFFFFF
(1785791810.519306) can0 18F015F1#00008C214940479F
(1785791810.543577) can0 18ECFFD1#200E0002FF09FF00
(1785791810.544128) can0 18EBFFD1#0101000B00D33CDD
(1785791810.544692) can0 18EBFFD1#0201000A00D524E1
(1785791810.591383) can0 1CECFFF1#20120003FF19F000
(1785791810.592303) can0 1CEBFFF1#0127100000000000
(1785791810.593333) can0 1CEBFFF1#0200000000000000
(1785791810.594281) can0 1CEBFFF1#0345D4D9C7FFFFFF
(1785791810.605189) can0 18FEF1F8#FF0000FFFFFFFFFF
(1785791810.606371) can0 18F005F8#7DFFFF7DFFFFFFFF
(1785791810.620286) can0 18F015F1#00008C25493E47A3
(1785791810.643713) can0 18ECFFD1#200E0002FF09FF00
(1785791810.644228) can0 18EBFFD1#0101000B00D33CDD
(1785791810.644816) can0 18EBFFD1#0201000A00D5C0E0
(1785791810.645340) can0 18FF14D1#
(1785791810.691341) can0 1CECFFF1#20120003FF19F000
(1785791810.692314) can0 1CEBFFF1#0127100000000000
(1785791810.693328) can0 1CEBFFF1#0200000000000000
(1785791810.694310) can0 1CEBFFF1#0345D8DCC7FFFFFF
(1785791810.705206) can0 18FEF1F8#FF0000FFFFFFFFFF
(1785791810.706402) can0 18F005F8#7DFFFF7DFFFFFFFF
(1785791810.720294) can0 18F015F1#00008C2A493E47A6
(1785791810.743693) can0 18ECFFD1#200E0002FF09FF00
(1785791810.744216) can0 18EBFFD1#0101000B00D33CDD
(1785791810.744718) can0 18EBFFD1#0201000A00D5C0E0
(1785791810.791595) can0 1CECFFF1#20120003FF19F000
(1785791810.792695) can0 1CEBFFF1#0127100000000000
(1785791810.793381) can0 1CEBFFF1#0200000000000000
(1785791810.794410) can0 1CEBFFF1#0345DF1E86FFFFFF
(1785791810.805355) can0 18FEF1F8#FF0000FFFFFFFFFF
(1785791810.806810) can0 18F005F8#7DFFFF7DFFFFFFFF
(1785791810.820340) can0 18F015F1#00008C31493E47A5
(1785791810.843568) can0 18ECFFD1#200E0002FF09FF00
(1785791810.844103) can0 18EBFFD1#0101000B00D33CDD
(1785791810.844680) can0 18EBFFD1#0201000A00D5C0E0
(1785791810.891370) can0 1CECFFF1#20120003FF19F000
(1785791810.892298) can0 1CEBFFF1#0127100000000000
(1785791810.893369) can0 1CEBFFF1#0200000000000000
(1785791810.894299) can0 1CEBFFF1#0345E4CDC7FFFFFF
(1785791810.905665) can0 18FEF1F8#FF0000FFFFFFFFFF
(1785791810.906876) can0 18F005F8#7DFFFF7DFFFFFFFF
(1785791810.920319) can0 18F015F1#00008C35493F479E
(1785791810.943582) can0 18ECFFD1#200E0002FF09FF00
(1785791810.944108) can0 18EBFFD1#0101000B00D33CDD
(1785791810.944687) can0 18EBFFD1#0201000A00D5C0E0
(1785791810.991339) can0 1CECFFF1#20120003FF19F000
(1785791810.992304) can0 1CEBFFF1#0127100000000000
(1785791810.993313) can0 1CEBFFF1#0200000000000000
(1785791810.994280) can0 1CEBFFF1#0345E50D06FFFFFF
(1785791811.005194) can0 18FEF1F8#FF0000FFFFFFFFFF
(1785791811.006384) can0 18F005F8#7DFFFF7DFFFFFFFF
(1785791811.020320) can0 18F015F1#00008C364940479A
(1785791811.043541) can0 18ECFFD1#200E0002FF09FF00
(1785791811.044079) can0 18EBFFD1#0101000B00D33CDD
(1785791811.044660) can0 18EBFFD1#0201000A00D5C0E0
(1785791811.091449) can0 1CECFFF1#20120003FF19F000
(1785791811.092312) can0 1CEBFFF1#0127100000000000
(1785791811.093324) can0 1CEBFFF1#0200000000000000
(1785791811.094300) can0 1CEBFFF1#0345EA0946FFFFFF
(1785791811.105438) can0 18FEF1F8#FF0000FFFFFFFFFF
(1785791811.106832) can0 18F005F8#7DFFFF7DFFFFFFFF
(1785791811.120400) can0 18F015F1#00008C3D493D4799
(1785791811.143725) can0 18ECFFD1#200E0002FF09FF00
(1785791811.144744) can0 18EBFFD1#0101000B00D33CDD
(1785791811.145094) can0 18EBFFD1#0201000A00D5C0E0
(1785791811.145526) can0 18FF14D1#
(1785791811.192350) can0 1CECFFF1#20120003FF19F000
(1785791811.193305) can0 1CEBFFF1#0127100000000000
(1785791811.194333) can0 1CEBFFF1#0200000000000000
(1785791811.195300) can0 1CEBFFF1#0345F5C107FFFFFF
(1785791811.205181) can0 18FEF1F8#FF0000FFFFFFFFFF
(1785791811.206635) can0 18F005F8#7DFFFF7DFFFFFFFF
(1785791811.221922) can0 18F015F1#00008C474933479C
(1785791811.243585) can0 18ECFFD1#200E0002FF09FF00
(1785791811.244088) can0 18EBFFD1#0101000B00D33CDD
(1785791811.244716) can0 18EBFFD1#0201000A00D5C0E0
(1785791811.292357) can0 1CECFFF1#20120003FF19F000
(1785791811.293318) can0 1CEBFFF1#0127100000000000
(1785791811.294342) can0 1CEBFFF1#0200000000000000
(1785791811.295309) can0 1CEBFFF1#0345FCC7C7FFFFFF
(1785791811.305227) can0 18FEF1F8#FF0000FFFFFFFFFF
(1785791811.306459) can0 18F005F8#7DFFFF7DFFFFFFFF
(1785791811.321317) can0 18F015F1#00008C4D492A47A2
(1785791811.332242) can0 18F017F1#F6B10AFCA0BE
(1785791811.332693) can0 18F018F1#EE1C079A910B
(1785791811.343562) can0 18ECFFD1#200E0002FF09FF00
(1785791811.344107) can0 18EBFFD1#0101000B00D33CDD
(1785791811.344693) can0 18EBFFD1#0201000A00D5C0E0
(1785791811.392349) can0 1CECFFF1#20120003FF19F000
(1785791811.393314) can0 1CEBFFF1#0127100000000000
(1785791811.394324) can0 1CEBFFF1#0200000000000000
(1785791811.395299) can0 1CEBFFF1#034602B746FFFFFF
(1785791811.405515) can0 18FEF1F8#FF0000FFFFFFFFFF
(1785791811.406749) can0 18F005F8#7DFFFF7DFFFFFFFF
(1785791811.421421) can0 18F015F1#00008C55492447A6
(1785791811.443763) can0 18ECFFD1#200E0002FF09FF00
(1785791811.444155) can0 18EBFFD1#0101000B00D33CDD
(1785791811.444694) can0 18EBFFD1#0201000A00D5C0E0
(1785791811.492379) can0 1CECFFF1#20120003FF19F000
(1785791811.493316) can0 1CEBFFF1#0127100000000000
(1785791811.494321) can0 1CEBFFF1#0200000000000000
(1785791811.495319) can0 1CEBFFF1#03460DB306FFFFFF
(1785791811.505345) can0 18FEF1F8#FF0000FFFFFFFFFF
(1785791811.506523) can0 18F005F8#7DFFFF7DFFFFFFFF
(1785791811.521653) can0 18F015F1#00008C60491C47A7
(1785791811.543578) can0 18ECFFD1#200E0002FF09FF00
(1785791811.544240) can0 18EBFFD1#0101000B00D3CCDE
(1785791811.544622) can0 18EBFFD1#0201000A00D5C0E0
(1785791811.592401) can0 1CECFFF1#20120003FF19F000
(1785791811.593319) can0 1CEBFFF1#0127100000000000
(1785791811.594330) can0 1CEBFFF1#0200000000000000
(1785791811.595302) can0 1CEBFFF1#0346187CC7FFFFFF
(1785791811.605276) can0 18FEF1F8#FF0000FFFFFFFFFF
(1785791811.606472) can0 18F005F8#7DFFFF7DFFFFFFFF
(1785791811.621319) can0 18F015F1#00008C6B491047A7
(1785791811.643714) can0 18ECFFD1#200E0002FF09FF00
(1785791811.644204) can0 18EBFFD1#0101000B00D3CCDE
(1785791811.644786) can0 18EBFFD1#0201000A00D588E1
(1785791811.645472) can0 18FF14D1#
(1785791811.692387) can0 1CECFFF1#20120003FF19F000
(1785791811.693313) can0 1CEBFFF1#0127100000000000
(1785791811.694573) can0 1CEBFFF1#0200000000000000
(1785791811.695307) can0 1CEBFFF1#034620AEC6FFFFFF
(1785791811.705215) can0 18FEF1F8#FF0000FFFFFFFFFF
(1785791811.706417) can0 18F005F8#7DFFFF7DFFFFFFFF
(1785791811.721299) can0 18F015F1#00008C724901479D
(1785791811.743548) can0 18ECFFD1#200E0002FF09FF00
(1785791811.744084) can0 18EBFFD1#0101000B00D3CCDE
(1785791811.744685) can0 18EBFFD1#0201000A00D588E1
(1785791811.792479) can0 1CECFFF1#20120003FF19F000
(1785791811.793350) can0 1CEBFFF1#0127100000000000
(1785791811.794354) can0 1CEBFFF1#0200000000000000
(1785791811.795327) can0 1CEBFFF1#0346276C87FFFFFF
(1785791811.805349) can0 18FEF1F8#FF0000FFFFFFFFFF
(1785791811.806552) can0 18F005F8#7DFFFF7DFFFFFFFF
(1785791811.822429) can0 18F015F1#00008C7A48F34797
(1785791811.843549) can0 18ECFFD1#200E0002FF09FF00
(1785791811.844053) can0 18EBFFD1#0101000B00D3CCDE
(1785791811.844632) can0 18EBFFD1#0201000A00D588E1
(1785791811.893173) can0 1CECFFF1#20120003FF19F000
(1785791811.893536) can0 1CEBFFF1#0127100000000000
(1785791811.894441) can0 1CEBFFF1#0200000000000000
(1785791811.895366) can0 1CEBFFF1#034632A346FFFFFF
(1785791811.906300) can0 18FEF1F8#FF0000FFFFFFFFFF
(1785791811.908182) can0 18F005F8#7DFFFF7DFFFFFFFF
(1785791811.921340) can0 18F015F1#00008C8648E74793
(1785791811.943548) can0 18ECFFD1#200E0002FF09FF00
(1785791811.944063) can0 18EBFFD1#0101000B00D3CCDE
(1785791811.944634) can0 18EBFFD1#0201000A00D588E1
(1785791811.993363) can0 1CECFFF1#20120003FF19F000
(1785791811.994322) can0 1CEBFFF1#0127100000000000
(1785791811.995340) can0 1CEBFFF1#0200000000000000
(1785791811.996305) can0 1CEBFFF1#03463DA706FFFFFF
(1785791812.005336) can0 18FEF1F8#FF0000FFFFFFFFFF
(1785791812.006506) can0 18F005F8#7DFFFF7DFFFFFFFF
(1785791812.022342) can0 18F015F1#00008C9048E24795
(1785791812.043550) can0 18ECFFD1#200E0002FF09FF00
(1785791812.044082) can0 18EBFFD1#0101000B00D330DF
(1785791812.044655) can0 18EBFFD1#0201000A00D588E1
(1785791812.094242) can0 1CECFFF1#20120003FF19F000
(1785791812.094572) can0 1CEBFFF1#0127100000000000
(1785791812.095334) can0 1CEBFFF1#0200000000000000
(1785791812.096331) can0 1CEBFFF1#0346468446FFFFFF
(1785791812.105353) can0 18FEF1F8#FF0000FFFFFFFFFF
(1785791812.106576) can0 18F005F8#7DFFFF7DFFFFFFFF
(1785791812.122400) can0 18F015F1#00008C9848DC479D
(1785791812.143766) can0 18ECFFD1#200E0002FF09FF00
(1785791812.144216) can0 18EBFFD1#0101000B00D330DF
(1785791812.144652) can0 18EBFFD1#0201000A00D588E1
(1785791812.145383) can0 18FF14D1#
(1785791812.193681) can0 1CECFFF1#20120003FF19F000
(1785791812.194397) can0 1CEBFFF1#0127100000000000
(1785791812.195396) can0 1CEBFFF1#0200000000000000
(1785791812.196344) can0 1CEBFFF1#03464C83C6FFFFFF
(1785791812.205364) can0 18FEF1F8#FF0000FFFFFFFFFF
(1785791812.206524) can0 18F005F8#7DFFFF7DFFFFFFFF
(1785791812.222329) can0 18F015F1#00008C9E48D947A0
(1785791812.243552) can0 18ECFFD1#200E0002FF09FF00
(1785791812.244047) can0 18EBFFD1#0101000B00D330DF
(1785791812.244626) can0 18EBFFD1#0201000A00D588E1
(1785791812.293352) can0 1CECFFF1#20120003FF19F000
(1785791812.294319) can0 1CEBFFF1#0127100000000000
(1785791812.295329) can0 1CEBFFF1#0200000000000000
(1785791812.296305) can0 1CEBFFF1#03B9B53147FFFFFF
(1785791812.305176) can0 18FEF1F8#FF0000FFFFFFFFFF
(1785791812.306323) can0 18F005F8#7DFFFF7DFFFFFFFF
(1785791812.323325) can0 18F015F1#0000000748D047AA
(1785791812.333238) can0 18F017F1#070010A19DD1
(1785791812.333704) can0 18F018F1#F41203DF8DB0
(1785791812.343514) can0 18ECFFD1#200E0002FF09FF00
(1785791812.344074) can0 18EBFFD1#0101000B00D330DF
(1785791812.344637) can0 18EBFFD1#0201000A00D588E1
(1785791812.393352) can0 1CECFFF1#20120003FF19F000
(1785791812.394319) can0 1CEBFFF1#0127100000000000
(1785791812.395331) can0 1CEBFFF1#0200000000000000
(1785791812.396309) can0 1CEBFFF1#03B9C21707FFFFFF
(1785791812.405459) can0 18FEF1F8#FF0000FFFFFFFFFF
(1785791812.406612) can0 18F005F8#7DFFFF7DFFFFFFFF
(1785791812.422454) can0 18F015F1#0000001448C747AF
(1785791812.443600) can0 18ECFFD1#200E0002FF09FF00
(1785791812.444124) can0 18EBFFD1#0101000B00D330DF
(1785791812.444644) can0 18EBFFD1#0201000A00D588E1
(1785791812.493367) can0 1CECFFF1#20120003FF19F000
(1785791812.494318) can0 1CEBFFF1#0127100000000000
(1785791812.495323) can0 1CEBFFF1#0200000000000000
(1785791812.496299) can0 1CEBFFF1#03B9CCD386FFFFFF
(1785791812.505167) can0 18FEF1F8#FF0000FFFFFFFFFF
(1785791812.507030) can0 18F005F8#7DFFFF7DFFFFFFFF
(1785791812.522349) can0 18F015F1#0000001C48B947AA
(1785791812.543874) can0 18ECFFD1#200E0002FF09FF00
(1785791812.544425) can0 18EBFFD1#0101000B00D368DE
(1785791812.545001) can0 18EBFFD1#0201000A00D588E1
(1785791812.593417) can0 1CECFFF1#20120003FF19F000
(1785791812.594324) can0 1CEBFFF1#0127100000000000
(1785791812.595334) can0 1CEBFFF1#0200000000000000
(1785791812.596307) can0 1CEBFFF1#03B9D1DA46FFFFFF
(1785791812.605230) can0 18FEF1F8#FF0000FFFFFFFFFF
(1785791812.606393) can0 18F005F8#7DFFFF7DFFFFFFFF
(1785791812.622310) can0 18F015F1#0000002248D747A8
(1785791812.643634) can0 18ECFFD1#200E0002FF09FF00
(1785791812.644167) can0 18EBFFD1#0101000B00D368DE
(1785791812.644747) can0 18EBFFD1#0201000A00D5F8DF
(1785791812.645496) can0 18FF14D1#
(1785791812.693349) can0 1CECFFF1#20120003FF19F000
(1785791812.694324) can0 1CEBFFF1#0127100000000000
(1785791812.695376) can0 1CEBFFF1#0200000000000000
(1785791812.696319) can0 1CEBFFF1#03B9DA1D07FFFFFF
(1785791812.705214) can0 18FEF1F8#FF0000FFFFFFFFFF
(1785791812.706368) can0 18F005F8#7DFFFF7DFFFFFFFF
(1785791812.722308) can0 18F015F1#0000002D48D747AC
(1785791812.743625) can0 18ECFFD1#200E0002FF09FF00
(1785791812.744062) can0 18EBFFD1#0101000B00D368DE
(1785791812.744650) can0 18EBFFD1#0201000A00D5F8DF
(1785791812.794704) can0 1CECFFF1#20120003FF19F000
(1785791812.795368) can0 1CEBFFF1#0127100000000000
(1785791812.796343) can0 1CEBFFF1#0200000000000000
(1785791812.797309) can0 1CEBFFF1#03B9E60C07FFFFFF
(1785791812.805781) can0 18FEF1F8#FF0000FFFFFFFFFF
(1785791812.807125) can0 18F005F8#7DFFFF7DFFFFFFFF
(1785791812.823444) can0 18F015F1#0000003848F447B2
(1785791812.843514) can0 18ECFFD1#200E0002FF09FF00
(1785791812.844046) can0 18EBFFD1#0101000B00D368DE
(1785791812.844619) can0 18EBFFD1#0201000A00D5F8DF
(1785791812.894379) can0 1CECFFF1#20120003FF19F000
(1785791812.895316) can0 1CEBFFF1#0127100000000000
(1785791812.896331) can0 1CEBFFF1#0200000000000000
(1785791812.897303) can0 1CEBFFF1#03B9EECA06FFFFFF
(1785791812.905478) can0 18FEF1F8#FF0000FFFFFFFFFF
(1785791812.906688) can0 18F005F8#7DFFFF7DFFFFFFFF
(1785791812.923530) can0 18F015F1#0000003F48F347B5
(1785791812.943558) can0 18ECFFD1#200E0002FF09FF00
(1785791812.944062) can0 18EBFFD1#0101000B00D368DE
(1785791812.944648) can0 18EBFFD1#0201000A00D5F8DF
(1785791812.994351) can0 1CECFFF1#20120003FF19F000
(1785791812.995351) can0 1CEBFFF1#0127100000000000
(1785791812.996343) can0 1CEBFFF1#0200000000000000
(1785791812.997324) can0 1CEBFFF1#03B9F700C7FFFFFF
(1785791813.005200) can0 18FEF1F8#FF0000FFFFFFFFFF
(1785791813.006366) can0 18F005F8#7DFFFF7DFFFFFFFF
(1785791813.023349) can0 18F015F1#00000049490047BA
(1785791813.043515) can0 18ECFFD1#200E0002FF09FF00
(1785791813.044065) can0 18EBFFD1#0101000B00D368DE
(1785791813.044649) can0 18EBFFD1#0201000A00D5F8DF
(1785791813.094356) can0 1CECFFF1#20120003FF19F000
(1785791813.095338) can0 1CEBFFF1#0127100000000000
(1785791813.096360) can0 1CEBFFF1#0200000000000000
(1785791813.097315) can0 1CEBFFF1#03BA007686FFFFFF
(1785791813.105226) can0 18FEF1F8#FF0000FFFFFFFFFF
(1785791813.106386) can0 18F005F8#7DFFFF7DFFFFFFFF
(1785791813.123458) can0 18F015F1#00000051490947B6
(1785791813.143753) can0 18ECFFD1#200E0002FF09FF00
(1785791813.144176) can0 18EBFFD1#0101000B00D368DE
(1785791813.144792) can0 18EBFFD1#0201000A00D52AE0
(1785791813.145457) can0 18FF14D1#
(1785791813.146001) can0 18FF16D1#01000B0064
(1785791813.194558) can0 1CECFFF1#20120003FF19F000
(1785791813.195330) can0 1CEBFFF1#0127100000000000
(1785791813.196335) can0 1CEBFFF1#0200000000000000
(1785791813.197299) can0 1CEBFFF1#03BA08B087FFFFFF
(1785791813.205290) can0 18FEF1F8#FF0000FFFFFFFFFF
(1785791813.206530) can0 18F005F8#7DFFFF7DFFFFFFFF
(1785791813.223319) can0 18F015F1#0000005A491547A8
(1785791813.243933) can0 18ECFFD1#200E0002FF09FF00
(1785791813.244431) can0 18EBFFD1#0101000B00D368DE
(1785791813.245005) can0 18EBFFD1#0201000A00D52AE0
(1785791813.294384) can0 1CECFFF1#20120003FF19F000
(1785791813.295324) can0 1CEBFFF1#0127100000000000
(1785791813.296334) can0 1CEBFFF1#0200000000000000
(1785791813.297300) can0 1CEBFFF1#03BA127B06FFFFFF
(1785791813.305190) can0 18FEF1F8#FF0000FFFFFFFFFF
(1785791813.306375) can0 18F005F8#7DFFFF7DFFFFFFFF
(1785791813.324580) can0 18F015F1#00000063491D47A6
(1785791813.334239) can0 18F017F1#070010A19DD1
(1785791813.334704) can0 18F018F1#F41203DF8DB0
(1785791813.343488) can0 18ECFFD1#200E0002FF09FF00
(1785791813.344035) can0 18EBFFD1#0101000B00D368DE
(1785791813.344612) can0 18EBFFD1#0201000A00D52AE0
(1785791813.394352) can0 1CECFFF1#20120003FF19F000
(1785791813.395318) can0 1CEBFFF1#0127100000000000
(1785791813.396331) can0 1CEBFFF1#0200000000000000
(1785791813.397305) can0 1CEBFFF1#03BA187C86FFFFFF
(1785791813.406124) can0 18FEF1F8#FF0000FFFFFFFFFF
(1785791813.407254) can0 18F005F8#7DFFFF7DFFFFFFFF
(1785791813.423417) can0 18F015F1#00000069492047A9
(1785791813.443541) can0 18ECFFD1#200E0002FF09FF00
(1785791813.444009) can0 18EBFFD1#0101000B00D368DE
(1785791813.444611) can0 18EBFFD1#0201000A00D52AE0
(1785791813.495378) can0 1CECFFF1#20120003FF19F000
(1785791813.496325) can0 1CEBFFF1#0127100000000000
(1785791813.497331) can0 1CEBFFF1#0200000000000000
(1785791813.498319) can0 1CEBFFF1#03BA1FBEC7FFFFFF
(1785791813.505530) can0 18FEF1F8#FF0000FFFFFFFFFF
(1785791813.506896) can0 18F005F8#7DFFFF7DFFFFFFFF
(1785791813.524510) can0 18F015F1#00000070491B47B2
(1785791813.543697) can0 18ECFFD1#200E0002FF09FF00
(1785791813.544358) can0 18EBFFD1#0101000B00D368DE
(1785791813.544780) can0 18EBFFD1#0201000A00D52AE0
(1785791813.595394) can0 1CECFFF1#20120003FF19F000
(1785791813.596327) can0 1CEBFFF1#0127100000000000
(1785791813.597333) can0 1CEBFFF1#0200000000000000
(1785791813.598346) can0 1CEBFFF1#03BA25AD47FFFFFF
(1785791813.605181) can0 18FEF1F8#FF0000FFFFFFFFFF
(1785791813.606319) can0 18F005F8#7DFFFF7DFFFFFFFF
(1785791813.624331) can0 18F015F1#00000074491747B7
(1785791813.643578) can0 18ECFFD1#200E0002FF09FF00
(1785791813.644096) can0 18EBFFD1#0101000B00D368DE
(1785791813.644676) can0 18EBFFD1#0201000A00D55CE0
(1785791813.645355) can0 18FF14D1#
(1785791813.695554) can0 1CECFFF1#20120003FF19F000
(1785791813.704266) can0 1CEBFFF1#0127100000000000
(1785791813.704419) can0 1CEBFFF1#0200000000000000
(1785791813.704909) can0 1CEBFFF1#03BA26AC07FFFFFF
(1785791813.706265) can0 18FEF1F8#FF0000FFFFFFFFFF
(1785791813.707393) can0 18F005F8#7DFFFF7DFFFFFFFF
(1785791813.724349) can0 18F015F1#00000076491347BD
(1785791813.743587) can0 18ECFFD1#200E0002FF09FF00
(1785791813.744041) can0 18EBFFD1#0101000B00D368DE
(1785791813.744602) can0 18EBFFD1#0201000A00D55CE0
(1785791813.795520) can0 1CECFFF1#20120003FF19F000
(1785791813.796376) can0 1CEBFFF1#0127100000000000
(1785791813.797395) can0 1CEBFFF1#0200000000000000
(1785791813.798558) can0 1CEBFFF1#03BA29A847FFFFFF
(1785791813.805322) can0 18FEF1F8#FF0000FFFFFFFFFF
(1785791813.806484) can0 18F005F8#7DFFFF7DFFFFFFFF
(1785791813.825617) can0 18F015F1#0000007A491347C2
(1785791813.843591) can0 18ECFFD1#200E0002FF09FF00
(1785791813.844076) can0 18EBFFD1#0101000B00D368DE
(1785791813.844583) can0 18EBFFD1#0201000A00D55CE0
(1785791813.895404) can0 1CECFFF1#20120003FF19F000
(1785791813.896337) can0 1CEBFFF1#0127100000000000
(1785791813.897335) can0 1CEBFFF1#0200000000000000
(1785791813.898313) can0 1CEBFFF1#03BA2FAAC7FFFFFF
(1785791813.905358) can0 18FEF1F8#FF0000FFFFFFFFFF
(1785791813.908335) can0 18F005F8#7DFFFF7DFFFFFFFF
(1785791813.926330) can0 18F015F1#00000081490E47C8
(1785791813.943488) can0 18ECFFD1#200E0002FF09FF00
(1785791813.944013) can0 18EBFFD1#0101000B00D368DE
(1785791813.944616) can0 18EBFFD1#0201000A00D55CE0
(1785791813.995379) can0 1CECFFF1#20120003FF19F000
(1785791813.996337) can0 1CEBFFF1#0127100000000000
(1785791813.997349) can0 1CEBFFF1#0200000000000000
(1785791813.998320) can0 1CEBFFF1#03BA34A187FFFFFF
(1785791814.005416) can0 18FEF1F8#FF0000FFFFFFFFFF
(1785791814.006678) can0 18F005F8#7DFFFF7DFFFFFFFF
(1785791814.024407) can0 18F015F1#00000083491447CB
(1785791814.043488) can0 18ECFFD1#200E0002FF09FF00
(1785791814.044020) can0 18EBFFD1#0101000B00D368DE
(1785791814.044604) can0 18EBFFD1#0201000A00D55CE0
(1785791814.096407) can0 1CECFFF1#20120003FF19F000
(1785791814.097344) can0 1CEBFFF1#0127100000000000
(1785791814.098350) can0 1CEBFFF1#0200000000000000
(1785791814.099329) can0 1CEBFFF1#03BA34A187FFFFFF
(1785791814.105482) can0 18FEF1F8#FF0000FFFFFFFFFF
(1785791814.106705) can0 18F005F8#7DFFFF7DFFFFFFFF
(1785791814.124449) can0 18F015F1#00000082491247C8
(1785791814.143593) can0 18ECFFD1#200E0002FF09FF00
(1785791814.144208) can0 18EBFFD1#0101000B00D368DE
(1785791814.144804) can0 18EBFFD1#0201000A00D524E1
(1785791814.145885) can0 18FF14D1#
(1785791814.195719) can0 1CECFFF1#20120003FF19F000
(1785791814.196495) can0 1CEBFFF1#0127100000000000
(1785791814.197430) can0 1CEBFFF1#0200000000000000
(1785791814.198456) can0 1CEBFFF1#03BA356146FFFFFF
(1785791814.205481) can0 18FEF1F8#FF0000FFFFFFFFFF
(1785791814.206817) can0 18F005F8#7DFFFF7DFFFFFFFF
(1785791814.224416) can0 18F015F1#00000084491247C7
(1785791814.243593) can0 18ECFFD1#200E0002FF09FF00
(1785791814.244070) can0 18EBFFD1#0101000B00D368DE
(1785791814.244551) can0 18EBFFD1#0201000A00D524E1
(1785791814.296468) can0 1CECFFF1#20120003FF19F000
(1785791814.297335) can0 1CEBFFF1#0127100000000000
(1785791814.298347) can0 1CEBFFF1#0200000000000000
(1785791814.299314) can0 1CEBFFF1#03BA38A487FFFFFF
(1785791814.305252) can0 18FEF1F8#FF0000FFFFFFFFFF
(1785791814.306491) can0 18F005F8#7DFFFF7DFFFFFFFF
(1785791814.325448) can0 18F015F1#00000088491147BF
(1785791814.336302) can0 18F017F1#F4630EEEA36A
(1785791814.336699) can0 18F018F1#EC0004D18DBD
(1785791814.343491) can0 18ECFFD1#200E0002FF09FF00
(1785791814.343999) can0 18EBFFD1#0101000B00D368DE
(1785791814.344613) can0 18EBFFD1#0201000A00D524E1
(1785791814.396413) can0 1CECFFF1#20120003FF19F000
(1785791814.397340) can0 1CEBFFF1#0127100000000000
(1785791814.398345) can0 1CEBFFF1#0200000000000000
(1785791814.399319) can0 1CEBFFF1#03BA396446FFFFFF
(1785791814.405503) can0 18FEF1F8#FF0000FFFFFFFFFF
(1785791814.406709) can0 18F005F8#7DFFFF7DFFFFFFFF
(1785791814.425361) can0 18F015F1#00000087492347B7
(1785791814.443591) can0 18ECFFD1#200E0002FF09FF00
(1785791814.444044) can0 18EBFFD1#0101000B00D368DE
(1785791814.444605) can0 18EBFFD1#0201000A00D524E1
(1785791814.496487) can0 1CECFFF1#20120003FF19F000
(1785791814.497352) can0 1CEBFFF1#0127100000000000
(1785791814.498348) can0 1CEBFFF1#0200000000000000
(1785791814.499314) can0 1CEBFFF1#03BA38A487FFFFFF
(1785791814.505187) can0 18FEF1F8#FF0000FFFFFFFFFF
(1785791814.506317) can0 18F005F8#7DFFFF7DFFFFFFFF
(1785791814.525339) can0 18F015F1#00000087492347B1
(1785791814.543455) can0 18ECFFD1#200E0002FF09FF00
(1785791814.543995) can0 18EBFFD1#0101000B00D3CCDE
(1785791814.544577) can0 18EBFFD1#0201000A00D524E1
(1785791814.596392) can0 1CECFFF1#20120003FF19F000
(1785791814.597431) can0 1CEBFFF1#0127100000000000
(1785791814.598343) can0 1CEBFFF1#0200000000000000
(1785791814.599313) can0 1CEBFFF1#03BA3A6506FFFFFF
(1785791814.605174) can0 18FEF1F8#FF0000FFFFFFFFFF
(1785791814.606303) can0 18F005F8#7DFFFF7DFFFFFFFF
(1785791814.625338) can0 18F015F1#0000008A492447AF
(1785791814.643589) can0 18ECFFD1#200E0002FF09FF00
(1785791814.644099) can0 18EBFFD1#0101000B00D3CCDE
(1785791814.644704) can0 18EBFFD1#0201000A00D524E1
(1785791814.645722) can0 18FF14D1#
(1785791814.696379) can0 1CECFFF1#20120003FF19F000
(1785791814.697338) can0 1CEBFFF1#0127100000000000
(1785791814.698347) can0 1CEBFFF1#0200000000000000
(1785791814.699322) can0 1CEBFFF1#03BA3DA747FFFFFF
(1785791814.705190) can0 18FEF1F8#FF0000FFFFFFFFFF
(1785791814.706346) can0 18F005F8#7DFFFF7DFFFFFFFF
(1785791814.725328) can0 18F015F1#0000008D492347B2
(1785791814.743467) can0 18ECFFD1#200E0002FF09FF00
(1785791814.744017) can0 18EBFFD1#0101000B00D3CCDE
(1785791814.744596) can0 18EBFFD1#0201000A00D524E1
(1785791814.796527) can0 1CECFFF1#20120003FF19F000
(1785791814.797422) can0 1CEBFFF1#0127100000000000
(1785791814.798398) can0 1CEBFFF1#0200000000000000
(1785791814.799348) can0 1CEBFFF1#03BA408687FFFFFF
(1785791814.805306) can0 18FEF1F8#FF0000FFFFFFFFFF
(1785791814.806704) can0 18F005F8#7DFFFF7DFFFFFFFF
(1785791814.826541) can0 18F015F1#00000090492147B3
(1785791814.843517) can0 18ECFFD1#200E0002FF09FF00
(1785791814.843987) can0 18EBFFD1#0101000B00D3CCDE
(1785791814.844604) can0 18EBFFD1#0201000A00D524E1
(1785791814.897437) can0 1CECFFF1#20120003FF19F000
(1785791814.898466) can0 1CEBFFF1#0127100000000000
(1785791814.899423) can0 1CEBFFF1#0200000000000000
(1785791814.900333) can0 1CEBFFF1#03BA414646FFFFFF
(1785791814.905834) can0 18FEF1F8#FF0000FFFFFFFFFF
(1785791814.907006) can0 18F005F8#7DFFFF7DFFFFFFFF
(1785791814.926379) can0 18F015F1#00000090492147B6
(1785791814.943495) can0 18ECFFD1#200E0002FF09FF00
(1785791814.944019) can0 18EBFFD1#0101000B00D3CCDE
(1785791814.944629) can0 18EBFFD1#0201000A00D524E1
(1785791814.997386) can0 1CECFFF1#20120003FF19F000
(1785791814.998334) can0 1CEBFFF1#0127100000000000
(1785791814.999342) can0 1CEBFFF1#0200000000000000
(1785791815.000313) can0 1CEBFFF1#03BA414646FFFFFF
(1785791815.005161) can0 18FEF1F8#FF0000FFFFFFFFFF
(1785791815.006317) can0 18F005F8#7DFFFF7DFFFFFFFF
(1785791815.026356) can0 18F015F1#0000008F492547BC
(1785791815.043412) can0 18ECFFD1#200E0002FF09FF00
(1785791815.043956) can0 18EBFFD1#0101000B00D3CCDE
(1785791815.044538) can0 18EBFFD1#0201000A00D524E1
(1785791815.097404) can0 1CECFFF1#20120003FF19F000
(1785791815.098339) can0 1CEBFFF1#0127100000000000
(1785791815.099346) can0 1CEBFFF1#0200000000000000
(1785791815.100327) can0 1CEBFFF1#03BA3F66C6FFFFFF
(1785791815.105327) can0 18FEF1F8#FF0000FFFFFFFFFF
(1785791815.106505) can0 18F005F8#7DFFFF7DFFFFFFFF
(1785791815.126432) can0 18F015F1#0000008D492C47BE
(1785791815.143723) can0 18ECFFD1#200E0002FF09FF00
(1785791815.144162) can0 18EBFFD1#0101000B00D3CCDE
(1785791815.144719) can0 18EBFFD1#0201000A00D524E1
(1785791815.145513) can0 18FF14D1#
(1785791815.146056) can0 18FF16D1#01000A0064
(1785791815.197475) can0 1CECFFF1#20120003FF19F000
(1785791815.198345) can0 1CEBFFF1#0127100000000000
(1785791815.199342) can0 1CEBFFF1#0200000000000000
(1785791815.200321) can0 1CEBFFF1#03BA3A6506FFFFFF
(1785791815.205262) can0 18FEF1F8#FF0000FFFFFFFFFF
(1785791815.206415) can0 18F005F8#7DFFFF7DFFFFFFFF
(1785791815.226615) can0 18F015F1#00000086493747C2
(1785791815.243426) can0 18ECFFD1#200E0002FF09FF00
(1785791815.243992) can0 18EBFFD1#0101000B00D3CCDE
(1785791815.244542) can0 18EBFFD1#0201000A00D524E1
(1785791815.297423) can0 1CECFFF1#20120003FF19F000
(1785791815.298334) can0 1CEBFFF1#0127100000000000
(1785791815.299344) can0 1CEBFFF1#0200000000000000
(1785791815.300321) can0 1CEBFFF1#03BA2FAAC7FFFFFF
(1785791815.305178) can0 18FEF1F8#FF0000FFFFFFFFFF
(1785791815.306330) can0 18F005F8#7DFFFF7DFFFFFFFF
(1785791815.327354) can0 18F015F1#0000007B493847CB
(1785791815.337250) can0 18F017F1#F4630EEEA36A
(1785791815.337710) can0 18F018F1#EC0004D18DBD
(1785791815.343435) can0 18ECFFD1#200E0002FF09FF00
(1785791815.343981) can0 18EBFFD1#0101000B00D3CCDE
(1785791815.344573) can0 18EBFFD1#0201000A00D524E1
(1785791815.397387) can0 1CECFFF1#20120003FF19F000
(1785791815.398349) can0 1CEBFFF1#0127100000000000
(1785791815.399355) can0 1CEBFFF1#0200000000000000
(1785791815.400330) can0 1CEBFFF1#03BA226F06FFFFFF
(1785791815.405251) can0 18FEF1F8#FF0000FFFFFFFFFF
(1785791815.406404) can0 18F005F8#7DFFFF7DFFFFFFFF
(1785791815.426348) can0 18F015F1#0000006D493E47D5
(1785791815.443545) can0 18ECFFD1#200E0002FF09FF00
(1785791815.443937) can0 18EBFFD1#0101000B00D3CCDE
(1785791815.444529) can0 18EBFFD1#0201000A00D524E1
(1785791815.497463) can0 1CECFFF1#20120003FF19F000
(1785791815.498339) can0 1CEBFFF1#0127100000000000
(1785791815.499341) can0 1CEBFFF1#0200000000000000
(1785791815.500313) can0 1CEBFFF1#03BA13BBC7FFFFFF
(1785791815.506741) can0 18FEF1F8#FF0000FFFFFFFFFF
(1785791815.508265) can0 18F005F8#7DFFFF7DFFFFFFFF
(1785791815.526525) can0 18F015F1#0000005C493F47D7
(1785791815.543433) can0 18ECFFD1#200E0002FF09FF00
(1785791815.544105) can0 18EBFFD1#0101000B00D3CCDE
(1785791815.544683) can0 18EBFFD1#0201000A00D524E1
(1785791815.597407) can0 1CECFFF1#20120003FF19F000
(1785791815.598332) can0 1CEBFFF1#0127100000000000
(1785791815.599347) can0 1CEBFFF1#0200000000000000
(1785791815.600341) can0 1CEBFFF1#03B9FCC786FFFFFF
(1785791815.605205) can0 18FEF1F8#FF0000FFFFFFFFFF
(1785791815.606408) can0 18F005F8#7DFFFF7DFFFFFFFF
(1785791815.626363) can0 18F015F1#00000043494047D2
(1785791815.643486) can0 18ECFFD1#200E0002FF09FF00
(1785791815.644031) can0 18EBFFD1#0101000B00D3CCDE
(1785791815.644656) can0 18EBFFD1#0201000A00D524E1
(1785791815.645572) can0 18FF14D1#
(1785791815.698395) can0 1CECFFF1#20120003FF19F000
(1785791815.699340) can0 1CEBFFF1#0127100000000000
(1785791815.700352) can0 1CEBFFF1#0200000000000000
(1785791815.701328) can0 1CEBFFF1#03B9E2CF06FFFFFF
(1785791815.705295) can0 18FEF1F8#FF0000FFFFFFFFFF
(1785791815.706488) can0 18F005F8#7DFFFF7DFFFFFFFF
(1785791815.727341) can0 18F015F1#0000002A494547CC
(1785791815.743425) can0 18ECFFD1#200E0002FF09FF00
(1785791815.743988) can0 18EBFFD1#0101000B00D3CCDE
(1785791815.744583) can0 18EBFFD1#0201000A00D524E1
(1785791815.798489) can0 1CECFFF1#20120003FF19F000
(1785791815.799367) can0 1CEBFFF1#0127100000000000
(1785791815.800390) can0 1CEBFFF1#0200000000000000
(1785791815.801347) can0 1CEBFFF1#03B9CCD386FFFFFF
(1785791815.805250) can0 18FEF1F8#FF0000FFFFFFFFFF
(1785791815.806417) can0 18F005F8#7DFFFF7DFFFFFFFF
(1785791815.827508) can0 18F015F1#00000015494547C9
(1785791815.843500) can0 18ECFFD1#200E0002FF09FF00
(1785791815.843991) can0 18EBFFD1#0101000B00D3CCDE
(1785791815.844511) can0 18EBFFD1#0201000A00D524E1
(1785791815.898402) can0 1CECFFF1#20120003FF19F000
(1785791815.899355) can0 1CEBFFF1#0127100000000000
(1785791815.900366) can0 1CEBFFF1#0200000000000000
(1785791815.901331) can0 1CEBFFF1#03B9B63007FFFFFF
(1785791815.914197) can0 18FEF1F8#FF0000FFFFFFFFFF
(1785791815.918575) can0 18F005F8#7DFFFF7DFFFFFFFF
(1785791815.927372) can0 18F015F1#00008C9E494447C4
(1785791815.943512) can0 18ECFFD1#200E0002FF09FF00
(1785791815.944015) can0 18EBFFD1#0101000B00D3CCDE
(1785791815.944562) can0 18EBFFD1#0201000A00D524E1
(1785791815.998432) can0 1CECFFF1#20120003FF19F000
(1785791815.999355) can0 1CEBFFF1#0127100000000000
(1785791816.000359) can0 1CEBFFF1#0200000000000000
(1785791816.001367) can0 1CEBFFF1#03463C67C7FFFFFF
(1785791816.005323) can0 18FEF1F8#FF0000FFFFFFFFFF
(1785791816.006523) can0 18F005F8#7DFFFF7DFFFFFFFF
(1785791816.027419) can0 18F015F1#00008C85493E47C7
(1785791816.043787) can0 18ECFFD1#200E0002FF09FF00
(1785791816.044407) can0 18EBFFD1#0101000B00D3CCDE
(1785791816.045011) can0 18EBFFD1#0201000A00D524E1
(1785791816.098410) can0 1CECFFF1#20120003FF19F000
(1785791816.099347) can0 1CEBFFF1#0127100000000000
(1785791816.100388) can0 1CEBFFF1#0200000000000000
(1785791816.101331) can0 1CEBFFF1#0346276C87FFFFFF
(1785791816.105201) can0 18FEF1F8#FF0000FFFFFFFFFF
(1785791816.106348) can0 18F005F8#7DFFFF7DFFFFFFFF
(1785791816.127388) can0 18F015F1#00008C71493D47CD
(1785791816.143662) can0 18ECFFD1#200E0002FF09FF00
(1785791816.144027) can0 18EBFFD1#0101000B00D3CCDE
(1785791816.144557) can0 18EBFFD1#0201000A00D524E1
(1785791816.145338) can0 18FF14D1#
(1785791816.199318) can0 1CECFFF1#20120003FF19F000
(1785791816.199901) can0 1CEBFFF1#0127100000000000
(1785791816.200472) can0 1CEBFFF1#0200000000000000
(1785791816.201471) can0 1CEBFFF1#034613BB86FFFFFF
(1785791816.205457) can0 18FEF1F8#FF0000FFFFFFFFFF
(1785791816.206734) can0 18F005F8#7DFFFF7DFFFFFFFF
(1785791816.227378) can0 18F015F1#00008C5D493C47D1
(1785791816.243396) can0 18ECFFD1#200E0002FF09FF00
(1785791816.243924) can0 18EBFFD1#0101000B00D3CCDE
(1785791816.244489) can0 18EBFFD1#0201000A00D524E1
(1785791816.298413) can0 1CECFFF1#20120003FF19F000
(1785791816.299356) can0 1CEBFFF1#0127100000000000
(1785791816.300363) can0 1CEBFFF1#0200000000000000
(1785791816.301348) can0 1CEBFFF1#0345FD0706FFFFFF
(1785791816.305189) can0 18FEF1F8#FF0000FFFFFFFFFF
(1785791816.306335) can0 18F005F8#7DFFFF7DFFFFFFFF
(1785791816.328353) can0 18F015F1#00008C45493A47D2
(1785791816.338282) can0 18F017F1#F00D0EB3A17C
(1785791816.338738) can0 18F018F1#E8170388912E
(1785791816.343854) can0 18ECFFD1#200E0002FF09FF00
(1785791816.344395) can0 18EBFFD1#0101000B00D3CCDE
(1785791816.344981) can0 18EBFFD1#0201000A00D524E1
(1785791816.398409) can0 1CECFFF1#20120003FF19F000
(1785791816.399354) can0 1CEBFFF1#0127100000000000
(1785791816.400364) can0 1CEBFFF1#0200000000000000
(1785791816.401336) can0 1CEBFFF1#0345E4CDC7FFFFFF
(1785791816.405230) can0 18FEF1F8#FF0000FFFFFFFFFF
(1785791816.406374) can0 18F005F8#7DFFFF7DFFFFFFFF
(1785791816.427376) can0 18F015F1#00008C2D493747D5
(1785791816.443454) can0 18ECFFD1#200E0002FF09FF00
(1785791816.443940) can0 18EBFFD1#0101000B00D3CCDE
(1785791816.445021) can0 18EBFFD1#0201000A00D524E1
(1785791816.504828) can0 1CECFFF1#20120003FF19F000
(1785791816.505241) can0 1CEBFFF1#0345D1DA07FFFFFF
(1785791816.505424) can0 1CEBFFF1#0127100000000000
(1785791816.507208) can0 18FEF1F8#FF0000FFFFFFFFFF
(1785791816.508639) can0 18F005F8#7DFFFF7DFFFFFFFF
(1785791816.528414) can0 18F015F1#00008C1C493847D9
(1785791816.543441) can0 18ECFFD1#200E0002FF09FF00
(1785791816.543972) can0 18EBFFD1#0101000B00D3CCDE
(1785791816.544549) can0 18EBFFD1#0201000A00D524E1
(1785791816.599455) can0 1CECFFF1#20120003FF19F000
(1785791816.600396) can0 1CEBFFF1#0127100000000000
(1785791816.601363) can0 1CEBFFF1#0200000000000000
(1785791816.602343) can0 1CEBFFF1#0345BEF647FFFFFF
(1785791816.605211) can0 18FEF1F8#FF0000FFFFFFFFFF
(1785791816.606358) can0 18F005F8#7DFFFF7DFFFFFFFF
(1785791816.628361) can0 18F015F1#00008C07493647E0
(1785791816.643515) can0 18ECFFD1#200E0002FF09FF00
(1785791816.644039) can0 18EBFFD1#0101000B00D330DF
(1785791816.644621) can0 18EBFFD1#0201000A00D5B4E2
(1785791816.645286) can0 18FF14D1#
(1785791816.699396) can0 1CECFFF1#20120003FF19F000
(1785791816.700346) can0 1CEBFFF1#0127100000000000
(1785791816.701354) can0 1CEBFFF1#0200000000000000
(1785791816.702334) can0 1CEBFFF1#0345A6FC47FFFFFF
(1785791816.705160) can0 18FEF1F8#FF0000FFFFFFFFFF
(1785791816.706301) can0 18F005F8#7DFFFF7DFFFFFFFF
(1785791816.728345) can0 18F015F1#00008BEF493747E4
(1785791816.743351) can0 18ECFFD1#200E0002FF09FF00
(1785791816.743898) can0 18EBFFD1#0101000B00D330DF
(1785791816.744467) can0 18EBFFD1#0201000A00D5B4E2
(1785791816.799485) can0 1CECFFF1#20120003FF19F000
(1785791816.800354) can0 1CEBFFF1#0127100000000000
(1785791816.801362) can0 1CEBFFF1#0200000000000000
(1785791816.802333) can0 1CEBFFF1#0345912A06FFFFFF
(1785791816.805208) can0 18FEF1F8#FF0000FFFFFFFFFF
(1785791816.806418) can0 18F005F8#7DFFFF7DFFFFFFFF
(1785791816.829549) can0 18F015F1#00008BDB493A47DF
(1785791816.843629) can0 18ECFFD1#200E0002FF09FF00
(1785791816.844051) can0 18EBFFD1#0101000B00D330DF
(1785791816.844537) can0 18EBFFD1#0201000A00D5B4E2
(1785791816.899401) can0 1CECFFF1#20120003FF19F000
(1785791816.900357) can0 1CEBFFF1#0127100000000000
(1785791816.901379) can0 1CEBFFF1#0200000000000000
(1785791816.902388) can0 1CEBFFF1#03457DA707FFFFFF
(1785791816.905439) can0 18FEF1F8#FF0000FFFFFFFFFF
(1785791816.906666) can0 18F005F8#7DFFFF7DFFFFFFFF
(1785791816.928437) can0 18F015F1#00008BC6493D47DB
(1785791816.943459) can0 18ECFFD1#200E0002FF09FF00
(1785791816.943932) can0 18EBFFD1#0101000B00D330DF
(1785791816.944541) can0 18EBFFD1#0201000A00D5B4E2
(1785791816.999407) can0 1CECFFF1#20120003FF19F000
(1785791817.000346) can0 1CEBFFF1#0127100000000000
(1785791817.001381) can0 1CEBFFF1#0200000000000000
(1785791817.002350) can0 1CEBFFF1#034566AC47FFFFFF
(1785791817.005200) can0 18FEF1F8#FF0000FFFFFFFFFF
(1785791817.006357) can0 18F005F8#7DFFFF7DFFFFFFFF
(1785791817.028385) can0 18F015F1#00008BB0493F47D6
(1785791817.043360) can0 18ECFFD1#200E0002FF09FF00
(1785791817.043907) can0 18EBFFD1#0101000B00D330DF
(1785791817.044519) can0 18EBFFD1#0201000A00D5B4E2
(1785791817.099391) can0 1CECFFF1#20120003FF19F000
(1785791817.100356) can0 1CEBFFF1#0127100000000000
(1785791817.101359) can0 1CEBFFF1#0200000000000000
(1785791817.102332) can0 1CEBFFF1#034553BB87FFFFFF
(1785791817.105182) can0 18FEF1F8#FF0000FFFFFFFFFF
(1785791817.106310) can0 18F005F8#7DFFFF7DFFFFFFFF
(1785791817.128365) can0 18F015F1#00008B9E493E47D7
(1785791817.143651) can0 18ECFFD1#200E0002FF09FF00
(1785791817.144105) can0 18EBFFD1#0101000B00D368DE
(1785791817.144674) can0 18EBFFD1#0201000A00D5B4E2
(1785791817.145317) can0 18FF14D1#
(1785791817.145951) can0 18FF16D1#01000A0064
(1785791817.200473) can0 1CECFFF1#20120003FF19F000
(1785791817.201354) can0 1CEBFFF1#0127100000000000
(1785791817.202456) can0 1CEBFFF1#0200000000000000
(1785791817.203420) can0 1CEBFFF1#034544B5C7FFFFFF
(1785791817.205584) can0 18FEF1F8#FF0000FFFFFFFFFF
(1785791817.206920) can0 18F005F8#7DFFFF7DFFFFFFFF
(1785791817.229373) can0 18F015F1#00008B8F493F47D7
(1785791817.243595) can0 18ECFFD1#200E0002FF09FF00
(1785791817.244128) can0 18EBFFD1#0101000B00D368DE
(1785791817.244710) can0 18EBFFD1#0201000A00D5B4E2
(1785791817.300414) can0 1CECFFF1#20120003FF19F000
(1785791817.301349) can0 1CEBFFF1#0127100000000000
(1785791817.302378) can0 1CEBFFF1#0200000000000000
(1785791817.303331) can0 1CEBFFF1#0345325346FFFFFF
(1785791817.305156) can0 18FEF1F8#FF0000FFFFFFFFFF
(1785791817.306278) can0 18F005F8#7DFFFF7DFFFFFFFF
(1785791817.329376) can0 18F015F1#00008B7C493F47DB
(1785791817.340297) can0 18F017F1#F00D0EB3A17C
(1785791817.340745) can0 18F018F1#E8170388912E
(1785791817.343381) can0 18ECFFD1#200E0002FF09FF00
(1785791817.343938) can0 18EBFFD1#0101000B00D368DE
(1785791817.344542) can0 18EBFFD1#0201000A00D5B4E2
(1785791817.400404) can0 1CECFFF1#20120003FF19F000
(1785791817.401360) can0 1CEBFFF1#0127100000000000
(1785791817.402370) can0 1CEBFFF1#0200000000000000
(1785791817.403349) can0 1CEBFFF1#03451F4E86FFFFFF
(1785791817.405225) can0 18FEF1F8#FF0000FFFFFFFFFF
(1785791817.406390) can0 18F005F8#7DFFFF7DFFFFFFFF
(1785791817.429413) can0 18F015F1#00008B6A493947E0
(1785791817.443375) can0 18ECFFD1#200E0002FF09FF00
(1785791817.443899) can0 18EBFFD1#0101000B00D368DE
(1785791817.444505) can0 18EBFFD1#0201000A00D5B4E2
(1785791817.500480) can0 1CECFFF1#20120003FF19F000
(1785791817.501377) can0 1CEBFFF1#0127100000000000
(1785791817.502416) can0 1CEBFFF1#0200000000000000
(1785791817.503384) can0 1CEBFFF1#0345128B47FFFFFF
(1785791817.505590) can0 18FEF1F8#FF0000FFFFFFFFFF
(1785791817.507232) can0 18F005F8#7DFFFF7DFFFFFFFF
(1785791817.529513) can0 18F015F1#00008B5F493447E6
(1785791817.543453) can0 18ECFFD1#200E0002FF09FF00
(1785791817.543918) can0 18EBFFD1#0101000B00D368DE
(1785791817.544517) can0 18EBFFD1#0201000A00D5B4E2
(1785791817.600410) can0 1CECFFF1#20120003FF19F000
(1785791817.601354) can0 1CEBFFF1#0127100000000000
(1785791817.602359) can0 1CEBFFF1#0200000000000000
(1785791817.603384) can0 1CEBFFF1#0345074486FFFFFF
(1785791817.605254) can0 18FEF1F8#FF0000FFFFFFFFFF
(1785791817.606402) can0 18F005F8#7DFFFF7DFFFFFFFF
(1785791817.629374) can0 18F015F1#00008B53492F47E5
(1785791817.643434) can0 18ECFFD1#200E0002FF09FF00
(1785791817.643962) can0 18EBFFD1#0101000B00D3D8DC
(1785791817.644574) can0 18EBFFD1#0201000A00D55CE0
(1785791817.645222) can0 18FF14D1#
(1785791817.700406) can0 1CECFFF1#20120003FF19F000
(1785791817.701362) can0 1CEBFFF1#0127100000000000
(1785791817.702369) can0 1CEBFFF1#0200000000000000
(1785791817.703346) can0 1CEBFFF1#0344F95406FFFFFF
(1785791817.705448) can0 18FEF1F8#FF0000FFFFFFFFFF
(1785791817.706619) can0 18F005F8#7DFFFF7DFFFFFFFF
(1785791817.729355) can0 18F015F1#00008B45492447DF
(1785791817.743399) can0 18ECFFD1#200E0002FF09FF00
(1785791817.744044) can0 18EBFFD1#0101000B00D3D8DC
(1785791817.744681) can0 18EBFFD1#0201000A00D55CE0
(1785791817.800491) can0 1CECFFF1#20120003FF19F000
(1785791817.801367) can0 1CEBFFF1#0127100000000000
(1785791817.802378) can0 1CEBFFF1#0200000000000000
(1785791817.803352) can0 1CEBFFF1#0344EC9BC7FFFFFF
(1785791817.805193) can0 18FEF1F8#FF0000FFFFFFFFFF
(1785791817.806388) can0 18F005F8#7DFFFF7DFFFFFFFF
(1785791817.830484) can0 18F015F1#00008B3A491F47D1
(1785791817.843542) can0 18ECFFD1#200E0002FF09FF00
(1785791817.843938) can0 18EBFFD1#0101000B00D3D8DC
(1785791817.844907) can0 18EBFFD1#0201000A00D55CE0
(1785791817.900420) can0 1CECFFF1#20120003FF19F000
(1785791817.901363) can0 1CEBFFF1#0127100000000000
(1785791817.902373) can0 1CEBFFF1#0200000000000000
(1785791817.903352) can0 1CEBFFF1#0344E59D07FFFFFF
(1785791817.905376) can0 18FEF1F8#FF0000FFFFFFFFFF
(1785791817.906590) can0 18F005F8#7DFFFF7DFFFFFFFF
(1785791817.930642) can0 18F015F1#00008B34491C47C8
(1785791817.944049) can0 18ECFFD1#200E0002FF09FF00
(1785791817.944936) can0 18EBFFD1#0201000A00D55CE0
(1785791817.945172) can0 18EBFFD1#0101000B00D3D8DC
(1785791818.001446) can0 1CECFFF1#20120003FF19F000
(1785791818.002534) can0 1CEBFFF1#0127100000000000
(1785791818.003387) can0 1CEBFFF1#0200000000000000
(1785791818.004398) can0 1CEBFFF1#0344E25F46FFFFFF
(1785791818.005606) can0 18FEF1F8#FF0000FFFFFFFFFF
(1785791818.006930) can0 18F005F8#7DFFFF7DFFFFFFFF
(1785791818.030389) can0 18F015F1#00008B31492147C9
(1785791818.043357) can0 18ECFFD1#200E0002FF09FF00
(1785791818.043894) can0 18EBFFD1#0101000B00D3D8DC
(1785791818.044485) can0 18EBFFD1#0201000A00D55CE0
(1785791818.101459) can0 1CECFFF1#20120003FF19F000
(1785791818.102379) can0 1CEBFFF1#0127100000000000
(1785791818.103387) can0 1CEBFFF1#0200000000000000
(1785791818.104374) can0 1CEBFFF1#0344DF8E87FFFFFF
(1785791818.105536) can0 18FEF1F8#FF0000FFFFFFFFFF
(1785791818.106688) can0 18F005F8#7DFFFF7DFFFFFFFF
(1785791818.130487) can0 18F015F1#00008B2F492447D2
(1785791818.143541) can0 18ECFFD1#200E0002FF09FF00
(1785791818.144049) can0 18EBFFD1#0101000B00D3D8DC
(1785791818.144544) can0 18EBFFD1#0201000A00D55CE0
(1785791818.145280) can0 18FF14D1#
(1785791818.201835) can0 1CECFFF1#20120003FF19F000
(1785791818.202595) can0 1CEBFFF1#0127100000000000
(1785791818.203427) can0 1CEBFFF1#0200000000000000
(1785791818.204387) can0 1CEBFFF1#0344DF8E87FFFFFF
(1785791818.205900) can0 18FEF1F8#FF0000FFFFFFFFFF
(1785791818.207212) can0 18F005F8#7DFFFF7DFFFFFFFF
(1785791818.230453) can0 18F015F1#00008B2E492847D6
(1785791818.243331) can0 18ECFFD1#200E0002FF09FF00
(1785791818.243875) can0 18EBFFD1#0101000B00D3D8DC
(1785791818.244476) can0 18EBFFD1#0201000A00D55CE0
(1785791818.301447) can0 1CECFFF1#20120003FF19F000
(1785791818.302362) can0 1CEBFFF1#0127100000000000
(1785791818.303372) can0 1CEBFFF1#0200000000000000
(1785791818.304364) can0 1CEBFFF1#0344DC8FC7FFFFFF
(1785791818.305532) can0 18FEF1F8#FF0000FFFFFFFFFF
(1785791818.306708) can0 18F005F8#7DFFFF7DFFFFFFFF
(1785791818.331380) can0 18F015F1#00008B2A492947D4
(1785791818.341298) can0 18F017F1#F382103F9EAC
(1785791818.341751) can0 18F018F1#EB360549892B
(1785791818.343328) can0 18ECFFD1#200E0002FF09FF00
(1785791818.343882) can0 18EBFFD1#0101000B00D3D8DC
(1785791818.344505) can0 18EBFFD1#0201000A00D55CE0
(1785791818.401410) can0 1CECFFF1#20120003FF19F000
(1785791818.402370) can0 1CEBFFF1#0127100000000000
(1785791818.403377) can0 1CEBFFF1#0200000000000000
(1785791818.404395) can0 1CEBFFF1#0344D74886FFFFFF
(1785791818.405601) can0 18FEF1F8#FF0000FFFFFFFFFF
(1785791818.406768) can0 18F005F8#7DFFFF7DFFFFFFFF
(1785791818.430349) can0 18F015F1#00008B26492947D4
(1785791818.446060) can0 18ECFFD1#200E0002FF09FF00
(1785791818.446414) can0 18EBFFD1#0201000A00D55CE0
(1785791818.446601) can0 18EBFFD1#0101000B00D3D8DC
(1785791818.501569) can0 1CECFFF1#20120003FF19F000
(1785791818.502422) can0 1CEBFFF1#0127100000000000
(1785791818.503407) can0 1CEBFFF1#0200000000000000
(1785791818.504402) can0 1CEBFFF1#0344D68847FFFFFF
(1785791818.505793) can0 18FEF1F8#FF0000FFFFFFFFFF
(1785791818.507574) can0 18F005F8#7DFFFF7DFFFFFFFF
(1785791818.530362) can0 18F015F1#00008B26492447D5
(1785791818.543306) can0 18ECFFD1#200E0002FF09FF00
(1785791818.543857) can0 18EBFFD1#0101000B00D3D8DC
(1785791818.544468) can0 18EBFFD1#0201000A00D55CE0
(1785791818.602406) can0 1CECFFF1#20120003FF19F000
(1785791818.603358) can0 1CEBFFF1#0127100000000000
(1785791818.604372) can0 1CEBFFF1#0200000000000000
(1785791818.605346) can0 1CEBFFF1#0344D58907FFFFFF
(1785791818.605935) can0 18FEF1F8#FF0000FFFFFFFFFF
(1785791818.607783) can0 18F005F8#7DFFFF7DFFFFFFFF
(1785791818.631363) can0 18F015F1#00008B24492547DE
(1785791818.643437) can0 18ECFFD1#200E0002FF09FF00
(1785791818.643983) can0 18EBFFD1#0101000B00D3D8DC
(1785791818.644592) can0 18EBFFD1#0201000A00D55CE0
(1785791818.645340) can0 18FF14D1#
(1785791818.702423) can0 1CECFFF1#20120003FF19F000
(1785791818.703375) can0 1CEBFFF1#0127100000000000
(1785791818.704396) can0 1CEBFFF1#0200000000000000
(1785791818.705361) can0 1CEBFFF1#0344D38B87FFFFFF
(1785791818.705939) can0 18FEF1F8#FF0000FFFFFFFFFF
(1785791818.707079) can0 18F005F8#7DFFFF7DFFFFFFFF
(1785791818.731395) can0 18F015F1#00008B22492547E7
(1785791818.743337) can0 18ECFFD1#200E0002FF09FF00
(1785791818.743865) can0 18EBFFD1#0101000B00D3D8DC
(1785791818.744469) can0 18EBFFD1#0201000A00D55CE0
(1785791818.802498) can0 1CECFFF1#20120003FF19F000
(1785791818.803366) can0 1CEBFFF1#0127100000000000
(1785791818.804391) can0 1CEBFFF1#0200000000000000
(1785791818.805351) can0 1CEBFFF1#0344D08AC7FFFFFF
(1785791818.805956) can0 18FEF1F8#FF0000FFFFFFFFFF
(1785791818.807084) can0 18F005F8#7DFFFF7DFFFFFFFF
(1785791818.831899) can0 18F015F1#00008B1F492447EE
(1785791818.843515) can0 18ECFFD1#200E0002FF09FF00
(1785791818.843871) can0 18EBFFD1#0101000B00D3D8DC
(1785791818.845090) can0 18EBFFD1#0201000A00D55CE0
(1785791818.902412) can0 1CECFFF1#20120003FF19F000
(1785791818.903359) can0 1CEBFFF1#0127100000000000
(1785791818.904411) can0 1CEBFFF1#0200000000000000
(1785791818.905353) can0 1CEBFFF1#0344CA4146FFFFFF
(1785791818.905946) can0 18FEF1F8#FF0000FFFFFFFFFF
(1785791818.907105) can0 18F005F8#7DFFFF7DFFFFFFFF
(1785791818.931531) can0 18F015F1#00008B18492547ED
(1785791818.943403) can0 18ECFFD1#200E0002FF09FF00
(1785791818.943924) can0 18EBFFD1#0101000B00D3D8DC
(1785791818.945273) can0 18EBFFD1#0201000A00D55CE0
(1785791819.002417) can0 1CECFFF1#20120003FF19F000
(1785791819.003364) can0 1CEBFFF1#0127100000000000
(1785791819.004388) can0 1CEBFFF1#0200000000000000
(1785791819.005363) can0 1CEBFFF1#0344C18607FFFFFF
(1785791819.005945) can0 18FEF1F8#FF0000FFFFFFFFFF
(1785791819.007071) can0 18F005F8#7DFFFF7DFFFFFFFF
(1785791819.031382) can0 18F015F1#00008B0D492747ED
(1785791819.043311) can0 18ECFFD1#200E0002FF09FF00
(1785791819.043861) can0 18EBFFD1#0101000B00D3D8DC
(1785791819.044582) can0 18EBFFD1#0201000A00D55CE0
(1785791819.102421) can0 1CECFFF1#20120003FF19F000
(1785791819.103379) can0 1CEBFFF1#0127100000000000
(1785791819.104393) can0 1CEBFFF1#0200000000000000
(1785791819.105372) can0 1CEBFFF1#0344B3A387FFFFFF
(1785791819.105943) can0 18FEF1F8#FF0000FFFFFFFFFF
(1785791819.107095) can0 18F005F8#7DFFFF7DFFFFFFFF
(1785791819.131505) can0 18F015F1#00008AFF492747F0
(1785791819.143554) can0 18ECFFD1#200E0002FF09FF00
(1785791819.144032) can0 18EBFFD1#0101000B00D368DE
(1785791819.144994) can0 18EBFFD1#0201000A00D5C0E0
(1785791819.145503) can0 18FF14D1#
(1785791819.202500) can0 1CECFFF1#20120003FF19F000
(1785791819.203370) can0 1CEBFFF1#0127100000000000
(1785791819.204383) can0 1CEBFFF1#0200000000000000
(1785791819.205356) can0 1CEBFFF1#0344A7AC87FFFFFF
(1785791819.205962) can0 18FEF1F8#FF0000FFFFFFFFFF
(1785791819.207070) can0 18F005F8#7DFFFF7DFFFFFFFF
(1785791819.231452) can0 18F015F1#00008AF5492A47FC
(1785791819.243316) can0 18ECFFD1#200E0002FF09FF00
(1785791819.243853) can0 18EBFFD1#0101000B00D368DE
(1785791819.244431) can0 18EBFFD1#0201000A00D5C0E0
(1785791819.302427) can0 1CECFFF1#20120003FF19F000
(1785791819.303366) can0 1CEBFFF1#0127100000000000
(1785791819.304387) can0 1CEBFFF1#0200000000000000
(1785791819.305353) can0 1CEBFFF1#0344A2AF47FFFFFF
(1785791819.305928) can0 18FEF1F8#FF0000FFFFFFFFFF
(1785791819.307060) can0 18F005F8#7DFFFF7DFFFFFFFF
(1785791819.332419) can0 18F015F1#00008AF049354804
(1785791819.343298) can0 18ECFFD1#200E0002FF09FF00
(1785791819.343836) can0 18EBFFD1#0101000B00D368DE
(1785791819.344518) can0 18EBFFD1#0201000A00D5C0E0
(1785791819.403422) can0 1CECFFF1#20120003FF19F000
(1785791819.404450) can0 1CEBFFF1#0127100000000000
(1785791819.405390) can0 1CEBFFF1#0200000000000000
(1785791819.405974) can0 18FEF1F8#FF0000FFFFFFFFFF
(1785791819.406644) can0 1CEBFFF1#03449A7D46FFFFFF
(1785791819.407120) can0 18F005F8#7DFFFF7DFFFFFFFF
(1785791819.432386) can0 18F015F1#00008AE6494647FD
(1785791819.443299) can0 18ECFFD1#200E0002FF09FF00
(1785791819.443848) can0 18EBFFD1#0101000B00D368DE
(1785791819.444478) can0 18EBFFD1#0201000A00D5C0E0
(1785791819.503574) can0 1CECFFF1#20120003FF19F000
(1785791819.505238) can0 1CEBFFF1#0127100000000000
(1785791819.505657) can0 1CEBFFF1#0200000000000000
(1785791819.507803) can0 1CEBFFF1#03448B7186FFFFFF
(1785791819.509391) can0 18FEF1F8#FF0000FFFFFFFFFF
(1785791819.510752) can0 18F005F8#7DFFFF7DFFFFFFFF
(1785791819.532804) can0 18F015F1#00008AD6495547EB
(1785791819.543370) can0 18ECFFD1#200E0002FF09FF00
(1785791819.543919) can0 18EBFFD1#0101000B00D368DE
(1785791819.545297) can0 18EBFFD1#0201000A00D5C0E0
(1785791819.603429) can0 1CECFFF1#20120003FF19F000
(1785791819.604372) can0 1CEBFFF1#0127100000000000
(1785791819.605395) can0 1CEBFFF1#0200000000000000
(1785791819.605946) can0 18FEF1F8#FF0000FFFFFFFFFF
(1785791819.606691) can0 1CEBFFF1#03447CF7C7FFFFFF
(1785791819.607342) can0 18F005F8#7DFFFF7DFFFFFFFF
(1785791819.632396) can0 18F015F1#00008AC9495D47E2
(1785791819.643362) can0 18ECFFD1#200E0002FF09FF00
(1785791819.643907) can0 18EBFFD1#0101000B00D330DF
(1785791819.644492) can0 18EBFFD1#0201000A00D5C0E0
(1785791819.645250) can0 18FF14D1#
(1785791819.703425) can0 1CECFFF1#20120003FF19F000
(1785791819.704695) can0 1CEBFFF1#0127100000000000
(1785791819.705413) can0 1CEBFFF1#0200000000000000
(1785791819.705964) can0 18FEF1F8#FF0000FFFFFFFFFF
(1785791819.706609) can0 1CEBFFF1#03447431C6FFFFFF
(1785791819.707091) can0 18F005F8#7DFFFF7DFFFFFFFF
(1785791819.732351) can0 18F015F1#00008AC2496047E7
(1785791819.743265) can0 18ECFFD1#200E0002FF09FF00
(1785791819.743816) can0 18EBFFD1#0101000B00D330DF
(1785791819.744398) can0 18EBFFD1#0201000A00D5C0E0
(1785791819.803606) can0 1CECFFF1#20120003FF19F000
(1785791819.804422) can0 1CEBFFF1#0127100000000000
(1785791819.805404) can0 1CEBFFF1#0200000000000000
(1785791819.805987) can0 18FEF1F8#FF0000FFFFFFFFFF
(1785791819.806664) can0 1CEBFFF1#03446EFA47FFFFFF
(1785791819.807143) can0 18F005F8#7DFFFF7DFFFFFFFF
(1785791819.833508) can0 18F015F1#00008ABC496047F7
(1785791819.843445) can0 18ECFFD1#200E0002FF09FF00
(1785791819.843846) can0 18EBFFD1#0101000B00D330DF
(1785791819.844435) can0 18EBFFD1#0201000A00D5C0E0
(1785791819.903589) can0 1CECFFF1#20120003FF19F000
(1785791819.905974) can0 1CEBFFF1#0127100000000000
(1785791819.906193) can0 1CEBFFF1#0200000000000000
(1785791819.906472) can0 1CEBFFF1#034467FC87FFFFFF
(1785791819.907926) can0 18FEF1F8#FF0000FFFFFFFFFF
(1785791819.909059) can0 18F005F8#7DFFFF7DFFFFFFFF
(1785791819.932420) can0 18F015F1#00008AB4496147FE
(1785791819.944894) can0 18ECFFD1#200E0002FF09FF00
(1785791819.945189) can0 18EBFFD1#0101000B00D330DF
(1785791819.945866) can0 18EBFFD1#0201000A00D5C0E0
(1785791820.003484) can0 1CECFFF1#20120003FF19F000
(1785791820.004402) can0 1CEBFFF1#0127100000000000
(1785791820.005395) can0 1CEBFFF1#0200000000000000
(1785791820.005992) can0 18FEF1F8#FF0000FFFFFFFFFF
(1785791820.006758) can0 1CEBFFF1#03445EEE47FFFFFF
(1785791820.007232) can0 18F005F8#7DFFFF7DFFFFFFFF
(1785791820.032405) can0 18F015F1#00008AAB496347FB
(1785791820.043305) can0 18ECFFD1#200E0002FF09FF00
(1785791820.043837) can0 18EBFFD1#0101000B00D330DF
(1785791820.044441) can0 18EBFFD1#0201000A00D5C0E0
(1785791820.103434) can0 1CECFFF1#20120003FF19F000
(1785791820.104393) can0 1CEBFFF1#0127100000000000
(1785791820.105396) can0 1CEBFFF1#0200000000000000
(1785791820.105968) can0 18FEF1F8#FF0000FFFFFFFFFF
(1785791820.106604) can0 1CEBFFF1#0344552906FFFFFF
(1785791820.107088) can0 18F005F8#7DFFFF7DFFFFFFFF
(1785791820.132408) can0 18F015F1#00008AA2496747FB
(1785791820.144516) can0 18ECFFD1#200E0002FF09FF00
(1785791820.144778) can0 18EBFFD1#0201000A00D588E1
(1785791820.144932) can0 18EBFFD1#0101000B00D330DF
(1785791820.145701) can0 18FF14D1#
(1785791820.204604) can0 1CECFFF1#20120003FF19F000
(1785791820.205415) can0 1CEBFFF1#0127100000000000
(1785791820.206020) can0 18FEF1F8#FF0000FFFFFFFFFF
(1785791820.206725) can0 1CEBFFF1#0200000000000000
(1785791820.207521) can0 18F005F8#7DFFFF7DFFFFFFFF
(1785791820.207773) can0 1CEBFFF1#03444FE287FFFFFF
(1785791820.233574) can0 18F015F1#00008A9E496D47FE
(1785791820.243363) can0 18ECFFD1#200E0002FF09FF00
(1785791820.243902) can0 18EBFFD1#0101000B00D330DF
(1785791820.244586) can0 18EBFFD1#0201000A00D588E1
(1785791820.304478) can0 1CECFFF1#20120003FF19F000
(1785791820.305379) can0 1CEBFFF1#0127100000000000
(1785791820.305971) can0 18FEF1F8#FF0000FFFFFFFFFF
(1785791820.306624) can0 1CEBFFF1#0200000000000000
(1785791820.307094) can0 18F005F8#7DFFFF7DFFFFFFFF
(1785791820.307693) can0 1CEBFFF1#03444CE3C7FFFFFF
(1785791820.333404) can0 18F015F1#00008A9B49754808
(1785791820.343287) can0 18ECFFD1#200E0002FF09FF00
(1785791820.343814) can0 18EBFFD1#0101000B00D330DF
(1785791820.344574) can0 18EBFFD1#0201000A00D588E1
(1785791820.344983) can0 18F018F1#E780063783BD
(1785791820.404812) can0 1CECFFF1#20120003FF19F000
(1785791820.405557) can0 1CEBFFF1#0127100000000000
(1785791820.406013) can0 18FEF1F8#FF0000FFFFFFFFFF
(1785791820.406690) can0 1CEBFFF1#0200000000000000
(1785791820.407173) can0 18F005F8#7DFFFF7DFFFFFFFF
(1785791820.407769) can0 1CEBFFF1#0344472486FFFFFF
(1785791820.433427) can0 18F015F1#00008A96497B480F
(1785791820.443291) can0 18ECFFD1#200E0002FF09FF00
(1785791820.443840) can0 18EBFFD1#0101000B00D330DF
(1785791820.444492) can0 18EBFFD1#0201000A00D588E1
(1785791820.504627) can0 1CECFFF1#20120003FF19F000
(1785791820.505555) can0 1CEBFFF1#0127100000000000
(1785791820.514687) can0 1CEBFFF1#0200000000000000
(1785791820.514894) can0 1CEBFFF1#03444425C6FFFFFF
(1785791820.515134) can0 18FEF1F8#FF0000FFFFFFFFFF
(1785791820.516425) can0 18F005F8#7DFFFF7DFFFFFFFF
(1785791820.533570) can0 18F015F1#00008A934980480B
(1785791820.543265) can0 18ECFFD1#200E0002FF09FF00
(1785791820.543798) can0 18EBFFD1#0101000B00D330DF
(1785791820.544926) can0 18EBFFD1#0201000A00D588E1
(1785791820.604408) can0 1CECFFF1#20120003FF19F000
(1785791820.605385) can0 1CEBFFF1#0127100000000000
(1785791820.605941) can0 18FEF1F8#FF0000FFFFFFFFFF
(1785791820.606577) can0 1CEBFFF1#0200000000000000
(1785791820.607096) can0 18F005F8#7DFFFF7DFFFFFFFF
(1785791820.607691) can0 1CEBFFF1#0344422746FFFFFF
(1785791820.633428) can0 18F015F1#00008A9149844809
(1785791820.643365) can0 18ECFFD1#200E0002FF09FF00
(1785791820.643891) can0 18EBFFD1#0101000B00D330DF
(1785791820.644466) can0 18EBFFD1#0201000A00D588E1
(1785791820.645217) can0 18FF14D1#
(1785791820.704445) can0 1CECFFF1#20120003FF19F000
(1785791820.705394) can0 1CEBFFF1#0127100000000000
(1785791820.705957) can0 18FEF1F8#FF0000FFFFFFFFFF
(1785791820.706613) can0 1CEBFFF1#0200000000000000
(1785791820.707100) can0 18F005F8#7DFFFF7DFFFFFFFF
(1785791820.707699) can0 1CEBFFF1#03443F0686FFFFFF
(1785791820.733366) can0 18F015F1#00008A8E49884806
(1785791820.743259) can0 18ECFFD1#200E0002FF09FF00
(1785791820.743804) can0 18EBFFD1#0101000B00D330DF
(1785791820.744404) can0 18EBFFD1#0201000A00D588E1
(1785791820.804671) can0 1CECFFF1#20120003FF19F000
(1785791820.805509) can0 1CEBFFF1#0127100000000000
(1785791820.806025) can0 18FEF1F8#FF0000FFFFFFFFFF
(1785791820.806664) can0 1CEBFFF1#0200000000000000
(1785791820.807149) can0 18F005F8#7DFFFF7DFFFFFFFF
(1785791820.807747) can0 1CEBFFF1#03443BC587FFFFFF
(1785791820.834527) can0 18F015F1#00008A8B498A480A
(1785791820.843469) can0 18ECFFD1#200E0002FF09FF00
(1785791820.844027) can0 18EBFFD1#0101000B00D330DF
(1785791820.844591) can0 18EBFFD1#0201000A00D588E1
(1785791820.905449) can0 1CECFFF1#20120003FF19F000
(1785791820.905969) can0 18FEF1F8#FF0000FFFFFFFFFF
(1785791820.906798) can0 1CEBFFF1#0127100000000000
(1785791820.907060) can0 18F005F8#7DFFFF7DFFFFFFFF
(1785791820.907738) can0 1CEBFFF1#0200000000000000
(1785791820.908760) can0 1CEBFFF1#03443A0546FFFFFF
(1785791820.934424) can0 18F015F1#00008A8A498A4813
(1785791820.943284) can0 18ECFFD1#200E0002FF09FF00
(1785791820.943792) can0 18EBFFD1#0101000B00D330DF
(1785791820.944457) can0 18EBFFD1#0201000A00D588E1
(1785791821.005254) can0 18FEF1F8#FF0000FFFFFFFFFF
(1785791821.005957) can0 1CECFFF1#20120003FF19F000
(1785791821.006450) can0 1CEBFFF1#0127100000000000
(1785791821.006968) can0 18F005F8#7DFFFF7DFFFFFFFF
(1785791821.007591) can0 1CEBFFF1#0200000000000000
(1785791821.008363) can0 1CEBFFF1#03443A0546FFFFFF
(1785791821.034407) can0 18F015F1#00008A8A498A4817
(1785791821.043247) can0 18ECFFD1#200E0002FF09FF00
(1785791821.043786) can0 18EBFFD1#0101000B00D330DF
(1785791821.044377) can0 18EBFFD1#0201000A00D588E1
(1785791821.105254) can0 18FEF1F8#FF0000FFFFFFFFFF
(1785791821.105982) can0 1CECFFF1#20120003FF19F000
(1785791821.106414) can0 1CEBFFF1#0127100000000000
(1785791821.106957) can0 18F005F8#7DFFFF7DFFFFFFFF
(1785791821.107581) can0 1CEBFFF1#0200000000000000
(1785791821.108379) can0 1CEBFFF1#034438C4C7FFFFFF
(1785791821.134458) can0 18F015F1#00008A85498D4816
(1785791821.143534) can0 18ECFFD1#200E0002FF09FF00
(1785791821.144040) can0 18EBFFD1#0101000B00D3A0DD
(1785791821.144897) can0 18EBFFD1#0201000A00D524E1
(1785791821.145306) can0 18FF14D1#
(1785791821.205448) can0 1CECFFF1#20120003FF19F000
(1785791821.206163) can0 18FEF1F8#FF0000FFFFFFFFFF
(1785791821.206895) can0 1CEBFFF1#0127100000000000
(1785791821.207335) can0 18F005F8#7DFFFF7DFFFFFFFF
(1785791821.207956) can0 1CEBFFF1#0200000000000000
(1785791821.208517) can0 1CEBFFF1#03442E0A46FFFFFF
(1785791821.234421) can0 18F015F1#00008A7B498C4814
(1785791821.243260) can0 18ECFFD1#200E0002FF09FF00
(1785791821.243795) can0 18EBFFD1#0101000B00D3A0DD
(1785791821.244395) can0 18EBFFD1#0201000A00D524E1
(1785791821.305339) can0 18FEF1F8#FF0000FFFFFFFFFF
(1785791821.306096) can0 1CECFFF1#20120003FF19F000
(1785791821.306506) can0 1CEBFFF1#0127100000000000
(1785791821.307032) can0 18F005F8#7DFFFF7DFFFFFFFF
(1785791821.307654) can0 1CEBFFF1#0200000000000000
(1785791821.308378) can0 1CEBFFF1#034425CD07FFFFFF
(1785791821.335410) can0 18F015F1#00008A7349894814
(1785791821.343229) can0 18ECFFD1#200E0002FF09FF00
(1785791821.343770) can0 18EBFFD1#0101000B00D3A0DD
(1785791821.344360) can0 18EBFFD1#0201000A00D524E1
(1785791821.345317) can0 18F017F1#F1EA0EB9A698
(1785791821.345845) can0 18F018F1#E780063783BD
(1785791821.405402) can0 1CECFFF1#20120003FF19F000
(1785791821.405962) can0 18FEF1F8#FF0000FFFFFFFFFF
(1785791821.406674) can0 1CEBFFF1#0127100000000000
(1785791821.407137) can0 18F005F8#7DFFFF7DFFFFFFFF
(1785791821.407757) can0 1CEBFFF1#0200000000000000
(1785791821.408383) can0 1CEBFFF1#03441FDE87FFFFFF
(1785791821.434410) can0 18F015F1#00008A6D498B4817
(1785791821.443234) can0 18ECFFD1#200E0002FF09FF00
(1785791821.443783) can0 18EBFFD1#0101000B00D3A0DD
(1785791821.444408) can0 18EBFFD1#0201000A00D524E1
(1785791821.505569) can0 18FEF1F8#FF0000FFFFFFFFFF
(1785791821.506487) can0 1CECFFF1#20120003FF19F000
(1785791821.506959) can0 18F005F8#7DFFFF7DFFFFFFFF
(1785791821.507590) can0 1CEBFFF1#0127100000000000
(1785791821.508449) can0 1CEBFFF1#0200000000000000
(1785791821.509419) can0 1CEBFFF1#0344171886FFFFFF
(1785791821.535493) can0 18F015F1#00008A64498A4819
(1785791821.543359) can0 18ECFFD1#200E0002FF09FF00
(1785791821.543778) can0 18EBFFD1#0101000B00D3A0DD
(1785791821.545133) can0 18EBFFD1#0201000A00D524E1
(1785791821.605226) can0 18FEF1F8#FF0000FFFFFFFFFF
(1785791821.606394) can0 1CECFFF1#20120003FF19F000
(1785791821.606943) can0 18F005F8#7DFFFF7DFFFFFFFF
(1785791821.607547) can0 1CEBFFF1#0127100000000000
(1785791821.608402) can0 1CEBFFF1#0200000000000000
(1785791821.609371) can0 1CEBFFF1#03440F1286FFFFFF
(1785791821.634420) can0 18F015F1#00008A5C49834817
(1785791821.643731) can0 18ECFFD1#200E0002FF09FF00
(1785791821.644218) can0 18EBFFD1#0101000B00D3ACDB
(1785791821.644788) can0 18EBFFD1#0201000A00D504DE
(1785791821.645477) can0 18FF14D1#
(1785791821.705253) can0 18FEF1F8#FF0000FFFFFFFFFF
(1785791821.706413) can0 1CECFFF1#20120003FF19F000
(1785791821.706938) can0 18F005F8#7DFFFF7DFFFFFFFF
(1785791821.707543) can0 1CEBFFF1#0127100000000000
(1785791821.708410) can0 1CEBFFF1#0200000000000000
(1785791821.709367) can0 1CEBFFF1#0344061446FFFFFF
(1785791821.735383) can0 18F015F1#00008A54497F4809
(1785791821.743215) can0 18ECFFD1#200E0002FF09FF00
(1785791821.743753) can0 18EBFFD1#0101000B00D3ACDB
(1785791821.744330) can0 18EBFFD1#0201000A00D504DE
(1785791821.805446) can0 18FEF1F8#FF0000FFFFFFFFFF
(1785791821.806411) can0 1CECFFF1#20120003FF19F000
(1785791821.806952) can0 18F005F8#7DFFFF7DFFFFFFFF
(1785791821.807566) can0 1CEBFFF1#0127100000000000
(1785791821.808412) can0 1CEBFFF1#0200000000000000
(1785791821.809392) can0 1CEBFFF1#0343FF6684FFFFFF
(1785791821.835487) can0 18F015F1#00008A4F497A480D
(1785791821.843358) can0 18ECFFD1#200E0002FF09FF00
(1785791821.843778) can0 18EBFFD1#0101000B00D3ACDB
(1785791821.844370) can0 18EBFFD1#0201000A00D504DE
(1785791821.905887) can0 18FEF1F8#FF0000FFFFFFFFFF
(1785791821.906963) can0 1CECFFF1#20120003FF19F000
(1785791821.907335) can0 18F005F8#7DFFFF7DFFFFFFFF
(1785791821.907954) can0 1CEBFFF1#0127100000000000
(1785791821.908501) can0 1CEBFFF1#0200000000000000
(1785791821.909506) can0 1CEBFFF1#0343FF6684FFFFFF
(1785791821.935455) can0 18F015F1#00008A514972480F
(1785791821.943362) can0 18ECFFD1#200E0002FF09FF00
(1785791821.943801) can0 18EBFFD1#0101000B00D3ACDB
(1785791821.944821) can0 18EBFFD1#0201000A00D504DE
(1785791822.005459) can0 18FEF1F8#FF0000FFFFFFFFFF
(1785791822.006396) can0 1CECFFF1#20120003FF19F000
(1785791822.006958) can0 18F005F8#7DFFFF7DFFFFFFFF
(1785791822.007548) can0 1CEBFFF1#0127100000000000
(1785791822.008401) can0 1CEBFFF1#0200000000000000
(1785791822.009409) can0 1CEBFFF1#0344061446FFFFFF
(1785791822.035400) can0 18F015F1#00008A57496F481A
(1785791822.043239) can0 18ECFFD1#200E0002FF09FF00
(1785791822.043787) can0 18EBFFD1#0101000B00D3ACDB
(1785791822.044484) can0 18EBFFD1#0201000A00D504DE
(1785791822.105234) can0 18FEF1F8#FF0000FFFFFFFFFF
(1785791822.106396) can0 1CECFFF1#20120003FF19F000
(1785791822.106936) can0 18F005F8#7DFFFF7DFFFFFFFF
(1785791822.107544) can0 1CEBFFF1#0127100000000000
(1785791822.108406) can0 1CEBFFF1#0200000000000000
(1785791822.109379) can0 1CEBFFF1#0344091006FFFFFF
(1785791822.135412) can0 18F015F1#00008A5A4972481E
(1785791822.143315) can0 18ECFFD1#200E0002FF09FF00
(1785791822.143843) can0 18EBFFD1#0101000B00D3ACDB
(1785791822.144549) can0 18EBFFD1#0201000A00D504DE
(1785791822.145148) can0 18FF14D1#
(1785791822.205390) can0 18FEF1F8#FF0000FFFFFFFFFF
(1785791822.206655) can0 1CECFFF1#20120003FF19F000
(1785791822.207104) can0 18F005F8#7DFFFF7DFFFFFFFF
(1785791822.207680) can0 1CEBFFF1#0127100000000000
(1785791822.208527) can0 1CEBFFF1#0200000000000000
(1785791822.209432) can0 1CEBFFF1#03440C13C6FFFFFF
(1785791822.235422) can0 18F015F1#00008A5D49784817
(1785791822.243640) can0 18ECFFD1#200E0002FF09FF00
(1785791822.244180) can0 18EBFFD1#0101000B00D3ACDB
(1785791822.245325) can0 18EBFFD1#0201000A00D504DE
(1785791822.305232) can0 18FEF1F8#FF0000FFFFFFFFFF
(1785791822.306489) can0 18F005F8#7DFFFF7DFFFFFFFF
(1785791822.307414) can0 1CECFFF1#20120003FF19F000
(1785791822.308397) can0 1CEBFFF1#0127100000000000
(1785791822.309405) can0 1CEBFFF1#0200000000000000
(1785791822.310381) can0 1CEBFFF1#03440ED247FFFFFF
(1785791822.336409) can0 18F015F1#00008A5F497A4806
(1785791822.343208) can0 18ECFFD1#200E0002FF09FF00
(1785791822.343751) can0 18EBFFD1#0101000B00D3ACDB
(1785791822.344423) can0 18EBFFD1#0201000A00D504DE
(1785791822.347319) can0 18F017F1#FD5A12E0AB5F
(1785791822.347767) can0 18F018F1#F2DC04218B5F
(1785791822.405472) can0 18FEF1F8#FF0000FFFFFFFFFF
(1785791822.406639) can0 18F005F8#7DFFFF7DFFFFFFFF
(1785791822.407407) can0 1CECFFF1#20120003FF19F000
(1785791822.408404) can0 1CEBFFF1#0127100000000000
(1785791822.409415) can0 1CEBFFF1#0200000000000000
(1785791822.410388) can0 1CEBFFF1#034413DB87FFFFFF
(1785791822.436398) can0 18F015F1#00008A6749774805
(1785791822.443224) can0 18ECFFD1#200E0002FF09FF00
(1785791822.443772) can0 18EBFFD1#0101000B00D3ACDB
(1785791822.444419) can0 18EBFFD1#0201000A00D504DE
(1785791822.505406) can0 18FEF1F8#FF0000FFFFFFFFFF
(1785791822.506604) can0 18F005F8#7DFFFF7DFFFFFFFF
(1785791822.507409) can0 1CECFFF1#20120003FF19F000
(1785791822.508409) can0 1CEBFFF1#0127100000000000
(1785791822.509418) can0 1CEBFFF1#0200000000000000
(1785791822.510394) can0 1CEBFFF1#0344210E06FFFFFF
(1785791822.536487) can0 18F015F1#00008A764979480E
(1785791822.543285) can0 18ECFFD1#200E0002FF09FF00
(1785791822.543755) can0 18EBFFD1#0101000B00D3ACDB
(1785791822.544707) can0 18EBFFD1#0201000A00D504DE
(1785791822.605244) can0 18FEF1F8#FF0000FFFFFFFFFF
(1785791822.606387) can0 18F005F8#7DFFFF7DFFFFFFFF
(1785791822.607389) can0 1CECFFF1#20120003FF19F000
(1785791822.608384) can0 1CEBFFF1#0127100000000000
(1785791822.609395) can0 1CEBFFF1#0200000000000000
(1785791822.610367) can0 1CEBFFF1#0344330386FFFFFF
(1785791822.636463) can0 18F015F1#00008A8849824819
(1785791822.643372) can0 18ECFFD1#200E0002FF09FF00
(1785791822.643874) can0 18EBFFD1#0101000B00D3ACDB
(1785791822.644673) can0 18EBFFD1#0201000A00D504DE
(1785791822.645311) can0 18FF14D1#
(1785791822.705284) can0 18FEF1F8#FF0000FFFFFFFFFF
(1785791822.706464) can0 18F005F8#7DFFFF7DFFFFFFFF
(1785791822.707409) can0 1CECFFF1#20120003FF19F000
(1785791822.708415) can0 1CEBFFF1#0127100000000000
(1785791822.709422) can0 1CEBFFF1#0200000000000000
(1785791822.710420) can0 1CEBFFF1#03443F0686FFFFFF
(1785791822.736403) can0 18F015F1#00008A93498C4825
(1785791822.743208) can0 18ECFFD1#200E0002FF09FF00
(1785791822.743758) can0 18EBFFD1#0101000B00D3ACDB
(1785791822.744458) can0 18EBFFD1#0201000A00D504DE
(1785791822.805238) can0 18FEF1F8#FF0000FFFFFFFFFF
(1785791822.806398) can0 18F005F8#7DFFFF7DFFFFFFFF
(1785791822.807406) can0 1CECFFF1#20120003FF19F000
(1785791822.808404) can0 1CEBFFF1#0127100000000000
(1785791822.809414) can0 1CEBFFF1#0200000000000000
(1785791822.810415) can0 1CEBFFF1#034451EA07FFFFFF
(1785791822.837518) can0 18F015F1#00008AA5498B4836
(1785791822.843240) can0 18ECFFD1#200E0002FF09FF00
(1785791822.843772) can0 18EBFFD1#0101000B00D3ACDB
(1785791822.844566) can0 18EBFFD1#0201000A00D504DE
(1785791822.905603) can0 18FEF1F8#FF0000FFFFFFFFFF
(1785791822.906757) can0 18F005F8#7DFFFF7DFFFFFFFF
(1785791822.907396) can0 1CECFFF1#20120003FF19F000
(1785791822.908494) can0 1CEBFFF1#0127100000000000
(1785791822.909525) can0 1CEBFFF1#0200000000000000
(1785791822.910431) can0 1CEBFFF1#03445F2E86FFFFFF
(1785791822.936440) can0 18F015F1#00008AB349804823
(1785791822.943315) can0 18ECFFD1#200E0002FF09FF00
(1785791822.943928) can0 18EBFFD1#0101000B00D3ACDB
(1785791822.944313) can0 18EBFFD1#0201000A00D504DE
(1785791823.005235) can0 18FEF1F8#FF0000FFFFFFFFFF
(1785791823.006404) can0 18F005F8#7DFFFF7DFFFFFFFF
(1785791823.007399) can0 1CECFFF1#20120003FF19F000
(1785791823.008393) can0 1CEBFFF1#0127100000000000
(1785791823.009406) can0 1CEBFFF1#0200000000000000
(1785791823.010381) can0 1CEBFFF1#034468F8C7FFFFFF
(1785791823.036397) can0 18F015F1#00008ABB497A4805
(1785791823.043182) can0 18ECFFD1#200E0002FF09FF00
(1785791823.043721) can0 18EBFFD1#0101000B00D3ACDB
(1785791823.044463) can0 18EBFFD1#0201000A00D504DE
(1785791823.105241) can0 18FEF1F8#FF0000FFFFFFFFFF
(1785791823.106396) can0 18F005F8#7DFFFF7DFFFFFFFF
(1785791823.108407) can0 1CECFFF1#20120003FF19F000
(1785791823.109405) can0 1CEBFFF1#0127100000000000
(1785791823.110419) can0 1CEBFFF1#0200000000000000
(1785791823.111387) can0 1CEBFFF1#0344723346FFFFFF
(1785791823.137409) can0 18F015F1#00008AC5497747F3
(1785791823.143301) can0 18ECFFD1#200E0002FF09FF00
(1785791823.143861) can0 18EBFFD1#0101000B00D3ACDB
(1785791823.144561) can0 18EBFFD1#0201000A00D504DE
(1785791823.145183) can0 18FF14D1#
(1785791823.205490) can0 18FEF1F8#FF0000FFFFFFFFFF
(1785791823.206720) can0 18F005F8#7DFFFF7DFFFFFFFF
(1785791823.208651) can0 1CECFFF1#20120003FF19F000
(1785791823.209402) can0 1CEBFFF1#0127100000000000
(1785791823.210594) can0 1CEBFFF1#0200000000000000
(1785791823.211461) can0 1CEBFFF1#03447FF687FFFFFF
(1785791823.237550) can0 18F015F1#00008AD5497247F6
(1785791823.243320) can0 18ECFFD1#200E0002FF09FF00
(1785791823.243810) can0 18EBFFD1#0101000B00D3ACDB
(1785791823.245024) can0 18EBFFD1#0201000A00D504DE
(1785791823.305216) can0 18FEF1F8#FF0000FFFFFFFFFF
(1785791823.306339) can0 18F005F8#7DFFFF7DFFFFFFFF
(1785791823.308388) can0 1CECFFF1#20120003FF19F000
(1785791823.309389) can0 1CEBFFF1#0127100000000000
(1785791823.310475) can0 1CEBFFF1#0200000000000000
(1785791823.311400) can0 1CEBFFF1#0344967846FFFFFF
(1785791823.338421) can0 18F015F1#00008AEC496B480F
(1785791823.343202) can0 18ECFFD1#200E0002FF09FF00
(1785791823.343711) can0 18EBFFD1#0101000B00D3ACDB
(1785791823.344360) can0 18EBFFD1#0201000A00D504DE
(1785791823.348312) can0 18F017F1#FD5A12E0AB5F
(1785791823.348775) can0 18F018F1#F2DC04218B5F
(1785791823.405403) can0 18FEF1F8#FF0000FFFFFFFFFF
(1785791823.406616) can0 18F005F8#7DFFFF7DFFFFFFFF
(1785791823.408403) can0 1CECFFF1#20120003FF19F000
(1785791823.409405) can0 1CEBFFF1#0127100000000000
(1785791823.410415) can0 1CEBFFF1#0200000000000000
(1785791823.411389) can0 1CEBFFF1#0344ABA987FFFFFF
(1785791823.437459) can0 18F015F1#00008B024965482D
(1785791823.443163) can0 18ECFFD1#200E0002FF09FF00
(1785791823.443711) can0 18EBFFD1#0101000B00D3ACDB
(1785791823.444335) can0 18EBFFD1#0201000A00D504DE
(1785791823.505477) can0 18FEF1F8#FF0000FFFFFFFFFF
(1785791823.506931) can0 18F005F8#7DFFFF7DFFFFFFFF
(1785791823.508484) can0 1CECFFF1#20120003FF19F000
(1785791823.509447) can0 1CEBFFF1#0127100000000000
(1785791823.510529) can0 1CEBFFF1#0200000000000000
(1785791823.511494) can0 1CEBFFF1#0344C28747FFFFFF
(1785791823.537555) can0 18F015F1#00008B184968483B
(1785791823.543270) can0 18ECFFD1#200E0002FF09FF00
(1785791823.543794) can0 18EBFFD1#0101000B00D3ACDB
(1785791823.544937) can0 18EBFFD1#0201000A00D504DE
(1785791823.605209) can0 18FEF1F8#FF0000FFFFFFFFFF
(1785791823.606332) can0 18F005F8#7DFFFF7DFFFFFFFF
(1785791823.608397) can0 1CECFFF1#20120003FF19F000
(1785791823.609402) can0 1CEBFFF1#0127100000000000
(1785791823.610406) can0 1CEBFFF1#0200000000000000
(1785791823.611378) can0 1CEBFFF1#0344DB4D86FFFFFF
(1785791823.637439) can0 18F015F1#00008B3149834830
(1785791823.643238) can0 18ECFFD1#200E0002FF09FF00
(1785791823.643786) can0 18EBFFD1#0101000B00D3ACDB
(1785791823.644612) can0 18EBFFD1#0201000A00D504DE
(1785791823.645124) can0 18FF14D1#
(1785791823.705283) can0 18FEF1F8#FF0000FFFFFFFFFF
(1785791823.706447) can0 18F005F8#7DFFFF7DFFFFFFFF
(1785791823.708408) can0 1CECFFF1#20120003FF19F000
(1785791823.709406) can0 1CEBFFF1#0127100000000000
(1785791823.710414) can0 1CEBFFF1#0200000000000000
(1785791823.711386) can0 1CEBFFF1#0344ED5B06FFFFFF
(1785791823.737411) can0 18F015F1#00008B424982480A
(1785791823.743153) can0 18ECFFD1#200E0002FF09FF00
(1785791823.743707) can0 18EBFFD1#0101000B00D3ACDB
(1785791823.744365) can0 18EBFFD1#0201000A00D504DE
(1785791823.805231) can0 18FEF1F8#FF0000FFFFFFFFFF
(1785791823.806454) can0 18F005F8#7DFFFF7DFFFFFFFF
(1785791823.808397) can0 1CECFFF1#20120003FF19F000
(1785791823.809405) can0 1CEBFFF1#0127100000000000
(1785791823.810421) can0 1CEBFFF1#0200000000000000
(1785791823.811397) can0 1CEBFFF1#0344FE9647FFFFFF
(1785791823.838568) can0 18F015F1#00008B54498F47F7
(1785791823.843194) can0 18ECFFD1#200E0002FF09FF00
(1785791823.843719) can0 18EBFFD1#0101000B00D3ACDB
(1785791823.844497) can0 18EBFFD1#0201000A00D504DE
(1785791823.906071) can0 18FEF1F8#FF0000FFFFFFFFFF
(1785791823.907289) can0 18F005F8#7DFFFF7DFFFFFFFF
(1785791823.909455) can0 1CECFFF1#20120003FF19F000
(1785791823.910450) can0 1CEBFFF1#0127100000000000
(1785791823.911426) can0 1CEBFFF1#0200000000000000
(1785791823.912595) can0 1CEBFFF1#0345154906FFFFFF
(1785791823.938488) can0 18F015F1#00008B6C498B47E4
(1785791823.943647) can0 18ECFFD1#200E0002FF09FF00
(1785791823.944167) can0 18EBFFD1#0101000B00D3ACDB
(1785791823.944887) can0 18EBFFD1#0201000A00D504DE
(1785791824.005596) can0 18FEF1F8#FF0000FFFFFFFFFF
(1785791824.006789) can0 18F005F8#7DFFFF7DFFFFFFFF
(1785791824.009411) can0 1CECFFF1#20120003FF19F000
(1785791824.010399) can0 1CEBFFF1#0127100000000000
(1785791824.011417) can0 1CEBFFF1#0200000000000000
(1785791824.012522) can0 1CEBFFF1#03452B9987FFFFFF
(1785791824.038433) can0 18F015F1#00008B82497A47E3
(1785791824.043167) can0 18ECFFD1#200E0002FF09FF00
(1785791824.043708) can0 18EBFFD1#0101000B00D3ACDB
(1785791824.044397) can0 18EBFFD1#0201000A00D504DE
(1785791824.105233) can0 18FEF1F8#FF0000FFFFFFFFFF
(1785791824.106375) can0 18F005F8#7DFFFF7DFFFFFFFF
(1785791824.109398) can0 1CECFFF1#20120003FF19F000
(1785791824.110400) can0 1CEBFFF1#0127100000000000
(1785791824.111410) can0 1CEBFFF1#0200000000000000
(1785791824.112389) can0 1CEBFFF1#03453D5706FFFFFF
(1785791824.138421) can0 18F015F1#00008B92497347EA
(1785791824.143254) can0 18ECFFD1#200E0002FF09FF00
(1785791824.143817) can0 18EBFFD1#0101000B00D3E4DA
(1785791824.144480) can0 18EBFFD1#0201000A00D568DE
(1785791824.145024) can0 18FF14D1#
(1785791824.205488) can0 18FEF1F8#FF0000FFFFFFFFFF
(1785791824.206679) can0 18F005F8#7DFFFF7DFFFFFFFF
(1785791824.209452) can0 1CECFFF1#20120003FF19F000
(1785791824.210437) can0 1CEBFFF1#0127100000000000
(1785791824.211435) can0 1CEBFFF1#0200000000000000
(1785791824.212475) can0 1CEBFFF1#034550BAC7FFFFFF
(1785791824.238498) can0 18F015F1#00008BA9495E47ED
(1785791824.243212) can0 18ECFFD1#200E0002FF09FF00
(1785791824.243697) can0 18EBFFD1#0101000B00D3E4DA
(1785791824.245101) can0 18EBFFD1#0201000A00D568DE
(1785791824.305209) can0 18FEF1F8#FF0000FFFFFFFFFF
(1785791824.306348) can0 18F005F8#7DFFFF7DFFFFFFFF
(1785791824.309850) can0 1CECFFF1#20120003FF19F000
(1785791824.310626) can0 1CEBFFF1#0127100000000000
(1785791824.311414) can0 1CEBFFF1#0200000000000000
(1785791824.312380) can0 1CEBFFF1#0345676C86FFFFFF
(1785791824.339434) can0 18F015F1#00008BBD495247E5
(1785791824.343154) can0 18ECFFD1#200E0002FF09FF00
(1785791824.343710) can0 18EBFFD1#0101000B00D3E4DA
(1785791824.344377) can0 18EBFFD1#0201000A00D568DE
(1785791824.349313) can0 18F017F1#FD9318A87FAF
(1785791824.349777) can0 18F018F1#E4A202E889B4
(1785791824.405472) can0 18FEF1F8#FF0000FFFFFFFFFF
(1785791824.406674) can0 18F005F8#7DFFFF7DFFFFFFFF
(1785791824.409402) can0 1CECFFF1#20120003FF19F000
(1785791824.410408) can0 1CEBFFF1#0127100000000000
(1785791824.411417) can0 1CEBFFF1#0200000000000000
(1785791824.412391) can0 1CEBFFF1#03457BA587FFFFFF
(1785791824.438406) can0 18F015F1#00008BD0494D47E5
(1785791824.443149) can0 18ECFFD1#200E0002FF09FF00
(1785791824.443712) can0 18EBFFD1#0101000B00D3E4DA
(1785791824.444340) can0 18EBFFD1#0201000A00D568DE
(1785791824.505409) can0 18FEF1F8#FF0000FFFFFFFFFF
(1785791824.507961) can0 18F005F8#7DFFFF7DFFFFFFFF
(1785791824.509416) can0 1CECFFF1#20120003FF19F000
(1785791824.510414) can0 1CEBFFF1#0127100000000000
(1785791824.511421) can0 1CEBFFF1#0200000000000000
(1785791824.512404) can0 1CEBFFF1#03458DE307FFFFFF
(1785791824.538469) can0 18F015F1#00008BE3495647F5
(1785791824.543202) can0 18ECFFD1#200E0002FF09FF00
(1785791824.543711) can0 18EBFFD1#0101000B00D3E4DA
(1785791824.545025) can0 18EBFFD1#0201000A00D568DE
(1785791824.605213) can0 18FEF1F8#FF0000FFFFFFFFFF
(1785791824.606334) can0 18F005F8#7DFFFF7DFFFFFFFF
(1785791824.610403) can0 1CECFFF1#20120003FF19F000
(1785791824.611402) can0 1CEBFFF1#0127100000000000
(1785791824.612411) can0 1CEBFFF1#0200000000000000
(1785791824.613387) can0 1CEBFFF1#0345A23F46FFFFFF
(1785791824.639385) can0 18F015F1#00008BF9495C47F5
(1785791824.643243) can0 18ECFFD1#200E0002FF09FF00
(1785791824.643800) can0 18EBFFD1#0101000B00D380DA
(1785791824.644480) can0 18EBFFD1#0201000A00D568DE
(1785791824.645962) can0 18FF14D1#
(1785791824.705263) can0 18FEF1F8#FF0000FFFFFFFFFF
(1785791824.706410) can0 18F005F8#7DFFFF7DFFFFFFFF
(1785791824.710415) can0 1CECFFF1#20120003FF19F000
(1785791824.711440) can0 1CEBFFF1#0127100000000000
(1785791824.712439) can0 1CEBFFF1#0200000000000000
(1785791824.713398) can0 1CEBFFF1#0345B2F347FFFFFF
(1785791824.739432) can0 18F015F1#00008C03495747FB
(1785791824.743151) can0 18ECFFD1#200E0002FF09FF00
(1785791824.743696) can0 18EBFFD1#0101000B00D380DA
(1785791824.744398) can0 18EBFFD1#0201000A00D568DE
(1785791824.805368) can0 18FEF1F8#FF0000FFFFFFFFFF
(1785791824.806604) can0 18F005F8#7DFFFF7DFFFFFFFF
(1785791824.810490) can0 1CECFFF1#20120003FF19F000
(1785791824.811437) can0 1CEBFFF1#0127100000000000
(1785791824.812440) can0 1CEBFFF1#0200000000000000
(1785791824.813397) can0 1CEBFFF1#0345B2F347FFFFFF
(1785791824.839530) can0 18F015F1#00008C03494C4804
(1785791824.843231) can0 18ECFFD1#200E0002FF09FF00
(1785791824.843741) can0 18EBFFD1#0101000B00D380DA
(1785791824.844662) can0 18EBFFD1#0201000A00D568DE
(1785791824.907108) can0 18FEF1F8#FF0000FFFFFFFFFF
(1785791824.908549) can0 18F005F8#7DFFFF7DFFFFFFFF
(1785791824.910479) can0 1CECFFF1#20120003FF19F000
(1785791824.911441) can0 1CEBFFF1#0127100000000000
(1785791824.912576) can0 1CEBFFF1#0200000000000000
(1785791824.913446) can0 1CEBFFF1#0345B63046FFFFFF
(1785791824.939663) can0 18F015F1#00008C08494A47F7
(1785791824.943310) can0 18ECFFD1#200E0002FF09FF00
(1785791824.943731) can0 18EBFFD1#0101000B00D380DA
(1785791824.944794) can0 18EBFFD1#0201000A00D568DE
(1785791825.005249) can0 18FEF1F8#FF0000FFFFFFFFFF
(1785791825.006906) can0 18F005F8#7DFFFF7DFFFFFFFF
(1785791825.010456) can0 1CECFFF1#20120003FF19F000
(1785791825.011424) can0 1CEBFFF1#0127100000000000
(1785791825.012433) can0 1CEBFFF1#0200000000000000
(1785791825.013407) can0 1CEBFFF1#0345B53106FFFFFF
(1785791825.039458) can0 18F015F1#00008C04495447E6
(1785791825.043116) can0 18ECFFD1#200E0002FF09FF00
(1785791825.043681) can0 18EBFFD1#0101000B00D380DA
(1785791825.044404) can0 18EBFFD1#0201000A00D568DE
(1785791825.105245) can0 18FEF1F8#FF0000FFFFFFFFFF
(1785791825.106448) can0 18F005F8#7DFFFF7DFFFFFFFF
(1785791825.110404) can0 1CECFFF1#20120003FF19F000
(1785791825.111406) can0 1CEBFFF1#0127100000000000
(1785791825.112415) can0 1CEBFFF1#0200000000000000
(1785791825.113395) can0 1CEBFFF1#0345AFFA87FFFFFF
(1785791825.139459) can0 18F015F1#00008BFD495947E4
(1785791825.143274) can0 18ECFFD1#200E0002FF09FF00
(1785791825.143828) can0 18EBFFD1#0101000B00D380DA
(1785791825.144639) can0 18EBFFD1#0201000A00D530DF
(1785791825.145181) can0 18FF14D1#
(1785791825.145541) can0 18FF16D1#01000A0064
(1785791825.205475) can0 18FEF1F8#FF0000FFFFFFFFFF
(1785791825.206838) can0 18F005F8#7DFFFF7DFFFFFFFF
(1785791825.210624) can0 1CECFFF1#20120003FF19F000
(1785791825.211454) can0 1CEBFFF1#0127100000000000
(1785791825.212474) can0 1CEBFFF1#0200000000000000
(1785791825.213418) can0 1CEBFFF1#0345AE3A46FFFFFF
(1785791825.239519) can0 18F015F1#00008BFF494947F5
(1785791825.243817) can0 18ECFFD1#200E0002FF09FF00
(1785791825.244319) can0 18EBFFD1#0201000A00D530DF
(1785791825.244786) can0 18EBFFD1#0101000B00D380DA
(1785791825.305227) can0 18FEF1F8#FF0000FFFFFFFFFF
(1785791825.306386) can0 18F005F8#7DFFFF7DFFFFFFFF
(1785791825.310412) can0 1CECFFF1#20120003FF19F000
(1785791825.311414) can0 1CEBFFF1#0127100000000000
(1785791825.312425) can0 1CEBFFF1#0200000000000000
(1785791825.313433) can0 1CEBFFF1#0345B2F347FFFFFF
(1785791825.340484) can0 18F015F1#00008C0249394804
(1785791825.343117) can0 18ECFFD1#200E0002FF09FF00
(1785791825.343664) can0 18EBFFD1#0101000B00D380DA
(1785791825.344410) can0 18EBFFD1#0201000A00D530DF
(1785791825.351364) can0 18F017F1#FD9318A87FAF
(1785791825.351783) can0 18F018F1#E4A202E889B4
(1785791825.405456) can0 18FEF1F8#FF0000FFFFFFFFFF
(1785791825.406637) can0 18F005F8#7DFFFF7DFFFFFFFF
(1785791825.411428) can0 1CECFFF1#20120003FF19F000
(1785791825.412469) can0 1CEBFFF1#0127100000000000
(1785791825.413433) can0 1CEBFFF1#0200000000000000
(1785791825.414421) can0 1CEBFFF1#0345B1F207FFFFFF
(1785791825.440433) can0 18F015F1#00008BFE493B4819
(1785791825.443111) can0 18ECFFD1#200E0002FF09FF00
(1785791825.443669) can0 18EBFFD1#0101000B00D380DA
(1785791825.444362) can0 18EBFFD1#0201000A00D530DF
(1785791825.505657) can0 18FEF1F8#FF0000FFFFFFFFFF
(1785791825.506999) can0 18F005F8#7DFFFF7DFFFFFFFF
(1785791825.512139) can0 1CECFFF1#20120003FF19F000
(1785791825.512614) can0 1CEBFFF1#0127100000000000
(1785791825.513442) can0 1CEBFFF1#0200000000000000
(1785791825.514467) can0 1CEBFFF1#0345A6FC47FFFFFF
(1785791825.540609) can0 18F015F1#00008BF249454824
(1785791825.543170) can0 18ECFFD1#200E0002FF09FF00
(1785791825.543700) can0 18EBFFD1#0101000B00D380DA
(1785791825.544240) can0 18EBFFD1#0201000A00D530DF
(1785791825.605218) can0 18FEF1F8#FF0000FFFFFFFFFF
(1785791825.606338) can0 18F005F8#7DFFFF7DFFFFFFFF
(1785791825.611411) can0 1CECFFF1#20120003FF19F000
(1785791825.612467) can0 1CEBFFF1#0127100000000000
(1785791825.613445) can0 1CEBFFF1#0200000000000000
(1785791825.614391) can0 1CEBFFF1#0345982CC6FFFFFF
(1785791825.640508) can0 18F015F1#00008BE34945481B
(1785791825.643238) can0 18ECFFD1#200E0002FF09FF00
(1785791825.643741) can0 18EBFFD1#0101000B00D380DA
(1785791825.644275) can0 18EBFFD1#0201000A00D5B4E2
(1785791825.644961) can0 18FF14D1#
(1785791825.705446) can0 18FEF1F8#FF0000FFFFFFFFFF
(1785791825.706650) can0 18F005F8#7DFFFF7DFFFFFFFF
(1785791825.711435) can0 1CECFFF1#20120003FF19F000
(1785791825.712444) can0 1CEBFFF1#0127100000000000
(1785791825.713436) can0 1CEBFFF1#0200000000000000
(1785791825.714407) can0 1CEBFFF1#0345832786FFFFFF
(1785791825.740427) can0 18F015F1#00008BCB49384804
(1785791825.743098) can0 18ECFFD1#200E0002FF09FF00
(1785791825.743656) can0 18EBFFD1#0101000B00D380DA
(1785791825.744411) can0 18EBFFD1#0201000A00D5B4E2
(1785791825.805237) can0 18FEF1F8#FF0000FFFFFFFFFF
(1785791825.806380) can0 18F005F8#7DFFFF7DFFFFFFFF
(1785791825.811420) can0 1CECFFF1#20120003FF19F000
(1785791825.812418) can0 1CEBFFF1#0127100000000000
(1785791825.813425) can0 1CEBFFF1#0200000000000000
(1785791825.814401) can0 1CEBFFF1#0345626F46FFFFFF
(1785791825.841428) can0 18F015F1#00008BA7492F47FF
(1785791825.843180) can0 18ECFFD1#200E0002FF09FF00
(1785791825.843738) can0 18EBFFD1#0101000B00D380DA
(1785791825.844448) can0 18EBFFD1#0201000A00D5B4E2
(1785791825.905356) can0 18FEF1F8#FF0000FFFFFFFFFF
(1785791825.906650) can0 18F005F8#7DFFFF7DFFFFFFFF
(1785791825.911551) can0 1CECFFF1#20120003FF19F000
(1785791825.912438) can0 1CEBFFF1#0127100000000000
(1785791825.913459) can0 1CEBFFF1#0200000000000000
(1785791825.914484) can0 1CEBFFF1#03453C97C7FFFFFF
(1785791825.940698) can0 18F015F1#00008B8149334806
(1785791825.943497) can0 18ECFFD1#200E0002FF09FF00
(1785791825.944136) can0 18EBFFD1#0101000B00D380DA
(1785791825.944749) can0 18EBFFD1#0201000A00D5B4E2
(1785791826.005522) can0 18FEF1F8#FF0000FFFFFFFFFF
(1785791826.006899) can0 18F005F8#7DFFFF7DFFFFFFFF
(1785791826.012468) can0 1CECFFF1#20120003FF19F000
(1785791826.013430) can0 1CEBFFF1#0127100000000000
(1785791826.014427) can0 1CEBFFF1#0200000000000000
(1785791826.015420) can0 1CEBFFF1#0345118A07FFFFFF
(1785791826.041449) can0 18F015F1#00008B51493C4813
(1785791826.043099) can0 18ECFFD1#200E0002FF09FF00
(1785791826.043656) can0 18EBFFD1#0101000B00D380DA
(1785791826.044388) can0 18EBFFD1#0201000A00D5B4E2
(1785791826.105244) can0 18FEF1F8#FF0000FFFFFFFFFF
(1785791826.106412) can0 18F005F8#7DFFFF7DFFFFFFFF
(1785791826.112430) can0 1CECFFF1#20120003FF19F000
(1785791826.113432) can0 1CEBFFF1#0127100000000000
(1785791826.114453) can0 1CEBFFF1#0200000000000000
(1785791826.115412) can0 1CEBFFF1#0344D84CC6FFFFFF
(1785791826.141456) can0 18F015F1#00008B15493E4810
(1785791826.143196) can0 18ECFFD1#200E0002FF09FF00
(1785791826.143753) can0 18EBFFD1#0101000B00D380DA
(1785791826.144453) can0 18EBFFD1#0201000A00D5B4E2
(1785791826.145078) can0 18FF14D1#
(1785791826.205384) can0 18FEF1F8#FF0000FFFFFFFFFF
(1785791826.206613) can0 18F005F8#7DFFFF7DFFFFFFFF
(1785791826.212440) can0 1CECFFF1#20120003FF19F000
(1785791826.213434) can0 1CEBFFF1#0127100000000000
(1785791826.214434) can0 1CEBFFF1#0200000000000000
(1785791826.215410) can0 1CEBFFF1#03449BBD87FFFFFF
(1785791826.241550) can0 18F015F1#00008ADB493C4812
(1785791826.243175) can0 18ECFFD1#200E0002FF09FF00
(1785791826.243709) can0 18EBFFD1#0101000B00D380DA
(1785791826.245488) can0 18EBFFD1#0201000A00D5B4E2
(1785791826.305214) can0 18FEF1F8#FF0000FFFFFFFFFF
(1785791826.306417) can0 18F005F8#7DFFFF7DFFFFFFFF
(1785791826.312420) can0 1CECFFF1#20120003FF19F000
(1785791826.313426) can0 1CEBFFF1#0127100000000000
(1785791826.314431) can0 1CEBFFF1#0200000000000000
(1785791826.315414) can0 1CEBFFF1#034464FDC7FFFFFF
(1785791826.341492) can0 18F015F1#00008AA3493D481B
(1785791826.343110) can0 18ECFFD1#200E0002FF09FF00
(1785791826.343658) can0 18EBFFD1#0101000B00D380DA
(1785791826.344259) can0 18EBFFD1#0201000A00D5B4E2
(1785791826.352355) can0 18F017F1#E997135AA847
(1785791826.352799) can0 18F018F1#DFFDF6658991
(1785791826.405582) can0 18FEF1F8#FF0000FFFFFFFFFF
(1785791826.406743) can0 18F005F8#7DFFFF7DFFFFFFFF
(1785791826.412423) can0 1CECFFF1#20120003FF19F000
(1785791826.413423) can0 1CEBFFF1#0127100000000000
(1785791826.414428) can0 1CEBFFF1#0200000000000000
(1785791826.415399) can0 1CEBFFF1#03442AC947FFFFFF
(1785791826.441448) can0 18F015F1#00008A66493C4838
(1785791826.443092) can0 18ECFFD1#200E0002FF09FF00
(1785791826.443656) can0 18EBFFD1#0101000B00D380DA
(1785791826.444255) can0 18EBFFD1#0201000A00D5B4E2
(1785791826.505213) can0 18FEF1F8#FF0000FFFFFFFFFF
(1785791826.506406) can0 18F005F8#7DFFFF7DFFFFFFFF
(1785791826.512441) can0 1CECFFF1#20120003FF19F000
(1785791826.513442) can0 1CEBFFF1#0127100000000000
(1785791826.514489) can0 1CEBFFF1#0200000000000000
(1785791826.515438) can0 1CEBFFF1#0343E26F44FFFFFF
(1785791826.541523) can0 18F015F1#00008A1A493E4843
(1785791826.543073) can0 18ECFFD1#200E0002FF09FF00
(1785791826.543629) can0 18EBFFD1#0101000B00D380DA
(1785791826.544218) can0 18EBFFD1#0201000A00D5B4E2
(1785791826.605209) can0 18FEF1F8#FF0000FFFFFFFFFF
(1785791826.606640) can0 18F005F8#7DFFFF7DFFFFFFFF
(1785791826.612439) can0 1CECFFF1#20120003FF19F000
(1785791826.613421) can0 1CEBFFF1#0127100000000000
(1785791826.614428) can0 1CEBFFF1#0200000000000000
(1785791826.615420) can0 1CEBFFF1#03438F8285FFFFFF
(1785791826.641424) can0 18F015F1#000089C549444831
(1785791826.643192) can0 18ECFFD1#200E0002FF09FF00
(1785791826.643753) can0 18EBFFD1#0101000B00D380DA
(1785791826.644393) can0 18EBFFD1#0201000A00D568DE
(1785791826.645013) can0 18FF14D1#
(1785791826.705264) can0 18FEF1F8#FF0000FFFFFFFFFF
(1785791826.706394) can0 18F005F8#7DFFFF7DFFFFFFFF
(1785791826.712427) can0 1CECFFF1#20120003FF19F000
(1785791826.713445) can0 1CEBFFF1#0127100000000000
(1785791826.714435) can0 1CEBFFF1#0200000000000000
(1785791826.715414) can0 1CEBFFF1#034337F085FFFFFF
(1785791826.741421) can0 18F015F1#0000896C494B481D
(1785791826.743077) can0 18ECFFD1#200E0002FF09FF00
(1785791826.743628) can0 18EBFFD1#0101000B00D380DA
(1785791826.744290) can0 18EBFFD1#0201000A00D568DE
(1785791826.805214) can0 18FEF1F8#FF0000FFFFFFFFFF
(1785791826.806381) can0 18F005F8#7DFFFF7DFFFFFFFF
(1785791826.813440) can0 1CECFFF1#20120003FF19F000
(1785791826.814436) can0 1CEBFFF1#0127100000000000
(1785791826.815446) can0 1CEBFFF1#0200000000000000
(1785791826.816429) can0 1CEBFFF1#0342E03EC4FFFFFF
(1785791826.842445) can0 18F015F1#000089194954481A
(1785791826.843108) can0 18ECFFD1#200E0002FF09FF00
(1785791826.843660) can0 18EBFFD1#0101000B00D380DA
(1785791826.844318) can0 18EBFFD1#0201000A00D568DE
(1785791826.906232) can0 18FEF1F8#FF0000FFFFFFFFFF
(1785791826.907495) can0 18F005F8#7DFFFF7DFFFFFFFF
(1785791826.913587) can0 1CECFFF1#20120003FF19F000
(1785791826.914508) can0 1CEBFFF1#0127100000000000
(1785791826.915493) can0 1CEBFFF1#0200000000000000
(1785791826.916933) can0 1CEBFFF1#034296D845FFFFFF
(1785791826.942691) can0 18F015F1#000088CF495E4829
(1785791826.943450) can0 18ECFFD1#200E0002FF09FF00
(1785791826.943736) can0 18EBFFD1#0101000B00D380DA
(1785791826.944240) can0 18EBFFD1#0201000A00D568DE
(1785791827.005253) can0 18FEF1F8#FF0000FFFFFFFFFF
(1785791827.006389) can0 18F005F8#7DFFFF7DFFFFFFFF
(1785791827.013512) can0 1CECFFF1#20120003FF19F000
(1785791827.014443) can0 1CEBFFF1#0127100000000000
(1785791827.015455) can0 1CEBFFF1#0200000000000000
(1785791827.016430) can0 1CEBFFF1#03423E6644FFFFFF
(1785791827.042487) can0 18F015F1#0000887349614819
(1785791827.043083) can0 18ECFFD1#200E0002FF09FF00
(1785791827.043638) can0 18EBFFD1#0101000B00D380DA
(1785791827.044213) can0 18EBFFD1#0201000A00D568DE
(1785791827.105303) can0 18FEF1F8#FF0000FFFFFFFFFF
(1785791827.106457) can0 18F005F8#7DFFFF7DFFFFFFFF
(1785791827.113460) can0 1CECFFF1#20120003FF19F000
(1785791827.114439) can0 1CEBFFF1#0127100000000000
(1785791827.115448) can0 1CEBFFF1#0200000000000000
(1785791827.116446) can0 1CEBFFF1#0341E5CD04FFFFFF
(1785791827.142478) can0 18F015F1#000088194967481B
(1785791827.143049) can0 18FF09D1#01000A00D568DE
(1785791827.143365) can0 18FF14D1#
(1785791827.205457) can0 18FEF1F8#FF0000FFFFFFFFFF
(1785791827.206775) can0 18F005F8#7DFFFF7DFFFFFFFF
(1785791827.213502) can0 1CECFFF1#20120003FF19F000
(1785791827.214439) can0 1CEBFFF1#0127100000000000
(1785791827.215452) can0 1CEBFFF1#0200000000000000
(1785791827.216435) can0 1CEBFFF1#034186E444FFFFFF
(1785791827.242635) can0 18F015F1#000087B9496B4807
(1785791827.243088) can0 18FF09D1#01000A00D568DE
(1785791827.305231) can0 18FEF1F8#FF0000FFFFFFFFFF
(1785791827.306375) can0 18F005F8#7DFFFF7DFFFFFFFF
(1785791827.313434) can0 1CECFFF1#20120003FF19F000
(1785791827.314425) can0 1CEBFFF1#0127100000000000
(1785791827.315435) can0 1CEBFFF1#0200000000000000
(1785791827.316426) can0 1CEBFFF1#0341239F84FFFFFF
(1785791827.343005) can0 18FF09D1#01000A00D568DE
(1785791827.343490) can0 18F015F1#00008756497047F1
(1785791827.353346) can0 18F017F1#E997135AA847
(1785791827.353800) can0 18F018F1#DFFDF6658991
(1785791827.405270) can0 18FEF1F8#FF0000FFFFFFFFFF
(1785791827.406411) can0 18F005F8#7DFFFF7DFFFFFFFF
(1785791827.413442) can0 1CECFFF1#20120003FF19F000
(1785791827.414425) can0 1CEBFFF1#0127100000000000
(1785791827.415435) can0 1CEBFFF1#0200000000000000
(1785791827.416417) can0 1CEBFFF1#0340C58504FFFFFF
(1785791827.442417) can0 18F015F1#000086FA497C47EB
(1785791827.442961) can0 18FF09D1#01000A00D568DE
(1785791827.505255) can0 18FEF1F8#FF0000FFFFFFFFFF
(1785791827.506795) can0 18F005F8#7DFFFF7DFFFFFFFF
(1785791827.514533) can0 1CECFFF1#20120003FF19F000
(1785791827.515471) can0 1CEBFFF1#0127100000000000
(1785791827.516458) can0 1CEBFFF1#0200000000000000
(1785791827.517425) can0 1CEBFFF1#03406D3B05FFFFFF
(1785791827.542492) can0 18F015F1#000086A3498447F1
(1785791827.542936) can0 18FF09D1#01000A00D568DE
(1785791827.605436) can0 18FEF1F8#FF0000FFFFFFFFFF
(1785791827.606691) can0 18F005F8#7DFFFF7DFFFFFFFF
(1785791827.614490) can0 1CECFFF1#20120003FF19F000
(1785791827.615440) can0 1CEBFFF1#0127100000000000
(1785791827.616445) can0 1CEBFFF1#0200000000000000
(1785791827.617411) can0 1CEBFFF1#034014D9C4FFFFFF
(1785791827.643026) can0 18FF09D1#01000A00D5D8DC
(1785791827.643566) can0 18F015F1#0000864C498747EA
(1785791827.643816) can0 18FF14D1#
(1785791827.705609) can0 18FEF1F8#FF0000FFFFFFFFFF
(1785791827.706782) can0 18F005F8#7DFFFF7DFFFFFFFF
(1785791827.714455) can0 1CECFFF1#20120003FF19F000
(1785791827.715430) can0 1CEBFFF1#0127100000000000
(1785791827.716447) can0 1CEBFFF1#0200000000000000
(1785791827.717421) can0 1CEBFFF1#033FC475E5FFFFFF
(1785791827.742929) can0 18FF09D1#01000A00D5D8DC
(1785791827.743479) can0 18F015F1#000085FC499047F3
(1785791827.805239) can0 18FEF1F8#FF0000FFFFFFFFFF
(1785791827.806383) can0 18F005F8#7DFFFF7DFFFFFFFF
(1785791827.814437) can0 1CECFFF1#20120003FF19F000
(1785791827.815429) can0 1CEBFFF1#0127100000000000
(1785791827.816456) can0 1CEBFFF1#0200000000000000
(1785791827.817430) can0 1CEBFFF1#033F750125FFFFFF
(1785791827.842953) can0 18FF09D1#01000A00D5D8DC
(1785791827.844418) can0 18F015F1#000085AE499947F3
(1785791827.905349) can0 18FEF1F8#FF0000FFFFFFFFFF
(1785791827.906612) can0 18F005F8#7DFFFF7DFFFFFFFF
(1785791827.914581) can0 1CECFFF1#20120003FF19F000
(1785791827.915463) can0 1CEBFFF1#0127100000000000
(1785791827.916527) can0 1CEBFFF1#0200000000000000
(1785791827.917508) can0 1CEBFFF1#033F2A3965FFFFFF
(1785791827.943165) can0 18FF09D1#01000A00D5D8DC
(1785791827.944116) can0 18F015F1#00008564499E47E8
(1785791828.005730) can0 18FEF1F8#FF0000FFFFFFFFFF
(1785791828.007362) can0 18F005F8#7DFFFF7DFFFFFFFF
(1785791828.015355) can0 1CECFFF1#20120003FF19F000
(1785791828.016130) can0 1CEBFFF1#0127100000000000
(1785791828.016602) can0 1CEBFFF1#0200000000000000
(1785791828.017500) can0 1CEBFFF1#033EE43DE5FFFFFF
(1785791828.042998) can0 18FF09D1#01000A00D5D8DC
(1785791828.043499) can0 18F015F1#0000851E49A7480A
(1785791828.105236) can0 18FEF1F8#FF0000FFFFFFFFFF
(1785791828.106388) can0 18F005F8#7DFFFF7DFFFFFFFF
(1785791828.114446) can0 1CECFFF1#20120003FF19F000
(1785791828.115434) can0 1CEBFFF1#0127100000000000
(1785791828.116473) can0 1CEBFFF1#0200000000000000
(1785791828.117419) can0 1CEBFFF1#033E991C25FFFFFF
(1785791828.143075) can0 18FF09D1#01000A00D5ECE1
(1785791828.143588) can0 18F015F1#000084D449A64810
(1785791828.143840) can0 18FF14D1#
(1785791828.205436) can0 18FEF1F8#FF0000FFFFFFFFFF
(1785791828.206798) can0 18F005F8#7DFFFF7DFFFFFFFF
(1785791828.214535) can0 1CECFFF1#20120003FF19F000
(1785791828.215443) can0 1CEBFFF1#0127100000000000
(1785791828.216464) can0 1CEBFFF1#0200000000000000
(1785791828.217428) can0 1CEBFFF1#033E534BA5FFFFFF
(1785791828.243020) can0 18FF09D1#01000A00D5ECE1
(1785791828.243500) can0 18F015F1#0000848C499E4821
(1785791828.305213) can0 18FEF1F8#FF0000FFFFFFFFFF
(1785791828.306334) can0 18F005F8#7DFFFF7DFFFFFFFF
(1785791828.315441) can0 1CECFFF1#20120003FF19F000
(1785791828.316684) can0 1CEBFFF1#0127100000000000
(1785791828.317448) can0 1CEBFFF1#0200000000000000
(1785791828.318423) can0 1CEBFFF1#033E04B5E4FFFFFF
(1785791828.342964) can0 18FF09D1#01000A00D5ECE1
(1785791828.344417) can0 18F015F1#0000843B499B4815
(1785791828.355393) can0 18F017F1#E4310D76A28D
(1785791828.355807) can0 18F018F1#DAF6FE658872
(1785791828.405651) can0 18FEF1F8#FF0000FFFFFFFFFF
(1785791828.406814) can0 18F005F8#7DFFFF7DFFFFFFFF
(1785791828.415458) can0 1CECFFF1#20120003FF19F000
(1785791828.416454) can0 1CEBFFF1#0127100000000000
(1785791828.417445) can0 1CEBFFF1#0200000000000000
(1785791828.418415) can0 1CEBFFF1#033DB4F1E5FFFFFF
(1785791828.442943) can0 18FF09D1#01000A00D5ECE1
(1785791828.444431) can0 18F015F1#000083ED49A24806
(1785791828.505205) can0 18FEF1F8#FF0000FFFFFFFFFF
(1785791828.506423) can0 18F005F8#7DFFFF7DFFFFFFFF
(1785791828.515488) can0 1CECFFF1#20120003FF19F000
(1785791828.516474) can0 1CEBFFF1#0127100000000000
(1785791828.517465) can0 1CEBFFF1#0200000000000000
(1785791828.518441) can0 1CEBFFF1#033D6B69A4FFFFFF
(1785791828.543037) can0 18FF09D1#01000A00D5ECE1
(1785791828.544453) can0 18F015F1#000083A549A947F4
(1785791828.605217) can0 18FEF1F8#FF0000FFFFFFFFFF
(1785791828.606660) can0 18F005F8#7DFFFF7DFFFFFFFF
(1785791828.615440) can0 1CECFFF1#20120003FF19F000
(1785791828.616445) can0 1CEBFFF1#0127100000000000
(1785791828.617461) can0 1CEBFFF1#0200000000000000
(1785791828.618422) can0 1CEBFFF1#033D249DE5FFFFFF
(1785791828.643022) can0 18FF09D1#01000A00D58EE0
(1785791828.643281) can0 18FF14D1#
(1785791828.644422) can0 18F015F1#00008361499D47E8
(1785791828.705251) can0 18FEF1F8#FF0000FFFFFFFFFF
(1785791828.706399) can0 18F005F8#7DFFFF7DFFFFFFFF
(1785791828.715457) can0 1CECFFF1#20120003FF19F000
(1785791828.716443) can0 1CEBFFF1#0127100000000000
(1785791828.717447) can0 1CEBFFF1#0200000000000000
(1785791828.718417) can0 1CEBFFF1#033CE69C65FFFFFF
(1785791828.742932) can0 18FF09D1#01000A00D58EE0
(1785791828.744430) can0 18F015F1#00008325499647E4
(1785791828.805237) can0 18FEF1F8#FF0000FFFFFFFFFF
(1785791828.806444) can0 18F005F8#7DFFFF7DFFFFFFFF
(1785791828.815455) can0 1CECFFF1#20120003FF19F000
(1785791828.816454) can0 1CEBFFF1#0127100000000000
(1785791828.817464) can0 1CEBFFF1#0200000000000000
(1785791828.818434) can0 1CEBFFF1#033CB3A3A5FFFFFF
(1785791828.842941) can0 18FF09D1#01000A00D58EE0
(1785791828.845434) can0 18F015F1#000082F5498447D9
(1785791828.905403) can0 18FEF1F8#FF0000FFFFFFFFFF
(1785791828.906719) can0 18F005F8#7DFFFF7DFFFFFFFF
(1785791828.915550) can0 1CECFFF1#20120003FF19F000
(1785791828.916596) can0 1CEBFFF1#0127100000000000
(1785791828.917573) can0 1CEBFFF1#0200000000000000
(1785791828.918935) can0 1CEBFFF1#033C85B525FFFFFF
(1785791828.943412) can0 18FF09D1#01000A00D58EE0
(1785791828.944454) can0 18F015F1#000082C7498247C6
(1785791829.006053) can0 18FEF1F8#FF0000FFFFFFFFFF
(1785791829.007522) can0 18F005F8#7DFFFF7DFFFFFFFF
(1785791829.015440) can0 1CECFFF1#20120003FF19F000
(1785791829.016538) can0 1CEBFFF1#0127100000000000
(1785791829.017499) can0 1CEBFFF1#0200000000000000
(1785791829.018429) can0 1CEBFFF1#033C592C24FFFFFF
(1785791829.042956) can0 18FF09D1#01000A00D58EE0
(1785791829.045441) can0 18F015F1#0000829E496D47BB
(1785791829.105254) can0 18FEF1F8#FF0000FFFFFFFFFF
(1785791829.106432) can0 18F005F8#7DFFFF7DFFFFFFFF
(1785791829.116464) can0 1CECFFF1#20120003FF19F000
(1785791829.117444) can0 1CEBFFF1#0127100000000000
(1785791829.118453) can0 1CEBFFF1#0200000000000000
(1785791829.119426) can0 1CEBFFF1#033C38C4E5FFFFFF
(1785791829.143091) can0 18FF09D1#01000A00D573DF
(1785791829.143363) can0 18FF14D1#
(1785791829.145432) can0 18F015F1#00008280496147AB
(1785791829.205465) can0 18FEF1F8#FF0000FFFFFFFFFF
(1785791829.206707) can0 18F005F8#7DFFFF7DFFFFFFFF
(1785791829.216548) can0 1CECFFF1#20120003FF19F000
(1785791829.217459) can0 1CEBFFF1#0127100000000000
(1785791829.218472) can0 1CEBFFF1#0200000000000000
(1785791829.219442) can0 1CEBFFF1#033C26CC65FFFFFF
(1785791829.243167) can0 18FF09D1#01000A00D573DF
(1785791829.245526) can0 18F015F1#00008271491C47BF
(1785791829.305249) can0 18FEF1F8#FF0000FFFFFFFFFF
(1785791829.306395) can0 18F005F8#7DFFFF7DFFFFFFFF
(1785791829.316477) can0 1CECFFF1#20120003FF19F000
(1785791829.317452) can0 1CEBFFF1#0127100000000000
(1785791829.318458) can0 1CEBFFF1#0200000000000000
(1785791829.319426) can0 1CEBFFF1#033C19DC25FFFFFF
(1785791829.342975) can0 18FF09D1#01000A00D573DF
(1785791829.346433) can0 18F015F1#00008267491647C1
(1785791829.356407) can0 18F017F1#E4310D76A28D
(1785791829.356825) can0 18F018F1#DAF6FE658872
(1785791829.405383) can0 18FEF1F8#FF0000FFFFFFFFFF
(1785791829.406561) can0 18F005F8#7DFFFF7DFFFFFFFF
(1785791829.416465) can0 1CECFFF1#20120003FF19F000
(1785791829.417454) can0 1CEBFFF1#0127100000000000
(1785791829.418460) can0 1CEBFFF1#0200000000000000
(1785791829.419432) can0 1CEBFFF1#033C13DBA5FFFFFF
(1785791829.442996) can0 18FF09D1#01000A00D573DF
(1785791829.446436) can0 18F015F1#00008264493347B7
(1785791829.505190) can0 18FEF1F8#FF0000FFFFFFFFFF
(1785791829.511099) can0 18F005F8#7DFFFF7DFFFFFFFF
(1785791829.516477) can0 1CECFFF1#20120003FF19F000
(1785791829.517448) can0 1CEBFFF1#0127100000000000
(1785791829.518459) can0 1CEBFFF1#0200000000000000
(1785791829.519445) can0 1CEBFFF1#033C16D865FFFFFF
(1785791829.543042) can0 18FF09D1#01000A00D573DF
(1785791829.545461) can0 18F015F1#00008267493747AE
(1785791829.605391) can0 18FEF1F8#FF0000FFFFFFFFFF
(1785791829.606628) can0 18F005F8#7DFFFF7DFFFFFFFF
(1785791829.616517) can0 1CECFFF1#20120003FF19F000
(1785791829.617450) can0 1CEBFFF1#0127100000000000
(1785791829.618492) can0 1CEBFFF1#0200000000000000
(1785791829.619501) can0 1CEBFFF1#033C1718A4FFFFFF
(1785791829.643012) can0 18FF09D1#01000A00D573DF
(1785791829.643303) can0 18FF14D1#
(1785791829.645419) can0 18F015F1#00008266493A479E
(1785791829.705239) can0 18FEF1F8#FF0000FFFFFFFFFF
(1785791829.706723) can0 18F005F8#7DFFFF7DFFFFFFFF
(1785791829.717473) can0 1CECFFF1#20120003FF19F000
(1785791829.718446) can0 1CEBFFF1#0127100000000000
(1785791829.719461) can0 1CEBFFF1#0200000000000000
(1785791829.720442) can0 1CEBFFF1#033C16D865FFFFFF
(1785791829.742914) can0 18FF09D1#01000A00D573DF
(1785791829.746444) can0 18F015F1#00008269493E478B
(1785791829.805216) can0 18FEF1F8#FF0000FFFFFFFFFF
(1785791829.806365) can0 18F005F8#7DFFFF7DFFFFFFFF
(1785791829.817468) can0 1CECFFF1#20120003FF19F000
(1785791829.818454) can0 1CEBFFF1#0127100000000000
(1785791829.819463) can0 1CEBFFF1#0200000000000000
(1785791829.820440) can0 1CEBFFF1#033C220F64FFFFFF
(1785791829.842915) can0 18FF09D1#01000A00D573DF
(1785791829.846426) can0 18F015F1#00008277493A4784
(1785791829.905865) can0 18FEF1F8#FF0000FFFFFFFFFF
(1785791829.907035) can0 18F005F8#7DFFFF7DFFFFFFFF
(1785791829.917544) can0 1CECFFF1#20120003FF19F000
(1785791829.918447) can0 1CEBFFF1#0127100000000000
(1785791829.919669) can0 1CEBFFF1#0200000000000000
(1785791829.920552) can0 1CEBFFF1#033C3002E4FFFFFF
(1785791829.943124) can0 18FF09D1#01000A00D573DF
(1785791829.946459) can0 18F015F1#000082834938478E
(1785791830.005254) can0 18FEF1F8#FF0000FFFFFFFFFF
(1785791830.006670) can0 18F005F8#7DFFFF7DFFFFFFFF
(1785791830.017484) can0 1CECFFF1#20120003FF19F000
(1785791830.018447) can0 1CEBFFF1#0127100000000000
(1785791830.019454) can0 1CEBFFF1#0200000000000000
(1785791830.020483) can0 1CEBFFF1#033C3A0564FFFFFF
(1785791830.043006) can0 18FF09D1#01000A00D573DF
(1785791830.046452) can0 18F015F1#0000828F4942479C
(1785791830.105230) can0 18FEF1F8#FF0000FFFFFFFFFF
(1785791830.106445) can0 18F005F8#7DFFFF7DFFFFFFFF
(1785791830.117484) can0 1CECFFF1#20120003FF19F000
(1785791830.118453) can0 1CEBFFF1#0127100000000000
(1785791830.119459) can0 1CEBFFF1#0200000000000000
(1785791830.120438) can0 1CEBFFF1#033C4E2264FFFFFF
(1785791830.142988) can0 18FF09D1#01000A00D530DF
(1785791830.143291) can0 18FF14D1#
(1785791830.146434) can0 18F015F1#000082A7494747A3
(1785791830.205387) can0 18FEF1F8#FF0000FFFFFFFFFF
(1785791830.206679) can0 18F005F8#7DFFFF7DFFFFFFFF
(1785791830.217613) can0 1CECFFF1#20120003FF19F000
(1785791830.218479) can0 1CEBFFF1#0127100000000000
(1785791830.219491) can0 1CEBFFF1#0200000000000000
(1785791830.220478) can0 1CEBFFF1#033C6DFB25FFFFFF
(1785791830.242998) can0 18FF09D1#01000A00D530DF
(1785791830.246493) can0 18F015F1#000082C649444794
(1785791830.305249) can0 18FEF1F8#FF0000FFFFFFFFFF
(1785791830.306394) can0 18F005F8#7DFFFF7DFFFFFFFF
(1785791830.317456) can0 1CECFFF1#20120003FF19F000
(1785791830.318458) can0 1CEBFFF1#0127100000000000
(1785791830.319464) can0 1CEBFFF1#0200000000000000
(1785791830.320442) can0 1CEBFFF1#033C89B025FFFFFF
(1785791830.342882) can0 18FF09D1#01000A00D530DF
(1785791830.347473) can0 18F015F1#000082E249464791
(1785791830.357415) can0 18F017F1#EB7A12989BA1
(1785791830.357823) can0 18F018F1#E539059E8DFA
(1785791830.405413) can0 18FEF1F8#FF0000FFFFFFFFFF
(1785791830.406600) can0 18F005F8#7DFFFF7DFFFFFFFF
(1785791830.417467) can0 1CECFFF1#20120003FF19F000
(1785791830.418454) can0 1CEBFFF1#0127100000000000
(1785791830.419464) can0 1CEBFFF1#0200000000000000
(1785791830.420437) can0 1CEBFFF1#033CA7ACA5FFFFFF
(1785791830.442898) can0 18FF09D1#01000A00D530DF
(1785791830.446442) can0 18F015F1#000083014950478B
(1785791830.505171) can0 18FEF1F8#FF0000FFFFFFFFFF
(1785791830.506305) can0 18F005F8#7DFFFF7DFFFFFFFF
(1785791830.518475) can0 1CECFFF1#20120003FF19F000
(1785791830.519460) can0 1CEBFFF1#0127100000000000
(1785791830.520464) can0 1CEBFFF1#0200000000000000
(1785791830.521446) can0 1CEBFFF1#033CCE8265FFFFFF
(1785791830.543330) can0 18FF09D1#01000A00D530DF
(1785791830.546502) can0 18F015F1#0000832B49524788
(1785791830.605650) can0 18FEF1F8#FF0000FFFFFFFFFF
(1785791830.606981) can0 18F005F8#7DFFFF7DFFFFFFFF
(1785791830.618469) can0 1CECFFF1#20120003FF19F000
(1785791830.619456) can0 1CEBFFF1#0127100000000000
(1785791830.620460) can0 1CEBFFF1#0200000000000000
(1785791830.621435) can0 1CEBFFF1#033CF55124FFFFFF
(1785791830.642953) can0 18FF09D1#01000A00D5A0DD
(1785791830.643231) can0 18FF14D1#
(1785791830.647440) can0 18F015F1#000083504960477C
(1785791830.705251) can0 18FEF1F8#FF0000FFFFFFFFFF
(1785791830.706491) can0 18F005F8#7DFFFF7DFFFFFFFF
(1785791830.718469) can0 1CECFFF1#20120003FF19F000
(1785791830.719459) can0 1CEBFFF1#0127100000000000
(1785791830.720480) can0 1CEBFFF1#0200000000000000
(1785791830.721452) can0 1CEBFFF1#033D1C4FE4FFFFFF
(1785791830.742880) can0 18FF09D1#01000A00D5A0DD
(1785791830.747499) can0 18F015F1#0000837849634776
(1785791830.805234) can0 18FEF1F8#FF0000FFFFFFFFFF
(1785791830.806384) can0 18F005F8#7DFFFF7DFFFFFFFF
(1785791830.818469) can0 1CECFFF1#20120003FF19F000
(1785791830.819461) can0 1CEBFFF1#0127100000000000
(1785791830.820480) can0 1CEBFFF1#0200000000000000
(1785791830.821434) can0 1CEBFFF1#033D457524FFFFFF
(1785791830.842876) can0 18FF09D1#01000A00D5A0DD
(1785791830.847442) can0 18F015F1#000083A34962475D
(1785791830.905616) can0 18FEF1F8#FF0000FFFFFFFFFF
(1785791830.906837) can0 18F005F8#7DFFFF7DFFFFFFFF
(1785791830.918548) can0 1CECFFF1#20120003FF19F000
(1785791830.919516) can0 1CEBFFF1#0127100000000000
(1785791830.920524) can0 1CEBFFF1#0200000000000000
(1785791830.921488) can0 1CEBFFF1#033D756124FFFFFF
(1785791830.943276) can0 18FF09D1#01000A00D5A0DD
(1785791830.947639) can0 18F015F1#000083D449644751
(1785791831.005243) can0 18FEF1F8#FF0000FFFFFFFFFF
(1785791831.006373) can0 18F005F8#7DFFFF7DFFFFFFFF
(1785791831.018487) can0 1CECFFF1#20120003FF19F000
(1785791831.019455) can0 1CEBFFF1#0127100000000000
(1785791831.020461) can0 1CEBFFF1#0200000000000000
(1785791831.021446) can0 1CEBFFF1#033DA9F825FFFFFF
(1785791831.042901) can0 18FF09D1#01000A00D5A0DD
(1785791831.047448) can0 18F015F1#000084094966474C
(1785791831.105231) can0 18FEF1F8#FF0000FFFFFFFFFF
(1785791831.106408) can0 18F005F8#7DFFFF7DFFFFFFFF
(1785791831.118488) can0 1CECFFF1#20120003FF19F000
(1785791831.119463) can0 1CEBFFF1#0127100000000000
(1785791831.120471) can0 1CEBFFF1#0200000000000000
(1785791831.121441) can0 1CEBFFF1#033DE1CE25FFFFFF
(1785791831.143078) can0 18FF09D1#01000A00D5A0DD
(1785791831.143431) can0 18FF14D1#
(1785791831.143707) can0 18FF16D1#01000A0064
(1785791831.147457) can0 18F015F1#000084434964474D
(1785791831.205415) can0 18FEF1F8#FF0000FFFFFFFFFF
(1785791831.206665) can0 18F005F8#7DFFFF7DFFFFFFFF
(1785791831.218576) can0 1CECFFF1#20120003FF19F000
(1785791831.219482) can0 1CEBFFF1#0127100000000000
(1785791831.220488) can0 1CEBFFF1#0200000000000000
(1785791831.221472) can0 1CEBFFF1#033E1D7F25FFFFFF
(1785791831.242996) can0 18FF09D1#01000A00D5A0DD
(1785791831.247538) can0 18F015F1#0000847E49624748
(1785791831.305225) can0 18FEF1F8#FF0000FFFFFFFFFF
(1785791831.306369) can0 18F005F8#7DFFFF7DFFFFFFFF
(1785791831.319465) can0 1CECFFF1#20120003FF19F000
(1785791831.320465) can0 1CEBFFF1#0127100000000000
(1785791831.321465) can0 1CEBFFF1#0200000000000000
(1785791831.322445) can0 1CEBFFF1#033E564865FFFFFF
(1785791831.342919) can0 18FF09D1#01000A00D5A0DD
(1785791831.348440) can0 18F015F1#000084B649624745
(1785791831.359406) can0 18F017F1#EB7A12989BA1
(1785791831.359836) can0 18F018F1#E539059E8DFA
(1785791831.405319) can0 18FEF1F8#FF0000FFFFFFFFFF
(1785791831.406477) can0 18F005F8#7DFFFF7DFFFFFFFF
(1785791831.419522) can0 1CECFFF1#20120003FF19F000
(1785791831.420465) can0 1CEBFFF1#0127100000000000
(1785791831.421508) can0 1CEBFFF1#0200000000000000
(1785791831.422494) can0 1CEBFFF1#033E8B11A5FFFFFF
(1785791831.442937) can0 18FF09D1#01000A00D5A0DD
(1785791831.448481) can0 18F015F1#000084ED49624742
(1785791831.505286) can0 18FEF1F8#FF0000FFFFFFFFFF
(1785791831.506469) can0 18F005F8#7DFFFF7DFFFFFFFF
(1785791831.519547) can0 1CECFFF1#20120003FF19F000
(1785791831.520469) can0 1CEBFFF1#0127100000000000
(1785791831.521518) can0 1CEBFFF1#0200000000000000
(1785791831.522479) can0 1CEBFFF1#033EC92025FFFFFF
(1785791831.542910) can0 18FF09D1#01000A00D5A0DD
(1785791831.548511) can0 18F015F1#0000852B49624740
(1785791831.605495) can0 18FEF1F8#FF0000FFFFFFFFFF
(1785791831.606965) can0 18F005F8#7DFFFF7DFFFFFFFF
(1785791831.619582) can0 1CECFFF1#20120003FF19F000
(1785791831.620537) can0 1CEBFFF1#0127100000000000
(1785791831.621504) can0 1CEBFFF1#0200000000000000
(1785791831.622563) can0 1CEBFFF1#033F03E7A4FFFFFF
(1785791831.643006) can0 18FF09D1#01000A00D5A0DD
(1785791831.643547) can0 18FF14D1#
(1785791831.648436) can0 18F015F1#000085644963473F
(1785791831.705256) can0 18FEF1F8#FF0000FFFFFFFFFF
(1785791831.706442) can0 18F005F8#7DFFFF7DFFFFFFFF
(1785791831.719499) can0 1CECFFF1#20120003FF19F000
(1785791831.720467) can0 1CEBFFF1#0127100000000000
(1785791831.721469) can0 1CEBFFF1#0200000000000000
(1785791831.722486) can0 1CEBFFF1#033F3AF564FFFFFF
(1785791831.742852) can0 18FF09D1#01000A00D5A0DD
(1785791831.748441) can0 18F015F1#0000859A49624745
(1785791831.805232) can0 18FEF1F8#FF0000FFFFFFFFFF
(1785791831.806384) can0 18F005F8#7DFFFF7DFFFFFFFF
(1785791831.819477) can0 1CECFFF1#20120003FF19F000
(1785791831.820471) can0 1CEBFFF1#0127100000000000
(1785791831.821485) can0 1CEBFFF1#0200000000000000
(1785791831.822460) can0 1CEBFFF1#033F6FCAA4FFFFFF
(1785791831.842831) can0 18FF09D1#01000A00D5A0DD
(1785791831.849443) can0 18F015F1#000085CF49594743
(1785791831.905929) can0 18FEF1F8#FF0000FFFFFFFFFF
(1785791831.907373) can0 18F005F8#7DFFFF7DFFFFFFFF
(1785791831.919624) can0 1CECFFF1#20120003FF19F000
(1785791831.920519) can0 1CEBFFF1#0127100000000000
(1785791831.921487) can0 1CEBFFF1#0200000000000000
(1785791831.922506) can0 1CEBFFF1#033FA15E25FFFFFF
(1785791831.942995) can0 18FF09D1#01000A00D5A0DD
(1785791831.948680) can0 18F015F1#000085FF494F4744
(1785791832.005446) can0 18FEF1F8#FF0000FFFFFFFFFF
(1785791832.006634) can0 18F005F8#7DFFFF7DFFFFFFFF
(1785791832.020869) can0 1CECFFF1#20120003FF19F000
(1785791832.021471) can0 1CEBFFF1#0127100000000000
(1785791832.022481) can0 1CEBFFF1#0200000000000000
(1785791832.023465) can0 1CEBFFF1#033FCE7265FFFFFF
(1785791832.042904) can0 18FF09D1#01000A00D5A0DD
(1785791832.049460) can0 18F015F1#0000862A494D4745
(1785791832.105240) can0 18FEF1F8#FF0000FFFFFFFFFF
(1785791832.106390) can0 18F005F8#7DFFFF7DFFFFFFFF
(1785791832.120495) can0 1CECFFF1#20120003FF19F000
(1785791832.121478) can0 1CEBFFF1#0127100000000000
(1785791832.122479) can0 1CEBFFF1#0200000000000000
(1785791832.123459) can0 1CEBFFF1#033FF461E5FFFFFF
(1785791832.142970) can0 18FF09D1#01000A00D5A0DD
(1785791832.143240) can0 18FF14D1#
(1785791832.149447) can0 18F015F1#0000864F4946473E
(1785791832.205311) can0 18FEF1F8#FF0000FFFFFFFFFF
(1785791832.206590) can0 18F005F8#7DFFFF7DFFFFFFFF
(1785791832.220568) can0 1CECFFF1#20120003FF19F000
(1785791832.221477) can0 1CEBFFF1#0127100000000000
(1785791832.222492) can0 1CEBFFF1#0200000000000000
(1785791832.223469) can0 1CEBFFF1#034018DCC4FFFFFF
(1785791832.243056) can0 18FF09D1#01000A00D5A0DD
(1785791832.249553) can0 18F015F1#0000867249414743
(1785791832.305231) can0 18FEF1F8#FF0000FFFFFFFFFF
(1785791832.306383) can0 18F005F8#7DFFFF7DFFFFFFFF
(1785791832.320482) can0 1CECFFF1#20120003FF19F000
(1785791832.321474) can0 1CEBFFF1#0127100000000000
(1785791832.322477) can0 1CEBFFF1#0200000000000000
(1785791832.323466) can0 1CEBFFF1#03403804C5FFFFFF
(1785791832.342822) can0 18FF09D1#01000A00D5A0DD
(1785791832.350447) can0 18F015F1#000086904935474C
(1785791832.360467) can0 18F017F1#EFC00B6F9C7C
(1785791832.360854) can0 18F018F1#E956040E8E71
(1785791832.405292) can0 18FEF1F8#FF0000FFFFFFFFFF
(1785791832.406433) can0 18F005F8#7DFFFF7DFFFFFFFF
(1785791832.420484) can0 1CECFFF1#20120003FF19F000
(1785791832.421481) can0 1CEBFFF1#0127100000000000
(1785791832.422474) can0 1CEBFFF1#0200000000000000
(1785791832.423448) can0 1CEBFFF1#0340522B45FFFFFF
(1785791832.442852) can0 18FF09D1#01000A00D5A0DD
(1785791832.449442) can0 18F015F1#000086A9492E475A
(1785791832.505211) can0 18FEF1F8#FF0000FFFFFFFFFF
(1785791832.506369) can0 18F005F8#7DFFFF7DFFFFFFFF
(1785791832.520520) can0 1CECFFF1#20120003FF19F000
(1785791832.521488) can0 1CEBFFF1#0127100000000000
(1785791832.522499) can0 1CEBFFF1#0200000000000000
(1785791832.523473) can0 1CEBFFF1#03406838C5FFFFFF
(1785791832.542938) can0 18FF09D1#01000A00D5A0DD
(1785791832.549539) can0 18F015F1#000086BD492B4766
(1785791832.605907) can0 18FEF1F8#FF0000FFFFFFFFFF
(1785791832.607427) can0 18F005F8#7DFFFF7DFFFFFFFF
(1785791832.620591) can0 1CECFFF1#20120003FF19F000
(1785791832.621493) can0 1CEBFFF1#0127100000000000
(1785791832.622479) can0 1CEBFFF1#0200000000000000
(1785791832.623479) can0 1CEBFFF1#0340753105FFFFFF
(1785791832.642922) can0 18FF09D1#01000A00D55CE0
(1785791832.643232) can0 18FF14D1#
(1785791832.649438) can0 18F015F1#000086C849324769
(1785791832.705255) can0 18FEF1F8#FF0000FFFFFFFFFF
(1785791832.706445) can0 18F005F8#7DFFFF7DFFFFFFFF
(1785791832.721494) can0 1CECFFF1#20120003FF19F000
(1785791832.722475) can0 1CEBFFF1#0127100000000000
(1785791832.723489) can0 1CEBFFF1#0200000000000000
(1785791832.724472) can0 1CEBFFF1#03407C37C5FFFFFF
(1785791832.742826) can0 18FF09D1#01000A00D55CE0
(1785791832.749455) can0 18F015F1#000086CE49304763
(1785791832.805194) can0 18FEF1F8#FF0000FFFFFFFFFF
(1785791832.806330) can0 18F005F8#7DFFFF7DFFFFFFFF
(1785791832.821494) can0 1CECFFF1#20120003FF19F000
(1785791832.822477) can0 1CEBFFF1#0127100000000000
(1785791832.823482) can0 1CEBFFF1#0200000000000000
(1785791832.824459) can0 1CEBFFF1#034084B5C4FFFFFF
(1785791832.842817) can0 18FF09D1#01000A00D55CE0
(1785791832.850446) can0 18F015F1#000086D6492E4757
(1785791832.905526) can0 18FEF1F8#FF0000FFFFFFFFFF
(1785791832.906863) can0 18F005F8#7DFFFF7DFFFFFFFF
(1785791832.921567) can0 1CECFFF1#20120003FF19F000
(1785791832.922486) can0 1CEBFFF1#0127100000000000
(1785791832.923504) can0 1CEBFFF1#0200000000000000
(1785791832.924472) can0 1CEBFFF1#03408A7145FFFFFF
(1785791832.943134) can0 18FF09D1#01000A00D55CE0
(1785791832.959701) can0 18F015F1#000086DA492C474F
(1785791833.005271) can0 18FEF1F8#FF0000FFFFFFFFFF
(1785791833.006429) can0 18F005F8#7DFFFF7DFFFFFFFF
(1785791833.021490) can0 1CECFFF1#20120003FF19F000
(1785791833.022468) can0 1CEBFFF1#0127100000000000
(1785791833.023477) can0 1CEBFFF1#0200000000000000
(1785791833.024543) can0 1CEBFFF1#034088B0C4FFFFFF
(1785791833.042852) can0 18FF09D1#01000A00D55CE0
(1785791833.050463) can0 18F015F1#000086D7492D4754
(1785791833.105227) can0 18FEF1F8#FF0000FFFFFFFFFF
(1785791833.106356) can0 18F005F8#7DFFFF7DFFFFFFFF
(1785791833.121502) can0 1CECFFF1#20120003FF19F000
(1785791833.122472) can0 1CEBFFF1#0127100000000000
(1785791833.123481) can0 1CEBFFF1#0200000000000000
(1785791833.124469) can0 1CEBFFF1#034082B744FFFFFF
(1785791833.143011) can0 18FF09D1#01000A00D580DA
(1785791833.143373) can0 18FF14D1#
(1785791833.143704) can0 18FF16D1#01000A0064
(1785791833.150481) can0 18F015F1#000086D0492F475D
(1785791833.205346) can0 18FEF1F8#FF0000FFFFFFFFFF
(1785791833.206516) can0 18F005F8#7DFFFF7DFFFFFFFF
(1785791833.221592) can0 1CECFFF1#20120003FF19F000
(1785791833.222477) can0 1CEBFFF1#0127100000000000
(1785791833.223488) can0 1CEBFFF1#0200000000000000
(1785791833.224467) can0 1CEBFFF1#03407BF584FFFFFF
(1785791833.242989) can0 18FF09D1#01000A00D580DA
(1785791833.250589) can0 18F015F1#000086C94930476B
(1785791833.305458) can0 18FEF1F8#FF0000FFFFFFFFFF
(1785791833.306699) can0 18F005F8#7DFFFF7DFFFFFFFF
(1785791833.321480) can0 1CECFFF1#20120003FF19F000
(1785791833.322468) can0 1CEBFFF1#0127100000000000
(1785791833.323479) can0 1CEBFFF1#0200000000000000
(1785791833.324456) can0 1CEBFFF1#03407032C5FFFFFF
(1785791833.342777) can0 18FF09D1#01000A00D580DA
(1785791833.351446) can0 18F015F1#000086BA492E4777
(1785791833.362433) can0 18F017F1#EFC00B6F9C7C
(1785791833.362860) can0 18F018F1#E956040E8E71
(1785791833.405318) can0 18FEF1F8#FF0000FFFFFFFFFF
(1785791833.406457) can0 18F005F8#7DFFFF7DFFFFFFFF
(1785791833.422499) can0 1CECFFF1#20120003FF19F000
(1785791833.423488) can0 1CEBFFF1#0127100000000000
(1785791833.424500) can0 1CEBFFF1#0200000000000000
(1785791833.425481) can0 1CEBFFF1#0340582CC5FFFFFF
(1785791833.442793) can0 18FF09D1#01000A00D580DA
(1785791833.450474) can0 18F015F1#0000869F49284788
(1785791833.505196) can0 18FEF1F8#FF0000FFFFFFFFFF
(1785791833.506357) can0 18F005F8#7DFFFF7DFFFFFFFF
(1785791833.522575) can0 1CECFFF1#20120003FF19F000
(1785791833.523481) can0 1CEBFFF1#0127100000000000
(1785791833.524491) can0 1CEBFFF1#0200000000000000
(1785791833.525473) can0 1CEBFFF1#03403AC544FFFFFF
(1785791833.542886) can0 18FF09D1#01000A00D580DA
(1785791833.551644) can0 18F015F1#0000868149204795
(1785791833.606210) can0 18FEF1F8#FF0000FFFFFFFFFF
(1785791833.607812) can0 18F005F8#7DFFFF7DFFFFFFFF
(1785791833.622611) can0 1CECFFF1#20120003FF19F000
(1785791833.623499) can0 1CEBFFF1#0127100000000000
(1785791833.624495) can0 1CEBFFF1#0200000000000000
(1785791833.625459) can0 1CEBFFF1#0340161845FFFFFF
(1785791833.642878) can0 18FF09D1#01000A00D580DA
(1785791833.643165) can0 18FF14D1#
(1785791833.651461) can0 18F015F1#00008658491D4789
(1785791833.705334) can0 18FEF1F8#FF0000FFFFFFFFFF
(1785791833.706515) can0 18F005F8#7DFFFF7DFFFFFFFF
(1785791833.722525) can0 1CECFFF1#20120003FF19F000
(1785791833.723481) can0 1CEBFFF1#0127100000000000
(1785791833.724487) can0 1CEBFFF1#0200000000000000
(1785791833.725474) can0 1CEBFFF1#033FE06EE5FFFFFF
(1785791833.742797) can0 18FF09D1#01000A00D580DA
(1785791833.751502) can0 18F015F1#0000861C49214775
(1785791833.805259) can0 18FEF1F8#FF0000FFFFFFFFFF
(1785791833.806421) can0 18F005F8#7DFFFF7DFFFFFFFF
(1785791833.822501) can0 1CECFFF1#20120003FF19F000
(1785791833.823489) can0 1CEBFFF1#0127100000000000
(1785791833.824498) can0 1CEBFFF1#0200000000000000
(1785791833.825478) can0 1CEBFFF1#033F9C8FE4FFFFFF
(1785791833.842772) can0 18FF09D1#01000A00D580DA
(1785791833.852467) can0 18F015F1#000085D8492E4765
(1785791833.905441) can0 18FEF1F8#FF0000FFFFFFFFFF
(1785791833.906896) can0 18F005F8#7DFFFF7DFFFFFFFF
(1785791833.922731) can0 1CECFFF1#20120003FF19F000
(1785791833.923507) can0 1CEBFFF1#0127100000000000
(1785791833.924978) can0 1CEBFFF1#0200000000000000
(1785791833.925475) can0 1CEBFFF1#033F55D924FFFFFF
(1785791833.943093) can0 18FF09D1#01000A00D580DA
(1785791833.951555) can0 18F015F1#0000858E493D476E
(1785791834.005338) can0 18FEF1F8#FF0000FFFFFFFFFF
(1785791834.006568) can0 18F005F8#7DFFFF7DFFFFFFFF
(1785791834.022539) can0 1CECFFF1#20120003FF19F000
(1785791834.023481) can0 1CEBFFF1#0127100000000000
(1785791834.024493) can0 1CEBFFF1#0200000000000000
(1785791834.025473) can0 1CEBFFF1#033F012625FFFFFF
(1785791834.042849) can0 18FF09D1#01000A00D580DA
(1785791834.051473) can0 18F015F1#0000853349464789
(1785791834.105239) can0 18FEF1F8#FF0000FFFFFFFFFF
(1785791834.106399) can0 18F005F8#7DFFFF7DFFFFFFFF
(1785791834.122517) can0 1CECFFF1#20120003FF19F000
(1785791834.123485) can0 1CEBFFF1#0127100000000000
(1785791834.124486) can0 1CEBFFF1#0200000000000000
(1785791834.125468) can0 1CEBFFF1#033E97D8A4FFFFFF
(1785791834.142898) can0 18FF09D1#01000A00D5A0DD
(1785791834.143154) can0 18FF14D1#
(1785791834.151491) can0 18F015F1#000084C4494A47A3
(1785791834.206709) can0 18FEF1F8#FF0000FFFFFFFFFF
(1785791834.207881) can0 18F005F8#7DFFFF7DFFFFFFFF
(1785791834.222608) can0 1CECFFF1#20120003FF19F000
(1785791834.223487) can0 1CEBFFF1#0127100000000000
(1785791834.224501) can0 1CEBFFF1#0200000000000000
(1785791834.225483) can0 1CEBFFF1#033E1B7DA5FFFFFF
(1785791834.242873) can0 18FF09D1#01000A00D5A0DD
(1785791834.251598) can0 18F015F1#00008445495047A3
(1785791834.305811) can0 18FEF1F8#FF0000FFFFFFFFFF
(1785791834.306989) can0 18F005F8#7DFFFF7DFFFFFFFF
(1785791834.323485) can0 1CECFFF1#20120003FF19F000
(1785791834.324476) can0 1CEBFFF1#0127100000000000
(1785791834.325483) can0 1CEBFFF1#0200000000000000
(1785791834.326465) can0 1CEBFFF1#033D982CE4FFFFFF
(1785791834.342767) can0 18FF09D1#01000A00D5A0DD
(1785791834.352462) can0 18F015F1#000083BC4953479D
(1785791834.363387) can0 18F017F1#FF870839A066
(1785791834.363862) can0 18F018F1#EDA0F7289261
(1785791834.405485) can0 18FEF1F8#FF0000FFFFFFFFFF
(1785791834.406648) can0 18F005F8#7DFFFF7DFFFFFFFF
(1785791834.423497) can0 1CECFFF1#20120003FF19F000
(1785791834.424481) can0 1CEBFFF1#0127100000000000
(1785791834.425490) can0 1CEBFFF1#0200000000000000
(1785791834.426474) can0 1CEBFFF1#033CF790A5FFFFFF
(1785791834.442778) can0 18FF09D1#01000A00D5A0DD
(1785791834.452478) can0 18F015F1#0000831449544799
(1785791834.505193) can0 18FEF1F8#FF0000FFFFFFFFFF
(1785791834.506348) can0 18F005F8#7DFFFF7DFFFFFFFF
(1785791834.523514) can0 1CECFFF1#20120003FF19F000
(1785791834.524495) can0 1CEBFFF1#0127100000000000
(1785791834.525506) can0 1CEBFFF1#0200000000000000
(1785791834.526478) can0 1CEBFFF1#033C4AE165FFFFFF
(1785791834.542816) can0 18FF09D1#01000A00D5A0DD
(1785791834.552573) can0 18F015F1#0000826349534799
(1785791834.605945) can0 18FEF1F8#FF0000FFFFFFFFFF
(1785791834.607276) can0 18F005F8#7DFFFF7DFFFFFFFF
(1785791834.623499) can0 1CECFFF1#20120003FF19F000
(1785791834.624480) can0 1CEBFFF1#0127100000000000
(1785791834.625489) can0 1CEBFFF1#0200000000000000
(1785791834.626688) can0 1CEBFFF1#033B928B67FFFFFF
(1785791834.642815) can0 18FF09D1#01000A00D5A0DD
(1785791834.643074) can0 18FF14D1#
(1785791834.652463) can0 18F015F1#000081A64956479D
(1785791834.705505) can0 18FEF1F8#FF0000FFFFFFFFFF
(1785791834.707165) can0 18F005F8#7DFFFF7DFFFFFFFF
(1785791834.723522) can0 1CECFFF1#20120003FF19F000
(1785791834.724485) can0 1CEBFFF1#0127100000000000
(1785791834.725496) can0 1CEBFFF1#0200000000000000
(1785791834.726472) can0 1CEBFFF1#033AC6E467FFFFFF
(1785791834.742769) can0 18FF09D1#01000A00D5A0DD
(1785791834.752475) can0 18F015F1#000080D9496647A3
(1785791834.805200) can0 18FEF1F8#FF0000FFFFFFFFFF
(1785791834.806338) can0 18F005F8#7DFFFF7DFFFFFFFF
(1785791834.823517) can0 1CECFFF1#20120003FF19F000
(1785791834.824502) can0 1CEBFFF1#0127100000000000
(1785791834.825528) can0 1CEBFFF1#0200000000000000
(1785791834.826501) can0 1CEBFFF1#0339FF06A7FFFFFF
(1785791834.842781) can0 18FF09D1#01000A00D5A0DD
(1785791834.853488) can0 18F015F1#00008013496D47B5
(1785791834.905448) can0 18FEF1F8#FF0000FFFFFFFFFF
(1785791834.906658) can0 18F005F8#7DFFFF7DFFFFFFFF
(1785791834.924635) can0 1CECFFF1#20120003FF19F000
(1785791834.925537) can0 1CEBFFF1#0127100000000000
(1785791834.926546) can0 1CEBFFF1#0200000000000000
(1785791834.927496) can0 1CEBFFF1#03393052E7FFFFFF
(1785791834.942923) can0 18FF09D1#01000A00D5A0DD
(1785791834.954010) can0 18F015F1#00007F40496E47BB
(1785791835.005239) can0 18FEF1F8#FF0000FFFFFFFFFF
(1785791835.006379) can0 18F005F8#7DFFFF7DFFFFFFFF
(1785791835.024511) can0 1CECFFF1#20120003FF19F000
(1785791835.025496) can0 1CEBFFF1#0127100000000000
(1785791835.026521) can0 1CEBFFF1#0200000000000000
(1785791835.027466) can0 1CEBFFF1#033859EC26FFFFFF
(1785791835.043341) can0 18FF09D1#01000A00D5A0DD
(1785791835.053505) can0 18F015F1#00007E66496D47B4
(1785791835.105243) can0 18FEF1F8#FF0000FFFFFFFFFF
(1785791835.106384) can0 18F005F8#7DFFFF7DFFFFFFFF
(1785791835.124520) can0 1CECFFF1#20120003FF19F000
(1785791835.125487) can0 1CEBFFF1#0127100000000000
(1785791835.126507) can0 1CEBFFF1#0200000000000000
(1785791835.127486) can0 1CEBFFF1#03377D0723FFFFFF
(1785791835.143340) can0 18FF09D1#01000A00D5C0E0
(1785791835.143604) can0 18FF14D1#
(1785791835.143968) can0 18FF16D1#01000A0064
(1785791835.153505) can0 18F015F1#00007D8A4975479F
(1785791835.205207) can0 18FEF1F8#FF0000FFFFFFFFFF
(1785791835.206377) can0 18F005F8#7DFFFF7DFFFFFFFF
(1785791835.224591) can0 1CECFFF1#20120003FF19F000
(1785791835.225502) can0 1CEBFFF1#0127100000000000
(1785791835.226523) can0 1CEBFFF1#0200000000000000
(1785791835.227484) can0 1CEBFFF1#033695D922FFFFFF
(1785791835.242844) can0 18FF09D1#01000A00D5C0E0
(1785791835.254720) can0 18F015F1#00007C9E4982478F
(1785791835.305469) can0 18FEF1F8#FF0000FFFFFFFFFF
(1785791835.307142) can0 18F005F8#7DFFFF7DFFFFFFFF
(1785791835.324516) can0 1CECFFF1#20120003FF19F000
(1785791835.325509) can0 1CEBFFF1#0127100000000000
(1785791835.326572) can0 1CEBFFF1#0200000000000000
(1785791835.327478) can0 1CEBFFF1#0335A7FCA3FFFFFF
(1785791835.342732) can0 18FF09D1#01000A00D5C0E0
(1785791835.354504) can0 18F015F1#00007BAC49834787
(1785791835.364412) can0 18F017F1#FF870839A066
(1785791835.364879) can0 18F018F1#EDA0F7289261
(1785791835.405278) can0 18FEF1F8#FF0000FFFFFFFFFF
(1785791835.406461) can0 18F005F8#7DFFFF7DFFFFFFFF
(1785791835.425526) can0 1CECFFF1#20120003FF19F000
(1785791835.426502) can0 1CEBFFF1#0127100000000000
(1785791835.427508) can0 1CEBFFF1#0200000000000000
(1785791835.428480) can0 1CEBFFF1#0334AD6B22FFFFFF
(1785791835.442791) can0 18FF09D1#01000A00D5C0E0
(1785791835.453510) can0 18F015F1#00007ABC4983478C
(1785791835.505219) can0 18FEF1F8#FF0000FFFFFFFFFF
(1785791835.506377) can0 18F005F8#7DFFFF7DFFFFFFFF
(1785791835.524597) can0 1CECFFF1#20120003FF19F000
(1785791835.525501) can0 1CEBFFF1#0127100000000000
(1785791835.526514) can0 1CEBFFF1#0200000000000000
(1785791835.527478) can0 1CEBFFF1#0333C0B6E1FFFFFF
(1785791835.542747) can0 18FF09D1#01000A00D5C0E0
(1785791835.553540) can0 18F015F1#000079CA49834787
(1785791835.605519) can0 18FEF1F8#FF0000FFFFFFFFFF
(1785791835.606721) can0 18F005F8#7DFFFF7DFFFFFFFF
(1785791835.624805) can0 1CECFFF1#20120003FF19F000
(1785791835.625524) can0 1CEBFFF1#0127100000000000
(1785791835.626771) can0 1CEBFFF1#0200000000000000
(1785791835.627523) can0 1CEBFFF1#0332DE2E60FFFFFF
(1785791835.642928) can0 18FF09D1#01000A00D5C0E0
(1785791835.643516) can0 18FF14D1#
(1785791835.653503) can0 18F015F1#000078EB49934792
(1785791835.705564) can0 18FEF1F8#FF0000FFFFFFFFFF
(1785791835.707637) can0 18F005F8#7DFFFF7DFFFFFFFF
(1785791835.725547) can0 1CECFFF1#20120003FF19F000
(1785791835.726531) can0 1CEBFFF1#0127100000000000
(1785791835.727509) can0 1CEBFFF1#0200000000000000
(1785791835.728495) can0 1CEBFFF1#0331FE0661FFFFFF
(1785791835.743081) can0 18FF09D1#01000A00D5C0E0
(1785791835.754540) can0 18F015F1#0000780F49954795
(1785791835.805295) can0 18FEF1F8#FF0000FFFFFFFFFF
(1785791835.806466) can0 18F005F8#7DFFFF7DFFFFFFFF
(1785791835.825552) can0 1CECFFF1#20120003FF19F000
(1785791835.826504) can0 1CEBFFF1#0127100000000000
(1785791835.827519) can0 1CEBFFF1#0200000000000000
(1785791835.828483) can0 1CEBFFF1#03313451E1FFFFFF
(1785791835.842774) can0 18FF09D1#01000A00D5C0E0
(1785791835.854541) can0 18F015F1#0000774449CC47C7
(1785791835.905540) can0 18FEF1F8#FF0000FFFFFFFFFF
(1785791835.906694) can0 18F005F8#7DFFFF7DFFFFFFFF
(1785791835.925608) can0 1CECFFF1#20120003FF19F000
(1785791835.926534) can0 1CEBFFF1#0127100000000000
(1785791835.927551) can0 1CEBFFF1#0200000000000000
(1785791835.928555) can0 1CEBFFF1#033062FF60FFFFFF
(1785791835.942905) can0 18FF09D1#01000A00D5C0E0
(1785791835.954780) can0 18F015F1#0000767349C947CA
(1785791836.005310) can0 18FEF1F8#FF0000FFFFFFFFFF
(1785791836.006761) can0 18F005F8#7DFFFF7DFFFFFFFF
(1785791836.025527) can0 1CECFFF1#20120003FF19F000
(1785791836.026498) can0 1CEBFFF1#0127100000000000
(1785791836.027508) can0 1CEBFFF1#0200000000000000
(1785791836.028488) can0 1CEBFFF1#032F8E4269FFFFFF
(1785791836.042817) can0 18FF09D1#01000A00D5C0E0
(1785791836.054562) can0 18F015F1#000075A149C747CF
(1785791836.105245) can0 18FEF1F8#FF0000FFFFFFFFFF
(1785791836.106452) can0 18F005F8#7DFFFF7DFFFFFFFF
(1785791836.125539) can0 1CECFFF1#20120003FF19F000
(1785791836.126538) can0 1CEBFFF1#0127100000000000
(1785791836.127522) can0 1CEBFFF1#0200000000000000
(1785791836.128491) can0 1CEBFFF1#032EC425E9FFFFFF
(1785791836.142811) can0 18FF09D1#01000A00D58EE0
(1785791836.143068) can0 18FF14D1#
(1785791836.154525) can0 18F015F1#000074D849CD47C3
(1785791836.205210) can0 18FEF1F8#FF0000FFFFFFFFFF
(1785791836.206451) can0 18F005F8#7DFFFF7DFFFFFFFF
(1785791836.225687) can0 1CECFFF1#20120003FF19F000
(1785791836.226527) can0 1CEBFFF1#0127100000000000
(1785791836.227541) can0 1CEBFFF1#0200000000000000
(1785791836.228523) can0 1CEBFFF1#032E00B6E8FFFFFF
(1785791836.242772) can0 18FF09D1#01000A00D58EE0
(1785791836.254643) can0 18F015F1#0000741449D147B3
(1785791836.305397) can0 18FEF1F8#FF0000FFFFFFFFFF
(1785791836.306711) can0 18F005F8#7DFFFF7DFFFFFFFF
(1785791836.325525) can0 1CECFFF1#20120003FF19F000
(1785791836.326504) can0 1CEBFFF1#0127100000000000
(1785791836.327502) can0 1CEBFFF1#0200000000000000
(1785791836.328476) can0 1CEBFFF1#032D355128FFFFFF
(1785791836.342703) can0 18FF09D1#01000A00D58EE0
(1785791836.355481) can0 18F015F1#0000734949D647A5
(1785791836.366410) can0 18F017F1#EFD60A52A060
(1785791836.366927) can0 18F018F1#D7F1F3488C2A
(1785791836.405320) can0 18FEF1F8#FF0000FFFFFFFFFF
(1785791836.406464) can0 18F005F8#7DFFFF7DFFFFFFFF
(1785791836.425535) can0 1CECFFF1#20120003FF19F000
(1785791836.426502) can0 1CEBFFF1#0127100000000000
(1785791836.427506) can0 1CEBFFF1#0200000000000000
(1785791836.428486) can0 1CEBFFF1#032C74F1E9FFFFFF
(1785791836.442710) can0 18FF09D1#01000A00D58EE0
(1785791836.454496) can0 18F015F1#0000728C49DB47A1
(1785791836.505208) can0 18FEF1F8#FF0000FFFFFFFFFF
(1785791836.506373) can0 18F005F8#7DFFFF7DFFFFFFFF
(1785791836.526517) can0 1CECFFF1#20120003FF19F000
(1785791836.527507) can0 1CEBFFF1#0127100000000000
(1785791836.528517) can0 1CEBFFF1#0200000000000000
(1785791836.529491) can0 1CEBFFF1#032BB790ABFFFFFF
(1785791836.542689) can0 18FF09D1#01000A00D58EE0
(1785791836.555536) can0 18F015F1#000071D149DF479D
(1785791836.605378) can0 18FEF1F8#FF0000FFFFFFFFFF
(1785791836.606843) can0 18F005F8#7DFFFF7DFFFFFFFF
(1785791836.626536) can0 1CECFFF1#20120003FF19F000
(1785791836.627505) can0 1CEBFFF1#0127100000000000
(1785791836.628512) can0 1CEBFFF1#0200000000000000
(1785791836.629496) can0 1CEBFFF1#032B0425EAFFFFFF
(1785791836.642748) can0 18FF09D1#01000A00D55CE0
(1785791836.643046) can0 18FF14D1#
(1785791836.655487) can0 18F015F1#0000711E49D747A1
(1785791836.705186) can0 18FEF1F8#FF0000FFFFFFFFFF
(1785791836.706316) can0 18F005F8#7DFFFF7DFFFFFFFF
(1785791836.726562) can0 1CECFFF1#20120003FF19F000
(1785791836.727499) can0 1CEBFFF1#0127100000000000
(1785791836.728510) can0 1CEBFFF1#0200000000000000
(1785791836.729483) can0 1CEBFFF1#032A528B6BFFFFFF
(1785791836.742702) can0 18FF09D1#01000A00D55CE0
(1785791836.755499) can0 18F015F1#0000706D49D647A3
(1785791836.805254) can0 18FEF1F8#FF0000FFFFFFFFFF
(1785791836.806416) can0 18F005F8#7DFFFF7DFFFFFFFF
(1785791836.826522) can0 1CECFFF1#20120003FF19F000
(1785791836.827509) can0 1CEBFFF1#0127100000000000
(1785791836.828520) can0 1CEBFFF1#0200000000000000
(1785791836.829514) can0 1CEBFFF1#0329A3FFAAFFFFFF
(1785791836.842671) can0 18FF09D1#01000A00D55CE0
(1785791836.856502) can0 18F015F1#00006FC149D647A9
(1785791836.905838) can0 18FEF1F8#FF0000FFFFFFFFFF
(1785791836.906998) can0 18F005F8#7DFFFF7DFFFFFFFF
(1785791836.926632) can0 1CECFFF1#20120003FF19F000
(1785791836.927519) can0 1CEBFFF1#0127100000000000
(1785791836.928538) can0 1CEBFFF1#0200000000000000
(1785791836.929513) can0 1CEBFFF1#0328FB95AAFFFFFF
(1785791836.942916) can0 18FF09D1#01000A00D55CE0
(1785791836.955667) can0 18F015F1#00006F1849D547A5
(1785791837.005213) can0 18FEF1F8#FF0000FFFFFFFFFF
(1785791837.006656) can0 18F005F8#7DFFFF7DFFFFFFFF
(1785791837.026526) can0 1CECFFF1#20120003FF19F000
(1785791837.027498) can0 1CEBFFF1#0127100000000000
(1785791837.028513) can0 1CEBFFF1#0200000000000000
(1785791837.029483) can0 1CEBFFF1#032858ECEAFFFFFF
(1785791837.042761) can0 18FF09D1#01000A00D55CE0
(1785791837.055836) can0 18F015F1#00006E7849D047AC
(1785791837.105231) can0 18FEF1F8#FF0000FFFFFFFFFF
(1785791837.106385) can0 18F005F8#7DFFFF7DFFFFFFFF
(1785791837.126558) can0 1CECFFF1#20120003FF19F000
(1785791837.127536) can0 1CEBFFF1#0127100000000000
(1785791837.128529) can0 1CEBFFF1#0200000000000000
(1785791837.129483) can0 1CEBFFF1#0327B491EEFFFFFF
(1785791837.142895) can0 18FF09D1#01000A00D55CE0
(1785791837.143270) can0 18FF14D1#
(1785791837.143584) can0 18FF16D1#01000B0064
(1785791837.155507) can0 18F015F1#00006DD349D347A9
(1785791837.205226) can0 18FEF1F8#FF0000FFFFFFFFFF
(1785791837.206441) can0 18F005F8#7DFFFF7DFFFFFFFF
(1785791837.227568) can0 1CECFFF1#20120003FF19F000
(1785791837.228531) can0 1CEBFFF1#0127100000000000
(1785791837.229553) can0 1CEBFFF1#0200000000000000
(1785791837.230533) can0 1CEBFFF1#032716286FFFFFFF
(1785791837.242802) can0 18FF09D1#01000A00D55CE0
(1785791837.256565) can0 18F015F1#00006D3649D247B6
(1785791837.305383) can0 18FEF1F8#FF0000FFFFFFFFFF
(1785791837.306688) can0 18F005F8#7DFFFF7DFFFFFFFF
(1785791837.327539) can0 1CECFFF1#20120003FF19F000
(1785791837.328504) can0 1CEBFFF1#0127100000000000
(1785791837.329508) can0 1CEBFFF1#0200000000000000
(1785791837.330480) can0 1CEBFFF1#03267451EFFFFFFF
(1785791837.342666) can0 18FF09D1#01000A00D55CE0
(1785791837.356673) can0 18F015F1#00006C9549D447B0
(1785791837.367427) can0 18F017F1#EFD60A52A060
(1785791837.367890) can0 18F018F1#D7F1F3488C2A
(1785791837.405668) can0 18FEF1F8#FF0000FFFFFFFFFF
(1785791837.406841) can0 18F005F8#7DFFFF7DFFFFFFFF
(1785791837.427548) can0 1CECFFF1#20120003FF19F000
(1785791837.428518) can0 1CEBFFF1#0127100000000000
(1785791837.429520) can0 1CEBFFF1#0200000000000000
(1785791837.430491) can0 1CEBFFF1#0325DEDE6FFFFFFF
(1785791837.442669) can0 18FF09D1#01000A00D55CE0
(1785791837.456506) can0 18F015F1#00006C0149C547AD
(1785791837.505192) can0 18FEF1F8#FF0000FFFFFFFFFF
(1785791837.506623) can0 18F005F8#7DFFFF7DFFFFFFFF
(1785791837.527571) can0 1CECFFF1#20120003FF19F000
(1785791837.528515) can0 1CEBFFF1#0127100000000000
(1785791837.529571) can0 1CEBFFF1#0200000000000000
(1785791837.530491) can0 1CEBFFF1#03254BB1AFFFFFFF
(1785791837.542713) can0 18FF09D1#01000A00D55CE0
(1785791837.556535) can0 18F015F1#00006B6F49C747A0
(1785791837.605494) can0 18FEF1F8#FF0000FFFFFFFFFF
(1785791837.606721) can0 18F005F8#7DFFFF7DFFFFFFFF
(1785791837.627690) can0 1CECFFF1#20120003FF19F000
(1785791837.628518) can0 1CEBFFF1#0127100000000000
(1785791837.629632) can0 1CEBFFF1#0200000000000000
(1785791837.630516) can0 1CEBFFF1#0324BAA56FFFFFFF
(1785791837.642843) can0 18FF09D1#01000A00D5F8DF
(1785791837.643158) can0 18FF14D1#
(1785791837.656525) can0 18F015F1#00006ADF49AE47B5
(1785791837.705197) can0 18FEF1F8#FF0000FFFFFFFFFF
(1785791837.706336) can0 18F005F8#7DFFFF7DFFFFFFFF
(1785791837.727572) can0 1CECFFF1#20120003FF19F000
(1785791837.728514) can0 1CEBFFF1#0127100000000000
(1785791837.729522) can0 1CEBFFF1#0200000000000000
(1785791837.730488) can0 1CEBFFF1#03242B09AEFFFFFF
(1785791837.742652) can0 18FF09D1#01000A00D5F8DF
(1785791837.756529) can0 18F015F1#00006A5049B447C5
(1785791837.805236) can0 18FEF1F8#FF0000FFFFFFFFFF
(1785791837.806386) can0 18F005F8#7DFFFF7DFFFFFFFF
(1785791837.828526) can0 1CECFFF1#20120003FF19F000
(1785791837.829516) can0 1CEBFFF1#0127100000000000
(1785791837.830524) can0 1CEBFFF1#0200000000000000
(1785791837.831501) can0 1CEBFFF1#03238C83EDFFFFFF
(1785791837.842664) can0 18FF09D1#01000A00D5F8DF
(1785791837.857502) can0 18F015F1#000069B349BE477A
(1785791837.905431) can0 18FEF1F8#FF0000FFFFFFFFFF
(1785791837.906737) can0 18F005F8#7DFFFF7DFFFFFFFF
(1785791837.927704) can0 1CECFFF1#20120003FF19F000
(1785791837.928560) can0 1CEBFFF1#0127100000000000
(1785791837.929583) can0 1CEBFFF1#0200000000000000
(1785791837.930544) can0 1CEBFFF1#032306246CFFFFFF
(1785791837.942907) can0 18FF09D1#01000A00D5F8DF
(1785791837.956705) can0 18F015F1#0000692D49B64789
(1785791838.005326) can0 18FEF1F8#FF0000FFFFFFFFFF
(1785791838.006581) can0 18F005F8#7DFFFF7DFFFFFFFF
(1785791838.028564) can0 1CECFFF1#20120003FF19F000
(1785791838.029527) can0 1CEBFFF1#0127100000000000
(1785791838.030600) can0 1CEBFFF1#0200000000000000
(1785791838.031537) can0 1CEBFFF1#03227C57ECFFFFFF
(1785791838.042648) can0 18FF09D1#01000A00D5F8DF
(1785791838.057604) can0 18F015F1#000068A149A94785
(1785791838.105281) can0 18FEF1F8#FF0000FFFFFFFFFF
(1785791838.106477) can0 18F005F8#7DFFFF7DFFFFFFFF
(1785791838.128587) can0 1CECFFF1#20120003FF19F000
(1785791838.129526) can0 1CEBFFF1#0127100000000000
(1785791838.130535) can0 1CEBFFF1#0200000000000000
(1785791838.131507) can0 1CEBFFF1#0321E70CADFFFFFF
(1785791838.142795) can0 18FF09D1#01000A00D530DF
(1785791838.143160) can0 18FF14D1#
(1785791838.157559) can0 18F015F1#0000680C49B14776
(1785791838.205241) can0 18FEF1F8#FF0000FFFFFFFFFF
(1785791838.206356) can0 18F005F8#7DFFFF7DFFFFFFFF
(1785791838.229439) can0 1CECFFF1#20120003FF19F000
(1785791838.229708) can0 1CEBFFF1#0127100000000000
(1785791838.230559) can0 1CEBFFF1#0200000000000000
(1785791838.231507) can0 1CEBFFF1#032158BCECFFFFFF
(1785791838.242778) can0 18FF09D1#01000A00D530DF
(1785791838.257588) can0 18F015F1#0000677D49C44769
(1785791838.305655) can0 18FEF1F8#FF0000FFFFFFFFFF
(1785791838.306917) can0 18F005F8#7DFFFF7DFFFFFFFF
(1785791838.328541) can0 1CECFFF1#20120003FF19F000
(1785791838.329512) can0 1CEBFFF1#0127100000000000
(1785791838.330518) can0 1CEBFFF1#0200000000000000
(1785791838.331501) can0 1CEBFFF1#0320CC83ECFFFFFF
(1785791838.342705) can0 18FF09D1#01000A00D530DF
(1785791838.358511) can0 18F015F1#000066F449D1475F
(1785791838.368428) can0 18F017F1#EE580C47A01A
(1785791838.368894) can0 18F018F1#DD63FBFA8C70
(1785791838.405606) can0 18FEF1F8#FF0000FFFFFFFFFF
(1785791838.406764) can0 18F005F8#7DFFFF7DFFFFFFFF
(1785791838.428563) can0 1CECFFF1#20120003FF19F000
(1785791838.429509) can0 1CEBFFF1#0127100000000000
(1785791838.430518) can0 1CEBFFF1#0200000000000000
(1785791838.431500) can0 1CEBFFF1#032046246DFFFFFF
(1785791838.442631) can0 18FF09D1#01000A00D530DF
(1785791838.457498) can0 18F015F1#0000666F49CC4758
(1785791838.505226) can0 18FEF1F8#FF0000FFFFFFFFFF
(1785791838.506441) can0 18F005F8#7DFFFF7DFFFFFFFF
(1785791838.528548) can0 1CECFFF1#20120003FF19F000
(1785791838.529527) can0 1CEBFFF1#0127100000000000
(1785791838.530534) can0 1CEBFFF1#0200000000000000
(1785791838.531516) can0 1CEBFFF1#031FC4B5FCFFFFFF
(1785791838.542628) can0 18FF09D1#01000A00D530DF
(1785791838.557499) can0 18F015F1#000065EB49CE474D
(1785791838.605368) can0 18FEF1F8#FF0000FFFFFFFFFF
(1785791838.606587) can0 18F005F8#7DFFFF7DFFFFFFFF
(1785791838.629660) can0 1CECFFF1#20120003FF19F000
(1785791838.630636) can0 1CEBFFF1#0127100000000000
(1785791838.631553) can0 1CEBFFF1#0200000000000000
(1785791838.632520) can0 1CEBFFF1#031F3A357DFFFFFF
(1785791838.642850) can0 18FF09D1#01000A00D5C6DF
(1785791838.643367) can0 18FF14D1#
(1785791838.658503) can0 18F015F1#0000656249CB473D
(1785791838.705201) can0 18FEF1F8#FF0000FFFFFFFFFF
(1785791838.706331) can0 18F005F8#7DFFFF7DFFFFFFFF
(1785791838.729554) can0 1CECFFF1#20120003FF19F000
(1785791838.730522) can0 1CEBFFF1#0127100000000000
(1785791838.731525) can0 1CEBFFF1#0200000000000000
(1785791838.732506) can0 1CEBFFF1#031EB7C0BCFFFFFF
(1785791838.742800) can0 18FF09D1#01000A00D5C6DF
(1785791838.758534) can0 18F015F1#000064E049CA4723
(1785791838.805217) can0 18FEF1F8#FF0000FFFFFFFFFF
(1785791838.806349) can0 18F005F8#7DFFFF7DFFFFFFFF
(1785791838.829552) can0 1CECFFF1#20120003FF19F000
(1785791838.830524) can0 1CEBFFF1#0127100000000000
(1785791838.831540) can0 1CEBFFF1#0200000000000000
(1785791838.832515) can0 1CEBFFF1#031E36A07CFFFFFF
(1785791838.842613) can0 18FF09D1#01000A00D5C6DF
(1785791838.858511) can0 18F015F1#0000645E49CE4713
(1785791838.905292) can0 18FEF1F8#FF0000FFFFFFFFFF
(1785791838.906502) can0 18F005F8#7DFFFF7DFFFFFFFF
(1785791838.929640) can0 1CECFFF1#20120003FF19F000
(1785791838.930509) can0 1CEBFFF1#0127100000000000
(1785791838.931548) can0 1CEBFFF1#0200000000000000
(1785791838.932510) can0 1CEBFFF1#031DAF3ABCFFFFFF
(1785791838.942630) can0 18FF09D1#01000A00D5C6DF
(1785791838.958658) can0 18F015F1#000063D849D24704
(1785791839.005622) can0 18FEF1F8#FF0000FFFFFFFFFF
(1785791839.006902) can0 18F005F8#7DFFFF7DFFFFFFFF
(1785791839.029541) can0 1CECFFF1#20120003FF19F000
(1785791839.030517) can0 1CEBFFF1#0127100000000000
(1785791839.031521) can0 1CEBFFF1#0200000000000000
(1785791839.032501) can0 1CEBFFF1#031D36507CFFFFFF
(1785791839.042614) can0 18FF09D1#01000A00D5C6DF
(1785791839.059097) can0 18F015F1#0000636249D14717
(1785791839.105248) can0 18FEF1F8#FF0000FFFFFFFFFF
(1785791839.106433) can0 18F005F8#7DFFFF7DFFFFFFFF
(1785791839.129547) can0 1CECFFF1#20120003FF19F000
(1785791839.130517) can0 1CEBFFF1#0127100000000000
(1785791839.131523) can0 1CEBFFF1#0200000000000000
(1785791839.132505) can0 1CEBFFF1#031CBF66BCFFFFFF
(1785791839.142766) can0 18FF09D1#01000A00D594DF
(1785791839.143093) can0 18FF14D1#
(1785791839.158541) can0 18F015F1#000062E949DC471E
(1785791839.205224) can0 18FEF1F8#FF0000FFFFFFFFFF
(1785791839.206457) can0 18F005F8#7DFFFF7DFFFFFFFF
(1785791839.229538) can0 1CECFFF1#20120003FF19F000
(1785791839.230521) can0 1CEBFFF1#0127100000000000
(1785791839.231544) can0 1CEBFFF1#0200000000000000
(1785791839.232522) can0 1CEBFFF1#031C3E067CFFFFFF
(1785791839.242671) can0 18FF09D1#01000A00D594DF
(1785791839.258637) can0 18F015F1#0000626749D84732
(1785791839.305564) can0 18FEF1F8#FF0000FFFFFFFFFF
(1785791839.307879) can0 18F005F8#7DFFFF7DFFFFFFFF
(1785791839.329645) can0 1CECFFF1#20120003FF19F000
(1785791839.330541) can0 1CEBFFF1#0127100000000000
(1785791839.331546) can0 1CEBFFF1#0200000000000000
(1785791839.332521) can0 1CEBFFF1#031BBD973FFFFFFF
(1785791839.342732) can0 18FF09D1#01000A00D594DF
(1785791839.359519) can0 18F015F1#000061E749D04738
(1785791839.370445) can0 18F017F1#EE580C47A01A
(1785791839.370902) can0 18F018F1#DD63FBFA8C70
(1785791839.405252) can0 18FEF1F8#FF0000FFFFFFFFFF
(1785791839.406381) can0 18F005F8#7DFFFF7DFFFFFFFF
(1785791839.430576) can0 1CECFFF1#20120003FF19F000
(1785791839.431526) can0 1CEBFFF1#0127100000000000
(1785791839.432538) can0 1CEBFFF1#0200000000000000
(1785791839.433523) can0 1CEBFFF1#031B4317BEFFFFFF
(1785791839.442635) can0 18FF09D1#01000A00D594DF
(1785791839.459514) can0 18F015F1#0000616F49BD4737
(1785791839.505218) can0 18FEF1F8#FF0000FFFFFFFFFF
(1785791839.506412) can0 18F005F8#7DFFFF7DFFFFFFFF
(1785791839.530585) can0 1CECFFF1#20120003FF19F000
(1785791839.531524) can0 1CEBFFF1#0127100000000000
(1785791839.532531) can0 1CEBFFF1#0200000000000000
(1785791839.533519) can0 1CEBFFF1#031AC7E4BFFFFFFF
(1785791839.542623) can0 18FF09D1#01000A00D594DF
(1785791839.559532) can0 18F015F1#000060F049B14734
(1785791839.605384) can0 18FEF1F8#FF0000FFFFFFFFFF
(1785791839.606680) can0 18F005F8#7DFFFF7DFFFFFFFF
(1785791839.630654) can0 1CECFFF1#20120003FF19F000
(1785791839.631538) can0 1CEBFFF1#0127100000000000
(1785791839.632634) can0 1CEBFFF1#0200000000000000
(1785791839.633570) can0 1CEBFFF1#031A4744BEFFFFFF
(1785791839.642901) can0 18FF09D1#01000A00D594DF
(1785791839.643391) can0 18FF14D1#
(1785791839.659730) can0 18F015F1#0000606E49A94743
(1785791839.705217) can0 18FEF1F8#FF0000FFFFFFFFFF
(1785791839.706336) can0 18F005F8#7DFFFF7DFFFFFFFF
(1785791839.730574) can0 1CECFFF1#20120003FF19F000
(1785791839.731522) can0 1CEBFFF1#0127100000000000
(1785791839.732529) can0 1CEBFFF1#0200000000000000
(1785791839.733508) can0 1CEBFFF1#0319C1163FFFFFFF
(1785791839.742637) can0 18FF09D1#01000A00D594DF
(1785791839.759547) can0 18F015F1#00005FED499B4752
(1785791839.805251) can0 18FEF1F8#FF0000FFFFFFFFFF
(1785791839.806424) can0 18F005F8#7DFFFF7DFFFFFFFF
(1785791839.830550) can0 1CECFFF1#20120003FF19F000
(1785791839.831531) can0 1CEBFFF1#0127100000000000
(1785791839.832536) can0 1CEBFFF1#0200000000000000
(1785791839.833509) can0 1CEBFFF1#03194BB1BEFFFFFF
(1785791839.842595) can0 18FF09D1#01000A00D594DF
(1785791839.860514) can0 18F015F1#00005F75498D475B
(1785791839.905238) can0 18FEF1F8#FF0000FFFFFFFFFF
(1785791839.906429) can0 18F005F8#7DFFFF7DFFFFFFFF
(1785791839.930656) can0 1CECFFF1#20120003FF19F000
(1785791839.931530) can0 1CEBFFF1#0127100000000000
(1785791839.932565) can0 1CEBFFF1#0200000000000000
(1785791839.933526) can0 1CEBFFF1#0318CB81BEFFFFFF
(1785791839.942673) can0 18FF09D1#01000A00D594DF
(1785791839.959656) can0 18F015F1#00005EF249854755
(1785791840.006100) can0 18FEF1F8#FF0000FFFFFFFFFF
(1785791840.007303) can0 18F005F8#7DFFFF7DFFFFFFFF
(1785791840.030683) can0 1CECFFF1#20120003FF19F000
(1785791840.031542) can0 1CEBFFF1#0127100000000000
(1785791840.032610) can0 1CEBFFF1#0200000000000000
(1785791840.033527) can0 1CEBFFF1#03183C07FFFFFFFF
(1785791840.042572) can0 18FF09D1#01000A00D594DF
(1785791840.059540) can0 18F015F1#00005E62498A474F
(1785791840.105253) can0 18FEF1F8#FF0000FFFFFFFFFF
(1785791840.106435) can0 18F005F8#7DFFFF7DFFFFFFFF
(1785791840.130558) can0 1CECFFF1#20120003FF19F000
(1785791840.131533) can0 1CEBFFF1#0127100000000000
(1785791840.132539) can0 1CEBFFF1#0200000000000000
(1785791840.133509) can0 1CEBFFF1#0317B353BBFFFFFF
(1785791840.142716) can0 18FF09D1#01000A00D550E2
(1785791840.142978) can0 18FF14D1#
(1785791840.160568) can0 18F015F1#00005DDB49904744
(1785791840.205242) can0 18FEF1F8#FF0000FFFFFFFFFF
(1785791840.206399) can0 18F005F8#7DFFFF7DFFFFFFFF
(1785791840.231572) can0 1CECFFF1#20120003FF19F000
(1785791840.232534) can0 1CEBFFF1#0127100000000000
(1785791840.233567) can0 1CEBFFF1#0200000000000000
(1785791840.234530) can0 1CEBFFF1#03172C3BFBFFFFFF
(1785791840.245950) can0 18FF09D1#01000A00D550E2
(1785791840.260672) can0 18F015F1#00005D5449934743
(1785791840.305455) can0 18FEF1F8#FF0000FFFFFFFFFF
(1785791840.306884) can0 18F005F8#7DFFFF7DFFFFFFFF
(1785791840.331637) can0 1CECFFF1#20120003FF19F000
(1785791840.332537) can0 1CEBFFF1#0127100000000000
(1785791840.333540) can0 1CEBFFF1#0200000000000000
(1785791840.334510) can0 1CEBFFF1#0316A60C7BFFFFFF
(1785791840.342650) can0 18FF09D1#01000A00D550E2
(1785791840.360552) can0 18F015F1#00005CCD4996474C
(1785791840.371466) can0 18F017F1#ECB40633A689
(1785791840.371905) can0 18F018F1#E380FA6B8B73
(1785791840.405346) can0 18FEF1F8#FF0000FFFFFFFFFF
(1785791840.406571) can0 18F005F8#7DFFFF7DFFFFFFFF
(1785791840.431583) can0 1CECFFF1#20120003FF19F000
(1785791840.432527) can0 1CEBFFF1#0127100000000000
(1785791840.433535) can0 1CEBFFF1#0200000000000000
(1785791840.434514) can0 1CEBFFF1#031620AEFAFFFFFF
(1785791840.442572) can0 18FF09D1#01000A00D550E2
(1785791840.460521) can0 18F015F1#00005C4749A14766
(1785791840.505202) can0 18FEF1F8#FF0000FFFFFFFFFF
(1785791840.506408) can0 18F005F8#7DFFFF7DFFFFFFFF
(1785791840.531540) can0 1CECFFF1#20120003FF19F000
(1785791840.532526) can0 1CEBFFF1#0127100000000000
(1785791840.533540) can0 1CEBFFF1#0200000000000000
(1785791840.534511) can0 1CEBFFF1#031595E93BFFFFFF
(1785791840.542548) can0 18FF09D1#01000A00D550E2
(1785791840.560524) can0 18F015F1#00005BBB49A94770
(1785791840.605418) can0 18FEF1F8#FF0000FFFFFFFFFF
(1785791840.606652) can0 18F005F8#7DFFFF7DFFFFFFFF
(1785791840.631712) can0 1CECFFF1#20120003FF19F000
(1785791840.632602) can0 1CEBFFF1#0127100000000000
(1785791840.633598) can0 1CEBFFF1#0200000000000000
(1785791840.634554) can0 1CEBFFF1#03150A817BFFFFFF
(1785791840.642865) can0 18FF09D1#01000A00D5C0E0
(1785791840.643400) can0 18FF14D1#
(1785791840.660541) can0 18F015F1#00005B2F49B1476F
(1785791840.705198) can0 18FEF1F8#FF0000FFFFFFFFFF
(1785791840.706369) can0 18F005F8#7DFFFF7DFFFFFFFF
(1785791840.731530) can0 1CECFFF1#20120003FF19F000
(1785791840.732823) can0 1CEBFFF1#0127100000000000
(1785791840.733704) can0 1CEBFFF1#0200000000000000
(1785791840.734528) can0 1CEBFFF1#03147730BAFFFFFF
(1785791840.742571) can0 18FF09D1#01000A00D5C0E0
(1785791840.760586) can0 18F015F1#00005A9B49B94767
(1785791840.805229) can0 18FEF1F8#FF0000FFFFFFFFFF
(1785791840.806418) can0 18F005F8#7DFFFF7DFFFFFFFF
(1785791840.831564) can0 1CECFFF1#20120003FF19F000
(1785791840.832544) can0 1CEBFFF1#0127100000000000
(1785791840.833546) can0 1CEBFFF1#0200000000000000
(1785791840.834522) can0 1CEBFFF1#0313E5AD39FFFFFF
(1785791840.842549) can0 18FF09D1#01000A00D5C0E0
(1785791840.861535) can0 18F015F1#00005A0949BF4761
(1785791840.905414) can0 18FEF1F8#FF0000FFFFFFFFFF
(1785791840.906591) can0 18F005F8#7DFFFF7DFFFFFFFF
(1785791840.932693) can0 1CECFFF1#20120003FF19F000
(1785791840.933553) can0 1CEBFFF1#0127100000000000
(1785791840.934573) can0 1CEBFFF1#0200000000000000
(1785791840.935541) can0 1CEBFFF1#0313561878FFFFFF
(1785791840.942692) can0 18FF09D1#01000A00D5C0E0
(1785791840.961764) can0 18F015F1#0000597B49C2475D
(1785791841.005576) can0 18FEF1F8#FF0000FFFFFFFFFF
(1785791841.006788) can0 18F005F8#7DFFFF7DFFFFFFFF
(1785791841.032576) can0 1CECFFF1#20120003FF19F000
(1785791841.033550) can0 1CEBFFF1#0127100000000000
(1785791841.034540) can0 1CEBFFF1#0200000000000000
(1785791841.035515) can0 1CEBFFF1#0312C3E7B9FFFFFF
(1785791841.042553) can0 18FF09D1#01000A00D5C0E0
(1785791841.061569) can0 18F015F1#000058E749C64766
(1785791841.105251) can0 18FEF1F8#FF0000FFFFFFFFFF
(1785791841.106419) can0 18F005F8#7DFFFF7DFFFFFFFF
(1785791841.132569) can0 1CECFFF1#20120003FF19F000
(1785791841.133535) can0 1CEBFFF1#0127100000000000
(1785791841.134564) can0 1CEBFFF1#0200000000000000
(1785791841.135520) can0 1CEBFFF1#0312326378FFFFFF
(1785791841.142689) can0 18FF09D1#01000A00D5F2E0
(1785791841.142943) can0 18FF14D1#
(1785791841.161549) can0 18F015F1#0000585749C5476B
(1785791841.205201) can0 18FEF1F8#FF0000FFFFFFFFFF
(1785791841.206413) can0 18F005F8#7DFFFF7DFFFFFFFF
(1785791841.232545) can0 1CECFFF1#20120003FF19F000
(1785791841.233534) can0 1CEBFFF1#0127100000000000
(1785791841.234548) can0 1CEBFFF1#0200000000000000
(1785791841.235521) can0 1CEBFFF1#0311A2FF78FFFFFF
(1785791841.242531) can0 18FF09D1#01000A00D5F2E0
(1785791841.261789) can0 18F015F1#000057C649C4476F
(1785791841.305477) can0 18FEF1F8#FF0000FFFFFFFFFF
(1785791841.306839) can0 18F005F8#7DFFFF7DFFFFFFFF
(1785791841.333408) can0 1CECFFF1#20120003FF19F000
(1785791841.334441) can0 1CEBFFF1#0127100000000000
(1785791841.334730) can0 1CEBFFF1#0200000000000000
(1785791841.335625) can0 1CEBFFF1#03110C43F9FFFFFF
(1785791841.342727) can0 18FF09D1#01000A00D5F2E0
(1785791841.362543) can0 18F015F1#0000572F49BE476B
(1785791841.372511) can0 18F017F1#ECB40633A689
(1785791841.372914) can0 18F018F1#E380FA6B8B73
(1785791841.405322) can0 18FEF1F8#FF0000FFFFFFFFFF
(1785791841.406493) can0 18F005F8#7DFFFF7DFFFFFFFF
(1785791841.432613) can0 1CECFFF1#20120003FF19F000
(1785791841.433539) can0 1CEBFFF1#0127100000000000
(1785791841.434548) can0 1CEBFFF1#0200000000000000
(1785791841.435533) can0 1CEBFFF1#031078F4F8FFFFFF
(1785791841.442809) can0 18FF09D1#01000A00D5F2E0
(1785791841.461526) can0 18F015F1#0000569A49BD4763
(1785791841.505226) can0 18FEF1F8#FF0000FFFFFFFFFF
(1785791841.506476) can0 18F005F8#7DFFFF7DFFFFFFFF
(1785791841.532625) can0 1CECFFF1#20120003FF19F000
(1785791841.533540) can0 1CEBFFF1#0127100000000000
(1785791841.534555) can0 1CEBFFF1#0200000000000000
(1785791841.535562) can0 1CEBFFF1#030FDC7FF1FFFFFF
(1785791841.542557) can0 18FF09D1#01000A00D5F2E0
(1785791841.562560) can0 18F015F1#000055FD49BC4758
(1785791841.605453) can0 18FEF1F8#FF0000FFFFFFFFFF
(1785791841.606726) can0 18F005F8#7DFFFF7DFFFFFFFF
(1785791841.632730) can0 1CECFFF1#20120003FF19F000
(1785791841.633551) can0 1CEBFFF1#0127100000000000
(1785791841.634585) can0 1CEBFFF1#0200000000000000
(1785791841.635547) can0 1CEBFFF1#030F42D770FFFFFF
(1785791841.642787) can0 18FF09D1#01000A00D50FDF
(1785791841.643350) can0 18FF14D1#
(1785791841.662776) can0 18F015F1#0000556349BB4753
(1785791841.705431) can0 18FEF1F8#FF0000FFFFFFFFFF
(1785791841.706634) can0 18F005F8#7DFFFF7DFFFFFFFF
(1785791841.733614) can0 1CECFFF1#20120003FF19F000
(1785791841.734577) can0 1CEBFFF1#0127100000000000
(1785791841.735575) can0 1CEBFFF1#0200000000000000
(1785791841.736593) can0 1CEBFFF1#030EA7CCB0FFFFFF
(1785791841.742619) can0 18FF09D1#01000A00D50FDF
(1785791841.762746) can0 18F015F1#000054C949B44752
(1785791841.805207) can0 18FEF1F8#FF0000FFFFFFFFFF
(1785791841.806407) can0 18F005F8#7DFFFF7DFFFFFFFF
(1785791841.833569) can0 1CECFFF1#20120003FF19F000
(1785791841.834542) can0 1CEBFFF1#0127100000000000
(1785791841.835545) can0 1CEBFFF1#0200000000000000
(1785791841.836523) can0 1CEBFFF1#030E0BB1B0FFFFFF
(1785791841.842779) can0 18FF09D1#01000A00D50FDF
(1785791841.863521) can0 18F015F1#0000542D49AC475A
(1785791841.905410) can0 18FEF1F8#FF0000FFFFFFFFFF
(1785791841.906610) can0 18F005F8#7DFFFF7DFFFFFFFF
(1785791841.934243) can0 1CECFFF1#20120003FF19F000
(1785791841.934574) can0 1CEBFFF1#0127100000000000
(1785791841.935553) can0 1CEBFFF1#0200000000000000
(1785791841.936534) can0 1CEBFFF1#030D7363B0FFFFFF
(1785791841.942967) can0 18FF09D1#01000A00D50FDF
(1785791841.962641) can0 18F015F1#0000539449A4476A
(1785791842.008554) can0 18FEF1F8#FF0000FFFFFFFFFF
(1785791842.010339) can0 18F005F8#7DFFFF7DFFFFFFFF
(1785791842.033706) can0 1CECFFF1#20120003FF19F000
(1785791842.034586) can0 1CEBFFF1#0127100000000000
(1785791842.035714) can0 1CEBFFF1#0200000000000000
(1785791842.036716) can0 1CEBFFF1#030CD84CF0FFFFFF
(1785791842.042643) can0 18FF09D1#01000A00D50FDF
(1785791842.062553) can0 18F015F1#000052F9499B476F
(1785791842.105294) can0 18FEF1F8#FF0000FFFFFFFFFF
(1785791842.106532) can0 18F005F8#7DFFFF7DFFFFFFFF
(1785791842.133591) can0 1CECFFF1#20120003FF19F000
(1785791842.134544) can0 1CEBFFF1#0127100000000000
(1785791842.135554) can0 1CEBFFF1#0200000000000000
(1785791842.136546) can0 1CEBFFF1#030C350130FFFFFF
(1785791842.142642) can0 18FF09D1#01000A00D50FDF
(1785791842.142897) can0 18FF14D1#
(1785791842.162559) can0 18F015F1#00005254498F4768
(1785791842.205212) can0 18FEF1F8#FF0000FFFFFFFFFF
(1785791842.206377) can0 18F005F8#7DFFFF7DFFFFFFFF
(1785791842.233569) can0 1CECFFF1#20120003FF19F000
(1785791842.234545) can0 1CEBFFF1#0127100000000000
(1785791842.235556) can0 1CEBFFF1#0200000000000000
(1785791842.236541) can0 1CEBFFF1#030B934BB2FFFFFF
(1785791842.242525) can0 18FF09D1#01000A00D50FDF
(1785791842.262688) can0 18F015F1#000051B1498A475B
(1785791842.305415) can0 18FEF1F8#FF0000FFFFFFFFFF
(1785791842.306700) can0 18F005F8#7DFFFF7DFFFFFFFF
(1785791842.334707) can0 1CECFFF1#20120003FF19F000
(1785791842.335587) can0 1CEBFFF1#0127100000000000
(1785791842.336624) can0 1CEBFFF1#0200000000000000
(1785791842.337560) can0 1CEBFFF1#030AEBF9B3FFFFFF
(1785791842.342595) can0 18FF09D1#01000A00D50FDF
(1785791842.363547) can0 18F015F1#0000510B498B4756
(1785791842.374457) can0 18F017F1#EDDE028AA002
(1785791842.374919) can0 18F018F1#E6DAF9EF8F87
(1785791842.405239) can0 18FEF1F8#FF0000FFFFFFFFFF
(1785791842.406558) can0 18F005F8#7DFFFF7DFFFFFFFF
(1785791842.434613) can0 1CECFFF1#20120003FF19F000
(1785791842.435552) can0 1CEBFFF1#0127100000000000
(1785791842.436569) can0 1CEBFFF1#0200000000000000
(1785791842.437537) can0 1CEBFFF1#030A4D8333FFFFFF
(1785791842.442542) can0 18FF09D1#01000A00D50FDF
(1785791842.463578) can0 18F015F1#0000506E49914761
(1785791842.505259) can0 18FEF1F8#FF0000FFFFFFFFFF
(1785791842.506483) can0 18F005F8#7DFFFF7DFFFFFFFF
(1785791842.534609) can0 1CECFFF1#20120003FF19F000
(1785791842.535541) can0 1CEBFFF1#0127100000000000
(1785791842.536557) can0 1CEBFFF1#0200000000000000
(1785791842.537524) can0 1CEBFFF1#0309B730B3FFFFFF
(1785791842.542518) can0 18FF09D1#01000A00D50FDF
(1785791842.563557) can0 18F015F1#00004FDB49994778
(1785791842.605426) can0 18FEF1F8#FF0000FFFFFFFFFF
(1785791842.606673) can0 18F005F8#7DFFFF7DFFFFFFFF
(1785791842.634683) can0 1CECFFF1#20120003FF19F000
(1785791842.635599) can0 1CEBFFF1#0127100000000000
(1785791842.636623) can0 1CEBFFF1#0200000000000000
(1785791842.637576) can0 1CEBFFF1#0309259D32FFFFFF
(1785791842.642707) can0 18FF09D1#01000A00D5F8DF
(1785791842.643212) can0 18FF14D1#
(1785791842.663664) can0 18F015F1#00004F4B49AB4794
(1785791842.705219) can0 18FEF1F8#FF0000FFFFFFFFFF
(1785791842.706392) can0 18F005F8#7DFFFF7DFFFFFFFF
(1785791842.734547) can0 1CECFFF1#20120003FF19F000
(1785791842.735540) can0 1CEBFFF1#0127100000000000
(1785791842.736562) can0 1CEBFFF1#0200000000000000
(1785791842.737533) can0 1CEBFFF1#03089D7F33FFFFFF
(1785791842.742555) can0 18FF09D1#01000A00D5F8DF
(1785791842.763735) can0 18F015F1#00004EC449B0479F
(1785791842.805251) can0 18FEF1F8#FF0000FFFFFFFFFF
(1785791842.806463) can0 18F005F8#7DFFFF7DFFFFFFFF
(1785791842.834572) can0 1CECFFF1#20120003FF19F000
(1785791842.835553) can0 1CEBFFF1#0127100000000000
(1785791842.836573) can0 1CEBFFF1#0200000000000000
(1785791842.837545) can0 1CEBFFF1#030817D8B2FFFFFF
(1785791842.842489) can0 18FF09D1#01000A00D5F8DF
(1785791842.864553) can0 18F015F1#00004E3B49CB4798
(1785791842.905260) can0 18FEF1F8#FF0000FFFFFFFFFF
(1785791842.906448) can0 18F005F8#7DFFFF7DFFFFFFFF
(1785791842.934629) can0 1CECFFF1#20120003FF19F000
(1785791842.935560) can0 1CEBFFF1#0127100000000000
(1785791842.936591) can0 1CEBFFF1#0200000000000000
(1785791842.937549) can0 1CEBFFF1#0307918A36FFFFFF
(1785791842.942578) can0 18FF09D1#01000A00D5F8DF
(1785791842.963681) can0 18F015F1#00004DBA49E14776
(1785791843.006017) can0 18FEF1F8#FF0000FFFFFFFFFF
(1785791843.007324) can0 18F005F8#7DFFFF7DFFFFFFFF
(1785791843.034646) can0 1CECFFF1#20120003FF19F000
(1785791843.035556) can0 1CEBFFF1#0127100000000000
(1785791843.036561) can0 1CEBFFF1#0200000000000000
(1785791843.037545) can0 1CEBFFF1#030716E876FFFFFF
(1785791843.042521) can0 18FF09D1#01000A00D5F8DF
(1785791843.063565) can0 18F015F1#00004D4249FC475F
(1785791843.105269) can0 18FEF1F8#FF0000FFFFFFFFFF
(1785791843.106469) can0 18F005F8#7DFFFF7DFFFFFFFF
(1785791843.135587) can0 1CECFFF1#20120003FF19F000
(1785791843.136558) can0 1CEBFFF1#0127100000000000
(1785791843.137558) can0 1CEBFFF1#0200000000000000
(1785791843.138537) can0 1CEBFFF1#0306A3CFB6FFFFFF
(1785791843.142657) can0 18FF09D1#01000A00D5C0E0
(1785791843.142928) can0 18FF14D1#
(1785791843.143382) can0 18FF16D1#01000A0064
(1785791843.164570) can0 18F015F1#00004CD44A024754
(1785791843.205234) can0 18FEF1F8#FF0000FFFFFFFFFF
(1785791843.206446) can0 18F005F8#7DFFFF7DFFFFFFFF
(1785791843.235563) can0 1CECFFF1#20120003FF19F000
(1785791843.236569) can0 1CEBFFF1#0127100000000000
(1785791843.237573) can0 1CEBFFF1#0200000000000000
(1785791843.238556) can0 1CEBFFF1#03064485F6FFFFFF
(1785791843.242480) can0 18FF09D1#01000A00D5C0E0
(1785791843.264581) can0 18F015F1#00004C774A11477C
(1785791843.305427) can0 18FEF1F8#FF0000FFFFFFFFFF
(1785791843.306879) can0 18F005F8#7DFFFF7DFFFFFFFF
(1785791843.335785) can0 1CECFFF1#20120003FF19F000
(1785791843.336583) can0 1CEBFFF1#0127100000000000
(1785791843.337636) can0 1CEBFFF1#0200000000000000
(1785791843.338574) can0 1CEBFFF1#0305E10E36FFFFFF
(1785791843.342578) can0 18FF09D1#01000A00D5C0E0
(1785791843.364576) can0 18F015F1#00004C124A08478A
(1785791843.375492) can0 18F017F1#EDDE028AA002
(1785791843.375953) can0 18F018F1#E6DAF9EF8F87
(1785791843.405409) can0 18FEF1F8#FF0000FFFFFFFFFF
(1785791843.406558) can0 18F005F8#7DFFFF7DFFFFFFFF
(1785791843.435618) can0 1CECFFF1#20120003FF19F000
(1785791843.436548) can0 1CEBFFF1#0127100000000000
(1785791843.437559) can0 1CEBFFF1#0200000000000000
(1785791843.438532) can0 1CEBFFF1#03057B65B6FFFFFF
(1785791843.442492) can0 18FF09D1#01000A00D5C0E0
(1785791843.464541) can0 18F015F1#00004BAC4A2847A2
(1785791843.505220) can0 18FEF1F8#FF0000FFFFFFFFFF
(1785791843.506436) can0 18F005F8#7DFFFF7DFFFFFFFF
(1785791843.535623) can0 1CECFFF1#20120003FF19F000
(1785791843.536555) can0 1CEBFFF1#0127100000000000
(1785791843.537560) can0 1CEBFFF1#0200000000000000
(1785791843.538536) can0 1CEBFFF1#03051B4DB6FFFFFF
(1785791843.542499) can0 18FF09D1#01000A00D5C0E0
(1785791843.564561) can0 18F015F1#00004B4E4A1447A4
(1785791843.605215) can0 18FEF1F8#FF0000FFFFFFFFFF
(1785791843.606447) can0 18F005F8#7DFFFF7DFFFFFFFF
(1785791843.635692) can0 1CECFFF1#20120003FF19F000
(1785791843.636580) can0 1CEBFFF1#0127100000000000
(1785791843.637581) can0 1CEBFFF1#0200000000000000
(1785791843.638563) can0 1CEBFFF1#0304BF66B6FFFFFF
(1785791843.642571) can0 18FF09D1#01000A00D5C0E0
(1785791843.642855) can0 18FF14D1#
(1785791843.664629) can0 18F015F1#00004AF549EA47A8
(1785791843.705452) can0 18FEF1F8#FF0000FFFFFFFFFF
(1785791843.706668) can0 18F005F8#7DFFFF7DFFFFFFFF
(1785791843.735584) can0 1CECFFF1#20120003FF19F000
(1785791843.736561) can0 1CEBFFF1#0127100000000000
(1785791843.737562) can0 1CEBFFF1#0200000000000000
(1785791843.738566) can0 1CEBFFF1#03046CFBF7FFFFFF
(1785791843.742465) can0 18FF09D1#01000A00D5C0E0
(1785791843.764593) can0 18F015F1#00004AA449D847A9
(1785791843.805227) can0 18FEF1F8#FF0000FFFFFFFFFF
(1785791843.806404) can0 18F005F8#7DFFFF7DFFFFFFFF
(1785791843.835586) can0 1CECFFF1#20120003FF19F000
(1785791843.836564) can0 1CEBFFF1#0127100000000000
(1785791843.837578) can0 1CEBFFF1#0200000000000000
(1785791843.838554) can0 1CEBFFF1#03041DDF37FFFFFF
(1785791843.842477) can0 18FF09D1#01000A00D5C0E0
(1785791843.865551) can0 18F015F1#00004A5449B747AA
(1785791843.905457) can0 18FEF1F8#FF0000FFFFFFFFFF
(1785791843.906618) can0 18F005F8#7DFFFF7DFFFFFFFF
(1785791843.936739) can0 1CECFFF1#20120003FF19F000
(1785791843.937574) can0 1CEBFFF1#0127100000000000
(1785791843.938596) can0 1CEBFFF1#0200000000000000
(1785791843.939571) can0 1CEBFFF1#0303C870F4FFFFFF
(1785791843.942551) can0 18FF09D1#01000A00D5C0E0
(1785791843.965709) can0 18F015F1#00004A0049AD4793
(1785791844.005998) can0 18FEF1F8#FF0000FFFFFFFFFF
(1785791844.007220) can0 18F005F8#7DFFFF7DFFFFFFFF
(1785791844.036602) can0 1CECFFF1#20120003FF19F000
(1785791844.037599) can0 1CEBFFF1#0127100000000000
(1785791844.038586) can0 1CEBFFF1#0200000000000000
(1785791844.039586) can0 1CEBFFF1#030378C4F5FFFFFF
(1785791844.042462) can0 18FF09D1#01000A00D5C0E0
(1785791844.065641) can0 18F015F1#000049AF49B7476B
(1785791844.105674) can0 18FEF1F8#FF0000FFFFFFFFFF
(1785791844.107138) can0 18F005F8#7DFFFF7DFFFFFFFF
(1785791844.136600) can0 1CECFFF1#20120003FF19F000
(1785791844.137554) can0 1CEBFFF1#0127100000000000
(1785791844.138564) can0 1CEBFFF1#0200000000000000
(1785791844.139533) can0 1CEBFFF1#03032A3974FFFFFF
(1785791844.142531) can0 18FF09D1#01000A00D530DF
(1785791844.142783) can0 18FF14D1#
(1785791844.165560) can0 18F015F1#0000496549B94747
(1785791844.205205) can0 18FEF1F8#FF0000FFFFFFFFFF
(1785791844.206394) can0 18F005F8#7DFFFF7DFFFFFFFF
(1785791844.236581) can0 1CECFFF1#20120003FF19F000
(1785791844.237570) can0 1CEBFFF1#0127100000000000
(1785791844.238577) can0 1CEBFFF1#0200000000000000
(1785791844.239556) can0 1CEBFFF1#0302EAF975FFFFFF
(1785791844.242459) can0 18FF09D1#01000A00D530DF
(1785791844.265550) can0 18F015F1#0000492A49AF4753
(1785791844.305359) can0 18FEF1F8#FF0000FFFFFFFFFF
(1785791844.306532) can0 18F005F8#7DFFFF7DFFFFFFFF
(1785791844.336762) can0 1CECFFF1#20120003FF19F000
(1785791844.337610) can0 1CEBFFF1#0127100000000000
(1785791844.338596) can0 1CEBFFF1#0200000000000000
(1785791844.339657) can0 1CEBFFF1#0302BB05B4FFFFFF
(1785791844.342469) can0 18FF09D1#01000A00D530DF
(1785791844.366681) can0 18F015F1#000048FE49B34780
(1785791844.376716) can0 18F017F1#EC030E98A24E
(1785791844.376972) can0 18F018F1#E114F8AB8757
(1785791844.405252) can0 18FEF1F8#FF0000FFFFFFFFFF
(1785791844.406376) can0 18F005F8#7DFFFF7DFFFFFFFF
(1785791844.436634) can0 1CECFFF1#20120003FF19F000
(1785791844.437565) can0 1CEBFFF1#0127100000000000
(1785791844.438568) can0 1CEBFFF1#0200000000000000
(1785791844.439538) can0 1CEBFFF1#03028D1334FFFFFF
(1785791844.442471) can0 18FF09D1#01000A00D530DF
(1785791844.465581) can0 18F015F1#000048CE49BB479F
(1785791844.505222) can0 18FEF1F8#FF0000FFFFFFFFFF
(1785791844.506390) can0 18F005F8#7DFFFF7DFFFFFFFF
(1785791844.536578) can0 1CECFFF1#20120003FF19F000
(1785791844.537564) can0 1CEBFFF1#0127100000000000
(1785791844.538588) can0 1CEBFFF1#0200000000000000
(1785791844.539552) can0 1CEBFFF1#03025E8E75FFFFFF
(1785791844.542433) can0 18FF09D1#01000A00D530DF
(1785791844.565555) can0 18F015F1#000048A149BB479F
(1785791844.605375) can0 18FEF1F8#FF0000FFFFFFFFFF
(1785791844.606535) can0 18F005F8#7DFFFF7DFFFFFFFF
(1785791844.638120) can0 1CECFFF1#20120003FF19F000
(1785791844.638602) can0 1CEBFFF1#0127100000000000
(1785791844.639611) can0 1CEBFFF1#0200000000000000
(1785791844.640589) can0 1CEBFFF1#03023363B4FFFFFF
(1785791844.642628) can0 18FF09D1#01000A00D530DF
(1785791844.643127) can0 18FF14D1#
(1785791844.666703) can0 18F015F1#0000487749B24784
(1785791844.705251) can0 18FEF1F8#FF0000FFFFFFFFFF
(1785791844.706415) can0 18F005F8#7DFFFF7DFFFFFFFF
(1785791844.737623) can0 1CECFFF1#20120003FF19F000
(1785791844.738567) can0 1CEBFFF1#0127100000000000
(1785791844.739583) can0 1CEBFFF1#0200000000000000
(1785791844.740549) can0 1CEBFFF1#03020A7174FFFFFF
(1785791844.742445) can0 18FF09D1#01000A00D530DF
(1785791844.766638) can0 18F015F1#0000484E49A94774
(1785791844.805296) can0 18FEF1F8#FF0000FFFFFFFFFF
(1785791844.806486) can0 18F005F8#7DFFFF7DFFFFFFFF
(1785791844.837633) can0 1CECFFF1#20120003FF19F000
(1785791844.838575) can0 1CEBFFF1#0127100000000000
(1785791844.839581) can0 1CEBFFF1#0200000000000000
(1785791844.840558) can0 1CEBFFF1#0301E60C75FFFFFF
(1785791844.842431) can0 18FF09D1#01000A00D530DF
(1785791844.866560) can0 18F015F1#0000482B49A7477A
(1785791844.905282) can0 18FEF1F8#FF0000FFFFFFFFFF
(1785791844.906430) can0 18F005F8#7DFFFF7DFFFFFFFF
(1785791844.937640) can0 1CECFFF1#20120003FF19F000
(1785791844.938577) can0 1CEBFFF1#0127100000000000
(1785791844.939603) can0 1CEBFFF1#0200000000000000
(1785791844.940571) can0 1CEBFFF1#0301C6D474FFFFFF
(1785791844.942493) can0 18FF09D1#01000A00D530DF
(1785791844.966613) can0 18F015F1#0000480D49AB4781
(1785791845.005473) can0 18FEF1F8#FF0000FFFFFFFFFF
(1785791845.006892) can0 18F005F8#7DFFFF7DFFFFFFFF
(1785791845.037704) can0 1CECFFF1#20120003FF19F000
(1785791845.038561) can0 1CEBFFF1#0127100000000000
(1785791845.039568) can0 1CEBFFF1#0200000000000000
(1785791845.040548) can0 1CEBFFF1#0301A9F834FFFFFF
(1785791845.042426) can0 18FF09D1#01000A00D530DF
(1785791845.066596) can0 18F015F1#000047F149B0478C
(1785791845.105693) can0 18FEF1F8#FF0000FFFFFFFFFF
(1785791845.107106) can0 18F005F8#7DFFFF7DFFFFFFFF
(1785791845.137610) can0 1CECFFF1#20120003FF19F000
(1785791845.138571) can0 1CEBFFF1#0127100000000000
(1785791845.139571) can0 1CEBFFF1#0200000000000000
(1785791845.140545) can0 1CEBFFF1#03018EE274FFFFFF
(1785791845.142583) can0 18FF09D1#01000A00D530DF
(1785791845.142978) can0 18FF14D1#
(1785791845.143522) can0 18FF16D1#01000A0064
(1785791845.166603) can0 18F015F1#000047D549B4478E
(1785791845.205209) can0 18FEF1F8#FF0000FFFFFFFFFF
(1785791845.206366) can0 18F005F8#7DFFFF7DFFFFFFFF
(1785791845.238589) can0 1CECFFF1#20120003FF19F000
(1785791845.239574) can0 1CEBFFF1#0127100000000000
(1785791845.240590) can0 1CEBFFF1#0200000000000000
(1785791845.241573) can0 1CEBFFF1#030174A1F4FFFFFF
(1785791845.242456) can0 18FF09D1#01000A00D530DF
(1785791845.267943) can0 18F015F1#000047BC49B34798
(1785791845.305388) can0 18FEF1F8#FF0000FFFFFFFFFF
(1785791845.307099) can0 18F005F8#7DFFFF7DFFFFFFFF
(1785791845.338775) can0 1CECFFF1#20120003FF19F000
(1785791845.339587) can0 1CEBFFF1#0127100000000000
(1785791845.340596) can0 1CEBFFF1#0200000000000000
(1785791845.341611) can0 1CEBFFF1#03015CBFF4FFFFFF
(1785791845.342469) can0 18FF09D1#01000A00D530DF
(1785791845.367649) can0 18F015F1#000047A649B04786
(1785791845.378476) can0 18F017F1#EC030E98A24E
(1785791845.378922) can0 18F018F1#E114F8AB8757
(1785791845.405222) can0 18FEF1F8#FF0000FFFFFFFFFF
(1785791845.406656) can0 18F005F8#7DFFFF7DFFFFFFFF
(1785791845.438799) can0 1CECFFF1#20120003FF19F000
(1785791845.439663) can0 1CEBFFF1#0127100000000000
(1785791845.440663) can0 1CEBFFF1#0200000000000000
(1785791845.441581) can0 1CEBFFF1#030148B0F4FFFFFF
(1785791845.442465) can0 18FF09D1#01000A00D530DF
(1785791845.467578) can0 18F015F1#0000479149AE477E
(1785791845.505240) can0 18FEF1F8#FF0000FFFFFFFFFF
(1785791845.506492) can0 18F005F8#7DFFFF7DFFFFFFFF
(1785791845.538657) can0 1CECFFF1#20120003FF19F000
(1785791845.539589) can0 1CEBFFF1#0127100000000000
(1785791845.540634) can0 1CEBFFF1#0200000000000000
(1785791845.541557) can0 1CEBFFF1#0301325375FFFFFF
(1785791845.542606) can0 18FF09D1#01000A00D530DF
(1785791845.567631) can0 18F015F1#0000477D49AA477E
(1785791845.605225) can0 18FEF1F8#FF0000FFFFFFFFFF
(1785791845.606407) can0 18F005F8#7DFFFF7DFFFFFFFF
(1785791845.638723) can0 1CECFFF1#20120003FF19F000
(1785791845.639587) can0 1CEBFFF1#0127100000000000
(1785791845.640595) can0 1CEBFFF1#0200000000000000
(1785791845.641578) can0 1CEBFFF1#0301235FB5FFFFFF
(1785791845.642535) can0 18FF09D1#01000A00D524E1
(1785791845.642798) can0 18FF14D1#
(1785791845.667730) can0 18F015F1#0000476F49A94787
(1785791845.705480) can0 18FEF1F8#FF0000FFFFFFFFFF
(1785791845.706738) can0 18F005F8#7DFFFF7DFFFFFFFF
(1785791845.738598) can0 1CECFFF1#20120003FF19F000
(1785791845.739564) can0 1CEBFFF1#0127100000000000
(1785791845.740572) can0 1CEBFFF1#0200000000000000
(1785791845.741546) can0 1CEBFFF1#0301154935FFFFFF
(1785791845.742416) can0 18FF09D1#01000A00D524E1
(1785791845.767626) can0 18F015F1#0000475F49A2478F
(1785791845.805271) can0 18FEF1F8#FF0000FFFFFFFFFF
(1785791845.806415) can0 18F005F8#7DFFFF7DFFFFFFFF
(1785791845.838615) can0 1CECFFF1#20120003FF19F000
(1785791845.839580) can0 1CEBFFF1#0127100000000000
(1785791845.840597) can0 1CEBFFF1#0200000000000000
(1785791845.841574) can0 1CEBFFF1#0301024775FFFFFF
(1785791845.842784) can0 18FF09D1#01000A00D524E1
(1785791845.868573) can0 18F015F1#0000474E49984783
(1785791845.905282) can0 18FEF1F8#FF0000FFFFFFFFFF
(1785791845.906427) can0 18F005F8#7DFFFF7DFFFFFFFF
(1785791845.938650) can0 1CECFFF1#20120003FF19F000
(1785791845.939589) can0 1CEBFFF1#0127100000000000
(1785791845.940640) can0 1CEBFFF1#0200000000000000
(1785791845.941590) can0 1CEBFFF1#0300F491F4FFFFFF
(1785791845.942479) can0 18FF09D1#01000A00D524E1
(1785791845.967763) can0 18F015F1#0000473F49984783
(1785791846.006413) can0 18FEF1F8#FF0000FFFFFFFFFF
(1785791846.007860) can0 18F005F8#7DFFFF7DFFFFFFFF
(1785791846.039719) can0 1CECFFF1#20120003FF19F000
(1785791846.040581) can0 1CEBFFF1#0127100000000000
(1785791846.041592) can0 1CEBFFF1#0200000000000000
(1785791846.042375) can0 18FF09D1#01000A00D524E1
(1785791846.042950) can0 1CEBFFF1#0300E25F75FFFFFF
(1785791846.068602) can0 18F015F1#0000472D49A44786
(1785791846.105311) can0 18FEF1F8#FF0000FFFFFFFFFF
(1785791846.106680) can0 18F005F8#7DFFFF7DFFFFFFFF
(1785791846.139616) can0 1CECFFF1#20120003FF19F000
(1785791846.140569) can0 1CEBFFF1#0127100000000000
(1785791846.141616) can0 1CEBFFF1#0200000000000000
(1785791846.142506) can0 18FF09D1#01000A00D582E2
(1785791846.142798) can0 18FF14D1#
(1785791846.168588) can0 18F015F1#0000471D49AE478C
(1785791846.205226) can0 18FEF1F8#FF0000FFFFFFFFFF
(1785791846.206432) can0 18F005F8#7DFFFF7DFFFFFFFF
(1785791846.239600) can0 1CECFFF1#20120003FF19F000
(1785791846.240585) can0 1CEBFFF1#0127100000000000
(1785791846.241593) can0 1CEBFFF1#0200000000000000
(1785791846.242432) can0 18FF09D1#01000A00D582E2
(1785791846.243010) can0 1CEBFFF1#0300C18634FFFFFF
(1785791846.268602) can0 18F015F1#0000470949AE4799
(1785791846.305863) can0 18FEF1F8#FF0000FFFFFFFFFF
(1785791846.307298) can0 18F005F8#7DFFFF7DFFFFFFFF
(1785791846.339803) can0 1CECFFF1#20120003FF19F000
(1785791846.340588) can0 1CEBFFF1#0127100000000000
(1785791846.341668) can0 1CEBFFF1#0200000000000000
(1785791846.342492) can0 18FF09D1#01000A00D582E2
(1785791846.343266) can0 1CEBFFF1#0300A56D35FFFFFF
(1785791846.369974) can0 18F015F1#000046ED49A94786
(1785791846.379620) can0 18F017F1#E0D50D7C9E09
(1785791846.379936) can0 18F018F1#C4FEFC38864A
(1785791846.405779) can0 18FEF1F8#FF0000FFFFFFFFFF
(1785791846.407056) can0 18F005F8#7DFFFF7DFFFFFFFF
(1785791846.439671) can0 1CECFFF1#20120003FF19F000
(1785791846.440576) can0 1CEBFFF1#0127100000000000
(1785791846.441596) can0 1CEBFFF1#0200000000000000
(1785791846.442402) can0 18FF09D1#01000A00D582E2
(1785791846.442960) can0 1CEBFFF1#03008B71B5FFFFFF
(1785791846.468584) can0 18F015F1#000046D449A1476E
(1785791846.505251) can0 18FEF1F8#FF0000FFFFFFFFFF
(1785791846.506488) can0 18F005F8#7DFFFF7DFFFFFFFF
(1785791846.539609) can0 1CECFFF1#20120003FF19F000
(1785791846.540581) can0 1CEBFFF1#0127100000000000
(1785791846.541601) can0 1CEBFFF1#0200000000000000
(1785791846.542388) can0 18FF09D1#01000A00D582E2
(1785791846.542953) can0 1CEBFFF1#03007431F5FFFFFF
(1785791846.568575) can0 18F015F1#000046BE499D4769
(1785791846.605356) can0 18FEF1F8#FF0000FFFFFFFFFF
(1785791846.606511) can0 18F005F8#7DFFFF7DFFFFFFFF
(1785791846.639689) can0 1CECFFF1#20120003FF19F000
(1785791846.640604) can0 1CEBFFF1#0127100000000000
(1785791846.641599) can0 1CEBFFF1#0200000000000000
(1785791846.642485) can0 18FF09D1#01000A00D57CE3
(1785791846.642833) can0 18FF14D1#
(1785791846.668742) can0 18F015F1#000046AE49A54775
(1785791846.705211) can0 18FEF1F8#FF0000FFFFFFFFFF
(1785791846.706368) can0 18F005F8#7DFFFF7DFFFFFFFF
(1785791846.739578) can0 1CECFFF1#20120003FF19F000
(1785791846.740568) can0 1CEBFFF1#0127100000000000
(1785791846.741590) can0 1CEBFFF1#0200000000000000
(1785791846.742405) can0 18FF09D1#01000A00D57CE3
(1785791846.742971) can0 1CEBFFF1#0300552935FFFFFF
(1785791846.768596) can0 18F015F1#000046A049B44785
(1785791846.805273) can0 18FEF1F8#FF0000FFFFFFFFFF
(1785791846.806457) can0 18F005F8#7DFFFF7DFFFFFFFF
(1785791846.840647) can0 1CECFFF1#20120003FF19F000
(1785791846.841583) can0 1CEBFFF1#0127100000000000
(1785791846.842393) can0 18FF09D1#01000A00D57CE3
(1785791846.842991) can0 1CEBFFF1#0200000000000000
(1785791846.843591) can0 1CEBFFF1#03003C07F5FFFFFF
(1785791846.869602) can0 18F015F1#0000468649C24763
(1785791846.905355) can0 18FEF1F8#FF0000FFFFFFFFFF
(1785791846.906568) can0 18F005F8#7DFFFF7DFFFFFFFF
(1785791846.940673) can0 1CECFFF1#20120003FF19F000
(1785791846.941587) can0 1CEBFFF1#0127100000000000
(1785791846.942405) can0 18FF09D1#01000A00D57CE3
(1785791846.943004) can0 1CEBFFF1#0200000000000000
(1785791846.943620) can0 1CEBFFF1#030029C834FFFFFF
(1785791846.969743) can0 18F015F1#0000467449CE4761
(1785791847.005497) can0 18FEF1F8#FF0000FFFFFFFFFF
(1785791847.006796) can0 18F005F8#7DFFFF7DFFFFFFFF
(1785791847.040666) can0 1CECFFF1#20120003FF19F000
(1785791847.041598) can0 1CEBFFF1#0127100000000000
(1785791847.042388) can0 18FF09D1#01000A00D57CE3
(1785791847.042965) can0 1CEBFFF1#0200000000000000
(1785791847.043602) can0 1CEBFFF1#03001CDFF4FFFFFF
(1785791847.069601) can0 18F015F1#0000466849D84761
(1785791847.105234) can0 18FEF1F8#FF0000FFFFFFFFFF
(1785791847.106486) can0 18F005F8#7DFFFF7DFFFFFFFF
(1785791847.140633) can0 1CECFFF1#20120003FF19F000
(1785791847.141579) can0 1CEBFFF1#0127100000000000
(1785791847.142526) can0 18FF09D1#01000A00D57CE3
(1785791847.142870) can0 18FF14D1#
(1785791847.143570) can0 1CEBFFF1#03000DD334FFFFFF
(1785791847.169592) can0 18F015F1#0000465849DE4761
(1785791847.205208) can0 18FEF1F8#FF0000FFFFFFFFFF
(1785791847.206386) can0 18F005F8#7DFFFF7DFFFFFFFF
(1785791847.240608) can0 1CECFFF1#20120003FF19F000
(1785791847.241587) can0 1CEBFFF1#0127100000000000
(1785791847.242385) can0 18FF09D1#01000A00D57CE3
(1785791847.242971) can0 1CEBFFF1#0200000000000000
(1785791847.243581) can0 1CEBFFF1#03FFFCA7B4FFFFFF
(1785791847.269571) can0 18F015F1#0000464649D94763
(1785791847.305521) can0 18FEF1F8#FF0000FFFFFFFFFF
(1785791847.306758) can0 18F005F8#7DFFFF7DFFFFFFFF
(1785791847.340910) can0 1CECFFF1#20120003FF19F000
(1785791847.341617) can0 1CEBFFF1#0127100000000000
(1785791847.342528) can0 18FF09D1#01000A00D57CE3
(1785791847.343029) can0 1CEBFFF1#0200000000000000
(1785791847.343577) can0 1CEBFFF1#03FFEEAA34FFFFFF
(1785791847.370611) can0 18F015F1#0000463A49D5476A
(1785791847.380558) can0 18F017F1#E0D50D7C9E09
(1785791847.380974) can0 18F018F1#C4FEFC38864A
(1785791847.405424) can0 18FEF1F8#FF0000FFFFFFFFFF
(1785791847.406577) can0 18F005F8#7DFFFF7DFFFFFFFF
(1785791847.440701) can0 1CECFFF1#20120003FF19F000
(1785791847.444462) can0 1CEBFFF1#0127100000000000
(1785791847.444912) can0 1CEBFFF1#0200000000000000
(1785791847.445515) can0 1CEBFFF1#03FFE56D75FFFFFF
(1785791847.469620) can0 18F015F1#0000463049C34773
(1785791847.505192) can0 18FEF1F8#FF0000FFFFFFFFFF
(1785791847.506442) can0 18F005F8#7DFFFF7DFFFFFFFF
(1785791847.540654) can0 1CECFFF1#20120003FF19F000
(1785791847.541586) can0 1CEBFFF1#0127100000000000
(1785791847.542608) can0 1CEBFFF1#0200000000000000
(1785791847.543119) can0 18FF09D1#01000A00D57CE3
(1785791847.543692) can0 1CEBFFF1#03FFD4B9B4FFFFFF
(1785791847.570595) can0 18F015F1#0000461C49BC4763
(1785791847.605183) can0 18FEF1F8#FF0000FFFFFFFFFF
(1785791847.606364) can0 18F005F8#7DFFFF7DFFFFFFFF
(1785791847.641735) can0 1CECFFF1#20120003FF19F000
(1785791847.642609) can0 1CEBFFF1#0127100000000000
(1785791847.643117) can0 18FF09D1#01000A00D5A8E4
(1785791847.643501) can0 18FF14D1#
(1785791847.644587) can0 1CEBFFF1#03FFBC57B5FFFFFF
(1785791847.670747) can0 18F015F1#0000460649B4475D
(1785791847.705421) can0 18FEF1F8#FF0000FFFFFFFFFF
(1785791847.706611) can0 18F005F8#7DFFFF7DFFFFFFFF
(1785791847.741624) can0 1CECFFF1#20120003FF19F000
(1785791847.742363) can0 18FF09D1#01000A00D5A8E4
(1785791847.742937) can0 1CEBFFF1#0127100000000000
(1785791847.743593) can0 1CEBFFF1#0200000000000000
(1785791847.744569) can0 1CEBFFF1#03FFAE5A35FFFFFF
(1785791847.770606) can0 18F015F1#000045FA49AC475D
(1785791847.805241) can0 18FEF1F8#FF0000FFFFFFFFFF
(1785791847.806522) can0 18F005F8#7DFFFF7DFFFFFFFF
(1785791847.841622) can0 1CECFFF1#20120003FF19F000
(1785791847.842394) can0 18FF09D1#01000A00D5A8E4
(1785791847.842958) can0 1CEBFFF1#0127100000000000
(1785791847.843612) can0 1CEBFFF1#0200000000000000
(1785791847.844593) can0 1CEBFFF1#03FFA39FF4FFFFFF
(1785791847.871589) can0 18F015F1#000045ED49A64763
(1785791847.905366) can0 18FEF1F8#FF0000FFFFFFFFFF
(1785791847.906683) can0 18F005F8#7DFFFF7DFFFFFFFF
(1785791847.942526) can0 1CECFFF1#20120003FF19F000
(1785791847.942859) can0 18FF09D1#01000A00D5A8E4
(1785791847.943190) can0 1CEBFFF1#0127100000000000
(1785791847.943618) can0 1CEBFFF1#0200000000000000
(1785791847.944605) can0 1CEBFFF1#03FF8F42F5FFFFFF
(1785791847.970684) can0 18F015F1#000045D849A6476D
(1785791848.006085) can0 18FEF1F8#FF0000FFFFFFFFFF
(1785791848.007340) can0 18F005F8#7DFFFF7DFFFFFFFF
(1785791848.041810) can0 1CECFFF1#20120003FF19F000
(1785791848.042317) can0 18FF09D1#01000A00D5A8E4
(1785791848.042952) can0 1CEBFFF1#0127100000000000
(1785791848.043688) can0 1CEBFFF1#0200000000000000
(1785791848.044606) can0 1CEBFFF1#03FF7EC634FFFFFF
(1785791848.070596) can0 18F015F1#000045C949A3476B
(1785791848.105252) can0 18FEF1F8#FF0000FFFFFFFFFF
(1785791848.106414) can0 18F005F8#7DFFFF7DFFFFFFFF
(1785791848.141651) can0 1CECFFF1#20120003FF19F000
(1785791848.142458) can0 18FF09D1#01000A00D5E0E3
(1785791848.142859) can0 18FF14D1#
(1785791848.143601) can0 1CEBFFF1#0200000000000000
(1785791848.144588) can0 1CEBFFF1#03FF7303F5FFFFFF
(1785791848.170610) can0 18F015F1#000045BE49A6476E
(1785791848.205223) can0 18FEF1F8#FF0000FFFFFFFFFF
(1785791848.206384) can0 18F005F8#7DFFFF7DFFFFFFFF
(1785791848.241608) can0 1CECFFF1#20120003FF19F000
(1785791848.242367) can0 18FF09D1#01000A00D5E0E3
(1785791848.242938) can0 1CEBFFF1#0127100000000000
(1785791848.243601) can0 1CEBFFF1#0200000000000000
(1785791848.244585) can0 1CEBFFF1#03FF640DB5FFFFFF
(1785791848.270592) can0 18F015F1#000045AF49A64763
(1785791848.305411) can0 18FEF1F8#FF0000FFFFFFFFFF
(1785791848.306705) can0 18F005F8#7DFFFF7DFFFFFFFF
(1785791848.342618) can0 18FF09D1#01000A00D5E0E3
(1785791848.343056) can0 1CECFFF1#20120003FF19F000
(1785791848.343881) can0 1CEBFFF1#0127100000000000
(1785791848.344654) can0 1CEBFFF1#0200000000000000
(1785791848.345662) can0 1CEBFFF1#03FF5718F5FFFFFF
(1785791848.371601) can0 18F015F1#000045A349AA4767
(1785791848.382555) can0 18F017F1#E38212A09B74
(1785791848.382908) can0 18F018F1#CC0E03598DAB
(1785791848.405423) can0 18FEF1F8#FF0000FFFFFFFFFF
(1785791848.406579) can0 18F005F8#7DFFFF7DFFFFFFFF
(1785791848.442361) can0 18FF09D1#01000A00D5E0E3
(1785791848.442894) can0 1CECFFF1#20120003FF19F000
(1785791848.443595) can0 1CEBFFF1#0127100000000000
(1785791848.444719) can0 1CEBFFF1#0200000000000000
(1785791848.445601) can0 1CEBFFF1#03FF4DD374FFFFFF
(1785791848.471602) can0 18F015F1#0000459949AC4763
(1785791848.505218) can0 18FEF1F8#FF0000FFFFFFFFFF
(1785791848.506446) can0 18F005F8#7DFFFF7DFFFFFFFF
(1785791848.542343) can0 18FF09D1#01000A00D5E0E3
(1785791848.542900) can0 1CECFFF1#20120003FF19F000
(1785791848.543596) can0 1CEBFFF1#0127100000000000
(1785791848.544604) can0 1CEBFFF1#0200000000000000
(1785791848.545586) can0 1CEBFFF1#03FF42D734FFFFFF
(1785791848.571581) can0 18F015F1#0000458D49AE4762
(1785791848.605183) can0 18FEF1F8#FF0000FFFFFFFFFF
(1785791848.606378) can0 18F005F8#7DFFFF7DFFFFFFFF
(1785791848.642477) can0 18FF09D1#01000A00D544E4
(1785791848.642878) can0 18FF14D1#
(1785791848.643601) can0 1CEBFFF1#0127100000000000
(1785791848.644615) can0 1CEBFFF1#0200000000000000
(1785791848.645584) can0 1CEBFFF1#03FF3431B5FFFFFF
(1785791848.671673) can0 18F015F1#0000457F49A64761
(1785791848.705495) can0 18FEF1F8#FF0000FFFFFFFFFF
(1785791848.706854) can0 18F005F8#7DFFFF7DFFFFFFFF
(1785791848.742337) can0 18FF09D1#01000A00D544E4
(1785791848.742900) can0 1CECFFF1#20120003FF19F000
(1785791848.743590) can0 1CEBFFF1#0127100000000000
(1785791848.744595) can0 1CEBFFF1#0200000000000000
(1785791848.745581) can0 1CEBFFF1#03FF28F8B4FFFFFF
(1785791848.771611) can0 18F015F1#0000457449A74762
(1785791848.805251) can0 18FEF1F8#FF0000FFFFFFFFFF
(1785791848.806464) can0 18F005F8#7DFFFF7DFFFFFFFF
(1785791848.842336) can0 18FF09D1#01000A00D544E4
(1785791848.842876) can0 1CECFFF1#20120003FF19F000
(1785791848.843612) can0 1CEBFFF1#0127100000000000
(1785791848.844616) can0 1CEBFFF1#0200000000000000
(1785791848.845599) can0 1CEBFFF1#03FF1DEF74FFFFFF
(1785791848.872599) can0 18F015F1#0000456949A2475E
(1785791848.905288) can0 18FEF1F8#FF0000FFFFFFFFFF
(1785791848.906462) can0 18F005F8#7DFFFF7DFFFFFFFF
(1785791848.942340) can0 18FF09D1#01000A00D544E4
(1785791848.943610) can0 1CECFFF1#20120003FF19F000
(1785791848.944609) can0 1CEBFFF1#0127100000000000
(1785791848.945617) can0 1CEBFFF1#0200000000000000
(1785791848.946605) can0 1CEBFFF1#03FF12EB34FFFFFF
(1785791848.972769) can0 18F015F1#0000455D49A3475E
(1785791849.005438) can0 18FEF1F8#FF0000FFFFFFFFFF
(1785791849.006958) can0 18F005F8#7DFFFF7DFFFFFFFF
(1785791849.042553) can0 18FF09D1#01000A00D544E4
(1785791849.043077) can0 1CECFFF1#20120003FF19F000
(1785791849.043594) can0 1CEBFFF1#0127100000000000
(1785791849.044598) can0 1CEBFFF1#0200000000000000
(1785791849.045659) can0 1CEBFFF1#03FF06E434FFFFFF
(1785791849.071613) can0 18F015F1#0000455149A0475E
(1785791849.105633) can0 18FEF1F8#FF0000FFFFFFFFFF
(1785791849.106812) can0 18F005F8#7DFFFF7DFFFFFFFF
(1785791849.142541) can0 18FF09D1#01000A00D518E3
(1785791849.142867) can0 18FF14D1#
(1785791849.143603) can0 1CECFFF1#20120003FF19F000
(1785791849.144599) can0 1CEBFFF1#0127100000000000
(1785791849.145616) can0 1CEBFFF1#0200000000000000
(1785791849.146591) can0 1CEBFFF1#03FEFC37B5FFFFFF
(1785791849.172640) can0 18F015F1#00004549499D475C
(1785791849.205213) can0 18FEF1F8#FF0000FFFFFFFFFF
(1785791849.206405) can0 18F005F8#7DFFFF7DFFFFFFFF
(1785791849.242405) can0 18FF09D1#01000A00D518E3
(1785791849.243616) can0 1CECFFF1#20120003FF19F000
(1785791849.244613) can0 1CEBFFF1#0127100000000000
(1785791849.245635) can0 1CEBFFF1#0200000000000000
(1785791849.246608) can0 1CEBFFF1#03FEF333F5FFFFFF
(1785791849.272627) can0 18F015F1#0000453F49954756
(1785791849.305219) can0 18FEF1F8#FF0000FFFFFFFFFF
(1785791849.306446) can0 18F005F8#7DFFFF7DFFFFFFFF
(1785791849.342379) can0 18FF09D1#01000A00D518E3
(1785791849.343614) can0 1CECFFF1#20120003FF19F000
(1785791849.344623) can0 1CEBFFF1#0127100000000000
(1785791849.345624) can0 1CEBFFF1#0200000000000000
(1785791849.346610) can0 1CEBFFF1#03FEEAF934FFFFFF
(1785791849.373755) can0 18F015F1#0000453649934752
(1785791849.383680) can0 18F017F1#E38212A09B74
(1785791849.384050) can0 18F018F1#CC0E03598DAB
(1785791849.405459) can0 18FEF1F8#FF0000FFFFFFFFFF
(1785791849.406614) can0 18F005F8#7DFFFF7DFFFFFFFF
(1785791849.442352) can0 18FF09D1#01000A00D518E3
(1785791849.443600) can0 1CECFFF1#20120003FF19F000
(1785791849.444595) can0 1CEBFFF1#0127100000000000
(1785791849.445605) can0 1CEBFFF1#0200000000000000
(1785791849.446601) can0 1CEBFFF1#03FEE0FEB4FFFFFF
(1785791849.472613) can0 18F015F1#0000452C4989474E
(1785791849.505231) can0 18FEF1F8#FF0000FFFFFFFFFF
(1785791849.506496) can0 18F005F8#7DFFFF7DFFFFFFFF
(1785791849.542372) can0 18FF09D1#01000A00D518E3
(1785791849.543601) can0 1CECFFF1#20120003FF19F000
(1785791849.544597) can0 1CEBFFF1#0127100000000000
(1785791849.545623) can0 1CEBFFF1#0200000000000000
(1785791849.546598) can0 1CEBFFF1#03FED6E834FFFFFF
(1785791849.572632) can0 18F015F1#0000452349854748
(1785791849.605212) can0 18FEF1F8#FF0000FFFFFFFFFF
(1785791849.606382) can0 18F005F8#7DFFFF7DFFFFFFFF
(1785791849.642531) can0 18FF09D1#01000A00D518E3
(1785791849.642987) can0 18FF14D1#
(1785791849.643617) can0 1CECFFF1#20120003FF19F000
(1785791849.644617) can0 1CEBFFF1#0127100000000000
(1785791849.645618) can0 1CEBFFF1#0200000000000000
(1785791849.646598) can0 1CEBFFF1#03FECDE374FFFFFF
(1785791849.672677) can0 18F015F1#0000451A497E4740
(1785791849.705401) can0 18FEF1F8#FF0000FFFFFFFFFF
(1785791849.706717) can0 18F005F8#7DFFFF7DFFFFFFFF
(1785791849.742309) can0 18FF09D1#01000A00D518E3
(1785791849.744600) can0 1CECFFF1#20120003FF19F000
(1785791849.745610) can0 1CEBFFF1#0127100000000000
(1785791849.746604) can0 1CEBFFF1#0200000000000000
(1785791849.747580) can0 1CEBFFF1#03FEC7E4F4FFFFFF
(1785791849.773593) can0 18F015F1#00004514497B4740
(1785791849.805253) can0 18FEF1F8#FF0000FFFFFFFFFF
(1785791849.806478) can0 18F005F8#7DFFFF7DFFFFFFFF
(1785791849.842324) can0 18FF09D1#01000A00D518E3
(1785791849.844608) can0 1CECFFF1#20120003FF19F000
(1785791849.845608) can0 1CEBFFF1#0127100000000000
(1785791849.846619) can0 1CEBFFF1#0200000000000000
(1785791849.847604) can0 1CEBFFF1#03FEC327F5FFFFFF
(1785791849.873615) can0 18F015F1#000045104972473D
(1785791849.905286) can0 18FEF1F8#FF0000FFFFFFFFFF
(1785791849.906488) can0 18F005F8#7DFFFF7DFFFFFFFF
(1785791849.942326) can0 18FF09D1#01000A00D518E3
(1785791849.944626) can0 1CECFFF1#20120003FF19F000
(1785791849.945614) can0 1CEBFFF1#0127100000000000
(1785791849.946611) can0 1CEBFFF1#0200000000000000
(1785791849.947593) can0 1CEBFFF1#03FEBFC6F4FFFFFF
(1785791849.973771) can0 18F015F1#0000450E4970473C
(1785791850.005788) can0 18FEF1F8#FF0000FFFFFFFFFF
(1785791850.007253) can0 18F005F8#7DFFFF7DFFFFFFFF
(1785791850.042429) can0 18FF09D1#01000A00D518E3
(1785791850.044656) can0 1CECFFF1#20120003FF19F000
(1785791850.045603) can0 1CEBFFF1#0127100000000000
(1785791850.046624) can0 1CEBFFF1#0200000000000000
(1785791850.047590) can0 1CEBFFF1#03FEBE0635FFFFFF
(1785791850.073624) can0 18F015F1#0000450D4966473C
(1785791850.105232) can0 18FEF1F8#FF0000FFFFFFFFFF
(1785791850.106428) can0 18F005F8#7DFFFF7DFFFFFFFF
(1785791850.142448) can0 18FF09D1#01000A00D5D4E5
(1785791850.142810) can0 18FF14D1#
(1785791850.144604) can0 1CECFFF1#20120003FF19F000
(1785791850.145601) can0 1CEBFFF1#0127100000000000
(1785791850.146638) can0 1CEBFFF1#0200000000000000
(1785791850.147610) can0 1CEBFFF1#03FEBFC6F4FFFFFF
(1785791850.173659) can0 18F015F1#0000450E4963473F
(1785791850.205198) can0 18FEF1F8#FF0000FFFFFFFFFF
(1785791850.206377) can0 18F005F8#7DFFFF7DFFFFFFFF
(1785791850.242294) can0 18FF09D1#01000A00D5D4E5
(1785791850.244615) can0 1CECFFF1#20120003FF19F000
(1785791850.245597) can0 1CEBFFF1#0127100000000000
(1785791850.246611) can0 1CEBFFF1#0200000000000000
(1785791850.247591) can0 1CEBFFF1#03FEC026B5FFFFFF
(1785791850.273603) can0 18F015F1#0000451049594740
(1785791850.305328) can0 18FEF1F8#FF0000FFFFFFFFFF
(1785791850.306522) can0 18F005F8#7DFFFF7DFFFFFFFF
(1785791850.342410) can0 18FF09D1#01000A00D5D4E5
(1785791850.344702) can0 1CECFFF1#20120003FF19F000
(1785791850.345647) can0 1CEBFFF1#0127100000000000
(1785791850.346692) can0 1CEBFFF1#0200000000000000
(1785791850.347643) can0 1CEBFFF1#03FEC1E674FFFFFF
(1785791850.374736) can0 18F015F1#0000451049574741
(1785791850.384599) can0 18F017F1#E7B40AEF9AB0
(1785791850.385011) can0 18F018F1#DBCA029F8EBE
(1785791850.405484) can0 18FEF1F8#FF0000FFFFFFFFFF
(1785791850.406634) can0 18F005F8#7DFFFF7DFFFFFFFF
(1785791850.442274) can0 18FF09D1#01000A00D5D4E5
(1785791850.444646) can0 1CECFFF1#20120003FF19F000
(1785791850.445599) can0 1CEBFFF1#0127100000000000
(1785791850.446615) can0 1CEBFFF1#0200000000000000
(1785791850.447589) can0 1CEBFFF1#03FEC1E674FFFFFF
(1785791850.473642) can0 18F015F1#00004510494C4745
(1785791850.505199) can0 18FEF1F8#FF0000FFFFFFFFFF
(1785791850.506381) can0 18F005F8#7DFFFF7DFFFFFFFF
(1785791850.542308) can0 18FF09D1#01000A00D5D4E5
(1785791850.545620) can0 1CECFFF1#20120003FF19F000
(1785791850.546614) can0 1CEBFFF1#0127100000000000
(1785791850.547628) can0 1CEBFFF1#0200000000000000
(1785791850.548613) can0 1CEBFFF1#03FEC1E674FFFFFF
(1785791850.574603) can0 18F015F1#0000451049494746
(1785791850.605202) can0 18FEF1F8#FF0000FFFFFFFFFF
(1785791850.606359) can0 18F005F8#7DFFFF7DFFFFFFFF
(1785791850.642859) can0 18FF09D1#01000A00D5D4E5
(1785791850.643171) can0 18FF14D1#
(1785791850.645641) can0 1CECFFF1#20120003FF19F000
(1785791850.646632) can0 1CEBFFF1#0127100000000000
(1785791850.647646) can0 1CEBFFF1#0200000000000000
(1785791850.648620) can0 1CEBFFF1#03FEC2E734FFFFFF
(1785791850.674692) can0 18F015F1#00004512493E4749
(1785791850.705211) can0 18FEF1F8#FF0000FFFFFFFFFF
(1785791850.706377) can0 18F005F8#7DFFFF7DFFFFFFFF
(1785791850.742284) can0 18FF09D1#01000A00D5D4E5
(1785791850.745608) can0 1CECFFF1#20120003FF19F000
(1785791850.746608) can0 1CEBFFF1#0127100000000000
(1785791850.747615) can0 1CEBFFF1#0200000000000000
(1785791850.748595) can0 1CEBFFF1#03FEC327F5FFFFFF
(1785791850.774617) can0 18F015F1#00004512493C474A
(1785791850.805230) can0 18FEF1F8#FF0000FFFFFFFFFF
(1785791850.806431) can0 18F005F8#7DFFFF7DFFFFFFFF
(1785791850.842273) can0 18FF09D1#01000A00D5D4E5
(1785791850.845617) can0 1CECFFF1#20120003FF19F000
(1785791850.846614) can0 1CEBFFF1#0127100000000000
(1785791850.847619) can0 1CEBFFF1#0200000000000000
(1785791850.848594) can0 1CEBFFF1#03FEC327F5FFFFFF
(1785791850.875618) can0 18F015F1#000045124935474B
(1785791850.905294) can0 18FEF1F8#FF0000FFFFFFFFFF
(1785791850.906457) can0 18F005F8#7DFFFF7DFFFFFFFF
(1785791850.942311) can0 18FF09D1#01000A00D5D4E5
(1785791850.945618) can0 1CECFFF1#20120003FF19F000
(1785791850.946608) can0 1CEBFFF1#0127100000000000
(1785791850.947615) can0 1CEBFFF1#0200000000000000
(1785791850.948597) can0 1CEBFFF1#03FEC327F5FFFFFF
(1785791850.974653) can0 18F015F1#000045134934474A
(1785791851.007387) can0 18FEF1F8#FF0000FFFFFFFFFF
(1785791851.008932) can0 18F005F8#7DFFFF7DFFFFFFFF
(1785791851.042503) can0 18FF09D1#01000A00D5D4E5
(1785791851.045861) can0 1CECFFF1#20120003FF19F000
(1785791851.046632) can0 1CEBFFF1#0127100000000000
(1785791851.047652) can0 1CEBFFF1#0200000000000000
(1785791851.048619) can0 1CEBFFF1#03FEC4E5B4FFFFFF
(1785791851.074754) can0 18F015F1#000045134930474A
(1785791851.105420) can0 18FEF1F8#FF0000FFFFFFFFFF
(1785791851.106837) can0 18F005F8#7DFFFF7DFFFFFFFF
(1785791851.142831) can0 18FF09D1#01000A00D5D4E5
(1785791851.143186) can0 18FF14D1#
(1785791851.143506) can0 18FF16D1#01000A0064
(1785791851.146625) can0 1CECFFF1#20120003FF19F000
(1785791851.147622) can0 1CEBFFF1#0127100000000000
(1785791851.148619) can0 1CEBFFF1#0200000000000000
(1785791851.149588) can0 1CEBFFF1#03FEC4E5B4FFFFFF
(1785791851.174643) can0 18F015F1#000045134930474B
(1785791851.205213) can0 18FEF1F8#FF0000FFFFFFFFFF
(1785791851.206429) can0 18F005F8#7DFFFF7DFFFFFFFF
(1785791851.242257) can0 18FF09D1#01000A00D5D4E5
(1785791851.246638) can0 1CECFFF1#20120003FF19F000
(1785791851.247622) can0 1CEBFFF1#0127100000000000
(1785791851.248648) can0 1CEBFFF1#0200000000000000
(1785791851.249610) can0 1CEBFFF1#03FEC4E5B4FFFFFF
(1785791851.275632) can0 18F015F1#00004513492C4749
(1785791851.305501) can0 18FEF1F8#FF0000FFFFFFFFFF
(1785791851.306875) can0 18F005F8#7DFFFF7DFFFFFFFF
(1785791851.342440) can0 18FF09D1#01000A00D5D4E5
(1785791851.346750) can0 1CECFFF1#20120003FF19F000
(1785791851.347637) can0 1CEBFFF1#0127100000000000
(1785791851.348877) can0 1CEBFFF1#0200000000000000
(1785791851.349621) can0 1CEBFFF1#03FEC52575FFFFFF
(1785791851.375872) can0 18F015F1#00004514492C4749
(1785791851.386994) can0 18F017F1#E7B40AEF9AB0
(1785791851.388293) can0 18F018F1#DBCA029F8EBE
(1785791851.405252) can0 18FEF1F8#FF0000FFFFFFFFFF
(1785791851.406482) can0 18F005F8#7DFFFF7DFFFFFFFF
(1785791851.442304) can0 18FF09D1#01000A00D5D4E5
(1785791851.446629) can0 1CECFFF1#20120003FF19F000
(1785791851.447647) can0 1CEBFFF1#0127100000000000
(1785791851.448869) can0 1CEBFFF1#0200000000000000
(1785791851.449677) can0 1CEBFFF1#03FEC4E5B4FFFFFF
(1785791851.475659) can0 18F015F1#00004513492A4748
(1785791851.505249) can0 18FEF1F8#FF0000FFFFFFFFFF
(1785791851.506462) can0 18F005F8#7DFFFF7DFFFFFFFF
(1785791851.542303) can0 18FF09D1#01000A00D5D4E5
(1785791851.546655) can0 1CECFFF1#20120003FF19F000
(1785791851.547622) can0 1CEBFFF1#0127100000000000
(1785791851.548631) can0 1CEBFFF1#0200000000000000
(1785791851.549608) can0 1CEBFFF1#03FEC4E5B4FFFFFF
(1785791851.575638) can0 18F015F1#00004513492B4748
(1785791851.605213) can0 18FEF1F8#FF0000FFFFFFFFFF
(1785791851.606378) can0 18F005F8#7DFFFF7DFFFFFFFF
(1785791851.642410) can0 18FF09D1#01000A00D5D4E5
(1785791851.642824) can0 18FF14D1#
(1785791851.646702) can0 1CECFFF1#20120003FF19F000
(1785791851.647631) can0 1CEBFFF1#0127100000000000
(1785791851.648665) can0 1CEBFFF1#0200000000000000
(1785791851.649623) can0 1CEBFFF1#03FEC4E5B4FFFFFF
(1785791851.675770) can0 18F015F1#00004513491A474C
(1785791851.705432) can0 18FEF1F8#FF0000FFFFFFFFFF
(1785791851.706680) can0 18F005F8#7DFFFF7DFFFFFFFF
(1785791851.742252) can0 18FF09D1#01000A00D5D4E5
(1785791851.746664) can0 1CECFFF1#20120003FF19F000
(1785791851.747625) can0 1CEBFFF1#0127100000000000
(1785791851.748627) can0 1CEBFFF1#0200000000000000
(1785791851.749599) can0 1CEBFFF1#03FEC4E5B4FFFFFF
(1785791851.775599) can0 18F015F1#000045134919474C
(1785791851.805262) can0 18FEF1F8#FF0000FFFFFFFFFF
(1785791851.806445) can0 18F005F8#7DFFFF7DFFFFFFFF
(1785791851.842264) can0 18FF09D1#01000A00D5D4E5
(1785791851.846655) can0 1CECFFF1#20120003FF19F000
(1785791851.847623) can0 1CEBFFF1#0127100000000000
(1785791851.848653) can0 1CEBFFF1#0200000000000000
(1785791851.849609) can0 1CEBFFF1#03FEC62435FFFFFF
(1785791851.876617) can0 18F015F1#00004515488C4755
(1785791851.905486) can0 18FEF1F8#FF0000FFFFFFFFFF
(1785791851.906657) can0 18F005F8#7DFFFF7DFFFFFFFF
(1785791851.942270) can0 18FF09D1#01000A00D5D4E5
(1785791851.946624) can0 1CECFFF1#20120003FF19F000
(1785791851.947614) can0 1CEBFFF1#0127100000000000
(1785791851.948623) can0 1CEBFFF1#0200000000000000
(1785791851.949595) can0 1CEBFFF1#03FEC52575FFFFFF
(1785791851.975873) can0 18F015F1#00004514488D4755
(1785791852.005779) can0 18FEF1F8#FF0000FFFFFFFFFF
(1785791852.007207) can0 18F005F8#7DFFFF7DFFFFFFFF
(1785791852.042286) can0 18FF09D1#01000A00D5D4E5
(1785791852.047752) can0 1CECFFF1#20120003FF19F000
(1785791852.048640) can0 1CEBFFF1#0127100000000000
(1785791852.049675) can0 1CEBFFF1#0200000000000000
(1785791852.050629) can0 1CEBFFF1#03FEC52575FFFFFF
(1785791852.076644) can0 18F015F1#0000451448944756
(1785791852.105260) can0 18FEF1F8#FF0000FFFFFFFFFF
(1785791852.106429) can0 18F005F8#7DFFFF7DFFFFFFFF
(1785791852.142331) can0 18FF09D1#01000A00D5D4E5
(1785791852.142725) can0 18FF14D1#
(1785791852.147625) can0 1CECFFF1#20120003FF19F000
(1785791852.148613) can0 1CEBFFF1#0127100000000000
(1785791852.149625) can0 1CEBFFF1#0200000000000000
(1785791852.150601) can0 1CEBFFF1#03FEC52575FFFFFF
(1785791852.176651) can0 18F015F1#0000451448944755
(1785791852.205231) can0 18FEF1F8#FF0000FFFFFFFFFF
(1785791852.206437) can0 18F005F8#7DFFFF7DFFFFFFFF
(1785791852.242227) can0 18FF09D1#01000A00D5D4E5
(1785791852.247638) can0 1CECFFF1#20120003FF19F000
(1785791852.248623) can0 1CEBFFF1#0127100000000000
(1785791852.249633) can0 1CEBFFF1#0200000000000000
(1785791852.250611) can0 1CEBFFF1#03FEC52575FFFFFF
(1785791852.276614) can0 18F015F1#0000451448A64756
(1785791852.305471) can0 18FEF1F8#FF0000FFFFFFFFFF
(1785791852.306859) can0 18F005F8#7DFFFF7DFFFFFFFF
(1785791852.342326) can0 18FF09D1#01000A00D5D4E5
(1785791852.348151) can0 1CECFFF1#20120003FF19F000
(1785791852.348730) can0 1CEBFFF1#0127100000000000
(1785791852.349672) can0 1CEBFFF1#0200000000000000
(1785791852.350621) can0 1CEBFFF1#03FEC52575FFFFFF
(1785791852.377767) can0 18F015F1#0000451448A54755
(1785791852.387531) can0 18F017F1#F4D709C59A36
(1785791852.387990) can0 18F018F1#DF7602518FE1
(1785791852.405391) can0 18FEF1F8#FF0000FFFFFFFFFF
(1785791852.406505) can0 18F005F8#7DFFFF7DFFFFFFFF
(1785791852.442220) can0 18FF09D1#01000A00D5D4E5
(1785791852.447637) can0 1CECFFF1#20120003FF19F000
(1785791852.448630) can0 1CEBFFF1#0127100000000000
(1785791852.449641) can0 1CEBFFF1#0200000000000000
(1785791852.450614) can0 1CEBFFF1#03FEC52575FFFFFF
(1785791852.476772) can0 18F015F1#0000451448B54755
(1785791852.505203) can0 18FEF1F8#FF0000FFFFFFFFFF
(1785791852.506413) can0 18F005F8#7DFFFF7DFFFFFFFF
(1785791852.542271) can0 18FF09D1#01000A00D5D4E5
(1785791852.547638) can0 1CECFFF1#20120003FF19F000
(1785791852.548628) can0 1CEBFFF1#0127100000000000
(1785791852.549641) can0 1CEBFFF1#0200000000000000
(1785791852.550613) can0 1CEBFFF1#03FEC52575FFFFFF
(1785791852.576608) can0 18F015F1#0000451448B64756
(1785791852.605200) can0 18FEF1F8#FF0000FFFFFFFFFF
(1785791852.606396) can0 18F005F8#7DFFFF7DFFFFFFFF
(1785791852.642814) can0 18FF09D1#01000A00D50CE5
(1785791852.643287) can0 18FF14D1#
(1785791852.648693) can0 1CECFFF1#20120003FF19F000
(1785791852.649650) can0 1CEBFFF1#0127100000000000
(1785791852.650654) can0 1CEBFFF1#0200000000000000
(1785791852.651621) can0 1CEBFFF1#03FEC52575FFFFFF
(1785791852.679396) can0 18F015F1#0000451448C64755
(1785791852.705408) can0 18FEF1F8#FF0000FFFFFFFFFF
(1785791852.706622) can0 18F005F8#7DFFFF7DFFFFFFFF
(1785791852.742219) can0 18FF09D1#01000A00D50CE5
(1785791852.747625) can0 1CECFFF1#20120003FF19F000
(1785791852.748615) can0 1CEBFFF1#0127100000000000
(1785791852.749627) can0 1CEBFFF1#0200000000000000
(1785791852.750602) can0 1CEBFFF1#03FEC52575FFFFFF
(1785791852.777632) can0 18F015F1#0000451448C64755
(1785791852.805299) can0 18FEF1F8#FF0000FFFFFFFFFF
(1785791852.806472) can0 18F005F8#7DFFFF7DFFFFFFFF
(1785791852.842214) can0 18FF09D1#01000A00D50CE5
(1785791852.848652) can0 1CECFFF1#20120003FF19F000
(1785791852.849627) can0 1CEBFFF1#0127100000000000
(1785791852.850636) can0 1CEBFFF1#0200000000000000
(1785791852.851612) can0 1CEBFFF1#03FEC52575FFFFFF
(1785791852.877627) can0 18F015F1#0000451448C54756
(1785791852.905323) can0 18FEF1F8#FF0000FFFFFFFFFF
(1785791852.906467) can0 18F005F8#7DFFFF7DFFFFFFFF
(1785791852.942205) can0 18FF09D1#01000A00D50CE5
(1785791852.948637) can0 1CECFFF1#20120003FF19F000
(1785791852.949626) can0 1CEBFFF1#0127100000000000
(1785791852.950640) can0 1CEBFFF1#0200000000000000
(1785791852.951613) can0 1CEBFFF1#03FEC52575FFFFFF
(1785791852.977732) can0 18F015F1#0000451448C44756
(1785791853.006506) can0 18FEF1F8#FF0000FFFFFFFFFF
(1785791853.007820) can0 18F005F8#7DFFFF7DFFFFFFFF
(1785791853.042624) can0 18FF09D1#01000A00D50CE5
(1785791853.048743) can0 1CECFFF1#20120003FF19F000
(1785791853.049665) can0 1CEBFFF1#0127100000000000
(1785791853.057630) can0 1CEBFFF1#0200000000000000
(1785791853.058003) can0 1CEBFFF1#03FEC52575FFFFFF
(1785791853.077645) can0 18F015F1#0000451448C94756
(1785791853.105227) can0 18FEF1F8#FF0000FFFFFFFFFF
(1785791853.106396) can0 18F005F8#7DFFFF7DFFFFFFFF
(1785791853.142514) can0 18FF09D1#01000A00D506E6
(1785791853.142872) can0 18FF14D1#
(1785791853.148654) can0 1CECFFF1#20120003FF19F000
(1785791853.149622) can0 1CEBFFF1#0127100000000000
(1785791853.150629) can0 1CEBFFF1#0200000000000000
(1785791853.151605) can0 1CEBFFF1#03FEC52575FFFFFF
(1785791853.177646) can0 18F015F1#0000451448CA4756
(1785791853.205233) can0 18FEF1F8#FF0000FFFFFFFFFF
(1785791853.206440) can0 18F005F8#7DFFFF7DFFFFFFFF
(1785791853.242228) can0 18FF09D1#01000A00D506E6
(1785791853.248654) can0 1CECFFF1#20120003FF19F000
(1785791853.249637) can0 1CEBFFF1#0127100000000000
(1785791853.250645) can0 1CEBFFF1#0200000000000000
(1785791853.251617) can0 1CEBFFF1#03FEC52575FFFFFF
(1785791853.277619) can0 18F015F1#0000451448CA4756
(1785791853.306788) can0 18FEF1F8#FF0000FFFFFFFFFF
(1785791853.307917) can0 18F005F8#7DFFFF7DFFFFFFFF
(1785791853.342290) can0 18FF09D1#01000A00D506E6
(1785791853.348763) can0 1CECFFF1#20120003FF19F000
(1785791853.349647) can0 1CEBFFF1#0127100000000000
(1785791853.350672) can0 1CEBFFF1#0200000000000000
(1785791853.351639) can0 1CEBFFF1#03FEC52575FFFFFF
(1785791853.378757) can0 18F015F1#0000451448CA4756
(1785791853.389616) can0 18F017F1#F4D709C59A36
(1785791853.389972) can0 18F018F1#DF7602518FE1
(1785791853.405496) can0 18FEF1F8#FF0000FFFFFFFFFF
(1785791853.406654) can0 18F005F8#7DFFFF7DFFFFFFFF
(1785791853.442194) can0 18FF09D1#01000A00D506E6
(1785791853.449633) can0 1CECFFF1#20120003FF19F000
(1785791853.450621) can0 1CEBFFF1#0127100000000000
(1785791853.451635) can0 1CEBFFF1#0200000000000000
(1785791853.452674) can0 1CEBFFF1#03FEC52575FFFFFF
(1785791853.478664) can0 18F015F1#0000451448CB4757
(1785791853.505240) can0 18FEF1F8#FF0000FFFFFFFFFF
(1785791853.506408) can0 18F005F8#7DFFFF7DFFFFFFFF
(1785791853.542257) can0 18FF09D1#01000A00D506E6
(1785791853.549685) can0 1CECFFF1#20120003FF19F000
(1785791853.550926) can0 1CEBFFF1#0127100000000000
(1785791853.551650) can0 1CEBFFF1#0200000000000000
(1785791853.552609) can0 1CEBFFF1#03FEC52575FFFFFF
(1785791853.578668) can0 18F015F1#0000451448CA4757
(1785791853.605341) can0 18FEF1F8#FF0000FFFFFFFFFF
(1785791853.606656) can0 18F005F8#7DFFFF7DFFFFFFFF
(1785791853.642338) can0 18FF09D1#01000A00D5A8E4
(1785791853.642685) can0 18FF14D1#
(1785791853.649650) can0 1CECFFF1#20120003FF19F000
(1785791853.650626) can0 1CEBFFF1#0127100000000000
(1785791853.651637) can0 1CEBFFF1#0200000000000000
(1785791853.652617) can0 1CEBFFF1#03FEC52575FFFFFF
(1785791853.678722) can0 18F015F1#0000451448CA4757
(1785791853.706003) can0 18FEF1F8#FF0000FFFFFFFFFF
(1785791853.707313) can0 18F005F8#7DFFFF7DFFFFFFFF
(1785791853.742291) can0 18FF09D1#01000A00D5A8E4
(1785791853.749698) can0 1CECFFF1#20120003FF19F000
(1785791853.750649) can0 1CEBFFF1#0127100000000000
(1785791853.751643) can0 1CEBFFF1#0200000000000000
(1785791853.752620) can0 1CEBFFF1#03FEC52575FFFFFF
(1785791853.778638) can0 18F015F1#0000451448CB4758
(1785791853.805313) can0 18FEF1F8#FF0000FFFFFFFFFF
(1785791853.806487) can0 18F005F8#7DFFFF7DFFFFFFFF
(1785791853.842214) can0 18FF09D1#01000A00D5A8E4
(1785791853.849639) can0 1CECFFF1#20120003FF19F000
(1785791853.850641) can0 1CEBFFF1#0127100000000000
(1785791853.851639) can0 1CEBFFF1#0200000000000000
(1785791853.852609) can0 1CEBFFF1#03FEC52575FFFFFF
(1785791853.879629) can0 18F015F1#0000451448CB4758
(1785791853.905258) can0 18FEF1F8#FF0000FFFFFFFFFF
(1785791853.906392) can0 18F005F8#7DFFFF7DFFFFFFFF
(1785791853.942220) can0 18FF09D1#01000A00D5A8E4
(1785791853.949647) can0 1CECFFF1#20120003FF19F000
(1785791853.950637) can0 1CEBFFF1#0127100000000000
(1785791853.951647) can0 1CEBFFF1#0200000000000000
(1785791853.952622) can0 1CEBFFF1#03FEC52575FFFFFF
(1785791853.978623) can0 18F015F1#0000451448CB4757
(1785791854.005514) can0 18FEF1F8#FF0000FFFFFFFFFF
(1785791854.006774) can0 18F005F8#7DFFFF7DFFFFFFFF
(1785791854.042498) can0 18FF09D1#01000A00D5A8E4
(1785791854.049724) can0 1CECFFF1#20120003FF19F000
(1785791854.050678) can0 1CEBFFF1#0127100000000000
(1785791854.051697) can0 1CEBFFF1#0200000000000000
(1785791854.052785) can0 1CEBFFF1#03FEC52575FFFFFF
(1785791854.078733) can0 18F015F1#0000451448CB4758
(1785791854.105246) can0 18FEF1F8#FF0000FFFFFFFFFF
(1785791854.106675) can0 18F005F8#7DFFFF7DFFFFFFFF
(1785791854.142649) can0 18FF09D1#01000A00D5A8E4
(1785791854.142933) can0 18FF14D1#
(1785791854.149640) can0 1CECFFF1#20120003FF19F000
(1785791854.150637) can0 1CEBFFF1#0127100000000000
(1785791854.151650) can0 1CEBFFF1#0200000000000000
(1785791854.152617) can0 1CEBFFF1#03FEC52575FFFFFF
(1785791854.178667) can0 18F015F1#0000451448CB4758
(1785791854.205215) can0 18FEF1F8#FF0000FFFFFFFFFF
(1785791854.206437) can0 18F005F8#7DFFFF7DFFFFFFFF
(1785791854.242170) can0 18FF09D1#01000A00D5A8E4
(1785791854.250660) can0 1CECFFF1#20120003FF19F000
(1785791854.251647) can0 1CEBFFF1#0127100000000000
(1785791854.252656) can0 1CEBFFF1#0200000000000000
(1785791854.253633) can0 1CEBFFF1#03FEC52575FFFFFF
(1785791854.279650) can0 18F015F1#0000451448CB4758
(1785791854.305349) can0 18FEF1F8#FF0000FFFFFFFFFF
(1785791854.306666) can0 18F005F8#7DFFFF7DFFFFFFFF
(1785791854.342348) can0 18FF09D1#01000A00D5A8E4
(1785791854.350723) can0 1CECFFF1#20120003FF19F000
(1785791854.351680) can0 1CEBFFF1#0127100000000000
(1785791854.352679) can0 1CEBFFF1#0200000000000000
(1785791854.353638) can0 1CEBFFF1#03FEC52575FFFFFF
(1785791854.379728) can0 18F015F1#0000451448CB4759
(1785791854.390588) can0 18F017F1#F1E90A1C9D86
(1785791854.391017) can0 18F018F1#EDB805058F3B
(1785791854.406034) can0 18FEF1F8#FF0000FFFFFFFFFF
(1785791854.407191) can0 18F005F8#7DFFFF7DFFFFFFFF
(1785791854.442149) can0 18FF09D1#01000A00D5A8E4
(1785791854.450647) can0 1CECFFF1#20120003FF19F000
(1785791854.451635) can0 1CEBFFF1#0127100000000000
(1785791854.452651) can0 1CEBFFF1#0200000000000000
(1785791854.453621) can0 1CEBFFF1#03FEC52575FFFFFF
(1785791854.479676) can0 18F015F1#0000451448CC4758
(1785791854.505206) can0 18FEF1F8#FF0000FFFFFFFFFF
(1785791854.506341) can0 18F005F8#7DFFFF7DFFFFFFFF
(1785791854.542167) can0 18FF09D1#01000A00D5A8E4
(1785791854.550681) can0 1CECFFF1#20120003FF19F000
(1785791854.551642) can0 1CEBFFF1#0127100000000000
(1785791854.552651) can0 1CEBFFF1#0200000000000000
(1785791854.553627) can0 1CEBFFF1#03FEC52575FFFFFF
(1785791854.579623) can0 18F015F1#0000451448CC4758
(1785791854.605194) can0 18FEF1F8#FF0000FFFFFFFFFF
(1785791854.606378) can0 18F005F8#7DFFFF7DFFFFFFFF
(1785791854.642293) can0 18FF09D1#01000A00D5A8E4
(1785791854.642721) can0 18FF14D1#
(1785791854.650767) can0 1CECFFF1#20120003FF19F000
(1785791854.651662) can0 1CEBFFF1#0127100000000000
(1785791854.652691) can0 1CEBFFF1#0200000000000000
(1785791854.653669) can0 1CEBFFF1#03FEC52575FFFFFF
(1785791854.679768) can0 18F015F1#0000451448CC4759
(1785791854.706290) can0 18FEF1F8#FF0000FFFFFFFFFF
(1785791854.707611) can0 18F005F8#7DFFFF7DFFFFFFFF
(1785791854.742156) can0 18FF09D1#01000A00D5A8E4
(1785791854.750644) can0 1CECFFF1#20120003FF19F000
(1785791854.751632) can0 1CEBFFF1#0127100000000000
(1785791854.752652) can0 1CEBFFF1#0200000000000000
(1785791854.753617) can0 1CEBFFF1#03FEC52575FFFFFF
(1785791854.779612) can0 18F015F1#0000451448CB4759
(1785791854.805307) can0 18FEF1F8#FF0000FFFFFFFFFF
(1785791854.806498) can0 18F005F8#7DFFFF7DFFFFFFFF
(1785791854.842168) can0 18FF09D1#01000A00D5A8E4
(1785791854.850665) can0 1CECFFF1#20120003FF19F000
(1785791854.851644) can0 1CEBFFF1#0127100000000000
(1785791854.852645) can0 1CEBFFF1#0200000000000000
(1785791854.853640) can0 1CEBFFF1#03FEC52575FFFFFF
(1785791854.880638) can0 18F015F1#0000451448CB4759
(1785791854.905283) can0 18FEF1F8#FF0000FFFFFFFFFF
(1785791854.906436) can0 18F005F8#7DFFFF7DFFFFFFFF
(1785791854.942160) can0 18FF09D1#01000A00D5A8E4
(1785791854.951654) can0 1CECFFF1#20120003FF19F000
(1785791854.952646) can0 1CEBFFF1#0127100000000000
(1785791854.953652) can0 1CEBFFF1#0200000000000000
(1785791854.954644) can0 1CEBFFF1#03FEC52575FFFFFF
(1785791854.979641) can0 18F015F1#0000451448CC475A
(1785791855.005312) can0 18FEF1F8#FF0000FFFFFFFFFF
(1785791855.006500) can0 18F005F8#7DFFFF7DFFFFFFFF
(1785791855.042682) can0 18FF09D1#01000A00D5A8E4
(1785791855.051750) can0 1CECFFF1#20120003FF19F000
(1785791855.052659) can0 1CEBFFF1#0127100000000000
(1785791855.053692) can0 1CEBFFF1#0200000000000000
(1785791855.054703) can0 1CEBFFF1#03FEC52575FFFFFF
(1785791855.080733) can0 18F015F1#0000451448CC4759
(1785791855.105375) can0 18FEF1F8#FF0000FFFFFFFFFF
(1785791855.106524) can0 18F005F8#7DFFFF7DFFFFFFFF
(1785791855.142644) can0 18FF09D1#01000A00D50CE5
(1785791855.143023) can0 18FF14D1#
(1785791855.151669) can0 1CECFFF1#20120003FF19F000
(1785791855.152636) can0 1CEBFFF1#0127100000000000
(1785791855.153646) can0 1CEBFFF1#0200000000000000
(1785791855.154627) can0 1CEBFFF1#03FEC52575FFFFFF
(1785791855.180655) can0 18F015F1#0000451448CC4759
(1785791855.205203) can0 18FEF1F8#FF0000FFFFFFFFFF
(1785791855.206327) can0 18F005F8#7DFFFF7DFFFFFFFF
(1785791855.242129) can0 18FF09D1#01000A00D50CE5
(1785791855.251651) can0 1CECFFF1#20120003FF19F000
(1785791855.252637) can0 1CEBFFF1#0127100000000000
(1785791855.253650) can0 1CEBFFF1#0200000000000000
(1785791855.254623) can0 1CEBFFF1#03FEC52575FFFFFF
(1785791855.280640) can0 18F015F1#0000451448CC475A
(1785791855.305280) can0 18FEF1F8#FF0000FFFFFFFFFF
(1785791855.306445) can0 18F005F8#7DFFFF7DFFFFFFFF
(1785791855.342228) can0 18FF09D1#01000A00D50CE5
(1785791855.351857) can0 1CECFFF1#20120003FF19F000
(1785791855.352671) can0 1CEBFFF1#0127100000000000
(1785791855.353695) can0 1CEBFFF1#0200000000000000
(1785791855.354666) can0 1CEBFFF1#03FEC52575FFFFFF
(1785791855.381884) can0 18F015F1#0000451448CC4759
(1785791855.391628) can0 18F017F1#F1E90A1C9D86
(1785791855.391986) can0 18F018F1#EDB805058F3B
(1785791855.405567) can0 18FEF1F8#FF0000FFFFFFFFFF
(1785791855.406762) can0 18F005F8#7DFFFF7DFFFFFFFF
(1785791855.442149) can0 18FF09D1#01000A00D50CE5
(1785791855.451652) can0 1CECFFF1#20120003FF19F000
(1785791855.452640) can0 1CEBFFF1#0127100000000000
(1785791855.453653) can0 1CEBFFF1#0200000000000000
(1785791855.454624) can0 1CEBFFF1#03FEC52575FFFFFF
(1785791855.480679) can0 18F015F1#0000451448CB4759
(1785791855.505229) can0 18FEF1F8#FF0000FFFFFFFFFF
(1785791855.506383) can0 18F005F8#7DFFFF7DFFFFFFFF
(1785791855.542202) can0 18FF09D1#01000A00D50CE5
(1785791855.551678) can0 1CECFFF1#20120003FF19F000
(1785791855.552651) can0 1CEBFFF1#0127100000000000
(1785791855.553655) can0 1CEBFFF1#0200000000000000
(1785791855.554644) can0 1CEBFFF1#03FEC52575FFFFFF
(1785791855.580677) can0 18F015F1#0000451448CC475A
(1785791855.605244) can0 18FEF1F8#FF0000FFFFFFFFFF
(1785791855.606380) can0 18F005F8#7DFFFF7DFFFFFFFF
(1785791855.642241) can0 18FF09D1#01000A00D564E7
(1785791855.642509) can0 18FF14D1#
(1785791855.653181) can0 1CECFFF1#20120003FF19F000
(1785791855.653443) can0 1CEBFFF1#0127100000000000
(1785791855.653765) can0 1CEBFFF1#0200000000000000
(1785791855.654636) can0 1CEBFFF1#03FEC52575FFFFFF
(1785791855.680674) can0 18F015F1#0000451448CC4759
(1785791855.705443) can0 18FEF1F8#FF0000FFFFFFFFFF
(1785791855.706676) can0 18F005F8#7DFFFF7DFFFFFFFF
(1785791855.742256) can0 18FF09D1#01000A00D564E7
(1785791855.752731) can0 1CECFFF1#20120003FF19F000
(1785791855.753665) can0 1CEBFFF1#0127100000000000
(1785791855.754681) can0 1CEBFFF1#0200000000000000
(1785791855.755640) can0 1CEBFFF1#03FEC52575FFFFFF
(1785791855.781656) can0 18F015F1#0000451448CC4759
(1785791855.805577) can0 18FEF1F8#FF0000FFFFFFFFFF
(1785791855.806983) can0 18F005F8#7DFFFF7DFFFFFFFF
(1785791855.842183) can0 18FF09D1#01000A00D564E7
(1785791855.852724) can0 1CECFFF1#20120003FF19F000
(1785791855.853653) can0 1CEBFFF1#0127100000000000
(1785791855.854677) can0 1CEBFFF1#0200000000000000
(1785791855.855638) can0 1CEBFFF1#03FEC52575FFFFFF
(1785791855.881672) can0 18F015F1#0000451448CD475A
(1785791855.905333) can0 18FEF1F8#FF0000FFFFFFFFFF
(1785791855.906534) can0 18F005F8#7DFFFF7DFFFFFFFF
(1785791855.942145) can0 18FF09D1#01000A00D564E7
(1785791855.952704) can0 1CECFFF1#20120003FF19F000
(1785791855.953653) can0 1CEBFFF1#0127100000000000
(1785791855.954659) can0 1CEBFFF1#0200000000000000
(1785791855.955633) can0 1CEBFFF1#03FEC52575FFFFFF
(1785791855.981642) can0 18F015F1#0000451448CC475A
(1785791856.005388) can0 18FEF1F8#FF0000FFFFFFFFFF
(1785791856.007428) can0 18F005F8#7DFFFF7DFFFFFFFF
(1785791856.042308) can0 18FF09D1#01000A00D564E7
(1785791856.052778) can0 1CECFFF1#20120003FF19F000
(1785791856.053672) can0 1CEBFFF1#0127100000000000
(1785791856.054689) can0 1CEBFFF1#0200000000000000
(1785791856.055657) can0 1CEBFFF1#03FEC52575FFFFFF
(1785791856.081727) can0 18F015F1#0000451448CC475A
(1785791856.105642) can0 18FEF1F8#FF0000FFFFFFFFFF
(1785791856.107128) can0 18F005F8#7DFFFF7DFFFFFFFF
(1785791856.142258) can0 18FF09D1#01000A00D506E6
(1785791856.142569) can0 18FF14D1#
(1785791856.152681) can0 1CECFFF1#20120003FF19F000
(1785791856.153658) can0 1CEBFFF1#0127100000000000
(1785791856.154668) can0 1CEBFFF1#0200000000000000
(1785791856.155637) can0 1CEBFFF1#03FEC52575FFFFFF
(1785791856.181664) can0 18F015F1#0000451448CD475B
(1785791856.205186) can0 18FEF1F8#FF0000FFFFFFFFFF
(1785791856.206372) can0 18F005F8#7DFFFF7DFFFFFFFF
(1785791856.242128) can0 18FF09D1#01000A00D506E6
(1785791856.252669) can0 1CECFFF1#20120003FF19F000
(1785791856.253663) can0 1CEBFFF1#0127100000000000
(1785791856.254663) can0 1CEBFFF1#0200000000000000
(1785791856.255637) can0 1CEBFFF1#03FEC52575FFFFFF
(1785791856.281658) can0 18F015F1#0000451448CC475A
(1785791856.305193) can0 18FEF1F8#FF0000FFFFFFFFFF
(1785791856.306353) can0 18F005F8#7DFFFF7DFFFFFFFF
(1785791856.342198) can0 18FF09D1#01000A00D506E6
(1785791856.353916) can0 1CECFFF1#20120003FF19F000
(1785791856.354678) can0 1CEBFFF1#0127100000000000
(1785791856.355725) can0 1CEBFFF1#0200000000000000
(1785791856.356695) can0 1CEBFFF1#03FEC52575FFFFFF
(1785791856.382928) can0 18F015F1#0000451448CC475A
(1785791856.392674) can0 18F017F1#F1330A469D55
(1785791856.393638) can0 18F018F1#EDB205B58F78
(1785791856.405546) can0 18FEF1F8#FF0000FFFFFFFFFF
(1785791856.407129) can0 18F005F8#7DFFFF7DFFFFFFFF
(1785791856.442099) can0 18FF09D1#01000A00D506E6
(1785791856.453663) can0 1CECFFF1#20120003FF19F000
(1785791856.454658) can0 1CEBFFF1#0127100000000000
(1785791856.455716) can0 1CEBFFF1#0200000000000000
(1785791856.456636) can0 1CEBFFF1#03FEC52575FFFFFF
(1785791856.482695) can0 18F015F1#0000451448CD475B
(1785791856.505201) can0 18FEF1F8#FF0000FFFFFFFFFF
(1785791856.506375) can0 18F005F8#7DFFFF7DFFFFFFFF
(1785791856.542139) can0 18FF09D1#01000A00D506E6
(1785791856.553667) can0 1CECFFF1#20120003FF19F000
(1785791856.554656) can0 1CEBFFF1#0127100000000000
(1785791856.555666) can0 1CEBFFF1#0200000000000000
(1785791856.556644) can0 1CEBFFF1#03FEC52575FFFFFF
(1785791856.582639) can0 18F015F1#0000451448CC475A
(1785791856.605179) can0 18FEF1F8#FF0000FFFFFFFFFF
(1785791856.606311) can0 18F005F8#7DFFFF7DFFFFFFFF
(1785791856.642231) can0 18FF09D1#01000A00D591E5
(1785791856.642627) can0 18FF14D1#
(1785791856.653752) can0 1CECFFF1#20120003FF19F000
(1785791856.654673) can0 1CEBFFF1#0127100000000000
(1785791856.655695) can0 1CEBFFF1#0200000000000000
(1785791856.656658) can0 1CEBFFF1#03FEC52575FFFFFF
(1785791856.682822) can0 18F015F1#0000451448CC475A
(1785791856.705577) can0 18FEF1F8#FF0000FFFFFFFFFF
(1785791856.706757) can0 18F005F8#7DFFFF7DFFFFFFFF
(1785791856.742112) can0 18FF09D1#01000A00D591E5
(1785791856.753668) can0 1CECFFF1#20120003FF19F000
(1785791856.754654) can0 1CEBFFF1#0127100000000000
(1785791856.755668) can0 1CEBFFF1#0200000000000000
(1785791856.756657) can0 1CEBFFF1#03FEC52575FFFFFF
(1785791856.782636) can0 18F015F1#0000451448CD475B
(1785791856.805673) can0 18FEF1F8#FF0000FFFFFFFFFF
(1785791856.807599) can0 18F005F8#7DFFFF7DFFFFFFFF
(1785791856.842138) can0 18FF09D1#01000A00D591E5
(1785791856.853687) can0 1CECFFF1#20120003FF19F000
(1785791856.854655) can0 1CEBFFF1#0127100000000000
(1785791856.855660) can0 1CEBFFF1#0200000000000000
(1785791856.856639) can0 1CEBFFF1#03FEC52575FFFFFF
(1785791856.883646) can0 18F015F1#0000451448CC475A
(1785791856.905283) can0 18FEF1F8#FF0000FFFFFFFFFF
(1785791856.906435) can0 18F005F8#7DFFFF7DFFFFFFFF
(1785791856.942154) can0 18FF09D1#01000A00D591E5
(1785791856.953685) can0 1CECFFF1#20120003FF19F000
(1785791856.954660) can0 1CEBFFF1#0127100000000000
(1785791856.955680) can0 1CEBFFF1#0200000000000000
(1785791856.956651) can0 1CEBFFF1#03FEC52575FFFFFF
(1785791856.982660) can0 18F015F1#0000451448CC475A
(1785791857.005444) can0 18FEF1F8#FF0000FFFFFFFFFF
(1785791857.006682) can0 18F005F8#7DFFFF7DFFFFFFFF
(1785791857.042236) can0 18FF09D1#01000A00D591E5
(1785791857.054034) can0 1CECFFF1#20120003FF19F000
(1785791857.054926) can0 1CEBFFF1#0127100000000000
(1785791857.055717) can0 1CEBFFF1#0200000000000000
(1785791857.056662) can0 1CEBFFF1#03FEC52575FFFFFF
(1785791857.082760) can0 18F015F1#0000451448CD475B
(1785791857.105328) can0 18FEF1F8#FF0000FFFFFFFFFF
(1785791857.106703) can0 18F005F8#7DFFFF7DFFFFFFFF
(1785791857.143008) can0 18FF09D1#01000A00D591E5
(1785791857.143947) can0 18FF16D1#01000A0064
(1785791857.144805) can0 18FF14D1#
(1785791857.154909) can0 1CECFFF1#20120003FF19F000
(1785791857.155684) can0 1CEBFFF1#0127100000000000
(1785791857.156693) can0 1CEBFFF1#0200000000000000
(1785791857.158220) can0 1CEBFFF1#03FEC52575FFFFFF
(1785791857.183796) can0 18F015F1#0000451448CC475B
(1785791857.205366) can0 18FEF1F8#FF0000FFFFFFFFFF
(1785791857.206686) can0 18F005F8#7DFFFF7DFFFFFFFF
(1785791857.242219) can0 18FF09D1#01000A00D591E5
(1785791857.254743) can0 1CECFFF1#20120003FF19F000
(1785791857.255688) can0 1CEBFFF1#0127100000000000
(1785791857.256725) can0 1CEBFFF1#0200000000000000
(1785791857.257691) can0 1CEBFFF1#03FEC52575FFFFFF
(1785791857.283690) can0 18F015F1#0000451448CC475B
(1785791857.305267) can0 18FEF1F8#FF0000FFFFFFFFFF
(1785791857.306448) can0 18F005F8#7DFFFF7DFFFFFFFF
(1785791857.342199) can0 18FF09D1#01000A00D591E5
(1785791857.354727) can0 1CECFFF1#20120003FF19F000
(1785791857.355682) can0 1CEBFFF1#0127100000000000
(1785791857.356713) can0 1CEBFFF1#0200000000000000
(1785791857.357660) can0 1CEBFFF1#03FEC52575FFFFFF
(1785791857.384819) can0 18F015F1#0000451448CD475B
(1785791857.394721) can0 18F017F1#F1330A469D55
(1785791857.395106) can0 18F018F1#EDB205B58F78
(1785791857.406334) can0 18FEF1F8#FF0000FFFFFFFFFF
(1785791857.407734) can0 18F005F8#7DFFFF7DFFFFFFFF
(1785791857.442264) can0 18FF09D1#01000A00D591E5
(1785791857.454970) can0 1CECFFF1#20120003FF19F000
(1785791857.455711) can0 1CEBFFF1#0127100000000000
(1785791857.456808) can0 1CEBFFF1#0200000000000000
(1785791857.457730) can0 1CEBFFF1#03FEC52575FFFFFF
(1785791857.483894) can0 18F015F1#0000451448CC475B
(1785791857.507017) can0 18FEF1F8#FF0000FFFFFFFFFF
(1785791857.508349) can0 18F005F8#7DFFFF7DFFFFFFFF
(1785791857.542141) can0 18FF09D1#01000A00D591E5
(1785791857.554742) can0 1CECFFF1#20120003FF19F000
(1785791857.555697) can0 1CEBFFF1#0127100000000000
(1785791857.556689) can0 1CEBFFF1#0200000000000000
(1785791857.557666) can0 1CEBFFF1#03FEC52575FFFFFF
(1785791857.583717) can0 18F015F1#0000451448CC475B
(1785791857.605325) can0 18FEF1F8#FF0000FFFFFFFFFF
(1785791857.606593) can0 18F005F8#7DFFFF7DFFFFFFFF
(1785791857.642264) can0 18FF09D1#01000A00D591E5
(1785791857.642656) can0 18FF14D1#
(1785791857.654717) can0 1CECFFF1#20120003FF19F000
(1785791857.655672) can0 1CEBFFF1#0127100000000000
(1785791857.656698) can0 1CEBFFF1#0200000000000000
(1785791857.657658) can0 1CEBFFF1#03FEC52575FFFFFF
(1785791857.683810) can0 18F015F1#0000451448CD475C
(1785791857.705345) can0 18FEF1F8#FF0000FFFFFFFFFF
(1785791857.706556) can0 18F005F8#7DFFFF7DFFFFFFFF
(1785791857.742199) can0 18FF09D1#01000A00D591E5
(1785791857.754755) can0 1CECFFF1#20120003FF19F000
(1785791857.755674) can0 1CEBFFF1#0127100000000000
(1785791857.756690) can0 1CEBFFF1#0200000000000000
(1785791857.757657) can0 1CEBFFF1#03FEC52575FFFFFF
(1785791857.783897) can0 18F015F1#0000451448CC475B
(1785791857.806281) can0 18FEF1F8#FF0000FFFFFFFFFF
(1785791857.808111) can0 18F005F8#7DFFFF7DFFFFFFFF
(1785791857.842386) can0 18FF09D1#01000A00D591E5
(1785791857.854712) can0 1CECFFF1#20120003FF19F000
(1785791857.855658) can0 1CEBFFF1#0127100000000000
(1785791857.856701) can0 1CEBFFF1#0200000000000000
(1785791857.857645) can0 1CEBFFF1#03FEC52575FFFFFF
(1785791857.884659) can0 18F015F1#0000451448CC475B
(1785791857.905288) can0 18FEF1F8#FF0000FFFFFFFFFF
(1785791857.906479) can0 18F005F8#7DFFFF7DFFFFFFFF
(1785791857.942104) can0 18FF09D1#01000A00D591E5
(1785791857.955792) can0 1CECFFF1#20120003FF19F000
(1785791857.956679) can0 1CEBFFF1#0127100000000000
(1785791857.957676) can0 1CEBFFF1#0200000000000000
(1785791857.958685) can0 1CEBFFF1#03FEC52575FFFFFF
(1785791857.984696) can0 18F015F1#0000451448CD475C
(1785791858.005410) can0 18FEF1F8#FF0000FFFFFFFFFF
(1785791858.006656) can0 18F005F8#7DFFFF7DFFFFFFFF
(1785791858.042262) can0 18FF09D1#01000A00D591E5
(1785791858.055784) can0 1CECFFF1#20120003FF19F000
(1785791858.056666) can0 1CEBFFF1#0127100000000000
(1785791858.057690) can0 1CEBFFF1#0200000000000000
(1785791858.058677) can0 1CEBFFF1#03FEC52575FFFFFF
(1785791858.084885) can0 18F015F1#0000451448CC475C
(1785791858.106946) can0 18FEF1F8#FF0000FFFFFFFFFF
(1785791858.108352) can0 18F005F8#7DFFFF7DFFFFFFFF
(1785791858.142497) can0 18FF09D1#01000A00D5A8E4
(1785791858.142739) can0 18FF14D1#
(1785791858.156829) can0 1CECFFF1#20120003FF19F000
(1785791858.157201) can0 1CEBFFF1#0127100000000000
(1785791858.157702) can0 1CEBFFF1#0200000000000000
(1785791858.158646) can0 1CEBFFF1#03FEC52575FFFFFF
(1785791858.184752) can0 18F015F1#0000451448CC475B
(1785791858.205204) can0 18FEF1F8#FF0000FFFFFFFFFF
(1785791858.206329) can0 18F005F8#7DFFFF7DFFFFFFFF
(1785791858.242056) can0 18FF09D1#01000A00D5A8E4
(1785791858.255673) can0 1CECFFF1#20120003FF19F000
(1785791858.256657) can0 1CEBFFF1#0127100000000000
(1785791858.257667) can0 1CEBFFF1#0200000000000000
(1785791858.258642) can0 1CEBFFF1#03FEC52575FFFFFF
(1785791858.284663) can0 18F015F1#0000451448CD475C
(1785791858.305171) can0 18FEF1F8#FF0000FFFFFFFFFF
(1785791858.306311) can0 18F005F8#7DFFFF7DFFFFFFFF
(1785791858.342115) can0 18FF09D1#01000A00D5A8E4
(1785791858.355877) can0 1CECFFF1#20120003FF19F000
(1785791858.356678) can0 1CEBFFF1#0127100000000000
(1785791858.357701) can0 1CEBFFF1#0200000000000000
(1785791858.358676) can0 1CEBFFF1#03FEC52575FFFFFF
(1785791858.385818) can0 18F015F1#0000451448CC475B
(1785791858.395658) can0 18F017F1#F19309AA9B6A
(1785791858.396114) can0 18F018F1#EC1804C293A4
(1785791858.405892) can0 18FEF1F8#FF0000FFFFFFFFFF
(1785791858.407062) can0 18F005F8#7DFFFF7DFFFFFFFF
(1785791858.442057) can0 18FF09D1#01000A00D5A8E4
(1785791858.455687) can0 1CECFFF1#20120003FF19F000
(1785791858.456662) can0 1CEBFFF1#0127100000000000
(1785791858.457689) can0 1CEBFFF1#0200000000000000
(1785791858.458651) can0 1CEBFFF1#03FEC52575FFFFFF
(1785791858.484654) can0 18F015F1#0000451448CC475B
(1785791858.505292) can0 18FEF1F8#FF0000FFFFFFFFFF
(1785791858.506441) can0 18F005F8#7DFFFF7DFFFFFFFF
(1785791858.542146) can0 18FF09D1#01000A00D5A8E4
(1785791858.555793) can0 1CECFFF1#20120003FF19F000
(1785791858.556674) can0 1CEBFFF1#0127100000000000
(1785791858.557681) can0 1CEBFFF1#0200000000000000
(1785791858.558674) can0 1CEBFFF1#03FEC52575FFFFFF
(1785791858.584701) can0 18F015F1#0000451448CD475C
(1785791858.605188) can0 18FEF1F8#FF0000FFFFFFFFFF
(1785791858.606367) can0 18F005F8#7DFFFF7DFFFFFFFF
(1785791858.642127) can0 18FF09D1#01000A00D564E7
(1785791858.642726) can0 18FF14D1#
(1785791858.656687) can0 1CECFFF1#20120003FF19F000
(1785791858.657674) can0 1CEBFFF1#0127100000000000
(1785791858.658680) can0 1CEBFFF1#0200000000000000
(1785791858.659658) can0 1CEBFFF1#03FEC52575FFFFFF
(1785791858.685785) can0 18F015F1#0000451448CD475C
(1785791858.705364) can0 18FEF1F8#FF0000FFFFFFFFFF
(1785791858.706701) can0 18F005F8#7DFFFF7DFFFFFFFF
(1785791858.742247) can0 18FF09D1#01000A00D564E7
(1785791858.756756) can0 1CECFFF1#20120003FF19F000
(1785791858.757675) can0 1CEBFFF1#0127100000000000
(1785791858.758680) can0 1CEBFFF1#0200000000000000
(1785791858.759653) can0 1CEBFFF1#03FEC52575FFFFFF
(1785791858.785657) can0 18F015F1#0000451448CC475B
(1785791858.805291) can0 18FEF1F8#FF0000FFFFFFFFFF
(1785791858.806516) can0 18F005F8#7DFFFF7DFFFFFFFF
(1785791858.842065) can0 18FF09D1#01000A00D564E7
(1785791858.856696) can0 1CECFFF1#20120003FF19F000
(1785791858.857667) can0 1CEBFFF1#0127100000000000
(1785791858.858682) can0 1CEBFFF1#0200000000000000
(1785791858.859647) can0 1CEBFFF1#03FEC4E5B4FFFFFF
(1785791858.885669) can0 18F015F1#0000451448CD475C
(1785791858.905512) can0 18FEF1F8#FF0000FFFFFFFFFF
(1785791858.906664) can0 18F005F8#7DFFFF7DFFFFFFFF
(1785791858.942025) can0 18FF09D1#01000A00D564E7
(1785791858.956685) can0 1CECFFF1#20120003FF19F000
(1785791858.957670) can0 1CEBFFF1#0127100000000000
(1785791858.958677) can0 1CEBFFF1#0200000000000000
(1785791858.959649) can0 1CEBFFF1#03FEC52575FFFFFF
(1785791858.985655) can0 18F015F1#0000451448CD475C
(1785791859.005230) can0 18FEF1F8#FF0000FFFFFFFFFF
(1785791859.006379) can0 18F005F8#7DFFFF7DFFFFFFFF
(1785791859.042133) can0 18FF09D1#01000A00D564E7
(1785791859.056806) can0 1CECFFF1#20120003FF19F000
(1785791859.057685) can0 1CEBFFF1#0127100000000000
(1785791859.058691) can0 1CEBFFF1#0200000000000000
(1785791859.059665) can0 1CEBFFF1#03FEC52575FFFFFF
(1785791859.085725) can0 18F015F1#0000451448CC475C
(1785791859.105489) can0 18FEF1F8#FF0000FFFFFFFFFF
(1785791859.107120) can0 18F005F8#7DFFFF7DFFFFFFFF
(1785791859.142147) can0 18FF09D1#01000A00D538E6
(1785791859.142428) can0 18FF14D1#
(1785791859.156682) can0 1CECFFF1#20120003FF19F000
(1785791859.157664) can0 1CEBFFF1#0127100000000000
(1785791859.158679) can0 1CEBFFF1#0200000000000000
(1785791859.159647) can0 1CEBFFF1#03FEC4E5B4FFFFFF
(1785791859.185720) can0 18F015F1#0000451448CD475C
(1785791859.205219) can0 18FEF1F8#FF0000FFFFFFFFFF
(1785791859.206348) can0 18F005F8#7DFFFF7DFFFFFFFF
(1785791859.242030) can0 18FF09D1#01000A00D538E6
(1785791859.256694) can0 1CECFFF1#20120003FF19F000
(1785791859.257680) can0 1CEBFFF1#0127100000000000
(1785791859.258697) can0 1CEBFFF1#0200000000000000
(1785791859.259667) can0 1CEBFFF1#03FEC4E5B4FFFFFF
(1785791859.285694) can0 18F015F1#0000451448CD475C
(1785791859.305202) can0 18FEF1F8#FF0000FFFFFFFFFF
(1785791859.306347) can0 18F005F8#7DFFFF7DFFFFFFFF
(1785791859.342058) can0 18FF09D1#01000A00D538E6
(1785791859.356801) can0 1CECFFF1#20120003FF19F000
(1785791859.357692) can0 1CEBFFF1#0127100000000000
(1785791859.358715) can0 1CEBFFF1#0200000000000000
(1785791859.359687) can0 1CEBFFF1#03FEC4E5B4FFFFFF
(1785791859.386779) can0 18F015F1#0000451348CC475C
(1785791859.397726) can0 18F017F1#F19309AA9B6A
(1785791859.398067) can0 18F018F1#EC1804C293A4
(1785791859.405370) can0 18FEF1F8#FF0000FFFFFFFFFF
(1785791859.406684) can0 18F005F8#7DFFFF7DFFFFFFFF
(1785791859.442028) can0 18FF09D1#01000A00D538E6
(1785791859.457752) can0 1CECFFF1#20120003FF19F000
(1785791859.458702) can0 1CEBFFF1#0127100000000000
(1785791859.459693) can0 1CEBFFF1#0200000000000000
(1785791859.460647) can0 1CEBFFF1#03FEC4E5B4FFFFFF
(1785791859.486658) can0 18F015F1#0000451448CD475C
(1785791859.505217) can0 18FEF1F8#FF0000FFFFFFFFFF
(1785791859.506459) can0 18F005F8#7DFFFF7DFFFFFFFF
(1785791859.542033) can0 18FF09D1#01000A00D538E6
(1785791859.557713) can0 1CECFFF1#20120003FF19F000
(1785791859.558699) can0 1CEBFFF1#0127100000000000
(1785791859.559691) can0 1CEBFFF1#0200000000000000
(1785791859.560659) can0 1CEBFFF1#03FEC52575FFFFFF
(1785791859.586703) can0 18F015F1#0000451448CD475C
(1785791859.605201) can0 18FEF1F8#FF0000FFFFFFFFFF
(1785791859.606599) can0 18F005F8#7DFFFF7DFFFFFFFF
(1785791859.642136) can0 18FF09D1#01000A00D538E6
(1785791859.642469) can0 18FF14D1#
(1785791859.657685) can0 1CECFFF1#20120003FF19F000
(1785791859.658670) can0 1CEBFFF1#0127100000000000
(1785791859.659681) can0 1CEBFFF1#0200000000000000
(1785791859.660661) can0 1CEBFFF1#03FEC52575FFFFFF
(1785791859.686672) can0 18F015F1#0000451348CD475C
(1785791859.705434) can0 18FEF1F8#FF0000FFFFFFFFFF
(1785791859.707095) can0 18F005F8#7DFFFF7DFFFFFFFF
(1785791859.742529) can0 18FF09D1#01000A00D538E6
(1785791859.757777) can0 1CECFFF1#20120003FF19F000
(1785791859.758694) can0 1CEBFFF1#0127100000000000
(1785791859.759718) can0 1CEBFFF1#0200000000000000
(1785791859.760684) can0 1CEBFFF1#03FEC4E5B4FFFFFF
(1785791859.786955) can0 18F015F1#0000451448CD475C
(1785791859.805334) can0 18FEF1F8#FF0000FFFFFFFFFF
(1785791859.806478) can0 18F005F8#7DFFFF7DFFFFFFFF
(1785791859.842065) can0 18FF09D1#01000A00D538E6
(1785791859.857704) can0 1CECFFF1#20120003FF19F000
(1785791859.858678) can0 1CEBFFF1#0127100000000000
(1785791859.859691) can0 1CEBFFF1#0200000000000000
(1785791859.860663) can0 1CEBFFF1#03FEC52575FFFFFF
(1785791859.887699) can0 18F015F1#0000451448CD475C
(1785791859.905424) can0 18FEF1F8#FF0000FFFFFFFFFF
(1785791859.906606) can0 18F005F8#7DFFFF7DFFFFFFFF
(1785791859.941996) can0 18FF09D1#01000A00D538E6
(1785791859.957698) can0 1CECFFF1#20120003FF19F000
(1785791859.958684) can0 1CEBFFF1#0127100000000000
(1785791859.959690) can0 1CEBFFF1#0200000000000000
(1785791859.960662) can0 1CEBFFF1#03FEC4E5B4FFFFFF
(1785791859.986700) can0 18F015F1#0000451348CC475C
(1785791860.005428) can0 18FEF1F8#FF0000FFFFFFFFFF
(1785791860.006652) can0 18F005F8#7DFFFF7DFFFFFFFF
(1785791860.042088) can0 18FF09D1#01000A00D538E6
(1785791860.058822) can0 1CECFFF1#20120003FF19F000
(1785791860.059707) can0 1CEBFFF1#0127100000000000
(1785791860.060746) can0 1CEBFFF1#0200000000000000
(1785791860.061714) can0 1CEBFFF1#03FEC4E5B4FFFFFF
(1785791860.086740) can0 18F015F1#0000451348CD475C
(1785791860.107312) can0 18FEF1F8#FF0000FFFFFFFFFF
(1785791860.109312) can0 18F005F8#7DFFFF7DFFFFFFFF
(1785791860.142136) can0 18FF09D1#01000A00D570E5
(1785791860.142416) can0 18FF14D1#
(1785791860.159100) can0 1CECFFF1#20120003FF19F000
(1785791860.159983) can0 1CEBFFF1#0127100000000000
(1785791860.160803) can0 1CEBFFF1#0200000000000000
(1785791860.161794) can0 1CEBFFF1#03FEC4E5B4FFFFFF
(1785791860.187934) can0 18F015F1#0000451348CD475C
(1785791860.205245) can0 18FEF1F8#FF0000FFFFFFFFFF
(1785791860.206431) can0 18F005F8#7DFFFF7DFFFFFFFF
(1785791860.242080) can0 18FF09D1#01000A00D570E5
(1785791860.258753) can0 1CECFFF1#20120003FF19F000
(1785791860.259696) can0 1CEBFFF1#0127100000000000
(1785791860.260700) can0 1CEBFFF1#0200000000000000
(1785791860.261668) can0 1CEBFFF1#03FEC4E5B4FFFFFF
(1785791860.287698) can0 18F015F1#0000451348CC475C
(1785791860.305274) can0 18FEF1F8#FF0000FFFFFFFFFF
(1785791860.306425) can0 18F005F8#7DFFFF7DFFFFFFFF
(1785791860.342040) can0 18FF09D1#01000A00D570E5
(1785791860.358725) can0 1CECFFF1#20120003FF19F000
(1785791860.359679) can0 1CEBFFF1#0127100000000000
(1785791860.360693) can0 1CEBFFF1#0200000000000000
(1785791860.361657) can0 1CEBFFF1#03FEC4E5B4FFFFFF
(1785791860.387769) can0 18F015F1#0000451448CD475C
(1785791860.398675) can0 18F017F1#F14808F79DDF
(1785791860.399057) can0 18F018F1#EAF804F79059
(1785791860.405340) can0 18FEF1F8#FF0000FFFFFFFFFF
(1785791860.406519) can0 18F005F8#7DFFFF7DFFFFFFFF
(1785791860.442575) can0 18FF09D1#01000A00D570E5
(1785791860.458690) can0 1CECFFF1#20120003FF19F000
(1785791860.459689) can0 1CEBFFF1#0127100000000000
(1785791860.460687) can0 1CEBFFF1#0200000000000000
(1785791860.461659) can0 1CEBFFF1#03FEC52575FFFFFF
(1785791860.487672) can0 18F015F1#0000451348CD475C
(1785791860.505355) can0 18FEF1F8#FF0000FFFFFFFFFF
(1785791860.506713) can0 18F005F8#7DFFFF7DFFFFFFFF
(1785791860.542419) can0 18FF09D1#01000A00D570E5
(1785791860.558715) can0 1CECFFF1#20120003FF19F000
(1785791860.559680) can0 1CEBFFF1#0127100000000000
(1785791860.560690) can0 1CEBFFF1#0200000000000000
(1785791860.561676) can0 1CEBFFF1#03FEC4E5B4FFFFFF
(1785791860.587676) can0 18F015F1#0000451348CC475C
(1785791860.605207) can0 18FEF1F8#FF0000FFFFFFFFFF
(1785791860.606386) can0 18F005F8#7DFFFF7DFFFFFFFF
(1785791860.642057) can0 18FF09D1#01000A00D56AE6
(1785791860.642320) can0 18FF14D1#
(1785791860.658705) can0 1CECFFF1#20120003FF19F000
(1785791860.659685) can0 1CEBFFF1#0127100000000000
(1785791860.660712) can0 1CEBFFF1#0200000000000000
(1785791860.661668) can0 1CEBFFF1#03FEC4E5B4FFFFFF
(1785791860.687766) can0 18F015F1#0000451448CD475C
(1785791860.705397) can0 18FEF1F8#FF0000FFFFFFFFFF
(1785791860.706639) can0 18F005F8#7DFFFF7DFFFFFFFF
(1785791860.742079) can0 18FF09D1#01000A00D56AE6
(1785791860.758731) can0 1CECFFF1#20120003FF19F000
(1785791860.759682) can0 1CEBFFF1#0127100000000000
(1785791860.760712) can0 1CEBFFF1#0200000000000000
(1785791860.761666) can0 1CEBFFF1#03FEC52575FFFFFF
(1785791860.787713) can0 18F015F1#0000451348CD475C
(1785791860.805474) can0 18FEF1F8#FF0000FFFFFFFFFF
(1785791860.807793) can0 18F005F8#7DFFFF7DFFFFFFFF
(1785791860.842000) can0 18FF09D1#01000A00D56AE6
(1785791860.859730) can0 1CECFFF1#20120003FF19F000
(1785791860.860681) can0 1CEBFFF1#0127100000000000
(1785791860.861703) can0 1CEBFFF1#0200000000000000
(1785791860.862663) can0 1CEBFFF1#03FEC4E5B4FFFFFF
(1785791860.888694) can0 18F015F1#0000451348CC475C
(1785791860.905289) can0 18FEF1F8#FF0000FFFFFFFFFF
(1785791860.906444) can0 18F005F8#7DFFFF7DFFFFFFFF
(1785791860.941997) can0 18FF09D1#01000A00D56AE6
(1785791860.959714) can0 1CECFFF1#20120003FF19F000
(1785791860.960684) can0 1CEBFFF1#0127100000000000
(1785791860.961693) can0 1CEBFFF1#0200000000000000
(1785791860.962669) can0 1CEBFFF1#03FEC52575FFFFFF
(1785791860.988683) can0 18F015F1#0000451448CD475C
(1785791861.005179) can0 18FEF1F8#FF0000FFFFFFFFFF
(1785791861.006361) can0 18F005F8#7DFFFF7DFFFFFFFF
(1785791861.042493) can0 18FF09D1#01000A00D56AE6
(1785791861.059869) can0 1CECFFF1#20120003FF19F000
(1785791861.060744) can0 1CEBFFF1#0127100000000000
(1785791861.061762) can0 1CEBFFF1#0200000000000000
(1785791861.062725) can0 1CEBFFF1#03FEC4E5B4FFFFFF
(1785791861.088873) can0 18F015F1#0000451348CD475C
(1785791861.105953) can0 18FEF1F8#FF0000FFFFFFFFFF
(1785791861.107590) can0 18F005F8#7DFFFF7DFFFFFFFF
(1785791861.142155) can0 18FF09D1#01000A00D50CE5
(1785791861.142423) can0 18FF14D1#
(1785791861.142840) can0 18FF16D1#01000A0064
(1785791861.159718) can0 1CECFFF1#20120003FF19F000
(1785791861.160685) can0 1CEBFFF1#0127100000000000
(1785791861.161691) can0 1CEBFFF1#0200000000000000
(1785791861.162676) can0 1CEBFFF1#03FEC4E5B4FFFFFF
(1785791861.189030) can0 18F015F1#0000451348CC475C
(1785791861.205634) can0 18FEF1F8#FF0000FFFFFFFFFF
(1785791861.207015) can0 18F005F8#7DFFFF7DFFFFFFFF
(1785791861.241972) can0 18FF09D1#01000A00D50CE5
(1785791861.259715) can0 1CECFFF1#20120003FF19F000
(1785791861.260682) can0 1CEBFFF1#0127100000000000
(1785791861.261692) can0 1CEBFFF1#0200000000000000
(1785791861.262664) can0 1CEBFFF1#03FEC4E5B4FFFFFF
(1785791861.288682) can0 18F015F1#0000451348CD475D
(1785791861.305195) can0 18FEF1F8#FF0000FFFFFFFFFF
(1785791861.306382) can0 18F005F8#7DFFFF7DFFFFFFFF
(1785791861.342033) can0 18FF09D1#01000A00D50CE5
(1785791861.359708) can0 1CECFFF1#20120003FF19F000
(1785791861.360685) can0 1CEBFFF1#0127100000000000
(1785791861.361694) can0 1CEBFFF1#0200000000000000
(1785791861.362662) can0 1CEBFFF1#03FEC4E5B4FFFFFF
(1785791861.389790) can0 18F015F1#0000451348CD475D
(1785791861.399700) can0 18F017F1#F14808F79DDF
(1785791861.400128) can0 18F018F1#EAF804F79059
(1785791861.405631) can0 18FEF1F8#FF0000FFFFFFFFFF
(1785791861.406827) can0 18F005F8#7DFFFF7DFFFFFFFF
(1785791861.442105) can0 18FF09D1#01000A00D50CE5
(1785791861.459724) can0 1CECFFF1#20120003FF19F000
(1785791861.460686) can0 1CEBFFF1#0127100000000000
(1785791861.461699) can0 1CEBFFF1#0200000000000000
(1785791861.462669) can0 1CEBFFF1#03FEC4E5B4FFFFFF
(1785791861.488688) can0 18F015F1#0000451348CC475D
(1785791861.505174) can0 18FEF1F8#FF0000FFFFFFFFFF
(1785791861.506324) can0 18F005F8#7DFFFF7DFFFFFFFF
(1785791861.542008) can0 18FF09D1#01000A00D50CE5
(1785791861.559735) can0 1CECFFF1#20120003FF19F000
(1785791861.560701) can0 1CEBFFF1#0127100000000000
(1785791861.561738) can0 1CEBFFF1#0200000000000000
(1785791861.562667) can0 1CEBFFF1#03FEC4E5B4FFFFFF
(1785791861.588712) can0 18F015F1#0000451348CD475D
(1785791861.605218) can0 18FEF1F8#FF0000FFFFFFFFFF
(1785791861.606420) can0 18F005F8#7DFFFF7DFFFFFFFF
(1785791861.642050) can0 18FF09D1#01000A00D50CE5
(1785791861.642392) can0 18FF14D1#
(1785791861.660714) can0 1CECFFF1#20120003FF19F000
(1785791861.661696) can0 1CEBFFF1#0127100000000000
(1785791861.662705) can0 1CEBFFF1#0200000000000000
(1785791861.663684) can0 1CEBFFF1#03FEC4E5B4FFFFFF
(1785791861.689722) can0 18F015F1#0000451348CD475D
(1785791861.705491) can0 18FEF1F8#FF0000FFFFFFFFFF
(1785791861.706699) can0 18F005F8#7DFFFF7DFFFFFFFF
(1785791861.742139) can0 18FF09D1#01000A00D50CE5
(1785791861.760899) can0 1CECFFF1#20120003FF19F000
(1785791861.761695) can0 1CEBFFF1#0127100000000000
(1785791861.762716) can0 1CEBFFF1#0200000000000000
(1785791861.763677) can0 1CEBFFF1#03FEC4E5B4FFFFFF
(1785791861.789721) can0 18F015F1#0000451348CD475D
(1785791861.805348) can0 18FEF1F8#FF0000FFFFFFFFFF
(1785791861.806637) can0 18F005F8#7DFFFF7DFFFFFFFF
(1785791861.841955) can0 18FF09D1#01000A00D50CE5
(1785791861.860750) can0 1CECFFF1#20120003FF19F000
(1785791861.861692) can0 1CEBFFF1#0127100000000000
(1785791861.862703) can0 1CEBFFF1#0200000000000000
(1785791861.863671) can0 1CEBFFF1#03FEC4E5B4FFFFFF
(1785791861.890704) can0 18F015F1#0000451348CD475D
(1785791861.905492) can0 18FEF1F8#FF0000FFFFFFFFFF
(1785791861.906651) can0 18F005F8#7DFFFF7DFFFFFFFF
(1785791861.941935) can0 18FF09D1#01000A00D50CE5
(1785791861.960706) can0 1CECFFF1#20120003FF19F000
(1785791861.961691) can0 1CEBFFF1#0127100000000000
(1785791861.962702) can0 1CEBFFF1#0200000000000000
(1785791861.963670) can0 1CEBFFF1#03FEC4E5B4FFFFFF
(1785791861.989686) can0 18F015F1#0000451348CD475D
(1785791862.005296) can0 18FEF1F8#FF0000FFFFFFFFFF
(1785791862.006473) can0 18F005F8#7DFFFF7DFFFFFFFF
(1785791862.042048) can0 18FF09D1#01000A00D50CE5
(1785791862.060799) can0 1CECFFF1#20120003FF19F000
(1785791862.061704) can0 1CEBFFF1#0127100000000000
(1785791862.062719) can0 1CEBFFF1#0200000000000000
(1785791862.063690) can0 1CEBFFF1#03FEC4E5B4FFFFFF
(1785791862.089778) can0 18F015F1#0000451348CD475D
(1785791862.106058) can0 18FEF1F8#FF0000FFFFFFFFFF
(1785791862.107426) can0 18F005F8#7DFFFF7DFFFFFFFF
(1785791862.142035) can0 18FF09D1#01000A00D50CE5
(1785791862.142414) can0 18FF14D1#
(1785791862.160722) can0 1CECFFF1#20120003FF19F000
(1785791862.161696) can0 1CEBFFF1#0127100000000000
(1785791862.162705) can0 1CEBFFF1#0200000000000000
(1785791862.163708) can0 1CEBFFF1#03FEC4E5B4FFFFFF
(1785791862.189960) can0 18F015F1#0000451348CD475D
(1785791862.205212) can0 18FEF1F8#FF0000FFFFFFFFFF
(1785791862.206961) can0 18F005F8#7DFFFF7DFFFFFFFF
(1785791862.242377) can0 18FF09D1#01000A00D50CE5
(1785791862.260722) can0 1CECFFF1#20120003FF19F000
(1785791862.261704) can0 1CEBFFF1#0127100000000000
(1785791862.262710) can0 1CEBFFF1#0200000000000000
(1785791862.263680) can0 1CEBFFF1#03FEC4E5B4FFFFFF
(1785791862.289705) can0 18F015F1#0000451348CD475D
(1785791862.305203) can0 18FEF1F8#FF0000FFFFFFFFFF
(1785791862.306401) can0 18F005F8#7DFFFF7DFFFFFFFF
(1785791862.341942) can0 18FF09D1#01000A00D50CE5
(1785791862.361739) can0 1CECFFF1#20120003FF19F000
(1785791862.362710) can0 1CEBFFF1#0127100000000000
(1785791862.363719) can0 1CEBFFF1#0200000000000000
(1785791862.364698) can0 1CEBFFF1#03FEC4E5B4FFFFFF
(1785791862.390823) can0 18F015F1#0000451348CD475D
(1785791862.401726) can0 18F017F1#F13008039E19
(1785791862.402109) can0 18F018F1#EB22045B8FAE
(1785791862.406238) can0 18FEF1F8#FF0000FFFFFFFFFF
(1785791862.407529) can0 18F005F8#7DFFFF7DFFFFFFFF
(1785791862.442131) can0 18FF09D1#01000A00D50CE5
(1785791862.462025) can0 1CECFFF1#20120003FF19F000
(1785791862.462709) can0 1CEBFFF1#0127100000000000
(1785791862.463704) can0 1CEBFFF1#0200000000000000
(1785791862.464680) can0 1CEBFFF1#03FEC4E5B4FFFFFF
(1785791862.490749) can0 18F015F1#0000451348CD475D
(1785791862.505447) can0 18FEF1F8#FF0000FFFFFFFFFF
(1785791862.506790) can0 18F005F8#7DFFFF7DFFFFFFFF
(1785791862.542318) can0 18FF09D1#01000A00D50CE5
(1785791862.561786) can0 1CECFFF1#20120003FF19F000
(1785791862.562697) can0 1CEBFFF1#0127100000000000
(1785791862.563715) can0 1CEBFFF1#0200000000000000
(1785791862.564678) can0 1CEBFFF1#03FEC4E5B4FFFFFF
(1785791862.590730) can0 18F015F1#0000451348CE475D
(1785791862.605210) can0 18FEF1F8#FF0000FFFFFFFFFF
(1785791862.606361) can0 18F005F8#7DFFFF7DFFFFFFFF
(1785791862.642001) can0 18FF09D1#01000A00D5A8E4
(1785791862.642417) can0 18FF14D1#
(1785791862.661729) can0 1CECFFF1#20120003FF19F000
(1785791862.662709) can0 1CEBFFF1#0127100000000000
(1785791862.663725) can0 1CEBFFF1#0200000000000000
(1785791862.664693) can0 1CEBFFF1#03FEC4E5B4FFFFFF
(1785791862.691778) can0 18F015F1#0000451348CD475D
(1785791862.705393) can0 18FEF1F8#FF0000FFFFFFFFFF
(1785791862.706522) can0 18F005F8#7DFFFF7DFFFFFFFF
(1785791862.742067) can0 18FF09D1#01000A00D5A8E4
(1785791862.761842) can0 1CECFFF1#20120003FF19F000
(1785791862.762704) can0 1CEBFFF1#0127100000000000
(1785791862.763725) can0 1CEBFFF1#0200000000000000
(1785791862.764678) can0 1CEBFFF1#03FEC4E5B4FFFFFF
(1785791862.790727) can0 18F015F1#0000451348CD475D
(1785791862.805310) can0 18FEF1F8#FF0000FFFFFFFFFF
(1785791862.806482) can0 18F005F8#7DFFFF7DFFFFFFFF
(1785791862.841914) can0 18FF09D1#01000A00D5A8E4
(1785791862.861765) can0 1CECFFF1#20120003FF19F000
(1785791862.862707) can0 1CEBFFF1#0127100000000000
(1785791862.863710) can0 1CEBFFF1#0200000000000000
(1785791862.864684) can0 1CEBFFF1#03FEC4E5B4FFFFFF
(1785791862.891710) can0 18F015F1#0000451348CE475D
(1785791862.905288) can0 18FEF1F8#FF0000FFFFFFFFFF
(1785791862.906499) can0 18F005F8#7DFFFF7DFFFFFFFF
(1785791862.941943) can0 18FF09D1#01000A00D5A8E4
(1785791862.961729) can0 1CECFFF1#20120003FF19F000
(1785791862.962705) can0 1CEBFFF1#0127100000000000
(1785791862.963715) can0 1CEBFFF1#0200000000000000
(1785791862.964682) can0 1CEBFFF1#03FEC4E5B4FFFFFF
(1785791862.990698) can0 18F015F1#0000451348CD475D
(1785791863.005190) can0 18FEF1F8#FF0000FFFFFFFFFF
(1785791863.006323) can0 18F005F8#7DFFFF7DFFFFFFFF
(1785791863.042432) can0 18FF09D1#01000A00D5A8E4
(1785791863.061865) can0 1CECFFF1#20120003FF19F000
(1785791863.062721) can0 1CEBFFF1#0127100000000000
(1785791863.063732) can0 1CEBFFF1#0200000000000000
(1785791863.064733) can0 1CEBFFF1#03FEC4E5B4FFFFFF
(1785791863.091031) can0 18F015F1#0000451348CE475D
(1785791863.105705) can0 18FEF1F8#FF0000FFFFFFFFFF
(1785791863.107202) can0 18F005F8#7DFFFF7DFFFFFFFF
(1785791863.142121) can0 18FF09D1#01000A00D506E6
(1785791863.142665) can0 18FF14D1#
(1785791863.162717) can0 1CECFFF1#20120003FF19F000
(1785791863.163726) can0 1CEBFFF1#0127100000000000
(1785791863.164723) can0 1CEBFFF1#0200000000000000
(1785791863.165676) can0 1CEBFFF1#03FEC4E5B4FFFFFF
(1785791863.191948) can0 18F015F1#0000451348CE475D
(1785791863.205224) can0 18FEF1F8#FF0000FFFFFFFFFF
(1785791863.206677) can0 18F005F8#7DFFFF7DFFFFFFFF
(1785791863.241905) can0 18FF09D1#01000A00D506E6
(1785791863.262737) can0 1CECFFF1#20120003FF19F000
(1785791863.263706) can0 1CEBFFF1#0127100000000000
(1785791863.264715) can0 1CEBFFF1#0200000000000000
(1785791863.265684) can0 1CEBFFF1#03FEC4E5B4FFFFFF
(1785791863.291714) can0 18F015F1#0000451348CD475D
(1785791863.305173) can0 18FEF1F8#FF0000FFFFFFFFFF
(1785791863.306360) can0 18F005F8#7DFFFF7DFFFFFFFF
(1785791863.341979) can0 18FF09D1#01000A00D506E6
(1785791863.362739) can0 1CECFFF1#20120003FF19F000
(1785791863.363730) can0 1CEBFFF1#0127100000000000
(1785791863.364734) can0 1CEBFFF1#0200000000000000
(1785791863.365700) can0 1CEBFFF1#03FEC4E5B4FFFFFF
(1785791863.392815) can0 18F015F1#0000451348CD475D
(1785791863.402755) can0 18F017F1#F13008039E19
(1785791863.403118) can0 18F018F1#EB22045B8FAE
(1785791863.405878) can0 18FEF1F8#FF0000FFFFFFFFFF
(1785791863.407120) can0 18F005F8#7DFFFF7DFFFFFFFF
(1785791863.442043) can0 18FF09D1#01000A00D506E6
(1785791863.462716) can0 1CECFFF1#20120003FF19F000
(1785791863.463698) can0 1CEBFFF1#0127100000000000
(1785791863.464707) can0 1CEBFFF1#0200000000000000
(1785791863.465690) can0 1CEBFFF1#03FEC4E5B4FFFFFF
(1785791863.491693) can0 18F015F1#0000451348CE475D
(1785791863.505167) can0 18FEF1F8#FF0000FFFFFFFFFF
(1785791863.506293) can0 18F005F8#7DFFFF7DFFFFFFFF
(1785791863.542422) can0 18FF09D1#01000A00D506E6
(1785791863.562761) can0 1CECFFF1#20120003FF19F000
(1785791863.563703) can0 1CEBFFF1#0127100000000000
(1785791863.564741) can0 1CEBFFF1#0200000000000000
(1785791863.565707) can0 1CEBFFF1#03FEC4E5B4FFFFFF
(1785791863.591717) can0 18F015F1#0000451348CE475D
(1785791863.605205) can0 18FEF1F8#FF0000FFFFFFFFFF
(1785791863.606347) can0 18F005F8#7DFFFF7DFFFFFFFF
(1785791863.641979) can0 18FF09D1#01000A00D506E6
(1785791863.642283) can0 18FF14D1#
(1785791863.662722) can0 1CECFFF1#20120003FF19F000
(1785791863.663713) can0 1CEBFFF1#0127100000000000
(1785791863.664721) can0 1CEBFFF1#0200000000000000
(1785791863.665692) can0 1CEBFFF1#03FEC4E5B4FFFFFF
(1785791863.691710) can0 18F015F1#0000451348CE475D
(1785791863.705194) can0 18FEF1F8#FF0000FFFFFFFFFF
(1785791863.706391) can0 18F005F8#7DFFFF7DFFFFFFFF
(1785791863.742089) can0 18FF09D1#01000A00D506E6
(1785791863.762834) can0 1CECFFF1#20120003FF19F000
(1785791863.763724) can0 1CEBFFF1#0127100000000000
(1785791863.764744) can0 1CEBFFF1#0200000000000000
(1785791863.765711) can0 1CEBFFF1#03FEC4E5B4FFFFFF
(1785791863.792138) can0 18F015F1#0000451348CF475E
(1785791863.805513) can0 18FEF1F8#FF0000FFFFFFFFFF
(1785791863.806886) can0 18F005F8#7DFFFF7DFFFFFFFF
(1785791863.841906) can0 18FF09D1#01000A00D506E6
(1785791863.863753) can0 1CECFFF1#20120003FF19F000
(1785791863.864703) can0 1CEBFFF1#0127100000000000
(1785791863.865710) can0 1CEBFFF1#0200000000000000
(1785791863.866684) can0 1CEBFFF1#03FEC4E5B4FFFFFF
(1785791863.892725) can0 18F015F1#0000451348CE475D
(1785791863.905714) can0 18FEF1F8#FF0000FFFFFFFFFF
(1785791863.906890) can0 18F005F8#7DFFFF7DFFFFFFFF
(1785791863.941904) can0 18FF09D1#01000A00D506E6
(1785791863.963737) can0 1CECFFF1#20120003FF19F000
(1785791863.964711) can0 1CEBFFF1#0127100000000000
(1785791863.965722) can0 1CEBFFF1#0200000000000000
(1785791863.966695) can0 1CEBFFF1#03FEC4E5B4FFFFFF
(1785791863.992694) can0 18F015F1#0000451248CD475D
(1785791864.005291) can0 18FEF1F8#FF0000FFFFFFFFFF
(1785791864.006510) can0 18F005F8#7DFFFF7DFFFFFFFF
(1785791864.042173) can0 18FF09D1#01000A00D506E6
(1785791864.063890) can0 1CECFFF1#20120003FF19F000
(1785791864.064730) can0 1CEBFFF1#0127100000000000
(1785791864.065752) can0 1CEBFFF1#0200000000000000
(1785791864.066717) can0 1CEBFFF1#03FEC327F5FFFFFF
(1785791864.092848) can0 18F015F1#0000451248CF475E
(1785791864.105659) can0 18FEF1F8#FF0000FFFFFFFFFF
(1785791864.107051) can0 18F005F8#7DFFFF7DFFFFFFFF
(1785791864.142104) can0 18FF09D1#01000A00D5E0E3
(1785791864.142522) can0 18FF14D1#
(1785791864.163769) can0 1CECFFF1#20120003FF19F000
(1785791864.164736) can0 1CEBFFF1#0127100000000000
(1785791864.165724) can0 1CEBFFF1#0200000000000000
(1785791864.166709) can0 1CEBFFF1#03FEC327F5FFFFFF
(1785791864.192954) can0 18F015F1#0000451248CE475D
(1785791864.205203) can0 18FEF1F8#FF0000FFFFFFFFFF
(1785791864.206329) can0 18F005F8#7DFFFF7DFFFFFFFF
(1785791864.241904) can0 18FF09D1#01000A00D5E0E3
(1785791864.263723) can0 1CECFFF1#20120003FF19F000
(1785791864.264708) can0 1CEBFFF1#0127100000000000
(1785791864.265718) can0 1CEBFFF1#0200000000000000
(1785791864.266707) can0 1CEBFFF1#03FEC327F5FFFFFF
(1785791864.292710) can0 18F015F1#0000451248CE475D
(1785791864.305200) can0 18FEF1F8#FF0000FFFFFFFFFF
(1785791864.306356) can0 18F005F8#7DFFFF7DFFFFFFFF
(1785791864.341871) can0 18FF09D1#01000A00D5E0E3
(1785791864.363783) can0 1CECFFF1#20120003FF19F000
(1785791864.364714) can0 1CEBFFF1#0127100000000000
(1785791864.365726) can0 1CEBFFF1#0200000000000000
(1785791864.366709) can0 1CEBFFF1#03FEC327F5FFFFFF
(1785791864.393837) can0 18F015F1#0000451248CE475E
(1785791864.403723) can0 18F017F1#F201096199FE
(1785791864.404160) can0 18F018F1#ED4605499185
(1785791864.405863) can0 18FEF1F8#FF0000FFFFFFFFFF
(1785791864.407062) can0 18F005F8#7DFFFF7DFFFFFFFF
